2026-03-04 10:55:08 [INF] ----- LOADING CRSP, CCM & BOOKTOMARKET INTO MEMORY -----
2026-03-04 10:58:37 [INF] ----- FINISHED IN 209.2s -----
2026-03-04 10:58:37 [INF] ----- EDGAR PROCESS YEAR 2009 -----
2026-03-04 10:58:43 [INF] Found 9706 filings for 2009 in Edgar database
2026-03-04 10:58:43 [INF] CIK 0001415813 | Filing 1/9706 for Year 2009 Starting
2026-03-04 10:58:43 [WRN] Missing permno mapping in CCM for Company ASIARIM CORP (0001415813).
2026-03-04 10:58:43 [WRN] Missing Book-to-Market data for Company ASIARIM CORP (0001415813) in 2009.
2026-03-04 10:58:43 [WRN] Skipping filing due to missing required data (CCM/CRSP/BTM).
2026-03-04 10:58:43 [INF] CIK 0000788329 | Filing 2/9706 for Year 2009 Starting
2026-03-04 10:58:43 [INF] CIK 0000788329 | Downloading filing HTML (cached if available)
2026-03-04 10:58:43 [INF] CIK 0000788329 | Reading HTML from C:\git\Edgar\Edgar\Data\raw\2009\0000788329\000104216709000004\0001042167-09-000004.txt
2026-03-04 10:58:43 [INF] CIK 0000788329 | Cleaning + extracting sections
2026-03-04 10:58:44 [INF] CIK 0000788329 | Filing 2/9706 for Year 2009 Finished
2026-03-04 10:58:44 [INF] CIK 0001356371 | Filing 3/9706 for Year 2009 Starting
2026-03-04 10:58:44 [WRN] Missing permno mapping in CCM for Company Nugget Resources Inc. (0001356371).
2026-03-04 10:58:44 [WRN] Missing Book-to-Market data for Company Nugget Resources Inc. (0001356371) in 2009.
2026-03-04 10:58:44 [WRN] Skipping filing due to missing required data (CCM/CRSP/BTM).
2026-03-04 10:58:44 [INF] CIK 0001412659 | Filing 4/9706 for Year 2009 Starting
2026-03-04 10:58:44 [WRN] Missing permno mapping in CCM for Company Windstar Inc. (0001412659).
2026-03-04 10:58:44 [WRN] Missing Book-to-Market data for Company Windstar Inc. (0001412659) in 2009.
2026-03-04 10:58:44 [WRN] Skipping filing due to missing required data (CCM/CRSP/BTM).
2026-03-04 10:58:44 [INF] CIK 0000780127 | Filing 5/9706 for Year 2009 Starting
2026-03-04 10:58:44 [INF] CIK 0000780127 | Downloading filing HTML (cached if available)
2026-03-04 10:58:44 [INF] CIK 0000780127 | Reading HTML from C:\git\Edgar\Edgar\Data\raw\2009\0000780127\000095013709000095\0000950137-09-000095.txt
2026-03-04 10:58:44 [INF] CIK 0000780127 | Cleaning + extracting sections
2026-03-04 10:58:44 [INF] CIK 0000780127 | Filing 5/9706 for Year 2009 Finished
2026-03-04 10:58:44 [INF] CIK 0000860543 | Filing 6/9706 for Year 2009 Starting
2026-03-04 10:58:44 [WRN] Missing permno mapping in CCM for Company ASIA PREMIUM TELEVISION GROUP (0000860543).
2026-03-04 10:58:44 [WRN] Missing Book-to-Market data for Company ASIA PREMIUM TELEVISION GROUP (0000860543) in 2009.
2026-03-04 10:58:44 [WRN] Skipping filing due to missing required data (CCM/CRSP/BTM).
2026-03-04 10:58:44 [INF] CIK 0000861370 | Filing 7/9706 for Year 2009 Starting
2026-03-04 10:58:44 [WRN] Missing permno mapping in CCM for Company SOONER HOLDINGS INC /OK/ (0000861370).
2026-03-04 10:58:44 [WRN] Missing Book-to-Market data for Company SOONER HOLDINGS INC /OK/ (0000861370) in 2009.
2026-03-04 10:58:44 [WRN] Skipping filing due to missing required data (CCM/CRSP/BTM).
2026-03-04 10:58:44 [INF] CIK 0001191359 | Filing 8/9706 for Year 2009 Starting
2026-03-04 10:58:44 [WRN] Missing permno mapping in CCM for Company ARKANOVA ENERGY CORP. (0001191359).
2026-03-04 10:58:44 [WRN] Missing Book-to-Market data for Company ARKANOVA ENERGY CORP. (0001191359) in 2009.
2026-03-04 10:58:44 [WRN] Skipping filing due to missing required data (CCM/CRSP/BTM).
2026-03-04 10:58:44 [INF] CIK 0001371247 | Filing 9/9706 for Year 2009 Starting
2026-03-04 10:58:44 [WRN] Missing permno mapping in CCM for Company Mackenzie Taylor Minerals Inc. (0001371247).
2026-03-04 10:58:44 [WRN] Missing Book-to-Market data for Company Mackenzie Taylor Minerals Inc. (0001371247) in 2009.
2026-03-04 10:58:44 [WRN] Skipping filing due to missing required data (CCM/CRSP/BTM).
2026-03-04 10:58:44 [INF] CIK 0001371487 | Filing 10/9706 for Year 2009 Starting
2026-03-04 10:58:44 [WRN] Missing permno mapping in CCM for Company Patterson Brooke Resources Inc. (0001371487).
2026-03-04 10:58:44 [WRN] Missing Book-to-Market data for Company Patterson Brooke Resources Inc. (0001371487) in 2009.
2026-03-04 10:58:44 [WRN] Skipping filing due to missing required data (CCM/CRSP/BTM).
2026-03-04 10:58:44 [INF] CIK 0001121812 | Filing 11/9706 for Year 2009 Starting
2026-03-04 10:58:44 [WRN] Missing permno mapping in CCM for Company BIG SKY INDUSTRIES II INC (0001121812).
2026-03-04 10:58:44 [WRN] Missing Book-to-Market data for Company BIG SKY INDUSTRIES II INC (0001121812) in 2009.
2026-03-04 10:58:44 [WRN] Skipping filing due to missing required data (CCM/CRSP/BTM).
2026-03-04 10:58:44 [INF] CIK 0000314712 | Filing 12/9706 for Year 2009 Starting
2026-03-04 10:58:44 [WRN] Missing permno mapping in CCM for Company Boomerang Systems, Inc. (0000314712).
2026-03-04 10:58:44 [WRN] Missing Book-to-Market data for Company Boomerang Systems, Inc. (0000314712) in 2009.
2026-03-04 10:58:44 [WRN] Skipping filing due to missing required data (CCM/CRSP/BTM).
2026-03-04 10:58:44 [INF] CIK 0001029800 | Filing 13/9706 for Year 2009 Starting
2026-03-04 10:58:44 [INF] CIK 0001029800 | Downloading filing HTML (cached if available)
2026-03-04 10:58:44 [INF] CIK 0001029800 | Reading HTML from C:\git\Edgar\Edgar\Data\raw\2009\0001029800\000102980009000003\0001029800-09-000003.txt
2026-03-04 10:58:45 [INF] CIK 0001029800 | Cleaning + extracting sections
2026-03-04 10:58:45 [INF] CIK 0001029800 | Filing 13/9706 for Year 2009 Finished
2026-03-04 10:58:45 [INF] CIK 0001326852 | Filing 14/9706 for Year 2009 Starting
2026-03-04 10:58:45 [WRN] Missing permno mapping in CCM for Company O2 Secure Wireless, Inc. (0001326852).
2026-03-04 10:58:45 [WRN] Missing Book-to-Market data for Company O2 Secure Wireless, Inc. (0001326852) in 2009.
2026-03-04 10:58:45 [WRN] Skipping filing due to missing required data (CCM/CRSP/BTM).
2026-03-04 10:58:45 [INF] CIK 0001380528 | Filing 15/9706 for Year 2009 Starting
2026-03-04 10:58:45 [WRN] Missing permno mapping in CCM for Company Vista Dorada Corp. (0001380528).
2026-03-04 10:58:45 [WRN] Missing Book-to-Market data for Company Vista Dorada Corp. (0001380528) in 2009.
2026-03-04 10:58:45 [WRN] Skipping filing due to missing required data (CCM/CRSP/BTM).
2026-03-04 10:58:45 [INF] CIK 0001387600 | Filing 16/9706 for Year 2009 Starting
2026-03-04 10:58:45 [WRN] Missing permno mapping in CCM for Company Sidewinder Explorations Inc. (0001387600).
2026-03-04 10:58:45 [WRN] Missing Book-to-Market data for Company Sidewinder Explorations Inc. (0001387600) in 2009.
2026-03-04 10:58:45 [WRN] Skipping filing due to missing required data (CCM/CRSP/BTM).
2026-03-04 10:58:45 [INF] CIK 0001415917 | Filing 17/9706 for Year 2009 Starting
2026-03-04 10:58:45 [WRN] Missing permno mapping in CCM for Company American Nano Silicon Technologies, Inc. (0001415917).
2026-03-04 10:58:45 [WRN] Missing Book-to-Market data for Company American Nano Silicon Technologies, Inc. (0001415917) in 2009.
2026-03-04 10:58:45 [WRN] Skipping filing due to missing required data (CCM/CRSP/BTM).
2026-03-04 10:58:45 [INF] CIK 0000315374 | Filing 18/9706 for Year 2009 Starting
2026-03-04 10:58:45 [INF] CIK 0000315374 | Downloading filing HTML (cached if available)
2026-03-04 10:58:45 [INF] CIK 0000315374 | Reading HTML from C:\git\Edgar\Edgar\Data\raw\2009\0000315374\000114420409001522\0001144204-09-001522.txt
2026-03-04 10:58:45 [INF] CIK 0000315374 | Cleaning + extracting sections
2026-03-04 10:58:45 [INF] CIK 0000315374 | Filing 18/9706 for Year 2009 Finished
2026-03-04 10:58:45 [INF] CIK 0000357108 | Filing 19/9706 for Year 2009 Starting
2026-03-04 10:58:45 [INF] CIK 0000357108 | Downloading filing HTML (cached if available)
2026-03-04 10:58:46 [INF] CIK 0000357108 | Reading HTML from C:\git\Edgar\Edgar\Data\raw\2009\0000357108\000095013409000431\0000950134-09-000431.txt
2026-03-04 10:58:46 [INF] CIK 0000357108 | Cleaning + extracting sections
2026-03-04 10:58:46 [INF] CIK 0000357108 | Filing 19/9706 for Year 2009 Finished
2026-03-04 10:58:46 [INF] CIK 0000741696 | Filing 20/9706 for Year 2009 Starting
2026-03-04 10:58:46 [INF] CIK 0000741696 | Downloading filing HTML (cached if available)
2026-03-04 10:58:46 [INF] CIK 0000741696 | Reading HTML from C:\git\Edgar\Edgar\Data\raw\2009\0000741696\000074169609000002\0000741696-09-000002.txt
2026-03-04 10:58:47 [INF] CIK 0000741696 | Cleaning + extracting sections
2026-03-04 10:58:47 [INF] CIK 0000741696 | Filing 20/9706 for Year 2009 Finished
2026-03-04 10:58:47 [INF] CIK 0001003226 | Filing 21/9706 for Year 2009 Starting
2026-03-04 10:58:47 [WRN] Missing permno mapping in CCM for Company TRI-ISTHMUS GROUP, INC. (0001003226).
2026-03-04 10:58:47 [WRN] Missing Book-to-Market data for Company TRI-ISTHMUS GROUP, INC. (0001003226) in 2009.
2026-03-04 10:58:47 [WRN] Skipping filing due to missing required data (CCM/CRSP/BTM).
2026-03-04 10:58:47 [INF] CIK 0001009830 | Filing 22/9706 for Year 2009 Starting
2026-03-04 10:58:47 [WRN] Missing permno mapping in CCM for Company MARKET & RESEARCH CORP. (0001009830).
2026-03-04 10:58:47 [WRN] Missing Book-to-Market data for Company MARKET & RESEARCH CORP. (0001009830) in 2009.
2026-03-04 10:58:47 [WRN] Skipping filing due to missing required data (CCM/CRSP/BTM).
2026-03-04 10:58:47 [INF] CIK 0001013453 | Filing 23/9706 for Year 2009 Starting
2026-03-04 10:58:47 [WRN] Missing permno mapping in CCM for Company VALCOM, INC (0001013453).
2026-03-04 10:58:47 [WRN] Missing Book-to-Market data for Company VALCOM, INC (0001013453) in 2009.
2026-03-04 10:58:47 [WRN] Skipping filing due to missing required data (CCM/CRSP/BTM).
2026-03-04 10:58:47 [INF] CIK 0001031896 | Filing 24/9706 for Year 2009 Starting
2026-03-04 10:58:47 [WRN] Missing permno mapping in CCM for Company AMERICAN SOIL TECHNOLOGIES INC (0001031896).
2026-03-04 10:58:47 [WRN] Missing Book-to-Market data for Company AMERICAN SOIL TECHNOLOGIES INC (0001031896) in 2009.
2026-03-04 10:58:47 [WRN] Skipping filing due to missing required data (CCM/CRSP/BTM).
2026-03-04 10:58:47 [INF] CIK 0001065659 | Filing 25/9706 for Year 2009 Starting
2026-03-04 10:58:47 [WRN] Missing permno mapping in CCM for Company Falcon Ridge Development Inc. (0001065659).
2026-03-04 10:58:47 [WRN] Missing Book-to-Market data for Company Falcon Ridge Development Inc. (0001065659) in 2009.
2026-03-04 10:58:47 [WRN] Skipping filing due to missing required data (CCM/CRSP/BTM).
2026-03-04 10:58:47 [INF] CIK 0001082735 | Filing 26/9706 for Year 2009 Starting
2026-03-04 10:58:47 [WRN] Missing permno mapping in CCM for Company GREATER ATLANTIC FINANCIAL CORP (0001082735).
2026-03-04 10:58:47 [WRN] Missing Book-to-Market data for Company GREATER ATLANTIC FINANCIAL CORP (0001082735) in 2009.
2026-03-04 10:58:47 [WRN] Skipping filing due to missing required data (CCM/CRSP/BTM).
2026-03-04 10:58:47 [INF] CIK 0001088005 | Filing 27/9706 for Year 2009 Starting
2026-03-04 10:58:47 [WRN] Missing permno mapping in CCM for Company NextMart Inc. (0001088005).
2026-03-04 10:58:47 [WRN] Missing Book-to-Market data for Company NextMart Inc. (0001088005) in 2009.
2026-03-04 10:58:47 [WRN] Skipping filing due to missing required data (CCM/CRSP/BTM).
2026-03-04 10:58:47 [INF] CIK 0001093430 | Filing 28/9706 for Year 2009 Starting
2026-03-04 10:58:47 [WRN] Missing permno mapping in CCM for Company CASPIAN SERVICES INC (0001093430).
2026-03-04 10:58:47 [WRN] Missing Book-to-Market data for Company CASPIAN SERVICES INC (0001093430) in 2009.
2026-03-04 10:58:47 [WRN] Skipping filing due to missing required data (CCM/CRSP/BTM).
2026-03-04 10:58:47 [INF] CIK 0001122063 | Filing 29/9706 for Year 2009 Starting
2026-03-04 10:58:47 [WRN] Missing CRSP trading days for Company BEACON ENTERPRISE SOLUTIONS GROUP INC (0001122063) in 2009.
2026-03-04 10:58:47 [WRN] Missing Book-to-Market data for Company BEACON ENTERPRISE SOLUTIONS GROUP INC (0001122063) in 2009.
2026-03-04 10:58:47 [WRN] Skipping filing due to missing required data (CCM/CRSP/BTM).
2026-03-04 10:58:47 [INF] CIK 0001126703 | Filing 30/9706 for Year 2009 Starting
2026-03-04 10:58:47 [WRN] Missing permno mapping in CCM for Company SHOSHONE SILVER MINING CO INC (0001126703).
2026-03-04 10:58:47 [WRN] Missing Book-to-Market data for Company SHOSHONE SILVER MINING CO INC (0001126703) in 2009.
2026-03-04 10:58:47 [WRN] Skipping filing due to missing required data (CCM/CRSP/BTM).
2026-03-04 10:58:47 [INF] CIK 0001139570 | Filing 31/9706 for Year 2009 Starting
2026-03-04 10:58:47 [WRN] Missing CRSP trading days for Company MyStarU.com,Inc. (0001139570) in 2009.
2026-03-04 10:58:47 [WRN] Missing Book-to-Market data for Company MyStarU.com,Inc. (0001139570) in 2009.
2026-03-04 10:58:47 [WRN] Skipping filing due to missing required data (CCM/CRSP/BTM).
2026-03-04 10:58:47 [INF] CIK 0001158420 | Filing 32/9706 for Year 2009 Starting
2026-03-04 10:58:47 [WRN] Missing CRSP trading days for Company CHINA AGRO SCIENCES CORP. (0001158420) in 2009.
2026-03-04 10:58:47 [WRN] Missing Book-to-Market data for Company CHINA AGRO SCIENCES CORP. (0001158420) in 2009.
2026-03-04 10:58:47 [WRN] Skipping filing due to missing required data (CCM/CRSP/BTM).
2026-03-04 10:58:47 [INF] CIK 0001163002 | Filing 33/9706 for Year 2009 Starting
2026-03-04 10:58:47 [WRN] Missing permno mapping in CCM for Company HYDROGEN HYBRID TECHNOLOGIES, INC. (0001163002).
2026-03-04 10:58:47 [WRN] Missing Book-to-Market data for Company HYDROGEN HYBRID TECHNOLOGIES, INC. (0001163002) in 2009.
2026-03-04 10:58:47 [WRN] Skipping filing due to missing required data (CCM/CRSP/BTM).
2026-03-04 10:58:47 [INF] CIK 0001173281 | Filing 34/9706 for Year 2009 Starting
2026-03-04 10:58:47 [WRN] Missing CRSP trading days for Company BBM HOLDINGS, INC. (0001173281) in 2009.
2026-03-04 10:58:47 [WRN] Missing Book-to-Market data for Company BBM HOLDINGS, INC. (0001173281) in 2009.
2026-03-04 10:58:47 [WRN] Skipping filing due to missing required data (CCM/CRSP/BTM).
2026-03-04 10:58:47 [INF] CIK 0001177274 | Filing 35/9706 for Year 2009 Starting
2026-03-04 10:58:47 [WRN] Missing permno mapping in CCM for Company Rodobo International Inc (0001177274).
2026-03-04 10:58:47 [WRN] Missing Book-to-Market data for Company Rodobo International Inc (0001177274) in 2009.
2026-03-04 10:58:47 [WRN] Skipping filing due to missing required data (CCM/CRSP/BTM).
2026-03-04 10:58:47 [INF] CIK 0001222792 | Filing 36/9706 for Year 2009 Starting
2026-03-04 10:58:47 [WRN] Missing permno mapping in CCM for Company VIBE RECORDS, INC. NEVADA (0001222792).
2026-03-04 10:58:47 [WRN] Missing Book-to-Market data for Company VIBE RECORDS, INC. NEVADA (0001222792) in 2009.
2026-03-04 10:58:47 [WRN] Skipping filing due to missing required data (CCM/CRSP/BTM).
2026-03-04 10:58:47 [INF] CIK 0001278363 | Filing 37/9706 for Year 2009 Starting
2026-03-04 10:58:47 [WRN] Missing permno mapping in CCM for Company MARKETING WORLDWIDE CORP (0001278363).
2026-03-04 10:58:47 [WRN] Missing Book-to-Market data for Company MARKETING WORLDWIDE CORP (0001278363) in 2009.
2026-03-04 10:58:47 [WRN] Skipping filing due to missing required data (CCM/CRSP/BTM).
2026-03-04 10:58:47 [INF] CIK 0001286345 | Filing 38/9706 for Year 2009 Starting
2026-03-04 10:58:47 [WRN] Missing permno mapping in CCM for Company TNT DESIGNS INC (0001286345).
2026-03-04 10:58:47 [WRN] Missing Book-to-Market data for Company TNT DESIGNS INC (0001286345) in 2009.
2026-03-04 10:58:47 [WRN] Skipping filing due to missing required data (CCM/CRSP/BTM).
2026-03-04 10:58:47 [INF] CIK 0001298824 | Filing 39/9706 for Year 2009 Starting
2026-03-04 10:58:47 [WRN] Missing permno mapping in CCM for Company PetroHunter Energy Corp (0001298824).
2026-03-04 10:58:47 [WRN] Missing Book-to-Market data for Company PetroHunter Energy Corp (0001298824) in 2009.
2026-03-04 10:58:47 [WRN] Skipping filing due to missing required data (CCM/CRSP/BTM).
2026-03-04 10:58:47 [INF] CIK 0001307345 | Filing 40/9706 for Year 2009 Starting
2026-03-04 10:58:47 [WRN] Missing permno mapping in CCM for Company NETFONE INC (0001307345).
2026-03-04 10:58:47 [WRN] Missing Book-to-Market data for Company NETFONE INC (0001307345) in 2009.
2026-03-04 10:58:47 [WRN] Skipping filing due to missing required data (CCM/CRSP/BTM).
2026-03-04 10:58:47 [INF] CIK 0001310261 | Filing 41/9706 for Year 2009 Starting
2026-03-04 10:58:47 [WRN] Missing permno mapping in CCM for Company POWER AIR CORP (0001310261).
2026-03-04 10:58:47 [WRN] Missing Book-to-Market data for Company POWER AIR CORP (0001310261) in 2009.
2026-03-04 10:58:47 [WRN] Skipping filing due to missing required data (CCM/CRSP/BTM).
2026-03-04 10:58:47 [INF] CIK 0001314052 | Filing 42/9706 for Year 2009 Starting
2026-03-04 10:58:47 [WRN] Missing CRSP trading days for Company ANAVEX LIFE SCIENCES CORP. (0001314052) in 2009.
2026-03-04 10:58:47 [WRN] Missing Book-to-Market data for Company ANAVEX LIFE SCIENCES CORP. (0001314052) in 2009.
2026-03-04 10:58:47 [WRN] Skipping filing due to missing required data (CCM/CRSP/BTM).
2026-03-04 10:58:47 [INF] CIK 0001320050 | Filing 43/9706 for Year 2009 Starting
2026-03-04 10:58:47 [WRN] Missing permno mapping in CCM for Company Siouxland Ethanol, LLC (0001320050).
2026-03-04 10:58:47 [WRN] Missing Book-to-Market data for Company Siouxland Ethanol, LLC (0001320050) in 2009.
2026-03-04 10:58:47 [WRN] Skipping filing due to missing required data (CCM/CRSP/BTM).
2026-03-04 10:58:47 [INF] CIK 0001321366 | Filing 44/9706 for Year 2009 Starting
2026-03-04 10:58:47 [WRN] Missing permno mapping in CCM for Company GREATER CHINA MEDIA & ENTERTAINMENT CORP. (formerly AGA Resources, Inc.) (0001321366).
2026-03-04 10:58:47 [WRN] Missing Book-to-Market data for Company GREATER CHINA MEDIA & ENTERTAINMENT CORP. (formerly AGA Resources, Inc.) (0001321366) in 2009.
2026-03-04 10:58:47 [WRN] Skipping filing due to missing required data (CCM/CRSP/BTM).
2026-03-04 10:58:47 [INF] CIK 0001349706 | Filing 45/9706 for Year 2009 Starting
2026-03-04 10:58:47 [WRN] Missing permno mapping in CCM for Company COLOURED (US) INC. (0001349706).
2026-03-04 10:58:47 [WRN] Missing Book-to-Market data for Company COLOURED (US) INC. (0001349706) in 2009.
2026-03-04 10:58:47 [WRN] Skipping filing due to missing required data (CCM/CRSP/BTM).
2026-03-04 10:58:47 [INF] CIK 0001365359 | Filing 46/9706 for Year 2009 Starting
2026-03-04 10:58:47 [WRN] Missing permno mapping in CCM for Company PLAYBOX (US) INC. (0001365359).
2026-03-04 10:58:47 [WRN] Missing Book-to-Market data for Company PLAYBOX (US) INC. (0001365359) in 2009.
2026-03-04 10:58:47 [WRN] Skipping filing due to missing required data (CCM/CRSP/BTM).
2026-03-04 10:58:47 [INF] CIK 0001369608 | Filing 47/9706 for Year 2009 Starting
2026-03-04 10:58:47 [WRN] Missing permno mapping in CCM for Company ADVANCED GROWING SYSTEMS, INC. (0001369608).
2026-03-04 10:58:47 [WRN] Missing Book-to-Market data for Company ADVANCED GROWING SYSTEMS, INC. (0001369608) in 2009.
2026-03-04 10:58:47 [WRN] Skipping filing due to missing required data (CCM/CRSP/BTM).
2026-03-04 10:58:47 [INF] CIK 0001372954 | Filing 48/9706 for Year 2009 Starting
2026-03-04 10:58:47 [WRN] Missing permno mapping in CCM for Company Gryphon Resources, Inc. (0001372954).
2026-03-04 10:58:47 [WRN] Missing Book-to-Market data for Company Gryphon Resources, Inc. (0001372954) in 2009.
2026-03-04 10:58:47 [WRN] Skipping filing due to missing required data (CCM/CRSP/BTM).
2026-03-04 10:58:47 [INF] CIK 0001373952 | Filing 49/9706 for Year 2009 Starting
2026-03-04 10:58:47 [WRN] Missing permno mapping in CCM for Company BALD EAGLE ENERGY INC. (0001373952).
2026-03-04 10:58:47 [WRN] Missing Book-to-Market data for Company BALD EAGLE ENERGY INC. (0001373952) in 2009.
2026-03-04 10:58:47 [WRN] Skipping filing due to missing required data (CCM/CRSP/BTM).
2026-03-04 10:58:47 [INF] CIK 0001391750 | Filing 50/9706 for Year 2009 Starting
2026-03-04 10:58:47 [WRN] Missing permno mapping in CCM for Company Veracity Management Global, Inc. (0001391750).
2026-03-04 10:58:47 [WRN] Missing Book-to-Market data for Company Veracity Management Global, Inc. (0001391750) in 2009.
2026-03-04 10:58:47 [WRN] Skipping filing due to missing required data (CCM/CRSP/BTM).
2026-03-04 10:58:47 [INF] CIK 0001415603 | Filing 51/9706 for Year 2009 Starting
2026-03-04 10:58:47 [WRN] Missing permno mapping in CCM for Company InovaChem, Inc. (0001415603).
2026-03-04 10:58:47 [WRN] Missing Book-to-Market data for Company InovaChem, Inc. (0001415603) in 2009.
2026-03-04 10:58:47 [WRN] Skipping filing due to missing required data (CCM/CRSP/BTM).
2026-03-04 10:58:47 [INF] CIK 0001418115 | Filing 52/9706 for Year 2009 Starting
2026-03-04 10:58:47 [WRN] Missing permno mapping in CCM for Company Infrared Systems International (0001418115).
2026-03-04 10:58:47 [WRN] Missing Book-to-Market data for Company Infrared Systems International (0001418115) in 2009.
2026-03-04 10:58:47 [WRN] Skipping filing due to missing required data (CCM/CRSP/BTM).
2026-03-04 10:58:47 [INF] CIK 0001425319 | Filing 53/9706 for Year 2009 Starting
2026-03-04 10:58:47 [WRN] Missing permno mapping in CCM for Company Otter Tail Ag Enterprises, LLC (0001425319).
2026-03-04 10:58:47 [WRN] Missing Book-to-Market data for Company Otter Tail Ag Enterprises, LLC (0001425319) in 2009.
2026-03-04 10:58:47 [WRN] Skipping filing due to missing required data (CCM/CRSP/BTM).
2026-03-04 10:58:47 [INF] CIK 0001430057 | Filing 54/9706 for Year 2009 Starting
2026-03-04 10:58:47 [WRN] Missing permno mapping in CCM for Company PRECISION PETROLEUM Corp (0001430057).
2026-03-04 10:58:47 [WRN] Missing Book-to-Market data for Company PRECISION PETROLEUM Corp (0001430057) in 2009.
2026-03-04 10:58:47 [WRN] Skipping filing due to missing required data (CCM/CRSP/BTM).
2026-03-04 10:58:47 [INF] CIK 0001440048 | Filing 55/9706 for Year 2009 Starting
2026-03-04 10:58:47 [WRN] Missing permno mapping in CCM for Company LIFEHEALTHCARE, INC. (0001440048).
2026-03-04 10:58:47 [WRN] Missing Book-to-Market data for Company LIFEHEALTHCARE, INC. (0001440048) in 2009.
2026-03-04 10:58:47 [WRN] Skipping filing due to missing required data (CCM/CRSP/BTM).
2026-03-04 10:58:47 [INF] CIK 0000350557 | Filing 56/9706 for Year 2009 Starting
2026-03-04 10:58:47 [WRN] Missing permno mapping in CCM for Company STEN CORP (0000350557).
2026-03-04 10:58:47 [WRN] Missing Book-to-Market data for Company STEN CORP (0000350557) in 2009.
2026-03-04 10:58:47 [WRN] Skipping filing due to missing required data (CCM/CRSP/BTM).
2026-03-04 10:58:47 [INF] CIK 0000357001 | Filing 57/9706 for Year 2009 Starting
2026-03-04 10:58:47 [WRN] Missing permno mapping in CCM for Company TRIMEDYNE INC (0000357001).
2026-03-04 10:58:47 [WRN] Missing Book-to-Market data for Company TRIMEDYNE INC (0000357001) in 2009.
2026-03-04 10:58:47 [WRN] Skipping filing due to missing required data (CCM/CRSP/BTM).
2026-03-04 10:58:47 [INF] CIK 0000040518 | Filing 58/9706 for Year 2009 Starting
2026-03-04 10:58:47 [WRN] Missing permno mapping in CCM for Company GENERAL DATACOMM INDUSTRIES INC (0000040518).
2026-03-04 10:58:47 [WRN] Missing Book-to-Market data for Company GENERAL DATACOMM INDUSTRIES INC (0000040518) in 2009.
2026-03-04 10:58:47 [WRN] Skipping filing due to missing required data (CCM/CRSP/BTM).
2026-03-04 10:58:47 [INF] CIK 0000725363 | Filing 59/9706 for Year 2009 Starting
2026-03-04 10:58:47 [INF] CIK 0000725363 | Downloading filing HTML (cached if available)
2026-03-04 10:58:47 [INF] CIK 0000725363 | Reading HTML from C:\git\Edgar\Edgar\Data\raw\2009\0000725363\000100487809000009\0001004878-09-000009.txt
2026-03-04 10:58:47 [INF] CIK 0000725363 | Cleaning + extracting sections
2026-03-04 10:58:47 [INF] CIK 0000725363 | Filing 59/9706 for Year 2009 Finished
2026-03-04 10:58:47 [INF] CIK 0000764667 | Filing 60/9706 for Year 2009 Starting
2026-03-04 10:58:47 [WRN] Missing permno mapping in CCM for Company SIONIX CORP (0000764667).
2026-03-04 10:58:47 [WRN] Missing Book-to-Market data for Company SIONIX CORP (0000764667) in 2009.
2026-03-04 10:58:47 [WRN] Skipping filing due to missing required data (CCM/CRSP/BTM).
2026-03-04 10:58:47 [INF] CIK 0000077140 | Filing 61/9706 for Year 2009 Starting
2026-03-04 10:58:47 [WRN] Missing permno mapping in CCM for Company PENN PACIFIC CORP (0000077140).
2026-03-04 10:58:47 [WRN] Missing Book-to-Market data for Company PENN PACIFIC CORP (0000077140) in 2009.
2026-03-04 10:58:47 [WRN] Skipping filing due to missing required data (CCM/CRSP/BTM).
2026-03-04 10:58:47 [INF] CIK 0000807863 | Filing 62/9706 for Year 2009 Starting
2026-03-04 10:58:47 [WRN] Missing Book-to-Market data for Company MITEK SYSTEMS INC (0000807863) in 2009.
2026-03-04 10:58:47 [WRN] Skipping filing due to missing required data (CCM/CRSP/BTM).
2026-03-04 10:58:47 [INF] CIK 0000810332 | Filing 63/9706 for Year 2009 Starting
2026-03-04 10:58:47 [WRN] Missing CRSP trading days for Company MESA AIR GROUP INC (0000810332) in 2009.
2026-03-04 10:58:47 [WRN] Missing Book-to-Market data for Company MESA AIR GROUP INC (0000810332) in 2009.
2026-03-04 10:58:47 [WRN] Skipping filing due to missing required data (CCM/CRSP/BTM).
2026-03-04 10:58:47 [INF] CIK 0000812482 | Filing 64/9706 for Year 2009 Starting
2026-03-04 10:58:47 [WRN] Missing permno mapping in CCM for Company ARCHON CORP (0000812482).
2026-03-04 10:58:47 [WRN] Missing Book-to-Market data for Company ARCHON CORP (0000812482) in 2009.
2026-03-04 10:58:47 [WRN] Skipping filing due to missing required data (CCM/CRSP/BTM).
2026-03-04 10:58:47 [INF] CIK 0000822370 | Filing 65/9706 for Year 2009 Starting
2026-03-04 10:58:47 [WRN] Missing CRSP trading days for Company CNS RESPONSE, INC. (0000822370) in 2009.
2026-03-04 10:58:47 [WRN] Missing Book-to-Market data for Company CNS RESPONSE, INC. (0000822370) in 2009.
2026-03-04 10:58:47 [WRN] Skipping filing due to missing required data (CCM/CRSP/BTM).
2026-03-04 10:58:47 [INF] CIK 0000873185 | Filing 66/9706 for Year 2009 Starting
2026-03-04 10:58:47 [WRN] Missing permno mapping in CCM for Company USCORP (0000873185).
2026-03-04 10:58:47 [WRN] Missing Book-to-Market data for Company USCORP (0000873185) in 2009.
2026-03-04 10:58:47 [WRN] Skipping filing due to missing required data (CCM/CRSP/BTM).
2026-03-04 10:58:47 [INF] CIK 0000930803 | Filing 67/9706 for Year 2009 Starting
2026-03-04 10:58:47 [INF] CIK 0000930803 | Downloading filing HTML (cached if available)
2026-03-04 10:58:48 [INF] CIK 0000930803 | Reading HTML from C:\git\Edgar\Edgar\Data\raw\2009\0000930803\000114420409001719\0001144204-09-001719.txt
2026-03-04 10:58:48 [INF] CIK 0000930803 | Cleaning + extracting sections
2026-03-04 10:58:48 [INF] CIK 0000930803 | Filing 67/9706 for Year 2009 Finished
2026-03-04 10:58:48 [INF] CIK 0000095366 | Filing 68/9706 for Year 2009 Starting
2026-03-04 10:58:48 [WRN] Missing permno mapping in CCM for Company SUNAIR SERVICES CORP (0000095366).
2026-03-04 10:58:48 [WRN] Skipping filing due to missing required data (CCM/CRSP/BTM).
2026-03-04 10:58:48 [INF] CIK 0001040227 | Filing 69/9706 for Year 2009 Starting
2026-03-04 10:58:48 [WRN] Missing permno mapping in CCM for Company GLOBAL 8 ENVIRONMENTAL TECHNOLOGIES, INC. (0001040227).
2026-03-04 10:58:48 [WRN] Missing Book-to-Market data for Company GLOBAL 8 ENVIRONMENTAL TECHNOLOGIES, INC. (0001040227) in 2009.
2026-03-04 10:58:48 [WRN] Skipping filing due to missing required data (CCM/CRSP/BTM).
2026-03-04 10:58:48 [INF] CIK 0001042053 | Filing 70/9706 for Year 2009 Starting
2026-03-04 10:58:48 [WRN] Missing permno mapping in CCM for Company DRUCKER INC (0001042053).
2026-03-04 10:58:48 [WRN] Missing Book-to-Market data for Company DRUCKER INC (0001042053) in 2009.
2026-03-04 10:58:48 [WRN] Skipping filing due to missing required data (CCM/CRSP/BTM).
2026-03-04 10:58:48 [INF] CIK 0001127475 | Filing 71/9706 for Year 2009 Starting
2026-03-04 10:58:48 [WRN] Missing permno mapping in CCM for Company RTG VENTURES INC (0001127475).
2026-03-04 10:58:48 [WRN] Missing Book-to-Market data for Company RTG VENTURES INC (0001127475) in 2009.
2026-03-04 10:58:48 [WRN] Skipping filing due to missing required data (CCM/CRSP/BTM).
2026-03-04 10:58:48 [INF] CIK 0001133062 | Filing 72/9706 for Year 2009 Starting
2026-03-04 10:58:48 [WRN] Missing permno mapping in CCM for Company JANEL WORLD TRADE LTD (0001133062).
2026-03-04 10:58:48 [WRN] Missing Book-to-Market data for Company JANEL WORLD TRADE LTD (0001133062) in 2009.
2026-03-04 10:58:48 [WRN] Skipping filing due to missing required data (CCM/CRSP/BTM).
2026-03-04 10:58:48 [INF] CIK 0001133470 | Filing 73/9706 for Year 2009 Starting
2026-03-04 10:58:48 [INF] CIK 0001133470 | Downloading filing HTML (cached if available)
2026-03-04 10:58:48 [INF] CIK 0001133470 | Reading HTML from C:\git\Edgar\Edgar\Data\raw\2009\0001133470\000095013409000534\0000950134-09-000534.txt
2026-03-04 10:58:48 [INF] CIK 0001133470 | Cleaning + extracting sections
2026-03-04 10:58:48 [INF] CIK 0001133470 | Filing 73/9706 for Year 2009 Finished
2026-03-04 10:58:48 [INF] CIK 0001312073 | Filing 74/9706 for Year 2009 Starting
2026-03-04 10:58:48 [INF] CIK 0001312073 | Downloading filing HTML (cached if available)
2026-03-04 10:58:48 [INF] CIK 0001312073 | Reading HTML from C:\git\Edgar\Edgar\Data\raw\2009\0001312073\000095013409000524\0000950134-09-000524.txt
2026-03-04 10:58:49 [INF] CIK 0001312073 | Cleaning + extracting sections
2026-03-04 10:58:49 [INF] CIK 0001312073 | Filing 74/9706 for Year 2009 Finished
2026-03-04 10:58:49 [INF] CIK 0001341327 | Filing 75/9706 for Year 2009 Starting
2026-03-04 10:58:49 [WRN] Missing permno mapping in CCM for Company CIGNUS VENTURES INC. (0001341327).
2026-03-04 10:58:49 [WRN] Missing Book-to-Market data for Company CIGNUS VENTURES INC. (0001341327) in 2009.
2026-03-04 10:58:49 [WRN] Skipping filing due to missing required data (CCM/CRSP/BTM).
2026-03-04 10:58:49 [INF] CIK 0001347008 | Filing 76/9706 for Year 2009 Starting
2026-03-04 10:58:49 [WRN] Missing permno mapping in CCM for Company LANE CO 5 INC (0001347008).
2026-03-04 10:58:49 [WRN] Missing Book-to-Market data for Company LANE CO 5 INC (0001347008) in 2009.
2026-03-04 10:58:49 [WRN] Skipping filing due to missing required data (CCM/CRSP/BTM).
2026-03-04 10:58:49 [INF] CIK 0001353611 | Filing 77/9706 for Year 2009 Starting
2026-03-04 10:58:49 [WRN] Missing permno mapping in CCM for Company CURRENCYSHARES BRITISH POUND STERLING TRUST (0001353611).
2026-03-04 10:58:49 [WRN] Missing Book-to-Market data for Company CURRENCYSHARES BRITISH POUND STERLING TRUST (0001353611) in 2009.
2026-03-04 10:58:49 [WRN] Skipping filing due to missing required data (CCM/CRSP/BTM).
2026-03-04 10:58:49 [INF] CIK 0001353612 | Filing 78/9706 for Year 2009 Starting
2026-03-04 10:58:49 [WRN] Missing permno mapping in CCM for Company CURRENCYSHARES CANADIAN DOLLAR TRUST (0001353612).
2026-03-04 10:58:49 [WRN] Missing Book-to-Market data for Company CURRENCYSHARES CANADIAN DOLLAR TRUST (0001353612) in 2009.
2026-03-04 10:58:49 [WRN] Skipping filing due to missing required data (CCM/CRSP/BTM).
2026-03-04 10:58:49 [INF] CIK 0001353614 | Filing 79/9706 for Year 2009 Starting
2026-03-04 10:58:49 [WRN] Missing permno mapping in CCM for Company CURRENCYSHARES AUSTRALIAN DOLLAR TRUST (0001353614).
2026-03-04 10:58:49 [WRN] Missing Book-to-Market data for Company CURRENCYSHARES AUSTRALIAN DOLLAR TRUST (0001353614) in 2009.
2026-03-04 10:58:49 [WRN] Skipping filing due to missing required data (CCM/CRSP/BTM).
2026-03-04 10:58:49 [INF] CIK 0001353616 | Filing 80/9706 for Year 2009 Starting
2026-03-04 10:58:49 [WRN] Missing permno mapping in CCM for Company CURRENCYSHARES SWEDISH KRONA TRUST (0001353616).
2026-03-04 10:58:49 [WRN] Missing Book-to-Market data for Company CURRENCYSHARES SWEDISH KRONA TRUST (0001353616) in 2009.
2026-03-04 10:58:49 [WRN] Skipping filing due to missing required data (CCM/CRSP/BTM).
2026-03-04 10:58:49 [INF] CIK 0001353617 | Filing 81/9706 for Year 2009 Starting
2026-03-04 10:58:49 [WRN] Missing permno mapping in CCM for Company CURRENCYSHARES MEXICAN PESO TRUST (0001353617).
2026-03-04 10:58:49 [WRN] Missing Book-to-Market data for Company CURRENCYSHARES MEXICAN PESO TRUST (0001353617) in 2009.
2026-03-04 10:58:49 [WRN] Skipping filing due to missing required data (CCM/CRSP/BTM).
2026-03-04 10:58:49 [INF] CIK 0001357694 | Filing 82/9706 for Year 2009 Starting
2026-03-04 10:58:49 [WRN] Missing permno mapping in CCM for Company HIGH END VENTURES, INC. (0001357694).
2026-03-04 10:58:49 [WRN] Missing Book-to-Market data for Company HIGH END VENTURES, INC. (0001357694) in 2009.
2026-03-04 10:58:49 [WRN] Skipping filing due to missing required data (CCM/CRSP/BTM).
2026-03-04 10:58:49 [INF] CIK 0001417192 | Filing 83/9706 for Year 2009 Starting
2026-03-04 10:58:49 [WRN] Missing permno mapping in CCM for Company Mobile Presence Technologies Inc. (0001417192).
2026-03-04 10:58:49 [WRN] Missing Book-to-Market data for Company Mobile Presence Technologies Inc. (0001417192) in 2009.
2026-03-04 10:58:49 [WRN] Skipping filing due to missing required data (CCM/CRSP/BTM).
2026-03-04 10:58:49 [INF] CIK 0000277924 | Filing 84/9706 for Year 2009 Starting
2026-03-04 10:58:49 [INF] CIK 0000277924 | Downloading filing HTML (cached if available)
2026-03-04 10:58:49 [INF] CIK 0000277924 | Reading HTML from C:\git\Edgar\Edgar\Data\raw\2009\0000277924\000110465909002218\0001104659-09-002218.txt
2026-03-04 10:58:49 [INF] CIK 0000277924 | Cleaning + extracting sections
2026-03-04 10:58:49 [INF] CIK 0000277924 | Filing 84/9706 for Year 2009 Finished
2026-03-04 10:58:49 [INF] CIK 0000036840 | Filing 85/9706 for Year 2009 Starting
2026-03-04 10:58:49 [WRN] Missing permno mapping in CCM for Company FIRST REAL ESTATE INVESTMENT TRUST OF NEW JERSEY (0000036840).
2026-03-04 10:58:49 [WRN] Missing Book-to-Market data for Company FIRST REAL ESTATE INVESTMENT TRUST OF NEW JERSEY (0000036840) in 2009.
2026-03-04 10:58:49 [WRN] Skipping filing due to missing required data (CCM/CRSP/BTM).
2026-03-04 10:58:49 [INF] CIK 0000718789 | Filing 86/9706 for Year 2009 Starting
2026-03-04 10:58:49 [INF] CIK 0000718789 | Downloading filing HTML (cached if available)
2026-03-04 10:58:50 [INF] CIK 0000718789 | Reading HTML from C:\git\Edgar\Edgar\Data\raw\2009\0000718789\000071878909000009\0000718789-09-000009.txt
2026-03-04 10:58:50 [INF] CIK 0000718789 | Cleaning + extracting sections
2026-03-04 10:58:50 [INF] CIK 0000718789 | Filing 86/9706 for Year 2009 Finished
2026-03-04 10:58:50 [INF] CIK 0000720154 | Filing 87/9706 for Year 2009 Starting
2026-03-04 10:58:50 [INF] CIK 0000720154 | Downloading filing HTML (cached if available)
2026-03-04 10:58:50 [INF] CIK 0000720154 | Reading HTML from C:\git\Edgar\Edgar\Data\raw\2009\0000720154\000114420409001832\0001144204-09-001832.txt
2026-03-04 10:58:50 [INF] CIK 0000720154 | Cleaning + extracting sections
2026-03-04 10:58:50 [INF] CIK 0000720154 | Filing 87/9706 for Year 2009 Finished
2026-03-04 10:58:50 [INF] CIK 0000077597 | Filing 88/9706 for Year 2009 Starting
2026-03-04 10:58:50 [INF] CIK 0000077597 | Downloading filing HTML (cached if available)
2026-03-04 10:58:51 [INF] CIK 0000077597 | Reading HTML from C:\git\Edgar\Edgar\Data\raw\2009\0000077597\000095015209000259\0000950152-09-000259.txt
2026-03-04 10:58:51 [INF] CIK 0000077597 | Cleaning + extracting sections
2026-03-04 10:58:51 [INF] CIK 0000077597 | Filing 88/9706 for Year 2009 Finished
2026-03-04 10:58:51 [INF] CIK 0000792641 | Filing 89/9706 for Year 2009 Starting
2026-03-04 10:58:51 [INF] CIK 0000792641 | Downloading filing HTML (cached if available)
2026-03-04 10:58:51 [INF] CIK 0000792641 | Reading HTML from C:\git\Edgar\Edgar\Data\raw\2009\0000792641\000110465909002204\0001104659-09-002204.txt
2026-03-04 10:58:51 [INF] CIK 0000792641 | Cleaning + extracting sections
2026-03-04 10:58:51 [INF] CIK 0000792641 | Filing 89/9706 for Year 2009 Finished
2026-03-04 10:58:51 [INF] CIK 0000865917 | Filing 90/9706 for Year 2009 Starting
2026-03-04 10:58:51 [INF] CIK 0000865917 | Downloading filing HTML (cached if available)
2026-03-04 10:58:52 [INF] CIK 0000865917 | Reading HTML from C:\git\Edgar\Edgar\Data\raw\2009\0000865917\000104746909000165\0001047469-09-000165.txt
2026-03-04 10:58:52 [INF] CIK 0000865917 | Cleaning + extracting sections
2026-03-04 10:58:52 [INF] CIK 0000865917 | Filing 90/9706 for Year 2009 Finished
2026-03-04 10:58:52 [INF] CIK 0000886128 | Filing 91/9706 for Year 2009 Starting
2026-03-04 10:58:52 [INF] CIK 0000886128 | Downloading filing HTML (cached if available)
2026-03-04 10:58:52 [INF] CIK 0000886128 | Reading HTML from C:\git\Edgar\Edgar\Data\raw\2009\0000886128\000114420409002027\0001144204-09-002027.txt
2026-03-04 10:58:52 [INF] CIK 0000886128 | Cleaning + extracting sections
2026-03-04 10:58:52 [INF] CIK 0000886128 | Filing 91/9706 for Year 2009 Finished
2026-03-04 10:58:52 [INF] CIK 0000893965 | Filing 92/9706 for Year 2009 Starting
2026-03-04 10:58:52 [INF] CIK 0000893965 | Downloading filing HTML (cached if available)
2026-03-04 10:58:53 [INF] CIK 0000893965 | Reading HTML from C:\git\Edgar\Edgar\Data\raw\2009\0000893965\000114036109001240\0001140361-09-001240.txt
2026-03-04 10:58:53 [INF] CIK 0000893965 | Cleaning + extracting sections
2026-03-04 10:58:53 [INF] CIK 0000893965 | Filing 92/9706 for Year 2009 Finished
2026-03-04 10:58:53 [INF] CIK 0000918997 | Filing 93/9706 for Year 2009 Starting
2026-03-04 10:58:53 [WRN] Missing permno mapping in CCM for Company AQUENTIUM INC (0000918997).
2026-03-04 10:58:53 [WRN] Missing Book-to-Market data for Company AQUENTIUM INC (0000918997) in 2009.
2026-03-04 10:58:53 [WRN] Skipping filing due to missing required data (CCM/CRSP/BTM).
2026-03-04 10:58:53 [INF] CIK 0001076744 | Filing 94/9706 for Year 2009 Starting
2026-03-04 10:58:53 [WRN] Missing permno mapping in CCM for Company Ravenwood Bourne, Ltd. (0001076744).
2026-03-04 10:58:53 [WRN] Missing Book-to-Market data for Company Ravenwood Bourne, Ltd. (0001076744) in 2009.
2026-03-04 10:58:53 [WRN] Skipping filing due to missing required data (CCM/CRSP/BTM).
2026-03-04 10:58:53 [INF] CIK 0001080001 | Filing 95/9706 for Year 2009 Starting
2026-03-04 10:58:53 [WRN] Missing permno mapping in CCM for Company NEWTECH RESOURCES LTD (0001080001).
2026-03-04 10:58:53 [WRN] Missing Book-to-Market data for Company NEWTECH RESOURCES LTD (0001080001) in 2009.
2026-03-04 10:58:53 [WRN] Skipping filing due to missing required data (CCM/CRSP/BTM).
2026-03-04 10:58:53 [INF] CIK 0001095276 | Filing 96/9706 for Year 2009 Starting
2026-03-04 10:58:53 [WRN] Missing permno mapping in CCM for Company WHITNEY INFORMATION NETWORK INC (0001095276).
2026-03-04 10:58:53 [WRN] Missing Book-to-Market data for Company WHITNEY INFORMATION NETWORK INC (0001095276) in 2009.
2026-03-04 10:58:53 [WRN] Skipping filing due to missing required data (CCM/CRSP/BTM).
2026-03-04 10:58:53 [INF] CIK 0001101093 | Filing 97/9706 for Year 2009 Starting
2026-03-04 10:58:53 [WRN] Missing permno mapping in CCM for Company Safer Shot, Inc. (0001101093).
2026-03-04 10:58:53 [WRN] Missing Book-to-Market data for Company Safer Shot, Inc. (0001101093) in 2009.
2026-03-04 10:58:53 [WRN] Skipping filing due to missing required data (CCM/CRSP/BTM).
2026-03-04 10:58:53 [INF] CIK 0001195584 | Filing 98/9706 for Year 2009 Starting
2026-03-04 10:58:53 [WRN] Missing permno mapping in CCM for Company ENWIN RESOURCES INC (0001195584).
2026-03-04 10:58:53 [WRN] Missing Book-to-Market data for Company ENWIN RESOURCES INC (0001195584) in 2009.
2026-03-04 10:58:53 [WRN] Skipping filing due to missing required data (CCM/CRSP/BTM).
2026-03-04 10:58:53 [INF] CIK 0000748015 | Filing 99/9706 for Year 2009 Starting
2026-03-04 10:58:53 [INF] CIK 0000748015 | Downloading filing HTML (cached if available)
2026-03-04 10:58:53 [INF] CIK 0000748015 | Reading HTML from C:\git\Edgar\Edgar\Data\raw\2009\0000748015\000104746909000191\0001047469-09-000191.txt
2026-03-04 10:58:53 [INF] CIK 0000748015 | Cleaning + extracting sections
2026-03-04 10:58:53 [INF] CIK 0000748015 | Filing 99/9706 for Year 2009 Finished
2026-03-04 10:58:53 [INF] CIK 0001314259 | Filing 100/9706 for Year 2009 Starting
2026-03-04 10:58:53 [WRN] Missing permno mapping in CCM for Company ASIAN DRAGON GROUP INC. (0001314259).
2026-03-04 10:58:53 [WRN] Missing Book-to-Market data for Company ASIAN DRAGON GROUP INC. (0001314259) in 2009.
2026-03-04 10:58:53 [WRN] Skipping filing due to missing required data (CCM/CRSP/BTM).
2026-03-04 10:58:53 [INF] CIK 0001442513 | Filing 101/9706 for Year 2009 Starting
2026-03-04 10:58:53 [WRN] Missing permno mapping in CCM for Company Compound Natural Foods Inc. (0001442513).
2026-03-04 10:58:53 [WRN] Missing Book-to-Market data for Company Compound Natural Foods Inc. (0001442513) in 2009.
2026-03-04 10:58:53 [WRN] Skipping filing due to missing required data (CCM/CRSP/BTM).
2026-03-04 10:58:53 [INF] CIK 0000715446 | Filing 102/9706 for Year 2009 Starting
2026-03-04 10:58:53 [WRN] Missing Book-to-Market data for Company COPYTELE INC (0000715446) in 2009.
2026-03-04 10:58:53 [WRN] Skipping filing due to missing required data (CCM/CRSP/BTM).
2026-03-04 10:58:53 [INF] CIK 0000783209 | Filing 103/9706 for Year 2009 Starting
2026-03-04 10:58:53 [WRN] Missing permno mapping in CCM for Company EUROGAS INC (0000783209).
2026-03-04 10:58:53 [WRN] Missing Book-to-Market data for Company EUROGAS INC (0000783209) in 2009.
2026-03-04 10:58:53 [WRN] Skipping filing due to missing required data (CCM/CRSP/BTM).
2026-03-04 10:58:53 [INF] CIK 0000810136 | Filing 104/9706 for Year 2009 Starting
2026-03-04 10:58:53 [INF] CIK 0000810136 | Downloading filing HTML (cached if available)
2026-03-04 10:58:53 [INF] CIK 0000810136 | Reading HTML from C:\git\Edgar\Edgar\Data\raw\2009\0000810136\000081013609000008\0000810136-09-000008.txt
2026-03-04 10:58:53 [INF] CIK 0000810136 | Cleaning + extracting sections
2026-03-04 10:58:54 [INF] CIK 0000810136 | Filing 104/9706 for Year 2009 Finished
2026-03-04 10:58:54 [INF] CIK 0000928659 | Filing 105/9706 for Year 2009 Starting
2026-03-04 10:58:54 [WRN] Missing permno mapping in CCM for Company TELETOUCH COMMUNICATIONS INC (0000928659).
2026-03-04 10:58:54 [WRN] Missing Book-to-Market data for Company TELETOUCH COMMUNICATIONS INC (0000928659) in 2009.
2026-03-04 10:58:54 [WRN] Skipping filing due to missing required data (CCM/CRSP/BTM).
2026-03-04 10:58:54 [INF] CIK 0001021226 | Filing 106/9706 for Year 2009 Starting
2026-03-04 10:58:54 [WRN] Missing permno mapping in CCM for Company GLOBAL MATRECHS, INC. (0001021226).
2026-03-04 10:58:54 [WRN] Missing Book-to-Market data for Company GLOBAL MATRECHS, INC. (0001021226) in 2009.
2026-03-04 10:58:54 [WRN] Skipping filing due to missing required data (CCM/CRSP/BTM).
2026-03-04 10:58:54 [INF] CIK 0001121813 | Filing 107/9706 for Year 2009 Starting
2026-03-04 10:58:54 [WRN] Missing permno mapping in CCM for Company BIG SKY INDUSTRIES III INC (0001121813).
2026-03-04 10:58:54 [WRN] Missing Book-to-Market data for Company BIG SKY INDUSTRIES III INC (0001121813) in 2009.
2026-03-04 10:58:54 [WRN] Skipping filing due to missing required data (CCM/CRSP/BTM).
2026-03-04 10:58:54 [INF] CIK 0001362516 | Filing 108/9706 for Year 2009 Starting
2026-03-04 10:58:54 [WRN] Missing permno mapping in CCM for Company Cleartronic, Inc. (0001362516).
2026-03-04 10:58:54 [WRN] Missing Book-to-Market data for Company Cleartronic, Inc. (0001362516) in 2009.
2026-03-04 10:58:54 [WRN] Skipping filing due to missing required data (CCM/CRSP/BTM).
2026-03-04 10:58:54 [INF] CIK 0001427714 | Filing 109/9706 for Year 2009 Starting
2026-03-04 10:58:54 [WRN] Missing permno mapping in CCM for Company LATIN AMERICAN VENTURES, INC. (0001427714).
2026-03-04 10:58:54 [WRN] Missing Book-to-Market data for Company LATIN AMERICAN VENTURES, INC. (0001427714) in 2009.
2026-03-04 10:58:54 [WRN] Skipping filing due to missing required data (CCM/CRSP/BTM).
2026-03-04 10:58:54 [INF] CIK 0001375686 | Filing 110/9706 for Year 2009 Starting
2026-03-04 10:58:54 [WRN] Missing CRSP trading days for Company BTHC VIII INC (0001375686) in 2009.
2026-03-04 10:58:54 [WRN] Missing Book-to-Market data for Company BTHC VIII INC (0001375686) in 2009.
2026-03-04 10:58:54 [WRN] Skipping filing due to missing required data (CCM/CRSP/BTM).
2026-03-04 10:58:54 [INF] CIK 0001415935 | Filing 111/9706 for Year 2009 Starting
2026-03-04 10:58:54 [WRN] Missing permno mapping in CCM for Company Axius Inc. (0001415935).
2026-03-04 10:58:54 [WRN] Missing Book-to-Market data for Company Axius Inc. (0001415935) in 2009.
2026-03-04 10:58:54 [WRN] Skipping filing due to missing required data (CCM/CRSP/BTM).
2026-03-04 10:58:54 [INF] CIK 0000781902 | Filing 112/9706 for Year 2009 Starting
2026-03-04 10:58:54 [WRN] Missing permno mapping in CCM for Company WASTE TECHNOLOGY CORP (0000781902).
2026-03-04 10:58:54 [WRN] Missing Book-to-Market data for Company WASTE TECHNOLOGY CORP (0000781902) in 2009.
2026-03-04 10:58:54 [WRN] Skipping filing due to missing required data (CCM/CRSP/BTM).
2026-03-04 10:58:54 [INF] CIK 0001082603 | Filing 113/9706 for Year 2009 Starting
2026-03-04 10:58:54 [WRN] Missing permno mapping in CCM for Company Global Peopleline Telecom Inc. (Formerly China Mobility Solutions, Inc.) (0001082603).
2026-03-04 10:58:54 [WRN] Missing Book-to-Market data for Company Global Peopleline Telecom Inc. (Formerly China Mobility Solutions, Inc.) (0001082603) in 2009.
2026-03-04 10:58:54 [WRN] Skipping filing due to missing required data (CCM/CRSP/BTM).
2026-03-04 10:58:54 [INF] CIK 0001342916 | Filing 114/9706 for Year 2009 Starting
2026-03-04 10:58:54 [WRN] Missing permno mapping in CCM for Company American Bonanza Resources Corp. (0001342916).
2026-03-04 10:58:54 [WRN] Missing Book-to-Market data for Company American Bonanza Resources Corp. (0001342916) in 2009.
2026-03-04 10:58:54 [WRN] Skipping filing due to missing required data (CCM/CRSP/BTM).
2026-03-04 10:58:54 [INF] CIK 0001375685 | Filing 115/9706 for Year 2009 Starting
2026-03-04 10:58:54 [WRN] Missing permno mapping in CCM for Company BTHC X INC (0001375685).
2026-03-04 10:58:54 [WRN] Missing Book-to-Market data for Company BTHC X INC (0001375685) in 2009.
2026-03-04 10:58:54 [WRN] Skipping filing due to missing required data (CCM/CRSP/BTM).
2026-03-04 10:58:54 [INF] CIK 0000904350 | Filing 116/9706 for Year 2009 Starting
2026-03-04 10:58:54 [WRN] Missing permno mapping in CCM for Company TRESTLE HOLDINGS, INC. (0000904350).
2026-03-04 10:58:54 [WRN] Missing Book-to-Market data for Company TRESTLE HOLDINGS, INC. (0000904350) in 2009.
2026-03-04 10:58:54 [WRN] Skipping filing due to missing required data (CCM/CRSP/BTM).
2026-03-04 10:58:54 [INF] CIK 0001094651 | Filing 117/9706 for Year 2009 Starting
2026-03-04 10:58:54 [WRN] Missing permno mapping in CCM for Company TRIMAX CORP (0001094651).
2026-03-04 10:58:54 [WRN] Missing Book-to-Market data for Company TRIMAX CORP (0001094651) in 2009.
2026-03-04 10:58:54 [WRN] Skipping filing due to missing required data (CCM/CRSP/BTM).
2026-03-04 10:58:54 [INF] CIK 0001316360 | Filing 118/9706 for Year 2009 Starting
2026-03-04 10:58:54 [WRN] Missing permno mapping in CCM for Company IHS Inc. (0001316360).
2026-03-04 10:58:54 [WRN] Missing Book-to-Market data for Company IHS Inc. (0001316360) in 2009.
2026-03-04 10:58:54 [WRN] Skipping filing due to missing required data (CCM/CRSP/BTM).
2026-03-04 10:58:54 [INF] CIK 0001405646 | Filing 119/9706 for Year 2009 Starting
2026-03-04 10:58:54 [WRN] Missing permno mapping in CCM for Company BTHC XIV, Inc. (0001405646).
2026-03-04 10:58:54 [WRN] Missing Book-to-Market data for Company BTHC XIV, Inc. (0001405646) in 2009.
2026-03-04 10:58:54 [WRN] Skipping filing due to missing required data (CCM/CRSP/BTM).
2026-03-04 10:58:54 [INF] CIK 0000019149 | Filing 120/9706 for Year 2009 Starting
2026-03-04 10:58:54 [INF] CIK 0000019149 | Downloading filing HTML (cached if available)
2026-03-04 10:58:54 [INF] CIK 0000019149 | Reading HTML from C:\git\Edgar\Edgar\Data\raw\2009\0000019149\000001914909000003\0000019149-09-000003.txt
2026-03-04 10:58:54 [INF] CIK 0000019149 | Cleaning + extracting sections
2026-03-04 10:58:54 [INF] CIK 0000019149 | Filing 120/9706 for Year 2009 Finished
2026-03-04 10:58:54 [INF] CIK 0000020740 | Filing 121/9706 for Year 2009 Starting
2026-03-04 10:58:54 [INF] CIK 0000020740 | Downloading filing HTML (cached if available)
2026-03-04 10:58:54 [INF] CIK 0000020740 | Reading HTML from C:\git\Edgar\Edgar\Data\raw\2009\0000020740\000095013709000448\0000950137-09-000448.txt
2026-03-04 10:58:54 [INF] CIK 0000020740 | Cleaning + extracting sections
2026-03-04 10:58:55 [INF] CIK 0000020740 | Filing 121/9706 for Year 2009 Finished
2026-03-04 10:58:55 [INF] CIK 0000742550 | Filing 122/9706 for Year 2009 Starting
2026-03-04 10:58:55 [INF] CIK 0000742550 | Downloading filing HTML (cached if available)
2026-03-04 10:58:55 [INF] CIK 0000742550 | Reading HTML from C:\git\Edgar\Edgar\Data\raw\2009\0000742550\000110465909003899\0001104659-09-003899.txt
2026-03-04 10:58:55 [INF] CIK 0000742550 | Cleaning + extracting sections
2026-03-04 10:58:55 [INF] CIK 0000742550 | Filing 122/9706 for Year 2009 Finished
2026-03-04 10:58:55 [INF] CIK 0000796343 | Filing 123/9706 for Year 2009 Starting
2026-03-04 10:58:55 [INF] CIK 0000796343 | Downloading filing HTML (cached if available)
2026-03-04 10:58:55 [INF] CIK 0000796343 | Reading HTML from C:\git\Edgar\Edgar\Data\raw\2009\0000796343\000079634309000007\0000796343-09-000007.txt
2026-03-04 10:58:56 [INF] CIK 0000796343 | Cleaning + extracting sections
2026-03-04 10:58:56 [INF] CIK 0000796343 | Filing 123/9706 for Year 2009 Finished
2026-03-04 10:58:56 [INF] CIK 0001057695 | Filing 124/9706 for Year 2009 Starting
2026-03-04 10:58:56 [WRN] Missing permno mapping in CCM for Company INTERNATIONAL SMART SOURCING INC (0001057695).
2026-03-04 10:58:56 [WRN] Missing Book-to-Market data for Company INTERNATIONAL SMART SOURCING INC (0001057695) in 2009.
2026-03-04 10:58:56 [WRN] Skipping filing due to missing required data (CCM/CRSP/BTM).
2026-03-04 10:58:56 [INF] CIK 0001279363 | Filing 125/9706 for Year 2009 Starting
2026-03-04 10:58:56 [INF] CIK 0001279363 | Downloading filing HTML (cached if available)
2026-03-04 10:58:56 [INF] CIK 0001279363 | Reading HTML from C:\git\Edgar\Edgar\Data\raw\2009\0001279363\000110465909003936\0001104659-09-003936.txt
2026-03-04 10:58:56 [INF] CIK 0001279363 | Cleaning + extracting sections
2026-03-04 10:58:57 [INF] CIK 0001279363 | Filing 125/9706 for Year 2009 Finished
2026-03-04 10:58:57 [INF] CIK 0001345432 | Filing 126/9706 for Year 2009 Starting
2026-03-04 10:58:57 [WRN] Missing permno mapping in CCM for Company PERFECTENERGY INTERNATIONAL LTD (0001345432).
2026-03-04 10:58:57 [WRN] Missing Book-to-Market data for Company PERFECTENERGY INTERNATIONAL LTD (0001345432) in 2009.
2026-03-04 10:58:57 [WRN] Skipping filing due to missing required data (CCM/CRSP/BTM).
2026-03-04 10:58:57 [INF] CIK 0001412090 | Filing 127/9706 for Year 2009 Starting
2026-03-04 10:58:57 [WRN] Missing permno mapping in CCM for Company BTHC XV, Inc. (0001412090).
2026-03-04 10:58:57 [WRN] Missing Book-to-Market data for Company BTHC XV, Inc. (0001412090) in 2009.
2026-03-04 10:58:57 [WRN] Skipping filing due to missing required data (CCM/CRSP/BTM).
2026-03-04 10:58:57 [INF] CIK 0001415936 | Filing 128/9706 for Year 2009 Starting
2026-03-04 10:58:57 [WRN] Missing permno mapping in CCM for Company Reflex Inc. (0001415936).
2026-03-04 10:58:57 [WRN] Missing Book-to-Market data for Company Reflex Inc. (0001415936) in 2009.
2026-03-04 10:58:57 [WRN] Skipping filing due to missing required data (CCM/CRSP/BTM).
2026-03-04 10:58:57 [INF] CIK 0001419177 | Filing 129/9706 for Year 2009 Starting
2026-03-04 10:58:57 [WRN] Missing permno mapping in CCM for Company KUNEKT CORP (0001419177).
2026-03-04 10:58:57 [WRN] Missing Book-to-Market data for Company KUNEKT CORP (0001419177) in 2009.
2026-03-04 10:58:57 [WRN] Skipping filing due to missing required data (CCM/CRSP/BTM).
2026-03-04 10:58:57 [INF] CIK 0001419995 | Filing 130/9706 for Year 2009 Starting
2026-03-04 10:58:57 [WRN] Missing permno mapping in CCM for Company FAMOUS PRODUCTS INC (0001419995).
2026-03-04 10:58:57 [WRN] Missing Book-to-Market data for Company FAMOUS PRODUCTS INC (0001419995) in 2009.
2026-03-04 10:58:57 [WRN] Skipping filing due to missing required data (CCM/CRSP/BTM).
2026-03-04 10:58:57 [INF] CIK 0001422222 | Filing 131/9706 for Year 2009 Starting
2026-03-04 10:58:57 [WRN] Missing permno mapping in CCM for Company 1 LANE TECHNOLOGIES CORP (0001422222).
2026-03-04 10:58:57 [WRN] Missing Book-to-Market data for Company 1 LANE TECHNOLOGIES CORP (0001422222) in 2009.
2026-03-04 10:58:57 [WRN] Skipping filing due to missing required data (CCM/CRSP/BTM).
2026-03-04 10:58:57 [INF] CIK 0001431934 | Filing 132/9706 for Year 2009 Starting
2026-03-04 10:58:57 [WRN] Missing permno mapping in CCM for Company DYNAMIC APPLICATIONS CORP (0001431934).
2026-03-04 10:58:57 [WRN] Missing Book-to-Market data for Company DYNAMIC APPLICATIONS CORP (0001431934) in 2009.
2026-03-04 10:58:57 [WRN] Skipping filing due to missing required data (CCM/CRSP/BTM).
2026-03-04 10:58:57 [INF] CIK 0000815093 | Filing 133/9706 for Year 2009 Starting
2026-03-04 10:58:57 [INF] CIK 0000815093 | Downloading filing HTML (cached if available)
2026-03-04 10:58:57 [INF] CIK 0000815093 | Reading HTML from C:\git\Edgar\Edgar\Data\raw\2009\0000815093\000089710109000139\0000897101-09-000139.txt
2026-03-04 10:58:57 [INF] CIK 0000815093 | Cleaning + extracting sections
2026-03-04 10:59:06 [INF] CIK 0000815093 | Filing 133/9706 for Year 2009 Finished
2026-03-04 10:59:06 [INF] CIK 0001177394 | Filing 134/9706 for Year 2009 Starting
2026-03-04 10:59:06 [INF] CIK 0001177394 | Downloading filing HTML (cached if available)
2026-03-04 10:59:06 [INF] CIK 0001177394 | Reading HTML from C:\git\Edgar\Edgar\Data\raw\2009\0001177394\000119312509011519\0001193125-09-011519.txt
2026-03-04 10:59:06 [INF] CIK 0001177394 | Cleaning + extracting sections
2026-03-04 10:59:06 [INF] CIK 0001177394 | Filing 134/9706 for Year 2009 Finished
2026-03-04 10:59:06 [INF] CIK 0001181749 | Filing 135/9706 for Year 2009 Starting
2026-03-04 10:59:06 [WRN] Missing permno mapping in CCM for Company Granite Falls Energy, LLC (0001181749).
2026-03-04 10:59:06 [WRN] Missing Book-to-Market data for Company Granite Falls Energy, LLC (0001181749) in 2009.
2026-03-04 10:59:06 [WRN] Skipping filing due to missing required data (CCM/CRSP/BTM).
2026-03-04 10:59:06 [INF] CIK 0001348362 | Filing 136/9706 for Year 2009 Starting
2026-03-04 10:59:06 [WRN] Missing permno mapping in CCM for Company LEXARIA CORP. (0001348362).
2026-03-04 10:59:06 [WRN] Missing Book-to-Market data for Company LEXARIA CORP. (0001348362) in 2009.
2026-03-04 10:59:06 [WRN] Skipping filing due to missing required data (CCM/CRSP/BTM).
2026-03-04 10:59:06 [INF] CIK 0001353489 | Filing 137/9706 for Year 2009 Starting
2026-03-04 10:59:06 [WRN] Missing permno mapping in CCM for Company HSM HOLDINGS, INC (0001353489).
2026-03-04 10:59:06 [WRN] Missing Book-to-Market data for Company HSM HOLDINGS, INC (0001353489) in 2009.
2026-03-04 10:59:06 [WRN] Skipping filing due to missing required data (CCM/CRSP/BTM).
2026-03-04 10:59:06 [INF] CIK 0001363343 | Filing 138/9706 for Year 2009 Starting
2026-03-04 10:59:06 [WRN] Missing permno mapping in CCM for Company Marketing Acquisition Corp (0001363343).
2026-03-04 10:59:06 [WRN] Missing Book-to-Market data for Company Marketing Acquisition Corp (0001363343) in 2009.
2026-03-04 10:59:06 [WRN] Skipping filing due to missing required data (CCM/CRSP/BTM).
2026-03-04 10:59:06 [INF] CIK 0001397951 | Filing 139/9706 for Year 2009 Starting
2026-03-04 10:59:06 [WRN] Missing permno mapping in CCM for Company AUROR CAPITAL CORP (0001397951).
2026-03-04 10:59:06 [WRN] Missing Book-to-Market data for Company AUROR CAPITAL CORP (0001397951) in 2009.
2026-03-04 10:59:06 [WRN] Skipping filing due to missing required data (CCM/CRSP/BTM).
2026-03-04 10:59:06 [INF] CIK 0001421323 | Filing 140/9706 for Year 2009 Starting
2026-03-04 10:59:06 [WRN] Missing permno mapping in CCM for Company Ensign Services, Inc. (0001421323).
2026-03-04 10:59:06 [WRN] Missing Book-to-Market data for Company Ensign Services, Inc. (0001421323) in 2009.
2026-03-04 10:59:06 [WRN] Skipping filing due to missing required data (CCM/CRSP/BTM).
2026-03-04 10:59:06 [INF] CIK 0000785787 | Filing 141/9706 for Year 2009 Starting
2026-03-04 10:59:06 [INF] CIK 0000785787 | Downloading filing HTML (cached if available)
2026-03-04 10:59:07 [INF] CIK 0000785787 | Reading HTML from C:\git\Edgar\Edgar\Data\raw\2009\0000785787\000104746909000421\0001047469-09-000421.txt
2026-03-04 10:59:07 [INF] CIK 0000785787 | Cleaning + extracting sections
2026-03-04 10:59:07 [INF] CIK 0000785787 | Filing 141/9706 for Year 2009 Finished
2026-03-04 10:59:07 [INF] CIK 0000886982 | Filing 142/9706 for Year 2009 Starting
2026-03-04 10:59:07 [INF] CIK 0000886982 | Downloading filing HTML (cached if available)
2026-03-04 10:59:07 [INF] CIK 0000886982 | Reading HTML from C:\git\Edgar\Edgar\Data\raw\2009\0000886982\000095012309001278\0000950123-09-001278.txt
2026-03-04 10:59:07 [INF] CIK 0000886982 | Cleaning + extracting sections
2026-03-04 10:59:07 [INF] CIK 0000886982 | Filing 142/9706 for Year 2009 Finished
2026-03-04 10:59:07 [INF] CIK 0000920760 | Filing 143/9706 for Year 2009 Starting
2026-03-04 10:59:07 [INF] CIK 0000920760 | Downloading filing HTML (cached if available)
2026-03-04 10:59:08 [INF] CIK 0000920760 | Reading HTML from C:\git\Edgar\Edgar\Data\raw\2009\0000920760\000119312509011559\0001193125-09-011559.txt
2026-03-04 10:59:08 [INF] CIK 0000920760 | Cleaning + extracting sections
2026-03-04 10:59:08 [INF] CIK 0000920760 | Filing 143/9706 for Year 2009 Finished
2026-03-04 10:59:08 [INF] CIK 0000101821 | Filing 144/9706 for Year 2009 Starting
2026-03-04 10:59:08 [WRN] Missing permno mapping in CCM for Company CANAL CAPITAL CORP (0000101821).
2026-03-04 10:59:08 [WRN] Missing Book-to-Market data for Company CANAL CAPITAL CORP (0000101821) in 2009.
2026-03-04 10:59:08 [WRN] Skipping filing due to missing required data (CCM/CRSP/BTM).
2026-03-04 10:59:08 [INF] CIK 0001085280 | Filing 145/9706 for Year 2009 Starting
2026-03-04 10:59:08 [INF] CIK 0001085280 | Downloading filing HTML (cached if available)
2026-03-04 10:59:08 [INF] CIK 0001085280 | Reading HTML from C:\git\Edgar\Edgar\Data\raw\2009\0001085280\000119312509012267\0001193125-09-012267.txt
2026-03-04 10:59:08 [INF] CIK 0001085280 | Cleaning + extracting sections
2026-03-04 10:59:08 [INF] CIK 0001085280 | Filing 145/9706 for Year 2009 Finished
2026-03-04 10:59:08 [INF] CIK 0001137469 | Filing 146/9706 for Year 2009 Starting
2026-03-04 10:59:08 [WRN] Missing permno mapping in CCM for Company NOVA BIOSOURCE FUELS, INC. (0001137469).
2026-03-04 10:59:08 [WRN] Missing Book-to-Market data for Company NOVA BIOSOURCE FUELS, INC. (0001137469) in 2009.
2026-03-04 10:59:08 [WRN] Skipping filing due to missing required data (CCM/CRSP/BTM).
2026-03-04 10:59:08 [INF] CIK 0001285014 | Filing 147/9706 for Year 2009 Starting
2026-03-04 10:59:08 [WRN] Missing permno mapping in CCM for Company NAVISTAR FINANCIAL RETAIL REC CORP 2004 A OWNER TRUST (0001285014).
2026-03-04 10:59:08 [WRN] Missing Book-to-Market data for Company NAVISTAR FINANCIAL RETAIL REC CORP 2004 A OWNER TRUST (0001285014) in 2009.
2026-03-04 10:59:08 [WRN] Skipping filing due to missing required data (CCM/CRSP/BTM).
2026-03-04 10:59:08 [INF] CIK 0001287082 | Filing 148/9706 for Year 2009 Starting
2026-03-04 10:59:08 [WRN] Missing permno mapping in CCM for Company NAVISTAR FINANCIAL RETAIL REC CORP 2003 B OWNER TRUST (0001287082).
2026-03-04 10:59:08 [WRN] Missing Book-to-Market data for Company NAVISTAR FINANCIAL RETAIL REC CORP 2003 B OWNER TRUST (0001287082) in 2009.
2026-03-04 10:59:08 [WRN] Skipping filing due to missing required data (CCM/CRSP/BTM).
2026-03-04 10:59:08 [INF] CIK 0001308733 | Filing 149/9706 for Year 2009 Starting
2026-03-04 10:59:08 [WRN] Missing permno mapping in CCM for Company Navistar Financial 2004-B Owner Trust (0001308733).
2026-03-04 10:59:08 [WRN] Missing Book-to-Market data for Company Navistar Financial 2004-B Owner Trust (0001308733) in 2009.
2026-03-04 10:59:08 [WRN] Skipping filing due to missing required data (CCM/CRSP/BTM).
2026-03-04 10:59:08 [INF] CIK 0001332760 | Filing 150/9706 for Year 2009 Starting
2026-03-04 10:59:08 [WRN] Missing permno mapping in CCM for Company Navistar Financial 2005-A Owner Trust (0001332760).
2026-03-04 10:59:08 [WRN] Missing Book-to-Market data for Company Navistar Financial 2005-A Owner Trust (0001332760) in 2009.
2026-03-04 10:59:08 [WRN] Skipping filing due to missing required data (CCM/CRSP/BTM).
2026-03-04 10:59:08 [INF] CIK 0001387620 | Filing 151/9706 for Year 2009 Starting
2026-03-04 10:59:08 [WRN] Missing permno mapping in CCM for Company BBN Global Consulting, Inc (0001387620).
2026-03-04 10:59:08 [WRN] Missing Book-to-Market data for Company BBN Global Consulting, Inc (0001387620) in 2009.
2026-03-04 10:59:08 [WRN] Skipping filing due to missing required data (CCM/CRSP/BTM).
2026-03-04 10:59:08 [INF] CIK 0001393612 | Filing 152/9706 for Year 2009 Starting
2026-03-04 10:59:08 [INF] CIK 0001393612 | Downloading filing HTML (cached if available)
2026-03-04 10:59:08 [INF] CIK 0001393612 | Reading HTML from C:\git\Edgar\Edgar\Data\raw\2009\0001393612\000119312509013205\0001193125-09-013205.txt
2026-03-04 10:59:09 [INF] CIK 0001393612 | Cleaning + extracting sections
2026-03-04 10:59:09 [INF] CIK 0001393612 | Filing 152/9706 for Year 2009 Finished
2026-03-04 10:59:09 [INF] CIK 0001394638 | Filing 153/9706 for Year 2009 Starting
2026-03-04 10:59:09 [WRN] Missing permno mapping in CCM for Company B2 HEALTH, INC. (0001394638).
2026-03-04 10:59:09 [WRN] Missing Book-to-Market data for Company B2 HEALTH, INC. (0001394638) in 2009.
2026-03-04 10:59:09 [WRN] Skipping filing due to missing required data (CCM/CRSP/BTM).
2026-03-04 10:59:09 [INF] CIK 0001413507 | Filing 154/9706 for Year 2009 Starting
2026-03-04 10:59:09 [WRN] Missing CRSP trading days for Company SYNERGY RESOURCES CORP (0001413507) in 2009.
2026-03-04 10:59:09 [WRN] Missing Book-to-Market data for Company SYNERGY RESOURCES CORP (0001413507) in 2009.
2026-03-04 10:59:09 [WRN] Skipping filing due to missing required data (CCM/CRSP/BTM).
2026-03-04 10:59:09 [INF] CIK 0000014177 | Filing 155/9706 for Year 2009 Starting
2026-03-04 10:59:09 [INF] CIK 0000014177 | Downloading filing HTML (cached if available)
2026-03-04 10:59:09 [INF] CIK 0000014177 | Reading HTML from C:\git\Edgar\Edgar\Data\raw\2009\0000014177\000120677409000106\0001206774-09-000106.txt
2026-03-04 10:59:09 [INF] CIK 0000014177 | Cleaning + extracting sections
2026-03-04 10:59:09 [INF] CIK 0000014177 | Filing 155/9706 for Year 2009 Finished
2026-03-04 10:59:09 [INF] CIK 0001418730 | Filing 156/9706 for Year 2009 Starting
2026-03-04 10:59:09 [WRN] Missing permno mapping in CCM for Company Your Way Holding Corp (0001418730).
2026-03-04 10:59:09 [WRN] Missing Book-to-Market data for Company Your Way Holding Corp (0001418730) in 2009.
2026-03-04 10:59:09 [WRN] Skipping filing due to missing required data (CCM/CRSP/BTM).
2026-03-04 10:59:09 [INF] CIK 0001423239 | Filing 157/9706 for Year 2009 Starting
2026-03-04 10:59:09 [WRN] Missing permno mapping in CCM for Company Jasper Ventures Inc. (0001423239).
2026-03-04 10:59:09 [WRN] Missing Book-to-Market data for Company Jasper Ventures Inc. (0001423239) in 2009.
2026-03-04 10:59:09 [WRN] Skipping filing due to missing required data (CCM/CRSP/BTM).
2026-03-04 10:59:09 [INF] CIK 0001431714 | Filing 158/9706 for Year 2009 Starting
2026-03-04 10:59:09 [WRN] Missing permno mapping in CCM for Company John Deere Owner Trust 2008 (0001431714).
2026-03-04 10:59:09 [WRN] Missing Book-to-Market data for Company John Deere Owner Trust 2008 (0001431714) in 2009.
2026-03-04 10:59:09 [WRN] Skipping filing due to missing required data (CCM/CRSP/BTM).
2026-03-04 10:59:09 [INF] CIK 0000039368 | Filing 159/9706 for Year 2009 Starting
2026-03-04 10:59:09 [INF] CIK 0000039368 | Downloading filing HTML (cached if available)
2026-03-04 10:59:09 [INF] CIK 0000039368 | Reading HTML from C:\git\Edgar\Edgar\Data\raw\2009\0000039368\000119312509012966\0001193125-09-012966.txt
2026-03-04 10:59:09 [INF] CIK 0000039368 | Cleaning + extracting sections
2026-03-04 10:59:09 [INF] CIK 0000039368 | Filing 159/9706 for Year 2009 Finished
2026-03-04 10:59:09 [INF] CIK 0000063754 | Filing 160/9706 for Year 2009 Starting
2026-03-04 10:59:09 [INF] CIK 0000063754 | Downloading filing HTML (cached if available)
2026-03-04 10:59:10 [INF] CIK 0000063754 | Reading HTML from C:\git\Edgar\Edgar\Data\raw\2009\0000063754\000119312509013251\0001193125-09-013251.txt
2026-03-04 10:59:10 [INF] CIK 0000063754 | Cleaning + extracting sections
2026-03-04 10:59:10 [INF] CIK 0000063754 | Filing 160/9706 for Year 2009 Finished
2026-03-04 10:59:10 [INF] CIK 0001000230 | Filing 161/9706 for Year 2009 Starting
2026-03-04 10:59:10 [INF] CIK 0001000230 | Downloading filing HTML (cached if available)
2026-03-04 10:59:10 [INF] CIK 0001000230 | Reading HTML from C:\git\Edgar\Edgar\Data\raw\2009\0001000230\000119312509014313\0001193125-09-014313.txt
2026-03-04 10:59:10 [INF] CIK 0001000230 | Cleaning + extracting sections
2026-03-04 10:59:10 [INF] CIK 0001000230 | Filing 161/9706 for Year 2009 Finished
2026-03-04 10:59:10 [INF] CIK 0001007019 | Filing 162/9706 for Year 2009 Starting
2026-03-04 10:59:10 [INF] CIK 0001007019 | Downloading filing HTML (cached if available)
2026-03-04 10:59:11 [INF] CIK 0001007019 | Reading HTML from C:\git\Edgar\Edgar\Data\raw\2009\0001007019\000135448809000093\0001354488-09-000093.txt
2026-03-04 10:59:11 [INF] CIK 0001007019 | Cleaning + extracting sections
2026-03-04 10:59:11 [INF] CIK 0001007019 | Filing 162/9706 for Year 2009 Finished
2026-03-04 10:59:11 [INF] CIK 0001058027 | Filing 163/9706 for Year 2009 Starting
2026-03-04 10:59:11 [INF] CIK 0001058027 | Downloading filing HTML (cached if available)
2026-03-04 10:59:11 [INF] CIK 0001058027 | Reading HTML from C:\git\Edgar\Edgar\Data\raw\2009\0001058027\000114420409004203\0001144204-09-004203.txt
2026-03-04 10:59:11 [INF] CIK 0001058027 | Cleaning + extracting sections
2026-03-04 10:59:11 [INF] CIK 0001058027 | Filing 163/9706 for Year 2009 Finished
2026-03-04 10:59:11 [INF] CIK 0001076682 | Filing 164/9706 for Year 2009 Starting
2026-03-04 10:59:11 [INF] CIK 0001076682 | Downloading filing HTML (cached if available)
2026-03-04 10:59:11 [INF] CIK 0001076682 | Reading HTML from C:\git\Edgar\Edgar\Data\raw\2009\0001076682\000095012309001565\0000950123-09-001565.txt
2026-03-04 10:59:11 [INF] CIK 0001076682 | Cleaning + extracting sections
2026-03-04 10:59:11 [INF] CIK 0001076682 | Filing 164/9706 for Year 2009 Finished
2026-03-04 10:59:11 [INF] CIK 0001092807 | Filing 165/9706 for Year 2009 Starting
2026-03-04 10:59:11 [WRN] Missing permno mapping in CCM for Company ALPINE AIR EXPRESS INC/DE (0001092807).
2026-03-04 10:59:11 [WRN] Missing Book-to-Market data for Company ALPINE AIR EXPRESS INC/DE (0001092807) in 2009.
2026-03-04 10:59:11 [WRN] Skipping filing due to missing required data (CCM/CRSP/BTM).
2026-03-04 10:59:11 [INF] CIK 0001102542 | Filing 166/9706 for Year 2009 Starting
2026-03-04 10:59:11 [WRN] Missing permno mapping in CCM for Company SCO GROUP INC (0001102542).
2026-03-04 10:59:11 [WRN] Missing Book-to-Market data for Company SCO GROUP INC (0001102542) in 2009.
2026-03-04 10:59:11 [WRN] Skipping filing due to missing required data (CCM/CRSP/BTM).
2026-03-04 10:59:11 [INF] CIK 0001111285 | Filing 167/9706 for Year 2009 Starting
2026-03-04 10:59:11 [WRN] Missing permno mapping in CCM for Company SEGWAY IV CORP (0001111285).
2026-03-04 10:59:11 [WRN] Missing Book-to-Market data for Company SEGWAY IV CORP (0001111285) in 2009.
2026-03-04 10:59:11 [WRN] Skipping filing due to missing required data (CCM/CRSP/BTM).
2026-03-04 10:59:11 [INF] CIK 0001123316 | Filing 168/9706 for Year 2009 Starting
2026-03-04 10:59:11 [INF] CIK 0001123316 | Downloading filing HTML (cached if available)
2026-03-04 10:59:11 [INF] CIK 0001123316 | Reading HTML from C:\git\Edgar\Edgar\Data\raw\2009\0001123316\000095013509000537\0000950135-09-000537.txt
2026-03-04 10:59:11 [INF] CIK 0001123316 | Cleaning + extracting sections
2026-03-04 10:59:11 [INF] CIK 0001123316 | Filing 168/9706 for Year 2009 Finished
2026-03-04 10:59:11 [INF] CIK 0001125259 | Filing 169/9706 for Year 2009 Starting
2026-03-04 10:59:11 [WRN] Missing permno mapping in CCM for Company CARNIVAL PLC (0001125259).
2026-03-04 10:59:11 [WRN] Missing Book-to-Market data for Company CARNIVAL PLC (0001125259) in 2009.
2026-03-04 10:59:11 [WRN] Skipping filing due to missing required data (CCM/CRSP/BTM).
2026-03-04 10:59:11 [INF] CIK 0001159464 | Filing 170/9706 for Year 2009 Starting
2026-03-04 10:59:11 [WRN] Missing permno mapping in CCM for Company MONEYFLOW SYSTEMS INTERNATIONAL INC (0001159464).
2026-03-04 10:59:11 [WRN] Missing Book-to-Market data for Company MONEYFLOW SYSTEMS INTERNATIONAL INC (0001159464) in 2009.
2026-03-04 10:59:11 [WRN] Skipping filing due to missing required data (CCM/CRSP/BTM).
2026-03-04 10:59:11 [INF] CIK 0001185218 | Filing 171/9706 for Year 2009 Starting
2026-03-04 10:59:11 [WRN] Missing permno mapping in CCM for Company GENERAL RED INTERNATIONAL, INC. (0001185218).
2026-03-04 10:59:11 [WRN] Missing Book-to-Market data for Company GENERAL RED INTERNATIONAL, INC. (0001185218) in 2009.
2026-03-04 10:59:11 [WRN] Skipping filing due to missing required data (CCM/CRSP/BTM).
2026-03-04 10:59:11 [INF] CIK 0001190370 | Filing 172/9706 for Year 2009 Starting
2026-03-04 10:59:11 [WRN] Missing permno mapping in CCM for Company INNOVATIVE DESIGNS INC (0001190370).
2026-03-04 10:59:11 [WRN] Missing Book-to-Market data for Company INNOVATIVE DESIGNS INC (0001190370) in 2009.
2026-03-04 10:59:11 [WRN] Skipping filing due to missing required data (CCM/CRSP/BTM).
2026-03-04 10:59:11 [INF] CIK 0001206942 | Filing 173/9706 for Year 2009 Starting
2026-03-04 10:59:11 [WRN] Missing permno mapping in CCM for Company GOLDEN GRAIN ENERGY (0001206942).
2026-03-04 10:59:11 [WRN] Missing Book-to-Market data for Company GOLDEN GRAIN ENERGY (0001206942) in 2009.
2026-03-04 10:59:11 [WRN] Skipping filing due to missing required data (CCM/CRSP/BTM).
2026-03-04 10:59:11 [INF] CIK 0001210536 | Filing 174/9706 for Year 2009 Starting
2026-03-04 10:59:11 [WRN] Missing permno mapping in CCM for Company PRINCIPAL CAPITAL GROUP, INC. (0001210536).
2026-03-04 10:59:11 [WRN] Missing Book-to-Market data for Company PRINCIPAL CAPITAL GROUP, INC. (0001210536) in 2009.
2026-03-04 10:59:11 [WRN] Skipping filing due to missing required data (CCM/CRSP/BTM).
2026-03-04 10:59:11 [INF] CIK 0001212641 | Filing 175/9706 for Year 2009 Starting
2026-03-04 10:59:11 [WRN] Missing permno mapping in CCM for Company BRINX RESOURCES LTD (0001212641).
2026-03-04 10:59:11 [WRN] Missing Book-to-Market data for Company BRINX RESOURCES LTD (0001212641) in 2009.
2026-03-04 10:59:11 [WRN] Skipping filing due to missing required data (CCM/CRSP/BTM).
2026-03-04 10:59:11 [INF] CIK 0000012779 | Filing 176/9706 for Year 2009 Starting
2026-03-04 10:59:11 [WRN] Missing permno mapping in CCM for Company BLUE RIDGE REAL ESTATE CO (0000012779).
2026-03-04 10:59:11 [WRN] Missing Book-to-Market data for Company BLUE RIDGE REAL ESTATE CO (0000012779) in 2009.
2026-03-04 10:59:11 [WRN] Skipping filing due to missing required data (CCM/CRSP/BTM).
2026-03-04 10:59:11 [INF] CIK 0001286964 | Filing 177/9706 for Year 2009 Starting
2026-03-04 10:59:11 [WRN] Missing permno mapping in CCM for Company Heron Lake BioEnergy, LLC (0001286964).
2026-03-04 10:59:11 [WRN] Missing Book-to-Market data for Company Heron Lake BioEnergy, LLC (0001286964) in 2009.
2026-03-04 10:59:11 [WRN] Skipping filing due to missing required data (CCM/CRSP/BTM).
2026-03-04 10:59:11 [INF] CIK 0001304161 | Filing 178/9706 for Year 2009 Starting
2026-03-04 10:59:11 [WRN] Missing permno mapping in CCM for Company Pharma-Bio Serv, Inc. (0001304161).
2026-03-04 10:59:11 [WRN] Missing Book-to-Market data for Company Pharma-Bio Serv, Inc. (0001304161) in 2009.
2026-03-04 10:59:11 [WRN] Skipping filing due to missing required data (CCM/CRSP/BTM).
2026-03-04 10:59:11 [INF] CIK 0001346973 | Filing 179/9706 for Year 2009 Starting
2026-03-04 10:59:11 [WRN] Missing permno mapping in CCM for Company American Antiquities, Inc. (0001346973).
2026-03-04 10:59:11 [WRN] Missing Book-to-Market data for Company American Antiquities, Inc. (0001346973) in 2009.
2026-03-04 10:59:11 [WRN] Skipping filing due to missing required data (CCM/CRSP/BTM).
2026-03-04 10:59:11 [INF] CIK 0001367555 | Filing 180/9706 for Year 2009 Starting
2026-03-04 10:59:11 [WRN] Missing permno mapping in CCM for Company Harrison Mining Inc. (0001367555).
2026-03-04 10:59:11 [WRN] Missing Book-to-Market data for Company Harrison Mining Inc. (0001367555) in 2009.
2026-03-04 10:59:11 [WRN] Skipping filing due to missing required data (CCM/CRSP/BTM).
2026-03-04 10:59:11 [INF] CIK 0001378044 | Filing 181/9706 for Year 2009 Starting
2026-03-04 10:59:11 [WRN] Missing permno mapping in CCM for Company REIDCO ACQUISITION I INC (0001378044).
2026-03-04 10:59:11 [WRN] Missing Book-to-Market data for Company REIDCO ACQUISITION I INC (0001378044) in 2009.
2026-03-04 10:59:11 [WRN] Skipping filing due to missing required data (CCM/CRSP/BTM).
2026-03-04 10:59:11 [INF] CIK 0001382462 | Filing 182/9706 for Year 2009 Starting
2026-03-04 10:59:11 [WRN] Missing permno mapping in CCM for Company Candev Resource Exploration, Inc. (0001382462).
2026-03-04 10:59:11 [WRN] Missing Book-to-Market data for Company Candev Resource Exploration, Inc. (0001382462) in 2009.
2026-03-04 10:59:11 [WRN] Skipping filing due to missing required data (CCM/CRSP/BTM).
2026-03-04 10:59:11 [INF] CIK 0001383145 | Filing 183/9706 for Year 2009 Starting
2026-03-04 10:59:11 [WRN] Missing permno mapping in CCM for Company Rohat Resources, Inc. (0001383145).
2026-03-04 10:59:11 [WRN] Missing Book-to-Market data for Company Rohat Resources, Inc. (0001383145) in 2009.
2026-03-04 10:59:11 [WRN] Skipping filing due to missing required data (CCM/CRSP/BTM).
2026-03-04 10:59:11 [INF] CIK 0001387054 | Filing 184/9706 for Year 2009 Starting
2026-03-04 10:59:11 [WRN] Missing permno mapping in CCM for Company Tara Minerals Corp. (0001387054).
2026-03-04 10:59:11 [WRN] Missing Book-to-Market data for Company Tara Minerals Corp. (0001387054) in 2009.
2026-03-04 10:59:11 [WRN] Skipping filing due to missing required data (CCM/CRSP/BTM).
2026-03-04 10:59:11 [INF] CIK 0001408198 | Filing 185/9706 for Year 2009 Starting
2026-03-04 10:59:11 [INF] CIK 0001408198 | Downloading filing HTML (cached if available)
2026-03-04 10:59:12 [INF] CIK 0001408198 | Reading HTML from C:\git\Edgar\Edgar\Data\raw\2009\0001408198\000119312509014341\0001193125-09-014341.txt
2026-03-04 10:59:12 [INF] CIK 0001408198 | Cleaning + extracting sections
2026-03-04 10:59:12 [INF] CIK 0001408198 | Filing 185/9706 for Year 2009 Finished
2026-03-04 10:59:12 [INF] CIK 0001419552 | Filing 186/9706 for Year 2009 Starting
2026-03-04 10:59:12 [WRN] Missing permno mapping in CCM for Company AFH ACQUISITION XII, INC. (0001419552).
2026-03-04 10:59:12 [WRN] Missing Book-to-Market data for Company AFH ACQUISITION XII, INC. (0001419552) in 2009.
2026-03-04 10:59:12 [WRN] Skipping filing due to missing required data (CCM/CRSP/BTM).
2026-03-04 10:59:12 [INF] CIK 0001419553 | Filing 187/9706 for Year 2009 Starting
2026-03-04 10:59:12 [WRN] Missing permno mapping in CCM for Company AFH ACQUISITION XI, INC. (0001419553).
2026-03-04 10:59:12 [WRN] Missing Book-to-Market data for Company AFH ACQUISITION XI, INC. (0001419553) in 2009.
2026-03-04 10:59:12 [WRN] Skipping filing due to missing required data (CCM/CRSP/BTM).
2026-03-04 10:59:12 [INF] CIK 0001419554 | Filing 188/9706 for Year 2009 Starting
2026-03-04 10:59:12 [WRN] Missing CRSP trading days for Company AFH ACQUISITION X, INC. (0001419554) in 2009.
2026-03-04 10:59:12 [WRN] Missing Book-to-Market data for Company AFH ACQUISITION X, INC. (0001419554) in 2009.
2026-03-04 10:59:12 [WRN] Skipping filing due to missing required data (CCM/CRSP/BTM).
2026-03-04 10:59:12 [INF] CIK 0001419556 | Filing 189/9706 for Year 2009 Starting
2026-03-04 10:59:12 [WRN] Missing permno mapping in CCM for Company AFH Acquisition IX, Inc. (0001419556).
2026-03-04 10:59:12 [WRN] Missing Book-to-Market data for Company AFH Acquisition IX, Inc. (0001419556) in 2009.
2026-03-04 10:59:12 [WRN] Skipping filing due to missing required data (CCM/CRSP/BTM).
2026-03-04 10:59:12 [INF] CIK 0001419560 | Filing 190/9706 for Year 2009 Starting
2026-03-04 10:59:12 [WRN] Missing permno mapping in CCM for Company AFH Acquisition VIII, Inc. (0001419560).
2026-03-04 10:59:12 [WRN] Missing Book-to-Market data for Company AFH Acquisition VIII, Inc. (0001419560) in 2009.
2026-03-04 10:59:12 [WRN] Skipping filing due to missing required data (CCM/CRSP/BTM).
2026-03-04 10:59:12 [INF] CIK 0001420030 | Filing 191/9706 for Year 2009 Starting
2026-03-04 10:59:12 [WRN] Missing permno mapping in CCM for Company AFH Acquisition III, Inc. (0001420030).
2026-03-04 10:59:12 [WRN] Missing Book-to-Market data for Company AFH Acquisition III, Inc. (0001420030) in 2009.
2026-03-04 10:59:12 [WRN] Skipping filing due to missing required data (CCM/CRSP/BTM).
2026-03-04 10:59:12 [INF] CIK 0001420031 | Filing 192/9706 for Year 2009 Starting
2026-03-04 10:59:12 [WRN] Missing permno mapping in CCM for Company AFH ACQUISITION IV, INC. (0001420031).
2026-03-04 10:59:12 [WRN] Missing Book-to-Market data for Company AFH ACQUISITION IV, INC. (0001420031) in 2009.
2026-03-04 10:59:12 [WRN] Skipping filing due to missing required data (CCM/CRSP/BTM).
2026-03-04 10:59:12 [INF] CIK 0001420033 | Filing 193/9706 for Year 2009 Starting
2026-03-04 10:59:12 [WRN] Missing permno mapping in CCM for Company AFH ACQUISITION V, INC. (0001420033).
2026-03-04 10:59:12 [WRN] Missing Book-to-Market data for Company AFH ACQUISITION V, INC. (0001420033) in 2009.
2026-03-04 10:59:12 [WRN] Skipping filing due to missing required data (CCM/CRSP/BTM).
2026-03-04 10:59:12 [INF] CIK 0001420034 | Filing 194/9706 for Year 2009 Starting
2026-03-04 10:59:12 [WRN] Missing permno mapping in CCM for Company AFH ACQUISITION VI, INC. (0001420034).
2026-03-04 10:59:12 [WRN] Missing Book-to-Market data for Company AFH ACQUISITION VI, INC. (0001420034) in 2009.
2026-03-04 10:59:12 [WRN] Skipping filing due to missing required data (CCM/CRSP/BTM).
2026-03-04 10:59:12 [INF] CIK 0001420035 | Filing 195/9706 for Year 2009 Starting
2026-03-04 10:59:12 [WRN] Missing permno mapping in CCM for Company AFH ACQUISITION VII, INC. (0001420035).
2026-03-04 10:59:12 [WRN] Missing Book-to-Market data for Company AFH ACQUISITION VII, INC. (0001420035) in 2009.
2026-03-04 10:59:12 [WRN] Skipping filing due to missing required data (CCM/CRSP/BTM).
2026-03-04 10:59:12 [INF] CIK 0001420569 | Filing 196/9706 for Year 2009 Starting
2026-03-04 10:59:12 [WRN] Missing permno mapping in CCM for Company Darlington Mines Ltd. (0001420569).
2026-03-04 10:59:12 [WRN] Missing Book-to-Market data for Company Darlington Mines Ltd. (0001420569) in 2009.
2026-03-04 10:59:12 [WRN] Skipping filing due to missing required data (CCM/CRSP/BTM).
2026-03-04 10:59:12 [INF] CIK 0001422295 | Filing 197/9706 for Year 2009 Starting
2026-03-04 10:59:12 [WRN] Missing permno mapping in CCM for Company Gas Salvage Corp. (0001422295).
2026-03-04 10:59:12 [WRN] Missing Book-to-Market data for Company Gas Salvage Corp. (0001422295) in 2009.
2026-03-04 10:59:12 [WRN] Skipping filing due to missing required data (CCM/CRSP/BTM).
2026-03-04 10:59:12 [INF] CIK 0001423579 | Filing 198/9706 for Year 2009 Starting
2026-03-04 10:59:12 [WRN] Missing permno mapping in CCM for Company Burrow Mining Inc. (0001423579).
2026-03-04 10:59:12 [WRN] Missing Book-to-Market data for Company Burrow Mining Inc. (0001423579) in 2009.
2026-03-04 10:59:12 [WRN] Skipping filing due to missing required data (CCM/CRSP/BTM).
2026-03-04 10:59:12 [INF] CIK 0001425897 | Filing 199/9706 for Year 2009 Starting
2026-03-04 10:59:12 [WRN] Missing permno mapping in CCM for Company Double Halo Resources Inc. (0001425897).
2026-03-04 10:59:12 [WRN] Missing Book-to-Market data for Company Double Halo Resources Inc. (0001425897) in 2009.
2026-03-04 10:59:12 [WRN] Skipping filing due to missing required data (CCM/CRSP/BTM).
2026-03-04 10:59:12 [INF] CIK 0001426780 | Filing 200/9706 for Year 2009 Starting
2026-03-04 10:59:12 [WRN] Missing permno mapping in CCM for Company Soy Energy, LLC (0001426780).
2026-03-04 10:59:12 [WRN] Missing Book-to-Market data for Company Soy Energy, LLC (0001426780) in 2009.
2026-03-04 10:59:12 [WRN] Skipping filing due to missing required data (CCM/CRSP/BTM).
2026-03-04 10:59:12 [INF] CIK 0001433994 | Filing 201/9706 for Year 2009 Starting
2026-03-04 10:59:12 [WRN] Missing permno mapping in CCM for Company CurrencyShares Singapore Dollar Trust (0001433994).
2026-03-04 10:59:12 [WRN] Missing Book-to-Market data for Company CurrencyShares Singapore Dollar Trust (0001433994) in 2009.
2026-03-04 10:59:12 [WRN] Skipping filing due to missing required data (CCM/CRSP/BTM).
2026-03-04 10:59:12 [INF] CIK 0001433995 | Filing 202/9706 for Year 2009 Starting
2026-03-04 10:59:12 [WRN] Missing permno mapping in CCM for Company CurrencyShares Russian Ruble Trust (0001433995).
2026-03-04 10:59:12 [WRN] Missing Book-to-Market data for Company CurrencyShares Russian Ruble Trust (0001433995) in 2009.
2026-03-04 10:59:12 [WRN] Skipping filing due to missing required data (CCM/CRSP/BTM).
2026-03-04 10:59:12 [INF] CIK 0001433997 | Filing 203/9706 for Year 2009 Starting
2026-03-04 10:59:12 [WRN] Missing permno mapping in CCM for Company CurrencyShares South African Rand Trust (0001433997).
2026-03-04 10:59:12 [WRN] Missing Book-to-Market data for Company CurrencyShares South African Rand Trust (0001433997) in 2009.
2026-03-04 10:59:12 [WRN] Skipping filing due to missing required data (CCM/CRSP/BTM).
2026-03-04 10:59:12 [INF] CIK 0001436174 | Filing 204/9706 for Year 2009 Starting
2026-03-04 10:59:12 [WRN] Missing permno mapping in CCM for Company TEEN GLOW MAKEUP, INC. (0001436174).
2026-03-04 10:59:12 [WRN] Missing Book-to-Market data for Company TEEN GLOW MAKEUP, INC. (0001436174) in 2009.
2026-03-04 10:59:12 [WRN] Skipping filing due to missing required data (CCM/CRSP/BTM).
2026-03-04 10:59:12 [INF] CIK 0001443611 | Filing 205/9706 for Year 2009 Starting
2026-03-04 10:59:12 [WRN] Missing permno mapping in CCM for Company CARBON CREDITS INTERNATIONAL, INC. (0001443611).
2026-03-04 10:59:12 [WRN] Missing Book-to-Market data for Company CARBON CREDITS INTERNATIONAL, INC. (0001443611) in 2009.
2026-03-04 10:59:12 [WRN] Skipping filing due to missing required data (CCM/CRSP/BTM).
2026-03-04 10:59:12 [INF] CIK 0000019520 | Filing 206/9706 for Year 2009 Starting
2026-03-04 10:59:12 [INF] CIK 0000019520 | Downloading filing HTML (cached if available)
2026-03-04 10:59:12 [INF] CIK 0000019520 | Reading HTML from C:\git\Edgar\Edgar\Data\raw\2009\0000019520\000107261309000148\0001072613-09-000148.txt
2026-03-04 10:59:12 [INF] CIK 0000019520 | Cleaning + extracting sections
2026-03-04 10:59:12 [INF] CIK 0000019520 | Filing 206/9706 for Year 2009 Finished
2026-03-04 10:59:12 [INF] CIK 0000225628 | Filing 207/9706 for Year 2009 Starting
2026-03-04 10:59:12 [WRN] Missing permno mapping in CCM for Company PASSUR Aerospace, Inc. (0000225628).
2026-03-04 10:59:12 [WRN] Missing Book-to-Market data for Company PASSUR Aerospace, Inc. (0000225628) in 2009.
2026-03-04 10:59:12 [WRN] Skipping filing due to missing required data (CCM/CRSP/BTM).
2026-03-04 10:59:12 [INF] CIK 0000051548 | Filing 208/9706 for Year 2009 Starting
2026-03-04 10:59:12 [INF] CIK 0000051548 | Downloading filing HTML (cached if available)
2026-03-04 10:59:13 [INF] CIK 0000051548 | Reading HTML from C:\git\Edgar\Edgar\Data\raw\2009\0000051548\000092575109000004\0000925751-09-000004.txt
2026-03-04 10:59:13 [INF] CIK 0000051548 | Cleaning + extracting sections
2026-03-04 10:59:13 [INF] CIK 0000051548 | Filing 208/9706 for Year 2009 Finished
2026-03-04 10:59:13 [INF] CIK 0000740664 | Filing 209/9706 for Year 2009 Starting
2026-03-04 10:59:13 [INF] CIK 0000740664 | Downloading filing HTML (cached if available)
2026-03-04 10:59:13 [INF] CIK 0000740664 | Reading HTML from C:\git\Edgar\Edgar\Data\raw\2009\0000740664\000114420409004022\0001144204-09-004022.txt
2026-03-04 10:59:13 [INF] CIK 0000740664 | Cleaning + extracting sections
2026-03-04 10:59:13 [INF] CIK 0000740664 | Filing 209/9706 for Year 2009 Finished
2026-03-04 10:59:13 [INF] CIK 0000790730 | Filing 210/9706 for Year 2009 Starting
2026-03-04 10:59:13 [INF] CIK 0000790730 | Downloading filing HTML (cached if available)
2026-03-04 10:59:13 [INF] CIK 0000790730 | Reading HTML from C:\git\Edgar\Edgar\Data\raw\2009\0000790730\000079073009000004\0000790730-09-000004.txt
2026-03-04 10:59:14 [INF] CIK 0000790730 | Cleaning + extracting sections
2026-03-04 10:59:14 [INF] CIK 0000790730 | Filing 210/9706 for Year 2009 Finished
2026-03-04 10:59:14 [INF] CIK 0000795266 | Filing 211/9706 for Year 2009 Starting
2026-03-04 10:59:14 [INF] CIK 0000795266 | Downloading filing HTML (cached if available)
2026-03-04 10:59:14 [INF] CIK 0000795266 | Reading HTML from C:\git\Edgar\Edgar\Data\raw\2009\0000795266\000095013409001433\0000950134-09-001433.txt
2026-03-04 10:59:14 [INF] CIK 0000795266 | Cleaning + extracting sections
2026-03-04 10:59:14 [INF] CIK 0000795266 | Filing 211/9706 for Year 2009 Finished
2026-03-04 10:59:14 [INF] CIK 0000815097 | Filing 212/9706 for Year 2009 Starting
2026-03-04 10:59:14 [INF] CIK 0000815097 | Downloading filing HTML (cached if available)
2026-03-04 10:59:14 [INF] CIK 0000815097 | Reading HTML from C:\git\Edgar\Edgar\Data\raw\2009\0000815097\000119312509013746\0001193125-09-013746.txt
2026-03-04 10:59:14 [INF] CIK 0000815097 | Cleaning + extracting sections
2026-03-04 10:59:14 [INF] CIK 0000815097 | Filing 212/9706 for Year 2009 Finished
2026-03-04 10:59:14 [INF] CIK 0000876167 | Filing 213/9706 for Year 2009 Starting
2026-03-04 10:59:14 [INF] CIK 0000876167 | Downloading filing HTML (cached if available)
2026-03-04 10:59:15 [INF] CIK 0000876167 | Reading HTML from C:\git\Edgar\Edgar\Data\raw\2009\0000876167\000095013509000542\0000950135-09-000542.txt
2026-03-04 10:59:15 [INF] CIK 0000876167 | Cleaning + extracting sections
2026-03-04 10:59:15 [INF] CIK 0000876167 | Filing 213/9706 for Year 2009 Finished
2026-03-04 10:59:15 [INF] CIK 0000895421 | Filing 214/9706 for Year 2009 Starting
2026-03-04 10:59:15 [INF] CIK 0000895421 | Downloading filing HTML (cached if available)
2026-03-04 10:59:15 [INF] CIK 0000895421 | Reading HTML from C:\git\Edgar\Edgar\Data\raw\2009\0000895421\000119312509013429\0001193125-09-013429.txt
2026-03-04 10:59:15 [INF] CIK 0000895421 | Cleaning + extracting sections
2026-03-04 10:59:15 [INF] CIK 0000895421 | Filing 214/9706 for Year 2009 Finished
2026-03-04 10:59:15 [INF] CIK 0000913659 | Filing 215/9706 for Year 2009 Starting
2026-03-04 10:59:15 [WRN] Missing permno mapping in CCM for Company RAPID LINK INC (0000913659).
2026-03-04 10:59:15 [WRN] Missing Book-to-Market data for Company RAPID LINK INC (0000913659) in 2009.
2026-03-04 10:59:15 [WRN] Skipping filing due to missing required data (CCM/CRSP/BTM).
2026-03-04 10:59:15 [INF] CIK 0000949876 | Filing 216/9706 for Year 2009 Starting
2026-03-04 10:59:15 [WRN] Missing permno mapping in CCM for Company NORTH AMERICAN SCIENTIFIC INC (0000949876).
2026-03-04 10:59:15 [WRN] Missing Book-to-Market data for Company NORTH AMERICAN SCIENTIFIC INC (0000949876) in 2009.
2026-03-04 10:59:15 [WRN] Skipping filing due to missing required data (CCM/CRSP/BTM).
2026-03-04 10:59:15 [INF] CIK 0001011452 | Filing 217/9706 for Year 2009 Starting
2026-03-04 10:59:15 [WRN] Missing permno mapping in CCM for Company MEDICAL INFORMATION TECHNOLOGY INC (0001011452).
2026-03-04 10:59:15 [WRN] Missing Book-to-Market data for Company MEDICAL INFORMATION TECHNOLOGY INC (0001011452) in 2009.
2026-03-04 10:59:15 [WRN] Skipping filing due to missing required data (CCM/CRSP/BTM).
2026-03-04 10:59:15 [INF] CIK 0001018724 | Filing 218/9706 for Year 2009 Starting
2026-03-04 10:59:15 [INF] CIK 0001018724 | Downloading filing HTML (cached if available)
2026-03-04 10:59:16 [INF] CIK 0001018724 | Reading HTML from C:\git\Edgar\Edgar\Data\raw\2009\0001018724\000119312509014406\0001193125-09-014406.txt
2026-03-04 10:59:16 [INF] CIK 0001018724 | Cleaning + extracting sections
2026-03-04 10:59:16 [INF] CIK 0001018724 | Filing 218/9706 for Year 2009 Finished
2026-03-04 10:59:16 [INF] CIK 0001045014 | Filing 219/9706 for Year 2009 Starting
2026-03-04 10:59:16 [INF] CIK 0001045014 | Downloading filing HTML (cached if available)
2026-03-04 10:59:16 [INF] CIK 0001045014 | Reading HTML from C:\git\Edgar\Edgar\Data\raw\2009\0001045014\000104501409000006\0001045014-09-000006.txt
2026-03-04 10:59:16 [INF] CIK 0001045014 | Cleaning + extracting sections
2026-03-04 10:59:16 [INF] CIK 0001045014 | Filing 219/9706 for Year 2009 Finished
2026-03-04 10:59:16 [INF] CIK 0001090061 | Filing 220/9706 for Year 2009 Starting
2026-03-04 10:59:16 [INF] CIK 0001090061 | Downloading filing HTML (cached if available)
2026-03-04 10:59:17 [INF] CIK 0001090061 | Reading HTML from C:\git\Edgar\Edgar\Data\raw\2009\0001090061\000119312509015155\0001193125-09-015155.txt
2026-03-04 10:59:17 [INF] CIK 0001090061 | Cleaning + extracting sections
2026-03-04 10:59:17 [INF] CIK 0001090061 | Filing 220/9706 for Year 2009 Finished
2026-03-04 10:59:17 [INF] CIK 0001103076 | Filing 221/9706 for Year 2009 Starting
2026-03-04 10:59:17 [WRN] Missing permno mapping in CCM for Company EXCELSIOR VENTURE PARTNERS III LLC (0001103076).
2026-03-04 10:59:17 [WRN] Missing Book-to-Market data for Company EXCELSIOR VENTURE PARTNERS III LLC (0001103076) in 2009.
2026-03-04 10:59:17 [WRN] Skipping filing due to missing required data (CCM/CRSP/BTM).
2026-03-04 10:59:17 [INF] CIK 0001421766 | Filing 222/9706 for Year 2009 Starting
2026-03-04 10:59:17 [WRN] Missing permno mapping in CCM for Company Nicaragua Rising Inc. (0001421766).
2026-03-04 10:59:17 [WRN] Missing Book-to-Market data for Company Nicaragua Rising Inc. (0001421766) in 2009.
2026-03-04 10:59:17 [WRN] Skipping filing due to missing required data (CCM/CRSP/BTM).
2026-03-04 10:59:17 [INF] CIK 0000072205 | Filing 223/9706 for Year 2009 Starting
2026-03-04 10:59:17 [INF] CIK 0000072205 | Downloading filing HTML (cached if available)
2026-03-04 10:59:17 [INF] CIK 0000072205 | Reading HTML from C:\git\Edgar\Edgar\Data\raw\2009\0000072205\000089706909000168\0000897069-09-000168.txt
2026-03-04 10:59:17 [INF] CIK 0000072205 | Cleaning + extracting sections
2026-03-04 10:59:17 [INF] CIK 0000072205 | Filing 223/9706 for Year 2009 Finished
2026-03-04 10:59:17 [INF] CIK 0000103872 | Filing 224/9706 for Year 2009 Starting
2026-03-04 10:59:17 [INF] CIK 0000103872 | Downloading filing HTML (cached if available)
2026-03-04 10:59:17 [INF] CIK 0000103872 | Reading HTML from C:\git\Edgar\Edgar\Data\raw\2009\0000103872\000115752309000729\0001157523-09-000729.txt
2026-03-04 10:59:17 [INF] CIK 0000103872 | Cleaning + extracting sections
2026-03-04 10:59:17 [INF] CIK 0000103872 | Filing 224/9706 for Year 2009 Finished
2026-03-04 10:59:17 [INF] CIK 0001039466 | Filing 225/9706 for Year 2009 Starting
2026-03-04 10:59:17 [WRN] Missing permno mapping in CCM for Company XSUNX INC (0001039466).
2026-03-04 10:59:17 [WRN] Missing Book-to-Market data for Company XSUNX INC (0001039466) in 2009.
2026-03-04 10:59:17 [WRN] Skipping filing due to missing required data (CCM/CRSP/BTM).
2026-03-04 10:59:17 [INF] CIK 0001121814 | Filing 226/9706 for Year 2009 Starting
2026-03-04 10:59:17 [WRN] Missing permno mapping in CCM for Company BIG SKY INDUSTRIES IV INC (0001121814).
2026-03-04 10:59:17 [WRN] Missing Book-to-Market data for Company BIG SKY INDUSTRIES IV INC (0001121814) in 2009.
2026-03-04 10:59:17 [WRN] Skipping filing due to missing required data (CCM/CRSP/BTM).
2026-03-04 10:59:17 [INF] CIK 0001420216 | Filing 227/9706 for Year 2009 Starting
2026-03-04 10:59:17 [WRN] Missing permno mapping in CCM for Company Bright Screens, Inc. (0001420216).
2026-03-04 10:59:17 [WRN] Missing Book-to-Market data for Company Bright Screens, Inc. (0001420216) in 2009.
2026-03-04 10:59:17 [WRN] Skipping filing due to missing required data (CCM/CRSP/BTM).
2026-03-04 10:59:17 [INF] CIK 0000797465 | Filing 228/9706 for Year 2009 Starting
2026-03-04 10:59:17 [INF] CIK 0000797465 | Downloading filing HTML (cached if available)
2026-03-04 10:59:17 [INF] CIK 0000797465 | Reading HTML from C:\git\Edgar\Edgar\Data\raw\2009\0000797465\000136231009000945\0001362310-09-000945.txt
2026-03-04 10:59:17 [INF] CIK 0000797465 | Cleaning + extracting sections
2026-03-04 10:59:17 [INF] CIK 0000797465 | Filing 228/9706 for Year 2009 Finished
2026-03-04 10:59:17 [INF] CIK 0000849502 | Filing 229/9706 for Year 2009 Starting
2026-03-04 10:59:17 [INF] CIK 0000849502 | Downloading filing HTML (cached if available)
2026-03-04 10:59:18 [INF] CIK 0000849502 | Reading HTML from C:\git\Edgar\Edgar\Data\raw\2009\0000849502\000084950209000004\0000849502-09-000004.txt
2026-03-04 10:59:18 [INF] CIK 0000849502 | Cleaning + extracting sections
2026-03-04 10:59:18 [INF] CIK 0000849502 | Filing 229/9706 for Year 2009 Finished
2026-03-04 10:59:18 [INF] CIK 0000092380 | Filing 230/9706 for Year 2009 Starting
2026-03-04 10:59:18 [INF] CIK 0000092380 | Downloading filing HTML (cached if available)
2026-03-04 10:59:18 [INF] CIK 0000092380 | Reading HTML from C:\git\Edgar\Edgar\Data\raw\2009\0000092380\000119312509015591\0001193125-09-015591.txt
2026-03-04 10:59:18 [INF] CIK 0000092380 | Cleaning + extracting sections
2026-03-04 10:59:18 [INF] CIK 0000092380 | Filing 230/9706 for Year 2009 Finished
2026-03-04 10:59:18 [INF] CIK 0001001679 | Filing 231/9706 for Year 2009 Starting
2026-03-04 10:59:18 [WRN] Missing permno mapping in CCM for Company NAVISTAR FINANCIAL DEALER NOTE MASTER TRUST (0001001679).
2026-03-04 10:59:18 [WRN] Missing Book-to-Market data for Company NAVISTAR FINANCIAL DEALER NOTE MASTER TRUST (0001001679) in 2009.
2026-03-04 10:59:18 [WRN] Skipping filing due to missing required data (CCM/CRSP/BTM).
2026-03-04 10:59:18 [INF] CIK 0001030206 | Filing 232/9706 for Year 2009 Starting
2026-03-04 10:59:18 [INF] CIK 0001030206 | Downloading filing HTML (cached if available)
2026-03-04 10:59:18 [INF] CIK 0001030206 | Reading HTML from C:\git\Edgar\Edgar\Data\raw\2009\0001030206\000089710109000223\0000897101-09-000223.txt
2026-03-04 10:59:18 [INF] CIK 0001030206 | Cleaning + extracting sections
2026-03-04 10:59:18 [INF] CIK 0001030206 | Filing 232/9706 for Year 2009 Finished
2026-03-04 10:59:18 [INF] CIK 0001099132 | Filing 233/9706 for Year 2009 Starting
2026-03-04 10:59:18 [WRN] Missing permno mapping in CCM for Company MANHATTAN SCIENTIFICS INC (0001099132).
2026-03-04 10:59:18 [WRN] Missing Book-to-Market data for Company MANHATTAN SCIENTIFICS INC (0001099132) in 2009.
2026-03-04 10:59:18 [WRN] Skipping filing due to missing required data (CCM/CRSP/BTM).
2026-03-04 10:59:18 [INF] CIK 0001227898 | Filing 234/9706 for Year 2009 Starting
2026-03-04 10:59:18 [WRN] Missing permno mapping in CCM for Company NAVISTAR FINANCIAL DEALER NOTE MASTER OWNER TRUST (0001227898).
2026-03-04 10:59:18 [WRN] Missing Book-to-Market data for Company NAVISTAR FINANCIAL DEALER NOTE MASTER OWNER TRUST (0001227898) in 2009.
2026-03-04 10:59:18 [WRN] Skipping filing due to missing required data (CCM/CRSP/BTM).
2026-03-04 10:59:18 [INF] CIK 0001309126 | Filing 235/9706 for Year 2009 Starting
2026-03-04 10:59:18 [WRN] Missing permno mapping in CCM for Company Money Tree, Inc. (0001309126).
2026-03-04 10:59:18 [WRN] Missing Book-to-Market data for Company Money Tree, Inc. (0001309126) in 2009.
2026-03-04 10:59:18 [WRN] Skipping filing due to missing required data (CCM/CRSP/BTM).
2026-03-04 10:59:18 [INF] CIK 0001433593 | Filing 236/9706 for Year 2009 Starting
2026-03-04 10:59:18 [WRN] Missing permno mapping in CCM for Company Noble Medical Technologies, Inc. (0001433593).
2026-03-04 10:59:18 [WRN] Missing Book-to-Market data for Company Noble Medical Technologies, Inc. (0001433593) in 2009.
2026-03-04 10:59:18 [WRN] Skipping filing due to missing required data (CCM/CRSP/BTM).
2026-03-04 10:59:18 [INF] CIK 0000039263 | Filing 237/9706 for Year 2009 Starting
2026-03-04 10:59:18 [INF] CIK 0000039263 | Downloading filing HTML (cached if available)
2026-03-04 10:59:19 [INF] CIK 0000039263 | Reading HTML from C:\git\Edgar\Edgar\Data\raw\2009\0000039263\000119312509017234\0001193125-09-017234.txt
2026-03-04 10:59:19 [INF] CIK 0000039263 | Cleaning + extracting sections
2026-03-04 10:59:19 [INF] CIK 0000039263 | Filing 237/9706 for Year 2009 Finished
2026-03-04 10:59:19 [INF] CIK 0000735993 | Filing 238/9706 for Year 2009 Starting
2026-03-04 10:59:19 [WRN] Missing permno mapping in CCM for Company BAKBONE SOFTWARE INC (0000735993).
2026-03-04 10:59:19 [WRN] Missing Book-to-Market data for Company BAKBONE SOFTWARE INC (0000735993) in 2009.
2026-03-04 10:59:19 [WRN] Skipping filing due to missing required data (CCM/CRSP/BTM).
2026-03-04 10:59:19 [INF] CIK 0000814920 | Filing 239/9706 for Year 2009 Starting
2026-03-04 10:59:19 [WRN] Missing permno mapping in CCM for Company MILLENNIA INC (0000814920).
2026-03-04 10:59:19 [WRN] Missing Book-to-Market data for Company MILLENNIA INC (0000814920) in 2009.
2026-03-04 10:59:19 [WRN] Skipping filing due to missing required data (CCM/CRSP/BTM).
2026-03-04 10:59:19 [INF] CIK 0001054374 | Filing 240/9706 for Year 2009 Starting
2026-03-04 10:59:19 [INF] CIK 0001054374 | Downloading filing HTML (cached if available)
2026-03-04 10:59:19 [INF] CIK 0001054374 | Reading HTML from C:\git\Edgar\Edgar\Data\raw\2009\0001054374\000095013409001749\0000950134-09-001749.txt
2026-03-04 10:59:20 [INF] CIK 0001054374 | Cleaning + extracting sections
2026-03-04 10:59:20 [INF] CIK 0001054374 | Filing 240/9706 for Year 2009 Finished
2026-03-04 10:59:20 [INF] CIK 0001422128 | Filing 241/9706 for Year 2009 Starting
2026-03-04 10:59:20 [WRN] Missing permno mapping in CCM for Company E 18 CORP (0001422128).
2026-03-04 10:59:20 [WRN] Missing Book-to-Market data for Company E 18 CORP (0001422128) in 2009.
2026-03-04 10:59:20 [WRN] Skipping filing due to missing required data (CCM/CRSP/BTM).
2026-03-04 10:59:20 [INF] CIK 0001424151 | Filing 242/9706 for Year 2009 Starting
2026-03-04 10:59:20 [WRN] Missing permno mapping in CCM for Company Plata Resources, Inc. (0001424151).
2026-03-04 10:59:20 [WRN] Missing Book-to-Market data for Company Plata Resources, Inc. (0001424151) in 2009.
2026-03-04 10:59:20 [WRN] Skipping filing due to missing required data (CCM/CRSP/BTM).
2026-03-04 10:59:20 [INF] CIK 0000860748 | Filing 243/9706 for Year 2009 Starting
2026-03-04 10:59:20 [INF] CIK 0000860748 | Downloading filing HTML (cached if available)
2026-03-04 10:59:20 [INF] CIK 0000860748 | Reading HTML from C:\git\Edgar\Edgar\Data\raw\2009\0000860748\000119312509018930\0001193125-09-018930.txt
2026-03-04 10:59:20 [INF] CIK 0000860748 | Cleaning + extracting sections
2026-03-04 10:59:20 [INF] CIK 0000860748 | Filing 243/9706 for Year 2009 Finished
2026-03-04 10:59:20 [INF] CIK 0000914475 | Filing 244/9706 for Year 2009 Starting
2026-03-04 10:59:20 [INF] CIK 0000914475 | Downloading filing HTML (cached if available)
2026-03-04 10:59:21 [INF] CIK 0000914475 | Reading HTML from C:\git\Edgar\Edgar\Data\raw\2009\0000914475\000093639209000039\0000936392-09-000039.txt
2026-03-04 10:59:21 [INF] CIK 0000914475 | Cleaning + extracting sections
2026-03-04 10:59:21 [INF] CIK 0000914475 | Filing 244/9706 for Year 2009 Finished
2026-03-04 10:59:21 [INF] CIK 0001004155 | Filing 245/9706 for Year 2009 Starting
2026-03-04 10:59:21 [INF] CIK 0001004155 | Downloading filing HTML (cached if available)
2026-03-04 10:59:21 [INF] CIK 0001004155 | Reading HTML from C:\git\Edgar\Edgar\Data\raw\2009\0001004155\000100415509000008\0001004155-09-000008.txt
2026-03-04 10:59:21 [INF] CIK 0001004155 | Cleaning + extracting sections
2026-03-04 10:59:21 [INF] CIK 0001004155 | Filing 245/9706 for Year 2009 Finished
2026-03-04 10:59:21 [INF] CIK 0001030839 | Filing 246/9706 for Year 2009 Starting
2026-03-04 10:59:21 [WRN] Missing permno mapping in CCM for Company Synovics Pharmaceuticals (0001030839).
2026-03-04 10:59:21 [WRN] Missing Book-to-Market data for Company Synovics Pharmaceuticals (0001030839) in 2009.
2026-03-04 10:59:21 [WRN] Skipping filing due to missing required data (CCM/CRSP/BTM).
2026-03-04 10:59:21 [INF] CIK 0001302707 | Filing 247/9706 for Year 2009 Starting
2026-03-04 10:59:21 [INF] CIK 0001302707 | Downloading filing HTML (cached if available)
2026-03-04 10:59:22 [INF] CIK 0001302707 | Reading HTML from C:\git\Edgar\Edgar\Data\raw\2009\0001302707\000095014409000625\0000950144-09-000625.txt
2026-03-04 10:59:22 [INF] CIK 0001302707 | Cleaning + extracting sections
2026-03-04 10:59:22 [INF] CIK 0001302707 | Filing 247/9706 for Year 2009 Finished
2026-03-04 10:59:22 [INF] CIK 0001328888 | Filing 248/9706 for Year 2009 Starting
2026-03-04 10:59:22 [WRN] Missing permno mapping in CCM for Company FREZER, INC. (0001328888).
2026-03-04 10:59:22 [WRN] Missing Book-to-Market data for Company FREZER, INC. (0001328888) in 2009.
2026-03-04 10:59:22 [WRN] Skipping filing due to missing required data (CCM/CRSP/BTM).
2026-03-04 10:59:22 [INF] CIK 0001388195 | Filing 249/9706 for Year 2009 Starting
2026-03-04 10:59:22 [INF] CIK 0001388195 | Downloading filing HTML (cached if available)
2026-03-04 10:59:22 [INF] CIK 0001388195 | Reading HTML from C:\git\Edgar\Edgar\Data\raw\2009\0001388195\000119312509020006\0001193125-09-020006.txt
2026-03-04 10:59:22 [INF] CIK 0001388195 | Cleaning + extracting sections
2026-03-04 10:59:22 [INF] CIK 0001388195 | Filing 249/9706 for Year 2009 Finished
2026-03-04 10:59:22 [INF] CIK 0000100885 | Filing 250/9706 for Year 2009 Starting
2026-03-04 10:59:22 [INF] CIK 0000100885 | Downloading filing HTML (cached if available)
2026-03-04 10:59:22 [INF] CIK 0000100885 | Reading HTML from C:\git\Edgar\Edgar\Data\raw\2009\0000100885\000119312509021370\0001193125-09-021370.txt
2026-03-04 10:59:22 [INF] CIK 0000100885 | Cleaning + extracting sections
2026-03-04 10:59:23 [INF] CIK 0000100885 | Filing 250/9706 for Year 2009 Finished
2026-03-04 10:59:23 [INF] CIK 0001035267 | Filing 251/9706 for Year 2009 Starting
2026-03-04 10:59:23 [INF] CIK 0001035267 | Downloading filing HTML (cached if available)
2026-03-04 10:59:23 [INF] CIK 0001035267 | Reading HTML from C:\git\Edgar\Edgar\Data\raw\2009\0001035267\000119312509021360\0001193125-09-021360.txt
2026-03-04 10:59:23 [INF] CIK 0001035267 | Cleaning + extracting sections
2026-03-04 10:59:23 [INF] CIK 0001035267 | Filing 251/9706 for Year 2009 Finished
2026-03-04 10:59:23 [INF] CIK 0001109357 | Filing 252/9706 for Year 2009 Starting
2026-03-04 10:59:23 [INF] CIK 0001109357 | Downloading filing HTML (cached if available)
2026-03-04 10:59:23 [INF] CIK 0001109357 | Reading HTML from C:\git\Edgar\Edgar\Data\raw\2009\0001109357\000119312509021261\0001193125-09-021261.txt
2026-03-04 10:59:23 [INF] CIK 0001109357 | Cleaning + extracting sections
2026-03-04 10:59:24 [INF] CIK 0001109357 | Filing 252/9706 for Year 2009 Finished
2026-03-04 10:59:24 [INF] CIK 0001113169 | Filing 253/9706 for Year 2009 Starting
2026-03-04 10:59:24 [INF] CIK 0001113169 | Downloading filing HTML (cached if available)
2026-03-04 10:59:24 [INF] CIK 0001113169 | Reading HTML from C:\git\Edgar\Edgar\Data\raw\2009\0001113169\000095013309000237\0000950133-09-000237.txt
2026-03-04 10:59:24 [INF] CIK 0001113169 | Cleaning + extracting sections
2026-03-04 10:59:24 [INF] CIK 0001113169 | Filing 253/9706 for Year 2009 Finished
2026-03-04 10:59:24 [INF] CIK 0001168165 | Filing 254/9706 for Year 2009 Starting
2026-03-04 10:59:24 [WRN] Missing permno mapping in CCM for Company EXELON GENERATION CO LLC (0001168165).
2026-03-04 10:59:24 [WRN] Missing Book-to-Market data for Company EXELON GENERATION CO LLC (0001168165) in 2009.
2026-03-04 10:59:24 [WRN] Skipping filing due to missing required data (CCM/CRSP/BTM).
2026-03-04 10:59:24 [INF] CIK 0001178879 | Filing 255/9706 for Year 2009 Starting
2026-03-04 10:59:24 [INF] CIK 0001178879 | Downloading filing HTML (cached if available)
2026-03-04 10:59:24 [INF] CIK 0001178879 | Reading HTML from C:\git\Edgar\Edgar\Data\raw\2009\0001178879\000136231009001208\0001362310-09-001208.txt
2026-03-04 10:59:24 [INF] CIK 0001178879 | Cleaning + extracting sections
2026-03-04 10:59:24 [INF] CIK 0001178879 | Filing 255/9706 for Year 2009 Finished
2026-03-04 10:59:24 [INF] CIK 0001272547 | Filing 256/9706 for Year 2009 Starting
2026-03-04 10:59:24 [WRN] Missing permno mapping in CCM for Company FREESCALE SEMICONDUCTOR INC (0001272547).
2026-03-04 10:59:24 [WRN] Missing Book-to-Market data for Company FREESCALE SEMICONDUCTOR INC (0001272547) in 2009.
2026-03-04 10:59:24 [WRN] Skipping filing due to missing required data (CCM/CRSP/BTM).
2026-03-04 10:59:24 [INF] CIK 0001392522 | Filing 257/9706 for Year 2009 Starting
2026-03-04 10:59:24 [WRN] Missing CRSP trading days for Company Freescale Semiconductor Holdings I, Ltd. (0001392522) in 2009.
2026-03-04 10:59:24 [WRN] Missing Book-to-Market data for Company Freescale Semiconductor Holdings I, Ltd. (0001392522) in 2009.
2026-03-04 10:59:24 [WRN] Skipping filing due to missing required data (CCM/CRSP/BTM).
2026-03-04 10:59:24 [INF] CIK 0001421527 | Filing 258/9706 for Year 2009 Starting
2026-03-04 10:59:24 [WRN] Missing permno mapping in CCM for Company SRKP 20 Inc (0001421527).
2026-03-04 10:59:24 [WRN] Missing Book-to-Market data for Company SRKP 20 Inc (0001421527) in 2009.
2026-03-04 10:59:24 [WRN] Skipping filing due to missing required data (CCM/CRSP/BTM).
2026-03-04 10:59:24 [INF] CIK 0000022606 | Filing 259/9706 for Year 2009 Starting
2026-03-04 10:59:24 [WRN] Missing permno mapping in CCM for Company COMMONWEALTH EDISON CO (0000022606).
2026-03-04 10:59:24 [WRN] Missing Book-to-Market data for Company COMMONWEALTH EDISON CO (0000022606) in 2009.
2026-03-04 10:59:24 [WRN] Skipping filing due to missing required data (CCM/CRSP/BTM).
2026-03-04 10:59:24 [INF] CIK 0000354190 | Filing 260/9706 for Year 2009 Starting
2026-03-04 10:59:24 [INF] CIK 0000354190 | Downloading filing HTML (cached if available)
2026-03-04 10:59:25 [INF] CIK 0000354190 | Reading HTML from C:\git\Edgar\Edgar\Data\raw\2009\0000354190\000119312509021344\0001193125-09-021344.txt
2026-03-04 10:59:25 [INF] CIK 0000354190 | Cleaning + extracting sections
2026-03-04 10:59:25 [INF] CIK 0000354190 | Filing 260/9706 for Year 2009 Finished
2026-03-04 10:59:25 [INF] CIK 0000078100 | Filing 261/9706 for Year 2009 Starting
2026-03-04 10:59:25 [WRN] Missing permno mapping in CCM for Company PECO ENERGY CO (0000078100).
2026-03-04 10:59:25 [WRN] Missing Book-to-Market data for Company PECO ENERGY CO (0000078100) in 2009.
2026-03-04 10:59:25 [WRN] Skipping filing due to missing required data (CCM/CRSP/BTM).
2026-03-04 10:59:25 [INF] CIK 0000875045 | Filing 262/9706 for Year 2009 Starting
2026-03-04 10:59:25 [INF] CIK 0000875045 | Downloading filing HTML (cached if available)
2026-03-04 10:59:25 [INF] CIK 0000875045 | Reading HTML from C:\git\Edgar\Edgar\Data\raw\2009\0000875045\000095013509000730\0000950135-09-000730.txt
2026-03-04 10:59:25 [INF] CIK 0000875045 | Cleaning + extracting sections
2026-03-04 10:59:25 [INF] CIK 0000875045 | Filing 262/9706 for Year 2009 Finished
2026-03-04 10:59:25 [INF] CIK 0001000753 | Filing 263/9706 for Year 2009 Starting
2026-03-04 10:59:25 [INF] CIK 0001000753 | Downloading filing HTML (cached if available)
2026-03-04 10:59:25 [INF] CIK 0001000753 | Reading HTML from C:\git\Edgar\Edgar\Data\raw\2009\0001000753\000095012909000335\0000950129-09-000335.txt
2026-03-04 10:59:25 [INF] CIK 0001000753 | Cleaning + extracting sections
2026-03-04 10:59:25 [INF] CIK 0001000753 | Filing 263/9706 for Year 2009 Finished
2026-03-04 10:59:25 [INF] CIK 0001035675 | Filing 264/9706 for Year 2009 Starting
2026-03-04 10:59:25 [INF] CIK 0001035675 | Downloading filing HTML (cached if available)
2026-03-04 10:59:26 [INF] CIK 0001035675 | Reading HTML from C:\git\Edgar\Edgar\Data\raw\2009\0001035675\000119312509022516\0001193125-09-022516.txt
2026-03-04 10:59:26 [INF] CIK 0001035675 | Cleaning + extracting sections
2026-03-04 10:59:26 [INF] CIK 0001035675 | Filing 264/9706 for Year 2009 Finished
2026-03-04 10:59:26 [INF] CIK 0000012927 | Filing 265/9706 for Year 2009 Starting
2026-03-04 10:59:26 [INF] CIK 0000012927 | Downloading filing HTML (cached if available)
2026-03-04 10:59:26 [INF] CIK 0000012927 | Reading HTML from C:\git\Edgar\Edgar\Data\raw\2009\0000012927\000119312509022654\0001193125-09-022654.txt
2026-03-04 10:59:26 [INF] CIK 0000012927 | Cleaning + extracting sections
2026-03-04 10:59:26 [INF] CIK 0000012927 | Filing 265/9706 for Year 2009 Finished
2026-03-04 10:59:26 [INF] CIK 0000013372 | Filing 266/9706 for Year 2009 Starting
2026-03-04 10:59:26 [WRN] Missing permno mapping in CCM for Company NSTAR ELECTRIC CO (0000013372).
2026-03-04 10:59:26 [WRN] Missing Book-to-Market data for Company NSTAR ELECTRIC CO (0000013372) in 2009.
2026-03-04 10:59:26 [WRN] Skipping filing due to missing required data (CCM/CRSP/BTM).
2026-03-04 10:59:26 [INF] CIK 0001426804 | Filing 267/9706 for Year 2009 Starting
2026-03-04 10:59:26 [WRN] Missing permno mapping in CCM for Company Laufer Bridge Enterprises, Inc. (0001426804).
2026-03-04 10:59:26 [WRN] Missing Book-to-Market data for Company Laufer Bridge Enterprises, Inc. (0001426804) in 2009.
2026-03-04 10:59:26 [WRN] Skipping filing due to missing required data (CCM/CRSP/BTM).
2026-03-04 10:59:26 [INF] CIK 0001428765 | Filing 268/9706 for Year 2009 Starting
2026-03-04 10:59:26 [WRN] Missing permno mapping in CCM for Company Wolfe Creek Mining Inc (0001428765).
2026-03-04 10:59:26 [WRN] Missing Book-to-Market data for Company Wolfe Creek Mining Inc (0001428765) in 2009.
2026-03-04 10:59:26 [WRN] Skipping filing due to missing required data (CCM/CRSP/BTM).
2026-03-04 10:59:26 [INF] CIK 0000711513 | Filing 269/9706 for Year 2009 Starting
2026-03-04 10:59:26 [WRN] Missing permno mapping in CCM for Company BOEING CAPITAL CORP (0000711513).
2026-03-04 10:59:26 [WRN] Missing Book-to-Market data for Company BOEING CAPITAL CORP (0000711513) in 2009.
2026-03-04 10:59:26 [WRN] Skipping filing due to missing required data (CCM/CRSP/BTM).
2026-03-04 10:59:26 [INF] CIK 0000890640 | Filing 270/9706 for Year 2009 Starting
2026-03-04 10:59:26 [WRN] Missing permno mapping in CCM for Company COREL CORP (0000890640).
2026-03-04 10:59:26 [WRN] Missing Book-to-Market data for Company COREL CORP (0000890640) in 2009.
2026-03-04 10:59:26 [WRN] Skipping filing due to missing required data (CCM/CRSP/BTM).
2026-03-04 10:59:26 [INF] CIK 0001057058 | Filing 271/9706 for Year 2009 Starting
2026-03-04 10:59:26 [WRN] Missing permno mapping in CCM for Company WASTE CONNECTIONS INC/DE (0001057058).
2026-03-04 10:59:26 [WRN] Missing Book-to-Market data for Company WASTE CONNECTIONS INC/DE (0001057058) in 2009.
2026-03-04 10:59:26 [WRN] Skipping filing due to missing required data (CCM/CRSP/BTM).
2026-03-04 10:59:26 [INF] CIK 0001061393 | Filing 272/9706 for Year 2009 Starting
2026-03-04 10:59:26 [INF] CIK 0001061393 | Downloading filing HTML (cached if available)
2026-03-04 10:59:27 [INF] CIK 0001061393 | Reading HTML from C:\git\Edgar\Edgar\Data\raw\2009\0001061393\000116923209000715\0001169232-09-000715.txt
2026-03-04 10:59:27 [INF] CIK 0001061393 | Cleaning + extracting sections
2026-03-04 10:59:28 [INF] CIK 0001061393 | Filing 272/9706 for Year 2009 Finished
2026-03-04 10:59:28 [INF] CIK 0001070361 | Filing 273/9706 for Year 2009 Starting
2026-03-04 10:59:28 [WRN] Missing permno mapping in CCM for Company ARTIFICIAL LIFE INC (0001070361).
2026-03-04 10:59:28 [WRN] Missing Book-to-Market data for Company ARTIFICIAL LIFE INC (0001070361) in 2009.
2026-03-04 10:59:28 [WRN] Skipping filing due to missing required data (CCM/CRSP/BTM).
2026-03-04 10:59:28 [INF] CIK 0001100778 | Filing 274/9706 for Year 2009 Starting
2026-03-04 10:59:28 [WRN] Missing permno mapping in CCM for Company Eight Dragons Co. (0001100778).
2026-03-04 10:59:28 [WRN] Missing Book-to-Market data for Company Eight Dragons Co. (0001100778) in 2009.
2026-03-04 10:59:28 [WRN] Skipping filing due to missing required data (CCM/CRSP/BTM).
2026-03-04 10:59:28 [INF] CIK 0001111468 | Filing 275/9706 for Year 2009 Starting
2026-03-04 10:59:28 [WRN] Missing permno mapping in CCM for Company TRANQUILITY INC (0001111468).
2026-03-04 10:59:28 [WRN] Missing Book-to-Market data for Company TRANQUILITY INC (0001111468) in 2009.
2026-03-04 10:59:28 [WRN] Skipping filing due to missing required data (CCM/CRSP/BTM).
2026-03-04 10:59:28 [INF] CIK 0001133421 | Filing 276/9706 for Year 2009 Starting
2026-03-04 10:59:28 [INF] CIK 0001133421 | Downloading filing HTML (cached if available)
2026-03-04 10:59:29 [INF] CIK 0001133421 | Reading HTML from C:\git\Edgar\Edgar\Data\raw\2009\0001133421\000095013409002265\0000950134-09-002265.txt
2026-03-04 10:59:29 [INF] CIK 0001133421 | Cleaning + extracting sections
2026-03-04 10:59:29 [INF] CIK 0001133421 | Filing 276/9706 for Year 2009 Finished
2026-03-04 10:59:29 [INF] CIK 0001364560 | Filing 277/9706 for Year 2009 Starting
2026-03-04 10:59:29 [WRN] Missing permno mapping in CCM for Company CLEARVIEW ACQUISITIONS, INC. (0001364560).
2026-03-04 10:59:29 [WRN] Missing Book-to-Market data for Company CLEARVIEW ACQUISITIONS, INC. (0001364560) in 2009.
2026-03-04 10:59:29 [WRN] Skipping filing due to missing required data (CCM/CRSP/BTM).
2026-03-04 10:59:29 [INF] CIK 0001399113 | Filing 278/9706 for Year 2009 Starting
2026-03-04 10:59:29 [WRN] Missing permno mapping in CCM for Company Rosca, Inc. (0001399113).
2026-03-04 10:59:29 [WRN] Missing Book-to-Market data for Company Rosca, Inc. (0001399113) in 2009.
2026-03-04 10:59:29 [WRN] Skipping filing due to missing required data (CCM/CRSP/BTM).
2026-03-04 10:59:29 [INF] CIK 0001420847 | Filing 279/9706 for Year 2009 Starting
2026-03-04 10:59:29 [WRN] Missing permno mapping in CCM for Company MAPLE MOUNTAIN PUMPKINS & AGRICULTURE, INC. (0001420847).
2026-03-04 10:59:29 [WRN] Missing Book-to-Market data for Company MAPLE MOUNTAIN PUMPKINS & AGRICULTURE, INC. (0001420847) in 2009.
2026-03-04 10:59:29 [WRN] Skipping filing due to missing required data (CCM/CRSP/BTM).
2026-03-04 10:59:29 [INF] CIK 0000018647 | Filing 280/9706 for Year 2009 Starting
2026-03-04 10:59:29 [WRN] Missing permno mapping in CCM for Company CENTRAL HUDSON GAS & ELECTRIC CORP (0000018647).
2026-03-04 10:59:29 [WRN] Missing Book-to-Market data for Company CENTRAL HUDSON GAS & ELECTRIC CORP (0000018647) in 2009.
2026-03-04 10:59:29 [WRN] Skipping filing due to missing required data (CCM/CRSP/BTM).
2026-03-04 10:59:29 [INF] CIK 0000719722 | Filing 281/9706 for Year 2009 Starting
2026-03-04 10:59:29 [WRN] Missing permno mapping in CCM for Company CARDIODYNAMICS INTERNATIONAL CORP (0000719722).
2026-03-04 10:59:29 [WRN] Missing Book-to-Market data for Company CARDIODYNAMICS INTERNATIONAL CORP (0000719722) in 2009.
2026-03-04 10:59:29 [WRN] Skipping filing due to missing required data (CCM/CRSP/BTM).
2026-03-04 10:59:29 [INF] CIK 0000773141 | Filing 282/9706 for Year 2009 Starting
2026-03-04 10:59:29 [INF] CIK 0000773141 | Downloading filing HTML (cached if available)
2026-03-04 10:59:29 [INF] CIK 0000773141 | Reading HTML from C:\git\Edgar\Edgar\Data\raw\2009\0000773141\000119312509023530\0001193125-09-023530.txt
2026-03-04 10:59:29 [INF] CIK 0000773141 | Cleaning + extracting sections
2026-03-04 10:59:29 [INF] CIK 0000773141 | Filing 282/9706 for Year 2009 Finished
2026-03-04 10:59:29 [INF] CIK 0000094845 | Filing 283/9706 for Year 2009 Starting
2026-03-04 10:59:29 [WRN] Missing CRSP trading days for Company LEVI STRAUSS & CO (0000094845) in 2009.
2026-03-04 10:59:29 [WRN] Missing Book-to-Market data for Company LEVI STRAUSS & CO (0000094845) in 2009.
2026-03-04 10:59:29 [WRN] Skipping filing due to missing required data (CCM/CRSP/BTM).
2026-03-04 10:59:29 [INF] CIK 0000101829 | Filing 284/9706 for Year 2009 Starting
2026-03-04 10:59:29 [INF] CIK 0000101829 | Downloading filing HTML (cached if available)
2026-03-04 10:59:29 [INF] CIK 0000101829 | Reading HTML from C:\git\Edgar\Edgar\Data\raw\2009\0000101829\000119312509024624\0001193125-09-024624.txt
2026-03-04 10:59:29 [INF] CIK 0000101829 | Cleaning + extracting sections
2026-03-04 10:59:29 [INF] CIK 0000101829 | Filing 284/9706 for Year 2009 Finished
2026-03-04 10:59:29 [INF] CIK 0001038074 | Filing 285/9706 for Year 2009 Starting
2026-03-04 10:59:29 [INF] CIK 0001038074 | Downloading filing HTML (cached if available)
2026-03-04 10:59:30 [INF] CIK 0001038074 | Reading HTML from C:\git\Edgar\Edgar\Data\raw\2009\0001038074\000104746909000964\0001047469-09-000964.txt
2026-03-04 10:59:30 [INF] CIK 0001038074 | Cleaning + extracting sections
2026-03-04 10:59:30 [INF] CIK 0001038074 | Filing 285/9706 for Year 2009 Finished
2026-03-04 10:59:30 [INF] CIK 0001039889 | Filing 286/9706 for Year 2009 Starting
2026-03-04 10:59:30 [INF] CIK 0001039889 | Downloading filing HTML (cached if available)
2026-03-04 10:59:30 [INF] CIK 0001039889 | Reading HTML from C:\git\Edgar\Edgar\Data\raw\2009\0001039889\000095015309000121\0000950153-09-000121.txt
2026-03-04 10:59:30 [INF] CIK 0001039889 | Cleaning + extracting sections
2026-03-04 10:59:30 [INF] CIK 0001039889 | Filing 286/9706 for Year 2009 Finished
2026-03-04 10:59:30 [INF] CIK 0001084961 | Filing 287/9706 for Year 2009 Starting
2026-03-04 10:59:30 [INF] CIK 0001084961 | Downloading filing HTML (cached if available)
2026-03-04 10:59:31 [INF] CIK 0001084961 | Reading HTML from C:\git\Edgar\Edgar\Data\raw\2009\0001084961\000119312509024779\0001193125-09-024779.txt
2026-03-04 10:59:31 [INF] CIK 0001084961 | Cleaning + extracting sections
2026-03-04 10:59:31 [INF] CIK 0001084961 | Filing 287/9706 for Year 2009 Finished
2026-03-04 10:59:31 [INF] CIK 0001174746 | Filing 288/9706 for Year 2009 Starting
2026-03-04 10:59:31 [WRN] Missing permno mapping in CCM for Company INTERCONTINENTALEXCHANGE INC (0001174746).
2026-03-04 10:59:31 [WRN] Missing Book-to-Market data for Company INTERCONTINENTALEXCHANGE INC (0001174746) in 2009.
2026-03-04 10:59:31 [WRN] Skipping filing due to missing required data (CCM/CRSP/BTM).
2026-03-04 10:59:31 [INF] CIK 0001359841 | Filing 289/9706 for Year 2009 Starting
2026-03-04 10:59:31 [INF] CIK 0001359841 | Downloading filing HTML (cached if available)
2026-03-04 10:59:31 [INF] CIK 0001359841 | Reading HTML from C:\git\Edgar\Edgar\Data\raw\2009\0001359841\000095014409001148\0000950144-09-001148.txt
2026-03-04 10:59:31 [INF] CIK 0001359841 | Cleaning + extracting sections
2026-03-04 10:59:31 [INF] CIK 0001359841 | Filing 289/9706 for Year 2009 Finished
2026-03-04 10:59:31 [INF] CIK 0001360244 | Filing 290/9706 for Year 2009 Starting
2026-03-04 10:59:31 [WRN] Missing permno mapping in CCM for Company Middle Kingdom Alliance Corp. (0001360244).
2026-03-04 10:59:31 [WRN] Missing Book-to-Market data for Company Middle Kingdom Alliance Corp. (0001360244) in 2009.
2026-03-04 10:59:31 [WRN] Skipping filing due to missing required data (CCM/CRSP/BTM).
2026-03-04 10:59:31 [INF] CIK 0001397016 | Filing 291/9706 for Year 2009 Starting
2026-03-04 10:59:31 [WRN] Missing CRSP trading days for Company Sustut Exploration Inc (0001397016) in 2009.
2026-03-04 10:59:31 [WRN] Missing Book-to-Market data for Company Sustut Exploration Inc (0001397016) in 2009.
2026-03-04 10:59:31 [WRN] Skipping filing due to missing required data (CCM/CRSP/BTM).
2026-03-04 10:59:31 [INF] CIK 0001397645 | Filing 292/9706 for Year 2009 Starting
2026-03-04 10:59:31 [WRN] Missing permno mapping in CCM for Company SOMBRIO CAPITAL CORP (0001397645).
2026-03-04 10:59:31 [WRN] Missing Book-to-Market data for Company SOMBRIO CAPITAL CORP (0001397645) in 2009.
2026-03-04 10:59:31 [WRN] Skipping filing due to missing required data (CCM/CRSP/BTM).
2026-03-04 10:59:31 [INF] CIK 0001398026 | Filing 293/9706 for Year 2009 Starting
2026-03-04 10:59:31 [WRN] Missing permno mapping in CCM for Company Castillo, Inc. (0001398026).
2026-03-04 10:59:31 [WRN] Missing Book-to-Market data for Company Castillo, Inc. (0001398026) in 2009.
2026-03-04 10:59:31 [WRN] Skipping filing due to missing required data (CCM/CRSP/BTM).
2026-03-04 10:59:31 [INF] CIK 0001424100 | Filing 294/9706 for Year 2009 Starting
2026-03-04 10:59:31 [WRN] Missing permno mapping in CCM for Company Your Event, Inc. (0001424100).
2026-03-04 10:59:31 [WRN] Missing Book-to-Market data for Company Your Event, Inc. (0001424100) in 2009.
2026-03-04 10:59:31 [WRN] Skipping filing due to missing required data (CCM/CRSP/BTM).
2026-03-04 10:59:31 [INF] CIK 0001426808 | Filing 295/9706 for Year 2009 Starting
2026-03-04 10:59:31 [WRN] Missing permno mapping in CCM for Company HPC POS SYSTEM, CORP. (0001426808).
2026-03-04 10:59:31 [WRN] Missing Book-to-Market data for Company HPC POS SYSTEM, CORP. (0001426808) in 2009.
2026-03-04 10:59:31 [WRN] Skipping filing due to missing required data (CCM/CRSP/BTM).
2026-03-04 10:59:31 [INF] CIK 0000055135 | Filing 296/9706 for Year 2009 Starting
2026-03-04 10:59:31 [INF] CIK 0000055135 | Downloading filing HTML (cached if available)
2026-03-04 10:59:32 [INF] CIK 0000055135 | Reading HTML from C:\git\Edgar\Edgar\Data\raw\2009\0000055135\000119312509024852\0001193125-09-024852.txt
2026-03-04 10:59:32 [INF] CIK 0000055135 | Cleaning + extracting sections
2026-03-04 10:59:32 [INF] CIK 0000055135 | Filing 296/9706 for Year 2009 Finished
2026-03-04 10:59:32 [INF] CIK 0000704328 | Filing 297/9706 for Year 2009 Starting
2026-03-04 10:59:32 [INF] CIK 0000704328 | Downloading filing HTML (cached if available)
2026-03-04 10:59:32 [INF] CIK 0000704328 | Reading HTML from C:\git\Edgar\Edgar\Data\raw\2009\0000704328\000095015209001189\0000950152-09-001189.txt
2026-03-04 10:59:32 [INF] CIK 0000704328 | Cleaning + extracting sections
2026-03-04 10:59:32 [INF] CIK 0000704328 | Filing 297/9706 for Year 2009 Finished
2026-03-04 10:59:32 [INF] CIK 0000731766 | Filing 298/9706 for Year 2009 Starting
2026-03-04 10:59:32 [INF] CIK 0000731766 | Downloading filing HTML (cached if available)
2026-03-04 10:59:32 [INF] CIK 0000731766 | Reading HTML from C:\git\Edgar\Edgar\Data\raw\2009\0000731766\000119312509025587\0001193125-09-025587.txt
2026-03-04 10:59:32 [INF] CIK 0000731766 | Cleaning + extracting sections
2026-03-04 10:59:32 [INF] CIK 0000731766 | Filing 298/9706 for Year 2009 Finished
2026-03-04 10:59:32 [INF] CIK 0000085961 | Filing 299/9706 for Year 2009 Starting
2026-03-04 10:59:32 [INF] CIK 0000085961 | Downloading filing HTML (cached if available)
2026-03-04 10:59:33 [INF] CIK 0000085961 | Reading HTML from C:\git\Edgar\Edgar\Data\raw\2009\0000085961\000095014409001161\0000950144-09-001161.txt
2026-03-04 10:59:33 [INF] CIK 0000085961 | Cleaning + extracting sections
2026-03-04 10:59:33 [INF] CIK 0000085961 | Filing 299/9706 for Year 2009 Finished
2026-03-04 10:59:33 [INF] CIK 0000087347 | Filing 300/9706 for Year 2009 Starting
2026-03-04 10:59:33 [INF] CIK 0000087347 | Downloading filing HTML (cached if available)
2026-03-04 10:59:33 [INF] CIK 0000087347 | Reading HTML from C:\git\Edgar\Edgar\Data\raw\2009\0000087347\000119312509024868\0001193125-09-024868.txt
2026-03-04 10:59:33 [INF] CIK 0000087347 | Cleaning + extracting sections
2026-03-04 10:59:33 [INF] CIK 0000087347 | Filing 300/9706 for Year 2009 Finished
2026-03-04 10:59:33 [INF] CIK 0001013871 | Filing 301/9706 for Year 2009 Starting
2026-03-04 10:59:33 [INF] CIK 0001013871 | Downloading filing HTML (cached if available)
2026-03-04 10:59:34 [INF] CIK 0001013871 | Reading HTML from C:\git\Edgar\Edgar\Data\raw\2009\0001013871\000095012309002616\0000950123-09-002616.txt
2026-03-04 10:59:34 [INF] CIK 0001013871 | Cleaning + extracting sections
2026-03-04 10:59:34 [INF] CIK 0001013871 | Filing 301/9706 for Year 2009 Finished
2026-03-04 10:59:34 [INF] CIK 0001020416 | Filing 302/9706 for Year 2009 Starting
2026-03-04 10:59:34 [INF] CIK 0001020416 | Downloading filing HTML (cached if available)
2026-03-04 10:59:34 [INF] CIK 0001020416 | Reading HTML from C:\git\Edgar\Edgar\Data\raw\2009\0001020416\000095012309002594\0000950123-09-002594.txt
2026-03-04 10:59:34 [INF] CIK 0001020416 | Cleaning + extracting sections
2026-03-04 10:59:34 [INF] CIK 0001020416 | Filing 302/9706 for Year 2009 Finished
2026-03-04 10:59:34 [INF] CIK 0001025996 | Filing 303/9706 for Year 2009 Starting
2026-03-04 10:59:34 [INF] CIK 0001025996 | Downloading filing HTML (cached if available)
2026-03-04 10:59:35 [INF] CIK 0001025996 | Reading HTML from C:\git\Edgar\Edgar\Data\raw\2009\0001025996\000119312509027247\0001193125-09-027247.txt
2026-03-04 10:59:35 [INF] CIK 0001025996 | Cleaning + extracting sections
2026-03-04 10:59:35 [INF] CIK 0001025996 | Filing 303/9706 for Year 2009 Finished
2026-03-04 10:59:35 [INF] CIK 0000010329 | Filing 304/9706 for Year 2009 Starting
2026-03-04 10:59:35 [INF] CIK 0000010329 | Downloading filing HTML (cached if available)
2026-03-04 10:59:35 [INF] CIK 0000010329 | Reading HTML from C:\git\Edgar\Edgar\Data\raw\2009\0000010329\000119312509027290\0001193125-09-027290.txt
2026-03-04 10:59:35 [INF] CIK 0000010329 | Cleaning + extracting sections
2026-03-04 10:59:35 [INF] CIK 0000010329 | Filing 304/9706 for Year 2009 Finished
2026-03-04 10:59:35 [INF] CIK 0001037390 | Filing 305/9706 for Year 2009 Starting
2026-03-04 10:59:35 [INF] CIK 0001037390 | Downloading filing HTML (cached if available)
2026-03-04 10:59:35 [INF] CIK 0001037390 | Reading HTML from C:\git\Edgar\Edgar\Data\raw\2009\0001037390\000104746909001057\0001047469-09-001057.txt
2026-03-04 10:59:35 [INF] CIK 0001037390 | Cleaning + extracting sections
2026-03-04 10:59:35 [INF] CIK 0001037390 | Filing 305/9706 for Year 2009 Finished
2026-03-04 10:59:35 [INF] CIK 0001048286 | Filing 306/9706 for Year 2009 Starting
2026-03-04 10:59:35 [INF] CIK 0001048286 | Downloading filing HTML (cached if available)
2026-03-04 10:59:36 [INF] CIK 0001048286 | Reading HTML from C:\git\Edgar\Edgar\Data\raw\2009\0001048286\000119312509027236\0001193125-09-027236.txt
2026-03-04 10:59:36 [INF] CIK 0001048286 | Cleaning + extracting sections
2026-03-04 10:59:36 [INF] CIK 0001048286 | Filing 306/9706 for Year 2009 Finished
2026-03-04 10:59:36 [INF] CIK 0001053706 | Filing 307/9706 for Year 2009 Starting
2026-03-04 10:59:36 [INF] CIK 0001053706 | Downloading filing HTML (cached if available)
2026-03-04 10:59:36 [INF] CIK 0001053706 | Reading HTML from C:\git\Edgar\Edgar\Data\raw\2009\0001053706\000104746909001076\0001047469-09-001076.txt
2026-03-04 10:59:36 [INF] CIK 0001053706 | Cleaning + extracting sections
2026-03-04 10:59:36 [INF] CIK 0001053706 | Filing 307/9706 for Year 2009 Finished
2026-03-04 10:59:36 [INF] CIK 0001067063 | Filing 308/9706 for Year 2009 Starting
2026-03-04 10:59:36 [WRN] Missing permno mapping in CCM for Company MACK CALI REALTY L P (0001067063).
2026-03-04 10:59:36 [WRN] Missing Book-to-Market data for Company MACK CALI REALTY L P (0001067063) in 2009.
2026-03-04 10:59:36 [WRN] Skipping filing due to missing required data (CCM/CRSP/BTM).
2026-03-04 10:59:36 [INF] CIK 0001099963 | Filing 309/9706 for Year 2009 Starting
2026-03-04 10:59:36 [WRN] Missing permno mapping in CCM for Company Magnum dOr Resources Inc (0001099963).
2026-03-04 10:59:36 [WRN] Missing Book-to-Market data for Company Magnum dOr Resources Inc (0001099963) in 2009.
2026-03-04 10:59:36 [WRN] Skipping filing due to missing required data (CCM/CRSP/BTM).
2026-03-04 10:59:36 [INF] CIK 0001123979 | Filing 310/9706 for Year 2009 Starting
2026-03-04 10:59:36 [INF] CIK 0001123979 | Downloading filing HTML (cached if available)
2026-03-04 10:59:36 [INF] CIK 0001123979 | Reading HTML from C:\git\Edgar\Edgar\Data\raw\2009\0001123979\000110465909008610\0001104659-09-008610.txt
2026-03-04 10:59:36 [INF] CIK 0001123979 | Cleaning + extracting sections
2026-03-04 10:59:36 [INF] CIK 0001123979 | Filing 310/9706 for Year 2009 Finished
2026-03-04 10:59:36 [INF] CIK 0001206264 | Filing 311/9706 for Year 2009 Starting
2026-03-04 10:59:36 [INF] CIK 0001206264 | Downloading filing HTML (cached if available)
2026-03-04 10:59:37 [INF] CIK 0001206264 | Reading HTML from C:\git\Edgar\Edgar\Data\raw\2009\0001206264\000120626409000004\0001206264-09-000004.txt
2026-03-04 10:59:37 [INF] CIK 0001206264 | Cleaning + extracting sections
2026-03-04 10:59:37 [INF] CIK 0001206264 | Filing 311/9706 for Year 2009 Finished
2026-03-04 10:59:37 [INF] CIK 0001295810 | Filing 312/9706 for Year 2009 Starting
2026-03-04 10:59:37 [INF] CIK 0001295810 | Downloading filing HTML (cached if available)
2026-03-04 10:59:37 [INF] CIK 0001295810 | Reading HTML from C:\git\Edgar\Edgar\Data\raw\2009\0001295810\000119312509027323\0001193125-09-027323.txt
2026-03-04 10:59:37 [INF] CIK 0001295810 | Cleaning + extracting sections
2026-03-04 10:59:37 [INF] CIK 0001295810 | Filing 312/9706 for Year 2009 Finished
2026-03-04 10:59:37 [INF] CIK 0001322734 | Filing 313/9706 for Year 2009 Starting
2026-03-04 10:59:37 [WRN] Missing permno mapping in CCM for Company Advanced Life Sciences Holdings, Inc. (0001322734).
2026-03-04 10:59:37 [WRN] Missing Book-to-Market data for Company Advanced Life Sciences Holdings, Inc. (0001322734) in 2009.
2026-03-04 10:59:37 [WRN] Skipping filing due to missing required data (CCM/CRSP/BTM).
2026-03-04 10:59:37 [INF] CIK 0001339947 | Filing 314/9706 for Year 2009 Starting
2026-03-04 10:59:37 [INF] CIK 0001339947 | Downloading filing HTML (cached if available)
2026-03-04 10:59:38 [INF] CIK 0001339947 | Reading HTML from C:\git\Edgar\Edgar\Data\raw\2009\0001339947\000119312509026502\0001193125-09-026502.txt
2026-03-04 10:59:38 [INF] CIK 0001339947 | Cleaning + extracting sections
2026-03-04 10:59:38 [INF] CIK 0001339947 | Filing 314/9706 for Year 2009 Finished
2026-03-04 10:59:38 [INF] CIK 0001346346 | Filing 315/9706 for Year 2009 Starting
2026-03-04 10:59:38 [WRN] Missing permno mapping in CCM for Company Confederate Motors, Inc. (0001346346).
2026-03-04 10:59:38 [WRN] Missing Book-to-Market data for Company Confederate Motors, Inc. (0001346346) in 2009.
2026-03-04 10:59:38 [WRN] Skipping filing due to missing required data (CCM/CRSP/BTM).
2026-03-04 10:59:38 [INF] CIK 0001347022 | Filing 316/9706 for Year 2009 Starting
2026-03-04 10:59:38 [INF] CIK 0001347022 | Downloading filing HTML (cached if available)
2026-03-04 10:59:38 [INF] CIK 0001347022 | Reading HTML from C:\git\Edgar\Edgar\Data\raw\2009\0001347022\000136231009001861\0001362310-09-001861.txt
2026-03-04 10:59:38 [INF] CIK 0001347022 | Cleaning + extracting sections
2026-03-04 10:59:38 [INF] CIK 0001347022 | Filing 316/9706 for Year 2009 Finished
2026-03-04 10:59:38 [INF] CIK 0001347652 | Filing 317/9706 for Year 2009 Starting
2026-03-04 10:59:38 [INF] CIK 0001347652 | Downloading filing HTML (cached if available)
2026-03-04 10:59:38 [INF] CIK 0001347652 | Reading HTML from C:\git\Edgar\Edgar\Data\raw\2009\0001347652\000120677409000240\0001206774-09-000240.txt
2026-03-04 10:59:38 [INF] CIK 0001347652 | Cleaning + extracting sections
2026-03-04 10:59:38 [INF] CIK 0001347652 | Filing 317/9706 for Year 2009 Finished
2026-03-04 10:59:38 [INF] CIK 0001396302 | Filing 318/9706 for Year 2009 Starting
2026-03-04 10:59:38 [WRN] Missing permno mapping in CCM for Company Blackbird Petroleum Corp (0001396302).
2026-03-04 10:59:38 [WRN] Missing Book-to-Market data for Company Blackbird Petroleum Corp (0001396302) in 2009.
2026-03-04 10:59:38 [WRN] Skipping filing due to missing required data (CCM/CRSP/BTM).
2026-03-04 10:59:38 [INF] CIK 0001424812 | Filing 319/9706 for Year 2009 Starting
2026-03-04 10:59:38 [WRN] Missing permno mapping in CCM for Company Jumpkicks, Inc. (0001424812).
2026-03-04 10:59:38 [WRN] Missing Book-to-Market data for Company Jumpkicks, Inc. (0001424812) in 2009.
2026-03-04 10:59:38 [WRN] Skipping filing due to missing required data (CCM/CRSP/BTM).
2026-03-04 10:59:38 [INF] CIK 0000030554 | Filing 320/9706 for Year 2009 Starting
2026-03-04 10:59:38 [INF] CIK 0000030554 | Downloading filing HTML (cached if available)
2026-03-04 10:59:39 [INF] CIK 0000030554 | Reading HTML from C:\git\Edgar\Edgar\Data\raw\2009\0000030554\000089322009000276\0000893220-09-000276.txt
2026-03-04 10:59:39 [INF] CIK 0000030554 | Cleaning + extracting sections
2026-03-04 10:59:39 [INF] CIK 0000030554 | Filing 320/9706 for Year 2009 Finished
2026-03-04 10:59:39 [INF] CIK 0000040888 | Filing 321/9706 for Year 2009 Starting
2026-03-04 10:59:39 [INF] CIK 0000040888 | Downloading filing HTML (cached if available)
2026-03-04 10:59:39 [INF] CIK 0000040888 | Reading HTML from C:\git\Edgar\Edgar\Data\raw\2009\0000040888\000095013409002645\0000950134-09-002645.txt
2026-03-04 10:59:39 [INF] CIK 0000040888 | Cleaning + extracting sections
2026-03-04 10:59:39 [INF] CIK 0000040888 | Filing 321/9706 for Year 2009 Finished
2026-03-04 10:59:39 [INF] CIK 0000045947 | Filing 322/9706 for Year 2009 Starting
2026-03-04 10:59:39 [WRN] Missing permno mapping in CCM for Company HARTFORD LIFE INSURANCE CO (0000045947).
2026-03-04 10:59:39 [WRN] Missing Book-to-Market data for Company HARTFORD LIFE INSURANCE CO (0000045947) in 2009.
2026-03-04 10:59:39 [WRN] Skipping filing due to missing required data (CCM/CRSP/BTM).
2026-03-04 10:59:39 [INF] CIK 0000717605 | Filing 323/9706 for Year 2009 Starting
2026-03-04 10:59:39 [INF] CIK 0000717605 | Downloading filing HTML (cached if available)
2026-03-04 10:59:40 [INF] CIK 0000717605 | Reading HTML from C:\git\Edgar\Edgar\Data\raw\2009\0000717605\000110465909008902\0001104659-09-008902.txt
2026-03-04 10:59:40 [INF] CIK 0000717605 | Cleaning + extracting sections
2026-03-04 10:59:40 [INF] CIK 0000717605 | Filing 323/9706 for Year 2009 Finished
2026-03-04 10:59:40 [INF] CIK 0000726728 | Filing 324/9706 for Year 2009 Starting
2026-03-04 10:59:40 [INF] CIK 0000726728 | Downloading filing HTML (cached if available)
2026-03-04 10:59:41 [INF] CIK 0000726728 | Reading HTML from C:\git\Edgar\Edgar\Data\raw\2009\0000726728\000072672809000015\0000726728-09-000015.txt
2026-03-04 10:59:41 [INF] CIK 0000726728 | Cleaning + extracting sections
2026-03-04 10:59:41 [INF] CIK 0000726728 | Filing 324/9706 for Year 2009 Finished
2026-03-04 10:59:41 [INF] CIK 0000874766 | Filing 325/9706 for Year 2009 Starting
2026-03-04 10:59:41 [INF] CIK 0000874766 | Downloading filing HTML (cached if available)
2026-03-04 10:59:42 [INF] CIK 0000874766 | Reading HTML from C:\git\Edgar\Edgar\Data\raw\2009\0000874766\000136231009001777\0001362310-09-001777.txt
2026-03-04 10:59:42 [INF] CIK 0000874766 | Cleaning + extracting sections
2026-03-04 10:59:42 [INF] CIK 0000874766 | Filing 325/9706 for Year 2009 Finished
2026-03-04 10:59:42 [INF] CIK 0000908255 | Filing 326/9706 for Year 2009 Starting
2026-03-04 10:59:42 [INF] CIK 0000908255 | Downloading filing HTML (cached if available)
2026-03-04 10:59:42 [INF] CIK 0000908255 | Reading HTML from C:\git\Edgar\Edgar\Data\raw\2009\0000908255\000095013709001021\0000950137-09-001021.txt
2026-03-04 10:59:42 [INF] CIK 0000908255 | Cleaning + extracting sections
2026-03-04 10:59:42 [INF] CIK 0000908255 | Filing 326/9706 for Year 2009 Finished
2026-03-04 10:59:42 [INF] CIK 0000924901 | Filing 327/9706 for Year 2009 Starting
2026-03-04 10:59:42 [INF] CIK 0000924901 | Downloading filing HTML (cached if available)
2026-03-04 10:59:43 [INF] CIK 0000924901 | Reading HTML from C:\git\Edgar\Edgar\Data\raw\2009\0000924901\000104746909000973\0001047469-09-000973.txt
2026-03-04 10:59:43 [INF] CIK 0000924901 | Cleaning + extracting sections
2026-03-04 10:59:43 [INF] CIK 0000924901 | Filing 327/9706 for Year 2009 Finished
2026-03-04 10:59:43 [INF] CIK 0000092769 | Filing 328/9706 for Year 2009 Starting
2026-03-04 10:59:43 [INF] CIK 0000092769 | Downloading filing HTML (cached if available)
2026-03-04 10:59:43 [INF] CIK 0000092769 | Reading HTML from C:\git\Edgar\Edgar\Data\raw\2009\0000092769\000119312509026442\0001193125-09-026442.txt
2026-03-04 10:59:43 [INF] CIK 0000092769 | Cleaning + extracting sections
2026-03-04 10:59:43 [INF] CIK 0000092769 | Filing 328/9706 for Year 2009 Finished
2026-03-04 10:59:43 [INF] CIK 0001003214 | Filing 329/9706 for Year 2009 Starting
2026-03-04 10:59:43 [INF] CIK 0001003214 | Downloading filing HTML (cached if available)
2026-03-04 10:59:44 [INF] CIK 0001003214 | Reading HTML from C:\git\Edgar\Edgar\Data\raw\2009\0001003214\000100321409000014\0001003214-09-000014.txt
2026-03-04 10:59:44 [INF] CIK 0001003214 | Cleaning + extracting sections
2026-03-04 10:59:44 [INF] CIK 0001003214 | Filing 329/9706 for Year 2009 Finished
2026-03-04 10:59:44 [INF] CIK 0001015739 | Filing 330/9706 for Year 2009 Starting
2026-03-04 10:59:44 [INF] CIK 0001015739 | Downloading filing HTML (cached if available)
2026-03-04 10:59:44 [INF] CIK 0001015739 | Reading HTML from C:\git\Edgar\Edgar\Data\raw\2009\0001015739\000118811209000293\0001188112-09-000293.txt
2026-03-04 10:59:44 [INF] CIK 0001015739 | Cleaning + extracting sections
2026-03-04 10:59:44 [INF] CIK 0001015739 | Filing 330/9706 for Year 2009 Finished
2026-03-04 10:59:44 [INF] CIK 0001021635 | Filing 331/9706 for Year 2009 Starting
2026-03-04 10:59:44 [INF] CIK 0001021635 | Downloading filing HTML (cached if available)
2026-03-04 10:59:45 [INF] CIK 0001021635 | Reading HTML from C:\git\Edgar\Edgar\Data\raw\2009\0001021635\000102163509000076\0001021635-09-000076.txt
2026-03-04 10:59:45 [INF] CIK 0001021635 | Cleaning + extracting sections
2026-03-04 10:59:45 [INF] CIK 0001021635 | Filing 331/9706 for Year 2009 Finished
2026-03-04 10:59:45 [INF] CIK 0001031093 | Filing 332/9706 for Year 2009 Starting
2026-03-04 10:59:45 [WRN] Missing Book-to-Market data for Company METALLINE MINING CO (0001031093) in 2009.
2026-03-04 10:59:45 [WRN] Skipping filing due to missing required data (CCM/CRSP/BTM).
2026-03-04 10:59:45 [INF] CIK 0001036292 | Filing 333/9706 for Year 2009 Starting
2026-03-04 10:59:45 [WRN] Missing permno mapping in CCM for Company SIGNATURE EYEWEAR INC (0001036292).
2026-03-04 10:59:45 [WRN] Missing Book-to-Market data for Company SIGNATURE EYEWEAR INC (0001036292) in 2009.
2026-03-04 10:59:45 [WRN] Skipping filing due to missing required data (CCM/CRSP/BTM).
2026-03-04 10:59:45 [INF] CIK 0001037646 | Filing 334/9706 for Year 2009 Starting
2026-03-04 10:59:45 [INF] CIK 0001037646 | Downloading filing HTML (cached if available)
2026-03-04 10:59:45 [INF] CIK 0001037646 | Reading HTML from C:\git\Edgar\Edgar\Data\raw\2009\0001037646\000095015209001389\0000950152-09-001389.txt
2026-03-04 10:59:45 [INF] CIK 0001037646 | Cleaning + extracting sections
2026-03-04 10:59:45 [INF] CIK 0001037646 | Filing 334/9706 for Year 2009 Finished
2026-03-04 10:59:45 [INF] CIK 0001037949 | Filing 335/9706 for Year 2009 Starting
2026-03-04 10:59:45 [INF] CIK 0001037949 | Downloading filing HTML (cached if available)
2026-03-04 10:59:46 [INF] CIK 0001037949 | Reading HTML from C:\git\Edgar\Edgar\Data\raw\2009\0001037949\000104746909001126\0001047469-09-001126.txt
2026-03-04 10:59:46 [INF] CIK 0001037949 | Cleaning + extracting sections
2026-03-04 10:59:46 [INF] CIK 0001037949 | Filing 335/9706 for Year 2009 Finished
2026-03-04 10:59:46 [INF] CIK 0001043825 | Filing 336/9706 for Year 2009 Starting
2026-03-04 10:59:46 [WRN] Missing permno mapping in CCM for Company PINNACLE RESOURCES INC (0001043825).
2026-03-04 10:59:46 [WRN] Missing Book-to-Market data for Company PINNACLE RESOURCES INC (0001043825) in 2009.
2026-03-04 10:59:46 [WRN] Skipping filing due to missing required data (CCM/CRSP/BTM).
2026-03-04 10:59:46 [INF] CIK 0001046120 | Filing 337/9706 for Year 2009 Starting
2026-03-04 10:59:46 [WRN] Missing permno mapping in CCM for Company PERCIPIO BIOTHERAPEUTICS, INC. (0001046120).
2026-03-04 10:59:46 [WRN] Missing Book-to-Market data for Company PERCIPIO BIOTHERAPEUTICS, INC. (0001046120) in 2009.
2026-03-04 10:59:46 [WRN] Skipping filing due to missing required data (CCM/CRSP/BTM).
2026-03-04 10:59:46 [INF] CIK 0001055160 | Filing 338/9706 for Year 2009 Starting
2026-03-04 10:59:46 [INF] CIK 0001055160 | Downloading filing HTML (cached if available)
2026-03-04 10:59:46 [INF] CIK 0001055160 | Reading HTML from C:\git\Edgar\Edgar\Data\raw\2009\0001055160\000119380509000368\0001193805-09-000368.txt
2026-03-04 10:59:46 [INF] CIK 0001055160 | Cleaning + extracting sections
2026-03-04 10:59:46 [INF] CIK 0001055160 | Filing 338/9706 for Year 2009 Finished
2026-03-04 10:59:46 [INF] CIK 0001069530 | Filing 339/9706 for Year 2009 Starting
2026-03-04 10:59:46 [INF] CIK 0001069530 | Downloading filing HTML (cached if available)
2026-03-04 10:59:46 [INF] CIK 0001069530 | Reading HTML from C:\git\Edgar\Edgar\Data\raw\2009\0001069530\000119312509027574\0001193125-09-027574.txt
2026-03-04 10:59:46 [INF] CIK 0001069530 | Cleaning + extracting sections
2026-03-04 10:59:46 [INF] CIK 0001069530 | Filing 339/9706 for Year 2009 Finished
2026-03-04 10:59:46 [INF] CIK 0001084873 | Filing 340/9706 for Year 2009 Starting
2026-03-04 10:59:46 [WRN] Missing permno mapping in CCM for Company GOLDEN HEALTH HOLDINGS, INC. (0001084873).
2026-03-04 10:59:46 [WRN] Missing Book-to-Market data for Company GOLDEN HEALTH HOLDINGS, INC. (0001084873) in 2009.
2026-03-04 10:59:46 [WRN] Skipping filing due to missing required data (CCM/CRSP/BTM).
2026-03-04 10:59:46 [INF] CIK 0000108772 | Filing 341/9706 for Year 2009 Starting
2026-03-04 10:59:46 [WRN] Missing permno mapping in CCM for Company XEROX CORP (0000108772).
2026-03-04 10:59:46 [WRN] Missing Book-to-Market data for Company XEROX CORP (0000108772) in 2009.
2026-03-04 10:59:46 [WRN] Skipping filing due to missing required data (CCM/CRSP/BTM).
2026-03-04 10:59:46 [INF] CIK 0000109261 | Filing 342/9706 for Year 2009 Starting
2026-03-04 10:59:46 [INF] CIK 0000109261 | Downloading filing HTML (cached if available)
2026-03-04 10:59:47 [INF] CIK 0000109261 | Reading HTML from C:\git\Edgar\Edgar\Data\raw\2009\0000109261\000104746909001213\0001047469-09-001213.txt
2026-03-04 10:59:47 [INF] CIK 0000109261 | Cleaning + extracting sections
2026-03-04 10:59:47 [INF] CIK 0000109261 | Filing 342/9706 for Year 2009 Finished
2026-03-04 10:59:47 [INF] CIK 0001094961 | Filing 343/9706 for Year 2009 Starting
2026-03-04 10:59:47 [WRN] Missing permno mapping in CCM for Company Monogram Biosciences, Inc. (0001094961).
2026-03-04 10:59:47 [WRN] Missing Book-to-Market data for Company Monogram Biosciences, Inc. (0001094961) in 2009.
2026-03-04 10:59:47 [WRN] Skipping filing due to missing required data (CCM/CRSP/BTM).
2026-03-04 10:59:47 [INF] CIK 0001106974 | Filing 344/9706 for Year 2009 Starting
2026-03-04 10:59:47 [WRN] Missing permno mapping in CCM for Company WESTERGAARD COM INC (0001106974).
2026-03-04 10:59:47 [WRN] Missing Book-to-Market data for Company WESTERGAARD COM INC (0001106974) in 2009.
2026-03-04 10:59:47 [WRN] Skipping filing due to missing required data (CCM/CRSP/BTM).
2026-03-04 10:59:47 [INF] CIK 0001109067 | Filing 345/9706 for Year 2009 Starting
2026-03-04 10:59:47 [WRN] Missing permno mapping in CCM for Company DESTINATION TELEVISION, INC. (0001109067).
2026-03-04 10:59:47 [WRN] Missing Book-to-Market data for Company DESTINATION TELEVISION, INC. (0001109067) in 2009.
2026-03-04 10:59:47 [WRN] Skipping filing due to missing required data (CCM/CRSP/BTM).
2026-03-04 10:59:47 [INF] CIK 0001118847 | Filing 346/9706 for Year 2009 Starting
2026-03-04 10:59:47 [WRN] Missing permno mapping in CCM for Company QUANTUM GROUP INC /FL (0001118847).
2026-03-04 10:59:47 [WRN] Missing Book-to-Market data for Company QUANTUM GROUP INC /FL (0001118847) in 2009.
2026-03-04 10:59:47 [WRN] Skipping filing due to missing required data (CCM/CRSP/BTM).
2026-03-04 10:59:47 [INF] CIK 0001121816 | Filing 347/9706 for Year 2009 Starting
2026-03-04 10:59:47 [WRN] Missing permno mapping in CCM for Company BIG SKY INDUSTRIES V INC (0001121816).
2026-03-04 10:59:47 [WRN] Missing Book-to-Market data for Company BIG SKY INDUSTRIES V INC (0001121816) in 2009.
2026-03-04 10:59:47 [WRN] Skipping filing due to missing required data (CCM/CRSP/BTM).
2026-03-04 10:59:47 [INF] CIK 0001122991 | Filing 348/9706 for Year 2009 Starting
2026-03-04 10:59:47 [WRN] Missing permno mapping in CCM for Company Atomic Guppy Inc (0001122991).
2026-03-04 10:59:47 [WRN] Missing Book-to-Market data for Company Atomic Guppy Inc (0001122991) in 2009.
2026-03-04 10:59:47 [WRN] Skipping filing due to missing required data (CCM/CRSP/BTM).
2026-03-04 10:59:47 [INF] CIK 0001140486 | Filing 349/9706 for Year 2009 Starting
2026-03-04 10:59:47 [INF] CIK 0001140486 | Downloading filing HTML (cached if available)
2026-03-04 10:59:47 [INF] CIK 0001140486 | Reading HTML from C:\git\Edgar\Edgar\Data\raw\2009\0001140486\000119312509029273\0001193125-09-029273.txt
2026-03-04 10:59:47 [INF] CIK 0001140486 | Cleaning + extracting sections
2026-03-04 10:59:47 [INF] CIK 0001140486 | Filing 349/9706 for Year 2009 Finished
2026-03-04 10:59:47 [INF] CIK 0001158463 | Filing 350/9706 for Year 2009 Starting
2026-03-04 10:59:47 [INF] CIK 0001158463 | Downloading filing HTML (cached if available)
2026-03-04 10:59:48 [INF] CIK 0001158463 | Reading HTML from C:\git\Edgar\Edgar\Data\raw\2009\0001158463\000095012309002805\0000950123-09-002805.txt
2026-03-04 10:59:48 [INF] CIK 0001158463 | Cleaning + extracting sections
2026-03-04 10:59:48 [INF] CIK 0001158463 | Filing 350/9706 for Year 2009 Finished
2026-03-04 10:59:48 [INF] CIK 0001159167 | Filing 351/9706 for Year 2009 Starting
2026-03-04 10:59:48 [INF] CIK 0001159167 | Downloading filing HTML (cached if available)
2026-03-04 10:59:48 [INF] CIK 0001159167 | Reading HTML from C:\git\Edgar\Edgar\Data\raw\2009\0001159167\000095013509000964\0000950135-09-000964.txt
2026-03-04 10:59:48 [INF] CIK 0001159167 | Cleaning + extracting sections
2026-03-04 10:59:48 [INF] CIK 0001159167 | Filing 351/9706 for Year 2009 Finished
2026-03-04 10:59:48 [INF] CIK 0001179651 | Filing 352/9706 for Year 2009 Starting
2026-03-04 10:59:48 [WRN] Missing permno mapping in CCM for Company Amish Naturals, Inc. (0001179651).
2026-03-04 10:59:48 [WRN] Missing Book-to-Market data for Company Amish Naturals, Inc. (0001179651) in 2009.
2026-03-04 10:59:48 [WRN] Skipping filing due to missing required data (CCM/CRSP/BTM).
2026-03-04 10:59:48 [INF] CIK 0001183186 | Filing 353/9706 for Year 2009 Starting
2026-03-04 10:59:48 [INF] CIK 0001183186 | Downloading filing HTML (cached if available)
2026-03-04 10:59:48 [INF] CIK 0001183186 | Reading HTML from C:\git\Edgar\Edgar\Data\raw\2009\0001183186\000119312509029450\0001193125-09-029450.txt
2026-03-04 10:59:49 [INF] CIK 0001183186 | Cleaning + extracting sections
2026-03-04 10:59:49 [INF] CIK 0001183186 | Filing 353/9706 for Year 2009 Finished
2026-03-04 10:59:49 [INF] CIK 0001202157 | Filing 354/9706 for Year 2009 Starting
2026-03-04 10:59:49 [WRN] Missing permno mapping in CCM for Company BROOKFIELD HOMES CORP (0001202157).
2026-03-04 10:59:49 [WRN] Missing Book-to-Market data for Company BROOKFIELD HOMES CORP (0001202157) in 2009.
2026-03-04 10:59:49 [WRN] Skipping filing due to missing required data (CCM/CRSP/BTM).
2026-03-04 10:59:49 [INF] CIK 0001265848 | Filing 355/9706 for Year 2009 Starting
2026-03-04 10:59:49 [WRN] Missing permno mapping in CCM for Company 355 INC (0001265848).
2026-03-04 10:59:49 [WRN] Missing Book-to-Market data for Company 355 INC (0001265848) in 2009.
2026-03-04 10:59:49 [WRN] Skipping filing due to missing required data (CCM/CRSP/BTM).
2026-03-04 10:59:49 [INF] CIK 0001288776 | Filing 356/9706 for Year 2009 Starting
2026-03-04 10:59:49 [WRN] Missing permno mapping in CCM for Company Google Inc. (0001288776).
2026-03-04 10:59:49 [WRN] Missing Book-to-Market data for Company Google Inc. (0001288776) in 2009.
2026-03-04 10:59:49 [WRN] Skipping filing due to missing required data (CCM/CRSP/BTM).
2026-03-04 10:59:49 [INF] CIK 0001289236 | Filing 357/9706 for Year 2009 Starting
2026-03-04 10:59:49 [INF] CIK 0001289236 | Downloading filing HTML (cached if available)
2026-03-04 10:59:49 [INF] CIK 0001289236 | Reading HTML from C:\git\Edgar\Edgar\Data\raw\2009\0001289236\000093639209000064\0000936392-09-000064.txt
2026-03-04 10:59:49 [INF] CIK 0001289236 | Cleaning + extracting sections
2026-03-04 10:59:52 [INF] CIK 0001289236 | Filing 357/9706 for Year 2009 Finished
2026-03-04 10:59:52 [INF] CIK 0001306830 | Filing 358/9706 for Year 2009 Starting
2026-03-04 10:59:52 [INF] CIK 0001306830 | Downloading filing HTML (cached if available)
2026-03-04 10:59:52 [INF] CIK 0001306830 | Reading HTML from C:\git\Edgar\Edgar\Data\raw\2009\0001306830\000095013409002731\0000950134-09-002731.txt
2026-03-04 10:59:52 [INF] CIK 0001306830 | Cleaning + extracting sections
2026-03-04 10:59:52 [INF] CIK 0001306830 | Filing 358/9706 for Year 2009 Finished
2026-03-04 10:59:52 [INF] CIK 0001312069 | Filing 359/9706 for Year 2009 Starting
2026-03-04 10:59:52 [WRN] Missing permno mapping in CCM for Company FOUR RIVERS BIOENERGY INC. (0001312069).
2026-03-04 10:59:52 [WRN] Missing Book-to-Market data for Company FOUR RIVERS BIOENERGY INC. (0001312069) in 2009.
2026-03-04 10:59:52 [WRN] Skipping filing due to missing required data (CCM/CRSP/BTM).
2026-03-04 10:59:52 [INF] CIK 0001312402 | Filing 360/9706 for Year 2009 Starting
2026-03-04 10:59:52 [WRN] Missing permno mapping in CCM for Company BLACKSTONE LAKE MINERALS INC. (0001312402).
2026-03-04 10:59:52 [WRN] Missing Book-to-Market data for Company BLACKSTONE LAKE MINERALS INC. (0001312402) in 2009.
2026-03-04 10:59:52 [WRN] Skipping filing due to missing required data (CCM/CRSP/BTM).
2026-03-04 10:59:52 [INF] CIK 0001324410 | Filing 361/9706 for Year 2009 Starting
2026-03-04 10:59:52 [INF] CIK 0001324410 | Downloading filing HTML (cached if available)
2026-03-04 10:59:53 [INF] CIK 0001324410 | Reading HTML from C:\git\Edgar\Edgar\Data\raw\2009\0001324410\000104746909001120\0001047469-09-001120.txt
2026-03-04 10:59:53 [INF] CIK 0001324410 | Cleaning + extracting sections
2026-03-04 10:59:53 [INF] CIK 0001324410 | Filing 361/9706 for Year 2009 Finished
2026-03-04 10:59:53 [INF] CIK 0001337182 | Filing 362/9706 for Year 2009 Starting
2026-03-04 10:59:53 [WRN] Missing permno mapping in CCM for Company Breezer Ventures Inc. (0001337182).
2026-03-04 10:59:53 [WRN] Missing Book-to-Market data for Company Breezer Ventures Inc. (0001337182) in 2009.
2026-03-04 10:59:53 [WRN] Skipping filing due to missing required data (CCM/CRSP/BTM).
2026-03-04 10:59:53 [INF] CIK 0001350031 | Filing 363/9706 for Year 2009 Starting
2026-03-04 10:59:53 [WRN] Missing permno mapping in CCM for Company Embarq CORP (0001350031).
2026-03-04 10:59:53 [WRN] Missing Book-to-Market data for Company Embarq CORP (0001350031) in 2009.
2026-03-04 10:59:53 [WRN] Skipping filing due to missing required data (CCM/CRSP/BTM).
2026-03-04 10:59:53 [INF] CIK 0001352858 | Filing 364/9706 for Year 2009 Starting
2026-03-04 10:59:53 [WRN] Missing permno mapping in CCM for Company LABURNUM VENTURES INC. (0001352858).
2026-03-04 10:59:53 [WRN] Missing Book-to-Market data for Company LABURNUM VENTURES INC. (0001352858) in 2009.
2026-03-04 10:59:53 [WRN] Skipping filing due to missing required data (CCM/CRSP/BTM).
2026-03-04 10:59:53 [INF] CIK 0001363890 | Filing 365/9706 for Year 2009 Starting
2026-03-04 10:59:53 [INF] CIK 0001363890 | Downloading filing HTML (cached if available)
2026-03-04 10:59:53 [INF] CIK 0001363890 | Reading HTML from C:\git\Edgar\Edgar\Data\raw\2009\0001363890\000095012909000415\0000950129-09-000415.txt
2026-03-04 10:59:53 [INF] CIK 0001363890 | Cleaning + extracting sections
2026-03-04 10:59:53 [INF] CIK 0001363890 | Filing 365/9706 for Year 2009 Finished
2026-03-04 10:59:53 [INF] CIK 0001385799 | Filing 366/9706 for Year 2009 Starting
2026-03-04 10:59:53 [WRN] Missing permno mapping in CCM for Company Geostar Mineral CORP (0001385799).
2026-03-04 10:59:53 [WRN] Missing Book-to-Market data for Company Geostar Mineral CORP (0001385799) in 2009.
2026-03-04 10:59:53 [WRN] Skipping filing due to missing required data (CCM/CRSP/BTM).
2026-03-04 10:59:53 [INF] CIK 0001397919 | Filing 367/9706 for Year 2009 Starting
2026-03-04 10:59:53 [WRN] Missing permno mapping in CCM for Company HENYA FOOD CORP (0001397919).
2026-03-04 10:59:53 [WRN] Missing Book-to-Market data for Company HENYA FOOD CORP (0001397919) in 2009.
2026-03-04 10:59:53 [WRN] Skipping filing due to missing required data (CCM/CRSP/BTM).
2026-03-04 10:59:53 [INF] CIK 0001414255 | Filing 368/9706 for Year 2009 Starting
2026-03-04 10:59:53 [WRN] Missing permno mapping in CCM for Company Sapphire Industrials Corp. (0001414255).
2026-03-04 10:59:53 [WRN] Missing Book-to-Market data for Company Sapphire Industrials Corp. (0001414255) in 2009.
2026-03-04 10:59:53 [WRN] Skipping filing due to missing required data (CCM/CRSP/BTM).
2026-03-04 10:59:53 [INF] CIK 0001418968 | Filing 369/9706 for Year 2009 Starting
2026-03-04 10:59:53 [WRN] Missing permno mapping in CCM for Company Roman Acquisition Corp. (0001418968).
2026-03-04 10:59:53 [WRN] Missing Book-to-Market data for Company Roman Acquisition Corp. (0001418968) in 2009.
2026-03-04 10:59:53 [WRN] Skipping filing due to missing required data (CCM/CRSP/BTM).
2026-03-04 10:59:53 [INF] CIK 0001421528 | Filing 370/9706 for Year 2009 Starting
2026-03-04 10:59:53 [WRN] Missing permno mapping in CCM for Company Xodtec Group USA, INC. (0001421528).
2026-03-04 10:59:53 [WRN] Missing Book-to-Market data for Company Xodtec Group USA, INC. (0001421528) in 2009.
2026-03-04 10:59:53 [WRN] Skipping filing due to missing required data (CCM/CRSP/BTM).
2026-03-04 10:59:53 [INF] CIK 0001424640 | Filing 371/9706 for Year 2009 Starting
2026-03-04 10:59:53 [WRN] Missing permno mapping in CCM for Company WindTamer Corp (0001424640).
2026-03-04 10:59:53 [WRN] Missing Book-to-Market data for Company WindTamer Corp (0001424640) in 2009.
2026-03-04 10:59:53 [WRN] Skipping filing due to missing required data (CCM/CRSP/BTM).
2026-03-04 10:59:53 [INF] CIK 0001430523 | Filing 372/9706 for Year 2009 Starting
2026-03-04 10:59:53 [WRN] Missing permno mapping in CCM for Company WEBDIGS INC (0001430523).
2026-03-04 10:59:53 [WRN] Missing Book-to-Market data for Company WEBDIGS INC (0001430523) in 2009.
2026-03-04 10:59:53 [WRN] Skipping filing due to missing required data (CCM/CRSP/BTM).
2026-03-04 10:59:53 [INF] CIK 0000015511 | Filing 373/9706 for Year 2009 Starting
2026-03-04 10:59:53 [WRN] Missing permno mapping in CCM for Company BNSF RAILWAY CO (0000015511).
2026-03-04 10:59:53 [WRN] Missing Book-to-Market data for Company BNSF RAILWAY CO (0000015511) in 2009.
2026-03-04 10:59:53 [WRN] Skipping filing due to missing required data (CCM/CRSP/BTM).
2026-03-04 10:59:53 [INF] CIK 0000312583 | Filing 374/9706 for Year 2009 Starting
2026-03-04 10:59:53 [WRN] Missing permno mapping in CCM for Company ROCKY MOUNTAIN MINERALS INC (0000312583).
2026-03-04 10:59:53 [WRN] Missing Book-to-Market data for Company ROCKY MOUNTAIN MINERALS INC (0000312583) in 2009.
2026-03-04 10:59:53 [WRN] Skipping filing due to missing required data (CCM/CRSP/BTM).
2026-03-04 10:59:53 [INF] CIK 0000066756 | Filing 375/9706 for Year 2009 Starting
2026-03-04 10:59:53 [INF] CIK 0000066756 | Downloading filing HTML (cached if available)
2026-03-04 10:59:53 [INF] CIK 0000066756 | Reading HTML from C:\git\Edgar\Edgar\Data\raw\2009\0000066756\000006675609000015\0000066756-09-000015.txt
2026-03-04 10:59:54 [INF] CIK 0000066756 | Cleaning + extracting sections
2026-03-04 10:59:54 [INF] CIK 0000066756 | Filing 375/9706 for Year 2009 Finished
2026-03-04 10:59:54 [INF] CIK 0000067716 | Filing 376/9706 for Year 2009 Starting
2026-03-04 10:59:54 [INF] CIK 0000067716 | Downloading filing HTML (cached if available)
2026-03-04 10:59:54 [INF] CIK 0000067716 | Reading HTML from C:\git\Edgar\Edgar\Data\raw\2009\0000067716\000006771609000026\0000067716-09-000026.txt
2026-03-04 10:59:54 [INF] CIK 0000067716 | Cleaning + extracting sections
2026-03-04 10:59:54 [INF] CIK 0000067716 | Filing 376/9706 for Year 2009 Finished
2026-03-04 10:59:54 [INF] CIK 0000707388 | Filing 377/9706 for Year 2009 Starting
2026-03-04 10:59:54 [INF] CIK 0000707388 | Downloading filing HTML (cached if available)
2026-03-04 10:59:54 [INF] CIK 0000707388 | Reading HTML from C:\git\Edgar\Edgar\Data\raw\2009\0000707388\000119312509029223\0001193125-09-029223.txt
2026-03-04 10:59:54 [INF] CIK 0000707388 | Cleaning + extracting sections
2026-03-04 10:59:54 [INF] CIK 0000707388 | Filing 377/9706 for Year 2009 Finished
2026-03-04 10:59:54 [INF] CIK 0000073088 | Filing 378/9706 for Year 2009 Starting
2026-03-04 10:59:54 [WRN] Missing permno mapping in CCM for Company NORTHWESTERN CORP (0000073088).
2026-03-04 10:59:54 [WRN] Missing Book-to-Market data for Company NORTHWESTERN CORP (0000073088) in 2009.
2026-03-04 10:59:54 [WRN] Skipping filing due to missing required data (CCM/CRSP/BTM).
2026-03-04 10:59:54 [INF] CIK 0000074145 | Filing 379/9706 for Year 2009 Starting
2026-03-04 10:59:54 [WRN] Missing permno mapping in CCM for Company OKLAHOMA GAS & ELECTRIC CO (0000074145).
2026-03-04 10:59:54 [WRN] Missing Book-to-Market data for Company OKLAHOMA GAS & ELECTRIC CO (0000074145) in 2009.
2026-03-04 10:59:54 [WRN] Skipping filing due to missing required data (CCM/CRSP/BTM).
2026-03-04 10:59:54 [INF] CIK 0000759458 | Filing 380/9706 for Year 2009 Starting
2026-03-04 10:59:54 [WRN] Missing permno mapping in CCM for Company CANANDAIGUA NATIONAL CORP (0000759458).
2026-03-04 10:59:54 [WRN] Missing Book-to-Market data for Company CANANDAIGUA NATIONAL CORP (0000759458) in 2009.
2026-03-04 10:59:54 [WRN] Skipping filing due to missing required data (CCM/CRSP/BTM).
2026-03-04 10:59:54 [INF] CIK 0000773840 | Filing 381/9706 for Year 2009 Starting
2026-03-04 10:59:54 [INF] CIK 0000773840 | Downloading filing HTML (cached if available)
2026-03-04 10:59:55 [INF] CIK 0000773840 | Reading HTML from C:\git\Edgar\Edgar\Data\raw\2009\0000773840\000093041309000801\0000930413-09-000801.txt
2026-03-04 10:59:55 [INF] CIK 0000773840 | Cleaning + extracting sections
2026-03-04 10:59:55 [INF] CIK 0000773840 | Filing 381/9706 for Year 2009 Finished
2026-03-04 10:59:55 [INF] CIK 0000789860 | Filing 382/9706 for Year 2009 Starting
2026-03-04 10:59:55 [WRN] Missing permno mapping in CCM for Company Yayi International Inc (0000789860).
2026-03-04 10:59:55 [WRN] Missing Book-to-Market data for Company Yayi International Inc (0000789860) in 2009.
2026-03-04 10:59:55 [WRN] Skipping filing due to missing required data (CCM/CRSP/BTM).
2026-03-04 10:59:55 [INF] CIK 0000804055 | Filing 383/9706 for Year 2009 Starting
2026-03-04 10:59:55 [WRN] Missing permno mapping in CCM for Company COCA COLA ENTERPRISES INC (0000804055).
2026-03-04 10:59:55 [WRN] Missing Book-to-Market data for Company COCA COLA ENTERPRISES INC (0000804055) in 2009.
2026-03-04 10:59:55 [WRN] Skipping filing due to missing required data (CCM/CRSP/BTM).
2026-03-04 10:59:55 [INF] CIK 0000815508 | Filing 384/9706 for Year 2009 Starting
2026-03-04 10:59:55 [WRN] Missing permno mapping in CCM for Company BIOPURE CORP (0000815508).
2026-03-04 10:59:55 [WRN] Missing Book-to-Market data for Company BIOPURE CORP (0000815508) in 2009.
2026-03-04 10:59:55 [WRN] Skipping filing due to missing required data (CCM/CRSP/BTM).
2026-03-04 10:59:55 [INF] CIK 0000875762 | Filing 385/9706 for Year 2009 Starting
2026-03-04 10:59:55 [WRN] Missing permno mapping in CCM for Company STARTECH ENVIRONMENTAL CORP (0000875762).
2026-03-04 10:59:55 [WRN] Missing Book-to-Market data for Company STARTECH ENVIRONMENTAL CORP (0000875762) in 2009.
2026-03-04 10:59:55 [WRN] Skipping filing due to missing required data (CCM/CRSP/BTM).
2026-03-04 10:59:55 [INF] CIK 0000880643 | Filing 386/9706 for Year 2009 Starting
2026-03-04 10:59:55 [WRN] Missing permno mapping in CCM for Company GENTA INC DE/ (0000880643).
2026-03-04 10:59:55 [WRN] Missing Book-to-Market data for Company GENTA INC DE/ (0000880643) in 2009.
2026-03-04 10:59:55 [WRN] Skipping filing due to missing required data (CCM/CRSP/BTM).
2026-03-04 10:59:55 [INF] CIK 0000903129 | Filing 387/9706 for Year 2009 Starting
2026-03-04 10:59:55 [INF] CIK 0000903129 | Downloading filing HTML (cached if available)
2026-03-04 10:59:55 [INF] CIK 0000903129 | Reading HTML from C:\git\Edgar\Edgar\Data\raw\2009\0000903129\000119312509029234\0001193125-09-029234.txt
2026-03-04 10:59:55 [INF] CIK 0000903129 | Cleaning + extracting sections
2026-03-04 10:59:55 [INF] CIK 0000903129 | Filing 387/9706 for Year 2009 Finished
2026-03-04 10:59:55 [INF] CIK 0000931911 | Filing 388/9706 for Year 2009 Starting
2026-03-04 10:59:55 [WRN] Missing permno mapping in CCM for Company WESTAFF INC (0000931911).
2026-03-04 10:59:55 [WRN] Missing Book-to-Market data for Company WESTAFF INC (0000931911) in 2009.
2026-03-04 10:59:55 [WRN] Skipping filing due to missing required data (CCM/CRSP/BTM).
2026-03-04 10:59:55 [INF] CIK 0000934612 | Filing 389/9706 for Year 2009 Starting
2026-03-04 10:59:55 [INF] CIK 0000934612 | Downloading filing HTML (cached if available)
2026-03-04 10:59:56 [INF] CIK 0000934612 | Reading HTML from C:\git\Edgar\Edgar\Data\raw\2009\0000934612\000093461209000005\0000934612-09-000005.txt
2026-03-04 10:59:56 [INF] CIK 0000934612 | Cleaning + extracting sections
2026-03-04 10:59:56 [INF] CIK 0000934612 | Filing 389/9706 for Year 2009 Finished
2026-03-04 10:59:56 [INF] CIK 0000948846 | Filing 390/9706 for Year 2009 Starting
2026-03-04 10:59:56 [INF] CIK 0000948846 | Downloading filing HTML (cached if available)
2026-03-04 10:59:56 [INF] CIK 0000948846 | Reading HTML from C:\git\Edgar\Edgar\Data\raw\2009\0000948846\000094884609000005\0000948846-09-000005.txt
2026-03-04 10:59:56 [INF] CIK 0000948846 | Cleaning + extracting sections
2026-03-04 10:59:56 [INF] CIK 0000948846 | Filing 390/9706 for Year 2009 Finished
2026-03-04 10:59:56 [INF] CIK 0001013934 | Filing 391/9706 for Year 2009 Starting
2026-03-04 10:59:56 [INF] CIK 0001013934 | Downloading filing HTML (cached if available)
2026-03-04 10:59:56 [INF] CIK 0001013934 | Reading HTML from C:\git\Edgar\Edgar\Data\raw\2009\0001013934\000095012309002952\0000950123-09-002952.txt
2026-03-04 10:59:56 [INF] CIK 0001013934 | Cleaning + extracting sections
2026-03-04 10:59:56 [INF] CIK 0001013934 | Filing 391/9706 for Year 2009 Finished
2026-03-04 10:59:56 [INF] CIK 0001022079 | Filing 392/9706 for Year 2009 Starting
2026-03-04 10:59:56 [INF] CIK 0001022079 | Downloading filing HTML (cached if available)
2026-03-04 10:59:57 [INF] CIK 0001022079 | Reading HTML from C:\git\Edgar\Edgar\Data\raw\2009\0001022079\000093041309000848\0000930413-09-000848.txt
2026-03-04 10:59:57 [INF] CIK 0001022079 | Cleaning + extracting sections
2026-03-04 10:59:57 [INF] CIK 0001022079 | Filing 392/9706 for Year 2009 Finished
2026-03-04 10:59:57 [INF] CIK 0001023957 | Filing 393/9706 for Year 2009 Starting
2026-03-04 10:59:57 [WRN] Missing permno mapping in CCM for Company WESTERN PENNSYLVANIA ADVENTURE CAPITAL FUND (0001023957).
2026-03-04 10:59:57 [WRN] Missing Book-to-Market data for Company WESTERN PENNSYLVANIA ADVENTURE CAPITAL FUND (0001023957) in 2009.
2026-03-04 10:59:57 [WRN] Skipping filing due to missing required data (CCM/CRSP/BTM).
2026-03-04 10:59:57 [INF] CIK 0001035443 | Filing 394/9706 for Year 2009 Starting
2026-03-04 10:59:57 [INF] CIK 0001035443 | Downloading filing HTML (cached if available)
2026-03-04 10:59:57 [INF] CIK 0001035443 | Reading HTML from C:\git\Edgar\Edgar\Data\raw\2009\0001035443\000110465909009784\0001104659-09-009784.txt
2026-03-04 10:59:57 [INF] CIK 0001035443 | Cleaning + extracting sections
2026-03-04 10:59:57 [INF] CIK 0001035443 | Filing 394/9706 for Year 2009 Finished
2026-03-04 10:59:57 [INF] CIK 0001044566 | Filing 395/9706 for Year 2009 Starting
2026-03-04 10:59:57 [INF] CIK 0001044566 | Downloading filing HTML (cached if available)
2026-03-04 10:59:58 [INF] CIK 0001044566 | Reading HTML from C:\git\Edgar\Edgar\Data\raw\2009\0001044566\000095013709001109\0000950137-09-001109.txt
2026-03-04 10:59:58 [INF] CIK 0001044566 | Cleaning + extracting sections
2026-03-04 10:59:58 [INF] CIK 0001044566 | Filing 395/9706 for Year 2009 Finished
2026-03-04 10:59:58 [INF] CIK 0001055294 | Filing 396/9706 for Year 2009 Starting
2026-03-04 10:59:58 [WRN] Missing permno mapping in CCM for Company Kansas City Southern de Mexico, S.A. de C.V. (0001055294).
2026-03-04 10:59:58 [WRN] Missing Book-to-Market data for Company Kansas City Southern de Mexico, S.A. de C.V. (0001055294) in 2009.
2026-03-04 10:59:58 [WRN] Skipping filing due to missing required data (CCM/CRSP/BTM).
2026-03-04 10:59:58 [INF] CIK 0001070412 | Filing 397/9706 for Year 2009 Starting
2026-03-04 10:59:58 [INF] CIK 0001070412 | Downloading filing HTML (cached if available)
2026-03-04 10:59:58 [INF] CIK 0001070412 | Reading HTML from C:\git\Edgar\Edgar\Data\raw\2009\0001070412\000119312509030578\0001193125-09-030578.txt
2026-03-04 10:59:58 [INF] CIK 0001070412 | Cleaning + extracting sections
2026-03-04 10:59:58 [INF] CIK 0001070412 | Filing 397/9706 for Year 2009 Finished
2026-03-04 10:59:58 [INF] CIK 0001091735 | Filing 398/9706 for Year 2009 Starting
2026-03-04 10:59:58 [INF] CIK 0001091735 | Downloading filing HTML (cached if available)
2026-03-04 10:59:58 [INF] CIK 0001091735 | Reading HTML from C:\git\Edgar\Edgar\Data\raw\2009\0001091735\000119312509031221\0001193125-09-031221.txt
2026-03-04 10:59:58 [INF] CIK 0001091735 | Cleaning + extracting sections
2026-03-04 10:59:58 [INF] CIK 0001091735 | Filing 398/9706 for Year 2009 Finished
2026-03-04 10:59:58 [INF] CIK 0001138639 | Filing 399/9706 for Year 2009 Starting
2026-03-04 10:59:58 [INF] CIK 0001138639 | Downloading filing HTML (cached if available)
2026-03-04 10:59:59 [INF] CIK 0001138639 | Reading HTML from C:\git\Edgar\Edgar\Data\raw\2009\0001138639\000119312509031411\0001193125-09-031411.txt
2026-03-04 10:59:59 [INF] CIK 0001138639 | Cleaning + extracting sections
2026-03-04 10:59:59 [INF] CIK 0001138639 | Filing 399/9706 for Year 2009 Finished
2026-03-04 10:59:59 [INF] CIK 0000012355 | Filing 400/9706 for Year 2009 Starting
2026-03-04 10:59:59 [INF] CIK 0000012355 | Downloading filing HTML (cached if available)
2026-03-04 10:59:59 [INF] CIK 0000012355 | Reading HTML from C:\git\Edgar\Edgar\Data\raw\2009\0000012355\000001235509000007\0000012355-09-000007.txt
2026-03-04 10:59:59 [INF] CIK 0000012355 | Cleaning + extracting sections
2026-03-04 10:59:59 [INF] CIK 0000012355 | Filing 400/9706 for Year 2009 Finished
2026-03-04 10:59:59 [INF] CIK 0001283140 | Filing 401/9706 for Year 2009 Starting
2026-03-04 10:59:59 [INF] CIK 0001283140 | Downloading filing HTML (cached if available)
2026-03-04 10:59:59 [INF] CIK 0001283140 | Reading HTML from C:\git\Edgar\Edgar\Data\raw\2009\0001283140\000095013409002883\0000950134-09-002883.txt
2026-03-04 11:00:00 [INF] CIK 0001283140 | Cleaning + extracting sections
2026-03-04 11:00:00 [INF] CIK 0001283140 | Filing 401/9706 for Year 2009 Finished
2026-03-04 11:00:00 [INF] CIK 0001301838 | Filing 402/9706 for Year 2009 Starting
2026-03-04 11:00:00 [WRN] Missing permno mapping in CCM for Company Valley High Mining CO (0001301838).
2026-03-04 11:00:00 [WRN] Missing Book-to-Market data for Company Valley High Mining CO (0001301838) in 2009.
2026-03-04 11:00:00 [WRN] Skipping filing due to missing required data (CCM/CRSP/BTM).
2026-03-04 11:00:00 [INF] CIK 0001303433 | Filing 403/9706 for Year 2009 Starting
2026-03-04 11:00:00 [WRN] Missing permno mapping in CCM for Company Optionable Inc (0001303433).
2026-03-04 11:00:00 [WRN] Missing Book-to-Market data for Company Optionable Inc (0001303433) in 2009.
2026-03-04 11:00:00 [WRN] Skipping filing due to missing required data (CCM/CRSP/BTM).
2026-03-04 11:00:00 [INF] CIK 0001335793 | Filing 404/9706 for Year 2009 Starting
2026-03-04 11:00:00 [INF] CIK 0001335793 | Downloading filing HTML (cached if available)
2026-03-04 11:00:00 [INF] CIK 0001335793 | Reading HTML from C:\git\Edgar\Edgar\Data\raw\2009\0001335793\000119312509030540\0001193125-09-030540.txt
2026-03-04 11:00:00 [INF] CIK 0001335793 | Cleaning + extracting sections
2026-03-04 11:00:00 [INF] CIK 0001335793 | Filing 404/9706 for Year 2009 Finished
2026-03-04 11:00:00 [INF] CIK 0001381272 | Filing 405/9706 for Year 2009 Starting
2026-03-04 11:00:00 [WRN] Missing permno mapping in CCM for Company Sensata Technologies B.V. (0001381272).
2026-03-04 11:00:00 [WRN] Missing Book-to-Market data for Company Sensata Technologies B.V. (0001381272) in 2009.
2026-03-04 11:00:00 [WRN] Skipping filing due to missing required data (CCM/CRSP/BTM).
2026-03-04 11:00:00 [INF] CIK 0001407539 | Filing 406/9706 for Year 2009 Starting
2026-03-04 11:00:00 [INF] CIK 0001407539 | Downloading filing HTML (cached if available)
2026-03-04 11:00:00 [INF] CIK 0001407539 | Reading HTML from C:\git\Edgar\Edgar\Data\raw\2009\0001407539\000095014409001387\0000950144-09-001387.txt
2026-03-04 11:00:00 [INF] CIK 0001407539 | Cleaning + extracting sections
2026-03-04 11:00:00 [INF] CIK 0001407539 | Filing 406/9706 for Year 2009 Finished
2026-03-04 11:00:00 [INF] CIK 0001421526 | Filing 407/9706 for Year 2009 Starting
2026-03-04 11:00:00 [WRN] Missing CRSP trading days for Company SRKP 21 Inc (0001421526) in 2009.
2026-03-04 11:00:00 [WRN] Missing Book-to-Market data for Company SRKP 21 Inc (0001421526) in 2009.
2026-03-04 11:00:00 [WRN] Skipping filing due to missing required data (CCM/CRSP/BTM).
2026-03-04 11:00:00 [INF] CIK 0001423689 | Filing 408/9706 for Year 2009 Starting
2026-03-04 11:00:00 [INF] CIK 0001423689 | Downloading filing HTML (cached if available)
2026-03-04 11:00:01 [INF] CIK 0001423689 | Reading HTML from C:\git\Edgar\Edgar\Data\raw\2009\0001423689\000119312509030689\0001193125-09-030689.txt
2026-03-04 11:00:01 [INF] CIK 0001423689 | Cleaning + extracting sections
2026-03-04 11:00:01 [INF] CIK 0001423689 | Filing 408/9706 for Year 2009 Finished
2026-03-04 11:00:01 [INF] CIK 0001425205 | Filing 409/9706 for Year 2009 Starting
2026-03-04 11:00:01 [WRN] Missing CRSP trading days for Company FREIGHT MANAGEMENT CORP (0001425205) in 2009.
2026-03-04 11:00:01 [WRN] Missing Book-to-Market data for Company FREIGHT MANAGEMENT CORP (0001425205) in 2009.
2026-03-04 11:00:01 [WRN] Skipping filing due to missing required data (CCM/CRSP/BTM).
2026-03-04 11:00:01 [INF] CIK 0001432139 | Filing 410/9706 for Year 2009 Starting
2026-03-04 11:00:01 [WRN] Missing permno mapping in CCM for Company BNH INC (0001432139).
2026-03-04 11:00:01 [WRN] Missing Book-to-Market data for Company BNH INC (0001432139) in 2009.
2026-03-04 11:00:01 [WRN] Skipping filing due to missing required data (CCM/CRSP/BTM).
2026-03-04 11:00:01 [INF] CIK 0000206030 | Filing 411/9706 for Year 2009 Starting
2026-03-04 11:00:01 [WRN] Missing permno mapping in CCM for Company AXSYS TECHNOLOGIES INC (0000206030).
2026-03-04 11:00:01 [WRN] Missing Book-to-Market data for Company AXSYS TECHNOLOGIES INC (0000206030) in 2009.
2026-03-04 11:00:01 [WRN] Skipping filing due to missing required data (CCM/CRSP/BTM).
2026-03-04 11:00:01 [INF] CIK 0000350698 | Filing 412/9706 for Year 2009 Starting
2026-03-04 11:00:01 [INF] CIK 0000350698 | Downloading filing HTML (cached if available)
2026-03-04 11:00:01 [INF] CIK 0000350698 | Reading HTML from C:\git\Edgar\Edgar\Data\raw\2009\0000350698\000095014409001303\0000950144-09-001303.txt
2026-03-04 11:00:01 [INF] CIK 0000350698 | Cleaning + extracting sections
2026-03-04 11:00:01 [INF] CIK 0000350698 | Filing 412/9706 for Year 2009 Finished
2026-03-04 11:00:01 [INF] CIK 0000042542 | Filing 413/9706 for Year 2009 Starting
2026-03-04 11:00:01 [INF] CIK 0000042542 | Downloading filing HTML (cached if available)
2026-03-04 11:00:01 [INF] CIK 0000042542 | Reading HTML from C:\git\Edgar\Edgar\Data\raw\2009\0000042542\000095014409001363\0000950144-09-001363.txt
2026-03-04 11:00:02 [INF] CIK 0000042542 | Cleaning + extracting sections
2026-03-04 11:00:02 [INF] CIK 0000042542 | Filing 413/9706 for Year 2009 Finished
2026-03-04 11:00:02 [INF] CIK 0000004281 | Filing 414/9706 for Year 2009 Starting
2026-03-04 11:00:02 [WRN] Missing Book-to-Market data for Company ALCOA INC (0000004281) in 2009.
2026-03-04 11:00:02 [WRN] Skipping filing due to missing required data (CCM/CRSP/BTM).
2026-03-04 11:00:02 [INF] CIK 0000042888 | Filing 415/9706 for Year 2009 Starting
2026-03-04 11:00:02 [INF] CIK 0000042888 | Downloading filing HTML (cached if available)
2026-03-04 11:00:02 [INF] CIK 0000042888 | Reading HTML from C:\git\Edgar\Edgar\Data\raw\2009\0000042888\000004288809000030\0000042888-09-000030.txt
2026-03-04 11:00:02 [INF] CIK 0000042888 | Cleaning + extracting sections
2026-03-04 11:00:03 [INF] CIK 0000042888 | Filing 415/9706 for Year 2009 Finished
2026-03-04 11:00:03 [INF] CIK 0000054480 | Filing 416/9706 for Year 2009 Starting
2026-03-04 11:00:03 [INF] CIK 0000054480 | Downloading filing HTML (cached if available)
2026-03-04 11:00:03 [INF] CIK 0000054480 | Reading HTML from C:\git\Edgar\Edgar\Data\raw\2009\0000054480\000095015209001413\0000950152-09-001413.txt
2026-03-04 11:00:03 [INF] CIK 0000054480 | Cleaning + extracting sections
2026-03-04 11:00:03 [INF] CIK 0000054480 | Filing 416/9706 for Year 2009 Finished
2026-03-04 11:00:03 [INF] CIK 0000062996 | Filing 417/9706 for Year 2009 Starting
2026-03-04 11:00:03 [INF] CIK 0000062996 | Downloading filing HTML (cached if available)
2026-03-04 11:00:04 [INF] CIK 0000062996 | Reading HTML from C:\git\Edgar\Edgar\Data\raw\2009\0000062996\000095015209001494\0000950152-09-001494.txt
2026-03-04 11:00:04 [INF] CIK 0000062996 | Cleaning + extracting sections
2026-03-04 11:00:04 [INF] CIK 0000062996 | Filing 417/9706 for Year 2009 Finished
2026-03-04 11:00:04 [INF] CIK 0000066740 | Filing 418/9706 for Year 2009 Starting
2026-03-04 11:00:04 [INF] CIK 0000066740 | Downloading filing HTML (cached if available)
2026-03-04 11:00:04 [INF] CIK 0000066740 | Reading HTML from C:\git\Edgar\Edgar\Data\raw\2009\0000066740\000110465909009669\0001104659-09-009669.txt
2026-03-04 11:00:04 [INF] CIK 0000066740 | Cleaning + extracting sections
2026-03-04 11:00:04 [INF] CIK 0000066740 | Filing 418/9706 for Year 2009 Finished
2026-03-04 11:00:04 [INF] CIK 0000793952 | Filing 419/9706 for Year 2009 Starting
2026-03-04 11:00:04 [INF] CIK 0000793952 | Downloading filing HTML (cached if available)
2026-03-04 11:00:04 [INF] CIK 0000793952 | Reading HTML from C:\git\Edgar\Edgar\Data\raw\2009\0000793952\000119312509031412\0001193125-09-031412.txt
2026-03-04 11:00:04 [INF] CIK 0000793952 | Cleaning + extracting sections
2026-03-04 11:00:04 [INF] CIK 0000793952 | Filing 419/9706 for Year 2009 Finished
2026-03-04 11:00:04 [INF] CIK 0000812074 | Filing 420/9706 for Year 2009 Starting
2026-03-04 11:00:04 [INF] CIK 0000812074 | Downloading filing HTML (cached if available)
2026-03-04 11:00:05 [INF] CIK 0000812074 | Reading HTML from C:\git\Edgar\Edgar\Data\raw\2009\0000812074\000110465909010082\0001104659-09-010082.txt
2026-03-04 11:00:05 [INF] CIK 0000812074 | Cleaning + extracting sections
2026-03-04 11:00:05 [INF] CIK 0000812074 | Filing 420/9706 for Year 2009 Finished
2026-03-04 11:00:05 [INF] CIK 0000812233 | Filing 421/9706 for Year 2009 Starting
2026-03-04 11:00:05 [WRN] Missing permno mapping in CCM for Company OWENS ILLINOIS GROUP INC (0000812233).
2026-03-04 11:00:05 [WRN] Missing Book-to-Market data for Company OWENS ILLINOIS GROUP INC (0000812233) in 2009.
2026-03-04 11:00:05 [WRN] Skipping filing due to missing required data (CCM/CRSP/BTM).
2026-03-04 11:00:05 [INF] CIK 0000816284 | Filing 422/9706 for Year 2009 Starting
2026-03-04 11:00:05 [INF] CIK 0000816284 | Downloading filing HTML (cached if available)
2026-03-04 11:00:05 [INF] CIK 0000816284 | Reading HTML from C:\git\Edgar\Edgar\Data\raw\2009\0000816284\000136231009002329\0001362310-09-002329.txt
2026-03-04 11:00:05 [INF] CIK 0000816284 | Cleaning + extracting sections
2026-03-04 11:00:06 [INF] CIK 0000816284 | Filing 422/9706 for Year 2009 Finished
2026-03-04 11:00:06 [INF] CIK 0000823768 | Filing 423/9706 for Year 2009 Starting
2026-03-04 11:00:06 [INF] CIK 0000823768 | Downloading filing HTML (cached if available)
2026-03-04 11:00:06 [INF] CIK 0000823768 | Reading HTML from C:\git\Edgar\Edgar\Data\raw\2009\0000823768\000095012909000426\0000950129-09-000426.txt
2026-03-04 11:00:06 [INF] CIK 0000823768 | Cleaning + extracting sections
2026-03-04 11:00:06 [INF] CIK 0000823768 | Filing 423/9706 for Year 2009 Finished
2026-03-04 11:00:06 [INF] CIK 0000851205 | Filing 424/9706 for Year 2009 Starting
2026-03-04 11:00:06 [INF] CIK 0000851205 | Downloading filing HTML (cached if available)
2026-03-04 11:00:06 [INF] CIK 0000851205 | Reading HTML from C:\git\Edgar\Edgar\Data\raw\2009\0000851205\000095013509001024\0000950135-09-001024.txt
2026-03-04 11:00:06 [INF] CIK 0000851205 | Cleaning + extracting sections
2026-03-04 11:00:06 [INF] CIK 0000851205 | Filing 424/9706 for Year 2009 Finished
2026-03-04 11:00:06 [INF] CIK 0000874016 | Filing 425/9706 for Year 2009 Starting
2026-03-04 11:00:06 [INF] CIK 0000874016 | Downloading filing HTML (cached if available)
2026-03-04 11:00:07 [INF] CIK 0000874016 | Reading HTML from C:\git\Edgar\Edgar\Data\raw\2009\0000874016\000087401609000008\0000874016-09-000008.txt
2026-03-04 11:00:07 [INF] CIK 0000874016 | Cleaning + extracting sections
2026-03-04 11:00:07 [INF] CIK 0000874016 | Filing 425/9706 for Year 2009 Finished
2026-03-04 11:00:07 [INF] CIK 0000875320 | Filing 426/9706 for Year 2009 Starting
2026-03-04 11:00:07 [INF] CIK 0000875320 | Downloading filing HTML (cached if available)
2026-03-04 11:00:07 [INF] CIK 0000875320 | Reading HTML from C:\git\Edgar\Edgar\Data\raw\2009\0000875320\000104746909001305\0001047469-09-001305.txt
2026-03-04 11:00:07 [INF] CIK 0000875320 | Cleaning + extracting sections
2026-03-04 11:00:07 [INF] CIK 0000875320 | Filing 426/9706 for Year 2009 Finished
2026-03-04 11:00:07 [INF] CIK 0000896262 | Filing 427/9706 for Year 2009 Starting
2026-03-04 11:00:07 [INF] CIK 0000896262 | Downloading filing HTML (cached if available)
2026-03-04 11:00:07 [INF] CIK 0000896262 | Reading HTML from C:\git\Edgar\Edgar\Data\raw\2009\0000896262\000119312509031143\0001193125-09-031143.txt
2026-03-04 11:00:07 [INF] CIK 0000896262 | Cleaning + extracting sections
2026-03-04 11:00:07 [INF] CIK 0000896262 | Filing 427/9706 for Year 2009 Finished
2026-03-04 11:00:07 [INF] CIK 0000916076 | Filing 428/9706 for Year 2009 Starting
2026-03-04 11:00:07 [INF] CIK 0000916076 | Downloading filing HTML (cached if available)
2026-03-04 11:00:09 [INF] CIK 0000916076 | Reading HTML from C:\git\Edgar\Edgar\Data\raw\2009\0000916076\000095014409001377\0000950144-09-001377.txt
2026-03-04 11:00:09 [INF] CIK 0000916076 | Cleaning + extracting sections
2026-03-04 11:00:10 [INF] CIK 0000916076 | Filing 428/9706 for Year 2009 Finished
2026-03-04 11:00:10 [INF] CIK 0000940942 | Filing 429/9706 for Year 2009 Starting
2026-03-04 11:00:10 [INF] CIK 0000940942 | Downloading filing HTML (cached if available)
2026-03-04 11:00:12 [INF] CIK 0000940942 | Reading HTML from C:\git\Edgar\Edgar\Data\raw\2009\0000940942\000094094209000004\0000940942-09-000004.txt
2026-03-04 11:00:12 [INF] CIK 0000940942 | Cleaning + extracting sections
2026-03-04 11:00:12 [INF] CIK 0000940942 | Filing 429/9706 for Year 2009 Finished
2026-03-04 11:00:12 [INF] CIK 0000097854 | Filing 430/9706 for Year 2009 Starting
2026-03-04 11:00:12 [INF] CIK 0000097854 | Downloading filing HTML (cached if available)
2026-03-04 11:00:12 [INF] CIK 0000097854 | Reading HTML from C:\git\Edgar\Edgar\Data\raw\2009\0000097854\000095013409002993\0000950134-09-002993.txt
2026-03-04 11:00:12 [INF] CIK 0000097854 | Cleaning + extracting sections
2026-03-04 11:00:13 [INF] CIK 0000097854 | Filing 430/9706 for Year 2009 Finished
2026-03-04 11:00:13 [INF] CIK 0001011174 | Filing 431/9706 for Year 2009 Starting
2026-03-04 11:00:13 [INF] CIK 0001011174 | Downloading filing HTML (cached if available)
2026-03-04 11:00:13 [INF] CIK 0001011174 | Reading HTML from C:\git\Edgar\Edgar\Data\raw\2009\0001011174\000119312509032109\0001193125-09-032109.txt
2026-03-04 11:00:13 [INF] CIK 0001011174 | Cleaning + extracting sections
2026-03-04 11:00:13 [INF] CIK 0001011174 | Filing 431/9706 for Year 2009 Finished
2026-03-04 11:00:13 [INF] CIK 0001060824 | Filing 432/9706 for Year 2009 Starting
2026-03-04 11:00:13 [WRN] Missing permno mapping in CCM for Company COSINE COMMUNICATIONS INC (0001060824).
2026-03-04 11:00:13 [WRN] Missing Book-to-Market data for Company COSINE COMMUNICATIONS INC (0001060824) in 2009.
2026-03-04 11:00:13 [WRN] Skipping filing due to missing required data (CCM/CRSP/BTM).
2026-03-04 11:00:13 [INF] CIK 0001068717 | Filing 433/9706 for Year 2009 Starting
2026-03-04 11:00:13 [INF] CIK 0001068717 | Downloading filing HTML (cached if available)
2026-03-04 11:00:13 [INF] CIK 0001068717 | Reading HTML from C:\git\Edgar\Edgar\Data\raw\2009\0001068717\000095015209001563\0000950152-09-001563.txt
2026-03-04 11:00:13 [INF] CIK 0001068717 | Cleaning + extracting sections
2026-03-04 11:00:13 [INF] CIK 0001068717 | Filing 433/9706 for Year 2009 Finished
2026-03-04 11:00:13 [INF] CIK 0001082510 | Filing 434/9706 for Year 2009 Starting
2026-03-04 11:00:13 [INF] CIK 0001082510 | Downloading filing HTML (cached if available)
2026-03-04 11:00:14 [INF] CIK 0001082510 | Reading HTML from C:\git\Edgar\Edgar\Data\raw\2009\0001082510\000108251009000007\0001082510-09-000007.txt
2026-03-04 11:00:14 [INF] CIK 0001082510 | Cleaning + extracting sections
2026-03-04 11:00:14 [INF] CIK 0001082510 | Filing 434/9706 for Year 2009 Finished
2026-03-04 11:00:14 [INF] CIK 0001125376 | Filing 435/9706 for Year 2009 Starting
2026-03-04 11:00:14 [INF] CIK 0001125376 | Downloading filing HTML (cached if available)
2026-03-04 11:00:14 [INF] CIK 0001125376 | Reading HTML from C:\git\Edgar\Edgar\Data\raw\2009\0001125376\000089256909000090\0000892569-09-000090.txt
2026-03-04 11:00:14 [INF] CIK 0001125376 | Cleaning + extracting sections
2026-03-04 11:00:14 [INF] CIK 0001125376 | Filing 435/9706 for Year 2009 Finished
2026-03-04 11:00:14 [INF] CIK 0001126328 | Filing 436/9706 for Year 2009 Starting
2026-03-04 11:00:14 [INF] CIK 0001126328 | Downloading filing HTML (cached if available)
2026-03-04 11:00:15 [INF] CIK 0001126328 | Reading HTML from C:\git\Edgar\Edgar\Data\raw\2009\0001126328\000104746909001547\0001047469-09-001547.txt
2026-03-04 11:00:15 [INF] CIK 0001126328 | Cleaning + extracting sections
2026-03-04 11:00:15 [INF] CIK 0001126328 | Filing 436/9706 for Year 2009 Finished
2026-03-04 11:00:15 [INF] CIK 0001323051 | Filing 437/9706 for Year 2009 Starting
2026-03-04 11:00:15 [WRN] Missing permno mapping in CCM for Company SRKP 2 INC (0001323051).
2026-03-04 11:00:15 [WRN] Missing Book-to-Market data for Company SRKP 2 INC (0001323051) in 2009.
2026-03-04 11:00:15 [WRN] Skipping filing due to missing required data (CCM/CRSP/BTM).
2026-03-04 11:00:15 [INF] CIK 0001326355 | Filing 438/9706 for Year 2009 Starting
2026-03-04 11:00:15 [WRN] Missing permno mapping in CCM for Company SRKP 3, INC (0001326355).
2026-03-04 11:00:15 [WRN] Missing Book-to-Market data for Company SRKP 3, INC (0001326355) in 2009.
2026-03-04 11:00:15 [WRN] Skipping filing due to missing required data (CCM/CRSP/BTM).
2026-03-04 11:00:15 [INF] CIK 0001335103 | Filing 439/9706 for Year 2009 Starting
2026-03-04 11:00:15 [WRN] Missing permno mapping in CCM for Company SRKP 5 INC (0001335103).
2026-03-04 11:00:15 [WRN] Missing Book-to-Market data for Company SRKP 5 INC (0001335103) in 2009.
2026-03-04 11:00:15 [WRN] Skipping filing due to missing required data (CCM/CRSP/BTM).
2026-03-04 11:00:15 [INF] CIK 0001361917 | Filing 440/9706 for Year 2009 Starting
2026-03-04 11:00:15 [WRN] Missing permno mapping in CCM for Company SRKP 10 INC (0001361917).
2026-03-04 11:00:15 [WRN] Missing Book-to-Market data for Company SRKP 10 INC (0001361917) in 2009.
2026-03-04 11:00:15 [WRN] Skipping filing due to missing required data (CCM/CRSP/BTM).
2026-03-04 11:00:15 [INF] CIK 0001368309 | Filing 441/9706 for Year 2009 Starting
2026-03-04 11:00:15 [WRN] Missing permno mapping in CCM for Company SRKP 14 INC (0001368309).
2026-03-04 11:00:15 [WRN] Missing Book-to-Market data for Company SRKP 14 INC (0001368309) in 2009.
2026-03-04 11:00:15 [WRN] Skipping filing due to missing required data (CCM/CRSP/BTM).
2026-03-04 11:00:15 [INF] CIK 0001368310 | Filing 442/9706 for Year 2009 Starting
2026-03-04 11:00:15 [WRN] Missing permno mapping in CCM for Company SRKP 12 INC (0001368310).
2026-03-04 11:00:15 [WRN] Missing Book-to-Market data for Company SRKP 12 INC (0001368310) in 2009.
2026-03-04 11:00:15 [WRN] Skipping filing due to missing required data (CCM/CRSP/BTM).
2026-03-04 11:00:15 [INF] CIK 0001370946 | Filing 443/9706 for Year 2009 Starting
2026-03-04 11:00:15 [INF] CIK 0001370946 | Downloading filing HTML (cached if available)
2026-03-04 11:00:15 [INF] CIK 0001370946 | Reading HTML from C:\git\Edgar\Edgar\Data\raw\2009\0001370946\000119312509031783\0001193125-09-031783.txt
2026-03-04 11:00:15 [INF] CIK 0001370946 | Cleaning + extracting sections
2026-03-04 11:00:15 [INF] CIK 0001370946 | Filing 443/9706 for Year 2009 Finished
2026-03-04 11:00:15 [INF] CIK 0001374567 | Filing 444/9706 for Year 2009 Starting
2026-03-04 11:00:15 [WRN] Missing permno mapping in CCM for Company WES Consulting, Inc. (0001374567).
2026-03-04 11:00:15 [WRN] Missing Book-to-Market data for Company WES Consulting, Inc. (0001374567) in 2009.
2026-03-04 11:00:15 [WRN] Skipping filing due to missing required data (CCM/CRSP/BTM).
2026-03-04 11:00:15 [INF] CIK 0001393883 | Filing 445/9706 for Year 2009 Starting
2026-03-04 11:00:15 [INF] CIK 0001393883 | Downloading filing HTML (cached if available)
2026-03-04 11:00:16 [INF] CIK 0001393883 | Reading HTML from C:\git\Edgar\Edgar\Data\raw\2009\0001393883\000119312509032136\0001193125-09-032136.txt
2026-03-04 11:00:16 [INF] CIK 0001393883 | Cleaning + extracting sections
2026-03-04 11:00:16 [INF] CIK 0001393883 | Filing 445/9706 for Year 2009 Finished
2026-03-04 11:00:16 [INF] CIK 0001403792 | Filing 446/9706 for Year 2009 Starting
2026-03-04 11:00:16 [WRN] Missing permno mapping in CCM for Company SRKP 16 INC (0001403792).
2026-03-04 11:00:16 [WRN] Missing Book-to-Market data for Company SRKP 16 INC (0001403792) in 2009.
2026-03-04 11:00:16 [WRN] Skipping filing due to missing required data (CCM/CRSP/BTM).
2026-03-04 11:00:16 [INF] CIK 0001421523 | Filing 447/9706 for Year 2009 Starting
2026-03-04 11:00:16 [WRN] Missing permno mapping in CCM for Company SRKP 24 Inc (0001421523).
2026-03-04 11:00:16 [WRN] Missing Book-to-Market data for Company SRKP 24 Inc (0001421523) in 2009.
2026-03-04 11:00:16 [WRN] Skipping filing due to missing required data (CCM/CRSP/BTM).
2026-03-04 11:00:16 [INF] CIK 0001421524 | Filing 448/9706 for Year 2009 Starting
2026-03-04 11:00:16 [WRN] Missing permno mapping in CCM for Company SRKP 23 Inc (0001421524).
2026-03-04 11:00:16 [WRN] Missing Book-to-Market data for Company SRKP 23 Inc (0001421524) in 2009.
2026-03-04 11:00:16 [WRN] Skipping filing due to missing required data (CCM/CRSP/BTM).
2026-03-04 11:00:16 [INF] CIK 0001421525 | Filing 449/9706 for Year 2009 Starting
2026-03-04 11:00:16 [WRN] Missing CRSP trading days for Company SRKP 22 Inc (0001421525) in 2009.
2026-03-04 11:00:16 [WRN] Missing Book-to-Market data for Company SRKP 22 Inc (0001421525) in 2009.
2026-03-04 11:00:16 [WRN] Skipping filing due to missing required data (CCM/CRSP/BTM).
2026-03-04 11:00:16 [INF] CIK 0001423242 | Filing 450/9706 for Year 2009 Starting
2026-03-04 11:00:16 [WRN] Missing CRSP trading days for Company SRKP 25 INC (0001423242) in 2009.
2026-03-04 11:00:16 [WRN] Missing Book-to-Market data for Company SRKP 25 INC (0001423242) in 2009.
2026-03-04 11:00:16 [WRN] Skipping filing due to missing required data (CCM/CRSP/BTM).
2026-03-04 11:00:16 [INF] CIK 0001423243 | Filing 451/9706 for Year 2009 Starting
2026-03-04 11:00:16 [WRN] Missing permno mapping in CCM for Company SRKP 26 INC (0001423243).
2026-03-04 11:00:16 [WRN] Missing Book-to-Market data for Company SRKP 26 INC (0001423243) in 2009.
2026-03-04 11:00:16 [WRN] Skipping filing due to missing required data (CCM/CRSP/BTM).
2026-03-04 11:00:16 [INF] CIK 0001423244 | Filing 452/9706 for Year 2009 Starting
2026-03-04 11:00:16 [WRN] Missing permno mapping in CCM for Company SRKP 27 INC (0001423244).
2026-03-04 11:00:16 [WRN] Missing Book-to-Market data for Company SRKP 27 INC (0001423244) in 2009.
2026-03-04 11:00:16 [WRN] Skipping filing due to missing required data (CCM/CRSP/BTM).
2026-03-04 11:00:16 [INF] CIK 0001423245 | Filing 453/9706 for Year 2009 Starting
2026-03-04 11:00:16 [WRN] Missing permno mapping in CCM for Company SRKP 28 INC (0001423245).
2026-03-04 11:00:16 [WRN] Missing Book-to-Market data for Company SRKP 28 INC (0001423245) in 2009.
2026-03-04 11:00:16 [WRN] Skipping filing due to missing required data (CCM/CRSP/BTM).
2026-03-04 11:00:16 [INF] CIK 0001423246 | Filing 454/9706 for Year 2009 Starting
2026-03-04 11:00:16 [WRN] Missing permno mapping in CCM for Company SRKP 29 INC (0001423246).
2026-03-04 11:00:16 [WRN] Missing Book-to-Market data for Company SRKP 29 INC (0001423246) in 2009.
2026-03-04 11:00:16 [WRN] Skipping filing due to missing required data (CCM/CRSP/BTM).
2026-03-04 11:00:16 [INF] CIK 0001432290 | Filing 455/9706 for Year 2009 Starting
2026-03-04 11:00:16 [WRN] Missing permno mapping in CCM for Company Secure Window Blinds, Inc. (0001432290).
2026-03-04 11:00:16 [WRN] Missing Book-to-Market data for Company Secure Window Blinds, Inc. (0001432290) in 2009.
2026-03-04 11:00:16 [WRN] Skipping filing due to missing required data (CCM/CRSP/BTM).
2026-03-04 11:00:16 [INF] CIK 0000354869 | Filing 456/9706 for Year 2009 Starting
2026-03-04 11:00:16 [INF] CIK 0000354869 | Downloading filing HTML (cached if available)
2026-03-04 11:00:16 [INF] CIK 0000354869 | Reading HTML from C:\git\Edgar\Edgar\Data\raw\2009\0000354869\000095015209001562\0000950152-09-001562.txt
2026-03-04 11:00:16 [INF] CIK 0000354869 | Cleaning + extracting sections
2026-03-04 11:00:16 [INF] CIK 0000354869 | Filing 456/9706 for Year 2009 Finished
2026-03-04 11:00:16 [INF] CIK 0000040545 | Filing 457/9706 for Year 2009 Starting
2026-03-04 11:00:16 [INF] CIK 0000040545 | Downloading filing HTML (cached if available)
2026-03-04 11:00:17 [INF] CIK 0000040545 | Reading HTML from C:\git\Edgar\Edgar\Data\raw\2009\0000040545\000004054509000012\0000040545-09-000012.txt
2026-03-04 11:00:17 [INF] CIK 0000040545 | Cleaning + extracting sections
2026-03-04 11:00:17 [INF] CIK 0000040545 | Filing 457/9706 for Year 2009 Finished
2026-03-04 11:00:17 [INF] CIK 0000040554 | Filing 458/9706 for Year 2009 Starting
2026-03-04 11:00:17 [WRN] Missing permno mapping in CCM for Company GENERAL ELECTRIC CAPITAL CORP (0000040554).
2026-03-04 11:00:17 [WRN] Missing Book-to-Market data for Company GENERAL ELECTRIC CAPITAL CORP (0000040554) in 2009.
2026-03-04 11:00:17 [WRN] Skipping filing due to missing required data (CCM/CRSP/BTM).
2026-03-04 11:00:17 [INF] CIK 0000042582 | Filing 459/9706 for Year 2009 Starting
2026-03-04 11:00:17 [INF] CIK 0000042582 | Downloading filing HTML (cached if available)
2026-03-04 11:00:17 [INF] CIK 0000042582 | Reading HTML from C:\git\Edgar\Edgar\Data\raw\2009\0000042582\000095015209001538\0000950152-09-001538.txt
2026-03-04 11:00:17 [INF] CIK 0000042582 | Cleaning + extracting sections
2026-03-04 11:00:17 [INF] CIK 0000042582 | Filing 459/9706 for Year 2009 Finished
2026-03-04 11:00:17 [INF] CIK 0000045012 | Filing 460/9706 for Year 2009 Starting
2026-03-04 11:00:17 [INF] CIK 0000045012 | Downloading filing HTML (cached if available)
2026-03-04 11:00:18 [INF] CIK 0000045012 | Reading HTML from C:\git\Edgar\Edgar\Data\raw\2009\0000045012\000004501209000098\0000045012-09-000098.txt
2026-03-04 11:00:18 [INF] CIK 0000045012 | Cleaning + extracting sections
2026-03-04 11:00:18 [INF] CIK 0000045012 | Filing 460/9706 for Year 2009 Finished
2026-03-04 11:00:18 [INF] CIK 0000701345 | Filing 461/9706 for Year 2009 Starting
2026-03-04 11:00:18 [INF] CIK 0000701345 | Downloading filing HTML (cached if available)
2026-03-04 11:00:18 [INF] CIK 0000701345 | Reading HTML from C:\git\Edgar\Edgar\Data\raw\2009\0000701345\000095013409003177\0000950134-09-003177.txt
2026-03-04 11:00:18 [INF] CIK 0000701345 | Cleaning + extracting sections
2026-03-04 11:00:19 [INF] CIK 0000701345 | Filing 461/9706 for Year 2009 Finished
2026-03-04 11:00:19 [INF] CIK 0000702165 | Filing 462/9706 for Year 2009 Starting
2026-03-04 11:00:19 [INF] CIK 0000702165 | Downloading filing HTML (cached if available)
2026-03-04 11:00:19 [INF] CIK 0000702165 | Reading HTML from C:\git\Edgar\Edgar\Data\raw\2009\0000702165\000070216509000050\0000702165-09-000050.txt
2026-03-04 11:00:19 [INF] CIK 0000702165 | Cleaning + extracting sections
2026-03-04 11:00:19 [INF] CIK 0000702165 | Filing 462/9706 for Year 2009 Finished
2026-03-04 11:00:19 [INF] CIK 0000714560 | Filing 463/9706 for Year 2009 Starting
2026-03-04 11:00:19 [WRN] Missing permno mapping in CCM for Company US AIRWAYS INC (0000714560).
2026-03-04 11:00:19 [WRN] Missing Book-to-Market data for Company US AIRWAYS INC (0000714560) in 2009.
2026-03-04 11:00:19 [WRN] Skipping filing due to missing required data (CCM/CRSP/BTM).
2026-03-04 11:00:19 [INF] CIK 0000755001 | Filing 464/9706 for Year 2009 Starting
2026-03-04 11:00:19 [INF] CIK 0000755001 | Downloading filing HTML (cached if available)
2026-03-04 11:00:19 [INF] CIK 0000755001 | Reading HTML from C:\git\Edgar\Edgar\Data\raw\2009\0000755001\000119312509031869\0001193125-09-031869.txt
2026-03-04 11:00:19 [INF] CIK 0000755001 | Cleaning + extracting sections
2026-03-04 11:00:19 [INF] CIK 0000755001 | Filing 464/9706 for Year 2009 Finished
2026-03-04 11:00:19 [INF] CIK 0000768899 | Filing 465/9706 for Year 2009 Starting
2026-03-04 11:00:19 [INF] CIK 0000768899 | Downloading filing HTML (cached if available)
2026-03-04 11:00:19 [INF] CIK 0000768899 | Reading HTML from C:\git\Edgar\Edgar\Data\raw\2009\0000768899\000104746909001556\0001047469-09-001556.txt
2026-03-04 11:00:20 [INF] CIK 0000768899 | Cleaning + extracting sections
2026-03-04 11:00:20 [INF] CIK 0000768899 | Filing 465/9706 for Year 2009 Finished
2026-03-04 11:00:20 [INF] CIK 0000780053 | Filing 466/9706 for Year 2009 Starting
2026-03-04 11:00:20 [INF] CIK 0000780053 | Downloading filing HTML (cached if available)
2026-03-04 11:00:20 [INF] CIK 0000780053 | Reading HTML from C:\git\Edgar\Edgar\Data\raw\2009\0000780053\000119312509032235\0001193125-09-032235.txt
2026-03-04 11:00:20 [INF] CIK 0000780053 | Cleaning + extracting sections
2026-03-04 11:00:20 [INF] CIK 0000780053 | Filing 466/9706 for Year 2009 Finished
2026-03-04 11:00:20 [INF] CIK 0000797463 | Filing 467/9706 for Year 2009 Starting
2026-03-04 11:00:20 [WRN] Missing permno mapping in CCM for Company GENERAL ELECTRIC CAPITAL SERVICES INC/CT (0000797463).
2026-03-04 11:00:20 [WRN] Missing Book-to-Market data for Company GENERAL ELECTRIC CAPITAL SERVICES INC/CT (0000797463) in 2009.
2026-03-04 11:00:20 [WRN] Skipping filing due to missing required data (CCM/CRSP/BTM).
2026-03-04 11:00:20 [INF] CIK 0000814184 | Filing 468/9706 for Year 2009 Starting
2026-03-04 11:00:20 [INF] CIK 0000814184 | Downloading filing HTML (cached if available)
2026-03-04 11:00:20 [INF] CIK 0000814184 | Reading HTML from C:\git\Edgar\Edgar\Data\raw\2009\0000814184\000110465909010420\0001104659-09-010420.txt
2026-03-04 11:00:20 [INF] CIK 0000814184 | Cleaning + extracting sections
2026-03-04 11:00:20 [INF] CIK 0000814184 | Filing 468/9706 for Year 2009 Finished
2026-03-04 11:00:20 [INF] CIK 0000869570 | Filing 469/9706 for Year 2009 Starting
2026-03-04 11:00:20 [WRN] Missing permno mapping in CCM for Company SPSS INC (0000869570).
2026-03-04 11:00:20 [WRN] Missing Book-to-Market data for Company SPSS INC (0000869570) in 2009.
2026-03-04 11:00:20 [WRN] Skipping filing due to missing required data (CCM/CRSP/BTM).
2026-03-04 11:00:20 [INF] CIK 0000091440 | Filing 470/9706 for Year 2009 Starting
2026-03-04 11:00:20 [INF] CIK 0000091440 | Downloading filing HTML (cached if available)
2026-03-04 11:00:21 [INF] CIK 0000091440 | Reading HTML from C:\git\Edgar\Edgar\Data\raw\2009\0000091440\000110465909010323\0001104659-09-010323.txt
2026-03-04 11:00:21 [INF] CIK 0000091440 | Cleaning + extracting sections
2026-03-04 11:00:21 [INF] CIK 0000091440 | Filing 470/9706 for Year 2009 Finished
2026-03-04 11:00:21 [INF] CIK 0000922475 | Filing 471/9706 for Year 2009 Starting
2026-03-04 11:00:21 [INF] CIK 0000922475 | Downloading filing HTML (cached if available)
2026-03-04 11:00:21 [INF] CIK 0000922475 | Reading HTML from C:\git\Edgar\Edgar\Data\raw\2009\0000922475\000092247509000046\0000922475-09-000046.txt
2026-03-04 11:00:21 [INF] CIK 0000922475 | Cleaning + extracting sections
2026-03-04 11:00:21 [INF] CIK 0000922475 | Filing 471/9706 for Year 2009 Finished
2026-03-04 11:00:21 [INF] CIK 0000923796 | Filing 472/9706 for Year 2009 Starting
2026-03-04 11:00:21 [INF] CIK 0000923796 | Downloading filing HTML (cached if available)
2026-03-04 11:00:22 [INF] CIK 0000923796 | Reading HTML from C:\git\Edgar\Edgar\Data\raw\2009\0000923796\000095014409001411\0000950144-09-001411.txt
2026-03-04 11:00:22 [INF] CIK 0000923796 | Cleaning + extracting sections
2026-03-04 11:00:22 [INF] CIK 0000923796 | Filing 472/9706 for Year 2009 Finished
2026-03-04 11:00:22 [INF] CIK 0001012771 | Filing 473/9706 for Year 2009 Starting
2026-03-04 11:00:22 [INF] CIK 0001012771 | Downloading filing HTML (cached if available)
2026-03-04 11:00:22 [INF] CIK 0001012771 | Reading HTML from C:\git\Edgar\Edgar\Data\raw\2009\0001012771\000095013709001169\0000950137-09-001169.txt
2026-03-04 11:00:22 [INF] CIK 0001012771 | Cleaning + extracting sections
2026-03-04 11:00:22 [INF] CIK 0001012771 | Filing 473/9706 for Year 2009 Finished
2026-03-04 11:00:22 [INF] CIK 0001043382 | Filing 474/9706 for Year 2009 Starting
2026-03-04 11:00:22 [INF] CIK 0001043382 | Downloading filing HTML (cached if available)
2026-03-04 11:00:23 [INF] CIK 0001043382 | Reading HTML from C:\git\Edgar\Edgar\Data\raw\2009\0001043382\000136231009002449\0001362310-09-002449.txt
2026-03-04 11:00:23 [INF] CIK 0001043382 | Cleaning + extracting sections
2026-03-04 11:00:23 [INF] CIK 0001043382 | Filing 474/9706 for Year 2009 Finished
2026-03-04 11:00:23 [INF] CIK 0000010456 | Filing 475/9706 for Year 2009 Starting
2026-03-04 11:00:23 [INF] CIK 0000010456 | Downloading filing HTML (cached if available)
2026-03-04 11:00:23 [INF] CIK 0000010456 | Reading HTML from C:\git\Edgar\Edgar\Data\raw\2009\0000010456\000095013709001173\0000950137-09-001173.txt
2026-03-04 11:00:23 [INF] CIK 0000010456 | Cleaning + extracting sections
2026-03-04 11:00:23 [INF] CIK 0000010456 | Filing 475/9706 for Year 2009 Finished
2026-03-04 11:00:23 [INF] CIK 0001058090 | Filing 476/9706 for Year 2009 Starting
2026-03-04 11:00:23 [INF] CIK 0001058090 | Downloading filing HTML (cached if available)
2026-03-04 11:00:24 [INF] CIK 0001058090 | Reading HTML from C:\git\Edgar\Edgar\Data\raw\2009\0001058090\000119312509033199\0001193125-09-033199.txt
2026-03-04 11:00:24 [INF] CIK 0001058090 | Cleaning + extracting sections
2026-03-04 11:00:24 [INF] CIK 0001058090 | Filing 476/9706 for Year 2009 Finished
2026-03-04 11:00:24 [INF] CIK 0001062530 | Filing 477/9706 for Year 2009 Starting
2026-03-04 11:00:24 [INF] CIK 0001062530 | Downloading filing HTML (cached if available)
2026-03-04 11:00:24 [INF] CIK 0001062530 | Reading HTML from C:\git\Edgar\Edgar\Data\raw\2009\0001062530\000095013709001176\0000950137-09-001176.txt
2026-03-04 11:00:24 [INF] CIK 0001062530 | Cleaning + extracting sections
2026-03-04 11:00:24 [INF] CIK 0001062530 | Filing 477/9706 for Year 2009 Finished
2026-03-04 11:00:24 [INF] CIK 0000106640 | Filing 478/9706 for Year 2009 Starting
2026-03-04 11:00:24 [INF] CIK 0000106640 | Downloading filing HTML (cached if available)
2026-03-04 11:00:24 [INF] CIK 0000106640 | Reading HTML from C:\git\Edgar\Edgar\Data\raw\2009\0000106640\000119312509032852\0001193125-09-032852.txt
2026-03-04 11:00:24 [INF] CIK 0000106640 | Cleaning + extracting sections
2026-03-04 11:00:24 [INF] CIK 0000106640 | Filing 478/9706 for Year 2009 Finished
2026-03-04 11:00:24 [INF] CIK 0001077428 | Filing 479/9706 for Year 2009 Starting
2026-03-04 11:00:24 [INF] CIK 0001077428 | Downloading filing HTML (cached if available)
2026-03-04 11:00:24 [INF] CIK 0001077428 | Reading HTML from C:\git\Edgar\Edgar\Data\raw\2009\0001077428\000095013409003297\0000950134-09-003297.txt
2026-03-04 11:00:24 [INF] CIK 0001077428 | Cleaning + extracting sections
2026-03-04 11:00:24 [INF] CIK 0001077428 | Filing 479/9706 for Year 2009 Finished
2026-03-04 11:00:24 [INF] CIK 0001096385 | Filing 480/9706 for Year 2009 Starting
2026-03-04 11:00:24 [INF] CIK 0001096385 | Downloading filing HTML (cached if available)
2026-03-04 11:00:25 [INF] CIK 0001096385 | Reading HTML from C:\git\Edgar\Edgar\Data\raw\2009\0001096385\000109638509000013\0001096385-09-000013.txt
2026-03-04 11:00:25 [INF] CIK 0001096385 | Cleaning + extracting sections
2026-03-04 11:00:25 [INF] CIK 0001096385 | Filing 480/9706 for Year 2009 Finished
2026-03-04 11:00:25 [INF] CIK 0001115055 | Filing 481/9706 for Year 2009 Starting
2026-03-04 11:00:25 [INF] CIK 0001115055 | Downloading filing HTML (cached if available)
2026-03-04 11:00:25 [INF] CIK 0001115055 | Reading HTML from C:\git\Edgar\Edgar\Data\raw\2009\0001115055\000095014409001457\0000950144-09-001457.txt
2026-03-04 11:00:25 [INF] CIK 0001115055 | Cleaning + extracting sections
2026-03-04 11:00:25 [INF] CIK 0001115055 | Filing 481/9706 for Year 2009 Finished
2026-03-04 11:00:25 [INF] CIK 0001141391 | Filing 482/9706 for Year 2009 Starting
2026-03-04 11:00:25 [INF] CIK 0001141391 | Downloading filing HTML (cached if available)
2026-03-04 11:00:26 [INF] CIK 0001141391 | Reading HTML from C:\git\Edgar\Edgar\Data\raw\2009\0001141391\000119312509033062\0001193125-09-033062.txt
2026-03-04 11:00:26 [INF] CIK 0001141391 | Cleaning + extracting sections
2026-03-04 11:00:26 [INF] CIK 0001141391 | Filing 482/9706 for Year 2009 Finished
2026-03-04 11:00:26 [INF] CIK 0001141719 | Filing 483/9706 for Year 2009 Starting
2026-03-04 11:00:26 [INF] CIK 0001141719 | Downloading filing HTML (cached if available)
2026-03-04 11:00:26 [INF] CIK 0001141719 | Reading HTML from C:\git\Edgar\Edgar\Data\raw\2009\0001141719\000119312509033152\0001193125-09-033152.txt
2026-03-04 11:00:26 [INF] CIK 0001141719 | Cleaning + extracting sections
2026-03-04 11:00:26 [INF] CIK 0001141719 | Filing 483/9706 for Year 2009 Finished
2026-03-04 11:00:26 [INF] CIK 0001156039 | Filing 484/9706 for Year 2009 Starting
2026-03-04 11:00:26 [INF] CIK 0001156039 | Downloading filing HTML (cached if available)
2026-03-04 11:00:27 [INF] CIK 0001156039 | Reading HTML from C:\git\Edgar\Edgar\Data\raw\2009\0001156039\000119312509033022\0001193125-09-033022.txt
2026-03-04 11:00:27 [INF] CIK 0001156039 | Cleaning + extracting sections
2026-03-04 11:00:27 [INF] CIK 0001156039 | Filing 484/9706 for Year 2009 Finished
2026-03-04 11:00:27 [INF] CIK 0001164727 | Filing 485/9706 for Year 2009 Starting
2026-03-04 11:00:27 [INF] CIK 0001164727 | Downloading filing HTML (cached if available)
2026-03-04 11:00:27 [INF] CIK 0001164727 | Reading HTML from C:\git\Edgar\Edgar\Data\raw\2009\0001164727\000095013409003236\0000950134-09-003236.txt
2026-03-04 11:00:27 [INF] CIK 0001164727 | Cleaning + extracting sections
2026-03-04 11:00:27 [INF] CIK 0001164727 | Filing 485/9706 for Year 2009 Finished
2026-03-04 11:00:27 [INF] CIK 0001173911 | Filing 486/9706 for Year 2009 Starting
2026-03-04 11:00:27 [INF] CIK 0001173911 | Downloading filing HTML (cached if available)
2026-03-04 11:00:28 [INF] CIK 0001173911 | Reading HTML from C:\git\Edgar\Edgar\Data\raw\2009\0001173911\000119312509033118\0001193125-09-033118.txt
2026-03-04 11:00:28 [INF] CIK 0001173911 | Cleaning + extracting sections
2026-03-04 11:00:28 [INF] CIK 0001173911 | Filing 486/9706 for Year 2009 Finished
2026-03-04 11:00:28 [INF] CIK 0001262823 | Filing 487/9706 for Year 2009 Starting
2026-03-04 11:00:28 [INF] CIK 0001262823 | Downloading filing HTML (cached if available)
2026-03-04 11:00:28 [INF] CIK 0001262823 | Reading HTML from C:\git\Edgar\Edgar\Data\raw\2009\0001262823\000119312509032921\0001193125-09-032921.txt
2026-03-04 11:00:28 [INF] CIK 0001262823 | Cleaning + extracting sections
2026-03-04 11:00:28 [INF] CIK 0001262823 | Filing 487/9706 for Year 2009 Finished
2026-03-04 11:00:28 [INF] CIK 0001282266 | Filing 488/9706 for Year 2009 Starting
2026-03-04 11:00:28 [INF] CIK 0001282266 | Downloading filing HTML (cached if available)
2026-03-04 11:00:29 [INF] CIK 0001282266 | Reading HTML from C:\git\Edgar\Edgar\Data\raw\2009\0001282266\000119312509032904\0001193125-09-032904.txt
2026-03-04 11:00:29 [INF] CIK 0001282266 | Cleaning + extracting sections
2026-03-04 11:00:29 [INF] CIK 0001282266 | Filing 488/9706 for Year 2009 Finished
2026-03-04 11:00:29 [INF] CIK 0001292470 | Filing 489/9706 for Year 2009 Starting
2026-03-04 11:00:29 [INF] CIK 0001292470 | Downloading filing HTML (cached if available)
2026-03-04 11:00:29 [INF] CIK 0001292470 | Reading HTML from C:\git\Edgar\Edgar\Data\raw\2009\0001292470\000119312509033116\0001193125-09-033116.txt
2026-03-04 11:00:29 [INF] CIK 0001292470 | Cleaning + extracting sections
2026-03-04 11:00:29 [INF] CIK 0001292470 | Filing 489/9706 for Year 2009 Finished
2026-03-04 11:00:29 [INF] CIK 0001324424 | Filing 490/9706 for Year 2009 Starting
2026-03-04 11:00:29 [INF] CIK 0001324424 | Downloading filing HTML (cached if available)
2026-03-04 11:00:30 [INF] CIK 0001324424 | Reading HTML from C:\git\Edgar\Edgar\Data\raw\2009\0001324424\000095013409003282\0000950134-09-003282.txt
2026-03-04 11:00:30 [INF] CIK 0001324424 | Cleaning + extracting sections
2026-03-04 11:00:30 [INF] CIK 0001324424 | Filing 490/9706 for Year 2009 Finished
2026-03-04 11:00:30 [INF] CIK 0001344674 | Filing 491/9706 for Year 2009 Starting
2026-03-04 11:00:30 [WRN] Missing permno mapping in CCM for Company NUCRYST Pharmaceuticals Corp. (0001344674).
2026-03-04 11:00:30 [WRN] Missing Book-to-Market data for Company NUCRYST Pharmaceuticals Corp. (0001344674) in 2009.
2026-03-04 11:00:30 [WRN] Skipping filing due to missing required data (CCM/CRSP/BTM).
2026-03-04 11:00:30 [INF] CIK 0001361951 | Filing 492/9706 for Year 2009 Starting
2026-03-04 11:00:30 [WRN] Missing permno mapping in CCM for Company Genemen Inc. (0001361951).
2026-03-04 11:00:30 [WRN] Missing Book-to-Market data for Company Genemen Inc. (0001361951) in 2009.
2026-03-04 11:00:30 [WRN] Skipping filing due to missing required data (CCM/CRSP/BTM).
2026-03-04 11:00:30 [INF] CIK 0001365135 | Filing 493/9706 for Year 2009 Starting
2026-03-04 11:00:30 [INF] CIK 0001365135 | Downloading filing HTML (cached if available)
2026-03-04 11:00:30 [INF] CIK 0001365135 | Reading HTML from C:\git\Edgar\Edgar\Data\raw\2009\0001365135\000119312509032396\0001193125-09-032396.txt
2026-03-04 11:00:30 [INF] CIK 0001365135 | Cleaning + extracting sections
2026-03-04 11:00:30 [INF] CIK 0001365135 | Filing 493/9706 for Year 2009 Finished
2026-03-04 11:00:30 [INF] CIK 0001407200 | Filing 494/9706 for Year 2009 Starting
2026-03-04 11:00:30 [WRN] Missing permno mapping in CCM for Company Discover Card Execution Note Trust (0001407200).
2026-03-04 11:00:30 [WRN] Missing Book-to-Market data for Company Discover Card Execution Note Trust (0001407200) in 2009.
2026-03-04 11:00:30 [WRN] Skipping filing due to missing required data (CCM/CRSP/BTM).
2026-03-04 11:00:30 [INF] CIK 0001419521 | Filing 495/9706 for Year 2009 Starting
2026-03-04 11:00:30 [INF] CIK 0001419521 | Downloading filing HTML (cached if available)
2026-03-04 11:00:31 [INF] CIK 0001419521 | Reading HTML from C:\git\Edgar\Edgar\Data\raw\2009\0001419521\000119312509033137\0001193125-09-033137.txt
2026-03-04 11:00:31 [INF] CIK 0001419521 | Cleaning + extracting sections
2026-03-04 11:00:31 [INF] CIK 0001419521 | Filing 495/9706 for Year 2009 Finished
2026-03-04 11:00:31 [INF] CIK 0001422109 | Filing 496/9706 for Year 2009 Starting
2026-03-04 11:00:31 [WRN] Missing CRSP trading days for Company CHERRY TANKERS INC. (0001422109) in 2009.
2026-03-04 11:00:31 [WRN] Missing Book-to-Market data for Company CHERRY TANKERS INC. (0001422109) in 2009.
2026-03-04 11:00:31 [WRN] Skipping filing due to missing required data (CCM/CRSP/BTM).
2026-03-04 11:00:31 [INF] CIK 0001439449 | Filing 497/9706 for Year 2009 Starting
2026-03-04 11:00:31 [WRN] Missing permno mapping in CCM for Company Fresenius Kabi Pharmaceuticals Holding, Inc. (0001439449).
2026-03-04 11:00:31 [WRN] Missing Book-to-Market data for Company Fresenius Kabi Pharmaceuticals Holding, Inc. (0001439449) in 2009.
2026-03-04 11:00:31 [WRN] Skipping filing due to missing required data (CCM/CRSP/BTM).
2026-03-04 11:00:31 [INF] CIK 0000277948 | Filing 498/9706 for Year 2009 Starting
2026-03-04 11:00:31 [INF] CIK 0000277948 | Downloading filing HTML (cached if available)
2026-03-04 11:00:31 [INF] CIK 0000277948 | Reading HTML from C:\git\Edgar\Edgar\Data\raw\2009\0000277948\000027794809000042\0000277948-09-000042.txt
2026-03-04 11:00:31 [INF] CIK 0000277948 | Cleaning + extracting sections
2026-03-04 11:00:31 [INF] CIK 0000277948 | Filing 498/9706 for Year 2009 Finished
2026-03-04 11:00:31 [INF] CIK 0000313478 | Filing 499/9706 for Year 2009 Starting
2026-03-04 11:00:31 [INF] CIK 0000313478 | Downloading filing HTML (cached if available)
2026-03-04 11:00:32 [INF] CIK 0000313478 | Reading HTML from C:\git\Edgar\Edgar\Data\raw\2009\0000313478\000143774909000176\0001437749-09-000176.txt
2026-03-04 11:00:32 [INF] CIK 0000313478 | Cleaning + extracting sections
2026-03-04 11:00:32 [INF] CIK 0000313478 | Filing 499/9706 for Year 2009 Finished
2026-03-04 11:00:32 [INF] CIK 0000315213 | Filing 500/9706 for Year 2009 Starting
2026-03-04 11:00:32 [INF] CIK 0000315213 | Downloading filing HTML (cached if available)
2026-03-04 11:00:32 [INF] CIK 0000315213 | Reading HTML from C:\git\Edgar\Edgar\Data\raw\2009\0000315213\000119312509033115\0001193125-09-033115.txt
2026-03-04 11:00:32 [INF] CIK 0000315213 | Cleaning + extracting sections
2026-03-04 11:00:32 [INF] CIK 0000315213 | Filing 500/9706 for Year 2009 Finished
2026-03-04 11:00:32 [INF] CIK 0000319687 | Filing 501/9706 for Year 2009 Starting
2026-03-04 11:00:32 [INF] CIK 0000319687 | Downloading filing HTML (cached if available)
2026-03-04 11:00:32 [INF] CIK 0000319687 | Reading HTML from C:\git\Edgar\Edgar\Data\raw\2009\0000319687\000031968709000008\0000319687-09-000008.txt
2026-03-04 11:00:33 [INF] CIK 0000319687 | Cleaning + extracting sections
2026-03-04 11:00:33 [INF] CIK 0000319687 | Filing 501/9706 for Year 2009 Finished
2026-03-04 11:00:33 [INF] CIK 0000004515 | Filing 502/9706 for Year 2009 Starting
2026-03-04 11:00:33 [WRN] Missing permno mapping in CCM for Company AMERICAN AIRLINES INC (0000004515).
2026-03-04 11:00:33 [WRN] Missing Book-to-Market data for Company AMERICAN AIRLINES INC (0000004515) in 2009.
2026-03-04 11:00:33 [WRN] Skipping filing due to missing required data (CCM/CRSP/BTM).
2026-03-04 11:00:33 [INF] CIK 0000006201 | Filing 503/9706 for Year 2009 Starting
2026-03-04 11:00:33 [INF] CIK 0000006201 | Downloading filing HTML (cached if available)
2026-03-04 11:00:33 [INF] CIK 0000006201 | Reading HTML from C:\git\Edgar\Edgar\Data\raw\2009\0000006201\000000620109000009\0000006201-09-000009.txt
2026-03-04 11:00:33 [INF] CIK 0000006201 | Cleaning + extracting sections
2026-03-04 11:00:33 [INF] CIK 0000006201 | Filing 503/9706 for Year 2009 Finished
2026-03-04 11:00:33 [INF] CIK 0000068622 | Filing 504/9706 for Year 2009 Starting
2026-03-04 11:00:33 [WRN] Missing permno mapping in CCM for Company QWEST CORP (0000068622).
2026-03-04 11:00:33 [WRN] Missing Book-to-Market data for Company QWEST CORP (0000068622) in 2009.
2026-03-04 11:00:33 [WRN] Skipping filing due to missing required data (CCM/CRSP/BTM).
2026-03-04 11:00:33 [INF] CIK 0000072207 | Filing 505/9706 for Year 2009 Starting
2026-03-04 11:00:33 [INF] CIK 0000072207 | Downloading filing HTML (cached if available)
2026-03-04 11:00:34 [INF] CIK 0000072207 | Reading HTML from C:\git\Edgar\Edgar\Data\raw\2009\0000072207\000007220709000004\0000072207-09-000004.txt
2026-03-04 11:00:34 [INF] CIK 0000072207 | Cleaning + extracting sections
2026-03-04 11:00:34 [INF] CIK 0000072207 | Filing 505/9706 for Year 2009 Finished
2026-03-04 11:00:34 [INF] CIK 0000766421 | Filing 506/9706 for Year 2009 Starting
2026-03-04 11:00:34 [INF] CIK 0000766421 | Downloading filing HTML (cached if available)
2026-03-04 11:00:34 [INF] CIK 0000766421 | Reading HTML from C:\git\Edgar\Edgar\Data\raw\2009\0000766421\000119312509033073\0001193125-09-033073.txt
2026-03-04 11:00:34 [INF] CIK 0000766421 | Cleaning + extracting sections
2026-03-04 11:00:34 [INF] CIK 0000766421 | Filing 506/9706 for Year 2009 Finished
2026-03-04 11:00:34 [INF] CIK 0000077476 | Filing 507/9706 for Year 2009 Starting
2026-03-04 11:00:34 [INF] CIK 0000077476 | Downloading filing HTML (cached if available)
2026-03-04 11:00:34 [INF] CIK 0000077476 | Reading HTML from C:\git\Edgar\Edgar\Data\raw\2009\0000077476\000119312509033126\0001193125-09-033126.txt
2026-03-04 11:00:34 [INF] CIK 0000077476 | Cleaning + extracting sections
2026-03-04 11:00:35 [INF] CIK 0000077476 | Filing 507/9706 for Year 2009 Finished
2026-03-04 11:00:35 [INF] CIK 0000784199 | Filing 508/9706 for Year 2009 Starting
2026-03-04 11:00:35 [INF] CIK 0000784199 | Downloading filing HTML (cached if available)
2026-03-04 11:00:35 [INF] CIK 0000784199 | Reading HTML from C:\git\Edgar\Edgar\Data\raw\2009\0000784199\000119312509033205\0001193125-09-033205.txt
2026-03-04 11:00:35 [INF] CIK 0000784199 | Cleaning + extracting sections
2026-03-04 11:00:35 [INF] CIK 0000784199 | Filing 508/9706 for Year 2009 Finished
2026-03-04 11:00:35 [INF] CIK 0000079879 | Filing 509/9706 for Year 2009 Starting
2026-03-04 11:00:35 [INF] CIK 0000079879 | Downloading filing HTML (cached if available)
2026-03-04 11:00:35 [INF] CIK 0000079879 | Reading HTML from C:\git\Edgar\Edgar\Data\raw\2009\0000079879\000119312509032796\0001193125-09-032796.txt
2026-03-04 11:00:35 [INF] CIK 0000079879 | Cleaning + extracting sections
2026-03-04 11:00:35 [INF] CIK 0000079879 | Filing 509/9706 for Year 2009 Finished
2026-03-04 11:00:35 [INF] CIK 0000814068 | Filing 510/9706 for Year 2009 Starting
2026-03-04 11:00:35 [WRN] Missing permno mapping in CCM for Company CHAMPION ENTERPRISES INC (0000814068).
2026-03-04 11:00:35 [WRN] Missing Book-to-Market data for Company CHAMPION ENTERPRISES INC (0000814068) in 2009.
2026-03-04 11:00:35 [WRN] Skipping filing due to missing required data (CCM/CRSP/BTM).
2026-03-04 11:00:35 [INF] CIK 0000820081 | Filing 511/9706 for Year 2009 Starting
2026-03-04 11:00:35 [INF] CIK 0000820081 | Downloading filing HTML (cached if available)
2026-03-04 11:00:36 [INF] CIK 0000820081 | Reading HTML from C:\git\Edgar\Edgar\Data\raw\2009\0000820081\000095012309003098\0000950123-09-003098.txt
2026-03-04 11:00:36 [INF] CIK 0000820081 | Cleaning + extracting sections
2026-03-04 11:00:36 [INF] CIK 0000820081 | Filing 511/9706 for Year 2009 Finished
2026-03-04 11:00:36 [INF] CIK 0000086312 | Filing 512/9706 for Year 2009 Starting
2026-03-04 11:00:36 [INF] CIK 0000086312 | Downloading filing HTML (cached if available)
2026-03-04 11:00:36 [INF] CIK 0000086312 | Reading HTML from C:\git\Edgar\Edgar\Data\raw\2009\0000086312\000104746909001591\0001047469-09-001591.txt
2026-03-04 11:00:36 [INF] CIK 0000086312 | Cleaning + extracting sections
2026-03-04 11:00:36 [INF] CIK 0000086312 | Filing 512/9706 for Year 2009 Finished
2026-03-04 11:00:36 [INF] CIK 0000880285 | Filing 513/9706 for Year 2009 Starting
2026-03-04 11:00:36 [INF] CIK 0000880285 | Downloading filing HTML (cached if available)
2026-03-04 11:00:37 [INF] CIK 0000880285 | Reading HTML from C:\git\Edgar\Edgar\Data\raw\2009\0000880285\000119312509033100\0001193125-09-033100.txt
2026-03-04 11:00:37 [INF] CIK 0000880285 | Cleaning + extracting sections
2026-03-04 11:00:37 [INF] CIK 0000880285 | Filing 513/9706 for Year 2009 Finished
2026-03-04 11:00:37 [INF] CIK 0000889900 | Filing 514/9706 for Year 2009 Starting
2026-03-04 11:00:37 [INF] CIK 0000889900 | Downloading filing HTML (cached if available)
2026-03-04 11:00:37 [INF] CIK 0000889900 | Reading HTML from C:\git\Edgar\Edgar\Data\raw\2009\0000889900\000095013409003225\0000950134-09-003225.txt
2026-03-04 11:00:37 [INF] CIK 0000889900 | Cleaning + extracting sections
2026-03-04 11:00:37 [INF] CIK 0000889900 | Filing 514/9706 for Year 2009 Finished
2026-03-04 11:00:37 [INF] CIK 0000894329 | Filing 515/9706 for Year 2009 Starting
2026-03-04 11:00:37 [WRN] Missing permno mapping in CCM for Company DISCOVER CARD MASTER TRUST I (0000894329).
2026-03-04 11:00:37 [WRN] Missing Book-to-Market data for Company DISCOVER CARD MASTER TRUST I (0000894329) in 2009.
2026-03-04 11:00:37 [WRN] Skipping filing due to missing required data (CCM/CRSP/BTM).
2026-03-04 11:00:37 [INF] CIK 0000099780 | Filing 516/9706 for Year 2009 Starting
2026-03-04 11:00:37 [INF] CIK 0000099780 | Downloading filing HTML (cached if available)
2026-03-04 11:00:38 [INF] CIK 0000099780 | Reading HTML from C:\git\Edgar\Edgar\Data\raw\2009\0000099780\000095013409003276\0000950134-09-003276.txt
2026-03-04 11:00:38 [INF] CIK 0000099780 | Cleaning + extracting sections
2026-03-04 11:00:38 [INF] CIK 0000099780 | Filing 516/9706 for Year 2009 Finished
2026-03-04 11:00:38 [INF] CIK 0001000229 | Filing 517/9706 for Year 2009 Starting
2026-03-04 11:00:38 [WRN] Missing permno mapping in CCM for Company CORE LABORATORIES N V (0001000229).
2026-03-04 11:00:38 [WRN] Missing Book-to-Market data for Company CORE LABORATORIES N V (0001000229) in 2009.
2026-03-04 11:00:38 [WRN] Skipping filing due to missing required data (CCM/CRSP/BTM).
2026-03-04 11:00:38 [INF] CIK 0001001258 | Filing 518/9706 for Year 2009 Starting
2026-03-04 11:00:38 [INF] CIK 0001001258 | Downloading filing HTML (cached if available)
2026-03-04 11:00:38 [INF] CIK 0001001258 | Reading HTML from C:\git\Edgar\Edgar\Data\raw\2009\0001001258\000095012309003196\0000950123-09-003196.txt
2026-03-04 11:00:38 [INF] CIK 0001001258 | Cleaning + extracting sections
2026-03-04 11:00:38 [INF] CIK 0001001258 | Filing 518/9706 for Year 2009 Finished
2026-03-04 11:00:38 [INF] CIK 0000100790 | Filing 519/9706 for Year 2009 Starting
2026-03-04 11:00:38 [WRN] Missing permno mapping in CCM for Company UNION CARBIDE CORP /NEW/ (0000100790).
2026-03-04 11:00:38 [WRN] Missing Book-to-Market data for Company UNION CARBIDE CORP /NEW/ (0000100790) in 2009.
2026-03-04 11:00:38 [WRN] Skipping filing due to missing required data (CCM/CRSP/BTM).
2026-03-04 11:00:38 [INF] CIK 0001041577 | Filing 520/9706 for Year 2009 Starting
2026-03-04 11:00:38 [INF] CIK 0001041577 | Downloading filing HTML (cached if available)
2026-03-04 11:00:38 [INF] CIK 0001041577 | Reading HTML from C:\git\Edgar\Edgar\Data\raw\2009\0001041577\000136231009002512\0001362310-09-002512.txt
2026-03-04 11:00:38 [INF] CIK 0001041577 | Cleaning + extracting sections
2026-03-04 11:00:38 [INF] CIK 0001041577 | Filing 520/9706 for Year 2009 Finished
2026-03-04 11:00:38 [INF] CIK 0001046568 | Filing 521/9706 for Year 2009 Starting
2026-03-04 11:00:38 [INF] CIK 0001046568 | Downloading filing HTML (cached if available)
2026-03-04 11:00:39 [INF] CIK 0001046568 | Reading HTML from C:\git\Edgar\Edgar\Data\raw\2009\0001046568\000119312509034169\0001193125-09-034169.txt
2026-03-04 11:00:39 [INF] CIK 0001046568 | Cleaning + extracting sections
2026-03-04 11:00:39 [INF] CIK 0001046568 | Filing 521/9706 for Year 2009 Finished
2026-03-04 11:00:39 [INF] CIK 0001053532 | Filing 522/9706 for Year 2009 Starting
2026-03-04 11:00:39 [INF] CIK 0001053532 | Downloading filing HTML (cached if available)
2026-03-04 11:00:39 [INF] CIK 0001053532 | Reading HTML from C:\git\Edgar\Edgar\Data\raw\2009\0001053532\000119312509033277\0001193125-09-033277.txt
2026-03-04 11:00:39 [INF] CIK 0001053532 | Cleaning + extracting sections
2026-03-04 11:00:39 [INF] CIK 0001053532 | Filing 522/9706 for Year 2009 Finished
2026-03-04 11:00:39 [INF] CIK 0001054905 | Filing 523/9706 for Year 2009 Starting
2026-03-04 11:00:39 [INF] CIK 0001054905 | Downloading filing HTML (cached if available)
2026-03-04 11:00:39 [INF] CIK 0001054905 | Reading HTML from C:\git\Edgar\Edgar\Data\raw\2009\0001054905\000119312509033826\0001193125-09-033826.txt
2026-03-04 11:00:39 [INF] CIK 0001054905 | Cleaning + extracting sections
2026-03-04 11:00:39 [INF] CIK 0001054905 | Filing 523/9706 for Year 2009 Finished
2026-03-04 11:00:39 [INF] CIK 0001056288 | Filing 524/9706 for Year 2009 Starting
2026-03-04 11:00:39 [INF] CIK 0001056288 | Downloading filing HTML (cached if available)
2026-03-04 11:00:40 [INF] CIK 0001056288 | Reading HTML from C:\git\Edgar\Edgar\Data\raw\2009\0001056288\000119312509034245\0001193125-09-034245.txt
2026-03-04 11:00:40 [INF] CIK 0001056288 | Cleaning + extracting sections
2026-03-04 11:00:40 [INF] CIK 0001056288 | Filing 524/9706 for Year 2009 Finished
2026-03-04 11:00:40 [INF] CIK 0001065088 | Filing 525/9706 for Year 2009 Starting
2026-03-04 11:00:40 [INF] CIK 0001065088 | Downloading filing HTML (cached if available)
2026-03-04 11:00:40 [INF] CIK 0001065088 | Reading HTML from C:\git\Edgar\Edgar\Data\raw\2009\0001065088\000095013409003306\0000950134-09-003306.txt
2026-03-04 11:00:40 [INF] CIK 0001065088 | Cleaning + extracting sections
2026-03-04 11:00:40 [INF] CIK 0001065088 | Filing 525/9706 for Year 2009 Finished
2026-03-04 11:00:40 [INF] CIK 0001072343 | Filing 526/9706 for Year 2009 Starting
2026-03-04 11:00:40 [INF] CIK 0001072343 | Downloading filing HTML (cached if available)
2026-03-04 11:00:40 [INF] CIK 0001072343 | Reading HTML from C:\git\Edgar\Edgar\Data\raw\2009\0001072343\000119312509034215\0001193125-09-034215.txt
2026-03-04 11:00:40 [INF] CIK 0001072343 | Cleaning + extracting sections
2026-03-04 11:00:40 [INF] CIK 0001072343 | Filing 526/9706 for Year 2009 Finished
2026-03-04 11:00:40 [INF] CIK 0001075531 | Filing 527/9706 for Year 2009 Starting
2026-03-04 11:00:40 [INF] CIK 0001075531 | Downloading filing HTML (cached if available)
2026-03-04 11:00:41 [INF] CIK 0001075531 | Reading HTML from C:\git\Edgar\Edgar\Data\raw\2009\0001075531\000110465909011154\0001104659-09-011154.txt
2026-03-04 11:00:41 [INF] CIK 0001075531 | Cleaning + extracting sections
2026-03-04 11:00:41 [INF] CIK 0001075531 | Filing 527/9706 for Year 2009 Finished
2026-03-04 11:00:41 [INF] CIK 0001076405 | Filing 528/9706 for Year 2009 Starting
2026-03-04 11:00:41 [INF] CIK 0001076405 | Downloading filing HTML (cached if available)
2026-03-04 11:00:41 [INF] CIK 0001076405 | Reading HTML from C:\git\Edgar\Edgar\Data\raw\2009\0001076405\000095012309003160\0000950123-09-003160.txt
2026-03-04 11:00:41 [INF] CIK 0001076405 | Cleaning + extracting sections
2026-03-04 11:00:41 [INF] CIK 0001076405 | Filing 528/9706 for Year 2009 Finished
2026-03-04 11:00:41 [INF] CIK 0001087835 | Filing 529/9706 for Year 2009 Starting
2026-03-04 11:00:41 [WRN] Missing permno mapping in CCM for Company BOTTLING GROUP LLC (0001087835).
2026-03-04 11:00:41 [WRN] Missing Book-to-Market data for Company BOTTLING GROUP LLC (0001087835) in 2009.
2026-03-04 11:00:41 [WRN] Skipping filing due to missing required data (CCM/CRSP/BTM).
2026-03-04 11:00:41 [INF] CIK 0001105705 | Filing 530/9706 for Year 2009 Starting
2026-03-04 11:00:41 [INF] CIK 0001105705 | Downloading filing HTML (cached if available)
2026-03-04 11:00:41 [INF] CIK 0001105705 | Reading HTML from C:\git\Edgar\Edgar\Data\raw\2009\0001105705\000095014409001481\0000950144-09-001481.txt
2026-03-04 11:00:41 [INF] CIK 0001105705 | Cleaning + extracting sections
2026-03-04 11:00:41 [INF] CIK 0001105705 | Filing 530/9706 for Year 2009 Finished
2026-03-04 11:00:41 [INF] CIK 0001108058 | Filing 531/9706 for Year 2009 Starting
2026-03-04 11:00:41 [INF] CIK 0001108058 | Downloading filing HTML (cached if available)
2026-03-04 11:00:42 [INF] CIK 0001108058 | Reading HTML from C:\git\Edgar\Edgar\Data\raw\2009\0001108058\000119312509034010\0001193125-09-034010.txt
2026-03-04 11:00:42 [INF] CIK 0001108058 | Cleaning + extracting sections
2026-03-04 11:00:42 [INF] CIK 0001108058 | Filing 531/9706 for Year 2009 Finished
2026-03-04 11:00:42 [INF] CIK 0001121484 | Filing 532/9706 for Year 2009 Starting
2026-03-04 11:00:42 [INF] CIK 0001121484 | Downloading filing HTML (cached if available)
2026-03-04 11:00:42 [INF] CIK 0001121484 | Reading HTML from C:\git\Edgar\Edgar\Data\raw\2009\0001121484\000095012909000475\0000950129-09-000475.txt
2026-03-04 11:00:42 [INF] CIK 0001121484 | Cleaning + extracting sections
2026-03-04 11:00:42 [INF] CIK 0001121484 | Filing 532/9706 for Year 2009 Finished
2026-03-04 11:00:42 [INF] CIK 0001123457 | Filing 533/9706 for Year 2009 Starting
2026-03-04 11:00:42 [WRN] Missing permno mapping in CCM for Company TWIN LAKES INC (0001123457).
2026-03-04 11:00:42 [WRN] Missing Book-to-Market data for Company TWIN LAKES INC (0001123457) in 2009.
2026-03-04 11:00:42 [WRN] Skipping filing due to missing required data (CCM/CRSP/BTM).
2026-03-04 11:00:42 [INF] CIK 0001166691 | Filing 534/9706 for Year 2009 Starting
2026-03-04 11:00:42 [INF] CIK 0001166691 | Downloading filing HTML (cached if available)
2026-03-04 11:00:43 [INF] CIK 0001166691 | Reading HTML from C:\git\Edgar\Edgar\Data\raw\2009\0001166691\000119312509033975\0001193125-09-033975.txt
2026-03-04 11:00:43 [INF] CIK 0001166691 | Cleaning + extracting sections
2026-03-04 11:00:43 [INF] CIK 0001166691 | Filing 534/9706 for Year 2009 Finished
2026-03-04 11:00:43 [INF] CIK 0001227654 | Filing 535/9706 for Year 2009 Starting
2026-03-04 11:00:43 [INF] CIK 0001227654 | Downloading filing HTML (cached if available)
2026-03-04 11:00:43 [INF] CIK 0001227654 | Reading HTML from C:\git\Edgar\Edgar\Data\raw\2009\0001227654\000122765409000012\0001227654-09-000012.txt
2026-03-04 11:00:43 [INF] CIK 0001227654 | Cleaning + extracting sections
2026-03-04 11:00:43 [INF] CIK 0001227654 | Filing 535/9706 for Year 2009 Finished
2026-03-04 11:00:43 [INF] CIK 0001258831 | Filing 536/9706 for Year 2009 Starting
2026-03-04 11:00:43 [WRN] Missing permno mapping in CCM for Company FREDERICK COUNTY BANCORP INC (0001258831).
2026-03-04 11:00:43 [WRN] Missing Book-to-Market data for Company FREDERICK COUNTY BANCORP INC (0001258831) in 2009.
2026-03-04 11:00:43 [WRN] Skipping filing due to missing required data (CCM/CRSP/BTM).
2026-03-04 11:00:43 [INF] CIK 0001267097 | Filing 537/9706 for Year 2009 Starting
2026-03-04 11:00:43 [INF] CIK 0001267097 | Downloading filing HTML (cached if available)
2026-03-04 11:00:44 [INF] CIK 0001267097 | Reading HTML from C:\git\Edgar\Edgar\Data\raw\2009\0001267097\000095015209001630\0000950152-09-001630.txt
2026-03-04 11:00:44 [INF] CIK 0001267097 | Cleaning + extracting sections
2026-03-04 11:00:44 [INF] CIK 0001267097 | Filing 537/9706 for Year 2009 Finished
2026-03-04 11:00:44 [INF] CIK 0001282637 | Filing 538/9706 for Year 2009 Starting
2026-03-04 11:00:44 [INF] CIK 0001282637 | Downloading filing HTML (cached if available)
2026-03-04 11:00:44 [INF] CIK 0001282637 | Reading HTML from C:\git\Edgar\Edgar\Data\raw\2009\0001282637\000119312509033752\0001193125-09-033752.txt
2026-03-04 11:00:44 [INF] CIK 0001282637 | Cleaning + extracting sections
2026-03-04 11:00:44 [INF] CIK 0001282637 | Filing 538/9706 for Year 2009 Finished
2026-03-04 11:00:44 [INF] CIK 0001302365 | Filing 539/9706 for Year 2009 Starting
2026-03-04 11:00:44 [WRN] Missing permno mapping in CCM for Company Our Glass, Inc. (0001302365).
2026-03-04 11:00:44 [WRN] Missing Book-to-Market data for Company Our Glass, Inc. (0001302365) in 2009.
2026-03-04 11:00:44 [WRN] Skipping filing due to missing required data (CCM/CRSP/BTM).
2026-03-04 11:00:44 [INF] CIK 0001308137 | Filing 540/9706 for Year 2009 Starting
2026-03-04 11:00:44 [WRN] Missing permno mapping in CCM for Company BLACKSANDS PETROLEUM, INC. (0001308137).
2026-03-04 11:00:44 [WRN] Missing Book-to-Market data for Company BLACKSANDS PETROLEUM, INC. (0001308137) in 2009.
2026-03-04 11:00:44 [WRN] Skipping filing due to missing required data (CCM/CRSP/BTM).
2026-03-04 11:00:44 [INF] CIK 0001315257 | Filing 541/9706 for Year 2009 Starting
2026-03-04 11:00:44 [INF] CIK 0001315257 | Downloading filing HTML (cached if available)
2026-03-04 11:00:44 [INF] CIK 0001315257 | Reading HTML from C:\git\Edgar\Edgar\Data\raw\2009\0001315257\000119312509034166\0001193125-09-034166.txt
2026-03-04 11:00:44 [INF] CIK 0001315257 | Cleaning + extracting sections
2026-03-04 11:00:44 [INF] CIK 0001315257 | Filing 541/9706 for Year 2009 Finished
2026-03-04 11:00:44 [INF] CIK 0001336917 | Filing 542/9706 for Year 2009 Starting
2026-03-04 11:00:44 [INF] CIK 0001336917 | Downloading filing HTML (cached if available)
2026-03-04 11:00:45 [INF] CIK 0001336917 | Reading HTML from C:\git\Edgar\Edgar\Data\raw\2009\0001336917\000119312509033942\0001193125-09-033942.txt
2026-03-04 11:00:45 [INF] CIK 0001336917 | Cleaning + extracting sections
2026-03-04 11:00:45 [INF] CIK 0001336917 | Filing 542/9706 for Year 2009 Finished
2026-03-04 11:00:45 [INF] CIK 0001361579 | Filing 543/9706 for Year 2009 Starting
2026-03-04 11:00:45 [INF] CIK 0001361579 | Downloading filing HTML (cached if available)
2026-03-04 11:00:45 [INF] CIK 0001361579 | Reading HTML from C:\git\Edgar\Edgar\Data\raw\2009\0001361579\000095013709001205\0000950137-09-001205.txt
2026-03-04 11:00:45 [INF] CIK 0001361579 | Cleaning + extracting sections
2026-03-04 11:00:45 [INF] CIK 0001361579 | Filing 543/9706 for Year 2009 Finished
2026-03-04 11:00:45 [INF] CIK 0001364885 | Filing 544/9706 for Year 2009 Starting
2026-03-04 11:00:45 [INF] CIK 0001364885 | Downloading filing HTML (cached if available)
2026-03-04 11:00:46 [INF] CIK 0001364885 | Reading HTML from C:\git\Edgar\Edgar\Data\raw\2009\0001364885\000095013409003379\0000950134-09-003379.txt
2026-03-04 11:00:46 [INF] CIK 0001364885 | Cleaning + extracting sections
2026-03-04 11:00:46 [INF] CIK 0001364885 | Filing 544/9706 for Year 2009 Finished
2026-03-04 11:00:46 [INF] CIK 0001373671 | Filing 545/9706 for Year 2009 Starting
2026-03-04 11:00:46 [INF] CIK 0001373671 | Downloading filing HTML (cached if available)
2026-03-04 11:00:46 [INF] CIK 0001373671 | Reading HTML from C:\git\Edgar\Edgar\Data\raw\2009\0001373671\000137367109000006\0001373671-09-000006.txt
2026-03-04 11:00:46 [INF] CIK 0001373671 | Cleaning + extracting sections
2026-03-04 11:00:46 [INF] CIK 0001373671 | Filing 545/9706 for Year 2009 Finished
2026-03-04 11:00:46 [INF] CIK 0001377013 | Filing 546/9706 for Year 2009 Starting
2026-03-04 11:00:46 [INF] CIK 0001377013 | Downloading filing HTML (cached if available)
2026-03-04 11:00:47 [INF] CIK 0001377013 | Reading HTML from C:\git\Edgar\Edgar\Data\raw\2009\0001377013\000095014409001480\0000950144-09-001480.txt
2026-03-04 11:00:47 [INF] CIK 0001377013 | Cleaning + extracting sections
2026-03-04 11:00:47 [INF] CIK 0001377013 | Filing 546/9706 for Year 2009 Finished
2026-03-04 11:00:47 [INF] CIK 0001388320 | Filing 547/9706 for Year 2009 Starting
2026-03-04 11:00:47 [WRN] Missing CRSP trading days for Company Cactus Ventures, Inc. (0001388320) in 2009.
2026-03-04 11:00:47 [WRN] Missing Book-to-Market data for Company Cactus Ventures, Inc. (0001388320) in 2009.
2026-03-04 11:00:47 [WRN] Skipping filing due to missing required data (CCM/CRSP/BTM).
2026-03-04 11:00:47 [INF] CIK 0001398137 | Filing 548/9706 for Year 2009 Starting
2026-03-04 11:00:47 [WRN] Missing permno mapping in CCM for Company Cinjet, Inc. (0001398137).
2026-03-04 11:00:47 [WRN] Missing Book-to-Market data for Company Cinjet, Inc. (0001398137) in 2009.
2026-03-04 11:00:47 [WRN] Skipping filing due to missing required data (CCM/CRSP/BTM).
2026-03-04 11:00:47 [INF] CIK 0001399768 | Filing 549/9706 for Year 2009 Starting
2026-03-04 11:00:47 [WRN] Missing permno mapping in CCM for Company Metavante Technologies, Inc. (0001399768).
2026-03-04 11:00:47 [WRN] Missing Book-to-Market data for Company Metavante Technologies, Inc. (0001399768) in 2009.
2026-03-04 11:00:47 [WRN] Skipping filing due to missing required data (CCM/CRSP/BTM).
2026-03-04 11:00:47 [INF] CIK 0000014272 | Filing 550/9706 for Year 2009 Starting
2026-03-04 11:00:47 [INF] CIK 0000014272 | Downloading filing HTML (cached if available)
2026-03-04 11:00:47 [INF] CIK 0000014272 | Reading HTML from C:\git\Edgar\Edgar\Data\raw\2009\0000014272\000119312509033538\0001193125-09-033538.txt
2026-03-04 11:00:47 [INF] CIK 0000014272 | Cleaning + extracting sections
2026-03-04 11:00:47 [INF] CIK 0000014272 | Filing 550/9706 for Year 2009 Finished
2026-03-04 11:00:47 [INF] CIK 0001432272 | Filing 551/9706 for Year 2009 Starting
2026-03-04 11:00:47 [WRN] Missing permno mapping in CCM for Company Bayrock Ventures, Inc. (0001432272).
2026-03-04 11:00:47 [WRN] Missing Book-to-Market data for Company Bayrock Ventures, Inc. (0001432272) in 2009.
2026-03-04 11:00:47 [WRN] Skipping filing due to missing required data (CCM/CRSP/BTM).
2026-03-04 11:00:47 [INF] CIK 0001434588 | Filing 552/9706 for Year 2009 Starting
2026-03-04 11:00:47 [INF] CIK 0001434588 | Downloading filing HTML (cached if available)
2026-03-04 11:00:48 [INF] CIK 0001434588 | Reading HTML from C:\git\Edgar\Edgar\Data\raw\2009\0001434588\000136231009002465\0001362310-09-002465.txt
2026-03-04 11:00:48 [INF] CIK 0001434588 | Cleaning + extracting sections
2026-03-04 11:00:48 [INF] CIK 0001434588 | Filing 552/9706 for Year 2009 Finished
2026-03-04 11:00:48 [INF] CIK 0000016873 | Filing 553/9706 for Year 2009 Starting
2026-03-04 11:00:48 [INF] CIK 0000016873 | Downloading filing HTML (cached if available)
2026-03-04 11:00:48 [INF] CIK 0000016873 | Reading HTML from C:\git\Edgar\Edgar\Data\raw\2009\0000016873\000110465909011056\0001104659-09-011056.txt
2026-03-04 11:00:48 [INF] CIK 0000016873 | Cleaning + extracting sections
2026-03-04 11:00:48 [INF] CIK 0000016873 | Filing 553/9706 for Year 2009 Finished
2026-03-04 11:00:48 [INF] CIK 0000001800 | Filing 554/9706 for Year 2009 Starting
2026-03-04 11:00:48 [INF] CIK 0000001800 | Downloading filing HTML (cached if available)
2026-03-04 11:00:49 [INF] CIK 0000001800 | Reading HTML from C:\git\Edgar\Edgar\Data\raw\2009\0000001800\000104746909001642\0001047469-09-001642.txt
2026-03-04 11:00:49 [INF] CIK 0000001800 | Cleaning + extracting sections
2026-03-04 11:00:49 [INF] CIK 0000001800 | Filing 554/9706 for Year 2009 Finished
2026-03-04 11:00:49 [INF] CIK 0000018230 | Filing 555/9706 for Year 2009 Starting
2026-03-04 11:00:49 [INF] CIK 0000018230 | Downloading filing HTML (cached if available)
2026-03-04 11:00:50 [INF] CIK 0000018230 | Reading HTML from C:\git\Edgar\Edgar\Data\raw\2009\0000018230\000001823009000063\0000018230-09-000063.txt
2026-03-04 11:00:50 [INF] CIK 0000018230 | Cleaning + extracting sections
2026-03-04 11:00:50 [INF] CIK 0000018230 | Filing 555/9706 for Year 2009 Finished
2026-03-04 11:00:50 [INF] CIK 0000200406 | Filing 556/9706 for Year 2009 Starting
2026-03-04 11:00:50 [INF] CIK 0000200406 | Downloading filing HTML (cached if available)
2026-03-04 11:00:51 [INF] CIK 0000200406 | Reading HTML from C:\git\Edgar\Edgar\Data\raw\2009\0000200406\000095012309003187\0000950123-09-003187.txt
2026-03-04 11:00:51 [INF] CIK 0000200406 | Cleaning + extracting sections
2026-03-04 11:00:51 [INF] CIK 0000200406 | Filing 556/9706 for Year 2009 Finished
2026-03-04 11:00:51 [INF] CIK 0000027996 | Filing 557/9706 for Year 2009 Starting
2026-03-04 11:00:51 [INF] CIK 0000027996 | Downloading filing HTML (cached if available)
2026-03-04 11:00:51 [INF] CIK 0000027996 | Reading HTML from C:\git\Edgar\Edgar\Data\raw\2009\0000027996\000095013709001188\0000950137-09-001188.txt
2026-03-04 11:00:51 [INF] CIK 0000027996 | Cleaning + extracting sections
2026-03-04 11:00:51 [INF] CIK 0000027996 | Filing 557/9706 for Year 2009 Finished
2026-03-04 11:00:51 [INF] CIK 0000029905 | Filing 558/9706 for Year 2009 Starting
2026-03-04 11:00:51 [INF] CIK 0000029905 | Downloading filing HTML (cached if available)
2026-03-04 11:00:52 [INF] CIK 0000029905 | Reading HTML from C:\git\Edgar\Edgar\Data\raw\2009\0000029905\000095012309003170\0000950123-09-003170.txt
2026-03-04 11:00:52 [INF] CIK 0000029905 | Cleaning + extracting sections
2026-03-04 11:00:52 [INF] CIK 0000029905 | Filing 558/9706 for Year 2009 Finished
2026-03-04 11:00:52 [INF] CIK 0000029915 | Filing 559/9706 for Year 2009 Starting
2026-03-04 11:00:52 [WRN] Missing permno mapping in CCM for Company DOW CHEMICAL CO /DE/ (0000029915).
2026-03-04 11:00:52 [WRN] Missing Book-to-Market data for Company DOW CHEMICAL CO /DE/ (0000029915) in 2009.
2026-03-04 11:00:52 [WRN] Skipping filing due to missing required data (CCM/CRSP/BTM).
2026-03-04 11:00:52 [INF] CIK 0000310764 | Filing 560/9706 for Year 2009 Starting
2026-03-04 11:00:52 [INF] CIK 0000310764 | Downloading filing HTML (cached if available)
2026-03-04 11:00:52 [INF] CIK 0000310764 | Reading HTML from C:\git\Edgar\Edgar\Data\raw\2009\0000310764\000031076409000035\0000310764-09-000035.txt
2026-03-04 11:00:52 [INF] CIK 0000310764 | Cleaning + extracting sections
2026-03-04 11:00:52 [INF] CIK 0000310764 | Filing 560/9706 for Year 2009 Finished
2026-03-04 11:00:52 [INF] CIK 0000318771 | Filing 561/9706 for Year 2009 Starting
2026-03-04 11:00:52 [WRN] Missing permno mapping in CCM for Company GENENTECH INC (0000318771).
2026-03-04 11:00:52 [WRN] Missing Book-to-Market data for Company GENENTECH INC (0000318771) in 2009.
2026-03-04 11:00:52 [WRN] Skipping filing due to missing required data (CCM/CRSP/BTM).
2026-03-04 11:00:52 [INF] CIK 0000319815 | Filing 562/9706 for Year 2009 Starting
2026-03-04 11:00:52 [INF] CIK 0000319815 | Downloading filing HTML (cached if available)
2026-03-04 11:00:53 [INF] CIK 0000319815 | Reading HTML from C:\git\Edgar\Edgar\Data\raw\2009\0000319815\000119312509034236\0001193125-09-034236.txt
2026-03-04 11:00:53 [INF] CIK 0000319815 | Cleaning + extracting sections
2026-03-04 11:00:53 [INF] CIK 0000319815 | Filing 562/9706 for Year 2009 Finished
2026-03-04 11:00:53 [INF] CIK 0000032689 | Filing 563/9706 for Year 2009 Starting
2026-03-04 11:00:53 [INF] CIK 0000032689 | Downloading filing HTML (cached if available)
2026-03-04 11:00:53 [INF] CIK 0000032689 | Reading HTML from C:\git\Edgar\Edgar\Data\raw\2009\0000032689\000104746909001643\0001047469-09-001643.txt
2026-03-04 11:00:53 [INF] CIK 0000032689 | Cleaning + extracting sections
2026-03-04 11:00:53 [INF] CIK 0000032689 | Filing 563/9706 for Year 2009 Finished
2026-03-04 11:00:53 [INF] CIK 0000033213 | Filing 564/9706 for Year 2009 Starting
2026-03-04 11:00:53 [INF] CIK 0000033213 | Downloading filing HTML (cached if available)
2026-03-04 11:00:54 [INF] CIK 0000033213 | Reading HTML from C:\git\Edgar\Edgar\Data\raw\2009\0000033213\000110465909010903\0001104659-09-010903.txt
2026-03-04 11:00:54 [INF] CIK 0000033213 | Cleaning + extracting sections
2026-03-04 11:00:54 [INF] CIK 0000033213 | Filing 564/9706 for Year 2009 Finished
2026-03-04 11:00:54 [INF] CIK 0000034782 | Filing 565/9706 for Year 2009 Starting
2026-03-04 11:00:54 [INF] CIK 0000034782 | Downloading filing HTML (cached if available)
2026-03-04 11:00:54 [INF] CIK 0000034782 | Reading HTML from C:\git\Edgar\Edgar\Data\raw\2009\0000034782\000003478209000008\0000034782-09-000008.txt
2026-03-04 11:00:54 [INF] CIK 0000034782 | Cleaning + extracting sections
2026-03-04 11:00:54 [INF] CIK 0000034782 | Filing 565/9706 for Year 2009 Finished
2026-03-04 11:00:54 [INF] CIK 0000040533 | Filing 566/9706 for Year 2009 Starting
2026-03-04 11:00:54 [INF] CIK 0000040533 | Downloading filing HTML (cached if available)
2026-03-04 11:00:55 [INF] CIK 0000040533 | Reading HTML from C:\git\Edgar\Edgar\Data\raw\2009\0000040533\000119312509033556\0001193125-09-033556.txt
2026-03-04 11:00:55 [INF] CIK 0000040533 | Cleaning + extracting sections
2026-03-04 11:00:55 [INF] CIK 0000040533 | Filing 566/9706 for Year 2009 Finished
2026-03-04 11:00:55 [INF] CIK 0000047111 | Filing 567/9706 for Year 2009 Starting
2026-03-04 11:00:55 [INF] CIK 0000047111 | Downloading filing HTML (cached if available)
2026-03-04 11:00:55 [INF] CIK 0000047111 | Reading HTML from C:\git\Edgar\Edgar\Data\raw\2009\0000047111\000119312509033670\0001193125-09-033670.txt
2026-03-04 11:00:55 [INF] CIK 0000047111 | Cleaning + extracting sections
2026-03-04 11:00:55 [INF] CIK 0000047111 | Filing 567/9706 for Year 2009 Finished
2026-03-04 11:00:55 [INF] CIK 0000048898 | Filing 568/9706 for Year 2009 Starting
2026-03-04 11:00:55 [INF] CIK 0000048898 | Downloading filing HTML (cached if available)
2026-03-04 11:00:56 [INF] CIK 0000048898 | Reading HTML from C:\git\Edgar\Edgar\Data\raw\2009\0000048898\000095012309003185\0000950123-09-003185.txt
2026-03-04 11:00:56 [INF] CIK 0000048898 | Cleaning + extracting sections
2026-03-04 11:00:56 [INF] CIK 0000048898 | Filing 568/9706 for Year 2009 Finished
2026-03-04 11:00:56 [INF] CIK 0000049071 | Filing 569/9706 for Year 2009 Starting
2026-03-04 11:00:56 [INF] CIK 0000049071 | Downloading filing HTML (cached if available)
2026-03-04 11:00:56 [INF] CIK 0000049071 | Reading HTML from C:\git\Edgar\Edgar\Data\raw\2009\0000049071\000119312509034123\0001193125-09-034123.txt
2026-03-04 11:00:56 [INF] CIK 0000049071 | Cleaning + extracting sections
2026-03-04 11:00:56 [INF] CIK 0000049071 | Filing 569/9706 for Year 2009 Finished
2026-03-04 11:00:56 [INF] CIK 0000004977 | Filing 570/9706 for Year 2009 Starting
2026-03-04 11:00:56 [INF] CIK 0000004977 | Downloading filing HTML (cached if available)
2026-03-04 11:00:57 [INF] CIK 0000004977 | Reading HTML from C:\git\Edgar\Edgar\Data\raw\2009\0000004977\000095014409001463\0000950144-09-001463.txt
2026-03-04 11:00:57 [INF] CIK 0000004977 | Cleaning + extracting sections
2026-03-04 11:00:57 [INF] CIK 0000004977 | Filing 570/9706 for Year 2009 Finished
2026-03-04 11:00:57 [INF] CIK 0000055805 | Filing 571/9706 for Year 2009 Starting
2026-03-04 11:00:57 [INF] CIK 0000055805 | Downloading filing HTML (cached if available)
2026-03-04 11:00:59 [INF] CIK 0000055805 | Reading HTML from C:\git\Edgar\Edgar\Data\raw\2009\0000055805\000107261309000382\0001072613-09-000382.txt
2026-03-04 11:00:59 [INF] CIK 0000055805 | Cleaning + extracting sections
2026-03-04 11:00:59 [INF] CIK 0000055805 | Filing 571/9706 for Year 2009 Finished
2026-03-04 11:00:59 [INF] CIK 0000007286 | Filing 572/9706 for Year 2009 Starting
2026-03-04 11:00:59 [WRN] Missing permno mapping in CCM for Company ARIZONA PUBLIC SERVICE CO (0000007286).
2026-03-04 11:00:59 [WRN] Missing Book-to-Market data for Company ARIZONA PUBLIC SERVICE CO (0000007286) in 2009.
2026-03-04 11:00:59 [WRN] Skipping filing due to missing required data (CCM/CRSP/BTM).
2026-03-04 11:00:59 [INF] CIK 0000731012 | Filing 573/9706 for Year 2009 Starting
2026-03-04 11:00:59 [INF] CIK 0000731012 | Downloading filing HTML (cached if available)
2026-03-04 11:01:00 [INF] CIK 0000731012 | Reading HTML from C:\git\Edgar\Edgar\Data\raw\2009\0000731012\000089322009000364\0000893220-09-000364.txt
2026-03-04 11:01:00 [INF] CIK 0000731012 | Cleaning + extracting sections
2026-03-04 11:01:00 [INF] CIK 0000731012 | Filing 573/9706 for Year 2009 Finished
2026-03-04 11:01:00 [INF] CIK 0000749251 | Filing 574/9706 for Year 2009 Starting
2026-03-04 11:01:00 [INF] CIK 0000749251 | Downloading filing HTML (cached if available)
2026-03-04 11:01:00 [INF] CIK 0000749251 | Reading HTML from C:\git\Edgar\Edgar\Data\raw\2009\0000749251\000095012309003157\0000950123-09-003157.txt
2026-03-04 11:01:00 [INF] CIK 0000749251 | Cleaning + extracting sections
2026-03-04 11:01:00 [INF] CIK 0000749251 | Filing 574/9706 for Year 2009 Finished
2026-03-04 11:01:00 [INF] CIK 0000757011 | Filing 575/9706 for Year 2009 Starting
2026-03-04 11:01:00 [INF] CIK 0000757011 | Downloading filing HTML (cached if available)
2026-03-04 11:01:01 [INF] CIK 0000757011 | Reading HTML from C:\git\Edgar\Edgar\Data\raw\2009\0000757011\000095013709001187\0000950137-09-001187.txt
2026-03-04 11:01:01 [INF] CIK 0000757011 | Cleaning + extracting sections
2026-03-04 11:01:01 [INF] CIK 0000757011 | Filing 575/9706 for Year 2009 Finished
2026-03-04 11:01:01 [INF] CIK 0000764622 | Filing 576/9706 for Year 2009 Starting
2026-03-04 11:01:01 [INF] CIK 0000764622 | Downloading filing HTML (cached if available)
2026-03-04 11:01:01 [INF] CIK 0000764622 | Reading HTML from C:\git\Edgar\Edgar\Data\raw\2009\0000764622\000095013409003359\0000950134-09-003359.txt
2026-03-04 11:01:01 [INF] CIK 0000764622 | Cleaning + extracting sections
2026-03-04 11:01:01 [INF] CIK 0000764622 | Filing 576/9706 for Year 2009 Finished
2026-03-04 11:01:01 [INF] CIK 0000764764 | Filing 577/9706 for Year 2009 Starting
2026-03-04 11:01:01 [WRN] Missing permno mapping in CCM for Company CATERPILLAR FINANCIAL SERVICES CORP (0000764764).
2026-03-04 11:01:01 [WRN] Missing Book-to-Market data for Company CATERPILLAR FINANCIAL SERVICES CORP (0000764764) in 2009.
2026-03-04 11:01:01 [WRN] Skipping filing due to missing required data (CCM/CRSP/BTM).
2026-03-04 11:01:01 [INF] CIK 0000789863 | Filing 578/9706 for Year 2009 Starting
2026-03-04 11:01:01 [WRN] Missing permno mapping in CCM for Company CAVALIER HOMES INC (0000789863).
2026-03-04 11:01:01 [WRN] Missing Book-to-Market data for Company CAVALIER HOMES INC (0000789863) in 2009.
2026-03-04 11:01:01 [WRN] Skipping filing due to missing required data (CCM/CRSP/BTM).
2026-03-04 11:01:01 [INF] CIK 0000811596 | Filing 579/9706 for Year 2009 Starting
2026-03-04 11:01:01 [INF] CIK 0000811596 | Downloading filing HTML (cached if available)
2026-03-04 11:01:01 [INF] CIK 0000811596 | Reading HTML from C:\git\Edgar\Edgar\Data\raw\2009\0000811596\000089256909000095\0000892569-09-000095.txt
2026-03-04 11:01:01 [INF] CIK 0000811596 | Cleaning + extracting sections
2026-03-04 11:01:01 [INF] CIK 0000811596 | Filing 579/9706 for Year 2009 Finished
2026-03-04 11:01:01 [INF] CIK 0000813920 | Filing 580/9706 for Year 2009 Starting
2026-03-04 11:01:01 [INF] CIK 0000813920 | Downloading filing HTML (cached if available)
2026-03-04 11:01:02 [INF] CIK 0000813920 | Reading HTML from C:\git\Edgar\Edgar\Data\raw\2009\0000813920\000119312509034254\0001193125-09-034254.txt
2026-03-04 11:01:02 [INF] CIK 0000813920 | Cleaning + extracting sections
2026-03-04 11:01:02 [INF] CIK 0000813920 | Filing 580/9706 for Year 2009 Finished
2026-03-04 11:01:02 [INF] CIK 0000815556 | Filing 581/9706 for Year 2009 Starting
2026-03-04 11:01:02 [INF] CIK 0000815556 | Downloading filing HTML (cached if available)
2026-03-04 11:01:02 [INF] CIK 0000815556 | Reading HTML from C:\git\Edgar\Edgar\Data\raw\2009\0000815556\000119312509034225\0001193125-09-034225.txt
2026-03-04 11:01:02 [INF] CIK 0000815556 | Cleaning + extracting sections
2026-03-04 11:01:02 [INF] CIK 0000815556 | Filing 581/9706 for Year 2009 Finished
2026-03-04 11:01:02 [INF] CIK 0000818479 | Filing 582/9706 for Year 2009 Starting
2026-03-04 11:01:02 [INF] CIK 0000818479 | Downloading filing HTML (cached if available)
2026-03-04 11:01:03 [INF] CIK 0000818479 | Reading HTML from C:\git\Edgar\Edgar\Data\raw\2009\0000818479\000081847909000034\0000818479-09-000034.txt
2026-03-04 11:01:03 [INF] CIK 0000818479 | Cleaning + extracting sections
2026-03-04 11:01:03 [INF] CIK 0000818479 | Filing 582/9706 for Year 2009 Finished
2026-03-04 11:01:03 [INF] CIK 0000871763 | Filing 583/9706 for Year 2009 Starting
2026-03-04 11:01:03 [INF] CIK 0000871763 | Downloading filing HTML (cached if available)
2026-03-04 11:01:03 [INF] CIK 0000871763 | Reading HTML from C:\git\Edgar\Edgar\Data\raw\2009\0000871763\000087176309000009\0000871763-09-000009.txt
2026-03-04 11:01:03 [INF] CIK 0000871763 | Cleaning + extracting sections
2026-03-04 11:01:03 [INF] CIK 0000871763 | Filing 583/9706 for Year 2009 Finished
2026-03-04 11:01:03 [INF] CIK 0000874716 | Filing 584/9706 for Year 2009 Starting
2026-03-04 11:01:03 [INF] CIK 0000874716 | Downloading filing HTML (cached if available)
2026-03-04 11:01:04 [INF] CIK 0000874716 | Reading HTML from C:\git\Edgar\Edgar\Data\raw\2009\0000874716\000136231009002521\0001362310-09-002521.txt
2026-03-04 11:01:04 [INF] CIK 0000874716 | Cleaning + extracting sections
2026-03-04 11:01:04 [INF] CIK 0000874716 | Filing 584/9706 for Year 2009 Finished
2026-03-04 11:01:04 [INF] CIK 0000883984 | Filing 585/9706 for Year 2009 Starting
2026-03-04 11:01:04 [INF] CIK 0000883984 | Downloading filing HTML (cached if available)
2026-03-04 11:01:04 [INF] CIK 0000883984 | Reading HTML from C:\git\Edgar\Edgar\Data\raw\2009\0000883984\000110465909011196\0001104659-09-011196.txt
2026-03-04 11:01:04 [INF] CIK 0000883984 | Cleaning + extracting sections
2026-03-04 11:01:04 [INF] CIK 0000883984 | Filing 585/9706 for Year 2009 Finished
2026-03-04 11:01:04 [INF] CIK 0000008868 | Filing 586/9706 for Year 2009 Starting
2026-03-04 11:01:04 [INF] CIK 0000008868 | Downloading filing HTML (cached if available)
2026-03-04 11:01:04 [INF] CIK 0000008868 | Reading HTML from C:\git\Edgar\Edgar\Data\raw\2009\0000008868\000119312509034027\0001193125-09-034027.txt
2026-03-04 11:01:04 [INF] CIK 0000008868 | Cleaning + extracting sections
2026-03-04 11:01:04 [INF] CIK 0000008868 | Filing 586/9706 for Year 2009 Finished
2026-03-04 11:01:04 [INF] CIK 0000894405 | Filing 587/9706 for Year 2009 Starting
2026-03-04 11:01:04 [INF] CIK 0000894405 | Downloading filing HTML (cached if available)
2026-03-04 11:01:05 [INF] CIK 0000894405 | Reading HTML from C:\git\Edgar\Edgar\Data\raw\2009\0000894405\000095013409003408\0000950134-09-003408.txt
2026-03-04 11:01:05 [INF] CIK 0000894405 | Cleaning + extracting sections
2026-03-04 11:01:05 [INF] CIK 0000894405 | Filing 587/9706 for Year 2009 Finished
2026-03-04 11:01:05 [INF] CIK 0000906345 | Filing 588/9706 for Year 2009 Starting
2026-03-04 11:01:05 [INF] CIK 0000906345 | Downloading filing HTML (cached if available)
2026-03-04 11:01:05 [INF] CIK 0000906345 | Reading HTML from C:\git\Edgar\Edgar\Data\raw\2009\0000906345\000136231009002467\0001362310-09-002467.txt
2026-03-04 11:01:05 [INF] CIK 0000906345 | Cleaning + extracting sections
2026-03-04 11:01:05 [INF] CIK 0000906345 | Filing 588/9706 for Year 2009 Finished
2026-03-04 11:01:05 [INF] CIK 0000913144 | Filing 589/9706 for Year 2009 Starting
2026-03-04 11:01:05 [INF] CIK 0000913144 | Downloading filing HTML (cached if available)
2026-03-04 11:01:06 [INF] CIK 0000913144 | Reading HTML from C:\git\Edgar\Edgar\Data\raw\2009\0000913144\000119312509033314\0001193125-09-033314.txt
2026-03-04 11:01:06 [INF] CIK 0000913144 | Cleaning + extracting sections
2026-03-04 11:01:06 [INF] CIK 0000913144 | Filing 589/9706 for Year 2009 Finished
2026-03-04 11:01:06 [INF] CIK 0000914329 | Filing 590/9706 for Year 2009 Starting
2026-03-04 11:01:06 [INF] CIK 0000914329 | Downloading filing HTML (cached if available)
2026-03-04 11:01:06 [INF] CIK 0000914329 | Reading HTML from C:\git\Edgar\Edgar\Data\raw\2009\0000914329\000119312509034004\0001193125-09-034004.txt
2026-03-04 11:01:06 [INF] CIK 0000914329 | Cleaning + extracting sections
2026-03-04 11:01:06 [INF] CIK 0000914329 | Filing 590/9706 for Year 2009 Finished
2026-03-04 11:01:06 [INF] CIK 0000916075 | Filing 591/9706 for Year 2009 Starting
2026-03-04 11:01:06 [WRN] Missing permno mapping in CCM for Company KOPPERS INC (0000916075).
2026-03-04 11:01:06 [WRN] Missing Book-to-Market data for Company KOPPERS INC (0000916075) in 2009.
2026-03-04 11:01:06 [WRN] Skipping filing due to missing required data (CCM/CRSP/BTM).
2026-03-04 11:01:06 [INF] CIK 0001008817 | Filing 592/9706 for Year 2009 Starting
2026-03-04 11:01:06 [INF] CIK 0001008817 | Downloading filing HTML (cached if available)
2026-03-04 11:01:07 [INF] CIK 0001008817 | Reading HTML from C:\git\Edgar\Edgar\Data\raw\2009\0001008817\000095013509001104\0000950135-09-001104.txt
2026-03-04 11:01:07 [INF] CIK 0001008817 | Cleaning + extracting sections
2026-03-04 11:01:07 [INF] CIK 0001008817 | Filing 592/9706 for Year 2009 Finished
2026-03-04 11:01:07 [INF] CIK 0001013880 | Filing 593/9706 for Year 2009 Starting
2026-03-04 11:01:07 [INF] CIK 0001013880 | Downloading filing HTML (cached if available)
2026-03-04 11:01:07 [INF] CIK 0001013880 | Reading HTML from C:\git\Edgar\Edgar\Data\raw\2009\0001013880\000095013409003513\0000950134-09-003513.txt
2026-03-04 11:01:07 [INF] CIK 0001013880 | Cleaning + extracting sections
2026-03-04 11:01:07 [INF] CIK 0001013880 | Filing 593/9706 for Year 2009 Finished
2026-03-04 11:01:07 [INF] CIK 0001018963 | Filing 594/9706 for Year 2009 Starting
2026-03-04 11:01:07 [INF] CIK 0001018963 | Downloading filing HTML (cached if available)
2026-03-04 11:01:08 [INF] CIK 0001018963 | Reading HTML from C:\git\Edgar\Edgar\Data\raw\2009\0001018963\000095015209001663\0000950152-09-001663.txt
2026-03-04 11:01:08 [INF] CIK 0001018963 | Cleaning + extracting sections
2026-03-04 11:01:08 [INF] CIK 0001018963 | Filing 594/9706 for Year 2009 Finished
2026-03-04 11:01:08 [INF] CIK 0001022646 | Filing 595/9706 for Year 2009 Starting
2026-03-04 11:01:08 [INF] CIK 0001022646 | Downloading filing HTML (cached if available)
2026-03-04 11:01:08 [INF] CIK 0001022646 | Reading HTML from C:\git\Edgar\Edgar\Data\raw\2009\0001022646\000095012909000482\0000950129-09-000482.txt
2026-03-04 11:01:08 [INF] CIK 0001022646 | Cleaning + extracting sections
2026-03-04 11:01:08 [INF] CIK 0001022646 | Filing 595/9706 for Year 2009 Finished
2026-03-04 11:01:08 [INF] CIK 0001024732 | Filing 596/9706 for Year 2009 Starting
2026-03-04 11:01:08 [INF] CIK 0001024732 | Downloading filing HTML (cached if available)
2026-03-04 11:01:08 [INF] CIK 0001024732 | Reading HTML from C:\git\Edgar\Edgar\Data\raw\2009\0001024732\000119312509035000\0001193125-09-035000.txt
2026-03-04 11:01:08 [INF] CIK 0001024732 | Cleaning + extracting sections
2026-03-04 11:01:08 [INF] CIK 0001024732 | Filing 596/9706 for Year 2009 Finished
2026-03-04 11:01:08 [INF] CIK 0001025315 | Filing 597/9706 for Year 2009 Starting
2026-03-04 11:01:08 [WRN] Missing permno mapping in CCM for Company 24HOLDINGS INC (0001025315).
2026-03-04 11:01:08 [WRN] Missing Book-to-Market data for Company 24HOLDINGS INC (0001025315) in 2009.
2026-03-04 11:01:08 [WRN] Skipping filing due to missing required data (CCM/CRSP/BTM).
2026-03-04 11:01:08 [INF] CIK 0001031316 | Filing 598/9706 for Year 2009 Starting
2026-03-04 11:01:08 [INF] CIK 0001031316 | Downloading filing HTML (cached if available)
2026-03-04 11:01:09 [INF] CIK 0001031316 | Reading HTML from C:\git\Edgar\Edgar\Data\raw\2009\0001031316\000117152009000106\0001171520-09-000106.txt
2026-03-04 11:01:09 [INF] CIK 0001031316 | Cleaning + extracting sections
2026-03-04 11:01:09 [INF] CIK 0001031316 | Filing 598/9706 for Year 2009 Finished
2026-03-04 11:01:09 [INF] CIK 0001041061 | Filing 599/9706 for Year 2009 Starting
2026-03-04 11:01:09 [INF] CIK 0001041061 | Downloading filing HTML (cached if available)
2026-03-04 11:01:09 [INF] CIK 0001041061 | Reading HTML from C:\git\Edgar\Edgar\Data\raw\2009\0001041061\000104106109000077\0001041061-09-000077.txt
2026-03-04 11:01:09 [INF] CIK 0001041061 | Cleaning + extracting sections
2026-03-04 11:01:09 [INF] CIK 0001041061 | Filing 599/9706 for Year 2009 Finished
2026-03-04 11:01:09 [INF] CIK 0001047862 | Filing 600/9706 for Year 2009 Starting
2026-03-04 11:01:09 [INF] CIK 0001047862 | Downloading filing HTML (cached if available)
2026-03-04 11:01:10 [INF] CIK 0001047862 | Reading HTML from C:\git\Edgar\Edgar\Data\raw\2009\0001047862\000119312509034924\0001193125-09-034924.txt
2026-03-04 11:01:10 [INF] CIK 0001047862 | Cleaning + extracting sections
2026-03-04 11:01:10 [INF] CIK 0001047862 | Filing 600/9706 for Year 2009 Finished
2026-03-04 11:01:10 [INF] CIK 0001071739 | Filing 601/9706 for Year 2009 Starting
2026-03-04 11:01:10 [INF] CIK 0001071739 | Downloading filing HTML (cached if available)
