2026-02-19 15:18:09 [INF] === Starting Market Equity pipeline ===
2026-02-19 15:19:26 [INF] === Starting Market Equity pipeline ===
2026-02-19 15:20:16 [INF] === Starting Market Equity pipeline ===
2026-02-19 15:21:06 [INF] Loaded 8117 PERMNOs from CRSP
2026-02-19 15:21:06 [INF] ----- YEAR 2009 -----
2026-02-19 15:21:06 [VRB] Processing PERMNO 10001 for 2009
2026-02-19 15:21:57 [VRB] PERMNO 10001 2009: prc=10.3, shares=4361, MV=44918.3
2026-02-19 15:21:57 [VRB] Processing PERMNO 10002 for 2009
2026-02-19 15:27:01 [INF] === Starting Market Equity pipeline ===
2026-02-19 15:27:48 [INF] Loaded 8117 PERMNOs from CRSP
2026-02-19 15:27:48 [INF] ----- YEAR 2009 -----
2026-02-19 15:27:48 [VRB] Processing PERMNO 10001 for 2009
2026-02-19 15:28:34 [VRB] PERMNO 10001 2009: prc=10.3, shares=4361, MV=44918.3
2026-02-19 15:28:34 [VRB] Processing PERMNO 10002 for 2009
2026-02-19 15:29:23 [VRB] PERMNO 10002 2009: prc=2.87, shares=17634, MV=50609.58
2026-02-19 15:29:23 [VRB] Processing PERMNO 10025 for 2009
2026-02-19 15:30:11 [VRB] PERMNO 10025 2009: prc=38.28, shares=6852, MV=262294.56
2026-02-19 15:30:11 [VRB] Processing PERMNO 10026 for 2009
2026-02-19 15:31:01 [VRB] PERMNO 10026 2009: prc=39.96, shares=18374, MV=734225.04
2026-02-19 15:31:01 [VRB] Processing PERMNO 10028 for 2009
2026-02-19 15:31:48 [VRB] PERMNO 10028 2009: prc=1.41, shares=9834, MV=13865.94
2026-02-19 15:31:48 [VRB] Processing PERMNO 10032 for 2009
2026-02-19 15:32:34 [VRB] PERMNO 10032 2009: prc=28.48, shares=39649, MV=1129203.52
2026-02-19 15:32:34 [VRB] Processing PERMNO 10044 for 2009
2026-02-19 15:33:34 [VRB] PERMNO 10044 2009: prc=8.0999, shares=6027, MV=48818.0973
2026-02-19 15:33:34 [VRB] Processing PERMNO 10051 for 2009
2026-02-19 15:34:29 [VRB] PERMNO 10051 2009: prc=13.83, shares=31680, MV=438134.40
2026-02-19 15:34:29 [VRB] Processing PERMNO 10066 for 2009
2026-02-19 15:35:14 [VRB] PERMNO 10066 2009: prc=0, shares=43809, MV=0
2026-02-19 15:35:14 [VRB] Processing PERMNO 10092 for 2009
2026-02-19 15:36:08 [VRB] PERMNO 10092 2009: prc=1.59, shares=13352, MV=21229.68
2026-02-19 15:36:08 [VRB] Processing PERMNO 10100 for 2009
2026-02-19 20:43:13 [INF] === Starting EDGAR risk pipeline ===
2026-02-19 20:43:13 [INF] ----- YEAR 2009 -----
2026-02-19 20:43:18 [INF] Found 9706 filings for 2009
2026-02-19 20:43:18 [INF] [Year 2009 | Filing 1/9706 | CIK 0001415813] Starting
2026-02-19 20:48:10 [INF] === Starting EDGAR risk pipeline ===
2026-02-19 20:48:10 [INF] ----- YEAR 2009 -----
2026-02-19 20:48:16 [INF] Found 9706 filings for 2009
2026-02-19 20:48:16 [INF] [Year 2009 | Filing 1/9706 | CIK 0001415813] Starting
2026-02-19 20:48:16 [INF] CIK 0001415813 | Downloading filing HTML (cached if available)
2026-02-19 20:48:16 [INF] CIK 0001415813 | Reading HTML from C:\git\Edgar\Edgar\Data\raw\0001415813\000141581209000001\0001415812-09-000001.txt
2026-02-19 20:48:16 [INF] CIK 0001415813 | Cleaning + extracting sections
2026-02-19 20:48:16 [INF] CIK 0001415813 | Finding CCM match
2026-02-19 20:49:08 [INF] CIK 0001415813 | No CCM match -> writing uncomplete doc
2026-02-19 20:49:08 [INF] [Year 2009 | Filing 1/9706 | CIK 0001415813] Finished
2026-02-19 20:49:08 [INF] [Year 2009 | Filing 2/9706 | CIK 0000788329] Starting
2026-02-19 20:49:08 [INF] CIK 0000788329 | Downloading filing HTML (cached if available)
2026-02-19 20:49:08 [INF] CIK 0000788329 | Reading HTML from C:\git\Edgar\Edgar\Data\raw\0000788329\000104216709000004\0001042167-09-000004.txt
2026-02-19 20:49:08 [INF] CIK 0000788329 | Cleaning + extracting sections
2026-02-19 20:49:08 [INF] CIK 0000788329 | Finding CCM match
2026-02-19 20:50:03 [INF] CIK 0000788329 | No CCM match -> writing uncomplete doc
2026-02-19 20:50:03 [INF] [Year 2009 | Filing 2/9706 | CIK 0000788329] Finished
2026-02-19 20:50:03 [INF] [Year 2009 | Filing 3/9706 | CIK 0001356371] Starting
2026-02-19 20:50:03 [INF] CIK 0001356371 | Downloading filing HTML (cached if available)
2026-02-19 20:50:03 [INF] CIK 0001356371 | Reading HTML from C:\git\Edgar\Edgar\Data\raw\0001356371\000117625609000004\0001176256-09-000004.txt
2026-02-19 20:50:03 [INF] CIK 0001356371 | Cleaning + extracting sections
2026-02-19 20:50:03 [INF] CIK 0001356371 | Finding CCM match
2026-02-19 20:50:43 [INF] CIK 0001356371 | No CCM match -> writing uncomplete doc
2026-02-19 20:50:43 [INF] [Year 2009 | Filing 3/9706 | CIK 0001356371] Finished
2026-02-19 20:50:43 [INF] [Year 2009 | Filing 4/9706 | CIK 0001412659] Starting
2026-02-19 20:50:43 [INF] CIK 0001412659 | Downloading filing HTML (cached if available)
2026-02-19 20:50:43 [INF] CIK 0001412659 | Reading HTML from C:\git\Edgar\Edgar\Data\raw\0001412659\000125529409000002\0001255294-09-000002.txt
2026-02-19 20:50:43 [INF] CIK 0001412659 | Cleaning + extracting sections
2026-02-19 20:50:43 [INF] CIK 0001412659 | Finding CCM match
2026-02-19 20:52:06 [INF] CIK 0001412659 | No CCM match -> writing uncomplete doc
2026-02-19 20:52:06 [INF] [Year 2009 | Filing 4/9706 | CIK 0001412659] Finished
2026-02-19 20:52:06 [INF] [Year 2009 | Filing 5/9706 | CIK 0000780127] Starting
2026-02-19 20:52:06 [INF] CIK 0000780127 | Downloading filing HTML (cached if available)
2026-02-19 20:52:06 [INF] CIK 0000780127 | Reading HTML from C:\git\Edgar\Edgar\Data\raw\0000780127\000095013709000095\0000950137-09-000095.txt
2026-02-19 20:52:06 [INF] CIK 0000780127 | Cleaning + extracting sections
2026-02-19 20:52:06 [INF] CIK 0000780127 | Finding CCM match
2026-02-19 20:53:55 [INF] CIK 0000780127 | No CCM match -> writing uncomplete doc
2026-02-19 20:53:55 [INF] [Year 2009 | Filing 5/9706 | CIK 0000780127] Finished
2026-02-19 20:53:55 [INF] [Year 2009 | Filing 6/9706 | CIK 0000860543] Starting
2026-02-19 20:53:55 [INF] CIK 0000860543 | Downloading filing HTML (cached if available)
2026-02-19 20:53:55 [INF] CIK 0000860543 | Reading HTML from C:\git\Edgar\Edgar\Data\raw\0000860543\000121390009000016\0001213900-09-000016.txt
2026-02-19 20:53:55 [INF] CIK 0000860543 | Cleaning + extracting sections
2026-02-19 20:53:55 [INF] CIK 0000860543 | Finding CCM match
2026-02-19 20:55:58 [INF] CIK 0000860543 | No CCM match -> writing uncomplete doc
2026-02-19 20:55:58 [INF] [Year 2009 | Filing 6/9706 | CIK 0000860543] Finished
2026-02-19 20:55:58 [INF] [Year 2009 | Filing 7/9706 | CIK 0000861370] Starting
2026-02-19 20:55:58 [INF] CIK 0000861370 | Downloading filing HTML (cached if available)
2026-02-19 20:55:58 [INF] CIK 0000861370 | Reading HTML from C:\git\Edgar\Edgar\Data\raw\0000861370\000101054909000006\0001010549-09-000006.txt
2026-02-19 20:55:58 [INF] CIK 0000861370 | Cleaning + extracting sections
2026-02-19 20:55:58 [INF] CIK 0000861370 | Finding CCM match
2026-02-19 20:57:44 [INF] CIK 0000861370 | No CCM match -> writing uncomplete doc
2026-02-19 20:57:44 [INF] [Year 2009 | Filing 7/9706 | CIK 0000861370] Finished
2026-02-19 20:57:44 [INF] [Year 2009 | Filing 8/9706 | CIK 0001191359] Starting
2026-02-19 20:57:44 [INF] CIK 0001191359 | Downloading filing HTML (cached if available)
2026-02-19 20:57:44 [INF] CIK 0001191359 | Reading HTML from C:\git\Edgar\Edgar\Data\raw\0001191359\000106299309000035\0001062993-09-000035.txt
2026-02-19 20:57:44 [INF] CIK 0001191359 | Cleaning + extracting sections
2026-02-19 20:57:44 [INF] CIK 0001191359 | Finding CCM match
2026-02-19 20:58:32 [INF] CIK 0001191359 | No CCM match -> writing uncomplete doc
2026-02-19 20:58:32 [INF] [Year 2009 | Filing 8/9706 | CIK 0001191359] Finished
2026-02-19 20:58:32 [INF] [Year 2009 | Filing 9/9706 | CIK 0001371247] Starting
2026-02-19 20:58:32 [INF] CIK 0001371247 | Downloading filing HTML (cached if available)
2026-02-19 20:58:32 [INF] CIK 0001371247 | Reading HTML from C:\git\Edgar\Edgar\Data\raw\0001371247\000137124709000002\0001371247-09-000002.txt
2026-02-19 20:58:32 [INF] CIK 0001371247 | Cleaning + extracting sections
2026-02-19 20:58:32 [INF] CIK 0001371247 | Finding CCM match
2026-02-19 21:00:32 [INF] CIK 0001371247 | No CCM match -> writing uncomplete doc
2026-02-19 21:00:32 [INF] [Year 2009 | Filing 9/9706 | CIK 0001371247] Finished
2026-02-19 21:00:32 [INF] [Year 2009 | Filing 10/9706 | CIK 0001371487] Starting
2026-02-19 21:00:32 [INF] CIK 0001371487 | Downloading filing HTML (cached if available)
2026-02-19 21:00:32 [INF] CIK 0001371487 | Reading HTML from C:\git\Edgar\Edgar\Data\raw\0001371487\000137148709000002\0001371487-09-000002.txt
2026-02-19 21:00:33 [INF] CIK 0001371487 | Cleaning + extracting sections
2026-02-19 21:00:33 [INF] CIK 0001371487 | Finding CCM match
2026-02-19 21:02:18 [INF] CIK 0001371487 | No CCM match -> writing uncomplete doc
2026-02-19 21:02:18 [INF] [Year 2009 | Filing 10/9706 | CIK 0001371487] Finished
2026-02-19 21:02:18 [INF] [Year 2009 | Filing 11/9706 | CIK 0001121812] Starting
2026-02-19 21:02:18 [INF] CIK 0001121812 | Downloading filing HTML (cached if available)
2026-02-19 21:02:18 [INF] CIK 0001121812 | Reading HTML from C:\git\Edgar\Edgar\Data\raw\0001121812\000094344009000013\0000943440-09-000013.txt
2026-02-19 21:02:18 [INF] CIK 0001121812 | Cleaning + extracting sections
2026-02-19 21:02:18 [INF] CIK 0001121812 | Finding CCM match
2026-02-19 21:27:00 [INF] === Starting EDGAR risk pipeline ===
2026-02-19 21:27:01 [INF] ----- YEAR 2009 -----
2026-02-19 21:27:07 [INF] Found 9706 filings for 2009
2026-02-19 21:27:07 [INF] [Year 2009 | Filing 1/9706 | CIK 0001415813] Starting
2026-02-19 21:27:07 [INF] CIK 0001415813 | Downloading filing HTML (cached if available)
2026-02-19 21:27:07 [INF] CIK 0001415813 | Reading HTML from C:\git\Edgar\Edgar\Data\raw\0001415813\000141581209000001\0001415812-09-000001.txt
2026-02-19 21:27:07 [INF] CIK 0001415813 | Cleaning + extracting sections
2026-02-19 21:27:07 [INF] CIK 0001415813 | Finding CCM match
2026-02-19 21:27:50 [DBG] CCM cached lookup: CIK=0001415813, Year=2009, Rows=0
2026-02-19 21:27:50 [INF] CIK 0001415813 | No CCM match -> writing uncomplete doc
2026-02-19 21:27:51 [INF] [Year 2009 | Filing 1/9706 | CIK 0001415813] Finished
2026-02-19 21:27:51 [INF] [Year 2009 | Filing 2/9706 | CIK 0000788329] Starting
2026-02-19 21:27:51 [INF] CIK 0000788329 | Downloading filing HTML (cached if available)
2026-02-19 21:27:51 [INF] CIK 0000788329 | Reading HTML from C:\git\Edgar\Edgar\Data\raw\0000788329\000104216709000004\0001042167-09-000004.txt
2026-02-19 21:27:51 [INF] CIK 0000788329 | Cleaning + extracting sections
2026-02-19 21:27:51 [INF] CIK 0000788329 | Finding CCM match
2026-02-19 21:37:59 [INF] === Starting EDGAR risk pipeline ===
2026-02-19 21:37:59 [INF] ----- YEAR 2009 -----
2026-02-19 21:38:06 [INF] Found 9706 filings for 2009
2026-02-19 21:38:06 [INF] [Year 2009 | Filing 1/9706 | CIK 0001415813] Starting
2026-02-19 21:38:06 [INF] CIK 0001415813 | Downloading filing HTML (cached if available)
2026-02-19 21:38:06 [INF] CIK 0001415813 | Reading HTML from C:\git\Edgar\Edgar\Data\raw\0001415813\000141581209000001\0001415812-09-000001.txt
2026-02-19 21:38:06 [INF] CIK 0001415813 | Cleaning + extracting sections
2026-02-19 21:38:06 [INF] CIK 0001415813 | Finding CCM match
2026-02-19 21:38:47 [INF] Built CCM presence cache for year 2009, CIK count=0
2026-02-19 21:38:47 [INF] CIK 0001415813 | No CCM match -> writing uncomplete doc
2026-02-19 21:38:48 [INF] [Year 2009 | Filing 1/9706 | CIK 0001415813] Finished
2026-02-19 21:38:48 [INF] [Year 2009 | Filing 2/9706 | CIK 0000788329] Starting
2026-02-19 21:38:48 [INF] CIK 0000788329 | Downloading filing HTML (cached if available)
2026-02-19 21:38:48 [INF] CIK 0000788329 | Reading HTML from C:\git\Edgar\Edgar\Data\raw\0000788329\000104216709000004\0001042167-09-000004.txt
2026-02-19 21:38:48 [INF] CIK 0000788329 | Cleaning + extracting sections
2026-02-19 21:38:48 [INF] CIK 0000788329 | Finding CCM match
2026-02-19 21:38:48 [INF] CIK 0000788329 | No CCM match -> writing uncomplete doc
2026-02-19 21:38:48 [INF] [Year 2009 | Filing 2/9706 | CIK 0000788329] Finished
2026-02-19 21:38:48 [INF] [Year 2009 | Filing 3/9706 | CIK 0001356371] Starting
2026-02-19 21:38:48 [INF] CIK 0001356371 | Downloading filing HTML (cached if available)
2026-02-19 21:38:48 [INF] CIK 0001356371 | Reading HTML from C:\git\Edgar\Edgar\Data\raw\0001356371\000117625609000004\0001176256-09-000004.txt
2026-02-19 21:38:48 [INF] CIK 0001356371 | Cleaning + extracting sections
2026-02-19 21:38:48 [INF] CIK 0001356371 | Finding CCM match
2026-02-19 21:38:48 [INF] CIK 0001356371 | No CCM match -> writing uncomplete doc
2026-02-19 21:38:48 [INF] [Year 2009 | Filing 3/9706 | CIK 0001356371] Finished
2026-02-19 21:38:48 [INF] [Year 2009 | Filing 4/9706 | CIK 0001412659] Starting
2026-02-19 21:38:48 [INF] CIK 0001412659 | Downloading filing HTML (cached if available)
2026-02-19 21:38:48 [INF] CIK 0001412659 | Reading HTML from C:\git\Edgar\Edgar\Data\raw\0001412659\000125529409000002\0001255294-09-000002.txt
2026-02-19 21:38:48 [INF] CIK 0001412659 | Cleaning + extracting sections
2026-02-19 21:38:48 [INF] CIK 0001412659 | Finding CCM match
2026-02-19 21:38:48 [INF] CIK 0001412659 | No CCM match -> writing uncomplete doc
2026-02-19 21:38:48 [INF] [Year 2009 | Filing 4/9706 | CIK 0001412659] Finished
2026-02-19 21:38:48 [INF] [Year 2009 | Filing 5/9706 | CIK 0000780127] Starting
2026-02-19 21:38:48 [INF] CIK 0000780127 | Downloading filing HTML (cached if available)
2026-02-19 21:38:48 [INF] CIK 0000780127 | Reading HTML from C:\git\Edgar\Edgar\Data\raw\0000780127\000095013709000095\0000950137-09-000095.txt
2026-02-19 21:38:48 [INF] CIK 0000780127 | Cleaning + extracting sections
2026-02-19 21:38:48 [INF] CIK 0000780127 | Finding CCM match
2026-02-19 21:38:48 [INF] CIK 0000780127 | No CCM match -> writing uncomplete doc
2026-02-19 21:38:48 [INF] [Year 2009 | Filing 5/9706 | CIK 0000780127] Finished
2026-02-19 21:38:48 [INF] [Year 2009 | Filing 6/9706 | CIK 0000860543] Starting
2026-02-19 21:38:48 [INF] CIK 0000860543 | Downloading filing HTML (cached if available)
2026-02-19 21:38:48 [INF] CIK 0000860543 | Reading HTML from C:\git\Edgar\Edgar\Data\raw\0000860543\000121390009000016\0001213900-09-000016.txt
2026-02-19 21:38:48 [INF] CIK 0000860543 | Cleaning + extracting sections
2026-02-19 21:38:48 [INF] CIK 0000860543 | Finding CCM match
2026-02-19 21:38:48 [INF] CIK 0000860543 | No CCM match -> writing uncomplete doc
2026-02-19 21:38:48 [INF] [Year 2009 | Filing 6/9706 | CIK 0000860543] Finished
2026-02-19 21:38:48 [INF] [Year 2009 | Filing 7/9706 | CIK 0000861370] Starting
2026-02-19 21:38:48 [INF] CIK 0000861370 | Downloading filing HTML (cached if available)
2026-02-19 21:38:48 [INF] CIK 0000861370 | Reading HTML from C:\git\Edgar\Edgar\Data\raw\0000861370\000101054909000006\0001010549-09-000006.txt
2026-02-19 21:38:48 [INF] CIK 0000861370 | Cleaning + extracting sections
2026-02-19 21:38:48 [INF] CIK 0000861370 | Finding CCM match
2026-02-19 21:38:48 [INF] CIK 0000861370 | No CCM match -> writing uncomplete doc
2026-02-19 21:38:48 [INF] [Year 2009 | Filing 7/9706 | CIK 0000861370] Finished
2026-02-19 21:38:48 [INF] [Year 2009 | Filing 8/9706 | CIK 0001191359] Starting
2026-02-19 21:38:48 [INF] CIK 0001191359 | Downloading filing HTML (cached if available)
2026-02-19 21:38:48 [INF] CIK 0001191359 | Reading HTML from C:\git\Edgar\Edgar\Data\raw\0001191359\000106299309000035\0001062993-09-000035.txt
2026-02-19 21:38:48 [INF] CIK 0001191359 | Cleaning + extracting sections
2026-02-19 21:38:48 [INF] CIK 0001191359 | Finding CCM match
2026-02-19 21:38:48 [INF] CIK 0001191359 | No CCM match -> writing uncomplete doc
2026-02-19 21:38:48 [INF] [Year 2009 | Filing 8/9706 | CIK 0001191359] Finished
2026-02-19 21:38:48 [INF] [Year 2009 | Filing 9/9706 | CIK 0001371247] Starting
2026-02-19 21:38:48 [INF] CIK 0001371247 | Downloading filing HTML (cached if available)
2026-02-19 21:38:48 [INF] CIK 0001371247 | Reading HTML from C:\git\Edgar\Edgar\Data\raw\0001371247\000137124709000002\0001371247-09-000002.txt
2026-02-19 21:38:48 [INF] CIK 0001371247 | Cleaning + extracting sections
2026-02-19 21:38:48 [INF] CIK 0001371247 | Finding CCM match
2026-02-19 21:38:48 [INF] CIK 0001371247 | No CCM match -> writing uncomplete doc
2026-02-19 21:38:48 [INF] [Year 2009 | Filing 9/9706 | CIK 0001371247] Finished
2026-02-19 21:38:48 [INF] [Year 2009 | Filing 10/9706 | CIK 0001371487] Starting
2026-02-19 21:38:48 [INF] CIK 0001371487 | Downloading filing HTML (cached if available)
2026-02-19 21:38:48 [INF] CIK 0001371487 | Reading HTML from C:\git\Edgar\Edgar\Data\raw\0001371487\000137148709000002\0001371487-09-000002.txt
2026-02-19 21:38:48 [INF] CIK 0001371487 | Cleaning + extracting sections
2026-02-19 21:38:48 [INF] CIK 0001371487 | Finding CCM match
2026-02-19 21:38:48 [INF] CIK 0001371487 | No CCM match -> writing uncomplete doc
2026-02-19 21:38:48 [INF] [Year 2009 | Filing 10/9706 | CIK 0001371487] Finished
2026-02-19 21:38:48 [INF] [Year 2009 | Filing 11/9706 | CIK 0001121812] Starting
2026-02-19 21:38:48 [INF] CIK 0001121812 | Downloading filing HTML (cached if available)
2026-02-19 21:38:48 [INF] CIK 0001121812 | Reading HTML from C:\git\Edgar\Edgar\Data\raw\0001121812\000094344009000013\0000943440-09-000013.txt
2026-02-19 21:38:48 [INF] CIK 0001121812 | Cleaning + extracting sections
2026-02-19 21:38:48 [INF] CIK 0001121812 | Finding CCM match
2026-02-19 21:38:48 [INF] CIK 0001121812 | No CCM match -> writing uncomplete doc
2026-02-19 21:38:48 [INF] [Year 2009 | Filing 11/9706 | CIK 0001121812] Finished
2026-02-19 21:38:48 [INF] [Year 2009 | Filing 12/9706 | CIK 0000314712] Starting
2026-02-19 21:38:48 [INF] CIK 0000314712 | Downloading filing HTML (cached if available)
2026-02-19 21:38:48 [INF] CIK 0000314712 | Reading HTML from C:\git\Edgar\Edgar\Data\raw\0000314712\000114420409001162\0001144204-09-001162.txt
2026-02-19 21:38:48 [INF] CIK 0000314712 | Cleaning + extracting sections
2026-02-19 21:38:48 [INF] CIK 0000314712 | Finding CCM match
2026-02-19 21:38:48 [INF] CIK 0000314712 | No CCM match -> writing uncomplete doc
2026-02-19 21:38:48 [INF] [Year 2009 | Filing 12/9706 | CIK 0000314712] Finished
2026-02-19 21:38:48 [INF] [Year 2009 | Filing 13/9706 | CIK 0001029800] Starting
2026-02-19 21:38:48 [INF] CIK 0001029800 | Downloading filing HTML (cached if available)
2026-02-19 21:38:48 [INF] CIK 0001029800 | Reading HTML from C:\git\Edgar\Edgar\Data\raw\0001029800\000102980009000003\0001029800-09-000003.txt
2026-02-19 21:38:48 [INF] CIK 0001029800 | Cleaning + extracting sections
2026-02-19 21:38:48 [INF] CIK 0001029800 | Finding CCM match
2026-02-19 21:38:48 [INF] CIK 0001029800 | No CCM match -> writing uncomplete doc
2026-02-19 21:38:48 [INF] [Year 2009 | Filing 13/9706 | CIK 0001029800] Finished
2026-02-19 21:38:48 [INF] [Year 2009 | Filing 14/9706 | CIK 0001326852] Starting
2026-02-19 21:38:48 [INF] CIK 0001326852 | Downloading filing HTML (cached if available)
2026-02-19 21:38:48 [INF] CIK 0001326852 | Reading HTML from C:\git\Edgar\Edgar\Data\raw\0001326852\000132685209000004\0001326852-09-000004.txt
2026-02-19 21:38:48 [INF] CIK 0001326852 | Cleaning + extracting sections
2026-02-19 21:38:48 [INF] CIK 0001326852 | Finding CCM match
2026-02-19 21:38:48 [INF] CIK 0001326852 | No CCM match -> writing uncomplete doc
2026-02-19 21:38:48 [INF] [Year 2009 | Filing 14/9706 | CIK 0001326852] Finished
2026-02-19 21:38:48 [INF] [Year 2009 | Filing 15/9706 | CIK 0001380528] Starting
2026-02-19 21:38:48 [INF] CIK 0001380528 | Downloading filing HTML (cached if available)
2026-02-19 21:38:48 [INF] CIK 0001380528 | Reading HTML from C:\git\Edgar\Edgar\Data\raw\0001380528\000138052809000002\0001380528-09-000002.txt
2026-02-19 21:38:48 [INF] CIK 0001380528 | Cleaning + extracting sections
2026-02-19 21:38:48 [INF] CIK 0001380528 | Finding CCM match
2026-02-19 21:38:48 [INF] CIK 0001380528 | No CCM match -> writing uncomplete doc
2026-02-19 21:38:48 [INF] [Year 2009 | Filing 15/9706 | CIK 0001380528] Finished
2026-02-19 21:38:48 [INF] [Year 2009 | Filing 16/9706 | CIK 0001387600] Starting
2026-02-19 21:38:48 [INF] CIK 0001387600 | Downloading filing HTML (cached if available)
2026-02-19 21:38:48 [INF] CIK 0001387600 | Reading HTML from C:\git\Edgar\Edgar\Data\raw\0001387600\000109328709000004\0001093287-09-000004.txt
2026-02-19 21:38:48 [INF] CIK 0001387600 | Cleaning + extracting sections
2026-02-19 21:38:48 [INF] CIK 0001387600 | Finding CCM match
2026-02-19 21:38:48 [INF] CIK 0001387600 | No CCM match -> writing uncomplete doc
2026-02-19 21:38:48 [INF] [Year 2009 | Filing 16/9706 | CIK 0001387600] Finished
2026-02-19 21:38:48 [INF] [Year 2009 | Filing 17/9706 | CIK 0001415917] Starting
2026-02-19 21:38:48 [INF] CIK 0001415917 | Downloading filing HTML (cached if available)
2026-02-19 21:38:49 [INF] CIK 0001415917 | Reading HTML from C:\git\Edgar\Edgar\Data\raw\0001415917\000140677409000006\0001406774-09-000006.txt
2026-02-19 21:38:49 [INF] CIK 0001415917 | Cleaning + extracting sections
2026-02-19 21:38:49 [INF] CIK 0001415917 | Finding CCM match
2026-02-19 21:38:49 [INF] CIK 0001415917 | No CCM match -> writing uncomplete doc
2026-02-19 21:38:49 [INF] [Year 2009 | Filing 17/9706 | CIK 0001415917] Finished
2026-02-19 21:38:49 [INF] [Year 2009 | Filing 18/9706 | CIK 0000315374] Starting
2026-02-19 21:38:49 [INF] CIK 0000315374 | Downloading filing HTML (cached if available)
2026-02-19 21:38:50 [INF] CIK 0000315374 | Reading HTML from C:\git\Edgar\Edgar\Data\raw\0000315374\000114420409001522\0001144204-09-001522.txt
2026-02-19 21:38:50 [INF] CIK 0000315374 | Cleaning + extracting sections
2026-02-19 21:38:50 [INF] CIK 0000315374 | Finding CCM match
2026-02-19 21:38:50 [INF] CIK 0000315374 | No CCM match -> writing uncomplete doc
2026-02-19 21:38:50 [INF] [Year 2009 | Filing 18/9706 | CIK 0000315374] Finished
2026-02-19 21:38:50 [INF] [Year 2009 | Filing 19/9706 | CIK 0000357108] Starting
2026-02-19 21:38:50 [INF] CIK 0000357108 | Downloading filing HTML (cached if available)
2026-02-19 21:38:51 [INF] CIK 0000357108 | Reading HTML from C:\git\Edgar\Edgar\Data\raw\0000357108\000095013409000431\0000950134-09-000431.txt
2026-02-19 21:38:51 [INF] CIK 0000357108 | Cleaning + extracting sections
2026-02-19 21:38:51 [INF] CIK 0000357108 | Finding CCM match
2026-02-19 21:38:51 [INF] CIK 0000357108 | No CCM match -> writing uncomplete doc
2026-02-19 21:38:51 [INF] [Year 2009 | Filing 19/9706 | CIK 0000357108] Finished
2026-02-19 21:38:51 [INF] [Year 2009 | Filing 20/9706 | CIK 0000741696] Starting
2026-02-19 21:38:51 [INF] CIK 0000741696 | Downloading filing HTML (cached if available)
2026-02-19 21:38:52 [INF] CIK 0000741696 | Reading HTML from C:\git\Edgar\Edgar\Data\raw\0000741696\000074169609000002\0000741696-09-000002.txt
2026-02-19 21:38:52 [INF] CIK 0000741696 | Cleaning + extracting sections
2026-02-19 21:38:52 [INF] CIK 0000741696 | Finding CCM match
2026-02-19 21:38:52 [INF] CIK 0000741696 | No CCM match -> writing uncomplete doc
2026-02-19 21:38:52 [INF] [Year 2009 | Filing 20/9706 | CIK 0000741696] Finished
2026-02-19 21:38:52 [INF] [Year 2009 | Filing 21/9706 | CIK 0001003226] Starting
2026-02-19 21:38:52 [INF] CIK 0001003226 | Downloading filing HTML (cached if available)
2026-02-19 21:38:52 [INF] CIK 0001003226 | Reading HTML from C:\git\Edgar\Edgar\Data\raw\0001003226\000136231009000313\0001362310-09-000313.txt
2026-02-19 21:38:52 [INF] CIK 0001003226 | Cleaning + extracting sections
2026-02-19 21:38:52 [INF] CIK 0001003226 | Finding CCM match
2026-02-19 21:38:52 [INF] CIK 0001003226 | No CCM match -> writing uncomplete doc
2026-02-19 21:38:52 [INF] [Year 2009 | Filing 21/9706 | CIK 0001003226] Finished
2026-02-19 21:38:52 [INF] [Year 2009 | Filing 22/9706 | CIK 0001009830] Starting
2026-02-19 21:38:52 [INF] CIK 0001009830 | Downloading filing HTML (cached if available)
2026-02-19 21:38:53 [INF] CIK 0001009830 | Reading HTML from C:\git\Edgar\Edgar\Data\raw\0001009830\000114420409001737\0001144204-09-001737.txt
2026-02-19 21:38:53 [INF] CIK 0001009830 | Cleaning + extracting sections
2026-02-19 21:38:53 [INF] CIK 0001009830 | Finding CCM match
2026-02-19 21:38:53 [INF] CIK 0001009830 | No CCM match -> writing uncomplete doc
2026-02-19 21:38:53 [INF] [Year 2009 | Filing 22/9706 | CIK 0001009830] Finished
2026-02-19 21:38:53 [INF] [Year 2009 | Filing 23/9706 | CIK 0001013453] Starting
2026-02-19 21:38:53 [INF] CIK 0001013453 | Downloading filing HTML (cached if available)
2026-02-19 21:38:53 [INF] CIK 0001013453 | Reading HTML from C:\git\Edgar\Edgar\Data\raw\0001013453\000136110609000014\0001361106-09-000014.txt
2026-02-19 21:38:53 [INF] CIK 0001013453 | Cleaning + extracting sections
2026-02-19 21:38:53 [INF] CIK 0001013453 | Finding CCM match
2026-02-19 21:38:53 [INF] CIK 0001013453 | No CCM match -> writing uncomplete doc
2026-02-19 21:38:53 [INF] [Year 2009 | Filing 23/9706 | CIK 0001013453] Finished
2026-02-19 21:38:53 [INF] [Year 2009 | Filing 24/9706 | CIK 0001031896] Starting
2026-02-19 21:38:53 [INF] CIK 0001031896 | Downloading filing HTML (cached if available)
2026-02-19 21:38:54 [INF] CIK 0001031896 | Reading HTML from C:\git\Edgar\Edgar\Data\raw\0001031896\000116552709000027\0001165527-09-000027.txt
2026-02-19 21:38:54 [INF] CIK 0001031896 | Cleaning + extracting sections
2026-02-19 21:38:54 [INF] CIK 0001031896 | Finding CCM match
2026-02-19 21:38:54 [INF] CIK 0001031896 | No CCM match -> writing uncomplete doc
2026-02-19 21:38:54 [INF] [Year 2009 | Filing 24/9706 | CIK 0001031896] Finished
2026-02-19 21:38:54 [INF] [Year 2009 | Filing 25/9706 | CIK 0001065659] Starting
2026-02-19 21:38:54 [INF] CIK 0001065659 | Downloading filing HTML (cached if available)
2026-02-19 21:38:54 [INF] CIK 0001065659 | Reading HTML from C:\git\Edgar\Edgar\Data\raw\0001065659\000107997409000024\0001079974-09-000024.txt
2026-02-19 21:38:54 [INF] CIK 0001065659 | Cleaning + extracting sections
2026-02-19 21:38:54 [INF] CIK 0001065659 | Finding CCM match
2026-02-19 21:38:54 [INF] CIK 0001065659 | No CCM match -> writing uncomplete doc
2026-02-19 21:38:54 [INF] [Year 2009 | Filing 25/9706 | CIK 0001065659] Finished
2026-02-19 21:38:54 [INF] [Year 2009 | Filing 26/9706 | CIK 0001082735] Starting
2026-02-19 21:38:54 [INF] CIK 0001082735 | Downloading filing HTML (cached if available)
2026-02-19 21:38:55 [INF] CIK 0001082735 | Reading HTML from C:\git\Edgar\Edgar\Data\raw\0001082735\000090965409000026\0000909654-09-000026.txt
2026-02-19 21:38:55 [INF] CIK 0001082735 | Cleaning + extracting sections
2026-02-19 21:38:55 [INF] CIK 0001082735 | Finding CCM match
2026-02-19 21:38:55 [INF] CIK 0001082735 | No CCM match -> writing uncomplete doc
2026-02-19 21:38:55 [INF] [Year 2009 | Filing 26/9706 | CIK 0001082735] Finished
2026-02-19 21:38:55 [INF] [Year 2009 | Filing 27/9706 | CIK 0001088005] Starting
2026-02-19 21:38:55 [INF] CIK 0001088005 | Downloading filing HTML (cached if available)
2026-02-19 21:38:55 [INF] CIK 0001088005 | Reading HTML from C:\git\Edgar\Edgar\Data\raw\0001088005\000102022909000003\0001020229-09-000003.txt
2026-02-19 21:38:55 [INF] CIK 0001088005 | Cleaning + extracting sections
2026-02-19 21:38:55 [INF] CIK 0001088005 | Finding CCM match
2026-02-19 21:38:55 [INF] CIK 0001088005 | No CCM match -> writing uncomplete doc
2026-02-19 21:38:55 [INF] [Year 2009 | Filing 27/9706 | CIK 0001088005] Finished
2026-02-19 21:38:55 [INF] [Year 2009 | Filing 28/9706 | CIK 0001093430] Starting
2026-02-19 21:38:55 [INF] CIK 0001093430 | Downloading filing HTML (cached if available)
2026-02-19 21:38:56 [INF] CIK 0001093430 | Reading HTML from C:\git\Edgar\Edgar\Data\raw\0001093430\000103883809000008\0001038838-09-000008.txt
2026-02-19 21:38:56 [INF] CIK 0001093430 | Cleaning + extracting sections
2026-02-19 21:38:56 [INF] CIK 0001093430 | Finding CCM match
2026-02-19 21:38:56 [INF] CIK 0001093430 | No CCM match -> writing uncomplete doc
2026-02-19 21:38:56 [INF] [Year 2009 | Filing 28/9706 | CIK 0001093430] Finished
2026-02-19 21:38:56 [INF] [Year 2009 | Filing 29/9706 | CIK 0001122063] Starting
2026-02-19 21:38:56 [INF] CIK 0001122063 | Downloading filing HTML (cached if available)
2026-02-19 21:38:56 [INF] CIK 0001122063 | Reading HTML from C:\git\Edgar\Edgar\Data\raw\0001122063\000089109209000131\0000891092-09-000131.txt
2026-02-19 21:38:56 [INF] CIK 0001122063 | Cleaning + extracting sections
2026-02-19 21:38:56 [INF] CIK 0001122063 | Finding CCM match
2026-02-19 21:38:56 [INF] CIK 0001122063 | No CCM match -> writing uncomplete doc
2026-02-19 21:38:56 [INF] [Year 2009 | Filing 29/9706 | CIK 0001122063] Finished
2026-02-19 21:38:56 [INF] [Year 2009 | Filing 30/9706 | CIK 0001126703] Starting
2026-02-19 21:38:56 [INF] CIK 0001126703 | Downloading filing HTML (cached if available)
2026-02-19 21:38:56 [INF] CIK 0001126703 | Reading HTML from C:\git\Edgar\Edgar\Data\raw\0001126703\000106299309000101\0001062993-09-000101.txt
2026-02-19 21:38:56 [INF] CIK 0001126703 | Cleaning + extracting sections
2026-02-19 21:38:56 [INF] CIK 0001126703 | Finding CCM match
2026-02-19 21:38:56 [INF] CIK 0001126703 | No CCM match -> writing uncomplete doc
2026-02-19 21:38:56 [INF] [Year 2009 | Filing 30/9706 | CIK 0001126703] Finished
2026-02-19 21:38:56 [INF] [Year 2009 | Filing 31/9706 | CIK 0001139570] Starting
2026-02-19 21:38:56 [INF] CIK 0001139570 | Downloading filing HTML (cached if available)
2026-02-19 21:38:57 [INF] CIK 0001139570 | Reading HTML from C:\git\Edgar\Edgar\Data\raw\0001139570\000114420409001802\0001144204-09-001802.txt
2026-02-19 21:38:57 [INF] CIK 0001139570 | Cleaning + extracting sections
2026-02-19 21:38:57 [INF] CIK 0001139570 | Finding CCM match
2026-02-19 21:38:57 [INF] CIK 0001139570 | No CCM match -> writing uncomplete doc
2026-02-19 21:38:57 [INF] [Year 2009 | Filing 31/9706 | CIK 0001139570] Finished
2026-02-19 21:38:57 [INF] [Year 2009 | Filing 32/9706 | CIK 0001158420] Starting
2026-02-19 21:38:57 [INF] CIK 0001158420 | Downloading filing HTML (cached if available)
2026-02-19 21:38:57 [INF] CIK 0001158420 | Reading HTML from C:\git\Edgar\Edgar\Data\raw\0001158420\000140677409000007\0001406774-09-000007.txt
2026-02-19 21:38:57 [INF] CIK 0001158420 | Cleaning + extracting sections
2026-02-19 21:38:57 [INF] CIK 0001158420 | Finding CCM match
2026-02-19 21:38:57 [INF] CIK 0001158420 | No CCM match -> writing uncomplete doc
2026-02-19 21:38:57 [INF] [Year 2009 | Filing 32/9706 | CIK 0001158420] Finished
2026-02-19 21:38:57 [INF] [Year 2009 | Filing 33/9706 | CIK 0001163002] Starting
2026-02-19 21:38:57 [INF] CIK 0001163002 | Downloading filing HTML (cached if available)
2026-02-19 21:38:58 [INF] CIK 0001163002 | Reading HTML from C:\git\Edgar\Edgar\Data\raw\0001163002\000135007109000003\0001350071-09-000003.txt
2026-02-19 21:38:58 [INF] CIK 0001163002 | Cleaning + extracting sections
2026-02-19 21:38:58 [INF] CIK 0001163002 | Finding CCM match
2026-02-19 21:38:58 [INF] CIK 0001163002 | No CCM match -> writing uncomplete doc
2026-02-19 21:38:58 [INF] [Year 2009 | Filing 33/9706 | CIK 0001163002] Finished
2026-02-19 21:38:58 [INF] [Year 2009 | Filing 34/9706 | CIK 0001173281] Starting
2026-02-19 21:38:58 [INF] CIK 0001173281 | Downloading filing HTML (cached if available)
2026-02-19 21:38:58 [INF] CIK 0001173281 | Reading HTML from C:\git\Edgar\Edgar\Data\raw\0001173281\000101629509000004\0001016295-09-000004.txt
2026-02-19 21:38:58 [INF] CIK 0001173281 | Cleaning + extracting sections
2026-02-19 21:38:58 [INF] CIK 0001173281 | Finding CCM match
2026-02-19 21:38:58 [INF] CIK 0001173281 | No CCM match -> writing uncomplete doc
2026-02-19 21:38:58 [INF] [Year 2009 | Filing 34/9706 | CIK 0001173281] Finished
2026-02-19 21:38:58 [INF] [Year 2009 | Filing 35/9706 | CIK 0001177274] Starting
2026-02-19 21:38:58 [INF] CIK 0001177274 | Downloading filing HTML (cached if available)
2026-02-19 21:38:58 [INF] CIK 0001177274 | Reading HTML from C:\git\Edgar\Edgar\Data\raw\0001177274\000107997309000013\0001079973-09-000013.txt
2026-02-19 21:38:58 [INF] CIK 0001177274 | Cleaning + extracting sections
2026-02-19 21:38:58 [INF] CIK 0001177274 | Finding CCM match
2026-02-19 21:38:58 [INF] CIK 0001177274 | No CCM match -> writing uncomplete doc
2026-02-19 21:38:58 [INF] [Year 2009 | Filing 35/9706 | CIK 0001177274] Finished
2026-02-19 21:38:58 [INF] [Year 2009 | Filing 36/9706 | CIK 0001222792] Starting
2026-02-19 21:38:58 [INF] CIK 0001222792 | Downloading filing HTML (cached if available)
2026-02-19 21:38:58 [INF] CIK 0001222792 | Reading HTML from C:\git\Edgar\Edgar\Data\raw\0001222792\000109690609000041\0001096906-09-000041.txt
2026-02-19 21:38:58 [INF] CIK 0001222792 | Cleaning + extracting sections
2026-02-19 21:38:58 [INF] CIK 0001222792 | Finding CCM match
2026-02-19 21:38:58 [INF] CIK 0001222792 | No CCM match -> writing uncomplete doc
2026-02-19 21:38:58 [INF] [Year 2009 | Filing 36/9706 | CIK 0001222792] Finished
2026-02-19 21:38:58 [INF] [Year 2009 | Filing 37/9706 | CIK 0001278363] Starting
2026-02-19 21:38:58 [INF] CIK 0001278363 | Downloading filing HTML (cached if available)
2026-02-19 21:38:59 [INF] CIK 0001278363 | Reading HTML from C:\git\Edgar\Edgar\Data\raw\0001278363\000101968709000166\0001019687-09-000166.txt
2026-02-19 21:38:59 [INF] CIK 0001278363 | Cleaning + extracting sections
2026-02-19 21:38:59 [INF] CIK 0001278363 | Finding CCM match
2026-02-19 21:38:59 [INF] CIK 0001278363 | No CCM match -> writing uncomplete doc
2026-02-19 21:38:59 [INF] [Year 2009 | Filing 37/9706 | CIK 0001278363] Finished
2026-02-19 21:38:59 [INF] [Year 2009 | Filing 38/9706 | CIK 0001286345] Starting
2026-02-19 21:38:59 [INF] CIK 0001286345 | Downloading filing HTML (cached if available)
2026-02-19 21:38:59 [INF] CIK 0001286345 | Reading HTML from C:\git\Edgar\Edgar\Data\raw\0001286345\000114420409001827\0001144204-09-001827.txt
2026-02-19 21:38:59 [INF] CIK 0001286345 | Cleaning + extracting sections
2026-02-19 21:38:59 [INF] CIK 0001286345 | Finding CCM match
2026-02-19 21:38:59 [INF] CIK 0001286345 | No CCM match -> writing uncomplete doc
2026-02-19 21:38:59 [INF] [Year 2009 | Filing 38/9706 | CIK 0001286345] Finished
2026-02-19 21:38:59 [INF] [Year 2009 | Filing 39/9706 | CIK 0001298824] Starting
2026-02-19 21:38:59 [INF] CIK 0001298824 | Downloading filing HTML (cached if available)
2026-02-19 21:39:00 [INF] CIK 0001298824 | Reading HTML from C:\git\Edgar\Edgar\Data\raw\0001298824\000094935309000010\0000949353-09-000010.txt
2026-02-19 21:39:00 [INF] CIK 0001298824 | Cleaning + extracting sections
2026-02-19 21:39:00 [INF] CIK 0001298824 | Finding CCM match
2026-02-19 21:39:00 [INF] CIK 0001298824 | No CCM match -> writing uncomplete doc
2026-02-19 21:39:00 [INF] [Year 2009 | Filing 39/9706 | CIK 0001298824] Finished
2026-02-19 21:39:00 [INF] [Year 2009 | Filing 40/9706 | CIK 0001307345] Starting
2026-02-19 21:39:00 [INF] CIK 0001307345 | Downloading filing HTML (cached if available)
2026-02-19 21:39:00 [INF] CIK 0001307345 | Reading HTML from C:\git\Edgar\Edgar\Data\raw\0001307345\000116552709000024\0001165527-09-000024.txt
2026-02-19 21:39:00 [INF] CIK 0001307345 | Cleaning + extracting sections
2026-02-19 21:39:00 [INF] CIK 0001307345 | Finding CCM match
2026-02-19 21:39:00 [INF] CIK 0001307345 | No CCM match -> writing uncomplete doc
2026-02-19 21:39:00 [INF] [Year 2009 | Filing 40/9706 | CIK 0001307345] Finished
2026-02-19 21:39:00 [INF] [Year 2009 | Filing 41/9706 | CIK 0001310261] Starting
2026-02-19 21:39:00 [INF] CIK 0001310261 | Downloading filing HTML (cached if available)
2026-02-19 21:39:01 [INF] CIK 0001310261 | Reading HTML from C:\git\Edgar\Edgar\Data\raw\0001310261\000118374009000010\0001183740-09-000010.txt
2026-02-19 21:39:01 [INF] CIK 0001310261 | Cleaning + extracting sections
2026-02-19 21:39:01 [INF] CIK 0001310261 | Finding CCM match
2026-02-19 21:39:01 [INF] CIK 0001310261 | No CCM match -> writing uncomplete doc
2026-02-19 21:39:01 [INF] [Year 2009 | Filing 41/9706 | CIK 0001310261] Finished
2026-02-19 21:39:01 [INF] [Year 2009 | Filing 42/9706 | CIK 0001314052] Starting
2026-02-19 21:39:01 [INF] CIK 0001314052 | Downloading filing HTML (cached if available)
2026-02-19 21:39:01 [INF] CIK 0001314052 | Reading HTML from C:\git\Edgar\Edgar\Data\raw\0001314052\000106299309000091\0001062993-09-000091.txt
2026-02-19 21:39:01 [INF] CIK 0001314052 | Cleaning + extracting sections
2026-02-19 21:39:01 [INF] CIK 0001314052 | Finding CCM match
2026-02-19 21:39:01 [INF] CIK 0001314052 | No CCM match -> writing uncomplete doc
2026-02-19 21:39:01 [INF] [Year 2009 | Filing 42/9706 | CIK 0001314052] Finished
2026-02-19 21:39:01 [INF] [Year 2009 | Filing 43/9706 | CIK 0001320050] Starting
2026-02-19 21:39:01 [INF] CIK 0001320050 | Downloading filing HTML (cached if available)
2026-02-19 21:39:01 [INF] CIK 0001320050 | Reading HTML from C:\git\Edgar\Edgar\Data\raw\0001320050\000095013709000265\0000950137-09-000265.txt
2026-02-19 21:39:01 [INF] CIK 0001320050 | Cleaning + extracting sections
2026-02-19 21:39:01 [INF] CIK 0001320050 | Finding CCM match
2026-02-19 21:39:01 [INF] CIK 0001320050 | No CCM match -> writing uncomplete doc
2026-02-19 21:39:01 [INF] [Year 2009 | Filing 43/9706 | CIK 0001320050] Finished
2026-02-19 21:39:01 [INF] [Year 2009 | Filing 44/9706 | CIK 0001321366] Starting
2026-02-19 21:39:01 [INF] CIK 0001321366 | Downloading filing HTML (cached if available)
2026-02-19 21:39:02 [INF] CIK 0001321366 | Reading HTML from C:\git\Edgar\Edgar\Data\raw\0001321366\000132136609000002\0001321366-09-000002.txt
2026-02-19 21:39:02 [INF] CIK 0001321366 | Cleaning + extracting sections
2026-02-19 21:39:02 [INF] CIK 0001321366 | Finding CCM match
2026-02-19 21:39:02 [INF] CIK 0001321366 | No CCM match -> writing uncomplete doc
2026-02-19 21:39:02 [INF] [Year 2009 | Filing 44/9706 | CIK 0001321366] Finished
2026-02-19 21:39:02 [INF] [Year 2009 | Filing 45/9706 | CIK 0001349706] Starting
2026-02-19 21:39:02 [INF] CIK 0001349706 | Downloading filing HTML (cached if available)
2026-02-19 21:39:03 [INF] CIK 0001349706 | Reading HTML from C:\git\Edgar\Edgar\Data\raw\0001349706\000132875909000005\0001328759-09-000005.txt
2026-02-19 21:39:03 [INF] CIK 0001349706 | Cleaning + extracting sections
2026-02-19 21:39:03 [INF] CIK 0001349706 | Finding CCM match
2026-02-19 21:39:03 [INF] CIK 0001349706 | No CCM match -> writing uncomplete doc
2026-02-19 21:39:03 [INF] [Year 2009 | Filing 45/9706 | CIK 0001349706] Finished
2026-02-19 21:39:03 [INF] [Year 2009 | Filing 46/9706 | CIK 0001365359] Starting
2026-02-19 21:39:03 [INF] CIK 0001365359 | Downloading filing HTML (cached if available)
2026-02-19 21:39:03 [INF] CIK 0001365359 | Reading HTML from C:\git\Edgar\Edgar\Data\raw\0001365359\000132875909000004\0001328759-09-000004.txt
2026-02-19 21:39:03 [INF] CIK 0001365359 | Cleaning + extracting sections
2026-02-19 21:39:03 [INF] CIK 0001365359 | Finding CCM match
2026-02-19 21:39:03 [INF] CIK 0001365359 | No CCM match -> writing uncomplete doc
2026-02-19 21:39:03 [INF] [Year 2009 | Filing 46/9706 | CIK 0001365359] Finished
2026-02-19 21:39:03 [INF] [Year 2009 | Filing 47/9706 | CIK 0001369608] Starting
2026-02-19 21:39:03 [INF] CIK 0001369608 | Downloading filing HTML (cached if available)
2026-02-19 21:39:04 [INF] CIK 0001369608 | Reading HTML from C:\git\Edgar\Edgar\Data\raw\0001369608\000121390009000060\0001213900-09-000060.txt
2026-02-19 21:39:04 [INF] CIK 0001369608 | Cleaning + extracting sections
2026-02-19 21:39:04 [INF] CIK 0001369608 | Finding CCM match
2026-02-19 21:39:04 [INF] CIK 0001369608 | No CCM match -> writing uncomplete doc
2026-02-19 21:39:04 [INF] [Year 2009 | Filing 47/9706 | CIK 0001369608] Finished
2026-02-19 21:39:04 [INF] [Year 2009 | Filing 48/9706 | CIK 0001372954] Starting
2026-02-19 21:39:04 [INF] CIK 0001372954 | Downloading filing HTML (cached if available)
2026-02-19 21:39:04 [INF] CIK 0001372954 | Reading HTML from C:\git\Edgar\Edgar\Data\raw\0001372954\000112785509000007\0001127855-09-000007.txt
2026-02-19 21:39:04 [INF] CIK 0001372954 | Cleaning + extracting sections
2026-02-19 21:39:04 [INF] CIK 0001372954 | Finding CCM match
2026-02-19 21:39:04 [INF] CIK 0001372954 | No CCM match -> writing uncomplete doc
2026-02-19 21:39:04 [INF] [Year 2009 | Filing 48/9706 | CIK 0001372954] Finished
2026-02-19 21:39:04 [INF] [Year 2009 | Filing 49/9706 | CIK 0001373952] Starting
2026-02-19 21:39:04 [INF] CIK 0001373952 | Downloading filing HTML (cached if available)
2026-02-19 21:39:05 [INF] CIK 0001373952 | Reading HTML from C:\git\Edgar\Edgar\Data\raw\0001373952\000114420409001824\0001144204-09-001824.txt
2026-02-19 21:39:05 [INF] CIK 0001373952 | Cleaning + extracting sections
2026-02-19 21:39:05 [INF] CIK 0001373952 | Finding CCM match
2026-02-19 21:39:05 [INF] CIK 0001373952 | No CCM match -> writing uncomplete doc
2026-02-19 21:39:05 [INF] [Year 2009 | Filing 49/9706 | CIK 0001373952] Finished
2026-02-19 21:39:05 [INF] [Year 2009 | Filing 50/9706 | CIK 0001391750] Starting
2026-02-19 21:39:05 [INF] CIK 0001391750 | Downloading filing HTML (cached if available)
2026-02-19 21:39:05 [INF] CIK 0001391750 | Reading HTML from C:\git\Edgar\Edgar\Data\raw\0001391750\000119312509005306\0001193125-09-005306.txt
2026-02-19 21:39:05 [INF] CIK 0001391750 | Cleaning + extracting sections
2026-02-19 21:39:05 [INF] CIK 0001391750 | Finding CCM match
2026-02-19 21:39:05 [INF] CIK 0001391750 | No CCM match -> writing uncomplete doc
2026-02-19 21:39:05 [INF] [Year 2009 | Filing 50/9706 | CIK 0001391750] Finished
2026-02-19 21:39:05 [INF] [Year 2009 | Filing 51/9706 | CIK 0001415603] Starting
2026-02-19 21:39:05 [INF] CIK 0001415603 | Downloading filing HTML (cached if available)
2026-02-19 21:39:06 [INF] CIK 0001415603 | Reading HTML from C:\git\Edgar\Edgar\Data\raw\0001415603\000114420409001722\0001144204-09-001722.txt
2026-02-19 21:39:06 [INF] CIK 0001415603 | Cleaning + extracting sections
2026-02-19 21:39:06 [INF] CIK 0001415603 | Finding CCM match
2026-02-19 21:39:06 [INF] CIK 0001415603 | No CCM match -> writing uncomplete doc
2026-02-19 21:39:06 [INF] [Year 2009 | Filing 51/9706 | CIK 0001415603] Finished
2026-02-19 21:39:06 [INF] [Year 2009 | Filing 52/9706 | CIK 0001418115] Starting
2026-02-19 21:39:06 [INF] CIK 0001418115 | Downloading filing HTML (cached if available)
2026-02-19 21:39:06 [INF] CIK 0001418115 | Reading HTML from C:\git\Edgar\Edgar\Data\raw\0001418115\000101629509000006\0001016295-09-000006.txt
2026-02-19 21:39:06 [INF] CIK 0001418115 | Cleaning + extracting sections
2026-02-19 21:39:06 [INF] CIK 0001418115 | Finding CCM match
2026-02-19 21:39:06 [INF] CIK 0001418115 | No CCM match -> writing uncomplete doc
2026-02-19 21:39:06 [INF] [Year 2009 | Filing 52/9706 | CIK 0001418115] Finished
2026-02-19 21:39:06 [INF] [Year 2009 | Filing 53/9706 | CIK 0001425319] Starting
2026-02-19 21:39:06 [INF] CIK 0001425319 | Downloading filing HTML (cached if available)
2026-02-19 21:39:07 [INF] CIK 0001425319 | Reading HTML from C:\git\Edgar\Edgar\Data\raw\0001425319\000110465909002030\0001104659-09-002030.txt
2026-02-19 21:39:07 [INF] CIK 0001425319 | Cleaning + extracting sections
2026-02-19 21:39:07 [INF] CIK 0001425319 | Finding CCM match
2026-02-19 21:39:07 [INF] CIK 0001425319 | No CCM match -> writing uncomplete doc
2026-02-19 21:39:07 [INF] [Year 2009 | Filing 53/9706 | CIK 0001425319] Finished
2026-02-19 21:39:07 [INF] [Year 2009 | Filing 54/9706 | CIK 0001430057] Starting
2026-02-19 21:39:07 [INF] CIK 0001430057 | Downloading filing HTML (cached if available)
2026-02-19 21:39:07 [INF] CIK 0001430057 | Reading HTML from C:\git\Edgar\Edgar\Data\raw\0001430057\000104476409000004\0001044764-09-000004.txt
2026-02-19 21:39:07 [INF] CIK 0001430057 | Cleaning + extracting sections
2026-02-19 21:39:07 [INF] CIK 0001430057 | Finding CCM match
2026-02-19 21:39:07 [INF] CIK 0001430057 | No CCM match -> writing uncomplete doc
2026-02-19 21:39:07 [INF] [Year 2009 | Filing 54/9706 | CIK 0001430057] Finished
2026-02-19 21:39:07 [INF] [Year 2009 | Filing 55/9706 | CIK 0001440048] Starting
2026-02-19 21:39:07 [INF] CIK 0001440048 | Downloading filing HTML (cached if available)
2026-02-19 21:39:07 [INF] CIK 0001440048 | Reading HTML from C:\git\Edgar\Edgar\Data\raw\0001440048\000114420409001825\0001144204-09-001825.txt
2026-02-19 21:39:07 [INF] CIK 0001440048 | Cleaning + extracting sections
2026-02-19 21:39:07 [INF] CIK 0001440048 | Finding CCM match
2026-02-19 21:39:07 [INF] CIK 0001440048 | No CCM match -> writing uncomplete doc
2026-02-19 21:39:07 [INF] [Year 2009 | Filing 55/9706 | CIK 0001440048] Finished
2026-02-19 21:39:07 [INF] [Year 2009 | Filing 56/9706 | CIK 0000350557] Starting
2026-02-19 21:39:08 [INF] CIK 0000350557 | Downloading filing HTML (cached if available)
2026-02-19 21:39:08 [INF] CIK 0000350557 | Reading HTML from C:\git\Edgar\Edgar\Data\raw\0000350557\000035055709000006\0000350557-09-000006.txt
2026-02-19 21:39:08 [INF] CIK 0000350557 | Cleaning + extracting sections
2026-02-19 21:39:08 [INF] CIK 0000350557 | Finding CCM match
2026-02-19 21:39:08 [INF] CIK 0000350557 | No CCM match -> writing uncomplete doc
2026-02-19 21:39:08 [INF] [Year 2009 | Filing 56/9706 | CIK 0000350557] Finished
2026-02-19 21:39:08 [INF] [Year 2009 | Filing 57/9706 | CIK 0000357001] Starting
2026-02-19 21:39:08 [INF] CIK 0000357001 | Downloading filing HTML (cached if available)
2026-02-19 21:39:09 [INF] CIK 0000357001 | Reading HTML from C:\git\Edgar\Edgar\Data\raw\0000357001\000101968709000165\0001019687-09-000165.txt
2026-02-19 21:39:09 [INF] CIK 0000357001 | Cleaning + extracting sections
2026-02-19 21:39:09 [INF] CIK 0000357001 | Finding CCM match
2026-02-19 21:39:09 [INF] CIK 0000357001 | No CCM match -> writing uncomplete doc
2026-02-19 21:39:09 [INF] [Year 2009 | Filing 57/9706 | CIK 0000357001] Finished
2026-02-19 21:39:09 [INF] [Year 2009 | Filing 58/9706 | CIK 0000040518] Starting
2026-02-19 21:39:09 [INF] CIK 0000040518 | Downloading filing HTML (cached if available)
2026-02-19 21:39:09 [INF] CIK 0000040518 | Reading HTML from C:\git\Edgar\Edgar\Data\raw\0000040518\000114036109001121\0001140361-09-001121.txt
2026-02-19 21:39:09 [INF] CIK 0000040518 | Cleaning + extracting sections
2026-02-19 21:39:09 [INF] CIK 0000040518 | Finding CCM match
2026-02-19 21:39:09 [INF] CIK 0000040518 | No CCM match -> writing uncomplete doc
2026-02-19 21:39:09 [INF] [Year 2009 | Filing 58/9706 | CIK 0000040518] Finished
2026-02-19 21:39:09 [INF] [Year 2009 | Filing 59/9706 | CIK 0000725363] Starting
2026-02-19 21:39:09 [INF] CIK 0000725363 | Downloading filing HTML (cached if available)
2026-02-19 21:39:09 [INF] CIK 0000725363 | Reading HTML from C:\git\Edgar\Edgar\Data\raw\0000725363\000100487809000009\0001004878-09-000009.txt
2026-02-19 21:39:09 [INF] CIK 0000725363 | Cleaning + extracting sections
2026-02-19 21:39:09 [INF] CIK 0000725363 | Finding CCM match
2026-02-19 21:39:09 [INF] CIK 0000725363 | No CCM match -> writing uncomplete doc
2026-02-19 21:39:09 [INF] [Year 2009 | Filing 59/9706 | CIK 0000725363] Finished
2026-02-19 21:39:09 [INF] [Year 2009 | Filing 60/9706 | CIK 0000764667] Starting
2026-02-19 21:39:09 [INF] CIK 0000764667 | Downloading filing HTML (cached if available)
2026-02-19 21:39:10 [INF] CIK 0000764667 | Reading HTML from C:\git\Edgar\Edgar\Data\raw\0000764667\000114420409001823\0001144204-09-001823.txt
2026-02-19 21:39:10 [INF] CIK 0000764667 | Cleaning + extracting sections
2026-02-19 21:39:10 [INF] CIK 0000764667 | Finding CCM match
2026-02-19 21:39:10 [INF] CIK 0000764667 | No CCM match -> writing uncomplete doc
2026-02-19 21:39:10 [INF] [Year 2009 | Filing 60/9706 | CIK 0000764667] Finished
2026-02-19 21:39:10 [INF] [Year 2009 | Filing 61/9706 | CIK 0000077140] Starting
2026-02-19 21:39:10 [INF] CIK 0000077140 | Downloading filing HTML (cached if available)
2026-02-19 21:39:10 [INF] CIK 0000077140 | Reading HTML from C:\git\Edgar\Edgar\Data\raw\0000077140\000093980209000002\0000939802-09-000002.txt
2026-02-19 21:39:10 [INF] CIK 0000077140 | Cleaning + extracting sections
2026-02-19 21:39:10 [INF] CIK 0000077140 | Finding CCM match
2026-02-19 21:39:10 [INF] CIK 0000077140 | No CCM match -> writing uncomplete doc
2026-02-19 21:39:10 [INF] [Year 2009 | Filing 61/9706 | CIK 0000077140] Finished
2026-02-19 21:39:10 [INF] [Year 2009 | Filing 62/9706 | CIK 0000807863] Starting
2026-02-19 21:39:10 [INF] CIK 0000807863 | Downloading filing HTML (cached if available)
2026-02-19 21:39:11 [INF] CIK 0000807863 | Reading HTML from C:\git\Edgar\Edgar\Data\raw\0000807863\000114420409001643\0001144204-09-001643.txt
2026-02-19 21:39:11 [INF] CIK 0000807863 | Cleaning + extracting sections
2026-02-19 21:39:11 [INF] CIK 0000807863 | Finding CCM match
2026-02-19 21:39:11 [INF] CIK 0000807863 | No CCM match -> writing uncomplete doc
2026-02-19 21:39:11 [INF] [Year 2009 | Filing 62/9706 | CIK 0000807863] Finished
2026-02-19 21:39:11 [INF] [Year 2009 | Filing 63/9706 | CIK 0000810332] Starting
2026-02-19 21:39:11 [INF] CIK 0000810332 | Downloading filing HTML (cached if available)
2026-02-19 21:39:12 [INF] CIK 0000810332 | Reading HTML from C:\git\Edgar\Edgar\Data\raw\0000810332\000113626109000013\0001136261-09-000013.txt
2026-02-19 21:39:12 [INF] CIK 0000810332 | Cleaning + extracting sections
2026-02-19 21:39:12 [INF] CIK 0000810332 | Finding CCM match
2026-02-19 21:39:12 [INF] CIK 0000810332 | No CCM match -> writing uncomplete doc
2026-02-19 21:39:12 [INF] [Year 2009 | Filing 63/9706 | CIK 0000810332] Finished
2026-02-19 21:39:12 [INF] [Year 2009 | Filing 64/9706 | CIK 0000812482] Starting
2026-02-19 21:39:12 [INF] CIK 0000812482 | Downloading filing HTML (cached if available)
2026-02-19 21:39:12 [INF] CIK 0000812482 | Reading HTML from C:\git\Edgar\Edgar\Data\raw\0000812482\000119312509005415\0001193125-09-005415.txt
2026-02-19 21:39:12 [INF] CIK 0000812482 | Cleaning + extracting sections
2026-02-19 21:39:12 [INF] CIK 0000812482 | Finding CCM match
2026-02-19 21:39:12 [INF] CIK 0000812482 | No CCM match -> writing uncomplete doc
2026-02-19 21:39:12 [INF] [Year 2009 | Filing 64/9706 | CIK 0000812482] Finished
2026-02-19 21:39:12 [INF] [Year 2009 | Filing 65/9706 | CIK 0000822370] Starting
2026-02-19 21:39:12 [INF] CIK 0000822370 | Downloading filing HTML (cached if available)
2026-02-19 21:39:12 [INF] CIK 0000822370 | Reading HTML from C:\git\Edgar\Edgar\Data\raw\0000822370\000117091809000004\0001170918-09-000004.txt
2026-02-19 21:39:12 [INF] CIK 0000822370 | Cleaning + extracting sections
2026-02-19 21:39:12 [INF] CIK 0000822370 | Finding CCM match
2026-02-19 21:39:12 [INF] CIK 0000822370 | No CCM match -> writing uncomplete doc
2026-02-19 21:39:12 [INF] [Year 2009 | Filing 65/9706 | CIK 0000822370] Finished
2026-02-19 21:39:12 [INF] [Year 2009 | Filing 66/9706 | CIK 0000873185] Starting
2026-02-19 21:39:12 [INF] CIK 0000873185 | Downloading filing HTML (cached if available)
2026-02-19 21:39:13 [INF] CIK 0000873185 | Reading HTML from C:\git\Edgar\Edgar\Data\raw\0000873185\000114420409001617\0001144204-09-001617.txt
2026-02-19 21:39:13 [INF] CIK 0000873185 | Cleaning + extracting sections
2026-02-19 21:39:13 [INF] CIK 0000873185 | Finding CCM match
2026-02-19 21:39:13 [INF] CIK 0000873185 | No CCM match -> writing uncomplete doc
2026-02-19 21:39:13 [INF] [Year 2009 | Filing 66/9706 | CIK 0000873185] Finished
2026-02-19 21:39:13 [INF] [Year 2009 | Filing 67/9706 | CIK 0000930803] Starting
2026-02-19 21:39:13 [INF] CIK 0000930803 | Downloading filing HTML (cached if available)
2026-02-19 21:39:14 [INF] CIK 0000930803 | Reading HTML from C:\git\Edgar\Edgar\Data\raw\0000930803\000114420409001719\0001144204-09-001719.txt
2026-02-19 21:39:14 [INF] CIK 0000930803 | Cleaning + extracting sections
2026-02-19 21:39:14 [INF] CIK 0000930803 | Finding CCM match
2026-02-19 21:39:14 [INF] CIK 0000930803 | No CCM match -> writing uncomplete doc
2026-02-19 21:39:14 [INF] [Year 2009 | Filing 67/9706 | CIK 0000930803] Finished
2026-02-19 21:39:14 [INF] [Year 2009 | Filing 68/9706 | CIK 0000095366] Starting
2026-02-19 21:39:14 [INF] CIK 0000095366 | Downloading filing HTML (cached if available)
2026-02-19 21:39:14 [INF] CIK 0000095366 | Reading HTML from C:\git\Edgar\Edgar\Data\raw\0000095366\000095014409000217\0000950144-09-000217.txt
2026-02-19 21:39:14 [INF] CIK 0000095366 | Cleaning + extracting sections
2026-02-19 21:39:14 [INF] CIK 0000095366 | Finding CCM match
2026-02-19 21:39:14 [INF] CIK 0000095366 | No CCM match -> writing uncomplete doc
2026-02-19 21:39:14 [INF] [Year 2009 | Filing 68/9706 | CIK 0000095366] Finished
2026-02-19 21:39:14 [INF] [Year 2009 | Filing 69/9706 | CIK 0001040227] Starting
2026-02-19 21:39:14 [INF] CIK 0001040227 | Downloading filing HTML (cached if available)
2026-02-19 21:39:14 [INF] CIK 0001040227 | Reading HTML from C:\git\Edgar\Edgar\Data\raw\0001040227\000135601809000007\0001356018-09-000007.txt
2026-02-19 21:39:15 [INF] CIK 0001040227 | Cleaning + extracting sections
2026-02-19 21:39:15 [INF] CIK 0001040227 | Finding CCM match
2026-02-19 21:39:15 [INF] CIK 0001040227 | No CCM match -> writing uncomplete doc
2026-02-19 21:39:15 [INF] [Year 2009 | Filing 69/9706 | CIK 0001040227] Finished
2026-02-19 21:39:15 [INF] [Year 2009 | Filing 70/9706 | CIK 0001042053] Starting
2026-02-19 21:39:15 [INF] CIK 0001042053 | Downloading filing HTML (cached if available)
2026-02-19 21:39:15 [INF] CIK 0001042053 | Reading HTML from C:\git\Edgar\Edgar\Data\raw\0001042053\000117625609000030\0001176256-09-000030.txt
2026-02-19 21:39:15 [INF] CIK 0001042053 | Cleaning + extracting sections
2026-02-19 21:39:15 [INF] CIK 0001042053 | Finding CCM match
2026-02-19 21:39:15 [INF] CIK 0001042053 | No CCM match -> writing uncomplete doc
2026-02-19 21:39:15 [INF] [Year 2009 | Filing 70/9706 | CIK 0001042053] Finished
2026-02-19 21:39:15 [INF] [Year 2009 | Filing 71/9706 | CIK 0001127475] Starting
2026-02-19 21:39:15 [INF] CIK 0001127475 | Downloading filing HTML (cached if available)
2026-02-19 21:39:16 [INF] CIK 0001127475 | Reading HTML from C:\git\Edgar\Edgar\Data\raw\0001127475\000143774909000019\0001437749-09-000019.txt
2026-02-19 21:39:16 [INF] CIK 0001127475 | Cleaning + extracting sections
2026-02-19 21:39:16 [INF] CIK 0001127475 | Finding CCM match
2026-02-19 21:39:16 [INF] CIK 0001127475 | No CCM match -> writing uncomplete doc
2026-02-19 21:39:16 [INF] [Year 2009 | Filing 71/9706 | CIK 0001127475] Finished
2026-02-19 21:39:16 [INF] [Year 2009 | Filing 72/9706 | CIK 0001133062] Starting
2026-02-19 21:39:16 [INF] CIK 0001133062 | Downloading filing HTML (cached if available)
2026-02-19 21:39:16 [INF] CIK 0001133062 | Reading HTML from C:\git\Edgar\Edgar\Data\raw\0001133062\000114420409002010\0001144204-09-002010.txt
2026-02-19 21:39:16 [INF] CIK 0001133062 | Cleaning + extracting sections
2026-02-19 21:39:16 [INF] CIK 0001133062 | Finding CCM match
2026-02-19 21:39:16 [INF] CIK 0001133062 | No CCM match -> writing uncomplete doc
2026-02-19 21:39:16 [INF] [Year 2009 | Filing 72/9706 | CIK 0001133062] Finished
2026-02-19 21:39:16 [INF] [Year 2009 | Filing 73/9706 | CIK 0001133470] Starting
2026-02-19 21:39:16 [INF] CIK 0001133470 | Downloading filing HTML (cached if available)
2026-02-19 21:39:16 [INF] CIK 0001133470 | Reading HTML from C:\git\Edgar\Edgar\Data\raw\0001133470\000095013409000534\0000950134-09-000534.txt
2026-02-19 21:39:16 [INF] CIK 0001133470 | Cleaning + extracting sections
2026-02-19 21:39:16 [INF] CIK 0001133470 | Finding CCM match
2026-02-19 21:39:16 [INF] CIK 0001133470 | No CCM match -> writing uncomplete doc
2026-02-19 21:39:16 [INF] [Year 2009 | Filing 73/9706 | CIK 0001133470] Finished
2026-02-19 21:39:16 [INF] [Year 2009 | Filing 74/9706 | CIK 0001312073] Starting
2026-02-19 21:39:16 [INF] CIK 0001312073 | Downloading filing HTML (cached if available)
2026-02-19 21:39:17 [INF] CIK 0001312073 | Reading HTML from C:\git\Edgar\Edgar\Data\raw\0001312073\000095013409000524\0000950134-09-000524.txt
2026-02-19 21:39:17 [INF] CIK 0001312073 | Cleaning + extracting sections
2026-02-19 21:39:17 [INF] CIK 0001312073 | Finding CCM match
2026-02-19 21:39:17 [INF] CIK 0001312073 | No CCM match -> writing uncomplete doc
2026-02-19 21:39:17 [INF] [Year 2009 | Filing 74/9706 | CIK 0001312073] Finished
2026-02-19 21:39:17 [INF] [Year 2009 | Filing 75/9706 | CIK 0001341327] Starting
2026-02-19 21:39:17 [INF] CIK 0001341327 | Downloading filing HTML (cached if available)
2026-02-19 21:39:17 [INF] CIK 0001341327 | Reading HTML from C:\git\Edgar\Edgar\Data\raw\0001341327\000106299309000137\0001062993-09-000137.txt
2026-02-19 21:39:17 [INF] CIK 0001341327 | Cleaning + extracting sections
2026-02-19 21:39:17 [INF] CIK 0001341327 | Finding CCM match
2026-02-19 21:39:17 [INF] CIK 0001341327 | No CCM match -> writing uncomplete doc
2026-02-19 21:39:17 [INF] [Year 2009 | Filing 75/9706 | CIK 0001341327] Finished
2026-02-19 21:39:17 [INF] [Year 2009 | Filing 76/9706 | CIK 0001347008] Starting
2026-02-19 21:39:17 [INF] CIK 0001347008 | Downloading filing HTML (cached if available)
2026-02-19 21:39:18 [INF] CIK 0001347008 | Reading HTML from C:\git\Edgar\Edgar\Data\raw\0001347008\000114420409001936\0001144204-09-001936.txt
2026-02-19 21:39:18 [INF] CIK 0001347008 | Cleaning + extracting sections
2026-02-19 21:39:18 [INF] CIK 0001347008 | Finding CCM match
2026-02-19 21:39:18 [INF] CIK 0001347008 | No CCM match -> writing uncomplete doc
2026-02-19 21:39:18 [INF] [Year 2009 | Filing 76/9706 | CIK 0001347008] Finished
2026-02-19 21:39:18 [INF] [Year 2009 | Filing 77/9706 | CIK 0001353611] Starting
2026-02-19 21:39:18 [INF] CIK 0001353611 | Downloading filing HTML (cached if available)
2026-02-19 21:39:18 [INF] CIK 0001353611 | Reading HTML from C:\git\Edgar\Edgar\Data\raw\0001353611\000119312509006139\0001193125-09-006139.txt
2026-02-19 21:39:18 [INF] CIK 0001353611 | Cleaning + extracting sections
2026-02-19 21:39:18 [INF] CIK 0001353611 | Finding CCM match
2026-02-19 21:39:18 [INF] CIK 0001353611 | No CCM match -> writing uncomplete doc
2026-02-19 21:39:18 [INF] [Year 2009 | Filing 77/9706 | CIK 0001353611] Finished
2026-02-19 21:39:18 [INF] [Year 2009 | Filing 78/9706 | CIK 0001353612] Starting
2026-02-19 21:39:18 [INF] CIK 0001353612 | Downloading filing HTML (cached if available)
2026-02-19 21:39:19 [INF] CIK 0001353612 | Reading HTML from C:\git\Edgar\Edgar\Data\raw\0001353612\000119312509006144\0001193125-09-006144.txt
2026-02-19 21:39:19 [INF] CIK 0001353612 | Cleaning + extracting sections
2026-02-19 21:39:19 [INF] CIK 0001353612 | Finding CCM match
2026-02-19 21:39:19 [INF] CIK 0001353612 | No CCM match -> writing uncomplete doc
2026-02-19 21:39:19 [INF] [Year 2009 | Filing 78/9706 | CIK 0001353612] Finished
2026-02-19 21:39:19 [INF] [Year 2009 | Filing 79/9706 | CIK 0001353614] Starting
2026-02-19 21:39:19 [INF] CIK 0001353614 | Downloading filing HTML (cached if available)
2026-02-19 21:39:19 [INF] CIK 0001353614 | Reading HTML from C:\git\Edgar\Edgar\Data\raw\0001353614\000119312509006143\0001193125-09-006143.txt
2026-02-19 21:39:19 [INF] CIK 0001353614 | Cleaning + extracting sections
2026-02-19 21:39:19 [INF] CIK 0001353614 | Finding CCM match
2026-02-19 21:39:19 [INF] CIK 0001353614 | No CCM match -> writing uncomplete doc
2026-02-19 21:39:19 [INF] [Year 2009 | Filing 79/9706 | CIK 0001353614] Finished
2026-02-19 21:39:19 [INF] [Year 2009 | Filing 80/9706 | CIK 0001353616] Starting
2026-02-19 21:39:19 [INF] CIK 0001353616 | Downloading filing HTML (cached if available)
2026-02-19 21:39:20 [INF] CIK 0001353616 | Reading HTML from C:\git\Edgar\Edgar\Data\raw\0001353616\000119312509006133\0001193125-09-006133.txt
2026-02-19 21:39:20 [INF] CIK 0001353616 | Cleaning + extracting sections
2026-02-19 21:39:20 [INF] CIK 0001353616 | Finding CCM match
2026-02-19 21:39:20 [INF] CIK 0001353616 | No CCM match -> writing uncomplete doc
2026-02-19 21:39:20 [INF] [Year 2009 | Filing 80/9706 | CIK 0001353616] Finished
2026-02-19 21:39:20 [INF] [Year 2009 | Filing 81/9706 | CIK 0001353617] Starting
2026-02-19 21:39:20 [INF] CIK 0001353617 | Downloading filing HTML (cached if available)
2026-02-19 21:39:20 [INF] CIK 0001353617 | Reading HTML from C:\git\Edgar\Edgar\Data\raw\0001353617\000119312509006136\0001193125-09-006136.txt
2026-02-19 21:39:20 [INF] CIK 0001353617 | Cleaning + extracting sections
2026-02-19 21:39:20 [INF] CIK 0001353617 | Finding CCM match
2026-02-19 21:39:20 [INF] CIK 0001353617 | No CCM match -> writing uncomplete doc
2026-02-19 21:39:20 [INF] [Year 2009 | Filing 81/9706 | CIK 0001353617] Finished
2026-02-19 21:39:20 [INF] [Year 2009 | Filing 82/9706 | CIK 0001357694] Starting
2026-02-19 21:39:20 [INF] CIK 0001357694 | Downloading filing HTML (cached if available)
2026-02-19 21:39:21 [INF] CIK 0001357694 | Reading HTML from C:\git\Edgar\Edgar\Data\raw\0001357694\000121152409000004\0001211524-09-000004.txt
2026-02-19 21:39:21 [INF] CIK 0001357694 | Cleaning + extracting sections
2026-02-19 21:39:21 [INF] CIK 0001357694 | Finding CCM match
2026-02-19 21:39:21 [INF] CIK 0001357694 | No CCM match -> writing uncomplete doc
2026-02-19 21:39:21 [INF] [Year 2009 | Filing 82/9706 | CIK 0001357694] Finished
2026-02-19 21:39:21 [INF] [Year 2009 | Filing 83/9706 | CIK 0001417192] Starting
2026-02-19 21:39:21 [INF] CIK 0001417192 | Downloading filing HTML (cached if available)
2026-02-19 21:39:21 [INF] CIK 0001417192 | Reading HTML from C:\git\Edgar\Edgar\Data\raw\0001417192\000082357909000002\0000823579-09-000002.txt
2026-02-19 21:39:21 [INF] CIK 0001417192 | Cleaning + extracting sections
2026-02-19 21:39:21 [INF] CIK 0001417192 | Finding CCM match
2026-02-19 21:39:21 [INF] CIK 0001417192 | No CCM match -> writing uncomplete doc
2026-02-19 21:39:21 [INF] [Year 2009 | Filing 83/9706 | CIK 0001417192] Finished
2026-02-19 21:39:21 [INF] [Year 2009 | Filing 84/9706 | CIK 0000277924] Starting
2026-02-19 21:39:21 [INF] CIK 0000277924 | Downloading filing HTML (cached if available)
2026-02-19 21:39:22 [INF] CIK 0000277924 | Reading HTML from C:\git\Edgar\Edgar\Data\raw\0000277924\000110465909002218\0001104659-09-002218.txt
2026-02-19 21:39:22 [INF] CIK 0000277924 | Cleaning + extracting sections
2026-02-19 21:39:22 [INF] CIK 0000277924 | Finding CCM match
2026-02-19 21:39:22 [INF] CIK 0000277924 | No CCM match -> writing uncomplete doc
2026-02-19 21:39:22 [INF] [Year 2009 | Filing 84/9706 | CIK 0000277924] Finished
2026-02-19 21:39:22 [INF] [Year 2009 | Filing 85/9706 | CIK 0000036840] Starting
2026-02-19 21:39:22 [INF] CIK 0000036840 | Downloading filing HTML (cached if available)
2026-02-19 21:39:23 [INF] CIK 0000036840 | Reading HTML from C:\git\Edgar\Edgar\Data\raw\0000036840\000091431709000096\0000914317-09-000096.txt
2026-02-19 21:39:23 [INF] CIK 0000036840 | Cleaning + extracting sections
2026-02-19 21:39:23 [INF] CIK 0000036840 | Finding CCM match
2026-02-19 21:39:23 [INF] CIK 0000036840 | No CCM match -> writing uncomplete doc
2026-02-19 21:39:23 [INF] [Year 2009 | Filing 85/9706 | CIK 0000036840] Finished
2026-02-19 21:39:23 [INF] [Year 2009 | Filing 86/9706 | CIK 0000718789] Starting
2026-02-19 21:39:23 [INF] CIK 0000718789 | Downloading filing HTML (cached if available)
2026-02-19 21:39:24 [INF] CIK 0000718789 | Reading HTML from C:\git\Edgar\Edgar\Data\raw\0000718789\000071878909000009\0000718789-09-000009.txt
2026-02-19 21:39:24 [INF] CIK 0000718789 | Cleaning + extracting sections
2026-02-19 21:39:24 [INF] CIK 0000718789 | Finding CCM match
2026-02-19 21:39:24 [INF] CIK 0000718789 | No CCM match -> writing uncomplete doc
2026-02-19 21:39:24 [INF] [Year 2009 | Filing 86/9706 | CIK 0000718789] Finished
2026-02-19 21:39:24 [INF] [Year 2009 | Filing 87/9706 | CIK 0000720154] Starting
2026-02-19 21:39:24 [INF] CIK 0000720154 | Downloading filing HTML (cached if available)
2026-02-19 21:39:25 [INF] CIK 0000720154 | Reading HTML from C:\git\Edgar\Edgar\Data\raw\0000720154\000114420409001832\0001144204-09-001832.txt
2026-02-19 21:39:25 [INF] CIK 0000720154 | Cleaning + extracting sections
2026-02-19 21:39:25 [INF] CIK 0000720154 | Finding CCM match
2026-02-19 21:39:25 [INF] CIK 0000720154 | No CCM match -> writing uncomplete doc
2026-02-19 21:39:25 [INF] [Year 2009 | Filing 87/9706 | CIK 0000720154] Finished
2026-02-19 21:39:25 [INF] [Year 2009 | Filing 88/9706 | CIK 0000077597] Starting
2026-02-19 21:39:25 [INF] CIK 0000077597 | Downloading filing HTML (cached if available)
2026-02-19 21:39:25 [INF] CIK 0000077597 | Reading HTML from C:\git\Edgar\Edgar\Data\raw\0000077597\000095015209000259\0000950152-09-000259.txt
2026-02-19 21:39:25 [INF] CIK 0000077597 | Cleaning + extracting sections
2026-02-19 21:39:25 [INF] CIK 0000077597 | Finding CCM match
2026-02-19 21:39:25 [INF] CIK 0000077597 | No CCM match -> writing uncomplete doc
2026-02-19 21:39:25 [INF] [Year 2009 | Filing 88/9706 | CIK 0000077597] Finished
2026-02-19 21:39:25 [INF] [Year 2009 | Filing 89/9706 | CIK 0000792641] Starting
2026-02-19 21:39:25 [INF] CIK 0000792641 | Downloading filing HTML (cached if available)
2026-02-19 21:39:26 [INF] CIK 0000792641 | Reading HTML from C:\git\Edgar\Edgar\Data\raw\0000792641\000110465909002204\0001104659-09-002204.txt
2026-02-19 21:39:26 [INF] CIK 0000792641 | Cleaning + extracting sections
2026-02-19 21:39:26 [INF] CIK 0000792641 | Finding CCM match
2026-02-19 21:39:26 [INF] CIK 0000792641 | No CCM match -> writing uncomplete doc
2026-02-19 21:39:26 [INF] [Year 2009 | Filing 89/9706 | CIK 0000792641] Finished
2026-02-19 21:39:26 [INF] [Year 2009 | Filing 90/9706 | CIK 0000865917] Starting
2026-02-19 21:39:26 [INF] CIK 0000865917 | Downloading filing HTML (cached if available)
2026-02-19 21:39:26 [INF] CIK 0000865917 | Reading HTML from C:\git\Edgar\Edgar\Data\raw\0000865917\000104746909000165\0001047469-09-000165.txt
2026-02-19 21:39:26 [INF] CIK 0000865917 | Cleaning + extracting sections
2026-02-19 21:39:26 [INF] CIK 0000865917 | Finding CCM match
2026-02-19 21:39:26 [INF] CIK 0000865917 | No CCM match -> writing uncomplete doc
2026-02-19 21:39:26 [INF] [Year 2009 | Filing 90/9706 | CIK 0000865917] Finished
2026-02-19 21:39:26 [INF] [Year 2009 | Filing 91/9706 | CIK 0000886128] Starting
2026-02-19 21:39:26 [INF] CIK 0000886128 | Downloading filing HTML (cached if available)
2026-02-19 21:39:27 [INF] CIK 0000886128 | Reading HTML from C:\git\Edgar\Edgar\Data\raw\0000886128\000114420409002027\0001144204-09-002027.txt
2026-02-19 21:39:27 [INF] CIK 0000886128 | Cleaning + extracting sections
2026-02-19 21:39:27 [INF] CIK 0000886128 | Finding CCM match
2026-02-19 21:39:27 [INF] CIK 0000886128 | No CCM match -> writing uncomplete doc
2026-02-19 21:39:27 [INF] [Year 2009 | Filing 91/9706 | CIK 0000886128] Finished
2026-02-19 21:39:27 [INF] [Year 2009 | Filing 92/9706 | CIK 0000893965] Starting
2026-02-19 21:39:27 [INF] CIK 0000893965 | Downloading filing HTML (cached if available)
2026-02-19 21:39:27 [INF] CIK 0000893965 | Reading HTML from C:\git\Edgar\Edgar\Data\raw\0000893965\000114036109001240\0001140361-09-001240.txt
2026-02-19 21:39:27 [INF] CIK 0000893965 | Cleaning + extracting sections
2026-02-19 21:39:27 [INF] CIK 0000893965 | Finding CCM match
2026-02-19 21:39:27 [INF] CIK 0000893965 | No CCM match -> writing uncomplete doc
2026-02-19 21:39:27 [INF] [Year 2009 | Filing 92/9706 | CIK 0000893965] Finished
2026-02-19 21:39:27 [INF] [Year 2009 | Filing 93/9706 | CIK 0000918997] Starting
2026-02-19 21:39:27 [INF] CIK 0000918997 | Downloading filing HTML (cached if available)
2026-02-19 21:39:28 [INF] CIK 0000918997 | Reading HTML from C:\git\Edgar\Edgar\Data\raw\0000918997\000102317509000015\0001023175-09-000015.txt
2026-02-19 21:39:28 [INF] CIK 0000918997 | Cleaning + extracting sections
2026-02-19 21:39:28 [INF] CIK 0000918997 | Finding CCM match
2026-02-19 21:39:28 [INF] CIK 0000918997 | No CCM match -> writing uncomplete doc
2026-02-19 21:39:28 [INF] [Year 2009 | Filing 93/9706 | CIK 0000918997] Finished
2026-02-19 21:39:28 [INF] [Year 2009 | Filing 94/9706 | CIK 0001076744] Starting
2026-02-19 21:39:28 [INF] CIK 0001076744 | Downloading filing HTML (cached if available)
2026-02-19 21:39:28 [INF] CIK 0001076744 | Reading HTML from C:\git\Edgar\Edgar\Data\raw\0001076744\000101968709000217\0001019687-09-000217.txt
2026-02-19 21:39:28 [INF] CIK 0001076744 | Cleaning + extracting sections
2026-02-19 21:39:28 [INF] CIK 0001076744 | Finding CCM match
2026-02-19 21:39:28 [INF] CIK 0001076744 | No CCM match -> writing uncomplete doc
2026-02-19 21:39:28 [INF] [Year 2009 | Filing 94/9706 | CIK 0001076744] Finished
2026-02-19 21:39:28 [INF] [Year 2009 | Filing 95/9706 | CIK 0001080001] Starting
2026-02-19 21:39:28 [INF] CIK 0001080001 | Downloading filing HTML (cached if available)
2026-02-19 21:39:29 [INF] CIK 0001080001 | Reading HTML from C:\git\Edgar\Edgar\Data\raw\0001080001\000121152409000010\0001211524-09-000010.txt
2026-02-19 21:39:29 [INF] CIK 0001080001 | Cleaning + extracting sections
2026-02-19 21:39:29 [INF] CIK 0001080001 | Finding CCM match
2026-02-19 21:39:29 [INF] CIK 0001080001 | No CCM match -> writing uncomplete doc
2026-02-19 21:39:29 [INF] [Year 2009 | Filing 95/9706 | CIK 0001080001] Finished
2026-02-19 21:39:29 [INF] [Year 2009 | Filing 96/9706 | CIK 0001095276] Starting
2026-02-19 21:39:29 [INF] CIK 0001095276 | Downloading filing HTML (cached if available)
2026-02-19 21:39:29 [INF] CIK 0001095276 | Reading HTML from C:\git\Edgar\Edgar\Data\raw\0001095276\000110465909002583\0001104659-09-002583.txt
2026-02-19 21:39:29 [INF] CIK 0001095276 | Cleaning + extracting sections
2026-02-19 21:39:30 [INF] CIK 0001095276 | Finding CCM match
2026-02-19 21:39:30 [INF] CIK 0001095276 | No CCM match -> writing uncomplete doc
2026-02-19 21:39:30 [INF] [Year 2009 | Filing 96/9706 | CIK 0001095276] Finished
2026-02-19 21:39:30 [INF] [Year 2009 | Filing 97/9706 | CIK 0001101093] Starting
2026-02-19 21:39:30 [INF] CIK 0001101093 | Downloading filing HTML (cached if available)
2026-02-19 21:39:30 [INF] CIK 0001101093 | Reading HTML from C:\git\Edgar\Edgar\Data\raw\0001101093\000113680409000001\0001136804-09-000001.txt
2026-02-19 21:39:30 [INF] CIK 0001101093 | Cleaning + extracting sections
2026-02-19 21:39:30 [INF] CIK 0001101093 | Finding CCM match
2026-02-19 21:39:30 [INF] CIK 0001101093 | No CCM match -> writing uncomplete doc
2026-02-19 21:39:30 [INF] [Year 2009 | Filing 97/9706 | CIK 0001101093] Finished
2026-02-19 21:39:30 [INF] [Year 2009 | Filing 98/9706 | CIK 0001195584] Starting
2026-02-19 21:39:30 [INF] CIK 0001195584 | Downloading filing HTML (cached if available)
2026-02-19 21:39:31 [INF] CIK 0001195584 | Reading HTML from C:\git\Edgar\Edgar\Data\raw\0001195584\000121152409000012\0001211524-09-000012.txt
2026-02-19 21:39:31 [INF] CIK 0001195584 | Cleaning + extracting sections
2026-02-19 21:39:31 [INF] CIK 0001195584 | Finding CCM match
2026-02-19 21:39:31 [INF] CIK 0001195584 | No CCM match -> writing uncomplete doc
2026-02-19 21:39:31 [INF] [Year 2009 | Filing 98/9706 | CIK 0001195584] Finished
2026-02-19 21:39:31 [INF] [Year 2009 | Filing 99/9706 | CIK 0000748015] Starting
2026-02-19 21:39:31 [INF] CIK 0000748015 | Downloading filing HTML (cached if available)
2026-02-19 21:39:31 [INF] CIK 0000748015 | Reading HTML from C:\git\Edgar\Edgar\Data\raw\0000748015\000104746909000191\0001047469-09-000191.txt
2026-02-19 21:39:31 [INF] CIK 0000748015 | Cleaning + extracting sections
2026-02-19 21:39:31 [INF] CIK 0000748015 | Finding CCM match
2026-02-19 21:39:31 [INF] CIK 0000748015 | No CCM match -> writing uncomplete doc
2026-02-19 21:39:31 [INF] [Year 2009 | Filing 99/9706 | CIK 0000748015] Finished
2026-02-19 21:39:31 [INF] [Year 2009 | Filing 100/9706 | CIK 0001314259] Starting
2026-02-19 21:39:31 [INF] CIK 0001314259 | Downloading filing HTML (cached if available)
2026-02-19 21:39:32 [INF] CIK 0001314259 | Reading HTML from C:\git\Edgar\Edgar\Data\raw\0001314259\000112785509000021\0001127855-09-000021.txt
2026-02-19 21:39:32 [INF] CIK 0001314259 | Cleaning + extracting sections
2026-02-19 21:39:32 [INF] CIK 0001314259 | Finding CCM match
2026-02-19 21:39:32 [INF] CIK 0001314259 | No CCM match -> writing uncomplete doc
2026-02-19 21:39:32 [INF] [Year 2009 | Filing 100/9706 | CIK 0001314259] Finished
2026-02-19 21:39:32 [INF] [Year 2009 | Filing 101/9706 | CIK 0001442513] Starting
2026-02-19 21:39:32 [INF] CIK 0001442513 | Downloading filing HTML (cached if available)
2026-02-19 21:39:32 [INF] CIK 0001442513 | Reading HTML from C:\git\Edgar\Edgar\Data\raw\0001442513\000126967809000008\0001269678-09-000008.txt
2026-02-19 21:39:32 [INF] CIK 0001442513 | Cleaning + extracting sections
2026-02-19 21:39:32 [INF] CIK 0001442513 | Finding CCM match
2026-02-19 21:39:32 [INF] CIK 0001442513 | No CCM match -> writing uncomplete doc
2026-02-19 21:39:32 [INF] [Year 2009 | Filing 101/9706 | CIK 0001442513] Finished
2026-02-19 21:39:32 [INF] [Year 2009 | Filing 102/9706 | CIK 0000715446] Starting
2026-02-19 21:39:32 [INF] CIK 0000715446 | Downloading filing HTML (cached if available)
2026-02-19 21:39:32 [INF] CIK 0000715446 | Reading HTML from C:\git\Edgar\Edgar\Data\raw\0000715446\000115752309000289\0001157523-09-000289.txt
2026-02-19 21:39:32 [INF] CIK 0000715446 | Cleaning + extracting sections
2026-02-19 21:39:32 [INF] CIK 0000715446 | Finding CCM match
2026-02-19 21:39:32 [INF] CIK 0000715446 | No CCM match -> writing uncomplete doc
2026-02-19 21:39:32 [INF] [Year 2009 | Filing 102/9706 | CIK 0000715446] Finished
2026-02-19 21:39:32 [INF] [Year 2009 | Filing 103/9706 | CIK 0000783209] Starting
2026-02-19 21:39:32 [INF] CIK 0000783209 | Downloading filing HTML (cached if available)
2026-02-19 21:39:33 [INF] CIK 0000783209 | Reading HTML from C:\git\Edgar\Edgar\Data\raw\0000783209\000106299309000173\0001062993-09-000173.txt
2026-02-19 21:39:33 [INF] CIK 0000783209 | Cleaning + extracting sections
2026-02-19 21:39:33 [INF] CIK 0000783209 | Finding CCM match
2026-02-19 21:39:33 [INF] CIK 0000783209 | No CCM match -> writing uncomplete doc
2026-02-19 21:39:33 [INF] [Year 2009 | Filing 103/9706 | CIK 0000783209] Finished
2026-02-19 21:39:33 [INF] [Year 2009 | Filing 104/9706 | CIK 0000810136] Starting
2026-02-19 21:39:33 [INF] CIK 0000810136 | Downloading filing HTML (cached if available)
2026-02-19 21:39:33 [INF] CIK 0000810136 | Reading HTML from C:\git\Edgar\Edgar\Data\raw\0000810136\000081013609000008\0000810136-09-000008.txt
2026-02-19 21:39:33 [INF] CIK 0000810136 | Cleaning + extracting sections
2026-02-19 21:39:33 [INF] CIK 0000810136 | Finding CCM match
2026-02-19 21:39:33 [INF] CIK 0000810136 | No CCM match -> writing uncomplete doc
2026-02-19 21:39:33 [INF] [Year 2009 | Filing 104/9706 | CIK 0000810136] Finished
2026-02-19 21:39:33 [INF] [Year 2009 | Filing 105/9706 | CIK 0000928659] Starting
2026-02-19 21:39:33 [INF] CIK 0000928659 | Downloading filing HTML (cached if available)
2026-02-19 21:39:34 [INF] CIK 0000928659 | Reading HTML from C:\git\Edgar\Edgar\Data\raw\0000928659\000119312509007521\0001193125-09-007521.txt
2026-02-19 21:39:34 [INF] CIK 0000928659 | Cleaning + extracting sections
2026-02-19 21:39:34 [INF] CIK 0000928659 | Finding CCM match
2026-02-19 21:39:34 [INF] CIK 0000928659 | No CCM match -> writing uncomplete doc
2026-02-19 21:39:34 [INF] [Year 2009 | Filing 105/9706 | CIK 0000928659] Finished
2026-02-19 21:39:34 [INF] [Year 2009 | Filing 106/9706 | CIK 0001021226] Starting
2026-02-19 21:39:34 [INF] CIK 0001021226 | Downloading filing HTML (cached if available)
2026-02-19 21:39:35 [INF] CIK 0001021226 | Reading HTML from C:\git\Edgar\Edgar\Data\raw\0001021226\000114420409002559\0001144204-09-002559.txt
2026-02-19 21:39:35 [INF] CIK 0001021226 | Cleaning + extracting sections
2026-02-19 21:39:35 [INF] CIK 0001021226 | Finding CCM match
2026-02-19 21:39:35 [INF] CIK 0001021226 | No CCM match -> writing uncomplete doc
2026-02-19 21:39:35 [INF] [Year 2009 | Filing 106/9706 | CIK 0001021226] Finished
2026-02-19 21:39:35 [INF] [Year 2009 | Filing 107/9706 | CIK 0001121813] Starting
2026-02-19 21:39:35 [INF] CIK 0001121813 | Downloading filing HTML (cached if available)
2026-02-19 21:39:35 [INF] CIK 0001121813 | Reading HTML from C:\git\Edgar\Edgar\Data\raw\0001121813\000094344009000060\0000943440-09-000060.txt
2026-02-19 21:39:35 [INF] CIK 0001121813 | Cleaning + extracting sections
2026-02-19 21:39:35 [INF] CIK 0001121813 | Finding CCM match
2026-02-19 21:39:35 [INF] CIK 0001121813 | No CCM match -> writing uncomplete doc
2026-02-19 21:39:35 [INF] [Year 2009 | Filing 107/9706 | CIK 0001121813] Finished
2026-02-19 21:39:35 [INF] [Year 2009 | Filing 108/9706 | CIK 0001362516] Starting
2026-02-19 21:39:35 [INF] CIK 0001362516 | Downloading filing HTML (cached if available)
2026-02-19 21:39:36 [INF] CIK 0001362516 | Reading HTML from C:\git\Edgar\Edgar\Data\raw\0001362516\000109181809000025\0001091818-09-000025.txt
2026-02-19 21:39:36 [INF] CIK 0001362516 | Cleaning + extracting sections
2026-02-19 21:39:36 [INF] CIK 0001362516 | Finding CCM match
2026-02-19 21:39:36 [INF] CIK 0001362516 | No CCM match -> writing uncomplete doc
2026-02-19 21:39:36 [INF] [Year 2009 | Filing 108/9706 | CIK 0001362516] Finished
2026-02-19 21:39:36 [INF] [Year 2009 | Filing 109/9706 | CIK 0001427714] Starting
2026-02-19 21:39:36 [INF] CIK 0001427714 | Downloading filing HTML (cached if available)
2026-02-19 21:39:36 [INF] CIK 0001427714 | Reading HTML from C:\git\Edgar\Edgar\Data\raw\0001427714\000101054909000029\0001010549-09-000029.txt
2026-02-19 21:39:36 [INF] CIK 0001427714 | Cleaning + extracting sections
2026-02-19 21:39:36 [INF] CIK 0001427714 | Finding CCM match
2026-02-19 21:39:36 [INF] CIK 0001427714 | No CCM match -> writing uncomplete doc
2026-02-19 21:39:36 [INF] [Year 2009 | Filing 109/9706 | CIK 0001427714] Finished
2026-02-19 21:39:36 [INF] [Year 2009 | Filing 110/9706 | CIK 0001375686] Starting
2026-02-19 21:39:36 [INF] CIK 0001375686 | Downloading filing HTML (cached if available)
2026-02-19 21:39:37 [INF] CIK 0001375686 | Reading HTML from C:\git\Edgar\Edgar\Data\raw\0001375686\000101054909000031\0001010549-09-000031.txt
2026-02-19 21:39:37 [INF] CIK 0001375686 | Cleaning + extracting sections
2026-02-19 21:39:37 [INF] CIK 0001375686 | Finding CCM match
2026-02-19 21:39:37 [INF] CIK 0001375686 | No CCM match -> writing uncomplete doc
2026-02-19 21:39:37 [INF] [Year 2009 | Filing 110/9706 | CIK 0001375686] Finished
2026-02-19 21:39:37 [INF] [Year 2009 | Filing 111/9706 | CIK 0001415935] Starting
2026-02-19 21:39:37 [INF] CIK 0001415935 | Downloading filing HTML (cached if available)
2026-02-19 21:39:37 [INF] CIK 0001415935 | Reading HTML from C:\git\Edgar\Edgar\Data\raw\0001415935\000125529409000026\0001255294-09-000026.txt
2026-02-19 21:39:37 [INF] CIK 0001415935 | Cleaning + extracting sections
2026-02-19 21:39:37 [INF] CIK 0001415935 | Finding CCM match
2026-02-19 21:39:37 [INF] CIK 0001415935 | No CCM match -> writing uncomplete doc
2026-02-19 21:39:37 [INF] [Year 2009 | Filing 111/9706 | CIK 0001415935] Finished
2026-02-19 21:39:37 [INF] [Year 2009 | Filing 112/9706 | CIK 0000781902] Starting
2026-02-19 21:39:37 [INF] CIK 0000781902 | Downloading filing HTML (cached if available)
2026-02-19 21:39:37 [INF] CIK 0000781902 | Reading HTML from C:\git\Edgar\Edgar\Data\raw\0000781902\000107261309000116\0001072613-09-000116.txt
2026-02-19 21:39:37 [INF] CIK 0000781902 | Cleaning + extracting sections
2026-02-19 21:39:37 [INF] CIK 0000781902 | Finding CCM match
2026-02-19 21:39:38 [INF] CIK 0000781902 | No CCM match -> writing uncomplete doc
2026-02-19 21:39:38 [INF] [Year 2009 | Filing 112/9706 | CIK 0000781902] Finished
2026-02-19 21:39:38 [INF] [Year 2009 | Filing 113/9706 | CIK 0001082603] Starting
2026-02-19 21:39:38 [INF] CIK 0001082603 | Downloading filing HTML (cached if available)
2026-02-19 21:39:38 [INF] CIK 0001082603 | Reading HTML from C:\git\Edgar\Edgar\Data\raw\0001082603\000108260309000002\0001082603-09-000002.txt
2026-02-19 21:39:38 [INF] CIK 0001082603 | Cleaning + extracting sections
2026-02-19 21:39:38 [INF] CIK 0001082603 | Finding CCM match
2026-02-19 21:39:38 [INF] CIK 0001082603 | No CCM match -> writing uncomplete doc
2026-02-19 21:39:38 [INF] [Year 2009 | Filing 113/9706 | CIK 0001082603] Finished
2026-02-19 21:39:38 [INF] [Year 2009 | Filing 114/9706 | CIK 0001342916] Starting
2026-02-19 21:39:38 [INF] CIK 0001342916 | Downloading filing HTML (cached if available)
2026-02-19 21:39:38 [INF] CIK 0001342916 | Reading HTML from C:\git\Edgar\Edgar\Data\raw\0001342916\000116552709000044\0001165527-09-000044.txt
2026-02-19 21:39:38 [INF] CIK 0001342916 | Cleaning + extracting sections
2026-02-19 21:39:38 [INF] CIK 0001342916 | Finding CCM match
2026-02-19 21:39:38 [INF] CIK 0001342916 | No CCM match -> writing uncomplete doc
2026-02-19 21:39:38 [INF] [Year 2009 | Filing 114/9706 | CIK 0001342916] Finished
2026-02-19 21:39:38 [INF] [Year 2009 | Filing 115/9706 | CIK 0001375685] Starting
2026-02-19 21:39:38 [INF] CIK 0001375685 | Downloading filing HTML (cached if available)
2026-02-19 21:39:39 [INF] CIK 0001375685 | Reading HTML from C:\git\Edgar\Edgar\Data\raw\0001375685\000101054909000033\0001010549-09-000033.txt
2026-02-19 21:39:39 [INF] CIK 0001375685 | Cleaning + extracting sections
2026-02-19 21:39:39 [INF] CIK 0001375685 | Finding CCM match
2026-02-19 21:39:39 [INF] CIK 0001375685 | No CCM match -> writing uncomplete doc
2026-02-19 21:39:39 [INF] [Year 2009 | Filing 115/9706 | CIK 0001375685] Finished
2026-02-19 21:39:39 [INF] [Year 2009 | Filing 116/9706 | CIK 0000904350] Starting
2026-02-19 21:39:39 [INF] CIK 0000904350 | Downloading filing HTML (cached if available)
2026-02-19 21:39:39 [INF] CIK 0000904350 | Reading HTML from C:\git\Edgar\Edgar\Data\raw\0000904350\000090435009000004\0000904350-09-000004.txt
2026-02-19 21:39:39 [INF] CIK 0000904350 | Cleaning + extracting sections
2026-02-19 21:39:39 [INF] CIK 0000904350 | Finding CCM match
2026-02-19 21:39:39 [INF] CIK 0000904350 | No CCM match -> writing uncomplete doc
2026-02-19 21:39:39 [INF] [Year 2009 | Filing 116/9706 | CIK 0000904350] Finished
2026-02-19 21:39:39 [INF] [Year 2009 | Filing 117/9706 | CIK 0001094651] Starting
2026-02-19 21:39:39 [INF] CIK 0001094651 | Downloading filing HTML (cached if available)
2026-02-19 21:39:40 [INF] CIK 0001094651 | Reading HTML from C:\git\Edgar\Edgar\Data\raw\0001094651\000113717109000054\0001137171-09-000054.txt
2026-02-19 21:39:40 [INF] CIK 0001094651 | Cleaning + extracting sections
2026-02-19 21:39:40 [INF] CIK 0001094651 | Finding CCM match
2026-02-19 21:39:40 [INF] CIK 0001094651 | No CCM match -> writing uncomplete doc
2026-02-19 21:39:40 [INF] [Year 2009 | Filing 117/9706 | CIK 0001094651] Finished
2026-02-19 21:39:40 [INF] [Year 2009 | Filing 118/9706 | CIK 0001316360] Starting
2026-02-19 21:39:40 [INF] CIK 0001316360 | Downloading filing HTML (cached if available)
2026-02-19 21:39:40 [INF] CIK 0001316360 | Reading HTML from C:\git\Edgar\Edgar\Data\raw\0001316360\000104746909000349\0001047469-09-000349.txt
2026-02-19 21:39:40 [INF] CIK 0001316360 | Cleaning + extracting sections
2026-02-19 21:39:40 [INF] CIK 0001316360 | Finding CCM match
2026-02-19 21:39:40 [INF] CIK 0001316360 | No CCM match -> writing uncomplete doc
2026-02-19 21:39:40 [INF] [Year 2009 | Filing 118/9706 | CIK 0001316360] Finished
2026-02-19 21:39:40 [INF] [Year 2009 | Filing 119/9706 | CIK 0001405646] Starting
2026-02-19 21:39:40 [INF] CIK 0001405646 | Downloading filing HTML (cached if available)
2026-02-19 21:39:41 [INF] CIK 0001405646 | Reading HTML from C:\git\Edgar\Edgar\Data\raw\0001405646\000101054909000041\0001010549-09-000041.txt
2026-02-19 21:39:41 [INF] CIK 0001405646 | Cleaning + extracting sections
2026-02-19 21:39:41 [INF] CIK 0001405646 | Finding CCM match
2026-02-19 21:39:41 [INF] CIK 0001405646 | No CCM match -> writing uncomplete doc
2026-02-19 21:39:41 [INF] [Year 2009 | Filing 119/9706 | CIK 0001405646] Finished
2026-02-19 21:39:41 [INF] [Year 2009 | Filing 120/9706 | CIK 0000019149] Starting
2026-02-19 21:39:41 [INF] CIK 0000019149 | Downloading filing HTML (cached if available)
2026-02-19 21:39:41 [INF] CIK 0000019149 | Reading HTML from C:\git\Edgar\Edgar\Data\raw\0000019149\000001914909000003\0000019149-09-000003.txt
2026-02-19 21:39:41 [INF] CIK 0000019149 | Cleaning + extracting sections
2026-02-19 21:39:41 [INF] CIK 0000019149 | Finding CCM match
2026-02-19 21:39:41 [INF] CIK 0000019149 | No CCM match -> writing uncomplete doc
2026-02-19 21:39:41 [INF] [Year 2009 | Filing 120/9706 | CIK 0000019149] Finished
2026-02-19 21:39:41 [INF] [Year 2009 | Filing 121/9706 | CIK 0000020740] Starting
2026-02-19 21:39:41 [INF] CIK 0000020740 | Downloading filing HTML (cached if available)
2026-02-19 21:39:42 [INF] CIK 0000020740 | Reading HTML from C:\git\Edgar\Edgar\Data\raw\0000020740\000095013709000448\0000950137-09-000448.txt
2026-02-19 21:39:42 [INF] CIK 0000020740 | Cleaning + extracting sections
2026-02-19 21:39:42 [INF] CIK 0000020740 | Finding CCM match
2026-02-19 21:39:42 [INF] CIK 0000020740 | No CCM match -> writing uncomplete doc
2026-02-19 21:39:42 [INF] [Year 2009 | Filing 121/9706 | CIK 0000020740] Finished
2026-02-19 21:39:42 [INF] [Year 2009 | Filing 122/9706 | CIK 0000742550] Starting
2026-02-19 21:39:42 [INF] CIK 0000742550 | Downloading filing HTML (cached if available)
2026-02-19 21:39:43 [INF] CIK 0000742550 | Reading HTML from C:\git\Edgar\Edgar\Data\raw\0000742550\000110465909003899\0001104659-09-003899.txt
2026-02-19 21:39:43 [INF] CIK 0000742550 | Cleaning + extracting sections
2026-02-19 21:39:43 [INF] CIK 0000742550 | Finding CCM match
2026-02-19 21:39:43 [INF] CIK 0000742550 | No CCM match -> writing uncomplete doc
2026-02-19 21:39:43 [INF] [Year 2009 | Filing 122/9706 | CIK 0000742550] Finished
2026-02-19 21:39:43 [INF] [Year 2009 | Filing 123/9706 | CIK 0000796343] Starting
2026-02-19 21:39:43 [INF] CIK 0000796343 | Downloading filing HTML (cached if available)
2026-02-19 21:39:43 [INF] CIK 0000796343 | Reading HTML from C:\git\Edgar\Edgar\Data\raw\0000796343\000079634309000007\0000796343-09-000007.txt
2026-02-19 21:39:43 [INF] CIK 0000796343 | Cleaning + extracting sections
2026-02-19 21:39:43 [INF] CIK 0000796343 | Finding CCM match
2026-02-19 21:39:43 [INF] CIK 0000796343 | No CCM match -> writing uncomplete doc
2026-02-19 21:39:43 [INF] [Year 2009 | Filing 123/9706 | CIK 0000796343] Finished
2026-02-19 21:39:43 [INF] [Year 2009 | Filing 124/9706 | CIK 0001057695] Starting
2026-02-19 21:39:43 [INF] CIK 0001057695 | Downloading filing HTML (cached if available)
2026-02-19 21:39:44 [INF] CIK 0001057695 | Reading HTML from C:\git\Edgar\Edgar\Data\raw\0001057695\000120677409000079\0001206774-09-000079.txt
2026-02-19 21:39:44 [INF] CIK 0001057695 | Cleaning + extracting sections
2026-02-19 21:39:44 [INF] CIK 0001057695 | Finding CCM match
2026-02-19 21:39:44 [INF] CIK 0001057695 | No CCM match -> writing uncomplete doc
2026-02-19 21:39:44 [INF] [Year 2009 | Filing 124/9706 | CIK 0001057695] Finished
2026-02-19 21:39:44 [INF] [Year 2009 | Filing 125/9706 | CIK 0001279363] Starting
2026-02-19 21:39:44 [INF] CIK 0001279363 | Downloading filing HTML (cached if available)
2026-02-19 21:39:45 [INF] CIK 0001279363 | Reading HTML from C:\git\Edgar\Edgar\Data\raw\0001279363\000110465909003936\0001104659-09-003936.txt
2026-02-19 21:39:45 [INF] CIK 0001279363 | Cleaning + extracting sections
2026-02-19 21:39:45 [INF] CIK 0001279363 | Finding CCM match
2026-02-19 21:39:45 [INF] CIK 0001279363 | No CCM match -> writing uncomplete doc
2026-02-19 21:39:45 [INF] [Year 2009 | Filing 125/9706 | CIK 0001279363] Finished
2026-02-19 21:39:45 [INF] [Year 2009 | Filing 126/9706 | CIK 0001345432] Starting
2026-02-19 21:39:45 [INF] CIK 0001345432 | Downloading filing HTML (cached if available)
2026-02-19 21:39:45 [INF] CIK 0001345432 | Reading HTML from C:\git\Edgar\Edgar\Data\raw\0001345432\000114420409003446\0001144204-09-003446.txt
2026-02-19 21:39:45 [INF] CIK 0001345432 | Cleaning + extracting sections
2026-02-19 21:39:46 [INF] CIK 0001345432 | Finding CCM match
2026-02-19 21:39:46 [INF] CIK 0001345432 | No CCM match -> writing uncomplete doc
2026-02-19 21:39:46 [INF] [Year 2009 | Filing 126/9706 | CIK 0001345432] Finished
2026-02-19 21:39:46 [INF] [Year 2009 | Filing 127/9706 | CIK 0001412090] Starting
2026-02-19 21:39:46 [INF] CIK 0001412090 | Downloading filing HTML (cached if available)
2026-02-19 21:39:46 [INF] CIK 0001412090 | Reading HTML from C:\git\Edgar\Edgar\Data\raw\0001412090\000101054909000045\0001010549-09-000045.txt
2026-02-19 21:39:46 [INF] CIK 0001412090 | Cleaning + extracting sections
2026-02-19 21:39:46 [INF] CIK 0001412090 | Finding CCM match
2026-02-19 21:39:46 [INF] CIK 0001412090 | No CCM match -> writing uncomplete doc
2026-02-19 21:39:46 [INF] [Year 2009 | Filing 127/9706 | CIK 0001412090] Finished
2026-02-19 21:39:46 [INF] [Year 2009 | Filing 128/9706 | CIK 0001415936] Starting
2026-02-19 21:39:46 [INF] CIK 0001415936 | Downloading filing HTML (cached if available)
2026-02-19 21:39:46 [INF] CIK 0001415936 | Reading HTML from C:\git\Edgar\Edgar\Data\raw\0001415936\000001315609000014\0000013156-09-000014.txt
2026-02-19 21:39:46 [INF] CIK 0001415936 | Cleaning + extracting sections
2026-02-19 21:39:46 [INF] CIK 0001415936 | Finding CCM match
2026-02-19 21:39:46 [INF] CIK 0001415936 | No CCM match -> writing uncomplete doc
2026-02-19 21:39:46 [INF] [Year 2009 | Filing 128/9706 | CIK 0001415936] Finished
2026-02-19 21:39:46 [INF] [Year 2009 | Filing 129/9706 | CIK 0001419177] Starting
2026-02-19 21:39:46 [INF] CIK 0001419177 | Downloading filing HTML (cached if available)
2026-02-19 21:39:47 [INF] CIK 0001419177 | Reading HTML from C:\git\Edgar\Edgar\Data\raw\0001419177\000141917709000005\0001419177-09-000005.txt
2026-02-19 21:39:47 [INF] CIK 0001419177 | Cleaning + extracting sections
2026-02-19 21:39:47 [INF] CIK 0001419177 | Finding CCM match
2026-02-19 21:39:47 [INF] CIK 0001419177 | No CCM match -> writing uncomplete doc
2026-02-19 21:39:47 [INF] [Year 2009 | Filing 129/9706 | CIK 0001419177] Finished
2026-02-19 21:39:47 [INF] [Year 2009 | Filing 130/9706 | CIK 0001419995] Starting
2026-02-19 21:39:47 [INF] CIK 0001419995 | Downloading filing HTML (cached if available)
2026-02-19 21:39:47 [INF] CIK 0001419995 | Reading HTML from C:\git\Edgar\Edgar\Data\raw\0001419995\000107997409000035\0001079974-09-000035.txt
2026-02-19 21:39:47 [INF] CIK 0001419995 | Cleaning + extracting sections
2026-02-19 21:39:47 [INF] CIK 0001419995 | Finding CCM match
2026-02-19 21:39:47 [INF] CIK 0001419995 | No CCM match -> writing uncomplete doc
2026-02-19 21:39:47 [INF] [Year 2009 | Filing 130/9706 | CIK 0001419995] Finished
2026-02-19 21:39:47 [INF] [Year 2009 | Filing 131/9706 | CIK 0001422222] Starting
2026-02-19 21:39:47 [INF] CIK 0001422222 | Downloading filing HTML (cached if available)
2026-02-19 21:39:48 [INF] CIK 0001422222 | Reading HTML from C:\git\Edgar\Edgar\Data\raw\0001422222\000114420409003409\0001144204-09-003409.txt
2026-02-19 21:39:48 [INF] CIK 0001422222 | Cleaning + extracting sections
2026-02-19 21:39:48 [INF] CIK 0001422222 | Finding CCM match
2026-02-19 21:39:48 [INF] CIK 0001422222 | No CCM match -> writing uncomplete doc
2026-02-19 21:39:48 [INF] [Year 2009 | Filing 131/9706 | CIK 0001422222] Finished
2026-02-19 21:39:48 [INF] [Year 2009 | Filing 132/9706 | CIK 0001431934] Starting
2026-02-19 21:39:48 [INF] CIK 0001431934 | Downloading filing HTML (cached if available)
2026-02-19 21:39:48 [INF] CIK 0001431934 | Reading HTML from C:\git\Edgar\Edgar\Data\raw\0001431934\000114420409003433\0001144204-09-003433.txt
2026-02-19 21:39:48 [INF] CIK 0001431934 | Cleaning + extracting sections
2026-02-19 21:39:48 [INF] CIK 0001431934 | Finding CCM match
2026-02-19 21:39:48 [INF] CIK 0001431934 | No CCM match -> writing uncomplete doc
2026-02-19 21:39:48 [INF] [Year 2009 | Filing 132/9706 | CIK 0001431934] Finished
2026-02-19 21:39:48 [INF] [Year 2009 | Filing 133/9706 | CIK 0000815093] Starting
2026-02-19 21:39:48 [INF] CIK 0000815093 | Downloading filing HTML (cached if available)
2026-02-19 21:39:49 [INF] CIK 0000815093 | Reading HTML from C:\git\Edgar\Edgar\Data\raw\0000815093\000089710109000139\0000897101-09-000139.txt
2026-02-19 21:39:49 [INF] CIK 0000815093 | Cleaning + extracting sections
2026-02-19 21:39:49 [INF] CIK 0000815093 | Finding CCM match
2026-02-19 21:39:49 [INF] CIK 0000815093 | No CCM match -> writing uncomplete doc
2026-02-19 21:39:49 [INF] [Year 2009 | Filing 133/9706 | CIK 0000815093] Finished
2026-02-19 21:39:49 [INF] [Year 2009 | Filing 134/9706 | CIK 0001177394] Starting
2026-02-19 21:39:49 [INF] CIK 0001177394 | Downloading filing HTML (cached if available)
2026-02-19 21:39:49 [INF] CIK 0001177394 | Reading HTML from C:\git\Edgar\Edgar\Data\raw\0001177394\000119312509011519\0001193125-09-011519.txt
2026-02-19 21:39:50 [INF] CIK 0001177394 | Cleaning + extracting sections
2026-02-19 21:39:50 [INF] CIK 0001177394 | Finding CCM match
2026-02-19 21:39:50 [INF] CIK 0001177394 | No CCM match -> writing uncomplete doc
2026-02-19 21:39:50 [INF] [Year 2009 | Filing 134/9706 | CIK 0001177394] Finished
2026-02-19 21:39:50 [INF] [Year 2009 | Filing 135/9706 | CIK 0001181749] Starting
2026-02-19 21:39:50 [INF] CIK 0001181749 | Downloading filing HTML (cached if available)
2026-02-19 21:39:50 [INF] CIK 0001181749 | Reading HTML from C:\git\Edgar\Edgar\Data\raw\0001181749\000136231009000730\0001362310-09-000730.txt
2026-02-19 21:39:50 [INF] CIK 0001181749 | Cleaning + extracting sections
2026-02-19 21:39:50 [INF] CIK 0001181749 | Finding CCM match
2026-02-19 21:39:50 [INF] CIK 0001181749 | No CCM match -> writing uncomplete doc
2026-02-19 21:39:50 [INF] [Year 2009 | Filing 135/9706 | CIK 0001181749] Finished
2026-02-19 21:39:50 [INF] [Year 2009 | Filing 136/9706 | CIK 0001348362] Starting
2026-02-19 21:39:50 [INF] CIK 0001348362 | Downloading filing HTML (cached if available)
2026-02-19 21:39:50 [INF] CIK 0001348362 | Reading HTML from C:\git\Edgar\Edgar\Data\raw\0001348362\000113717109000057\0001137171-09-000057.txt
2026-02-19 21:39:50 [INF] CIK 0001348362 | Cleaning + extracting sections
2026-02-19 21:39:50 [INF] CIK 0001348362 | Finding CCM match
2026-02-19 21:39:50 [INF] CIK 0001348362 | No CCM match -> writing uncomplete doc
2026-02-19 21:39:50 [INF] [Year 2009 | Filing 136/9706 | CIK 0001348362] Finished
2026-02-19 21:39:50 [INF] [Year 2009 | Filing 137/9706 | CIK 0001353489] Starting
2026-02-19 21:39:50 [INF] CIK 0001353489 | Downloading filing HTML (cached if available)
2026-02-19 21:39:51 [INF] CIK 0001353489 | Reading HTML from C:\git\Edgar\Edgar\Data\raw\0001353489\000121390009000163\0001213900-09-000163.txt
2026-02-19 21:39:51 [INF] CIK 0001353489 | Cleaning + extracting sections
2026-02-19 21:39:51 [INF] CIK 0001353489 | Finding CCM match
2026-02-19 21:39:51 [INF] CIK 0001353489 | No CCM match -> writing uncomplete doc
2026-02-19 21:39:51 [INF] [Year 2009 | Filing 137/9706 | CIK 0001353489] Finished
2026-02-19 21:39:51 [INF] [Year 2009 | Filing 138/9706 | CIK 0001363343] Starting
2026-02-19 21:39:51 [INF] CIK 0001363343 | Downloading filing HTML (cached if available)
2026-02-19 21:39:51 [INF] CIK 0001363343 | Reading HTML from C:\git\Edgar\Edgar\Data\raw\0001363343\000101054909000047\0001010549-09-000047.txt
2026-02-19 21:39:51 [INF] CIK 0001363343 | Cleaning + extracting sections
2026-02-19 21:39:51 [INF] CIK 0001363343 | Finding CCM match
2026-02-19 21:39:51 [INF] CIK 0001363343 | No CCM match -> writing uncomplete doc
2026-02-19 21:39:51 [INF] [Year 2009 | Filing 138/9706 | CIK 0001363343] Finished
2026-02-19 21:39:51 [INF] [Year 2009 | Filing 139/9706 | CIK 0001397951] Starting
2026-02-19 21:39:51 [INF] CIK 0001397951 | Downloading filing HTML (cached if available)
2026-02-19 21:39:52 [INF] CIK 0001397951 | Reading HTML from C:\git\Edgar\Edgar\Data\raw\0001397951\000106299309000300\0001062993-09-000300.txt
2026-02-19 21:39:52 [INF] CIK 0001397951 | Cleaning + extracting sections
2026-02-19 21:39:52 [INF] CIK 0001397951 | Finding CCM match
2026-02-19 21:39:52 [INF] CIK 0001397951 | No CCM match -> writing uncomplete doc
2026-02-19 21:39:52 [INF] [Year 2009 | Filing 139/9706 | CIK 0001397951] Finished
2026-02-19 21:39:52 [INF] [Year 2009 | Filing 140/9706 | CIK 0001421323] Starting
2026-02-19 21:39:52 [INF] CIK 0001421323 | Downloading filing HTML (cached if available)
2026-02-19 21:39:52 [INF] CIK 0001421323 | Reading HTML from C:\git\Edgar\Edgar\Data\raw\0001421323\000107878209000074\0001078782-09-000074.txt
2026-02-19 21:39:52 [INF] CIK 0001421323 | Cleaning + extracting sections
2026-02-19 21:39:52 [INF] CIK 0001421323 | Finding CCM match
2026-02-19 21:39:52 [INF] CIK 0001421323 | No CCM match -> writing uncomplete doc
2026-02-19 21:39:52 [INF] [Year 2009 | Filing 140/9706 | CIK 0001421323] Finished
2026-02-19 21:39:52 [INF] [Year 2009 | Filing 141/9706 | CIK 0000785787] Starting
2026-02-19 21:39:52 [INF] CIK 0000785787 | Downloading filing HTML (cached if available)
2026-02-19 21:39:53 [INF] CIK 0000785787 | Reading HTML from C:\git\Edgar\Edgar\Data\raw\0000785787\000104746909000421\0001047469-09-000421.txt
2026-02-19 21:39:53 [INF] CIK 0000785787 | Cleaning + extracting sections
2026-02-19 21:39:53 [INF] CIK 0000785787 | Finding CCM match
2026-02-19 21:39:53 [INF] CIK 0000785787 | No CCM match -> writing uncomplete doc
2026-02-19 21:39:53 [INF] [Year 2009 | Filing 141/9706 | CIK 0000785787] Finished
2026-02-19 21:39:53 [INF] [Year 2009 | Filing 142/9706 | CIK 0000886982] Starting
2026-02-19 21:39:53 [INF] CIK 0000886982 | Downloading filing HTML (cached if available)
2026-02-19 21:39:53 [INF] CIK 0000886982 | Reading HTML from C:\git\Edgar\Edgar\Data\raw\0000886982\000095012309001278\0000950123-09-001278.txt
2026-02-19 21:39:53 [INF] CIK 0000886982 | Cleaning + extracting sections
2026-02-19 21:39:53 [INF] CIK 0000886982 | Finding CCM match
2026-02-19 21:39:53 [INF] CIK 0000886982 | No CCM match -> writing uncomplete doc
2026-02-19 21:39:53 [INF] [Year 2009 | Filing 142/9706 | CIK 0000886982] Finished
2026-02-19 21:39:53 [INF] [Year 2009 | Filing 143/9706 | CIK 0000920760] Starting
2026-02-19 21:39:53 [INF] CIK 0000920760 | Downloading filing HTML (cached if available)
2026-02-19 21:39:54 [INF] CIK 0000920760 | Reading HTML from C:\git\Edgar\Edgar\Data\raw\0000920760\000119312509011559\0001193125-09-011559.txt
2026-02-19 21:39:54 [INF] CIK 0000920760 | Cleaning + extracting sections
2026-02-19 21:39:54 [INF] CIK 0000920760 | Finding CCM match
2026-02-19 21:39:54 [INF] CIK 0000920760 | No CCM match -> writing uncomplete doc
2026-02-19 21:39:54 [INF] [Year 2009 | Filing 143/9706 | CIK 0000920760] Finished
2026-02-19 21:39:54 [INF] [Year 2009 | Filing 144/9706 | CIK 0000101821] Starting
2026-02-19 21:39:54 [INF] CIK 0000101821 | Downloading filing HTML (cached if available)
2026-02-19 21:39:54 [INF] CIK 0000101821 | Reading HTML from C:\git\Edgar\Edgar\Data\raw\0000101821\000116923209000463\0001169232-09-000463.txt
2026-02-19 21:39:54 [INF] CIK 0000101821 | Cleaning + extracting sections
2026-02-19 21:39:54 [INF] CIK 0000101821 | Finding CCM match
2026-02-19 21:39:54 [INF] CIK 0000101821 | No CCM match -> writing uncomplete doc
2026-02-19 21:39:54 [INF] [Year 2009 | Filing 144/9706 | CIK 0000101821] Finished
2026-02-19 21:39:54 [INF] [Year 2009 | Filing 145/9706 | CIK 0001085280] Starting
2026-02-19 21:39:54 [INF] CIK 0001085280 | Downloading filing HTML (cached if available)
2026-02-19 21:39:55 [INF] CIK 0001085280 | Reading HTML from C:\git\Edgar\Edgar\Data\raw\0001085280\000119312509012267\0001193125-09-012267.txt
2026-02-19 21:39:55 [INF] CIK 0001085280 | Cleaning + extracting sections
2026-02-19 21:39:55 [INF] CIK 0001085280 | Finding CCM match
2026-02-19 21:39:55 [INF] CIK 0001085280 | No CCM match -> writing uncomplete doc
2026-02-19 21:39:55 [INF] [Year 2009 | Filing 145/9706 | CIK 0001085280] Finished
2026-02-19 21:39:55 [INF] [Year 2009 | Filing 146/9706 | CIK 0001137469] Starting
2026-02-19 21:39:55 [INF] CIK 0001137469 | Downloading filing HTML (cached if available)
2026-02-19 21:39:56 [INF] CIK 0001137469 | Reading HTML from C:\git\Edgar\Edgar\Data\raw\0001137469\000110465909004647\0001104659-09-004647.txt
2026-02-19 21:39:56 [INF] CIK 0001137469 | Cleaning + extracting sections
2026-02-19 21:39:56 [INF] CIK 0001137469 | Finding CCM match
2026-02-19 21:39:56 [INF] CIK 0001137469 | No CCM match -> writing uncomplete doc
2026-02-19 21:39:56 [INF] [Year 2009 | Filing 146/9706 | CIK 0001137469] Finished
2026-02-19 21:39:56 [INF] [Year 2009 | Filing 147/9706 | CIK 0001285014] Starting
2026-02-19 21:39:56 [INF] CIK 0001285014 | Downloading filing HTML (cached if available)
2026-02-19 21:39:56 [INF] CIK 0001285014 | Reading HTML from C:\git\Edgar\Edgar\Data\raw\0001285014\000128501409000002\0001285014-09-000002.txt
2026-02-19 21:39:56 [INF] CIK 0001285014 | Cleaning + extracting sections
2026-02-19 21:39:56 [INF] CIK 0001285014 | Finding CCM match
2026-02-19 21:39:56 [INF] CIK 0001285014 | No CCM match -> writing uncomplete doc
2026-02-19 21:39:56 [INF] [Year 2009 | Filing 147/9706 | CIK 0001285014] Finished
2026-02-19 21:39:56 [INF] [Year 2009 | Filing 148/9706 | CIK 0001287082] Starting
2026-02-19 21:39:56 [INF] CIK 0001287082 | Downloading filing HTML (cached if available)
2026-02-19 21:39:56 [INF] CIK 0001287082 | Reading HTML from C:\git\Edgar\Edgar\Data\raw\0001287082\000128708209000003\0001287082-09-000003.txt
2026-02-19 21:39:56 [INF] CIK 0001287082 | Cleaning + extracting sections
2026-02-19 21:39:56 [INF] CIK 0001287082 | Finding CCM match
2026-02-19 21:39:56 [INF] CIK 0001287082 | No CCM match -> writing uncomplete doc
2026-02-19 21:39:56 [INF] [Year 2009 | Filing 148/9706 | CIK 0001287082] Finished
2026-02-19 21:39:56 [INF] [Year 2009 | Filing 149/9706 | CIK 0001308733] Starting
2026-02-19 21:39:56 [INF] CIK 0001308733 | Downloading filing HTML (cached if available)
2026-02-19 21:39:57 [INF] CIK 0001308733 | Reading HTML from C:\git\Edgar\Edgar\Data\raw\0001308733\000130873309000002\0001308733-09-000002.txt
2026-02-19 21:39:57 [INF] CIK 0001308733 | Cleaning + extracting sections
2026-02-19 21:39:57 [INF] CIK 0001308733 | Finding CCM match
2026-02-19 21:39:57 [INF] CIK 0001308733 | No CCM match -> writing uncomplete doc
2026-02-19 21:39:57 [INF] [Year 2009 | Filing 149/9706 | CIK 0001308733] Finished
2026-02-19 21:39:57 [INF] [Year 2009 | Filing 150/9706 | CIK 0001332760] Starting
2026-02-19 21:39:57 [INF] CIK 0001332760 | Downloading filing HTML (cached if available)
2026-02-19 21:39:57 [INF] CIK 0001332760 | Reading HTML from C:\git\Edgar\Edgar\Data\raw\0001332760\000133276009000002\0001332760-09-000002.txt
2026-02-19 21:39:57 [INF] CIK 0001332760 | Cleaning + extracting sections
2026-02-19 21:39:57 [INF] CIK 0001332760 | Finding CCM match
2026-02-19 21:39:57 [INF] CIK 0001332760 | No CCM match -> writing uncomplete doc
2026-02-19 21:39:57 [INF] [Year 2009 | Filing 150/9706 | CIK 0001332760] Finished
2026-02-19 21:39:57 [INF] [Year 2009 | Filing 151/9706 | CIK 0001387620] Starting
2026-02-19 21:39:57 [INF] CIK 0001387620 | Downloading filing HTML (cached if available)
2026-02-19 21:39:58 [INF] CIK 0001387620 | Reading HTML from C:\git\Edgar\Edgar\Data\raw\0001387620\000135448809000086\0001354488-09-000086.txt
2026-02-19 21:39:58 [INF] CIK 0001387620 | Cleaning + extracting sections
2026-02-19 21:39:58 [INF] CIK 0001387620 | Finding CCM match
2026-02-19 21:39:58 [INF] CIK 0001387620 | No CCM match -> writing uncomplete doc
2026-02-19 21:39:58 [INF] [Year 2009 | Filing 151/9706 | CIK 0001387620] Finished
2026-02-19 21:39:58 [INF] [Year 2009 | Filing 152/9706 | CIK 0001393612] Starting
2026-02-19 21:39:58 [INF] CIK 0001393612 | Downloading filing HTML (cached if available)
2026-02-19 21:39:58 [INF] CIK 0001393612 | Reading HTML from C:\git\Edgar\Edgar\Data\raw\0001393612\000119312509013205\0001193125-09-013205.txt
2026-02-19 21:39:58 [INF] CIK 0001393612 | Cleaning + extracting sections
2026-02-19 21:39:58 [INF] CIK 0001393612 | Finding CCM match
2026-02-19 21:39:58 [INF] CIK 0001393612 | No CCM match -> writing uncomplete doc
2026-02-19 21:39:58 [INF] [Year 2009 | Filing 152/9706 | CIK 0001393612] Finished
2026-02-19 21:39:58 [INF] [Year 2009 | Filing 153/9706 | CIK 0001394638] Starting
2026-02-19 21:39:58 [INF] CIK 0001394638 | Downloading filing HTML (cached if available)
2026-02-19 21:39:59 [INF] CIK 0001394638 | Reading HTML from C:\git\Edgar\Edgar\Data\raw\0001394638\000101103409000014\0001011034-09-000014.txt
2026-02-19 21:39:59 [INF] CIK 0001394638 | Cleaning + extracting sections
2026-02-19 21:39:59 [INF] CIK 0001394638 | Finding CCM match
2026-02-19 21:39:59 [INF] CIK 0001394638 | No CCM match -> writing uncomplete doc
2026-02-19 21:39:59 [INF] [Year 2009 | Filing 153/9706 | CIK 0001394638] Finished
2026-02-19 21:39:59 [INF] [Year 2009 | Filing 154/9706 | CIK 0001413507] Starting
2026-02-19 21:39:59 [INF] CIK 0001413507 | Downloading filing HTML (cached if available)
2026-02-19 21:39:59 [INF] CIK 0001413507 | Reading HTML from C:\git\Edgar\Edgar\Data\raw\0001413507\000100487809000026\0001004878-09-000026.txt
2026-02-19 21:39:59 [INF] CIK 0001413507 | Cleaning + extracting sections
2026-02-19 21:39:59 [INF] CIK 0001413507 | Finding CCM match
2026-02-19 21:39:59 [INF] CIK 0001413507 | No CCM match -> writing uncomplete doc
2026-02-19 21:39:59 [INF] [Year 2009 | Filing 154/9706 | CIK 0001413507] Finished
2026-02-19 21:39:59 [INF] [Year 2009 | Filing 155/9706 | CIK 0000014177] Starting
2026-02-19 21:39:59 [INF] CIK 0000014177 | Downloading filing HTML (cached if available)
2026-02-19 21:40:00 [INF] CIK 0000014177 | Reading HTML from C:\git\Edgar\Edgar\Data\raw\0000014177\000120677409000106\0001206774-09-000106.txt
2026-02-19 21:40:00 [INF] CIK 0000014177 | Cleaning + extracting sections
2026-02-19 21:40:00 [INF] CIK 0000014177 | Finding CCM match
2026-02-19 21:40:00 [INF] CIK 0000014177 | No CCM match -> writing uncomplete doc
2026-02-19 21:40:00 [INF] [Year 2009 | Filing 155/9706 | CIK 0000014177] Finished
2026-02-19 21:40:00 [INF] [Year 2009 | Filing 156/9706 | CIK 0001418730] Starting
2026-02-19 21:40:00 [INF] CIK 0001418730 | Downloading filing HTML (cached if available)
