2026-03-04 11:12:24 [INF] ----- LOADING CRSP, CCM & BOOKTOMARKET INTO MEMORY -----
2026-03-04 11:14:33 [INF] ----- FINISHED IN 128.5s -----
2026-03-04 11:14:33 [INF] ----- EDGAR PROCESS YEAR 2009 -----
2026-03-04 11:14:36 [INF] Found 9706 filings for 2009 in Edgar database
2026-03-04 11:14:36 [INF] CIK 0001415813 | Filing 1/9706 for Year 2009 | Starting
2026-03-04 11:14:36 [INF] CIK 0001415813 | Missing permno mapping in CCM for Company ASIARIM CORP (0001415813).
2026-03-04 11:14:36 [INF] CIK 0001415813 | Missing Book-to-Market data for Company ASIARIM CORP (0001415813) in 2009.
2026-03-04 11:14:36 [INF] CIK 0001415813 | Skipping filing due to missing required data (CCM/CRSP/BTM).
2026-03-04 11:14:36 [INF] CIK 0000788329 | Filing 2/9706 for Year 2009 | Starting
2026-03-04 11:14:36 [INF] CIK 0000788329 | Downloading filing HTML (cached if available)
2026-03-04 11:14:36 [INF] CIK 0000788329 | Reading HTML from C:\git\Edgar\Edgar\Data\raw\2009\0000788329\000104216709000004\0001042167-09-000004.txt
2026-03-04 11:14:36 [INF] CIK 0000788329 | Cleaning + extracting sections
2026-03-04 11:14:37 [INF] CIK 0000788329 | Filing 2/9706 for Year 2009 | Finished
2026-03-04 11:14:37 [INF] CIK 0001356371 | Filing 3/9706 for Year 2009 | Starting
2026-03-04 11:14:37 [INF] CIK 0001356371 | Missing permno mapping in CCM for Company Nugget Resources Inc. (0001356371).
2026-03-04 11:14:37 [INF] CIK 0001356371 | Missing Book-to-Market data for Company Nugget Resources Inc. (0001356371) in 2009.
2026-03-04 11:14:37 [INF] CIK 0001356371 | Skipping filing due to missing required data (CCM/CRSP/BTM).
2026-03-04 11:14:37 [INF] CIK 0001412659 | Filing 4/9706 for Year 2009 | Starting
2026-03-04 11:14:37 [INF] CIK 0001412659 | Missing permno mapping in CCM for Company Windstar Inc. (0001412659).
2026-03-04 11:14:37 [INF] CIK 0001412659 | Missing Book-to-Market data for Company Windstar Inc. (0001412659) in 2009.
2026-03-04 11:14:37 [INF] CIK 0001412659 | Skipping filing due to missing required data (CCM/CRSP/BTM).
2026-03-04 11:14:37 [INF] CIK 0000780127 | Filing 5/9706 for Year 2009 | Starting
2026-03-04 11:14:37 [INF] CIK 0000780127 | Downloading filing HTML (cached if available)
2026-03-04 11:14:37 [INF] CIK 0000780127 | Reading HTML from C:\git\Edgar\Edgar\Data\raw\2009\0000780127\000095013709000095\0000950137-09-000095.txt
2026-03-04 11:14:37 [INF] CIK 0000780127 | Cleaning + extracting sections
2026-03-04 11:14:37 [INF] CIK 0000780127 | Filing 5/9706 for Year 2009 | Finished
2026-03-04 11:14:37 [INF] CIK 0000860543 | Filing 6/9706 for Year 2009 | Starting
2026-03-04 11:14:37 [INF] CIK 0000860543 | Missing permno mapping in CCM for Company ASIA PREMIUM TELEVISION GROUP (0000860543).
2026-03-04 11:14:37 [INF] CIK 0000860543 | Missing Book-to-Market data for Company ASIA PREMIUM TELEVISION GROUP (0000860543) in 2009.
2026-03-04 11:14:37 [INF] CIK 0000860543 | Skipping filing due to missing required data (CCM/CRSP/BTM).
2026-03-04 11:14:37 [INF] CIK 0000861370 | Filing 7/9706 for Year 2009 | Starting
2026-03-04 11:14:37 [INF] CIK 0000861370 | Missing permno mapping in CCM for Company SOONER HOLDINGS INC /OK/ (0000861370).
2026-03-04 11:14:37 [INF] CIK 0000861370 | Missing Book-to-Market data for Company SOONER HOLDINGS INC /OK/ (0000861370) in 2009.
2026-03-04 11:14:37 [INF] CIK 0000861370 | Skipping filing due to missing required data (CCM/CRSP/BTM).
2026-03-04 11:14:37 [INF] CIK 0001191359 | Filing 8/9706 for Year 2009 | Starting
2026-03-04 11:14:37 [INF] CIK 0001191359 | Missing permno mapping in CCM for Company ARKANOVA ENERGY CORP. (0001191359).
2026-03-04 11:14:37 [INF] CIK 0001191359 | Missing Book-to-Market data for Company ARKANOVA ENERGY CORP. (0001191359) in 2009.
2026-03-04 11:14:37 [INF] CIK 0001191359 | Skipping filing due to missing required data (CCM/CRSP/BTM).
2026-03-04 11:14:37 [INF] CIK 0001371247 | Filing 9/9706 for Year 2009 | Starting
2026-03-04 11:14:37 [INF] CIK 0001371247 | Missing permno mapping in CCM for Company Mackenzie Taylor Minerals Inc. (0001371247).
2026-03-04 11:14:37 [INF] CIK 0001371247 | Missing Book-to-Market data for Company Mackenzie Taylor Minerals Inc. (0001371247) in 2009.
2026-03-04 11:14:37 [INF] CIK 0001371247 | Skipping filing due to missing required data (CCM/CRSP/BTM).
2026-03-04 11:14:37 [INF] CIK 0001371487 | Filing 10/9706 for Year 2009 | Starting
2026-03-04 11:14:37 [INF] CIK 0001371487 | Missing permno mapping in CCM for Company Patterson Brooke Resources Inc. (0001371487).
2026-03-04 11:14:37 [INF] CIK 0001371487 | Missing Book-to-Market data for Company Patterson Brooke Resources Inc. (0001371487) in 2009.
2026-03-04 11:14:37 [INF] CIK 0001371487 | Skipping filing due to missing required data (CCM/CRSP/BTM).
2026-03-04 11:14:37 [INF] CIK 0001121812 | Filing 11/9706 for Year 2009 | Starting
2026-03-04 11:14:37 [INF] CIK 0001121812 | Missing permno mapping in CCM for Company BIG SKY INDUSTRIES II INC (0001121812).
2026-03-04 11:14:37 [INF] CIK 0001121812 | Missing Book-to-Market data for Company BIG SKY INDUSTRIES II INC (0001121812) in 2009.
2026-03-04 11:14:37 [INF] CIK 0001121812 | Skipping filing due to missing required data (CCM/CRSP/BTM).
2026-03-04 11:14:37 [INF] CIK 0000314712 | Filing 12/9706 for Year 2009 | Starting
2026-03-04 11:14:37 [INF] CIK 0000314712 | Missing permno mapping in CCM for Company Boomerang Systems, Inc. (0000314712).
2026-03-04 11:14:37 [INF] CIK 0000314712 | Missing Book-to-Market data for Company Boomerang Systems, Inc. (0000314712) in 2009.
2026-03-04 11:14:37 [INF] CIK 0000314712 | Skipping filing due to missing required data (CCM/CRSP/BTM).
2026-03-04 11:14:37 [INF] CIK 0001029800 | Filing 13/9706 for Year 2009 | Starting
2026-03-04 11:14:37 [INF] CIK 0001029800 | Downloading filing HTML (cached if available)
2026-03-04 11:14:37 [INF] CIK 0001029800 | Reading HTML from C:\git\Edgar\Edgar\Data\raw\2009\0001029800\000102980009000003\0001029800-09-000003.txt
2026-03-04 11:14:37 [INF] CIK 0001029800 | Cleaning + extracting sections
2026-03-04 11:14:37 [INF] CIK 0001029800 | Filing 13/9706 for Year 2009 | Finished
2026-03-04 11:14:37 [INF] CIK 0001326852 | Filing 14/9706 for Year 2009 | Starting
2026-03-04 11:14:37 [INF] CIK 0001326852 | Missing permno mapping in CCM for Company O2 Secure Wireless, Inc. (0001326852).
2026-03-04 11:14:37 [INF] CIK 0001326852 | Missing Book-to-Market data for Company O2 Secure Wireless, Inc. (0001326852) in 2009.
2026-03-04 11:14:37 [INF] CIK 0001326852 | Skipping filing due to missing required data (CCM/CRSP/BTM).
2026-03-04 11:14:37 [INF] CIK 0001380528 | Filing 15/9706 for Year 2009 | Starting
2026-03-04 11:14:37 [INF] CIK 0001380528 | Missing permno mapping in CCM for Company Vista Dorada Corp. (0001380528).
2026-03-04 11:14:37 [INF] CIK 0001380528 | Missing Book-to-Market data for Company Vista Dorada Corp. (0001380528) in 2009.
2026-03-04 11:14:37 [INF] CIK 0001380528 | Skipping filing due to missing required data (CCM/CRSP/BTM).
2026-03-04 11:14:37 [INF] CIK 0001387600 | Filing 16/9706 for Year 2009 | Starting
2026-03-04 11:14:37 [INF] CIK 0001387600 | Missing permno mapping in CCM for Company Sidewinder Explorations Inc. (0001387600).
2026-03-04 11:14:37 [INF] CIK 0001387600 | Missing Book-to-Market data for Company Sidewinder Explorations Inc. (0001387600) in 2009.
2026-03-04 11:14:37 [INF] CIK 0001387600 | Skipping filing due to missing required data (CCM/CRSP/BTM).
2026-03-04 11:14:37 [INF] CIK 0001415917 | Filing 17/9706 for Year 2009 | Starting
2026-03-04 11:14:37 [INF] CIK 0001415917 | Missing permno mapping in CCM for Company American Nano Silicon Technologies, Inc. (0001415917).
2026-03-04 11:14:37 [INF] CIK 0001415917 | Missing Book-to-Market data for Company American Nano Silicon Technologies, Inc. (0001415917) in 2009.
2026-03-04 11:14:37 [INF] CIK 0001415917 | Skipping filing due to missing required data (CCM/CRSP/BTM).
2026-03-04 11:14:37 [INF] CIK 0000315374 | Filing 18/9706 for Year 2009 | Starting
2026-03-04 11:14:37 [INF] CIK 0000315374 | Downloading filing HTML (cached if available)
2026-03-04 11:14:37 [INF] CIK 0000315374 | Reading HTML from C:\git\Edgar\Edgar\Data\raw\2009\0000315374\000114420409001522\0001144204-09-001522.txt
2026-03-04 11:14:37 [INF] CIK 0000315374 | Cleaning + extracting sections
2026-03-04 11:14:37 [INF] CIK 0000315374 | Filing 18/9706 for Year 2009 | Finished
2026-03-04 11:14:37 [INF] CIK 0000357108 | Filing 19/9706 for Year 2009 | Starting
2026-03-04 11:14:37 [INF] CIK 0000357108 | Downloading filing HTML (cached if available)
2026-03-04 11:14:37 [INF] CIK 0000357108 | Reading HTML from C:\git\Edgar\Edgar\Data\raw\2009\0000357108\000095013409000431\0000950134-09-000431.txt
2026-03-04 11:14:37 [INF] CIK 0000357108 | Cleaning + extracting sections
2026-03-04 11:14:37 [INF] CIK 0000357108 | Filing 19/9706 for Year 2009 | Finished
2026-03-04 11:14:37 [INF] CIK 0000741696 | Filing 20/9706 for Year 2009 | Starting
2026-03-04 11:14:37 [INF] CIK 0000741696 | Downloading filing HTML (cached if available)
2026-03-04 11:14:37 [INF] CIK 0000741696 | Reading HTML from C:\git\Edgar\Edgar\Data\raw\2009\0000741696\000074169609000002\0000741696-09-000002.txt
2026-03-04 11:14:37 [INF] CIK 0000741696 | Cleaning + extracting sections
2026-03-04 11:14:37 [INF] CIK 0000741696 | Filing 20/9706 for Year 2009 | Finished
2026-03-04 11:14:37 [INF] CIK 0001003226 | Filing 21/9706 for Year 2009 | Starting
2026-03-04 11:14:37 [INF] CIK 0001003226 | Missing permno mapping in CCM for Company TRI-ISTHMUS GROUP, INC. (0001003226).
2026-03-04 11:14:37 [INF] CIK 0001003226 | Missing Book-to-Market data for Company TRI-ISTHMUS GROUP, INC. (0001003226) in 2009.
2026-03-04 11:14:37 [INF] CIK 0001003226 | Skipping filing due to missing required data (CCM/CRSP/BTM).
2026-03-04 11:14:37 [INF] CIK 0001009830 | Filing 22/9706 for Year 2009 | Starting
2026-03-04 11:14:37 [INF] CIK 0001009830 | Missing permno mapping in CCM for Company MARKET & RESEARCH CORP. (0001009830).
2026-03-04 11:14:37 [INF] CIK 0001009830 | Missing Book-to-Market data for Company MARKET & RESEARCH CORP. (0001009830) in 2009.
2026-03-04 11:14:37 [INF] CIK 0001009830 | Skipping filing due to missing required data (CCM/CRSP/BTM).
2026-03-04 11:14:37 [INF] CIK 0001013453 | Filing 23/9706 for Year 2009 | Starting
2026-03-04 11:14:37 [INF] CIK 0001013453 | Missing permno mapping in CCM for Company VALCOM, INC (0001013453).
2026-03-04 11:14:37 [INF] CIK 0001013453 | Missing Book-to-Market data for Company VALCOM, INC (0001013453) in 2009.
2026-03-04 11:14:37 [INF] CIK 0001013453 | Skipping filing due to missing required data (CCM/CRSP/BTM).
2026-03-04 11:14:37 [INF] CIK 0001031896 | Filing 24/9706 for Year 2009 | Starting
2026-03-04 11:14:37 [INF] CIK 0001031896 | Missing permno mapping in CCM for Company AMERICAN SOIL TECHNOLOGIES INC (0001031896).
2026-03-04 11:14:37 [INF] CIK 0001031896 | Missing Book-to-Market data for Company AMERICAN SOIL TECHNOLOGIES INC (0001031896) in 2009.
2026-03-04 11:14:37 [INF] CIK 0001031896 | Skipping filing due to missing required data (CCM/CRSP/BTM).
2026-03-04 11:14:37 [INF] CIK 0001065659 | Filing 25/9706 for Year 2009 | Starting
2026-03-04 11:14:37 [INF] CIK 0001065659 | Missing permno mapping in CCM for Company Falcon Ridge Development Inc. (0001065659).
2026-03-04 11:14:37 [INF] CIK 0001065659 | Missing Book-to-Market data for Company Falcon Ridge Development Inc. (0001065659) in 2009.
2026-03-04 11:14:37 [INF] CIK 0001065659 | Skipping filing due to missing required data (CCM/CRSP/BTM).
2026-03-04 11:14:37 [INF] CIK 0001082735 | Filing 26/9706 for Year 2009 | Starting
2026-03-04 11:14:37 [INF] CIK 0001082735 | Missing permno mapping in CCM for Company GREATER ATLANTIC FINANCIAL CORP (0001082735).
2026-03-04 11:14:37 [INF] CIK 0001082735 | Missing Book-to-Market data for Company GREATER ATLANTIC FINANCIAL CORP (0001082735) in 2009.
2026-03-04 11:14:37 [INF] CIK 0001082735 | Skipping filing due to missing required data (CCM/CRSP/BTM).
2026-03-04 11:14:37 [INF] CIK 0001088005 | Filing 27/9706 for Year 2009 | Starting
2026-03-04 11:14:37 [INF] CIK 0001088005 | Missing permno mapping in CCM for Company NextMart Inc. (0001088005).
2026-03-04 11:14:37 [INF] CIK 0001088005 | Missing Book-to-Market data for Company NextMart Inc. (0001088005) in 2009.
2026-03-04 11:14:37 [INF] CIK 0001088005 | Skipping filing due to missing required data (CCM/CRSP/BTM).
2026-03-04 11:14:37 [INF] CIK 0001093430 | Filing 28/9706 for Year 2009 | Starting
2026-03-04 11:14:37 [INF] CIK 0001093430 | Missing permno mapping in CCM for Company CASPIAN SERVICES INC (0001093430).
2026-03-04 11:14:37 [INF] CIK 0001093430 | Missing Book-to-Market data for Company CASPIAN SERVICES INC (0001093430) in 2009.
2026-03-04 11:14:37 [INF] CIK 0001093430 | Skipping filing due to missing required data (CCM/CRSP/BTM).
2026-03-04 11:14:37 [INF] CIK 0001122063 | Filing 29/9706 for Year 2009 | Starting
2026-03-04 11:14:37 [INF] CIK 0001122063 | Missing CRSP trading days for Company BEACON ENTERPRISE SOLUTIONS GROUP INC (0001122063) in 2009.
2026-03-04 11:14:37 [INF] CIK 0001122063 | Missing Book-to-Market data for Company BEACON ENTERPRISE SOLUTIONS GROUP INC (0001122063) in 2009.
2026-03-04 11:14:37 [INF] CIK 0001122063 | Skipping filing due to missing required data (CCM/CRSP/BTM).
2026-03-04 11:14:37 [INF] CIK 0001126703 | Filing 30/9706 for Year 2009 | Starting
2026-03-04 11:14:37 [INF] CIK 0001126703 | Missing permno mapping in CCM for Company SHOSHONE SILVER MINING CO INC (0001126703).
2026-03-04 11:14:37 [INF] CIK 0001126703 | Missing Book-to-Market data for Company SHOSHONE SILVER MINING CO INC (0001126703) in 2009.
2026-03-04 11:14:37 [INF] CIK 0001126703 | Skipping filing due to missing required data (CCM/CRSP/BTM).
2026-03-04 11:14:37 [INF] CIK 0001139570 | Filing 31/9706 for Year 2009 | Starting
2026-03-04 11:14:37 [INF] CIK 0001139570 | Missing CRSP trading days for Company MyStarU.com,Inc. (0001139570) in 2009.
2026-03-04 11:14:37 [INF] CIK 0001139570 | Missing Book-to-Market data for Company MyStarU.com,Inc. (0001139570) in 2009.
2026-03-04 11:14:37 [INF] CIK 0001139570 | Skipping filing due to missing required data (CCM/CRSP/BTM).
2026-03-04 11:14:37 [INF] CIK 0001158420 | Filing 32/9706 for Year 2009 | Starting
2026-03-04 11:14:37 [INF] CIK 0001158420 | Missing CRSP trading days for Company CHINA AGRO SCIENCES CORP. (0001158420) in 2009.
2026-03-04 11:14:37 [INF] CIK 0001158420 | Missing Book-to-Market data for Company CHINA AGRO SCIENCES CORP. (0001158420) in 2009.
2026-03-04 11:14:37 [INF] CIK 0001158420 | Skipping filing due to missing required data (CCM/CRSP/BTM).
2026-03-04 11:14:37 [INF] CIK 0001163002 | Filing 33/9706 for Year 2009 | Starting
2026-03-04 11:14:37 [INF] CIK 0001163002 | Missing permno mapping in CCM for Company HYDROGEN HYBRID TECHNOLOGIES, INC. (0001163002).
2026-03-04 11:14:37 [INF] CIK 0001163002 | Missing Book-to-Market data for Company HYDROGEN HYBRID TECHNOLOGIES, INC. (0001163002) in 2009.
2026-03-04 11:14:37 [INF] CIK 0001163002 | Skipping filing due to missing required data (CCM/CRSP/BTM).
2026-03-04 11:14:37 [INF] CIK 0001173281 | Filing 34/9706 for Year 2009 | Starting
2026-03-04 11:14:37 [INF] CIK 0001173281 | Missing CRSP trading days for Company BBM HOLDINGS, INC. (0001173281) in 2009.
2026-03-04 11:14:37 [INF] CIK 0001173281 | Missing Book-to-Market data for Company BBM HOLDINGS, INC. (0001173281) in 2009.
2026-03-04 11:14:37 [INF] CIK 0001173281 | Skipping filing due to missing required data (CCM/CRSP/BTM).
2026-03-04 11:14:37 [INF] CIK 0001177274 | Filing 35/9706 for Year 2009 | Starting
2026-03-04 11:14:37 [INF] CIK 0001177274 | Missing permno mapping in CCM for Company Rodobo International Inc (0001177274).
2026-03-04 11:14:37 [INF] CIK 0001177274 | Missing Book-to-Market data for Company Rodobo International Inc (0001177274) in 2009.
2026-03-04 11:14:37 [INF] CIK 0001177274 | Skipping filing due to missing required data (CCM/CRSP/BTM).
2026-03-04 11:14:37 [INF] CIK 0001222792 | Filing 36/9706 for Year 2009 | Starting
2026-03-04 11:14:37 [INF] CIK 0001222792 | Missing permno mapping in CCM for Company VIBE RECORDS, INC. NEVADA (0001222792).
2026-03-04 11:14:37 [INF] CIK 0001222792 | Missing Book-to-Market data for Company VIBE RECORDS, INC. NEVADA (0001222792) in 2009.
2026-03-04 11:14:37 [INF] CIK 0001222792 | Skipping filing due to missing required data (CCM/CRSP/BTM).
2026-03-04 11:14:37 [INF] CIK 0001278363 | Filing 37/9706 for Year 2009 | Starting
2026-03-04 11:14:37 [INF] CIK 0001278363 | Missing permno mapping in CCM for Company MARKETING WORLDWIDE CORP (0001278363).
2026-03-04 11:14:37 [INF] CIK 0001278363 | Missing Book-to-Market data for Company MARKETING WORLDWIDE CORP (0001278363) in 2009.
2026-03-04 11:14:37 [INF] CIK 0001278363 | Skipping filing due to missing required data (CCM/CRSP/BTM).
2026-03-04 11:14:37 [INF] CIK 0001286345 | Filing 38/9706 for Year 2009 | Starting
2026-03-04 11:14:37 [INF] CIK 0001286345 | Missing permno mapping in CCM for Company TNT DESIGNS INC (0001286345).
2026-03-04 11:14:37 [INF] CIK 0001286345 | Missing Book-to-Market data for Company TNT DESIGNS INC (0001286345) in 2009.
2026-03-04 11:14:37 [INF] CIK 0001286345 | Skipping filing due to missing required data (CCM/CRSP/BTM).
2026-03-04 11:14:37 [INF] CIK 0001298824 | Filing 39/9706 for Year 2009 | Starting
2026-03-04 11:14:37 [INF] CIK 0001298824 | Missing permno mapping in CCM for Company PetroHunter Energy Corp (0001298824).
2026-03-04 11:14:37 [INF] CIK 0001298824 | Missing Book-to-Market data for Company PetroHunter Energy Corp (0001298824) in 2009.
2026-03-04 11:14:37 [INF] CIK 0001298824 | Skipping filing due to missing required data (CCM/CRSP/BTM).
2026-03-04 11:14:37 [INF] CIK 0001307345 | Filing 40/9706 for Year 2009 | Starting
2026-03-04 11:14:37 [INF] CIK 0001307345 | Missing permno mapping in CCM for Company NETFONE INC (0001307345).
2026-03-04 11:14:37 [INF] CIK 0001307345 | Missing Book-to-Market data for Company NETFONE INC (0001307345) in 2009.
2026-03-04 11:14:37 [INF] CIK 0001307345 | Skipping filing due to missing required data (CCM/CRSP/BTM).
2026-03-04 11:14:37 [INF] CIK 0001310261 | Filing 41/9706 for Year 2009 | Starting
2026-03-04 11:14:37 [INF] CIK 0001310261 | Missing permno mapping in CCM for Company POWER AIR CORP (0001310261).
2026-03-04 11:14:37 [INF] CIK 0001310261 | Missing Book-to-Market data for Company POWER AIR CORP (0001310261) in 2009.
2026-03-04 11:14:37 [INF] CIK 0001310261 | Skipping filing due to missing required data (CCM/CRSP/BTM).
2026-03-04 11:14:37 [INF] CIK 0001314052 | Filing 42/9706 for Year 2009 | Starting
2026-03-04 11:14:37 [INF] CIK 0001314052 | Missing CRSP trading days for Company ANAVEX LIFE SCIENCES CORP. (0001314052) in 2009.
2026-03-04 11:14:37 [INF] CIK 0001314052 | Missing Book-to-Market data for Company ANAVEX LIFE SCIENCES CORP. (0001314052) in 2009.
2026-03-04 11:14:37 [INF] CIK 0001314052 | Skipping filing due to missing required data (CCM/CRSP/BTM).
2026-03-04 11:14:37 [INF] CIK 0001320050 | Filing 43/9706 for Year 2009 | Starting
2026-03-04 11:14:37 [INF] CIK 0001320050 | Missing permno mapping in CCM for Company Siouxland Ethanol, LLC (0001320050).
2026-03-04 11:14:37 [INF] CIK 0001320050 | Missing Book-to-Market data for Company Siouxland Ethanol, LLC (0001320050) in 2009.
2026-03-04 11:14:37 [INF] CIK 0001320050 | Skipping filing due to missing required data (CCM/CRSP/BTM).
2026-03-04 11:14:37 [INF] CIK 0001321366 | Filing 44/9706 for Year 2009 | Starting
2026-03-04 11:14:37 [INF] CIK 0001321366 | Missing permno mapping in CCM for Company GREATER CHINA MEDIA & ENTERTAINMENT CORP. (formerly AGA Resources, Inc.) (0001321366).
2026-03-04 11:14:37 [INF] CIK 0001321366 | Missing Book-to-Market data for Company GREATER CHINA MEDIA & ENTERTAINMENT CORP. (formerly AGA Resources, Inc.) (0001321366) in 2009.
2026-03-04 11:14:37 [INF] CIK 0001321366 | Skipping filing due to missing required data (CCM/CRSP/BTM).
2026-03-04 11:14:37 [INF] CIK 0001349706 | Filing 45/9706 for Year 2009 | Starting
2026-03-04 11:14:37 [INF] CIK 0001349706 | Missing permno mapping in CCM for Company COLOURED (US) INC. (0001349706).
2026-03-04 11:14:37 [INF] CIK 0001349706 | Missing Book-to-Market data for Company COLOURED (US) INC. (0001349706) in 2009.
2026-03-04 11:14:37 [INF] CIK 0001349706 | Skipping filing due to missing required data (CCM/CRSP/BTM).
2026-03-04 11:14:37 [INF] CIK 0001365359 | Filing 46/9706 for Year 2009 | Starting
2026-03-04 11:14:37 [INF] CIK 0001365359 | Missing permno mapping in CCM for Company PLAYBOX (US) INC. (0001365359).
2026-03-04 11:14:37 [INF] CIK 0001365359 | Missing Book-to-Market data for Company PLAYBOX (US) INC. (0001365359) in 2009.
2026-03-04 11:14:37 [INF] CIK 0001365359 | Skipping filing due to missing required data (CCM/CRSP/BTM).
2026-03-04 11:14:37 [INF] CIK 0001369608 | Filing 47/9706 for Year 2009 | Starting
2026-03-04 11:14:37 [INF] CIK 0001369608 | Missing permno mapping in CCM for Company ADVANCED GROWING SYSTEMS, INC. (0001369608).
2026-03-04 11:14:37 [INF] CIK 0001369608 | Missing Book-to-Market data for Company ADVANCED GROWING SYSTEMS, INC. (0001369608) in 2009.
2026-03-04 11:14:37 [INF] CIK 0001369608 | Skipping filing due to missing required data (CCM/CRSP/BTM).
2026-03-04 11:14:37 [INF] CIK 0001372954 | Filing 48/9706 for Year 2009 | Starting
2026-03-04 11:14:37 [INF] CIK 0001372954 | Missing permno mapping in CCM for Company Gryphon Resources, Inc. (0001372954).
2026-03-04 11:14:37 [INF] CIK 0001372954 | Missing Book-to-Market data for Company Gryphon Resources, Inc. (0001372954) in 2009.
2026-03-04 11:14:37 [INF] CIK 0001372954 | Skipping filing due to missing required data (CCM/CRSP/BTM).
2026-03-04 11:14:37 [INF] CIK 0001373952 | Filing 49/9706 for Year 2009 | Starting
2026-03-04 11:14:37 [INF] CIK 0001373952 | Missing permno mapping in CCM for Company BALD EAGLE ENERGY INC. (0001373952).
2026-03-04 11:14:37 [INF] CIK 0001373952 | Missing Book-to-Market data for Company BALD EAGLE ENERGY INC. (0001373952) in 2009.
2026-03-04 11:14:37 [INF] CIK 0001373952 | Skipping filing due to missing required data (CCM/CRSP/BTM).
2026-03-04 11:14:37 [INF] CIK 0001391750 | Filing 50/9706 for Year 2009 | Starting
2026-03-04 11:14:37 [INF] CIK 0001391750 | Missing permno mapping in CCM for Company Veracity Management Global, Inc. (0001391750).
2026-03-04 11:14:37 [INF] CIK 0001391750 | Missing Book-to-Market data for Company Veracity Management Global, Inc. (0001391750) in 2009.
2026-03-04 11:14:37 [INF] CIK 0001391750 | Skipping filing due to missing required data (CCM/CRSP/BTM).
2026-03-04 11:14:37 [INF] CIK 0001415603 | Filing 51/9706 for Year 2009 | Starting
2026-03-04 11:14:37 [INF] CIK 0001415603 | Missing permno mapping in CCM for Company InovaChem, Inc. (0001415603).
2026-03-04 11:14:37 [INF] CIK 0001415603 | Missing Book-to-Market data for Company InovaChem, Inc. (0001415603) in 2009.
2026-03-04 11:14:37 [INF] CIK 0001415603 | Skipping filing due to missing required data (CCM/CRSP/BTM).
2026-03-04 11:14:37 [INF] CIK 0001418115 | Filing 52/9706 for Year 2009 | Starting
2026-03-04 11:14:37 [INF] CIK 0001418115 | Missing permno mapping in CCM for Company Infrared Systems International (0001418115).
2026-03-04 11:14:37 [INF] CIK 0001418115 | Missing Book-to-Market data for Company Infrared Systems International (0001418115) in 2009.
2026-03-04 11:14:37 [INF] CIK 0001418115 | Skipping filing due to missing required data (CCM/CRSP/BTM).
2026-03-04 11:14:37 [INF] CIK 0001425319 | Filing 53/9706 for Year 2009 | Starting
2026-03-04 11:14:37 [INF] CIK 0001425319 | Missing permno mapping in CCM for Company Otter Tail Ag Enterprises, LLC (0001425319).
2026-03-04 11:14:37 [INF] CIK 0001425319 | Missing Book-to-Market data for Company Otter Tail Ag Enterprises, LLC (0001425319) in 2009.
2026-03-04 11:14:37 [INF] CIK 0001425319 | Skipping filing due to missing required data (CCM/CRSP/BTM).
2026-03-04 11:14:37 [INF] CIK 0001430057 | Filing 54/9706 for Year 2009 | Starting
2026-03-04 11:14:37 [INF] CIK 0001430057 | Missing permno mapping in CCM for Company PRECISION PETROLEUM Corp (0001430057).
2026-03-04 11:14:37 [INF] CIK 0001430057 | Missing Book-to-Market data for Company PRECISION PETROLEUM Corp (0001430057) in 2009.
2026-03-04 11:14:37 [INF] CIK 0001430057 | Skipping filing due to missing required data (CCM/CRSP/BTM).
2026-03-04 11:14:37 [INF] CIK 0001440048 | Filing 55/9706 for Year 2009 | Starting
2026-03-04 11:14:37 [INF] CIK 0001440048 | Missing permno mapping in CCM for Company LIFEHEALTHCARE, INC. (0001440048).
2026-03-04 11:14:37 [INF] CIK 0001440048 | Missing Book-to-Market data for Company LIFEHEALTHCARE, INC. (0001440048) in 2009.
2026-03-04 11:14:37 [INF] CIK 0001440048 | Skipping filing due to missing required data (CCM/CRSP/BTM).
2026-03-04 11:14:37 [INF] CIK 0000350557 | Filing 56/9706 for Year 2009 | Starting
2026-03-04 11:14:37 [INF] CIK 0000350557 | Missing permno mapping in CCM for Company STEN CORP (0000350557).
2026-03-04 11:14:37 [INF] CIK 0000350557 | Missing Book-to-Market data for Company STEN CORP (0000350557) in 2009.
2026-03-04 11:14:37 [INF] CIK 0000350557 | Skipping filing due to missing required data (CCM/CRSP/BTM).
2026-03-04 11:14:37 [INF] CIK 0000357001 | Filing 57/9706 for Year 2009 | Starting
2026-03-04 11:14:37 [INF] CIK 0000357001 | Missing permno mapping in CCM for Company TRIMEDYNE INC (0000357001).
2026-03-04 11:14:37 [INF] CIK 0000357001 | Missing Book-to-Market data for Company TRIMEDYNE INC (0000357001) in 2009.
2026-03-04 11:14:37 [INF] CIK 0000357001 | Skipping filing due to missing required data (CCM/CRSP/BTM).
2026-03-04 11:14:37 [INF] CIK 0000040518 | Filing 58/9706 for Year 2009 | Starting
2026-03-04 11:14:37 [INF] CIK 0000040518 | Missing permno mapping in CCM for Company GENERAL DATACOMM INDUSTRIES INC (0000040518).
2026-03-04 11:14:37 [INF] CIK 0000040518 | Missing Book-to-Market data for Company GENERAL DATACOMM INDUSTRIES INC (0000040518) in 2009.
2026-03-04 11:14:37 [INF] CIK 0000040518 | Skipping filing due to missing required data (CCM/CRSP/BTM).
2026-03-04 11:14:37 [INF] CIK 0000725363 | Filing 59/9706 for Year 2009 | Starting
2026-03-04 11:14:37 [INF] CIK 0000725363 | Downloading filing HTML (cached if available)
2026-03-04 11:14:37 [INF] CIK 0000725363 | Reading HTML from C:\git\Edgar\Edgar\Data\raw\2009\0000725363\000100487809000009\0001004878-09-000009.txt
2026-03-04 11:14:37 [INF] CIK 0000725363 | Cleaning + extracting sections
2026-03-04 11:14:37 [INF] CIK 0000725363 | Filing 59/9706 for Year 2009 | Finished
2026-03-04 11:14:37 [INF] CIK 0000764667 | Filing 60/9706 for Year 2009 | Starting
2026-03-04 11:14:37 [INF] CIK 0000764667 | Missing permno mapping in CCM for Company SIONIX CORP (0000764667).
2026-03-04 11:14:37 [INF] CIK 0000764667 | Missing Book-to-Market data for Company SIONIX CORP (0000764667) in 2009.
2026-03-04 11:14:37 [INF] CIK 0000764667 | Skipping filing due to missing required data (CCM/CRSP/BTM).
2026-03-04 11:14:37 [INF] CIK 0000077140 | Filing 61/9706 for Year 2009 | Starting
2026-03-04 11:14:37 [INF] CIK 0000077140 | Missing permno mapping in CCM for Company PENN PACIFIC CORP (0000077140).
2026-03-04 11:14:37 [INF] CIK 0000077140 | Missing Book-to-Market data for Company PENN PACIFIC CORP (0000077140) in 2009.
2026-03-04 11:14:37 [INF] CIK 0000077140 | Skipping filing due to missing required data (CCM/CRSP/BTM).
2026-03-04 11:14:37 [INF] CIK 0000807863 | Filing 62/9706 for Year 2009 | Starting
2026-03-04 11:14:37 [INF] CIK 0000807863 | Missing Book-to-Market data for Company MITEK SYSTEMS INC (0000807863) in 2009.
2026-03-04 11:14:37 [INF] CIK 0000807863 | Skipping filing due to missing required data (CCM/CRSP/BTM).
2026-03-04 11:14:37 [INF] CIK 0000810332 | Filing 63/9706 for Year 2009 | Starting
2026-03-04 11:14:37 [INF] CIK 0000810332 | Missing CRSP trading days for Company MESA AIR GROUP INC (0000810332) in 2009.
2026-03-04 11:14:37 [INF] CIK 0000810332 | Missing Book-to-Market data for Company MESA AIR GROUP INC (0000810332) in 2009.
2026-03-04 11:14:37 [INF] CIK 0000810332 | Skipping filing due to missing required data (CCM/CRSP/BTM).
2026-03-04 11:14:37 [INF] CIK 0000812482 | Filing 64/9706 for Year 2009 | Starting
2026-03-04 11:14:37 [INF] CIK 0000812482 | Missing permno mapping in CCM for Company ARCHON CORP (0000812482).
2026-03-04 11:14:37 [INF] CIK 0000812482 | Missing Book-to-Market data for Company ARCHON CORP (0000812482) in 2009.
2026-03-04 11:14:37 [INF] CIK 0000812482 | Skipping filing due to missing required data (CCM/CRSP/BTM).
2026-03-04 11:14:37 [INF] CIK 0000822370 | Filing 65/9706 for Year 2009 | Starting
2026-03-04 11:14:37 [INF] CIK 0000822370 | Missing CRSP trading days for Company CNS RESPONSE, INC. (0000822370) in 2009.
2026-03-04 11:14:37 [INF] CIK 0000822370 | Missing Book-to-Market data for Company CNS RESPONSE, INC. (0000822370) in 2009.
2026-03-04 11:14:37 [INF] CIK 0000822370 | Skipping filing due to missing required data (CCM/CRSP/BTM).
2026-03-04 11:14:37 [INF] CIK 0000873185 | Filing 66/9706 for Year 2009 | Starting
2026-03-04 11:14:37 [INF] CIK 0000873185 | Missing permno mapping in CCM for Company USCORP (0000873185).
2026-03-04 11:14:37 [INF] CIK 0000873185 | Missing Book-to-Market data for Company USCORP (0000873185) in 2009.
2026-03-04 11:14:37 [INF] CIK 0000873185 | Skipping filing due to missing required data (CCM/CRSP/BTM).
2026-03-04 11:14:37 [INF] CIK 0000930803 | Filing 67/9706 for Year 2009 | Starting
2026-03-04 11:14:37 [INF] CIK 0000930803 | Downloading filing HTML (cached if available)
2026-03-04 11:14:37 [INF] CIK 0000930803 | Reading HTML from C:\git\Edgar\Edgar\Data\raw\2009\0000930803\000114420409001719\0001144204-09-001719.txt
2026-03-04 11:14:37 [INF] CIK 0000930803 | Cleaning + extracting sections
2026-03-04 11:14:37 [INF] CIK 0000930803 | Filing 67/9706 for Year 2009 | Finished
2026-03-04 11:14:37 [INF] CIK 0000095366 | Filing 68/9706 for Year 2009 | Starting
2026-03-04 11:14:37 [INF] CIK 0000095366 | Missing permno mapping in CCM for Company SUNAIR SERVICES CORP (0000095366).
2026-03-04 11:14:37 [INF] CIK 0000095366 | Skipping filing due to missing required data (CCM/CRSP/BTM).
2026-03-04 11:14:37 [INF] CIK 0001040227 | Filing 69/9706 for Year 2009 | Starting
2026-03-04 11:14:37 [INF] CIK 0001040227 | Missing permno mapping in CCM for Company GLOBAL 8 ENVIRONMENTAL TECHNOLOGIES, INC. (0001040227).
2026-03-04 11:14:37 [INF] CIK 0001040227 | Missing Book-to-Market data for Company GLOBAL 8 ENVIRONMENTAL TECHNOLOGIES, INC. (0001040227) in 2009.
2026-03-04 11:14:37 [INF] CIK 0001040227 | Skipping filing due to missing required data (CCM/CRSP/BTM).
2026-03-04 11:14:37 [INF] CIK 0001042053 | Filing 70/9706 for Year 2009 | Starting
2026-03-04 11:14:37 [INF] CIK 0001042053 | Missing permno mapping in CCM for Company DRUCKER INC (0001042053).
2026-03-04 11:14:37 [INF] CIK 0001042053 | Missing Book-to-Market data for Company DRUCKER INC (0001042053) in 2009.
2026-03-04 11:14:37 [INF] CIK 0001042053 | Skipping filing due to missing required data (CCM/CRSP/BTM).
2026-03-04 11:14:37 [INF] CIK 0001127475 | Filing 71/9706 for Year 2009 | Starting
2026-03-04 11:14:37 [INF] CIK 0001127475 | Missing permno mapping in CCM for Company RTG VENTURES INC (0001127475).
2026-03-04 11:14:37 [INF] CIK 0001127475 | Missing Book-to-Market data for Company RTG VENTURES INC (0001127475) in 2009.
2026-03-04 11:14:37 [INF] CIK 0001127475 | Skipping filing due to missing required data (CCM/CRSP/BTM).
2026-03-04 11:14:37 [INF] CIK 0001133062 | Filing 72/9706 for Year 2009 | Starting
2026-03-04 11:14:37 [INF] CIK 0001133062 | Missing permno mapping in CCM for Company JANEL WORLD TRADE LTD (0001133062).
2026-03-04 11:14:37 [INF] CIK 0001133062 | Missing Book-to-Market data for Company JANEL WORLD TRADE LTD (0001133062) in 2009.
2026-03-04 11:14:37 [INF] CIK 0001133062 | Skipping filing due to missing required data (CCM/CRSP/BTM).
2026-03-04 11:14:37 [INF] CIK 0001133470 | Filing 73/9706 for Year 2009 | Starting
2026-03-04 11:14:37 [INF] CIK 0001133470 | Downloading filing HTML (cached if available)
2026-03-04 11:14:37 [INF] CIK 0001133470 | Reading HTML from C:\git\Edgar\Edgar\Data\raw\2009\0001133470\000095013409000534\0000950134-09-000534.txt
2026-03-04 11:14:37 [INF] CIK 0001133470 | Cleaning + extracting sections
2026-03-04 11:14:37 [INF] CIK 0001133470 | Filing 73/9706 for Year 2009 | Finished
2026-03-04 11:14:37 [INF] CIK 0001312073 | Filing 74/9706 for Year 2009 | Starting
2026-03-04 11:14:37 [INF] CIK 0001312073 | Downloading filing HTML (cached if available)
2026-03-04 11:14:37 [INF] CIK 0001312073 | Reading HTML from C:\git\Edgar\Edgar\Data\raw\2009\0001312073\000095013409000524\0000950134-09-000524.txt
2026-03-04 11:14:37 [INF] CIK 0001312073 | Cleaning + extracting sections
2026-03-04 11:14:37 [INF] CIK 0001312073 | Filing 74/9706 for Year 2009 | Finished
2026-03-04 11:14:37 [INF] CIK 0001341327 | Filing 75/9706 for Year 2009 | Starting
2026-03-04 11:14:37 [INF] CIK 0001341327 | Missing permno mapping in CCM for Company CIGNUS VENTURES INC. (0001341327).
2026-03-04 11:14:37 [INF] CIK 0001341327 | Missing Book-to-Market data for Company CIGNUS VENTURES INC. (0001341327) in 2009.
2026-03-04 11:14:37 [INF] CIK 0001341327 | Skipping filing due to missing required data (CCM/CRSP/BTM).
2026-03-04 11:14:37 [INF] CIK 0001347008 | Filing 76/9706 for Year 2009 | Starting
2026-03-04 11:14:37 [INF] CIK 0001347008 | Missing permno mapping in CCM for Company LANE CO 5 INC (0001347008).
2026-03-04 11:14:37 [INF] CIK 0001347008 | Missing Book-to-Market data for Company LANE CO 5 INC (0001347008) in 2009.
2026-03-04 11:14:37 [INF] CIK 0001347008 | Skipping filing due to missing required data (CCM/CRSP/BTM).
2026-03-04 11:14:37 [INF] CIK 0001353611 | Filing 77/9706 for Year 2009 | Starting
2026-03-04 11:14:37 [INF] CIK 0001353611 | Missing permno mapping in CCM for Company CURRENCYSHARES BRITISH POUND STERLING TRUST (0001353611).
2026-03-04 11:14:37 [INF] CIK 0001353611 | Missing Book-to-Market data for Company CURRENCYSHARES BRITISH POUND STERLING TRUST (0001353611) in 2009.
2026-03-04 11:14:37 [INF] CIK 0001353611 | Skipping filing due to missing required data (CCM/CRSP/BTM).
2026-03-04 11:14:37 [INF] CIK 0001353612 | Filing 78/9706 for Year 2009 | Starting
2026-03-04 11:14:37 [INF] CIK 0001353612 | Missing permno mapping in CCM for Company CURRENCYSHARES CANADIAN DOLLAR TRUST (0001353612).
2026-03-04 11:14:37 [INF] CIK 0001353612 | Missing Book-to-Market data for Company CURRENCYSHARES CANADIAN DOLLAR TRUST (0001353612) in 2009.
2026-03-04 11:14:37 [INF] CIK 0001353612 | Skipping filing due to missing required data (CCM/CRSP/BTM).
2026-03-04 11:14:37 [INF] CIK 0001353614 | Filing 79/9706 for Year 2009 | Starting
2026-03-04 11:14:37 [INF] CIK 0001353614 | Missing permno mapping in CCM for Company CURRENCYSHARES AUSTRALIAN DOLLAR TRUST (0001353614).
2026-03-04 11:14:37 [INF] CIK 0001353614 | Missing Book-to-Market data for Company CURRENCYSHARES AUSTRALIAN DOLLAR TRUST (0001353614) in 2009.
2026-03-04 11:14:37 [INF] CIK 0001353614 | Skipping filing due to missing required data (CCM/CRSP/BTM).
2026-03-04 11:14:37 [INF] CIK 0001353616 | Filing 80/9706 for Year 2009 | Starting
2026-03-04 11:14:37 [INF] CIK 0001353616 | Missing permno mapping in CCM for Company CURRENCYSHARES SWEDISH KRONA TRUST (0001353616).
2026-03-04 11:14:37 [INF] CIK 0001353616 | Missing Book-to-Market data for Company CURRENCYSHARES SWEDISH KRONA TRUST (0001353616) in 2009.
2026-03-04 11:14:37 [INF] CIK 0001353616 | Skipping filing due to missing required data (CCM/CRSP/BTM).
2026-03-04 11:14:37 [INF] CIK 0001353617 | Filing 81/9706 for Year 2009 | Starting
2026-03-04 11:14:37 [INF] CIK 0001353617 | Missing permno mapping in CCM for Company CURRENCYSHARES MEXICAN PESO TRUST (0001353617).
2026-03-04 11:14:37 [INF] CIK 0001353617 | Missing Book-to-Market data for Company CURRENCYSHARES MEXICAN PESO TRUST (0001353617) in 2009.
2026-03-04 11:14:37 [INF] CIK 0001353617 | Skipping filing due to missing required data (CCM/CRSP/BTM).
2026-03-04 11:14:37 [INF] CIK 0001357694 | Filing 82/9706 for Year 2009 | Starting
2026-03-04 11:14:37 [INF] CIK 0001357694 | Missing permno mapping in CCM for Company HIGH END VENTURES, INC. (0001357694).
2026-03-04 11:14:37 [INF] CIK 0001357694 | Missing Book-to-Market data for Company HIGH END VENTURES, INC. (0001357694) in 2009.
2026-03-04 11:14:37 [INF] CIK 0001357694 | Skipping filing due to missing required data (CCM/CRSP/BTM).
2026-03-04 11:14:37 [INF] CIK 0001417192 | Filing 83/9706 for Year 2009 | Starting
2026-03-04 11:14:37 [INF] CIK 0001417192 | Missing permno mapping in CCM for Company Mobile Presence Technologies Inc. (0001417192).
2026-03-04 11:14:37 [INF] CIK 0001417192 | Missing Book-to-Market data for Company Mobile Presence Technologies Inc. (0001417192) in 2009.
2026-03-04 11:14:37 [INF] CIK 0001417192 | Skipping filing due to missing required data (CCM/CRSP/BTM).
2026-03-04 11:14:37 [INF] CIK 0000277924 | Filing 84/9706 for Year 2009 | Starting
2026-03-04 11:14:37 [INF] CIK 0000277924 | Downloading filing HTML (cached if available)
2026-03-04 11:14:37 [INF] CIK 0000277924 | Reading HTML from C:\git\Edgar\Edgar\Data\raw\2009\0000277924\000110465909002218\0001104659-09-002218.txt
2026-03-04 11:14:38 [INF] CIK 0000277924 | Cleaning + extracting sections
2026-03-04 11:14:38 [INF] CIK 0000277924 | Filing 84/9706 for Year 2009 | Finished
2026-03-04 11:14:38 [INF] CIK 0000036840 | Filing 85/9706 for Year 2009 | Starting
2026-03-04 11:14:38 [INF] CIK 0000036840 | Missing permno mapping in CCM for Company FIRST REAL ESTATE INVESTMENT TRUST OF NEW JERSEY (0000036840).
2026-03-04 11:14:38 [INF] CIK 0000036840 | Missing Book-to-Market data for Company FIRST REAL ESTATE INVESTMENT TRUST OF NEW JERSEY (0000036840) in 2009.
2026-03-04 11:14:38 [INF] CIK 0000036840 | Skipping filing due to missing required data (CCM/CRSP/BTM).
2026-03-04 11:14:38 [INF] CIK 0000718789 | Filing 86/9706 for Year 2009 | Starting
2026-03-04 11:14:38 [INF] CIK 0000718789 | Downloading filing HTML (cached if available)
2026-03-04 11:14:38 [INF] CIK 0000718789 | Reading HTML from C:\git\Edgar\Edgar\Data\raw\2009\0000718789\000071878909000009\0000718789-09-000009.txt
2026-03-04 11:14:38 [INF] CIK 0000718789 | Cleaning + extracting sections
2026-03-04 11:14:38 [INF] CIK 0000718789 | Filing 86/9706 for Year 2009 | Finished
2026-03-04 11:14:38 [INF] CIK 0000720154 | Filing 87/9706 for Year 2009 | Starting
2026-03-04 11:14:38 [INF] CIK 0000720154 | Downloading filing HTML (cached if available)
2026-03-04 11:14:38 [INF] CIK 0000720154 | Reading HTML from C:\git\Edgar\Edgar\Data\raw\2009\0000720154\000114420409001832\0001144204-09-001832.txt
2026-03-04 11:14:38 [INF] CIK 0000720154 | Cleaning + extracting sections
2026-03-04 11:14:38 [INF] CIK 0000720154 | Filing 87/9706 for Year 2009 | Finished
2026-03-04 11:14:38 [INF] CIK 0000077597 | Filing 88/9706 for Year 2009 | Starting
2026-03-04 11:14:38 [INF] CIK 0000077597 | Downloading filing HTML (cached if available)
2026-03-04 11:14:38 [INF] CIK 0000077597 | Reading HTML from C:\git\Edgar\Edgar\Data\raw\2009\0000077597\000095015209000259\0000950152-09-000259.txt
2026-03-04 11:14:38 [INF] CIK 0000077597 | Cleaning + extracting sections
2026-03-04 11:14:38 [INF] CIK 0000077597 | Filing 88/9706 for Year 2009 | Finished
2026-03-04 11:14:38 [INF] CIK 0000792641 | Filing 89/9706 for Year 2009 | Starting
2026-03-04 11:14:38 [INF] CIK 0000792641 | Downloading filing HTML (cached if available)
2026-03-04 11:14:38 [INF] CIK 0000792641 | Reading HTML from C:\git\Edgar\Edgar\Data\raw\2009\0000792641\000110465909002204\0001104659-09-002204.txt
2026-03-04 11:14:38 [INF] CIK 0000792641 | Cleaning + extracting sections
2026-03-04 11:14:38 [INF] CIK 0000792641 | Filing 89/9706 for Year 2009 | Finished
2026-03-04 11:14:38 [INF] CIK 0000865917 | Filing 90/9706 for Year 2009 | Starting
2026-03-04 11:14:38 [INF] CIK 0000865917 | Downloading filing HTML (cached if available)
2026-03-04 11:14:38 [INF] CIK 0000865917 | Reading HTML from C:\git\Edgar\Edgar\Data\raw\2009\0000865917\000104746909000165\0001047469-09-000165.txt
2026-03-04 11:14:38 [INF] CIK 0000865917 | Cleaning + extracting sections
2026-03-04 11:14:38 [INF] CIK 0000865917 | Filing 90/9706 for Year 2009 | Finished
2026-03-04 11:14:38 [INF] CIK 0000886128 | Filing 91/9706 for Year 2009 | Starting
2026-03-04 11:14:38 [INF] CIK 0000886128 | Downloading filing HTML (cached if available)
2026-03-04 11:14:38 [INF] CIK 0000886128 | Reading HTML from C:\git\Edgar\Edgar\Data\raw\2009\0000886128\000114420409002027\0001144204-09-002027.txt
2026-03-04 11:14:38 [INF] CIK 0000886128 | Cleaning + extracting sections
2026-03-04 11:14:38 [INF] CIK 0000886128 | Filing 91/9706 for Year 2009 | Finished
2026-03-04 11:14:38 [INF] CIK 0000893965 | Filing 92/9706 for Year 2009 | Starting
2026-03-04 11:14:38 [INF] CIK 0000893965 | Downloading filing HTML (cached if available)
2026-03-04 11:14:38 [INF] CIK 0000893965 | Reading HTML from C:\git\Edgar\Edgar\Data\raw\2009\0000893965\000114036109001240\0001140361-09-001240.txt
2026-03-04 11:14:38 [INF] CIK 0000893965 | Cleaning + extracting sections
2026-03-04 11:14:38 [INF] CIK 0000893965 | Filing 92/9706 for Year 2009 | Finished
2026-03-04 11:14:38 [INF] CIK 0000918997 | Filing 93/9706 for Year 2009 | Starting
2026-03-04 11:14:38 [INF] CIK 0000918997 | Missing permno mapping in CCM for Company AQUENTIUM INC (0000918997).
2026-03-04 11:14:38 [INF] CIK 0000918997 | Missing Book-to-Market data for Company AQUENTIUM INC (0000918997) in 2009.
2026-03-04 11:14:38 [INF] CIK 0000918997 | Skipping filing due to missing required data (CCM/CRSP/BTM).
2026-03-04 11:14:38 [INF] CIK 0001076744 | Filing 94/9706 for Year 2009 | Starting
2026-03-04 11:14:38 [INF] CIK 0001076744 | Missing permno mapping in CCM for Company Ravenwood Bourne, Ltd. (0001076744).
2026-03-04 11:14:38 [INF] CIK 0001076744 | Missing Book-to-Market data for Company Ravenwood Bourne, Ltd. (0001076744) in 2009.
2026-03-04 11:14:38 [INF] CIK 0001076744 | Skipping filing due to missing required data (CCM/CRSP/BTM).
2026-03-04 11:14:38 [INF] CIK 0001080001 | Filing 95/9706 for Year 2009 | Starting
2026-03-04 11:14:38 [INF] CIK 0001080001 | Missing permno mapping in CCM for Company NEWTECH RESOURCES LTD (0001080001).
2026-03-04 11:14:38 [INF] CIK 0001080001 | Missing Book-to-Market data for Company NEWTECH RESOURCES LTD (0001080001) in 2009.
2026-03-04 11:14:38 [INF] CIK 0001080001 | Skipping filing due to missing required data (CCM/CRSP/BTM).
2026-03-04 11:14:38 [INF] CIK 0001095276 | Filing 96/9706 for Year 2009 | Starting
2026-03-04 11:14:38 [INF] CIK 0001095276 | Missing permno mapping in CCM for Company WHITNEY INFORMATION NETWORK INC (0001095276).
2026-03-04 11:14:38 [INF] CIK 0001095276 | Missing Book-to-Market data for Company WHITNEY INFORMATION NETWORK INC (0001095276) in 2009.
2026-03-04 11:14:38 [INF] CIK 0001095276 | Skipping filing due to missing required data (CCM/CRSP/BTM).
2026-03-04 11:14:38 [INF] CIK 0001101093 | Filing 97/9706 for Year 2009 | Starting
2026-03-04 11:14:38 [INF] CIK 0001101093 | Missing permno mapping in CCM for Company Safer Shot, Inc. (0001101093).
2026-03-04 11:14:38 [INF] CIK 0001101093 | Missing Book-to-Market data for Company Safer Shot, Inc. (0001101093) in 2009.
2026-03-04 11:14:38 [INF] CIK 0001101093 | Skipping filing due to missing required data (CCM/CRSP/BTM).
2026-03-04 11:14:38 [INF] CIK 0001195584 | Filing 98/9706 for Year 2009 | Starting
2026-03-04 11:14:38 [INF] CIK 0001195584 | Missing permno mapping in CCM for Company ENWIN RESOURCES INC (0001195584).
2026-03-04 11:14:38 [INF] CIK 0001195584 | Missing Book-to-Market data for Company ENWIN RESOURCES INC (0001195584) in 2009.
2026-03-04 11:14:38 [INF] CIK 0001195584 | Skipping filing due to missing required data (CCM/CRSP/BTM).
2026-03-04 11:14:38 [INF] CIK 0000748015 | Filing 99/9706 for Year 2009 | Starting
2026-03-04 11:14:38 [INF] CIK 0000748015 | Downloading filing HTML (cached if available)
2026-03-04 11:14:38 [INF] CIK 0000748015 | Reading HTML from C:\git\Edgar\Edgar\Data\raw\2009\0000748015\000104746909000191\0001047469-09-000191.txt
2026-03-04 11:14:38 [INF] CIK 0000748015 | Cleaning + extracting sections
2026-03-04 11:14:38 [INF] CIK 0000748015 | Filing 99/9706 for Year 2009 | Finished
2026-03-04 11:14:38 [INF] CIK 0001314259 | Filing 100/9706 for Year 2009 | Starting
2026-03-04 11:14:38 [INF] CIK 0001314259 | Missing permno mapping in CCM for Company ASIAN DRAGON GROUP INC. (0001314259).
2026-03-04 11:14:38 [INF] CIK 0001314259 | Missing Book-to-Market data for Company ASIAN DRAGON GROUP INC. (0001314259) in 2009.
2026-03-04 11:14:38 [INF] CIK 0001314259 | Skipping filing due to missing required data (CCM/CRSP/BTM).
2026-03-04 11:14:38 [INF] CIK 0001442513 | Filing 101/9706 for Year 2009 | Starting
2026-03-04 11:14:38 [INF] CIK 0001442513 | Missing permno mapping in CCM for Company Compound Natural Foods Inc. (0001442513).
2026-03-04 11:14:38 [INF] CIK 0001442513 | Missing Book-to-Market data for Company Compound Natural Foods Inc. (0001442513) in 2009.
2026-03-04 11:14:38 [INF] CIK 0001442513 | Skipping filing due to missing required data (CCM/CRSP/BTM).
2026-03-04 11:14:38 [INF] CIK 0000715446 | Filing 102/9706 for Year 2009 | Starting
2026-03-04 11:14:38 [INF] CIK 0000715446 | Missing Book-to-Market data for Company COPYTELE INC (0000715446) in 2009.
2026-03-04 11:14:38 [INF] CIK 0000715446 | Skipping filing due to missing required data (CCM/CRSP/BTM).
2026-03-04 11:14:38 [INF] CIK 0000783209 | Filing 103/9706 for Year 2009 | Starting
2026-03-04 11:14:38 [INF] CIK 0000783209 | Missing permno mapping in CCM for Company EUROGAS INC (0000783209).
2026-03-04 11:14:38 [INF] CIK 0000783209 | Missing Book-to-Market data for Company EUROGAS INC (0000783209) in 2009.
2026-03-04 11:14:38 [INF] CIK 0000783209 | Skipping filing due to missing required data (CCM/CRSP/BTM).
2026-03-04 11:14:38 [INF] CIK 0000810136 | Filing 104/9706 for Year 2009 | Starting
2026-03-04 11:14:38 [INF] CIK 0000810136 | Downloading filing HTML (cached if available)
2026-03-04 11:14:38 [INF] CIK 0000810136 | Reading HTML from C:\git\Edgar\Edgar\Data\raw\2009\0000810136\000081013609000008\0000810136-09-000008.txt
2026-03-04 11:14:39 [INF] CIK 0000810136 | Cleaning + extracting sections
2026-03-04 11:14:39 [INF] CIK 0000810136 | Filing 104/9706 for Year 2009 | Finished
2026-03-04 11:14:39 [INF] CIK 0000928659 | Filing 105/9706 for Year 2009 | Starting
2026-03-04 11:14:39 [INF] CIK 0000928659 | Missing permno mapping in CCM for Company TELETOUCH COMMUNICATIONS INC (0000928659).
2026-03-04 11:14:39 [INF] CIK 0000928659 | Missing Book-to-Market data for Company TELETOUCH COMMUNICATIONS INC (0000928659) in 2009.
2026-03-04 11:14:39 [INF] CIK 0000928659 | Skipping filing due to missing required data (CCM/CRSP/BTM).
2026-03-04 11:14:39 [INF] CIK 0001021226 | Filing 106/9706 for Year 2009 | Starting
2026-03-04 11:14:39 [INF] CIK 0001021226 | Missing permno mapping in CCM for Company GLOBAL MATRECHS, INC. (0001021226).
2026-03-04 11:14:39 [INF] CIK 0001021226 | Missing Book-to-Market data for Company GLOBAL MATRECHS, INC. (0001021226) in 2009.
2026-03-04 11:14:39 [INF] CIK 0001021226 | Skipping filing due to missing required data (CCM/CRSP/BTM).
2026-03-04 11:14:39 [INF] CIK 0001121813 | Filing 107/9706 for Year 2009 | Starting
2026-03-04 11:14:39 [INF] CIK 0001121813 | Missing permno mapping in CCM for Company BIG SKY INDUSTRIES III INC (0001121813).
2026-03-04 11:14:39 [INF] CIK 0001121813 | Missing Book-to-Market data for Company BIG SKY INDUSTRIES III INC (0001121813) in 2009.
2026-03-04 11:14:39 [INF] CIK 0001121813 | Skipping filing due to missing required data (CCM/CRSP/BTM).
2026-03-04 11:14:39 [INF] CIK 0001362516 | Filing 108/9706 for Year 2009 | Starting
2026-03-04 11:14:39 [INF] CIK 0001362516 | Missing permno mapping in CCM for Company Cleartronic, Inc. (0001362516).
2026-03-04 11:14:39 [INF] CIK 0001362516 | Missing Book-to-Market data for Company Cleartronic, Inc. (0001362516) in 2009.
2026-03-04 11:14:39 [INF] CIK 0001362516 | Skipping filing due to missing required data (CCM/CRSP/BTM).
2026-03-04 11:14:39 [INF] CIK 0001427714 | Filing 109/9706 for Year 2009 | Starting
2026-03-04 11:14:39 [INF] CIK 0001427714 | Missing permno mapping in CCM for Company LATIN AMERICAN VENTURES, INC. (0001427714).
2026-03-04 11:14:39 [INF] CIK 0001427714 | Missing Book-to-Market data for Company LATIN AMERICAN VENTURES, INC. (0001427714) in 2009.
2026-03-04 11:14:39 [INF] CIK 0001427714 | Skipping filing due to missing required data (CCM/CRSP/BTM).
2026-03-04 11:14:39 [INF] CIK 0001375686 | Filing 110/9706 for Year 2009 | Starting
2026-03-04 11:14:39 [INF] CIK 0001375686 | Missing CRSP trading days for Company BTHC VIII INC (0001375686) in 2009.
2026-03-04 11:14:39 [INF] CIK 0001375686 | Missing Book-to-Market data for Company BTHC VIII INC (0001375686) in 2009.
2026-03-04 11:14:39 [INF] CIK 0001375686 | Skipping filing due to missing required data (CCM/CRSP/BTM).
2026-03-04 11:14:39 [INF] CIK 0001415935 | Filing 111/9706 for Year 2009 | Starting
2026-03-04 11:14:39 [INF] CIK 0001415935 | Missing permno mapping in CCM for Company Axius Inc. (0001415935).
2026-03-04 11:14:39 [INF] CIK 0001415935 | Missing Book-to-Market data for Company Axius Inc. (0001415935) in 2009.
2026-03-04 11:14:39 [INF] CIK 0001415935 | Skipping filing due to missing required data (CCM/CRSP/BTM).
2026-03-04 11:14:39 [INF] CIK 0000781902 | Filing 112/9706 for Year 2009 | Starting
2026-03-04 11:14:39 [INF] CIK 0000781902 | Missing permno mapping in CCM for Company WASTE TECHNOLOGY CORP (0000781902).
2026-03-04 11:14:39 [INF] CIK 0000781902 | Missing Book-to-Market data for Company WASTE TECHNOLOGY CORP (0000781902) in 2009.
2026-03-04 11:14:39 [INF] CIK 0000781902 | Skipping filing due to missing required data (CCM/CRSP/BTM).
2026-03-04 11:14:39 [INF] CIK 0001082603 | Filing 113/9706 for Year 2009 | Starting
2026-03-04 11:14:39 [INF] CIK 0001082603 | Missing permno mapping in CCM for Company Global Peopleline Telecom Inc. (Formerly China Mobility Solutions, Inc.) (0001082603).
2026-03-04 11:14:39 [INF] CIK 0001082603 | Missing Book-to-Market data for Company Global Peopleline Telecom Inc. (Formerly China Mobility Solutions, Inc.) (0001082603) in 2009.
2026-03-04 11:14:39 [INF] CIK 0001082603 | Skipping filing due to missing required data (CCM/CRSP/BTM).
2026-03-04 11:14:39 [INF] CIK 0001342916 | Filing 114/9706 for Year 2009 | Starting
2026-03-04 11:14:39 [INF] CIK 0001342916 | Missing permno mapping in CCM for Company American Bonanza Resources Corp. (0001342916).
2026-03-04 11:14:39 [INF] CIK 0001342916 | Missing Book-to-Market data for Company American Bonanza Resources Corp. (0001342916) in 2009.
2026-03-04 11:14:39 [INF] CIK 0001342916 | Skipping filing due to missing required data (CCM/CRSP/BTM).
2026-03-04 11:14:39 [INF] CIK 0001375685 | Filing 115/9706 for Year 2009 | Starting
2026-03-04 11:14:39 [INF] CIK 0001375685 | Missing permno mapping in CCM for Company BTHC X INC (0001375685).
2026-03-04 11:14:39 [INF] CIK 0001375685 | Missing Book-to-Market data for Company BTHC X INC (0001375685) in 2009.
2026-03-04 11:14:39 [INF] CIK 0001375685 | Skipping filing due to missing required data (CCM/CRSP/BTM).
2026-03-04 11:14:39 [INF] CIK 0000904350 | Filing 116/9706 for Year 2009 | Starting
2026-03-04 11:14:39 [INF] CIK 0000904350 | Missing permno mapping in CCM for Company TRESTLE HOLDINGS, INC. (0000904350).
2026-03-04 11:14:39 [INF] CIK 0000904350 | Missing Book-to-Market data for Company TRESTLE HOLDINGS, INC. (0000904350) in 2009.
2026-03-04 11:14:39 [INF] CIK 0000904350 | Skipping filing due to missing required data (CCM/CRSP/BTM).
2026-03-04 11:14:39 [INF] CIK 0001094651 | Filing 117/9706 for Year 2009 | Starting
2026-03-04 11:14:39 [INF] CIK 0001094651 | Missing permno mapping in CCM for Company TRIMAX CORP (0001094651).
2026-03-04 11:14:39 [INF] CIK 0001094651 | Missing Book-to-Market data for Company TRIMAX CORP (0001094651) in 2009.
2026-03-04 11:14:39 [INF] CIK 0001094651 | Skipping filing due to missing required data (CCM/CRSP/BTM).
2026-03-04 11:14:39 [INF] CIK 0001316360 | Filing 118/9706 for Year 2009 | Starting
2026-03-04 11:14:39 [INF] CIK 0001316360 | Missing permno mapping in CCM for Company IHS Inc. (0001316360).
2026-03-04 11:14:39 [INF] CIK 0001316360 | Missing Book-to-Market data for Company IHS Inc. (0001316360) in 2009.
2026-03-04 11:14:39 [INF] CIK 0001316360 | Skipping filing due to missing required data (CCM/CRSP/BTM).
2026-03-04 11:14:39 [INF] CIK 0001405646 | Filing 119/9706 for Year 2009 | Starting
2026-03-04 11:14:39 [INF] CIK 0001405646 | Missing permno mapping in CCM for Company BTHC XIV, Inc. (0001405646).
2026-03-04 11:14:39 [INF] CIK 0001405646 | Missing Book-to-Market data for Company BTHC XIV, Inc. (0001405646) in 2009.
2026-03-04 11:14:39 [INF] CIK 0001405646 | Skipping filing due to missing required data (CCM/CRSP/BTM).
2026-03-04 11:14:39 [INF] CIK 0000019149 | Filing 120/9706 for Year 2009 | Starting
2026-03-04 11:14:39 [INF] CIK 0000019149 | Downloading filing HTML (cached if available)
2026-03-04 11:14:39 [INF] CIK 0000019149 | Reading HTML from C:\git\Edgar\Edgar\Data\raw\2009\0000019149\000001914909000003\0000019149-09-000003.txt
2026-03-04 11:14:39 [INF] CIK 0000019149 | Cleaning + extracting sections
2026-03-04 11:14:39 [INF] CIK 0000019149 | Filing 120/9706 for Year 2009 | Finished
2026-03-04 11:14:39 [INF] CIK 0000020740 | Filing 121/9706 for Year 2009 | Starting
2026-03-04 11:14:39 [INF] CIK 0000020740 | Downloading filing HTML (cached if available)
2026-03-04 11:14:39 [INF] CIK 0000020740 | Reading HTML from C:\git\Edgar\Edgar\Data\raw\2009\0000020740\000095013709000448\0000950137-09-000448.txt
2026-03-04 11:14:39 [INF] CIK 0000020740 | Cleaning + extracting sections
2026-03-04 11:14:39 [INF] CIK 0000020740 | Filing 121/9706 for Year 2009 | Finished
2026-03-04 11:14:39 [INF] CIK 0000742550 | Filing 122/9706 for Year 2009 | Starting
2026-03-04 11:14:39 [INF] CIK 0000742550 | Downloading filing HTML (cached if available)
2026-03-04 11:14:39 [INF] CIK 0000742550 | Reading HTML from C:\git\Edgar\Edgar\Data\raw\2009\0000742550\000110465909003899\0001104659-09-003899.txt
2026-03-04 11:14:39 [INF] CIK 0000742550 | Cleaning + extracting sections
2026-03-04 11:14:39 [INF] CIK 0000742550 | Filing 122/9706 for Year 2009 | Finished
2026-03-04 11:14:39 [INF] CIK 0000796343 | Filing 123/9706 for Year 2009 | Starting
2026-03-04 11:14:39 [INF] CIK 0000796343 | Downloading filing HTML (cached if available)
2026-03-04 11:14:39 [INF] CIK 0000796343 | Reading HTML from C:\git\Edgar\Edgar\Data\raw\2009\0000796343\000079634309000007\0000796343-09-000007.txt
2026-03-04 11:14:39 [INF] CIK 0000796343 | Cleaning + extracting sections
2026-03-04 11:14:39 [INF] CIK 0000796343 | Filing 123/9706 for Year 2009 | Finished
2026-03-04 11:14:39 [INF] CIK 0001057695 | Filing 124/9706 for Year 2009 | Starting
2026-03-04 11:14:39 [INF] CIK 0001057695 | Missing permno mapping in CCM for Company INTERNATIONAL SMART SOURCING INC (0001057695).
2026-03-04 11:14:39 [INF] CIK 0001057695 | Missing Book-to-Market data for Company INTERNATIONAL SMART SOURCING INC (0001057695) in 2009.
2026-03-04 11:14:39 [INF] CIK 0001057695 | Skipping filing due to missing required data (CCM/CRSP/BTM).
2026-03-04 11:14:39 [INF] CIK 0001279363 | Filing 125/9706 for Year 2009 | Starting
2026-03-04 11:14:39 [INF] CIK 0001279363 | Downloading filing HTML (cached if available)
2026-03-04 11:14:39 [INF] CIK 0001279363 | Reading HTML from C:\git\Edgar\Edgar\Data\raw\2009\0001279363\000110465909003936\0001104659-09-003936.txt
2026-03-04 11:14:40 [INF] CIK 0001279363 | Cleaning + extracting sections
2026-03-04 11:14:40 [INF] CIK 0001279363 | Filing 125/9706 for Year 2009 | Finished
2026-03-04 11:14:40 [INF] CIK 0001345432 | Filing 126/9706 for Year 2009 | Starting
2026-03-04 11:14:40 [INF] CIK 0001345432 | Missing permno mapping in CCM for Company PERFECTENERGY INTERNATIONAL LTD (0001345432).
2026-03-04 11:14:40 [INF] CIK 0001345432 | Missing Book-to-Market data for Company PERFECTENERGY INTERNATIONAL LTD (0001345432) in 2009.
2026-03-04 11:14:40 [INF] CIK 0001345432 | Skipping filing due to missing required data (CCM/CRSP/BTM).
2026-03-04 11:14:40 [INF] CIK 0001412090 | Filing 127/9706 for Year 2009 | Starting
2026-03-04 11:14:40 [INF] CIK 0001412090 | Missing permno mapping in CCM for Company BTHC XV, Inc. (0001412090).
2026-03-04 11:14:40 [INF] CIK 0001412090 | Missing Book-to-Market data for Company BTHC XV, Inc. (0001412090) in 2009.
2026-03-04 11:14:40 [INF] CIK 0001412090 | Skipping filing due to missing required data (CCM/CRSP/BTM).
2026-03-04 11:14:40 [INF] CIK 0001415936 | Filing 128/9706 for Year 2009 | Starting
2026-03-04 11:14:40 [INF] CIK 0001415936 | Missing permno mapping in CCM for Company Reflex Inc. (0001415936).
2026-03-04 11:14:40 [INF] CIK 0001415936 | Missing Book-to-Market data for Company Reflex Inc. (0001415936) in 2009.
2026-03-04 11:14:40 [INF] CIK 0001415936 | Skipping filing due to missing required data (CCM/CRSP/BTM).
2026-03-04 11:14:40 [INF] CIK 0001419177 | Filing 129/9706 for Year 2009 | Starting
2026-03-04 11:14:40 [INF] CIK 0001419177 | Missing permno mapping in CCM for Company KUNEKT CORP (0001419177).
2026-03-04 11:14:40 [INF] CIK 0001419177 | Missing Book-to-Market data for Company KUNEKT CORP (0001419177) in 2009.
2026-03-04 11:14:40 [INF] CIK 0001419177 | Skipping filing due to missing required data (CCM/CRSP/BTM).
2026-03-04 11:14:40 [INF] CIK 0001419995 | Filing 130/9706 for Year 2009 | Starting
2026-03-04 11:14:40 [INF] CIK 0001419995 | Missing permno mapping in CCM for Company FAMOUS PRODUCTS INC (0001419995).
2026-03-04 11:14:40 [INF] CIK 0001419995 | Missing Book-to-Market data for Company FAMOUS PRODUCTS INC (0001419995) in 2009.
2026-03-04 11:14:40 [INF] CIK 0001419995 | Skipping filing due to missing required data (CCM/CRSP/BTM).
2026-03-04 11:14:40 [INF] CIK 0001422222 | Filing 131/9706 for Year 2009 | Starting
2026-03-04 11:14:40 [INF] CIK 0001422222 | Missing permno mapping in CCM for Company 1 LANE TECHNOLOGIES CORP (0001422222).
2026-03-04 11:14:40 [INF] CIK 0001422222 | Missing Book-to-Market data for Company 1 LANE TECHNOLOGIES CORP (0001422222) in 2009.
2026-03-04 11:14:40 [INF] CIK 0001422222 | Skipping filing due to missing required data (CCM/CRSP/BTM).
2026-03-04 11:14:40 [INF] CIK 0001431934 | Filing 132/9706 for Year 2009 | Starting
2026-03-04 11:14:40 [INF] CIK 0001431934 | Missing permno mapping in CCM for Company DYNAMIC APPLICATIONS CORP (0001431934).
2026-03-04 11:14:40 [INF] CIK 0001431934 | Missing Book-to-Market data for Company DYNAMIC APPLICATIONS CORP (0001431934) in 2009.
2026-03-04 11:14:40 [INF] CIK 0001431934 | Skipping filing due to missing required data (CCM/CRSP/BTM).
2026-03-04 11:14:40 [INF] CIK 0000815093 | Filing 133/9706 for Year 2009 | Starting
2026-03-04 11:14:40 [INF] CIK 0000815093 | Downloading filing HTML (cached if available)
2026-03-04 11:14:40 [INF] CIK 0000815093 | Reading HTML from C:\git\Edgar\Edgar\Data\raw\2009\0000815093\000089710109000139\0000897101-09-000139.txt
2026-03-04 11:14:40 [INF] CIK 0000815093 | Cleaning + extracting sections
2026-03-04 11:14:40 [INF] CIK 0000815093 | Filing 133/9706 for Year 2009 | Finished
2026-03-04 11:14:40 [INF] CIK 0001177394 | Filing 134/9706 for Year 2009 | Starting
2026-03-04 11:14:40 [INF] CIK 0001177394 | Downloading filing HTML (cached if available)
2026-03-04 11:14:40 [INF] CIK 0001177394 | Reading HTML from C:\git\Edgar\Edgar\Data\raw\2009\0001177394\000119312509011519\0001193125-09-011519.txt
2026-03-04 11:14:40 [INF] CIK 0001177394 | Cleaning + extracting sections
2026-03-04 11:14:40 [INF] CIK 0001177394 | Filing 134/9706 for Year 2009 | Finished
2026-03-04 11:14:40 [INF] CIK 0001181749 | Filing 135/9706 for Year 2009 | Starting
2026-03-04 11:14:40 [INF] CIK 0001181749 | Missing permno mapping in CCM for Company Granite Falls Energy, LLC (0001181749).
2026-03-04 11:14:40 [INF] CIK 0001181749 | Missing Book-to-Market data for Company Granite Falls Energy, LLC (0001181749) in 2009.
2026-03-04 11:14:40 [INF] CIK 0001181749 | Skipping filing due to missing required data (CCM/CRSP/BTM).
2026-03-04 11:14:40 [INF] CIK 0001348362 | Filing 136/9706 for Year 2009 | Starting
2026-03-04 11:14:40 [INF] CIK 0001348362 | Missing permno mapping in CCM for Company LEXARIA CORP. (0001348362).
2026-03-04 11:14:40 [INF] CIK 0001348362 | Missing Book-to-Market data for Company LEXARIA CORP. (0001348362) in 2009.
2026-03-04 11:14:40 [INF] CIK 0001348362 | Skipping filing due to missing required data (CCM/CRSP/BTM).
2026-03-04 11:14:40 [INF] CIK 0001353489 | Filing 137/9706 for Year 2009 | Starting
2026-03-04 11:14:40 [INF] CIK 0001353489 | Missing permno mapping in CCM for Company HSM HOLDINGS, INC (0001353489).
2026-03-04 11:14:40 [INF] CIK 0001353489 | Missing Book-to-Market data for Company HSM HOLDINGS, INC (0001353489) in 2009.
2026-03-04 11:14:40 [INF] CIK 0001353489 | Skipping filing due to missing required data (CCM/CRSP/BTM).
2026-03-04 11:14:40 [INF] CIK 0001363343 | Filing 138/9706 for Year 2009 | Starting
2026-03-04 11:14:40 [INF] CIK 0001363343 | Missing permno mapping in CCM for Company Marketing Acquisition Corp (0001363343).
2026-03-04 11:14:40 [INF] CIK 0001363343 | Missing Book-to-Market data for Company Marketing Acquisition Corp (0001363343) in 2009.
2026-03-04 11:14:40 [INF] CIK 0001363343 | Skipping filing due to missing required data (CCM/CRSP/BTM).
2026-03-04 11:14:40 [INF] CIK 0001397951 | Filing 139/9706 for Year 2009 | Starting
2026-03-04 11:14:40 [INF] CIK 0001397951 | Missing permno mapping in CCM for Company AUROR CAPITAL CORP (0001397951).
2026-03-04 11:14:40 [INF] CIK 0001397951 | Missing Book-to-Market data for Company AUROR CAPITAL CORP (0001397951) in 2009.
2026-03-04 11:14:40 [INF] CIK 0001397951 | Skipping filing due to missing required data (CCM/CRSP/BTM).
2026-03-04 11:14:40 [INF] CIK 0001421323 | Filing 140/9706 for Year 2009 | Starting
2026-03-04 11:14:40 [INF] CIK 0001421323 | Missing permno mapping in CCM for Company Ensign Services, Inc. (0001421323).
2026-03-04 11:14:40 [INF] CIK 0001421323 | Missing Book-to-Market data for Company Ensign Services, Inc. (0001421323) in 2009.
2026-03-04 11:14:40 [INF] CIK 0001421323 | Skipping filing due to missing required data (CCM/CRSP/BTM).
2026-03-04 11:14:40 [INF] CIK 0000785787 | Filing 141/9706 for Year 2009 | Starting
2026-03-04 11:14:40 [INF] CIK 0000785787 | Downloading filing HTML (cached if available)
2026-03-04 11:14:40 [INF] CIK 0000785787 | Reading HTML from C:\git\Edgar\Edgar\Data\raw\2009\0000785787\000104746909000421\0001047469-09-000421.txt
2026-03-04 11:14:40 [INF] CIK 0000785787 | Cleaning + extracting sections
2026-03-04 11:14:40 [INF] CIK 0000785787 | Filing 141/9706 for Year 2009 | Finished
2026-03-04 11:14:40 [INF] CIK 0000886982 | Filing 142/9706 for Year 2009 | Starting
2026-03-04 11:14:40 [INF] CIK 0000886982 | Downloading filing HTML (cached if available)
2026-03-04 11:14:40 [INF] CIK 0000886982 | Reading HTML from C:\git\Edgar\Edgar\Data\raw\2009\0000886982\000095012309001278\0000950123-09-001278.txt
2026-03-04 11:14:40 [INF] CIK 0000886982 | Cleaning + extracting sections
2026-03-04 11:14:40 [INF] CIK 0000886982 | Filing 142/9706 for Year 2009 | Finished
2026-03-04 11:14:40 [INF] CIK 0000920760 | Filing 143/9706 for Year 2009 | Starting
2026-03-04 11:14:40 [INF] CIK 0000920760 | Downloading filing HTML (cached if available)
2026-03-04 11:14:40 [INF] CIK 0000920760 | Reading HTML from C:\git\Edgar\Edgar\Data\raw\2009\0000920760\000119312509011559\0001193125-09-011559.txt
2026-03-04 11:14:40 [INF] CIK 0000920760 | Cleaning + extracting sections
2026-03-04 11:14:40 [INF] CIK 0000920760 | Filing 143/9706 for Year 2009 | Finished
2026-03-04 11:14:40 [INF] CIK 0000101821 | Filing 144/9706 for Year 2009 | Starting
2026-03-04 11:14:40 [INF] CIK 0000101821 | Missing permno mapping in CCM for Company CANAL CAPITAL CORP (0000101821).
2026-03-04 11:14:40 [INF] CIK 0000101821 | Missing Book-to-Market data for Company CANAL CAPITAL CORP (0000101821) in 2009.
2026-03-04 11:14:40 [INF] CIK 0000101821 | Skipping filing due to missing required data (CCM/CRSP/BTM).
2026-03-04 11:14:40 [INF] CIK 0001085280 | Filing 145/9706 for Year 2009 | Starting
2026-03-04 11:14:40 [INF] CIK 0001085280 | Downloading filing HTML (cached if available)
2026-03-04 11:14:40 [INF] CIK 0001085280 | Reading HTML from C:\git\Edgar\Edgar\Data\raw\2009\0001085280\000119312509012267\0001193125-09-012267.txt
2026-03-04 11:14:40 [INF] CIK 0001085280 | Cleaning + extracting sections
2026-03-04 11:14:40 [INF] CIK 0001085280 | Filing 145/9706 for Year 2009 | Finished
2026-03-04 11:14:40 [INF] CIK 0001137469 | Filing 146/9706 for Year 2009 | Starting
2026-03-04 11:14:40 [INF] CIK 0001137469 | Missing permno mapping in CCM for Company NOVA BIOSOURCE FUELS, INC. (0001137469).
2026-03-04 11:14:40 [INF] CIK 0001137469 | Missing Book-to-Market data for Company NOVA BIOSOURCE FUELS, INC. (0001137469) in 2009.
2026-03-04 11:14:40 [INF] CIK 0001137469 | Skipping filing due to missing required data (CCM/CRSP/BTM).
2026-03-04 11:14:40 [INF] CIK 0001285014 | Filing 147/9706 for Year 2009 | Starting
2026-03-04 11:14:40 [INF] CIK 0001285014 | Missing permno mapping in CCM for Company NAVISTAR FINANCIAL RETAIL REC CORP 2004 A OWNER TRUST (0001285014).
2026-03-04 11:14:40 [INF] CIK 0001285014 | Missing Book-to-Market data for Company NAVISTAR FINANCIAL RETAIL REC CORP 2004 A OWNER TRUST (0001285014) in 2009.
2026-03-04 11:14:40 [INF] CIK 0001285014 | Skipping filing due to missing required data (CCM/CRSP/BTM).
2026-03-04 11:14:40 [INF] CIK 0001287082 | Filing 148/9706 for Year 2009 | Starting
2026-03-04 11:14:40 [INF] CIK 0001287082 | Missing permno mapping in CCM for Company NAVISTAR FINANCIAL RETAIL REC CORP 2003 B OWNER TRUST (0001287082).
2026-03-04 11:14:40 [INF] CIK 0001287082 | Missing Book-to-Market data for Company NAVISTAR FINANCIAL RETAIL REC CORP 2003 B OWNER TRUST (0001287082) in 2009.
2026-03-04 11:14:40 [INF] CIK 0001287082 | Skipping filing due to missing required data (CCM/CRSP/BTM).
2026-03-04 11:14:40 [INF] CIK 0001308733 | Filing 149/9706 for Year 2009 | Starting
2026-03-04 11:14:40 [INF] CIK 0001308733 | Missing permno mapping in CCM for Company Navistar Financial 2004-B Owner Trust (0001308733).
2026-03-04 11:14:40 [INF] CIK 0001308733 | Missing Book-to-Market data for Company Navistar Financial 2004-B Owner Trust (0001308733) in 2009.
2026-03-04 11:14:40 [INF] CIK 0001308733 | Skipping filing due to missing required data (CCM/CRSP/BTM).
2026-03-04 11:14:40 [INF] CIK 0001332760 | Filing 150/9706 for Year 2009 | Starting
2026-03-04 11:14:40 [INF] CIK 0001332760 | Missing permno mapping in CCM for Company Navistar Financial 2005-A Owner Trust (0001332760).
2026-03-04 11:14:40 [INF] CIK 0001332760 | Missing Book-to-Market data for Company Navistar Financial 2005-A Owner Trust (0001332760) in 2009.
2026-03-04 11:14:40 [INF] CIK 0001332760 | Skipping filing due to missing required data (CCM/CRSP/BTM).
2026-03-04 11:14:40 [INF] CIK 0001387620 | Filing 151/9706 for Year 2009 | Starting
2026-03-04 11:14:40 [INF] CIK 0001387620 | Missing permno mapping in CCM for Company BBN Global Consulting, Inc (0001387620).
2026-03-04 11:14:40 [INF] CIK 0001387620 | Missing Book-to-Market data for Company BBN Global Consulting, Inc (0001387620) in 2009.
2026-03-04 11:14:40 [INF] CIK 0001387620 | Skipping filing due to missing required data (CCM/CRSP/BTM).
2026-03-04 11:14:40 [INF] CIK 0001393612 | Filing 152/9706 for Year 2009 | Starting
2026-03-04 11:14:40 [INF] CIK 0001393612 | Downloading filing HTML (cached if available)
2026-03-04 11:14:40 [INF] CIK 0001393612 | Reading HTML from C:\git\Edgar\Edgar\Data\raw\2009\0001393612\000119312509013205\0001193125-09-013205.txt
2026-03-04 11:14:40 [INF] CIK 0001393612 | Cleaning + extracting sections
2026-03-04 11:14:40 [INF] CIK 0001393612 | Filing 152/9706 for Year 2009 | Finished
2026-03-04 11:14:40 [INF] CIK 0001394638 | Filing 153/9706 for Year 2009 | Starting
2026-03-04 11:14:40 [INF] CIK 0001394638 | Missing permno mapping in CCM for Company B2 HEALTH, INC. (0001394638).
2026-03-04 11:14:40 [INF] CIK 0001394638 | Missing Book-to-Market data for Company B2 HEALTH, INC. (0001394638) in 2009.
2026-03-04 11:14:40 [INF] CIK 0001394638 | Skipping filing due to missing required data (CCM/CRSP/BTM).
2026-03-04 11:14:40 [INF] CIK 0001413507 | Filing 154/9706 for Year 2009 | Starting
2026-03-04 11:14:40 [INF] CIK 0001413507 | Missing CRSP trading days for Company SYNERGY RESOURCES CORP (0001413507) in 2009.
2026-03-04 11:14:40 [INF] CIK 0001413507 | Missing Book-to-Market data for Company SYNERGY RESOURCES CORP (0001413507) in 2009.
2026-03-04 11:14:40 [INF] CIK 0001413507 | Skipping filing due to missing required data (CCM/CRSP/BTM).
2026-03-04 11:14:40 [INF] CIK 0000014177 | Filing 155/9706 for Year 2009 | Starting
2026-03-04 11:14:40 [INF] CIK 0000014177 | Downloading filing HTML (cached if available)
2026-03-04 11:14:40 [INF] CIK 0000014177 | Reading HTML from C:\git\Edgar\Edgar\Data\raw\2009\0000014177\000120677409000106\0001206774-09-000106.txt
2026-03-04 11:14:40 [INF] CIK 0000014177 | Cleaning + extracting sections
2026-03-04 11:14:40 [INF] CIK 0000014177 | Filing 155/9706 for Year 2009 | Finished
2026-03-04 11:14:40 [INF] CIK 0001418730 | Filing 156/9706 for Year 2009 | Starting
2026-03-04 11:14:40 [INF] CIK 0001418730 | Missing permno mapping in CCM for Company Your Way Holding Corp (0001418730).
2026-03-04 11:14:40 [INF] CIK 0001418730 | Missing Book-to-Market data for Company Your Way Holding Corp (0001418730) in 2009.
2026-03-04 11:14:40 [INF] CIK 0001418730 | Skipping filing due to missing required data (CCM/CRSP/BTM).
2026-03-04 11:14:40 [INF] CIK 0001423239 | Filing 157/9706 for Year 2009 | Starting
2026-03-04 11:14:40 [INF] CIK 0001423239 | Missing permno mapping in CCM for Company Jasper Ventures Inc. (0001423239).
2026-03-04 11:14:40 [INF] CIK 0001423239 | Missing Book-to-Market data for Company Jasper Ventures Inc. (0001423239) in 2009.
2026-03-04 11:14:40 [INF] CIK 0001423239 | Skipping filing due to missing required data (CCM/CRSP/BTM).
2026-03-04 11:14:40 [INF] CIK 0001431714 | Filing 158/9706 for Year 2009 | Starting
2026-03-04 11:14:40 [INF] CIK 0001431714 | Missing permno mapping in CCM for Company John Deere Owner Trust 2008 (0001431714).
2026-03-04 11:14:40 [INF] CIK 0001431714 | Missing Book-to-Market data for Company John Deere Owner Trust 2008 (0001431714) in 2009.
2026-03-04 11:14:40 [INF] CIK 0001431714 | Skipping filing due to missing required data (CCM/CRSP/BTM).
2026-03-04 11:14:40 [INF] CIK 0000039368 | Filing 159/9706 for Year 2009 | Starting
2026-03-04 11:14:40 [INF] CIK 0000039368 | Downloading filing HTML (cached if available)
2026-03-04 11:14:40 [INF] CIK 0000039368 | Reading HTML from C:\git\Edgar\Edgar\Data\raw\2009\0000039368\000119312509012966\0001193125-09-012966.txt
2026-03-04 11:14:41 [INF] CIK 0000039368 | Cleaning + extracting sections
2026-03-04 11:14:41 [INF] CIK 0000039368 | Filing 159/9706 for Year 2009 | Finished
2026-03-04 11:14:41 [INF] CIK 0000063754 | Filing 160/9706 for Year 2009 | Starting
2026-03-04 11:14:41 [INF] CIK 0000063754 | Downloading filing HTML (cached if available)
2026-03-04 11:14:41 [INF] CIK 0000063754 | Reading HTML from C:\git\Edgar\Edgar\Data\raw\2009\0000063754\000119312509013251\0001193125-09-013251.txt
2026-03-04 11:14:41 [INF] CIK 0000063754 | Cleaning + extracting sections
2026-03-04 11:14:41 [INF] CIK 0000063754 | Filing 160/9706 for Year 2009 | Finished
2026-03-04 11:14:41 [INF] CIK 0001000230 | Filing 161/9706 for Year 2009 | Starting
2026-03-04 11:14:41 [INF] CIK 0001000230 | Downloading filing HTML (cached if available)
2026-03-04 11:14:41 [INF] CIK 0001000230 | Reading HTML from C:\git\Edgar\Edgar\Data\raw\2009\0001000230\000119312509014313\0001193125-09-014313.txt
2026-03-04 11:14:41 [INF] CIK 0001000230 | Cleaning + extracting sections
2026-03-04 11:14:41 [INF] CIK 0001000230 | Filing 161/9706 for Year 2009 | Finished
2026-03-04 11:14:41 [INF] CIK 0001007019 | Filing 162/9706 for Year 2009 | Starting
2026-03-04 11:14:41 [INF] CIK 0001007019 | Downloading filing HTML (cached if available)
2026-03-04 11:14:41 [INF] CIK 0001007019 | Reading HTML from C:\git\Edgar\Edgar\Data\raw\2009\0001007019\000135448809000093\0001354488-09-000093.txt
2026-03-04 11:14:41 [INF] CIK 0001007019 | Cleaning + extracting sections
2026-03-04 11:14:41 [INF] CIK 0001007019 | Filing 162/9706 for Year 2009 | Finished
2026-03-04 11:14:41 [INF] CIK 0001058027 | Filing 163/9706 for Year 2009 | Starting
2026-03-04 11:14:41 [INF] CIK 0001058027 | Downloading filing HTML (cached if available)
2026-03-04 11:14:41 [INF] CIK 0001058027 | Reading HTML from C:\git\Edgar\Edgar\Data\raw\2009\0001058027\000114420409004203\0001144204-09-004203.txt
2026-03-04 11:14:41 [INF] CIK 0001058027 | Cleaning + extracting sections
2026-03-04 11:14:41 [INF] CIK 0001058027 | Filing 163/9706 for Year 2009 | Finished
2026-03-04 11:14:41 [INF] CIK 0001076682 | Filing 164/9706 for Year 2009 | Starting
2026-03-04 11:14:41 [INF] CIK 0001076682 | Downloading filing HTML (cached if available)
2026-03-04 11:14:41 [INF] CIK 0001076682 | Reading HTML from C:\git\Edgar\Edgar\Data\raw\2009\0001076682\000095012309001565\0000950123-09-001565.txt
2026-03-04 11:14:41 [INF] CIK 0001076682 | Cleaning + extracting sections
2026-03-04 11:14:41 [INF] CIK 0001076682 | Filing 164/9706 for Year 2009 | Finished
2026-03-04 11:14:41 [INF] CIK 0001092807 | Filing 165/9706 for Year 2009 | Starting
2026-03-04 11:14:41 [INF] CIK 0001092807 | Missing permno mapping in CCM for Company ALPINE AIR EXPRESS INC/DE (0001092807).
2026-03-04 11:14:41 [INF] CIK 0001092807 | Missing Book-to-Market data for Company ALPINE AIR EXPRESS INC/DE (0001092807) in 2009.
2026-03-04 11:14:41 [INF] CIK 0001092807 | Skipping filing due to missing required data (CCM/CRSP/BTM).
2026-03-04 11:14:41 [INF] CIK 0001102542 | Filing 166/9706 for Year 2009 | Starting
2026-03-04 11:14:41 [INF] CIK 0001102542 | Missing permno mapping in CCM for Company SCO GROUP INC (0001102542).
2026-03-04 11:14:41 [INF] CIK 0001102542 | Missing Book-to-Market data for Company SCO GROUP INC (0001102542) in 2009.
2026-03-04 11:14:41 [INF] CIK 0001102542 | Skipping filing due to missing required data (CCM/CRSP/BTM).
2026-03-04 11:14:41 [INF] CIK 0001111285 | Filing 167/9706 for Year 2009 | Starting
2026-03-04 11:14:41 [INF] CIK 0001111285 | Missing permno mapping in CCM for Company SEGWAY IV CORP (0001111285).
2026-03-04 11:14:41 [INF] CIK 0001111285 | Missing Book-to-Market data for Company SEGWAY IV CORP (0001111285) in 2009.
2026-03-04 11:14:41 [INF] CIK 0001111285 | Skipping filing due to missing required data (CCM/CRSP/BTM).
2026-03-04 11:14:41 [INF] CIK 0001123316 | Filing 168/9706 for Year 2009 | Starting
2026-03-04 11:14:41 [INF] CIK 0001123316 | Downloading filing HTML (cached if available)
2026-03-04 11:14:41 [INF] CIK 0001123316 | Reading HTML from C:\git\Edgar\Edgar\Data\raw\2009\0001123316\000095013509000537\0000950135-09-000537.txt
2026-03-04 11:14:41 [INF] CIK 0001123316 | Cleaning + extracting sections
2026-03-04 11:14:41 [INF] CIK 0001123316 | Filing 168/9706 for Year 2009 | Finished
2026-03-04 11:14:41 [INF] CIK 0001125259 | Filing 169/9706 for Year 2009 | Starting
2026-03-04 11:14:41 [INF] CIK 0001125259 | Missing permno mapping in CCM for Company CARNIVAL PLC (0001125259).
2026-03-04 11:14:41 [INF] CIK 0001125259 | Missing Book-to-Market data for Company CARNIVAL PLC (0001125259) in 2009.
2026-03-04 11:14:41 [INF] CIK 0001125259 | Skipping filing due to missing required data (CCM/CRSP/BTM).
2026-03-04 11:14:41 [INF] CIK 0001159464 | Filing 170/9706 for Year 2009 | Starting
2026-03-04 11:14:41 [INF] CIK 0001159464 | Missing permno mapping in CCM for Company MONEYFLOW SYSTEMS INTERNATIONAL INC (0001159464).
2026-03-04 11:14:41 [INF] CIK 0001159464 | Missing Book-to-Market data for Company MONEYFLOW SYSTEMS INTERNATIONAL INC (0001159464) in 2009.
2026-03-04 11:14:41 [INF] CIK 0001159464 | Skipping filing due to missing required data (CCM/CRSP/BTM).
2026-03-04 11:14:41 [INF] CIK 0001185218 | Filing 171/9706 for Year 2009 | Starting
2026-03-04 11:14:41 [INF] CIK 0001185218 | Missing permno mapping in CCM for Company GENERAL RED INTERNATIONAL, INC. (0001185218).
2026-03-04 11:14:41 [INF] CIK 0001185218 | Missing Book-to-Market data for Company GENERAL RED INTERNATIONAL, INC. (0001185218) in 2009.
2026-03-04 11:14:41 [INF] CIK 0001185218 | Skipping filing due to missing required data (CCM/CRSP/BTM).
2026-03-04 11:14:41 [INF] CIK 0001190370 | Filing 172/9706 for Year 2009 | Starting
2026-03-04 11:14:41 [INF] CIK 0001190370 | Missing permno mapping in CCM for Company INNOVATIVE DESIGNS INC (0001190370).
2026-03-04 11:14:41 [INF] CIK 0001190370 | Missing Book-to-Market data for Company INNOVATIVE DESIGNS INC (0001190370) in 2009.
2026-03-04 11:14:41 [INF] CIK 0001190370 | Skipping filing due to missing required data (CCM/CRSP/BTM).
2026-03-04 11:14:41 [INF] CIK 0001206942 | Filing 173/9706 for Year 2009 | Starting
2026-03-04 11:14:41 [INF] CIK 0001206942 | Missing permno mapping in CCM for Company GOLDEN GRAIN ENERGY (0001206942).
2026-03-04 11:14:41 [INF] CIK 0001206942 | Missing Book-to-Market data for Company GOLDEN GRAIN ENERGY (0001206942) in 2009.
2026-03-04 11:14:41 [INF] CIK 0001206942 | Skipping filing due to missing required data (CCM/CRSP/BTM).
2026-03-04 11:14:41 [INF] CIK 0001210536 | Filing 174/9706 for Year 2009 | Starting
2026-03-04 11:14:41 [INF] CIK 0001210536 | Missing permno mapping in CCM for Company PRINCIPAL CAPITAL GROUP, INC. (0001210536).
2026-03-04 11:14:41 [INF] CIK 0001210536 | Missing Book-to-Market data for Company PRINCIPAL CAPITAL GROUP, INC. (0001210536) in 2009.
2026-03-04 11:14:41 [INF] CIK 0001210536 | Skipping filing due to missing required data (CCM/CRSP/BTM).
2026-03-04 11:14:41 [INF] CIK 0001212641 | Filing 175/9706 for Year 2009 | Starting
2026-03-04 11:14:41 [INF] CIK 0001212641 | Missing permno mapping in CCM for Company BRINX RESOURCES LTD (0001212641).
2026-03-04 11:14:41 [INF] CIK 0001212641 | Missing Book-to-Market data for Company BRINX RESOURCES LTD (0001212641) in 2009.
2026-03-04 11:14:41 [INF] CIK 0001212641 | Skipping filing due to missing required data (CCM/CRSP/BTM).
2026-03-04 11:14:41 [INF] CIK 0000012779 | Filing 176/9706 for Year 2009 | Starting
2026-03-04 11:14:41 [INF] CIK 0000012779 | Missing permno mapping in CCM for Company BLUE RIDGE REAL ESTATE CO (0000012779).
2026-03-04 11:14:41 [INF] CIK 0000012779 | Missing Book-to-Market data for Company BLUE RIDGE REAL ESTATE CO (0000012779) in 2009.
2026-03-04 11:14:41 [INF] CIK 0000012779 | Skipping filing due to missing required data (CCM/CRSP/BTM).
2026-03-04 11:14:41 [INF] CIK 0001286964 | Filing 177/9706 for Year 2009 | Starting
2026-03-04 11:14:41 [INF] CIK 0001286964 | Missing permno mapping in CCM for Company Heron Lake BioEnergy, LLC (0001286964).
2026-03-04 11:14:41 [INF] CIK 0001286964 | Missing Book-to-Market data for Company Heron Lake BioEnergy, LLC (0001286964) in 2009.
2026-03-04 11:14:41 [INF] CIK 0001286964 | Skipping filing due to missing required data (CCM/CRSP/BTM).
2026-03-04 11:14:41 [INF] CIK 0001304161 | Filing 178/9706 for Year 2009 | Starting
2026-03-04 11:14:41 [INF] CIK 0001304161 | Missing permno mapping in CCM for Company Pharma-Bio Serv, Inc. (0001304161).
2026-03-04 11:14:41 [INF] CIK 0001304161 | Missing Book-to-Market data for Company Pharma-Bio Serv, Inc. (0001304161) in 2009.
2026-03-04 11:14:41 [INF] CIK 0001304161 | Skipping filing due to missing required data (CCM/CRSP/BTM).
2026-03-04 11:14:41 [INF] CIK 0001346973 | Filing 179/9706 for Year 2009 | Starting
2026-03-04 11:14:41 [INF] CIK 0001346973 | Missing permno mapping in CCM for Company American Antiquities, Inc. (0001346973).
2026-03-04 11:14:41 [INF] CIK 0001346973 | Missing Book-to-Market data for Company American Antiquities, Inc. (0001346973) in 2009.
2026-03-04 11:14:41 [INF] CIK 0001346973 | Skipping filing due to missing required data (CCM/CRSP/BTM).
2026-03-04 11:14:41 [INF] CIK 0001367555 | Filing 180/9706 for Year 2009 | Starting
2026-03-04 11:14:41 [INF] CIK 0001367555 | Missing permno mapping in CCM for Company Harrison Mining Inc. (0001367555).
2026-03-04 11:14:41 [INF] CIK 0001367555 | Missing Book-to-Market data for Company Harrison Mining Inc. (0001367555) in 2009.
2026-03-04 11:14:41 [INF] CIK 0001367555 | Skipping filing due to missing required data (CCM/CRSP/BTM).
2026-03-04 11:14:41 [INF] CIK 0001378044 | Filing 181/9706 for Year 2009 | Starting
2026-03-04 11:14:41 [INF] CIK 0001378044 | Missing permno mapping in CCM for Company REIDCO ACQUISITION I INC (0001378044).
2026-03-04 11:14:41 [INF] CIK 0001378044 | Missing Book-to-Market data for Company REIDCO ACQUISITION I INC (0001378044) in 2009.
2026-03-04 11:14:41 [INF] CIK 0001378044 | Skipping filing due to missing required data (CCM/CRSP/BTM).
2026-03-04 11:14:41 [INF] CIK 0001382462 | Filing 182/9706 for Year 2009 | Starting
2026-03-04 11:14:41 [INF] CIK 0001382462 | Missing permno mapping in CCM for Company Candev Resource Exploration, Inc. (0001382462).
2026-03-04 11:14:41 [INF] CIK 0001382462 | Missing Book-to-Market data for Company Candev Resource Exploration, Inc. (0001382462) in 2009.
2026-03-04 11:14:41 [INF] CIK 0001382462 | Skipping filing due to missing required data (CCM/CRSP/BTM).
2026-03-04 11:14:41 [INF] CIK 0001383145 | Filing 183/9706 for Year 2009 | Starting
2026-03-04 11:14:41 [INF] CIK 0001383145 | Missing permno mapping in CCM for Company Rohat Resources, Inc. (0001383145).
2026-03-04 11:14:41 [INF] CIK 0001383145 | Missing Book-to-Market data for Company Rohat Resources, Inc. (0001383145) in 2009.
2026-03-04 11:14:41 [INF] CIK 0001383145 | Skipping filing due to missing required data (CCM/CRSP/BTM).
2026-03-04 11:14:41 [INF] CIK 0001387054 | Filing 184/9706 for Year 2009 | Starting
2026-03-04 11:14:41 [INF] CIK 0001387054 | Missing permno mapping in CCM for Company Tara Minerals Corp. (0001387054).
2026-03-04 11:14:41 [INF] CIK 0001387054 | Missing Book-to-Market data for Company Tara Minerals Corp. (0001387054) in 2009.
2026-03-04 11:14:41 [INF] CIK 0001387054 | Skipping filing due to missing required data (CCM/CRSP/BTM).
2026-03-04 11:14:41 [INF] CIK 0001408198 | Filing 185/9706 for Year 2009 | Starting
2026-03-04 11:14:41 [INF] CIK 0001408198 | Downloading filing HTML (cached if available)
2026-03-04 11:14:41 [INF] CIK 0001408198 | Reading HTML from C:\git\Edgar\Edgar\Data\raw\2009\0001408198\000119312509014341\0001193125-09-014341.txt
2026-03-04 11:14:41 [INF] CIK 0001408198 | Cleaning + extracting sections
2026-03-04 11:14:41 [INF] CIK 0001408198 | Filing 185/9706 for Year 2009 | Finished
2026-03-04 11:14:41 [INF] CIK 0001419552 | Filing 186/9706 for Year 2009 | Starting
2026-03-04 11:14:41 [INF] CIK 0001419552 | Missing permno mapping in CCM for Company AFH ACQUISITION XII, INC. (0001419552).
2026-03-04 11:14:41 [INF] CIK 0001419552 | Missing Book-to-Market data for Company AFH ACQUISITION XII, INC. (0001419552) in 2009.
2026-03-04 11:14:41 [INF] CIK 0001419552 | Skipping filing due to missing required data (CCM/CRSP/BTM).
2026-03-04 11:14:41 [INF] CIK 0001419553 | Filing 187/9706 for Year 2009 | Starting
2026-03-04 11:14:41 [INF] CIK 0001419553 | Missing permno mapping in CCM for Company AFH ACQUISITION XI, INC. (0001419553).
2026-03-04 11:14:41 [INF] CIK 0001419553 | Missing Book-to-Market data for Company AFH ACQUISITION XI, INC. (0001419553) in 2009.
2026-03-04 11:14:41 [INF] CIK 0001419553 | Skipping filing due to missing required data (CCM/CRSP/BTM).
2026-03-04 11:14:41 [INF] CIK 0001419554 | Filing 188/9706 for Year 2009 | Starting
2026-03-04 11:14:41 [INF] CIK 0001419554 | Missing CRSP trading days for Company AFH ACQUISITION X, INC. (0001419554) in 2009.
2026-03-04 11:14:41 [INF] CIK 0001419554 | Missing Book-to-Market data for Company AFH ACQUISITION X, INC. (0001419554) in 2009.
2026-03-04 11:14:41 [INF] CIK 0001419554 | Skipping filing due to missing required data (CCM/CRSP/BTM).
2026-03-04 11:14:41 [INF] CIK 0001419556 | Filing 189/9706 for Year 2009 | Starting
2026-03-04 11:14:41 [INF] CIK 0001419556 | Missing permno mapping in CCM for Company AFH Acquisition IX, Inc. (0001419556).
2026-03-04 11:14:41 [INF] CIK 0001419556 | Missing Book-to-Market data for Company AFH Acquisition IX, Inc. (0001419556) in 2009.
2026-03-04 11:14:41 [INF] CIK 0001419556 | Skipping filing due to missing required data (CCM/CRSP/BTM).
2026-03-04 11:14:41 [INF] CIK 0001419560 | Filing 190/9706 for Year 2009 | Starting
2026-03-04 11:14:41 [INF] CIK 0001419560 | Missing permno mapping in CCM for Company AFH Acquisition VIII, Inc. (0001419560).
2026-03-04 11:14:41 [INF] CIK 0001419560 | Missing Book-to-Market data for Company AFH Acquisition VIII, Inc. (0001419560) in 2009.
2026-03-04 11:14:41 [INF] CIK 0001419560 | Skipping filing due to missing required data (CCM/CRSP/BTM).
2026-03-04 11:14:41 [INF] CIK 0001420030 | Filing 191/9706 for Year 2009 | Starting
2026-03-04 11:14:41 [INF] CIK 0001420030 | Missing permno mapping in CCM for Company AFH Acquisition III, Inc. (0001420030).
2026-03-04 11:14:41 [INF] CIK 0001420030 | Missing Book-to-Market data for Company AFH Acquisition III, Inc. (0001420030) in 2009.
2026-03-04 11:14:41 [INF] CIK 0001420030 | Skipping filing due to missing required data (CCM/CRSP/BTM).
2026-03-04 11:14:41 [INF] CIK 0001420031 | Filing 192/9706 for Year 2009 | Starting
2026-03-04 11:14:41 [INF] CIK 0001420031 | Missing permno mapping in CCM for Company AFH ACQUISITION IV, INC. (0001420031).
2026-03-04 11:14:41 [INF] CIK 0001420031 | Missing Book-to-Market data for Company AFH ACQUISITION IV, INC. (0001420031) in 2009.
2026-03-04 11:14:41 [INF] CIK 0001420031 | Skipping filing due to missing required data (CCM/CRSP/BTM).
2026-03-04 11:14:41 [INF] CIK 0001420033 | Filing 193/9706 for Year 2009 | Starting
2026-03-04 11:14:41 [INF] CIK 0001420033 | Missing permno mapping in CCM for Company AFH ACQUISITION V, INC. (0001420033).
2026-03-04 11:14:41 [INF] CIK 0001420033 | Missing Book-to-Market data for Company AFH ACQUISITION V, INC. (0001420033) in 2009.
2026-03-04 11:14:41 [INF] CIK 0001420033 | Skipping filing due to missing required data (CCM/CRSP/BTM).
2026-03-04 11:14:41 [INF] CIK 0001420034 | Filing 194/9706 for Year 2009 | Starting
2026-03-04 11:14:41 [INF] CIK 0001420034 | Missing permno mapping in CCM for Company AFH ACQUISITION VI, INC. (0001420034).
2026-03-04 11:14:41 [INF] CIK 0001420034 | Missing Book-to-Market data for Company AFH ACQUISITION VI, INC. (0001420034) in 2009.
2026-03-04 11:14:41 [INF] CIK 0001420034 | Skipping filing due to missing required data (CCM/CRSP/BTM).
2026-03-04 11:14:41 [INF] CIK 0001420035 | Filing 195/9706 for Year 2009 | Starting
2026-03-04 11:14:41 [INF] CIK 0001420035 | Missing permno mapping in CCM for Company AFH ACQUISITION VII, INC. (0001420035).
2026-03-04 11:14:41 [INF] CIK 0001420035 | Missing Book-to-Market data for Company AFH ACQUISITION VII, INC. (0001420035) in 2009.
2026-03-04 11:14:41 [INF] CIK 0001420035 | Skipping filing due to missing required data (CCM/CRSP/BTM).
2026-03-04 11:14:41 [INF] CIK 0001420569 | Filing 196/9706 for Year 2009 | Starting
2026-03-04 11:14:41 [INF] CIK 0001420569 | Missing permno mapping in CCM for Company Darlington Mines Ltd. (0001420569).
2026-03-04 11:14:41 [INF] CIK 0001420569 | Missing Book-to-Market data for Company Darlington Mines Ltd. (0001420569) in 2009.
2026-03-04 11:14:41 [INF] CIK 0001420569 | Skipping filing due to missing required data (CCM/CRSP/BTM).
2026-03-04 11:14:41 [INF] CIK 0001422295 | Filing 197/9706 for Year 2009 | Starting
2026-03-04 11:14:41 [INF] CIK 0001422295 | Missing permno mapping in CCM for Company Gas Salvage Corp. (0001422295).
2026-03-04 11:14:41 [INF] CIK 0001422295 | Missing Book-to-Market data for Company Gas Salvage Corp. (0001422295) in 2009.
2026-03-04 11:14:41 [INF] CIK 0001422295 | Skipping filing due to missing required data (CCM/CRSP/BTM).
2026-03-04 11:14:41 [INF] CIK 0001423579 | Filing 198/9706 for Year 2009 | Starting
2026-03-04 11:14:41 [INF] CIK 0001423579 | Missing permno mapping in CCM for Company Burrow Mining Inc. (0001423579).
2026-03-04 11:14:41 [INF] CIK 0001423579 | Missing Book-to-Market data for Company Burrow Mining Inc. (0001423579) in 2009.
2026-03-04 11:14:41 [INF] CIK 0001423579 | Skipping filing due to missing required data (CCM/CRSP/BTM).
2026-03-04 11:14:41 [INF] CIK 0001425897 | Filing 199/9706 for Year 2009 | Starting
2026-03-04 11:14:41 [INF] CIK 0001425897 | Missing permno mapping in CCM for Company Double Halo Resources Inc. (0001425897).
2026-03-04 11:14:41 [INF] CIK 0001425897 | Missing Book-to-Market data for Company Double Halo Resources Inc. (0001425897) in 2009.
2026-03-04 11:14:41 [INF] CIK 0001425897 | Skipping filing due to missing required data (CCM/CRSP/BTM).
2026-03-04 11:14:41 [INF] CIK 0001426780 | Filing 200/9706 for Year 2009 | Starting
2026-03-04 11:14:41 [INF] CIK 0001426780 | Missing permno mapping in CCM for Company Soy Energy, LLC (0001426780).
2026-03-04 11:14:41 [INF] CIK 0001426780 | Missing Book-to-Market data for Company Soy Energy, LLC (0001426780) in 2009.
2026-03-04 11:14:41 [INF] CIK 0001426780 | Skipping filing due to missing required data (CCM/CRSP/BTM).
2026-03-04 11:14:41 [INF] CIK 0001433994 | Filing 201/9706 for Year 2009 | Starting
2026-03-04 11:14:41 [INF] CIK 0001433994 | Missing permno mapping in CCM for Company CurrencyShares Singapore Dollar Trust (0001433994).
2026-03-04 11:14:41 [INF] CIK 0001433994 | Missing Book-to-Market data for Company CurrencyShares Singapore Dollar Trust (0001433994) in 2009.
2026-03-04 11:14:41 [INF] CIK 0001433994 | Skipping filing due to missing required data (CCM/CRSP/BTM).
2026-03-04 11:14:41 [INF] CIK 0001433995 | Filing 202/9706 for Year 2009 | Starting
2026-03-04 11:14:41 [INF] CIK 0001433995 | Missing permno mapping in CCM for Company CurrencyShares Russian Ruble Trust (0001433995).
2026-03-04 11:14:41 [INF] CIK 0001433995 | Missing Book-to-Market data for Company CurrencyShares Russian Ruble Trust (0001433995) in 2009.
2026-03-04 11:14:41 [INF] CIK 0001433995 | Skipping filing due to missing required data (CCM/CRSP/BTM).
2026-03-04 11:14:41 [INF] CIK 0001433997 | Filing 203/9706 for Year 2009 | Starting
2026-03-04 11:14:41 [INF] CIK 0001433997 | Missing permno mapping in CCM for Company CurrencyShares South African Rand Trust (0001433997).
2026-03-04 11:14:41 [INF] CIK 0001433997 | Missing Book-to-Market data for Company CurrencyShares South African Rand Trust (0001433997) in 2009.
2026-03-04 11:14:41 [INF] CIK 0001433997 | Skipping filing due to missing required data (CCM/CRSP/BTM).
2026-03-04 11:14:41 [INF] CIK 0001436174 | Filing 204/9706 for Year 2009 | Starting
2026-03-04 11:14:41 [INF] CIK 0001436174 | Missing permno mapping in CCM for Company TEEN GLOW MAKEUP, INC. (0001436174).
2026-03-04 11:14:41 [INF] CIK 0001436174 | Missing Book-to-Market data for Company TEEN GLOW MAKEUP, INC. (0001436174) in 2009.
2026-03-04 11:14:41 [INF] CIK 0001436174 | Skipping filing due to missing required data (CCM/CRSP/BTM).
2026-03-04 11:14:41 [INF] CIK 0001443611 | Filing 205/9706 for Year 2009 | Starting
2026-03-04 11:14:41 [INF] CIK 0001443611 | Missing permno mapping in CCM for Company CARBON CREDITS INTERNATIONAL, INC. (0001443611).
2026-03-04 11:14:41 [INF] CIK 0001443611 | Missing Book-to-Market data for Company CARBON CREDITS INTERNATIONAL, INC. (0001443611) in 2009.
2026-03-04 11:14:41 [INF] CIK 0001443611 | Skipping filing due to missing required data (CCM/CRSP/BTM).
2026-03-04 11:14:41 [INF] CIK 0000019520 | Filing 206/9706 for Year 2009 | Starting
2026-03-04 11:14:41 [INF] CIK 0000019520 | Downloading filing HTML (cached if available)
2026-03-04 11:14:41 [INF] CIK 0000019520 | Reading HTML from C:\git\Edgar\Edgar\Data\raw\2009\0000019520\000107261309000148\0001072613-09-000148.txt
2026-03-04 11:14:41 [INF] CIK 0000019520 | Cleaning + extracting sections
2026-03-04 11:14:41 [INF] CIK 0000019520 | Filing 206/9706 for Year 2009 | Finished
2026-03-04 11:14:41 [INF] CIK 0000225628 | Filing 207/9706 for Year 2009 | Starting
2026-03-04 11:14:41 [INF] CIK 0000225628 | Missing permno mapping in CCM for Company PASSUR Aerospace, Inc. (0000225628).
2026-03-04 11:14:41 [INF] CIK 0000225628 | Missing Book-to-Market data for Company PASSUR Aerospace, Inc. (0000225628) in 2009.
2026-03-04 11:14:41 [INF] CIK 0000225628 | Skipping filing due to missing required data (CCM/CRSP/BTM).
2026-03-04 11:14:41 [INF] CIK 0000051548 | Filing 208/9706 for Year 2009 | Starting
2026-03-04 11:14:41 [INF] CIK 0000051548 | Downloading filing HTML (cached if available)
2026-03-04 11:14:41 [INF] CIK 0000051548 | Reading HTML from C:\git\Edgar\Edgar\Data\raw\2009\0000051548\000092575109000004\0000925751-09-000004.txt
2026-03-04 11:14:41 [INF] CIK 0000051548 | Cleaning + extracting sections
2026-03-04 11:14:41 [INF] CIK 0000051548 | Filing 208/9706 for Year 2009 | Finished
2026-03-04 11:14:41 [INF] CIK 0000740664 | Filing 209/9706 for Year 2009 | Starting
2026-03-04 11:14:41 [INF] CIK 0000740664 | Downloading filing HTML (cached if available)
2026-03-04 11:14:41 [INF] CIK 0000740664 | Reading HTML from C:\git\Edgar\Edgar\Data\raw\2009\0000740664\000114420409004022\0001144204-09-004022.txt
2026-03-04 11:14:41 [INF] CIK 0000740664 | Cleaning + extracting sections
2026-03-04 11:14:41 [INF] CIK 0000740664 | Filing 209/9706 for Year 2009 | Finished
2026-03-04 11:14:41 [INF] CIK 0000790730 | Filing 210/9706 for Year 2009 | Starting
2026-03-04 11:14:41 [INF] CIK 0000790730 | Downloading filing HTML (cached if available)
2026-03-04 11:14:41 [INF] CIK 0000790730 | Reading HTML from C:\git\Edgar\Edgar\Data\raw\2009\0000790730\000079073009000004\0000790730-09-000004.txt
2026-03-04 11:14:42 [INF] CIK 0000790730 | Cleaning + extracting sections
2026-03-04 11:14:42 [INF] CIK 0000790730 | Filing 210/9706 for Year 2009 | Finished
2026-03-04 11:14:42 [INF] CIK 0000795266 | Filing 211/9706 for Year 2009 | Starting
2026-03-04 11:14:42 [INF] CIK 0000795266 | Downloading filing HTML (cached if available)
2026-03-04 11:14:42 [INF] CIK 0000795266 | Reading HTML from C:\git\Edgar\Edgar\Data\raw\2009\0000795266\000095013409001433\0000950134-09-001433.txt
2026-03-04 11:14:42 [INF] CIK 0000795266 | Cleaning + extracting sections
2026-03-04 11:14:42 [INF] CIK 0000795266 | Filing 211/9706 for Year 2009 | Finished
2026-03-04 11:14:42 [INF] CIK 0000815097 | Filing 212/9706 for Year 2009 | Starting
2026-03-04 11:14:42 [INF] CIK 0000815097 | Downloading filing HTML (cached if available)
2026-03-04 11:14:42 [INF] CIK 0000815097 | Reading HTML from C:\git\Edgar\Edgar\Data\raw\2009\0000815097\000119312509013746\0001193125-09-013746.txt
2026-03-04 11:14:42 [INF] CIK 0000815097 | Cleaning + extracting sections
2026-03-04 11:14:42 [INF] CIK 0000815097 | Filing 212/9706 for Year 2009 | Finished
2026-03-04 11:14:42 [INF] CIK 0000876167 | Filing 213/9706 for Year 2009 | Starting
2026-03-04 11:14:42 [INF] CIK 0000876167 | Downloading filing HTML (cached if available)
2026-03-04 11:14:42 [INF] CIK 0000876167 | Reading HTML from C:\git\Edgar\Edgar\Data\raw\2009\0000876167\000095013509000542\0000950135-09-000542.txt
2026-03-04 11:14:42 [INF] CIK 0000876167 | Cleaning + extracting sections
2026-03-04 11:14:42 [INF] CIK 0000876167 | Filing 213/9706 for Year 2009 | Finished
2026-03-04 11:14:42 [INF] CIK 0000895421 | Filing 214/9706 for Year 2009 | Starting
2026-03-04 11:14:42 [INF] CIK 0000895421 | Downloading filing HTML (cached if available)
2026-03-04 11:14:42 [INF] CIK 0000895421 | Reading HTML from C:\git\Edgar\Edgar\Data\raw\2009\0000895421\000119312509013429\0001193125-09-013429.txt
2026-03-04 11:14:42 [INF] CIK 0000895421 | Cleaning + extracting sections
2026-03-04 11:14:42 [INF] CIK 0000895421 | Filing 214/9706 for Year 2009 | Finished
2026-03-04 11:14:42 [INF] CIK 0000913659 | Filing 215/9706 for Year 2009 | Starting
2026-03-04 11:14:42 [INF] CIK 0000913659 | Missing permno mapping in CCM for Company RAPID LINK INC (0000913659).
2026-03-04 11:14:42 [INF] CIK 0000913659 | Missing Book-to-Market data for Company RAPID LINK INC (0000913659) in 2009.
2026-03-04 11:14:42 [INF] CIK 0000913659 | Skipping filing due to missing required data (CCM/CRSP/BTM).
2026-03-04 11:14:42 [INF] CIK 0000949876 | Filing 216/9706 for Year 2009 | Starting
2026-03-04 11:14:42 [INF] CIK 0000949876 | Missing permno mapping in CCM for Company NORTH AMERICAN SCIENTIFIC INC (0000949876).
2026-03-04 11:14:42 [INF] CIK 0000949876 | Missing Book-to-Market data for Company NORTH AMERICAN SCIENTIFIC INC (0000949876) in 2009.
2026-03-04 11:14:42 [INF] CIK 0000949876 | Skipping filing due to missing required data (CCM/CRSP/BTM).
2026-03-04 11:14:42 [INF] CIK 0001011452 | Filing 217/9706 for Year 2009 | Starting
2026-03-04 11:14:42 [INF] CIK 0001011452 | Missing permno mapping in CCM for Company MEDICAL INFORMATION TECHNOLOGY INC (0001011452).
2026-03-04 11:14:42 [INF] CIK 0001011452 | Missing Book-to-Market data for Company MEDICAL INFORMATION TECHNOLOGY INC (0001011452) in 2009.
2026-03-04 11:14:42 [INF] CIK 0001011452 | Skipping filing due to missing required data (CCM/CRSP/BTM).
2026-03-04 11:14:42 [INF] CIK 0001018724 | Filing 218/9706 for Year 2009 | Starting
2026-03-04 11:14:42 [INF] CIK 0001018724 | Downloading filing HTML (cached if available)
2026-03-04 11:14:42 [INF] CIK 0001018724 | Reading HTML from C:\git\Edgar\Edgar\Data\raw\2009\0001018724\000119312509014406\0001193125-09-014406.txt
2026-03-04 11:14:42 [INF] CIK 0001018724 | Cleaning + extracting sections
2026-03-04 11:14:42 [INF] CIK 0001018724 | Filing 218/9706 for Year 2009 | Finished
2026-03-04 11:14:42 [INF] CIK 0001045014 | Filing 219/9706 for Year 2009 | Starting
2026-03-04 11:14:42 [INF] CIK 0001045014 | Downloading filing HTML (cached if available)
2026-03-04 11:14:42 [INF] CIK 0001045014 | Reading HTML from C:\git\Edgar\Edgar\Data\raw\2009\0001045014\000104501409000006\0001045014-09-000006.txt
2026-03-04 11:14:42 [INF] CIK 0001045014 | Cleaning + extracting sections
2026-03-04 11:14:42 [INF] CIK 0001045014 | Filing 219/9706 for Year 2009 | Finished
2026-03-04 11:14:42 [INF] CIK 0001090061 | Filing 220/9706 for Year 2009 | Starting
2026-03-04 11:14:42 [INF] CIK 0001090061 | Downloading filing HTML (cached if available)
2026-03-04 11:14:42 [INF] CIK 0001090061 | Reading HTML from C:\git\Edgar\Edgar\Data\raw\2009\0001090061\000119312509015155\0001193125-09-015155.txt
2026-03-04 11:14:42 [INF] CIK 0001090061 | Cleaning + extracting sections
2026-03-04 11:14:42 [INF] CIK 0001090061 | Filing 220/9706 for Year 2009 | Finished
2026-03-04 11:14:42 [INF] CIK 0001103076 | Filing 221/9706 for Year 2009 | Starting
2026-03-04 11:14:42 [INF] CIK 0001103076 | Missing permno mapping in CCM for Company EXCELSIOR VENTURE PARTNERS III LLC (0001103076).
2026-03-04 11:14:42 [INF] CIK 0001103076 | Missing Book-to-Market data for Company EXCELSIOR VENTURE PARTNERS III LLC (0001103076) in 2009.
2026-03-04 11:14:42 [INF] CIK 0001103076 | Skipping filing due to missing required data (CCM/CRSP/BTM).
2026-03-04 11:14:42 [INF] CIK 0001421766 | Filing 222/9706 for Year 2009 | Starting
2026-03-04 11:14:42 [INF] CIK 0001421766 | Missing permno mapping in CCM for Company Nicaragua Rising Inc. (0001421766).
2026-03-04 11:14:42 [INF] CIK 0001421766 | Missing Book-to-Market data for Company Nicaragua Rising Inc. (0001421766) in 2009.
2026-03-04 11:14:42 [INF] CIK 0001421766 | Skipping filing due to missing required data (CCM/CRSP/BTM).
2026-03-04 11:14:42 [INF] CIK 0000072205 | Filing 223/9706 for Year 2009 | Starting
2026-03-04 11:14:42 [INF] CIK 0000072205 | Downloading filing HTML (cached if available)
2026-03-04 11:14:42 [INF] CIK 0000072205 | Reading HTML from C:\git\Edgar\Edgar\Data\raw\2009\0000072205\000089706909000168\0000897069-09-000168.txt
2026-03-04 11:14:42 [INF] CIK 0000072205 | Cleaning + extracting sections
2026-03-04 11:14:42 [INF] CIK 0000072205 | Filing 223/9706 for Year 2009 | Finished
2026-03-04 11:14:42 [INF] CIK 0000103872 | Filing 224/9706 for Year 2009 | Starting
2026-03-04 11:14:42 [INF] CIK 0000103872 | Downloading filing HTML (cached if available)
2026-03-04 11:14:42 [INF] CIK 0000103872 | Reading HTML from C:\git\Edgar\Edgar\Data\raw\2009\0000103872\000115752309000729\0001157523-09-000729.txt
2026-03-04 11:14:43 [INF] CIK 0000103872 | Cleaning + extracting sections
2026-03-04 11:14:43 [INF] CIK 0000103872 | Filing 224/9706 for Year 2009 | Finished
2026-03-04 11:14:43 [INF] CIK 0001039466 | Filing 225/9706 for Year 2009 | Starting
2026-03-04 11:14:43 [INF] CIK 0001039466 | Missing permno mapping in CCM for Company XSUNX INC (0001039466).
2026-03-04 11:14:43 [INF] CIK 0001039466 | Missing Book-to-Market data for Company XSUNX INC (0001039466) in 2009.
2026-03-04 11:14:43 [INF] CIK 0001039466 | Skipping filing due to missing required data (CCM/CRSP/BTM).
2026-03-04 11:14:43 [INF] CIK 0001121814 | Filing 226/9706 for Year 2009 | Starting
2026-03-04 11:14:43 [INF] CIK 0001121814 | Missing permno mapping in CCM for Company BIG SKY INDUSTRIES IV INC (0001121814).
2026-03-04 11:14:43 [INF] CIK 0001121814 | Missing Book-to-Market data for Company BIG SKY INDUSTRIES IV INC (0001121814) in 2009.
2026-03-04 11:14:43 [INF] CIK 0001121814 | Skipping filing due to missing required data (CCM/CRSP/BTM).
2026-03-04 11:14:43 [INF] CIK 0001420216 | Filing 227/9706 for Year 2009 | Starting
2026-03-04 11:14:43 [INF] CIK 0001420216 | Missing permno mapping in CCM for Company Bright Screens, Inc. (0001420216).
2026-03-04 11:14:43 [INF] CIK 0001420216 | Missing Book-to-Market data for Company Bright Screens, Inc. (0001420216) in 2009.
2026-03-04 11:14:43 [INF] CIK 0001420216 | Skipping filing due to missing required data (CCM/CRSP/BTM).
2026-03-04 11:14:43 [INF] CIK 0000797465 | Filing 228/9706 for Year 2009 | Starting
2026-03-04 11:14:43 [INF] CIK 0000797465 | Downloading filing HTML (cached if available)
2026-03-04 11:14:43 [INF] CIK 0000797465 | Reading HTML from C:\git\Edgar\Edgar\Data\raw\2009\0000797465\000136231009000945\0001362310-09-000945.txt
2026-03-04 11:14:43 [INF] CIK 0000797465 | Cleaning + extracting sections
2026-03-04 11:14:43 [INF] CIK 0000797465 | Filing 228/9706 for Year 2009 | Finished
2026-03-04 11:14:43 [INF] CIK 0000849502 | Filing 229/9706 for Year 2009 | Starting
2026-03-04 11:14:43 [INF] CIK 0000849502 | Downloading filing HTML (cached if available)
2026-03-04 11:14:43 [INF] CIK 0000849502 | Reading HTML from C:\git\Edgar\Edgar\Data\raw\2009\0000849502\000084950209000004\0000849502-09-000004.txt
2026-03-04 11:14:43 [INF] CIK 0000849502 | Cleaning + extracting sections
2026-03-04 11:14:43 [INF] CIK 0000849502 | Filing 229/9706 for Year 2009 | Finished
2026-03-04 11:14:43 [INF] CIK 0000092380 | Filing 230/9706 for Year 2009 | Starting
2026-03-04 11:14:43 [INF] CIK 0000092380 | Downloading filing HTML (cached if available)
2026-03-04 11:14:43 [INF] CIK 0000092380 | Reading HTML from C:\git\Edgar\Edgar\Data\raw\2009\0000092380\000119312509015591\0001193125-09-015591.txt
2026-03-04 11:14:43 [INF] CIK 0000092380 | Cleaning + extracting sections
2026-03-04 11:14:43 [INF] CIK 0000092380 | Filing 230/9706 for Year 2009 | Finished
2026-03-04 11:14:43 [INF] CIK 0001001679 | Filing 231/9706 for Year 2009 | Starting
2026-03-04 11:14:43 [INF] CIK 0001001679 | Missing permno mapping in CCM for Company NAVISTAR FINANCIAL DEALER NOTE MASTER TRUST (0001001679).
2026-03-04 11:14:43 [INF] CIK 0001001679 | Missing Book-to-Market data for Company NAVISTAR FINANCIAL DEALER NOTE MASTER TRUST (0001001679) in 2009.
2026-03-04 11:14:43 [INF] CIK 0001001679 | Skipping filing due to missing required data (CCM/CRSP/BTM).
2026-03-04 11:14:43 [INF] CIK 0001030206 | Filing 232/9706 for Year 2009 | Starting
2026-03-04 11:14:43 [INF] CIK 0001030206 | Downloading filing HTML (cached if available)
2026-03-04 11:14:43 [INF] CIK 0001030206 | Reading HTML from C:\git\Edgar\Edgar\Data\raw\2009\0001030206\000089710109000223\0000897101-09-000223.txt
2026-03-04 11:14:43 [INF] CIK 0001030206 | Cleaning + extracting sections
2026-03-04 11:14:43 [INF] CIK 0001030206 | Filing 232/9706 for Year 2009 | Finished
2026-03-04 11:14:43 [INF] CIK 0001099132 | Filing 233/9706 for Year 2009 | Starting
2026-03-04 11:14:43 [INF] CIK 0001099132 | Missing permno mapping in CCM for Company MANHATTAN SCIENTIFICS INC (0001099132).
2026-03-04 11:14:43 [INF] CIK 0001099132 | Missing Book-to-Market data for Company MANHATTAN SCIENTIFICS INC (0001099132) in 2009.
2026-03-04 11:14:43 [INF] CIK 0001099132 | Skipping filing due to missing required data (CCM/CRSP/BTM).
2026-03-04 11:14:43 [INF] CIK 0001227898 | Filing 234/9706 for Year 2009 | Starting
2026-03-04 11:14:43 [INF] CIK 0001227898 | Missing permno mapping in CCM for Company NAVISTAR FINANCIAL DEALER NOTE MASTER OWNER TRUST (0001227898).
2026-03-04 11:14:43 [INF] CIK 0001227898 | Missing Book-to-Market data for Company NAVISTAR FINANCIAL DEALER NOTE MASTER OWNER TRUST (0001227898) in 2009.
2026-03-04 11:14:43 [INF] CIK 0001227898 | Skipping filing due to missing required data (CCM/CRSP/BTM).
2026-03-04 11:14:43 [INF] CIK 0001309126 | Filing 235/9706 for Year 2009 | Starting
2026-03-04 11:14:43 [INF] CIK 0001309126 | Missing permno mapping in CCM for Company Money Tree, Inc. (0001309126).
2026-03-04 11:14:43 [INF] CIK 0001309126 | Missing Book-to-Market data for Company Money Tree, Inc. (0001309126) in 2009.
2026-03-04 11:14:43 [INF] CIK 0001309126 | Skipping filing due to missing required data (CCM/CRSP/BTM).
2026-03-04 11:14:43 [INF] CIK 0001433593 | Filing 236/9706 for Year 2009 | Starting
2026-03-04 11:14:43 [INF] CIK 0001433593 | Missing permno mapping in CCM for Company Noble Medical Technologies, Inc. (0001433593).
2026-03-04 11:14:43 [INF] CIK 0001433593 | Missing Book-to-Market data for Company Noble Medical Technologies, Inc. (0001433593) in 2009.
2026-03-04 11:14:43 [INF] CIK 0001433593 | Skipping filing due to missing required data (CCM/CRSP/BTM).
2026-03-04 11:14:43 [INF] CIK 0000039263 | Filing 237/9706 for Year 2009 | Starting
2026-03-04 11:14:43 [INF] CIK 0000039263 | Downloading filing HTML (cached if available)
2026-03-04 11:14:43 [INF] CIK 0000039263 | Reading HTML from C:\git\Edgar\Edgar\Data\raw\2009\0000039263\000119312509017234\0001193125-09-017234.txt
2026-03-04 11:14:43 [INF] CIK 0000039263 | Cleaning + extracting sections
2026-03-04 11:14:43 [INF] CIK 0000039263 | Filing 237/9706 for Year 2009 | Finished
2026-03-04 11:14:43 [INF] CIK 0000735993 | Filing 238/9706 for Year 2009 | Starting
2026-03-04 11:14:43 [INF] CIK 0000735993 | Missing permno mapping in CCM for Company BAKBONE SOFTWARE INC (0000735993).
2026-03-04 11:14:43 [INF] CIK 0000735993 | Missing Book-to-Market data for Company BAKBONE SOFTWARE INC (0000735993) in 2009.
2026-03-04 11:14:43 [INF] CIK 0000735993 | Skipping filing due to missing required data (CCM/CRSP/BTM).
2026-03-04 11:14:43 [INF] CIK 0000814920 | Filing 239/9706 for Year 2009 | Starting
2026-03-04 11:14:43 [INF] CIK 0000814920 | Missing permno mapping in CCM for Company MILLENNIA INC (0000814920).
2026-03-04 11:14:43 [INF] CIK 0000814920 | Missing Book-to-Market data for Company MILLENNIA INC (0000814920) in 2009.
2026-03-04 11:14:43 [INF] CIK 0000814920 | Skipping filing due to missing required data (CCM/CRSP/BTM).
2026-03-04 11:14:43 [INF] CIK 0001054374 | Filing 240/9706 for Year 2009 | Starting
2026-03-04 11:14:43 [INF] CIK 0001054374 | Downloading filing HTML (cached if available)
2026-03-04 11:14:43 [INF] CIK 0001054374 | Reading HTML from C:\git\Edgar\Edgar\Data\raw\2009\0001054374\000095013409001749\0000950134-09-001749.txt
2026-03-04 11:14:43 [INF] CIK 0001054374 | Cleaning + extracting sections
2026-03-04 11:14:43 [INF] CIK 0001054374 | Filing 240/9706 for Year 2009 | Finished
2026-03-04 11:14:43 [INF] CIK 0001422128 | Filing 241/9706 for Year 2009 | Starting
2026-03-04 11:14:43 [INF] CIK 0001422128 | Missing permno mapping in CCM for Company E 18 CORP (0001422128).
2026-03-04 11:14:43 [INF] CIK 0001422128 | Missing Book-to-Market data for Company E 18 CORP (0001422128) in 2009.
2026-03-04 11:14:43 [INF] CIK 0001422128 | Skipping filing due to missing required data (CCM/CRSP/BTM).
2026-03-04 11:14:43 [INF] CIK 0001424151 | Filing 242/9706 for Year 2009 | Starting
2026-03-04 11:14:43 [INF] CIK 0001424151 | Missing permno mapping in CCM for Company Plata Resources, Inc. (0001424151).
2026-03-04 11:14:43 [INF] CIK 0001424151 | Missing Book-to-Market data for Company Plata Resources, Inc. (0001424151) in 2009.
2026-03-04 11:14:43 [INF] CIK 0001424151 | Skipping filing due to missing required data (CCM/CRSP/BTM).
2026-03-04 11:14:43 [INF] CIK 0000860748 | Filing 243/9706 for Year 2009 | Starting
2026-03-04 11:14:43 [INF] CIK 0000860748 | Downloading filing HTML (cached if available)
2026-03-04 11:14:43 [INF] CIK 0000860748 | Reading HTML from C:\git\Edgar\Edgar\Data\raw\2009\0000860748\000119312509018930\0001193125-09-018930.txt
2026-03-04 11:14:43 [INF] CIK 0000860748 | Cleaning + extracting sections
2026-03-04 11:14:43 [INF] CIK 0000860748 | Filing 243/9706 for Year 2009 | Finished
2026-03-04 11:14:43 [INF] CIK 0000914475 | Filing 244/9706 for Year 2009 | Starting
2026-03-04 11:14:43 [INF] CIK 0000914475 | Downloading filing HTML (cached if available)
2026-03-04 11:14:43 [INF] CIK 0000914475 | Reading HTML from C:\git\Edgar\Edgar\Data\raw\2009\0000914475\000093639209000039\0000936392-09-000039.txt
2026-03-04 11:14:43 [INF] CIK 0000914475 | Cleaning + extracting sections
2026-03-04 11:14:43 [INF] CIK 0000914475 | Filing 244/9706 for Year 2009 | Finished
2026-03-04 11:14:43 [INF] CIK 0001004155 | Filing 245/9706 for Year 2009 | Starting
2026-03-04 11:14:43 [INF] CIK 0001004155 | Downloading filing HTML (cached if available)
2026-03-04 11:14:43 [INF] CIK 0001004155 | Reading HTML from C:\git\Edgar\Edgar\Data\raw\2009\0001004155\000100415509000008\0001004155-09-000008.txt
2026-03-04 11:14:43 [INF] CIK 0001004155 | Cleaning + extracting sections
2026-03-04 11:14:43 [INF] CIK 0001004155 | Filing 245/9706 for Year 2009 | Finished
2026-03-04 11:14:43 [INF] CIK 0001030839 | Filing 246/9706 for Year 2009 | Starting
2026-03-04 11:14:43 [INF] CIK 0001030839 | Missing permno mapping in CCM for Company Synovics Pharmaceuticals (0001030839).
2026-03-04 11:14:43 [INF] CIK 0001030839 | Missing Book-to-Market data for Company Synovics Pharmaceuticals (0001030839) in 2009.
2026-03-04 11:14:43 [INF] CIK 0001030839 | Skipping filing due to missing required data (CCM/CRSP/BTM).
2026-03-04 11:14:43 [INF] CIK 0001302707 | Filing 247/9706 for Year 2009 | Starting
2026-03-04 11:14:43 [INF] CIK 0001302707 | Downloading filing HTML (cached if available)
2026-03-04 11:14:43 [INF] CIK 0001302707 | Reading HTML from C:\git\Edgar\Edgar\Data\raw\2009\0001302707\000095014409000625\0000950144-09-000625.txt
2026-03-04 11:14:43 [INF] CIK 0001302707 | Cleaning + extracting sections
2026-03-04 11:14:43 [INF] CIK 0001302707 | Filing 247/9706 for Year 2009 | Finished
2026-03-04 11:14:43 [INF] CIK 0001328888 | Filing 248/9706 for Year 2009 | Starting
2026-03-04 11:14:43 [INF] CIK 0001328888 | Missing permno mapping in CCM for Company FREZER, INC. (0001328888).
2026-03-04 11:14:43 [INF] CIK 0001328888 | Missing Book-to-Market data for Company FREZER, INC. (0001328888) in 2009.
2026-03-04 11:14:43 [INF] CIK 0001328888 | Skipping filing due to missing required data (CCM/CRSP/BTM).
2026-03-04 11:14:43 [INF] CIK 0001388195 | Filing 249/9706 for Year 2009 | Starting
2026-03-04 11:14:43 [INF] CIK 0001388195 | Downloading filing HTML (cached if available)
2026-03-04 11:14:43 [INF] CIK 0001388195 | Reading HTML from C:\git\Edgar\Edgar\Data\raw\2009\0001388195\000119312509020006\0001193125-09-020006.txt
2026-03-04 11:14:44 [INF] CIK 0001388195 | Cleaning + extracting sections
2026-03-04 11:14:44 [INF] CIK 0001388195 | Filing 249/9706 for Year 2009 | Finished
2026-03-04 11:14:44 [INF] CIK 0000100885 | Filing 250/9706 for Year 2009 | Starting
2026-03-04 11:14:44 [INF] CIK 0000100885 | Downloading filing HTML (cached if available)
2026-03-04 11:14:44 [INF] CIK 0000100885 | Reading HTML from C:\git\Edgar\Edgar\Data\raw\2009\0000100885\000119312509021370\0001193125-09-021370.txt
2026-03-04 11:14:44 [INF] CIK 0000100885 | Cleaning + extracting sections
2026-03-04 11:14:44 [INF] CIK 0000100885 | Filing 250/9706 for Year 2009 | Finished
2026-03-04 11:14:44 [INF] CIK 0001035267 | Filing 251/9706 for Year 2009 | Starting
2026-03-04 11:14:44 [INF] CIK 0001035267 | Downloading filing HTML (cached if available)
2026-03-04 11:14:44 [INF] CIK 0001035267 | Reading HTML from C:\git\Edgar\Edgar\Data\raw\2009\0001035267\000119312509021360\0001193125-09-021360.txt
2026-03-04 11:14:44 [INF] CIK 0001035267 | Cleaning + extracting sections
2026-03-04 11:14:44 [INF] CIK 0001035267 | Filing 251/9706 for Year 2009 | Finished
2026-03-04 11:14:44 [INF] CIK 0001109357 | Filing 252/9706 for Year 2009 | Starting
2026-03-04 11:14:44 [INF] CIK 0001109357 | Downloading filing HTML (cached if available)
2026-03-04 11:14:44 [INF] CIK 0001109357 | Reading HTML from C:\git\Edgar\Edgar\Data\raw\2009\0001109357\000119312509021261\0001193125-09-021261.txt
2026-03-04 11:14:44 [INF] CIK 0001109357 | Cleaning + extracting sections
2026-03-04 11:14:44 [INF] CIK 0001109357 | Filing 252/9706 for Year 2009 | Finished
2026-03-04 11:14:44 [INF] CIK 0001113169 | Filing 253/9706 for Year 2009 | Starting
2026-03-04 11:14:44 [INF] CIK 0001113169 | Downloading filing HTML (cached if available)
2026-03-04 11:14:44 [INF] CIK 0001113169 | Reading HTML from C:\git\Edgar\Edgar\Data\raw\2009\0001113169\000095013309000237\0000950133-09-000237.txt
2026-03-04 11:14:44 [INF] CIK 0001113169 | Cleaning + extracting sections
2026-03-04 11:14:44 [INF] CIK 0001113169 | Filing 253/9706 for Year 2009 | Finished
2026-03-04 11:14:44 [INF] CIK 0001168165 | Filing 254/9706 for Year 2009 | Starting
2026-03-04 11:14:44 [INF] CIK 0001168165 | Missing permno mapping in CCM for Company EXELON GENERATION CO LLC (0001168165).
2026-03-04 11:14:44 [INF] CIK 0001168165 | Missing Book-to-Market data for Company EXELON GENERATION CO LLC (0001168165) in 2009.
2026-03-04 11:14:44 [INF] CIK 0001168165 | Skipping filing due to missing required data (CCM/CRSP/BTM).
2026-03-04 11:14:44 [INF] CIK 0001178879 | Filing 255/9706 for Year 2009 | Starting
2026-03-04 11:14:44 [INF] CIK 0001178879 | Downloading filing HTML (cached if available)
2026-03-04 11:14:44 [INF] CIK 0001178879 | Reading HTML from C:\git\Edgar\Edgar\Data\raw\2009\0001178879\000136231009001208\0001362310-09-001208.txt
2026-03-04 11:14:44 [INF] CIK 0001178879 | Cleaning + extracting sections
2026-03-04 11:14:44 [INF] CIK 0001178879 | Filing 255/9706 for Year 2009 | Finished
2026-03-04 11:14:44 [INF] CIK 0001272547 | Filing 256/9706 for Year 2009 | Starting
2026-03-04 11:14:44 [INF] CIK 0001272547 | Missing permno mapping in CCM for Company FREESCALE SEMICONDUCTOR INC (0001272547).
2026-03-04 11:14:44 [INF] CIK 0001272547 | Missing Book-to-Market data for Company FREESCALE SEMICONDUCTOR INC (0001272547) in 2009.
2026-03-04 11:14:44 [INF] CIK 0001272547 | Skipping filing due to missing required data (CCM/CRSP/BTM).
2026-03-04 11:14:44 [INF] CIK 0001392522 | Filing 257/9706 for Year 2009 | Starting
2026-03-04 11:14:44 [INF] CIK 0001392522 | Missing CRSP trading days for Company Freescale Semiconductor Holdings I, Ltd. (0001392522) in 2009.
2026-03-04 11:14:44 [INF] CIK 0001392522 | Missing Book-to-Market data for Company Freescale Semiconductor Holdings I, Ltd. (0001392522) in 2009.
2026-03-04 11:14:44 [INF] CIK 0001392522 | Skipping filing due to missing required data (CCM/CRSP/BTM).
2026-03-04 11:14:44 [INF] CIK 0001421527 | Filing 258/9706 for Year 2009 | Starting
2026-03-04 11:14:44 [INF] CIK 0001421527 | Missing permno mapping in CCM for Company SRKP 20 Inc (0001421527).
2026-03-04 11:14:44 [INF] CIK 0001421527 | Missing Book-to-Market data for Company SRKP 20 Inc (0001421527) in 2009.
2026-03-04 11:14:44 [INF] CIK 0001421527 | Skipping filing due to missing required data (CCM/CRSP/BTM).
2026-03-04 11:14:44 [INF] CIK 0000022606 | Filing 259/9706 for Year 2009 | Starting
2026-03-04 11:14:44 [INF] CIK 0000022606 | Missing permno mapping in CCM for Company COMMONWEALTH EDISON CO (0000022606).
2026-03-04 11:14:44 [INF] CIK 0000022606 | Missing Book-to-Market data for Company COMMONWEALTH EDISON CO (0000022606) in 2009.
2026-03-04 11:14:44 [INF] CIK 0000022606 | Skipping filing due to missing required data (CCM/CRSP/BTM).
2026-03-04 11:14:44 [INF] CIK 0000354190 | Filing 260/9706 for Year 2009 | Starting
2026-03-04 11:14:44 [INF] CIK 0000354190 | Downloading filing HTML (cached if available)
2026-03-04 11:14:44 [INF] CIK 0000354190 | Reading HTML from C:\git\Edgar\Edgar\Data\raw\2009\0000354190\000119312509021344\0001193125-09-021344.txt
2026-03-04 11:14:44 [INF] CIK 0000354190 | Cleaning + extracting sections
2026-03-04 11:14:44 [INF] CIK 0000354190 | Filing 260/9706 for Year 2009 | Finished
2026-03-04 11:14:44 [INF] CIK 0000078100 | Filing 261/9706 for Year 2009 | Starting
2026-03-04 11:14:44 [INF] CIK 0000078100 | Missing permno mapping in CCM for Company PECO ENERGY CO (0000078100).
2026-03-04 11:14:44 [INF] CIK 0000078100 | Missing Book-to-Market data for Company PECO ENERGY CO (0000078100) in 2009.
2026-03-04 11:14:44 [INF] CIK 0000078100 | Skipping filing due to missing required data (CCM/CRSP/BTM).
2026-03-04 11:14:44 [INF] CIK 0000875045 | Filing 262/9706 for Year 2009 | Starting
2026-03-04 11:14:44 [INF] CIK 0000875045 | Downloading filing HTML (cached if available)
2026-03-04 11:14:44 [INF] CIK 0000875045 | Reading HTML from C:\git\Edgar\Edgar\Data\raw\2009\0000875045\000095013509000730\0000950135-09-000730.txt
2026-03-04 11:14:44 [INF] CIK 0000875045 | Cleaning + extracting sections
2026-03-04 11:14:44 [INF] CIK 0000875045 | Filing 262/9706 for Year 2009 | Finished
2026-03-04 11:14:44 [INF] CIK 0001000753 | Filing 263/9706 for Year 2009 | Starting
2026-03-04 11:14:44 [INF] CIK 0001000753 | Downloading filing HTML (cached if available)
2026-03-04 11:14:44 [INF] CIK 0001000753 | Reading HTML from C:\git\Edgar\Edgar\Data\raw\2009\0001000753\000095012909000335\0000950129-09-000335.txt
2026-03-04 11:14:44 [INF] CIK 0001000753 | Cleaning + extracting sections
2026-03-04 11:14:44 [INF] CIK 0001000753 | Filing 263/9706 for Year 2009 | Finished
2026-03-04 11:14:44 [INF] CIK 0001035675 | Filing 264/9706 for Year 2009 | Starting
2026-03-04 11:14:44 [INF] CIK 0001035675 | Downloading filing HTML (cached if available)
2026-03-04 11:14:44 [INF] CIK 0001035675 | Reading HTML from C:\git\Edgar\Edgar\Data\raw\2009\0001035675\000119312509022516\0001193125-09-022516.txt
2026-03-04 11:14:44 [INF] CIK 0001035675 | Cleaning + extracting sections
2026-03-04 11:14:44 [INF] CIK 0001035675 | Filing 264/9706 for Year 2009 | Finished
2026-03-04 11:14:44 [INF] CIK 0000012927 | Filing 265/9706 for Year 2009 | Starting
2026-03-04 11:14:44 [INF] CIK 0000012927 | Downloading filing HTML (cached if available)
2026-03-04 11:14:44 [INF] CIK 0000012927 | Reading HTML from C:\git\Edgar\Edgar\Data\raw\2009\0000012927\000119312509022654\0001193125-09-022654.txt
2026-03-04 11:14:44 [INF] CIK 0000012927 | Cleaning + extracting sections
2026-03-04 11:14:45 [INF] CIK 0000012927 | Filing 265/9706 for Year 2009 | Finished
2026-03-04 11:14:45 [INF] CIK 0000013372 | Filing 266/9706 for Year 2009 | Starting
2026-03-04 11:14:45 [INF] CIK 0000013372 | Missing permno mapping in CCM for Company NSTAR ELECTRIC CO (0000013372).
2026-03-04 11:14:45 [INF] CIK 0000013372 | Missing Book-to-Market data for Company NSTAR ELECTRIC CO (0000013372) in 2009.
2026-03-04 11:14:45 [INF] CIK 0000013372 | Skipping filing due to missing required data (CCM/CRSP/BTM).
2026-03-04 11:14:45 [INF] CIK 0001426804 | Filing 267/9706 for Year 2009 | Starting
2026-03-04 11:14:45 [INF] CIK 0001426804 | Missing permno mapping in CCM for Company Laufer Bridge Enterprises, Inc. (0001426804).
2026-03-04 11:14:45 [INF] CIK 0001426804 | Missing Book-to-Market data for Company Laufer Bridge Enterprises, Inc. (0001426804) in 2009.
2026-03-04 11:14:45 [INF] CIK 0001426804 | Skipping filing due to missing required data (CCM/CRSP/BTM).
2026-03-04 11:14:45 [INF] CIK 0001428765 | Filing 268/9706 for Year 2009 | Starting
2026-03-04 11:14:45 [INF] CIK 0001428765 | Missing permno mapping in CCM for Company Wolfe Creek Mining Inc (0001428765).
2026-03-04 11:14:45 [INF] CIK 0001428765 | Missing Book-to-Market data for Company Wolfe Creek Mining Inc (0001428765) in 2009.
2026-03-04 11:14:45 [INF] CIK 0001428765 | Skipping filing due to missing required data (CCM/CRSP/BTM).
2026-03-04 11:14:45 [INF] CIK 0000711513 | Filing 269/9706 for Year 2009 | Starting
2026-03-04 11:14:45 [INF] CIK 0000711513 | Missing permno mapping in CCM for Company BOEING CAPITAL CORP (0000711513).
2026-03-04 11:14:45 [INF] CIK 0000711513 | Missing Book-to-Market data for Company BOEING CAPITAL CORP (0000711513) in 2009.
2026-03-04 11:14:45 [INF] CIK 0000711513 | Skipping filing due to missing required data (CCM/CRSP/BTM).
2026-03-04 11:14:45 [INF] CIK 0000890640 | Filing 270/9706 for Year 2009 | Starting
2026-03-04 11:14:45 [INF] CIK 0000890640 | Missing permno mapping in CCM for Company COREL CORP (0000890640).
2026-03-04 11:14:45 [INF] CIK 0000890640 | Missing Book-to-Market data for Company COREL CORP (0000890640) in 2009.
2026-03-04 11:14:45 [INF] CIK 0000890640 | Skipping filing due to missing required data (CCM/CRSP/BTM).
2026-03-04 11:14:45 [INF] CIK 0001057058 | Filing 271/9706 for Year 2009 | Starting
2026-03-04 11:14:45 [INF] CIK 0001057058 | Missing permno mapping in CCM for Company WASTE CONNECTIONS INC/DE (0001057058).
2026-03-04 11:14:45 [INF] CIK 0001057058 | Missing Book-to-Market data for Company WASTE CONNECTIONS INC/DE (0001057058) in 2009.
2026-03-04 11:14:45 [INF] CIK 0001057058 | Skipping filing due to missing required data (CCM/CRSP/BTM).
2026-03-04 11:14:45 [INF] CIK 0001061393 | Filing 272/9706 for Year 2009 | Starting
2026-03-04 11:14:45 [INF] CIK 0001061393 | Downloading filing HTML (cached if available)
2026-03-04 11:14:45 [INF] CIK 0001061393 | Reading HTML from C:\git\Edgar\Edgar\Data\raw\2009\0001061393\000116923209000715\0001169232-09-000715.txt
2026-03-04 11:14:45 [INF] CIK 0001061393 | Cleaning + extracting sections
2026-03-04 11:14:45 [INF] CIK 0001061393 | Filing 272/9706 for Year 2009 | Finished
2026-03-04 11:14:45 [INF] CIK 0001070361 | Filing 273/9706 for Year 2009 | Starting
2026-03-04 11:14:45 [INF] CIK 0001070361 | Missing permno mapping in CCM for Company ARTIFICIAL LIFE INC (0001070361).
2026-03-04 11:14:45 [INF] CIK 0001070361 | Missing Book-to-Market data for Company ARTIFICIAL LIFE INC (0001070361) in 2009.
2026-03-04 11:14:45 [INF] CIK 0001070361 | Skipping filing due to missing required data (CCM/CRSP/BTM).
2026-03-04 11:14:45 [INF] CIK 0001100778 | Filing 274/9706 for Year 2009 | Starting
2026-03-04 11:14:45 [INF] CIK 0001100778 | Missing permno mapping in CCM for Company Eight Dragons Co. (0001100778).
2026-03-04 11:14:45 [INF] CIK 0001100778 | Missing Book-to-Market data for Company Eight Dragons Co. (0001100778) in 2009.
2026-03-04 11:14:45 [INF] CIK 0001100778 | Skipping filing due to missing required data (CCM/CRSP/BTM).
2026-03-04 11:14:45 [INF] CIK 0001111468 | Filing 275/9706 for Year 2009 | Starting
2026-03-04 11:14:45 [INF] CIK 0001111468 | Missing permno mapping in CCM for Company TRANQUILITY INC (0001111468).
2026-03-04 11:14:45 [INF] CIK 0001111468 | Missing Book-to-Market data for Company TRANQUILITY INC (0001111468) in 2009.
2026-03-04 11:14:45 [INF] CIK 0001111468 | Skipping filing due to missing required data (CCM/CRSP/BTM).
2026-03-04 11:14:45 [INF] CIK 0001133421 | Filing 276/9706 for Year 2009 | Starting
2026-03-04 11:14:45 [INF] CIK 0001133421 | Downloading filing HTML (cached if available)
2026-03-04 11:14:45 [INF] CIK 0001133421 | Reading HTML from C:\git\Edgar\Edgar\Data\raw\2009\0001133421\000095013409002265\0000950134-09-002265.txt
2026-03-04 11:14:45 [INF] CIK 0001133421 | Cleaning + extracting sections
2026-03-04 11:14:45 [INF] CIK 0001133421 | Filing 276/9706 for Year 2009 | Finished
2026-03-04 11:14:45 [INF] CIK 0001364560 | Filing 277/9706 for Year 2009 | Starting
2026-03-04 11:14:45 [INF] CIK 0001364560 | Missing permno mapping in CCM for Company CLEARVIEW ACQUISITIONS, INC. (0001364560).
2026-03-04 11:14:45 [INF] CIK 0001364560 | Missing Book-to-Market data for Company CLEARVIEW ACQUISITIONS, INC. (0001364560) in 2009.
2026-03-04 11:14:45 [INF] CIK 0001364560 | Skipping filing due to missing required data (CCM/CRSP/BTM).
2026-03-04 11:14:45 [INF] CIK 0001399113 | Filing 278/9706 for Year 2009 | Starting
2026-03-04 11:14:45 [INF] CIK 0001399113 | Missing permno mapping in CCM for Company Rosca, Inc. (0001399113).
2026-03-04 11:14:45 [INF] CIK 0001399113 | Missing Book-to-Market data for Company Rosca, Inc. (0001399113) in 2009.
2026-03-04 11:14:45 [INF] CIK 0001399113 | Skipping filing due to missing required data (CCM/CRSP/BTM).
2026-03-04 11:14:45 [INF] CIK 0001420847 | Filing 279/9706 for Year 2009 | Starting
2026-03-04 11:14:45 [INF] CIK 0001420847 | Missing permno mapping in CCM for Company MAPLE MOUNTAIN PUMPKINS & AGRICULTURE, INC. (0001420847).
2026-03-04 11:14:45 [INF] CIK 0001420847 | Missing Book-to-Market data for Company MAPLE MOUNTAIN PUMPKINS & AGRICULTURE, INC. (0001420847) in 2009.
2026-03-04 11:14:45 [INF] CIK 0001420847 | Skipping filing due to missing required data (CCM/CRSP/BTM).
2026-03-04 11:14:45 [INF] CIK 0000018647 | Filing 280/9706 for Year 2009 | Starting
2026-03-04 11:14:45 [INF] CIK 0000018647 | Missing permno mapping in CCM for Company CENTRAL HUDSON GAS & ELECTRIC CORP (0000018647).
2026-03-04 11:14:45 [INF] CIK 0000018647 | Missing Book-to-Market data for Company CENTRAL HUDSON GAS & ELECTRIC CORP (0000018647) in 2009.
2026-03-04 11:14:45 [INF] CIK 0000018647 | Skipping filing due to missing required data (CCM/CRSP/BTM).
2026-03-04 11:14:45 [INF] CIK 0000719722 | Filing 281/9706 for Year 2009 | Starting
2026-03-04 11:14:45 [INF] CIK 0000719722 | Missing permno mapping in CCM for Company CARDIODYNAMICS INTERNATIONAL CORP (0000719722).
2026-03-04 11:14:45 [INF] CIK 0000719722 | Missing Book-to-Market data for Company CARDIODYNAMICS INTERNATIONAL CORP (0000719722) in 2009.
2026-03-04 11:14:45 [INF] CIK 0000719722 | Skipping filing due to missing required data (CCM/CRSP/BTM).
2026-03-04 11:14:45 [INF] CIK 0000773141 | Filing 282/9706 for Year 2009 | Starting
2026-03-04 11:14:45 [INF] CIK 0000773141 | Downloading filing HTML (cached if available)
2026-03-04 11:14:45 [INF] CIK 0000773141 | Reading HTML from C:\git\Edgar\Edgar\Data\raw\2009\0000773141\000119312509023530\0001193125-09-023530.txt
2026-03-04 11:14:45 [INF] CIK 0000773141 | Cleaning + extracting sections
2026-03-04 11:14:45 [INF] CIK 0000773141 | Filing 282/9706 for Year 2009 | Finished
2026-03-04 11:14:45 [INF] CIK 0000094845 | Filing 283/9706 for Year 2009 | Starting
2026-03-04 11:14:45 [INF] CIK 0000094845 | Missing CRSP trading days for Company LEVI STRAUSS & CO (0000094845) in 2009.
2026-03-04 11:14:45 [INF] CIK 0000094845 | Missing Book-to-Market data for Company LEVI STRAUSS & CO (0000094845) in 2009.
2026-03-04 11:14:45 [INF] CIK 0000094845 | Skipping filing due to missing required data (CCM/CRSP/BTM).
2026-03-04 11:14:45 [INF] CIK 0000101829 | Filing 284/9706 for Year 2009 | Starting
2026-03-04 11:14:45 [INF] CIK 0000101829 | Downloading filing HTML (cached if available)
2026-03-04 11:14:45 [INF] CIK 0000101829 | Reading HTML from C:\git\Edgar\Edgar\Data\raw\2009\0000101829\000119312509024624\0001193125-09-024624.txt
2026-03-04 11:14:47 [INF] CIK 0000101829 | Cleaning + extracting sections
2026-03-04 11:14:47 [INF] CIK 0000101829 | Filing 284/9706 for Year 2009 | Finished
2026-03-04 11:14:47 [INF] CIK 0001038074 | Filing 285/9706 for Year 2009 | Starting
2026-03-04 11:14:47 [INF] CIK 0001038074 | Downloading filing HTML (cached if available)
2026-03-04 11:14:47 [INF] CIK 0001038074 | Reading HTML from C:\git\Edgar\Edgar\Data\raw\2009\0001038074\000104746909000964\0001047469-09-000964.txt
2026-03-04 11:14:47 [INF] CIK 0001038074 | Cleaning + extracting sections
2026-03-04 11:14:47 [INF] CIK 0001038074 | Filing 285/9706 for Year 2009 | Finished
2026-03-04 11:14:47 [INF] CIK 0001039889 | Filing 286/9706 for Year 2009 | Starting
2026-03-04 11:14:47 [INF] CIK 0001039889 | Downloading filing HTML (cached if available)
2026-03-04 11:14:47 [INF] CIK 0001039889 | Reading HTML from C:\git\Edgar\Edgar\Data\raw\2009\0001039889\000095015309000121\0000950153-09-000121.txt
2026-03-04 11:14:47 [INF] CIK 0001039889 | Cleaning + extracting sections
2026-03-04 11:14:47 [INF] CIK 0001039889 | Filing 286/9706 for Year 2009 | Finished
2026-03-04 11:14:47 [INF] CIK 0001084961 | Filing 287/9706 for Year 2009 | Starting
2026-03-04 11:14:47 [INF] CIK 0001084961 | Downloading filing HTML (cached if available)
2026-03-04 11:14:47 [INF] CIK 0001084961 | Reading HTML from C:\git\Edgar\Edgar\Data\raw\2009\0001084961\000119312509024779\0001193125-09-024779.txt
2026-03-04 11:14:47 [INF] CIK 0001084961 | Cleaning + extracting sections
2026-03-04 11:14:47 [INF] CIK 0001084961 | Filing 287/9706 for Year 2009 | Finished
2026-03-04 11:14:47 [INF] CIK 0001174746 | Filing 288/9706 for Year 2009 | Starting
2026-03-04 11:14:47 [INF] CIK 0001174746 | Missing permno mapping in CCM for Company INTERCONTINENTALEXCHANGE INC (0001174746).
2026-03-04 11:14:47 [INF] CIK 0001174746 | Missing Book-to-Market data for Company INTERCONTINENTALEXCHANGE INC (0001174746) in 2009.
2026-03-04 11:14:47 [INF] CIK 0001174746 | Skipping filing due to missing required data (CCM/CRSP/BTM).
2026-03-04 11:14:47 [INF] CIK 0001359841 | Filing 289/9706 for Year 2009 | Starting
2026-03-04 11:14:47 [INF] CIK 0001359841 | Downloading filing HTML (cached if available)
2026-03-04 11:14:47 [INF] CIK 0001359841 | Reading HTML from C:\git\Edgar\Edgar\Data\raw\2009\0001359841\000095014409001148\0000950144-09-001148.txt
2026-03-04 11:14:47 [INF] CIK 0001359841 | Cleaning + extracting sections
2026-03-04 11:14:47 [INF] CIK 0001359841 | Filing 289/9706 for Year 2009 | Finished
2026-03-04 11:14:47 [INF] CIK 0001360244 | Filing 290/9706 for Year 2009 | Starting
2026-03-04 11:14:47 [INF] CIK 0001360244 | Missing permno mapping in CCM for Company Middle Kingdom Alliance Corp. (0001360244).
2026-03-04 11:14:47 [INF] CIK 0001360244 | Missing Book-to-Market data for Company Middle Kingdom Alliance Corp. (0001360244) in 2009.
2026-03-04 11:14:47 [INF] CIK 0001360244 | Skipping filing due to missing required data (CCM/CRSP/BTM).
2026-03-04 11:14:47 [INF] CIK 0001397016 | Filing 291/9706 for Year 2009 | Starting
2026-03-04 11:14:47 [INF] CIK 0001397016 | Missing CRSP trading days for Company Sustut Exploration Inc (0001397016) in 2009.
2026-03-04 11:14:47 [INF] CIK 0001397016 | Missing Book-to-Market data for Company Sustut Exploration Inc (0001397016) in 2009.
2026-03-04 11:14:47 [INF] CIK 0001397016 | Skipping filing due to missing required data (CCM/CRSP/BTM).
2026-03-04 11:14:47 [INF] CIK 0001397645 | Filing 292/9706 for Year 2009 | Starting
2026-03-04 11:14:47 [INF] CIK 0001397645 | Missing permno mapping in CCM for Company SOMBRIO CAPITAL CORP (0001397645).
2026-03-04 11:14:47 [INF] CIK 0001397645 | Missing Book-to-Market data for Company SOMBRIO CAPITAL CORP (0001397645) in 2009.
2026-03-04 11:14:47 [INF] CIK 0001397645 | Skipping filing due to missing required data (CCM/CRSP/BTM).
2026-03-04 11:14:47 [INF] CIK 0001398026 | Filing 293/9706 for Year 2009 | Starting
2026-03-04 11:14:47 [INF] CIK 0001398026 | Missing permno mapping in CCM for Company Castillo, Inc. (0001398026).
2026-03-04 11:14:47 [INF] CIK 0001398026 | Missing Book-to-Market data for Company Castillo, Inc. (0001398026) in 2009.
2026-03-04 11:14:47 [INF] CIK 0001398026 | Skipping filing due to missing required data (CCM/CRSP/BTM).
2026-03-04 11:14:47 [INF] CIK 0001424100 | Filing 294/9706 for Year 2009 | Starting
2026-03-04 11:14:47 [INF] CIK 0001424100 | Missing permno mapping in CCM for Company Your Event, Inc. (0001424100).
2026-03-04 11:14:47 [INF] CIK 0001424100 | Missing Book-to-Market data for Company Your Event, Inc. (0001424100) in 2009.
2026-03-04 11:14:47 [INF] CIK 0001424100 | Skipping filing due to missing required data (CCM/CRSP/BTM).
2026-03-04 11:14:47 [INF] CIK 0001426808 | Filing 295/9706 for Year 2009 | Starting
2026-03-04 11:14:47 [INF] CIK 0001426808 | Missing permno mapping in CCM for Company HPC POS SYSTEM, CORP. (0001426808).
2026-03-04 11:14:47 [INF] CIK 0001426808 | Missing Book-to-Market data for Company HPC POS SYSTEM, CORP. (0001426808) in 2009.
2026-03-04 11:14:47 [INF] CIK 0001426808 | Skipping filing due to missing required data (CCM/CRSP/BTM).
2026-03-04 11:14:47 [INF] CIK 0000055135 | Filing 296/9706 for Year 2009 | Starting
2026-03-04 11:14:47 [INF] CIK 0000055135 | Downloading filing HTML (cached if available)
2026-03-04 11:14:47 [INF] CIK 0000055135 | Reading HTML from C:\git\Edgar\Edgar\Data\raw\2009\0000055135\000119312509024852\0001193125-09-024852.txt
2026-03-04 11:14:47 [INF] CIK 0000055135 | Cleaning + extracting sections
2026-03-04 11:14:47 [INF] CIK 0000055135 | Filing 296/9706 for Year 2009 | Finished
2026-03-04 11:14:47 [INF] CIK 0000704328 | Filing 297/9706 for Year 2009 | Starting
2026-03-04 11:14:47 [INF] CIK 0000704328 | Downloading filing HTML (cached if available)
2026-03-04 11:14:47 [INF] CIK 0000704328 | Reading HTML from C:\git\Edgar\Edgar\Data\raw\2009\0000704328\000095015209001189\0000950152-09-001189.txt
2026-03-04 11:14:47 [INF] CIK 0000704328 | Cleaning + extracting sections
2026-03-04 11:14:47 [INF] CIK 0000704328 | Filing 297/9706 for Year 2009 | Finished
2026-03-04 11:14:47 [INF] CIK 0000731766 | Filing 298/9706 for Year 2009 | Starting
2026-03-04 11:14:47 [INF] CIK 0000731766 | Downloading filing HTML (cached if available)
2026-03-04 11:14:47 [INF] CIK 0000731766 | Reading HTML from C:\git\Edgar\Edgar\Data\raw\2009\0000731766\000119312509025587\0001193125-09-025587.txt
2026-03-04 11:14:47 [INF] CIK 0000731766 | Cleaning + extracting sections
2026-03-04 11:14:47 [INF] CIK 0000731766 | Filing 298/9706 for Year 2009 | Finished
2026-03-04 11:14:47 [INF] CIK 0000085961 | Filing 299/9706 for Year 2009 | Starting
2026-03-04 11:14:47 [INF] CIK 0000085961 | Downloading filing HTML (cached if available)
2026-03-04 11:14:47 [INF] CIK 0000085961 | Reading HTML from C:\git\Edgar\Edgar\Data\raw\2009\0000085961\000095014409001161\0000950144-09-001161.txt
2026-03-04 11:14:47 [INF] CIK 0000085961 | Cleaning + extracting sections
2026-03-04 11:14:47 [INF] CIK 0000085961 | Filing 299/9706 for Year 2009 | Finished
2026-03-04 11:14:47 [INF] CIK 0000087347 | Filing 300/9706 for Year 2009 | Starting
2026-03-04 11:14:47 [INF] CIK 0000087347 | Downloading filing HTML (cached if available)
2026-03-04 11:14:47 [INF] CIK 0000087347 | Reading HTML from C:\git\Edgar\Edgar\Data\raw\2009\0000087347\000119312509024868\0001193125-09-024868.txt
2026-03-04 11:14:48 [INF] CIK 0000087347 | Cleaning + extracting sections
2026-03-04 11:14:48 [INF] CIK 0000087347 | Filing 300/9706 for Year 2009 | Finished
2026-03-04 11:14:48 [INF] CIK 0001013871 | Filing 301/9706 for Year 2009 | Starting
2026-03-04 11:14:48 [INF] CIK 0001013871 | Downloading filing HTML (cached if available)
2026-03-04 11:14:48 [INF] CIK 0001013871 | Reading HTML from C:\git\Edgar\Edgar\Data\raw\2009\0001013871\000095012309002616\0000950123-09-002616.txt
2026-03-04 11:14:48 [INF] CIK 0001013871 | Cleaning + extracting sections
2026-03-04 11:14:48 [INF] CIK 0001013871 | Filing 301/9706 for Year 2009 | Finished
2026-03-04 11:14:48 [INF] CIK 0001020416 | Filing 302/9706 for Year 2009 | Starting
2026-03-04 11:14:48 [INF] CIK 0001020416 | Downloading filing HTML (cached if available)
2026-03-04 11:14:48 [INF] CIK 0001020416 | Reading HTML from C:\git\Edgar\Edgar\Data\raw\2009\0001020416\000095012309002594\0000950123-09-002594.txt
2026-03-04 11:14:48 [INF] CIK 0001020416 | Cleaning + extracting sections
2026-03-04 11:14:48 [INF] CIK 0001020416 | Filing 302/9706 for Year 2009 | Finished
2026-03-04 11:14:48 [INF] CIK 0001025996 | Filing 303/9706 for Year 2009 | Starting
2026-03-04 11:14:48 [INF] CIK 0001025996 | Downloading filing HTML (cached if available)
2026-03-04 11:14:48 [INF] CIK 0001025996 | Reading HTML from C:\git\Edgar\Edgar\Data\raw\2009\0001025996\000119312509027247\0001193125-09-027247.txt
2026-03-04 11:14:48 [INF] CIK 0001025996 | Cleaning + extracting sections
2026-03-04 11:14:48 [INF] CIK 0001025996 | Filing 303/9706 for Year 2009 | Finished
2026-03-04 11:14:48 [INF] CIK 0000010329 | Filing 304/9706 for Year 2009 | Starting
2026-03-04 11:14:48 [INF] CIK 0000010329 | Downloading filing HTML (cached if available)
2026-03-04 11:14:48 [INF] CIK 0000010329 | Reading HTML from C:\git\Edgar\Edgar\Data\raw\2009\0000010329\000119312509027290\0001193125-09-027290.txt
2026-03-04 11:14:48 [INF] CIK 0000010329 | Cleaning + extracting sections
2026-03-04 11:14:48 [INF] CIK 0000010329 | Filing 304/9706 for Year 2009 | Finished
2026-03-04 11:14:48 [INF] CIK 0001037390 | Filing 305/9706 for Year 2009 | Starting
2026-03-04 11:14:48 [INF] CIK 0001037390 | Downloading filing HTML (cached if available)
2026-03-04 11:14:48 [INF] CIK 0001037390 | Reading HTML from C:\git\Edgar\Edgar\Data\raw\2009\0001037390\000104746909001057\0001047469-09-001057.txt
2026-03-04 11:14:48 [INF] CIK 0001037390 | Cleaning + extracting sections
2026-03-04 11:14:48 [INF] CIK 0001037390 | Filing 305/9706 for Year 2009 | Finished
2026-03-04 11:14:48 [INF] CIK 0001048286 | Filing 306/9706 for Year 2009 | Starting
2026-03-04 11:14:48 [INF] CIK 0001048286 | Downloading filing HTML (cached if available)
2026-03-04 11:14:48 [INF] CIK 0001048286 | Reading HTML from C:\git\Edgar\Edgar\Data\raw\2009\0001048286\000119312509027236\0001193125-09-027236.txt
2026-03-04 11:14:48 [INF] CIK 0001048286 | Cleaning + extracting sections
2026-03-04 11:14:48 [INF] CIK 0001048286 | Filing 306/9706 for Year 2009 | Finished
2026-03-04 11:14:48 [INF] CIK 0001053706 | Filing 307/9706 for Year 2009 | Starting
2026-03-04 11:14:48 [INF] CIK 0001053706 | Downloading filing HTML (cached if available)
2026-03-04 11:14:48 [INF] CIK 0001053706 | Reading HTML from C:\git\Edgar\Edgar\Data\raw\2009\0001053706\000104746909001076\0001047469-09-001076.txt
2026-03-04 11:14:48 [INF] CIK 0001053706 | Cleaning + extracting sections
2026-03-04 11:14:48 [INF] CIK 0001053706 | Filing 307/9706 for Year 2009 | Finished
2026-03-04 11:14:48 [INF] CIK 0001067063 | Filing 308/9706 for Year 2009 | Starting
2026-03-04 11:14:48 [INF] CIK 0001067063 | Missing permno mapping in CCM for Company MACK CALI REALTY L P (0001067063).
2026-03-04 11:14:48 [INF] CIK 0001067063 | Missing Book-to-Market data for Company MACK CALI REALTY L P (0001067063) in 2009.
2026-03-04 11:14:48 [INF] CIK 0001067063 | Skipping filing due to missing required data (CCM/CRSP/BTM).
2026-03-04 11:14:48 [INF] CIK 0001099963 | Filing 309/9706 for Year 2009 | Starting
2026-03-04 11:14:48 [INF] CIK 0001099963 | Missing permno mapping in CCM for Company Magnum dOr Resources Inc (0001099963).
2026-03-04 11:14:48 [INF] CIK 0001099963 | Missing Book-to-Market data for Company Magnum dOr Resources Inc (0001099963) in 2009.
2026-03-04 11:14:48 [INF] CIK 0001099963 | Skipping filing due to missing required data (CCM/CRSP/BTM).
2026-03-04 11:14:48 [INF] CIK 0001123979 | Filing 310/9706 for Year 2009 | Starting
2026-03-04 11:14:48 [INF] CIK 0001123979 | Downloading filing HTML (cached if available)
2026-03-04 11:14:48 [INF] CIK 0001123979 | Reading HTML from C:\git\Edgar\Edgar\Data\raw\2009\0001123979\000110465909008610\0001104659-09-008610.txt
2026-03-04 11:14:48 [INF] CIK 0001123979 | Cleaning + extracting sections
2026-03-04 11:14:48 [INF] CIK 0001123979 | Filing 310/9706 for Year 2009 | Finished
2026-03-04 11:14:48 [INF] CIK 0001206264 | Filing 311/9706 for Year 2009 | Starting
2026-03-04 11:14:48 [INF] CIK 0001206264 | Downloading filing HTML (cached if available)
2026-03-04 11:14:48 [INF] CIK 0001206264 | Reading HTML from C:\git\Edgar\Edgar\Data\raw\2009\0001206264\000120626409000004\0001206264-09-000004.txt
2026-03-04 11:14:48 [INF] CIK 0001206264 | Cleaning + extracting sections
2026-03-04 11:14:48 [INF] CIK 0001206264 | Filing 311/9706 for Year 2009 | Finished
2026-03-04 11:14:48 [INF] CIK 0001295810 | Filing 312/9706 for Year 2009 | Starting
2026-03-04 11:14:48 [INF] CIK 0001295810 | Downloading filing HTML (cached if available)
2026-03-04 11:14:48 [INF] CIK 0001295810 | Reading HTML from C:\git\Edgar\Edgar\Data\raw\2009\0001295810\000119312509027323\0001193125-09-027323.txt
2026-03-04 11:14:48 [INF] CIK 0001295810 | Cleaning + extracting sections
2026-03-04 11:14:48 [INF] CIK 0001295810 | Filing 312/9706 for Year 2009 | Finished
2026-03-04 11:14:48 [INF] CIK 0001322734 | Filing 313/9706 for Year 2009 | Starting
2026-03-04 11:14:48 [INF] CIK 0001322734 | Missing permno mapping in CCM for Company Advanced Life Sciences Holdings, Inc. (0001322734).
2026-03-04 11:14:48 [INF] CIK 0001322734 | Missing Book-to-Market data for Company Advanced Life Sciences Holdings, Inc. (0001322734) in 2009.
2026-03-04 11:14:48 [INF] CIK 0001322734 | Skipping filing due to missing required data (CCM/CRSP/BTM).
2026-03-04 11:14:48 [INF] CIK 0001339947 | Filing 314/9706 for Year 2009 | Starting
2026-03-04 11:14:48 [INF] CIK 0001339947 | Downloading filing HTML (cached if available)
2026-03-04 11:14:48 [INF] CIK 0001339947 | Reading HTML from C:\git\Edgar\Edgar\Data\raw\2009\0001339947\000119312509026502\0001193125-09-026502.txt
2026-03-04 11:14:48 [INF] CIK 0001339947 | Cleaning + extracting sections
2026-03-04 11:14:49 [INF] CIK 0001339947 | Filing 314/9706 for Year 2009 | Finished
2026-03-04 11:14:49 [INF] CIK 0001346346 | Filing 315/9706 for Year 2009 | Starting
2026-03-04 11:14:49 [INF] CIK 0001346346 | Missing permno mapping in CCM for Company Confederate Motors, Inc. (0001346346).
2026-03-04 11:14:49 [INF] CIK 0001346346 | Missing Book-to-Market data for Company Confederate Motors, Inc. (0001346346) in 2009.
2026-03-04 11:14:49 [INF] CIK 0001346346 | Skipping filing due to missing required data (CCM/CRSP/BTM).
2026-03-04 11:14:49 [INF] CIK 0001347022 | Filing 316/9706 for Year 2009 | Starting
2026-03-04 11:14:49 [INF] CIK 0001347022 | Downloading filing HTML (cached if available)
2026-03-04 11:14:49 [INF] CIK 0001347022 | Reading HTML from C:\git\Edgar\Edgar\Data\raw\2009\0001347022\000136231009001861\0001362310-09-001861.txt
2026-03-04 11:14:49 [INF] CIK 0001347022 | Cleaning + extracting sections
2026-03-04 11:14:49 [INF] CIK 0001347022 | Filing 316/9706 for Year 2009 | Finished
2026-03-04 11:14:49 [INF] CIK 0001347652 | Filing 317/9706 for Year 2009 | Starting
2026-03-04 11:14:49 [INF] CIK 0001347652 | Downloading filing HTML (cached if available)
2026-03-04 11:14:49 [INF] CIK 0001347652 | Reading HTML from C:\git\Edgar\Edgar\Data\raw\2009\0001347652\000120677409000240\0001206774-09-000240.txt
2026-03-04 11:14:49 [INF] CIK 0001347652 | Cleaning + extracting sections
2026-03-04 11:14:49 [INF] CIK 0001347652 | Filing 317/9706 for Year 2009 | Finished
2026-03-04 11:14:49 [INF] CIK 0001396302 | Filing 318/9706 for Year 2009 | Starting
2026-03-04 11:14:49 [INF] CIK 0001396302 | Missing permno mapping in CCM for Company Blackbird Petroleum Corp (0001396302).
2026-03-04 11:14:49 [INF] CIK 0001396302 | Missing Book-to-Market data for Company Blackbird Petroleum Corp (0001396302) in 2009.
2026-03-04 11:14:49 [INF] CIK 0001396302 | Skipping filing due to missing required data (CCM/CRSP/BTM).
2026-03-04 11:14:49 [INF] CIK 0001424812 | Filing 319/9706 for Year 2009 | Starting
2026-03-04 11:14:49 [INF] CIK 0001424812 | Missing permno mapping in CCM for Company Jumpkicks, Inc. (0001424812).
2026-03-04 11:14:49 [INF] CIK 0001424812 | Missing Book-to-Market data for Company Jumpkicks, Inc. (0001424812) in 2009.
2026-03-04 11:14:49 [INF] CIK 0001424812 | Skipping filing due to missing required data (CCM/CRSP/BTM).
2026-03-04 11:14:49 [INF] CIK 0000030554 | Filing 320/9706 for Year 2009 | Starting
2026-03-04 11:14:49 [INF] CIK 0000030554 | Downloading filing HTML (cached if available)
2026-03-04 11:14:49 [INF] CIK 0000030554 | Reading HTML from C:\git\Edgar\Edgar\Data\raw\2009\0000030554\000089322009000276\0000893220-09-000276.txt
2026-03-04 11:14:49 [INF] CIK 0000030554 | Cleaning + extracting sections
2026-03-04 11:14:49 [INF] CIK 0000030554 | Filing 320/9706 for Year 2009 | Finished
2026-03-04 11:14:49 [INF] CIK 0000040888 | Filing 321/9706 for Year 2009 | Starting
2026-03-04 11:14:49 [INF] CIK 0000040888 | Downloading filing HTML (cached if available)
2026-03-04 11:14:49 [INF] CIK 0000040888 | Reading HTML from C:\git\Edgar\Edgar\Data\raw\2009\0000040888\000095013409002645\0000950134-09-002645.txt
2026-03-04 11:14:49 [INF] CIK 0000040888 | Cleaning + extracting sections
2026-03-04 11:14:49 [INF] CIK 0000040888 | Filing 321/9706 for Year 2009 | Finished
2026-03-04 11:14:49 [INF] CIK 0000045947 | Filing 322/9706 for Year 2009 | Starting
2026-03-04 11:14:49 [INF] CIK 0000045947 | Missing permno mapping in CCM for Company HARTFORD LIFE INSURANCE CO (0000045947).
2026-03-04 11:14:49 [INF] CIK 0000045947 | Missing Book-to-Market data for Company HARTFORD LIFE INSURANCE CO (0000045947) in 2009.
2026-03-04 11:14:49 [INF] CIK 0000045947 | Skipping filing due to missing required data (CCM/CRSP/BTM).
2026-03-04 11:14:49 [INF] CIK 0000717605 | Filing 323/9706 for Year 2009 | Starting
2026-03-04 11:14:49 [INF] CIK 0000717605 | Downloading filing HTML (cached if available)
2026-03-04 11:14:49 [INF] CIK 0000717605 | Reading HTML from C:\git\Edgar\Edgar\Data\raw\2009\0000717605\000110465909008902\0001104659-09-008902.txt
2026-03-04 11:14:49 [INF] CIK 0000717605 | Cleaning + extracting sections
2026-03-04 11:14:49 [INF] CIK 0000717605 | Filing 323/9706 for Year 2009 | Finished
2026-03-04 11:14:49 [INF] CIK 0000726728 | Filing 324/9706 for Year 2009 | Starting
2026-03-04 11:14:49 [INF] CIK 0000726728 | Downloading filing HTML (cached if available)
2026-03-04 11:14:49 [INF] CIK 0000726728 | Reading HTML from C:\git\Edgar\Edgar\Data\raw\2009\0000726728\000072672809000015\0000726728-09-000015.txt
2026-03-04 11:14:50 [INF] CIK 0000726728 | Cleaning + extracting sections
2026-03-04 11:14:50 [INF] CIK 0000726728 | Filing 324/9706 for Year 2009 | Finished
2026-03-04 11:14:50 [INF] CIK 0000874766 | Filing 325/9706 for Year 2009 | Starting
2026-03-04 11:14:50 [INF] CIK 0000874766 | Downloading filing HTML (cached if available)
2026-03-04 11:14:50 [INF] CIK 0000874766 | Reading HTML from C:\git\Edgar\Edgar\Data\raw\2009\0000874766\000136231009001777\0001362310-09-001777.txt
2026-03-04 11:14:50 [INF] CIK 0000874766 | Cleaning + extracting sections
2026-03-04 11:14:50 [INF] CIK 0000874766 | Filing 325/9706 for Year 2009 | Finished
2026-03-04 11:14:50 [INF] CIK 0000908255 | Filing 326/9706 for Year 2009 | Starting
2026-03-04 11:14:50 [INF] CIK 0000908255 | Downloading filing HTML (cached if available)
2026-03-04 11:14:50 [INF] CIK 0000908255 | Reading HTML from C:\git\Edgar\Edgar\Data\raw\2009\0000908255\000095013709001021\0000950137-09-001021.txt
2026-03-04 11:14:50 [INF] CIK 0000908255 | Cleaning + extracting sections
2026-03-04 11:14:50 [INF] CIK 0000908255 | Filing 326/9706 for Year 2009 | Finished
2026-03-04 11:14:50 [INF] CIK 0000924901 | Filing 327/9706 for Year 2009 | Starting
2026-03-04 11:14:50 [INF] CIK 0000924901 | Downloading filing HTML (cached if available)
2026-03-04 11:14:50 [INF] CIK 0000924901 | Reading HTML from C:\git\Edgar\Edgar\Data\raw\2009\0000924901\000104746909000973\0001047469-09-000973.txt
2026-03-04 11:14:50 [INF] CIK 0000924901 | Cleaning + extracting sections
2026-03-04 11:14:50 [INF] CIK 0000924901 | Filing 327/9706 for Year 2009 | Finished
2026-03-04 11:14:50 [INF] CIK 0000092769 | Filing 328/9706 for Year 2009 | Starting
2026-03-04 11:14:50 [INF] CIK 0000092769 | Downloading filing HTML (cached if available)
2026-03-04 11:14:50 [INF] CIK 0000092769 | Reading HTML from C:\git\Edgar\Edgar\Data\raw\2009\0000092769\000119312509026442\0001193125-09-026442.txt
2026-03-04 11:14:50 [INF] CIK 0000092769 | Cleaning + extracting sections
2026-03-04 11:14:50 [INF] CIK 0000092769 | Filing 328/9706 for Year 2009 | Finished
2026-03-04 11:14:50 [INF] CIK 0001003214 | Filing 329/9706 for Year 2009 | Starting
2026-03-04 11:14:50 [INF] CIK 0001003214 | Downloading filing HTML (cached if available)
2026-03-04 11:14:50 [INF] CIK 0001003214 | Reading HTML from C:\git\Edgar\Edgar\Data\raw\2009\0001003214\000100321409000014\0001003214-09-000014.txt
2026-03-04 11:14:50 [INF] CIK 0001003214 | Cleaning + extracting sections
2026-03-04 11:14:50 [INF] CIK 0001003214 | Filing 329/9706 for Year 2009 | Finished
2026-03-04 11:14:50 [INF] CIK 0001015739 | Filing 330/9706 for Year 2009 | Starting
2026-03-04 11:14:50 [INF] CIK 0001015739 | Downloading filing HTML (cached if available)
2026-03-04 11:14:50 [INF] CIK 0001015739 | Reading HTML from C:\git\Edgar\Edgar\Data\raw\2009\0001015739\000118811209000293\0001188112-09-000293.txt
2026-03-04 11:14:50 [INF] CIK 0001015739 | Cleaning + extracting sections
2026-03-04 11:14:50 [INF] CIK 0001015739 | Filing 330/9706 for Year 2009 | Finished
2026-03-04 11:14:50 [INF] CIK 0001021635 | Filing 331/9706 for Year 2009 | Starting
2026-03-04 11:14:50 [INF] CIK 0001021635 | Downloading filing HTML (cached if available)
2026-03-04 11:14:50 [INF] CIK 0001021635 | Reading HTML from C:\git\Edgar\Edgar\Data\raw\2009\0001021635\000102163509000076\0001021635-09-000076.txt
2026-03-04 11:14:50 [INF] CIK 0001021635 | Cleaning + extracting sections
2026-03-04 11:14:50 [INF] CIK 0001021635 | Filing 331/9706 for Year 2009 | Finished
2026-03-04 11:14:50 [INF] CIK 0001031093 | Filing 332/9706 for Year 2009 | Starting
2026-03-04 11:14:50 [INF] CIK 0001031093 | Missing Book-to-Market data for Company METALLINE MINING CO (0001031093) in 2009.
2026-03-04 11:14:50 [INF] CIK 0001031093 | Skipping filing due to missing required data (CCM/CRSP/BTM).
2026-03-04 11:14:50 [INF] CIK 0001036292 | Filing 333/9706 for Year 2009 | Starting
2026-03-04 11:14:50 [INF] CIK 0001036292 | Missing permno mapping in CCM for Company SIGNATURE EYEWEAR INC (0001036292).
2026-03-04 11:14:50 [INF] CIK 0001036292 | Missing Book-to-Market data for Company SIGNATURE EYEWEAR INC (0001036292) in 2009.
2026-03-04 11:14:50 [INF] CIK 0001036292 | Skipping filing due to missing required data (CCM/CRSP/BTM).
2026-03-04 11:14:50 [INF] CIK 0001037646 | Filing 334/9706 for Year 2009 | Starting
2026-03-04 11:14:50 [INF] CIK 0001037646 | Downloading filing HTML (cached if available)
2026-03-04 11:14:50 [INF] CIK 0001037646 | Reading HTML from C:\git\Edgar\Edgar\Data\raw\2009\0001037646\000095015209001389\0000950152-09-001389.txt
2026-03-04 11:14:51 [INF] CIK 0001037646 | Cleaning + extracting sections
2026-03-04 11:14:51 [INF] CIK 0001037646 | Filing 334/9706 for Year 2009 | Finished
2026-03-04 11:14:51 [INF] CIK 0001037949 | Filing 335/9706 for Year 2009 | Starting
2026-03-04 11:14:51 [INF] CIK 0001037949 | Downloading filing HTML (cached if available)
2026-03-04 11:14:51 [INF] CIK 0001037949 | Reading HTML from C:\git\Edgar\Edgar\Data\raw\2009\0001037949\000104746909001126\0001047469-09-001126.txt
2026-03-04 11:14:51 [INF] CIK 0001037949 | Cleaning + extracting sections
2026-03-04 11:14:51 [INF] CIK 0001037949 | Filing 335/9706 for Year 2009 | Finished
2026-03-04 11:14:51 [INF] CIK 0001043825 | Filing 336/9706 for Year 2009 | Starting
2026-03-04 11:14:51 [INF] CIK 0001043825 | Missing permno mapping in CCM for Company PINNACLE RESOURCES INC (0001043825).
2026-03-04 11:14:51 [INF] CIK 0001043825 | Missing Book-to-Market data for Company PINNACLE RESOURCES INC (0001043825) in 2009.
2026-03-04 11:14:51 [INF] CIK 0001043825 | Skipping filing due to missing required data (CCM/CRSP/BTM).
2026-03-04 11:14:51 [INF] CIK 0001046120 | Filing 337/9706 for Year 2009 | Starting
2026-03-04 11:14:51 [INF] CIK 0001046120 | Missing permno mapping in CCM for Company PERCIPIO BIOTHERAPEUTICS, INC. (0001046120).
2026-03-04 11:14:51 [INF] CIK 0001046120 | Missing Book-to-Market data for Company PERCIPIO BIOTHERAPEUTICS, INC. (0001046120) in 2009.
2026-03-04 11:14:51 [INF] CIK 0001046120 | Skipping filing due to missing required data (CCM/CRSP/BTM).
2026-03-04 11:14:51 [INF] CIK 0001055160 | Filing 338/9706 for Year 2009 | Starting
2026-03-04 11:14:51 [INF] CIK 0001055160 | Downloading filing HTML (cached if available)
2026-03-04 11:14:51 [INF] CIK 0001055160 | Reading HTML from C:\git\Edgar\Edgar\Data\raw\2009\0001055160\000119380509000368\0001193805-09-000368.txt
2026-03-04 11:14:51 [INF] CIK 0001055160 | Cleaning + extracting sections
2026-03-04 11:14:51 [INF] CIK 0001055160 | Filing 338/9706 for Year 2009 | Finished
2026-03-04 11:14:51 [INF] CIK 0001069530 | Filing 339/9706 for Year 2009 | Starting
2026-03-04 11:14:51 [INF] CIK 0001069530 | Downloading filing HTML (cached if available)
2026-03-04 11:14:51 [INF] CIK 0001069530 | Reading HTML from C:\git\Edgar\Edgar\Data\raw\2009\0001069530\000119312509027574\0001193125-09-027574.txt
2026-03-04 11:14:51 [INF] CIK 0001069530 | Cleaning + extracting sections
2026-03-04 11:14:51 [INF] CIK 0001069530 | Filing 339/9706 for Year 2009 | Finished
2026-03-04 11:14:51 [INF] CIK 0001084873 | Filing 340/9706 for Year 2009 | Starting
2026-03-04 11:14:51 [INF] CIK 0001084873 | Missing permno mapping in CCM for Company GOLDEN HEALTH HOLDINGS, INC. (0001084873).
2026-03-04 11:14:51 [INF] CIK 0001084873 | Missing Book-to-Market data for Company GOLDEN HEALTH HOLDINGS, INC. (0001084873) in 2009.
2026-03-04 11:14:51 [INF] CIK 0001084873 | Skipping filing due to missing required data (CCM/CRSP/BTM).
2026-03-04 11:14:51 [INF] CIK 0000108772 | Filing 341/9706 for Year 2009 | Starting
2026-03-04 11:14:51 [INF] CIK 0000108772 | Missing permno mapping in CCM for Company XEROX CORP (0000108772).
2026-03-04 11:14:51 [INF] CIK 0000108772 | Missing Book-to-Market data for Company XEROX CORP (0000108772) in 2009.
2026-03-04 11:14:51 [INF] CIK 0000108772 | Skipping filing due to missing required data (CCM/CRSP/BTM).
2026-03-04 11:14:51 [INF] CIK 0000109261 | Filing 342/9706 for Year 2009 | Starting
2026-03-04 11:14:51 [INF] CIK 0000109261 | Downloading filing HTML (cached if available)
2026-03-04 11:14:51 [INF] CIK 0000109261 | Reading HTML from C:\git\Edgar\Edgar\Data\raw\2009\0000109261\000104746909001213\0001047469-09-001213.txt
2026-03-04 11:14:51 [INF] CIK 0000109261 | Cleaning + extracting sections
2026-03-04 11:14:51 [INF] CIK 0000109261 | Filing 342/9706 for Year 2009 | Finished
2026-03-04 11:14:51 [INF] CIK 0001094961 | Filing 343/9706 for Year 2009 | Starting
2026-03-04 11:14:51 [INF] CIK 0001094961 | Missing permno mapping in CCM for Company Monogram Biosciences, Inc. (0001094961).
2026-03-04 11:14:51 [INF] CIK 0001094961 | Missing Book-to-Market data for Company Monogram Biosciences, Inc. (0001094961) in 2009.
2026-03-04 11:14:51 [INF] CIK 0001094961 | Skipping filing due to missing required data (CCM/CRSP/BTM).
2026-03-04 11:14:51 [INF] CIK 0001106974 | Filing 344/9706 for Year 2009 | Starting
2026-03-04 11:14:51 [INF] CIK 0001106974 | Missing permno mapping in CCM for Company WESTERGAARD COM INC (0001106974).
2026-03-04 11:14:51 [INF] CIK 0001106974 | Missing Book-to-Market data for Company WESTERGAARD COM INC (0001106974) in 2009.
2026-03-04 11:14:51 [INF] CIK 0001106974 | Skipping filing due to missing required data (CCM/CRSP/BTM).
2026-03-04 11:14:51 [INF] CIK 0001109067 | Filing 345/9706 for Year 2009 | Starting
2026-03-04 11:14:51 [INF] CIK 0001109067 | Missing permno mapping in CCM for Company DESTINATION TELEVISION, INC. (0001109067).
2026-03-04 11:14:51 [INF] CIK 0001109067 | Missing Book-to-Market data for Company DESTINATION TELEVISION, INC. (0001109067) in 2009.
2026-03-04 11:14:51 [INF] CIK 0001109067 | Skipping filing due to missing required data (CCM/CRSP/BTM).
2026-03-04 11:14:51 [INF] CIK 0001118847 | Filing 346/9706 for Year 2009 | Starting
2026-03-04 11:14:51 [INF] CIK 0001118847 | Missing permno mapping in CCM for Company QUANTUM GROUP INC /FL (0001118847).
2026-03-04 11:14:51 [INF] CIK 0001118847 | Missing Book-to-Market data for Company QUANTUM GROUP INC /FL (0001118847) in 2009.
2026-03-04 11:14:51 [INF] CIK 0001118847 | Skipping filing due to missing required data (CCM/CRSP/BTM).
2026-03-04 11:14:51 [INF] CIK 0001121816 | Filing 347/9706 for Year 2009 | Starting
2026-03-04 11:14:51 [INF] CIK 0001121816 | Missing permno mapping in CCM for Company BIG SKY INDUSTRIES V INC (0001121816).
2026-03-04 11:14:51 [INF] CIK 0001121816 | Missing Book-to-Market data for Company BIG SKY INDUSTRIES V INC (0001121816) in 2009.
2026-03-04 11:14:51 [INF] CIK 0001121816 | Skipping filing due to missing required data (CCM/CRSP/BTM).
2026-03-04 11:14:51 [INF] CIK 0001122991 | Filing 348/9706 for Year 2009 | Starting
2026-03-04 11:14:51 [INF] CIK 0001122991 | Missing permno mapping in CCM for Company Atomic Guppy Inc (0001122991).
2026-03-04 11:14:51 [INF] CIK 0001122991 | Missing Book-to-Market data for Company Atomic Guppy Inc (0001122991) in 2009.
2026-03-04 11:14:51 [INF] CIK 0001122991 | Skipping filing due to missing required data (CCM/CRSP/BTM).
2026-03-04 11:14:51 [INF] CIK 0001140486 | Filing 349/9706 for Year 2009 | Starting
2026-03-04 11:14:51 [INF] CIK 0001140486 | Downloading filing HTML (cached if available)
2026-03-04 11:14:51 [INF] CIK 0001140486 | Reading HTML from C:\git\Edgar\Edgar\Data\raw\2009\0001140486\000119312509029273\0001193125-09-029273.txt
2026-03-04 11:14:51 [INF] CIK 0001140486 | Cleaning + extracting sections
2026-03-04 11:14:51 [INF] CIK 0001140486 | Filing 349/9706 for Year 2009 | Finished
2026-03-04 11:14:51 [INF] CIK 0001158463 | Filing 350/9706 for Year 2009 | Starting
2026-03-04 11:14:51 [INF] CIK 0001158463 | Downloading filing HTML (cached if available)
2026-03-04 11:14:51 [INF] CIK 0001158463 | Reading HTML from C:\git\Edgar\Edgar\Data\raw\2009\0001158463\000095012309002805\0000950123-09-002805.txt
2026-03-04 11:14:51 [INF] CIK 0001158463 | Cleaning + extracting sections
2026-03-04 11:14:51 [INF] CIK 0001158463 | Filing 350/9706 for Year 2009 | Finished
2026-03-04 11:14:51 [INF] CIK 0001159167 | Filing 351/9706 for Year 2009 | Starting
2026-03-04 11:14:51 [INF] CIK 0001159167 | Downloading filing HTML (cached if available)
2026-03-04 11:14:51 [INF] CIK 0001159167 | Reading HTML from C:\git\Edgar\Edgar\Data\raw\2009\0001159167\000095013509000964\0000950135-09-000964.txt
2026-03-04 11:14:51 [INF] CIK 0001159167 | Cleaning + extracting sections
2026-03-04 11:14:51 [INF] CIK 0001159167 | Filing 351/9706 for Year 2009 | Finished
2026-03-04 11:14:51 [INF] CIK 0001179651 | Filing 352/9706 for Year 2009 | Starting
2026-03-04 11:14:51 [INF] CIK 0001179651 | Missing permno mapping in CCM for Company Amish Naturals, Inc. (0001179651).
2026-03-04 11:14:51 [INF] CIK 0001179651 | Missing Book-to-Market data for Company Amish Naturals, Inc. (0001179651) in 2009.
2026-03-04 11:14:51 [INF] CIK 0001179651 | Skipping filing due to missing required data (CCM/CRSP/BTM).
2026-03-04 11:14:51 [INF] CIK 0001183186 | Filing 353/9706 for Year 2009 | Starting
2026-03-04 11:14:51 [INF] CIK 0001183186 | Downloading filing HTML (cached if available)
2026-03-04 11:14:51 [INF] CIK 0001183186 | Reading HTML from C:\git\Edgar\Edgar\Data\raw\2009\0001183186\000119312509029450\0001193125-09-029450.txt
2026-03-04 11:14:51 [INF] CIK 0001183186 | Cleaning + extracting sections
2026-03-04 11:14:51 [INF] CIK 0001183186 | Filing 353/9706 for Year 2009 | Finished
2026-03-04 11:14:51 [INF] CIK 0001202157 | Filing 354/9706 for Year 2009 | Starting
2026-03-04 11:14:51 [INF] CIK 0001202157 | Missing permno mapping in CCM for Company BROOKFIELD HOMES CORP (0001202157).
2026-03-04 11:14:51 [INF] CIK 0001202157 | Missing Book-to-Market data for Company BROOKFIELD HOMES CORP (0001202157) in 2009.
2026-03-04 11:14:51 [INF] CIK 0001202157 | Skipping filing due to missing required data (CCM/CRSP/BTM).
2026-03-04 11:14:51 [INF] CIK 0001265848 | Filing 355/9706 for Year 2009 | Starting
2026-03-04 11:14:51 [INF] CIK 0001265848 | Missing permno mapping in CCM for Company 355 INC (0001265848).
2026-03-04 11:14:51 [INF] CIK 0001265848 | Missing Book-to-Market data for Company 355 INC (0001265848) in 2009.
2026-03-04 11:14:51 [INF] CIK 0001265848 | Skipping filing due to missing required data (CCM/CRSP/BTM).
2026-03-04 11:14:51 [INF] CIK 0001288776 | Filing 356/9706 for Year 2009 | Starting
2026-03-04 11:14:51 [INF] CIK 0001288776 | Missing permno mapping in CCM for Company Google Inc. (0001288776).
2026-03-04 11:14:51 [INF] CIK 0001288776 | Missing Book-to-Market data for Company Google Inc. (0001288776) in 2009.
2026-03-04 11:14:51 [INF] CIK 0001288776 | Skipping filing due to missing required data (CCM/CRSP/BTM).
2026-03-04 11:14:51 [INF] CIK 0001289236 | Filing 357/9706 for Year 2009 | Starting
2026-03-04 11:14:51 [INF] CIK 0001289236 | Downloading filing HTML (cached if available)
2026-03-04 11:14:51 [INF] CIK 0001289236 | Reading HTML from C:\git\Edgar\Edgar\Data\raw\2009\0001289236\000093639209000064\0000936392-09-000064.txt
2026-03-04 11:14:51 [INF] CIK 0001289236 | Cleaning + extracting sections
2026-03-04 11:14:51 [INF] CIK 0001289236 | Filing 357/9706 for Year 2009 | Finished
2026-03-04 11:14:51 [INF] CIK 0001306830 | Filing 358/9706 for Year 2009 | Starting
2026-03-04 11:14:51 [INF] CIK 0001306830 | Downloading filing HTML (cached if available)
2026-03-04 11:14:51 [INF] CIK 0001306830 | Reading HTML from C:\git\Edgar\Edgar\Data\raw\2009\0001306830\000095013409002731\0000950134-09-002731.txt
2026-03-04 11:14:51 [INF] CIK 0001306830 | Cleaning + extracting sections
2026-03-04 11:14:51 [INF] CIK 0001306830 | Filing 358/9706 for Year 2009 | Finished
2026-03-04 11:14:51 [INF] CIK 0001312069 | Filing 359/9706 for Year 2009 | Starting
2026-03-04 11:14:51 [INF] CIK 0001312069 | Missing permno mapping in CCM for Company FOUR RIVERS BIOENERGY INC. (0001312069).
2026-03-04 11:14:51 [INF] CIK 0001312069 | Missing Book-to-Market data for Company FOUR RIVERS BIOENERGY INC. (0001312069) in 2009.
2026-03-04 11:14:51 [INF] CIK 0001312069 | Skipping filing due to missing required data (CCM/CRSP/BTM).
2026-03-04 11:14:51 [INF] CIK 0001312402 | Filing 360/9706 for Year 2009 | Starting
2026-03-04 11:14:51 [INF] CIK 0001312402 | Missing permno mapping in CCM for Company BLACKSTONE LAKE MINERALS INC. (0001312402).
2026-03-04 11:14:51 [INF] CIK 0001312402 | Missing Book-to-Market data for Company BLACKSTONE LAKE MINERALS INC. (0001312402) in 2009.
2026-03-04 11:14:51 [INF] CIK 0001312402 | Skipping filing due to missing required data (CCM/CRSP/BTM).
2026-03-04 11:14:51 [INF] CIK 0001324410 | Filing 361/9706 for Year 2009 | Starting
2026-03-04 11:14:51 [INF] CIK 0001324410 | Downloading filing HTML (cached if available)
2026-03-04 11:14:51 [INF] CIK 0001324410 | Reading HTML from C:\git\Edgar\Edgar\Data\raw\2009\0001324410\000104746909001120\0001047469-09-001120.txt
2026-03-04 11:14:51 [INF] CIK 0001324410 | Cleaning + extracting sections
2026-03-04 11:14:51 [INF] CIK 0001324410 | Filing 361/9706 for Year 2009 | Finished
2026-03-04 11:14:51 [INF] CIK 0001337182 | Filing 362/9706 for Year 2009 | Starting
2026-03-04 11:14:51 [INF] CIK 0001337182 | Missing permno mapping in CCM for Company Breezer Ventures Inc. (0001337182).
2026-03-04 11:14:51 [INF] CIK 0001337182 | Missing Book-to-Market data for Company Breezer Ventures Inc. (0001337182) in 2009.
2026-03-04 11:14:51 [INF] CIK 0001337182 | Skipping filing due to missing required data (CCM/CRSP/BTM).
2026-03-04 11:14:51 [INF] CIK 0001350031 | Filing 363/9706 for Year 2009 | Starting
2026-03-04 11:14:51 [INF] CIK 0001350031 | Missing permno mapping in CCM for Company Embarq CORP (0001350031).
2026-03-04 11:14:51 [INF] CIK 0001350031 | Missing Book-to-Market data for Company Embarq CORP (0001350031) in 2009.
2026-03-04 11:14:51 [INF] CIK 0001350031 | Skipping filing due to missing required data (CCM/CRSP/BTM).
2026-03-04 11:14:51 [INF] CIK 0001352858 | Filing 364/9706 for Year 2009 | Starting
2026-03-04 11:14:51 [INF] CIK 0001352858 | Missing permno mapping in CCM for Company LABURNUM VENTURES INC. (0001352858).
2026-03-04 11:14:51 [INF] CIK 0001352858 | Missing Book-to-Market data for Company LABURNUM VENTURES INC. (0001352858) in 2009.
2026-03-04 11:14:51 [INF] CIK 0001352858 | Skipping filing due to missing required data (CCM/CRSP/BTM).
2026-03-04 11:14:51 [INF] CIK 0001363890 | Filing 365/9706 for Year 2009 | Starting
2026-03-04 11:14:51 [INF] CIK 0001363890 | Downloading filing HTML (cached if available)
2026-03-04 11:14:51 [INF] CIK 0001363890 | Reading HTML from C:\git\Edgar\Edgar\Data\raw\2009\0001363890\000095012909000415\0000950129-09-000415.txt
2026-03-04 11:14:51 [INF] CIK 0001363890 | Cleaning + extracting sections
2026-03-04 11:14:51 [INF] CIK 0001363890 | Filing 365/9706 for Year 2009 | Finished
2026-03-04 11:14:51 [INF] CIK 0001385799 | Filing 366/9706 for Year 2009 | Starting
2026-03-04 11:14:51 [INF] CIK 0001385799 | Missing permno mapping in CCM for Company Geostar Mineral CORP (0001385799).
2026-03-04 11:14:51 [INF] CIK 0001385799 | Missing Book-to-Market data for Company Geostar Mineral CORP (0001385799) in 2009.
2026-03-04 11:14:51 [INF] CIK 0001385799 | Skipping filing due to missing required data (CCM/CRSP/BTM).
2026-03-04 11:14:51 [INF] CIK 0001397919 | Filing 367/9706 for Year 2009 | Starting
2026-03-04 11:14:51 [INF] CIK 0001397919 | Missing permno mapping in CCM for Company HENYA FOOD CORP (0001397919).
2026-03-04 11:14:51 [INF] CIK 0001397919 | Missing Book-to-Market data for Company HENYA FOOD CORP (0001397919) in 2009.
2026-03-04 11:14:51 [INF] CIK 0001397919 | Skipping filing due to missing required data (CCM/CRSP/BTM).
2026-03-04 11:14:51 [INF] CIK 0001414255 | Filing 368/9706 for Year 2009 | Starting
2026-03-04 11:14:51 [INF] CIK 0001414255 | Missing permno mapping in CCM for Company Sapphire Industrials Corp. (0001414255).
2026-03-04 11:14:51 [INF] CIK 0001414255 | Missing Book-to-Market data for Company Sapphire Industrials Corp. (0001414255) in 2009.
2026-03-04 11:14:51 [INF] CIK 0001414255 | Skipping filing due to missing required data (CCM/CRSP/BTM).
2026-03-04 11:14:51 [INF] CIK 0001418968 | Filing 369/9706 for Year 2009 | Starting
2026-03-04 11:14:51 [INF] CIK 0001418968 | Missing permno mapping in CCM for Company Roman Acquisition Corp. (0001418968).
2026-03-04 11:14:51 [INF] CIK 0001418968 | Missing Book-to-Market data for Company Roman Acquisition Corp. (0001418968) in 2009.
2026-03-04 11:14:51 [INF] CIK 0001418968 | Skipping filing due to missing required data (CCM/CRSP/BTM).
2026-03-04 11:14:51 [INF] CIK 0001421528 | Filing 370/9706 for Year 2009 | Starting
2026-03-04 11:14:51 [INF] CIK 0001421528 | Missing permno mapping in CCM for Company Xodtec Group USA, INC. (0001421528).
2026-03-04 11:14:51 [INF] CIK 0001421528 | Missing Book-to-Market data for Company Xodtec Group USA, INC. (0001421528) in 2009.
2026-03-04 11:14:51 [INF] CIK 0001421528 | Skipping filing due to missing required data (CCM/CRSP/BTM).
2026-03-04 11:14:51 [INF] CIK 0001424640 | Filing 371/9706 for Year 2009 | Starting
2026-03-04 11:14:51 [INF] CIK 0001424640 | Missing permno mapping in CCM for Company WindTamer Corp (0001424640).
2026-03-04 11:14:51 [INF] CIK 0001424640 | Missing Book-to-Market data for Company WindTamer Corp (0001424640) in 2009.
2026-03-04 11:14:51 [INF] CIK 0001424640 | Skipping filing due to missing required data (CCM/CRSP/BTM).
2026-03-04 11:14:51 [INF] CIK 0001430523 | Filing 372/9706 for Year 2009 | Starting
2026-03-04 11:14:51 [INF] CIK 0001430523 | Missing permno mapping in CCM for Company WEBDIGS INC (0001430523).
2026-03-04 11:14:51 [INF] CIK 0001430523 | Missing Book-to-Market data for Company WEBDIGS INC (0001430523) in 2009.
2026-03-04 11:14:51 [INF] CIK 0001430523 | Skipping filing due to missing required data (CCM/CRSP/BTM).
2026-03-04 11:14:51 [INF] CIK 0000015511 | Filing 373/9706 for Year 2009 | Starting
2026-03-04 11:14:51 [INF] CIK 0000015511 | Missing permno mapping in CCM for Company BNSF RAILWAY CO (0000015511).
2026-03-04 11:14:51 [INF] CIK 0000015511 | Missing Book-to-Market data for Company BNSF RAILWAY CO (0000015511) in 2009.
2026-03-04 11:14:51 [INF] CIK 0000015511 | Skipping filing due to missing required data (CCM/CRSP/BTM).
2026-03-04 11:14:51 [INF] CIK 0000312583 | Filing 374/9706 for Year 2009 | Starting
2026-03-04 11:14:51 [INF] CIK 0000312583 | Missing permno mapping in CCM for Company ROCKY MOUNTAIN MINERALS INC (0000312583).
2026-03-04 11:14:51 [INF] CIK 0000312583 | Missing Book-to-Market data for Company ROCKY MOUNTAIN MINERALS INC (0000312583) in 2009.
2026-03-04 11:14:51 [INF] CIK 0000312583 | Skipping filing due to missing required data (CCM/CRSP/BTM).
2026-03-04 11:14:51 [INF] CIK 0000066756 | Filing 375/9706 for Year 2009 | Starting
2026-03-04 11:14:51 [INF] CIK 0000066756 | Downloading filing HTML (cached if available)
2026-03-04 11:14:51 [INF] CIK 0000066756 | Reading HTML from C:\git\Edgar\Edgar\Data\raw\2009\0000066756\000006675609000015\0000066756-09-000015.txt
2026-03-04 11:14:52 [INF] CIK 0000066756 | Cleaning + extracting sections
2026-03-04 11:14:52 [INF] CIK 0000066756 | Filing 375/9706 for Year 2009 | Finished
2026-03-04 11:14:52 [INF] CIK 0000067716 | Filing 376/9706 for Year 2009 | Starting
2026-03-04 11:14:52 [INF] CIK 0000067716 | Downloading filing HTML (cached if available)
2026-03-04 11:14:52 [INF] CIK 0000067716 | Reading HTML from C:\git\Edgar\Edgar\Data\raw\2009\0000067716\000006771609000026\0000067716-09-000026.txt
2026-03-04 11:14:52 [INF] CIK 0000067716 | Cleaning + extracting sections
2026-03-04 11:14:52 [INF] CIK 0000067716 | Filing 376/9706 for Year 2009 | Finished
2026-03-04 11:14:52 [INF] CIK 0000707388 | Filing 377/9706 for Year 2009 | Starting
2026-03-04 11:14:52 [INF] CIK 0000707388 | Downloading filing HTML (cached if available)
2026-03-04 11:14:52 [INF] CIK 0000707388 | Reading HTML from C:\git\Edgar\Edgar\Data\raw\2009\0000707388\000119312509029223\0001193125-09-029223.txt
2026-03-04 11:14:52 [INF] CIK 0000707388 | Cleaning + extracting sections
2026-03-04 11:14:52 [INF] CIK 0000707388 | Filing 377/9706 for Year 2009 | Finished
2026-03-04 11:14:52 [INF] CIK 0000073088 | Filing 378/9706 for Year 2009 | Starting
2026-03-04 11:14:52 [INF] CIK 0000073088 | Missing permno mapping in CCM for Company NORTHWESTERN CORP (0000073088).
2026-03-04 11:14:52 [INF] CIK 0000073088 | Missing Book-to-Market data for Company NORTHWESTERN CORP (0000073088) in 2009.
2026-03-04 11:14:52 [INF] CIK 0000073088 | Skipping filing due to missing required data (CCM/CRSP/BTM).
2026-03-04 11:14:52 [INF] CIK 0000074145 | Filing 379/9706 for Year 2009 | Starting
2026-03-04 11:14:52 [INF] CIK 0000074145 | Missing permno mapping in CCM for Company OKLAHOMA GAS & ELECTRIC CO (0000074145).
2026-03-04 11:14:52 [INF] CIK 0000074145 | Missing Book-to-Market data for Company OKLAHOMA GAS & ELECTRIC CO (0000074145) in 2009.
2026-03-04 11:14:52 [INF] CIK 0000074145 | Skipping filing due to missing required data (CCM/CRSP/BTM).
2026-03-04 11:14:52 [INF] CIK 0000759458 | Filing 380/9706 for Year 2009 | Starting
2026-03-04 11:14:52 [INF] CIK 0000759458 | Missing permno mapping in CCM for Company CANANDAIGUA NATIONAL CORP (0000759458).
2026-03-04 11:14:52 [INF] CIK 0000759458 | Missing Book-to-Market data for Company CANANDAIGUA NATIONAL CORP (0000759458) in 2009.
2026-03-04 11:14:52 [INF] CIK 0000759458 | Skipping filing due to missing required data (CCM/CRSP/BTM).
2026-03-04 11:14:52 [INF] CIK 0000773840 | Filing 381/9706 for Year 2009 | Starting
2026-03-04 11:14:52 [INF] CIK 0000773840 | Downloading filing HTML (cached if available)
2026-03-04 11:14:52 [INF] CIK 0000773840 | Reading HTML from C:\git\Edgar\Edgar\Data\raw\2009\0000773840\000093041309000801\0000930413-09-000801.txt
2026-03-04 11:14:52 [INF] CIK 0000773840 | Cleaning + extracting sections
2026-03-04 11:14:52 [INF] CIK 0000773840 | Filing 381/9706 for Year 2009 | Finished
2026-03-04 11:14:52 [INF] CIK 0000789860 | Filing 382/9706 for Year 2009 | Starting
2026-03-04 11:14:52 [INF] CIK 0000789860 | Missing permno mapping in CCM for Company Yayi International Inc (0000789860).
2026-03-04 11:14:52 [INF] CIK 0000789860 | Missing Book-to-Market data for Company Yayi International Inc (0000789860) in 2009.
2026-03-04 11:14:52 [INF] CIK 0000789860 | Skipping filing due to missing required data (CCM/CRSP/BTM).
2026-03-04 11:14:52 [INF] CIK 0000804055 | Filing 383/9706 for Year 2009 | Starting
2026-03-04 11:14:52 [INF] CIK 0000804055 | Missing permno mapping in CCM for Company COCA COLA ENTERPRISES INC (0000804055).
2026-03-04 11:14:52 [INF] CIK 0000804055 | Missing Book-to-Market data for Company COCA COLA ENTERPRISES INC (0000804055) in 2009.
2026-03-04 11:14:52 [INF] CIK 0000804055 | Skipping filing due to missing required data (CCM/CRSP/BTM).
2026-03-04 11:14:52 [INF] CIK 0000815508 | Filing 384/9706 for Year 2009 | Starting
2026-03-04 11:14:52 [INF] CIK 0000815508 | Missing permno mapping in CCM for Company BIOPURE CORP (0000815508).
2026-03-04 11:14:52 [INF] CIK 0000815508 | Missing Book-to-Market data for Company BIOPURE CORP (0000815508) in 2009.
2026-03-04 11:14:52 [INF] CIK 0000815508 | Skipping filing due to missing required data (CCM/CRSP/BTM).
2026-03-04 11:14:52 [INF] CIK 0000875762 | Filing 385/9706 for Year 2009 | Starting
2026-03-04 11:14:52 [INF] CIK 0000875762 | Missing permno mapping in CCM for Company STARTECH ENVIRONMENTAL CORP (0000875762).
2026-03-04 11:14:52 [INF] CIK 0000875762 | Missing Book-to-Market data for Company STARTECH ENVIRONMENTAL CORP (0000875762) in 2009.
2026-03-04 11:14:52 [INF] CIK 0000875762 | Skipping filing due to missing required data (CCM/CRSP/BTM).
2026-03-04 11:14:52 [INF] CIK 0000880643 | Filing 386/9706 for Year 2009 | Starting
2026-03-04 11:14:52 [INF] CIK 0000880643 | Missing permno mapping in CCM for Company GENTA INC DE/ (0000880643).
2026-03-04 11:14:52 [INF] CIK 0000880643 | Missing Book-to-Market data for Company GENTA INC DE/ (0000880643) in 2009.
2026-03-04 11:14:52 [INF] CIK 0000880643 | Skipping filing due to missing required data (CCM/CRSP/BTM).
2026-03-04 11:14:52 [INF] CIK 0000903129 | Filing 387/9706 for Year 2009 | Starting
2026-03-04 11:14:52 [INF] CIK 0000903129 | Downloading filing HTML (cached if available)
2026-03-04 11:14:52 [INF] CIK 0000903129 | Reading HTML from C:\git\Edgar\Edgar\Data\raw\2009\0000903129\000119312509029234\0001193125-09-029234.txt
2026-03-04 11:14:52 [INF] CIK 0000903129 | Cleaning + extracting sections
2026-03-04 11:14:52 [INF] CIK 0000903129 | Filing 387/9706 for Year 2009 | Finished
2026-03-04 11:14:52 [INF] CIK 0000931911 | Filing 388/9706 for Year 2009 | Starting
2026-03-04 11:14:52 [INF] CIK 0000931911 | Missing permno mapping in CCM for Company WESTAFF INC (0000931911).
2026-03-04 11:14:52 [INF] CIK 0000931911 | Missing Book-to-Market data for Company WESTAFF INC (0000931911) in 2009.
2026-03-04 11:14:52 [INF] CIK 0000931911 | Skipping filing due to missing required data (CCM/CRSP/BTM).
2026-03-04 11:14:52 [INF] CIK 0000934612 | Filing 389/9706 for Year 2009 | Starting
2026-03-04 11:14:52 [INF] CIK 0000934612 | Downloading filing HTML (cached if available)
2026-03-04 11:14:52 [INF] CIK 0000934612 | Reading HTML from C:\git\Edgar\Edgar\Data\raw\2009\0000934612\000093461209000005\0000934612-09-000005.txt
2026-03-04 11:14:52 [INF] CIK 0000934612 | Cleaning + extracting sections
2026-03-04 11:14:52 [INF] CIK 0000934612 | Filing 389/9706 for Year 2009 | Finished
2026-03-04 11:14:52 [INF] CIK 0000948846 | Filing 390/9706 for Year 2009 | Starting
2026-03-04 11:14:52 [INF] CIK 0000948846 | Downloading filing HTML (cached if available)
2026-03-04 11:14:52 [INF] CIK 0000948846 | Reading HTML from C:\git\Edgar\Edgar\Data\raw\2009\0000948846\000094884609000005\0000948846-09-000005.txt
2026-03-04 11:14:52 [INF] CIK 0000948846 | Cleaning + extracting sections
2026-03-04 11:14:52 [INF] CIK 0000948846 | Filing 390/9706 for Year 2009 | Finished
2026-03-04 11:14:52 [INF] CIK 0001013934 | Filing 391/9706 for Year 2009 | Starting
2026-03-04 11:14:52 [INF] CIK 0001013934 | Downloading filing HTML (cached if available)
2026-03-04 11:14:52 [INF] CIK 0001013934 | Reading HTML from C:\git\Edgar\Edgar\Data\raw\2009\0001013934\000095012309002952\0000950123-09-002952.txt
2026-03-04 11:14:52 [INF] CIK 0001013934 | Cleaning + extracting sections
2026-03-04 11:14:52 [INF] CIK 0001013934 | Filing 391/9706 for Year 2009 | Finished
2026-03-04 11:14:52 [INF] CIK 0001022079 | Filing 392/9706 for Year 2009 | Starting
2026-03-04 11:14:52 [INF] CIK 0001022079 | Downloading filing HTML (cached if available)
2026-03-04 11:14:52 [INF] CIK 0001022079 | Reading HTML from C:\git\Edgar\Edgar\Data\raw\2009\0001022079\000093041309000848\0000930413-09-000848.txt
2026-03-04 11:14:52 [INF] CIK 0001022079 | Cleaning + extracting sections
2026-03-04 11:14:52 [INF] CIK 0001022079 | Filing 392/9706 for Year 2009 | Finished
2026-03-04 11:14:52 [INF] CIK 0001023957 | Filing 393/9706 for Year 2009 | Starting
2026-03-04 11:14:52 [INF] CIK 0001023957 | Missing permno mapping in CCM for Company WESTERN PENNSYLVANIA ADVENTURE CAPITAL FUND (0001023957).
2026-03-04 11:14:52 [INF] CIK 0001023957 | Missing Book-to-Market data for Company WESTERN PENNSYLVANIA ADVENTURE CAPITAL FUND (0001023957) in 2009.
2026-03-04 11:14:52 [INF] CIK 0001023957 | Skipping filing due to missing required data (CCM/CRSP/BTM).
2026-03-04 11:14:52 [INF] CIK 0001035443 | Filing 394/9706 for Year 2009 | Starting
2026-03-04 11:14:52 [INF] CIK 0001035443 | Downloading filing HTML (cached if available)
2026-03-04 11:14:52 [INF] CIK 0001035443 | Reading HTML from C:\git\Edgar\Edgar\Data\raw\2009\0001035443\000110465909009784\0001104659-09-009784.txt
2026-03-04 11:14:53 [INF] CIK 0001035443 | Cleaning + extracting sections
2026-03-04 11:14:53 [INF] CIK 0001035443 | Filing 394/9706 for Year 2009 | Finished
2026-03-04 11:14:53 [INF] CIK 0001044566 | Filing 395/9706 for Year 2009 | Starting
2026-03-04 11:14:53 [INF] CIK 0001044566 | Downloading filing HTML (cached if available)
2026-03-04 11:14:53 [INF] CIK 0001044566 | Reading HTML from C:\git\Edgar\Edgar\Data\raw\2009\0001044566\000095013709001109\0000950137-09-001109.txt
2026-03-04 11:14:53 [INF] CIK 0001044566 | Cleaning + extracting sections
2026-03-04 11:14:53 [INF] CIK 0001044566 | Filing 395/9706 for Year 2009 | Finished
2026-03-04 11:14:53 [INF] CIK 0001055294 | Filing 396/9706 for Year 2009 | Starting
2026-03-04 11:14:53 [INF] CIK 0001055294 | Missing permno mapping in CCM for Company Kansas City Southern de Mexico, S.A. de C.V. (0001055294).
2026-03-04 11:14:53 [INF] CIK 0001055294 | Missing Book-to-Market data for Company Kansas City Southern de Mexico, S.A. de C.V. (0001055294) in 2009.
2026-03-04 11:14:53 [INF] CIK 0001055294 | Skipping filing due to missing required data (CCM/CRSP/BTM).
2026-03-04 11:14:53 [INF] CIK 0001070412 | Filing 397/9706 for Year 2009 | Starting
2026-03-04 11:14:53 [INF] CIK 0001070412 | Downloading filing HTML (cached if available)
2026-03-04 11:14:53 [INF] CIK 0001070412 | Reading HTML from C:\git\Edgar\Edgar\Data\raw\2009\0001070412\000119312509030578\0001193125-09-030578.txt
2026-03-04 11:14:53 [INF] CIK 0001070412 | Cleaning + extracting sections
2026-03-04 11:14:53 [INF] CIK 0001070412 | Filing 397/9706 for Year 2009 | Finished
2026-03-04 11:14:53 [INF] CIK 0001091735 | Filing 398/9706 for Year 2009 | Starting
2026-03-04 11:14:53 [INF] CIK 0001091735 | Downloading filing HTML (cached if available)
2026-03-04 11:14:53 [INF] CIK 0001091735 | Reading HTML from C:\git\Edgar\Edgar\Data\raw\2009\0001091735\000119312509031221\0001193125-09-031221.txt
2026-03-04 11:14:53 [INF] CIK 0001091735 | Cleaning + extracting sections
2026-03-04 11:14:53 [INF] CIK 0001091735 | Filing 398/9706 for Year 2009 | Finished
2026-03-04 11:14:53 [INF] CIK 0001138639 | Filing 399/9706 for Year 2009 | Starting
2026-03-04 11:14:53 [INF] CIK 0001138639 | Downloading filing HTML (cached if available)
2026-03-04 11:14:53 [INF] CIK 0001138639 | Reading HTML from C:\git\Edgar\Edgar\Data\raw\2009\0001138639\000119312509031411\0001193125-09-031411.txt
2026-03-04 11:14:53 [INF] CIK 0001138639 | Cleaning + extracting sections
2026-03-04 11:14:53 [INF] CIK 0001138639 | Filing 399/9706 for Year 2009 | Finished
2026-03-04 11:14:53 [INF] CIK 0000012355 | Filing 400/9706 for Year 2009 | Starting
2026-03-04 11:14:53 [INF] CIK 0000012355 | Downloading filing HTML (cached if available)
2026-03-04 11:14:53 [INF] CIK 0000012355 | Reading HTML from C:\git\Edgar\Edgar\Data\raw\2009\0000012355\000001235509000007\0000012355-09-000007.txt
2026-03-04 11:14:53 [INF] CIK 0000012355 | Cleaning + extracting sections
2026-03-04 11:14:53 [INF] CIK 0000012355 | Filing 400/9706 for Year 2009 | Finished
2026-03-04 11:14:53 [INF] CIK 0001283140 | Filing 401/9706 for Year 2009 | Starting
2026-03-04 11:14:53 [INF] CIK 0001283140 | Downloading filing HTML (cached if available)
2026-03-04 11:14:53 [INF] CIK 0001283140 | Reading HTML from C:\git\Edgar\Edgar\Data\raw\2009\0001283140\000095013409002883\0000950134-09-002883.txt
2026-03-04 11:14:53 [INF] CIK 0001283140 | Cleaning + extracting sections
2026-03-04 11:14:53 [INF] CIK 0001283140 | Filing 401/9706 for Year 2009 | Finished
2026-03-04 11:14:53 [INF] CIK 0001301838 | Filing 402/9706 for Year 2009 | Starting
2026-03-04 11:14:53 [INF] CIK 0001301838 | Missing permno mapping in CCM for Company Valley High Mining CO (0001301838).
2026-03-04 11:14:53 [INF] CIK 0001301838 | Missing Book-to-Market data for Company Valley High Mining CO (0001301838) in 2009.
2026-03-04 11:14:53 [INF] CIK 0001301838 | Skipping filing due to missing required data (CCM/CRSP/BTM).
2026-03-04 11:14:53 [INF] CIK 0001303433 | Filing 403/9706 for Year 2009 | Starting
2026-03-04 11:14:53 [INF] CIK 0001303433 | Missing permno mapping in CCM for Company Optionable Inc (0001303433).
2026-03-04 11:14:53 [INF] CIK 0001303433 | Missing Book-to-Market data for Company Optionable Inc (0001303433) in 2009.
2026-03-04 11:14:53 [INF] CIK 0001303433 | Skipping filing due to missing required data (CCM/CRSP/BTM).
2026-03-04 11:14:53 [INF] CIK 0001335793 | Filing 404/9706 for Year 2009 | Starting
2026-03-04 11:14:53 [INF] CIK 0001335793 | Downloading filing HTML (cached if available)
2026-03-04 11:14:53 [INF] CIK 0001335793 | Reading HTML from C:\git\Edgar\Edgar\Data\raw\2009\0001335793\000119312509030540\0001193125-09-030540.txt
2026-03-04 11:14:53 [INF] CIK 0001335793 | Cleaning + extracting sections
2026-03-04 11:14:53 [INF] CIK 0001335793 | Filing 404/9706 for Year 2009 | Finished
2026-03-04 11:14:53 [INF] CIK 0001381272 | Filing 405/9706 for Year 2009 | Starting
2026-03-04 11:14:53 [INF] CIK 0001381272 | Missing permno mapping in CCM for Company Sensata Technologies B.V. (0001381272).
2026-03-04 11:14:53 [INF] CIK 0001381272 | Missing Book-to-Market data for Company Sensata Technologies B.V. (0001381272) in 2009.
2026-03-04 11:14:53 [INF] CIK 0001381272 | Skipping filing due to missing required data (CCM/CRSP/BTM).
2026-03-04 11:14:53 [INF] CIK 0001407539 | Filing 406/9706 for Year 2009 | Starting
2026-03-04 11:14:53 [INF] CIK 0001407539 | Downloading filing HTML (cached if available)
2026-03-04 11:14:53 [INF] CIK 0001407539 | Reading HTML from C:\git\Edgar\Edgar\Data\raw\2009\0001407539\000095014409001387\0000950144-09-001387.txt
2026-03-04 11:14:53 [INF] CIK 0001407539 | Cleaning + extracting sections
2026-03-04 11:14:53 [INF] CIK 0001407539 | Filing 406/9706 for Year 2009 | Finished
2026-03-04 11:14:53 [INF] CIK 0001421526 | Filing 407/9706 for Year 2009 | Starting
2026-03-04 11:14:53 [INF] CIK 0001421526 | Missing CRSP trading days for Company SRKP 21 Inc (0001421526) in 2009.
2026-03-04 11:14:53 [INF] CIK 0001421526 | Missing Book-to-Market data for Company SRKP 21 Inc (0001421526) in 2009.
2026-03-04 11:14:53 [INF] CIK 0001421526 | Skipping filing due to missing required data (CCM/CRSP/BTM).
2026-03-04 11:14:53 [INF] CIK 0001423689 | Filing 408/9706 for Year 2009 | Starting
2026-03-04 11:14:53 [INF] CIK 0001423689 | Downloading filing HTML (cached if available)
2026-03-04 11:14:53 [INF] CIK 0001423689 | Reading HTML from C:\git\Edgar\Edgar\Data\raw\2009\0001423689\000119312509030689\0001193125-09-030689.txt
2026-03-04 11:14:53 [INF] CIK 0001423689 | Cleaning + extracting sections
2026-03-04 11:14:53 [INF] CIK 0001423689 | Filing 408/9706 for Year 2009 | Finished
2026-03-04 11:14:53 [INF] CIK 0001425205 | Filing 409/9706 for Year 2009 | Starting
2026-03-04 11:14:53 [INF] CIK 0001425205 | Missing CRSP trading days for Company FREIGHT MANAGEMENT CORP (0001425205) in 2009.
2026-03-04 11:14:53 [INF] CIK 0001425205 | Missing Book-to-Market data for Company FREIGHT MANAGEMENT CORP (0001425205) in 2009.
2026-03-04 11:14:53 [INF] CIK 0001425205 | Skipping filing due to missing required data (CCM/CRSP/BTM).
2026-03-04 11:14:53 [INF] CIK 0001432139 | Filing 410/9706 for Year 2009 | Starting
2026-03-04 11:14:53 [INF] CIK 0001432139 | Missing permno mapping in CCM for Company BNH INC (0001432139).
2026-03-04 11:14:53 [INF] CIK 0001432139 | Missing Book-to-Market data for Company BNH INC (0001432139) in 2009.
2026-03-04 11:14:53 [INF] CIK 0001432139 | Skipping filing due to missing required data (CCM/CRSP/BTM).
2026-03-04 11:14:53 [INF] CIK 0000206030 | Filing 411/9706 for Year 2009 | Starting
2026-03-04 11:14:53 [INF] CIK 0000206030 | Missing permno mapping in CCM for Company AXSYS TECHNOLOGIES INC (0000206030).
2026-03-04 11:14:53 [INF] CIK 0000206030 | Missing Book-to-Market data for Company AXSYS TECHNOLOGIES INC (0000206030) in 2009.
2026-03-04 11:14:53 [INF] CIK 0000206030 | Skipping filing due to missing required data (CCM/CRSP/BTM).
2026-03-04 11:14:53 [INF] CIK 0000350698 | Filing 412/9706 for Year 2009 | Starting
2026-03-04 11:14:53 [INF] CIK 0000350698 | Downloading filing HTML (cached if available)
2026-03-04 11:14:53 [INF] CIK 0000350698 | Reading HTML from C:\git\Edgar\Edgar\Data\raw\2009\0000350698\000095014409001303\0000950144-09-001303.txt
2026-03-04 11:14:53 [INF] CIK 0000350698 | Cleaning + extracting sections
2026-03-04 11:14:53 [INF] CIK 0000350698 | Filing 412/9706 for Year 2009 | Finished
2026-03-04 11:14:53 [INF] CIK 0000042542 | Filing 413/9706 for Year 2009 | Starting
2026-03-04 11:14:53 [INF] CIK 0000042542 | Downloading filing HTML (cached if available)
2026-03-04 11:14:53 [INF] CIK 0000042542 | Reading HTML from C:\git\Edgar\Edgar\Data\raw\2009\0000042542\000095014409001363\0000950144-09-001363.txt
2026-03-04 11:14:53 [INF] CIK 0000042542 | Cleaning + extracting sections
2026-03-04 11:14:53 [INF] CIK 0000042542 | Filing 413/9706 for Year 2009 | Finished
2026-03-04 11:14:53 [INF] CIK 0000004281 | Filing 414/9706 for Year 2009 | Starting
2026-03-04 11:14:53 [INF] CIK 0000004281 | Missing Book-to-Market data for Company ALCOA INC (0000004281) in 2009.
2026-03-04 11:14:53 [INF] CIK 0000004281 | Skipping filing due to missing required data (CCM/CRSP/BTM).
2026-03-04 11:14:53 [INF] CIK 0000042888 | Filing 415/9706 for Year 2009 | Starting
2026-03-04 11:14:53 [INF] CIK 0000042888 | Downloading filing HTML (cached if available)
2026-03-04 11:14:53 [INF] CIK 0000042888 | Reading HTML from C:\git\Edgar\Edgar\Data\raw\2009\0000042888\000004288809000030\0000042888-09-000030.txt
2026-03-04 11:14:54 [INF] CIK 0000042888 | Cleaning + extracting sections
2026-03-04 11:14:54 [INF] CIK 0000042888 | Filing 415/9706 for Year 2009 | Finished
2026-03-04 11:14:54 [INF] CIK 0000054480 | Filing 416/9706 for Year 2009 | Starting
2026-03-04 11:14:54 [INF] CIK 0000054480 | Downloading filing HTML (cached if available)
2026-03-04 11:14:54 [INF] CIK 0000054480 | Reading HTML from C:\git\Edgar\Edgar\Data\raw\2009\0000054480\000095015209001413\0000950152-09-001413.txt
2026-03-04 11:14:57 [INF] CIK 0000054480 | Cleaning + extracting sections
2026-03-04 11:14:57 [INF] CIK 0000054480 | Filing 416/9706 for Year 2009 | Finished
2026-03-04 11:14:57 [INF] CIK 0000062996 | Filing 417/9706 for Year 2009 | Starting
2026-03-04 11:14:57 [INF] CIK 0000062996 | Downloading filing HTML (cached if available)
2026-03-04 11:14:57 [INF] CIK 0000062996 | Reading HTML from C:\git\Edgar\Edgar\Data\raw\2009\0000062996\000095015209001494\0000950152-09-001494.txt
2026-03-04 11:14:57 [INF] CIK 0000062996 | Cleaning + extracting sections
2026-03-04 11:14:57 [INF] CIK 0000062996 | Filing 417/9706 for Year 2009 | Finished
2026-03-04 11:14:57 [INF] CIK 0000066740 | Filing 418/9706 for Year 2009 | Starting
2026-03-04 11:14:57 [INF] CIK 0000066740 | Downloading filing HTML (cached if available)
2026-03-04 11:14:57 [INF] CIK 0000066740 | Reading HTML from C:\git\Edgar\Edgar\Data\raw\2009\0000066740\000110465909009669\0001104659-09-009669.txt
2026-03-04 11:14:57 [INF] CIK 0000066740 | Cleaning + extracting sections
2026-03-04 11:14:57 [INF] CIK 0000066740 | Filing 418/9706 for Year 2009 | Finished
2026-03-04 11:14:57 [INF] CIK 0000793952 | Filing 419/9706 for Year 2009 | Starting
2026-03-04 11:14:57 [INF] CIK 0000793952 | Downloading filing HTML (cached if available)
2026-03-04 11:14:57 [INF] CIK 0000793952 | Reading HTML from C:\git\Edgar\Edgar\Data\raw\2009\0000793952\000119312509031412\0001193125-09-031412.txt
2026-03-04 11:14:57 [INF] CIK 0000793952 | Cleaning + extracting sections
2026-03-04 11:14:57 [INF] CIK 0000793952 | Filing 419/9706 for Year 2009 | Finished
2026-03-04 11:14:57 [INF] CIK 0000812074 | Filing 420/9706 for Year 2009 | Starting
2026-03-04 11:14:57 [INF] CIK 0000812074 | Downloading filing HTML (cached if available)
2026-03-04 11:14:57 [INF] CIK 0000812074 | Reading HTML from C:\git\Edgar\Edgar\Data\raw\2009\0000812074\000110465909010082\0001104659-09-010082.txt
2026-03-04 11:14:57 [INF] CIK 0000812074 | Cleaning + extracting sections
2026-03-04 11:14:57 [INF] CIK 0000812074 | Filing 420/9706 for Year 2009 | Finished
2026-03-04 11:14:57 [INF] CIK 0000812233 | Filing 421/9706 for Year 2009 | Starting
2026-03-04 11:14:57 [INF] CIK 0000812233 | Missing permno mapping in CCM for Company OWENS ILLINOIS GROUP INC (0000812233).
2026-03-04 11:14:57 [INF] CIK 0000812233 | Missing Book-to-Market data for Company OWENS ILLINOIS GROUP INC (0000812233) in 2009.
2026-03-04 11:14:57 [INF] CIK 0000812233 | Skipping filing due to missing required data (CCM/CRSP/BTM).
2026-03-04 11:14:57 [INF] CIK 0000816284 | Filing 422/9706 for Year 2009 | Starting
2026-03-04 11:14:57 [INF] CIK 0000816284 | Downloading filing HTML (cached if available)
2026-03-04 11:14:57 [INF] CIK 0000816284 | Reading HTML from C:\git\Edgar\Edgar\Data\raw\2009\0000816284\000136231009002329\0001362310-09-002329.txt
2026-03-04 11:14:57 [INF] CIK 0000816284 | Cleaning + extracting sections
2026-03-04 11:14:57 [INF] CIK 0000816284 | Filing 422/9706 for Year 2009 | Finished
2026-03-04 11:14:57 [INF] CIK 0000823768 | Filing 423/9706 for Year 2009 | Starting
2026-03-04 11:14:57 [INF] CIK 0000823768 | Downloading filing HTML (cached if available)
2026-03-04 11:14:57 [INF] CIK 0000823768 | Reading HTML from C:\git\Edgar\Edgar\Data\raw\2009\0000823768\000095012909000426\0000950129-09-000426.txt
2026-03-04 11:14:57 [INF] CIK 0000823768 | Cleaning + extracting sections
2026-03-04 11:14:57 [INF] CIK 0000823768 | Filing 423/9706 for Year 2009 | Finished
2026-03-04 11:14:57 [INF] CIK 0000851205 | Filing 424/9706 for Year 2009 | Starting
2026-03-04 11:14:57 [INF] CIK 0000851205 | Downloading filing HTML (cached if available)
2026-03-04 11:14:57 [INF] CIK 0000851205 | Reading HTML from C:\git\Edgar\Edgar\Data\raw\2009\0000851205\000095013509001024\0000950135-09-001024.txt
2026-03-04 11:14:58 [INF] CIK 0000851205 | Cleaning + extracting sections
2026-03-04 11:14:58 [INF] CIK 0000851205 | Filing 424/9706 for Year 2009 | Finished
2026-03-04 11:14:58 [INF] CIK 0000874016 | Filing 425/9706 for Year 2009 | Starting
2026-03-04 11:14:58 [INF] CIK 0000874016 | Downloading filing HTML (cached if available)
2026-03-04 11:14:58 [INF] CIK 0000874016 | Reading HTML from C:\git\Edgar\Edgar\Data\raw\2009\0000874016\000087401609000008\0000874016-09-000008.txt
2026-03-04 11:14:58 [INF] CIK 0000874016 | Cleaning + extracting sections
2026-03-04 11:14:58 [INF] CIK 0000874016 | Filing 425/9706 for Year 2009 | Finished
2026-03-04 11:14:58 [INF] CIK 0000875320 | Filing 426/9706 for Year 2009 | Starting
2026-03-04 11:14:58 [INF] CIK 0000875320 | Downloading filing HTML (cached if available)
2026-03-04 11:14:58 [INF] CIK 0000875320 | Reading HTML from C:\git\Edgar\Edgar\Data\raw\2009\0000875320\000104746909001305\0001047469-09-001305.txt
2026-03-04 11:14:58 [INF] CIK 0000875320 | Cleaning + extracting sections
2026-03-04 11:14:58 [INF] CIK 0000875320 | Filing 426/9706 for Year 2009 | Finished
2026-03-04 11:14:58 [INF] CIK 0000896262 | Filing 427/9706 for Year 2009 | Starting
2026-03-04 11:14:58 [INF] CIK 0000896262 | Downloading filing HTML (cached if available)
2026-03-04 11:14:58 [INF] CIK 0000896262 | Reading HTML from C:\git\Edgar\Edgar\Data\raw\2009\0000896262\000119312509031143\0001193125-09-031143.txt
2026-03-04 11:14:58 [INF] CIK 0000896262 | Cleaning + extracting sections
2026-03-04 11:14:58 [INF] CIK 0000896262 | Filing 427/9706 for Year 2009 | Finished
2026-03-04 11:14:58 [INF] CIK 0000916076 | Filing 428/9706 for Year 2009 | Starting
2026-03-04 11:14:58 [INF] CIK 0000916076 | Downloading filing HTML (cached if available)
2026-03-04 11:14:58 [INF] CIK 0000916076 | Reading HTML from C:\git\Edgar\Edgar\Data\raw\2009\0000916076\000095014409001377\0000950144-09-001377.txt
2026-03-04 11:14:58 [INF] CIK 0000916076 | Cleaning + extracting sections
2026-03-04 11:14:58 [INF] CIK 0000916076 | Filing 428/9706 for Year 2009 | Finished
2026-03-04 11:14:58 [INF] CIK 0000940942 | Filing 429/9706 for Year 2009 | Starting
2026-03-04 11:14:58 [INF] CIK 0000940942 | Downloading filing HTML (cached if available)
2026-03-04 11:14:58 [INF] CIK 0000940942 | Reading HTML from C:\git\Edgar\Edgar\Data\raw\2009\0000940942\000094094209000004\0000940942-09-000004.txt
2026-03-04 11:14:59 [INF] CIK 0000940942 | Cleaning + extracting sections
2026-03-04 11:14:59 [INF] CIK 0000940942 | Filing 429/9706 for Year 2009 | Finished
2026-03-04 11:14:59 [INF] CIK 0000097854 | Filing 430/9706 for Year 2009 | Starting
2026-03-04 11:14:59 [INF] CIK 0000097854 | Downloading filing HTML (cached if available)
2026-03-04 11:14:59 [INF] CIK 0000097854 | Reading HTML from C:\git\Edgar\Edgar\Data\raw\2009\0000097854\000095013409002993\0000950134-09-002993.txt
2026-03-04 11:14:59 [INF] CIK 0000097854 | Cleaning + extracting sections
2026-03-04 11:14:59 [INF] CIK 0000097854 | Filing 430/9706 for Year 2009 | Finished
2026-03-04 11:14:59 [INF] CIK 0001011174 | Filing 431/9706 for Year 2009 | Starting
2026-03-04 11:14:59 [INF] CIK 0001011174 | Downloading filing HTML (cached if available)
2026-03-04 11:14:59 [INF] CIK 0001011174 | Reading HTML from C:\git\Edgar\Edgar\Data\raw\2009\0001011174\000119312509032109\0001193125-09-032109.txt
2026-03-04 11:14:59 [INF] CIK 0001011174 | Cleaning + extracting sections
2026-03-04 11:14:59 [INF] CIK 0001011174 | Filing 431/9706 for Year 2009 | Finished
2026-03-04 11:14:59 [INF] CIK 0001060824 | Filing 432/9706 for Year 2009 | Starting
2026-03-04 11:14:59 [INF] CIK 0001060824 | Missing permno mapping in CCM for Company COSINE COMMUNICATIONS INC (0001060824).
2026-03-04 11:14:59 [INF] CIK 0001060824 | Missing Book-to-Market data for Company COSINE COMMUNICATIONS INC (0001060824) in 2009.
2026-03-04 11:14:59 [INF] CIK 0001060824 | Skipping filing due to missing required data (CCM/CRSP/BTM).
2026-03-04 11:14:59 [INF] CIK 0001068717 | Filing 433/9706 for Year 2009 | Starting
2026-03-04 11:14:59 [INF] CIK 0001068717 | Downloading filing HTML (cached if available)
2026-03-04 11:14:59 [INF] CIK 0001068717 | Reading HTML from C:\git\Edgar\Edgar\Data\raw\2009\0001068717\000095015209001563\0000950152-09-001563.txt
2026-03-04 11:14:59 [INF] CIK 0001068717 | Cleaning + extracting sections
2026-03-04 11:14:59 [INF] CIK 0001068717 | Filing 433/9706 for Year 2009 | Finished
2026-03-04 11:14:59 [INF] CIK 0001082510 | Filing 434/9706 for Year 2009 | Starting
2026-03-04 11:14:59 [INF] CIK 0001082510 | Downloading filing HTML (cached if available)
2026-03-04 11:14:59 [INF] CIK 0001082510 | Reading HTML from C:\git\Edgar\Edgar\Data\raw\2009\0001082510\000108251009000007\0001082510-09-000007.txt
2026-03-04 11:14:59 [INF] CIK 0001082510 | Cleaning + extracting sections
2026-03-04 11:14:59 [INF] CIK 0001082510 | Filing 434/9706 for Year 2009 | Finished
2026-03-04 11:14:59 [INF] CIK 0001125376 | Filing 435/9706 for Year 2009 | Starting
2026-03-04 11:14:59 [INF] CIK 0001125376 | Downloading filing HTML (cached if available)
2026-03-04 11:14:59 [INF] CIK 0001125376 | Reading HTML from C:\git\Edgar\Edgar\Data\raw\2009\0001125376\000089256909000090\0000892569-09-000090.txt
2026-03-04 11:14:59 [INF] CIK 0001125376 | Cleaning + extracting sections
2026-03-04 11:14:59 [INF] CIK 0001125376 | Filing 435/9706 for Year 2009 | Finished
2026-03-04 11:14:59 [INF] CIK 0001126328 | Filing 436/9706 for Year 2009 | Starting
2026-03-04 11:14:59 [INF] CIK 0001126328 | Downloading filing HTML (cached if available)
2026-03-04 11:14:59 [INF] CIK 0001126328 | Reading HTML from C:\git\Edgar\Edgar\Data\raw\2009\0001126328\000104746909001547\0001047469-09-001547.txt
2026-03-04 11:14:59 [INF] CIK 0001126328 | Cleaning + extracting sections
2026-03-04 11:14:59 [INF] CIK 0001126328 | Filing 436/9706 for Year 2009 | Finished
2026-03-04 11:14:59 [INF] CIK 0001323051 | Filing 437/9706 for Year 2009 | Starting
2026-03-04 11:14:59 [INF] CIK 0001323051 | Missing permno mapping in CCM for Company SRKP 2 INC (0001323051).
2026-03-04 11:14:59 [INF] CIK 0001323051 | Missing Book-to-Market data for Company SRKP 2 INC (0001323051) in 2009.
2026-03-04 11:14:59 [INF] CIK 0001323051 | Skipping filing due to missing required data (CCM/CRSP/BTM).
2026-03-04 11:14:59 [INF] CIK 0001326355 | Filing 438/9706 for Year 2009 | Starting
2026-03-04 11:14:59 [INF] CIK 0001326355 | Missing permno mapping in CCM for Company SRKP 3, INC (0001326355).
2026-03-04 11:14:59 [INF] CIK 0001326355 | Missing Book-to-Market data for Company SRKP 3, INC (0001326355) in 2009.
2026-03-04 11:14:59 [INF] CIK 0001326355 | Skipping filing due to missing required data (CCM/CRSP/BTM).
2026-03-04 11:14:59 [INF] CIK 0001335103 | Filing 439/9706 for Year 2009 | Starting
2026-03-04 11:14:59 [INF] CIK 0001335103 | Missing permno mapping in CCM for Company SRKP 5 INC (0001335103).
2026-03-04 11:14:59 [INF] CIK 0001335103 | Missing Book-to-Market data for Company SRKP 5 INC (0001335103) in 2009.
2026-03-04 11:14:59 [INF] CIK 0001335103 | Skipping filing due to missing required data (CCM/CRSP/BTM).
2026-03-04 11:14:59 [INF] CIK 0001361917 | Filing 440/9706 for Year 2009 | Starting
2026-03-04 11:14:59 [INF] CIK 0001361917 | Missing permno mapping in CCM for Company SRKP 10 INC (0001361917).
2026-03-04 11:14:59 [INF] CIK 0001361917 | Missing Book-to-Market data for Company SRKP 10 INC (0001361917) in 2009.
2026-03-04 11:14:59 [INF] CIK 0001361917 | Skipping filing due to missing required data (CCM/CRSP/BTM).
2026-03-04 11:14:59 [INF] CIK 0001368309 | Filing 441/9706 for Year 2009 | Starting
2026-03-04 11:14:59 [INF] CIK 0001368309 | Missing permno mapping in CCM for Company SRKP 14 INC (0001368309).
2026-03-04 11:14:59 [INF] CIK 0001368309 | Missing Book-to-Market data for Company SRKP 14 INC (0001368309) in 2009.
2026-03-04 11:14:59 [INF] CIK 0001368309 | Skipping filing due to missing required data (CCM/CRSP/BTM).
2026-03-04 11:14:59 [INF] CIK 0001368310 | Filing 442/9706 for Year 2009 | Starting
2026-03-04 11:14:59 [INF] CIK 0001368310 | Missing permno mapping in CCM for Company SRKP 12 INC (0001368310).
2026-03-04 11:14:59 [INF] CIK 0001368310 | Missing Book-to-Market data for Company SRKP 12 INC (0001368310) in 2009.
2026-03-04 11:14:59 [INF] CIK 0001368310 | Skipping filing due to missing required data (CCM/CRSP/BTM).
2026-03-04 11:14:59 [INF] CIK 0001370946 | Filing 443/9706 for Year 2009 | Starting
2026-03-04 11:14:59 [INF] CIK 0001370946 | Downloading filing HTML (cached if available)
2026-03-04 11:14:59 [INF] CIK 0001370946 | Reading HTML from C:\git\Edgar\Edgar\Data\raw\2009\0001370946\000119312509031783\0001193125-09-031783.txt
2026-03-04 11:14:59 [INF] CIK 0001370946 | Cleaning + extracting sections
2026-03-04 11:14:59 [INF] CIK 0001370946 | Filing 443/9706 for Year 2009 | Finished
2026-03-04 11:14:59 [INF] CIK 0001374567 | Filing 444/9706 for Year 2009 | Starting
2026-03-04 11:14:59 [INF] CIK 0001374567 | Missing permno mapping in CCM for Company WES Consulting, Inc. (0001374567).
2026-03-04 11:14:59 [INF] CIK 0001374567 | Missing Book-to-Market data for Company WES Consulting, Inc. (0001374567) in 2009.
2026-03-04 11:14:59 [INF] CIK 0001374567 | Skipping filing due to missing required data (CCM/CRSP/BTM).
2026-03-04 11:14:59 [INF] CIK 0001393883 | Filing 445/9706 for Year 2009 | Starting
2026-03-04 11:14:59 [INF] CIK 0001393883 | Downloading filing HTML (cached if available)
2026-03-04 11:14:59 [INF] CIK 0001393883 | Reading HTML from C:\git\Edgar\Edgar\Data\raw\2009\0001393883\000119312509032136\0001193125-09-032136.txt
2026-03-04 11:14:59 [INF] CIK 0001393883 | Cleaning + extracting sections
2026-03-04 11:14:59 [INF] CIK 0001393883 | Filing 445/9706 for Year 2009 | Finished
2026-03-04 11:14:59 [INF] CIK 0001403792 | Filing 446/9706 for Year 2009 | Starting
2026-03-04 11:14:59 [INF] CIK 0001403792 | Missing permno mapping in CCM for Company SRKP 16 INC (0001403792).
2026-03-04 11:14:59 [INF] CIK 0001403792 | Missing Book-to-Market data for Company SRKP 16 INC (0001403792) in 2009.
2026-03-04 11:14:59 [INF] CIK 0001403792 | Skipping filing due to missing required data (CCM/CRSP/BTM).
2026-03-04 11:14:59 [INF] CIK 0001421523 | Filing 447/9706 for Year 2009 | Starting
2026-03-04 11:14:59 [INF] CIK 0001421523 | Missing permno mapping in CCM for Company SRKP 24 Inc (0001421523).
2026-03-04 11:14:59 [INF] CIK 0001421523 | Missing Book-to-Market data for Company SRKP 24 Inc (0001421523) in 2009.
2026-03-04 11:14:59 [INF] CIK 0001421523 | Skipping filing due to missing required data (CCM/CRSP/BTM).
2026-03-04 11:14:59 [INF] CIK 0001421524 | Filing 448/9706 for Year 2009 | Starting
2026-03-04 11:14:59 [INF] CIK 0001421524 | Missing permno mapping in CCM for Company SRKP 23 Inc (0001421524).
2026-03-04 11:14:59 [INF] CIK 0001421524 | Missing Book-to-Market data for Company SRKP 23 Inc (0001421524) in 2009.
2026-03-04 11:14:59 [INF] CIK 0001421524 | Skipping filing due to missing required data (CCM/CRSP/BTM).
2026-03-04 11:14:59 [INF] CIK 0001421525 | Filing 449/9706 for Year 2009 | Starting
2026-03-04 11:14:59 [INF] CIK 0001421525 | Missing CRSP trading days for Company SRKP 22 Inc (0001421525) in 2009.
2026-03-04 11:14:59 [INF] CIK 0001421525 | Missing Book-to-Market data for Company SRKP 22 Inc (0001421525) in 2009.
2026-03-04 11:14:59 [INF] CIK 0001421525 | Skipping filing due to missing required data (CCM/CRSP/BTM).
2026-03-04 11:14:59 [INF] CIK 0001423242 | Filing 450/9706 for Year 2009 | Starting
2026-03-04 11:14:59 [INF] CIK 0001423242 | Missing CRSP trading days for Company SRKP 25 INC (0001423242) in 2009.
2026-03-04 11:14:59 [INF] CIK 0001423242 | Missing Book-to-Market data for Company SRKP 25 INC (0001423242) in 2009.
2026-03-04 11:14:59 [INF] CIK 0001423242 | Skipping filing due to missing required data (CCM/CRSP/BTM).
2026-03-04 11:14:59 [INF] CIK 0001423243 | Filing 451/9706 for Year 2009 | Starting
2026-03-04 11:14:59 [INF] CIK 0001423243 | Missing permno mapping in CCM for Company SRKP 26 INC (0001423243).
2026-03-04 11:14:59 [INF] CIK 0001423243 | Missing Book-to-Market data for Company SRKP 26 INC (0001423243) in 2009.
2026-03-04 11:14:59 [INF] CIK 0001423243 | Skipping filing due to missing required data (CCM/CRSP/BTM).
2026-03-04 11:14:59 [INF] CIK 0001423244 | Filing 452/9706 for Year 2009 | Starting
2026-03-04 11:14:59 [INF] CIK 0001423244 | Missing permno mapping in CCM for Company SRKP 27 INC (0001423244).
2026-03-04 11:14:59 [INF] CIK 0001423244 | Missing Book-to-Market data for Company SRKP 27 INC (0001423244) in 2009.
2026-03-04 11:14:59 [INF] CIK 0001423244 | Skipping filing due to missing required data (CCM/CRSP/BTM).
2026-03-04 11:14:59 [INF] CIK 0001423245 | Filing 453/9706 for Year 2009 | Starting
2026-03-04 11:14:59 [INF] CIK 0001423245 | Missing permno mapping in CCM for Company SRKP 28 INC (0001423245).
2026-03-04 11:14:59 [INF] CIK 0001423245 | Missing Book-to-Market data for Company SRKP 28 INC (0001423245) in 2009.
2026-03-04 11:14:59 [INF] CIK 0001423245 | Skipping filing due to missing required data (CCM/CRSP/BTM).
2026-03-04 11:14:59 [INF] CIK 0001423246 | Filing 454/9706 for Year 2009 | Starting
2026-03-04 11:14:59 [INF] CIK 0001423246 | Missing permno mapping in CCM for Company SRKP 29 INC (0001423246).
2026-03-04 11:14:59 [INF] CIK 0001423246 | Missing Book-to-Market data for Company SRKP 29 INC (0001423246) in 2009.
2026-03-04 11:14:59 [INF] CIK 0001423246 | Skipping filing due to missing required data (CCM/CRSP/BTM).
2026-03-04 11:14:59 [INF] CIK 0001432290 | Filing 455/9706 for Year 2009 | Starting
2026-03-04 11:14:59 [INF] CIK 0001432290 | Missing permno mapping in CCM for Company Secure Window Blinds, Inc. (0001432290).
2026-03-04 11:14:59 [INF] CIK 0001432290 | Missing Book-to-Market data for Company Secure Window Blinds, Inc. (0001432290) in 2009.
2026-03-04 11:14:59 [INF] CIK 0001432290 | Skipping filing due to missing required data (CCM/CRSP/BTM).
2026-03-04 11:14:59 [INF] CIK 0000354869 | Filing 456/9706 for Year 2009 | Starting
2026-03-04 11:14:59 [INF] CIK 0000354869 | Downloading filing HTML (cached if available)
2026-03-04 11:14:59 [INF] CIK 0000354869 | Reading HTML from C:\git\Edgar\Edgar\Data\raw\2009\0000354869\000095015209001562\0000950152-09-001562.txt
2026-03-04 11:14:59 [INF] CIK 0000354869 | Cleaning + extracting sections
2026-03-04 11:15:00 [INF] CIK 0000354869 | Filing 456/9706 for Year 2009 | Finished
2026-03-04 11:15:00 [INF] CIK 0000040545 | Filing 457/9706 for Year 2009 | Starting
2026-03-04 11:15:00 [INF] CIK 0000040545 | Downloading filing HTML (cached if available)
2026-03-04 11:15:00 [INF] CIK 0000040545 | Reading HTML from C:\git\Edgar\Edgar\Data\raw\2009\0000040545\000004054509000012\0000040545-09-000012.txt
2026-03-04 11:15:00 [INF] CIK 0000040545 | Cleaning + extracting sections
2026-03-04 11:15:00 [INF] CIK 0000040545 | Filing 457/9706 for Year 2009 | Finished
2026-03-04 11:15:00 [INF] CIK 0000040554 | Filing 458/9706 for Year 2009 | Starting
2026-03-04 11:15:00 [INF] CIK 0000040554 | Missing permno mapping in CCM for Company GENERAL ELECTRIC CAPITAL CORP (0000040554).
2026-03-04 11:15:00 [INF] CIK 0000040554 | Missing Book-to-Market data for Company GENERAL ELECTRIC CAPITAL CORP (0000040554) in 2009.
2026-03-04 11:15:00 [INF] CIK 0000040554 | Skipping filing due to missing required data (CCM/CRSP/BTM).
2026-03-04 11:15:00 [INF] CIK 0000042582 | Filing 459/9706 for Year 2009 | Starting
2026-03-04 11:15:00 [INF] CIK 0000042582 | Downloading filing HTML (cached if available)
2026-03-04 11:15:00 [INF] CIK 0000042582 | Reading HTML from C:\git\Edgar\Edgar\Data\raw\2009\0000042582\000095015209001538\0000950152-09-001538.txt
2026-03-04 11:15:00 [INF] CIK 0000042582 | Cleaning + extracting sections
2026-03-04 11:15:00 [INF] CIK 0000042582 | Filing 459/9706 for Year 2009 | Finished
2026-03-04 11:15:00 [INF] CIK 0000045012 | Filing 460/9706 for Year 2009 | Starting
2026-03-04 11:15:00 [INF] CIK 0000045012 | Downloading filing HTML (cached if available)
2026-03-04 11:15:00 [INF] CIK 0000045012 | Reading HTML from C:\git\Edgar\Edgar\Data\raw\2009\0000045012\000004501209000098\0000045012-09-000098.txt
2026-03-04 11:15:00 [INF] CIK 0000045012 | Cleaning + extracting sections
2026-03-04 11:15:00 [INF] CIK 0000045012 | Filing 460/9706 for Year 2009 | Finished
2026-03-04 11:15:00 [INF] CIK 0000701345 | Filing 461/9706 for Year 2009 | Starting
2026-03-04 11:15:00 [INF] CIK 0000701345 | Downloading filing HTML (cached if available)
2026-03-04 11:15:00 [INF] CIK 0000701345 | Reading HTML from C:\git\Edgar\Edgar\Data\raw\2009\0000701345\000095013409003177\0000950134-09-003177.txt
2026-03-04 11:15:00 [INF] CIK 0000701345 | Cleaning + extracting sections
2026-03-04 11:15:00 [INF] CIK 0000701345 | Filing 461/9706 for Year 2009 | Finished
2026-03-04 11:15:00 [INF] CIK 0000702165 | Filing 462/9706 for Year 2009 | Starting
2026-03-04 11:15:00 [INF] CIK 0000702165 | Downloading filing HTML (cached if available)
2026-03-04 11:15:00 [INF] CIK 0000702165 | Reading HTML from C:\git\Edgar\Edgar\Data\raw\2009\0000702165\000070216509000050\0000702165-09-000050.txt
2026-03-04 11:15:00 [INF] CIK 0000702165 | Cleaning + extracting sections
2026-03-04 11:15:00 [INF] CIK 0000702165 | Filing 462/9706 for Year 2009 | Finished
2026-03-04 11:15:00 [INF] CIK 0000714560 | Filing 463/9706 for Year 2009 | Starting
2026-03-04 11:15:00 [INF] CIK 0000714560 | Missing permno mapping in CCM for Company US AIRWAYS INC (0000714560).
2026-03-04 11:15:00 [INF] CIK 0000714560 | Missing Book-to-Market data for Company US AIRWAYS INC (0000714560) in 2009.
2026-03-04 11:15:00 [INF] CIK 0000714560 | Skipping filing due to missing required data (CCM/CRSP/BTM).
2026-03-04 11:15:00 [INF] CIK 0000755001 | Filing 464/9706 for Year 2009 | Starting
2026-03-04 11:15:00 [INF] CIK 0000755001 | Downloading filing HTML (cached if available)
2026-03-04 11:15:00 [INF] CIK 0000755001 | Reading HTML from C:\git\Edgar\Edgar\Data\raw\2009\0000755001\000119312509031869\0001193125-09-031869.txt
2026-03-04 11:15:00 [INF] CIK 0000755001 | Cleaning + extracting sections
2026-03-04 11:15:00 [INF] CIK 0000755001 | Filing 464/9706 for Year 2009 | Finished
2026-03-04 11:15:00 [INF] CIK 0000768899 | Filing 465/9706 for Year 2009 | Starting
2026-03-04 11:15:00 [INF] CIK 0000768899 | Downloading filing HTML (cached if available)
2026-03-04 11:15:00 [INF] CIK 0000768899 | Reading HTML from C:\git\Edgar\Edgar\Data\raw\2009\0000768899\000104746909001556\0001047469-09-001556.txt
2026-03-04 11:15:00 [INF] CIK 0000768899 | Cleaning + extracting sections
2026-03-04 11:15:01 [INF] CIK 0000768899 | Filing 465/9706 for Year 2009 | Finished
2026-03-04 11:15:01 [INF] CIK 0000780053 | Filing 466/9706 for Year 2009 | Starting
2026-03-04 11:15:01 [INF] CIK 0000780053 | Downloading filing HTML (cached if available)
2026-03-04 11:15:01 [INF] CIK 0000780053 | Reading HTML from C:\git\Edgar\Edgar\Data\raw\2009\0000780053\000119312509032235\0001193125-09-032235.txt
2026-03-04 11:15:01 [INF] CIK 0000780053 | Cleaning + extracting sections
2026-03-04 11:15:01 [INF] CIK 0000780053 | Filing 466/9706 for Year 2009 | Finished
2026-03-04 11:15:01 [INF] CIK 0000797463 | Filing 467/9706 for Year 2009 | Starting
2026-03-04 11:15:01 [INF] CIK 0000797463 | Missing permno mapping in CCM for Company GENERAL ELECTRIC CAPITAL SERVICES INC/CT (0000797463).
2026-03-04 11:15:01 [INF] CIK 0000797463 | Missing Book-to-Market data for Company GENERAL ELECTRIC CAPITAL SERVICES INC/CT (0000797463) in 2009.
2026-03-04 11:15:01 [INF] CIK 0000797463 | Skipping filing due to missing required data (CCM/CRSP/BTM).
2026-03-04 11:15:01 [INF] CIK 0000814184 | Filing 468/9706 for Year 2009 | Starting
2026-03-04 11:15:01 [INF] CIK 0000814184 | Downloading filing HTML (cached if available)
2026-03-04 11:15:01 [INF] CIK 0000814184 | Reading HTML from C:\git\Edgar\Edgar\Data\raw\2009\0000814184\000110465909010420\0001104659-09-010420.txt
2026-03-04 11:15:01 [INF] CIK 0000814184 | Cleaning + extracting sections
2026-03-04 11:15:01 [INF] CIK 0000814184 | Filing 468/9706 for Year 2009 | Finished
2026-03-04 11:15:01 [INF] CIK 0000869570 | Filing 469/9706 for Year 2009 | Starting
2026-03-04 11:15:01 [INF] CIK 0000869570 | Missing permno mapping in CCM for Company SPSS INC (0000869570).
2026-03-04 11:15:01 [INF] CIK 0000869570 | Missing Book-to-Market data for Company SPSS INC (0000869570) in 2009.
2026-03-04 11:15:01 [INF] CIK 0000869570 | Skipping filing due to missing required data (CCM/CRSP/BTM).
2026-03-04 11:15:01 [INF] CIK 0000091440 | Filing 470/9706 for Year 2009 | Starting
2026-03-04 11:15:01 [INF] CIK 0000091440 | Downloading filing HTML (cached if available)
2026-03-04 11:15:01 [INF] CIK 0000091440 | Reading HTML from C:\git\Edgar\Edgar\Data\raw\2009\0000091440\000110465909010323\0001104659-09-010323.txt
2026-03-04 11:15:01 [INF] CIK 0000091440 | Cleaning + extracting sections
2026-03-04 11:15:01 [INF] CIK 0000091440 | Filing 470/9706 for Year 2009 | Finished
2026-03-04 11:15:01 [INF] CIK 0000922475 | Filing 471/9706 for Year 2009 | Starting
2026-03-04 11:15:01 [INF] CIK 0000922475 | Downloading filing HTML (cached if available)
2026-03-04 11:15:01 [INF] CIK 0000922475 | Reading HTML from C:\git\Edgar\Edgar\Data\raw\2009\0000922475\000092247509000046\0000922475-09-000046.txt
2026-03-04 11:15:01 [INF] CIK 0000922475 | Cleaning + extracting sections
2026-03-04 11:15:01 [INF] CIK 0000922475 | Filing 471/9706 for Year 2009 | Finished
2026-03-04 11:15:01 [INF] CIK 0000923796 | Filing 472/9706 for Year 2009 | Starting
2026-03-04 11:15:01 [INF] CIK 0000923796 | Downloading filing HTML (cached if available)
2026-03-04 11:15:01 [INF] CIK 0000923796 | Reading HTML from C:\git\Edgar\Edgar\Data\raw\2009\0000923796\000095014409001411\0000950144-09-001411.txt
2026-03-04 11:15:01 [INF] CIK 0000923796 | Cleaning + extracting sections
2026-03-04 11:15:01 [INF] CIK 0000923796 | Filing 472/9706 for Year 2009 | Finished
2026-03-04 11:15:01 [INF] CIK 0001012771 | Filing 473/9706 for Year 2009 | Starting
2026-03-04 11:15:01 [INF] CIK 0001012771 | Downloading filing HTML (cached if available)
2026-03-04 11:15:01 [INF] CIK 0001012771 | Reading HTML from C:\git\Edgar\Edgar\Data\raw\2009\0001012771\000095013709001169\0000950137-09-001169.txt
2026-03-04 11:15:01 [INF] CIK 0001012771 | Cleaning + extracting sections
2026-03-04 11:15:01 [INF] CIK 0001012771 | Filing 473/9706 for Year 2009 | Finished
2026-03-04 11:15:01 [INF] CIK 0001043382 | Filing 474/9706 for Year 2009 | Starting
2026-03-04 11:15:01 [INF] CIK 0001043382 | Downloading filing HTML (cached if available)
2026-03-04 11:15:01 [INF] CIK 0001043382 | Reading HTML from C:\git\Edgar\Edgar\Data\raw\2009\0001043382\000136231009002449\0001362310-09-002449.txt
2026-03-04 11:15:01 [INF] CIK 0001043382 | Cleaning + extracting sections
2026-03-04 11:15:01 [INF] CIK 0001043382 | Filing 474/9706 for Year 2009 | Finished
2026-03-04 11:15:01 [INF] CIK 0000010456 | Filing 475/9706 for Year 2009 | Starting
2026-03-04 11:15:01 [INF] CIK 0000010456 | Downloading filing HTML (cached if available)
2026-03-04 11:15:01 [INF] CIK 0000010456 | Reading HTML from C:\git\Edgar\Edgar\Data\raw\2009\0000010456\000095013709001173\0000950137-09-001173.txt
2026-03-04 11:15:01 [INF] CIK 0000010456 | Cleaning + extracting sections
2026-03-04 11:15:01 [INF] CIK 0000010456 | Filing 475/9706 for Year 2009 | Finished
2026-03-04 11:15:01 [INF] CIK 0001058090 | Filing 476/9706 for Year 2009 | Starting
2026-03-04 11:15:01 [INF] CIK 0001058090 | Downloading filing HTML (cached if available)
2026-03-04 11:15:01 [INF] CIK 0001058090 | Reading HTML from C:\git\Edgar\Edgar\Data\raw\2009\0001058090\000119312509033199\0001193125-09-033199.txt
2026-03-04 11:15:01 [INF] CIK 0001058090 | Cleaning + extracting sections
2026-03-04 11:15:01 [INF] CIK 0001058090 | Filing 476/9706 for Year 2009 | Finished
2026-03-04 11:15:01 [INF] CIK 0001062530 | Filing 477/9706 for Year 2009 | Starting
2026-03-04 11:15:01 [INF] CIK 0001062530 | Downloading filing HTML (cached if available)
2026-03-04 11:15:01 [INF] CIK 0001062530 | Reading HTML from C:\git\Edgar\Edgar\Data\raw\2009\0001062530\000095013709001176\0000950137-09-001176.txt
2026-03-04 11:15:01 [INF] CIK 0001062530 | Cleaning + extracting sections
2026-03-04 11:15:01 [INF] CIK 0001062530 | Filing 477/9706 for Year 2009 | Finished
2026-03-04 11:15:01 [INF] CIK 0000106640 | Filing 478/9706 for Year 2009 | Starting
2026-03-04 11:15:01 [INF] CIK 0000106640 | Downloading filing HTML (cached if available)
2026-03-04 11:15:01 [INF] CIK 0000106640 | Reading HTML from C:\git\Edgar\Edgar\Data\raw\2009\0000106640\000119312509032852\0001193125-09-032852.txt
2026-03-04 11:15:02 [INF] CIK 0000106640 | Cleaning + extracting sections
2026-03-04 11:15:02 [INF] CIK 0000106640 | Filing 478/9706 for Year 2009 | Finished
2026-03-04 11:15:02 [INF] CIK 0001077428 | Filing 479/9706 for Year 2009 | Starting
2026-03-04 11:15:02 [INF] CIK 0001077428 | Downloading filing HTML (cached if available)
2026-03-04 11:15:02 [INF] CIK 0001077428 | Reading HTML from C:\git\Edgar\Edgar\Data\raw\2009\0001077428\000095013409003297\0000950134-09-003297.txt
2026-03-04 11:15:02 [INF] CIK 0001077428 | Cleaning + extracting sections
2026-03-04 11:15:02 [INF] CIK 0001077428 | Filing 479/9706 for Year 2009 | Finished
2026-03-04 11:15:02 [INF] CIK 0001096385 | Filing 480/9706 for Year 2009 | Starting
2026-03-04 11:15:02 [INF] CIK 0001096385 | Downloading filing HTML (cached if available)
2026-03-04 11:15:02 [INF] CIK 0001096385 | Reading HTML from C:\git\Edgar\Edgar\Data\raw\2009\0001096385\000109638509000013\0001096385-09-000013.txt
2026-03-04 11:15:02 [INF] CIK 0001096385 | Cleaning + extracting sections
2026-03-04 11:15:02 [INF] CIK 0001096385 | Filing 480/9706 for Year 2009 | Finished
2026-03-04 11:15:02 [INF] CIK 0001115055 | Filing 481/9706 for Year 2009 | Starting
2026-03-04 11:15:02 [INF] CIK 0001115055 | Downloading filing HTML (cached if available)
2026-03-04 11:15:02 [INF] CIK 0001115055 | Reading HTML from C:\git\Edgar\Edgar\Data\raw\2009\0001115055\000095014409001457\0000950144-09-001457.txt
2026-03-04 11:15:02 [INF] CIK 0001115055 | Cleaning + extracting sections
2026-03-04 11:15:02 [INF] CIK 0001115055 | Filing 481/9706 for Year 2009 | Finished
2026-03-04 11:15:02 [INF] CIK 0001141391 | Filing 482/9706 for Year 2009 | Starting
2026-03-04 11:15:02 [INF] CIK 0001141391 | Downloading filing HTML (cached if available)
2026-03-04 11:15:02 [INF] CIK 0001141391 | Reading HTML from C:\git\Edgar\Edgar\Data\raw\2009\0001141391\000119312509033062\0001193125-09-033062.txt
2026-03-04 11:15:02 [INF] CIK 0001141391 | Cleaning + extracting sections
2026-03-04 11:15:02 [INF] CIK 0001141391 | Filing 482/9706 for Year 2009 | Finished
2026-03-04 11:15:02 [INF] CIK 0001141719 | Filing 483/9706 for Year 2009 | Starting
2026-03-04 11:15:02 [INF] CIK 0001141719 | Downloading filing HTML (cached if available)
2026-03-04 11:15:02 [INF] CIK 0001141719 | Reading HTML from C:\git\Edgar\Edgar\Data\raw\2009\0001141719\000119312509033152\0001193125-09-033152.txt
2026-03-04 11:15:02 [INF] CIK 0001141719 | Cleaning + extracting sections
2026-03-04 11:15:02 [INF] CIK 0001141719 | Filing 483/9706 for Year 2009 | Finished
2026-03-04 11:15:02 [INF] CIK 0001156039 | Filing 484/9706 for Year 2009 | Starting
2026-03-04 11:15:02 [INF] CIK 0001156039 | Downloading filing HTML (cached if available)
2026-03-04 11:15:02 [INF] CIK 0001156039 | Reading HTML from C:\git\Edgar\Edgar\Data\raw\2009\0001156039\000119312509033022\0001193125-09-033022.txt
2026-03-04 11:15:02 [INF] CIK 0001156039 | Cleaning + extracting sections
2026-03-04 11:15:02 [INF] CIK 0001156039 | Filing 484/9706 for Year 2009 | Finished
2026-03-04 11:15:02 [INF] CIK 0001164727 | Filing 485/9706 for Year 2009 | Starting
2026-03-04 11:15:02 [INF] CIK 0001164727 | Downloading filing HTML (cached if available)
2026-03-04 11:15:02 [INF] CIK 0001164727 | Reading HTML from C:\git\Edgar\Edgar\Data\raw\2009\0001164727\000095013409003236\0000950134-09-003236.txt
2026-03-04 11:15:02 [INF] CIK 0001164727 | Cleaning + extracting sections
2026-03-04 11:15:02 [INF] CIK 0001164727 | Filing 485/9706 for Year 2009 | Finished
2026-03-04 11:15:02 [INF] CIK 0001173911 | Filing 486/9706 for Year 2009 | Starting
2026-03-04 11:15:02 [INF] CIK 0001173911 | Downloading filing HTML (cached if available)
2026-03-04 11:15:02 [INF] CIK 0001173911 | Reading HTML from C:\git\Edgar\Edgar\Data\raw\2009\0001173911\000119312509033118\0001193125-09-033118.txt
2026-03-04 11:15:03 [INF] CIK 0001173911 | Cleaning + extracting sections
2026-03-04 11:15:03 [INF] CIK 0001173911 | Filing 486/9706 for Year 2009 | Finished
2026-03-04 11:15:03 [INF] CIK 0001262823 | Filing 487/9706 for Year 2009 | Starting
2026-03-04 11:15:03 [INF] CIK 0001262823 | Downloading filing HTML (cached if available)
2026-03-04 11:15:03 [INF] CIK 0001262823 | Reading HTML from C:\git\Edgar\Edgar\Data\raw\2009\0001262823\000119312509032921\0001193125-09-032921.txt
2026-03-04 11:15:03 [INF] CIK 0001262823 | Cleaning + extracting sections
2026-03-04 11:15:03 [INF] CIK 0001262823 | Filing 487/9706 for Year 2009 | Finished
2026-03-04 11:15:03 [INF] CIK 0001282266 | Filing 488/9706 for Year 2009 | Starting
2026-03-04 11:15:03 [INF] CIK 0001282266 | Downloading filing HTML (cached if available)
2026-03-04 11:15:03 [INF] CIK 0001282266 | Reading HTML from C:\git\Edgar\Edgar\Data\raw\2009\0001282266\000119312509032904\0001193125-09-032904.txt
2026-03-04 11:15:03 [INF] CIK 0001282266 | Cleaning + extracting sections
2026-03-04 11:15:03 [INF] CIK 0001282266 | Filing 488/9706 for Year 2009 | Finished
2026-03-04 11:15:03 [INF] CIK 0001292470 | Filing 489/9706 for Year 2009 | Starting
2026-03-04 11:15:03 [INF] CIK 0001292470 | Downloading filing HTML (cached if available)
2026-03-04 11:15:03 [INF] CIK 0001292470 | Reading HTML from C:\git\Edgar\Edgar\Data\raw\2009\0001292470\000119312509033116\0001193125-09-033116.txt
2026-03-04 11:15:03 [INF] CIK 0001292470 | Cleaning + extracting sections
2026-03-04 11:15:03 [INF] CIK 0001292470 | Filing 489/9706 for Year 2009 | Finished
2026-03-04 11:15:03 [INF] CIK 0001324424 | Filing 490/9706 for Year 2009 | Starting
2026-03-04 11:15:03 [INF] CIK 0001324424 | Downloading filing HTML (cached if available)
2026-03-04 11:15:03 [INF] CIK 0001324424 | Reading HTML from C:\git\Edgar\Edgar\Data\raw\2009\0001324424\000095013409003282\0000950134-09-003282.txt
2026-03-04 11:15:03 [INF] CIK 0001324424 | Cleaning + extracting sections
2026-03-04 11:15:03 [INF] CIK 0001324424 | Filing 490/9706 for Year 2009 | Finished
2026-03-04 11:15:03 [INF] CIK 0001344674 | Filing 491/9706 for Year 2009 | Starting
2026-03-04 11:15:03 [INF] CIK 0001344674 | Missing permno mapping in CCM for Company NUCRYST Pharmaceuticals Corp. (0001344674).
2026-03-04 11:15:03 [INF] CIK 0001344674 | Missing Book-to-Market data for Company NUCRYST Pharmaceuticals Corp. (0001344674) in 2009.
2026-03-04 11:15:03 [INF] CIK 0001344674 | Skipping filing due to missing required data (CCM/CRSP/BTM).
2026-03-04 11:15:03 [INF] CIK 0001361951 | Filing 492/9706 for Year 2009 | Starting
2026-03-04 11:15:03 [INF] CIK 0001361951 | Missing permno mapping in CCM for Company Genemen Inc. (0001361951).
2026-03-04 11:15:03 [INF] CIK 0001361951 | Missing Book-to-Market data for Company Genemen Inc. (0001361951) in 2009.
2026-03-04 11:15:03 [INF] CIK 0001361951 | Skipping filing due to missing required data (CCM/CRSP/BTM).
2026-03-04 11:15:03 [INF] CIK 0001365135 | Filing 493/9706 for Year 2009 | Starting
2026-03-04 11:15:03 [INF] CIK 0001365135 | Downloading filing HTML (cached if available)
2026-03-04 11:15:03 [INF] CIK 0001365135 | Reading HTML from C:\git\Edgar\Edgar\Data\raw\2009\0001365135\000119312509032396\0001193125-09-032396.txt
2026-03-04 11:15:03 [INF] CIK 0001365135 | Cleaning + extracting sections
2026-03-04 11:15:03 [INF] CIK 0001365135 | Filing 493/9706 for Year 2009 | Finished
2026-03-04 11:15:03 [INF] CIK 0001407200 | Filing 494/9706 for Year 2009 | Starting
2026-03-04 11:15:03 [INF] CIK 0001407200 | Missing permno mapping in CCM for Company Discover Card Execution Note Trust (0001407200).
2026-03-04 11:15:03 [INF] CIK 0001407200 | Missing Book-to-Market data for Company Discover Card Execution Note Trust (0001407200) in 2009.
2026-03-04 11:15:03 [INF] CIK 0001407200 | Skipping filing due to missing required data (CCM/CRSP/BTM).
2026-03-04 11:15:03 [INF] CIK 0001419521 | Filing 495/9706 for Year 2009 | Starting
2026-03-04 11:15:03 [INF] CIK 0001419521 | Downloading filing HTML (cached if available)
2026-03-04 11:15:03 [INF] CIK 0001419521 | Reading HTML from C:\git\Edgar\Edgar\Data\raw\2009\0001419521\000119312509033137\0001193125-09-033137.txt
2026-03-04 11:15:03 [INF] CIK 0001419521 | Cleaning + extracting sections
2026-03-04 11:15:03 [INF] CIK 0001419521 | Filing 495/9706 for Year 2009 | Finished
2026-03-04 11:15:03 [INF] CIK 0001422109 | Filing 496/9706 for Year 2009 | Starting
2026-03-04 11:15:03 [INF] CIK 0001422109 | Missing CRSP trading days for Company CHERRY TANKERS INC. (0001422109) in 2009.
2026-03-04 11:15:03 [INF] CIK 0001422109 | Missing Book-to-Market data for Company CHERRY TANKERS INC. (0001422109) in 2009.
2026-03-04 11:15:03 [INF] CIK 0001422109 | Skipping filing due to missing required data (CCM/CRSP/BTM).
2026-03-04 11:15:03 [INF] CIK 0001439449 | Filing 497/9706 for Year 2009 | Starting
2026-03-04 11:15:03 [INF] CIK 0001439449 | Missing permno mapping in CCM for Company Fresenius Kabi Pharmaceuticals Holding, Inc. (0001439449).
2026-03-04 11:15:03 [INF] CIK 0001439449 | Missing Book-to-Market data for Company Fresenius Kabi Pharmaceuticals Holding, Inc. (0001439449) in 2009.
2026-03-04 11:15:03 [INF] CIK 0001439449 | Skipping filing due to missing required data (CCM/CRSP/BTM).
2026-03-04 11:15:03 [INF] CIK 0000277948 | Filing 498/9706 for Year 2009 | Starting
2026-03-04 11:15:03 [INF] CIK 0000277948 | Downloading filing HTML (cached if available)
2026-03-04 11:15:03 [INF] CIK 0000277948 | Reading HTML from C:\git\Edgar\Edgar\Data\raw\2009\0000277948\000027794809000042\0000277948-09-000042.txt
2026-03-04 11:15:03 [INF] CIK 0000277948 | Cleaning + extracting sections
2026-03-04 11:15:03 [INF] CIK 0000277948 | Filing 498/9706 for Year 2009 | Finished
2026-03-04 11:15:03 [INF] CIK 0000313478 | Filing 499/9706 for Year 2009 | Starting
2026-03-04 11:15:03 [INF] CIK 0000313478 | Downloading filing HTML (cached if available)
2026-03-04 11:15:03 [INF] CIK 0000313478 | Reading HTML from C:\git\Edgar\Edgar\Data\raw\2009\0000313478\000143774909000176\0001437749-09-000176.txt
2026-03-04 11:15:03 [INF] CIK 0000313478 | Cleaning + extracting sections
2026-03-04 11:15:03 [INF] CIK 0000313478 | Filing 499/9706 for Year 2009 | Finished
2026-03-04 11:15:03 [INF] CIK 0000315213 | Filing 500/9706 for Year 2009 | Starting
2026-03-04 11:15:03 [INF] CIK 0000315213 | Downloading filing HTML (cached if available)
2026-03-04 11:15:03 [INF] CIK 0000315213 | Reading HTML from C:\git\Edgar\Edgar\Data\raw\2009\0000315213\000119312509033115\0001193125-09-033115.txt
2026-03-04 11:15:03 [INF] CIK 0000315213 | Cleaning + extracting sections
2026-03-04 11:15:03 [INF] CIK 0000315213 | Filing 500/9706 for Year 2009 | Finished
2026-03-04 11:15:03 [INF] CIK 0000319687 | Filing 501/9706 for Year 2009 | Starting
2026-03-04 11:15:03 [INF] CIK 0000319687 | Downloading filing HTML (cached if available)
2026-03-04 11:15:03 [INF] CIK 0000319687 | Reading HTML from C:\git\Edgar\Edgar\Data\raw\2009\0000319687\000031968709000008\0000319687-09-000008.txt
2026-03-04 11:15:03 [INF] CIK 0000319687 | Cleaning + extracting sections
2026-03-04 11:15:03 [INF] CIK 0000319687 | Filing 501/9706 for Year 2009 | Finished
2026-03-04 11:15:03 [INF] CIK 0000004515 | Filing 502/9706 for Year 2009 | Starting
2026-03-04 11:15:03 [INF] CIK 0000004515 | Missing permno mapping in CCM for Company AMERICAN AIRLINES INC (0000004515).
2026-03-04 11:15:03 [INF] CIK 0000004515 | Missing Book-to-Market data for Company AMERICAN AIRLINES INC (0000004515) in 2009.
2026-03-04 11:15:03 [INF] CIK 0000004515 | Skipping filing due to missing required data (CCM/CRSP/BTM).
2026-03-04 11:15:03 [INF] CIK 0000006201 | Filing 503/9706 for Year 2009 | Starting
2026-03-04 11:15:03 [INF] CIK 0000006201 | Downloading filing HTML (cached if available)
2026-03-04 11:15:03 [INF] CIK 0000006201 | Reading HTML from C:\git\Edgar\Edgar\Data\raw\2009\0000006201\000000620109000009\0000006201-09-000009.txt
2026-03-04 11:15:04 [INF] CIK 0000006201 | Cleaning + extracting sections
2026-03-04 11:15:04 [INF] CIK 0000006201 | Filing 503/9706 for Year 2009 | Finished
2026-03-04 11:15:04 [INF] CIK 0000068622 | Filing 504/9706 for Year 2009 | Starting
2026-03-04 11:15:04 [INF] CIK 0000068622 | Missing permno mapping in CCM for Company QWEST CORP (0000068622).
2026-03-04 11:15:04 [INF] CIK 0000068622 | Missing Book-to-Market data for Company QWEST CORP (0000068622) in 2009.
2026-03-04 11:15:04 [INF] CIK 0000068622 | Skipping filing due to missing required data (CCM/CRSP/BTM).
2026-03-04 11:15:04 [INF] CIK 0000072207 | Filing 505/9706 for Year 2009 | Starting
2026-03-04 11:15:04 [INF] CIK 0000072207 | Downloading filing HTML (cached if available)
2026-03-04 11:15:04 [INF] CIK 0000072207 | Reading HTML from C:\git\Edgar\Edgar\Data\raw\2009\0000072207\000007220709000004\0000072207-09-000004.txt
2026-03-04 11:15:04 [INF] CIK 0000072207 | Cleaning + extracting sections
2026-03-04 11:15:04 [INF] CIK 0000072207 | Filing 505/9706 for Year 2009 | Finished
2026-03-04 11:15:04 [INF] CIK 0000766421 | Filing 506/9706 for Year 2009 | Starting
2026-03-04 11:15:04 [INF] CIK 0000766421 | Downloading filing HTML (cached if available)
2026-03-04 11:15:04 [INF] CIK 0000766421 | Reading HTML from C:\git\Edgar\Edgar\Data\raw\2009\0000766421\000119312509033073\0001193125-09-033073.txt
2026-03-04 11:15:04 [INF] CIK 0000766421 | Cleaning + extracting sections
2026-03-04 11:15:04 [INF] CIK 0000766421 | Filing 506/9706 for Year 2009 | Finished
2026-03-04 11:15:04 [INF] CIK 0000077476 | Filing 507/9706 for Year 2009 | Starting
2026-03-04 11:15:04 [INF] CIK 0000077476 | Downloading filing HTML (cached if available)
2026-03-04 11:15:04 [INF] CIK 0000077476 | Reading HTML from C:\git\Edgar\Edgar\Data\raw\2009\0000077476\000119312509033126\0001193125-09-033126.txt
2026-03-04 11:15:04 [INF] CIK 0000077476 | Cleaning + extracting sections
2026-03-04 11:15:04 [INF] CIK 0000077476 | Filing 507/9706 for Year 2009 | Finished
2026-03-04 11:15:04 [INF] CIK 0000784199 | Filing 508/9706 for Year 2009 | Starting
2026-03-04 11:15:04 [INF] CIK 0000784199 | Downloading filing HTML (cached if available)
2026-03-04 11:15:04 [INF] CIK 0000784199 | Reading HTML from C:\git\Edgar\Edgar\Data\raw\2009\0000784199\000119312509033205\0001193125-09-033205.txt
2026-03-04 11:15:04 [INF] CIK 0000784199 | Cleaning + extracting sections
2026-03-04 11:15:04 [INF] CIK 0000784199 | Filing 508/9706 for Year 2009 | Finished
2026-03-04 11:15:04 [INF] CIK 0000079879 | Filing 509/9706 for Year 2009 | Starting
2026-03-04 11:15:04 [INF] CIK 0000079879 | Downloading filing HTML (cached if available)
2026-03-04 11:15:04 [INF] CIK 0000079879 | Reading HTML from C:\git\Edgar\Edgar\Data\raw\2009\0000079879\000119312509032796\0001193125-09-032796.txt
2026-03-04 11:15:04 [INF] CIK 0000079879 | Cleaning + extracting sections
2026-03-04 11:15:05 [INF] CIK 0000079879 | Filing 509/9706 for Year 2009 | Finished
2026-03-04 11:15:05 [INF] CIK 0000814068 | Filing 510/9706 for Year 2009 | Starting
2026-03-04 11:15:05 [INF] CIK 0000814068 | Missing permno mapping in CCM for Company CHAMPION ENTERPRISES INC (0000814068).
2026-03-04 11:15:05 [INF] CIK 0000814068 | Missing Book-to-Market data for Company CHAMPION ENTERPRISES INC (0000814068) in 2009.
2026-03-04 11:15:05 [INF] CIK 0000814068 | Skipping filing due to missing required data (CCM/CRSP/BTM).
2026-03-04 11:15:05 [INF] CIK 0000820081 | Filing 511/9706 for Year 2009 | Starting
2026-03-04 11:15:05 [INF] CIK 0000820081 | Downloading filing HTML (cached if available)
2026-03-04 11:15:05 [INF] CIK 0000820081 | Reading HTML from C:\git\Edgar\Edgar\Data\raw\2009\0000820081\000095012309003098\0000950123-09-003098.txt
2026-03-04 11:15:05 [INF] CIK 0000820081 | Cleaning + extracting sections
2026-03-04 11:15:05 [INF] CIK 0000820081 | Filing 511/9706 for Year 2009 | Finished
2026-03-04 11:15:05 [INF] CIK 0000086312 | Filing 512/9706 for Year 2009 | Starting
2026-03-04 11:15:05 [INF] CIK 0000086312 | Downloading filing HTML (cached if available)
2026-03-04 11:15:05 [INF] CIK 0000086312 | Reading HTML from C:\git\Edgar\Edgar\Data\raw\2009\0000086312\000104746909001591\0001047469-09-001591.txt
2026-03-04 11:15:05 [INF] CIK 0000086312 | Cleaning + extracting sections
2026-03-04 11:15:05 [INF] CIK 0000086312 | Filing 512/9706 for Year 2009 | Finished
2026-03-04 11:15:05 [INF] CIK 0000880285 | Filing 513/9706 for Year 2009 | Starting
2026-03-04 11:15:05 [INF] CIK 0000880285 | Downloading filing HTML (cached if available)
2026-03-04 11:15:05 [INF] CIK 0000880285 | Reading HTML from C:\git\Edgar\Edgar\Data\raw\2009\0000880285\000119312509033100\0001193125-09-033100.txt
2026-03-04 11:15:05 [INF] CIK 0000880285 | Cleaning + extracting sections
2026-03-04 11:15:06 [INF] CIK 0000880285 | Filing 513/9706 for Year 2009 | Finished
2026-03-04 11:15:06 [INF] CIK 0000889900 | Filing 514/9706 for Year 2009 | Starting
2026-03-04 11:15:06 [INF] CIK 0000889900 | Downloading filing HTML (cached if available)
2026-03-04 11:15:06 [INF] CIK 0000889900 | Reading HTML from C:\git\Edgar\Edgar\Data\raw\2009\0000889900\000095013409003225\0000950134-09-003225.txt
2026-03-04 11:15:06 [INF] CIK 0000889900 | Cleaning + extracting sections
2026-03-04 11:15:06 [INF] CIK 0000889900 | Filing 514/9706 for Year 2009 | Finished
2026-03-04 11:15:06 [INF] CIK 0000894329 | Filing 515/9706 for Year 2009 | Starting
2026-03-04 11:15:06 [INF] CIK 0000894329 | Missing permno mapping in CCM for Company DISCOVER CARD MASTER TRUST I (0000894329).
2026-03-04 11:15:06 [INF] CIK 0000894329 | Missing Book-to-Market data for Company DISCOVER CARD MASTER TRUST I (0000894329) in 2009.
2026-03-04 11:15:06 [INF] CIK 0000894329 | Skipping filing due to missing required data (CCM/CRSP/BTM).
2026-03-04 11:15:06 [INF] CIK 0000099780 | Filing 516/9706 for Year 2009 | Starting
2026-03-04 11:15:06 [INF] CIK 0000099780 | Downloading filing HTML (cached if available)
2026-03-04 11:15:06 [INF] CIK 0000099780 | Reading HTML from C:\git\Edgar\Edgar\Data\raw\2009\0000099780\000095013409003276\0000950134-09-003276.txt
2026-03-04 11:15:06 [INF] CIK 0000099780 | Cleaning + extracting sections
2026-03-04 11:15:06 [INF] CIK 0000099780 | Filing 516/9706 for Year 2009 | Finished
2026-03-04 11:15:06 [INF] CIK 0001000229 | Filing 517/9706 for Year 2009 | Starting
2026-03-04 11:15:06 [INF] CIK 0001000229 | Missing permno mapping in CCM for Company CORE LABORATORIES N V (0001000229).
2026-03-04 11:15:06 [INF] CIK 0001000229 | Missing Book-to-Market data for Company CORE LABORATORIES N V (0001000229) in 2009.
2026-03-04 11:15:06 [INF] CIK 0001000229 | Skipping filing due to missing required data (CCM/CRSP/BTM).
2026-03-04 11:15:06 [INF] CIK 0001001258 | Filing 518/9706 for Year 2009 | Starting
2026-03-04 11:15:06 [INF] CIK 0001001258 | Downloading filing HTML (cached if available)
2026-03-04 11:15:06 [INF] CIK 0001001258 | Reading HTML from C:\git\Edgar\Edgar\Data\raw\2009\0001001258\000095012309003196\0000950123-09-003196.txt
2026-03-04 11:15:06 [INF] CIK 0001001258 | Cleaning + extracting sections
2026-03-04 11:15:06 [INF] CIK 0001001258 | Filing 518/9706 for Year 2009 | Finished
2026-03-04 11:15:06 [INF] CIK 0000100790 | Filing 519/9706 for Year 2009 | Starting
2026-03-04 11:15:06 [INF] CIK 0000100790 | Missing permno mapping in CCM for Company UNION CARBIDE CORP /NEW/ (0000100790).
2026-03-04 11:15:06 [INF] CIK 0000100790 | Missing Book-to-Market data for Company UNION CARBIDE CORP /NEW/ (0000100790) in 2009.
2026-03-04 11:15:06 [INF] CIK 0000100790 | Skipping filing due to missing required data (CCM/CRSP/BTM).
2026-03-04 11:15:06 [INF] CIK 0001041577 | Filing 520/9706 for Year 2009 | Starting
2026-03-04 11:15:06 [INF] CIK 0001041577 | Downloading filing HTML (cached if available)
2026-03-04 11:15:06 [INF] CIK 0001041577 | Reading HTML from C:\git\Edgar\Edgar\Data\raw\2009\0001041577\000136231009002512\0001362310-09-002512.txt
2026-03-04 11:15:06 [INF] CIK 0001041577 | Cleaning + extracting sections
2026-03-04 11:15:06 [INF] CIK 0001041577 | Filing 520/9706 for Year 2009 | Finished
2026-03-04 11:15:06 [INF] CIK 0001046568 | Filing 521/9706 for Year 2009 | Starting
2026-03-04 11:15:06 [INF] CIK 0001046568 | Downloading filing HTML (cached if available)
2026-03-04 11:15:06 [INF] CIK 0001046568 | Reading HTML from C:\git\Edgar\Edgar\Data\raw\2009\0001046568\000119312509034169\0001193125-09-034169.txt
2026-03-04 11:15:06 [INF] CIK 0001046568 | Cleaning + extracting sections
2026-03-04 11:15:06 [INF] CIK 0001046568 | Filing 521/9706 for Year 2009 | Finished
2026-03-04 11:15:06 [INF] CIK 0001053532 | Filing 522/9706 for Year 2009 | Starting
2026-03-04 11:15:06 [INF] CIK 0001053532 | Downloading filing HTML (cached if available)
2026-03-04 11:15:06 [INF] CIK 0001053532 | Reading HTML from C:\git\Edgar\Edgar\Data\raw\2009\0001053532\000119312509033277\0001193125-09-033277.txt
2026-03-04 11:15:06 [INF] CIK 0001053532 | Cleaning + extracting sections
2026-03-04 11:15:06 [INF] CIK 0001053532 | Filing 522/9706 for Year 2009 | Finished
2026-03-04 11:15:06 [INF] CIK 0001054905 | Filing 523/9706 for Year 2009 | Starting
2026-03-04 11:15:06 [INF] CIK 0001054905 | Downloading filing HTML (cached if available)
2026-03-04 11:15:06 [INF] CIK 0001054905 | Reading HTML from C:\git\Edgar\Edgar\Data\raw\2009\0001054905\000119312509033826\0001193125-09-033826.txt
2026-03-04 11:15:06 [INF] CIK 0001054905 | Cleaning + extracting sections
2026-03-04 11:15:06 [INF] CIK 0001054905 | Filing 523/9706 for Year 2009 | Finished
2026-03-04 11:15:06 [INF] CIK 0001056288 | Filing 524/9706 for Year 2009 | Starting
2026-03-04 11:15:06 [INF] CIK 0001056288 | Downloading filing HTML (cached if available)
2026-03-04 11:15:06 [INF] CIK 0001056288 | Reading HTML from C:\git\Edgar\Edgar\Data\raw\2009\0001056288\000119312509034245\0001193125-09-034245.txt
2026-03-04 11:15:06 [INF] CIK 0001056288 | Cleaning + extracting sections
2026-03-04 11:15:06 [INF] CIK 0001056288 | Filing 524/9706 for Year 2009 | Finished
2026-03-04 11:15:06 [INF] CIK 0001065088 | Filing 525/9706 for Year 2009 | Starting
2026-03-04 11:15:06 [INF] CIK 0001065088 | Downloading filing HTML (cached if available)
2026-03-04 11:15:06 [INF] CIK 0001065088 | Reading HTML from C:\git\Edgar\Edgar\Data\raw\2009\0001065088\000095013409003306\0000950134-09-003306.txt
2026-03-04 11:15:06 [INF] CIK 0001065088 | Cleaning + extracting sections
2026-03-04 11:15:06 [INF] CIK 0001065088 | Filing 525/9706 for Year 2009 | Finished
2026-03-04 11:15:06 [INF] CIK 0001072343 | Filing 526/9706 for Year 2009 | Starting
2026-03-04 11:15:06 [INF] CIK 0001072343 | Downloading filing HTML (cached if available)
2026-03-04 11:15:06 [INF] CIK 0001072343 | Reading HTML from C:\git\Edgar\Edgar\Data\raw\2009\0001072343\000119312509034215\0001193125-09-034215.txt
2026-03-04 11:15:06 [INF] CIK 0001072343 | Cleaning + extracting sections
2026-03-04 11:15:06 [INF] CIK 0001072343 | Filing 526/9706 for Year 2009 | Finished
2026-03-04 11:15:06 [INF] CIK 0001075531 | Filing 527/9706 for Year 2009 | Starting
2026-03-04 11:15:06 [INF] CIK 0001075531 | Downloading filing HTML (cached if available)
2026-03-04 11:15:06 [INF] CIK 0001075531 | Reading HTML from C:\git\Edgar\Edgar\Data\raw\2009\0001075531\000110465909011154\0001104659-09-011154.txt
2026-03-04 11:15:06 [INF] CIK 0001075531 | Cleaning + extracting sections
2026-03-04 11:15:06 [INF] CIK 0001075531 | Filing 527/9706 for Year 2009 | Finished
2026-03-04 11:15:06 [INF] CIK 0001076405 | Filing 528/9706 for Year 2009 | Starting
2026-03-04 11:15:06 [INF] CIK 0001076405 | Downloading filing HTML (cached if available)
2026-03-04 11:15:06 [INF] CIK 0001076405 | Reading HTML from C:\git\Edgar\Edgar\Data\raw\2009\0001076405\000095012309003160\0000950123-09-003160.txt
2026-03-04 11:15:07 [INF] CIK 0001076405 | Cleaning + extracting sections
2026-03-04 11:15:07 [INF] CIK 0001076405 | Filing 528/9706 for Year 2009 | Finished
2026-03-04 11:15:07 [INF] CIK 0001087835 | Filing 529/9706 for Year 2009 | Starting
2026-03-04 11:15:07 [INF] CIK 0001087835 | Missing permno mapping in CCM for Company BOTTLING GROUP LLC (0001087835).
2026-03-04 11:15:07 [INF] CIK 0001087835 | Missing Book-to-Market data for Company BOTTLING GROUP LLC (0001087835) in 2009.
2026-03-04 11:15:07 [INF] CIK 0001087835 | Skipping filing due to missing required data (CCM/CRSP/BTM).
2026-03-04 11:15:07 [INF] CIK 0001105705 | Filing 530/9706 for Year 2009 | Starting
2026-03-04 11:15:07 [INF] CIK 0001105705 | Downloading filing HTML (cached if available)
2026-03-04 11:15:07 [INF] CIK 0001105705 | Reading HTML from C:\git\Edgar\Edgar\Data\raw\2009\0001105705\000095014409001481\0000950144-09-001481.txt
2026-03-04 11:15:07 [INF] CIK 0001105705 | Cleaning + extracting sections
2026-03-04 11:15:07 [INF] CIK 0001105705 | Filing 530/9706 for Year 2009 | Finished
2026-03-04 11:15:07 [INF] CIK 0001108058 | Filing 531/9706 for Year 2009 | Starting
2026-03-04 11:15:07 [INF] CIK 0001108058 | Downloading filing HTML (cached if available)
2026-03-04 11:15:07 [INF] CIK 0001108058 | Reading HTML from C:\git\Edgar\Edgar\Data\raw\2009\0001108058\000119312509034010\0001193125-09-034010.txt
2026-03-04 11:15:07 [INF] CIK 0001108058 | Cleaning + extracting sections
2026-03-04 11:15:07 [INF] CIK 0001108058 | Filing 531/9706 for Year 2009 | Finished
2026-03-04 11:15:07 [INF] CIK 0001121484 | Filing 532/9706 for Year 2009 | Starting
2026-03-04 11:15:07 [INF] CIK 0001121484 | Downloading filing HTML (cached if available)
2026-03-04 11:15:07 [INF] CIK 0001121484 | Reading HTML from C:\git\Edgar\Edgar\Data\raw\2009\0001121484\000095012909000475\0000950129-09-000475.txt
2026-03-04 11:15:07 [INF] CIK 0001121484 | Cleaning + extracting sections
2026-03-04 11:15:07 [INF] CIK 0001121484 | Filing 532/9706 for Year 2009 | Finished
2026-03-04 11:15:07 [INF] CIK 0001123457 | Filing 533/9706 for Year 2009 | Starting
2026-03-04 11:15:07 [INF] CIK 0001123457 | Missing permno mapping in CCM for Company TWIN LAKES INC (0001123457).
2026-03-04 11:15:07 [INF] CIK 0001123457 | Missing Book-to-Market data for Company TWIN LAKES INC (0001123457) in 2009.
2026-03-04 11:15:07 [INF] CIK 0001123457 | Skipping filing due to missing required data (CCM/CRSP/BTM).
2026-03-04 11:15:07 [INF] CIK 0001166691 | Filing 534/9706 for Year 2009 | Starting
2026-03-04 11:15:07 [INF] CIK 0001166691 | Downloading filing HTML (cached if available)
2026-03-04 11:15:07 [INF] CIK 0001166691 | Reading HTML from C:\git\Edgar\Edgar\Data\raw\2009\0001166691\000119312509033975\0001193125-09-033975.txt
2026-03-04 11:15:07 [INF] CIK 0001166691 | Cleaning + extracting sections
2026-03-04 11:15:07 [INF] CIK 0001166691 | Filing 534/9706 for Year 2009 | Finished
2026-03-04 11:15:07 [INF] CIK 0001227654 | Filing 535/9706 for Year 2009 | Starting
2026-03-04 11:15:07 [INF] CIK 0001227654 | Downloading filing HTML (cached if available)
2026-03-04 11:15:07 [INF] CIK 0001227654 | Reading HTML from C:\git\Edgar\Edgar\Data\raw\2009\0001227654\000122765409000012\0001227654-09-000012.txt
2026-03-04 11:15:07 [INF] CIK 0001227654 | Cleaning + extracting sections
2026-03-04 11:15:07 [INF] CIK 0001227654 | Filing 535/9706 for Year 2009 | Finished
2026-03-04 11:15:07 [INF] CIK 0001258831 | Filing 536/9706 for Year 2009 | Starting
2026-03-04 11:15:07 [INF] CIK 0001258831 | Missing permno mapping in CCM for Company FREDERICK COUNTY BANCORP INC (0001258831).
2026-03-04 11:15:07 [INF] CIK 0001258831 | Missing Book-to-Market data for Company FREDERICK COUNTY BANCORP INC (0001258831) in 2009.
2026-03-04 11:15:07 [INF] CIK 0001258831 | Skipping filing due to missing required data (CCM/CRSP/BTM).
2026-03-04 11:15:07 [INF] CIK 0001267097 | Filing 537/9706 for Year 2009 | Starting
2026-03-04 11:15:07 [INF] CIK 0001267097 | Downloading filing HTML (cached if available)
2026-03-04 11:15:07 [INF] CIK 0001267097 | Reading HTML from C:\git\Edgar\Edgar\Data\raw\2009\0001267097\000095015209001630\0000950152-09-001630.txt
2026-03-04 11:15:07 [INF] CIK 0001267097 | Cleaning + extracting sections
2026-03-04 11:15:07 [INF] CIK 0001267097 | Filing 537/9706 for Year 2009 | Finished
2026-03-04 11:15:07 [INF] CIK 0001282637 | Filing 538/9706 for Year 2009 | Starting
2026-03-04 11:15:07 [INF] CIK 0001282637 | Downloading filing HTML (cached if available)
2026-03-04 11:15:07 [INF] CIK 0001282637 | Reading HTML from C:\git\Edgar\Edgar\Data\raw\2009\0001282637\000119312509033752\0001193125-09-033752.txt
2026-03-04 11:15:07 [INF] CIK 0001282637 | Cleaning + extracting sections
2026-03-04 11:15:07 [INF] CIK 0001282637 | Filing 538/9706 for Year 2009 | Finished
2026-03-04 11:15:07 [INF] CIK 0001302365 | Filing 539/9706 for Year 2009 | Starting
2026-03-04 11:15:07 [INF] CIK 0001302365 | Missing permno mapping in CCM for Company Our Glass, Inc. (0001302365).
2026-03-04 11:15:07 [INF] CIK 0001302365 | Missing Book-to-Market data for Company Our Glass, Inc. (0001302365) in 2009.
2026-03-04 11:15:07 [INF] CIK 0001302365 | Skipping filing due to missing required data (CCM/CRSP/BTM).
2026-03-04 11:15:07 [INF] CIK 0001308137 | Filing 540/9706 for Year 2009 | Starting
2026-03-04 11:15:07 [INF] CIK 0001308137 | Missing permno mapping in CCM for Company BLACKSANDS PETROLEUM, INC. (0001308137).
2026-03-04 11:15:07 [INF] CIK 0001308137 | Missing Book-to-Market data for Company BLACKSANDS PETROLEUM, INC. (0001308137) in 2009.
2026-03-04 11:15:07 [INF] CIK 0001308137 | Skipping filing due to missing required data (CCM/CRSP/BTM).
2026-03-04 11:15:07 [INF] CIK 0001315257 | Filing 541/9706 for Year 2009 | Starting
2026-03-04 11:15:07 [INF] CIK 0001315257 | Downloading filing HTML (cached if available)
2026-03-04 11:15:07 [INF] CIK 0001315257 | Reading HTML from C:\git\Edgar\Edgar\Data\raw\2009\0001315257\000119312509034166\0001193125-09-034166.txt
2026-03-04 11:15:07 [INF] CIK 0001315257 | Cleaning + extracting sections
2026-03-04 11:15:07 [INF] CIK 0001315257 | Filing 541/9706 for Year 2009 | Finished
2026-03-04 11:15:07 [INF] CIK 0001336917 | Filing 542/9706 for Year 2009 | Starting
2026-03-04 11:15:07 [INF] CIK 0001336917 | Downloading filing HTML (cached if available)
2026-03-04 11:15:07 [INF] CIK 0001336917 | Reading HTML from C:\git\Edgar\Edgar\Data\raw\2009\0001336917\000119312509033942\0001193125-09-033942.txt
2026-03-04 11:15:07 [INF] CIK 0001336917 | Cleaning + extracting sections
2026-03-04 11:15:07 [INF] CIK 0001336917 | Filing 542/9706 for Year 2009 | Finished
2026-03-04 11:15:07 [INF] CIK 0001361579 | Filing 543/9706 for Year 2009 | Starting
2026-03-04 11:15:07 [INF] CIK 0001361579 | Downloading filing HTML (cached if available)
2026-03-04 11:15:07 [INF] CIK 0001361579 | Reading HTML from C:\git\Edgar\Edgar\Data\raw\2009\0001361579\000095013709001205\0000950137-09-001205.txt
2026-03-04 11:15:07 [INF] CIK 0001361579 | Cleaning + extracting sections
2026-03-04 11:15:08 [INF] CIK 0001361579 | Filing 543/9706 for Year 2009 | Finished
2026-03-04 11:15:08 [INF] CIK 0001364885 | Filing 544/9706 for Year 2009 | Starting
2026-03-04 11:15:08 [INF] CIK 0001364885 | Downloading filing HTML (cached if available)
2026-03-04 11:15:08 [INF] CIK 0001364885 | Reading HTML from C:\git\Edgar\Edgar\Data\raw\2009\0001364885\000095013409003379\0000950134-09-003379.txt
2026-03-04 11:15:08 [INF] CIK 0001364885 | Cleaning + extracting sections
2026-03-04 11:15:08 [INF] CIK 0001364885 | Filing 544/9706 for Year 2009 | Finished
2026-03-04 11:15:08 [INF] CIK 0001373671 | Filing 545/9706 for Year 2009 | Starting
2026-03-04 11:15:08 [INF] CIK 0001373671 | Downloading filing HTML (cached if available)
2026-03-04 11:15:08 [INF] CIK 0001373671 | Reading HTML from C:\git\Edgar\Edgar\Data\raw\2009\0001373671\000137367109000006\0001373671-09-000006.txt
2026-03-04 11:15:08 [INF] CIK 0001373671 | Cleaning + extracting sections
2026-03-04 11:15:08 [INF] CIK 0001373671 | Filing 545/9706 for Year 2009 | Finished
2026-03-04 11:15:08 [INF] CIK 0001377013 | Filing 546/9706 for Year 2009 | Starting
2026-03-04 11:15:08 [INF] CIK 0001377013 | Downloading filing HTML (cached if available)
2026-03-04 11:15:08 [INF] CIK 0001377013 | Reading HTML from C:\git\Edgar\Edgar\Data\raw\2009\0001377013\000095014409001480\0000950144-09-001480.txt
2026-03-04 11:15:08 [INF] CIK 0001377013 | Cleaning + extracting sections
2026-03-04 11:15:08 [INF] CIK 0001377013 | Filing 546/9706 for Year 2009 | Finished
2026-03-04 11:15:08 [INF] CIK 0001388320 | Filing 547/9706 for Year 2009 | Starting
2026-03-04 11:15:08 [INF] CIK 0001388320 | Missing CRSP trading days for Company Cactus Ventures, Inc. (0001388320) in 2009.
2026-03-04 11:15:08 [INF] CIK 0001388320 | Missing Book-to-Market data for Company Cactus Ventures, Inc. (0001388320) in 2009.
2026-03-04 11:15:08 [INF] CIK 0001388320 | Skipping filing due to missing required data (CCM/CRSP/BTM).
2026-03-04 11:15:08 [INF] CIK 0001398137 | Filing 548/9706 for Year 2009 | Starting
2026-03-04 11:15:08 [INF] CIK 0001398137 | Missing permno mapping in CCM for Company Cinjet, Inc. (0001398137).
2026-03-04 11:15:08 [INF] CIK 0001398137 | Missing Book-to-Market data for Company Cinjet, Inc. (0001398137) in 2009.
2026-03-04 11:15:08 [INF] CIK 0001398137 | Skipping filing due to missing required data (CCM/CRSP/BTM).
2026-03-04 11:15:08 [INF] CIK 0001399768 | Filing 549/9706 for Year 2009 | Starting
2026-03-04 11:15:08 [INF] CIK 0001399768 | Missing permno mapping in CCM for Company Metavante Technologies, Inc. (0001399768).
2026-03-04 11:15:08 [INF] CIK 0001399768 | Missing Book-to-Market data for Company Metavante Technologies, Inc. (0001399768) in 2009.
2026-03-04 11:15:08 [INF] CIK 0001399768 | Skipping filing due to missing required data (CCM/CRSP/BTM).
2026-03-04 11:15:08 [INF] CIK 0000014272 | Filing 550/9706 for Year 2009 | Starting
2026-03-04 11:15:08 [INF] CIK 0000014272 | Downloading filing HTML (cached if available)
2026-03-04 11:15:08 [INF] CIK 0000014272 | Reading HTML from C:\git\Edgar\Edgar\Data\raw\2009\0000014272\000119312509033538\0001193125-09-033538.txt
2026-03-04 11:15:08 [INF] CIK 0000014272 | Cleaning + extracting sections
2026-03-04 11:15:08 [INF] CIK 0000014272 | Filing 550/9706 for Year 2009 | Finished
2026-03-04 11:15:08 [INF] CIK 0001432272 | Filing 551/9706 for Year 2009 | Starting
2026-03-04 11:15:08 [INF] CIK 0001432272 | Missing permno mapping in CCM for Company Bayrock Ventures, Inc. (0001432272).
2026-03-04 11:15:08 [INF] CIK 0001432272 | Missing Book-to-Market data for Company Bayrock Ventures, Inc. (0001432272) in 2009.
2026-03-04 11:15:08 [INF] CIK 0001432272 | Skipping filing due to missing required data (CCM/CRSP/BTM).
2026-03-04 11:15:08 [INF] CIK 0001434588 | Filing 552/9706 for Year 2009 | Starting
2026-03-04 11:15:08 [INF] CIK 0001434588 | Downloading filing HTML (cached if available)
2026-03-04 11:15:08 [INF] CIK 0001434588 | Reading HTML from C:\git\Edgar\Edgar\Data\raw\2009\0001434588\000136231009002465\0001362310-09-002465.txt
2026-03-04 11:15:08 [INF] CIK 0001434588 | Cleaning + extracting sections
2026-03-04 11:15:08 [INF] CIK 0001434588 | Filing 552/9706 for Year 2009 | Finished
2026-03-04 11:15:08 [INF] CIK 0000016873 | Filing 553/9706 for Year 2009 | Starting
2026-03-04 11:15:08 [INF] CIK 0000016873 | Downloading filing HTML (cached if available)
2026-03-04 11:15:08 [INF] CIK 0000016873 | Reading HTML from C:\git\Edgar\Edgar\Data\raw\2009\0000016873\000110465909011056\0001104659-09-011056.txt
2026-03-04 11:15:08 [INF] CIK 0000016873 | Cleaning + extracting sections
2026-03-04 11:15:08 [INF] CIK 0000016873 | Filing 553/9706 for Year 2009 | Finished
2026-03-04 11:15:08 [INF] CIK 0000001800 | Filing 554/9706 for Year 2009 | Starting
2026-03-04 11:15:08 [INF] CIK 0000001800 | Downloading filing HTML (cached if available)
2026-03-04 11:15:08 [INF] CIK 0000001800 | Reading HTML from C:\git\Edgar\Edgar\Data\raw\2009\0000001800\000104746909001642\0001047469-09-001642.txt
2026-03-04 11:15:08 [INF] CIK 0000001800 | Cleaning + extracting sections
2026-03-04 11:15:08 [INF] CIK 0000001800 | Filing 554/9706 for Year 2009 | Finished
2026-03-04 11:15:08 [INF] CIK 0000018230 | Filing 555/9706 for Year 2009 | Starting
2026-03-04 11:15:08 [INF] CIK 0000018230 | Downloading filing HTML (cached if available)
2026-03-04 11:15:08 [INF] CIK 0000018230 | Reading HTML from C:\git\Edgar\Edgar\Data\raw\2009\0000018230\000001823009000063\0000018230-09-000063.txt
2026-03-04 11:15:09 [INF] CIK 0000018230 | Cleaning + extracting sections
2026-03-04 11:15:10 [INF] CIK 0000018230 | Filing 555/9706 for Year 2009 | Finished
2026-03-04 11:15:10 [INF] CIK 0000200406 | Filing 556/9706 for Year 2009 | Starting
2026-03-04 11:15:10 [INF] CIK 0000200406 | Downloading filing HTML (cached if available)
2026-03-04 11:15:10 [INF] CIK 0000200406 | Reading HTML from C:\git\Edgar\Edgar\Data\raw\2009\0000200406\000095012309003187\0000950123-09-003187.txt
2026-03-04 11:15:10 [INF] CIK 0000200406 | Cleaning + extracting sections
2026-03-04 11:15:10 [INF] CIK 0000200406 | Filing 556/9706 for Year 2009 | Finished
2026-03-04 11:15:10 [INF] CIK 0000027996 | Filing 557/9706 for Year 2009 | Starting
2026-03-04 11:15:10 [INF] CIK 0000027996 | Downloading filing HTML (cached if available)
2026-03-04 11:15:10 [INF] CIK 0000027996 | Reading HTML from C:\git\Edgar\Edgar\Data\raw\2009\0000027996\000095013709001188\0000950137-09-001188.txt
2026-03-04 11:15:10 [INF] CIK 0000027996 | Cleaning + extracting sections
2026-03-04 11:15:10 [INF] CIK 0000027996 | Filing 557/9706 for Year 2009 | Finished
2026-03-04 11:15:10 [INF] CIK 0000029905 | Filing 558/9706 for Year 2009 | Starting
2026-03-04 11:15:10 [INF] CIK 0000029905 | Downloading filing HTML (cached if available)
2026-03-04 11:15:10 [INF] CIK 0000029905 | Reading HTML from C:\git\Edgar\Edgar\Data\raw\2009\0000029905\000095012309003170\0000950123-09-003170.txt
2026-03-04 11:15:10 [INF] CIK 0000029905 | Cleaning + extracting sections
2026-03-04 11:15:10 [INF] CIK 0000029905 | Filing 558/9706 for Year 2009 | Finished
2026-03-04 11:15:10 [INF] CIK 0000029915 | Filing 559/9706 for Year 2009 | Starting
2026-03-04 11:15:10 [INF] CIK 0000029915 | Missing permno mapping in CCM for Company DOW CHEMICAL CO /DE/ (0000029915).
2026-03-04 11:15:10 [INF] CIK 0000029915 | Missing Book-to-Market data for Company DOW CHEMICAL CO /DE/ (0000029915) in 2009.
2026-03-04 11:15:10 [INF] CIK 0000029915 | Skipping filing due to missing required data (CCM/CRSP/BTM).
2026-03-04 11:15:10 [INF] CIK 0000310764 | Filing 560/9706 for Year 2009 | Starting
2026-03-04 11:15:10 [INF] CIK 0000310764 | Downloading filing HTML (cached if available)
2026-03-04 11:15:10 [INF] CIK 0000310764 | Reading HTML from C:\git\Edgar\Edgar\Data\raw\2009\0000310764\000031076409000035\0000310764-09-000035.txt
2026-03-04 11:15:11 [INF] CIK 0000310764 | Cleaning + extracting sections
2026-03-04 11:15:11 [INF] CIK 0000310764 | Filing 560/9706 for Year 2009 | Finished
2026-03-04 11:15:11 [INF] CIK 0000318771 | Filing 561/9706 for Year 2009 | Starting
2026-03-04 11:15:11 [INF] CIK 0000318771 | Missing permno mapping in CCM for Company GENENTECH INC (0000318771).
2026-03-04 11:15:11 [INF] CIK 0000318771 | Missing Book-to-Market data for Company GENENTECH INC (0000318771) in 2009.
2026-03-04 11:15:11 [INF] CIK 0000318771 | Skipping filing due to missing required data (CCM/CRSP/BTM).
2026-03-04 11:15:11 [INF] CIK 0000319815 | Filing 562/9706 for Year 2009 | Starting
2026-03-04 11:15:11 [INF] CIK 0000319815 | Downloading filing HTML (cached if available)
2026-03-04 11:15:11 [INF] CIK 0000319815 | Reading HTML from C:\git\Edgar\Edgar\Data\raw\2009\0000319815\000119312509034236\0001193125-09-034236.txt
2026-03-04 11:15:11 [INF] CIK 0000319815 | Cleaning + extracting sections
2026-03-04 11:15:11 [INF] CIK 0000319815 | Filing 562/9706 for Year 2009 | Finished
2026-03-04 11:15:11 [INF] CIK 0000032689 | Filing 563/9706 for Year 2009 | Starting
2026-03-04 11:15:11 [INF] CIK 0000032689 | Downloading filing HTML (cached if available)
2026-03-04 11:15:11 [INF] CIK 0000032689 | Reading HTML from C:\git\Edgar\Edgar\Data\raw\2009\0000032689\000104746909001643\0001047469-09-001643.txt
2026-03-04 11:15:11 [INF] CIK 0000032689 | Cleaning + extracting sections
2026-03-04 11:15:11 [INF] CIK 0000032689 | Filing 563/9706 for Year 2009 | Finished
2026-03-04 11:15:11 [INF] CIK 0000033213 | Filing 564/9706 for Year 2009 | Starting
2026-03-04 11:15:11 [INF] CIK 0000033213 | Downloading filing HTML (cached if available)
2026-03-04 11:15:11 [INF] CIK 0000033213 | Reading HTML from C:\git\Edgar\Edgar\Data\raw\2009\0000033213\000110465909010903\0001104659-09-010903.txt
2026-03-04 11:15:11 [INF] CIK 0000033213 | Cleaning + extracting sections
2026-03-04 11:15:12 [INF] CIK 0000033213 | Filing 564/9706 for Year 2009 | Finished
2026-03-04 11:15:12 [INF] CIK 0000034782 | Filing 565/9706 for Year 2009 | Starting
2026-03-04 11:15:12 [INF] CIK 0000034782 | Downloading filing HTML (cached if available)
2026-03-04 11:15:12 [INF] CIK 0000034782 | Reading HTML from C:\git\Edgar\Edgar\Data\raw\2009\0000034782\000003478209000008\0000034782-09-000008.txt
2026-03-04 11:15:12 [INF] CIK 0000034782 | Cleaning + extracting sections
2026-03-04 11:15:12 [INF] CIK 0000034782 | Filing 565/9706 for Year 2009 | Finished
2026-03-04 11:15:12 [INF] CIK 0000040533 | Filing 566/9706 for Year 2009 | Starting
2026-03-04 11:15:12 [INF] CIK 0000040533 | Downloading filing HTML (cached if available)
2026-03-04 11:15:12 [INF] CIK 0000040533 | Reading HTML from C:\git\Edgar\Edgar\Data\raw\2009\0000040533\000119312509033556\0001193125-09-033556.txt
2026-03-04 11:15:13 [INF] CIK 0000040533 | Cleaning + extracting sections
2026-03-04 11:15:13 [INF] CIK 0000040533 | Filing 566/9706 for Year 2009 | Finished
2026-03-04 11:15:13 [INF] CIK 0000047111 | Filing 567/9706 for Year 2009 | Starting
2026-03-04 11:15:13 [INF] CIK 0000047111 | Downloading filing HTML (cached if available)
2026-03-04 11:15:13 [INF] CIK 0000047111 | Reading HTML from C:\git\Edgar\Edgar\Data\raw\2009\0000047111\000119312509033670\0001193125-09-033670.txt
2026-03-04 11:15:13 [INF] CIK 0000047111 | Cleaning + extracting sections
2026-03-04 11:15:13 [INF] CIK 0000047111 | Filing 567/9706 for Year 2009 | Finished
2026-03-04 11:15:13 [INF] CIK 0000048898 | Filing 568/9706 for Year 2009 | Starting
2026-03-04 11:15:13 [INF] CIK 0000048898 | Downloading filing HTML (cached if available)
2026-03-04 11:15:13 [INF] CIK 0000048898 | Reading HTML from C:\git\Edgar\Edgar\Data\raw\2009\0000048898\000095012309003185\0000950123-09-003185.txt
2026-03-04 11:15:13 [INF] CIK 0000048898 | Cleaning + extracting sections
2026-03-04 11:15:13 [INF] CIK 0000048898 | Filing 568/9706 for Year 2009 | Finished
2026-03-04 11:15:13 [INF] CIK 0000049071 | Filing 569/9706 for Year 2009 | Starting
2026-03-04 11:15:13 [INF] CIK 0000049071 | Downloading filing HTML (cached if available)
2026-03-04 11:15:13 [INF] CIK 0000049071 | Reading HTML from C:\git\Edgar\Edgar\Data\raw\2009\0000049071\000119312509034123\0001193125-09-034123.txt
2026-03-04 11:15:13 [INF] CIK 0000049071 | Cleaning + extracting sections
2026-03-04 11:15:13 [INF] CIK 0000049071 | Filing 569/9706 for Year 2009 | Finished
2026-03-04 11:15:13 [INF] CIK 0000004977 | Filing 570/9706 for Year 2009 | Starting
2026-03-04 11:15:13 [INF] CIK 0000004977 | Downloading filing HTML (cached if available)
2026-03-04 11:15:13 [INF] CIK 0000004977 | Reading HTML from C:\git\Edgar\Edgar\Data\raw\2009\0000004977\000095014409001463\0000950144-09-001463.txt
2026-03-04 11:15:14 [INF] CIK 0000004977 | Cleaning + extracting sections
2026-03-04 11:15:14 [INF] CIK 0000004977 | Filing 570/9706 for Year 2009 | Finished
2026-03-04 11:15:14 [INF] CIK 0000055805 | Filing 571/9706 for Year 2009 | Starting
2026-03-04 11:15:14 [INF] CIK 0000055805 | Downloading filing HTML (cached if available)
2026-03-04 11:15:14 [INF] CIK 0000055805 | Reading HTML from C:\git\Edgar\Edgar\Data\raw\2009\0000055805\000107261309000382\0001072613-09-000382.txt
2026-03-04 11:15:14 [INF] CIK 0000055805 | Cleaning + extracting sections
2026-03-04 11:15:14 [INF] CIK 0000055805 | Filing 571/9706 for Year 2009 | Finished
2026-03-04 11:15:14 [INF] CIK 0000007286 | Filing 572/9706 for Year 2009 | Starting
2026-03-04 11:15:14 [INF] CIK 0000007286 | Missing permno mapping in CCM for Company ARIZONA PUBLIC SERVICE CO (0000007286).
2026-03-04 11:15:14 [INF] CIK 0000007286 | Missing Book-to-Market data for Company ARIZONA PUBLIC SERVICE CO (0000007286) in 2009.
2026-03-04 11:15:14 [INF] CIK 0000007286 | Skipping filing due to missing required data (CCM/CRSP/BTM).
2026-03-04 11:15:14 [INF] CIK 0000731012 | Filing 573/9706 for Year 2009 | Starting
2026-03-04 11:15:14 [INF] CIK 0000731012 | Downloading filing HTML (cached if available)
2026-03-04 11:15:14 [INF] CIK 0000731012 | Reading HTML from C:\git\Edgar\Edgar\Data\raw\2009\0000731012\000089322009000364\0000893220-09-000364.txt
2026-03-04 11:15:14 [INF] CIK 0000731012 | Cleaning + extracting sections
2026-03-04 11:15:14 [INF] CIK 0000731012 | Filing 573/9706 for Year 2009 | Finished
2026-03-04 11:15:14 [INF] CIK 0000749251 | Filing 574/9706 for Year 2009 | Starting
2026-03-04 11:15:14 [INF] CIK 0000749251 | Downloading filing HTML (cached if available)
2026-03-04 11:15:14 [INF] CIK 0000749251 | Reading HTML from C:\git\Edgar\Edgar\Data\raw\2009\0000749251\000095012309003157\0000950123-09-003157.txt
2026-03-04 11:15:14 [INF] CIK 0000749251 | Cleaning + extracting sections
2026-03-04 11:15:14 [INF] CIK 0000749251 | Filing 574/9706 for Year 2009 | Finished
2026-03-04 11:15:14 [INF] CIK 0000757011 | Filing 575/9706 for Year 2009 | Starting
2026-03-04 11:15:14 [INF] CIK 0000757011 | Downloading filing HTML (cached if available)
2026-03-04 11:15:14 [INF] CIK 0000757011 | Reading HTML from C:\git\Edgar\Edgar\Data\raw\2009\0000757011\000095013709001187\0000950137-09-001187.txt
2026-03-04 11:15:14 [INF] CIK 0000757011 | Cleaning + extracting sections
2026-03-04 11:15:14 [INF] CIK 0000757011 | Filing 575/9706 for Year 2009 | Finished
2026-03-04 11:15:14 [INF] CIK 0000764622 | Filing 576/9706 for Year 2009 | Starting
2026-03-04 11:15:14 [INF] CIK 0000764622 | Downloading filing HTML (cached if available)
2026-03-04 11:15:14 [INF] CIK 0000764622 | Reading HTML from C:\git\Edgar\Edgar\Data\raw\2009\0000764622\000095013409003359\0000950134-09-003359.txt
2026-03-04 11:15:15 [INF] CIK 0000764622 | Cleaning + extracting sections
2026-03-04 11:15:15 [INF] CIK 0000764622 | Filing 576/9706 for Year 2009 | Finished
2026-03-04 11:15:15 [INF] CIK 0000764764 | Filing 577/9706 for Year 2009 | Starting
2026-03-04 11:15:15 [INF] CIK 0000764764 | Missing permno mapping in CCM for Company CATERPILLAR FINANCIAL SERVICES CORP (0000764764).
2026-03-04 11:15:15 [INF] CIK 0000764764 | Missing Book-to-Market data for Company CATERPILLAR FINANCIAL SERVICES CORP (0000764764) in 2009.
2026-03-04 11:15:15 [INF] CIK 0000764764 | Skipping filing due to missing required data (CCM/CRSP/BTM).
2026-03-04 11:15:15 [INF] CIK 0000789863 | Filing 578/9706 for Year 2009 | Starting
2026-03-04 11:15:15 [INF] CIK 0000789863 | Missing permno mapping in CCM for Company CAVALIER HOMES INC (0000789863).
2026-03-04 11:15:15 [INF] CIK 0000789863 | Missing Book-to-Market data for Company CAVALIER HOMES INC (0000789863) in 2009.
2026-03-04 11:15:15 [INF] CIK 0000789863 | Skipping filing due to missing required data (CCM/CRSP/BTM).
2026-03-04 11:15:15 [INF] CIK 0000811596 | Filing 579/9706 for Year 2009 | Starting
2026-03-04 11:15:15 [INF] CIK 0000811596 | Downloading filing HTML (cached if available)
2026-03-04 11:15:15 [INF] CIK 0000811596 | Reading HTML from C:\git\Edgar\Edgar\Data\raw\2009\0000811596\000089256909000095\0000892569-09-000095.txt
2026-03-04 11:15:15 [INF] CIK 0000811596 | Cleaning + extracting sections
2026-03-04 11:15:15 [INF] CIK 0000811596 | Filing 579/9706 for Year 2009 | Finished
2026-03-04 11:15:15 [INF] CIK 0000813920 | Filing 580/9706 for Year 2009 | Starting
2026-03-04 11:15:15 [INF] CIK 0000813920 | Downloading filing HTML (cached if available)
2026-03-04 11:15:15 [INF] CIK 0000813920 | Reading HTML from C:\git\Edgar\Edgar\Data\raw\2009\0000813920\000119312509034254\0001193125-09-034254.txt
2026-03-04 11:15:15 [INF] CIK 0000813920 | Cleaning + extracting sections
2026-03-04 11:15:15 [INF] CIK 0000813920 | Filing 580/9706 for Year 2009 | Finished
2026-03-04 11:15:15 [INF] CIK 0000815556 | Filing 581/9706 for Year 2009 | Starting
2026-03-04 11:15:15 [INF] CIK 0000815556 | Downloading filing HTML (cached if available)
2026-03-04 11:15:15 [INF] CIK 0000815556 | Reading HTML from C:\git\Edgar\Edgar\Data\raw\2009\0000815556\000119312509034225\0001193125-09-034225.txt
2026-03-04 11:15:15 [INF] CIK 0000815556 | Cleaning + extracting sections
2026-03-04 11:15:15 [INF] CIK 0000815556 | Filing 581/9706 for Year 2009 | Finished
2026-03-04 11:15:15 [INF] CIK 0000818479 | Filing 582/9706 for Year 2009 | Starting
2026-03-04 11:15:15 [INF] CIK 0000818479 | Downloading filing HTML (cached if available)
2026-03-04 11:15:15 [INF] CIK 0000818479 | Reading HTML from C:\git\Edgar\Edgar\Data\raw\2009\0000818479\000081847909000034\0000818479-09-000034.txt
2026-03-04 11:15:16 [INF] CIK 0000818479 | Cleaning + extracting sections
2026-03-04 11:15:16 [INF] CIK 0000818479 | Filing 582/9706 for Year 2009 | Finished
2026-03-04 11:15:16 [INF] CIK 0000871763 | Filing 583/9706 for Year 2009 | Starting
2026-03-04 11:15:16 [INF] CIK 0000871763 | Downloading filing HTML (cached if available)
2026-03-04 11:15:16 [INF] CIK 0000871763 | Reading HTML from C:\git\Edgar\Edgar\Data\raw\2009\0000871763\000087176309000009\0000871763-09-000009.txt
2026-03-04 11:15:16 [INF] CIK 0000871763 | Cleaning + extracting sections
2026-03-04 11:15:16 [INF] CIK 0000871763 | Filing 583/9706 for Year 2009 | Finished
2026-03-04 11:15:16 [INF] CIK 0000874716 | Filing 584/9706 for Year 2009 | Starting
2026-03-04 11:15:16 [INF] CIK 0000874716 | Downloading filing HTML (cached if available)
2026-03-04 11:15:16 [INF] CIK 0000874716 | Reading HTML from C:\git\Edgar\Edgar\Data\raw\2009\0000874716\000136231009002521\0001362310-09-002521.txt
2026-03-04 11:15:16 [INF] CIK 0000874716 | Cleaning + extracting sections
2026-03-04 11:15:16 [INF] CIK 0000874716 | Filing 584/9706 for Year 2009 | Finished
2026-03-04 11:15:16 [INF] CIK 0000883984 | Filing 585/9706 for Year 2009 | Starting
2026-03-04 11:15:16 [INF] CIK 0000883984 | Downloading filing HTML (cached if available)
2026-03-04 11:15:16 [INF] CIK 0000883984 | Reading HTML from C:\git\Edgar\Edgar\Data\raw\2009\0000883984\000110465909011196\0001104659-09-011196.txt
2026-03-04 11:15:16 [INF] CIK 0000883984 | Cleaning + extracting sections
2026-03-04 11:15:16 [INF] CIK 0000883984 | Filing 585/9706 for Year 2009 | Finished
2026-03-04 11:15:16 [INF] CIK 0000008868 | Filing 586/9706 for Year 2009 | Starting
2026-03-04 11:15:16 [INF] CIK 0000008868 | Downloading filing HTML (cached if available)
2026-03-04 11:15:16 [INF] CIK 0000008868 | Reading HTML from C:\git\Edgar\Edgar\Data\raw\2009\0000008868\000119312509034027\0001193125-09-034027.txt
2026-03-04 11:15:17 [INF] CIK 0000008868 | Cleaning + extracting sections
2026-03-04 11:15:17 [INF] CIK 0000008868 | Filing 586/9706 for Year 2009 | Finished
2026-03-04 11:15:17 [INF] CIK 0000894405 | Filing 587/9706 for Year 2009 | Starting
2026-03-04 11:15:17 [INF] CIK 0000894405 | Downloading filing HTML (cached if available)
2026-03-04 11:15:17 [INF] CIK 0000894405 | Reading HTML from C:\git\Edgar\Edgar\Data\raw\2009\0000894405\000095013409003408\0000950134-09-003408.txt
2026-03-04 11:15:17 [INF] CIK 0000894405 | Cleaning + extracting sections
2026-03-04 11:15:17 [INF] CIK 0000894405 | Filing 587/9706 for Year 2009 | Finished
2026-03-04 11:15:17 [INF] CIK 0000906345 | Filing 588/9706 for Year 2009 | Starting
2026-03-04 11:15:17 [INF] CIK 0000906345 | Downloading filing HTML (cached if available)
2026-03-04 11:15:17 [INF] CIK 0000906345 | Reading HTML from C:\git\Edgar\Edgar\Data\raw\2009\0000906345\000136231009002467\0001362310-09-002467.txt
2026-03-04 11:15:17 [INF] CIK 0000906345 | Cleaning + extracting sections
2026-03-04 11:15:17 [INF] CIK 0000906345 | Filing 588/9706 for Year 2009 | Finished
2026-03-04 11:15:17 [INF] CIK 0000913144 | Filing 589/9706 for Year 2009 | Starting
2026-03-04 11:15:17 [INF] CIK 0000913144 | Downloading filing HTML (cached if available)
2026-03-04 11:15:17 [INF] CIK 0000913144 | Reading HTML from C:\git\Edgar\Edgar\Data\raw\2009\0000913144\000119312509033314\0001193125-09-033314.txt
2026-03-04 11:15:17 [INF] CIK 0000913144 | Cleaning + extracting sections
2026-03-04 11:15:17 [INF] CIK 0000913144 | Filing 589/9706 for Year 2009 | Finished
2026-03-04 11:15:17 [INF] CIK 0000914329 | Filing 590/9706 for Year 2009 | Starting
2026-03-04 11:15:17 [INF] CIK 0000914329 | Downloading filing HTML (cached if available)
2026-03-04 11:15:17 [INF] CIK 0000914329 | Reading HTML from C:\git\Edgar\Edgar\Data\raw\2009\0000914329\000119312509034004\0001193125-09-034004.txt
2026-03-04 11:15:18 [INF] CIK 0000914329 | Cleaning + extracting sections
2026-03-04 11:15:18 [INF] CIK 0000914329 | Filing 590/9706 for Year 2009 | Finished
2026-03-04 11:15:18 [INF] CIK 0000916075 | Filing 591/9706 for Year 2009 | Starting
2026-03-04 11:15:18 [INF] CIK 0000916075 | Missing permno mapping in CCM for Company KOPPERS INC (0000916075).
2026-03-04 11:15:18 [INF] CIK 0000916075 | Missing Book-to-Market data for Company KOPPERS INC (0000916075) in 2009.
2026-03-04 11:15:18 [INF] CIK 0000916075 | Skipping filing due to missing required data (CCM/CRSP/BTM).
2026-03-04 11:15:18 [INF] CIK 0001008817 | Filing 592/9706 for Year 2009 | Starting
2026-03-04 11:15:18 [INF] CIK 0001008817 | Downloading filing HTML (cached if available)
2026-03-04 11:15:18 [INF] CIK 0001008817 | Reading HTML from C:\git\Edgar\Edgar\Data\raw\2009\0001008817\000095013509001104\0000950135-09-001104.txt
2026-03-04 11:15:18 [INF] CIK 0001008817 | Cleaning + extracting sections
2026-03-04 11:15:18 [INF] CIK 0001008817 | Filing 592/9706 for Year 2009 | Finished
2026-03-04 11:15:18 [INF] CIK 0001013880 | Filing 593/9706 for Year 2009 | Starting
2026-03-04 11:15:18 [INF] CIK 0001013880 | Downloading filing HTML (cached if available)
2026-03-04 11:15:18 [INF] CIK 0001013880 | Reading HTML from C:\git\Edgar\Edgar\Data\raw\2009\0001013880\000095013409003513\0000950134-09-003513.txt
2026-03-04 11:15:18 [INF] CIK 0001013880 | Cleaning + extracting sections
2026-03-04 11:15:18 [INF] CIK 0001013880 | Filing 593/9706 for Year 2009 | Finished
2026-03-04 11:15:18 [INF] CIK 0001018963 | Filing 594/9706 for Year 2009 | Starting
2026-03-04 11:15:18 [INF] CIK 0001018963 | Downloading filing HTML (cached if available)
2026-03-04 11:15:18 [INF] CIK 0001018963 | Reading HTML from C:\git\Edgar\Edgar\Data\raw\2009\0001018963\000095015209001663\0000950152-09-001663.txt
2026-03-04 11:15:18 [INF] CIK 0001018963 | Cleaning + extracting sections
2026-03-04 11:15:18 [INF] CIK 0001018963 | Filing 594/9706 for Year 2009 | Finished
2026-03-04 11:15:18 [INF] CIK 0001022646 | Filing 595/9706 for Year 2009 | Starting
2026-03-04 11:15:18 [INF] CIK 0001022646 | Downloading filing HTML (cached if available)
2026-03-04 11:15:18 [INF] CIK 0001022646 | Reading HTML from C:\git\Edgar\Edgar\Data\raw\2009\0001022646\000095012909000482\0000950129-09-000482.txt
2026-03-04 11:15:19 [INF] CIK 0001022646 | Cleaning + extracting sections
2026-03-04 11:15:19 [INF] CIK 0001022646 | Filing 595/9706 for Year 2009 | Finished
2026-03-04 11:15:19 [INF] CIK 0001024732 | Filing 596/9706 for Year 2009 | Starting
2026-03-04 11:15:19 [INF] CIK 0001024732 | Downloading filing HTML (cached if available)
2026-03-04 11:15:19 [INF] CIK 0001024732 | Reading HTML from C:\git\Edgar\Edgar\Data\raw\2009\0001024732\000119312509035000\0001193125-09-035000.txt
2026-03-04 11:15:19 [INF] CIK 0001024732 | Cleaning + extracting sections
2026-03-04 11:15:19 [INF] CIK 0001024732 | Filing 596/9706 for Year 2009 | Finished
2026-03-04 11:15:19 [INF] CIK 0001025315 | Filing 597/9706 for Year 2009 | Starting
2026-03-04 11:15:19 [INF] CIK 0001025315 | Missing permno mapping in CCM for Company 24HOLDINGS INC (0001025315).
2026-03-04 11:15:19 [INF] CIK 0001025315 | Missing Book-to-Market data for Company 24HOLDINGS INC (0001025315) in 2009.
2026-03-04 11:15:19 [INF] CIK 0001025315 | Skipping filing due to missing required data (CCM/CRSP/BTM).
2026-03-04 11:15:19 [INF] CIK 0001031316 | Filing 598/9706 for Year 2009 | Starting
2026-03-04 11:15:19 [INF] CIK 0001031316 | Downloading filing HTML (cached if available)
2026-03-04 11:15:19 [INF] CIK 0001031316 | Reading HTML from C:\git\Edgar\Edgar\Data\raw\2009\0001031316\000117152009000106\0001171520-09-000106.txt
2026-03-04 11:15:19 [INF] CIK 0001031316 | Cleaning + extracting sections
2026-03-04 11:15:19 [INF] CIK 0001031316 | Filing 598/9706 for Year 2009 | Finished
2026-03-04 11:15:19 [INF] CIK 0001041061 | Filing 599/9706 for Year 2009 | Starting
2026-03-04 11:15:19 [INF] CIK 0001041061 | Downloading filing HTML (cached if available)
2026-03-04 11:15:19 [INF] CIK 0001041061 | Reading HTML from C:\git\Edgar\Edgar\Data\raw\2009\0001041061\000104106109000077\0001041061-09-000077.txt
2026-03-04 11:15:20 [INF] CIK 0001041061 | Cleaning + extracting sections
2026-03-04 11:15:20 [INF] CIK 0001041061 | Filing 599/9706 for Year 2009 | Finished
2026-03-04 11:15:20 [INF] CIK 0001047862 | Filing 600/9706 for Year 2009 | Starting
2026-03-04 11:15:20 [INF] CIK 0001047862 | Downloading filing HTML (cached if available)
2026-03-04 11:15:20 [INF] CIK 0001047862 | Reading HTML from C:\git\Edgar\Edgar\Data\raw\2009\0001047862\000119312509034924\0001193125-09-034924.txt
2026-03-04 11:15:21 [INF] CIK 0001047862 | Cleaning + extracting sections
2026-03-04 11:15:21 [INF] CIK 0001047862 | Filing 600/9706 for Year 2009 | Finished
2026-03-04 11:15:21 [INF] CIK 0001071739 | Filing 601/9706 for Year 2009 | Starting
2026-03-04 11:15:21 [INF] CIK 0001071739 | Downloading filing HTML (cached if available)
2026-03-04 11:15:22 [INF] CIK 0001071739 | Reading HTML from C:\git\Edgar\Edgar\Data\raw\2009\0001071739\000107173909000007\0001071739-09-000007.txt
2026-03-04 11:15:22 [INF] CIK 0001071739 | Cleaning + extracting sections
2026-03-04 11:15:22 [INF] CIK 0001071739 | Filing 601/9706 for Year 2009 | Finished
2026-03-04 11:15:22 [INF] CIK 0001100682 | Filing 602/9706 for Year 2009 | Starting
2026-03-04 11:15:22 [INF] CIK 0001100682 | Downloading filing HTML (cached if available)
2026-03-04 11:15:23 [INF] CIK 0001100682 | Reading HTML from C:\git\Edgar\Edgar\Data\raw\2009\0001100682\000104746909001689\0001047469-09-001689.txt
2026-03-04 11:15:23 [INF] CIK 0001100682 | Cleaning + extracting sections
2026-03-04 11:15:23 [INF] CIK 0001100682 | Filing 602/9706 for Year 2009 | Finished
2026-03-04 11:15:23 [INF] CIK 0001103025 | Filing 603/9706 for Year 2009 | Starting
2026-03-04 11:15:23 [INF] CIK 0001103025 | Downloading filing HTML (cached if available)
2026-03-04 11:15:23 [INF] CIK 0001103025 | Reading HTML from C:\git\Edgar\Edgar\Data\raw\2009\0001103025\000119312509035080\0001193125-09-035080.txt
2026-03-04 11:15:23 [INF] CIK 0001103025 | Cleaning + extracting sections
2026-03-04 11:15:23 [INF] CIK 0001103025 | Filing 603/9706 for Year 2009 | Finished
2026-03-04 11:15:23 [INF] CIK 0001109448 | Filing 604/9706 for Year 2009 | Starting
2026-03-04 11:15:23 [INF] CIK 0001109448 | Missing permno mapping in CCM for Company ALLIANCEBERNSTEIN L.P. (0001109448).
2026-03-04 11:15:23 [INF] CIK 0001109448 | Missing Book-to-Market data for Company ALLIANCEBERNSTEIN L.P. (0001109448) in 2009.
2026-03-04 11:15:23 [INF] CIK 0001109448 | Skipping filing due to missing required data (CCM/CRSP/BTM).
2026-03-04 11:15:23 [INF] CIK 0001122976 | Filing 605/9706 for Year 2009 | Starting
2026-03-04 11:15:23 [INF] CIK 0001122976 | Downloading filing HTML (cached if available)
2026-03-04 11:15:23 [INF] CIK 0001122976 | Reading HTML from C:\git\Edgar\Edgar\Data\raw\2009\0001122976\000095015209001661\0000950152-09-001661.txt
2026-03-04 11:15:24 [INF] CIK 0001122976 | Cleaning + extracting sections
2026-03-04 11:15:24 [INF] CIK 0001122976 | Filing 605/9706 for Year 2009 | Finished
2026-03-04 11:15:24 [INF] CIK 0001130713 | Filing 606/9706 for Year 2009 | Starting
2026-03-04 11:15:24 [INF] CIK 0001130713 | Downloading filing HTML (cached if available)
2026-03-04 11:15:24 [INF] CIK 0001130713 | Reading HTML from C:\git\Edgar\Edgar\Data\raw\2009\0001130713\000110465909011509\0001104659-09-011509.txt
2026-03-04 11:15:24 [INF] CIK 0001130713 | Cleaning + extracting sections
2026-03-04 11:15:24 [INF] CIK 0001130713 | Filing 606/9706 for Year 2009 | Finished
2026-03-04 11:15:24 [INF] CIK 0001137861 | Filing 607/9706 for Year 2009 | Starting
2026-03-04 11:15:24 [INF] CIK 0001137861 | Missing permno mapping in CCM for Company WRIGHT MEDICAL GROUP INC (0001137861).
2026-03-04 11:15:24 [INF] CIK 0001137861 | Missing Book-to-Market data for Company WRIGHT MEDICAL GROUP INC (0001137861) in 2009.
2026-03-04 11:15:24 [INF] CIK 0001137861 | Skipping filing due to missing required data (CCM/CRSP/BTM).
2026-03-04 11:15:24 [INF] CIK 0001227930 | Filing 608/9706 for Year 2009 | Starting
2026-03-04 11:15:24 [INF] CIK 0001227930 | Downloading filing HTML (cached if available)
2026-03-04 11:15:25 [INF] CIK 0001227930 | Reading HTML from C:\git\Edgar\Edgar\Data\raw\2009\0001227930\000119312509034302\0001193125-09-034302.txt
2026-03-04 11:15:25 [INF] CIK 0001227930 | Cleaning + extracting sections
2026-03-04 11:15:25 [INF] CIK 0001227930 | Filing 608/9706 for Year 2009 | Finished
2026-03-04 11:15:25 [INF] CIK 0001275283 | Filing 609/9706 for Year 2009 | Starting
2026-03-04 11:15:25 [INF] CIK 0001275283 | Downloading filing HTML (cached if available)
2026-03-04 11:15:26 [INF] CIK 0001275283 | Reading HTML from C:\git\Edgar\Edgar\Data\raw\2009\0001275283\000095014409001505\0000950144-09-001505.txt
2026-03-04 11:15:26 [INF] CIK 0001275283 | Cleaning + extracting sections
2026-03-04 11:15:28 [INF] CIK 0001275283 | Filing 609/9706 for Year 2009 | Finished
2026-03-04 11:15:28 [INF] CIK 0001301611 | Filing 610/9706 for Year 2009 | Starting
2026-03-04 11:15:28 [INF] CIK 0001301611 | Downloading filing HTML (cached if available)
2026-03-04 11:15:28 [INF] CIK 0001301611 | Reading HTML from C:\git\Edgar\Edgar\Data\raw\2009\0001301611\000095014409001540\0000950144-09-001540.txt
2026-03-04 11:15:28 [INF] CIK 0001301611 | Cleaning + extracting sections
2026-03-04 11:15:29 [INF] CIK 0001301611 | Filing 610/9706 for Year 2009 | Finished
2026-03-04 11:15:29 [INF] CIK 0001303942 | Filing 611/9706 for Year 2009 | Starting
2026-03-04 11:15:29 [INF] CIK 0001303942 | Downloading filing HTML (cached if available)
2026-03-04 11:15:29 [INF] CIK 0001303942 | Reading HTML from C:\git\Edgar\Edgar\Data\raw\2009\0001303942\000119312509034626\0001193125-09-034626.txt
2026-03-04 11:15:29 [INF] CIK 0001303942 | Cleaning + extracting sections
2026-03-04 11:15:29 [INF] CIK 0001303942 | Filing 611/9706 for Year 2009 | Finished
2026-03-04 11:15:29 [INF] CIK 0001316631 | Filing 612/9706 for Year 2009 | Starting
2026-03-04 11:15:29 [INF] CIK 0001316631 | Missing permno mapping in CCM for Company Liberty Global, Inc. (0001316631).
2026-03-04 11:15:29 [INF] CIK 0001316631 | Missing Book-to-Market data for Company Liberty Global, Inc. (0001316631) in 2009.
2026-03-04 11:15:29 [INF] CIK 0001316631 | Skipping filing due to missing required data (CCM/CRSP/BTM).
2026-03-04 11:15:29 [INF] CIK 0001316656 | Filing 613/9706 for Year 2009 | Starting
2026-03-04 11:15:29 [INF] CIK 0001316656 | Downloading filing HTML (cached if available)
2026-03-04 11:15:29 [INF] CIK 0001316656 | Reading HTML from C:\git\Edgar\Edgar\Data\raw\2009\0001316656\000095012309003260\0000950123-09-003260.txt
2026-03-04 11:15:30 [INF] CIK 0001316656 | Cleaning + extracting sections
2026-03-04 11:15:30 [INF] CIK 0001316656 | Filing 613/9706 for Year 2009 | Finished
2026-03-04 11:15:30 [INF] CIK 0001334544 | Filing 614/9706 for Year 2009 | Starting
2026-03-04 11:15:30 [INF] CIK 0001334544 | Missing permno mapping in CCM for Company Emergency Medical Services L.P. (0001334544).
2026-03-04 11:15:30 [INF] CIK 0001334544 | Missing Book-to-Market data for Company Emergency Medical Services L.P. (0001334544) in 2009.
2026-03-04 11:15:30 [INF] CIK 0001334544 | Skipping filing due to missing required data (CCM/CRSP/BTM).
2026-03-04 11:15:30 [INF] CIK 0001337675 | Filing 615/9706 for Year 2009 | Starting
2026-03-04 11:15:30 [INF] CIK 0001337675 | Missing permno mapping in CCM for Company Jazz Technologies, Inc. (0001337675).
2026-03-04 11:15:30 [INF] CIK 0001337675 | Missing Book-to-Market data for Company Jazz Technologies, Inc. (0001337675) in 2009.
2026-03-04 11:15:30 [INF] CIK 0001337675 | Skipping filing due to missing required data (CCM/CRSP/BTM).
2026-03-04 11:15:30 [INF] CIK 0001344154 | Filing 616/9706 for Year 2009 | Starting
2026-03-04 11:15:30 [INF] CIK 0001344154 | Downloading filing HTML (cached if available)
2026-03-04 11:15:30 [INF] CIK 0001344154 | Reading HTML from C:\git\Edgar\Edgar\Data\raw\2009\0001344154\000104746909001681\0001047469-09-001681.txt
2026-03-04 11:15:30 [INF] CIK 0001344154 | Cleaning + extracting sections
2026-03-04 11:15:30 [INF] CIK 0001344154 | Filing 616/9706 for Year 2009 | Finished
2026-03-04 11:15:30 [INF] CIK 0001357326 | Filing 617/9706 for Year 2009 | Starting
2026-03-04 11:15:30 [INF] CIK 0001357326 | Downloading filing HTML (cached if available)
2026-03-04 11:15:31 [INF] CIK 0001357326 | Reading HTML from C:\git\Edgar\Edgar\Data\raw\2009\0001357326\000119312509035158\0001193125-09-035158.txt
2026-03-04 11:15:31 [INF] CIK 0001357326 | Cleaning + extracting sections
2026-03-04 11:15:31 [INF] CIK 0001357326 | Filing 617/9706 for Year 2009 | Finished
2026-03-04 11:15:31 [INF] CIK 0001364100 | Filing 618/9706 for Year 2009 | Starting
2026-03-04 11:15:31 [INF] CIK 0001364100 | Downloading filing HTML (cached if available)
2026-03-04 11:15:31 [INF] CIK 0001364100 | Reading HTML from C:\git\Edgar\Edgar\Data\raw\2009\0001364100\000136410009000012\0001364100-09-000012.txt
2026-03-04 11:15:31 [INF] CIK 0001364100 | Cleaning + extracting sections
2026-03-04 11:15:31 [INF] CIK 0001364100 | Filing 618/9706 for Year 2009 | Finished
2026-03-04 11:15:31 [INF] CIK 0001381526 | Filing 619/9706 for Year 2009 | Starting
2026-03-04 11:15:31 [INF] CIK 0001381526 | Missing permno mapping in CCM for Company COLUMBUS ACQUISITION CORP (0001381526).
2026-03-04 11:15:31 [INF] CIK 0001381526 | Missing Book-to-Market data for Company COLUMBUS ACQUISITION CORP (0001381526) in 2009.
2026-03-04 11:15:31 [INF] CIK 0001381526 | Skipping filing due to missing required data (CCM/CRSP/BTM).
2026-03-04 11:15:31 [INF] CIK 0001385613 | Filing 620/9706 for Year 2009 | Starting
2026-03-04 11:15:31 [INF] CIK 0001385613 | Downloading filing HTML (cached if available)
2026-03-04 11:15:32 [INF] CIK 0001385613 | Reading HTML from C:\git\Edgar\Edgar\Data\raw\2009\0001385613\000138561309000009\0001385613-09-000009.txt
2026-03-04 11:15:32 [INF] CIK 0001385613 | Cleaning + extracting sections
2026-03-04 11:15:32 [INF] CIK 0001385613 | Filing 620/9706 for Year 2009 | Finished
2026-03-04 11:15:32 [INF] CIK 0001388311 | Filing 621/9706 for Year 2009 | Starting
2026-03-04 11:15:32 [INF] CIK 0001388311 | Missing permno mapping in CCM for Company Sino Charter Inc. (0001388311).
2026-03-04 11:15:32 [INF] CIK 0001388311 | Missing Book-to-Market data for Company Sino Charter Inc. (0001388311) in 2009.
2026-03-04 11:15:32 [INF] CIK 0001388311 | Skipping filing due to missing required data (CCM/CRSP/BTM).
2026-03-04 11:15:32 [INF] CIK 0001389294 | Filing 622/9706 for Year 2009 | Starting
2026-03-04 11:15:32 [INF] CIK 0001389294 | Missing permno mapping in CCM for Company LUCKY STRIKE EXPLORATIONS INC. (0001389294).
2026-03-04 11:15:32 [INF] CIK 0001389294 | Missing Book-to-Market data for Company LUCKY STRIKE EXPLORATIONS INC. (0001389294) in 2009.
2026-03-04 11:15:32 [INF] CIK 0001389294 | Skipping filing due to missing required data (CCM/CRSP/BTM).
2026-03-04 11:15:32 [INF] CIK 0001409986 | Filing 623/9706 for Year 2009 | Starting
2026-03-04 11:15:32 [INF] CIK 0001409986 | Missing permno mapping in CCM for Company INTERNATIONAL INDUSTRIAL ENTERPRISES, INC. (0001409986).
2026-03-04 11:15:32 [INF] CIK 0001409986 | Missing Book-to-Market data for Company INTERNATIONAL INDUSTRIAL ENTERPRISES, INC. (0001409986) in 2009.
2026-03-04 11:15:32 [INF] CIK 0001409986 | Skipping filing due to missing required data (CCM/CRSP/BTM).
2026-03-04 11:15:32 [INF] CIK 0001422221 | Filing 624/9706 for Year 2009 | Starting
2026-03-04 11:15:32 [INF] CIK 0001422221 | Missing permno mapping in CCM for Company BATTERY CONTROL CORP (0001422221).
2026-03-04 11:15:32 [INF] CIK 0001422221 | Missing Book-to-Market data for Company BATTERY CONTROL CORP (0001422221) in 2009.
2026-03-04 11:15:32 [INF] CIK 0001422221 | Skipping filing due to missing required data (CCM/CRSP/BTM).
2026-03-04 11:15:32 [INF] CIK 0001442741 | Filing 625/9706 for Year 2009 | Starting
2026-03-04 11:15:32 [INF] CIK 0001442741 | Downloading filing HTML (cached if available)
2026-03-04 11:15:32 [INF] CIK 0001442741 | Reading HTML from C:\git\Edgar\Edgar\Data\raw\2009\0001442741\000119312509034686\0001193125-09-034686.txt
2026-03-04 11:15:32 [INF] CIK 0001442741 | Cleaning + extracting sections
2026-03-04 11:15:32 [INF] CIK 0001442741 | Filing 625/9706 for Year 2009 | Finished
2026-03-04 11:15:32 [INF] CIK 0000023632 | Filing 626/9706 for Year 2009 | Starting
2026-03-04 11:15:32 [INF] CIK 0000023632 | Missing permno mapping in CCM for Company CONSOLIDATED EDISON CO OF NEW YORK INC (0000023632).
2026-03-04 11:15:32 [INF] CIK 0000023632 | Missing Book-to-Market data for Company CONSOLIDATED EDISON CO OF NEW YORK INC (0000023632) in 2009.
2026-03-04 11:15:32 [INF] CIK 0000023632 | Skipping filing due to missing required data (CCM/CRSP/BTM).
2026-03-04 11:15:32 [INF] CIK 0000026058 | Filing 627/9706 for Year 2009 | Starting
2026-03-04 11:15:32 [INF] CIK 0000026058 | Downloading filing HTML (cached if available)
2026-03-04 11:15:33 [INF] CIK 0000026058 | Reading HTML from C:\git\Edgar\Edgar\Data\raw\2009\0000026058\000002605809000010\0000026058-09-000010.txt
2026-03-04 11:15:33 [INF] CIK 0000026058 | Cleaning + extracting sections
2026-03-04 11:15:33 [INF] CIK 0000026058 | Filing 627/9706 for Year 2009 | Finished
2026-03-04 11:15:33 [INF] CIK 0000003499 | Filing 628/9706 for Year 2009 | Starting
2026-03-04 11:15:33 [INF] CIK 0000003499 | Downloading filing HTML (cached if available)
2026-03-04 11:15:33 [INF] CIK 0000003499 | Reading HTML from C:\git\Edgar\Edgar\Data\raw\2009\0000003499\000000349909000002\0000003499-09-000002.txt
2026-03-04 11:15:33 [INF] CIK 0000003499 | Cleaning + extracting sections
2026-03-04 11:15:34 [INF] CIK 0000003499 | Filing 628/9706 for Year 2009 | Finished
2026-03-04 11:15:34 [INF] CIK 0000036270 | Filing 629/9706 for Year 2009 | Starting
2026-03-04 11:15:34 [INF] CIK 0000036270 | Downloading filing HTML (cached if available)
2026-03-04 11:15:34 [INF] CIK 0000036270 | Reading HTML from C:\git\Edgar\Edgar\Data\raw\2009\0000036270\000095015209001650\0000950152-09-001650.txt
2026-03-04 11:15:34 [INF] CIK 0000036270 | Cleaning + extracting sections
2026-03-04 11:15:34 [INF] CIK 0000036270 | Filing 629/9706 for Year 2009 | Finished
2026-03-04 11:15:34 [INF] CIK 0000037785 | Filing 630/9706 for Year 2009 | Starting
2026-03-04 11:15:34 [INF] CIK 0000037785 | Downloading filing HTML (cached if available)
2026-03-04 11:15:35 [INF] CIK 0000037785 | Reading HTML from C:\git\Edgar\Edgar\Data\raw\2009\0000037785\000119312509035095\0001193125-09-035095.txt
2026-03-04 11:15:35 [INF] CIK 0000037785 | Cleaning + extracting sections
2026-03-04 11:15:35 [INF] CIK 0000037785 | Filing 630/9706 for Year 2009 | Finished
2026-03-04 11:15:35 [INF] CIK 0000050863 | Filing 631/9706 for Year 2009 | Starting
2026-03-04 11:15:35 [INF] CIK 0000050863 | Downloading filing HTML (cached if available)
2026-03-04 11:15:35 [INF] CIK 0000050863 | Reading HTML from C:\git\Edgar\Edgar\Data\raw\2009\0000050863\000089161809000047\0000891618-09-000047.txt
2026-03-04 11:15:35 [INF] CIK 0000050863 | Cleaning + extracting sections
2026-03-04 11:15:35 [INF] CIK 0000050863 | Filing 631/9706 for Year 2009 | Finished
2026-03-04 11:15:35 [INF] CIK 0000069499 | Filing 632/9706 for Year 2009 | Starting
2026-03-04 11:15:35 [INF] CIK 0000069499 | Missing permno mapping in CCM for Company MYLAN INC. (0000069499).
2026-03-04 11:15:35 [INF] CIK 0000069499 | Missing Book-to-Market data for Company MYLAN INC. (0000069499) in 2009.
2026-03-04 11:15:35 [INF] CIK 0000069499 | Skipping filing due to missing required data (CCM/CRSP/BTM).
2026-03-04 11:15:35 [INF] CIK 0000071180 | Filing 633/9706 for Year 2009 | Starting
2026-03-04 11:15:35 [INF] CIK 0000071180 | Missing permno mapping in CCM for Company NEVADA POWER CO (0000071180).
2026-03-04 11:15:35 [INF] CIK 0000071180 | Missing Book-to-Market data for Company NEVADA POWER CO (0000071180) in 2009.
2026-03-04 11:15:35 [INF] CIK 0000071180 | Skipping filing due to missing required data (CCM/CRSP/BTM).
2026-03-04 11:15:35 [INF] CIK 0000731939 | Filing 634/9706 for Year 2009 | Starting
2026-03-04 11:15:35 [INF] CIK 0000731939 | Downloading filing HTML (cached if available)
2026-03-04 11:15:36 [INF] CIK 0000731939 | Reading HTML from C:\git\Edgar\Edgar\Data\raw\2009\0000731939\000095013409003434\0000950134-09-003434.txt
2026-03-04 11:15:36 [INF] CIK 0000731939 | Cleaning + extracting sections
2026-03-04 11:15:36 [INF] CIK 0000731939 | Filing 634/9706 for Year 2009 | Finished
2026-03-04 11:15:36 [INF] CIK 0000741508 | Filing 635/9706 for Year 2009 | Starting
2026-03-04 11:15:36 [INF] CIK 0000741508 | Downloading filing HTML (cached if available)
2026-03-04 11:15:37 [INF] CIK 0000741508 | Reading HTML from C:\git\Edgar\Edgar\Data\raw\2009\0000741508\000074150809000009\0000741508-09-000009.txt
2026-03-04 11:15:37 [INF] CIK 0000741508 | Cleaning + extracting sections
2026-03-04 11:15:37 [INF] CIK 0000741508 | Filing 635/9706 for Year 2009 | Finished
2026-03-04 11:15:37 [INF] CIK 0000750561 | Filing 636/9706 for Year 2009 | Starting
2026-03-04 11:15:37 [INF] CIK 0000750561 | Missing permno mapping in CCM for Company PARALLEL PETROLEUM CORP (0000750561).
2026-03-04 11:15:37 [INF] CIK 0000750561 | Missing Book-to-Market data for Company PARALLEL PETROLEUM CORP (0000750561) in 2009.
2026-03-04 11:15:37 [INF] CIK 0000750561 | Skipping filing due to missing required data (CCM/CRSP/BTM).
2026-03-04 11:15:37 [INF] CIK 0000793733 | Filing 637/9706 for Year 2009 | Starting
2026-03-04 11:15:37 [INF] CIK 0000793733 | Downloading filing HTML (cached if available)
2026-03-04 11:15:37 [INF] CIK 0000793733 | Reading HTML from C:\git\Edgar\Edgar\Data\raw\2009\0000793733\000104746909001647\0001047469-09-001647.txt
2026-03-04 11:15:37 [INF] CIK 0000793733 | Cleaning + extracting sections
2026-03-04 11:15:38 [INF] CIK 0000793733 | Filing 637/9706 for Year 2009 | Finished
2026-03-04 11:15:38 [INF] CIK 0000820313 | Filing 638/9706 for Year 2009 | Starting
2026-03-04 11:15:38 [INF] CIK 0000820313 | Downloading filing HTML (cached if available)
2026-03-04 11:15:38 [INF] CIK 0000820313 | Reading HTML from C:\git\Edgar\Edgar\Data\raw\2009\0000820313\000110465909011495\0001104659-09-011495.txt
2026-03-04 11:15:38 [INF] CIK 0000820313 | Cleaning + extracting sections
2026-03-04 11:15:38 [INF] CIK 0000820313 | Filing 638/9706 for Year 2009 | Finished
2026-03-04 11:15:38 [INF] CIK 0000825313 | Filing 639/9706 for Year 2009 | Starting
2026-03-04 11:15:38 [INF] CIK 0000825313 | Downloading filing HTML (cached if available)
2026-03-04 11:15:39 [INF] CIK 0000825313 | Reading HTML from C:\git\Edgar\Edgar\Data\raw\2009\0000825313\000114036109004725\0001140361-09-004725.txt
2026-03-04 11:15:39 [INF] CIK 0000825313 | Cleaning + extracting sections
2026-03-04 11:15:39 [INF] CIK 0000825313 | Filing 639/9706 for Year 2009 | Finished
2026-03-04 11:15:39 [INF] CIK 0000840467 | Filing 640/9706 for Year 2009 | Starting
2026-03-04 11:15:39 [INF] CIK 0000840467 | Downloading filing HTML (cached if available)
2026-03-04 11:15:39 [INF] CIK 0000840467 | Reading HTML from C:\git\Edgar\Edgar\Data\raw\2009\0000840467\000119312509035204\0001193125-09-035204.txt
2026-03-04 11:15:40 [INF] CIK 0000840467 | Cleaning + extracting sections
2026-03-04 11:15:40 [INF] CIK 0000840467 | Filing 640/9706 for Year 2009 | Finished
2026-03-04 11:15:40 [INF] CIK 0000873364 | Filing 641/9706 for Year 2009 | Starting
2026-03-04 11:15:40 [INF] CIK 0000873364 | Downloading filing HTML (cached if available)
2026-03-04 11:15:40 [INF] CIK 0000873364 | Reading HTML from C:\git\Edgar\Edgar\Data\raw\2009\0000873364\000104746909001690\0001047469-09-001690.txt
2026-03-04 11:15:40 [INF] CIK 0000873364 | Cleaning + extracting sections
2026-03-04 11:15:40 [INF] CIK 0000873364 | Filing 641/9706 for Year 2009 | Finished
2026-03-04 11:15:40 [INF] CIK 0000884629 | Filing 642/9706 for Year 2009 | Starting
2026-03-04 11:15:40 [INF] CIK 0000884629 | Missing permno mapping in CCM for Company WATSON PHARMACEUTICALS INC (0000884629).
2026-03-04 11:15:40 [INF] CIK 0000884629 | Missing Book-to-Market data for Company WATSON PHARMACEUTICALS INC (0000884629) in 2009.
2026-03-04 11:15:40 [INF] CIK 0000884629 | Skipping filing due to missing required data (CCM/CRSP/BTM).
2026-03-04 11:15:40 [INF] CIK 0000888228 | Filing 643/9706 for Year 2009 | Starting
2026-03-04 11:15:40 [INF] CIK 0000888228 | Downloading filing HTML (cached if available)
2026-03-04 11:15:41 [INF] CIK 0000888228 | Reading HTML from C:\git\Edgar\Edgar\Data\raw\2009\0000888228\000101410809000052\0001014108-09-000052.txt
2026-03-04 11:15:41 [INF] CIK 0000888228 | Cleaning + extracting sections
2026-03-04 11:15:41 [INF] CIK 0000888228 | Filing 643/9706 for Year 2009 | Finished
2026-03-04 11:15:41 [INF] CIK 0000895655 | Filing 644/9706 for Year 2009 | Starting
2026-03-04 11:15:41 [INF] CIK 0000895655 | Downloading filing HTML (cached if available)
2026-03-04 11:15:41 [INF] CIK 0000895655 | Reading HTML from C:\git\Edgar\Edgar\Data\raw\2009\0000895655\000119312509034983\0001193125-09-034983.txt
2026-03-04 11:15:41 [INF] CIK 0000895655 | Cleaning + extracting sections
2026-03-04 11:15:41 [INF] CIK 0000895655 | Filing 644/9706 for Year 2009 | Finished
2026-03-04 11:15:41 [INF] CIK 0000899749 | Filing 645/9706 for Year 2009 | Starting
2026-03-04 11:15:41 [INF] CIK 0000899749 | Missing permno mapping in CCM for Company HEALTHCARE REALTY TRUST INC (0000899749).
2026-03-04 11:15:41 [INF] CIK 0000899749 | Missing Book-to-Market data for Company HEALTHCARE REALTY TRUST INC (0000899749) in 2009.
2026-03-04 11:15:41 [INF] CIK 0000899749 | Skipping filing due to missing required data (CCM/CRSP/BTM).
2026-03-04 11:15:41 [INF] CIK 0000899866 | Filing 646/9706 for Year 2009 | Starting
2026-03-04 11:15:41 [INF] CIK 0000899866 | Downloading filing HTML (cached if available)
2026-03-04 11:15:42 [INF] CIK 0000899866 | Reading HTML from C:\git\Edgar\Edgar\Data\raw\2009\0000899866\000119312509035223\0001193125-09-035223.txt
2026-03-04 11:15:42 [INF] CIK 0000899866 | Cleaning + extracting sections
2026-03-04 11:15:42 [INF] CIK 0000899866 | Filing 646/9706 for Year 2009 | Finished
2026-03-04 11:15:42 [INF] CIK 0000090144 | Filing 647/9706 for Year 2009 | Starting
2026-03-04 11:15:42 [INF] CIK 0000090144 | Missing permno mapping in CCM for Company SIERRA PACIFIC POWER CO (0000090144).
2026-03-04 11:15:42 [INF] CIK 0000090144 | Missing Book-to-Market data for Company SIERRA PACIFIC POWER CO (0000090144) in 2009.
2026-03-04 11:15:42 [INF] CIK 0000090144 | Skipping filing due to missing required data (CCM/CRSP/BTM).
2026-03-04 11:15:42 [INF] CIK 0000930553 | Filing 648/9706 for Year 2009 | Starting
2026-03-04 11:15:42 [INF] CIK 0000930553 | Downloading filing HTML (cached if available)
2026-03-04 11:15:42 [INF] CIK 0000930553 | Reading HTML from C:\git\Edgar\Edgar\Data\raw\2009\0000930553\000119312509034313\0001193125-09-034313.txt
2026-03-04 11:15:42 [INF] CIK 0000930553 | Cleaning + extracting sections
2026-03-04 11:15:42 [INF] CIK 0000930553 | Filing 648/9706 for Year 2009 | Finished
2026-03-04 11:15:42 [INF] CIK 0001000228 | Filing 649/9706 for Year 2009 | Starting
2026-03-04 11:15:42 [INF] CIK 0001000228 | Downloading filing HTML (cached if available)
2026-03-04 11:15:43 [INF] CIK 0001000228 | Reading HTML from C:\git\Edgar\Edgar\Data\raw\2009\0001000228\000100022809000011\0001000228-09-000011.txt
2026-03-04 11:15:43 [INF] CIK 0001000228 | Cleaning + extracting sections
2026-03-04 11:15:43 [INF] CIK 0001000228 | Filing 649/9706 for Year 2009 | Finished
2026-03-04 11:15:43 [INF] CIK 0001003124 | Filing 650/9706 for Year 2009 | Starting
2026-03-04 11:15:43 [INF] CIK 0001003124 | Downloading filing HTML (cached if available)
2026-03-04 11:15:43 [INF] CIK 0001003124 | Reading HTML from C:\git\Edgar\Edgar\Data\raw\2009\0001003124\000119312509035667\0001193125-09-035667.txt
2026-03-04 11:15:43 [INF] CIK 0001003124 | Cleaning + extracting sections
2026-03-04 11:15:44 [INF] CIK 0001003124 | Filing 650/9706 for Year 2009 | Finished
2026-03-04 11:15:44 [INF] CIK 0001004980 | Filing 651/9706 for Year 2009 | Starting
2026-03-04 11:15:44 [INF] CIK 0001004980 | Downloading filing HTML (cached if available)
2026-03-04 11:15:44 [INF] CIK 0001004980 | Reading HTML from C:\git\Edgar\Edgar\Data\raw\2009\0001004980\000100498009000009\0001004980-09-000009.txt
2026-03-04 11:15:44 [INF] CIK 0001004980 | Cleaning + extracting sections
2026-03-04 11:15:44 [INF] CIK 0001004980 | Filing 651/9706 for Year 2009 | Finished
2026-03-04 11:15:44 [INF] CIK 0001010552 | Filing 652/9706 for Year 2009 | Starting
2026-03-04 11:15:44 [INF] CIK 0001010552 | Downloading filing HTML (cached if available)
2026-03-04 11:15:45 [INF] CIK 0001010552 | Reading HTML from C:\git\Edgar\Edgar\Data\raw\2009\0001010552\000119312509036310\0001193125-09-036310.txt
2026-03-04 11:15:45 [INF] CIK 0001010552 | Cleaning + extracting sections
2026-03-04 11:15:45 [INF] CIK 0001010552 | Filing 652/9706 for Year 2009 | Finished
2026-03-04 11:15:45 [INF] CIK 0001016470 | Filing 653/9706 for Year 2009 | Starting
2026-03-04 11:15:45 [INF] CIK 0001016470 | Downloading filing HTML (cached if available)
2026-03-04 11:15:46 [INF] CIK 0001016470 | Reading HTML from C:\git\Edgar\Edgar\Data\raw\2009\0001016470\000110465909011794\0001104659-09-011794.txt
2026-03-04 11:15:46 [INF] CIK 0001016470 | Cleaning + extracting sections
2026-03-04 11:15:46 [INF] CIK 0001016470 | Filing 653/9706 for Year 2009 | Finished
2026-03-04 11:15:46 [INF] CIK 0000102729 | Filing 654/9706 for Year 2009 | Starting
2026-03-04 11:15:46 [INF] CIK 0000102729 | Downloading filing HTML (cached if available)
2026-03-04 11:15:46 [INF] CIK 0000102729 | Reading HTML from C:\git\Edgar\Edgar\Data\raw\2009\0000102729\000104746909001743\0001047469-09-001743.txt
2026-03-04 11:15:46 [INF] CIK 0000102729 | Cleaning + extracting sections
2026-03-04 11:15:46 [INF] CIK 0000102729 | Filing 654/9706 for Year 2009 | Finished
2026-03-04 11:15:46 [INF] CIK 0001032208 | Filing 655/9706 for Year 2009 | Starting
2026-03-04 11:15:46 [INF] CIK 0001032208 | Downloading filing HTML (cached if available)
2026-03-04 11:15:47 [INF] CIK 0001032208 | Reading HTML from C:\git\Edgar\Edgar\Data\raw\2009\0001032208\000008652109000010\0000086521-09-000010.txt
2026-03-04 11:15:47 [INF] CIK 0001032208 | Cleaning + extracting sections
2026-03-04 11:15:47 [INF] CIK 0001032208 | Filing 655/9706 for Year 2009 | Finished
2026-03-04 11:15:47 [INF] CIK 0001034088 | Filing 656/9706 for Year 2009 | Starting
2026-03-04 11:15:47 [INF] CIK 0001034088 | Downloading filing HTML (cached if available)
2026-03-04 11:15:48 [INF] CIK 0001034088 | Reading HTML from C:\git\Edgar\Edgar\Data\raw\2009\0001034088\000119312509036363\0001193125-09-036363.txt
2026-03-04 11:15:48 [INF] CIK 0001034088 | Cleaning + extracting sections
2026-03-04 11:15:48 [INF] CIK 0001034088 | Filing 656/9706 for Year 2009 | Finished
2026-03-04 11:15:48 [INF] CIK 0001034670 | Filing 657/9706 for Year 2009 | Starting
2026-03-04 11:15:48 [INF] CIK 0001034670 | Downloading filing HTML (cached if available)
2026-03-04 11:15:49 [INF] CIK 0001034670 | Reading HTML from C:\git\Edgar\Edgar\Data\raw\2009\0001034670\000115752309001524\0001157523-09-001524.txt
2026-03-04 11:15:49 [INF] CIK 0001034670 | Cleaning + extracting sections
2026-03-04 11:15:49 [INF] CIK 0001034670 | Filing 657/9706 for Year 2009 | Finished
2026-03-04 11:15:49 [INF] CIK 0001038363 | Filing 658/9706 for Year 2009 | Starting
2026-03-04 11:15:49 [INF] CIK 0001038363 | Missing permno mapping in CCM for Company METALS USA INC (0001038363).
2026-03-04 11:15:49 [INF] CIK 0001038363 | Missing Book-to-Market data for Company METALS USA INC (0001038363) in 2009.
2026-03-04 11:15:49 [INF] CIK 0001038363 | Skipping filing due to missing required data (CCM/CRSP/BTM).
2026-03-04 11:15:49 [INF] CIK 0001041858 | Filing 659/9706 for Year 2009 | Starting
2026-03-04 11:15:49 [INF] CIK 0001041858 | Downloading filing HTML (cached if available)
2026-03-04 11:15:49 [INF] CIK 0001041858 | Reading HTML from C:\git\Edgar\Edgar\Data\raw\2009\0001041858\000136231009002684\0001362310-09-002684.txt
2026-03-04 11:15:49 [INF] CIK 0001041858 | Cleaning + extracting sections
2026-03-04 11:15:49 [INF] CIK 0001041858 | Filing 659/9706 for Year 2009 | Finished
2026-03-04 11:15:49 [INF] CIK 0001045450 | Filing 660/9706 for Year 2009 | Starting
2026-03-04 11:15:49 [INF] CIK 0001045450 | Downloading filing HTML (cached if available)
2026-03-04 11:15:50 [INF] CIK 0001045450 | Reading HTML from C:\git\Edgar\Edgar\Data\raw\2009\0001045450\000095013709001267\0000950137-09-001267.txt
2026-03-04 11:15:50 [INF] CIK 0001045450 | Cleaning + extracting sections
2026-03-04 11:15:50 [INF] CIK 0001045450 | Filing 660/9706 for Year 2009 | Finished
2026-03-04 11:15:50 [INF] CIK 0001047127 | Filing 661/9706 for Year 2009 | Starting
2026-03-04 11:15:50 [INF] CIK 0001047127 | Downloading filing HTML (cached if available)
2026-03-04 11:15:50 [INF] CIK 0001047127 | Reading HTML from C:\git\Edgar\Edgar\Data\raw\2009\0001047127\000095015309000153\0000950153-09-000153.txt
2026-03-04 11:15:50 [INF] CIK 0001047127 | Cleaning + extracting sections
2026-03-04 11:15:50 [INF] CIK 0001047127 | Filing 661/9706 for Year 2009 | Finished
2026-03-04 11:15:50 [INF] CIK 0001047340 | Filing 662/9706 for Year 2009 | Starting
2026-03-04 11:15:50 [INF] CIK 0001047340 | Downloading filing HTML (cached if available)
2026-03-04 11:15:51 [INF] CIK 0001047340 | Reading HTML from C:\git\Edgar\Edgar\Data\raw\2009\0001047340\000119312509036277\0001193125-09-036277.txt
2026-03-04 11:15:51 [INF] CIK 0001047340 | Cleaning + extracting sections
2026-03-04 11:15:51 [INF] CIK 0001047340 | Filing 662/9706 for Year 2009 | Finished
2026-03-04 11:15:51 [INF] CIK 0001050446 | Filing 663/9706 for Year 2009 | Starting
2026-03-04 11:15:51 [INF] CIK 0001050446 | Downloading filing HTML (cached if available)
2026-03-04 11:15:51 [INF] CIK 0001050446 | Reading HTML from C:\git\Edgar\Edgar\Data\raw\2009\0001050446\000119312509035421\0001193125-09-035421.txt
2026-03-04 11:15:51 [INF] CIK 0001050446 | Cleaning + extracting sections
2026-03-04 11:15:51 [INF] CIK 0001050446 | Filing 663/9706 for Year 2009 | Finished
2026-03-04 11:15:51 [INF] CIK 0001056696 | Filing 664/9706 for Year 2009 | Starting
2026-03-04 11:15:51 [INF] CIK 0001056696 | Downloading filing HTML (cached if available)
2026-03-04 11:15:52 [INF] CIK 0001056696 | Reading HTML from C:\git\Edgar\Edgar\Data\raw\2009\0001056696\000095014409001575\0000950144-09-001575.txt
2026-03-04 11:15:52 [INF] CIK 0001056696 | Cleaning + extracting sections
2026-03-04 11:15:52 [INF] CIK 0001056696 | Filing 664/9706 for Year 2009 | Finished
2026-03-04 11:15:52 [INF] CIK 0001057352 | Filing 665/9706 for Year 2009 | Starting
2026-03-04 11:15:52 [INF] CIK 0001057352 | Downloading filing HTML (cached if available)
2026-03-04 11:15:52 [INF] CIK 0001057352 | Reading HTML from C:\git\Edgar\Edgar\Data\raw\2009\0001057352\000105735209000013\0001057352-09-000013.txt
2026-03-04 11:15:52 [INF] CIK 0001057352 | Cleaning + extracting sections
2026-03-04 11:15:52 [INF] CIK 0001057352 | Filing 665/9706 for Year 2009 | Finished
2026-03-04 11:15:52 [INF] CIK 0001057758 | Filing 666/9706 for Year 2009 | Starting
2026-03-04 11:15:52 [INF] CIK 0001057758 | Downloading filing HTML (cached if available)
2026-03-04 11:15:52 [INF] CIK 0001057758 | Reading HTML from C:\git\Edgar\Edgar\Data\raw\2009\0001057758\000119312509035991\0001193125-09-035991.txt
2026-03-04 11:15:52 [INF] CIK 0001057758 | Cleaning + extracting sections
2026-03-04 11:15:53 [INF] CIK 0001057758 | Filing 666/9706 for Year 2009 | Finished
2026-03-04 11:15:53 [INF] CIK 0001064863 | Filing 667/9706 for Year 2009 | Starting
2026-03-04 11:15:53 [INF] CIK 0001064863 | Downloading filing HTML (cached if available)
2026-03-04 11:15:53 [INF] CIK 0001064863 | Reading HTML from C:\git\Edgar\Edgar\Data\raw\2009\0001064863\000095013309000419\0000950133-09-000419.txt
2026-03-04 11:15:53 [INF] CIK 0001064863 | Cleaning + extracting sections
2026-03-04 11:15:53 [INF] CIK 0001064863 | Filing 667/9706 for Year 2009 | Finished
2026-03-04 11:15:53 [INF] CIK 0001115222 | Filing 668/9706 for Year 2009 | Starting
2026-03-04 11:15:53 [INF] CIK 0001115222 | Missing permno mapping in CCM for Company DUN & BRADSTREET CORP/NW (0001115222).
2026-03-04 11:15:53 [INF] CIK 0001115222 | Missing Book-to-Market data for Company DUN & BRADSTREET CORP/NW (0001115222) in 2009.
2026-03-04 11:15:53 [INF] CIK 0001115222 | Skipping filing due to missing required data (CCM/CRSP/BTM).
2026-03-04 11:15:53 [INF] CIK 0001116435 | Filing 669/9706 for Year 2009 | Starting
2026-03-04 11:15:53 [INF] CIK 0001116435 | Downloading filing HTML (cached if available)
2026-03-04 11:15:53 [INF] CIK 0001116435 | Reading HTML from C:\git\Edgar\Edgar\Data\raw\2009\0001116435\000095013509001134\0000950135-09-001134.txt
2026-03-04 11:15:53 [INF] CIK 0001116435 | Cleaning + extracting sections
2026-03-04 11:15:53 [INF] CIK 0001116435 | Filing 669/9706 for Year 2009 | Finished
2026-03-04 11:15:53 [INF] CIK 0001125057 | Filing 670/9706 for Year 2009 | Starting
2026-03-04 11:15:53 [INF] CIK 0001125057 | Downloading filing HTML (cached if available)
2026-03-04 11:15:54 [INF] CIK 0001125057 | Reading HTML from C:\git\Edgar\Edgar\Data\raw\2009\0001125057\000095013409003596\0000950134-09-003596.txt
2026-03-04 11:15:54 [INF] CIK 0001125057 | Cleaning + extracting sections
2026-03-04 11:15:54 [INF] CIK 0001125057 | Filing 670/9706 for Year 2009 | Finished
2026-03-04 11:15:54 [INF] CIK 0001125920 | Filing 671/9706 for Year 2009 | Starting
2026-03-04 11:15:54 [INF] CIK 0001125920 | Downloading filing HTML (cached if available)
2026-03-04 11:15:54 [INF] CIK 0001125920 | Reading HTML from C:\git\Edgar\Edgar\Data\raw\2009\0001125920\000112592009000011\0001125920-09-000011.txt
2026-03-04 11:15:54 [INF] CIK 0001125920 | Cleaning + extracting sections
2026-03-04 11:15:54 [INF] CIK 0001125920 | Filing 671/9706 for Year 2009 | Finished
2026-03-04 11:15:54 [INF] CIK 0001130385 | Filing 672/9706 for Year 2009 | Starting
2026-03-04 11:15:54 [INF] CIK 0001130385 | Downloading filing HTML (cached if available)
2026-03-04 11:15:55 [INF] CIK 0001130385 | Reading HTML from C:\git\Edgar\Edgar\Data\raw\2009\0001130385\000095012309003303\0000950123-09-003303.txt
2026-03-04 11:15:55 [INF] CIK 0001130385 | Cleaning + extracting sections
2026-03-04 11:15:55 [INF] CIK 0001130385 | Filing 672/9706 for Year 2009 | Finished
2026-03-04 11:15:55 [INF] CIK 0001141982 | Filing 673/9706 for Year 2009 | Starting
2026-03-04 11:15:55 [INF] CIK 0001141982 | Downloading filing HTML (cached if available)
2026-03-04 11:15:55 [INF] CIK 0001141982 | Reading HTML from C:\git\Edgar\Edgar\Data\raw\2009\0001141982\000095012909000529\0000950129-09-000529.txt
2026-03-04 11:15:55 [INF] CIK 0001141982 | Cleaning + extracting sections
2026-03-04 11:15:56 [INF] CIK 0001141982 | Filing 673/9706 for Year 2009 | Finished
2026-03-04 11:15:56 [INF] CIK 0001159297 | Filing 674/9706 for Year 2009 | Starting
2026-03-04 11:15:56 [INF] CIK 0001159297 | Downloading filing HTML (cached if available)
2026-03-04 11:15:56 [INF] CIK 0001159297 | Reading HTML from C:\git\Edgar\Edgar\Data\raw\2009\0001159297\000119312509036284\0001193125-09-036284.txt
2026-03-04 11:15:56 [INF] CIK 0001159297 | Cleaning + extracting sections
2026-03-04 11:15:56 [INF] CIK 0001159297 | Filing 674/9706 for Year 2009 | Finished
2026-03-04 11:15:56 [INF] CIK 0001161154 | Filing 675/9706 for Year 2009 | Starting
2026-03-04 11:15:56 [INF] CIK 0001161154 | Downloading filing HTML (cached if available)
2026-03-04 11:15:57 [INF] CIK 0001161154 | Reading HTML from C:\git\Edgar\Edgar\Data\raw\2009\0001161154\000119312509036356\0001193125-09-036356.txt
2026-03-04 11:15:57 [INF] CIK 0001161154 | Cleaning + extracting sections
2026-03-04 11:15:57 [INF] CIK 0001161154 | Filing 675/9706 for Year 2009 | Finished
2026-03-04 11:15:57 [INF] CIK 0001163302 | Filing 676/9706 for Year 2009 | Starting
2026-03-04 11:15:57 [INF] CIK 0001163302 | Downloading filing HTML (cached if available)
2026-03-04 11:15:58 [INF] CIK 0001163302 | Reading HTML from C:\git\Edgar\Edgar\Data\raw\2009\0001163302\000119312509036175\0001193125-09-036175.txt
2026-03-04 11:15:58 [INF] CIK 0001163302 | Cleaning + extracting sections
2026-03-04 11:15:58 [INF] CIK 0001163302 | Filing 676/9706 for Year 2009 | Finished
2026-03-04 11:15:58 [INF] CIK 0001168335 | Filing 677/9706 for Year 2009 | Starting
2026-03-04 11:15:58 [INF] CIK 0001168335 | Missing permno mapping in CCM for Company ADVANCED MEDICAL OPTICS INC (0001168335).
2026-03-04 11:15:58 [INF] CIK 0001168335 | Missing Book-to-Market data for Company ADVANCED MEDICAL OPTICS INC (0001168335) in 2009.
2026-03-04 11:15:58 [INF] CIK 0001168335 | Skipping filing due to missing required data (CCM/CRSP/BTM).
2026-03-04 11:15:58 [INF] CIK 0001170565 | Filing 678/9706 for Year 2009 | Starting
2026-03-04 11:15:58 [INF] CIK 0001170565 | Missing permno mapping in CCM for Company WEATHERFORD INTERNATIONAL LTD (0001170565).
2026-03-04 11:15:58 [INF] CIK 0001170565 | Missing Book-to-Market data for Company WEATHERFORD INTERNATIONAL LTD (0001170565) in 2009.
2026-03-04 11:15:58 [INF] CIK 0001170565 | Skipping filing due to missing required data (CCM/CRSP/BTM).
2026-03-04 11:15:58 [INF] CIK 0001170650 | Filing 679/9706 for Year 2009 | Starting
2026-03-04 11:15:58 [INF] CIK 0001170650 | Downloading filing HTML (cached if available)
2026-03-04 11:15:58 [INF] CIK 0001170650 | Reading HTML from C:\git\Edgar\Edgar\Data\raw\2009\0001170650\000095012309003333\0000950123-09-003333.txt
2026-03-04 11:15:58 [INF] CIK 0001170650 | Cleaning + extracting sections
2026-03-04 11:15:59 [INF] CIK 0001170650 | Filing 679/9706 for Year 2009 | Finished
2026-03-04 11:15:59 [INF] CIK 0001172139 | Filing 680/9706 for Year 2009 | Starting
2026-03-04 11:15:59 [INF] CIK 0001172139 | Missing permno mapping in CCM for Company BILL BARRETT CORP (0001172139).
2026-03-04 11:15:59 [INF] CIK 0001172139 | Missing Book-to-Market data for Company BILL BARRETT CORP (0001172139) in 2009.
2026-03-04 11:15:59 [INF] CIK 0001172139 | Skipping filing due to missing required data (CCM/CRSP/BTM).
2026-03-04 11:15:59 [INF] CIK 0001180145 | Filing 681/9706 for Year 2009 | Starting
2026-03-04 11:15:59 [INF] CIK 0001180145 | Downloading filing HTML (cached if available)
2026-03-04 11:15:59 [INF] CIK 0001180145 | Reading HTML from C:\git\Edgar\Edgar\Data\raw\2009\0001180145\000095013409003526\0000950134-09-003526.txt
2026-03-04 11:15:59 [INF] CIK 0001180145 | Cleaning + extracting sections
2026-03-04 11:15:59 [INF] CIK 0001180145 | Filing 681/9706 for Year 2009 | Finished
2026-03-04 11:15:59 [INF] CIK 0001180262 | Filing 682/9706 for Year 2009 | Starting
2026-03-04 11:15:59 [INF] CIK 0001180262 | Downloading filing HTML (cached if available)
2026-03-04 11:15:59 [INF] CIK 0001180262 | Reading HTML from C:\git\Edgar\Edgar\Data\raw\2009\0001180262\000095013409003593\0000950134-09-003593.txt
2026-03-04 11:15:59 [INF] CIK 0001180262 | Cleaning + extracting sections
2026-03-04 11:16:00 [INF] CIK 0001180262 | Filing 682/9706 for Year 2009 | Finished
2026-03-04 11:16:00 [INF] CIK 0001286681 | Filing 683/9706 for Year 2009 | Starting
2026-03-04 11:16:00 [INF] CIK 0001286681 | Downloading filing HTML (cached if available)
2026-03-04 11:16:00 [INF] CIK 0001286681 | Reading HTML from C:\git\Edgar\Edgar\Data\raw\2009\0001286681\000119312509035628\0001193125-09-035628.txt
2026-03-04 11:16:00 [INF] CIK 0001286681 | Cleaning + extracting sections
2026-03-04 11:16:00 [INF] CIK 0001286681 | Filing 683/9706 for Year 2009 | Finished
2026-03-04 11:16:00 [INF] CIK 0001289848 | Filing 684/9706 for Year 2009 | Starting
2026-03-04 11:16:00 [INF] CIK 0001289848 | Downloading filing HTML (cached if available)
2026-03-04 11:16:00 [INF] CIK 0001289848 | Reading HTML from C:\git\Edgar\Edgar\Data\raw\2009\0001289848\000119312509036340\0001193125-09-036340.txt
2026-03-04 11:16:00 [INF] CIK 0001289848 | Cleaning + extracting sections
2026-03-04 11:16:01 [INF] CIK 0001289848 | Filing 684/9706 for Year 2009 | Finished
2026-03-04 11:16:01 [INF] CIK 0001328237 | Filing 685/9706 for Year 2009 | Starting
2026-03-04 11:16:01 [INF] CIK 0001328237 | Missing permno mapping in CCM for Company PowerShares DB Commodity Index Tracking Fund (0001328237).
2026-03-04 11:16:01 [INF] CIK 0001328237 | Missing Book-to-Market data for Company PowerShares DB Commodity Index Tracking Fund (0001328237) in 2009.
2026-03-04 11:16:01 [INF] CIK 0001328237 | Skipping filing due to missing required data (CCM/CRSP/BTM).
2026-03-04 11:16:01 [INF] CIK 0001328239 | Filing 686/9706 for Year 2009 | Starting
2026-03-04 11:16:01 [INF] CIK 0001328239 | Missing permno mapping in CCM for Company DB Commodity Index Tracking Master Fund (0001328239).
2026-03-04 11:16:01 [INF] CIK 0001328239 | Missing Book-to-Market data for Company DB Commodity Index Tracking Master Fund (0001328239) in 2009.
2026-03-04 11:16:01 [INF] CIK 0001328239 | Skipping filing due to missing required data (CCM/CRSP/BTM).
2026-03-04 11:16:01 [INF] CIK 0001331612 | Filing 687/9706 for Year 2009 | Starting
2026-03-04 11:16:01 [INF] CIK 0001331612 | Missing permno mapping in CCM for Company Fresh Harvest Products, Inc. (0001331612).
2026-03-04 11:16:01 [INF] CIK 0001331612 | Missing Book-to-Market data for Company Fresh Harvest Products, Inc. (0001331612) in 2009.
2026-03-04 11:16:01 [INF] CIK 0001331612 | Skipping filing due to missing required data (CCM/CRSP/BTM).
2026-03-04 11:16:01 [INF] CIK 0001333513 | Filing 688/9706 for Year 2009 | Starting
2026-03-04 11:16:01 [INF] CIK 0001333513 | Downloading filing HTML (cached if available)
2026-03-04 11:16:01 [INF] CIK 0001333513 | Reading HTML from C:\git\Edgar\Edgar\Data\raw\2009\0001333513\000095012309003327\0000950123-09-003327.txt
2026-03-04 11:16:01 [INF] CIK 0001333513 | Cleaning + extracting sections
2026-03-04 11:16:01 [INF] CIK 0001333513 | Filing 688/9706 for Year 2009 | Finished
2026-03-04 11:16:01 [INF] CIK 0001336047 | Filing 689/9706 for Year 2009 | Starting
2026-03-04 11:16:01 [INF] CIK 0001336047 | Downloading filing HTML (cached if available)
2026-03-04 11:16:01 [INF] CIK 0001336047 | Reading HTML from C:\git\Edgar\Edgar\Data\raw\2009\0001336047\000133604709000011\0001336047-09-000011.txt
2026-03-04 11:16:02 [INF] CIK 0001336047 | Cleaning + extracting sections
2026-03-04 11:16:02 [INF] CIK 0001336047 | Filing 689/9706 for Year 2009 | Finished
2026-03-04 11:16:02 [INF] CIK 0001357787 | Filing 690/9706 for Year 2009 | Starting
2026-03-04 11:16:02 [INF] CIK 0001357787 | Missing permno mapping in CCM for Company Flag Intermediate Holdings CORP (0001357787).
2026-03-04 11:16:02 [INF] CIK 0001357787 | Missing Book-to-Market data for Company Flag Intermediate Holdings CORP (0001357787) in 2009.
2026-03-04 11:16:02 [INF] CIK 0001357787 | Skipping filing due to missing required data (CCM/CRSP/BTM).
2026-03-04 11:16:02 [INF] CIK 0001362491 | Filing 691/9706 for Year 2009 | Starting
2026-03-04 11:16:02 [INF] CIK 0001362491 | Missing CRSP trading days for Company Metals USA Holdings Corp. (0001362491) in 2009.
2026-03-04 11:16:02 [INF] CIK 0001362491 | Missing Book-to-Market data for Company Metals USA Holdings Corp. (0001362491) in 2009.
2026-03-04 11:16:02 [INF] CIK 0001362491 | Skipping filing due to missing required data (CCM/CRSP/BTM).
2026-03-04 11:16:02 [INF] CIK 0001367305 | Filing 692/9706 for Year 2009 | Starting
2026-03-04 11:16:02 [INF] CIK 0001367305 | Missing permno mapping in CCM for Company DB Multi-Sector Commodity Master Trust (0001367305).
2026-03-04 11:16:02 [INF] CIK 0001367305 | Missing Book-to-Market data for Company DB Multi-Sector Commodity Master Trust (0001367305) in 2009.
2026-03-04 11:16:02 [INF] CIK 0001367305 | Skipping filing due to missing required data (CCM/CRSP/BTM).
2026-03-04 11:16:02 [INF] CIK 0001367306 | Filing 693/9706 for Year 2009 | Starting
2026-03-04 11:16:02 [INF] CIK 0001367306 | Missing permno mapping in CCM for Company PowerShares DB Multi-Sector Commodity Trust (0001367306).
2026-03-04 11:16:02 [INF] CIK 0001367306 | Missing Book-to-Market data for Company PowerShares DB Multi-Sector Commodity Trust (0001367306) in 2009.
2026-03-04 11:16:02 [INF] CIK 0001367306 | Skipping filing due to missing required data (CCM/CRSP/BTM).
2026-03-04 11:16:02 [INF] CIK 0001383081 | Filing 694/9706 for Year 2009 | Starting
2026-03-04 11:16:02 [INF] CIK 0001383081 | Missing permno mapping in CCM for Company DB AGRICULTURE MASTER FUND (0001383081).
2026-03-04 11:16:02 [INF] CIK 0001383081 | Missing Book-to-Market data for Company DB AGRICULTURE MASTER FUND (0001383081) in 2009.
2026-03-04 11:16:02 [INF] CIK 0001383081 | Skipping filing due to missing required data (CCM/CRSP/BTM).
2026-03-04 11:16:02 [INF] CIK 0001383082 | Filing 695/9706 for Year 2009 | Starting
2026-03-04 11:16:02 [INF] CIK 0001383082 | Missing permno mapping in CCM for Company POWERSHARES DB AGRICULTURE FUND (0001383082).
2026-03-04 11:16:02 [INF] CIK 0001383082 | Missing Book-to-Market data for Company POWERSHARES DB AGRICULTURE FUND (0001383082) in 2009.
2026-03-04 11:16:02 [INF] CIK 0001383082 | Skipping filing due to missing required data (CCM/CRSP/BTM).
2026-03-04 11:16:02 [INF] CIK 0001390844 | Filing 696/9706 for Year 2009 | Starting
2026-03-04 11:16:02 [INF] CIK 0001390844 | Downloading filing HTML (cached if available)
2026-03-04 11:16:02 [INF] CIK 0001390844 | Reading HTML from C:\git\Edgar\Edgar\Data\raw\2009\0001390844\000119312509036262\0001193125-09-036262.txt
2026-03-04 11:16:02 [INF] CIK 0001390844 | Cleaning + extracting sections
2026-03-04 11:16:02 [INF] CIK 0001390844 | Filing 696/9706 for Year 2009 | Finished
2026-03-04 11:16:02 [INF] CIK 0001391390 | Filing 697/9706 for Year 2009 | Starting
2026-03-04 11:16:02 [INF] CIK 0001391390 | Downloading filing HTML (cached if available)
2026-03-04 11:16:03 [INF] CIK 0001391390 | Reading HTML from C:\git\Edgar\Edgar\Data\raw\2009\0001391390\000104746909001747\0001047469-09-001747.txt
2026-03-04 11:16:03 [INF] CIK 0001391390 | Cleaning + extracting sections
2026-03-04 11:16:03 [INF] CIK 0001391390 | Filing 697/9706 for Year 2009 | Finished
2026-03-04 11:16:03 [INF] CIK 0001419581 | Filing 698/9706 for Year 2009 | Starting
2026-03-04 11:16:03 [INF] CIK 0001419581 | Downloading filing HTML (cached if available)
2026-03-04 11:16:03 [INF] CIK 0001419581 | Reading HTML from C:\git\Edgar\Edgar\Data\raw\2009\0001419581\000119312509036336\0001193125-09-036336.txt
2026-03-04 11:16:03 [INF] CIK 0001419581 | Cleaning + extracting sections
2026-03-04 11:16:03 [INF] CIK 0001419581 | Filing 698/9706 for Year 2009 | Finished
2026-03-04 11:16:03 [INF] CIK 0001421378 | Filing 699/9706 for Year 2009 | Starting
2026-03-04 11:16:03 [INF] CIK 0001421378 | Missing permno mapping in CCM for Company TRANSIT MANAGEMENT HOLDING CORP (0001421378).
2026-03-04 11:16:03 [INF] CIK 0001421378 | Missing Book-to-Market data for Company TRANSIT MANAGEMENT HOLDING CORP (0001421378) in 2009.
2026-03-04 11:16:03 [INF] CIK 0001421378 | Skipping filing due to missing required data (CCM/CRSP/BTM).
2026-03-04 11:16:03 [INF] CIK 0001422059 | Filing 700/9706 for Year 2009 | Starting
2026-03-04 11:16:03 [INF] CIK 0001422059 | Missing permno mapping in CCM for Company Lans Holdings, Inc. (0001422059).
2026-03-04 11:16:03 [INF] CIK 0001422059 | Missing Book-to-Market data for Company Lans Holdings, Inc. (0001422059) in 2009.
2026-03-04 11:16:03 [INF] CIK 0001422059 | Skipping filing due to missing required data (CCM/CRSP/BTM).
2026-03-04 11:16:03 [INF] CIK 0000014930 | Filing 701/9706 for Year 2009 | Starting
2026-03-04 11:16:03 [INF] CIK 0000014930 | Downloading filing HTML (cached if available)
2026-03-04 11:16:04 [INF] CIK 0000014930 | Reading HTML from C:\git\Edgar\Edgar\Data\raw\2009\0000014930\000001493009000051\0000014930-09-000051.txt
2026-03-04 11:16:04 [INF] CIK 0000014930 | Cleaning + extracting sections
2026-03-04 11:16:04 [INF] CIK 0000014930 | Filing 701/9706 for Year 2009 | Finished
2026-03-04 11:16:04 [INF] CIK 0000018937 | Filing 702/9706 for Year 2009 | Starting
2026-03-04 11:16:04 [INF] CIK 0000018937 | Downloading filing HTML (cached if available)
2026-03-04 11:16:05 [INF] CIK 0000018937 | Reading HTML from C:\git\Edgar\Edgar\Data\raw\2009\0000018937\000095013409003555\0000950134-09-003555.txt
2026-03-04 11:16:05 [INF] CIK 0000018937 | Cleaning + extracting sections
2026-03-04 11:16:05 [INF] CIK 0000018937 | Filing 702/9706 for Year 2009 | Finished
2026-03-04 11:16:05 [INF] CIK 0000021175 | Filing 703/9706 for Year 2009 | Starting
2026-03-04 11:16:05 [INF] CIK 0000021175 | Downloading filing HTML (cached if available)
2026-03-04 11:16:05 [INF] CIK 0000021175 | Reading HTML from C:\git\Edgar\Edgar\Data\raw\2009\0000021175\000095013709001250\0000950137-09-001250.txt
2026-03-04 11:16:06 [INF] CIK 0000021175 | Cleaning + extracting sections
2026-03-04 11:16:06 [INF] CIK 0000021175 | Filing 703/9706 for Year 2009 | Finished
2026-03-04 11:16:06 [INF] CIK 0000024741 | Filing 704/9706 for Year 2009 | Starting
2026-03-04 11:16:06 [INF] CIK 0000024741 | Downloading filing HTML (cached if available)
2026-03-04 11:16:06 [INF] CIK 0000024741 | Reading HTML from C:\git\Edgar\Edgar\Data\raw\2009\0000024741\000119312509035649\0001193125-09-035649.txt
2026-03-04 11:16:06 [INF] CIK 0000024741 | Cleaning + extracting sections
2026-03-04 11:16:07 [INF] CIK 0000024741 | Filing 704/9706 for Year 2009 | Finished
2026-03-04 11:16:07 [INF] CIK 0000002488 | Filing 705/9706 for Year 2009 | Starting
2026-03-04 11:16:07 [INF] CIK 0000002488 | Downloading filing HTML (cached if available)
2026-03-04 11:16:07 [INF] CIK 0000002488 | Reading HTML from C:\git\Edgar\Edgar\Data\raw\2009\0000002488\000119312509036235\0001193125-09-036235.txt
2026-03-04 11:16:07 [INF] CIK 0000002488 | Cleaning + extracting sections
2026-03-04 11:16:07 [INF] CIK 0000002488 | Filing 705/9706 for Year 2009 | Finished
2026-03-04 11:16:07 [INF] CIK 0000028412 | Filing 706/9706 for Year 2009 | Starting
2026-03-04 11:16:07 [INF] CIK 0000028412 | Downloading filing HTML (cached if available)
2026-03-04 11:16:08 [INF] CIK 0000028412 | Reading HTML from C:\git\Edgar\Edgar\Data\raw\2009\0000028412\000104746909001746\0001047469-09-001746.txt
2026-03-04 11:16:08 [INF] CIK 0000028412 | Cleaning + extracting sections
2026-03-04 11:16:08 [INF] CIK 0000028412 | Filing 706/9706 for Year 2009 | Finished
2026-03-04 11:16:08 [INF] CIK 0000313927 | Filing 707/9706 for Year 2009 | Starting
2026-03-04 11:16:08 [INF] CIK 0000313927 | Downloading filing HTML (cached if available)
2026-03-04 11:16:09 [INF] CIK 0000313927 | Reading HTML from C:\git\Edgar\Edgar\Data\raw\2009\0000313927\000119312509036152\0001193125-09-036152.txt
2026-03-04 11:16:09 [INF] CIK 0000313927 | Cleaning + extracting sections
2026-03-04 11:16:09 [INF] CIK 0000313927 | Filing 707/9706 for Year 2009 | Finished
2026-03-04 11:16:09 [INF] CIK 0000355811 | Filing 708/9706 for Year 2009 | Starting
2026-03-04 11:16:09 [INF] CIK 0000355811 | Downloading filing HTML (cached if available)
2026-03-04 11:16:09 [INF] CIK 0000355811 | Reading HTML from C:\git\Edgar\Edgar\Data\raw\2009\0000355811\000136231009002680\0001362310-09-002680.txt
2026-03-04 11:16:09 [INF] CIK 0000355811 | Cleaning + extracting sections
2026-03-04 11:16:09 [INF] CIK 0000355811 | Filing 708/9706 for Year 2009 | Finished
2026-03-04 11:16:09 [INF] CIK 0000036029 | Filing 709/9706 for Year 2009 | Starting
2026-03-04 11:16:09 [INF] CIK 0000036029 | Downloading filing HTML (cached if available)
2026-03-04 11:16:10 [INF] CIK 0000036029 | Reading HTML from C:\git\Edgar\Edgar\Data\raw\2009\0000036029\000095013309000429\0000950133-09-000429.txt
2026-03-04 11:16:10 [INF] CIK 0000036029 | Cleaning + extracting sections
2026-03-04 11:16:10 [INF] CIK 0000036029 | Filing 709/9706 for Year 2009 | Finished
2026-03-04 11:16:10 [INF] CIK 0000045876 | Filing 710/9706 for Year 2009 | Starting
2026-03-04 11:16:10 [INF] CIK 0000045876 | Downloading filing HTML (cached if available)
2026-03-04 11:16:16 [INF] CIK 0000045876 | Reading HTML from C:\git\Edgar\Edgar\Data\raw\2009\0000045876\000107261309000388\0001072613-09-000388.txt
2026-03-04 11:16:16 [INF] CIK 0000045876 | Cleaning + extracting sections
2026-03-04 11:16:16 [INF] CIK 0000045876 | Filing 710/9706 for Year 2009 | Finished
2026-03-04 11:16:16 [INF] CIK 0000049196 | Filing 711/9706 for Year 2009 | Starting
2026-03-04 11:16:16 [INF] CIK 0000049196 | Downloading filing HTML (cached if available)
2026-03-04 11:16:17 [INF] CIK 0000049196 | Reading HTML from C:\git\Edgar\Edgar\Data\raw\2009\0000049196\000095015209001672\0000950152-09-001672.txt
2026-03-04 11:16:17 [INF] CIK 0000049196 | Cleaning + extracting sections
2026-03-04 11:16:17 [INF] CIK 0000049196 | Filing 711/9706 for Year 2009 | Finished
2026-03-04 11:16:17 [INF] CIK 0000051143 | Filing 712/9706 for Year 2009 | Starting
2026-03-04 11:16:17 [INF] CIK 0000051143 | Downloading filing HTML (cached if available)
2026-03-04 11:16:17 [INF] CIK 0000051143 | Reading HTML from C:\git\Edgar\Edgar\Data\raw\2009\0000051143\000104746909001737\0001047469-09-001737.txt
2026-03-04 11:16:18 [INF] CIK 0000051143 | Cleaning + extracting sections
2026-03-04 11:16:18 [INF] CIK 0000051143 | Filing 712/9706 for Year 2009 | Finished
2026-03-04 11:16:18 [INF] CIK 0000055067 | Filing 713/9706 for Year 2009 | Starting
2026-03-04 11:16:18 [INF] CIK 0000055067 | Downloading filing HTML (cached if available)
2026-03-04 11:16:18 [INF] CIK 0000055067 | Reading HTML from C:\git\Edgar\Edgar\Data\raw\2009\0000055067\000095015209001670\0000950152-09-001670.txt
2026-03-04 11:16:18 [INF] CIK 0000055067 | Cleaning + extracting sections
2026-03-04 11:16:18 [INF] CIK 0000055067 | Filing 713/9706 for Year 2009 | Finished
2026-03-04 11:16:18 [INF] CIK 0000005513 | Filing 714/9706 for Year 2009 | Starting
2026-03-04 11:16:18 [INF] CIK 0000005513 | Downloading filing HTML (cached if available)
2026-03-04 11:16:19 [INF] CIK 0000005513 | Reading HTML from C:\git\Edgar\Edgar\Data\raw\2009\0000005513\000119312509036287\0001193125-09-036287.txt
2026-03-04 11:16:19 [INF] CIK 0000005513 | Cleaning + extracting sections
2026-03-04 11:16:19 [INF] CIK 0000005513 | Filing 714/9706 for Year 2009 | Finished
2026-03-04 11:16:19 [INF] CIK 0000057528 | Filing 715/9706 for Year 2009 | Starting
2026-03-04 11:16:19 [INF] CIK 0000057528 | Downloading filing HTML (cached if available)
2026-03-04 11:16:20 [INF] CIK 0000057528 | Reading HTML from C:\git\Edgar\Edgar\Data\raw\2009\0000057528\000095014409001542\0000950144-09-001542.txt
2026-03-04 11:16:20 [INF] CIK 0000057528 | Cleaning + extracting sections
2026-03-04 11:16:20 [INF] CIK 0000057528 | Filing 715/9706 for Year 2009 | Finished
2026-03-04 11:16:20 [INF] CIK 0000059527 | Filing 716/9706 for Year 2009 | Starting
2026-03-04 11:16:20 [INF] CIK 0000059527 | Downloading filing HTML (cached if available)
2026-03-04 11:16:20 [INF] CIK 0000059527 | Reading HTML from C:\git\Edgar\Edgar\Data\raw\2009\0000059527\000095015209001706\0000950152-09-001706.txt
2026-03-04 11:16:20 [INF] CIK 0000059527 | Cleaning + extracting sections
2026-03-04 11:16:20 [INF] CIK 0000059527 | Filing 716/9706 for Year 2009 | Finished
2026-03-04 11:16:20 [INF] CIK 0000065100 | Filing 717/9706 for Year 2009 | Starting
2026-03-04 11:16:20 [INF] CIK 0000065100 | Missing permno mapping in CCM for Company MERRILL LYNCH & CO., INC. (0000065100).
2026-03-04 11:16:20 [INF] CIK 0000065100 | Missing Book-to-Market data for Company MERRILL LYNCH & CO., INC. (0000065100) in 2009.
2026-03-04 11:16:20 [INF] CIK 0000065100 | Skipping filing due to missing required data (CCM/CRSP/BTM).
2026-03-04 11:16:20 [INF] CIK 0000070318 | Filing 718/9706 for Year 2009 | Starting
2026-03-04 11:16:20 [INF] CIK 0000070318 | Downloading filing HTML (cached if available)
2026-03-04 11:16:21 [INF] CIK 0000070318 | Reading HTML from C:\git\Edgar\Edgar\Data\raw\2009\0000070318\000119312509035651\0001193125-09-035651.txt
2026-03-04 11:16:21 [INF] CIK 0000070318 | Cleaning + extracting sections
2026-03-04 11:16:21 [INF] CIK 0000070318 | Filing 718/9706 for Year 2009 | Finished
2026-03-04 11:16:21 [INF] CIK 0000717059 | Filing 719/9706 for Year 2009 | Starting
2026-03-04 11:16:21 [INF] CIK 0000717059 | Downloading filing HTML (cached if available)
2026-03-04 11:16:21 [INF] CIK 0000717059 | Reading HTML from C:\git\Edgar\Edgar\Data\raw\2009\0000717059\000120677409000313\0001206774-09-000313.txt
2026-03-04 11:16:21 [INF] CIK 0000717059 | Cleaning + extracting sections
2026-03-04 11:16:22 [INF] CIK 0000717059 | Filing 719/9706 for Year 2009 | Finished
2026-03-04 11:16:22 [INF] CIK 0000732712 | Filing 720/9706 for Year 2009 | Starting
2026-03-04 11:16:22 [INF] CIK 0000732712 | Downloading filing HTML (cached if available)
2026-03-04 11:16:22 [INF] CIK 0000732712 | Reading HTML from C:\git\Edgar\Edgar\Data\raw\2009\0000732712\000119312509036349\0001193125-09-036349.txt
2026-03-04 11:16:22 [INF] CIK 0000732712 | Cleaning + extracting sections
2026-03-04 11:16:22 [INF] CIK 0000732712 | Filing 720/9706 for Year 2009 | Finished
2026-03-04 11:16:22 [INF] CIK 0000745308 | Filing 721/9706 for Year 2009 | Starting
2026-03-04 11:16:22 [INF] CIK 0000745308 | Downloading filing HTML (cached if available)
2026-03-04 11:16:23 [INF] CIK 0000745308 | Reading HTML from C:\git\Edgar\Edgar\Data\raw\2009\0000745308\000095013509001116\0000950135-09-001116.txt
2026-03-04 11:16:23 [INF] CIK 0000745308 | Cleaning + extracting sections
2026-03-04 11:16:23 [INF] CIK 0000745308 | Filing 721/9706 for Year 2009 | Finished
2026-03-04 11:16:23 [INF] CIK 0000075488 | Filing 722/9706 for Year 2009 | Starting
2026-03-04 11:16:23 [INF] CIK 0000075488 | Missing permno mapping in CCM for Company PACIFIC GAS & ELECTRIC CO (0000075488).
2026-03-04 11:16:23 [INF] CIK 0000075488 | Missing Book-to-Market data for Company PACIFIC GAS & ELECTRIC CO (0000075488) in 2009.
2026-03-04 11:16:23 [INF] CIK 0000075488 | Skipping filing due to missing required data (CCM/CRSP/BTM).
2026-03-04 11:16:23 [INF] CIK 0000075527 | Filing 723/9706 for Year 2009 | Starting
2026-03-04 11:16:23 [INF] CIK 0000075527 | Missing permno mapping in CCM for Company PACIFIC ENTERPRISES INC (0000075527).
2026-03-04 11:16:23 [INF] CIK 0000075527 | Missing Book-to-Market data for Company PACIFIC ENTERPRISES INC (0000075527) in 2009.
2026-03-04 11:16:23 [INF] CIK 0000075527 | Skipping filing due to missing required data (CCM/CRSP/BTM).
2026-03-04 11:16:23 [INF] CIK 0000077360 | Filing 724/9706 for Year 2009 | Starting
2026-03-04 11:16:23 [INF] CIK 0000077360 | Downloading filing HTML (cached if available)
2026-03-04 11:16:23 [INF] CIK 0000077360 | Reading HTML from C:\git\Edgar\Edgar\Data\raw\2009\0000077360\000095013709001270\0000950137-09-001270.txt
2026-03-04 11:16:23 [INF] CIK 0000077360 | Cleaning + extracting sections
2026-03-04 11:16:23 [INF] CIK 0000077360 | Filing 724/9706 for Year 2009 | Finished
2026-03-04 11:16:23 [INF] CIK 0000777491 | Filing 725/9706 for Year 2009 | Starting
2026-03-04 11:16:23 [INF] CIK 0000777491 | Missing permno mapping in CCM for Company CH2M HILL COMPANIES LTD (0000777491).
2026-03-04 11:16:23 [INF] CIK 0000777491 | Missing Book-to-Market data for Company CH2M HILL COMPANIES LTD (0000777491) in 2009.
2026-03-04 11:16:23 [INF] CIK 0000777491 | Skipping filing due to missing required data (CCM/CRSP/BTM).
2026-03-04 11:16:23 [INF] CIK 0000785161 | Filing 726/9706 for Year 2009 | Starting
2026-03-04 11:16:23 [INF] CIK 0000785161 | Downloading filing HTML (cached if available)
2026-03-04 11:16:24 [INF] CIK 0000785161 | Reading HTML from C:\git\Edgar\Edgar\Data\raw\2009\0000785161\000144264309000012\0001442643-09-000012.txt
2026-03-04 11:16:24 [INF] CIK 0000785161 | Cleaning + extracting sections
2026-03-04 11:16:24 [INF] CIK 0000785161 | Filing 726/9706 for Year 2009 | Finished
2026-03-04 11:16:24 [INF] CIK 0000793547 | Filing 727/9706 for Year 2009 | Starting
2026-03-04 11:16:24 [INF] CIK 0000793547 | Downloading filing HTML (cached if available)
2026-03-04 11:16:24 [INF] CIK 0000793547 | Reading HTML from C:\git\Edgar\Edgar\Data\raw\2009\0000793547\000136231009002686\0001362310-09-002686.txt
2026-03-04 11:16:24 [INF] CIK 0000793547 | Cleaning + extracting sections
2026-03-04 11:16:25 [INF] CIK 0000793547 | Filing 727/9706 for Year 2009 | Finished
2026-03-04 11:16:25 [INF] CIK 0000797468 | Filing 728/9706 for Year 2009 | Starting
2026-03-04 11:16:25 [INF] CIK 0000797468 | Downloading filing HTML (cached if available)
2026-03-04 11:16:25 [INF] CIK 0000797468 | Reading HTML from C:\git\Edgar\Edgar\Data\raw\2009\0000797468\000079746809000015\0000797468-09-000015.txt
2026-03-04 11:16:25 [INF] CIK 0000797468 | Cleaning + extracting sections
2026-03-04 11:16:25 [INF] CIK 0000797468 | Filing 728/9706 for Year 2009 | Finished
2026-03-04 11:16:25 [INF] CIK 0000798949 | Filing 729/9706 for Year 2009 | Starting
2026-03-04 11:16:25 [INF] CIK 0000798949 | Downloading filing HTML (cached if available)
2026-03-04 11:16:25 [INF] CIK 0000798949 | Reading HTML from C:\git\Edgar\Edgar\Data\raw\2009\0000798949\000119312509036064\0001193125-09-036064.txt
2026-03-04 11:16:25 [INF] CIK 0000798949 | Cleaning + extracting sections
2026-03-04 11:16:26 [INF] CIK 0000798949 | Filing 729/9706 for Year 2009 | Finished
2026-03-04 11:16:26 [INF] CIK 0000799233 | Filing 730/9706 for Year 2009 | Starting
2026-03-04 11:16:26 [INF] CIK 0000799233 | Downloading filing HTML (cached if available)
2026-03-04 11:16:26 [INF] CIK 0000799233 | Reading HTML from C:\git\Edgar\Edgar\Data\raw\2009\0000799233\000079923309000012\0000799233-09-000012.txt
2026-03-04 11:16:26 [INF] CIK 0000799233 | Cleaning + extracting sections
2026-03-04 11:16:26 [INF] CIK 0000799233 | Filing 730/9706 for Year 2009 | Finished
2026-03-04 11:16:26 [INF] CIK 0000800240 | Filing 731/9706 for Year 2009 | Starting
2026-03-04 11:16:26 [INF] CIK 0000800240 | Downloading filing HTML (cached if available)
2026-03-04 11:16:26 [INF] CIK 0000800240 | Reading HTML from C:\git\Edgar\Edgar\Data\raw\2009\0000800240\000095014409001556\0000950144-09-001556.txt
2026-03-04 11:16:26 [INF] CIK 0000800240 | Cleaning + extracting sections
2026-03-04 11:16:26 [INF] CIK 0000800240 | Filing 731/9706 for Year 2009 | Finished
2026-03-04 11:16:26 [INF] CIK 0000816956 | Filing 732/9706 for Year 2009 | Starting
2026-03-04 11:16:26 [INF] CIK 0000816956 | Downloading filing HTML (cached if available)
2026-03-04 11:16:27 [INF] CIK 0000816956 | Reading HTML from C:\git\Edgar\Edgar\Data\raw\2009\0000816956\000091431709000511\0000914317-09-000511.txt
2026-03-04 11:16:27 [INF] CIK 0000816956 | Cleaning + extracting sections
2026-03-04 11:16:27 [INF] CIK 0000816956 | Filing 732/9706 for Year 2009 | Finished
2026-03-04 11:16:27 [INF] CIK 0000833795 | Filing 733/9706 for Year 2009 | Starting
2026-03-04 11:16:27 [INF] CIK 0000833795 | Missing permno mapping in CCM for Company HOMEFED CORP (0000833795).
2026-03-04 11:16:27 [INF] CIK 0000833795 | Missing Book-to-Market data for Company HOMEFED CORP (0000833795) in 2009.
2026-03-04 11:16:27 [INF] CIK 0000833795 | Skipping filing due to missing required data (CCM/CRSP/BTM).
2026-03-04 11:16:27 [INF] CIK 0000086521 | Filing 734/9706 for Year 2009 | Starting
2026-03-04 11:16:27 [INF] CIK 0000086521 | Missing permno mapping in CCM for Company SAN DIEGO GAS & ELECTRIC CO (0000086521).
2026-03-04 11:16:27 [INF] CIK 0000086521 | Missing Book-to-Market data for Company SAN DIEGO GAS & ELECTRIC CO (0000086521) in 2009.
2026-03-04 11:16:27 [INF] CIK 0000086521 | Skipping filing due to missing required data (CCM/CRSP/BTM).
2026-03-04 11:16:27 [INF] CIK 0000867665 | Filing 735/9706 for Year 2009 | Starting
2026-03-04 11:16:27 [INF] CIK 0000867665 | Downloading filing HTML (cached if available)
2026-03-04 11:16:27 [INF] CIK 0000867665 | Reading HTML from C:\git\Edgar\Edgar\Data\raw\2009\0000867665\000086766509000017\0000867665-09-000017.txt
2026-03-04 11:16:28 [INF] CIK 0000867665 | Cleaning + extracting sections
2026-03-04 11:16:28 [INF] CIK 0000867665 | Filing 735/9706 for Year 2009 | Finished
2026-03-04 11:16:28 [INF] CIK 0000877860 | Filing 736/9706 for Year 2009 | Starting
2026-03-04 11:16:28 [INF] CIK 0000877860 | Downloading filing HTML (cached if available)
2026-03-04 11:16:28 [INF] CIK 0000877860 | Reading HTML from C:\git\Edgar\Edgar\Data\raw\2009\0000877860\000087786009000002\0000877860-09-000002.txt
2026-03-04 11:16:28 [INF] CIK 0000877860 | Cleaning + extracting sections
2026-03-04 11:16:28 [INF] CIK 0000877860 | Filing 736/9706 for Year 2009 | Finished
2026-03-04 11:16:28 [INF] CIK 0000884887 | Filing 737/9706 for Year 2009 | Starting
2026-03-04 11:16:28 [INF] CIK 0000884887 | Downloading filing HTML (cached if available)
2026-03-04 11:16:29 [INF] CIK 0000884887 | Reading HTML from C:\git\Edgar\Edgar\Data\raw\2009\0000884887\000119312509035629\0001193125-09-035629.txt
2026-03-04 11:16:29 [INF] CIK 0000884887 | Cleaning + extracting sections
2026-03-04 11:16:29 [INF] CIK 0000884887 | Filing 737/9706 for Year 2009 | Finished
2026-03-04 11:16:29 [INF] CIK 0000890319 | Filing 738/9706 for Year 2009 | Starting
2026-03-04 11:16:29 [INF] CIK 0000890319 | Downloading filing HTML (cached if available)
2026-03-04 11:16:29 [INF] CIK 0000890319 | Reading HTML from C:\git\Edgar\Edgar\Data\raw\2009\0000890319\000089031909000006\0000890319-09-000006.txt
2026-03-04 11:16:29 [INF] CIK 0000890319 | Cleaning + extracting sections
2026-03-04 11:16:30 [INF] CIK 0000890319 | Filing 738/9706 for Year 2009 | Finished
2026-03-04 11:16:30 [INF] CIK 0000893538 | Filing 739/9706 for Year 2009 | Starting
2026-03-04 11:16:30 [INF] CIK 0000893538 | Downloading filing HTML (cached if available)
2026-03-04 11:16:30 [INF] CIK 0000893538 | Reading HTML from C:\git\Edgar\Edgar\Data\raw\2009\0000893538\000089353809000012\0000893538-09-000012.txt
2026-03-04 11:16:30 [INF] CIK 0000893538 | Cleaning + extracting sections
2026-03-04 11:16:30 [INF] CIK 0000893538 | Filing 739/9706 for Year 2009 | Finished
2026-03-04 11:16:30 [INF] CIK 0000089439 | Filing 740/9706 for Year 2009 | Starting
2026-03-04 11:16:30 [INF] CIK 0000089439 | Downloading filing HTML (cached if available)
2026-03-04 11:16:31 [INF] CIK 0000089439 | Reading HTML from C:\git\Edgar\Edgar\Data\raw\2009\0000089439\000008943909000004\0000089439-09-000004.txt
2026-03-04 11:16:31 [INF] CIK 0000089439 | Cleaning + extracting sections
2026-03-04 11:16:31 [INF] CIK 0000089439 | Filing 740/9706 for Year 2009 | Finished
2026-03-04 11:16:31 [INF] CIK 0000089800 | Filing 741/9706 for Year 2009 | Starting
2026-03-04 11:16:31 [INF] CIK 0000089800 | Downloading filing HTML (cached if available)
2026-03-04 11:16:32 [INF] CIK 0000089800 | Reading HTML from C:\git\Edgar\Edgar\Data\raw\2009\0000089800\000095015209001707\0000950152-09-001707.txt
2026-03-04 11:16:32 [INF] CIK 0000089800 | Cleaning + extracting sections
2026-03-04 11:16:32 [INF] CIK 0000089800 | Filing 741/9706 for Year 2009 | Finished
2026-03-04 11:16:32 [INF] CIK 0000899689 | Filing 742/9706 for Year 2009 | Starting
2026-03-04 11:16:32 [INF] CIK 0000899689 | Downloading filing HTML (cached if available)
2026-03-04 11:16:33 [INF] CIK 0000899689 | Reading HTML from C:\git\Edgar\Edgar\Data\raw\2009\0000899689\000089968909000005\0000899689-09-000005.txt
2026-03-04 11:16:33 [INF] CIK 0000899689 | Cleaning + extracting sections
2026-03-04 11:16:33 [INF] CIK 0000899689 | Filing 742/9706 for Year 2009 | Finished
2026-03-04 11:16:33 [INF] CIK 0000901491 | Filing 743/9706 for Year 2009 | Starting
2026-03-04 11:16:33 [INF] CIK 0000901491 | Downloading filing HTML (cached if available)
2026-03-04 11:16:34 [INF] CIK 0000901491 | Reading HTML from C:\git\Edgar\Edgar\Data\raw\2009\0000901491\000110465909011825\0001104659-09-011825.txt
2026-03-04 11:16:34 [INF] CIK 0000901491 | Cleaning + extracting sections
2026-03-04 11:16:34 [INF] CIK 0000901491 | Filing 743/9706 for Year 2009 | Finished
2026-03-04 11:16:34 [INF] CIK 0000912898 | Filing 744/9706 for Year 2009 | Starting
2026-03-04 11:16:34 [INF] CIK 0000912898 | Downloading filing HTML (cached if available)
2026-03-04 11:16:35 [INF] CIK 0000912898 | Reading HTML from C:\git\Edgar\Edgar\Data\raw\2009\0000912898\000143774909000189\0001437749-09-000189.txt
2026-03-04 11:16:35 [INF] CIK 0000912898 | Cleaning + extracting sections
2026-03-04 11:16:35 [INF] CIK 0000912898 | Filing 744/9706 for Year 2009 | Finished
2026-03-04 11:16:35 [INF] CIK 0000918160 | Filing 745/9706 for Year 2009 | Starting
2026-03-04 11:16:35 [INF] CIK 0000918160 | Downloading filing HTML (cached if available)
2026-03-04 11:16:36 [INF] CIK 0000918160 | Reading HTML from C:\git\Edgar\Edgar\Data\raw\2009\0000918160\000091816009000013\0000918160-09-000013.txt
2026-03-04 11:16:36 [INF] CIK 0000918160 | Cleaning + extracting sections
2026-03-04 11:16:36 [INF] CIK 0000918160 | Filing 745/9706 for Year 2009 | Finished
2026-03-04 11:16:36 [INF] CIK 0000092108 | Filing 746/9706 for Year 2009 | Starting
2026-03-04 11:16:36 [INF] CIK 0000092108 | Missing permno mapping in CCM for Company SOUTHERN CALIFORNIA GAS CO (0000092108).
2026-03-04 11:16:36 [INF] CIK 0000092108 | Missing Book-to-Market data for Company SOUTHERN CALIFORNIA GAS CO (0000092108) in 2009.
2026-03-04 11:16:36 [INF] CIK 0000092108 | Skipping filing due to missing required data (CCM/CRSP/BTM).
2026-03-04 11:16:36 [INF] CIK 0000926326 | Filing 747/9706 for Year 2009 | Starting
2026-03-04 11:16:36 [INF] CIK 0000926326 | Downloading filing HTML (cached if available)
2026-03-04 11:16:36 [INF] CIK 0000926326 | Reading HTML from C:\git\Edgar\Edgar\Data\raw\2009\0000926326\000104746909001702\0001047469-09-001702.txt
2026-03-04 11:16:36 [INF] CIK 0000926326 | Cleaning + extracting sections
2026-03-04 11:16:36 [INF] CIK 0000926326 | Filing 747/9706 for Year 2009 | Finished
2026-03-04 11:16:36 [INF] CIK 0000931336 | Filing 748/9706 for Year 2009 | Starting
2026-03-04 11:16:36 [INF] CIK 0000931336 | Downloading filing HTML (cached if available)
2026-03-04 11:16:37 [INF] CIK 0000931336 | Reading HTML from C:\git\Edgar\Edgar\Data\raw\2009\0000931336\000119312509036330\0001193125-09-036330.txt
2026-03-04 11:16:37 [INF] CIK 0000931336 | Cleaning + extracting sections
2026-03-04 11:16:37 [INF] CIK 0000931336 | Filing 748/9706 for Year 2009 | Finished
2026-03-04 11:16:37 [INF] CIK 0000949039 | Filing 749/9706 for Year 2009 | Starting
2026-03-04 11:16:37 [INF] CIK 0000949039 | Downloading filing HTML (cached if available)
2026-03-04 11:16:37 [INF] CIK 0000949039 | Reading HTML from C:\git\Edgar\Edgar\Data\raw\2009\0000949039\000095012909000536\0000950129-09-000536.txt
2026-03-04 11:16:37 [INF] CIK 0000949039 | Cleaning + extracting sections
2026-03-04 11:16:38 [INF] CIK 0000949039 | Filing 749/9706 for Year 2009 | Finished
2026-03-04 11:16:38 [INF] CIK 0000095029 | Filing 750/9706 for Year 2009 | Starting
2026-03-04 11:16:38 [INF] CIK 0000095029 | Downloading filing HTML (cached if available)
2026-03-04 11:16:38 [INF] CIK 0000095029 | Reading HTML from C:\git\Edgar\Edgar\Data\raw\2009\0000095029\000119380509000482\0001193805-09-000482.txt
2026-03-04 11:16:38 [INF] CIK 0000095029 | Cleaning + extracting sections
2026-03-04 11:16:38 [INF] CIK 0000095029 | Filing 750/9706 for Year 2009 | Finished
2026-03-04 11:16:38 [INF] CIK 0000096289 | Filing 751/9706 for Year 2009 | Starting
2026-03-04 11:16:38 [INF] CIK 0000096289 | Downloading filing HTML (cached if available)
2026-03-04 11:16:38 [INF] CIK 0000096289 | Reading HTML from C:\git\Edgar\Edgar\Data\raw\2009\0000096289\000009628909000004\0000096289-09-000004.txt
2026-03-04 11:16:39 [INF] CIK 0000096289 | Cleaning + extracting sections
2026-03-04 11:16:39 [INF] CIK 0000096289 | Filing 751/9706 for Year 2009 | Finished
2026-03-04 11:16:39 [INF] CIK 0000096763 | Filing 752/9706 for Year 2009 | Starting
2026-03-04 11:16:39 [INF] CIK 0000096763 | Downloading filing HTML (cached if available)
2026-03-04 11:16:39 [INF] CIK 0000096763 | Reading HTML from C:\git\Edgar\Edgar\Data\raw\2009\0000096763\000116923209001142\0001169232-09-001142.txt
2026-03-04 11:16:39 [INF] CIK 0000096763 | Cleaning + extracting sections
2026-03-04 11:16:39 [INF] CIK 0000096763 | Filing 752/9706 for Year 2009 | Finished
2026-03-04 11:16:39 [INF] CIK 0000097476 | Filing 753/9706 for Year 2009 | Starting
2026-03-04 11:16:39 [INF] CIK 0000097476 | Downloading filing HTML (cached if available)
2026-03-04 11:16:40 [INF] CIK 0000097476 | Reading HTML from C:\git\Edgar\Edgar\Data\raw\2009\0000097476\000120677409000314\0001206774-09-000314.txt
2026-03-04 11:16:40 [INF] CIK 0000097476 | Cleaning + extracting sections
2026-03-04 11:16:40 [INF] CIK 0000097476 | Filing 753/9706 for Year 2009 | Finished
2026-03-04 11:16:40 [INF] CIK 0000009984 | Filing 754/9706 for Year 2009 | Starting
2026-03-04 11:16:40 [INF] CIK 0000009984 | Downloading filing HTML (cached if available)
2026-03-04 11:16:40 [INF] CIK 0000009984 | Reading HTML from C:\git\Edgar\Edgar\Data\raw\2009\0000009984\000119312509035973\0001193125-09-035973.txt
2026-03-04 11:16:40 [INF] CIK 0000009984 | Cleaning + extracting sections
2026-03-04 11:16:40 [INF] CIK 0000009984 | Filing 754/9706 for Year 2009 | Finished
2026-03-04 11:16:40 [INF] CIK 0001000180 | Filing 755/9706 for Year 2009 | Starting
2026-03-04 11:16:40 [INF] CIK 0001000180 | Downloading filing HTML (cached if available)
2026-03-04 11:16:41 [INF] CIK 0001000180 | Reading HTML from C:\git\Edgar\Edgar\Data\raw\2009\0001000180\000100018009000011\0001000180-09-000011.txt
2026-03-04 11:16:41 [INF] CIK 0001000180 | Cleaning + extracting sections
2026-03-04 11:16:41 [INF] CIK 0001000180 | Filing 755/9706 for Year 2009 | Finished
2026-03-04 11:16:41 [INF] CIK 0001008654 | Filing 756/9706 for Year 2009 | Starting
2026-03-04 11:16:41 [INF] CIK 0001008654 | Downloading filing HTML (cached if available)
2026-03-04 11:16:42 [INF] CIK 0001008654 | Reading HTML from C:\git\Edgar\Edgar\Data\raw\2009\0001008654\000119312509036814\0001193125-09-036814.txt
2026-03-04 11:16:42 [INF] CIK 0001008654 | Cleaning + extracting sections
2026-03-04 11:16:42 [INF] CIK 0001008654 | Filing 756/9706 for Year 2009 | Finished
2026-03-04 11:16:42 [INF] CIK 0001012140 | Filing 757/9706 for Year 2009 | Starting
2026-03-04 11:16:42 [INF] CIK 0001012140 | Downloading filing HTML (cached if available)
2026-03-04 11:16:42 [INF] CIK 0001012140 | Reading HTML from C:\git\Edgar\Edgar\Data\raw\2009\0001012140\000095013409003728\0000950134-09-003728.txt
2026-03-04 11:16:42 [INF] CIK 0001012140 | Cleaning + extracting sections
2026-03-04 11:16:42 [INF] CIK 0001012140 | Filing 757/9706 for Year 2009 | Finished
2026-03-04 11:16:42 [INF] CIK 0001019737 | Filing 758/9706 for Year 2009 | Starting
2026-03-04 11:16:42 [INF] CIK 0001019737 | Downloading filing HTML (cached if available)
2026-03-04 11:16:43 [INF] CIK 0001019737 | Reading HTML from C:\git\Edgar\Edgar\Data\raw\2009\0001019737\000095013709001276\0000950137-09-001276.txt
2026-03-04 11:16:43 [INF] CIK 0001019737 | Cleaning + extracting sections
2026-03-04 11:16:43 [INF] CIK 0001019737 | Filing 758/9706 for Year 2009 | Finished
2026-03-04 11:16:43 [INF] CIK 0001027884 | Filing 759/9706 for Year 2009 | Starting
2026-03-04 11:16:43 [INF] CIK 0001027884 | Downloading filing HTML (cached if available)
2026-03-04 11:16:43 [INF] CIK 0001027884 | Reading HTML from C:\git\Edgar\Edgar\Data\raw\2009\0001027884\000095013409003623\0000950134-09-003623.txt
2026-03-04 11:16:43 [INF] CIK 0001027884 | Cleaning + extracting sections
2026-03-04 11:16:43 [INF] CIK 0001027884 | Filing 759/9706 for Year 2009 | Finished
2026-03-04 11:16:43 [INF] CIK 0001031203 | Filing 760/9706 for Year 2009 | Starting
2026-03-04 11:16:43 [INF] CIK 0001031203 | Downloading filing HTML (cached if available)
2026-03-04 11:16:43 [INF] CIK 0001031203 | Reading HTML from C:\git\Edgar\Edgar\Data\raw\2009\0001031203\000095012909000557\0000950129-09-000557.txt
2026-03-04 11:16:43 [INF] CIK 0001031203 | Cleaning + extracting sections
2026-03-04 11:16:43 [INF] CIK 0001031203 | Filing 760/9706 for Year 2009 | Finished
2026-03-04 11:16:43 [INF] CIK 0001031296 | Filing 761/9706 for Year 2009 | Starting
2026-03-04 11:16:43 [INF] CIK 0001031296 | Downloading filing HTML (cached if available)
2026-03-04 11:16:44 [INF] CIK 0001031296 | Reading HTML from C:\git\Edgar\Edgar\Data\raw\2009\0001031296\000103129609000008\0001031296-09-000008.txt
2026-03-04 11:16:45 [INF] CIK 0001031296 | Cleaning + extracting sections
2026-03-04 11:16:45 [INF] CIK 0001031296 | Filing 761/9706 for Year 2009 | Finished
2026-03-04 11:16:45 [INF] CIK 0001038357 | Filing 762/9706 for Year 2009 | Starting
2026-03-04 11:16:45 [INF] CIK 0001038357 | Downloading filing HTML (cached if available)
2026-03-04 11:16:46 [INF] CIK 0001038357 | Reading HTML from C:\git\Edgar\Edgar\Data\raw\2009\0001038357\000103835709000008\0001038357-09-000008.txt
2026-03-04 11:16:46 [INF] CIK 0001038357 | Cleaning + extracting sections
2026-03-04 11:16:46 [INF] CIK 0001038357 | Filing 762/9706 for Year 2009 | Finished
2026-03-04 11:16:46 [INF] CIK 0001039684 | Filing 763/9706 for Year 2009 | Starting
2026-03-04 11:16:46 [INF] CIK 0001039684 | Downloading filing HTML (cached if available)
2026-03-04 11:16:47 [INF] CIK 0001039684 | Reading HTML from C:\git\Edgar\Edgar\Data\raw\2009\0001039684\000103968409000010\0001039684-09-000010.txt
2026-03-04 11:16:47 [INF] CIK 0001039684 | Cleaning + extracting sections
2026-03-04 11:16:47 [INF] CIK 0001039684 | Filing 763/9706 for Year 2009 | Finished
2026-03-04 11:16:47 [INF] CIK 0001047122 | Filing 764/9706 for Year 2009 | Starting
2026-03-04 11:16:47 [INF] CIK 0001047122 | Downloading filing HTML (cached if available)
2026-03-04 11:16:48 [INF] CIK 0001047122 | Reading HTML from C:\git\Edgar\Edgar\Data\raw\2009\0001047122\000119312509037012\0001193125-09-037012.txt
2026-03-04 11:16:48 [INF] CIK 0001047122 | Cleaning + extracting sections
2026-03-04 11:16:48 [INF] CIK 0001047122 | Filing 764/9706 for Year 2009 | Finished
2026-03-04 11:16:48 [INF] CIK 0001059324 | Filing 765/9706 for Year 2009 | Starting
2026-03-04 11:16:48 [INF] CIK 0001059324 | Downloading filing HTML (cached if available)
2026-03-04 11:16:48 [INF] CIK 0001059324 | Reading HTML from C:\git\Edgar\Edgar\Data\raw\2009\0001059324\000119312509036810\0001193125-09-036810.txt
2026-03-04 11:16:48 [INF] CIK 0001059324 | Cleaning + extracting sections
2026-03-04 11:16:48 [INF] CIK 0001059324 | Filing 765/9706 for Year 2009 | Finished
2026-03-04 11:16:48 [INF] CIK 0001060009 | Filing 766/9706 for Year 2009 | Starting
2026-03-04 11:16:48 [INF] CIK 0001060009 | Downloading filing HTML (cached if available)
2026-03-04 11:16:48 [INF] CIK 0001060009 | Reading HTML from C:\git\Edgar\Edgar\Data\raw\2009\0001060009\000119312509037197\0001193125-09-037197.txt
2026-03-04 11:16:49 [INF] CIK 0001060009 | Cleaning + extracting sections
2026-03-04 11:16:49 [INF] CIK 0001060009 | Filing 766/9706 for Year 2009 | Finished
2026-03-04 11:16:49 [INF] CIK 0001065280 | Filing 767/9706 for Year 2009 | Starting
2026-03-04 11:16:49 [INF] CIK 0001065280 | Downloading filing HTML (cached if available)
2026-03-04 11:16:49 [INF] CIK 0001065280 | Reading HTML from C:\git\Edgar\Edgar\Data\raw\2009\0001065280\000119312509037430\0001193125-09-037430.txt
2026-03-04 11:16:49 [INF] CIK 0001065280 | Cleaning + extracting sections
2026-03-04 11:16:49 [INF] CIK 0001065280 | Filing 767/9706 for Year 2009 | Finished
2026-03-04 11:16:49 [INF] CIK 0001068199 | Filing 768/9706 for Year 2009 | Starting
2026-03-04 11:16:49 [INF] CIK 0001068199 | Missing permno mapping in CCM for Company COMPUCREDIT CORP (0001068199).
2026-03-04 11:16:49 [INF] CIK 0001068199 | Missing Book-to-Market data for Company COMPUCREDIT CORP (0001068199) in 2009.
2026-03-04 11:16:49 [INF] CIK 0001068199 | Skipping filing due to missing required data (CCM/CRSP/BTM).
2026-03-04 11:16:49 [INF] CIK 0001070985 | Filing 769/9706 for Year 2009 | Starting
2026-03-04 11:16:49 [INF] CIK 0001070985 | Downloading filing HTML (cached if available)
2026-03-04 11:16:49 [INF] CIK 0001070985 | Reading HTML from C:\git\Edgar\Edgar\Data\raw\2009\0001070985\000095014409001609\0000950144-09-001609.txt
2026-03-04 11:16:49 [INF] CIK 0001070985 | Cleaning + extracting sections
2026-03-04 11:16:49 [INF] CIK 0001070985 | Filing 769/9706 for Year 2009 | Finished
2026-03-04 11:16:49 [INF] CIK 0000107263 | Filing 770/9706 for Year 2009 | Starting
2026-03-04 11:16:49 [INF] CIK 0000107263 | Downloading filing HTML (cached if available)
2026-03-04 11:16:50 [INF] CIK 0000107263 | Reading HTML from C:\git\Edgar\Edgar\Data\raw\2009\0000107263\000095013409003632\0000950134-09-003632.txt
2026-03-04 11:16:50 [INF] CIK 0000107263 | Cleaning + extracting sections
2026-03-04 11:16:50 [INF] CIK 0000107263 | Filing 770/9706 for Year 2009 | Finished
2026-03-04 11:16:50 [INF] CIK 0001084048 | Filing 771/9706 for Year 2009 | Starting
2026-03-04 11:16:50 [INF] CIK 0001084048 | Downloading filing HTML (cached if available)
2026-03-04 11:16:50 [INF] CIK 0001084048 | Reading HTML from C:\git\Edgar\Edgar\Data\raw\2009\0001084048\000107261309000395\0001072613-09-000395.txt
2026-03-04 11:16:51 [INF] CIK 0001084048 | Cleaning + extracting sections
2026-03-04 11:16:51 [INF] CIK 0001084048 | Filing 771/9706 for Year 2009 | Finished
2026-03-04 11:16:51 [INF] CIK 0001088033 | Filing 772/9706 for Year 2009 | Starting
2026-03-04 11:16:51 [INF] CIK 0001088033 | Downloading filing HTML (cached if available)
2026-03-04 11:16:51 [INF] CIK 0001088033 | Reading HTML from C:\git\Edgar\Edgar\Data\raw\2009\0001088033\000119312509037546\0001193125-09-037546.txt
2026-03-04 11:16:51 [INF] CIK 0001088033 | Cleaning + extracting sections
2026-03-04 11:16:51 [INF] CIK 0001088033 | Filing 772/9706 for Year 2009 | Finished
2026-03-04 11:16:51 [INF] CIK 0000110104 | Filing 773/9706 for Year 2009 | Starting
2026-03-04 11:16:51 [INF] CIK 0000110104 | Missing permno mapping in CCM for Company NORTHERN ILLINOIS GAS CO /IL/ /NEW/ (0000110104).
2026-03-04 11:16:51 [INF] CIK 0000110104 | Missing Book-to-Market data for Company NORTHERN ILLINOIS GAS CO /IL/ /NEW/ (0000110104) in 2009.
2026-03-04 11:16:51 [INF] CIK 0000110104 | Skipping filing due to missing required data (CCM/CRSP/BTM).
2026-03-04 11:16:51 [INF] CIK 0001104349 | Filing 774/9706 for Year 2009 | Starting
2026-03-04 11:16:51 [INF] CIK 0001104349 | Downloading filing HTML (cached if available)
2026-03-04 11:16:52 [INF] CIK 0001104349 | Reading HTML from C:\git\Edgar\Edgar\Data\raw\2009\0001104349\000119312509037219\0001193125-09-037219.txt
2026-03-04 11:16:52 [INF] CIK 0001104349 | Cleaning + extracting sections
2026-03-04 11:16:52 [INF] CIK 0001104349 | Filing 774/9706 for Year 2009 | Finished
2026-03-04 11:16:52 [INF] CIK 0001121788 | Filing 775/9706 for Year 2009 | Starting
2026-03-04 11:16:52 [INF] CIK 0001121788 | Downloading filing HTML (cached if available)
2026-03-04 11:16:52 [INF] CIK 0001121788 | Reading HTML from C:\git\Edgar\Edgar\Data\raw\2009\0001121788\000114420409010751\0001144204-09-010751.txt
2026-03-04 11:16:52 [INF] CIK 0001121788 | Cleaning + extracting sections
2026-03-04 11:16:52 [INF] CIK 0001121788 | Filing 775/9706 for Year 2009 | Finished
2026-03-04 11:16:52 [INF] CIK 0001121827 | Filing 776/9706 for Year 2009 | Starting
2026-03-04 11:16:52 [INF] CIK 0001121827 | Missing permno mapping in CCM for Company BIG SKY INDUSTRIES VI INC (0001121827).
2026-03-04 11:16:52 [INF] CIK 0001121827 | Missing Book-to-Market data for Company BIG SKY INDUSTRIES VI INC (0001121827) in 2009.
2026-03-04 11:16:52 [INF] CIK 0001121827 | Skipping filing due to missing required data (CCM/CRSP/BTM).
2026-03-04 11:16:52 [INF] CIK 0001124198 | Filing 777/9706 for Year 2009 | Starting
2026-03-04 11:16:52 [INF] CIK 0001124198 | Downloading filing HTML (cached if available)
2026-03-04 11:16:53 [INF] CIK 0001124198 | Reading HTML from C:\git\Edgar\Edgar\Data\raw\2009\0001124198\000104746909001811\0001047469-09-001811.txt
2026-03-04 11:16:53 [INF] CIK 0001124198 | Cleaning + extracting sections
2026-03-04 11:16:55 [INF] CIK 0001124198 | Filing 777/9706 for Year 2009 | Finished
2026-03-04 11:16:55 [INF] CIK 0001127703 | Filing 778/9706 for Year 2009 | Starting
2026-03-04 11:16:55 [INF] CIK 0001127703 | Downloading filing HTML (cached if available)
2026-03-04 11:16:55 [INF] CIK 0001127703 | Reading HTML from C:\git\Edgar\Edgar\Data\raw\2009\0001127703\000095014409001596\0000950144-09-001596.txt
2026-03-04 11:16:55 [INF] CIK 0001127703 | Cleaning + extracting sections
2026-03-04 11:16:55 [INF] CIK 0001127703 | Filing 778/9706 for Year 2009 | Finished
2026-03-04 11:16:55 [INF] CIK 0001130310 | Filing 779/9706 for Year 2009 | Starting
2026-03-04 11:16:55 [INF] CIK 0001130310 | Downloading filing HTML (cached if available)
2026-03-04 11:16:56 [INF] CIK 0001130310 | Reading HTML from C:\git\Edgar\Edgar\Data\raw\2009\0001130310\000113031009000004\0001130310-09-000004.txt
2026-03-04 11:16:56 [INF] CIK 0001130310 | Cleaning + extracting sections
2026-03-04 11:16:56 [INF] CIK 0001130310 | Filing 779/9706 for Year 2009 | Finished
2026-03-04 11:16:56 [INF] CIK 0001136331 | Filing 780/9706 for Year 2009 | Starting
2026-03-04 11:16:56 [INF] CIK 0001136331 | Missing permno mapping in CCM for Company Business Development Solutions, Inc. (0001136331).
2026-03-04 11:16:56 [INF] CIK 0001136331 | Missing Book-to-Market data for Company Business Development Solutions, Inc. (0001136331) in 2009.
2026-03-04 11:16:56 [INF] CIK 0001136331 | Skipping filing due to missing required data (CCM/CRSP/BTM).
2026-03-04 11:16:56 [INF] CIK 0001160661 | Filing 781/9706 for Year 2009 | Starting
2026-03-04 11:16:56 [INF] CIK 0001160661 | Missing permno mapping in CCM for Company SOUTHERN POWER CO (0001160661).
2026-03-04 11:16:56 [INF] CIK 0001160661 | Missing Book-to-Market data for Company SOUTHERN POWER CO (0001160661) in 2009.
2026-03-04 11:16:56 [INF] CIK 0001160661 | Skipping filing due to missing required data (CCM/CRSP/BTM).
2026-03-04 11:16:56 [INF] CIK 0001163165 | Filing 782/9706 for Year 2009 | Starting
2026-03-04 11:16:56 [INF] CIK 0001163165 | Downloading filing HTML (cached if available)
2026-03-04 11:16:57 [INF] CIK 0001163165 | Reading HTML from C:\git\Edgar\Edgar\Data\raw\2009\0001163165\000136231009002769\0001362310-09-002769.txt
2026-03-04 11:16:57 [INF] CIK 0001163165 | Cleaning + extracting sections
2026-03-04 11:16:57 [INF] CIK 0001163165 | Filing 782/9706 for Year 2009 | Finished
2026-03-04 11:16:57 [INF] CIK 0001171008 | Filing 783/9706 for Year 2009 | Starting
2026-03-04 11:16:57 [INF] CIK 0001171008 | Missing permno mapping in CCM for Company UHF INCORPORATED (0001171008).
2026-03-04 11:16:57 [INF] CIK 0001171008 | Missing Book-to-Market data for Company UHF INCORPORATED (0001171008) in 2009.
2026-03-04 11:16:57 [INF] CIK 0001171008 | Skipping filing due to missing required data (CCM/CRSP/BTM).
2026-03-04 11:16:57 [INF] CIK 0001214816 | Filing 784/9706 for Year 2009 | Starting
2026-03-04 11:16:57 [INF] CIK 0001214816 | Downloading filing HTML (cached if available)
2026-03-04 11:16:57 [INF] CIK 0001214816 | Reading HTML from C:\git\Edgar\Edgar\Data\raw\2009\0001214816\000119312509036404\0001193125-09-036404.txt
2026-03-04 11:16:57 [INF] CIK 0001214816 | Cleaning + extracting sections
2026-03-04 11:16:57 [INF] CIK 0001214816 | Filing 784/9706 for Year 2009 | Finished
2026-03-04 11:16:57 [INF] CIK 0001234006 | Filing 785/9706 for Year 2009 | Starting
2026-03-04 11:16:57 [INF] CIK 0001234006 | Downloading filing HTML (cached if available)
2026-03-04 11:16:58 [INF] CIK 0001234006 | Reading HTML from C:\git\Edgar\Edgar\Data\raw\2009\0001234006\000095013309000441\0000950133-09-000441.txt
2026-03-04 11:16:58 [INF] CIK 0001234006 | Cleaning + extracting sections
2026-03-04 11:16:58 [INF] CIK 0001234006 | Filing 785/9706 for Year 2009 | Finished
2026-03-04 11:16:58 [INF] CIK 0001255474 | Filing 786/9706 for Year 2009 | Starting
2026-03-04 11:16:58 [INF] CIK 0001255474 | Downloading filing HTML (cached if available)
2026-03-04 11:16:58 [INF] CIK 0001255474 | Reading HTML from C:\git\Edgar\Edgar\Data\raw\2009\0001255474\000125547409000003\0001255474-09-000003.txt
2026-03-04 11:16:58 [INF] CIK 0001255474 | Cleaning + extracting sections
2026-03-04 11:16:59 [INF] CIK 0001255474 | Filing 786/9706 for Year 2009 | Finished
2026-03-04 11:16:59 [INF] CIK 0001273801 | Filing 787/9706 for Year 2009 | Starting
2026-03-04 11:16:59 [INF] CIK 0001273801 | Downloading filing HTML (cached if available)
2026-03-04 11:16:59 [INF] CIK 0001273801 | Reading HTML from C:\git\Edgar\Edgar\Data\raw\2009\0001273801\000104746909001790\0001047469-09-001790.txt
2026-03-04 11:17:00 [INF] CIK 0001273801 | Cleaning + extracting sections
2026-03-04 11:17:00 [INF] CIK 0001273801 | Filing 787/9706 for Year 2009 | Finished
2026-03-04 11:17:00 [INF] CIK 0001274057 | Filing 788/9706 for Year 2009 | Starting
2026-03-04 11:17:00 [INF] CIK 0001274057 | Downloading filing HTML (cached if available)
2026-03-04 11:17:01 [INF] CIK 0001274057 | Reading HTML from C:\git\Edgar\Edgar\Data\raw\2009\0001274057\000104746909001817\0001047469-09-001817.txt
2026-03-04 11:17:01 [INF] CIK 0001274057 | Cleaning + extracting sections
2026-03-04 11:17:01 [INF] CIK 0001274057 | Filing 788/9706 for Year 2009 | Finished
2026-03-04 11:17:01 [INF] CIK 0001274494 | Filing 789/9706 for Year 2009 | Starting
2026-03-04 11:17:01 [INF] CIK 0001274494 | Downloading filing HTML (cached if available)
2026-03-04 11:17:01 [INF] CIK 0001274494 | Reading HTML from C:\git\Edgar\Edgar\Data\raw\2009\0001274494\000095013409003635\0000950134-09-003635.txt
2026-03-04 11:17:01 [INF] CIK 0001274494 | Cleaning + extracting sections
2026-03-04 11:17:01 [INF] CIK 0001274494 | Filing 789/9706 for Year 2009 | Finished
2026-03-04 11:17:01 [INF] CIK 0001281761 | Filing 790/9706 for Year 2009 | Starting
2026-03-04 11:17:01 [INF] CIK 0001281761 | Downloading filing HTML (cached if available)
2026-03-04 11:17:02 [INF] CIK 0001281761 | Reading HTML from C:\git\Edgar\Edgar\Data\raw\2009\0001281761\000119312509036452\0001193125-09-036452.txt
2026-03-04 11:17:02 [INF] CIK 0001281761 | Cleaning + extracting sections
2026-03-04 11:17:02 [INF] CIK 0001281761 | Filing 790/9706 for Year 2009 | Finished
2026-03-04 11:17:02 [INF] CIK 0001292900 | Filing 791/9706 for Year 2009 | Starting
2026-03-04 11:17:02 [INF] CIK 0001292900 | Downloading filing HTML (cached if available)
2026-03-04 11:17:02 [INF] CIK 0001292900 | Reading HTML from C:\git\Edgar\Edgar\Data\raw\2009\0001292900\000104746909001816\0001047469-09-001816.txt
2026-03-04 11:17:03 [INF] CIK 0001292900 | Cleaning + extracting sections
2026-03-04 11:17:03 [INF] CIK 0001292900 | Filing 791/9706 for Year 2009 | Finished
2026-03-04 11:17:03 [INF] CIK 0001297401 | Filing 792/9706 for Year 2009 | Starting
2026-03-04 11:17:03 [INF] CIK 0001297401 | Downloading filing HTML (cached if available)
2026-03-04 11:17:03 [INF] CIK 0001297401 | Reading HTML from C:\git\Edgar\Edgar\Data\raw\2009\0001297401\000119312509036384\0001193125-09-036384.txt
2026-03-04 11:17:03 [INF] CIK 0001297401 | Cleaning + extracting sections
2026-03-04 11:17:03 [INF] CIK 0001297401 | Filing 792/9706 for Year 2009 | Finished
2026-03-04 11:17:03 [INF] CIK 0000012978 | Filing 793/9706 for Year 2009 | Starting
2026-03-04 11:17:03 [INF] CIK 0000012978 | Downloading filing HTML (cached if available)
2026-03-04 11:17:03 [INF] CIK 0000012978 | Reading HTML from C:\git\Edgar\Edgar\Data\raw\2009\0000012978\000104746909001823\0001047469-09-001823.txt
2026-03-04 11:17:04 [INF] CIK 0000012978 | Cleaning + extracting sections
2026-03-04 11:17:04 [INF] CIK 0000012978 | Filing 793/9706 for Year 2009 | Finished
2026-03-04 11:17:04 [INF] CIK 0001298341 | Filing 794/9706 for Year 2009 | Starting
2026-03-04 11:17:04 [INF] CIK 0001298341 | Downloading filing HTML (cached if available)
2026-03-04 11:17:04 [INF] CIK 0001298341 | Reading HTML from C:\git\Edgar\Edgar\Data\raw\2009\0001298341\000119312509037517\0001193125-09-037517.txt
2026-03-04 11:17:04 [INF] CIK 0001298341 | Cleaning + extracting sections
2026-03-04 11:17:04 [INF] CIK 0001298341 | Filing 794/9706 for Year 2009 | Finished
2026-03-04 11:17:04 [INF] CIK 0001317405 | Filing 795/9706 for Year 2009 | Starting
2026-03-04 11:17:04 [INF] CIK 0001317405 | Downloading filing HTML (cached if available)
2026-03-04 11:17:04 [INF] CIK 0001317405 | Reading HTML from C:\git\Edgar\Edgar\Data\raw\2009\0001317405\000095013409003676\0000950134-09-003676.txt
2026-03-04 11:17:04 [INF] CIK 0001317405 | Cleaning + extracting sections
2026-03-04 11:17:05 [INF] CIK 0001317405 | Filing 795/9706 for Year 2009 | Finished
2026-03-04 11:17:05 [INF] CIK 0001324105 | Filing 796/9706 for Year 2009 | Starting
2026-03-04 11:17:05 [INF] CIK 0001324105 | Downloading filing HTML (cached if available)
2026-03-04 11:17:05 [INF] CIK 0001324105 | Reading HTML from C:\git\Edgar\Edgar\Data\raw\2009\0001324105\000110465909011852\0001104659-09-011852.txt
2026-03-04 11:17:05 [INF] CIK 0001324105 | Cleaning + extracting sections
2026-03-04 11:17:05 [INF] CIK 0001324105 | Filing 796/9706 for Year 2009 | Finished
2026-03-04 11:17:05 [INF] CIK 0001339553 | Filing 797/9706 for Year 2009 | Starting
2026-03-04 11:17:05 [INF] CIK 0001339553 | Downloading filing HTML (cached if available)
2026-03-04 11:17:05 [INF] CIK 0001339553 | Reading HTML from C:\git\Edgar\Edgar\Data\raw\2009\0001339553\000095014409001623\0000950144-09-001623.txt
2026-03-04 11:17:05 [INF] CIK 0001339553 | Cleaning + extracting sections
2026-03-04 11:17:06 [INF] CIK 0001339553 | Filing 797/9706 for Year 2009 | Finished
2026-03-04 11:17:06 [INF] CIK 0001351051 | Filing 798/9706 for Year 2009 | Starting
2026-03-04 11:17:06 [INF] CIK 0001351051 | Missing Book-to-Market data for Company Skilled Healthcare Group, Inc. (0001351051) in 2009.
2026-03-04 11:17:06 [INF] CIK 0001351051 | Skipping filing due to missing required data (CCM/CRSP/BTM).
2026-03-04 11:17:06 [INF] CIK 0001354636 | Filing 799/9706 for Year 2009 | Starting
2026-03-04 11:17:06 [INF] CIK 0001354636 | Missing permno mapping in CCM for Company Boxwoods, Inc (0001354636).
2026-03-04 11:17:06 [INF] CIK 0001354636 | Missing Book-to-Market data for Company Boxwoods, Inc (0001354636) in 2009.
2026-03-04 11:17:06 [INF] CIK 0001354636 | Skipping filing due to missing required data (CCM/CRSP/BTM).
2026-03-04 11:17:06 [INF] CIK 0001355001 | Filing 800/9706 for Year 2009 | Starting
2026-03-04 11:17:06 [INF] CIK 0001355001 | Missing permno mapping in CCM for Company REALOGY CORP (0001355001).
2026-03-04 11:17:06 [INF] CIK 0001355001 | Missing Book-to-Market data for Company REALOGY CORP (0001355001) in 2009.
2026-03-04 11:17:06 [INF] CIK 0001355001 | Skipping filing due to missing required data (CCM/CRSP/BTM).
2026-03-04 11:17:06 [INF] CIK 0001357615 | Filing 801/9706 for Year 2009 | Starting
2026-03-04 11:17:06 [INF] CIK 0001357615 | Downloading filing HTML (cached if available)
2026-03-04 11:17:06 [INF] CIK 0001357615 | Reading HTML from C:\git\Edgar\Edgar\Data\raw\2009\0001357615\000114036109004960\0001140361-09-004960.txt
2026-03-04 11:17:06 [INF] CIK 0001357615 | Cleaning + extracting sections
2026-03-04 11:17:06 [INF] CIK 0001357615 | Filing 801/9706 for Year 2009 | Finished
2026-03-04 11:17:06 [INF] CIK 0001364250 | Filing 802/9706 for Year 2009 | Starting
2026-03-04 11:17:06 [INF] CIK 0001364250 | Downloading filing HTML (cached if available)
2026-03-04 11:17:06 [INF] CIK 0001364250 | Reading HTML from C:\git\Edgar\Edgar\Data\raw\2009\0001364250\000136425009000016\0001364250-09-000016.txt
2026-03-04 11:17:06 [INF] CIK 0001364250 | Cleaning + extracting sections
2026-03-04 11:17:07 [INF] CIK 0001364250 | Filing 802/9706 for Year 2009 | Finished
2026-03-04 11:17:07 [INF] CIK 0001379785 | Filing 803/9706 for Year 2009 | Starting
2026-03-04 11:17:07 [INF] CIK 0001379785 | Downloading filing HTML (cached if available)
2026-03-04 11:17:08 [INF] CIK 0001379785 | Reading HTML from C:\git\Edgar\Edgar\Data\raw\2009\0001379785\000095014409001615\0000950144-09-001615.txt
2026-03-04 11:17:08 [INF] CIK 0001379785 | Cleaning + extracting sections
2026-03-04 11:17:08 [INF] CIK 0001379785 | Filing 803/9706 for Year 2009 | Finished
2026-03-04 11:17:08 [INF] CIK 0001389305 | Filing 804/9706 for Year 2009 | Starting
2026-03-04 11:17:08 [INF] CIK 0001389305 | Downloading filing HTML (cached if available)
2026-03-04 11:17:09 [INF] CIK 0001389305 | Reading HTML from C:\git\Edgar\Edgar\Data\raw\2009\0001389305\000095015309000162\0000950153-09-000162.txt
2026-03-04 11:17:09 [INF] CIK 0001389305 | Cleaning + extracting sections
2026-03-04 11:17:09 [INF] CIK 0001389305 | Filing 804/9706 for Year 2009 | Finished
2026-03-04 11:17:09 [INF] CIK 0001396426 | Filing 805/9706 for Year 2009 | Starting
2026-03-04 11:17:09 [INF] CIK 0001396426 | Missing permno mapping in CCM for Company HAWKER BEECHCRAFT ACQUISITION CO LLC (0001396426).
2026-03-04 11:17:09 [INF] CIK 0001396426 | Missing Book-to-Market data for Company HAWKER BEECHCRAFT ACQUISITION CO LLC (0001396426) in 2009.
2026-03-04 11:17:09 [INF] CIK 0001396426 | Skipping filing due to missing required data (CCM/CRSP/BTM).
2026-03-04 11:17:09 [INF] CIK 0001396427 | Filing 806/9706 for Year 2009 | Starting
2026-03-04 11:17:09 [INF] CIK 0001396427 | Missing permno mapping in CCM for Company HAWKER BEECHCRAFT NOTES CO (0001396427).
2026-03-04 11:17:09 [INF] CIK 0001396427 | Missing Book-to-Market data for Company HAWKER BEECHCRAFT NOTES CO (0001396427) in 2009.
2026-03-04 11:17:09 [INF] CIK 0001396427 | Skipping filing due to missing required data (CCM/CRSP/BTM).
2026-03-04 11:17:09 [INF] CIK 0001406578 | Filing 807/9706 for Year 2009 | Starting
2026-03-04 11:17:09 [INF] CIK 0001406578 | Missing permno mapping in CCM for Company RSC Holdings III, LLC (0001406578).
2026-03-04 11:17:09 [INF] CIK 0001406578 | Missing Book-to-Market data for Company RSC Holdings III, LLC (0001406578) in 2009.
2026-03-04 11:17:09 [INF] CIK 0001406578 | Skipping filing due to missing required data (CCM/CRSP/BTM).
2026-03-04 11:17:09 [INF] CIK 0001406579 | Filing 808/9706 for Year 2009 | Starting
2026-03-04 11:17:09 [INF] CIK 0001406579 | Missing permno mapping in CCM for Company RSC Equipment Rental, Inc. (0001406579).
2026-03-04 11:17:09 [INF] CIK 0001406579 | Missing Book-to-Market data for Company RSC Equipment Rental, Inc. (0001406579) in 2009.
2026-03-04 11:17:09 [INF] CIK 0001406579 | Skipping filing due to missing required data (CCM/CRSP/BTM).
2026-03-04 11:17:09 [INF] CIK 0001407703 | Filing 809/9706 for Year 2009 | Starting
2026-03-04 11:17:09 [INF] CIK 0001407703 | Missing permno mapping in CCM for Company FirstEnergy Solutions Corp. (0001407703).
2026-03-04 11:17:09 [INF] CIK 0001407703 | Missing Book-to-Market data for Company FirstEnergy Solutions Corp. (0001407703) in 2009.
2026-03-04 11:17:09 [INF] CIK 0001407703 | Skipping filing due to missing required data (CCM/CRSP/BTM).
2026-03-04 11:17:09 [INF] CIK 0001422105 | Filing 810/9706 for Year 2009 | Starting
2026-03-04 11:17:09 [INF] CIK 0001422105 | Missing CRSP trading days for Company Noranda Aluminum Holding CORP (0001422105) in 2009.
2026-03-04 11:17:09 [INF] CIK 0001422105 | Missing Book-to-Market data for Company Noranda Aluminum Holding CORP (0001422105) in 2009.
2026-03-04 11:17:09 [INF] CIK 0001422105 | Skipping filing due to missing required data (CCM/CRSP/BTM).
2026-03-04 11:17:09 [INF] CIK 0001426568 | Filing 811/9706 for Year 2009 | Starting
2026-03-04 11:17:09 [INF] CIK 0001426568 | Missing permno mapping in CCM for Company WISHART ENTERPRISES LTD (0001426568).
2026-03-04 11:17:09 [INF] CIK 0001426568 | Missing Book-to-Market data for Company WISHART ENTERPRISES LTD (0001426568) in 2009.
2026-03-04 11:17:09 [INF] CIK 0001426568 | Skipping filing due to missing required data (CCM/CRSP/BTM).
2026-03-04 11:17:09 [INF] CIK 0001431936 | Filing 812/9706 for Year 2009 | Starting
2026-03-04 11:17:09 [INF] CIK 0001431936 | Missing permno mapping in CCM for Company MOBILE STAR CORP (0001431936).
2026-03-04 11:17:09 [INF] CIK 0001431936 | Missing Book-to-Market data for Company MOBILE STAR CORP (0001431936) in 2009.
2026-03-04 11:17:09 [INF] CIK 0001431936 | Skipping filing due to missing required data (CCM/CRSP/BTM).
2026-03-04 11:17:09 [INF] CIK 0001450074 | Filing 813/9706 for Year 2009 | Starting
2026-03-04 11:17:09 [INF] CIK 0001450074 | Missing permno mapping in CCM for Company GLOBAL DYNAMICS CORP (0001450074).
2026-03-04 11:17:09 [INF] CIK 0001450074 | Missing Book-to-Market data for Company GLOBAL DYNAMICS CORP (0001450074) in 2009.
2026-03-04 11:17:09 [INF] CIK 0001450074 | Skipping filing due to missing required data (CCM/CRSP/BTM).
2026-03-04 11:17:09 [INF] CIK 0000201533 | Filing 814/9706 for Year 2009 | Starting
2026-03-04 11:17:09 [INF] CIK 0000201533 | Missing permno mapping in CCM for Company CONSUMERS ENERGY CO (0000201533).
2026-03-04 11:17:09 [INF] CIK 0000201533 | Missing Book-to-Market data for Company CONSUMERS ENERGY CO (0000201533) in 2009.
2026-03-04 11:17:09 [INF] CIK 0000201533 | Skipping filing due to missing required data (CCM/CRSP/BTM).
2026-03-04 11:17:09 [INF] CIK 0000020947 | Filing 815/9706 for Year 2009 | Starting
2026-03-04 11:17:09 [INF] CIK 0000020947 | Missing permno mapping in CCM for Company CLEVELAND ELECTRIC ILLUMINATING CO (0000020947).
2026-03-04 11:17:09 [INF] CIK 0000020947 | Missing Book-to-Market data for Company CLEVELAND ELECTRIC ILLUMINATING CO (0000020947) in 2009.
2026-03-04 11:17:09 [INF] CIK 0000020947 | Skipping filing due to missing required data (CCM/CRSP/BTM).
2026-03-04 11:17:09 [INF] CIK 0000021535 | Filing 816/9706 for Year 2009 | Starting
2026-03-04 11:17:09 [INF] CIK 0000021535 | Downloading filing HTML (cached if available)
2026-03-04 11:17:09 [INF] CIK 0000021535 | Reading HTML from C:\git\Edgar\Edgar\Data\raw\2009\0000021535\000093639209000087\0000936392-09-000087.txt
2026-03-04 11:17:09 [INF] CIK 0000021535 | Cleaning + extracting sections
2026-03-04 11:17:09 [INF] CIK 0000021535 | Filing 816/9706 for Year 2009 | Finished
2026-03-04 11:17:09 [INF] CIK 0000216228 | Filing 817/9706 for Year 2009 | Starting
2026-03-04 11:17:09 [INF] CIK 0000216228 | Downloading filing HTML (cached if available)
2026-03-04 11:17:10 [INF] CIK 0000216228 | Reading HTML from C:\git\Edgar\Edgar\Data\raw\2009\0000216228\000095012309003408\0000950123-09-003408.txt
2026-03-04 11:17:10 [INF] CIK 0000216228 | Cleaning + extracting sections
2026-03-04 11:17:10 [INF] CIK 0000216228 | Filing 817/9706 for Year 2009 | Finished
2026-03-04 11:17:10 [INF] CIK 0000216539 | Filing 818/9706 for Year 2009 | Starting
2026-03-04 11:17:10 [INF] CIK 0000216539 | Missing Book-to-Market data for Company MEDIA GENERAL INC (0000216539) in 2009.
2026-03-04 11:17:10 [INF] CIK 0000216539 | Skipping filing due to missing required data (CCM/CRSP/BTM).
2026-03-04 11:17:10 [INF] CIK 0000023194 | Filing 819/9706 for Year 2009 | Starting
2026-03-04 11:17:10 [INF] CIK 0000023194 | Missing Book-to-Market data for Company COMSTOCK RESOURCES INC (0000023194) in 2009.
2026-03-04 11:17:10 [INF] CIK 0000023194 | Skipping filing due to missing required data (CCM/CRSP/BTM).
2026-03-04 11:17:10 [INF] CIK 0000024545 | Filing 820/9706 for Year 2009 | Starting
2026-03-04 11:17:10 [INF] CIK 0000024545 | Downloading filing HTML (cached if available)
2026-03-04 11:17:10 [INF] CIK 0000024545 | Reading HTML from C:\git\Edgar\Edgar\Data\raw\2009\0000024545\000104746909001758\0001047469-09-001758.txt
2026-03-04 11:17:11 [INF] CIK 0000024545 | Cleaning + extracting sections
2026-03-04 11:17:11 [INF] CIK 0000024545 | Filing 820/9706 for Year 2009 | Finished
2026-03-04 11:17:11 [INF] CIK 0000025445 | Filing 821/9706 for Year 2009 | Starting
2026-03-04 11:17:11 [INF] CIK 0000025445 | Missing Book-to-Market data for Company CRANE CO /DE/ (0000025445) in 2009.
2026-03-04 11:17:11 [INF] CIK 0000025445 | Skipping filing due to missing required data (CCM/CRSP/BTM).
2026-03-04 11:17:11 [INF] CIK 0000277595 | Filing 822/9706 for Year 2009 | Starting
2026-03-04 11:17:11 [INF] CIK 0000277595 | Downloading filing HTML (cached if available)
2026-03-04 11:17:11 [INF] CIK 0000277595 | Reading HTML from C:\git\Edgar\Edgar\Data\raw\2009\0000277595\000119312509037514\0001193125-09-037514.txt
2026-03-04 11:17:11 [INF] CIK 0000277595 | Cleaning + extracting sections
2026-03-04 11:17:11 [INF] CIK 0000277595 | Filing 822/9706 for Year 2009 | Finished
2026-03-04 11:17:11 [INF] CIK 0000029669 | Filing 823/9706 for Year 2009 | Starting
2026-03-04 11:17:11 [INF] CIK 0000029669 | Downloading filing HTML (cached if available)
2026-03-04 11:17:12 [INF] CIK 0000029669 | Reading HTML from C:\git\Edgar\Edgar\Data\raw\2009\0000029669\000119312509037450\0001193125-09-037450.txt
2026-03-04 11:17:12 [INF] CIK 0000029669 | Cleaning + extracting sections
2026-03-04 11:17:12 [INF] CIK 0000029669 | Filing 823/9706 for Year 2009 | Finished
2026-03-04 11:17:12 [INF] CIK 0000030305 | Filing 824/9706 for Year 2009 | Starting
2026-03-04 11:17:12 [INF] CIK 0000030305 | Downloading filing HTML (cached if available)
2026-03-04 11:17:12 [INF] CIK 0000030305 | Reading HTML from C:\git\Edgar\Edgar\Data\raw\2009\0000030305\000119312509037501\0001193125-09-037501.txt
2026-03-04 11:17:12 [INF] CIK 0000030305 | Cleaning + extracting sections
2026-03-04 11:17:12 [INF] CIK 0000030305 | Filing 824/9706 for Year 2009 | Finished
2026-03-04 11:17:12 [INF] CIK 0000030625 | Filing 825/9706 for Year 2009 | Starting
2026-03-04 11:17:12 [INF] CIK 0000030625 | Downloading filing HTML (cached if available)
2026-03-04 11:17:13 [INF] CIK 0000030625 | Reading HTML from C:\git\Edgar\Edgar\Data\raw\2009\0000030625\000095013409003726\0000950134-09-003726.txt
2026-03-04 11:17:13 [INF] CIK 0000030625 | Cleaning + extracting sections
2026-03-04 11:17:13 [INF] CIK 0000030625 | Filing 825/9706 for Year 2009 | Finished
2026-03-04 11:17:13 [INF] CIK 0000313616 | Filing 826/9706 for Year 2009 | Starting
2026-03-04 11:17:13 [INF] CIK 0000313616 | Downloading filing HTML (cached if available)
2026-03-04 11:17:13 [INF] CIK 0000313616 | Reading HTML from C:\git\Edgar\Edgar\Data\raw\2009\0000313616\000119312509037468\0001193125-09-037468.txt
2026-03-04 11:17:13 [INF] CIK 0000313616 | Cleaning + extracting sections
2026-03-04 11:17:14 [INF] CIK 0000313616 | Filing 826/9706 for Year 2009 | Finished
2026-03-04 11:17:14 [INF] CIK 0000314197 | Filing 827/9706 for Year 2009 | Starting
2026-03-04 11:17:14 [INF] CIK 0000314197 | Missing permno mapping in CCM for Company ERC ENERGY RECOVERY CORP (0000314197).
2026-03-04 11:17:14 [INF] CIK 0000314197 | Missing Book-to-Market data for Company ERC ENERGY RECOVERY CORP (0000314197) in 2009.
2026-03-04 11:17:14 [INF] CIK 0000314197 | Skipping filing due to missing required data (CCM/CRSP/BTM).
2026-03-04 11:17:14 [INF] CIK 0000003146 | Filing 828/9706 for Year 2009 | Starting
2026-03-04 11:17:14 [INF] CIK 0000003146 | Missing permno mapping in CCM for Company ALABAMA GAS CORP (0000003146).
2026-03-04 11:17:14 [INF] CIK 0000003146 | Missing Book-to-Market data for Company ALABAMA GAS CORP (0000003146) in 2009.
2026-03-04 11:17:14 [INF] CIK 0000003146 | Skipping filing due to missing required data (CCM/CRSP/BTM).
2026-03-04 11:17:14 [INF] CIK 0000003153 | Filing 829/9706 for Year 2009 | Starting
2026-03-04 11:17:14 [INF] CIK 0000003153 | Missing permno mapping in CCM for Company ALABAMA POWER CO (0000003153).
2026-03-04 11:17:14 [INF] CIK 0000003153 | Missing Book-to-Market data for Company ALABAMA POWER CO (0000003153) in 2009.
2026-03-04 11:17:14 [INF] CIK 0000003153 | Skipping filing due to missing required data (CCM/CRSP/BTM).
2026-03-04 11:17:14 [INF] CIK 0000315709 | Filing 830/9706 for Year 2009 | Starting
2026-03-04 11:17:14 [INF] CIK 0000315709 | Downloading filing HTML (cached if available)
2026-03-04 11:17:14 [INF] CIK 0000315709 | Reading HTML from C:\git\Edgar\Edgar\Data\raw\2009\0000315709\000104746909001797\0001047469-09-001797.txt
2026-03-04 11:17:14 [INF] CIK 0000315709 | Cleaning + extracting sections
2026-03-04 11:17:14 [INF] CIK 0000315709 | Filing 830/9706 for Year 2009 | Finished
2026-03-04 11:17:14 [INF] CIK 0000315852 | Filing 831/9706 for Year 2009 | Starting
2026-03-04 11:17:14 [INF] CIK 0000315852 | Downloading filing HTML (cached if available)
2026-03-04 11:17:14 [INF] CIK 0000315852 | Reading HTML from C:\git\Edgar\Edgar\Data\raw\2009\0000315852\000095013409003627\0000950134-09-003627.txt
2026-03-04 11:17:14 [INF] CIK 0000315852 | Cleaning + extracting sections
2026-03-04 11:17:15 [INF] CIK 0000315852 | Filing 831/9706 for Year 2009 | Finished
2026-03-04 11:17:15 [INF] CIK 0000316709 | Filing 832/9706 for Year 2009 | Starting
2026-03-04 11:17:15 [INF] CIK 0000316709 | Downloading filing HTML (cached if available)
2026-03-04 11:17:15 [INF] CIK 0000316709 | Reading HTML from C:\git\Edgar\Edgar\Data\raw\2009\0000316709\000119312509037420\0001193125-09-037420.txt
2026-03-04 11:17:15 [INF] CIK 0000316709 | Cleaning + extracting sections
2026-03-04 11:17:15 [INF] CIK 0000316709 | Filing 832/9706 for Year 2009 | Finished
2026-03-04 11:17:15 [INF] CIK 0000350894 | Filing 833/9706 for Year 2009 | Starting
2026-03-04 11:17:15 [INF] CIK 0000350894 | Downloading filing HTML (cached if available)
2026-03-04 11:17:16 [INF] CIK 0000350894 | Reading HTML from C:\git\Edgar\Edgar\Data\raw\2009\0000350894\000119312509037490\0001193125-09-037490.txt
2026-03-04 11:17:16 [INF] CIK 0000350894 | Cleaning + extracting sections
2026-03-04 11:17:16 [INF] CIK 0000350894 | Filing 833/9706 for Year 2009 | Finished
2026-03-04 11:17:16 [INF] CIK 0000351936 | Filing 834/9706 for Year 2009 | Starting
2026-03-04 11:17:16 [INF] CIK 0000351936 | Missing permno mapping in CCM for Company XEROX CREDIT CORP (0000351936).
2026-03-04 11:17:16 [INF] CIK 0000351936 | Missing Book-to-Market data for Company XEROX CREDIT CORP (0000351936) in 2009.
2026-03-04 11:17:16 [INF] CIK 0000351936 | Skipping filing due to missing required data (CCM/CRSP/BTM).
2026-03-04 11:17:16 [INF] CIK 0000352049 | Filing 835/9706 for Year 2009 | Starting
2026-03-04 11:17:16 [INF] CIK 0000352049 | Missing permno mapping in CCM for Company TOLEDO EDISON CO (0000352049).
2026-03-04 11:17:16 [INF] CIK 0000352049 | Missing Book-to-Market data for Company TOLEDO EDISON CO (0000352049) in 2009.
2026-03-04 11:17:16 [INF] CIK 0000352049 | Skipping filing due to missing required data (CCM/CRSP/BTM).
2026-03-04 11:17:16 [INF] CIK 0000039899 | Filing 836/9706 for Year 2009 | Starting
2026-03-04 11:17:16 [INF] CIK 0000039899 | Downloading filing HTML (cached if available)
2026-03-04 11:17:16 [INF] CIK 0000039899 | Reading HTML from C:\git\Edgar\Edgar\Data\raw\2009\0000039899\000136231009002765\0001362310-09-002765.txt
2026-03-04 11:17:16 [INF] CIK 0000039899 | Cleaning + extracting sections
2026-03-04 11:17:16 [INF] CIK 0000039899 | Filing 836/9706 for Year 2009 | Finished
2026-03-04 11:17:16 [INF] CIK 0000040211 | Filing 837/9706 for Year 2009 | Starting
2026-03-04 11:17:16 [INF] CIK 0000040211 | Downloading filing HTML (cached if available)
2026-03-04 11:17:17 [INF] CIK 0000040211 | Reading HTML from C:\git\Edgar\Edgar\Data\raw\2009\0000040211\000095013709001303\0000950137-09-001303.txt
2026-03-04 11:17:17 [INF] CIK 0000040211 | Cleaning + extracting sections
2026-03-04 11:17:17 [INF] CIK 0000040211 | Filing 837/9706 for Year 2009 | Finished
2026-03-04 11:17:17 [INF] CIK 0000041091 | Filing 838/9706 for Year 2009 | Starting
2026-03-04 11:17:17 [INF] CIK 0000041091 | Missing permno mapping in CCM for Company GEORGIA POWER CO (0000041091).
2026-03-04 11:17:17 [INF] CIK 0000041091 | Missing Book-to-Market data for Company GEORGIA POWER CO (0000041091) in 2009.
2026-03-04 11:17:17 [INF] CIK 0000041091 | Skipping filing due to missing required data (CCM/CRSP/BTM).
2026-03-04 11:17:17 [INF] CIK 0000044545 | Filing 839/9706 for Year 2009 | Starting
2026-03-04 11:17:17 [INF] CIK 0000044545 | Missing permno mapping in CCM for Company GULF POWER CO (0000044545).
2026-03-04 11:17:17 [INF] CIK 0000044545 | Missing Book-to-Market data for Company GULF POWER CO (0000044545) in 2009.
2026-03-04 11:17:17 [INF] CIK 0000044545 | Skipping filing due to missing required data (CCM/CRSP/BTM).
2026-03-04 11:17:17 [INF] CIK 0000046080 | Filing 840/9706 for Year 2009 | Starting
2026-03-04 11:17:17 [INF] CIK 0000046080 | Downloading filing HTML (cached if available)
2026-03-04 11:17:17 [INF] CIK 0000046080 | Reading HTML from C:\git\Edgar\Edgar\Data\raw\2009\0000046080\000095013509001151\0000950135-09-001151.txt
2026-03-04 11:17:17 [INF] CIK 0000046080 | Cleaning + extracting sections
2026-03-04 11:17:17 [INF] CIK 0000046080 | Filing 840/9706 for Year 2009 | Finished
2026-03-04 11:17:17 [INF] CIK 0000046195 | Filing 841/9706 for Year 2009 | Starting
2026-03-04 11:17:17 [INF] CIK 0000046195 | Downloading filing HTML (cached if available)
2026-03-04 11:17:18 [INF] CIK 0000046195 | Reading HTML from C:\git\Edgar\Edgar\Data\raw\2009\0000046195\000104746909001793\0001047469-09-001793.txt
2026-03-04 11:17:18 [INF] CIK 0000046195 | Cleaning + extracting sections
2026-03-04 11:17:18 [INF] CIK 0000046195 | Filing 841/9706 for Year 2009 | Finished
2026-03-04 11:17:18 [INF] CIK 0000053456 | Filing 842/9706 for Year 2009 | Starting
2026-03-04 11:17:18 [INF] CIK 0000053456 | Missing permno mapping in CCM for Company JERSEY CENTRAL POWER & LIGHT CO (0000053456).
2026-03-04 11:17:18 [INF] CIK 0000053456 | Missing Book-to-Market data for Company JERSEY CENTRAL POWER & LIGHT CO (0000053456) in 2009.
2026-03-04 11:17:18 [INF] CIK 0000053456 | Skipping filing due to missing required data (CCM/CRSP/BTM).
2026-03-04 11:17:18 [INF] CIK 0000058492 | Filing 843/9706 for Year 2009 | Starting
2026-03-04 11:17:18 [INF] CIK 0000058492 | Downloading filing HTML (cached if available)
2026-03-04 11:17:18 [INF] CIK 0000058492 | Reading HTML from C:\git\Edgar\Edgar\Data\raw\2009\0000058492\000119312509036996\0001193125-09-036996.txt
2026-03-04 11:17:18 [INF] CIK 0000058492 | Cleaning + extracting sections
2026-03-04 11:17:18 [INF] CIK 0000058492 | Filing 843/9706 for Year 2009 | Finished
2026-03-04 11:17:18 [INF] CIK 0000060086 | Filing 844/9706 for Year 2009 | Starting
2026-03-04 11:17:18 [INF] CIK 0000060086 | Downloading filing HTML (cached if available)
2026-03-04 11:17:19 [INF] CIK 0000060086 | Reading HTML from C:\git\Edgar\Edgar\Data\raw\2009\0000060086\000006008609000008\0000060086-09-000008.txt
2026-03-04 11:17:19 [INF] CIK 0000060086 | Cleaning + extracting sections
2026-03-04 11:17:19 [INF] CIK 0000060086 | Filing 844/9706 for Year 2009 | Finished
2026-03-04 11:17:19 [INF] CIK 0000063908 | Filing 845/9706 for Year 2009 | Starting
2026-03-04 11:17:19 [INF] CIK 0000063908 | Downloading filing HTML (cached if available)
2026-03-04 11:17:20 [INF] CIK 0000063908 | Reading HTML from C:\git\Edgar\Edgar\Data\raw\2009\0000063908\000119312509037008\0001193125-09-037008.txt
2026-03-04 11:17:20 [INF] CIK 0000063908 | Cleaning + extracting sections
2026-03-04 11:17:20 [INF] CIK 0000063908 | Filing 845/9706 for Year 2009 | Finished
2026-03-04 11:17:20 [INF] CIK 0000065350 | Filing 846/9706 for Year 2009 | Starting
2026-03-04 11:17:20 [INF] CIK 0000065350 | Missing permno mapping in CCM for Company METROPOLITAN EDISON CO (0000065350).
2026-03-04 11:17:20 [INF] CIK 0000065350 | Missing Book-to-Market data for Company METROPOLITAN EDISON CO (0000065350) in 2009.
2026-03-04 11:17:20 [INF] CIK 0000065350 | Skipping filing due to missing required data (CCM/CRSP/BTM).
2026-03-04 11:17:20 [INF] CIK 0000066904 | Filing 847/9706 for Year 2009 | Starting
2026-03-04 11:17:20 [INF] CIK 0000066904 | Missing permno mapping in CCM for Company MISSISSIPPI POWER CO (0000066904).
2026-03-04 11:17:20 [INF] CIK 0000066904 | Missing Book-to-Market data for Company MISSISSIPPI POWER CO (0000066904) in 2009.
2026-03-04 11:17:20 [INF] CIK 0000066904 | Skipping filing due to missing required data (CCM/CRSP/BTM).
2026-03-04 11:17:20 [INF] CIK 0000714603 | Filing 848/9706 for Year 2009 | Starting
2026-03-04 11:17:20 [INF] CIK 0000714603 | Downloading filing HTML (cached if available)
2026-03-04 11:17:21 [INF] CIK 0000714603 | Reading HTML from C:\git\Edgar\Edgar\Data\raw\2009\0000714603\000104746909001832\0001047469-09-001832.txt
2026-03-04 11:17:21 [INF] CIK 0000714603 | Cleaning + extracting sections
2026-03-04 11:17:21 [INF] CIK 0000714603 | Filing 848/9706 for Year 2009 | Finished
2026-03-04 11:17:21 [INF] CIK 0000072020 | Filing 849/9706 for Year 2009 | Starting
2026-03-04 11:17:21 [INF] CIK 0000072020 | Downloading filing HTML (cached if available)
2026-03-04 11:17:21 [INF] CIK 0000072020 | Reading HTML from C:\git\Edgar\Edgar\Data\raw\2009\0000072020\000007202009000009\0000072020-09-000009.txt
2026-03-04 11:17:21 [INF] CIK 0000072020 | Cleaning + extracting sections
2026-03-04 11:17:21 [INF] CIK 0000072020 | Filing 849/9706 for Year 2009 | Finished
2026-03-04 11:17:21 [INF] CIK 0000732717 | Filing 850/9706 for Year 2009 | Starting
2026-03-04 11:17:21 [INF] CIK 0000732717 | Downloading filing HTML (cached if available)
2026-03-04 11:17:22 [INF] CIK 0000732717 | Reading HTML from C:\git\Edgar\Edgar\Data\raw\2009\0000732717\000073271709000007\0000732717-09-000007.txt
2026-03-04 11:17:22 [INF] CIK 0000732717 | Cleaning + extracting sections
2026-03-04 11:17:22 [INF] CIK 0000732717 | Filing 850/9706 for Year 2009 | Finished
2026-03-04 11:17:22 [INF] CIK 0000073960 | Filing 851/9706 for Year 2009 | Starting
2026-03-04 11:17:22 [INF] CIK 0000073960 | Missing permno mapping in CCM for Company OHIO EDISON CO (0000073960).
2026-03-04 11:17:22 [INF] CIK 0000073960 | Missing Book-to-Market data for Company OHIO EDISON CO (0000073960) in 2009.
2026-03-04 11:17:22 [INF] CIK 0000073960 | Skipping filing due to missing required data (CCM/CRSP/BTM).
2026-03-04 11:17:22 [INF] CIK 0000742126 | Filing 852/9706 for Year 2009 | Starting
2026-03-04 11:17:22 [INF] CIK 0000742126 | Missing permno mapping in CCM for Company AMERICAN ECOLOGY CORP (0000742126).
2026-03-04 11:17:22 [INF] CIK 0000742126 | Missing Book-to-Market data for Company AMERICAN ECOLOGY CORP (0000742126) in 2009.
2026-03-04 11:17:22 [INF] CIK 0000742126 | Skipping filing due to missing required data (CCM/CRSP/BTM).
2026-03-04 11:17:22 [INF] CIK 0000074303 | Filing 853/9706 for Year 2009 | Starting
2026-03-04 11:17:22 [INF] CIK 0000074303 | Downloading filing HTML (cached if available)
2026-03-04 11:17:23 [INF] CIK 0000074303 | Reading HTML from C:\git\Edgar\Edgar\Data\raw\2009\0000074303\000007430309000008\0000074303-09-000008.txt
2026-03-04 11:17:23 [INF] CIK 0000074303 | Cleaning + extracting sections
2026-03-04 11:17:23 [INF] CIK 0000074303 | Filing 853/9706 for Year 2009 | Finished
2026-03-04 11:17:23 [INF] CIK 0000768251 | Filing 854/9706 for Year 2009 | Starting
2026-03-04 11:17:23 [INF] CIK 0000768251 | Downloading filing HTML (cached if available)
2026-03-04 11:17:24 [INF] CIK 0000768251 | Reading HTML from C:\git\Edgar\Edgar\Data\raw\2009\0000768251\000119312509037481\0001193125-09-037481.txt
2026-03-04 11:17:24 [INF] CIK 0000768251 | Cleaning + extracting sections
2026-03-04 11:17:24 [INF] CIK 0000768251 | Filing 854/9706 for Year 2009 | Finished
2026-03-04 11:17:24 [INF] CIK 0000077227 | Filing 855/9706 for Year 2009 | Starting
2026-03-04 11:17:24 [INF] CIK 0000077227 | Missing permno mapping in CCM for Company PENNSYLVANIA ELECTRIC CO (0000077227).
2026-03-04 11:17:24 [INF] CIK 0000077227 | Missing Book-to-Market data for Company PENNSYLVANIA ELECTRIC CO (0000077227) in 2009.
2026-03-04 11:17:24 [INF] CIK 0000077227 | Skipping filing due to missing required data (CCM/CRSP/BTM).
2026-03-04 11:17:24 [INF] CIK 0000773910 | Filing 856/9706 for Year 2009 | Starting
2026-03-04 11:17:24 [INF] CIK 0000773910 | Downloading filing HTML (cached if available)
2026-03-04 11:17:24 [INF] CIK 0000773910 | Reading HTML from C:\git\Edgar\Edgar\Data\raw\2009\0000773910\000119312509036986\0001193125-09-036986.txt
2026-03-04 11:17:24 [INF] CIK 0000773910 | Cleaning + extracting sections
2026-03-04 11:17:25 [INF] CIK 0000773910 | Filing 856/9706 for Year 2009 | Finished
2026-03-04 11:17:25 [INF] CIK 0000778438 | Filing 857/9706 for Year 2009 | Starting
2026-03-04 11:17:25 [INF] CIK 0000778438 | Missing permno mapping in CCM for Company BERRY PETROLEUM CO (0000778438).
2026-03-04 11:17:25 [INF] CIK 0000778438 | Missing Book-to-Market data for Company BERRY PETROLEUM CO (0000778438) in 2009.
2026-03-04 11:17:25 [INF] CIK 0000778438 | Skipping filing due to missing required data (CCM/CRSP/BTM).
2026-03-04 11:17:25 [INF] CIK 0000783280 | Filing 858/9706 for Year 2009 | Starting
2026-03-04 11:17:25 [INF] CIK 0000783280 | Downloading filing HTML (cached if available)
2026-03-04 11:17:25 [INF] CIK 0000783280 | Reading HTML from C:\git\Edgar\Edgar\Data\raw\2009\0000783280\000119312509037302\0001193125-09-037302.txt
2026-03-04 11:17:25 [INF] CIK 0000783280 | Cleaning + extracting sections
2026-03-04 11:17:25 [INF] CIK 0000783280 | Filing 858/9706 for Year 2009 | Finished
2026-03-04 11:17:25 [INF] CIK 0000784977 | Filing 859/9706 for Year 2009 | Starting
2026-03-04 11:17:25 [INF] CIK 0000784977 | Downloading filing HTML (cached if available)
2026-03-04 11:17:25 [INF] CIK 0000784977 | Reading HTML from C:\git\Edgar\Edgar\Data\raw\2009\0000784977\000119312509036730\0001193125-09-036730.txt
2026-03-04 11:17:26 [INF] CIK 0000784977 | Cleaning + extracting sections
2026-03-04 11:17:26 [INF] CIK 0000784977 | Filing 859/9706 for Year 2009 | Finished
2026-03-04 11:17:26 [INF] CIK 0000799292 | Filing 860/9706 for Year 2009 | Starting
2026-03-04 11:17:26 [INF] CIK 0000799292 | Downloading filing HTML (cached if available)
2026-03-04 11:17:26 [INF] CIK 0000799292 | Reading HTML from C:\git\Edgar\Edgar\Data\raw\2009\0000799292\000079929209000010\0000799292-09-000010.txt
2026-03-04 11:17:26 [INF] CIK 0000799292 | Cleaning + extracting sections
2026-03-04 11:17:26 [INF] CIK 0000799292 | Filing 860/9706 for Year 2009 | Finished
2026-03-04 11:17:26 [INF] CIK 0000805676 | Filing 861/9706 for Year 2009 | Starting
2026-03-04 11:17:26 [INF] CIK 0000805676 | Downloading filing HTML (cached if available)
2026-03-04 11:17:27 [INF] CIK 0000805676 | Reading HTML from C:\git\Edgar\Edgar\Data\raw\2009\0000805676\000136231009002764\0001362310-09-002764.txt
2026-03-04 11:17:27 [INF] CIK 0000805676 | Cleaning + extracting sections
2026-03-04 11:17:27 [INF] CIK 0000805676 | Filing 861/9706 for Year 2009 | Finished
2026-03-04 11:17:27 [INF] CIK 0000080661 | Filing 862/9706 for Year 2009 | Starting
2026-03-04 11:17:27 [INF] CIK 0000080661 | Downloading filing HTML (cached if available)
2026-03-04 11:17:27 [INF] CIK 0000080661 | Reading HTML from C:\git\Edgar\Edgar\Data\raw\2009\0000080661\000119312509037067\0001193125-09-037067.txt
2026-03-04 11:17:27 [INF] CIK 0000080661 | Cleaning + extracting sections
2026-03-04 11:17:28 [INF] CIK 0000080661 | Filing 862/9706 for Year 2009 | Finished
2026-03-04 11:17:28 [INF] CIK 0000811156 | Filing 863/9706 for Year 2009 | Starting
2026-03-04 11:17:28 [INF] CIK 0000811156 | Downloading filing HTML (cached if available)
2026-03-04 11:17:28 [INF] CIK 0000811156 | Reading HTML from C:\git\Edgar\Edgar\Data\raw\2009\0000811156\000095015209001765\0000950152-09-001765.txt
2026-03-04 11:17:28 [INF] CIK 0000811156 | Cleaning + extracting sections
2026-03-04 11:17:29 [INF] CIK 0000811156 | Filing 863/9706 for Year 2009 | Finished
2026-03-04 11:17:29 [INF] CIK 0000813828 | Filing 864/9706 for Year 2009 | Starting
2026-03-04 11:17:29 [INF] CIK 0000813828 | Missing permno mapping in CCM for Company CBS CORP (0000813828).
2026-03-04 11:17:29 [INF] CIK 0000813828 | Missing Book-to-Market data for Company CBS CORP (0000813828) in 2009.
2026-03-04 11:17:29 [INF] CIK 0000813828 | Skipping filing due to missing required data (CCM/CRSP/BTM).
2026-03-04 11:17:29 [INF] CIK 0000820237 | Filing 865/9706 for Year 2009 | Starting
2026-03-04 11:17:29 [INF] CIK 0000820237 | Downloading filing HTML (cached if available)
2026-03-04 11:17:29 [INF] CIK 0000820237 | Reading HTML from C:\git\Edgar\Edgar\Data\raw\2009\0000820237\000093639209000091\0000936392-09-000091.txt
2026-03-04 11:17:29 [INF] CIK 0000820237 | Cleaning + extracting sections
2026-03-04 11:17:29 [INF] CIK 0000820237 | Filing 865/9706 for Year 2009 | Finished
2026-03-04 11:17:29 [INF] CIK 0000820600 | Filing 866/9706 for Year 2009 | Starting
2026-03-04 11:17:29 [INF] CIK 0000820600 | Missing permno mapping in CCM for Company Omagine, Inc. (0000820600).
2026-03-04 11:17:29 [INF] CIK 0000820600 | Missing Book-to-Market data for Company Omagine, Inc. (0000820600) in 2009.
2026-03-04 11:17:29 [INF] CIK 0000820600 | Skipping filing due to missing required data (CCM/CRSP/BTM).
2026-03-04 11:17:29 [INF] CIK 0000821189 | Filing 867/9706 for Year 2009 | Starting
2026-03-04 11:17:29 [INF] CIK 0000821189 | Downloading filing HTML (cached if available)
2026-03-04 11:17:30 [INF] CIK 0000821189 | Reading HTML from C:\git\Edgar\Edgar\Data\raw\2009\0000821189\000082118909000008\0000821189-09-000008.txt
2026-03-04 11:17:30 [INF] CIK 0000821189 | Cleaning + extracting sections
2026-03-04 11:17:30 [INF] CIK 0000821189 | Filing 867/9706 for Year 2009 | Finished
2026-03-04 11:17:30 [INF] CIK 0000082811 | Filing 868/9706 for Year 2009 | Starting
2026-03-04 11:17:30 [INF] CIK 0000082811 | Downloading filing HTML (cached if available)
2026-03-04 11:17:30 [INF] CIK 0000082811 | Reading HTML from C:\git\Edgar\Edgar\Data\raw\2009\0000082811\000008281109000004\0000082811-09-000004.txt
2026-03-04 11:17:30 [INF] CIK 0000082811 | Cleaning + extracting sections
2026-03-04 11:17:30 [INF] CIK 0000082811 | Filing 868/9706 for Year 2009 | Finished
2026-03-04 11:17:30 [INF] CIK 0000829608 | Filing 869/9706 for Year 2009 | Starting
2026-03-04 11:17:30 [INF] CIK 0000829608 | Downloading filing HTML (cached if available)
2026-03-04 11:17:31 [INF] CIK 0000829608 | Reading HTML from C:\git\Edgar\Edgar\Data\raw\2009\0000829608\000095014409001620\0000950144-09-001620.txt
2026-03-04 11:17:31 [INF] CIK 0000829608 | Cleaning + extracting sections
2026-03-04 11:17:31 [INF] CIK 0000829608 | Filing 869/9706 for Year 2009 | Finished
2026-03-04 11:17:31 [INF] CIK 0000833081 | Filing 870/9706 for Year 2009 | Starting
2026-03-04 11:17:31 [INF] CIK 0000833081 | Downloading filing HTML (cached if available)
2026-03-04 11:17:31 [INF] CIK 0000833081 | Reading HTML from C:\git\Edgar\Edgar\Data\raw\2009\0000833081\000114036109004958\0001140361-09-004958.txt
2026-03-04 11:17:31 [INF] CIK 0000833081 | Cleaning + extracting sections
2026-03-04 11:17:31 [INF] CIK 0000833081 | Filing 870/9706 for Year 2009 | Finished
2026-03-04 11:17:31 [INF] CIK 0000084246 | Filing 871/9706 for Year 2009 | Starting
2026-03-04 11:17:31 [INF] CIK 0000084246 | Downloading filing HTML (cached if available)
2026-03-04 11:17:32 [INF] CIK 0000084246 | Reading HTML from C:\git\Edgar\Edgar\Data\raw\2009\0000084246\000110465909012028\0001104659-09-012028.txt
2026-03-04 11:17:32 [INF] CIK 0000084246 | Cleaning + extracting sections
2026-03-04 11:17:32 [INF] CIK 0000084246 | Filing 871/9706 for Year 2009 | Finished
2026-03-04 11:17:32 [INF] CIK 0000851520 | Filing 872/9706 for Year 2009 | Starting
2026-03-04 11:17:32 [INF] CIK 0000851520 | Downloading filing HTML (cached if available)
2026-03-04 11:17:33 [INF] CIK 0000851520 | Reading HTML from C:\git\Edgar\Edgar\Data\raw\2009\0000851520\000119312509036413\0001193125-09-036413.txt
2026-03-04 11:17:33 [INF] CIK 0000851520 | Cleaning + extracting sections
2026-03-04 11:17:33 [INF] CIK 0000851520 | Filing 872/9706 for Year 2009 | Finished
2026-03-04 11:17:33 [INF] CIK 0000853816 | Filing 873/9706 for Year 2009 | Starting
2026-03-04 11:17:33 [INF] CIK 0000853816 | Downloading filing HTML (cached if available)
2026-03-04 11:17:33 [INF] CIK 0000853816 | Reading HTML from C:\git\Edgar\Edgar\Data\raw\2009\0000853816\000095014409001583\0000950144-09-001583.txt
2026-03-04 11:17:33 [INF] CIK 0000853816 | Cleaning + extracting sections
2026-03-04 11:17:33 [INF] CIK 0000853816 | Filing 873/9706 for Year 2009 | Finished
2026-03-04 11:17:33 [INF] CIK 0000085974 | Filing 874/9706 for Year 2009 | Starting
2026-03-04 11:17:33 [INF] CIK 0000085974 | Downloading filing HTML (cached if available)
2026-03-04 11:17:34 [INF] CIK 0000085974 | Reading HTML from C:\git\Edgar\Edgar\Data\raw\2009\0000085974\000104746909001789\0001047469-09-001789.txt
2026-03-04 11:17:34 [INF] CIK 0000085974 | Cleaning + extracting sections
2026-03-04 11:17:34 [INF] CIK 0000085974 | Filing 874/9706 for Year 2009 | Finished
2026-03-04 11:17:34 [INF] CIK 0000862022 | Filing 875/9706 for Year 2009 | Starting
2026-03-04 11:17:34 [INF] CIK 0000862022 | Downloading filing HTML (cached if available)
2026-03-04 11:17:35 [INF] CIK 0000862022 | Reading HTML from C:\git\Edgar\Edgar\Data\raw\2009\0000862022\000114420409010789\0001144204-09-010789.txt
2026-03-04 11:17:35 [INF] CIK 0000862022 | Cleaning + extracting sections
2026-03-04 11:17:35 [INF] CIK 0000862022 | Filing 875/9706 for Year 2009 | Finished
2026-03-04 11:17:35 [INF] CIK 0000868809 | Filing 876/9706 for Year 2009 | Starting
2026-03-04 11:17:35 [INF] CIK 0000868809 | Downloading filing HTML (cached if available)
2026-03-04 11:17:35 [INF] CIK 0000868809 | Reading HTML from C:\git\Edgar\Edgar\Data\raw\2009\0000868809\000119312509037189\0001193125-09-037189.txt
2026-03-04 11:17:35 [INF] CIK 0000868809 | Cleaning + extracting sections
2026-03-04 11:17:35 [INF] CIK 0000868809 | Filing 876/9706 for Year 2009 | Finished
2026-03-04 11:17:35 [INF] CIK 0000881787 | Filing 877/9706 for Year 2009 | Starting
2026-03-04 11:17:35 [INF] CIK 0000881787 | Downloading filing HTML (cached if available)
2026-03-04 11:17:36 [INF] CIK 0000881787 | Reading HTML from C:\git\Edgar\Edgar\Data\raw\2009\0000881787\000119312509037175\0001193125-09-037175.txt
2026-03-04 11:17:36 [INF] CIK 0000881787 | Cleaning + extracting sections
2026-03-04 11:17:36 [INF] CIK 0000881787 | Filing 877/9706 for Year 2009 | Finished
2026-03-04 11:17:36 [INF] CIK 0000008818 | Filing 878/9706 for Year 2009 | Starting
2026-03-04 11:17:36 [INF] CIK 0000008818 | Downloading filing HTML (cached if available)
2026-03-04 11:17:36 [INF] CIK 0000008818 | Reading HTML from C:\git\Edgar\Edgar\Data\raw\2009\0000008818\000095014809000021\0000950148-09-000021.txt
2026-03-04 11:17:36 [INF] CIK 0000008818 | Cleaning + extracting sections
2026-03-04 11:17:36 [INF] CIK 0000008818 | Filing 878/9706 for Year 2009 | Finished
2026-03-04 11:17:36 [INF] CIK 0000882235 | Filing 879/9706 for Year 2009 | Starting
2026-03-04 11:17:36 [INF] CIK 0000882235 | Downloading filing HTML (cached if available)
2026-03-04 11:17:37 [INF] CIK 0000882235 | Reading HTML from C:\git\Edgar\Edgar\Data\raw\2009\0000882235\000119312509037493\0001193125-09-037493.txt
2026-03-04 11:17:37 [INF] CIK 0000882235 | Cleaning + extracting sections
2026-03-04 11:17:37 [INF] CIK 0000882235 | Filing 879/9706 for Year 2009 | Finished
2026-03-04 11:17:37 [INF] CIK 0000884905 | Filing 880/9706 for Year 2009 | Starting
2026-03-04 11:17:37 [INF] CIK 0000884905 | Missing permno mapping in CCM for Company PRAXAIR INC (0000884905).
2026-03-04 11:17:37 [INF] CIK 0000884905 | Missing Book-to-Market data for Company PRAXAIR INC (0000884905) in 2009.
2026-03-04 11:17:37 [INF] CIK 0000884905 | Skipping filing due to missing required data (CCM/CRSP/BTM).
2026-03-04 11:17:37 [INF] CIK 0000885721 | Filing 881/9706 for Year 2009 | Starting
2026-03-04 11:17:37 [INF] CIK 0000885721 | Missing permno mapping in CCM for Company EXPRESS SCRIPTS INC (0000885721).
2026-03-04 11:17:37 [INF] CIK 0000885721 | Missing Book-to-Market data for Company EXPRESS SCRIPTS INC (0000885721) in 2009.
2026-03-04 11:17:37 [INF] CIK 0000885721 | Skipping filing due to missing required data (CCM/CRSP/BTM).
2026-03-04 11:17:37 [INF] CIK 0000887905 | Filing 882/9706 for Year 2009 | Starting
2026-03-04 11:17:37 [INF] CIK 0000887905 | Downloading filing HTML (cached if available)
2026-03-04 11:17:37 [INF] CIK 0000887905 | Reading HTML from C:\git\Edgar\Edgar\Data\raw\2009\0000887905\000104746909001825\0001047469-09-001825.txt
2026-03-04 11:17:37 [INF] CIK 0000887905 | Cleaning + extracting sections
2026-03-04 11:17:37 [INF] CIK 0000887905 | Filing 882/9706 for Year 2009 | Finished
2026-03-04 11:17:37 [INF] CIK 0000887921 | Filing 883/9706 for Year 2009 | Starting
2026-03-04 11:17:37 [INF] CIK 0000887921 | Downloading filing HTML (cached if available)
2026-03-04 11:17:38 [INF] CIK 0000887921 | Reading HTML from C:\git\Edgar\Edgar\Data\raw\2009\0000887921\000095012309003443\0000950123-09-003443.txt
2026-03-04 11:17:38 [INF] CIK 0000887921 | Cleaning + extracting sections
2026-03-04 11:17:38 [INF] CIK 0000887921 | Filing 883/9706 for Year 2009 | Finished
2026-03-04 11:17:38 [INF] CIK 0000889331 | Filing 884/9706 for Year 2009 | Starting
2026-03-04 11:17:38 [INF] CIK 0000889331 | Downloading filing HTML (cached if available)
2026-03-04 11:17:38 [INF] CIK 0000889331 | Reading HTML from C:\git\Edgar\Edgar\Data\raw\2009\0000889331\000095013709001280\0000950137-09-001280.txt
2026-03-04 11:17:38 [INF] CIK 0000889331 | Cleaning + extracting sections
2026-03-04 11:17:38 [INF] CIK 0000889331 | Filing 884/9706 for Year 2009 | Finished
2026-03-04 11:17:38 [INF] CIK 0000890547 | Filing 885/9706 for Year 2009 | Starting
2026-03-04 11:17:38 [INF] CIK 0000890547 | Missing permno mapping in CCM for Company REVLON CONSUMER PRODUCTS CORP (0000890547).
2026-03-04 11:17:38 [INF] CIK 0000890547 | Missing Book-to-Market data for Company REVLON CONSUMER PRODUCTS CORP (0000890547) in 2009.
2026-03-04 11:17:38 [INF] CIK 0000890547 | Skipping filing due to missing required data (CCM/CRSP/BTM).
2026-03-04 11:17:38 [INF] CIK 0000892553 | Filing 886/9706 for Year 2009 | Starting
2026-03-04 11:17:38 [INF] CIK 0000892553 | Downloading filing HTML (cached if available)
2026-03-04 11:17:39 [INF] CIK 0000892553 | Reading HTML from C:\git\Edgar\Edgar\Data\raw\2009\0000892553\000119312509037557\0001193125-09-037557.txt
2026-03-04 11:17:39 [INF] CIK 0000892553 | Cleaning + extracting sections
2026-03-04 11:17:39 [INF] CIK 0000892553 | Filing 886/9706 for Year 2009 | Finished
2026-03-04 11:17:39 [INF] CIK 0000894253 | Filing 887/9706 for Year 2009 | Starting
2026-03-04 11:17:39 [INF] CIK 0000894253 | Missing permno mapping in CCM for Company PEROT SYSTEMS CORP (0000894253).
2026-03-04 11:17:39 [INF] CIK 0000894253 | Missing Book-to-Market data for Company PEROT SYSTEMS CORP (0000894253) in 2009.
2026-03-04 11:17:39 [INF] CIK 0000894253 | Skipping filing due to missing required data (CCM/CRSP/BTM).
2026-03-04 11:17:39 [INF] CIK 0000903571 | Filing 888/9706 for Year 2009 | Starting
2026-03-04 11:17:39 [INF] CIK 0000903571 | Downloading filing HTML (cached if available)
2026-03-04 11:17:39 [INF] CIK 0000903571 | Reading HTML from C:\git\Edgar\Edgar\Data\raw\2009\0000903571\000119312509037553\0001193125-09-037553.txt
2026-03-04 11:17:39 [INF] CIK 0000903571 | Cleaning + extracting sections
2026-03-04 11:17:39 [INF] CIK 0000903571 | Filing 888/9706 for Year 2009 | Finished
2026-03-04 11:17:39 [INF] CIK 0000906163 | Filing 889/9706 for Year 2009 | Starting
2026-03-04 11:17:39 [INF] CIK 0000906163 | Downloading filing HTML (cached if available)
2026-03-04 11:17:40 [INF] CIK 0000906163 | Reading HTML from C:\git\Edgar\Edgar\Data\raw\2009\0000906163\000095013309000438\0000950133-09-000438.txt
2026-03-04 11:17:40 [INF] CIK 0000906163 | Cleaning + extracting sections
2026-03-04 11:17:45 [INF] CIK 0000906163 | Filing 889/9706 for Year 2009 | Finished
2026-03-04 11:17:45 [INF] CIK 0000909281 | Filing 890/9706 for Year 2009 | Starting
2026-03-04 11:17:45 [INF] CIK 0000909281 | Downloading filing HTML (cached if available)
2026-03-04 11:17:46 [INF] CIK 0000909281 | Reading HTML from C:\git\Edgar\Edgar\Data\raw\2009\0000909281\000090928109000016\0000909281-09-000016.txt
2026-03-04 11:17:46 [INF] CIK 0000909281 | Cleaning + extracting sections
2026-03-04 11:17:46 [INF] CIK 0000909281 | Filing 890/9706 for Year 2009 | Finished
2026-03-04 11:17:46 [INF] CIK 0000091142 | Filing 891/9706 for Year 2009 | Starting
2026-03-04 11:17:46 [INF] CIK 0000091142 | Downloading filing HTML (cached if available)
2026-03-04 11:17:46 [INF] CIK 0000091142 | Reading HTML from C:\git\Edgar\Edgar\Data\raw\2009\0000091142\000119312509037280\0001193125-09-037280.txt
2026-03-04 11:17:47 [INF] CIK 0000091142 | Cleaning + extracting sections
2026-03-04 11:17:47 [INF] CIK 0000091142 | Filing 891/9706 for Year 2009 | Finished
2026-03-04 11:17:47 [INF] CIK 0000911635 | Filing 892/9706 for Year 2009 | Starting
2026-03-04 11:17:47 [INF] CIK 0000911635 | Downloading filing HTML (cached if available)
2026-03-04 11:17:47 [INF] CIK 0000911635 | Reading HTML from C:\git\Edgar\Edgar\Data\raw\2009\0000911635\000091163509000010\0000911635-09-000010.txt
2026-03-04 11:17:47 [INF] CIK 0000911635 | Cleaning + extracting sections
2026-03-04 11:17:47 [INF] CIK 0000911635 | Filing 892/9706 for Year 2009 | Finished
2026-03-04 11:17:47 [INF] CIK 0000912595 | Filing 893/9706 for Year 2009 | Starting
2026-03-04 11:17:47 [INF] CIK 0000912595 | Downloading filing HTML (cached if available)
2026-03-04 11:17:48 [INF] CIK 0000912595 | Reading HTML from C:\git\Edgar\Edgar\Data\raw\2009\0000912595\000120677409000321\0001206774-09-000321.txt
2026-03-04 11:17:48 [INF] CIK 0000912595 | Cleaning + extracting sections
2026-03-04 11:17:48 [INF] CIK 0000912595 | Filing 893/9706 for Year 2009 | Finished
2026-03-04 11:17:48 [INF] CIK 0000912767 | Filing 894/9706 for Year 2009 | Starting
2026-03-04 11:17:48 [INF] CIK 0000912767 | Downloading filing HTML (cached if available)
2026-03-04 11:17:48 [INF] CIK 0000912767 | Reading HTML from C:\git\Edgar\Edgar\Data\raw\2009\0000912767\000136231009002752\0001362310-09-002752.txt
2026-03-04 11:17:48 [INF] CIK 0000912767 | Cleaning + extracting sections
2026-03-04 11:17:48 [INF] CIK 0000912767 | Filing 894/9706 for Year 2009 | Finished
2026-03-04 11:17:48 [INF] CIK 0000915389 | Filing 895/9706 for Year 2009 | Starting
2026-03-04 11:17:48 [INF] CIK 0000915389 | Downloading filing HTML (cached if available)
2026-03-04 11:17:49 [INF] CIK 0000915389 | Reading HTML from C:\git\Edgar\Edgar\Data\raw\2009\0000915389\000091538909000014\0000915389-09-000014.txt
2026-03-04 11:17:49 [INF] CIK 0000915389 | Cleaning + extracting sections
2026-03-04 11:17:49 [INF] CIK 0000915389 | Filing 895/9706 for Year 2009 | Finished
2026-03-04 11:17:49 [INF] CIK 0000916365 | Filing 896/9706 for Year 2009 | Starting
2026-03-04 11:17:49 [INF] CIK 0000916365 | Downloading filing HTML (cached if available)
2026-03-04 11:17:49 [INF] CIK 0000916365 | Reading HTML from C:\git\Edgar\Edgar\Data\raw\2009\0000916365\000136231009002757\0001362310-09-002757.txt
2026-03-04 11:17:49 [INF] CIK 0000916365 | Cleaning + extracting sections
2026-03-04 11:17:49 [INF] CIK 0000916365 | Filing 896/9706 for Year 2009 | Finished
2026-03-04 11:17:49 [INF] CIK 0000918946 | Filing 897/9706 for Year 2009 | Starting
2026-03-04 11:17:49 [INF] CIK 0000918946 | Downloading filing HTML (cached if available)
2026-03-04 11:17:50 [INF] CIK 0000918946 | Reading HTML from C:\git\Edgar\Edgar\Data\raw\2009\0000918946\000095013709001300\0000950137-09-001300.txt
2026-03-04 11:17:50 [INF] CIK 0000918946 | Cleaning + extracting sections
2026-03-04 11:17:50 [INF] CIK 0000918946 | Filing 897/9706 for Year 2009 | Finished
2026-03-04 11:17:50 [INF] CIK 0000092122 | Filing 898/9706 for Year 2009 | Starting
2026-03-04 11:17:50 [INF] CIK 0000092122 | Downloading filing HTML (cached if available)
2026-03-04 11:17:51 [INF] CIK 0000092122 | Reading HTML from C:\git\Edgar\Edgar\Data\raw\2009\0000092122\000009212209000011\0000092122-09-000011.txt
2026-03-04 11:17:51 [INF] CIK 0000092122 | Cleaning + extracting sections
2026-03-04 11:17:51 [INF] CIK 0000092122 | Filing 898/9706 for Year 2009 | Finished
2026-03-04 11:17:51 [INF] CIK 0000921506 | Filing 899/9706 for Year 2009 | Starting
2026-03-04 11:17:51 [INF] CIK 0000921506 | Missing permno mapping in CCM for Company CV THERAPEUTICS INC (0000921506).
2026-03-04 11:17:51 [INF] CIK 0000921506 | Missing Book-to-Market data for Company CV THERAPEUTICS INC (0000921506) in 2009.
2026-03-04 11:17:51 [INF] CIK 0000921506 | Skipping filing due to missing required data (CCM/CRSP/BTM).
2026-03-04 11:17:51 [INF] CIK 0000925645 | Filing 900/9706 for Year 2009 | Starting
2026-03-04 11:17:51 [INF] CIK 0000925645 | Downloading filing HTML (cached if available)
2026-03-04 11:17:52 [INF] CIK 0000925645 | Reading HTML from C:\git\Edgar\Edgar\Data\raw\2009\0000925645\000114036109004966\0001140361-09-004966.txt
2026-03-04 11:17:52 [INF] CIK 0000925645 | Cleaning + extracting sections
2026-03-04 11:17:52 [INF] CIK 0000925645 | Filing 900/9706 for Year 2009 | Finished
2026-03-04 11:17:52 [INF] CIK 0000009389 | Filing 901/9706 for Year 2009 | Starting
2026-03-04 11:17:52 [INF] CIK 0000009389 | Downloading filing HTML (cached if available)
2026-03-04 11:17:53 [INF] CIK 0000009389 | Reading HTML from C:\git\Edgar\Edgar\Data\raw\2009\0000009389\000000938909000006\0000009389-09-000006.txt
2026-03-04 11:17:53 [INF] CIK 0000009389 | Cleaning + extracting sections
2026-03-04 11:17:53 [INF] CIK 0000009389 | Filing 901/9706 for Year 2009 | Finished
2026-03-04 11:17:53 [INF] CIK 0000941548 | Filing 902/9706 for Year 2009 | Starting
2026-03-04 11:17:53 [INF] CIK 0000941548 | Downloading filing HTML (cached if available)
2026-03-04 11:17:54 [INF] CIK 0000941548 | Reading HTML from C:\git\Edgar\Edgar\Data\raw\2009\0000941548\000094154809000013\0000941548-09-000013.txt
2026-03-04 11:17:54 [INF] CIK 0000941548 | Cleaning + extracting sections
2026-03-04 11:17:54 [INF] CIK 0000941548 | Filing 902/9706 for Year 2009 | Finished
2026-03-04 11:17:54 [INF] CIK 0000095304 | Filing 903/9706 for Year 2009 | Starting
2026-03-04 11:17:54 [INF] CIK 0000095304 | Downloading filing HTML (cached if available)
2026-03-04 11:17:54 [INF] CIK 0000095304 | Reading HTML from C:\git\Edgar\Edgar\Data\raw\2009\0000095304\000119312509037075\0001193125-09-037075.txt
2026-03-04 11:17:54 [INF] CIK 0000095304 | Cleaning + extracting sections
2026-03-04 11:17:55 [INF] CIK 0000095304 | Filing 903/9706 for Year 2009 | Finished
2026-03-04 11:17:55 [INF] CIK 0000096943 | Filing 904/9706 for Year 2009 | Starting
2026-03-04 11:17:55 [INF] CIK 0000096943 | Downloading filing HTML (cached if available)
2026-03-04 11:17:55 [INF] CIK 0000096943 | Reading HTML from C:\git\Edgar\Edgar\Data\raw\2009\0000096943\000089322009000387\0000893220-09-000387.txt
2026-03-04 11:17:55 [INF] CIK 0000096943 | Cleaning + extracting sections
2026-03-04 11:17:55 [INF] CIK 0000096943 | Filing 904/9706 for Year 2009 | Finished
2026-03-04 11:17:55 [INF] CIK 0001003022 | Filing 905/9706 for Year 2009 | Starting
2026-03-04 11:17:55 [INF] CIK 0001003022 | Downloading filing HTML (cached if available)
2026-03-04 11:17:56 [INF] CIK 0001003022 | Reading HTML from C:\git\Edgar\Edgar\Data\raw\2009\0001003022\000119312509039143\0001193125-09-039143.txt
2026-03-04 11:17:56 [INF] CIK 0001003022 | Cleaning + extracting sections
2026-03-04 11:17:56 [INF] CIK 0001003022 | Filing 905/9706 for Year 2009 | Finished
2026-03-04 11:17:56 [INF] CIK 0000101382 | Filing 906/9706 for Year 2009 | Starting
2026-03-04 11:17:56 [INF] CIK 0000101382 | Downloading filing HTML (cached if available)
2026-03-04 11:17:57 [INF] CIK 0000101382 | Reading HTML from C:\git\Edgar\Edgar\Data\raw\2009\0000101382\000119312509039141\0001193125-09-039141.txt
2026-03-04 11:17:57 [INF] CIK 0000101382 | Cleaning + extracting sections
2026-03-04 11:17:57 [INF] CIK 0000101382 | Filing 906/9706 for Year 2009 | Finished
2026-03-04 11:17:57 [INF] CIK 0001015780 | Filing 907/9706 for Year 2009 | Starting
2026-03-04 11:17:57 [INF] CIK 0001015780 | Downloading filing HTML (cached if available)
2026-03-04 11:17:57 [INF] CIK 0001015780 | Reading HTML from C:\git\Edgar\Edgar\Data\raw\2009\0001015780\000119312509039144\0001193125-09-039144.txt
2026-03-04 11:17:57 [INF] CIK 0001015780 | Cleaning + extracting sections
2026-03-04 11:17:57 [INF] CIK 0001015780 | Filing 907/9706 for Year 2009 | Finished
2026-03-04 11:17:57 [INF] CIK 0001033905 | Filing 908/9706 for Year 2009 | Starting
2026-03-04 11:17:57 [INF] CIK 0001033905 | Downloading filing HTML (cached if available)
2026-03-04 11:17:58 [INF] CIK 0001033905 | Reading HTML from C:\git\Edgar\Edgar\Data\raw\2009\0001033905\000136231009002800\0001362310-09-002800.txt
2026-03-04 11:17:58 [INF] CIK 0001033905 | Cleaning + extracting sections
2026-03-04 11:17:58 [INF] CIK 0001033905 | Filing 908/9706 for Year 2009 | Finished
2026-03-04 11:17:58 [INF] CIK 0001035884 | Filing 909/9706 for Year 2009 | Starting
2026-03-04 11:17:58 [INF] CIK 0001035884 | Downloading filing HTML (cached if available)
2026-03-04 11:17:58 [INF] CIK 0001035884 | Reading HTML from C:\git\Edgar\Edgar\Data\raw\2009\0001035884\000119312509039140\0001193125-09-039140.txt
2026-03-04 11:17:58 [INF] CIK 0001035884 | Cleaning + extracting sections
2026-03-04 11:17:58 [INF] CIK 0001035884 | Filing 909/9706 for Year 2009 | Finished
2026-03-04 11:17:58 [INF] CIK 0000103682 | Filing 910/9706 for Year 2009 | Starting
2026-03-04 11:17:58 [INF] CIK 0000103682 | Missing permno mapping in CCM for Company VIRGINIA ELECTRIC & POWER CO (0000103682).
2026-03-04 11:17:58 [INF] CIK 0000103682 | Missing Book-to-Market data for Company VIRGINIA ELECTRIC & POWER CO (0000103682) in 2009.
2026-03-04 11:17:58 [INF] CIK 0000103682 | Skipping filing due to missing required data (CCM/CRSP/BTM).
2026-03-04 11:17:58 [INF] CIK 0001036960 | Filing 911/9706 for Year 2009 | Starting
2026-03-04 11:17:58 [INF] CIK 0001036960 | Downloading filing HTML (cached if available)
2026-03-04 11:17:59 [INF] CIK 0001036960 | Reading HTML from C:\git\Edgar\Edgar\Data\raw\2009\0001036960\000119312509038945\0001193125-09-038945.txt
2026-03-04 11:17:59 [INF] CIK 0001036960 | Cleaning + extracting sections
2026-03-04 11:17:59 [INF] CIK 0001036960 | Filing 911/9706 for Year 2009 | Finished
2026-03-04 11:17:59 [INF] CIK 0001037016 | Filing 912/9706 for Year 2009 | Starting
2026-03-04 11:17:59 [INF] CIK 0001037016 | Downloading filing HTML (cached if available)
2026-03-04 11:17:59 [INF] CIK 0001037016 | Reading HTML from C:\git\Edgar\Edgar\Data\raw\2009\0001037016\000095013309000472\0000950133-09-000472.txt
2026-03-04 11:17:59 [INF] CIK 0001037016 | Cleaning + extracting sections
2026-03-04 11:18:00 [INF] CIK 0001037016 | Filing 912/9706 for Year 2009 | Finished
2026-03-04 11:18:00 [INF] CIK 0000103730 | Filing 913/9706 for Year 2009 | Starting
2026-03-04 11:18:00 [INF] CIK 0000103730 | Downloading filing HTML (cached if available)
2026-03-04 11:18:00 [INF] CIK 0000103730 | Reading HTML from C:\git\Edgar\Edgar\Data\raw\2009\0000103730\000120677409000337\0001206774-09-000337.txt
2026-03-04 11:18:00 [INF] CIK 0000103730 | Cleaning + extracting sections
2026-03-04 11:18:00 [INF] CIK 0000103730 | Filing 913/9706 for Year 2009 | Finished
2026-03-04 11:18:00 [INF] CIK 0001037760 | Filing 914/9706 for Year 2009 | Starting
2026-03-04 11:18:00 [INF] CIK 0001037760 | Downloading filing HTML (cached if available)
2026-03-04 11:18:00 [INF] CIK 0001037760 | Reading HTML from C:\git\Edgar\Edgar\Data\raw\2009\0001037760\000119312509038982\0001193125-09-038982.txt
2026-03-04 11:18:00 [INF] CIK 0001037760 | Cleaning + extracting sections
2026-03-04 11:18:01 [INF] CIK 0001037760 | Filing 914/9706 for Year 2009 | Finished
2026-03-04 11:18:01 [INF] CIK 0001037868 | Filing 915/9706 for Year 2009 | Starting
2026-03-04 11:18:01 [INF] CIK 0001037868 | Downloading filing HTML (cached if available)
2026-03-04 11:18:01 [INF] CIK 0001037868 | Reading HTML from C:\git\Edgar\Edgar\Data\raw\2009\0001037868\000089322009000390\0000893220-09-000390.txt
2026-03-04 11:18:01 [INF] CIK 0001037868 | Cleaning + extracting sections
2026-03-04 11:18:01 [INF] CIK 0001037868 | Filing 915/9706 for Year 2009 | Finished
2026-03-04 11:18:01 [INF] CIK 0001039101 | Filing 916/9706 for Year 2009 | Starting
2026-03-04 11:18:01 [INF] CIK 0001039101 | Downloading filing HTML (cached if available)
2026-03-04 11:18:02 [INF] CIK 0001039101 | Reading HTML from C:\git\Edgar\Edgar\Data\raw\2009\0001039101\000095012309003573\0000950123-09-003573.txt
2026-03-04 11:18:02 [INF] CIK 0001039101 | Cleaning + extracting sections
2026-03-04 11:18:02 [INF] CIK 0001039101 | Filing 916/9706 for Year 2009 | Finished
2026-03-04 11:18:02 [INF] CIK 0001043219 | Filing 917/9706 for Year 2009 | Starting
2026-03-04 11:18:02 [INF] CIK 0001043219 | Downloading filing HTML (cached if available)
2026-03-04 11:18:02 [INF] CIK 0001043219 | Reading HTML from C:\git\Edgar\Edgar\Data\raw\2009\0001043219\000115752309001643\0001157523-09-001643.txt
2026-03-04 11:18:02 [INF] CIK 0001043219 | Cleaning + extracting sections
2026-03-04 11:18:02 [INF] CIK 0001043219 | Filing 917/9706 for Year 2009 | Finished
2026-03-04 11:18:02 [INF] CIK 0001044590 | Filing 918/9706 for Year 2009 | Starting
2026-03-04 11:18:02 [INF] CIK 0001044590 | Downloading filing HTML (cached if available)
2026-03-04 11:18:03 [INF] CIK 0001044590 | Reading HTML from C:\git\Edgar\Edgar\Data\raw\2009\0001044590\000104459009000026\0001044590-09-000026.txt
2026-03-04 11:18:03 [INF] CIK 0001044590 | Cleaning + extracting sections
2026-03-04 11:18:03 [INF] CIK 0001044590 | Filing 918/9706 for Year 2009 | Finished
2026-03-04 11:18:03 [INF] CIK 0001047166 | Filing 919/9706 for Year 2009 | Starting
2026-03-04 11:18:03 [INF] CIK 0001047166 | Missing permno mapping in CCM for Company UNITED RENTALS NORTH AMERICA INC (0001047166).
2026-03-04 11:18:03 [INF] CIK 0001047166 | Missing Book-to-Market data for Company UNITED RENTALS NORTH AMERICA INC (0001047166) in 2009.
2026-03-04 11:18:03 [INF] CIK 0001047166 | Skipping filing due to missing required data (CCM/CRSP/BTM).
2026-03-04 11:18:03 [INF] CIK 0000104889 | Filing 920/9706 for Year 2009 | Starting
2026-03-04 11:18:03 [INF] CIK 0000104889 | Downloading filing HTML (cached if available)
2026-03-04 11:18:04 [INF] CIK 0000104889 | Reading HTML from C:\git\Edgar\Edgar\Data\raw\2009\0000104889\000119312509038899\0001193125-09-038899.txt
2026-03-04 11:18:04 [INF] CIK 0000104889 | Cleaning + extracting sections
2026-03-04 11:18:04 [INF] CIK 0000104889 | Filing 920/9706 for Year 2009 | Finished
2026-03-04 11:18:04 [INF] CIK 0001049606 | Filing 921/9706 for Year 2009 | Starting
2026-03-04 11:18:04 [INF] CIK 0001049606 | Downloading filing HTML (cached if available)
2026-03-04 11:18:04 [INF] CIK 0001049606 | Reading HTML from C:\git\Edgar\Edgar\Data\raw\2009\0001049606\000005560409000006\0000055604-09-000006.txt
2026-03-04 11:18:04 [INF] CIK 0001049606 | Cleaning + extracting sections
2026-03-04 11:18:04 [INF] CIK 0001049606 | Filing 921/9706 for Year 2009 | Finished
2026-03-04 11:18:04 [INF] CIK 0001051470 | Filing 922/9706 for Year 2009 | Starting
2026-03-04 11:18:04 [INF] CIK 0001051470 | Downloading filing HTML (cached if available)
2026-03-04 11:18:05 [INF] CIK 0001051470 | Reading HTML from C:\git\Edgar\Edgar\Data\raw\2009\0001051470\000119312509039126\0001193125-09-039126.txt
2026-03-04 11:18:05 [INF] CIK 0001051470 | Cleaning + extracting sections
2026-03-04 11:18:05 [INF] CIK 0001051470 | Filing 922/9706 for Year 2009 | Finished
2026-03-04 11:18:05 [INF] CIK 0001051512 | Filing 923/9706 for Year 2009 | Starting
2026-03-04 11:18:05 [INF] CIK 0001051512 | Downloading filing HTML (cached if available)
2026-03-04 11:18:05 [INF] CIK 0001051512 | Reading HTML from C:\git\Edgar\Edgar\Data\raw\2009\0001051512\000104746909001884\0001047469-09-001884.txt
2026-03-04 11:18:06 [INF] CIK 0001051512 | Cleaning + extracting sections
2026-03-04 11:18:06 [INF] CIK 0001051512 | Filing 923/9706 for Year 2009 | Finished
2026-03-04 11:18:06 [INF] CIK 0001053112 | Filing 924/9706 for Year 2009 | Starting
2026-03-04 11:18:06 [INF] CIK 0001053112 | Missing permno mapping in CCM for Company CABLEVISION SYSTEMS CORP /NY (0001053112).
2026-03-04 11:18:06 [INF] CIK 0001053112 | Missing Book-to-Market data for Company CABLEVISION SYSTEMS CORP /NY (0001053112) in 2009.
2026-03-04 11:18:06 [INF] CIK 0001053112 | Skipping filing due to missing required data (CCM/CRSP/BTM).
2026-03-04 11:18:06 [INF] CIK 0001053507 | Filing 925/9706 for Year 2009 | Starting
2026-03-04 11:18:06 [INF] CIK 0001053507 | Downloading filing HTML (cached if available)
2026-03-04 11:18:06 [INF] CIK 0001053507 | Reading HTML from C:\git\Edgar\Edgar\Data\raw\2009\0001053507\000119312509039177\0001193125-09-039177.txt
2026-03-04 11:18:06 [INF] CIK 0001053507 | Cleaning + extracting sections
2026-03-04 11:18:06 [INF] CIK 0001053507 | Filing 925/9706 for Year 2009 | Finished
2026-03-04 11:18:06 [INF] CIK 0001056239 | Filing 926/9706 for Year 2009 | Starting
2026-03-04 11:18:06 [INF] CIK 0001056239 | Missing permno mapping in CCM for Company L 3 COMMUNICATIONS HOLDINGS INC (0001056239).
2026-03-04 11:18:06 [INF] CIK 0001056239 | Missing Book-to-Market data for Company L 3 COMMUNICATIONS HOLDINGS INC (0001056239) in 2009.
2026-03-04 11:18:06 [INF] CIK 0001056239 | Skipping filing due to missing required data (CCM/CRSP/BTM).
2026-03-04 11:18:06 [INF] CIK 0000105634 | Filing 927/9706 for Year 2009 | Starting
2026-03-04 11:18:06 [INF] CIK 0000105634 | Downloading filing HTML (cached if available)
2026-03-04 11:18:06 [INF] CIK 0000105634 | Reading HTML from C:\git\Edgar\Edgar\Data\raw\2009\0000105634\000093041309001016\0000930413-09-001016.txt
2026-03-04 11:18:06 [INF] CIK 0000105634 | Cleaning + extracting sections
2026-03-04 11:18:06 [INF] CIK 0000105634 | Filing 927/9706 for Year 2009 | Finished
2026-03-04 11:18:06 [INF] CIK 0001057877 | Filing 928/9706 for Year 2009 | Starting
2026-03-04 11:18:06 [INF] CIK 0001057877 | Downloading filing HTML (cached if available)
2026-03-04 11:18:07 [INF] CIK 0001057877 | Reading HTML from C:\git\Edgar\Edgar\Data\raw\2009\0001057877\000105787709000032\0001057877-09-000032.txt
2026-03-04 11:18:07 [INF] CIK 0001057877 | Cleaning + extracting sections
2026-03-04 11:18:07 [INF] CIK 0001057877 | Filing 928/9706 for Year 2009 | Finished
2026-03-04 11:18:07 [INF] CIK 0001063761 | Filing 929/9706 for Year 2009 | Starting
2026-03-04 11:18:07 [INF] CIK 0001063761 | Downloading filing HTML (cached if available)
2026-03-04 11:18:08 [INF] CIK 0001063761 | Reading HTML from C:\git\Edgar\Edgar\Data\raw\2009\0001063761\000104746909001894\0001047469-09-001894.txt
2026-03-04 11:18:08 [INF] CIK 0001063761 | Cleaning + extracting sections
2026-03-04 11:18:08 [INF] CIK 0001063761 | Filing 929/9706 for Year 2009 | Finished
2026-03-04 11:18:08 [INF] CIK 0001065059 | Filing 930/9706 for Year 2009 | Starting
2026-03-04 11:18:08 [INF] CIK 0001065059 | Downloading filing HTML (cached if available)
2026-03-04 11:18:09 [INF] CIK 0001065059 | Reading HTML from C:\git\Edgar\Edgar\Data\raw\2009\0001065059\000095013309000485\0000950133-09-000485.txt
2026-03-04 11:18:09 [INF] CIK 0001065059 | Cleaning + extracting sections
2026-03-04 11:18:09 [INF] CIK 0001065059 | Filing 930/9706 for Year 2009 | Finished
2026-03-04 11:18:09 [INF] CIK 0001065736 | Filing 931/9706 for Year 2009 | Starting
2026-03-04 11:18:09 [INF] CIK 0001065736 | Downloading filing HTML (cached if available)
2026-03-04 11:18:09 [INF] CIK 0001065736 | Reading HTML from C:\git\Edgar\Edgar\Data\raw\2009\0001065736\000095014409001652\0000950144-09-001652.txt
2026-03-04 11:18:09 [INF] CIK 0001065736 | Cleaning + extracting sections
2026-03-04 11:18:09 [INF] CIK 0001065736 | Filing 931/9706 for Year 2009 | Finished
2026-03-04 11:18:09 [INF] CIK 0001065865 | Filing 932/9706 for Year 2009 | Starting
2026-03-04 11:18:09 [INF] CIK 0001065865 | Missing permno mapping in CCM for Company JANUS CAPITAL GROUP INC (0001065865).
2026-03-04 11:18:09 [INF] CIK 0001065865 | Missing Book-to-Market data for Company JANUS CAPITAL GROUP INC (0001065865) in 2009.
2026-03-04 11:18:09 [INF] CIK 0001065865 | Skipping filing due to missing required data (CCM/CRSP/BTM).
2026-03-04 11:18:09 [INF] CIK 0001067701 | Filing 933/9706 for Year 2009 | Starting
2026-03-04 11:18:09 [INF] CIK 0001067701 | Downloading filing HTML (cached if available)
2026-03-04 11:18:10 [INF] CIK 0001067701 | Reading HTML from C:\git\Edgar\Edgar\Data\raw\2009\0001067701\000119312509037714\0001193125-09-037714.txt
2026-03-04 11:18:10 [INF] CIK 0001067701 | Cleaning + extracting sections
2026-03-04 11:18:10 [INF] CIK 0001067701 | Filing 933/9706 for Year 2009 | Finished
2026-03-04 11:18:10 [INF] CIK 0001067837 | Filing 934/9706 for Year 2009 | Starting
2026-03-04 11:18:10 [INF] CIK 0001067837 | Downloading filing HTML (cached if available)
2026-03-04 11:18:10 [INF] CIK 0001067837 | Reading HTML from C:\git\Edgar\Edgar\Data\raw\2009\0001067837\000110465909012539\0001104659-09-012539.txt
2026-03-04 11:18:10 [INF] CIK 0001067837 | Cleaning + extracting sections
2026-03-04 11:18:11 [INF] CIK 0001067837 | Filing 934/9706 for Year 2009 | Finished
2026-03-04 11:18:11 [INF] CIK 0001069202 | Filing 935/9706 for Year 2009 | Starting
2026-03-04 11:18:11 [INF] CIK 0001069202 | Downloading filing HTML (cached if available)
2026-03-04 11:18:11 [INF] CIK 0001069202 | Reading HTML from C:\git\Edgar\Edgar\Data\raw\2009\0001069202\000095013409003853\0000950134-09-003853.txt
2026-03-04 11:18:11 [INF] CIK 0001069202 | Cleaning + extracting sections
2026-03-04 11:18:11 [INF] CIK 0001069202 | Filing 935/9706 for Year 2009 | Finished
2026-03-04 11:18:11 [INF] CIK 0001070423 | Filing 936/9706 for Year 2009 | Starting
2026-03-04 11:18:11 [INF] CIK 0001070423 | Downloading filing HTML (cached if available)
2026-03-04 11:18:11 [INF] CIK 0001070423 | Reading HTML from C:\git\Edgar\Edgar\Data\raw\2009\0001070423\000104746909001897\0001047469-09-001897.txt
2026-03-04 11:18:11 [INF] CIK 0001070423 | Cleaning + extracting sections
2026-03-04 11:18:12 [INF] CIK 0001070423 | Filing 936/9706 for Year 2009 | Finished
2026-03-04 11:18:12 [INF] CIK 0001076167 | Filing 937/9706 for Year 2009 | Starting
2026-03-04 11:18:12 [INF] CIK 0001076167 | Downloading filing HTML (cached if available)
2026-03-04 11:18:12 [INF] CIK 0001076167 | Reading HTML from C:\git\Edgar\Edgar\Data\raw\2009\0001076167\000119312509038442\0001193125-09-038442.txt
2026-03-04 11:18:12 [INF] CIK 0001076167 | Cleaning + extracting sections
2026-03-04 11:18:12 [INF] CIK 0001076167 | Filing 937/9706 for Year 2009 | Finished
2026-03-04 11:18:12 [INF] CIK 0000107833 | Filing 938/9706 for Year 2009 | Starting
2026-03-04 11:18:12 [INF] CIK 0000107833 | Missing permno mapping in CCM for Company WISCONSIN PUBLIC SERVICE CORP (0000107833).
2026-03-04 11:18:12 [INF] CIK 0000107833 | Missing Book-to-Market data for Company WISCONSIN PUBLIC SERVICE CORP (0000107833) in 2009.
2026-03-04 11:18:12 [INF] CIK 0000107833 | Skipping filing due to missing required data (CCM/CRSP/BTM).
2026-03-04 11:18:12 [INF] CIK 0001080099 | Filing 939/9706 for Year 2009 | Starting
2026-03-04 11:18:12 [INF] CIK 0001080099 | Downloading filing HTML (cached if available)
2026-03-04 11:18:12 [INF] CIK 0001080099 | Reading HTML from C:\git\Edgar\Edgar\Data\raw\2009\0001080099\000108009909000002\0001080099-09-000002.txt
2026-03-04 11:18:12 [INF] CIK 0001080099 | Cleaning + extracting sections
2026-03-04 11:18:12 [INF] CIK 0001080099 | Filing 939/9706 for Year 2009 | Finished
2026-03-04 11:18:12 [INF] CIK 0001082554 | Filing 940/9706 for Year 2009 | Starting
2026-03-04 11:18:12 [INF] CIK 0001082554 | Downloading filing HTML (cached if available)
2026-03-04 11:18:13 [INF] CIK 0001082554 | Reading HTML from C:\git\Edgar\Edgar\Data\raw\2009\0001082554\000104746909001859\0001047469-09-001859.txt
2026-03-04 11:18:14 [INF] CIK 0001082554 | Cleaning + extracting sections
2026-03-04 11:18:15 [INF] CIK 0001082554 | Filing 940/9706 for Year 2009 | Finished
2026-03-04 11:18:15 [INF] CIK 0001083269 | Filing 941/9706 for Year 2009 | Starting
2026-03-04 11:18:15 [INF] CIK 0001083269 | Missing permno mapping in CCM for Company TRANSOCEAN INC (0001083269).
2026-03-04 11:18:15 [INF] CIK 0001083269 | Missing Book-to-Market data for Company TRANSOCEAN INC (0001083269) in 2009.
2026-03-04 11:18:15 [INF] CIK 0001083269 | Skipping filing due to missing required data (CCM/CRSP/BTM).
2026-03-04 11:18:15 [INF] CIK 0001089748 | Filing 942/9706 for Year 2009 | Starting
2026-03-04 11:18:15 [INF] CIK 0001089748 | Missing permno mapping in CCM for Company HUNTSMAN INTERNATIONAL LLC (0001089748).
2026-03-04 11:18:15 [INF] CIK 0001089748 | Missing Book-to-Market data for Company HUNTSMAN INTERNATIONAL LLC (0001089748) in 2009.
2026-03-04 11:18:15 [INF] CIK 0001089748 | Skipping filing due to missing required data (CCM/CRSP/BTM).
2026-03-04 11:18:15 [INF] CIK 0001089819 | Filing 943/9706 for Year 2009 | Starting
2026-03-04 11:18:15 [INF] CIK 0001089819 | Downloading filing HTML (cached if available)
2026-03-04 11:18:15 [INF] CIK 0001089819 | Reading HTML from C:\git\Edgar\Edgar\Data\raw\2009\0001089819\000108981909000008\0001089819-09-000008.txt
2026-03-04 11:18:16 [INF] CIK 0001089819 | Cleaning + extracting sections
2026-03-04 11:18:16 [INF] CIK 0001089819 | Filing 943/9706 for Year 2009 | Finished
2026-03-04 11:18:16 [INF] CIK 0001091883 | Filing 944/9706 for Year 2009 | Starting
2026-03-04 11:18:16 [INF] CIK 0001091883 | Downloading filing HTML (cached if available)
2026-03-04 11:18:16 [INF] CIK 0001091883 | Reading HTML from C:\git\Edgar\Edgar\Data\raw\2009\0001091883\000119312509038890\0001193125-09-038890.txt
2026-03-04 11:18:16 [INF] CIK 0001091883 | Cleaning + extracting sections
2026-03-04 11:18:16 [INF] CIK 0001091883 | Filing 944/9706 for Year 2009 | Finished
2026-03-04 11:18:16 [INF] CIK 0001094285 | Filing 945/9706 for Year 2009 | Starting
2026-03-04 11:18:16 [INF] CIK 0001094285 | Downloading filing HTML (cached if available)
2026-03-04 11:18:16 [INF] CIK 0001094285 | Reading HTML from C:\git\Edgar\Edgar\Data\raw\2009\0001094285\000095013409003862\0000950134-09-003862.txt
2026-03-04 11:18:17 [INF] CIK 0001094285 | Cleaning + extracting sections
2026-03-04 11:18:17 [INF] CIK 0001094285 | Filing 945/9706 for Year 2009 | Finished
2026-03-04 11:18:17 [INF] CIK 0000110101 | Filing 946/9706 for Year 2009 | Starting
2026-03-04 11:18:17 [INF] CIK 0000110101 | Missing permno mapping in CCM for Company NORTH SHORE GAS CO /IL/ (0000110101).
2026-03-04 11:18:17 [INF] CIK 0000110101 | Missing Book-to-Market data for Company NORTH SHORE GAS CO /IL/ (0000110101) in 2009.
2026-03-04 11:18:17 [INF] CIK 0000110101 | Skipping filing due to missing required data (CCM/CRSP/BTM).
2026-03-04 11:18:17 [INF] CIK 0001101239 | Filing 947/9706 for Year 2009 | Starting
2026-03-04 11:18:17 [INF] CIK 0001101239 | Downloading filing HTML (cached if available)
2026-03-04 11:18:17 [INF] CIK 0001101239 | Reading HTML from C:\git\Edgar\Edgar\Data\raw\2009\0001101239\000119312509038875\0001193125-09-038875.txt
2026-03-04 11:18:17 [INF] CIK 0001101239 | Cleaning + extracting sections
2026-03-04 11:18:17 [INF] CIK 0001101239 | Filing 947/9706 for Year 2009 | Finished
2026-03-04 11:18:17 [INF] CIK 0001101723 | Filing 948/9706 for Year 2009 | Starting
2026-03-04 11:18:17 [INF] CIK 0001101723 | Missing permno mapping in CCM for Company UNITED SURGICAL PARTNERS INTERNATIONAL INC (0001101723).
2026-03-04 11:18:17 [INF] CIK 0001101723 | Missing Book-to-Market data for Company UNITED SURGICAL PARTNERS INTERNATIONAL INC (0001101723) in 2009.
2026-03-04 11:18:17 [INF] CIK 0001101723 | Skipping filing due to missing required data (CCM/CRSP/BTM).
2026-03-04 11:18:17 [INF] CIK 0001104042 | Filing 949/9706 for Year 2009 | Starting
2026-03-04 11:18:17 [INF] CIK 0001104042 | Downloading filing HTML (cached if available)
2026-03-04 11:18:18 [INF] CIK 0001104042 | Reading HTML from C:\git\Edgar\Edgar\Data\raw\2009\0001104042\000119312509039062\0001193125-09-039062.txt
2026-03-04 11:18:18 [INF] CIK 0001104042 | Cleaning + extracting sections
2026-03-04 11:18:18 [INF] CIK 0001104042 | Filing 949/9706 for Year 2009 | Finished
2026-03-04 11:18:18 [INF] CIK 0001104188 | Filing 950/9706 for Year 2009 | Starting
2026-03-04 11:18:18 [INF] CIK 0001104188 | Missing permno mapping in CCM for Company SOHU COM INC (0001104188).
2026-03-04 11:18:18 [INF] CIK 0001104188 | Missing Book-to-Market data for Company SOHU COM INC (0001104188) in 2009.
2026-03-04 11:18:18 [INF] CIK 0001104188 | Skipping filing due to missing required data (CCM/CRSP/BTM).
2026-03-04 11:18:18 [INF] CIK 0000110430 | Filing 951/9706 for Year 2009 | Starting
2026-03-04 11:18:18 [INF] CIK 0000110430 | Downloading filing HTML (cached if available)
2026-03-04 11:18:18 [INF] CIK 0000110430 | Reading HTML from C:\git\Edgar\Edgar\Data\raw\2009\0000110430\000011043009000006\0000110430-09-000006.txt
2026-03-04 11:18:18 [INF] CIK 0000110430 | Cleaning + extracting sections
2026-03-04 11:18:18 [INF] CIK 0000110430 | Filing 951/9706 for Year 2009 | Finished
2026-03-04 11:18:18 [INF] CIK 0001105055 | Filing 952/9706 for Year 2009 | Starting
2026-03-04 11:18:18 [INF] CIK 0001105055 | Missing permno mapping in CCM for Company DYNEGY HOLDINGS INC (0001105055).
2026-03-04 11:18:18 [INF] CIK 0001105055 | Missing Book-to-Market data for Company DYNEGY HOLDINGS INC (0001105055) in 2009.
2026-03-04 11:18:18 [INF] CIK 0001105055 | Skipping filing due to missing required data (CCM/CRSP/BTM).
2026-03-04 11:18:18 [INF] CIK 0001105184 | Filing 953/9706 for Year 2009 | Starting
2026-03-04 11:18:18 [INF] CIK 0001105184 | Downloading filing HTML (cached if available)
2026-03-04 11:18:19 [INF] CIK 0001105184 | Reading HTML from C:\git\Edgar\Edgar\Data\raw\2009\0001105184\000136231009002830\0001362310-09-002830.txt
2026-03-04 11:18:19 [INF] CIK 0001105184 | Cleaning + extracting sections
2026-03-04 11:18:19 [INF] CIK 0001105184 | Filing 953/9706 for Year 2009 | Finished
2026-03-04 11:18:19 [INF] CIK 0001105472 | Filing 954/9706 for Year 2009 | Starting
2026-03-04 11:18:19 [INF] CIK 0001105472 | Missing permno mapping in CCM for Company SONUS NETWORKS INC (0001105472).
2026-03-04 11:18:19 [INF] CIK 0001105472 | Missing Book-to-Market data for Company SONUS NETWORKS INC (0001105472) in 2009.
2026-03-04 11:18:19 [INF] CIK 0001105472 | Skipping filing due to missing required data (CCM/CRSP/BTM).
2026-03-04 11:18:19 [INF] CIK 0001106942 | Filing 955/9706 for Year 2009 | Starting
2026-03-04 11:18:19 [INF] CIK 0001106942 | Downloading filing HTML (cached if available)
2026-03-04 11:18:19 [INF] CIK 0001106942 | Reading HTML from C:\git\Edgar\Edgar\Data\raw\2009\0001106942\000095013309000471\0000950133-09-000471.txt
2026-03-04 11:18:19 [INF] CIK 0001106942 | Cleaning + extracting sections
2026-03-04 11:18:19 [INF] CIK 0001106942 | Filing 955/9706 for Year 2009 | Finished
2026-03-04 11:18:19 [INF] CIK 0001108205 | Filing 956/9706 for Year 2009 | Starting
2026-03-04 11:18:19 [INF] CIK 0001108205 | Downloading filing HTML (cached if available)
2026-03-04 11:18:20 [INF] CIK 0001108205 | Reading HTML from C:\git\Edgar\Edgar\Data\raw\2009\0001108205\000119312509038832\0001193125-09-038832.txt
2026-03-04 11:18:20 [INF] CIK 0001108205 | Cleaning + extracting sections
2026-03-04 11:18:20 [INF] CIK 0001108205 | Filing 956/9706 for Year 2009 | Finished
2026-03-04 11:18:20 [INF] CIK 0001110803 | Filing 957/9706 for Year 2009 | Starting
2026-03-04 11:18:20 [INF] CIK 0001110803 | Downloading filing HTML (cached if available)
2026-03-04 11:18:20 [INF] CIK 0001110803 | Reading HTML from C:\git\Edgar\Edgar\Data\raw\2009\0001110803\000093639209000092\0000936392-09-000092.txt
2026-03-04 11:18:20 [INF] CIK 0001110803 | Cleaning + extracting sections
2026-03-04 11:18:20 [INF] CIK 0001110803 | Filing 957/9706 for Year 2009 | Finished
2026-03-04 11:18:20 [INF] CIK 0001124610 | Filing 958/9706 for Year 2009 | Starting
2026-03-04 11:18:20 [INF] CIK 0001124610 | Downloading filing HTML (cached if available)
2026-03-04 11:18:21 [INF] CIK 0001124610 | Reading HTML from C:\git\Edgar\Edgar\Data\raw\2009\0001124610\000119312509038030\0001193125-09-038030.txt
2026-03-04 11:18:21 [INF] CIK 0001124610 | Cleaning + extracting sections
2026-03-04 11:18:21 [INF] CIK 0001124610 | Filing 958/9706 for Year 2009 | Finished
2026-03-04 11:18:21 [INF] CIK 0001126975 | Filing 959/9706 for Year 2009 | Starting
2026-03-04 11:18:21 [INF] CIK 0001126975 | Downloading filing HTML (cached if available)
2026-03-04 11:18:21 [INF] CIK 0001126975 | Reading HTML from C:\git\Edgar\Edgar\Data\raw\2009\0001126975\000119312509039040\0001193125-09-039040.txt
2026-03-04 11:18:21 [INF] CIK 0001126975 | Cleaning + extracting sections
2026-03-04 11:18:21 [INF] CIK 0001126975 | Filing 959/9706 for Year 2009 | Finished
2026-03-04 11:18:21 [INF] CIK 0001130591 | Filing 960/9706 for Year 2009 | Starting
2026-03-04 11:18:21 [INF] CIK 0001130591 | Downloading filing HTML (cached if available)
2026-03-04 11:18:22 [INF] CIK 0001130591 | Reading HTML from C:\git\Edgar\Edgar\Data\raw\2009\0001130591\000119312509038490\0001193125-09-038490.txt
2026-03-04 11:18:22 [INF] CIK 0001130591 | Cleaning + extracting sections
2026-03-04 11:18:22 [INF] CIK 0001130591 | Filing 960/9706 for Year 2009 | Finished
2026-03-04 11:18:22 [INF] CIK 0001135185 | Filing 961/9706 for Year 2009 | Starting
2026-03-04 11:18:22 [INF] CIK 0001135185 | Downloading filing HTML (cached if available)
2026-03-04 11:18:22 [INF] CIK 0001135185 | Reading HTML from C:\git\Edgar\Edgar\Data\raw\2009\0001135185\000095012309003509\0000950123-09-003509.txt
2026-03-04 11:18:22 [INF] CIK 0001135185 | Cleaning + extracting sections
2026-03-04 11:18:22 [INF] CIK 0001135185 | Filing 961/9706 for Year 2009 | Finished
2026-03-04 11:18:22 [INF] CIK 0001138412 | Filing 962/9706 for Year 2009 | Starting
2026-03-04 11:18:22 [INF] CIK 0001138412 | Downloading filing HTML (cached if available)
2026-03-04 11:18:22 [INF] CIK 0001138412 | Reading HTML from C:\git\Edgar\Edgar\Data\raw\2009\0001138412\000119312509039085\0001193125-09-039085.txt
2026-03-04 11:18:22 [INF] CIK 0001138412 | Cleaning + extracting sections
2026-03-04 11:18:23 [INF] CIK 0001138412 | Filing 962/9706 for Year 2009 | Finished
2026-03-04 11:18:23 [INF] CIK 0001158659 | Filing 963/9706 for Year 2009 | Starting
2026-03-04 11:18:23 [INF] CIK 0001158659 | Missing permno mapping in CCM for Company PSEG POWER LLC (0001158659).
2026-03-04 11:18:23 [INF] CIK 0001158659 | Missing Book-to-Market data for Company PSEG POWER LLC (0001158659) in 2009.
2026-03-04 11:18:23 [INF] CIK 0001158659 | Skipping filing due to missing required data (CCM/CRSP/BTM).
2026-03-04 11:18:23 [INF] CIK 0001161728 | Filing 964/9706 for Year 2009 | Starting
2026-03-04 11:18:23 [INF] CIK 0001161728 | Downloading filing HTML (cached if available)
2026-03-04 11:18:23 [INF] CIK 0001161728 | Reading HTML from C:\git\Edgar\Edgar\Data\raw\2009\0001161728\000116172809000003\0001161728-09-000003.txt
2026-03-04 11:18:23 [INF] CIK 0001161728 | Cleaning + extracting sections
2026-03-04 11:18:23 [INF] CIK 0001161728 | Filing 964/9706 for Year 2009 | Finished
2026-03-04 11:18:23 [INF] CIK 0001165002 | Filing 965/9706 for Year 2009 | Starting
2026-03-04 11:18:23 [INF] CIK 0001165002 | Downloading filing HTML (cached if available)
2026-03-04 11:18:24 [INF] CIK 0001165002 | Reading HTML from C:\git\Edgar\Edgar\Data\raw\2009\0001165002\000119312509039036\0001193125-09-039036.txt
2026-03-04 11:18:24 [INF] CIK 0001165002 | Cleaning + extracting sections
2026-03-04 11:18:24 [INF] CIK 0001165002 | Filing 965/9706 for Year 2009 | Finished
2026-03-04 11:18:24 [INF] CIK 0001171759 | Filing 966/9706 for Year 2009 | Starting
2026-03-04 11:18:24 [INF] CIK 0001171759 | Downloading filing HTML (cached if available)
2026-03-04 11:18:24 [INF] CIK 0001171759 | Reading HTML from C:\git\Edgar\Edgar\Data\raw\2009\0001171759\000104746909001881\0001047469-09-001881.txt
2026-03-04 11:18:24 [INF] CIK 0001171759 | Cleaning + extracting sections
2026-03-04 11:18:24 [INF] CIK 0001171759 | Filing 966/9706 for Year 2009 | Finished
2026-03-04 11:18:24 [INF] CIK 0001172222 | Filing 967/9706 for Year 2009 | Starting
2026-03-04 11:18:24 [INF] CIK 0001172222 | Downloading filing HTML (cached if available)
2026-03-04 11:18:25 [INF] CIK 0001172222 | Reading HTML from C:\git\Edgar\Edgar\Data\raw\2009\0001172222\000104746909001839\0001047469-09-001839.txt
2026-03-04 11:18:25 [INF] CIK 0001172222 | Cleaning + extracting sections
2026-03-04 11:18:25 [INF] CIK 0001172222 | Filing 967/9706 for Year 2009 | Finished
2026-03-04 11:18:25 [INF] CIK 0001172358 | Filing 968/9706 for Year 2009 | Starting
2026-03-04 11:18:25 [INF] CIK 0001172358 | Downloading filing HTML (cached if available)
2026-03-04 11:18:26 [INF] CIK 0001172358 | Reading HTML from C:\git\Edgar\Edgar\Data\raw\2009\0001172358\000119312509039182\0001193125-09-039182.txt
2026-03-04 11:18:26 [INF] CIK 0001172358 | Cleaning + extracting sections
2026-03-04 11:18:26 [INF] CIK 0001172358 | Filing 968/9706 for Year 2009 | Finished
2026-03-04 11:18:26 [INF] CIK 0001182129 | Filing 969/9706 for Year 2009 | Starting
2026-03-04 11:18:26 [INF] CIK 0001182129 | Downloading filing HTML (cached if available)
2026-03-04 11:18:26 [INF] CIK 0001182129 | Reading HTML from C:\git\Edgar\Edgar\Data\raw\2009\0001182129\000119312509038833\0001193125-09-038833.txt
2026-03-04 11:18:26 [INF] CIK 0001182129 | Cleaning + extracting sections
2026-03-04 11:18:26 [INF] CIK 0001182129 | Filing 969/9706 for Year 2009 | Finished
2026-03-04 11:18:26 [INF] CIK 0001210677 | Filing 970/9706 for Year 2009 | Starting
2026-03-04 11:18:26 [INF] CIK 0001210677 | Missing CRSP trading days for Company FIRST ADVANTAGE CORP (0001210677) in 2009.
2026-03-04 11:18:26 [INF] CIK 0001210677 | Missing Book-to-Market data for Company FIRST ADVANTAGE CORP (0001210677) in 2009.
2026-03-04 11:18:26 [INF] CIK 0001210677 | Skipping filing due to missing required data (CCM/CRSP/BTM).
2026-03-04 11:18:26 [INF] CIK 0001246263 | Filing 971/9706 for Year 2009 | Starting
2026-03-04 11:18:26 [INF] CIK 0001246263 | Missing permno mapping in CCM for Company MAGELLAN MIDSTREAM HOLDINGS LP (0001246263).
2026-03-04 11:18:26 [INF] CIK 0001246263 | Missing Book-to-Market data for Company MAGELLAN MIDSTREAM HOLDINGS LP (0001246263) in 2009.
2026-03-04 11:18:26 [INF] CIK 0001246263 | Skipping filing due to missing required data (CCM/CRSP/BTM).
2026-03-04 11:18:26 [INF] CIK 0001267130 | Filing 972/9706 for Year 2009 | Starting
2026-03-04 11:18:26 [INF] CIK 0001267130 | Downloading filing HTML (cached if available)
2026-03-04 11:18:27 [INF] CIK 0001267130 | Reading HTML from C:\git\Edgar\Edgar\Data\raw\2009\0001267130\000120677409000336\0001206774-09-000336.txt
2026-03-04 11:18:27 [INF] CIK 0001267130 | Cleaning + extracting sections
2026-03-04 11:18:27 [INF] CIK 0001267130 | Filing 972/9706 for Year 2009 | Finished
2026-03-04 11:18:27 [INF] CIK 0001267395 | Filing 973/9706 for Year 2009 | Starting
2026-03-04 11:18:27 [INF] CIK 0001267395 | Downloading filing HTML (cached if available)
2026-03-04 11:18:27 [INF] CIK 0001267395 | Reading HTML from C:\git\Edgar\Edgar\Data\raw\2009\0001267395\000115697309000107\0001156973-09-000107.txt
2026-03-04 11:18:27 [INF] CIK 0001267395 | Cleaning + extracting sections
2026-03-04 11:18:28 [INF] CIK 0001267395 | Filing 973/9706 for Year 2009 | Finished
2026-03-04 11:18:28 [INF] CIK 0001270400 | Filing 974/9706 for Year 2009 | Starting
2026-03-04 11:18:28 [INF] CIK 0001270400 | Downloading filing HTML (cached if available)
2026-03-04 11:18:28 [INF] CIK 0001270400 | Reading HTML from C:\git\Edgar\Edgar\Data\raw\2009\0001270400\000104746909001888\0001047469-09-001888.txt
2026-03-04 11:18:29 [INF] CIK 0001270400 | Cleaning + extracting sections
2026-03-04 11:18:29 [INF] CIK 0001270400 | Filing 974/9706 for Year 2009 | Finished
2026-03-04 11:18:29 [INF] CIK 0001273813 | Filing 975/9706 for Year 2009 | Starting
2026-03-04 11:18:29 [INF] CIK 0001273813 | Downloading filing HTML (cached if available)
2026-03-04 11:18:30 [INF] CIK 0001273813 | Reading HTML from C:\git\Edgar\Edgar\Data\raw\2009\0001273813\000104746909001890\0001047469-09-001890.txt
2026-03-04 11:18:31 [INF] CIK 0001273813 | Cleaning + extracting sections
2026-03-04 11:18:31 [INF] CIK 0001273813 | Filing 975/9706 for Year 2009 | Finished
2026-03-04 11:18:31 [INF] CIK 0001282977 | Filing 976/9706 for Year 2009 | Starting
2026-03-04 11:18:31 [INF] CIK 0001282977 | Downloading filing HTML (cached if available)
2026-03-04 11:18:31 [INF] CIK 0001282977 | Reading HTML from C:\git\Edgar\Edgar\Data\raw\2009\0001282977\000095012309003576\0000950123-09-003576.txt
2026-03-04 11:18:31 [INF] CIK 0001282977 | Cleaning + extracting sections
2026-03-04 11:18:32 [INF] CIK 0001282977 | Filing 976/9706 for Year 2009 | Finished
2026-03-04 11:18:32 [INF] CIK 0001295557 | Filing 977/9706 for Year 2009 | Starting
2026-03-04 11:18:32 [INF] CIK 0001295557 | Downloading filing HTML (cached if available)
2026-03-04 11:18:33 [INF] CIK 0001295557 | Reading HTML from C:\git\Edgar\Edgar\Data\raw\2009\0001295557\000119312509039211\0001193125-09-039211.txt
2026-03-04 11:18:33 [INF] CIK 0001295557 | Cleaning + extracting sections
2026-03-04 11:18:33 [INF] CIK 0001295557 | Filing 977/9706 for Year 2009 | Finished
2026-03-04 11:18:33 [INF] CIK 0001307954 | Filing 978/9706 for Year 2009 | Starting
2026-03-04 11:18:33 [INF] CIK 0001307954 | Downloading filing HTML (cached if available)
2026-03-04 11:18:33 [INF] CIK 0001307954 | Reading HTML from C:\git\Edgar\Edgar\Data\raw\2009\0001307954\000104746909001883\0001047469-09-001883.txt
2026-03-04 11:18:33 [INF] CIK 0001307954 | Cleaning + extracting sections
2026-03-04 11:18:33 [INF] CIK 0001307954 | Filing 978/9706 for Year 2009 | Finished
2026-03-04 11:18:33 [INF] CIK 0001317630 | Filing 979/9706 for Year 2009 | Starting
2026-03-04 11:18:33 [INF] CIK 0001317630 | Downloading filing HTML (cached if available)
2026-03-04 11:18:34 [INF] CIK 0001317630 | Reading HTML from C:\git\Edgar\Edgar\Data\raw\2009\0001317630\000095015209001852\0000950152-09-001852.txt
2026-03-04 11:18:34 [INF] CIK 0001317630 | Cleaning + extracting sections
2026-03-04 11:18:34 [INF] CIK 0001317630 | Filing 979/9706 for Year 2009 | Finished
2026-03-04 11:18:34 [INF] CIK 0001320695 | Filing 980/9706 for Year 2009 | Starting
2026-03-04 11:18:34 [INF] CIK 0001320695 | Downloading filing HTML (cached if available)
2026-03-04 11:18:34 [INF] CIK 0001320695 | Reading HTML from C:\git\Edgar\Edgar\Data\raw\2009\0001320695\000095013709001323\0000950137-09-001323.txt
2026-03-04 11:18:34 [INF] CIK 0001320695 | Cleaning + extracting sections
2026-03-04 11:18:34 [INF] CIK 0001320695 | Filing 980/9706 for Year 2009 | Finished
2026-03-04 11:18:34 [INF] CIK 0001322739 | Filing 981/9706 for Year 2009 | Starting
2026-03-04 11:18:34 [INF] CIK 0001322739 | Missing permno mapping in CCM for Company EASTON-BELL SPORTS, INC. (0001322739).
2026-03-04 11:18:34 [INF] CIK 0001322739 | Missing Book-to-Market data for Company EASTON-BELL SPORTS, INC. (0001322739) in 2009.
2026-03-04 11:18:34 [INF] CIK 0001322739 | Skipping filing due to missing required data (CCM/CRSP/BTM).
2026-03-04 11:18:34 [INF] CIK 0001322791 | Filing 982/9706 for Year 2009 | Starting
2026-03-04 11:18:34 [INF] CIK 0001322791 | Missing permno mapping in CCM for Company VIRGIN MEDIA INVESTMENT HOLDINGS LTD (0001322791).
2026-03-04 11:18:34 [INF] CIK 0001322791 | Missing Book-to-Market data for Company VIRGIN MEDIA INVESTMENT HOLDINGS LTD (0001322791) in 2009.
2026-03-04 11:18:34 [INF] CIK 0001322791 | Skipping filing due to missing required data (CCM/CRSP/BTM).
2026-03-04 11:18:34 [INF] CIK 0001324404 | Filing 983/9706 for Year 2009 | Starting
2026-03-04 11:18:34 [INF] CIK 0001324404 | Downloading filing HTML (cached if available)
2026-03-04 11:18:35 [INF] CIK 0001324404 | Reading HTML from C:\git\Edgar\Edgar\Data\raw\2009\0001324404\000104746909001858\0001047469-09-001858.txt
2026-03-04 11:18:35 [INF] CIK 0001324404 | Cleaning + extracting sections
2026-03-04 11:18:35 [INF] CIK 0001324404 | Filing 983/9706 for Year 2009 | Finished
2026-03-04 11:18:35 [INF] CIK 0001324518 | Filing 984/9706 for Year 2009 | Starting
2026-03-04 11:18:35 [INF] CIK 0001324518 | Missing permno mapping in CCM for Company Williams Partners L.P. (0001324518).
2026-03-04 11:18:35 [INF] CIK 0001324518 | Missing Book-to-Market data for Company Williams Partners L.P. (0001324518) in 2009.
2026-03-04 11:18:35 [INF] CIK 0001324518 | Skipping filing due to missing required data (CCM/CRSP/BTM).
2026-03-04 11:18:35 [INF] CIK 0001326428 | Filing 985/9706 for Year 2009 | Starting
2026-03-04 11:18:35 [INF] CIK 0001326428 | Missing CRSP trading days for Company LINN ENERGY, LLC (0001326428) in 2009.
2026-03-04 11:18:35 [INF] CIK 0001326428 | Missing Book-to-Market data for Company LINN ENERGY, LLC (0001326428) in 2009.
2026-03-04 11:18:35 [INF] CIK 0001326428 | Skipping filing due to missing required data (CCM/CRSP/BTM).
2026-03-04 11:18:35 [INF] CIK 0001326539 | Filing 986/9706 for Year 2009 | Starting
2026-03-04 11:18:35 [INF] CIK 0001326539 | Missing permno mapping in CCM for Company PDC 2005-A Limited Partnership (0001326539).
2026-03-04 11:18:35 [INF] CIK 0001326539 | Missing Book-to-Market data for Company PDC 2005-A Limited Partnership (0001326539) in 2009.
2026-03-04 11:18:35 [INF] CIK 0001326539 | Skipping filing due to missing required data (CCM/CRSP/BTM).
2026-03-04 11:18:35 [INF] CIK 0001326540 | Filing 987/9706 for Year 2009 | Starting
2026-03-04 11:18:35 [INF] CIK 0001326540 | Missing permno mapping in CCM for Company PDC 2005-B Limited Partnership (0001326540).
2026-03-04 11:18:35 [INF] CIK 0001326540 | Missing Book-to-Market data for Company PDC 2005-B Limited Partnership (0001326540) in 2009.
2026-03-04 11:18:35 [INF] CIK 0001326540 | Skipping filing due to missing required data (CCM/CRSP/BTM).
2026-03-04 11:18:35 [INF] CIK 0001330849 | Filing 988/9706 for Year 2009 | Starting
2026-03-04 11:18:35 [INF] CIK 0001330849 | Downloading filing HTML (cached if available)
2026-03-04 11:18:35 [INF] CIK 0001330849 | Reading HTML from C:\git\Edgar\Edgar\Data\raw\2009\0001330849\000095012909000635\0000950129-09-000635.txt
2026-03-04 11:18:35 [INF] CIK 0001330849 | Cleaning + extracting sections
2026-03-04 11:18:36 [INF] CIK 0001330849 | Filing 988/9706 for Year 2009 | Finished
2026-03-04 11:18:36 [INF] CIK 0001345111 | Filing 989/9706 for Year 2009 | Starting
2026-03-04 11:18:36 [INF] CIK 0001345111 | Downloading filing HTML (cached if available)
2026-03-04 11:18:36 [INF] CIK 0001345111 | Reading HTML from C:\git\Edgar\Edgar\Data\raw\2009\0001345111\000119312509037761\0001193125-09-037761.txt
2026-03-04 11:18:36 [INF] CIK 0001345111 | Cleaning + extracting sections
2026-03-04 11:18:36 [INF] CIK 0001345111 | Filing 989/9706 for Year 2009 | Finished
2026-03-04 11:18:36 [INF] CIK 0001349436 | Filing 990/9706 for Year 2009 | Starting
2026-03-04 11:18:36 [INF] CIK 0001349436 | Downloading filing HTML (cached if available)
2026-03-04 11:18:37 [INF] CIK 0001349436 | Reading HTML from C:\git\Edgar\Edgar\Data\raw\2009\0001349436\000095013409003880\0000950134-09-003880.txt
2026-03-04 11:18:37 [INF] CIK 0001349436 | Cleaning + extracting sections
2026-03-04 11:18:37 [INF] CIK 0001349436 | Filing 990/9706 for Year 2009 | Finished
2026-03-04 11:18:37 [INF] CIK 0001366744 | Filing 991/9706 for Year 2009 | Starting
2026-03-04 11:18:37 [INF] CIK 0001366744 | Missing permno mapping in CCM for Company HOMELAND ENERGY SOLUTIONS LLC (0001366744).
2026-03-04 11:18:37 [INF] CIK 0001366744 | Missing Book-to-Market data for Company HOMELAND ENERGY SOLUTIONS LLC (0001366744) in 2009.
2026-03-04 11:18:37 [INF] CIK 0001366744 | Skipping filing due to missing required data (CCM/CRSP/BTM).
2026-03-04 11:18:37 [INF] CIK 0001367064 | Filing 992/9706 for Year 2009 | Starting
2026-03-04 11:18:37 [INF] CIK 0001367064 | Downloading filing HTML (cached if available)
2026-03-04 11:18:37 [INF] CIK 0001367064 | Reading HTML from C:\git\Edgar\Edgar\Data\raw\2009\0001367064\000095012909000641\0000950129-09-000641.txt
2026-03-04 11:18:37 [INF] CIK 0001367064 | Cleaning + extracting sections
2026-03-04 11:18:37 [INF] CIK 0001367064 | Filing 992/9706 for Year 2009 | Finished
2026-03-04 11:18:37 [INF] CIK 0001379041 | Filing 993/9706 for Year 2009 | Starting
2026-03-04 11:18:37 [INF] CIK 0001379041 | Downloading filing HTML (cached if available)
2026-03-04 11:18:38 [INF] CIK 0001379041 | Reading HTML from C:\git\Edgar\Edgar\Data\raw\2009\0001379041\000093041309001044\0000930413-09-001044.txt
2026-03-04 11:18:38 [INF] CIK 0001379041 | Cleaning + extracting sections
2026-03-04 11:18:38 [INF] CIK 0001379041 | Filing 993/9706 for Year 2009 | Finished
2026-03-04 11:18:38 [INF] CIK 0001379895 | Filing 994/9706 for Year 2009 | Starting
2026-03-04 11:18:38 [INF] CIK 0001379895 | Downloading filing HTML (cached if available)
2026-03-04 11:18:38 [INF] CIK 0001379895 | Reading HTML from C:\git\Edgar\Edgar\Data\raw\2009\0001379895\000136231009002804\0001362310-09-002804.txt
2026-03-04 11:18:39 [INF] CIK 0001379895 | Cleaning + extracting sections
2026-03-04 11:18:39 [INF] CIK 0001379895 | Filing 994/9706 for Year 2009 | Finished
2026-03-04 11:18:39 [INF] CIK 0001389050 | Filing 995/9706 for Year 2009 | Starting
2026-03-04 11:18:39 [INF] CIK 0001389050 | Downloading filing HTML (cached if available)
2026-03-04 11:18:39 [INF] CIK 0001389050 | Reading HTML from C:\git\Edgar\Edgar\Data\raw\2009\0001389050\000095012909000640\0000950129-09-000640.txt
2026-03-04 11:18:39 [INF] CIK 0001389050 | Cleaning + extracting sections
2026-03-04 11:18:39 [INF] CIK 0001389050 | Filing 995/9706 for Year 2009 | Finished
2026-03-04 11:18:39 [INF] CIK 0001389072 | Filing 996/9706 for Year 2009 | Starting
2026-03-04 11:18:39 [INF] CIK 0001389072 | Downloading filing HTML (cached if available)
2026-03-04 11:18:40 [INF] CIK 0001389072 | Reading HTML from C:\git\Edgar\Edgar\Data\raw\2009\0001389072\000136231009002839\0001362310-09-002839.txt
2026-03-04 11:18:40 [INF] CIK 0001389072 | Cleaning + extracting sections
2026-03-04 11:18:40 [INF] CIK 0001389072 | Filing 996/9706 for Year 2009 | Finished
2026-03-04 11:18:40 [INF] CIK 0001392972 | Filing 997/9706 for Year 2009 | Starting
2026-03-04 11:18:40 [INF] CIK 0001392972 | Downloading filing HTML (cached if available)
2026-03-04 11:18:40 [INF] CIK 0001392972 | Reading HTML from C:\git\Edgar\Edgar\Data\raw\2009\0001392972\000110465909012603\0001104659-09-012603.txt
2026-03-04 11:18:40 [INF] CIK 0001392972 | Cleaning + extracting sections
2026-03-04 11:18:40 [INF] CIK 0001392972 | Filing 997/9706 for Year 2009 | Finished
2026-03-04 11:18:40 [INF] CIK 0001397821 | Filing 998/9706 for Year 2009 | Starting
2026-03-04 11:18:40 [INF] CIK 0001397821 | Downloading filing HTML (cached if available)
2026-03-04 11:18:41 [INF] CIK 0001397821 | Reading HTML from C:\git\Edgar\Edgar\Data\raw\2009\0001397821\000110465909012321\0001104659-09-012321.txt
2026-03-04 11:18:41 [INF] CIK 0001397821 | Cleaning + extracting sections
2026-03-04 11:18:41 [INF] CIK 0001397821 | Filing 998/9706 for Year 2009 | Finished
2026-03-04 11:18:41 [INF] CIK 0001398664 | Filing 999/9706 for Year 2009 | Starting
2026-03-04 11:18:41 [INF] CIK 0001398664 | Downloading filing HTML (cached if available)
2026-03-04 11:18:42 [INF] CIK 0001398664 | Reading HTML from C:\git\Edgar\Edgar\Data\raw\2009\0001398664\000095013409003753\0000950134-09-003753.txt
2026-03-04 11:18:42 [INF] CIK 0001398664 | Cleaning + extracting sections
2026-03-04 11:18:42 [INF] CIK 0001398664 | Filing 999/9706 for Year 2009 | Finished
2026-03-04 11:18:42 [INF] CIK 0001413329 | Filing 1000/9706 for Year 2009 | Starting
2026-03-04 11:18:42 [INF] CIK 0001413329 | Downloading filing HTML (cached if available)
2026-03-04 11:18:42 [INF] CIK 0001413329 | Reading HTML from C:\git\Edgar\Edgar\Data\raw\2009\0001413329\000119312509038765\0001193125-09-038765.txt
2026-03-04 11:18:42 [INF] CIK 0001413329 | Cleaning + extracting sections
2026-03-04 11:18:43 [INF] CIK 0001413329 | Filing 1000/9706 for Year 2009 | Finished
2026-03-04 11:18:43 [INF] CIK 0001421907 | Filing 1001/9706 for Year 2009 | Starting
2026-03-04 11:18:43 [INF] CIK 0001421907 | Missing permno mapping in CCM for Company Sandfield Ventures Corp. (0001421907).
2026-03-04 11:18:43 [INF] CIK 0001421907 | Missing Book-to-Market data for Company Sandfield Ventures Corp. (0001421907) in 2009.
2026-03-04 11:18:43 [INF] CIK 0001421907 | Skipping filing due to missing required data (CCM/CRSP/BTM).
2026-03-04 11:18:43 [INF] CIK 0001433566 | Filing 1002/9706 for Year 2009 | Starting
2026-03-04 11:18:43 [INF] CIK 0001433566 | Missing permno mapping in CCM for Company Asia Quest Ventures, Inc. (0001433566).
2026-03-04 11:18:43 [INF] CIK 0001433566 | Missing Book-to-Market data for Company Asia Quest Ventures, Inc. (0001433566) in 2009.
2026-03-04 11:18:43 [INF] CIK 0001433566 | Skipping filing due to missing required data (CCM/CRSP/BTM).
2026-03-04 11:18:43 [INF] CIK 0001437107 | Filing 1003/9706 for Year 2009 | Starting
2026-03-04 11:18:43 [INF] CIK 0001437107 | Downloading filing HTML (cached if available)
2026-03-04 11:18:43 [INF] CIK 0001437107 | Reading HTML from C:\git\Edgar\Edgar\Data\raw\2009\0001437107\000095013309000442\0000950133-09-000442.txt
2026-03-04 11:18:43 [INF] CIK 0001437107 | Cleaning + extracting sections
2026-03-04 11:18:43 [INF] CIK 0001437107 | Filing 1003/9706 for Year 2009 | Finished
2026-03-04 11:18:43 [INF] CIK 0001451505 | Filing 1004/9706 for Year 2009 | Starting
2026-03-04 11:18:43 [INF] CIK 0001451505 | Downloading filing HTML (cached if available)
2026-03-04 11:18:44 [INF] CIK 0001451505 | Reading HTML from C:\git\Edgar\Edgar\Data\raw\2009\0001451505\000145150509000022\0001451505-09-000022.txt
2026-03-04 11:18:44 [INF] CIK 0001451505 | Cleaning + extracting sections
2026-03-04 11:18:44 [INF] CIK 0001451505 | Filing 1004/9706 for Year 2009 | Finished
2026-03-04 11:18:44 [INF] CIK 0000018672 | Filing 1005/9706 for Year 2009 | Starting
2026-03-04 11:18:44 [INF] CIK 0000018672 | Missing permno mapping in CCM for Company CLECO POWER LLC (0000018672).
2026-03-04 11:18:44 [INF] CIK 0000018672 | Missing Book-to-Market data for Company CLECO POWER LLC (0000018672) in 2009.
2026-03-04 11:18:44 [INF] CIK 0000018672 | Skipping filing due to missing required data (CCM/CRSP/BTM).
2026-03-04 11:18:44 [INF] CIK 0000203248 | Filing 1006/9706 for Year 2009 | Starting
2026-03-04 11:18:44 [INF] CIK 0000203248 | Downloading filing HTML (cached if available)
2026-03-04 11:18:44 [INF] CIK 0000203248 | Reading HTML from C:\git\Edgar\Edgar\Data\raw\2009\0000203248\000020324809000005\0000203248-09-000005.txt
2026-03-04 11:18:45 [INF] CIK 0000203248 | Cleaning + extracting sections
2026-03-04 11:18:45 [INF] CIK 0000203248 | Filing 1006/9706 for Year 2009 | Finished
2026-03-04 11:18:45 [INF] CIK 0000021344 | Filing 1007/9706 for Year 2009 | Starting
2026-03-04 11:18:45 [INF] CIK 0000021344 | Downloading filing HTML (cached if available)
2026-03-04 11:18:45 [INF] CIK 0000021344 | Reading HTML from C:\git\Edgar\Edgar\Data\raw\2009\0000021344\000104746909001875\0001047469-09-001875.txt
2026-03-04 11:18:45 [INF] CIK 0000021344 | Cleaning + extracting sections
2026-03-04 11:18:45 [INF] CIK 0000021344 | Filing 1007/9706 for Year 2009 | Finished
2026-03-04 11:18:45 [INF] CIK 0000215419 | Filing 1008/9706 for Year 2009 | Starting
2026-03-04 11:18:45 [INF] CIK 0000215419 | Downloading filing HTML (cached if available)
2026-03-04 11:18:46 [INF] CIK 0000215419 | Reading HTML from C:\git\Edgar\Edgar\Data\raw\2009\0000215419\000089322009000406\0000893220-09-000406.txt
2026-03-04 11:18:46 [INF] CIK 0000215419 | Cleaning + extracting sections
2026-03-04 11:18:46 [INF] CIK 0000215419 | Filing 1008/9706 for Year 2009 | Finished
2026-03-04 11:18:46 [INF] CIK 0000217346 | Filing 1009/9706 for Year 2009 | Starting
2026-03-04 11:18:46 [INF] CIK 0000217346 | Downloading filing HTML (cached if available)
2026-03-04 11:18:46 [INF] CIK 0000217346 | Reading HTML from C:\git\Edgar\Edgar\Data\raw\2009\0000217346\000095013509001252\0000950135-09-001252.txt
2026-03-04 11:18:46 [INF] CIK 0000217346 | Cleaning + extracting sections
2026-03-04 11:18:47 [INF] CIK 0000217346 | Filing 1009/9706 for Year 2009 | Finished
2026-03-04 11:18:47 [INF] CIK 0000022356 | Filing 1010/9706 for Year 2009 | Starting
2026-03-04 11:18:47 [INF] CIK 0000022356 | Downloading filing HTML (cached if available)
2026-03-04 11:18:47 [INF] CIK 0000022356 | Reading HTML from C:\git\Edgar\Edgar\Data\raw\2009\0000022356\000095013709001320\0000950137-09-001320.txt
2026-03-04 11:18:47 [INF] CIK 0000022356 | Cleaning + extracting sections
2026-03-04 11:18:47 [INF] CIK 0000022356 | Filing 1010/9706 for Year 2009 | Finished
2026-03-04 11:18:47 [INF] CIK 0000023111 | Filing 1011/9706 for Year 2009 | Starting
2026-03-04 11:18:47 [INF] CIK 0000023111 | Downloading filing HTML (cached if available)
2026-03-04 11:18:47 [INF] CIK 0000023111 | Reading HTML from C:\git\Edgar\Edgar\Data\raw\2009\0000023111\000119312509037577\0001193125-09-037577.txt
2026-03-04 11:18:48 [INF] CIK 0000023111 | Cleaning + extracting sections
2026-03-04 11:18:48 [INF] CIK 0000023111 | Filing 1011/9706 for Year 2009 | Finished
2026-03-04 11:18:48 [INF] CIK 0000024491 | Filing 1012/9706 for Year 2009 | Starting
2026-03-04 11:18:48 [INF] CIK 0000024491 | Downloading filing HTML (cached if available)
2026-03-04 11:18:48 [INF] CIK 0000024491 | Reading HTML from C:\git\Edgar\Edgar\Data\raw\2009\0000024491\000095015209001845\0000950152-09-001845.txt
2026-03-04 11:18:48 [INF] CIK 0000024491 | Cleaning + extracting sections
2026-03-04 11:18:48 [INF] CIK 0000024491 | Filing 1012/9706 for Year 2009 | Finished
2026-03-04 11:18:48 [INF] CIK 0000029002 | Filing 1013/9706 for Year 2009 | Starting
2026-03-04 11:18:48 [INF] CIK 0000029002 | Downloading filing HTML (cached if available)
2026-03-04 11:18:49 [INF] CIK 0000029002 | Reading HTML from C:\git\Edgar\Edgar\Data\raw\2009\0000029002\000095014809000023\0000950148-09-000023.txt
2026-03-04 11:18:49 [INF] CIK 0000029002 | Cleaning + extracting sections
2026-03-04 11:18:49 [INF] CIK 0000029002 | Filing 1013/9706 for Year 2009 | Finished
2026-03-04 11:18:49 [INF] CIK 0000310522 | Filing 1014/9706 for Year 2009 | Starting
2026-03-04 11:18:49 [INF] CIK 0000310522 | Downloading filing HTML (cached if available)
2026-03-04 11:18:49 [INF] CIK 0000310522 | Reading HTML from C:\git\Edgar\Edgar\Data\raw\2009\0000310522\000095013309000487\0000950133-09-000487.txt
2026-03-04 11:18:50 [INF] CIK 0000310522 | Cleaning + extracting sections
2026-03-04 11:18:50 [INF] CIK 0000310522 | Filing 1014/9706 for Year 2009 | Finished
2026-03-04 11:18:50 [INF] CIK 0000314808 | Filing 1015/9706 for Year 2009 | Starting
2026-03-04 11:18:50 [INF] CIK 0000314808 | Downloading filing HTML (cached if available)
2026-03-04 11:18:50 [INF] CIK 0000314808 | Reading HTML from C:\git\Edgar\Edgar\Data\raw\2009\0000314808\000031480809000015\0000314808-09-000015.txt
2026-03-04 11:18:50 [INF] CIK 0000314808 | Cleaning + extracting sections
2026-03-04 11:18:51 [INF] CIK 0000314808 | Filing 1015/9706 for Year 2009 | Finished
2026-03-04 11:18:51 [INF] CIK 0000316300 | Filing 1016/9706 for Year 2009 | Starting
2026-03-04 11:18:51 [INF] CIK 0000316300 | Downloading filing HTML (cached if available)
2026-03-04 11:18:51 [INF] CIK 0000316300 | Reading HTML from C:\git\Edgar\Edgar\Data\raw\2009\0000316300\000119312509038799\0001193125-09-038799.txt
2026-03-04 11:18:51 [INF] CIK 0000316300 | Cleaning + extracting sections
2026-03-04 11:18:51 [INF] CIK 0000316300 | Filing 1016/9706 for Year 2009 | Finished
2026-03-04 11:18:51 [INF] CIK 0000031791 | Filing 1017/9706 for Year 2009 | Starting
2026-03-04 11:18:51 [INF] CIK 0000031791 | Downloading filing HTML (cached if available)
2026-03-04 11:18:52 [INF] CIK 0000031791 | Reading HTML from C:\git\Edgar\Edgar\Data\raw\2009\0000031791\000119312509039117\0001193125-09-039117.txt
2026-03-04 11:18:52 [INF] CIK 0000031791 | Cleaning + extracting sections
2026-03-04 11:18:52 [INF] CIK 0000031791 | Filing 1017/9706 for Year 2009 | Finished
2026-03-04 11:18:52 [INF] CIK 0000003202 | Filing 1018/9706 for Year 2009 | Starting
2026-03-04 11:18:52 [INF] CIK 0000003202 | Missing permno mapping in CCM for Company ALASKA AIRLINES INC (0000003202).
2026-03-04 11:18:52 [INF] CIK 0000003202 | Missing Book-to-Market data for Company ALASKA AIRLINES INC (0000003202) in 2009.
2026-03-04 11:18:52 [INF] CIK 0000003202 | Skipping filing due to missing required data (CCM/CRSP/BTM).
2026-03-04 11:18:52 [INF] CIK 0000320575 | Filing 1019/9706 for Year 2009 | Starting
2026-03-04 11:18:52 [INF] CIK 0000320575 | Downloading filing HTML (cached if available)
2026-03-04 11:18:53 [INF] CIK 0000320575 | Reading HTML from C:\git\Edgar\Edgar\Data\raw\2009\0000320575\000119312509038416\0001193125-09-038416.txt
2026-03-04 11:18:53 [INF] CIK 0000320575 | Cleaning + extracting sections
2026-03-04 11:18:53 [INF] CIK 0000320575 | Filing 1019/9706 for Year 2009 | Finished
2026-03-04 11:18:53 [INF] CIK 0000033185 | Filing 1020/9706 for Year 2009 | Starting
2026-03-04 11:18:53 [INF] CIK 0000033185 | Downloading filing HTML (cached if available)
2026-03-04 11:18:53 [INF] CIK 0000033185 | Reading HTML from C:\git\Edgar\Edgar\Data\raw\2009\0000033185\000104746909001891\0001047469-09-001891.txt
2026-03-04 11:18:53 [INF] CIK 0000033185 | Cleaning + extracting sections
2026-03-04 11:18:53 [INF] CIK 0000033185 | Filing 1020/9706 for Year 2009 | Finished
2026-03-04 11:18:53 [INF] CIK 0000034903 | Filing 1021/9706 for Year 2009 | Starting
2026-03-04 11:18:53 [INF] CIK 0000034903 | Downloading filing HTML (cached if available)
2026-03-04 11:18:54 [INF] CIK 0000034903 | Reading HTML from C:\git\Edgar\Edgar\Data\raw\2009\0000034903\000119312509038641\0001193125-09-038641.txt
2026-03-04 11:18:54 [INF] CIK 0000034903 | Cleaning + extracting sections
2026-03-04 11:18:54 [INF] CIK 0000034903 | Filing 1021/9706 for Year 2009 | Finished
2026-03-04 11:18:54 [INF] CIK 0000350563 | Filing 1022/9706 for Year 2009 | Starting
2026-03-04 11:18:54 [INF] CIK 0000350563 | Downloading filing HTML (cached if available)
2026-03-04 11:18:54 [INF] CIK 0000350563 | Reading HTML from C:\git\Edgar\Edgar\Data\raw\2009\0000350563\000119312509039229\0001193125-09-039229.txt
2026-03-04 11:18:54 [INF] CIK 0000350563 | Cleaning + extracting sections
2026-03-04 11:18:55 [INF] CIK 0000350563 | Filing 1022/9706 for Year 2009 | Finished
2026-03-04 11:18:55 [INF] CIK 0000352915 | Filing 1023/9706 for Year 2009 | Starting
2026-03-04 11:18:55 [INF] CIK 0000352915 | Downloading filing HTML (cached if available)
2026-03-04 11:18:55 [INF] CIK 0000352915 | Reading HTML from C:\git\Edgar\Edgar\Data\raw\2009\0000352915\000119312509039205\0001193125-09-039205.txt
2026-03-04 11:18:55 [INF] CIK 0000352915 | Cleaning + extracting sections
2026-03-04 11:18:55 [INF] CIK 0000352915 | Filing 1023/9706 for Year 2009 | Finished
2026-03-04 11:18:55 [INF] CIK 0000353230 | Filing 1024/9706 for Year 2009 | Starting
2026-03-04 11:18:55 [INF] CIK 0000353230 | Downloading filing HTML (cached if available)
2026-03-04 11:18:56 [INF] CIK 0000353230 | Reading HTML from C:\git\Edgar\Edgar\Data\raw\2009\0000353230\000093041309001035\0000930413-09-001035.txt
2026-03-04 11:18:56 [INF] CIK 0000353230 | Cleaning + extracting sections
2026-03-04 11:18:56 [INF] CIK 0000353230 | Filing 1024/9706 for Year 2009 | Finished
2026-03-04 11:18:56 [INF] CIK 0000357301 | Filing 1025/9706 for Year 2009 | Starting
2026-03-04 11:18:56 [INF] CIK 0000357301 | Downloading filing HTML (cached if available)
2026-03-04 11:18:56 [INF] CIK 0000357301 | Reading HTML from C:\git\Edgar\Edgar\Data\raw\2009\0000357301\000114036109005172\0001140361-09-005172.txt
2026-03-04 11:18:57 [INF] CIK 0000357301 | Cleaning + extracting sections
2026-03-04 11:18:57 [INF] CIK 0000357301 | Filing 1025/9706 for Year 2009 | Finished
2026-03-04 11:18:57 [INF] CIK 0000036146 | Filing 1026/9706 for Year 2009 | Starting
2026-03-04 11:18:57 [INF] CIK 0000036146 | Downloading filing HTML (cached if available)
2026-03-04 11:18:57 [INF] CIK 0000036146 | Reading HTML from C:\git\Edgar\Edgar\Data\raw\2009\0000036146\000114036109005186\0001140361-09-005186.txt
2026-03-04 11:18:57 [INF] CIK 0000036146 | Cleaning + extracting sections
2026-03-04 11:18:57 [INF] CIK 0000036146 | Filing 1026/9706 for Year 2009 | Finished
2026-03-04 11:18:57 [INF] CIK 0000036966 | Filing 1027/9706 for Year 2009 | Starting
2026-03-04 11:18:57 [INF] CIK 0000036966 | Downloading filing HTML (cached if available)
2026-03-04 11:18:58 [INF] CIK 0000036966 | Reading HTML from C:\git\Edgar\Edgar\Data\raw\2009\0000036966\000093041309001040\0000930413-09-001040.txt
2026-03-04 11:18:58 [INF] CIK 0000036966 | Cleaning + extracting sections
2026-03-04 11:18:58 [INF] CIK 0000036966 | Filing 1027/9706 for Year 2009 | Finished
2026-03-04 11:18:58 [INF] CIK 0000037996 | Filing 1028/9706 for Year 2009 | Starting
2026-03-04 11:18:58 [INF] CIK 0000037996 | Downloading filing HTML (cached if available)
2026-03-04 11:18:59 [INF] CIK 0000037996 | Reading HTML from C:\git\Edgar\Edgar\Data\raw\2009\0000037996\000114036109005071\0001140361-09-005071.txt
2026-03-04 11:18:59 [INF] CIK 0000037996 | Cleaning + extracting sections
2026-03-04 11:18:59 [INF] CIK 0000037996 | Filing 1028/9706 for Year 2009 | Finished
2026-03-04 11:18:59 [INF] CIK 0000038009 | Filing 1029/9706 for Year 2009 | Starting
2026-03-04 11:18:59 [INF] CIK 0000038009 | Missing permno mapping in CCM for Company FORD MOTOR CREDIT CO LLC (0000038009).
2026-03-04 11:18:59 [INF] CIK 0000038009 | Missing Book-to-Market data for Company FORD MOTOR CREDIT CO LLC (0000038009) in 2009.
2026-03-04 11:18:59 [INF] CIK 0000038009 | Skipping filing due to missing required data (CCM/CRSP/BTM).
2026-03-04 11:18:59 [INF] CIK 0000043410 | Filing 1030/9706 for Year 2009 | Starting
2026-03-04 11:18:59 [INF] CIK 0000043410 | Downloading filing HTML (cached if available)
2026-03-04 11:18:59 [INF] CIK 0000043410 | Reading HTML from C:\git\Edgar\Edgar\Data\raw\2009\0000043410\000089710109000357\0000897101-09-000357.txt
2026-03-04 11:18:59 [INF] CIK 0000043410 | Cleaning + extracting sections
2026-03-04 11:19:00 [INF] CIK 0000043410 | Filing 1030/9706 for Year 2009 | Finished
2026-03-04 11:19:00 [INF] CIK 0000049648 | Filing 1031/9706 for Year 2009 | Starting
2026-03-04 11:19:00 [INF] CIK 0000049648 | Missing permno mapping in CCM for Company IDAHO POWER CO (0000049648).
2026-03-04 11:19:00 [INF] CIK 0000049648 | Missing Book-to-Market data for Company IDAHO POWER CO (0000049648) in 2009.
2026-03-04 11:19:00 [INF] CIK 0000049648 | Skipping filing due to missing required data (CCM/CRSP/BTM).
2026-03-04 11:19:00 [INF] CIK 0000049754 | Filing 1032/9706 for Year 2009 | Starting
2026-03-04 11:19:00 [INF] CIK 0000049754 | Downloading filing HTML (cached if available)
2026-03-04 11:19:00 [INF] CIK 0000049754 | Reading HTML from C:\git\Edgar\Edgar\Data\raw\2009\0000049754\000104746909001874\0001047469-09-001874.txt
2026-03-04 11:19:00 [INF] CIK 0000049754 | Cleaning + extracting sections
2026-03-04 11:19:00 [INF] CIK 0000049754 | Filing 1032/9706 for Year 2009 | Finished
2026-03-04 11:19:00 [INF] CIK 0000051253 | Filing 1033/9706 for Year 2009 | Starting
2026-03-04 11:19:00 [INF] CIK 0000051253 | Downloading filing HTML (cached if available)
2026-03-04 11:19:01 [INF] CIK 0000051253 | Reading HTML from C:\git\Edgar\Edgar\Data\raw\2009\0000051253\000095012309003569\0000950123-09-003569.txt
2026-03-04 11:19:01 [INF] CIK 0000051253 | Cleaning + extracting sections
2026-03-04 11:19:01 [INF] CIK 0000051253 | Filing 1033/9706 for Year 2009 | Finished
2026-03-04 11:19:01 [INF] CIK 0000051434 | Filing 1034/9706 for Year 2009 | Starting
2026-03-04 11:19:01 [INF] CIK 0000051434 | Downloading filing HTML (cached if available)
2026-03-04 11:19:01 [INF] CIK 0000051434 | Reading HTML from C:\git\Edgar\Edgar\Data\raw\2009\0000051434\000119312509038657\0001193125-09-038657.txt
2026-03-04 11:19:01 [INF] CIK 0000051434 | Cleaning + extracting sections
2026-03-04 11:19:01 [INF] CIK 0000051434 | Filing 1034/9706 for Year 2009 | Finished
2026-03-04 11:19:01 [INF] CIK 0000054381 | Filing 1035/9706 for Year 2009 | Starting
2026-03-04 11:19:01 [INF] CIK 0000054381 | Downloading filing HTML (cached if available)
2026-03-04 11:19:02 [INF] CIK 0000054381 | Reading HTML from C:\git\Edgar\Edgar\Data\raw\2009\0000054381\000119380509000523\0001193805-09-000523.txt
2026-03-04 11:19:02 [INF] CIK 0000054381 | Cleaning + extracting sections
2026-03-04 11:19:02 [INF] CIK 0000054381 | Filing 1035/9706 for Year 2009 | Finished
2026-03-04 11:19:02 [INF] CIK 0000061339 | Filing 1036/9706 for Year 2009 | Starting
2026-03-04 11:19:02 [INF] CIK 0000061339 | Missing permno mapping in CCM for Company MADISON GAS & ELECTRIC CO (0000061339).
2026-03-04 11:19:02 [INF] CIK 0000061339 | Missing Book-to-Market data for Company MADISON GAS & ELECTRIC CO (0000061339) in 2009.
2026-03-04 11:19:02 [INF] CIK 0000061339 | Skipping filing due to missing required data (CCM/CRSP/BTM).
2026-03-04 11:19:02 [INF] CIK 0000063276 | Filing 1037/9706 for Year 2009 | Starting
2026-03-04 11:19:02 [INF] CIK 0000063276 | Downloading filing HTML (cached if available)
2026-03-04 11:19:03 [INF] CIK 0000063276 | Reading HTML from C:\git\Edgar\Edgar\Data\raw\2009\0000063276\000119312509038925\0001193125-09-038925.txt
2026-03-04 11:19:03 [INF] CIK 0000063276 | Cleaning + extracting sections
2026-03-04 11:19:03 [INF] CIK 0000063276 | Filing 1037/9706 for Year 2009 | Finished
2026-03-04 11:19:03 [INF] CIK 0000066570 | Filing 1038/9706 for Year 2009 | Starting
2026-03-04 11:19:03 [INF] CIK 0000066570 | Downloading filing HTML (cached if available)
2026-03-04 11:19:03 [INF] CIK 0000066570 | Reading HTML from C:\git\Edgar\Edgar\Data\raw\2009\0000066570\000119312509039023\0001193125-09-039023.txt
2026-03-04 11:19:03 [INF] CIK 0000066570 | Cleaning + extracting sections
2026-03-04 11:19:03 [INF] CIK 0000066570 | Filing 1038/9706 for Year 2009 | Finished
2026-03-04 11:19:03 [INF] CIK 0000068505 | Filing 1039/9706 for Year 2009 | Starting
2026-03-04 11:19:03 [INF] CIK 0000068505 | Downloading filing HTML (cached if available)
2026-03-04 11:19:04 [INF] CIK 0000068505 | Reading HTML from C:\git\Edgar\Edgar\Data\raw\2009\0000068505\000095013709001324\0000950137-09-001324.txt
2026-03-04 11:19:04 [INF] CIK 0000068505 | Cleaning + extracting sections
2026-03-04 11:19:04 [INF] CIK 0000068505 | Filing 1039/9706 for Year 2009 | Finished
2026-03-04 11:19:04 [INF] CIK 0000701221 | Filing 1040/9706 for Year 2009 | Starting
2026-03-04 11:19:04 [INF] CIK 0000701221 | Missing permno mapping in CCM for Company CIGNA CORP (0000701221).
2026-03-04 11:19:04 [INF] CIK 0000701221 | Missing Book-to-Market data for Company CIGNA CORP (0000701221) in 2009.
2026-03-04 11:19:04 [INF] CIK 0000701221 | Skipping filing due to missing required data (CCM/CRSP/BTM).
2026-03-04 11:19:04 [INF] CIK 0000070866 | Filing 1041/9706 for Year 2009 | Starting
2026-03-04 11:19:04 [INF] CIK 0000070866 | Downloading filing HTML (cached if available)
2026-03-04 11:19:04 [INF] CIK 0000070866 | Reading HTML from C:\git\Edgar\Edgar\Data\raw\2009\0000070866\000119312509037725\0001193125-09-037725.txt
2026-03-04 11:19:05 [INF] CIK 0000070866 | Cleaning + extracting sections
2026-03-04 11:19:05 [INF] CIK 0000070866 | Filing 1041/9706 for Year 2009 | Finished
2026-03-04 11:19:05 [INF] CIK 0000709255 | Filing 1042/9706 for Year 2009 | Starting
2026-03-04 11:19:05 [INF] CIK 0000709255 | Missing permno mapping in CCM for Company TEXTRON FINANCIAL CORP (0000709255).
2026-03-04 11:19:05 [INF] CIK 0000709255 | Missing Book-to-Market data for Company TEXTRON FINANCIAL CORP (0000709255) in 2009.
2026-03-04 11:19:05 [INF] CIK 0000709255 | Skipping filing due to missing required data (CCM/CRSP/BTM).
2026-03-04 11:19:05 [INF] CIK 0000712537 | Filing 1043/9706 for Year 2009 | Starting
2026-03-04 11:19:05 [INF] CIK 0000712537 | Downloading filing HTML (cached if available)
2026-03-04 11:19:05 [INF] CIK 0000712537 | Reading HTML from C:\git\Edgar\Edgar\Data\raw\2009\0000712537\000119312509039207\0001193125-09-039207.txt
2026-03-04 11:19:05 [INF] CIK 0000712537 | Cleaning + extracting sections
2026-03-04 11:19:05 [INF] CIK 0000712537 | Filing 1043/9706 for Year 2009 | Finished
2026-03-04 11:19:05 [INF] CIK 0000715787 | Filing 1044/9706 for Year 2009 | Starting
2026-03-04 11:19:05 [INF] CIK 0000715787 | Downloading filing HTML (cached if available)
2026-03-04 11:19:06 [INF] CIK 0000715787 | Reading HTML from C:\git\Edgar\Edgar\Data\raw\2009\0000715787\000071578709000008\0000715787-09-000008.txt
2026-03-04 11:19:06 [INF] CIK 0000715787 | Cleaning + extracting sections
2026-03-04 11:19:06 [INF] CIK 0000715787 | Filing 1044/9706 for Year 2009 | Finished
2026-03-04 11:19:06 [INF] CIK 0000715957 | Filing 1045/9706 for Year 2009 | Starting
2026-03-04 11:19:06 [INF] CIK 0000715957 | Downloading filing HTML (cached if available)
2026-03-04 11:19:06 [INF] CIK 0000715957 | Reading HTML from C:\git\Edgar\Edgar\Data\raw\2009\0000715957\000119312509039102\0001193125-09-039102.txt
2026-03-04 11:19:06 [INF] CIK 0000715957 | Cleaning + extracting sections
2026-03-04 11:19:06 [INF] CIK 0000715957 | Filing 1045/9706 for Year 2009 | Finished
2026-03-04 11:19:06 [INF] CIK 0000071691 | Filing 1046/9706 for Year 2009 | Starting
2026-03-04 11:19:06 [INF] CIK 0000071691 | Downloading filing HTML (cached if available)
2026-03-04 11:19:07 [INF] CIK 0000071691 | Reading HTML from C:\git\Edgar\Edgar\Data\raw\2009\0000071691\000110465909012370\0001104659-09-012370.txt
2026-03-04 11:19:07 [INF] CIK 0000071691 | Cleaning + extracting sections
2026-03-04 11:19:07 [INF] CIK 0000071691 | Filing 1046/9706 for Year 2009 | Finished
2026-03-04 11:19:07 [INF] CIK 0000723612 | Filing 1047/9706 for Year 2009 | Starting
2026-03-04 11:19:07 [INF] CIK 0000723612 | Downloading filing HTML (cached if available)
2026-03-04 11:19:07 [INF] CIK 0000723612 | Reading HTML from C:\git\Edgar\Edgar\Data\raw\2009\0000723612\000119312509039260\0001193125-09-039260.txt
2026-03-04 11:19:07 [INF] CIK 0000723612 | Cleaning + extracting sections
2026-03-04 11:19:08 [INF] CIK 0000723612 | Filing 1047/9706 for Year 2009 | Finished
2026-03-04 11:19:08 [INF] CIK 0000729986 | Filing 1048/9706 for Year 2009 | Starting
2026-03-04 11:19:08 [INF] CIK 0000729986 | Downloading filing HTML (cached if available)
2026-03-04 11:19:08 [INF] CIK 0000729986 | Reading HTML from C:\git\Edgar\Edgar\Data\raw\2009\0000729986\000095015209001847\0000950152-09-001847.txt
2026-03-04 11:19:08 [INF] CIK 0000729986 | Cleaning + extracting sections
2026-03-04 11:19:08 [INF] CIK 0000729986 | Filing 1048/9706 for Year 2009 | Finished
2026-03-04 11:19:08 [INF] CIK 0000073309 | Filing 1049/9706 for Year 2009 | Starting
2026-03-04 11:19:08 [INF] CIK 0000073309 | Downloading filing HTML (cached if available)
2026-03-04 11:19:09 [INF] CIK 0000073309 | Reading HTML from C:\git\Edgar\Edgar\Data\raw\2009\0000073309\000119312509038676\0001193125-09-038676.txt
2026-03-04 11:19:09 [INF] CIK 0000073309 | Cleaning + extracting sections
2026-03-04 11:19:09 [INF] CIK 0000073309 | Filing 1049/9706 for Year 2009 | Finished
2026-03-04 11:19:09 [INF] CIK 0000007332 | Filing 1050/9706 for Year 2009 | Starting
2026-03-04 11:19:09 [INF] CIK 0000007332 | Downloading filing HTML (cached if available)
2026-03-04 11:19:10 [INF] CIK 0000007332 | Reading HTML from C:\git\Edgar\Edgar\Data\raw\2009\0000007332\000000733209000004\0000007332-09-000004.txt
2026-03-04 11:19:10 [INF] CIK 0000007332 | Cleaning + extracting sections
2026-03-04 11:19:10 [INF] CIK 0000007332 | Filing 1050/9706 for Year 2009 | Finished
2026-03-04 11:19:10 [INF] CIK 0000073756 | Filing 1051/9706 for Year 2009 | Starting
2026-03-04 11:19:10 [INF] CIK 0000073756 | Downloading filing HTML (cached if available)
2026-03-04 11:19:10 [INF] CIK 0000073756 | Reading HTML from C:\git\Edgar\Edgar\Data\raw\2009\0000073756\000095012909000581\0000950129-09-000581.txt
2026-03-04 11:19:10 [INF] CIK 0000073756 | Cleaning + extracting sections
2026-03-04 11:19:10 [INF] CIK 0000073756 | Filing 1051/9706 for Year 2009 | Finished
2026-03-04 11:19:10 [INF] CIK 0000740694 | Filing 1052/9706 for Year 2009 | Starting
2026-03-04 11:19:10 [INF] CIK 0000740694 | Downloading filing HTML (cached if available)
2026-03-04 11:19:11 [INF] CIK 0000740694 | Reading HTML from C:\git\Edgar\Edgar\Data\raw\2009\0000740694\000095015209001858\0000950152-09-001858.txt
2026-03-04 11:19:11 [INF] CIK 0000740694 | Cleaning + extracting sections
2026-03-04 11:19:11 [INF] CIK 0000740694 | Filing 1052/9706 for Year 2009 | Finished
2026-03-04 11:19:11 [INF] CIK 0000074208 | Filing 1053/9706 for Year 2009 | Starting
2026-03-04 11:19:11 [INF] CIK 0000074208 | Downloading filing HTML (cached if available)
2026-03-04 11:19:11 [INF] CIK 0000074208 | Reading HTML from C:\git\Edgar\Edgar\Data\raw\2009\0000074208\000095013409003865\0000950134-09-003865.txt
2026-03-04 11:19:11 [INF] CIK 0000074208 | Cleaning + extracting sections
2026-03-04 11:19:11 [INF] CIK 0000074208 | Filing 1053/9706 for Year 2009 | Finished
2026-03-04 11:19:11 [INF] CIK 0000007431 | Filing 1054/9706 for Year 2009 | Starting
2026-03-04 11:19:11 [INF] CIK 0000007431 | Downloading filing HTML (cached if available)
2026-03-04 11:19:12 [INF] CIK 0000007431 | Reading HTML from C:\git\Edgar\Edgar\Data\raw\2009\0000007431\000136231009002802\0001362310-09-002802.txt
2026-03-04 11:19:12 [INF] CIK 0000007431 | Cleaning + extracting sections
2026-03-04 11:19:12 [INF] CIK 0000007431 | Filing 1054/9706 for Year 2009 | Finished
2026-03-04 11:19:12 [INF] CIK 0000751364 | Filing 1055/9706 for Year 2009 | Starting
2026-03-04 11:19:12 [INF] CIK 0000751364 | Downloading filing HTML (cached if available)
2026-03-04 11:19:12 [INF] CIK 0000751364 | Reading HTML from C:\git\Edgar\Edgar\Data\raw\2009\0000751364\000119312509039243\0001193125-09-039243.txt
2026-03-04 11:19:12 [INF] CIK 0000751364 | Cleaning + extracting sections
2026-03-04 11:19:13 [INF] CIK 0000751364 | Filing 1055/9706 for Year 2009 | Finished
2026-03-04 11:19:13 [INF] CIK 0000007536 | Filing 1056/9706 for Year 2009 | Starting
2026-03-04 11:19:13 [INF] CIK 0000007536 | Downloading filing HTML (cached if available)
2026-03-04 11:19:13 [INF] CIK 0000007536 | Reading HTML from C:\git\Edgar\Edgar\Data\raw\2009\0000007536\000095012309003515\0000950123-09-003515.txt
2026-03-04 11:19:13 [INF] CIK 0000007536 | Cleaning + extracting sections
2026-03-04 11:19:13 [INF] CIK 0000007536 | Filing 1056/9706 for Year 2009 | Finished
2026-03-04 11:19:13 [INF] CIK 0000076063 | Filing 1057/9706 for Year 2009 | Starting
2026-03-04 11:19:13 [INF] CIK 0000076063 | Missing permno mapping in CCM for Company PANHANDLE EASTERN PIPE LINE CO LP (0000076063).
2026-03-04 11:19:13 [INF] CIK 0000076063 | Missing Book-to-Market data for Company PANHANDLE EASTERN PIPE LINE CO LP (0000076063) in 2009.
2026-03-04 11:19:13 [INF] CIK 0000076063 | Skipping filing due to missing required data (CCM/CRSP/BTM).
2026-03-04 11:19:13 [INF] CIK 0000764065 | Filing 1058/9706 for Year 2009 | Starting
2026-03-04 11:19:13 [INF] CIK 0000764065 | Downloading filing HTML (cached if available)
2026-03-04 11:19:14 [INF] CIK 0000764065 | Reading HTML from C:\git\Edgar\Edgar\Data\raw\2009\0000764065\000119312509039184\0001193125-09-039184.txt
2026-03-04 11:19:14 [INF] CIK 0000764065 | Cleaning + extracting sections
2026-03-04 11:19:14 [INF] CIK 0000764065 | Filing 1058/9706 for Year 2009 | Finished
2026-03-04 11:19:14 [INF] CIK 0000767920 | Filing 1059/9706 for Year 2009 | Starting
2026-03-04 11:19:14 [INF] CIK 0000767920 | Downloading filing HTML (cached if available)
2026-03-04 11:19:14 [INF] CIK 0000767920 | Reading HTML from C:\git\Edgar\Edgar\Data\raw\2009\0000767920\000119312509037800\0001193125-09-037800.txt
2026-03-04 11:19:14 [INF] CIK 0000767920 | Cleaning + extracting sections
2026-03-04 11:19:14 [INF] CIK 0000767920 | Filing 1059/9706 for Year 2009 | Finished
2026-03-04 11:19:14 [INF] CIK 0000007789 | Filing 1060/9706 for Year 2009 | Starting
2026-03-04 11:19:14 [INF] CIK 0000007789 | Downloading filing HTML (cached if available)
2026-03-04 11:19:15 [INF] CIK 0000007789 | Reading HTML from C:\git\Edgar\Edgar\Data\raw\2009\0000007789\000095015209001822\0000950152-09-001822.txt
2026-03-04 11:19:15 [INF] CIK 0000007789 | Cleaning + extracting sections
2026-03-04 11:19:15 [INF] CIK 0000007789 | Filing 1060/9706 for Year 2009 | Finished
2026-03-04 11:19:15 [INF] CIK 0000780571 | Filing 1061/9706 for Year 2009 | Starting
2026-03-04 11:19:15 [INF] CIK 0000780571 | Downloading filing HTML (cached if available)
2026-03-04 11:19:15 [INF] CIK 0000780571 | Reading HTML from C:\git\Edgar\Edgar\Data\raw\2009\0000780571\000078057109000015\0000780571-09-000015.txt
2026-03-04 11:19:16 [INF] CIK 0000780571 | Cleaning + extracting sections
2026-03-04 11:19:16 [INF] CIK 0000780571 | Filing 1061/9706 for Year 2009 | Finished
2026-03-04 11:19:16 [INF] CIK 0000784681 | Filing 1062/9706 for Year 2009 | Starting
2026-03-04 11:19:16 [INF] CIK 0000784681 | Missing permno mapping in CCM for Company CSC HOLDINGS INC (0000784681).
2026-03-04 11:19:16 [INF] CIK 0000784681 | Missing Book-to-Market data for Company CSC HOLDINGS INC (0000784681) in 2009.
2026-03-04 11:19:16 [INF] CIK 0000784681 | Skipping filing due to missing required data (CCM/CRSP/BTM).
2026-03-04 11:19:16 [INF] CIK 0000078814 | Filing 1063/9706 for Year 2009 | Starting
2026-03-04 11:19:16 [INF] CIK 0000078814 | Downloading filing HTML (cached if available)
2026-03-04 11:19:16 [INF] CIK 0000078814 | Reading HTML from C:\git\Edgar\Edgar\Data\raw\2009\0000078814\000093041309001039\0000930413-09-001039.txt
2026-03-04 11:19:16 [INF] CIK 0000078814 | Cleaning + extracting sections
2026-03-04 11:19:16 [INF] CIK 0000078814 | Filing 1063/9706 for Year 2009 | Finished
2026-03-04 11:19:16 [INF] CIK 0000788784 | Filing 1064/9706 for Year 2009 | Starting
2026-03-04 11:19:16 [INF] CIK 0000788784 | Downloading filing HTML (cached if available)
2026-03-04 11:19:17 [INF] CIK 0000788784 | Reading HTML from C:\git\Edgar\Edgar\Data\raw\2009\0000788784\000093041309001045\0000930413-09-001045.txt
2026-03-04 11:19:17 [INF] CIK 0000788784 | Cleaning + extracting sections
2026-03-04 11:19:20 [INF] CIK 0000788784 | Filing 1064/9706 for Year 2009 | Finished
2026-03-04 11:19:20 [INF] CIK 0000789460 | Filing 1065/9706 for Year 2009 | Starting
2026-03-04 11:19:20 [INF] CIK 0000789460 | Downloading filing HTML (cached if available)
2026-03-04 11:19:20 [INF] CIK 0000789460 | Reading HTML from C:\git\Edgar\Edgar\Data\raw\2009\0000789460\000119312509039256\0001193125-09-039256.txt
2026-03-04 11:19:20 [INF] CIK 0000789460 | Cleaning + extracting sections
2026-03-04 11:19:20 [INF] CIK 0000789460 | Filing 1065/9706 for Year 2009 | Finished
2026-03-04 11:19:20 [INF] CIK 0000790705 | Filing 1066/9706 for Year 2009 | Starting
2026-03-04 11:19:20 [INF] CIK 0000790705 | Downloading filing HTML (cached if available)
2026-03-04 11:19:21 [INF] CIK 0000790705 | Reading HTML from C:\git\Edgar\Edgar\Data\raw\2009\0000790705\000113626109000104\0001136261-09-000104.txt
2026-03-04 11:19:21 [INF] CIK 0000790705 | Cleaning + extracting sections
2026-03-04 11:19:21 [INF] CIK 0000790705 | Filing 1066/9706 for Year 2009 | Finished
2026-03-04 11:19:21 [INF] CIK 0000791915 | Filing 1067/9706 for Year 2009 | Starting
2026-03-04 11:19:21 [INF] CIK 0000791915 | Downloading filing HTML (cached if available)
2026-03-04 11:19:21 [INF] CIK 0000791915 | Reading HTML from C:\git\Edgar\Edgar\Data\raw\2009\0000791915\000119312509039197\0001193125-09-039197.txt
2026-03-04 11:19:21 [INF] CIK 0000791915 | Cleaning + extracting sections
2026-03-04 11:19:22 [INF] CIK 0000791915 | Filing 1067/9706 for Year 2009 | Finished
2026-03-04 11:19:22 [INF] CIK 0000081033 | Filing 1068/9706 for Year 2009 | Starting
2026-03-04 11:19:22 [INF] CIK 0000081033 | Missing permno mapping in CCM for Company PUBLIC SERVICE ELECTRIC & GAS CO (0000081033).
2026-03-04 11:19:22 [INF] CIK 0000081033 | Missing Book-to-Market data for Company PUBLIC SERVICE ELECTRIC & GAS CO (0000081033) in 2009.
2026-03-04 11:19:22 [INF] CIK 0000081033 | Skipping filing due to missing required data (CCM/CRSP/BTM).
2026-03-04 11:19:22 [INF] CIK 0000821130 | Filing 1069/9706 for Year 2009 | Starting
2026-03-04 11:19:22 [INF] CIK 0000821130 | Downloading filing HTML (cached if available)
2026-03-04 11:19:22 [INF] CIK 0000821130 | Reading HTML from C:\git\Edgar\Edgar\Data\raw\2009\0000821130\000104746909001882\0001047469-09-001882.txt
2026-03-04 11:19:22 [INF] CIK 0000821130 | Cleaning + extracting sections
2026-03-04 11:19:22 [INF] CIK 0000821130 | Filing 1069/9706 for Year 2009 | Finished
2026-03-04 11:19:22 [INF] CIK 0000822416 | Filing 1070/9706 for Year 2009 | Starting
2026-03-04 11:19:22 [INF] CIK 0000822416 | Downloading filing HTML (cached if available)
2026-03-04 11:19:23 [INF] CIK 0000822416 | Reading HTML from C:\git\Edgar\Edgar\Data\raw\2009\0000822416\000119312509038910\0001193125-09-038910.txt
2026-03-04 11:19:23 [INF] CIK 0000822416 | Cleaning + extracting sections
2026-03-04 11:19:23 [INF] CIK 0000822416 | Filing 1070/9706 for Year 2009 | Finished
2026-03-04 11:19:23 [INF] CIK 0000830616 | Filing 1071/9706 for Year 2009 | Starting
2026-03-04 11:19:23 [INF] CIK 0000830616 | Missing permno mapping in CCM for Company SCI Engineered Materials, Inc. (0000830616).
2026-03-04 11:19:23 [INF] CIK 0000830616 | Missing Book-to-Market data for Company SCI Engineered Materials, Inc. (0000830616) in 2009.
2026-03-04 11:19:23 [INF] CIK 0000830616 | Skipping filing due to missing required data (CCM/CRSP/BTM).
2026-03-04 11:19:23 [INF] CIK 0000831259 | Filing 1072/9706 for Year 2009 | Starting
2026-03-04 11:19:23 [INF] CIK 0000831259 | Downloading filing HTML (cached if available)
2026-03-04 11:19:23 [INF] CIK 0000831259 | Reading HTML from C:\git\Edgar\Edgar\Data\raw\2009\0000831259\000083125909000018\0000831259-09-000018.txt
2026-03-04 11:19:24 [INF] CIK 0000831259 | Cleaning + extracting sections
2026-03-04 11:19:24 [INF] CIK 0000831259 | Filing 1072/9706 for Year 2009 | Finished
2026-03-04 11:19:24 [INF] CIK 0000831967 | Filing 1073/9706 for Year 2009 | Starting
2026-03-04 11:19:24 [INF] CIK 0000831967 | Missing permno mapping in CCM for Company KINETIC CONCEPTS INC /TX/ (0000831967).
2026-03-04 11:19:24 [INF] CIK 0000831967 | Missing Book-to-Market data for Company KINETIC CONCEPTS INC /TX/ (0000831967) in 2009.
2026-03-04 11:19:24 [INF] CIK 0000831967 | Skipping filing due to missing required data (CCM/CRSP/BTM).
2026-03-04 11:19:24 [INF] CIK 0000084748 | Filing 1074/9706 for Year 2009 | Starting
2026-03-04 11:19:24 [INF] CIK 0000084748 | Downloading filing HTML (cached if available)
2026-03-04 11:19:25 [INF] CIK 0000084748 | Reading HTML from C:\git\Edgar\Edgar\Data\raw\2009\0000084748\000115752309001682\0001157523-09-001682.txt
2026-03-04 11:19:25 [INF] CIK 0000084748 | Cleaning + extracting sections
2026-03-04 11:19:25 [INF] CIK 0000084748 | Filing 1074/9706 for Year 2009 | Finished
2026-03-04 11:19:25 [INF] CIK 0000855931 | Filing 1075/9706 for Year 2009 | Starting
2026-03-04 11:19:25 [INF] CIK 0000855931 | Missing permno mapping in CCM for Company POTASH CORP OF SASKATCHEWAN INC (0000855931).
2026-03-04 11:19:25 [INF] CIK 0000855931 | Missing Book-to-Market data for Company POTASH CORP OF SASKATCHEWAN INC (0000855931) in 2009.
2026-03-04 11:19:25 [INF] CIK 0000855931 | Skipping filing due to missing required data (CCM/CRSP/BTM).
2026-03-04 11:19:25 [INF] CIK 0000859598 | Filing 1076/9706 for Year 2009 | Starting
2026-03-04 11:19:25 [INF] CIK 0000859598 | Downloading filing HTML (cached if available)
2026-03-04 11:19:26 [INF] CIK 0000859598 | Reading HTML from C:\git\Edgar\Edgar\Data\raw\2009\0000859598\000119312509039274\0001193125-09-039274.txt
2026-03-04 11:19:26 [INF] CIK 0000859598 | Cleaning + extracting sections
2026-03-04 11:19:26 [INF] CIK 0000859598 | Filing 1076/9706 for Year 2009 | Finished
2026-03-04 11:19:26 [INF] CIK 0000860731 | Filing 1077/9706 for Year 2009 | Starting
2026-03-04 11:19:26 [INF] CIK 0000860731 | Downloading filing HTML (cached if available)
2026-03-04 11:19:26 [INF] CIK 0000860731 | Reading HTML from C:\git\Edgar\Edgar\Data\raw\2009\0000860731\000095013409003823\0000950134-09-003823.txt
2026-03-04 11:19:26 [INF] CIK 0000860731 | Cleaning + extracting sections
2026-03-04 11:19:26 [INF] CIK 0000860731 | Filing 1077/9706 for Year 2009 | Finished
2026-03-04 11:19:26 [INF] CIK 0000861361 | Filing 1078/9706 for Year 2009 | Starting
2026-03-04 11:19:26 [INF] CIK 0000861361 | Downloading filing HTML (cached if available)
2026-03-04 11:19:27 [INF] CIK 0000861361 | Reading HTML from C:\git\Edgar\Edgar\Data\raw\2009\0000861361\000115752309001684\0001157523-09-001684.txt
2026-03-04 11:19:27 [INF] CIK 0000861361 | Cleaning + extracting sections
2026-03-04 11:19:27 [INF] CIK 0000861361 | Filing 1078/9706 for Year 2009 | Finished
2026-03-04 11:19:27 [INF] CIK 0000866368 | Filing 1079/9706 for Year 2009 | Starting
2026-03-04 11:19:27 [INF] CIK 0000866368 | Downloading filing HTML (cached if available)
2026-03-04 11:19:27 [INF] CIK 0000866368 | Reading HTML from C:\git\Edgar\Edgar\Data\raw\2009\0000866368\000095013409003864\0000950134-09-003864.txt
2026-03-04 11:19:27 [INF] CIK 0000866368 | Cleaning + extracting sections
2026-03-04 11:19:27 [INF] CIK 0000866368 | Filing 1079/9706 for Year 2009 | Finished
2026-03-04 11:19:27 [INF] CIK 0000867773 | Filing 1080/9706 for Year 2009 | Starting
2026-03-04 11:19:27 [INF] CIK 0000867773 | Downloading filing HTML (cached if available)
2026-03-04 11:19:28 [INF] CIK 0000867773 | Reading HTML from C:\git\Edgar\Edgar\Data\raw\2009\0000867773\000086777309000011\0000867773-09-000011.txt
2026-03-04 11:19:28 [INF] CIK 0000867773 | Cleaning + extracting sections
2026-03-04 11:19:28 [INF] CIK 0000867773 | Filing 1080/9706 for Year 2009 | Finished
2026-03-04 11:19:28 [INF] CIK 0000872589 | Filing 1081/9706 for Year 2009 | Starting
2026-03-04 11:19:28 [INF] CIK 0000872589 | Downloading filing HTML (cached if available)
2026-03-04 11:19:29 [INF] CIK 0000872589 | Reading HTML from C:\git\Edgar\Edgar\Data\raw\2009\0000872589\000120677409000338\0001206774-09-000338.txt
2026-03-04 11:19:29 [INF] CIK 0000872589 | Cleaning + extracting sections
2026-03-04 11:19:29 [INF] CIK 0000872589 | Filing 1081/9706 for Year 2009 | Finished
2026-03-04 11:19:29 [INF] CIK 0000874015 | Filing 1082/9706 for Year 2009 | Starting
2026-03-04 11:19:29 [INF] CIK 0000874015 | Downloading filing HTML (cached if available)
2026-03-04 11:19:29 [INF] CIK 0000874015 | Reading HTML from C:\git\Edgar\Edgar\Data\raw\2009\0000874015\000110465909012215\0001104659-09-012215.txt
2026-03-04 11:19:29 [INF] CIK 0000874015 | Cleaning + extracting sections
2026-03-04 11:19:29 [INF] CIK 0000874015 | Filing 1082/9706 for Year 2009 | Finished
2026-03-04 11:19:29 [INF] CIK 0000874761 | Filing 1083/9706 for Year 2009 | Starting
2026-03-04 11:19:29 [INF] CIK 0000874761 | Downloading filing HTML (cached if available)
2026-03-04 11:19:30 [INF] CIK 0000874761 | Reading HTML from C:\git\Edgar\Edgar\Data\raw\2009\0000874761\000104746909001899\0001047469-09-001899.txt
2026-03-04 11:19:30 [INF] CIK 0000874761 | Cleaning + extracting sections
2026-03-04 11:19:30 [INF] CIK 0000874761 | Filing 1083/9706 for Year 2009 | Finished
2026-03-04 11:19:30 [INF] CIK 0000881665 | Filing 1084/9706 for Year 2009 | Starting
2026-03-04 11:19:30 [INF] CIK 0000881665 | Missing permno mapping in CCM for Company DA-LITE SCREEN CO INC (0000881665).
2026-03-04 11:19:30 [INF] CIK 0000881665 | Missing Book-to-Market data for Company DA-LITE SCREEN CO INC (0000881665) in 2009.
2026-03-04 11:19:30 [INF] CIK 0000881665 | Skipping filing due to missing required data (CCM/CRSP/BTM).
2026-03-04 11:19:30 [INF] CIK 0000891014 | Filing 1085/9706 for Year 2009 | Starting
2026-03-04 11:19:30 [INF] CIK 0000891014 | Downloading filing HTML (cached if available)
2026-03-04 11:19:31 [INF] CIK 0000891014 | Reading HTML from C:\git\Edgar\Edgar\Data\raw\2009\0000891014\000089101409000016\0000891014-09-000016.txt
2026-03-04 11:19:31 [INF] CIK 0000891014 | Cleaning + extracting sections
2026-03-04 11:19:31 [INF] CIK 0000891014 | Filing 1085/9706 for Year 2009 | Finished
2026-03-04 11:19:31 [INF] CIK 0000891456 | Filing 1086/9706 for Year 2009 | Starting
2026-03-04 11:19:31 [INF] CIK 0000891456 | Missing permno mapping in CCM for Company PLAINS EXPLORATION & PRODUCTION CO (0000891456).
2026-03-04 11:19:31 [INF] CIK 0000891456 | Missing Book-to-Market data for Company PLAINS EXPLORATION & PRODUCTION CO (0000891456) in 2009.
2026-03-04 11:19:31 [INF] CIK 0000891456 | Skipping filing due to missing required data (CCM/CRSP/BTM).
2026-03-04 11:19:31 [INF] CIK 0000895450 | Filing 1087/9706 for Year 2009 | Starting
2026-03-04 11:19:31 [INF] CIK 0000895450 | Missing permno mapping in CCM for Company WILLBROS GROUP INC (0000895450).
2026-03-04 11:19:31 [INF] CIK 0000895450 | Missing Book-to-Market data for Company WILLBROS GROUP INC (0000895450) in 2009.
2026-03-04 11:19:31 [INF] CIK 0000895450 | Skipping filing due to missing required data (CCM/CRSP/BTM).
2026-03-04 11:19:31 [INF] CIK 0000895930 | Filing 1088/9706 for Year 2009 | Starting
2026-03-04 11:19:31 [INF] CIK 0000895930 | Missing permno mapping in CCM for Company AMSURG CORP (0000895930).
2026-03-04 11:19:31 [INF] CIK 0000895930 | Missing Book-to-Market data for Company AMSURG CORP (0000895930) in 2009.
2026-03-04 11:19:31 [INF] CIK 0000895930 | Skipping filing due to missing required data (CCM/CRSP/BTM).
2026-03-04 11:19:31 [INF] CIK 0000899051 | Filing 1089/9706 for Year 2009 | Starting
2026-03-04 11:19:31 [INF] CIK 0000899051 | Downloading filing HTML (cached if available)
2026-03-04 11:19:31 [INF] CIK 0000899051 | Reading HTML from C:\git\Edgar\Edgar\Data\raw\2009\0000899051\000104746909001878\0001047469-09-001878.txt
2026-03-04 11:19:31 [INF] CIK 0000899051 | Cleaning + extracting sections
2026-03-04 11:19:32 [INF] CIK 0000899051 | Filing 1089/9706 for Year 2009 | Finished
2026-03-04 11:19:32 [INF] CIK 0000899723 | Filing 1090/9706 for Year 2009 | Starting
2026-03-04 11:19:32 [INF] CIK 0000899723 | Downloading filing HTML (cached if available)
2026-03-04 11:19:32 [INF] CIK 0000899723 | Reading HTML from C:\git\Edgar\Edgar\Data\raw\2009\0000899723\000095015209001849\0000950152-09-001849.txt
2026-03-04 11:19:32 [INF] CIK 0000899723 | Cleaning + extracting sections
2026-03-04 11:19:32 [INF] CIK 0000899723 | Filing 1090/9706 for Year 2009 | Finished
2026-03-04 11:19:32 [INF] CIK 0000899751 | Filing 1091/9706 for Year 2009 | Starting
2026-03-04 11:19:32 [INF] CIK 0000899751 | Downloading filing HTML (cached if available)
2026-03-04 11:19:33 [INF] CIK 0000899751 | Reading HTML from C:\git\Edgar\Edgar\Data\raw\2009\0000899751\000089975109000007\0000899751-09-000007.txt
2026-03-04 11:19:33 [INF] CIK 0000899751 | Cleaning + extracting sections
2026-03-04 11:19:33 [INF] CIK 0000899751 | Filing 1091/9706 for Year 2009 | Finished
2026-03-04 11:19:33 [INF] CIK 0000901219 | Filing 1092/9706 for Year 2009 | Starting
2026-03-04 11:19:33 [INF] CIK 0000901219 | Downloading filing HTML (cached if available)
2026-03-04 11:19:34 [INF] CIK 0000901219 | Reading HTML from C:\git\Edgar\Edgar\Data\raw\2009\0000901219\000095013309000480\0000950133-09-000480.txt
2026-03-04 11:19:34 [INF] CIK 0000901219 | Cleaning + extracting sections
2026-03-04 11:19:34 [INF] CIK 0000901219 | Filing 1092/9706 for Year 2009 | Finished
2026-03-04 11:19:34 [INF] CIK 0000090498 | Filing 1093/9706 for Year 2009 | Starting
2026-03-04 11:19:34 [INF] CIK 0000090498 | Downloading filing HTML (cached if available)
2026-03-04 11:19:34 [INF] CIK 0000090498 | Reading HTML from C:\git\Edgar\Edgar\Data\raw\2009\0000090498\000115752309001685\0001157523-09-001685.txt
2026-03-04 11:19:34 [INF] CIK 0000090498 | Cleaning + extracting sections
2026-03-04 11:19:35 [INF] CIK 0000090498 | Filing 1093/9706 for Year 2009 | Finished
2026-03-04 11:19:35 [INF] CIK 0000906107 | Filing 1094/9706 for Year 2009 | Starting
2026-03-04 11:19:35 [INF] CIK 0000906107 | Downloading filing HTML (cached if available)
2026-03-04 11:19:35 [INF] CIK 0000906107 | Reading HTML from C:\git\Edgar\Edgar\Data\raw\2009\0000906107\000119312509038255\0001193125-09-038255.txt
2026-03-04 11:19:35 [INF] CIK 0000906107 | Cleaning + extracting sections
2026-03-04 11:19:35 [INF] CIK 0000906107 | Filing 1094/9706 for Year 2009 | Finished
2026-03-04 11:19:35 [INF] CIK 0000912513 | Filing 1095/9706 for Year 2009 | Starting
2026-03-04 11:19:35 [INF] CIK 0000912513 | Downloading filing HTML (cached if available)
2026-03-04 11:19:36 [INF] CIK 0000912513 | Reading HTML from C:\git\Edgar\Edgar\Data\raw\2009\0000912513\000119312509038486\0001193125-09-038486.txt
2026-03-04 11:19:36 [INF] CIK 0000912513 | Cleaning + extracting sections
2026-03-04 11:19:36 [INF] CIK 0000912513 | Filing 1095/9706 for Year 2009 | Finished
2026-03-04 11:19:36 [INF] CIK 0000912562 | Filing 1096/9706 for Year 2009 | Starting
2026-03-04 11:19:36 [INF] CIK 0000912562 | Downloading filing HTML (cached if available)
2026-03-04 11:19:36 [INF] CIK 0000912562 | Reading HTML from C:\git\Edgar\Edgar\Data\raw\2009\0000912562\000095015209001842\0000950152-09-001842.txt
2026-03-04 11:19:36 [INF] CIK 0000912562 | Cleaning + extracting sections
2026-03-04 11:19:36 [INF] CIK 0000912562 | Filing 1096/9706 for Year 2009 | Finished
2026-03-04 11:19:36 [INF] CIK 0000912728 | Filing 1097/9706 for Year 2009 | Starting
2026-03-04 11:19:36 [INF] CIK 0000912728 | Downloading filing HTML (cached if available)
2026-03-04 11:19:37 [INF] CIK 0000912728 | Reading HTML from C:\git\Edgar\Edgar\Data\raw\2009\0000912728\000091272809000009\0000912728-09-000009.txt
2026-03-04 11:19:37 [INF] CIK 0000912728 | Cleaning + extracting sections
2026-03-04 11:19:37 [INF] CIK 0000912728 | Filing 1097/9706 for Year 2009 | Finished
2026-03-04 11:19:37 [INF] CIK 0000916863 | Filing 1098/9706 for Year 2009 | Starting
2026-03-04 11:19:37 [INF] CIK 0000916863 | Downloading filing HTML (cached if available)
2026-03-04 11:19:38 [INF] CIK 0000916863 | Reading HTML from C:\git\Edgar\Edgar\Data\raw\2009\0000916863\000091686309000061\0000916863-09-000061.txt
2026-03-04 11:19:38 [INF] CIK 0000916863 | Cleaning + extracting sections
2026-03-04 11:19:38 [INF] CIK 0000916863 | Filing 1098/9706 for Year 2009 | Finished
2026-03-04 11:19:38 [INF] CIK 0000917273 | Filing 1099/9706 for Year 2009 | Starting
2026-03-04 11:19:38 [INF] CIK 0000917273 | Downloading filing HTML (cached if available)
2026-03-04 11:19:38 [INF] CIK 0000917273 | Reading HTML from C:\git\Edgar\Edgar\Data\raw\2009\0000917273\000089161809000056\0000891618-09-000056.txt
2026-03-04 11:19:39 [INF] CIK 0000917273 | Cleaning + extracting sections
2026-03-04 11:19:39 [INF] CIK 0000917273 | Filing 1099/9706 for Year 2009 | Finished
2026-03-04 11:19:39 [INF] CIK 0000920148 | Filing 1100/9706 for Year 2009 | Starting
2026-03-04 11:19:39 [INF] CIK 0000920148 | Downloading filing HTML (cached if available)
2026-03-04 11:19:39 [INF] CIK 0000920148 | Reading HTML from C:\git\Edgar\Edgar\Data\raw\2009\0000920148\000092014809000015\0000920148-09-000015.txt
2026-03-04 11:19:39 [INF] CIK 0000920148 | Cleaning + extracting sections
2026-03-04 11:19:39 [INF] CIK 0000920148 | Filing 1100/9706 for Year 2009 | Finished
2026-03-04 11:19:39 [INF] CIK 0000920448 | Filing 1101/9706 for Year 2009 | Starting
2026-03-04 11:19:39 [INF] CIK 0000920448 | Downloading filing HTML (cached if available)
2026-03-04 11:19:40 [INF] CIK 0000920448 | Reading HTML from C:\git\Edgar\Edgar\Data\raw\2009\0000920448\000092044809000006\0000920448-09-000006.txt
2026-03-04 11:19:40 [INF] CIK 0000920448 | Cleaning + extracting sections
2026-03-04 11:19:40 [INF] CIK 0000920448 | Filing 1101/9706 for Year 2009 | Finished
2026-03-04 11:19:40 [INF] CIK 0000922621 | Filing 1102/9706 for Year 2009 | Starting
2026-03-04 11:19:40 [INF] CIK 0000922621 | Downloading filing HTML (cached if available)
2026-03-04 11:19:40 [INF] CIK 0000922621 | Reading HTML from C:\git\Edgar\Edgar\Data\raw\2009\0000922621\000095015209001857\0000950152-09-001857.txt
2026-03-04 11:19:40 [INF] CIK 0000922621 | Cleaning + extracting sections
2026-03-04 11:19:40 [INF] CIK 0000922621 | Filing 1102/9706 for Year 2009 | Finished
2026-03-04 11:19:40 [INF] CIK 0000927628 | Filing 1103/9706 for Year 2009 | Starting
2026-03-04 11:19:40 [INF] CIK 0000927628 | Downloading filing HTML (cached if available)
2026-03-04 11:19:41 [INF] CIK 0000927628 | Reading HTML from C:\git\Edgar\Edgar\Data\raw\2009\0000927628\000119312509039271\0001193125-09-039271.txt
2026-03-04 11:19:41 [INF] CIK 0000927628 | Cleaning + extracting sections
2026-03-04 11:19:41 [INF] CIK 0000927628 | Filing 1103/9706 for Year 2009 | Finished
2026-03-04 11:19:41 [INF] CIK 0000930236 | Filing 1104/9706 for Year 2009 | Starting
2026-03-04 11:19:41 [INF] CIK 0000930236 | Downloading filing HTML (cached if available)
2026-03-04 11:19:42 [INF] CIK 0000930236 | Reading HTML from C:\git\Edgar\Edgar\Data\raw\2009\0000930236\000114420409011055\0001144204-09-011055.txt
2026-03-04 11:19:42 [INF] CIK 0000930236 | Cleaning + extracting sections
2026-03-04 11:19:42 [INF] CIK 0000930236 | Filing 1104/9706 for Year 2009 | Finished
2026-03-04 11:19:42 [INF] CIK 0000931182 | Filing 1105/9706 for Year 2009 | Starting
2026-03-04 11:19:42 [INF] CIK 0000931182 | Missing permno mapping in CCM for Company ERP OPERATING LTD PARTNERSHIP (0000931182).
2026-03-04 11:19:42 [INF] CIK 0000931182 | Missing Book-to-Market data for Company ERP OPERATING LTD PARTNERSHIP (0000931182) in 2009.
2026-03-04 11:19:42 [INF] CIK 0000931182 | Skipping filing due to missing required data (CCM/CRSP/BTM).
2026-03-04 11:19:42 [INF] CIK 0000932111 | Filing 1106/9706 for Year 2009 | Starting
2026-03-04 11:19:42 [INF] CIK 0000932111 | Downloading filing HTML (cached if available)
2026-03-04 11:19:42 [INF] CIK 0000932111 | Reading HTML from C:\git\Edgar\Edgar\Data\raw\2009\0000932111\000093211109000006\0000932111-09-000006.txt
2026-03-04 11:19:42 [INF] CIK 0000932111 | Cleaning + extracting sections
2026-03-04 11:19:42 [INF] CIK 0000932111 | Filing 1106/9706 for Year 2009 | Finished
2026-03-04 11:19:42 [INF] CIK 0000933405 | Filing 1107/9706 for Year 2009 | Starting
2026-03-04 11:19:42 [INF] CIK 0000933405 | Downloading filing HTML (cached if available)
2026-03-04 11:19:43 [INF] CIK 0000933405 | Reading HTML from C:\git\Edgar\Edgar\Data\raw\2009\0000933405\000093340509000010\0000933405-09-000010.txt
2026-03-04 11:19:43 [INF] CIK 0000933405 | Cleaning + extracting sections
2026-03-04 11:19:43 [INF] CIK 0000933405 | Filing 1107/9706 for Year 2009 | Finished
2026-03-04 11:19:43 [INF] CIK 0000093410 | Filing 1108/9706 for Year 2009 | Starting
2026-03-04 11:19:43 [INF] CIK 0000093410 | Downloading filing HTML (cached if available)
2026-03-04 11:19:44 [INF] CIK 0000093410 | Reading HTML from C:\git\Edgar\Edgar\Data\raw\2009\0000093410\000089161809000054\0000891618-09-000054.txt
2026-03-04 11:19:44 [INF] CIK 0000093410 | Cleaning + extracting sections
2026-03-04 11:19:44 [INF] CIK 0000093410 | Filing 1108/9706 for Year 2009 | Finished
2026-03-04 11:19:44 [INF] CIK 0000934549 | Filing 1109/9706 for Year 2009 | Starting
2026-03-04 11:19:44 [INF] CIK 0000934549 | Downloading filing HTML (cached if available)
2026-03-04 11:19:45 [INF] CIK 0000934549 | Reading HTML from C:\git\Edgar\Edgar\Data\raw\2009\0000934549\000101968709000666\0001019687-09-000666.txt
2026-03-04 11:19:45 [INF] CIK 0000934549 | Cleaning + extracting sections
2026-03-04 11:19:45 [INF] CIK 0000934549 | Filing 1109/9706 for Year 2009 | Finished
2026-03-04 11:19:45 [INF] CIK 0000093556 | Filing 1110/9706 for Year 2009 | Starting
2026-03-04 11:19:45 [INF] CIK 0000093556 | Downloading filing HTML (cached if available)
2026-03-04 11:19:46 [INF] CIK 0000093556 | Reading HTML from C:\git\Edgar\Edgar\Data\raw\2009\0000093556\000095012309003448\0000950123-09-003448.txt
2026-03-04 11:19:46 [INF] CIK 0000093556 | Cleaning + extracting sections
2026-03-04 11:19:46 [INF] CIK 0000093556 | Filing 1110/9706 for Year 2009 | Finished
2026-03-04 11:19:46 [INF] CIK 0000936468 | Filing 1111/9706 for Year 2009 | Starting
2026-03-04 11:19:46 [INF] CIK 0000936468 | Downloading filing HTML (cached if available)
2026-03-04 11:19:46 [INF] CIK 0000936468 | Reading HTML from C:\git\Edgar\Edgar\Data\raw\2009\0000936468\000119312509038670\0001193125-09-038670.txt
2026-03-04 11:19:47 [INF] CIK 0000936468 | Cleaning + extracting sections
2026-03-04 11:19:47 [INF] CIK 0000936468 | Filing 1111/9706 for Year 2009 | Finished
2026-03-04 11:19:47 [INF] CIK 0000941604 | Filing 1112/9706 for Year 2009 | Starting
2026-03-04 11:19:47 [INF] CIK 0000941604 | Downloading filing HTML (cached if available)
2026-03-04 11:19:47 [INF] CIK 0000941604 | Reading HTML from C:\git\Edgar\Edgar\Data\raw\2009\0000941604\000095013409003842\0000950134-09-003842.txt
2026-03-04 11:19:47 [INF] CIK 0000941604 | Cleaning + extracting sections
2026-03-04 11:19:47 [INF] CIK 0000941604 | Filing 1112/9706 for Year 2009 | Finished
2026-03-04 11:19:47 [INF] CIK 0000096271 | Filing 1113/9706 for Year 2009 | Starting
2026-03-04 11:19:47 [INF] CIK 0000096271 | Missing permno mapping in CCM for Company TAMPA ELECTRIC CO (0000096271).
2026-03-04 11:19:47 [INF] CIK 0000096271 | Missing Book-to-Market data for Company TAMPA ELECTRIC CO (0000096271) in 2009.
2026-03-04 11:19:47 [INF] CIK 0000096271 | Skipping filing due to missing required data (CCM/CRSP/BTM).
2026-03-04 11:19:47 [INF] CIK 0000098362 | Filing 1114/9706 for Year 2009 | Starting
2026-03-04 11:19:47 [INF] CIK 0000098362 | Downloading filing HTML (cached if available)
2026-03-04 11:19:48 [INF] CIK 0000098362 | Reading HTML from C:\git\Edgar\Edgar\Data\raw\2009\0000098362\000095015209001781\0000950152-09-001781.txt
2026-03-04 11:19:48 [INF] CIK 0000098362 | Cleaning + extracting sections
2026-03-04 11:19:48 [INF] CIK 0000098362 | Filing 1114/9706 for Year 2009 | Finished
2026-03-04 11:19:48 [INF] CIK 0000009892 | Filing 1115/9706 for Year 2009 | Starting
2026-03-04 11:19:48 [INF] CIK 0000009892 | Downloading filing HTML (cached if available)
2026-03-04 11:19:48 [INF] CIK 0000009892 | Reading HTML from C:\git\Edgar\Edgar\Data\raw\2009\0000009892\000119312509039210\0001193125-09-039210.txt
2026-03-04 11:19:48 [INF] CIK 0000009892 | Cleaning + extracting sections
2026-03-04 11:19:48 [INF] CIK 0000009892 | Filing 1115/9706 for Year 2009 | Finished
2026-03-04 11:19:48 [INF] CIK 0000099250 | Filing 1116/9706 for Year 2009 | Starting
2026-03-04 11:19:48 [INF] CIK 0000099250 | Missing permno mapping in CCM for Company TRANSCONTINENTAL GAS PIPE LINE COMPANY, LLC (0000099250).
2026-03-04 11:19:48 [INF] CIK 0000099250 | Missing Book-to-Market data for Company TRANSCONTINENTAL GAS PIPE LINE COMPANY, LLC (0000099250) in 2009.
2026-03-04 11:19:48 [INF] CIK 0000099250 | Skipping filing due to missing required data (CCM/CRSP/BTM).
2026-03-04 11:19:48 [INF] CIK 0001000697 | Filing 1117/9706 for Year 2009 | Starting
2026-03-04 11:19:48 [INF] CIK 0001000697 | Downloading filing HTML (cached if available)
2026-03-04 11:19:49 [INF] CIK 0001000697 | Reading HTML from C:\git\Edgar\Edgar\Data\raw\2009\0001000697\000095013509001331\0000950135-09-001331.txt
2026-03-04 11:19:49 [INF] CIK 0001000697 | Cleaning + extracting sections
2026-03-04 11:19:49 [INF] CIK 0001000697 | Filing 1117/9706 for Year 2009 | Finished
2026-03-04 11:19:49 [INF] CIK 0001001288 | Filing 1118/9706 for Year 2009 | Starting
2026-03-04 11:19:49 [INF] CIK 0001001288 | Downloading filing HTML (cached if available)
2026-03-04 11:19:49 [INF] CIK 0001001288 | Reading HTML from C:\git\Edgar\Edgar\Data\raw\2009\0001001288\000095015209001964\0000950152-09-001964.txt
2026-03-04 11:19:49 [INF] CIK 0001001288 | Cleaning + extracting sections
2026-03-04 11:19:49 [INF] CIK 0001001288 | Filing 1118/9706 for Year 2009 | Finished
2026-03-04 11:19:49 [INF] CIK 0001004036 | Filing 1119/9706 for Year 2009 | Starting
2026-03-04 11:19:49 [INF] CIK 0001004036 | Missing permno mapping in CCM for Company TANGER PROPERTIES LTD PARTNERSHIP /NC/ (0001004036).
2026-03-04 11:19:49 [INF] CIK 0001004036 | Missing Book-to-Market data for Company TANGER PROPERTIES LTD PARTNERSHIP /NC/ (0001004036) in 2009.
2026-03-04 11:19:49 [INF] CIK 0001004036 | Skipping filing due to missing required data (CCM/CRSP/BTM).
2026-03-04 11:19:49 [INF] CIK 0001004440 | Filing 1120/9706 for Year 2009 | Starting
2026-03-04 11:19:49 [INF] CIK 0001004440 | Downloading filing HTML (cached if available)
2026-03-04 11:19:50 [INF] CIK 0001004440 | Reading HTML from C:\git\Edgar\Edgar\Data\raw\2009\0001004440\000104746909002000\0001047469-09-002000.txt
2026-03-04 11:19:50 [INF] CIK 0001004440 | Cleaning + extracting sections
2026-03-04 11:19:50 [INF] CIK 0001004440 | Filing 1120/9706 for Year 2009 | Finished
2026-03-04 11:19:50 [INF] CIK 0001006402 | Filing 1121/9706 for Year 2009 | Starting
2026-03-04 11:19:50 [INF] CIK 0001006402 | Missing permno mapping in CCM for Company CE CASECNAN WATER & ENERGY CO INC (0001006402).
2026-03-04 11:19:50 [INF] CIK 0001006402 | Missing Book-to-Market data for Company CE CASECNAN WATER & ENERGY CO INC (0001006402) in 2009.
2026-03-04 11:19:50 [INF] CIK 0001006402 | Skipping filing due to missing required data (CCM/CRSP/BTM).
2026-03-04 11:19:50 [INF] CIK 0001009379 | Filing 1122/9706 for Year 2009 | Starting
2026-03-04 11:19:50 [INF] CIK 0001009379 | Downloading filing HTML (cached if available)
2026-03-04 11:19:51 [INF] CIK 0001009379 | Reading HTML from C:\git\Edgar\Edgar\Data\raw\2009\0001009379\000114420409011229\0001144204-09-011229.txt
2026-03-04 11:19:51 [INF] CIK 0001009379 | Cleaning + extracting sections
2026-03-04 11:19:51 [INF] CIK 0001009379 | Filing 1122/9706 for Year 2009 | Finished
2026-03-04 11:19:51 [INF] CIK 0000101063 | Filing 1123/9706 for Year 2009 | Starting
2026-03-04 11:19:51 [INF] CIK 0000101063 | Downloading filing HTML (cached if available)
2026-03-04 11:19:51 [INF] CIK 0000101063 | Reading HTML from C:\git\Edgar\Edgar\Data\raw\2009\0000101063\000119312509041218\0001193125-09-041218.txt
2026-03-04 11:19:51 [INF] CIK 0000101063 | Cleaning + extracting sections
2026-03-04 11:19:51 [INF] CIK 0000101063 | Filing 1123/9706 for Year 2009 | Finished
2026-03-04 11:19:51 [INF] CIK 0001010775 | Filing 1124/9706 for Year 2009 | Starting
2026-03-04 11:19:51 [INF] CIK 0001010775 | Downloading filing HTML (cached if available)
2026-03-04 11:19:52 [INF] CIK 0001010775 | Reading HTML from C:\git\Edgar\Edgar\Data\raw\2009\0001010775\000119312509039915\0001193125-09-039915.txt
2026-03-04 11:19:52 [INF] CIK 0001010775 | Cleaning + extracting sections
2026-03-04 11:19:52 [INF] CIK 0001010775 | Filing 1124/9706 for Year 2009 | Finished
2026-03-04 11:19:52 [INF] CIK 0001011006 | Filing 1125/9706 for Year 2009 | Starting
2026-03-04 11:19:52 [INF] CIK 0001011006 | Downloading filing HTML (cached if available)
2026-03-04 11:19:53 [INF] CIK 0001011006 | Reading HTML from C:\git\Edgar\Edgar\Data\raw\2009\0001011006\000119312509041172\0001193125-09-041172.txt
2026-03-04 11:19:53 [INF] CIK 0001011006 | Cleaning + extracting sections
2026-03-04 11:19:53 [INF] CIK 0001011006 | Filing 1125/9706 for Year 2009 | Finished
2026-03-04 11:19:53 [INF] CIK 0001011657 | Filing 1126/9706 for Year 2009 | Starting
2026-03-04 11:19:53 [INF] CIK 0001011657 | Downloading filing HTML (cached if available)
2026-03-04 11:19:53 [INF] CIK 0001011657 | Reading HTML from C:\git\Edgar\Edgar\Data\raw\2009\0001011657\000101165709000005\0001011657-09-000005.txt
2026-03-04 11:19:54 [INF] CIK 0001011657 | Cleaning + extracting sections
2026-03-04 11:19:54 [INF] CIK 0001011657 | Filing 1126/9706 for Year 2009 | Finished
2026-03-04 11:19:54 [INF] CIK 0001012620 | Filing 1127/9706 for Year 2009 | Starting
2026-03-04 11:19:54 [INF] CIK 0001012620 | Downloading filing HTML (cached if available)
2026-03-04 11:19:54 [INF] CIK 0001012620 | Reading HTML from C:\git\Edgar\Edgar\Data\raw\2009\0001012620\000119312509040884\0001193125-09-040884.txt
2026-03-04 11:19:54 [INF] CIK 0001012620 | Cleaning + extracting sections
2026-03-04 11:19:54 [INF] CIK 0001012620 | Filing 1127/9706 for Year 2009 | Finished
2026-03-04 11:19:54 [INF] CIK 0001013462 | Filing 1128/9706 for Year 2009 | Starting
2026-03-04 11:19:54 [INF] CIK 0001013462 | Downloading filing HTML (cached if available)
2026-03-04 11:19:55 [INF] CIK 0001013462 | Reading HTML from C:\git\Edgar\Edgar\Data\raw\2009\0001013462\000119312509040766\0001193125-09-040766.txt
2026-03-04 11:19:55 [INF] CIK 0001013462 | Cleaning + extracting sections
2026-03-04 11:19:55 [INF] CIK 0001013462 | Filing 1128/9706 for Year 2009 | Finished
2026-03-04 11:19:55 [INF] CIK 0001013844 | Filing 1129/9706 for Year 2009 | Starting
2026-03-04 11:19:55 [INF] CIK 0001013844 | Missing permno mapping in CCM for Company COLONIAL REALTY LIMITED PARTNERSHIP (0001013844).
2026-03-04 11:19:55 [INF] CIK 0001013844 | Missing Book-to-Market data for Company COLONIAL REALTY LIMITED PARTNERSHIP (0001013844) in 2009.
2026-03-04 11:19:55 [INF] CIK 0001013844 | Skipping filing due to missing required data (CCM/CRSP/BTM).
2026-03-04 11:19:55 [INF] CIK 0001014111 | Filing 1130/9706 for Year 2009 | Starting
2026-03-04 11:19:55 [INF] CIK 0001014111 | Downloading filing HTML (cached if available)
2026-03-04 11:19:55 [INF] CIK 0001014111 | Reading HTML from C:\git\Edgar\Edgar\Data\raw\2009\0001014111\000095013709001364\0000950137-09-001364.txt
2026-03-04 11:19:55 [INF] CIK 0001014111 | Cleaning + extracting sections
2026-03-04 11:19:55 [INF] CIK 0001014111 | Filing 1130/9706 for Year 2009 | Finished
2026-03-04 11:19:55 [INF] CIK 0000101778 | Filing 1131/9706 for Year 2009 | Starting
2026-03-04 11:19:55 [INF] CIK 0000101778 | Downloading filing HTML (cached if available)
2026-03-04 11:19:56 [INF] CIK 0000101778 | Reading HTML from C:\git\Edgar\Edgar\Data\raw\2009\0000101778\000119312509041003\0001193125-09-041003.txt
2026-03-04 11:19:56 [INF] CIK 0000101778 | Cleaning + extracting sections
2026-03-04 11:19:56 [INF] CIK 0000101778 | Filing 1131/9706 for Year 2009 | Finished
2026-03-04 11:19:56 [INF] CIK 0000101830 | Filing 1132/9706 for Year 2009 | Starting
2026-03-04 11:19:56 [INF] CIK 0000101830 | Downloading filing HTML (cached if available)
2026-03-04 11:19:56 [INF] CIK 0000101830 | Reading HTML from C:\git\Edgar\Edgar\Data\raw\2009\0000101830\000119312509040575\0001193125-09-040575.txt
2026-03-04 11:19:57 [INF] CIK 0000101830 | Cleaning + extracting sections
2026-03-04 11:19:57 [INF] CIK 0000101830 | Filing 1132/9706 for Year 2009 | Finished
2026-03-04 11:19:57 [INF] CIK 0001018332 | Filing 1133/9706 for Year 2009 | Starting
2026-03-04 11:19:57 [INF] CIK 0001018332 | Downloading filing HTML (cached if available)
2026-03-04 11:19:57 [INF] CIK 0001018332 | Reading HTML from C:\git\Edgar\Edgar\Data\raw\2009\0001018332\000095012309003579\0000950123-09-003579.txt
2026-03-04 11:19:57 [INF] CIK 0001018332 | Cleaning + extracting sections
2026-03-04 11:19:57 [INF] CIK 0001018332 | Filing 1133/9706 for Year 2009 | Finished
2026-03-04 11:19:57 [INF] CIK 0001021561 | Filing 1134/9706 for Year 2009 | Starting
2026-03-04 11:19:57 [INF] CIK 0001021561 | Downloading filing HTML (cached if available)
2026-03-04 11:19:58 [INF] CIK 0001021561 | Reading HTML from C:\git\Edgar\Edgar\Data\raw\2009\0001021561\000102156109000025\0001021561-09-000025.txt
2026-03-04 11:19:58 [INF] CIK 0001021561 | Cleaning + extracting sections
2026-03-04 11:19:58 [INF] CIK 0001021561 | Filing 1134/9706 for Year 2009 | Finished
2026-03-04 11:19:58 [INF] CIK 0001022671 | Filing 1135/9706 for Year 2009 | Starting
2026-03-04 11:19:58 [INF] CIK 0001022671 | Downloading filing HTML (cached if available)
2026-03-04 11:19:58 [INF] CIK 0001022671 | Reading HTML from C:\git\Edgar\Edgar\Data\raw\2009\0001022671\000104746909001996\0001047469-09-001996.txt
2026-03-04 11:19:58 [INF] CIK 0001022671 | Cleaning + extracting sections
2026-03-04 11:19:58 [INF] CIK 0001022671 | Filing 1135/9706 for Year 2009 | Finished
2026-03-04 11:19:58 [INF] CIK 0001022705 | Filing 1136/9706 for Year 2009 | Starting
2026-03-04 11:19:58 [INF] CIK 0001022705 | Downloading filing HTML (cached if available)
2026-03-04 11:19:59 [INF] CIK 0001022705 | Reading HTML from C:\git\Edgar\Edgar\Data\raw\2009\0001022705\000119312509040796\0001193125-09-040796.txt
2026-03-04 11:19:59 [INF] CIK 0001022705 | Cleaning + extracting sections
2026-03-04 11:19:59 [INF] CIK 0001022705 | Filing 1136/9706 for Year 2009 | Finished
2026-03-04 11:19:59 [INF] CIK 0001024725 | Filing 1137/9706 for Year 2009 | Starting
2026-03-04 11:19:59 [INF] CIK 0001024725 | Downloading filing HTML (cached if available)
2026-03-04 11:19:59 [INF] CIK 0001024725 | Reading HTML from C:\git\Edgar\Edgar\Data\raw\2009\0001024725\000095013709001362\0000950137-09-001362.txt
2026-03-04 11:19:59 [INF] CIK 0001024725 | Cleaning + extracting sections
2026-03-04 11:20:00 [INF] CIK 0001024725 | Filing 1137/9706 for Year 2009 | Finished
2026-03-04 11:20:00 [INF] CIK 0001030749 | Filing 1138/9706 for Year 2009 | Starting
2026-03-04 11:20:00 [INF] CIK 0001030749 | Downloading filing HTML (cached if available)
2026-03-04 11:20:00 [INF] CIK 0001030749 | Reading HTML from C:\git\Edgar\Edgar\Data\raw\2009\0001030749\000095012909000681\0000950129-09-000681.txt
2026-03-04 11:20:00 [INF] CIK 0001030749 | Cleaning + extracting sections
2026-03-04 11:20:00 [INF] CIK 0001030749 | Filing 1138/9706 for Year 2009 | Finished
2026-03-04 11:20:00 [INF] CIK 0001034054 | Filing 1139/9706 for Year 2009 | Starting
2026-03-04 11:20:00 [INF] CIK 0001034054 | Downloading filing HTML (cached if available)
2026-03-04 11:20:00 [INF] CIK 0001034054 | Reading HTML from C:\git\Edgar\Edgar\Data\raw\2009\0001034054\000119312509041076\0001193125-09-041076.txt
2026-03-04 11:20:00 [INF] CIK 0001034054 | Cleaning + extracting sections
2026-03-04 11:20:01 [INF] CIK 0001034054 | Filing 1139/9706 for Year 2009 | Finished
2026-03-04 11:20:01 [INF] CIK 0001034842 | Filing 1140/9706 for Year 2009 | Starting
2026-03-04 11:20:01 [INF] CIK 0001034842 | Downloading filing HTML (cached if available)
2026-03-04 11:20:01 [INF] CIK 0001034842 | Reading HTML from C:\git\Edgar\Edgar\Data\raw\2009\0001034842\000104746909001916\0001047469-09-001916.txt
2026-03-04 11:20:01 [INF] CIK 0001034842 | Cleaning + extracting sections
2026-03-04 11:20:01 [INF] CIK 0001034842 | Filing 1140/9706 for Year 2009 | Finished
2026-03-04 11:20:01 [INF] CIK 0001035002 | Filing 1141/9706 for Year 2009 | Starting
2026-03-04 11:20:01 [INF] CIK 0001035002 | Downloading filing HTML (cached if available)
2026-03-04 11:20:02 [INF] CIK 0001035002 | Reading HTML from C:\git\Edgar\Edgar\Data\raw\2009\0001035002\000095013409003971\0000950134-09-003971.txt
2026-03-04 11:20:02 [INF] CIK 0001035002 | Cleaning + extracting sections
2026-03-04 11:20:02 [INF] CIK 0001035002 | Filing 1141/9706 for Year 2009 | Finished
2026-03-04 11:20:02 [INF] CIK 0001035983 | Filing 1142/9706 for Year 2009 | Starting
2026-03-04 11:20:02 [INF] CIK 0001035983 | Downloading filing HTML (cached if available)
2026-03-04 11:20:02 [INF] CIK 0001035983 | Reading HTML from C:\git\Edgar\Edgar\Data\raw\2009\0001035983\000104746909001904\0001047469-09-001904.txt
2026-03-04 11:20:02 [INF] CIK 0001035983 | Cleaning + extracting sections
2026-03-04 11:20:02 [INF] CIK 0001035983 | Filing 1142/9706 for Year 2009 | Finished
2026-03-04 11:20:02 [INF] CIK 0001037676 | Filing 1143/9706 for Year 2009 | Starting
2026-03-04 11:20:02 [INF] CIK 0001037676 | Downloading filing HTML (cached if available)
2026-03-04 11:20:03 [INF] CIK 0001037676 | Reading HTML from C:\git\Edgar\Edgar\Data\raw\2009\0001037676\000095015209001922\0000950152-09-001922.txt
2026-03-04 11:20:03 [INF] CIK 0001037676 | Cleaning + extracting sections
2026-03-04 11:20:03 [INF] CIK 0001037676 | Filing 1143/9706 for Year 2009 | Finished
2026-03-04 11:20:03 [INF] CIK 0001037976 | Filing 1144/9706 for Year 2009 | Starting
2026-03-04 11:20:03 [INF] CIK 0001037976 | Downloading filing HTML (cached if available)
2026-03-04 11:20:03 [INF] CIK 0001037976 | Reading HTML from C:\git\Edgar\Edgar\Data\raw\2009\0001037976\000119312509041207\0001193125-09-041207.txt
2026-03-04 11:20:04 [INF] CIK 0001037976 | Cleaning + extracting sections
2026-03-04 11:20:04 [INF] CIK 0001037976 | Filing 1144/9706 for Year 2009 | Finished
2026-03-04 11:20:04 [INF] CIK 0001039399 | Filing 1145/9706 for Year 2009 | Starting
2026-03-04 11:20:04 [INF] CIK 0001039399 | Downloading filing HTML (cached if available)
2026-03-04 11:20:04 [INF] CIK 0001039399 | Reading HTML from C:\git\Edgar\Edgar\Data\raw\2009\0001039399\000104746909002020\0001047469-09-002020.txt
2026-03-04 11:20:04 [INF] CIK 0001039399 | Cleaning + extracting sections
2026-03-04 11:20:04 [INF] CIK 0001039399 | Filing 1145/9706 for Year 2009 | Finished
2026-03-04 11:20:04 [INF] CIK 0001040971 | Filing 1146/9706 for Year 2009 | Starting
2026-03-04 11:20:04 [INF] CIK 0001040971 | Downloading filing HTML (cached if available)
2026-03-04 11:20:04 [INF] CIK 0001040971 | Reading HTML from C:\git\Edgar\Edgar\Data\raw\2009\0001040971\000104746909001984\0001047469-09-001984.txt
2026-03-04 11:20:05 [INF] CIK 0001040971 | Cleaning + extracting sections
2026-03-04 11:20:05 [INF] CIK 0001040971 | Filing 1146/9706 for Year 2009 | Finished
2026-03-04 11:20:05 [INF] CIK 0001042046 | Filing 1147/9706 for Year 2009 | Starting
2026-03-04 11:20:05 [INF] CIK 0001042046 | Downloading filing HTML (cached if available)
2026-03-04 11:20:05 [INF] CIK 0001042046 | Reading HTML from C:\git\Edgar\Edgar\Data\raw\2009\0001042046\000104204609000011\0001042046-09-000011.txt
2026-03-04 11:20:05 [INF] CIK 0001042046 | Cleaning + extracting sections
2026-03-04 11:20:05 [INF] CIK 0001042046 | Filing 1147/9706 for Year 2009 | Finished
2026-03-04 11:20:05 [INF] CIK 0001042893 | Filing 1148/9706 for Year 2009 | Starting
2026-03-04 11:20:05 [INF] CIK 0001042893 | Downloading filing HTML (cached if available)
2026-03-04 11:20:06 [INF] CIK 0001042893 | Reading HTML from C:\git\Edgar\Edgar\Data\raw\2009\0001042893\000119312509039868\0001193125-09-039868.txt
2026-03-04 11:20:06 [INF] CIK 0001042893 | Cleaning + extracting sections
2026-03-04 11:20:06 [INF] CIK 0001042893 | Filing 1148/9706 for Year 2009 | Finished
2026-03-04 11:20:06 [INF] CIK 0001043277 | Filing 1149/9706 for Year 2009 | Starting
2026-03-04 11:20:06 [INF] CIK 0001043277 | Downloading filing HTML (cached if available)
2026-03-04 11:20:06 [INF] CIK 0001043277 | Reading HTML from C:\git\Edgar\Edgar\Data\raw\2009\0001043277\000119312509040954\0001193125-09-040954.txt
2026-03-04 11:20:06 [INF] CIK 0001043277 | Cleaning + extracting sections
2026-03-04 11:20:06 [INF] CIK 0001043277 | Filing 1149/9706 for Year 2009 | Finished
2026-03-04 11:20:06 [INF] CIK 0001046025 | Filing 1150/9706 for Year 2009 | Starting
2026-03-04 11:20:06 [INF] CIK 0001046025 | Downloading filing HTML (cached if available)
2026-03-04 11:20:07 [INF] CIK 0001046025 | Reading HTML from C:\git\Edgar\Edgar\Data\raw\2009\0001046025\000119312509041122\0001193125-09-041122.txt
2026-03-04 11:20:07 [INF] CIK 0001046025 | Cleaning + extracting sections
2026-03-04 11:20:07 [INF] CIK 0001046025 | Filing 1150/9706 for Year 2009 | Finished
2026-03-04 11:20:07 [INF] CIK 0001046257 | Filing 1151/9706 for Year 2009 | Starting
2026-03-04 11:20:07 [INF] CIK 0001046257 | Downloading filing HTML (cached if available)
2026-03-04 11:20:07 [INF] CIK 0001046257 | Reading HTML from C:\git\Edgar\Edgar\Data\raw\2009\0001046257\000095013709001371\0000950137-09-001371.txt
2026-03-04 11:20:07 [INF] CIK 0001046257 | Cleaning + extracting sections
2026-03-04 11:20:09 [INF] CIK 0001046257 | Filing 1151/9706 for Year 2009 | Finished
2026-03-04 11:20:09 [INF] CIK 0001048477 | Filing 1152/9706 for Year 2009 | Starting
2026-03-04 11:20:09 [INF] CIK 0001048477 | Downloading filing HTML (cached if available)
2026-03-04 11:20:09 [INF] CIK 0001048477 | Reading HTML from C:\git\Edgar\Edgar\Data\raw\2009\0001048477\000119312509040972\0001193125-09-040972.txt
2026-03-04 11:20:09 [INF] CIK 0001048477 | Cleaning + extracting sections
2026-03-04 11:20:09 [INF] CIK 0001048477 | Filing 1152/9706 for Year 2009 | Finished
2026-03-04 11:20:09 [INF] CIK 0000104918 | Filing 1153/9706 for Year 2009 | Starting
2026-03-04 11:20:09 [INF] CIK 0000104918 | Downloading filing HTML (cached if available)
2026-03-04 11:20:10 [INF] CIK 0000104918 | Reading HTML from C:\git\Edgar\Edgar\Data\raw\2009\0000104918\000119312509040752\0001193125-09-040752.txt
2026-03-04 11:20:10 [INF] CIK 0000104918 | Cleaning + extracting sections
2026-03-04 11:20:10 [INF] CIK 0000104918 | Filing 1153/9706 for Year 2009 | Finished
2026-03-04 11:20:10 [INF] CIK 0001049502 | Filing 1154/9706 for Year 2009 | Starting
2026-03-04 11:20:10 [INF] CIK 0001049502 | Downloading filing HTML (cached if available)
2026-03-04 11:20:10 [INF] CIK 0001049502 | Reading HTML from C:\git\Edgar\Edgar\Data\raw\2009\0001049502\000095013509001318\0000950135-09-001318.txt
2026-03-04 11:20:10 [INF] CIK 0001049502 | Cleaning + extracting sections
2026-03-04 11:20:11 [INF] CIK 0001049502 | Filing 1154/9706 for Year 2009 | Finished
2026-03-04 11:20:11 [INF] CIK 0001049782 | Filing 1155/9706 for Year 2009 | Starting
2026-03-04 11:20:11 [INF] CIK 0001049782 | Downloading filing HTML (cached if available)
2026-03-04 11:20:11 [INF] CIK 0001049782 | Reading HTML from C:\git\Edgar\Edgar\Data\raw\2009\0001049782\000110465909013169\0001104659-09-013169.txt
2026-03-04 11:20:11 [INF] CIK 0001049782 | Cleaning + extracting sections
2026-03-04 11:20:11 [INF] CIK 0001049782 | Filing 1155/9706 for Year 2009 | Finished
2026-03-04 11:20:11 [INF] CIK 0000105016 | Filing 1156/9706 for Year 2009 | Starting
2026-03-04 11:20:11 [INF] CIK 0000105016 | Downloading filing HTML (cached if available)
2026-03-04 11:20:12 [INF] CIK 0000105016 | Reading HTML from C:\git\Edgar\Edgar\Data\raw\2009\0000105016\000119312509040910\0001193125-09-040910.txt
2026-03-04 11:20:12 [INF] CIK 0000105016 | Cleaning + extracting sections
2026-03-04 11:20:12 [INF] CIK 0000105016 | Filing 1156/9706 for Year 2009 | Finished
2026-03-04 11:20:12 [INF] CIK 0001050180 | Filing 1157/9706 for Year 2009 | Starting
2026-03-04 11:20:12 [INF] CIK 0001050180 | Downloading filing HTML (cached if available)
2026-03-04 11:20:12 [INF] CIK 0001050180 | Reading HTML from C:\git\Edgar\Edgar\Data\raw\2009\0001050180\000104746909002010\0001047469-09-002010.txt
2026-03-04 11:20:12 [INF] CIK 0001050180 | Cleaning + extracting sections
2026-03-04 11:20:12 [INF] CIK 0001050180 | Filing 1157/9706 for Year 2009 | Finished
2026-03-04 11:20:12 [INF] CIK 0001050797 | Filing 1158/9706 for Year 2009 | Starting
2026-03-04 11:20:12 [INF] CIK 0001050797 | Downloading filing HTML (cached if available)
2026-03-04 11:20:13 [INF] CIK 0001050797 | Reading HTML from C:\git\Edgar\Edgar\Data\raw\2009\0001050797\000119312509041147\0001193125-09-041147.txt
2026-03-04 11:20:13 [INF] CIK 0001050797 | Cleaning + extracting sections
2026-03-04 11:20:13 [INF] CIK 0001050797 | Filing 1158/9706 for Year 2009 | Finished
2026-03-04 11:20:13 [INF] CIK 0001051741 | Filing 1159/9706 for Year 2009 | Starting
2026-03-04 11:20:13 [INF] CIK 0001051741 | Downloading filing HTML (cached if available)
2026-03-04 11:20:13 [INF] CIK 0001051741 | Reading HTML from C:\git\Edgar\Edgar\Data\raw\2009\0001051741\000136231009002912\0001362310-09-002912.txt
2026-03-04 11:20:13 [INF] CIK 0001051741 | Cleaning + extracting sections
2026-03-04 11:20:13 [INF] CIK 0001051741 | Filing 1159/9706 for Year 2009 | Finished
2026-03-04 11:20:13 [INF] CIK 0001052100 | Filing 1160/9706 for Year 2009 | Starting
2026-03-04 11:20:13 [INF] CIK 0001052100 | Downloading filing HTML (cached if available)
2026-03-04 11:20:14 [INF] CIK 0001052100 | Reading HTML from C:\git\Edgar\Edgar\Data\raw\2009\0001052100\000104746909001958\0001047469-09-001958.txt
2026-03-04 11:20:14 [INF] CIK 0001052100 | Cleaning + extracting sections
2026-03-04 11:20:14 [INF] CIK 0001052100 | Filing 1160/9706 for Year 2009 | Finished
2026-03-04 11:20:14 [INF] CIK 0001054833 | Filing 1161/9706 for Year 2009 | Starting
2026-03-04 11:20:14 [INF] CIK 0001054833 | Downloading filing HTML (cached if available)
2026-03-04 11:20:14 [INF] CIK 0001054833 | Reading HTML from C:\git\Edgar\Edgar\Data\raw\2009\0001054833\000105483309000012\0001054833-09-000012.txt
2026-03-04 11:20:14 [INF] CIK 0001054833 | Cleaning + extracting sections
2026-03-04 11:20:14 [INF] CIK 0001054833 | Filing 1161/9706 for Year 2009 | Finished
2026-03-04 11:20:14 [INF] CIK 0000105770 | Filing 1162/9706 for Year 2009 | Starting
2026-03-04 11:20:14 [INF] CIK 0000105770 | Downloading filing HTML (cached if available)
2026-03-04 11:20:15 [INF] CIK 0000105770 | Reading HTML from C:\git\Edgar\Edgar\Data\raw\2009\0000105770\000010577009000016\0000105770-09-000016.txt
2026-03-04 11:20:15 [INF] CIK 0000105770 | Cleaning + extracting sections
2026-03-04 11:20:15 [INF] CIK 0000105770 | Filing 1162/9706 for Year 2009 | Finished
2026-03-04 11:20:15 [INF] CIK 0001058083 | Filing 1163/9706 for Year 2009 | Starting
2026-03-04 11:20:15 [INF] CIK 0001058083 | Missing permno mapping in CCM for Company IMS HEALTH INC (0001058083).
2026-03-04 11:20:15 [INF] CIK 0001058083 | Missing Book-to-Market data for Company IMS HEALTH INC (0001058083) in 2009.
2026-03-04 11:20:15 [INF] CIK 0001058083 | Skipping filing due to missing required data (CCM/CRSP/BTM).
2026-03-04 11:20:15 [INF] CIK 0001058444 | Filing 1164/9706 for Year 2009 | Starting
2026-03-04 11:20:15 [INF] CIK 0001058444 | Downloading filing HTML (cached if available)
2026-03-04 11:20:15 [INF] CIK 0001058444 | Reading HTML from C:\git\Edgar\Edgar\Data\raw\2009\0001058444\000119312509041226\0001193125-09-041226.txt
2026-03-04 11:20:15 [INF] CIK 0001058444 | Cleaning + extracting sections
2026-03-04 11:20:15 [INF] CIK 0001058444 | Filing 1164/9706 for Year 2009 | Finished
2026-03-04 11:20:15 [INF] CIK 0001060224 | Filing 1165/9706 for Year 2009 | Starting
2026-03-04 11:20:15 [INF] CIK 0001060224 | Missing permno mapping in CCM for Company SOVRAN ACQUISITION LTD PARTNERSHIP (0001060224).
2026-03-04 11:20:15 [INF] CIK 0001060224 | Missing Book-to-Market data for Company SOVRAN ACQUISITION LTD PARTNERSHIP (0001060224) in 2009.
2026-03-04 11:20:15 [INF] CIK 0001060224 | Skipping filing due to missing required data (CCM/CRSP/BTM).
2026-03-04 11:20:15 [INF] CIK 0001060822 | Filing 1166/9706 for Year 2009 | Starting
2026-03-04 11:20:15 [INF] CIK 0001060822 | Downloading filing HTML (cached if available)
2026-03-04 11:20:15 [INF] CIK 0001060822 | Reading HTML from C:\git\Edgar\Edgar\Data\raw\2009\0001060822\000106082209000006\0001060822-09-000006.txt
2026-03-04 11:20:16 [INF] CIK 0001060822 | Cleaning + extracting sections
2026-03-04 11:20:16 [INF] CIK 0001060822 | Filing 1166/9706 for Year 2009 | Finished
2026-03-04 11:20:16 [INF] CIK 0000106170 | Filing 1167/9706 for Year 2009 | Starting
2026-03-04 11:20:16 [INF] CIK 0000106170 | Missing permno mapping in CCM for Company WESTERN MASSACHUSETTS ELECTRIC CO (0000106170).
2026-03-04 11:20:16 [INF] CIK 0000106170 | Missing Book-to-Market data for Company WESTERN MASSACHUSETTS ELECTRIC CO (0000106170) in 2009.
2026-03-04 11:20:16 [INF] CIK 0000106170 | Skipping filing due to missing required data (CCM/CRSP/BTM).
2026-03-04 11:20:16 [INF] CIK 0001062047 | Filing 1168/9706 for Year 2009 | Starting
2026-03-04 11:20:16 [INF] CIK 0001062047 | Downloading filing HTML (cached if available)
2026-03-04 11:20:16 [INF] CIK 0001062047 | Reading HTML from C:\git\Edgar\Edgar\Data\raw\2009\0001062047\000119312509040111\0001193125-09-040111.txt
2026-03-04 11:20:16 [INF] CIK 0001062047 | Cleaning + extracting sections
2026-03-04 11:20:16 [INF] CIK 0001062047 | Filing 1168/9706 for Year 2009 | Finished
2026-03-04 11:20:16 [INF] CIK 0001062449 | Filing 1169/9706 for Year 2009 | Starting
2026-03-04 11:20:16 [INF] CIK 0001062449 | Downloading filing HTML (cached if available)
2026-03-04 11:20:16 [INF] CIK 0001062449 | Reading HTML from C:\git\Edgar\Edgar\Data\raw\2009\0001062449\000089710109000382\0000897101-09-000382.txt
2026-03-04 11:20:16 [INF] CIK 0001062449 | Cleaning + extracting sections
2026-03-04 11:20:16 [INF] CIK 0001062449 | Filing 1169/9706 for Year 2009 | Finished
2026-03-04 11:20:16 [INF] CIK 0001063494 | Filing 1170/9706 for Year 2009 | Starting
2026-03-04 11:20:16 [INF] CIK 0001063494 | Downloading filing HTML (cached if available)
2026-03-04 11:20:17 [INF] CIK 0001063494 | Reading HTML from C:\git\Edgar\Edgar\Data\raw\2009\0001063494\000095012309003715\0000950123-09-003715.txt
2026-03-04 11:20:17 [INF] CIK 0001063494 | Cleaning + extracting sections
2026-03-04 11:20:17 [INF] CIK 0001063494 | Filing 1170/9706 for Year 2009 | Finished
2026-03-04 11:20:17 [INF] CIK 0001064728 | Filing 1171/9706 for Year 2009 | Starting
2026-03-04 11:20:17 [INF] CIK 0001064728 | Downloading filing HTML (cached if available)
2026-03-04 11:20:17 [INF] CIK 0001064728 | Reading HTML from C:\git\Edgar\Edgar\Data\raw\2009\0001064728\000095013709001381\0000950137-09-001381.txt
2026-03-04 11:20:17 [INF] CIK 0001064728 | Cleaning + extracting sections
2026-03-04 11:20:17 [INF] CIK 0001064728 | Filing 1171/9706 for Year 2009 | Finished
2026-03-04 11:20:17 [INF] CIK 0001065049 | Filing 1172/9706 for Year 2009 | Starting
2026-03-04 11:20:17 [INF] CIK 0001065049 | Downloading filing HTML (cached if available)
2026-03-04 11:20:18 [INF] CIK 0001065049 | Reading HTML from C:\git\Edgar\Edgar\Data\raw\2009\0001065049\000093639209000099\0000936392-09-000099.txt
2026-03-04 11:20:18 [INF] CIK 0001065049 | Cleaning + extracting sections
2026-03-04 11:20:18 [INF] CIK 0001065049 | Filing 1172/9706 for Year 2009 | Finished
2026-03-04 11:20:18 [INF] CIK 0000106535 | Filing 1173/9706 for Year 2009 | Starting
2026-03-04 11:20:18 [INF] CIK 0000106535 | Downloading filing HTML (cached if available)
2026-03-04 11:20:19 [INF] CIK 0000106535 | Reading HTML from C:\git\Edgar\Edgar\Data\raw\2009\0000106535\000119312509039546\0001193125-09-039546.txt
2026-03-04 11:20:19 [INF] CIK 0000106535 | Cleaning + extracting sections
2026-03-04 11:20:20 [INF] CIK 0000106535 | Filing 1173/9706 for Year 2009 | Finished
2026-03-04 11:20:20 [INF] CIK 0001065696 | Filing 1174/9706 for Year 2009 | Starting
2026-03-04 11:20:20 [INF] CIK 0001065696 | Downloading filing HTML (cached if available)
2026-03-04 11:20:20 [INF] CIK 0001065696 | Reading HTML from C:\git\Edgar\Edgar\Data\raw\2009\0001065696\000119312509041181\0001193125-09-041181.txt
2026-03-04 11:20:20 [INF] CIK 0001065696 | Cleaning + extracting sections
2026-03-04 11:20:20 [INF] CIK 0001065696 | Filing 1174/9706 for Year 2009 | Finished
2026-03-04 11:20:20 [INF] CIK 0001066605 | Filing 1175/9706 for Year 2009 | Starting
2026-03-04 11:20:20 [INF] CIK 0001066605 | Downloading filing HTML (cached if available)
2026-03-04 11:20:20 [INF] CIK 0001066605 | Reading HTML from C:\git\Edgar\Edgar\Data\raw\2009\0001066605\000119312509041239\0001193125-09-041239.txt
2026-03-04 11:20:20 [INF] CIK 0001066605 | Cleaning + extracting sections
2026-03-04 11:20:20 [INF] CIK 0001066605 | Filing 1175/9706 for Year 2009 | Finished
2026-03-04 11:20:20 [INF] CIK 0001070495 | Filing 1176/9706 for Year 2009 | Starting
2026-03-04 11:20:20 [INF] CIK 0001070495 | Missing permno mapping in CCM for Company BELCREST CAPITAL FUND LLC (0001070495).
2026-03-04 11:20:20 [INF] CIK 0001070495 | Missing Book-to-Market data for Company BELCREST CAPITAL FUND LLC (0001070495) in 2009.
2026-03-04 11:20:20 [INF] CIK 0001070495 | Skipping filing due to missing required data (CCM/CRSP/BTM).
2026-03-04 11:20:20 [INF] CIK 0001070750 | Filing 1177/9706 for Year 2009 | Starting
2026-03-04 11:20:20 [INF] CIK 0001070750 | Downloading filing HTML (cached if available)
2026-03-04 11:20:21 [INF] CIK 0001070750 | Reading HTML from C:\git\Edgar\Edgar\Data\raw\2009\0001070750\000119312509040623\0001193125-09-040623.txt
2026-03-04 11:20:21 [INF] CIK 0001070750 | Cleaning + extracting sections
2026-03-04 11:20:21 [INF] CIK 0001070750 | Filing 1177/9706 for Year 2009 | Finished
2026-03-04 11:20:21 [INF] CIK 0001075607 | Filing 1178/9706 for Year 2009 | Starting
2026-03-04 11:20:21 [INF] CIK 0001075607 | Downloading filing HTML (cached if available)
2026-03-04 11:20:21 [INF] CIK 0001075607 | Reading HTML from C:\git\Edgar\Edgar\Data\raw\2009\0001075607\000110465909013114\0001104659-09-013114.txt
2026-03-04 11:20:21 [INF] CIK 0001075607 | Cleaning + extracting sections
2026-03-04 11:20:22 [INF] CIK 0001075607 | Filing 1178/9706 for Year 2009 | Finished
2026-03-04 11:20:22 [INF] CIK 0001077771 | Filing 1179/9706 for Year 2009 | Starting
2026-03-04 11:20:22 [INF] CIK 0001077771 | Missing permno mapping in CCM for Company UMPQUA HOLDINGS CORP (0001077771).
2026-03-04 11:20:22 [INF] CIK 0001077771 | Missing Book-to-Market data for Company UMPQUA HOLDINGS CORP (0001077771) in 2009.
2026-03-04 11:20:22 [INF] CIK 0001077771 | Skipping filing due to missing required data (CCM/CRSP/BTM).
2026-03-04 11:20:22 [INF] CIK 0000107815 | Filing 1180/9706 for Year 2009 | Starting
2026-03-04 11:20:22 [INF] CIK 0000107815 | Missing permno mapping in CCM for Company WISCONSIN ELECTRIC POWER CO (0000107815).
2026-03-04 11:20:22 [INF] CIK 0000107815 | Missing Book-to-Market data for Company WISCONSIN ELECTRIC POWER CO (0000107815) in 2009.
2026-03-04 11:20:22 [INF] CIK 0000107815 | Skipping filing due to missing required data (CCM/CRSP/BTM).
2026-03-04 11:20:22 [INF] CIK 0000107832 | Filing 1181/9706 for Year 2009 | Starting
2026-03-04 11:20:22 [INF] CIK 0000107832 | Missing permno mapping in CCM for Company WISCONSIN POWER & LIGHT CO (0000107832).
2026-03-04 11:20:22 [INF] CIK 0000107832 | Missing Book-to-Market data for Company WISCONSIN POWER & LIGHT CO (0000107832) in 2009.
2026-03-04 11:20:22 [INF] CIK 0000107832 | Skipping filing due to missing required data (CCM/CRSP/BTM).
2026-03-04 11:20:22 [INF] CIK 0001079577 | Filing 1182/9706 for Year 2009 | Starting
2026-03-04 11:20:22 [INF] CIK 0001079577 | Downloading filing HTML (cached if available)
2026-03-04 11:20:22 [INF] CIK 0001079577 | Reading HTML from C:\git\Edgar\Edgar\Data\raw\2009\0001079577\000119312509041190\0001193125-09-041190.txt
2026-03-04 11:20:22 [INF] CIK 0001079577 | Cleaning + extracting sections
2026-03-04 11:20:22 [INF] CIK 0001079577 | Filing 1182/9706 for Year 2009 | Finished
2026-03-04 11:20:22 [INF] CIK 0001080014 | Filing 1183/9706 for Year 2009 | Starting
2026-03-04 11:20:22 [INF] CIK 0001080014 | Downloading filing HTML (cached if available)
2026-03-04 11:20:22 [INF] CIK 0001080014 | Reading HTML from C:\git\Edgar\Edgar\Data\raw\2009\0001080014\000104746909001903\0001047469-09-001903.txt
2026-03-04 11:20:22 [INF] CIK 0001080014 | Cleaning + extracting sections
2026-03-04 11:20:22 [INF] CIK 0001080014 | Filing 1183/9706 for Year 2009 | Finished
2026-03-04 11:20:22 [INF] CIK 0001081316 | Filing 1184/9706 for Year 2009 | Starting
2026-03-04 11:20:22 [INF] CIK 0001081316 | Missing permno mapping in CCM for Company MIDAMERICAN ENERGY HOLDINGS CO /NEW/ (0001081316).
2026-03-04 11:20:22 [INF] CIK 0001081316 | Missing Book-to-Market data for Company MIDAMERICAN ENERGY HOLDINGS CO /NEW/ (0001081316) in 2009.
2026-03-04 11:20:22 [INF] CIK 0001081316 | Skipping filing due to missing required data (CCM/CRSP/BTM).
2026-03-04 11:20:22 [INF] CIK 0001084580 | Filing 1185/9706 for Year 2009 | Starting
2026-03-04 11:20:22 [INF] CIK 0001084580 | Downloading filing HTML (cached if available)
2026-03-04 11:20:23 [INF] CIK 0001084580 | Reading HTML from C:\git\Edgar\Edgar\Data\raw\2009\0001084580\000095013409003984\0000950134-09-003984.txt
2026-03-04 11:20:23 [INF] CIK 0001084580 | Cleaning + extracting sections
2026-03-04 11:20:23 [INF] CIK 0001084580 | Filing 1185/9706 for Year 2009 | Finished
2026-03-04 11:20:23 [INF] CIK 0001089473 | Filing 1186/9706 for Year 2009 | Starting
2026-03-04 11:20:23 [INF] CIK 0001089473 | Missing permno mapping in CCM for Company INVENTIV HEALTH INC (0001089473).
2026-03-04 11:20:23 [INF] CIK 0001089473 | Missing Book-to-Market data for Company INVENTIV HEALTH INC (0001089473) in 2009.
2026-03-04 11:20:23 [INF] CIK 0001089473 | Skipping filing due to missing required data (CCM/CRSP/BTM).
2026-03-04 11:20:23 [INF] CIK 0001089976 | Filing 1187/9706 for Year 2009 | Starting
2026-03-04 11:20:23 [INF] CIK 0001089976 | Downloading filing HTML (cached if available)
2026-03-04 11:20:23 [INF] CIK 0001089976 | Reading HTML from C:\git\Edgar\Edgar\Data\raw\2009\0001089976\000095015209001911\0000950152-09-001911.txt
2026-03-04 11:20:23 [INF] CIK 0001089976 | Cleaning + extracting sections
2026-03-04 11:20:23 [INF] CIK 0001089976 | Filing 1187/9706 for Year 2009 | Finished
2026-03-04 11:20:23 [INF] CIK 0001090012 | Filing 1188/9706 for Year 2009 | Starting
2026-03-04 11:20:23 [INF] CIK 0001090012 | Downloading filing HTML (cached if available)
2026-03-04 11:20:24 [INF] CIK 0001090012 | Reading HTML from C:\git\Edgar\Edgar\Data\raw\2009\0001090012\000095013409003904\0000950134-09-003904.txt
2026-03-04 11:20:24 [INF] CIK 0001090012 | Cleaning + extracting sections
2026-03-04 11:20:24 [INF] CIK 0001090012 | Filing 1188/9706 for Year 2009 | Finished
2026-03-04 11:20:24 [INF] CIK 0001090403 | Filing 1189/9706 for Year 2009 | Starting
2026-03-04 11:20:24 [INF] CIK 0001090403 | Downloading filing HTML (cached if available)
2026-03-04 11:20:24 [INF] CIK 0001090403 | Reading HTML from C:\git\Edgar\Edgar\Data\raw\2009\0001090403\000119312509040779\0001193125-09-040779.txt
2026-03-04 11:20:24 [INF] CIK 0001090403 | Cleaning + extracting sections
2026-03-04 11:20:24 [INF] CIK 0001090403 | Filing 1189/9706 for Year 2009 | Finished
2026-03-04 11:20:24 [INF] CIK 0001090425 | Filing 1190/9706 for Year 2009 | Starting
2026-03-04 11:20:24 [INF] CIK 0001090425 | Downloading filing HTML (cached if available)
2026-03-04 11:20:24 [INF] CIK 0001090425 | Reading HTML from C:\git\Edgar\Edgar\Data\raw\2009\0001090425\000095013409004004\0000950134-09-004004.txt
2026-03-04 11:20:24 [INF] CIK 0001090425 | Cleaning + extracting sections
2026-03-04 11:20:25 [INF] CIK 0001090425 | Filing 1190/9706 for Year 2009 | Finished
2026-03-04 11:20:25 [INF] CIK 0001090727 | Filing 1191/9706 for Year 2009 | Starting
2026-03-04 11:20:25 [INF] CIK 0001090727 | Downloading filing HTML (cached if available)
2026-03-04 11:20:25 [INF] CIK 0001090727 | Reading HTML from C:\git\Edgar\Edgar\Data\raw\2009\0001090727\000119312509040973\0001193125-09-040973.txt
2026-03-04 11:20:25 [INF] CIK 0001090727 | Cleaning + extracting sections
2026-03-04 11:20:25 [INF] CIK 0001090727 | Filing 1191/9706 for Year 2009 | Finished
2026-03-04 11:20:25 [INF] CIK 0000109380 | Filing 1192/9706 for Year 2009 | Starting
2026-03-04 11:20:25 [INF] CIK 0000109380 | Downloading filing HTML (cached if available)
2026-03-04 11:20:26 [INF] CIK 0000109380 | Reading HTML from C:\git\Edgar\Edgar\Data\raw\2009\0000109380\000119312509040927\0001193125-09-040927.txt
2026-03-04 11:20:26 [INF] CIK 0000109380 | Cleaning + extracting sections
2026-03-04 11:20:26 [INF] CIK 0000109380 | Filing 1192/9706 for Year 2009 | Finished
2026-03-04 11:20:26 [INF] CIK 0001095651 | Filing 1193/9706 for Year 2009 | Starting
2026-03-04 11:20:26 [INF] CIK 0001095651 | Missing Book-to-Market data for Company ISTAR FINANCIAL INC (0001095651) in 2009.
2026-03-04 11:20:26 [INF] CIK 0001095651 | Skipping filing due to missing required data (CCM/CRSP/BTM).
2026-03-04 11:20:26 [INF] CIK 0001097149 | Filing 1194/9706 for Year 2009 | Starting
2026-03-04 11:20:26 [INF] CIK 0001097149 | Downloading filing HTML (cached if available)
2026-03-04 11:20:26 [INF] CIK 0001097149 | Reading HTML from C:\git\Edgar\Edgar\Data\raw\2009\0001097149\000104746909001977\0001047469-09-001977.txt
2026-03-04 11:20:26 [INF] CIK 0001097149 | Cleaning + extracting sections
2026-03-04 11:20:26 [INF] CIK 0001097149 | Filing 1194/9706 for Year 2009 | Finished
2026-03-04 11:20:26 [INF] CIK 0001097864 | Filing 1195/9706 for Year 2009 | Starting
2026-03-04 11:20:26 [INF] CIK 0001097864 | Downloading filing HTML (cached if available)
2026-03-04 11:20:27 [INF] CIK 0001097864 | Reading HTML from C:\git\Edgar\Edgar\Data\raw\2009\0001097864\000119312509040877\0001193125-09-040877.txt
2026-03-04 11:20:27 [INF] CIK 0001097864 | Cleaning + extracting sections
2026-03-04 11:20:27 [INF] CIK 0001097864 | Filing 1195/9706 for Year 2009 | Finished
2026-03-04 11:20:27 [INF] CIK 0001098277 | Filing 1196/9706 for Year 2009 | Starting
2026-03-04 11:20:27 [INF] CIK 0001098277 | Downloading filing HTML (cached if available)
2026-03-04 11:20:27 [INF] CIK 0001098277 | Reading HTML from C:\git\Edgar\Edgar\Data\raw\2009\0001098277\000119312509039286\0001193125-09-039286.txt
2026-03-04 11:20:27 [INF] CIK 0001098277 | Cleaning + extracting sections
2026-03-04 11:20:27 [INF] CIK 0001098277 | Filing 1196/9706 for Year 2009 | Finished
2026-03-04 11:20:27 [INF] CIK 0001098296 | Filing 1197/9706 for Year 2009 | Starting
2026-03-04 11:20:27 [INF] CIK 0001098296 | Missing permno mapping in CCM for Company MIDAMERICAN FUNDING LLC (0001098296).
2026-03-04 11:20:27 [INF] CIK 0001098296 | Missing Book-to-Market data for Company MIDAMERICAN FUNDING LLC (0001098296) in 2009.
2026-03-04 11:20:27 [INF] CIK 0001098296 | Skipping filing due to missing required data (CCM/CRSP/BTM).
2026-03-04 11:20:27 [INF] CIK 0001099590 | Filing 1198/9706 for Year 2009 | Starting
2026-03-04 11:20:27 [INF] CIK 0001099590 | Downloading filing HTML (cached if available)
2026-03-04 11:20:27 [INF] CIK 0001099590 | Reading HTML from C:\git\Edgar\Edgar\Data\raw\2009\0001099590\000136231009002931\0001362310-09-002931.txt
2026-03-04 11:20:27 [INF] CIK 0001099590 | Cleaning + extracting sections
2026-03-04 11:20:27 [INF] CIK 0001099590 | Filing 1198/9706 for Year 2009 | Finished
2026-03-04 11:20:27 [INF] CIK 0000110019 | Filing 1199/9706 for Year 2009 | Starting
2026-03-04 11:20:27 [INF] CIK 0000110019 | Missing permno mapping in CCM for Company NORTHWEST PIPELINE GP (0000110019).
2026-03-04 11:20:27 [INF] CIK 0000110019 | Missing Book-to-Market data for Company NORTHWEST PIPELINE GP (0000110019) in 2009.
2026-03-04 11:20:27 [INF] CIK 0000110019 | Skipping filing due to missing required data (CCM/CRSP/BTM).
2026-03-04 11:20:27 [INF] CIK 0001102541 | Filing 1200/9706 for Year 2009 | Starting
2026-03-04 11:20:27 [INF] CIK 0001102541 | Downloading filing HTML (cached if available)
2026-03-04 11:20:28 [INF] CIK 0001102541 | Reading HTML from C:\git\Edgar\Edgar\Data\raw\2009\0001102541\000104746909002012\0001047469-09-002012.txt
2026-03-04 11:20:28 [INF] CIK 0001102541 | Cleaning + extracting sections
2026-03-04 11:20:28 [INF] CIK 0001102541 | Filing 1200/9706 for Year 2009 | Finished
2026-03-04 11:20:28 [INF] CIK 0001103982 | Filing 1201/9706 for Year 2009 | Starting
2026-03-04 11:20:28 [INF] CIK 0001103982 | Downloading filing HTML (cached if available)
2026-03-04 11:20:28 [INF] CIK 0001103982 | Reading HTML from C:\git\Edgar\Edgar\Data\raw\2009\0001103982\000119312509040798\0001193125-09-040798.txt
2026-03-04 11:20:28 [INF] CIK 0001103982 | Cleaning + extracting sections
2026-03-04 11:20:28 [INF] CIK 0001103982 | Filing 1201/9706 for Year 2009 | Finished
2026-03-04 11:20:28 [INF] CIK 0001104657 | Filing 1202/9706 for Year 2009 | Starting
2026-03-04 11:20:28 [INF] CIK 0001104657 | Downloading filing HTML (cached if available)
2026-03-04 11:20:29 [INF] CIK 0001104657 | Reading HTML from C:\git\Edgar\Edgar\Data\raw\2009\0001104657\000095015209001939\0000950152-09-001939.txt
2026-03-04 11:20:29 [INF] CIK 0001104657 | Cleaning + extracting sections
2026-03-04 11:20:29 [INF] CIK 0001104657 | Filing 1202/9706 for Year 2009 | Finished
2026-03-04 11:20:29 [INF] CIK 0001108109 | Filing 1203/9706 for Year 2009 | Starting
2026-03-04 11:20:29 [INF] CIK 0001108109 | Downloading filing HTML (cached if available)
2026-03-04 11:20:29 [INF] CIK 0001108109 | Reading HTML from C:\git\Edgar\Edgar\Data\raw\2009\0001108109\000095014409001722\0000950144-09-001722.txt
2026-03-04 11:20:29 [INF] CIK 0001108109 | Cleaning + extracting sections
2026-03-04 11:20:29 [INF] CIK 0001108109 | Filing 1203/9706 for Year 2009 | Finished
2026-03-04 11:20:29 [INF] CIK 0001108827 | Filing 1204/9706 for Year 2009 | Starting
2026-03-04 11:20:29 [INF] CIK 0001108827 | Missing CRSP trading days for Company QUESTAR MARKET RESOURCES INC (0001108827) in 2009.
2026-03-04 11:20:29 [INF] CIK 0001108827 | Missing Book-to-Market data for Company QUESTAR MARKET RESOURCES INC (0001108827) in 2009.
2026-03-04 11:20:29 [INF] CIK 0001108827 | Skipping filing due to missing required data (CCM/CRSP/BTM).
2026-03-04 11:20:29 [INF] CIK 0001108991 | Filing 1205/9706 for Year 2009 | Starting
2026-03-04 11:20:29 [INF] CIK 0001108991 | Missing permno mapping in CCM for Company BELMAR CAPITAL FUND LLC (0001108991).
2026-03-04 11:20:29 [INF] CIK 0001108991 | Missing Book-to-Market data for Company BELMAR CAPITAL FUND LLC (0001108991) in 2009.
2026-03-04 11:20:29 [INF] CIK 0001108991 | Skipping filing due to missing required data (CCM/CRSP/BTM).
2026-03-04 11:20:29 [INF] CIK 0001109808 | Filing 1206/9706 for Year 2009 | Starting
2026-03-04 11:20:29 [INF] CIK 0001109808 | Missing permno mapping in CCM for Company AVOCENT CORP (0001109808).
2026-03-04 11:20:29 [INF] CIK 0001109808 | Missing Book-to-Market data for Company AVOCENT CORP (0001109808) in 2009.
2026-03-04 11:20:29 [INF] CIK 0001109808 | Skipping filing due to missing required data (CCM/CRSP/BTM).
2026-03-04 11:20:29 [INF] CIK 0001110805 | Filing 1207/9706 for Year 2009 | Starting
2026-03-04 11:20:29 [INF] CIK 0001110805 | Downloading filing HTML (cached if available)
2026-03-04 11:20:29 [INF] CIK 0001110805 | Reading HTML from C:\git\Edgar\Edgar\Data\raw\2009\0001110805\000119312509040717\0001193125-09-040717.txt
2026-03-04 11:20:29 [INF] CIK 0001110805 | Cleaning + extracting sections
2026-03-04 11:20:30 [INF] CIK 0001110805 | Filing 1207/9706 for Year 2009 | Finished
2026-03-04 11:20:30 [INF] CIK 0001111711 | Filing 1208/9706 for Year 2009 | Starting
2026-03-04 11:20:30 [INF] CIK 0001111711 | Downloading filing HTML (cached if available)
2026-03-04 11:20:30 [INF] CIK 0001111711 | Reading HTML from C:\git\Edgar\Edgar\Data\raw\2009\0001111711\000095015209001944\0000950152-09-001944.txt
2026-03-04 11:20:30 [INF] CIK 0001111711 | Cleaning + extracting sections
2026-03-04 11:20:30 [INF] CIK 0001111711 | Filing 1208/9706 for Year 2009 | Finished
2026-03-04 11:20:30 [INF] CIK 0000011199 | Filing 1209/9706 for Year 2009 | Starting
2026-03-04 11:20:30 [INF] CIK 0000011199 | Downloading filing HTML (cached if available)
2026-03-04 11:20:31 [INF] CIK 0000011199 | Reading HTML from C:\git\Edgar\Edgar\Data\raw\2009\0000011199\000110465909012842\0001104659-09-012842.txt
2026-03-04 11:20:31 [INF] CIK 0000011199 | Cleaning + extracting sections
2026-03-04 11:20:31 [INF] CIK 0000011199 | Filing 1209/9706 for Year 2009 | Finished
2026-03-04 11:20:31 [INF] CIK 0001120193 | Filing 1210/9706 for Year 2009 | Starting
2026-03-04 11:20:31 [INF] CIK 0001120193 | Downloading filing HTML (cached if available)
2026-03-04 11:20:31 [INF] CIK 0001120193 | Reading HTML from C:\git\Edgar\Edgar\Data\raw\2009\0001120193\000119312509039333\0001193125-09-039333.txt
2026-03-04 11:20:31 [INF] CIK 0001120193 | Cleaning + extracting sections
2026-03-04 11:20:31 [INF] CIK 0001120193 | Filing 1210/9706 for Year 2009 | Finished
2026-03-04 11:20:31 [INF] CIK 0001122108 | Filing 1211/9706 for Year 2009 | Starting
2026-03-04 11:20:31 [INF] CIK 0001122108 | Missing permno mapping in CCM for Company GLOBAL FOOD TECHNOLOGIES, INC. (0001122108).
2026-03-04 11:20:31 [INF] CIK 0001122108 | Missing Book-to-Market data for Company GLOBAL FOOD TECHNOLOGIES, INC. (0001122108) in 2009.
2026-03-04 11:20:31 [INF] CIK 0001122108 | Skipping filing due to missing required data (CCM/CRSP/BTM).
2026-03-04 11:20:31 [INF] CIK 0001122304 | Filing 1212/9706 for Year 2009 | Starting
2026-03-04 11:20:31 [INF] CIK 0001122304 | Downloading filing HTML (cached if available)
2026-03-04 11:20:32 [INF] CIK 0001122304 | Reading HTML from C:\git\Edgar\Edgar\Data\raw\2009\0001122304\000112230409000036\0001122304-09-000036.txt
2026-03-04 11:20:32 [INF] CIK 0001122304 | Cleaning + extracting sections
2026-03-04 11:20:32 [INF] CIK 0001122304 | Filing 1212/9706 for Year 2009 | Finished
2026-03-04 11:20:32 [INF] CIK 0001130866 | Filing 1213/9706 for Year 2009 | Starting
2026-03-04 11:20:32 [INF] CIK 0001130866 | Downloading filing HTML (cached if available)
2026-03-04 11:20:33 [INF] CIK 0001130866 | Reading HTML from C:\git\Edgar\Edgar\Data\raw\2009\0001130866\000104746909002016\0001047469-09-002016.txt
2026-03-04 11:20:33 [INF] CIK 0001130866 | Cleaning + extracting sections
2026-03-04 11:20:33 [INF] CIK 0001130866 | Filing 1213/9706 for Year 2009 | Finished
2026-03-04 11:20:33 [INF] CIK 0001135152 | Filing 1214/9706 for Year 2009 | Starting
2026-03-04 11:20:33 [INF] CIK 0001135152 | Downloading filing HTML (cached if available)
2026-03-04 11:20:33 [INF] CIK 0001135152 | Reading HTML from C:\git\Edgar\Edgar\Data\raw\2009\0001135152\000119312509041112\0001193125-09-041112.txt
2026-03-04 11:20:33 [INF] CIK 0001135152 | Cleaning + extracting sections
2026-03-04 11:20:33 [INF] CIK 0001135152 | Filing 1214/9706 for Year 2009 | Finished
2026-03-04 11:20:33 [INF] CIK 0001136869 | Filing 1215/9706 for Year 2009 | Starting
2026-03-04 11:20:33 [INF] CIK 0001136869 | Downloading filing HTML (cached if available)
2026-03-04 11:20:34 [INF] CIK 0001136869 | Reading HTML from C:\git\Edgar\Edgar\Data\raw\2009\0001136869\000095015209001918\0000950152-09-001918.txt
2026-03-04 11:20:34 [INF] CIK 0001136869 | Cleaning + extracting sections
2026-03-04 11:20:34 [INF] CIK 0001136869 | Filing 1215/9706 for Year 2009 | Finished
2026-03-04 11:20:34 [INF] CIK 0001136893 | Filing 1216/9706 for Year 2009 | Starting
2026-03-04 11:20:34 [INF] CIK 0001136893 | Downloading filing HTML (cached if available)
2026-03-04 11:20:34 [INF] CIK 0001136893 | Reading HTML from C:\git\Edgar\Edgar\Data\raw\2009\0001136893\000095014409001697\0000950144-09-001697.txt
2026-03-04 11:20:34 [INF] CIK 0001136893 | Cleaning + extracting sections
2026-03-04 11:20:34 [INF] CIK 0001136893 | Filing 1216/9706 for Year 2009 | Finished
2026-03-04 11:20:34 [INF] CIK 0001137048 | Filing 1217/9706 for Year 2009 | Starting
2026-03-04 11:20:34 [INF] CIK 0001137048 | Missing permno mapping in CCM for Company ODYSSEY RE HOLDINGS CORP (0001137048).
2026-03-04 11:20:34 [INF] CIK 0001137048 | Missing Book-to-Market data for Company ODYSSEY RE HOLDINGS CORP (0001137048) in 2009.
2026-03-04 11:20:34 [INF] CIK 0001137048 | Skipping filing due to missing required data (CCM/CRSP/BTM).
2026-03-04 11:20:34 [INF] CIK 0001137774 | Filing 1218/9706 for Year 2009 | Starting
2026-03-04 11:20:34 [INF] CIK 0001137774 | Downloading filing HTML (cached if available)
2026-03-04 11:20:35 [INF] CIK 0001137774 | Reading HTML from C:\git\Edgar\Edgar\Data\raw\2009\0001137774\000119312509039316\0001193125-09-039316.txt
2026-03-04 11:20:35 [INF] CIK 0001137774 | Cleaning + extracting sections
2026-03-04 11:20:36 [INF] CIK 0001137774 | Filing 1218/9706 for Year 2009 | Finished
2026-03-04 11:20:36 [INF] CIK 0001138602 | Filing 1219/9706 for Year 2009 | Starting
2026-03-04 11:20:36 [INF] CIK 0001138602 | Missing permno mapping in CCM for Company BELPORT CAPITAL FUND LLC (0001138602).
2026-03-04 11:20:36 [INF] CIK 0001138602 | Missing Book-to-Market data for Company BELPORT CAPITAL FUND LLC (0001138602) in 2009.
2026-03-04 11:20:36 [INF] CIK 0001138602 | Skipping filing due to missing required data (CCM/CRSP/BTM).
2026-03-04 11:20:36 [INF] CIK 0001139812 | Filing 1220/9706 for Year 2009 | Starting
2026-03-04 11:20:36 [INF] CIK 0001139812 | Downloading filing HTML (cached if available)
2026-03-04 11:20:36 [INF] CIK 0001139812 | Reading HTML from C:\git\Edgar\Edgar\Data\raw\2009\0001139812\000113981209000012\0001139812-09-000012.txt
2026-03-04 11:20:37 [INF] CIK 0001139812 | Cleaning + extracting sections
2026-03-04 11:20:37 [INF] CIK 0001139812 | Filing 1220/9706 for Year 2009 | Finished
2026-03-04 11:20:37 [INF] CIK 0001140536 | Filing 1221/9706 for Year 2009 | Starting
2026-03-04 11:20:37 [INF] CIK 0001140536 | Downloading filing HTML (cached if available)
2026-03-04 11:20:37 [INF] CIK 0001140536 | Reading HTML from C:\git\Edgar\Edgar\Data\raw\2009\0001140536\000104746909001993\0001047469-09-001993.txt
2026-03-04 11:20:37 [INF] CIK 0001140536 | Cleaning + extracting sections
2026-03-04 11:20:37 [INF] CIK 0001140536 | Filing 1221/9706 for Year 2009 | Finished
2026-03-04 11:20:37 [INF] CIK 0001141107 | Filing 1222/9706 for Year 2009 | Starting
2026-03-04 11:20:37 [INF] CIK 0001141107 | Missing permno mapping in CCM for Company ARRIS GROUP INC (0001141107).
2026-03-04 11:20:37 [INF] CIK 0001141107 | Missing Book-to-Market data for Company ARRIS GROUP INC (0001141107) in 2009.
2026-03-04 11:20:37 [INF] CIK 0001141107 | Skipping filing due to missing required data (CCM/CRSP/BTM).
2026-03-04 11:20:37 [INF] CIK 0001142701 | Filing 1223/9706 for Year 2009 | Starting
2026-03-04 11:20:37 [INF] CIK 0001142701 | Downloading filing HTML (cached if available)
2026-03-04 11:20:38 [INF] CIK 0001142701 | Reading HTML from C:\git\Edgar\Edgar\Data\raw\2009\0001142701\000104746909001999\0001047469-09-001999.txt
2026-03-04 11:20:38 [INF] CIK 0001142701 | Cleaning + extracting sections
2026-03-04 11:20:38 [INF] CIK 0001142701 | Filing 1223/9706 for Year 2009 | Finished
2026-03-04 11:20:38 [INF] CIK 0001143068 | Filing 1224/9706 for Year 2009 | Starting
2026-03-04 11:20:38 [INF] CIK 0001143068 | Downloading filing HTML (cached if available)
2026-03-04 11:20:38 [INF] CIK 0001143068 | Reading HTML from C:\git\Edgar\Edgar\Data\raw\2009\0001143068\000114306809000017\0001143068-09-000017.txt
2026-03-04 11:20:39 [INF] CIK 0001143068 | Cleaning + extracting sections
2026-03-04 11:20:39 [INF] CIK 0001143068 | Filing 1224/9706 for Year 2009 | Finished
2026-03-04 11:20:39 [INF] CIK 0001144945 | Filing 1225/9706 for Year 2009 | Starting
2026-03-04 11:20:39 [INF] CIK 0001144945 | Downloading filing HTML (cached if available)
2026-03-04 11:20:39 [INF] CIK 0001144945 | Reading HTML from C:\git\Edgar\Edgar\Data\raw\2009\0001144945\000119312509040680\0001193125-09-040680.txt
2026-03-04 11:20:39 [INF] CIK 0001144945 | Cleaning + extracting sections
2026-03-04 11:20:40 [INF] CIK 0001144945 | Filing 1225/9706 for Year 2009 | Finished
2026-03-04 11:20:40 [INF] CIK 0000011544 | Filing 1226/9706 for Year 2009 | Starting
2026-03-04 11:20:40 [INF] CIK 0000011544 | Downloading filing HTML (cached if available)
2026-03-04 11:20:40 [INF] CIK 0000011544 | Reading HTML from C:\git\Edgar\Edgar\Data\raw\2009\0000011544\000095012309003653\0000950123-09-003653.txt
2026-03-04 11:20:40 [INF] CIK 0000011544 | Cleaning + extracting sections
2026-03-04 11:20:40 [INF] CIK 0000011544 | Filing 1226/9706 for Year 2009 | Finished
2026-03-04 11:20:40 [INF] CIK 0001156388 | Filing 1227/9706 for Year 2009 | Starting
2026-03-04 11:20:40 [INF] CIK 0001156388 | Downloading filing HTML (cached if available)
2026-03-04 11:20:41 [INF] CIK 0001156388 | Reading HTML from C:\git\Edgar\Edgar\Data\raw\2009\0001156388\000095014809000026\0000950148-09-000026.txt
2026-03-04 11:20:41 [INF] CIK 0001156388 | Cleaning + extracting sections
2026-03-04 11:20:41 [INF] CIK 0001156388 | Filing 1227/9706 for Year 2009 | Finished
2026-03-04 11:20:41 [INF] CIK 0001161976 | Filing 1228/9706 for Year 2009 | Starting
2026-03-04 11:20:41 [INF] CIK 0001161976 | Missing permno mapping in CCM for Company PPL ENERGY SUPPLY LLC (0001161976).
2026-03-04 11:20:41 [INF] CIK 0001161976 | Missing Book-to-Market data for Company PPL ENERGY SUPPLY LLC (0001161976) in 2009.
2026-03-04 11:20:41 [INF] CIK 0001161976 | Skipping filing due to missing required data (CCM/CRSP/BTM).
2026-03-04 11:20:41 [INF] CIK 0001163348 | Filing 1229/9706 for Year 2009 | Starting
2026-03-04 11:20:41 [INF] CIK 0001163348 | Downloading filing HTML (cached if available)
2026-03-04 11:20:41 [INF] CIK 0001163348 | Reading HTML from C:\git\Edgar\Edgar\Data\raw\2009\0001163348\000095012309003689\0000950123-09-003689.txt
2026-03-04 11:20:41 [INF] CIK 0001163348 | Cleaning + extracting sections
2026-03-04 11:20:41 [INF] CIK 0001163348 | Filing 1229/9706 for Year 2009 | Finished
2026-03-04 11:20:41 [INF] CIK 0001165880 | Filing 1230/9706 for Year 2009 | Starting
2026-03-04 11:20:41 [INF] CIK 0001165880 | Downloading filing HTML (cached if available)
2026-03-04 11:20:42 [INF] CIK 0001165880 | Reading HTML from C:\git\Edgar\Edgar\Data\raw\2009\0001165880\000110465909012740\0001104659-09-012740.txt
2026-03-04 11:20:42 [INF] CIK 0001165880 | Cleaning + extracting sections
2026-03-04 11:20:42 [INF] CIK 0001165880 | Filing 1230/9706 for Year 2009 | Finished
2026-03-04 11:20:42 [INF] CIK 0001168054 | Filing 1231/9706 for Year 2009 | Starting
2026-03-04 11:20:42 [INF] CIK 0001168054 | Downloading filing HTML (cached if available)
2026-03-04 11:20:43 [INF] CIK 0001168054 | Reading HTML from C:\git\Edgar\Edgar\Data\raw\2009\0001168054\000104746909001974\0001047469-09-001974.txt
2026-03-04 11:20:43 [INF] CIK 0001168054 | Cleaning + extracting sections
2026-03-04 11:20:43 [INF] CIK 0001168054 | Filing 1231/9706 for Year 2009 | Finished
2026-03-04 11:20:43 [INF] CIK 0001168338 | Filing 1232/9706 for Year 2009 | Starting
2026-03-04 11:20:43 [INF] CIK 0001168338 | Missing permno mapping in CCM for Company CRUM & FORSTER HOLDINGS CORP (0001168338).
2026-03-04 11:20:43 [INF] CIK 0001168338 | Missing Book-to-Market data for Company CRUM & FORSTER HOLDINGS CORP (0001168338) in 2009.
2026-03-04 11:20:43 [INF] CIK 0001168338 | Skipping filing due to missing required data (CCM/CRSP/BTM).
2026-03-04 11:20:43 [INF] CIK 0001169055 | Filing 1233/9706 for Year 2009 | Starting
2026-03-04 11:20:43 [INF] CIK 0001169055 | Missing permno mapping in CCM for Company NOBLE CORP (0001169055).
2026-03-04 11:20:43 [INF] CIK 0001169055 | Missing Book-to-Market data for Company NOBLE CORP (0001169055) in 2009.
2026-03-04 11:20:43 [INF] CIK 0001169055 | Skipping filing due to missing required data (CCM/CRSP/BTM).
2026-03-04 11:20:43 [INF] CIK 0001169264 | Filing 1234/9706 for Year 2009 | Starting
2026-03-04 11:20:43 [INF] CIK 0001169264 | Downloading filing HTML (cached if available)
2026-03-04 11:20:43 [INF] CIK 0001169264 | Reading HTML from C:\git\Edgar\Edgar\Data\raw\2009\0001169264\000119312509041019\0001193125-09-041019.txt
2026-03-04 11:20:43 [INF] CIK 0001169264 | Cleaning + extracting sections
2026-03-04 11:20:43 [INF] CIK 0001169264 | Filing 1234/9706 for Year 2009 | Finished
2026-03-04 11:20:43 [INF] CIK 0001170304 | Filing 1235/9706 for Year 2009 | Starting
2026-03-04 11:20:43 [INF] CIK 0001170304 | Missing permno mapping in CCM for Company BELROSE CAPITAL FUND LLC (0001170304).
2026-03-04 11:20:43 [INF] CIK 0001170304 | Missing Book-to-Market data for Company BELROSE CAPITAL FUND LLC (0001170304) in 2009.
2026-03-04 11:20:43 [INF] CIK 0001170304 | Skipping filing due to missing required data (CCM/CRSP/BTM).
2026-03-04 11:20:43 [INF] CIK 0001171486 | Filing 1236/9706 for Year 2009 | Starting
2026-03-04 11:20:43 [INF] CIK 0001171486 | Downloading filing HTML (cached if available)
2026-03-04 11:20:44 [INF] CIK 0001171486 | Reading HTML from C:\git\Edgar\Edgar\Data\raw\2009\0001171486\000095012909000666\0000950129-09-000666.txt
2026-03-04 11:20:44 [INF] CIK 0001171486 | Cleaning + extracting sections
2026-03-04 11:20:44 [INF] CIK 0001171486 | Filing 1236/9706 for Year 2009 | Finished
2026-03-04 11:20:44 [INF] CIK 0001171500 | Filing 1237/9706 for Year 2009 | Starting
2026-03-04 11:20:44 [INF] CIK 0001171500 | Downloading filing HTML (cached if available)
2026-03-04 11:20:44 [INF] CIK 0001171500 | Reading HTML from C:\git\Edgar\Edgar\Data\raw\2009\0001171500\000117150009000004\0001171500-09-000004.txt
2026-03-04 11:20:45 [INF] CIK 0001171500 | Cleaning + extracting sections
2026-03-04 11:20:45 [INF] CIK 0001171500 | Filing 1237/9706 for Year 2009 | Finished
2026-03-04 11:20:45 [INF] CIK 0001172203 | Filing 1238/9706 for Year 2009 | Starting
2026-03-04 11:20:45 [INF] CIK 0001172203 | Missing permno mapping in CCM for Company SYNIVERSE TECHNOLOGIES INC (0001172203).
2026-03-04 11:20:45 [INF] CIK 0001172203 | Missing Book-to-Market data for Company SYNIVERSE TECHNOLOGIES INC (0001172203) in 2009.
2026-03-04 11:20:45 [INF] CIK 0001172203 | Skipping filing due to missing required data (CCM/CRSP/BTM).
2026-03-04 11:20:45 [INF] CIK 0001174907 | Filing 1239/9706 for Year 2009 | Starting
2026-03-04 11:20:45 [INF] CIK 0001174907 | Missing permno mapping in CCM for Company TEXADA VENTURES INC (0001174907).
2026-03-04 11:20:45 [INF] CIK 0001174907 | Missing Book-to-Market data for Company TEXADA VENTURES INC (0001174907) in 2009.
2026-03-04 11:20:45 [INF] CIK 0001174907 | Skipping filing due to missing required data (CCM/CRSP/BTM).
2026-03-04 11:20:45 [INF] CIK 0001185348 | Filing 1240/9706 for Year 2009 | Starting
2026-03-04 11:20:45 [INF] CIK 0001185348 | Downloading filing HTML (cached if available)
2026-03-04 11:20:45 [INF] CIK 0001185348 | Reading HTML from C:\git\Edgar\Edgar\Data\raw\2009\0001185348\000095013309000517\0000950133-09-000517.txt
2026-03-04 11:20:45 [INF] CIK 0001185348 | Cleaning + extracting sections
2026-03-04 11:20:45 [INF] CIK 0001185348 | Filing 1240/9706 for Year 2009 | Finished
2026-03-04 11:20:45 [INF] CIK 0001195933 | Filing 1241/9706 for Year 2009 | Starting
2026-03-04 11:20:45 [INF] CIK 0001195933 | Downloading filing HTML (cached if available)
2026-03-04 11:20:46 [INF] CIK 0001195933 | Reading HTML from C:\git\Edgar\Edgar\Data\raw\2009\0001195933\000119312509040431\0001193125-09-040431.txt
2026-03-04 11:20:46 [INF] CIK 0001195933 | Cleaning + extracting sections
2026-03-04 11:20:46 [INF] CIK 0001195933 | Filing 1241/9706 for Year 2009 | Finished
2026-03-04 11:20:46 [INF] CIK 0001218683 | Filing 1242/9706 for Year 2009 | Starting
2026-03-04 11:20:46 [INF] CIK 0001218683 | Missing CRSP trading days for Company DENALI CONCRETE MANAGEMENT INC (0001218683) in 2009.
2026-03-04 11:20:46 [INF] CIK 0001218683 | Missing Book-to-Market data for Company DENALI CONCRETE MANAGEMENT INC (0001218683) in 2009.
2026-03-04 11:20:46 [INF] CIK 0001218683 | Skipping filing due to missing required data (CCM/CRSP/BTM).
2026-03-04 11:20:46 [INF] CIK 0001219601 | Filing 1243/9706 for Year 2009 | Starting
2026-03-04 11:20:46 [INF] CIK 0001219601 | Downloading filing HTML (cached if available)
2026-03-04 11:20:46 [INF] CIK 0001219601 | Reading HTML from C:\git\Edgar\Edgar\Data\raw\2009\0001219601\000121960109000010\0001219601-09-000010.txt
2026-03-04 11:20:47 [INF] CIK 0001219601 | Cleaning + extracting sections
2026-03-04 11:20:47 [INF] CIK 0001219601 | Filing 1243/9706 for Year 2009 | Finished
2026-03-04 11:20:47 [INF] CIK 0000012208 | Filing 1244/9706 for Year 2009 | Starting
2026-03-04 11:20:47 [INF] CIK 0000012208 | Downloading filing HTML (cached if available)
2026-03-04 11:20:47 [INF] CIK 0000012208 | Reading HTML from C:\git\Edgar\Edgar\Data\raw\2009\0000012208\000001220809000011\0000012208-09-000011.txt
2026-03-04 11:20:47 [INF] CIK 0000012208 | Cleaning + extracting sections
2026-03-04 11:20:47 [INF] CIK 0000012208 | Filing 1244/9706 for Year 2009 | Finished
2026-03-04 11:20:47 [INF] CIK 0001223786 | Filing 1245/9706 for Year 2009 | Starting
2026-03-04 11:20:47 [INF] CIK 0001223786 | Downloading filing HTML (cached if available)
2026-03-04 11:20:48 [INF] CIK 0001223786 | Reading HTML from C:\git\Edgar\Edgar\Data\raw\2009\0001223786\000119312509040726\0001193125-09-040726.txt
2026-03-04 11:20:48 [INF] CIK 0001223786 | Cleaning + extracting sections
2026-03-04 11:20:48 [INF] CIK 0001223786 | Filing 1245/9706 for Year 2009 | Finished
2026-03-04 11:20:48 [INF] CIK 0001234307 | Filing 1246/9706 for Year 2009 | Starting
2026-03-04 11:20:48 [INF] CIK 0001234307 | Missing permno mapping in CCM for Company DIRECTV FINANCING CO INC (0001234307).
2026-03-04 11:20:48 [INF] CIK 0001234307 | Missing Book-to-Market data for Company DIRECTV FINANCING CO INC (0001234307) in 2009.
2026-03-04 11:20:48 [INF] CIK 0001234307 | Skipping filing due to missing required data (CCM/CRSP/BTM).
2026-03-04 11:20:48 [INF] CIK 0001234308 | Filing 1247/9706 for Year 2009 | Starting
2026-03-04 11:20:48 [INF] CIK 0001234308 | Missing permno mapping in CCM for Company DIRECTV HOLDINGS LLC (0001234308).
2026-03-04 11:20:48 [INF] CIK 0001234308 | Missing Book-to-Market data for Company DIRECTV HOLDINGS LLC (0001234308) in 2009.
2026-03-04 11:20:48 [INF] CIK 0001234308 | Skipping filing due to missing required data (CCM/CRSP/BTM).
2026-03-04 11:20:48 [INF] CIK 0001261694 | Filing 1248/9706 for Year 2009 | Starting
2026-03-04 11:20:48 [INF] CIK 0001261694 | Missing permno mapping in CCM for Company TESSERA TECHNOLOGIES INC (0001261694).
2026-03-04 11:20:48 [INF] CIK 0001261694 | Missing Book-to-Market data for Company TESSERA TECHNOLOGIES INC (0001261694) in 2009.
2026-03-04 11:20:48 [INF] CIK 0001261694 | Skipping filing due to missing required data (CCM/CRSP/BTM).
2026-03-04 11:20:48 [INF] CIK 0001264755 | Filing 1249/9706 for Year 2009 | Starting
2026-03-04 11:20:48 [INF] CIK 0001264755 | Downloading filing HTML (cached if available)
2026-03-04 11:20:48 [INF] CIK 0001264755 | Reading HTML from C:\git\Edgar\Edgar\Data\raw\2009\0001264755\000094937709000015\0000949377-09-000015.txt
2026-03-04 11:20:49 [INF] CIK 0001264755 | Cleaning + extracting sections
2026-03-04 11:20:49 [INF] CIK 0001264755 | Filing 1249/9706 for Year 2009 | Finished
2026-03-04 11:20:49 [INF] CIK 0001267238 | Filing 1250/9706 for Year 2009 | Starting
2026-03-04 11:20:49 [INF] CIK 0001267238 | Downloading filing HTML (cached if available)
2026-03-04 11:20:49 [INF] CIK 0001267238 | Reading HTML from C:\git\Edgar\Edgar\Data\raw\2009\0001267238\000119312509040498\0001193125-09-040498.txt
2026-03-04 11:20:49 [INF] CIK 0001267238 | Cleaning + extracting sections
2026-03-04 11:20:49 [INF] CIK 0001267238 | Filing 1250/9706 for Year 2009 | Finished
2026-03-04 11:20:49 [INF] CIK 0001273441 | Filing 1251/9706 for Year 2009 | Starting
2026-03-04 11:20:49 [INF] CIK 0001273441 | Downloading filing HTML (cached if available)
2026-03-04 11:20:50 [INF] CIK 0001273441 | Reading HTML from C:\git\Edgar\Edgar\Data\raw\2009\0001273441\000114420409011423\0001144204-09-011423.txt
2026-03-04 11:20:50 [INF] CIK 0001273441 | Cleaning + extracting sections
2026-03-04 11:20:50 [INF] CIK 0001273441 | Filing 1251/9706 for Year 2009 | Finished
2026-03-04 11:20:50 [INF] CIK 0001275229 | Filing 1252/9706 for Year 2009 | Starting
2026-03-04 11:20:50 [INF] CIK 0001275229 | Downloading filing HTML (cached if available)
2026-03-04 11:20:51 [INF] CIK 0001275229 | Reading HTML from C:\git\Edgar\Edgar\Data\raw\2009\0001275229\000110465909013125\0001104659-09-013125.txt
2026-03-04 11:20:51 [INF] CIK 0001275229 | Cleaning + extracting sections
2026-03-04 11:20:51 [INF] CIK 0001275229 | Filing 1252/9706 for Year 2009 | Finished
2026-03-04 11:20:51 [INF] CIK 0001278680 | Filing 1253/9706 for Year 2009 | Starting
2026-03-04 11:20:51 [INF] CIK 0001278680 | Missing permno mapping in CCM for Company ISHARES COMEX GOLD TRUST (0001278680).
2026-03-04 11:20:51 [INF] CIK 0001278680 | Missing Book-to-Market data for Company ISHARES COMEX GOLD TRUST (0001278680) in 2009.
2026-03-04 11:20:51 [INF] CIK 0001278680 | Skipping filing due to missing required data (CCM/CRSP/BTM).
2026-03-04 11:20:51 [INF] CIK 0001280452 | Filing 1254/9706 for Year 2009 | Starting
2026-03-04 11:20:51 [INF] CIK 0001280452 | Downloading filing HTML (cached if available)
2026-03-04 11:20:51 [INF] CIK 0001280452 | Reading HTML from C:\git\Edgar\Edgar\Data\raw\2009\0001280452\000119312509040534\0001193125-09-040534.txt
2026-03-04 11:20:51 [INF] CIK 0001280452 | Cleaning + extracting sections
2026-03-04 11:20:51 [INF] CIK 0001280452 | Filing 1254/9706 for Year 2009 | Finished
2026-03-04 11:20:51 [INF] CIK 0001289460 | Filing 1255/9706 for Year 2009 | Starting
2026-03-04 11:20:51 [INF] CIK 0001289460 | Downloading filing HTML (cached if available)
2026-03-04 11:20:52 [INF] CIK 0001289460 | Reading HTML from C:\git\Edgar\Edgar\Data\raw\2009\0001289460\000104746909002017\0001047469-09-002017.txt
2026-03-04 11:20:52 [INF] CIK 0001289460 | Cleaning + extracting sections
2026-03-04 11:20:52 [INF] CIK 0001289460 | Filing 1255/9706 for Year 2009 | Finished
2026-03-04 11:20:52 [INF] CIK 0001289490 | Filing 1256/9706 for Year 2009 | Starting
2026-03-04 11:20:52 [INF] CIK 0001289490 | Downloading filing HTML (cached if available)
2026-03-04 11:20:52 [INF] CIK 0001289490 | Reading HTML from C:\git\Edgar\Edgar\Data\raw\2009\0001289490\000104746909001926\0001047469-09-001926.txt
2026-03-04 11:20:53 [INF] CIK 0001289490 | Cleaning + extracting sections
2026-03-04 11:20:53 [INF] CIK 0001289490 | Filing 1256/9706 for Year 2009 | Finished
2026-03-04 11:20:53 [INF] CIK 0001289790 | Filing 1257/9706 for Year 2009 | Starting
2026-03-04 11:20:53 [INF] CIK 0001289790 | Missing permno mapping in CCM for Company Macquarie Infrastructure CO LLC (0001289790).
2026-03-04 11:20:53 [INF] CIK 0001289790 | Missing Book-to-Market data for Company Macquarie Infrastructure CO LLC (0001289790) in 2009.
2026-03-04 11:20:53 [INF] CIK 0001289790 | Skipping filing due to missing required data (CCM/CRSP/BTM).
2026-03-04 11:20:53 [INF] CIK 0001295172 | Filing 1258/9706 for Year 2009 | Starting
2026-03-04 11:20:53 [INF] CIK 0001295172 | Downloading filing HTML (cached if available)
2026-03-04 11:20:53 [INF] CIK 0001295172 | Reading HTML from C:\git\Edgar\Edgar\Data\raw\2009\0001295172\000104746909001976\0001047469-09-001976.txt
2026-03-04 11:20:53 [INF] CIK 0001295172 | Cleaning + extracting sections
2026-03-04 11:20:53 [INF] CIK 0001295172 | Filing 1258/9706 for Year 2009 | Finished
2026-03-04 11:20:53 [INF] CIK 0001297067 | Filing 1259/9706 for Year 2009 | Starting
2026-03-04 11:20:53 [INF] CIK 0001297067 | Downloading filing HTML (cached if available)
2026-03-04 11:20:54 [INF] CIK 0001297067 | Reading HTML from C:\git\Edgar\Edgar\Data\raw\2009\0001297067\000095012909000677\0000950129-09-000677.txt
2026-03-04 11:20:58 [INF] CIK 0001297067 | Cleaning + extracting sections
2026-03-04 11:20:58 [INF] CIK 0001297067 | Filing 1259/9706 for Year 2009 | Finished
2026-03-04 11:20:58 [INF] CIK 0001297720 | Filing 1260/9706 for Year 2009 | Starting
2026-03-04 11:20:58 [INF] CIK 0001297720 | Downloading filing HTML (cached if available)
2026-03-04 11:20:59 [INF] CIK 0001297720 | Reading HTML from C:\git\Edgar\Edgar\Data\raw\2009\0001297720\000101968709000681\0001019687-09-000681.txt
2026-03-04 11:20:59 [INF] CIK 0001297720 | Cleaning + extracting sections
2026-03-04 11:20:59 [INF] CIK 0001297720 | Filing 1260/9706 for Year 2009 | Finished
2026-03-04 11:20:59 [INF] CIK 0001298946 | Filing 1261/9706 for Year 2009 | Starting
2026-03-04 11:20:59 [INF] CIK 0001298946 | Downloading filing HTML (cached if available)
2026-03-04 11:20:59 [INF] CIK 0001298946 | Reading HTML from C:\git\Edgar\Edgar\Data\raw\2009\0001298946\000095013309000497\0000950133-09-000497.txt
2026-03-04 11:20:59 [INF] CIK 0001298946 | Cleaning + extracting sections
2026-03-04 11:20:59 [INF] CIK 0001298946 | Filing 1261/9706 for Year 2009 | Finished
2026-03-04 11:20:59 [INF] CIK 0001305168 | Filing 1262/9706 for Year 2009 | Starting
2026-03-04 11:20:59 [INF] CIK 0001305168 | Downloading filing HTML (cached if available)
2026-03-04 11:21:00 [INF] CIK 0001305168 | Reading HTML from C:\git\Edgar\Edgar\Data\raw\2009\0001305168\000136231009002961\0001362310-09-002961.txt
2026-03-04 11:21:00 [INF] CIK 0001305168 | Cleaning + extracting sections
2026-03-04 11:21:00 [INF] CIK 0001305168 | Filing 1262/9706 for Year 2009 | Finished
2026-03-04 11:21:00 [INF] CIK 0001309108 | Filing 1263/9706 for Year 2009 | Starting
2026-03-04 11:21:00 [INF] CIK 0001309108 | Downloading filing HTML (cached if available)
2026-03-04 11:21:00 [INF] CIK 0001309108 | Reading HTML from C:\git\Edgar\Edgar\Data\raw\2009\0001309108\000095013509001305\0000950135-09-001305.txt
2026-03-04 11:21:00 [INF] CIK 0001309108 | Cleaning + extracting sections
2026-03-04 11:21:00 [INF] CIK 0001309108 | Filing 1263/9706 for Year 2009 | Finished
2026-03-04 11:21:00 [INF] CIK 0001310243 | Filing 1264/9706 for Year 2009 | Starting
2026-03-04 11:21:00 [INF] CIK 0001310243 | Missing permno mapping in CCM for Company Alpha Natural Resources, Inc. (0001310243).
2026-03-04 11:21:00 [INF] CIK 0001310243 | Missing Book-to-Market data for Company Alpha Natural Resources, Inc. (0001310243) in 2009.
2026-03-04 11:21:00 [INF] CIK 0001310243 | Skipping filing due to missing required data (CCM/CRSP/BTM).
2026-03-04 11:21:00 [INF] CIK 0001318310 | Filing 1265/9706 for Year 2009 | Starting
2026-03-04 11:21:00 [INF] CIK 0001318310 | Downloading filing HTML (cached if available)
2026-03-04 11:21:00 [INF] CIK 0001318310 | Reading HTML from C:\git\Edgar\Edgar\Data\raw\2009\0001318310\000095015209001972\0000950152-09-001972.txt
2026-03-04 11:21:00 [INF] CIK 0001318310 | Cleaning + extracting sections
2026-03-04 11:21:01 [INF] CIK 0001318310 | Filing 1265/9706 for Year 2009 | Finished
2026-03-04 11:21:01 [INF] CIK 0001320934 | Filing 1266/9706 for Year 2009 | Starting
2026-03-04 11:21:01 [INF] CIK 0001320934 | Downloading filing HTML (cached if available)
2026-03-04 11:21:01 [INF] CIK 0001320934 | Reading HTML from C:\git\Edgar\Edgar\Data\raw\2009\0001320934\000132093409000006\0001320934-09-000006.txt
2026-03-04 11:21:01 [INF] CIK 0001320934 | Cleaning + extracting sections
2026-03-04 11:21:01 [INF] CIK 0001320934 | Filing 1266/9706 for Year 2009 | Finished
2026-03-04 11:21:01 [INF] CIK 0001323854 | Filing 1267/9706 for Year 2009 | Starting
2026-03-04 11:21:01 [INF] CIK 0001323854 | Downloading filing HTML (cached if available)
2026-03-04 11:21:02 [INF] CIK 0001323854 | Reading HTML from C:\git\Edgar\Edgar\Data\raw\2009\0001323854\000119312509040135\0001193125-09-040135.txt
2026-03-04 11:21:02 [INF] CIK 0001323854 | Cleaning + extracting sections
2026-03-04 11:21:02 [INF] CIK 0001323854 | Filing 1267/9706 for Year 2009 | Finished
2026-03-04 11:21:02 [INF] CIK 0001326160 | Filing 1268/9706 for Year 2009 | Starting
2026-03-04 11:21:02 [INF] CIK 0001326160 | Downloading filing HTML (cached if available)
2026-03-04 11:21:03 [INF] CIK 0001326160 | Reading HTML from C:\git\Edgar\Edgar\Data\raw\2009\0001326160\000119312509041096\0001193125-09-041096.txt
2026-03-04 11:21:03 [INF] CIK 0001326160 | Cleaning + extracting sections
2026-03-04 11:21:03 [INF] CIK 0001326160 | Filing 1268/9706 for Year 2009 | Finished
2026-03-04 11:21:03 [INF] CIK 0001326583 | Filing 1269/9706 for Year 2009 | Starting
2026-03-04 11:21:03 [INF] CIK 0001326583 | Downloading filing HTML (cached if available)
2026-03-04 11:21:03 [INF] CIK 0001326583 | Reading HTML from C:\git\Edgar\Edgar\Data\raw\2009\0001326583\000095014409001723\0000950144-09-001723.txt
2026-03-04 11:21:03 [INF] CIK 0001326583 | Cleaning + extracting sections
2026-03-04 11:21:03 [INF] CIK 0001326583 | Filing 1269/9706 for Year 2009 | Finished
2026-03-04 11:21:03 [INF] CIK 0001328571 | Filing 1270/9706 for Year 2009 | Starting
2026-03-04 11:21:03 [INF] CIK 0001328571 | Downloading filing HTML (cached if available)
2026-03-04 11:21:04 [INF] CIK 0001328571 | Reading HTML from C:\git\Edgar\Edgar\Data\raw\2009\0001328571\000119312509040938\0001193125-09-040938.txt
2026-03-04 11:21:04 [INF] CIK 0001328571 | Cleaning + extracting sections
2026-03-04 11:21:04 [INF] CIK 0001328571 | Filing 1270/9706 for Year 2009 | Finished
2026-03-04 11:21:04 [INF] CIK 0001330568 | Filing 1271/9706 for Year 2009 | Starting
2026-03-04 11:21:04 [INF] CIK 0001330568 | Missing permno mapping in CCM for Company iShares Silver Trust (0001330568).
2026-03-04 11:21:04 [INF] CIK 0001330568 | Missing Book-to-Market data for Company iShares Silver Trust (0001330568) in 2009.
2026-03-04 11:21:04 [INF] CIK 0001330568 | Skipping filing due to missing required data (CCM/CRSP/BTM).
2026-03-04 11:21:04 [INF] CIK 0001331301 | Filing 1272/9706 for Year 2009 | Starting
2026-03-04 11:21:04 [INF] CIK 0001331301 | Downloading filing HTML (cached if available)
2026-03-04 11:21:05 [INF] CIK 0001331301 | Reading HTML from C:\git\Edgar\Edgar\Data\raw\2009\0001331301\000114420409011294\0001144204-09-011294.txt
2026-03-04 11:21:05 [INF] CIK 0001331301 | Cleaning + extracting sections
2026-03-04 11:21:05 [INF] CIK 0001331301 | Filing 1272/9706 for Year 2009 | Finished
2026-03-04 11:21:05 [INF] CIK 0001332174 | Filing 1273/9706 for Year 2009 | Starting
2026-03-04 11:21:05 [INF] CIK 0001332174 | Missing permno mapping in CCM for Company iShares S&P GSCI Commodity-Indexed Trust (0001332174).
2026-03-04 11:21:05 [INF] CIK 0001332174 | Missing Book-to-Market data for Company iShares S&P GSCI Commodity-Indexed Trust (0001332174) in 2009.
2026-03-04 11:21:05 [INF] CIK 0001332174 | Skipping filing due to missing required data (CCM/CRSP/BTM).
2026-03-04 11:21:05 [INF] CIK 0001332815 | Filing 1274/9706 for Year 2009 | Starting
2026-03-04 11:21:05 [INF] CIK 0001332815 | Missing permno mapping in CCM for Company RESIDENTIAL CAPITAL, LLC (0001332815).
2026-03-04 11:21:05 [INF] CIK 0001332815 | Missing Book-to-Market data for Company RESIDENTIAL CAPITAL, LLC (0001332815) in 2009.
2026-03-04 11:21:05 [INF] CIK 0001332815 | Skipping filing due to missing required data (CCM/CRSP/BTM).
2026-03-04 11:21:05 [INF] CIK 0001334478 | Filing 1275/9706 for Year 2009 | Starting
2026-03-04 11:21:05 [INF] CIK 0001334478 | Downloading filing HTML (cached if available)
2026-03-04 11:21:05 [INF] CIK 0001334478 | Reading HTML from C:\git\Edgar\Edgar\Data\raw\2009\0001334478\000119312509039939\0001193125-09-039939.txt
2026-03-04 11:21:05 [INF] CIK 0001334478 | Cleaning + extracting sections
2026-03-04 11:21:05 [INF] CIK 0001334478 | Filing 1275/9706 for Year 2009 | Finished
2026-03-04 11:21:05 [INF] CIK 0001340041 | Filing 1276/9706 for Year 2009 | Starting
2026-03-04 11:21:05 [INF] CIK 0001340041 | Downloading filing HTML (cached if available)
2026-03-04 11:21:05 [INF] CIK 0001340041 | Reading HTML from C:\git\Edgar\Edgar\Data\raw\2009\0001340041\000095012909000675\0000950129-09-000675.txt
2026-03-04 11:21:05 [INF] CIK 0001340041 | Cleaning + extracting sections
2026-03-04 11:21:06 [INF] CIK 0001340041 | Filing 1276/9706 for Year 2009 | Finished
2026-03-04 11:21:06 [INF] CIK 0001346616 | Filing 1277/9706 for Year 2009 | Starting
2026-03-04 11:21:06 [INF] CIK 0001346616 | Missing permno mapping in CCM for Company iShares S&P GSCI Commodity-Indexed Investing Pool LLC (0001346616).
2026-03-04 11:21:06 [INF] CIK 0001346616 | Missing Book-to-Market data for Company iShares S&P GSCI Commodity-Indexed Investing Pool LLC (0001346616) in 2009.
2026-03-04 11:21:06 [INF] CIK 0001346616 | Skipping filing due to missing required data (CCM/CRSP/BTM).
2026-03-04 11:21:06 [INF] CIK 0001348259 | Filing 1278/9706 for Year 2009 | Starting
2026-03-04 11:21:06 [INF] CIK 0001348259 | Downloading filing HTML (cached if available)
2026-03-04 11:21:06 [INF] CIK 0001348259 | Reading HTML from C:\git\Edgar\Edgar\Data\raw\2009\0001348259\000095012309003667\0000950123-09-003667.txt
2026-03-04 11:21:06 [INF] CIK 0001348259 | Cleaning + extracting sections
2026-03-04 11:21:06 [INF] CIK 0001348259 | Filing 1278/9706 for Year 2009 | Finished
2026-03-04 11:21:06 [INF] CIK 0001350073 | Filing 1279/9706 for Year 2009 | Starting
2026-03-04 11:21:06 [INF] CIK 0001350073 | Missing permno mapping in CCM for Company Paw Spa, Inc. (0001350073).
2026-03-04 11:21:06 [INF] CIK 0001350073 | Missing Book-to-Market data for Company Paw Spa, Inc. (0001350073) in 2009.
2026-03-04 11:21:06 [INF] CIK 0001350073 | Skipping filing due to missing required data (CCM/CRSP/BTM).
2026-03-04 11:21:06 [INF] CIK 0001352482 | Filing 1280/9706 for Year 2009 | Starting
2026-03-04 11:21:06 [INF] CIK 0001352482 | Missing permno mapping in CCM for Company Super Luck, Inc. (0001352482).
2026-03-04 11:21:06 [INF] CIK 0001352482 | Missing Book-to-Market data for Company Super Luck, Inc. (0001352482) in 2009.
2026-03-04 11:21:06 [INF] CIK 0001352482 | Skipping filing due to missing required data (CCM/CRSP/BTM).
2026-03-04 11:21:06 [INF] CIK 0001353209 | Filing 1281/9706 for Year 2009 | Starting
2026-03-04 11:21:06 [INF] CIK 0001353209 | Downloading filing HTML (cached if available)
2026-03-04 11:21:06 [INF] CIK 0001353209 | Reading HTML from C:\git\Edgar\Edgar\Data\raw\2009\0001353209\000095013409004042\0000950134-09-004042.txt
2026-03-04 11:21:06 [INF] CIK 0001353209 | Cleaning + extracting sections
2026-03-04 11:21:06 [INF] CIK 0001353209 | Filing 1281/9706 for Year 2009 | Finished
2026-03-04 11:21:06 [INF] CIK 0001354752 | Filing 1282/9706 for Year 2009 | Starting
2026-03-04 11:21:06 [INF] CIK 0001354752 | Missing permno mapping in CCM for Company HARLAND CLARKE HOLDINGS CORP (0001354752).
2026-03-04 11:21:06 [INF] CIK 0001354752 | Missing Book-to-Market data for Company HARLAND CLARKE HOLDINGS CORP (0001354752) in 2009.
2026-03-04 11:21:06 [INF] CIK 0001354752 | Skipping filing due to missing required data (CCM/CRSP/BTM).
2026-03-04 11:21:06 [INF] CIK 0001354866 | Filing 1283/9706 for Year 2009 | Starting
2026-03-04 11:21:06 [INF] CIK 0001354866 | Missing CRSP trading days for Company Security Devices International Inc. (0001354866) in 2009.
2026-03-04 11:21:06 [INF] CIK 0001354866 | Missing Book-to-Market data for Company Security Devices International Inc. (0001354866) in 2009.
2026-03-04 11:21:06 [INF] CIK 0001354866 | Skipping filing due to missing required data (CCM/CRSP/BTM).
2026-03-04 11:21:06 [INF] CIK 0001355096 | Filing 1284/9706 for Year 2009 | Starting
2026-03-04 11:21:06 [INF] CIK 0001355096 | Downloading filing HTML (cached if available)
2026-03-04 11:21:07 [INF] CIK 0001355096 | Reading HTML from C:\git\Edgar\Edgar\Data\raw\2009\0001355096\000104746909001913\0001047469-09-001913.txt
2026-03-04 11:21:07 [INF] CIK 0001355096 | Cleaning + extracting sections
2026-03-04 11:21:07 [INF] CIK 0001355096 | Filing 1284/9706 for Year 2009 | Finished
2026-03-04 11:21:07 [INF] CIK 0001357525 | Filing 1285/9706 for Year 2009 | Starting
2026-03-04 11:21:07 [INF] CIK 0001357525 | Missing permno mapping in CCM for Company Omniture, Inc. (0001357525).
2026-03-04 11:21:07 [INF] CIK 0001357525 | Missing Book-to-Market data for Company Omniture, Inc. (0001357525) in 2009.
2026-03-04 11:21:07 [INF] CIK 0001357525 | Skipping filing due to missing required data (CCM/CRSP/BTM).
2026-03-04 11:21:07 [INF] CIK 0001358071 | Filing 1286/9706 for Year 2009 | Starting
2026-03-04 11:21:07 [INF] CIK 0001358071 | Downloading filing HTML (cached if available)
2026-03-04 11:21:07 [INF] CIK 0001358071 | Reading HTML from C:\git\Edgar\Edgar\Data\raw\2009\0001358071\000095013409004052\0000950134-09-004052.txt
2026-03-04 11:21:07 [INF] CIK 0001358071 | Cleaning + extracting sections
2026-03-04 11:21:08 [INF] CIK 0001358071 | Filing 1286/9706 for Year 2009 | Finished
2026-03-04 11:21:08 [INF] CIK 0001361394 | Filing 1287/9706 for Year 2009 | Starting
2026-03-04 11:21:08 [INF] CIK 0001361394 | Missing permno mapping in CCM for Company Affinion Group, Inc. (0001361394).
2026-03-04 11:21:08 [INF] CIK 0001361394 | Missing Book-to-Market data for Company Affinion Group, Inc. (0001361394) in 2009.
2026-03-04 11:21:08 [INF] CIK 0001361394 | Skipping filing due to missing required data (CCM/CRSP/BTM).
2026-03-04 11:21:08 [INF] CIK 0001361658 | Filing 1288/9706 for Year 2009 | Starting
2026-03-04 11:21:08 [INF] CIK 0001361658 | Downloading filing HTML (cached if available)
2026-03-04 11:21:08 [INF] CIK 0001361658 | Reading HTML from C:\git\Edgar\Edgar\Data\raw\2009\0001361658\000095012309003581\0000950123-09-003581.txt
2026-03-04 11:21:08 [INF] CIK 0001361658 | Cleaning + extracting sections
2026-03-04 11:21:08 [INF] CIK 0001361658 | Filing 1288/9706 for Year 2009 | Finished
2026-03-04 11:21:08 [INF] CIK 0001362614 | Filing 1289/9706 for Year 2009 | Starting
2026-03-04 11:21:08 [INF] CIK 0001362614 | Missing permno mapping in CCM for Company Barzel Industries Inc. (0001362614).
2026-03-04 11:21:08 [INF] CIK 0001362614 | Missing Book-to-Market data for Company Barzel Industries Inc. (0001362614) in 2009.
2026-03-04 11:21:08 [INF] CIK 0001362614 | Skipping filing due to missing required data (CCM/CRSP/BTM).
2026-03-04 11:21:08 [INF] CIK 0001362705 | Filing 1290/9706 for Year 2009 | Starting
2026-03-04 11:21:08 [INF] CIK 0001362705 | Downloading filing HTML (cached if available)
2026-03-04 11:21:08 [INF] CIK 0001362705 | Reading HTML from C:\git\Edgar\Edgar\Data\raw\2009\0001362705\000119312509041241\0001193125-09-041241.txt
2026-03-04 11:21:08 [INF] CIK 0001362705 | Cleaning + extracting sections
2026-03-04 11:21:08 [INF] CIK 0001362705 | Filing 1290/9706 for Year 2009 | Finished
2026-03-04 11:21:08 [INF] CIK 0001366292 | Filing 1291/9706 for Year 2009 | Starting
2026-03-04 11:21:08 [INF] CIK 0001366292 | Missing permno mapping in CCM for Company Penn Virginia GP Holdings, L.P. (0001366292).
2026-03-04 11:21:08 [INF] CIK 0001366292 | Missing Book-to-Market data for Company Penn Virginia GP Holdings, L.P. (0001366292) in 2009.
2026-03-04 11:21:08 [INF] CIK 0001366292 | Skipping filing due to missing required data (CCM/CRSP/BTM).
2026-03-04 11:21:08 [INF] CIK 0001368007 | Filing 1292/9706 for Year 2009 | Starting
2026-03-04 11:21:08 [INF] CIK 0001368007 | Downloading filing HTML (cached if available)
2026-03-04 11:21:09 [INF] CIK 0001368007 | Reading HTML from C:\git\Edgar\Edgar\Data\raw\2009\0001368007\000119312509041093\0001193125-09-041093.txt
2026-03-04 11:21:09 [INF] CIK 0001368007 | Cleaning + extracting sections
2026-03-04 11:21:09 [INF] CIK 0001368007 | Filing 1292/9706 for Year 2009 | Finished
2026-03-04 11:21:09 [INF] CIK 0001368290 | Filing 1293/9706 for Year 2009 | Starting
2026-03-04 11:21:09 [INF] CIK 0001368290 | Missing permno mapping in CCM for Company Freedom 7, Inc. (0001368290).
2026-03-04 11:21:09 [INF] CIK 0001368290 | Missing Book-to-Market data for Company Freedom 7, Inc. (0001368290) in 2009.
2026-03-04 11:21:09 [INF] CIK 0001368290 | Skipping filing due to missing required data (CCM/CRSP/BTM).
2026-03-04 11:21:09 [INF] CIK 0001368291 | Filing 1294/9706 for Year 2009 | Starting
2026-03-04 11:21:09 [INF] CIK 0001368291 | Missing permno mapping in CCM for Company Freedom 6, Inc. (0001368291).
2026-03-04 11:21:09 [INF] CIK 0001368291 | Missing Book-to-Market data for Company Freedom 6, Inc. (0001368291) in 2009.
2026-03-04 11:21:09 [INF] CIK 0001368291 | Skipping filing due to missing required data (CCM/CRSP/BTM).
2026-03-04 11:21:09 [INF] CIK 0001368292 | Filing 1295/9706 for Year 2009 | Starting
2026-03-04 11:21:09 [INF] CIK 0001368292 | Missing permno mapping in CCM for Company Freedom 5, Inc. (0001368292).
2026-03-04 11:21:09 [INF] CIK 0001368292 | Missing Book-to-Market data for Company Freedom 5, Inc. (0001368292) in 2009.
2026-03-04 11:21:09 [INF] CIK 0001368292 | Skipping filing due to missing required data (CCM/CRSP/BTM).
2026-03-04 11:21:09 [INF] CIK 0001368293 | Filing 1296/9706 for Year 2009 | Starting
2026-03-04 11:21:09 [INF] CIK 0001368293 | Missing permno mapping in CCM for Company Freedom 4, Inc. (0001368293).
2026-03-04 11:21:09 [INF] CIK 0001368293 | Missing Book-to-Market data for Company Freedom 4, Inc. (0001368293) in 2009.
2026-03-04 11:21:09 [INF] CIK 0001368293 | Skipping filing due to missing required data (CCM/CRSP/BTM).
2026-03-04 11:21:09 [INF] CIK 0001368295 | Filing 1297/9706 for Year 2009 | Starting
2026-03-04 11:21:09 [INF] CIK 0001368295 | Missing permno mapping in CCM for Company FOR THE CHILDREN, INC. (0001368295).
2026-03-04 11:21:09 [INF] CIK 0001368295 | Missing Book-to-Market data for Company FOR THE CHILDREN, INC. (0001368295) in 2009.
2026-03-04 11:21:09 [INF] CIK 0001368295 | Skipping filing due to missing required data (CCM/CRSP/BTM).
2026-03-04 11:21:09 [INF] CIK 0001369817 | Filing 1298/9706 for Year 2009 | Starting
2026-03-04 11:21:09 [INF] CIK 0001369817 | Downloading filing HTML (cached if available)
2026-03-04 11:21:09 [INF] CIK 0001369817 | Reading HTML from C:\git\Edgar\Edgar\Data\raw\2009\0001369817\000104746909001980\0001047469-09-001980.txt
2026-03-04 11:21:10 [INF] CIK 0001369817 | Cleaning + extracting sections
2026-03-04 11:21:10 [INF] CIK 0001369817 | Filing 1298/9706 for Year 2009 | Finished
2026-03-04 11:21:10 [INF] CIK 0001373641 | Filing 1299/9706 for Year 2009 | Starting
2026-03-04 11:21:10 [INF] CIK 0001373641 | Missing permno mapping in CCM for Company Highland Distressed Opportunities, Inc. (0001373641).
2026-03-04 11:21:10 [INF] CIK 0001373641 | Missing Book-to-Market data for Company Highland Distressed Opportunities, Inc. (0001373641) in 2009.
2026-03-04 11:21:10 [INF] CIK 0001373641 | Skipping filing due to missing required data (CCM/CRSP/BTM).
2026-03-04 11:21:10 [INF] CIK 0001373835 | Filing 1300/9706 for Year 2009 | Starting
2026-03-04 11:21:10 [INF] CIK 0001373835 | Downloading filing HTML (cached if available)
2026-03-04 11:21:10 [INF] CIK 0001373835 | Reading HTML from C:\git\Edgar\Edgar\Data\raw\2009\0001373835\000119312509040605\0001193125-09-040605.txt
2026-03-04 11:21:10 [INF] CIK 0001373835 | Cleaning + extracting sections
2026-03-04 11:21:10 [INF] CIK 0001373835 | Filing 1300/9706 for Year 2009 | Finished
2026-03-04 11:21:10 [INF] CIK 0001379661 | Filing 1301/9706 for Year 2009 | Starting
2026-03-04 11:21:10 [INF] CIK 0001379661 | Downloading filing HTML (cached if available)
2026-03-04 11:21:10 [INF] CIK 0001379661 | Reading HTML from C:\git\Edgar\Edgar\Data\raw\2009\0001379661\000137966109000005\0001379661-09-000005.txt
2026-03-04 11:21:11 [INF] CIK 0001379661 | Cleaning + extracting sections
2026-03-04 11:21:11 [INF] CIK 0001379661 | Filing 1301/9706 for Year 2009 | Finished
2026-03-04 11:21:11 [INF] CIK 0001379714 | Filing 1302/9706 for Year 2009 | Starting
2026-03-04 11:21:11 [INF] CIK 0001379714 | Missing permno mapping in CCM for Company Sabine Pass LNG, L.P. (0001379714).
2026-03-04 11:21:11 [INF] CIK 0001379714 | Missing Book-to-Market data for Company Sabine Pass LNG, L.P. (0001379714) in 2009.
2026-03-04 11:21:11 [INF] CIK 0001379714 | Skipping filing due to missing required data (CCM/CRSP/BTM).
2026-03-04 11:21:11 [INF] CIK 0001381117 | Filing 1303/9706 for Year 2009 | Starting
2026-03-04 11:21:11 [INF] CIK 0001381117 | Missing permno mapping in CCM for Company GSC Acquisition Co (0001381117).
2026-03-04 11:21:11 [INF] CIK 0001381117 | Missing Book-to-Market data for Company GSC Acquisition Co (0001381117) in 2009.
2026-03-04 11:21:11 [INF] CIK 0001381117 | Skipping filing due to missing required data (CCM/CRSP/BTM).
2026-03-04 11:21:11 [INF] CIK 0001381531 | Filing 1304/9706 for Year 2009 | Starting
2026-03-04 11:21:11 [INF] CIK 0001381531 | Downloading filing HTML (cached if available)
2026-03-04 11:21:11 [INF] CIK 0001381531 | Reading HTML from C:\git\Edgar\Edgar\Data\raw\2009\0001381531\000119312509040786\0001193125-09-040786.txt
2026-03-04 11:21:11 [INF] CIK 0001381531 | Cleaning + extracting sections
2026-03-04 11:21:11 [INF] CIK 0001381531 | Filing 1304/9706 for Year 2009 | Finished
2026-03-04 11:21:11 [INF] CIK 0001383650 | Filing 1305/9706 for Year 2009 | Starting
2026-03-04 11:21:11 [INF] CIK 0001383650 | Downloading filing HTML (cached if available)
2026-03-04 11:21:11 [INF] CIK 0001383650 | Reading HTML from C:\git\Edgar\Edgar\Data\raw\2009\0001383650\000119312509040204\0001193125-09-040204.txt
2026-03-04 11:21:11 [INF] CIK 0001383650 | Cleaning + extracting sections
2026-03-04 11:21:11 [INF] CIK 0001383650 | Filing 1305/9706 for Year 2009 | Finished
2026-03-04 11:21:11 [INF] CIK 0001388488 | Filing 1306/9706 for Year 2009 | Starting
2026-03-04 11:21:11 [INF] CIK 0001388488 | Missing permno mapping in CCM for Company Michael Lambert, Inc. (0001388488).
2026-03-04 11:21:11 [INF] CIK 0001388488 | Missing Book-to-Market data for Company Michael Lambert, Inc. (0001388488) in 2009.
2026-03-04 11:21:11 [INF] CIK 0001388488 | Skipping filing due to missing required data (CCM/CRSP/BTM).
2026-03-04 11:21:11 [INF] CIK 0001389168 | Filing 1307/9706 for Year 2009 | Starting
2026-03-04 11:21:11 [INF] CIK 0001389168 | Missing permno mapping in CCM for Company Targa Resources, Inc. (0001389168).
2026-03-04 11:21:11 [INF] CIK 0001389168 | Missing Book-to-Market data for Company Targa Resources, Inc. (0001389168) in 2009.
2026-03-04 11:21:11 [INF] CIK 0001389168 | Skipping filing due to missing required data (CCM/CRSP/BTM).
2026-03-04 11:21:11 [INF] CIK 0001390777 | Filing 1308/9706 for Year 2009 | Starting
2026-03-04 11:21:11 [INF] CIK 0001390777 | Downloading filing HTML (cached if available)
2026-03-04 11:21:12 [INF] CIK 0001390777 | Reading HTML from C:\git\Edgar\Edgar\Data\raw\2009\0001390777\000119312509041050\0001193125-09-041050.txt
2026-03-04 11:21:12 [INF] CIK 0001390777 | Cleaning + extracting sections
2026-03-04 11:21:12 [INF] CIK 0001390777 | Filing 1308/9706 for Year 2009 | Finished
2026-03-04 11:21:12 [INF] CIK 0001391672 | Filing 1309/9706 for Year 2009 | Starting
2026-03-04 11:21:12 [INF] CIK 0001391672 | Missing permno mapping in CCM for Company Starent Networks, Corp. (0001391672).
2026-03-04 11:21:12 [INF] CIK 0001391672 | Missing Book-to-Market data for Company Starent Networks, Corp. (0001391672) in 2009.
2026-03-04 11:21:12 [INF] CIK 0001391672 | Skipping filing due to missing required data (CCM/CRSP/BTM).
2026-03-04 11:21:12 [INF] CIK 0001393744 | Filing 1310/9706 for Year 2009 | Starting
2026-03-04 11:21:12 [INF] CIK 0001393744 | Downloading filing HTML (cached if available)
2026-03-04 11:21:12 [INF] CIK 0001393744 | Reading HTML from C:\git\Edgar\Edgar\Data\raw\2009\0001393744\000104746909001992\0001047469-09-001992.txt
2026-03-04 11:21:12 [INF] CIK 0001393744 | Cleaning + extracting sections
2026-03-04 11:21:13 [INF] CIK 0001393744 | Filing 1310/9706 for Year 2009 | Finished
2026-03-04 11:21:13 [INF] CIK 0001402281 | Filing 1311/9706 for Year 2009 | Starting
2026-03-04 11:21:13 [INF] CIK 0001402281 | Missing Book-to-Market data for Company Pacific Asia Petroleum Inc (0001402281) in 2009.
2026-03-04 11:21:13 [INF] CIK 0001402281 | Skipping filing due to missing required data (CCM/CRSP/BTM).
2026-03-04 11:21:13 [INF] CIK 0001402305 | Filing 1312/9706 for Year 2009 | Starting
2026-03-04 11:21:13 [INF] CIK 0001402305 | Downloading filing HTML (cached if available)
2026-03-04 11:21:13 [INF] CIK 0001402305 | Reading HTML from C:\git\Edgar\Edgar\Data\raw\2009\0001402305\000089161809000059\0000891618-09-000059.txt
2026-03-04 11:21:13 [INF] CIK 0001402305 | Cleaning + extracting sections
2026-03-04 11:21:13 [INF] CIK 0001402305 | Filing 1312/9706 for Year 2009 | Finished
2026-03-04 11:21:13 [INF] CIK 0001407343 | Filing 1313/9706 for Year 2009 | Starting
2026-03-04 11:21:13 [INF] CIK 0001407343 | Missing permno mapping in CCM for Company RIVER EXPLORATION, INC. (0001407343).
2026-03-04 11:21:13 [INF] CIK 0001407343 | Missing Book-to-Market data for Company RIVER EXPLORATION, INC. (0001407343) in 2009.
2026-03-04 11:21:13 [INF] CIK 0001407343 | Skipping filing due to missing required data (CCM/CRSP/BTM).
2026-03-04 11:21:13 [INF] CIK 0001407739 | Filing 1314/9706 for Year 2009 | Starting
2026-03-04 11:21:13 [INF] CIK 0001407739 | Downloading filing HTML (cached if available)
2026-03-04 11:21:13 [INF] CIK 0001407739 | Reading HTML from C:\git\Edgar\Edgar\Data\raw\2009\0001407739\000119312509039918\0001193125-09-039918.txt
2026-03-04 11:21:13 [INF] CIK 0001407739 | Cleaning + extracting sections
2026-03-04 11:21:13 [INF] CIK 0001407739 | Filing 1314/9706 for Year 2009 | Finished
2026-03-04 11:21:13 [INF] CIK 0001410636 | Filing 1315/9706 for Year 2009 | Starting
2026-03-04 11:21:13 [INF] CIK 0001410636 | Downloading filing HTML (cached if available)
2026-03-04 11:21:14 [INF] CIK 0001410636 | Reading HTML from C:\git\Edgar\Edgar\Data\raw\2009\0001410636\000119312509040650\0001193125-09-040650.txt
2026-03-04 11:21:14 [INF] CIK 0001410636 | Cleaning + extracting sections
2026-03-04 11:21:14 [INF] CIK 0001410636 | Filing 1315/9706 for Year 2009 | Finished
2026-03-04 11:21:14 [INF] CIK 0001411583 | Filing 1316/9706 for Year 2009 | Starting
2026-03-04 11:21:14 [INF] CIK 0001411583 | Downloading filing HTML (cached if available)
2026-03-04 11:21:14 [INF] CIK 0001411583 | Reading HTML from C:\git\Edgar\Edgar\Data\raw\2009\0001411583\000095013409003905\0000950134-09-003905.txt
2026-03-04 11:21:14 [INF] CIK 0001411583 | Cleaning + extracting sections
2026-03-04 11:21:14 [INF] CIK 0001411583 | Filing 1316/9706 for Year 2009 | Finished
2026-03-04 11:21:14 [INF] CIK 0001413609 | Filing 1317/9706 for Year 2009 | Starting
2026-03-04 11:21:14 [INF] CIK 0001413609 | Missing permno mapping in CCM for Company Atlas Acquisition Holdings Corp. (0001413609).
2026-03-04 11:21:14 [INF] CIK 0001413609 | Missing Book-to-Market data for Company Atlas Acquisition Holdings Corp. (0001413609) in 2009.
2026-03-04 11:21:14 [INF] CIK 0001413609 | Skipping filing due to missing required data (CCM/CRSP/BTM).
2026-03-04 11:21:14 [INF] CIK 0001419919 | Filing 1318/9706 for Year 2009 | Starting
2026-03-04 11:21:14 [INF] CIK 0001419919 | Missing permno mapping in CCM for Company VISION ACQUISITION IV INC (0001419919).
2026-03-04 11:21:14 [INF] CIK 0001419919 | Missing Book-to-Market data for Company VISION ACQUISITION IV INC (0001419919) in 2009.
2026-03-04 11:21:14 [INF] CIK 0001419919 | Skipping filing due to missing required data (CCM/CRSP/BTM).
2026-03-04 11:21:14 [INF] CIK 0001419920 | Filing 1319/9706 for Year 2009 | Starting
2026-03-04 11:21:14 [INF] CIK 0001419920 | Missing permno mapping in CCM for Company VISION ACQUISITION V INC (0001419920).
2026-03-04 11:21:14 [INF] CIK 0001419920 | Missing Book-to-Market data for Company VISION ACQUISITION V INC (0001419920) in 2009.
2026-03-04 11:21:14 [INF] CIK 0001419920 | Skipping filing due to missing required data (CCM/CRSP/BTM).
2026-03-04 11:21:14 [INF] CIK 0001419922 | Filing 1320/9706 for Year 2009 | Starting
2026-03-04 11:21:14 [INF] CIK 0001419922 | Missing permno mapping in CCM for Company VISION ACQUISITION VI INC (0001419922).
2026-03-04 11:21:14 [INF] CIK 0001419922 | Missing Book-to-Market data for Company VISION ACQUISITION VI INC (0001419922) in 2009.
2026-03-04 11:21:14 [INF] CIK 0001419922 | Skipping filing due to missing required data (CCM/CRSP/BTM).
2026-03-04 11:21:14 [INF] CIK 0001423041 | Filing 1321/9706 for Year 2009 | Starting
2026-03-04 11:21:14 [INF] CIK 0001423041 | Missing permno mapping in CCM for Company Victory Park Acquisition Corp. I (0001423041).
2026-03-04 11:21:14 [INF] CIK 0001423041 | Missing Book-to-Market data for Company Victory Park Acquisition Corp. I (0001423041) in 2009.
2026-03-04 11:21:14 [INF] CIK 0001423041 | Skipping filing due to missing required data (CCM/CRSP/BTM).
2026-03-04 11:21:14 [INF] CIK 0001423325 | Filing 1322/9706 for Year 2009 | Starting
2026-03-04 11:21:14 [INF] CIK 0001423325 | Missing permno mapping in CCM for Company Incoming,Inc. (0001423325).
2026-03-04 11:21:14 [INF] CIK 0001423325 | Missing Book-to-Market data for Company Incoming,Inc. (0001423325) in 2009.
2026-03-04 11:21:14 [INF] CIK 0001423325 | Skipping filing due to missing required data (CCM/CRSP/BTM).
2026-03-04 11:21:14 [INF] CIK 0001434621 | Filing 1323/9706 for Year 2009 | Starting
2026-03-04 11:21:14 [INF] CIK 0001434621 | Downloading filing HTML (cached if available)
2026-03-04 11:21:15 [INF] CIK 0001434621 | Reading HTML from C:\git\Edgar\Edgar\Data\raw\2009\0001434621\000104746909001994\0001047469-09-001994.txt
2026-03-04 11:21:15 [INF] CIK 0001434621 | Cleaning + extracting sections
2026-03-04 11:21:15 [INF] CIK 0001434621 | Filing 1323/9706 for Year 2009 | Finished
2026-03-04 11:21:15 [INF] CIK 0001438231 | Filing 1324/9706 for Year 2009 | Starting
2026-03-04 11:21:15 [INF] CIK 0001438231 | Downloading filing HTML (cached if available)
2026-03-04 11:21:15 [INF] CIK 0001438231 | Reading HTML from C:\git\Edgar\Edgar\Data\raw\2009\0001438231\000104746909001962\0001047469-09-001962.txt
2026-03-04 11:21:15 [INF] CIK 0001438231 | Cleaning + extracting sections
2026-03-04 11:21:15 [INF] CIK 0001438231 | Filing 1324/9706 for Year 2009 | Finished
2026-03-04 11:21:15 [INF] CIK 0000018926 | Filing 1325/9706 for Year 2009 | Starting
2026-03-04 11:21:15 [INF] CIK 0000018926 | Downloading filing HTML (cached if available)
2026-03-04 11:21:16 [INF] CIK 0000018926 | Reading HTML from C:\git\Edgar\Edgar\Data\raw\2009\0000018926\000001892609000008\0000018926-09-000008.txt
2026-03-04 11:21:16 [INF] CIK 0000018926 | Cleaning + extracting sections
2026-03-04 11:21:16 [INF] CIK 0000018926 | Filing 1325/9706 for Year 2009 | Finished
2026-03-04 11:21:16 [INF] CIK 0000019411 | Filing 1326/9706 for Year 2009 | Starting
2026-03-04 11:21:16 [INF] CIK 0000019411 | Downloading filing HTML (cached if available)
2026-03-04 11:21:16 [INF] CIK 0000019411 | Reading HTML from C:\git\Edgar\Edgar\Data\raw\2009\0000019411\000104746909001965\0001047469-09-001965.txt
2026-03-04 11:21:16 [INF] CIK 0000019411 | Cleaning + extracting sections
2026-03-04 11:21:16 [INF] CIK 0000019411 | Filing 1326/9706 for Year 2009 | Finished
2026-03-04 11:21:16 [INF] CIK 0000019584 | Filing 1327/9706 for Year 2009 | Starting
2026-03-04 11:21:16 [INF] CIK 0000019584 | Downloading filing HTML (cached if available)
2026-03-04 11:21:17 [INF] CIK 0000019584 | Reading HTML from C:\git\Edgar\Edgar\Data\raw\2009\0000019584\000095015209001893\0000950152-09-001893.txt
2026-03-04 11:21:17 [INF] CIK 0000019584 | Cleaning + extracting sections
2026-03-04 11:21:17 [INF] CIK 0000019584 | Filing 1327/9706 for Year 2009 | Finished
2026-03-04 11:21:17 [INF] CIK 0000019612 | Filing 1328/9706 for Year 2009 | Starting
2026-03-04 11:21:17 [INF] CIK 0000019612 | Downloading filing HTML (cached if available)
2026-03-04 11:21:17 [INF] CIK 0000019612 | Reading HTML from C:\git\Edgar\Edgar\Data\raw\2009\0000019612\000090572909000048\0000905729-09-000048.txt
2026-03-04 11:21:17 [INF] CIK 0000019612 | Cleaning + extracting sections
2026-03-04 11:21:17 [INF] CIK 0000019612 | Filing 1328/9706 for Year 2009 | Finished
2026-03-04 11:21:17 [INF] CIK 0000020286 | Filing 1329/9706 for Year 2009 | Starting
2026-03-04 11:21:17 [INF] CIK 0000020286 | Downloading filing HTML (cached if available)
2026-03-04 11:21:17 [INF] CIK 0000020286 | Reading HTML from C:\git\Edgar\Edgar\Data\raw\2009\0000020286\000095015209001908\0000950152-09-001908.txt
2026-03-04 11:21:17 [INF] CIK 0000020286 | Cleaning + extracting sections
2026-03-04 11:21:17 [INF] CIK 0000020286 | Filing 1329/9706 for Year 2009 | Finished
2026-03-04 11:21:17 [INF] CIK 0000203077 | Filing 1330/9706 for Year 2009 | Starting
2026-03-04 11:21:17 [INF] CIK 0000203077 | Downloading filing HTML (cached if available)
2026-03-04 11:21:18 [INF] CIK 0000203077 | Reading HTML from C:\git\Edgar\Edgar\Data\raw\2009\0000203077\000089710109000381\0000897101-09-000381.txt
2026-03-04 11:21:18 [INF] CIK 0000203077 | Cleaning + extracting sections
2026-03-04 11:21:18 [INF] CIK 0000203077 | Filing 1330/9706 for Year 2009 | Finished
2026-03-04 11:21:18 [INF] CIK 0000020520 | Filing 1331/9706 for Year 2009 | Starting
2026-03-04 11:21:18 [INF] CIK 0000020520 | Downloading filing HTML (cached if available)
2026-03-04 11:21:18 [INF] CIK 0000020520 | Reading HTML from C:\git\Edgar\Edgar\Data\raw\2009\0000020520\000002052009000009\0000020520-09-000009.txt
2026-03-04 11:21:18 [INF] CIK 0000020520 | Cleaning + extracting sections
2026-03-04 11:21:18 [INF] CIK 0000020520 | Filing 1331/9706 for Year 2009 | Finished
2026-03-04 11:21:18 [INF] CIK 0000021665 | Filing 1332/9706 for Year 2009 | Starting
2026-03-04 11:21:18 [INF] CIK 0000021665 | Downloading filing HTML (cached if available)
2026-03-04 11:21:19 [INF] CIK 0000021665 | Reading HTML from C:\git\Edgar\Edgar\Data\raw\2009\0000021665\000119312509041029\0001193125-09-041029.txt
2026-03-04 11:21:19 [INF] CIK 0000021665 | Cleaning + extracting sections
2026-03-04 11:21:19 [INF] CIK 0000021665 | Filing 1332/9706 for Year 2009 | Finished
2026-03-04 11:21:19 [INF] CIK 0000022198 | Filing 1333/9706 for Year 2009 | Starting
2026-03-04 11:21:19 [INF] CIK 0000022198 | Missing permno mapping in CCM for Company COLUMBUS SOUTHERN POWER CO /OH/ (0000022198).
2026-03-04 11:21:19 [INF] CIK 0000022198 | Missing Book-to-Market data for Company COLUMBUS SOUTHERN POWER CO /OH/ (0000022198) in 2009.
2026-03-04 11:21:19 [INF] CIK 0000022198 | Skipping filing due to missing required data (CCM/CRSP/BTM).
2026-03-04 11:21:19 [INF] CIK 0000230557 | Filing 1334/9706 for Year 2009 | Starting
2026-03-04 11:21:19 [INF] CIK 0000230557 | Downloading filing HTML (cached if available)
2026-03-04 11:21:19 [INF] CIK 0000230557 | Reading HTML from C:\git\Edgar\Edgar\Data\raw\2009\0000230557\000136231009002965\0001362310-09-002965.txt
2026-03-04 11:21:19 [INF] CIK 0000230557 | Cleaning + extracting sections
2026-03-04 11:21:19 [INF] CIK 0000230557 | Filing 1334/9706 for Year 2009 | Finished
2026-03-04 11:21:19 [INF] CIK 0000023426 | Filing 1335/9706 for Year 2009 | Starting
2026-03-04 11:21:19 [INF] CIK 0000023426 | Missing permno mapping in CCM for Company CONNECTICUT LIGHT & POWER CO (0000023426).
2026-03-04 11:21:19 [INF] CIK 0000023426 | Missing Book-to-Market data for Company CONNECTICUT LIGHT & POWER CO (0000023426) in 2009.
2026-03-04 11:21:19 [INF] CIK 0000023426 | Skipping filing due to missing required data (CCM/CRSP/BTM).
2026-03-04 11:21:19 [INF] CIK 0000023675 | Filing 1336/9706 for Year 2009 | Starting
2026-03-04 11:21:19 [INF] CIK 0000023675 | Downloading filing HTML (cached if available)
2026-03-04 11:21:19 [INF] CIK 0000023675 | Reading HTML from C:\git\Edgar\Edgar\Data\raw\2009\0000023675\000095013409004033\0000950134-09-004033.txt
2026-03-04 11:21:19 [INF] CIK 0000023675 | Cleaning + extracting sections
2026-03-04 11:21:19 [INF] CIK 0000023675 | Filing 1336/9706 for Year 2009 | Finished
2026-03-04 11:21:19 [INF] CIK 0000025232 | Filing 1337/9706 for Year 2009 | Starting
2026-03-04 11:21:19 [INF] CIK 0000025232 | Downloading filing HTML (cached if available)
2026-03-04 11:21:20 [INF] CIK 0000025232 | Reading HTML from C:\git\Edgar\Edgar\Data\raw\2009\0000025232\000095014409001718\0000950144-09-001718.txt
2026-03-04 11:21:20 [INF] CIK 0000025232 | Cleaning + extracting sections
2026-03-04 11:21:20 [INF] CIK 0000025232 | Filing 1337/9706 for Year 2009 | Finished
2026-03-04 11:21:20 [INF] CIK 0000026172 | Filing 1338/9706 for Year 2009 | Starting
2026-03-04 11:21:20 [INF] CIK 0000026172 | Downloading filing HTML (cached if available)
2026-03-04 11:21:20 [INF] CIK 0000026172 | Reading HTML from C:\git\Edgar\Edgar\Data\raw\2009\0000026172\000104746909001963\0001047469-09-001963.txt
2026-03-04 11:21:20 [INF] CIK 0000026172 | Cleaning + extracting sections
2026-03-04 11:21:20 [INF] CIK 0000026172 | Filing 1338/9706 for Year 2009 | Finished
2026-03-04 11:21:20 [INF] CIK 0000027430 | Filing 1339/9706 for Year 2009 | Starting
2026-03-04 11:21:20 [INF] CIK 0000027430 | Missing permno mapping in CCM for Company DAYTON POWER & LIGHT CO (0000027430).
2026-03-04 11:21:20 [INF] CIK 0000027430 | Missing Book-to-Market data for Company DAYTON POWER & LIGHT CO (0000027430) in 2009.
2026-03-04 11:21:20 [INF] CIK 0000027430 | Skipping filing due to missing required data (CCM/CRSP/BTM).
2026-03-04 11:21:20 [INF] CIK 0000276400 | Filing 1340/9706 for Year 2009 | Starting
2026-03-04 11:21:20 [INF] CIK 0000276400 | Missing permno mapping in CCM for Company BANCINSURANCE CORP (0000276400).
2026-03-04 11:21:20 [INF] CIK 0000276400 | Missing Book-to-Market data for Company BANCINSURANCE CORP (0000276400) in 2009.
2026-03-04 11:21:20 [INF] CIK 0000276400 | Skipping filing due to missing required data (CCM/CRSP/BTM).
2026-03-04 11:21:20 [INF] CIK 0000277135 | Filing 1341/9706 for Year 2009 | Starting
2026-03-04 11:21:20 [INF] CIK 0000277135 | Downloading filing HTML (cached if available)
2026-03-04 11:21:21 [INF] CIK 0000277135 | Reading HTML from C:\git\Edgar\Edgar\Data\raw\2009\0000277135\000027713509000005\0000277135-09-000005.txt
2026-03-04 11:21:21 [INF] CIK 0000277135 | Cleaning + extracting sections
2026-03-04 11:21:21 [INF] CIK 0000277135 | Filing 1341/9706 for Year 2009 | Finished
2026-03-04 11:21:21 [INF] CIK 0000277509 | Filing 1342/9706 for Year 2009 | Starting
2026-03-04 11:21:21 [INF] CIK 0000277509 | Downloading filing HTML (cached if available)
2026-03-04 11:21:21 [INF] CIK 0000277509 | Reading HTML from C:\git\Edgar\Edgar\Data\raw\2009\0000277509\000095013709001359\0000950137-09-001359.txt
2026-03-04 11:21:21 [INF] CIK 0000277509 | Cleaning + extracting sections
2026-03-04 11:21:21 [INF] CIK 0000277509 | Filing 1342/9706 for Year 2009 | Finished
2026-03-04 11:21:21 [INF] CIK 0000028385 | Filing 1343/9706 for Year 2009 | Starting
2026-03-04 11:21:21 [INF] CIK 0000028385 | Missing permno mapping in CCM for Company DETROIT EDISON CO (0000028385).
2026-03-04 11:21:21 [INF] CIK 0000028385 | Missing Book-to-Market data for Company DETROIT EDISON CO (0000028385) in 2009.
2026-03-04 11:21:21 [INF] CIK 0000028385 | Skipping filing due to missing required data (CCM/CRSP/BTM).
2026-03-04 11:21:21 [INF] CIK 0000028823 | Filing 1344/9706 for Year 2009 | Starting
2026-03-04 11:21:21 [INF] CIK 0000028823 | Downloading filing HTML (cached if available)
2026-03-04 11:21:22 [INF] CIK 0000028823 | Reading HTML from C:\git\Edgar\Edgar\Data\raw\2009\0000028823\000095015209001973\0000950152-09-001973.txt
2026-03-04 11:21:22 [INF] CIK 0000028823 | Cleaning + extracting sections
2026-03-04 11:21:22 [INF] CIK 0000028823 | Filing 1344/9706 for Year 2009 | Finished
2026-03-04 11:21:22 [INF] CIK 0000029989 | Filing 1345/9706 for Year 2009 | Starting
2026-03-04 11:21:22 [INF] CIK 0000029989 | Downloading filing HTML (cached if available)
