cik;name;ticker;cikmatch;delisted
0000000020;K TRON INTERNATIONAL INC;;False;True
0000001750;AAR CORP;AIR;False;False
0000001800;ABBOTT LABORATORIES;ABT;False;False
0000001853;"MotivNation, Inc.";;True;False
0000001923;"SERVIDYNE, INC.";;False;True
0000001961;WORLDS INC;;True;False
0000002034;ACETO CORP;;False;True
0000002098;ACME UNITED CORP;ACU;False;False
0000002178;"ADAMS RESOURCES & ENERGY, INC.";;False;False
0000002186;BK Technologies Corp;BKTI;False;False
0000002488;ADVANCED MICRO DEVICES INC;AMD;False;False
0000002491;"BALLY TECHNOLOGIES, INC.";;False;True
0000002601;AEROFLEX INC;;True;False
0000002969;"Air Products & Chemicals, Inc.";APD;False;False
0000003116;AKORN INC;;False;True
0000003146;SPIRE ALABAMA INC;;True;False
0000003153;ALABAMA POWER CO;;True;False
0000003197;CECO ENVIRONMENTAL CORP;CECO;False;False
0000003202;ALASKA AIRLINES INC;;True;False
0000003453;"Matson, Inc.";MATX;False;False
0000003499;ALEXANDERS INC;ALX;False;False
0000003545;"ALICO, INC.";ALCO;False;False
0000003570;"Cheniere Energy, Inc.";LNG;False;False
0000003673;"ALLEGHENY ENERGY, INC";;False;True
0000003906;ALLIED CAPITAL CORP;;False;True
0000003952;ALLIED DEFENSE GROUP INC;;False;True
0000003982;Allis Chalmers Energy Inc.;;False;True
0000004127;"SKYWORKS SOLUTIONS, INC.";SWKS;False;False
0000004187;INDUSTRIAL SERVICES OF AMERICA INC;;False;True
0000004281;Howmet Aerospace Inc.;HWM;False;False
0000004447;HESS CORP;;False;False
0000004457;U-Haul Holding Co /NV/;UHAL-B;False;False
0000004515;"AMERICAN AIRLINES, INC.";;True;False
0000004611;AMERICAN BILTRITE INC;;False;True
0000004811;AMERICAN CONSUMERS INC;;True;False
0000004828;AMERICAN CRYSTAL SUGAR CO /MN/;;True;False
0000004904;AMERICAN ELECTRIC POWER CO INC;AEP;False;False
0000004962;AMERICAN EXPRESS CO;AXP;False;False
0000004969;AMERICAN EXPRESS CREDIT CORP;;True;False
0000004977;AFLAC INC;AFL;False;False
0000005117;EMTEC INC/NJ;;True;False
0000005133;AMERICAN GREETINGS CORP;;False;True
0000005272;"AMERICAN INTERNATIONAL GROUP, INC.";AIG;False;False
0000005513;Unum Group;UNMA;False;False
0000005656;AMERICAN INTERNATIONAL VENTURES INC /DE/;;True;False
0000005768;"AMERICAN SCIENCE & ENGINEERING, INC.";;False;True
0000005981;AMERICAN VANGUARD CORP;AVD;False;False
0000006176;AMPCO PITTSBURGH CORP;AP;False;False
0000006201;American Airlines Group Inc.;AAL;False;False
0000006207;AMREP CORP.;AXR;False;False
0000006281;ANALOG DEVICES INC;ADI;False;False
0000006284;ANALOGIC CORP;;False;True
0000006292;ANALYSTS INTERNATIONAL CORP;;False;True
0000006314;ANAREN INC;;False;True
0000006494;ANDREA ELECTRONICS CORP;;True;False
0000006732;"NAC GLOBAL TECHNOLOGIES, INC.";;True;False
0000006769;APACHE CORP;;True;False
0000006814;COMFORCE CORP;;False;True
0000006845;"APOGEE ENTERPRISES, INC.";APOG;False;False
0000006879;APPALACHIAN POWER CO;;True;False
0000006885;STAGE STORES INC;;False;True
0000006951;APPLIED MATERIALS INC /DE;AMAT;False;False
0000006955;ENERPAC TOOL GROUP CORP;EPAC;False;False
0000007032;ARAMARK CORP;;True;False
0000007039;TRECORA RESOURCES;;False;True
0000007084;Archer-Daniels-Midland Co;ADM;False;False
0000007286;ARIZONA PUBLIC SERVICE CO;;True;False
0000007323;"ENTERGY ARKANSAS, LLC";EAI;True;False
0000007332;SOUTHWESTERN ENERGY CO;;False;False
0000007431;ARMSTRONG WORLD INDUSTRIES INC;AWI;False;False
0000007536;"ARROW ELECTRONICS, INC";ARW;False;False
0000007623;ARTS WAY MANUFACTURING CO INC;ARTW;False;False
0000007789;ASSOCIATED BANC-CORP;ASBA;False;False
0000007951;ROBERTSON GLOBAL HEALTH SOLUTIONS CORP;;True;False
0000008063;ASTRONICS CORP;ATROB;False;False
0000008146;"AstroNova, Inc.";ALOT;False;False
0000008177;ATLANTIC AMERICAN CORP;AAME;False;False
0000008192;ATLANTIC CITY ELECTRIC CO;;True;False
0000008328;"Applied Minerals, Inc.";;True;False
0000008411;ATWOOD OCEANICS INC;;False;True
0000008497;ASSURANCEAMERICA CORP;;True;False
0000008504;AgEagle Aerial Systems Inc.;UAVS;False;False
0000008670;AUTOMATIC DATA PROCESSING INC;ADP;False;False
0000008818;Avery Dennison Corp;AVY;False;False
0000008855;AMERICAN LOCKER GROUP INC;;True;False
0000008858;AVNET INC;AVT;False;False
0000008868;AVON PRODUCTS INC;;False;True
0000008947;AZZ INC;AZZ;False;False
0000009092;BADGER METER INC;BMI;False;False
0000009235;BKF CAPITAL GROUP INC;;True;False
0000009263;MICHAEL BAKER CORP;;False;True
0000009326;BALCHEM CORP;BCPC;False;False
0000009342;BALDOR ELECTRIC CO;;False;True
0000009346;Protective Insurance Corp;;False;True
0000009389;BALL Corp;BALL;False;False
0000009466;BALTIMORE GAS & ELECTRIC CO;;True;False
0000009631;BANK OF NOVA SCOTIA;BNS;False;False
0000009892;BARD C R INC /NJ/;;False;True
0000009984;BARNES GROUP INC;;False;False
0000010048;BARNWELL INDUSTRIES INC;BRN;False;False
0000010254;EARTHSTONE ENERGY INC;;False;True
0000010329;BASSETT FURNITURE INDUSTRIES INC;BSET;False;False
0000010456;BAXTER INTERNATIONAL INC;BAX;False;False
0000010795;BECTON DICKINSON & CO;BDX;False;False
0000011199;BEMIS CO INC;;False;True
0000011544;BERKLEY W R CORP;WRB-PH;False;False
0000012040;FLANIGANS ENTERPRISES INC;BDL;False;False
0000012208;"BIO-RAD LABORATORIES, INC.";BIO-B;False;False
0000012239;Dominari Holdings Inc.;DOMH;False;False
0000012355;BLACK & DECKER CORP;;False;True
0000012400;BLACK HILLS POWER INC;;True;False
0000012659;H&R BLOCK INC;HRB;False;False
0000012779;BLUE RIDGE REAL ESTATE CO;;True;False
0000012927;BOEING CO;BA-PA;False;False
0000012978;OFFICEMAX INC;;False;True
0000013033;Comjoyful International Co;;True;False
0000013055;LEFT BEHIND GAMES INC.;;True;False
0000013156;"Galaxy Gaming, Inc.";GLXZ;True;False
0000013239;HEXION INC.;;True;False
0000013372;NSTAR ELECTRIC CO;NSARP;True;False
0000013547;ENTRX CORP;;True;False
0000013573;BOWL AMERICA INC;;False;True
0000013610;BOWNE & CO INC;;False;True
0000014177;BRIDGFORD FOODS CORP;BRID;False;False
0000014195;BRIGGS & STRATTON CORP;;False;True
0000014272;BRISTOL MYERS SQUIBB CO;CELG-RI;False;False
0000014280;"MSGI SECURITY SOLUTIONS, INC";;True;False
0000014693;BROWN FORMAN CORP;BF-B;False;False
0000014707;CALERES INC;CAL;False;False
0000014846;BRT Apartments Corp.;BRT;False;False
0000014930;BRUNSWICK CORP;BC-PC;False;False
0000015288;"BULLION MONARCH MINING, INC.";;True;False
0000015357;CHASE GENERAL CORP;;True;False
0000015393;BUREAU OF NATIONAL AFFAIRS INC;;True;False
0000015511;BNSF RAILWAY CO;;True;False
0000015615;MASTEC INC;MTZ;False;False
0000015847;BUTLER NATIONAL CORP;BUKS;True;False
0000016040;CABOT CORP;CBT;False;False
0000016058;CACI INTERNATIONAL INC /DE/;CACI;False;False
0000016099;LUB LIQUIDATING TRUST;;False;True
0000016104;CAGLES INC;;False;True
0000016160;CAL-MAINE FOODS INC;CALM;False;False
0000016614;CAMCO FINANCIAL CORP;;False;True
0000016732;CAMPBELL SOUP CO;CPB;False;False
0000016873;NEXEN INC;;False;True
0000016875;CANADIAN PACIFIC RAILWAY LTD/CN;CP;False;False
0000016918;"CONSTELLATION BRANDS, INC.";STZ;False;True
0000017313;CAPITAL SOUTHWEST CORP;CSWC;False;False
0000017485;"LIBERATOR MEDICAL HOLDINGS, INC.";;False;True
0000017797;"DUKE ENERGY PROGRESS, LLC.";;True;False
0000017843;CARPENTER TECHNOLOGY CORP;CRS;False;False
0000017927;CARROLS CORP;;True;False
0000018061;CASCADE CORP;;False;True
0000018169;DOLE FOOD CO INC;;False;True
0000018172;A. M. Castle & Co.;;False;True
0000018230;CATERPILLAR INC;CAT;False;False
0000018255;CATO CORP;CATO;False;False
0000018349;SYNOVUS FINANCIAL CORP;;False;False
0000018396;CDI CORP;;False;True
0000018498;GENESCO INC;GCO;False;False
0000018647;CENTRAL HUDSON GAS & ELECTRIC CORP;;True;False
0000018651;CENTRAL ILLINOIS LIGHT CO;;True;False
0000018654;Ameren Illinois Co;AILIP;True;False
0000018672;CLECO POWER LLC;;True;False
0000018808;CENTRAL VERMONT PUBLIC SERVICE CORP;;False;True
0000018886;WOLVERINE HOLDING CORP.;;True;False
0000018926;"Lumen Technologies, Inc.";LUMN;False;False
0000018937;CERADYNE INC;;False;True
0000019002;"Cybrdi, Inc.";;True;False
0000019149;CHAMPION INDUSTRIES INC;;False;True
0000019353;CHARMING SHOPPES INC;;False;True
0000019411;MAGELLAN HEALTH INC;;False;True
0000019446;CANTEL MEDICAL CORP;;False;True
0000019520;CHATTEM INC;;False;True
0000019584;CHEMED CORP;CHE;False;False
0000019612;TCF FINANCIAL CORP;;False;True
0000019617;JPMORGAN CHASE & CO;VYLD;False;False
0000019745;CHESAPEAKE UTILITIES CORP;CPK;False;False
0000019871;CHICAGO RIVET & MACHINE CO;CVR;False;False
0000020171;CHUBB CORP;;False;True
0000020212;Churchill Downs Inc;CHDN;False;False
0000020232;ChyronHego Corp;;False;True
0000020286;CINCINNATI FINANCIAL CORP;CINF;False;False
0000020290;"Duke Energy Ohio, Inc.";;True;False
0000020520;"Frontier Communications Parent, Inc.";;False;True
0000020629;CSS INDUSTRIES INC;;False;True
0000020639;AmBase Corp;ABCP;True;False
0000020740;CLARCOR INC.;;False;True
0000020947;CLEVELAND ELECTRIC ILLUMINATING CO;;True;False
0000021076;CLOROX CO /DE/;CLX;False;False
0000021175;CNA FINANCIAL CORP;CNA;False;False
0000021212;COACHMEN INDUSTRIES INC;;True;False
0000021239;COASTAL CARIBBEAN OILS & MINERALS LTD;;True;False
0000021344;COCA COLA CO;KO;False;False
0000021510;COHERENT INC;;False;True
0000021535;COHU INC;COHU;False;False
0000021665;COLGATE PALMOLIVE CO;CL;False;False
0000021828;"CCOM Group, Inc.";;True;False
0000022198;COLUMBUS SOUTHERN POWER CO /OH/;;True;False
0000022252;COMARCO INC;;False;True
0000022356;COMMERCE BANCSHARES INC /MO/;CBSH;False;False
0000022444;COMMERCIAL METALS Co;CMC;False;False
0000022551;TRI VALLEY CORP;;False;True
0000022606;COMMONWEALTH EDISON Co;;True;False
0000022701;Pineapple Energy Inc.;SUNE;False;False
0000022767;TEXAS NEW MEXICO POWER CO;;True;False
0000022872;"Advanzeon Solutions, Inc.";;True;False
0000023082;COMPUTER SCIENCES CORP;;True;False
0000023111;COMPUTER TASK GROUP INC;;False;True
0000023194;COMSTOCK RESOURCES INC;CRK;False;False
0000023197;COMTECH TELECOMMUNICATIONS CORP /DE/;CMTL;False;False
0000023217;CONAGRA BRANDS INC.;CAG;False;False
0000023341;CONGOLEUM CORP;;True;False
0000023426;CONNECTICUT LIGHT & POWER CO;CNLHN;True;False
0000023503;CONOLOG CORP;;False;True
0000023632;CONSOLIDATED EDISON CO OF NEW YORK INC;;True;False
0000023666;Hillshire Brands Co;;False;True
0000023675;Con-way Inc.;;False;True
0000023795;"CTO Realty Growth, Inc.";CTO-PA;False;False
0000024090;"CITIZENS, INC.";CIA;False;False
0000024104;CONTINENTAL MATERIALS CORP;;False;True
0000024491;COOPER TIRE & RUBBER CO;;False;True
0000024545;MOLSON COORS BEVERAGE CO;TAP-A;False;False
0000024741;CORNING INC /NY;GLW;False;False
0000024751;CORNING NATURAL GAS CORP;;True;False
0000025212;COURIER Corp;;False;True
0000025232;COUSINS PROPERTIES INC;CUZ;False;False
0000025354;CPI CORP;;False;True
0000025445;"Crane Holdings, Co.";CXT;True;False
0000025475;CRAWFORD & CO;CRD-B;False;False
0000025598;ONEMAIN FINANCE CORP;;True;False
0000025600;SPRINGLEAF FINANCE INC;;True;False
0000025743;"TherapeuticsMD, Inc.";TXMD;False;False
0000025793;CROSS A T CO;;False;True
0000025895;CROWN CRAFTS INC;CRWS;False;False
0000026058;CTS CORP;CTS;False;False
0000026076;CUBIC CORP /DE/;;False;True
0000026172;CUMMINS INC;CMI;False;False
0000026324;CURTISS WRIGHT CORP;CW;False;False
0000026780;DANA INC;DAN;False;False
0000026820;PHOENIX FOOTWEAR GROUP INC;;False;True
0000027093;U.S. GOLD CORP.;USAU;False;False
0000027367;DAXOR CORP;DXR;False;False
0000027419;TARGET CORP;TGT;False;False
0000027430;DAYTON POWER & LIGHT CO;;True;False
0000027613;DECORATOR INDUSTRIES INC;;False;True
0000027673;DEERE JOHN CAPITAL CORP;;True;False
0000027748;DGT Holdings Corp.;;True;False
0000027879;DELMARVA POWER & LIGHT CO /DE/;;True;False
0000027904;"DELTA AIR LINES, INC.";DAL;False;False
0000027960;QSGI INC.;;True;False
0000027996;DELUXE CORP;DLX;False;False
0000028146;HYDRON TECHNOLOGIES INC;;True;False
0000028367;"Cogo Group, Inc.";;True;False
0000028385;DTE Electric Co;;True;False
0000028412;COMERICA INC /NEW/;CMA-PB;False;False
0000028561;DEWEY ELECTRONICS CORP;;True;False
0000028823;"DIEBOLD NIXDORF, Inc";DBD;False;True
0000028917;"DILLARD'S, INC.";DDT;False;False
0000029002;DIODES INC /DEL/;DIOD;False;False
0000029006;DIONICS INC;;True;False
0000029071;DISCOVERY OIL LTD;;True;False
0000029332;DIXIE GROUP INC;DXYN;False;False
0000029504;OMEGA COMMERCIAL FINANCE CORP;;True;False
0000029534;DOLLAR GENERAL CORP;DG;False;False
0000029644;DONALDSON Co INC;DCI;False;False
0000029669;RR Donnelley & Sons Co;;False;True
0000029806;CONSTAR INTERNATIONAL INC;;False;True
0000029834;Escalera Resources Co.;;False;True
0000029905;DOVER Corp;DOV;False;False
0000029915;DOW CHEMICAL CO /DE/;;True;False
0000029952;"CHINA CHANGJIANG MINING & NEW ENERGY COMPANY, LTD.";;True;False
0000029989;OMNICOM GROUP INC.;OMC;False;False
0000030140;LASERCARD CORP;;False;True
0000030302;ALCO STORES INC;;False;True
0000030305;DUCOMMUN INC /DE/;DCO;False;False
0000030371;"Duke Energy Carolinas, LLC";;True;False
0000030419;DEX ONE Corp;;True;False
0000030554;"EIDP, Inc.";CTA-PA;False;True
0000030625;FLOWSERVE CORP;FLS;False;False
0000030697;Wendy's Co;WEN;False;False
0000030822;DYNAMICS RESEARCH CORP;;False;True
0000030828;COBRA ELECTRONICS CORP;;False;True
0000030831;DYNASIL CORP OF AMERICA;;False;True
0000031107;EASTERN CO;EML;False;False
0000031235;EASTMAN KODAK CO;KODK;False;True
0000031277;EATON CORP;;True;False
0000031347;ECHELON CORP;;False;True
0000031462;ECOLAB INC.;ECL;False;False
0000031667;EDUCATIONAL DEVELOPMENT CORP;EDUC;False;False
0000031704;TWENTY SERVICES INC;;True;False
0000031791;PERKINELMER INC;RVTY;False;False
0000031978;EL PASO ELECTRIC CO /TX/;;False;True
0000031986;EL PASO NATURAL GAS CO;;True;False
0000032166;ELECTRO RENT CORP;;False;True
0000032198;EMS TECHNOLOGIES INC;;False;True
0000032567;EMERGE HEALTH INTERNATIONAL INC;;True;False
0000032604;EMERSON ELECTRIC CO;EMR;False;False
0000032621;EMERSON RADIO CORP;MSN;False;False
0000032689;EMPIRE DISTRICT ELECTRIC CO;;False;True
0000032776;EMPIRE STATE BUILDING ASSOCIATES L.L.C.;;True;False
0000032878;ENERGY CONVERSION DEVICES INC;;False;True
0000033002;"ENNIS, INC.";EBF;False;False
0000033113;ENVIRONMENTAL TECTONICS CORP;;True;False
0000033185;EQUIFAX INC;EFX;False;False
0000033213;EQT Corp;EQT;False;False
0000033488;ESCALADE INC;ESCA;False;False
0000033533;ESPEY MFG & ELECTRONICS CORP;ESP;False;False
0000033619;ESTERLINE TECHNOLOGIES CORP;;False;True
0000033769;BOB EVANS FARMS INC;;False;True
0000033992;"KINGSTONE COMPANIES, INC.";KINS;False;False
0000034067;DMC Global Inc.;BOOM;False;False
0000034088;EXXON MOBIL CORP;XOM;False;False
0000034115;CLAIRES STORES INC;;True;False
0000034151;JO-ANN STORES INC;;False;True
0000034285;RELIABILITY INC;RLBY;True;False
0000034408;FAMILY DOLLAR STORES INC;;False;True
0000034563;FARMER BROTHERS CO;FARM;False;False
0000034782;1ST SOURCE CORP;SRCE;False;False
0000034903;FEDERAL REALTY INVESTMENT TRUST;FRT-PC;False;False
0000034956;"TENAX THERAPEUTICS, INC.";TENX;False;False
0000035214;FERRO CORP;;False;True
0000035527;FIFTH THIRD BANCORP;FITBM;False;False
0000036029;FIRST FINANCIAL BANKSHARES INC;FFIN;False;False
0000036047;"CORELOGIC, INC.";;False;True
0000036104;US BANCORP \DE\;USB-PQ;False;False
0000036146;TRUSTMARK CORP;TRMK;False;False
0000036270;M&T BANK CORP;MTB-PK;False;False
0000036369;FIRST HARTFORD CORP;;True;False
0000036377;"FIRST HAWAIIAN, INC.";FHB;False;False
0000036506;MACKINAC FINANCIAL CORP /MI/;;False;True
0000036840;FIRST REAL ESTATE INVESTMENT TRUST OF NEW JERSEY;FREVS;True;False
0000036966;FIRST HORIZON CORP;FHN-PF;False;False
0000037008;Winthrop Realty Liquidating Trust;;False;True
0000037049;FIRST WEST VIRGINIA BANCORP INC;;False;True
0000037472;FLEXSTEEL INDUSTRIES INC;FLXS;False;False
0000037634;FLORIDA POWER & LIGHT CO;;True;False
0000037637;"DUKE ENERGY FLORIDA, LLC.";;True;False
0000037748;MASSEY ENERGY CO;;False;True
0000037785;FMC CORP;FMC;False;False
0000037808;FNB CORP/PA/;FNB;False;False
0000037996;FORD MOTOR CO;F-PD;False;False
0000038009;FORD MOTOR CREDIT CO LLC;;True;False
0000038067;FOREST CITY ENTERPRISES INC;;True;False
0000038074;FOREST LABORATORIES INC;;False;True
0000038079;SABINE OIL & GAS CORP;;True;False
0000038264;"Forward Industries, Inc.";FWDI;False;False
0000038723;1st FRANKLIN FINANCIAL CORP;;True;False
0000038725;FRANKLIN ELECTRIC CO INC;FELE;False;False
0000038777;FRANKLIN RESOURCES INC;BEN;False;False
0000038824;FRAWLEY CORP;;True;False
0000038984;"Real Industry, Inc.";;False;True
0000039020;FREQUENCY ELECTRONICS INC;FEIM;False;False
0000039047;FRISCHS RESTAURANTS INC;;False;True
0000039092;FRIEDMAN INDUSTRIES INC;FRD;False;False
0000039263;"CULLEN/FROST BANKERS, INC.";CFR-PB;False;False
0000039273;FROZEN FOOD EXPRESS INDUSTRIES INC;;False;True
0000039311;INDEPENDENT BANK CORP /MI/;IBCP;False;False
0000039368;FULLER H B CO;FUL;False;False
0000039648;G&K SERVICES INC;;False;True
0000039677;"AV Homes, Inc.";;False;True
0000039899;TEGNA INC;TGNA;False;False
0000039911;GAP INC;GAP;False;False
0000040194;GATEWAY ENERGY CORP/NE;;True;False
0000040211;GATX CORP;GATX;False;False
0000040518;GENERAL DATACOMM INDUSTRIES INC;;True;False
0000040528;"MedClean Technologies, Inc.";;True;False
0000040533;GENERAL DYNAMICS CORP;GD;False;False
0000040545;GENERAL ELECTRIC CO;GE;False;False
0000040554;GENERAL ELECTRIC CAPITAL CORP;;True;False
0000040570;GEE Group Inc.;JOB;False;False
0000040704;GENERAL MILLS INC;GIS;False;False
0000040729;Ally Financial Inc.;ALLY;False;False
0000040730;Motors Liquidation Co;;True;False
0000040888;"AEROJET ROCKETDYNE HOLDINGS, INC.";;False;True
0000040987;GENUINE PARTS CO;GPC;False;False
0000041023;GEORESOURCES INC;;False;True
0000041091;GEORGIA POWER CO;GPJA;True;False
0000041133;GERBER SCIENTIFIC INC;;False;True
0000041719;Glatfelter Corp;MAGN;True;False
0000042136;"Chang-On International, Inc.";;True;False
0000042228;GOLDEN ENTERPRISES INC;;False;True
0000042284;WHITEMARK HOMES INC;;True;False
0000042316;GOLDFIELD CORP;;False;True
0000042542;GOODRICH CORP;;False;True
0000042582;GOODYEAR TIRE & RUBBER CO /OH/;GT;False;False
0000042682;GORMAN RUPP CO;GRC;False;False
0000042888;GRACO INC;GGG;False;False
0000043196;GRAY TELEVISION INC;GTN-A;False;False
0000043300;GREAT ATLANTIC & PACIFIC TEA CO INC;;False;True
0000043350;Gas Natural Inc.;;False;True
0000043410;GREAT NORTHERN IRON ORE PROPERTIES;;False;True
0000043920;"GREIF, INC";GEF-B;False;False
0000044545;GULF POWER CO;;True;False
0000044570;"ENTERGY GULF STATES LOUISIANA, LLC";;True;False
0000044689;GYRODYNE CO OF AMERICA INC;;True;False
0000045012;HALLIBURTON CO;HAL;False;False
0000045621;AMEXDRUG CORP;;True;False
0000045876;HARSCO CORP;NVRI;False;False
0000045919;HARTE HANKS INC;HHS;False;False
0000045947;TALCOTT RESOLUTION LIFE INSURANCE CO;;True;False
0000046080;"HASBRO, INC.";HAS;False;False
0000046129;ALLIED MOTION TECHNOLOGIES INC;ALNT;False;False
0000046195;BANK OF HAWAII CORP;BOH-PB;False;False
0000046207;HAWAIIAN ELECTRIC CO INC;;True;False
0000046250;HAWKINS INC;HWKN;False;False
0000046619;HEICO CORP;HEI-A;False;False
0000046640;HEINZ H J CO;;True;False
0000046765;"Helmerich & Payne, Inc.";HP;False;False
0000047035;HERLEY INDUSTRIES INC /NEW;;False;True
0000047111;HERSHEY CO;HSY;False;False
0000047129;HERTZ CORP;;True;False
0000047217;HP INC;HPQ;False;False
0000047307;CRAWFORD UNITED Corp;CRAWA;True;False
0000047518;"Hill-Rom Holdings, Inc.";;False;True
0000048039;HollyFrontier Corp;;True;False
0000048287;HNI CORP;HNI;False;False
0000048465;HORMEL FOODS CORP /DE/;HRL;False;False
0000048732;CENTERPOINT ENERGY HOUSTON ELECTRIC LLC;;True;False
0000048898;HUBBELL INC;HUBB;False;True
0000049071;HUMANA INC;HUM;False;False
0000049196;HUNTINGTON BANCSHARES INC /MD/;HBANL;False;False
0000049534;LIFE PARTNERS HOLDINGS INC;;False;True
0000049600;EASTGROUP PROPERTIES INC;EGP;False;False
0000049615;ID SYSTEMS INC;;True;False
0000049648;IDAHO POWER CO;;True;False
0000049728;IEC ELECTRONICS CORP;;False;True
0000049754;"Dine Brands Global, Inc.";DIN;False;False
0000049816;ILLINOIS POWER CO;;True;False
0000049826;ILLINOIS TOOL WORKS INC;ITW;False;False
0000049930;IMPERIAL INDUSTRIES INC;;False;True
0000049938;IMPERIAL OIL LTD;IMO;False;False
0000050104;ANDEAVOR;;False;True
0000050172;INDIANA MICHIGAN POWER CO;;True;False
0000050292;IEH Corp;IEHC;True;False
0000050471;PARK CITY GROUP INC;TRAK;False;False
0000050493;INGLES MARKETS INC;IMKTA;False;False
0000050710;"JAVELIN PHARMACEUTICALS, INC";;False;True
0000050725;GRIFFON CORP;GFF;False;False
0000050863;INTEL CORP;INTC;False;False
0000050957;FURNITURE BRANDS INTERNATIONAL INC;;False;True
0000051011;INTERDYNE CO;;True;False
0000051143;INTERNATIONAL BUSINESS MACHINES CORP;IBM;False;False
0000051253;INTERNATIONAL FLAVORS & FRAGRANCES INC;IFF;False;False
0000051434;INTERNATIONAL PAPER CO /NEW/;INPAP;False;False
0000051548;INTERNATIONAL SPEEDWAY CORP;;False;True
0000051644;"INTERPUBLIC GROUP OF COMPANIES, INC.";;False;False
0000052428;AMERIPRISE CERTIFICATE CO;;True;False
0000052485;INTERSTATE POWER & LIGHT CO;;True;False
0000052795;ANIXTER INTERNATIONAL INC;;False;True
0000052827;RAYONIER INC;RYN;False;False
0000052988;JACOBS SOLUTIONS INC.;J;False;False
0000053320;STRATEGIC INTERNET INVESTMENTS INC;;True;False
0000053456;JERSEY CENTRAL POWER & LIGHT CO;;True;False
0000053500;"NEW BASTION DEVELOPMENT, INC.";;True;False
0000053540;JILCO INDUSTRIES INC;;True;False
0000053669;JOHNSON CONTROLS INC;;True;False
0000054187;MAYS J W INC;MAYS;False;False
0000054381;KAMAN Corp;;False;False
0000054424;X-CHANGE CORP;;True;False
0000054441;FURMANITE CORP;;False;True
0000054473;KANSAS CITY LIFE INSURANCE CO;;False;True
0000054476;"EVERGY METRO, INC.";;True;False
0000054480;KANSAS CITY SOUTHERN;;False;True
0000054502;"KINDER MORGAN, INC.";;True;False
0000054507;"EVERGY KANSAS CENTRAL, INC.";;True;False
0000054681;KATY INDUSTRIES INC;;True;False
0000054991;KEITHLEY INSTRUMENTS INC;;False;True
0000055067;KELLOGG CO;;False;False
0000055135;KELLY SERVICES INC;KELYB;False;False
0000055234;KENILWORTH SYSTEMS CORP;GAMG;True;False
0000055242;KENNAMETAL INC;KMT;False;False
0000055362;Investors Heritage Capital Corp;;True;False
0000055387;KENTUCKY UTILITIES CO;;True;False
0000055529;KEWAUNEE SCIENTIFIC CORP /DE/;KEQU;False;False
0000055604;KEYSTONE CONSOLIDATED INDUSTRIES INC;;True;False
0000055772;KIMBALL INTERNATIONAL INC;;False;True
0000055785;KIMBERLY CLARK CORP;KMB;False;False
0000055805;NORTH AMERICAN GALVANIZING & COATINGS INC;;False;True
0000056047;KIRBY CORP;KEX;False;False
0000056679;KORN FERRY;KFY;False;False
0000056701;KOSS CORP;KOSS;False;False
0000056868;PRIMEENERGY RESOURCES CORP;PNRG;False;False
0000056873;KROGER CO;KR;False;False
0000056978;KULICKE & SOFFA INDUSTRIES INC;KLIC;False;False
0000057055;KV PHARMACEUTICAL CO /DE/;;False;True
0000057131;LA-Z-BOY INC;LZB;False;False
0000057139;LABARGE INC;;False;True
0000057183;SPIRE MISSOURI INC;;True;False
0000057515;LANCASTER COLONY CORP;MZTI;False;False
0000057528;"SNYDER'S-LANCE, INC.";;False;True
0000057725;LANNETT CO INC;;False;True
0000058361;"LEE ENTERPRISES, Inc";LEE;False;False
0000058492;LEGGETT & PLATT INC;LEG;False;False
0000058592;4Licensing Corp;;False;True
0000058822;LESCARDEN INC;;True;False
0000059255;VALHI INC /DE/;VHI;False;False
0000059440;VECTOR GROUP LTD;;False;False
0000059478;ELI LILLY & Co;LLY;False;False
0000059527;LINCOLN ELECTRIC HOLDINGS INC;LECO;False;False
0000059558;LINCOLN NATIONAL CORP;LNC-PD;False;False
0000059860;GOLDRICH MINING CO;;True;False
0000060086;LOEWS CORP;L;False;False
0000060519;LOUISIANA-PACIFIC CORP;LPX;False;False
0000060549;LOUISVILLE GAS & ELECTRIC CO /KY/;;True;False
0000060667;LOWES COMPANIES INC;LOW;False;False
0000060714;"LSB INDUSTRIES, INC.";LXU;False;False
0000060751;LUBRIZOL Corp;;False;True
0000060849;LUFKIN INDUSTRIES INC;;False;True
0000060876;CYBEX INTERNATIONAL INC;;False;True
0000060977;LYDALL INC /DE/;;False;True
0000061004;LGL GROUP INC;LGL;False;False
0000061339;MADISON GAS & ELECTRIC CO;;True;False
0000061398;TELLURIAN INC. /DE/;;False;False
0000061478;ADC TELECOMMUNICATIONS INC;;False;True
0000061986;MANITOWOC CO INC;MTW;False;False
0000062234;MARCUS CORP;MCS;False;False
0000062362;MARINE PETROLEUM TRUST;MARPS;False;False
0000062709;"MARSH & MCLENNAN COMPANIES, INC.";MRSH;False;False
0000062996;MASCO CORP /DE/;MAS;False;False
0000063276;MATTEL INC /DE/;MAT;False;False
0000063296;MATTHEWS INTERNATIONAL CORP;MATW;False;False
0000063330;MAUI LAND & PINEAPPLE CO INC;MLP;False;False
0000063754;MCCORMICK & CO INC;MKC-V;False;False
0000063908;MCDONALDS CORP;MCD;False;False
0000064040;S&P Global Inc.;SPGI;False;False
0000064279;MCMORAN EXPLORATION CO /DE/;;False;True
0000064463;"Soluna Holdings, Inc";SLNHP;False;False
0000064472;GENCOR INDUSTRIES INC;GENC;False;False
0000064647;"SensiVida Medical Technologies, Inc.";;True;False
0000064670;MEDTRONIC INC;;True;False
0000064803;CVS HEALTH Corp;CVS;False;False
0000064978;MERCK SHARP & DOHME CORP.;;True;False
0000064996;MERCURY GENERAL CORP;MCY;False;False
0000065011;MEREDITH CORP;;False;True
0000065100;"MERRILL LYNCH & CO., INC.";;True;False
0000065172;MESABI TRUST;MSB;False;False
0000065201;MET PRO CORP;;False;True
0000065224;HuntMountain Resources;;True;False
0000065270;METHODE ELECTRONICS INC;MEI;False;False
0000065312;"EVI INDUSTRIES, INC.";EVI;False;False
0000065350;METROPOLITAN EDISON CO;;True;False
0000065358;UNITED CAPITAL CORP /DE/;;False;True
0000065596;SIEBERT FINANCIAL CORP;SIEB;False;False
0000065759;MICROPAC INDUSTRIES INC;;True;False
0000065770;"MICROVISION, INC.";MVIS;False;False
0000065984;ENTERGY CORP /DE/;ETR;False;False
0000066004;MIDDLESEX WATER CO;MSEXP;False;False
0000066382;"MILLERKNOLL, INC.";MLKN;False;False
0000066388;MILLER INDUSTRIES INC;;True;False
0000066418;MEXCO ENERGY CORP;MXC;False;False
0000066479;MILLIPORE CORP /MA;;False;True
0000066496;MILLS MUSIC TRUST;MMTRS;True;False
0000066570;MSA Safety Inc;MNESP;False;False
0000066600;"Quad M Solutions, Inc.";;True;False
0000066649;MINES MANAGEMENT INC;;False;True
0000066740;3M CO;MMM;False;False
0000066756;ALLETE INC;;False;False
0000066901;"ENTERGY MISSISSIPPI, LLC";EMP;True;False
0000066904;MISSISSIPPI POWER CO;;True;False
0000067215;DYCOM INDUSTRIES INC;DY;False;False
0000067279;MOCON INC;;False;True
0000067347;MODINE MANUFACTURING CO;MOD;False;False
0000067472;MOLEX INC;;False;True
0000067517;MONARCH CEMENT CO;;True;False
0000067625;MONMOUTH REAL ESTATE INVESTMENT CORP;;False;True
0000067716;MDU RESOURCES GROUP INC;MDU;False;False
0000067887;MOOG INC.;MOG-B;False;False
0000068145;MORGANS FOODS INC;;True;False
0000068270;RUBY TUESDAY INC;;False;True
0000068505;"Motorola Solutions, Inc.";MSI;False;False
0000068589;QUESTAR GAS CO;;True;False
0000068622;QWEST CORP;CTDD;True;False
0000068709;MTS SYSTEMS CORP;;False;True
0000069422;INTERGROUP CORP;INTG;False;False
0000069488;MYERS INDUSTRIES INC;MYE;False;False
0000069499;MYLAN INC.;;True;False
0000069633;"NAPCO SECURITY TECHNOLOGIES, INC";NSSC;False;False
0000069671;NASH FINCH CO;;False;True
0000069733;"NATHANS FAMOUS, INC.";NATH;False;False
0000069891;NATIONAL BEVERAGE CORP;FIZZ;False;False
0000070145;NATIONAL FUEL GAS CO;NFG;False;False
0000070318;TENET HEALTHCARE CORP;THC;False;False
0000070415;GP STRATEGIES CORP;;False;True
0000070487;NATIONAL RESEARCH CORP;NRC;False;True
0000070502;NATIONAL RURAL UTILITIES COOPERATIVE FINANCE CORP /DC/;NRUC;True;False
0000070530;NATIONAL SEMICONDUCTOR CORP;;False;True
0000070684;NATIONAL WESTERN LIFE INSURANCE CO;;True;False
0000070793;NBTY INC;;False;True
0000070858;BANK OF AMERICA CORP /DE/;BACRP;False;False
0000070866;NCR CORP;NCRRP;False;False
0000071180;NEVADA POWER CO;;True;False
0000071508;"ENTERGY NEW ORLEANS, LLC";ENO;True;False
0000071557;"Nuvera Communications, Inc.";NUVR;True;False
0000071691;NEW YORK TIMES CO;NYT;False;False
0000071829;NEWPARK RESOURCES INC;NPKI;False;False
0000072020;NICOR INC;;False;True
0000072162;NL INDUSTRIES INC;NL;False;False
0000072170;INERGETICS INC;;True;False
0000072205;NOBILITY HOMES INC;NOBH;False;True
0000072207;NOBLE ENERGY INC;;False;True
0000072316;NORD RESOURCES CORP;;True;False
0000072331;NORDSON CORP;NDSN;False;False
0000072333;NORDSTROM INC;;False;False
0000072444;"Vaxart, Inc.";VXRT;False;False
0000072573;MOVADO GROUP INC;MOVAA;False;False
0000072633;NORTH EUROPEAN OIL ROYALTY TRUST;NRT;False;False
0000072741;EVERSOURCE ENERGY;ES;False;False
0000072903;XCEL ENERGY INC;XELLL;False;False
0000072909;NORTHERN STATES POWER CO /WI/;;True;False
0000072911;NORTEL NETWORKS CORP;;True;False
0000072971;WELLS FARGO & COMPANY/MN;WFC-PA;False;False
0000073020;NORTHWEST NATURAL GAS CO;;True;False
0000073048;BROADVIEW INSTITUTE INC;;True;False
0000073088;NORTHWESTERN CORP;;True;False
0000073124;NORTHERN TRUST CORP;NTRSO;False;False
0000073290;BIOMERICA INC;BMRA;False;False
0000073309;NUCOR CORP;NUE;False;False
0000073605;OAKRIDGE HOLDINGS INC;;True;False
0000073756;OCEANEERING INTERNATIONAL INC;OII;False;False
0000073759;OCEANIC EXPLORATION CO;;True;False
0000073773;OI CORP;;False;True
0000073887;Bristow Group Inc;;True;False
0000073960;OHIO EDISON CO;;True;False
0000073986;OHIO POWER CO;;True;False
0000074046;Oil-Dri Corp of America;ODC;False;False
0000074145;OKLAHOMA GAS & ELECTRIC CO;;True;False
0000074208;"UDR, Inc.";UDR;False;False
0000074260;OLD REPUBLIC INTERNATIONAL CORP;ORI;False;False
0000074273;OLD STONE CORP;;True;False
0000074303;OLIN Corp;OLN;False;False
0000074688;OPT SCIENCES CORP;;True;False
0000074818;ORBIT INTERNATIONAL CORP;;False;True
0000074925;ORIGINAL SIXTEEN TO ONE MINE INC /CA/;;True;False
0000075208;OVERSEAS SHIPHOLDING GROUP INC;;False;True
0000075252;OWENS & MINOR INC/VA/;ACH;False;False
0000075288;OXFORD INDUSTRIES INC;OXM;False;False
0000075340;P&F INDUSTRIES INC;;False;True
0000075362;PACCAR INC;PCAR;False;False
0000075439;"Medite Cancer Diagnostics, Inc.";;True;False
0000075488;PACIFIC GAS & ELECTRIC Co;;True;False
0000075527;PACIFIC ENTERPRISES INC;;True;False
0000075594;PACIFICORP /OR/;;True;False
0000075677;PACKAGING CORP OF AMERICA;PKG;False;False
0000075679;"GCI, LLC";;True;False
0000075829;PALL CORP;;False;True
0000076063;"PANHANDLE EASTERN PIPE LINE COMPANY, LP";;True;False
0000076149;PARADISE INC;;True;False
0000076267;PARK AEROSPACE CORP;PKE;False;False
0000076282;PARK OHIO HOLDINGS CORP;PKOH;False;False
0000076321;PARKER DRILLING CO /DE/;;False;True
0000076334;PARKER HANNIFIN CORP;PH;False;False
0000076348;"CHINA RUITAI INTERNATIONAL HOLDINGS CO., LTD.";;True;False
0000076605;PATRICK INDUSTRIES INC;PATK;False;False
0000077159;Ranger Oil Corp;;False;True
0000077227;PENNSYLVANIA ELECTRIC CO;;True;False
0000077281;PENNSYLVANIA REAL ESTATE INVESTMENT TRUST;;False;True
0000077360;PENTAIR plc;PNR;False;True
0000077449;PEP BOYS MANNY MOE & JACK;;False;True
0000077476;PEPSICO INC;PEP;False;False
0000077543;TUTOR PERINI CORP;TPC;False;False
0000077597;SPARTECH CORP;;False;True
0000077776;PHH CORP;;False;True
0000077877;"PDC ENERGY, INC.";;False;True
0000078003;PFIZER INC;PFE;False;False
0000078100;PECO ENERGY CO;;True;False
0000078128;"Essential Utilities, Inc.";WTRG;False;False
0000078239;PVH CORP. /DE/;PVH;False;False
0000078311;SoOum Corp.;;True;False
0000078460;PIEDMONT NATURAL GAS CO INC;;False;True
0000078536;REWARDS NETWORK INC;;False;True
0000078749;AGILYSYS INC;AGYS;False;False
0000078814;PITNEY BOWES INC /DE/;PBI-PB;False;False
0000078838;PITTSBURGH & WEST VIRGINIA RAILROAD;;True;False
0000078890;BRINKS CO;BCO;False;False
0000079282;"BROWN & BROWN, INC.";BRO;False;False
0000079661;PORTSMOUTH SQUARE INC;PRSI;True;False
0000079732;POTOMAC ELECTRIC POWER CO;;True;False
0000079879;PPG INDUSTRIES INC;PPG;False;False
0000079958;PRECISION CASTPARTS CORP;;False;True
0000080035;PREFORMED LINE PRODUCTS CO;PLPC;False;False
0000080124;PRESIDENTIAL LIFE CORP;;False;True
0000080172;NATIONAL PRESTO INDUSTRIES INC;NPK;False;False
0000080420;POWELL INDUSTRIES INC;POWL;False;False
0000080424;PROCTER & GAMBLE Co;PG;False;False
0000080661;PROGRESSIVE CORP/OH/;PGR;False;False
0000081018;PUBLIC SERVICE CO OF COLORADO;;True;False
0000081020;"Duke Energy Indiana, LLC";;True;False
0000081023;PUBLIC SERVICE CO OF NEW MEXICO;PNMXO;True;False
0000081027;PUBLIC SERVICE CO OF OKLAHOMA;;True;False
0000081033;PUBLIC SERVICE ELECTRIC & GAS CO;;True;False
0000081061;PUBLIX SUPER MARKETS INC;;True;False
0000081100;PUGET SOUND ENERGY INC;;True;False
0000081157;PGI INC;;True;False
0000081318;"Yuma Energy, Inc.";;False;True
0000081362;QUAKER CHEMICAL CORP;KWR;False;False
0000081955;RAND CAPITAL CORP;RAND;False;False
0000082020;UNITED STATES LIME & MINERALS INC;USLM;False;False
0000082166;RAVEN INDUSTRIES INC;;False;True
0000082473;INNSUITES HOSPITALITY TRUST;IHT;False;False
0000082628;SYMMETRICOM INC;;False;True
0000082811;REGAL REXNORD CORP;RRX;False;False
0000083246;HSBC USA INC /MD/;;True;False
0000083350;RESERVE PETROLEUM CO;RSRV;True;False
0000083402;"RESOURCE AMERICA, INC.";;False;True
0000084112;"GEORGE RISK INDUSTRIES, INC.";RSKIA;True;False
0000084129;RITE AID CORP;;False;True
0000084246;RLI CORP;RLI;False;False
0000084290;"ROBBINS & MYERS, INC.";;False;True
0000084581;ROCK OF AGES CORP;;False;True
0000084748;ROGERS CORP;ROG;False;False
0000084839;ROLLINS INC;ROL;False;False
0000084919;"RCLC, INC.";;True;False
0000085408;ROWAN COMPANIES PLC;;False;True
0000085535;ROYAL GOLD INC;RGLD;False;False
0000085608;VALPEY FISHER CORP;;False;True
0000085704;"HARRIS TEETER SUPERMARKETS, INC.";;False;True
0000085961;RYDER SYSTEM INC;R;False;False
0000085974;RYLAND GROUP INC;;False;True
0000086115;SAFEGUARD SCIENTIFICS INC;SFES;False;False
0000086144;SAFEWAY INC;;False;True
0000086264;Carbon Energy Corp;;True;False
0000086312;"TRAVELERS COMPANIES, INC.";TRV;False;False
0000086521;SAN DIEGO GAS & ELECTRIC CO;;True;False
0000086759;SANTA FE FINANCIAL CORP;;True;False
0000087047;SB PARTNERS;;True;False
0000087050;Neonode Inc.;NEON;False;False
0000087347;SCHLUMBERGER LIMITED/NV;SLB;False;False
0000087565;SCHULMAN A INC;;False;True
0000087799;TRANSTECH INDUSTRIES INC;;True;False
0000087802;SCIENTIFIC INDUSTRIES INC;SCND;True;False
0000088000;Scott's Liquid Gold - Inc.;HKHC;True;False
0000088121;SEABOARD CORP /DE/;SEB;False;False
0000088205;"SPX Technologies, Inc.";SPXC;False;False
0000088572;SECURITY LAND & DEVELOPMENT CORP;;True;False
0000088790;INTRICON CORP;;False;True
0000088941;SEMTECH CORP;SMTC;False;False
0000088948;Seneca Foods Corp;SENEM;False;False
0000089041;SAGEMARK COMPANIES LTD;;True;False
0000089089;SERVICE CORP INTERNATIONAL;SCI;False;False
0000089140;SERVOTRONICS INC /DE/;;False;False
0000089270;SL INDUSTRIES INC;;False;True
0000089439;MUELLER INDUSTRIES INC;MLI;False;False
0000089800;SHERWIN WILLIAMS CO;SHW;False;False
0000090144;SIERRA PACIFIC POWER CO;;True;False
0000090168;SIFCO INDUSTRIES INC;SIF;False;False
0000090185;SIGMA ALDRICH CORP;;False;True
0000090310;SILVER BUTTE Co.;;True;False
0000090498;SIMMONS FIRST NATIONAL CORP;SFNC;False;False
0000090721;PERVASIP CORP;;True;False
0000090794;60 EAST 42ND STREET ASSOCIATES L.L.C.;;True;False
0000090896;Skyline Champion Corp;SKY;False;False
0000091142;SMITH A O CORP;AOS;False;False
0000091388;SMITHFIELD FOODS INC;SFD;True;False
0000091419;J M SMUCKER Co;SJM;False;False
0000091440;Snap-on Inc;SNA;False;False
0000091576;KEYCORP /NEW/;KEY-PL;False;False
0000091668;SOLITRON DEVICES INC;SODI;True;False
0000091741;SONESTA INTERNATIONAL HOTELS CORP;;False;True
0000091767;SONOCO PRODUCTS CO;SON;False;False
0000091882;"DOMINION ENERGY SOUTH CAROLINA, INC.";;True;False
0000091928;SOUTH JERSEY INDUSTRIES INC;;False;True
0000092103;SOUTHERN CALIFORNIA EDISON Co;SCE-PN;True;False
0000092108;SOUTHERN CALIFORNIA GAS CO;SOCGM;True;False
0000092116;Golden State Water CO;;True;False
0000092122;SOUTHERN CO;SOJF;False;False
0000092230;TRUIST FINANCIAL CORP;TFC-PR;False;False
0000092232;"SOUTHERN NATURAL GAS COMPANY, L.L.C.";;True;False
0000092380;SOUTHWEST AIRLINES CO;LUV;False;False
0000092416;SOUTHWEST GAS CORP;;True;False
0000092472;SOUTHWEST WATER CO;;False;True
0000092487;SOUTHWESTERN ELECTRIC POWER CO;;True;False
0000092521;SOUTHWESTERN PUBLIC SERVICE CO;;True;False
0000092679;SPARTON CORP;;False;True
0000092769;SPECTRUM CONTROL INC;;False;True
0000093205;"LIVING 3D HOLDINGS, INC.";;True;False
0000093314;VOLITIONRX LTD;VNRX;False;False
0000093384;STANDARD MICROSYSTEMS CORP;;False;True
0000093389;"STANDARD MOTOR PRODUCTS, INC.";SMP;False;False
0000093410;CHEVRON CORP;CVX;False;False
0000093451;STERLING BANCORP;;False;True
0000093456;STANDARD REGISTER CO;;False;True
0000093556;"STANLEY BLACK & DECKER, INC.";SWK;False;False
0000093631;FREDERICK'S OF HOLLYWOOD GROUP INC /NY/;;False;True
0000093676;STARRETT L S CO;;False;False
0000093751;STATE STREET CORP;STT-PG;False;False
0000093859;BIGLARI HOLDINGS INC.;;True;False
0000094049;STEPAN CO;SCL;False;False
0000094344;STEWART INFORMATION SERVICES CORP;STC;False;False
0000094610;SMURFIT-STONE CONTAINER Corp;;False;True
0000094784;ALSERES PHARMACEUTICALS INC /DE;;True;False
0000094845;LEVI STRAUSS & CO;LEVI;False;False
0000095029;STURM RUGER & CO INC;RGR;False;False
0000095047;DEER VALLEY CORP;;True;False
0000095052;ELIZABETH ARDEN INC;;False;True
0000095302;Worldwide Biotech & Pharmaceutical CO;;True;False
0000095304;SUNOCO INC;;False;True
0000095366;SUNAIR SERVICES CORP;;True;False
0000095521;SUPERVALU INC;;False;True
0000095552;SUPERIOR INDUSTRIES INTERNATIONAL INC;;False;False
0000095572;"SOLAR WIND ENERGY TOWER, INC.";;True;False
0000095574;"SUPERIOR GROUP OF COMPANIES, INC.";SGC;False;False
0000095779;"Swank, Inc.";;True;False
0000095953;ASCENT INDUSTRIES CO.;ACNT;False;False
0000096021;SYSCO CORP;SYY;False;False
0000096223;Jefferies Financial Group Inc.;JEF;False;False
0000096271;TAMPA ELECTRIC CO;;True;False
0000096289;RADIOSHACK CORP;;False;True
0000096412;TASTY BAKING CO;;False;True
0000096536;TAYLOR DEVICES INC;TAYD;False;False
0000096699;TECHNICAL COMMUNICATIONS CORP;;False;True
0000096763;PULSE ELECTRONICS CORP;;False;True
0000096793;SUNLINK HEALTH SYSTEMS INC;;False;False
0000096831;TECUMSEH PRODUCTS CO;;False;True
0000096869;TEJON RANCH CO;TRC;False;False
0000096885;TEL INSTRUMENT ELECTRONICS CORP;;False;True
0000096943;TELEFLEX INC;TFX;False;False
0000097052;TELTRONICS INC;;True;False
0000097134;TENNANT CO;TNC;False;False
0000097142;"TENNESSEE GAS PIPELINE COMPANY, L.L.C.";;True;False
0000097148;TEL OFFSHORE TRUST;;False;True
0000097196;AMERICAN INDEPENDENCE CORP;;False;True
0000097210;"TERADYNE, INC";TER;False;False
0000097216;TEREX CORP;TEX;False;False
0000097472;TEXAS INDUSTRIES INC;;False;True
0000097476;TEXAS INSTRUMENTS INC;TXN;False;False
0000097517;TEXAS PACIFIC LAND TRUST;;True;False
0000097745;THERMO FISHER SCIENTIFIC INC.;TMO;False;False
0000097854;THOMAS & BETTS CORP;;False;True
0000098222;TIDEWATER INC;TDGMW;False;False
0000098246;TIFFANY & CO;;False;True
0000098338;TSR INC;;False;False
0000098362;TIMKEN CO;TKR;False;False
0000098537;TODD SHIPYARDS CORP;;False;True
0000098618;ALANCO TECHNOLOGIES INC;;False;True
0000098677;TOOTSIE ROLL INDUSTRIES INC;TROLB;False;False
0000098720;TOREADOR RESOURCES CORP;;False;True
0000098752;TOROTEL INC;;True;False
0000099106;TRANS LUX Corp;;False;True
0000099249;REGENCY AFFILIATES INC;;True;False
0000099250;"TRANSCONTINENTAL GAS PIPE LINE COMPANY, LLC";;True;False
0000099302;TRANSCAT INC;TRNS;False;False
0000099313;TRANSNET CORP;;True;False
0000099359;BREEZE-EASTERN CORP;;False;True
0000099771;TRINITY CAPITAL CORP;;True;False
0000099780;TRINITY INDUSTRIES INC;TRN;False;False
0000100122;TUCSON ELECTRIC POWER CO;;True;False
0000100378;TWIN DISC INC;TWIN;False;False
0000100412;250 WEST 57TH ST ASSOCIATES L.L.C.;;True;False
0000100493;"TYSON FOODS, INC.";TSN;False;False
0000100517;"United Airlines Holdings, Inc.";UAL;False;False
0000100548;UGI UTILITIES INC;;True;False
0000100591;ARGAN INC;AGX;False;False
0000100625;SIERRA MONITOR CORP /CA/;;True;False
0000100716;UNICO AMERICAN CORP;;False;True
0000100726;UNIFI INC;UFI;False;False
0000100790;UNION CARBIDE CORP /NEW/;;True;False
0000100826;UNION ELECTRIC CO;UEPCO;True;False
0000100885;UNION PACIFIC CORP;UNP;False;False
0000101001;"UNITED AIR LINES, INC.";;True;False
0000101063;CHIQUITA BRANDS INTERNATIONAL INC;;False;True
0000101116;UNITED COMPONENTS INC;;True;False
0000101199;UNITED FIRE GROUP INC;UFCS;False;False
0000101295;UNITED GUARDIAN INC;UG;False;False
0000101382;UMB FINANCIAL CORP;UMBFO;False;False
0000101390;UNITED MORTGAGE TRUST;;True;False
0000101462;UNITED REFINING CO;;True;False
0000101538;UNITED STATES ANTIMONY CORP;UAMY;False;False
0000101594;US ENERGY CORP;USEG;False;False
0000101778;MARATHON OIL CORP;;False;False
0000101821;CANAL CAPITAL CORP;;True;False
0000101829;RAYTHEON TECHNOLOGIES CORP;RTX;False;False
0000101830;SPRINT Corp;;False;True
0000101984;UNIVERSAL ELECTRONICS INC;UEIC;False;False
0000102037;UNIVERSAL CORP /VA/;UVV;False;False
0000102109;UNIVERSAL SECURITY INSTRUMENTS INC;UUU;False;False
0000102198;CALMARE THERAPEUTICS Inc;;False;True
0000102212;UNIVEST FINANCIAL Corp;UVSP;False;False
0000102379;URS CORP /NEW/;;False;True
0000102588;SONOMAWEST HOLDINGS INC;;True;False
0000102729;VALMONT INDUSTRIES INC;VMI;False;False
0000102741;VALSPAR CORP;;False;True
0000102752;VSE CORP;VSECU;False;False
0000103096;TRC COMPANIES INC /DE/;;False;True
0000103145;VEECO INSTRUMENTS INC;VECO;False;False
0000103379;V F CORP;VFC;False;False
0000103595;VILLAGE SUPER MARKET INC;VLGEA;False;False
0000103682;VIRGINIA ELECTRIC & POWER CO;;True;False
0000103730;VISHAY INTERTECHNOLOGY INC;VSH;False;False
0000103872;"VOLT INFORMATION SCIENCES, INC.";;False;True
0000103884;ALEXANDERS J CORP;;True;False
0000104169;Walmart Inc.;WMT;False;False
0000104207;WALGREEN CO;;True;False
0000104777;"ALTEVA, INC.";;False;True
0000104819;WASHINGTON GAS LIGHT CO;;True;False
0000104889;Graham Holdings Co;GHC;False;False
0000104894;Elme Communities;ELME;False;False
0000104897;"WSI INDUSTRIES, INC.";;False;True
0000104918;AVISTA CORP;AVA;False;False
0000105016;WATSCO INC;WSO-B;False;False
0000105076;WAUSAU PAPER CORP.;;False;True
0000105132;WD 40 CO;WDFC;False;False
0000105319;"WW INTERNATIONAL, INC.";WW;False;False
0000105418;WEIS MARKETS INC;WMK;False;False
0000105608;AG&E HOLDINGS INC.;;False;True
0000105634;"EMCOR Group, Inc.";EME;False;False
0000105729;WESCO FINANCIAL CORP;;False;True
0000105744;"New Concept Energy, Inc.";GBR;False;False
0000105770;WEST PHARMACEUTICAL SERVICES INC;WST;False;False
0000106040;WESTERN DIGITAL CORP;WDC;False;False
0000106170;WESTERN MASSACHUSETTS ELECTRIC CO;;True;False
0000106311;"CATALYST RESOURCE GROUP, INC.";;True;False
0000106455;WESTMORELAND COAL Co;;False;True
0000106532;WEYCO GROUP INC;WEYS;False;False
0000106535;WEYERHAEUSER CO;WY;False;False
0000106618;HANDY & HARMAN LTD.;;False;True
0000106640;WHIRLPOOL CORP /DE/;WHR;False;False
0000106926;WHITNEY HOLDING CORP;;False;True
0000107140;"JOHN WILEY & SONS, INC.";WLYB;False;False
0000107263;"WILLIAMS COMPANIES, INC.";WMB;False;False
0000107454;WILSHIRE ENTERPRISES INC;;False;True
0000107681;WINN DIXIE STORES INC;;False;True
0000107687;WINNEBAGO INDUSTRIES INC;WGO;False;False
0000107815;WISCONSIN ELECTRIC POWER CO;WELPM;True;False
0000107832;WISCONSIN POWER & LIGHT CO;;True;False
0000107833;WISCONSIN PUBLIC SERVICE CORP;;True;False
0000108312;"Woodward, Inc.";WWD;False;False
0000108385;WORLD ACCEPTANCE CORP;WRLD;False;False
0000108516;WORTHINGTON INDUSTRIES INC;WOR;False;False
0000108772;XEROX CORP;;True;False
0000108985;YORK WATER CO;YORW;False;False
0000109156;ZALE CORP;;False;True
0000109177;"Spectrum Brands Holdings, Inc.";SPB;False;False
0000109198;TJX COMPANIES INC /DE/;TJX;False;False
0000109261;ZENITH NATIONAL INSURANCE CORP;;False;True
0000109380;"ZIONS BANCORPORATION, NATIONAL ASSOCIATION /UT/";ZIONP;False;False
0000109471;AEROSONIC CORP /DE/;;False;True
0000109563;APPLIED INDUSTRIAL TECHNOLOGIES INC;AIT;False;False
0000109657;"GT Biopharma, Inc.";GTBP;False;False
0000109757;COMMERCE GROUP CORP /WI/;;True;False
0000109758;ARBITRON INC;;False;True
0000110019;NORTHWEST PIPELINE LLC;;True;False
0000110027;LEAP TECHNOLOGY INC / DE;;True;False
0000110101;NORTH SHORE GAS CO /IL/;;True;False
0000110104;NORTHERN ILLINOIS GAS CO /IL/ /NEW/;;True;False
0000110430;FRONTIER OIL CORP /NEW/;;False;True
0000110471;WOLVERINE WORLD WIDE INC /DE/;WWW;False;False
0000110536;NATIONAL TECHNICAL SYSTEMS INC /CA/;;False;True
0000110621;RPM INTERNATIONAL INC/DE/;RPM;False;False
0000200155;"COLORADO INTERSTATE GAS COMPANY, L.L.C.";;True;False
0000200406;JOHNSON & JOHNSON;JNJ;False;False
0000201461;CITY NATIONAL CORP;;False;True
0000201533;CONSUMERS ENERGY CO;CMS-PB;True;False
0000201653;DIALYSIS CORP OF AMERICA;;False;True
0000201779;EXCALIBUR INDUSTRIES;;True;False
0000202058;"L3HARRIS TECHNOLOGIES, INC. /DE/";LHX;False;False
0000202584;"SYSTEM ENERGY RESOURCES, INC";;True;False
0000202947;CAPITAL PROPERTIES INC /RI/;CPTP;True;False
0000202953;PUBLIC STORAGE PROPERTIES LTD;;True;False
0000203077;ST JUDE MEDICAL INC;;False;True
0000203248;SOUTHERN UNION CO;;False;True
0000203527;VARIAN MEDICAL SYSTEMS INC;;False;True
0000203596;WESBANCO INC;WSBCO;False;False
0000205402;GRAYBAR ELECTRIC CO INC;;True;False
0000205462;HYNES & HOWES INSURANCE COUNSELORS INC;;True;False
0000205695;NATIONWIDE LIFE INSURANCE CO;;True;False
0000215419;CHECKPOINT SYSTEMS INC;;False;True
0000215466;"Coeur Mining, Inc.";CDE;False;False
0000215639;DVL INC /DE/;;True;False
0000216039;GRUBB & ELLIS CO;;False;True
0000216085;HAVERTY FURNITURE COMPANIES INC;HVT-A;False;False
0000216228;ITT INC.;ITT;False;False
0000216324;IMAGE ENTERTAINMENT INC;;False;True
0000216539;MEDIA GENERAL INC;;False;True
0000216748;OAKRIDGE ENERGY INC;;True;False
0000216877;PISMO COAST VILLAGE INC;;True;False
0000217346;TEXTRON INC;TXT;False;False
0000225051;ARDEN GROUP INC;;False;True
0000225211;Touchpoint Group Holdings Inc.;;False;True
0000225263;NEWPORT CORP;;False;True
0000225501;"MEDLINK INTERNATIONAL, INC.";;True;False
0000225628;"PASSUR Aerospace, Inc.";;True;False
0000225648;COVANTA HOLDING CORP;;False;True
0000225775;PUBLIC STORAGE PROPERTIES IV LTD;;True;False
0000225789;REAL ESTATE ASSOCIATES LTD/CA;;True;False
0000230211;FEDERAL EXPRESS CORP;;True;False
0000230498;Rock-Tenn CO;;True;False
0000230557;SELECTIVE INSURANCE GROUP INC;SIGIP;False;False
0000275053;NATURES SUNSHINE PRODUCTS INC;NATR;False;False
0000275119;BAYLAKE CORP;;False;True
0000275858;"Optelecom-NKF, Inc.";;False;True
0000275880;PARSONS CORP;PSN;False;False
0000276077;TIDELANDS ROYALTY TRUST B;;True;False
0000276209;CONNECTICUT WATER SERVICE INC / CT;;False;True
0000276283;EVANS & SUTHERLAND COMPUTER CORP;;True;False
0000276400;BANCINSURANCE CORP;;True;False
0000276720;PURE CYCLE CORP;PCYO;False;False
0000276750;AMBER RESOURCES CO OF COLORADO;;True;False
0000277058;NEVADA GOLD & CASINOS INC;;False;True
0000277135;"W.W. GRAINGER, INC.";GWW;False;False
0000277375;DELTA NATURAL GAS CO INC;;False;True
0000277509;FEDERAL SIGNAL CORP /DE/;FSS;False;False
0000277595;ENERGEN CORP;;False;True
0000277638;DAVEY TREE EXPERT CO;;True;False
0000277905;"American Retail Group, Inc.";;True;False
0000277924;CREDO PETROLEUM CORP;;False;True
0000277925;PUBLIC STORAGE PROPERTIES V LTD;;True;False
0000277928;"TII NETWORK TECHNOLOGIES, INC.";;False;True
0000277948;CSX CORP;CSX;False;False
0000278041;INTERNATIONAL SHIPHOLDING CORP;;False;True
0000278128;CENTURY PROPERTIES FUND XIV;;True;False
0000278130;PIER 1 IMPORTS INC/DE;;False;True
0000278165;OMNIQ Corp.;OMQS;False;False
0000278166;CAVCO INDUSTRIES INC.;CVCO;False;False
0000310056;VICON INDUSTRIES INC /NY/;;False;True
0000310142;SENSIENT TECHNOLOGIES CORP;SXT;False;False
0000310158;"Merck & Co., Inc.";MRK;False;False
0000310354;STANDEX INTERNATIONAL CORP/DE/;SXI;False;False
0000310485;NATIONAL PROPERTY INVESTORS III;;True;False
0000310522;FEDERAL NATIONAL MORTGAGE ASSOCIATION FANNIE MAE;FNMAP;False;True
0000310568;MICROSEMI CORP;;False;True
0000310764;STRYKER CORP;SYK;False;False
0000310826;PROTECTIVE LIFE INSURANCE CO;;True;False
0000311094;WESTAMERICA BANCORPORATION;WABC;False;False
0000311471;APCO OIL & GAS INTERNATIONAL INC;;False;True
0000311657;PRE PAID LEGAL SERVICES INC;;False;True
0000311817;HMG COURTLAND PROPERTIES INC;;False;True
0000312065;FLORIDA GAMING CORP;;True;False
0000312257;INNOVATIVE FOOD HOLDINGS INC;IVFH;True;False
0000312258;SINO SHIPPING HOLDINGS INC.;;True;False
0000313143;HAEMONETICS CORP;HAE;False;False
0000313151;SADDLEBROOK RESORTS INC;;True;False
0000313277;THERMAL ENERGY STORAGE INC;;True;False
0000313337;TRI CITY BANKSHARES CORP;;True;False
0000313353;"Paradigm Holdings, Inc";;True;False
0000313364;MESA ROYALTY TRUST/TX;MTR;False;False
0000313478;"HKN, Inc.";;False;True
0000313616;DANAHER CORP /DE/;DHR;False;False
0000313716;HARDINGE INC;;False;True
0000313927;CHURCH & DWIGHT CO INC /DE/;CHD;False;False
0000314197;GO EZ Corp;;True;False
0000314203;McEwen Mining Inc.;MUX;False;False
0000314227;"TOMI Environmental Solutions, Inc.";TOMZ;False;False
0000314237;REAL ESTATE ASSOCIATES LTD II;;True;False
0000314489;FIRST BUSEY CORP /NV/;BUSEP;False;False
0000314606;GEOKINETICS INC;;False;True
0000314690;CENTURY PROPERTIES FUND XV;;True;False
0000314712;"Boomerang Systems, Inc.";;True;False
0000314727;HANDLEMAN CO /MI/;;True;False
0000314741;REEVES TELECOM LTD PARTNERSHIP;;True;False
0000314808;Valaris Ltd;VAL-WT;False;True
0000315131;PHX MINERALS INC.;;False;False
0000315189;DEERE & CO;DE;False;False
0000315213;ROBERT HALF INTERNATIONAL INC.;RHI;False;False
0000315256;PUBLIC SERVICE CO OF NEW HAMPSHIRE;;True;False
0000315261;TEXAS VANGUARD OIL CO;;True;False
0000315293;Aon plc;AON;False;False
0000315374;HURCO COMPANIES INC;HURC;False;False
0000315449;UQM TECHNOLOGIES INC;;False;True
0000315545;"PROVECTUS BIOPHARMACEUTICALS, INC.";PVCT;False;True
0000315709;INTERNATIONAL BANCSHARES CORP;IBOC;False;False
0000315849;SOUTHWEST GEORGIA FINANCIAL CORP;;False;True
0000315852;RANGE RESOURCES CORP;RRC;False;False
0000315858;Bluegreen Vacations Holding Corp;;False;False
0000315958;CREDITRISKMONITOR COM INC;CRMZ;True;False
0000316028;KENT FINANCIAL SERVICES INC;;False;True
0000316206;"STARWOOD HOTEL & RESORTS WORLDWIDE, INC";;False;True
0000316253;ENZO BIOCHEM INC;;False;False
0000316300;EXCO RESOURCES INC;;False;True
0000316709;SCHWAB CHARLES CORP;SCHW-PJ;False;False
0000316736;FIELDPOINT PETROLEUM CORP;;False;True
0000316793;INTERNATIONAL RECTIFIER CORP /DE/;;False;True
0000317158;POLYDEX PHARMACEUTICALS LTD/BAHAMAS;;True;False
0000317187;PPL ELECTRIC UTILITIES CORP;;True;False
0000317331;CONSOLIDATED CAPITAL PROPERTIES III;;True;False
0000317340;MIKROS SYSTEMS CORP;;True;False
0000317477;COMPOSITE TECHNOLOGY CORP;;True;False
0000317540;"Coca-Cola Consolidated, Inc.";COKE;False;False
0000317771;TELLABS INC;;False;True
0000317788;"Digital Turbine, Inc.";APPS;False;False
0000317889;"Bulova Technologies Group, Inc.";;True;False
0000317900;ANGELES PARTNERS X;;True;False
0000318154;AMGEN INC;AMGN;False;False
0000318299;"SPARTA COMMERCIAL SERVICES, INC.";SRCO;True;False
0000318300;PEOPLES BANCORP INC;PEBO;False;False
0000318306;ABEONA THERAPEUTICS INC.;ABEO;False;False
0000318346;TASA PRODUCTS LTD;;True;False
0000318508;NATIONAL PROPERTY INVESTORS 4;;True;False
0000318622;GLOBAL HEALTH VOYAGER INC;;True;False
0000318673;SECURITY NATIONAL FINANCIAL CORP;SNFCA;False;False
0000318716;NEW CENTURY COMPANIES INC;;True;False
0000318833;TEAM INC;TISI;False;False
0000318835;DSI REALTY INCOME FUND VI;;True;False
0000318986;REAL ESTATE ASSOCIATES LTD III;;True;False
0000318996;KEY ENERGY SERVICES INC;;False;True
0000319008;STATMON TECHNOLOGIES CORP;;True;False
0000319016;"Fuse Medical, Inc.";FZMD;True;False
0000319156;CUBIC ENERGY INC;;False;True
0000319200;REGENT TECHNOLOGIES INC;;True;False
0000319201;KLA CORP;KLAC;False;False
0000319240;IRIS INTERNATIONAL INC;;False;True
0000319458;Enservco Corp;;False;False
0000319654;PERMIAN BASIN ROYALTY TRUST;PBT;False;False
0000319655;SAN JUAN BASIN ROYALTY TRUST;SJT;False;False
0000319671;GLOBAL GOLD CORP;;True;False
0000319687;"UNITED AIRLINES, INC.";;False;True
0000319723;SHELTER PROPERTIES II LTD PARTNERSHIP;;True;False
0000319815;MAXWELL TECHNOLOGIES INC;;False;True
0000320017;"LISATA THERAPEUTICS, INC.";LSTA;False;False
0000320121;TELOS CORP;TLS;False;False
0000320174;Perseon Corp;;False;True
0000320187;"NIKE, Inc.";NKE;False;False
0000320193;Apple Inc.;AAPL;False;False
0000320335;GLOBE LIFE INC.;GL-PD;False;False
0000320340;CoreCard Corp;;False;False
0000320345;MICROS SYSTEMS INC;;False;True
0000320387;FIRST M&F CORP/MS;;False;True
0000320431;"UNIFIED GROCERS, INC.";;True;False
0000320575;PIONEER ENERGY SERVICES CORP;;False;True
0000350077;WMS INDUSTRIES INC /DE/;;False;True
0000350199;CACHE INC;;False;True
0000350403;PHI INC;;False;True
0000350524;"SOMERSET INTERNATIONAL GROUP,INC.";;True;False
0000350563;TECO ENERGY INC;;False;True
0000350644;Lattice INC;;True;False
0000350698;"AUTONATION, INC.";AN;False;False
0000350737;OCEAN BIO CHEM INC;;False;True
0000350797;EATON VANCE CORP;;False;True
0000350832;AMERICAN PACIFIC CORP;;False;True
0000350846;SUPREME INDUSTRIES INC;;False;True
0000350852;COMMUNITY TRUST BANCORP INC /KY/;CTBI;False;False
0000350868;"ITERIS, INC.";;False;False
0000350894;SEI INVESTMENTS CO;SEIC;False;False
0000350907;THORATEC CORP;;False;True
0000350917;EMULEX CORP /DE/;;False;True
0000351017;"AUTOINFO, INC";;True;False
0000351077;"CITIZENS REPUBLIC BANCORP, INC.";;False;True
0000351231;DAWSON GEOPHYSICAL CO;;True;False
0000351346;BIOMET INC;;True;False
0000351397;DETONICS SMALL ARMS LTD;;True;False
0000351498;US 1 INDUSTRIES INC;;True;False
0000351569;Ameris Bancorp;ABCB;False;False
0000351789;ELECTRO SENSORS INC;ELSE;False;False
0000351809;WIND ENERGY AMERICA INC.;;True;False
0000351817;"SILVERBOW RESOURCES, INC.";;False;False
0000351834;SunOpta Inc.;STKL;False;False
0000351902;THERMODYNETICS INC;;True;False
0000351903;EPOCH HOLDING CORP;;False;True
0000351931;CENTURY PROPERTIES FUND XVI;;True;False
0000351936;XEROX CREDIT CORP;;True;False
0000351998;DATA I/O CORP;DAIO;False;False
0000352049;TOLEDO EDISON CO;;True;False
0000352363;Kate Spade & Co;;False;True
0000352541;ALLIANT ENERGY CORP;LNT;False;False
0000352736;ALLSTATE LIFE INSURANCE CO;;True;False
0000352747;UNIGENE LABORATORIES INC;;True;False
0000352825;FOSTER L B CO;FSTR;False;False
0000352915;UNIVERSAL HEALTH SERVICES INC;UHS;False;False
0000352955;"CKX LANDS, INC.";CKX;False;False
0000352983;CONSOLIDATED CAPITAL INSTITUTIONAL PROPERTIES;;True;False
0000352991;ADVANCED OXYGEN TECHNOLOGIES INC;AOXY;True;False
0000352998;"Teligent, Inc.";;False;True
0000353020;Aegion Corp;;False;True
0000353184;AIR T INC;AIRTP;False;False
0000353191;NORTH VALLEY BANCORP;;False;True
0000353230;OMNICARE INC;;False;True
0000353386;SOUTHEASTERN BANKING CORP;;True;False
0000353394;"Leidos, Inc.";;True;False
0000353569;QUIDEL CORP /DE/;;True;False
0000353681;ANV SECURITY GROUP INC.;;True;False
0000353944;INTERNATIONAL GAME TECHNOLOGY;;False;True
0000354190;Arthur J. Gallagher & Co.;AJG;False;False
0000354260;SOFTECH INC;;True;False
0000354521;CAPITAL REALTY INVESTORS LTD;;True;False
0000354567;Glen Rose Petroleum CORP;;False;True
0000354647;CVB FINANCIAL CORP;CVBF;False;False
0000354655;BOLT TECHNOLOGY CORP;;False;True
0000354699;"Advance Nanotech, Inc.";;True;False
0000354706;FIRST PULASKI NATIONAL CORP;;True;False
0000354707;HAWAIIAN ELECTRIC INDUSTRIES INC;HE;False;False
0000354813;INTERNATIONAL LOTTERY & TOTALIZATOR SYSTEMS INC;;True;False
0000354869;FIRSTMERIT CORP /OH/;;False;True
0000354908;FLIR SYSTEMS INC;;False;True
0000354950;"HOME DEPOT, INC.";HD;False;False
0000354963;SHENANDOAH TELECOMMUNICATIONS CO/VA/;SHEN;False;False
0000354964;HSBC Finance Corp;;True;False
0000355019;FONAR CORP;FONR;False;False
0000355300;ENDEVCO INC;;True;False
0000355356;IMPERIAL PETROLEUM INC;;True;False
0000355379;MIDWEST HOLDING INC.;;True;False
0000355429;PROTECTIVE LIFE CORP;;False;True
0000355573;REAL ESTATE ASSOCIATES LTD IV;;True;False
0000355627;CTI GROUP HOLDINGS INC;;True;False
0000355637;NATIONAL PROPERTY INVESTORS 5;;True;False
0000355766;Hallwood Group Inc;;False;True
0000355777;LOJACK CORP;;False;True
0000355804;CONSOLIDATED CAPITAL PROPERTIES IV;;True;False
0000355811;GENTEX CORP;GNTX;False;False
0000355948;"RICHARDSON ELECTRONICS, LTD.";RELL;False;False
0000355999;ESSENDANT INC;;False;True
0000356028;"CA, INC.";;False;True
0000356037;CSP INC /MA/;CSPI;False;False
0000356080;BELO CORP;;False;True
0000356130;EMC INSURANCE GROUP INC;;False;True
0000356171;TRICO BANCSHARES /;TCBK;False;False
0000356213;PINNACLE ENTERTAINMENT INC.;;True;False
0000356292;NEXT GENERATION ENERGY CORP.;;True;False
0000356309;NEW JERSEY RESOURCES CORP;NJR;False;False
0000356472;CENTURY PROPERTIES FUND XVII;;True;False
0000356590;"GLOBAL TECH INDUSTRIES GROUP, INC.";GTII;True;False
0000356591;NEUROLOGIX INC/DE;;True;False
0000356801;NATIONAL CONSUMER COOPERATIVE BANK /DC/;;True;False
0000356870;"ZONZIA MEDIA, INC.";;True;False
0000357001;TRIMEDYNE INC;;True;False
0000357020;Xcerra Corp;;False;True
0000357097;"Fibrocell Science, Inc.";;False;True
0000357108;ISC8 INC. /DE;;False;True
0000357173;OLD SECOND BANCORP INC;OSBC;False;False
0000357264;PACIFIC CAPITAL BANCORP /CA/;;False;True
0000357294;HOVNANIAN ENTERPRISES INC;HOVVB;False;False
0000357301;TRUSTCO BANK CORP N Y;TRST;False;False
0000700564;FULTON FINANCIAL CORP;FULTP;False;False
0000700565;"FIRST MID BANCSHARES, INC.";FMBH;False;False
0000700721;AMERICAN MEDICAL ALERT CORP;;False;True
0000700733;NATIONAL PENN BANCSHARES INC;;False;True
0000700764;"VICTORY OILFIELD TECH, INC.";;True;False
0000700815;ADINO ENERGY CORP;;True;False
0000700841;"RCM TECHNOLOGIES, INC.";RCMT;False;False
0000700863;SUSQUEHANNA BANCSHARES INC;;False;True
0000700890;AsherXino Corp;;True;False
0000700923;MYR GROUP INC.;MYRG;False;False
0000700998;COMPUMED INC;;True;False
0000701221;CIGNA CORP;;True;False
0000701288;ATRION CORP;;False;False
0000701345;US AIRWAYS GROUP INC;;False;True
0000701347;CENTRAL PACIFIC FINANCIAL CORP;CPF;False;False
0000701374;Six Flags Entertainment Corp;;False;False
0000701719;Envela Corp;ELA;False;False
0000701811;MENTOR GRAPHICS CORP;;False;True
0000701853;BANCORPSOUTH INC;;True;False
0000701869;INDEPENDENCE HOLDING CO;;False;True
0000701985;"Bath & Body Works, Inc.";BBWI;False;False
0000702165;NORFOLK SOUTHERN CORP;NSC;False;False
0000702174;SHELTER PROPERTIES IV LIMITED PARTNERSHIP;;True;False
0000702325;FIRST MIDWEST BANCORP INC;;False;True
0000702513;Bank of Commerce Holdings;;False;True
0000702644;REAL ESTATE ASSOCIATES LTD V;;True;False
0000702902;HARLEYSVILLE NATIONAL CORP;;False;True
0000703329;FIRST FARMERS & MERCHANTS CORP;;True;False
0000703339;"Capital Group Holdings, Inc.";;True;False
0000703351;"BRINKER INTERNATIONAL, INC";EAT;False;False
0000703360;LSI CORP;;False;True
0000703361;INTEGRATED DEVICE TECHNOLOGY INC;;False;True
0000703604;"Distribution Solutions Group, Inc.";DSGR;False;False
0000703699;SOUTHERN MICHIGAN BANCORP INC;;True;False
0000703901;VIROPRO INC;;True;False
0000704051;"LEGG MASON, INC.";;False;True
0000704159;VBI VACCINES INC.;;True;False
0000704165;REALMARK PROPERTY INVESTORS LTD PARTNERSHIP II;;True;False
0000704172;PHI GROUP INC;PHIL;True;False
0000704328;SOMANETICS CORP;;False;True
0000704366;"WOD Retail Solutions, Inc.";;True;False
0000704384;BIOVEST INTERNATIONAL INC;;True;False
0000704415;"TIVITY HEALTH, INC.";;False;True
0000704432;HYDROMER INC;;True;False
0000704440;"KORU Medical Systems, Inc.";KRMD;False;False
0000704532;ONTO INNOVATION INC.;ONTO;False;True
0000704561;UNITED BANCORPORATION OF ALABAMA INC;;True;False
0000704562;"Avid Bioservices, Inc.";;False;False
0000705200;PAB BANKSHARES INC;;False;True
0000705432;SOUTHSIDE BANCSHARES INC;SBSI;False;False
0000705752;CENTURY PROPERTIES FUND XIX;;True;False
0000705868;"Benda Pharmaceutical, Inc.";;True;False
0000706129;HORIZON BANCORP INC /IN/;HBNC;False;False
0000706465;HENRY COUNTY BANCSHARES INC;;True;False
0000706688;AARON'S INC;;True;False
0000706698;UTAH MEDICAL PRODUCTS INC;UTMD;False;False
0000706863;UNION BANKSHARES INC;UNB;False;False
0000706874;PALMETTO BANCSHARES INC;;False;True
0000707179;OLD NATIONAL BANCORP /IN/;ONBPP;False;False
0000707388;"STAR EQUITY HOLDINGS, INC.";;False;False
0000707511;REGENERX BIOPHARMACEUTICALS INC;;False;True
0000707549;LAM RESEARCH CORP;LRCX;False;False
0000707604;BRITTON & KOONTZ CAPITAL CORP;;False;True
0000707605;AMERISERV FINANCIAL INC /PA/;ASRV;False;False
0000707674;FACT CORP;;True;False
0000707855;PRINCETON NATIONAL BANCORP INC;;False;True
0000707886;UNITED COMMUNITY FINANCIAL CORP;;False;True
0000708717;"Tamir Biotechnology, Inc.";;True;False
0000708781;CASS INFORMATION SYSTEMS INC;CASS;False;False
0000708818;"NEXTGEN HEALTHCARE, INC.";;False;True
0000708819;MCDERMOTT INTERNATIONAL INC;;False;True
0000708821;PAR TECHNOLOGY CORP;PAR;False;False
0000708850;DIONEX CORP /DE;;False;True
0000708870;NATIONAL PROPERTY INVESTORS 6;;True;False
0000708955;FIRST FINANCIAL BANCORP /OH/;FFBC;False;False
0000709005;NOBLE ROMANS INC;NROM;True;False
0000709255;TEXTRON FINANCIAL CORP;;True;False
0000709283;QUANTUM CORP /DE/;QMCO;False;False
0000709337;FARMERS NATIONAL BANC CORP /OH/;FMNB;False;False
0000709804;Steel Excel Inc.;;False;True
0000709878;UNIVERSAL AMERICAN CORP.;;True;False
0000709942;Wilber CORP;;False;True
0000710507;"FIRST BANKS, INC";;True;False
0000710597;AXCESS INTERNATIONAL INC/TX;;True;False
0000710752;SABINE ROYALTY TRUST;SBR;False;False
0000710782;"Liaoning Shuiyun Qinghe Rice Industry Co., Ltd.";;True;False
0000710846;"Fushi Copperweld, Inc.";;False;True
0000711034;THUNDER MOUNTAIN GOLD INC;THMG;True;False
0000711065;APPLIED MICRO CIRCUITS CORP;;False;True
0000711213;DEL TACO RESTAURANT PROPERTIES I;;True;False
0000711303;MESA OFFSHORE TRUST;;True;False
0000711377;NEOGEN CORP;NEOG;False;False
0000711404;"COOPER COMPANIES, INC.";COO;False;False
0000711477;KIEWIT ROYALTY TRUST;;True;False
0000711513;BOEING CAPITAL CORP;;True;False
0000711642;ANGELES INCOME PROPERTIES LTD II;;True;False
0000711665;FC Global Realty Inc;;False;True
0000711669;COLONY BANKCORP INC;CBAN;False;False
0000711772;CAMBRIDGE BANCORP;;False;False
0000712034;ACCO BRANDS Corp;ACCO;False;False
0000712515;ELECTRONIC ARTS INC.;EA;False;False
0000712534;FIRST MERCHANTS CORP;FRMEP;False;False
0000712537;FIRST COMMONWEALTH FINANCIAL CORP /PA/;FCF;False;False
0000712753;SHELTER PROPERTIES V LIMITED PARTNERSHIP;;True;False
0000712757;CAMBRIDGE HOLDINGS LTD;;True;False
0000712770;ONE LIBERTY PROPERTIES INC;OLP;False;False
0000712771;"ConnectOne Bancorp, Inc.";CNOBP;False;False
0000713002;FLOW INTERNATIONAL CORP;;False;True
0000713095;FARMERS CAPITAL BANK CORP;;False;True
0000713275;PHARMOS CORP;;True;False
0000713425;AMERICAN SOFTWARE INC;;False;False
0000713671;DNB FINANCIAL CORP /PA/;;False;True
0000713676;"PNC FINANCIAL SERVICES GROUP, INC.";PNC;False;False
0000714256;Sanara MedTech Inc.;SMTI;False;False
0000714284;"SORL Auto Parts, Inc.";;False;True
0000714310;VALLEY NATIONAL BANCORP;VLYPN;False;False
0000714311;INTERNATIONAL LEASE FINANCE CORP;;True;False
0000714395;"GERMAN AMERICAN BANCORP, INC.";GABC;False;False
0000714530;NEWBRIDGE BANCORP;;False;True
0000714560;US AIRWAYS INC;;True;False
0000714562;FIRST FINANCIAL CORP /IN/;THFF;False;False
0000714603;DST SYSTEMS INC;;False;True
0000714712;JUNIATA VALLEY FINANCIAL CORP;JUVF;True;False
0000714756;AMCORE FINANCIAL INC;;False;True
0000714980;CITY NATIONAL BANCSHARES CORP;;True;False
0000715072;RENASANT CORP;RNST;False;False
0000715073;WEGENER CORP;;False;True
0000715446;Anixa Biosciences Inc;ANIX;False;False
0000715578;REAL ESTATE ASSOCIATES LTD VI;;True;False
0000715579;ACNB CORP;ACNB;False;False
0000715787;INTERFACE INC;TILE;False;False
0000715788;"EVIO, INC.";;True;False
0000715812;BIOSYNERGY INC;;True;False
0000715957;"DOMINION ENERGY, INC";D;False;False
0000716006;Yellow Corp;;False;True
0000716054;CYPRESS BIOSCIENCE INC;;False;True
0000716133;CINCINNATI BELL INC;;False;True
0000716314;GRAHAM CORP;GHM;False;False
0000716457;FRONTIER FINANCIAL CORP /WA/;;False;True
0000716605;PENNS WOODS BANCORP INC;;False;False
0000716634;READING INTERNATIONAL INC;RDIB;False;False
0000716643;REGIS CORP;RGS;False;False
0000716646;CLINICAL DATA INC;;False;True
0000716688;MICROWAVE FILTER CO INC /NY/;;True;False
0000716749;"NATURAL BLUE RESOURCES, INC.";;True;False
0000716778;SPO Global Inc;;True;False
0000717059;WEST COAST BANCORP /NEW/OR/;;False;True
0000717423;MURPHY OIL CORP;MUR;False;False
0000717538;ARROW FINANCIAL CORP;AROW;False;False
0000717588;"China Solar & Clean Energy Solutions, Inc.";;True;False
0000717605;HEXCEL CORP /DE/;HXL;False;False
0000717720;VALUE LINE INC;VALU;False;False
0000717724;DRESS BARN INC;;True;False
0000717806;"FIRST US BANCSHARES, INC.";FUSB;False;False
0000717954;UNIFIRST CORP;UNF;False;False
0000718074;NU HORIZONS ELECTRONICS CORP;;False;True
0000718096;COSMO COMMUNICATIONS CORP;;True;False
0000718130;INTEGRAL SYSTEMS INC /MD/;;False;True
0000718332;"RAVE RESTAURANT GROUP, INC.";RAVE;False;False
0000718396;VICON FIBER OPTICS CORP;;True;False
0000718413;COMMUNITY BANCORP /VT;CMTV;True;False
0000718789;SHFL entertainment Inc.;;False;True
0000718877;"Activision Blizzard, Inc.";;False;True
0000718916;BURLINGTON COAT FACTORY WAREHOUSE CORP;;True;False
0000718924;SPAN AMERICA MEDICAL SYSTEMS INC;;False;True
0000718937;STAAR SURGICAL CO;STAA;False;False
0000719135;Apyx Medical Corp;APYX;False;False
0000719152;INTEGRAL VISION INC;;True;False
0000719164;SCHAWK INC;;False;True
0000719184;CONSOLIDATED CAPITAL INSTITUTIONAL PROPERTIES 2;;True;False
0000719209;ISRAMCO INC;;False;True
0000719220;S&T BANCORP INC;STBA;False;False
0000719264;FIRST CITIZENS BANCSHARES INC /TN/;;True;False
0000719274;GIGA TRONICS INC;;False;True
0000719402;FIRST NATIONAL CORP /VA/;FXNC;False;False
0000719413;HECLA MINING CO/DE/;HL-PB;False;False
0000719494;"Inrad Optics, Inc.";;True;False
0000719581;DSI REALTY INCOME FUND VII;;True;False
0000719731;HERITAGE BANKSHARES INC /VA;;True;False
0000719733;KEY TRONIC CORP;KTCC;False;False
0000719739;SVB FINANCIAL GROUP;;False;True
0000719866;ARCTIC CAT INC;;False;True
0000719955;WILLIAMS SONOMA INC;WSM;False;False
0000720002;MAINSOURCE FINANCIAL GROUP;;False;True
0000720005;RAYMOND JAMES FINANCIAL INC;RJF;False;False
0000720154;"Inotiv, Inc.";NOTV;False;False
0000720392;ANGELES PARTNERS XII;;True;False
0000720500;AMTECH SYSTEMS INC;ASYS;False;False
0000720672;STIFEL FINANCIAL CORP;SF-PD;False;False
0000720762;NON INVASIVE MONITORING SYSTEMS INC /FL/;NIMU;True;False
0000720858;INVESTORS TITLE CO;ITIC;False;False
0000720875;DYNATRONICS CORP;DYNTQ;False;False
0000721083;SMITH INTERNATIONAL INC;;False;True
0000721237;NOBEL LEARNING COMMUNITIES INC;;False;True
0000721371;CARDINAL HEALTH INC;CAH;False;False
0000721447;CCA INDUSTRIES INC;;False;True
0000721683;TOTAL SYSTEM SERVICES INC;;False;True
0000721693;Smart Powerr Corp.;CREG;False;False
0000721765;LL&E ROYALTY TRUST;;True;False
0000721994;LAKELAND FINANCIAL CORP;LKFN;False;False
0000722077;AMC ENTERTAINMENT INC;;True;False
0000722079;TERRA INDUSTRIES INC;;False;True
0000722104;SAVIENT PHARMACEUTICALS INC;;False;True
0000722256;HUDSON VALLEY HOLDING CORP;;False;True
0000722313;NORTECH SYSTEMS INC;NSYS;False;False
0000722392;PLANAR SYSTEMS INC;;False;True
0000722567;CAPRIUS INC;;True;False
0000722572;FRANKLIN WIRELESS CORP;FKWL;False;False
0000722617;MEDICAL NUTRITION USA INC;;False;True
0000722648;REAL ESTATE ASSOCIATES LTD VII;;True;False
0000722723;"HANGER, INC.";;False;True
0000722830;IMMUNOMEDICS INC;;False;True
0000722833;CAPITAL REALTY INVESTORS III LTD PARTNERSHIP;;True;False
0000723125;MICRON TECHNOLOGY INC;MU;False;False
0000723188;"COMMUNITY BANK SYSTEM, INC.";CBU;False;False
0000723254;CINTAS CORP;CTAS;False;False
0000723269;"IRONSTONE PROPERTIES, INC.";;True;False
0000723458;STATE BANCORP INC;;False;True
0000723531;PAYCHEX INC;PAYX;False;False
0000723533;Longwen Group Corp.;WYGC;True;False
0000723594;FIRST CENTURY BANKSHARES INC;;True;False
0000723603;CULP INC;CULP;False;False
0000723612;"AVIS BUDGET GROUP, INC.";CAR;False;False
0000723646;FRANKLIN FINANCIAL SERVICES CORP /PA/;FRAF;False;False
0000723733;"MULTI SOLUTIONS II, INC";;True;False
0000723889;MICROFLUIDICS INTERNATIONAL CORP;;True;False
0000724004;MESA LABORATORIES INC /CO/;MLAB;False;False
0000724024;AMERICAN PHYSICIANS SERVICE GROUP INC;;False;True
0000724267;PHAZAR CORP;;False;True
0000724445;BURZYNSKI RESEARCH INSTITUTE INC;BZYR;True;False
0000724571;FREDS INC;;False;True
0000724606;PANERA BREAD CO;;False;True
0000724742;Trinity Place Holdings Inc.;TPHS;False;False
0000724910;NVE CORP /NEW/;NVEC;False;False
0000724915;"SEN YU INTERNATIONAL HOLDINGS, INC.";;True;False
0000724941;MERISEL INC /DE/;;True;False
0000725363;CEL SCI CORP;CVM;False;False
0000725394;DALRADA FINANCIAL CORP;DHTI;True;False
0000725460;"PC GROUP, INC.";;False;True
0000725537;SECURITY CAPITAL CORP/MS;;True;False
0000725876;Function(x) Inc.;;False;True
0000725929;"B2Digital, Inc.";;True;False
0000726037;"WINDGEN ENERGY, INC.";;True;False
0000726293;"NewBridge Global Ventures, Inc.";;True;False
0000726435;"APOLLO SOLAR ENERGY, INC.";;True;False
0000726513;TRIBUNE MEDIA CO;;False;True
0000726514;ELECTRO SCIENTIFIC INDUSTRIES INC;;False;True
0000726516;"Direct Investment Holdings Group, Inc.";;True;False
0000726517;MERCHANTS BANCSHARES INC;;False;True
0000726601;CAPITAL CITY BANK GROUP INC;CCBG;False;False
0000726728;REALTY INCOME CORP;O;False;False
0000726845;CAPITAL GOLD CORP;;False;True
0000726854;CITY HOLDING CO;CHCO;False;False
0000726865;LINCOLN NATIONAL LIFE INSURANCE CO /IN/;;True;False
0000726958;CASEYS GENERAL STORES INC;CASY;False;False
0000726990;AMERICANWEST BANCORPORATION;;False;True
0000727207;"Accelerate Diagnostics, Inc";;False;False
0000727273;CADIZ INC;CDZIP;False;False
0000727346;"SELECTIS HEALTH, INC.";GBCS;True;False
0000727510;"ENZON PHARMACEUTICALS, INC.";ENZN;False;True
0000727538;APACHE OFFSHORE INVESTMENT PARTNERSHIP;;True;False
0000727634;iSign Solutions Inc.;;True;False
0000727672;SPECTRASCIENCE INC;;True;False
0000727892;RIVERSOURCE LIFE INSURANCE CO;;True;False
0000727920;Equitable Financial Life Insurance Co;;True;False
0000728249;INTERPHASE CORP;;False;True
0000728303;COAST DISTRIBUTION SYSTEM INC;;False;True
0000728331;SUTRON CORP;;False;True
0000728385;Midwest Energy Emissions Corp.;BCHTD;True;False
0000728387;"Isoray, Inc.";CATX;False;False
0000728391;"IPALCO ENTERPRISES, INC.";;True;False
0000728447;"EVO Transportation & Energy Services, Inc.";;True;False
0000728478;KENT INTERNATIONAL HOLDINGS INC;;True;False
0000728535;HUNT J B TRANSPORT SERVICES INC;JBHT;False;False
0000729156;PEOPLES EDUCATIONAL HOLDINGS;;False;True
0000729237;PARKWAY PROPERTIES INC;;False;True
0000729580;BEL FUSE INC /NJ;BELFB;False;False
0000729922;OSI PHARMACEUTICALS INC;;False;True
0000729986;UNITED BANKSHARES INC/WV;UBSI;False;False
0000730000;SUPERTEX INC;;False;True
0000730030;COMM BANCORP INC;;False;True
0000730255;CalAmp Corp.;;False;False
0000730263;THOR INDUSTRIES INC;THO;False;False
0000730272;REPLIGEN CORP;RGEN;False;False
0000730349;TOFUTTI BRANDS INC;TOFB;False;True
0000730464;Adtalem Global Education Inc.;ATGE;False;False
0000730669;FCCC INC;;True;False
0000730708;SEACOAST BANKING CORP OF FLORIDA;SBCF;False;False
0000730716;ZYGO CORP;;False;True
0000730729;Genesis Solar Corp;;True;False
0000731012;HEALTHCARE SERVICES GROUP INC;HCSG;False;False
0000731122;CCFNB BANCORP INC;CCFN;True;False
0000731131;NATIONAL HOUSING PARTNERSHIP REALTY FUND I;;True;False
0000731245;PRESIDENTIAL REALTY CORP/DE/;;False;True
0000731288;PACCAR FINANCIAL CORP;;True;False
0000731653;UNITED BANCORP INC /OH/;UBCP;False;False
0000731657;SPIRE Corp;;False;True
0000731727;SILVERADO GOLD MINES LTD;;True;False
0000731766;UNITEDHEALTH GROUP INC;UNH;False;False
0000731802;ATMOS ENERGY CORP;ATO;False;False
0000731859;AMPAL-AMERICAN ISRAEL CORP;;False;True
0000731939;TEMPLE INLAND INC;;False;True
0000732026;TRIO-TECH INTERNATIONAL;TRT;False;False
0000732412;MULTIBAND CORP;;False;True
0000732417;HILLS BANCORPORATION;HBIA;True;False
0000732485;GENZYME CORP;;False;True
0000732712;VERIZON COMMUNICATIONS INC;VZ;False;False
0000732717;AT&T INC.;T-PC;False;False
0000732834;"CONTINENTAL RESOURCES, INC";;False;True
0000733076;BRIGHTHOUSE LIFE INSURANCE Co;;True;False
0000733269;"LiveRamp Holdings, Inc.";RAMP;False;False
0000733337;"PwrCor, Inc.";;True;False
0000733590;TRANSCONTINENTAL REALTY INVESTORS INC;TCI;False;False
0000734089;DRAYTON RICHDALE CORP;;True;False
0000734543;"ALCO, INC.";;True;False
0000735993;BAKBONE SOFTWARE INC;;True;False
0000736012;INTRUSION INC;INTZ;False;False
0000736772;CNB FINANCIAL CORP/PA;CCNEP;False;False
0000736822;IMMUCOR INC;;False;True
0000736994;ALLIANCE PHARMACEUTICAL CORP.;;True;False
0000737207;"Adhera Therapeutics, Inc.";;True;False
0000737210;LNB BANCORP INC;;False;True
0000737300;COVER ALL TECHNOLOGIES INC;;False;True
0000737468;WASHINGTON TRUST BANCORP INC;WASH;False;False
0000737561;UCI MEDICAL AFFILIATES INC;;True;False
0000737758;TORO CO;TTC;False;False
0000737875;FIRST KEYSTONE CORP;FKYS;True;False
0000738214;"AEMETIS, INC";AMTX;False;False
0000739421;CITIZENS FINANCIAL SERVICES INC;CZFS;False;False
0000739608;PENFORD CORP;;False;True
0000739708;"iHeartCommunications, Inc.";;True;False
0000739878;"KID BRANDS, INC";;False;True
0000739944;MEDTOX SCIENTIFIC INC;;False;True
0000740156;CENTURY PROPERTIES GROWTH FUND XXII;;True;False
0000740260;"Ventas, Inc.";VTR;False;False
0000740371;CAPITAL REALTY INVESTORS IV LIMITED PARTNERSHIP;;True;False
0000740571;NVCN CORP;;True;False
0000740663;FIRST OF LONG ISLAND CORP;;False;False
0000740664;R F INDUSTRIES LTD;RFIL;False;False
0000740670;MICHAELS STORES INC;;True;False
0000740694;KAYDON CORP;;False;True
0000740726;BROADCAST INTERNATIONAL INC;;True;False
0000740761;BUCYRUS INTERNATIONAL INC;;False;True
0000740806;F&M BANK CORP;FMBM;True;False
0000740942;TOWER BANCORP INC;;False;True
0000740971;OLD POINT FINANCIAL CORP;;False;False
0000741114;"iSatori, Inc.";;True;False
0000741508;"NV ENERGY, INC.";;False;True
0000741516;AMERICAN NATIONAL BANKSHARES INC.;;False;False
0000741556;TECHNOLOGY RESEARCH CORP;;False;True
0000741696;APPLIED SIGNAL TECHNOLOGY INC;;False;True
0000741815;HOOPER HOLMES INC;;False;True
0000742054;CADENCE FINANCIAL CORP;;False;True
0000742112;INVACARE CORP;;False;True
0000742126;"US ECOLOGY, INC.";;True;False
0000742161;FIRST FRANKLIN CORP;;False;True
0000742278;RPC INC;RES;False;False
0000742550;XETA TECHNOLOGIES INC;;False;True
0000743238;"SHYFT GROUP, INC.";;True;False
0000743241;Latteno Food Corp;;True;False
0000743316;MAXIM INTEGRATED PRODUCTS INC;;False;True
0000743366;DSI REALTY INCOME FUND VIII;;True;False
0000743367;BAR HARBOR BANKSHARES;BHB;False;False
0000743758;"AiAdvertising, Inc.";;True;False
0000743870;RANCON REALTY FUND IV;;True;False
0000743988;XILINX INC;;False;True
0000744126;FIRST CHESTER COUNTY CORP;;False;True
0000744187;REX AMERICAN RESOURCES Corp;REX;False;False
0000744218;"Celldex Therapeutics, Inc.";CLDX;False;False
0000744452;APPLIED DNA SCIENCES INC;BNBX;False;False
0000744455;GREAT WEST LIFE & ANNUITY INSURANCE CO;;True;False
0000744485;NORTHERN STATES FINANCIAL CORP /DE/;;False;True
0000744786;OXFORD RESIDENTIAL PROPERTIES I LTD PARTNERSHIP;;True;False
0000744825;AMERICAN SHARED HOSPITAL SERVICES;AMS;False;False
0000744962;NUTRITION 21 INC;;True;False
0000745308;ST JOE Co;JOE;False;False
0000745456;MONROE BANCORP;;False;True
0000745538;HCW PENSION REAL ESTATE FUND LTD PARTNERSHIP;;True;False
0000745543;"PETRO USA, INC.";;True;False
0000745544;Sun Life Assurance Co of Canada (U.S.);;True;False
0000745651;"ADVANCED BATTERY TECHNOLOGIES, INC.";;False;True
0000745655;"China Crescent Enterprises, Inc.";;True;False
0000745732;"ROSS STORES, INC.";ROST;False;False
0000745981;MIDSOUTH BANCORP INC;;False;True
0000746210;"Oblong, Inc.";TWAV;False;False
0000746514;NEW ENGLAND REALTY ASSOCIATES LIMITED PARTNERSHIP;NEN;False;False
0000746515;EXPEDITORS INTERNATIONAL OF WASHINGTON INC;EXPD;False;False
0000746598;BRADY CORP;BRC;False;False
0000746631;BRAVO ENTERPRISES LTD.;;True;False
0000746834;NGAS Resources Inc;;False;True
0000746838;UNISYS CORP;UIS;False;False
0000746967;DALECO RESOURCES CORP;;True;False
0000747159;JMB 245 PARK AVENUE ASSOCIATES LTD;;True;False
0000747345;SMITHTOWN BANCORP INC;;False;True
0000747540;SURGE COMPONENTS INC;SPRS;True;False
0000747605;VERAMARK TECHNOLOGIES INC;;True;False
0000748015;SEALY CORP;;False;True
0000748268;"Red Cat Holdings, Inc.";RCAT;False;False
0000748270;MEDICAL ACTION INDUSTRIES INC;;False;True
0000748592;Eterna Therapeutics Inc.;ERNA;False;False
0000748714;NPC INTERNATIONAL INC;;True;False
0000748790;"Global Clean Energy Holdings, Inc.";;True;False
0000749038;"CCUR Holdings, Inc.";;False;True
0000749153;DEL TACO RESTAURANT PROPERTIES II;;True;False
0000749251;GARTNER INC;IT;False;False
0000749254;"Access to Money, Inc.";;True;False
0000749290;SYNTHETECH INC;;True;False
0000749647;"Imunon, Inc.";IMNN;False;False
0000749660;ICAD INC;;False;False
0000749872;BARRY R G CORP /OH/;;False;True
0000749935;WINLAND ELECTRONICS INC;;False;True
0000750004;"Light & Wonder, Inc.";LAWIL;False;False
0000750150;WESTBRIDGE RESEARCH GROUP;;True;False
0000750199;"EPL OIL & GAS, INC.";;False;True
0000750258;DAVIDSON DIVERSIFIED REAL ESTATE II LIMITED PARTNERSHIP;;True;False
0000750304;HOUSING PROGRAMS LTD;;True;False
0000750556;SUNTRUST BANKS INC;;False;True
0000750558;QNB CORP;QNBC;True;False
0000750574;"AUBURN NATIONAL BANCORPORATION, INC";AUBN;False;False
0000750577;HANCOCK WHITNEY CORP;HWCPZ;False;False
0000750686;CAMDEN NATIONAL CORP;CAC;False;False
0000750813;SEITEL INC;;True;False
0000751085;"MAGNETEK, INC.";;False;True
0000751364;"NATIONAL RETAIL PROPERTIES, INC.";NNN;False;False
0000751365;VIRCO MFG CORPORATION;VIRC;False;False
0000751406;"GLOBAL CLEAN ENERGY, INC.";;True;False
0000751652;QUESTAR CORP;;False;True
0000751799;CALIFORNIA STEEL INDUSTRIES INC;;True;False
0000751978;VICOR CORP;VICR;False;False
0000752294;ELECTRONIC SYSTEMS TECHNOLOGY INC;;True;False
0000752391;"American Resource Technologies, Inc.";;True;False
0000752431;NETWORK EQUIPMENT TECHNOLOGIES INC;;False;True
0000752634;EARTH SEARCH SCIENCES INC;;True;False
0000752642;"UMH PROPERTIES, INC.";UMH-PD;False;False
0000752714;MCGRATH RENTCORP;MGRC;False;False
0000752789;"Xcorporeal, Inc.";;True;False
0000752902;LUCID INC;;True;False
0000753048;"AXION INTERNATIONAL HOLDINGS, INC.";;True;False
0000753224;China Nutrifruit Group LTD;;False;True
0000753308;NEXTERA ENERGY INC;NEE-PS;False;False
0000753568;EXAR CORP;;False;True
0000753772;MEDIZONE INTERNATIONAL INC;;True;False
0000754597;HABERSHAM BANCORP;;True;False
0000754673;SUFFOLK BANCORP;;False;True
0000754737;SCANA CORP;;False;True
0000754811;U S GLOBAL INVESTORS INC;GROW;False;False
0000754813;"HealthWarehouse.com, Inc.";;True;False
0000755001;UNITIL CORP;UTL;False;False
0000755003;MATERIAL SCIENCES CORP;;False;True
0000755806;"PONIARD PHARMACEUTICALS, INC.";;False;True
0000756502;SKYTERRA COMMUNICATIONS INC;;True;False
0000756862;HIGHLANDS BANKSHARES INC /WV/;;True;False
0000757011;USG CORP;;False;True
0000757641;BNL FINANCIAL CORP;;True;False
0000758004;NOVELL INC;;False;True
0000758743;VIDEO DISPLAY CORP;;False;True
0000758938;QUALSTAR CORP;;False;True
0000759458;CANANDAIGUA NATIONAL CORP;;True;False
0000759718;BERKSHIRE BANCORP INC /DE/;;False;True
0000759944;CITIZENS FINANCIAL GROUP INC/RI;CFG-PI;False;False
0000759999;CENTENARY INTERNATIONAL CORP;;True;False
0000760326;OUTDOOR CHANNEL HOLDINGS INC;;False;True
0000760498;BANCFIRST CORP /OK/;BANFP;False;False
0000761034;"EC Development, Inc.";;True;False
0000761648;"CEDAR REALTY TRUST, INC.";CDR-PB;False;True
0000763293;FIRST COMMUNITY FINANCIAL CORP;;True;False
0000763532;LSI INDUSTRIES INC;LYTS;False;False
0000763563;CHEMUNG FINANCIAL CORP;CHMG;False;False
0000763701;NATIONAL PROPERTY INVESTORS 8 /CA/;;True;False
0000763744;LCI INDUSTRIES;LCII;False;False
0000763846;China Industrial Waste Management Inc.;;True;False
0000763901;"POPULAR, INC.";BPOPM;False;False
0000763907;FIRST UNITED CORP/MD/;FUNC;False;False
0000763950;UNIVERSAL DETECTION TECHNOLOGY;;True;False
0000764038;SouthState Corp;SSB;False;False
0000764044;QUESTAR PIPELINE CO;;True;False
0000764065;CLEVELAND-CLIFFS INC.;CLF;False;False
0000764180;"ALTRIA GROUP, INC.";MO;False;False
0000764195;VBI Vaccines Inc/BC;;False;False
0000764241;INTEGRA BANK CORP;;False;True
0000764401;INSTEEL INDUSTRIES INC;IIIN;False;False
0000764402;"GREEN BANKSHARES, INC.";;False;True
0000764478;BEST BUY CO INC;BBY;False;False
0000764579;CAS MEDICAL SYSTEMS INC;;False;True
0000764581;CNB CORP /SC/;;True;False
0000764586;DSI REALTY INCOME FUND IX;;True;False
0000764622;PINNACLE WEST CAPITAL CORP;PNW;False;False
0000764630;UNITED STATES BASKETBALL LEAGUE INC;SPEV;True;False
0000764667;SIONIX CORP;;True;False
0000764764;CATERPILLAR FINANCIAL SERVICES CORP;;True;False
0000764811;CommunityOne Bancorp;;False;True
0000764839;"PureSafe Water Systems, Inc.";;True;False
0000764843;SEDONA CORP;;True;False
0000764897;"Broad Street Realty, Inc.";BRST;True;False
0000765207;"First Bancorp, Inc /ME/";FNLC;False;False
0000765880;"HEALTHPEAK PROPERTIES, INC.";DOC;False;False
0000766004;SBARRO INC;;True;False
0000766404;"MULTI SOFT II, INC";;True;False
0000766421;"ALASKA AIR GROUP, INC.";ALK;False;False
0000766561;HICKORY TECH CORP;;False;True
0000766659;ENERGROUP HOLDINGS CORP;;True;False
0000766701;CAPSTEAD MORTGAGE CORP;;False;True
0000766704;WELLTOWER INC.;WELL;False;False
0000766792;CVD EQUIPMENT CORP;CVV;False;False
0000766829;SJW GROUP;HTO;False;False
0000767405;"SB FINANCIAL GROUP, INC.";SBFG;False;False
0000767884;"Ceres, Inc.";;False;True
0000767920;PMC SIERRA INC;;False;True
0000768216;"Logicquest Technology, Inc.";;True;False
0000768251;ALTERA CORP;;False;True
0000768262;SYBASE INC;;False;True
0000768408;CYANOTECH CORP;CYAN;False;False
0000768411;CYBEROPTICS CORP;;False;True
0000768598;DAVIDSON INCOME REAL ESTATE LP;;True;False
0000768710;RELIV INTERNATIONAL INC;;False;True
0000768835;BIG LOTS INC;;False;False
0000768890;CONSOLIDATED CAPITAL INSTITUTIONAL PROPERTIES 3;;True;False
0000768899;"TrueBlue, Inc.";TBI;False;False
0000769131;RANCON REALTY FUND V;;True;False
0000769207;FIDELITY BANCORP INC;;False;True
0000769397;"Autodesk, Inc.";ADSK;False;False
0000769520;MIDDLEBY Corp;MIDD;False;False
0000769874;REMEC LIQUIDATING TRUST;;True;False
0000770460;PEOPLES FINANCIAL CORP /MS/;PFBX;False;True
0000770461;National Investment Managers Inc.;;True;False
0000771266;KOPIN CORP;KOPN;False;False
0000771497;ABM INDUSTRIES INC /DE/;ABM;False;False
0000771856;"CHAMPIONS ONCOLOGY, INC.";CSBR;False;False
0000771950;"DIAL GLOBAL, INC. /DE/";;False;True
0000771999;"DSS, INC.";DSS;False;False
0000772263;NITCHES INC;;True;False
0000772320;"Gene Biotherapeutics, Inc.";;False;True
0000772370;NEW COLOMBIA RESOURCES INC;;True;False
0000772406;"CIRRUS LOGIC, INC.";CRUS;False;False
0000772572;EDAC TECHNOLOGIES CORP;;False;True
0000772897;HUTCHINSON TECHNOLOGY INC;;False;True
0000773141;"M.D.C. HOLDINGS, INC.";;False;False
0000773318;VERITEC INC;;True;False
0000773588;KINGS ROAD ENTERTAINMENT INC;;True;False
0000773660;"HealthMarkets, Inc.";;True;False
0000773717;"American Clean Resources Group, Inc.";ACRG;True;False
0000773840;HONEYWELL INTERNATIONAL INC;HON;False;False
0000773910;ANADARKO PETROLEUM CORP;;False;True
0000774415;"KING RESOURCES, INC.";KRFG;True;False
0000774517;AMERICAN LEARNING Corp;;False;True
0000774569;CORTLAND BANCORP INC;;False;True
0000774937;ExeLED Holdings Inc.;;True;False
0000775057;ALTEX INDUSTRIES INC;ALTX;True;False
0000775158;OSHKOSH CORP;OSK;False;False
0000775215;"HBT Financial, Inc.";HBT;False;False
0000775345;UNITED BANCORP INC /MI/;;True;False
0000775368;ALLEGHANY CORP /DE;;False;True
0000775662;VIST FINANCIAL CORP;;False;True
0000776008;"ROCK CREEK PHARMACEUTICALS, INC.";;False;True
0000776325;RES CARE INC /KY/;;False;True
0000776867;WHITE MOUNTAINS INSURANCE GROUP LTD;WTM;False;False
0000776901;INDEPENDENT BANK CORP;INDB;False;False
0000777491;CH2M HILL COMPANIES LTD;;True;False
0000777516;"Healthsport, Inc.";;True;False
0000777917;PRUCO LIFE INSURANCE CO;;True;False
0000778164;"Alto Ingredients, Inc.";ALTO;False;False
0000778165;"Rock Energy Resources, Inc.";;True;False
0000778438;"Berry Petroleum Company, LLC";;True;False
0000778734;Measurement Specialties Inc;;False;True
0000778946;BLUEGREEN VACATIONS CORP;;False;True
0000778972;FIRSTBANK CORP;;False;True
0000779125;CNB CORP /MI/;;True;False
0000779152;JACK HENRY & ASSOCIATES INC;JKHY;False;False
0000779544;ARK RESTAURANTS CORP;ARKR;False;False
0000779956;FASTFUNDS FINANCIAL CORP;;True;False
0000780053;NATIONWIDE HEALTH PROPERTIES INC;;False;True
0000780127;SYNOVIS LIFE TECHNOLOGIES INC;;False;True
0000780571;"ITRON, INC.";ITRI;False;False
0000781891;LML PAYMENT SYSTEMS INC;;False;True
0000781902;INTERNATIONAL BALER CORP;;True;False
0000782149;SOUTHWEST ROYALTIES INC INCOME FUND V;;True;False
0000782842;"GLEACHER & COMPANY, INC.";;False;True
0000783005;EMMIS COMMUNICATIONS CORP;;False;True
0000783209;EUROGAS INC;;True;False
0000783280;DUKE REALTY CORP;;False;True
0000783284;INTEGRATED FREIGHT Corp;;True;False
0000783324;VISTA GOLD CORP;VGZ;False;False
0000783325;"WEC ENERGY GROUP, INC.";WEC;False;False
0000783412;DAILY JOURNAL CORP;DJCO;False;False
0000783603;AMERICAN SAFETY INSURANCE HOLDINGS LTD;;False;True
0000783739;BANCTRUST FINANCIAL GROUP INC;;False;True
0000784011;POPE RESOURCES LTD PARTNERSHIP;;False;True
0000784199;"ARTIVION, INC.";AORT;False;False
0000784539;EACO CORP;EACO;True;False
0000784681;CSC HOLDINGS LLC;;True;False
0000784770;DPAC TECHNOLOGIES CORP;;True;False
0000784977;PORTLAND GENERAL ELECTRIC CO /OR/;POR;False;False
0000785024;MID WISCONSIN FINANCIAL SERVICES INC;;True;False
0000785161;Encompass Health Corp;EHC;False;False
0000785557;DLH Holdings Corp.;DLHC;False;False
0000785786;PLEXUS CORP;PLXS;False;False
0000785787;AEP INDUSTRIES INC;;False;True
0000785815;ROCKY MOUNTAIN CHOCOLATE FACTORY INC;;True;False
0000785956;J&J SNACK FOODS CORP;JJSF;False;False
0000785968;"MILLER ENERGY RESOURCES, INC.";;False;True
0000786110;GYMBOREE CORP;;False;True
0000786344;GAINSCO INC;;False;True
0000786360;DEL TACO RESTAURANT PROPERTIES III;;True;False
0000786368;China Ritar Power Corp.;;False;True
0000786620;CIMETRIX INC;;True;False
0000786947;"ACURA PHARMACEUTICALS, INC";;False;True
0000787075;FIRST FINANCIAL HOLDINGS INC /DE/;;False;True
0000787250;DPL INC;;False;True
0000787251;CHINA NORTH EAST PETROLEUM HOLDINGS LTD;;False;True
0000787253;NATURAL ALTERNATIVES INTERNATIONAL INC;NAII;False;False
0000788206;EMPIRE ENERGY CORP;;True;False
0000788329;JOHNSON OUTDOORS INC;JOUT;False;False
0000788340;"AMFIL TECHNOLOGIES, INC.";;True;False
0000788611;"SIGMA ADDITIVE SOLUTIONS, INC.";NTRP;False;False
0000788784;PUBLIC SERVICE ENTERPRISE GROUP INC;PEG;False;False
0000788816;OGLETHORPE POWER CORP;;True;False
0000788885;PENNICHUCK CORP;;False;True
0000788920;PRO DEX INC;PDEX;False;False
0000788955;US REALTY PARTNERS LTD PARTNERSHIP;;True;False
0000788965;HALLADOR ENERGY CO;HNRG;False;False
0000789019;MICROSOFT CORP;MSFT;False;False
0000789073;BEAM INC;;False;True
0000789132;SPECTRANETICS CORP;;False;True
0000789318;CLANCY SYSTEMS INTERNATIONAL INC /CO/;;True;False
0000789356;"CALIFORNIA PIZZA KITCHEN, INC.";;False;True
0000789388;SUNGARD DATA SYSTEMS INC;;True;False
0000789460;WORLD FUEL SERVICES CORP;WKC;False;False
0000789570;MGM Resorts International;MGM;False;False
0000789860;Yayi International Inc;;True;False
0000789868;Feihe International Inc;;False;True
0000789879;ENSURGE INC;;True;False
0000789933;NACCO INDUSTRIES INC;NC;False;False
0000789944;Independence Resources PLC;;True;False
0000790024;"CHINA SHEN ZHOU MINING & RESOURCES, INC.";;False;True
0000790051;CARLISLE COMPANIES INC;CSL;False;False
0000790066;Global Ecology Corp;;True;False
0000790067;REALMARK PROPERTY INVESTORS LTD PARTNERSHIP V;;True;False
0000790070;EMC CORP;;False;True
0000790179;PRESTIGE CAPITAL CORP;;True;False
0000790273;CONECTISYS CORP;CONC;True;False
0000790359;NBT BANCORP INC;NBTB;False;False
0000790362;NATIONAL BANCSHARES CORP /OH/;;True;False
0000790526;"RadNet, Inc.";RDNT;False;False
0000790528;RYERSON INC.;;True;False
0000790652;IMAGING DIAGNOSTIC SYSTEMS INC /FL/;;True;False
0000790703;TECH DATA CORP;;False;True
0000790705;TEKELEC;;False;True
0000790715;SIGMA DESIGNS INC;;False;True
0000790730;AMERON INTERNATIONAL CORP;;False;True
0000790816;BRANDYWINE REALTY TRUST;BDN;False;False
0000790818;X RITE INC;;False;True
0000790877;LEPERCQ CORPORATE INCOME FUND L P;;True;False
0000791519;STAPLES INC;;False;True
0000791770;"SEQUENTIAL BRANDS GROUP, INC.";;True;False
0000791907;LINEAR TECHNOLOGY CORP /CA/;;False;True
0000791908;XOMA Corp;XOMAP;False;False
0000791915;CYPRESS SEMICONDUCTOR CORP /DE/;;False;True
0000791963;OPPENHEIMER HOLDINGS INC;OPY;False;False
0000792013;HARLEYSVILLE GROUP INC;;False;True
0000792130;DATAWATCH CORP;;False;True
0000792161;"ROYAL HAWAIIAN ORCHARDS, L.P.";;True;False
0000792641;BIO REFERENCE LABORATORIES INC;;False;True
0000792935;ETHEMA HEALTH Corp;GRST;True;False
0000792966;FARMERS & MERCHANTS BANCORP INC;FMAO;False;False
0000792977;"AMAG PHARMACEUTICALS, INC.";;False;True
0000792985;"HEALTH MANAGEMENT ASSOCIATES, INC";;False;True
0000792987;ASTEC INDUSTRIES INC;ASTE;False;False
0000792989;DSI REALTY INCOME FUND X;;True;False
0000793043;IR BIOSCIENCES HOLDINGS INC;;True;False
0000793044;"CKX, Inc.";;False;True
0000793074;WERNER ENTERPRISES INC;WERN;False;False
0000793160;IGENE BIOTECHNOLOGY INC;;True;False
0000793171;"Vitro Biopharma, Inc.";;True;False
0000793306;BLUE DOLPHIN ENERGY CO;BDCO;False;True
0000793524;RESEARCH FRONTIERS INC;REFR;False;False
0000793547;NAVIGATORS GROUP INC;;False;True
0000793733;SKYWEST INC;SKYW;False;False
0000793952;"HARLEY-DAVIDSON, INC.";HOG;False;False
0000793983;CHAUS BERNARD INC;;True;False
0000793986;CITY CAPITAL CORP;;True;False
0000794107;CALA CORP;;True;False
0000794170;"Toll Brothers, Inc.";TOL;False;False
0000794172;MERIDIAN BIOSCIENCE INC;;False;True
0000794323;"Level 3 Parent, LLC";;False;True
0000794367;"Macy's, Inc.";M;False;False
0000794619;AMERICAN WOODMARK CORP;AMWD;False;False
0000794775;"BRIDGETON TACTICAL ADVISORS FUND, LP";;True;False
0000794929;"CHINA TRAVEL RESORT HOLDINGS, INC";;True;False
0000795212;Kaspien Holdings Inc.;;False;True
0000795255;ARROW RESOURCES DEVELOPMENT INC;;True;False
0000795266;KB HOME;KBH;False;False
0000795403;WATTS WATER TECHNOLOGIES INC;WTS;False;False
0000795551;THERAGENICS CORP;;False;True
0000795757;DAVIDSON GROWTH PLUS LP;;True;False
0000795824;DATASCENSION INC;;True;False
0000796124;ELDORADO ARTESIAN SPRINGS INC;;True;False
0000796317;ALLIANCE FINANCIAL CORP /NY/;;False;True
0000796343;ADOBE INC.;ADBE;False;False
0000796489;SOUTHWEST ROYALTIES INC INCOME FUND VI;;True;False
0000796505;"Clearfield, Inc.";CLFD;False;False
0000796534;NATIONAL BANKSHARES INC;NKSH;False;False
0000796655;ANTS SOFTWARE INC;;True;False
0000796764;"PREMIER EXHIBITIONS, INC.";;False;True
0000797079;EPOLIN INC /NJ/;;True;False
0000797463;GENERAL ELECTRIC CAPITAL SERVICES INC/CT;;True;False
0000797465;"HG Holdings, Inc.";STLY;False;True
0000797468;OCCIDENTAL PETROLEUM CORP /DE/;OXY-WT;False;False
0000797542;Viewbix Inc.;VBIX;True;False
0000797564;"HST Global, Inc.";HSTC;True;False
0000797574;GNB FINANCIAL SERVICES INC;;True;False
0000797662;"American Rare Earths & Materials, Corp.";;True;False
0000797721;VIASAT INC;VSAT;False;False
0000797838;NEFFS BANCORP INC;;True;False
0000797871;SOUTH FINANCIAL GROUP INC;;False;True
0000798081;LAKELAND INDUSTRIES INC;LAKE;False;False
0000798287;PAM TRANSPORTATION SERVICES INC;PAMT;False;False
0000798354;FISERV INC;FISV;False;False
0000798359;CENTERSPACE;CSR;False;False
0000798371;GARB OIL & POWER CORP;;True;False
0000798528;ODYSSEY MARINE EXPLORATION INC;OMEX;False;False
0000798783;UNIVERSAL HEALTH REALTY INCOME TRUST;UHT;False;False
0000798941;FIRST CITIZENS BANCSHARES INC /DE/;FCZBV;False;False
0000798949;UNIT CORP;UNTCW;False;True
0000798955;COST PLUS INC/CA/;;False;True
0000798985;"CHINA SKY ONE MEDICAL, INC.";;False;True
0000799088;CARMIKE CINEMAS INC;;False;True
0000799165;DAWSON GEOPHYSICAL CO;DWSN;False;True
0000799167;MARTEN TRANSPORT LTD;MRTN;False;False
0000799194;"Center for Wound Healing, Inc.";;True;False
0000799231;ALMOST FAMILY INC;;False;True
0000799233;HEARTLAND EXPRESS INC;HTLD;False;False
0000799235;ERHC Energy Inc;;True;False
0000799268;MPM TECHNOLOGIES INC;;True;False
0000799288;"LANDS' END, INC.";LE;False;False
0000799292;"M/I HOMES, INC.";MHO;False;False
0000799414;AMERICAN TELSTAR INC;;True;False
0000799426;NEW WORLD BRANDS INC;;True;False
0000799526;FLANDERS CORP;;False;True
0000799694;Oncologix Tech Inc.;;True;False
0000799698;LadRx Corp;LADX;False;True
0000799729;PAREXEL INTERNATIONAL CORP;;False;True
0000799850;AMERICAS CARMART INC;CRMT;False;False
0000800080;FOX STRATEGIC HOUSING INCOME PARTNERS;;True;False
0000800240;ODP Corp;;False;False
0000800286;SED INTERNATIONAL HOLDINGS INC;;False;True
0000800457;DONEGAL GROUP INC;DGICB;False;False
0000800458;RENTRAK CORP;;False;True
0000800459;HARMAN INTERNATIONAL INDUSTRIES INC /DE/;;False;True
0000801337;WEBSTER FINANCIAL CORP;WBS-PG;False;False
0000801348;PRUCO LIFE VARIABLE CONTRACT REAL PROPERTY ACCOUNT;;True;False
0000801351;WARNACO GROUP INC /DE/;;False;True
0000801748;HEMACARE CORP /CA/;;True;False
0000801898;JOY GLOBAL INC;;False;True
0000801904;PACIFIC ALLIANCE CORP;;True;False
0000802257;"Mitesco, Inc.";MITI;True;False
0000802356;PARLUX FRAGRANCES INC;;False;True
0000802481;PILGRIMS PRIDE CORP;PPC;False;False
0000802510;CASTLE HOLDING CORP;;True;False
0000802595;MOTHER LODE GOLD MINES CONSOLIDATED;;True;False
0000802681;BRYN MAWR BANK CORP;;False;True
0000802724;INSITE VISION INC;;True;False
0000802851;LOGIC DEVICES Inc;;False;True
0000802967;"ASSOCIATED MATERIALS, LLC";;True;False
0000803014;COMVERSE TECHNOLOGY INC/NY/;;False;True
0000803016;CALIFORNIA FIRST NATIONAL BANCORP;CFNB;False;True
0000803044;ELECTRONIC CONTROL SECURITY INC;;True;False
0000803164;CHOICEONE FINANCIAL SERVICES INC;COFS;False;False
0000803352;CONTINUCARE CORP;;False;True
0000803578;"WAVEDANCER, INC.";AIFF;False;False
0000803647;VERSAR INC;;False;True
0000803649;Equity Commonwealth;;False;False
0000803771;USA REAL ESTATE INVESTMENT TRUST /CA;;True;False
0000804055;COCA COLA ENTERPRISES INC;;True;False
0000804154;LITHIUM TECHNOLOGY CORP;;True;False
0000804157;HUDSON HOLDING CORP;;True;False
0000804212;AIRGAS INC;;False;True
0000804217;SECURED INCOME L P;;True;False
0000804269;"General Motors Financial Company, Inc.";;False;True
0000804328;QUALCOMM INC/DE;QCOM;False;False
0000804561;CENTRAL VIRGINIA BANKSHARES INC;;False;True
0000804671;BIGGEST LITTLE INVESTMENTS LP;;True;False
0000804753;CERNER Corp;;False;True
0000805012;ENVIRONMENTAL POWER CORP;;False;True
0000805022;"BUCKEYE PARTNERS, L.P.";;False;True
0000805054;TECHTEAM GLOBAL INC;;False;True
0000805080;WEST SUBURBAN BANCORP INC;;True;False
0000805264;AXIALL CORP/DE/;;False;True
0000805305;QUIKSILVER INC;;False;True
0000805326;EMISPHERE TECHNOLOGIES INC;;True;False
0000805676;PARK NATIONAL CORP /OH/;PRK;False;False
0000805729;China Senior Living Industry International Holding Corp;;True;False
0000805792;BALDWIN TECHNOLOGY CO INC;;False;True
0000805902;PREVISTO INTERNATIONAL HOLDINGS Inc;;True;False
0000805928;"Axogen, Inc.";AXGN;False;False
0000805993;UNIPROP MANUFACTURED HOUSING COMMUNITIES INCOME FUND II /MI/;;True;False
0000806172;SONO TEK CORP;SOTK;False;False
0000806175;"New Leaf Brands, Inc.";;True;False
0000806279;CODORUS VALLEY BANCORP INC;;False;False
0000806517;PSYCHEMEDICS CORP;PMDI;False;False
0000806592;"SUNWIN STEVIA INTERNATIONAL, INC.";;True;False
0000806817;JENNIFER CONVERTIBLES INC;;False;True
0000806888;RESPONSE BIOMEDICAL CORP;;True;False
0000807707;VOXX International Corp;;False;False
0000807863;MITEK SYSTEMS INC;MITK;False;False
0000807882;JACK IN THE BOX INC;JACK;False;False
0000807884;CASH AMERICA INTERNATIONAL INC;;False;True
0000808011;WINNER MEDICAL GROUP INC;;False;True
0000808015;"MICRO IMAGING TECHNOLOGY, INC.";;True;False
0000808028;SOUTHWEST OIL & GAS INCOME FUND VII A L P;;True;False
0000808047;QKL Stores Inc.;;False;True
0000808064;C&D TECHNOLOGIES INC;;False;True
0000808326;EMCORE CORP;;False;False
0000808362;Baker Hughes Holdings LLC;;False;False
0000808377;CRI HOTEL INCOME PARTNERS L P;;True;False
0000808450;NAVISTAR INTERNATIONAL CORP;;False;True
0000808461;"GCI LIBERTY, INC.";;False;True
0000808918;"EDCI HOLDINGS, INC.";;False;True
0000809248;"CARROLS RESTAURANT GROUP, INC.";;False;False
0000809933;ECOLOGY & ENVIRONMENT INC;;False;True
0000810084;BIOJECT MEDICAL TECHNOLOGIES INC;;True;False
0000810117;SOUTHWEST ROYALTIES INSTITUTIONAL INCOME FUND VII-B L P;;True;False
0000810136;PHOTRONICS INC;PLAB;False;False
0000810208;"AuraSound, Inc.";;True;False
0000810270;"STARINVEST GROUP, INC.";;True;False
0000810332;MESA AIR GROUP INC;RJET;False;False
0000810509;"NAVIDEA BIOPHARMACEUTICALS, INC.";;False;True
0000810534;"CLEOPATRA INTERNATIONAL GROUP, INC.";;True;False
0000810689;BANK OF GRANITE CORP;;False;True
0000810829;DREAMS INC;;False;True
0000810958;CITIZENS & NORTHERN CORP;CZNC;False;False
0000811036;"TaxMasters, Inc.";;True;False
0000811156;CMS ENERGY CORP;CMS-PC;False;False
0000811212;"ThermoGenesis Holdings, Inc.";;False;False
0000811222;Cardiff Lexington Corp;CDIXD;True;False
0000811240;"BIOLASE, INC";;False;False
0000811271;"ENTECH SOLAR, INC.";;True;False
0000811419;Natural Resources USA Corp;;True;False
0000811532;CEDAR FAIR L P;;True;False
0000811589;FIRST BANCORP /NC/;FBNC;False;False
0000811592;REDWOOD MORTGAGE INVESTORS VI;;True;False
0000811596;KAISER ALUMINUM CORP;KALU;False;False
0000811641;IMMUCELL CORP /DE/;ICCC;False;False
0000811779;"MultiCell Technologies, Inc.";;True;False
0000811808;"SUMMIT FINANCIAL GROUP, INC.";;False;False
0000811830;"Santander Holdings USA, Inc.";;True;False
0000811831;NORTHEAST BANCORP /ME/;;False;False
0000811868;"ECRID, INC";;True;False
0000812011;VAIL RESORTS INC;MTN;False;False
0000812074;"O-I Glass, Inc. /DE/";OI;False;False
0000812128;SANDERSON FARMS INC;;False;True
0000812149;Regional Brands Inc.;;True;False
0000812152;RIDGEFIELD ACQUISITION CORP;RDGA;True;False
0000812191;REHABCARE GROUP INC;;False;True
0000812192;PROFUTURES DIVERSIFIED FUND L P;;True;False
0000812233;OWENS-ILLINOIS GROUP INC;;True;False
0000812301;"Patient Safety Technologies, Inc";;True;False
0000812306;PROCYON CORP;PCYN;True;False
0000812348;CENTURY BANCORP INC;;False;True
0000812482;ARCHON CORP;;True;False
0000812564;ANGELES INCOME PROPERTIES LTD 6;;True;False
0000812630;DEL TACO INCOME PROPERTIES IV;;True;False
0000812701;CALGON CARBON Corp;;False;True
0000812796;"SOLIGENIX, INC.";SNGX;False;False
0000812880;NATIONAL DATACOMPUTER INC;;True;False
0000812900;SAKS INC;;False;True
0000812906;HANCOCK FABRICS INC;;True;False
0000813298;"DESTINATION XL GROUP, INC.";DXLG;False;False
0000813389;AMERICAN HOME ALLIANCE CORP;;True;False
0000813619;SOUTHWALL TECHNOLOGIES INC /DE/;;False;True
0000813621;AMCOL INTERNATIONAL CORP;;False;True
0000813634;INTERNATIONAL ABSORBENTS INC;;False;True
0000813640;CITIZENS BANCSHARES CORP /GA/;;True;False
0000813658;NORTHLAND CABLE PROPERTIES SEVEN LIMITED PARTNERSHIP;;True;False
0000813672;CADENCE DESIGN SYSTEMS INC;CDNS;False;False
0000813716;CIRTRAN CORP;CIRX;True;False
0000813718;"MOMENTUM BIOFUELS, INC.";;True;False
0000813762;ICAHN ENTERPRISES L.P.;IEP;False;False
0000813779;CRIMSON EXPLORATION INC.;;False;True
0000813781;EXIDE TECHNOLOGIES;;False;True
0000813828;Paramount Global;;True;False
0000813920;CEC ENTERTAINMENT INC;;False;True
0000814046;ALP LIQUIDATING TRUST;;True;False
0000814055;YOUBET COM INC;;False;True
0000814184;TCF FINANCIAL CORP;;False;True
0000814250;LADISH CO INC;;False;True
0000814286;"Halo Companies, Inc.";;True;False
0000814361;TIMBERLAND CO;;False;True
0000814453;NEWELL BRANDS INC.;NWL;False;False
0000814547;FAIR ISAAC CORP;FICO;False;False
0000814549;EBIX INC;;False;True
0000814585;MBIA INC;MBI;False;False
0000814586;"Lifeway Foods, Inc.";LWAY;False;False
0000814676;CPS TECHNOLOGIES CORP/DE/;CPSH;False;False
0000814904;GOLDEN RIVER RESOURCES CORP.;;True;False
0000814920;TEXSTAR OIL Corp;;True;False
0000814926;"CAPSTONE COMPANIES, INC.";CAPC;True;False
0000815024;AMERICAN AFFORDABLE HOUSING II LIMITED PARTNERSHIP;;True;False
0000815065;STERIS CORP;;True;False
0000815093;MGC DIAGNOSTICS Corp;;False;True
0000815094;ABIOMED INC;;False;True
0000815097;CARNIVAL CORP;CCL;False;False
0000815098;TRUDY CORP;;True;False
0000815353;EMERALD DAIRY INC;;True;False
0000815556;FASTENAL CO;FAST;False;False
0000815917;JONES FINANCIAL COMPANIES LLLP;;True;False
0000816159;AIR METHODS CORP;;False;True
0000816284;CELGENE CORP /DE/;;False;True
0000816761;TERADATA CORP /DE/;TDC;False;False
0000816956;CONMED Corp;CNMD;False;False
0000817129;TELESTONE TECHNOLOGIES CORP;;False;True
0000817135;"Alliance HealthCare Services, Inc";;False;True
0000817366;VCA INC;;False;True
0000817473;"AMERICAN CAPITAL, LTD";;False;True
0000817717;CABINET ACQUISITION CORP;;True;False
0000817720;SYNAPTICS Inc;SYNA;False;False
0000817979;ACCURIDE CORP;;False;True
0000818033;"HERON THERAPEUTICS, INC. /DE/";HRTX;False;False
0000818479;DENTSPLY SIRONA Inc.;XRAY;False;False
0000818677;SECURITY FEDERAL CORP;SFDL;True;False
0000818686;TEVA PHARMACEUTICAL INDUSTRIES LTD;TEVJF;False;False
0000818806;KNICKERBOCKER CAPITAL CORP;;True;False
0000818813;Bitstream Inc.;;False;True
0000819050;"Fresh Tracks Therapeutics, Inc.";;False;True
0000819220;MULTI COLOR Corp;;False;True
0000819551;ILX RESORTS INC;;True;False
0000819577;AEI REAL ESTATE FUND XVII LIMITED PARTNERSHIP;;True;False
0000819689;MICRON SOLUTIONS INC /DE/;;False;True
0000819690;Fuquan Financial Co;;True;False
0000819793;ALBANY INTERNATIONAL CORP /DE/;AIN;False;False
0000819913;HALLMARK FINANCIAL SERVICES INC;;False;False
0000819926;SHARING ECONOMY INTERNATIONAL INC.;;True;False
0000820027;AMERIPRISE FINANCIAL INC;AMP;False;False
0000820081;CAMBREX CORP;;False;True
0000820096;PERRIGO CO;;True;False
0000820097;MICRONETICS INC;;False;True
0000820237;GEN PROBE INC;;False;True
0000820313;AMPHENOL CORP /DE/;APH;False;False
0000820318;COHERENT CORP.;COHR;False;False
0000820380;INTERNATIONAL AUTOMATED SYSTEMS INC;;True;False
0000820600;"Omagine, Inc.";;True;False
0000820608;QUANTRX BIOMEDICAL CORP;;True;False
0000820736;ORBITAL SCIENCES CORP /DE/;;False;True
0000820738;TigerLogic CORP;;False;True
0000820771;Goliath Film & Media Holdings;GFMH;True;False
0000820901;ARETE INDUSTRIES INC;;True;False
0000820907;PARKVALE FINANCIAL CORP;;False;True
0000821002;G III APPAREL GROUP LTD /DE/;GIII;False;False
0000821026;"Andersons, Inc.";ANDE;False;False
0000821127;BOSTON PRIVATE FINANCIAL HOLDINGS INC;;False;True
0000821130;UNITED STATES CELLULAR CORP;UZD;False;False
0000821189;EOG RESOURCES INC;EOG;False;False
0000821356;"Cistera Networks, Inc.";;True;False
0000821483;"PAR PACIFIC HOLDINGS, INC.";PARR;False;True
0000821524;CHINA DIGITAL MEDIA CORP;;True;False
0000821536;HEARUSA INC;;False;True
0000821899;TERRACE VENTURES INC;;True;False
0000821995;JUNIPER PHARMACEUTICALS INC;;False;True
0000822083;PLAINSCAPITAL CORP;;True;False
0000822370;"Emmaus Life Sciences, Inc.";EMMA;False;True
0000822411;"ImmunoCellular Therapeutics, Ltd.";;True;False
0000822416;PULTEGROUP INC/MI/;PHM;False;False
0000822418;BIOCLINICA INC;;False;True
0000822434;ALLIANCE HEALTH INC;;True;False
0000822662;FIDELITY SOUTHERN CORP;;False;True
0000822663;INTER PARFUMS INC;IPAR;False;False
0000822708;ZOOM TECHNOLOGIES INC;;False;True
0000822746;"AMERICAN NOBLE GAS, INC.";;True;False
0000822783;REALMARK PROPERTY INVESTORS LIMITED PARTNERSHIP VI-A;;True;False
0000822818;CLEAN HARBORS INC;CLH;False;False
0000822997;"YBCC, Inc.";;True;False
0000823070;NOFIRE TECHNOLOGIES INC;;True;False
0000823072;Tirex CORP;;True;False
0000823094;SOTHEBYS;;False;True
0000823277;CHS INC;CHSCO;True;False
0000823544;"ALL GRADE MINING, INC.";;True;False
0000823546;"ROCKETFUEL BLOCKCHAIN, INC.";;True;False
0000823768;WASTE MANAGEMENT INC;WM;False;False
0000823876;APOGEE TECHNOLOGY INC;;True;False
0000824068;ATS MEDICAL INC;;False;True
0000824142;"AAON, INC.";AAON;False;False
0000824410;SANDY SPRING BANCORP INC;;False;False
0000824416;QUEST PATENT RESEARCH CORP;QPRC;True;False
0000825313;ALLIANCEBERNSTEIN HOLDING L.P.;AB;False;False
0000825315;INLAND LAND APPRECIATION FUND LP;;True;False
0000825322;"MPHASE TECHNOLOGIES, INC.";;True;False
0000825324;Good Times Restaurants Inc.;GTIM;False;False
0000825410;LANDAUER INC;;False;True
0000825411;"SEVCON, INC.";;False;True
0000825542;SCOTTS MIRACLE-GRO CO;SMG;False;False
0000825788;DIVALL INSURED INCOME PROPERTIES 2 LIMITED PARTNERSHIP;;True;False
0000825881;SOUTHWEST OIL & GAS INCOME FUND VIII-A L P;;True;False
0000825886;SOUTHWEST ROYALTIES INSTITUTIONAL INCOME FUND VIII B L P;;True;False
0000826083;DELL INC;;True;False
0000826154;ORRSTOWN FINANCIAL SERVICES INC;ORRF;False;False
0000826253;AURA SYSTEMS INC;AUSI;True;False
0000826326;"ARC Group Worldwide, Inc.";;False;True
0000826444;"AMERICAN METAL & TECHNOLOGY, INC.";;True;False
0000826675;DYNEX CAPITAL INC;DX-PC;False;False
0000826683;"Merriman Holdings, Inc";;False;True
0000826773;"UniTek Global Services, Inc.";;False;True
0000827052;EDISON INTERNATIONAL;EIX;False;False
0000827054;MICROCHIP TECHNOLOGY INC;MCHPP;False;False
0000827099;Ocean Thermal Energy Corp;CPWR;True;False
0000827187;Sleep Number Corp;SNBR;False;False
0000827230;MICROFINANCIAL INC;;False;True
0000827809;NOVELION THERAPEUTICS INC.;;False;True
0000827830;WILDER RICHMAN HISTORIC PROPERTIES II LP;;True;False
0000827871;"EAGLE PHARMACEUTICALS, INC.";EGRX;False;False
0000827876;"CLEANSPARK, INC.";CLSKW;False;False
0000828146;INTERLINK ELECTRONICS INC;LINK;False;False
0000828530;ADMIRAL FINANCIAL CORP;;True;False
0000828678;FIRSTCITY FINANCIAL CORP;;False;True
0000828750;GSI COMMERCE INC;;False;True
0000828878;"GREAT CHINA INTERNATIONAL HOLDINGS, INC.";;True;False
0000828916;WEINGARTEN REALTY INVESTORS /TX/;;False;True
0000828940;"SANTEON GROUP, INC.";;True;False
0000828944;WSFS FINANCIAL CORP;WSFS;False;False
0000829114;PRUCO LIFE OF NEW JERSEY VARIABLE CONTRACT REAL PROPERTY ACC;;True;False
0000829117;SAFE TECHNOLOGIES INTERNATIONAL INC;;True;False
0000829224;STARBUCKS CORP;SBUX;False;False
0000829323;"Inuvo, Inc.";INUV;False;False
0000829325;"SPYR, Inc.";;True;False
0000829608;PSYCHIATRIC SOLUTIONS INC;;False;True
0000830052;"RBC LIFE SCIENCES, INC.";;True;False
0000830056;UNITED INVESTORS INCOME PROPERTIES;;True;False
0000830122;"VIDLER WATER RESOURCES, INC.";;False;True
0000830159;AMERICAN TAX CREDIT PROPERTIES LP;;True;False
0000830253;KIANTONE PIPELINE CORP;;True;False
0000830483;"Oakridge Global Energy Solutions, Inc.";;True;False
0000830524;CHASE CORP;;False;True
0000830616;"SCI Engineered Materials, Inc.";SCIA;True;False
0000830656;PRESSURE BIOSCIENCES INC;;False;True
0000830664;HUTECH21 CO. LTD.;;True;False
0000830741;"VHGI HOLDINGS, INC.";;True;False
0000830748;"PACIFIC OFFICE PROPERTIES TRUST, INC.";;False;True
0000830916;MULTI FINELINE ELECTRONIX INC;;False;True
0000831001;CITIGROUP INC;C-PR;False;False
0000831246;FRANKLIN CREDIT HOLDING CORP/DE/;;True;False
0000831259;FREEPORT-MCMORAN INC;FCX;False;False
0000831327;IMPERIAL SUGAR CO /NEW/;;False;True
0000831355;LKA GOLD Inc /DE/;;True;False
0000831378;LVPAI GROUP Ltd;LVPA;True;False
0000831489;SCORES HOLDING CO INC;;True;False
0000831491;TOWER PARK MARINA INVESTORS LP;;True;False
0000831547;SPECTRUM PHARMACEUTICALS INC;;False;True
0000831641;TETRA TECH INC;TTEK;False;False
0000831749;HELIX BIOMEDIX INC;;True;False
0000831967;KINETIC CONCEPTS INC;;True;False
0000831968;PROVIDENCE & WORCESTER RAILROAD CO/RI/;;False;True
0000832090;PARTNERS BANCORP;;False;True
0000832101;IDEX CORP /DE/;IEX;False;False
0000832370;FLINT TELECOM GROUP INC.;EAXR;True;False
0000832428;E.W. SCRIPPS Co;SSP;False;False
0000832480;UTG INC;UTGN;True;False
0000832488;"MAM SOFTWARE GROUP, INC.";;False;True
0000832489;"GeoVax Labs, Inc.";GOVX;False;False
0000832818;BOL BANCSHARES INC;;True;False
0000832847;COMMUNITY CAPITAL CORP /SC/;;False;True
0000832988;SIGNET JEWELERS LTD;SIG;False;False
0000833079;Meritage Homes CORP;MTH;False;False
0000833081;PRIDE INTERNATIONAL INC;;False;True
0000833444;Johnson Controls International plc;JCI;False;True
0000833640;POWER INTEGRATIONS INC;POWI;False;False
0000833795;HOMEFED CORP;;True;False
0000833845;"Boots & Coots, Inc.";;False;True
0000834071;TOYOTA MOTOR CREDIT CORP;;True;False
0000834162;MTR GAMING GROUP INC;;True;False
0000834285;REPUBLIC FIRST BANCORP INC;;False;True
0000834365;BIOLIFE SOLUTIONS INC;BLFS;False;False
0000835011;MGP INGREDIENTS INC;MGPI;False;False
0000835012;COMMONWEALTH BANKSHARES INC;;False;True
0000835095;BOSTON CAPITAL TAX CREDIT FUND LTD PARTNERSHIP;;True;False
0000835324;"Stock Yards Bancorp, Inc.";SYBT;False;False
0000835357;EQUITABLE FINANCIAL LIFE INSURANCE CO OF AMERICA;;True;False
0000835662;"AiXin Life International, Inc.";AIXN;True;False
0000835688;Laxai Pharma Ltd;;True;False
0000835729;BMC SOFTWARE INC;;False;True
0000835887;PROGENICS PHARMACEUTICALS INC;;False;True
0000836106;NOVELLUS SYSTEMS INC;;False;True
0000836147;MIDDLEFIELD BANC CORP;MBCN;False;False
0000836157;LINDSAY CORP;LNN;False;False
0000836429;SYNERGETICS USA INC;;False;True
0000836564;Mosaic ImmunoEngineering Inc.;CPMV;True;False
0000836658;VOYA INSURANCE & ANNUITY Co;;True;False
0000836690;INNOVATIVE SOLUTIONS & SUPPORT INC;ISSC;False;False
0000836809;"AFTERMASTER, INC.";;True;False
0000836937;UPD HOLDING CORP.;;True;False
0000837010;VOYA RETIREMENT INSURANCE & ANNUITY Co;;True;False
0000837173;"Walter Energy, Inc.";;False;True
0000837342;CORDIA CORP;;True;False
0000837465;Topgolf Callaway Brands Corp.;CALY;False;False
0000837490;MERA PHARMACEUTICALS INC;;True;False
0000837583;GOVERNMENT TRUST 1 D;;True;False
0000837852;"IDEANOMICS, INC.";;False;False
0000837919;EVEREST FUND L P;;True;False
0000838796;"Kiwibox.Com, Inc.";;True;False
0000838875;WILLAMETTE VALLEY VINEYARDS INC;WVVIP;False;False
0000838879;RADIENT PHARMACEUTICALS Corp;;False;True
0000839087;VASO Corp;VASO;True;False
0000839345;BOSTON FINANCIAL QUALIFIED HOUSING TAX CREDITS LP III;;True;False
0000839441;IMAGENETIX INC /NV/;;True;False
0000839443;TELVUE CORP;;True;False
0000839470;"WESTWATER RESOURCES, INC.";WWR;False;False
0000840216;CALIFORNIA COASTAL COMMUNITIES INC;;False;True
0000840264;CAPITOL BANCORP LTD;;False;True
0000840459;AEI REAL ESTATE FUND XVIII LIMITED PARTNERSHIP;;True;False
0000840467;BECKMAN COULTER INC;;False;True
0000840489;"FirstCash Holdings, Inc.";FCFS;False;False
0000840715;CLEARONE INC;CLRO;False;False
0000840883;BTU INTERNATIONAL INC;;False;True
0000840886;FIRST LITCHFIELD FINANCIAL CORP;;True;False
0000840889;DORAL FINANCIAL CORP;;False;True
0000841360;"Insulcrete, Inc.";;True;False
0000841501;OWENS MORTGAGE INVESTMENT FUND A CALIF LTD PARTNERSHIP;;True;False
0000841535;GOVERNMENT BACKED TRUST T-1;;True;False
0000841543;GEN RX INC;;True;False
0000841692;FSI INTERNATIONAL INC;;False;True
0000841866;AMS HEALTH SCIENCES INC;;True;False
0000842013;Coro Global Inc.;;True;False
0000842023;BIO-TECHNE Corp;TECH;False;False
0000842162;LEAR CORP;LEA;False;False
0000842183;RPT Realty;;False;True
0000842295;TOR MINERALS INTERNATIONAL INC;;False;True
0000842314;AMERICAN TAX CREDIT PROPERTIES II L P;;True;False
0000842517;ISABELLA BANK Corp;ISBA;True;False
0000842518;EVANS BANCORP INC;;False;False
0000842633;TRIMAS CORP;TRS;False;False
0000842694;"WUHAN GENERAL GROUP (CHINA), INC";;False;True
0000842695;aVINCI MEDIA CORP;;True;False
0000842717;"BLUE RIDGE BANKSHARES, INC.";BRBS;False;False
0000842722;"Fuse Science, Inc.";;True;False
0000842900;GOVERNMENT TRUST 2 F;;True;False
0000843006;ISSUER DIRECT CORP;ACCS;False;False
0000843212;AMERICAN ENERGY GROUP LTD;;True;False
0000843368;NORTHLAND CABLE PROPERTIES EIGHT LIMITED PARTNERSHIP;;True;False
0000843762;REXNORD LLC;;True;False
0000844048;DSI REALTY INCOME FUND XI;;True;False
0000844059;"FRP HOLDINGS, INC.";FRPH;False;False
0000844143;Centric Brands Inc.;;False;True
0000844161;Apex Global Brands Inc.;;False;True
0000844538;NOTOX TECHNOLOGIES CORP.;;True;False
0000844788;Cyclone Uranium Corp;;True;False
0000844789;US HOME SYSTEMS INC;;False;True
0000844856;Healthier Choices Management Corp.;HCMC;False;True
0000844887;DIAMONDHEAD CASINO CORP;;True;False
0000844965;TETRA TECHNOLOGIES INC;TTI;False;False
0000844985;POSITRON CORP;POSC;True;False
0000845072;PECO II INC;;False;True
0000845091;TRANSAMERICA ADVISORS LIFE INSURANCE Co;;True;False
0000845289;"HARVEST NATURAL RESOURCES, INC.";;False;True
0000845385;PRINCETON CAPITAL CORP;PIAC;True;False
0000845399;RAINES LENDERS L P;;True;False
0000845698;GRANT PARK FUTURES FUND LIMITED PARTNERSHIP;;True;False
0000845750;WNC CALIFORNIA HOUSING TAX CREDITS LP;;True;False
0000845818;RADIANT SYSTEMS INC;;False;True
0000845819;"KonaTel, Inc.";KTEL;True;False
0000845877;FEDERAL AGRICULTURAL MORTGAGE CORP;AGM-PH;False;False
0000846377;"SOURCE FINANCIAL, INC.";TGNT;True;False
0000846475;ZYNEX INC;ZYXIQ;False;False
0000846581;PRUDENTIAL VARIABLE CONTRACT REAL PROPERTY ACCOUNT;;True;False
0000846617;"Dime Community Bancshares, Inc. /NY/";DCOMG;False;True
0000846775;SIMTROL INC;;True;False
0000846876;PRESSTEK INC /DE/;;False;True
0000846901;LAKELAND BANCORP INC;;False;False
0000846913;"FUEL TECH, INC.";FTEK;False;False
0000846931;Lake Sunapee Bank Group;;False;True
0000847015;"MEDICAN ENTERPRISES, INC.";;True;False
0000847320;SOUTHWEST OIL & GAS INCOME FUND IX-A LP;;True;False
0000847383;NEW FRONTIER MEDIA INC;;False;True
0000847384;SOUTHWEST ROYALTIES INSTITUTIONAL INCOME FUND IX-B LP;;True;False
0000847415;NATIONAL TAX CREDIT PARTNERS L P;;True;False
0000847416;Eagle Ford Oil & Gas Corp;;True;False
0000847431;NYMAGIC INC;;False;True
0000847464;"China YCT International Group, Inc.";;True;False
0000847942;STRATEGIC ACQUISITIONS INC /NV/;STQN;True;False
0000849145;Heritage Global Inc.;HGBL;False;False
0000849146;Lifevantage Corp;LFVN;False;False
0000849213;PLUM CREEK TIMBER CO INC;;False;True
0000849240;HAWK CORP;;False;True
0000849399;Gen Digital Inc.;GENVR;False;False
0000849401;"ADM TRONICS UNLIMITED, INC.";ADMT;True;False
0000849502;RAMTRON INTERNATIONAL CORP;;False;True
0000849547;BLACK BOX CORP;;False;True
0000849636;RespireRx Pharmaceuticals Inc.;;True;False
0000849706;ADVANCED ENVIRONMENTAL RECYCLING TECHNOLOGIES INC;;True;False
0000849869;SILGAN HOLDINGS INC;SLGN;False;False
0000850033;BP PRUDHOE BAY ROYALTY TRUST;BPPTU;False;False
0000850141;HORACE MANN EDUCATORS CORP /DE/;HMN;False;False
0000850209;"FOOT LOCKER, INC.";;False;False
0000850261;"Sorrento Therapeutics, Inc.";SRNE;False;True
0000850429;TREDEGAR CORP;TG;False;False
0000850460;ENCORE WIRE CORP;;False;False
0000850483;GTSI CORP;;False;True
0000850579;PLX TECHNOLOGY INC;;False;True
0000850606;COMMUNITY FINANCIAL CORP /VA/;;False;True
0000850660;"Victor Technologies Group, Inc.";;False;True
0000850693;ALLERGAN INC;;False;True
0000850971;Fovea Jewelry Holdings Ltd.;;True;False
0000851205;COGNEX CORP;CGNX;False;False
0000851249;"FORTUNE INDUSTRIES, INC.";;False;True
0000851310;HARMONIC INC;HLIT;False;False
0000851520;EXPONENT INC;EXPO;False;False
0000851726;Santa Fe Gold CORP;;True;False
0000851968;MOHAWK INDUSTRIES INC;MHK;False;False
0000852437;RAND WORLDWIDE INC;;True;False
0000852564;UNILENS VISION INC;;True;False
0000852570;GLOBAL AXCESS CORP;;True;False
0000852766;"YTB International, Inc.";;True;False
0000852772;DENNY'S Corp;;False;False
0000852953;BOSTON FINANCIAL QUALIFIED HOUSING TAX CREDITS L P V;;True;False
0000853464;"HERZOG INTERNATIONAL HOLDINGS, INC.";;True;False
0000853496;INLAND LAND APPRECIATION FUND II LP;;True;False
0000853566;BOSTON CAPITAL TAX CREDIT FUND II LTD PARTNERSHIP;;True;False
0000853695;DRI CORP;;False;True
0000853816;LANDSTAR SYSTEM INC;LSTR;False;False
0000854071;PAMRAPO BANCORP INC;;False;True
0000854092;REDWOOD MORTGAGE INVESTORS VII;;True;False
0000854395;FIRST FINANCIAL SERVICE CORP;;False;True
0000854398;XRS Corp;;False;True
0000854560;"GREAT SOUTHERN BANCORP, INC.";GSBC;False;False
0000854701;INTEGRATED SILICON SOLUTION INC;;False;True
0000854775;DIGI INTERNATIONAL INC;DGII;False;False
0000854800;"Tingo Group, Inc.";;False;True
0000854852;EMRISE Corp;;False;True
0000854860;WILLIAMS CONTROLS INC;;False;True
0000855574;AMERIANA BANCORP;;False;True
0000855612;ZIX CORP;;False;True
0000855654;"ImmunoGen, Inc.";;False;False
0000855658;LATTICE SEMICONDUCTOR CORP;LSCC;False;False
0000855667;"NEENAH ENTERPRISES, INC.";;True;False
0000855683;MILESTONE SCIENTIFIC INC.;MLSS;False;False
0000855787;ALPHA ENERGY INC;;True;False
0000855874;COMMUNITY FINANCIAL CORP /MD/;;False;True
0000855906;SILICON STORAGE TECHNOLOGY INC;;False;True
0000855931;POTASH CORP OF SASKATCHEWAN INC;;True;False
0000856135;AMERICAN TAX CREDIT PROPERTIES III LP;;True;False
0000856569;ENCORIUM GROUP INC;;False;True
0000856982;MERIT MEDICAL SYSTEMS INC;MMSI;False;False
0000856984;"QHSLab, Inc.";USAQ;True;False
0000857005;PTC INC.;PTC;False;False
0000857073;"HQ SUSTAINABLE MARITIME INDUSTRIES, INC.";;False;True
0000857115;GATEWAY TAX CREDIT FUND II LTD;;True;False
0000857501;"JACOBS FINANCIAL GROUP, INC.";;True;False
0000857737;"ICONIX BRAND GROUP, INC.";;False;True
0000857855;UNITED COMMUNITY BANKS INC;UCB;False;False
0000857872;BIRCH BRANCH INC;;True;False
0000857949;"China Green Agriculture, Inc.";ENFY;False;False
0000857957;SOUTH HERTFORDSHIRE UNITED KINGDOM FUND LTD;;True;False
0000858339;CAESARS ENTERTAINMENT Corp;;False;True
0000858452;TRANSCEND SERVICES INC;;False;True
0000858470;Coterra Energy Inc.;CTRA;False;False
0000858655;HAYNES INTERNATIONAL INC;;False;False
0000858748;OP TECH ENVIRONMENTAL SERVICES INC;;True;False
0000858800;EMCLAIRE FINANCIAL CORP;;False;True
0000858803;"AVANIR PHARMACEUTICALS, INC.";;False;True
0000858877;"CISCO SYSTEMS, INC.";CSCO;False;False
0000859014;COMPUWARE CORP;;False;True
0000859070;FIRST COMMUNITY BANKSHARES INC /VA/;FCBC;False;False
0000859139;DELPHI FINANCIAL GROUP INC/DE;;False;True
0000859163;AVX Corp;;False;True
0000859222;"BAY BANCORP, INC.";;False;True
0000859313;"C&G DEC CAPITAL, INC";;True;False
0000859368;MEDICIS PHARMACEUTICAL CORP;;False;True
0000859475;TRIDENT MICROSYSTEMS INC;;False;True
0000859598;SEACOR HOLDINGS INC /NEW/;;False;True
0000859737;HOLOGIC INC;HOLX;False;False
0000859747;1PM Industries;;True;False
0000859792;"Solar Thin Films, Inc.";;True;False
0000859905;SOUTHWEST OIL & GAS INCOME FUND X-A LP;;True;False
0000859906;SOUTHWEST OIL & GAS INCOME FUND X-B LP;;True;False
0000859910;SOUTHWEST ROYALTIES INSTITUTIONAL INCOME FUND X-A LP;;True;False
0000859911;SOUTHWEST ROYALTIES INSTITUTIONAL INCOME FUND X-B LP;;True;False
0000859917;"RAPID FIRE MARKETING, INC.";;True;False
0000859921;NATIONAL TAX CREDIT INVESTORS II;;True;False
0000860131;Wave Sync Corp.;;True;False
0000860331;WNC HOUSING TAX CREDIT FUND II LP;;True;False
0000860401;FAR VISTA INTERACTIVE CORP.;;True;False
0000860413;FIRST INTERSTATE BANCSYSTEM INC;FIBK;False;False
0000860518;ITEX CORP;;True;False
0000860519;SAVANNAH BANCORP INC;;False;True
0000860543;Jacksam Corp;;True;False
0000860546;CORPORATE OFFICE PROPERTIES TRUST;CDP;False;False
0000860730;"HCA Healthcare, Inc.";HCA;False;False
0000860731;TYLER TECHNOLOGIES INC;TYL;False;False
0000860748;KEMPER Corp;KMPB;False;False
0000861361;B/E AEROSPACE INC;;False;True
0000861370;Flyingeagle PU Technical Corp;;True;False
0000861441;FUTURES PORTFOLIO FUND L.P.;;True;False
0000861459;GRANITE CONSTRUCTION INC;GVA;False;False
0000861838;"Aceragen, Inc.";;False;True
0000861842;CATHAY GENERAL BANCORP;CATY;False;False
0000861878;STERICYCLE INC;;False;False
0000861884;RELIANCE STEEL & ALUMINUM CO;RS;False;False
0000861955;CIB MARINE BANCSHARES INC;;True;False
0000862022;HUGOTON ROYALTY TRUST;HGTXU;False;True
0000862480;K SWISS INC;;False;True
0000862510;TRANSATLANTIC HOLDINGS INC;;False;True
0000862651;"Investview, Inc.";INVUP;True;False
0000862668;ESCALON MEDICAL CORP;ESMC;False;True
0000862692;CRYO CELL INTERNATIONAL INC;CCEL;False;False
0000862831;FINANCIAL INSTITUTIONS INC;FIISO;False;False
0000862861;JanOne Inc.;ALTS;False;False
0000862923;TRANSAMERICA ADVISORS LIFE INSURANCE Co OF NEW YORK;;True;False
0000863015;ISLE OF CAPRI CASINOS INC;;False;True
0000863061;ODYSSEY PICTURES CORP;;True;False
0000863110;ARTESIAN RESOURCES CORP;ARTNB;False;False
0000863157;PETSMART INC;;False;True
0000863436;BENCHMARK ELECTRONICS INC;BHE;False;False
0000863456;WET SEAL INC;;False;True
0000863650;ADAM INC;;False;True
0000863680;Cardiogenesis Corp /CA;;True;False
0000863894;VERU INC.;VERU;False;False
0000863895;"Omni Shrimp, Inc.";;True;False
0000864233;O CHARLEYS INC;;False;True
0000864240;SYPRIS SOLUTIONS INC;SYPR;False;False
0000864264;SIMON WORLDWIDE INC;;True;False
0000864270;AMERICAN HONDA FINANCE CORP;;True;False
0000864509;COMMAND SECURITY CORP;;False;True
0000864559;CASCADE MICROTECH INC;;False;True
0000864683;CYBERONICS INC;;True;False
0000864749;TRIMBLE INC.;TRMB;False;False
0000864839;"ROYALE ENERGY FUNDS, INC";;True;False
0000864921;JUNIPER GROUP INC;;True;False
0000865058;NATIONAL SECURITY GROUP INC;;False;True
0000865415;ADEPT TECHNOLOGY INC;;False;True
0000865436;WHOLE FOODS MARKET INC;;False;True
0000865549;ATLAS FUTURES FUND LIMITED PARTNERSHIP;;True;False
0000865570;THQ INC;;False;True
0000865752;Monster Beverage Corp;MNST;False;False
0000865754;SAUER DANFOSS INC;;False;True
0000865911;CASCADE BANCORP;;False;True
0000865917;VERSANT CORP;;False;True
0000865941;CELADON GROUP INC;;False;True
0000866054;COMMERCIAL NATIONAL FINANCIAL CORP /PA;;False;True
0000866121;"ORBITAL ATK, INC.";;False;True
0000866273;MATRIX SERVICE CO;MTRX;False;False
0000866291;"ALLEGRO MICROSYSTEMS, INC.";ALGM;False;False
0000866368;"PS BUSINESS PARKS, INC./MD";;False;True
0000866374;FLEX LTD.;FLEX;False;False
0000866439;"DarkPulse, Inc.";DPLS;True;False
0000866458;FORLINK SOFTWARE CORP INC;;True;False
0000866609;ION GEOPHYSICAL CORP;;False;True
0000866706;ESCO TECHNOLOGIES INC;ESE;False;False
0000866729;SCHOLASTIC CORP;SCHL;False;False
0000866787;AUTOZONE INC;AZO;False;False
0000866829;HELIX ENERGY SOLUTIONS GROUP INC;HLX;False;False
0000866830;ENTORIAN TECHNOLOGIES INC;;False;True
0000866873;DEL MONTE FOODS CO;;True;False
0000866970;LIGHTING SCIENCE GROUP CORP;;True;False
0000867028;"FOMO WORLDWIDE, INC.";;True;False
0000867038;SPINDLETOP OIL & GAS CO;SPND;True;False
0000867374;ELECTRONICS FOR IMAGING INC;;False;True
0000867493;INDIANA COMMUNITY BANCORP;;False;True
0000867665;ABRAXAS PETROLEUM CORP;;False;True
0000867687;"AMERICA WEST RESOURCES, INC.";;True;False
0000867773;SUNPOWER CORP;;False;True
0000867840;"PRECISION OPTICS CORPORATION, INC.";POCI;False;False
0000867963;UNITED AMERICAN HEALTHCARE CORP;;False;True
0000868082;EVERFLOW EASTERN PARTNERS LP;;True;False
0000868267;FOOD TECHNOLOGY SERVICE INC;;False;True
0000868271;SEVERN BANCORP INC;;False;True
0000868278;"ProPhase Labs, Inc.";PRPH;False;False
0000868368;ROCHESTER MEDICAL CORPORATION;;False;True
0000868611;SONIC CORP;;False;True
0000868671;"GLACIER BANCORP, INC.";GBCI;False;False
0000868689;T BAY HOLDINGS INC;;True;False
0000868725;"RENTECH, INC.";;False;True
0000868740;AEI NET LEASE INCOME & GROWTH FUND XIX LIMITED PARTNERSHIP;;True;False
0000868756;Eternal Image Inc;;True;False
0000868780;"Dorman Products, Inc.";DORM;False;False
0000868809;XTO ENERGY INC;;False;True
0000868857;AECOM;ACM;False;False
0000869090;"CHASE BANK USA, NATIONAL ASSOCIATION";;True;False
0000869187;BALTIA AIR LINES INC;;True;False
0000869369;MERIDIAN RESOURCE CORP;;False;True
0000869484;CALL NOW INC;;True;False
0000869487;TANDY BRANDS ACCESSORIES INC;;False;True
0000869495;DEEP WELL OIL & GAS INC;;True;False
0000869531;Advantego Corp;;True;False
0000869615;INDEPENDENCE TAX CREDIT PLUS PROGRAM;;True;False
0000869660;WNC CALIFORNIA HOUSING TAX CREDITS II LP;;True;False
0000869986;ADVANCED PHOTONIX INC;;False;True
0000870069;REGAN HOLDING CORP;;True;False
0000870385;CAROLINA FINANCIAL CORP;;False;True
0000870398;SBM CERTIFICATE CO;;True;False
0000870732;American Natural Energy Corp;;True;False
0000870743;GROEN BROTHERS AVIATION INC /UT/;;True;False
0000870753;NUMEREX CORP /PA/;;False;True
0000870815;BOSTON FINANCIAL TAX CREDIT FUND PLUS;;True;False
0000870826;"iMedia Brands, Inc.";;False;True
0000871344;MOLLER INTERNATIONAL INC;;True;False
0000871763;ManpowerGroup Inc.;MAN;False;False
0000872248;PETROQUEST ENERGY INC;;False;True
0000872448;ATMEL CORP;;False;True
0000872544;NATIONAL QUALITY CARE INC;;True;False
0000872545;MCINTOSH BANCSHARES INC /GA/;;True;False
0000872589;"REGENERON PHARMACEUTICALS, INC.";REGN;False;False
0000872821;WILMINGTON TRUST CORP;;False;True
0000872835;ESB FINANCIAL CORP;;False;True
0000872912;"DELCATH SYSTEMS, INC.";DCTH;False;False
0000872947;APPLIED NEUROSOLUTIONS INC;;True;False
0000873044;RADISYS CORP;;False;True
0000873185;USCORP;;True;False
0000873198;"Applied Visual Sciences, Inc.";;True;False
0000873303;"Sarepta Therapeutics, Inc.";SRPT;False;False
0000873364;CEPHALON INC;;False;True
0000873540;"DRINKS AMERICAS HOLDINGS, LTD";;True;False
0000873799;MORGAN STANLEY SMITH BARNEY SPECTRUM SELECT LP;;True;False
0000873860;OCWEN FINANCIAL CORP;ONIT;False;False
0000874015;IONIS PHARMACEUTICALS INC;IONS;False;False
0000874016;JONES GROUP INC;;False;True
0000874214;ANN INC.;;False;True
0000874238;"STERLING INFRASTRUCTURE, INC.";STRL;False;False
0000874292;ADDVANTAGE TECHNOLOGIES GROUP INC;;False;False
0000874396;"LIFETIME BRANDS, INC";LCUT;False;False
0000874444;RETAIL VENTURES INC;;True;False
0000874482;UNION NATIONAL FINANCIAL CORP / PA;;True;False
0000874495;JEFFERSONVILLE BANCORP;;False;True
0000874499;GULFPORT ENERGY CORP;GPOR;False;True
0000874501;AMBAC FINANCIAL GROUP INC;OSG;False;True
0000874663;ALKERMES INC;;True;False
0000874691;"OSI RESTAURANT PARTNERS, LLC";;True;False
0000874710;ALLIED HEALTHCARE PRODUCTS INC;;False;True
0000874716;IDEXX LABORATORIES INC /DE;IDXX;False;False
0000874733;MEDIWARE INFORMATION SYSTEMS INC;;False;True
0000874734;OSTEOTECH INC;;False;True
0000874761;AES CORP;AES;False;False
0000874766;"HARTFORD FINANCIAL SERVICES GROUP, INC.";HIG-PG;False;False
0000874792;"Green Technology Solutions, Inc.";;True;False
0000874841;PACIFIC SUNWEAR OF CALIFORNIA INC;;False;True
0000874866;CORVEL CORP;CRVL;False;False
0000874977;State Auto Financial CORP;;False;True
0000875045;BIOGEN INC.;BIIB;False;False
0000875159;XL GROUP LTD;;False;True
0000875278;WNC HOUSING TAX CREDIT FUND III L P;;True;False
0000875296;LAPOLLA INDUSTRIES INC;;True;False
0000875320;VERTEX PHARMACEUTICALS INC / MA;VRTX;False;False
0000875355;INSIGNIA SYSTEMS INC/MN;LDWY;False;False
0000875357;BOK FINANCIAL CORP;BOKF;False;False
0000875582;NORTHERN TECHNOLOGIES INTERNATIONAL CORP;NTIC;False;False
0000875622;BIOSPECIFICS TECHNOLOGIES CORP;;False;True
0000875657;ULTRALIFE CORP;ULBI;False;False
0000875729;BION ENVIRONMENTAL TECHNOLOGIES INC;BNET;True;False
0000876134;"Redify Group, Inc.";;True;False
0000876167;PROGRESS SOFTWARE CORP /MA;PRGS;False;False
0000876343;"Lineage Cell Therapeutics, Inc.";LCTX;False;False
0000876367;"Legal Life Plans, Inc.";;True;False
0000876378;"ASENSUS SURGICAL, INC.";;False;False
0000876427;"MONRO, INC.";MNRO;False;False
0000876437;MGIC INVESTMENT CORP;MTG;False;False
0000876523;EZCORP INC;EZPW;False;False
0000876883;Stagwell Inc;STGW;False;False
0000877212;ZEBRA TECHNOLOGIES CORP;ZBRA;False;False
0000877422;SpartanNash Co;;False;False
0000877476;AMERICA SERVICE GROUP INC /DE;;False;True
0000877860;NATIONAL HEALTH INVESTORS INC;NHI;False;False
0000877890;CITRIX SYSTEMS INC;;False;True
0000878004;CHUGACH ELECTRIC ASSOCIATION INC;;True;False
0000878079;BON TON STORES INC;;False;True
0000878088;"PAR PHARMACEUTICAL COMPANIES, INC.";;True;False
0000878375;AMERICAN BAR ASSOCIATION MEMBERS / NORTHERN TRUST COLLECTIVE TR;;True;False
0000878520;SWS GROUP INC;;False;True
0000878522;STEWART ENTERPRISES INC;;False;True
0000878526;NATUS MEDICAL INC;;False;True
0000878560;"CalAtlantic Group, Inc.";;False;True
0000878616;HUMAN PHEROMONE SCIENCES INC;;True;False
0000878726;TUESDAY MORNING CORP/DE;;False;True
0000878802;Quadrant 4 System Corp;;True;False
0000878828;WIRELESS TELECOM GROUP INC;;False;True
0000878927;"OLD DOMINION FREIGHT LINE, INC.";ODFL;False;False
0000878932;"EQUUS TOTAL RETURN, INC.";EQS;False;False
0000879101;KIMCO REALTY CORP;KIM-PN;False;False
0000879169;INCYTE CORP;INCY;False;False
0000879181;AMERICAN HOMEPATIENT INC;;True;False
0000879407;"ARROWHEAD PHARMACEUTICALS, INC.";ARWR;False;False
0000879437;infoGROUP Inc.;;False;True
0000879519;SEEN ON SCREEN TV INC.;;True;False
0000879526;WABASH NATIONAL Corp;WNC;False;False
0000879555;BOSTON CAPITAL TAX CREDIT FUND III L P;;True;False
0000879575;TERRA NITROGEN CO L P /DE;;False;True
0000879585;"ATN International, Inc.";ATNI;False;False
0000879635;MID PENN BANCORP INC;MPB;False;False
0000879682;"VIVEVE MEDICAL, INC.";;False;True
0000879703;Paybox Corp.;;True;False
0000879796;ARI NETWORK SERVICES INC /WI;;False;True
0000879884;T-3 ENERGY SERVICES INC;;False;True
0000879911;"APPLIED ENERGETICS, INC.";AERGP;False;True
0000879993;DUSA PHARMACEUTICALS INC;;False;True
0000880059;EDUCATION MANAGEMENT CORPORATION;;False;True
0000880114;BELDEN & BLAKE CORP /OH/;;True;False
0000880115;CLAYTON WILLIAMS ENERGY INC /DE;;False;True
0000880116;Southeastern Bank Financial CORP;;True;False
0000880117;SANFILIPPO JOHN B & SON INC;JBSS;False;False
0000880177;PEREGRINE SEMICONDUCTOR CORP;;False;True
0000880242;"BIOLARGO, INC.";BLGO;True;False
0000880266;AGCO CORP /DE;AGCO;False;False
0000880285;ENBRIDGE ENERGY PARTNERS LP;;False;True
0000880417;"CSB Bancorp, Inc.";CSBB;True;False
0000880432;MISONIX INC;;False;True
0000880446;VITESSE SEMICONDUCTOR CORP;;False;True
0000880460;"Perfumania Holdings, Inc.";;False;True
0000880555;AMERICAN MEDIA INC;;True;False
0000880562;DAEGIS INC.;;False;True
0000880584;"GDT TEK, Inc.";;True;False
0000880631;"WisdomTree, Inc.";WT;False;False
0000880641;EAGLE FINANCIAL SERVICES INC;EFSI;True;False
0000880643;GENTA INC DE/;;True;False
0000880771;SCICLONE PHARMACEUTICALS INC;;False;True
0000880804;"PREMIERE GLOBAL SERVICES, INC.";;False;True
0000880807;AMERICAN SUPERCONDUCTOR CORP /DE/;AMSC;False;False
0000880984;"ACORN ENERGY, INC.";ACFN;False;True
0000881453;FORTITUDE LIFE INSURANCE & ANNUITY CO;;True;False
0000881464;AMYLIN PHARMACEUTICALS INC;;False;True
0000881524;VIVUS INC;;False;True
0000881665;DA-LITE SCREEN CO INC;;True;False
0000881695;PALOMAR MEDICAL TECHNOLOGIES INC;;False;True
0000881716;GATEWAY TAX CREDIT FUND III LTD;;True;False
0000881787;CROSS TIMBERS ROYALTY TRUST;CRT;False;False
0000881790;HF FINANCIAL CORP;;False;True
0000881890;ABAXIS INC;;False;True
0000882095;"GILEAD SCIENCES, INC.";GILD;False;False
0000882104;"PDL BIOPHARMA, INC.";;False;True
0000882154;"POWERSECURE INTERNATIONAL, INC.";;False;True
0000882184;HORTON D R INC /DE/;DHI;False;False
0000882235;LINCARE HOLDINGS INC;;False;True
0000882289;APRIA HEALTHCARE GROUP INC;;True;False
0000882291;AETHLON MEDICAL INC;AEMD;False;False
0000882361;Aptose Biosciences Inc.;APTOF;False;False
0000882508;QUICKLOGIC Corp;QUIK;False;False
0000882796;BIOCRYST PHARMACEUTICALS INC;BCRX;False;False
0000882800;"Pacific Ventures Group, Inc.";;True;False
0000882829;STATER BROS HOLDINGS INC;;True;False
0000882835;ROPER TECHNOLOGIES INC;ROP;False;False
0000882873;UROLOGIX INC;;False;True
0000883107;NANOPHASE TECHNOLOGIES Corp;SLSN;False;True
0000883237;"VIRTUS INVESTMENT PARTNERS, INC.";VRTS;False;False
0000883241;SYNOPSYS INC;SNPS;False;False
0000883293;VALASSIS COMMUNICATIONS INC;;False;True
0000883476;CRESCENT BANKING CO;;False;True
0000883569;"Fossil Group, Inc.";FOSL;False;False
0000883758;GRAYSON BANKSHARES INC;;True;False
0000883902;"Cornerstone Building Brands, Inc.";;False;True
0000883943;CHRISTOPHER & BANKS CORP;;False;True
0000883945;USA TRUCK INC;;False;True
0000883948;Atlantic Union Bankshares Corp;AUB-PA;False;False
0000883975;Microbot Medical Inc.;MBOT;False;False
0000883980;FIRST DATA CORP;;False;True
0000883981;MORTONS RESTAURANT GROUP INC;;False;True
0000883984;ICU MEDICAL INC/DE;ICUI;False;False
0000884130;CHROMCRAFT REVINGTON INC;;False;True
0000884144;ASURE SOFTWARE INC;ASUR;False;False
0000884217;TAILORED BRANDS INC;;False;True
0000884219;VIAD CORP;PRSU;False;False
0000884269;ALPHA PRO TECH LTD;APT;False;False
0000884363;"EVOLUTIONARY GENOMICS, INC.";;True;False
0000884382;PRIMEDIA INC;;False;True
0000884497;MEDQUIST INC;;False;True
0000884504;THERMOENERGY CORP;;True;False
0000884614;UGI CORP /PA/;UGI;False;False
0000884624;Orthofix Medical Inc.;OFIX;False;False
0000884629;"Actavis, Inc.";;True;False
0000884650;INFINITE GROUP INC;;True;False
0000884713;Primo Water Corp /CN/;;True;False
0000884731;ARIAD PHARMACEUTICALS INC;;False;True
0000884887;ROYAL CARIBBEAN CRUISES LTD;RCL;False;False
0000884892;TNFG Corp;;True;False
0000884905;PRAXAIR INC;;True;False
0000884940;STEIN MART INC;;False;True
0000885074;Aeon Global Health Corp.;;True;False
0000885245;BUCKLE INC;BKE;False;False
0000885275;WILSON BANK HOLDING CO;WBHC;True;False
0000885306;CYNOSURE INC;;False;True
0000885307;JEWETT CAMERON TRADING CO LTD;JCTC;False;False
0000885317;OPHTHALMIC IMAGING SYSTEMS;;True;False
0000885322;ANCHOR BANCORP WISCONSIN INC;;False;True
0000885462;"GULF RESOURCES, INC.";GURE;False;False
0000885475;Eco-Shift Power Corp.;;True;False
0000885508;STRATUS PROPERTIES INC;STRS;False;False
0000885531;DENMARK BANCSHARES INC;;True;False
0000885542;PEOPLES BANCORPORATION INC /SC/;;True;False
0000885550;CREDIT ACCEPTANCE CORP;CACC;False;False
0000885551;VALENCE TECHNOLOGY INC;;False;True
0000885568;OLD DOMINION ELECTRIC COOPERATIVE;;True;False
0000885590;Bausch Health Companies Inc.;BHC;False;False
0000885639;KOHLS Corp;KSS;False;False
0000885708;NUVEEN INVESTMENTS INC;;True;False
0000885721;EXPRESS SCRIPTS INC;;True;False
0000885725;BOSTON SCIENTIFIC CORP;BSX;False;False
0000885780;GLOBAL ENTERTAINMENT CORP;;True;False
0000885975;CINEMARK USA INC /TX;;True;False
0000885978;U S PHYSICAL THERAPY INC /NV;USPH;False;False
0000885988;INTEGRAMED AMERICA INC;;False;True
0000886035;GENERAL CABLE CORP /DE/;;False;True
0000886093;NUNZIA PHARMACEUTICAL Co;;True;False
0000886128;FUELCELL ENERGY INC;FCELB;False;False
0000886136;SAGA COMMUNICATIONS INC;SGA;False;False
0000886137;FINISH LINE INC /IN/;;False;True
0000886158;BED BATH & BEYOND INC;;False;True
0000886163;LIGAND PHARMACEUTICALS INC;LGNZZ;False;False
0000886171;UNIVERSAL HOSPITAL SERVICES INC;;True;False
0000886206;FRANKLIN COVEY CO;FC;False;False
0000886328;E DIGITAL CORP;;True;False
0000886346;KADANT INC;KAI;False;False
0000886475;"'mktg, inc.'";;False;True
0000886744;GERON CORP;GERN;False;False
0000886835;SUPERIOR ENERGY SERVICES INC;;False;True
0000886912;ZUNICOM INC;;True;False
0000886982;GOLDMAN SACHS GROUP INC;GSCE;False;False
0000887149;CROGHAN BANCSHARES INC;;True;False
0000887150;HAMPSHIRE GROUP LTD;;True;False
0000887151;Capstone Therapeutics Corp.;CAPS;False;True
0000887226;PERCEPTRON INC/MI;;False;True
0000887247;Adamis Pharmaceuticals Corp;;False;False
0000887343;"COLUMBIA BANKING SYSTEM, INC.";COLB;False;True
0000887359;Vericel Corp;VCEL;False;False
0000887396;EMPIRE PETROLEUM CORP;EP;False;False
0000887426;SOUTHWEST ROYALTIES INSTITUTIONAL INCOME FUND X-C LP;;True;False
0000887497;HI TECH PHARMACAL CO INC;;False;True
0000887568;ZOLL MEDICAL CORP;;False;True
0000887596;CHEESECAKE FACTORY INC;CAKE;False;False
0000887637;RAILAMERICA INC /DE;;False;True
0000887708;CARACO PHARMACEUTICAL LABORATORIES LTD;;False;True
0000887730;KEMET CORP;;False;True
0000887733;CENTRAL GARDEN & PET CO;CENTA;False;False
0000887905;LTC PROPERTIES INC;LTC;False;False
0000887919;PREMIER FINANCIAL BANCORP INC;;False;True
0000887921;REVLON INC /DE/;;False;True
0000887936;"FTI CONSULTING, INC";FCN;False;False
0000887969;MRV COMMUNICATIONS INC;;False;True
0000888002;AXA FINANCIAL INC;;True;False
0000888165;INTERACTIVE DATA CORP/MA/;;True;False
0000888228;KINDER MORGAN ENERGY PARTNERS L P;;False;True
0000888471;NESTOR PARTNERS;;True;False
0000888491;OMEGA HEALTHCARE INVESTORS INC;OHI;False;False
0000888504;LAYNE CHRISTENSEN CO;;False;True
0000888702;"COUPON EXPRESS, INC.";;True;False
0000888719;China Lithium Technologies Inc.;;True;False
0000888919;HCC INSURANCE HOLDINGS INC/DE/;;False;True
0000888953;ONLINE RESOURCES CORP;;False;True
0000888981;NOCOPI TECHNOLOGIES INC/MD/;NNUP;True;False
0000889123;REDWOOD MORTGAGE INVESTORS VIII;;True;False
0000889156;ALLBRITTON COMMUNICATIONS CO;;True;False
0000889331;LITTELFUSE INC /DE;LFUS;False;False
0000889348;CPI AEROSTRUCTURES INC;CVU;False;False
0000889353;James Maritime Holdings Inc.;SNTL;True;False
0000889423;SATCON TECHNOLOGY CORP;;False;True
0000889428;"Pathfinder Cell Therapy, Inc.";;True;False
0000889570;UNITED ARTISTS THEATRE CIRCUIT INC /MD/;;True;False
0000889609;"CONSUMER PORTFOLIO SERVICES, INC.";CPSS;False;False
0000889900;PATTERSON UTI ENERGY INC;PTEN;False;False
0000889930;OVERLAND STORAGE INC;;False;True
0000889936;"PRIVATEBANCORP, INC";;False;True
0000889971;LIGHTPATH TECHNOLOGIES INC;LPTH;False;False
0000890066;GLEN BURNIE BANCORP;GLBZ;False;False
0000890264;EXA CORP;;False;True
0000890319;TAUBMAN CENTERS INC;;False;True
0000890394;Peraso Inc.;PRSO;False;False
0000890447;Vertex Energy Inc.;;False;False
0000890465;NPS PHARMACEUTICALS INC;;False;True
0000890491;BARNES & NOBLE INC;;False;True
0000890493;FIRST USA CREDIT CARD MASTER TRUST;;True;False
0000890543;INTERNATIONAL BARRIER TECHNOLOGY INC;;True;False
0000890547;REVLON CONSUMER PRODUCTS CORP;;True;False
0000890564;ASGN Inc;ASGN;False;False
0000890634;ALLIED HEALTHCARE INTERNATIONAL INC;;False;True
0000890725;GELSTAT CORP;GSAC;True;False
0000890801;"McAfee, Inc.";;False;True
0000890821;"Enveric Biosciences, Inc.";ENVB;False;False
0000890846;UROPLASTY INC;;True;False
0000890908;DYNACQ HEALTHCARE INC;;False;True
0000890923;ZOLTEK COMPANIES INC;;False;True
0000890926;RADIAN GROUP INC;RDN;False;False
0000891014;MINERALS TECHNOLOGIES INC;MTX;False;False
0000891024;"PATTERSON COMPANIES, INC.";;False;False
0000891098;STERLING BANCSHARES INC;;False;True
0000891103;"Match Group, Inc.";MTCH;False;False
0000891106;STERLING FINANCIAL CORP /WA/;;False;True
0000891166;"UNIVERSAL INSURANCE HOLDINGS, INC.";UVE;False;False
0000891178;EPICOR SOFTWARE CORP;;False;True
0000891288;QUESTCOR PHARMACEUTICALS INC;;False;True
0000891293;CTI BIOPHARMA CORP;;False;True
0000891377;BERKELEY TECHNOLOGY LTD;;True;False
0000891417;Nano Magic Inc.;NMGX;True;False
0000891456;PLAINS EXPLORATION & PRODUCTION CO;;True;False
0000891462;OCTUS INC;;True;False
0000891482;FULL HOUSE RESORTS INC;FLL;False;False
0000891532;PERMA FIX ENVIRONMENTAL SERVICES INC;PESI;False;False
0000891919;BOOKS A MILLION INC;;False;True
0000892025;MARTEK BIOSCIENCES CORP;;False;True
0000892160;"DERMA SCIENCES, INC.";;False;True
0000892222;"CRAFT BREW ALLIANCE, INC.";;False;True
0000892342;BOSTON FINANCIAL TAX CREDIT FUND VII LP;;True;False
0000892482;Qumu Corp;;False;True
0000892537;MANTECH INTERNATIONAL CORP;;False;True
0000892553;CHART INDUSTRIES INC;GTLS;False;False
0000892822;HEMAGEN DIAGNOSTICS INC;;True;False
0000892832;SANDSTON CORP;;True;False
0000892875;ATEL CASH DISTRIBUTION FUND V L P;;True;False
0000892907;SPORT CHALET INC;;False;True
0000892986;WARREN RESOURCES INC;;False;True
0000892997;WNC CALIFORNIA HOUSING TAX CREDITS III LP;;True;False
0000893467;NORTHWEST BANCORPORATION INC;;True;False
0000893486;SANTA FE ENERGY TRUST;;True;False
0000893538;SM Energy Co;SM;False;False
0000893691;MASONITE INTERNATIONAL CORP;;False;False
0000893739;HARRIS & HARRIS GROUP INC /NY/;;False;False
0000893847;"HAWTHORN BANCSHARES, INC.";HWBK;False;False
0000893949;"Pediatrix Medical Group, Inc.";MD;False;False
0000893955;STUDENT LOAN CORP;;False;True
0000893958;CAPITAL AUTO RECEIVABLES LLC;;True;False
0000893965;PLATO LEARNING INC;;False;True
0000894081;"Air Transport Services Group, Inc.";;False;False
0000894158;"Theriva Biologics, Inc.";TOVX;False;False
0000894237;COGENTIX MEDICAL INC /DE/;;False;True
0000894245;AEI NET LEASE INCOME & GROWTH FUND XX LIMITED PARTNERSHIP;;True;False
0000894267;COWLITZ BANCORPORATION;;False;True
0000894315;SITE Centers Corp.;SITC;False;False
0000894329;DISCOVER CARD MASTER TRUST I;;True;False
0000894405;ARCBEST CORP /DE/;ARCB;False;False
0000894501;"GOLD ROCK HOLDINGS, INC.";GRHI;True;False
0000894537;"BRIGHTEC, INC";;True;False
0000894544;CHANCELLOR GROUP INC.;;True;False
0000894556;"General Enterprise Ventures, Inc.";GEVI;True;False
0000894558;LATIN AMERICAN TELECOMMUNICATIONS VENTURE CO;;True;False
0000894560;BIOETHICS LTD;;True;False
0000894561;Neuro Biotech Corp;;True;False
0000894627;VAALCO ENERGY INC /DE/;EGY;False;False
0000894671;OHIO VALLEY BANC CORP;OVBC;False;False
0000894738;EASYLINK SERVICES INTERNATIONAL CORP;;False;True
0000894847;"Carlyle Gaming & Entertainment, Ltd.";;True;False
0000894871;"Arena Group Holdings, Inc.";AREN;False;False
0000895007;WILLIAMS COAL SEAM GAS ROYALTY TRUST;;False;True
0000895051;"CASI Pharmaceuticals, Inc.";;True;False
0000895126;CHESAPEAKE ENERGY CORP;EXEEL;False;True
0000895329;TUFCO TECHNOLOGIES INC;;False;True
0000895417;EQUITY LIFESTYLE PROPERTIES INC;ELS;False;False
0000895419;"WOLFSPEED, INC.";WOLF;False;False
0000895421;MORGAN STANLEY;MS-PP;False;False
0000895447;SHOE CARNIVAL INC;SCVL;False;False
0000895456;"ROCKY BRANDS, INC.";RCKY;False;False
0000895464;Yubo International Biotech Ltd;YBGJ;True;False
0000895472;MERRILL LYNCH MUNICIPAL ABS INC;;True;False
0000895474;EASTERN AMERICAN NATURAL GAS TRUST;;True;False
0000895516;"SPECTRUM GROUP INTERNATIONAL, INC.";;True;False
0000895541;DEARBORN BANCORP INC /MI/;;False;True
0000895642;ENER1 INC;;False;True
0000895648;GENERAL GROWTH PROPERTIES INC;;True;False
0000895650;JD International Ltd;;True;False
0000895655;JARDEN CORP;;False;True
0000895663;GLOBAL INDUSTRIES LTD;;False;True
0000895665;"Clearday, Inc.";;True;False
0000895728;ENBRIDGE INC;ENNPF;False;False
0000895930;AMSURG CORP;;True;False
0000895993;RIDGEWOOD ELECTRIC POWER TRUST II;;True;False
0000896156;ETHAN ALLEN INTERIORS INC;ETD;False;False
0000896159;Chubb Ltd;CB;False;False
0000896262;AMEDISYS INC;;False;False
0000896264;USANA HEALTH SCIENCES INC;USNA;False;False
0000896400;"MULTIMEDIA GAMES HOLDING COMPANY, INC.";;False;True
0000896429;"CANTALOUPE, INC.";CTLPP;False;False
0000896493;"Ault Alliance, Inc.";GPUS-PD;False;False
0000896622;"APTARGROUP, INC.";ATR;False;False
0000896726;GEOGLOBAL RESOURCES INC.;;False;True
0000896747;AMERICAN BIO MEDICA CORP;;True;False
0000896778;CONCEPTUS INC;;False;True
0000896841;"AVID TECHNOLOGY, INC.";;False;True
0000896842;ORCHARD SUPPLY HARDWARE STORES CORP;;False;True
0000896878;INTUIT INC.;INTU;False;False
0000896985;Destination Maternity Corp;;False;True
0000897067;CYMER INC;;False;True
0000897075;REPROS THERAPEUTICS INC.;;False;True
0000897077;ALAMO GROUP INC;ALG;False;False
0000897078;"Resonate Blends, Inc.";KOAN;True;False
0000897315;AMERICAN TAX CREDIT TRUST SERIES I;;True;False
0000897429;"CHICO'S FAS, INC.";;False;False
0000897448;AMARIN CORP PLC\UK;AMRN;False;False
0000897723;SANMINA CORP;SANM;False;False
0000897861;FIRST STATE BANCORPORATION;;False;True
0000897893;PEERLESS SYSTEMS CORP;;False;True
0000898037;DIMECO INC;;True;False
0000898171;UWHARRIE CAPITAL CORP;UWHR;True;False
0000898173;O REILLY AUTOMOTIVE INC;ORLY;False;False
0000898174;REINSURANCE GROUP OF AMERICA INC;RZC;False;False
0000898293;JABIL INC;JBL;False;False
0000898437;"Anika Therapeutics, Inc.";ANIK;False;False
0000898660;STATION CASINOS INC;;True;False
0000898770;SHARPS COMPLIANCE CORP;;False;True
0000899045;LAMAR MEDIA CORP/DE;;True;False
0000899051;ALLSTATE CORP;ALL-PJ;False;False
0000899297;OPTI INC;;True;False
0000899394;"HARBOR DIVERSIFIED, INC.";HRBR;False;True
0000899426;CALYPTE BIOMEDICAL CORP;;True;False
0000899460;MANNKIND CORP;MNKD;False;False
0000899597;BUCKEYE TECHNOLOGIES INC;;False;True
0000899629;ACADIA REALTY TRUST;AKR;False;False
0000899647;RIVIERA HOLDINGS CORP;;True;False
0000899689;VORNADO REALTY TRUST;VNO-PO;False;False
0000899715;"TANGER FACTORY OUTLET CENTERS, INC";SKT;False;False
0000899723;OM GROUP INC;;False;True
0000899749;HEALTHCARE REALTY TRUST INC;;True;False
0000899751;TITAN INTERNATIONAL INC;TWI;False;False
0000899866;"ALEXION PHARMACEUTICALS, INC.";;False;True
0000899881;PROLOGIS;;True;False
0000899923;MYRIAD GENETICS INC;MYGN;False;False
0000900017;THOMAS GROUP INC;;False;True
0000900075;COPART INC;CPRT;False;False
0000900349;"PERRY ELLIS INTERNATIONAL, INC";;False;True
0000900393;TURBOSONIC TECHNOLOGIES INC;;True;False
0000900708;BELL MICROPRODUCTS INC;;False;True
0000901219;HUMAN GENOME SCIENCES INC;;False;True
0000901491;PAPA JOHNS INTERNATIONAL INC;PZZA;False;False
0000901842;BLUE VALLEY BAN CORP;;True;False
0000902272;ALDILA INC;;False;True
0000902274;LIBBEY INC;;False;True
0000902622;ICAGEN INC;;False;True
0000902635;MODERN MEDICAL MODALITIES CORP;;True;False
0000902739;"NBCUniversal Media, LLC";;True;False
0000902791;BARRETT BUSINESS SERVICES INC;BBSI;False;False
0000903127;POST PROPERTIES INC;;False;True
0000903129;GENTHERM Inc;THRM;False;False
0000903419;ALERUS FINANCIAL CORP;ALRS;False;False
0000903571;GOLDEN STAR RESOURCES LTD;;False;True
0000903651;INNODATA INC;INOD;False;False
0000904080;STONE ENERGY CORP;;True;False
0000904163;AMERICAN NATIONAL INSURANCE CO;;True;False
0000904350;MOQIZONE HOLDING Corp;;True;False
0000904896;N-VIRO INTERNATIONAL CORP;;True;False
0000904918;BlackRock Global Horizons I L.P.;;True;False
0000904973;GTC BIOTHERAPEUTICS INC;;False;True
0000904978;SUN HEALTHCARE GROUP INC;;False;True
0000904979;SHILOH INDUSTRIES INC;;False;True
0000905428;Eco-Trade Corp.;;True;False
0000906107;EQUITY RESIDENTIAL;EQR;False;False
0000906163;NVR INC;NVR;False;False
0000906192;"SRA INTERNATIONAL, INC.";;False;True
0000906193;KEY TECHNOLOGY INC;;False;True
0000906326;RURAL/METRO CORP /DE/;;False;True
0000906345;CAMDEN PROPERTY TRUST;CPT;False;False
0000906448;Vu1 CORP;;True;False
0000906465;QCR HOLDINGS INC;QCRH;False;False
0000906553;BOYD GAMING CORP;BYD;False;False
0000906709;NEKTAR THERAPEUTICS;NKTR;False;False
0000906780;EMPIRE RESORTS INC;;False;True
0000907045;INDEPENDENCE TAX CREDIT PLUS L P II;;True;False
0000907242;MONARCH CASINO & RESORT INC;MCRI;False;False
0000907254;"SAUL CENTERS, INC.";BFS-PE;False;False
0000907471;"PATHWARD FINANCIAL, INC.";CASH;False;False
0000907562;DYAX CORP;;False;True
0000907649;FX ENERGY INC;;False;True
0000907654;"ARCA biopharma, Inc.";ORKA;False;False
0000907686;"Plures Technologies, Inc./DE";;True;False
0000907687;ACTEL CORP;;False;True
0000908255;BORGWARNER INC;BWA;False;False
0000908259;"Oncotelic Therapeutics, Inc.";OTLC;True;False
0000908311;Creative Media & Community Trust Corp;CMCT;False;False
0000908315;WINMARK CORP;WINA;False;False
0000908598;"ATRM Holdings, Inc.";;False;True
0000908652;LANDRYS RESTAURANTS INC;;False;True
0000908821;CHEETAH OIL & GAS LTD.;;True;False
0000908837;NB&T FINANCIAL GROUP INC;;False;True
0000908937;SIRIUS XM HOLDINGS INC.;SIRI;False;False
0000909108;DIAMOND HILL INVESTMENT GROUP INC;DHIL;False;False
0000909111;COLONIAL PROPERTIES TRUST;;False;True
0000909281;ONEOK Partners LP;;False;True
0000909494;TUCOWS INC /PA/;TCX;False;False
0000909724;TANDY LEATHER FACTORY INC;TLF;False;False
0000909791;ULTRATECH INC;;False;True
0000909832;COSTCO WHOLESALE CORP /NEW;COST;False;False
0000909954;"KEURIG GREEN MOUNTAIN, INC.";;True;False
0000909992;BEARD CO /OK;;True;False
0000910073;NEW YORK COMMUNITY BANCORP INC;FLG-PA;False;False
0000910108;LXP Industrial Trust;LXP-PC;False;False
0000910267;TITAN PHARMACEUTICALS INC;;True;False
0000910322;ASTORIA FINANCIAL CORP;;False;True
0000910329;MEDIFAST INC;MED;False;False
0000910406;HAIN CELESTIAL GROUP INC;HAIN;False;False
0000910467;CAMPBELL STRATEGIC ALLOCATION FUND LP;;True;False
0000910521;DECKERS OUTDOOR CORP;DECK;False;False
0000910560;"GOOD SAM ENTERPRISES, LLC";;True;False
0000910606;REGENCY CENTERS CORP;REGCP;False;False
0000910612;CBL & ASSOCIATES PROPERTIES INC;CBL;False;True
0000910638;3D SYSTEMS CORP;DDD;False;False
0000910679;WVS FINANCIAL CORP;;False;True
0000910832;"JINZANGHUANG TIBET PHARMACEUTICALS, INC.";;True;False
0000911002;LODGENET INTERACTIVE CORP;;False;True
0000911109;MOBILE MINI INC;;False;True
0000911147;CENTURY CASINOS INC /CO/;CNTY;False;False
0000911148;CADUS CORP;;True;False
0000911160;RF MICRO DEVICES INC;;True;False
0000911177;CASELLA WASTE SYSTEMS INC;CWST;False;False
0000911216;PALATIN TECHNOLOGIES INC;PTN;False;False
0000911326;SYNAGEVA BIOPHARMA CORP;;False;True
0000911421;PARTNERRE LTD;PREJF;False;True
0000911503;DIVERSIFIED MULTI-ADVISOR FUTURES FUND L.P.;;True;False
0000911568;BOSTON FINANCIAL TAX CREDIT FUND VIII LP;;True;False
0000911583;STEINWAY MUSICAL INSTRUMENTS INC;;False;True
0000911631;TRIAD GUARANTY INC;;True;False
0000911635;ASSOCIATED ESTATES REALTY CORP;;False;True
0000911649;STANDARD DIVERSIFIED INC.;;False;True
0000911650;"Speed Commerce, Inc.";;False;True
0000912030;TORCH ENERGY ROYALTY TRUST;;False;True
0000912061;NATURAL HEALTH TRENDS CORP;NHTC;False;False
0000912086;SYMBOLLON CORP;;True;False
0000912093;VIAVI SOLUTIONS INC.;VIAV;False;False
0000912145;AMERISTAR CASINOS INC;;False;True
0000912183;CUBIST PHARMACEUTICALS INC;;False;True
0000912242;MACERICH CO;MAC;False;False
0000912263;TALBOTS INC;;False;True
0000912365;EVERGREEN ENERGY INC;;False;True
0000912382;NATIONAL BANK OF INDIANAPOLIS CORP;;True;False
0000912463;GUESS INC;;False;False
0000912513;CYTEC INDUSTRIES INC/DE/;;False;True
0000912544;NovelStem International Corp.;NSTM;False;True
0000912562;"GIBRALTAR INDUSTRIES, INC.";ROCK;False;False
0000912593;SUN COMMUNITIES INC;SUI;False;False
0000912595;MID AMERICA APARTMENT COMMUNITIES INC.;MAA-PI;False;False
0000912603;"SCHNITZER STEEL INDUSTRIES, INC.";;False;False
0000912605;CRONOS GLOBAL INCOME FUND XV LP;;True;False
0000912607;MACE SECURITY INTERNATIONAL INC;;False;True
0000912615;URBAN OUTFITTERS INC;URBN;False;False
0000912728;FORWARD AIR CORP;FWRD;False;False
0000912750;NEWFIELD EXPLORATION CO /DE/;;False;True
0000912752;SINCLAIR BROADCAST GROUP INC;;True;False
0000912766;"LAUREATE EDUCATION, INC.";LAUR;False;False
0000912767;UFP INDUSTRIES INC;UFPI;False;False
0000912833;WEST MARINE INC;;False;True
0000912844;"INVENT Ventures, Inc.";;True;False
0000912875;WITS BASIN PRECIOUS MINERALS INC;;True;False
0000912888;VITAL IMAGES INC;;False;True
0000912890;TERREMARK WORLDWIDE INC.;;False;True
0000912898;GLIMCHER REALTY TRUST;;False;True
0000912967;FIRST BANCSHARES INC /MO/;FBSI;False;True
0000913015;"TOWNSQUARE MEDIA, INC.";;True;False
0000913077;AFFYMETRIX INC;;False;True
0000913142;BELDEN INC.;BDC;False;False
0000913144;RENAISSANCERE HOLDINGS LTD;RNR-PG;False;False
0000913165;EXACTECH INC;;False;True
0000913241;"STEVEN MADDEN, LTD.";SHOO;False;False
0000913277;Clarus Corp;CLAR;False;False
0000913341;C & F FINANCIAL CORP;CFFI;False;False
0000913443;CAMBRIDGE HEART INC;;True;False
0000913496;WNC HOUSING TAX CREDIT FUND IV L P SERIES 1;;True;False
0000913497;WNC HOUSING TAX CREDIT FUND IV L P SERIES 2;;True;False
0000913590;"CLST HOLDINGS, INC.";;True;False
0000913616;NATIONAL DENTEX CORP /MA/;;False;True
0000913659;SPOT MOBILE INTERNATIONAL LTD.;;True;False
0000913665;TERRESTAR CORP;;False;True
0000913756;ORTHOVITA INC;;False;True
0000913760;StoneX Group Inc.;SNEX;False;False
0000913778;BF Garden Tax Credit Fund IV L.P.;;True;False
0000913885;TRIQUINT SEMICONDUCTOR INC;;False;True
0000914024;SHAW GROUP INC;;False;True
0000914025;PLANTRONICS INC /CA/;;False;True
0000914122;"Perma-Pipe International Holdings, Inc.";PPIH;False;False
0000914138;MIDDLEBURG FINANCIAL CORP;;False;True
0000914139;PARKERVISION INC;PRKR;False;True
0000914142;"GILMAN CIOCIA, INC.";;True;False
0000914156;UFP TECHNOLOGIES INC;UFPT;False;False
0000914208;Invesco Ltd.;IVZ;False;False
0000914257;"Global Enviro Solutions, Inc.";;True;False
0000914329;FEI CO;;False;True
0000914374;SOUTHWEST BANCORP INC;;False;True
0000914397;GREAT LAKES AVIATION LTD;;True;False
0000914398;ELECSYS CORP;;False;True
0000914475;NEUROCRINE BIOSCIENCES INC;NBIX;False;False
0000914536;SFN Group Inc.;;False;True
0000914537;BRAZIL FAST FOOD CORP;;True;False
0000914577;TRANS WORLD CORP;;True;False
0000914712;"Steel Connect, Inc.";;False;False
0000914747;MORGAN STANLEY SMITH BARNEY CHARTER ASPECT L.P.;;True;False
0000914748;EVEREST REINSURANCE HOLDINGS INC;;True;False
0000915127;PHC INC /MA/;;False;True
0000915140;CBL & ASSOCIATES LIMITED PARTNERSHIP;;True;False
0000915324;TELULAR CORP;;False;True
0000915337;BANCORP ENERGY INC;;True;False
0000915358;SIGMATRON INTERNATIONAL INC;;False;False
0000915389;EASTMAN CHEMICAL CO;EMN;False;False
0000915735;STRATASYS INC;;True;False
0000915778;DSP GROUP INC /DE/;;False;True
0000915779;DAKTRONICS INC /SD/;DAKT;False;False
0000915840;BEAZER HOMES USA INC;BZH;False;False
0000915862;PANTRY INC;;False;True
0000915912;AVALONBAY COMMUNITIES INC;AVB;False;False
0000915913;ALBEMARLE CORP;ALB-PA;False;False
0000916076;MARTIN MARIETTA MATERIALS INC;MLM;False;False
0000916085;HEALTH NET INC;;False;True
0000916230;PROTECTION ONE INC;;False;True
0000916235;SONIC SOLUTIONS/CA/;;False;True
0000916365;TRACTOR SUPPLY CO /DE/;TSCO;False;False
0000916457;CALPINE CORP;;False;True
0000916459;GARDNER DENVER INC;;True;False
0000916529;AROTECH CORP;;False;True
0000916530;W2007 Grace Acquisition I Inc;;True;False
0000916540;DARLING INGREDIENTS INC.;DAR;False;False
0000916789;HELEN OF TROY LTD;HELE;False;False
0000916802;BOSS HOLDINGS INC;;True;False
0000916863;"INTEGRYS ENERGY GROUP, INC.";;False;True
0000916907;"SOUTHERN MISSOURI BANCORP, INC.";SMBC;False;False
0000917032;RIDGEWOOD ELECTRIC POWER TRUST III;;True;False
0000917225;SOLITARIO ZINC CORP.;XPL;False;False
0000917251;AGREE REALTY CORP;ADC-PA;False;False
0000917273;RAMBUS INC;RMBS;False;False
0000917470;OLYMPIC STEEL INC;ZEUS;False;False
0000917491;FARO TECHNOLOGIES INC;;False;False
0000917520;INTEGRA LIFESCIENCES HOLDINGS CORP;IART;False;False
0000917523;"Revolution Lighting Technologies, Inc.";;False;True
0000917968;PEETS COFFEE & TEA INC;;False;True
0000918112;NEUROBIOLOGICAL TECHNOLOGIES INC /CA/;;True;False
0000918160;AK STEEL HOLDING CORP;;False;True
0000918251;MOTORCAR PARTS OF AMERICA INC;MPAA;False;False
0000918386;QLOGIC CORP;;False;True
0000918541;NN INC;NNBR;False;False
0000918543;CASTLE GROUP INC;;True;False
0000918545;BALTIC INTERNATIONAL USA INC;;True;False
0000918573;GROOVE BOTANICALS INC.;GRVE;True;False
0000918580;Gaming Partners International CORP;;False;True
0000918581;CIBER INC;;False;True
0000918646;EAGLE MATERIALS INC;EXP;False;False
0000918946;BRIGHTPOINT INC;;False;True
0000918962;POINDEXTER J B & CO INC;;True;False
0000918964;INTERNATIONAL TEXTILE GROUP INC;;True;False
0000918965;"SCANSOURCE, INC.";SCSC;False;False
0000918997;AQUENTIUM INC;;True;False
0000919012;AMERICAN EAGLE OUTFITTERS INC;AEO;False;False
0000919013;WAVE SYSTEMS CORP;;False;True
0000919015;BIOSPHERE MEDICAL INC;;False;True
0000919130;Onstream Media CORP;;False;True
0000919134;MENDOCINO BREWING CO INC;;True;False
0000919175;"Sugarmade, Inc.";;True;False
0000919226;SMURFIT STONE CONTAINER CORP;;True;False
0000919443;LACROSSE FOOTWEAR INC;;False;True
0000919465;BERRY PLASTICS CORP;;True;False
0000919583;Strasbaugh;;True;False
0000919605;BIOCORAL INC;;True;False
0000919628;CKE RESTAURANTS INC;;False;True
0000919721;TRANS ENERGY INC;;True;False
0000919722;"Astex Pharmaceuticals, Inc";;False;True
0000919742;World Surveillance Group Inc.;;True;False
0000919745;"DARA BioSciences, Inc.";;False;True
0000919864;Finward Bancorp;FNWD;False;False
0000919865;FENTURA FINANCIAL INC;;True;False
0000919956;"Diversicare Healthcare Services, Inc.";;False;True
0000920033;BANK JOS A CLOTHIERS INC /DE/;;False;True
0000920112;HEARTLAND FINANCIAL USA INC;;False;False
0000920148;LABORATORY CORP OF AMERICA HOLDINGS;LH;False;False
0000920321;"CENVEO, INC";;False;True
0000920371;"Simpson Manufacturing Co., Inc.";SSD;False;False
0000920424;VIRTU ITG HOLDINGS LLC;;False;True
0000920427;UNITY BANCORP INC /NJ/;UNTY;False;False
0000920448;BROADVISION INC;;False;True
0000920465;LA JOLLA PHARMACEUTICAL CO;;False;True
0000920522;"ESSEX PROPERTY TRUST, INC.";ESS;False;False
0000920527;PSS WORLD MEDICAL INC;;False;True
0000920707;"MAKEMUSIC, INC.";;False;True
0000920760;LENNAR CORP /NEW/;LEN-B;False;False
0000920990;METRO ONE TELECOMMUNICATIONS INC;;True;False
0000921051;TF FINANCIAL CORP;;False;True
0000921082;"HIGHWOODS PROPERTIES, INC.";HIW;False;False
0000921112;LIBERTY PROPERTY TRUST;;False;True
0000921113;LIBERTY PROPERTY LIMITED PARTNERSHIP;;True;False
0000921114;"Armata Pharmaceuticals, Inc.";ARMP;False;False
0000921183;HMN FINANCIAL INC;;False;False
0000921299;FIBROGEN INC;KYNB;False;False
0000921313;VIEWCAST COM INC;;True;False
0000921500;CONSOLIDATED GRAPHICS INC /TX/;;False;True
0000921503;BLYTH INC;;False;True
0000921547;HERITAGE OAKS BANCORP;;False;True
0000921549;TRICO MARINE SERVICES INC;;False;True
0000921557;REPUBLIC BANCORP INC /KY/;RBCAA;False;False
0000921560;"Moregain Pictures, Inc.";;True;False
0000921582;IMAX CORP;IMAX;False;False
0000921590;VALLEY FINANCIAL CORP /VA/;;False;True
0000921638;SSR MINING INC.;SSRGF;False;False
0000921691;COLE KENNETH PRODUCTIONS INC;;False;True
0000921738;"PENN Entertainment, Inc.";PENN;False;False
0000921768;BBX CAPITAL CORP;;False;True
0000921825;FIRST INDUSTRIAL REALTY TRUST INC;FR;False;False
0000921847;HUDSON CITY BANCORP INC;;False;True
0000921864;CITIBANK CREDIT CARD MASTER TRUST I;;True;False
0000922011;Lustros Inc.;;True;False
0000922204;RF MONOLITHICS INC /DE/;;False;True
0000922224;PPL Corp;PPL;False;False
0000922237;ENOVA SYSTEMS INC;;False;True
0000922247;"Cyclo Therapeutics, Inc.";;False;False
0000922330;REGI U S INC;;True;False
0000922358;FERRELLGAS PARTNERS L P;FGPRB;False;True
0000922359;FERRELLGAS L P;;True;False
0000922360;FERRELLGAS FINANCE CORP;;True;False
0000922475;ITT EDUCATIONAL SERVICES INC;;False;True
0000922487;ROYAL BANCSHARES OF PENNSYLVANIA INC;;False;True
0000922521;FALCONSTOR SOFTWARE INC;FALC;False;True
0000922612;SCHMITT INDUSTRIES INC;;False;True
0000922621;ERIE INDEMNITY CO;ERIE;False;False
0000922717;CHINDEX INTERNATIONAL INC;;False;True
0000922863;QUALITY DISTRIBUTION INC;;False;True
0000922864;APARTMENT INVESTMENT & MANAGEMENT CO;AIV;False;False
0000922869;CAPITAL ONE MASTER TRUST;;True;False
0000923118;HOME PROPERTIES INC;;False;True
0000923120;GREENBRIER COMPANIES INC;GBX;False;False
0000923139;FLUSHING FINANCIAL CORP;FFIC;False;False
0000923168;Unilava Corp;;True;False
0000923284;INLAND REAL ESTATE CORP;;False;True
0000923473;PALM HARBOR HOMES INC /FL/;;False;True
0000923569;CITIBANK OMNI-S MASTER TRUST;;True;False
0000923571;US XPRESS ENTERPRISES INC;;False;True
0000923601;SINGING MACHINE CO INC;RIME;False;False
0000923603;FelCor Lodging Trust Inc;;False;True
0000923649;CALIFORNIA PETROLEUM TRANSPORT CORP;;True;False
0000923660;DIVERSIFIED MULTI-ADVISOR FUTURES FUND L.P. II;;True;False
0000923680;DOMINION RESOURCES BLACK WARRIOR TRUST;;False;True
0000923796;GEO GROUP INC;GEO;False;False
0000923808;MACC PEI LIQUIDATING TRUST;;False;True
0000924095;"Metavesco, Inc.";MVCO;False;True
0000924124;INDEPENDENCE TAX CREDIT PLUS LP III;;True;False
0000924168;"ENERGY FOCUS, INC/DE";EFOI;False;False
0000924383;Genasys Inc.;GNSS;False;False
0000924396;"OpenLocker Holdings, Inc.";CRSF;True;False
0000924515;GUIDED THERAPEUTICS INC;GTHP;True;False
0000924642;VERITEQ;;True;False
0000924717;SURMODICS INC;;False;False
0000924719;SMITH MIDLAND CORP;SMID;False;False
0000924805;Freedom Holding Corp.;FRHC;False;False
0000924822;MILLER INDUSTRIES INC /TN/;MLR;False;False
0000924901;"Veris Residential, Inc.";VRE;False;False
0000924940;"DIAMOND MANAGEMENT & TECHNOLOGY CONSULTANTS, INC.";;False;True
0000925043;ADVANT E CORP;;True;False
0000925173;POTOMAC BANCSHARES INC;;True;False
0000925263;MORGAN STANLEY SMITH BARNEY SPECTRUM STRATEGIC LP;;True;False
0000925266;MORGAN STANLEY SMITH BARNEY SPECTRUM GLOBAL BALANCED LP;;True;False
0000925306;MORGAN STANLEY SMITH BARNEY SPECTRUM TECHNICAL LP;;True;False
0000925528;HUDSON TECHNOLOGIES INC /NY;HDSN;False;False
0000925535;CITIZENS CAPITAL CORP;;True;False
0000925645;CENTRAL EUROPEAN MEDIA ENTERPRISES LTD;;False;True
0000925660;FLEXPOINT SENSOR SYSTEMS INC;;True;False
0000925661;"SECTOR 10, Inc.";;True;False
0000925741;"BioCardia, Inc.";BCDA;False;False
0000925956;Tix CORP;;False;True
0000926164;"PROVIDENT COMMUNITY BANCSHARES, INC.";;False;True
0000926282;"ADTRAN Holdings, Inc.";ADTN;False;False
0000926287;SANGUINE CORP;;True;False
0000926326;"OMNICELL, INC.";OMCL;False;False
0000926423;"MIND TECHNOLOGY, INC";MIND;False;False
0000926617;Aspira Women's Health Inc.;AWHL;False;False
0000926660;"Apartment Income REIT, L.P.";;True;False
0000926761;CANTERBURY PARK HOLDING CORP;;True;False
0000926843;NATIONAL PROPERTY ANALYSTS MASTER LIMITED PARTNERSHIP;;True;False
0000926844;Fuss Brands Corp.;FBDS;False;True
0000926865;CECIL BANCORP INC;;True;False
0000927003;ADVANCED ENERGY INDUSTRIES INC;AEIS;False;False
0000927066;DAVITA INC.;DVA;False;False
0000927355;TESSCO TECHNOLOGIES INC;;False;True
0000927417;POLYMER GROUP INC;;True;False
0000927454;"Allied Security Innovations, Inc.";;True;False
0000927472;Parabel Inc.;;True;False
0000927569;ATEL CASH DISTRIBUTION FUND VI LP;;True;False
0000927628;CAPITAL ONE FINANCIAL CORP;COF-PN;False;False
0000927653;MCKESSON CORP;MCK;False;False
0000927720;SPANISH BROADCASTING SYSTEM INC;;False;True
0000927761;MYMETICS CORP;;True;False
0000927807;INTERVEST BANCSHARES CORP;;False;True
0000927971;BANK OF MONTREAL /CAN/;OILU;False;False
0000928022;Callon Petroleum Co;;False;False
0000928054;FLOTEK INDUSTRIES INC/CN/;FTK;False;False
0000928340;Consolidated Water Co. Ltd.;CWCO;False;False
0000928375;Dutch Gold Resources Inc;;True;False
0000928421;MATTSON TECHNOLOGY INC;;False;True
0000928447;RADIANT OIL & GAS INC;;True;False
0000928465;AMCON DISTRIBUTING CO;DIT;False;False
0000928576;MIDAMERICAN ENERGY CO;;True;False
0000928592;PVF CAPITAL CORP;;False;True
0000928658;"COVENANT LOGISTICS GROUP, INC.";CVLG;False;False
0000928659;TELETOUCH COMMUNICATIONS INC;;True;False
0000928835;"China Digital Animation Development, Inc.";;True;False
0000928911;CASCADE FINANCIAL CORP;;False;True
0000928953;PILLARSTONE CAPITAL REIT;;True;False
0000929008;WESCO INTERNATIONAL INC;WCC;False;False
0000929186;FIRST MERCURY FINANCIAL CORP;;False;True
0000929351;LIONS GATE ENTERTAINMENT CORP /CN/;STRZ;True;False
0000929452;KNIGHT TRANSPORTATION INC;;True;False
0000929545;"CONDOR HOSPITALITY TRUST, INC.";;False;True
0000929887;APOLLO EDUCATION GROUP INC;;False;True
0000929920;WELLS REAL ESTATE FUND VIII LP;;True;False
0000929921;WELLS REAL ESTATE FUND IX LP;;True;False
0000929940;ASPEN TECHNOLOGY INC /DE/;;True;False
0000929994;ASSISTED LIVING CONCEPTS INC;;False;True
0000930184;VALEANT PHARMACEUTICALS INTERNATIONAL;;False;True
0000930236;REDWOOD TRUST INC;RWTO;False;False
0000930245;GLOBAL ACQUISITIONS Corp;AASP;True;False
0000930364;RIDGEWOOD ELECTRIC POWER TRUST IV;;True;False
0000930405;LSB FINANCIAL CORP;;False;True
0000930420;KFORCE INC;KFRC;False;False
0000930553;ISTA PHARMACEUTICALS INC;;False;True
0000930775;ENCISION INC;ECIA;True;False
0000930803;HAUPPAUGE DIGITAL INC;;False;True
0000930810;RECKSON OPERATING PARTNERSHIP LP;;True;False
0000930835;EDISON MISSION ENERGY;;True;False
0000931015;Polaris Inc.;PII;False;False
0000931058;LIN TELEVISION CORP;;True;False
0000931059;"Rennova Health, Inc.";;False;True
0000931148;GRAFTECH INTERNATIONAL LTD;EAF;False;True
0000931182;ERP OPERATING LTD PARTNERSHIP;;True;False
0000931336;DEAN FOODS CO;;False;True
0000931584;UNIVERSAL STAINLESS & ALLOY PRODUCTS INC;;False;False
0000931683;LITTLEFIELD CORP;;True;False
0000931755;AEI INCOME & GROWTH FUND XXI LTD PARTNERSHIP;XXAAU;True;False
0000931799;"GlyEco, Inc.";;True;False
0000931948;STILLWATER MINING CO /DE/;;False;True
0000932021;GLOBAL TECHNOLOGIES LTD;GTLL;True;False
0000932111;MICREL INC;;False;True
0000932136;Sustainable Environmental Technologies Corp;;True;False
0000932352;"Urigen Pharmaceuticals, Inc.";;True;False
0000932372;Spy Inc.;;False;True
0000932628;AMERIGAS PARTNERS LP;;False;True
0000932696;INSIGHT ENTERPRISES INC;NSIT;False;False
0000932699;AMERICAN POWER GROUP Corp;;True;False
0000932781;FIRST COMMUNITY CORP /SC/;FCCO;False;False
0000933034;STRATTEC SECURITY CORP;STRT;False;False
0000933036;"UPBOUND GROUP, INC.";UPBD;False;False
0000933136;Mr. Cooper Group Inc.;;False;False
0000933141;IBERIABANK CORP;;False;True
0000933405;ATC Technology CORP;;False;True
0000933425;ACCREDITED BUSINESS CONSOLIDATORS CORP.;;True;False
0000933454;VOXWARE INC;;False;True
0000933590;"Your Community Bankshares, Inc.";;False;True
0000933738;ENGLOBAL CORP;;False;False
0000933954;VERSATECH USA;;True;False
0000933972;374Water Inc.;SCWO;False;False
0000933974;"Azenta, Inc.";AZTA;False;False
0000934280;CYBERSOURCE CORP;;False;True
0000934306;CONVERSION SERVICES INTERNATIONAL INC;;True;False
0000934445;Eagle Mountain Corp;;True;False
0000934448;"Digital Generation, Inc.";;True;False
0000934473;GENVEC INC;;False;True
0000934538;TECHE HOLDING CO;;False;True
0000934543;AMERICAN CHURCH MORTGAGE CO;;True;False
0000934547;BANK OF KENTUCKY FINANCIAL CORP;;False;True
0000934549;ACACIA RESEARCH CORP;ACTG;False;False
0000934612;"BURLINGTON NORTHERN SANTA FE, LLC";;False;True
0000934648;SPEEDWAY MOTORSPORTS INC;;False;True
0000934739;WELLS FINANCIAL CORP;;True;False
0000934796;NETWORK CN INC;;True;False
0000934843;NATIONAL CITY CREDIT CARD MASTER TRUST;;True;False
0000934936;"SCOLR Pharma, Inc.";;False;True
0000935036;"ACI WORLDWIDE, INC.";ACIW;False;False
0000935226;BENIHANA INC;;False;True
0000935419;"RCI HOSPITALITY HOLDINGS, INC.";RICK;False;False
0000935493;AZZURRA HOLDING CORP;;True;False
0000935494;NATIONAL INSTRUMENTS CORP;;False;True
0000935703;"DOLLAR TREE, INC.";DLTR;False;False
0000935724;PMI GROUP INC;;False;True
0000936340;DTE ENERGY CO;DTG;False;False
0000936395;CIENA CORP;CIEN;False;False
0000936402;Shire plc;;False;True
0000936446;Amerinac Holding Corp.;;True;False
0000936468;LOCKHEED MARTIN CORP;LMT;False;False
0000936528;WAFD INC;WAFDP;False;False
0000936988;BA Master Credit Card Trust II;;True;False
0000937098;"TRINET GROUP, INC.";TNET;False;False
0000937136;HYPERDYNAMICS CORP;;False;True
0000937252;CAREADVANTAGE INC;;True;False
0000937556;MASIMO CORP;MASI;False;False
0000937834;METROPOLITAN LIFE INSURANCE CO;;True;False
0000937941;"PCM, INC.";;False;True
0000938113;APOLLO GOLD CORP;;False;True
0000939767;"EXELIXIS, INC.";EXEL;False;False
0000939930;"PYXUS INTERNATIONAL, INC.";PYYX;False;True
0000940181;SKILLSOFT PUBLIC LIMITED CO;;True;False
0000940329;INDEPENDENCE TAX CREDIT PLUS LP IV;;True;False
0000940332;ANADIGICS INC;;False;True
0000940510;BORDERS GROUP INC;;False;True
0000940942;"Hub Group, Inc.";HUBG;False;False
0000940944;DARDEN RESTAURANTS INC;DRI;False;False
0000941020;GENELINK INC;;True;False
0000941138;UNS Energy Corp;;False;True
0000941436;MODERN HOLDINGS Inc;;True;False
0000941548;CAMERON INTERNATIONAL CORP;;False;True
0000941604;OUTERWALL INC;;False;True
0000941685;IMAGEWARE SYSTEMS INC;;True;False
0000941713;HIGHWOODS REALTY LTD PARTNERSHIP;;True;False
0000942126;TAITRON COMPONENTS INC;TAIT;False;False
0000942650;TN-K ENERGY GROUP INC.;;True;False
0000943034;AUTOSCOPE TECHNOLOGIES CORP;AATC;False;True
0000943061;US ONCOLOGY INC;;True;False
0000943110;"Corporate Resource Services, Inc.";;False;True
0000943117;SUREWEST COMMUNICATIONS;;True;False
0000943119;FNBH BANCORP INC;;True;False
0000943184;"Ever-Glory International Group, Inc.";;False;True
0000943320;"TRUMP ENTERTAINMENT RESORTS, INC.";;True;False
0000943322;TRUMP ENTERTAINMENT RESORTS HOLDINGS LP;;True;False
0000943323;TRUMP ENTERTAINMENT RESORTS FUNDING INC;;True;False
0000943324;"Conmed Healthcare Management, Inc.";;False;True
0000943452;WESTINGHOUSE AIR BRAKE TECHNOLOGIES CORP;WAB;False;False
0000943535;"WORLD HEALTH ENERGY HOLDINGS, INC.";WHEN;True;False
0000943580;LECROY CORP;;False;True
0000943819;RESMED INC;RSMDF;False;False
0000943823;DAVE & BUSTERS INC;;True;False
0000943861;GOODRICH PETROLEUM CORP;;False;True
0000943894;EZENIA INC;;True;False
0000943904;WNC HOUSING TAX CREDIT FUND V LP SERIES 3;;True;False
0000943906;WNC HOUSING TAX CREDIT FUND V LP SERIES 4;;True;False
0000944075;"SOCKET MOBILE, INC.";SCKT;False;False
0000944130;"MINISTRY PARTNERS INVESTMENT COMPANY, LLC";;True;False
0000944136;"TC Global, Inc.";;True;False
0000944148;"CBIZ, Inc.";CBZ;False;False
0000944314;"LIFE STORAGE, INC.";;False;True
0000944480;GSE SYSTEMS INC;;False;False
0000944508;"INVENTURE FOODS, INC.";;False;True
0000944695;"HANOVER INSURANCE GROUP, INC.";THG;False;False
0000944696;"Capital Financial Holdings, Inc";;True;False
0000944725;UNITED WESTERN BANCORP INC;;False;True
0000944739;TRANSWITCH CORP /DE;;False;True
0000944745;"CIVISTA BANCSHARES, INC.";CIVB;False;False
0000944765;MERGE HEALTHCARE INC;;False;True
0000944792;UNITED BANCSHARES INC /PA;;True;False
0000944809;"OPKO HEALTH, INC.";OPK;False;False
0000944947;EnergyConnect Group Inc;;True;False
0000945114;GLOBAL INDUSTRIAL Co;GIC;False;False
0000945235;M & F WORLDWIDE CORP;;False;True
0000945384;CICERO INC;;True;False
0000945394;Service Properties Trust;SVC;False;False
0000945436;"SUNEDISON, INC.";;False;True
0000945489;BELL INDUSTRIES INC /NEW/;;True;False
0000945617;"American Cannabis Company, Inc.";;True;False
0000945634;"Artisanal Brands, Inc.";;True;False
0000945641;"IAS ENERGY, INC.";;True;False
0000945699;IXYS CORP /DE/;;False;True
0000945764;DENBURY INC;;False;True
0000945828;AMERITYRE CORP;;False;True
0000945841;POOL CORP;POOL;False;False
0000945983;"Climb Global Solutions, Inc.";CLMB;False;False
0000945989;ASTEA INTERNATIONAL INC;;False;True
0000946090;FIRST MARINER BANCORP;;False;True
0000946155;TIAA REAL ESTATE ACCOUNT;;True;False
0000946283;"Z Holdings Group, Inc.";;True;False
0000946454;FG Group Holdings Inc.;;True;False
0000946486;WINDTREE THERAPEUTICS INC /DE/;WINTW;False;False
0000946563;RETRACTABLE TECHNOLOGIES INC;RVP;False;False
0000946581;TAKE TWO INTERACTIVE SOFTWARE INC;TTWO;False;False
0000946644;AIM ImmunoTech Inc.;AIM;False;False
0000946647;PREMIER FINANCIAL CORP;;False;False
0000946673;BANNER CORP;BANR;False;False
0000946822;"Aly Energy Services, Inc.";;True;False
0000946823;VITRAN CORP INC;;False;True
0000946840;VIROPHARMA INC;;False;True
0000946842;AMBASSADORS INTERNATIONAL INC;;False;True
0000947011;"Trucept, Inc.";;True;False
0000947397;EVERGREEN SOLAR INC;;False;True
0000947440;VOLUNTEER BANCORP INC;;True;False
0000947484;ARCH CAPITAL GROUP LTD.;ACGLN;False;False
0000947559;FIRST BANCSHARES INC /MS/;;False;False
0000947969;MANGO CAPITAL INC;;True;False
0000947986;ICON CASH FLOW PARTNERS L P SEVEN;;True;False
0000948072;BIRNER DENTAL MANAGEMENT SERVICES INC;;False;True
0000948218;MINN DAK FARMERS COOPERATIVE;;True;False
0000948320;"LifeMD, Inc.";LFMDP;False;False
0000948368;PSB HOLDINGS INC /WI/;;True;False
0000948426;COATES INTERNATIONAL LTD \DE\;;True;False
0000948708;"SMITH MICRO SOFTWARE, INC.";SMSI;False;False
0000948846;AIRTRAN HOLDINGS INC;;False;True
0000948850;COMSYS IT PARTNERS INC;;False;True
0000949039;"DIAMOND OFFSHORE DRILLING, INC.";;False;True
0000949156;MEADOWBROOK INSURANCE GROUP INC;;False;True
0000949157;CENTURY ALUMINUM CO;CENX;False;False
0000949158;CRAY INC;;False;True
0000949189;CAPSALUS CORP;;True;False
0000949297;"APAC CUSTOMER SERVICES, INC";;False;True
0000949349;AMERICAN EXPRESS RECEIVABLES FINANCING CORP II;;True;False
0000949371;"Geos Communications, Inc.";;True;False
0000949373;EINSTEIN NOAH RESTAURANT GROUP INC;;False;True
0000949394;"AMACORE GROUP, INC.";;True;False
0000949428;"CDTI ADVANCED MATERIALS, INC.";;False;True
0000949699;PHARMACYCLICS INC;;False;True
0000949721;"Meridian Waste Solutions, Inc.";;False;True
0000949852;THANKSGIVING COFFEE CO INC;;True;False
0000949858;"ACHIEVE LIFE SCIENCES, INC.";ACHV;False;False
0000949870;BOSTON BEER CO INC;SAM;False;False
0000949874;YOUNG INNOVATIONS INC;;False;True
0000949961;INCOME OPPORTUNITY REALTY INVESTORS INC /TX/;IOR;False;False
0000949982;AMERICAN COMMERCE SOLUTIONS Inc;;True;False
0001000045;NICHOLAS FINANCIAL INC;OMCC;False;False
0001000180;SANDISK CORP;;False;True
0001000209;MEDALLION FINANCIAL CORP;MBNKO;False;False
0001000228;HENRY SCHEIN INC;HSIC;False;False
0001000229;CORE LABORATORIES N V;;True;False
0001000230;OPTICAL CABLE CORP;OCC;False;False
0001000232;KENTUCKY BANCSHARES INC /KY/;;True;False
0001000278;PACIFICHEALTH LABORATORIES INC;;True;False
0001000298;IMPAC MORTGAGE HOLDINGS INC;IMPM;False;True
0001000459;GREEN ENERGY GROUP INC.;;True;False
0001000623;"Mativ Holdings, Inc.";MATV;False;False
0001000683;BLONDER TONGUE LABORATORIES INC;;False;True
0001000694;NOVAVAX INC;NVAX;False;False
0001000697;WATERS CORP /DE/;WAT;False;False
0001000753;"INSPERITY, INC.";NSP;False;False
0001000955;"Southcorp Capital, Inc.";;True;False
0001001039;WALT DISNEY CO/;;True;False
0001001065;"Power Sports Factory, Inc";;True;False
0001001082;DISH Network CORP;;False;True
0001001115;GEOSPACE TECHNOLOGIES CORP;GEOS;False;False
0001001171;BROADWAY FINANCIAL CORP \DE\;BYFC;False;False
0001001233;"SANGAMO THERAPEUTICS, INC";SGMO;False;False
0001001250;ESTEE LAUDER COMPANIES INC;EL;False;False
0001001258;ASTA FUNDING INC;;False;True
0001001279;INTERNET AMERICA INC;;True;False
0001001288;LEXMARK INTERNATIONAL INC /KY/;;False;True
0001001316;"TG THERAPEUTICS, INC.";TGTX;False;False
0001001385;NORTHWEST PIPE CO;NWPX;False;False
0001001426;PERICOM SEMICONDUCTOR CORP;;False;True
0001001463;"Acacia Diversified Holdings, Inc.";;True;False
0001001601;"MGT CAPITAL INVESTMENTS, INC.";MGTI;False;True
0001001604;EMERITUS CORP\WA\;;False;True
0001001606;BLOUNT INTERNATIONAL INC;;False;True
0001001614;"Riley Exploration Permian, Inc.";REPX;False;False
0001001838;SOUTHERN COPPER CORP/;SCCO;False;False
0001001871;INVESTORS CAPITAL HOLDINGS LTD;;False;True
0001001902;INTEVAC INC;;False;False
0001001907;ASTROTECH Corp;ASTC;False;False
0001002037;"LEARNING TREE INTERNATIONAL, INC.";;False;True
0001002047;"NetApp, Inc.";NTAP;False;False
0001002135;WESTELL TECHNOLOGIES INC;;False;True
0001002225;ADVENT SOFTWARE INC /DE/;;False;True
0001002360;"ABSOLUTE POTENTIAL, INC.";;True;False
0001002388;"ACCELRYS, INC.";;False;True
0001002390;"America's Suppliers, Inc.";;True;False
0001002396;MILLION DOLLAR SALOON INC;;True;False
0001002422;"Ceres Ventures, Inc.";;True;False
0001002517;"Nuance Communications, Inc.";;False;True
0001002519;CRONOS GLOBAL INCOME FUND XVI LP;;True;False
0001002520;SPEEDUS CORP;;False;True
0001002531;TOLLGRADE COMMUNICATIONS INC \PA\;;False;True
0001002554;EMERGING VISION INC;;True;False
0001002590;"STAR GROUP, L.P.";SGU;False;False
0001002638;OPEN TEXT CORP;OTEX;False;False
0001002761;AMERICREDIT FINANCIAL SERVICES INC;;True;False
0001002771;"Integrated Cannabis Solutions, Inc.";;True;False
0001002811;KENSEY NASH CORP;;False;True
0001002822;FIRST AMERICAN SCIENTIFIC CORP \NV\;;True;False
0001002910;AMEREN CORP;AEE;False;False
0001003022;ZORAN CORP \DE\;;False;True
0001003078;MSC INDUSTRIAL DIRECT CO INC;MSM;False;False
0001003124;PHARMACEUTICAL PRODUCT DEVELOPMENT INC;;False;True
0001003130;LCA VISION INC;;False;True
0001003201;"MMA Capital Holdings, Inc.";;False;True
0001003214;SILICON IMAGE INC;;False;True
0001003226;"First Physicians Capital Group, Inc.";;True;False
0001003344;HEADWATERS INC;;False;True
0001003410;DUKE REALTY Ltd PARTNERSHIP/;;True;False
0001003509;AMERICAN EXPRESS CREDIT ACCOUNT MASTER TRUST;;True;False
0001003607;ALTIGEN COMMUNICATIONS INC;;False;True
0001003640;AML COMMUNICATIONS INC;;True;False
0001003642;IMPAX LABORATORIES INC;;True;False
0001003815;BCTC IV ASSIGNOR CORP;;True;False
0001003929;"VIA Pharmaceuticals, Inc.";;True;False
0001003950;PERFORMANCE TECHNOLOGIES INC \DE\;;False;True
0001003961;PATAPSCO BANCORP INC;;True;False
0001003986;TAYLOR CALVIN B BANKSHARES INC;;True;False
0001004036;TANGER PROPERTIES LTD PARTNERSHIP /NC/;;True;False
0001004125;KSW INC;;False;True
0001004155;SOUTHERN Co GAS;;False;True
0001004158;GS MORTGAGE SECURITIES CORP II;;True;False
0001004411;GILLA INC.;;True;False
0001004434;"AFFILIATED MANAGERS GROUP, INC.";MGRE;False;False
0001004440;CONSTELLATION ENERGY GROUP INC;;False;True
0001004608;PINNACLE DATA SYSTEMS INC;;False;True
0001004673;Entertainment Gaming Asia Inc.;;False;True
0001004702;OCEANFIRST FINANCIAL CORP;OCFC;False;False
0001004724;"REGIONAL HEALTH PROPERTIES, INC";RHEPB;False;False
0001004980;PG&E Corp;PCG-PX;False;False
0001004988;CHASE CREDIT CARD MASTER TRUST;;True;False
0001004989;"SPAR Group, Inc.";SGRP;False;False
0001005010;ARTHROCARE CORP;;False;True
0001005011;"GRAPHIC PACKAGING INTERNATIONAL, LLC";;True;False
0001005101;"Marygold Companies, Inc.";MGLD;False;False
0001005177;ML TREND-FOLLOWING FUTURES FUND L.P.;;True;False
0001005188;NORTH CENTRAL BANCSHARES INC;;False;True
0001005201;"Assertio Therapeutics, Inc";;True;False
0001005210;SUBURBAN PROPANE PARTNERS LP;SPH;False;False
0001005214;AMERICAN WAGERING INC;;True;False
0001005229;COLUMBUS MCKINNON CORP;CMCO;False;False
0001005276;MOHEGAN TRIBAL GAMING AUTHORITY;;True;False
0001005284;UNIVERSAL DISPLAY CORP \PA\;OLED;False;False
0001005286;LANDEC CORP \CA\;LFCR;False;False
0001005409;DIME COMMUNITY BANCSHARES INC;;True;False
0001005414;TOYS R US INC;;True;False
0001005663;"EURO GROUP OF COMPANIES, INC.";;True;False
0001005699;MAGICJACK VOCALTEC LTD;;False;True
0001005731;IDT CORP;IDT;False;True
0001005757;CSG SYSTEMS INTERNATIONAL INC;CSGS;False;False
0001005758;"Radioio, Inc.";;True;False
0001005817;TOMPKINS FINANCIAL CORP;TMP;False;False
0001006028;"PURE BIOSCIENCE, INC.";PURE;False;True
0001006045;IRIDEX CORP;IRIX;False;False
0001006177;FFD FINANCIAL CORP/OH;;False;True
0001006195;MATRIXX INITIATIVES INC;;False;True
0001006269;LORAL SPACE & COMMUNICATIONS INC.;;False;True
0001006281;"Protalix BioTherapeutics, Inc.";PLX;False;False
0001006384;"Golden Elephant Glass Technology, Inc.";;True;False
0001006402;CE CASECNAN WATER & ENERGY CO INC;;True;False
0001006424;"BEAR STATE FINANCIAL, INC.";;False;True
0001006459;Timios National Corp;;True;False
0001006637;TICKETMASTER ENTERTAINMENT LLC;;False;True
0001006655;EVOLUTION PETROLEUM CORP;EPM;False;False
0001006820;NORTHERN CALIFORNIA BANCORP INC;;True;False
0001006830;CONSUMERS BANCORP INC /OH/;CBKM;True;False
0001006837;INNOVATE Corp.;VATE;False;False
0001006840;"Cang Bao Tian Xia International Art Trade Center, Inc.";;True;False
0001006892;JDA SOFTWARE GROUP INC;;False;True
0001007018;BIOFIELD CORP \DE\;;True;False
0001007019;COFFEE HOLDING CO INC;JVA;False;False
0001007273;BANK OF SOUTH CAROLINA CORP;BKSC;False;True
0001007330;"PRGX GLOBAL, INC.";;False;True
0001007587;KVH INDUSTRIES INC \DE\;KVHI;False;False
0001008579;HIGHLANDS BANKSHARES INC /VA/;;True;False
0001008586;STREAMLINE HEALTH SOLUTIONS INC.;;False;False
0001008653;"Ecomax, Inc";;True;False
0001008654;TUPPERWARE BRANDS CORP;;False;False
0001008817;SAPIENT CORP;;False;True
0001008848;ACORDA THERAPEUTICS INC;;False;False
0001009244;MEXICAN RESTAURANTS INC;;False;True
0001009356;SALIX PHARMACEUTICALS LTD;;False;True
0001009379;METROPOLITAN HEALTH NETWORKS INC;;False;True
0001009463;GLOBAL MED TECHNOLOGIES INC;;True;False
0001009479;AMERICAN TONERSERV CORP.;;True;False
0001009626;BROCADE COMMUNICATIONS SYSTEMS INC;;False;True
0001009672;CARBO CERAMICS INC;;False;True
0001009759;Capstone Green Energy Corp;CGEH;False;True
0001009829;JAKKS PACIFIC INC;JAKK;False;False
0001009830;MARKET & RESEARCH CORP.;;True;False
0001009891;AIR INDUSTRIES GROUP;AIRI;False;False
0001009925;"American Fiber Green Products, Inc.";;True;False
0001009976;COMMERCIAL BANCSHARES INC \OH\;;True;False
0001010086;SIGA TECHNOLOGIES INC;SIGA;False;False
0001010247;FPIC INSURANCE GROUP INC;;False;True
0001010286;FiberTower CORP;;False;True
0001010470;PROVIDENT FINANCIAL HOLDINGS INC;PROV;False;False
0001010552;POLYCOM INC;;False;True
0001010566;CHINA LONGYI GROUP INTERNATIONAL HOLDINGS LTD;;True;False
0001010610;TLC VISION CORP;;True;False
0001010612;SYKES ENTERPRISES INC;;False;True
0001010775;MIRANT CORP;;False;True
0001010858;FAIRMOUNT SANTROL HOLDINGS INC.;;False;True
0001011006;YAHOO INC;;False;True
0001011060;Nordicus Partners Corp;NORD;False;True
0001011064;SUNRISE SENIOR LIVING INC;;False;True
0001011109;ACRE REALTY INVESTORS INC;;False;True
0001011174;BRE PROPERTIES INC /MD/;;False;True
0001011290;99 CENTS ONLY STORES LLC;;False;True
0001011308;FOOTSTAR INC;;True;False
0001011395;Geospatial Corp;;True;False
0001011432;"CYNERGISTEK, INC";;False;True
0001011452;"Medical Information Technology, Inc.";;True;False
0001011509;Golden Minerals Co;AUMN;False;False
0001011570;KNOLL INC;;False;True
0001011657;TITANIUM METALS CORP;;False;True
0001011659;MUFG Americas Holdings Corp;;True;False
0001011661;SS&C TECHNOLOGIES INC;;True;False
0001011662;GLOBAL DIGITAL SOLUTIONS INC;;True;False
0001011733;TRIMOL GROUP INC;;True;False
0001011835;"MEDIVATION, INC.";;False;True
0001012019;RUSH ENTERPRISES INC \TX\;RUSHB;False;False
0001012100;SEALED AIR CORP/DE;SEE;False;False
0001012140;ONYX PHARMACEUTICALS INC;;False;True
0001012271;POST APARTMENT HOMES LP;;True;False
0001012477;AVADEL PHARMACEUTICALS PLC;AVDL;False;False
0001012493;FERRELLGAS PARTNERS FINANCE CORP;;True;False
0001012569;"Energy Transfer Partners, L.P.";;True;False
0001012620;GENESEE & WYOMING INC;;False;True
0001012704;DRIVETIME AUTOMOTIVE GROUP INC;;True;False
0001012771;FBL FINANCIAL GROUP INC;;False;True
0001013237;FACTSET RESEARCH SYSTEMS INC;FDS;False;False
0001013238;ARADIGM CORP;;False;True
0001013272;NORWOOD FINANCIAL CORP;NWFL;False;False
0001013453;"VALCOM, INC";;True;False
0001013462;ANSYS INC;;False;False
0001013488;BJs RESTAURANTS INC;BJRI;False;False
0001013554;PARK BANCORP INC;;False;True
0001013606;ENDOLOGIX INC /DE/;;False;True
0001013706;"Wilhelmina International, Inc.";WHLM;False;False
0001013796;TIB FINANCIAL CORP.;;False;True
0001013844;COLONIAL REALTY LIMITED PARTNERSHIP;;True;False
0001013857;PEGASYSTEMS INC;PEGA;False;False
0001013871;"NRG ENERGY, INC.";NRG;False;False
0001013880;"TTEC Holdings, Inc.";TTEC;False;False
0001013934;"Strategic Education, Inc.";STRA;False;False
0001014041;SRI SURGICAL EXPRESS INC;;False;True
0001014052;"Digerati Technologies, Inc.";DTGI;True;False
0001014111;"GlassBridge Enterprises, Inc.";;False;True
0001014133;COMMUNITY CENTRAL BANK CORP;;False;True
0001014473;VERISIGN INC/CA;VRSN;False;False
0001014507;"SIRONA DENTAL SYSTEMS, INC.";;False;True
0001014653;PROFILE TECHNOLOGIES INC;;True;False
0001014669;STERLING CHEMICALS INC;;True;False
0001014672;CALIPER LIFE SCIENCES INC;;False;True
0001014739;"Option Care Health, Inc.";OPCH;False;False
0001014763;"Ainos, Inc.";AIMDW;False;False
0001015155;CHARLES & COLVARD LTD;;False;False
0001015328;WINTRUST FINANCIAL CORP;WTFCN;False;False
0001015383;"AMMO, INC.";POWWP;False;False
0001015455;"CHINA EDUCATION TECHNOLOGY, INC.";;True;False
0001015483;DYNAMEX INC;;False;True
0001015593;RIVER VALLEY BANCORP;;False;True
0001015739;AWARE INC /MA/;AWRE;False;False
0001015780;E TRADE FINANCIAL CORP;;False;True
0001015789;"PROELITE, INC.";;True;False
0001015923;OPTIMAL GROUP INC;;False;True
0001016125;ULTIMATE SOFTWARE GROUP INC;;False;True
0001016152;CORNELL COMPANIES INC;;False;True
0001016169;"ANTARES PHARMA, INC.";;False;True
0001016178;CARVER BANCORP INC;CARV;False;False
0001016281;CARRIAGE SERVICES INC;CSV;False;False
0001016439;INTELLIGROUP INC;;True;False
0001016470;SRS LABS INC;;False;True
0001016504;INTEGRATED BIOPHARMA INC;INBP;True;False
0001016546;ALTAIR NANOTECHNOLOGIES INC;;False;True
0001016708;"RenovaCare, Inc.";;True;False
0001016900;"Applied Natural Gas Fuels, Inc.";;True;False
0001016951;DIGITAL CREATIVE DEVELOPMENT CORP;;True;False
0001017110;GENETHERA INC;;True;False
0001017259;NMT MEDICAL INC;;False;True
0001017290;Silver Dragon Resources Inc.;;True;False
0001017303;TRANSACT TECHNOLOGIES INC;TACT;False;False
0001017480;HIBBETT INC;;False;False
0001017491;"SEELOS THERAPEUTICS, INC.";;False;False
0001017616;"ONE WORLD HOLDINGS, INC.";;True;False
0001017655;PAID INC;PAYD;True;False
0001017673;DOVER MOTORSPORTS INC;;False;True
0001017699;"China Kangtai Cactus Bio-tech, Inc.";;True;False
0001017712;HOT TOPIC INC /CA/;;False;True
0001017793;SUN BANCORP INC /NJ/;;False;True
0001017907;FIRST ACCEPTANCE CORP /DE/;;False;True
0001017968;EDGEWATER TECHNOLOGY INC/DE/;;False;True
0001018003;INGRAM MICRO INC;;False;True
0001018005;COLDWATER CREEK INC;;False;True
0001018164;WILLIS LEASE FINANCE CORP;WLFC;False;False
0001018215;WELLS REAL ESTATE FUND X L P;;True;False
0001018216;WELLS REAL ESTATE FUND XI L P;;True;False
0001018254;UNITED DOMINION REALTY L P;;True;False
0001018281;INTEGRAL TECHNOLOGIES INC;;True;False
0001018332;"L-1 IDENTITY SOLUTIONS, INC.";;False;True
0001018336;INFORMATION ARCHITECTS CORP;;True;False
0001018399;ENTERPRISE BANCORP INC /MA/;;False;False
0001018724;AMAZON COM INC;AMZN;False;False
0001018840;ABERCROMBIE & FITCH CO /DE/;ANF;False;False
0001018871;"HEALTHTRONICS, INC.";;False;True
0001018946;STEINER LEISURE Ltd;;False;True
0001018963;ATI INC;ATI;False;False
0001018979;AMERISAFE INC;AMSF;False;False
0001019034;BIO KEY INTERNATIONAL INC;BKYI;False;False
0001019216;"NEWPORT DIGITAL TECHNOLOGIES, INC.";;True;False
0001019272;EMPIRE RESOURCES INC /NEW/;;False;True
0001019361;ROFIN SINAR TECHNOLOGIES INC;;False;True
0001019542;ATEL CAPITAL EQUIPMENT FUND VII LP;;True;False
0001019561;KENMAR GLOBAL TRUST;;True;False
0001019650;CENTRUE FINANCIAL CORP;;False;True
0001019671;SEACHANGE INTERNATIONAL INC;SEAC;False;True
0001019695;ARQULE INC;;False;True
0001019737;NAVIGANT CONSULTING INC;;False;True
0001019787;PURADYN FILTER TECHNOLOGIES INC;;True;False
0001019849;"PENSKE AUTOMOTIVE GROUP, INC.";PAG;False;False
0001020017;INX Inc;;False;True
0001020186;CAPITAL BEVERAGE CORP;;True;False
0001020214;CERUS CORP;CERS;False;False
0001020302;"INTERNET INFINITY, INC.";;True;False
0001020347;COMMUNITYCORP;;True;False
0001020416;"MONSTER WORLDWIDE, INC.";;False;True
0001020448;IMPERIAL PETROLEUM RECOVERY CORP;;True;False
0001020475;"GRANDPARENTS.COM, INC.";;True;False
0001020477;ROTATE BLACK INC;;True;False
0001020569;IRON MOUNTAIN INC;IRM;False;False
0001020646;"ERF Wireless, Inc.";;True;False
0001020710;DXP ENTERPRISES INC;DXPE;False;False
0001020859;UNITED NATURAL FOODS INC;UNFI;False;False
0001021096;"Troika Media Group, Inc.";;False;True
0001021097;EMERGENT GROUP INC/NY;;False;True
0001021113;"GUITAR CENTER, INC.";;True;False
0001021162;TRIUMPH GROUP INC;;False;False
0001021270;"BBQ HOLDINGS, INC.";;False;True
0001021282;"Clean Slate, Inc.";;True;False
0001021422;"EASTERN LIGHT CAPITAL, INC.";;False;True
0001021435;hopTo Inc.;;True;False
0001021561;"NU SKIN ENTERPRISES, INC.";NUS;False;False
0001021604;ON TRACK INNOVATIONS LTD;;False;True
0001021635;OGE ENERGY CORP.;OGE;False;False
0001021860;NOV Inc.;NOV;False;False
0001021917;"Awaysis Capital, Inc.";AWCA;True;False
0001022079;QUEST DIAGNOSTICS INC;DGX;False;False
0001022097;"TURBODYNE TECHNOLOGIES, INC";;True;False
0001022225;OPLINK COMMUNICATIONS INC;;False;True
0001022321;GENESIS ENERGY LP;GEL;False;False
0001022344;SIMON PROPERTY GROUP L P /DE/;;True;False
0001022345;MARINER ENERGY INC;;False;True
0001022368;"SCHIFF NUTRITION INTERNATIONAL, INC.";;False;True
0001022408;EPLUS INC;PLUS;False;False
0001022469;DELTIC TIMBER CORP;;False;True
0001022505;"SideChannel, Inc.";SDCHD;True;False
0001022570;CARDIMA INC;;True;False
0001022646;ULTRA PETROLEUM CORP;;False;True
0001022652;INSEEGO CORP.;INSG;False;False
0001022671;STEEL DYNAMICS INC;STLD;False;False
0001022701;NEOMEDIA TECHNOLOGIES INC;;True;False
0001022705;TESCO CORP;;False;True
0001022759;CARDINAL BANKSHARES CORP;;True;False
0001022899;"Protagenic Therapeutics, Inc.\new";PTIXW;False;False
0001023024;ANI PHARMACEUTICALS INC;ANIP;False;False
0001023128;LITHIA MOTORS INC;LAD;False;False
0001023131;COVANCE INC;;False;True
0001023198;"StemGen, Inc.";;True;False
0001023291;Energy Future Holdings Corp /TX/;;True;False
0001023298;alpha-En Corp;;True;False
0001023313;"FORRESTER RESEARCH, INC.";FORR;False;False
0001023362;POWERWAVE TECHNOLOGIES INC;;False;True
0001023364;"AutoWeb, Inc.";;False;True
0001023453;AIS FUTURES FUND IV LP;;True;False
0001023458;AEI INCOME & GROWTH FUND XXII LTD PARTNERSHIP;;True;False
0001023459;"Simulations Plus, Inc.";SLP;False;False
0001023516;"EF Johnson Technologies, Inc.";;False;True
0001023731;8X8 INC /DE/;EGHT;False;False
0001023734;"BPZ RESOURCES, INC.";;False;True
0001023844;NATIONAL HOLDINGS CORP;;False;True
0001023860;STEWARDSHIP FINANCIAL CORP;;False;True
0001023957;WESTERN PENNSYLVANIA ADVENTURE CAPITAL FUND;;True;False
0001023994;SAFE & GREEN HOLDINGS CORP.;OLOX;False;False
0001024022;MEDIA SCIENCES INTERNATIONAL INC;;False;True
0001024048;"Panacea Global, Inc.";;True;False
0001024075;POWER EFFICIENCY CORP;;True;False
0001024095;"Carnegie Development, Inc";;True;False
0001024126;"PERNIX THERAPEUTICS HOLDINGS, INC.";;False;True
0001024305;COTY INC.;COTY;False;False
0001024452;SMF ENERGY CORP;;False;True
0001024464;PARADISE MUSIC & ENTERTAINMENT INC;;True;False
0001024478;"ROCKWELL AUTOMATION, INC";ROK;False;False
0001024520;WORLD HEART CORP;;False;True
0001024626;"CANNABIS SCIENCE, INC.";;True;False
0001024628;ZAP;;True;False
0001024657;WEST CORP;;False;True
0001024725;TENNECO INC;;False;True
0001024729;AMSCAN HOLDINGS INC;;True;False
0001024732;IGATE CORP;;False;True
0001024795;"HELIOS TECHNOLOGIES, INC.";HLIO;False;False
0001024920;Fuelstream INC;;True;False
0001025315;24HOLDINGS INC;;True;False
0001025362;GOLDEN QUEEN MINING CO LTD;;True;False
0001025378;W. P. Carey Inc.;WPC;False;False
0001025536;TAYLOR CAPITAL GROUP INC;;False;True
0001025561;SharpLink Gaming Ltd.;;True;False
0001025771;CHASE PACKAGING CORP;WHLT;True;False
0001025835;ENTERPRISE FINANCIAL SERVICES CORP;EFSCP;False;False
0001025877;DCB FINANCIAL CORP;;True;False
0001025953;"NOVATION COMPANIES, INC.";;True;False
0001025996;KILROY REALTY CORP;KRC;False;False
0001026214;FEDERAL HOME LOAN MORTGAGE CORP;FMCKK;False;True
0001026650;ERESEARCHTECHNOLOGY INC /DE/;;False;True
0001026655;CORE MOLDING TECHNOLOGIES INC;CMT;False;False
0001026743;"Euramax Holdings, Inc.";;True;False
0001027099;RJO GLOBAL TRUST;;True;False
0001027183;FIRST SOUTH BANCORP INC /VA/;;False;True
0001027207;EPIQ SYSTEMS INC;;False;True
0001027235;Asia Travel Corp;;True;False
0001027484;"Carrier Alliance Holdings, Inc.";;True;False
0001027838;TACTILE SYSTEMS TECHNOLOGY INC;TCMD;False;False
0001027884;CHICAGO BRIDGE & IRON CO N V;;False;True
0001027915;HEALTH GRADES INC;;False;True
0001028087;AMERICAN DENTAL PARTNERS INC;;False;True
0001028153;"Axion Power International, Inc.";;False;True
0001028215;KMG CHEMICALS INC;;False;True
0001028318;MICRUS ENDOVASCULAR CORP;;False;True
0001028394;VOYAGER ENTERTAINMENT INTERNATIONAL INC;;True;False
0001028536;HYPERVIEW LTD.;;True;False
0001028584;"AMICAS, Inc.";;False;True
0001028734;COBIZ FINANCIAL INC;;False;True
0001028918;PACIFIC PREMIER BANCORP INC;;False;False
0001028954;SB ONE BANCORP;;False;True
0001028985;"Spectrum Brands, Inc.";;True;False
0001029023;SYNTROLEUM CORP;;False;True
0001029125;"Panbela Therapeutics, Inc.";;False;False
0001029142;DYNAVAX TECHNOLOGIES CORP;DVAX;False;False
0001029199;"EURONET WORLDWIDE, INC.";EEFT;False;False
0001029299;"DELTEK, INC";;False;True
0001029315;OSI COLLECTION SERVICES INC;;True;False
0001029318;OSI EDUCATION SERVICES INC;;True;False
0001029319;ASSET RECOVERY & MANAGEMENT CORP;;True;False
0001029356;"Regatta Capital Partners, Inc.";;True;False
0001029387;JENNIFER LOOMIS & ASSOCIATES INC;;True;False
0001029389;QUALINK INC;;True;False
0001029390;PROFESSIONAL RECOVERIES INC;;True;False
0001029391;PAYCO AMERICAN INTERNATIONAL CORP;;True;False
0001029402;ENERGAS RESOURCES INC;;True;False
0001029454;MOBILE AREA NETWORKS INC;;True;False
0001029506;RALCORP HOLDINGS INC /MO;;False;True
0001029581;Modsys International Ltd;;False;True
0001029630;GS FINANCIAL CORP;;False;True
0001029715;OSI PORTFOLIO SERVICES INC;;True;False
0001029730;LADENBURG THALMANN FINANCIAL SERVICES INC.;;False;True
0001029744;SONIC FOUNDRY INC;;False;True
0001029786;NATIONWIDE FINANCIAL SERVICES INC/;;True;False
0001029800;URSTADT BIDDLE PROPERTIES INC;;False;True
0001029802;China Fruits Corp;;True;False
0001029831;HILLMAN COMPANIES INC;;True;False
0001030058;WORLDGATE COMMUNICATIONS INC;;True;False
0001030192;"Idaho Strategic Resources, Inc.";IDR;False;False
0001030206;VASCULAR SOLUTIONS INC;;False;True
0001030469;OFG BANCORP;OFG;False;False
0001030471;UTSTARCOM INC;UTSI;False;False
0001030484;RENAISSANCE LEARNING INC;;False;True
0001030485;NEOMAGIC CORP;;True;False
0001030749;GULFMARK OFFSHORE INC;;False;True
0001030896;BLUEFLY INC;;False;True
0001030916;PREMIER HOLDING CORP.;;True;False
0001031028;GLOBECOMM SYSTEMS INC;;False;True
0001031029;"Startek, Inc.";;False;False
0001031093;"SILVER BULL RESOURCES, INC.";SVBL;False;True
0001031203;GROUP 1 AUTOMOTIVE INC;GPI;False;False
0001031223;PHL VARIABLE INSURANCE CO /CT/;;True;False
0001031233;PINNACLE BANKSHARES CORP;;True;False
0001031235;"Global Self Storage, Inc.";SELF;False;False
0001031296;FIRSTENERGY CORP;FE;False;False
0001031308;BENTLEY SYSTEMS INC;BSY;False;False
0001031316;FRANKLIN STREET PROPERTIES CORP /MA/;FSP;False;False
0001031623;GULF ISLAND FABRICATION INC;;False;False
0001031896;AMERICAN SOIL TECHNOLOGIES INC;;True;False
0001031927;"Echo Therapeutics, Inc.";;False;True
0001031980;NOTIFY TECHNOLOGY CORP;;True;False
0001032033;SLM Corp;SLMBP;True;False
0001032067;MEADE INSTRUMENTS CORP;;False;True
0001032208;SEMPRA ENERGY;SREA;False;False
0001032220;"MAXIMUS, INC.";MMS;False;False
0001032761;KEYNOTE SYSTEMS INC;;False;True
0001032863;FORCE PROTECTION INC;;False;True
0001032975;LOGITECH INTERNATIONAL S.A.;LOGI;False;False
0001033012;FLAGSTAR BANCORP INC;;False;True
0001033032;SILVERLEAF RESORTS INC;;False;True
0001033128;FIRST INDUSTRIAL LP;;True;False
0001033905;LUMINEX CORP;;False;True
0001034054;SBA COMMUNICATIONS CORP;SBAC;False;False
0001034088;ECLIPSYS CORP;;False;True
0001034239;RC2 CORP;;False;True
0001034563;ICAHN ENTERPRISES HOLDINGS L.P.;;True;False
0001034592;OMNICOMM SYSTEMS INC;;True;False
0001034594;BAY BANKS OF VIRGINIA INC;;True;False
0001034669;FISHER COMMUNICATIONS INC;;False;True
0001034670;AUTOLIV INC;ALV;False;False
0001034755;BRIGHAM EXPLORATION CO;;False;True
0001034760;WIDEPOINT CORP;WYY;False;False
0001034842;RIGEL PHARMACEUTICALS INC;RIGL;False;False
0001035002;VALERO ENERGY CORP/TX;VLO;False;False
0001035092;SHORE BANCSHARES INC;SHBI;False;False
0001035201;CALIFORNIA WATER SERVICE GROUP;CWT;False;False
0001035216;SOUTH JERSEY GAS Co;;True;False
0001035267;INTUITIVE SURGICAL INC;ISRG;False;False
0001035354;"Eloxx Pharmaceuticals, Inc.";;False;True
0001035422;Mindesta Inc.;CTTH;True;False
0001035443;"ALEXANDRIA REAL ESTATE EQUITIES, INC.";ARE;False;False
0001035675;NSTAR/MA;;False;True
0001035688;SELECT MEDICAL CORP;;True;False
0001035748;CALLIDUS SOFTWARE INC;;False;True
0001035884;COMMSCOPE INC;;False;True
0001035976;"FNCB Bancorp, Inc.";;False;False
0001035983;COMFORT SYSTEMS USA INC;FIX;False;False
0001035991;FIRST ROBINSON FINANCIAL CORP;;True;False
0001036030;WAYNE SAVINGS BANCSHARES INC /DE/;;False;True
0001036044;"Identiv, Inc.";INVE;False;False
0001036070;StellarOne CORP;;False;True
0001036188;QAD INC;;False;True
0001036262;INTEST CORP;INTT;False;False
0001036292;SIGNATURE EYEWEAR INC;;True;False
0001036478;GENIE GATEWAY;;True;False
0001036500;WNC HOUSING TAX CREDIT FUND VI LP SERIES 5;;True;False
0001036848;Mega Matrix Corp.;;True;False
0001036960;FAIRCHILD SEMICONDUCTOR INTERNATIONAL INC;;False;True
0001036968;"Diadexus, Inc.";;True;False
0001037016;NII HOLDINGS INC;;False;True
0001037038;RALPH LAUREN CORP;RL;False;False
0001037049;AURORA GOLD CORP;;True;False
0001037115;ORBIT FR INC;;True;False
0001037131;PLAYERS NETWORK;;True;False
0001037156;WNC HOUSING TAX CREDIT FUND VI LP SERIES 6;;True;False
0001037189;WESTPORT FUTURES FUND L.P.;;True;False
0001037388;Intelsat CORP;;True;False
0001037390;"INDUS REALTY TRUST, INC.";;False;True
0001037461;BJS WHOLESALE CLUB INC;;False;True
0001037540;BOSTON PROPERTIES INC;BXP;False;False
0001037646;METTLER TOLEDO INTERNATIONAL INC/;MTD;False;False
0001037649;INTERLEUKIN GENETICS INC;;False;True
0001037676;"ARCH RESOURCES, INC.";;False;True
0001037760;CEPHEID;;False;True
0001037868;AMETEK INC/;AME;False;False
0001037949;QWEST COMMUNICATIONS INTERNATIONAL INC;;False;True
0001037976;JONES LANG LASALLE INC;JLL;False;False
0001038074;SILICON LABORATORIES INC.;SLAB;False;False
0001038133;HESKA CORP;;False;True
0001038205;BANK OF THE OZARKS INC;;True;False
0001038222;"Reis, Inc.";;False;True
0001038223;"CLARIENT, INC";;False;True
0001038277;INTERNATIONAL ISOTOPES INC;INIS;True;False
0001038280;MAC-GRAY CORP;;False;True
0001038286;GOLDEN STATE PETROLEUM TRANSPORT CORP;;True;False
0001038357;PIONEER NATURAL RESOURCES CO;;False;False
0001038363;METALS USA INC;;True;False
0001038459;O A K FINANCIAL CORP;;True;False
0001038509;PRUCO LIFE INSURANCE OF NEW JERSEY;;True;False
0001038773;SMARTFINANCIAL INC.;SMBK;False;False
0001039065;OSI SYSTEMS INC;OSIS;False;False
0001039101;"L3 TECHNOLOGIES, INC.";;False;True
0001039151;KENDLE INTERNATIONAL INC;;False;True
0001039184;TRAILER BRIDGE INC;;False;True
0001039280;NETSOL TECHNOLOGIES INC;NTWK;False;False
0001039399;FORMFACTOR INC;FORM;False;False
0001039466;NovAccess Global Inc.;;True;False
0001039684;ONEOK INC /NEW/;OKE;False;False
0001039757;NXChain Inc.;;True;False
0001039828;AMERICAN EQUITY INVESTMENT LIFE HOLDING CO;ANG-PD;False;False
0001039889;P F CHANGS CHINA BISTRO INC;;False;True
0001040130;PETMED EXPRESS INC;PETS;False;False
0001040161;"PIXELWORKS, INC";PXLW;False;False
0001040270;UNITED REFINING CO /PA/;;True;False
0001040416;INSPIRE PHARMACEUTICALS INC;;False;True
0001040426;SYNTEL INC;;False;True
0001040470;AEHR TEST SYSTEMS;AEHR;False;False
0001040482;AMERICAN PETRO-HUNTER INC;;True;False
0001040570;"GeoEye, Inc.";;False;True
0001040593;CARRIZO OIL & GAS INC;;False;True
0001040599;NEENAH FOUNDRY CO;;True;False
0001040719;DITECH HOLDING Corp;;False;True
0001040721;"Banny Cosmic International Holdings, Inc";;True;False
0001040765;VORNADO REALTY LP;;True;False
0001040792;Helios & Matheson Analytics Inc.;;False;True
0001040799;FOUR OAKS FINCORP INC;;True;False
0001040829;"Ryman Hospitality Properties, Inc.";RHP;False;False
0001040850;"AGRITEK HOLDINGS, INC.";;True;False
0001040896;"Intellicheck, Inc.";IDN;False;False
0001040971;SL GREEN REALTY CORP;SLG-PI;False;False
0001041009;Revolutions Medical CORP;;True;False
0001041024;"ROCKWELL MEDICAL, INC.";RMTI;False;False
0001041061;YUM BRANDS INC;YUM;False;False
0001041177;Sutor Technology Group LTD;;False;True
0001041326;CORPORATE PROPERTY ASSOCIATES 14 INC;;True;False
0001041368;RIVERVIEW BANCORP INC;RVSB;False;False
0001041379;"POPEYES LOUISIANA KITCHEN, INC.";;False;True
0001041429;ANNAPOLIS BANCORP INC;;False;True
0001041514;LESAKA TECHNOLOGIES INC;LSAK;False;False
0001041550;HOPFED BANCORP INC;;False;True
0001041577;ATMI INC;;False;True
0001041580;PRIME STAR GROUP INC;;True;False
0001041588;"Access-Power & Co., Inc.";;True;False
0001041609;MIRENCO INC;;True;False
0001041633;MISSION MINING Co;;True;False
0001041657;"URBAN ONE, INC.";UONEK;False;False
0001041665;PMA CAPITAL CORP;;False;True
0001041803;PRICESMART INC;PSMT;False;False
0001041858;RCN CORP /DE/;;False;True
0001041859;"Childrens Place, Inc.";PLCE;False;False
0001041954;ITC DELTACOM INC;;True;False
0001042046;AMERICAN FINANCIAL GROUP INC;AFGB;False;False
0001042053;DRUCKER INC;;True;False
0001042074;"CymaBay Therapeutics, Inc.";;False;False
0001042173;SCIENTIFIC LEARNING CORP;;False;True
0001042187;Yunhong CTI Ltd.;YHGJ;False;False
0001042418;"Inhibitor Therapeutics, Inc.";INTI;False;True
0001042463;Linkwell CORP;;True;False
0001042610;TRB SYSTEMS INTERNATIONAL INC;;True;False
0001042642;DISH DBS CORP;;True;False
0001042728;CPC OF AMERICA INC;;True;False
0001042729;MERCANTILE BANK CORP;MBWM;False;False
0001042773;CENTERPOINT ENERGY RESOURCES CORP;;True;False
0001042776;"Piedmont Office Realty Trust, Inc.";PDM;False;False
0001042783;DOT HILL SYSTEMS CORP;;False;True
0001042784;GOLDEN PHOENIX MINERALS INC;;True;False
0001042798;PRIME GROUP REALTY TRUST;;True;False
0001042809;"A.C. Moore Arts & Crafts, Inc.";;False;True
0001042810;"EQUITY ONE, INC.";;False;True
0001042821;PERVASIVE SOFTWARE INC;;False;True
0001042825;POWER ONE INC;;False;True
0001042893;DRIL-QUIP INC;INVX;False;False
0001043000;"SONIDA SENIOR LIVING, INC.";SNDA;False;False
0001043121;BOSTON PROPERTIES LTD PARTNERSHIP;;True;False
0001043150;"Eline Entertainment Group, Inc.";EEGI;True;False
0001043156;STAR BUFFET INC;;False;True
0001043186;"Stabilis Solutions, Inc.";SLNG;False;False
0001043219;ANNALY CAPITAL MANAGEMENT INC;NLY-PJ;False;False
0001043222;CHINAWE COM INC;;True;False
0001043277;"C. H. ROBINSON WORLDWIDE, INC.";CHRW;False;False
0001043325;CENTERLINE HOLDING CO;;True;False
0001043337;STONERIDGE INC;SRI;False;False
0001043382;SOLUTIA INC;;False;True
0001043509;SONIC AUTOMOTIVE INC;SAH;False;False
0001043533;ABOVENET INC;;False;True
0001043565;POTOMAC FUTURES FUND LP;;True;False
0001043604;JUNIPER NETWORKS INC;;False;False
0001043825;"Iron Eagle Group, Inc.";;True;False
0001043873;NOVADEL PHARMA INC;;True;False
0001043894;WOLF ENERGY SERVICES INC.;;True;False
0001043914;ORE PHARMACEUTICAL HOLDINGS INC.;;False;True
0001043951;CAMPBELL FUND TRUST;;True;False
0001043961;"Precipio, Inc.";PRPO;False;False
0001044082;"Georgia-Carolina Bancshares, Inc";;True;False
0001044378;BIOCEPT INC;;False;True
0001044435;"P10 Industries, Inc.";;False;True
0001044566;CNA SURETY CORP;;False;True
0001044577;"China Precision Steel, Inc.";;False;True
0001044590;"Intermec, Inc.";;False;True
0001044650;CALAIS RESOURCES INC;;True;False
0001044777;OneSpan Inc.;OSPN;False;False
0001045014;GAMETECH INTERNATIONAL INC;;False;True
0001045150;"OFFICIAL PAYMENTS HOLDINGS, INC.";;False;True
0001045309;W R GRACE & CO;;False;True
0001045390;"COLOMBIA ENERGY RESOURCES, INC.";;True;False
0001045425;RAIT Financial Trust;;False;True
0001045450;EPR PROPERTIES;EPR-PE;False;False
0001045539;KIANTONE PIPELINE CO;;True;False
0001045540;KWIK FIL INC;;True;False
0001045541;KWIK FILL CORP;;True;False
0001045542;UNITED JET CENTER INC;;True;False
0001045543;BELL OIL CORP;;True;False
0001045544;PPC INC;;True;False
0001045545;SUPER TEST PETROLEUM INC;;True;False
0001045546;VULCAN ASPHALT REFINING CORP;;True;False
0001045547;INDEPENDENT GASOLINE & OIL CO OF ROCHESTER;;True;False
0001045560;ENHERENT CORP;;True;False
0001045609;"Prologis, Inc.";PLDGP;False;True
0001045610;"Prologis, L.P.";;True;False
0001045739;"ETELOS, INC.";;True;False
0001045742;LIVE VENTURES Inc;LIVE;False;False
0001045769;HYPERCOM CORP;;False;True
0001045810;NVIDIA CORP;NVDA;False;False
0001045829;VANGUARD HEALTH SYSTEMS INC;;False;True
0001045929;FIRST COLOMBIA GOLD CORP.;;True;False
0001045942;"Track Group, Inc.";TRCK;True;False
0001046025;HERITAGE FINANCIAL CORP /WA/;HFWA;False;False
0001046050;TIMBERLAND BANCORP INC;TSBK;False;False
0001046057;TransCoastal Corp;;True;False
0001046102;RITCHIE BROS AUCTIONEERS INC;RBA;False;False
0001046131;MIDAS INC;;False;True
0001046188;PATHFINDER BANCORP INC;;True;False
0001046203;GUARANTY FEDERAL BANCSHARES INC;;False;True
0001046212;OMNI ENERGY SERVICES CORP;;False;True
0001046257;Ingredion Inc;INGR;False;False
0001046311;CHOICE HOTELS INTERNATIONAL INC /DE;CHH;False;False
0001046327;REALNETWORKS INC;;False;True
0001046568;PERDOCEO EDUCATION Corp;PRDO;False;False
0001046672;PAN AMERICAN GOLDFIELDS LTD;;True;False
0001046788;HARRIS PREFERRED CAPITAL CORP;;True;False
0001046817;COMPASS INTERNATIONAL SERVICES CORP;;True;False
0001046859;"REMY INTERNATIONAL, INC.";;False;True
0001046880;CENTRAL EUROPEAN DISTRIBUTION CORP;;False;True
0001046995;EMAGIN CORP;;False;True
0001047040;PERKINS & MARIE CALLENDER'S INC;;True;False
0001047122;RAYTHEON CO/;;False;True
0001047127;"AMKOR TECHNOLOGY, INC.";AMKR;False;False
0001047166;UNITED RENTALS NORTH AMERICA INC;;True;False
0001047170;EASTERN VIRGINIA BANKSHARES INC;;False;True
0001047188;PENWEST PHARMACEUTICALS CO;;False;True
0001047335;NATIONAL HEALTHCARE CORP;NHC;False;False
0001047340;FRESH DEL MONTE PRODUCE INC;FDP;False;False
0001047446;COMMUNITY FIRST BANCORP;;True;False
0001047540;IMAGIN MOLECULAR CORP;;True;False
0001047699;KING PHARMACEUTICALS INC;;False;True
0001047857;"YUHE INTERNATIONAL, INC.";;False;True
0001047862;CONSOLIDATED EDISON INC;ED;False;False
0001047865;WEBSTER PREFERRED CAPITAL CORP;;True;False
0001047881;"TALON INTERNATIONAL, INC.";;True;False
0001047884;ANWORTH MORTGAGE ASSET CORP;;False;True
0001047919;AMBIENT CORP /NY;;False;True
0001048055;"PHYSICAL PROPERTY HOLDINGS, INC.";;True;False
0001048268;"IES Holdings, Inc.";IESC;False;False
0001048286;MARRIOTT INTERNATIONAL INC /MD/;MAR;False;False
0001048477;BIOMARIN PHARMACEUTICAL INC;BMRN;False;False
0001048501;"XFormity Technologies, Inc.";;True;False
0001048566;FOG CUTTER CAPITAL GROUP INC;;True;False
0001048620;GRANITE CITY FOOD & BREWERY LTD.;;False;True
0001048685;METALICO INC;;False;True
0001048695;"F5, INC.";FFIV;False;False
0001048701;AVANI INTERNATIONAL GROUP INC //;;True;False
0001048789;FelCor Lodging LP;;True;False
0001048911;FEDEX CORP;FDX;False;False
0001049011;KID CASTLE EDUCATIONAL CORP;;True;False
0001049108;DOLLAR THRIFTY AUTOMOTIVE GROUP INC;;False;True
0001049210;VERENIUM CORP;;False;True
0001049502;MKS INSTRUMENTS INC;MKSI;False;False
0001049505;US DATAWORKS INC;;False;True
0001049521;MERCURY SYSTEMS INC;MRCY;False;False
0001049606;COMPX INTERNATIONAL INC;CIX;False;False
0001049782;BROOKLINE BANCORP INC;;False;False
0001049861;"ASPIRE INTERNATIONAL, INC.";;True;False
0001050007;NUTRACEUTICAL INTERNATIONAL CORP;;False;True
0001050180;Phase Forward Inc;;False;True
0001050377;PC CONNECTION INC;CNXN;False;False
0001050441;EAGLE BANCORP INC;EGBN;False;False
0001050446;MICROSTRATEGY Inc;STRD;False;False
0001050550;VOLTERRA SEMICONDUCTOR CORP;;False;True
0001050606;"SALEM MEDIA GROUP, INC. /DE/";SALM;False;False
0001050690;MERCER INSURANCE GROUP INC;;False;True
0001050743;PEAPACK GLADSTONE FINANCIAL CORP;PGC;False;False
0001050797;COLUMBIA SPORTSWEAR CO;COLM;False;False
0001050825;STEELCASE INC;;False;False
0001050915;"QUANTA SERVICES, INC.";PWR;False;False
0001050957;"BAYOU CITY EXPLORATION, INC.";;True;False
0001051114;INNOTRAC CORP;;False;True
0001051251;J CREW GROUP INC;;False;True
0001051343;COMMUNITY WEST BANCSHARES /;;False;False
0001051379;MIDWEST BANC HOLDINGS INC;;False;True
0001051470;CROWN CASTLE INC.;CCI;False;False
0001051473;WESTERN RESERVE BANCORP INC;;True;False
0001051488;Integrated Healthcare Holdings Inc;;True;False
0001051512;TELEPHONE & DATA SYSTEMS INC /DE/;TDS-PV;False;True
0001051514;"STRATA Skin Sciences, Inc.";SSKN;False;False
0001051627;AXT INC;AXTI;False;False
0001051741;FIRST NIAGARA FINANCIAL GROUP INC;;False;True
0001051771;BELK INC;;True;False
0001051827;MERRILL LYNCH PREFERRED FUNDING III LP;;True;False
0001051828;MERRILL LYNCH PREFERRED FUNDING IV LP;;True;False
0001051829;MERRILL LYNCH PREFERRED CAPITAL TRUST III;;True;False
0001051830;MERRILL LYNCH PREFERRED CAPITAL TRUST IV;;True;False
0001051871;CITIZENS SOUTH BANKING CORP;;False;True
0001052045;"SERVICEMASTER CO, LLC";;True;False
0001052054;EVOLVING SYSTEMS INC;;False;True
0001052100;WADDELL & REED FINANCIAL INC;;False;True
0001052257;"Agritech Worldwide, Inc.";;True;False
0001052284;"Tongli Pharmaceuticals (USA), Inc.";;True;False
0001052354;MAN AHL DIVERSIFIED I LP;MADL;True;False
0001052595;Red Lion Hotels CORP;;False;True
0001052635;MERRILL LYNCH PREFERRED FUNDING V LP;;True;False
0001052636;MERRILL LYNCH PREFERRED CAPITAL TRUST V;;True;False
0001052671;Welwind Energy International CORP;;True;False
0001052752;GETTY REALTY CORP /MD/;GTY;False;False
0001053059;ESSEX PORTFOLIO LP;;True;False
0001053112;CABLEVISION SYSTEMS CORP /NY;;True;False
0001053352;HERITAGE COMMERCE CORP;HTBK;False;False
0001053369;ELITE PHARMACEUTICALS INC /NV/;ELTP;True;False
0001053374;IPASS INC;;False;True
0001053439;STANADYNE CORP;;True;False
0001053507;AMERICAN TOWER CORP /MA/;AMT;False;False
0001053532;LaSalle Hotel Properties;;False;True
0001053584;MACATAWA BANK CORP;;False;False
0001053648;"Surge Global Energy, Inc.";;True;False
0001053650;OMEGA PROTEIN CORP;;False;True
0001053691;Diffusion Pharmaceuticals Inc.;CRVO;False;False
0001053706;"CRA INTERNATIONAL, INC.";CRAI;False;False
0001054102;"INTERPACE BIOSCIENCES, INC.";IDXG;False;True
0001054274;"Alliqua BioMedical, Inc.";;True;False
0001054303;"RODMAN & RENSHAW CAPITAL GROUP, INC.";;False;True
0001054374;BROADCOM CORP;;False;True
0001054508;PENSECO FINANCIAL SERVICES CORP;;True;False
0001054579;HASTINGS ENTERTAINMENT INC;;False;True
0001054721;BSQUARE CORP /WA;;False;True
0001054833;COVENTRY HEALTH CARE INC;;False;True
0001054905;INNOSPEC INC.;IOSP;False;False
0001055160;"MFA FINANCIAL, INC.";MFAO;False;False
0001055294;"Kansas City Southern de Mexico, S.A. de C.V.";;True;False
0001055355;SONOSITE INC;;False;True
0001055454;SCHOOL SPECIALTY INC;;False;True
0001055726;"INOVIO PHARMACEUTICALS, INC.";INO;False;False
0001056035;SHERIDAN GROUP INC;;True;False
0001056087;MCCLATCHY CO;;False;True
0001056239;L 3 COMMUNICATIONS HOLDINGS INC;;True;False
0001056285;"KIRKLAND'S, INC";TBHC;False;False
0001056288;"FEDERATED HERMES, INC.";FHI;False;False
0001056358;MANNATECH INC;MTEX;False;False
0001056386;Internap Corp;;False;True
0001056598;"Regeneca, Inc.";;True;False
0001056696;MANHATTAN ASSOCIATES INC;MANH;False;False
0001056756;NBC ACQUISITION CORP;;True;False
0001056757;SEYCHELLE ENVIRONMENTAL TECHNOLOGIES INC /CA;;True;False
0001056758;NEBRASKA BOOK CO;;True;False
0001056903;AMERICAN STATES WATER CO;AWR;False;False
0001056923;DATALINK CORP;;False;True
0001056943;PEOPLES FINANCIAL SERVICES CORP.;PFIS;False;False
0001057051;MANAGED FUTURES PREMIER ENERGY FUND L.P.;;True;False
0001057058;"Waste Connections, Inc.";;True;False
0001057060;MARINEMAX INC;HZO;False;False
0001057076;RIDGEWOOD POWER GROWTH FUND /NJ;;True;False
0001057083;PC TEL INC;;False;True
0001057232;INTERPLAY ENTERTAINMENT CORP;;True;False
0001057327;"MONKEY ROCK GROUP, INC.";;True;False
0001057352;"COSTAR GROUP, INC.";CSGP;False;False
0001057379;"HACKETT GROUP, INC.";HCKT;False;False
0001057436;"STRATEGIC HOTELS & RESORTS, INC";;False;True
0001057689;"CapLease, Inc.";;False;True
0001057695;"NETWORK 1 FINANCIAL GROUP, INC.";;True;False
0001057706;FIRST BANCORP /PR/;FBP;False;False
0001057758;tw telecom inc.;;False;True
0001057877;IDACORP INC;IDA;False;False
0001058027;STEELCLOUD INC;;False;True
0001058057;MARVELL TECHNOLOGY GROUP LTD;;True;False
0001058083;IMS HEALTH INC;;True;False
0001058090;CHIPOTLE MEXICAN GRILL INC;CMG;False;False
0001058198;KEYSTONE AUTOMOTIVE OPERATIONS INC;;True;False
0001058290;COGNIZANT TECHNOLOGY SOLUTIONS CORP;CTSH;False;False
0001058299;LIONBRIDGE TECHNOLOGIES INC /DE/;;False;True
0001058307;NextPlat Corp;NXPLW;False;False
0001058322;SOLAR ENERGY LTD;;True;False
0001058330;"Rogue One, Inc.";;True;False
0001058438;CFS BANCORP INC;;False;True
0001058444;"SAVVIS, Inc.";;False;True
0001058623;CUMULUS MEDIA INC;CMLS;False;True
0001058624;OSI OUTSOURCING SERVICES INC;;True;False
0001058626;TRANSWORLD SYSTEMS INC;;True;False
0001058690;WASHINGTON BANKING CO;;False;True
0001058767;BIOMODA INC/NM;;True;False
0001058786;ONLINE VACATION CENTER HOLDINGS CORP;;True;False
0001058811;IMMERSION CORP;IMMR;False;False
0001058828;HYPERTENSION DIAGNOSTICS INC /MN;;True;False
0001058867;GUARANTY BANCSHARES INC /TX/;;False;False
0001058926;RURAL ELECTRIC COOPERATIVE GRANTOR TRUST KEPCO SERIES 1997;;True;False
0001059025;NORTHEAST ENERGY LP;;True;False
0001059027;ESI TRACTEBEL ACQUISITION CORP;;True;False
0001059103;ACTIVANT SOLUTIONS INC /DE/;;True;False
0001059131;NASB FINANCIAL INC;;False;True
0001059142;Greystone Housing Impact Investors LP;GHI;False;False
0001059262;SP Plus Corp;;False;False
0001059272;"bebe stores, inc.";;False;True
0001059324;PETROHAWK ENERGY CORP;;False;True
0001059376;CORPORATE BOND BACKED CERT TR SER 1998-CAT 1;;True;False
0001059377;CORPORATE BOND BACKED CERT TR SER 1998-ADM 1;;True;False
0001059378;CORPORATE BOND BACKED CERT TR SER 1998-NSC 1;;True;False
0001059556;MOODYS CORP /DE/;MCO;False;False
0001059562;LMI AEROSPACE INC;;False;True
0001059763;ADAMS GOLF INC;;False;True
0001059784;GENEREX BIOTECHNOLOGY CORP;;False;True
0001059786;MIPS TECHNOLOGIES INC;;False;True
0001059790;POZEN INC /NC;;True;False
0001060009;"KINDRED HEALTHCARE, INC";;False;True
0001060219;"SALISBURY BANCORP, INC.";;False;True
0001060224;LIFE STORAGE LP;;True;False
0001060232;"COLLECTIVE BRANDS, INC.";;False;True
0001060244;PEOPLES BANCORP INC/MD;;True;False
0001060349;"GAMCO INVESTORS, INC. ET AL";;False;True
0001060386;"BRANDYWINE OPERATING PARTNERSHIP, L.P.";;True;False
0001060391;"REPUBLIC SERVICES, INC.";RSG;False;False
0001060409;"SUNVESTA, INC.";;True;False
0001060426;"AOXING PHARMACEUTICAL COMPANY, INC.";;False;True
0001060455;KILLBUCK BANCSHARES INC;;True;False
0001060523;CARDINAL FINANCIAL CORP;;False;True
0001060736;Seagen Inc.;;False;True
0001060749;"KNIGHT CAPITAL GROUP, INC.";;False;True
0001060755;RIDGEWOOD ELECTRIC POWER TRUST V;;True;False
0001060822;CARTERS INC;CRI;False;False
0001060824;COSINE COMMUNICATIONS INC;;True;False
0001060910;Cibolan Gold Corp;;True;False
0001060990;QUICKSILVER RESOURCES INC;;False;True
0001061027;"Viracta Therapeutics, Inc.";VIRX;False;False
0001061069;AVALON HOLDINGS CORP;AWX;False;False
0001061134;ICON INCOME FUND EIGHT /DE;;True;False
0001061164;PEREGRINE INDUSTRIES INC;;True;False
0001061169;GLOBAL LEADERSHIP INSTITUTE INC.;;True;False
0001061219;ENTERPRISE PRODUCTS PARTNERS L.P.;EPDU;False;False
0001061288;AUSTRALIAN CANADIAN OIL ROYALTIES LTD;;True;False
0001061322;GLOBAL CROSSING LTD;;False;True
0001061393;CH ENERGY GROUP INC;;False;True
0001061507;GRAHAM PACKAGING HOLDINGS CO;;True;False
0001061630;"BLACKSTONE MORTGAGE TRUST, INC.";BXMT;False;False
0001061688;Genmed Holding Corp;;True;False
0001061937;HOST HOTELS & RESORTS L.P.;;True;False
0001061983;CYTOKINETICS INC;CYTK;False;False
0001062047;CONVERGYS CORP;;False;True
0001062128;"Artemis Therapeutics, Inc.";;True;False
0001062231;AMERICAN AXLE & MANUFACTURING HOLDINGS INC;AXL;False;False
0001062273;"SPENDSMART NETWORKS, INC.";;True;False
0001062292;XO GROUP INC.;;False;True
0001062438;PULASKI FINANCIAL CORP;;False;True
0001062449;BUFFALO WILD WINGS INC;;False;True
0001062478;ACTUATE CORP;;False;True
0001062506;ATLANTICA INC;ALDA;True;False
0001062530;DIGITAL RIVER INC /DE;;False;True
0001062613;FAIRPOINT COMMUNICATIONS INC;;False;True
0001062624;YALE INDUSTRIAL PRODUCTS INC;;True;False
0001062720;"Enviro-serve, Inc.";;True;False
0001062822;"LEXICON PHARMACEUTICALS, INC.";LXRX;False;False
0001063104;PROTEO INC;;True;False
0001063197;"CurAegis Technologies, Inc.";;True;False
0001063254;S1 CORP /DE/;;False;True
0001063344;HERSHA HOSPITALITY TRUST;;False;True
0001063489;SUNBURST ACQUISITIONS V INC;;True;False
0001063494;"KBW, INC.";;False;True
0001063530;POWER 3 MEDICAL PRODUCTS INC;;True;False
0001063537;RiceBran Technologies;;False;True
0001063561;PROSPECT MEDICAL HOLDINGS INC;;False;True
0001063665;CORGENIX MEDICAL CORP/CO;;True;False
0001063697;ALLIANCE LAUNDRY CORP;;True;False
0001063698;ALLIANCE LAUNDRY HOLDINGS LLC;;True;False
0001063699;ALLIANCE LAUNDRY SYSTEMS LLC;;True;False
0001063761;SIMON PROPERTY GROUP INC /DE/;SPG-PJ;False;False
0001064015;AMERITRANS CAPITAL CORP;;False;True
0001064090;PRETIUM PACKAGING L L C;;True;False
0001064116;MEDIACOM LLC;;True;False
0001064117;MEDIACOM CAPITAL CORP;;True;False
0001064722;GIVEMEPOWER CORP;GMPW;True;False
0001064728;PEABODY ENERGY CORP;BTU;False;True
0001064863;AMERIGROUP CORP;;False;True
0001065001;"Shearson American REIT, Inc.";;True;False
0001065023;REDDY ICE CORP;;True;False
0001065034;MAGMA DESIGN AUTOMATION INC;;False;True
0001065049;LEAP WIRELESS INTERNATIONAL INC;;False;True
0001065059;CENTRUS ENERGY CORP;LEU;False;False
0001065078;"NETWORK-1 TECHNOLOGIES, INC.";NTIP;False;False
0001065087;ALBANY MOLECULAR RESEARCH INC;;False;True
0001065088;EBAY INC;EBAY;False;False
0001065188;PANAMERSA Corp;;True;False
0001065189;SOCIAL CUBE INC;;True;False
0001065201;AMERINST INSURANCE GROUP LTD;;True;False
0001065280;NETFLIX INC;NFLX;False;False
0001065298;SUPERIOR BANCORP;;False;True
0001065332;NIC INC;;False;True
0001065598;"DigitalTown, Inc.";;True;False
0001065696;LKQ CORP;LKQ;False;False
0001065736;"WASTE SERVICES, INC.";;False;True
0001065754;VIKING SYSTEMS INC;;True;False
0001065837;SKECHERS USA INC;;False;False
0001065860;LIME ENERGY CO.;;False;True
0001065865;JANUS CAPITAL GROUP INC;;True;False
0001066026;CONCUR TECHNOLOGIES INC;;False;True
0001066104;CEB Inc.;;False;True
0001066107;EL PASO CORP/DE;;False;True
0001066134;CORINTHIAN COLLEGES INC;;False;True
0001066138;LODGIAN INC;;False;True
0001066194;EGAIN Corp;EGAN;False;False
0001066247;REGENCY CENTERS LP;;True;False
0001066254;ECB BANCORP INC;;False;True
0001066551;"SUN RIVER ENERGY, INC";;True;False
0001066605;HEIDRICK & STRUGGLES INTERNATIONAL INC;;False;False
0001066656;Ceres Classic L.P.;;True;False
0001066658;MORGAN STANLEY SMITH BARNEY CHARTER WNT L.P.;;True;False
0001066684;THEGLOBE COM INC;TGLO;True;False
0001066719;"Taihe Group, Inc.";;True;False
0001066764;Bitech Technologies Corp;BESS;True;False
0001066923;Future FinTech Group Inc.;FTFT;False;False
0001066961;"Infosmart Group, Inc.";;True;False
0001067063;"Veris Residential, L.P.";;True;False
0001067125;NORTH SHORE AGENCY INC;;True;False
0001067286;"CelLynx Group, Inc.";;True;False
0001067294;"CRACKER BARREL OLD COUNTRY STORE, INC";CBRL;False;False
0001067419;MISSION WEST PROPERTIES INC;;False;True
0001067701;"UNITED RENTALS, INC.";URI;False;False
0001067837;"AUDACY, INC.";;False;True
0001067873;AS-IP TECH INC;;True;False
0001067983;BERKSHIRE HATHAWAY INC;BRK-A;False;False
0001068084;PRIVATE MEDIA GROUP INC;;False;True
0001068148;PARK OHIO INDUSTRIES INC/OH;;True;False
0001068237;GLOBAL DIVERSIFIED FUTURES FUND L.P.;;True;False
0001068300;"MetroCorp Bancshares, Inc.";;False;True
0001068689;"Data443 Risk Mitigation, Inc.";ATDS;True;False
0001068717;RTI INTERNATIONAL METALS INC;;False;True
0001068796;MAXYGEN INC;;False;True
0001068851;PROSPERITY BANCSHARES INC;PB;False;False
0001068874;IMPLANT SCIENCES CORP;;True;False
0001068875;"AVANTAX, INC.";;False;True
0001068912;FIRST PLACE FINANCIAL CORP /DE/;;False;True
0001069152;ATEL CAPITAL EQUIPMENT FUND VIII LLC;;True;False
0001069157;EAST WEST BANCORP INC;EWBC;False;False
0001069183;"AXON ENTERPRISE, INC.";AXON;False;False
0001069202;LENNOX INTERNATIONAL INC;LII;False;False
0001069258;"KRATOS DEFENSE & SECURITY SOLUTIONS, INC.";KTOS;False;False
0001069308;Acer Therapeutics Inc.;;False;True
0001069353;CONEXANT SYSTEMS INC;;False;True
0001069394;FLEXIBLE SOLUTIONS INTERNATIONAL INC;FSI;False;False
0001069489;WESCORP ENERGY INC;;True;False
0001069530;CASSAVA SCIENCES INC;SAVA;False;False
0001069533;RGC RESOURCES INC;RGCO;False;False
0001069563;DEFENSE INDUSTRIES INTERNATIONAL INC;;True;False
0001069680;"Hannover House, Inc.";;True;False
0001069799;PACIFIC SANDS INC;;True;False
0001069878;TREX CO INC;TREX;False;False
0001069899;PHIBRO ANIMAL HEALTH CORP;PAHC;False;False
0001069996;FedNat Holding Co;;False;True
0001070045;"China Integrated Energy, Inc.";;False;True
0001070050;AppTech Payments Corp.;APCXW;False;False
0001070081;"PTC THERAPEUTICS, INC.";PTCT;False;False
0001070154;STERLING BANCORP;;False;True
0001070181;"San West, Inc";;True;False
0001070190;ONEIDA FINANCIAL CORP;;True;False
0001070235;BLACKBERRY Ltd;BB;False;False
0001070295;CAPITOL CITY BANCSHARES INC;;True;False
0001070296;FIRST CAPITAL INC;FCAP;False;False
0001070336;ACHILLION PHARMACEUTICALS INC;;False;True
0001070361;ARTIFICIAL LIFE INC;;True;False
0001070380;SABA SOFTWARE INC;;False;True
0001070412;CNX Resources Corp;CNX;False;False
0001070423;PLAINS ALL AMERICAN PIPELINE LP;PAAPU;False;False
0001070494;ACADIA PHARMACEUTICALS INC;ACAD;False;False
0001070495;BELCREST CAPITAL FUND LLC;;True;False
0001070523;COMMUNITY SHORES BANK CORP;;False;True
0001070524;GREENE COUNTY BANCORP INC;GCBC;False;False
0001070680;CF BANKSHARES INC.;CFBK;False;False
0001070698;Raptor Pharmaceutical Corp;;False;True
0001070699;UAGH INC;;True;False
0001070750;"HOST HOTELS & RESORTS, INC.";HST;False;False
0001070789;ASIA PROPERTIES INC;HYOR;True;False
0001070799;"OPTIMIZED TRANSPORTATION MANAGEMENT, INC.";;True;False
0001070985;"CoreCivic, Inc.";CXW;False;False
0001071236;RED RIVER BANCSHARES INC;RRBI;False;False
0001071255;"GOLDEN ENTERTAINMENT, INC.";GDEN;False;False
0001071264;JACKSONVILLE BANCORP INC /FL/;;False;True
0001071272;EASTON PHARMACEUTICALS INC.;;True;False
0001071341;EDELMAN FINANCIAL GROUP INC.;;False;True
0001071411;FUSION TELECOMMUNICATIONS INTERNATIONAL INC;;True;False
0001071625;DOVER SADDLERY INC;;False;True
0001071739;CENTENE CORP;CNC;False;False
0001071760;ECOSPHERE TECHNOLOGIES INC;;True;False
0001071840;"SolarWindow Technologies, Inc.";WNDW;True;False
0001071941;"ARCADIA RESOURCES, INC";;False;True
0001071991;NEXT INC/TN;;True;False
0001071992;CAPITAL BANK CORP;;False;True
0001071993;CONTANGO OIL & GAS CO;;False;True
0001072248;M LINE HOLDINGS INC;;True;False
0001072341;PLAYBOY ENTERPRISES INC;;True;False
0001072343;ARCH CHEMICALS INC;;False;True
0001072379;NORTHWEST BIOTHERAPEUTICS INC;NWBO;False;True
0001072627;KINGSWAY FINANCIAL SERVICES INC;KFS;False;False
0001072725;GOLD RESERVE INC;GDRZF;False;True
0001072805;WELLS REAL ESTATE FUND XII LP;;True;False
0001072806;EOS Preferred Corp;;True;False
0001072842;FIRST CAPITAL INTERNATIONAL INC;;True;False
0001072847;TOWER FINANCIAL CORP;;False;True
0001073101;CENTRACAN INC;;True;False
0001073146;AMERICAN INTERNATIONAL INDUSTRIES INC;;False;True
0001073149;CORNERSTONE REALTY FUND LLC;;True;False
0001073349;BOTTOMLINE TECHNOLOGIES INC;;False;True
0001073362;"Occidental Development Group, Inc.";;True;False
0001073429;"U.S. CONCRETE, INC.";;False;True
0001073431;Life Technologies Corp;;False;True
0001073475;CITIZENS FIRST CORP;;False;True
0001073489;CARDXX INC;;True;False
0001073748;YUMMIES INC;;True;False
0001073967;SERENA SOFTWARE INC;;True;False
0001074433;CAPITOL FEDERAL FINANCIAL;;True;False
0001074447;MNP Petroleum Corp;;True;False
0001074458;"Manasota Group, Inc.";;True;False
0001074828;"KNOW LABS, INC.";USBC;False;False
0001074871;"Modular Medical, Inc.";MODD;False;False
0001074902;LCNB CORP;LCNB;False;False
0001074909;FAB Universal Corp.;;False;True
0001074929;MAVERICK MINERALS CORP;;True;False
0001075058;MLM INDEX FUND;;True;False
0001075206;DRAGON PHARMACEUTICAL INC;;True;False
0001075415;DIVERSIFIED HEALTHCARE TRUST;DHCNL;False;False
0001075531;Booking Holdings Inc.;BKNG;False;False
0001075607;TC PIPELINES LP;;False;True
0001075656;"iGo, Inc.";;False;True
0001075706;CITIZENS HOLDING CO /MS/;CIZN;False;True
0001075736;"Crexendo, Inc.";CXDO;False;False
0001075773;Treaty Energy Corp;;True;False
0001075857;VIEW SYSTEMS INC;;True;False
0001075993;"International Building Technologies Group, Inc.";;True;False
0001076167;ADOLOR CORP;;False;True
0001076195;"LIFE TIME FITNESS, INC.";;False;True
0001076262;TERRALENE FUELS Corp;;True;False
0001076394;CENTRAL BANCORP INC /MA/;;False;True
0001076405;PEPSI BOTTLING GROUP INC;;False;True
0001076462;ALPHATRADE COM;;True;False
0001076481;SEQUENOM INC;;False;True
0001076522;ICTV Brands Inc.;;True;False
0001076541;"INNOCOM TECHNOLOGY HOLDINGS, INC.";;True;False
0001076682;"POLARITYTE, INC.";;False;True
0001076691;OCONEE FINANCIAL CORP;OSBK;True;False
0001076700;"KIT digital, Inc.";;True;False
0001076744;"EMAV Holdings, Inc.";;True;False
0001076784;"DBUB GROUP, INC";;True;False
0001076886;"AMERICAN ASSET DEVELOPMENT, INC.";;True;False
0001076891;CHINA HOLDINGS GROUP INC;;True;False
0001076930;NOVANTA INC;NOVTU;False;False
0001076939;SKYSTAR BIO-PHARMACEUTICAL CO;;False;True
0001076966;SIERRA RESOURCE GROUP INC;;True;False
0001077030;IBF VI GUARANTEED INCOME FUND;;True;False
0001077183;NEOGENOMICS INC;NEO;False;False
0001077241;T REIT LIQUIDATING TRUST;;True;False
0001077319;"AvStar Aviation Group, Inc.";;True;False
0001077370;"Prism Technologies Group, Inc.";;False;True
0001077385;"RPM ADVANTAGE, INC.";;True;False
0001077428;TEXAS CAPITAL BANCSHARES INC/TX;TCBIO;False;False
0001077561;"China Elite Information Co., Ltd.";;True;False
0001077634;IA GLOBAL INC;;False;True
0001077637;"Smooth Global (China) Holdings, Inc.";;True;False
0001077638;SENSE TECHNOLOGIES INC;;True;False
0001077688;HOOKER FURNISHINGS Corp;HOFT;False;False
0001077771;UMPQUA HOLDINGS CORP;;True;False
0001077800;"AccelPath, Inc.";;True;False
0001077866;LOOKSMART LTD;;True;False
0001077915;"TACTICAL AIR DEFENSE SERVICES, INC.";;True;False
0001078037;"REMEDENT, INC.";;True;False
0001078075;NETSCOUT SYSTEMS INC;NTCT;False;False
0001078099;"Meet Group, Inc.";;False;True
0001078207;"NAUTILUS, INC.";;False;False
0001078271;EXTREME NETWORKS INC;EXTR;False;False
0001078383;IPARTY CORP;;False;True
0001078723;"FUEL PERFORMANCE SOLUTIONS, INC.";;True;False
0001078799;"Marijuana Co of America, Inc.";;True;False
0001078858;SES SOLAR INC.;;True;False
0001079023;VARIAN SEMICONDUCTOR EQUIPMENT ASSOCIATES INC;;False;True
0001079282;"Rivulet Media, Inc.";;True;False
0001079297;"Progreen US, Inc.";;True;False
0001079574;ROYAL INVEST INTERNATIONAL CORP.;;True;False
0001079577;STANCORP FINANCIAL GROUP INC;;False;True
0001079786;George Foreman Enterprises Inc;;True;False
0001079996;Life Quotes;;False;True
0001080014;"Innoviva, Inc.";INVA;False;False
0001080029;"Dougherty's Pharmacy, Inc.";;True;False
0001080034;"CONVERSANT, INC.";;False;True
0001080056;"THESTREET, INC.";;False;True
0001080099;INFORMATICA CORP;;False;True
0001080131;"INTERNET BRANDS, INC.";;False;True
0001080224;EDGAR ONLINE INC;;False;True
0001080319;"Elys Game Technology, Corp.";;True;False
0001080340;"MANHATTAN BRIDGE CAPITAL, INC";LOAN;False;False
0001080359;ALLOY INC;;False;True
0001080360;"CHINA VALVES TECHNOLOGY, INC";;False;True
0001080398;"Titan Energy Worldwide, Inc.";;True;False
0001080448;PATRIOT GOLD CORP;PGOL;True;False
0001080602;Novation Holdings Inc;;True;False
0001080627;V Media Corp;;True;False
0001080634;AUSTRALIAN OIL & GAS CORP;;True;False
0001080657;"Presidio Property Trust, Inc.";SQFTW;False;False
0001080667;DITECH NETWORKS INC;;False;True
0001080709;ARENA PHARMACEUTICALS INC;;False;True
0001080747;GREENWAY MEDICAL TECHNOLOGIES INC;;False;True
0001080908;"BIOPHARM ASIA, INC.";;True;False
0001080924;PTS INC/NV/;;True;False
0001081074;"Armada Oil, Inc.";;True;False
0001081078;API Technologies Corp.;;False;True
0001081091;STUDIO II BRANDS INC;;True;False
0001081183;NATION ENERGY INC;;True;False
0001081188;GOLD ENTERTAINMENT GROUP INC;GEGP;True;False
0001081206;China TransInfo Technology Corp.;;False;True
0001081316;BERKSHIRE HATHAWAY ENERGY CO;;True;False
0001081369;"Metabolic Research, Inc.";;True;False
0001081568;FIRST ASIA HOLDINGS Ltd;;True;False
0001081745;"INTELLINETICS, INC.";INLX;False;False
0001081834;Kuber Resources Corp;KUBR;True;False
0001081860;ALASKA PACIFIC BANCSHARES INC;;True;False
0001081938;"CANNAPHARMARX, INC.";CPMD;True;False
0001081944;"CHINA ORGANIC FERTILIZER, INC.";;True;False
0001082027;NORTHSTAR ELECTRONICS INC;;True;False
0001082038;DURECT CORP;;False;False
0001082176;"KLEANGAS ENERGY TECHNOLOGIES, INC.";;True;False
0001082198;"Pernix Group, Inc.";;True;False
0001082278;ENVIRONMENTAL SOLUTIONS WORLDWIDE INC;;True;False
0001082324;VirnetX Holding Corp;VHC;False;False
0001082368;BANK OF FLORIDA CORP;;False;True
0001082384;"CHINA GREEN MATERIAL TECHNOLOGIES, INC.";;True;False
0001082423;RUBIOS RESTAURANTS INC;;False;True
0001082431;"Pavilion Energy Resources, Inc.";;True;False
0001082492;VADDA ENERGY CORP;;True;False
0001082506;"Great Elm Capital Group, Inc.";;True;False
0001082510;UIL HOLDINGS CORP;;False;True
0001082526;SCIQUEST INC;;False;True
0001082554;UNITED THERAPEUTICS Corp;UTHR;False;False
0001082564;FIRST COMMUNITY BANK CORP OF AMERICA;;False;True
0001082576;Grupo International Inc;;True;False
0001082733;"VISIUM TECHNOLOGIES, INC.";VISM;True;False
0001082754;TEAM HEALTH HOLDINGS INC.;;False;True
0001082822;ANGEL ACQUISITION CORP.;;True;False
0001082923;STAMPS.COM INC;;False;True
0001083082;GULF STATE CREDIT LLC;;True;False
0001083199;WORLD OMNI AUTO RECEIVABLES LLC;;True;False
0001083220;"XCel Brands, Inc.";XELB;False;False
0001083243;NZCH Corp;;True;False
0001083301;TERAWULF INC.;WULF;False;False
0001083318;INTERACTIVE INTELLIGENCE INC;;True;False
0001083383;"EV Charging USA, INC";;True;False
0001083410;CIGMA METALS CORP;;True;False
0001083446;"Apollo Medical Holdings, Inc.";ASTH;False;False
0001083459;"China Water Group, Inc.";;True;False
0001083490;SUNRISE REAL ESTATE GROUP INC;SRRE;True;False
0001083522;JONES SODA CO;JSDA;False;True
0001083643;"FAUQUIER BANKSHARES, INC.";;False;True
0001083663;I/OMAGIC CORP;;True;False
0001083689;SOUTHCOAST FINANCIAL CORP;;False;True
0001083706;ENXNET INC;;True;False
0001083712;Mecklermedia Corp;;False;True
0001083743;"Flux Power Holdings, Inc.";FLUX;False;False
0001083750;CHANDLER USA INC;;True;False
0001083768;SAGE FUND LP;;True;False
0001083848;CAN CAL RESOURCES LTD;;True;False
0001083866;EDEN ENERGY CORP;;True;False
0001083922;"AuraSource, Inc.";;True;False
0001083944;MEDICAL MAKEOVER CORP OF AMERICA;;True;False
0001084031;"INTEGRATED ENVIRONMENTAL TECHNOLOGIES, LTD.";;True;False
0001084047;INNOVATIVE SOFTWARE TECHNOLOGIES INC;;True;False
0001084048;"ZIFF DAVIS, INC.";ZD;False;False
0001084067;WNC HOUSING TAX CREDIT FUND VI LP SERIES 7;;True;False
0001084133;"Real Brands, Inc.";;True;False
0001084182;IMMEDIATEK INC;;True;False
0001084226;Searchlight Minerals Corp.;;True;False
0001084230;PEPSIAMERICAS INC/IL/;;False;True
0001084267;"Mobiquity Technologies, Inc.";MOBQW;False;True
0001084332;SALON MEDIA GROUP INC;;True;False
0001084370;"Blockchain Industries, Inc.";;True;False
0001084384;PARETEUM Corp;;False;True
0001084415;"HEARTLAND, INC.";;True;False
0001084448;BREDA TELEPHONE CORP;;True;False
0001084463;"COIL TUBING TECHNOLOGY, INC.";;True;False
0001084475;"Video River Networks, Inc.";NIHK;True;False
0001084507;Arrayit Corp;;True;False
0001084551;Community Redevelopment Inc.;CRDV;True;False
0001084554;LIGHTBRIDGE Corp;LTBR;False;False
0001084577;CYREN Ltd.;;False;True
0001084580;Jefferies Group LLC;;False;True
0001084597;XZERES Corp.;;True;False
0001084662;MAYDAO Corp;;True;False
0001084702;INCA Designs Inc;;True;False
0001084717;PACIFIC CONTINENTAL CORP;;False;True
0001084750;NAVISITE INC;;False;True
0001084752;"Inventergy Global, Inc.";;False;True
0001084755;ARIBA INC;;False;True
0001084765;"RESOURCES CONNECTION, INC.";RGP;False;False
0001084817;RESPONSYS INC;;False;True
0001084828;"TERRA ENERGY & RESOURCE TECHNOLOGIES, INC.";;True;False
0001084869;1 800 FLOWERS COM INC;FLWS;False;False
0001084876;RAE SYSTEMS INC;;False;True
0001084899;"GREENWORLD DEVELOPMENT, INC.";;True;False
0001084961;ENCORE CAPITAL GROUP INC;ECPG;False;False
0001084991;NATURAL GAS SERVICES GROUP INC;NGS;False;False
0001085069;American Security Resources Corp.;;True;False
0001085104;"American Wenshen Steel Group, Inc.";;True;False
0001085113;MEZABAY INTERNATIONAL INC.;;True;False
0001085129;"ZEALOUS, INC.";;True;False
0001085243;"VirTra, Inc";VTSI;False;False
0001085254;"HII Technologies, Inc.";;True;False
0001085277;"SKINVISIBLE, INC.";SKVI;True;False
0001085280;TIBCO SOFTWARE INC;;False;True
0001085392;PUGET ENERGY INC /WA;;True;False
0001085596;"AngioGenex, Inc.";;True;False
0001085621;Actua Corp;;False;True
0001085706;"METRO BANCORP, INC.";;False;True
0001085734;BLOCKBUSTER INC;;False;True
0001085770;MOVE INC;;False;True
0001085869;PERFICIENT INC;;False;False
0001085913;FARMERS & MERCHANTS BANCORP;FMCB;True;False
0001086082;"CANNAPOWDER, INC.";;True;False
0001086139;MDU COMMUNICATIONS INTERNATIONAL INC;;True;False
0001086195;ART TECHNOLOGY GROUP INC;;False;True
0001086222;AKAMAI TECHNOLOGIES INC;AKAM;False;False
0001086303;Heyu Biological Technology Corp;HCIL;True;False
0001086319;GASCO ENERGY INC;;False;True
0001086411;JOHN D. OIL & GAS CO;;True;False
0001086467;DRUGSTORE COM INC;;False;True
0001086600;ALLIANCE RESOURCE PARTNERS LP;ARLP;False;False
0001086670;BELLAVISTA CAPITAL INC;;True;False
0001086722;BRIGHTCUBE INC;;True;False
0001086740;DELTATHREE INC;;True;False
0001086745;"AYRO, Inc.";SBLX;False;False
0001086909;"BROADSOFT, INC.";;False;True
0001086939;NOVAMED INC;;False;True
0001087022;ALR TECHNOLOGIES INC.;;True;False
0001087216;Access Plans Inc;;True;False
0001087294;CUMBERLAND PHARMACEUTICALS INC;CPIX;False;False
0001087423;RED HAT INC;;False;True
0001087432;INTERMUNE INC;;False;True
0001087455;CORNERSTONE BANCORP/SC;;True;False
0001087456;UNITED BANCSHARES INC/OH;UBOH;False;True
0001087734;"HINTO ENERGY, INC";;True;False
0001087790;ATLANTIC BANCGROUP INC;;False;True
0001087835;BOTTLING GROUP LLC;;True;False
0001087848;China Yongxin Pharmaceuticals Inc.;;True;False
0001087934;"inContact, Inc.";;False;True
0001088005;NextMart Inc.;;True;False
0001088033;QUEST SOFTWARE INC;;False;True
0001088034;"Usio, Inc.";USIO;False;False
0001088120;ISECURETRAC CORP;;True;False
0001088144;ROME BANCORP INC;;False;True
0001088162;MAD CATZ INTERACTIVE INC;;False;True
0001088206;QUICK-MED TECHNOLOGIES INC;;True;False
0001088211;Inova Technology Inc.;;True;False
0001088213;"NMI Health, Inc.";;True;False
0001088312;UNI CORE HOLDINGS CORP;;True;False
0001088413;"GREYSTONE LOGISTICS, INC.";GLGI;True;False
0001088638;"MASTERMIND, INC.";;True;False
0001088787;"CD INTERNATIONAL ENTERPRISES, INC.";;False;True
0001088825;TIVO INC;;False;True
0001088856;CORCEPT THERAPEUTICS INC;CORT;False;False
0001088949;"DLD Group, Inc.";;True;False
0001089029;CardioGenics Holdings Inc.;;True;False
0001089044;LABRANCHE & CO INC;;False;True
0001089061;FINDEX COM INC;;True;False
0001089063;"DICK'S SPORTING GOODS, INC.";DKS;False;False
0001089143;COLLECTORS UNIVERSE INC;;False;True
0001089272;BIG CAT ENERGY CORP;;True;False
0001089297;NOVAGANT CORP;;True;False
0001089319;"FREESTONE RESOURCES, INC.";;True;False
0001089473;INVENTIV HEALTH INC;;True;False
0001089511;ALASKA COMMUNICATIONS SYSTEMS GROUP INC;;False;True
0001089531;"KINGOLD JEWELRY, INC.";;False;True
0001089565;LEGACY WINE & SPIRITS INTERNATIONAL LTD.;;True;False
0001089575;NATIONAL COAL CORP;;False;True
0001089590;NEW DRAGON ASIA CORP;;False;True
0001089598;BAYNON INTERNATIONAL CORP;;True;False
0001089638;NESS TECHNOLOGIES INC;;False;True
0001089748;HUNTSMAN INTERNATIONAL LLC;;True;False
0001089787;BAY NATIONAL CORP;;False;True
0001089815;"U.S. NeuroSurgical Holdings, Inc.";EHSI;True;False
0001089819;Cleco Corporate Holdings LLC;;False;True
0001089872;"GAIA, INC";GAIA;False;False
0001089907;SWK Holdings Corp;SWKHL;False;False
0001089976;PACTIV CORP;;False;True
0001090009;SOUTHERN FIRST BANCSHARES INC;SFST;False;False
0001090012;DEVON ENERGY CORP/DE;DVN;False;False
0001090061;OMNOVA SOLUTIONS INC;;False;True
0001090396;TABLE TRAC INC;TBTC;True;False
0001090403;"CATALYST HEALTH SOLUTIONS, INC.";;False;True
0001090425;LAMAR ADVERTISING CO/NEW;LAMR;False;False
0001090461;GLOBAL DIVERSIFIED INDUSTRIES INC;;True;False
0001090514;AMERICAN ORIENTAL BIOENGINEERING INC;;False;True
0001090701;WORLD MONITOR TRUST II SERIES E;;True;False
0001090727;UNITED PARCEL SERVICE INC;UPS;False;False
0001090872;"AGILENT TECHNOLOGIES, INC.";A;False;False
0001090908;"DETERMINE, INC.";;False;True
0001090967;GLOBAL ENERGY INC;;True;False
0001091164;"Jiangbo Pharmaceuticals, Inc.";;False;True
0001091171;BLUE NILE INC;;False;True
0001091312;SYMBION INC/TN;;True;False
0001091325;"CHINA YIDA HOLDING, CO.";;False;True
0001091326;VG Life Sciences Inc.;;True;False
0001091491;HCSB FINANCIAL CORP;;True;False
0001091530;XM SATELLITE RADIO HOLDINGS INC;;True;False
0001091566;CYIOS CORP;;True;False
0001091596;"Nuo Therapeutics, Inc.";AURX;False;True
0001091667;"CHARTER COMMUNICATIONS, INC. /MO/";CHTR;False;False
0001091735;PACER INTERNATIONAL INC;;False;True
0001091748;"Argo Group International Holdings, Ltd.";;False;True
0001091801;MARTHA STEWART LIVING OMNIMEDIA INC;;False;True
0001091862;Chemtura CORP;;False;True
0001091883;CIRCOR INTERNATIONAL INC;;False;True
0001091907;WORLD WRESTLING ENTERTAINMENTINC;;True;False
0001091983;FOREVERGREEN WORLDWIDE CORP;;True;False
0001092083;NewMarket Technology Inc;;True;False
0001092289;TRANSATLANTIC PETROLEUM LTD.;;False;True
0001092302;JAVO BEVERAGE CO INC;;True;False
0001092367;SYCAMORE NETWORKS INC;;False;True
0001092448;"NUMOBILE, INC.";;True;False
0001092492;AXESSTEL INC;;True;False
0001092562;BIOCUREX INC;;True;False
0001092570;FULLNET COMMUNICATIONS INC;FULO;True;False
0001092662;"CHEMBIO DIAGNOSTICS, INC.";;False;True
0001092699;SPS COMMERCE INC;SPSC;False;False
0001092791;Orpheum Property Inc;;True;False
0001092796;"SMITH & WESSON BRANDS, INC.";SWBI;False;False
0001092800;"Montavo, Inc.";;True;False
0001092802;WELLSTONE FILTER SCIENCES INC /DE/;;True;False
0001092807;ALPINE AIR EXPRESS INC/DE;;True;False
0001092839;DUNE ENERGY INC;;False;True
0001092914;ATLAS PIPELINE PARTNERS LP;;False;True
0001092945;"METISCAN, INC.";;True;False
0001093082;HUTTIG BUILDING PRODUCTS INC;;False;True
0001093207;CROSSROADS SYSTEMS INC;;False;True
0001093248;"MEDICAL INNOVATION HOLDINGS, INC.";;True;False
0001093285;SCIVANTA MEDICAL CORP;;True;False
0001093430;CASPIAN SERVICES INC;;True;False
0001093434;"NexCen Brands, Inc.";;True;False
0001093557;DEXCOM INC;DXCM;False;False
0001093636;"Saxon Capital Group, Inc./DE";;True;False
0001093649;IDENIX PHARMACEUTICALS INC;;False;True
0001093661;BROMWELL FINANCIAL FUND LP;;True;False
0001093672;PEOPLES BANCORP OF NORTH CAROLINA INC;PEBK;False;False
0001093677;"WORLDSTAR ENERGY, CORP.";;True;False
0001093683;BISON INSTRUMENTS INC;;True;False
0001093691;PLUG POWER INC;PLUG;False;False
0001093728;PACIFIC FINANCIAL CORP;;True;False
0001093800;UNR HOLDINGS INC;;True;False
0001093819;"CARGO CONNECTION LOGISTICS HOLDING, INC.";;True;False
0001093885;SONICWALL INC;;False;True
0001093897;COASTAL BANKING CO INC;;True;False
0001093903;Ziyang Ceramics Corp;;True;False
0001093928;"ALPHA WASTEWATER, INC.";;True;False
0001094007;RAINMAKER SYSTEMS INC;;False;True
0001094019;"NEWTEK BUSINESS SERVICES, INC.";;True;False
0001094032;QDM International Inc.;QDMI;True;False
0001094038;"Marker Therapeutics, Inc.";MRKR;False;False
0001094058;EDIETS COM INC;;False;True
0001094084;TELKONET INC;TKOI;True;False
0001094093;PROGRESS ENERGY INC;;False;True
0001094139;OURPETS CO;;True;False
0001094238;HARRIS INTERACTIVE INC;;False;True
0001094285;TELEDYNE TECHNOLOGIES INC;TDY;False;False
0001094320;"JESUP & LAMONT, INC.";;False;True
0001094348;Mattersight Corp;;False;True
0001094363;AIMS WORLDWIDE INC;;True;False
0001094376;BLUE MOON INVESTMENTS;;True;False
0001094392;RUDOLPH TECHNOLOGIES INC;;True;False
0001094572;"ICOP DIGITAL, INC";;False;True
0001094651;TRIMAX CORP;;True;False
0001094738;M&F BANCORP INC /NC/;;True;False
0001094739;FINISAR CORP;;False;True
0001094742;MAINSTREET BANKSHARES INC;;True;False
0001094788;"Integrative Health Technologies, Inc.";;True;False
0001094808;"Vertro, Inc.";;False;True
0001094810;MUTUALFIRST FINANCIAL INC;;False;True
0001094814;"Cartesian, Inc.";;False;True
0001094816;VOICE MOBILITY INTERNATIONAL INC;;True;False
0001094831;"BGC Partners, Inc.";BGC;False;False
0001094847;"ONCOVISTA INNOVATIVE THERAPIES, INC";;True;False
0001095007;DIVERSIFIED 2000 FUTURES FUND L.P.;;True;False
0001095073;EVEREST RE GROUP LTD;EG;False;False
0001095130;"IOTA COMMUNICATIONS, INC.";;True;False
0001095133;ISA INTERNATIONALE INC;;True;False
0001095146;GAMEPLAN INC;ABIT;True;False
0001095266;WORKSTREAM INC;;True;False
0001095274;FIRST NATIONAL BANCSHARES INC /SC/;;False;True
0001095276;TIGRENT INC;;True;False
0001095277;INTERSECTIONS INC;;False;True
0001095291;"WEB.COM GROUP, INC.";;False;True
0001095315;PFSWEB INC;;False;True
0001095330;SYMYX TECHNOLOGIES INC;;False;True
0001095373;WOODSTOCK HOLDINGS INC.;;True;False
0001095565;HEALTHSTREAM INC;HSTM;False;False
0001095600;BLUE COAT SYSTEMS INC;;True;False
0001095651;ISTAR INC.;SAFE;False;True
0001095751;"SKYE INTERNATIONAL, INC";;True;False
0001095858;"ERBA Diagnostics, Inc.";;False;True
0001095981;"PLUS THERAPEUTICS, INC.";PSTV;False;False
0001095996;WILLIAM LYON HOMES;;False;True
0001096056;LUXFER HOLDINGS PLC;LXFR;False;True
0001096132;"PETRONE WORLDWIDE, INC.";;True;False
0001096142;GENTIVA HEALTH SERVICES INC;;False;True
0001096199;"Geeknet, Inc";;False;True
0001096275;Worksport Ltd;WKSP;False;False
0001096294;GFR PHARMACEUTICALS INC;;True;False
0001096296;MINERALRITE Corp;RITE;True;False
0001096298;"ASIA8, INC.";;True;False
0001096325;INTERSIL CORP/DE;;False;True
0001096339;SARATOGA RESOURCES INC /TX;;False;True
0001096343;MARKEL CORP;MKL;False;False
0001096376;NUTRI SYSTEM INC /DE/;;False;True
0001096385;VECTREN CORP;;False;True
0001096481;ANGIOTECH PHARMACEUTICALS INC;;False;True
0001096550;"ENERGY QUEST, INC.";;True;False
0001096555;"Myriad Interactive Media, Inc.";;True;False
0001096560;SULPHCO INC;;False;True
0001096613;FIRST TRANSACTION MANAGEMENT INC;;True;False
0001096637;SaviCorp;;True;False
0001096654;OHIO LEGACY CORP;;False;True
0001096655;"GLOBAL BEVERAGES, INC.";;True;False
0001096738;EPOCRATES INC;;False;True
0001096752;EDGEWELL PERSONAL CARE Co;EPC;False;False
0001096759;Sanwire Corp;;True;False
0001096768;"VIDABLE, INC.";;True;False
0001096788;KNOLOGY INC;;False;True
0001096791;Oilsands Quest Inc;;False;True
0001096840;Sunway Global Inc.;;True;False
0001096841;CASE FINANCIAL INC;;True;False
0001096857;"DOCUMENT CAPTURE TECHNOLOGIES, INC.";;True;False
0001096915;"SAVANNA EAST AFRICA, INC.";;True;False
0001096934;"ENTERPRISE DIVERSIFIED, INC.";;True;False
0001096935;"American BioCare, Inc.";;True;False
0001096938;"United Health Products, Inc.";UEEC;True;False
0001096939;Vista International Technologies Inc;;True;False
0001096950;"ADVANCED CONTAINER TECHNOLOGIES, INC.";;True;False
0001096958;OPENTV CORP;;False;True
0001097136;SENORX INC;;False;True
0001097149;ALIGN TECHNOLOGY INC;ALGN;False;False
0001097264;ALLOS THERAPEUTICS INC;;False;True
0001097396;CERES TACTICAL GLOBAL L.P.;;True;False
0001097430;INTERNATIONAL MONETARY SYSTEMS LTD /WI/;;True;False
0001097575;"AcuNetx, Inc.";;True;False
0001097718;"UnifiedOnline, Inc.";;True;False
0001097752;BASSET ENTERPRISES INC;;True;False
0001097792;"Ominto, Inc.";;False;True
0001097864;ON SEMICONDUCTOR CORP;ON;False;False
0001097896;"Big Tree Group, Inc.";;True;False
0001098009;America Great Health;;True;False
0001098146;PATRIOT NATIONAL BANCORP INC;PNBK;False;False
0001098151;FIDELITY D & D BANCORP INC;FDBC;False;False
0001098277;WEBSENSE INC;;False;True
0001098296;MIDAMERICAN FUNDING LLC;;True;False
0001098482;"Innovaro, Inc.";INNI;False;True
0001098659;MEDIACOM COMMUNICATIONS CORP;;False;True
0001098813;COMMERCEFIRST BANCORP INC;;False;True
0001098875;Bay Acquisition Corp.;;True;False
0001098880;IntelGenx Technologies Corp.;;True;False
0001098881;"U.S. RARE EARTHS, INC";;True;False
0001098911;CENTERPOINT ENERGY TRANSITION BOND CO LLC;;True;False
0001098972;AGENUS INC;AGEN;False;False
0001098996;ORANCO INC;;True;False
0001099132;MANHATTAN SCIENTIFICS INC;;True;False
0001099160;BEASLEY BROADCAST GROUP INC;BBGI;False;False
0001099215;PROTALEX INC;;True;False
0001099219;METLIFE INC;MET-PF;False;False
0001099234;"InCapta, Inc.";MLMC;True;False
0001099290;Hongli Clean Energy Technologies Corp.;;False;True
0001099305;VIRGINIA COMMERCE BANCORP INC;;False;True
0001099332;TIRE INTERNATIONAL ENVIRONMENTAL SOLUTIONS INC.;;True;False
0001099369;DESTINY MEDIA TECHNOLOGIES INC;DSNY;True;False
0001099509;VERTICAL COMPUTER SYSTEMS INC;;True;False
0001099534;EME HOMER CITY GENERATION LP;;True;False
0001099568;WESTGATE ACQUISITIONS CORP;;True;False
0001099574;EASTGATE BIOTECH CORP;;True;False
0001099590;MERCADOLIBRE INC;MELI;False;False
0001099668;FIRST OTTAWA BANCSHARES INC;FOTB;True;False
0001099728;"Sibling Group Holdings, Inc.";;True;False
0001099800;Edwards Lifesciences Corp;EW;False;False
0001099918;"Henry Bros. Electronics, Inc.";;False;True
0001099932;CENTRA FINANCIAL HOLDINGS INC;;True;False
0001099941;"MVC CAPITAL, INC.";;False;True
0001099958;SANTANDER BANCORP;;False;True
0001099963;Magnum dOr Resources Inc;;True;False
0001099977;CHINA MARINE FOOD GROUP LTD;;False;True
0001099980;TAMALPAIS BANCORP;;False;True
0001100179;ONCOR ELECTRIC DELIVERY TRANSITION BOND CO LLC;;True;False
0001100202;LENCO MOBILE INC.;;True;False
0001100270;KRISPY KREME DOUGHNUTS INC;;True;False
0001100313;STRATEGIC PARTNERS INC;;True;False
0001100380;LUMINARY ACQUISITION CORP;;True;False
0001100394;"REDFIN NETWORK, INC.";;True;False
0001100397;"Ayala Pharmaceuticals, Inc.";ADXS;False;True
0001100412;ARRAY BIOPHARMA INC;;False;True
0001100441;"RTI SURGICAL, INC.";;True;False
0001100542;ALAMOGORDO FINANCIAL CORP;;True;False
0001100592;"ASSURED PHARMACY, INC.";;True;False
0001100644;VALIDIAN CORP;;True;False
0001100682;"CHARLES RIVER LABORATORIES INTERNATIONAL, INC.";CRL;False;False
0001100734;"Zendex Holdings, Inc.";;True;False
0001100747;TARA GOLD RESOURCES CORP.;;True;False
0001100748;"CLEAN ENERGY & POWER, INC.";;True;False
0001100778;Rokk3r Inc.;;True;False
0001100779;"Millennium Prime, Inc.";;True;False
0001100788;INTERNATIONAL STAR INC;ILST;True;False
0001100820;"Encompass Group Affiliates, Inc";;True;False
0001100878;ML SELECT FUTURES I LP;;True;False
0001100917;ONVIA INC;;False;True
0001100962;ENDO HEALTH SOLUTIONS INC.;;True;False
0001100969;"ASIAINFO-LINKAGE, INC";;False;True
0001101020;OVERHILL FARMS INC;;False;True
0001101026;"Zivo Bioscience, Inc.";ZIVOW;False;True
0001101093;"Safer Shot, Inc.";;True;False
0001101169;VIASYSTEMS GROUP INC;;False;True
0001101215;"BREAD FINANCIAL HOLDINGS, INC.";BFH-PA;False;False
0001101239;EQUINIX INC;EQIX;False;False
0001101246;"Telidyne, Inc.";;True;False
0001101268;"Purple Communications, Inc.";;True;False
0001101302;ENTEGRIS INC;ENTG;False;False
0001101396;"DELTA APPAREL, INC";;False;False
0001101423;"VANTONE INTERNATIONAL GROUP, INC.";;True;False
0001101433;QUOTEMEDIA INC;QMCI;True;False
0001101680;DZS INC.;;False;False
0001101688;Teleconnect Inc.;;True;False
0001101723;UNITED SURGICAL PARTNERS INTERNATIONAL INC;;True;False
0001101783;Teliphone Corp;;True;False
0001101865;"Net Medical Xpress Solutions, Inc.";;True;False
0001102112;PACWEST BANCORP;;True;False
0001102238;AMERICAN REALTY INVESTORS INC;ARL;False;False
0001102266;CenterState Bank Corp;;False;True
0001102287;PREMIERWEST BANCORP;;False;True
0001102358;"HighCom Global Security, Inc.";;True;False
0001102392;"Royal Energy Resources, Inc.";;True;False
0001102414;Westport Energy Holdings Inc.;;True;False
0001102432;"VIKING ENERGY GROUP, INC.";;True;False
0001102541;EarthLink Holdings Corp.;;False;True
0001102709;FORMCAP CORP.;;True;False
0001102741;"STEC, INC.";;False;True
0001102750;DAC TECHNOLOGIES GROUP INTERNATIONAL INC;;True;False
0001102934;"CMC Materials, Inc.";;False;True
0001102942;"InnovaQor, Inc.";;True;False
0001102993;LIVEPERSON INC;LPSN;False;False
0001103021;BIODELIVERY SCIENCES INTERNATIONAL INC;;False;True
0001103025;TRX INC/GA;;False;True
0001103076;EXCELSIOR VENTURE PARTNERS III LLC;;True;False
0001103078;RASER TECHNOLOGIES INC;;False;True
0001103090;"REFLECT SCIENTIFIC, INC.";RSCF;True;False
0001103120;Tsingyuan Brewery Ltd.;;True;False
0001103184;ULTICOM INC;;False;True
0001103345;BEACON POWER CORP;;False;True
0001103384;All Energy Corp;;True;False
0001103390;"Ardea Biosciences, Inc./DE";;False;True
0001103577;"SPARE BACKUP, INC.";;True;False
0001103601;WGL HOLDINGS INC;;False;True
0001103640;"OMPHALOS, CORP";;True;False
0001103795;"QS Energy, Inc.";QSEP;True;False
0001103833;"Crown Equity Holdings, Inc.";CRWE;True;False
0001103837;CROWN MEDIA HOLDINGS INC;;False;True
0001103977;RUBICON FINANCIAL INC;;True;False
0001103982;"Mondelez International, Inc.";MDLZ;False;False
0001103993;LAS VEGAS GAMING INC;;True;False
0001104038;"VerifyMe, Inc.";VRME;False;False
0001104040;Asia Cork Inc.;;True;False
0001104042;ADVANCED ANALOGIC TECHNOLOGIES INC;;False;True
0001104188;SOHU COM INC;;True;False
0001104206;NEVTAH CAPITAL MANAGEMENT CORP;;True;False
0001104252;DDI CORP;;False;True
0001104254;"LANSDOWNE SECURITY, INC.";;True;False
0001104265;"GROW SOLUTIONS HOLDINGS, INC.";;True;False
0001104280;SANGUI BIOTECH INTERNATIONAL INC;;True;False
0001104349;CAPELLA EDUCATION CO;;False;True
0001104358;BROADVIEW NETWORKS HOLDINGS INC;;True;False
0001104462;"Colambda Technologies, Inc.";;True;False
0001104485;"NORTHERN OIL & GAS, INC.";NOG;False;False
0001104502;ACRONGENOMICS INC;;True;False
0001104506;INSMED Inc;INSM;False;False
0001104657;MATERION Corp;MTRN;False;False
0001104672;"PARK VIDA GROUP, INC.";;True;False
0001104855;"Support.com, Inc.";;False;True
0001104891;SUPERCLICK INC;;True;False
0001104904;XINHUA CHINA LTD;;True;False
0001105055;"DYNEGY HOLDINGS, LLC";;True;False
0001105064;"IVOICE, INC /NJ";;True;False
0001105184;NANOSPHERE INC;;False;True
0001105284;Global Immune Technologies Inc.;;True;False
0001105360;"SALARY. COM, INC.";;False;True
0001105472;SONUS NETWORKS INC;;True;False
0001105533;ARGOS THERAPEUTICS INC;;False;True
0001105705;TIME WARNER INC.;;False;True
0001105982;"OTIX GLOBAL, INC.";;False;True
0001106181;WESTSTAR FINANCIAL SERVICES CORP;;True;False
0001106213;SEAFARER EXPLORATION CORP;SFRX;True;False
0001106644;"CHINA PHARMA HOLDINGS, INC.";CPHI;False;False
0001106645;DEBT RESOLVE INC;;True;False
0001106838;"Sonnet BioTherapeutics Holdings, Inc.";;True;False
0001106848;"EGPI FIRECREEK, INC.";;True;False
0001106851;OMNIVISION TECHNOLOGIES INC;;False;True
0001106861;FLASHZERO CORP.;CSDX;True;False
0001106935;IVANHOE ENERGY INC;;False;True
0001106942;BLACKBOARD INC;;False;True
0001106974;WESTERGAARD COM INC;;True;False
0001107160;HARLEYSVILLE SAVINGS FINANCIAL CORP;;False;True
0001107216;ORCHID CELLMARK INC;;False;True
0001107280;OCULUS VISIONTECH INC.;OVTZ;True;False
0001107332;DENDREON CORP;;False;True
0001107421;"Alaunos Therapeutics, Inc.";TCRT;False;False
0001107694;"RACKSPACE HOSTING, INC.";;False;True
0001107699;SUBJEX CORP;;True;False
0001107796;MOTIVATING THE MASSES INC;;True;False
0001107843;"QUALYS, INC.";QLYS;False;False
0001107998;CLICKER INC.;;True;False
0001108046;AlumiFuel Power Corp;;True;False
0001108058;MICROTUNE INC;;False;True
0001108064;NEW GREEN TECHNOLOGIES INC.;;True;False
0001108109;COMMUNITY HEALTH SYSTEMS INC;CYH;False;False
0001108134;BERKSHIRE HILLS BANCORP INC;BBT;True;False
0001108185;OCCAM NETWORKS INC/DE;;False;True
0001108205;CURIS INC;CRIS;False;False
0001108236;AMERICAN RIVER BANKSHARES;;False;True
0001108320;SMTC CORP;;False;True
0001108348;CITIBANK CREDIT CARD ISSUANCE TRUST;;True;False
0001108426;PNM RESOURCES INC;TXNM;False;False
0001108524;"Salesforce, Inc.";CRM;False;False
0001108630;Live Current Media Inc.;;True;False
0001108645;"Correlate Infrastructure Partners, Inc.";;True;False
0001108730;PUBLIC MEDIA WORKS INC;;True;False
0001108827;"QEP RESOURCES, INC.";;False;True
0001108924;OPNET TECHNOLOGIES INC;;False;True
0001108967;"Orbital Infrastructure Group, Inc.";;False;True
0001109067;"MOVIE STUDIO, INC.";;True;False
0001109116;ENTRAVISION COMMUNICATIONS CORP;EVC;False;False
0001109153;"TRISTAR WELLNESS SOLUTIONS, INC.";;True;False
0001109189;"BASIC ENERGY SERVICES, INC.";;False;True
0001109196;"MABVAX THERAPEUTICS HOLDINGS, INC.";;False;True
0001109219;"DEFI GLOBAL, INC";;True;False
0001109242;HANMI FINANCIAL CORP;HAFC;False;False
0001109354;BRUKER CORP;BRKRP;False;False
0001109357;EXELON CORP;EXC;False;False
0001109448;ALLIANCEBERNSTEIN L.P.;;True;False
0001109486;Endexx Corp;EDXC;True;False
0001109525;BANCORP RHODE ISLAND INC;;False;True
0001109546;PACIFIC MERCANTILE BANCORP;;False;True
0001109553;"KODIAK ENERGY, INC.";;True;False
0001109879;"Computer Software Innovations, Inc.";;True;False
0001110361;EROOMSYSTEM TECHNOLOGIES INC;;True;False
0001110482;WINGS & THINGS INC;;True;False
0001110503;HSBC CREDIT CARD MASTER NOTE TRUST (USA) I;;True;False
0001110607;"Koil Energy Solutions, Inc.";KLNG;True;False
0001110611;ON24 INC.;ONTF;False;False
0001110647;"OCLARO, INC.";;False;True
0001110648;"IMAGE PROTECT, INC.";;True;False
0001110737;UNICO INC /AZ/;;True;False
0001110783;MONSANTO CO /NEW/;;False;True
0001110795;METLIFE POLICYHOLDER TRUST;;True;False
0001110803;"ILLUMINA, INC.";ILMN;False;False
0001110805;NuStar Energy L.P.;;False;False
0001110903;NETWORK ENGINES INC;;False;True
0001111118;"MOTOR SPORT COUNTRY CLUB HOLDINGS, INC.";;True;False
0001111247;RIGHTNOW TECHNOLOGIES INC;;False;True
0001111284;"GOLD HORSE INTERNATIONAL, INC.";;True;False
0001111285;SEGWAY IV CORP;;True;False
0001111335;VISTEON CORP;VC;False;False
0001111391;AMERICAN ENERGY PRODUCTION INC;;True;False
0001111468;TRANQUILITY INC;;True;False
0001111473;"Med One Oak, Inc.";;True;False
0001111485;"RxSight, Inc.";RXST;False;False
0001111559;TRADESTATION GROUP INC;;False;True
0001111632;AVISTAR COMMUNICATIONS CORP;;True;False
0001111634;XO HOLDINGS INC;;True;False
0001111665;TELECOMMUNICATION SYSTEMS INC /FA/;;False;True
0001111711;NISOURCE INC.;NI;False;False
0001111741;DYNARESOURCE INC;DYNR;True;False
0001111816;WORLDWIDE ENERGY & MANUFACTURING USA INC;;True;False
0001111817;LONGWEI PETROLEUM INVESTMENT HOLDING LTD;;False;True
0001111928;IPG PHOTONICS CORP;IPGP;False;False
0001112064;PROVIDENCE RESOURCES INC;;True;False
0001112372;MEDICAL INTERNATIONAL TECHNOLOGY INC;;True;False
0001112412;ENDEAVOUR INTERNATIONAL CORP;;False;True
0001112551;MERCI INC;;True;False
0001112682;eTELCHARGE.COM;;True;False
0001112706;CANYON COPPER CORP.;;True;False
0001112748;HAZ Holdings Inc;;True;False
0001112920;GLOBALSCAPE INC;;False;True
0001112985;Delta International Oil & Gas Inc.;;True;False
0001113026;PIONEER BANKSHARES INC/VA;;True;False
0001113148;"INFINITY PHARMACEUTICALS, INC.";;False;True
0001113169;PRICE T ROWE GROUP INC;TROW;False;False
0001113232;AXCELIS TECHNOLOGIES INC;ACLS;False;False
0001113256;"MERITOR, INC.";;False;True
0001113313;ARVANA INC;AVNI;True;False
0001113336;CNB FINANCIAL SERVICES INC;;True;False
0001113481;MEDICINES CO /DE;;False;True
0001113513;"MobileSmith, Inc.";;True;False
0001113524;CREATIVE VISTAS INC;;True;False
0001113668;PRINCETON REVIEW INC;;False;True
0001113784;"CardioNet, Inc.";;True;False
0001113809;BUILD-A-BEAR WORKSHOP INC;BBW;False;False
0001114200;AMERICAN MEDICAL SYSTEMS HOLDINGS INC;;False;True
0001114208;"NightCulture, Inc.";;True;False
0001114220;KERYX BIOPHARMACEUTICALS INC;;False;True
0001114274;COL CHINA ONLINE INTERNATIONAL INC;;True;False
0001114483;Integer Holdings Corp;ITGR;False;False
0001114485;CAMPBELL ALTERNATIVE ASSET TRUST;;True;False
0001114605;AMERICAN SCIENTIFIC RESOURCES INC;;True;False
0001114714;KENEXA CORP;;False;True
0001114925;LANTRONIX INC;LTRX;False;False
0001114927;FIRST NORTHERN COMMUNITY BANCORP;FNRN;True;False
0001114936;ALPHARX INC;UMEWF;True;False
0001114995;IMPINJ INC;PI;False;False
0001115055;PINNACLE FINANCIAL PARTNERS INC;;False;False
0001115128;Quotient Technology Inc.;;False;True
0001115222;DUN & BRADSTREET CORP/NW;;True;False
0001115252;CNH CAPITAL RECEIVABLES LLC;;True;False
0001115818;"Camelot Entertainment Group, Inc.";;True;False
0001115836;Belmond Ltd.;;False;True
0001115864;"International Luxury Products, Inc.";;True;False
0001115975;SILVERGRAPH INTERNATIONAL INC;;True;False
0001116112;US FUEL CORP;;True;False
0001116132;"TAPESTRY, INC.";TPR;False;False
0001116137;BRAVO RESOURCE PARTNERS LTD;;True;False
0001116204;SINO ASSURANCE INC.;;True;False
0001116317;XM SATELLITE RADIO INC;;True;False
0001116435;AIRVANA INC;;False;True
0001116463;ORASURE TECHNOLOGIES INC;OSUR;False;False
0001116521;AVAYA INC;;True;False
0001116694;CAPITAL GROWTH SYSTEMS INC /FL/;;True;False
0001116734;UNITED ENERGY CORP /NV/;;True;False
0001116927;GEOPETRO RESOURCES CO;;False;True
0001116942;TTM TECHNOLOGIES INC;TTMI;False;False
0001117045;"Trycera Financial, Inc.";;True;False
0001117057;Planet Green Holdings Corp.;PLAG;False;False
0001117106;NETSUITE INC;;False;True
0001117171;"CBAK Energy Technology, Inc.";CBAT;False;False
0001117228;MASS MEGAWATTS WIND POWER INC;MMMW;True;False
0001117297;"QUINSTREET, INC";QNST;False;False
0001117414;PBSJ CORP /FL/;;True;False
0001117480;CHIMERIX INC;;False;False
0001117733;CAFEPRESS INC.;;False;True
0001118004;BANCPLUS CORP;;True;False
0001118037;SAJAN INC;;False;True
0001118072;SKINOVATION PHARMACEUTICAL INC;;True;False
0001118148;AMERICAN PHYSICIANS CAPITAL INC;;False;True
0001118233;WORLDNET INC OF NEVADA;;True;False
0001118237;MBT FINANCIAL CORP;;False;True
0001118384;ROGERS INTERNATIONAL RAW MATERIALS FUND LP;;True;False
0001118417;"MODEL N, INC.";;False;False
0001118761;COMCAM INTERNATIONAL INC;;True;False
0001118941;ENDWAVE CORP;;False;True
0001118974;"30DC, INC.";;True;False
0001119046;ADVANCED TECHNOLOGIES GROUP LTD;;True;False
0001119190;"HUMBL, INC.";HMBL;True;False
0001119643;NUTRA PHARMA CORP;;True;False
0001119721;Eastern Environment Solutions Corp.;;True;False
0001119807;TRAILBLAZER RESOURCES INC.;;True;False
0001119809;SUNNYSIDE ACRES MOBILE ESTATES;;True;False
0001119897;PCT LTD;;True;False
0001119951;"Huifeng Bio-Pharmaceutical Technology, Inc.";;True;False
0001120096;Sino Clean Energy Inc;;False;True
0001120129;FUELS INC;;True;False
0001120193;"NASDAQ, INC.";NDAQ;False;False
0001120295;IXIA;;False;True
0001120370;"BROADWIND, INC.";BWEN;False;False
0001120427;SONOMA VALLEY BANCORP;;True;False
0001120434;FRIENDLY ENERGY EXPLORATION;;True;False
0001120462;IOWA TELECOMMUNICATIONS SERVICES INC;;False;True
0001120792;nFinanSe Inc.;;True;False
0001120830;"China Natural Gas, Inc.";;False;True
0001120914;PDF SOLUTIONS INC;PDFS;False;False
0001120916;AMERICAN OIL & GAS INC;;False;True
0001120970;Comstock Inc.;LODE;False;False
0001121142;Maxar Technologies Inc.;;False;True
0001121484;"OIL STATES INTERNATIONAL, INC";OIS;False;False
0001121702;"YIELD10 BIOSCIENCE, INC.";;False;False
0001121716;ICON INCOME FUND EIGHT B LP;;True;False
0001121745;ATLAS AMERICA PUBLIC #9 LTD.;;True;False
0001121783;AMERICAN SPECTRUM REALTY INC;;False;True
0001121788;GARMIN LTD;GRMN;False;False
0001121793;"JAGGED PEAK, INC.";;True;False
0001121795;GHST World Inc.;GHST;True;False
0001121901;"GLOBAL EARTH ENERGY, INC.";;True;False
0001122020;PCS EDVENTURES COM INC;PCSV;True;False
0001122051;"XTERA COMMUNICATIONS, INC.";;False;True
0001122063;"FTE Networks, Inc.";;False;True
0001122099;VILLAGEEDOCS INC;;True;False
0001122101;"EPIC ENERGY RESOURCES, INC.";;True;False
0001122108;"GLOBAL FOOD TECHNOLOGIES, INC.";;True;False
0001122130;"THEDIRECTORY.COM, INC.";;True;False
0001122304;AETNA INC /PA/;;False;True
0001122342;ALLIANCE FIBER OPTIC PRODUCTS INC;;False;True
0001122388;ELLIE MAE INC;;False;True
0001122742;"FEARLESS FILMS, INC.";;True;False
0001122887;JAVA DETOUR INC.;;True;False
0001122897;CVENT INC;;True;False
0001122904;"NETGEAR, INC.";NTGR;False;False
0001122976;AVIENT CORP;AVNT;False;False
0001122991;"Unified Signal, Inc.";;True;False
0001122993;BROOKMOUNT EXPLORATIONS INC;BMXI;True;False
0001123270;BANK MUTUAL CORP;;False;True
0001123312;Yasheng Group;;True;False
0001123316;"Crystal Rock Holdings, Inc.";;False;True
0001123360;GLOBAL PAYMENTS INC;GPN;False;False
0001123425;SYNTEC BIOFUEL INC;;True;False
0001123493;China Logistics Group Inc;;True;False
0001123494;HARVARD BIOSCIENCE INC;HBIO;False;False
0001123541;PENSON WORLDWIDE INC;;False;True
0001123596;"BAB, INC.";BABB;True;False
0001123647;ATP OIL & GAS CORP;;False;True
0001123695;IMARX THERAPEUTICS INC;;True;False
0001123735;COMMUNITY FINANCIAL SHARES INC;;True;False
0001123836;DIAMOND DISCOVERIES INTERNATIONAL CORP;;True;False
0001123846;"EXERGETIC ENERGY, INC.";;True;False
0001123852;NORTHERN STATES POWER CO;;True;False
0001123871;ARENA RESOURCES INC;;False;True
0001123979;SENOMYX INC;;False;True
0001124019;360 GLOBAL WINE CO;;True;False
0001124024;FAR EAST ENERGY CORP;;True;False
0001124105;"CATALYST BIOSCIENCES, INC.";GYRE;False;False
0001124127;MINT LEASING INC;;True;False
0001124140;EXACT SCIENCES CORP;EXAS;False;False
0001124198;FLUOR CORP;FLR;False;False
0001124524;"Cryoport, Inc.";CYRX;False;False
0001124608;RESPONSE GENETICS INC;;False;True
0001124610;"VMWARE, INC.";;False;True
0001124676;FIRST CENTURY BANCORP.;;True;False
0001124796;"NLIGHT, INC.";LASR;False;False
0001124804;"ALLSCRIPTS HEALTHCARE SOLUTIONS, INC.";MDRX;False;False
0001124827;UTi WORLDWIDE INC;;False;True
0001124941;BEACON ROOFING SUPPLY INC;;False;False
0001125053;"InterAmerican Gaming, Inc.";;True;False
0001125057;ENCORE ACQUISITION CO;;False;True
0001125259;CARNIVAL PLC;CUKPF;True;False
0001125264;ATEL CAPITAL EQUIPMENT FUND IX LLC;;True;False
0001125280;"Intellicell Biosciences, Inc.";;True;False
0001125345;MACROGENICS INC;MGNX;False;False
0001125376;"ENSIGN GROUP, INC";ENSG;False;False
0001125536;CONVERA Corp;;False;True
0001125699;DAIS Corp;;True;False
0001125903;SHELRON GROUP INC;;True;False
0001125914;OPENTABLE INC;;False;True
0001125920;SHUTTERFLY INC;;False;True
0001126003;ALTERNET SYSTEMS INC;;True;False
0001126115;"LZG INTERNATIONAL, INC.";;True;False
0001126162;Purthanol Resources Ltd;;True;False
0001126216;"NTS, INC.";;False;True
0001126234;"LUMOS PHARMA, INC.";;False;False
0001126294;"GenOn Energy, Inc.";;True;False
0001126302;"METRO ONE DEVELOPMENT, INC";;True;False
0001126328;PRINCIPAL FINANCIAL GROUP INC;PFG;False;False
0001126411;"SURGLINE INTERNATIONAL, INC.";;True;False
0001126533;"Andover Holdings, Inc./FL";;True;False
0001126703;Shoshone Silver/Gold Mining Co;;True;False
0001126741;GSI TECHNOLOGY INC;GSIT;False;False
0001126956;SPIRE INC;SRJN;False;False
0001126961;GRANDSOUTH BANCORPORATION;;True;False
0001126975;"Magellan Midstream Partners, L.P.";;False;True
0001127007;"WATAIRE INTERNATIONAL, INC.";VYRE;True;False
0001127160;CAROLINA BANK HOLDINGS INC;;False;True
0001127242;ADARNA ENERGY Corp;;True;False
0001127245;WELLS REAL ESTATE FUND XIII L P;;True;False
0001127342;GMX RESOURCES INC;;True;False
0001127371;CENTRAL VALLEY COMMUNITY BANCORP;CWBC;False;False
0001127475;"Digital Brand Media & Marketing Group, Inc.";DBMM;True;False
0001127537;Pulmonx Corp;LUNG;False;False
0001127703;PROASSURANCE CORP;PRA;False;False
0001127993;"GALAXY NEXT GENERATION, INC.";;True;False
0001128189;"ProtoKinetix, Inc.";PKTX;True;False
0001128227;"First Federal of Northern Michigan Bancorp, Inc.";;False;True
0001128250;BA Credit Card Trust;;True;False
0001128252;"SIPP International Industries, Inc.";SIPN;True;False
0001128281;"Saker Aviation Services, Inc.";SKAS;True;False
0001128353;ENERTECK CORP;;True;False
0001128361;HOPE BANCORP INC;HOPE;False;False
0001128383;NEVADA CLASSIC THOROUGHBREDS INC;;True;False
0001128495;ANADYS PHARMACEUTICALS INC;;False;True
0001128581;Todays Alternative Energy Corp;;True;False
0001128725;"INTERCLOUD SYSTEMS, INC.";;False;True
0001128928;FLOWERS FOODS INC;FLO;False;False
0001128949;Global Resource CORP;;True;False
0001129018;ARDENT MINES LTD;;True;False
0001129048;"AnythingIT, Inc.";;True;False
0001129068;NISSAN AUTO RECEIVABLES CORP II;;True;False
0001129096;INFITECH VENTURES INC;;True;False
0001129120;E-Debit Global Corp.;;True;False
0001129155;MARINE PRODUCTS CORP;MPX;False;False
0001129260;"VOCERA COMMUNICATIONS, INC.";;False;True
0001129425;ZYMOGENETICS INC;;False;True
0001129542;VECTREN UTILITY HOLDINGS INC;;True;False
0001129623;ODYSSEY HEALTHCARE INC;;False;True
0001129633;PHOENIX COMPANIES INC/DE;;False;True
0001129920;MISSION COMMUNITY BANCORP;;True;False
0001130126;"Kentucky Energy, Inc.";;True;False
0001130128;"CHINA IVY SCHOOL, INC.";;True;False
0001130144;SIERRA BANCORP;BSRR;False;False
0001130166;"Cyclacel Pharmaceuticals, Inc.";BGMSP;False;False
0001130258;ACME PACKET INC;;False;True
0001130310;CENTERPOINT ENERGY INC;CNP;False;False
0001130385;FOSTER WHEELER AG;;False;True
0001130464;BLACK HILLS CORP /SD/;BKH;False;False
0001130591;XENOPORT INC;;False;True
0001130598;"Onconova Therapeutics, Inc.";TRAW;False;False
0001130713;"OVERSTOCK.COM, INC";BBBY-WT;False;False
0001130758;AEI INCOME & GROWTH FUND 24 LLC;;True;False
0001130808;SPIRE TECHNOLOGIES INC.;;True;False
0001130866;HITTITE MICROWAVE CORP;;False;True
0001130888;"Lightyear Network Solutions, Inc.";;True;False
0001130889;CANCER CAPITAL CORP;;True;False
0001131089;"LD HOLDINGS, INC.";;True;False
0001131096;ATHENAHEALTH INC;;False;True
0001131166;"SAHARA MEDIA HOLDINGS, INC.";;True;False
0001131227;HORNBECK OFFSHORE SERVICES INC /LA;;False;True
0001131312;ZION OIL & GAS INC;ZNOGW;False;True
0001131324;GENOMIC HEALTH INC;;False;True
0001131457;ZIPCAR INC;;False;True
0001131543;AMBIT BIOSCIENCES CORP;;False;True
0001131554;SYNCHRONOSS TECHNOLOGIES INC;SNCR;False;False
0001131675;"HASCO Medical, Inc.";;True;False
0001131903;SPECTRAL CAPITAL Corp;FCCN;True;False
0001131907;"MICROMET, INC.";;False;True
0001132105;"SPORTSMAN'S WAREHOUSE HOLDINGS, INC.";SPWH;False;False
0001132143;LEGEND INTERNATIONAL HOLDINGS INC;;True;False
0001132484;NETEZZA CORP;;False;True
0001132509;New Momentum Corp.;NNAX;True;False
0001132651;AMES NATIONAL CORP;ATLO;False;False
0001132887;SEAWRIGHT HOLDINGS INC;;True;False
0001133062;JANEL CORP;JANL;True;False
0001133116;"iGlue, Inc.";ACPS;True;False
0001133260;UNION DRILLING INC;;False;True
0001133266;AMERA LINK INC;;True;False
0001133311;TRAVELZOO;TZOO;False;False
0001133416;GALECTIN THERAPEUTICS INC;GALT;False;False
0001133421;NORTHROP GRUMMAN CORP /DE/;NOC;False;False
0001133438;Capital One Auto Receivables LLC;;True;False
0001133470;CALAVO GROWERS INC;CVGW;False;False
0001133798;"TX Holdings, Inc.";;True;False
0001133818;BIO-PATH HOLDINGS INC;BPTH;False;False
0001133869;"CAPRICOR THERAPEUTICS, INC.";CAPR;False;False
0001133872;ZANETT INC;;False;True
0001133901;Morris Business Development Co;;True;False
0001134016;MIDWEST GENERATION LLC;;True;False
0001134115;INTERNATIONAL TOWER HILL MINES LTD;THM;False;False
0001134203;TALEO CORP;;False;True
0001134765;"Charlie's Holdings, Inc.";CHUC;True;False
0001134982;PREVENTION INSURANCE COM;AAPI;True;False
0001135017;KINDER MORGAN MANAGEMENT LLC;;False;True
0001135152;FMC TECHNOLOGIES INC;;False;True
0001135185;ATLAS AIR WORLDWIDE HOLDINGS INC;;False;True
0001135202;EL CAPITAN PRECIOUS METALS INC;;True;False
0001135263;"ROCKWALL HOLDINGS, INC.";;True;False
0001135361;Illinois Power Generating Co;;True;False
0001135657;"Eco-Stim Energy Solutions, Inc.";;False;True
0001135711;NETLOGIC MICROSYSTEMS INC;;False;True
0001135906;"EPIRUS Biopharmaceuticals, Inc.";;False;True
0001135971;PEPCO HOLDINGS LLC;;False;True
0001136174;"Ontrak, Inc.";OTRKQ;False;True
0001136294;Williams Industrial Services Group Inc.;;False;True
0001136331;"Business Development Solutions, Inc.";;True;False
0001136352;Crestwood Equity Partners LP;;False;True
0001136424;CONSPIRACY ENTERTAINMENT HOLDINGS INC;;True;False
0001136463;FIRST CORP /CN/;;True;False
0001136529;MEWBOURNE ENERGY PARTNERS 01-A LP;;True;False
0001136655;ARBINET Corp;;False;True
0001136711;Mind Solutions Inc.;;True;False
0001136796;CHARTER FINANCIAL CORP/GA;;True;False
0001136868;"Exousia Advanced Materials, Inc.";;True;False
0001136869;"ZIMMER BIOMET HOLDINGS, INC.";ZBH;False;False
0001136893;"Fidelity National Information Services, Inc.";FIS;False;False
0001136933;MEWBOURNE ENERGY PARTNERS 02-A LP;;True;False
0001137005;"CURATIVE BIOSCIENCES, INC.";;True;False
0001137046;SOUTHERN CONNECTICUT BANCORP INC;;False;True
0001137048;ODYSSEY RE HOLDINGS CORP;;True;False
0001137083;"L & L ENERGY, INC.";;False;True
0001137091;"POWER SOLUTIONS INTERNATIONAL, INC.";PSIX;False;False
0001137117;"Immunotech Laboratories, Inc.";;True;False
0001137204;"HIPCRICKET, INC.";;True;False
0001137239;AMERICAS ENERGY Co - AECO;;True;False
0001137411;ROCKWELL COLLINS INC;;False;True
0001137417;"GLOBAL PARI-MUTUEL SERVICES, INC.";;True;False
0001137547;UNITED SECURITY BANCSHARES;UBFO;False;False
0001137774;PRUDENTIAL FINANCIAL INC;PRS;False;False
0001137789;Seagate Technology Holdings plc;STX;False;False
0001137855;Pacific Gold & Royalty Corp.;;True;False
0001137861;WRIGHT MEDICAL GROUP INC;;True;False
0001137883;BRAINSTORM CELL THERAPEUTICS INC.;BCLI;False;False
0001138118;"CBRE GROUP, INC.";CBRE;False;False
0001138169;CYBERLUX CORP;;True;False
0001138258;"GENON MID-ATLANTIC, LLC";;True;False
0001138301;CORPORATE PROPERTY ASSOCIATES 15 INC;;True;False
0001138400;"BIOMIMETIC THERAPEUTICS, INC.";;False;True
0001138412;GENOPTIX INC;;False;True
0001138462;ACIES CORP;;True;False
0001138476;PACIFIC HEALTH CARE ORGANIZATION INC;PFHO;True;False
0001138602;BELPORT CAPITAL FUND LLC;;True;False
0001138608;"BLOOMIOS, INC.";;True;False
0001138639;Infinera Corp;;False;False
0001138682;MERRILL LYNCH DEPOSITOR INC PREFERREDPLUS TRUST SERIES CCR-1;;True;False
0001138723;ACCURAY INC;ARAY;False;False
0001138724;"Global Arena Holding, Inc.";;True;False
0001138776;"Aevi Genomic Medicine, Inc.";;False;True
0001138817;FIRST SECURITY GROUP INC/TN;;False;True
0001138830;AUTHENTEC INC;;False;True
0001138932;"Wentworth Energy, Inc.";;True;False
0001138951;LEAPFROG ENTERPRISES INC;;False;True
0001138978;"Novo Integrated Sciences, Inc.";NVOS;False;False
0001139463;MEDCATH CORP;;False;True
0001139552;WFN CREDIT CO LLC;;True;False
0001139570;"SUBAYE, INC.";;False;True
0001139614;WORDLOGIC CORP;;True;False
0001139812;MB FINANCIAL INC /MD;;False;True
0001139822;AMARU INC;;True;False
0001139950;"Vyteris, Inc.";;True;False
0001140028;"Talon Therapeutics, Inc.";;True;False
0001140096;WORLD FINANCIAL NETWORK CREDIT CARD MASTER TRUST;;True;False
0001140098;"Ocata Therapeutics, Inc.";;False;True
0001140102;"HireQuest, Inc.";HQI;False;False
0001140184;"iPayment, Inc.";;True;False
0001140215;"REED'S, INC.";REED;False;True
0001140303;"MEDICAL CONNECTIONS HOLDINGS, INC.";;True;False
0001140310;"EnSync, Inc.";;False;True
0001140382;"SUNRIDGE INTERNATIONAL, INC.";;True;False
0001140414;"Legend Oil & Gas, Ltd.";;True;False
0001140486;ATHEROS COMMUNICATIONS INC;;False;True
0001140509;TIDEWATER FUTURES FUND LP;;True;False
0001140536;WILLIS TOWERS WATSON PLC;WTW;False;False
0001140586;NEW FRONTIER ENERGY INC;;True;False
0001140657;HUNTINGTON PREFERRED CAPITAL INC;;True;False
0001140761;GENON AMERICAS GENERATION LLC;;True;False
0001140859;"Cencora, Inc.";COR;False;False
0001141103;CROSS COUNTRY HEALTHCARE INC;CCRN;False;False
0001141107;ARRIS GROUP INC;;True;False
0001141197;PEDEVCO CORP;PED;False;False
0001141240;LIQUIDMETAL TECHNOLOGIES INC;LQMT;True;False
0001141263;Li-ion Motors Corp.;;True;False
0001141284;ACTELIS NETWORKS INC;ASNS;False;False
0001141299;MCG CAPITAL CORP;;False;True
0001141390;MS STRUCTURED SATURNS SERIES 2001-4;;True;False
0001141391;Mastercard Inc;MA;False;False
0001141590;PLAYLOGIC ENTERTAINMENT INC;;True;False
0001141615;COMMONWEALTH INCOME & GROWTH FUND IV;;True;False
0001141673;Intelligent Living Inc.;;True;False
0001141688;LANDMARK BANCORP INC;LARK;False;False
0001141719;ALTERRA CAPITAL HOLDINGS Ltd;;False;True
0001141787;GEOCOM RESOURCES INC;;True;False
0001141788;HEALTH DISCOVERY CORP;;True;False
0001141807;1ST CONSTITUTION BANCORP;;False;True
0001141964;PUBLIC CO MANAGEMENT CORP;PCMC;True;False
0001141982;Cooper Industries plc;;False;True
0001142129;First National Energy Corp.;;True;False
0001142380;CALLISTO PHARMACEUTICALS INC;;True;False
0001142406;"CarePayment Technologies, Inc.";;True;False
0001142412;MISSION BROADCASTING INC;;True;False
0001142417;"NEXSTAR MEDIA GROUP, INC.";NXST;False;False
0001142488;"Global Entertainment Holdings, Inc.";;True;False
0001142512;ZIPREALTY INC;;False;True
0001142576;OPTIMER PHARMACEUTICALS INC;;False;True
0001142596;NUVASIVE INC;;False;True
0001142701;UNITED ONLINE INC;;False;True
0001142750;AMN HEALTHCARE SERVICES INC;AMN;False;False
0001142790;"TAURIGA SCIENCES, INC.";;True;False
0001142801;AMANASU ENVIRONMENT CORP;;True;False
0001143068;GREAT PLAINS ENERGY INC;;False;True
0001143155;"Xenith Bankshares, Inc.";;False;True
0001143238;Triton Emission Solutions Inc.;;True;False
0001143513;GLADSTONE CAPITAL CORP;GLAD;False;False
0001143716;MERRILL LYNCH DEPOSITOR INC PREFERREDPLUS TRUST SERIES FRD 1;;True;False
0001143834;FIRST REPUBLIC PREFERRED CAPITAL CORP;;True;False
0001143848;LSB CORP;;False;True
0001143908;ACCENTURE SCA;;True;False
0001143921;"VANTAGESOUTH BANCSHARES, INC.";;True;False
0001144169;"ECO INNOVATION GROUP, INC.";;True;False
0001144215;ACUITY BRANDS INC;AYI;False;False
0001144225;DECISION DIAGNOSTICS CORP;;True;False
0001144320;NEW ENERGY SYSTEMS GROUP;;False;True
0001144326;APPLETON PAPERS INC/WI;;True;False
0001144331;EXPRESSJET HOLDINGS INC;;False;True
0001144347;"INTERLINK-US-NETWORK, LTD.";;True;False
0001144354;HEARTLAND PAYMENT SYSTEMS INC;;False;True
0001144392;MEGOLA INC;BKTH;True;False
0001144476;MS STRUCTURED SATURNS SERIES 2001-6;;True;False
0001144503;BEAR STEARNS DEPOSITOR INC TRUST CERTIFICATE SERIES 2001-2;;True;False
0001144515;AJS BANCORP INC;;True;False
0001144519;BUNGELTD;;True;False
0001144546;"HFactor, Inc.";;True;False
0001144686;WACCAMAW BANKSHARES INC;;False;True
0001144834;KAISER VENTURES LLC;;True;False
0001144879;Applied Digital Corp.;APLD;False;False
0001144945;"PVR PARTNERS, L. P.";;False;True
0001144980;ASBURY AUTOMOTIVE GROUP INC;ABG;False;False
0001145057;"FORESCOUT TECHNOLOGIES, INC";;False;True
0001145197;INSULET CORP;PODD;False;False
0001145238;INSIGHT HEALTH SERVICES HOLDINGS CORP;;True;False
0001145255;HENNESSY ADVISORS INC;HNNAZ;False;False
0001145328;"GeNOsys, Inc.";;True;False
0001145404;CORNERSTONE THERAPEUTICS INC;;False;True
0001145460;ALERE INC.;;False;True
0001145547;GREER BANCSHARES INC;;True;False
0001145604;"NIKA PHARMACEUTICALS, INC";NIKA;True;False
0001145761;"U.S. China Mining Group, Inc.";;True;False
0001145765;GLOBAL MACRO TRUST;;True;False
0001145906;HEREUARE INC;;True;False
0001145986;ASPEN AEROGELS INC;ASPN;False;False
0001156039;"Elevance Health, Inc.";ELV;False;False
0001156041;HOUSTON AMERICAN ENERGY CORP;AGIG;False;False
0001156174;LAKE AREA CORN PROCESSORS LLC;;True;False
0001156293;"International Aerospace Enterprises, Inc.";;True;False
0001156295;SERACARE LIFE SCIENCES INC;;False;True
0001156337;INTERNATIONAL CARD ESTABLISHMENT INC;;True;False
0001156375;CME GROUP INC.;CME;False;False
0001156388;BIG 5 SPORTING GOODS Corp;;False;False
0001156445;WNC HOUSING TAX CREDIT FUND VI LP SERIES 9;;True;False
0001156784;"CarbonMeta Technologies, Inc.";;True;False
0001156815;WNC HOUSING TAX CREDIT FUND VI LP SERIES 10;;True;False
0001156871;INTELSAT S.A.;;True;False
0001156884;AMERICAN FIRST FINANCIAL INC;;True;False
0001157004;"GeoBio Energy, Inc.";;True;False
0001157075;"PharmaCyte Biotech, Inc.";PMCB;False;False
0001157377;ADVISORY BOARD CO;;False;True
0001157408;"Stride, Inc.";LRN;False;False
0001157443;"nCoat, Inc.";;True;False
0001157516;ATLAS AMERICA PUBLIC #10 LTD.;;True;False
0001157522;ICON INCOME FUND NINE LLC;;True;False
0001157601;"MADRIGAL PHARMACEUTICALS, INC.";MDGL;False;False
0001157602;"Vitae Pharmaceuticals, Inc";;False;True
0001157646;MERRILL LYNCH DEPOSITOR INC PREFERREDPLUS TRUST SERIES LMG-1;;True;False
0001157647;"Western New England Bancorp, Inc.";WNEB;False;False
0001157758;"ATC Ventures Group, Inc.";;False;True
0001157762;CHINA AUTOMOTIVE SYSTEMS INC;;False;False
0001157780;OPNEXT INC;;False;True
0001157806;ENCANA CORP;;True;False
0001157817;"SITO MOBILE, LTD.";;False;True
0001157850;"SPRINGFIELD COMPANY, INC.";;True;False
0001157987;MERRILL LYNCH DEPOSITOR INC PREFERREDPLUS TRUST SER CZN 1;;True;False
0001158114;"APPLIED OPTOELECTRONICS, INC.";AAOI;False;False
0001158172;"COMSCORE, INC.";SCOR;False;False
0001158201;LEXICON UNITED INC;;True;False
0001158223;AFFYMAX INC;;False;True
0001158324;"COGENT COMMUNICATIONS HOLDINGS, INC.";CCOI;False;False
0001158387;VISCOUNT SYSTEMS INC;;True;False
0001158419;SPEEDEMISSIONS INC;;True;False
0001158420;Green Giant Inc.;;False;False
0001158449;ADVANCE AUTO PARTS INC;AAP;False;False
0001158463;JETBLUE AIRWAYS CORP;JBLU;False;False
0001158659;PSEG POWER LLC;;True;False
0001158694;EFACTOR GROUP CORP.;;True;False
0001158722;"DIGUANG INTERNATIONAL DEVELOPMENT CO., LTD.";;True;False
0001158780;Pluri Inc.;PLUR;False;False
0001158863;"WAGEWORKS, INC.";;False;True
0001158895;LEMAITRE VASCULAR INC;LMAT;False;False
0001159019;Tribute Pharmaceuticals Canada Inc.;;True;False
0001159036;"HALOZYME THERAPEUTICS, INC.";HALO;False;False
0001159154;REPUBLIC AIRWAYS HOLDINGS INC;;True;False
0001159167;IROBOT CORP;;False;False
0001159275;KIWA BIO-TECH PRODUCTS GROUP CORP;;True;False
0001159281;AlerisLife Inc.;;False;True
0001159297;MEADWESTVACO Corp;;False;False
0001159408;FORD CREDIT FLOORPLAN MASTER OWNER TRUST A;;True;False
0001159427;SOUTHERN COMMUNITY FINANCIAL CORP;;False;True
0001159464;"VAULT AMERICA, INC.";;True;False
0001159999;MERRILL LYNCH DEPOSITOR INC PREFERREDPLUS TRUST SER QWS- 1;;True;False
0001160084;LOCATEPLUS HOLDINGS CORP;;True;False
0001160142;"InterMetro Communications, Inc.";;True;False
0001160164;Biomass Secure Power Inc;;True;False
0001160165;"ShengdaTech, Inc.";;False;True
0001160294;HERBST GAMING INC;;True;False
0001160308;Savara Inc;SVRA;False;False
0001160479;Environmental Infrastructure Holdings Corp;;True;False
0001160661;SOUTHERN POWER CO;;True;False
0001160791;GOLD RESOURCE CORP;GORO;False;False
0001160798;"C2E ENERGY, INC.";;True;False
0001160858;TRUE RELIGION APPAREL INC;;False;True
0001160865;MERRILL LYNCH DEPOSITOR PREFERREDPLUS TRUST SERIES CTR 1;;True;False
0001160945;NOVA STAR INNOVATIONS INC;;True;False
0001160951;"DUCK CREEK TECHNOLOGIES, INC.";;False;True
0001160958;INPHI Corp;;False;True
0001161049;WESTERN PLAINS ENERGY LLC;;True;False
0001161154;"Energy Transfer Operating, L.P.";;False;True
0001161315;YODLEE INC;;False;True
0001161364;MEDIACOM BROADBAND LLC;;True;False
0001161366;MEDIACOM BROADBAND CORP;;True;False
0001161550;"OmniaLuo, Inc.";;True;False
0001161582;"GROWLIFE, INC.";;True;False
0001161706;COMPETITIVE COMPANIES INC;;True;False
0001161728;MGE ENERGY INC;MGEE;False;False
0001161924;"MiddleBrook Pharmaceuticals, Inc.";;False;True
0001161976;"TALEN ENERGY SUPPLY, LLC";;True;False
0001162000;"OneBeacon U.S. Holdings, Inc.";;True;False
0001162112;"RigNet, Inc.";;False;True
0001162194;STANDARD BIOTOOLS INC.;LAB;False;False
0001162245;FPB BANCORP INC;;False;True
0001162283;MORGAN GROUP HOLDING CO;MGHL;True;False
0001162315;AMBASSADORS GROUP INC;;False;True
0001162324;URANERZ ENERGY CORP.;;False;True
0001162387;"CAPITAL ONE FUNDING, LLC";;True;False
0001162461;CUTERA INC;;False;False
0001162556;DOVER DOWNS GAMING & ENTERTAINMENT INC;;False;True
0001162638;CNB BANCORP INC/VA;;True;False
0001162747;"Puda Coal, Inc.";;False;True
0001162816;"NEAH POWER SYSTEMS, INC.";;True;False
0001162862;"Wonder Auto Technology, Inc";;False;True
0001162896;"Creek Road Miners, Inc.";PROP;False;False
0001162898;MERRILL LYNCH DEPOSITOR INC PREFERREDPLUS TRUST SERIES LMG-2;;True;False
0001163003;"MAGNUS INTERNATIONAL RESOURCES, INC.";;True;False
0001163165;CONOCOPHILLIPS;COP;False;False
0001163199;FNB BANCORP/CA/;;False;True
0001163300;MABWE MINERALS INC.;;True;False
0001163302;UNITED STATES STEEL CORP;;False;False
0001163321;CAPITAL ONE MULTI ASSET EXECUTION TRUST;;True;False
0001163332;VERTICAL HEALTH SOLUTIONS INC;;True;False
0001163348;"Allied World Assurance Co Holdings, AG";;False;True
0001163370;NORTHRIM BANCORP INC;NRIM;False;False
0001163389;NEW PEOPLES BANKSHARES INC;NWPP;True;False
0001163406;MERRILL LYNCH DEPOSITOR INC PREFERREDPLUS TRUST SERIES ALL-1;;True;False
0001163519;MERRILL LYNCH DEPOSITOR INC PREFERREDPLUS TRUST SERIES QWS-2;;True;False
0001163573;"ProText Mobility, Inc.";;True;False
0001163609;SOUTH DAKOTA SOYBEAN PROCESSORS LLC;SDSYA;True;False
0001163612;PACIFIC VEGAS GLOBAL STRATEGIES INC;;True;False
0001163668;"SOUTH PLAINS FINANCIAL, INC.";SPFI;False;False
0001163698;SOUNDBITE COMMUNICATIONS INC;;False;True
0001163732;VIRIDAX CORP;;True;False
0001163739;NABORS INDUSTRIES LTD;NBRWF;False;False
0001163932;ACTIVE NETWORK INC;;False;True
0001163958;MEDICAL STAFFING NETWORK HOLDINGS INC;;True;False
0001163966;"GS ENVIROSERVICES, INC.";;True;False
0001164012;CN Dragon Corp;;True;False
0001164191;"AMERICAN DOCTORS ONLINE, INC.";;True;False
0001164246;G REIT Liquidating Trust;;True;False
0001164255;INTERFACE SECURITY SYSTEMS HOLDINGS INC;;True;False
0001164256;"DAYBREAK OIL & GAS, INC.";;True;False
0001164552;"Green Energy Management Services Holdings, Inc.";;True;False
0001164727;NEWMONT Corp /DE/;NEMCL;False;False
0001164863;"ENPRO INDUSTRIES, INC";NPO;False;False
0001164888;"Kyto Technology & Life Science, Inc.";;True;False
0001164964;Global Future City Holding Inc.;;True;False
0001165002;WESTWOOD HOLDINGS GROUP INC;WHG;False;False
0001165006;SOLANEX MANAGEMENT INC;;True;False
0001165231;"PROCERA NETWORKS, INC.";;False;True
0001165320;GB SCIENCES INC;;True;False
0001165336;"NX Global, Inc";;True;False
0001165639;EARTH LIFE SCIENCES INC;;True;False
0001165880;MONTPELIER RE HOLDINGS LTD;;False;True
0001165921;LAW ENFORCEMENT ASSOCIATES CORP;;True;False
0001166003;"XPO, Inc.";XPO;False;False
0001166036;MARKWEST ENERGY PARTNERS L P;;False;True
0001166126;J C PENNEY CO INC;;False;True
0001166220;"LYRIS, INC.";;True;False
0001166291;PINNACLE AIRLINES CORP;;False;True
0001166338;IRELAND INC.;;True;False
0001166365;PAPERWEIGHT DEVELOPMENT CORP;;True;False
0001166380;"QUANTUM FUEL SYSTEMS TECHNOLOGIES WORLDWIDE, INC.";;False;True
0001166388;VERINT SYSTEMS INC;;False;False
0001166389;CHINA AGRITECH INC;;False;True
0001166568;ALION SCIENCE & TECHNOLOGY CORP;;True;False
0001166691;COMCAST CORP;CCZ;False;True
0001166708;"Brownie's Marine Group, Inc";BWMG;True;False
0001166789;LIN TV CORP.;;True;False
0001166802;MS STRUCTURED SATURNS SERIES 2002-4;;True;False
0001166847;DELTA OIL & GAS INC;;True;False
0001166928;WEST BANCORPORATION INC;WTBA;False;False
0001167178;"A123 SYSTEMS, INC.";;False;True
0001167294;MERU NETWORKS INC;;False;True
0001167419;"Riot Platforms, Inc.";RIOT;False;False
0001167609;BRIGHTHOUSE LIFE INSURANCE Co OF NY;;True;False
0001167886;GOLDFIELDS INTERNATIONAL INC;;True;False
0001167887;ARGENTEX MINING CORP;;True;False
0001167888;MS STRUCTURED SATURNS SERIES 2002-3;;True;False
0001167905;"Amincor, Inc.";;True;False
0001168054;CIMAREX ENERGY CO;;False;True
0001168081;Desert Hawk Gold Corp.;;True;False
0001168165;CONSTELLATION ENERGY GENERATION LLC;;True;False
0001168195;SOURCEFIRE INC;;False;True
0001168197;LIPOSCIENCE INC;;False;True
0001168213;AEROPOSTALE INC;;False;True
0001168220;ULURU Inc.;;False;True
0001168325;FONU2 Inc.;;True;False
0001168338;CRUM & FORSTER HOLDINGS CORP;;True;False
0001168455;PLUMAS BANCORP;PLBC;False;False
0001168556;TIENS BIOTECH GROUP USA INC;;False;True
0001168663;AMANASU TECHNO HOLDINGS CORP;;True;False
0001168696;REGAL ENTERTAINMENT GROUP;;False;True
0001168738;ARTFEST INTERNATIONAL INC;;True;False
0001168938;GOLDSANDS DEVELOPMENT CO;;True;False
0001168960;BI-OPTIC VENTURES INC;;True;False
0001168990;"SUPERFUND GREEN, L.P.";;True;False
0001169055;Noble Finance Co;;True;False
0001169083;LEASE EQUITY APPRECIATION FUND I LP;;True;False
0001169245;PhaseBio Pharmaceuticals Inc;;False;True
0001169264;SYNIVERSE HOLDINGS INC;;False;True
0001169354;DAHUA INC;;True;False
0001169356;MERRILL LYNCH DEPOSITOR INC PREFERREDPLUS TRUST SERIES ELP 1;;True;False
0001169424;PACIFIC STATE BANCORP;;False;True
0001169440;BALQON CORP.;;True;False
0001169445;COMPUTER PROGRAMS & SYSTEMS INC;TBRG;False;False
0001169561;COMMVAULT SYSTEMS INC;CVLT;False;False
0001169567;OXFORD TECHNOLOGIES INC;;True;False
0001169652;CHANNELADVISOR CORP;;False;True
0001169749;MORGAN STANLEY SMITH BARNEY CHARTER CAMPBELL LP;;True;False
0001169769;MONARCH COMMUNITY BANCORP INC;;False;True
0001169770;"BANC OF CALIFORNIA, INC.";BANC-PF;False;True
0001169987;"HTG MOLECULAR DIAGNOSTICS, INC";;False;True
0001169988;"BOINGO WIRELESS, INC.";;False;True
0001170010;CARMAX INC;KMX;False;False
0001170024;BEAR STEARNS DEPOSITOR INC TRUST CERTS SER 2002 1;;True;False
0001170154;GASTAR EXPLORATION LTD;;False;True
0001170304;BELROSE CAPITAL FUND LLC;;True;False
0001170380;HSBC PRIVATE LABEL CREDIT CARD MASTER NOTE TRUST (USA) I;;True;False
0001170534;MITEL NETWORKS CORP;;False;True
0001170593;PRIMUS GUARANTY LTD;;False;True
0001170650;MEDCO HEALTH SOLUTIONS INC;;False;True
0001170797;MEWBOURNE ENERGY PARTNERS 03-A LP;;True;False
0001170816;"EAU TECHNOLOGIES, INC.";;True;False
0001170833;COMMUNITY VALLEY BANCORP;;True;False
0001170991;DCT Industrial Trust Inc.;;False;True
0001171008;ADAMANT DRI PROCESSING & MINERALS GROUP;ADMG;True;False
0001171012;Uni-Pixel;;False;True
0001171014;COSI INC;;False;True
0001171032;BAKERS FOOTWEAR GROUP INC;;False;True
0001171040;FIRST NATIONAL FUNDING LLC;;True;False
0001171078;SILVER LEGACY CAPITAL CORP;;True;False
0001171079;CIRCUS & ELDORADO JOINT VENTURE;;True;False
0001171106;LEHMAN ABS CORP KINDER MORGAN DEBEN BACKED SER 2002-6;;True;False
0001171155;"RADIANT LOGISTICS, INC";RLGT;False;False
0001171162;COUNTRY FAIR INC;;True;False
0001171298;SOLTA MEDICAL INC;;False;True
0001171326;ENTREPRENEUR UNIVERSE BRIGHT GROUP;EUBG;True;False
0001171357;"United eSystems, Inc.";;True;False
0001171486;NATURAL RESOURCE PARTNERS LP;NRP;False;False
0001171500;PLATINUM UNDERWRITERS HOLDINGS LTD;;False;True
0001171529;TECHWELL INC;;False;True
0001171662;TRIPLE-S MANAGEMENT CORP;;False;True
0001171689;ASIA GLOBAL HOLDINGS CORP.;;True;False
0001171759;RED ROBIN GOURMET BURGERS INC;RRGB;False;False
0001171825;CIT GROUP INC;;False;True
0001171838;"Sundance Strategies, Inc.";SUND;True;False
0001172052;SAFETY INSURANCE GROUP INC;SAFT;False;False
0001172069;"P2 Solar, Inc.";PTOS;True;False
0001172097;JACKSONVILLE BANCORP INC;;True;False
0001172102;FIRST RELIANCE BANCSHARES INC;;True;False
0001172136;US GEOTHERMAL INC;;False;True
0001172139;BILL BARRETT CORP;;True;False
0001172178;LIBERTY STAR URANIUM & METALS CORP.;LBSR;True;False
0001172203;SYNIVERSE TECHNOLOGIES INC;;True;False
0001172222;HAWAIIAN HOLDINGS INC;;False;False
0001172229;BOTETOURT BANKSHARES INC;;True;False
0001172298;Petro River Oil Corp.;;True;False
0001172318;Asia Interactive Media Inc.;;True;False
0001172319;Home System Group;;True;False
0001172353;CENTRAL JERSEY BANCORP;;False;True
0001172358;"DORCHESTER MINERALS, L.P.";DMLP;False;False
0001172480;SANTARUS INC;;False;True
0001172631;"Sunworks, Inc.";;False;False
0001172635;New Media Lottery Services Inc;;True;False
0001172706;"UNIROYAL GLOBAL ENGINEERED PRODUCTS, INC.";;True;False
0001172852;VCG HOLDING CORP;;False;True
0001172857;PFGI CAPITAL CORP;;True;False
0001173204;Cineverse Corp.;CNVS;False;False
0001173281;"NeuBase Therapeutics, Inc.";;False;False
0001173284;JACOBS ENTERTAINMENT INC;;True;False
0001173313;"ABVC BIOPHARMA, INC.";ABVC;False;False
0001173394;Hedge Fund Managers (Diversified) LLC;;True;False
0001173420;NOVAGOLD RESOURCES INC;NG;False;False
0001173431;TD AMERITRADE HOLDING CORP;;False;True
0001173489;CEVA INC;CEVA;False;False
0001173514;"HYSTER-YALE MATERIALS HANDLING, INC.";HY;False;False
0001173738;CDEX INC;;True;False
0001173752;"ARUBA NETWORKS, INC.";;False;True
0001173784;"CHINA HEALTH RESOURCE, INC.";;True;False
0001173911;ENBRIDGE ENERGY MANAGEMENT L L C;;False;True
0001174266;ENVIVIO INC;;False;True
0001174290;"2-Track Global, Inc.";;True;False
0001174527;CITADEL BROADCASTING CORP;;True;False
0001174559;LEHMAN ABS CORP NEWS AMERICA DEBENTURE BK SE 2002-9 CL A-1;;True;False
0001174672;"Boston Carriers, Inc.";;True;False
0001174741;CHINA PROPERTIES DEVELOPMENTS INC;;True;False
0001174746;INTERCONTINENTALEXCHANGE INC;;True;False
0001174814;SKY RESORT INTERNATIONAL Ltd;;True;False
0001174820;CENTER FINANCIAL CORP;;False;True
0001174821;CHASE ISSUANCE TRUST;;True;False
0001174850;NICOLET BANKSHARES INC;NIC;False;False
0001174872;MIDCAROLINA FINANCIAL CORP;;True;False
0001174891;"CalEthos, Inc.";GEDC;True;False
0001174907;"Black Sea Metals, Inc.";;True;False
0001174922;WYNN RESORTS LTD;WYNN;False;False
0001174923;LEHMAN ABS CORP CORP BACK TR AIG DEBENTURE BCK SER 2002 10;;True;False
0001174940;ORAGENICS INC;OGEN;False;False
0001175028;ATLAS AMERICA PUBLIC #11-2002 LTD.;;True;False
0001175029;NORTH STATE BANCORP;;True;False
0001175108;ROTECH HEALTHCARE INC;;True;False
0001175151;Cytosorbents Corp;CTSO;False;False
0001175209;MS STRUCTURED SATURNS SERIES 2002-7;;True;False
0001175215;CELLCO PARTNERSHIP;;True;False
0001175416;STERLING GROUP VENTURES INC;;True;False
0001175442;EZTD Inc;;True;False
0001175445;"Hawk Systems, Inc.";;True;False
0001175454;FLEETCOR TECHNOLOGIES INC;CPAY;False;False
0001175483;Drive Shack Inc.;;False;True
0001175501;ASSURANCE GROUP INC.;;True;False
0001175505;"FIVE PRIME THERAPEUTICS, INC.";;False;True
0001175535;Whitestone REIT;WSR;False;False
0001175609;"CAVIUM, INC.";;False;True
0001175680;CytoDyn Inc.;CYDY;True;False
0001175757;"DIVERSEY, INC.";;True;False
0001175834;LEHMAN ABS CORP MOTOROLA DEBENTURE BACKED SERIES 2002 12;;True;False
0001176231;"SHAKA SHOES, INC.";;True;False
0001176236;KRONOS INTERNATIONAL INC;;True;False
0001176309;ORAMED PHARMACEUTICALS INC.;ORMP;False;False
0001176316;ACCESS NATIONAL CORP;;False;True
0001176325;Skinny Nutritional Corp.;;True;False
0001176334;MARTIN MIDSTREAM PARTNERS L.P.;MMLP;False;False
0001176337;RIVAL TECHNOLOGIES INC;;True;False
0001176373;TIER REIT INC;;False;True
0001176948;Ares Management Corp;ARES-PB;False;False
0001177070;MOUNTAIN NATIONAL BANCSHARES INC;;True;False
0001177135;ST JOSEPH INC;;True;False
0001177274;Rodobo International Inc;;True;False
0001177314;NORTHERN GROWERS LLC;;True;False
0001177394;TD SYNNEX CORP;SNX;False;False
0001177609;"FIVE BELOW, INC";FIVE;False;False
0001177648;ENANTA PHARMACEUTICALS INC;ENTA;False;False
0001177702;SAIA INC;SAIA;False;False
0001177845;XPLORE TECHNOLOGIES CORP;;False;True
0001177918;LEHMAN ABS CORP CORPORATE BACKED TRUST CERTS 2002-14;;True;False
0001178049;USAA ACCEPTANCE LLC;;True;False
0001178104;DEXTERA SURGICAL INC;;False;True
0001178132;NNN 2002 VALUE FUND LLC;;True;False
0001178253;SCYNEXIS INC;SCYX;False;False
0001178336;Hoku Corp;;False;True
0001178377;EMARINE GLOBAL INC.;;True;False
0001178405;MERRILL LYNCH DEPOSITOR INC PREFERREDPLUS TRUST SERIES VER-1;;True;False
0001178409;TIDELANDS BANCSHARES INC;;False;True
0001178552;"BODISEN BIOTECH, INC";;True;False
0001178575;K-SEA TRANSPORTATION PARTNERS LP;;False;True
0001178670;"ALNYLAM PHARMACEUTICALS, INC.";ALNY;False;False
0001178672;STRATECO RESOURCES INC;;True;False
0001178697;SONIM TECHNOLOGIES INC;SONM;False;False
0001178711;"Paratek Pharmaceuticals, Inc.";;False;True
0001178727;COMSovereign Holding Corp.;;False;False
0001178862;"BERKSHIRE INCOME REALTY, INC.";;True;False
0001178879;"AMICUS THERAPEUTICS, INC.";FOLD;False;False
0001178916;LEHMAN ABS CORP CORPORATE BACKED TRUST CERTS 2002-16;;True;False
0001178970;PROVIDENT FINANCIAL SERVICES INC;PFS;False;False
0001179060;"EnLink Midstream Partners, LP";;False;True
0001179090;"Bonds.com Group, Inc.";;True;False
0001179351;Behringer Harvard Short-Term Liquidating Trust;;True;False
0001179352;Behringer Harvard Mid-Term Value Enhancement Liquidating Trust;;True;False
0001179484;COMDISCO HOLDING CO INC;;True;False
0001179500;COMMUNITY FIRST INC;;True;False
0001179755;ENDURANCE SPECIALTY HOLDINGS LTD;;False;True
0001179929;"MOLINA HEALTHCARE, INC.";MOH;False;False
0001180079;SILVER SPRING NETWORKS INC;;False;True
0001180145;Cardiovascular Systems Inc;;False;True
0001180262;HERBALIFE NUTRITION LTD.;HLF;False;False
0001180571;CEF EQUIPMENT HOLDING LLC;;True;False
0001180638;WYNN LAS VEGAS LLC;;True;False
0001180743;"CERAGENIX PHARMACEUTICALS, INC.";;True;False
0001181001;ALLIANCE BANKSHARES CORP;;False;True
0001181749;"Granite Falls Energy, LLC";;True;False
0001182011;FORCE FUELS INC.;;True;False
0001182129;AUXILIUM PHARMACEUTICALS INC;;False;True
0001182325;TANGOE INC;;False;True
0001182534;"VOLKSWAGEN AUTO LEASE/LOAN UNDERWRITTEN FUNDING, LLC";;True;False
0001182731;ConneXionONE Corp.;;True;False
0001182737;DAKOTA TERRITORY RESOURCE CORP;;True;False
0001183082;GENESIS FINANCIAL INC;;True;False
0001183186;NATIONAL FINANCIAL PARTNERS CORP;;False;True
0001183276;"SKY PETROLEUM, INC.";;True;False
0001183765;"Molecular Templates, Inc.";;False;False
0001183941;ACTIVIDENTITY CORP;;False;True
0001185198;AEI INCOME & GROWTH FUND 25 LLC;;True;False
0001185348;PRA GROUP INC;PRAA;False;False
0001186258;ATEL CAPITAL EQUIPMENT FUND X LLC;;True;False
0001186362;EXOPACK HOLDING CORP;;True;False
0001187449;CNK Global Inc.;;True;False
0001187953;"CREATIVE MEDICAL TECHNOLOGY HOLDINGS, INC.";CELZ;False;False
0001188382;WACHOVIA PREFERRED FUNDING CORP;;True;False
0001189396;SOMERSET HILLS BANCORP;;False;True
0001190370;INNOVATIVE DESIGNS INC;IVDN;True;False
0001191334;CHUN CAN CAPITAL GROUP;;True;False
0001191354;"Paradigm Oil & Gas, Inc.";;True;False
0001191357;Molecular Pharmacology (USA) Ltd.;;True;False
0001191359;ARKANOVA ENERGY CORP.;;True;False
0001191857;MOD PAC CORP;;False;True
0001192069;"PPJ ENTERPRISE, INC.";;True;False
0001192305;LECG CORP;;False;True
0001192448;GLAUKOS Corp;GKOS;False;False
0001192494;ANTICUS INTERNATIONAL CORP;;True;False
0001193311;ONCOR ELECTRIC DELIVERY CO LLC;;True;False
0001195116;"Arno Therapeutics, Inc";;True;False
0001195542;MERRILL LYNCH DEPOSITOR INC PREFERREDPLUS TRUST SERIES UPC 1;;True;False
0001195734;POTBELLY CORP;;False;False
0001195933;INFINITY PROPERTY & CASUALTY CORP;;False;True
0001196298;NEPHROS INC;NEPH;False;False
0001196501;HMS HOLDINGS CORP;;False;True
0001196707;MERRILL LYNCH DEPOSITOR INC PREFERREDPLUS TRUST SERIES FAR-1;;True;False
0001198415;"Altegris Winton Futures Fund, L.P.";;True;False
0001200375;"CODEXIS, INC.";CDXS;False;False
0001200408;LEHMAN ABS CORP CORP BACKED TRUST CERTS SER 02 17 CLASS A1;;True;False
0001200528;Lyynks Inc.;;True;False
0001201135;CREDIT ONE FINANCIAL INC;;True;False
0001201478;MERRILL LYNCH DEPOSITOR INC PREFERREDPLUS TRUST SERIES GEC 1;;True;False
0001201663;AUDIENCE INC;;False;True
0001201792;AMERICAN PUBLIC EDUCATION INC;APEI;False;False
0001202157;BROOKFIELD HOMES CORP;;True;False
0001202273;GOLFSMITH INTERNATIONAL HOLDINGS INC;;False;True
0001202500;BRISTOL MYERS SQUIBB DEBENTURE BACKED SERIES 2002-18;;True;False
0001203900;CHINA EDUCATION ALLIANCE INC.;;False;True
0001203957;BIONOVO INC;;False;True
0001204560;"MPG Office Trust, Inc.";;False;True
0001205181;"Grapefruit USA, Inc";;True;False
0001205332;"Crown City Pictures, INC.";;True;False
0001205727;"CBEYOND, INC.";;False;True
0001205922;"VACCINEX, INC.";VCNX;False;False
0001206133;"Seaniemac International, Ltd.";;True;False
0001206264;"TEMPUR SEALY INTERNATIONAL, INC.";SGI;False;False
0001206401;WELLS REAL ESTATE FUND XIV LP;;True;False
0001206942;GOLDEN GRAIN ENERGY;;True;False
0001207074;VIRTUSA CORP;;False;True
0001208208;"DIGITALGLOBE, INC.";;False;True
0001208261;IMMUNE PHARMACEUTICALS INC;;False;True
0001208790;"China Energy Recovery, Inc.";;True;False
0001209028;Arlington Asset Investment Corp.;;False;True
0001209709;CERES TACTICAL SYSTEMATIC L.P.;;True;False
0001209821;CROSSTEX ENERGY INC;;False;True
0001210227;BNC BANCORP;;False;True
0001210294;CRAILAR TECHNOLOGIES INC;;True;False
0001210536;"GAZOO ENERGY GROUP, INC.";;True;False
0001210618;"SPI Energy Co., Ltd.";;False;True
0001210677;FIRST ADVANTAGE CORP;FA;False;False
0001210708;"Hudson Global, Inc.";STRRP;False;False
0001211211;Median Group Inc;;True;False
0001211351;"RTW Retailwinds, Inc.";;False;True
0001211524;ALLIED RESOURCES INC;;True;False
0001211526;MAYFAIR MINING & MINERALS INC;;True;False
0001211583;FENNEC PHARMACEUTICALS INC.;FENC;False;False
0001211731;STRUCTURED PRODUCTS CORP CORTS TRUST FOR GE CAP CORP;;True;False
0001211759;CONNECTURE INC;;False;True
0001211805;"My Size, Inc.";MYSZ;False;False
0001212458;PROOFPOINT INC;;False;True
0001212545;WESTERN ALLIANCE BANCORPORATION;WAL-PA;False;False
0001212641;BRINX RESOURCES LTD;;True;False
0001213037;"Cardiff Oncology, Inc.";CRDF;False;False
0001213106;Jetblack Corp;;True;False
0001213336;RBS GLOBAL INC;;True;False
0001213660;BIMI International Medical Inc.;;False;False
0001213662;ALLEGHENY BANCSHARES INC;;True;False
0001213788;Chaolei Marketing & Finance Co.;;True;False
0001213809;DYADIC INTERNATIONAL INC;DYAI;False;False
0001214605;"BONANZA OIL & GAS, INC.";;True;False
0001214816;AXIS CAPITAL HOLDINGS LTD;AXS-PE;False;False
0001216596;NORTEK INC;;False;True
0001216752;PIONEER FINANCIAL SERVICES INC;;True;False
0001216774;SUPERIOR OIL & GAS CO;;True;False
0001217013;LEHMAN ABS CORP DUKE CAPITAL NOTE BACKED SERIES 2003-3;;True;False
0001217027;STELLAR RESOURCES LTD;;True;False
0001217035;MERRILL LYNCH DEPOSITOR INC PPLUS TRUST SERIES VAL 1;;True;False
0001217234;"CareDx, Inc.";CDNA;False;False
0001218683;Mawson Infrastructure Group Inc.;MIGI;False;False
0001219088;LEHMAN ABS CORP HSBC DEBENTURE BACKED SERIES 2003-4;;True;False
0001219097;"Enable Holdings, Inc.";;True;False
0001219122;MERRILL LYNCH DEPOSITOR INC PPLUS TRUST SERIES GSG 1;;True;False
0001219210;"IKANOS COMMUNICATIONS, INC.";;False;True
0001219601;CROWN HOLDINGS INC;CCK;False;False
0001220379;Noble Innovations Inc;;True;False
0001220606;ICON INCOME FUND TEN LLC;;True;False
0001220700;STRUCTURED PRODUCTS CORP CORTS TRUST IV FOR AON CAPITAL A;;True;False
0001220754;ModivCare Inc;;False;False
0001221354;MARCO COMMUNITY BANCORP INC;;True;False
0001221483;CAPITALSOUTH PARTNERS FUND II LP;;True;False
0001221548;BEESTON ENTERPRISES LTD;;True;False
0001221554;3Power Energy Group Inc.;;True;False
0001221684;CORTS TRUST FOR THE DOW CHEMICAL CO DEBENTURES;;True;False
0001221749;"RegenoCELL Therapeutics, Inc.";;True;False
0001221757;MERRILL LYNCH DEPOSITOR INC PPLUS TRUST SERIES FMC-1;;True;False
0001222218;"MOPALS.COM, INC.";;True;False
0001222244;ProUroCare Medical Inc.;;True;False
0001222333;SPDR GOLD TRUST;GLD;True;False
0001222497;MAINE & MARITIMES CORP;;False;True
0001222521;CORTS TRUST II FOR FORD NOTES;;True;False
0001222584;LEHMAN ABS CORP FORD MOTOR CO NOTE BACKED SER 2003-6;;True;False
0001222792;"VIBE RECORDS, INC. NEVADA";;True;False
0001222840;"RETAIL PROPERTIES OF AMERICA, INC.";;False;True
0001222915;JEFFERSON BANCSHARES INC;;False;True
0001223037;STAR GAS FINANCE CO;;True;False
0001223112;ADA-ES INC;;True;False
0001223389;CONNS INC;;False;False
0001223444;STRUCTURED OBLIGATIONS CORP SELECT NOTES TRUST LT SER 2003-1;;True;False
0001223533;"Frelii, Inc.";;True;False
0001223550;BEKEM METALS INC;;True;False
0001223659;LEHMAN ABS CORP BOEING NOTE BACKED SERIES 2003 7;;True;False
0001223786;"NuStar GP Holdings, LLC";;False;True
0001223862;INFOBLOX INC;;False;True
0001224006;"HITOR GROUP, INC.";;True;False
0001224133;MARCHEX INC;MCHX;False;False
0001224157;WACHOVIA ASSET SECURITIZATION INC AST BACK NTS SER 2003-HE1;;True;False
0001224370;"MINDSPEED TECHNOLOGIES, INC";;False;True
0001224608;"CNO Financial Group, Inc.";CNO-PA;False;False
0001224950;PDC 2002 B LTD PARTNERSHIP;;True;False
0001224951;PDC 2002 C LTD PARTNERSHIP;;True;False
0001224952;PDC 2002 D LTD PARTNERSHIP;;True;False
0001225307;IBM CREDIT LLC;;True;False
0001225874;VSB BANCORP INC;;False;True
0001226006;RFS HOLDING LLC;;True;False
0001226308;"DTS, INC.";;False;True
0001226616;MEDICINOVA INC;MNOV;False;False
0001227025;NEOPHOTONICS CORP;;False;True
0001227090;STRUCTURED OBLIGATIONS CORP SELECT NOTES TRUST LT SER 2003-2;;True;False
0001227265;CERES ORION L.P.;;True;False
0001227268;Managed Futures Premier Energy Fund L.P. II;;True;False
0001227500;EQUITY BANCSHARES INC;EQBK;False;False
0001227636;"Neuronetics, Inc.";STIM;False;False
0001227654;COMPASS MINERALS INTERNATIONAL INC;CMP;False;False
0001227930;ENTROPIC COMMUNICATIONS INC;;False;True
0001228386;TRANSATLANTIC CAPITAL INC.;;True;False
0001228454;BCB BANCORP INC;BCBP;False;False
0001228627;"Ocuphire Pharma, Inc.";IRD;False;False
0001229089;"Bering Exploration, Inc.";;True;False
0001229146;SURREY BANCORP;;True;False
0001229195;"HORNE INTERNATIONAL, INC.";;True;False
0001230058;KAANAPALI LAND LLC;KANP;True;False
0001230245;PIPER SANDLER COMPANIES;PIPR;False;False
0001230276;"Pandora Media, Inc.";;False;True
0001230355;"BAXANO SURGICAL, INC.";;False;True
0001230524;Cyber Apps World;LEEN;True;False
0001230634;VESTIN FUND III LLC;;True;False
0001231339;"Astra Energy, Inc.";ASRE;True;False
0001231457;GENELUX CORP;GNLX;False;False
0001232241;JOURNAL COMMUNICATIONS INC;;False;True
0001232524;Jazz Pharmaceuticals plc;JAZZ;False;False
0001232582;ASHFORD HOSPITALITY TRUST INC;AHT-PI;False;False
0001233275;NEXCORE HEALTHCARE CAPITAL CORP;;True;False
0001234006;GLADSTONE COMMERCIAL CORP;GOODO;False;False
0001234307;DIRECTV FINANCING CO INC;;True;False
0001234308;DIRECTV HOLDINGS LLC;;True;False
0001234383;BANK HOLDINGS;;True;False
0001235007;ENDOCYTE INC;;False;True
0001235010;MOMENTA PHARMACEUTICALS INC;;False;True
0001235091;PSB GROUP INC;;True;False
0001235096;"LEGACY TECHNOLOGY HOLDINGS, INC.";;True;False
0001235468;LIQUIDITY SERVICES INC;LQDT;False;False
0001235662;PENINSULA GAMING CORP.;;True;False
0001235912;"CVRx, Inc.";CVRX;False;False
0001236275;"SilverSun Technologies, Inc.";QXO-PB;False;False
0001236424;NISSAN MASTER OWNER TRUST RECEIVABLES;;True;False
0001236997;COUNTERPATH CORP;;False;True
0001237746;"Endurance International Group Holdings, Inc.";;False;True
0001237831;GLOBUS MEDICAL INC;GMED;False;False
0001238289;ATLAS AMERICA PUBLIC #12-2003 Limited Partnership;;True;False
0001239188;GENERAL STEEL HOLDINGS INC;;False;True
0001239819;LUNA INNOVATIONS INC;;False;False
0001240093;"Patient Portal Technologies, Inc.";;True;False
0001240581;CLIFTON SAVINGS BANCORP INC;;True;False
0001241199;CAPITALSOURCE INC;;False;True
0001242047;M WISE INC;;True;False
0001242513;Computer Graphics International Inc.;;True;False
0001243496;FLATBUSH FEDERAL BANCORP INC;;True;False
0001243703;LEHMAN ABS CORP CNA FINANCIAL DEBENTURE BACK SER 03 10;;True;False
0001243741;PROSPERO GROUP;;True;False
0001244827;NISSAN-INFINITI LT;;True;False
0001244832;NISSAN AUTO LEASING LLC II;;True;False
0001244937;ENERNOC INC;;False;True
0001245104;GLOBEIMMUNE INC;;False;True
0001245791;"GI DYNAMICS, INC.";;True;False
0001245841;"Wild Craze, Inc.";;True;False
0001248124;CHEVIOT FINANCIAL CORP;;True;False
0001249204;WACHOVIA ASSET SECURITIZATION INC 2003-HE2 TRUST;;True;False
0001250873;CORPORATE PROPERTY ASSOCIATES 16 GLOBAL INC;;True;False
0001250897;ESSENTIAL INNOVATIONS TECHNOLOGY CORP;;True;False
0001251769;"Apollo Endosurgery, Inc.";;False;True
0001252849;"COLUMBIA PROPERTY TRUST, INC.";;False;True
0001253176;VAPOTHERM INC;;False;True
0001253317;OLD LINE BANCSHARES INC;;False;True
0001253328;WNC HOUSING TAX CREDIT FUND VI LP SERIES 11;;True;False
0001253329;WNC HOUSING TAX CREDIT FUND VI LP SERIES 12;;True;False
0001253347;COMMONWEALTH INCOME & GROWTH FUND V;;True;False
0001253557;Premier Beverage Group Corp;;True;False
0001253689;GLYCOMIMETICS INC;CBIO;False;False
0001253710;"CANO PETROLEUM, INC";;False;True
0001253955;COMPELLENT TECHNOLOGIES INC;;False;True
0001253986;ARBOR REALTY TRUST INC;ABR-PF;False;False
0001254371;"Debut Broadcasting Corporation, Inc.";;True;False
0001254419;MEDASSETS INC;;False;True
0001254595;FIRST POTOMAC REALTY TRUST;;False;True
0001254699;QVC INC;QVCC;True;False
0001255474;WHITING PETROLEUM CORP;;False;True
0001255604;STRUCTURED OBLIGATIONS CORP LONG TERM CERT SER 2003 3;;True;False
0001255895;ARCH WESTERN RESOURCES LLC;;True;False
0001256069;SIGNATURE OFFICE REIT INC;;True;False
0001256142;LEHMAN ABS CORP KRAFT FOODS NOTE BACKED SERIES 2003-11;;True;False
0001256359;MERRILL LYNCH DEPOSITOR INC PPLUS TRUST SERIES GSG-2;;True;False
0001256540;EAST COAST DIVERSIFIED CORP;;True;False
0001257499;AMERICAN SURGICAL HOLDINGS INC;;True;False
0001257640;KRONOS WORLDWIDE INC;KRO;False;False
0001258541;LEHMAN ABS CORP GOLDMAN SACHS NOTE-BK SER 2003-12;;True;False
0001258602;NELNET INC;NNI;False;False
0001258831;FREDERICK COUNTY BANCORP INC;;True;False
0001259045;BIG HEART PET BRANDS;;False;True
0001259429;Oxford Square Capital Corp.;OXSQG;False;False
0001259515;CONTROL4 CORP;;False;True
0001259550;LOCAL Corp;;False;True
0001260125;HYUNDAI ABS FUNDING LLC;;True;False
0001260221;TransDigm Group INC;TDG;False;False
0001260349;SOUTHERN STAR CENTRAL CORP;;True;False
0001260395;PPLUS TRUST SERIES CSF-1;;True;False
0001260429;NNN 2003 VALUE FUND LLC;;True;False
0001260625;"CHINA SECURITY & SURVEILLANCE TECHNOLOGY, INC.";;False;True
0001260828;CENTRAL ENERGY PARTNERS LP;;True;False
0001260968;MARLIN BUSINESS SERVICES CORP;;False;True
0001260990;"Oncternal Therapeutics, Inc.";;False;False
0001260996;AMERICAN DEFENSE SYSTEMS INC;;False;True
0001261159;CNL LIFESTYLE PROPERTIES INC;;True;False
0001261204;OBN HOLDINGS INC;;True;False
0001261249;AGILE THERAPEUTICS INC;;False;False
0001261302;ROCKWOOD SPECIALTIES GROUP INC;;True;False
0001261333;"DOCUSIGN, INC.";DOCU;False;False
0001261379;Frontier Funds;;True;False
0001261436;SUMMIT FINANCIAL SERVICES GROUP INC;;True;False
0001261487;SUNERGY INC;;True;False
0001261654;UNIVERSAL TECHNICAL INSTITUTE INC;UTI;False;False
0001261694;TESSERA TECHNOLOGIES INC;;True;False
0001261734;"AEOLUS PHARMACEUTICALS, INC.";;True;False
0001261888;CHINACAST EDUCATION CORP;;False;True
0001262039;"Fortinet, Inc.";FTNT;False;False
0001262104;"MEI Pharma, Inc.";LITS;False;False
0001262159;China New Energy Group CO;;True;False
0001262200;DAYSTAR TECHNOLOGIES INC;;False;True
0001262279;FIRST MARBLEHEAD CORP;;False;True
0001262449;UCDP FINANCE INC;;True;False
0001262450;UNIVERSAL CITY DEVELOPMENT PARTNERS LTD;;True;False
0001262751;GRYPHON GOLD CORP;;True;False
0001262768;"DIVERSEY HOLDINGS, INC.";;True;False
0001262823;WESTLAKE CORP;WLK;False;False
0001262959;HINES REAL ESTATE INVESTMENT TRUST INC;;True;False
0001262976;CIMPRESS plc;CMPR;False;False
0001263074;PORTEC RAIL PRODUCTS INC;;False;True
0001263364;Idaho Copper Corp;COPR;True;False
0001263400;CRANE EQUIPMENT & SERVICE INC;;True;False
0001263762;"SELECT BANCORP, INC.";;False;True
0001263813;"UNITED AMERICA INDEMNITY, LTD";;True;False
0001263872;TRANSAKT LTD.;;True;False
0001264157;STRUCTURED OBLIGATIONS CORP LONG TERM CERTS SER 2003-4;;True;False
0001264587;STEMLINE THERAPEUTICS INC;;False;True
0001264707;ASSET ACCEPTANCE CAPITAL CORP;;False;True
0001264755;NEWALLIANCE BANCSHARES INC;;False;True
0001265107;MONITRONICS INTERNATIONAL INC;;True;False
0001265131;Hilltop Holdings Inc.;HTH;False;False
0001265521;HEALTHMED SERVICES LTD;PMHS;True;False
0001265572;KONA GRILL INC;;False;True
0001265840;AMERICAS WIND ENERGY CORP;;True;False
0001265848;US VR Global.com Inc.;;True;False
0001265888;NEUSTAR INC;;False;True
0001266719;"Harbin Electric, Inc";;False;True
0001266806;"Vivani Medical, Inc.";VANI;False;False
0001266832;LEHMAN ABS CORP BACKED TRUST CERTS SER 2001-8;;True;False
0001266845;LEHMAN ABS CORP BACKED TR CERT FED EX CRP NT BCK SE 2001-37;;True;False
0001267023;LBI MEDIA HOLDINGS INC;;True;False
0001267097;TRW AUTOMOTIVE HOLDINGS CORP;;False;True
0001267130;CABELAS INC;;False;True
0001267201;"SeaBright Holdings, Inc.";;False;True
0001267238;"ASSURANT, INC.";AIZN;False;False
0001267332;MERRILL LYNCH DEPOSITOR INC INDEXPLUS TRUST SERIES 2003-1;IPB;True;False
0001267391;Modern City Entertainment Inc.;;True;False
0001267395;ASPEN INSURANCE HOLDINGS LTD;AHL-PF;False;True
0001267425;BF Garden Tax Credit Fund V L.P.;;True;False
0001267426;BCTC V ASSIGNOR CORP;;True;False
0001267565;"COLLEGIUM PHARMACEUTICAL, INC";COLL;False;False
0001267602;ALIMERA SCIENCES INC;;False;False
0001267612;GUOZI ZHONGYU CAPITAL HOLDINGS;;True;False
0001267746;LEHMAN ABS CORP BACKED TRUST CERTS SER 2001-27;;True;False
0001267750;LEHMAN ABS CORP BCKD TR CRTS FRD MOT CO DB BCK SE 2001-36;;True;False
0001267752;LEHMAN ABS CORP BCKD TR CRTS GDYR TR & RUB NT BCK SE 01-34;;True;False
0001267753;LEHMAN ABS CORP BCKD TR CRTS TOYS R US DB BCK SE 01-31;;True;False
0001267813;"MARINUS PHARMACEUTICALS, INC.";;False;False
0001267919;SIGNATURE DEVICES INC;;True;False
0001268236;"New Generation Biofuels Holdings, Inc";;False;True
0001268238;"Rebornne (USA), Inc.";;True;False
0001268290;LEHMAN ABS CORP BOEING SECURITIES BACK SER 2003 16 CLASS A 1;;True;False
0001268305;LEHMAN ABS CORP SPRINT CAPITAL BACK SER 2003 17 CLASS A 1;;True;False
0001268659;"PROLOR Biotech, Inc.";;False;True
0001268671;TNS INC;;False;True
0001268984;REDDY ICE HOLDINGS INC;;False;True
0001269021;PORTOLA PHARMACEUTICALS INC;;False;True
0001269022;ATOMIC PAINTBALL INC;;True;False
0001269026;"Sintx Technologies, Inc.";SINT;False;False
0001269127;GREENSHIFT CORP;;True;False
0001269190;EMERGING CTA PORTFOLIO LP;;True;False
0001269371;STRUCTURED OBLIGATIONS CORP LONG TERM CERTS SER 2003-5;;True;False
0001269871;"PHYSICIANS FORMULA HOLDINGS, INC.";;False;True
0001269879;"Dewmar International BMC, Inc.";;True;False
0001269980;CABCO TRUST FOR J.C. PENNEY DEBENTURES;;True;False
0001270073;"INTERCEPT PHARMACEUTICALS, INC.";;False;True
0001270200;VIASPACE Inc.;;True;False
0001270400;VIRGIN MEDIA INC.;;False;True
0001270426;PDC 2003-A LP;;True;False
0001270427;PDC 2003-B LP;;True;False
0001270428;PDC 2003-C LP;;True;False
0001270430;PDC 2003-D LP;;True;False
0001270436;Cohen & Co Inc.;COHN;False;False
0001270582;LEHMAN ABS CORP AT&T NOTE BACKED SERIES 2003-18;;True;False
0001270985;K-FED BANCORP;;True;False
0001271024;LINKEDIN CORP;;False;True
0001271046;"ENERGY HOLDINGS INTERNATIONAL, INC.";;True;False
0001271057;"CHINA-BIOTICS, INC";;False;True
0001271073;"SafeBrain Systems, Inc.";;True;False
0001271075;"usell.com, Inc.";;True;False
0001271214;"Intersect ENT, Inc.";;False;True
0001271245;FREMONT MICHIGAN INSURACORP INC;;True;False
0001271387;MERRILL LYNCH DEPOSITOR INC PPLUS TRUST SERIES SPR 1;;True;False
0001271551;INNER SYSTEMS INC;;True;False
0001271625;DFC GLOBAL CORP.;;False;True
0001271808;VENTURE LENDING & LEASING IV INC;;True;False
0001271833;CCO HOLDINGS LLC;;True;False
0001271834;CCO HOLDINGS CAPITAL CORP;;True;False
0001271940;"CHINA FIRE & SECURITY GROUP, INC.";;False;True
0001272430;PALADIN REALTY INCOME PROPERTIES INC;;True;False
0001272547;FREESCALE SEMICONDUCTOR INC;;True;False
0001272550;"root9B Holdings, Inc.";;False;True
0001272597;"Foundation Healthcare, Inc.";;False;True
0001272754;"T Bancshares, Inc.";;True;False
0001272830;VONAGE HOLDINGS CORP;;False;True
0001272842;AIRGAIN INC;AIRG;False;False
0001272906;"UCP HOLDINGS, INC.";;True;False
0001273385;Nutrastar International Inc.;;True;False
0001273441;GRAN TIERRA ENERGY INC.;GTE;False;False
0001273507;Wind Works Power Corp.;;True;False
0001273636;APPLIED GENETIC TECHNOLOGIES CORP;;False;True
0001273685;NEW YORK MORTGAGE TRUST INC;ADAMN;False;False
0001273784;NATIONAL BEEF PACKING CO LLC;;True;False
0001273801;NORTHSTAR REALTY FINANCE CORP.;;False;True
0001273813;ASSURED GUARANTY LTD;AGO;False;False
0001273931;MONEYGRAM INTERNATIONAL INC;;False;True
0001273988;FUTUREWORLD CORP.;;True;False
0001274000;LEHMAN ABS CORP PRUDENTIAL FINANCIAL NOTE BACKED SE 2003 20;;True;False
0001274032;"Simply, Inc.";;True;False
0001274055;DESERT CAPITAL REIT INC;;True;False
0001274057;HOSPIRA INC;;False;True
0001274173;JANUS HENDERSON GROUP PLC;JHG;False;False
0001274211;SALAMON GROUP INC;;True;False
0001274365;STRUCTURED PROD CORP CORTS TR II FOR VERIZON GLOB FUND NTS;;True;False
0001274494;"FIRST SOLAR, INC.";FSLR;False;False
0001274563;HELICOS BIOSCIENCES CORP;;False;True
0001274644;"Ocera Therapeutics, Inc.";;False;True
0001274737;EXAGEN INC.;XGN;False;False
0001274792;MERRIMACK PHARMACEUTICALS INC;;False;False
0001274913;"INHIBITEX, INC.";;False;True
0001275014;"Ultra Clean Holdings, Inc.";UCTT;False;False
0001275101;BANK OF THE JAMES FINANCIAL GROUP INC;BOTJ;False;False
0001275158;NOODLES & Co;NDLS;False;False
0001275168;FIVE STAR BANCORP;FSBC;False;False
0001275187;ANGIODYNAMICS INC;ANGO;False;False
0001275229;"General Moly, Inc";;False;True
0001275283;REYNOLDS AMERICAN INC;;False;True
0001275477;"BIMINI CAPITAL MANAGEMENT, INC.";BMNM;True;False
0001275712;"GSE Holding, Inc.";;False;True
0001275791;MediaMind Technologies Inc.;;False;True
0001276187;Energy Transfer LP;ET-PI;False;False
0001276262;FAIRFIELD FUTURES FUND LP II;;True;False
0001276477;MORRIS PUBLISHING GROUP LLC;;True;False
0001276520;GENWORTH FINANCIAL INC;GNW;False;False
0001276531;"SCIENTIFIC ENERGY, INC";SCGY;True;False
0001276591;HANSEN MEDICAL INC;;False;True
0001276887;LEHMAN ABS CORP AT&T NOTE BACKED SERIES 2004 2 CLASS A 1;;True;False
0001277021;VISANT HOLDING CORP;;True;False
0001277092;ZHONGPIN INC.;;False;True
0001277141;"Borderfree, Inc.";;False;True
0001277151;APPLE REIT SIX INC;;True;False
0001277250;"Charge Enterprises, Inc.";;False;False
0001277254;CITIZENS BANCORP OF VIRGINIA INC;;True;False
0001277270;"Telanetix,Inc";;True;False
0001277388;STRATS SM TRUST FOR BOEING SEC SER 2004 1;;True;False
0001277406;"SPIRIT REALTY CAPITAL, INC.";;True;False
0001277576;GLOBAL GREEN SOLUTIONS INC.;;True;False
0001277856;CARDTRONICS INC;;True;False
0001277902;MVB FINANCIAL CORP;MVBF;False;False
0001277998;MANUFACTURED HOUSING PROPERTIES INC.;;True;False
0001278021;MARKETAXESS HOLDINGS INC;MKTX;False;False
0001278027;"B&G Foods, Inc.";BGS;False;False
0001278061;VOUGHT AIRCRAFT INDUSTRIES INC;;True;False
0001278129;"Osteologix, Inc.";;True;False
0001278140;Network Dealer Services Holding Corp.;;True;False
0001278186;STRATS TRUST FOR SPRINT CAP CORP SEC SER 2004 2;;True;False
0001278363;MARKETING WORLDWIDE CORP;;True;False
0001278384;NTS REALTY HOLDINGS LP;;False;True
0001278679;MICHAEL FOODS INC/NEW;;True;False
0001278680;ISHARES GOLD TRUST;IAU;True;False
0001278752;APOLLO INVESTMENT CORP;MFICL;False;False
0001278892;MS STRUCTURED SATURNS SERIES 2004-2;;True;False
0001279172;DUANE READE HOLDINGS INC;;True;False
0001279176;"CPI INTERNATIONAL, INC.";;True;False
0001279228;"ATLAS ENERGY, INC.";;False;True
0001279363;"WELLCARE HEALTH PLANS, INC.";;False;True
0001279620;"Zoned Properties, Inc.";ZDPY;True;False
0001279639;MS STRUCTURED SATURNS SERIES 2004-1;;True;False
0001279642;MS STRUCTURED SATURNS SERIES 2003-11;;True;False
0001279651;MS STRUCTURED SATURNS SERIES 2003-15;;True;False
0001279657;MS STRUCTURED SATURNS SERIES 2003-13;;True;False
0001279658;MS STRUCTURED SATURNS SERIES 2003-8;;True;False
0001279659;MS STRUCTURED SATURNS SERIES 2003-7;;True;False
0001279661;MS STRUCTURED SATURNS SERIES 2003-2;;True;False
0001279662;MS STRUCTURED SATURNS SERIES 2003-4;;True;False
0001279667;MS STRUCTURED SATURNS SERIES 2003-6;;True;False
0001279668;MS STRUCTURED SATURNS SERIES 2003-5;;True;False
0001279669;MS STRUCTURED SATURNS SERIES 2003-3;;True;False
0001279670;MS STRUCTURED SATURNS SERIES 2002-15;;True;False
0001279695;UNIVERSAL BIOSENSORS INC;;True;False
0001279704;"Cellectar Biosciences, Inc.";CLRB;False;False
0001279715;"Wright Investors Service Holdings, Inc.";IWSH;True;False
0001279740;TRAI THIEN USA INC;ONSS;True;False
0001279940;STRUCTURED OBLIGATIONS CORP TRUST SPRINT CAPITAL CER 2002-1;;True;False
0001280058;BLACKBAUD INC;BLKB;False;False
0001280087;STRATS SM TRUST FOR DOMINION RESOURCES SEC SER 2004-3;;True;False
0001280203;MS STRUCTURED SATURNS SERIES 2002-11;;True;False
0001280213;MS STRUCTURED SATURNS SERIES 2002-14;;True;False
0001280263;AMBARELLA INC;AMBA;False;False
0001280352;INN OF THE MOUNTAIN GODS RESORTS & CASINO;;True;False
0001280396;VetaNova Inc.;;True;False
0001280452;MONOLITHIC POWER SYSTEMS INC;MPWR;False;False
0001280600;ACCELERON PHARMA INC;;False;True
0001280703;MS STRUCTURED ASSET CORP CBT SERIES 2003-1;;True;False
0001280776;"IMMUNIC, INC.";IMUX;False;False
0001280784;"Hercules Capital, Inc.";HCXY;False;False
0001280821;"North China Horticulture, Inc.";;True;False
0001280962;MERRILL LYNCH DEPOSITOR INC PPLUS TRUST SERIES TWC-1;;True;False
0001281117;CORTS TRUST FOR WEYERHAEUSER DEBENTURES;;True;False
0001281120;STRATS SM TRUST FOR AT&T CORP SEC SER 2004-4;;True;False
0001281198;"Wisdom Homes of America, Inc.";;True;False
0001281223;SENSUS USA INC;;True;False
0001281226;SENSUS (BERMUDA 2) LTD;;True;False
0001281309;STRUCTURED PRODUCTS CORP CORTS TRUST III FOR AON CAPITAL A;;True;False
0001281319;LEHMAN ABS CORP GOLD SACHS CAP I SEC BCK SER 2004-4 CLASS A1;;True;False
0001281696;BMP Sunstone CORP;;False;True
0001281761;REGIONS FINANCIAL CORP;RF-PF;False;False
0001281774;TOWN SPORTS INTERNATIONAL HOLDINGS INC;;False;True
0001281845;"Unique Logistics International, Inc.";;True;False
0001281895;"ROCKET PHARMACEUTICALS, INC.";RCKTW;False;False
0001281922;Triangle Petroleum Corp;;False;True
0001281938;CABCO SERIES 2004-1 TRUST (GOLDMAN SACHS CAPITAL I);;True;False
0001281960;STRUCTURED PRODUCTS CORP COR TRUST FOR GOLD SACHS CAPITAL I;;True;False
0001281984;"Decentral Life, Inc.";WDLF;True;False
0001282224;"Dolphin Entertainment, Inc.";DLPN;False;False
0001282266;"WINDSTREAM HOLDINGS, INC.";;False;True
0001282398;WCA WASTE CORP;;False;True
0001282400;MEWBOURNE ENERGY PARTNERS 04-A LP;;True;False
0001282543;AFFIRMATIVE INSURANCE HOLDINGS INC;;False;True
0001282571;GREENLITE VENTURES INC;GRNL;True;False
0001282607;COLONY RESORTS LVH ACQUISITIONS LLC;;True;False
0001282613;AMERICAN EAGLE ENERGY Corp;;False;True
0001282616;STRUCTURED PRODUCTS CORPTIERS PRINC PROT CERTS TR SER PXT;;True;False
0001282631;NETLIST INC;NLST;False;True
0001282637;NEWMARKET CORP;NEU;False;False
0001282648;BATTALION OIL CORP;BATL;False;False
0001282663;WORLD FINANCIAL NETWORK CREDIT CARD MASTER NOTE TRUST;;True;False
0001282723;MEWBOURNE ENERGY PARTNERS 05-A LP;;True;False
0001282730;MS STRUCTURED SATURNS SERIES 2004-4;;True;False
0001282977;GREENHILL & CO INC;;False;True
0001282980;NOVINT TECHNOLOGIES INC;DROR;True;False
0001283073;Answers CORP;;False;True
0001283140;HOLLY ENERGY PARTNERS LP;;False;True
0001283193;PURE BIOFUELS CORP;;True;False
0001283236;WLG INC;;True;False
0001283315;STRUCTURED PRODUCTS CORP CORTS TR III FOR SHERWIN WILL DEBEN;;True;False
0001283316;STRUCTURED PRODUCTS CORP TIERS CORP BOND BACK CERT TR 1997-4;;True;False
0001283318;STRUCTURED PRODUCTS CORP CORTS TR FOR BRYSTOL MYERS SQU DEBE;;True;False
0001283329;STRUCTURED PRODUCTS CORP CORTS TRUST FOR UNUM NOTES;;True;False
0001283331;STRUCTURED PRODUCTS CORP CORTS TRUST FOR AFC CAP TRUST I;;True;False
0001283332;STRUCTURED PRODUCTS CORP CORTS FOR PROVIDENT FINANCING TR I;;True;False
0001283334;STRUCTURED PRODUCTS CORP CORTS TR III FOR PROVIDENT FIN TR I;;True;False
0001283336;STRUCTURED PRODUCTS CORP CORTS TR FOR SHERWIN WILLIAMS DEBEN;;True;False
0001283337;STRUCTURED PRODUCTS CORP CRED ENHANCE CORTS TR FOR AON CAP A;KTN;True;False
0001283360;STRUCTURED PRODUCTS CORP CORTS TRUST FOR WALT DISNEY NOTES;;True;False
0001283434;AMERICAN EXPRESS RECEIVABLES FINANCING CORP III LLC;;True;False
0001283435;AMERICAN EXPRESS RECEIVABLES FINANCING CORP IV LLC;;True;False
0001283449;STRUCTURED PRODUCTS CORP CORTS TR II FOR SHERWIN WILLIAMS DE;;True;False
0001283450;STRUCTURED PRODUCTS CORP TIERS PRI PRO CER TR SE FFH 2001-12;;True;False
0001283451;STRUCTURED PRODUCTS CORP CORTS TR FOR SUNAMERICA DEBENTURES;;True;False
0001283453;STRUCTURED PRODUCTS CORP CORTS TRUST FOR XEROX CAPITAL TR I;;True;False
0001283456;STRUCTURED PRODUCTS CORP CORTS TR FOR U S WEST COMM DEBENTUR;;True;False
0001283457;STRUCTURED PRODUCTS CORP CORTS TR FOR FIRST UNION INST CAP I;;True;False
0001283463;STRUCTURED PRODUCTS CORP CORTS TRUST FOR FORD DEBENTURES;;True;False
0001283464;STRUCTURED PRODUCTS CORP CORTS TR FOR PECO ENERGY CAP TR III;KTH;True;False
0001283552;JACKSON HEWITT TAX SERVICE INC;;False;True
0001283582;First Clover Leaf Financial Corp.;;False;True
0001283596;STRUCTURED PROD CORP TIERS CORP BND-BCKD CERT SER MOT 1998-5;;True;False
0001283598;STRUCTURED PROD TIERS CORP BOND-BCKD CERTS SER APA 1997-8;;True;False
0001283601;STRUCTURED PROD CORTS TR II FOR PROVIDENT FINANCING TRUST I;;True;False
0001283602;STRUCTURED PRODUCTS CORTS TRUST FOR JC PENNEY DEBENTURES;;True;False
0001283605;STRATS SM TRUST FOR HISTORIC TW INC SEC SER 2004-5;;True;False
0001283630;AMERICAN CAMPUS COMMUNITIES INC;;False;True
0001283699;"T-Mobile US, Inc.";TMUSZ;False;False
0001283709;THOMAS PROPERTIES GROUP INC;;False;True
0001283789;"Reynaldo's Mexican Food Company, Inc.";;True;False
0001283810;ATLAS AMERICA SERIES 25-2004 (A) L.P.;;True;False
0001283843;"Emerald Oil, Inc.";;False;True
0001284077;ATLANTIC COAST FEDERAL CORP;;True;False
0001284143;LEHMAN ABS CORP GOLDMAN SACHS CAP 1 SEC BACKED SER 2004-6;JBK;True;False
0001284196;MADISON AVE HOLDINGS INC;;True;False
0001284450;"China Carbon Graphite Group, Inc.";;True;False
0001284452;"MONDIAL VENTURES, INC.";;True;False
0001284453;VISUAL MANAGEMENT SYSTEMS INC;;True;False
0001284454;Yong Bai Chao New Retail Corp;NFSN;True;False
0001284506;INTERMOUNTAIN COMMUNITY BANCORP;;False;True
0001284609;"SUMMIT HOTEL PROPERTIES, LLC";;True;False
0001284766;WHITE MOUNTAIN TITANIUM CORP;;True;False
0001284807;PLY GEM HOLDINGS INC;;False;True
0001284812;"COHEN & STEERS, INC.";CNS;False;False
0001285043;AVENTINE RENEWABLE ENERGY HOLDINGS INC;;True;False
0001285224;WILSHIRE BANCORP INC;;False;True
0001285236;NITRO PETROLEUM INC.;;True;False
0001285480;RIDGEWOOD ENERGY K FUND LLC;;True;False
0001285543;"Zerify, Inc.";;True;False
0001285550;"ClearPoint Neuro, Inc.";CLPT;False;False
0001285701;"MMRGlobal, Inc.";;True;False
0001285785;MOSAIC CO;MOS;False;False
0001285819;OMEROS CORP;OMER;False;False
0001285828;"NowAuto Group, Inc.";;True;False
0001286043;KITE REALTY GROUP TRUST;KRG;False;False
0001286045;"GENERAL NUTRITION CENTERS, INC.";;True;False
0001286131;STONEMOR PARTNERS LP;;True;False
0001286139;"LEGALZOOM.COM, INC.";LZ;False;False
0001286181;U S PRECIOUS METALS INC;;True;False
0001286189;MERRILL LYNCH DEPOSITOR INC PPLUS TRUST SERIES CMT-1;;True;False
0001286218;"EXCELLENCY INVESTMENT REALTY TRUST, INC.";;True;False
0001286225;"RealPage, Inc.";;False;True
0001286345;HPIL HOLDING;;True;False
0001286405;STRATS SM TRUST FOR U S CELL CORP SEC SERIES 2004 6;GJH;True;False
0001286459;ALL FOR ONE MEDIA CORP.;;True;False
0001286608;STRUCTURED PRODUCTS CORP TIERS R INFLATION LINKED TR 2004-21;;True;False
0001286613;LINCOLN EDUCATIONAL SERVICES CORP;LINC;False;False
0001286643;MERRILL LYNCH DEPOSITOR INC PPLUS TRUST SERIES GSC-1;;True;False
0001286648;GZ6G Technologies Corp.;;True;False
0001286681;DOMINOS PIZZA INC;DPZ;False;False
0001286865;MS STRUCTURED SATURNS SERIES 2004-6;;True;False
0001286964;"Heron Lake BioEnergy, LLC";;True;False
0001287032;PROSPECT CAPITAL CORP;PSEC-PA;False;False
0001287098;"MAXCYTE, INC.";MXCT;False;False
0001287151;XERIUM TECHNOLOGIES INC;;False;True
0001287213;"DOUGLAS DYNAMICS, INC";PLOW;False;False
0001287339;STRUCTURED PRODUCTS CORP CORTS TRUST II GOLDMAN SACHS CAP I;;True;False
0001287668;"China CGame, Inc.";;False;True
0001287701;Gramercy Property Trust Inc.;;True;False
0001287750;ARES CAPITAL CORP;ARCC;False;False
0001287808;"Hill International, Inc.";;False;True
0001287865;MEDICAL PROPERTIES TRUST INC;MPW;False;False
0001287900;"T-REX OIL, INC.";;True;False
0001288195;IGS Capital Group Ltd;;True;False
0001288248;NORCRAFT COMPANIES LP;;True;False
0001288251;STRUCTURED PRODUCTS CORP CORTS TRUST FOR BOEING CO NOTES;;True;False
0001288359;OTELCO INC.;;False;True
0001288403;W&T OFFSHORE INC;WTI;False;False
0001288469;"MAXLINEAR, INC";MXL;False;False
0001288496;"EdgeWave, Inc.";;True;False
0001288741;McCormick & Schmicks Seafood Restaurants Inc.;;False;True
0001288749;CorTS(R) Trust III For Verizon Global Funding Notes;;True;False
0001288750;Timberline Resources Corp;;False;True
0001288770;XTRA-GOLD RESOURCES CORP;XTGRF;True;False
0001288776;GOOGLE INC.;;True;False
0001288847;"Five9, Inc.";FIVN;False;False
0001288855;"OptimumBank Holdings, Inc.";OPHC;False;False
0001288924;River Rock Entertainment Authority;;True;False
0001288971;LEHMAN ABS CORP GOLDMAN SACHS CAP 1 SEC BCK SER 2004-7 CLASS A1;;True;False
0001289046;AMERICAN CORDILLERA MINING Corp;;True;False
0001289223;"Newport Gold, Inc.";;True;False
0001289231;"WII Components, Inc.";;True;False
0001289236;BioMed Realty Trust Inc;;False;True
0001289237;"U. S. Premium Beef, LLC";;True;False
0001289272;Cole Credit Property Trust Inc;;True;False
0001289308;EnerSys;ENS;False;False
0001289340;"Stereotaxis, Inc.";STXS;False;False
0001289419;"Morningstar, Inc.";MORN;False;False
0001289434;"Cogent, Inc.";;False;True
0001289441;Rotoblock Corp;;True;False
0001289460;"Texas Roadhouse, Inc.";TXRH;False;False
0001289480;"Real Mex Restaurants, Inc.";;True;False
0001289490;Extra Space Storage Inc.;EXR;False;False
0001289496;"CBA Florida, Inc.";;True;False
0001289505;"QC Holdings, Inc.";;False;True
0001289550;"XENONICS HOLDINGS, INC.";;False;True
0001289559;"AMH HOLDINGS, LLC";;True;False
0001289592;"Tower Group International, Ltd.";;False;True
0001289636;PROFIRE ENERGY INC;;False;False
0001289701;"Mercantile Bancorp, Inc.";;False;True
0001289728;"EPL Intermediate, Inc.";;True;False
0001289785;"Atlantic Broadband Finance, LLC";;True;False
0001289790;Macquarie Infrastructure Corp;;True;False
0001289838;CABCO SERIES 2004-101 TRUST (GOLDMAN SACHS CAPITAL I);;True;False
0001289848;Huron Consulting Group Inc.;HURN;False;False
0001289850;"NeuroMetrix, Inc.";;False;False
0001289863;SmartPros Ltd.;;False;True
0001289945;"Spok Holdings, Inc";SPOK;False;False
0001290098;Synchrony Credit Card Master Note Trust;;True;False
0001290149;"Sierra Oncology, Inc.";;False;True
0001290200;Wells Fargo Dealer Floorplan Master Note Trust;;True;False
0001290205;"CDF Funding, Inc.";;True;False
0001290476;Village Bank & Trust Financial Corp.;;False;False
0001290504;"CASCADE ENERGY, INC.";;True;False
0001290505;"American Patriot Financial Group, Inc.";;True;False
0001290506;ECOLOCAP SOLUTIONS INC.;;True;False
0001290658;"IIOT-OXYS, Inc.";ITOX;True;False
0001290677;"Turning Point Brands, Inc.";TPB;False;False
0001290729;"Rio Holdings, Inc.";;True;False
0001290785;"AMERICAN ENVIRONMENTAL, INC.";;True;False
0001290900;"Commercial Vehicle Group, Inc.";CVGI;False;False
0001290914;PPLUS Trust Series DCNA-1;;True;False
0001292026;Odimo INC;;True;False
0001292055;Symmetry Medical Inc.;;False;True
0001292087;"Lotus Pharmaceuticals, Inc.";;True;False
0001292426;GFI Group Inc.;;False;True
0001292470;NightHawk Radiology Holdings Inc;;False;True
0001292518;Blackwater Midstream Corp.;;True;False
0001292519;INVIVO THERAPEUTICS HOLDINGS CORP.;;False;False
0001292556;"Polypore International, Inc.";;False;True
0001292580;"SI Financial Group, Inc.";;True;False
0001292653;"Inteliquent, Inc.";;False;True
0001292900;"INTERLINE BRANDS, INC./DE";;False;True
0001293211;"PSB Holdings, Inc.";;True;False
0001293234;Select Notes Trust LT 2004-1;;True;False
0001293282;TechTarget Inc;;True;False
0001293283;"Roebling Financial Corp, Inc.";;True;False
0001293310;"HUMANIGEN, INC";;False;True
0001293330;"Net Element, Inc.";;True;False
0001293413;Naugatuck Valley Financial Corp;;True;False
0001293540;STRATS SM TRUST FOR IBM CORP SEC SERIES 2004-7;;True;False
0001293593;"Synutra International, Inc.";;False;True
0001293643;STRATS SM TRUST FOR GOLDMAN SACHS GROUP SEC SERIES 2004-8;;True;False
0001293818;OPGEN INC;OPGN;False;False
0001293971;"bluebird bio, Inc.";;False;False
0001294016;RUCKUS WIRELESS INC;;False;True
0001294017;JER Investors Trust Inc;;True;False
0001294133;Inogen Inc;INGN;False;False
0001294154;"Lease Equity Appreciation Fund II, L.P.";;True;False
0001294157;"DR. TATTOFF, INC.";;True;False
0001294208;ATLAS AMERICA SERIES 25-2004 (B) L.P.;;True;False
0001294250;"Rand Logistics, Inc.";;False;True
0001294345;BLACKHAWK CAPITAL GROUP BDC INC;;True;False
0001294476;Atlas America Public #14-2004 L.P.;;True;False
0001294538;"Great Wolf Resorts, Inc.";;False;True
0001294608;Solo Cup CO;;True;False
0001294632;IASIS Healthcare LLC;;True;False
0001294649;WALKER INNOVATION INC.;;True;False
0001294808;PPLUS Trust Series GSC-2;PYT;True;False
0001294924;InvenSense Inc;;False;True
0001295079;"Shengtai Pharmaceutical, Inc.";;True;False
0001295130;FalconTarget Inc.;;True;False
0001295172;RiskMetrics Group Inc;;False;True
0001295401;"Bancorp, Inc.";TBBK;False;False
0001295456;"SECURE DIGITAL, INC.";;True;False
0001295503;"MISCOR GROUP, LTD.";;True;False
0001295514;"MDWerks, Inc.";MDWK;True;False
0001295557;BARE ESCENTUALS INC;;False;True
0001295560;INTREorg SYSTEMS INC.;;True;False
0001295664;Kearny Financial Corp.;;True;False
0001295714;Ridgewood Energy L Fund LLC;;True;False
0001295810;"Sunstone Hotel Investors, Inc.";SHO-PI;False;False
0001295879;CommunitySouth Financial CORP;;True;False
0001295947;Prestige Consumer Healthcare Inc.;PBH;False;False
0001295961;QUANTUM ENERGY INC.;;True;False
0001295976;"Cellu Tissue Holdings, Inc.";;False;True
0001296205;ZAGG Inc;;False;True
0001296286;Longhai Steel Inc.;;True;False
0001296391;TENGION INC;;False;True
0001296435;Neenah Inc;;False;True
0001296445;"ORMAT TECHNOLOGIES, INC.";ORA;False;False
0001296884;"Lightstone Value Plus REIT I, Inc.";;True;False
0001297014;Wise Metals Group LLC;;True;False
0001297024;Orsus Xelent Technologies Inc;;False;True
0001297067;"Copano Energy, L.L.C.";;False;True
0001297184;"Amphastar Pharmaceuticals, Inc.";AMPH;False;False
0001297203;HS3 TECHNOLOGIES INC.;;True;False
0001297210;STRATS SM TRUST FOR JPMORGAN CHASE & CO SEC SERIES 2004-9;;True;False
0001297223;HANDENI GOLD INC.;;True;False
0001297336;ReachLocal Inc;;False;True
0001297341;Kentucky First Federal Bancorp;KFFB;False;False
0001297401;"DreamWorks Animation SKG, Inc.";;False;True
0001297587;Gramercy Property Trust;;False;True
0001297667;"ATEL Capital Equipment Fund XI, LLC";;True;False
0001297704;OHA Investment Corp;;False;True
0001297720;James River Coal CO;;False;True
0001297735;American Casino & Entertainment Properties LLC;;True;False
0001297915;PPLUS Trust Series JPM-1;;True;False
0001297937;"PARKS AMERICA, INC";PRKA;True;False
0001297965;"INOLIFE TECHNOLOGIES, INC.";;True;False
0001297989;"ExlService Holdings, Inc.";EXLS;False;False
0001297996;"DIGITAL REALTY TRUST, INC.";DLR-PL;False;False
0001298095;"Infusion Brands International, Inc.";;True;False
0001298195;CHINA SUN GROUP HIGH-TECH CO;;True;False
0001298327;"EQUITY VENTURES GROUP, INC.";;True;False
0001298341;Nalco Holding CO;;False;True
0001298521;"Trubion Pharmaceuticals, Inc";;False;True
0001298663;"Clearpoint Business Resources, Inc";;True;False
0001298675;CubeSmart;CUBE;False;False
0001298824;PetroHunter Energy Corp;;True;False
0001298946;DiamondRock Hospitality Co;DRH;False;False
0001298978;"Market Leader, Inc.";;False;True
0001299033;"Calamos Asset Management, Inc. /DE/";;False;True
0001299109;"Peninsula Gaming, LLC";;True;False
0001299130;"PACIFIC BIOSCIENCES OF CALIFORNIA, INC.";PACB;False;False
0001299139;TearLab Corp;;False;True
0001299688;"optionsXpress Holdings, Inc.";;False;True
0001299704;"Advance America, Cash Advance Centers, Inc.";;False;True
0001299709;"Axos Financial, Inc.";AX;False;False
0001299847;STRATS SM TRUST FOR DAIMLERCHRYSLER NA HOLDING SECURITIES SERIES 2004-10;;True;False
0001299864;"LYFE Communications, Inc.";;True;False
0001299901;"Trade Street Residential, Inc.";;False;True
0001299966;"Black Raven Energy, Inc.";;True;False
0001299967;"MediaShift, Inc.";;True;False
0001299969;"Comstock Holding Companies, Inc.";CHCI;False;False
0001300128;BIOTEL INC.;;True;False
0001300485;"CubeSmart, L.P.";;True;False
0001300492;PPLUS Trust Series LMG-3;;True;False
0001300514;LAS VEGAS SANDS CORP;LVS;False;False
0001300524;AMERICAN INTERNATIONAL HOLDINGS CORP.;;True;False
0001300578;INNOVATIVE CARD TECHNOLOGIES INC;;True;False
0001300662;PROGUARD ACQUISITION CORP;;True;False
0001300699;"Athenex, Inc.";;False;True
0001300734;"SHINECO, INC.";SISI;False;False
0001300781;"DH ENCHANTMENT, INC.";;True;False
0001300867;ON4 COMMUNICATIONS INC.;;True;False
0001300938;"ABCO Energy, Inc.";;True;False
0001301031;Demandware Inc;;False;True
0001301063;"Alpha Natural Resources, Inc.";;False;True
0001301075;CONEXUS CATTLE CORP.;;True;False
0001301081;Pharmasset Inc;;False;True
0001301106;National Interstate CORP;;False;True
0001301206;"ECOTALITY, INC.";;False;True
0001301236;Sotherly Hotels Inc.;SOHON;False;False
0001301299;Siberian Energy Group Inc.;;True;False
0001301348;"HEMOBIOTECH, INC.";;True;False
0001301367;IDO Security Inc.;;True;False
0001301501;"Achaogen, Inc.";;False;True
0001301611;"LIFEPOINT HEALTH, INC.";;False;True
0001301704;Go-Page Corp;;True;False
0001301712;IRONCLAD PERFORMANCE WEAR CORP;;True;False
0001301787;BlueLinx Holdings Inc.;BXC;False;False
0001301838;"Premier Product Group, Inc.";;True;False
0001301839;Tintic Gold Mining CO;;True;False
0001301843;QUANTUM SOLAR POWER CORP.;;True;False
0001301874;"Heavy Earth Resources, Inc.";;True;False
0001301932;BioMed Realty L P;;True;False
0001301991;"SmartMetric, Inc.";;True;False
0001302028;"Manitex International, Inc.";;False;False
0001302084;NextSource Materials Inc.;NSRCF;True;False
0001302177;"POKERTEK, INC.";;False;True
0001302215;"HOULIHAN LOKEY, INC.";HLI;False;False
0001302244;Valley Commerce Bancorp;;True;False
0001302324;PRUDENTIAL BANCORP INC OF PENNSYLVANIA;;True;False
0001302343;"Education Realty Trust, Inc.";;False;True
0001302350;JMP GROUP LLC;;False;True
0001302365;"Our Glass, Inc.";;True;False
0001302554;"Winston Pharmaceuticals, Inc.";;True;False
0001302573;OncoMed Pharmaceuticals Inc;;False;True
0001302707;"Horizon Lines, Inc.";;False;True
0001302709;"Georgetown Bancorp, Inc.";;True;False
0001302833;Hartford Life Global Funding Trust 2004-001;;True;False
0001302834;Ridgewood Energy M Fund LLC;;True;False
0001302849;Ideal Financial Solutions Inc;;True;False
0001302901;"HOME FEDERAL BANCORP, INC. OF LOUISIANA";;True;False
0001302913;"Genesis Electronics Group, Inc.";;True;False
0001302946;TWO RIVERS WATER & FARMING Co;;True;False
0001303276;Marquee Holdings Inc.;;True;False
0001303313;"LHC Group, Inc";;False;True
0001303330;"China Housing & Land Development, Inc.";;False;True
0001303433;Optionable Inc;;True;False
0001303652;Tableau Software Inc;;False;True
0001303804;"Reef Global Energy IV, L.P.";;True;False
0001303849;"Avantair, Inc";;True;False
0001303942;BankFinancial CORP;;False;False
0001304161;"Pharma-Bio Serv, Inc.";PBSV;True;False
0001304280;Novelis Inc.;;True;False
0001304409;ATHENA GOLD CORP;AHNRF;True;False
0001304421;"Consolidated Communications Holdings, Inc.";;False;False
0001304464;Crestwood Midstream Partners LP;;False;True
0001304492;Anterix Inc.;ATEX;False;False
0001304730;HQDA ELDERLY LIFE NETWORK CORP.;;True;False
0001304740;Bridge Capital Holdings;;False;True
0001304741;Cannagistics Inc.;;True;False
0001304898;VICTORY EAGLE RESOURCES CORP.;;True;False
0001305014;ASHLAND INC.;;True;False
0001305018;"Norcraft Holdings, L.P.";;True;False
0001305168;"ARC DOCUMENT SOLUTIONS, INC.";;False;False
0001305253;"Eiger BioPharmaceuticals, Inc.";;False;False
0001305294;QLIK TECHNOLOGIES INC;;False;True
0001305323;Zovio Inc;;False;True
0001305399;"First Business Financial Services, Inc.";;True;False
0001305452;CAROLYN RIVER PROJECTS LTD.;;True;False
0001305629;PG&E Energy Recovery Funding LLC;;True;False
0001305631;"TriView Global Fund, LLC";;True;False
0001305773;Conformis Inc;;False;True
0001306035;YUS INTERNATIONAL GROUP Ltd;;True;False
0001306046;"Asia Electrical Power International Group, Inc.";;True;False
0001306109;National Health Partners Inc;;True;False
0001306755;PDC 2004-C Limited Partnership;;True;False
0001306756;PDC 2004-D Limited Partnership;;True;False
0001306757;PDC 2004-A Limited Partnership;;True;False
0001306758;PDC 2004-B Limited Partnership;;True;False
0001306812;USAutos Series 2004-1 Trust;;True;False
0001306830;Celanese Corp;CE;False;False
0001307140;"LIFESTYLE MEDICAL NETWORK, INC.";;True;False
0001307345;NETFONE INC;;True;False
0001307579;LIQTECH INTERNATIONAL INC;LIQT;False;False
0001307624;"Healthtech Solutions, Inc./UT";;True;False
0001307701;"Cono Italiano, Inc.";;True;False
0001307748;InvenTrust Properties Corp.;IVT;False;False
0001307752;"VirtualScopics, Inc.";;False;True
0001307873;SOLAR ENERTECH CORP;;True;False
0001307931;"STRATS(SM) TRUST FOR GEN ELEC CAP CORP SEC, SER 2004-15";;True;False
0001307954;Huntsman CORP;HUN;False;False
0001307969;"024 Pharma, Inc.";;True;False
0001307989;"Kenergy Scientific, Inc.";;True;False
0001308017;FedFirst Financial CORP;;True;False
0001308027;Vystar Corp;VYST;True;False
0001308085;VISANT CORP;;True;False
0001308137;"BLACKSANDS PETROLEUM, INC.";;True;False
0001308161;"TWENTY-FIRST CENTURY FOX, INC.";;False;True
0001308208;"UNIVERSAL LOGISTICS HOLDINGS, INC.";ULH;False;False
0001308547;"Dolby Laboratories, Inc.";DLB;False;False
0001308569;MAJOR LEAGUE FOOTBALL INC;;True;False
0001308606;"SPIRIT REALTY CAPITAL, INC.";;False;True
0001308710;"Jayhawk Energy, Inc.";;True;False
0001308711;"Behringer Harvard Opportunity REIT I, Inc.";;True;False
0001309055;Juma Technology Corp.;;True;False
0001309056;TGI Solar Power Group Inc.;;True;False
0001309057;"China Health Industries Holdings, Inc.";;True;False
0001309082;"CAMBER ENERGY, INC.";CEIN;False;False
0001309108;WEX Inc.;WEX;False;False
0001309126;"Money Tree, Inc.";;True;False
0001309132;Aspect FuturesAccess LLC;;True;False
0001309136;ML Winton FuturesAccess LLC;;True;False
0001309141;SYDYS CORP;;True;False
0001309251;MICROALLIANCE GROUP INC.;MALG;True;False
0001309257;PPLUS TRUST SERIES GSC-3;;True;False
0001309304;BIO BRIDGE SCIENCE INC;;True;False
0001309346;"China Premium Lifestyle Enterprise, Inc.";;True;False
0001309402;Green Plains Inc.;GPRE;False;False
0001309442;InsPro Technologies Corp;;True;False
0001309764;KRANEM CORP;;True;False
0001309987;WMG Acquisition Corp;;True;False
0001310067;SEARS HOLDINGS CORP;;False;True
0001310094;ACCENTIA BIOPHARMACEUTICALS INC;;True;False
0001310114;"SERVICESOURCE INTERNATIONAL, INC.";;False;True
0001310157;FSP GALLERIA NORTH CORP;;True;False
0001310227;CABCO SERIES 2004-102 TRUST (SBC COMMUNICATIONS INC.);;True;False
0001310261;POWER AIR CORP;;True;False
0001310291;"SMARTPAY EXPRESS, INC.";;True;False
0001310313;"Brooklyn Federal Bancorp, Inc.";;False;True
0001310383;"Summit Healthcare REIT, Inc";;True;False
0001310482;Uniontown Energy Inc.;;True;False
0001310488;"BIOFORCE NANOSCIENCES HOLDINGS, INC.";BFNH;True;False
0001310497;SILVER STREAM MINING CORP.;;True;False
0001310527;"QSAM Biosciences, Inc.";;True;False
0001310630;China Foods Holdings Ltd.;CFOO;True;False
0001310695;"STRATS(SM) Trust For Morgan Stanley Securities, Series 2004-16";;True;False
0001310893;BLUESKY SYSTEMS CORP;;True;False
0001310914;"CenterPoint Energy Transition Bond CO II, LLC";;True;False
0001310982;Park Place Energy Corp.;;True;False
0001311131;Rockville Financial Inc.;;True;False
0001311185;"New Taohuayuan Culture Tourism Co., Ltd.";;True;False
0001311230;"TerraVia Holdings, Inc.";;False;True
0001311241;INTERMOLECULAR INC;;False;True
0001311369;China Infrastructure Investment CORP;;False;True
0001311370;Lazard Ltd;LAZ;False;False
0001311437;MS STRUCTURED SATURNS SERIES 2005-1;;True;False
0001311486;Global Geophysical Services Inc;;False;True
0001311538;Castle Brands Inc;;False;True
0001311546;"DERBY RESOURCES, INC.";;True;False
0001311596;"Tobira Therapeutics, Inc.";;False;True
0001311605;KLONDEX MINES LTD;;False;True
0001311627;PEER REVIEW MEDIATION & ARBITRATION INC;;True;False
0001311673;"Yale Transaction Finders, Inc.";YTFD;True;False
0001311735;FBEC Worldwide Inc.;;True;False
0001311824;American Express Receivables Financing CORP V LLC;;True;False
0001311828;"Independence Bancshares, Inc.";;True;False
0001312069;FOUR RIVERS BIOENERGY INC.;;True;False
0001312073;"VERIFONE SYSTEMS, INC.";;False;True
0001312109;Silvergate Capital Corp;;False;True
0001312165;"Gulf United Energy, Inc.";;True;False
0001312402;CALECO PHARMA CORP.;;True;False
0001312547;New Oriental Energy & Chemical Corp.;;False;True
0001312910;"ICON LEASING FUND ELEVEN, LLC";;True;False
0001312928;KAYAK Software Corp;;False;True
0001313024;"Venoco, Inc.";;False;True
0001313275;BRIGHTCOVE INC;;False;False
0001313536;SOTHERLY HOTELS LP;;True;False
0001313730;"Atlantic Southern Financial Group, Inc.";;False;True
0001313911;Rally Software Development Corp;;False;True
0001313918;CIFC Corp.;;True;False
0001313938;"Sibannac, Inc.";SNNC;True;False
0001314052;ANAVEX LIFE SCIENCES CORP.;AVXL;False;False
0001314054;"Panache Beverage, Inc.";;True;False
0001314102;"EyePoint Pharmaceuticals, Inc.";EYPT;False;False
0001314152;"JLL Income Property Trust, Inc.";;True;False
0001314183;Jingwei International LTD;;True;False
0001314196;"OLB GROUP, INC.";OLB;True;False
0001314223;"Amber Road, Inc.";;False;True
0001314259;ASIAN DRAGON GROUP INC.;;True;False
0001314270;PPlus Trust Series LMG-4;;True;False
0001314475;SPARK NETWORKS INC;;False;True
0001314592;Teavana Holdings Inc;;False;True
0001314655;Goodman Global Inc;;True;False
0001314727;Sonos Inc;SONO;False;False
0001314772;"Summer Infant, Inc.";;False;True
0001315061;Ridgewood Energy O Fund LLC;;True;False
0001315098;Roblox Corp;RBLX;False;False
0001315255;"GTT Communications, Inc.";;False;True
0001315257;Koppers Holdings Inc.;KOP;False;False
0001315320;InfoLogix Inc;;False;True
0001315399;"PARKE BANCORP, INC.";PKBK;False;False
0001315571;MS STRUCTURED SATURNS SERIES 2005-2;;True;False
0001315657;XOOM Corp;;False;True
0001315695;"Rockwood Holdings, Inc.";;False;True
0001315718;"Vapor Group, Inc.";;True;False
0001315756;"Huayue Electronics, Inc.";;True;False
0001316016;AQUANTIA CORP;;False;True
0001316175;Anthera Pharmaceuticals Inc;;False;True
0001316360;IHS Inc.;;True;False
0001316517;"Kandi Technologies Group, Inc.";;False;False
0001316625;Silicon Graphics International Corp;;False;True
0001316631;"Liberty Global, Inc.";;True;False
0001316644;"AeroGrow International, Inc.";;True;False
0001316645;"American CareSource Holdings, Inc.";;False;True
0001316656;Dresser-Rand Group Inc.;;False;True
0001316835;"Builders FirstSource, Inc.";BLDR;False;False
0001316854;Uranium Hunter CORP;;True;False
0001316898;"JAMBA, INC.";;False;True
0001316944;Federal Home Loan Bank of San Francisco;;True;False
0001317019;Colonial Bankshares Inc;;True;False
0001317405;"Ready Mix, Inc.";;False;True
0001317436;"BOISE CASCADE HOLDINGS, L.L.C.";;True;False
0001317577;Pike Corp;;False;True
0001317630;ITC Holdings Corp.;;False;True
0001317639;"Image Metrics, Inc.";;True;False
0001317833;"Golden Ally Lifetech Group, Inc.";;True;False
0001317838;"ASPIRE JAPAN, INC.";;True;False
0001317839;Umatrin Holding Ltd;;True;False
0001317872;TomoTherapy Inc;;False;True
0001317880;"Plandai Biotechnology, Inc.";PLPL;True;False
0001317945;"Omega Flex, Inc.";OFLX;False;False
0001318008;Zumiez Inc;ZUMZ;False;False
0001318084;"Core-Mark Holding Company, Inc.";;False;True
0001318196;"Sono Resources, Inc.";;True;False
0001318220;"Waste Connections, Inc.";WCN;False;True
0001318268;Madison Technologies Inc.;MDEX;True;False
0001318310;ev3 Inc.;;False;True
0001318482;KIDOZ INC.;KDOZF;True;False
0001318484;Citi Trends Inc;CTRN;False;False
0001318509;CHINA TRANSPORTATION INTERNATIONAL HOLDINGS GROUP Ltd;;True;False
0001318545;White River Capital Inc;;False;True
0001318568;Everi Holdings Inc.;;False;False
0001318605;"Tesla, Inc.";TSLA;False;False
0001318641;"Statera Biopharma, Inc.";;False;True
0001318742;NCL CORP Ltd.;;True;False
0001319009;Midway Gold Corp;;False;True
0001319161;Warner Music Group Corp.;WMG;False;True
0001319229;TransMontaigne Partners LLC;;False;True
0001319327;Encore Bancshares Inc;;False;True
0001319643;Lode-Star Mining Inc.;FTSP;True;False
0001319764;"VWR Funding, Inc.";;True;False
0001319947;Designer Brands Inc.;DBI;False;True
0001320002;Heritage Financial Group;;True;False
0001320051;"Securus Technologies, Inc.";;True;False
0001320338;Tao Minerals Ltd.;;True;False
0001320350;"LENSAR, Inc.";LNSR;False;False
0001320414;SELECT MEDICAL HOLDINGS CORP;SEM;False;False
0001320461;Cooper-Standard Holdings Inc.;CPS;False;False
0001320691;GEORGIA INTERNATIONAL MINING CORP;;True;False
0001320695;"TreeHouse Foods, Inc.";THS;False;False
0001320729;"Universal Bioenergy, Inc.";;True;False
0001320760;"TSS, Inc.";TSSI;False;False
0001320767;Revolutionary Concepts Inc;;True;False
0001320854;"FreightCar America, Inc.";RAIL;False;False
0001320869;BioElectronics Corp;;True;False
0001320934;"International Coal Group, Inc.";;False;True
0001320947;Diamond Foods Inc;;False;True
0001321002;BRAMPTON CREST INTERNATIONAL INC;;True;False
0001321070;"Ottawa Savings Bancorp, Inc.";;True;False
0001321099;"DigitalPost Interactive, Inc.";;True;False
0001321227;"WNC Housing Tax Credit Fund VI, L.P., Series 14";;True;False
0001321228;"WNC Housing Tax Credit Fund VI, L.P., Series 13";;True;False
0001321268;"Eastern Insurance Holdings, Inc.";;False;True
0001321502;"ANDAIN, INC.";;True;False
0001321507;"SUPER DEAL.COM, INC.";;True;False
0001321508;"STONELEIGH REALTY INVESTORS, LLLP";;True;False
0001321516;United American Petroleum Corp.;;True;False
0001321517;Stratos Renewables Corp;;True;False
0001321559;"Jpak Group, Inc.";;True;False
0001321573;"SEFE, INC.";;True;False
0001321646;Kraton Corp;;False;True
0001321655;Palantir Technologies Inc.;PLTR;False;False
0001321710;"IMK GROUP, INC.";;True;False
0001321730;Kraton Polymers LLC;;True;False
0001321732;Penumbra Inc;PEN;False;False
0001321741;GLADSTONE INVESTMENT CORPORATION\DE;GAINI;False;False
0001321771;SLM Private Credit Student Loan Trust 2003-B;;True;False
0001321788;SLM Private Credit Student Loan Trust 2003-A;;True;False
0001321792;SLM Private Credit Student Loan Trust 2003-C;;True;False
0001321828;Data Call Technologies;;True;False
0001321834;"MyMD Pharmaceuticals, Inc.";QCLS;False;False
0001322439;Eagle Bulk Shipping Inc.;;False;False
0001322505;"ALBIREO PHARMA, INC.";;False;True
0001322554;Xactly Corp;;False;True
0001322646;"Affinity Group Holding, Inc.";;True;False
0001322705;Spansion Inc.;;False;True
0001322729;CHINA RUNJI CEMENT INC;;True;False
0001322734;"Advanced Life Sciences Holdings, Inc.";;True;False
0001322739;"EASTON-BELL SPORTS, INC.";;True;False
0001322791;VIRGIN MEDIA INVESTMENT HOLDINGS LTD;;True;False
0001322866;Kodiak Oil & Gas Corp;;False;True
0001322952;"ROKWADER, INC.";;True;False
0001323033;"Tennessee Commerce Bancorp, Inc.";;False;True
0001323051;SRKP 2 INC;;True;False
0001323115;Cardiac Science CORP;;False;True
0001323143;TagLikeMe Corp.;;True;False
0001323274;"Stanadyne Holdings, Inc.";;True;False
0001323468;GLOBAL PARTNERS LP;GLP-PB;False;False
0001323531;"Maidenform Brands, Inc.";;False;True
0001323648;Community Bankers Trust Corp;;False;True
0001323653;"Coleman Cable, Inc.";;False;True
0001323715;"Superior Well Services, INC";;False;True
0001323854;Warner Chilcott plc;;False;True
0001323885;"AtriCure, Inc.";ATRC;False;False
0001323891;"American Tire Distributors Holdings, Inc.";;True;False
0001323974;"MWI Veterinary Supply, Inc.";;False;True
0001324105;"Bidz.com, Inc.";;False;True
0001324152;"PrimeCare Systems, Inc.";;True;False
0001324189;Orchids Paper Products CO /DE;;False;True
0001324245;"SOLERA HOLDINGS, INC";;False;True
0001324272;"Ruths Hospitality Group, Inc.";;False;True
0001324344;CASCADE TECHNOLOGIES CORP;;True;False
0001324404;"CF Industries Holdings, Inc.";CF;False;False
0001324410;Guaranty Bancorp;;False;True
0001324424;"Expedia Group, Inc.";EXPE;False;False
0001324479;AMERICAN COMMERCIAL LINES INC.;;False;True
0001324482;COMMERCIAL BARGE LINE CO;;True;False
0001324518;Williams Partners L.P.;;True;False
0001324570;Volcom Inc;;False;True
0001324592;Enterprise GP Holdings L.P.;;False;True
0001324736;Hero Technologies Inc.;;True;False
0001324759;HONG YUAN HOLDING GROUP;HGYN;False;True
0001324772;Apigee Corp;;False;True
0001324948;RBC Bearings INC;RBC;False;False
0001325279;CELLCYTE GENETICS CORP;;True;False
0001325281;KAPSTONE PAPER & PACKAGING CORP;;False;True
0001325460;ATS CORP;;False;True
0001325618;IRADIMED CORP;IRMD;False;False
0001325670;Primis Financial Corp.;FRST;False;False
0001325676;Ceres Tactical Commodity L.P.;;True;False
0001325702;MAGNACHIP SEMICONDUCTOR Corp;MX;False;False
0001325703;Ridgewood Energy P Fund LLC;;True;False
0001325740;"Advanced BioEnergy, LLC";;True;False
0001325814;Federal Home Loan Bank of Des Moines;;True;False
0001325878;Federal Home Loan Bank of Topeka;;True;False
0001325879;"AVEO PHARMACEUTICALS, INC.";;False;True
0001325946;"Innophos, Inc.";;True;False
0001325955;"Alon USA Energy, Inc.";;False;True
0001325964;"Lightwave Logic, Inc.";LWLG;False;False
0001326003;BlackRock Capital Investment Corp;;False;False
0001326089;Sundance Energy Inc.;;False;True
0001326110;"ImmunityBio, Inc.";IBRX;False;False
0001326141;Lazard Group LLC;;True;False
0001326160;Duke Energy CORP;DUKB;False;False
0001326190;"Altimmune, Inc.";ALT;False;False
0001326200;GENCO SHIPPING & TRADING LTD;GNK;False;True
0001326205;"IGC Pharma, Inc.";IGC;False;False
0001326250;Southern Trust Securities Holding Corp;;True;False
0001326252;FOX PETROLEUM INC.;;True;False
0001326321;AEI Income & Growth Fund 26 LLC;;True;False
0001326355;"SRKP 3, INC";;True;False
0001326364;"Sino Gas International Holdings, Inc.";;True;False
0001326380;GameStop Corp.;GME-WT;False;False
0001326396;"Keyuan Petrochemicals, Inc.";;False;True
0001326428;"ROAN RESOURCES, INC.";;False;True
0001326539;PDC 2005-A Limited Partnership;;True;False
0001326540;PDC 2005-B Limited Partnership;;True;False
0001326583;WebMD Health Corp.;;False;True
0001326652;"Zoo Entertainment, Inc";;False;True
0001326679;AMALGAMATED PICTURES CORP.;;True;False
0001326686;155 East Tropicana Finance Corp.;;True;False
0001326688;"155 East Tropicana, LLC";;True;False
0001326706;"NanoVibronix, Inc.";FEED;False;False
0001326732;Xencor Inc;XNCR;False;False
0001326771;Federal Home Loan Bank of Cincinnati;;True;False
0001326801;"Meta Platforms, Inc.";META;False;False
0001326807;Investors Bancorp Inc;;True;False
0001326853;ANALYTICA BIO-ENERGY CORP;;True;False
0001326917;"Sputnik Enterprises, Inc";;True;False
0001326973;"SMART Modular Technologies (WWH), Inc.";;False;True
0001327068;"United States Oil Fund, LP";USO;True;False
0001327195;"High Plains Gas, Inc.";;True;False
0001327238;COMPASS BIOTECHNOLOGIES INC.;;True;False
0001327273;"Lyra Therapeutics, Inc.";LYRA;False;False
0001327318;"TrueCar, Inc.";;False;False
0001327364;"Shengkai Innovations, Inc.";;False;True
0001327467;Celator Pharmaceuticals Inc;;False;True
0001327471;RealD Inc.;;False;True
0001327557;"Earth Energy Reserves, Inc.";;True;False
0001327567;Palo Alto Networks Inc;PANW;False;False
0001327603;"Vestin Realty Mortgage II, Inc";;False;True
0001327607;First Western Financial Inc;MYFW;False;False
0001327688;OOMA INC;OOMA;False;False
0001327811;"Workday, Inc.";WDAY;False;False
0001327978;Ares Real Estate Income Trust Inc.;;True;False
0001328003;Redpoint Bio CORP;;True;False
0001328015;Imprivata Inc;;False;True
0001328143;Adamas Pharmaceuticals Inc;;False;True
0001328208;"Golden Gate Homes, Inc.";;True;False
0001328237;Invesco DB Commodity Index Tracking Fund;DBC;True;False
0001328239;DB Commodity Index Tracking Master Fund;;True;False
0001328300;"Vestin Realty Mortgage I, Inc.";;False;True
0001328571;NTELOS HOLDINGS CORP.;;False;True
0001328581;BOISE CASCADE Co;BCC;False;False
0001328598;Invesco CurrencyShares Euro Trust;FXE;True;False
0001328650;"Bronco Drilling Company, Inc.";;False;True
0001328655;Affinia Group Intermediate Holdings Inc.;;True;False
0001328670;"CrowdGather, Inc.";;True;False
0001328769;"AISystems, Inc.";;True;False
0001328790;CHINA MEDICINE CORP;;True;False
0001328792;TECHPRECISION CORP;TPCS;False;False
0001328888;"BEFUT International Co., Ltd.";;True;False
0001328989;"STRATS(SM) Trust For Goldman Sachs Capital I Securities, Series 2005-1";;True;False
0001329011;"Apple REIT Seven, Inc.";;True;False
0001329068;NewPage Holding CORP;;True;False
0001329069;NewPage CORP;;True;False
0001329136;MICROELECTRONICS TECHNOLOGY Co;;True;False
0001329484;Zoro Mining Corp.;;True;False
0001329517;WATERSTONE FINANCIAL INC;;True;False
0001329548;INFERX CORP;;True;False
0001329551;BLACK NICKEL ACQUISITION CORP III;;True;False
0001329605;PLATINUM ENERGY RESOURCES INC;;True;False
0001329606;"Clean Energy Technologies, Inc.";CETY;False;False
0001329701;Federal Home Loan Bank of Seattle;;True;False
0001329799;SQUARE 1 FINANCIAL INC;;False;True
0001329842;Federal Home Loan Bank of New York;;True;False
0001329919;"Vocus, Inc.";;False;True
0001329957;"OSL HOLDINGS, INC.";;True;False
0001330023;Renaissance BioEnergy Inc.;;True;False
0001330323;"SHAMIKA 2 GOLD, INC.";;True;False
0001330399;Federal Home Loan Bank of Pittsburgh;;True;False
0001330421;Bazaarvoice Inc;;False;True
0001330436;Liquidia Technologies Inc;;True;False
0001330466;AmREIT Monthly Income & Growth Fund III Ltd;;True;False
0001330568;iShares Silver Trust;SLV;True;False
0001330622;"KBS Real Estate Investment Trust, Inc.";;True;False
0001330769;American Express Issuance Trust;;True;False
0001330820;Aspen Diversified Fund LLC;;True;False
0001330849;"HERCULES OFFSHORE, INC.";;False;True
0001331275;"Vital Products, Inc.";;True;False
0001331301;"BOULDER BRANDS, INC.";;False;True
0001331421;"HALLMARK VENTURE GROUP, INC.";HLLK;True;False
0001331427;"AgFeed Industries, Inc.";;False;True
0001331444;CHINA CLEAN ENERGY INC;;True;False
0001331451;Federal Home Loan Bank of Chicago;;True;False
0001331463;Federal Home Loan Bank of Boston;;True;False
0001331465;Federal Home Loan Bank of Atlanta;;True;False
0001331520;HOME BANCSHARES INC;HOMB;False;False
0001331612;"INNOVATIVE MEDTECH, INC.";IMTH;True;False
0001331745;"TAL International Group, Inc.";;False;True
0001331754;Federal Home Loan Bank of Indianapolis;;True;False
0001331757;Federal Home Loan Bank of Dallas;;True;False
0001331875;"Fidelity National Financial, Inc.";FNF;False;False
0001331931;Pet DRx CORP;;False;True
0001332052;RAVEN GOLD CORP;;True;False
0001332174;iShares S&P GSCI Commodity-Indexed Trust;ISMCF;True;False
0001332199;"Legacy Bancorp, Inc.";;False;True
0001332349;Brookdale Senior Living Inc.;BKD;False;False
0001332412;"VALLEY FORGE COMPOSITE TECHNOLOGIES, INC.";;True;False
0001332445;Sky Harvest Energy Corp.;;True;False
0001332474;"Reef Global Energy VI, L.P.";;True;False
0001332551;ACRES Commercial Realty Corp.;ACR-PD;False;False
0001332572;"eCareer Holdings, Inc.";;True;False
0001332602;"Caribou Coffee Company, Inc.";;False;True
0001332896;Cogdell Spencer Inc.;;False;True
0001332961;National City Credit Card Master Note Trust;;True;False
0001333142;DynCorp International LLC;;True;False
0001333170;"NxStage Medical, Inc.";;False;True
0001333191;"US Oncology Holdings, Inc.";;True;False
0001333248;CADENCE PHARMACEUTICALS INC;;False;True
0001333274;MERCER INTERNATIONAL INC.;MERC;False;False
0001333491;China Voice Holding Corp.;;True;False
0001333493;"eHealth, Inc.";EHTH;False;False
0001333513;"Dealertrack Technologies, Inc";;False;True
0001333519;Baying Ecological Holding Group Inc.;;True;False
0001333563;FORCE MINERALS CORP;;True;False
0001333614;RAZOR RESOURCES INC;;True;False
0001333675;Thrive World Wide Inc.;;True;False
0001333763;"Chelsea Therapeutics International, Ltd.";;False;True
0001333822;SemiLEDs Corp;LEDS;False;False
0001333835;Casa Systems Inc;;False;False
0001333986;"Equitable Holdings, Inc.";EQH-PC;False;False
0001334036;"Crocs, Inc.";CROX;False;False
0001334126;Guitammer Co;;True;False
0001334127;"Harry & David Holdings, Inc.";;True;False
0001334303;ICX TECHNOLOGIES INC;;False;True
0001334325;"Coda Octopus Group, Inc.";CODA;False;False
0001334345;Global Gate Property Corp.;;True;False
0001334478;"NCI, Inc.";;False;True
0001334504;"Atlantic Bancshares, Inc.";;True;False
0001334544;Emergency Medical Services L.P.;;True;False
0001334586;JAMMIN JAVA CORP.;;True;False
0001334589;Plyzer Technologies Inc.;;True;False
0001334699;"Li3 Energy, Inc.";;True;False
0001334740;"Utilicraft Aerospace Industries, Inc.";;True;False
0001334741;MAJESTIC OIL & GAS;;True;False
0001334794;MARINE GROWTH VENTURES INC;;True;False
0001334814;ZILLOW INC;;True;False
0001334933;URANIUM ENERGY CORP;UEC;False;False
0001334978;"Clear Channel Outdoor Holdings, Inc.";CCO;False;False
0001335002;Exobox Technologies Corp.;;True;False
0001335103;"Protea Biosciences Group, Inc.";;True;False
0001335104;"Vicor Technologies, Inc.";;True;False
0001335105;"LIXTE BIOTECHNOLOGY HOLDINGS, INC.";LIXT;False;False
0001335106;China Shenghuo Pharmaceutical Holdings Inc;;False;True
0001335112;"LOGIQ, INC.";;True;False
0001335137;China Energy CORP;;True;False
0001335190;MAGNUM HUNTER RESOURCES CORP;;False;True
0001335236;Atlas America Public #15-2005 (A) L.P.;;True;False
0001335239;Epazz Inc;;True;False
0001335249;HIGHBURY FINANCIAL INC;;True;False
0001335258;"Live Nation Entertainment, Inc.";LYV;False;False
0001335282;BigString CORP;;True;False
0001335288;ReoStar Energy CORP;REOS;True;False
0001335293;"Cyalume Technologies Holdings, Inc.";;True;False
0001335294;KeyOn Communications Holdings Inc.;;True;False
0001335493;"Provision Holding, Inc.";;True;False
0001335725;ISRAEL GROWTH PARTNERS ACQUISITION CORP.;;True;False
0001335732;"United Development Funding III, LP";;True;False
0001335792;Birmingham Bloomfield Bancshares;;True;False
0001335793;CNX Gas Corp;;False;True
0001335795;FUND.COM INC.;;True;False
0001335950;Chisen Electric Corp;;True;False
0001335982;Goodman Networks Inc;;True;False
0001336047;"Boardwalk Pipeline Partners, LP";;False;True
0001336178;"Strats(SM) Trust for JPMorgan Chase Capital XVII Securities, Series 2005-2";;True;False
0001336262;SouthPeak Interactive CORP;;True;False
0001336282;"Urban Hydroponics, Inc.";;True;False
0001336339;Atlas America Public #14-2005 (A) L.P.;;True;False
0001336388;Scrap China CORP;;True;False
0001336545;"AMERICAN APPAREL, INC";;False;True
0001336644;UNIVERSAL TRAVEL GROUP;;False;True
0001336691;MOTRICITY INC;;True;False
0001336747;BELLTOWER ENTERTAINMENT CORP.;;True;False
0001336917;"Under Armour, Inc.";UA;False;False
0001336920;"Leidos Holdings, Inc.";LDOS;False;False
0001337009;"UAN CULTURAL & CREATIVE CO., LTD.";;True;False
0001337013;"InfuSystem Holdings, Inc";INFU;False;False
0001337068;"Magyar Bancorp, Inc.";MGYR;False;False
0001337182;Breezer Ventures Inc.;;True;False
0001337213;VIPER POWERSPORTS INC;;True;False
0001337226;"NEDAK ETHANOL, LLC";;True;False
0001337272;SUNGARD CAPITAL CORP;;True;False
0001337274;SUNGARD CAPITAL CORP II;;True;False
0001337298;FutureFuel Corp.;FF;False;False
0001337408;Paracap CORP;;True;False
0001337553;AERIE PHARMACEUTICALS INC;;False;True
0001337615;China Intelligence Information Systems Inc.;;True;False
0001337619;"ENVESTNET, INC.";;False;False
0001337675;"Jazz Technologies, Inc.";;True;False
0001337826;"CHINA ORGANIC AGRICULTURE, INC.";;True;False
0001337885;"dELiAs, Inc.";;False;True
0001337905;"Intellect Neurosciences, Inc.";;True;False
0001337913;AHERN RENTALS INC;;True;False
0001338042;"Aegerion Pharmaceuticals, Inc.";;False;True
0001338065;"DCP Midstream, LP";;False;True
0001338095;"NephroGenex, Inc.";;False;True
0001338242;Cornerworld Corp;;True;False
0001338248;"New England Bancshares, Inc.";;True;False
0001338401;Clark Holdings Inc.;;False;True
0001338460;China Ginseng Holdings Inc;;True;False
0001338474;RIDGEWOOD ENERGY Q FUND LLC;;True;False
0001338520;Titanium Group LTD;;True;False
0001338578;"CHINA GENGSHENG MINERALS, INC.";;False;True
0001338613;Regency Energy Partners LP;;False;True
0001338624;SuperDirectories Inc.;;True;False
0001338629;"S2C GLOBAL SYSTEMS, INC.";;True;False
0001338690;"NATIONAL MENTOR HOLDINGS, INC.";;True;False
0001338749;POTLATCHDELTIC CORP;PCH;False;False
0001338916;DYNCORP INTERNATIONAL INC.;;True;False
0001338929;"Authentic Holdings, Inc.";AHRO;True;False
0001338949;"Majestic Capital, Ltd.";;False;True
0001339005;FEMASYS INC;FEMY;False;False
0001339048;"Western Refining, Inc.";;False;True
0001339135;ING USA Global Funding Trust 1;;True;False
0001339225;"Microsmart Devices, Inc.";;True;False
0001339256;"Hot Mamas Foods, Inc.";;True;False
0001339455;"Somaxon Pharmaceuticals, Inc.";;False;True
0001339469;"CHIASMA, INC";;False;True
0001339553;"HealthSpring, Inc.";;False;True
0001339605;"H&E Equipment Services, Inc.";;False;False
0001339688;LION COPPER & GOLD CORP.;LCGMF;False;True
0001339729;"Orchard Enterprises, Inc.";;False;True
0001339854;CHINA YILI PETROLEUM CO;;True;False
0001339920;STRATS SM TRUST FOR Goldman Sachs Cap I SEC SERIES 2005-3;;True;False
0001339947;Viacom Inc.;;False;True
0001339970;aTYR PHARMA INC;ATYR;False;False
0001340041;"Complete Production Services, Inc.";;False;True
0001340095;GlenRose Instruments Inc.;;True;False
0001340122;"Calumet Specialty Products Partners, L.P.";;True;False
0001340127;Carbonite Inc;;False;True
0001340282;Rosetta Resources Inc.;;False;True
0001340354;"Thomas Weisel Partners Group, Inc.";;False;True
0001340476;DIRTT ENVIRONMENTAL SOLUTIONS LTD;DRTTF;False;True
0001340554;Party City Holdings Inc.;;True;False
0001340652;"ChemoCentryx, Inc.";;False;True
0001340752;"Molecular Insight Pharmaceuticals, Inc.";;False;True
0001340786;"Fuel Systems Solutions, Inc.";;False;True
0001340909;"STRATS SM TRUST FOR WAL-MART STORES, INC. SECURITIES, SERIES 2005-4";GJO;True;False
0001341141;"CatchMark Timber Trust, Inc.";;False;True
0001341235;"Aldeyra Therapeutics, Inc.";ALDX;False;False
0001341293;Neogenix Oncology Inc;;True;False
0001341317;Bridgewater Bancshares Inc;BWBBP;False;False
0001341318;"LAKE SHORE BANCORP, INC.";;False;False
0001341319;REDtone Asia Inc;;True;False
0001341327;SMARTLINX INC.;;True;False
0001341439;ORACLE CORP;ORCL;False;False
0001341470;"Banks.com, Inc.";;False;True
0001341726;"GULFSLOPE ENERGY, INC.";;True;False
0001341766;"Celsius Holdings, Inc.";CELH;False;False
0001341768;DEAL A DAY GROUP CORP.;;True;False
0001341780;"CHINA DAQING M&H PETROLEUM, INC.";;True;False
0001341808;China Pharmaceuticals Inc;;True;False
0001341843;"POLYMEDIX, INC";;True;False
0001341878;"B-Scada, Inc.";;True;False
0001341995;"Virtual Medical Centre, Inc.";;True;False
0001342053;Claire Coast CORP;;True;False
0001342126;Morgans Hotel Group Co.;;False;True
0001342154;"STRATS (SM) TRUST FOR JPMORGAN CHASE CAPITAL XVII SECURITIES, SERIES 2005-5";;True;False
0001342219;"Namliong SkyCosmos, Inc.";;True;False
0001342287;General Finance CORP;;False;True
0001342423;Limoneira CO;LMNR;False;False
0001342505;ACCELLENT INC;;True;False
0001342514;Atlas America Series 26-2005 L.P.;;True;False
0001342643;"WORTHINGTON ENERGY, INC.";;True;False
0001342792;WORLDWIDE STRATEGIES INC;;True;False
0001342854;PARAMOUNT GOLD & SILVER CORP.;;True;False
0001342882;"Enlightened Gourmet, Inc.";;True;False
0001342916;Clenergen Corp;HNOI;True;False
0001342936;"Advanced Voice Recognition Systems, Inc";RIVF;True;False
0001342958;"DIGITAL ALLY, INC.";KUST;False;False
0001342960;DIVX INC;;False;True
0001343009;CNBX Pharmaceuticals Inc.;CNBX;True;False
0001343011;Laureate Resources & Steel Industries Inc.;;True;False
0001343034;TWO RIVER BANCORP;;False;True
0001343254;Dominovas Energy Corp;;True;False
0001343257;BCM Energy Partners Inc.;;True;False
0001343304;AVEDRO INC;;False;True
0001343465;Sun Pacific Holding Corp.;SNPW;True;False
0001343491;"STRATS(SM) TRUST FOR DOMINION RESOURCES, INC. SECURITIES, SERIES 2005-6";GJP;True;False
0001343504;True North Finance Corp;;True;False
0001343601;WEST CANYON ENERGY CORP.;;True;False
0001343719;Energy XXI Ltd;;False;True
0001343979;"CIRQUE ENERGY, INC.";;True;False
0001344154;Envision Healthcare Corp;;False;True
0001344394;COLORADO GOLDFIELDS INC.;;True;False
0001344413;Alexza Pharmaceuticals Inc.;;False;True
0001344494;Pregis Holding II CORP;;True;False
0001344530;"Reef Global Energy VII, L.P.";;True;False
0001344596;"American Railcar Industries, Inc.";;False;True
0001344632;"Lawson Software, Inc.";;False;True
0001344705;"Crystal River Capital, Inc.";;True;False
0001344736;Global 2.0;;True;False
0001344807;"GLOBALPAYNET HOLDINGS, INC.";;True;False
0001344907;"GLOBAL TRAFFIC NETWORK, INC.";;False;True
0001344970;United Community Bancorp;;True;False
0001344980;"Alliance Holdings GP, L.P.";;False;True
0001345016;YELP INC;YELP;False;False
0001345111;Tim Hortons Inc.;;False;True
0001345122;Compass Group Diversified Holdings LLC;;True;False
0001345126;Compass Diversified Holdings;CODI-PC;False;False
0001345294;"GOLDEN VALLEY DEVELOPMENT, INC";;True;False
0001345432;PERFECTENERGY INTERNATIONAL LTD;;True;False
0001345756;Panex Resources Inc.;;True;False
0001345801;Nuveen Diversified Commodity Fund;;False;True
0001345840;"Hughes Communications, Inc.";;False;True
0001345865;Buildablock Corp.;NFTM;True;False
0001345913;"Deltron, Inc.";;True;False
0001345991;World Monitor Trust III - Series J;;True;False
0001346022;Enertopia Corp.;ENRT;True;False
0001346096;MS STRUCTURED SATURNS SERIES 2005-3;;True;False
0001346222;FIRST UNITED ETHANOL LLC;;True;False
0001346248;"Wellstar International, Inc.";;True;False
0001346287;China Teletech Holding Inc;CLUS;True;False
0001346302;XERIS PHARMACEUTICALS INC;;True;False
0001346346;"Confederate Motors, Inc.";;True;False
0001346352;"KURRANT FOOD ENTERPRISES, INC.";;True;False
0001346526;"ESP Resources, Inc.";;True;False
0001346616;iShares S&P GSCI Commodity-Indexed Investing Pool LLC;;True;False
0001346655;"CMG HOLDINGS GROUP, INC.";;True;False
0001346757;MS STRUCTURED TILES SERIES 2005-1;;True;False
0001346830;"Cara Therapeutics, Inc.";TVRD;False;False
0001346917;"GENTOR RESOURCES, INC.";GNTOF;True;False
0001346922;Homeowners of America Holding Corp;;True;False
0001346973;Praxsyn Corp;;True;False
0001346980;"Chaparral Energy, Inc.";;False;True
0001347004;Myecheck Inc.;;True;False
0001347022;POSITIVEID Corp;;False;True
0001347078;"Bitzio, Inc.";;True;False
0001347178;Vanda Pharmaceuticals Inc.;VNDA;False;False
0001347185;AFS SenSub Corp.;;True;False
0001347218;"Atlas Energy, L.P.";;True;False
0001347242;LIPELLA PHARMACEUTICALS INC;LIPO;False;False
0001347452;"Andalay Solar, Inc.";;False;True
0001347491;ALEXANDER TECH CORP;;True;False
0001347523;"Landmark Apartment Trust, Inc.";;True;False
0001347613;"SYNERGY PHARMACEUTICALS, INC.";;False;True
0001347652;"CorEnergy Infrastructure Trust, Inc.";;False;True
0001347815;"Flagstone Reinsurance Holdings, S.A.";;False;True
0001347858;"22nd Century Group, Inc.";XXII;False;False
0001347870;IMOGO MOBILE TECHNOLOGIES CORP.;;True;False
0001348036;"AVALARA, INC.";;False;True
0001348259;VALIDUS HOLDINGS LTD;;False;True
0001348324;LDR HOLDING CORP;;False;True
0001348334;BARRACUDA NETWORKS INC;;False;True
0001348362;Lexaria Bioscience Corp.;LEXX;True;False
0001348610;Soltera Mining Corp.;;True;False
0001348649;"CoLucid Pharmaceuticals, Inc.";;False;True
0001348788;TRESORO MINING CORP.;;True;False
0001348911;"KalVista Pharmaceuticals, Inc.";KALV;False;False
0001348952;"ENTERGY LOUISIANA, LLC";ELC;True;False
0001349274;Betawave Corp.;;True;False
0001349365;"WiFi Wireless, Inc.";;True;False
0001349371;BLACK HAWK EXPLORATION;;True;False
0001349436;SANDRIDGE ENERGY INC;SD;False;True
0001349437;TOWERSTREAM CORP;;False;True
0001349454;"TRULIA, INC.";;False;True
0001349532;Panglobal Brands Inc.;;True;False
0001349577;MS STRUCTURED TILES SERIES 2006-1;;True;False
0001349593;FLORIDIAN FINANCIAL GROUP INC;;True;False
0001349706;IMPERALIS HOLDING CORP.;TOGIW;True;False
0001349777;URANIUM 308 CORP.;;True;False
0001349810;Smart Holdings Inc;;True;False
0001349892;VALUERICH INC;;False;True
0001349922;"UNIVERSAL TRACKING SOLUTIONS, INC";;True;False
0001349929;"Vyant Bio, Inc.";;False;True
0001349976;American Standard Energy Corp.;;True;False
0001350072;"CMS Bancorp, Inc.";;False;True
0001350073;"Iconic Brands, Inc.";;True;False
0001350102;"Ascent Solar Technologies, Inc.";ASTI;False;False
0001350156;PREAXIA HEALTH CARE PAYMENT SYSTEMS INC.;PAXH;True;False
0001350381;INNERWORKINGS INC;;False;True
0001350420;"Lincolnway Energy, LLC";;True;False
0001350421;HK EBUS Corp;;True;False
0001350567;Rockies Region Private LP;;True;False
0001350593;"Mueller Water Products, Inc.";MWA;False;False
0001350653;"Alphatec Holdings, Inc.";ATEC;False;False
0001350684;"China Information Technology, Inc.";;True;False
0001350770;Black Tusk Minerals Inc.;;True;False
0001350773;KITARA MEDIA CORP.;;True;False
0001351051;"Genesis Healthcare, Inc.";;False;True
0001351285;ROSETTA STONE INC;;False;True
0001351288;GW PHARMACEUTICALS PLC;;False;True
0001351345;EDUCATION REALTY OPERATING PARTNERSHIP L P;;True;False
0001351541;"Delek US Holdings, Inc.";;True;False
0001351573;"Pure Harvest Corporate Group, Inc.";;True;False
0001351636;"SHOTSPOTTER, INC";SSTI;False;False
0001351765;SOUTH AMERICAN GOLD CORP.;;True;False
0001351901;Commonwealth Income & Growth Fund VI;;True;False
0001352010;"EPAM Systems, Inc.";EPAM;False;False
0001352081;Cardinal Ethanol LLC;;True;False
0001352190;RIDGEWOOD ENERGY S FUND LLC;;True;False
0001352302;"GeoMet, Inc.";;False;True
0001352341;Verigy Ltd.;;False;True
0001352482;"Beijing Century Health Medical, Inc.";;True;False
0001352801;Burger King Holdings Inc;;True;False
0001352819;ELANDIA INTERNATIONAL INC.;;True;False
0001352858;"AGR TOOLS, INC.";;True;False
0001352884;"China Tractor Holdings, Inc.";;True;False
0001352952;CFN Enterprises Inc.;CNFN;True;False
0001353174;Alarion Financial Services Inc;;True;False
0001353209;"LoopNet, Inc.";;False;True
0001353226;"STRATS(SM) Trust for Procter & Gamble Securities, Series 2006-1";GJR;True;False
0001353282;MANAGED FUTURES PREMIER WARRINGTON L.P.;;True;False
0001353283;SPLUNK INC;;False;False
0001353307;"China Marketing Media Holdings, Inc.";;True;False
0001353386;LianDi Clean Technology Inc.;;True;False
0001353406;RedHawk Holdings Corp.;;True;False
0001353487;"TARONIS TECHNOLOGIES, INC.";;False;True
0001353492;4301 Inc;;True;False
0001353499;Max Sound Corp;;True;False
0001353505;VOICESERVE INC;;True;False
0001353523;Congaree Bancshares Inc;;True;False
0001353538;"Appgate, Inc.";;True;False
0001353611;Invesco CurrencyShares British Pound Sterling Trust;FXB;True;False
0001353612;Invesco CurrencyShares Canadian Dollar Trust;FXC;True;False
0001353613;Invesco CurrencyShares Japanese Yen Trust;FXY;True;False
0001353614;Invesco CurrencyShares Australian Dollar Trust;FXA;True;False
0001353615;Invesco CurrencyShares Swiss Franc Trust;FXF;True;False
0001353616;Invesco CurrencyShares Swedish Krona Trust;;True;False
0001353617;CURRENCYSHARES MEXICAN PESO TRUST;;True;False
0001353633;Unifunds Ltd;;True;False
0001353722;"Mewbourne Energy Partners 06-A, L.P.";;True;False
0001353741;"OCM HoldCo, LLC";;True;False
0001353748;"Mewbourne Energy Partners 07-A, L.P.";;True;False
0001353970;China XD Plastics Co Ltd;;False;True
0001353972;"HUIHENG MEDICAL, INC.";;True;False
0001354027;"SkyShop Logistics, Inc.";;True;False
0001354030;Organic Sales & Marketing Inc;;True;False
0001354071;"CHINA PEDIATRIC PHARMACEUTICALS, INC.";;True;False
0001354174;"SBT Bancorp, Inc.";;True;False
0001354213;Big Bear Mining Corp.;;True;False
0001354217;Volcano Corp;;False;True
0001354309;FSP PHOENIX TOWER CORP;;True;False
0001354327;"PGT Innovations, Inc.";;False;False
0001354371;PPLUS Trust Series RRD-1;;True;False
0001354513;"CTC Media, Inc.";;False;True
0001354582;"eLuxuryHouse, Inc.";;True;False
0001354591;"PetLife Pharmaceuticals, Inc.";;True;False
0001354636;"Duke Mining Company, Inc.";;True;False
0001354730;Invesco DB G10 Currency Harvest Fund;;True;False
0001354731;DB G10 Currency Harvest Master Fund;;True;False
0001354752;HARLAND CLARKE HOLDINGS CORP;;True;False
0001354772;NORTHEAST COMMUNITY BANCORP INC;;True;False
0001354866;Byrna Technologies Inc.;BYRN;False;False
0001354942;"NewCardio, Inc.";;True;False
0001355001;Anywhere Real Estate Group LLC;;True;False
0001355042;China Auto Logistics Inc;;False;True
0001355096;"Qurate Retail, Inc.";QVCGB;False;False
0001355128;OCZ TECHNOLOGY GROUP INC;;False;True
0001355242;"Shrink Nanotechnologies, Inc.";;True;False
0001355250;Innovation Pharmaceuticals Inc.;;True;False
0001355304;"U-SWIRL, INC.";;True;False
0001355420;USA Graphite Inc.;;True;False
0001355451;"VGTel, Inc.";;True;False
0001355559;"Celexus, Inc";;True;False
0001355607;Santa Lucia Bancorp;;True;False
0001355677;Mexus Gold US;;True;False
0001355732;Borneo Resource Investments Ltd.;;True;False
0001355754;INSTRUCTURE INC;;False;True
0001355786;"CHICOPEE BANCORP, INC.";;False;True
0001355790;International Stem Cell CORP;ISCO;True;False
0001355823;ROMA FINANCIAL CORP;;False;True
0001355835;"SOKO FITNESS & SPA GROUP, INC.";;True;False
0001355839;"PALTALK, INC.";IPM;False;False
0001355848;"Genius Brands International, Inc.";TOON;False;False
0001355855;Newport Bancorp Inc;;False;True
0001355899;PPlus Trust Series GSC-4;;True;False
0001356090;"PRECIGEN, INC.";PGEN;False;False
0001356093;"CREATIVE REALITIES, INC.";CREX;False;False
0001356104;"Mellanox Technologies, Ltd.";;False;True
0001356115;NEXPOINT DIVERSIFIED REAL ESTATE TRUST;NXDT-PA;False;False
0001356284;"STRATS(SM) Trust for Goldman Sachs Group Securities, Series 2006-2";GJS;True;False
0001356371;"AMERICAN LITHIUM MINERALS, INC.";AMLM;True;False
0001356564;"Leo Motors, Inc.";;True;False
0001356576;"SUPERNUS PHARMACEUTICALS, INC.";SUPN;False;False
0001356628;ViewPoint Financial Group;;True;False
0001356711;CPG INTERNATIONAL INC.;;True;False
0001356857;Trius Therapeutics Inc;;False;True
0001356949;Houston Wire & Cable CO;;False;True
0001357115;Brekford Corp.;;True;False
0001357204;"DUNKIN' BRANDS GROUP, INC.";;False;True
0001357227;FGX International Holdings LTD;;False;True
0001357231;"Solera National Bancorp, Inc.";;True;False
0001357326;"Riverbed Technology, Inc.";;False;True
0001357361;Atlas America Public #15-2006 (B) L.P.;;True;False
0001357369;American Campus Communities Operating Partnership LP;;True;False
0001357371;Breitburn Energy Partners LP;;False;True
0001357459;"PALISADE BIO, INC.";PALI;False;False
0001357531;"VelaTel Global Communications, Inc.";;True;False
0001357594;CLEAN POWER CONCEPTS INC.;;True;False
0001357615;"KBR, INC.";KBR;False;False
0001357642;SENTRY PETROLEUM LTD.;;True;False
0001357660;"STRATS(SM) Trust for Allstate Corp Securities, Series 2006-3";GJT;True;False
0001357671;"Creatd, Inc.";CRTD;False;True
0001357787;FLAG INTERMEDIATE HOLDINGS Corp;;True;False
0001357838;STW RESOURCES HOLDING CORP.;;True;False
0001357861;PPlus Trust Series LTD-1;;True;False
0001357874;PRECISION BIOSCIENCES INC;DTIL;False;False
0001357878;"REGENEREX PHARMA, INC.";RGPX;True;False
0001357939;"Proper Power & Energy, Inc.";;True;False
0001357971;Energy Services of America CORP;ESOA;False;False
0001358057;"LifeCare Holdings, Inc.";;True;False
0001358071;CONCHO RESOURCES INC;;False;True
0001358099;Ocean Electric Inc.;UCIX;True;False
0001358190;"IT TECH PACKAGING, INC.";ITP;False;False
0001358254;"ES Bancshares, Inc.";;True;False
0001358342;SCOUT ACQUISITION INC;;True;False
0001358356;"LIMESTONE BANCORP, INC.";;False;True
0001358403;"BELLICUM PHARMACEUTICALS, INC";;False;True
0001358483;"Everyday Health, Inc.";;False;True
0001358633;SENTIENT BRANDS HOLDINGS INC.;SNBHD;True;False
0001358651;Neiman Marcus Group LTD LLC;;True;False
0001358654;"RED METAL RESOURCES, LTD.";RMESF;True;False
0001358656;Millennium Sustainable Ventures Corp.;;False;True
0001358697;"Sterling Banks, Inc.";;False;True
0001358762;REATA PHARMACEUTICALS INC;;False;True
0001358831;LEGACY RESERVES LP;;True;False
0001359055;Buckeye GP Holdings L.P.;;False;True
0001359111;Fox Chase Bancorp Inc;;True;False
0001359425;"Intcomex, Inc.";;True;False
0001359504;"Bizzingo, Inc.";;True;False
0001359527;"SGS International, Inc.";;True;False
0001359555;Pendrell Corp;;False;True
0001359687;"RED TRAIL ENERGY, LLC";;True;False
0001359699;"WHOLEHEALTH PRODUCTS, INC.";;True;False
0001359841;Hanesbrands Inc.;;False;False
0001359931;"Protara Therapeutics, Inc.";TARA;False;False
0001360214;"HARROW HEALTH, INC.";HROW;False;False
0001360334;Alamo Energy Corp.;;True;False
0001360442;"Cannabis Sativa, Inc.";DOGP;True;False
0001360474;CRC Health CORP;;True;False
0001360530;"Vitamin Shoppe, Inc.";;False;True
0001360555;"Stanley, Inc.";;False;True
0001360564;FOCUS GOLD Corp;;True;False
0001360565;"Where Food Comes From, Inc.";WFCF;False;False
0001360581;"FGBC Bancshares, Inc.";;True;False
0001360604;Healthcare Realty Trust Inc;HR;False;True
0001360683;"TALMER BANCORP, INC.";;False;True
0001360752;Success Exploration & Resources Inc;;True;False
0001360886;"OSIRIS THERAPEUTICS, INC.";;False;True
0001360901;Evercore Inc.;EVR;False;False
0001360944;ONE EARTH ENERGY LLC;;True;False
0001361025;DCP Holding CO;;True;False
0001361103;COMPLETE GENOMICS INC;;False;True
0001361113;VARONIS SYSTEMS INC;VRNS;False;False
0001361248;TETRALOGIC PHARMACEUTICALS CORP;;False;True
0001361312;"Western Iowa Energy, L.L.C.";;True;False
0001361394;"Affinion Group, Inc.";;True;False
0001361470;MAVENIR SYSTEMS INC;;False;True
0001361538;Primoris Services Corp;PRIM;False;False
0001361540;"GLOBALINK, LTD.";;True;False
0001361579;Virtual Radiologic CORP;;False;True
0001361658;Travel & Leisure Co.;TNL;False;False
0001361709;Susser Holdings CORP;;False;True
0001361872;"Westway Group, Inc.";;False;True
0001361917;SRKP 10 INC;;True;False
0001361937;Harvest Oil & Gas Corp.;;False;True
0001361955;"KOGETO, INC.";;True;False
0001361983;ORBCOMM Inc.;;False;True
0001362004;"ICF International, Inc.";ICFI;False;False
0001362120;"Pinnacle Gas Resources, Inc.";;False;True
0001362180;PSM HOLDINGS INC;;True;False
0001362190;AUDIOEYE INC;AEYE;False;False
0001362468;Allegiant Travel CO;ALGT;False;False
0001362491;METALS USA HOLDINGS CORP.;;False;True
0001362502;"ALL AMERICAN PET COMPANY, INC.";;True;False
0001362516;"Cleartronic, Inc.";CLRI;True;False
0001362659;"TETRAGENEX PHARMACEUTICALS, INC.";;True;False
0001362703;"THERALINK TECHNOLOGIES, INC.";;True;False
0001362705;Evolve Transition Infrastructure LP;;False;False
0001362718;"TIANYIN PHARMACEUTICAL CO., INC.";;False;True
0001362925;Planet Payment Inc;;False;True
0001362988;Aircastle LTD;AYR;False;True
0001363254;Pegasi Energy Resources Corporation.;;True;False
0001363294;"China Interactive Education, Inc.";;True;False
0001363343;USA Zhimingde International Group Corp;;True;False
0001363488;WaterPure International;;True;False
0001363573;"MV Portfolios, Inc.";;True;False
0001363598;"Regal Life Concepts, Inc.";NTRX;True;False
0001363829;Enstar Group LTD;;False;False
0001363851;Catamaran Corp;;False;True
0001363890;KAYNE ANDERSON ENERGY DEVELOPMENT CO;;False;True
0001363958;"WESTERN CAPITAL RESOURCES, INC.";;True;False
0001364085;"Mirant North America, LLC";;True;False
0001364099;"Innophos Holdings, Inc.";;False;True
0001364100;"Cal Dive International, Inc.";;False;True
0001364123;Pioneer Exploration Inc.;;True;False
0001364208;"Zevotek, Inc";;True;False
0001364250;Douglas Emmett Inc;DEI;False;False
0001364326;"Pure Minerals, Inc.";;True;False
0001364397;RIDGEWOOD ENERGY T FUND LLC;;True;False
0001364436;"ZipGlobal Holdings, Inc.";;True;False
0001364479;HERC HOLDINGS INC;HRI;True;False
0001364541;EAGLE ROCK ENERGY PARTNERS L P;;False;True
0001364560;"Helix Wind, Corp.";;True;False
0001364561;"DEFENTECT GROUP, INC.";;True;False
0001364587;Genova Biotherapeutics Inc.;;True;False
0001364652;"iPayment Holdings, Inc";;True;False
0001364742;BlackRock Inc.;;True;False
0001364856;"Monarch Financial Holdings, Inc.";;False;True
0001364885;"Spirit AeroSystems Holdings, Inc.";;False;False
0001364896;"MedPro Safety Products, Inc.";;True;False
0001364954;"CHEGG, INC";CHGG;False;False
0001364962;IMPERVA INC;;False;True
0001365022;Coronado Corp.;;True;False
0001365038;LEAF GROUP LTD.;;False;True
0001365101;Primo Water Corp;;False;True
0001365135;Western Union CO;WU;False;False
0001365160;Domark International Inc.;;True;False
0001365216;"Sucampo Pharmaceuticals, Inc.";;False;True
0001365357;"ZZLL INFORMATION TECHNOLOGY, INC";;True;False
0001365388;"High Sierra Technologies, Inc.";HSTI;True;False
0001365554;Snowdon Resources CORP;;True;False
0001365555;"Amtrust Financial Services, Inc.";;False;True
0001365669;FRANKLIN TOWERS ENTERPRISES INC;;True;False
0001365748;NOVAMEX ENERGY INC.;;True;False
0001365784;"BIOSHAFT WATER TECHNOLOGY, INC.";;True;False
0001365790;"GLG Partners, Inc.";;False;True
0001365794;Chino Commercial Bancorp;;True;False
0001365832;CYBRA CORP;;True;False
0001365916;"AMYRIS, INC.";;False;True
0001365983;"GWS Technologies, Inc.";;True;False
0001365997;Bank of the Carolinas CORP;;False;True
0001366246;GLU MOBILE INC;;False;True
0001366292;"Penn Virginia GP Holdings, L.P.";;True;False
0001366312;"Juhl Energy, Inc";;True;False
0001366317;MATTMAR MINERALS INC;;True;False
0001366340;"FINJAN HOLDINGS, INC.";;False;True
0001366367;YADKIN FINANCIAL Corp;;False;True
0001366391;ROCKY MOUNTAIN PLANTINGS INC;;True;False
0001366404;ASSOCIATED MEDIA HOLDINGS INC;;True;False
0001366407;DOUBLE CROWN RESOURCES INC.;;True;False
0001366527;"Carbon Black, Inc.";;False;True
0001366541;"Q Therapeutics, Inc.";;True;False
0001366561;SMARTSHEET INC;;False;False
0001366649;Dialogic Inc.;;False;True
0001366684;HOMEAWAY INC;;False;True
0001366744;HOMELAND ENERGY SOLUTIONS LLC;;True;False
0001366823;"Spring Creek Healthcare Systems, Inc.";;True;False
0001366826;"Piedmont Mining Company, Inc.";;True;False
0001366868;"Globalstar, Inc.";GSAT;False;False
0001366925;"Ben Franklin Financial, Inc.";;True;False
0001366928;AEP Texas Central Transition Funding II LLC;;True;False
0001366986;"Skagit State Bancorp, Inc.";;True;False
0001367001;"BROOKSIDE TECHNOLOGY HOLDINGS, CORP.";;True;False
0001367064;"Archrock Partners, L.P.";;False;True
0001367083;"Sonoma Pharmaceuticals, Inc.";SNOA;False;False
0001367305;DB Multi-Sector Commodity Master Trust;;True;False
0001367306;Invesco DB Multi-Sector Commodity Trust;;True;False
0001367311;"DAKOTA PLAINS HOLDINGS, INC.";;False;True
0001367387;Exterra Energy Inc.;;True;False
0001367396;SUPERMEDIA INC.;;False;True
0001367408;Sino American Oil Co;;True;False
0001367416;"MIT Holding, Inc.";;True;False
0001367617;CYBERMESH INTERNATIONAL CORP.;;True;False
0001367644;Emergent BioSolutions Inc.;EBS;False;False
0001367722;SPICY PICKLE FRANCHISING INC;;True;False
0001367777;"A.G. Volney Center, Inc";;True;False
0001367832;AURORA DIAGNOSTICS HOLDINGS LLC;;True;False
0001367859;Citizens Community Bancorp Inc.;CZWI;False;False
0001367898;"CHINA EDUCATION INTERNATIONAL, INC.";;True;False
0001367920;"CONCERT PHARMACEUTICALS, INC.";;False;True
0001367922;LYNX ACQUISITION INC;;True;False
0001368007;NYSE Euronext;;False;True
0001368044;Plastinum Polymer Technologies Corp.;;True;False
0001368055;"Zinco do Brasil, Inc.";;True;False
0001368148;"ATHERSYS, INC / NEW";;False;True
0001368192;Dragon Acquisition CORP;;True;False
0001368194;"IPKV Holdings, Inc.";;True;False
0001368195;Aegean Earth & Marine CORP;;True;False
0001368196;Oriental Dragon Corp;;True;False
0001368218;"Tootie Pie Company, Inc.";;True;False
0001368252;Polonia Bancorp;;True;False
0001368256;K's Media;;True;False
0001368265;Clean Energy Fuels Corp.;CLNE;False;False
0001368275;W&E Source Corp.;;True;False
0001368286;"iTech Medical, Inc.";;True;False
0001368294;Chatter Box Call Center Ltd.;;True;False
0001368308;"Highpower International, Inc.";;False;True
0001368309;SRKP 14 INC;;True;False
0001368310;SRKP 12 INC;;True;False
0001368365;"REMARK HOLDINGS, INC.";;False;False
0001368457;Alberto-Culver CO;;False;True
0001368458;"Sally Beauty Holdings, Inc.";SBH;False;False
0001368505;SILICA RESOURCES CORP;;True;False
0001368506;"R&R ACQUISITION X, INC";;True;False
0001368507;"R&R ACQUISITION IX, INC";;True;False
0001368510;"R&R ACQUISITION VIII, INC";;True;False
0001368513;"R&R ACQUISITION VII, INC";;True;False
0001368514;"ADMA BIOLOGICS, INC.";ADMA;False;False
0001368568;"DALIAN CAPITAL GROUP, INC.";;True;False
0001368582;ArcSight Inc;;False;True
0001368620;Bioflamex Corp;;True;False
0001368622;AeroVironment Inc;AVAV;False;False
0001368637;Petrolia Energy Corp;;True;False
0001368714;Nilam Resources Inc.;;True;False
0001368745;"Yanglin Soybean, Inc.";;True;False
0001368757;"GTJ REIT, INC.";;True;False
0001368761;"Start Scientific, Inc.";;True;False
0001368765;Umami Sustainable Seafood Inc.;;True;False
0001368770;Patio Bahia Inc;;True;False
0001368775;"Burlington Coat Factory Investments Holdings, Inc.";;True;False
0001368802;"Atlas Energy Resources, LLC";;True;False
0001368900;"GateHouse Media, Inc.";;True;False
0001368954;"Reef Global Energy VIII, L.P.";;True;False
0001368961;"Allegiant Professional Business Services, Inc.";;True;False
0001368964;"La Cortez Energy, Inc.";;True;False
0001368993;"WaferGen Bio-systems, Inc.";;False;True
0001369140;RainEarth Inc.;;True;False
0001369141;"Sadhana Equity Investment, Inc.";;True;False
0001369203;HK BATTERY TECHNOLOGY INC;;True;False
0001369233;"UFood Restaurant Group, Inc.";;True;False
0001369290;"MYOMO, INC.";MYO;False;False
0001369444;MIZATI LUXURY ALLOY WHEELS INC;;True;False
0001369568;"CATALYST PHARMACEUTICALS, INC.";CPRX;False;False
0001369628;COMMODITY ADVISORS FUND L.P.;;True;False
0001369688;MS Structured SATURNS Series 2006-2;;True;False
0001369748;FNDS3000 Corp;;True;False
0001369774;"Shiner International, Inc.";;False;True
0001369786;"Sagent Pharmaceuticals, Inc.";;False;True
0001369795;GYROTRON TECHNOLOGY INC;;True;False
0001369817;"OneBeacon Insurance Group, Ltd.";;False;True
0001369868;"China Biologic Products, Inc.";;False;True
0001370030;Bio-AMD Inc.;;True;False
0001370053;"ANAPTYSBIO, INC";ANAB;False;False
0001370291;"First California Financial Group, Inc.";;False;True
0001370292;VERIFY SMART CORP.;;True;False
0001370314;"Double-Take Software, Inc.";;False;True
0001370450;"Willdan Group, Inc.";WLDN;False;False
0001370489;"Bluefire Renewables, Inc.";;True;False
0001370544;SMOKY MARKET FOODS INC;;True;False
0001370637;ETSY INC;ETSY;False;False
0001370702;QUANTENNA COMMUNICATIONS INC;;False;True
0001370754;"Special Value Continuation Partners, LP";;True;False
0001370755;BlackRock TCP Capital Corp.;TCPC;False;False
0001370804;MEDICAL IMAGING CORP.;;True;False
0001370816;"FBC Holding, Inc.";FBCD;True;False
0001370823;Jade Art Group Inc.;;True;False
0001370880;"Mandiant, Inc.";;False;True
0001370914;"Florida Bank Group, Inc.";;True;False
0001370946;Owens Corning;OC;False;False
0001371011;"Switch & Data Facilities Company, Inc.";;False;True
0001371128;"NewHydrogen, Inc.";NEWH;True;False
0001371217;ReShape Lifesciences Inc.;;True;False
0001371247;Mackenzie Taylor Minerals Inc.;;True;False
0001371285;"TRUPANION, INC.";TRUP;False;False
0001371310;Neologic Animation Inc;;True;False
0001371424;ROYAL MINES & MINERALS CORP;;True;False
0001371446;FBR & Co.;;False;True
0001371451;HIGHWATER ETHANOL LLC;;True;False
0001371473;"Znomics, Inc.";;True;False
0001371474;"Scout Exploration, Inc";;True;False
0001371487;"CLEANTECH TRANSIT, INC.";;True;False
0001371489;Information Services Group Inc.;III;False;False
0001371531;DB US Dollar Index Master Trust;;True;False
0001371534;Gold Dynamics Corp.;;True;False
0001371571;Invesco DB US Dollar Index Trust;;True;False
0001371781;"World Energy Solutions, Inc.";;False;True
0001371782;MV Oil Trust;MVO;False;False
0001372000;UNIVERSAL POWER GROUP INC.;;False;True
0001372020;Great Lakes Dredge & Dock CORP;GLDD;False;False
0001372041;PAETEC Holding Corp.;;False;True
0001372167;"Pan Ocean Container Supplies, Ltd.";;True;False
0001372183;NextPlay Technologies Inc.;;False;False
0001372184;"New You, Inc.";;True;False
0001372267;"ONE Bio, Corp.";;True;False
0001372299;"Ocugen, Inc.";OCGN;False;False
0001372336;LIBERTY ENERGY CORP.;;True;False
0001372375;Millennial Media Inc.;;False;True
0001372414;"AEROHIVE NETWORKS, INC";;False;True
0001372514;KIORA PHARMACEUTICALS INC;KPHMW;False;False
0001372533;"GREEN PLANET GROUP, INC.";;True;False
0001372605;CHATSWORTH ACQUISITIONS I INC;;True;False
0001372612;BOX INC;BOX;False;False
0001372620;KALEX CORP;;True;False
0001372664;"COMVERGE, INC.";;False;True
0001372807;Portman Ridge Finance Corp;BCIC;False;False
0001372813;"Animal Health International, Inc.";;False;True
0001372902;"China Culture Resorts Holdings, Inc.";;True;False
0001372954;Ameritrust Corp;;True;False
0001373024;"Guinness Exploration, Inc";;True;False
0001373079;ALLIANCE BANCORP INC OF PENNSYLVANIA;;False;True
0001373149;"RJS Development, Inc.";;True;False
0001373150;Tresor Corp;;True;False
0001373179;AlphaMetrix Managed Futures LLC;;True;False
0001373206;"STRATS Trust For News Corp. Securities, Series 2006-4";;True;False
0001373444;iTalk Inc.;;True;False
0001373485;"CROSS BORDER RESOURCES, INC.";;True;False
0001373525;"FIRST CAPITAL BANCORP, INC.";;False;True
0001373561;"NewStar Financial, Inc.";;False;True
0001373670;"Green Brick Partners, Inc.";GRBK-PA;False;False
0001373671;"Isilon Systems, Inc.";;False;True
0001373683;"Silvan Industries, Inc.";;True;False
0001373690;Indigenous Roots Corp.;;True;False
0001373707;TETRAPHASE PHARMACEUTICALS INC;;False;True
0001373715;"ServiceNow, Inc.";NOW;False;False
0001373761;NYXIO TECHNOLOGIES Corp;;True;False
0001373792;"CLEAN TRANSPORTATION GROUP, INC.";;True;False
0001373797;ANASAZI CAPITAL CORP;;True;False
0001373835;Spectra Energy Corp.;;False;True
0001373846;"China Internet Cafe Holdings Group, Inc.";;True;False
0001373853;NEW AMERICA ENERGY CORP.;;True;False
0001373980;"Heelys, Inc.";;False;True
0001373988;Essex Rental Corp.;;False;True
0001374128;ENTELLUS MEDICAL INC;;False;True
0001374135;"BioCube, INC.";;True;False
0001374310;"Cboe Global Markets, Inc.";CBOE;False;False
0001374328;"FITLIFE BRANDS, INC.";FTLF;False;False
0001374339;ProMIS Neurosciences Inc.;PMN;False;False
0001374535;Altra Industrial Motion Corp.;;False;True
0001374536;"Medytox Solutions, Inc.";;True;False
0001374567;"Luvu Brands, Inc.";LUVU;True;False
0001374584;Geopulse Exploration Inc.;;True;False
0001374684;"MULESOFT, INC";;False;True
0001374690;"Larimar Therapeutics, Inc.";LRMR;False;False
0001374694;WELLS MID-HORIZON VALUE-ADDED FUND I LLC;;True;False
0001374783;MSB FINANCIAL CORP.;;True;False
0001374845;TAMM Oil & Gas Corp.;;True;False
0001374881;Kingfish Holding Corp;;True;False
0001374976;"Northport Network Systems, Inc.";;True;False
0001374985;Atlas Resources Public #16-2007 (A) L.P.;;True;False
0001374993;NextWave Wireless Inc.;;False;True
0001375063;SYNTHESIS ENERGY SYSTEMS INC;;False;True
0001375083;"Meruelo Maddux Properties, Inc.";;True;False
0001375151;"ZOGENIX, INC.";;False;True
0001375195;CORETEC GROUP INC.;;True;False
0001375200;NUPATHE INC.;;False;True
0001375205;UR-ENERGY INC;URG;False;False
0001375247;"Obagi Medical Products, Inc.";;False;True
0001375320;"Hampden Bancorp, Inc.";;False;True
0001375348;Golden Star Resource Corp.;GLNS;True;False
0001375365;"Super Micro Computer, Inc.";SMCI;False;False
0001375424;ONCURE HOLDINGS INC;;True;False
0001375483;SKY DIGITAL STORES CORP.;;True;False
0001375494;China Shuangji Cement Ltd.;;True;False
0001375495;SOLAR ACQUISITION CORP.;;True;False
0001375554;"Bill The Butcher, Inc.";;True;False
0001375557;"Guidance Software, Inc.";;False;True
0001375576;"Lithium Exploration Group, Inc.";;True;False
0001375596;UNIVERSAL GOLD MINING CORP.;;True;False
0001375618;"Amazing Energy Oil & Gas, Co.";;True;False
0001375623;IMMUNOSYN CORP;;True;False
0001375685;BTHC X INC;;True;False
0001375686;"THT Heat Transfer Technology, Inc.";;False;True
0001375793;"Metalert, Inc.";MLRT;True;False
0001375796;"Telaria, Inc.";;False;True
0001375814;MxEnergy Holdings Inc;;True;False
0001375850;Hubei Minkang Pharmaceutical Ltd.;;True;False
0001375911;"ISDERA NORTH AMERICA, INC.";;True;False
0001376056;Structured Products Corp CorTS Trust V for IBM Debentures;;True;False
0001376067;"Venture Lending & Leasing V, Inc.";;True;False
0001376074;"LEAF Equipment Leasing Income Fund III, L.P.";;True;False
0001376139;CVR ENERGY INC;CVI;False;False
0001376227;"United States Natural Gas Fund, LP";UNG;True;False
0001376228;Kedem Pharmaceuticals Inc.;;True;False
0001376231;"VPR Brands, LP.";VPRB;True;False
0001376316;NEXGEN APPLIED SOLUTIONS INC;;True;False
0001376321;ZW Data Action Technologies Inc.;CNET;False;False
0001376339;"MIMEDX GROUP, INC.";MDXG;False;False
0001376502;"Paneltech International Holdings, Inc.";;True;False
0001376556;"Vaughan Foods, Inc.";;False;True
0001376567;"Hughes Network Systems, LLC";;True;False
0001376610;Allied Nevada Gold Corp.;;True;False
0001376668;GENERAL AUTOMOTIVE CO;;True;False
0001376742;Cavico Corp;;False;True
0001376755;"LATITUDE 360, INC.";;True;False
0001376793;"Cavitation Technologies, Inc.";CVAT;True;False
0001376804;"VNUE, Inc.";VNUED;True;False
0001376812;Patriot Coal CORP;;False;True
0001376866;8888 Acquisition CORP;;True;False
0001376912;Rockies Region 2006 Limited Partnership;;True;False
0001376986;Tennessee Valley Authority;TVC;True;False
0001377013;TIME WARNER CABLE INC.;;False;True
0001377039;RFG ACQUISITION I INC;;True;False
0001377040;"AVRA Surgical Robotics, Inc.";;True;False
0001377053;AtheroNova Inc.;;True;False
0001377121;"Protagonist Therapeutics, Inc";PTGX;False;False
0001377145;Wilson Creek Mining Corp.;;True;False
0001377149;CareView Communications Inc;CRVW;True;False
0001377167;"Financial Gravity Companies, Inc.";FGCO;True;False
0001377178;Ridgewood Energy U Fund LLC;;True;False
0001377256;"Qingdao Footwear, Inc.";;True;False
0001377318;"HUNT GLOBAL RESOURCES, INC.";;True;False
0001377469;"PEGASUS TEL, INC.";;True;False
0001377490;Pinpoint Advance CORP;;True;False
0001377630;"National CineMedia, Inc.";NCMI;False;False
0001377720;CYBERDEFENDER CORP;;False;True
0001377789;"AVIAT NETWORKS, INC.";AVNW;False;False
0001377848;"ICON LEASING FUND TWELVE, LLC";;True;False
0001377888;Power of The Dream Ventures Inc;;True;False
0001377889;"Tia IV, Inc";;True;False
0001377893;"Tia II, Inc";;True;False
0001377895;"Tia I, Inc";;True;False
0001377936;SARATOGA INVESTMENT CORP.;SAZ;False;False
0001377940;"Border Management, Inc.";;True;False
0001377963;WESTMONT RESOURCES INC.;;True;False
0001377967;Structured Products Corp. CorTS Trust VI for IBM Debentures;;True;False
0001378020;Beneficial Mutual Bancorp Inc;;True;False
0001378076;"Okana Ventures, Inc.";;True;False
0001378125;Toga Ltd;;True;False
0001378140;"Ocean Power Technologies, Inc.";OPTT;False;False
0001378195;"Mogul Energy International, Inc.";;True;False
0001378270;"China Agri-Business, Inc.";;True;False
0001378453;TravelCenters of America Inc. /MD/;;False;True
0001378590;"Bridgeline Digital, Inc.";BLIN;False;False
0001378624;"Cellular Biomedicine Group, Inc.";;False;True
0001378625;GOLDEN CENTURY RESOURCES Ltd;;True;False
0001378706;AMERICAN DG ENERGY INC;;False;True
0001378718;"Wesco Aircraft Holdings, Inc";;False;True
0001378774;Sentio Healthcare Properties Inc;;True;False
0001378846;"interclick, inc.";;False;True
0001378946;"People's United Financial, Inc.";;False;True
0001378948;TRILLIANT EXPLORATION CORP;;True;False
0001378950;"CarParts.com, Inc.";PRTS;False;False
0001378992;"BERRY GLOBAL GROUP, INC.";;False;False
0001379006;"NANOVIRICIDES, INC.";NNVC;False;False
0001379041;"Employers Holdings, Inc.";EIG;False;False
0001379043;"XTREME FIGHTING CHAMPIONSHIPS, INC.";;True;False
0001379075;FSP 50 South Tenth Street Corp;;True;False
0001379245;"ENIGMA-BULWARK, LTD";;True;False
0001379246;BODY CENTRAL CORP;;False;True
0001379377;MAXLIFE FUND CORP.;;True;False
0001379378;Duncan Energy Partners L.P.;;False;True
0001379396;GCA I ACQUISITION CORP;;True;False
0001379404;"Corporate Backed Callable Trust Certificates, J.C. Penny Debenture-Backed Series 2006-1 Trust";;True;False
0001379420;"RAFAELLA APPAREL GROUP,INC.";;True;False
0001379527;WisdomTree Continuous Commodity Index Master Fund;;True;False
0001379606;WisdomTree Continuous Commodity Index Fund;;True;False
0001379661;Targa Resources Partners LP;;False;True
0001379699;Digital Development Group Corp;;True;False
0001379714;"Sabine Pass LNG, L.P.";;True;False
0001379725;"AgriSolar Solutions, Inc.";;True;False
0001379763;Atlas America Series 27-2006 L.P.;;True;False
0001379785;"Barings BDC, Inc.";BBDC;False;False
0001379810;"Ruby Creek Resources, Inc.";;True;False
0001379895;DYNEGY INC.;;False;True
0001380024;"SentiSearch, Inc.";;True;False
0001380106;"RAPID MICRO BIOSYSTEMS, INC.";RPID;False;False
0001380277;"INFRAX SYSTEMS, INC.";;True;False
0001380393;Fortress Investment Group LLC;;False;True
0001380412;HK GRAPHENE TECHNOLOGY CORP;;True;False
0001380509;"HFF, Inc.";;False;True
0001380528;GC China Turbine Corp.;;True;False
0001380706;"China Domestica Bio-technology Holdings, Inc.";;True;False
0001380713;Cortronix Biomedical Advancement Technologies Inc.;;True;False
0001380765;ONEPAK INC;;True;False
0001380846;"TriState Capital Holdings, Inc.";;False;True
0001380856;APRECIA INC;;True;False
0001381054;Hydrogen Future Corp;;True;False
0001381105;"Plastic2Oil, Inc.";;True;False
0001381197;"Interactive Brokers Group, Inc.";IBKR;False;False
0001381240;GSRX INDUSTRIES INC.;;True;False
0001381272;Sensata Technologies B.V.;;True;False
0001381324;URBAN AG. CORP;;True;False
0001381325;"BigBand Networks, Inc.";;False;True
0001381341;ecoTECH Energy Group Inc.;;True;False
0001381435;"Giggles N' Hugs, Inc.";;True;False
0001381447;"Munro Developments, Inc.";;True;False
0001381455;Stewart & Stevenson LLC;;True;False
0001381507;"LIMEADE, INC";;True;False
0001381531;Domtar CORP;;False;True
0001381639;Mayflower Bancorp Inc;;False;True
0001381668;TFS Financial CORP;TFSL;False;False
0001381786;Bering Growth CORP;;True;False
0001381790;Tsingda eEDU Corp;;True;False
0001381792;TODA INTERNATIONAL HOLDINGS INC.;;True;False
0001381795;Seven Seas Acquisition CORP;;True;False
0001381796;Juniper Growth CORP;;True;False
0001381798;Pan Asian CORP;;True;False
0001381804;Global Growth CORP;;True;False
0001381805;ORB Automotive;;True;False
0001381806;Lunar Growth CORP;;True;False
0001381807;"Huixin Waste Water Solutions, Inc.";;True;False
0001381871;"bowmo, Inc.";;True;False
0001381873;"BARCLAY ROAD, INC.";;True;False
0001382041;Preferential Equities Corp.;;True;False
0001382056;vitaminspice;;True;False
0001382085;Disability Access Corp;;True;False
0001382101;"SUTRO BIOPHARMA, INC.";STRO;False;False
0001382112;"GREAT CHINA MANIA HOLDINGS, INC.";;True;False
0001382134;"Shopoff Properties Trust, Inc.";;True;False
0001382219;"6D Global Technologies, Inc";;False;True
0001382230;"ESSA Bancorp, Inc.";;False;False
0001382231;Fortem Resources Inc.;;True;False
0001382413;"Delanco Bancorp, Inc";;True;False
0001382462;DEL TORO SILVER CORP.;;True;False
0001382574;"TRxADE HEALTH, INC";SCNX;False;False
0001382702;China TMK Battery Systems Inc.;;True;False
0001382787;AmREIT Monthly Income & Growth Fund IV LP;;True;False
0001382805;"Game Trading Technologies, Inc.";;True;False
0001382821;Redfin Corp;;False;False
0001382911;"Orexigen Therapeutics, Inc.";;False;True
0001382943;"PREDICTIVE TECHNOLOGY GROUP, INC.";;True;False
0001383006;Evolucia Inc.;;True;False
0001383054;INVESCO DB SILVER FUND;;True;False
0001383055;Invesco DB Gold Fund;;True;False
0001383056;DB Gold Master Fund;;True;False
0001383057;Invesco DB Precious Metals Fund;DBP;True;False
0001383058;Invesco DB Oil Fund;DBO;True;False
0001383059;DB Precious Metals Master Fund;;True;False
0001383060;DB Oil Master Fund;;True;False
0001383061;DB Energy Master Fund;;True;False
0001383062;Invesco DB Energy Fund;DBE;True;False
0001383081;DB AGRICULTURE MASTER FUND;;True;False
0001383082;INVESCO DB AGRICULTURE FUND;DBA;True;False
0001383083;DB BASE METALS MASTER FUND;;True;False
0001383084;INVESCO DB BASE METALS FUND;DBB;True;False
0001383086;DB SILVER MASTER FUND;;True;False
0001383088;CYTTA CORP.;CYCA;True;False
0001383094;SANTANDER DRIVE AUTO RECEIVABLES LLC;;True;False
0001383097;NAKED BRAND GROUP INC.;;False;True
0001383116;"Volcan Holdings, Inc.";;True;False
0001383145;ROYALE GLOBE HOLDING INC.;;True;False
0001383148;DB US DOLLAR INDEX BEARISH MASTER FUND;;True;False
0001383149;INVESCO DB US DOLLAR INDEX BEARISH FUND;UDN;True;False
0001383150;DB US DOLLAR INDEX BULLISH MASTER FUND;;True;False
0001383151;Invesco DB US Dollar Index Bullish Fund;UUP;True;False
0001383154;"COPsync, Inc.";;False;True
0001383183;CombiMatrix Corp;;False;True
0001383196;"Location Based Technologies, Inc.";;True;False
0001383312;"BROADRIDGE FINANCIAL SOLUTIONS, INC.";BR;False;False
0001383394;TRANSACT ENERGY CORP;;True;False
0001383414;PENNANTPARK INVESTMENT CORP;PNNT;False;False
0001383528;"Vision Acquisition III, Inc";;True;False
0001383529;"NovaRay Medical, Inc.";;True;False
0001383534;"Vision Acquisition II, Inc";;True;False
0001383571;GLOBE SPECIALTY METALS INC;;False;True
0001383637;"Phoenix International Ventures, Inc.";;True;False
0001383650;"Cheniere Energy Partners, L.P.";CQP;False;False
0001383701;Histogen Inc.;;False;True
0001383729;"FUSION-IO, INC.";;False;True
0001383756;Dussault Apparel Inc.;;True;False
0001383803;JMP Group Inc.;;True;False
0001383825;"NET TALK.COM, INC.";;True;False
0001383859;INFRASTRUCTURE MATERIALS CORP.;;True;False
0001383871;"LIFELOCK, INC.";;False;True
0001383875;"LRI HOLDINGS, INC.";;True;False
0001383960;"UNIVERSITY GENERAL HEALTH SYSTEM, INC.";;True;False
0001384072;"Vanguard Natural Resources, Inc.";;False;True
0001384086;"Oak Tree Educational Partners, Inc.";;True;False
0001384101;"VERACYTE, INC.";VCYT;False;False
0001384135;"Lithium & Boron Technology, Inc.";;True;False
0001384195;"RING ENERGY, INC.";REI;False;False
0001384356;"Xenacare Holdings, Inc.";;True;False
0001384365;"RAADR, INC.";RDAR;True;False
0001384451;"Asia Document Transition, Inc.";;True;False
0001384522;Card Activation Technologies Inc;;True;False
0001384710;"Monogram Residential Trust, Inc.";;False;True
0001384731;PE Environmental Funding LLC;;True;False
0001384732;MP Environmental Funding LLC;;True;False
0001384905;"RingCentral, Inc.";RNG;False;False
0001384929;"GREEN EQUITY HOLDINGS, INC.";;True;False
0001385157;TE Connectivity Ltd.;TEL;False;False
0001385187;Covidien plc;;False;True
0001385211;"CHINA MULTIMEDIA, INC.";;True;False
0001385228;"BIND Therapeutics, Inc";;False;True
0001385280;"Cinemark Holdings, Inc.";CNK;False;False
0001385292;Monotype Imaging Holdings Inc.;;False;True
0001385305;"SavWatt USA, Inc.";;True;False
0001385310;UV FLU TECHNOLOGIES INC;;True;False
0001385329;"Creative Waste Solutions, Inc.";;True;False
0001385436;III TO I MARITIME PARTNERS CAYMAN I LP;;True;False
0001385508;"OPIANT PHARMACEUTICALS, INC.";;False;True
0001385544;Horsehead Holding Corp;;False;True
0001385596;"Opencell Biomed, Inc.";;True;False
0001385613;"GREENLIGHT CAPITAL RE, LTD.";GLRE;False;False
0001385662;RIDGEWOOD ENERGY V FUND LLC;;True;False
0001385720;SALLY HOLDINGS LLC;;True;False
0001385799;Advanced Biomedical Technologies Inc.;;True;False
0001385818;"AYTU BIOPHARMA, INC";AYTU;False;False
0001385830;NeurogesX Inc;;False;True
0001385849;ENERGY FUELS INC;UUUU;False;False
0001385867;Coupa Software Inc;;False;True
0001386018;"Tiger Oil & Energy, Inc.";;True;False
0001386019;China Skyrise Digital Service Inc.;;True;False
0001386026;"ZENERGY BRANDS, INC.";;True;False
0001386041;"Capital City Energy Group, Inc.";;True;False
0001386044;"Freedom Holdings, Inc.";TAAG;True;False
0001386049;"Beyond Commerce, Inc.";BYOC;True;False
0001386110;"Iowa Renewable Energy, LLC";;True;False
0001386164;CERES ABINGDON L.P.;;True;False
0001386198;MEMSIC Inc;;False;True
0001386262;AXIS TECHNOLOGIES GROUP INC;;True;False
0001386278;GREEN DOT CORP;GDOT;False;False
0001386301;"Research Solutions, Inc.";RSSS;False;False
0001386355;Travelport LTD;;True;False
0001386570;ChromaDex Corp.;NAGE;False;False
0001386636;Volkswagen Auto Loan Enhanced Trust 2007-1;;True;False
0001386765;"Saga Energy, Inc.";;True;False
0001386858;HYPERION THERAPEUTICS INC;;False;True
0001386926;KKR Financial Holdings LLC;;False;True
0001386936;GOLD LAKES CORP.;;True;False
0001387054;FIRMA HOLDINGS CORP.;;True;False
0001387061;"Lightstone Value Plus REIT V, Inc.";;True;False
0001387135;"QUANTUMSPHERE, INC.";;True;False
0001387156;AIRXPANDERS INC;;True;False
0001387341;Minatura Gold;;True;False
0001387361;"Apple REIT Eight, Inc.";;True;False
0001387467;ALPHA & OMEGA SEMICONDUCTOR Ltd;AOSL;False;False
0001387522;Pacific Copper Corp.;;True;False
0001387632;Manhattan Bancorp;;True;False
0001387637;"Corporate Backed Callable Trust Certificates, J.C. Penney Debenture-Backed Series 2007-1 Trust";;True;False
0001387673;POWRTEC CORP;;True;False
0001387713;"NEULION, INC.";;True;False
0001387976;"Consorteum Holdings, Inc.";;True;False
0001387998;Snoogoo Corp.;;True;False
0001388132;Hangover Joe's Holding Corp;;True;False
0001388133;ShoreTel Inc;;False;True
0001388174;Helmer Directional Drilling Corp.;;True;False
0001388180;Novus Robotics Inc.;;True;False
0001388195;PharMerica CORP;;False;True
0001388295;"WebSafety, Inc.";ONEI;True;False
0001388311;VLOV INC.;;True;False
0001388319;"U.S. Stem Cell, Inc.";;True;False
0001388320;"Actinium Pharmaceuticals, Inc.";ATNM;False;False
0001388410;"PARALLAX HEALTH SCIENCES, INC.";;True;False
0001388430;"CAI International, Inc.";;False;True
0001388486;Spotlight Innovation Inc.;;True;False
0001388488;"Mass Hysteria Entertainment Company, Inc.";;True;False
0001388490;MABCURE INC.;;True;False
0001388510;PENGRAM CORP;;True;False
0001388658;"iRhythm Technologies, Inc.";IRTC;False;False
0001388686;"Premier Power Renewable Energy, Inc.";;True;False
0001388855;"Deer Consumer Products, Inc.";;False;True
0001388978;"CHINA SHIANYUN GROUP CORP., LTD.";;True;False
0001388982;"CHUMA HOLDINGS, INC.";;True;False
0001389002;MARIN SOFTWARE INC;;False;False
0001389030;Crestwood Midstream Partners LP;;True;False
0001389034;Kallo Inc.;;True;False
0001389050;"Archrock, Inc.";AROC;False;False
0001389067;TAUTACHROME INC.;;True;False
0001389072;"HeartWare International, Inc.";;False;True
0001389115;Innolog Holdings Corp.;;True;False
0001389122;Frontier Balanced Fund;;True;False
0001389123;Frontier Heritage Fund;;True;False
0001389124;Frontier Global Fund;;True;False
0001389125;Frontier Select Fund;;True;False
0001389126;"CURRENCY SERIES, a series of The Frontier Fund";;True;False
0001389127;"LONG ONLY COMMODITY SERIES, a series of The Frontier Fund";;True;False
0001389128;Frontier Long/Short Commodity Fund;;True;False
0001389129;"MANAGED FUTURES INDEX SERIES, a series of The Frontier Fund";;True;False
0001389170;Targa Resources Corp.;TRGP;False;False
0001389217;"ALLDIGITAL HOLDINGS, INC.";;True;False
0001389294;Western Graphite Inc.;;True;False
0001389305;RSC Holdings Inc.;;False;True
0001389405;Freshwater Technologies Inc.;;True;False
0001389413;First Surgical Partners Inc.;;True;False
0001389415;INFRASTRUCTURE DEVELOPMENTS CORP.;;True;False
0001389518;"Clubhouse Media Group, Inc.";;True;False
0001389545;"NovaBay Pharmaceuticals, Inc.";NBY;False;False
0001389772;FIRST PRIORITY FINANCIAL CORP.;;True;False
0001389797;FSB Community Bankshares Inc;;True;False
0001389870;"OMNI BIO PHARMACEUTICAL, INC.";;True;False
0001389871;Texas Sweet Crude Oil Corp;;True;False
0001389879;"World Series of Golf, Inc.";;True;False
0001389936;MS Structured SATURNS Series 2007-1;;True;False
0001390028;Skyview Holdings Corp.;;True;False
0001390072;"Generation Zero Group, Inc.";;True;False
0001390134;GeoTraq Inc.;;True;False
0001390162;Howard Bancorp Inc;;False;True
0001390213;Corporate Property Associates 17 - Global INC;;True;False
0001390292;"Anoteros, Inc.";;True;False
0001390312;"Bancorp of New Jersey, Inc.";;False;True
0001390329;"YAFARM TECHNOLOGIES, INC.";;True;False
0001390478;"SELLAS Life Sciences Group, Inc.";SLS;False;False
0001390533;SMARTCHASE CORP.;;True;False
0001390662;"China Jianye Fuel, Inc.";;True;False
0001390705;"Uplift Nutrition, Inc.";;True;False
0001390777;Bank of New York Mellon Corp;BK-PK;False;False
0001390778;"VERDE SCIENCE, INC.";;True;False
0001390804;YCC Holdings LLC;;True;False
0001390844;WABCO Holdings Inc.;;False;True
0001390891;Team Nation Holdings CORP;;True;False
0001391117;"ELECTRIC CAR COMPANY, INC.";;True;False
0001391127;"Edgio, Inc.";;False;False
0001391135;LFTD PARTNERS INC.;LIFD;True;False
0001391137;BCSB Bancorp Inc.;;False;True
0001391142;Q LOTUS HOLDINGS INC;;True;False
0001391174;FLM Minerals Inc.;;True;False
0001391253;"CHANCERY RESOURCES, INC.";;True;False
0001391390;BOISE INC.;;False;True
0001391407;BIOFUELS POWER CORP;;True;False
0001391426;"CHINA VITUP HEALTH CARE HOLDINGS, INC.";CLNV;True;False
0001391570;"Oldwebsites.com, Inc.";;True;False
0001391614;"Princeton Security Technologies, Inc.";;True;False
0001391636;CYAN INC;;False;True
0001391674;"Suspect Detection Systems, Inc.";;True;False
0001391723;Sloud Inc;;True;False
0001391750;"Veracity Management Global, Inc.";;True;False
0001391798;"Gamzio Mobile, Inc.";;True;False
0001391933;QUAINT OAK BANCORP INC;QNTO;True;False
0001392091;"Blueknight Energy Partners, L.P.";;False;True
0001392121;"Coyote Resources, Inc.";;True;False
0001392363;"China Advanced Construction Materials Group, Inc";;True;False
0001392380;"Gevo, Inc.";GEVO;False;False
0001392445;Pro Financial Holdings Inc;;True;False
0001392446;China Sports Holding Co Ltd;;True;False
0001392448;"Midas Medici Group Holdings, Inc.";;True;False
0001392449;Green Planet Bio Engineering Co. Ltd.;GPLB;True;False
0001392477;XTREME GREEN ELECTRIC VEHICLES INC.;;True;False
0001392486;"SubMicron Technologies, Inc.";;True;False
0001392488;"Hyperion Energy, Inc.";;True;False
0001392522;"Freescale Semiconductor, Ltd.";;False;True
0001392545;"Lightning Gaming, Inc.";;True;False
0001392562;LOUISIANA BANCORP INC;;False;True
0001392573;"New York Residential, Inc.";;True;False
0001392694;"SurgePays, Inc.";SURG;False;False
0001392875;Amogear Inc.;;True;False
0001392902;"Endurance Exploration Group, Inc.";;True;False
0001392922;"Hometown Bancorp,Inc.";;True;False
0001392960;"MONGOLIA HOLDINGS, INC.";;True;False
0001392972;"PROS Holdings, Inc.";;False;False
0001393020;"Invuity, Inc.";;False;True
0001393044;Petrocorp Inc;MTMV;True;False
0001393052;VEEVA SYSTEMS INC;VEEV;False;False
0001393066;Resolute Forest Products Inc.;;False;True
0001393109;China Wind Energy Inc.;;True;False
0001393283;North American Gold & Minerals Fund;;True;False
0001393284;"FORZA ENVIRONMENTAL BUILDING PRODUCTS, INC.";;True;False
0001393311;Public Storage;PSA-PS;False;False
0001393356;"SURFACE COATINGS, INC.";;True;False
0001393359;MAN FRM MANAGED FUTURES STRATEGIES LLC;;True;False
0001393371;"PHOENIX MEDICAL SOFTWARE, INC.";;True;False
0001393403;"Sovereign Lithium, Inc.";;True;False
0001393434;"OCULAR THERAPEUTIX, INC";OCUL;False;False
0001393463;DC BRANDS INTERNATIONAL INC;;True;False
0001393526;"Kun Run Biotechnology, Inc.";;True;False
0001393540;IGEN NETWORKS CORP;;True;False
0001393548;ClickStream Corp;;True;False
0001393584;American Well Corp;AMWL;False;False
0001393612;Discover Financial Services;;False;False
0001393614;"Kentucky USA Energy, Inc.";;True;False
0001393631;Xhibit Corp.;;True;False
0001393726;TIPTREE INC.;TIPT;False;False
0001393744;"EnergySolutions, Inc.";;False;True
0001393772;"WEED, INC.";BUDZ;True;False
0001393781;Quality Industrial Corp.;QIND;True;False
0001393818;Blackstone Inc.;BX;False;False
0001393883;"DHI GROUP, INC.";DHX;False;False
0001393909;Ironwood Gold Corp.;;True;False
0001393935;"Thinspace Technology, Inc.";;True;False
0001394056;"ONE STOP SYSTEMS, INC.";OSS;False;False
0001394069;Yankee Holding Corp.;;True;False
0001394074;"Spectra Energy Partners, LP";;False;True
0001394108;SUIC Worldwide Holdings Ltd.;SUIC;True;False
0001394120;ANHUI TAIYANG POULTRY CO INC;;True;False
0001394130;Event Cardio Group Inc.;;True;False
0001394156;"Diversified Restaurant Holdings, Inc.";;False;True
0001394159;"Orbitz Worldwide, Inc.";;False;True
0001394220;RINO International CORP;;False;True
0001394319;"Tracon Pharmaceuticals, Inc.";;False;False
0001394446;Kabe Exploration Inc.;;True;False
0001394638;"Driveitaway Holdings, Inc.";DWAY;True;False
0001394660;Holmes Master Issuer;;True;False
0001394778;Daytona Systems Inc.;;True;False
0001394779;"Exmovere Holdings, Inc.";;True;False
0001394780;"Grand Monarch Holdings, Inc.";;True;False
0001394872;Ambient Water Corp;;True;False
0001394922;"ATEL 12, LLC";;True;False
0001394954;GT Advanced Technologies Inc.;;False;True
0001395005;PURIO INC.;;True;False
0001395205;MAINLAND RESOURCES INC.;;True;False
0001395317;DJO Finance LLC;;True;False
0001395400;Enhance Skin Products Inc;;True;False
0001395445;PERPETUAL INDUSTRIES INC.;;True;False
0001395585;First Trinity Financial CORP;;True;False
0001395695;Maxray Optical Technology Co. Ltd.;;True;False
0001395848;ADESTO TECHNOLOGIES Corp;;False;True
0001395864;Verso Paper Holdings LLC;;True;False
0001395937;Syndax Pharmaceuticals Inc;SNDX;False;False
0001395942;"KAR Auction Services, Inc.";OPLN;False;False
0001396009;Vulcan Materials CO;VMC;False;False
0001396033;"LL Flooring Holdings, Inc.";;False;False
0001396054;U.S. Lithium Corp.;;True;False
0001396118;"HW Holdings, Inc.";;True;False
0001396238;IRIS BIOTECHNOLOGIES INC;;True;False
0001396279;"hhgregg, Inc.";;False;True
0001396302;Blackbird Petroleum Corp;;True;False
0001396334;NACEL ENERGY CORP;;True;False
0001396348;Media Sentiment Inc.;;True;False
0001396426;HAWKER BEECHCRAFT ACQUISITION CO LLC;;True;False
0001396427;HAWKER BEECHCRAFT NOTES CO;;True;False
0001396440;Main Street Capital CORP;MAIN;False;False
0001396446;"CYS Investments, Inc.";;False;True
0001396536;"DUOS TECHNOLOGIES GROUP, INC.";DUOT;True;False
0001396549;"Entergy Gulf States Reconstruction Funding I, LLC";;True;False
0001396633;SUMMER ENERGY HOLDINGS INC;;True;False
0001396669;"FCA Leasing, Inc.";;True;False
0001396709;"Western Dubuque Biodiesel, LLC";;True;False
0001396710;"AC Financial Services, Inc.";;True;False
0001396730;First National Master Note Trust;;True;False
0001396814;"Pacira BioSciences, Inc.";PCRX;False;False
0001396838;Dolan Co.;;False;True
0001396877;"United States Diesel-Heating Oil Fund, LP";;True;False
0001396878;"United States Gasoline Fund, LP";UGA;True;False
0001396882;"NCOP VIII, LLC";;True;False
0001396883;"NCOP VII, LLC";;True;False
0001396884;"NCOP VI, LLC";;True;False
0001396885;"NCOP V, LLC";;True;False
0001396886;"NCOP IV, LLC";;True;False
0001396887;"NCOP III, LLC";;True;False
0001396888;"NCOP II, LLC";;True;False
0001396889;"NCOP I, LLC";;True;False
0001396891;"NCOP Nevada Holdings, Inc.";;True;False
0001396892;"NCOP/Marlin, Inc.";;True;False
0001396893;"NCOP Capital Resource, LLC";;True;False
0001396894;"NCOP Services, Inc.";;True;False
0001396896;"NCO ACI Holdings, Inc.";;True;False
0001396897;"NCO Financial Systems, Inc.";;True;False
0001396898;"NCO Customer Management, Inc.";;True;False
0001396899;"NCO Support Services, LLC";;True;False
0001396900;"NCO Teleservices, Inc.";;True;False
0001397016;Optex Systems Holdings Inc;OPXS;False;False
0001397047;"FlexShopper, Inc.";;False;False
0001397183;"Iveda Solutions, Inc.";IVDAW;False;False
0001397187;lululemon athletica inc.;LULU;False;False
0001397246;"RMH Teleservices Asia Pacific, Inc.";;True;False
0001397247;"FCA Funding, Inc.";;True;False
0001397292;"NCOCRM Funding, Inc.";;True;False
0001397293;"ALW Financial, Inc.";;True;False
0001397294;"NCO Holdings, Inc.";;True;False
0001397295;"NCOP Financing, Inc.";;True;False
0001397346;"BEST ENERGY SERVICES, INC.";;True;False
0001397403;IMH Financial Corp;;True;False
0001397410;Nielsen CO B.V.;;True;False
0001397516;REX ENERGY CORP;;False;True
0001397531;"NCO Funding, Inc.";;True;False
0001397532;"NCO Group International, Inc.";;True;False
0001397533;"ABINGTON BANCORP, INC./PA";;False;True
0001397645;SOMBRIO CAPITAL CORP;;True;False
0001397702;Silk Road Medical Inc;;False;False
0001397771;"Reliance Bancshares, Inc.";;True;False
0001397772;"NCO Group, Inc.";;True;False
0001397773;"JDR Holdings, Inc.";;True;False
0001397774;"NCO Portfolio Management, Inc.";;True;False
0001397795;"QUTURE INTERNATIONAL, INC.";BRRN;True;False
0001397807;"AmREIT, Inc.";;False;True
0001397821;Duff & Phelps Corp;;False;True
0001397832;Atlantic Green Power Holding Co;;True;False
0001397867;Global Aviation Holdings Inc.;;True;False
0001397911;LPL Financial Holdings Inc.;LPLA;False;False
0001397919;FOODFEST INTERNATIONAL 2000 INC.;;True;False
0001397951;"Cybergy Holdings, Inc.";;True;False
0001397958;"Compass Teleservices, Inc.";;True;False
0001397966;Winland Ocean Shipping Corp;;True;False
0001398004;SaveDaily Inc;;True;False
0001398005;GEOVIC MINING CORP.;;True;False
0001398006;"Oak Ridge Financial Services, Inc.";;False;True
0001398026;"TechniScan, Inc.";;True;False
0001398137;"Generation Alpha, Inc.";;True;False
0001398235;Adrenalina;;True;False
0001398427;"Alpha Lujo, Inc.";;True;False
0001398488;"World Mortgage Exchange Group, Inc.";;True;False
0001398522;"Go Solar USA, Inc.";;True;False
0001398529;"GREENKRAFT, INC.";;True;False
0001398551;"Yongye International, Inc.";;False;True
0001398604;"Madison Enterprises Group, Inc.";;True;False
0001398633;POLAR WIRELESS CORP.;;True;False
0001398659;Genpact LTD;G;False;False
0001398664;Encore Energy Partners LP;;False;True
0001398667;"GetFugu, Inc.";;True;False
0001398702;"Electronic Cigarettes International Group, Ltd.";;True;False
0001398733;"Aquestive Therapeutics, Inc.";AQST;False;False
0001398740;"NCOP IX, LLC";;True;False
0001398741;"AssetCare, Inc.";;True;False
0001398797;Point.360;;False;True
0001398805;Beam Global;BEEM;False;False
0001398987;Anywhere Real Estate Inc.;;False;False
0001399067;"China MediaExpress Holdings, Inc.";;False;True
0001399095;AXIOM OIL & GAS CORP.;;True;False
0001399113;"Secure Path Technology Holdings, Inc.";;True;False
0001399249;"Pzena Investment Management, Inc.";;False;True
0001399306;BrewBilt Brewing Co;;True;False
0001399315;MARSHALL & ILSLEY CORP;;False;True
0001399352;"COOL TECHNOLOGIES, INC.";;True;False
0001399356;"China BCT Pharmacy Group, Inc.";;True;False
0001399406;ML Transtrend DTP Enhanced FuturesAccess LLC;;True;False
0001399480;VRDT Corp;;True;False
0001399488;IN Media Corp;;True;False
0001399520;"ONE Group Hospitality, Inc.";STKS;False;False
0001399521;LIHUA INTERNATIONAL INC.;;False;True
0001399529;Dicerna Pharmaceuticals Inc;;False;True
0001399541;Atlas Resources Public #17-2008 (B) L.P.;;True;False
0001399542;Atlas Resources Public #17-2007 (A) L.P.;;True;False
0001399587;"BLUE CALYPSO, INC.";;True;False
0001399761;Global Security Agency Inc.;;True;False
0001399855;"National American University Holdings, Inc.";;False;True
0001399935;Francesca's Holdings CORP;;False;True
0001400000;"ABAKAN, INC";;True;False
0001400400;"DemandTec, Inc.";;False;True
0001400431;PATHEON INC;;True;False
0001400482;KUBOTA PHARMACEUTICAL HOLDINGS CO LTD;;True;False
0001400683;"STWC. Holdings, Inc.";;True;False
0001400728;"Well Power, Inc.";;True;False
0001400732;"PACIFIC SOFTWARE, INC.";;True;False
0001400810;"HCI Group, Inc.";HCIIP;False;False
0001400848;"LaPorte Bancorp, Inc.";;True;False
0001400876;Insight Management Corp;;True;False
0001400891;"iHeartMedia, Inc.";IHETW;False;False
0001401040;DiaMedica Therapeutics Inc.;DMAC;False;False
0001401106;MF Global Holdings Ltd.;;False;True
0001401257;"FORUM ENERGY TECHNOLOGIES, INC.";FET;False;False
0001401273;"Amiworld, Inc.";;True;False
0001401284;PPLUS Trust Series EQ-1;;True;False
0001401306;Xinde Technology Co;;True;False
0001401371;China SHESAYS Medical Cosmetology Inc.;;True;False
0001401395;Neptune Wellness Solutions Inc.;;False;False
0001401434;North Penn Bancorp Inc;;True;False
0001401475;SupportSave Solutions Inc;;True;False
0001401521;UNITED INSURANCE HOLDINGS CORP.;ACIC;False;False
0001401564;"First Financial Northwest, Inc.";;False;False
0001401573;"Beacon Federal Bancorp, Inc.";;False;True
0001401667;"PUMA BIOTECHNOLOGY, INC.";PBYI;False;False
0001401670;American Magna Corp;;True;False
0001401671;GreenChek Technology Inc.;;True;False
0001401680;Cornerstone OnDemand Inc;;False;True
0001401688;"Vitacost.com, Inc.";;False;True
0001401700;"Northfield Bancorp, Inc.";;True;False
0001401708;NanoString Technologies Inc;;False;False
0001401835;Star Gold Corp.;SRGZ;True;False
0001401859;Falconridge Oil Technologies Corp.;;True;False
0001401914;"Dare Bioscience, Inc.";DARE;False;False
0001401923;"MAP Pharmaceuticals, Inc.";;False;True
0001401983;American Eagle Energy Inc.;;True;False
0001402057;CDW Corp;CDW;False;False
0001402062;"Lake Victoria Mining Company, Inc.";;True;False
0001402159;CHINA PROSPEROUS CLEAN ENERGY Corp;;True;False
0001402186;"Pro-Tech Industries, Inc.";;True;False
0001402212;"AFH HOLDING II, INC.";;True;False
0001402273;Sterling Oil & Gas CO;;True;False
0001402281;Erin Energy Corp.;;False;True
0001402305;"SuccessFactors, Inc.";;False;True
0001402328;"Sunshine Biopharma, Inc";SBFMW;False;False
0001402357;Riverdale Mining Inc.;;True;False
0001402364;"Ultimate Escapes, Inc.";;False;True
0001402366;"LVB Acquisition, Inc.";;True;False
0001402371;"ELRAY RESOURCES, INC.";;True;False
0001402394;Bow Valley Ventures Inc.;;True;False
0001402436;SS&C Technologies Holdings Inc;SSNC;False;False
0001402453;Her Imports;;True;False
0001402457;"TRANSGLOBAL ASSETS, INC.";;True;False
0001402478;"Vangent, Inc.";;True;False
0001402479;"MedAvail Holdings, Inc.";;False;False
0001402486;Integrated Electric Systems Corp.;;True;False
0001402536;"AI DOCUMENT SERVICES, INC.";;True;False
0001402737;Rafina Innovations Inc.;;True;False
0001402747;DOMINION MINERALS CORP;;True;False
0001402785;"FLUOROPHARMA MEDICAL, INC.";;True;False
0001402829;Orion Group Holdings Inc;ORN;False;False
0001402857;"Clear Skies Solar, Inc";;True;False
0001402945;Progressive Care Inc.;;True;False
0001403008;"Touchmark Bancshares, Inc.";;True;False
0001403081;AFFORDABLE GREEN HOMES INTERNATIONAL;;True;False
0001403085;"JRjr33, Inc.";;False;True
0001403161;VISA INC.;V;False;False
0001403231;CADUCEUS SOFTWARE SYSTEMS CORP.;;True;False
0001403243;"Ads in Motion, Inc.";;True;False
0001403256;"Sculptor Capital Management, Inc.";;False;True
0001403385;Symetra Financial CORP;;False;True
0001403431;"Heritage-Crystal Clean, Inc.";;False;True
0001403433;"America Greener Technologies, Inc.";;True;False
0001403475;Bank of Marin Bancorp;BMRC;False;False
0001403528;"Oaktree Capital Group, LLC";OAK-PB;False;True
0001403548;KL Energy Corp;;True;False
0001403568;"Ulta Beauty, Inc.";ULTA;False;False
0001403570;QUANTUM MATERIALS CORP.;;True;False
0001403602;"Omnimmune Holdings, Inc.";;True;False
0001403612;"Sinobiopharma, Inc.";;True;False
0001403674;Portage Resources Inc.;;True;False
0001403676;"GelTech Solutions, Inc.";;True;False
0001403708;Evoke Pharma Inc;;False;False
0001403720;"AirTouch Communications, Inc.";;True;False
0001403739;SONNEN Corp;;True;False
0001403752;Zymeworks Inc.;;True;False
0001403788;SRKP 15 INC;;True;False
0001403792;"ARROGENE, INC";;True;False
0001403794;"ZST Digital Networks, Inc.";;False;True
0001403795;"NIVS IntelliMedia Technology Group, Inc.";;False;True
0001403802;"SPINDLE, INC.";;True;False
0001403853;"Nuverra Environmental Solutions, Inc.";;False;True
0001403915;AEI Income & Growth Fund 27 LLC;;True;False
0001403930;GISSER AUTOMOTIVE CONCEPTS INC;;True;False
0001404079;Samson Oil & Gas LTD;;False;True
0001404123;1Life Healthcare Inc;;False;True
0001404212;ALLIED AMERICAN STEEL CORP.;;True;False
0001404280;STEELE RESOURCES CORP;;True;False
0001404281;"Eledon Pharmaceuticals, Inc.";ELDN;False;False
0001404296;Atlantic Coast Financial CORP;;False;True
0001404306;First Advantage Bancorp;;False;True
0001404433;"DecisionPoint Systems, Inc.";;True;False
0001404526;"Atlas Capital Holdings, Inc.";;True;False
0001404592;"Revett Mining Company, Inc.";;False;True
0001404593;Medical Care Technologies Inc.;MDCE;True;False
0001404624;"Affinion Group Holdings, Inc.";;True;False
0001404636;NiMin Energy Corp.;;True;False
0001404644;"Neoleukin Therapeutics, Inc.";NGNE;False;False
0001404655;HUBSPOT INC;HUBS;False;False
0001404804;Omnitek Engineering Corp;OMTK;True;False
0001404912;KKR & Co. Inc.;KKR-PD;False;False
0001404935;"THC Therapeutics, Inc.";;True;False
0001404943;"MetaStat, Inc.";;True;False
0001404973;"Energy XXI Gulf Coast, Inc.";;False;True
0001405041;Momentive Performance Materials Inc.;;True;False
0001405049;"United Financial Bancorp, Inc.";;False;True
0001405073;Approach Resources Inc;;False;True
0001405197;Talecris Biotherapeutics Holdings Corp.;;False;True
0001405198;"STRATS (SM) Trust for Ambac Financial Group, Inc. Securities, Series 2007-1";;True;False
0001405227;"LAS VEGAS RAILWAY EXPRESS, INC.";;True;False
0001405249;"ARTVENTIVE MEDICAL GROUP, INC.";;True;False
0001405252;"Winchester International Resorts, Inc.";;True;False
0001405260;MULTI-CORP INTERNATIONAL INC.;;True;False
0001405277;"Constant Contact, Inc.";;False;True
0001405286;"TheraBiogen, Inc.";;True;False
0001405287;"Stream Global Services, Inc.";;False;True
0001405332;"Fifth Third Holdings Funding, LLC";;True;False
0001405350;"Xsovt Brands, Inc.";;True;False
0001405419;GULFSTREAM INTERNATIONAL GROUP INC;;False;True
0001405424;VISION INDUSTRIES CORP;;True;False
0001405495;"InterDigital, Inc.";IDCC;False;False
0001405513;"United States 12 Month Natural Gas Fund, LP";UNL;True;False
0001405528;"United States 12 Month Oil Fund, LP";USL;True;False
0001405621;"NGA Holdco, LLC";;True;False
0001405646;"BTHC XIV, Inc.";;True;False
0001405660;Alternative Investment Corp;;True;False
0001405663;I-Minerals Inc;;True;False
0001405686;"OSAGE EXPLORATION & DEVELOPMENT, INC.";;True;False
0001405858;"Abtech Holdings, Inc.";;True;False
0001405917;"Dynastar Holdings, Inc.";;True;False
0001406243;RELIABRAND INC.;;True;False
0001406251;WESTERN LIBERTY BANCORP;;False;True
0001406568;MAJIC WHEELS CORP;;True;False
0001406574;"SINOHUB, INC.";;False;True
0001406578;"RSC Holdings III, LLC";;True;False
0001406579;"RSC Equipment Rental, Inc.";;True;False
0001406587;Forestar Group Inc.;FOR;False;True
0001406588;"Mining Global, Inc.";;True;False
0001406666;"CALIX, INC";CALX;False;False
0001406796;Zyto Corp;;True;False
0001406979;"AFH Holding IV, Inc.";;True;False
0001406980;"AFH Holding III, Inc.";;True;False
0001407038;"BG Medicine, Inc.";;False;True
0001407041;"WATCHTOWER, INC.";;True;False
0001407067;Franklin Financial Network Inc.;;False;True
0001407161;Titanium Asset Management Corp;;True;False
0001407190;Violin Memory Inc;;False;True
0001407200;Discover Card Execution Note Trust;;True;False
0001407268;ForceField Energy Inc.;;False;True
0001407313;"DATA STORAGE CONSULTING SERVICES, INC.";;True;False
0001407343;"TAP RESOURCES, INC.";;True;False
0001407412;Great Spirits Inc;;True;False
0001407450;"Convio, Inc.";;False;True
0001407463;Pioneer Southwest Energy Partners L.P.;;False;True
0001407539;Liberty Acquisition Holdings Corp.;;False;True
0001407573;AmeriCrew Inc.;;True;False
0001407583;Bunker Hill Mining Corp.;BHLL;True;False
0001407591;Masterbeat Corp;;True;False
0001407623;RETAIL OPPORTUNITY INVESTMENTS CORP;;False;False
0001407703;FirstEnergy Solutions Corp.;;True;False
0001407704;"LINGERIE FIGHTING CHAMPIONSHIPS, INC.";BOTYD;True;False
0001407739;"DUPONT FABROS TECHNOLOGY, INC.";;False;True
0001407805;ROCKIES REGION 2007 LP;;True;False
0001407878;"Digital Locations, Inc.";;True;False
0001407882;"Monarch Investment Properties, Inc.";;True;False
0001407973;"Sonendo, Inc.";SONX;False;True
0001408057;iCoreConnect Inc.;;True;False
0001408075;GRAPHIC PACKAGING HOLDING CO;GPK;False;False
0001408095;PREMIER ENERGY CORP.;;True;False
0001408100;"Kennedy-Wilson Holdings, Inc.";KW;False;False
0001408146;SCANDIUM INTERNATIONAL MINING CORP.;SCYYF;True;False
0001408198;MSCI Inc.;MSCI;False;False
0001408276;Seven Arts Entertainment Inc.;;False;True
0001408278;"Synacor, Inc.";;False;True
0001408287;Zep Inc.;;False;True
0001408299;"Entia Biosciences, Inc.";;True;False
0001408300;PMI Construction Group;;True;False
0001408351;"Cardinal Energy Group, Inc.";;True;False
0001408356;SOLARCITY CORP;;False;True
0001408443;Milestone Pharmaceuticals Inc.;MIST;False;False
0001408501;3PAR Inc.;;False;True
0001408534;"First Guaranty Bancshares, Inc.";FGBIP;False;False
0001408597;11 GOOD ENERGY INC;;True;False
0001408710;Fabrinet;FN;False;False
0001408950;"Zurvita Holdings, Inc.";;True;False
0001408956;Grand China Energy Group Ltd;;True;False
0001409012;"Abraxis BioScience, Inc.";;False;True
0001409014;"Crowd Shares Aftermarket, Inc.";;True;False
0001409171;Titan Machinery Inc.;TITN;False;False
0001409175;"Motos America, Inc.";;True;False
0001409197;"Bespoke Extracts, Inc.";BSPK;True;False
0001409253;"North America Frac Sand, Inc.";;True;False
0001409269;Venus Concept Inc.;VERO;False;False
0001409375;"ORION ENERGY SYSTEMS, INC.";OESX;False;False
0001409430;All American Gold Corp.;;True;False
0001409431;Theron Resource Group;;True;False
0001409432;National Graphite Corp;;True;False
0001409446;NATE'S FOOD CO.;;True;False
0001409475;"FERO INDUSTRIES, INC.";;True;False
0001409477;"BEAUTY BRANDS GROUP, INC.";;True;False
0001409493;CHIMERA INVESTMENT CORP;CIMO;False;False
0001409565;Puramed Bioscience Inc.;;True;False
0001409624;"HIMALAYA TECHNOLOGIES, INC";;True;False
0001409775;"BBVA USA Bancshares, Inc.";;True;False
0001409834;"Endeavor Emerging Opportunities Fund, LP";;True;False
0001409885;"ECO Building Products, Inc.";;True;False
0001409916;Nobilis Health Corp.;;False;True
0001409941;Southfield Energy CORP;;True;False
0001409947;Ridgewood Energy W Fund LLC;;True;False
0001409970;LendingClub Corp;LC;False;False
0001409986;"INTERNATIONAL INDUSTRIAL ENTERPRISES, INC.";;True;False
0001409999;"Black Bird Biotech, Inc.";;True;False
0001410012;Baron Energy Inc.;;True;False
0001410056;"GreenHunter Resources, Inc.";;False;True
0001410064;"ARYx Therapeutics, Inc.";;False;True
0001410087;"Sound Financial, Inc.";;True;False
0001410098;CorMedix Inc.;CRMD;False;False
0001410132;"Platinum Studios, Inc.";;True;False
0001410172;"Rubicon Technology, Inc.";RBCN;False;True
0001410187;Cannonau Corp.;;True;False
0001410240;"HUGHES Telematics, Inc.";;True;False
0001410253;Urban Barns Foods Inc.;;True;False
0001410307;"We Save Homes, Inc.";;True;False
0001410384;"Q2 Holdings, Inc.";QTWO;False;False
0001410402;"Circle Entertainment, Inc.";;True;False
0001410428;"XWELL, Inc.";XWEL;False;False
0001410471;"IPC Healthcare, Inc.";;False;True
0001410567;"SmartStop Self Storage, Inc.";;True;False
0001410636;"American Water Works Company, Inc.";AWK;False;False
0001410637;"RHI Entertainment, Inc.";;False;True
0001410690;LEEWARD GROUP HOLDINGS INC.;;True;False
0001410703;"Danvers Bancorp, Inc.";;False;True
0001410708;Emo Capital Corp.;NUVI;True;False
0001410711;"Armco Metals Holdings, Inc.";;False;True
0001410725;COVENANT GROUP OF CHINA INC;;True;False
0001410738;Voip-pal.com Inc;VPLM;True;False
0001410838;"El Paso Pipeline Partners, L.P.";;False;True
0001410939;"IVERIC bio, Inc.";;False;True
0001410997;"American Realty Capital Trust, Inc.";;False;True
0001411009;MeeMee Media Inc.;;True;False
0001411036;"CleanTech Biofuels, Inc.";;True;False
0001411057;CHINA INFRASTRUCTURE CONSTRUCTION Corp;CBIH;True;False
0001411058;Asia Atlantic Resources;;True;False
0001411059;"KBS Real Estate Investment Trust II, Inc.";;True;False
0001411085;MIKOJO Inc;;True;False
0001411096;"MADISON AVE. MEDIA, INC.";;True;False
0001411158;"Anacor Pharmaceuticals, Inc.";;False;True
0001411164;"MAXSYS HOLDINGS, INC.";;True;False
0001411165;Ever Harvest International Group Inc.;;True;False
0001411168;Dutch Oven Gold Group Inc.;;True;False
0001411179;"Red Giant Entertainment, Inc.";;True;False
0001411207;Allison Transmission Holdings Inc;ALSN;False;False
0001411303;"Cape Bancorp, Inc.";;False;True
0001411308;"BONANZA ONE, INC.";;True;False
0001411342;Ellington Financial Inc.;EFC-PD;False;False
0001411460;UBIQUITECH SOFTWARE CORP;;True;False
0001411488;"BLACKHAWK NETWORK HOLDINGS, INC";;False;True
0001411494;"Apollo Asset Management, Inc.";;True;False
0001411574;"Surgical Care Affiliates, Inc.";;False;True
0001411579;"AMC ENTERTAINMENT HOLDINGS, INC.";AMC;False;False
0001411583;WILLIAMS PIPELINE PARTNERS L.P.;;False;True
0001411586;OMNICITY CORP.;;True;False
0001411643;Reef Oil & Gas Income & Development Fund III LP;;True;False
0001411658;Digitiliti Inc;;True;False
0001411685;"Vistagen Therapeutics, Inc.";VTGN;False;False
0001411688;"Container Store Group, Inc.";;False;False
0001411690;"Bionano Genomics, Inc.";BNGO;False;False
0001411730;"Solaris Power Cells, Inc.";;True;False
0001411846;"HERE ENTERPRISES, INC.";;True;False
0001411861;MAKO Surgical Corp.;;False;True
0001411879;"INNOVUS PHARMACEUTICALS, INC.";;True;False
0001411906;"Ampio Pharmaceuticals, Inc.";AMPE;False;False
0001411974;MERIDIAN INTERSTATE BANCORP INC;;True;False
0001412043;"OPOWER, INC.";;False;True
0001412067;"Cascadian Therapeutics, Inc.";;False;True
0001412068;"Pretoria Resources Two, Inc";;True;False
0001412090;"BTHC XV, Inc.";;True;False
0001412095;Hambrecht Asia Acquisition Corp.;TROO;False;False
0001412100;"Maiden Holdings, Ltd.";MHNC;True;False
0001412109;"Simplicity Bancorp, Inc.";;False;True
0001412126;RemSleep Holdings Inc.;RMSL;True;False
0001412130;"Dot VN, Inc.";;True;False
0001412212;ITRACKR SYSTEMS INC;;True;False
0001412232;VWR Corp;;False;True
0001412270;Care.com Inc;;False;True
0001412299;"CLEAR-LITE HOLDINGS, INC.";;True;False
0001412347;"Westmoreland Resource Partners, LP";;False;True
0001412408;"Phreesia, Inc.";PHR;False;False
0001412486;"Cocrystal Pharma, Inc.";COCP;False;False
0001412502;Sterling Real Estate Trust;;True;False
0001412659;"Regenicin, Inc.";;True;False
0001412665;"MidWestOne Financial Group, Inc.";MOFG;False;False
0001412707;Level One Bancorp Inc;;False;True
0001413119;"Kraig Biocraft Laboratories, Inc";KBLB;True;False
0001413178;"Defense Solutions Holding, Inc.";;True;False
0001413181;"SECURITY SOLUTIONS GROUP, INC.";;True;False
0001413263;"CHINA JO-JO DRUGSTORES, INC.";;True;False
0001413299;RAPTOR RESOURCES HOLDINGS INC.;;True;False
0001413329;Philip Morris International Inc.;PM;False;False
0001413437;"CASEYCORP ENTERPRISES, INC";;True;False
0001413440;"Home Federal Bancorp, Inc.";;False;True
0001413447;NXP Semiconductors N.V.;NXPI;False;False
0001413488;"CANNABIS GLOBAL, INC.";;True;False
0001413507;SRC Energy Inc.;;False;True
0001413547;"Writ Media Group, Inc.";;True;False
0001413579;"ImmunoBiotics, Inc.";;True;False
0001413581;"TEEN EDUCATION GROUP, INC.";;True;False
0001413659;"Walker Lane Exploration, Inc.";;True;False
0001413754;MARIZYME INC;;True;False
0001413797;OxySure Systems Inc;;True;False
0001413837;First Foundation Inc.;FFWM;False;False
0001413862;"RegalWorks Media, Inc.";;True;False
0001413891;"HIGH WIRE NETWORKS, INC.";HWNI;True;False
0001413898;DallasNews Corp;;False;False
0001413909;DSG Global Inc.;DSGT;True;False
0001413990;Portlogic Systems Inc.;;True;False
0001413993;"Options Media Group Holdings, Inc.";;True;False
0001414030;CALIFORNIA MINES CORP.;;True;False
0001414043;"Friendable, Inc.";;True;False
0001414078;SITEL Worldwide Corp;;True;False
0001414295;"Oxford City Football Club, Inc.";;True;False
0001414374;Paragon Commercial CORP;;False;True
0001414382;Concrete Leveling Systems Inc;CLEV;True;False
0001414475;"Western Midstream Operating, LP";;False;True
0001414490;"Octavian Global Technologies, Inc.";;True;False
0001414581;"SENECA GLOBAL FUND, L.P.";;True;False
0001414628;"MoneyOnMobile, Inc.";;True;False
0001414767;Netcapital Inc.;NCPLW;False;False
0001414792;"SCORPION PERFORMANCE, INC.";;True;False
0001414932;Oaktree Specialty Lending Corp;OCSL;False;False
0001414937;"UCI Holdco, Inc.";;True;False
0001414953;EQUATOR Beverage Co;MOJO;True;False
0001414964;Resource Real Estate Investors 6 LP;;True;False
0001415020;Thompson Creek Metals Co Inc.;;False;True
0001415022;WSB Holdings Inc;;False;True
0001415277;"1st United Bancorp, Inc.";;False;True
0001415286;"HAWKER ENERGY, INC.";;True;False
0001415301;"Del Frisco's Restaurant Group, Inc.";;False;True
0001415305;First Liberty Power Corp;;True;False
0001415306;"PURESPECTRUM, INC.";;True;False
0001415311;ProShares Trust II;UCO;True;False
0001415332;Lithium Corp;LTUM;True;False
0001415336;Zeltiq Aesthetics Inc;;False;True
0001415397;Raphael Pharmaceutical Inc.;RAPH;True;False
0001415404;EchoStar CORP;SATS;False;False
0001415432;AMERICAN SIERRA GOLD CORP.;;True;False
0001415543;Greatmat Technology Corp;;True;False
0001415592;"China Redstone Group, Inc.";;True;False
0001415598;Expedite 5 Inc;;True;False
0001415599;"SOUTHERN CHINA LIVESTOCK, INC.";;True;False
0001415603;"NUGEN HOLDINGS, INC.";;True;False
0001415624;YuMe Inc;;False;True
0001415684;MusclePharm Corp;;True;False
0001415734;Global Industries Corp.;;True;False
0001415736;"Race World International, Inc.";;True;False
0001415744;NORTHERN MINERALS & EXPLORATION LTD.;NMEX;True;False
0001415751;Guar Global Ltd.;;True;False
0001415813;Un Monde International Worldwide Ltd.;;True;False
0001415917;"American Nano Silicon Technologies, Inc.";;True;False
0001415935;Axius Inc.;;True;False
0001415936;"LANDMARK ENERGY ENTERPRISE, INC.";;True;False
0001415952;Willow Creek Enterprises Inc.;;True;False
0001415998;National Automation Services Inc;;True;False
0001416083;"Catalent Pharma Solutions, Inc.";;True;False
0001416090;INCEPTION MINING INC.;BSAI;True;False
0001416172;NEXEON MEDSYSTEMS INC;;True;False
0001416183;Attitude Drinks Inc.;;True;False
0001416265;"PROSPER MARKETPLACE, INC";;True;False
0001416299;Avatar Ventures Corp.;;True;False
0001416682;"Verecloud, Inc.";;True;False
0001416697;"Blue Line Protection Group, Inc.";BLPG;True;False
0001416712;"IRON MINING GROUP, INC.";;True;False
0001416729;"WebXU, Inc.";;True;False
0001416792;Relypsa Inc;;False;True
0001416876;"First Choice Healthcare Solutions, Inc.";FCHS;True;False
0001416995;"Hicks Acquisition CO II, Inc.";;False;True
0001417003;WHITING USA TRUST I;;True;False
0001417028;CANNASYS INC;;True;False
0001417172;"GREEN DRAGON WOOD PRODUCTS, INC.";;True;False
0001417192;"China Shandong Industries, Inc.";;True;False
0001417398;"Hillenbrand, Inc.";HI;False;False
0001417425;"NXT Nutritionals Holdings, Inc.";;True;False
0001417451;"Master Silicon Carbide Industries, Inc.";;True;False
0001417624;"Changda International Holdings, Inc.";;True;False
0001417663;"SANUWAVE Health, Inc.";SNWV;True;False
0001417664;"Value Exchange International, Inc.";;True;False
0001417900;"C2C CrowdFunding, Inc.";;True;False
0001417907;"Fifth Season International, Inc.";;True;False
0001417926;"INVO Bioscience, Inc.";IVF;False;False
0001418065;"EQM Technologies & Energy, Inc.";;True;False
0001418076;SLR Investment Corp.;SLRC;False;False
0001418091;"TWITTER, INC.";;False;True
0001418100;Avaya Holdings Corp.;;False;True
0001418115;"Healthcare Solutions Management Group, Inc.";;True;False
0001418121;"Apple Hospitality REIT, Inc.";APLE;False;False
0001418133;"Biostar Pharmaceuticals, Inc.";;False;True
0001418134;"China Power Equipment, Inc.";;True;False
0001418135;Keurig Dr Pepper Inc.;KDP;False;True
0001418175;DuPont Fabros Technology LP;;True;False
0001418196;DYM ENERGY Corp;;True;False
0001418243;Alpine Management LTD;;True;False
0001418255;BPW Acquisition Corp.;;False;True
0001418302;Renewable Energy Acquisition Corp.;;True;False
0001418372;"Salamander Innisbrook, LLC";;True;False
0001418452;"Blink Technologies, Inc.";;True;False
0001418475;China Environmental Protection Inc.;;True;False
0001418489;GRAND RIVER COMMERCE INC;;True;False
0001418506;"LivingVentures, Inc.";;True;False
0001418696;"Hard Rock Hotel Holdings, LLC";;True;False
0001418730;Industry Concept Holdings Inc;;True;False
0001418780;ColorStars Group;;True;False
0001418819;Iridium Communications Inc.;IRDM;False;False
0001418826;VIDAROO Corp;;True;False
0001418862;Kior Inc;;False;True
0001418919;"CPEX Pharmaceuticals, Inc.";;False;True
0001418968;"Fire From Ice, Inc.";;True;False
0001419041;"Forte Biosciences, Inc.";FBRX;False;False
0001419051;"THERAPEUTIC SOLUTIONS INTERNATIONAL, INC.";;True;False
0001419067;"AFH HOLDING VII, INC.";;True;False
0001419069;"AFH HOLDING VI, INC.";;True;False
0001419073;"AFH HOLDING V, INC";;True;False
0001419122;"Silverton Adventures, Inc.";;True;False
0001419177;KUNEKT CORP;;True;False
0001419178;Artio Global Investors Inc.;;False;True
0001419242;ATLANTIC POWER CORP;;False;True
0001419247;"PC GROUP, INC.";;True;False
0001419260;Andina Group Inc.;;True;False
0001419275;RYVYL Inc.;RVYL;False;False
0001419428;Vantage Drilling CO;;False;True
0001419482;INTERNATIONAL SILVER INC;;True;False
0001419521;Hatteras Financial Corp;;False;True
0001419536;Capital Bancorp Inc;CBNK;False;False
0001419552;"AFH ACQUISITION XII, INC.";;True;False
0001419553;"AFH ACQUISITION XI, INC.";;True;False
0001419554;Bone Biologics Corp;BBLGW;False;False
0001419556;"AFH Acquisition IX, Inc.";;True;False
0001419559;"CAM Group, Inc.";CAMG;True;False
0001419560;"AFH Acquisition VIII, Inc.";;True;False
0001419577;VISION DYNAMICS Corp;;True;False
0001419581;Federal-Mogul Holdings LLC;;False;True
0001419582;BLUE SPHERE CORP.;;True;False
0001419583;"Eos Petro, Inc.";;True;False
0001419600;Flexion Therapeutics Inc;;False;True
0001419612;"SOLAREDGE TECHNOLOGIES, INC.";SEDG;False;False
0001419625;Apptio Inc;;False;True
0001419681;China Private Equity Acquisition Corp.;;True;False
0001419793;"ORIGINCLEAR, INC.";OCLN;True;False
0001419806;RARE ELEMENT RESOURCES LTD;REEMF;False;True
0001419836;"Parks One, Inc.";;True;False
0001419852;MATTRESS FIRM HOLDING CORP.;;False;True
0001419886;"ISLAND BREEZE INTERNATIONAL, INC.";;True;False
0001419951;Data Storage Corp;DTSTW;False;False
0001419982;"Stalar 4, Inc.";;True;False
0001419983;Stalar 3 Inc.;;True;False
0001419984;"Stalar 2, Inc.";;True;False
0001419985;"Stalar 1, Inc.";;True;False
0001419995;DNA BRANDS INC;;True;False
0001420030;"Targeted Medical Pharma, Inc.";;True;False
0001420031;"EMMAUS LIFE SCIENCES, INC.";;True;False
0001420033;"AFH ACQUISITION V, INC.";;True;False
0001420034;"AFH ACQUISITION VI, INC.";;True;False
0001420035;"AFH ACQUISITION VII, INC.";;True;False
0001420061;"Module One RD, INC";;True;False
0001420070;"RESEARCH PHARMACEUTICAL SERVICES, INC.";;True;False
0001420078;GALLERY MANAGEMENT HOLDING CORP;;True;False
0001420108;"Glucose Health, Inc.";GLUC;True;False
0001420216;"PrismOne Group, Inc.";;True;False
0001420239;GRAPHITE CORP;;True;False
0001420302;"LogMeIn, Inc.";;False;True
0001420368;DLT Resolution Inc.;;True;False
0001420421;"MUSTANG ALLIANCES, INC.";;True;False
0001420488;MALVERN FEDERAL BANCORP INC;;True;False
0001420520;Atomera Inc;ATOM;False;False
0001420525;"1st Century Bancshares, Inc.";;False;True
0001420526;"Giddy-up Productions, Inc.";;True;False
0001420565;AILERON THERAPEUTICS INC;RNTX;False;False
0001420566;Pinnacle Foods Finance LLC;;True;False
0001420569;Pulse Beverage Corp;;True;False
0001420720;"iBio, Inc.";IBIO;False;False
0001420783;Columbia Pipeline Partners LP;;False;True
0001420800;Enovis CORP;ENOV;False;False
0001420811;"On Deck Capital, Inc.";;False;True
0001420821;WILLIAM PENN BANCORP INC;;True;False
0001420836;"Kurrant Mobile Catering, Inc.";;True;False
0001420850;"ExactTarget, Inc.";;False;True
0001420915;Smart Ventures Inc.;;True;False
0001420924;"Brazos International Exploration, Inc.";ADTI;True;False
0001421094;"Xtreme Link, Inc.";;True;False
0001421182;Verso Corp;;False;True
0001421204;"Rebus Holdings, Inc.";;True;False
0001421265;DRS Inc.;;True;False
0001421289;LIVEWIRE ERGOGENICS INC.;;True;False
0001421323;"ENSIGN SERVICES, INC.";;True;False
0001421378;TRANSIT MANAGEMENT HOLDING CORP;;True;False
0001421419;"AGA Medical Holdings, Inc.";;False;True
0001421461;"Intrepid Potash, Inc.";IPI;False;False
0001421517;"Energy Recovery, Inc.";ERII;False;False
0001421523;SRKP 24 Inc;;True;False
0001421524;SRKP 23 Inc;;True;False
0001421525;SRKP 22 Inc;;False;True
0001421526;"CHINA ELECTRIC MOTOR, INC.";;False;True
0001421527;SRKP 20 Inc;;True;False
0001421538;"Infinity Augmented Reality, Inc.";;True;False
0001421561;China Shengda Packaging Group Inc.;;False;True
0001421601;"WESTMOUNTAIN GOLD, INC.";;True;False
0001421602;WESTMOUNTAIN DISTRESSED DEBT INC;;True;False
0001421603;WESTMOUNTAIN Co;;True;False
0001421636;"C-Bond Systems, Inc";;True;False
0001421665;"Solar Energy Initiatives, Inc.";;True;False
0001421766;Ceelox Inc.;;True;False
0001421816;"Alternate Energy Solutions, Inc.";;True;False
0001421819;"Hanjiao Group, Inc.";;True;False
0001421851;Structural Enhancement Technologies Corp;;True;False
0001421865;"CHERUBIM INTERESTS, INC.";;True;False
0001421871;"BONAMOUR, INC.";;True;False
0001421874;"ALTERNATE ENERGY HOLDINGS, INC.";;True;False
0001421901;"4Cable TV International, Inc.";;True;False
0001421907;Trident Brands Inc;;True;False
0001421981;Peer to Peer Network;PTOP;True;False
0001422059;"Lans Holdings, Inc.";;True;False
0001422105;Noranda Aluminum Holding CORP;;False;True
0001422109;"Blue Earth, Inc.";;False;True
0001422128;"PROTECTUS MEDICAL DEVICES, INC.";;True;False
0001422141;ZETA ACQUISITION CORP I;;True;False
0001422142;"Aadi Bioscience, Inc.";WHWK;False;False
0001422143;"Kura Oncology, Inc.";KURA;False;False
0001422183;FS KKR Capital Corp;FSK;False;False
0001422215;"Sanook Enterprises, Inc.";;True;False
0001422220;Conquest Petroleum Inc;;True;False
0001422221;"Ecologix Resource Group, Inc.";;True;False
0001422222;Adama Technologies Corp;;True;False
0001422295;"Trans-Pacific Aerospace Company, Inc.";;True;False
0001422296;WEDOTALK INC.;;True;False
0001422341;Green Energy Live Inc;;True;False
0001422357;"China Printing & Packaging, Inc.";;True;False
0001422768;Almost Never Films Inc.;;True;False
0001422841;AquaVenture Holdings Ltd;;False;True
0001422862;"PMFG, Inc.";;False;True
0001422892;Singularity Future Technology Ltd.;SGLY;False;False
0001422930;"PubMatic, Inc.";PUBM;False;False
0001422949;"NEXT FUEL, INC.";;True;False
0001422992;"eLayaway, Inc.";;True;False
0001423023;"CHINA SLP FILTRATION TECHNOLOGY, INC.";;True;False
0001423036;El Maniel International Inc;;True;False
0001423041;Victory Park Acquisition Corp. I;;True;False
0001423107;"BOLDFACE GROUP, INC.";;True;False
0001423221;Quanex Building Products CORP;NX;False;False
0001423242;SRKP 25 INC;;False;True
0001423243;SRKP 26 INC;;True;False
0001423244;SRKP 27 INC;;True;False
0001423245;SRKP 28 INC;;True;False
0001423246;SRKP 29 INC;;True;False
0001423325;"Incoming, Inc.";;True;False
0001423357;BEAMZ INTERACTIVE INC;;True;False
0001423417;"CONSOLIDATED GEMS, INC.";;True;False
0001423542;"SKULLCANDY, INC.";;False;True
0001423579;"LegacyXChange, Inc.";;True;False
0001423586;RORINE INTERNATIONAL HOLDING Corp;;True;False
0001423588;"HOLLYWOOD ENTERTAINMENT EDU HOLDING, INC.";;True;False
0001423689;AGNC Investment Corp.;AGNCL;False;False
0001423723;QHY GROUP;;True;False
0001423746;Monster Arts Inc.;;True;False
0001423774;ZUORA INC;;False;False
0001423824;ALDER BIOPHARMACEUTICALS INC;;False;True
0001423869;PCB BANCORP;PCB;False;False
0001423902;"Western Midstream Partners, LP";WES;False;False
0001423974;"Farrallon, Inc";;True;False
0001424030;Liberty Coal Energy Corp.;;True;False
0001424100;"Your Event, Inc.";;True;False
0001424151;NEXUS BIOPHARMA INC;;True;False
0001424182;"Broadstone Net Lease, Inc.";BNL;False;False
0001424280;IVT SOFTWARE INC;;True;False
0001424328;MULTIMEDIA PLATFORMS INC.;;True;False
0001424404;Wolverine Resources Corp.;WOLV;True;False
0001424415;"HIGHLAND BUSINESS SERVICES, INC.";;True;False
0001424454;Rovi Corp;;True;False
0001424455;RIMROCK GOLD CORP.;;True;False
0001424549;FUTURELAND CORP.;;True;False
0001424640;"Arista Power, Inc.";;True;False
0001424657;Cuentas Inc.;CUENW;False;True
0001424718;"EMPERIAL AMERICAS, INC";;True;False
0001424755;Travelport Worldwide LTD;;False;True
0001424768;VYCOR MEDICAL INC;VYCO;True;False
0001424812;"Amarantus Bioscience Holdings, Inc.";;True;False
0001424822;"GLOBAL MOBILETECH, INC.";;True;False
0001424844;"SOUTHWEST IOWA RENEWABLE ENERGY, LLC";;True;False
0001424847;"LORILLARD, INC.";;False;True
0001424860;Enox Biopharma Inc;;True;False
0001424864;Rise Gold Corp.;RYES;True;False
0001424879;"Moody National REIT I, Inc.";;True;False
0001424929;FOX FACTORY HOLDING CORP;FOXF;False;False
0001424988;"SpectrumDNA, Inc.";;True;False
0001425035;"Shatrusen, Inc.";;True;False
0001425042;"Globotek Holdings, Inc.";;True;False
0001425173;Novagen Ingenium Inc.;;True;False
0001425203;Astro Aerospace Ltd.;;True;False
0001425205;"IOVANCE BIOTHERAPEUTICS, INC.";IOVA;False;False
0001425264;"RTS Oil Holdings, Inc.";;True;False
0001425287;Workhorse Group Inc.;WKHS;False;False
0001425289;BRIGHTLANE CORP.;;True;False
0001425292;"CVR PARTNERS, LP";UAN;False;False
0001425355;"Mill City Ventures III, Ltd";SUIG;False;False
0001425392;GRANT HARTFORD CORP;;True;False
0001425450;ORTHOPEDIATRICS CORP;KIDS;False;False
0001425565;"Real Goods Solar, Inc.";;False;True
0001425597;"Mesa Energy Holdings, Inc.";;True;False
0001425627;"SOBR Safe, Inc.";SOBR;False;False
0001425715;Guanwei Recycling Corp.;;False;True
0001425808;HYDROCARB ENERGY CORP;;True;False
0001425883;Independent Film Development CORP;;True;False
0001425897;Richland Resources Corp.;;True;False
0001425919;"Islet Sciences, Inc";;True;False
0001425923;"Cole Credit Property Trust III, Inc.";;False;True
0001426011;TALON REAL ESTATE HOLDING CORP.;;True;False
0001426332;NGM BIOPHARMACEUTICALS INC;;False;False
0001426506;SMG Industries Inc.;;True;False
0001426530;Spartan Gold Ltd.;;True;False
0001426568;VENDUM BATTERIES INC.;;True;False
0001426703;"MATCHES, INC.";;True;False
0001426780;"Soy Energy, LLC";;True;False
0001426800;"ASSEMBLY BIOSCIENCES, INC.";ASMB;False;False
0001426804;"Laufer Bridge Enterprises, Inc.";;True;False
0001426808;"HPC POS SYSTEM, CORP.";;True;False
0001426850;"LEAF Equipment Finance Fund 4, L.P.";;True;False
0001426874;KAIBO FOODS Co Ltd;;True;False
0001426945;"Echo Global Logistics, Inc.";;False;True
0001427030;"BioNeutral Group, Inc";;True;False
0001427187;GLOBAL HOLDINGS INC;;True;False
0001427222;WELLQUEST MEDICAL & WELLNESS CORP;;True;False
0001427352;Onteco Corp;;True;False
0001427433;Arrin CORP;;True;False
0001427437;"ENTERGY TEXAS, INC.";ETI-P;True;False
0001427553;"GUITAR CENTER HOLDINGS, INC.";;True;False
0001427570;ReShape Lifesciences Inc.;HIND;False;True
0001427580;"Synergetics, Inc.";;True;False
0001427639;ADEN SOLUTIONS INC.;;True;False
0001427644;"Telco Cuba, Inc.";SLDC;True;False
0001427714;Chile Mining Technologies Inc.;;True;False
0001427925;ACELRX PHARMACEUTICALS INC;TLPH;False;False
0001428040;Polaris Futures Fund L.P.;;True;False
0001428042;Meritage Futures Fund L.P.;;True;False
0001428043;LV Futures Fund L.P.;;True;False
0001428156;Celera CORP;;False;True
0001428203;5to1 Holding Corp.;;True;False
0001428205;"Armour Residential REIT, Inc.";ARR-PC;False;False
0001428211;"Home School Holdings, Inc.";;True;False
0001428336;"HEALTHEQUITY, INC.";HQY;False;False
0001428389;"Blox, Inc.";;True;False
0001428397;"Adaptive Medias, Inc.";;True;False
0001428439;"ROKU, INC";ROKU;False;False
0001428469;"Voice Assist, Inc.";;True;False
0001428508;UNITED COMMUNICATIONS PARTNERS INC;;True;False
0001428522;"Radius Health, Inc.";;False;True
0001428669;"SolarWinds, Inc.";;True;False
0001428765;GREEN ENVIROTECH HOLDINGS CORP.;;True;False
0001428802;"Auburn Bancorp, Inc.";;True;False
0001428816;"Epoxy, Inc.";;True;False
0001428875;TERMINIX GLOBAL HOLDINGS INC;;False;True
0001429040;NERIUM BIOTECHNOLOGY INC;;True;False
0001429260;"Fortress Biotech, Inc.";FBIOP;False;False
0001429373;"Eastern Resources, Inc.";;True;False
0001429386;"PHASERX, INC.";;False;True
0001429393;"Trutankless, Inc.";TKLS;True;False
0001429426;Pacific Bepure Industry Inc;;True;False
0001429470;"Tryon Alpha, Inc.";;True;False
0001429560;TREVENA INC;;False;False
0001429592;Guardian 8 Holdings;;True;False
0001429627;Texas Gulf Energy Inc;;True;False
0001429684;Apextalk Holdings Inc;;True;False
0001429764;Blink Charging Co.;BLNK;False;False
0001429775;"Lender Processing Services, Inc.";;True;False
0001429859;THERAPY CELLS INC;;True;False
0001429896;"ACTIVECARE, INC.";;True;False
0001429900;"Reach Messaging Holdings, Inc.";;True;False
0001430057;PRECISION PETROLEUM Corp;;True;False
0001430060;"MAN SHING AGRICULTURAL HOLDINGS, INC";;True;False
0001430124;Alto Group Holdings Inc.;;True;False
0001430174;"Oro East Mining, Inc.";;True;False
0001430175;ACCELERATED ACQUISITIONS II INC;;True;False
0001430259;Carey Watermark Investors Inc;;True;False
0001430300;"Global Warming Solutions, Inc.";GWSO;True;False
0001430306;Tonix Pharmaceuticals Holding Corp.;TNXP;False;False
0001430319;"C & C TOURS, INC.";;True;False
0001430415;"Encompass Energy Services, Inc.";;True;False
0001430523;"VERUS INTERNATIONAL, INC.";;True;False
0001430592;"Financial Engines, Inc.";;False;True
0001430602;"Scripps Networks Interactive, Inc.";;False;True
0001430683;National Asset Recovery Corp.;;True;False
0001430723;"ServisFirst Bancshares, Inc.";SFBS;False;False
0001430744;INTERNATIONAL DEVELOPMENT & ENVIRONMENTAL HOLDINGS;;True;False
0001430869;"Tupper, Inc.";;True;False
0001430872;HQ Global Education Inc.;;True;False
0001430960;FLURIDA GROUP INC;;True;False
0001430975;"Continental Resources Group, Inc.";;True;False
0001431074;"Bergio International, Inc.";;True;False
0001431372;Gastar Exploration Inc.;;True;False
0001431499;"HALL TEES, INC.";;True;False
0001431567;Oak Valley Bancorp;OVLY;False;False
0001431655;"Coast to Coast Consulting, LLC";;True;False
0001431656;"Greystone Business Group, LLC";;True;False
0001431657;Old OSI LLC;;True;False
0001431658;"OSI Outsourcing Services International, Inc.";;True;False
0001431659;"OSI Recovery Solutions, Inc.";;True;False
0001431660;OSI SPE LLC;;True;False
0001431661;"OSI Support Services, Inc.";;True;False
0001431662;Outsourcing Solutions Inc.;;True;False
0001431663;"Pacific Software Consulting, LLC";;True;False
0001431664;"PAE Leasing, LLC";;True;False
0001431665;"Perimeter Credit, L.L.C.";;True;False
0001431667;"Portfolio Acquisitions, LLC";;True;False
0001431668;"Union Settlement Administrator Holdco, Inc.";;True;False
0001431669;"Union Settlement Administrator, Inc.";;True;False
0001431670;"University Accounting Service, LLC";;True;False
0001431671;Credit Receivables CORP I;;True;False
0001431672;"Systems & Services Technology, Inc.";;True;False
0001431673;"Tempest Recovery Services, Inc.";;True;False
0001431674;"NCOP X, LLC";;True;False
0001431676;HELI ELECTRONICS CORP.;;True;False
0001431695;Olo Inc.;;False;False
0001431766;FSP 303 East Wacker Drive Corp.;;True;False
0001431824;AGY Holding Corp.;;True;False
0001431835;"LiverpoolGroup, Inc.";;True;False
0001431837;"Locan, Inc.";;True;False
0001431880;"POTASH AMERICA, INC.";;True;False
0001431888;"AVT, Inc.";;True;False
0001431897;"Annie's, Inc.";;False;True
0001431934;OWC Pharmaceutical Research Corp.;;True;False
0001431936;MOBILE STAR CORP;;True;False
0001431938;"Chocolate Candy Creations, Inc.";;True;False
0001431959;META MATERIALS INC.;;False;False
0001431987;Volkswagen Auto Loan Enhanced Trust 2008-1;;True;False
0001432001;American Sands Energy Corp.;;True;False
0001432133;KALTURA INC;KLTR;False;False
0001432139;"BeesFree, Inc.";;True;False
0001432140;"IX ENERGY HOLDINGS, INC.";;True;False
0001432150;"GigPeak, Inc.";;False;True
0001432176;"Net Savings Link, Inc.";;True;False
0001432196;Pershing Gold Corp.;;False;True
0001432244;"Waste2Energy Holdings, Inc.";;True;False
0001432254;"FIRST CHINA PHARMACEUTICAL GROUP, INC.";;True;False
0001432269;"Mayquest Ventures, Inc.";;True;False
0001432271;Rampart Studios Inc.;;True;False
0001432272;"Innovative Wireless Technologies, Inc.";;True;False
0001432274;"Greenrock Ventures, Inc.";;True;False
0001432290;"A1 Group, Inc.";;True;False
0001432405;"Merchants & Marine Bancorp, Inc.";;True;False
0001432732;"TriVascular Technologies, Inc.";;False;True
0001432754;CIG WIRELESS CORP.;;True;False
0001432939;CREDEX CORP;;True;False
0001432963;ENERGY & TECHNOLOGY CORP.;;True;False
0001432967;"As Seen On TV, Inc.";;True;False
0001432985;Atlas Resources Public #18-2009 (B) L.P.;;True;False
0001432987;Atlas Resources Public #18-2008 (A) L.P.;;True;False
0001432994;Ecoemissions Solutions Inc.;;True;False
0001432999;Principal Life Income Fundings Trust 36;;True;False
0001433147;"SUPERFUND GOLD, L.P.";;True;False
0001433195;APPFOLIO INC;APPF;False;False
0001433269;Diligent Corp;;True;False
0001433270;ANTERO RESOURCES Corp;AR;False;False
0001433551;Sino Green Land Corp.;SGLA;True;False
0001433563;"Glacier Enterprises, Inc.";;True;False
0001433564;Sino-American Net Media Corp;;True;False
0001433593;"Noble Medical Technologies, Inc.";;True;False
0001433605;"Dragon's Lair Holdings, Inc.";;True;False
0001433607;"InspireMD, Inc.";NSPR;False;False
0001433642;Hamilton Lane INC;HLNE;False;False
0001433660;John Bean Technologies CORP;JBTM;False;False
0001433665;"Sunset Suits Holdings, Inc.";;True;False
0001433669;Adelphia Recovery Trust;;True;False
0001433714;"CASTLIGHT HEALTH, INC.";;False;True
0001433818;Nevada Gold Corp.;;True;False
0001433821;"American Housing Income Trust, Inc.";;True;False
0001433833;Atlas Resources Public #18-2009 (C) L.P.;;True;False
0001433966;"GREEN EARTH TECHNOLOGIES, INC";;True;False
0001433994;Invesco CurrencyShares Singapore Dollar Trust;;True;False
0001433995;CurrencyShares Russian Ruble Trust;;True;False
0001433997;CurrencyShares South African Rand Trust;;True;False
0001434017;"SINOCOM PHARMACEUTICAL, INC.";;True;False
0001434028;"CRATER MOUNTAIN RESOURCES, INC.";;True;False
0001434070;RIDGEWOOD ENERGY Y FUND LLC;;True;False
0001434109;"DRC Ventures ,Inc.";;True;False
0001434110;PLEDGE PETROLEUM CORP;;True;False
0001434111;"MEDIA TECHNOLOGIES, INC.";;True;False
0001434316;FATE THERAPEUTICS INC;FATE;False;False
0001434388;"Wonhe High-Tech International, Inc.";;True;False
0001434389;"UNIVERSAL SOLAR TECHNOLOGY, INC.";;True;False
0001434418;CONSTELLATION PHARMACEUTICALS INC;;False;True
0001434477;"SUNVALLEY SOLAR, INC.";;True;False
0001434485;MediStaff CORP;;True;False
0001434524;ClearSign Technologies Corp;CLIR;False;False
0001434588;"Grand Canyon Education, Inc.";LOPE;False;False
0001434589;"T3 Motion, Inc.";;False;True
0001434598;Intelimax Media Inc.;;True;False
0001434601;"Marquie Group, Inc.";TMGI;True;False
0001434620;"ILG, Inc.";;False;True
0001434621;"LendingTree, Inc.";TREE;False;False
0001434647;"ZEVRA THERAPEUTICS, INC.";ZVRA;False;False
0001434667;"China Wi-Max Communications, Inc.";;True;False
0001434674;CHINA MEDIA INC.;;True;False
0001434702;GulfStar Energy Corp;;True;False
0001434728;"Global Water Resources, Inc.";GWRS;False;False
0001434729;"HSN, Inc.";;False;True
0001434737;"SPIRITS TIME INTERNATIONAL, INC.";;True;False
0001434740;Ranger Gold Corp.;RNGC;True;False
0001434743;1st Financial Services CORP;;True;False
0001434768;Aurios Inc.;;True;False
0001434830;GMS Capital Corp.;;True;False
0001434838;Aquilex Holdings LLC;;True;False
0001434842;Forbes Energy Services Ltd.;;False;True
0001434868;"Esperion Therapeutics, Inc.";ESPR;False;False
0001434893;CURAXIS PHARMACEUTICAL Corp;;True;False
0001434994;SILVER HILL MINES INC;;True;False
0001435039;IFCI INTERNATIONAL CORP.;;True;False
0001435049;"CHINOOK THERAPEUTICS, INC.";;False;True
0001435064;CEMTREX INC;CETXP;False;False
0001435161;AB&T Financial CORP;;True;False
0001435163;"CENTAURUS DIAMOND TECHNOLOGIES, INC.";;True;False
0001435181;Pharmagreen Biotech Inc.;PHBI;True;False
0001435224;"Vegalab, Inc.";;True;False
0001435375;XG SCIENCES INC;;True;False
0001435387;Discovery Energy Corp.;;True;False
0001435394;"Imperial Resources, Inc.";;True;False
0001435508;"First Savings Financial Group, Inc.";FSFG;False;False
0001435530;"China Polypeptide Group, Inc.";;True;False
0001435613;"Adelman Enterprises, Inc.";;True;False
0001435615;Opera Jet International Ltd;;True;False
0001435617;"POWERDYNE INTERNATIONAL, INC.";PWDY;True;False
0001435717;"DECOR PRODUCTS INTERNATIONAL, INC.";;True;False
0001435736;"Farm Lands of Guinea, Inc.";;True;False
0001435772;AMICO GAMES CORP.;;True;False
0001435812;Arem Pacific Corp;;True;False
0001435936;"Xun Energy, Inc.";;True;False
0001435947;"Bethesda C0801, Inc.";;True;False
0001436040;"Brink's Home Security Holdings, Inc.";;False;True
0001436089;"VizStar, Inc.";;True;False
0001436126;"Mistras Group, Inc.";MG;False;False
0001436161;United Cannabis Corp;;True;False
0001436164;"Oryon Technologies, Inc.";;True;False
0001436174;AMERICAN POWER CORP.;;True;False
0001436208;Legacy Housing Corp;LEGH;False;False
0001436229;BTCS Inc.;BTCS;False;False
0001436273;Culture Medium Holdings Corp.;;True;False
0001436304;KYTHERA BIOPHARMACEUTICALS INC;;False;True
0001436309;US TUNGSTEN CORP.;;True;False
0001436351;"Pure Earth, Inc.";;True;False
0001436425;"HOME BANCORP, INC.";HBCP;False;False
0001436426;"GLOBAL SMART ENERGY, INC.";;True;False
0001436549;METHES ENERGIES INTERNATIONAL LTD;;False;True
0001436568;"Dolat Ventures, Inc.";;True;False
0001436599;THEWEBDIGEST CORP.;;True;False
0001436624;GREAT WALL BUILDERS LTD.;;True;False
0001436872;"PrepaYd, Inc.";;True;False
0001436942;MEWBOURNE ENERGY PARTNERS 08-A LP;;True;False
0001436975;"Lightstone Value Plus REIT II, Inc.";;True;False
0001437071;Invesco Mortgage Capital Inc.;IVR-PC;False;False
0001437106;"Ascent Capital Group, Inc.";;False;True
0001437107;"Warner Bros. Discovery, Inc.";WBD;False;True
0001437172;"Evetsco, Inc.";;True;False
0001437213;"Coastal Carolina Bancshares, Inc.";CCNB;True;False
0001437226;"Mastech Digital, Inc.";MHH;False;False
0001437283;"REGO PAYMENT ARCHITECTURES, INC.";RPMT;True;False
0001437352;"EVERBRIDGE, INC.";;False;False
0001437395;SWISSINSO HOLDING INC.;;True;False
0001437402;"ARDELYX, INC.";ARDX;False;False
0001437425;"HIBERNIA HOMESTEAD BANCORP, INC.";;True;False
0001437467;ARX Gold Corp;;True;False
0001437476;Green Stream Holdings Inc.;;True;False
0001437479;ENB Financial Corp;ENBP;True;False
0001437491;"BitNile Metaverse, Inc.";;False;False
0001437494;"OCEAN ENERGY, INC";;True;False
0001437517;"CYBERLOQ TECHNOLOGIES, INC.";CLOQ;True;False
0001437557;"LILIS ENERGY, INC.";;False;True
0001437578;BRIGHT HORIZONS FAMILY SOLUTIONS INC.;BFAM;False;False
0001437596;"IC Punch Media, Inc.";;True;False
0001437750;T-REX Acquisition Corp.;TRXA;True;False
0001437751;Savoy Energy Corp;;True;False
0001437765;"Spence-Lingo & Company, Ltd";;True;False
0001437786;IMMUNE DESIGN CORP.;;False;True
0001437822;ETERNITY HEALTHCARE INC.;;True;False
0001437925;"Golden Matrix Group, Inc.";GMGI;False;False
0001437958;COASTAL FINANCIAL CORP;CCB;False;False
0001438035;"Rangeford Resources, Inc.";;True;False
0001438095;Ultimate Products CORP;;True;False
0001438133;TANDEM DIABETES CARE INC;TNDM;False;False
0001438138;Business Marketing Services Inc;;True;False
0001438139;ONE XL CORP;;True;False
0001438231;Digimarc CORP;DMRC;False;False
0001438392;"JETPADS, INC.";;True;False
0001438423;EVERSPIN TECHNOLOGIES INC;MRAM;False;False
0001438461;Yinfu Gold Corp.;ELRE;True;False
0001438533;"Travere Therapeutics, Inc.";TVTX;False;False
0001438535;"Hydrodynex, Inc.";;True;False
0001438575;OMA Enterprises Corp.;;True;False
0001438576;"Biozoom, Inc.";;True;False
0001438650;"VIRTUAL MEDICAL INTERNATIONAL, INC.";;True;False
0001438660;AYERS EXPLORATION INC.;;True;False
0001438672;BAKKEN ENERGY CORP.;;True;False
0001438673;"Evergreen-Agra, Inc.";;True;False
0001438731;ALJ REGIONAL HOLDINGS INC;;False;True
0001438882;SILLENGER EXPLORATION CORP.;;True;False
0001438884;BE Resources Inc.;;True;False
0001438897;"Inland Diversified Real Estate Trust, Inc.";;True;False
0001438901;"Auto Parts 4Less Group, Inc.";;True;False
0001438943;"MALACHITE INNOVATIONS, INC.";RNGE;True;False
0001438945;"Strike Axe, Inc";;True;False
0001439095;MRC GLOBAL INC.;;False;False
0001439106;"Stonecrest One, Inc.";;True;False
0001439133;"Windstream Technologies, Inc.";;True;False
0001439142;"BLUEWAVE GROUP, INC";;True;False
0001439154;United States Oil & Gas Corp;;True;False
0001439199;CTPARTNERS EXECUTIVE SEARCH INC.;;False;True
0001439222;"AGIOS PHARMACEUTICALS, INC.";AGIO;False;False
0001439237;Quality Online Education Group Inc.;;True;False
0001439240;SK Shasta Acquisition Corp. 4;;True;False
0001439241;SK Shasta Acquisition Corp. 3;;True;False
0001439242;SK Shasta Acquisition Corp. 2;;True;False
0001439245;SK Shasta Acquisition Corp. 1;;True;False
0001439254;Ceetop Inc.;;True;False
0001439264;Bonanza Goldfields Corp.;MVNC;True;False
0001439288;Zurn Elkay Water Solutions Corp;ZWS;False;False
0001439299;"Consumer Capital Group, Inc.";;True;False
0001439397;"NORTHSIGHT CAPITAL, INC.";;True;False
0001439404;ZYNGA INC;;False;True
0001439434;"Global Pharm Holdings Group, Inc.";;True;False
0001439446;"FusionTech, Inc.";;True;False
0001439449;"Fresenius Kabi Pharmaceuticals Holding, Inc.";;True;False
0001439567;"United States Short Oil Fund, LP";;True;False
0001439570;"Advanced Water Technology Holdings, Inc.";;True;False
0001439600;"Local Insight Regatta Holdings, Inc.";;True;False
0001439636;BAETA CORP;;True;False
0001439697;World Omni Auto Leasing LLC;;True;False
0001439724;OAKRIDGE INTERNATIONAL CORP;;True;False
0001439725;BIODESIX INC;BDSX;False;False
0001439746;"RESOURCE HOLDINGS, INC.";;True;False
0001439802;Nugent Engine Technologies Inc.;;True;False
0001439813;Stevia Corp;;True;False
0001439971;CIRCLE STAR ENERGY CORP.;;True;False
0001439981;"T.O ENTERTAINMENT, INC.";;True;False
0001439984;"XIAN RESOURCES, LTD.";;True;False
0001440024;"Roadrunner Transportation Systems, Inc.";;False;True
0001440048;"LIFEHEALTHCARE, INC.";;True;False
0001440153;"Bakhu Holdings, Corp.";;True;False
0001440172;Bluforest Inc.;;True;False
0001440208;"Target Acquisitions I, Inc.";;True;False
0001440280;"Book Merge Technology, Inc.";;True;False
0001440292;United Development Funding IV;;False;True
0001440476;Asia Green Agriculture Corp;;True;False
0001440517;"Greenfield Farms Food, Inc.";;True;False
0001440760;"China Network Media, Inc.";;True;False
0001440770;"China Electronics Holdings, Inc.";;True;False
0001440799;MMEX Resources Corp;MMEX;True;False
0001440819;VUMEE INC.;;True;False
0001441066;"Quality Alliance Group, Inc";;True;False
0001441082;Healing Co Inc.;;True;False
0001441236;Clearwater Paper Corp;CLW;False;False
0001441247;EARTH DRAGON RESOURCES INC.;;True;False
0001441362;AUTRIS;;True;False
0001441551;"DNA Systems, Inc.";;True;False
0001441567;MModal Inc.;;False;True
0001441573;"iGenii, Inc.";;True;False
0001441634;Avago Technologies LTD;;True;False
0001441649;"American Smooth Wave Ventures, Inc.";;True;False
0001441683;APPIAN CORP;APPN;False;False
0001441693;MARRONE BIO INNOVATIONS INC;;False;True
0001441769;DIRECTVIEW HOLDINGS INC;;True;False
0001441816;"MongoDB, Inc.";MDB;False;False
0001441848;FACET BIOTECH CORP;;False;True
0001441849;CLOUD PEAK ENERGY INC.;;False;True
0001442101;Zhong Ya International Ltd;;True;False
0001442145;"Verisk Analytics, Inc.";VRSK;False;False
0001442236;Quest Resource Holding Corp;QRHC;False;False
0001442376;"Total Sports Media, Inc.";;True;False
0001442492;"Laredo Oil, Inc.";LRDC;True;False
0001442505;Clearwire Corp /DE;;False;True
0001442513;Compound Natural Foods Inc.;;True;False
0001442620;"Recon Technology, Ltd";RCON;False;False
0001442626;"Bluerock Residential Growth REIT, Inc.";;False;True
0001442634;"Organic Alliance, Inc.";;True;False
0001442711;CYCLONE POWER TECHNOLOGIES INC;;True;False
0001442741;"Xenith Bankshares, Inc.";;False;True
0001442836;"Mersana Therapeutics, Inc.";;False;False
0001442853;"Indo Global Exchange(s) Pte, Ltd.";;True;False
0001442999;ALTEROLA BIOTECH INC.;;True;False
0001443062;BIOMEDICAL TECHNOLOGY SOLUTIONS HOLDINGS INC;;True;False
0001443075;ISHARES DIVERSIFIED ALTERNATIVES TRUST;;True;False
0001443089;"WEARABLE HEALTH SOLUTIONS, INC.";;True;False
0001443105;Supatcha Resources Inc.;;True;False
0001443157;eFleets Corp;;True;False
0001443202;"Community Alliance, Inc.";;True;False
0001443242;"Bohai Pharmaceuticals Group, Inc.";;True;False
0001443270;Cormac Mining Inc.;;True;False
0001443388;GREEN HYGIENICS HOLDINGS INC.;;True;False
0001443609;"Three Shades for Everybody, Inc.";;True;False
0001443611;SinglePoint Inc.;SING;True;False
0001443646;Booz Allen Hamilton Holding Corp;BAH;False;False
0001443669;Proto Labs Inc;PRLB;False;False
0001443799;"Gener8 Maritime, Inc.";;False;True
0001443813;Protective Life Secured Trust 2008-20;;True;False
0001443818;"Freedom Environmental Services, Inc.";;True;False
0001443823;"Mondo Acquisition V, Inc.";;True;False
0001443824;"Mondo Acquisition VI, Inc.";;True;False
0001443863;BioCorRx Inc.;BICX;True;False
0001444064;"KORE NUTRITION, INC.";;True;False
0001444090;"Alpine Alpha 1, Ltd.";;True;False
0001444143;ACCELERATED ACQUISITIONS III INC;;True;False
0001444144;"ACCELERA INNOVATIONS, INC.";;True;False
0001444145;"Demand Pooling, Inc.";;True;False
0001444177;"GreenHouse Holdings, Inc.";;True;False
0001444183;"Alpine Alpha 2, Ltd.";;True;False
0001444185;"Alpine Alpha 3, Ltd.";;True;False
0001444192;Acasti Pharma Inc.;GRCE;False;False
0001444275;"LOT78, INC.";;True;False
0001444277;"St. Joseph Bancorp, Inc.";;True;False
0001444279;"EXERCISE FOR LIFE SYSTEMS, INC.";;True;False
0001444307;ONCOSEC MEDICAL Inc;;False;True
0001444310;"AMBICOM HOLDINGS, INC";;True;False
0001444313;"LADYBUG RESOURCE GROUP, INC.";;True;False
0001444363;"GAIN Capital Holdings, Inc.";;False;True
0001444377;Blue Gem Enterprise;;True;False
0001444380;NEVRO CORP;;False;False
0001444397;Ocean Shore Holding Co.;;False;True
0001444403;CODE GREEN APPAREL CORP;;True;False
0001444570;Aptalis Pharma Inc;;True;False
0001444598;"Change Healthcare Holdings, Inc.";;False;True
0001444702;"APOLLO CAPITAL GROUP, INC.";;True;False
0001444706;CROSSROADS LIQUIDATING TRUST;;False;True
0001444834;Far East Wind Power Corp.;;True;False
0001444837;"OCTAGON 88 RESOURCES, INC.";;True;False
0001444839;Bravo Multinational Inc.;BRVO;True;False
0001444855;"Dongsheng Pharmaceutical International Co., Ltd.";;True;False
0001445049;Energy Future Competitive Holdings Co LLC;;True;False
0001445109;Clean Coal Technologies Inc.;;True;False
0001445146;Energy Future Intermediate Holding CO LLC;;True;False
0001445175;"Xiamen Lutong International Travel Agency Co., Ltd.";;True;False
0001445186;"China Green, Inc.";;True;False
0001445188;China Timber Work Enterprises Inc.;;True;False
0001445191;"China Metallic Resources, Inc";;True;False
0001445192;"MAXCONCEPT INTERNATIONAL HOLDINGS, INC";;True;False
0001445193;"CHINA ADVANCED MEDITECH, INC";;True;False
0001445194;ASIA HEALTH & BEAUTY TREASURE INC;;True;False
0001445196;Cedar Creek Mines Ltd.;;True;False
0001445226;"ANTIVIRAL TECHNOLOGIES, INC.";;True;False
0001445229;Fuer International Inc.;;True;False
0001445235;HYBRID Coating Technologies Inc.;;True;False
0001445283;"KINETA, INC./DE";;False;False
0001445297;"Conforce International, Inc.";;True;False
0001445305;WORKIVA INC;WK;False;False
0001445314;TRIMEX EXPLORATION INC.;;True;False
0001445356;"Muscato Group, Inc.";;True;False
0001445499;IMPEL PHARMACEUTICALS INC;;False;True
0001445541;TOA Distribution Systems Inc.;;True;False
0001445625;NEXAIRA WIRELESS INC.;;True;False
0001445635;Dover Holding Corp;;True;False
0001445815;"BIOXYTRAN, INC";BIXT;True;False
0001445831;Newpoint Financial Corp;;True;False
0001445883;"GIFA, INC.";;True;False
0001445918;"Southern Concepts Restaurant Group, Inc.";;True;False
0001445941;China Chemical Corp.;;True;False
0001445942;Texas Mineral Resources Corp.;TMRC;True;False
0001446140;"EASTERN SECURITY & PROTECTION SERVICES, INC.";;True;False
0001446152;"SAUER ENERGY, INC.";;True;False
0001446159;Predictive Oncology Inc.;AGPU;False;False
0001446210;"Goldenway, Inc.";;True;False
0001446371;"Strategic Realty Trust, Inc.";;True;False
0001446374;"GARMAN CABINET & MILLWORK, INC.";;True;False
0001446414;"Titan Oil & Gas, Inc.";;True;False
0001446687;"SILVER STAR PROPERTIES REIT, INC";;True;False
0001446714;"Macquarie Equipment Leasing Fund, LLC";;True;False
0001446727;"Bloggerwave, Inc.";;True;False
0001446801;"International Paintball Association, Inc.";;True;False
0001446806;"ICON Equipment & Corporate Infrastructure Fund Fourteen, L.P.";;True;False
0001446847;IRONWOOD PHARMACEUTICALS INC;IRWD;False;False
0001446896;"Alternative Energy Partners, Inc.";;True;False
0001447028;Arbutus Biopharma Corp;ABUS;False;False
0001447051;Territorial Bancorp Inc.;;False;False
0001447256;ASSURED EQUITIES IV Corp;;True;False
0001447362;CASTLE BIOSCIENCES INC;CSTL;False;False
0001447380;MOBIVITY HOLDINGS CORP.;MFON;True;False
0001447599;"FITBIT, INC.";;False;True
0001447669;TWILIO INC;TWLO;False;False
0001447873;Link Scaffold Products North America;;True;False
0001447976;CHARDAN ACQUISITION CORP;;True;False
0001448038;Redwood Mortgage Investors IX;;True;False
0001448056;"NEW RELIC, INC.";;False;True
0001448064;"RoomStore, Inc.";;True;False
0001448242;Pepper Rock Resources Corp.;;True;False
0001448301;Anchor Bancorp;;False;True
0001448324;Cornerstone Financial Corp;;True;False
0001448431;OptimizeRx Corp;OPRX;False;False
0001448500;"China Power Technology, Inc.";;True;False
0001448558;"GROW CAPITAL, INC.";;True;False
0001448569;"PB PROPERTIES, INC.";;True;False
0001448597;AUGUSTA GOLD CORP.;AUGG;True;False
0001448695;Sylios Corp;;True;False
0001448705;"BASANITE, INC.";BASA;True;False
0001448763;Amerilithium Corp.;;True;False
0001448776;"China Green Energy Industries, Inc.";;True;False
0001448780;MobileBits Holdings Corp;;True;False
0001448806;"EFLO ENERGY, INC.";;True;False
0001448893;Essent Group Ltd.;ESNT;False;False
0001448900;Coronus Solar Inc.;;True;False
0001448962;"YA ZHU SILK, INC.";;True;False
0001449001;Buyrite Club Corp.;;True;False
0001449097;STATIONDIGITAL CORP;;True;False
0001449224;OMNI VENTURES INC;;True;False
0001449278;TUBEMOGUL INC;;False;True
0001449349;VIVOS INC;RDGL;True;False
0001449447;"ENTEST GROUP, INC.";;True;False
0001449488;CSI Compressco LP;;False;False
0001449527;"YESDTC HOLDINGS, INC.";;True;False
0001449574;"Bravatek Solutions, Inc.";;True;False
0001449636;Volkswagen Auto Loan Enhanced Trust 2008-2;;True;False
0001449709;"Valiant Health Care, Inc.";;True;False
0001449732;"Willbros Group, Inc.\NEW\";;False;True
0001449792;"PIONEER POWER SOLUTIONS, INC.";PPSI;False;False
0001449794;"Embassy Bancorp, Inc.";EMYB;True;False
0001449934;"CannLabs, Inc.";;True;False
0001450015;CHINA GLOBAL MEDIA INC;;True;False
0001450074;GLOBAL DYNAMICS CORP;;True;False
0001450185;CORPORATE SECURITY CONSULTANTS INC;;True;False
0001450307;CORPORATE UNIVERSE INC;;True;False
0001450335;"Commonwealth Income & Growth Fund VII, LP";;True;False
0001450390;BAKKEN RESOURCES INC;;True;False
0001450524;NORTH BAY RESOURCES INC;;True;False
0001450551;Tuffnell Ltd.;;True;False
0001450552;"DAVI LUXURY BRAND GROUP, INC.";;True;False
0001450704;"Vivakor, Inc.";VIVK;False;False
0001450708;"Aurum, Inc.";;True;False
0001450720;Frontier Diversified Fund;;True;False
0001450721;"FRONTIER DYNAMIC SERIES, a series of The Frontier Fund";;True;False
0001450722;Frontier Masters Fund;;True;False
0001450922;abrdn Silver ETF Trust;SIVR;True;False
0001450923;abrdn Gold ETF Trust;SGOL;True;False
0001450973;"EFT Holdings, Inc.";;True;False
0001451053;"LIBERATOR, INC.";;True;False
0001451298;"E & M Group, Inc.";;True;False
0001451432;"First Sentry Bancshares, Inc.";;True;False
0001451433;"NUTRANOMICS, INC.";;True;False
0001451448;"ESPORTS ENTERTAINMENT GROUP, INC.";GMBLZ;True;False
0001451505;Transocean Ltd.;RIG;False;False
0001451512;"Unrivaled Brands, Inc.";;True;False
0001451514;"Minerco Resources, Inc.";;True;False
0001451520;"Idle Media, Inc.";;True;False
0001451565;"Solar Park Initiatives, Inc.";;True;False
0001451598;"Thwapr, Inc.";;True;False
0001451653;"WPS, Inc.";;True;False
0001451654;"PETROSONIC ENERGY, INC.";;True;False
0001451775;DIVERSIFIED GLOBAL HOLDINGS GROUP INC.;;True;False
0001451797;Anchorage International Holdings Corp.;;True;False
0001451809;SITIME Corp;SITM;False;False
0001451822;GreenTek Corp.;;True;False
0001451929;"Avant Diagnostics, Inc";;True;False
0001451951;FriendFinder Networks Inc.;;False;True
0001451980;BIOCANCELL THERAPEUTICS INC.;;True;False
0001452011;Tanke Biosciences Corp;TNBI;True;False
0001452164;"Beta Music Group, Inc.";;True;False
0001452168;"CNL Growth Properties, Inc.";;True;False
0001452176;"SurePure, Inc.";;True;False
0001452217;TPC Group Inc.;;False;True
0001452274;REVONERGY INC;;True;False
0001452384;"SEAHAWK DRILLING, INC.";;False;True
0001452476;"Sebring Software, Inc.";;True;False
0001452477;Seven Hills Realty Trust;SEVN;False;False
0001452575;Mead Johnson Nutrition Co;;False;True
0001452580;"EHOUSE GLOBAL, INC.";;True;False
0001452583;"Crownbutte Wind Power, Inc.";CBMJ;True;False
0001452751;Nimble Storage Inc;;False;True
0001452763;"Encore Brands, Inc.";;True;False
0001452804;"PEAK PHARMACEUTICALS, INC.";RMHI;True;False
0001452857;STEEL PARTNERS HOLDINGS L.P.;;False;False
0001452872;"ARC Group, Inc.";;True;False
0001452899;Riverview Financial Corp;;True;False
0001452920;Ecolivegreen Corp;;True;False
0001452936;"Pacific Oak Strategic Opportunity REIT, Inc.";PCOK;True;False
0001452965;MINERVA SURGICAL INC;;False;True
0001453001;VACCINOGEN INC;;True;False
0001453086;Rx Technologies Corp.;;True;False
0001453090;Weatherford International Ltd./Switzerland;;True;False
0001453099;CEREBAIN BIOTECH CORP.;;True;False
0001453114;Ready Welder Corp;;True;False
0001453122;"3DX Industries, Inc.";;True;False
0001453420;"Echo Automotive, Inc.";;True;False
0001453593;"Xtant Medical Holdings, Inc.";XTNT;False;False
0001453625;Here Media Inc.;;True;False
0001453684;"Avalon Holding Group, Inc.";;True;False
0001453687;SELECTA BIOSCIENCES INC;RNAC;False;False
0001453814;"Medidata Solutions, Inc.";;False;True
0001453818;HGR Liquidating Trust;;True;False
0001453820;PENN MILLERS HOLDING CORP;;False;True
0001453836;World Omni Auto Receivables Trust 2009-A;;True;False
0001453859;"Pier Acquisition I, Inc.";;True;False
0001453883;"BULK STORAGE SOFTWARE, INC.";;True;False
0001454007;Casablanca Mining Ltd.;;True;False
0001454010;"Gepco, Ltd.";;True;False
0001454124;"5BARz International, Inc.";;True;False
0001454189;"Auspex Pharmaceuticals, Inc.";;False;True
0001454298;Gunpowder Gold Corp;;True;False
0001454311;One2one Living Corp;;True;False
0001454384;DYNAMIC VENTURES CORP.;;True;False
0001454389;STONEGATE MORTGAGE CORP;;False;True
0001454504;Global Resource Energy Inc.;;True;False
0001454510;LNPR GROUP INC.;;True;False
0001454712;Tiga Energy Services Inc.;;True;False
0001454719;Convenience TV Inc.;;True;False
0001454725;"First Power & Light, Inc.";;True;False
0001454742;"GOOD GAMING, INC.";GMER;True;False
0001454789;"Astria Therapeutics, Inc.";;False;False
0001454926;SLC Student Loan Trust 2009-1;;True;False
0001454938;Outbrain Inc.;TEAD;False;False
0001455206;"RVUE HOLDINGS, INC.";;True;False
0001455271;"Griffin-American Healthcare REIT II, Inc.";;True;False
0001455365;COGNITION THERAPEUTICS INC;CGTX;False;False
0001455380;BIOSTEM U.S. CORP;;True;False
0001455650;N1 Liquidating Trust;;True;False
0001455684;"TPI COMPOSITES, INC";TPICQ;False;False
0001455694;"SignPath Pharma, Inc.";;True;False
0001455741;"RIDGEWOOD ENERGY X FUND, LLC";;True;False
0001455768;Renewable Fuel Corp;;True;False
0001455819;"Vape Holdings, Inc.";;True;False
0001455863;AMERICOLD REALTY TRUST;COLD;True;False
0001455926;IRONCLAD ENCRYPTION Corp;;True;False
0001455982;RIDER EXPLORATION INC;;True;False
0001456016;"Griffin Capital Essential Asset REIT, Inc.";;True;False
0001456090;"Game Plan Holdings, Inc.";;True;False
0001456137;WONDER INTERNATIONAL EDUCATION & INVESTMENT GROUP Corp;;True;False
0001456189;Leatt Corp;LEAT;True;False
0001456212;"BlackRidge Technology International, Inc.";;True;False
0001456453;WellTek Inc;;True;False
0001456455;"PFO Global, Inc.";;True;False
0001456480;Banc of America Funding 2009-R1 Trust;;True;False
0001456772;OFFICE PROPERTIES INCOME TRUST;OPITQ;False;False
0001456802;Century Cobalt Corp.;;True;False
0001456857;"MJ Holdings, Inc.";;True;False
0001456926;US SOLARTECH INC;;True;False
0001456993;"STRAGENICS, INC.";;True;False
0001457435;"Zentric, Inc.";;True;False
0001457543;CAREFUSION Corp;;False;True
0001457612;"GENOCEA BIOSCIENCES, INC.";;False;True
0001457737;"iHeartMedia Capital I, LLC";;True;False
0001457919;RIDGEWOOD ENERGY A-1 FUND LLC;;True;False
0001458023;"Flowerkist Skin Care & Cosmetics, Inc.";;True;False
0001458191;"REM BUSINESS SOLUTIONS, INC.";;True;False
0001458412;"CROSSFIRST BANKSHARES, INC.";;False;False
0001458555;Banc of America Funding 2009-R3 Trust;;True;False
0001458581;"ZENOSENSE, INC.";;True;False
0001458704;Plantation Corp.;;True;False
0001458725;"Eco Energy Pumps, Inc.";;True;False
0001458868;HYPERERA INC;;True;False
0001458891;Noble Corp;;True;False
0001458895;WLMG HOLDING INC;;True;False
0001458927;Ford Credit Auto Owner Trust 2009-A;;True;False
0001458962;"MINDBODY, Inc.";;False;True
0001459001;CNH Equipment Trust 2009-A;;True;False
0001459003;"EVCARCO, INC.";;True;False
0001459188;"FUEL DOCTOR HOLDINGS, INC.";CHEV;True;False
0001459200;"Alarm.com Holdings, Inc.";ALRM;False;False
0001459241;"Global Income Trust, Inc.";;True;False
0001459266;"ZS Pharma, Inc.";;False;True
0001459287;SATUSA Corp;;True;False
0001459417;"2U, Inc.";;False;False
0001459450;"Myrexis, Inc.";;False;True
0001459482;"Chineseinvestors.com, Inc.";;True;False
0001459697;Liberty Gold Corp.;;True;False
0001459764;"Topaz Resources, Inc.";;True;False
0001459830;SLM Student Loan Trust 2009-1;;True;False
0001459831;SLM Student Loan Trust 2009-2;;True;False
0001459839;"SI-BONE, Inc.";SIBN;False;False
0001459862;abrdn Palladium ETF Trust;PALL;True;False
0001460198;"Kips Bay Medical, Inc.";;False;True
0001460235;abrdn Platinum ETF Trust;PPLT;True;False
0001460290;Alaska Pacific Energy Corp;;True;False
0001460329;"Fluent, Inc.";FLNT;False;False
0001460574;CNH Equipment Trust 2009-B;;True;False
0001460602;Orgenesis Inc.;ORGS;False;False
0001460702;"Qualigen Therapeutics, Inc.";AIXC;False;False
0001460801;"Tri-Tech Holding, Inc.";;False;True
0001460833;CarMax Auto Owner Trust 2009-1;;True;False
0001461119;CRH Medical Corp;;False;True
0001461219;GRAHAM ALTERNATIVE INVESTMENT FUND I LLC;;True;False
0001461237;GRAHAM ALTERNATIVE INVESTMENT FUND II LLC;;True;False
0001461640;HomeTown Bankshares Corp;;False;True
0001461755;"Atlantic Capital Bancshares, Inc.";;False;True
0001461799;USAA Auto Owner Trust 2009-1;;True;False
0001461901;"Brooklin Systems, Inc.";;True;False
0001461912;"Kona Coast Systems, Inc.";;True;False
0001461993;"MELINTA THERAPEUTICS, INC. /NEW/";;False;True
0001462013;"Gold Hill Resources, Inc.";;True;False
0001462047;PRIME GLOBAL CAPITAL GROUP Inc;;True;False
0001462056;"Backblaze, Inc.";BLZE;False;False
0001462103;"MEWBOURNE ENERGY PARTNERS 09-A, L.P.";;True;False
0001462109;China PharmaHub Corp.;;True;False
0001462120;"Live Oak Bancshares, Inc.";LOB-PA;False;False
0001462223;"Recruiter.com Group, Inc.";NIXXW;False;False
0001462360;"Hartman & Associates, Inc.";;True;False
0001462418;ALTISOURCE PORTFOLIO SOLUTIONS S.A.;ASPSW;False;False
0001462441;"CapitalSouth Partners SBIC Fund III, L.P.";;True;False
0001462506;SunGame Corp;;True;False
0001462566;"Biolog, Inc";;True;False
0001462567;"RICI Linked - PAM Advisors Fund, LLC";;True;False
0001462633;"Jive Software, Inc.";;False;True
0001462694;"ConnectOne Bancorp, Inc.";;False;True
0001462777;Volkswagen Auto Lease Trust 2009-A;;True;False
0001463101;"Enphase Energy, Inc.";ENPH;False;False
0001463161;Honda Auto Receivables 2009-2 Owner Trust;;True;False
0001463172;"Zendesk, Inc.";;False;True
0001463176;ASIA SELECT ACQUISITION III CORP;;True;False
0001463191;"PIMI AGRO CLEANTECH, INC.";;True;False
0001463208;"Transportation & Logistics Systems, Inc.";TLSS;True;False
0001463258;"Renewable Energy Group, Inc.";;False;True
0001463361;"Unity Biotechnology, Inc.";;False;False
0001463389;"ATEL 14, LLC";;True;False
0001463563;Harley-Davidson Motorcycle Trust 2009-1;;True;False
0001463729;"Receptos, Inc.";;False;True
0001463792;"Gold Torrent, Inc.";;True;False
0001463833;"IDW MEDIA HOLDINGS, INC.";IDWM;False;True
0001463913;US Alliance Corp;;True;False
0001463959;"DS HEALTHCARE GROUP, INC.";;False;True
0001463961;"Ciralight Global, Inc.";;True;False
0001463972;Vuzix Corp;VUZI;False;False
0001464165;Pivot Pharmaceuticals Inc.;BETRF;True;False
0001464300;"ALL MARKETING SOLUTIONS, INC.";;True;False
0001464305;China Executive Education Corp;;True;False
0001464343;Atlanticus Holdings Corp;ATLCZ;False;False
0001464423;PennyMac Mortgage Investment Trust;PMT-PC;False;False
0001464434;Nissan Auto Lease Trust 2009-A;;True;False
0001464720;DC Industrial Liquidating Trust;;True;False
0001464766;"Epcylon Technologies, Inc.";;True;False
0001464790;"B. Riley Financial, Inc.";RILYT;False;False
0001464830;"Silver Falcon Mining, Inc.";;True;False
0001464865;"Accredited Solutions, Inc.";ASII;True;False
0001464866;BMW Vehicle Lease Trust 2009-1;;True;False
0001464963;"First Eagle Alternative Capital BDC, Inc.";;False;True
0001464990;John Deere Owner Trust 2009;;True;False
0001465062;VIASPACE Green Energy Inc.;;True;False
0001465112;DIRECTV;;False;True
0001465128;"STARWOOD PROPERTY TRUST, INC.";STWD;False;False
0001465130;Arcis Resources Corp;;True;False
0001465148;Ford Credit Auto Owner Trust 2009-B;;True;False
0001465264;"HD SUPPLY, INC.";;True;False
0001465470;NaturalShrimp Inc;;True;False
0001465509;XcelMobility Inc.;;True;False
0001465740;TWO HARBORS INVESTMENT CORP.;TWOD;False;False
0001465856;"mBeach Software, Inc.";;True;False
0001465872;VANTAGE DRILLING INTERNATIONAL;;True;False
0001465885;Western Asset Mortgage Capital Corp;;False;True
0001465969;"Cullman Bancorp, Inc.";;True;False
0001466026;"Midland States Bancorp, Inc.";MSBIP;False;False
0001466056;Bhakti Capital Corp.;;True;False
0001466057;"Darshan Equity Investment, Inc.";;True;False
0001466085;"INDEPENDENCE REALTY TRUST, INC.";IRT;False;False
0001466225;"Resource Real Estate Opportunity REIT, Inc.";;True;False
0001466258;Trane Technologies plc;TT;False;False
0001466292;Cordia Bancorp Inc;;False;True
0001466301;"Clovis Oncology, Inc.";;False;True
0001466538;COWEN INC.;;False;True
0001466593;Otter Tail Corp;OTTR;False;False
0001466629;"Vacation Home Swap, Inc.";;True;False
0001466739;Next Galaxy Corp.;;True;False
0001466815;"CAMBIUM LEARNING GROUP, INC.";;False;True
0001466827;AVICENNA GLOBAL CORP.;;True;False
0001467027;CreXus Investment Corp.;;False;True
0001467076;"Colony Capital, Inc.";;True;False
0001467154;"Novan, Inc.";;False;True
0001467233;Global Cooling Technologies Corp.;;True;False
0001467373;Accenture plc;ACN;False;False
0001467377;"CORE HEALTH CARE NETWORK, INC.";;True;False
0001467434;"Petron Energy II, Inc.";;True;False
0001467446;AmeriCredit Automobile Receivables Trust 2009-1;;True;False
0001467450;Honda Auto Receivables 2009-3 Owner Trust;;True;False
0001467465;Chrysler Financial Auto Securitization Trust 2009-A;;True;False
0001467560;"Quantum Assets, Inc.";;True;False
0001467623;"DROPBOX, INC.";DBX;False;False
0001467649;Harley-Davidson Motorcycle Trust 2009-2;;True;False
0001467652;"Neos Therapeutics, Inc.";;False;True
0001467700;Ford Credit Auto Owner Trust 2009-C;;True;False
0001467746;Deyu Agriculture Corp.;;True;False
0001467760;"Apollo Commercial Real Estate Finance, Inc.";ARI;False;False
0001467761;"MINIM, INC.";FIEE;False;False
0001467845;"Kashin, Inc.";;True;False
0001467853;SLC Student Loan Trust 2009-2;;True;False
0001467858;General Motors Co;GM;False;False
0001467913;808 RENEWABLE ENERGY CORP;;True;False
0001467974;"Wendy's Restaurants, LLC";;True;False
0001468010;"Steadfast Income REIT, Inc.";;True;False
0001468122;"Global Smoothie Supply, Inc.";;True;False
0001468164;"Profit Planners Management, Inc.";;True;False
0001468174;Hyatt Hotels Corp;H;False;False
0001468276;"Wecosign, Inc.";;True;False
0001468327;"Rent the Runway, Inc.";RENT;False;False
0001468328;Addus HomeCare Corp;ADUS;False;False
0001468492;"Heart Test Laboratories, Inc.";HSCSW;False;False
0001468500;USA REAL ESTATE HOLDING Co;;True;False
0001468516;AOL Inc.;;False;True
0001468639;"Vicapsys Life Sciences, Inc.";VICP;True;False
0001468666;SecureWorks Corp;;False;False
0001468679;AMERICAN CRYOSTEM Corp;;True;False
0001468748;Kodiak Sciences Inc.;KOD;False;False
0001468780;POWIN ENERGY CORP;;True;False
0001468910;Millburn Multi-Markets Fund L.P.;;True;False
0001468924;"SAND HILLS, INC";;True;False
0001468929;"NEXGEL, INC.";NXGLW;False;False
0001468978;"SOUTHERN ITS INTERNATIONAL, INC.";SITS;True;False
0001469038;X Metaverse Inc.;;True;False
0001469114;"Stone Harbor Investments, Inc.";;True;False
0001469115;Ridgedale Holdings Inc.;;True;False
0001469134;"First Community Financial Partners, Inc.";;False;True
0001469207;"Smartag International, Inc.";;True;False
0001469284;Champion Pain Care Corp;;True;False
0001469317;"Altegris QIM Futures Fund, L.P.";;True;False
0001469367;Sunrun Inc.;RUN;False;False
0001469372;MSG NETWORKS INC.;;False;True
0001469383;"AOTS 30, Inc.";;True;False
0001469384;WRASP 31 INC;;True;False
0001469385;WRASP 32 INC;;True;False
0001469412;"Mobilized Entertainment, Inc.";;True;False
0001469433;Ancestry.com Inc.;;False;True
0001469443;"Arcadia Biosciences, Inc.";RKDA;False;False
0001469488;ASIA SELECT ACQUISITION II CORP.;;True;False
0001469510;Resolute Energy Corp;;False;True
0001469559;"PROTEONOMIX, INC.";;True;False
0001469606;Andatee China Marine Fuel Services Corp;;False;True
0001469628;Hygea Holdings Corp.;;True;False
0001469741;"Mint Capital, Inc";;True;False
0001469822;"KBS Legacy Partners Apartment REIT, Inc.";;True;False
0001470022;RESOLUTE ONCOLOGY INC;;True;False
0001470099;"MOBILEIRON, INC.";;False;True
0001470129;China Bilingual Technology & Education Group Inc.;VIIQ;True;False
0001470177;Axiologix Education Corp;;True;False
0001470205;"County Bancorp, Inc.";;False;True
0001470215;Towers Watson & Co.;;False;True
0001470336;"PB Capital International, Inc";;True;False
0001470431;Hyundai Auto Receivables Trust 2009-A;;True;False
0001470512;Cell-nique Corp;;True;False
0001470550;INTERNATIONAL LEADERS CAPITAL Corp;;True;False
0001470699;"Archipelago Learning, Inc.";;False;True
0001470701;"China New Greenfood Co., Ltd";;True;False
0001470719;MONAR INTERNATIONAL INC.;;True;False
0001470795;"OmniAmerican Bancorp, Inc.";;False;True
0001470862;Nissan Auto Lease Trust 2009-B;;True;False
0001470915;"Pharmagen, Inc.";;True;False
0001471038;"GLOBAL DEFENSE TECHNOLOGY & SYSTEMS, INC.";;False;True
0001471088;"OBA Financial Services, Inc.";;False;True
0001471089;MANTHEY REDMOND Corp;;True;False
0001471092;Versailles Financial Corp;;True;False
0001471136;Hondo Minerals Corp;;True;False
0001471232;"GE Equipment Midticket LLC, Series 2009-1";;True;False
0001471254;Ford Credit Auto Owner Trust 2009-D;;True;False
0001471256;Cullen Agricultural Holding Corp;;True;False
0001471261;"Cobalt International Energy, Inc.";;False;True
0001471265;"Northwest Bancshares, Inc.";NWBI;False;False
0001471266;"Harvard Illinois Bancorp, Inc.";;True;False
0001471270;ML BlueTrend FuturesAccess LLC;;True;False
0001471271;"Firemans Contractors, Inc.";;True;False
0001471302;Kemiao Garment Holding Group;;True;False
0001471387;"PMX Communities, Inc.";;True;False
0001471458;"rue21, inc.";;False;True
0001471487;MEDISAFE 1 TECHNOLOGIES CORP;;True;False
0001471717;"Logan Sound, Inc.";;True;False
0001471727;Better Choice Co Inc.;SRXH;False;False
0001471728;"Entergy Texas Restoration Funding, LLC";;True;False
0001471781;GBT Technologies Inc.;GTCH;True;False
0001471824;Teucrium Commodity Trust;WEAT;True;False
0001471968;EnzymeBioSystems;;True;False
0001472012;Immunome Inc.;IMNM;False;False
0001472091;PDS Biotechnology Corp;PDSB;False;False
0001472093;Athens Bancshares Corp;;True;False
0001472147;"Flameret, Inc.";;True;False
0001472174;PHYHEALTH Corp;;True;False
0001472277;KUN DE INTERNATIONAL HOLDINGS INC.;;True;False
0001472343;"Roka BioScience, Inc.";;False;True
0001472374;Ultimate Indoor Football League;;True;False
0001472468;"XT Energy Group, Inc.";;True;False
0001472485;"NewEnergy Enterprise Management, Inc.";;True;False
0001472486;"NewTech Enterprise Management, Inc.";;True;False
0001472494;"United States Brent Oil Fund, LP";BNO;True;False
0001472595;R1 RCM INC.;;True;False
0001472601;RYU APPAREL INC.;;True;False
0001472635;CHINA DU KANG CO. LTD.;;True;False
0001472688;GHN Agrispan Holding Co;;True;False
0001472787;First American Financial Corp;FAF;False;False
0001472847;HARRISON VICKERS & WATERMAN INC;;True;False
0001472862;"WHITE SMILE GLOBAL, INC.";;True;False
0001472886;Ford Credit Floorplan Master Owner Trust A Series 2009-2;;True;False
0001472998;"GreenPlex Services, Inc.";;True;False
0001473061;PostRock Energy Corp;;False;True
0001473078;Chesapeake Lodging Trust;;False;True
0001473111;Mercedes-Benz Auto Receivables Trust 2009-1;;True;False
0001473287;SMSA CRANE ACQUISITION CORP.;;True;False
0001473329;Harley-Davidson Motorcycle Trust 2009-3;;True;False
0001473334;"Nova Lifestyle, Inc.";XWIN;False;False
0001473490;"Wall Street Media Co, Inc.";GLAI;True;False
0001473495;John Deere Owner Trust 2009-B;;True;False
0001473579;NANOMIX Corp;;True;False
0001473591;Sonora Resources Corp.;;True;False
0001473597;"STR HOLDINGS, INC.";;False;True
0001473637;"Eco-Tek Group, Inc.";;True;False
0001473652;China Teletech Ltd;;True;False
0001473654;"LevelBlox, Inc.";;True;False
0001473675;AlphaMetrix Managed Futures III LLC;;True;False
0001473844;"Stellar Bancorp, Inc.";STEL;False;True
0001473968;"CenterPoint Energy Restoration Bond Company, LLC";;True;False
0001473971;"Citadel EFT, Inc.";;True;False
0001474042;Baltic Trading Ltd;;False;True
0001474098;Pebblebrook Hotel Trust;PEB-PH;False;False
0001474167;Cosmos Health Inc.;COSM;False;False
0001474227;"Audience Productions, Inc.";;True;False
0001474266;"Titanium Healthcare, Inc.";;True;False
0001474301;"Toys R Us Property Co I, LLC";;True;False
0001474307;KMP Futures Fund I LLC;;True;False
0001474348;Nelnet Student Loan Trust 2009-2;;True;False
0001474432;"Pure Storage, Inc.";PSTG;False;False
0001474439;"Telenav, Inc.";;False;True
0001474459;MEGAS INC;;True;False
0001474464;New York REIT Liquidating LLC;;False;True
0001474558;"KAT EXPLORATION, INC.";GKOR;True;False
0001474627;Dehaier Medical Systems Ltd;NEGG;False;False
0001474735;GENERAC HOLDINGS INC.;GNRC;False;False
0001474777;American Farmland Co;;False;True
0001474892;USAA Auto Owner Trust 2009-2;;True;False
0001474903;"BGSF, INC.";BGSF;False;False
0001475036;"AMHEARST GLEN, INC.";;True;False
0001475065;Tungsten Corp.;;True;False
0001475068;CarMax Auto Owner Trust 2009-2;;True;False
0001475115;"Eventbrite, Inc.";EB;False;False
0001475193;World Omni Automobile Lease Securitization Trust 2009-A;;True;False
0001475204;Meiguo Acquisition Corp;;True;False
0001475273;"SOUPMAN, INC.";;True;False
0001475274;"RetailMeNot, Inc.";;False;True
0001475348;Luther Burbank Corp;;False;False
0001475430;JOSHUA GOLD RESOURCES INC;;True;False
0001475448;BZ INTERMEDIATE HOLDINGS LLC;;True;False
0001475606;CNH Equipment Trust 2009-C;;True;False
0001475748;AmeriCredit Prime Automobile Receivables Trust 2009-1;;True;False
0001475841;National Bank Holdings Corp;NBHC;False;False
0001475899;"NYTEX Energy Holdings, Inc.";;True;False
0001475922;"Primerica, Inc.";PRI;False;False
0001476034;Metropolitan Bank Holding Corp.;MCB;False;False
0001476045;Chatham Lodging Trust;CLDT-PA;False;False
0001476150;Terreno Realty Corp;TRNO;False;False
0001476170;Unilife Corp;;False;True
0001476204;"Phillips Edison & Company, Inc.";PECO;False;False
0001476246;Tropicana Entertainment Inc.;;True;False
0001476264;"WashingtonFirst Bankshares, Inc.";;False;True
0001476278;"MEDIENT STUDIOS, INC.";;True;False
0001476470;CARBON 612 Corp;;True;False
0001476638;"Rackwise, Inc.";;True;False
0001476651;"FCB FINANCIAL HOLDINGS, INC.";;False;True
0001476655;Antero Resources LLC;;True;False
0001476678;China Real Estate Acquisition Corp.;;True;False
0001476692;Pathmark Charter Corp;;True;False
0001476719;"Crumbs Bake Shop, Inc.";;False;True
0001476763;China Food & Beverage Acquisition Corp.;;True;False
0001476765;"GOLUB CAPITAL BDC, Inc.";GBDC;False;False
0001476840;"Expensify, Inc.";EXFY;False;False
0001476886;Clarion Partners Property Trust Inc.;;True;False
0001476919;Ford Credit Auto Owner Trust 2009-E;;True;False
0001476963;"NightHawk Biosciences, Inc.";SCPX;False;False
0001476991;Chrysler Financial Auto Securitization Trust 2009-B;;True;False
0001477009;TREES Corp (Colorado);CANN;True;False
0001477032;PROSPECT GLOBAL RESOURCES INC.;;False;True
0001477130;"COMMONWEALTH REALTY PARTNERS, INC.";;True;False
0001477168;"Star Mountain Resources, Inc.";;True;False
0001477200;Rocket Fuel Inc.;;False;True
0001477246;S&W Seed Co;;False;False
0001477294;Sensata Technologies Holding plc;ST;False;False
0001477333;"Cloudflare, Inc.";NET;False;False
0001477336;Ally Auto Assets LLC;;True;False
0001477425;"SendGrid, Inc.";;False;True
0001477449;"Teladoc Health, Inc.";TDOC;False;False
0001477472;"Active Health Foods, Inc.";;True;False
0001477488;Harley-Davidson Motorcycle Trust 2009-4;;True;False
0001477720;"Asana, Inc.";ASAN;False;False
0001477776;ATTUNE RTD;;True;False
0001477815;"Sweetgreen, Inc.";SG;False;False
0001477845;"Annovis Bio, Inc.";ANVS;False;False
0001477961;"Latitude Solutions, Inc.";;True;False
0001477968;"Fairmount Bancorp, Inc.";;True;False
0001478069;CONTRAFECT Corp;;False;True
0001478085;Graham Packaging Co Inc.;;False;True
0001478087;"VIM BEVERAGE, INC.";;True;False
0001478121;Pfenex Inc.;;False;True
0001478132;AUXILLIUM ENERGY INC.;;True;False
0001478176;"EURO SOLAR PARKS, INC.";;True;False
0001478220;"Campbell Global Trend Fund, L.P.";;True;False
0001478242;IQVIA HOLDINGS INC.;IQV;False;False
0001478250;SLC Student Loan Trust 2009-3;;True;False
0001478259;"Medbook World, Inc";;True;False
0001478320;Adaptive Biotechnologies Corp;ADPT;False;False
0001478332;HOLLYWALL ENTERTAINMENT INC;;True;False
0001478454;"Eagle Bancorp Montana, Inc.";EBMT;False;False
0001478484;"zulily, inc.";;False;True
0001478490;"ADVANCED PIPE FITTING TECHNOLOGIES, INC.";;True;False
0001478493;"GreenCell, Inc";;True;False
0001478535;ABBY INC.;;True;False
0001478682;"Empire Post Media, Inc.";;True;False
0001478725;Virtus Oil & Gas Corp.;;True;False
0001478726;CHARTER FINANCIAL CORP;;False;True
0001478838;"BRAINY BRANDS COMPANY, INC.";;True;False
0001478913;China Education Acquisition Corp.;;True;False
0001478914;China High Technology Acquisition Corp.;;True;False
0001478950;"Excel Trust, Inc.";;False;True
0001478974;"GLOBAL CONDIMENTS, INC.";;True;False
0001479000;Viva Entertainment Group Inc.;;True;False
0001479014;Healthway Shopping Network;;True;False
0001479046;"Tropicana Las Vegas Hotel & Casino, Inc.";;True;False
0001479094;"STAG Industrial, Inc.";STAG;False;False
0001479142;"Alon Refining Krotz Springs, Inc.";;True;False
0001479239;Kama Resources Inc.;;True;False
0001479247;United States Commodity Index Funds Trust;CPER;True;False
0001479290;"Revance Therapeutics, Inc.";;False;False
0001479320;Vibe Ventures Inc.;;True;False
0001479382;Borneo Industrial Fishery Corp Inc.;;True;False
0001479419;"Kala Pharmaceuticals, Inc.";KALA;False;False
0001479426;DynaVox Inc.;;False;True
0001479488;New Western Energy Corp;;True;False
0001479526;"China Modern Agricultural Information, Inc.";;True;False
0001479575;"EnviraTrends, Inc";;True;False
0001479681;"Nutex Health, Inc.";NUTX;False;False
0001479683;"Elite Energies, Inc.";;True;False
0001479750;Capital Bank Financial Corp.;;False;True
0001479915;CQENS Technologies Inc.;;True;False
0001479919;"Face Up Entertainment Group, Inc.";;True;False
0001479920;TBS International plc;;False;True
0001480749;Volkswagen Auto Loan Enhanced Trust 2010-1;;True;False
0001480797;"Wilder Filing, Inc.";;True;False
0001481028;"SUNHYDROGEN, INC.";HYSR;True;False
0001481056;"Zhongbao International, Inc.";;True;False
0001481199;"Delta Entertainment Group, Inc.";;True;False
0001481218;"Massive Interactive, Inc.";;True;False
0001481339;Cindisue Mining Corp;;True;False
0001481423;Virgin Media Investments Ltd;;True;False
0001481427;Technology Applications International Corp;;True;False
0001481443;"TechCom, Inc.";TCRI;True;False
0001481444;World Omni Auto Receivables Trust 2010-A;;True;False
0001481504;"XERIANT, INC.";XERI;True;False
0001481506;PAA NATURAL GAS STORAGE LP;;False;True
0001481512;"Ra Pharmaceuticals, Inc.";;False;True
0001481582;Ryerson Holding Corp;RYI;False;False
0001481646;"Accolade, Inc.";;False;False
0001481792;"Quad/Graphics, Inc.";QUAD;False;False
0001481832;PREFERRED APARTMENT COMMUNITIES INC;;False;True
0001482073;"Pacific Clean Water Technologies, Inc.";;True;False
0001482075;"Citadel Exploration, Inc.";;True;False
0001482080;"CELLULAR DYNAMICS INTERNATIONAL, INC.";;False;True
0001482179;"Sur Ventures, Inc.";;True;False
0001482199;"Venture Lending & Leasing VI, Inc.";;True;False
0001482278;"Emoneco, Inc.";;True;False
0001482361;"Stratex Oil & Gas Holdings, Inc.";;True;False
0001482430;"KBS Real Estate Investment Trust III, Inc.";KBSR;True;False
0001482512;"Hudson Pacific Properties, Inc.";HPP-PC;False;False
0001482541;CEA Industries Inc.;BNCWW;False;False
0001482550;"Clavis Technologies International Co., Ltd.";;True;False
0001482554;Hartford Great Health Corp.;HFUS;True;False
0001482783;AmeriCredit Automobile Receivables Trust 2010-1;;True;False
0001482875;FactorShares 2X: S&P500 Bull/TBond Bear;;True;False
0001482876;FactorShares 2X: TBond Bull/S&P500 Bear;;True;False
0001482877;FactorShares 2X: S&P500 Bull/USD Bear;;True;False
0001482878;FactorShares 2X: Oil Bull/S&P500 Bear;;True;False
0001482879;FactorShares 2X: Gold Bull/S&P500 Bear;;True;False
0001482912;SLM Student Loan Trust 2010-1;;True;False
0001482913;SLM Student Loan Trust 2010-2;;True;False
0001482974;"Carter Validus Mission Critical REIT, Inc.";;True;False
0001482981;"Vita Coco Company, Inc.";COCO;False;False
0001483053;"AJ Acquisition Corp I, Inc.";;True;False
0001483055;"AJ Acquisition Corp. II, Inc.";;True;False
0001483057;BAILEY FRANCES Corp;;True;False
0001483058;"CHINA ALUMINUM FOIL, INC.";;True;False
0001483078;"Onyx Service & Solutions, Inc";;True;False
0001483096;WILLIAMS PARTNERS L.P.;;False;True
0001483165;CarMax Auto Owner Trust 2010-1;;True;False
0001483173;Tops Holding Corp;;True;False
0001483195;Oritani Financial Corp;;False;True
0001483230;HAVAYA CORP;;True;False
0001483386;abrdn Precious Metals Basket ETF Trust;GLTR;True;False
0001483496;"RED MOUNTAIN RESOURCES, INC.";;True;False
0001483510;"EXPRESS, INC.";;False;False
0001483623;"VITAMIN BLUE, INC.";;True;False
0001483646;"BLACKSTAR ENTERPRISE GROUP, INC.";;True;False
0001483714;Antero Resources Finance Corp;;True;False
0001483731;"Enterologics, Inc.";;True;False
0001483798;YABOO INC;;True;False
0001483830;Niska Gas Storage Partners LLC;;False;True
0001483858;USAA Auto Owner Trust 2010-1;;True;False
0001483935;"Empowered Products, Inc.";;True;False
0001484042;"WEIKANG BIO-TECHNOLOGY GROUP CO., INC.";;True;False
0001484055;HELPEO INC.;;True;False
0001484275;Honda Auto Receivables 2010-1 Owner Trust;;True;False
0001484478;"Furiex Pharmaceuticals, Inc.";;False;True
0001484504;Gigamon Inc.;;False;True
0001484565;SOLENO THERAPEUTICS INC;SLNO;False;False
0001484612;"Outset Medical, Inc.";OM;False;False
0001484674;TORON INC.;ATMH;True;False
0001484769;fuboTV Inc. /FL;FUBO;False;False
0001484778;ThredUp Inc.;TDUP;False;False
0001484931;GroveWare Technologies Ltd.;;True;False
0001484949;"Jacksonville Bancorp, Inc.";;False;True
0001485001;Oneida Financial Corp.;;False;True
0001485003;"Sesen Bio, Inc.";CARM;False;False
0001485029;"New Asia Holdings, Inc.";;True;False
0001485074;"Freeze Tag, Inc.";FRZT;True;False
0001485156;Gold & Gemstone Mining Inc.;;True;False
0001485176;Fox Chase Bancorp Inc;;False;True
0001485469;"Tower International, Inc.";;False;True
0001485527;"Colonial Financial Services, Inc.";;False;True
0001485589;Nevada Property 1 LLC;;True;False
0001485594;"Corruven, Inc.";;True;False
0001485933;Trunkbow International Holdings Ltd;;False;True
0001485964;"Peoples Federal Bancshares, Inc.";;False;True
0001486018;Northeast Island Corp.;;True;False
0001486058;FedFirst Financial Corp;;False;True
0001486159;Chord Energy Corp;CHRD;False;True
0001486279;"Resource Real Estate Investors 7, L.P.";;True;False
0001486297;Earn-A-Car Inc.;;True;False
0001486299;"RENMIN TIANLI GROUP, INC.";;False;True
0001486315;MIDWEST OIL & GAS INC.;;True;False
0001486452;"MK Automotive, Inc.";MASN;True;False
0001486526;"Frozen Food Gift Group, Inc";;True;False
0001486597;"SUPERNOVA ENERGY, INC.";;True;False
0001486640;Flagship Global Corp;;True;False
0001486787;China Transportation Acquisition Corp.;;True;False
0001486788;China Clean Energy Acquisition Corp.;;True;False
0001486800;"Higher One Holdings, Inc.";;False;True
0001486957;"BWX Technologies, Inc.";BWXT;False;False
0001486993;"Total Debt Management, Inc.";;True;False
0001486994;"NCOP XII, LLC";;True;False
0001486995;"NCOP XI, LLC";;True;False
0001487008;CNH Equipment Trust 2010-A;;True;False
0001487052;"LegacyTexas Financial Group, Inc.";;False;True
0001487091;"Quest Water Global, Inc.";QWTR;True;False
0001487101;KEYW HOLDING CORP;;False;True
0001487197;BARFRESH FOOD GROUP INC.;BRFH;False;False
0001487198;"ASPEN GROUP, INC.";ASPU;False;True
0001487202;Gemini Tea Corp.;;True;False
0001487211;Ally Auto Receivables Trust 2010-1;;True;False
0001487252;"RadTek, Inc";;True;False
0001487347;Santaro Interactive Entertainment Co;;True;False
0001487371;"GenMark Diagnostics, Inc.";;False;True
0001487428;Horizon Technology Finance Corp;HTFC;False;False
0001487439;Crown Alliance Capital Ltd;;True;False
0001487447;"United Maritime Group, LLC";;True;False
0001487522;"InnoVision Labs, Inc";;True;False
0001487544;"Edgen Murray II, L.P.";;True;False
0001487561;Atlas Resources Series 28-2010 L.P.;;True;False
0001487623;"CHOICE BANCORP, INC.";;True;False
0001487659;Cross Click Media Inc.;;True;False
0001487685;"Greektown Superholdings, Inc.";;True;False
0001487712;AIR LEASE CORP;AL;False;False
0001487718;"BOXSCORE BRANDS, INC.";BLTH;True;False
0001487730;"Spectrum Brands Holdings, Inc.";;False;True
0001487775;"BWAY PARENT COMPANY, INC.";;True;False
0001487782;"Reven Housing REIT, Inc.";;False;True
0001487798;ECA Marcellus Trust I;ECTM;True;False
0001487843;Yangtze River Port & Logistics Ltd;;False;True
0001487906;"CACHET FINANCIAL SOLUTIONS, INC.";;False;True
0001487907;"EVER THRIVE ENERGY TECHNOLOGY CO., INC.";;True;False
0001487918;OFS Capital Corp;OFSSO;False;False
0001487920;USA Synthetic Fuel Corp;;True;False
0001487931;FISION Corp;;True;False
0001487932;"DE Acquisition 5, Inc.";;True;False
0001487933;"DE Acquisition 4, Inc.";;True;False
0001487935;"DE Acquisition 3, Inc.";;True;False
0001487941;"MEDL Mobile Holdings, Inc.";;True;False
0001487952;"Vishay Precision Group, Inc.";VPG;False;False
0001487986;"Hawaiian Telcom Holdco, Inc.";;False;True
0001487990;AEROFLEX HOLDING CORP.;;False;True
0001487997;"Green Endeavors, Inc.";;True;False
0001487999;SeaCube Container Leasing Ltd.;;False;True
0001488039;"ATOSSA THERAPEUTICS, INC.";ATOS;False;False
0001488075;"IntraLinks Holdings, Inc.";;False;True
0001488082;"Bank of America Auto Receivables Securitization, LLC";;True;False
0001488087;"Saveene Group, Inc.";;True;False
0001488112;AmeriCredit Automobile Receivables Trust 2010-A;;True;False
0001488139;"Ameresco, Inc.";AMRC;False;False
0001488309;"EWaste Systems, Inc.";;True;False
0001488366;"SHADES HOLDINGS, INC.";;True;False
0001488419;"Sino Agro Food, Inc.";;True;False
0001488420;ELSINORE SERVICES INC;;True;False
0001488438;Full Throttle Indoor Kart Racing Inc;;True;False
0001488501;"METROSPACES, INC.";;True;False
0001488580;Jago China Holding Ltd;;True;False
0001488591;"COVENANT BANCSHARES, INC.";;True;False
0001488613;"Foundation Medicine, Inc.";;False;True
0001488638;American Metals Recovery & Recycling Inc.;;True;False
0001488813;"Customers Bancorp, Inc.";CUBB;False;False
0001488917;"Electromed, Inc.";ELMD;False;False
0001488934;Scio Diamond Technology Corp;;True;False
0001489024;ETFS White Metals Basket Trust;;True;False
0001489039;"SPECIALTY CONTRACTORS, INC.";;True;False
0001489077;"TIBET PHARMACEUTICALS, INC.";;False;True
0001489096;"Thermon Group Holdings, Inc.";THR;False;False
0001489136;SemGroup Corp;;False;True
0001489137;"Molycorp, Inc.";;False;True
0001489175;John Deere Owner Trust 2010;;True;False
0001489256;MyGO Games Holding Co.;;True;False
0001489300;Zhanling International Ltd;ZLME;True;False
0001489367;"SQN Alternative Investment Fund III, L.P.";;True;False
0001489393;LyondellBasell Industries N.V.;LYB;False;True
0001489434;MERCEDES-BENZ AUTO RECEIVABLES TRUST 2010-1;;True;False
0001489588;"Home Bistro, Inc. /NV/";;True;False
0001489612;BMW Vehicle Owner Trust 2010-A;;True;False
0001489644;QMIS Finance Securities Corp;;True;False
0001489744;Raystream Inc.;;True;False
0001489874;Golden Growers Cooperative;GGROU;True;False
0001489902;"CHINA GEWANG BIOTECHNOLOGY, INC.";;True;False
0001489955;DIGAGOGO VENTURES CORP;;True;False
0001489979;"Fresh Market, Inc.";;False;True
0001490013;Full Circle Capital Corp;;False;True
0001490017;Ford Credit Auto Owner Trust 2010-A;;True;False
0001490028;Sequoia Mortgage Trust 2010-H1;;True;False
0001490054;"VERDE BIO HOLDINGS, INC.";APHD;True;False
0001490161;Sow Good Inc.;SOWG;True;False
0001490165;ERICKSON INC.;;False;True
0001490254;Toyota Auto Receivables 2010-A Owner Trust;;True;False
0001490281;"Groupon, Inc.";GRPN;False;False
0001490346;"GXS Worldwide, Inc.";;True;False
0001490349;PhenixFIN Corp;PFXNZ;False;False
0001490381;Strategic Mining Corp;;True;False
0001490470;Hyundai Auto Receivables Trust 2010-A;;True;False
0001490490;Magnolia Lane Income Fund;;True;False
0001490626;"COLE CORPORATE INCOME TRUST, INC.";;True;False
0001490630;Rhino Resource Partners LP;;False;True
0001490636;"Gordmans Stores, Inc.";;False;True
0001490653;"Whitestone REIT Operating Partnership, L.P.";;True;False
0001490660;"Marketo, Inc.";;False;True
0001490700;"Varca Ventures, Inc.";;True;False
0001490711;"Oraco Resources, Inc.";;True;False
0001490824;HARBOR ISLAND DEVELOPMENT CORP.;;True;False
0001490873;"ECO SCIENCE SOLUTIONS, INC.";ESSI;True;False
0001490892;CoreSite Realty Corp;;False;True
0001490906;"Capitol Federal Financial, Inc.";CFFN;False;False
0001490927;Franklin BSP Lending Corp;;True;False
0001490930;"Digital Domain Media Group, Inc.";;False;True
0001490949;VinCompass Corp.;;True;False
0001490978;"Schrodinger, Inc.";SDGR;False;False
0001490983;"Campus Crest Communities, Inc.";;False;True
0001491029;RVPlus Inc.;;True;False
0001491262;"Mewbourne Energy Partners 10-A, L.P.";;True;False
0001491323;Nissan Auto Lease Trust 2010-A;;True;False
0001491419;"LiveOne, Inc.";LVO;False;False
0001491471;Green Innovations Ltd.;;True;False
0001491479;"Asia Carbon Industries, Inc.";;True;False
0001491487;"Takung Art Co., Ltd";;True;False
0001491501;TMS International Corp.;;False;True
0001491525;"Greenhouse Solutions, Inc.";;True;False
0001491576;"TESARO, Inc.";;False;True
0001491675;"COCA-COLA ENTERPRISES, INC.";;True;False
0001491692;AmeriCredit Automobile Receivables Trust 2010-2;;True;False
0001491707;Honda Auto Receivables 2010-2 Owner Trust;;True;False
0001491778;"Angie's List, Inc.";;False;True
0001491826;Acantha Acquisition Corp.;;True;False
0001491828;Cepheus Acquisition Corp.;;True;False
0001491829;ALPHA NETWORK ALLIANCE VENTURES INC.;;True;False
0001491830;Centurytouch Ltd;;True;False
0001491831;"Neptunus Ventures, Inc.";;True;False
0001491925;"New Mountain Finance Holdings, L.L.C.";;True;False
0001491959;"NEW DAY FINANCIAL MANAGEMENT, INC.";;True;False
0001492052;"VR Holdings, Inc.";;True;False
0001492091;AUSCRETE Corp;;True;False
0001492093;Santander Drive Auto Receivables Trust 2010-1;;True;False
0001492116;FuLuCai Productions Ltd.;;True;False
0001492135;Global Stevia Corp.;;True;False
0001492151;"World Moto, Inc.";;True;False
0001492168;NORTH SPRINGS RESOURCES CORP.;;True;False
0001492298;"Sabra Health Care REIT, Inc.";SBRA;True;False
0001492323;"Excel Trust, L.P.";;True;False
0001492324;Madison Bancorp Inc;;True;False
0001492422;"Apellis Pharmaceuticals, Inc.";APLS;False;False
0001492426;Horizon Therapeutics Public Ltd Co;;False;True
0001492448;GRN Holding Corp;MAJI;True;False
0001492459;FundCore Institutional Income Trust Inc.;;True;False
0001492541;Grizzly Gold Corp.;;True;False
0001492617;"FLYWHEEL ADVANCED TECHNOLOGY, INC.";FWFW;True;False
0001492632;Ally Wholesale Enterprises LLC;;True;False
0001492633;Nielsen Holdings plc;;False;True
0001492658;Wright Medical Group N.V.;;False;True
0001492674;"T2 Biosystems, Inc.";TTOO;False;False
0001492683;"FrogAds, Inc.";;True;False
0001492691;Knight-Swift Transportation Holdings Inc.;KNX;False;True
0001492832;EQUAL ENERGY LTD.;;False;True
0001492850;GEI GLOBAL ENERGY CORP.;;True;False
0001492869;"SL GREEN OPERATING PARTNERSHIP, L.P.";;True;False
0001492915;Standard AVB Financial Corp.;;False;True
0001493006;CENTURY NEXT FINANCIAL Corp;;True;False
0001493040;"NEW MEDIA INSIGHT GROUP, INC.";;True;False
0001493109;"BALLROOM DANCE FITNESS, INC.";;True;False
0001493137;"Lifeloc Technologies, Inc";LCTC;True;False
0001493144;Cloud Peak Energy Resources LLC;;True;False
0001493174;"ECOSCIENCES, INC.";;True;False
0001493182;"SP Bancorp, Inc.";;False;True
0001493212;Phoenix Life Sciences International Limited.;;True;False
0001493225;"Northfield Bancorp, Inc.";NFBK;False;False
0001493265;ACM Corp;;True;False
0001493491;Heritage Financial Group Inc;;False;True
0001493526;PROTECT PHARMACEUTICAL Corp;;True;False
0001493552;Naugatuck Valley Financial Corp;;False;True
0001493563;"FlikMedia, Inc.";;True;False
0001493566;"OTONOMY, INC.";;False;True
0001493587;"Luxeyard, Inc.";;True;False
0001493594;"MACOM Technology Solutions Holdings, Inc.";MTSI;False;False
0001493611;SLC Student Loan Trust 2010-1;;True;False
0001493712;Cell MedX Corp.;STME;True;False
0001493761;Turtle Beach Corp;TBCH;False;False
0001493893;China Shouguan Investment Holding Group Corp;;True;False
0001493927;DT Acceptance Corp;;True;False
0001493976;"Kilroy Realty, L.P.";;True;False
0001494121;Bank of America Auto Trust 2010-2;;True;False
0001494162;KinerjaPay Corp.;;True;False
0001494186;"HIGHLANDS BANCORP, INC.";;True;False
0001494214;"InterCore, Inc.";;True;False
0001494259;"CarGurus, Inc.";CARG;False;False
0001494319;Univar Solutions Inc.;;False;True
0001494387;Ally Auto Receivables Trust 2010-2;;True;False
0001494413;Two Hands Corp;TWOH;True;False
0001494448;"EMERGENT CAPITAL, INC.";;False;True
0001494473;"SOURCE ROCK, INC.";;True;False
0001494502;"Zhong Wen International Holding Co., Ltd.";;True;False
0001494538;"Corporate Capital Trust, Inc.";;False;True
0001494562;China Inc;;True;False
0001494582;BOSTON OMAHA Corp;BOC;False;False
0001494650;"OptiNose, Inc.";;False;False
0001494722;"Yinhang Internet Technologies Development, Inc.";;True;False
0001494809;CN Resources Inc.;;True;False
0001494877;"DIGITAL REALTY TRUST, L.P.";;True;False
0001494891;"Sensus Healthcare, Inc.";SRTS;False;False
0001494904;"Global Indemnity Group, LLC";GBLI;False;False
0001495028;"REVE TECHNOLOGIES, INC.";;True;False
0001495191;Amwest Imaging Inc;;True;False
0001495216;"Entergy Arkansas Restoration Funding, LLC";;True;False
0001495220;CarMax Auto Owner Trust 2010-2;;True;False
0001495229;STREAM Exchange Traded Trust;;True;False
0001495230;ENERGY EDGE TECHNOLOGIES CORP.;;True;False
0001495231;"IZEA Worldwide, Inc.";IZEA;False;False
0001495240;GLADSTONE LAND Corp;LANDO;False;False
0001495320;"Vera Bradley, Inc.";VRA;False;False
0001495479;"Bravo Brio Restaurant Group, Inc.";;False;True
0001495491;"Healthcare Trust of America Holdings, LP";;True;False
0001495536;"Ener-Core, Inc.";;True;False
0001495569;"Motorola Mobility Holdings, Inc";;False;True
0001495584;"Firsthand Technology Value Fund, Inc.";SVVC;True;False
0001495648;Power Americas Resource Group Ltd.;BDCC;True;False
0001495850;Makism 3D Corp.;;True;False
0001495898;SMSA Treemont Acquisition Corp;;True;False
0001495899;"Enerpulse Technologies, Inc.";;True;False
0001495900;SMSA Humble Acquisition Corp;;True;False
0001495925;Fortegra Financial Corp;;False;True
0001495932;"EXP World Holdings, Inc.";EXPI;False;False
0001496048;Brookfield Property REIT Inc.;;False;True
0001496099;New Mountain Finance Corp;NMFCZ;False;False
0001496139;Car Monkeys Group;;True;False
0001496264;"Hudson Pacific Properties, L.P.";;True;False
0001496268;"REVA Medical, Inc.";;True;False
0001496323;"IGM Biosciences, Inc.";;False;False
0001496337;ETFS Asian Gold Trust;;True;False
0001496383;Ilustrato Pictures International Inc.;ILUS;True;False
0001496443;"Paysign, Inc.";PAYS;False;False
0001496454;"CNL Healthcare Properties, Inc.";CHTH;True;False
0001496572;Toyota Auto Receivables 2010-B Owner Trust;;True;False
0001496623;"NetSpend Holdings, Inc.";;False;True
0001496631;First NBC Bank Holding Co;;False;True
0001496646;Direxion Shares ETF Trust II;;True;False
0001496671;"Calithera Biosciences, Inc.";;False;True
0001496690;"BlueOne Card, Inc.";BCRD;True;False
0001496712;Santander Drive Auto Receivables Trust 2010-2;;True;False
0001496741;"HydroPhi Technologies Group, Inc.";;True;False
0001496818;"STEALTH TECHNOLOGIES, INC.";;True;False
0001496819;"DMH INTERNATIONAL, INC.";;True;False
0001496868;American Realty Funds Corp;;True;False
0001496963;"Squarespace, Inc.";;False;False
0001497031;"China inSure Holdings, Inc";;True;False
0001497033;"Wintahenderson International, Inc.";;True;False
0001497046;"Swingplane Ventures, Inc.";;True;False
0001497055;"GroGenesis, Inc.";;True;False
0001497074;"Dixie Foods International, Inc";;True;False
0001497120;"Global Vision Holdings, Inc.";;True;False
0001497126;PDK ENERGY INC.;;True;False
0001497130;"Nano Mobile Healthcare, Inc.";;True;False
0001497165;"Modern Mobility Aids, Inc.";;True;False
0001497188;"Toys R Us Property Co II, LLC";;True;False
0001497246;"Bullion Monarch Mining, Inc. (NEW)";;True;False
0001497251;Ezy Cloud Holding Inc.;;True;False
0001497253;"ORGANOVO HOLDINGS, INC.";VIVS;False;False
0001497275;STATE BANK FINANCIAL CORP;;False;True
0001497316;AMERICAN GRAPHITE TECHNOLOGIES INC.;;True;False
0001497421;"PRINCE MEXICO S.A., INC.";;True;False
0001497504;PLx Pharma Inc.;;False;True
0001497572;Nano Labs Corp.;;True;False
0001497612;"Summit Hotel OP, LP";;True;False
0001497613;Ford Credit Auto Owner Trust 2010-B;;True;False
0001497632;Green Automotive Co;;True;False
0001497644;"GSP-2, INC.";;True;False
0001497645;"Summit Hotel Properties, Inc.";INN-PF;False;False
0001497647;"American Patriot Brands, Inc.";;True;False
0001497649;Graphene & Solar Technologies Ltd;GSTX;True;False
0001497693;CNH EQUIPMENT TRUST 2010-B;;True;False
0001497764;"AWARENESS FOR TEENS, INC.";;True;False
0001497770;"Walker & Dunlop, Inc.";WD;False;False
0001497814;"ContinuityX Solutions, Inc.";;True;False
0001497822;Thermon Holding Corp.;;True;False
0001497843;EcoGlobal Holdings Corp;;True;False
0001497916;"Virolab, Inc.";;True;False
0001497917;"Inca Global, Inc";;True;False
0001497918;"REAL HIP-HOP NETWORK, INC";;True;False
0001497919;Sowa Jisho International Inc.;;True;False
0001497920;ACCELERATED ACQUISITION XIV;;True;False
0001498021;"ExamWorks Group, Inc.";;False;True
0001498046;STEVIA NUTRA CORP.;;True;False
0001498067;"CITRINE GLOBAL, CORP.";CTGL;True;False
0001498068;"American Renal Associates Holdings, Inc.";;False;True
0001498122;Arista Financial Corp.;;True;False
0001498148;Artificial Intelligence Technology Solutions Inc.;AITX;True;False
0001498157;JWC Acquisition Corp.;;True;False
0001498210;"RJD Green, Inc.";;True;False
0001498232;"TripBorn, Inc.";;True;False
0001498233;"Cepton, Inc.";;False;False
0001498234;"PinstripesNY, Inc.";;True;False
0001498284;PROSALUTIS HOLDINGS INC.;;True;False
0001498286;PLASTER CASTER INC.;;True;False
0001498291;"Daniels Corporate Advisory Company, Inc.";;True;False
0001498301;"Ascena Retail Group, Inc.";;False;True
0001498311;MS Structured CMT Linked Trust Units Series 2010-01;;True;False
0001498325;Man AHL FuturesAccess LLC;;True;False
0001498352;"Jintai Mining Group, Inc.";;True;False
0001498372;iWallet Corp;IWAL;True;False
0001498380;"ONLINE DISRUPTIVE TECHNOLOGIES, INC.";;True;False
0001498382;"Kintara Therapeutics, Inc.";HURA;False;False
0001498388;Clone Algo Inc.;;True;False
0001498398;Corridor Ventures II Acquisition Corp.;;True;False
0001498522;"EYES ON THE GO, INC.";;True;False
0001498542;"CIM INCOME NAV, INC.";;True;False
0001498547;"CIM REAL ESTATE FINANCE TRUST, INC.";CMRF;True;False
0001498622;"Easy Organic Cookery, Inc.";;True;False
0001498624;Ally Auto Receivables Trust 2010-3;;True;False
0001498672;AmeriCredit Automobile Receivables Trust 2010-B;;True;False
0001498673;Hyundai Auto Receivables Trust 2010-B;;True;False
0001498710;"Spirit Airlines, Inc.";FLYYQ;False;False
0001498828;Howard Hughes Corp;;True;False
0001498864;"Apple REIT Ten, Inc.";;True;False
0001499034;RARUS TECHNOLOGIES INC;;True;False
0001499197;Powder River Coal Corp.;;True;False
0001499200;"Sabine Pass Liquefaction, LLC";;True;False
0001499268;Affinity Gaming;;True;False
0001499274;XUMANII INTERNATIONAL HOLDINGS CORP;;True;False
0001499275;Santo Mining Corp.;;True;False
0001499319;China Bright Star Ltd;;True;False
0001499320;China Golden Star Holdings Ltd;;True;False
0001499321;China Highlands Ltd;;True;False
0001499323;China Rising Star Ltd;;True;False
0001499324;Dunhuang Treasures Ltd;;True;False
0001499325;Noble China Holdings Ltd;;True;False
0001499326;Red Jade Holdings Ltd;;True;False
0001499327;Summer Highlands Ltd;;True;False
0001499355;VDO-PH INTERNATIONAL;;True;False
0001499357;Ally Master Owner Trust;;True;False
0001499361;"DTS8 COFFEE COMPANY, LTD.";;True;False
0001499422;RBB Bancorp;RBB;False;False
0001499453;"Spirit of Texas Bancshares, Inc.";;False;True
0001499467;Tundra Gold Corp.;;True;False
0001499482;L&L Acquisition Corp.;;True;False
0001499501;"Native American Energy Group, Inc.";;True;False
0001499548;Nissan Auto Receivables 2010-A Owner Trust;;True;False
0001499573;FlatWorld Acquisition Corp.;;True;False
0001499618;"YELLOW7, Inc";;True;False
0001499684;Qiansui International Group Co. Ltd.;;True;False
0001499686;"AVIV REIT, INC.";;False;True
0001499717;"Staffing 360 Solutions, Inc.";;False;False
0001499735;American Energy Development Corp.;;True;False
0001499785;Tengjun Biotechnology Corp.;;True;False
0001499790;Rainbow Coral Corp.;;True;False
0001499807;"K2M GROUP HOLDINGS, INC.";;False;True
0001499832;"Townsquare Media, Inc.";TSQ;False;True
0001499855;"Bella Petrellas Holdings, Inc.";;True;False
0001499871;Laredo Resources Corp.;;True;False
0001499875;AMERICAN REALTY CAPITAL HEALTHCARE TRUST INC;;False;True
0001499912;"Global Brokerage, Inc.";;False;True
0001499961;MULLEN AUTOMOTIVE INC.;BINI;False;False
0001500122;"Noble Vici Group, Inc.";;True;False
0001500123;Item 9 Labs Corp.;;True;False
0001500157;"Lantheus Medical Imaging, Inc.";;True;False
0001500198;NEUROONE MEDICAL TECHNOLOGIES Corp;NMTC;False;False
0001500213;"SI Financial Group, Inc.";;False;True
0001500217;"American Assets Trust, Inc.";AAT;False;False
0001500242;UBI Blockchain Internet LTD-DE;;True;False
0001500305;Sustainable Projects Group Inc.;;True;False
0001500341;"BWAY INTERMEDIATE COMPANY, INC.";;False;True
0001500365;"China Rongxin Chemical Holding Group, Inc.";;True;False
0001500366;"Anpulo Food, Inc.";;True;False
0001500367;"Europa Acquisition VIII, Inc.";;True;False
0001500375;"Home Federal Bancorp, Inc. of Louisiana";HFBL;False;False
0001500435;"GoPro, Inc.";GPRO;False;False
0001500497;GIA INVESTMENTS CORP.;;True;False
0001500554;"AMERICAN REALTY CAPITAL - RETAIL CENTERS OF AMERICA, INC.";;True;False
0001500581;BMW Vehicle Lease Trust 2010-1;;True;False
0001500711;"Alliance Bancorp, Inc. of Pennsylvania";;True;False
0001500768;AZAZ Capital Corp.;;True;False
0001500836;"Wolverine Bancorp, Inc.";;False;True
0001500837;Sunshine Financial Inc;;True;False
0001500861;Dongxing International Inc.;;True;False
0001500894;LOUISIANA FOOD Co;;True;False
0001500904;"Rowl, Inc.";;True;False
0001501017;"PARALLAX DIAGNOSTICS, INC.";;True;False
0001501078;Oconee Federal Financial Corp.;OFED;False;True
0001501112;"MIX 1 LIFE, INC.";;True;False
0001501134;Invitae Corp;;False;False
0001501162;Annec Green Refractories Corp;;True;False
0001501225;China Tianfeihong Wine Inc;;True;False
0001501257;"PURA NATURALS, INC.";;True;False
0001501258;AmeriCredit Automobile Receivables Trust 2010-3;;True;False
0001501268;"Bnet Media Group, Inc.";;True;False
0001501331;"MINDEN BANCORP, INC.";;True;False
0001501350;Eureka Financial Corp.;;True;False
0001501364;"United Financial Bancorp, Inc.";;False;True
0001501489;AF OCEAN INVESTMENT MANAGEMENT Co;;True;False
0001501570;"Veritex Holdings, Inc.";;False;False
0001501585;"HUNTINGTON INGALLS INDUSTRIES, INC.";HII;False;False
0001501697;"X4 Pharmaceuticals, Inc";XFOR;True;False
0001501720;Africa Growth Corp;;True;False
0001501729;FS Energy & Power Fund;;True;False
0001501732;"Internal Fixation Systems, Inc.";;True;False
0001501745;"American Realty Capital Daily Net Asset Value Trust, Inc.";;True;False
0001501756;"Adverum Biotechnologies, Inc.";;False;False
0001501794;Chrysler Financial Auto Securitization Trust 2010-A;;True;False
0001501796;"Aura Biosciences, Inc.";AURA;False;False
0001501804;"Emerging Growth Acquisitions I, Inc.";;True;False
0001501845;"Solo International, Inc";;True;False
0001501862;"Empire Global Gaming, Inc.";;True;False
0001501891;Toyota Auto Receivables 2010-C Owner Trust;;True;False
0001501919;SSI Investments II Ltd;;False;True
0001501958;"China Liaoning Dingxu Ecological Agriculture Development, Inc.";;True;False
0001501972;"Sanomedics, Inc.";;True;False
0001501989;"CytomX Therapeutics, Inc.";CTMX;False;False
0001502012;"QR Energy, LP";;False;True
0001502034;"GNC HOLDINGS, INC.";;False;True
0001502101;MS Structured Step Up Callable Trust Units Series 2010-02 (BAC);;True;False
0001502152;GlobeStar Therapeutics Corp;;True;False
0001502169;Ford Credit Floorplan Master Owner Trust A Series 2010-5;;True;False
0001502292;"Conifer Holdings, Inc.";PRHIZ;False;False
0001502377;"Contango ORE, Inc.";CTGO;False;False
0001502519;"ICON ECI FUND FIFTEEN, L.P.";;True;False
0001502555;GOLDEN GLOBAL CORP.;;True;False
0001502557;Kun Peng International Ltd.;KPEA;True;False
0001502628;Northam Acquisition Corp.;;True;False
0001502629;MJ Pharmaceuticals Inc.;;True;False
0001502630;"PLH Products, Inc.";;True;False
0001502638;Alderwood Acquisition Corp;;True;False
0001502656;Bristol Rhace Natural Resource Corp;;True;False
0001502658;Sherwood Acquisition Corp;;True;False
0001502659;LED Lighting Co;;True;False
0001502747;Pacific Quest Ventures Corp.;;True;False
0001502749;EverBank Financial Corp;;False;True
0001502756;ZAYO GROUP LLC;;True;False
0001502772;Blue Water Petroleum Corp.;;True;False
0001502774;"Rio Bravo Oil, Inc.";;True;False
0001502777;"Premier Brands, Inc.";;True;False
0001502952;BROADCAST LIVE DIGITAL CORP.;;True;False
0001502966;"Digipath, Inc.";FUNI;True;False
0001503063;Fraternity Community Bancorp Inc;;True;False
0001503161;"Liberated Solutions, Inc.";;True;False
0001503227;"FIRST LEVEL ENTERTAINMENT GROUP, INC.";;True;False
0001503274;Quanterix Corp;QTRX;False;False
0001503401;China VantagePoint Acquisition Co;;True;False
0001503455;BCI HOLDING INC;;True;False
0001503458;"FOOTHILLS EXPLORATION, INC.";;True;False
0001503467;Nissan Auto Lease Trust 2010-B;;True;False
0001503518;"21st Century Oncology Holdings, Inc.";;True;False
0001503538;IPOWorld;;True;False
0001503579;Station Casinos LLC;;True;False
0001503636;"PLATINUM ENERGY SOLUTIONS, INC.";;True;False
0001503658;LiquidValue Development Inc.;WNHK;True;False
0001503671;Volkswagen Auto Lease Trust 2010-A;;True;False
0001503697;Honda Auto Receivables 2010-3 Owner Trust;;True;False
0001503707;"NorthStar Healthcare Income, Inc.";;True;False
0001503802;Karyopharm Therapeutics Inc.;KPTI;False;False
0001503813;RDA Holding Co.;;True;False
0001503828;"American Realty Capital Trust III, Inc.";;True;False
0001503985;"ORANGEHOOK, INC.";;True;False
0001503993;"O'Donnell Strategic Industrial REIT, Inc.";;True;False
0001504008;"BankUnited, Inc.";BKU;False;False
0001504167;"Timber Pharmaceuticals, Inc.";;False;True
0001504222;HIGH PERFORMANCE BEVERAGES CO.;;True;False
0001504239;"Point of Care Nano-Technology, Inc.";;True;False
0001504307;CROWN AUTO HOLDINGS INC.;;True;False
0001504388;"Avante Systems, Inc.";;True;False
0001504389;"Rich Pharmaceuticals, Inc.";;True;False
0001504461;NGL Energy Partners LP;NGL-PC;False;False
0001504464;MARILYNJEAN INTERACTIVE INC.;;True;False
0001504496;CarMax Auto Owner Trust 2010-3;;True;False
0001504615;Santander Drive Auto Receivables Trust 2010-3;;True;False
0001504619;PennantPark Floating Rate Capital Ltd.;PFLT;False;False
0001504678;"Loop Industries, Inc.";LOOP;False;False
0001504735;American Renal Holdings Inc.;;True;False
0001504747;Swisher Hygiene Inc.;;False;True
0001504773;Ally Auto Receivables Trust 2010-4;;True;False
0001504776;Warby Parker Inc.;WRBY;False;False
0001504875;CBC Acquisition Corp. 1;;True;False
0001504876;5V Inc.;;True;False
0001504877;China Renewable Construction Materials Inc.;;True;False
0001504886;Ceres Tactical Macro L.P.;;True;False
0001504912;Hengyi International Industries Group Inc.;;True;False
0001504937;"VAPORIN, INC.";;True;False
0001504994;MS Structured Step Up Callable Trust Units Series 2010-03 (Alcoa);;True;False
0001504999;CNH Equipment Trust 2010-C;;True;False
0001505124;"Berkshire Homes, Inc.";;True;False
0001505155;"Upland Software, Inc.";UPLD;False;False
0001505361;Transatlantic Acquisition Corp;;True;False
0001505362;Evolution Acquisition Corp;;True;False
0001505363;Emerging Acquisition Corp;;True;False
0001505364;Eastern Acquisition Corp;;True;False
0001505365;AmeriCredit Automobile Receivables Trust 2010-4;;True;False
0001505366;Century Acquisition Corp;;True;False
0001505367;Apollo Acquisition Corp;;True;False
0001505368;Constellation Growth Corp;;True;False
0001505369;Formative Growth Corp;;True;False
0001505370;Southern Growth Corp;;True;False
0001505371;Superior Growth Corp;;True;False
0001505413;VOC Energy Trust;VOC;False;False
0001505497;"BioRestorative Therapies, Inc.";BRTX;False;False
0001505512;Regulus Therapeutics Inc.;;False;False
0001505611;"DecisionPoint Systems, Inc.";;False;False
0001505689;Harley-Davidson Motorcycle Trust 2010-1;;True;False
0001505732;"Bankwell Financial Group, Inc.";BWFG;False;False
0001505823;Franklin Financial Corp;;False;True
0001505890;MS Structured Floating Rate Trust Series 2010-04 (IP);;True;False
0001505892;"POW! ENTERTAINMENT, INC.";;True;False
0001505952;"DOMO, INC.";DOMO;False;False
0001505966;SquareTwo Financial Corp;;True;False
0001506215;"China Hefeng Rescue Equipment, Inc.";;True;False
0001506251;"Citius Pharmaceuticals, Inc.";CTXR;False;False
0001506270;"RIGHTSCORP, INC.";;True;False
0001506293;"PINTEREST, INC.";PINS;False;False
0001506295;"VIZCONNECT, INC.";;True;False
0001506302;"Preventia, Inc.";;True;False
0001506307;"KINDER MORGAN, INC.";EP-PC;False;False
0001506325;Electric Tractor Corp.;;True;False
0001506374;"ARABELLA EXPLORATION, INC.";;True;False
0001506385;American Housing REIT Inc.;;True;False
0001506401;"InfraREIT, Inc.";;False;True
0001506439;"SharpSpring, Inc.";;False;True
0001506481;LVFAR Green Technology Corp.;;True;False
0001506492;"Nuwellis, Inc.";NUWE;False;False
0001506503;BREATHE ECIG CORP.;;True;False
0001506522;"Press Ventures, Inc.";;True;False
0001506545;"Aspect Software Parent, Inc.";;True;False
0001506546;Aspect Software Group Holdings Ltd.;;True;False
0001506742;"Texas South Energy, Inc.";;True;False
0001506744;"RLJ Acquisition, Inc.";;True;False
0001506814;JPX Global Inc.;;True;False
0001506928;Avinger Inc;;False;False
0001506929;"VERDE RESOURCES, INC.";VRDR;True;False
0001506932;Lone Pine Resources Inc.;;False;True
0001506983;"GlucoTrack, Inc.";GCTK;False;False
0001507079;"Floor & Decor Holdings, Inc.";FND;False;False
0001507103;"Passionate Pet, Inc.";;True;False
0001507149;Ally Auto Receivables Trust 2010-5;;True;False
0001507181;Mountain High Acquisitions Corp.;;True;False
0001507196;Dakota Creek Minerals Inc.;;True;False
0001507277;Park Sterling Corp;;False;True
0001507385;"VEREIT, Inc.";;False;True
0001507563;"ESH Hospitality, Inc.";;True;False
0001507565;MS Structured Step Up Callable Trust Units Series 2010-05 (GS);;True;False
0001507571;American Petroleum Tankers Parent LLC;;True;False
0001507605;"MARATHON DIGITAL HOLDINGS, INC.";MARA;False;False
0001507615;ANDEAVOR LOGISTICS LP;;False;True
0001507718;"NORTHWEST RESOURCES, INC.";;True;False
0001507858;"Austin Acquisitions, Inc";;True;False
0001507881;"USMD Holdings, Inc.";;False;True
0001507934;Starz;;False;True
0001507951;Nationstar Mortgage LLC;;True;False
0001507957;Ideal Power Inc.;IPWR;False;False
0001507964;Corvus Gold Inc.;;False;True
0001507986;JetPay Corp;;False;True
0001508128;PASSPORT POTASH INC;;True;False
0001508171;SLR Senior Investment Corp.;;False;True
0001508262;"Santa Fe Petroleum, Inc.";;True;False
0001508332;"Trophy Hunting Unlimited, Inc.";;True;False
0001508348;"AmeriCann, Inc.";;True;False
0001508363;"Health in Harmony, Inc.";;True;False
0001508381;Bionik Laboratories Corp.;;True;False
0001508470;SAFECODE DRUG TECHNOLOGIES CORP.;;True;False
0001508594;"City Media, Inc.";;True;False
0001508655;"Sixth Street Specialty Lending, Inc.";TSLX;False;False
0001508677;Colt Defense LLC;;True;False
0001508786;"SILVERTON ENERGY, INC.";SLTN;True;False
0001508933;Yukonic Minerals Corp.;;True;False
0001509190;"ARATANA THERAPEUTICS, INC.";;False;True
0001509223;Renren Inc.;MTBLY;False;False
0001509228;SandRidge Mississippian Trust I;;True;False
0001509261;"Rezolute, Inc.";RZLT;False;False
0001509273;"C&J Energy Services, Inc.";;True;False
0001509307;Fixed Income Client Solutions LLC;;True;False
0001509333;Hyundai Auto Receivables Trust 2011-A;;True;False
0001509351;"Eventure Interactive, Inc.";;True;False
0001509432;RPX Corp;;False;True
0001509470;SURO CAPITAL CORP.;SSSSL;False;False
0001509477;NowNews Digital Media Technology Co. Ltd.;;True;False
0001509570;"American Assets Trust, L.P.";;True;False
0001509589;"CIVITAS RESOURCES, INC.";CIVI;False;False
0001509692;Diversified Resources Inc.;;True;False
0001509745;"LEAP THERAPEUTICS, INC.";CYPH;False;False
0001509786;Guskin Gold Corp.;;True;False
0001509879;ROI LAND INVESTMENTS LTD;;True;False
0001509892;Garrison Capital Inc.;;False;True
0001509957;Can B Corp;NASC;True;False
0001509991;Kosmos Energy Ltd.;KOS;False;False
0001510030;China Resources Development Inc.;;True;False
0001510079;Sequoia Mortgage Trust 2011-1;;True;False
0001510130;SOUTHERN STATES SIGN Co;;True;False
0001510247;"LGBTQ Loyalty Holdings, Inc.";;True;False
0001510295;Marathon Petroleum Corp;MPC;False;False
0001510326;Digital Cinema Destinations Corp.;;False;True
0001510333;"WATERMARK GROUP, INC.";;True;False
0001510487;Principia Biopharma Inc.;;False;True
0001510489;Asia Leechdom Holding Corp;;True;False
0001510518;Genufood Energy Enzymes Corp.;;True;False
0001510524;Graystone Co;;True;False
0001510580;"Kite Pharma, Inc.";;False;True
0001510775;BIOLOGIX HAIR INC.;;True;False
0001510832;Biopower Operations Corp;;True;False
0001510839;TARCON ACQUISITIONS I INC;;True;False
0001510871;China Industrial Steel Inc.;;True;False
0001510872;SLM Student Loan Trust 2011-1;;True;False
0001510873;SLM Student Loan Trust 2011-2;;True;False
0001510874;SLM Student Loan Trust 2011-3;;True;False
0001510890;AmeriCredit Automobile Receivables Trust 2011-1;;True;False
0001510891;YSTRATEGIES CORP.;;True;False
0001510949;Malaysia Pro-Guardians Security Management Corp;;True;False
0001510961;USChina Venture I Inc;;True;False
0001510962;USChina Venture II Inc;;True;False
0001510963;China Bull Management Inc;;True;False
0001510964;"CV Sciences, Inc.";CVSI;True;False
0001510976;"Apple Green Holding, Inc.";;True;False
0001511040;Ford Credit Auto Owner Trust 2011-A;;True;False
0001511071;"Poage Bankshares, Inc.";;False;True
0001511103;Toyota Auto Receivables 2011-A Owner Trust;;True;False
0001511139;RAAM Global Energy Co;;True;False
0001511159;DREWRYS BREWING CO;;True;False
0001511161;ASTIKA HOLDINGS INC.;;True;False
0001511198;"First Connecticut Bancorp, Inc.";;False;True
0001511261;"ENDEAVOR IP, INC.";;True;False
0001511325;DANE EXPLORATION INC.;;True;False
0001511337;RLJ Lodging Trust;RLJ-PA;False;False
0001511367;Lion Lam Diamond Inc;;True;False
0001511447;"AOTS 33, Inc.";;True;False
0001511618;"Puissant Industries, Inc.";;True;False
0001511648;Global Cornerstone Holdings Ltd;;True;False
0001511735;YAPPN CORP.;;True;False
0001511737;Ubiquiti Inc.;UI;False;False
0001511800;Continental Alloy Wheel Corp;;True;False
0001511820;Stemtech Corp;STEK;True;False
0001511861;Ally Auto Receivables Trust 2011-1;;True;False
0001511863;BLUEDATA Corp;;True;False
0001511967;TMX Finance LLC;;True;False
0001512074;RMG Networks Holding Corp;;False;True
0001512077;Global Eagle Entertainment Inc.;;False;True
0001512138;"Great Basin Scientific, Inc.";;False;True
0001512228;NIOCORP DEVELOPMENTS LTD;NIOBW;False;False
0001512369;Colt Finance Corp.;;True;False
0001512499;"LINDBLAD EXPEDITIONS HOLDINGS, INC.";LIND;False;False
0001512574;"CPM Holdings, Inc.";;True;False
0001512673;"Block, Inc.";BSQKZ;False;False
0001512693;GUWENHUA INTERNATIONAL Co;;True;False
0001512762;"Coherus BioSciences, Inc.";CHRS;False;False
0001512787;Canwealth Minerals Corp;;True;False
0001512886;NEUTRA CORP.;NTRR;True;False
0001512890;Excel Corp;;True;False
0001512922;"PetVivo Holdings, Inc.";PETVW;False;False
0001512927;"China United Insurance Service, Inc.";;True;False
0001512931;MONROE CAPITAL Corp;MRCC;False;False
0001512970;Honda Auto Receivables 2011-1 Owner Trust;;True;False
0001512983;"USA InvestCo Holdings, Inc.";;True;False
0001513080;Ford Credit Floorplan Master Owner Trust A Series 2011-1;;True;False
0001513153;FCA US LLC;;True;False
0001513161;"HOME LOAN SERVICING SOLUTIONS, LTD.";;False;True
0001513363;FIDUS INVESTMENT Corp;FDUS;False;False
0001513403;Gala Pharmaceutical Inc.;;True;False
0001513514;TRANSUNION CORP.;;True;False
0001513525;"ADIAL PHARMACEUTICALS, INC.";ADIL;False;False
0001513761;Norwegian Cruise Line Holdings Ltd.;NCLH;False;False
0001513818;"Aravive, Inc.";;False;False
0001513856;"Neurotrope, Inc.";;False;True
0001513965;"American Midstream Partners, LP";;False;True
0001513971;"STATE INVESTORS BANCORP, INC.";;False;True
0001514027;Volkswagen Auto Loan Enhanced Trust 2011-1;;True;False
0001514056;"TRAQIQ, INC.";TESI;True;False
0001514082;World Omni Auto Receivables Trust 2011-A;;True;False
0001514113;GRAND HAVANA INC.;;True;False
0001514128;UNIVERSAL AMERICAN CORP.;;False;True
0001514131;United Community Bancorp;;False;True
0001514149;Billet Finder Inc;;True;False
0001514183;"Silo Pharma, Inc.";SILO;False;False
0001514226;"Delta Tucker Holdings, Inc.";;False;True
0001514242;Performance Sports Group Ltd.;;False;True
0001514281;"AG Mortgage Investment Trust, Inc.";MITP;False;False
0001514324;I-WELLNESS MARKETING GROUP INC.;;True;False
0001514370;"DE Acquisition 12, Inc.";;True;False
0001514371;"DE Acquisition 11, Inc.";;True;False
0001514372;"DE Acquisition 10, Inc.";;True;False
0001514373;"DE Acquisition 9, Inc.";;True;False
0001514403;"DE Acquisition 7, Inc.";;True;False
0001514404;"DE Acquisition 8, Inc.";;True;False
0001514416;Bandwidth Inc.;BAND;False;False
0001514418;Integrated Drilling Equipment Holdings Corp;;True;False
0001514443;"AMERIGUARD SECURITY SERVICES, INC.";AGSS;True;False
0001514514;"Be Active Holdings, Inc.";;True;False
0001514608;Diamond Resorts Corp;;True;False
0001514682;Selway Capital Acquisition Corp.;;True;False
0001514705;"SunCoke Energy, Inc.";SXC;False;False
0001514732;"SAExploration Holdings, Inc.";;False;True
0001514743;"IF Bancorp, Inc.";IROQ;False;False
0001514773;CarMax Auto Owner Trust 2011-1;;True;False
0001514888;"EXPERIENCE ART & DESIGN, INC.";;True;False
0001514946;"AXIM BIOTECHNOLOGIES, INC.";AXIM;True;False
0001514991;AMC Networks Inc.;AMCX;False;False
0001514993;"Reef Oil & Gas Drilling & Income Fund, L.P.";;True;False
0001514994;"North Texas Energy, Inc.";;True;False
0001515003;CPI International Holding Corp.;;False;True
0001515069;"Carroll Bancorp, Inc.";;True;False
0001515114;"GLORYWIN ENTERTAINMENT GROUP, INC.";;True;False
0001515115;Soul & Vibe Interactive Inc.;;True;False
0001515139;"METAWORKS PLATFORMS, INC.";WAST;True;False
0001515156;"Advanced Emissions Solutions, Inc.";ARQ;False;False
0001515173;New Mountain Finance AIV Holdings Corp;;True;False
0001515250;"BENACO, INC.";;True;False
0001515275;"Mister Goody, Inc.";;True;False
0001515317;MAGELLAN GOLD Corp;MAGE;True;False
0001515319;"National Waste Management Holdings, Inc.";;True;False
0001515353;NOUVEAU VENTURES INC.;;True;False
0001515382;"ClubCorp Club Operations, Inc.";;True;False
0001515620;Puravita Corp;;True;False
0001515635;North American Oil & Gas Corp.;;True;False
0001515673;Ultragenyx Pharmaceutical Inc.;RARE;False;False
0001515718;VAPOR HUB INTERNATIONAL INC.;;True;False
0001515740;PREMIER BIOMEDICAL INC;;True;False
0001515800;Cheval Resources Corp;;True;False
0001515816;"Plymouth Industrial REIT, Inc.";;False;False
0001515966;"Medical Hospitality Group, Inc.";;True;False
0001515980;"Apollo Residential Mortgage, Inc.";;False;True
0001516007;"Oiltanking Partners, L.P.";;False;True
0001516079;"US-China Biomedical Technology, Inc.";;True;False
0001516332;"Blue Water Global Group, Inc.";;True;False
0001516386;"Aleris International, Inc.";;True;False
0001516479;"Insys Therapeutics, Inc.";;False;True
0001516513;"Doximity, Inc.";DOCS;False;False
0001516522;Primco Management Inc.;;True;False
0001516551;"Skye Bioscience, Inc.";SKYE;True;False
0001516559;"Mansfield-Martin Exploration Mining, Inc.";;True;False
0001516580;XUNNA INFORMATION TECHNOLOGY INC.;;True;False
0001516805;"Moxian, Inc.";;True;False
0001516887;"Wellness Center USA, Inc.";;True;False
0001516912;"Origin Bancorp, Inc.";OBK;False;False
0001516973;MTGE Investment Corp.;;False;True
0001517006;"Gatos Silver, Inc.";;False;False
0001517007;"Marina District Finance Company, Inc.";;True;False
0001517008;"Marina District Development Company, LLC";;True;False
0001517022;"Akebia Therapeutics, Inc.";AKBA;False;False
0001517112;SMSA DALLAS ACQUISITION CORP.;;True;False
0001517130;Pingtan Marine Enterprise Ltd.;;False;True
0001517134;AmeriCredit Automobile Receivables Trust 2011-2;;True;False
0001517175;"Chefs' Warehouse, Inc.";CHEF;False;False
0001517224;"MICHAEL FOODS GROUP, INC.";;True;False
0001517228;"CommScope Holding Company, Inc.";VISN;False;False
0001517248;ORGANIC PLANT HEALTH INC.;;True;False
0001517302;Artisan Partners Asset Management Inc.;APAM;False;False
0001517342;PACIFIC DRILLING S.A.;;False;True
0001517375;"Sprout Social, Inc.";SPT;False;False
0001517389;"Jubilant Flame International, Ltd";JFIL;True;False
0001517391;Portus Holdings Inc.;;True;False
0001517393;Epicor Software Corp;;True;False
0001517401;Peak Resorts Inc;;False;True
0001517413;"Fastly, Inc.";FSLY;False;False
0001517498;"Merion, Inc.";;True;False
0001517526;Blue Wolf Mongolia Holdings Corp.;;False;True
0001517577;Salient Products Corp;;True;False
0001517591;"TechApp Solutions, Inc.";;True;False
0001517598;Nissan Auto Receivables 2011-A Owner Trust;;True;False
0001517650;"Interactive Intelligence Group, Inc.";;False;True
0001517653;"X-Factor Communications Holdings, Inc.";;True;False
0001517677;BMW Vehicle Lease Trust 2011-1;;True;False
0001517681;"Propanc Biopharma, Inc.";PPCB;True;False
0001517687;TPC Group LLC;;True;False
0001517709;UMAX GROUP CORP;;True;False
0001517771;John Deere Owner Trust 2011;;True;False
0001517783;"EVERTEC Group, LLC";;True;False
0001517956;STUART KING CAPITAL CORP;;True;False
0001517990;"Maxwell Resources, Inc.";;True;False
0001517992;"Development Capital Group, Inc.";;True;False
0001518041;NETWORKING PARTNERS INC;;True;False
0001518171;"Jade Global Holdings, Inc.";;True;False
0001518222;"Bankrate, Inc.";;False;True
0001518238;"Montalvo Spirits, Inc.";;True;False
0001518336;Dream Homes & Development Corp.;DREM;True;False
0001518339;LG&E & KU Energy LLC;;True;False
0001518380;Buscar Co;;True;False
0001518401;World Omni Automobile Lease Securitization Trust 2011-A;;True;False
0001518403;"Alta Mesa Holdings, LP";;True;False
0001518461;"AmpliTech Group, Inc.";AMPGR;False;False
0001518487;China Xuefeng Environmental Engineering Inc.;;True;False
0001518505;Santander Drive Auto Receivables Trust 2011-1;;True;False
0001518520;"Icagen, Inc.";;True;False
0001518548;"Xfuels, Inc.";;True;False
0001518587;Aleris Corp;;True;False
0001518621;"Orchid Island Capital, Inc.";ORC;False;False
0001518715;"HomeStreet, Inc.";MCHB;True;False
0001518720;Force Protection Video Equipment Corp.;;True;False
0001518727;Hyundai Auto Receivables Trust 2011-B;;True;False
0001518749;Azteca Acquisition Corp;;True;False
0001518832;"WPX ENERGY, INC.";;False;True
0001518904;Ally Auto Receivables Trust 2011-2;;True;False
0001518909;"Black Elk Energy Offshore Operations, LLC";;True;False
0001518964;"PanAm Terra, Inc.";;True;False
0001518985;"West Texas Resources, Inc.";;True;False
0001519061;Trinseo PLC;TSE;False;True
0001519117;"ATEL 15, LLC";;True;False
0001519120;Aviv Healthcare Properties L.P.;;True;False
0001519177;SOLLENSYS CORP.;;True;False
0001519401;Regional Management Corp.;RM;False;False
0001519405;Invesco CurrencyShares Chinese Renminbi Trust;;True;False
0001519427;CNH Equipment Trust 2011-A;;True;False
0001519449;"Skyward Specialty Insurance Group, Inc.";SKWD;False;False
0001519450;Discount Coupons Corp;;True;False
0001519534;"Massive Dynamics, Inc.";;True;False
0001519625;Florida East Coast Holdings Corp.;;True;False
0001519632;"LRR Energy, L.P.";;False;True
0001519751;"Fortune Brands Innovations, Inc.";FBIN;False;False
0001519817;Hyde Park Acquisition Corp. II;;False;True
0001519820;Jobbot Inc.;;True;False
0001519894;General Agriculture Corp;;True;False
0001519955;"CEFC GLOBAL STRATEGIC HOLDINGS, INC.";;True;False
0001520006;Matador Resources Co;MTDR;False;False
0001520007;JOYMAIN INTERNATIONAL DEVELOPMENT GROUP INC.;;True;False
0001520047;Immunoclin Corp;;True;False
0001520048;Permianville Royalty Trust;PVL;True;False
0001520108;Spiral Toys Inc.;;True;False
0001520118;"INTEGRATED VENTURES, INC.";MWAI;True;False
0001520216;Kingly Chateau Corp;;True;False
0001520262;Alkermes plc.;ALKS;False;False
0001520300;ASB Bancorp Inc;;False;True
0001520320;Polar Petroleum Corp.;;True;False
0001520321;Skajaquoda Group inc.;;True;False
0001520358;"MamaMancini's Holdings, Inc.";MAMA;False;False
0001520512;il2m INTERNATIONAL CORP.;;True;False
0001520528;"REAC GROUP, INC.";;True;False
0001520566;Nationstar Mortgage Holdings Inc.;;False;True
0001520586;"ONLINE INTERNET NETWORK, INC.";;True;False
0001520592;Lotus Biotech Development Corp.;;True;False
0001520668;"CARDINAL RESOURCES, INC.";;True;False
0001520697;"Acadia Healthcare Company, Inc.";ACHC;False;False
0001520744;Lumos Networks Corp.;;False;True
0001520874;"Immobiliare Global Investments, Inc.";;True;False
0001520947;Honda Auto Receivables 2011-2 Owner Trust;;True;False
0001521013;"Pulse Network, Inc.";;True;False
0001521036;"Lantheus Holdings, Inc.";LNTH;False;False
0001521065;"Living Breath Project, Inc.";;True;False
0001521168;SandRidge Permian Trust;;True;False
0001521222;China Xingbang Industry Group Inc.;;True;False
0001521332;Aptiv PLC;APTV;False;False
0001521420;PROTO SCRIPT PHARMACEUTICAL CORP;;True;False
0001521466;APEX 2 INC.;;True;False
0001521476;"ScripsAmerica, Inc.";;True;False
0001521549;"BLACKCRAFT CULT, INC.";;True;False
0001521722;Atkore International Holdings Inc.;;True;False
0001521762;Cadista Holdings Inc.;;True;False
0001521847;Amplify Energy Corp;;True;False
0001521945;"Prospect Floating Rate & Alternative Income Fund, Inc.";;True;False
0001521951;"FIRST BUSINESS FINANCIAL SERVICES, INC.";FBIZ;False;False
0001522120;Kronos Ventures Corp.;;True;False
0001522121;Neptune Acquisition Corp.;;True;False
0001522138;"Capella Healthcare, Inc.";;True;False
0001522164;"Westpoint Energy, Inc.";;True;False
0001522165;"ALKAME HOLDINGS, INC.";;True;False
0001522182;WireCo WorldGroup Inc.;;True;False
0001522211;Greenpower International Group Ltd;;True;False
0001522214;Pivotal Group Inc.;;True;False
0001522215;FIRST RATE STAFFING Corp;;True;False
0001522216;BioPharma Manufacturing Solutions Inc.;;True;False
0001522219;Hyperion Acquisition Corp.;;True;False
0001522221;Oceanus Acquisition Corp.;;True;False
0001522222;"CLS Holdings USA, Inc.";;True;False
0001522236;Sealand Natural Resources Inc;;True;False
0001522327;Entegra Financial Corp.;;False;True
0001522412;AmeriCredit Automobile Receivables Trust 2011-3;;True;False
0001522420;"BSB Bancorp, Inc.";;False;True
0001522469;"Labor Smart, Inc.";;True;False
0001522538;"RAINBOW INTERNATIONAL, CORP.";;True;False
0001522540;"Marqeta, Inc.";MQ;False;False
0001522559;Ally Auto Receivables Trust 2011-3;;True;False
0001522602;"CohBar, Inc.";;False;True
0001522616;"Citibank, N.A., as depositor of Citibank Credit Card Issuance Trust";;True;False
0001522690;"GWG Holdings, Inc.";;False;True
0001522699;Nuveen Long/Short Commodity Total Return Fund;;True;False
0001522704;"Medifirst Solutions, Inc.";;True;False
0001522711;"GE Equipment Transportation LLC, Series 2011-1";;True;False
0001522717;Santander Drive Auto Receivables Trust 2011-2;;True;False
0001522724;GLOBAL GREEN INC.;;True;False
0001522727;"USA Compression Partners, LP";USAC;False;False
0001522767;MARIMED INC.;MRMD;True;False
0001522787;"Cyberfort Software, Inc.";;True;False
0001522860;"Acutus Medical, Inc.";;False;False
0001522903;"Mobile Vault, Inc.";;True;False
0001523404;JP Energy Partners LP;;False;True
0001523486;"MOJO DATA SOLUTIONS, INC.";;True;False
0001523519;"ENTERGY LOUISIANA INVESTMENT RECOVERY FUNDING I, L.L.C.";;True;False
0001523526;Sierra Income Corp;;True;False
0001523713;"PRETIUM FINANCE, INC.";;True;False
0001523733;PetroLogistics LP;;True;False
0001523854;"West End Indiana Bancshares, Inc.";;True;False
0001523855;"Technovative Group, Inc.";;True;False
0001524025;"TILLY'S, INC.";TLYS;False;False
0001524083;ChatChing Inc.;;True;False
0001524223;"Manning & Napier, Inc.";;False;True
0001524342;Ford Credit Auto Lease Trust 2011-A;;True;False
0001524358;MARRIOTT VACATIONS WORLDWIDE Corp;VAC;False;False
0001524471;Exelis Inc.;;False;True
0001524472;Xylem Inc.;XYL;False;False
0001524607;"MPT Operating Partnership, L.P.";;True;False
0001524741;"U.S. SILICA HOLDINGS, INC.";;False;False
0001524759;Nissan Auto Lease Trust 2011-A;;True;False
0001524769;CHESAPEAKE GRANITE WASH TRUST;CHKR;True;False
0001524774;Penola Inc.;;True;False
0001524829;Global Seed Corp;;True;False
0001524872;Thunder Energies Corp;;True;False
0001524931;"CHUY'S HOLDINGS, INC.";;False;False
0001525040;"American Renal Associates Holdings, Inc.";;True;False
0001525221;Bristow Group Inc.;VTOL;False;True
0001525287;Sprague Resources LP;;False;True
0001525306;First America Resources Corp;FSTJ;True;False
0001525502;MERCEDES-BENZ AUTO RECEIVABLES TRUST 2011-1;;True;False
0001525703;"COLUMBIA PROPERTY TRUST OPERATING PARTNERSHIP, L.P.";;True;False
0001525759;FS KKR Capital Corp. II;;False;True
0001525769;"Dave & Buster's Entertainment, Inc.";PLAY;False;False
0001525773;Intelsat S.A.;;False;True
0001525852;"BOTS, Inc./PR";;True;False
0001525874;Sky Wolf Wind Turbine Corp;;True;False
0001525896;"ShopEye, Inc.";;True;False
0001525998;"Rentech Nitrogen Partners, L.P.";;False;True
0001526065;Ford Credit Auto Owner Trust 2011-B;;True;False
0001526113;"Global Net Lease, Inc.";GNL-PD;False;False
0001526119;"Verastem, Inc.";VSTM;False;False
0001526160;Fleetmatics Group plc;;False;True
0001526183;Nudg Media Inc.;;True;False
0001526185;NEW YORK TUTOR Co;;True;False
0001526243;PERPETUA RESOURCES CORP.;PPTA;False;False
0001526520;"TripAdvisor, Inc.";TRIP;False;False
0001526543;"Green Ballast, Inc.";;True;False
0001526572;Harley-Davidson Motorcycle Trust 2011-1;;True;False
0001526600;PLASTRON ACQUISITION CORP III;;True;False
0001526608;PLASTRON ACQUISITION CORP IV;;True;False
0001526689;"Generation NEXT Franchise Brands, Inc.";;True;False
0001526726;HORIZON MINERALS CORP.;;True;False
0001526759;"BAHAMAS CONCIERGE, INC.";;True;False
0001526796;"Ignite Restaurant Group, Inc.";;False;True
0001526952;"Wellesley Bancorp, Inc.";;False;True
0001527027;ARISTOCRAT GROUP CORP.;;True;False
0001527032;"New Enterprise Stone & Lime Co., Inc.";;True;False
0001527096;Miromatrix Medical Inc.;;False;True
0001527102;"Evergreen Sustainable Enterprises, Inc.";;True;False
0001527166;Carlyle Group Inc.;CGABL;False;False
0001527190;"National CineMedia, LLC";;True;False
0001527299;Santander Drive Auto Receivables Trust 2011-3;;True;False
0001527345;STREAM S&P Dynamic Roll Global Commodities Fund;;True;False
0001527349;Chart Acquisition Corp.;;False;True
0001527352;"Nexalin Technology, Inc.";NXL;False;False
0001527355;KonaRed Corp;;True;False
0001527383;BankGuam Holding Co;;True;False
0001527385;"VII Peaks Co-Optivist Income BDC II, Inc.";;True;False
0001527424;SEVILLE VENTURES CORP;;True;False
0001527469;Athene Holding Ltd;ATH-PE;False;True
0001527508;Pactiv Evergreen Inc.;;False;False
0001527531;DBUBS 2011-LC3 Mortgage Trust;;True;False
0001527541;"Wheeler Real Estate Investment Trust, Inc.";WHLRL;False;False
0001527590;Ready Capital Corp;RC-PE;False;False
0001527599;"SYNLOGIC, INC.";SYBX;False;False
0001527613;"NuZee, Inc.";IMG;False;False
0001527622;"Rose Rock Midstream, L.P.";;False;True
0001527624;Centor Inc.;;True;False
0001527666;MIRAGE CAPITAL CORP;;True;False
0001527675;WUNONG ASIA PACIFIC Co Ltd;;True;False
0001527698;"ML Capital Group, Inc.";;True;False
0001527702;iQSTEL Inc;IQST;True;False
0001527705;"ALST Casino Holdco, LLC";;True;False
0001527709;"Mid-Con Energy Partners, LP";;False;True
0001527722;Trenton Acquisition Corp.;;True;False
0001527727;Iron Sands Corp.;;True;False
0001527728;RENOVARO BIOSCIENCES INC.;LNAI;False;False
0001527753;"Personalis, Inc.";PSNL;False;False
0001527795;Meganet Corp;;True;False
0001527844;"Globe Photos, Inc.";;True;False
0001527974;FUHUIYUAN INTERNATIONAL HOLDINGS Ltd;;True;False
0001528059;"VEREIT Operating Partnership, L.P.";;True;False
0001528061;Community Choice Financial Inc.;;True;False
0001528098;"Saleen Automotive, Inc.";;True;False
0001528103;EUROSITE POWER INC.;;True;False
0001528115;"Annexon, Inc.";ANNX;False;False
0001528129;"Vital Energy, Inc.";;False;False
0001528171;"Online-Redefined, Inc.";;True;False
0001528172;"ENDONOVO THERAPEUTICS, INC.";ENDV;True;False
0001528188;Worldwide NFT Inc.;WNFT;True;False
0001528234;ABC Records Management & Data Storage Inc.;;True;False
0001528279;Sequoia Mortgage Trust 2011-2;;True;False
0001528287;NeuroPace Inc;NPCE;False;False
0001528308;"IONIX TECHNOLOGY, INC.";;True;False
0001528356;Genie Energy Ltd.;GNE;False;False
0001528393;ZaZa Energy Corp;;True;False
0001528396;"Guidewire Software, Inc.";GWRE;False;False
0001528410;James River Holding Corp.;;True;False
0001528503;Morgan Stanley Capital I Trust 2011-C3;;True;False
0001528557;"Corindus Vascular Robotics, Inc.";;False;True
0001528558;"Rouse Properties, Inc.";;False;True
0001528610;Polonia Bancorp Inc;;False;True
0001528697;Apawthecary Pets USA;;True;False
0001528749;San Lotus Holding Inc;;True;False
0001528760;"Exeo Entertainment, Inc.";;True;False
0001528837;Sanchez Energy Corp;;False;True
0001528843;Cheviot Financial Corp.;;False;True
0001528849;RH;RH;False;False
0001528875;"Anpulo Food Development, Inc.";;True;False
0001528913;Nissan Auto Lease Trust 2011-B;;True;False
0001528930;"Franchise Group, Inc.";;False;True
0001528985;"Inland Real Estate Income Trust, Inc.";INRE;True;False
0001529004;AAA Energy Opportunities Fund LLC;;True;False
0001529113;INPIXON;XTIA;False;False
0001529133;"chatAND, Inc.";;True;False
0001529197;Americredit Automobile Receivables Trust 2011-4;;True;False
0001529274;"ALKAMI TECHNOLOGY, INC.";ALKT;False;False
0001529293;Altovida Inc.;;True;False
0001529345;CNH Equipment Trust 2011-B;;True;False
0001529359;Ally Auto Receivables Trust 2011-4;;True;False
0001529377;Ares Commercial Real Estate Corp;ACRE;False;False
0001529433;"nycaMedia, Inc.";;True;False
0001529463;"FTS International, Inc.";;False;True
0001529505;United States Commodity Funds Trust I;;True;False
0001529516;Crimson Forest Entertainment Group Inc.;;True;False
0001529534;BMW Vehicle Owner Trust 2011-A;;True;False
0001529608;CarMax Auto Owner Trust 2011-2;;True;False
0001529628;"Smart Sand, Inc.";SND;False;False
0001529658;J.P. Morgan Chase Commercial Mortgage Securities Trust 2011-C5;;True;False
0001529692;ICON Oil & Gas Fund-A L.P.;;True;False
0001529727;"GE Equipment Midticket LLC, Series 2011-1";;True;False
0001529804;Aroga Holding Corp.;;True;False
0001529864;"Enova International, Inc.";ENVA;False;False
0001529938;Azur Pharma Public Ltd Co;;True;False
0001529979;FX Alliance Inc.;;False;True
0001529980;Hyundai Auto Receivables Trust 2011-C;;True;False
0001530163;"Samsara Luggage, Inc.";;True;False
0001530185;AMERITEK VENTURES;ATVKD;True;False
0001530217;Toyota Auto Receivables 2011-B Owner Trust;;True;False
0001530219;GS Mortgage Securities Trust 2011-GC5;;True;False
0001530244;Petrus Resources Corp;;True;False
0001530249;"FS Bancorp, Inc.";FSBW;False;False
0001530425;"Artisan Consumer Goods, Inc.";ARRT;True;False
0001530614;"ALL IN BLIND, INC.";;True;False
0001530721;Capri Holdings Ltd;CPRI;False;False
0001530746;"Kaya Holdings, Inc.";KAYS;True;False
0001530766;"BioSig Technologies, Inc.";STEX;False;False
0001530796;"MILAGRO OIL & GAS, INC.";;True;False
0001530804;Tronox Holdings plc;TROX;False;False
0001530874;"Sanborn Resources, Ltd.";;True;False
0001530950;"Post Holdings, Inc.";POST;False;False
0001530979;"Honest Company, Inc.";HNST;False;False
0001530981;Probility Media Corp;;True;False
0001531031;"Esquire Financial Holdings, Inc.";ESQ;False;False
0001531048;"Inari Medical, Inc.";;False;False
0001531152;"BJ's Wholesale Club Holdings, Inc.";BJ;False;False
0001531177;"Sight Sciences, Inc.";SGHT;False;False
0001531190;Santander Drive Auto Receivables Trust 2011-4;;True;False
0001531271;"CityCenter Holdings, LLC";;True;False
0001531375;"Fixed Income Trust For Goldman Sachs Subordinated Notes, Series 2011-1";;True;False
0001531433;"Monarch America, Inc.";;True;False
0001531434;Xtralink Energy Corp;;True;False
0001531477;"Health Advance, Inc.";;True;False
0001531537;"BREF HR, LLC";;True;False
0001531618;"LICONT, CORP.";;True;False
0001531744;Shea Homes Limited Partnership;;True;False
0001531764;Winchester Holding Group;;True;False
0001531978;"Paragon 28, Inc.";;False;False
0001531995;Ford Credit Floorplan Master Owner Trust A Series 2011-2;;True;False
0001532063;Express Scripts Holding Co.;;False;True
0001532079;Cynapsus Therapeutics Inc.;;False;True
0001532158;"Rebel Group, Inc.";;True;False
0001532286;"Nine Energy Service, Inc.";NINE;False;False
0001532288;"Armstrong Energy, Inc.";;True;False
0001532346;"Atreca, Inc.";;False;False
0001532374;WHEELCHAIR ADL SOLUTIONS;;True;False
0001532383;VANJIA CORP;VNJA;True;False
0001532389;Honda Auto Receivables 2011-3 Owner Trust;;True;False
0001532390;ALKALINE WATER Co INC;WTER;False;False
0001532424;CANADIAN CANNABIS CORP.;;True;False
0001532543;"EveryWare Global, Inc.";;False;True
0001532595;Sincerity Applied Materials Holdings Corp.;SINC;True;False
0001532619;Power REIT;PW-PA;False;False
0001532750;"Titan Energy, LLC";;False;True
0001532826;WFRBS Commercial Mortgage Trust 2011-C5;;True;False
0001532828;"Trio Resources, Inc.";;True;False
0001532882;"American Business Services, Inc.";;True;False
0001532926;"BRK, Inc.";;True;False
0001532930;Seventy Seven Energy Inc.;;False;True
0001532961;"NV5 Global, Inc.";;False;False
0001533030;"Cryomass Technologies, Inc.";;True;False
0001533037;Nissan Auto Receivables 2011-B Owner Trust;;True;False
0001533040;Phio Pharmaceuticals Corp.;PHIO;False;False
0001533106;"ARGENTUM 47, INC.";;True;False
0001533218;Americredit Automobile Receivables Trust 2011-5;;True;False
0001533311;OLIE INC;;True;False
0001533357;DEFENSE TECHNOLOGIES INTERNATIONAL CORP.;DTII;True;False
0001533400;Ford Credit Auto Lease Trust 2011-B;;True;False
0001533427;"Pazoo, Inc.";;True;False
0001533454;Northern Tier Energy LP;;False;True
0001533455;"Aja Cannafacturing, Inc.";;True;False
0001533526;"GLOBAL BRASS & COPPER HOLDINGS, INC.";;False;True
0001533615;Global Medical REIT Inc.;GMRE-PB;False;False
0001533643;Harley-Davidson Motorcycle Trust 2011-2;;True;False
0001533684;World Omni Auto Receivables Trust 2011-B;;True;False
0001533705;CarMax Auto Owner Trust 2011-3;;True;False
0001533743;"Processa Pharmaceuticals, Inc.";PCSA;False;False
0001533758;Hughes Satellite Systems Corp;;True;False
0001533840;"CenterPoint Energy Transition Bond Co IV, LLC";;True;False
0001533924;Amplify Energy Corp.;AMPY;False;True
0001533932;"Worldpay, Inc.";;False;True
0001533998;DarioHealth Corp.;DRIO;False;False
0001534047;Volkswagen Auto Lease Trust 2011-A;;True;False
0001534098;Rosewood Acquisition Corp;;True;False
0001534099;AMERICAN LASER HEALTHCARE Corp;;True;False
0001534101;Bluewood Acquisition Corp;;True;False
0001534120;"Avalo Therapeutics, Inc.";AVTX;False;False
0001534133;"GRAYBUG VISION, INC.";CALC;False;False
0001534154;authID Inc.;AUID;False;False
0001534155;"Ameri Metro, Inc. (formerly Yellowwood)";;True;False
0001534248;Chemomab Therapeutics Ltd.;CMMB;False;False
0001534254;CION Investment Corp;CICB;False;False
0001534263;DINO ENERGY Corp;;True;False
0001534287;BioAmber Inc.;;False;True
0001534298;"SSTL, Inc.";;True;False
0001534318;Ally Auto Receivables Trust 2011-5;;True;False
0001534463;Marlborough Software Development Holdings Inc.;;True;False
0001534504;PBF Energy Inc.;PBF;False;False
0001534525;"Xenetic Biosciences, Inc.";XBIO;False;False
0001534628;INFINITY REAL ESTATE HOLDINGS Corp;;True;False
0001534629;"Accelerated Acquisition XVII, Inc.";;True;False
0001534675;Tecnoglass Inc.;TGLS;False;False
0001534701;Phillips 66;PSX;False;False
0001534708;"Eastside Distilling, Inc.";BLNE;False;False
0001534814;Seven Seas Cruises S. DE R.L.;;True;False
0001534969;"SERA PROGNOSTICS, INC.";SERA;False;False
0001534977;Highbridge Commodities FuturesAccess LLC;;True;False
0001534992;"Fiesta Restaurant Group, Inc.";;False;True
0001535013;ACL I Corp;;True;False
0001535031;"Tumi Holdings, Inc.";;False;True
0001535079;MCX Technologies Corp;;True;False
0001535147;Ortus Currency FuturesAccess LLC;;True;False
0001535194;XR Energy Inc.;;True;False
0001535365;iSHARES COMMODITY OPTIMIZED TRUST;;True;False
0001535379;"Cloudera, Inc.";;False;True
0001535456;GS Mortgage Securities Trust 2012-GC6;;True;False
0001535469;"NOHO, Inc.";;True;False
0001535527;"CrowdStrike Holdings, Inc.";CRWD;False;False
0001535635;Service Team Inc.;;True;False
0001535706;CFCRE Commercial Mortgage Trust 2011-C2;;True;False
0001535778;"MSC INCOME FUND, INC.";MSIF;True;False
0001535929;"Voya Financial, Inc.";VOYA-PB;False;False
0001535955;Lipocine Inc.;LPCN;False;False
0001536035;"Roundy's, Inc.";;False;True
0001536047;Northern Tier Energy LLC;;True;False
0001536067;CNH Equipment Trust 2011-C;;True;False
0001536089;VIRTUAL INTERACTIVE TECHNOLOGIES CORP.;;True;False
0001536226;UBS-Citigroup Commercial Mortgage Trust 2011-C1;;True;False
0001536256;United Realty Trust Inc;;True;False
0001536394;"U.S. Lighting Group, Inc.";;True;False
0001536577;Medley LLC;;True;False
0001536643;Webfolio Inc.;;True;False
0001536694;Sequoia Mortgage Trust 2012-1;;True;False
0001536720;SLM Student Loan Trust 2012-1;;True;False
0001537028;"Independence Contract Drilling, Inc.";;False;False
0001537048;SKOOKUM SAFETY SOLUTIONS CORP.;;True;False
0001537054;Gogo Inc.;GOGO;False;False
0001537058;Whiting USA Trust II;;True;False
0001537069;"ATEL Growth Capital Fund 8, LLC";;True;False
0001537118;Cannabis-RX Inc.;;True;False
0001537169;"AVALANCHE INTERNATIONAL, CORP.";;True;False
0001537258;AIRBORNE WIRELESS NETWORK;;True;False
0001537274;NewGen BioPharma Corp.;;True;False
0001537293;"AV Therapeutics, Inc.";;True;False
0001537435;TECOGEN INC.;TGEN;False;True
0001537511;"PROGRESSIVE GREEN SOLUTIONS, INC.";;True;False
0001537528;"J.E.M. CAPITAL, INC.";;True;False
0001537561;"Arch Therapeutics, Inc.";;True;False
0001537660;Armored AutoGroup Inc.;;True;False
0001537663;"Health-Right Discoveries, Inc.";;True;False
0001537667;SELECT INCOME REIT;;False;True
0001537689;"Comp Services, Inc.";;True;False
0001537834;RICHFIELD OIL & GAS Co;;True;False
0001537917;"TYME TECHNOLOGIES, INC.";;False;True
0001537951;Edgen Group Inc.;;False;True
0001538123;"IFAN FINANCIAL, INC.";;True;False
0001538138;Xgains4keeps Inc;;True;False
0001538184;Santander Drive Auto Receivables Trust 2012-1;;True;False
0001538210;"NexImmune, Inc.";;False;False
0001538217;"SRAX, Inc.";;False;True
0001538263;"HomeTrust Bancshares, Inc.";HTB;False;False
0001538267;SandRidge Mississippian Trust II;;True;False
0001538329;"UBIQUITY, INC.";;True;False
0001538333;Boreal Water Collection Inc.;;True;False
0001538438;Volkswagen Auto Loan Enhanced Trust 2012-1;;True;False
0001538495;"Earth Science Tech, Inc.";ETST;True;False
0001538716;Oportun Financial Corp;OPRT;False;False
0001538789;Just Energy Group Inc.;;False;True
0001538822;Pacific Coast Oil Trust;;False;True
0001538849;CrossAmerica Partners LP;CAPL;False;False
0001538927;"Forma Therapeutics Holdings, Inc.";;False;True
0001538940;Ally Auto Receivables Trust 2012-1;;True;False
0001538990;STORE CAPITAL LLC;;False;True
0001539029;"Clearside Biomedical, Inc.";CLSDQ;False;False
0001539429;CHC Helicopter S.A.;;True;False
0001539447;LUCY'S WATER WORLD INC;;True;False
0001539551;"SPORTS FIELD HOLDINGS, INC.";;True;False
0001539574;"GREAT EAST ENERGY, INC.";;True;False
0001539638;"Triumph Financial, Inc.";TFIN-P;False;False
0001539680;HAMMER FIBER OPTICS HOLDINGS CORP;HMMR;True;False
0001539708;Ford Credit Auto Owner Trust 2012-A;;True;False
0001539778;RAYONT INC.;;True;False
0001539816;AEP Texas Central Transition Funding III LLC;;True;False
0001539838;"Diamondback Energy, Inc.";FANG;False;False
0001539850;"Starco Brands, Inc.";STCB;True;False
0001539892;COMMITTED CAPITAL ACQUISITION Corp II;;True;False
0001539894;"Atlas Financial Holdings, Inc.";;False;True
0001540047;"Nexeo Solutions Holdings, LLC";;True;False
0001540145;"Xstelos Holdings, Inc.";;True;False
0001540159;"Edesa Biotech, Inc.";EDSA;False;False
0001540160;Introbuzz;;True;False
0001540184;"Medallia, Inc.";;False;True
0001540237;"Ultimate Rack, Inc.";;True;False
0001540334;"FITWEISER HOLDINGS, INC.";;True;False
0001540400;E2open Inc;;False;True
0001540563;Dynacast International Inc.;;True;False
0001540615;"PUGET TECHNOLOGIES, INC.";;True;False
0001540684;Atlas Lithium Corp;ATLX;False;False
0001540697;Bentwood Acquisition Corp;;True;False
0001540698;Lightwood Acquisition Corp;;True;False
0001540699;Hardwood Acquisition Corp;;True;False
0001540700;Roundwood Acquisition Corp;;True;False
0001540701;Timberwood Acquisition Corp;;True;False
0001540723;"WFB Funding, LLC";;True;False
0001540729;Foresight Energy LP;;False;True
0001540755;"Anaplan, Inc.";;True;False
0001540771;PINGIFY INTERNATIONAL INC.;;True;False
0001540779;Americredit Automobile Receivables Trust 2012-1;;True;False
0001540947;"EQM Midstream Partners, LP";;False;True
0001540960;SLM Student Loan Trust 2012-2;;True;False
0001541119;"Sound Financial Bancorp, Inc.";SFBC;False;False
0001541157;Akari Therapeutics Plc;AKTX;False;False
0001541165;One 4 Art Ltd;;True;False
0001541287;CarMax Auto Owner Trust 2012-1;;True;False
0001541354;ASPIRITY HOLDINGS LLC;;True;False
0001541401;"Empire State Realty Trust, Inc.";ESRT;False;False
0001541451;Morgan Stanley Capital I Trust 2012-C4;;True;False
0001541538;Nissan Auto Receivables 2012-A Owner Trust;;True;False
0001541719;"CH REAL ESTATE II, INC.";;True;False
0001541884;PROLUNG INC;;True;False
0001542013;"JOEY NEW YORK, INC.";;True;False
0001542154;Honda Auto Receivables 2012-1 Owner Trust;;True;False
0001542261;KOLASCO CORP;;True;False
0001542299;"Georgetown Bancorp, Inc.";;False;True
0001542335;Black Stallion Oil & Gas Inc.;;True;False
0001542447;"RREEF Property Trust, Inc.";;True;False
0001542574;Prosper Funding LLC;;True;False
0001542624;ACCELERATED ACQUISITIONS XIX;;True;False
0001542625;"AERVISION HOLDINGS, INC.";;True;False
0001542626;ACCELERATED ACQUISITIONS XXI;;True;False
0001542627;"Cellular Concrete Technologies, Inc.";;True;False
0001542628;"GREENTECH MINING INTERNATIONAL, INC.";;True;False
0001542771;John Deere Owner Trust 2012;;True;False
0001542830;WFRBS Commercial Mortgage Trust 2012-C6;;True;False
0001542918;Trance Global Entertainment Group Corp;;True;False
0001542934;Imperial Plantation Corp;;True;False
0001542976;Hyundai Auto Receivables Trust 2012-A;;True;False
0001543040;Bank of America Auto Trust 2012-1;;True;False
0001543042;COMM 2012-LC4 Mortgage Trust;;True;False
0001543066;E-WASTE CORP.;;True;False
0001543083;"New Global Energy, Inc.";;True;False
0001543097;"GE Equipment Transportation LLC, Series 2012-1";;True;False
0001543098;"CODESMART HOLDINGS, INC.";;True;False
0001543151;"Uber Technologies, Inc";UBER;False;False
0001543184;Nissan Auto Lease Trust 2012-A;;True;False
0001543190;Ford Credit Auto Lease Trust 2012-A;;True;False
0001543272;"MJ BIOTECH, INC.";;True;False
0001543367;"Meetinghouse Bancorp, Inc.";;True;False
0001543395;Idaho North Resources Corp.;;True;False
0001543397;Huntington Auto Trust 2012-1;;True;False
0001543418;Trilogy Metals Inc.;TMQ;False;False
0001543450;"U.S. Well Services, LLC";;True;False
0001543605;ChinAmerica Andy Movie Entertainment Media Co.;;True;False
0001543623;US NUCLEAR CORP.;UCLE;True;False
0001543637;"Nu-Med Plus, Inc.";NUMD;True;False
0001543643;CU Bancorp;;False;True
0001543652;"Free Flow, Inc.";FFLO;True;False
0001543679;"First State Capital Investments, Inc";;True;False
0001543687;Ally Auto Receivables Trust 2012-2;;True;False
0001543739;APT Systems Inc;;True;False
0001543913;Santander Drive Auto Receivables Trust 2012-2;;True;False
0001543916;"ForgeRock, Inc.";;False;True
0001544047;CNH Equipment Trust 2012-A;;True;False
0001544116;"Durata Therapeutics, Inc.";;False;True
0001544190;"Shepherd's Finance, LLC";;True;False
0001544206;"Carlyle Secured Lending, Inc.";CGBD;False;False
0001544227;"Tempest Therapeutics, Inc.";TPST;False;False
0001544229;"Engility Holdings, Inc.";;False;True
0001544238;"CARDAX, INC.";;True;False
0001544400;NFiniTi inc.;NFTN;True;False
0001544522;Freshworks Inc.;FRSH;False;False
0001544597;Taylor Consulting Inc.;;True;False
0001544629;UBS Commercial Mortgage Trust 2012-C1;;True;False
0001544670;Mercedes-Benz Auto Lease Trust 2012-A;;True;False
0001544861;"Nostalgia Family Brands, Inc.";;True;False
0001545018;J.P. Morgan Chase Commercial Mortgage Securities Trust 2012-C6;;True;False
0001545061;Signal Advance Inc;;True;False
0001545078;WMI Liquidating Trust;;True;False
0001545158;"Kraft Foods Group, Inc.";;False;True
0001545208;"American Realty Capital Trust IV, Inc.";;True;False
0001545232;Aim Exploration Inc.;;True;False
0001545236;American Heritage International Inc.;AHII;True;False
0001545312;GMCI Corp.;;True;False
0001545391;TCP International Holdings Ltd.;;False;True
0001545416;Sequoia Mortgage Trust 2012-2;;True;False
0001545447;"Valmie Resources, Inc.";;True;False
0001545654;"Alexander & Baldwin, Inc.";ALEX;False;False
0001546296;"Professional Diversity Network, Inc.";IPDN;False;False
0001546381;"RLJ ENTERTAINMENT, INC.";;False;True
0001546392;Gawk Inc.;;True;False
0001546417;"Bloomin' Brands, Inc.";BLMN;False;False
0001546589;Gray Fox Petroleum Corp.;;True;False
0001546609;"MVP REIT, Inc.";;True;False
0001546637;SLM Student Loan Trust 2012-3;;True;False
0001546640;ADT Corp;;False;True
0001546652;VanEck Merk Gold Trust;OUNZ;True;False
0001546666;Toyota Auto Receivables 2012-A Owner Trust;;True;False
0001546679;"MOBETIZE, CORP.";;True;False
0001546680;Americredit Automobile Receivables Trust 2012-2;;True;False
0001546819;BMW Vehicle Lease Trust 2012-1;;True;False
0001546853;"Skkynet Cloud Systems, Inc.";SKKY;True;False
0001546958;"US-TH ENERGY SCIENCE & TECHNOLOGY INT'L, INC.";;True;False
0001547015;"US-DADI FERTILIZER INDUSTRY INTERNATIONAL, INC.";;True;False
0001547021;"US-BLH BIO-ENGINEERING INT'L, INC.";;True;False
0001547063;TAMINCO Corp;;False;True
0001547282;"Burger King Worldwide, Inc.";;True;False
0001547355;Horrison Resources Inc.;;True;False
0001547459;"Natural Grocers by Vitamin Cottage, Inc.";NGVC;False;False
0001547492;Ford Credit Auto Owner Trust 2012-B;;True;False
0001547493;Honda Auto Receivables 2012-2 Owner Trust;;True;False
0001547521;"Engage Mobility, Inc";;True;False
0001547530;"Microlin Bio, Inc";;True;False
0001547546;"Lument Finance Trust, Inc.";LFT-PA;False;False
0001547635;"Madison County Financial, Inc.";;False;True
0001547638;"Southcross Energy Partners, L.P.";;False;True
0001547705;Bluefire Equipment Corp;;True;False
0001547716;"SunVault Energy, Inc.";;True;False
0001547903;"NMI Holdings, Inc.";NMIH;False;False
0001547996;"Notis Global, Inc.";;True;False
0001548082;"THREE FORKS, INC.";;True;False
0001548106;"Kinbasha Gaming International, Inc.";;True;False
0001548187;"Soliton, Inc.";;False;True
0001548237;"Fixed Income Trust for Prudential Financial, Inc. Notes, Series 2012-1";;True;False
0001548240;"Yew Bio-Pharm Group, Inc.";;True;False
0001548261;NORSTRA ENERGY INC;;True;False
0001548266;GS Mortgage Securities Trust 2012-GCJ7;;True;False
0001548309;"SEARS HOMETOWN & OUTLET STORES, INC.";;False;True
0001548599;COMM 2012-CCRE1 Mortgage Trust;;True;False
0001548600;Santander Drive Auto Receivables Trust 2012-3;;True;False
0001548621;"NPC Restaurant Holdings, LLC";;True;False
0001548691;Samson Resources Corp;;True;False
0001548953;Modern PVC Inc;;True;False
0001548981;"American Residential Properties, Inc.";;False;True
0001549084;"EKSO BIONICS HOLDINGS, INC.";EKSO;False;False
0001549145;"BLUE BIOFUELS, INC.";BIOF;True;False
0001549276;"LaPorte Bancorp, Inc.";;False;True
0001549346;"Shutterstock, Inc.";SSTK;False;False
0001549595;"Nurix Therapeutics, Inc.";NRIX;False;False
0001549631;"Quarta-Rad, Inc.";QURT;True;False
0001549719;"Intelligent Highway Solutions, Inc.";;True;False
0001549756;"LinnCo, LLC";;False;True
0001549785;Macquarie Leasing Pty Ltd;;True;False
0001549848;Hi-Crush Inc.;;False;True
0001549872;"XURA, INC.";;False;True
0001549922;"Summit Midstream Partners, LP";;True;False
0001549966;Silvercrest Asset Management Group Inc.;SAMG;False;False
0001550020;eWELLNESS HEALTHCARE Corp;;True;False
0001550053;"Grand Perfecta, Inc.";;True;False
0001550120;WFRBS Commercial Mortgage Trust 2012-C7;;True;False
0001550221;J.P. Morgan Chase Commercial Mortgage Securities Trust 2012-CIBX;;True;False
0001550222;"Mike the Pike Productions, Inc.";;True;False
0001550369;RBC Covered Bond Guarantor Limited Partnership;;True;False
0001550377;"BakerCorp International, Inc.";;True;False
0001550453;TriLinc Global Impact Fund LLC;TRLC;True;False
0001550460;Ally Auto Receivables Trust 2012-3;;True;False
0001550518;Cantabio Pharmaceuticals Inc.;;True;False
0001550536;"PRIVILEGED WORLD TRAVEL CLUB, INC.";;True;False
0001550603;"MALVERN BANCORP, INC.";;False;True
0001550695;Performant Financial Corp;;False;False
0001550737;"Sector 5, Inc.";;True;False
0001550913;"MacKenzie Realty Capital, Inc.";MKZR;True;False
0001550929;Altona Resources Inc.;;True;False
0001550954;"Hauge Technology, Inc.";;True;False
0001550956;"ACCESS US OIL & GAS, INC.";;True;False
0001550958;Go Green Smokeless Oil International Inc.;;True;False
0001550959;Whoopass Poker Corp;;True;False
0001551059;World Omni Automobile Lease Securitization Trust 2012-A;;True;False
0001551097;Sequoia Mortgage Trust 2012-3;;True;False
0001551152;AbbVie Inc.;ABBV;False;False
0001551182;Eaton Corp plc;ETN;True;False
0001551206;Patagonia Gold Corp.;;True;False
0001551270;CarMax Auto Owner Trust 2012-2;;True;False
0001551271;SLM Student Loan Trust 2012-5;;True;False
0001551286;"TGR Financial, Inc.";;True;False
0001551306;"Progyny, Inc.";PGNY;False;False
0001551390;MDS ENERGY PUBLIC 2013-A LP;;True;False
0001551454;China Greenstar Corporation.;;True;False
0001551510;"Revel AC, Inc.";;True;False
0001551623;VOLKSWAGEN AUTO LEASE TRUST 2012-A;;True;False
0001551693;"Sientra, Inc.";;False;False
0001551739;"Hamilton Bancorp, Inc.";;False;True
0001551771;CNH Equipment Trust 2012-B;;True;False
0001551887;DUESENBERG TECHNOLOGIES INC.;;True;False
0001551901;Stellus Capital Investment Corp;SCM;False;False
0001551906;WEST COAST VENTURES GROUP CORP.;;True;False
0001551986;"9 METERS BIOPHARMA, INC.";;False;True
0001552000;MPLX LP;MPLXP;False;False
0001552033;TransUnion;TRU;False;False
0001552111;Barclays Dryrock Issuance Trust;;True;False
0001552164;AVRA INC.;;True;False
0001552189;"PANACEA LIFE SCIENCES HOLDINGS, INC.";PLSH;True;False
0001552198;"WhiteHorse Finance, Inc.";WHFCL;False;False
0001552221;AmeriCredit Automobile Receivables Trust 2012-3;;True;False
0001552275;Sunoco LP;SUN;False;False
0001552327;Morgan Stanley Bank of America Merrill Lynch Trust 2012-C5;;True;False
0001552328;UBS-Barclays Commercial Mortgage Trust 2012-C2;;True;False
0001552358;"CGS INTERNATIONAL, INC.";;True;False
0001552401;Santander Drive Auto Receivables Trust 2012-4;;True;False
0001552451;MyoKardia Inc;;False;True
0001552493;CNH Industrial Capital LLC;;True;False
0001552696;"E C CONSULTING INTERNATIONAL, INC.";;True;False
0001552700;WisdomTree Coal Fund;;True;False
0001552719;"Embarr Downs, Inc.";;True;False
0001552743;UNIVERSAL GLOBAL HUB INC.;;True;False
0001552797;"Delek Logistics Partners, LP";DKL;False;False
0001552800;"TILE SHOP HOLDINGS, INC.";TTSH;False;False
0001552845;Natur International Corp.;;True;False
0001552890;JAVELIN MORTGAGE INVESTMENT CORP.;;True;False
0001552946;ENVIRO CLEANSE INC.;;True;False
0001552979;"China De Xiao Quan Care Group Co., Ltd";;True;False
0001553000;Hyundai Auto Receivables Trust 2012-B;;True;False
0001553023;CyrusOne Inc.;;False;True
0001553079;"Empire State Realty OP, L.P.";OGCP;False;False
0001553264;AQUA POWER SYSTEMS INC.;APSI;True;False
0001553304;"Galt Petroleum, Inc.";;True;False
0001553326;"Westbury Bancorp, Inc.";;False;True
0001553404;Pacific Green Technologies Inc.;;True;False
0001553588;"SFX Entertainment, INC";;False;True
0001553620;Tarheel Billboard Inc;;True;False
0001553643;"RELMADA THERAPEUTICS, INC.";RLMD;False;False
0001553734;International Metals Streaming Corp.;;True;False
0001553758;World Omni Auto Receivables Trust 2012-A;;True;False
0001553788;"SPLASH BEVERAGE GROUP, INC.";SBEVW;True;False
0001553817;WFRBS COMMERCIAL MORTGAGE TRUST 2012-C8;;True;False
0001553830;"Citizens Independent Bancorp, Inc.";;True;False
0001553975;HARLEY-DAVIDSON MOTORCYCLE TRUST 2012-1;;True;False
0001553992;Nissan Auto Receivables 2012-B Owner Trust;;True;False
0001553993;Honda Auto Receivables 2012-3 Owner Trust;;True;False
0001554054;AMPERICO CORP;;True;False
0001554196;"DIRECT LED, INC";;True;False
0001554225;"MaryJane Group, Inc.";;True;False
0001554300;"CHINA ENERGY TECHNOLOGY CORP., LTD.";;True;False
0001554326;Ford Credit Auto Owner Trust 2012-C;;True;False
0001554594;BLVD HOLDINGS INC;;True;False
0001554730;Sequoia Mortgage Trust 2012-4;;True;False
0001554776;COMM 2012-CCRE2 Mortgage Trust;;True;False
0001554818;AUDDIA INC.;AUUDW;False;False
0001554859;"Semler Scientific, Inc.";;False;False
0001554864;APEX 6 INC.;;True;False
0001554875;"Tintri, Inc.";;False;True
0001554906;Crown Baus Capital Corp.;;True;False
0001554923;Aina Le'a Inc.;;True;False
0001554933;Santander Drive Auto Receivables Trust 2012-5;;True;False
0001554947;Interups Inc;;True;False
0001554970;"Brushy Resources, Inc.";;True;False
0001555017;"Band Rep Management, Inc.";SKYID;True;False
0001555039;Front Yard Residential Corp;;False;True
0001555074;Altisource Asset Management Corp;;False;False
0001555082;EP Energy LLC;;True;False
0001555177;Emerge Energy Services LP;;False;True
0001555214;"Wally World Media, Inc";;True;False
0001555279;908 Devices Inc.;MASS;False;False
0001555280;Zoetis Inc.;ZTS;False;False
0001555365;WHITEWAVE FOODS Co;;False;True
0001555458;Franklin Credit Management Corp;;True;False
0001555492;Fairway Group Holdings Corp;;False;True
0001555538;"SunCoke Energy Partners, L.P.";;False;True
0001555560;AZURE HOLDING GROUP CORP.;;True;False
0001555571;"Homie Recipes, Inc.";;True;False
0001555611;Ally Auto Receivables Trust 2012-4;;True;False
0001555767;Canopius Holdings Bermuda Ltd;;True;False
0001555877;Boomer Ventures Inc.;;True;False
0001555902;UBS-Barclays Commercial Mortgage Trust 2012-C3;;True;False
0001555972;STERLING CONSOLIDATED Corp;;True;False
0001555995;"BIOSCIENCE NEUTRACEUTICALS, INC.";;True;False
0001556063;Hyundai Auto Receivables Trust 2012-C;;True;False
0001556107;SLM Student Loan Trust 2012-6;;True;False
0001556148;"Infor, Inc.";;True;False
0001556179;"Rocky Mountain Industrials, Inc.";;True;False
0001556226;"CUR MEDIA, INC.";;True;False
0001556263;"Syros Pharmaceuticals, Inc.";SYRS;False;False
0001556266;"TD Holdings, Inc.";;False;False
0001556364;"Owens Realty Mortgage, Inc.";;False;True
0001556377;Life Stem Genetics Inc.;;True;False
0001556416;"Blake Insomnia Therapeutics, Inc.";;True;False
0001556487;COMM 2012-CCRE3 Mortgage Trust;;True;False
0001556508;"CES Synergies, Inc.";;True;False
0001556541;"GE Equipment Midticket LLC, Series 2012-1";;True;False
0001556593;Rithm Capital Corp.;RITM-PD;False;False
0001556601;Wells Fargo Commercial Mortgage Trust 2012-LC5;;True;False
0001556727;First Northwest Bancorp;FNWB;False;False
0001556739;"Thryv Holdings, Inc.";THRY;False;False
0001556753;MOBILE GAMING INTERNATIONAL CORP;;True;False
0001556766;"Alon USA Partners, LP";;False;True
0001556801;"My City Builders, Inc.";MYCB;True;False
0001556804;John Deere Owner Trust 2012-B;;True;False
0001556811;Citigroup Commercial Mortgage Trust 2012-GC8;;True;False
0001556898;"Techpoint, Inc.";;True;False
0001556965;J.P. Morgan Chase Commercial Mortgage Securities Trust 2012-C8;;True;False
0001557127;"UserTesting, Inc.";;False;True
0001557142;"Kadmon Holdings, Inc.";;False;True
0001557255;Silver Bay Realty Trust Corp.;;False;True
0001557340;"Optec International, Inc.";;True;False
0001557356;AmeriCredit Automobile Receivables Trust 2012-4;;True;False
0001557376;"Organicell Regenerative Medicine, Inc.";ZEOX;True;False
0001557421;"Ignyta, Inc.";;False;True
0001557424;"Venture Lending & Leasing VII, Inc.";;True;False
0001557473;Ally Auto Receivables Trust 2012-SN1;;True;False
0001557565;"AMI JAMES BRANDS, INC.";;True;False
0001557644;"GREENWOOD HALL, INC.";;True;False
0001557668;BLUE EAGLE LITHIUM INC.;;True;False
0001557711;CNH Equipment Trust 2012-C;;True;False
0001557746;"Aclaris Therapeutics, Inc.";ACRS;False;False
0001557796;"THAT MARKETING SOLUTION, INC.";;True;False
0001557798;"Tianci International, Inc.";CIIT;True;False
0001557805;WFRBS Commercial Mortgage Trust 2012-C9;;True;False
0001557822;Mercedes Benz Auto Receivables Trust 2012-1;;True;False
0001557883;"Dermira, Inc.";;False;True
0001557913;USAA Auto Owner Trust 2012-1;;True;False
0001557939;Acelity L.P. Inc.;;True;False
0001558009;EPIC STORES CORP.;;True;False
0001558013;Morgan Stanley Bank of America Merrill Lynch Trust 2012-C6;;True;False
0001558085;"TOA Holdings, Inc.";;True;False
0001558106;Toyota Auto Receivables 2012-B Owner Trust;;True;False
0001558235;CORPORATE PROPERTY ASSOCIATES 18 GLOBAL INC;;True;False
0001558294;"Powerstorm Holdings, Inc.";;True;False
0001558423;Huntington Auto Trust 2012-2;;True;False
0001558432;"CAPSTONE FINANCIAL GROUP, INC.";;True;False
0001558441;INDUSTRIAL PROPERTY TRUST;;True;False
0001558465;"PETROGRESS, INC";;True;False
0001558546;COMM 2012-CCRE4 Mortgage Trust;;True;False
0001558569;iSpecimen Inc.;ISPC;False;False
0001558583;Arcimoto Inc;;False;False
0001558740;Winvest Group Ltd;WNLV;True;False
0001558785;"CVR Refining, LP";;False;True
0001558806;Volkswagen Auto Loan Enhanced Trust 2012-2;;True;False
0001558844;Ford Credit Auto Lease Trust 2012-B;;True;False
0001558871;Santander Drive Auto Receivables Trust 2012-6;;True;False
0001558902;Woodgate Energy Corp;;True;False
0001558904;Sequoia Mortgage Trust 2012-5;;True;False
0001558916;Tablegate Acquisition Corp;;True;False
0001558917;UPOD INC;;True;False
0001558989;"JMJP Partners, Inc.";;True;False
0001559001;ARROW CARS INTERNATIONAL INC;;True;False
0001559010;"Essential Telecommunications, Inc.";;True;False
0001559050;Fordgate Acquisition Corp;;True;False
0001559053;PROTHENA CORP PUBLIC LTD CO;PRTA;False;False
0001559057;Harrogate Acquisition Corp;;True;False
0001559060;Treegate Acquisition Corp;;True;False
0001559132;Wallgate Acquisition Corp;;True;False
0001559157;"Sunstock, Inc.";;True;False
0001559163;CarMax Auto Owner Trust 2012-3;;True;False
0001559166;Nissan Auto Lease Trust 2012-B;;True;False
0001559172;"DIEGO PELLICER WORLDWIDE, INC";;True;False
0001559270;"Starz, LLC";;True;False
0001559289;"Gulf South Pipeline Company, LP";;True;False
0001559356;"Immune Therapeutics, Inc.";;True;False
0001559432;"TXO Energy Partners, L.P.";TXO;False;False
0001559445;SMART ABS Series 2012-4US Trust;;True;False
0001559450;UBS-Barclays Commercial Mortgage Trust 2012-C4;;True;False
0001559484;"Resource REIT, Inc.";;True;False
0001559576;Honda Auto Receivables 2012-4 Owner Trust;;True;False
0001559720;"Airbnb, Inc.";ABNB;False;False
0001559752;"GE Equipment Transportation LLC, Series 2012-2";;True;False
0001559754;"Wowio, Inc.";;True;False
0001559845;"JuQun,Inc.";;True;False
0001559856;SLM Student Loan Trust 2012-7;;True;False
0001559865;"EVERTEC, Inc.";EVTC;False;False
0001559909;Harvest Capital Credit Corp;;False;True
0001559998;"Gaucho Group Holdings, Inc.";;True;False
0001560021;Kaeland Resources Corp;;True;False
0001560046;"SQN AIF IV, L.P.";;True;False
0001560141;World Omni Auto Receivables Trust 2012-B;;True;False
0001560143;WYTEC INTERNATIONAL INC;WYTC;True;False
0001560194;Ally Auto Receivables Trust 2012-5;;True;False
0001560241;"G1 Therapeutics, Inc.";;False;False
0001560258;"electroCore, Inc.";ECOR;False;False
0001560293;"Tenon Medical, Inc.";TNONW;False;False
0001560327;"Rapid7, Inc.";RPD;False;False
0001560385;Liberty Media Corp;FWONB;True;False
0001560443;New Source Energy Partners L.P.;;False;True
0001560449;ORION FINANCIAL GROUP Inc;;True;False
0001560452;Texas Republic Capital Corp;;True;False
0001560456;GS Mortgage Securities Trust 2012-GCJ9;;True;False
0001560672;Ellington Residential Mortgage REIT;EARN;False;False
0001560905;TORtec Group Corp;;True;False
0001561032;"Healthcare Trust, Inc.";NHPBP;True;False
0001561092;"Avangard Capital Group, Inc";;True;False
0001561164;"QualityTech, LP";;True;False
0001561167;Sequoia Mortgage Trust 2012-6;;True;False
0001561180;PETROTEQ ENERGY INC.;;True;False
0001561196;Sport Stix Inc.;;True;False
0001561206;OnePower Systems Ltd.;;True;False
0001561257;Helpful Alliance Co;;True;False
0001561299;"ComHear, Inc.";;True;False
0001561387;"Health Insurance Innovations, Inc.";;False;True
0001561399;"Stalar 5, Inc.";;True;False
0001561504;"Top To Bottom Pressure Washing, Inc.";;True;False
0001561528;NF Investment Corp.;;True;False
0001561550;"Datadog, Inc.";DDOG;False;False
0001561551;"Enumeral Biomedical Holdings, Inc.";;True;False
0001561622;"Staffing Group, Ltd.";;True;False
0001561627;ExOne Co;;False;True
0001561660;Pattern Energy Group Inc.;;False;True
0001561679;ICON ECI Fund Sixteen;;True;False
0001561680;"Tri Pointe Homes, Inc.";TPH;False;False
0001561686;"STARSTREAM ENTERTAINMENT, INC.";;True;False
0001561697;GOLD RIDGE RESOURCES INC;;True;False
0001561726;WFRBS Commercial Mortgage Trust 2012-C10;;True;False
0001561727;COMM 2012-CCRE5 Mortgage Trust;;True;False
0001561743;"Kindred Biosciences, Inc.";;False;True
0001561781;"Nexus Enterprise Solutions, Inc.";;True;False
0001561782;"SharkReach, Inc.";;True;False
0001561848;CNH Equipment Trust 2012-D;;True;False
0001561865;"Artec Global Media, Inc.";;True;False
0001561880;"Legacy Education Alliance, Inc.";;True;False
0001561894;"Hannon Armstrong Sustainable Infrastructure Capital, Inc.";HASI;False;False
0001561921;"TELA Bio, Inc.";TELA;False;False
0001561939;AmeriCredit Automobile Receivables Trust 2012-5;;True;False
0001561951;"US FOODS, INC.";;True;False
0001562039;"CST BRANDS, INC.";;False;True
0001562080;Ford Credit Auto Owner Trust 2012-D;;True;False
0001562088;"Duolingo, Inc.";DUOL;False;False
0001562107;Accurexa Inc.;;True;False
0001562151;"Crimson Wine Group, Ltd";CWGL;True;False
0001562201;"BASTA HOLDINGS, CORP.";;True;False
0001562214;"ZAIS Group Holdings, Inc.";;False;True
0001562401;American Homes 4 Rent;AMH-PG;False;False
0001562463;First Internet Bancorp;INBKZ;False;False
0001562476;Taylor Morrison Home Corp;TMHC;False;False
0001562528;"Franklin BSP Realty Trust, Inc.";FBRT-PE;False;False
0001562594;"Liquid Holdings Group, Inc.";;False;True
0001562622;Cavendish Futures Fund LLC;;True;False
0001562733;Synergy CHC Corp.;SNYR;True;False
0001562738;"Apptigo International, Inc.";;True;False
0001562872;"Equisource Hotel Fund I, LLP";;True;False
0001562914;American Express Issuance Trust II;;True;False
0001562918;American Express Receivables Financing Corp VIII LLC;;True;False
0001563166;J.P. Morgan Chase Commercial Mortgage Securities Trust 2012-LC9;;True;False
0001563190;"Compass, Inc.";COMP;False;False
0001563227;Sipup Corp;;True;False
0001563298;Energy & Water Development Corp;;True;False
0001563315;"Next Graphite, Inc.";;True;False
0001563407;"Smart & Final Stores, Inc.";;False;True
0001563463;"NUTRALIFE BIOSCIENCES, INC";;True;False
0001563531;Sequoia Mortgage Trust 2013-1;;True;False
0001563536;E-Qure Corp.;;True;False
0001563568;"Envirotech Vehicles, Inc.";EVTV;False;False
0001563577;"Galera Therapeutics, Inc.";GRTX;False;False
0001563665;"Biostage, Inc.";HRGN;False;True
0001563699;Covisint Corp;;False;True
0001563756;"Lightstone Value Plus REIT III, Inc.";;True;False
0001563855;SOPHIRIS BIO INC.;;False;True
0001563880;"Trevi Therapeutics, Inc.";TRVI;False;False
0001563915;"ICON VAPOR, INC.";;True;False
0001563922;Greenbacker Renewable Energy Co LLC;;True;False
0001564053;Nissan Auto Receivables 2013-A Owner Trust;;True;False
0001564273;IMMAGE BIOTHERAPEUTICS CORP.;;True;False
0001564347;Morgan Stanley Bank of America Merrill Lynch Trust 2013-C7;;True;False
0001564406;"Oak Street Health, Inc.";;False;True
0001564408;Snap Inc;SNAP;False;False
0001564618;"Independent Bank Group, Inc.";;False;False
0001564657;"NorthStar Real Estate Income II, Inc.";;True;False
0001564708;NEWS CORP;NWSLL;False;False
0001564709;"Truett-Hurst, Inc.";;False;True
0001564822;PINNACLE FOODS INC.;;False;True
0001564824;Allakos Inc.;;False;False
0001564863;OMEGA BRANDS INC.;;True;False
0001564902;"SeaWorld Entertainment, Inc.";PRKS;False;False
0001564968;Sequoia Mortgage Trust 2013-2;;True;False
0001565146;Gulf Coast Ultra Deep Royalty Trust;GULTU;True;False
0001565220;ALPHALA CORP.;;True;False
0001565228;"Vislink Technologies, Inc.";VISL;False;False
0001565248;"SPRIZA, INC.";;True;False
0001565337;Textura Corp;;False;True
0001565383;Lollipop Corp;;True;False
0001565430;INTERACTIVE MULTI MEDIA AUCTION Corp;;True;False
0001565487;Halex Energy Corp.;;True;False
0001565531;SLM Student Loan Trust 2013-1;;True;False
0001565640;"PRC WILLISTON, LLC";;True;False
0001565687;"Intapp, Inc.";INTA;False;False
0001565700;"EF Hutton America, Inc.";;True;False
0001565821;Santander Drive Auto Receivables Trust 2013-1;;True;False
0001566011;PBF Holding Co LLC;;True;False
0001566039;"ScanSys, Inc.";;True;False
0001566044;VYNE Therapeutics Inc.;VYNE;False;True
0001566049;Arcturus Therapeutics Ltd.;;True;False
0001566052;COMM 2013-LC6 Mortgage Trust;;True;False
0001566053;GS Mortgage Securities Trust 2013-GC10;;True;False
0001566097;PBF Finance Corp;;True;False
0001566138;Honda Auto Receivables 2013-1 Owner Trust;;True;False
0001566140;COMM 2013-CCRE6 Mortgage Trust;;True;False
0001566243;Arax Holdings Corp;;True;False
0001566265;AXIOM CORP.;;True;False
0001566328;Capital Auto Receivables Asset Trust 2013-1;;True;False
0001566373;"F-star Therapeutics, Inc.";;False;True
0001566443;Hyundai Auto Receivables Trust 2013-A;;True;False
0001566445;BRE Select Hotels Corp;;True;False
0001566469;"NantHealth, Inc.";;False;True
0001566528;BMW Vehicle Lease Trust 2013-1;;True;False
0001566543;WFRBS Commercial Mortgage Trust 2013-C11;;True;False
0001566544;UBS-Barclays Commercial Mortgage Trust 2013-C5;;True;False
0001566561;MAGICSTEM GROUP CORP.;;True;False
0001566610;"Verb Technology Company, Inc.";TONX;False;False
0001566623;SMART ABS Series 2013-1US Trust;;True;False
0001566826;"LogicMark, Inc.";LGMK;False;False
0001566895;"NCINO, INC.";;True;False
0001566897;"Diamond Resorts International, Inc.";;False;True
0001566912;"Griffin-American Healthcare REIT III, Inc.";;True;False
0001566972;AmeriCredit Automobile Receivables Trust 2013-1;;True;False
0001566978;"Alphabet Holding Company, Inc.";;True;False
0001567094;CNH Industrial N.V.;CNH;False;False
0001567098;Luckwel Pharmaceuticals Inc.;;True;False
0001567345;"HEMISPHERE MEDIA GROUP, INC.";;False;True
0001567388;NAMI Corp.;;True;False
0001567503;"TurnKey Capital, Inc.";;True;False
0001567514;"Intra-Cellular Therapies, Inc.";;False;False
0001567517;Fern Holdings Corp.;;True;False
0001567520;Dutchess Holdings Corp.;;True;False
0001567572;MORGAN STANLEY BANK OF AMERICA MERRILL LYNCH TRUST 2013-C8;;True;False
0001567683;"Clearway Energy, Inc.";CWEN-A;False;False
0001567771;BRIDGEWAY NATIONAL CORP.;;True;False
0001567802;"Perkins Oil & Gas, Inc.";;True;False
0001567852;Hedgebrook;;True;False
0001567860;"Toshoan Holdings, Inc.";;True;False
0001567892;Mallinckrodt plc;;False;True
0001567900;BLACKBOXSTOCKS INC.;BLBX;False;False
0001567925;"Sila Realty Trust, Inc.";SILA;True;False
0001567958;Sequoia Mortgage Trust 2013-3;;True;False
0001567980;CarMax Auto Owner Trust 2013-1;;True;False
0001568079;PetroShare Corp.;;True;False
0001568100;"PagerDuty, Inc.";PD;False;False
0001568139;Bio-En Holdings Corp.;;True;False
0001568162;"Necessity Retail REIT, Inc.";;False;True
0001568319;Voltari Corp;;False;True
0001568385;"Bright Mountain Media, Inc.";BMTM;True;False
0001568427;"Global Tech Solutions, Inc.";;True;False
0001568628;Bioquest Corp;BQST;True;False
0001568651;"Oscar Health, Inc.";OSCR;False;False
0001568669;"PENNYMAC FINANCIAL SERVICES, INC.";;True;False
0001568693;World Media & Technology Corp.;;True;False
0001568832;RCS Capital Corp;;False;True
0001568875;"Znergy, Inc.";;True;False
0001568898;"GE Equipment Transportation LLC, Series 2013-1";;True;False
0001568969;"APPYEA, INC";APYP;True;False
0001569038;CNH Equipment Trust 2013-A;;True;False
0001569055;"STL Marketing Group, Inc.";;True;False
0001569083;"MAKINGORG, INC.";;True;False
0001569134;"Tallgrass Energy Partners, LP";;False;True
0001569187;"Armada Hoffler Properties, Inc.";AHH-PA;False;False
0001569329;"Youngevity International, Inc.";;False;True
0001569340;"Cell Source, Inc.";CLCS;True;False
0001569345;"Sprinklr, Inc.";CXM;False;False
0001569389;GEO JS Tech Group Corp.;;True;False
0001569391;"KCG Holdings, Inc.";;False;True
0001569414;WFRBS COMMERCIAL MORTGAGE TRUST 2013-C12;;True;False
0001569455;J.P. Morgan Chase Commercial Mortgage Securities Trust 2013-C10;;True;False
0001569568;BIGFOOT PROJECT INVESTMENTS INC;;True;False
0001569601;Volkswagen Auto Loan Enhanced Trust 2013-1;;True;False
0001569737;"Jishanye, Inc.";;True;False
0001569994;"Waterstone Financial, Inc.";WSBF;False;False
0001570011;Ford Credit Auto Owner Trust 2013-A;;True;False
0001570132;"ANVI GLOBAL HOLDINGS, INC.";ANVI;True;False
0001570279;Double Down Holdings Inc.;;True;False
0001570440;Sequoia Mortgage Trust 2013-4;;True;False
0001570562;"Evolus, Inc.";EOLS;False;False
0001570585;Liberty Global plc;LBTYK;False;False
0001570603;Santander Drive Auto Receivables Trust 2013-2;;True;False
0001570649;OVERTECH CORP.;;True;False
0001570774;TRAC Intermodal LLC;;True;False
0001570827;"Victory Capital Holdings, Inc.";VCTR;False;False
0001570937;ALTAIR INTERNATIONAL CORP.;PREM;True;False
0001571088;MergeWorthRx Corp.;;False;True
0001571116;Truven Holding Corp.;;True;False
0001571117;Truven Health Analytics Inc.;;True;False
0001571123;Science Applications International Corp;SAIC;False;False
0001571236;COMM 2013-CCRE7 Mortgage Trust;;True;False
0001571237;Morgan Stanley Bank of America Merrill Lynch Trust 2013-C9;;True;False
0001571238;UBS-Barclays Commercial Mortgage Trust 2013-C6;;True;False
0001571274;"Continental Cement Company, L.L.C.";;True;False
0001571283;"Rexford Industrial Realty, Inc.";REXR-PC;False;False
0001571329;Logan Ridge Finance Corp.;;False;False
0001571371;"Summit Materials, LLC";;True;False
0001571384;SIGMABROADBAND CO.;;True;False
0001571398;VECTA INC.;;True;False
0001571498;"Epizyme, Inc.";;False;True
0001571504;Fifth Third Auto Trust 2013-A;;True;False
0001571636;NanoFlex Power Corp;;True;False
0001571725;Ford Credit Auto Lease Trust 2013-A;;True;False
0001571759;"iNeedMD Holdings, Inc.";;True;False
0001571776;Cherry Hill Mortgage Investment Corp;CHMI-PA;False;False
0001571804;GREEN VISION BIOTECHNOLOGY CORP.;;True;False
0001571833;"WideOpenWest Finance, LLC";;True;False
0001571919;"SBH ASSOCIATES, INC.";;True;False
0001571934;"Synaptogenix, Inc.";TAOX;False;False
0001571949;"Intercontinental Exchange, Inc.";ICE;False;False
0001571996;Dell Technologies Inc.;DELL;False;True
0001572317;"UNEEQO, INC.";;True;False
0001572334;Virginia National Bankshares Corp;VABK;False;False
0001572384;Phoenix Rising Companies;;True;False
0001572386;GREENWAY TECHNOLOGIES INC;GWTI;True;False
0001572422;"SOUNDSTORM DIGITAL, INC.";;True;False
0001572493;WFRBS Commercial Mortgage Trust 2013-C13;;True;False
0001572552;"Asterias Biotherapeutics, Inc.";;False;True
0001572565;Indoor Harvest Corp;;True;False
0001572684;"UCP, Inc.";;False;True
0001572694;"Goldman Sachs BDC, Inc.";GSBD;False;False
0001572699;MACCO INTERNATIONAL CORP;;True;False
0001572702;"Atlas Growth Partners, L.P.";;True;False
0001572758;"Cole Office & Industrial REIT (CCIT II), Inc.";;True;False
0001572840;"South Beach Spirits, Inc.";;True;False
0001572910;PHILLIPS 66 PARTNERS LP;;False;True
0001572987;SLM Student Loan Trust 2013-2;;True;False
0001573097;"HD Supply Holdings, Inc.";;False;True
0001573133;John Deere Owner Trust 2013;;True;False
0001573166;"Jones Energy, Inc.";;False;True
0001573221;"TheRealReal, Inc.";REAL;False;False
0001573229;Ally Auto Receivables Trust 2013-1;;True;False
0001573279;TE Funding LLC;;True;False
0001573292;AmeriCredit Automobile Receivables Trust 2013-2;;True;False
0001573334;CEI Funding LLC;;True;False
0001573352;OE Funding LLC;;True;False
0001573516;Murphy USA Inc.;MUSA;False;False
0001573590;FIRST XERIS CORP.;;True;False
0001573600;Toyota Auto Receivables 2013-A Owner Trust;;True;False
0001573683;"Fantex, Inc.";;True;False
0001573766;"eBullion, Inc.";;True;False
0001573946;Citigroup Commercial Mortgage Trust 2013-GCJ11;;True;False
0001574085;Braemar Hotels & Resorts Inc.;BHR-PD;False;False
0001574094;"RenovoRx, Inc.";RNXT;False;False
0001574097;"Maiden Lane Jewelry, Ltd.";;True;False
0001574129;Harley-Davidson Motorcycle Trust 2013-1;;True;False
0001574135;"Pivotal Software, Inc.";;False;True
0001574186;"Zero Gravity Solutions, Inc.";;True;False
0001574197;"Five Point Holdings, LLC";FPH;False;False
0001574219;J.P. Morgan Chase Commercial Mortgage Securities Trust 2013-LC11;;True;False
0001574235;"Pulmatrix, Inc.";PULM;False;False
0001574291;CC Holdings GS V LLC;;True;False
0001574300;"Content Checked Holdings, Inc.";;True;False
0001574367;Honda Auto Receivables 2013-2 Owner Trust;;True;False
0001574448;Mercedes-Benz Auto Lease Trust 2013-A;;True;False
0001574460;Straight Path Communications Inc.;;False;True
0001574532;"WCI Communities, Inc.";;False;True
0001574540;Physicians Realty Trust;;False;False
0001574593;Sequoia Mortgage Trust 2013-6;;True;False
0001574596;New Home Co Inc.;;False;True
0001574632;Ladder Capital Finance Holdings LLLP;;True;False
0001574648;Athlon Energy Inc.;;False;True
0001574676;"Galenfeha, Inc.";NGHI;True;False
0001574774;"BIOTELEMETRY, INC.";;False;True
0001574815;"BMC STOCK HOLDINGS, INC.";;False;True
0001574863;"Drone Guarder, Inc.";;True;False
0001574910;"RENAVOTIO, INC.";;True;False
0001574946;"Soellingen Advisory Group, Inc.";;True;False
0001574963;"World Point Terminals, LP";;False;True
0001574969;Microphase Corp;;True;False
0001575048;"ATEL 16, LLC";;True;False
0001575051;Sisecam Resources LP;;False;True
0001575073;Santander Drive Auto Receivables Trust 2013-3;;True;False
0001575098;SLM Student Loan Trust 2013-3;;True;False
0001575142;"BIOADAPTIVES, INC.";BDPT;True;False
0001575189;"Match Group, Inc.";;True;False
0001575190;GS Mortgage Securities Trust 2013-GCJ12;;True;False
0001575259;Power Gala Corp.;;True;False
0001575295;Allied Corp.;;True;False
0001575311;Brookfield DTLA Fund Office Trust Investor Inc.;DTLAP;True;False
0001575319;Ancestry.com LLC;;True;False
0001575345;"BLACK CACTUS GLOBAL, INC.";;True;False
0001575360;"FTD Companies, Inc.";;False;True
0001575420;Bionovate Technologies Corp.;;True;False
0001575428;"Strategic Storage Growth Trust, Inc.";;True;False
0001575434;"Vericity, Inc.";;False;False
0001575515;"Sprouts Farmers Market, Inc.";SFM;False;False
0001575571;LIN Media LLC;;False;True
0001575574;SHENGDATECH LIQUIDATING TRUST;;True;False
0001575599;"AZURE MIDSTREAM PARTNERS, LP";;False;True
0001575659;"Rapid Therapeutic Science Laboratories, Inc.";RTSL;True;False
0001575686;COMM 2013-CCRE8 Mortgage Trust;;True;False
0001575793;Energous Corp;WATT;False;False
0001575810;CyrusOne LP;;True;False
0001575828;EXPRO GROUP HOLDINGS N.V.;XPRO;False;False
0001575858;PureBase Corp;PUBC;True;False
0001575879;Caesars Acquisition Co;;False;True
0001575896;CarMax Auto Owner Trust 2013-2;;True;False
0001575913;"Golden Edge Entertainment, Inc.";;True;False
0001575965;"Gaming & Leisure Properties, Inc.";GLPI;False;False
0001575975;Viabuilt Ventures Inc.;;True;False
0001575988;Silver Eagle Acquisition Corp.;;False;True
0001576018;SiriusPoint Ltd;SSPFF;False;False
0001576044;"QEP Midstream Partners, LP";;False;True
0001576047;WFRBS Commercial Mortgage Trust 2013-C14;;True;False
0001576169;"Benefitfocus, Inc.";;False;True
0001576197;"Strategic Environmental & Energy Resources, Inc.";SENR;True;False
0001576262;Nissan Auto Lease Trust 2013-A;;True;False
0001576263;"Mirati Therapeutics, Inc.";;False;False
0001576280;"Guardant Health, Inc.";GH;False;False
0001576336;"AJS Bancorp, Inc.";;True;False
0001576427;Criteo S.A.;CRTO;False;False
0001576441;SMART ABS Series 2013-2US Trust;;True;False
0001576575;"GAMING ENTERTAINMENT INTERNATIONAL, INC.";;True;False
0001576709;Sequoia Mortgage Trust 2013-7;;True;False
0001576724;Vilacto Bio Inc.;;True;False
0001576778;"UBL Interactive,Inc.";;True;False
0001576804;Ford Credit Auto Owner Trust 2013-B;;True;False
0001576873;AMERICAN BATTERY TECHNOLOGY Co;ABAT;False;False
0001576885;"Acumen Pharmaceuticals, Inc.";ABOS;False;False
0001576914;MiX Telematics Ltd;;False;False
0001576916;CNH Equipment Trust 2013-B;;True;False
0001576940;"Century Communities, Inc.";CCS;False;False
0001576942;"Stitch Fix, Inc.";SFIX;False;False
0001577095;"ClubCorp Holdings, Inc.";;False;True
0001577134;"Terra Income Fund 6, LLC";TFSA;True;False
0001577189;"FLASR, Inc.";;True;False
0001577190;World Omni Auto Receivables Trust 2013-A;;True;False
0001577230;"Retail Opportunity Investments Partnership, LP";;True;False
0001577310;Sequoia Mortgage Trust 2013-8;;True;False
0001577311;Morgan Stanley Bank of America Merrill Lynch Trust 2013-C10;;True;False
0001577368;"QTS Realty Trust, Inc.";;False;True
0001577416;Emerald Isle Explorations Ltd.;;True;False
0001577445;ScoutCam Inc.;ODYS;True;False
0001577459;OHIO PHASE-IN-RECOVERY FUNDING LLC;;True;False
0001577526;"C3.ai, Inc.";AI;False;False
0001577545;JPMBB Commercial Mortgage Securities Trust 2013-C12;;True;False
0001577603;"Delanco Bancorp, Inc.";;True;False
0001577670;Ladder Capital Corp;LADR;False;False
0001577791;Oaktree Strategic Income Corp;;False;True
0001577882;Vortex Blockchain Technologies Inc.;;True;False
0001577898;"Green Parts International, Inc.";;True;False
0001577916;"Premier, Inc.";;False;False
0001577943;Ally Auto Receivables Trust 2013-SN1;;True;False
0001577966;"Corporate Office Properties, L.P.";;True;False
0001578086;NewPage Holdings Inc.;;True;False
0001578131;Hyundai Auto Receivables Trust 2013-B;;True;False
0001578305;"Mineria Y Exploraciones Olympia, Inc.";;True;False
0001578318;"Envision Healthcare Holdings, Inc.";;False;True
0001578327;APEX 9 INC.;;True;False
0001578328;APEX 10 INC.;;True;False
0001578329;APEX 11 INC.;;True;False
0001578348;"Investcorp Credit Management BDC, Inc.";ICMB;False;False
0001578422;GS Mortgage Securities Trust 2013-GC13;;True;False
0001578423;WFRBS Commercial Mortgage Trust 2013-C15;;True;False
0001578443;FirstEnergy Ohio PIRB Special Purpose Trust 2013;;True;False
0001578505;"Home Bancorp Wisconsin, Inc.";;True;False
0001578523;"Image International Group, Inc.";;True;False
0001578533;COMM 2013-CCRE9 Mortgage Trust;;True;False
0001578620;Alcentra Capital Corp;;False;True
0001578685;"Midcoast Energy Partners, L.P.";;False;True
0001578731;HashingSpace Corp;;True;False
0001578732;"Marcus & Millichap, Inc.";MMI;False;False
0001578735;National General Holdings Corp.;;False;True
0001578742;"GPB Automotive Portfolio, LP";;True;False
0001578776;"PRUDENTIAL BANCORP, INC.";;False;True
0001578821;Americredit Automobile Receivables Trust 2013-3;;True;False
0001578845;Allergan plc;;False;True
0001578918;Volkswagen Auto Lease Trust 2013-A;;True;False
0001578932;OCI Partners LP;;False;True
0001579010;"Life On Earth, Inc.";;True;False
0001579068;Nissan Auto Receivables 2013-B Owner Trust;;True;False
0001579157;VINCE HOLDING CORP.;VNCE;False;False
0001579214;"Emerald Holding, Inc.";EEX;False;False
0001579241;Allegion plc;ALLE;False;False
0001579252;"Jason Industries, Inc.";;False;True
0001579298;"Burlington Stores, Inc.";BURL;False;False
0001579306;J.P. Morgan Chase Commercial Mortgage Securities Trust 2013-C13;;True;False
0001579412;FS Investment Corp III;;True;False
0001579428;"Axsome Therapeutics, Inc.";AXSM;False;False
0001579445;Capital Auto Receivables Asset Trust 2013-2;;True;False
0001579471;Colony Starwood Homes;;False;True
0001579534;Corvus Technologies Corp.;;True;False
0001579541;"ORIENTAL MAGIC SOUP, INC.";;True;False
0001579546;Delverton Resorts International Inc.;;True;False
0001579684;"Gannett Co., Inc.";TDAY;False;False
0001579717;Perk International Inc.;;True;False
0001579733;"Vital Farms, Inc.";VITL;False;False
0001579823;"NewAge, Inc.";;False;True
0001579877;OUTFRONT Media Inc.;OUT;False;False
0001579910;Resonant Inc;;False;True
0001580013;Wells Fargo Commercial Mortgage Trust 2013-LC12;;True;False
0001580063;"BIORA THERAPEUTICS, INC.";;False;False
0001580095;Black Rock Petroleum Co;;True;False
0001580149;BIOVIE INC.;BIVIW;False;False
0001580156;Houghton Mifflin Harcourt Co;;False;True
0001580167;AccuShares Trust I;;True;False
0001580185;J.G. Wentworth Co;;False;True
0001580262;"Right On Brands, Inc.";RTON;True;False
0001580264;Mobile Lads Corp;;True;False
0001580297;Ovation Research Inc.;;True;False
0001580345;TriplePoint Venture Growth BDC Corp.;TPVG;False;False
0001580426;DMC Beverage Corp.;;True;False
0001580443;ALPINE 1 Inc.;;True;False
0001580485;"Nodechain, Inc.";;True;False
0001580490;I-ON Digital Corp.;IONI;True;False
0001580560;Flywire Corp;FLYW;False;False
0001580579;Santander Drive Auto Receivables Trust 2013-4;;True;False
0001580608;Santander Consumer USA Holdings Inc.;;False;True
0001580670;"LGI Homes, Inc.";LGIH;False;False
0001580673;"Pacific Oak Strategic Opportunity REIT II, Inc.";;True;False
0001580676;"LF George Holdings, Inc.";;True;False
0001580808;"A10 Networks, Inc.";ATEN;False;False
0001580836;Lvyuan Green Building Material Technology Corp.;;True;False
0001580864;"Vroom, Inc.";VRMWW;False;False
0001580883;"SweeGen, Inc.";;True;False
0001580891;COMM 2013-CCRE10 Mortgage Trust;;True;False
0001580905;"Installed Building Products, Inc.";IBP;False;False
0001580988;"Cole Credit Property Trust V, Inc.";;True;False
0001581068;Brixmor Property Group Inc.;BRX;False;False
0001581076;Honda Auto Receivables 2013-3 Owner Trust;;True;False
0001581091;"RE/MAX Holdings, Inc.";RMAX;False;False
0001581094;ILoadApp;;True;False
0001581164;"Extended Stay America, Inc.";;False;True
0001581220;Xalles Holdings Inc.;;True;False
0001581223;"Mullan Agritech, Inc.";;True;False
0001581280;Twist Bioscience Corp;TWST;False;False
0001581312;"Core Resource Management, Inc.";;True;False
0001581316;COLORADO INCOME HOLDINGS INC;;True;False
0001581374;Scotiabank Covered Bond Guarantor Limited Partnership;;True;False
0001581378;"CHANGING TECHNOLOGIES, INC.";;True;False
0001581405;"PHILLIPS EDISON GROCERY CENTER REIT II, INC.";;True;False
0001581545;Freedom Leaf Inc.;;True;False
0001581552;"Energy 11, L.P.";;True;False
0001581607;ROI Acquisition Corp. II;;False;True
0001581652;Fifth Third Auto Trust 2013-1;;True;False
0001581653;GS Mortgage Securities Trust 2013-GCJ14;;True;False
0001581720;"Loxo Oncology, Inc.";;False;True
0001581760;"Life360, Inc.";LIFX;True;False
0001581776;"Mid-America Apartments, L.P.";;True;False
0001581874;"Terra Secured Income Fund 5, LLC";;True;False
0001581889;Quartet Merger Corp.;;False;False
0001581908;"Western Refining Logistics, LP";;False;True
0001581934;"American Capital Senior Floating, Ltd.";;False;True
0001581990;PLAINS GP HOLDINGS LP;PAGP;False;False
0001582010;Mercedes-Benz Auto Receivables Trust 2013-1;;True;False
0001582037;Morgan Stanley Bank of America Merrill Lynch Trust 2013-C11;;True;False
0001582054;MILLENNIUM HEALTHCARE INC.;;True;False
0001582072;Ford Credit Auto Owner Trust 2013-C;;True;False
0001582081;SLM Student Loan Trust 2013-4;;True;False
0001582086;Blue Capital Reinsurance Holdings Ltd.;;False;True
0001582244;Corning Natural Gas Holding Corp;;True;False
0001582249;Rasna Therapeutics Inc.;;True;False
0001582313;Xenon Pharmaceuticals Inc.;XENE;False;False
0001582341;"MyDx, Inc.";;True;False
0001582463;CarMax Auto Owner Trust 2013-3;;True;False
0001582554;"Matinas BioPharma Holdings, Inc.";MTNB;False;False
0001582568;PBF Logistics LP;;False;True
0001582576;"GOP & CO2, INC.";;True;False
0001582586;"China Soar Information Technology, Inc.";;True;False
0001582589;"TRAVELSAFE, INC.";;True;False
0001582605;JPMBB Commercial Mortgage Securities Trust 2013-C14;;True;False
0001582616;"Norcraft Companies, Inc.";;False;True
0001582718;"TOA Optical Tech, Inc.";;True;False
0001582741;TOA Carbon Fiber Inc.;;True;False
0001582919;Flitways Technology Inc.;;True;False
0001582961;"DigitalOcean Holdings, Inc.";DOCN;False;False
0001582962;CANNA Corp;;True;False
0001582966;"Cheniere Energy Partners LP Holdings, LLC";;False;True
0001582982;"CareCloud, Inc.";CCLDO;False;False
0001583077;"Hospitality Investors Trust, Inc.";;True;False
0001583103;VALERO ENERGY PARTNERS LP;;False;True
0001583107;"Theravance Biopharma, Inc.";TBPH;False;False
0001583138;Pulse Evolution Corp;;True;False
0001583513;"STG Group, Inc.";;True;False
0001583648;"PIERIS PHARMACEUTICALS, INC.";PVLA;False;False
0001583671;"Science to Consumers, Inc.";;True;False
0001583708;"SentinelOne, Inc.";S;False;False
0001583712;AmeriCredit Automobile Receivables Trust 2013-4;;True;False
0001583744;Arc Logistics Partners LP;;False;True
0001583771;"Hepion Pharmaceuticals, Inc.";CTRVP;False;False
0001583773;"Ixir Productions, Inc.";;True;False
0001583965;Capital Auto Receivables Asset Trust 2013-3;;True;False
0001583993;BMO Covered Bond Guarantor Limited Partnership;;True;False
0001583994;Physicians Realty L.P.;;True;False
0001584057;WINHA INTERNATIONAL GROUP LTD;;True;False
0001584137;"Oncolix, Inc.";;True;False
0001584207;"OneMain Holdings, Inc.";OMF;False;False
0001584363;CNH Equipment Trust 2013-C;;True;False
0001584423;"APX Group Holdings, Inc.";;True;False
0001584480;"Startech Labs, Inc.";GTIC;True;False
0001584489;"House of BODS Fitness, Inc.";;True;False
0001584492;COMM 2013-LC13 Mortgage Trust;;True;False
0001584509;Aramark;ARMK;False;False
0001584549;"Village Farms International, Inc.";VFF;False;False
0001584584;"AXIOM HOLDINGS, INC.";;True;False
0001584618;"Atacama Resources International, Inc.";ACRL;True;False
0001584693;Healthcare Integrated Technologies Inc.;SSGC;True;False
0001584701;TOPS HOLDING II CORP;;True;False
0001584747;SLM Student Loan Trust 2013-5;;True;False
0001584751;Talis Biomedical Corp;;False;False
0001584754;"Akoustis Technologies, Inc.";;False;False
0001584770;"Edgewater Bancorp, Inc.";;True;False
0001584831;OXBRIDGE RE HOLDINGS Ltd;OXBRW;False;False
0001584952;EP Energy Corp;;False;True
0001584963;John Deere Owner Trust 2013-B;;True;False
0001585002;"McGraw-Hill Global Education Intermediate Holdings, LLC";;True;False
0001585023;"Coastway Bancorp, Inc.";;False;True
0001585064;Fidelity & Guaranty Life;;False;True
0001585067;WFRBS Commercial Mortgage Trust 2013-C16;;True;False
0001585101;"HINES GLOBAL INCOME TRUST, INC.";;True;False
0001585149;Dengfeng Group Ltd;;True;False
0001585219;"Steadfast Apartment REIT, Inc.";;True;False
0001585364;PERRIGO Co plc;PRGO;False;False
0001585389;"SmartStop Self Storage REIT, Inc.";SSST;True;False
0001585492;Hyundai Auto Receivables Trust 2013-C;;True;False
0001585521;"Zoom Video Communications, Inc.";ZM;False;False
0001585583;"Del Taco Restaurants, Inc.";;False;True
0001585608;"Jaguar Health, Inc.";JAGX;False;False
0001585644;"WINDSTREAM SERVICES, LLC";;True;False
0001585673;Citigroup Commercial Mortgage Trust 2013-GC15;;True;False
0001585689;Hilton Worldwide Holdings Inc.;HLT;False;False
0001585738;"Ethos Media Network, Inc.";;True;False
0001585755;Arias Intel Corp.;;True;False
0001585790;"Advanced Disposal Services, Inc.";;False;True
0001585854;SunEdison Semiconductor Ltd;;False;True
0001585898;World Omni Automobile Lease Securitization Trust 2013-A;;True;False
0001586049;Oxford Immunotec Global PLC;;False;True
0001586099;Toyota Auto Receivables 2013-B Owner Trust;;True;False
0001586105;Zyla Life Sciences;;False;True
0001586227;"New Dimension Holdings, Inc.";;True;False
0001586294;"GE Equipment Midticket LLC, Series 2013-1";;True;False
0001586300;CHC Group Ltd.;;False;True
0001586372;DTHERA SCIENCES;;True;False
0001586452;"LUBOA GROUP, INC.";;True;False
0001586454;Prime Meridian Holding Co;PMHG;True;False
0001586468;"Baristas Coffee Company, Inc.";;True;False
0001586491;"Gold Mountina, Inc.";;True;False
0001586493;Storm Run Acquisition Corp;;True;False
0001586494;"Hoverink Biotechnologies, Inc.";;True;False
0001586495;Leet Technology Inc.;;True;False
0001586497;Quince Run Acquisition Corp;;True;False
0001586510;RS Soda Holdings Inc.;;True;False
0001586511;Fig Run Acquisition Corp;;True;False
0001586513;Natural Resources Corp;;True;False
0001586549;Alife Air Inc.;;True;False
0001586551;Recreational Marijuana Inc.;;True;False
0001586552;Path Run Acquisition Corp;;True;False
0001586554;Target Group Inc.;CBDY;True;False
0001586559;Peach Run Acquisition Corp;;True;False
0001586573;Heyu Leisure Holidays Corp;;True;False
0001586609;"ECO Integrated Technologies, Inc.";;True;False
0001586611;Pebble Run Acquisition Corp;;True;False
0001586654;"American-Swiss Capital, Inc.";;True;False
0001586727;"MIRAMAR LABS, INC.";;True;False
0001586883;COMM 2013-CCRE11 Mortgage Trust;;True;False
0001586988;CSA HOLDINGS INC.;;True;False
0001587063;"IMC Holdings, Inc.";;True;False
0001587221;Zosano Pharma Corp;;False;True
0001587231;"Trinseo Materials Finance, Inc.";;True;False
0001587234;GS Mortgage Securities Trust 2013-GCJ16;;True;False
0001587246;"Cypress Environmental Partners, L.P.";;False;True
0001587285;"SOMO, INC.";;True;False
0001587413;Trinseo Materials Operating S.C. A.;;True;False
0001587476;"Principal Solar, Inc.";;True;False
0001587497;Morgan Stanley Bank of America Merrill Lynch Trust 2013-C12;;True;False
0001587523;Knowles Corp;KN;False;False
0001587650;Appalachian Consumer Rate Relief Funding LLC;;True;False
0001587732;"ONE Gas, Inc.";OGS;False;False
0001587755;"Intrawest Resorts Holdings, Inc.";;False;True
0001587980;WFRBS Commercial Mortgage Trust 2013-C17;;True;False
0001587981;COMM 2013-CCRE12 Mortgage Trust;;True;False
0001587987;"NewtekOne, Inc.";NEWTO;False;False
0001588014;"ADM ENDEAVORS, INC.";ADMQ;True;False
0001588216;"RSP Permian, Inc.";;False;True
0001588238;Rice Energy Inc.;;False;True
0001588242;DENVER PARENT Corp;;True;False
0001588251;JPMBB Commercial Mortgage Securities Trust 2013-C15;;True;False
0001588272;"NexPoint Capital, Inc.";;True;False
0001588489;Grayscale Bitcoin Trust (BTC);GBTC;True;False
0001588501;"GE Equipment Transportation LLC, Series 2013-2";;True;False
0001588656;Nissan Auto Lease Trust 2013-B;;True;False
0001588869;Cambridge Capital Acquisition Corp;;False;True
0001588972;"Societal CDMO, Inc.";;False;False
0001588978;PROCEPT BioRobotics Corp;PRCT;False;False
0001589061;"Gyrodyne, LLC";GYRO;False;True
0001589094;"RIGHTSIDE GROUP, LTD.";;False;True
0001589096;DOMAIN MEDIA CORP;;True;False
0001589149;"Greenwave Technology Solutions, Inc.";GWAV;False;False
0001589150;Regen BioPharma Inc;RGBPP;True;False
0001589220;Santander Drive Auto Receivables Trust 2013-5;;True;False
0001589224;SLM Student Loan Trust 2013-6;;True;False
0001589361;White River Energy Corp.;;True;False
0001589526;Blue Bird Corp;BLBD;False;False
0001589632;World Omni Auto Receivables Trust 2013-B;;True;False
0001589644;Honda Auto Receivables 2013-4 Owner Trust;;True;False
0001589680;Ally Auto Receivables Trust 2013-2;;True;False
0001589699;Ford Credit Auto Lease Trust 2013-B;;True;False
0001589802;WFRBS Commercial Mortgage Trust 2013-UBS1;;True;False
0001589803;WFRBS Commercial Mortgage Trust 2013-C18;;True;False
0001589804;COMM 2013-CCRE13 Mortgage Trust;;True;False
0001589845;Volkswagen Auto Loan Enhanced Trust 2013-2;;True;False
0001589919;"PREMIER PACIFIC CONSTRUCTION, INC.";;True;False
0001590044;Ezagoo Inc.;;True;False
0001590058;Citigroup Commercial Mortgage Trust 2013-GC17;;True;False
0001590181;BMW Vehicle Owner Trust 2013-A;;True;False
0001590211;CarMax Auto Owner Trust 2013-4;;True;False
0001590231;J.P. Morgan Chase Commercial Mortgage Securities Trust 2013-C16;;True;False
0001590364;FTAI Aviation Ltd.;FTAIN;False;False
0001590383;"RENOVARE ENVIRONMENTAL, INC.";;False;True
0001590418;FOCUS UNIVERSAL INC.;FCUV;False;False
0001590496;Aerkomm Inc.;;True;False
0001590560;uniQure N.V.;QURE;False;False
0001590565;"ASIA EQUITY EXCHANGE GROUP, INC.";;True;False
0001590584;Civeo Corp;CVEO;False;False
0001590685;"Ournett Holdings, Inc.";;True;False
0001590695;"TWINLAB CONSOLIDATED HOLDINGS, INC.";;True;False
0001590714;Element Solutions Inc;ESI;False;False
0001590715;American Resources Corp;AREC;False;False
0001590717;"CareTrust REIT, Inc.";CTRE;False;False
0001590743;Diamond Technology Enterprises Inc.;;True;False
0001590750;"Viridian Therapeutics, Inc.\DE";VRDN;False;False
0001590757;Morgan Stanley Bank of America Merrill Lynch Trust 2013-C13;;True;False
0001590799;Riverview Financial Corp;;False;True
0001590877;REGENXBIO Inc.;RGNX;False;False
0001590895;"Caesars Entertainment, Inc.";CZR;False;False
0001590955;"Paycom Software, Inc.";PAYC;False;False
0001590976;"MALIBU BOATS, INC.";MBUU;False;False
0001590997;AmeriCredit Automobile Receivables Trust 2013-5;;True;False
0001591024;CNH Equipment Trust 2013-D;;True;False
0001591096;Presbia PLC;;False;True
0001591157;POCKET GAMES INC.;;True;False
0001591165;"H-CYTE, INC.";;True;False
0001591330;UNITED DEVELOPMENT FUNDING INCOME FUND V;;True;False
0001591387;ATI Nationwide Holding Corp.;;True;False
0001591517;Time Inc.;;False;True
0001591565;"BALLY, CORP.";;True;False
0001591587;"AssetMark Financial Holdings, Inc.";;False;False
0001591588;"A-Mark Precious Metals, Inc.";GOLD;False;False
0001591602;California Republic Auto Receivables Trust 2013-2;;True;False
0001591615;"Poverty Dignified, Inc.";;True;False
0001591670;Farmland Partners Inc.;FPI;False;False
0001591698;Paylocity Holding Corp;PCTY;False;False
0001591763;"Enable Midstream Partners, LP";;False;True
0001591768;"KM WEDDING EVENTS MANAGEMENT, INC.";;True;False
0001591834;"AMERICAN ENERGY CAPITAL PARTNERS - ENERGY RECOVERY PROGRAM, LP";;True;False
0001591877;Sizmek Inc.;;False;True
0001591890;"FG Financial Group, Inc.";FGNXP;False;False
0001591913;"Innovative Payment Solutions, Inc.";IPSI;True;False
0001591956;Sphere 3D Corp.;ANY;False;False
0001592000;"EnLink Midstream, LLC";;False;False
0001592016;"AgroFresh Solutions, Inc.";;False;True
0001592057;Enviva Inc.;;False;False
0001592058;Party City Holdco Inc.;;False;True
0001592107;Stark Naked Bobbers;;True;False
0001592143;Cabela's Master Credit Card Trust;;True;False
0001592145;Cabela's Credit Card Master Note Trust;;True;False
0001592264;Capital Auto Receivables Asset Trust 2013-4;;True;False
0001592288;"Dimension Therapeutics, Inc.";;False;True
0001592290;Mercedes-Benz Auto Lease Trust 2013-B;;True;False
0001592291;Ford Credit Auto Owner Trust 2013-D;;True;False
0001592329;Clifton Bancorp Inc.;;False;True
0001592365;Instride Inc;;True;False
0001592379;"Papa Murphy's Holdings, Inc.";;False;True
0001592386;"Virtu Financial, Inc.";VIRT;False;False
0001592407;Sugar Creek Financial Corp./MD/;;True;False
0001592411;DKG Capital Inc.;;True;False
0001592480;"Continental Building Products, Inc.";;False;True
0001592592;WORLDS MALL INC;;True;False
0001592603;"Gulf West Security Network, Inc.";;True;False
0001592706;"SB/RH Holdings, LLC";;True;False
0001592745;"Nexpoint Multifamily Capital Trust, Inc.";;True;False
0001592781;Nissan Auto Receivables 2013-C Owner Trust;;True;False
0001592782;Nukkleus Inc.;;True;False
0001593001;"NightFood Holdings, Inc.";NGTF;True;False
0001593034;Endo International plc;;False;True
0001593184;"FINDIT, INC.";BRGX;True;False
0001593195;Tribune Publishing Co;;False;True
0001593204;"Huaizhong Health Group, Inc.";;True;False
0001593222;"City Office REIT, Inc.";;False;False
0001593269;JPMBB Commercial Mortgage Securities Trust 2013-C17;;True;False
0001593470;"Tiger Reef, Inc.";;True;False
0001593538;NAVIENT CORP;JSM;False;False
0001593548;"PlayAGS, Inc.";;False;False
0001593549;"Livento Group, Inc.";NUGND;True;False
0001593773;KANGE CORP;;True;False
0001593812;Vaulted Gold Bullion Trust;;True;False
0001593899;"Atea Pharmaceuticals, Inc.";AVIR;False;False
0001593936;"Michaels Companies, Inc.";;False;True
0001594012;"Investors Bancorp, Inc.";;False;True
0001594100;COMM 2014-CCRE14 Mortgage Trust;;True;False
0001594109;GrubHub Inc.;;False;True
0001594114;ZHRH Corp;;True;False
0001594136;GS Mortgage Securities Trust 2014-GC18;;True;False
0001594204;ZHEN DING RESOURCES INC.;RBTK;True;False
0001594219;PRESTON CORP.;;True;False
0001594337;"Corium International, Inc.";;False;True
0001594466;"Parsley Energy, Inc.";;False;True
0001594485;"Royal Bakery Holdings, Inc.";;True;False
0001594555;"HV Bancorp, Inc.";;False;True
0001594590;PARAGON OFFSHORE PLC;;False;True
0001594617;La Quinta Holdings Inc.;;True;False
0001594686;WASHINGTON PRIME GROUP INC.;;False;True
0001594688;SLM Student Loan Trust 2014-1;;True;False
0001594864;"Juno Therapeutics, Inc.";;False;True
0001594879;"Zoe's Kitchen, Inc.";;False;True
0001595097;"Corbus Pharmaceuticals Holdings, Inc.";CRBP;False;False
0001595122;Fifth Third Auto Trust 2014-1;;True;False
0001595140;"TRHF Co LIMITED, INC.";;True;False
0001595239;Santander Drive Auto Receivables Trust 2014-1;;True;False
0001595248;"Genprex, Inc.";GNPX;False;False
0001595262;"IMS Health Holdings, Inc.";;False;True
0001595326;3D Total Solutions Inc.;;True;False
0001595527;American Strategic Investment Co.;NYC;False;False
0001595552;"Peekay Boutiques, Inc.";;True;False
0001595585;"Tricida, Inc.";;False;True
0001595627;"Inland Residential Properties Trust, Inc.";;True;False
0001595710;Morgan Stanley Bank of America Merrill Lynch Trust 2014-C14;;True;False
0001595726;COMM 2014-CCRE15 Mortgage Trust;;True;False
0001595893;"Turning Point Therapeutics, Inc.";;False;True
0001595974;"MAGNITE, INC.";MGNI;False;False
0001596062;Q BioMed Inc.;;True;False
0001596089;ETERIS B.V.;;True;False
0001596448;MAXIMA GROUP INC.;;True;False
0001596532;"Arista Networks, Inc.";ANET;False;False
0001596783;"Catalent, Inc.";;False;False
0001596792;Ford Credit Auto Owner Trust 2014-A;;True;False
0001596946;Quotient Ltd;;False;True
0001596958;WFRBS Commercial Mortgage Trust 2014-LC14;;True;False
0001596961;"RumbleOn, Inc.";RDNW;False;False
0001596967;Moelis & Co;MC;False;False
0001596993;DORIAN LPG LTD.;LPG;False;False
0001597032;Capital Auto Receivables Asset Trust 2014-1;;True;False
0001597033;Sabre Corp;SABR;False;False
0001597131;Glori Energy Inc.;;False;True
0001597264;Blueprint Medicines Corp;;False;False
0001597313;"ViewRay, Inc.";;False;True
0001597339;JPMBB Commercial Mortgage Securities Trust 2014-C18;;True;False
0001597503;NorthStar Asset Management Group Inc.;;False;False
0001597553;"Sage Therapeutics, Inc.";;False;False
0001597672;RAYONIER ADVANCED MATERIALS INC.;RYAM;False;False
0001597811;Hyundai Auto Receivables Trust 2014-A;;True;False
0001597846;Greenpro Capital Corp.;GRNQ;False;False
0001597892;JRSIS HEALTH CARE Corp;JRSS;True;False
0001597929;"SocialPlay USA, Inc.";;True;False
0001598014;IHS Markit Ltd.;;False;True
0001598308;Global Wholehealth Partners Corp;;True;False
0001598323;AGRO CAPITAL MANAGEMENT CORP.;;True;False
0001598397;Volkswagen Auto Lease Trust 2014-A;;True;False
0001598428;TimkenSteel Corp;MTUS;False;False
0001598646;"Minerva Neurosciences, Inc.";NERV;False;False
0001598665;"Heritage Insurance Holdings, Inc.";HRTG;False;False
0001598674;Casper Sleep Inc.;;False;True
0001598683;"Recursos Queliz, Inc.";;True;False
0001598693;CarMax Auto Owner Trust 2014-1;;True;False
0001598893;"Integrity Capital Income Fund, Inc.";;True;False
0001598908;Nissan Auto Receivables 2014-A Owner Trust;;True;False
0001598924;"Image Chain Group Limited, Inc.";;True;False
0001598968;Antero Midstream Partners LP;;False;True
0001598981;SKYX Platforms Corp.;SKYX;False;False
0001599033;SLM Student Loan Trust 2014-2;;True;False
0001599117;"Mentor Capital, Inc.";MNTR;True;False
0001599173;CNH Equipment Trust 2014-A;;True;False
0001599222;Memorial Resource Development Corp.;;False;True
0001599298;Summit Therapeutics Inc.;SMMT;False;True
0001599385;"RX Safes, Inc.";;True;False
0001599407;1847 Holdings LLC;LBRA;False;False
0001599489;Veritiv Corp;;False;True
0001599617;NOW Inc.;DNOW;False;False
0001599714;COMM 2014-UBS2 Mortgage Trust;;True;False
0001599750;FS Energy & Power Fund II;;True;False
0001599891;"Sunshine Bancorp, Inc.";;False;True
0001599901;"Avidity Biosciences, Inc.";RNA;False;False
0001599947;"TerraForm Power, Inc.";;False;True
0001600033;"e.l.f. Beauty, Inc.";ELF;False;False
0001600065;"MW Bancorp, Inc.";;True;False
0001600125;"Meridian Bancorp, Inc.";;False;True
0001600132;"Bellerophon Therapeutics, Inc.";;False;True
0001600249;American Xanthan Corp;;True;False
0001600347;Hapi Metaverse Inc.;;True;False
0001600410;Honda Auto Receivables 2014-1 Owner Trust;;True;False
0001600422;"Superior Drilling Products, Inc.";;False;False
0001600438;GMS Inc.;;False;False
0001600470;Montage Resources Corp;;False;True
0001600508;H. J. Heinz Corp II;;True;False
0001600571;Ally Auto Receivables Trust 2014-SN1;;True;False
0001600620;Aurinia Pharmaceuticals Inc.;AUPH;False;False
0001600626;Peakstone Realty Trust;PKST;False;False
0001600641;"1stdibs.com, Inc.";DIBS;False;False
0001600694;Adamas Ventures Inc.;;True;False
0001600750;MEDRESPONSE CORP.;;True;False
0001600774;TRIUMPH VENTURES CORP;;True;False
0001600784;AMERICAN GENE ENGINEER CORP;;True;False
0001600823;Morgan Stanley Bank of America Merrill Lynch Trust 2014-C15;;True;False
0001600824;Citigroup Commercial Mortgage Trust 2014-GC19;;True;False
0001600831;COMM 2014-LC15 Mortgage Trust;;True;False
0001600847;Gamida Cell Ltd.;;False;False
0001600890;"Melrose Bancorp, Inc.";;False;True
0001600943;USAA Auto Owner Trust 2014-1;;True;False
0001600983;"Knightscope, Inc.";KSCP;False;False
0001601046;"Keysight Technologies, Inc.";KEYS;False;False
0001601280;"MediXall Group, Inc.";;True;False
0001601347;"Pilgrim Bancshares, Inc.";;True;False
0001601385;SMART ABS Series 2014-1US Trust;;True;False
0001601485;Angion Biomedica Corp.;ELTX;False;False
0001601545;"Blue Hills Bancorp, Inc.";;False;True
0001601548;"V2X, Inc.";VVX;False;False
0001601617;WFRBS Commercial Mortgage Trust 2014-C19;;True;False
0001601669;Watford Holdings Ltd.;;False;True
0001601705;COMM 2014-CCRE16 Mortgage Trust;;True;False
0001601712;Synchrony Financial;SYF-PB;False;False
0001601715;Toyota Auto Receivables 2014-A Owner Trust;;True;False
0001601744;GS Mortgage Securities Trust 2014-GC20;;True;False
0001601830;"RECURSION PHARMACEUTICALS, INC.";RXRX;False;False
0001602065;Viper Energy Partners LP;;True;False
0001602078;Nemaura Medical Inc.;;False;False
0001602143;TOUCAN INTERACTIVE CORP;;True;False
0001602190;AmeriCredit Automobile Receivables Trust 2014-1;;True;False
0001602367;Adeptus Health Inc.;;False;True
0001602381;MOMENTOUS ENTERTAINMENT GROUP INC;;True;False
0001602409;"FingerMotion, Inc.";FNGR;True;False
0001602481;California Republic Auto Receivables Trust 2014-1;;True;False
0001602658;Investar Holding Corp;ISTR;False;False
0001602706;KAOPU GROUP INC;;True;False
0001602774;Ford Credit Auto Lease Trust 2014-A;;True;False
0001602813;FRONTERA GROUP INC.;;True;False
0001603145;"NEXTERA ENERGY PARTNERS, LP";XIFR;False;False
0001603207;Vascular Biogenics Ltd.;;False;False
0001603286;"Dominion Energy Midstream Partners, LP";;False;True
0001603291;"EASTERN ENERGY GAS HOLDINGS, LLC";;True;False
0001603345;Agentix Corp.;AGTX;True;False
0001603454;Celcuity Inc.;CELC;False;False
0001603480;TCW Direct Lending LLC;;True;False
0001603494;"PeerLogix, Inc.";;True;False
0001603578;WFRBS Commercial Mortgage Trust 2014-C20;;True;False
0001603669;COMM 2014-CCRE17 Mortgage Trust;;True;False
0001603671;"NorthStar/RXR New York Metro Real Estate, Inc.";;True;False
0001603756;"Axonics, Inc.";;False;False
0001603779;Santander Drive Auto Receivables Trust 2014-2;;True;False
0001603793;"Norris Industries, Inc.";NRIS;True;False
0001603811;John Deere Owner Trust 2014;;True;False
0001603923;Weatherford International plc;WFRD;False;False
0001603969;Garnero Group Acquisition Co;;False;True
0001603978;"AquaBounty Technologies, Inc.";AQB;False;False
0001604028;"ADVANCED DRAINAGE SYSTEMS, INC.";WMS;False;False
0001604042;DCT Industrial Operating Partnership LP;;True;False
0001604054;Mercedes-Benz Auto Lease Trust 2014-A;;True;False
0001604082;PETRICHOR CORP.;;True;False
0001604083;COMM 2014-UBS3 Mortgage Trust;;True;False
0001604119;JPMBB Commercial Mortgage Securities Trust 2014-C19;;True;False
0001604133;Volkswagen Auto Loan Enhanced Trust 2014-1;;True;False
0001604191;"First Wave BioPharma, Inc.";GRDX;False;False
0001604416;"Nexeo Solutions, Inc.";;False;True
0001604446;Harley-Davidson Motorcycle Trust 2014-1;;True;False
0001604464;"Atara Biotherapeutics, Inc.";ATRA;False;False
0001604477;SQZ Biotechnologies Co;;False;True
0001604627;"KushCo Holdings, Inc.";;True;False
0001604643;Evoqua Water Technologies Corp.;;False;True
0001604665;Westlake Chemical Partners LP;WLKP;False;False
0001604738;Ashford Inc.;;False;False
0001604778;"Qorvo, Inc.";QRVO;False;False
0001604814;BMW Vehicle Lease Trust 2014-1;;True;False
0001604821;"Natera, Inc.";NTRA;False;False
0001604862;Hyundai Auto Receivables Trust 2014-B;;True;False
0001604868;GrowGeneration Corp.;GRWG;False;False
0001604906;"VitaCig, Inc.";;True;False
0001604930;"Life Clips, Inc.";;True;False
0001604950;scPharmaceuticals Inc.;;False;False
0001605024;"IDdriven, Inc.";;True;False
0001605057;"Vemanti Group, Inc.";VMNT;True;False
0001605131;World Omni Auto Receivables Trust 2014-A;;True;False
0001605257;Citigroup Commercial Mortgage Trust 2014-GC21;;True;False
0001605301;"CB Financial Services, Inc.";CBFV;False;False
0001605331;AB INTERNATIONAL GROUP CORP.;AERA;True;False
0001605435;Capital Auto Receivables Asset Trust 2014-2;;True;False
0001605481;Nevada Canyon Gold Corp.;NGLD;True;False
0001605607;"Paramount Group, Inc.";;False;False
0001605674;"Stallion Synergies, Inc";;True;False
0001605740;AgriEuro Corp.;;True;False
0001605780;"LOVE INTERNATIONAL GROUP, INC.";;True;False
0001605810;"Porter Holding International, Inc.";;True;False
0001605888;"SeqLL, Inc.";SQLLW;False;False
0001605931;CODE NAVY;;True;False
0001605997;Northern Power Systems Corp.;;True;False
0001606069;"SATYA WORLDWIDE, INC.";;True;False
0001606104;Consumers 2014 Securitization Funding LLC;;True;False
0001606163;"Limbach Holdings, Inc.";LMB;False;False
0001606180;"AAC Holdings, Inc.";;False;True
0001606254;Nogales Resources Corp;;True;False
0001606268;"Via Renewables, Inc.";VIASP;False;False
0001606363;"Green Bancorp, Inc.";;False;True
0001606364;GARMATEX HOLDINGS LTD.;;True;False
0001606366;"El Pollo Loco Holdings, Inc.";LOCO;False;False
0001606440;"Reliant Bancorp, Inc.";;False;True
0001606442;Morgan Stanley Bank of America Merrill Lynch Trust 2014-C16;;True;False
0001606498;"AVANOS MEDICAL, INC.";AVNS;False;False
0001606645;Foamix Pharmaceuticals Ltd.;;True;False
0001606657;BUSINESS DEVELOPMENT Corp OF AMERICA II;;True;False
0001606698;"ALPINE 4 HOLDINGS, INC.";;False;False
0001606699;AMERICATOWNE Inc.;;True;False
0001606700;Hydropot Inc.;;True;False
0001606736;"READABOO, INC.";;True;False
0001606745;"Liberty TripAdvisor Holdings, Inc.";;False;True
0001606757;"Kimball Electronics, Inc.";KE;False;False
0001606808;"Clearwater Ventures, Inc.";;True;False
0001606909;Pangaea Logistics Solutions Ltd.;PANL;True;False
0001606965;"Stockbridge/SBE Investment Company, LLC";;True;False
0001607082;CarMax Auto Owner Trust 2014-2;;True;False
0001607250;Transocean Partners LLC;;False;True
0001607281;ELITE GROUP INC.;;True;False
0001607333;Fifth Third Auto Trust 2014-2;;True;False
0001607401;Navient Student Loan Trust 2014-1;;True;False
0001607450;"ABV CONSULTING, INC.";;True;False
0001607484;J.P. Morgan Chase Commercial Mortgage Securities Trust 2014-C20;;True;False
0001607549;Applied BioSciences Corp.;;True;False
0001607551;ADEPTPROS INC;;True;False
0001607641;Wells Fargo Commercial Mortgage Trust 2014-LC16;;True;False
0001607678;"Viking Therapeutics, Inc.";VKTX;False;False
0001607679;Algae Dynamics Corp.;;True;False
0001607716;"Vivint Solar, Inc.";;False;True
0001607721;"Arazu, Inc";;True;False
0001607741;Yulong Eco-Materials Ltd;;False;True
0001607749;Honda Auto Receivables 2014-2 Owner Trust;;True;False
0001607865;GS Mortgage Securities Trust 2014-GC22;;True;False
0001607939;"Udemy, Inc.";UDMY;False;False
0001607962;ReWalk Robotics Ltd.;LFWD;False;False
0001608041;California Republic Auto Receivables Trust 2014-2;;True;False
0001608092;Kisses From Italy Inc.;KITL;True;False
0001608104;SAND INTERNATIONAL INC;;True;False
0001608249;"Zayo Group Holdings, Inc.";;False;True
0001608269;SINO MERCURY ACQUISITION CORP.;;False;True
0001608298;Terrapin 3 Acquisition Corp;;False;True
0001608429;"Gen Serv, INC.";;True;False
0001608430;"Renewable Energy & Power, Inc.";;True;False
0001608638;"Civitas Solutions, Inc.";;False;True
0001609065;"Pathfinder Bancorp, Inc.";PBHC;False;False
0001609132;"C1 Financial, Inc.";;False;True
0001609139;"INNERSCOPE HEARING TECHNOLOGIES, INC.";INND;True;False
0001609151;"Weave Communications, Inc.";WEAV;False;False
0001609183;CNH Equipment Trust 2014-B;;True;False
0001609220;Santander Drive Auto Receivables Trust 2014-3;;True;False
0001609234;"American Realty Capital Healthcare Trust III, Inc.";;True;False
0001609253;California Resources Corp;CRC;False;True
0001609258;PetroGas Co;PTCO;True;False
0001609319;Modern Round Entertainment Corp;;True;False
0001609336;Griffin-Benefit Street Partners BDC Corp.;;True;False
0001609351;"Spark Therapeutics, Inc.";;False;True
0001609379;Toyota Auto Receivables 2014-B Owner Trust;;True;False
0001609434;Nissan Auto Lease Trust 2014-A;;True;False
0001609471;"Watermark Lodging Trust, Inc.";;True;False
0001609472;GH Capital Inc.;;True;False
0001609550;"Inspire Medical Systems, Inc.";INSP;False;False
0001609671;WFRBS Commercial Mortgage Trust 2014-C21;;True;False
0001609702;"CDK Global, Inc.";;False;True
0001609711;GoDaddy Inc.;GDDY;False;False
0001609714;AmeriCredit Automobile Receivables Trust 2014-2;;True;False
0001609727;"Synthorx, Inc.";;False;True
0001609804;Orion Engineered Carbons S.A.;OEC;False;False
0001609809;"Seres Therapeutics, Inc.";MCRB;False;False
0001609865;"American Realty Capital Global Trust II, Inc.";;True;False
0001609866;"American Realty Capital - Retail Centers of America II, Inc.";;True;False
0001609880;MITU Resources Inc.;;True;False
0001609951;National Commerce Corp;;False;True
0001609988;flooidCX Corp.;;True;False
0001609989;"Blue Buffalo Pet Products, Inc.";;False;True
0001610074;"GLP Financing II, Inc.";;True;False
0001610075;"GLP Capital, L.P.";;True;False
0001610079;"GE Equipment Transportation LLC, Series 2014-1";;True;False
0001610092;"Diplomat Pharmacy, Inc.";;False;True
0001610114;New Senior Investment Group Inc.;;False;True
0001610148;Ally Auto Receivables Trust 2014-1;;True;False
0001610250;"Boot Barn Holdings, Inc.";BOOT;False;False
0001610418;CNX Midstream Partners LP;;False;True
0001610457;Starlight Supply Chain Management Co;;True;False
0001610462;"Blockchain Solutions, Inc.";;True;False
0001610466;"Shell Midstream Partners, L.P.";;False;True
0001610486;COMM 2014-CCRE18 Mortgage Trust;;True;False
0001610532;"Hortonworks, Inc.";;False;True
0001610607;Jiucaitong Group Ltd;;True;False
0001610618;"Cidara Therapeutics, Inc.";;False;False
0001610682;USD Partners LP;USDP;False;True
0001610718;"Outdoor Specialty Products, Inc.";ODRS;True;False
0001610754;"PC Nextco Holdings, LLC";;True;False
0001610758;"PC Nextco Finance, Inc.";;True;False
0001610764;Amchi Gendynamy Science Corp;;True;False
0001610785;T.A.G. Acquisitions Ltd.;;True;False
0001610793;"State National Companies, Inc.";;False;True
0001610794;"Green Field Energy, Inc.";;True;False
0001610795;Summer Valley Acquisition Corp;;True;False
0001610796;JPMBB Commercial Mortgage Securities Trust 2014-C21;;True;False
0001610804;HEYU DEVELOPMENT & MANAGEMENT Corp;;True;False
0001610820;BriaCell Therapeutics Corp.;BCTXZ;False;False
0001610834;Vershire Corp;;True;False
0001610837;Greys Corp;;True;False
0001610853;"HELIUS MEDICAL TECHNOLOGIES, INC.";HSDTW;False;False
0001610911;"Washington Prime Group, L.P.";;True;False
0001610931;Ford Credit Auto Owner Trust 2014-B;;True;False
0001610940;ETF Managers Group Commodity Trust I;BWET;True;False
0001610950;"Syneos Health, Inc.";;False;True
0001610979;"Caesars Entertainment Resort Properties, LLC";;True;False
0001611019;CALEMINDER INC;;True;False
0001611046;International Endeavors Corp;MDLK;True;False
0001611052;"PROCORE TECHNOLOGIES, INC.";PCOR;False;False
0001611110;MEDLEY MANAGEMENT INC.;;False;True
0001611231;"MaxPoint Interactive, Inc.";;False;True
0001611277;"Helix TCS, Inc.";;True;False
0001611282;"PishPosh, Inc.";;True;False
0001611547;Urban Edge Properties;UE;False;False
0001611647;"Freshpet, Inc.";FRPT;False;False
0001611702;BrightSphere Investment Group plc;;True;False
0001611742;NAS Acquisition Inc;;True;False
0001611747;BiondVax Pharmaceuticals Ltd.;SCNI;False;False
0001611852;DT Asia Investments Ltd;;False;True
0001611983;Liberty Broadband Corp;LBRDP;False;False
0001611988;Fifth Street Asset Management Inc.;;False;True
0001612124;Morgan Stanley Bank of America Merrill Lynch Trust 2014-C17;;True;False
0001612126;COMM 2014-UBS4 Mortgage Trust;;True;False
0001612188;TEO FOODS INC;;True;False
0001612226;Mercedes-Benz Auto Receivables Trust 2014-1;;True;False
0001612253;"MARIPOSA HEALTH, INC.";;True;False
0001612254;EliteSoft Global Inc.;;True;False
0001612518;Citigroup Commercial Mortgage Trust 2014-GC23;;True;False
0001612624;"Teletronics International, Inc.";;True;False
0001612630;JOINT Corp;JYNT;False;False
0001612720;NextDecade Corp.;NEXT;False;False
0001612841;COMM 2014-CCRE19 Mortgage Trust;;True;False
0001612851;"Palayan Resources, Inc.";;True;False
0001613011;Code Rebel Corp;;False;True
0001613103;Medtronic plc;MDT;False;False
0001613394;Fortuneswell Corp;;True;False
0001613489;"Lockbox Link, Inc.";;True;False
0001613665;"Great Western Bancorp, Inc.";;False;True
0001613685;TRENDMAKER INC. LTD.;;True;False
0001613762;Navient Student Loan Trust 2014-2;;True;False
0001613763;Navient Student Loan Trust 2014-3;;True;False
0001613764;Navient Student Loan Trust 2014-4;;True;False
0001613765;Navient Student Loan Trust 2014-5;;True;False
0001613766;Navient Student Loan Trust 2014-6;;True;False
0001613767;Navient Student Loan Trust 2014-7;;True;False
0001613780;DBV Technologies S.A.;DBVTF;False;False
0001613809;"Rosewood Resources, Inc.";;True;False
0001613859;"PRA Health Sciences, Inc.";;False;True
0001613895;"Bemax, Inc.";;True;False
0001614033;JPMBB Commercial Mortgage Securities Trust 2014-C22;;True;False
0001614067;"Aridis Pharmaceuticals, Inc.";ARDS;False;True
0001614083;"Stem Sales, Inc.";;True;False
0001614106;"American Renaissance Capital, Inc.";;True;False
0001614173;"SIGULER GUFF SMALL BUSINESS CREDIT OPPORTUNITIES FUND, INC";;True;False
0001614178;"Yext, Inc.";YEXT;False;False
0001614184;Cadence Bancorporation;;False;True
0001614404;Ford Credit Auto Lease Trust 2014-B;;True;False
0001614436;Virgin America Inc.;;False;True
0001614466;Kibush Capital Corp;;True;False
0001614502;"Resource Income Opportunity REIT, Inc.";;True;False
0001614556;Star Alliance International Corp.;;True;False
0001614806;Great Ajax Corp.;RPT-PC;False;False
0001614818;CardConnect Corp.;;False;True
0001614826;"Edge Data Solutions, Inc.";;True;False
0001614924;"Earth Gen-Biofuel, Inc.";;True;False
0001614976;"Cole Office & Industrial REIT (CCIT III), Inc.";;True;False
0001615055;IsoPlexis Corp;;False;True
0001615063;"Inspired Entertainment, Inc.";INSE;False;False
0001615153;"Fenix Parts, Inc.";;False;True
0001615165;"Veritone, Inc.";VERI;False;False
0001615169;JIN WAN HONG INTERNATIONAL HOLDINGS Ltd;;True;False
0001615219;"Salarius Pharmaceuticals, Inc.";DCOY;False;False
0001615222;"Moody National REIT II, Inc.";;True;False
0001615346;Landmark Infrastructure Partners LP;;False;True
0001615396;CarMax Auto Owner Trust 2014-3;;True;False
0001615418;Beneficial Bancorp Inc.;;False;True
0001615445;Honda Auto Receivables 2014-3 Owner Trust;;True;False
0001615780;"Teardroppers, Inc.";;True;False
0001615817;"C&J Energy Services, Inc.";;False;True
0001615892;Axar Acquisition Corp.;;False;True
0001615942;ONELIFE TECHNOLOGIES CORP;;True;False
0001615999;"NEUROPATHIX, INC.";;True;False
0001616000;"Xenia Hotels & Resorts, Inc.";XHR;False;False
0001616093;Wells Fargo Real Estate Investment Corp.;;True;False
0001616101;Symmetry Surgical Inc.;;False;True
0001616156;"WEWARDS, INC.";WEWA;True;False
0001616212;Trillium Therapeutics Inc.;;False;True
0001616262;"Rocky Mountain Chocolate Factory, Inc.";RMCF;False;False
0001616280;California Republic Auto Receivables Trust 2014-3;;True;False
0001616297;"Avenue Financial Holdings, Inc.";;False;True
0001616314;"MedEquities Realty Trust, Inc.";;False;True
0001616318;Vista Outdoor Inc.;;False;False
0001616495;Viatar CTC Solutions Inc.;;True;False
0001616533;"SMART Global Holdings, Inc.";PENG;False;False
0001616543;"Senseonics Holdings, Inc.";SENS;False;False
0001616666;WFRBS Commercial Mortgage Trust 2014-C22;;True;False
0001616707;Wayfair Inc.;W;False;False
0001616736;Alpha Investment Inc.;GGBY;True;False
0001616741;"PATRIOT TRANSPORTATION HOLDING, INC.";;False;True
0001616788;LEGACY VENTURES INTERNATIONAL INC.;;True;False
0001616817;Metaldyne Performance Group Inc.;;False;True
0001616862;Axalta Coating Systems Ltd.;AXTA;False;False
0001616997;Santander Drive Auto Receivables Trust 2014-4;;True;False
0001617166;AmeriCredit Automobile Receivables Trust 2014-3;;True;False
0001617227;"J. Alexander's Holdings, Inc.";;False;True
0001617242;Kearny Financial Corp.;KRNY;False;False
0001617291;MB Bancorp Inc;;True;False
0001617351;"Mu Yan Technology Group Co., Ltd";;True;False
0001617406;Park Hotels & Resorts Inc.;PK;False;False
0001617431;"Po Yuen Cultural Holdings (Hong Kong) Co., Ltd.";;True;False
0001617553;"ZIPRECRUITER, INC.";ZIP;False;False
0001617571;John Deere Owner Trust 2014-B;;True;False
0001617572;StHealth Capital Investment Corp;;True;False
0001617626;Capital Auto Receivables Asset Trust 2014-3;;True;False
0001617640;"ZILLOW GROUP, INC.";Z;False;False
0001617667;Neff Corp;;False;True
0001617669;"Unique Fabricating, Inc.";;False;True
0001617759;"GE Equipment Midticket LLC, Series 2014-1";;True;False
0001617760;Morgan Stanley Bank of America Merrill Lynch Trust 2014-C18;;True;False
0001617765;Salona Global Medical Device Corp;;True;False
0001617798;"PennTex Midstream Partners, LP";;False;True
0001617896;Corporate Capital Trust II;;True;False
0001617898;KLX Inc.;;False;True
0001617957;GS Mortgage Securities Trust 2014-GC24;;True;False
0001617959;COMM 2014-UBS5 Mortgage Trust;;True;False
0001617977;"Habit Restaurants, Inc.";;False;True
0001618150;JPMBB Commercial Mortgage Securities Trust 2014-C23;;True;False
0001618181;World Gold Trust;GLDW;True;False
0001618509;World Omni Automobile Lease Securitization Trust 2014-A;;True;False
0001618561;Nexvet Biopharma plc;;False;True
0001618563;National Storage Affiliates Trust;NSA-PB;False;False
0001618673;Performance Food Group Co;PFGC;False;False
0001618694;GUGGENHEIM CREDIT INCOME FUND 2016 T;;True;False
0001618696;GUGGENHEIM CREDIT INCOME FUND 2019;;True;False
0001618697;GUGGENHEIM CREDIT INCOME FUND;;True;False
0001618713;WFRBS Commercial Mortgage Trust 2014-C23;;True;False
0001618732;"Nutanix, Inc.";NTNX;False;False
0001618755;Restaurant Brands International Limited Partnership;RSTRF;True;False
0001618756;Restaurant Brands International Inc.;QSR;False;True
0001618798;"Ben Franklin Financial, Inc.";;True;False
0001618835;"Evofem Biosciences, Inc.";EVFM;False;True
0001618921;"Walgreens Boots Alliance, Inc.";;False;False
0001618930;MP Ventures Inc;;True;False
0001619055;"COFFEESMITHS COLLECTIVE, INC.";;True;False
0001619087;SteadyMed Ltd.;;False;True
0001619096;Summit Networks Inc.;SNTW;True;False
0001619174;"Moms Online, Inc.";;True;False
0001619227;"Cloudweb, Inc.";CLOW;True;False
0001619239;"Credit Suisse Park View BDC, Inc.";;True;False
0001619250;Valeritas Holdings Inc.;;False;True
0001619312;"Lightstone Value Plus REIT IV, Inc.";LTSV;True;False
0001619346;Fifth Third Auto Trust 2014-3;;True;False
0001619406;Ally Auto Receivables Trust 2014-2;;True;False
0001619511;COMM 2014-LC17 Mortgage Trust;;True;False
0001619551;Origo Acquisition Corp;;False;True
0001619558;"MYECHECK, INC.";;True;False
0001619616;Citigroup Commercial Mortgage Trust 2014-GC25;;True;False
0001619739;Hess Midstream Partners LP;;True;False
0001619856;"Caribou Biosciences, Inc.";CRBU;False;False
0001619870;"National Art Exchange, Inc.";;True;False
0001619914;"CARBON CREDIT INTERNATIONAL, INC.";;True;False
0001619917;"Patriot National, Inc.";;False;True
0001619954;"Inovalon Holdings, Inc.";;False;True
0001620053;Vodka Brands Corp;;True;False
0001620070;DNA Testing Centers Corp;;True;False
0001620179;"Exela Technologies, Inc.";XELA;False;False
0001620280;Uniti Group Inc.;;True;False
0001620305;COMM 2014-CCRE20 Mortgage Trust;;True;False
0001620346;Volkswagen Auto Loan Enhanced Trust 2014-2;;True;False
0001620393;"NexPoint Residential Trust, Inc.";NXRT;False;False
0001620459;"James River Group Holdings, Ltd.";JRVR;False;False
0001620463;"Athira Pharma, Inc.";LONA;False;False
0001620533;Shake Shack Inc.;SHAK;False;False
0001620546;Baxalta Inc;;False;True
0001620602;Warner Chilcott Ltd;;True;False
0001620702;"TERRAFORM GLOBAL, INC.";;False;True
0001620749;Panamera Holdings Corp;PHCI;True;False
0001620908;Sierra Madre Mining;;True;False
0001620928;Rice Midstream Partners LP;;False;True
0001621121;Toyota Auto Receivables 2014-C Owner Trust;;True;False
0001621130;BMW Vehicle Owner Trust 2014-A;;True;False
0001621199;UNION BRIDGE HOLDINGS LTD.;;True;False
0001621221;"ARTELO BIOSCIENCES, INC.";ARTL;False;False
0001621227;Adaptimmune Therapeutics PLC;;False;False
0001621364;Nissan Auto Lease Trust 2014-B;;True;False
0001621368;COMM 2014-UBS6 Mortgage Trust;;True;False
0001621379;JPMBB Commercial Mortgage Securities Trust 2014-C24;;True;False
0001621430;Orbis Corp;;True;False
0001621434;"Black Stone Minerals, L.P.";BSMLP;False;False
0001621443;"Zynerba Pharmaceuticals, Inc.";;False;True
0001621466;WFRBS Commercial Mortgage Trust 2014-C24;;True;False
0001621499;Alternus Energy Inc.;;True;False
0001621563;"Summit Materials, Inc.";;False;False
0001621640;CNH Equipment Trust 2014-C;;True;False
0001621672;"Super League Gaming, Inc.";SLE;False;False
0001621697;NATURAL HEALTH FARM HOLDINGS INC;;True;False
0001621832;"Aqua Metals, Inc.";AQMS;False;False
0001621906;Western Uranium & Vanadium Corp.;WSTRF;True;False
0001621990;Ally Auto Receivables Trust 2014-SN2;;True;False
0001622057;Nascent Biotech Inc.;NBIO;True;False
0001622117;Santander Drive Auto Receivables Trust 2014-5;;True;False
0001622175;BARINGTON/HILCO ACQUISITION CORP.;;False;True
0001622194;"Easterly Government Properties, Inc.";DEA;False;False
0001622229;"Cogent Biosciences, Inc.";COGT;False;False
0001622231;BOATIM INC.;;True;False
0001622244;"One World Products, Inc.";OWPC;True;False
0001622345;"Polar Power, Inc.";POLA;False;False
0001622353;"Jernigan Capital, Inc.";;False;True
0001622408;Fritzy Tech Inc.;;True;False
0001622413;JPMBB Commercial Mortgage Securities Trust 2014-C25;;True;False
0001622463;Nissan Auto Receivables 2014-B Owner Trust;;True;False
0001622491;NIMTECH CORP;;True;False
0001622536;Talen Energy Corp;TLN;True;False
0001622577;Arowana Inc.;;False;True
0001622620;Lynden Energy Corp.;;True;False
0001622676;"TAXUS PHARMACEUTICALS HOLDINGS, INC.";;True;False
0001622764;World Omni Auto Receivables Trust 2014-B;;True;False
0001622765;GS Mortgage Securities Trust 2014-GC26;;True;False
0001622767;SIRRUS CORP.;;True;False
0001622822;"Propel Media, Inc.";;True;False
0001622867;Ho Wah Genting Group Ltd;;True;False
0001622879;"Medicine Man Technologies, Inc.";;True;False
0001622893;"Journal Media Group, Inc.";;False;True
0001622996;"ACRO BIOMEDICAL CO., LTD.";ACBM;True;False
0001623013;Fuda Group (USA) Corp;;True;False
0001623016;"CannaMED Enterprises, Inc.";;True;False
0001623019;USA Capital Management Inc.;;True;False
0001623020;Deer Valley Acquisition Corp;;True;False
0001623021;Elm Valley Acquisition Corp;;True;False
0001623022;Fox Valley Acquisition Corp;;True;False
0001623024;SkyWolf Wind Turbine Corp;;True;False
0001623028;"Montbriar, Inc.";;True;False
0001623077;BMP Holdings Inc.;;True;False
0001623360;Mirage Energy Corp;;True;False
0001623518;Navient Student Loan Trust 2014-8;;True;False
0001623526;"Stoke Therapeutics, Inc.";STOK;False;False
0001623554;"XFIT BRANDS, INC.";;True;False
0001623590;HWGC Holdings Ltd;;True;False
0001623595;"Atlas Energy Group, LLC";;False;True
0001623613;Mylan N.V.;;True;False
0001623715;"Imago BioSciences, Inc.";;False;True
0001623837;CarMax Auto Owner Trust 2014-4;;True;False
0001623838;WFRBS Commercial Mortgage Trust 2014-C25;;True;False
0001623916;Morgan Stanley Bank of America Merrill Lynch Trust 2014-C19;;True;False
0001623919;"EndoChoice Holdings, Inc.";;False;True
0001623925;Antero Midstream Corp;AM;False;False
0001624025;HEAVENSTONE CORP;;True;False
0001624140;"Coretag Holdings, Inc.";;True;False
0001624203;Aquarius Cannabis Inc. /NV/;;True;False
0001624322;"Business First Bancshares, Inc.";BFST;False;False
0001624326;PAVmed Inc.;PAVM;False;False
0001624512;Boxlight Corp;BOXL;False;False
0001624517;Yuenglings Ice Cream Corp;FRQN;True;False
0001624644;Rice Energy Operating LLC;;True;False
0001624658;"Allena Pharmaceuticals, Inc.";;False;True
0001624794;"CSW INDUSTRIALS, INC.";CSW;False;False
0001624826;MPM Holdings Inc.;;True;False
0001624831;AmeriCredit Automobile Receivables Trust 2014-4;;True;False
0001624873;Honda Auto Receivables 2014-4 Owner Trust;;True;False
0001624899;STERIS plc;;True;False
0001624982;"Atlas Technology International, Inc.";;True;False
0001624985;Tribal Rides International Corp.;XNDA;True;False
0001625042;E-Compass Acquisition Corp.;;True;False
0001625095;Global Smart Capital Corp.;;True;False
0001625101;"Pulse Biosciences, Inc.";PLSE;False;False
0001625123;JPMBB Commercial Mortgage Securities Trust 2014-C26;;True;False
0001625278;"NERDWALLET, INC.";NRDS;False;False
0001625285;Arma Services Inc;;True;False
0001625288;"NEXIEN BIOPHARMA, INC.";;True;False
0001625376;PACMAN MEDIA INC.;;True;False
0001625425;Ford Credit Auto Owner Trust 2014-C;;True;False
0001625426;COMM 2014-CCRE21 Mortgage Trust;;True;False
0001625584;Till Capital Ltd.;;True;False
0001625641;"CS Disco, Inc.";LAW;False;False
0001625941;ARES INDUSTRIAL REAL ESTATE INCOME TRUST Inc.;;True;False
0001626078;SavDen Group Corp.;;True;False
0001626115;PJT Partners Inc.;PJT;False;False
0001626199;"ALPINE IMMUNE SCIENCES, INC.";;False;False
0001626450;"BigCommerce Holdings, Inc.";CMRC;False;False
0001626556;"AMERICAN EDUCATION CENTER, INC.";;True;False
0001626644;"Odyssey Health, Inc.";ODYY;True;False
0001626696;STAR WEALTH GROUP INC.;;True;False
0001626745;"Fortune Valley Treasures, Inc.";FVTI;True;False
0001626853;Majesco;;False;True
0001626878;XBiotech Inc.;XBIT;False;False
0001626899;"Parkview Capital Credit, Inc.";;True;False
0001626937;California Republic Auto Receivables Trust 2014-4;;True;False
0001626941;Wells Fargo Commercial Mortgage Trust 2014-LC18;;True;False
0001626971;"Corvus Pharmaceuticals, Inc.";CRVS;False;False
0001627014;"Black Knight, Inc.";;False;True
0001627041;VISIBER57 CORP.;;True;False
0001627213;Ally Auto Receivables Trust 2014-3;;True;False
0001627223;Chemours Co;CC;False;False
0001627452;ME Renewable Power Corp;;True;False
0001627469;"Photozou Holdings, Inc.";;True;False
0001627475;"UPWORK, INC";UPWK;False;False
0001627487;"Fogo de Chao, Inc.";;False;True
0001627515;GOLUB CAPITAL INVESTMENT Corp;;True;False
0001627554;"Pedro's List, Inc.";;True;False
0001627606;DAVIDsTEA Inc.;;False;True
0001627611;12 Retech Corp;;True;False
0001627631;"Global Gard, Inc.";;True;False
0001627811;Mr. Amazing Loans Corp;;True;False
0001627857;"Sailpoint Technologies Holdings, Inc.";;False;True
0001628063;Seritage Growth Properties;SRG-PA;False;False
0001628104;"XSport Global, Inc.";;True;False
0001628112;COMM 2015-LC19 Mortgage Trust;;True;False
0001628171;"Revolution Medicines, Inc.";RVMDW;False;False
0001628175;Pinkbrick Holdings Inc.;;True;False
0001628228;"OPTILEAF, INC.";;True;False
0001628369;Cushman & Wakefield plc;CWK;False;False
0001628468;HUI YING FINANCIAL HOLDINGS Corp;;True;False
0001628738;"Audentes Therapeutics, Inc.";;False;True
0001628871;"Tempus Applied Solutions Holdings, Inc.";;True;False
0001628908;"Evolent Health, Inc.";EVH;False;False
0001628945;Cue Health Inc.;;False;False
0001629019;Merchants Bancorp;MBINL;False;False
0001629037;Honda Auto Receivables 2015-1 Owner Trust;;True;False
0001629069;Morgan Stanley Bank of America Merrill Lynch Trust 2015-C20;;True;False
0001629137;"Global Blood Therapeutics, Inc.";;False;True
0001629205;Innovation1 Biotech Inc.;;True;False
0001629210;Paramount Gold Nevada Corp.;PZG;False;True
0001629261;Long Blockchain Corp.;;False;True
0001629433;BMW Vehicle Lease Trust 2015-1;;True;False
0001629606;"Driven Deliveries, Inc.";;True;False
0001629665;"MULIANG VIAGOO TECHNOLOGY, INC.";;True;False
0001629702;"China Crawfish, Ltd.";;True;False
0001629716;Citigroup Commercial Mortgage Trust 2015-GC27;;True;False
0001629789;Mercedes-Benz Auto Lease Trust 2015-A;;True;False
0001629958;Harley-Davidson Motorcycle Trust 2015-1;;True;False
0001629978;Hyundai Auto Receivables Trust 2015-A;;True;False
0001629995;"Columbia Pipeline Group, Inc.";;False;True
0001630031;Brixmor Operating Partnership LP;;True;False
0001630113;BIOTRICITY INC.;BTCY;False;False
0001630132;"Bojangles', Inc.";;False;True
0001630176;HEALTHY EXTRACTS INC.;HYEX;True;False
0001630212;Avalon GloboCare Corp.;ALBT;False;False
0001630372;AmeriCredit Automobile Receivables Trust 2015-1;;True;False
0001630391;VW WIN CENTURY INC.;;True;False
0001630430;GAIN CITIES LTD;;True;False
0001630472;"TPG RE Finance Trust, Inc.";TRTX-PC;False;False
0001630477;GS Mortgage Securities Trust 2015-GC28;;True;False
0001630513;Wells Fargo Commercial Mortgage Trust 2015-C26;;True;False
0001630627;"TREACE MEDICAL CONCEPTS, INC.";TMCI;False;False
0001630690;JPMBB Commercial Mortgage Securities Trust 2015-C27;;True;False
0001630805;"Babcock & Wilcox Enterprises, Inc.";BW-PA;False;False
0001630856;Professional Holding Corp.;;False;True
0001630924;Capital Auto Receivables Asset Trust 2015-1;;True;False
0001630940;Atlantic Alliance Partnership Corp.;;False;True
0001631001;"LUMIOX, INC.";;True;False
0001631055;GMF Leasing LLC;;True;False
0001631256;"KBS Growth & Income REIT, Inc.";;True;False
0001631282;DATASEA INC.;DTSS;False;False
0001631406;Morgan Stanley Bank of America Merrill Lynch Trust 2015-C21;;True;False
0001631463;Barrel Energy Inc.;;True;False
0001631547;"ROID GROUP, INC.";;True;False
0001631569;Community Healthcare Trust Inc;CHCT;False;False
0001631574;Wave Life Sciences Ltd.;WVE;False;False
0001631596;KKR Real Estate Finance Trust Inc.;KREF-PA;False;False
0001631650;"Aimmune Therapeutics, Inc.";;False;True
0001631825;"Presidio, Inc.";;False;True
0001631989;Volkswagen Auto Lease Trust 2015-A;;True;False
0001632028;CNH Equipment Trust 2015-A;;True;False
0001632053;"Apotheca Biosciences, Inc.";;True;False
0001632081;"HOMETOWN INTERNATIONAL, INC.";;True;False
0001632092;Santander Drive Auto Receivables Trust 2015-1;;True;False
0001632121;"Balance Labs, Inc.";BLNC;True;False
0001632127;"Cable One, Inc.";CABO;False;False
0001632275;CAT9 Group Inc.;;True;False
0001632312;Star Vending Services Corp.;;True;False
0001632323;Bang Holdings Corp.;;True;False
0001632559;New Fuel Systems Inc.;;True;False
0001632790;"ENERGIZER HOLDINGS, INC.";ENR;False;False
0001632814;COMM 2015-DC1 Mortgage Trust;;True;False
0001632933;"EQT GP Holdings, LP";;False;True
0001632970;"American Healthcare REIT, Inc.";AHR;True;False
0001633023;Navient Student Loan Trust 2015-1;;True;False
0001633070;Axcella Health Inc.;;False;True
0001633142;"Press Ganey Holdings, Inc.";;False;True
0001633241;CarMax Auto Owner Trust 2015-1;;True;False
0001633336;"Crescent Capital BDC, Inc.";FCRX;False;False
0001633532;Nissan Auto Receivables 2015-A Owner Trust;;True;False
0001633533;Wells Fargo Commercial Mortgage Trust 2015-C27;;True;False
0001633651;"Tallgrass Energy, LP";;False;True
0001633858;Audax Credit BDC Inc.;;True;False
0001633917;"PayPal Holdings, Inc.";PYPL;False;False
0001633931;TopBuild Corp;BLD;False;False
0001633932;ESSA Pharma Inc.;;False;False
0001633933;California Republic Auto Receivables Trust 2015-1;;True;False
0001633978;Lumentum Holdings Inc.;LITE;False;False
0001634038;"ProSight Global, Inc.";;False;True
0001634117;"Barnes & Noble Education, Inc.";BNED;False;False
0001634121;Toyota Auto Receivables 2015-A Owner Trust;;True;False
0001634172;CSAIL 2015-C1 Commercial Mortgage Trust;;True;False
0001634291;"iHealthcare, Inc.";;True;False
0001634293;"Exceed World, Inc.";EXDW;True;False
0001634303;World Omni Auto Receivables Trust 2015-A;;True;False
0001634379;"Metacrine, Inc.";;False;True
0001634408;NextGlass Technologies Corp.;;True;False
0001634413;EverythingAmped Corp;;True;False
0001634421;OGL Holdings Ltd.;;True;False
0001634423;"Randolph Acquisitions, Inc.";;True;False
0001634424;PowerComm Holdings Inc.;;True;False
0001634432;Strongbridge Biopharma plc;;False;True
0001634447;"ISUN, INC.";;False;False
0001634452;AB Private Credit Investors Corp;;True;False
0001634912;INTELLIGENT CLOUD RESOURCES INC.;;True;False
0001634942;Broke Out Inc.;;True;False
0001634976;COMM 2015-CCRE22 Mortgage Trust;;True;False
0001634997;"Avangrid, Inc.";;False;False
0001635077;"Aclarion, Inc.";ACONW;False;False
0001635088;Roivant Sciences Ltd.;ROIV;False;False
0001635136;DUO WORLD INC;;True;False
0001635139;John Deere Owner Trust 2015;;True;False
0001635261;MSB FINANCIAL CORP;;False;True
0001635282;"Rimini Street, Inc.";RMNI;False;False
0001635298;SMART ABS Series 2015-1US Trust;;True;False
0001635484;Cincinnati Bancorp;;True;False
0001635538;IHO-AGRO INTERNATIONAL INC.;;True;False
0001635569;Wells Fargo Commercial Mortgage Trust 2015-LC20;;True;False
0001635581;8point3 Energy Partners LP;;False;True
0001635626;Equitable Financial Corp.;;False;True
0001635650;Green Plains Partners LP;;False;False
0001635718;"Gannett Co., Inc.";;False;True
0001635748;"Zoompass Holdings, Inc.";;True;False
0001635840;"Provident Bancorp, Inc.";;True;False
0001635863;"Caesars Growth Properties Holdings, LLC";;True;False
0001635881;Exterran Corp;;False;True
0001635965;4M Carbon Fiber Corp.;;True;False
0001635984;"National Western Life Group, Inc.";;False;False
0001636023;WestRock Co;;True;False
0001636050;Sio Gene Therapies Inc.;;False;True
0001636051;FUSE GROUP HOLDING INC.;FUST;True;False
0001636222;Wingstop Inc.;WING;False;False
0001636282;"Aeglea BioTherapeutics, Inc.";SYRE;False;False
0001636286;Altabancorp;;False;True
0001636300;"Ziwira, Inc.";;True;False
0001636315;"Kite Realty Group, L.P.";;True;False
0001636422;"Health Catalyst, Inc.";HCAT;False;False
0001636459;Navient Student Loan Trust 2015-2;;True;False
0001636498;Ford Credit Auto Owner Trust 2015-A;;True;False
0001636509;"Vitalibis, Inc.";;True;False
0001636513;Morgan Stanley Bank of America Merrill Lynch Trust 2015-C22;;True;False
0001636519;Madison Square Garden Sports Corp.;MSGS;False;False
0001636651;Ovid Therapeutics Inc.;OVID;False;False
0001636708;Citigroup Commercial Mortgage Trust 2015-GC29;;True;False
0001636736;GM Financial Automobile Leasing Trust 2015-1;;True;False
0001636760;HUALE ACOUSTICS Corp;;True;False
0001637008;JPMBB Commercial Mortgage Securities Trust 2015-C28;;True;False
0001637197;"Wari, Inc.";;True;False
0001637207;"Planet Fitness, Inc.";PLNT;False;False
0001637242;STRONG SOLUTIONS INC.;;True;False
0001637287;Ally Auto Receivables Trust 2015-SN1;;True;False
0001637417;FS Investment Corp IV;;True;False
0001637459;Kraft Heinz Co;KHC;False;True
0001637558;CONSOL Coal Resources LP;;False;True
0001637655;Horizon Global Corp;;False;True
0001637715;"Reneo Pharmaceuticals, Inc.";OKUR;False;False
0001637736;ELECTRAMECCANICA VEHICLES CORP.;;False;False
0001637757;Clearway Energy LLC;;True;False
0001637761;SeaSpine Holdings Corp;;False;True
0001637866;"Deep Green Waste & Recycling, Inc.";;True;False
0001637873;ACV Auctions Inc.;ACVA;False;False
0001637880;"Tri-State Generation & Transmission Association, Inc.";;True;False
0001637913;Milacron Holdings Corp.;;False;True
0001637969;"Entergy New Orleans Storm Recovery Funding I, L.L.C.";;True;False
0001638058;"ETP Retail Holdings, LLC";;True;False
0001638097;Entera Bio Ltd.;ENTX;False;False
0001638227;Wells Fargo Commercial Mortgage Trust 2015-NXS1;;True;False
0001638287;"NeuroBo Pharmaceuticals, Inc.";MTVA;False;False
0001638290;"MasterCraft Boat Holdings, Inc.";MCFT;False;False
0001638381;Intec Pharma Ltd.;;False;False
0001638448;AmeriCredit Automobile Receivables Trust 2015-2;;True;False
0001638449;Hyundai Auto Receivables Trust 2015-B;;True;False
0001638606;Santander Drive Auto Receivables Trust 2015-2;;True;False
0001638833;"Surgery Partners, Inc.";SGRY;False;False
0001638911;UAS Drone Corp.;DUKR;True;False
0001638933;Wells Fargo Commercial Mortgage Trust 2015-C28;;True;False
0001639068;Hubilu Venture Corp;HBUV;True;False
0001639225;"Livongo Health, Inc.";;False;True
0001639234;China VTV Ltd;;True;False
0001639300;"Ollie's Bargain Outlet Holdings, Inc.";OLLI;False;False
0001639315;OHI Healthcare Properties Limited Partnership;;True;False
0001639327;"Gushen, Inc";;True;False
0001639353;CSAIL 2015-C2 Commercial Mortgage Trust;;True;False
0001639669;Electrum Special Acquisition Corp;;False;True
0001639691;LivaNova PLC;LIVN;False;True
0001639694;GS Mortgage Securities Trust 2015-GC30;;True;False
0001639825;"PELOTON INTERACTIVE, INC.";PTON;False;False
0001639836;"Original Source Music, Inc.";;True;False
0001639874;"Tech Central, Inc.";;True;False
0001639947;"Care Capital Properties, Inc.";;False;True
0001640052;COMM 2015-CCRE23 Mortgage Trust;;True;False
0001640147;Snowflake Inc.;SNOW;False;False
0001640201;Ford Credit Auto Lease Trust 2015-A;;True;False
0001640265;"GPB Holdings II, LP";;True;False
0001640266;"Voyager Therapeutics, Inc.";VYGR;False;False
0001640313;"Amplify Snack Brands, INC";;False;True
0001640384;"LM FUNDING AMERICA, INC.";LMFA;False;False
0001640428;"EverQuote, Inc.";EVER;False;False
0001640455;"Jounce Therapeutics, Inc.";;False;True
0001640513;Harley-Davidson Motorcycle Trust 2015-2;;True;False
0001640584;JPMBB Commercial Mortgage Securities Trust 2015-C29;;True;False
0001640770;CNH Equipment Trust 2015-B;;True;False
0001640775;Morgan Stanley Capital I Trust 2015-MS1;;True;False
0001640878;CarMax Auto Owner Trust 2015-2;;True;False
0001640982;"ATEL 17, LLC";;True;False
0001640997;"Eternal Speech, Inc.";;True;False
0001641129;"LookSmart Group, Inc.";;False;True
0001641197;Easterly Acquisition Corp.;;False;True
0001641204;Honda Auto Receivables 2015-2 Owner Trust;;True;False
0001641281;"Bolt Biotherapeutics, Inc.";BOLT;False;False
0001641398;GD Culture Group Ltd;GDC;False;False
0001641489;vTv Therapeutics Inc.;VTVT;False;False
0001641601;River Financial Corp;RVRF;True;False
0001641614;CPI Card Group Inc.;PMTS;False;False
0001641623;Navient Student Loan Trust 2015-3;;True;False
0001641631;"Beyond Air, Inc.";XAIR;False;False
0001641640;Nabriva Therapeutics plc;;False;True
0001641751;BrewBilt Manufacturing Inc.;;True;False
0001641832;Capital Auto Receivables Asset Trust 2015-2;;True;False
0001641991;"SPX FLOW, Inc.";;False;True
0001642081;"Allegiance Bancshares, Inc.";;True;False
0001642122;"Associated Capital Group, Inc.";ACGP;False;False
0001642159;"Sigyn Therapeutics, Inc.";SIGY;True;False
0001642223;"QMC Systems, Inc.";;True;False
0001642363;SEGUIN NATURAL HAIR PRODUCTS INC.;;True;False
0001642365;Alpine Auto Brokers Inc.;ALTB;True;False
0001642375;"Guardion Health Sciences, Inc.";;False;False
0001642380;Oncocyte Corp;IMDX;False;False
0001642435;Ford Credit Auto Owner Trust 2015-B;;True;False
0001642453;"Daseke, Inc.";;False;False
0001642545;"Shockwave Medical, Inc.";;False;False
0001642673;Toyota Auto Receivables 2015-B Owner Trust;;True;False
0001642727;Morgan Stanley Bank of America Merrill Lynch Trust 2015-C23;;True;False
0001642862;"Venture Lending & Leasing VIII, Inc.";;True;False
0001642896;Samsara Inc.;IOT;False;False
0001642985;Mobile Infrastructure Corp;;True;False
0001643102;California Republic Auto Receivables Trust 2015-2;;True;False
0001643154;"iANTHUS CAPITAL HOLDINGS, INC.";ITHUF;True;False
0001643194;"DD's Deluxe Rod Holder, Inc.";;True;False
0001643202;SANTANDER DRIVE AUTO RECEIVABLES TRUST 2015-3;;True;False
0001643269;"Sumo Logic, Inc.";;False;True
0001643293;COMM 2015-LC21 Mortgage Trust;;True;False
0001643301;"Avenir Wellness Solutions, Inc.";;True;False
0001643319;Sleepaid Holding Co.;;True;False
0001643508;Huntington Auto Trust 2015-1;;True;False
0001643542;Exsular Financial Group Inc.;;True;False
0001643550;Wells Fargo Commercial Mortgage Trust 2015-C29;;True;False
0001643615;"Montrose Environmental Group, Inc.";MEG;False;False
0001643660;Nissan Auto Lease Trust 2015-A;;True;False
0001643661;Citigroup Commercial Mortgage Trust 2015-GC31;;True;False
0001643721;"LEAFBUYER TECHNOLOGIES, INC.";LBUY;True;False
0001643848;Patheon N.V.;;False;True
0001643873;Wells Fargo Commercial Mortgage Trust 2015-NXS2;;True;False
0001643930;Dynamic Enviro Inc.;;True;False
0001643953;"Purple Innovation, Inc.";PRPL;False;False
0001643988;"Loop Media, Inc.";;False;False
0001644149;Spelt Group Corp.;;True;False
0001644285;GM Financial Automobile Leasing Trust 2015-2;;True;False
0001644378;RMR GROUP INC.;RMR;False;False
0001644406;"Hostess Brands, Inc.";;False;True
0001644440;GCP Applied Technologies Inc.;;False;True
0001644482;"New Bancorp, Inc.";;True;False
0001644488;SHARING SERVICES GLOBAL Corp;;True;False
0001644509;Pace Holdings Corp.;;False;True
0001644675;Mimecast Ltd;;False;True
0001644697;GS Mortgage Securities Trust 2015-GC32;;True;False
0001644742;"Universal Holdings & Consulting, Inc.";;True;False
0001644761;Kayak Ridge Acquisition Corp;;True;False
0001644804;Atlantis Gaming Corp;;True;False
0001644808;"Khang Gia Holding, Inc.";;True;False
0001644819;UNITED ENERGIES DEVELOPMENT Corp;;True;False
0001644823;Riding Ridge Acquisition Corp;;True;False
0001644825;"Digital Donations Technologies, Inc.";;True;False
0001644867;MQ MEDICAL TECHNOLOGIES Corp;;True;False
0001644869;"Sella Care, Inc.";;True;False
0001644889;ARMADA ENTERPRISES LP;;True;False
0001644903;"cbdMD, Inc.";YCBD;False;False
0001644943;JPMBB Commercial Mortgage Securities Trust 2015-C30;;True;False
0001644963;"AVENUE THERAPEUTICS, INC.";ATXI;False;False
0001645026;PBF Energy Co LLC;;True;False
0001645070;Sterling Check Corp.;;False;False
0001645113;NovoCure Ltd;NVCR;False;False
0001645155;Webstar Technology Group Inc.;WBSR;True;False
0001645260;TODOS MEDICAL LTD.;;True;False
0001645384;COMM 2015-PC1 Mortgage Trust;;True;False
0001645460;"Cue Biopharma, Inc.";CUE;False;False
0001645469;Monopar Therapeutics;MNPR;False;False
0001645494;ARRIS International plc;;False;True
0001645569;"DICE Therapeutics, Inc.";;False;True
0001645590;Hewlett Packard Enterprise Co;HPE-PC;False;False
0001645666;"Kezar Life Sciences, Inc.";KZR;False;False
0001645731;Discover Funding LLC;;True;False
0001645842;Zymergen Inc.;;False;True
0001645873;MODIV INC.;MDV-PA;False;False
0001645926;Multi Packaging Solutions International Ltd;;False;True
0001646188;Ondas Holdings Inc.;ONDS;False;False
0001646228;At Home Group Inc.;;False;True
0001646383;CSRA Inc.;;False;True
0001646576;Rito Group Corp.;;True;False
0001646587;NorthStar Realty Europe Corp.;;False;True
0001646736;COMM 2015-CCRE24 Mortgage Trust;;True;False
0001646798;Mercedes-Benz Auto Receivables Trust 2015-1;;True;False
0001646829;USAA Auto Owner Trust 2015-1;;True;False
0001646916;INFINITY DISTRIBUTION INC.;;True;False
0001646924;Morgan Stanley Bank of America Merrill Lynch Trust 2015-C24;;True;False
0001646972;"Albertsons Companies, Inc.";ACI;False;False
0001647088;WillScot Mobile Mini Holdings Corp.;WSC;False;False
0001647170;"Tapinator, Inc.";;True;False
0001647254;Nissan Auto Receivables 2015-B Owner Trust;;True;False
0001647339;Accenture Holdings plc;;True;False
0001647353;Ally Auto Receivables Trust 2015-1;;True;False
0001647509;"Forest City Realty Trust, Inc.";;False;True
0001647513;Noble Midstream Partners LP;;False;True
0001647587;Wells Fargo Commercial Mortgage Trust 2015-C30;;True;False
0001647639;"Upstart Holdings, Inc.";UPST;False;False
0001647705;"Global Boatworks Holdings, Inc.";;True;False
0001647771;"BIRDBILL, INC.";;True;False
0001647822;SavMobi Technology Inc.;SVMB;True;False
0001647854;World Omni Automobile Lease Securitization Trust 2015-A;;True;False
0001647980;CSAIL 2015-C3 Commercial Mortgage Trust;;True;False
0001648087;AMERICAN REBEL HOLDINGS INC;AREBW;False;False
0001648195;COMM 2015-CCRE25 Mortgage Trust;;True;False
0001648365;"TINGO, INC.";;True;False
0001648383;"CNL Healthcare Properties II, Inc.";;True;False
0001648428;"Sequential Brands Group, Inc.";;False;True
0001648439;Citigroup Commercial Mortgage Trust 2015-P1;;True;False
0001648636;Trillion Energy International Inc.;TRLEF;True;False
0001648858;Wells Fargo Commercial Mortgage Trust 2015-SG1;;True;False
0001648893;Nuvectra Corp;;False;True
0001648903;"First Foods Group, Inc.";;True;False
0001648945;CarMax Auto Owner Trust 2015-3;;True;False
0001648955;Capitol Acquisition Corp. III;;True;False
0001648960;"DatChat, Inc.";MYSEW;False;False
0001649011;Santander Drive Auto Receivables Trust 2015-4;;True;False
0001649094;"Vaxcyte, Inc.";PCVX;False;False
0001649096;Clipper Realty Inc.;CLPR;False;False
0001649173;BOULEVARD ACQUISITION CORP. II;;True;False
0001649184;JPMBB Commercial Mortgage Securities Trust 2015-C31;;True;False
0001649338;Broadcom Ltd;;True;False
0001649345;Broadcom Cayman L.P.;;True;False
0001649450;Honda Auto Receivables 2015-3 Owner Trust;;True;False
0001649616;Capital Auto Receivables Asset Trust 2015-3;;True;False
0001649675;Toyota Auto Receivables 2015-C Owner Trust;;True;False
0001649676;Global Quest Ltd.;;True;False
0001649709;CIFC LLC;;False;True
0001649716;AmeriCredit Automobile Receivables Trust 2015-3;;True;False
0001649739;BayFirst Financial Corp.;BAFN;False;False
0001649744;DULUTH HOLDINGS INC.;DLTH;False;False
0001649749;FB Financial Corp;FBK;False;False
0001649881;"Markham Woods Press Publishing Company, Inc.";;True;False
0001649904;"RHYTHM PHARMACEUTICALS, INC.";RYTM;False;False
0001649934;CNH Equipment Trust 2015-C;;True;False
0001649989;"Outlook Therapeutics, Inc.";OTLK;False;False
0001650101;ADDENTAX GROUP CORP.;ATXG;False;False
0001650132;"Four Corners Property Trust, Inc.";FCPT;False;False
0001650164;"Toast, Inc.";TOST;False;False
0001650203;Danyang Special Cable Factory Inc.;;True;False
0001650204;China Tongzilian Group Share Ltd Inc.;;True;False
0001650205;ANDES 7 INC.;;True;False
0001650372;Atlassian Corp;TEAM;False;False
0001650445;Quorum Health Corp;;False;True
0001650505;"AIFARM, LTD.";;True;False
0001650526;California Republic Auto Receivables Trust 2015-3;;True;False
0001650575;"Borqs Technologies, Inc.";BRQSF;False;True
0001650648;"4D Molecular Therapeutics, Inc.";FDMT;False;False
0001650664;"Editas Medicine, Inc.";EDIT;False;False
0001650696;"Laird Superfood, Inc.";LSF;False;False
0001650729;"SiteOne Landscape Supply, Inc.";SITE;False;False
0001650739;"Ajia Innogroup Holdings, Ltd.";;True;False
0001650962;"Welbilt, Inc.";;False;True
0001651052;Focus Financial Partners Inc.;;False;True
0001651094;"Elevate Credit, Inc.";;False;True
0001651164;Wells Fargo Commercial Mortgage Trust 2015-LC22;;True;False
0001651221;John Deere Owner Trust 2015-B;;True;False
0001651235;"Acacia Communications, Inc.";;False;True
0001651286;"Steadfast Apartment REIT III, Inc.";;True;False
0001651308;"BeiGene, Ltd.";BEIGF;False;False
0001651311;Merus N.V.;;False;False
0001651407;"Checkpoint Therapeutics, Inc.";;False;False
0001651431;"Checkmate Pharmaceuticals, Inc.";;False;True
0001651561;"Tabula Rasa HealthCare, Inc.";;False;True
0001651562;"Coursera, Inc.";COUR;False;False
0001651577;Capstone Systems Inc;;True;False
0001651588;Citigroup Commercial Mortgage Trust 2015-GC33;;True;False
0001651716;HD View 360 Inc.;;True;False
0001651721;"GENERATION INCOME PROPERTIES, INC.";GIPRW;False;False
0001651790;COMM 2015-CCRE26 Mortgage Trust;;True;False
0001651898;Hyundai Auto Receivables Trust 2015-C;;True;False
0001651932;"Xenous Holdings, Inc.";XITO;True;False
0001651944;"DermTech, Inc.";;False;False
0001651958;EOS INC.;;True;False
0001651987;"Central Federal Bancshares, Inc";;True;False
0001651992;"Appsoft Technologies, Inc.";ASFT;True;False
0001652031;Bank of America Merrill Lynch Commercial Mortgage Trust 2015-UBS7;;True;False
0001652044;Alphabet Inc.;GOOG;False;False
0001652101;Andina Acquisition Corp. II;;True;False
0001652106;"PB Bancorp, Inc.";;False;True
0001652130;"Intellia Therapeutics, Inc.";NTLA;False;False
0001652133;Oasis Midstream Partners LP;;False;True
0001652201;Ally Auto Receivables Trust 2015-2;;True;False
0001652362;"Infrastructure & Energy Alternatives, Inc.";;False;True
0001652456;Ford Credit Auto Owner Trust 2015-C;;True;False
0001652535;"ICHOR HOLDINGS, LTD.";ICHR;False;False
0001652539;SusGlobal Energy Corp.;SNRG;True;False
0001652561;DSwiss Inc;DQWS;True;False
0001652672;GS Mortgage Securities Trust 2015-GC34;;True;False
0001652724;"Lucira Health, Inc.";;False;True
0001652842;United Royale Holdings Corp.;;True;False
0001652871;UNICOBE CORP.;;True;False
0001652884;Wells Fargo Commercial Mortgage Trust 2015-NXS3;;True;False
0001652885;Fifth Third Auto Trust 2015-1;;True;False
0001652923;"AveXis, Inc.";;False;True
0001652926;"Resource Apartment REIT III, Inc.";;True;False
0001652958;"Edgemode, Inc.";EDGM;True;False
0001652982;JPMBB Commercial Mortgage Securities Trust 2015-C32;;True;False
0001653087;"Alector, Inc.";ALEC;False;False
0001653099;"VIGILANT DIVERSIFIED HOLDINGS, INC./NV";;True;False
0001653247;Waitr Holdings Inc.;;False;True
0001653323;COMM 2015-CCRE27 Mortgage Trust;;True;False
0001653384;Runway Growth Finance Corp.;RWAYI;False;False
0001653426;Mercedes-Benz Auto Lease Trust 2015-B;;True;False
0001653477;Ingevity Corp;NGVT;False;False
0001653482;Gitlab Inc.;GTLB;False;False
0001653542;Morgan Stanley Bank of America Merrill Lynch Trust 2015-C25;;True;False
0001653558;"Priority Technology Holdings, Inc.";PRTHU;False;False
0001653629;HypGen Inc;;True;False
0001653653;"Red Rock Resorts, Inc.";RRR;False;False
0001653710;APEX RESOURCES INC/NV;;True;False
0001653716;World Omni Auto Receivables Trust 2015-B;;True;False
0001653821;CEN BIOTECH INC;;True;False
0001653876;MOMENTOUS HOLDINGS CORP.;;True;False
0001653882;KMRB Acquisition Corp. II;;True;False
0001653909;"Allbirds, Inc.";BIRD;False;False
0001653959;Nissan Auto Receivables 2015-C Owner Trust;;True;False
0001653979;JACC STUDIOS INC.;;True;False
0001654151;"Deciphera Pharmaceuticals, Inc.";;False;False
0001654250;Santander Drive Auto Receivables Trust 2015-5;;True;False
0001654280;Honda Auto Receivables 2015-4 Owner Trust;;True;False
0001654281;BMW Vehicle Lease Trust 2015-2;;True;False
0001654330;COMM 2015-LC23 Mortgage Trust;;True;False
0001654588;"PreCheck Health Services, Inc.";;True;False
0001654595;"Medalist Diversified REIT, Inc.";MDRR;False;False
0001654672;"PINEAPPLE, INC.";PNPL;True;False
0001654734;Wells Fargo Commercial Mortgage Trust 2015-C31;;True;False
0001654785;Capital Auto Receivables Asset Trust 2015-4;;True;False
0001654861;CarMax Auto Owner Trust 2015-4;;True;False
0001654865;GM Financial Automobile Leasing Trust 2015-3;;True;False
0001654948;"Hartman vREIT XXI, Inc.";;True;False
0001655008;HAHA GENERATION CORP.;;True;False
0001655020;"Extraction Oil & Gas, Inc.";;False;True
0001655050;"Bain Capital Specialty Finance, Inc.";BCSF;False;False
0001655075;"Armstrong Flooring, Inc.";;False;True
0001655152;Ford Credit Auto Lease Trust 2015-B;;True;False
0001655153;CSAIL 2015-C4 Commercial Mortgage Trust;;True;False
0001655210;"BEYOND MEAT, INC.";BYND;False;False
0001655349;"Messagebgone, Inc.";;True;False
0001655514;SMART ABS Series 2015-3US Trust;;True;False
0001655591;Morgan Stanley Bank of America Merrill Lynch Trust 2015-C26;;True;False
0001655759;"ARVINAS, INC.";ARVN;False;False
0001655780;Jack Cooper Holdings Corp.;;True;False
0001655887;Owl Rock Capital Corp II;;True;False
0001655888;Owl Rock Capital Corp;OBDC;False;False
0001655971;"Glacier Worldwide, Inc.";;True;False
0001656047;Morgan Stanley Bank of America Merrill Lynch Trust 2015-C27;;True;False
0001656053;TRAQER CORP;;True;False
0001656088;JPMBB Commercial Mortgage Securities Trust 2015-C33;;True;False
0001656239;"Pinnacle Entertainment, Inc.";;False;True
0001656328;"Sienna Biopharmaceuticals, Inc.";;False;True
0001656472;Cronos Group Inc.;CRON;False;False
0001656501;"BorrowMoney.com, Inc.";;True;False
0001656536;"Decibel Therapeutics, Inc.";;False;True
0001656634;"Gritstone bio, Inc.";;False;False
0001656681;Wells Fargo Commercial Mortgage Trust 2015-NXS4;;True;False
0001656742;Nissan Auto Lease Trust 2015-B;;True;False
0001656839;GS Mortgage Securities Trust 2015-GS1;;True;False
0001656936;MGM Growth Properties LLC;;False;True
0001657045;NEXT-ChemX Corporation.;CHMX;True;False
0001657146;AmeriCredit Automobile Receivables Trust 2015-4;;True;False
0001657197;"Cotiviti Holdings, Inc.";;False;True
0001657214;International Land Alliance Inc.;ILAL;True;False
0001657249;"Road Marshall, Inc.";;True;False
0001657250;"British Cambridge, Inc.";;True;False
0001657312;Verona Pharma plc;;False;False
0001657324;Ally Auto Receivables Trust 2016-1;;True;False
0001657325;Citigroup Commercial Mortgage Trust 2015-GC35;;True;False
0001657564;Gabbit Corp.;;True;False
0001657573;"Xometry, Inc.";XMTR;False;False
0001657642;"Skyline Bankshares, Inc.";SLBK;True;False
0001657737;"DOYEN ELEMENTS, INC.";;True;False
0001657788;"Kimbell Royalty Partners, LP";KRP;False;False
0001657803;Inbit Corp;;True;False
0001657853;"HERTZ GLOBAL HOLDINGS, INC";HTZWW;False;False
0001657889;Morgan Stanley Capital I Trust 2015-UBS8;;True;False
0001658247;"Crinetics Pharmaceuticals, Inc.";CRNX;False;False
0001658304;"CLIC TECHNOLOGY, INC.";;True;False
0001658305;GETELMAN CORP.;;True;False
0001658432;Medico International Inc.;;True;False
0001658433;eMedia Group Inc.;;True;False
0001658520;"OS Support, Inc.";;True;False
0001658521;"MOUNTAIN TOP PROPERTIES, INC.";;True;False
0001658551;"Amylyx Pharmaceuticals, Inc.";AMLX;False;False
0001658566;Permian Resources Corp;PR;False;False
0001658605;TRON Group Inc.;;True;False
0001658880;BARE METAL STANDARD INC.;;True;False
0001658982;Chase Card Funding LLC;;True;False
0001659122;Rosehill Resources Inc.;;False;True
0001659166;Fortive Corp;FTV;False;False
0001659183;nDivision Inc.;;True;False
0001659207;Fellazo Corp;;True;False
0001659323;Iterum Therapeutics plc;ITRM;False;False
0001659329;WELLS FARGO COMMERCIAL MORTGAGE TRUST 2015-P2;;True;False
0001659352;"Codiak BioSciences, Inc.";;False;True
0001659559;Jialijia Group Corp Ltd;;True;False
0001659617;"Moleculin Biotech, Inc.";MBRX;False;False
0001659911;NPQ Holdings Ltd;;True;False
0001659981;JPMCC Commercial Mortgage Securities Trust 2015-JP1;;True;False
0001660134;"Okta, Inc.";OKTA;False;False
0001660156;Worldwide Specialty Chemicals Inc.;;True;False
0001660280;"Tenable Holdings, Inc.";TENB;False;False
0001660329;"Rancho Santa Fe Mining, Inc.";;True;False
0001660334;Verrica Pharmaceuticals Inc.;VRCA;False;False
0001660484;Innocoll Holdings plc;;False;True
0001660690;"Versum Materials, Inc.";;False;True
0001660703;Nissan Auto Receivables 2016-A Owner Trust;;True;False
0001660719;Aralez Pharmaceuticals Inc.;;False;True
0001660734;Triton International Ltd;TRTN-PG;False;True
0001660839;Phoenix Apps Inc.;;True;False
0001661039;"TPT GLOBAL TECH, INC.";;True;False
0001661053;enVVeno Medical Corp;NVNBW;False;False
0001661059;"NextCure, Inc.";NXTC;False;False
0001661136;CSAIL 2016-C5 Commercial Mortgage Trust;;True;False
0001661181;Organogenesis Holdings Inc.;ORGO;False;False
0001661306;"Hancock Park Corporate Income, Inc.";;True;False
0001661458;"Highlands REIT, Inc.";;True;False
0001661460;"Poseida Therapeutics, Inc.";;False;False
0001661589;CFCRE 2016-C3 Mortgage Trust;;True;False
0001661600;SATIVUS TECH CORP.;SATT;True;False
0001661779;"STARTENGINE CROWDFUNDING, INC.";;True;False
0001661920;Lonestar Resources US Inc.;;False;True
0001661998;"Homology Medicines, Inc.";QTTB;False;False
0001662244;"Cyteir Therapeutics, Inc.";;False;False
0001662253;Tiberius Acquisition Corp;;False;False
0001662382;BRAIN SCIENTIFIC INC.;;True;False
0001662524;"AKCEA THERAPEUTICS, INC.";;False;True
0001662574;"Grom Social Enterprises, Inc.";;False;False
0001662579;"C4 Therapeutics, Inc.";CCCC;False;False
0001662618;PERI AL HEDRO CARTA DEY;;True;False
0001662633;"Global Marine Minerals, Inc.";;True;False
0001662640;Franklin Hill Acquisition Corp;;True;False
0001662645;"Lepora Holdings, Inc.";;True;False
0001662669;UNITY GLOBAL HOLDINGS LTD.;;True;False
0001662670;Geo Reserve Corp;;True;False
0001662671;Scott Hill Acquisition Corp;;True;False
0001662672;Perry Hill Acquisition Corp;;True;False
0001662675;ASN SATELLITES INC.;;True;False
0001662684;"KULR Technology Group, Inc.";KULR;False;False
0001662706;"TRUPAL MEDIA, INC.";;True;False
0001662774;"Quince Therapeutics, Inc.";QNCX;False;False
0001662784;Wells Fargo Commercial Mortgage Trust 2016-NXS5;;True;False
0001662810;CarMax Auto Owner Trust 2016-1;;True;False
0001662907;"IASO BioMed, Inc.";;True;False
0001662972;"Blackstone Real Estate Income Trust, Inc.";BSTT;True;False
0001662991;Sezzle Inc.;SEZL;False;False
0001663038;Reliant Service Inc;QTZM;True;False
0001663129;Ford Credit Auto Owner Trust 2016-A;;True;False
0001663133;AmeriCredit Automobile Receivables Trust 2016-1;;True;False
0001663239;COMM 2016-CCRE28 Mortgage Trust;;True;False
0001663240;Wells Fargo Commercial Mortgage Trust 2016-C32;;True;False
0001663244;COMM 2016-DC2 Mortgage Trust;;True;False
0001663274;BMW Vehicle Lease Trust 2016-1;;True;False
0001663641;Ando Holdings Ltd.;;True;False
0001663645;CITIGROUP COMMERCIAL MORTGAGE TRUST 2016-GC36;;True;False
0001664038;"Hemp Naturals, Inc.";;True;False
0001664106;"LogicBio Therapeutics, Inc.";;False;True
0001664127;"ALTITUDE INTERNATIONAL HOLDINGS, INC.";;True;False
0001664248;Honda Auto Receivables 2016-1 Owner Trust;;True;False
0001664682;Morgan Stanley Capital I Trust 2016-UBS9;;True;False
0001664703;Bloom Energy Corp;BE;False;False
0001664710;"Keros Therapeutics, Inc.";KROS;False;False
0001664740;MBC FUNDING II CORP.;;True;False
0001664780;"RODIN INCOME TRUST, INC.";;True;False
0001664998;"KnowBe4, Inc.";;False;True
0001665081;Morgan Stanley Bank of America Merrill Lynch Trust 2016-C28;;True;False
0001665300;"Phunware, Inc.";PHUN;False;False
0001665421;High Desert Holding Corp.;;True;False
0001665448;Santander Drive Auto Receivables Trust 2016-1;;True;False
0001665497;CNH Equipment Trust 2016-A;;True;False
0001665598;"RC-1, Inc.";;True;False
0001665658;"CommerceHub, Inc.";;False;True
0001665840;Natural Destiny Inc.;;True;False
0001665918;US Foods Holding Corp.;USFD;False;False
0001665988;Bioventus Inc.;BVS;False;False
0001666071;"Cardlytics, Inc.";CDLX;False;False
0001666114;Unleashed Inc.;;True;False
0001666134;"BLACKLINE, INC.";BL;False;False
0001666138;Atkore Inc.;ATKR;False;False
0001666156;JPMBB Commercial Mortgage Securities Trust 2016-C1;;True;False
0001666176;Toyota Auto Receivables 2016-A Owner Trust;;True;False
0001666178;Lazuriton Nano Biotechnology (U.S.A.) Inc.;;True;False
0001666244;"Cantor Fitzgerald Income Trust, Inc.";;True;False
0001666267;"Arrestage International, Inc.";;True;False
0001666291;"Claros Mortgage Trust, Inc.";CMTG;False;False
0001666384;"AG Twin Brook BDC, Inc.";;True;False
0001666487;"Stemcell Holdings, Inc.";;True;False
0001666700;"DuPont de Nemours, Inc.";DD;False;True
0001666926;John Deere Owner Trust 2016;;True;False
0001666947;Ally Auto Receivables Trust 2016-2;;True;False
0001666962;GM Financial Automobile Leasing Trust 2016-1;;True;False
0001667011;"Arteris, Inc.";AIP;False;False
0001667153;CPG OpCo GP LLC;;True;False
0001667154;CPG OpCo LP;;True;False
0001667161;"Randolph Bancorp, Inc.";;False;True
0001667270;California Republic Auto Receivables Trust 2016-1;;True;False
0001667313;"Zedge, Inc.";ZDGE;False;False
0001667364;Opportunity Acquis Corp.;;True;False
0001667489;Liberated Syndication Inc.;;True;False
0001667546;Mercedes-Benz Auto Lease Trust 2016-A;;True;False
0001667615;3AM TECHNOLOGIES INC;;True;False
0001667633;"Forty Seven, Inc.";;False;True
0001667840;"Best Hometown Bancorp, Inc.";;True;False
0001667939;"FSB Bancorp, Inc.";;False;True
0001667944;"WCF Bancorp, Inc.";;False;True
0001667967;Ford Credit Auto Lease Trust 2016-A;;True;False
0001668010;"Digital Brands Group, Inc.";DBGI;False;False
0001668082;BYLOG GROUP CORP.;;True;False
0001668105;Talend S.A.;;False;True
0001668186;Capital Auto Receivables Asset Trust 2016-1;;True;False
0001668224;"HarborOne Bancorp, Inc.";;True;False
0001668243;UroGen Pharma Ltd.;URGN;False;False
0001668340;"Bancorp 34, Inc.";BCTF;False;True
0001668370;"Toughbuilt Industries, Inc";;False;False
0001668397;"Medpace Holdings, Inc.";MEDP;False;False
0001668428;FGL Holdings;;True;False
0001668523;GSG GROUP INC.;;True;False
0001668589;Hyundai Auto Receivables Trust 2016-A;;True;False
0001668673;"PetIQ, Inc.";;False;False
0001668738;DBJPM 2016-C1 Mortgage Trust;;True;False
0001668761;World Omni Auto Receivables Trust 2016-A;;True;False
0001668788;AmeriCredit Automobile Receivables Trust 2016-2;;True;False
0001668931;Wells Fargo Commercial Mortgage Trust 2016-C33;;True;False
0001669162;"Kinsale Capital Group, Inc.";KNSL;False;False
0001669374;"Duke Energy Florida Project Finance, LLC";;True;False
0001669393;Citigroup Commercial Mortgage Trust 2016-P3;;True;False
0001669400;"Veritas Farms, Inc.";;True;False
0001669479;HWH International Corp;;True;False
0001669513;APP Incline Corp;;True;False
0001669600;"Liberty Expedia Holdings, Inc.";;False;True
0001669779;"Camping World Holdings, Inc.";CWH;False;False
0001669792;"AdvancePierre Foods Holdings, Inc.";;False;True
0001669811;"Donnelley Financial Solutions, Inc.";DFIN;False;False
0001669812;"LSC Communications, Inc.";;False;True
0001669990;Morgan Stanley Bank of America Merrill Lynch Trust 2016-C29;;True;False
0001670076;"Frontier Group Holdings, Inc.";ULCC;False;False
0001670196;Deseo Swimwear Inc.;;True;False
0001670349;"U.S. WELL SERVICES, INC.";;False;True
0001670538;MON SPACE NET INC.;;True;False
0001670541;Adient plc;ADNT;False;False
0001670592;"YETI Holdings, Inc.";YETI;False;False
0001670601;Citigroup Commercial Mortgage Trust 2016-GC37;;True;False
0001670869;"Rocky Mountain High Brands, Inc.";;True;False
0001670961;Global Cosmetics Inc.;;True;False
0001671013;Cardtronics plc;;False;True
0001671048;CFCRE 2016-C4 Mortgage Trust;;True;False
0001671077;MED SPA VACATIONS INC.;;True;False
0001671083;Nissan Auto Receivables 2016-B Owner Trust;;True;False
0001671212;CarMax Auto Owner Trust 2016-2;;True;False
0001671284;Bright Health Group Inc.;NEUE;False;False
0001671299;Ford Credit Auto Owner Trust 2016-B;;True;False
0001671502;"Quoin Pharmaceuticals, Ltd.";QNRX;False;False
0001671520;JPMDB Commercial Mortgage Securities Trust 2016-C2;;True;False
0001671584;Aptevo Therapeutics Inc.;APVO;False;False
0001671686;USCF Funds Trust;;True;False
0001671697;Toyota Auto Receivables 2016-B Owner Trust;;True;False
0001671740;GS Mortgage Securities Trust 2016-GS2;;True;False
0001671818;"Oncorus, Inc.";;False;True
0001671854;Saban Capital Acquisition Corp.;;False;True
0001671858;"ARS Pharmaceuticals, Inc.";SPRY;False;False
0001671933;"Trade Desk, Inc.";TTD;False;False
0001672013;Acushnet Holdings Corp.;GOLF;False;False
0001672255;"Asia Training Institute US, Inc.";;True;False
0001672326;"Yuma Energy, Inc.";;True;False
0001672489;GM Financial Automobile Leasing Trust 2016-2;;True;False
0001672571;Antiaging Quantum Living Inc.;AAQL;True;False
0001672572;Landbay Inc;LNBY;True;False
0001672587;Wells Fargo Commercial Mortgage Trust 2016-C34;;True;False
0001672609;CSAIL 2016-C6 Commercial Mortgage Trust;;True;False
0001672619;IMARA Inc.;ELVN;False;False
0001672688;Absci Corp;ABSI;False;False
0001672690;"CLEANGOAL ENERGY, CORP";;True;False
0001672712;Santander Drive Auto Receivables Trust 2016-2;;True;False
0001672754;Rich Uncles Real Estate Investment Trust I;;True;False
0001672773;"Arboretum Silverleaf Income Fund, L.P.";;True;False
0001672885;Doers Education Asean Ltd;;True;False
0001672886;CHINA BIOTECH HOLDINGS Ltd (del);;True;False
0001672887;Jade Island Acquisition Corp;;True;False
0001672888;Opal Island Acquisition Corp;;True;False
0001672897;Diverse Development Group Inc.;;True;False
0001672898;Development Capital Australia Corp;;True;False
0001672899;LeGall Holdings Inc.;;True;False
0001672900;Ala Carte Charts Corp;;True;False
0001672909;Canterbury Park Holding Corp;CPHC;False;False
0001672985;Conyers Park Acquisition Corp.;;True;False
0001673255;Citigroup Commercial Mortgage Trust 2016-C1;;True;False
0001673350;Honda Auto Receivables 2016-2 Owner Trust;;True;False
0001673358;"Yum China Holdings, Inc.";YUMC;False;False
0001673431;IA Energy Corp.;;True;False
0001673475;"GPO Plus, Inc.";GPOX;True;False
0001673481;Lottery.com Inc.;LTRYW;False;False
0001673504;Atlantis Glory Inc.;AGLY;True;False
0001673542;Bank of America Merrill Lynch Commercial Mortgage Trust 2016-UBS10;;True;False
0001673576;Nissan Auto Lease Trust 2016-A;;True;False
0001673772;"RAPT Therapeutics, Inc.";RAPT;False;False
0001673813;Ally Auto Receivables Trust 2016-3;;True;False
0001673985;AdvanSix Inc.;ASIX;False;False
0001673987;GLOCORP INC.;;True;False
0001674101;Vertiv Holdings Co;VRT;False;False
0001674168;Hilton Grand Vacations Inc.;HGV;False;False
0001674227;SCWorx Corp.;WORX;False;False
0001674242;CNH Equipment Trust 2016-B;;True;False
0001674335;"JELD-WEN Holding, Inc.";JELD;False;False
0001674356;"Terra Property Trust, Inc.";TPTA;True;False
0001674365;Aptinyx Inc.;;False;True
0001674416;CRISPR Therapeutics AG;CRSP;False;False
0001674440;Connexa Sports Technologies Inc.;YYAI;False;False
0001674760;Goldman Sachs Private Middle Market Credit LLC;;True;False
0001674786;Carey Credit Income Fund 2018 T;;True;False
0001674862;ASHLAND INC.;ASH;False;False
0001674910;VALVOLINE INC;VVV;False;False
0001674930;"Fulgent Genetics, Inc.";FLGT;False;False
0001675033;Great Elm Capital Corp.;GECCI;False;False
0001675149;Alcoa Corp;AA;False;False
0001675171;California Republic Auto Receivables Trust 2016-2;;True;False
0001675192;Ottawa Bancorp Inc;;False;True
0001675442;JAKROO INC.;;True;False
0001675583;ATLANTIC ACQUISITION INC.;;True;False
0001675634;"ShiftPixy, Inc.";;False;False
0001675644;"FVCBankcorp, Inc.";FVCB;False;False
0001675820;TiVo Corp;;False;True
0001675887;Harley-Davidson Motorcycle Trust 2016-A;;True;False
0001675928;SG Commercial Mortgage Securities Trust 2016-C5;;True;False
0001676047;NutriBand Inc.;NTRBW;False;False
0001676163;"AVRA Medical Robotics, Inc.";SSII;True;False
0001676238;"Braze, Inc.";BRZE;False;False
0001676479;"CapStar Financial Holdings, Inc.";;False;False
0001676580;VISION ENERGY Corp;;True;False
0001676667;"Carolina Trust BancShares, Inc.";;False;True
0001676725;"IDEAYA Biosciences, Inc.";IDYA;False;False
0001676734;Wells Fargo Commercial Mortgage Trust 2016-C35;;True;False
0001676852;OMNIA WELLNESS INC.;;True;False
0001677077;"Alzamend Neuro, Inc.";ALZN;False;False
0001677203;"QUALITY CARE PROPERTIES, INC.";;False;True
0001677390;DBJPM 2016-C3 Mortgage Trust;;True;False
0001677576;INNOVATIVE INDUSTRIAL PROPERTIES INC;IIPR-PA;False;False
0001677703;CONDUENT Inc;CNDT;False;False
0001677761;"Parkway, Inc.";;False;True
0001677897;UPAY;UPYY;True;False
0001677913;CITIGROUP COMMERCIAL MORTGAGE TRUST 2016-P4;;True;False
0001678038;JPMCC Commercial Mortgage Securities Trust 2016-JP2;;True;False
0001678105;Caro Holdings Inc.;CAHO;True;False
0001678361;World Omni Automobile Lease Securitization Trust 2016-A;;True;False
0001678407;AmeriCredit Automobile Receivables Trust 2016-3;;True;False
0001678463;"Forterra, Inc.";;False;True
0001678487;BMW Vehicle Owner Trust 2016-A;;True;False
0001678507;CarMax Auto Owner Trust 2016-3;;True;False
0001678531;Envision Healthcare Corp;;False;True
0001678536;TRITON ACQUISITION CO;;True;False
0001678617;Capital Auto Receivables Asset Trust 2016-2;;True;False
0001678618;John Deere Owner Trust 2016-B;;True;False
0001678660;Prelude Therapeutics Inc;PRLD;False;False
0001678740;Morgan Stanley Capital I Trust 2016-UBS11;;True;False
0001678746;"BOOMER HOLDINGS, INC.";;True;False
0001678848;CAMBELL INTERNATIONAL HOLDING CORP.;;True;False
0001679049;"International Seaways, Inc.";INSW;False;False
0001679063;"Chicken Soup for the Soul Entertainment, Inc.";;False;False
0001679082;Myovant Sciences Ltd.;;False;True
0001679268;"MAMMOTH ENERGY SERVICES, INC.";TUSK;False;False
0001679273;"Lamb Weston Holdings, Inc.";LW;False;False
0001679327;CD 2016-CD1 Mortgage Trust;;True;False
0001679363;"Morphic Holding, Inc.";;False;False
0001679379;"NYIAX, INC.";;True;False
0001679420;Wells Fargo Commercial Mortgage Trust 2016-BNK1;;True;False
0001679426;"AMERICATOWNE HOLDINGS, INC.";;True;False
0001679597;Toyota Auto Receivables 2016-C Owner Trust;;True;False
0001679688;"DigitalBridge Group, Inc.";DBRG-PJ;False;True
0001679731;Ally Auto Receivables Trust 2017-1;;True;False
0001679788;"Coinbase Global, Inc.";COIN;False;False
0001679817;"OZOP ENERGY SOLUTIONS, INC.";OZSCD;True;False
0001679826;Ping Identity Holding Corp.;;False;True
0001679836;"Kelvin Medical, Inc.";;True;False
0001680048;"MUSTANG BIO, INC.";MBIO;False;False
0001680062;"ACM Research, Inc.";ACMR;False;False
0001680132;CANNABIS SUISSE CORP.;CSUI;True;False
0001680139;HealthLynked Corp;HLYK;True;False
0001680142;Nissan Auto Receivables 2016-C Owner Trust;;True;False
0001680180;Honda Auto Receivables 2016-3 Owner Trust;;True;False
0001680228;Kaskad Corp.;;True;False
0001680232;"Strategic Storage Trust IV, Inc.";;True;False
0001680237;China King Spirit Group Ltd.;;True;False
0001680247;ProPetro Holding Corp.;PUMP;False;False
0001680367;"Shattuck Labs, Inc.";STTK;False;False
0001680378;"SenesTech, Inc.";SNES;False;False
0001680379;"Sterling Bancorp, Inc.";;False;False
0001680525;Battlers Corp.;;True;False
0001680581;"Fulcrum Therapeutics, Inc.";FULC;False;False
0001680689;"Natural Resource Holdings, Inc.";NRHI;True;False
0001680873;HF Foods Group Inc.;HFFG;False;False
0001680935;HUAHUI EDUCATION GROUP CORP;;True;False
0001680966;"Agora Holdings, Inc.";;True;False
0001681031;CITIGROUP COMMERCIAL MORTGAGE TRUST 2016-C2;;True;False
0001681087;"AVROBIO, Inc.";TECX;False;False
0001681169;Urban Edge Properties LP;;True;False
0001681206;"NI Holdings, Inc.";NODK;False;False
0001681281;Starling Street Acquisition Corp;;True;False
0001681282;Anvia Holdings Corp;;True;False
0001681292;Robin Street Acquisition Corp;;True;False
0001681297;"JiMari International, Inc.";;True;False
0001681302;Hawk Street Acquisition Corp;;True;False
0001681305;"Syndicated Resorts Association, Inc.";;True;False
0001681306;"FAH MAI HOLDINGS, INC.";;True;False
0001681309;Monetiva Inc.;;True;False
0001681312;Heron Street Acquisition Corp;;True;False
0001681400;"Celebiddy, Inc.";;True;False
0001681459;TechnipFMC plc;FTI;False;False
0001681556;"GEX MANAGEMENT, INC.";GXXM;True;False
0001681622;Varex Imaging Corp;VREX;False;False
0001681682;ENDRA Life Sciences Inc.;NDRA;False;False
0001681689;Bioverativ Inc.;;False;True
0001681714;"Brazos Valley Longhorn, L.L.C.";;False;True
0001681769;BRILLIANT N.E.V. CORP.;;True;False
0001681903;"ICC Holdings, Inc.";;False;False
0001681906;Morgan Stanley Bank of America Merrill Lynch Trust 2016-C30;;True;False
0001681941;iFresh Inc;;False;True
0001682130;Santander Drive Auto Receivables Trust 2016-3;;True;False
0001682149;"WISA TECHNOLOGIES, INC.";DVLT;False;False
0001682220;Sachem Capital Corp.;SCCG;False;False
0001682265;"Reliant Holdings, Inc.";ONAR;True;False
0001682325;GTY Technology Holdings Inc.;;False;True
0001682405;GS Mortgage Securities Trust 2016-GS3;;True;False
0001682481;GM Financial Automobile Leasing Trust 2016-3;;True;False
0001682524;Mercedes-Benz Auto Receivables Trust 2016-1;;True;False
0001682563;World Omni Auto Receivables Trust 2016-B;;True;False
0001682593;"Community Savings Bancorp, Inc.";;True;False
0001682639;"EYENOVIA, INC.";HYPD;False;False
0001682745;VERRA MOBILITY Corp;VRRM;False;False
0001682852;"Moderna, Inc.";MRNA;False;False
0001682860;Wells Fargo Commercial Mortgage Trust 2016-LC24;;True;False
0001682868;Hyundai Auto Receivables Trust 2016-B;;True;False
0001682951;Nissan Auto Lease Trust 2016-B;;True;False
0001683001;Capital Auto Receivables Asset Trust 2016-3;;True;False
0001683074;Goldman Sachs Middle Market Lending Corp.;;True;False
0001683131;Forza Innovations Inc;;True;False
0001683170;USAA Auto Owner Trust 2016-1;;True;False
0001683252;TOKEN COMMUNITIES LTD.;;True;False
0001683300;JPMCC Commercial Mortgage Securities Trust 2016-JP3;;True;False
0001683413;BMW Vehicle Lease Trust 2016-2;;True;False
0001683414;Toyota Auto Receivables 2016-D Owner Trust;;True;False
0001683486;CNH Equipment Trust 2016-C;;True;False
0001683489;Wells Fargo Commercial Mortgage Trust 2016-NXS6;;True;False
0001683553;"SPRUCE BIOSCIENCES, INC.";SPRB;False;False
0001683597;Ford Credit Auto Owner Trust 2016-C;;True;False
0001683606;Cars.com Inc.;CARS;False;False
0001683695;"International Money Express, Inc.";IMXI;False;False
0001684093;CITIGROUP COMMERCIAL MORTGAGE TRUST 2016-P5;;True;False
0001684144;Zomedica Corp.;ZOMDF;False;False
0001684415;Mercedes-Benz Auto Lease Trust 2016-B;;True;False
0001684506;Folkup Development Inc.;;True;False
0001684508;"Cannis, Inc.";;True;False
0001684682;"CNL Strategic Capital, LLC";;True;False
0001685022;AmeriCredit Automobile Receivables Trust 2016-4;;True;False
0001685040;"Brighthouse Financial, Inc.";BHFAO;False;False
0001685054;CD 2016-CD2 Mortgage Trust;;True;False
0001685071;Dova Pharmaceuticals Inc.;;False;True
0001685212;COMM 2016-COR1 Mortgage Trust;;True;False
0001685237;TEMIR CORP.;;True;False
0001685311;"Bagger Dave's Burger Tavern, Inc.";;True;False
0001685316;ObsEva SA;;False;True
0001685342;SMART ABS Series 2016-2US Trust;;True;False
0001685497;Honda Auto Receivables 2016-4 Owner Trust;;True;False
0001685570;"Nanovation Microtech, Inc.";;True;False
0001685715;Jagged Peak Energy Inc.;;False;True
0001685766;MOVEIX INC.;;True;False
0001685854;CFCRE 2016-C6 Mortgage Trust;;True;False
0001686150;Wells Fargo Commercial Mortgage Trust 2016-C36;;True;False
0001686277;CarMax Auto Owner Trust 2016-4;;True;False
0001686400;Salt Blockchain Inc.;;True;False
0001686515;Ecco Auto World Corp;;True;False
0001686850;"Motus GI Holdings, Inc.";;False;False
0001687031;Morgan Stanley Bank of America Merrill Lynch Trust 2016-C31;;True;False
0001687065;"China WuYi Mountain, Ltd.";;True;False
0001687187;"Ramaco Resources, Inc.";METCI;False;False
0001687202;JPMDB Commercial Mortgage Securities Trust 2016-C4;;True;False
0001687221;"REV Group, Inc.";REVG;False;False
0001687229;Invitation Homes Inc.;INVH;False;False
0001687242;Ferd Corp.;;True;False
0001687374;Morgan Stanley Capital I Trust 2016-BNK2;;True;False
0001687505;Sinorama Corp;;True;False
0001687605;CITIGROUP COMMERCIAL MORTGAGE TRUST 2016-C3;;True;False
0001687919;FORGE INNOVATION DEVELOPMENT CORP.;FGNV;True;False
0001687926;"ZEUUS, INC.";;True;False
0001687932;"J.Jill, Inc.";JILL;False;False
0001687955;GS Mortgage Securities Trust 2016-GS4;;True;False
0001687999;"EMR Technology Solutions, Inc.";;True;False
0001688016;"Phillips Edison Grocery Center REIT III, Inc.";;True;False
0001688126;Crypto Co;CRCW;True;False
0001688149;CSAIL 2016-C7 Commercial Mortgage Trust;;True;False
0001688281;Huntington Auto Trust 2016-1;;True;False
0001688451;Wells Fargo Commercial Mortgage Trust 2016-LC25;;True;False
0001688476;NEXTIER OILFIELD SOLUTIONS INC.;;False;True
0001688487;Metaurus Equity Component Trust;;True;False
0001688568;DXC Technology Co;DXC;False;False
0001688667;Frankly Inc;;True;False
0001688757;ESTABLISHMENT LABS HOLDINGS INC.;ESTA;False;False
0001688852;Safehold Inc.;;True;False
0001688941;"Foundation Building Materials, Inc.";;False;True
0001688957;Wells Fargo Commercial Mortgage Trust 2016-C37;;True;False
0001689066;Sunset Island Group;;True;False
0001689084;Qrons Inc.;;True;False
0001689111;JPMCC Commercial Mortgage Securities Trust 2016-JP4;;True;False
0001689265;Arch Capital Finance LLC;;True;False
0001689375;"Entrada Therapeutics, Inc.";TRDA;False;False
0001689382;Trilogy International Partners Inc.;;True;False
0001689417;Morgan Stanley Capital I Trust 2016-UBS12;;True;False
0001689490;NetPay International Inc;;True;False
0001689548;"Praxis Precision Medicines, Inc.";PRAX;False;False
0001689657;"Berkeley Lights, Inc.";;False;True
0001689731;"Southern States Bancshares, Inc.";;False;False
0001689796;JBG SMITH Properties;JBGS;False;False
0001689813;Biohaven Pharmaceutical Holding Co Ltd.;;False;True
0001689923;"Alteryx, Inc.";;False;False
0001690012;"InPoint Commercial Real Estate Income, Inc.";ICRP;True;False
0001690080;180 Life Sciences Corp.;ETHZ;False;False
0001690110;CFCRE 2016-C7 Mortgage Trust;;True;False
0001690255;CITIGROUP COMMERCIAL MORTGAGE TRUST 2016-P6;;True;False
0001690334;SEACOR Marine Holdings Inc.;SMHI;False;False
0001690384;"BioCrude Technologies USA, Inc.";;True;False
0001690437;GraniteShares Gold Trust;BAR;True;False
0001690486;Puebla Resources Corp.;;True;False
0001690536;"FS Credit Real Estate Income Trust, Inc.";;True;False
0001690577;Morgan Stanley Bank of America Merrill Lynch Trust 2016-C32;;True;False
0001690585;"Magenta Therapeutics, Inc.";DNTH;False;False
0001690622;XTribe P.L.C.;;True;False
0001690666;Xperi Corp;;True;False
0001690680;"NEWMARK GROUP, INC.";NMRK;False;False
0001690769;"Alta Mesa Resources, Inc. /DE";;False;True
0001690820;CARVANA CO.;CVNA;False;False
0001690842;GraniteShares Platinum Trust;PLTM;True;False
0001690881;"ASV HOLDINGS, INC.";;False;True
0001691077;"EVmo, Inc.";;False;True
0001691198;CSMC 2016-NXSR Commercial Mortgage Trust;;True;False
0001691299;MGM Growth Properties Operating Partnership LP;;True;False
0001691303;"WARRIOR MET COAL, INC.";HCC;False;False
0001691337;PCSB Financial Corp;;False;True
0001691421;"Lemonade, Inc.";LMND-WT;False;False
0001691430;QUANTA INC;;True;False
0001691507;"Community First Bancshares, Inc.";;True;False
0001691906;"ANTILIA GROUP, CORP.";;True;False
0001691936;"STRYVE FOODS, INC.";;False;False
0001692063;"Schneider National, Inc.";SNDR;False;False
0001692115;"Southwest Gas Holdings, Inc.";SWX;False;False
0001692144;Life Partners Position Holder Trust;;True;False
0001692310;Ford Credit Auto Owner Trust 2017-A;;True;False
0001692345;"PROCACCIANTI HOTEL REIT, INC.";PRXA;True;False
0001692376;"Velocity Financial, Inc.";VEL;False;False
0001692412;Playa Hotels & Resorts N.V.;;False;False
0001692415;"Co-Diagnostics, Inc.";CODX;False;False
0001692427;"NCS Multistage Holdings, Inc.";NCSM;False;False
0001692787;Kinetik Holdings Inc.;KNTK;False;False
0001692819;Vistra Corp.;VST;False;False
0001692830;"Satsuma Pharmaceuticals, Inc.";;False;True
0001692951;"Cottonwood Communities, Inc.";;True;False
0001692981;VENTURE VANADIUM INC.;;True;False
0001693011;"Inozyme Pharma, Inc.";;False;False
0001693256;"Select Energy Services, Inc.";WTTR;False;False
0001693287;"Corpus Christi Pipeline GP, LLC";;True;False
0001693288;"Cheniere Corpus Christi Pipeline, L.P.";;True;False
0001693307;"Corpus Christi Liquefaction, LLC";;True;False
0001693317;"Cheniere Corpus Christi Holdings, LLC";;True;False
0001693368;CD 2017-CD3 Mortgage Trust;;True;False
0001693415;"Translate Bio, Inc.";;False;True
0001693577;"MainStreet Bancshares, Inc.";MNSBP;False;False
0001693664;"ARMO BioSciences, Inc.";;False;True
0001693683;Rough Sound Acquisition Corp;;True;False
0001693686;Anutra Corp;;True;False
0001693687;"MS YOUNG ADVENTURE ENTERPRISE, INC.";GLVT;True;False
0001693689;Forest Sound Acquisition Corp;;True;False
0001693690;Veroni Brands Corp.;;True;False
0001693696;UNITED CAPITAL CONSULTANTS INC.;;True;False
0001693737;GS Mortgage Securities Trust 2017-GS5;;True;False
0001693801;"Luxxo, Inc.";;True;False
0001693819;CarMax Auto Owner Trust 2017-1;;True;False
0001694010;AmeriCredit Automobile Receivables Trust 2017-1;;True;False
0001694028;Liberty Energy Inc.;LBRT;False;False
0001694187;"Neon Therapeutics, Inc.";;False;True
0001694276;California Republic Auto Receivables Trust 2017-1;;True;False
0001694382;Park Sound Acquisition Corp;;True;False
0001694423;Nissan Auto Receivables 2017-A Owner Trust;;True;False
0001694426;"Delek US Holdings, Inc.";DK;False;False
0001694617;"Royale Energy, Inc.";ROYL;False;True
0001694649;Bank of America Merrill Lynch Commercial Mortgage Trust 2017-BNK3;;True;False
0001694665;"Evelo Biosciences, Inc.";;False;True
0001694688;XPLOSION Inc;;True;False
0001694919;Toyota Auto Receivables 2017-A Owner Trust;;True;False
0001694920;BMW Vehicle Lease Trust 2017-1;;True;False
0001695098;Modern Media Acquisition Corp.;;True;False
0001695154;JPMCC Commercial Mortgage Securities Trust 2017-JP5;;True;False
0001695295;"HYDROFARM HOLDINGS GROUP, INC.";HYFM;False;False
0001695357;"Provention Bio, Inc.";;False;True
0001695473;"Greater Cannabis Company, Inc.";GCAN;True;False
0001695924;Wells Fargo Commercial Mortgage Trust 2017-RC1;;True;False
0001695963;Korth Direct Mortgage Inc.;;True;False
0001696025;"Kindcard, Inc.";KCRD;True;False
0001696088;"ENERGY RESOURCES 12, L.P.";;True;False
0001696195;KINETIC GROUP INC.;;True;False
0001696411;Crona Corp.;CCCP;True;False
0001696558;"Jerash Holdings (US), Inc.";JRSH;False;False
0001696707;BBCMS Mortgage Trust 2017-C1;;True;False
0001696898;Chee Corp.;;True;False
0001696935;Santander Drive Auto Receivables Trust 2017-1;;True;False
0001696969;GM Financial Automobile Leasing Trust 2017-1;;True;False
0001697080;"Hiclasst, Inc.";;True;False
0001697152;Forum Merger Corp;;True;False
0001697412;Migom Global Corp.;;True;False
0001697500;"Solaris Oilfield Infrastructure, Inc.";SEI;False;False
0001697532;Applied Therapeutics Inc.;APLT;False;False
0001697574;Honda Auto Receivables 2017-1 Owner Trust;;True;False
0001697587;Instadose Pharma Corp.;;True;False
0001697730;"QUANTUM BUSINESS STRATEGIES, INC.";;True;False
0001697805;"XYNOMIC PHARMACEUTICALS HOLDINGS, INC.";;False;True
0001697834;"Stem Holdings, Inc.";;True;False
0001697851;"Rekor Systems, Inc.";REKR;False;False
0001697873;John Deere Owner Trust 2017;;True;False
0001697884;VITASPRING BIOMEDICAL CO. LTD.;;True;False
0001697935;"MAPTELLIGENT, INC.";;True;False
0001698022;"Farmers & Merchants Bancshares, Inc.";FMFG;True;False
0001698113;"PARTS iD, Inc.";;False;True
0001698209;Vantage Energy Acquisition Corp.;;False;True
0001698514;National Energy Services Reunited Corp.;NESR;False;False
0001698519;Adveco Group Inc.;;True;False
0001698529;World Omni Automobile Lease Securitization Trust 2017-A;;True;False
0001698530;"EXICURE, INC.";XCUR;False;False
0001698538;"Strategic Student & Senior Housing Trust, Inc.";STSR;True;False
0001698685;BANK 2017-BNK4;;True;False
0001698702;ARION GROUP CORP.;;True;False
0001698832;"WALL STREET ACQUISITIONS, Corp";;True;False
0001698937;Ford Credit Auto Lease Trust 2017-A;;True;False
0001698990;Magnolia Oil & Gas Corp;MGY;False;False
0001698991;"Accel Entertainment, Inc.";ACEL;False;False
0001699018;"Eagle Financial Bancorp, Inc.";;False;True
0001699039;"Ranger Energy Services, Inc.";RNGR;False;False
0001699099;JPMDB Commercial Mortgage Securities Trust 2017-C5;;True;False
0001699126;Ciclet Holdings Inc.;;True;False
0001699136;"Cactus, Inc.";WHD;False;False
0001699147;CNH Equipment Trust 2017-A;;True;False
0001699150;Ingersoll Rand Inc.;IR;False;True
0001699234;Hyundai Auto Receivables Trust 2017-A;;True;False
0001699382;"PMV Pharmaceuticals, Inc.";PMVP;False;False
0001699462;Wells Fargo Commercial Mortgage Trust 2017-RB1;;True;False
0001699683;Longfin Corp;;False;True
0001699709;YIJIA GROUP CORP.;YJGJD;True;False
0001699759;Pay My Time Ltd;;True;False
0001699838;"Confluent, Inc.";CFLT;False;False
0001700175;"Heritage NOLA Bancorp, Inc.";;True;False
0001700323;Mercedes-Benz Auto Lease Trust 2017-A;;True;False
0001700357;Crank Media Inc;;True;False
0001700667;Ally Auto Receivables Trust 2017-2;;True;False
0001700668;CITIGROUP COMMERCIAL MORTGAGE TRUST 2017-P7;;True;False
0001700844;EvoAir Holdings Inc.;EVOH;True;False
0001700849;Vado Corp.;;True;False
0001701040;CISION LTD.;;False;True
0001701051;"WideOpenWest, Inc.";;False;False
0001701108;"Spero Therapeutics, Inc.";SPRO;False;False
0001701114;"Blue Apron Holdings, Inc.";;False;True
0001701541;"Black Diamond Therapeutics, Inc.";BDTX;False;False
0001701605;Baker Hughes Co;BKR;True;False
0001701638;JPMCC Commercial Mortgage Securities Trust 2017-JP6;;True;False
0001701724;Flat Rock Capital Corp.;;True;False
0001701732;Altair Engineering Inc.;;False;False
0001701756;"Muscle Maker, Inc.";SDOT;False;False
0001701758;Lovesac Co;LOVE;False;False
0001701821;Federal Street Acquisition Corp.;;True;False
0001701859;TGS International Ltd.;;True;False
0001702011;World Omni Auto Receivables Trust 2017-A;;True;False
0001702015;"AIS Holdings Group, Inc.";AIDG;True;False
0001702494;"AEP Transmission Company, LLC";;True;False
0001702510;"Carlyle Credit Solutions, Inc.";;True;False
0001702541;RIVEX TECHNOLOGY CORP.;;True;False
0001702744;Simply Good Foods Co;SMPL;False;False
0001702745;CD 2017-CD4 Mortgage Trust;;True;False
0001702746;Morgan Stanley Bank of America Merrill Lynch Trust 2017-C33;;True;False
0001702750;"BYLINE BANCORP, INC.";BY;False;False
0001702777;CarMax Auto Owner Trust 2017-2;;True;False
0001702780;"Altice USA, Inc.";OPTU;False;True
0001702916;"Majulah Investment, Inc.";;True;False
0001702924;"WRAP TECHNOLOGIES, INC.";WRAP;False;False
0001703038;NRC GROUP HOLDINGS CORP.;;False;True
0001703056;ADT Inc.;ADT;False;False
0001703057;AbCellera Biologics Inc.;ABCL;False;False
0001703073;VIVIC CORP.;VIVC;True;False
0001703075;CFCRE 2017-C8 Mortgage Trust;;True;False
0001703157;"Securetech Innovations, Inc.";SCTH;True;False
0001703181;"Spirit Realty, L.P.";;True;False
0001703220;AmeriCredit Automobile Receivables Trust 2017-2;;True;False
0001703489;PDL Community Bancorp;;True;False
0001703497;"YogaWorks, Inc.";;False;True
0001703625;"Treasure & Shipwreck Recovery, Inc.";BLIS;True;False
0001703644;Granite Point Mortgage Trust Inc.;GPMT-PA;False;False
0001703647;"Frequency Therapeutics, Inc.";KRRO;False;False
0001703785;Falcon Minerals Corp;;True;False
0001703956;"Concrete Pumping Holdings, Inc.";BBCP;False;False
0001703975;Notes Inc;;True;False
0001704235;Quintana Energy Services Inc.;;False;True
0001704287;"Bluejay Diagnostics, Inc.";BJDX;False;False
0001704292;Zai Lab Ltd;ZLAB;False;False
0001704304;Toyota Auto Receivables 2017-B Owner Trust;;True;False
0001704323;GM Financial Automobile Leasing Trust 2017-2;;True;False
0001704459;GS Mortgage Securities Trust 2017-GS6;;True;False
0001704596;"EVO Payments, Inc.";;False;True
0001704711;"Funko, Inc.";FNKO;False;False
0001704715;"Alpha Metallurgical Resources, Inc.";AMR;False;False
0001704720;"Cannae Holdings, Inc.";CNNE;False;True
0001704760;"American Virtual Cloud Technologies, Inc.";;False;True
0001704795;"Bantec, Inc.";;True;False
0001705002;Ally Auto Receivables Trust 2017-3;;True;False
0001705012;"Fat Brands, Inc";FATBP;False;False
0001705110;Angi Inc.;ANGI;False;False
0001705126;"AG Acquisition Group, Inc.";;True;False
0001705163;Morgan Stanley Capital I Trust 2017-H1;;True;False
0001705181;Grayscale Ethereum Classic Trust (ETC);ETCG;True;False
0001705222;"Life Partners IRA Holder Partnership, LLC";;True;False
0001705338;Spark Networks SE;;False;True
0001705445;Gold Standard Mining Co;;True;False
0001705682;Venator Materials PLC;;False;True
0001705696;VICI PROPERTIES INC.;VICI;False;False
0001705710;Santander Drive Auto Receivables Trust 2017-2;;True;False
0001705771;Draper Oakwood Technology Acquisition Inc.;;True;False
0001705843;"Calyxt, Inc.";CBUS;False;False
0001705873;Berry Corp (bry);;False;True
0001706060;UBS Commercial Mortgage Trust 2017-C1;;True;False
0001706303;BANK 2017-BNK5;;True;False
0001706403;DBJPM 2017-C6 Mortgage Trust;;True;False
0001706431;"Vir Biotechnology, Inc.";VIR;False;False
0001706509;Cosmos Group Holdings Inc.;;True;False
0001706524;"urban-gro, Inc.";UGRO;False;False
0001706573;"Tribus Enterprises, Inc.";;True;False
0001706612;Honda Auto Receivables 2017-2 Owner Trust;;True;False
0001706946;"Virgin Galactic Holdings, Inc";SPCE;False;False
0001707092;Delphi Technologies PLC;;False;True
0001707178;CorePoint Lodging Inc.;;False;True
0001707258;Amesite Inc.;;True;False
0001707306;Haymaker Acquisition Corp.;;True;False
0001707502;Solid Biosciences Inc.;SLDB;False;False
0001707593;Nissan Auto Lease Trust 2017-A;;True;False
0001707753;Elastic N.V.;ESTC;False;False
0001707817;Wells Fargo Commercial Mortgage Trust 2017-C38;;True;False
0001707910;"Reborn Coffee, Inc.";REBN;False;False
0001707919;CENNTRO ELECTRIC GROUP Ltd;CENN;False;False
0001707925;LINDE PLC;LIN;False;True
0001708035;Ecovyst Inc.;ECVT;False;False
0001708055;Ribbon Communications Inc.;RBBN;False;False
0001708131;CSAIL 2017-C8 Commercial Mortgage Trust;;True;False
0001708176;Hall of Fame Resort & Entertainment Co;;False;False
0001708204;GPT Operating Partnership LP;;True;False
0001708287;Ford Credit Auto Owner Trust 2017-B;;True;False
0001708301;BP Midstream Partners LP;;False;True
0001708331;"Virpax Pharmaceuticals, Inc.";;False;False
0001708341;Allied Gaming & Entertainment Inc.;AGAE;False;False
0001708405;Tremont Mortgage Trust;;False;True
0001708410;SIMPLICITY ESPORTS & GAMING Co;;False;True
0001708493;"Harpoon Therapeutics, Inc.";;False;False
0001708527;"AZIYO BIOLOGICS, INC.";ELUT;False;False
0001708599;"AgeX Therapeutics, Inc.";SER;False;False
0001708646;Goldman Sachs Physical Gold ETF;AAAU;True;False
0001708715;Seneca Financial Corp.;;True;False
0001708978;Drive Auto Receivables Trust 2017-1;;True;False
0001709017;"FFBW, Inc.";;True;False
0001709164;Hamilton Beach Brands Holding Co;HBB;False;False
0001709401;"Rubius Therapeutics, Inc.";;False;True
0001709442;FIRSTSUN CAPITAL BANCORP;FSUN;True;False
0001709474;Biostar Angel Stem Cell Corp;;True;False
0001709477;Shamrock Grove Acquisition Corp;;True;False
0001709525;Rose Grove Acquisition Corp;;True;False
0001709542;Electronic Servitor Publication Network Inc.;;True;False
0001709560;Hubper Group Inc.;;True;False
0001709587;Aedan Financial Corp;;True;False
0001709590;Peony Grove Acquisition Corp;;True;False
0001709682;"Custom Truck One Source, Inc.";CTOS;False;False
0001709768;Sentinel Energy Services Inc.;;False;True
0001709774;Billion Holding Inc.;;True;False
0001709967;JPMCC Commercial Mortgage Securities Trust 2017-JP7;;True;False
0001709987;Toyota Auto Receivables 2017-C Owner Trust;;True;False
0001710072;"Edgewise Therapeutics, Inc.";EWTX;False;False
0001710155;"National Vision Holdings, Inc.";EYE;False;False
0001710261;BANK 2017-BNK6;;True;False
0001710329;CarMax Auto Owner Trust 2017-3;;True;False
0001710330;World Omni Auto Receivables Trust 2017-B;;True;False
0001710340;"Eton Pharmaceuticals, Inc.";ETON;False;False
0001710358;John Deere Owner Trust 2017-B;;True;False
0001710360;CD 2017-CD5 MORTGAGE TRUST;;True;False
0001710366;CONSOL Energy Inc.;CNR;False;False
0001710482;"John Marshall Bancorp, Inc.";JMSB;False;False
0001710495;PINEAPPLE EXPRESS CANNABIS Co;PNXP;True;False
0001710583;"Switch, Inc.";;False;True
0001710600;AmeriCredit Automobile Receivables Trust 2017-3;;True;False
0001710765;GS Mortgage Securities Trust 2017-GS7;;True;False
0001710798;Wells Fargo Commercial Mortgage Trust 2017-C39;;True;False
0001710916;Santander Drive Auto Receivables Trust 2017-3;;True;False
0001711012;Senmiao Technology Ltd;AIHS;False;False
0001711142;UBS Commercial Mortgage Trust 2017-C2;;True;False
0001711269;"Evergy, Inc.";EVRG;False;False
0001711270;CNH Equipment Trust 2017-B;;True;False
0001711279;"Krystal Biotech, Inc.";KRYS;False;False
0001711291;CURO Group Holdings Corp.;;False;False
0001711438;LHI Acquisition Corp;;True;False
0001711485;"DGOC Series 28, L.P.";;True;False
0001711631;DGOC Series 18B LP;;True;False
0001711675;Nightstar Therapeutics plc;;False;True
0001711736;DGOC Series 18C LP;;True;False
0001711754;"Inmune Bio, Inc.";INMB;False;False
0001711786;"Hoth Therapeutics, Inc.";HOTH;False;False
0001711799;"Nuveen Global Cities REIT, Inc.";;True;False
0001711929;"Starwood Real Estate Income Trust, Inc.";SWDR;True;False
0001711933;"Akoya Biosciences, Inc.";;False;False
0001711993;Drive Auto Receivables Trust 2017-2;;True;False
0001712041;YAPPA WORLD INCOPORATED;;True;False
0001712182;Hyundai Auto Receivables Trust 2017-B;;True;False
0001712184;Liberty Latin America Ltd.;LILAB;False;True
0001712189;Target Hospitality Corp.;TH;False;False
0001712463;Ranpak Holdings Corp.;PACK;False;False
0001712543;Andover National Corp;;True;False
0001712665;Nissan Auto Receivables 2017-B Owner Trust;;True;False
0001712762;"bioAffinity Technologies, Inc.";BIAFW;False;False
0001712799;GM Financial Automobile Leasing Trust 2017-3;;True;False
0001712923;"GreenSky, Inc.";;False;True
0001713210;Agape ATP Corp;ATPC;False;False
0001713226;UBS Commercial Mortgage Trust 2017-C3;;True;False
0001713393;CITIGROUP COMMERCIAL MORTGAGE TRUST 2017-B1;;True;False
0001713407;BROOKFIELD REAL ESTATE INCOME TRUST INC.;;True;False
0001713539;CM Seven Star Acquisition Corp;KXIN;False;False
0001713660;USAA Auto Owner Trust 2017-1;;True;False
0001713683;"Zscaler, Inc.";ZS;False;False
0001713736;Ally Auto Receivables Trust 2017-4;;True;False
0001713809;"Chengda Technology Co., Ltd.";;True;False
0001713832;HyreCar Inc.;;False;True
0001713863;"Rafael Holdings, Inc.";RFL;False;False
0001713909;"Water Now, Inc.";;True;False
0001713952;"Vivint Smart Home, Inc.";;False;True
0001714154;COMM 2017-COR2 Mortgage Trust;;True;False
0001714232;"Atlantic Acquisition II, INc.";;True;False
0001714367;"SigmaRenoPro, Inc.";;True;False
0001714379;"FACT, Inc.";;True;False
0001714679;BANK 2017-BNK7;;True;False
0001714798;Prevail Therapeutics Inc.;;False;True
0001714899;Denali Therapeutics Inc.;DNLI;False;False
0001714973;Kinder Morgan Canada Ltd;;True;False
0001715268;"Golub Capital BDC 3, Inc.";;True;False
0001715362;Honda Auto Receivables 2017-3 Owner Trust;;True;False
0001715433;Leader Capital Holdings Corp.;LCHD;True;False
0001715585;Fifth Third Auto Trust 2017-1;;True;False
0001715611;BODY & MIND INC.;;True;False
0001715629;"Rangers Sub I, LLC";;True;False
0001715768;"Transphorm, Inc.";;False;False
0001715819;"Electromedical Technologies, Inc";EMED;True;False
0001715824;CITIGROUP COMMERCIAL MORTGAGE TRUST 2017-P8;;True;False
0001715846;Morgan Stanley Bank of America Merrill Lynch Trust 2017-C34;;True;False
0001715933;TCW Direct Lending VII LLC;;True;False
0001715942;"DATA VISION, INC.";;True;False
0001716166;"Vivos Therapeutics, Inc.";VVOS;False;False
0001716186;JPMDB Commercial Mortgage Securities Trust 2017-C7;;True;False
0001716187;Wells Fargo Commercial Mortgage Trust 2017-C40;;True;False
0001716188;"SSB Bancorp, Inc.";;True;False
0001716263;UBS Commercial Mortgage Trust 2017-C4;;True;False
0001716324;Regnum Corp.;;True;False
0001716558;"American Homes 4 Rent, L.P.";;True;False
0001716583;Hyzon Motors Inc.;;False;False
0001716602;CSAIL 2017-CX9 Commercial Mortgage Trust;;True;False
0001716621;"Ra Medical Systems, Inc.";VTAK;False;False
0001716665;BMW Vehicle Lease Trust 2017-2;;True;False
0001716697;First Choice Bancorp;;False;True
0001716947;"Ensysce Biosciences, Inc.";ENSCW;False;False
0001717307;Industrial Logistics Properties Trust;ILPT;False;False
0001717310;"Venture Lending & Leasing IX, Inc.";;True;False
0001717452;"Odonate Therapeutics, Inc.";;False;True
0001717547;"BrightSpire Capital, Inc.";BRSP;False;False
0001717556;"Vinco Ventures, Inc.";;False;True
0001717778;Nissan Auto Lease Trust 2017-B;;True;False
0001717900;Drive Auto Receivables Trust 2017-3;;True;False
0001717961;Regalwood Global Energy Ltd.;;False;True
0001718100;Toyota Auto Receivables 2017-D Owner Trust;;True;False
0001718108;"Surface Oncology, Inc.";;False;True
0001718224;"BT Brands, Inc.";BTBDW;False;False
0001718227;"Construction Partners, Inc.";ROAD;False;False
0001718304;CITIGROUP COMMERCIAL MORTGAGE TRUST 2017-C4;;True;False
0001718322;BANK 2017-BNK8;;True;False
0001718362;AmeriCredit Automobile Receivables Trust 2017-4;;True;False
0001718405;HYCROFT MINING HOLDING CORP;HYMCW;False;True
0001718483;GS Mortgage Securities Trust 2017-GS8;;True;False
0001718500;Reviv3 Procare Co;AXIL;True;False
0001718512;Gates Industrial Corp plc;GTES;False;False
0001718592;CarMax Auto Owner Trust 2017-4;;True;False
0001718626;CM Credit Opportunities BDC I Inc.;;True;False
0001718644;"Zander Therapeutics, Inc";;True;False
0001718647;Ford Credit Auto Lease Trust 2017-B;;True;False
0001718852;"Prometheus Biosciences, Inc.";;False;True
0001718939;T Stamp Inc;IDAI;False;False
0001719195;UBS Commercial Mortgage Trust 2017-C5;;True;False
0001719199;Wells Fargo Commercial Mortgage Trust 2017-C41;;True;False
0001719323;"Energy Conversion Services, Inc.";;True;False
0001719395;"Eargo, Inc.";;False;False
0001719406;"NRX Pharmaceuticals, Inc.";NRXPW;False;False
0001719435;"ASSISTED 4 LIVING, INC.";;True;False
0001719489;"Kaleyra, Inc.";;False;True
0001719606;"Pharos Capital BDC, Inc.";;True;False
0001719881;"FMC GlobalSat Holdings, Inc.";;True;False
0001719893;MTech Acquisition Corp;;False;False
0001719959;CD 2017-CD6 Mortgage Trust;;True;False
0001720025;Allegro Merger Corp.;;False;True
0001720116;"Red Violet, Inc.";RDVT;False;False
0001720201;iPic Entertainment Inc.;;False;True
0001720265;Grayscale Zcash Trust (ZEC);ZCSH;True;False
0001720286;INTERNET SCIENCES INC.;;True;False
0001720353;Nebula Acquisition Corp;;False;False
0001720420;IBEX Ltd;IBEX;False;False
0001720474;CSAIL 2017-CX10 Commercial Mortgage Trust;;True;False
0001720580;"Adicet Bio, Inc.";ACET;False;False
0001720592;Repay Holdings Corp;RPAY;False;False
0001720635;nVent Electric plc;NVT;False;False
0001720671;"HashiCorp, Inc.";;False;False
0001720725;"Oyster Point Pharma, Inc.";;False;True
0001720748;CCUBS Commercial Mortgage Trust 2017-C1;;True;False
0001720749;Volkswagen Auto Loan Enhanced Trust 2018-1;;True;False
0001720821;PAE Inc;;False;True
0001720893;"BioXcel Therapeutics, Inc.";BTAI;False;False
0001720990;Fisker Inc./DE;;False;False
0001721056;HOOPS SCOUTING USA;;True;False
0001721133;Right of Reply Ltd;;True;False
0001721257;CNH Equipment Trust 2017-C;;True;False
0001721353;Ally Auto Receivables Trust 2017-5;;True;False
0001721372;Ford Credit Auto Owner Trust 2017-C;;True;False
0001721373;BANK 2017-BNK9;;True;False
0001721386;Landsea Homes Corp;;False;False
0001721484;Longeveron Inc.;LGVN;False;False
0001721741;"Lazydays Holdings, Inc.";;False;True
0001721745;Honda Auto Receivables 2017-4 Owner Trust;;True;False
0001721781;AEP Texas Inc.;;True;False
0001721905;UBS Commercial Mortgage Trust 2017-C6;;True;False
0001721947;Jamf Holding Corp.;JAMF;False;False
0001722010;OP Bancorp;OPBK;False;False
0001722194;Benchmark 2018-B1 Mortgage Trust;;True;False
0001722271;"Akouos, Inc.";;False;True
0001722287;Covia Holdings Corp;;True;False
0001722438;"Doma Holdings, Inc.";;False;False
0001722482;"Avantor, Inc.";AVTR;False;False
0001722556;BestGofer Inc.;BGFR;True;False
0001722684;"WYNDHAM HOTELS & RESORTS, INC.";WH;False;False
0001722731;"FDCTECH, INC.";FDCT;True;False
0001722964;"Y-mAbs Therapeutics, Inc.";;False;False
0001722969;Atlis Motor Vehicles Inc;NXUR;True;False
0001722992;SMTA Liquidating Trust;;False;True
0001723059;Bio Essence Corp;BIOE;True;False
0001723083;Victory Commercial Management Inc.;;True;False
0001723089;ChampionX Corp;;False;False
0001723128;"Amneal Pharmaceuticals, Inc.";AMRX;False;False
0001723177;"Syndicated Resorts Association,Inc.";;True;False
0001723187;Leader Hill Corp;;True;False
0001723291;Wells Fargo Commercial Mortgage Trust 2017-C42;;True;False
0001723306;Morgan Stanley Capital I Trust 2017-HR2;;True;False
0001723370;Nissan Auto Receivables 2017-C Owner Trust;;True;False
0001723517;UC Asset LP;UCASU;True;False
0001723535;Mercedes-Benz Auto Lease Trust 2018-A;;True;False
0001723580;"BurgerFi International, Inc.";;False;False
0001723596;"Columbia Financial, Inc.";CLBK;False;False
0001723648;"LiveVox Holdings, Inc.";;False;True
0001723788;Bitwise 10 Crypto Index Fund;BITW;True;False
0001723866;"Select Interior Concepts, Inc.";;False;True
0001724001;AXELEREX CORP.;;True;False
0001724009;PermRock Royalty Trust;PRT;False;False
0001724128;GM Financial Consumer Automobile Receivables Trust 2018-1;;True;False
0001724177;UBS Commercial Mortgage Trust 2017-C7;;True;False
0001724344;Entasis Therapeutics Holdings Inc.;;False;True
0001724521;"Arcus Biosciences, Inc.";RCUS;False;False
0001724570;DATTO HOLDING CORP.;;False;True
0001724588;World Omni Auto Receivables Trust 2018-A;;True;False
0001724670;Perspecta Inc.;;False;True
0001724786;"Synchrony Card Funding, LLC";;True;False
0001724789;Synchrony Card Issuance Trust;;True;False
0001724965;TALOS ENERGY INC.;TALO;False;False
0001724979;Rain Oncology Inc.;;False;False
0001725057;Ceridian HCM Holding Inc.;DAY;True;False
0001725063;Jufeel International Group;;True;False
0001725134;"Digital Media Solutions, Inc.";;False;True
0001725160;"Zentalis Pharmaceuticals, Inc.";ZNTL;False;False
0001725206;Union Acquisition Corp.;;True;False
0001725210;Grayscale Ethereum Trust (ETH);ETHE;True;False
0001725255;AdaptHealth Corp.;AHCO;False;False
0001725430;INTELLIGENT BIO SOLUTIONS INC.;INBS;False;False
0001725516;"RENEWABLE INNOVATIONS, INC.";;True;False
0001725526;HighPoint Resources Corp;;False;True
0001725579;"Pluralsight, Inc.";;False;True
0001725585;Toyota Auto Receivables 2018-A Owner Trust;;True;False
0001725617;BMW Vehicle Owner Trust 2018-A;;True;False
0001725618;CarMax Auto Owner Trust 2018-1;;True;False
0001725872;"BM Technologies, Inc.";;False;False
0001725911;Global Diversified Marketing Group Inc.;NBND;True;False
0001726079;"Tipmefast, Inc.";LUCN;True;False
0001726126;Epsilon Energy Ltd.;EPSN;False;False
0001726146;Twelve Seas Investment Co;;True;False
0001726162;GM Financial Automobile Leasing Trust 2018-1;;True;False
0001726173;Biglari Holdings Inc.;BH;False;False
0001726293;Pure Acquisition Corp.;;False;True
0001726445;"Seer, Inc.";SEER;False;False
0001726548;BC Partners Lending Corp;;True;False
0001726711;"Aditxt, Inc.";ADTX;False;False
0001726744;EXENT CORP.;;True;False
0001726794;Santander Drive Auto Receivables Trust 2018-1;;True;False
0001726822;Soul Biotechnology Corp;;True;False
0001726978;"Goosehead Insurance, Inc.";GSHD;False;False
0001727196;Scholar Rock Holding Corp;SRRK;False;False
0001727255;Chilean Cobalt Corp.;COBA;True;False
0001727263;"Frontdoor, Inc.";FTDR;False;False
0001727815;AFRIKA4U;;True;False
0001727820;Ally Auto Receivables Trust 2018-1;;True;False
0001727836;UBS Commercial Mortgage Trust 2018-C8;;True;False
0001728028;Honda Auto Receivables 2018-1 Owner Trust;;True;False
0001728041;CF Finance Acquisition Corp.;;False;False
0001728085;BANK 2018-BNK10;;True;False
0001728117;"Gossamer Bio, Inc.";GOSS;False;False
0001728205;Piedmont Lithium Inc.;;False;True
0001728328;InMed Pharmaceuticals Inc.;INM;False;False
0001728339;BENCHMARK 2018-B2 Mortgage Trust;;True;False
0001728688;"i3 Verticals, Inc.";IIIV;False;False
0001728847;Drive Auto Receivables Trust 2018-1;;True;False
0001728951;"ESSENTIAL PROPERTIES REALTY TRUST, INC.";EPRT;False;False
0001729149;"VIEMED HEALTHCARE, INC.";VMD;False;False
0001729361;AmeriCredit Automobile Receivables Trust 2018-1;;True;False
0001729427;"CNS Pharmaceuticals, Inc.";CNSP;False;False
0001729637;Karbon-X Corp.;KARX;True;False
0001729750;"Kubient, Inc.";;False;True
0001729751;"SoCal Harvest, Inc.";;True;False
0001729756;Fintech Acquisition Corp. III;;False;True
0001729757;John Deere Owner Trust 2018;;True;False
0001729832;Wells Fargo Commercial Mortgage Trust 2018-C43;;True;False
0001729944;"IMAC Holdings, Inc.";BACK;False;False
0001729997;Grayscale Digital Large Cap Fund LLC;GDLC;True;False
0001730127;World Omni Automobile Lease Securitization Trust 2018-A;;True;False
0001730168;Broadcom Inc.;AVGO;False;False
0001730276;Nissan Auto Receivables 2018-A Owner Trust;;True;False
0001730300;PSNH FUNDING LLC 3;;True;False
0001730346;"Charah Solutions, Inc.";;False;True
0001730430;"Kiniksa Pharmaceuticals, Ltd.";KNSA;False;False
0001730732;3FORCES INC.;;True;False
0001730773;Blue Star Foods Corp.;BSFC;False;False
0001730869;"Everything Blockchain, Inc.";EBZT;True;False
0001730984;BayCom Corp;BCML;False;False
0001731044;CITIGROUP COMMERCIAL MORTGAGE TRUST 2018-B2;;True;False
0001731056;GS Mortgage Securities Trust 2018-GS9;;True;False
0001731058;UBS Commercial Mortgage Trust 2018-C9;;True;False
0001731176;Tottenham Acquisition I Ltd;;False;True
0001731289;Nikola Corp;;False;False
0001731348;"Tilray Brands, Inc.";TLRY;False;True
0001731536;Trinity Merger Corp.;;True;False
0001731627;BANK 2018-BNK11;;True;False
0001731727;"LMP Automotive Holdings, Inc.";;False;True
0001731831;"Eidos Therapeutics, Inc.";;False;True
0001731911;"EPHS HOLDINGS, INC.";;True;False
0001732406;Grayscale Litecoin Trust (LTC);LTCN;True;False
0001732409;Grayscale Bitcoin Cash Trust (BCH);BCHG;True;False
0001732677;"Sustinere Holdings, Inc.";;True;False
0001732845;WestRock Co;;False;True
0001732963;CSAIL 2018-CX11 Commercial Mortgage Trust;;True;False
0001733186;"Veoneer, Inc.";;False;True
0001733257;"Finch Therapeutics Group, Inc.";FNCH;False;False
0001733294;Generation Bio Co.;GBIO;False;False
0001733310;GM Financial Consumer Automobile Receivables Trust 2018-2;;True;False
0001733358;Mercedes-Benz Auto Receivables Trust 2018-1;;True;False
0001733413;"TFF Pharmaceuticals, Inc.";;False;False
0001733861;REST EZ Inc.;RTEZ;True;False
0001733998;Northwest Natural Holding Co;NWN;False;False
0001734103;BENCHMARK 2018-B3 COMMERCIAL MORTGAGE TRUST;;True;False
0001734342;Amerant Bancorp Inc.;AMTB;False;True
0001734517;"Viela Bio, Inc.";;False;True
0001734713;"BrightView Holdings, Inc.";BV;False;False
0001734722;"UiPath, Inc.";PATH;False;False
0001734750;Movano Inc.;MOVE;False;False
0001734850;CarMax Auto Owner Trust 2018-2;;True;False
0001734875;"Mid-Southern Bancorp, Inc.";;False;True
0001734889;World Omni Auto Receivables Trust 2018-B;;True;False
0001735033;Santander Drive Auto Receivables Trust 2018-2;;True;False
0001735041;Greenland Technologies Holding Corp.;GTEC;False;False
0001735092;"Gofba, Inc.";;True;False
0001735184;Retail Value Inc.;;False;True
0001735438;MeiraGTx Holdings plc;MGTX;True;False
0001735464;Hyundai Auto Receivables Trust 2018-A;;True;False
0001735646;JPMDB Commercial Mortgage Securities Trust 2018-C8;;True;False
0001735707;Garrett Motion Inc.;GTX;False;False
0001735733;COMM 2018-COR3 Mortgage Trust;;True;False
0001735803;"Apria, Inc.";;False;True
0001735828;Legacy Reserves Inc.;;False;True
0001735858;Far Point Acquisition Corp;;False;False
0001736035;Blackstone Secured Lending Fund;BXSL;False;False
0001736243;"Acurx Pharmaceuticals, Inc.";ACXP;False;False
0001736305;Ford Credit Auto Lease Trust 2018-A;;True;False
0001736511;Ally Auto Receivables Trust 2018-2;;True;False
0001736659;Wells Fargo Commercial Mortgage Trust 2018-C44;;True;False
0001736712;Toyota Auto Receivables 2018-B Owner Trust;;True;False
0001736790;Honda Auto Receivables 2018-2 Owner Trust;;True;False
0001736862;UBS Commercial Mortgage Trust 2018-C10;;True;False
0001736865;"Golden Developing Solutions, Inc.";;True;False
0001736874;HL Acquisitions Corp.;;False;False
0001736946;"Arlo Technologies, Inc.";ARLO;False;False
0001737193;Luduson G Inc.;;True;False
0001737204;"Riviera Resources, Inc.";;True;False
0001737287;"Allogene Therapeutics, Inc.";ALLO;False;False
0001737372;"Sysorex, Inc.";;True;False
0001737422;New Frontier Corp;;False;True
0001737523;BioNexus Gene Lab Corp;BGLC;False;False
0001737924;Nuveen Churchill Direct Lending Corp.;NCDL;True;False
0001737927;Canopy Growth Corp;CGC;False;False
0001737953;"Replimune Group, Inc.";REPL;False;False
0001737995;Sharps Technology Inc.;STSSW;False;False
0001738021;"Compass Therapeutics, Inc.";CMPX;False;False
0001738177;Cambium Networks Corp;CMBM;False;False
0001738178;GM Financial Automobile Leasing Trust 2018-2;;True;False
0001738179;CNH Equipment Trust 2018-A;;True;False
0001738390;Drive Auto Receivables Trust 2018-2;;True;False
0001738758;GLORY STAR NEW MEDIA GROUP HOLDINGS Ltd;CHR;False;False
0001738827;"KLX Energy Services Holdings, Inc.";KLXE;False;False
0001739104;Elanco Animal Health Inc;ELAN;False;False
0001739174;BiomX Inc.;PHGE;False;False
0001739208;"Tenaya Group, Inc.";;True;False
0001739276;Ford Credit Auto Owner Trust 2018-A;;True;False
0001739410;Rallybio Corp;RLYB;False;False
0001739423;BANK 2018-BNK12;;True;False
0001739426;RVL Pharmaceuticals plc;;False;True
0001739445;"Arcosa, Inc.";ACA;False;False
0001739566;"Utz Brands, Inc.";UTZ;False;False
0001739614;"Inhibrx, Inc.";;False;False
0001739936;MOMENTIVE GLOBAL INC.;;False;True
0001739940;Cigna Group;CI;False;False
0001739942;SolarWinds Corp;;False;True
0001740040;UBS Commercial Mortgage Trust 2018-C11;;True;False
0001740279;"IN8BIO, INC.";INAB;False;False
0001740332;"RESIDEO TECHNOLOGIES, INC.";REZI;False;False
0001740450;CITIGROUP COMMERCIAL MORTGAGE TRUST 2018-C5;;True;False
0001740547;Urovant Sciences Ltd.;;False;True
0001740695;"Lux Amber, Corp.";;True;False
0001740742;Unicoin Inc.;;True;False
0001740797;TREND INNOVATIONS HOLDING INC.;AVAI;True;False
0001740849;Benchmark 2018-B4 Mortgage Trust;;True;False
0001741231;"Tattooed Chef, Inc.";;False;True
0001741257;"BANGFU TECHNOLOGY GROUP CO., LTD.";;True;False
0001741276;California Republic Auto Receivables Trust 2018-1;;True;False
0001741489;"Elvictor Group, Inc.";ELVG;True;False
0001741603;ACCEL LIQUID GELS;;True;False
0001741690;Wells Fargo Commercial Mortgage Trust 2018-C45;;True;False
0001741830;"Kronos Bio, Inc.";;False;False
0001741908;GM Financial Consumer Automobile Receivables Trust 2018-3;;True;False
0001742089;"CBM BANCORP, INC.";;False;True
0001742313;Monroe Capital Income Plus Corp;;True;False
0001742373;GS Mortgage Securities Trust 2018-GS10;;True;False
0001742379;Ally Auto Receivables Trust 2018-3;;True;False
0001742383;Morgan Stanley Capital I Trust 2018-H3;;True;False
0001742444;Santander Drive Auto Receivables Trust 2018-3;;True;False
0001742491;"Kenloc, Inc.";;True;False
0001742867;CarMax Auto Owner Trust 2018-3;;True;False
0001742924;Livent Corp.;;True;False
0001742927;"REVIVA PHARMACEUTICALS HOLDINGS, INC.";RVPH;False;False
0001743415;SCP Private Credit Income BDC LLC;;True;False
0001743587;John Deere Owner Trust 2018-B;;True;False
0001743725;"GRID DYNAMICS HOLDINGS, INC.";GDYN;False;False
0001743745;"Greenlane Holdings, Inc.";GNLN;False;False
0001743759;"Corsair Gaming, Inc.";CRSR;False;False
0001743852;Nissan Auto Receivables 2018-B Owner Trust;;True;False
0001743858;Longevity Acquisition Corp;;False;True
0001743881;"BridgeBio Pharma, Inc.";BBIO;False;False
0001743886;"Federal Life Group, Inc.";;False;True
0001743907;"Sun Country Airlines Holdings, Inc.";SNCY;False;False
0001744034;WORLD OMNI AUTO RECEIVABLES TRUST 2018-C;;True;False
0001744179;"Oaktree Strategic Income II, Inc.";;True;False
0001744489;Walt Disney Co;DIS;False;False
0001744494;"ADVENT TECHNOLOGIES HOLDINGS, INC.";ADNWW;False;False
0001744659;"Akero Therapeutics, Inc.";;False;False
0001744707;BANK 2018-BNK13;;True;False
0001744894;"Sirius International Insurance Group, Ltd.";;False;True
0001744895;Churchill Capital Corp;;False;True
0001744982;UBS Commercial Mortgage Trust 2018-C12;;True;False
0001745020;"Theseus Pharmaceuticals, Inc.";;False;False
0001745032;"Lodging Fund REIT III, Inc.";;True;False
0001745041;"IAA, Inc.";;False;True
0001745078;"Vynleads, Inc.";VYND;True;False
0001745187;Drive Auto Receivables Trust 2018-3;;True;False
0001745314;AmeriCredit Automobile Receivables Trust 2018-2;;True;False
0001745317;"Velodyne Lidar, Inc.";;False;True
0001745376;Honda Auto Receivables 2018-3 Owner Trust;;True;False
0001745511;CSAIL 2018-CX12 Commercial Mortgage Trust;;True;False
0001745529;Benchmark 2018-B5 Mortgage Trust;;True;False
0001745763;Toyota Auto Receivables 2018-C Owner Trust;;True;False
0001745797;"Brigham Minerals, Inc.";;False;True
0001745916;"PennyMac Financial Services, Inc.";PFSI;False;False
0001745931;JS BEAUTY LAND NETWORK TECHNOLOGY INC;;True;False
0001745999;Beam Therapeutics Inc.;BEAM;False;False
0001746037;ARYA SCIENCES ACQUISITION CORP.;;False;True
0001746109;Bank First Corp;BFC;False;False
0001746119;MU GLOBAL HOLDING Ltd;VGES;True;False
0001746129;Bank7 Corp.;BSVN;False;False
0001746214;BIOPLUS LIFE CORP.;;True;False
0001746278;"GoLogiq, Inc.";;True;False
0001746406;CD 2018-CD7 Mortgage Trust;;True;False
0001746466;"Equillium, Inc.";EQ;False;False
0001746468;EdtechX Holdings Acquisition Corp.;;False;True
0001746473;"PLIANT THERAPEUTICS, INC.";PLRX;False;False
0001746563;"PotNetwork Holdings, Inc.";;True;False
0001746618;"Revolve Group, Inc.";RVLV;False;False
0001747009;Equitrans Midstream Corp;;False;False
0001747068;"MetroCity Bankshares, Inc.";MCBS;False;False
0001747079;Bally's Corp;BALY;False;False
0001747172;"Kayne Anderson BDC, Inc.";KBDC;True;False
0001747748;Qualtrics International Inc.;;False;True
0001747777;Owl Rock Technology Finance Corp.;OTF;True;False
0001747909;GM Financial Automobile Leasing Trust 2018-3;;True;False
0001748011;Santander Drive Auto Receivables Trust 2018-4;;True;False
0001748137;NeoVolta Inc.;NEOVW;False;False
0001748232;"GPODS, INC.";;True;False
0001748252;DD3 Acquisition Corp.;;False;True
0001748621;Alberton Acquisition Corp;;False;True
0001748773;RATTLER MIDSTREAM LP;;False;True
0001748790;Amcor plc;AMCCD;False;False
0001748824;BrightSphere Investment Group Inc.;AAMI;False;False
0001748907;Orchard Therapeutics plc;;False;False
0001748940;Wells Fargo Commercial Mortgage Trust 2018-C46;;True;False
0001748945;Grayscale Horizen Trust (ZEN);HZEN;True;False
0001749273;World Omni Automobile Lease Securitization Trust 2018-B;;True;False
0001749360;UBS Commercial Mortgage Trust 2018-C13;;True;False
0001749704;"AGILITI, INC. \DE";;False;True
0001749723;New Fortress Energy Inc.;NFE;False;False
0001749849;Organic Agricultural Co Ltd;;True;False
0001749973;BANK 2018-BNK14;;True;False
0001750019;TCR2 THERAPEUTICS INC.;;False;True
0001750106;Alset Inc.;AEI;False;False
0001750149;"Inhibikase Therapeutics, Inc.";IKT;False;False
0001750153;Canoo Inc.;GOEVQ;False;False
0001750155;"Charlotte's Web Holdings, Inc.";CWBHF;True;False
0001750284;"Olema Pharmaceuticals, Inc.";OLMA;False;False
0001750384;"CareClix Holdings, Inc.";;True;False
0001750398;"Yumba Records Storage, Inc.";;True;False
0001750506;"Voiceinterop, Inc.";;True;False
0001750588;Drive Auto Receivables Trust 2018-4;;True;False
0001750707;CNH Equipment Trust 2018-B;;True;False
0001750735;Meridian Corp;MRBK;False;False
0001750777;"Hawkeye Systems, Inc.";HWKE;True;False
0001751008;AppLovin Corp;APP;False;False
0001751012;GM Financial Consumer Automobile Receivables Trust 2018-4;;True;False
0001751143;"ATLAS TECHNICAL CONSULTANTS, INC.";;False;True
0001751299;"Kaleido Biosciences, Inc.";;False;True
0001751692;"1895 Bancorp of Wisconsin, Inc.";;True;False
0001751700;"TEB Bancorp, Inc.";;True;False
0001751707;United Express Inc.;OZVN;True;False
0001751743;Morgan Stanley Capital I Trust 2018-L1;;True;False
0001751783;"Rhinebeck Bancorp, Inc.";RBKB;False;False
0001751788;DOW INC.;DOW;False;False
0001751874;BENCHMARK 2018-B6 MORTGAGE TRUST;;True;False
0001751882;"MARY JANE'S CBD DISPENSARY , INC.";;True;False
0001751960;Ford Credit Auto Lease Trust 2018-B;;True;False
0001752036;California BanCorp;;False;False
0001752039;"POSITIVE PHYSICIANS HOLDINGS, INC.";;False;True
0001752363;DBGS 2018-C1 Mortgage Trust;;True;False
0001752372;Ezagoo Ltd;EZOO;True;False
0001752474;KLDiscovery Inc.;;True;False
0001752578;World Omni Auto Receivables Trust 2018-D;;True;False
0001752594;CSAIL 2018-C14 Commercial Mortgage Trust;;True;False
0001752773;ETC M-A Acquisition LLC;;True;False
0001752828;Celularity Inc;CELUW;False;False
0001752836;"COVETRUS, INC.";;False;True
0001753162;Fathom Holdings Inc.;FTHM;False;False
0001753233;Wells Fargo Commercial Mortgage Trust 2018-C47;;True;False
0001753373;INKY INC.;MTWO;True;False
0001753391;BIGEON CORP.;QSJC;True;False
0001753539;BlackSky Technology Inc.;BKSY-WT;False;False
0001753581;Santander Drive Auto Receivables Trust 2018-5;;True;False
0001753585;BMW Vehicle Lease Trust 2018-1;;True;False
0001753648;8i Enterprises Acquisition Corp.;;False;True
0001753673;Wealthbridge Acquisition Ltd;SJ;False;False
0001753681;Elite Performance Holding Corp;;True;False
0001753706;"Whole Earth Brands, Inc.";;False;False
0001753886;Stonemor Inc.;;False;True
0001753931;"Shengda Network Technology, Inc.";;True;False
0001753945;"Opti-Harvest, Inc.";;True;False
0001754008;CarMax Auto Owner Trust 2018-4;;True;False
0001754068;"Allovir, Inc.";KLRS;False;False
0001754170;AerSale Corp;ASLE;False;False
0001754189;Toyota Auto Receivables 2018-D Owner Trust;;True;False
0001754195;Trulieve Cannabis Corp.;TCNNF;True;False
0001754226;"Orange County Bancorp, Inc. /DE/";OBT;False;False
0001754301;Fox Corp;FOX;False;False
0001754377;VZOT 2018-A;;True;False
0001754388;AmeriCredit Automobile Receivables Trust 2018-3;;True;False
0001754784;Ford Credit Auto Owner Trust 2018-B;;True;False
0001754820;"Desktop Metal, Inc.";;False;False
0001754824;Schultze Special Purpose Acquisition Corp.;;False;False
0001754913;BBCMS Mortgage Trust 2018-C2;;True;False
0001755047;Honda Auto Receivables 2018-4 Owner Trust;;True;False
0001755058;ATIF Holdings Ltd;ZBAI;False;False
0001755101;APPlife Digital Solutions Inc;ALDS;True;False
0001755237;"Cyclerion Therapeutics, Inc.";CYCN;False;False
0001755318;Nissan Auto Lease Trust 2018-A;;True;False
0001755672;"Corteva, Inc.";CTVA;False;False
0001755755;"VINEBROOK HOMES TRUST, INC.";;True;False
0001755953;Akerna Corp.;ABTC;True;False
0001756180;"NOCERA, INC.";NCRA;False;False
0001756262;"TransMedics Group, Inc.";TMDX;False;False
0001756271;BANK 2018-BNK15;;True;False
0001756390;"Ascend Wellness Holdings, Inc.";AAWH;True;False
0001756401;Volkswagen Auto Loan Enhanced Trust 2018-2;;True;False
0001756497;Change Healthcare Inc.;;False;True
0001756574;"NEW WORLD TECHNOLOGIES, INC.";;True;False
0001756640;Wiseman Global Ltd;;True;False
0001756671;Hyundai Auto Receivables Trust 2018-B;;True;False
0001756701;"LINKBANCORP, Inc.";LNKB;False;False
0001756761;Invesco Real Estate Income Trust Inc.;;True;False
0001757018;Benchmark 2018-B7 Mortgage Trust;;True;False
0001757056;Mercedes-Benz Auto Lease Trust 2018-B;;True;False
0001757067;"W O Group, Inc.";;True;False
0001757073;Envista Holdings Corp;NVST;False;False
0001757404;Drive Auto Receivables Trust 2018-5;;True;False
0001757499;"Shuttle Pharmaceuticals Holdings, Inc.";SHPH;False;False
0001757715;"Aterian, Inc.";ATER;False;False
0001757898;STERIS plc;STE;False;False
0001757925;CITIGROUP COMMERCIAL MORTGAGE TRUST 2018-C6;;True;False
0001757928;Wells Fargo Commercial Mortgage Trust 2018-C48;;True;False
0001757932;"Romeo Power, Inc.";;False;True
0001758009;Quantum Computing Inc.;QUBT;False;False
0001758021;Karat Packaging Inc.;KRT;False;False
0001758057;"Luminar Technologies, Inc./DE";LAZRQ;False;False
0001758292;UBS Commercial Mortgage Trust 2018-C14;;True;False
0001758488;ONESPAWORLD HOLDINGS Ltd;OSW;False;True
0001758699;TRANSUITE.ORG INC.;TRSO;True;False
0001758730;Tradeweb Markets Inc.;TW;False;False
0001758766;"STEM, INC.";STEM;False;False
0001758882;Morgan Stanley Capital I Trust 2018-H4;;True;False
0001758901;Benchmark 2018-B8 Mortgage Trust;;True;False
0001759008;"CarLotz, Inc.";;False;True
0001759124;iShares Gold Trust Micro;IAUM;True;False
0001759138;"Cabaletta Bio, Inc.";CABA;False;False
0001759186;"Coeptis Therapeutics Holdings, Inc.";COEPW;False;False
0001759384;Nissan Auto Receivables 2018-C Owner Trust;;True;False
0001759424;"Evil Empire Designs, Inc.";;True;False
0001759425;"Mirum Pharmaceuticals, Inc.";MIRM;False;False
0001759509;"Lyft, Inc.";LYFT;False;False
0001759546;Lordstown Motors Corp.;NRDE;False;True
0001759631;Hyliion Holdings Corp.;HYLN;False;False
0001759655;"Privia Health Group, Inc.";PRVA;False;False
0001759774;"Postal Realty Trust, Inc.";PSTL;False;False
0001759824;ALTA EQUIPMENT GROUP INC.;ALTG-PA;False;False
0001760026;"MESO NUMISMATICS, INC.";RMTG;True;False
0001760173;"SURGALIGN HOLDINGS, INC.";;False;True
0001760233;"RDE, Inc.";GIFT;True;False
0001760283;GM Financial Consumer Automobile Receivables Trust 2019-1;;True;False
0001760337;UBS Commercial Mortgage Trust 2018-C15;;True;False
0001760439;HARVEST HEALTH & RECREATION INC.;;True;False
0001760542;HOOKIPA Pharma Inc.;HOOK;False;False
0001760683;East Stone Acquisition Corp;;True;False
0001760689;"Microvast Holdings, Inc.";MVSTW;False;False
0001760717;SciPlay Corp;;False;True
0001760903;"Jupiter Wellness, Inc.";BNKK;False;False
0001760965;"Kontoor Brands, Inc.";KTB;False;False
0001761312;"Palomar Holdings, Inc.";PLMR;False;False
0001761325;Grayscale Stellar Lumens Trust (XLM);GXLM;True;False
0001761510;TILT Holdings Inc.;TLLTF;True;False
0001761534;Golden Royal Development Inc.;;True;False
0001761540;STRATUS CAPITAL CORP;;True;False
0001761612;BICYCLE THERAPEUTICS plc;BCYC;False;False
0001761696;Crown Electrokinetics Corp.;CRKN;False;False
0001761918;"Erasca, Inc.";ERAS;False;False
0001761940;Diamond S Shipping Inc.;;False;True
0001762228;Toyota Auto Receivables 2019-A Owner Trust;;True;False
0001762239;"Kaival Brands Innovations Group, Inc.";KAVL;False;False
0001762278;CarMax Auto Owner Trust 2019-1;;True;False
0001762287;World Omni Auto Receivables Trust 2019-A;;True;False
0001762303;"AVITA Medical, Inc.";AVHHL;False;True
0001762322;"SHIFT TECHNOLOGIES, INC.";;False;True
0001762359;"Acreage Holdings, Inc.";;True;False
0001762533;"NORTHWEST OIL & GAS TRADING COMPANY, INC.";;True;False
0001762569;CNH Equipment Trust 2019-A;;True;False
0001763001;Wells Fargo Commercial Mortgage Trust 2019-C49;;True;False
0001763174;Drive Auto Receivables Trust 2019-1;;True;False
0001763207;GS Mortgage Securities Trust 2019-GC38;;True;False
0001763329;"Mycotopia Therapies, Inc.";AIBT;True;False
0001763333;BANK 2019-BNK16;;True;False
0001763499;GM Financial Automobile Leasing Trust 2019-1;;True;False
0001763501;JPMCC Commercial Mortgage Securities Trust 2019-COR4;;True;False
0001763502;CSAIL 2019-C15 Commercial Mortgage Trust;;True;False
0001763657;One World Ventures Inc;;True;False
0001763660;SEATech Ventures Corp.;SEAV;True;False
0001763731;Replay Acquisition Corp.;;False;True
0001763799;Ally Auto Receivables Trust 2019-1;;True;False
0001763925;CoJax Oil & Gas Corp;CJAX;True;False
0001763950;Lantern Pharma Inc.;LTRN;False;False
0001763960;Mercedes-Benz Auto Lease Trust 2019-A;;True;False
0001764013;"Immunovant, Inc.";IMVT;False;False
0001764046;CLARIVATE Plc;CLVT;False;False
0001764301;SC Health Corp;;False;True
0001764443;Ghar Inc;;True;False
0001764711;PROFICIENT ALPHA ACQUISITION CORP;;False;True
0001764759;BENCHMARK 2019-B9 MORTGAGE TRUST;;True;False
0001764925;"Slack Technologies, Inc.";;False;True
0001764987;Nissan Auto Receivables 2019-A Owner Trust;;True;False
0001765048;"Charmt, Inc.";GCGJ;True;False
0001765556;Honda Auto Receivables 2019-1 Owner Trust;;True;False
0001765651;Pacific Sports Exchange Inc.;PSPX;True;False
0001765826;"Blubuzzard, Inc.";BZRD;True;False
0001765880;AmeriCredit Automobile Receivables Trust 2019-1;;True;False
0001765910;Santander Drive Auto Receivables Trust 2019-1;;True;False
0001766004;Capital One Prime Auto Receivables Trust 2019-1;;True;False
0001766016;"Crucial Innovations, Corp.";;True;False
0001766037;"NMF SLF I, Inc.";;True;False
0001766101;World Omni Automobile Lease Securitization Trust 2019-A;;True;False
0001766140;"Unicycive Therapeutics, Inc.";UNCY;False;False
0001766146;Union Acquisition Corp. II;;True;False
0001766267;Synergy Empire Ltd;;True;False
0001766352;"Carrier EQ, LLC";;True;False
0001766363;"Endeavor Group Holdings, Inc.";;False;False
0001766367;Benchmark 2019-B10 Mortgage Trust;;True;False
0001766368;"Mayville Engineering Company, Inc.";MEC;False;False
0001766400;"Pennant Group, Inc.";PNTG;False;False
0001766478;"Angel Oak Mortgage REIT, Inc.";AOMN;False;False
0001766502;"Chewy, Inc.";CHWY;False;False
0001766526;"Tectonic Financial, Inc.";TECTP;True;False
0001766660;Morgan Stanley Capital I Trust 2019-L2;;True;False
0001766682;CCF Holdings LLC;;True;False
0001766981;Ford Credit Auto Lease Trust 2019-A;;True;False
0001767057;Osprey Bitcoin Trust;OBTC;True;False
0001767258;"XPEL, Inc.";XPEL;False;False
0001767345;John Deere Owner Trust 2019;;True;False
0001767530;Verizon Owner Trust 2019-A;;True;False
0001767837;"Richmond Mutual Bancorporation, Inc.";RMBI;False;False
0001768012;"Golden Nugget Online Gaming, Inc.";;False;True
0001768206;Oxford Northeast Ltd.;;True;False
0001768224;Arcturus Therapeutics Holdings Inc.;ARCT;False;False
0001768267;Cerence Inc.;CRNC;False;False
0001768446;"Eliem Therapeutics, Inc.";CLYM;False;False
0001768910;Greencity Acquisition Corp;;False;True
0001769174;GM Financial Consumer Automobile Receivables Trust 2019-2;;True;False
0001769267;First Seacoast Bancorp;;True;False
0001769318;"Thunder Bridge Acquisition II, LTD";;False;True
0001769322;UBS Commercial Mortgage Trust 2019-C16;;True;False
0001769324;Drive Auto Receivables Trust 2019-2;;True;False
0001769328;BMW Vehicle Lease Trust 2019-1;;True;False
0001769465;Volkswagen Auto Lease Trust 2019-A;;True;False
0001769617;"HarborOne Bancorp, Inc.";HONE;False;False
0001769624;AGBA Group Holding Ltd.;ILLRW;False;False
0001769663;"Pioneer Bancorp, Inc./MD";PBFS;False;False
0001769725;"Eureka Homestead Bancorp, Inc.";;True;False
0001769804;"Augmedix, Inc.";;False;False
0001769961;BANK 2019-BNK17;;True;False
0001770121;"Sana Biotechnology, Inc.";SANA;False;False
0001770141;"UpHealth, Inc.";;False;True
0001770147;Ford Credit Auto Owner Trust 2019-A;;True;False
0001770202;HanTang Culture & Education Holding Group Ltd;;True;False
0001770236;MOVING iMAGE TECHNOLOGIES INC.;MITQ;False;False
0001770251;Orisun Acquisition Corp.;;False;False
0001770345;CarMax Auto Owner Trust 2019-2;;True;False
0001770450;Xerox Holdings Corp;XRX;False;False
0001770561;Coronado Global Resources Inc.;CODQL;True;False
0001770572;Wells Fargo Commercial Mortgage Trust 2019-C50;;True;False
0001770787;"10x Genomics, Inc.";TXG;False;False
0001771200;CF 2019-CF1 Mortgage Trust;;True;False
0001771225;Hyundai Auto Receivables Trust 2019-A;;True;False
0001771458;Nissan Auto Lease Trust 2019-A;;True;False
0001771501;GS Mortgage Securities Trust 2019-GC39;;True;False
0001771515;Grocery Outlet Holding Corp.;GO;False;False
0001771706;"Goodness Growth Holdings, Inc.";VREOF;True;False
0001771786;GM Financial Automobile Leasing Trust 2019-2;;True;False
0001771908;Haymaker Acquisition Corp. II;;False;False
0001771917;"Karuna Therapeutics, Inc.";;False;False
0001771951;Dynamic Shares Trust;;True;False
0001772016;"BELLRING BRANDS, INC.";BRBR;False;True
0001772028;Scopus BioPharma Inc.;;False;True
0001772177;"KURA SUSHI USA, INC.";KRUS;False;False
0001772527;BBCMS Mortgage Trust 2019-C3;;True;False
0001772608;Fifth Third Auto Trust 2019-1;;True;False
0001772695;Sunnova Energy International Inc.;NOVAQ;False;False
0001772704;Goldman Sachs Private Middle Market Credit II LLC;;True;False
0001772720;SPRUCE POWER HOLDING CORP;SPRU;False;False
0001772757;DraftKings Inc.;;True;False
0001772793;World Omni Auto Receivables Trust 2019-B;;True;False
0001772921;OneWater Marine Inc.;ONEW;False;False
0001773055;Honda Auto Receivables 2019-2 Owner Trust;;True;False
0001773056;CNH Equipment Trust 2019-B;;True;False
0001773086;Yunhong International;;False;True
0001773087;Tuscan Holdings Corp. II;;False;True
0001773339;Morgan Stanley Capital I Trust 2019-H6;;True;False
0001773383;"Dynatrace, Inc.";DT;False;False
0001773407;Toyota Auto Receivables 2019-B Owner Trust;;True;False
0001773427;"SpringWorks Therapeutics, Inc.";;False;False
0001773751;"Hims & Hers Health, Inc.";HIMS;False;False
0001774155;BTRS Holdings Inc.;;False;True
0001774170;"PowerFleet, Inc.";AIOT;False;False
0001774379;AmeriCredit Automobile Receivables Trust 2019-2;;True;False
0001774409;Santander Drive Auto Receivables Trust 2019-2;;True;False
0001774675;Skillsoft Corp.;SKILW;False;True
0001774801;JPMCC Commercial Mortgage Securities Trust 2019-COR5;;True;False
0001774962;BANK 2019-BNK18;;True;False
0001775098;AEP Texas Restoration Funding LLC;;True;False
0001775194;"UPEXI, INC.";UPXI;False;False
0001775625;"SmileDirectClub, Inc.";;False;True
0001775734;Beneficient;BENFW;False;True
0001775756;Benchmark 2019-B11 Mortgage Trust;;True;False
0001775870;Nissan Auto Receivables 2019-B Owner Trust;;True;False
0001776048;Ameramex International Inc;;True;False
0001776086;CSAIL 2019-C16 Commercial Mortgage Trust;;True;False
0001776197;AKUMIN INC.;;False;True
0001776294;Ally Auto Receivables Trust 2019-2;;True;False
0001776661;Advantage Solutions Inc.;ADV;False;False
0001776721;Wells Fargo Commercial Mortgage Trust 2019-C51;;True;False
0001776738;Columbia Care Inc.;CBSTF;True;False
0001776903;Netfin Acquisition Corp.;;False;True
0001776909;CuriosityStream Inc.;CURI;False;False
0001776932;"MedMen Enterprises, Inc.";;True;False
0001777319;CERBERUS CYBER SENTINEL CORP;CISO;False;False
0001777370;Verizon Owner Trust 2019-B;;True;False
0001777393;"ChargePoint Holdings, Inc.";CHPT;False;False
0001777665;Drive Auto Receivables Trust 2019-3;;True;False
0001777835;Perella Weinberg Partners;PWP;False;False
0001777921;"AvePoint, Inc.";AVPT;False;False
0001777946;"IronNet, Inc.";;False;True
0001778129;TerrAscend Corp.;TSNDF;True;False
0001778232;GS Mortgage Securities Trust 2019-GC40;;True;False
0001778749;Morgan Stanley Capital I Trust 2019-H7;;True;False
0001778781;Harley-Davidson Motorcycle Trust 2019-A;;True;False
0001778784;"Provident Bancorp, Inc. /MD/";;True;False
0001778805;"Taronis Fuels, Inc.";;True;False
0001779020;"Danimer Scientific, Inc.";;False;False
0001779026;CarMax Auto Owner Trust 2019-3;;True;False
0001779033;GM Financial Consumer Automobile Receivables Trust 2019-3;;True;False
0001779128;"Blade Air Mobility, Inc.";SRTAW;False;False
0001779201;Ford Credit Auto Owner Trust 2019-B;;True;False
0001779372;"HeartBeam, Inc.";BEATW;False;False
0001779474;"WM TECHNOLOGY, INC.";MAPSW;False;False
0001779523;"Muzinich BDC, Inc.";;True;False
0001780097;"Baudax Bio, Inc.";;False;True
0001780131;BBCMS Mortgage Trust 2019-C4;;True;False
0001780201;"Lulu's Fashion Lounge Holdings, Inc.";LVLU;False;False
0001780262;Newborn Acquisition Corp;;False;False
0001780312;"AST SpaceMobile, Inc.";ASTS;False;False
0001780552;World Omni Auto Receivables Trust 2019-C;;True;False
0001780678;Wells Fargo Commercial Mortgage Trust 2019-C52;;True;False
0001780859;BANK 2019-BNK19;;True;False
0001780984;USAA Auto Owner Trust 2019-1;;True;False
0001781089;BENCHMARK 2019-B12 MORTGAGE TRUST;;True;False
0001781115;Alussa Energy Acquisition Corp.;;False;True
0001781162;Momentus Inc.;MNTSW;False;False
0001781174;"Acrivon Therapeutics, Inc.";ACRV;False;False
0001781258;GM Financial Automobile Leasing Trust 2019-3;;True;False
0001781335;Otis Worldwide Corp;OTIS;False;False
0001781405;"Odyssey Semiconductor Technologies, Inc.";;True;False
0001781522;Nissan Auto Lease Trust 2019-B;;True;False
0001781565;John Deere Owner Trust 2019-B;;True;False
0001781624;World Omni Automobile Lease Securitization Trust 2019-B;;True;False
0001781629;Ankam Inc.;ANKM;True;False
0001781726;NP Life Sciences Health Industry Group Inc.;ACAT;True;False
0001781730;"Third Coast Bancshares, Inc.";TCBX;False;False
0001781755;"BRP Group, Inc.";BWIN;False;False
0001781819;Ford Credit Auto Lease Trust 2019-B;;True;False
0001781870;"New Mountain Guardian III BDC, L.L.C.";;True;False
0001781983;"Aprea Therapeutics, Inc.";APRE;False;False
0001782003;CD 2019-CD8 Mortgage Trust;;True;False
0001782107;Blue Water Vaccines Inc.;ONCO;False;False
0001782170;"Remitly Global, Inc.";RELY;False;False
0001782223;"Pyxis Oncology, Inc.";PYXS;False;False
0001782430;"Strawberry Fields REIT, Inc.";STRW;False;False
0001782479;Toyota Auto Receivables 2019-C Owner Trust;;True;False
0001782524;Morgan Stanley Direct Lending Fund;MSDL;True;False
0001782627;"Winc, Inc.";;False;True
0001782754;AZEK Co Inc.;;False;False
0001783032;"Elevation Oncology, Inc.";;False;False
0001783180;CARRIER GLOBAL Corp;CARR;False;False
0001783183;"Phathom Pharmaceuticals, Inc.";PHAT;False;False
0001783287;CITIGROUP COMMERCIAL MORTGAGE TRUST 2019-GC41;;True;False
0001783317;McAfee Corp.;;False;True
0001783326;Santander Drive Auto Receivables Trust 2019-3;;True;False
0001783328;"TScan Therapeutics, Inc.";TCRX;False;False
0001783398;UWM Holdings Corp;UWMC;False;False
0001783400;"US Ecology, Inc.";;False;True
0001783875;4Front Ventures Corp.;;True;False
0001783879;"Robinhood Markets, Inc.";HOOD;False;False
0001784058;Pony Group Inc.;PNYG;True;False
0001784168;Forum Merger III Corp;;True;False
0001784183;Honda Auto Receivables 2019-3 Owner Trust;;True;False
0001784254;Mediaco Holding Inc.;MDIA;False;False
0001784326;BMW Vehicle Owner Trust 2019-A;;True;False
0001784440;Nowtransit Inc;BHIC;True;False
0001784535;"Porch Group, Inc.";PRCH;False;False
0001784564;AmeriCredit Automobile Receivables Trust 2019-3;;True;False
0001784567;"Harbor Custom Development, Inc.";;False;True
0001784700;Varagon Capital Corp;;True;False
0001784797;Broadmark Realty Capital Inc.;;False;True
0001784851;"Shapeways Holdings, Inc.";;False;False
0001784958;BANK 2019-BNK20;;True;False
0001784970;WeTrade Group Inc.;NXTT;False;False
0001785041;CHP Merger Corp.;;False;True
0001785173;"89bio, Inc.";;False;False
0001785345;"Landos Biopharma, Inc.";;False;False
0001785424;"Katapult Holdings, Inc.";KPLTW;False;False
0001785489;Ally Auto Receivables Trust 2019-3;;True;False
0001785493;Phoenix Plus Corp.;RHNO;True;False
0001785494;Woodbridge Liquidation Trust;WBQNL;True;False
0001785510;Drive Auto Receivables Trust 2019-4;;True;False
0001785530;"Werewolf Therapeutics, Inc.";HOWL;False;False
0001785592;"Leafly Holdings, Inc. /DE";;False;False
0001785705;Verizon Owner Trust 2019-C;;True;False
0001785812;UBS Commercial Mortgage Trust 2019-C17;;True;False
0001785844;Mercedes-Benz Auto Receivables Trust 2019-1;;True;False
0001785881;Benchmark 2019-B13 Mortgage Trust;;True;False
0001786008;CSAIL 2019-C17 Commercial Mortgage Trust;;True;False
0001786041;Capital One Prime Auto Receivables Trust 2019-2;;True;False
0001786108;Trinity Capital Inc.;TRINI;False;False
0001786117;"Alpine Income Property Trust, Inc.";PINE-PA;False;False
0001786119;"Excellerant, Inc.";;True;False
0001786205;"Arcellx, Inc.";ACLX;False;False
0001786248;"NexPoint Real Estate Finance, Inc.";NREF-PA;False;False
0001786255;"Icosavax, Inc.";;False;False
0001786352;"BILL Holdings, Inc.";BILL;False;False
0001786431;Reynolds Consumer Products Inc.;REYN;False;False
0001786835;Star Mountain Lower Middle-Market Capital Corp;;True;False
0001786842;Vontier Corp;VNT;False;False
0001787000;GS Mortgage Securities Trust 2019-GC42;;True;False
0001787001;CF 2019-CF2 Mortgage Trust;;True;False
0001787005;"Cincinnati Bancorp, Inc.";;False;True
0001787123;QLY Biotech Group Corp.;;True;False
0001787297;"Passage BIO, Inc.";PASG;False;False
0001787304;GM Financial Consumer Automobile Receivables Trust 2019-4;;True;False
0001787306;"Arcutis Biotherapeutics, Inc.";ARQT;False;False
0001787384;"FFBW, Inc. /MD/";;False;True
0001787400;"Nkarta, Inc.";NKTX;False;False
0001787412;"WB Burgers Asia, Inc.";;True;False
0001787414;Bogota Financial Corp.;BSBK;False;False
0001787489;World Omni Select Auto Trust 2019-A;;True;False
0001787490;BANK 2019-BNK21;;True;False
0001787518;Brilliant Acquisition Corp;NUKKW;False;False
0001787640;"Convey Health Solutions Holdings, Inc.";;False;True
0001787740;"Tivic Health Systems, Inc.";TIVC;False;False
0001787791;"Juniper Industrial Holdings, Inc.";;False;True
0001787912;CNH Equipment Trust 2019-C;;True;False
0001788028;"Jasper Therapeutics, Inc.";JSPRW;False;False
0001788503;CarMax Auto Owner Trust 2019-4;;True;False
0001788717;F45 Training Holdings Inc.;;False;True
0001788818;Nissan Auto Receivables 2019-C Owner Trust;;True;False
0001788841;"Helbiz, Inc.";MCOMW;False;True
0001788882;"Root, Inc.";ROOT;False;False
0001788999;Xperi Inc.;XPER;False;False
0001789029;"Aeva Technologies, Inc.";AEVAW;False;False
0001789192;Save Foods Inc.;NITO;False;False
0001789307;BANK 2019-BNK22;;True;False
0001789330;"MJ Harvest, Inc.";;True;False
0001789356;Wells Fargo Commercial Mortgage Trust 2019-C53;;True;False
0001789755;Hyundai Auto Receivables Trust 2019-B;;True;False
0001789760;CIIG Merger Corp.;;False;False
0001789769;"Instil Bio, Inc.";TIL;False;False
0001789832;Hess Midstream LP;HESM;False;True
0001789892;Toyota Auto Receivables 2019-D Owner Trust;;True;False
0001789940;"First Watch Restaurant Group, Inc.";FWRG;False;False
0001789954;GS Mortgage Securities Trust 2019-GSA1;;True;False
0001789972;"Cullinan Oncology, Inc.";CGEM;False;False
0001790013;Benchmark 2019-B14 Mortgage Trust;;True;False
0001790121;ACKRELL SPAC Partners I Co.;;True;False
0001790169;Flora Growth Corp.;FLGC;False;False
0001790340;Immuneering Corp;IMRX;False;False
0001790441;BBCMS Mortgage Trust 2019-C5;;True;False
0001790625;"AgileThought, Inc.";;False;True
0001790665;Greenrose Holding Co Inc.;;False;True
0001790982;Arconic Corp;;False;True
0001791091;"SOC Telemed, Inc.";;False;True
0001791183;CITIGROUP COMMERCIAL MORTGAGE TRUST 2019-GC43;;True;False
0001791239;Wells Fargo Commercial Mortgage Trust 2019-C54;;True;False
0001791295;Morgan Stanley Capital I Trust 2019-L3;;True;False
0001791325;Freedom Internet Group Inc.;;True;False
0001791507;Mercedes-Benz Auto Lease Trust 2019-B;;True;False
0001792044;Viatris Inc;VTRS;False;True
0001792157;COMM 2019-GC44 Mortgage Trust;;True;False
0001792158;JPMDB Commercial Mortgage Securities Trust 2019-COR6;;True;False
0001792159;Honda Auto Receivables 2019-4 Owner Trust;;True;False
0001792414;BANK 2019-BNK23;;True;False
0001792509;TriplePoint Private Venture Credit Inc.;;True;False
0001792580;Ovintiv Inc.;OVV;False;False
0001792581;"Kiromic Biopharma, Inc.";;False;True
0001792781;Torrid Holdings Inc.;CURV;False;False
0001792789;"DoorDash, Inc.";DASH;False;False
0001792849;"HighPeak Energy, Inc.";HPK;False;False
0001792905;CSAIL 2019-C18 Commercial Mortgage Trust;;True;False
0001792941;Genvor Inc;GNVR;True;False
0001793014;Ford Credit Auto Owner Trust 2019-C;;True;False
0001793165;BANK 2019-BNK24;;True;False
0001793229;MultiPlan Corp;CTEV;False;False
0001793294;"PPD, Inc.";;False;True
0001793330;DONGFANG CITY HOLDING GROUP Co Ltd;;True;False
0001793497;VS Trust;UVIX;True;False
0001793612;Harley-Davidson Motorcycle Trust 2020-A;;True;False
0001793651;BENCHMARK 2019-B15 MORTGAGE TRUST;;True;False
0001793659;"Rush Street Interactive, Inc.";RSI;False;False
0001793667;Ally Auto Receivables Trust 2019-4;;True;False
0001793744;CF 2019-CF3 Mortgage Trust;;True;False
0001793856;UBS Commercial Mortgage Trust 2019-C18;;True;False
0001794276;YCQH Agricultural Technology Co. Ltd;ZHJD;True;False
0001794303;CITIGROUP COMMERCIAL MORTGAGE TRUST 2019-C7;;True;False
0001794515;ZoomInfo Technologies Inc.;GTM;False;False
0001794621;"Quanergy Systems, Inc.";;False;True
0001794669;"Shift4 Payments, Inc.";FOUR-PA;False;False
0001794717;SCVX Corp.;;False;True
0001794776;Palmer Square Capital BDC Inc.;PSBD;True;False
0001794783;"SelectQuote, Inc.";SLQT;False;False
0001794905;"Cyxtera Technologies, Inc.";;False;True
0001794942;"Stark Focus Group, Inc.";SKFG;True;False
0001795139;Green Thumb Industries Inc.;GTBIF;True;False
0001795250;Sphere Entertainment Co.;SPHR;False;False
0001795772;GM Financial Consumer Automobile Receivables Trust 2020-1;;True;False
0001795938;Creations Inc;;True;False
0001796022;StepStone Group Inc.;STEP;False;False
0001796129;"Vincerx Pharma, Inc.";VINC;False;False
0001796160;QMIS TBS Capital Group Corp.;;True;False
0001796209;APi Group Corp;APG;False;False
0001796280;"Oric Pharmaceuticals, Inc.";ORIC;False;False
0001796297;Bymax Corp.;;True;False
0001796303;Roth CH Acquisition I Co;;False;False
0001796587;CarMax Auto Owner Trust 2020-1;;True;False
0001796705;Verizon Owner Trust 2020-A;;True;False
0001796949;"Healthcare Business Resources, Inc.";GFLT;True;False
0001796981;World Omni Automobile Lease Securitization Trust 2020-A;;True;False
0001797056;BANK 2020-BNK25;;True;False
0001797057;Toyota Auto Receivables 2020-A Owner Trust;;True;False
0001797084;Mercedes-Benz Auto Lease Trust 2020-A;;True;False
0001797099;PTK Acquisition Corp.;;False;True
0001797288;Benchmark 2020-B16 Mortgage Trust;;True;False
0001797336;"Old Ayala, Inc";;True;False
0001797679;BBCMS Mortgage Trust 2020-C6;;True;False
0001797762;"Kenongwo Group US, Inc.";;True;False
0001797768;Kinnate Biopharma Inc.;;False;False
0001797956;"Hemp Technology, Inc.";;True;False
0001798100;NETSTREIT Corp.;NTST;False;False
0001798270;Assure Holdings Corp.;;False;False
0001798272;Drive Auto Receivables Trust 2020-1;;True;False
0001798388;GS Mortgage Securities Trust 2020-GC45;;True;False
0001798458;"Carriage House Event Center, Inc.";;True;False
0001798562;TMC the metals Co Inc.;TMCWW;False;False
0001798682;GM Financial Automobile Leasing Trust 2020-1;;True;False
0001798749;"Aerovate Therapeutics, Inc.";JBIO;False;False
0001799011;Lucid Diagnostics Inc.;LUCD;False;False
0001799075;Nissan Auto Lease Trust 2020-A;;True;False
0001799186;Honda Auto Receivables 2020-1 Owner Trust;;True;False
0001799191;"Oncology Institute, Inc.";TOIIW;False;False
0001799208;"Dun & Bradstreet Holdings, Inc.";;False;True
0001799332;GAN Ltd;;False;False
0001799385;Wells Fargo Commercial Mortgage Trust 2020-C55;;True;False
0001799448;"Aligos Therapeutics, Inc.";ALGS;False;False
0001799463;Morgan Stanley Capital I Trust 2020-L4;;True;False
0001799516;Ford Credit Auto Lease Trust 2020-A;;True;False
0001799611;Collective Growth Corp;;False;True
0001799766;Capital One Prime Auto Receivables Trust 2020-1;;True;False
0001799788;"Greenwich LifeSciences, Inc.";GLSI;False;False
0001799850;"Renovacor, Inc.";;False;True
0001799858;wShares Enhanced Gold ETF;;True;False
0001800199;"iCap Vault 1, LLC";;True;False
0001800227;IAC Inc.;IAC;True;False
0001800294;CITIGROUP COMMERCIAL MORTGAGE TRUST 2020-GC46;;True;False
0001800315;"Galecto, Inc.";GLTO;False;False
0001800347;"E2open Parent Holdings, Inc.";;False;False
0001800373;"GOLDENWELL BIOTECH, INC.";GWLL;True;False
0001800392;MicroAlgo Inc.;VENAF;False;False
0001800398;World Omni Auto Receivables Trust 2020-A;;True;False
0001800637;Agrify Corp;RYM;False;False
0001800667;JFrog Ltd;FROG;False;False
0001800682;"Cano Health, Inc.";;False;False
0001801075;American National Group Inc;;False;True
0001801169;Opendoor Technologies Inc.;OPENZ;False;False
0001801170;"CLOVER HEALTH INVESTMENTS, CORP. /DE";CLOV;False;False
0001801338;Benchmark 2020-IG1 Mortgage Trust;;True;False
0001801368;MP Materials Corp. / DE;MP;False;False
0001801390;AmeriCredit Automobile Receivables Trust 2020-1;;True;False
0001801417;byNordic Acquisition Corp;BYNOW;True;False
0001801602;"SpringBig Holdings, Inc.";SBIGW;False;True
0001801661;Skillz Inc.;SKLZ;False;False
0001801738;Carvana Auto Receivables Trust 2020-P1;;True;False
0001801754;"Trean Insurance Group, Inc.";;False;True
0001801762;Western Magnesium Corp.;;True;False
0001801777;Applied Molecular Transport Inc.;;False;True
0001802156;"Xponential Fitness, Inc.";XPOF;False;False
0001802215;Benchmark 2020-B17 Mortgage Trust;;True;False
0001802450;"MSP Recovery, Inc.";MSPRZ;False;False
0001802457;"Origin Materials, Inc.";ORGNW;False;False
0001802546;"KONA GOLD BEVERAGE, INC.";KGKG;True;False
0001802617;John Deere Owner Trust 2020;;True;False
0001802665;"Harmony Biosciences Holdings, Inc.";HRMY;False;False
0001802749;"Lightning eMotors, Inc.";;False;True
0001802768;Royalty Pharma plc;RPRX;False;False
0001802974;"Mission Produce, Inc.";AVO;False;False
0001803020;Daimler Trucks Retail Trust 2020-1;;True;False
0001803096;"STARGUIDE GROUP, INC.";STRG;True;False
0001803284;HYGGE INTEGRATED BRANDS CORP.;;True;False
0001803308;BANK 2020-BNK26;;True;False
0001803498;Blackstone Private Credit Fund;;True;False
0001803599;Concentrix Corp;CNXC;False;False
0001803696;Adeia Inc.;ADEA;False;False
0001803702;CSAIL 2020-C19 Commercial Mortgage Trust;;True;False
0001803737;"Enhabit, Inc.";EHAB;False;False
0001803827;Pipergy Inc.;;True;False
0001803858;Wells Fargo Commercial Mortgage Trust 2020-C56;;True;False
0001803901;"Talkspace, Inc.";TALKW;False;False
0001803914;"PLBY Group, Inc.";PLBY;False;False
0001803935;Ford Credit Auto Owner Trust 2020-A;;True;False
0001803977;Limitless X Holdings Inc.;LIMX;True;False
0001804176;"Butterfly Network, Inc.";BFLYW;False;False
0001804585;"NUGENEREX IMMUNO-ONCOLOGY, INC.";;True;False
0001804591;23andMe Holding Co.;;False;False
0001804745;Driven Brands Holdings Inc.;DRVN;False;False
0001805024;Amergent Hospitality Group Inc.;;True;False
0001805077;"Eos Energy Enterprises, Inc.";EOSE;False;False
0001805087;"GELESIS HOLDINGS, INC.";;False;True
0001805284;"Rocket Companies, Inc.";RKT;False;False
0001805385;"Evolv Technologies Holdings, Inc.";EVLVW;False;False
0001805387;"Cerevel Therapeutics Holdings, Inc.";;False;False
0001805508;Itiquira Acquisition Corp.;;True;False
0001805521;FARADAY FUTURE INTELLIGENT ELECTRIC INC.;FFAIW;False;False
0001805574;Verizon Owner Trust 2020-B;;True;False
0001805616;Toyota Auto Receivables 2020-B Owner Trust;;True;False
0001805651;"MARKETWISE, INC.";MKTW;False;False
0001805795;Mallard Acquisition Corp.;;True;False
0001805833;"System1, Inc.";SSTPW;False;False
0001805890;Fusion Pharmaceuticals Inc.;;False;False
0001806151;GM Financial Consumer Automobile Receivables Trust 2020-2;;True;False
0001806152;CNH Equipment Trust 2020-A;;True;False
0001806156;Gaming & Hospitality Acquisition Corp.;;True;False
0001806201;Open Lending Corp;LPRO;True;False
0001806211;CarMax Auto Owner Trust 2020-2;;True;False
0001806310;"Taysha Gene Therapies, Inc.";TSHA;False;False
0001806347;Westrock Coffee Co;WEST;False;True
0001806837;"Vertex, Inc.";VERX;False;False
0001806931;"Rayonier, L.P.";;True;False
0001806944;BANK 2020-BNK27;;True;False
0001806952;"Lyell Immunopharma, Inc.";LYEL;False;False
0001807011;GM Financial Automobile Leasing Trust 2020-2;;True;False
0001807046;"Belpointe PREP, LLC";OZ;False;False
0001807120;"Design Therapeutics, Inc.";DSGN;False;False
0001807166;Amesite Inc.;AMST;False;False
0001807427;Owl Rock Capital Corp III;;True;False
0001807594;Malacca Straits Acquisition Co Ltd;;False;True
0001807616;Hi-Great Group Holding Co;HIGR;True;False
0001807634;Santander Drive Auto Receivables Trust 2020-1;;True;False
0001807707;"AppHarvest, Inc.";;False;True
0001807765;PMV Consumer Acquisition Corp.;PMVCW;True;False
0001807794;Credo Technology Group Holding Ltd;CRDO;False;False
0001807846;MONEYLION INC.;;False;False
0001807887;Laser Photonics Corp;LASE;False;False
0001807893;"STANDARD PREMIUM FINANCE HOLDINGS, INC.";SPFX;True;False
0001807901;"Pandion Therapeutics, Inc.";;False;True
0001808158;Repare Therapeutics Inc.;RPTX;False;False
0001808220;"GoHealth, Inc.";GOCO;False;False
0001808377;Innovative Eyewear Inc;LUCYW;False;False
0001808503;Nissan Auto Receivables 2020-A Owner Trust;;True;False
0001808575;Hyundai Auto Receivables Trust 2020-A;;True;False
0001808665;"Assertio Holdings, Inc.";ASRT;False;False
0001808805;"Nautilus Biotechnology, Inc.";NAUT;False;False
0001808834;"PROG Holdings, Inc.";PRG;False;True
0001808865;"iTeos Therapeutics, Inc.";;False;False
0001808898;Benitec Biopharma Inc.;BNTC;False;True
0001808997;"American Outdoor Brands, Inc.";AOUT;False;False
0001809104;"Alight, Inc. / Delaware";ALIT;False;True
0001809291;Volkswagen Auto Loan Enhanced Trust 2020-1;;True;False
0001809353;HPX Corp.;;True;False
0001809519;"GoodRx Holdings, Inc.";GDRX;False;False
0001809750;Edible Garden AG Inc;EDBLW;False;False
0001809987;"Mirion Technologies, Inc.";MIR;False;False
0001810019;"Rackspace Technology, Inc.";RXT;False;False
0001810050;GS Mortgage Securities Trust 2020-GC47;;True;False
0001810070;Honda Auto Receivables 2020-2 Owner Trust;;True;False
0001810140;Polished.com Inc.;;False;False
0001810182;ALX ONCOLOGY HOLDINGS INC;ALXO;False;False
0001810491;Vistas Media Acquisition Co Inc.;;True;False
0001810546;"Eastern Bankshares, Inc.";EBC;False;False
0001810560;"REVELATION BIOSCIENCES, INC.";REVBW;False;False
0001810739;"Radius Global Infrastructure, Inc.";;False;True
0001810806;Unity Software Inc.;U;False;False
0001811063;Nuvation Bio Inc.;NUVB-WT;False;False
0001811074;Texas Pacific Land Corp;TPL;False;True
0001811109;"Applied UV, Inc.";;False;False
0001811115;Renalytix plc;RENXF;False;False
0001811210;"Lucid Group, Inc.";LCID;False;False
0001811414;QuantumScape Corp;QS;False;False
0001811530;"Next Meats Holdings, Inc.";NXMH;True;False
0001811623;"PaxMedica, Inc.";;False;False
0001811764;POINT Biopharma Global Inc.;;False;True
0001811856;"View, Inc.";;False;False
0001811882;"Pershing Square Tontine Holdings, Ltd.";;False;True
0001811972;Barings Capital Investment Corp;;True;False
0001811999;"FARMHOUSE, INC. /NV";FMHS;True;False
0001812173;Vicarious Surgical Inc.;RBOTW;False;False
0001812234;Churchill Capital Corp V;;False;True
0001812360;FOXO TECHNOLOGIES INC.;FOXOW;False;False
0001812364;"Relay Therapeutics, Inc.";RLAY;False;False
0001812528;World Omni Auto Receivables Trust 2020-B;;True;False
0001812554;Owl Rock Core Income Corp.;;True;False
0001812604;BBCMS Mortgage Trust 2020-C7;;True;False
0001812667;CC Neuberger Principal Holdings II;;True;False
0001812727;"Reliance Global Group, Inc.";EZRAW;False;False
0001812807;BMW Vehicle Owner Trust 2020-A;;True;False
0001813420;Mercedes-Benz Auto Receivables Trust 2020-1;;True;False
0001813452;Planet 13 Holdings Inc.;PLNH;True;False
0001813603;Hestia Insight Inc.;HSTA;True;False
0001813658;"Tempo Automation Holdings, Inc.";;False;True
0001813677;Drive Auto Receivables Trust 2020-2;;True;False
0001813722;Ford Credit Auto Owner Trust 2020-B;;True;False
0001813744;"World Scan Project, Inc.";WDSP;True;False
0001813756;WeWork Inc.;;False;True
0001813793;"Blockchain of Things, Inc.";;True;False
0001813814;Mind Medicine (MindMed) Inc.;DFTX;False;False
0001813914;"CareMax, Inc.";;False;False
0001814114;Health Sciences Acquisitions Corp 2;OBIO;False;False
0001814140;"Apexigen, Inc.";;False;True
0001814210;Toyota Auto Receivables 2020-C Owner Trust;;True;False
0001814215;"Nuburu, Inc.";BURUW;False;False
0001814237;Nissan Auto Receivables 2020-B Owner Trust;;True;False
0001814287;East Resources Acquisition Co;ABXL;False;False
0001814294;CarMax Auto Owner Trust 2020-3;;True;False
0001814329;"Astra Space, Inc.";;False;False
0001814389;JPMDB Commercial Mortgage Securities Trust 2020-COR7;;True;False
0001814728;E.Merge Technology Acquisition Corp.;;False;True
0001814824;Kismet Acquisition One Corp;;False;True
0001814917;AmeriCredit Automobile Receivables Trust 2020-2;;True;False
0001814974;"BBX Capital, Inc.";BBXIA;True;False
0001815086;Bridgetown Holdings Ltd;;True;False
0001815184;RedBall Acquisition Corp.;;False;True
0001815302;Yucaipa Acquisition Corp;;True;False
0001815442;"Kymera Therapeutics, Inc.";KYMR;False;False
0001815495;Northern Genesis Acquisition Corp.;;True;False
0001815526;Burgundy Technology Acquisition Corp;;False;True
0001815547;EMERGING OPPORTUNITIES CORP;;True;False
0001815632;"Tego Cyber, Inc.";TGCB;True;False
0001815737;FAST Acquisition Corp.;;True;False
0001815753;Thunder Bridge Capital Partners III Inc.;;True;False
0001815776;"Graphite Bio, Inc.";LENZ;False;False
0001815805;Broadstone Acquisition Corp.;;True;False
0001815849;"ATI Physical Therapy, Inc.";;False;False
0001815903;"Petros Pharmaceuticals, Inc.";PTPI;False;False
0001815974;"Anebulo Pharmaceuticals, Inc.";ANEB;False;False
0001816017;"Spire Global, Inc.";SPIR;False;False
0001816048;Software Acquisition Group Inc. II;;False;True
0001816049;Santander Drive Auto Receivables Trust 2020-2;;True;False
0001816090;FTAC Olympus Acquisition Corp.;;False;True
0001816101;"dMY Technology Group, Inc. II";;False;True
0001816114;Enigma MPC;;True;False
0001816147;Benchmark 2020-B18 Mortgage Trust;;True;False
0001816176;GO Acquisition Corp.;;False;True
0001816233;"Sharecare, Inc.";;False;False
0001816261;Executive Network Partnering Corp;;True;False
0001816431;Quantum-Si Inc;QSIAW;False;False
0001816554;EVENTIKO INC.;EVTK;True;False
0001816571;Hyundai Auto Receivables Trust 2020-B;;True;False
0001816581;"Ouster, Inc.";OUSTZ;False;False
0001816589;John Deere Owner Trust 2020-B;;True;False
0001816590;COMPASS Pathways plc;CMPS;False;False
0001816613;Markforged Holding Corp;;False;False
0001816696;"Industrial Tech Acquisitions, Inc.";;True;False
0001816708;"Owlet, Inc.";OWLTW;False;False
0001816736;"Disc Medicine, Inc.";IRON;False;False
0001816750;Ford Credit Auto Lease Trust 2020-B;;True;False
0001816816;Gores Holdings V Inc.;;False;True
0001816861;Morgan Stanley Capital I Trust 2020-HR8;;True;False
0001816906;"Gaming Technologies, Inc.";;True;False
0001817004;EzFill Holdings Inc;NXXT;False;False
0001817071;Horizon Acquisition Corp;;False;True
0001817153;EdtechX Holdings Acquisition Corp. II;;True;False
0001817218;ConvexityShares Trust;;True;False
0001817229;Vor Biopharma Inc.;VOR;False;False
0001817232;Dune Acquisition Corp;HGASW;False;False
0001817358;"Academy Sports & Outdoors, Inc.";ASO;False;False
0001817511;SOCIETY PASS INCORPORATED.;SOPA;False;False
0001817565;Financial Strategies Acquisition Corp.;;True;False
0001817640;Breeze Holdings Acquisition Corp.;;True;False
0001817669;GM Financial Consumer Automobile Receivables Trust 2020-3;;True;False
0001817713;"Janux Therapeutics, Inc.";JANX;False;False
0001817760;"SmartKem, Inc.";SMTK;True;False
0001817786;Recharge Acquisition Corp.;;True;False
0001817825;Steele Creek Capital Corp;;True;False
0001817868;Jupiter Acquisition Corp;;True;False
0001817944;"Clarus Therapeutics Holdings, Inc.";;False;True
0001818066;World Omni Auto Receivables Trust 2020-C;;True;False
0001818089;Bluescape Opportunities Acquisition Corp.;;False;True
0001818093;Beauty Health Co;SKIN;False;False
0001818152;"Zentrum Holdings, Inc.";;True;False
0001818201;CCC Intelligent Solutions Holdings Inc.;CCC;False;False
0001818212;Cohn Robbins Holdings Corp.;;True;False
0001818221;Equity Distribution Acquisition Corp.;;True;False
0001818254;DBJPM 2020-C9 Mortgage Trust;;True;False
0001818331;GeneDx Holdings Corp.;WGSWW;False;False
0001818346;"Ribbit LEAP, Ltd.";;True;False
0001818355;Foley Trasimene Acquisition II;;False;True
0001818382;"Humacyte, Inc.";HUMAW;False;False
0001818383;"MediaAlpha, Inc.";MAX;False;False
0001818502;OppFi Inc.;OPFI-WT;False;False
0001818550;Incordex Corp.;;True;False
0001818605;Distoken Acquisition Corp;;True;False
0001818644;"AEye, Inc.";LIDRW;False;False
0001818654;Wells Fargo Commercial Mortgage Trust 2020-C57;;True;False
0001818674;SYBLEU Inc;;True;False
0001818787;Primavera Capital Acquisition Corp.;;True;False
0001818794;"Dyne Therapeutics, Inc.";DYN;False;False
0001818844;"Virios Therapeutics, Inc.";DWTX;False;False
0001818873;Social Capital Hedosophia Holdings Corp. VI;;False;True
0001818874;"SoFi Technologies, Inc.";SOFI;False;False
0001818876;Social Capital Hedosophia Holdings Corp. IV;;False;True
0001818880;Glenfarne Merger Corp.;;True;False
0001819035;"Metromile, Inc.";;False;True
0001819113;"Science 37 Holdings, Inc.";;False;False
0001819133;"Tango Therapeutics, Inc.";TNGX;False;False
0001819142;SES AI Corp;SES-WT;False;False
0001819157;North Mountain Merger Corp.;;True;False
0001819175;Prime Impact Acquisition I;PRIAF;True;False
0001819253;biote Corp.;BTMD;False;False
0001819263;Montes Archimedes Acquisition Corp;;False;True
0001819313;TWC Tech Holdings II Corp.;;False;True
0001819394;"Matterport, Inc./DE";;False;False
0001819395;Sonder Holdings Inc.;SONDQ;False;False
0001819399;TPG Pace Beneficial Finance Corp.;;False;True
0001819404;Nerdy Inc.;NRDY;False;False
0001819411;"Gain Therapeutics, Inc.";GANX;False;False
0001819438;"ESS Tech, Inc.";GWH-WT;False;False
0001819493;"Xos, Inc.";XOSWW;False;False
0001819496;IG Acquisition Corp.;;True;False
0001819498;Twelve Seas Investment Co. II;;True;False
0001819510;Atlantic Avenue Acquisition Corp;;True;False
0001819516;Wheels Up Experience Inc.;WSUPW;False;False
0001819574;"Bark, Inc.";BARKW;False;False
0001819576;Liquidia Corp;LQDA;False;False
0001819584;Volta Inc.;;False;True
0001819608;Avanti Acquisition Corp.;;False;True
0001819615;Clever Leaves Holdings Inc.;;True;False
0001819663;Coeptis Therapeutics Inc.;;True;False
0001819724;Research Alliance Corp. II;;True;False
0001819790;"Tarsus Pharmaceuticals, Inc.";TARS;False;False
0001819796;GCM Grosvenor Inc.;GCMG;True;False
0001819810;Redwire Corp;RDW;False;False
0001819848;"Joby Aviation, Inc.";JOBY-WT;False;False
0001819881;Paya Holdings Inc.;;True;False
0001819928;"DoubleVerify Holdings, Inc.";DV;False;False
0001819974;"SkyWater Technology, Inc";SKYT;False;False
0001819989;Cipher Mining Inc.;CIFR;False;False
0001819994;"Rocket Lab USA, Inc.";RKLB;False;False
0001820143;RMG Acquisition Corp. II;;True;False
0001820144;Grindr Inc.;GRND;False;False
0001820160;SCP & CO Healthcare Acquisition Co;;True;False
0001820175;OCA Acquisition Corp.;;True;False
0001820190;Scilex Holding Co;SCLXW;False;False
0001820191;AEA-Bridges Impact Corp.;;True;False
0001820201;Redbox Entertainment Inc.;;False;True
0001820209;Warrior Technologies Acquisition Co;;True;False
0001820302;"Bakkt Holdings, Inc.";BKKT-WT;False;False
0001820566;Inspirato Inc;ISPOW;False;False
0001820630;Proterra Inc;;False;True
0001820721;"Array Technologies, Inc.";ARRY;False;False
0001820727;Mudrick Capital Acquisition Corp. II;;True;False
0001820728;Honda Auto Receivables 2020-3 Owner Trust;;True;False
0001820852;Sports Entertainment Acquisition Corp.;;True;False
0001820872;"Global Business Travel Group, Inc.";GBTG;False;False
0001820875;CXApp Inc.;CXAIW;False;False
0001820877;Apartment Income REIT Corp.;;False;False
0001820878;Aimco OP L.P.;;True;False
0001820931;Oaktree Acquisition Corp. II;;True;False
0001820953;"Affirm Holdings, Inc.";AFRM;False;False
0001821018;ION Acquisition Corp 1 Ltd.;;True;False
0001821075;PROPTECH INVESTMENT CORP. II;;True;False
0001821146;Better World Acquisition Corp.;;True;False
0001821159;EVgo Inc.;EVGOW;False;False
0001821160;Guild Holdings Co;;False;False
0001821169;"Global SPAC Partners Co,";;True;False
0001821171;Qell Acquisition Corp;;True;False
0001821175;Motorsport Games Inc.;MSGM;False;False
0001821260;Mercedes-Benz Auto Lease Trust 2020-B;;True;False
0001821292;Santander Drive Auto Receivables Trust 2020-3;;True;False
0001821317;PERIDOT ACQUISITION CORP.;;True;False
0001821318;OTR Acquisition Corp.;;True;False
0001821323;"Sigilon Therapeutics, Inc.";;False;True
0001821329;CC Neuberger Principal Holdings III;;True;False
0001821393;"Aaron's Company, Inc.";;False;False
0001821586;MoonLake Immunotherapeutics;MLTX;False;False
0001821595;10X Capital Venture Acquisition Corp;;True;False
0001821606;Tastemaker Acquisition Corp.;;True;False
0001821682;Sarissa Capital Acquisition Corp.;;True;False
0001821685;World Omni Select Auto Trust 2020-A;;True;False
0001821742;"DPCM Capital, Inc.";;True;False
0001821769;Navitas Semiconductor Corp;NVTS;False;False
0001821788;Horizon Acquisition Corp II;;False;True
0001821806;"Leslie's, Inc.";LESL;False;False
0001821812;Stratim Cloud Acquisition Corp.;;True;False
0001821825;Organon & Co.;OGN;False;False
0001821850;Sunlight Financial Holdings Inc.;;False;True
0001821946;BENCHMARK 2020-B19 MORTGAGE TRUST;;True;False
0001822027;Tekkorp Digital Acquisition Corp.;;True;False
0001822145;Presto Automation Inc.;;False;False
0001822166;BANK 2020-BNK28;;True;False
0001822219;FirstMark Horizon Acquisition Corp.;;True;False
0001822250;ContextLogic Inc.;;False;False
0001822309;Cascade Acquisition Corp;;True;False
0001822312;Jack Creek Investment Corp.;;True;False
0001822315;Toyota Auto Receivables 2020-D Owner Trust;;True;False
0001822359;DocGo Inc.;DCGO;False;False
0001822360;GM Financial Automobile Leasing Trust 2020-3;;True;False
0001822366;Altitude Acquisition Corp.;;True;False
0001822372;Streetex Corp.;;True;False
0001822462;Foghorn Therapeutics Inc.;FHTX;False;False
0001822479;Sotera Health Co;SHC;False;False
0001822492;Hillman Solutions Corp.;HLMN;False;False
0001822523;"AFC Gamma, Inc.";AFCG;False;False
0001822553;Spartacus Acquisition Corp;;True;False
0001822691;"GreenLight Biosciences Holdings, PBC";;False;True
0001822711;"PARDES BIOSCIENCES, INC.";;False;True
0001822791;Clene Inc.;CLNN;False;False
0001822792;Goldenbridge Acquisition Ltd;;True;False
0001822835;Pine Island Acquisition Corp.;;True;False
0001822862;Fortistar Sustainable Solutions Corp.;;True;False
0001822866;Nissan Auto Lease Trust 2020-B;;True;False
0001822873;Lefteris Acquisition Corp.;;True;False
0001822877;Vy Global Growth;;False;True
0001822886;HHG Capital Corp;;True;False
0001822912;26 Capital Acquisition Corp.;;True;False
0001822928;Holley Inc.;HLLY-WT;False;False
0001822929;Eucrates Biomedical Acquisition Corp.;;True;False
0001822935;Healthcare Capital Corp/DE;;True;False
0001822966;NUSCALE POWER Corp;SMR;False;False
0001822993;Jackson Financial Inc.;JXN-PA;False;False
0001823000;CONX Corp.;;False;False
0001823033;Hudson Executive Investment Corp. II;;True;False
0001823034;Hudson Executive Investment Corp. III;;True;False
0001823046;Exeter Automobile Receivables Trust 2020-3;;True;False
0001823086;Kingswood Acquisition Corp.;;True;False
0001823097;GM Financial Consumer Automobile Receivables Trust 2020-4;;True;False
0001823143;MDH Acquisition Corp.;;True;False
0001823144;"CompoSecure, Inc.";GPGI;False;False
0001823200;BCLS Acquisition Corp.;;True;False
0001823239;"MARAVAI LIFESCIENCES HOLDINGS, INC.";MRVI;False;False
0001823323;KL Acquisition Corp;;True;False
0001823340;Altimeter Growth Corp.;;True;False
0001823365;"Generations Bancorp NY, Inc.";GBNY;False;False
0001823383;Globis Acquisition Corp.;;True;False
0001823406;"Affinity Bancshares, Inc.";AFBI;False;False
0001823465;5:01 Acquisition Corp.;;True;False
0001823466;"FiscalNote Holdings, Inc.";NOTE-WT;False;False
0001823481;TZP Strategies Acquisition Corp.;;True;False
0001823524;TURMERIC ACQUISITION CORP.;;True;False
0001823529;"Enact Holdings, Inc.";ACT;False;False
0001823575;"ZeroFox Holdings, Inc.";;False;False
0001823584;ALLIANCE ENTERTAINMENT HOLDING CORP;AENTW;False;False
0001823587;Sky Harbour Group Corp;SKYH-WT;False;False
0001823593;TuSimple Holdings Inc.;TSPH;False;False
0001823608;Amalgamated Financial Corp.;AMAL;False;False
0001823634;Carney Technology Acquisition Corp. II;;True;False
0001823635;"CXJ GROUP CO., Ltd";ECXJ;True;False
0001823652;"Eve Holding, Inc.";EVEX-WT;False;False
0001823672;World Omni Automobile Lease Securitization Trust 2020-B;;True;False
0001823707;Global Synergy Acquisition Corp.;;True;False
0001823722;BBCMS Mortgage Trust 2020-C8;;True;False
0001823733;Fortress Capital Acquisition Corp;;True;False
0001823766;Archaea Energy Inc.;;False;True
0001823767;Lux Health Tech Acquisition Corp.;;True;False
0001823776;H.I.G. Acquisition Corp.;;True;False
0001823794;ARKO Corp.;ARKO;True;False
0001823826;Aequi Acquisition Corp.;;True;False
0001823854;Senior Connect Acquisition Corp. I;;True;False
0001823855;MARLIN TECHNOLOGY CORP.;;True;False
0001823857;Viveon Health Acquisition Corp.;;True;False
0001823878;"PLAYSTUDIOS, Inc.";MYPSW;False;False
0001823882;Airspan Networks Holdings Inc.;;False;False
0001823884;VectoIQ Acquisition Corp. II;;True;False
0001823896;Golden Falcon Acquisition Corp.;;True;False
0001823945;BLUE OWL CAPITAL INC.;OWL;False;False
0001824013;Health Assurance Acquisition Corp.;;False;True
0001824119;Jiya Acquisition Corp.;;True;False
0001824149;JOFF Fintech Acquisition Corp.;;True;False
0001824153;Leo Holdings Corp. II;;True;False
0001824171;Kairos Acquisition Corp.;;True;False
0001824185;HH&L Acquisition Co.;;True;False
0001824211;Astrea Acquisition Corp.;;True;False
0001824293;"Vallon Pharmaceuticals, Inc.";GRI;False;False
0001824301;Concord Acquisition Corp;;True;False
0001824403;"Reservoir Media, Inc.";RSVRW;False;False
0001824434;Fortress Value Acquisition Corp. III;;True;False
0001824482;Benchmark 2020-B20 Mortgage Trust;;True;False
0001824502;Archer Aviation Inc.;ACHR-WT;False;False
0001824577;Cerberus Telecom Acquisition Corp.;;True;False
0001824677;One Equity Partners Open Water I Corp.;;True;False
0001824734;"Berkshire Grey, Inc.";;False;True
0001824846;Healthcare Services Acquisition Corp;;True;False
0001824884;Edoc Acquisition Corp.;;True;False
0001824888;Natural Order Acquisition Corp.;;True;False
0001824893;"Surrozen, Inc./DE";SRZNW;False;False
0001824920;"IonQ, Inc.";IONQ-WT;False;False
0001824963;Ajax I;;True;False
0001824993;Periphas Capital Partnering Corp;;False;True
0001825024;Offerpad Solutions Inc.;OPADW;False;False
0001825042;Investindustrial Acquisition Corp.;;True;False
0001825079;"Velo3D, Inc.";VLDXW;False;False
0001825088;"Dream Finders Homes, Inc.";DFH;False;False
0001825248;Franklin BSP Capital Corp;FRBP;True;False
0001825249;CF ACQUISITION CORP. IV;;False;True
0001825254;AMERICAS TECHNOLOGY ACQUISITION CORP.;;True;False
0001825265;TCW Direct Lending VIII LLC;;True;False
0001825300;CarMax Auto Owner Trust 2020-4;;True;False
0001825384;Stone Point Credit Corp;;True;False
0001825413;Biotech Acquisition Co;;True;False
0001825437;LIGHTJUMP ACQUISITION CORP;;True;False
0001825452;"Onfolio Holdings, Inc";ONFOP;False;False
0001825473;Prospector Capital Corp.;;True;False
0001825480;"Poshmark, Inc.";;False;True
0001825497;Crucible Acquisition Corp;;True;False
0001825590;SL Investment Corp.;;True;False
0001825720;Empowerment & Inclusion Capital I Corp.;;True;False
0001825724;"Population Health Investment Co., Inc.";;True;False
0001825739;PWP Forward Acquisition Corp. I;;True;False
0001825962;Quadro Acquisition One Corp.;;True;False
0001826000;"Latch, Inc.";;False;True
0001826011;7GC & Co. Holdings Inc.;BNZIW;False;False
0001826018;"ROVER GROUP, INC.";;False;False
0001826058;"Mason Industrial Technology, Inc.";;True;False
0001826059;Kismet Acquisition Three Corp.;;True;False
0001826333;Poema Global Holdings Corp.;;True;False
0001826397;AGRIFORCE GROWING SYSTEMS LTD.;AVX;False;False
0001826435;Silver Spike Acquisition Corp II;;True;False
0001826457;"Monte Rosa Therapeutics, Inc.";GLUE;False;False
0001826470;"Petco Health & Wellness Company, Inc.";WOOF;False;False
0001826501;Hyundai Auto Receivables Trust 2020-C;;True;False
0001826553;Silver Crest Acquisition Corp;;True;False
0001826571;SCE Recovery Funding LLC;;True;False
0001826574;Sports Ventures Acquisition Corp.;;True;False
0001826600;"Montauk Renewables, Inc.";MNTK;False;False
0001826657;Verizon Owner Trust 2020-C;;True;False
0001826660;Wetouch Technology Inc.;WETH;True;False
0001826667;MedTech Acquisition Corp;TLSIW;False;False
0001826669;GX Acquisition Corp. II;;True;False
0001826671;KLUDEIN I ACQUISITION CORP;;True;False
0001826681;Sarcos Technology & Robotics Corp;PDYNW;False;False
0001826729;EQ Health Acquisition Corp.;;True;False
0001826814;"Hamilton Lane Alliance Holdings I, Inc.";;True;False
0001826855;Class Acceleration Corp.;;True;False
0001826889;"Beachbody Company, Inc.";BODYW;False;False
0001826892;"BioAtla, Inc.";BCAB;False;False
0001826991;Trepont Acquisition Corp I;;True;False
0001827054;Wells Fargo Commercial Mortgage Trust 2020-C58;;True;False
0001827075;CVENT HOLDING CORP.;;False;True
0001827076;Dragoneer Growth Opportunities Corp. III;;True;False
0001827087;"Vigil Neuroscience, Inc.";;False;False
0001827090;"Certara, Inc.";CERT;False;False
0001827183;Benchmark 2020-B21 Mortgage Trust;;True;False
0001827248;Epiphany Technology Acquisition Corp.;;True;False
0001827328;Bright Lights Acquisition Corp.;;True;False
0001827392;Authentic Equity Acquisition Corp.;;True;False
0001827506;"Talaris Therapeutics, Inc.";;False;False
0001827669;Omnichannel Acquisition Corp.;;True;False
0001827821;"Forge Global Holdings, Inc.";FRGE;False;False
0001827855;Medicale Corp.;MCLE;True;False
0001827871;TLG Acquisition One Corp.;;True;False
0001827899;Crown PropTech Acquisitions;CPTKW;True;False
0001827980;"Embark Technology, Inc.";;False;True
0001828016;Playtika Holding Corp.;PLTK;False;False
0001828096;Gores Holdings VII Inc.;;True;False
0001828105;Hippo Holdings Inc.;HIPOW;False;False
0001828108;"Aurora Innovation, Inc.";AUROW;False;False
0001828161;"FTC Solar, Inc.";FTCI;False;False
0001828182;"Signify Health, Inc.";;False;True
0001828183;Fortress Value Acquisition Corp. IV;;True;False
0001828185;Vaccitech plc;BRNS;False;False
0001828248;Churchill Capital Corp VII;;False;False
0001828250;Churchill Capital Corp VI;;False;True
0001828318;Enovix Corp;ENVX;False;False
0001828325;Monument Circle Acquisition Corp.;;True;False
0001828326;Frazier Lifesciences Acquisition Corp;;True;False
0001828376;William Penn Bancorporation;;False;False
0001828377;Fortitude Gold Corp;FTCO;True;False
0001828438;Z-Work Acquisition Corp.;;True;False
0001828443;Ortho Clinical Diagnostics Holdings plc;;False;True
0001828478;SVF Investment Corp.;;True;False
0001828522;"eFFECTOR Therapeutics, Inc.";;False;False
0001828536;"Energy Vault Holdings, Inc.";NRGV;False;False
0001828588;"Hanover Bancorp, Inc. /NY";HNVR;False;False
0001828608;Compute Health Acquisition Corp.;;True;False
0001828613;GLOBAL GOLD ROYALTY INC.;;True;False
0001828672;"Boxed, Inc.";;False;True
0001828673;HCW Biologics Inc.;HCWB;False;False
0001828723;"Altus Power, Inc.";;False;False
0001828735;Benessere Capital Acquisition Corp.;;True;False
0001828739;Azzurro Solutions Corp.;;True;False
0001828748;ASIAFIN HOLDINGS CORP.;ASFH;True;False
0001828791;Viant Technology Inc.;DSP;False;False
0001828805;"Aeluma, Inc.";ALMU;True;False
0001828817;Highland Transcend Partners I Corp.;;True;False
0001828852;"Mondee Holdings, Inc.";;False;False
0001828914;Athlon Acquisition Corp.;;True;False
0001828937;Finance of America Companies Inc.;FOACW;False;False
0001828957;Codere Online U.S. Corp.;;True;False
0001828962;"Cricut, Inc.";CRCT;False;False
0001828972;"BuzzFeed, Inc.";BZFDW;False;False
0001828985;ScION Tech Growth I;;True;False
0001828989;Panacea Acquisition Corp. II;;True;False
0001829012;AmeriCredit Automobile Receivables Trust 2020-3;;True;False
0001829042;HumanCo Acquisition Corp.;;True;False
0001829247;"BullFrog AI Holdings, Inc.";BFRGW;False;False
0001829280;Forian Inc.;FORA;False;False
0001829311;"BITMINE IMMERSION TECHNOLOGIES, INC.";BMNR;True;False
0001829322;Sizzle Acquisition Corp.;;True;False
0001829328;Fintech Acquisition Corp V;;True;False
0001829426;Far Peak Acquisition Corp;;False;True
0001829427;Powered Brands;;True;False
0001829432;Ares Acquisition Corp;;False;True
0001829455;HENNESSY CAPITAL INVESTMENT CORP. V;;True;False
0001829558;ARCTOS NORTHSTAR ACQUISITION CORP.;;True;False
0001829576;"Carter Bankshares, Inc.";CARE;False;False
0001829615;Colicity Inc.;;True;False
0001829635;"Transcode Therapeutics, Inc.";RNAZ;False;False
0001829730;Switchback II Corp;;True;False
0001829794;"Volcon, Inc.";EMPD;False;False
0001829797;Pioneer Merger Corp.;;True;False
0001829802;"Sensei Biotherapeutics, Inc.";SNSE;False;False
0001829864;"TaskUs, Inc.";TASK;False;False
0001829889;INSU ACQUISITION CORP III;;True;False
0001829953;Corner Growth Acquisition Corp.;;True;False
0001829966;"EBET, Inc.";;False;True
0001829999;FoxWayne Enterprises Acquisition Corp.;;True;False
0001830029;Adit EdTech Acquisition Corp.;;False;False
0001830033;"PureCycle Technologies, Inc.";PCTBP;True;False
0001830043;Bumble Inc.;BMBL;False;False
0001830063;North Atlantic Acquisition Corp;;True;False
0001830072;iPower Inc.;IPW;False;False
0001830081;Rumble Inc.;RUMBW;False;False
0001830180;"ENJOY TECHNOLOGY, INC./DE";;False;True
0001830188;DiamondHead Holdings Corp.;UHGWW;False;False
0001830197;Home Point Capital Inc.;;False;True
0001830210;"Benson Hill, Inc.";;False;False
0001830214;"Ginkgo Bioworks Holdings, Inc.";DNABW;False;False
0001830232;Altimeter Growth Corp. 2;;True;False
0001830315;BANK 2020-BNK29;;True;False
0001830316;Ford Credit Auto Owner Trust 2020-C;;True;False
0001830374;D & Z Media Acquisition Corp.;;True;False
0001830392;Pontem Corp;;True;False
0001830486;Volkswagen Auto Lease Trust 2020-A;;True;False
0001830503;Business Warrior Corp;;True;False
0001830531;Provident Acquisition Corp.;;True;False
0001830547;Science Strategic Acquisition Corp. Alpha;;True;False
0001830696;GLOBAL LEADERS CORP;GLCP;True;False
0001830795;Quantum FinTech Acquisition Corp;;True;False
0001830976;Santander Drive Auto Receivables Trust 2020-4;;True;False
0001831006;BlueRiver Acquisition Corp.;;True;False
0001831096;"Great Elm Group, Inc.";GEGGL;False;False
0001831097;"agilon health, inc.";AGL;False;False
0001831236;Bridgetown 2 Holdings Ltd;;True;False
0001831270;Bite Acquisition Corp.;;True;False
0001831283;LianBio;LIANY;False;False
0001831359;Jaws Mustang Acquisition Corp;JWSWF;False;False
0001831363;"Terns Pharmaceuticals, Inc.";TERN;False;False
0001831481;Flame Acquisition Corp.;SOC;False;False
0001831617;"Diversey Holdings, Ltd.";;False;True
0001831631;"loanDepot, Inc.";LDI;False;False
0001831651;"Shoals Technologies Group, Inc.";SHLS;False;False
0001831828;"Vera Therapeutics, Inc.";VERA;False;False
0001831840;"SEMrush Holdings, Inc.";SEMR;False;False
0001831868;SeaStar Medical Holding Corp;ICUCW;False;False
0001831874;Iris Acquisition Corp;;True;False
0001831915;"Cytek Biosciences, Inc.";CTKB;False;False
0001831928;Deep Lake Capital Acquisition Corp.;;True;False
0001831937;Clarim Acquisition Corp.;;True;False
0001831964;NORTHERN REVIVAL ACQUISITION Corp;;True;False
0001831978;Newbury Street Acquisition Corp;;True;False
0001831979;Global Partner Acquisition Corp II;SDSTW;False;False
0001831992;Liberty Media Acquisition Corp;;True;False
0001832010;Omega Alpha SPAC;;True;False
0001832038;"Invivyd, Inc.";IVVD;False;False
0001832136;Osiris Acquisition Corp.;;True;False
0001832148;SLR HC BDC LLC;;True;False
0001832161;KeyStar Corp.;VIPZ;True;False
0001832168;"Longboard Pharmaceuticals, Inc.";;False;False
0001832250;Group Nine Acquisition Corp.;;True;False
0001832300;Longview Acquisition Corp. II;;True;False
0001832332;"Aveanna Healthcare Holdings, Inc.";AVAH;False;False
0001832351;"Fast Radius, Inc.";;True;False
0001832371;Velocity Acquisition Corp.;;True;False
0001832415;"Better Therapeutics, Inc.";;False;False
0001832433;Ferguson plc;;True;False
0001832459;Thoma Bravo Advantage;;False;True
0001832466;"Alignment Healthcare, Inc.";ALHC;False;False
0001832483;Patricia Acquisition Corp.;SERV;True;False
0001832487;"Guerrilla RF, Inc.";GUER;True;False
0001832505;European Sustainable Growth Acquisition Corp.;;True;False
0001832511;P3 Health Partners Inc.;PIIIW;False;False
0001832696;FTAC Athena Acquisition Corp.;;True;False
0001832737;Tishman Speyer Innovation Corp. II;;True;False
0001832765;Edify Acquisition Corp.;;True;False
0001832873;CSAIL 2021-C20 Commercial Mortgage Trust;;True;False
0001832874;BANK 2020-BNK30;;True;False
0001832950;"Kernel Group Holdings, Inc.";;True;False
0001833197;"Latham Group, Inc.";SWIM;False;False
0001833213;Progress Acquisition Corp.;;True;False
0001833214;"SAB Biotherapeutics, Inc.";SABSW;False;False
0001833235;Property Solutions Acquisition Corp. II;;True;False
0001833498;Rosecliff Acquisition Corp I;MDAIW;False;False
0001833522;GS Mortgage Securities Trust 2020-GSA2;;True;False
0001833563;Benchmark 2020-B22 Mortgage Trust;;True;False
0001833756;"Leonardo DRS, Inc.";DRS;False;False
0001833764;ABG Acquisition Corp. I;;True;False
0001833769;"Hyperfine, Inc.";HYPR;False;False
0001833908;"Alfi, Inc.";;False;True
0001833909;African Gold Acquisition Corp;;True;False
0001834032;Constellation Acquisition Corp I;CSTWF;True;False
0001834045;"Vintage Wine Estates, Inc.";;False;False
0001834226;Oyster Enterprises Acquisition Corp.;;True;False
0001834336;Finserv Acquisition Corp. II;;True;False
0001834342;Evo Acquisition Corp;;True;False
0001834376;InnovAge Holding Corp.;INNV;False;False
0001834488;"N-able, Inc.";NABL;False;False
0001834494;"MeridianLink, Inc.";;False;False
0001834518;Northern Star Investment Corp. II;;True;False
0001834543;BlackRock Direct Lending Corp.;;True;False
0001834584;"Coupang, Inc.";CPNG;False;False
0001834585;JOANN Inc.;;False;False
0001834622;"Hayward Holdings, Inc.";HAYW;False;False
0001834628;"Lead Edge Growth Opportunities, Ltd";;True;False
0001834645;"Peak Bio, Inc.";;False;True
0001834699;GM Financial Consumer Automobile Receivables Trust 2021-1;;True;False
0001834755;Social Leverage Acquisition Corp I;;True;False
0001835022;"Coya Therapeutics, Inc.";COYA;False;False
0001835205;IBERE PHARMACEUTICALS;;True;False
0001835236;Music Acquisition Corp;;True;False
0001835256;"Duckhorn Portfolio, Inc.";;False;False
0001835378;Innovid Corp.;;False;False
0001835385;"Marathon Bancorp, Inc. /MD/";MBBC;True;False
0001835416;Moringa Acquisition Corp;;True;False
0001835512;Terran Orbital Corp;;False;False
0001835567;"Pear Therapeutics, Inc.";;False;True
0001835579;"Ikena Oncology, Inc.";IMA;False;False
0001835591;Vizio Holding Corp.;;False;False
0001835597;PepGen Inc.;PEPG;False;False
0001835632;"Marvell Technology, Inc.";MRVL;False;False
0001835636;"Advanced Merger Partners, Inc.";;True;False
0001835681;"POWERSCHOOL HOLDINGS, INC.";;False;False
0001835713;Climate Real Impact Solutions II Acquisition Corp;;True;False
0001835747;Mercedes-Benz Auto Lease Trust 2021-A;;True;False
0001835800;Pivotal Investment Corp III;;True;False
0001835814;Northern Star Investment Corp. IV;;True;False
0001835817;Northern Star Investment Corp. III;;True;False
0001835856;Aurora Acquisition Corp.;BETRW;False;False
0001835881;Tailwind International Acquisition Corp.;;True;False
0001835972;Arrowroot Acquisition Corp.;;True;False
0001836056;Ambrx Biopharma Inc.;;True;False
0001836074;Warburg Pincus Capital Corp I-B;;True;False
0001836075;Warburg Pincus Capital Corp I-A;;True;False
0001836100;Goal Acquisitions Corp.;;True;False
0001836129;Orion Acquisition Corp.;;True;False
0001836154;Decarbonization Plus Acquisition Corp II;;True;False
0001836176;Fathom Digital Manufacturing Corp;;False;False
0001836190;Queen's Gambit Growth Capital;;True;False
0001836214;CarMax Auto Owner Trust 2021-1;;True;False
0001836259;SportsTek Acquisition Corp.;;True;False
0001836274;Atlantic Coastal Acquisition Corp.;;True;False
0001836295;RetinalGenix Technologies Inc.;RTGN;True;False
0001836337;Lazard Growth Acquisition Corp. I;;True;False
0001836478;Avalon Acquisition Inc.;;True;False
0001836517;Medicus Sciences Acquisition Corp.;;True;False
0001836547;Alpha Capital Acquisition Co;;True;False
0001836707;SBEA Merger Sub LLC;;True;False
0001836809;World Omni Auto Receivables Trust 2021-A;;True;False
0001836833;Planet Labs PBC;PL-WT;False;False
0001836875;Nuvve Holding Corp.;NVVEW;True;False
0001836894;USHG Acquisition Corp.;;True;False
0001836935;Centricus Acquisition Corp.;;True;False
0001836967;ALKURI GLOBAL ACQUISITION CORP.;;True;False
0001836981;"BigBear.ai Holdings, Inc.";BBAI-WT;False;False
0001837014;"SmartRent, Inc.";SMRT;False;False
0001837019;Ford Credit Auto Lease Trust 2021-A;;True;False
0001837067;NightDragon Acquisition Corp.;;True;False
0001837105;"Gores Technology Partners, Inc.";;True;False
0001837160;COVA Acquisition Corp.;;True;False
0001837207;G Squared Ascend I Inc.;;True;False
0001837238;SVF Investment Corp. 2;;True;False
0001837240;Symbotic Inc.;SYM;False;False
0001837248;Sustainable Development Acquisition I Corp.;;True;False
0001837344;Nocturne Acquisition Corp;;True;False
0001837393;Independence Holdings Corp.;;True;False
0001837412;"SomaLogic, Inc.";;False;False
0001837523;GM Financial Automobile Leasing Trust 2021-1;;True;False
0001837532;Apollo Debt Solutions BDC;;True;False
0001837607;Priveterra Acquisition Corp.;AEON;False;False
0001837671;Copper Property CTL Pass Through Trust;CPPTL;True;False
0001837686;"Vimeo, Inc.";;False;False
0001837739;Colonnade Acquisition Corp. II;;True;False
0001837774;Global Innovative Platforms Inc.;GIPL;True;False
0001837824;Sprott ESG Gold ETF;;True;False
0001837929;New Providence Acquisition Corp. II;;True;False
0001837985;Exeter Automobile Receivables Trust 2021-1;;True;False
0001837997;Isleworth Healthcare Acquisition Corp.;;True;False
0001838000;Springwater Special Situations Corp.;;True;False
0001838040;Toyota Auto Receivables 2021-A Owner Trust;;True;False
0001838108;RMG Acquisition Corp. III;;True;False
0001838126;HPS Corporate Lending Fund;;True;False
0001838128;Lowell Farms Inc.;;True;False
0001838162;Slam Corp.;SLAMF;True;False
0001838163;DHC Acquisition Corp.;BNAIW;False;False
0001838176;DHB Capital Corp.;;True;False
0001838207;Austerlitz Acquisition Corp I;;False;True
0001838219;TCW Special Purpose Acquisition Corp.;;True;False
0001838238;Pine Technology Acquisition Corp.;;True;False
0001838293;Catcha Investment Corp;;True;False
0001838337;Apollo Strategic Growth Capital II;;False;True
0001838359;"Rigetti Computing, Inc.";RGTIW;False;False
0001838361;"Supernova Partners Acquisition Co III, Ltd.";;True;False
0001838431;ScION Tech Growth II;;True;False
0001838433;New Vista Acquisition Corp;;True;False
0001838513;Marblegate Acquisition Corp.;;True;False
0001838527;Spartan Acquisition Corp. III;;True;False
0001838544;BOA Acquisition Corp.;;True;False
0001838614;Atlas Crest Investment Corp. II;;True;False
0001838615;"Alvarium Tiedemann Holdings, Inc.";ALTI;False;False
0001838666;Build Acquisition Corp.;;True;False
0001838672;"AdTheorent Holding Company, Inc.";;False;False
0001838697;Broadscale Acquisition Corp.;;True;False
0001838814;Juniper II Corp.;;True;False
0001838821;ARYA Sciences Acquisition Corp IV;;True;False
0001838831;Disruptive Acquisition Corp I;;True;False
0001838876;"GeoSolar Technologies, Inc.";;True;False
0001838883;Accelerate Acquisition Corp.;;True;False
0001838987;Freedom Acquisition I Corp.;SPWRW;False;False
0001839121;G&P Acquisition Corp.;;True;False
0001839127;"Simon Property Group Acquisition Holdings, Inc.";;True;False
0001839132;Movella Holdings Inc.;;True;False
0001839133;"IR-Med, Inc.";IRME;True;False
0001839175;M3-Brigade Acquisition II Corp.;;True;False
0001839185;Summit Healthcare Acquisition Corp.;;True;False
0001839191;Austerlitz Acquisition Corp II;;True;False
0001839285;"Healthcare Triangle, Inc.";HCTI;False;False
0001839341;"Core Scientific, Inc./tx";CORZR;False;True
0001839360;FaZe Holdings Inc.;;False;False
0001839412;QualTek Services Inc.;;False;True
0001839434;EJF Acquisition Corp.;;True;False
0001839439;"PAYCOR HCM, INC.";;False;False
0001839519;CF Acquisition Corp. VII;;True;False
0001839530;CF Acquisition Corp. VIII;XBPEW;False;False
0001839550;Figure Acquisition Corp. I;;True;False
0001839569;FinTech Evolution Acquisition Group;;True;False
0001839608;"Getaround, Inc";;False;False
0001839610;InterPrivate III Financial Partners Inc.;;True;False
0001839611;InterPrivate IV InfraTech Partners Inc.;;True;False
0001839824;FAST Acquisition Corp. II;;True;False
0001839839;"Janus International Group, Inc.";JBI;False;False
0001839893;Santander Drive Auto Receivables Trust 2021-1;;True;False
0001839972;FTAC Parnassus Acquisition Corp.;;True;False
0001839990;Artemis Strategic Investment Corp;;True;False
0001839998;Digital Transformation Opportunities Corp.;;False;False
0001840102;"SPECIFICITY, INC.";SPTY;True;False
0001840121;BANK 2021-BNK31;;True;False
0001840148;Mission Advancement Corp.;;True;False
0001840161;Forest Road Acquisition Corp. II;;True;False
0001840199;Waldencast Acquisition Corp.;WALDW;False;False
0001840225;Fusion Acquisition Corp. II;;True;False
0001840229;"MiNK Therapeutics, Inc.";INKT;False;False
0001840233;"Xilio Therapeutics, Inc.";XLO;False;False
0001840292;"Heliogen, Inc.";;False;True
0001840317;Plum Acquisition Corp. I;VEEAW;False;False
0001840327;"WEPCo Environmental Trust Finance I, LLC";;True;False
0001840353;Twin Ridge Capital Acquisition Corp.;;True;False
0001840425;Bellevue Life Sciences Acquisition Corp.;OSRHW;True;False
0001840439;"Biomea Fusion, Inc.";BMEA;False;False
0001840463;RXR Acquisition Corp.;;True;False
0001840502;Taboola.com Ltd.;TBLAW;False;False
0001840572;Bowlero Corp.;LUCK;False;False
0001840574;"Verve Therapeutics, Inc.";;False;False
0001840644;BENCHMARK 2021-B23 MORTGAGE TRUST;;True;False
0001840776;"Hagerty, Inc.";HGTY;False;False
0001840780;Local Bounti Corporation/DE;LOCLW;False;False
0001840792;VPC Impact Acquisition Holdings II;;True;False
0001840856;"SOUNDHOUND AI, INC.";SOUNW;False;False
0001840859;TPG Pace Beneficial II Corp.;;True;False
0001840877;Anzu Special Acquisition Corp I;COCHW;False;False
0001840882;Honda Auto Receivables 2021-1 Owner Trust;;True;False
0001840904;ATAI Life Sciences N.V.;ATAI;True;False
0001840920;Tech & Energy Transition Corp;;True;False
0001841004;Altimar Acquisition Corp. III;;True;False
0001841024;L Catterton Asia Acquisition Corp;;True;False
0001841080;Gores Holdings VIII Inc.;;True;False
0001841125;Golden Arrow Merger Corp.;BSLKW;False;False
0001841137;Conyers Park III Acquisition Corp.;;True;False
0001841144;Hawks Acquisition Corp;;True;False
0001841156;"Paymentus Holdings, Inc.";PAY;False;False
0001841209;MicroCloud Hologram Inc.;HOLOW;True;False
0001841230;Trine II Acquisition Corp.;;True;False
0001841258;European Biotech Acquisition Corp.;;True;False
0001841330;Pasithea Therapeutics Corp.;KTTAW;False;False
0001841338;"CIIG Capital Partners II, Inc.";;True;False
0001841341;Carvana Auto Receivables Trust 2021-P1;;True;False
0001841383;Levere Holdings Corp.;;True;False
0001841387;"Candel Therapeutics, Inc.";CADL;False;False
0001841389;Revolution Healthcare Acquisition Corp.;;True;False
0001841408;Dave Inc./DE;DAVEW;False;False
0001841420;ESM Acquisition Corp;;True;False
0001841425;"Verde Clean Fuels, Inc.";VGASW;False;False
0001841508;Harley-Davidson Motorcycle Trust 2021-A;;True;False
0001841514;"Commonwealth Credit Partners BDC I, Inc.";;True;False
0001841585;Live Oak Mobility Acquisition Corp.;;True;False
0001841586;"Industrial Tech Acquisitions II, Inc.";;True;False
0001841610;Ross Acquisition Corp II;;True;False
0001841661;AF Acquisition Corp.;;True;False
0001841666;APA Corp;APA;False;False
0001841734;Glass Houses Acquisition Corp.;;True;False
0001841761;"Grove Collaborative Holdings, Inc.";GROVW;False;False
0001841800;"Nogin, Inc.";;False;True
0001841804;"INSTRUCTURE HOLDINGS, INC.";;False;False
0001841845;Peridot Acquisition Corp. II;;True;False
0001841867;Aries I Acquisition Corp.;;True;False
0001841873;Khosla Ventures Acquisition Co.;;True;False
0001841925;"indie Semiconductor, Inc.";INDI;False;False
0001841948;Lerer Hippeau Acquisition Corp.;;True;False
0001841968;"P10, Inc.";PX;False;False
0001841993;Model Performance Acquisition Corp;;True;False
0001842012;Carvana Auto Receivables Trust 2021-N1;;True;False
0001842022;"DT Midstream, Inc.";DTM;False;False
0001842046;"Gores Technology Partners II, Inc.";;True;False
0001842138;WARPSPEED TAXI INC.;ULIX;True;False
0001842167;Limitless Projects Inc.;;True;False
0001842219;Agrico Acquisition Corp.;;True;False
0001842223;Frontier Acquisition Corp.;;True;False
0001842279;OPAL Fuels Inc.;OPAL;False;False
0001842329;Agile Growth Corp.;;True;False
0001842356;Wag! Group Co.;;False;False
0001842373;LDH Growth Corp I;;True;False
0001842384;Belong Acquisition Corp.;;True;False
0001842386;Vector Acquisition Corp II;;True;False
0001842430;Angel Pond Holdings Corp;;True;False
0001842556;HNR Acquisition Corp.;EONR-WT;False;False
0001842563;"Go Go Buyers, Inc.";;True;False
0001842566;BYTE Acquisition Corp.;AISPW;False;False
0001842609;Jaws Juggernaut Acquisition Corp;;True;False
0001842644;SILVERspac Inc.;;True;False
0001842659;Corsair Partnering Corp;;True;False
0001842718;INTEGRAL AD SCIENCE HOLDING CORP.;;False;False
0001842729;Sandbridge X2 Corp;;True;False
0001842883;First Reserve Sustainable Growth Corp.;;True;False
0001842912;FTAC Hera Acquisition Corp.;;True;False
0001842916;Forum Merger IV Corp;;True;False
0001842937;Hennessy Capital Investment Corp. VI;;True;False
0001842939;ALPHA HEALTHCARE ACQUISITION CORP III;XAGEW;False;False
0001842952;Context Therapeutics Inc.;CNTX;False;False
0001843091;Valor Latitude Acquisition Corp.;;True;False
0001843100;Schultze Special Purpose Acquisition Corp. II;;True;False
0001843121;Magnum Opus Acquisition Ltd;;True;False
0001843162;Silver Spike Investment Corp.;LIEN;False;False
0001843205;Jaws Hurricane Acquisition Corp;;True;False
0001843212;KKR Acquisition Holdings I Corp.;;False;True
0001843248;"Global System Dynamics, Inc.";;True;False
0001843249;Northern Genesis Acquisition Corp. III;;True;False
0001843351;Kadem Sustainable Impact Corp;;True;False
0001843370;bleuacacia ltd;;True;False
0001843388;"Virgin Orbit Holdings, Inc.";;False;True
0001843443;AmeriCredit Automobile Receivables Trust 2021-1;;True;False
0001843477;Spring Valley Acquisition Corp. II;SVIRF;True;False
0001843608;Dila Capital Acquisition Corp;;True;False
0001843627;Carvana Auto Receivables Trust 2021-P3;;True;False
0001843634;Ford Credit Auto Owner Trust 2021-A;;True;False
0001843643;Carvana Auto Receivables Trust 2021-N2;;True;False
0001843653;Carvana Auto Receivables Trust 2021-N3;;True;False
0001843656;American Acquisition Opportunity Inc.;RMCOW;False;False
0001843657;Carvana Auto Receivables Trust 2021-P2;;True;False
0001843714;Andretti Acquisition Corp.;ZPTAW;False;False
0001843716;Post Holdings Partnering Corp;;True;False
0001843724;"LanzaTech Global, Inc.";LNZAW;False;False
0001843762;"EQRx, Inc.";;False;True
0001843764;TB SA Acquisition Corp;;True;False
0001843823;BBCMS Mortgage Trust 2021-C9;;True;False
0001843862;Elliott Opportunity II Corp.;;True;False
0001843973;EG Acquisition Corp.;FLYX-WT;False;False
0001843988;two;;True;False
0001843993;"Thunder Bridge Capital Partners IV, Inc.";;True;False
0001844135;Sierra Lake Acquisition Corp.;;True;False
0001844149;Perception Capital Corp. II;;False;False
0001844211;B. Riley Principal 250 Merger Corp.;;True;False
0001844224;FREYR Battery;;True;False
0001844270;FTAC ZEUS ACQUISITION CORP.;;True;False
0001844280;"Thorne Healthtech, Inc.";;False;True
0001844336;FINTECH ACQUISITION CORP VI;;True;False
0001844363;Rocket Internet Growth Opportunities Corp.;;True;False
0001844389;Ace Global Business Acquisition Ltd;;True;False
0001844392;"Marpai, Inc.";MRAI;False;False
0001844417;TradeUP Acquisition Corp.;ESLAW;False;False
0001844419;Maquia Capital Acquisition Corp;;True;False
0001844452;"Intuitive Machines, Inc.";LUNR;False;False
0001844505;"GigCapital5, Inc.";QTIWW;False;False
0001844507;Achari Ventures Holdings Corp. I;;True;False
0001844519;"Drax, Industries Inc.";;True;False
0001844579;ION Acquisition Corp 3 Ltd.;;True;False
0001844635;Corazon Capital V838 Monoceros Corp;;True;False
0001844642;"Landcadia Holdings IV, Inc.";;True;False
0001844650;SOAR Technology Acquisition Corp.;;True;False
0001844684;NC SLF Inc.;;True;False
0001844793;Yo-Health Inc.;;True;False
0001844817;Armada Acquisition Corp. I;;True;False
0001844840;Artisan Acquisition Corp.;;True;False
0001844862;"Solid Power, Inc.";SLDPW;False;False
0001844872;CNH Equipment Trust 2021-A;;True;False
0001844908;Shelter Acquisition Corp I;;True;False
0001844964;Verizon Master Trust;;True;False
0001844971;Greenidge Generation Holdings Inc.;GREEL;False;False
0001844981;StoneBridge Acquisition Corp.;;True;False
0001844998;Benchmark 2021-B24 Mortgage Trust;;True;False
0001845013;Healthwell Acquisition Corp. I;;True;False
0001845022;"Couchbase, Inc.";;False;False
0001845123;Swiftmerge Acquisition Corp.;ANNAW;False;False
0001845149;Chain Bridge I;CBGGF;True;False
0001845211;Carvana Auto Receivables Trust 2021-N4;;True;False
0001845213;Carvana Auto Receivables Trust 2021-P4;;True;False
0001845257;"LifeStance Health Group, Inc.";LFST;False;False
0001845290;"Macquarie Infrastructure Holdings, LLC";;False;True
0001845317;BMW Vehicle Lease Trust 2021-1;;True;False
0001845337;"Day One Biopharmaceuticals, Inc.";DAWN;False;False
0001845368;HCM Acquisition Corp;;True;False
0001845437;Rice Acquisition Corp. II;NPWR-WT;False;False
0001845459;Graf Acquisition Corp. IV;;False;False
0001845550;Alpha Partners Technology Merger Corp.;PLMWF;True;False
0001845580;TCV Acquisition Corp.;;True;False
0001845601;Iron Spark I Inc.;;True;False
0001845618;Bilander Acquisition Corp.;;True;False
0001845709;John Deere Owner Trust 2021;;True;False
0001845799;"Cullman Bancorp, Inc. /MD/";CULL;False;False
0001845815;Payoneer Global Inc.;PAYO;False;False
0001845942;Bannix Acquisition Corp.;;True;False
0001845991;Lionheart III Corp;;True;False
0001846017;Blue Foundry Bancorp;BLFY;False;False
0001846068;Khosla Ventures Acquisition Co. III;;True;False
0001846069;"Nextdoor Holdings, Inc.";NXDR;False;False
0001846084;Global Crossing Airlines Group Inc.;JETBF;True;False
0001846136;Riverview Acquisition Corp.;;True;False
0001846163;Tio Tech A;;True;False
0001846235;International Media Acquisition Corp.;IMAQW;True;False
0001846253;"OmniAb, Inc.";OABI;False;False
0001846288;Global Consumer Acquisition Corp;;True;False
0001846510;Membership Collective Group Inc.;SHCO;False;False
0001846576;"FIGS, Inc.";FIGS;False;False
0001846750;Trajectory Alpha Acquisition Corp.;;True;False
0001846804;"Big Sky Growth Partners, Inc.";;True;False
0001846809;OceanTech Acquisitions I Corp.;;True;False
0001846968;Cascadia Acquisition Corp.;;True;False
0001846975;SDCL EDGE Acquisition Corp;;True;False
0001846996;MSD ACQUISITION CORP. / NEW;;True;False
0001847064;Colombier Acquisition Corp.;PSQH-WT;False;False
0001847075;TradeUP Global Corp;SAIHW;False;False
0001847090;TPB Acquisition Corp I;;True;False
0001847112;TortoiseEcofin Acquisition Corp. III;;True;False
0001847127;"Gores Guggenheim, Inc.";;True;False
0001847152;SKYDECK ACQUISITION CORP.;;True;False
0001847241;Project Energy Reimagined Acquisition Corp.;;True;False
0001847345;PowerUp Acquisition Corp.;ASBPW;True;False
0001847351;Beard Energy Transition Acquisition Corp.;;True;False
0001847355;Target Global Acquisition I Corp.;;True;False
0001847360;"1895 Bancorp of Wisconsin, Inc. /MD/";BCOW;False;False
0001847398;"NorthEast Community Bancorp, Inc./MD/";NECB;False;True
0001847416;Orion Biotech Opportunities Corp.;;True;False
0001847440;Coliseum Acquisition Corp.;;True;False
0001847513;CORNER GROWTH ACQUISITION CORP. 2;;True;False
0001847577;Learn CW Investment Corp;;True;False
0001847590;Bowman Consulting Group Ltd.;BWMN;False;False
0001847607;RF Acquisition Corp.;;True;False
0001847846;EUDA Health Holdings Ltd;EUDAW;False;False
0001847874;Fifth Wall Acquisition Corp. III;BEEP;False;False
0001847891;Acropolis Infrastructure Acquisition Corp.;;True;False
0001847903;Centessa Pharmaceuticals plc;CNTA;False;False
0001847986;Dragonfly Energy Holdings Corp.;DFLIW;False;False
0001848000;Lakeshore Acquisition I Corp.;;True;False
0001848020;Black Mountain Acquisition Corp.;;True;False
0001848097;SPK Acquisition Corp.;;True;False
0001848165;Parabellum Acquisition Corp.;;True;False
0001848323;Live Oak Crestview Climate Acquisition Corp.;;True;False
0001848334;"OKMIN RESOURCES, INC.";OKMN;True;False
0001848364;Logistics Innovation Technologies Corp.;;True;False
0001848410;Catalyst Partners Acquisition Corp.;;True;False
0001848411;BANK 2021-BNK32;;True;False
0001848416;Verano Holdings Corp.;VRNO;True;False
0001848437;Cartica Acquisition Corp;CRTWF;True;False
0001848558;Spindletop Health Acquisition Corp.;;True;False
0001848672;Glidelogic Corp.;GDLG;True;False
0001848756;Pyrophyte Acquisition Corp.;;True;False
0001848795;"GigInternational1, Inc.";;True;False
0001848821;Global Technology Acquisition Corp. I;;True;False
0001848861;Healthcare AI Acquisition Corp.;HAIAF;True;False
0001848898;10X Capital Venture Acquisition Corp. II;;False;False
0001848948;10X Capital Venture Acquisition Corp. III;;True;False
0001848959;Decarbonization Plus Acquisition Corp IV;;True;False
0001849011;Apeiron Capital Investment Corp.;;True;False
0001849056;AltC Acquisition Corp.;OKLO;False;False
0001849058;Clover Leaf Capital Corp.;;True;False
0001849089;"Lafayette Square USA, Inc.";;True;False
0001849253;"RYAN SPECIALTY HOLDINGS, INC.";RYAN;False;False
0001849280;"G Squared Ascend II, Inc.";;True;False
0001849294;Fortune Rise Acquisition Corp;;True;False
0001849380;Data Knights Acquisition Corp.;ONMDW;False;False
0001849408;Zimmer Energy Transition Acquisition Corp.;;True;False
0001849466;"Texas Community Bancshares, Inc.";TCBS;False;False
0001849475;Newcourt Acquisition Corp;;True;False
0001849489;Arena Fortify Acquisition Corp.;;True;False
0001849548;Onyx Acquisition Co. I;;True;False
0001849580;Waverley Capital Acquisition Corp. 1;;True;False
0001849635;Digital World Acquisition Corp.;DJTWW;False;False
0001849670;"PB Bankshares, Inc.";;False;False
0001849737;Patria Latin American Opportunity Acquisition Corp.;;True;False
0001849820;"Nauticus Robotics, Inc.";KITTW;False;False
0001849867;"Catalyst Bancorp, Inc.";CLST;False;False
0001849894;MSD Investment Corp.;;True;False
0001849902;SEP Acquisition Corp.;;True;False
0001850024;GM Financial Consumer Automobile Receivables Trust 2021-2;;True;False
0001850038;Hunt Companies Acquisition Corp. I;;True;False
0001850051;Intelligent Medicine Acquisition Corp.;;True;False
0001850079;Telesis Bio Inc.;;False;False
0001850119;"Century Therapeutics, Inc.";IPSC;False;False
0001850262;Integral Acquisition Corp 1;;True;False
0001850266;"Akili, Inc.";;False;False
0001850270;PROKIDNEY CORP.;PROK;False;False
0001850271;Social Capital Suvretta Holdings Corp. II;;True;False
0001850272;Social Capital Suvretta Holdings Corp. IV;;True;False
0001850316;Ascendant Digital Acquisition Corp. III;;True;False
0001850398;"TC Bancshares, Inc.";;False;False
0001850487;Good Works II Acquisition Corp.;;True;False
0001850502;Enphys Acquisition Corp.;;True;False
0001850529;Heartland Media Acquisition Corp.;;True;False
0001850699;7 Acquisition Corp;;True;False
0001850767;Accustem Sciences Inc.;ACUT;True;False
0001850787;"Kayne DL 2021, Inc.";;True;False
0001850838;"Omega Therapeutics, Inc.";;False;False
0001850902;"Alpha Teknova, Inc.";TKNO;False;False
0001850906;"Singular Genomics Systems, Inc.";;False;False
0001850938;"WTI Fund X, Inc.";;True;False
0001851003;Zeta Global Holdings Corp.;ZETA;False;False
0001851048;Cyber App Solutions Corp.;;True;False
0001851115;Benchmark 2021-B25 Mortgage Trust;;True;False
0001851174;World Quantum Growth Acquisition Corp.;;True;False
0001851182;Future Health ESG Corp.;;True;False
0001851194;"Ventyx Biosciences, Inc.";VTYX;False;False
0001851230;Crescera Capital Acquisition Corp.;;True;False
0001851266;LF Capital Acquisition Corp. II;;True;False
0001851277;Carlyle Secured Lending III;;True;False
0001851322;North Haven Private Income Fund LLC;;True;False
0001851375;CarMax Auto Owner Trust 2021-2;;True;False
0001851484;TenX Keane Acquisition;CTOR;False;False
0001851612;Crixus BH3 Acquisition Co;;True;False
0001851625;McLaren Technology Acquisition Corp.;;True;False
0001851657;"Vaxxinity, Inc.";;False;False
0001851817;WELLS FARGO COMMERCIAL MORTGAGE TRUST 2021-C59;;True;False
0001851860;"SMART FOR LIFE, INC.";;False;False
0001851908;Black Spade Acquisition Co;;True;False
0001851909;Compass Digital Acquisition Corp.;CDAUF;True;False
0001851959;Concord Acquisition Corp II;CNDAW;True;False
0001851961;Concord Acquisition Corp III;GCTS-WT;False;False
0001852016;AltEnergy Acquisition Corp;AEAEW;True;False
0001852019;IX Acquisition Corp.;IXQWF;True;False
0001852061;Generation Asia I Acquisition Ltd;;True;False
0001852117;Rockley Photonics Holdings Ltd;;False;True
0001852131;Nextracker Inc.;NXT;False;False
0001852244;"GXO Logistics, Inc.";GXO;False;False
0001852332;Banner Acquisition Corp.;;True;False
0001852353;Dakota Gold Corp.;DC-WT;False;False
0001852407;Fintech Ecosystem Development Corp.;;True;False
0001852432;ARYA Sciences Acquisition Corp V;;True;False
0001852495;Jackson Acquisition Co;;True;False
0001852536;"Intorio, Corp.";;True;False
0001852575;"Strategic Storage Trust VI, Inc.";SGST;True;False
0001852633;Banyan Acquisition Corp;;False;False
0001852707;"Better For You Wellness, Inc.";;True;False
0001852736;Tristar Acquisition I Corp.;;True;False
0001852749;ExcelFin Acquisition Corp.;;True;False
0001852767;Galata Acquisition Corp.;MRT;False;False
0001852771;Macondray Capital Acquisition Corp. I;;True;False
0001852889;Investcorp India Acquisition Corp;IVCAF;True;False
0001852931;NewHold Investment Corp. II;;True;False
0001852940;GoGreen Investments Corp;;True;False
0001852973;Oxus Acquisition Corp.;BRLSW;False;False
0001853021;Metals Acquisition Corp;;True;False
0001853044;Worldwide Webb Acquisition Corp.;AERTW;False;False
0001853047;Hudson Acquisition I Corp.;;True;False
0001853070;PROOF Acquisition Corp I;SOARW;True;False
0001853084;Blue Safari Group Acquisition Corp;;True;False
0001853112;Genesis Unicorn Capital Corp.;;True;False
0001853145;EverCommerce Inc.;EVCM;False;False
0001853314;Gesher I Acquisition Corp.;;True;False
0001853397;XPAC Acquisition Corp.;;True;False
0001853436;Mercato Partners Acquisition Corp;;True;False
0001853513;"Mister Car Wash, Inc.";MCW;False;False
0001853580;PORTAGE FINTECH ACQUISITION CORP.;;True;False
0001853594;Sculptor Acquisition Corp I;;True;False
0001853651;Alpine Acquisition Corp.;;True;False
0001853774;Mountain Crest Acquisition Corp. IV;;True;False
0001853775;Mountain Crest Acquisition Corp. III;;True;False
0001853816;"Dermata Therapeutics, Inc.";DRMAW;False;False
0001853825;THUMZUP MEDIA Corp;DTCX;True;False
0001853902;Hyundai Auto Receivables Trust 2021-A;;True;False
0001853920;Viscogliosi Brothers Acquisition Corp;;True;False
0001853928;Anthemis Digital Acquisitions I Corp;;True;False
0001854012;Drive Auto Receivables Trust 2021-1;;True;False
0001854139;Zevia PBC;ZVIA;False;False
0001854183;Orion Bliss Corp.;ORIB;True;False
0001854270;"Senti Biosciences, Inc.";SNTI;False;False
0001854275;Innovative International Acquisition Corp.;ZCARW;False;False
0001854401;Bridge Investment Group Holdings Inc.;;False;False
0001854445;"Glimpse Group, Inc.";VRAR;False;False
0001854458;Nabors Energy Transition Corp.;;True;False
0001854461;Mount Rainier Acquisition Corp.;;True;False
0001854463;WinVest Acquisition Corp.;;True;False
0001854480;Focus Impact Acquisition Corp.;DEVS;False;False
0001854526;"brooqLy, Inc.";BRQL;True;False
0001854583;"Abri SPAC I, Inc.";;False;False
0001854593;Gobi Acquisition Corp.;;True;False
0001854795;INTEGRATED RAIL & RESOURCES ACQUISITION CORP;;True;False
0001854816;Minerva Gold Inc.;MINR;True;False
0001854846;GM Financial Automobile Leasing Trust 2021-2;;True;False
0001854863;Blue Whale Acquisition Corp I;;True;False
0001854963;"SHF Holdings, Inc.";SHFSW;False;False
0001854964;"NewLake Capital Partners, Inc.";NLCP;True;False
0001855168;Williams Rowland Acquisition Corp.;;True;False
0001855302;"Industrial Human Capital, Inc.";;True;False
0001855351;Sagaliam Acquisition Corp;;True;False
0001855447;Roth CH Acquisition IV Co.;TYGO;False;False
0001855450;LAVA Medtech Acquisition Corp.;;True;False
0001855457;"KORE Group Holdings, Inc.";KORGW;False;False
0001855467;Chavant Capital Acquisition Corp.;MOBXW;False;False
0001855474;Power & Digital Infrastructure Acquisition II Corp.;AIRJW;False;False
0001855485;"First Light Acquisition Group, Inc.";CLDWW;False;False
0001855509;"Twin Vee PowerCats, Co.";VEEE;False;False
0001855555;ACCRETION ACQUISITION CORP.;;True;False
0001855631;AERWINS Technologies Inc.;;False;False
0001855644;Zura Bio Ltd;ZURA;False;False
0001855693;Frontier Investment Corp;;True;False
0001855747;"Blend Labs, Inc.";BLND;False;False
0001855751;Parsec Capital Acquisitions Corp.;;True;False
0001855885;Signal Hill Acquisition Corp.;;True;False
0001855886;Arbor Rapha Capital Bioholdings Corp. I;;True;False
0001856028;"Stronghold Digital Mining, Inc.";;False;False
0001856031;Vivid Seats Inc.;SEATW;False;False
0001856161;Pearl Holdings Acquisition Corp;;True;False
0001856236;"European Wax Center, Inc.";EWCZ;False;False
0001856242;C5 Acquisition Corp;;True;False
0001856314;"Clear Secure, Inc.";YOU;False;False
0001856365;Finwise Bancorp;FINW;False;False
0001856407;World Omni Auto Receivables Trust 2021-B;;True;False
0001856430;Snap One Holdings Corp.;;False;False
0001856437;Victoria's Secret & Co.;VSCO;False;False
0001856485;Sylvamo Corp;SLVM;False;False
0001856519;G3 VRM Acquisition Corp.;;True;False
0001856525;"Core & Main, Inc.";CNM;False;False
0001856589;M3-Brigade Acquisition III Corp.;;True;False
0001856608;"Sovos Brands, Inc.";;False;False
0001856653;BioPlus Acquisition Corp.;;True;False
0001856689;Sanaby Health Acquisition Corp. I;;True;False
0001856696;Ahren Acquisition Corp.;;True;False
0001856724;Bullpen Parlay Acquisition Co;;True;False
0001856725;"Rani Therapeutics Holdings, Inc.";RANI;False;False
0001856774;Games & Esports Experience Acquisition Corp.;;True;False
0001856948;Chenghe Acquisition Co.;;True;False
0001856961;Blue Ocean Acquisition Corp;;True;False
0001856967;Morgan Stanley Capital I Trust 2021-L5;;True;False
0001856995;Mountain & Co. I Acquisition Corp.;;True;False
0001857044;"Indaptus Therapeutics, Inc.";INDP;True;False
0001857086;Deep Medicine Acquisition Corp.;TRUG;False;False
0001857154;"Krispy Kreme, Inc.";DNUT;False;True
0001857290;Honda Auto Receivables 2021-2 Owner Trust;;True;False
0001857355;Exeter Automobile Receivables Trust 2021-2;;True;False
0001857410;Investcorp Europe Acquisition Corp I;;True;False
0001857518;Jaguar Global Growth Corp I;;True;False
0001857662;AxonPrime Infrastructure Acquisition Corp;;True;False
0001857803;DP Cap Acquisition Corp I;;True;False
0001857853;"Traeger, Inc.";COOK;False;False
0001857855;Finnovate Acquisition Corp.;;True;False
0001857910;"Dr. Foods, Inc.";;True;False
0001857951;Weber Inc.;;False;True
0001858007;Goldenstone Acquisition Ltd.;GDSTW;True;False
0001858028;Nova Vision Acquisition Corp;;True;False
0001858180;Prime Number Acquisition I Corp.;;True;False
0001858257;"AvidXchange Holdings, Inc.";;False;False
0001858258;Franklin Templeton Holdings Trust;FGDL;True;False
0001858289;Benchmark 2021-B26 Mortgage Trust;;True;False
0001858327;"dMY Technology Group, Inc. VI";;True;False
0001858351;Iconic Sports Acquisition Corp.;;True;False
0001858414;Pacifico Acquisition Corp.;;True;False
0001858503;Green Visor Financial Technology Acquisition Corp I;;True;False
0001858681;"Apollo Global Management, Inc.";APOS;False;False
0001858684;ST Energy Transition I Ltd.;;True;False
0001858685;Biofrontera Inc.;BFRIW;False;False
0001858848;"Tenaya Therapeutics, Inc.";TNYA;False;False
0001858865;BANK 2021-BNK33;;True;False
0001858912;Gardiner Healthcare Acquisitions Corp.;;True;False
0001859007;"ZyVersa Therapeutics, Inc.";ZVSA;False;False
0001859035;Mountain Crest Acquisition Corp. V;MCAGU;True;False
0001859055;Santander Drive Auto Receivables Trust 2021-2;;True;False
0001859285;HireRight Holdings Corp;;False;False
0001859310;Minority Equality Opportunities Acquisition Inc.;;True;False
0001859807;NorthView Acquisition Corp;NVACW;True;False
0001859855;Toyota Auto Receivables 2021-B Owner Trust;;True;False
0001859919;Barings Private Credit Corp;;True;False
0001860173;Privacy & Value Inc.;;True;False
0001860424;Onex Falcon Direct Lending BDC Fund;;True;False
0001860482;Talon 1 Acquisition Corp;;True;False
0001860484;Relativity Acquisition Corp;;True;False
0001860514;TKB Critical Technologies 1;;True;False
0001860543;"Cadre Holdings, Inc.";CDRE;False;False
0001860657;"Allarity Therapeutics, Inc.";ALLR;False;False
0001860663;Monterey Innovation Acquisition Corp;;True;False
0001860742;Bausch & Lomb Corp;BLCO;False;False
0001860782;"2seventy bio, Inc.";;False;False
0001860871;Semper Paratus Acquisition Corp;TVGNW;False;False
0001860879;Rigel Resource Acquisition Corp.;;True;False
0001861063;Aquaron Acquisition Corp.;AQUNU;True;False
0001861121;EVe Mobility Acquisition Corp;;True;False
0001861449;"Bird Global, Inc.";;False;True
0001861522;KIDPIK CORP.;;False;False
0001861541;Pegasus Digital Mobility Acquisition Corp.;;True;False
0001861560;"Nuvalent, Inc.";NUVL;False;False
0001861570;AmeriCredit Automobile Receivables Trust 2021-2;;True;False
0001861622;Oxbridge Acquisition Corp.;JTAI;False;False
0001861645;"Pegasus Medical Holdings, Inc.";;True;False
0001861657;Hillstream BioPharma Inc.;THAR;False;False
0001861795;Definitive Healthcare Corp.;DH;False;False
0001862068;"Rubicon Technologies, Inc.";;False;False
0001862080;BENCHMARK 2021-B27 MORTGAGE TRUST;;True;False
0001862150;Cingulate Inc.;CINGW;False;False
0001862327;Infinite Acquisition Corp.;;True;False
0001862463;Insight Acquisition Corp. /DE;AMODW;False;False
0001862935;InFinT Acquisition Corp;CURR;False;False
0001862993;AP Acquisition Corp;;True;False
0001863099;Kimbell Tiger Acquisition Corp;;True;False
0001863105;"EngageSmart, Inc.";;False;False
0001863127;"Tyra Biosciences, Inc.";TYRA;False;False
0001863181;Home Plate Acquisition Corp;;True;False
0001863294;DA32 Life Science Tech Acquisition Corp.;;True;False
0001863428;Seaport Calibre Materials Acquisition Corp.;;True;False
0001863460;PHP Ventures Acquisition Corp.;;True;False
0001863685;Thrive Acquisition Corp;;True;False
0001863688;BANK 2021-BNK34;;True;False
0001863708;World Omni Automobile Lease Securitization Trust 2021-A;;True;False
0001863719;Everest Consolidator Acquisition Corp;;True;False
0001863990;Sportsmap Tech Acquisition Corp.;MSAIW;False;False
0001864032;Ault Disruptive Technologies Corp;;True;False
0001864196;BBCMS Mortgage Trust 2021-C10;;True;False
0001864448;Wejo Group Ltd;;False;True
0001864531;DIGITAL HEALTH ACQUISITION CORP.;VSEEW;False;False
0001864833;Mercedes-Benz Auto Lease Trust 2021-B;;True;False
0001864891;Endurance Acquisition Corp.;;True;False
0001864913;Nissan Auto Receivables 2021-A Owner Trust;;True;False
0001864943;FGI Industries Ltd.;FGIWW;False;False
0001865045;FAT PROJECTS ACQUISITION CORP;;True;False
0001865107;A.K.A. BRANDS HOLDING CORP.;AKA;False;False
0001865111;Alpha Star Acquisition Corp;ALSWF;True;False
0001865120;Broad Capital Acquisition Corp;;True;False
0001865127;"Lucy Scientific Discovery, Inc.";;False;False
0001865174;Goldman Sachs Middle Market Lending Corp. II;;True;False
0001865187;"Aris Water Solutions, Inc.";;False;False
0001865191;TG Venture Acquisition Corp.;;True;False
0001865200;Southport Acquisition Corp;ANGX;True;False
0001865248;Capitalworks Emerging Markets Acquisition Corp;;True;False
0001865377;Argus Capital Corp.;;True;False
0001865407;Kensington Capital Acquisition Corp. V;;True;False
0001865468;Kairous Acquisition Corp. Ltd;;True;False
0001865494;"IO Biotech, Inc.";IOBT;False;False
0001865506;ESGEN Acquisition Corp;ZEOWW;False;False
0001865533;Emerging Markets Horizon Corp.;;True;False
0001865537;DTRT Health Acquisition Corp.;;True;False
0001865631;NEXTNAV INC.;NXNVW;False;False
0001865697;Genesis Growth Tech Acquisition Corp.;;True;False
0001865701;Keyarch Acquisition Corp;;True;False
0001865861;Cactus Acquisition Corp. 1 Ltd;CTSUF;True;False
0001865975;AfterNext HealthTech Acquisition Corp.;;True;False
0001866175;Crescent Energy Co;CRGY;False;False
0001866226;Welsbach Technology Metals Acquisition Corp.;EMAT;True;False
0001866368;"Clearwater Analytics Holdings, Inc.";CWAN;False;False
0001866390;Babylon Holdings Ltd;;False;True
0001866493;Morgan Stanley Capital I Trust 2021-L6;;True;False
0001866514;PG&E Recovery Funding LLC;;True;False
0001866547;Aetherium Acquisition Corp;;True;False
0001866550;"Thoughtworks Holding, Inc.";;False;False
0001866581;Dutch Bros Inc.;BROS;False;False
0001866633;"Consensus Cloud Solutions, Inc.";CCSI;False;False
0001866692;"Amplitude, Inc.";AMPL;False;False
0001866757;"Brilliant Earth Group, Inc.";BRLT;False;False
0001866796;CNH Equipment Trust 2021-B;;True;False
0001866816;OmniLit Acquisition Corp.;OPTXW;False;False
0001866838;Inception Growth Acquisition Ltd;IGTAW;True;False
0001867066;Journey Medical Corp;DERM;False;False
0001867072;"Kyndryl Holdings, Inc.";KD;False;False
0001867096;"Xeris Biopharma Holdings, Inc.";XERS;False;False
0001867287;Lakeshore Acquisition II Corp.;;True;False
0001867436;CarMax Auto Owner Trust 2021-3;;True;False
0001867443;Canna-Global Acquisition Corp;;True;False
0001867467;WELLS FARGO COMMERCIAL MORTGAGE TRUST 2021-C60;;True;False
0001867550;John Deere Owner Trust 2021-B;;True;False
0001867757;Blockchain Moon Acquisition Corp.;;True;False
0001867949;"Chicago Atlantic Real Estate Finance, Inc.";REFI;False;False
0001867956;Linktory Inc.;;True;False
0001867993;GM Financial Consumer Automobile Receivables Trust 2021-3;;True;False
0001868269;LatAmGrowth SPAC;;True;False
0001868275;Constellation Energy Corp;CEG;False;False
0001868419;Western Acquisition Ventures Corp.;CYCUW;True;False
0001868573;APx Acquisition Corp. I;;True;False
0001868640;Vahanna Tech Edge Acquisition I Corp.;RDZNW;False;False
0001868726;"OLAPLEX HOLDINGS, INC.";OLPX;False;False
0001868734;"CinCor Pharma, Inc.";;False;True
0001868775;ASPAC I Acquisition Corp.;;True;False
0001868778;Informatica Inc.;;False;False
0001868834;Santander Drive Auto Receivables Trust 2021-3;;True;False
0001868878;GOLUB CAPITAL DIRECT LENDING CORP;;True;False
0001868912;"Enfusion, Inc.";;False;False
0001868941;"Fluence Energy, Inc.";FLNC;False;False
0001869141;Athena Consumer Acquisition Corp.;;True;False
0001869198;"Life Time Group Holdings, Inc.";LTH;False;False
0001869453;Owl Rock Technology Income Corp.;;True;False
0001869601;Embrace Change Acquisition Corp.;EMCUF;True;False
0001869673;Berenson Acquisition Corp. I;;True;False
0001869824;Seaport Global Acquisition II Corp.;;True;False
0001869889;Hyundai Auto Receivables Trust 2021-B;;True;False
0001869974;"Ocean Biomedical, Inc.";OCEA;False;False
0001870129;Rose Hill Acquisition Corp;;True;False
0001870143;RCF Acquisition Corp.;;True;False
0001870144;"Cardio Diagnostics Holdings, Inc.";CDIOW;False;False
0001870258;MELI Kaszek Pioneer Corp;;True;False
0001870267;Redwood Enhanced Income Corp.;;True;False
0001870404;PHOENIX BIOTECH ACQUISITION CORP.;CEROW;False;False
0001870471;Crypto 1 Acquisition Corp;;True;False
0001870475;GM Financial Automobile Leasing Trust 2021-3;;True;False
0001870600;"Solo Brands, Inc.";SBDS;False;False
0001870778;Opy Acquisition Corp. I;;True;False
0001870925;Enterprise 4.0 Technology Acquisition Corp;;True;False
0001870940;"Airsculpt Technologies, Inc.";AIRS;False;False
0001870997;Loyalty Ventures Inc.;;False;True
0001871149;"Real Good Food Company, Inc.";;False;False
0001871181;"Qualis Innovations, Inc.";FOFA;True;False
0001871509;Portillo's Inc.;PTLO;False;False
0001871630;Benchmark 2021-B28 Mortgage Trust;;True;False
0001871638;BurTech Acquisition Corp.;BZAIW;True;False
0001871745;Direct Selling Acquisition Corp.;;True;False
0001871890;Galaxy Enterprises Inc. /WY/;GLEI;True;False
0001872292;Rainmaker Worldwide Inc.;RAKR;True;False
0001872327;World Omni Auto Receivables Trust 2021-C;;True;False
0001872347;BANK 2021-BNK35;;True;False
0001872356;"Molekule Group, Inc.";;False;True
0001872371;Oaktree Strategic Credit Fund;;True;False
0001872446;Harley-Davidson Motorcycle Trust 2021-B;;True;False
0001872525;"Stran & Company, Inc.";SWAGW;False;False
0001872789;Embecta Corp.;EMBC;False;False
0001873213;Birdie Win Corp;BRWC;True;False
0001873324;PepperLime Health Acquisition Corp;;True;False
0001873441;Blockchain Coinvestors Acquisition Corp. I;;True;False
0001873722;Bubblr Inc.;BBLR;True;False
0001873835;"Immix Biopharma, Inc.";IMMX;False;False
0001873923;Orion Office REIT Inc.;ONL;False;False
0001873964;Counter Press Acquisition Corp;;True;False
0001874071;"Ponce Financial Group, Inc.";PDLB;False;False
0001874097;Cyngn Inc.;CYN;False;False
0001874138;"Sparx Holdings Group, Inc.";SHGI;True;False
0001874178;"Rivian Automotive, Inc. / DE";RIVN;False;False
0001874218;Revelstone Capital Acquisition Corp.;;True;False
0001874259;Maxpro Capital Acquisition Corp.;;True;False
0001874440;"Victoria Lake, Inc.";;True;False
0001874495;Forbion European Acquisition Corp.;;True;False
0001874803;Honda Auto Receivables 2021-3 Owner Trust;;True;False
0001874875;"Hour Loop, Inc";HOUR;False;False
0001874944;"Vacasa, Inc.";;False;True
0001874999;"AG Acquisition Group III, Inc.";;True;False
0001875229;Drive Auto Receivables Trust 2021-2;;True;False
0001875257;LIV Capital Acquisition Corp. II;;True;False
0001875444;"Arhaus, Inc.";ARHS;False;False
0001875493;"Consilium Acquisition Corp I, Ltd.";;True;False
0001875558;"Nuvectis Pharma, Inc.";NVCT;False;False
0001875746;"Entertainment Holdings, Inc./OK";;True;False
0001875943;VMG Consumer Acquisition Corp.;;True;False
0001876068;DTE Electric Securitization Funding I LLC;;True;False
0001876255;"AB Commercial Real Estate Private Debt Fund, LLC";;True;False
0001876588;ZimVie Inc.;;False;False
0001876620;Exeter Automobile Receivables Trust 2021-3;;True;False
0001876714;Growth for Good Acquisition Corp;;True;False
0001876716;ASPAC II Acquisition Corp.;ASCWF;True;False
0001876945;TPCO Holding Corp.;;True;False
0001877322;ESAB Corp;ESAB;False;False
0001877461;1606 CORP.;CBDW;True;False
0001877557;Integrated Wellness Acquisition Corp;WELUF;True;False
0001877561;"NRI Real Estate Investment & Technology, Inc.";;True;False
0001877788;"Boon Industries, Inc.";;True;False
0001877939;"Castellum, Inc.";CTM;False;False
0001878074;Blue World Acquisition Corp;;True;False
0001878122;Mercedes-Benz Auto Receivables Trust 2021-1;;True;False
0001878313;"MAIA Biotechnology, Inc.";MAIA;False;False
0001878610;Toyota Auto Receivables 2021-C Owner Trust;;True;False
0001878872;World Omni Select Auto Trust 2021-A;;True;False
0001878897;Douglas Elliman Inc.;DOUG;False;False
0001878944;Volkswagen Auto Loan Enhanced Trust 2021-1;;True;False
0001879008;"Lafayette Square Mid-Atlantic BDC, Inc.";;True;False
0001879016;Ivanhoe Electric Inc.;IVNHW;False;False
0001879017;"Lafayette Square Far West BDC, Inc.";;True;False
0001879018;"Lafayette Square Gulf Coast BDC, Inc.";;True;False
0001879103;"CFSB Bancorp, Inc. /MA/";;False;False
0001879221;UTA Acquisition Corp;;True;False
0001879293;"Myson, Inc.";MMCP;True;False
0001879297;LAMF Global Ventures Corp. I;;True;False
0001879373;Energem Corp;GTIJF;False;False
0001879726;Sidus Space Inc.;SIDU;False;False
0001879747;CarMax Auto Owner Trust 2021-4;;True;False
0001879814;TLGY ACQUISITION CORP;TLGWF;True;False
0001879848;PHOENIX MOTOR INC.;PEVM;False;False
0001880151;Liberty Resources Acquisition Corp.;;True;False
0001880187;Benchmark 2021-B29 Mortgage Trust;;True;False
0001880249;"Perfect Solutions Group, Inc.";;True;False
0001880319;"Perimeter Solutions, SA";PRM;False;False
0001880343;"Fresh Vine Wine, Inc.";AMZE;False;False
0001880433;BMW Vehicle Lease Trust 2021-2;;True;False
0001880438;"AN2 Therapeutics, Inc.";ANTX;False;False
0001880441;Battery Future Acquisition Corp.;;True;False
0001880480;"Entergy Texas Restoration Funding II, LLC";;True;False
0001880613;"Direct Digital Holdings, Inc.";DRCT;False;False
0001880661;TPG Inc.;TPGXL;False;False
0001880921;BANK 2021-BNK36;;True;False
0001880968;"Sound Point Acquisition Corp I, Ltd";;True;False
0001880978;Ford Credit Auto Lease Trust 2021-B;;True;False
0001881226;Duke Energy Carolinas NC Storm Funding LLC;;True;False
0001881229;Duke Energy Progress NC Storm Funding LLC;;True;False
0001881326;BBCMS Mortgage Trust 2021-C11;;True;False
0001881462;Spree Acquisition Corp. 1 Ltd;;True;False
0001881487;ProFrac Holding Corp.;ACDC;False;False
0001881551;Nubia Brand International Corp.;STI;False;False
0001881592;"NSTS Bancorp, Inc.";NSTS;False;False
0001881741;Arogo Capital Acquisition Corp.;;True;False
0001881859;CNH Equipment Trust 2021-C;;True;False
0001882078;Arisz Acquisition Corp.;;True;False
0001882198;Athena Technology Acquisition Corp. II;ATEKW;True;False
0001882464;Metal Sky Star Acquisition Corp;MSSUF;True;False
0001882607;"ALPINE SUMMIT ENERGY PARTNERS, INC.";;False;True
0001882781;"C2 Blockchain,Inc.";CBLO;True;False
0001882850;"Apollo Realty Income Solutions, Inc.";;True;False
0001882961;GM Financial Consumer Automobile Receivables Trust 2021-4;;True;False
0001882963;AIB Acquisition Corp;;True;False
0001883083;"GPL Holdings, Inc.";GPLL;True;False
0001883246;Morgan Stanley Capital I Trust 2021-L7;;True;False
0001883389;Da Zhong Trading Group Holding Co;;True;False
0001883685;DraftKings Inc.;DKNG;False;False
0001883788;Aurora Technology Acquisition Corp.;;False;False
0001883799;Jupiter Wellness Acquisition Corp.;;True;False
0001883814;"Southland Holdings, Inc.";SLND-WT;False;False
0001883835;PLASMA INNOVATIVE INC.;ESGH;True;False
0001883955;Santander Drive Auto Receivables Trust 2021-4;;True;False
0001883962;ALSP Orchid Acquisition Corp I;;True;False
0001883983;VISION SENSING ACQUISITION CORP.;;True;False
0001883984;Clean Earth Acquisitions Corp.;ALCE;True;False
0001884072;Adamas One Corp.;;False;False
0001884164;"KwikClick, Inc.";KWIK;True;False
0001884516;ROC Energy Acquisition Corp.;DTI;False;False
0001884697;"Starry Group Holdings, Inc.";;False;True
0001885053;Capital One Prime Auto Receivables Trust 2021-1;;True;False
0001885336;"SensaSure Technologies, Inc.";;True;False
0001885444;KnightSwan Acquisition Corp;;True;False
0001885461;ShoulderUP Technology Acquisition Corp.;;True;False
0001885500;World Omni Auto Receivables Trust 2021-D;;True;False
0001885754;Motive Capital Corp II;;True;False
0001885849;Tofla Megaline Inc.;TFLM;True;False
0001885855;Benchmark 2021-B30 Mortgage Trust;;True;False
0001885968;T Series Middle Market Loan Fund LLC;;True;False
0001885998;Roth CH Acquisition V Co.;;True;False
0001886268;SHUAA Partners Acquisition Corp I;;True;False
0001886362;"Mobile Global Esports, Inc.";MGAM;False;False
0001886591;Nissan Auto Lease Trust 2021-A;;True;False
0001886799;Bright Green Corp;;False;False
0001886894;"Snail, Inc.";SNAL;False;False
0001886967;Toyota Auto Receivables 2021-D Owner Trust;;True;False
0001887912;Welsis Corp.;WLSS;True;False
0001888012;"HilleVax, Inc.";;False;False
0001888143;AmeriCredit Automobile Receivables Trust 2021-3;;True;False
0001888347;Hyundai Auto Receivables Trust 2021-C;;True;False
0001888447;"Excelerate Energy, Inc.";EE;False;False
0001888654;"5E Advanced Materials, Inc.";FEAV;False;False
0001888734;GLOBALINK INVESTMENT INC.;;True;False
0001888740;LSEB Creative Corp.;LSEB;True;False
0001888846;"Ultimate Holdings Group, Inc.";;True;False
0001888886;Structure Therapeutics Inc.;GPCR;False;False
0001889106;ALPHATIME ACQUISITION CORP;;True;False
0001889112;Cartesian Growth Corp II;REEUF;True;False
0001889115;Honda Auto Receivables 2021-4 Owner Trust;;True;False
0001889123;FTAC Emerald Acquisition Corp.;FLDDW;True;False
0001889297;BANK 2021-BNK37;;True;False
0001889450;FutureTech II Acquisition Corp.;FTII;True;False
0001889539;"Corebridge Financial, Inc.";CRBD;False;False
0001889668;Owl Rock Technology Finance Corp. II;;True;False
0001890433;Drive Auto Receivables Trust 2021-3;;True;False
0001890671;DUET Acquisition Corp.;;True;False
0001890702;3650R 2021-PF1 Commercial Mortgage Trust;;True;False
0001891012;Exeter Automobile Receivables Trust 2021-4;;True;False
0001891101;BRC Inc.;BRCC;False;True
0001891774;Wells Fargo Commercial Mortgage Trust 2021-C61;;True;False
0001891791;"TRANS GLOBAL GROUP, INC.";;True;False
0001891818;BBCMS Mortgage Trust 2021-C12;;True;False
0001892025;"Optimus Healthcare Services, Inc.";;True;False
0001892292;Maison Solutions Inc.;MSS;False;False
0001892316;Longduoduo Co Ltd;LDDD;True;False
0001892322;"HeartCore Enterprises, Inc.";HTCR;False;False
0001892480;"Hempacco Co., Inc.";;False;False
0001892492;Eightco Holdings Inc.;ORBS;False;False
0001892747;Valuence Merger Corp. I;VMCUF;True;False
0001892922;Mars Acquisition Corp.;;True;False
0001893219;Atlantic Coastal Acquisition Corp. II;ABPWW;True;False
0001893262;"J.P. Morgan Real Estate Income Trust, Inc.";;True;False
0001893311;LUXURBAN HOTELS INC.;;False;False
0001893325;Screaming Eagle Acquisition Corp.;;True;False
0001893657;Rubber Leaf Inc;RLEA;True;False
0001894057;Papaya Growth Opportunity Corp. I;;True;False
0001894210;Qomolangma Acquisition Corp.;;True;False
0001894370;Hainan Manaslu Acquisition Corp.;;True;False
0001894562;"Prime Medicine, Inc.";PRME;False;False
0001894630;"Gores Holdings IX, Inc.";;True;False
0001894714;BENCHMARK 2021-B31 MORTGAGE TRUST;;True;False
0001894951;Global Blockchain Acquisition Corp.;;True;False
0001894954;Expion360 Inc.;XPON;False;False
0001895116;GS Mortgage Securities Trust 2021-GSA3;;True;False
0001895249;Monterey Capital Acquisition Corp;CNTM;False;False
0001895262;Noble Corp plc;NE-WT;False;True
0001895316;Brightwood Capital Corp I;;True;False
0001895567;BANK 2021-BNK38;;True;False
0001895618;NFT Gaming Co Inc.;GXAI;False;False
0001895939;TANICO Inc.;;True;False
0001896212;Murphy Canyon Acquisition Corp.;CDTTW;False;False
0001896310;GM Financial Consumer Automobile Receivables Trust 2022-1;;True;False
0001897245;Alset Capital Acquisition Corp.;HWH;False;False
0001897392;Toyota Auto Receivables 2022-A Owner Trust;;True;False
0001897525;KB Global Holdings Ltd;;True;False
0001897660;BMW Vehicle Lease Trust 2022-1;;True;False
0001897982;"Aspen Technology, Inc.";;False;True
0001898496;"Getty Images Holdings, Inc.";GETY;False;True
0001898604;Yoshiharu Global Co.;VSTD;False;False
0001898795;"LiveWire Group, Inc.";LVWR-WT;False;True
0001899017;Bain Capital Private Credit;;True;False
0001899236;CarMax Auto Owner Trust 2022-1;;True;False
0001899287;"Amprius Technologies, Inc.";AMPX-WT;False;False
0001899883;FTAI Infrastructure Inc.;FIP;False;False
0001900402;Evergreen Corp;;True;False
0001900454;Benchmark 2022-B32 Mortgage Trust;;True;False
0001900520;Venetian-1 Acquisition Corp.;;True;False
0001900656;Ford Credit Auto Owner Trust 2022-A;;True;False
0001900679;Technology & Telecommunication Acquisition Corp;TETUF;True;False
0001901037;Stellus Private Credit BDC;;True;False
0001901056;EnergieInvesting.com Inc.;;True;False
0001901297;Harmony Energy Technologies Corp;ZRCN;True;False
0001901305;"Forza X1, Inc.";;False;False
0001901606;Golub Capital Direct Lending Unlevered Corp;;True;False
0001901612;"Golub Capital BDC 4, Inc.";;True;False
0001901637;"USCB FINANCIAL HOLDINGS, INC.";USCB;False;False
0001901711;GM Financial Automobile Leasing Trust 2022-1;;True;False
0001901799;GSR II Meteora Acquisition Corp.;BTMWW;False;False
0001901814;BBCMS Mortgage Trust 2022-C14;;True;False
0001901876;Federal Realty OP LP;;True;False
0001901886;Aura Fat Projects Acquisition Corp;;True;False
0001902266;Honda Auto Receivables 2022-1 Owner Trust;;True;False
0001902314;"M-tron Industries, Inc.";MPTI;False;False
0001902565;BANK 2022-BNK39;;True;False
0001902649;BlackRock Private Credit Fund;;True;False
0001902700;"Pioneer Green Farms, Inc.";;True;False
0001902733;"nCino, Inc.";NCNO;False;False
0001902794;MGO Global Inc.;;True;False
0001903382;"Bluerock Homes Trust, Inc.";BHM;False;False
0001903392;ClimateRock;CLRWF;True;False
0001903464;Aimfinity Investment Corp. I;AIMTF;True;False
0001903688;BMO 2022-C1 Mortgage Trust;;True;False
0001903753;Carvana Auto Receivables Trust 2022-P2;;True;False
0001903756;Carvana Auto Receivables Trust 2022-P3;;True;False
0001903763;Carvana Auto Receivables Trust 2022-P1;;True;False
0001905216;World Omni Auto Receivables Trust 2022-A;;True;False
0001905242;Santander Drive Auto Receivables Trust 2022-1;;True;False
0001905655;Nissan Auto Receivables 2022-A Owner Trust;;True;False
0001905824;PIMCO Capital Solutions BDC Corp.;;True;False
0001905956;TREASURE GLOBAL INC;TGL;False;False
0001906133;FG Merger Corp.;;False;False
0001906324;QuidelOrtho Corp;QDEL;False;False
0001907059;Benchmark 2022-B33 Mortgage Trust;;True;False
0001907223;Redwoods Acquisition Corp.;KLTOW;True;False
0001907425;JOCOM HOLDINGS CORP.;JOCM;True;False
0001907569;BANK 2022-BNK40;;True;False
0001907570;Exeter Automobile Receivables Trust 2022-1;;True;False
0001907685;"Comera Life Sciences Holdings, Inc.";;False;True
0001907730;Yotta Acquisition Corp;YOTA;True;False
0001907872;World Omni Automobile Lease Securitization Trust 2022-A;;True;False
0001907982;D-Wave Quantum Inc.;QBTS;False;True
0001908984;ENDI Corp.;ENDI;True;False
0001909747;Jushi Holdings Inc.;JUSHF;True;False
0001910139;Mobileye Global Inc.;MBLY;False;False
0001910466;CNH Equipment Trust 2022-A;;True;False
0001910595;AmeriCredit Automobile Receivables Trust 2022-1;;True;False
0001910851;R1 RCM Inc. /DE;;False;False
0001910923;Cleco Securitization I LLC;;True;False
0001910975;Rapid Line Inc.;RPDL;True;False
0001911066;Nuveen Churchill Private Capital Income Fund;;True;False
0001911467;"Circle Energy, Inc./NV";CRCE;True;False
0001911500;CATTHIS HOLDINGS CORP;;True;False
0001911818;John Deere Owner Trust 2022;;True;False
0001912461;SK Growth Opportunities Corp;;True;False
0001912509;Benchmark 2022-B34 Mortgage Trust;;True;False
0001912582;Feutune Light Acquisition Corp;AIEV;False;False
0001912724;Morgan Stanley Capital I Trust 2022-L8;;True;False
0001912954;WidFit Inc.;;True;False
0001913196;Hyundai Auto Receivables Trust 2022-A;;True;False
0001913577;Denali Capital Acquisition Corp.;SMNRW;True;False
0001913593;BBCMS Mortgage Trust 2022-C15;;True;False
0001913724;AG Twin Brook Capital Income Fund;;True;False
0001913838;"VWF Bancorp, Inc.";VWFB;True;False
0001913963;Santander Drive Auto Receivables Trust 2022-2;;True;False
0001913971;"Princeton Bancorp, Inc.";BPRN;False;False
0001914023;Acri Capital Acquisition Corp;;True;False
0001914281;Toyota Auto Receivables 2022-B Owner Trust;;True;False
0001914605;"ECB Bancorp, Inc. /MD/";ECBK;False;False
0001915328;Israel Acquisitions Corp;ISLWF;True;False
0001915380;"dMY Squared Technology Group, Inc.";DMYYW;True;False
0001915657;HF Sinclair Corp;DINO;False;False
0001916018;Wells Fargo Commercial Mortgage Trust 2022-C62;;True;False
0001916232;GM Financial Consumer Automobile Receivables Trust 2022-2;;True;False
0001916379;Volkswagen Auto Lease Trust 2022-A;;True;False
0001916608;TCW Star Direct Lending LLC;;True;False
0001916879;"VECTOR 21 HOLDINGS, INC.";;True;False
0001917698;Ford Credit Auto Lease Trust 2022-A;;True;False
0001918072;PG&E Wildfire Recovery Funding LLC;;True;False
0001918080;Aspen-1 Acquisition Inc.;;True;False
0001918102;Surfside Acquisition Inc.;;True;False
0001918694;Medies;;True;False
0001918884;Metaterra Corp.;;True;False
0001919984;GM Financial Automobile Leasing Trust 2022-2;;True;False
0001920406;Asset Entities Inc.;SATA;False;False
0001920442;BANK 2022-BNK41;;True;False
0001920453;Fidelity Private Credit Fund;;True;False
0001920761;Exeter Automobile Receivables Trust 2022-2;;True;False
0001920791;VICI Properties L.P.;;True;False
0001921031;Harley-Davidson Motorcycle Trust 2022-A;;True;False
0001921064;BENCHMARK 2022-B35 MORTGAGE TRUST;;True;False
0001921318;BMW Vehicle Owner Trust 2022-A;;True;False
0001921745;CarMax Auto Owner Trust 2022-2;;True;False
0001921865;ASP Isotopes Inc.;ASPI;False;False
0001922331;Global Star Acquisition Inc.;;True;False
0001922474;Ally Auto Receivables Trust 2022-1;;True;False
0001922639;Permex Petroleum Corp;OILCF;True;False
0001922858;EF Hutton Acquisition Corp I;ECDAW;False;False
0001922947;Wellings Real Estate Income Fund;;True;False
0001922981;"Diligent Capital Holdings, Inc.";;True;False
0001923840;"Third Harmonic Bio, Inc.";;False;False
0001924168;Capital One Prime Auto Receivables Trust 2022-1;;True;False
0001924780;BBCMS Mortgage Trust 2022-C16;;True;False
0001924870;Citigroup Commercial Mortgage Trust 2022-GC48;;True;False
0001924957;Santander Drive Auto Receivables Trust 2022-3;;True;False
0001925309;Sixth Street Lending Partners;;True;False
0001925531;"New Mountain Guardian IV BDC, L.L.C.";;True;False
0001926900;BANK 2022-BNK42;;True;False
0001926999;World Omni Auto Receivables Trust 2022-B;;True;False
0001927678;Benchmark 2022-B36 Mortgage Trust;;True;False
0001928446;"Granite Ridge Resources, Inc.";GRNT;False;True
0001929231;Plutonian Acquisition Corp.;;True;False
0001929381;AmeriCredit Automobile Receivables Trust 2022-2;;True;False
0001929561;"RXO, Inc.";RXO;False;False
0001929589;MariaDB plc;;True;False
0001930021;"Pono Capital Three, Inc.";HOVRW;False;False
0001930054;Blackstone Private Equity Strategies Fund L.P.;;True;False
0001930087;Golub Capital Private Credit Fund;;True;False
0001930284;Nissan Auto Lease Trust 2022-A;;True;False
0001930313;"Pono Capital Two, Inc.";SBCWW;False;False
0001931055;Medinotec Inc.;MDNC;True;False
0001931330;Exeter Automobile Receivables Trust 2022-3;;True;False
0001931691;Mobiv Acquisition Corp;;True;False
0001931934;Ford Credit Auto Owner Trust 2022-B;;True;False
0001932244;Lever Global Corp;;True;False
0001932377;GM Financial Consumer Automobile Receivables Trust 2022-3;;True;False
0001932393;GE HealthCare Technologies Inc.;GEHC;False;False
0001932485;Hyundai Auto Receivables Trust 2022-B;;True;False
0001932997;BMO 2022-C2 Mortgage Trust;;True;False
0001933359;Natics Corp.;NTCS;True;False
0001933414;"Mineralys Therapeutics, Inc.";MLYS;False;False
0001933877;Toyota Auto Receivables 2022-C Owner Trust;;True;False
0001934064;"ProSomnus, Inc.";;False;True
0001934479;CarMax Auto Owner Trust 2022-3;;True;False
0001934741;John Deere Owner Trust 2022-B;;True;False
0001934850;"F&G Annuities & Life, Inc.";FGN;False;True
0001934902;Santander Drive Auto Receivables Trust 2022-4;;True;False
0001935033;KEEMO Fashion Group Ltd;KMFG;True;False
0001935092;"Cyber Enviro-Tech, Inc.";CETI;True;False
0001935132;GM Financial Automobile Leasing Trust 2022-3;;True;False
0001935951;World Omni Auto Receivables Trust 2022-C;;True;False
0001935979;Biohaven Ltd.;BHVN;False;False
0001936737;"EASTERN GAS TRANSMISSION & STORAGE, INC.";;True;False
0001936748;Capital One Prime Auto Receivables Trust 2022-2;;True;False
0001936756;"Next Bridge Hydrocarbons, Inc.";;True;False
0001937096;BANK 2022-BNK43;;True;False
0001937365;CNH Equipment Trust 2022-B;;True;False
0001937619;Honda Auto Receivables 2022-2 Owner Trust;;True;False
0001937653;Zymeworks Inc.;ZYME;False;False
0001937891;AlphaVest Acquisition Corp.;AMCI;True;False
0001937985;BBCMS Mortgage Trust 2022-C17;;True;False
0001937993;"Cadrenal Therapeutics, Inc.";CVKD;False;False
0001938109;Pineapple Financial Inc.;PAPL;False;False
0001938338;GlobalTech Corp;GLTK;True;False
0001938750;Exeter Automobile Receivables Trust 2022-4;;True;False
0001939937;L A M Y;LMMY;True;False
0001941255;Santander Drive Auto Receivables Trust 2022-5;;True;False
0001941360;Neolara Corp.;;True;False
0001941365;"MasterBrand, Inc.";MBC;False;False
0001941405;Nissan Auto Receivables 2022-B Owner Trust;;True;False
0001941536;"Bridger Aerospace Group Holdings, Inc.";BAERW;False;True
0001942599;BMO 2022-C3 Mortgage Trust;;True;False
0001943670;Santander Drive Auto Receivables Trust 2022-6;;True;False
0001943802;"First Seacoast Bancorp, Inc.";FSEA;False;False
0001944013;Crane Co;CR;False;False
0001944019;GM Financial Consumer Automobile Receivables Trust 2022-4;;True;False
0001944485;Ford Credit Auto Owner Trust 2022-C;;True;False
0001944558;"Vitesse Energy, Inc.";VTS;False;False
0001944984;"Kansas Gas Service Securitization I, L.L.C.";;True;False
0001945619;"Bellatora, Inc.";KSEZ;True;False
0001946021;Horizon Space Acquisition I Corp.;HSPWF;True;False
0001946318;Exeter Automobile Receivables Trust 2022-5;;True;False
0001946375;Benchmark 2022-B37 Mortgage Trust;;True;False
0001946472;ALLY AUTO RECEIVABLES TRUST 2022-2;;True;False
0001946521;CarMax Auto Owner Trust 2022-4;;True;False
0001946790;Toyota Auto Receivables 2022-D Owner Trust;;True;False
0001947426;Santander Drive Auto Receivables Trust 2022-7;;True;False
0001947427;Daimler Trucks Retail Trust 2022-1;;True;False
0001948056;KKR Infrastructure Conglomerate LLC;;True;False
0001948175;3650R 2022-PF2 Commercial Mortgage Trust;;True;False
0001948368;Phillip Street Middle Market Lending Fund LLC;;True;False
0001948455;Ispire Technology Inc.;ISPR;False;False
0001948523;John Deere Owner Trust 2022-C;;True;False
0001948565;Investcorp US Institutional Private Credit Fund;;True;False
0001949543;Sitio Royalties Corp.;;False;False
0001949662;Hyundai Auto Receivables Trust 2022-C;;True;False
0001950140;BBCMS Mortgage Trust 2022-C18;;True;False
0001950141;BANK 2022-BNK44;;True;False
0001950632;CNH Equipment Trust 2022-C;;True;False
0001950741;Nissan Auto Lease Trust 2023-A;;True;False
0001950786;World Omni Auto Receivables Trust 2022-D;;True;False
0001951118;Mercedes-Benz Auto Receivables Trust 2022-1;;True;False
0001951276;"SR Bancorp, Inc.";SRBK;False;False
0001951752;Ford Credit Auto Owner Trust 2022-D;;True;False
0001952073;Madison Square Garden Entertainment Corp.;MSGE;False;False
0001954336;ALLY AUTO RECEIVABLES TRUST 2022-3;;True;False
0001954436;Exeter Automobile Receivables Trust 2022-6;;True;False
0001955010;OHA Senior Private Lending Fund (U) LLC;;True;False
0001959426;CarMax Auto Owner Trust 2023-1;;True;False
0001959472;"Kimco Realty OP, LLC";;True;False
0001959585;Protopia Global Holdings Inc.;;True;False
0001962487;Honda Auto Receivables 2023-1 Owner Trust;;True;False
0001967097;"Atmos Energy Kansas Securitization I, LLC";;True;False
0001967306;"Mercer Bancorp, Inc.";MSBB;True;False
0001967649;Vestis Corp;VSTS;False;False
0001974793;"Oaktree Gardens OLP, LLC";;True;False
0001975931;Bloom HoldCo LLC;;True;False
0001976900;DFP HOLDINGS Ltd;;True;False
0001978811;"Gouverneur Bancorp, Inc./MD/";GOVB;True;False
# ---
# SUMMARY
# number_of_companies; total firms processed
# number_of_companies;17143
# number_of_delisted; firms removed due to delisting
# number_of_delisted;3595
# number_of_non_cik_matches; firms with no trading days
# number_of_non_cik_matches;9354
# after_filtering; firms remaining after all filters
# after_filtering;4194
