Company Name,CIK,Form Type,Date Filed,Filename
MEDALLION FINANCIAL CORP,0001000209,10-K,2021-03-16,edgar/data/1000209/0001564590-21-013216.txt
HENRY SCHEIN INC,0001000228,10-K,2021-02-17,edgar/data/1000228/0001000228-21-000019.txt
CORE LABORATORIES N V,0001000229,10-K,2021-02-08,edgar/data/1000229/0001564590-21-004561.txt
KENTUCKY BANCSHARES INC /KY/,0001000232,10-K,2021-03-03,edgar/data/1000232/0001558370-21-002326.txt
IMPAC MORTGAGE HOLDINGS INC,0001000298,10-K,2021-03-12,edgar/data/1000298/0001558370-21-002945.txt
SCHWEITZER MAUDUIT INTERNATIONAL INC,0001000623,10-K,2021-03-01,edgar/data/1000623/0001000623-21-000047.txt
BLONDER TONGUE LABORATORIES INC,0001000683,10-K,2021-03-25,edgar/data/1000683/0001213900-21-017745.txt
NOVAVAX INC,0001000694,10-K,2021-03-01,edgar/data/1000694/0001000694-21-000004.txt
WATERS CORP /DE/,0001000697,10-K,2021-02-24,edgar/data/1000697/0001193125-21-054385.txt
"INSPERITY, INC.",0001000753,10-K,2021-02-12,edgar/data/1000753/0001000753-21-000009.txt
DISH Network CORP,0001001082,10-K,2021-02-22,edgar/data/1001082/0001558370-21-001322.txt
BROADWAY FINANCIAL CORP \DE\,0001001171,10-K,2021-03-31,edgar/data/1001171/0001140361-21-011100.txt
TUCSON ELECTRIC POWER CO,0000100122,10-K,2021-02-12,edgar/data/100122/0000100122-21-000005.txt
"SANGAMO THERAPEUTICS, INC",0001001233,10-K,2021-02-24,edgar/data/1001233/0001628280-21-003069.txt
"TG THERAPEUTICS, INC.",0001001316,10-K,2021-03-01,edgar/data/1001316/0001558370-21-002149.txt
NORTHWEST PIPE CO,0001001385,10-K,2021-03-04,edgar/data/1001385/0001437749-21-004994.txt
"Riley Exploration Permian, Inc.",0001001614,10-K,2021-03-30,edgar/data/1001614/0001140361-21-010616.txt
SOUTHERN COPPER CORP/,0001001838,10-K,2021-02-26,edgar/data/1001838/0001558370-21-001894.txt
INTEVAC INC,0001001902,10-K,2021-02-17,edgar/data/1001902/0001193125-21-046477.txt
AMEREN CORP,0001002910,10-K,2021-02-22,edgar/data/1002910/0001002910-21-000065.txt
"MMA Capital Holdings, Inc.",0001003201,10-K,2021-03-31,edgar/data/1003201/0001558370-21-003847.txt
DUKE REALTY Ltd PARTNERSHIP/,0001003410,10-K,2021-02-19,edgar/data/1003410/0000783280-21-000012.txt
AMERICAN EXPRESS CREDIT ACCOUNT MASTER TRUST,0001003509,10-K,2021-03-25,edgar/data/1003509/0001193125-21-094610.txt
BCTC IV ASSIGNOR CORP,0001003815,10-K,2021-03-25,edgar/data/1003815/0001104659-21-041525.txt
TANGER PROPERTIES LTD PARTNERSHIP /NC/,0001004036,10-K,2021-02-23,edgar/data/1004036/0000899715-21-000065.txt
SOUTHERN Co GAS,0001004155,10-K,2021-02-18,edgar/data/1004155/0000092122-21-000006.txt
"AFFILIATED MANAGERS GROUP, INC.",0001004434,10-K,2021-02-19,edgar/data/1004434/0001004434-21-000014.txt
OCEANFIRST FINANCIAL CORP,0001004702,10-K,2021-03-01,edgar/data/1004702/0001004702-21-000026.txt
"REGIONAL HEALTH PROPERTIES, INC",0001004724,10-K,2021-03-29,edgar/data/1004724/0001564590-21-016146.txt
PG&E Corp,0001004980,10-K,2021-02-25,edgar/data/1004980/0001004980-21-000007.txt
"SPAR Group, Inc.",0001004989,10-K,2021-03-31,edgar/data/1004989/0001437749-21-007784.txt
"GRAPHIC PACKAGING INTERNATIONAL, LLC",0001005011,10-K,2021-02-16,edgar/data/1005011/0001005011-21-000004.txt
"United Airlines Holdings, Inc.",0000100517,10-K,2021-03-01,edgar/data/100517/0000100517-21-000016.txt
UNIVERSAL DISPLAY CORP \PA\,0001005284,10-K,2021-02-18,edgar/data/1005284/0001564590-21-006654.txt
CSG SYSTEMS INTERNATIONAL INC,0001005757,10-K,2021-02-19,edgar/data/1005757/0001564590-21-006874.txt
TOMPKINS FINANCIAL CORP,0001005817,10-K,2021-03-01,edgar/data/1005817/0001005817-21-000004.txt
IRIDEX CORP,0001006045,10-K,2021-03-23,edgar/data/1006045/0001564590-21-014859.txt
LORAL SPACE & COMMUNICATIONS INC.,0001006269,10-K,2021-03-09,edgar/data/1006269/0001558370-21-002586.txt
"Protalix BioTherapeutics, Inc.",0001006281,10-K,2021-03-30,edgar/data/1006281/0001558370-21-003681.txt
"HC2 HOLDINGS, INC.",0001006837,10-K,2021-03-10,edgar/data/1006837/0001006837-21-000027.txt
COFFEE HOLDING CO INC,0001007019,10-K,2021-02-16,edgar/data/1007019/0001493152-21-003836.txt
UNICO AMERICAN CORP,0000100716,10-K,2021-03-31,edgar/data/100716/0000100716-21-000020.txt
BANK OF SOUTH CAROLINA CORP,0001007273,10-K,2021-03-05,edgar/data/1007273/0001387131-21-003179.txt
KVH INDUSTRIES INC \DE\,0001007587,10-K,2021-03-03,edgar/data/1007587/0001007587-21-000004.txt
UNION CARBIDE CORP /NEW/,0000100790,10-K,2021-02-05,edgar/data/100790/0000029915-21-000003.txt
UNION ELECTRIC CO,0000100826,10-K,2021-02-22,edgar/data/100826/0001002910-21-000065.txt
TUPPERWARE BRANDS CORP,0001008654,10-K,2021-03-10,edgar/data/1008654/0001008654-21-000022.txt
ACORDA THERAPEUTICS INC,0001008848,10-K,2021-03-16,edgar/data/1008848/0001564590-21-013318.txt
UNION PACIFIC CORP,0000100885,10-K,2021-02-05,edgar/data/100885/0000100885-21-000068.txt
JAKKS PACIFIC INC,0001009829,10-K,2021-03-19,edgar/data/1009829/0001185185-21-000348.txt
AIR INDUSTRIES GROUP,0001009891,10-K,2021-03-29,edgar/data/1009891/0001213900-21-018136.txt
SIGA TECHNOLOGIES INC,0001010086,10-K,2021-03-04,edgar/data/1010086/0001437749-21-005031.txt
SYKES ENTERPRISES INC,0001010612,10-K,2021-02-26,edgar/data/1010612/0001564590-21-009418.txt
"CYNERGISTEK, INC",0001011432,10-K,2021-03-25,edgar/data/1011432/0001096906-21-000585.txt
Golden Minerals Co,0001011509,10-K,2021-02-18,edgar/data/1011509/0001558370-21-001156.txt
KNOLL INC,0001011570,10-K,2021-03-01,edgar/data/1011570/0001011570-21-000014.txt
MUFG Americas Holdings Corp,0001011659,10-K,2021-03-02,edgar/data/1011659/0001628280-21-003748.txt
UNITED FIRE GROUP INC,0000101199,10-K,2021-02-26,edgar/data/101199/0000101199-21-000024.txt
RUSH ENTERPRISES INC \TX\,0001012019,10-K,2021-02-24,edgar/data/1012019/0001437749-21-003966.txt
SEALED AIR CORP/DE,0001012100,10-K,2021-02-25,edgar/data/1012100/0001628280-21-003329.txt
AVADEL PHARMACEUTICALS PLC,0001012477,10-K,2021-03-09,edgar/data/1012477/0001012477-21-000004.txt
FBL FINANCIAL GROUP INC,0001012771,10-K,2021-02-25,edgar/data/1012771/0001012771-21-000007.txt
UNITED GUARDIAN INC,0000101295,10-K,2021-03-22,edgar/data/101295/0001171843-21-001963.txt
NORWOOD FINANCIAL CORP,0001013272,10-K,2021-03-09,edgar/data/1013272/0001562762-21-000105.txt
ANSYS INC,0001013462,10-K,2021-02-24,edgar/data/1013462/0001013462-21-000009.txt
BJs RESTAURANTS INC,0001013488,10-K,2021-03-01,edgar/data/1013488/0001564590-21-009951.txt
"Wilhelmina International, Inc.",0001013706,10-K,2021-03-16,edgar/data/1013706/0001171843-21-001816.txt
UMB FINANCIAL CORP,0000101382,10-K,2021-03-01,edgar/data/101382/0001564590-21-009664.txt
PEGASYSTEMS INC,0001013857,10-K,2021-02-17,edgar/data/1013857/0001013857-21-000032.txt
"NRG ENERGY, INC.",0001013871,10-K,2021-03-01,edgar/data/1013871/0001013871-21-000005.txt
"TTEC Holdings, Inc.",0001013880,10-K,2021-03-01,edgar/data/1013880/0001558370-21-002162.txt
"Strategic Education, Inc.",0001013934,10-K,2021-03-01,edgar/data/1013934/0001013934-21-000005.txt
VERISIGN INC/CA,0001014473,10-K,2021-02-19,edgar/data/1014473/0001014473-21-000005.txt
"Option Care Health, Inc.",0001014739,10-K,2021-03-11,edgar/data/1014739/0001014739-21-000011.txt
AMARILLO BIOSCIENCES INC,0001014763,10-K,2021-03-30,edgar/data/1014763/0001654954-21-003517.txt
WINTRUST FINANCIAL CORP,0001015328,10-K,2021-02-26,edgar/data/1015328/0001015328-21-000057.txt
UNITED STATES ANTIMONY CORP,0000101538,10-K,2021-03-31,edgar/data/101538/0001654954-21-003567.txt
AWARE INC /MA/,0001015739,10-K,2021-02-17,edgar/data/1015739/0001564590-21-006373.txt
US ENERGY CORP,0000101594,10-K,2021-03-26,edgar/data/101594/0001493152-21-006877.txt
"ANTARES PHARMA, INC.",0001016169,10-K,2021-03-02,edgar/data/1016169/0001564590-21-010298.txt
CARRIAGE SERVICES INC,0001016281,10-K,2021-03-02,edgar/data/1016281/0001016281-21-000071.txt
"RenovaCare, Inc.",0001016708,10-K,2021-03-31,edgar/data/1016708/0001171843-21-002192.txt
TRANSACT TECHNOLOGIES INC,0001017303,10-K,2021-03-12,edgar/data/1017303/0001017303-21-000020.txt
"SEELOS THERAPEUTICS, INC.",0001017491,10-K,2021-03-11,edgar/data/1017491/0001136261-21-000034.txt
PAID INC,0001017655,10-K,2021-03-31,edgar/data/1017655/0001654954-21-003649.txt
DOVER MOTORSPORTS INC,0001017673,10-K,2021-03-04,edgar/data/1017673/0001104659-21-032106.txt
MARATHON OIL CORP,0000101778,10-K,2021-02-23,edgar/data/101778/0000101778-21-000018.txt
WILLIS LEASE FINANCE CORP,0001018164,10-K,2021-03-15,edgar/data/1018164/0001018164-21-000013.txt
UNITED DOMINION REALTY L P,0001018254,10-K,2021-02-18,edgar/data/1018254/0000074208-21-000025.txt
RAYTHEON TECHNOLOGIES CORP,0000101829,10-K,2021-02-08,edgar/data/101829/0000101829-21-000008.txt
ENTERPRISE BANCORP INC /MA/,0001018399,10-K,2021-03-10,edgar/data/1018399/0001018399-21-000021.txt
AMAZON COM INC,0001018724,10-K,2021-02-03,edgar/data/1018724/0001018724-21-000004.txt
ABERCROMBIE & FITCH CO /DE/,0001018840,10-K,2021-03-29,edgar/data/1018840/0001018840-21-000023.txt
ALLEGHENY TECHNOLOGIES INC,0001018963,10-K,2021-02-26,edgar/data/1018963/0001628280-21-003434.txt
AMERISAFE INC,0001018979,10-K,2021-02-26,edgar/data/1018979/0001564590-21-009413.txt
BIO KEY INTERNATIONAL INC,0001019034,10-K,2021-03-29,edgar/data/1019034/0001437749-21-007486.txt
"PENSKE AUTOMOTIVE GROUP, INC.",0001019849,10-K,2021-02-19,edgar/data/1019849/0001558370-21-001299.txt
UNIVERSAL ELECTRONICS INC,0000101984,10-K,2021-03-05,edgar/data/101984/0000101984-21-000009.txt
CERUS CORP,0001020214,10-K,2021-02-25,edgar/data/1020214/0001564590-21-008958.txt
IRON MOUNTAIN INC,0001020569,10-K,2021-02-24,edgar/data/1020569/0001020569-21-000067.txt
DXP ENTERPRISES INC,0001020710,10-K,2021-03-18,edgar/data/1020710/0001020710-21-000026.txt
hopTo Inc.,0001021435,10-K,2021-03-31,edgar/data/1021435/0001493152-21-007517.txt
"NU SKIN ENTERPRISES, INC.",0001021561,10-K,2021-02-11,edgar/data/1021561/0001140361-21-004212.txt
ON TRACK INNOVATIONS LTD,0001021604,10-K,2021-03-31,edgar/data/1021604/0001213900-21-019217.txt
OGE ENERGY CORP.,0001021635,10-K,2021-02-25,edgar/data/1021635/0001021635-21-000026.txt
NOV Inc.,0001021860,10-K,2021-02-12,edgar/data/1021860/0001564590-21-005708.txt
QUEST DIAGNOSTICS INC,0001022079,10-K,2021-02-22,edgar/data/1022079/0001022079-21-000029.txt
UNIVEST FINANCIAL Corp,0000102212,10-K,2021-02-26,edgar/data/102212/0000102212-21-000010.txt
GENESIS ENERGY LP,0001022321,10-K,2021-03-01,edgar/data/1022321/0001022321-21-000018.txt
SIMON PROPERTY GROUP L P /DE/,0001022344,10-K,2021-02-25,edgar/data/1022344/0001558370-21-001700.txt
INSEEGO CORP.,0001022652,10-K,2021-03-01,edgar/data/1022652/0001022652-21-000017.txt
STEEL DYNAMICS INC,0001022671,10-K,2021-03-01,edgar/data/1022671/0001558370-21-002129.txt
"Protagenic Therapeutics, Inc.\new",0001022899,10-K,2021-03-25,edgar/data/1022899/0001493152-21-006756.txt
ANI PHARMACEUTICALS INC,0001023024,10-K,2021-03-11,edgar/data/1023024/0001023024-21-000007.txt
LITHIA MOTORS INC,0001023128,10-K,2021-02-19,edgar/data/1023128/0001023128-21-000022.txt
"FORRESTER RESEARCH, INC.",0001023313,10-K,2021-03-11,edgar/data/1023313/0001564590-21-012256.txt
"AutoWeb, Inc.",0001023364,10-K,2021-03-11,edgar/data/1023364/0001654954-21-002627.txt
AEI INCOME & GROWTH FUND XXII LTD PARTNERSHIP,0001023458,10-K,2021-03-30,edgar/data/1023458/0000894245-21-000018.txt
TENNECO INC,0001024725,10-K,2021-02-24,edgar/data/1024725/0001024725-21-000004.txt
"HELIOS TECHNOLOGIES, INC.",0001024795,10-K,2021-03-02,edgar/data/1024795/0001564590-21-010095.txt
W. P. Carey Inc.,0001025378,10-K,2021-02-12,edgar/data/1025378/0001025378-21-000040.txt
EARTHSTONE ENERGY INC,0000010254,10-K,2021-03-10,edgar/data/10254/0000010254-21-000045.txt
CHASE PACKAGING CORP,0001025771,10-K,2021-03-17,edgar/data/1025771/0001477932-21-001484.txt
ENTERPRISE FINANCIAL SERVICES CORP,0001025835,10-K,2021-02-19,edgar/data/1025835/0001025835-21-000018.txt
"NOVATION COMPANIES, INC.",0001025953,10-K,2021-03-04,edgar/data/1025953/0001437749-21-004939.txt
KILROY REALTY CORP,0001025996,10-K,2021-02-12,edgar/data/1025996/0001025996-21-000062.txt
FEDERAL HOME LOAN MORTGAGE CORP,0001026214,10-K,2021-02-11,edgar/data/1026214/0001026214-21-000033.txt
CORE MOLDING TECHNOLOGIES INC,0001026655,10-K,2021-03-11,edgar/data/1026655/0001026655-21-000003.txt
VALMONT INDUSTRIES INC,0000102729,10-K,2021-02-24,edgar/data/102729/0000102729-21-000012.txt
VSE CORP,0000102752,10-K,2021-03-05,edgar/data/102752/0000102752-21-000039.txt
TACTILE SYSTEMS TECHNOLOGY INC,0001027838,10-K,2021-02-23,edgar/data/1027838/0001558370-21-001465.txt
PACIFIC PREMIER BANCORP INC,0001028918,10-K,2021-02-26,edgar/data/1028918/0001028918-21-000023.txt
"Panbela Therapeutics, Inc.",0001029125,10-K,2021-03-25,edgar/data/1029125/0001437749-21-007154.txt
DYNAVAX TECHNOLOGIES CORP,0001029142,10-K,2021-02-25,edgar/data/1029142/0001564590-21-008833.txt
"EURONET WORLDWIDE, INC.",0001029199,10-K,2021-02-22,edgar/data/1029199/0001213900-21-010724.txt
URSTADT BIDDLE PROPERTIES INC,0001029800,10-K,2021-01-13,edgar/data/1029800/0001029800-21-000016.txt
HILLMAN COMPANIES INC,0001029831,10-K,2021-03-03,edgar/data/1029831/0001029831-21-000022.txt
NEW JERSEY MINING CO,0001030192,10-K,2021-03-31,edgar/data/1030192/0001052918-21-000096.txt
OFG BANCORP,0001030469,10-K,2021-02-26,edgar/data/1030469/0001030469-21-000009.txt
"Startek, Inc.",0001031029,10-K,2021-03-16,edgar/data/1031029/0001437749-21-006156.txt
"SILVER BULL RESOURCES, INC.",0001031093,10-K,2021-01-28,edgar/data/1031093/0001079973-21-000025.txt
GROUP 1 AUTOMOTIVE INC,0001031203,10-K,2021-02-24,edgar/data/1031203/0001031203-21-000007.txt
PINNACLE BANKSHARES CORP,0001031233,10-K,2021-03-30,edgar/data/1031233/0001564590-21-016418.txt
"Global Self Storage, Inc.",0001031235,10-K,2021-03-31,edgar/data/1031235/0001564590-21-017086.txt
FIRSTENERGY CORP,0001031296,10-K,2021-02-18,edgar/data/1031296/0001031296-21-000020.txt
BENTLEY SYSTEMS INC,0001031308,10-K,2021-03-02,edgar/data/1031308/0001628280-21-003727.txt
FRANKLIN STREET PROPERTIES CORP /MA/,0001031316,10-K,2021-02-16,edgar/data/1031316/0001558370-21-001073.txt
VEECO INSTRUMENTS INC,0000103145,10-K,2021-02-22,edgar/data/103145/0001558370-21-001358.txt
GULF ISLAND FABRICATION INC,0001031623,10-K,2021-03-30,edgar/data/1031623/0001564590-21-016266.txt
SLM Corp,0001032033,10-K,2021-02-25,edgar/data/1032033/0001628280-21-003299.txt
SEMPRA ENERGY,0001032208,10-K,2021-02-25,edgar/data/1032208/0001032208-21-000007.txt
BASSETT FURNITURE INDUSTRIES INC,0000010329,10-K,2021-01-21,edgar/data/10329/0001437749-21-000971.txt
FLAGSTAR BANCORP INC,0001033012,10-K,2021-02-26,edgar/data/1033012/0001033012-21-000037.txt
FIRST INDUSTRIAL LP,0001033128,10-K,2021-02-16,edgar/data/1033128/0000921825-21-000006.txt
LUMINEX CORP,0001033905,10-K,2021-02-26,edgar/data/1033905/0001033905-21-000012.txt
SBA COMMUNICATIONS CORP,0001034054,10-K,2021-02-25,edgar/data/1034054/0001034054-21-000003.txt
ICAHN ENTERPRISES HOLDINGS L.P.,0001034563,10-K,2021-02-26,edgar/data/1034563/0001558370-21-002010.txt
AUTOLIV INC,0001034670,10-K,2021-02-19,edgar/data/1034670/0001564590-21-006803.txt
WIDEPOINT CORP,0001034760,10-K,2021-03-23,edgar/data/1034760/0001654954-21-003119.txt
RIGEL PHARMACEUTICALS INC,0001034842,10-K,2021-03-02,edgar/data/1034842/0001558370-21-002254.txt
VALERO ENERGY CORP/TX,0001035002,10-K,2021-02-23,edgar/data/1035002/0001035002-21-000051.txt
SHORE BANCSHARES INC,0001035092,10-K,2021-03-26,edgar/data/1035092/0001558370-21-003505.txt
CALIFORNIA WATER SERVICE GROUP,0001035201,10-K,2021-02-25,edgar/data/1035201/0001035201-21-000003.txt
SOUTH JERSEY GAS Co,0001035216,10-K,2021-02-25,edgar/data/1035216/0000091928-21-000014.txt
INTUITIVE SURGICAL INC,0001035267,10-K,2021-02-10,edgar/data/1035267/0001035267-21-000028.txt
"Eloxx Pharmaceuticals, Inc.",0001035354,10-K,2021-03-12,edgar/data/1035354/0001564590-21-012703.txt
"ALEXANDRIA REAL ESTATE EQUITIES, INC.",0001035443,10-K,2021-02-01,edgar/data/1035443/0001035443-21-000044.txt
"FNCB Bancorp, Inc.",0001035976,10-K,2021-03-12,edgar/data/1035976/0001437749-21-005940.txt
COMFORT SYSTEMS USA INC,0001035983,10-K,2021-02-25,edgar/data/1035983/0001558370-21-001828.txt
"Identiv, Inc.",0001036044,10-K,2021-03-12,edgar/data/1036044/0001564590-21-012914.txt
INTEST CORP,0001036262,10-K,2021-03-23,edgar/data/1036262/0001437749-21-006901.txt
VIRGINIA ELECTRIC & POWER CO,0000103682,10-K,2021-02-25,edgar/data/103682/0001564590-21-008442.txt
VISHAY INTERTECHNOLOGY INC,0000103730,10-K,2021-02-24,edgar/data/103730/0000103730-21-000014.txt
"INDUS REALTY TRUST, INC.",0001037390,10-K,2021-02-18,edgar/data/1037390/0001558370-21-001230.txt
BOSTON PROPERTIES INC,0001037540,10-K,2021-02-26,edgar/data/1037540/0001656423-21-000006.txt
METTLER TOLEDO INTERNATIONAL INC/,0001037646,10-K,2021-02-08,edgar/data/1037646/0001037646-21-000008.txt
"ARCH RESOURCES, INC.",0001037676,10-K,2021-02-12,edgar/data/1037676/0001558370-21-000957.txt
AMETEK INC/,0001037868,10-K,2021-02-18,edgar/data/1037868/0001037868-21-000007.txt
JONES LANG LASALLE INC,0001037976,10-K,2021-02-18,edgar/data/1037976/0001037976-21-000009.txt
SILICON LABORATORIES INC.,0001038074,10-K,2021-02-03,edgar/data/1038074/0001104659-21-011613.txt
HESKA CORP,0001038133,10-K,2021-02-26,edgar/data/1038133/0001038133-21-000011.txt
INTERNATIONAL ISOTOPES INC,0001038277,10-K,2021-03-30,edgar/data/1038277/0001515971-21-000025.txt
PIONEER NATURAL RESOURCES CO,0001038357,10-K,2021-03-01,edgar/data/1038357/0001038357-21-000016.txt
PRUCO LIFE INSURANCE OF NEW JERSEY,0001038509,10-K,2021-03-19,edgar/data/1038509/0001038509-21-000005.txt
"VOLT INFORMATION SCIENCES, INC.",0000103872,10-K,2021-01-14,edgar/data/103872/0000103872-21-000006.txt
SMARTFINANCIAL INC.,0001038773,10-K,2021-03-16,edgar/data/1038773/0001558370-21-003071.txt
FORMFACTOR INC,0001039399,10-K,2021-02-22,edgar/data/1039399/0001039399-21-000009.txt
NovAccess Global Inc.,0001039466,10-K,2021-03-30,edgar/data/1039466/0001185185-21-000410.txt
ONEOK INC /NEW/,0001039684,10-K,2021-02-23,edgar/data/1039684/0001039684-21-000015.txt
AMERICAN EQUITY INVESTMENT LIFE HOLDING CO,0001039828,10-K,2021-03-01,edgar/data/1039828/0001039828-21-000018.txt
"PIXELWORKS, INC",0001040161,10-K,2021-03-10,edgar/data/1040161/0001040161-21-000005.txt
VORNADO REALTY LP,0001040765,10-K,2021-02-16,edgar/data/1040765/0000899689-21-000009.txt
"Ryman Hospitality Properties, Inc.",0001040829,10-K,2021-02-26,edgar/data/1040829/0001558370-21-001956.txt
"AGRITEK HOLDINGS, INC.",0001040850,10-K,2021-03-03,edgar/data/1040850/0001554795-21-000061.txt
"Intellicheck, Inc.",0001040896,10-K,2021-03-29,edgar/data/1040896/0001493152-21-007101.txt
SL GREEN REALTY CORP,0001040971,10-K,2021-02-26,edgar/data/1040971/0001040971-21-000007.txt
"ROCKWELL MEDICAL, INC.",0001041024,10-K,2021-03-31,edgar/data/1041024/0001628280-21-006280.txt
YUM BRANDS INC,0001041061,10-K,2021-02-22,edgar/data/1041061/0001041061-21-000012.txt
"Access-Power & Co., Inc.",0001041588,10-K,2021-01-04,edgar/data/1041588/0001041588-21-000001.txt
"URBAN ONE, INC.",0001041657,10-K,2021-03-31,edgar/data/1041657/0001104659-21-044506.txt
Walmart Inc.,0000104169,10-K,2021-03-19,edgar/data/104169/0000104169-21-000033.txt
"Childrens Place, Inc.",0001041859,10-K,2021-03-29,edgar/data/1041859/0001628280-21-005818.txt
AMERICAN FINANCIAL GROUP INC,0001042046,10-K,2021-02-25,edgar/data/1042046/0001042046-21-000011.txt
"CymaBay Therapeutics, Inc.",0001042074,10-K,2021-03-25,edgar/data/1042074/0001193125-21-094424.txt
"Inhibitor Therapeutics, Inc.",0001042418,10-K,2021-03-26,edgar/data/1042418/0001193125-21-095516.txt
DISH DBS CORP,0001042642,10-K,2021-03-24,edgar/data/1042642/0001558370-21-003406.txt
MERCANTILE BANK CORP,0001042729,10-K,2021-03-05,edgar/data/1042729/0001437749-21-005133.txt
CENTERPOINT ENERGY RESOURCES CORP,0001042773,10-K,2021-02-25,edgar/data/1042773/0001130310-21-000009.txt
"Piedmont Office Realty Trust, Inc.",0001042776,10-K,2021-02-17,edgar/data/1042776/0001042776-21-000032.txt
DRIL-QUIP INC,0001042893,10-K,2021-02-25,edgar/data/1042893/0001564590-21-008917.txt
CAPITAL SENIOR LIVING CORP,0001043000,10-K,2021-03-31,edgar/data/1043000/0001564590-21-017126.txt
BOSTON PROPERTIES LTD PARTNERSHIP,0001043121,10-K,2021-02-26,edgar/data/1043121/0001656423-21-000006.txt
"Stabilis Solutions, Inc.",0001043186,10-K,2021-03-16,edgar/data/1043186/0001043186-21-000010.txt
ANNALY CAPITAL MANAGEMENT INC,0001043219,10-K,2021-02-19,edgar/data/1043219/0001628280-21-002510.txt
"C. H. ROBINSON WORLDWIDE, INC.",0001043277,10-K,2021-02-19,edgar/data/1043277/0001043277-21-000009.txt
STONERIDGE INC,0001043337,10-K,2021-02-24,edgar/data/1043337/0001558370-21-001646.txt
SONIC AUTOMOTIVE INC,0001043509,10-K,2021-02-23,edgar/data/1043509/0001043509-21-000004.txt
JUNIPER NETWORKS INC,0001043604,10-K,2021-02-12,edgar/data/1043604/0001043604-21-000013.txt
"ENVIRO TECHNOLOGIES U.S., INC.",0001043894,10-K,2021-03-31,edgar/data/1043894/0001099910-21-000039.txt
CAMPBELL FUND TRUST,0001043951,10-K,2021-03-26,edgar/data/1043951/0001140361-21-010248.txt
"Precipio, Inc.",0001043961,10-K,2021-03-29,edgar/data/1043961/0001558370-21-003619.txt
BIOCEPT INC,0001044378,10-K,2021-03-31,edgar/data/1044378/0001564590-21-017097.txt
OneSpan Inc.,0001044777,10-K,2021-02-25,edgar/data/1044777/0001558370-21-001842.txt
W R GRACE & CO,0001045309,10-K,2021-02-26,edgar/data/1045309/0001045309-21-000028.txt
EPR PROPERTIES,0001045450,10-K,2021-02-25,edgar/data/1045450/0001045450-21-000020.txt
"Prologis, Inc.",0001045609,10-K,2021-02-11,edgar/data/1045609/0001564590-21-005312.txt
"Prologis, L.P.",0001045610,10-K,2021-02-11,edgar/data/1045610/0001564590-21-005312.txt
BAXTER INTERNATIONAL INC,0000010456,10-K,2021-02-11,edgar/data/10456/0001628280-21-001867.txt
LIVE VENTURES Inc,0001045742,10-K,2021-01-13,edgar/data/1045742/0001564590-21-001106.txt
NVIDIA CORP,0001045810,10-K,2021-02-26,edgar/data/1045810/0001045810-21-000010.txt
HERITAGE FINANCIAL CORP /WA/,0001046025,10-K,2021-02-26,edgar/data/1046025/0001046025-21-000012.txt
RITCHIE BROS AUCTIONEERS INC,0001046102,10-K,2021-02-18,edgar/data/1046102/0001558370-21-001228.txt
GUARANTY FEDERAL BANCSHARES INC,0001046203,10-K,2021-03-12,edgar/data/1046203/0001437749-21-005844.txt
Ingredion Inc,0001046257,10-K,2021-02-24,edgar/data/1046257/0001558370-21-001632.txt
CHOICE HOTELS INTERNATIONAL INC /DE,0001046311,10-K,2021-02-26,edgar/data/1046311/0001046311-21-000014.txt
REALNETWORKS INC,0001046327,10-K,2021-03-15,edgar/data/1046327/0001046327-21-000018.txt
PERDOCEO EDUCATION Corp,0001046568,10-K,2021-02-24,edgar/data/1046568/0001564590-21-008099.txt
EMAGIN CORP,0001046995,10-K,2021-03-19,edgar/data/1046995/0001046995-21-000005.txt
"AMKOR TECHNOLOGY, INC.",0001047127,10-K,2021-02-19,edgar/data/1047127/0001047127-21-000010.txt
UNITED RENTALS NORTH AMERICA INC,0001047166,10-K,2021-01-27,edgar/data/1047166/0001067701-21-000008.txt
NATIONAL HEALTHCARE CORP,0001047335,10-K,2021-02-19,edgar/data/1047335/0001437749-21-003415.txt
FRESH DEL MONTE PRODUCE INC,0001047340,10-K,2021-02-24,edgar/data/1047340/0001047340-21-000022.txt
CONSOLIDATED EDISON INC,0001047862,10-K,2021-02-18,edgar/data/1047862/0001047862-21-000049.txt
ANWORTH MORTGAGE ASSET CORP,0001047884,10-K,2021-02-26,edgar/data/1047884/0001558370-21-001977.txt
WASHINGTON GAS LIGHT CO,0000104819,10-K,2021-03-01,edgar/data/104819/0000104819-21-000002.txt
MARRIOTT INTERNATIONAL INC /MD/,0001048286,10-K,2021-02-18,edgar/data/1048286/0001628280-21-002433.txt
BIOMARIN PHARMACEUTICAL INC,0001048477,10-K,2021-02-26,edgar/data/1048477/0001048477-21-000008.txt
FelCor Lodging LP,0001048789,10-K,2021-02-26,edgar/data/1048789/0001628280-21-003474.txt
Graham Holdings Co,0000104889,10-K,2021-02-24,edgar/data/104889/0000104889-21-000018.txt
WASHINGTON REAL ESTATE INVESTMENT TRUST,0000104894,10-K,2021-02-16,edgar/data/104894/0000104894-21-000025.txt
AVISTA CORP,0000104918,10-K,2021-02-24,edgar/data/104918/0001564590-21-007774.txt
MKS INSTRUMENTS INC,0001049502,10-K,2021-02-23,edgar/data/1049502/0001564590-21-007630.txt
COMPX INTERNATIONAL INC,0001049606,10-K,2021-03-03,edgar/data/1049606/0001564590-21-010577.txt
BROOKLINE BANCORP INC,0001049782,10-K,2021-02-26,edgar/data/1049782/0001049782-21-000014.txt
WATSCO INC,0000105016,10-K,2021-02-26,edgar/data/105016/0001193125-21-060167.txt
PC CONNECTION INC,0001050377,10-K,2021-03-16,edgar/data/1050377/0001558370-21-003067.txt
EAGLE BANCORP INC,0001050441,10-K,2021-03-01,edgar/data/1050441/0001050441-21-000036.txt
MICROSTRATEGY Inc,0001050446,10-K,2021-02-12,edgar/data/1050446/0001564590-21-005783.txt
"SALEM MEDIA GROUP, INC. /DE/",0001050606,10-K,2021-03-04,edgar/data/1050606/0001193125-21-069290.txt
PEAPACK GLADSTONE FINANCIAL CORP,0001050743,10-K,2021-03-12,edgar/data/1050743/0001564590-21-012861.txt
COLUMBIA SPORTSWEAR CO,0001050797,10-K,2021-02-25,edgar/data/1050797/0001050797-21-000014.txt
"QUANTA SERVICES, INC.",0001050915,10-K,2021-03-01,edgar/data/1050915/0001050915-21-000009.txt
COMMUNITY WEST BANCSHARES /,0001051343,10-K,2021-03-15,edgar/data/1051343/0001140361-21-008391.txt
CROWN CASTLE INTERNATIONAL CORP,0001051470,10-K,2021-02-22,edgar/data/1051470/0001051470-21-000031.txt
TELEPHONE & DATA SYSTEMS INC /DE/,0001051512,10-K,2021-02-18,edgar/data/1051512/0001051512-21-000009.txt
"STRATA Skin Sciences, Inc.",0001051514,10-K,2021-03-25,edgar/data/1051514/0001051514-21-000018.txt
AXT INC,0001051627,10-K,2021-03-23,edgar/data/1051627/0001558370-21-003377.txt
EVOLVING SYSTEMS INC,0001052054,10-K,2021-03-17,edgar/data/1052054/0001562762-21-000123.txt
WADDELL & REED FINANCIAL INC,0001052100,10-K,2021-02-19,edgar/data/1052100/0001558370-21-001278.txt
MAN AHL DIVERSIFIED I LP,0001052354,10-K,2021-03-30,edgar/data/1052354/0001193125-21-100624.txt
GETTY REALTY CORP /MD/,0001052752,10-K,2021-02-25,edgar/data/1052752/0001564590-21-008446.txt
ESSEX PORTFOLIO LP,0001053059,10-K,2021-02-19,edgar/data/1053059/0000920522-21-000015.txt
"WW INTERNATIONAL, INC.",0000105319,10-K,2021-02-25,edgar/data/105319/0001564590-21-008898.txt
HERITAGE COMMERCE CORP,0001053352,10-K,2021-03-05,edgar/data/1053352/0001558370-21-002476.txt
AMERICAN TOWER CORP /MA/,0001053507,10-K,2021-02-25,edgar/data/1053507/0001053507-21-000026.txt
MACATAWA BANK CORP,0001053584,10-K,2021-02-18,edgar/data/1053584/0001140361-21-005373.txt
Diffusion Pharmaceuticals Inc.,0001053691,10-K,2021-03-17,edgar/data/1053691/0001437749-21-006236.txt
"CRA INTERNATIONAL, INC.",0001053706,10-K,2021-03-04,edgar/data/1053706/0001053706-21-000008.txt
WEIS MARKETS INC,0000105418,10-K,2021-03-11,edgar/data/105418/0000105418-21-000015.txt
BSQUARE CORP /WA,0001054721,10-K,2021-03-18,edgar/data/1054721/0001437749-21-006492.txt
INNOSPEC INC.,0001054905,10-K,2021-02-17,edgar/data/1054905/0001193125-21-046094.txt
"MFA FINANCIAL, INC.",0001055160,10-K,2021-02-23,edgar/data/1055160/0001055160-21-000004.txt
"INOVIO PHARMACEUTICALS, INC.",0001055726,10-K,2021-03-01,edgar/data/1055726/0001055726-21-000018.txt
"KIRKLAND'S, INC",0001056285,10-K,2021-03-26,edgar/data/1056285/0001564590-21-015837.txt
"FEDERATED HERMES, INC.",0001056288,10-K,2021-02-26,edgar/data/1056288/0001056288-21-000008.txt
"EMCOR Group, Inc.",0000105634,10-K,2021-02-25,edgar/data/105634/0000105634-21-000044.txt
MANNATECH INC,0001056358,10-K,2021-03-19,edgar/data/1056358/0001056358-21-000020.txt
MANHATTAN ASSOCIATES INC,0001056696,10-K,2021-02-05,edgar/data/1056696/0001564590-21-004542.txt
AMERICAN STATES WATER CO,0001056903,10-K,2021-02-22,edgar/data/1056903/0001056903-21-000021.txt
PEOPLES FINANCIAL SERVICES CORP.,0001056943,10-K,2021-03-16,edgar/data/1056943/0001558370-21-003060.txt
PC TEL INC,0001057083,10-K,2021-03-12,edgar/data/1057083/0001564590-21-012819.txt
"COSTAR GROUP, INC.",0001057352,10-K,2021-02-24,edgar/data/1057352/0001057352-21-000032.txt
"HACKETT GROUP, INC.",0001057379,10-K,2021-03-12,edgar/data/1057379/0001564590-21-012796.txt
"New Concept Energy, Inc.",0000105744,10-K,2021-03-31,edgar/data/105744/0001010549-21-000057.txt
FIRST BANCORP /PR/,0001057706,10-K,2021-03-01,edgar/data/1057706/0001057706-21-000006.txt
WEST PHARMACEUTICAL SERVICES INC,0000105770,10-K,2021-02-23,edgar/data/105770/0000105770-21-000008.txt
IDACORP INC,0001057877,10-K,2021-02-18,edgar/data/1057877/0001057877-21-000036.txt
MARVELL TECHNOLOGY GROUP LTD,0001058057,10-K,2021-03-16,edgar/data/1058057/0001058057-21-000009.txt
CHIPOTLE MEXICAN GRILL INC,0001058090,10-K,2021-02-10,edgar/data/1058090/0001058090-21-000010.txt
COGNIZANT TECHNOLOGY SOLUTIONS CORP,0001058290,10-K,2021-02-12,edgar/data/1058290/0001058290-21-000031.txt
ORBSAT CORP,0001058307,10-K,2021-03-22,edgar/data/1058307/0001493152-21-006558.txt
CUMULUS MEDIA INC,0001058623,10-K,2021-02-23,edgar/data/1058623/0001058623-21-000045.txt
IMMERSION CORP,0001058811,10-K,2021-03-05,edgar/data/1058811/0001628280-21-003998.txt
GUARANTY BANCSHARES INC /TX/,0001058867,10-K,2021-03-12,edgar/data/1058867/0001564590-21-012701.txt
"AMERICA FIRST MULTIFAMILY INVESTORS, L.P.",0001059142,10-K,2021-02-25,edgar/data/1059142/0001564590-21-008450.txt
SP Plus Corp,0001059262,10-K,2021-02-22,edgar/data/1059262/0001564590-21-007047.txt
MOODYS CORP /DE/,0001059556,10-K,2021-02-22,edgar/data/1059556/0001059556-21-000010.txt
SALISBURY BANCORP INC,0001060219,10-K,2021-03-12,edgar/data/1060219/0001554795-21-000070.txt
LIFE STORAGE LP,0001060224,10-K,2021-02-23,edgar/data/1060224/0001564590-21-007648.txt
"GAMCO INVESTORS, INC. ET AL",0001060349,10-K,2021-03-05,edgar/data/1060349/0001060349-21-000011.txt
"BRANDYWINE OPERATING PARTNERSHIP, L.P.",0001060386,10-K,2021-02-24,edgar/data/1060386/0000790816-21-000008.txt
"REPUBLIC SERVICES, INC.",0001060391,10-K,2021-02-23,edgar/data/1060391/0001060391-21-000014.txt
Seagen Inc.,0001060736,10-K,2021-02-12,edgar/data/1060736/0001060736-21-000012.txt
CARTERS INC,0001060822,10-K,2021-02-26,edgar/data/1060822/0001060822-21-000006.txt
SUNESIS PHARMACEUTICALS INC,0001061027,10-K,2021-02-24,edgar/data/1061027/0001564590-21-007784.txt
AVALON HOLDINGS CORP,0001061069,10-K,2021-03-11,edgar/data/1061069/0001437749-21-005722.txt
ENTERPRISE PRODUCTS PARTNERS L.P.,0001061219,10-K,2021-03-01,edgar/data/1061219/0001061219-21-000009.txt
"BLACKSTONE MORTGAGE TRUST, INC.",0001061630,10-K,2021-02-10,edgar/data/1061630/0001193125-21-035299.txt
HOST HOTELS & RESORTS L.P.,0001061937,10-K,2021-02-25,edgar/data/1061937/0001564590-21-008676.txt
CYTOKINETICS INC,0001061983,10-K,2021-02-26,edgar/data/1061983/0001564590-21-009467.txt
"Artemis Therapeutics, Inc.",0001062128,10-K,2021-03-30,edgar/data/1062128/0001178913-21-001229.txt
AMERICAN AXLE & MANUFACTURING HOLDINGS INC,0001062231,10-K,2021-02-12,edgar/data/1062231/0001062231-21-000013.txt
ATLANTICA INC,0001062506,10-K,2021-03-31,edgar/data/1062506/0001548123-21-000030.txt
"LEXICON PHARMACEUTICALS, INC.",0001062822,10-K,2021-03-12,edgar/data/1062822/0001062822-21-000013.txt
HERSHA HOSPITALITY TRUST,0001063344,10-K,2021-03-29,edgar/data/1063344/0001063344-21-000035.txt
RiceBran Technologies,0001063537,10-K,2021-02-25,edgar/data/1063537/0001437749-21-004127.txt
SIMON PROPERTY GROUP INC /DE/,0001063761,10-K,2021-02-25,edgar/data/1063761/0001558370-21-001700.txt
PEABODY ENERGY CORP,0001064728,10-K,2021-02-23,edgar/data/1064728/0001064728-21-000008.txt
CENTRUS ENERGY CORP,0001065059,10-K,2021-03-22,edgar/data/1065059/0001065059-21-000009.txt
NETWORK 1 TECHNOLOGIES INC,0001065078,10-K,2021-03-31,edgar/data/1065078/0001072613-21-000329.txt
EBAY INC,0001065088,10-K,2021-02-04,edgar/data/1065088/0001065088-21-000006.txt
AMERINST INSURANCE GROUP LTD,0001065201,10-K,2021-03-30,edgar/data/1065201/0001193125-21-099832.txt
NETFLIX INC,0001065280,10-K,2021-01-28,edgar/data/1065280/0001065280-21-000040.txt
WEYCO GROUP INC,0000106532,10-K,2021-03-12,edgar/data/106532/0001104659-21-035462.txt
NIC INC,0001065332,10-K,2021-02-25,edgar/data/1065332/0001065332-21-000005.txt
WEYERHAEUSER CO,0000106535,10-K,2021-02-19,edgar/data/106535/0001564590-21-006960.txt
LKQ CORP,0001065696,10-K,2021-02-26,edgar/data/1065696/0001065696-21-000010.txt
SKECHERS USA INC,0001065837,10-K,2021-02-26,edgar/data/1065837/0001564590-21-009442.txt
REGENCY CENTERS LP,0001066247,10-K,2021-02-17,edgar/data/1066247/0001564590-21-006390.txt
WHIRLPOOL CORP /DE/,0000106640,10-K,2021-02-11,edgar/data/106640/0000106640-21-000022.txt
HEIDRICK & STRUGGLES INTERNATIONAL INC,0001066605,10-K,2021-02-24,edgar/data/1066605/0001066605-21-000014.txt
Ceres Classic L.P.,0001066656,10-K,2021-03-25,edgar/data/1066656/0001193125-21-094035.txt
THEGLOBE COM INC,0001066684,10-K,2021-03-26,edgar/data/1066684/0001104659-21-042359.txt
"Spine Injury Solutions, Inc",0001066764,10-K,2021-03-26,edgar/data/1066764/0001185185-21-000395.txt
MACK CALI REALTY L P,0001067063,10-K,2021-02-25,edgar/data/1067063/0001562762-21-000063.txt
"UNITED RENTALS, INC.",0001067701,10-K,2021-01-27,edgar/data/1067701/0001067701-21-000008.txt
ENTERCOM COMMUNICATIONS CORP,0001067837,10-K,2021-03-01,edgar/data/1067837/0001628280-21-003544.txt
BERKSHIRE HATHAWAY INC,0001067983,10-K,2021-03-01,edgar/data/1067983/0001564590-21-009611.txt
PARK OHIO INDUSTRIES INC/OH,0001068148,10-K,2021-03-15,edgar/data/1068148/0001068148-21-000012.txt
"Data443 Risk Mitigation, Inc.",0001068689,10-K,2021-03-23,edgar/data/1068689/0001493152-21-006652.txt
PROSPERITY BANCSHARES INC,0001068851,10-K,2021-02-26,edgar/data/1068851/0001564590-21-009500.txt
"BLUCORA, INC.",0001068875,10-K,2021-02-26,edgar/data/1068875/0001068875-21-000047.txt
EAST WEST BANCORP INC,0001069157,10-K,2021-02-26,edgar/data/1069157/0001069157-21-000009.txt
"AXON ENTERPRISE, INC.",0001069183,10-K,2021-02-26,edgar/data/1069183/0001558370-21-001873.txt
LENNOX INTERNATIONAL INC,0001069202,10-K,2021-02-16,edgar/data/1069202/0001069202-21-000007.txt
"KRATOS DEFENSE & SECURITY SOLUTIONS, INC.",0001069258,10-K,2021-02-25,edgar/data/1069258/0001069258-21-000009.txt
Acer Therapeutics Inc.,0001069308,10-K,2021-03-01,edgar/data/1069308/0001564590-21-009909.txt
FLEXIBLE SOLUTIONS INTERNATIONAL INC,0001069394,10-K,2021-03-31,edgar/data/1069394/0001493152-21-007436.txt
CASSAVA SCIENCES INC,0001069530,10-K,2021-03-23,edgar/data/1069530/0001069530-21-000020.txt
"Hannover House, Inc.",0001069680,10-K,2021-03-08,edgar/data/1069680/0001493152-21-005568.txt
TREX CO INC,0001069878,10-K,2021-02-22,edgar/data/1069878/0001193125-21-050916.txt
FedNat Holding Co,0001069996,10-K,2021-03-29,edgar/data/1069996/0001069996-21-000048.txt
AppTech Corp.,0001070050,10-K,2021-03-31,edgar/data/1070050/0001575705-21-000156.txt
"PTC THERAPEUTICS, INC.",0001070081,10-K,2021-02-25,edgar/data/1070081/0001070081-21-000009.txt
STERLING BANCORP,0001070154,10-K,2021-02-26,edgar/data/1070154/0001070154-21-000008.txt
BLACKBERRY Ltd,0001070235,10-K,2021-03-31,edgar/data/1070235/0001070235-21-000029.txt
FIRST CAPITAL INC,0001070296,10-K,2021-03-15,edgar/data/1070296/0001171843-21-001776.txt
CNX Resources Corp,0001070412,10-K,2021-02-09,edgar/data/1070412/0001070412-21-000016.txt
PLAINS ALL AMERICAN PIPELINE LP,0001070423,10-K,2021-03-01,edgar/data/1070423/0001070423-21-000008.txt
ACADIA PHARMACEUTICALS INC,0001070494,10-K,2021-02-25,edgar/data/1070494/0001564590-21-008372.txt
CF BANKSHARES INC.,0001070680,10-K,2021-03-23,edgar/data/1070680/0001070680-21-000007.txt
"HOST HOTELS & RESORTS, INC.",0001070750,10-K,2021-02-25,edgar/data/1070750/0001564590-21-008676.txt
"CoreCivic, Inc.",0001070985,10-K,2021-02-22,edgar/data/1070985/0001564590-21-007050.txt
RED RIVER BANCSHARES INC,0001071236,10-K,2021-03-19,edgar/data/1071236/0001071236-21-000035.txt
"GOLDEN ENTERTAINMENT, INC.",0001071255,10-K,2021-03-12,edgar/data/1071255/0001071255-21-000013.txt
CENTENE CORP,0001071739,10-K,2021-02-22,edgar/data/1071739/0001071739-21-000039.txt
CONTANGO OIL & GAS CO,0001071993,10-K,2021-03-10,edgar/data/1071993/0001558370-21-002664.txt
NORTHWEST BIOTHERAPEUTICS INC,0001072379,10-K,2021-03-31,edgar/data/1072379/0001104659-21-044832.txt
KINGSWAY FINANCIAL SERVICES INC,0001072627,10-K,2021-03-29,edgar/data/1072627/0001072627-21-000022.txt
"WILLIAMS COMPANIES, INC.",0000107263,10-K,2021-02-24,edgar/data/107263/0000107263-21-000006.txt
"U.S. CONCRETE, INC.",0001073429,10-K,2021-02-24,edgar/data/1073429/0001073429-21-000055.txt
LCNB CORP,0001074902,10-K,2021-03-10,edgar/data/1074902/0001074902-21-000040.txt
DIVERSIFIED HEALTHCARE TRUST,0001075415,10-K,2021-02-25,edgar/data/1075415/0001075415-21-000005.txt
Booking Holdings Inc.,0001075531,10-K,2021-02-24,edgar/data/1075531/0001075531-21-000019.txt
TC PIPELINES LP,0001075607,10-K,2021-02-24,edgar/data/1075607/0001628280-21-003065.txt
CITIZENS HOLDING CO /MS/,0001075706,10-K,2021-03-12,edgar/data/1075706/0001193125-21-078829.txt
"Crexendo, Inc.",0001075736,10-K,2021-03-09,edgar/data/1075736/0001654954-21-002518.txt
"POLARITYTE, INC.",0001076682,10-K,2021-03-30,edgar/data/1076682/0001493152-21-007159.txt
NOVANTA INC,0001076930,10-K,2021-03-01,edgar/data/1076930/0001564590-21-009673.txt
NEOGENOMICS INC,0001077183,10-K,2021-02-25,edgar/data/1077183/0001077183-21-000064.txt
TEXAS CAPITAL BANCSHARES INC/TX,0001077428,10-K,2021-02-09,edgar/data/1077428/0001077428-21-000013.txt
"China Elite Information Co., Ltd.",0001077561,10-K,2021-03-15,edgar/data/1077561/0001140361-21-008496.txt
UMPQUA HOLDINGS CORP,0001077771,10-K,2021-02-25,edgar/data/1077771/0001077771-21-000011.txt
WISCONSIN ELECTRIC POWER CO,0000107815,10-K,2021-02-25,edgar/data/107815/0000107815-21-000081.txt
"NAUTILUS, INC.",0001078207,10-K,2021-02-26,edgar/data/1078207/0001078207-21-000036.txt
WISCONSIN POWER & LIGHT CO,0000107832,10-K,2021-02-19,edgar/data/107832/0000352541-21-000022.txt
WISCONSIN PUBLIC SERVICE CORP,0000107833,10-K,2021-02-25,edgar/data/107833/0000107815-21-000083.txt
"Innoviva, Inc.",0001080014,10-K,2021-02-25,edgar/data/1080014/0001104659-21-028328.txt
"MANHATTAN BRIDGE CAPITAL, INC",0001080340,10-K,2021-03-11,edgar/data/1080340/0001493152-21-005781.txt
"Presidio Property Trust, Inc.",0001080657,10-K,2021-03-30,edgar/data/1080657/0001437749-21-007660.txt
ARENA PHARMACEUTICALS INC,0001080709,10-K,2021-02-23,edgar/data/1080709/0001564590-21-007609.txt
BERKSHIRE HATHAWAY ENERGY CO,0001081316,10-K,2021-03-01,edgar/data/1081316/0001081316-21-000011.txt
"INTELLINETICS, INC.",0001081745,10-K,2021-03-30,edgar/data/1081745/0001493152-21-007156.txt
DURECT CORP,0001082038,10-K,2021-03-05,edgar/data/1082038/0001564590-21-011240.txt
VirnetX Holding Corp,0001082324,10-K,2021-03-16,edgar/data/1082324/0001140361-21-008678.txt
UNITED THERAPEUTICS Corp,0001082554,10-K,2021-02-24,edgar/data/1082554/0001082554-21-000008.txt
STAMPS.COM INC,0001082923,10-K,2021-02-26,edgar/data/1082923/0001082923-21-000033.txt
IKONICS CORP,0001083301,10-K,2021-03-03,edgar/data/1083301/0001437749-21-004835.txt
"Apollo Medical Holdings, Inc.",0001083446,10-K,2021-03-15,edgar/data/1083446/0001628280-21-004679.txt
JONES SODA CO,0001083522,10-K,2021-03-24,edgar/data/1083522/0001437749-21-007037.txt
"FAUQUIER BANKSHARES, INC.",0001083643,10-K,2021-03-26,edgar/data/1083643/0001564590-21-015821.txt
"J2 GLOBAL, INC.",0001084048,10-K,2021-03-01,edgar/data/1084048/0001084048-21-000012.txt
"Mobiquity Technologies, Inc.",0001084267,10-K,2021-03-31,edgar/data/1084267/0001683168-21-001154.txt
PARETEUM Corp,0001084384,10-K,2021-03-12,edgar/data/1084384/0001104659-21-035333.txt
LIGHTBRIDGE Corp,0001084554,10-K,2021-03-25,edgar/data/1084554/0001477932-21-001671.txt
CYREN Ltd.,0001084577,10-K,2021-03-30,edgar/data/1084577/0001213900-21-018692.txt
Jefferies Group LLC,0001084580,10-K,2021-01-29,edgar/data/1084580/0001084580-21-000007.txt
ENCORE CAPITAL GROUP INC,0001084961,10-K,2021-02-24,edgar/data/1084961/0001084961-21-000017.txt
NATURAL GAS SERVICES GROUP INC,0001084991,10-K,2021-03-31,edgar/data/1084991/0001084991-21-000026.txt
"VirTra, Inc",0001085243,10-K,2021-03-29,edgar/data/1085243/0001493152-21-007053.txt
PUGET ENERGY INC /WA,0001085392,10-K,2021-02-26,edgar/data/1085392/0001085392-21-000011.txt
PERFICIENT INC,0001085869,10-K,2021-02-25,edgar/data/1085869/0001085869-21-000021.txt
FARMERS & MERCHANTS BANCORP,0001085913,10-K,2021-03-15,edgar/data/1085913/0001140361-21-008518.txt
AKAMAI TECHNOLOGIES INC,0001086222,10-K,2021-02-26,edgar/data/1086222/0001086222-21-000075.txt
ALLIANCE RESOURCE PARTNERS LP,0001086600,10-K,2021-02-23,edgar/data/1086600/0001558370-21-001419.txt
"AYRO, Inc.",0001086745,10-K,2021-03-31,edgar/data/1086745/0001493152-21-007529.txt
ALR TECHNOLOGIES INC.,0001087022,10-K,2021-03-31,edgar/data/1087022/0001721868-21-000179.txt
CUMBERLAND PHARMACEUTICALS INC,0001087294,10-K,2021-03-12,edgar/data/1087294/0001628280-21-004654.txt
UNITED BANCSHARES INC/OH,0001087456,10-K,2021-03-05,edgar/data/1087456/0001437749-21-005151.txt
XEROX CORP,0000108772,10-K,2021-02-25,edgar/data/108772/0001770450-21-000013.txt
"Usio, Inc.",0001088034,10-K,2021-03-30,edgar/data/1088034/0001437749-21-007524.txt
"MASTERMIND, INC.",0001088638,10-K,2021-02-22,edgar/data/1088638/0001437749-21-003526.txt
CORCEPT THERAPEUTICS INC,0001088856,10-K,2021-02-23,edgar/data/1088856/0001628280-21-002861.txt
"DICK'S SPORTING GOODS, INC.",0001089063,10-K,2021-03-24,edgar/data/1089063/0001089063-21-000036.txt
ALASKA COMMUNICATIONS SYSTEMS GROUP INC,0001089511,10-K,2021-03-16,edgar/data/1089511/0001437749-21-006153.txt
HUNTSMAN INTERNATIONAL LLC,0001089748,10-K,2021-02-12,edgar/data/1089748/0001437749-21-002772.txt
Cleco Corporate Holdings LLC,0001089819,10-K,2021-03-03,edgar/data/1089819/0001089819-21-000003.txt
YORK WATER CO,0000108985,10-K,2021-03-09,edgar/data/108985/0000108985-21-000022.txt
"GAIA, INC",0001089872,10-K,2021-03-02,edgar/data/1089872/0001564590-21-010274.txt
SWK Holdings Corp,0001089907,10-K,2021-03-31,edgar/data/1089907/0001552781-21-000167.txt
SOUTHERN FIRST BANCSHARES INC,0001090009,10-K,2021-03-02,edgar/data/1090009/0001206774-21-000565.txt
DEVON ENERGY CORP/DE,0001090012,10-K,2021-02-17,edgar/data/1090012/0001564590-21-006239.txt
TABLE TRAC INC,0001090396,10-K,2021-03-31,edgar/data/1090396/0001437749-21-007795.txt
LAMAR ADVERTISING CO/NEW,0001090425,10-K,2021-02-26,edgar/data/1090425/0001564590-21-009276.txt
UNITED PARCEL SERVICE INC,0001090727,10-K,2021-02-22,edgar/data/1090727/0001090727-21-000013.txt
"CHARTER COMMUNICATIONS, INC. /MO/",0001091667,10-K,2021-01-29,edgar/data/1091667/0001091667-21-000022.txt
"Argo Group International Holdings, Ltd.",0001091748,10-K,2021-03-15,edgar/data/1091748/0001628280-21-004668.txt
CIRCOR INTERNATIONAL INC,0001091883,10-K,2021-03-15,edgar/data/1091883/0001091883-21-000005.txt
WORLD WRESTLING ENTERTAINMENTINC,0001091907,10-K,2021-02-04,edgar/data/1091907/0001091907-21-000009.txt
TJX COMPANIES INC /DE/,0000109198,10-K,2021-03-31,edgar/data/109198/0000109198-21-000006.txt
FULLNET COMMUNICATIONS INC,0001092570,10-K,2021-03-31,edgar/data/1092570/0001376474-21-000113.txt
"CHEMBIO DIAGNOSTICS, INC.",0001092662,10-K,2021-03-11,edgar/data/1092662/0001140361-21-008210.txt
SPS COMMERCE INC,0001092699,10-K,2021-02-23,edgar/data/1092699/0001564590-21-007614.txt
HUTTIG BUILDING PRODUCTS INC,0001093082,10-K,2021-03-02,edgar/data/1093082/0001564590-21-010338.txt
DEXCOM INC,0001093557,10-K,2021-02-11,edgar/data/1093557/0001093557-21-000024.txt
PEOPLES BANCORP OF NORTH CAROLINA INC,0001093672,10-K,2021-03-19,edgar/data/1093672/0001654954-21-003012.txt
"ZIONS BANCORPORATION, NATIONAL ASSOCIATION /UT/",0000109380,10-K,2021-02-25,edgar/data/109380/0000109380-21-000082.txt
"Marker Therapeutics, Inc.",0001094038,10-K,2021-03-09,edgar/data/1094038/0001104659-21-033855.txt
TELKONET INC,0001094084,10-K,2021-03-31,edgar/data/1094084/0001683168-21-001114.txt
PROGRESS ENERGY INC,0001094093,10-K,2021-02-25,edgar/data/1094093/0001326160-21-000063.txt
TELEDYNE TECHNOLOGIES INC,0001094285,10-K,2021-02-26,edgar/data/1094285/0001094285-21-000066.txt
"BGC Partners, Inc.",0001094831,10-K,2021-03-01,edgar/data/1094831/0001564590-21-009638.txt
EVEREST RE GROUP LTD,0001095073,10-K,2021-03-01,edgar/data/1095073/0001095073-21-000006.txt
PFSWEB INC,0001095315,10-K,2021-03-31,edgar/data/1095315/0001095315-21-000034.txt
HEALTHSTREAM INC,0001095565,10-K,2021-02-26,edgar/data/1095565/0001564590-21-008985.txt
ISTAR INC.,0001095651,10-K,2021-02-23,edgar/data/1095651/0001095651-21-000006.txt
"PLUS THERAPEUTICS, INC.",0001095981,10-K,2021-02-22,edgar/data/1095981/0001564590-21-007165.txt
LUXFER HOLDINGS PLC,0001096056,10-K,2021-03-02,edgar/data/1096056/0001096056-21-000010.txt
MARKEL CORP,0001096343,10-K,2021-02-19,edgar/data/1096343/0001096343-21-000032.txt
"ENTERPRISE DIVERSIFIED, INC.",0001096934,10-K,2021-03-29,edgar/data/1096934/0001437749-21-007466.txt
"United Health Products, Inc.",0001096938,10-K,2021-03-30,edgar/data/1096938/0001477932-21-001799.txt
ALIGN TECHNOLOGY INC,0001097149,10-K,2021-02-26,edgar/data/1097149/0001097149-21-000007.txt
ON SEMICONDUCTOR CORP,0001097864,10-K,2021-02-16,edgar/data/1097864/0001628280-21-002219.txt
America Great Health,0001098009,10-K,2021-03-23,edgar/data/1098009/0001185185-21-000363.txt
PATRIOT NATIONAL BANCORP INC,0001098146,10-K,2021-03-30,edgar/data/1098146/0001437749-21-007624.txt
FIDELITY D & D BANCORP INC,0001098151,10-K,2021-03-19,edgar/data/1098151/0001098151-21-000013.txt
MIDAMERICAN FUNDING LLC,0001098296,10-K,2021-03-01,edgar/data/1098296/0001081316-21-000011.txt
IntelGenx Technologies Corp.,0001098880,10-K,2021-03-25,edgar/data/1098880/0001062993-21-002995.txt
AGENUS INC,0001098972,10-K,2021-03-16,edgar/data/1098972/0001564590-21-013619.txt
BEASLEY BROADCAST GROUP INC,0001099160,10-K,2021-02-19,edgar/data/1099160/0001193125-21-048932.txt
METLIFE INC,0001099219,10-K,2021-02-19,edgar/data/1099219/0001099219-21-000050.txt
MERCADOLIBRE INC,0001099590,10-K,2021-03-01,edgar/data/1099590/0001562762-21-000079.txt
Edwards Lifesciences Corp,0001099800,10-K,2021-02-12,edgar/data/1099800/0001099800-21-000007.txt
NORTHWEST PIPELINE LLC,0000110019,10-K,2021-02-24,edgar/data/110019/0000110019-21-000003.txt
"Advaxis, Inc.",0001100397,10-K,2021-01-22,edgar/data/1100397/0001493152-21-001656.txt
"CHARLES RIVER LABORATORIES INTERNATIONAL, INC.",0001100682,10-K,2021-02-17,edgar/data/1100682/0001100682-21-000005.txt
"Zivo Bioscience, Inc.",0001101026,10-K,2021-02-25,edgar/data/1101026/0001078782-21-000172.txt
ALLIANCE DATA SYSTEMS CORP,0001101215,10-K,2021-02-26,edgar/data/1101215/0001101215-21-000036.txt
EQUINIX INC,0001101239,10-K,2021-02-19,edgar/data/1101239/0001628280-21-002563.txt
ENTEGRIS INC,0001101302,10-K,2021-02-05,edgar/data/1101302/0001101302-21-000011.txt
QUOTEMEDIA INC,0001101433,10-K,2021-03-26,edgar/data/1101433/0001654954-21-003312.txt
DZS INC.,0001101680,10-K,2021-03-11,edgar/data/1101680/0001564590-21-012566.txt
PACWEST BANCORP,0001102112,10-K,2021-02-26,edgar/data/1102112/0001628280-21-003477.txt
AMERICAN REALTY INVESTORS INC,0001102238,10-K,2021-03-26,edgar/data/1102238/0001102238-21-000003.txt
"VIKING ENERGY GROUP, INC.",0001102432,10-K,2021-03-25,edgar/data/1102432/0001477932-21-001656.txt
LIVEPERSON INC,0001102993,10-K,2021-03-08,edgar/data/1102993/0001102993-21-000031.txt
BIODELIVERY SCIENCES INTERNATIONAL INC,0001103021,10-K,2021-03-11,edgar/data/1103021/0001103021-21-000029.txt
"Crown Equity Holdings, Inc.",0001103833,10-K,2021-03-16,edgar/data/1103833/0001477932-21-001456.txt
"Mondelez International, Inc.",0001103982,10-K,2021-02-05,edgar/data/1103982/0001103982-21-000004.txt
"VerifyMe, Inc.",0001104038,10-K,2021-03-25,edgar/data/1104038/0001214659-21-003448.txt
New Century Resources Corp,0001104462,10-K,2021-03-05,edgar/data/1104462/0001096906-21-000417.txt
"NORTHERN OIL & GAS, INC.",0001104485,10-K,2021-03-12,edgar/data/1104485/0001104485-21-000026.txt
INSMED Inc,0001104506,10-K,2021-02-25,edgar/data/1104506/0001104506-21-000005.txt
MATERION Corp,0001104657,10-K,2021-02-18,edgar/data/1104657/0001104657-21-000010.txt
WOLVERINE WORLD WIDE INC /DE/,0000110471,10-K,2021-02-26,edgar/data/110471/0000110471-21-000008.txt
"Support.com, Inc.",0001104855,10-K,2021-03-30,edgar/data/1104855/0001654954-21-003471.txt
"CHINA PHARMA HOLDINGS, INC.",0001106644,10-K,2021-03-26,edgar/data/1106644/0001213900-21-017981.txt
OCULUS VISIONTECH INC.,0001107280,10-K,2021-03-15,edgar/data/1107280/0001437749-21-006065.txt
ZIOPHARM ONCOLOGY INC,0001107421,10-K,2021-03-01,edgar/data/1107421/0001193125-21-063387.txt
"QUALYS, INC.",0001107843,10-K,2021-02-22,edgar/data/1107843/0001437749-21-003648.txt
COMMUNITY HEALTH SYSTEMS INC,0001108109,10-K,2021-02-18,edgar/data/1108109/0001564590-21-006686.txt
BERKSHIRE HILLS BANCORP INC,0001108134,10-K,2021-03-01,edgar/data/1108134/0001108134-21-000007.txt
CURIS INC,0001108205,10-K,2021-03-16,edgar/data/1108205/0001108205-21-000003.txt
AMERICAN RIVER BANKSHARES,0001108236,10-K,2021-03-18,edgar/data/1108236/0001019056-21-000204.txt
SMTC CORP,0001108320,10-K,2021-03-17,edgar/data/1108320/0001564590-21-013718.txt
CITIBANK CREDIT CARD ISSUANCE TRUST,0001108348,10-K,2021-03-29,edgar/data/1108348/0001193125-21-098187.txt
PNM RESOURCES INC,0001108426,10-K,2021-03-01,edgar/data/1108426/0001108426-21-000010.txt
"SALESFORCE.COM, INC.",0001108524,10-K,2021-03-17,edgar/data/1108524/0001108524-22-000008.txt
Live Current Media Inc.,0001108630,10-K,2021-03-30,edgar/data/1108630/0001062993-21-003128.txt
"QEP RESOURCES, INC.",0001108827,10-K,2021-02-24,edgar/data/1108827/0001108827-21-000012.txt
"Orbital Energy Group, Inc.",0001108967,10-K,2021-03-30,edgar/data/1108967/0001437749-21-007559.txt
"BASIC ENERGY SERVICES, INC.",0001109189,10-K,2021-03-31,edgar/data/1109189/0001109189-21-000033.txt
HANMI FINANCIAL CORP,0001109242,10-K,2021-03-01,edgar/data/1109242/0001564590-21-009898.txt
BRUKER CORP,0001109354,10-K,2021-03-01,edgar/data/1109354/0001104659-21-029938.txt
EXELON CORP,0001109357,10-K,2021-02-24,edgar/data/1109357/0001109357-21-000022.txt
ALLIANCEBERNSTEIN L.P.,0001109448,10-K,2021-02-11,edgar/data/1109448/0001109448-21-000006.txt
PACIFIC MERCANTILE BANCORP,0001109546,10-K,2021-03-15,edgar/data/1109546/0001109546-21-000005.txt
"Deep Down, Inc.",0001110607,10-K,2021-03-30,edgar/data/1110607/0001683168-21-001100.txt
ON24 INC.,0001110611,10-K,2021-03-30,edgar/data/1110611/0001564590-21-016284.txt
METLIFE POLICYHOLDER TRUST,0001110795,10-K,2021-03-29,edgar/data/1110795/0000937834-21-000011.txt
"ILLUMINA, INC.",0001110803,10-K,2021-02-17,edgar/data/1110803/0001110803-21-000015.txt
NuStar Energy L.P.,0001110805,10-K,2021-02-25,edgar/data/1110805/0001110805-21-000009.txt
VISTEON CORP,0001111335,10-K,2021-02-18,edgar/data/1111335/0001111335-21-000006.txt
NISOURCE INC.,0001111711,10-K,2021-02-17,edgar/data/1111711/0001111711-21-000010.txt
DYNARESOURCE INC,0001111741,10-K,2021-03-31,edgar/data/1111741/0001654954-21-003661.txt
IPG PHOTONICS CORP,0001111928,10-K,2021-02-22,edgar/data/1111928/0001111928-21-000026.txt
"INFINITY PHARMACEUTICALS, INC.",0001113148,10-K,2021-03-16,edgar/data/1113148/0001113148-21-000007.txt
PRICE T ROWE GROUP INC,0001113169,10-K,2021-02-11,edgar/data/1113169/0001113169-21-000006.txt
AXCELIS TECHNOLOGIES INC,0001113232,10-K,2021-02-26,edgar/data/1113232/0001558370-21-001972.txt
"MobileSmith, Inc.",0001113513,10-K,2021-03-23,edgar/data/1113513/0001654954-21-003131.txt
Integer Holdings Corp,0001114483,10-K,2021-02-18,edgar/data/1114483/0001114483-21-000006.txt
FIRST NORTHERN COMMUNITY BANCORP,0001114927,10-K,2021-03-08,edgar/data/1114927/0001140361-21-007530.txt
IMPINJ INC,0001114995,10-K,2021-02-17,edgar/data/1114995/0001564590-21-006386.txt
PINNACLE FINANCIAL PARTNERS INC,0001115055,10-K,2021-02-26,edgar/data/1115055/0001115055-21-000013.txt
Quotient Technology Inc.,0001115128,10-K,2021-02-23,edgar/data/1115128/0001115128-21-000005.txt
ORASURE TECHNOLOGIES INC,0001116463,10-K,2021-03-01,edgar/data/1116463/0001564590-21-009887.txt
TTM TECHNOLOGIES INC,0001116942,10-K,2021-02-22,edgar/data/1116942/0001564590-21-007045.txt
Planet Green Holdings Corp.,0001117057,10-K,2021-03-31,edgar/data/1117057/0001213900-21-019100.txt
CHIMERIX INC,0001117480,10-K,2021-02-25,edgar/data/1117480/0001117480-21-000006.txt
BANCPLUS CORP,0001118004,10-K,2021-03-10,edgar/data/1118004/0001118004-21-000006.txt
SKINOVATION PHARMACEUTICAL INC,0001118072,10-K,2021-03-29,edgar/data/1118072/0001554795-21-000093.txt
NUTRA PHARMA CORP,0001119643,10-K,2021-02-05,edgar/data/1119643/0001398432-21-000007.txt
"NASDAQ, INC.",0001120193,10-K,2021-02-23,edgar/data/1120193/0001120193-21-000011.txt
"BROADWIND, INC.",0001120370,10-K,2021-02-25,edgar/data/1120370/0001437749-21-004032.txt
PDF SOLUTIONS INC,0001120914,10-K,2021-03-11,edgar/data/1120914/0001437749-21-005696.txt
Comstock Mining Inc.,0001120970,10-K,2021-03-10,edgar/data/1120970/0001120970-21-000046.txt
Maxar Technologies Inc.,0001121142,10-K,2021-02-24,edgar/data/1121142/0001558370-21-001635.txt
"OIL STATES INTERNATIONAL, INC",0001121484,10-K,2021-02-22,edgar/data/1121484/0001121484-21-000046.txt
"YIELD10 BIOSCIENCE, INC.",0001121702,10-K,2021-03-16,edgar/data/1121702/0001121702-21-000010.txt
GARMIN LTD,0001121788,10-K,2021-02-17,edgar/data/1121788/0001564590-21-006192.txt
"NETGEAR, INC.",0001122904,10-K,2021-02-16,edgar/data/1122904/0001564590-21-006094.txt
AVIENT CORP,0001122976,10-K,2021-02-25,edgar/data/1122976/0001122976-21-000014.txt
GLOBAL PAYMENTS INC,0001123360,10-K,2021-02-19,edgar/data/1123360/0001123360-21-000009.txt
HARVARD BIOSCIENCE INC,0001123494,10-K,2021-03-12,edgar/data/1123494/0001171843-21-001737.txt
"BAB, INC.",0001123596,10-K,2021-02-26,edgar/data/1123596/0001437749-21-004215.txt
NORTHERN STATES POWER CO,0001123852,10-K,2021-02-17,edgar/data/1123852/0001123852-21-000008.txt
"CATALYST BIOSCIENCES, INC.",0001124105,10-K,2021-03-04,edgar/data/1124105/0001564590-21-010823.txt
EXACT SCIENCES CORP,0001124140,10-K,2021-02-16,edgar/data/1124140/0001124140-21-000029.txt
FLUOR CORP,0001124198,10-K,2021-02-26,edgar/data/1124198/0001628280-21-003360.txt
"Cryoport, Inc.",0001124524,10-K,2021-03-01,edgar/data/1124524/0001104659-21-030112.txt
"VMWARE, INC.",0001124610,10-K,2021-03-26,edgar/data/1124610/0001124610-21-000015.txt
"NLIGHT, INC.",0001124796,10-K,2021-02-26,edgar/data/1124796/0001124796-21-000048.txt
"ALLSCRIPTS HEALTHCARE SOLUTIONS, INC.",0001124804,10-K,2021-02-26,edgar/data/1124804/0001564590-21-009410.txt
CARNIVAL PLC,0001125259,10-K,2021-01-26,edgar/data/1125259/0000815097-21-000027.txt
MACROGENICS INC,0001125345,10-K,2021-02-25,edgar/data/1125345/0001125345-21-000035.txt
"ENSIGN GROUP, INC",0001125376,10-K,2021-02-03,edgar/data/1125376/0001125376-21-000020.txt
"LUMOS PHARMA, INC.",0001126234,10-K,2021-03-09,edgar/data/1126234/0001126234-21-000034.txt
PRINCIPAL FINANCIAL GROUP INC,0001126328,10-K,2021-02-12,edgar/data/1126328/0001104659-21-022074.txt
"Magellan Midstream Partners, L.P.",0001126975,10-K,2021-02-18,edgar/data/1126975/0001126975-21-000062.txt
CENTRAL VALLEY COMMUNITY BANCORP,0001127371,10-K,2021-03-10,edgar/data/1127371/0001127371-21-000038.txt
Pulmonx Corp,0001127537,10-K,2021-03-15,edgar/data/1127537/0001127537-21-000008.txt
PROASSURANCE CORP,0001127703,10-K,2021-02-26,edgar/data/1127703/0001706397-21-000004.txt
"ProtoKinetix, Inc.",0001128189,10-K,2021-03-05,edgar/data/1128189/0001079973-21-000148.txt
BA Credit Card Trust,0001128250,10-K,2021-03-25,edgar/data/1128250/0001140361-21-009939.txt
"Saker Aviation Services, Inc.",0001128281,10-K,2021-03-31,edgar/data/1128281/0001437749-21-007824.txt
ENERTECK CORP,0001128353,10-K,2021-03-31,edgar/data/1128353/0001477932-21-001865.txt
HOPE BANCORP INC,0001128361,10-K,2021-03-01,edgar/data/1128361/0001128361-21-000007.txt
FLOWERS FOODS INC,0001128928,10-K,2021-02-24,edgar/data/1128928/0001564590-21-007896.txt
MARINE PRODUCTS CORP,0001129155,10-K,2021-02-26,edgar/data/1129155/0001104659-21-029338.txt
"VOCERA COMMUNICATIONS, INC.",0001129260,10-K,2021-02-25,edgar/data/1129260/0001129260-21-000009.txt
SIERRA BANCORP,0001130144,10-K,2021-03-12,edgar/data/1130144/0001558370-21-002904.txt
"Cyclacel Pharmaceuticals, Inc.",0001130166,10-K,2021-03-01,edgar/data/1130166/0001558370-21-002093.txt
CENTERPOINT ENERGY INC,0001130310,10-K,2021-02-25,edgar/data/1130310/0001130310-21-000009.txt
BLACK HILLS CORP /SD/,0001130464,10-K,2021-02-26,edgar/data/1130464/0001130464-21-000007.txt
"Onconova Therapeutics, Inc.",0001130598,10-K,2021-03-18,edgar/data/1130598/0001104659-21-038452.txt
"OVERSTOCK.COM, INC",0001130713,10-K,2021-02-26,edgar/data/1130713/0001130713-21-000019.txt
AEI INCOME & GROWTH FUND 24 LLC,0001130758,10-K,2021-03-30,edgar/data/1130758/0000894245-21-000019.txt
CANCER CAPITAL CORP,0001130889,10-K,2021-03-25,edgar/data/1130889/0001554795-21-000089.txt
ZION OIL & GAS INC,0001131312,10-K,2021-03-24,edgar/data/1131312/0001213900-21-017527.txt
SYNCHRONOSS TECHNOLOGIES INC,0001131554,10-K,2021-03-16,edgar/data/1131554/0001131554-21-000012.txt
SPECTRAL CAPITAL Corp,0001131903,10-K,2021-02-18,edgar/data/1131903/0001096906-21-000354.txt
New Momentum Corp.,0001132509,10-K,2021-03-26,edgar/data/1132509/0001477932-21-001712.txt
AMES NATIONAL CORP,0001132651,10-K,2021-03-12,edgar/data/1132651/0001437749-21-005905.txt
JANEL CORP,0001133062,10-K,2021-01-13,edgar/data/1133062/0001140361-21-001080.txt
TRAVELZOO,0001133311,10-K,2021-03-31,edgar/data/1133311/0001628280-21-006272.txt
GALECTIN THERAPEUTICS INC,0001133416,10-K,2021-03-31,edgar/data/1133416/0001193125-21-101402.txt
NORTHROP GRUMMAN CORP /DE/,0001133421,10-K,2021-01-28,edgar/data/1133421/0001133421-21-000006.txt
Capital One Auto Receivables LLC,0001133438,10-K,2021-03-26,edgar/data/1133438/0001766004-21-000012.txt
Capital One Auto Receivables LLC,0001133438,10-K,2021-03-26,edgar/data/1133438/0001786041-21-000013.txt
Capital One Auto Receivables LLC,0001133438,10-K,2021-03-26,edgar/data/1133438/0001799766-21-000012.txt
BIO-PATH HOLDINGS INC,0001133818,10-K,2021-03-09,edgar/data/1133818/0001104659-21-033789.txt
"CAPRICOR THERAPEUTICS, INC.",0001133869,10-K,2021-03-15,edgar/data/1133869/0001104659-21-036410.txt
INTERNATIONAL TOWER HILL MINES LTD,0001134115,10-K,2021-03-10,edgar/data/1134115/0001104659-21-034157.txt
ATLAS AIR WORLDWIDE HOLDINGS INC,0001135185,10-K,2021-02-18,edgar/data/1135185/0001564590-21-006555.txt
PEPCO HOLDINGS LLC,0001135971,10-K,2021-02-24,edgar/data/1135971/0001109357-21-000022.txt
"Ontrak, Inc.",0001136174,10-K,2021-03-09,edgar/data/1136174/0001628280-21-004260.txt
Williams Industrial Services Group Inc.,0001136294,10-K,2021-03-31,edgar/data/1136294/0001558370-21-003832.txt
Crestwood Equity Partners LP,0001136352,10-K,2021-02-26,edgar/data/1136352/0001136352-21-000003.txt
"ZIMMER BIOMET HOLDINGS, INC.",0001136869,10-K,2021-02-22,edgar/data/1136869/0001564590-21-007163.txt
"Fidelity National Information Services, Inc.",0001136893,10-K,2021-02-18,edgar/data/1136893/0001136893-21-000025.txt
"POWER SOLUTIONS INTERNATIONAL, INC.",0001137091,10-K,2021-03-30,edgar/data/1137091/0001137091-21-000002.txt
UNITED SECURITY BANCSHARES,0001137547,10-K,2021-03-05,edgar/data/1137547/0001137547-21-000004.txt
PRUDENTIAL FINANCIAL INC,0001137774,10-K,2021-02-19,edgar/data/1137774/0001137774-21-000049.txt
BRAINSTORM CELL THERAPEUTICS INC.,0001137883,10-K,2021-02-04,edgar/data/1137883/0001104659-21-011928.txt
"CBRE GROUP, INC.",0001138118,10-K,2021-02-24,edgar/data/1138118/0001138118-21-000012.txt
PACIFIC HEALTH CARE ORGANIZATION INC,0001138476,10-K,2021-03-31,edgar/data/1138476/0001185185-21-000438.txt
Infinera Corp,0001138639,10-K,2021-03-03,edgar/data/1138639/0001138639-21-000026.txt
WFN CREDIT CO LLC,0001139552,10-K,2021-03-22,edgar/data/1139552/0001101215-21-000043.txt
WORLD FINANCIAL NETWORK CREDIT CARD MASTER TRUST,0001140096,10-K,2021-03-22,edgar/data/1140096/0001101215-21-000043.txt
"HireQuest, Inc.",0001140102,10-K,2021-03-25,edgar/data/1140102/0001654954-21-003300.txt
"REED'S, INC.",0001140215,10-K,2021-03-30,edgar/data/1140215/0001493152-21-007217.txt
WILLIS TOWERS WATSON PLC,0001140536,10-K,2021-02-23,edgar/data/1140536/0001564590-21-007578.txt
CROSS COUNTRY HEALTHCARE INC,0001141103,10-K,2021-02-25,edgar/data/1141103/0001628280-21-003296.txt
PEDEVCO CORP,0001141197,10-K,2021-03-23,edgar/data/1141197/0001654954-21-003087.txt
LIQUIDMETAL TECHNOLOGIES INC,0001141240,10-K,2021-03-09,edgar/data/1141240/0001437749-21-005422.txt
Mastercard Inc,0001141391,10-K,2021-02-12,edgar/data/1141391/0001141391-21-000018.txt
LANDMARK BANCORP INC,0001141688,10-K,2021-03-22,edgar/data/1141688/0001493152-21-006509.txt
HEALTH DISCOVERY CORP,0001141788,10-K,2021-03-19,edgar/data/1141788/0001683168-21-001010.txt
1ST CONSTITUTION BANCORP,0001141807,10-K,2021-03-15,edgar/data/1141807/0001141807-21-000005.txt
"NEXSTAR MEDIA GROUP, INC.",0001142417,10-K,2021-03-01,edgar/data/1142417/0001564590-21-009747.txt
NUVASIVE INC,0001142596,10-K,2021-02-25,edgar/data/1142596/0001564590-21-008934.txt
AMN HEALTHCARE SERVICES INC,0001142750,10-K,2021-02-26,edgar/data/1142750/0001142750-21-000012.txt
AMANASU ENVIRONMENT CORP,0001142801,10-K,2021-03-30,edgar/data/1142801/0001654954-21-003437.txt
BUNGELTD,0001144519,10-K,2021-02-19,edgar/data/1144519/0001144519-21-000006.txt
"FICAAR, INC",0001144546,10-K,2021-02-02,edgar/data/1144546/0001213900-21-006081.txt
ASBURY AUTOMOTIVE GROUP INC,0001144980,10-K,2021-03-01,edgar/data/1144980/0001144980-21-000075.txt
INSULET CORP,0001145197,10-K,2021-02-24,edgar/data/1145197/0001145197-21-000009.txt
CENTENNIAL GROWTH EQUITIES INC,0001145604,10-K,2021-03-24,edgar/data/1145604/0001826466-21-000075.txt
GLOBAL MACRO TRUST,0001145765,10-K,2021-03-30,edgar/data/1145765/0001829126-21-001917.txt
ASPEN AEROGELS INC,0001145986,10-K,2021-03-12,edgar/data/1145986/0001564590-21-012925.txt
BERKLEY W R CORP,0000011544,10-K,2021-02-18,edgar/data/11544/0000011544-21-000013.txt
"Anthem, Inc.",0001156039,10-K,2021-02-18,edgar/data/1156039/0001156039-21-000012.txt
LAKE AREA CORN PROCESSORS LLC,0001156174,10-K,2021-03-12,edgar/data/1156174/0001156174-21-000008.txt
CME GROUP INC.,0001156375,10-K,2021-02-26,edgar/data/1156375/0001156375-21-000020.txt
BIG 5 SPORTING GOODS Corp,0001156388,10-K,2021-03-03,edgar/data/1156388/0001564590-21-010511.txt
"MADRIGAL PHARMACEUTICALS, INC.",0001157601,10-K,2021-02-25,edgar/data/1157601/0001193125-21-056164.txt
"Western New England Bancorp, Inc.",0001157647,10-K,2021-03-11,edgar/data/1157647/0001387131-21-003468.txt
CHINA AUTOMOTIVE SYSTEMS INC,0001157762,10-K,2021-03-30,edgar/data/1157762/0001104659-21-043566.txt
MERRILL LYNCH DEPOSITOR INC PREFERREDPLUS TRUST SER CZN 1,0001157987,10-K,2021-03-25,edgar/data/1157987/0001174947-21-000301.txt
"APPLIED OPTOELECTRONICS, INC.",0001158114,10-K,2021-02-25,edgar/data/1158114/0001437749-21-004108.txt
"COMSCORE, INC.",0001158172,10-K,2021-03-10,edgar/data/1158172/0001158172-21-000021.txt
"COGENT COMMUNICATIONS HOLDINGS, INC.",0001158324,10-K,2021-02-26,edgar/data/1158324/0001104659-21-028924.txt
CHINA HGS REAL ESTATE INC.,0001158420,10-K,2021-01-13,edgar/data/1158420/0001104659-21-003878.txt
ADVANCE AUTO PARTS INC,0001158449,10-K,2021-02-22,edgar/data/1158449/0001158449-21-000036.txt
JETBLUE AIRWAYS CORP,0001158463,10-K,2021-03-02,edgar/data/1158463/0001628280-21-003705.txt
PSEG POWER LLC,0001158659,10-K,2021-03-01,edgar/data/1158659/0000788784-21-000007.txt
LEMAITRE VASCULAR INC,0001158895,10-K,2021-03-12,edgar/data/1158895/0001437749-21-005956.txt
"HALOZYME THERAPEUTICS, INC.",0001159036,10-K,2021-02-23,edgar/data/1159036/0001159036-21-000014.txt
IROBOT CORP,0001159167,10-K,2021-02-16,edgar/data/1159167/0001159167-21-000008.txt
FIVE STAR SENIOR LIVING INC.,0001159281,10-K,2021-02-25,edgar/data/1159281/0001159281-21-000019.txt
FORD CREDIT FLOORPLAN MASTER OWNER TRUST A,0001159408,10-K,2021-03-26,edgar/data/1159408/0001159408-21-000011.txt
Savara Inc,0001160308,10-K,2021-03-10,edgar/data/1160308/0001564590-21-011919.txt
SOUTHERN POWER CO,0001160661,10-K,2021-02-18,edgar/data/1160661/0000092122-21-000006.txt
GOLD RESOURCE CORP,0001160791,10-K,2021-02-24,edgar/data/1160791/0001558370-21-001637.txt
NOVA STAR INNOVATIONS INC,0001160945,10-K,2021-03-25,edgar/data/1160945/0001554795-21-000091.txt
INPHI Corp,0001160958,10-K,2021-02-25,edgar/data/1160958/0001437749-21-004113.txt
"Energy Transfer Operating, L.P.",0001161154,10-K,2021-02-19,edgar/data/1161154/0001161154-21-000032.txt
MGE ENERGY INC,0001161728,10-K,2021-02-24,edgar/data/1161728/0001161728-21-000013.txt
"RigNet, Inc.",0001162112,10-K,2021-03-15,edgar/data/1162112/0001564590-21-013172.txt
FLUIDIGM CORP,0001162194,10-K,2021-02-25,edgar/data/1162194/0001162194-21-000013.txt
"CAPITAL ONE FUNDING, LLC",0001162387,10-K,2021-03-26,edgar/data/1162387/0001162387-21-000004.txt
CUTERA INC,0001162461,10-K,2021-03-23,edgar/data/1162461/0001437749-21-006866.txt
"WIZARD BRANDS, INC.",0001162896,10-K,2021-03-29,edgar/data/1162896/0001493152-21-007036.txt
CONOCOPHILLIPS,0001163165,10-K,2021-02-16,edgar/data/1163165/0001562762-21-000027.txt
UNITED STATES STEEL CORP,0001163302,10-K,2021-02-12,edgar/data/1163302/0001163302-21-000013.txt
CAPITAL ONE MULTI ASSET EXECUTION TRUST,0001163321,10-K,2021-03-26,edgar/data/1163321/0001162387-21-000004.txt
NORTHRIM BANCORP INC,0001163370,10-K,2021-03-05,edgar/data/1163370/0001163370-21-000012.txt
SOUTH DAKOTA SOYBEAN PROCESSORS LLC,0001163609,10-K,2021-03-31,edgar/data/1163609/0001163609-21-000022.txt
"SOUTH PLAINS FINANCIAL, INC.",0001163668,10-K,2021-03-11,edgar/data/1163668/0001140361-21-008218.txt
NABORS INDUSTRIES LTD,0001163739,10-K,2021-02-24,edgar/data/1163739/0001558370-21-001631.txt
NEWMONT Corp /DE/,0001164727,10-K,2021-02-18,edgar/data/1164727/0001164727-21-000027.txt
"ENPRO INDUSTRIES, INC",0001164863,10-K,2021-03-01,edgar/data/1164863/0001164863-21-000011.txt
WESTWOOD HOLDINGS GROUP INC,0001165002,10-K,2021-03-04,edgar/data/1165002/0001165002-21-000023.txt
"XPO Logistics, Inc.",0001166003,10-K,2021-02-12,edgar/data/1166003/0001166003-21-000023.txt
VERINT SYSTEMS INC,0001166388,10-K,2021-03-31,edgar/data/1166388/0001166388-21-000028.txt
COMCAST CORP,0001166691,10-K,2021-02-04,edgar/data/1166691/0001166691-21-000008.txt
"Brownie's Marine Group, Inc",0001166708,10-K,2021-03-31,edgar/data/1166708/0001493152-21-007486.txt
WEST BANCORPORATION INC,0001166928,10-K,2021-03-01,edgar/data/1166928/0001166928-21-000018.txt
"Riot Blockchain, Inc.",0001167419,10-K,2021-03-31,edgar/data/1167419/0001079973-21-000221.txt
BRIGHTHOUSE LIFE INSURANCE Co OF NY,0001167609,10-K,2021-03-04,edgar/data/1167609/0001167609-21-000003.txt
CIMAREX ENERGY CO,0001168054,10-K,2021-02-23,edgar/data/1168054/0001168054-21-000008.txt
EXELON GENERATION CO LLC,0001168165,10-K,2021-02-24,edgar/data/1168165/0001109357-21-000022.txt
PLUMAS BANCORP,0001168455,10-K,2021-03-03,edgar/data/1168455/0001437749-21-004784.txt
AMANASU TECHNO HOLDINGS CORP,0001168663,10-K,2021-03-30,edgar/data/1168663/0001654954-21-003436.txt
Noble Finance Co,0001169055,10-K,2021-03-12,edgar/data/1169055/0001628280-21-004612.txt
PhaseBio Pharmaceuticals Inc,0001169245,10-K,2021-03-15,edgar/data/1169245/0001169245-21-000024.txt
COMPUTER PROGRAMS & SYSTEMS INC,0001169445,10-K,2021-03-12,edgar/data/1169445/0001628280-21-004641.txt
CHANNELADVISOR CORP,0001169652,10-K,2021-02-11,edgar/data/1169652/0001169652-21-000007.txt
"BANC OF CALIFORNIA, INC.",0001169770,10-K,2021-02-26,edgar/data/1169770/0001169770-21-000009.txt
"HTG MOLECULAR DIAGNOSTICS, INC",0001169987,10-K,2021-03-25,edgar/data/1169987/0001564590-21-015554.txt
"BOINGO WIRELESS, INC.",0001169988,10-K,2021-03-01,edgar/data/1169988/0001558370-21-002183.txt
FIRST NATIONAL FUNDING LLC,0001171040,10-K,2021-03-25,edgar/data/1171040/0001104659-21-041339.txt
NATURAL RESOURCE PARTNERS LP,0001171486,10-K,2021-03-15,edgar/data/1171486/0001171486-21-000009.txt
TRIPLE-S MANAGEMENT CORP,0001171662,10-K,2021-02-26,edgar/data/1171662/0001140361-21-006435.txt
RED ROBIN GOURMET BURGERS INC,0001171759,10-K,2021-03-03,edgar/data/1171759/0001171759-21-000020.txt
CIT GROUP INC,0001171825,10-K,2021-02-19,edgar/data/1171825/0001564590-21-006973.txt
SAFETY INSURANCE GROUP INC,0001172052,10-K,2021-02-26,edgar/data/1172052/0001172052-21-000010.txt
HAWAIIAN HOLDINGS INC,0001172222,10-K,2021-02-12,edgar/data/1172222/0001172222-21-000027.txt
"DORCHESTER MINERALS, L.P.",0001172358,10-K,2021-02-25,edgar/data/1172358/0001437749-21-004057.txt
"Sunworks, Inc.",0001172631,10-K,2021-03-26,edgar/data/1172631/0001493152-21-006917.txt
American BriVision (Holding) Corp,0001173313,10-K,2021-03-16,edgar/data/1173313/0001213900-21-015729.txt
NOVAGOLD RESOURCES INC,0001173420,10-K,2021-01-27,edgar/data/1173420/0001171843-21-000547.txt
CEVA INC,0001173489,10-K,2021-03-01,edgar/data/1173489/0001437749-21-004597.txt
"HYSTER-YALE MATERIALS HANDLING, INC.",0001173514,10-K,2021-02-24,edgar/data/1173514/0001173514-21-000022.txt
CHASE ISSUANCE TRUST,0001174821,10-K,2021-03-30,edgar/data/1174821/0001193125-21-100051.txt
NICOLET BANKSHARES INC,0001174850,10-K,2021-02-26,edgar/data/1174850/0001174850-21-000007.txt
WYNN RESORTS LTD,0001174922,10-K,2021-02-26,edgar/data/1174922/0001174922-21-000029.txt
ORAGENICS INC,0001174940,10-K,2021-03-01,edgar/data/1174940/0001493152-21-005122.txt
Cytosorbents Corp,0001175151,10-K,2021-03-09,edgar/data/1175151/0001104659-21-033790.txt
FLEETCOR TECHNOLOGIES INC,0001175454,10-K,2021-02-26,edgar/data/1175454/0001175454-21-000022.txt
Drive Shack Inc.,0001175483,10-K,2021-03-16,edgar/data/1175483/0001175483-21-000005.txt
"FIVE PRIME THERAPEUTICS, INC.",0001175505,10-K,2021-03-22,edgar/data/1175505/0001564590-21-014463.txt
Whitestone REIT,0001175535,10-K,2021-03-08,edgar/data/1175535/0001175535-21-000035.txt
MARTIN MIDSTREAM PARTNERS L.P.,0001176334,10-K,2021-03-03,edgar/data/1176334/0001176334-21-000061.txt
Ares Management Corp,0001176948,10-K,2021-02-25,edgar/data/1176948/0001628280-21-003314.txt
SYNNEX CORP,0001177394,10-K,2021-01-28,edgar/data/1177394/0001564590-21-003035.txt
"FIVE BELOW, INC",0001177609,10-K,2021-03-18,edgar/data/1177609/0001177609-21-000011.txt
SAIA INC,0001177702,10-K,2021-02-24,edgar/data/1177702/0001564590-21-008077.txt
USAA ACCEPTANCE LLC,0001178049,10-K,2021-03-26,edgar/data/1178049/0001193125-21-096087.txt
SCYNEXIS INC,0001178253,10-K,2021-03-29,edgar/data/1178253/0001564590-21-015962.txt
"ALNYLAM PHARMACEUTICALS, INC.",0001178670,10-K,2021-02-11,edgar/data/1178670/0001178670-21-000010.txt
SONIM TECHNOLOGIES INC,0001178697,10-K,2021-03-18,edgar/data/1178697/0001564590-21-014012.txt
"Paratek Pharmaceuticals, Inc.",0001178711,10-K,2021-03-29,edgar/data/1178711/0001564590-21-016154.txt
ComSovereign Holding Corp.,0001178727,10-K,2021-03-30,edgar/data/1178727/0001213900-21-018749.txt
"AMICUS THERAPEUTICS, INC.",0001178879,10-K,2021-03-01,edgar/data/1178879/0001178879-21-000004.txt
PROVIDENT FINANCIAL SERVICES INC,0001178970,10-K,2021-03-01,edgar/data/1178970/0001628280-21-003659.txt
"MOLINA HEALTHCARE, INC.",0001179929,10-K,2021-02-16,edgar/data/1179929/0001179929-21-000024.txt
HERBALIFE NUTRITION LTD.,0001180262,10-K,2021-02-17,edgar/data/1180262/0001193125-21-046519.txt
"Granite Falls Energy, LLC",0001181749,10-K,2021-02-16,edgar/data/1181749/0001558370-21-001054.txt
"VOLKSWAGEN AUTO LEASE/LOAN UNDERWRITTEN FUNDING, LLC",0001182534,10-K,2021-03-30,edgar/data/1182534/0001193125-21-098957.txt
"VOLKSWAGEN AUTO LEASE/LOAN UNDERWRITTEN FUNDING, LLC",0001182534,10-K,2021-03-30,edgar/data/1182534/0001193125-21-098969.txt
"VOLKSWAGEN AUTO LEASE/LOAN UNDERWRITTEN FUNDING, LLC",0001182534,10-K,2021-03-30,edgar/data/1182534/0001193125-21-098974.txt
"VOLKSWAGEN AUTO LEASE/LOAN UNDERWRITTEN FUNDING, LLC",0001182534,10-K,2021-03-30,edgar/data/1182534/0001193125-21-098978.txt
"VOLKSWAGEN AUTO LEASE/LOAN UNDERWRITTEN FUNDING, LLC",0001182534,10-K,2021-03-30,edgar/data/1182534/0001193125-21-098980.txt
"Molecular Templates, Inc.",0001183765,10-K,2021-03-19,edgar/data/1183765/0001564590-21-014250.txt
AEI INCOME & GROWTH FUND 25 LLC,0001185198,10-K,2021-03-30,edgar/data/1185198/0000894245-21-000020.txt
PRA GROUP INC,0001185348,10-K,2021-02-26,edgar/data/1185348/0001185348-21-000006.txt
ATEL CAPITAL EQUIPMENT FUND X LLC,0001186258,10-K,2021-03-30,edgar/data/1186258/0001558370-21-003674.txt
"CREATIVE MEDICAL TECHNOLOGY HOLDINGS, INC.",0001187953,10-K,2021-03-17,edgar/data/1187953/0001477932-21-001495.txt
GLAUKOS Corp,0001192448,10-K,2021-03-01,edgar/data/1192448/0001558370-21-002061.txt
ONCOR ELECTRIC DELIVERY CO LLC,0001193311,10-K,2021-02-25,edgar/data/1193311/0001193311-21-000006.txt
POTBELLY CORP,0001195734,10-K,2021-03-12,edgar/data/1195734/0001564590-21-012800.txt
NEPHROS INC,0001196298,10-K,2021-03-01,edgar/data/1196298/0001493152-21-005090.txt
HMS HOLDINGS CORP,0001196501,10-K,2021-02-26,edgar/data/1196501/0001196501-21-000008.txt
"Altegris Winton Futures Fund, L.P.",0001198415,10-K,2021-03-29,edgar/data/1198415/0001683168-21-001079.txt
"CODEXIS, INC.",0001200375,10-K,2021-03-01,edgar/data/1200375/0001200375-21-000021.txt
AMERICAN PUBLIC EDUCATION INC,0001201792,10-K,2021-03-09,edgar/data/1201792/0001201792-21-000003.txt
FLANIGANS ENTERPRISES INC,0000012040,10-K,2021-01-15,edgar/data/12040/0001174947-21-000029.txt
"VACCINEX, INC.",0001205922,10-K,2021-03-31,edgar/data/1205922/0001564590-21-016874.txt
"TEMPUR SEALY INTERNATIONAL, INC.",0001206264,10-K,2021-02-19,edgar/data/1206264/0001206264-21-000053.txt
Arlington Asset Investment Corp.,0001209028,10-K,2021-02-26,edgar/data/1209028/0001564590-21-009492.txt
CERES TACTICAL SYSTEMATIC L.P.,0001209709,10-K,2021-03-25,edgar/data/1209709/0001193125-21-093858.txt
"Hudson Global, Inc.",0001210708,10-K,2021-03-11,edgar/data/1210708/0001210708-21-000036.txt
FENNEC PHARMACEUTICALS INC.,0001211583,10-K,2021-03-30,edgar/data/1211583/0001104659-21-043756.txt
"My Size, Inc.",0001211805,10-K,2021-03-29,edgar/data/1211805/0001213900-21-018354.txt
PROOFPOINT INC,0001212458,10-K,2021-02-19,edgar/data/1212458/0001564590-21-006943.txt
WESTERN ALLIANCE BANCORPORATION,0001212545,10-K,2021-02-25,edgar/data/1212545/0001212545-21-000085.txt
"Cardiff Oncology, Inc.",0001213037,10-K,2021-02-25,edgar/data/1213037/0001628280-21-003277.txt
"BOQI International Medical, Inc.",0001213660,10-K,2021-03-31,edgar/data/1213660/0001213900-21-019186.txt
DYADIC INTERNATIONAL INC,0001213809,10-K,2021-03-30,edgar/data/1213809/0001437749-21-007644.txt
AXIS CAPITAL HOLDINGS LTD,0001214816,10-K,2021-02-26,edgar/data/1214816/0001214816-21-000014.txt
"CareDx, Inc.",0001217234,10-K,2021-02-24,edgar/data/1217234/0001217234-21-000046.txt
"Wize Pharma, Inc.",0001218683,10-K,2021-03-01,edgar/data/1218683/0001213900-21-012577.txt
CROWN HOLDINGS INC,0001219601,10-K,2021-02-26,edgar/data/1219601/0001219601-21-000005.txt
ModivCare Inc,0001220754,10-K,2021-03-01,edgar/data/1220754/0001220754-21-000008.txt
"BIO-RAD LABORATORIES, INC.",0000012208,10-K,2021-02-16,edgar/data/12208/0000012208-21-000012.txt
"RETAIL PROPERTIES OF AMERICA, INC.",0001222840,10-K,2021-02-17,edgar/data/1222840/0001222840-21-000006.txt
CONNS INC,0001223389,10-K,2021-03-31,edgar/data/1223389/0001223389-21-000025.txt
STRUCTURED OBLIGATIONS CORP SELECT NOTES TRUST LT SER 2003-1,0001223444,10-K,2021-03-16,edgar/data/1223444/0001068238-21-000070.txt
AIkido Pharma Inc.,0000012239,10-K,2021-03-25,edgar/data/12239/0001213900-21-017738.txt
MARCHEX INC,0001224133,10-K,2021-03-31,edgar/data/1224133/0001564590-21-017049.txt
"CNO Financial Group, Inc.",0001224608,10-K,2021-02-24,edgar/data/1224608/0001224608-21-000008.txt
IBM CREDIT LLC,0001225307,10-K,2021-02-26,edgar/data/1225307/0001558370-21-002014.txt
RFS HOLDING LLC,0001226006,10-K,2021-03-31,edgar/data/1226006/0001104659-21-044416.txt
MEDICINOVA INC,0001226616,10-K,2021-02-19,edgar/data/1226616/0001564590-21-006771.txt
NEOPHOTONICS CORP,0001227025,10-K,2021-02-25,edgar/data/1227025/0001227025-21-000034.txt
STRUCTURED OBLIGATIONS CORP SELECT NOTES TRUST LT SER 2003-2,0001227090,10-K,2021-03-16,edgar/data/1227090/0001068238-21-000071.txt
CERES ORION L.P.,0001227265,10-K,2021-03-25,edgar/data/1227265/0001193125-21-093743.txt
EQUITY BANCSHARES INC,0001227500,10-K,2021-03-09,edgar/data/1227500/0001564590-21-011800.txt
"Neuronetics, Inc.",0001227636,10-K,2021-03-02,edgar/data/1227636/0001564590-21-010320.txt
COMPASS MINERALS INTERNATIONAL INC,0001227654,10-K,2021-02-26,edgar/data/1227654/0001227654-21-000037.txt
BCB BANCORP INC,0001228454,10-K,2021-03-10,edgar/data/1228454/0001228454-21-000025.txt
"Ocuphire Pharma, Inc.",0001228627,10-K,2021-03-11,edgar/data/1228627/0001140361-21-008099.txt
KAANAPALI LAND LLC,0001230058,10-K,2021-03-25,edgar/data/1230058/0000892626-21-000007.txt
PIPER SANDLER COMPANIES,0001230245,10-K,2021-02-25,edgar/data/1230245/0001230245-21-000030.txt
Jazz Pharmaceuticals plc,0001232524,10-K,2021-02-23,edgar/data/1232524/0001232524-21-000016.txt
ASHFORD HOSPITALITY TRUST INC,0001232582,10-K,2021-03-16,edgar/data/1232582/0001232582-21-000060.txt
GLADSTONE COMMERCIAL CORP,0001234006,10-K,2021-02-16,edgar/data/1234006/0001234006-21-000004.txt
"SilverSun Technologies, Inc.",0001236275,10-K,2021-03-25,edgar/data/1236275/0001185185-21-000371.txt
GLOBUS MEDICAL INC,0001237831,10-K,2021-02-17,edgar/data/1237831/0001562762-21-000036.txt
LUNA INNOVATIONS INC,0001239819,10-K,2021-03-12,edgar/data/1239819/0001239819-21-000027.txt
"GI DYNAMICS, INC.",0001245791,10-K,2021-03-12,edgar/data/1245791/0001213900-21-014975.txt
"Apollo Endosurgery, Inc.",0001251769,10-K,2021-02-25,edgar/data/1251769/0001251769-21-000013.txt
"COLUMBIA PROPERTY TRUST, INC.",0001252849,10-K,2021-02-18,edgar/data/1252849/0001252849-21-000032.txt
VAPOTHERM INC,0001253176,10-K,2021-02-24,edgar/data/1253176/0001564590-21-008100.txt
GLYCOMIMETICS INC,0001253689,10-K,2021-03-02,edgar/data/1253689/0001558370-21-002222.txt
ARBOR REALTY TRUST INC,0001253986,10-K,2021-02-19,edgar/data/1253986/0001104659-21-025551.txt
QVC INC,0001254699,10-K,2021-02-26,edgar/data/1254699/0001254699-21-000005.txt
WHITING PETROLEUM CORP,0001255474,10-K,2021-02-25,edgar/data/1255474/0001255474-21-000009.txt
STRUCTURED OBLIGATIONS CORP LONG TERM CERT SER 2003 3,0001255604,10-K,2021-03-16,edgar/data/1255604/0001068238-21-000072.txt
KRONOS WORLDWIDE INC,0001257640,10-K,2021-03-10,edgar/data/1257640/0001564590-21-012064.txt
NELNET INC,0001258602,10-K,2021-02-25,edgar/data/1258602/0001258602-21-000027.txt
Oxford Square Capital Corp.,0001259429,10-K,2021-03-22,edgar/data/1259429/0001213900-21-016783.txt
HYUNDAI ABS FUNDING LLC,0001260125,10-K,2021-03-16,edgar/data/1260125/0001104659-21-037002.txt
HYUNDAI ABS FUNDING LLC,0001260125,10-K,2021-03-16,edgar/data/1260125/0001104659-21-037018.txt
HYUNDAI ABS FUNDING LLC,0001260125,10-K,2021-03-16,edgar/data/1260125/0001104659-21-037022.txt
HYUNDAI ABS FUNDING LLC,0001260125,10-K,2021-03-16,edgar/data/1260125/0001104659-21-037024.txt
HYUNDAI ABS FUNDING LLC,0001260125,10-K,2021-03-16,edgar/data/1260125/0001104659-21-037026.txt
HYUNDAI ABS FUNDING LLC,0001260125,10-K,2021-03-16,edgar/data/1260125/0001104659-21-037027.txt
HYUNDAI ABS FUNDING LLC,0001260125,10-K,2021-03-16,edgar/data/1260125/0001104659-21-037028.txt
HYUNDAI ABS FUNDING LLC,0001260125,10-K,2021-03-16,edgar/data/1260125/0001104659-21-037033.txt
HYUNDAI ABS FUNDING LLC,0001260125,10-K,2021-03-16,edgar/data/1260125/0001104659-21-037035.txt
HYUNDAI ABS FUNDING LLC,0001260125,10-K,2021-03-16,edgar/data/1260125/0001104659-21-037038.txt
MARLIN BUSINESS SERVICES CORP,0001260968,10-K,2021-03-05,edgar/data/1260968/0001562762-21-000101.txt
"Oncternal Therapeutics, Inc.",0001260990,10-K,2021-03-11,edgar/data/1260990/0001564590-21-012588.txt
AGILE THERAPEUTICS INC,0001261249,10-K,2021-03-01,edgar/data/1261249/0001558370-21-002163.txt
"DOCUSIGN, INC.",0001261333,10-K,2021-03-31,edgar/data/1261333/0001261333-21-000059.txt
Frontier Funds,0001261379,10-K,2021-03-31,edgar/data/1261379/0001213900-21-019183.txt
"Fortinet, Inc.",0001262039,10-K,2021-02-19,edgar/data/1262039/0001262039-21-000008.txt
WESTLAKE CHEMICAL CORP,0001262823,10-K,2021-02-24,edgar/data/1262823/0001262823-21-000023.txt
"SELECT BANCORP, INC.",0001263762,10-K,2021-03-11,edgar/data/1263762/0001558370-21-002822.txt
STRUCTURED OBLIGATIONS CORP LONG TERM CERTS SER 2003-4,0001264157,10-K,2021-03-16,edgar/data/1264157/0001068238-21-000073.txt
MONITRONICS INTERNATIONAL INC,0001265107,10-K,2021-03-19,edgar/data/1265107/0001265107-21-000019.txt
Hilltop Holdings Inc.,0001265131,10-K,2021-02-17,edgar/data/1265131/0001558370-21-001105.txt
SECOND SIGHT MEDICAL PRODUCTS INC,0001266806,10-K,2021-03-16,edgar/data/1266806/0001564590-21-013636.txt
LEHMAN ABS CORP BACKED TRUST CERTS SER 2001-8,0001266832,10-K,2021-03-30,edgar/data/1266832/0001193125-21-100210.txt
"ASSURANT, INC.",0001267238,10-K,2021-02-19,edgar/data/1267238/0001267238-21-000010.txt
MERRILL LYNCH DEPOSITOR INC INDEXPLUS TRUST SERIES 2003-1,0001267332,10-K,2021-03-25,edgar/data/1267332/0001174947-21-000300.txt
BCTC V ASSIGNOR CORP,0001267426,10-K,2021-03-25,edgar/data/1267426/0001104659-21-041527.txt
"COLLEGIUM PHARMACEUTICAL, INC",0001267565,10-K,2021-02-25,edgar/data/1267565/0001558370-21-001814.txt
ALIMERA SCIENCES INC,0001267602,10-K,2021-03-05,edgar/data/1267602/0001267602-21-000013.txt
MARINUS PHARMACEUTICALS INC,0001267813,10-K,2021-03-09,edgar/data/1267813/0001558370-21-002646.txt
"Sintx Technologies, Inc.",0001269026,10-K,2021-03-22,edgar/data/1269026/0001493152-21-006489.txt
STRUCTURED OBLIGATIONS CORP LONG TERM CERTS SER 2003-5,0001269371,10-K,2021-03-16,edgar/data/1269371/0001068238-21-000074.txt
"INTERCEPT PHARMACEUTICALS, INC.",0001270073,10-K,2021-02-25,edgar/data/1270073/0001558370-21-001804.txt
Cohen & Co Inc.,0001270436,10-K,2021-03-05,edgar/data/1270436/0001437749-21-005149.txt
"Intersect ENT, Inc.",0001271214,10-K,2021-03-09,edgar/data/1271214/0001271214-21-000017.txt
CCO HOLDINGS LLC,0001271833,10-K,2021-02-05,edgar/data/1271833/0001271833-21-000004.txt
CCO HOLDINGS CAPITAL CORP,0001271834,10-K,2021-02-05,edgar/data/1271834/0001271833-21-000004.txt
VONAGE HOLDINGS CORP,0001272830,10-K,2021-02-19,edgar/data/1272830/0001272830-21-000087.txt
AIRGAIN INC,0001272842,10-K,2021-02-19,edgar/data/1272842/0001193125-21-049098.txt
GRAN TIERRA ENERGY INC.,0001273441,10-K,2021-02-25,edgar/data/1273441/0001273441-21-000007.txt
NEW YORK MORTGAGE TRUST INC,0001273685,10-K,2021-02-26,edgar/data/1273685/0001273685-21-000032.txt
ASSURED GUARANTY LTD,0001273813,10-K,2021-02-26,edgar/data/1273813/0001273813-21-000004.txt
MONEYGRAM INTERNATIONAL INC,0001273931,10-K,2021-02-22,edgar/data/1273931/0001273931-21-000021.txt
JANUS HENDERSON GROUP PLC,0001274173,10-K,2021-02-24,edgar/data/1274173/0001558370-21-001617.txt
"FIRST SOLAR, INC.",0001274494,10-K,2021-02-26,edgar/data/1274494/0001628280-21-003343.txt
EXAGEN INC.,0001274737,10-K,2021-03-16,edgar/data/1274737/0001274737-21-000015.txt
MERRIMACK PHARMACEUTICALS INC,0001274792,10-K,2021-03-10,edgar/data/1274792/0001564590-21-012087.txt
"Ultra Clean Holdings, Inc.",0001275014,10-K,2021-02-23,edgar/data/1275014/0001564590-21-007569.txt
BANK OF THE JAMES FINANCIAL GROUP INC,0001275101,10-K,2021-03-29,edgar/data/1275101/0001193125-21-098128.txt
NOODLES & Co,0001275158,10-K,2021-02-26,edgar/data/1275158/0001275158-21-000015.txt
"BIMINI CAPITAL MANAGEMENT, INC.",0001275477,10-K,2021-03-15,edgar/data/1275477/0001518621-21-000043.txt
Energy Transfer LP,0001276187,10-K,2021-02-19,edgar/data/1276187/0001276187-21-000034.txt
GENWORTH FINANCIAL INC,0001276520,10-K,2021-02-26,edgar/data/1276520/0001193125-21-058267.txt
MVB FINANCIAL CORP,0001277902,10-K,2021-03-09,edgar/data/1277902/0001277902-21-000013.txt
MANUFACTURED HOUSING PROPERTIES INC.,0001277998,10-K,2021-03-31,edgar/data/1277998/0001213900-21-019353.txt
MARKETAXESS HOLDINGS INC,0001278021,10-K,2021-02-19,edgar/data/1278021/0001564590-21-006981.txt
"B&G Foods, Inc.",0001278027,10-K,2021-03-02,edgar/data/1278027/0001558370-21-002267.txt
ISHARES GOLD TRUST,0001278680,10-K,2021-03-01,edgar/data/1278680/0001437749-21-004602.txt
"Zoned Properties, Inc.",0001279620,10-K,2021-03-31,edgar/data/1279620/0001213900-21-018993.txt
UNIVERSAL BIOSENSORS INC,0001279695,10-K,2021-02-24,edgar/data/1279695/0001437749-21-003859.txt
"Cellectar Biosciences, Inc.",0001279704,10-K,2021-03-02,edgar/data/1279704/0001104659-21-030445.txt
"Wright Investors Service Holdings, Inc.",0001279715,10-K,2021-03-12,edgar/data/1279715/0001214659-21-003065.txt
BLACKBAUD INC,0001280058,10-K,2021-02-23,edgar/data/1280058/0001280058-21-000006.txt
AMBARELLA INC,0001280263,10-K,2021-03-31,edgar/data/1280263/0001564590-21-016988.txt
VetaNova Inc.,0001280396,10-K,2021-03-26,edgar/data/1280396/0001493152-21-006857.txt
MONOLITHIC POWER SYSTEMS INC,0001280452,10-K,2021-03-01,edgar/data/1280452/0001437749-21-004587.txt
ACCELERON PHARMA INC,0001280600,10-K,2021-02-25,edgar/data/1280600/0001280600-21-000017.txt
"IMMUNIC, INC.",0001280776,10-K,2021-02-26,edgar/data/1280776/0001280776-21-000009.txt
"Hercules Capital, Inc.",0001280784,10-K,2021-02-23,edgar/data/1280784/0001564590-21-007594.txt
REGIONS FINANCIAL CORP,0001281761,10-K,2021-02-24,edgar/data/1281761/0001281761-21-000012.txt
"ROCKET PHARMACEUTICALS, INC.",0001281895,10-K,2021-03-01,edgar/data/1281895/0001140361-21-006677.txt
"Social Life Network, Inc.",0001281984,10-K,2021-03-31,edgar/data/1281984/0001493152-21-007516.txt
NETLIST INC,0001282631,10-K,2021-03-26,edgar/data/1282631/0001558370-21-003540.txt
NEWMARKET CORP,0001282637,10-K,2021-02-16,edgar/data/1282637/0001282637-21-000004.txt
BATTALION OIL CORP,0001282648,10-K,2021-03-08,edgar/data/1282648/0001558370-21-002578.txt
WORLD FINANCIAL NETWORK CREDIT CARD MASTER NOTE TRUST,0001282663,10-K,2021-03-22,edgar/data/1282663/0001101215-21-000043.txt
GREENHILL & CO INC,0001282977,10-K,2021-02-26,edgar/data/1282977/0001282977-21-000010.txt
NOVINT TECHNOLOGIES INC,0001282980,10-K,2021-03-24,edgar/data/1282980/0001387131-21-003819.txt
HOLLY ENERGY PARTNERS LP,0001283140,10-K,2021-02-24,edgar/data/1283140/0001283140-21-000012.txt
STRUCTURED PRODUCTS CORP CRED ENHANCE CORTS TR FOR AON CAP A,0001283337,10-K,2021-02-25,edgar/data/1283337/0001068238-21-000058.txt
STRUCTURED PRODUCTS CORP TIERS PRI PRO CER TR SE FFH 2001-12,0001283450,10-K,2021-02-25,edgar/data/1283450/0001068238-21-000057.txt
STRUCTURED PRODUCTS CORP CORTS TR FOR PECO ENERGY CAP TR III,0001283464,10-K,2021-02-25,edgar/data/1283464/0001068238-21-000059.txt
STRUCTURED PRODUCTS CORTS TRUST FOR JC PENNEY DEBENTURES,0001283602,10-K,2021-02-25,edgar/data/1283602/0001068238-21-000056.txt
AMERICAN CAMPUS COMMUNITIES INC,0001283630,10-K,2021-02-26,edgar/data/1283630/0001283630-21-000048.txt
"T-Mobile US, Inc.",0001283699,10-K,2021-02-23,edgar/data/1283699/0001283699-21-000039.txt
LEHMAN ABS CORP GOLDMAN SACHS CAP 1 SEC BACKED SER 2004-6,0001284143,10-K,2021-03-30,edgar/data/1284143/0001193125-21-100252.txt
MADISON AVE HOLDINGS INC,0001284196,10-K,2021-03-30,edgar/data/1284196/0001437749-21-007538.txt
"COHEN & STEERS, INC.",0001284812,10-K,2021-02-26,edgar/data/1284812/0001284812-21-000150.txt
"ClearPoint Neuro, Inc.",0001285550,10-K,2021-03-22,edgar/data/1285550/0001171520-21-000138.txt
MOSAIC CO,0001285785,10-K,2021-02-22,edgar/data/1285785/0001618034-21-000003.txt
OMEROS CORP,0001285819,10-K,2021-03-01,edgar/data/1285819/0001558370-21-002177.txt
KITE REALTY GROUP TRUST,0001286043,10-K,2021-02-22,edgar/data/1286043/0001286043-21-000034.txt
"RealPage, Inc.",0001286225,10-K,2021-03-01,edgar/data/1286225/0001286225-21-000007.txt
STRATS SM TRUST FOR U S CELL CORP SEC SERIES 2004 6,0001286405,10-K,2021-03-30,edgar/data/1286405/0001387131-21-003983.txt
LINCOLN EDUCATIONAL SERVICES CORP,0001286613,10-K,2021-03-09,edgar/data/1286613/0001140361-21-007700.txt
DOMINOS PIZZA INC,0001286681,10-K,2021-02-25,edgar/data/1286681/0001193125-21-055734.txt
"Heron Lake BioEnergy, LLC",0001286964,10-K,2021-02-16,edgar/data/1286964/0001558370-21-001050.txt
"DOUGLAS DYNAMICS, INC",0001287213,10-K,2021-02-23,edgar/data/1287213/0001558370-21-001470.txt
ARES CAPITAL CORP,0001287750,10-K,2021-02-10,edgar/data/1287750/0001287750-21-000005.txt
"Hill International, Inc.",0001287808,10-K,2021-03-16,edgar/data/1287808/0001287808-21-000008.txt
MEDICAL PROPERTIES TRUST INC,0001287865,10-K,2021-03-01,edgar/data/1287865/0001564590-21-009901.txt
OTELCO INC.,0001288359,10-K,2021-03-16,edgar/data/1288359/0001104659-21-037194.txt
W&T OFFSHORE INC,0001288403,10-K,2021-03-04,edgar/data/1288403/0001437749-21-005032.txt
MAXLINEAR INC,0001288469,10-K,2021-02-11,edgar/data/1288469/0001288469-21-000013.txt
Timberline Resources Corp,0001288750,10-K,2021-01-13,edgar/data/1288750/0001052918-21-000009.txt
"Five9, Inc.",0001288847,10-K,2021-03-01,edgar/data/1288847/0001288847-21-000029.txt
"OptimumBank Holdings, Inc.",0001288855,10-K,2021-03-25,edgar/data/1288855/0001493152-21-006774.txt
"U. S. Premium Beef, LLC",0001289237,10-K,2021-03-05,edgar/data/1289237/0001003297-21-000023.txt
"Stereotaxis, Inc.",0001289340,10-K,2021-03-12,edgar/data/1289340/0001493152-21-005868.txt
"Morningstar, Inc.",0001289419,10-K,2021-02-26,edgar/data/1289419/0001289419-21-000039.txt
"Texas Roadhouse, Inc.",0001289460,10-K,2021-02-26,edgar/data/1289460/0001558370-21-001970.txt
Extra Space Storage Inc.,0001289490,10-K,2021-02-26,edgar/data/1289490/0001628280-21-003458.txt
PROFIRE ENERGY INC,0001289636,10-K,2021-03-10,edgar/data/1289636/0001289636-21-000005.txt
Macquarie Infrastructure Corp,0001289790,10-K,2021-02-17,edgar/data/1289790/0001628280-21-002304.txt
Huron Consulting Group Inc.,0001289848,10-K,2021-02-23,edgar/data/1289848/0001289848-21-000009.txt
"NeuroMetrix, Inc.",0001289850,10-K,2021-01-29,edgar/data/1289850/0001628280-21-001059.txt
"Spok Holdings, Inc",0001289945,10-K,2021-02-18,edgar/data/1289945/0001289945-21-000007.txt
Synchrony Credit Card Master Note Trust,0001290098,10-K,2021-03-31,edgar/data/1290098/0001104659-21-044416.txt
"Sierra Oncology, Inc.",0001290149,10-K,2021-03-11,edgar/data/1290149/0001564590-21-012234.txt
Village Bank & Trust Financial Corp.,0001290476,10-K,2021-03-19,edgar/data/1290476/0001104659-21-039119.txt
"Turning Point Brands, Inc.",0001290677,10-K,2021-02-19,edgar/data/1290677/0001140361-21-005505.txt
"Commercial Vehicle Group, Inc.",0001290900,10-K,2021-03-09,edgar/data/1290900/0001628280-21-004275.txt
INVIVO THERAPEUTICS HOLDINGS CORP.,0001292519,10-K,2021-03-01,edgar/data/1292519/0001558370-21-002156.txt
BOEING CO,0000012927,10-K,2021-02-01,edgar/data/12927/0000012927-21-000011.txt
Select Notes Trust LT 2004-1,0001293234,10-K,2021-03-16,edgar/data/1293234/0001068238-21-000075.txt
TechTarget Inc,0001293282,10-K,2021-03-01,edgar/data/1293282/0001564590-21-009906.txt
"HUMANIGEN, INC",0001293310,10-K,2021-03-10,edgar/data/1293310/0001214659-21-002990.txt
OPGEN INC,0001293818,10-K,2021-03-29,edgar/data/1293818/0001079973-21-000195.txt
"bluebird bio, Inc.",0001293971,10-K,2021-02-23,edgar/data/1293971/0001293971-21-000013.txt
Inogen Inc,0001294133,10-K,2021-02-24,edgar/data/1294133/0001564590-21-008106.txt
PPLUS Trust Series GSC-2,0001294808,10-K,2021-03-25,edgar/data/1294808/0001174947-21-000302.txt
"Bancorp, Inc.",0001295401,10-K,2021-03-15,edgar/data/1295401/0001562762-21-000119.txt
"Sunstone Hotel Investors, Inc.",0001295810,10-K,2021-02-12,edgar/data/1295810/0001558370-21-000947.txt
QUANTUM ENERGY INC.,0001295961,10-K,2021-01-25,edgar/data/1295961/0001437749-21-001123.txt
Neenah Inc,0001296435,10-K,2021-02-19,edgar/data/1296435/0001296435-21-000038.txt
"ORMAT TECHNOLOGIES, INC.",0001296445,10-K,2021-02-26,edgar/data/1296445/0001437749-21-004274.txt
"Lightstone Value Plus Real Estate Investment Trust, Inc.",0001296884,10-K,2021-03-19,edgar/data/1296884/0001829126-21-001643.txt
"Amphastar Pharmaceuticals, Inc.",0001297184,10-K,2021-03-15,edgar/data/1297184/0001297184-21-000008.txt
"ExlService Holdings, Inc.",0001297989,10-K,2021-02-25,edgar/data/1297989/0001297989-21-000004.txt
"DIGITAL REALTY TRUST, INC.",0001297996,10-K,2021-03-01,edgar/data/1297996/0001558370-21-002191.txt
CubeSmart,0001298675,10-K,2021-02-26,edgar/data/1298675/0001298675-21-000006.txt
DiamondRock Hospitality Co,0001298946,10-K,2021-03-01,edgar/data/1298946/0001298946-21-000013.txt
"PACIFIC BIOSCIENCES OF CALIFORNIA, INC.",0001299130,10-K,2021-02-26,edgar/data/1299130/0001299130-21-000098.txt
"Comstock Holding Companies, Inc.",0001299969,10-K,2021-03-31,edgar/data/1299969/0001299969-21-000002.txt
"CubeSmart, L.P.",0001300485,10-K,2021-02-26,edgar/data/1300485/0001298675-21-000006.txt
LAS VEGAS SANDS CORP,0001300514,10-K,2021-02-05,edgar/data/1300514/0001300514-21-000033.txt
"Athenex, Inc.",0001300699,10-K,2021-03-01,edgar/data/1300699/0001564590-21-009879.txt
Sotherly Hotels Inc.,0001301236,10-K,2021-03-24,edgar/data/1301236/0001564590-21-015129.txt
BlueLinx Holdings Inc.,0001301787,10-K,2021-03-03,edgar/data/1301787/0001301787-21-000013.txt
"Manitex International, Inc.",0001302028,10-K,2021-03-11,edgar/data/1302028/0001564590-21-012572.txt
JMP GROUP LLC,0001302350,10-K,2021-03-29,edgar/data/1302350/0001437749-21-007495.txt
"LHC Group, Inc",0001303313,10-K,2021-02-26,edgar/data/1303313/0001303313-21-000009.txt
BankFinancial CORP,0001303942,10-K,2021-02-25,edgar/data/1303942/0001437749-21-004119.txt
"Pharma-Bio Serv, Inc.",0001304161,10-K,2021-02-01,edgar/data/1304161/0001654954-21-000973.txt
ATHENA GOLD CORP,0001304409,10-K,2021-02-26,edgar/data/1304409/0001683168-21-000721.txt
"Consolidated Communications Holdings, Inc.",0001304421,10-K,2021-02-26,edgar/data/1304421/0001558370-21-001947.txt
Crestwood Midstream Partners LP,0001304464,10-K,2021-02-26,edgar/data/1304464/0001136352-21-000003.txt
"ARC DOCUMENT SOLUTIONS, INC.",0001305168,10-K,2021-02-24,edgar/data/1305168/0001305168-21-000020.txt
"Eiger BioPharmaceuticals, Inc.",0001305253,10-K,2021-03-09,edgar/data/1305253/0001564590-21-011758.txt
Zovio Inc,0001305323,10-K,2021-02-24,edgar/data/1305323/0001305323-21-000013.txt
Conformis Inc,0001305773,10-K,2021-03-04,edgar/data/1305773/0001305773-21-000017.txt
Celanese Corp,0001306830,10-K,2021-02-11,edgar/data/1306830/0001306830-21-000020.txt
LIQTECH INTERNATIONAL INC,0001307579,10-K,2021-03-31,edgar/data/1307579/0001437749-21-007884.txt
"Healthtech Solutions, Inc./UT",0001307624,10-K,2021-03-02,edgar/data/1307624/0001262463-21-000053.txt
InvenTrust Properties Corp.,0001307748,10-K,2021-02-19,edgar/data/1307748/0001307748-21-000026.txt
Huntsman CORP,0001307954,10-K,2021-02-12,edgar/data/1307954/0001437749-21-002772.txt
"UNIVERSAL LOGISTICS HOLDINGS, INC.",0001308208,10-K,2021-03-16,edgar/data/1308208/0001564590-21-013627.txt
"SPIRIT REALTY CAPITAL, INC.",0001308606,10-K,2021-02-19,edgar/data/1308606/0001193125-21-048278.txt
WEX Inc.,0001309108,10-K,2021-03-01,edgar/data/1309108/0001309108-21-000018.txt
Green Plains Inc.,0001309402,10-K,2021-02-16,edgar/data/1309402/0001309402-21-000014.txt
"SERVICESOURCE INTERNATIONAL, INC.",0001310114,10-K,2021-02-24,edgar/data/1310114/0001310114-21-000010.txt
"Summit Healthcare REIT, Inc",0001310383,10-K,2021-03-29,edgar/data/1310383/0001104659-21-042620.txt
"BIOFORCE NANOSCIENCES HOLDINGS, INC.",0001310488,10-K,2021-02-16,edgar/data/1310488/0001091818-21-000016.txt
Lazard Ltd,0001311370,10-K,2021-02-26,edgar/data/1311370/0001564590-21-009197.txt
"Yacht Finders, Inc.",0001311673,10-K,2021-02-18,edgar/data/1311673/0001493152-21-004251.txt
Silvergate Capital Corp,0001312109,10-K,2021-03-08,edgar/data/1312109/0001312109-21-000057.txt
BRIGHTCOVE INC,0001313275,10-K,2021-02-24,edgar/data/1313275/0001193125-21-054722.txt
SOTHERLY HOTELS LP,0001313536,10-K,2021-03-24,edgar/data/1313536/0001564590-21-015129.txt
"EyePoint Pharmaceuticals, Inc.",0001314102,10-K,2021-03-12,edgar/data/1314102/0001564590-21-012894.txt
"Jones Lang LaSalle Income Property Trust, Inc.",0001314152,10-K,2021-03-12,edgar/data/1314152/0001314152-21-000040.txt
"OLB GROUP, INC.",0001314196,10-K,2021-03-30,edgar/data/1314196/0001213900-21-018415.txt
"Summer Infant, Inc.",0001314772,10-K,2021-03-16,edgar/data/1314772/0001104659-21-037157.txt
Ridgewood Energy O Fund LLC,0001315061,10-K,2021-03-02,edgar/data/1315061/0001214659-21-002588.txt
Koppers Holdings Inc.,0001315257,10-K,2021-02-24,edgar/data/1315257/0001564590-21-007979.txt
"PARKE BANCORP, INC.",0001315399,10-K,2021-03-31,edgar/data/1315399/0001315399-21-000004.txt
"Galaxy Gaming, Inc.",0000013156,10-K,2021-03-31,edgar/data/13156/0001564590-21-016756.txt
"Kandi Technologies Group, Inc.",0001316517,10-K,2021-03-30,edgar/data/1316517/0001213900-21-018480.txt
"Builders FirstSource, Inc.",0001316835,10-K,2021-02-26,edgar/data/1316835/0001564590-21-009308.txt
Federal Home Loan Bank of San Francisco,0001316944,10-K,2021-03-12,edgar/data/1316944/0001316944-21-000049.txt
ITC Holdings Corp.,0001317630,10-K,2021-02-12,edgar/data/1317630/0001317630-21-000008.txt
"SIGNET INTERNATIONAL HOLDINGS, INC.",0001317833,10-K,2021-03-26,edgar/data/1317833/0001213900-21-017969.txt
"Omega Flex, Inc.",0001317945,10-K,2021-03-08,edgar/data/1317945/0001493152-21-005544.txt
Zumiez Inc,0001318008,10-K,2021-03-15,edgar/data/1318008/0001564590-21-013144.txt
"Core-Mark Holding Company, Inc.",0001318084,10-K,2021-03-01,edgar/data/1318084/0001318084-21-000012.txt
"Waste Connections, Inc.",0001318220,10-K,2021-02-18,edgar/data/1318220/0001558370-21-001174.txt
Everi Holdings Inc.,0001318568,10-K,2021-03-15,edgar/data/1318568/0001318568-21-000035.txt
"Tesla, Inc.",0001318605,10-K,2021-02-08,edgar/data/1318605/0001564590-21-004599.txt
CLEVELAND BIOLABS INC,0001318641,10-K,2021-03-22,edgar/data/1318641/0001437749-21-006758.txt
NCL CORP Ltd.,0001318742,10-K,2021-02-26,edgar/data/1318742/0001558370-21-002005.txt
TransMontaigne Partners LLC,0001319229,10-K,2021-03-05,edgar/data/1319229/0001558370-21-002463.txt
Lode-Star Mining Inc.,0001319643,10-K,2021-03-29,edgar/data/1319643/0001199835-21-000167.txt
Designer Brands Inc.,0001319947,10-K,2021-03-22,edgar/data/1319947/0001319947-21-000010.txt
"LENSAR, Inc.",0001320350,10-K,2021-03-12,edgar/data/1320350/0001564590-21-012594.txt
SELECT MEDICAL HOLDINGS CORP,0001320414,10-K,2021-02-25,edgar/data/1320414/0001628280-21-003313.txt
Cooper-Standard Holdings Inc.,0001320461,10-K,2021-02-22,edgar/data/1320461/0001320461-21-000045.txt
"TreeHouse Foods, Inc.",0001320695,10-K,2021-02-11,edgar/data/1320695/0001320695-21-000012.txt
"TSS, Inc.",0001320760,10-K,2021-03-29,edgar/data/1320760/0001437749-21-007443.txt
"FreightCar America, Inc.",0001320854,10-K,2021-03-24,edgar/data/1320854/0001562762-21-000129.txt
Kraton Corp,0001321646,10-K,2021-02-26,edgar/data/1321646/0001321646-21-000031.txt
Palantir Technologies Inc.,0001321655,10-K,2021-02-26,edgar/data/1321655/0001193125-21-060650.txt
Penumbra Inc,0001321732,10-K,2021-02-23,edgar/data/1321732/0001628280-21-002867.txt
Data Call Technologies,0001321828,10-K,2021-03-19,edgar/data/1321828/0001493152-21-006430.txt
"Akers Biosciences, Inc.",0001321834,10-K,2021-03-01,edgar/data/1321834/0001493152-21-005129.txt
Eagle Bulk Shipping Inc.,0001322439,10-K,2021-03-12,edgar/data/1322439/0001628280-21-004645.txt
"ALBIREO PHARMA, INC.",0001322505,10-K,2021-02-25,edgar/data/1322505/0001558370-21-001730.txt
GLOBAL PARTNERS LP,0001323468,10-K,2021-03-05,edgar/data/1323468/0001558370-21-002439.txt
Community Bankers Trust Corp,0001323648,10-K,2021-03-15,edgar/data/1323648/0001558370-21-003007.txt
"AtriCure, Inc.",0001323885,10-K,2021-02-26,edgar/data/1323885/0001323885-21-000011.txt
HEXION INC.,0000013239,10-K,2021-03-10,edgar/data/13239/0000013239-21-000005.txt
"Ruths Hospitality Group, Inc.",0001324272,10-K,2021-03-05,edgar/data/1324272/0001564590-21-011297.txt
"CF Industries Holdings, Inc.",0001324404,10-K,2021-02-24,edgar/data/1324404/0001324404-21-000008.txt
"Expedia Group, Inc.",0001324424,10-K,2021-02-12,edgar/data/1324424/0001324424-21-000015.txt
IRADIMED CORP,0001325618,10-K,2021-03-05,edgar/data/1325618/0001104659-21-032380.txt
Southern National Bancorp of Virginia Inc,0001325670,10-K,2021-03-16,edgar/data/1325670/0001558370-21-003093.txt
Ceres Tactical Commodity L.P.,0001325676,10-K,2021-03-25,edgar/data/1325676/0001193125-21-093815.txt
MAGNACHIP SEMICONDUCTOR Corp,0001325702,10-K,2021-03-09,edgar/data/1325702/0001193125-21-073817.txt
Federal Home Loan Bank of Des Moines,0001325814,10-K,2021-03-10,edgar/data/1325814/0001325814-21-000022.txt
Federal Home Loan Bank of Topeka,0001325878,10-K,2021-03-18,edgar/data/1325878/0001325878-21-000008.txt
"AVEO PHARMACEUTICALS, INC.",0001325879,10-K,2021-03-16,edgar/data/1325879/0001564590-21-013607.txt
"Lightwave Logic, Inc.",0001325964,10-K,2021-03-31,edgar/data/1325964/0001553350-21-000261.txt
BlackRock Capital Investment Corp,0001326003,10-K,2021-03-03,edgar/data/1326003/0001564590-21-010566.txt
Sundance Energy Inc.,0001326089,10-K,2021-03-31,edgar/data/1326089/0001558370-21-003806.txt
"NantKwest, Inc.",0001326110,10-K,2021-03-04,edgar/data/1326110/0001564590-21-010945.txt
Lazard Group LLC,0001326141,10-K,2021-02-26,edgar/data/1326141/0001564590-21-009202.txt
Duke Energy CORP,0001326160,10-K,2021-02-25,edgar/data/1326160/0001326160-21-000063.txt
"Altimmune, Inc.",0001326190,10-K,2021-02-25,edgar/data/1326190/0001564590-21-008422.txt
GENCO SHIPPING & TRADING LTD,0001326200,10-K,2021-02-24,edgar/data/1326200/0001558370-21-001621.txt
AEI Income & Growth Fund 26 LLC,0001326321,10-K,2021-03-30,edgar/data/1326321/0000894245-21-000021.txt
GameStop Corp.,0001326380,10-K,2021-03-23,edgar/data/1326380/0001326380-21-000032.txt
Xencor Inc,0001326732,10-K,2021-02-24,edgar/data/1326732/0001558370-21-001522.txt
Federal Home Loan Bank of Cincinnati,0001326771,10-K,2021-03-18,edgar/data/1326771/0001326771-21-000030.txt
Facebook Inc,0001326801,10-K,2021-01-28,edgar/data/1326801/0001326801-21-000014.txt
"United States Oil Fund, LP",0001327068,10-K,2021-02-26,edgar/data/1327068/0001104659-21-029202.txt
"Lyra Therapeutics, Inc.",0001327273,10-K,2021-03-09,edgar/data/1327273/0001564590-21-011767.txt
"TrueCar, Inc.",0001327318,10-K,2021-03-05,edgar/data/1327318/0001327318-21-000019.txt
First Western Financial Inc,0001327607,10-K,2021-03-12,edgar/data/1327607/0001558370-21-002919.txt
"Workday, Inc.",0001327811,10-K,2021-03-02,edgar/data/1327811/0001327811-21-000020.txt
Black Creek Diversified Property Fund Inc.,0001327978,10-K,2021-03-05,edgar/data/1327978/0001558370-21-002442.txt
Adamas Pharmaceuticals Inc,0001328143,10-K,2021-02-23,edgar/data/1328143/0001328143-21-000019.txt
Invesco DB Commodity Index Tracking Fund,0001328237,10-K,2021-02-26,edgar/data/1328237/0001564590-21-009012.txt
BOISE CASCADE Co,0001328581,10-K,2021-02-22,edgar/data/1328581/0001328581-21-000011.txt
Invesco CurrencyShares Euro Trust,0001328598,10-K,2021-02-26,edgar/data/1328598/0001564590-21-009041.txt
"STRATS(SM) Trust For Goldman Sachs Capital I Securities, Series 2005-1",0001328989,10-K,2021-03-30,edgar/data/1328989/0001387131-21-003985.txt
Federal Home Loan Bank of New York,0001329842,10-K,2021-03-19,edgar/data/1329842/0001104659-21-039199.txt
Federal Home Loan Bank of Pittsburgh,0001330399,10-K,2021-03-09,edgar/data/1330399/0001330399-21-000010.txt
iShares Silver Trust,0001330568,10-K,2021-03-01,edgar/data/1330568/0001437749-21-004600.txt
Federal Home Loan Bank of Chicago,0001331451,10-K,2021-03-09,edgar/data/1331451/0001331451-21-000051.txt
Federal Home Loan Bank of Boston,0001331463,10-K,2021-03-19,edgar/data/1331463/0001331463-21-000052.txt
Federal Home Loan Bank of Atlanta,0001331465,10-K,2021-03-04,edgar/data/1331465/0001331465-21-000035.txt
HOME BANCSHARES INC,0001331520,10-K,2021-02-26,edgar/data/1331520/0001564590-21-009329.txt
"Fresh Harvest Products, Inc.",0001331612,10-K,2021-02-01,edgar/data/1331612/0001477932-21-000541.txt
"Fresh Harvest Products, Inc.",0001331612,10-K,2021-02-01,edgar/data/1331612/0001477932-21-000564.txt
"Fresh Harvest Products, Inc.",0001331612,10-K,2021-02-01,edgar/data/1331612/0001477932-21-000572.txt
Federal Home Loan Bank of Indianapolis,0001331754,10-K,2021-03-10,edgar/data/1331754/0001331754-21-000050.txt
Federal Home Loan Bank of Dallas,0001331757,10-K,2021-03-24,edgar/data/1331757/0001331757-21-000011.txt
"Fidelity National Financial, Inc.",0001331875,10-K,2021-03-01,edgar/data/1331875/0001331875-21-000015.txt
iShares S&P GSCI Commodity-Indexed Trust,0001332174,10-K,2021-03-01,edgar/data/1332174/0001437749-21-004601.txt
Brookdale Senior Living Inc.,0001332349,10-K,2021-02-25,edgar/data/1332349/0001332349-21-000045.txt
ACRES Commercial Realty Corp.,0001332551,10-K,2021-03-12,edgar/data/1332551/0001564590-21-012662.txt
MERCER INTERNATIONAL INC.,0001333274,10-K,2021-02-16,edgar/data/1333274/0001564590-21-006106.txt
"eHealth, Inc.",0001333493,10-K,2021-02-26,edgar/data/1333493/0001333493-21-000019.txt
Casa Systems Inc,0001333835,10-K,2021-02-25,edgar/data/1333835/0001564590-21-008842.txt
"Equitable Holdings, Inc.",0001333986,10-K,2021-02-24,edgar/data/1333986/0001333986-21-000011.txt
"Crocs, Inc.",0001334036,10-K,2021-02-23,edgar/data/1334036/0001334036-21-000035.txt
"Coda Octopus Group, Inc.",0001334325,10-K,2021-01-28,edgar/data/1334325/0001493152-21-001943.txt
"Clear Channel Outdoor Holdings, Inc.",0001334978,10-K,2021-02-25,edgar/data/1334978/0001334978-21-000007.txt
"LIXTE BIOTECHNOLOGY HOLDINGS, INC.",0001335105,10-K,2021-03-26,edgar/data/1335105/0001493152-21-006882.txt
"LOGIQ, INC.",0001335112,10-K,2021-03-31,edgar/data/1335112/0001213900-21-018884.txt
"Live Nation Entertainment, Inc.",0001335258,10-K,2021-03-01,edgar/data/1335258/0001335258-21-000009.txt
"Boardwalk Pipeline Partners, LP",0001336047,10-K,2021-02-09,edgar/data/1336047/0001336047-21-000009.txt
"Under Armour, Inc.",0001336917,10-K,2021-02-24,edgar/data/1336917/0001336917-21-000009.txt
"Leidos Holdings, Inc.",0001336920,10-K,2021-02-23,edgar/data/1336920/0001336920-21-000010.txt
"InfuSystem Holdings, Inc",0001337013,10-K,2021-03-22,edgar/data/1337013/0001437749-21-006778.txt
FutureFuel Corp.,0001337298,10-K,2021-03-16,edgar/data/1337298/0001437749-21-006178.txt
NSTAR ELECTRIC CO,0000013372,10-K,2021-02-17,edgar/data/13372/0000072741-21-000005.txt
AERIE PHARMACEUTICALS INC,0001337553,10-K,2021-02-26,edgar/data/1337553/0001628280-21-003345.txt
"ENVESTNET, INC.",0001337619,10-K,2021-02-26,edgar/data/1337619/0001628280-21-003457.txt
"DCP Midstream, LP",0001338065,10-K,2021-02-19,edgar/data/1338065/0001338065-21-000010.txt
RIDGEWOOD ENERGY Q FUND LLC,0001338474,10-K,2021-03-02,edgar/data/1338474/0001214659-21-002589.txt
POTLATCHDELTIC CORP,0001338749,10-K,2021-02-18,edgar/data/1338749/0001564590-21-006637.txt
"CHIASMA, INC",0001339469,10-K,2021-03-04,edgar/data/1339469/0001564590-21-010965.txt
"H&E Equipment Services, Inc.",0001339605,10-K,2021-02-17,edgar/data/1339605/0001564590-21-006374.txt
STRATS SM TRUST FOR Goldman Sachs Cap I SEC SERIES 2005-3,0001339920,10-K,2021-03-30,edgar/data/1339920/0001387131-21-003987.txt
aTYR PHARMA INC,0001339970,10-K,2021-03-24,edgar/data/1339970/0001564590-21-014940.txt
"Calumet Specialty Products Partners, L.P.",0001340122,10-K,2021-03-03,edgar/data/1340122/0001340122-21-000035.txt
DIRTT ENVIRONMENTAL SOLUTIONS LTD,0001340476,10-K,2021-02-24,edgar/data/1340476/0001564590-21-008164.txt
"ChemoCentryx, Inc.",0001340652,10-K,2021-03-01,edgar/data/1340652/0001564590-21-009883.txt
"STRATS SM TRUST FOR WAL-MART STORES, INC. SECURITIES, SERIES 2005-4",0001340909,10-K,2021-03-30,edgar/data/1340909/0001387131-21-003989.txt
"CatchMark Timber Trust, Inc.",0001341141,10-K,2021-02-26,edgar/data/1341141/0001341141-21-000011.txt
"Aldeyra Therapeutics, Inc.",0001341235,10-K,2021-03-11,edgar/data/1341235/0001564590-21-012501.txt
Bridgewater Bancshares Inc,0001341317,10-K,2021-03-11,edgar/data/1341317/0001558370-21-002761.txt
"LAKE SHORE BANCORP, INC.",0001341318,10-K,2021-03-29,edgar/data/1341318/0001341318-21-000018.txt
"Celsius Holdings, Inc.",0001341766,10-K,2021-03-11,edgar/data/1341766/0001829126-21-001412.txt
Limoneira CO,0001342423,10-K,2021-01-14,edgar/data/1342423/0001342423-21-000006.txt
"Advanced Voice Recognition Systems, Inc",0001342936,10-K,2021-03-31,edgar/data/1342936/0001376474-21-000115.txt
DIGITAL ALLY INC,0001342958,10-K,2021-03-31,edgar/data/1342958/0001493152-21-007505.txt
"STRATS(SM) TRUST FOR DOMINION RESOURCES, INC. SECURITIES, SERIES 2005-6",0001343491,10-K,2021-03-30,edgar/data/1343491/0001387131-21-003991.txt
YELP INC,0001345016,10-K,2021-02-26,edgar/data/1345016/0001345016-21-000015.txt
Compass Group Diversified Holdings LLC,0001345122,10-K,2021-02-24,edgar/data/1345122/0001345126-21-000007.txt
Compass Diversified Holdings,0001345126,10-K,2021-02-24,edgar/data/1345126/0001345126-21-000007.txt
XERIS PHARMACEUTICALS INC,0001346302,10-K,2021-03-09,edgar/data/1346302/0001346302-21-000026.txt
"CMG HOLDINGS GROUP, INC.",0001346655,10-K,2021-03-31,edgar/data/1346655/0001017386-21-000080.txt
"Cara Therapeutics, Inc.",0001346830,10-K,2021-02-25,edgar/data/1346830/0001558370-21-001839.txt
Vanda Pharmaceuticals Inc.,0001347178,10-K,2021-02-11,edgar/data/1347178/0001347178-21-000005.txt
"CorEnergy Infrastructure Trust, Inc.",0001347652,10-K,2021-03-04,edgar/data/1347652/0001347652-21-000014.txt
"22nd Century Group, Inc.",0001347858,10-K,2021-03-11,edgar/data/1347858/0001558370-21-002771.txt
"AVALARA, INC.",0001348036,10-K,2021-02-25,edgar/data/1348036/0001564590-21-008919.txt
"ENTERGY LOUISIANA, LLC",0001348952,10-K,2021-02-26,edgar/data/1348952/0000065984-21-000096.txt
SANDRIDGE ENERGY INC,0001349436,10-K,2021-03-04,edgar/data/1349436/0001628280-21-003933.txt
MS STRUCTURED TILES SERIES 2006-1,0001349577,10-K,2021-03-24,edgar/data/1349577/0000903423-21-000016.txt
"CANCER GENETICS, INC",0001349929,10-K,2021-03-31,edgar/data/1349929/0001349929-21-000004.txt
"Ascent Solar Technologies, Inc.",0001350102,10-K,2021-01-29,edgar/data/1350102/0001564590-21-003381.txt
"Alphatec Holdings, Inc.",0001350653,10-K,2021-03-05,edgar/data/1350653/0001564590-21-011278.txt
"Genesis Healthcare, Inc.",0001351051,10-K,2021-03-16,edgar/data/1351051/0001558370-21-003091.txt
GW PHARMACEUTICALS PLC,0001351288,10-K,2021-02-26,edgar/data/1351288/0001564590-21-009430.txt
"SHOTSPOTTER, INC",0001351636,10-K,2021-03-29,edgar/data/1351636/0001564590-21-016134.txt
"EPAM Systems, Inc.",0001352010,10-K,2021-02-25,edgar/data/1352010/0001352010-21-000010.txt
RIDGEWOOD ENERGY S FUND LLC,0001352190,10-K,2021-03-02,edgar/data/1352190/0001214659-21-002590.txt
CFN Enterprises Inc.,0001352952,10-K,2021-03-31,edgar/data/1352952/0001096906-21-000648.txt
"STRATS(SM) Trust for Procter & Gamble Securities, Series 2006-1",0001353226,10-K,2021-03-30,edgar/data/1353226/0001387131-21-003993.txt
MANAGED FUTURES PREMIER WARRINGTON L.P.,0001353282,10-K,2021-03-16,edgar/data/1353282/0001564590-21-013478.txt
SPLUNK INC,0001353283,10-K,2021-03-31,edgar/data/1353283/0001353283-21-000009.txt
Max Sound Corp,0001353499,10-K,2021-03-26,edgar/data/1353499/0001344676-21-000004.txt
Invesco CurrencyShares British Pound Sterling Trust,0001353611,10-K,2021-02-26,edgar/data/1353611/0001564590-21-009035.txt
Invesco CurrencyShares Canadian Dollar Trust,0001353612,10-K,2021-02-26,edgar/data/1353612/0001564590-21-009042.txt
Invesco CurrencyShares Japanese Yen Trust,0001353613,10-K,2021-02-26,edgar/data/1353613/0001564590-21-009033.txt
Invesco CurrencyShares Australian Dollar Trust,0001353614,10-K,2021-02-26,edgar/data/1353614/0001564590-21-009023.txt
Invesco CurrencyShares Swiss Franc Trust,0001353615,10-K,2021-02-26,edgar/data/1353615/0001564590-21-009040.txt
"PGT Innovations, Inc.",0001354327,10-K,2021-03-02,edgar/data/1354327/0001564590-21-010144.txt
PPLUS Trust Series RRD-1,0001354371,10-K,2021-03-25,edgar/data/1354371/0001174947-21-000303.txt
Invesco DB G10 Currency Harvest Fund,0001354730,10-K,2021-02-26,edgar/data/1354730/0001564590-21-009028.txt
Byrna Technologies Inc.,0001354866,10-K,2021-02-26,edgar/data/1354866/0001387131-21-002902.txt
REALOGY GROUP LLC,0001355001,10-K,2021-02-23,edgar/data/1355001/0001398987-21-000038.txt
"Qurate Retail, Inc.",0001355096,10-K,2021-02-26,edgar/data/1355096/0001558370-21-001983.txt
International Stem Cell CORP,0001355790,10-K,2021-03-30,edgar/data/1355790/0001564590-21-016653.txt
"PALTALK, INC.",0001355839,10-K,2021-03-23,edgar/data/1355839/0001213900-21-017135.txt
"Genius Brands International, Inc.",0001355848,10-K,2021-03-31,edgar/data/1355848/0001683168-21-001169.txt
"PRECIGEN, INC.",0001356090,10-K,2021-03-01,edgar/data/1356090/0001356090-21-000003.txt
"CREATIVE REALITIES, INC.",0001356093,10-K,2021-03-10,edgar/data/1356093/0001213900-21-014469.txt
"STRATS(SM) Trust for Goldman Sachs Group Securities, Series 2006-2",0001356284,10-K,2021-03-30,edgar/data/1356284/0001387131-21-003996.txt
"SUPERNUS PHARMACEUTICALS, INC.",0001356576,10-K,2021-03-08,edgar/data/1356576/0001356576-21-000028.txt
Houston Wire & Cable CO,0001356949,10-K,2021-03-25,edgar/data/1356949/0001753926-21-000067.txt
American Campus Communities Operating Partnership LP,0001357369,10-K,2021-02-26,edgar/data/1357369/0001283630-21-000048.txt
"Seneca Biopharma, Inc.",0001357459,10-K,2021-03-22,edgar/data/1357459/0001171843-21-001965.txt
"KBR, INC.",0001357615,10-K,2021-02-25,edgar/data/1357615/0001357615-21-000040.txt
"STRATS(SM) Trust for Allstate Corp Securities, Series 2006-3",0001357660,10-K,2021-03-30,edgar/data/1357660/0001387131-21-003999.txt
"Creatd, Inc.",0001357671,10-K,2021-03-31,edgar/data/1357671/0001213900-21-018972.txt
PRECISION BIOSCIENCES INC,0001357874,10-K,2021-03-18,edgar/data/1357874/0001564590-21-014005.txt
Energy Services of America CORP,0001357971,10-K,2021-01-05,edgar/data/1357971/0001104659-21-000500.txt
"IT TECH PACKAGING, INC.",0001358190,10-K,2021-03-23,edgar/data/1358190/0001213900-21-017307.txt
"LIMESTONE BANCORP, INC.",0001358356,10-K,2021-02-26,edgar/data/1358356/0001437749-21-004246.txt
"BELLICUM PHARMACEUTICALS, INC",0001358403,10-K,2021-03-31,edgar/data/1358403/0001628280-21-006164.txt
REATA PHARMACEUTICALS INC,0001358762,10-K,2021-03-01,edgar/data/1358762/0001564590-21-009624.txt
Hanesbrands Inc.,0001359841,10-K,2021-02-12,edgar/data/1359841/0001359841-21-000085.txt
"Protara Therapeutics, Inc.",0001359931,10-K,2021-03-11,edgar/data/1359931/0001213900-21-014709.txt
"HARROW HEALTH, INC.",0001360214,10-K,2021-03-08,edgar/data/1360214/0001493152-21-005583.txt
"Where Food Comes From, Inc.",0001360565,10-K,2021-02-18,edgar/data/1360565/0001493152-21-004235.txt
"HEALTHCARE TRUST OF AMERICA, INC.",0001360604,10-K,2021-02-24,edgar/data/1360604/0001360604-21-000018.txt
Evercore Inc.,0001360901,10-K,2021-02-25,edgar/data/1360901/0001360901-21-000005.txt
VARONIS SYSTEMS INC,0001361113,10-K,2021-02-09,edgar/data/1361113/0001628280-21-001677.txt
Primoris Services Corp,0001361538,10-K,2021-02-23,edgar/data/1361538/0001558370-21-001389.txt
Travel & Leisure Co.,0001361658,10-K,2021-02-24,edgar/data/1361658/0001361658-21-000025.txt
ORBCOMM Inc.,0001361983,10-K,2021-02-25,edgar/data/1361983/0001564590-21-008963.txt
"ICF International, Inc.",0001362004,10-K,2021-02-26,edgar/data/1362004/0001564590-21-009169.txt
AUDIOEYE INC,0001362190,10-K,2021-03-11,edgar/data/1362190/0001104659-21-035092.txt
Allegiant Travel CO,0001362468,10-K,2021-03-01,edgar/data/1362468/0001362468-21-000012.txt
"Cleartronic, Inc.",0001362516,10-K,2021-02-18,edgar/data/1362516/0001091818-21-000026.txt
Evolve Transition Infrastructure LP,0001362705,10-K,2021-03-16,edgar/data/1362705/0001362705-21-000017.txt
Enstar Group LTD,0001363829,10-K,2021-03-01,edgar/data/1363829/0001363829-21-000024.txt
"WESTERN CAPITAL RESOURCES, INC.",0001363958,10-K,2021-03-31,edgar/data/1363958/0001753926-21-000082.txt
Douglas Emmett Inc,0001364250,10-K,2021-02-22,edgar/data/1364250/0001364250-21-000005.txt
RIDGEWOOD ENERGY T FUND LLC,0001364397,10-K,2021-03-02,edgar/data/1364397/0001214659-21-002591.txt
HERC HOLDINGS INC,0001364479,10-K,2021-02-18,edgar/data/1364479/0001364479-21-000008.txt
BlackRock Inc.,0001364742,10-K,2021-02-25,edgar/data/1364742/0001564590-21-008796.txt
"Spirit AeroSystems Holdings, Inc.",0001364885,10-K,2021-02-25,edgar/data/1364885/0001628280-21-003321.txt
"CHEGG, INC",0001364954,10-K,2021-02-22,edgar/data/1364954/0001364954-21-000013.txt
LEAF GROUP LTD.,0001365038,10-K,2021-02-25,edgar/data/1365038/0001558370-21-001844.txt
Western Union CO,0001365135,10-K,2021-02-19,edgar/data/1365135/0001558370-21-001284.txt
"AMYRIS, INC.",0001365916,10-K,2021-03-05,edgar/data/1365916/0001365916-21-000007.txt
GLU MOBILE INC,0001366246,10-K,2021-02-26,edgar/data/1366246/0001558370-21-002009.txt
SMARTSHEET INC,0001366561,10-K,2021-03-25,edgar/data/1366561/0001366561-21-000036.txt
HOMELAND ENERGY SOLUTIONS LLC,0001366744,10-K,2021-03-11,edgar/data/1366744/0001366744-21-000009.txt
"Globalstar, Inc.",0001366868,10-K,2021-03-04,edgar/data/1366868/0001366868-21-000016.txt
Invesco DB Multi-Sector Commodity Trust,0001367306,10-K,2021-02-26,edgar/data/1367306/0001564590-21-009008.txt
Invesco DB Multi-Sector Commodity Trust,0001367306,10-K,2021-02-26,edgar/data/1367306/0001564590-21-009013.txt
Invesco DB Multi-Sector Commodity Trust,0001367306,10-K,2021-02-26,edgar/data/1367306/0001564590-21-009018.txt
Invesco DB Multi-Sector Commodity Trust,0001367306,10-K,2021-02-26,edgar/data/1367306/0001564590-21-009024.txt
Invesco DB Multi-Sector Commodity Trust,0001367306,10-K,2021-02-26,edgar/data/1367306/0001564590-21-009027.txt
Invesco DB Multi-Sector Commodity Trust,0001367306,10-K,2021-02-26,edgar/data/1367306/0001564590-21-009030.txt
Invesco DB Multi-Sector Commodity Trust,0001367306,10-K,2021-02-26,edgar/data/1367306/0001564590-21-009046.txt
Emergent BioSolutions Inc.,0001367644,10-K,2021-02-19,edgar/data/1367644/0001367644-21-000033.txt
Citizens Community Bancorp Inc.,0001367859,10-K,2021-03-08,edgar/data/1367859/0001367859-21-000063.txt
"CONCERT PHARMACEUTICALS, INC.",0001367920,10-K,2021-02-25,edgar/data/1367920/0001367920-21-000013.txt
"ATHERSYS, INC / NEW",0001368148,10-K,2021-03-25,edgar/data/1368148/0001368148-21-000037.txt
Clean Energy Fuels Corp.,0001368265,10-K,2021-03-09,edgar/data/1368265/0001558370-21-002638.txt
"REMARK HOLDINGS, INC.",0001368365,10-K,2021-03-31,edgar/data/1368365/0001368365-21-000017.txt
"ADMA BIOLOGICS, INC.",0001368514,10-K,2021-03-25,edgar/data/1368514/0001193805-21-000411.txt
"GTJ REIT, INC.",0001368757,10-K,2021-03-25,edgar/data/1368757/0001564590-21-015549.txt
"MYOMO, INC.",0001369290,10-K,2021-03-10,edgar/data/1369290/0001564590-21-012068.txt
"CATALYST PHARMACEUTICALS, INC.",0001369568,10-K,2021-03-15,edgar/data/1369568/0001193125-21-081545.txt
"ANAPTYSBIO, INC",0001370053,10-K,2021-02-25,edgar/data/1370053/0001370053-21-000019.txt
"Willdan Group, Inc.",0001370450,10-K,2021-03-17,edgar/data/1370450/0001558370-21-003104.txt
ETSY INC,0001370637,10-K,2021-02-26,edgar/data/1370637/0001370637-21-000012.txt
BlackRock TCP Capital Corp.,0001370755,10-K,2021-02-25,edgar/data/1370755/0001370755-21-000009.txt
"FireEye, Inc.",0001370880,10-K,2021-02-26,edgar/data/1370880/0001370880-21-000010.txt
Owens Corning,0001370946,10-K,2021-02-17,edgar/data/1370946/0001370946-21-000011.txt
BioSolar Inc,0001371128,10-K,2021-02-16,edgar/data/1371128/0001213900-21-009405.txt
ReShape Lifesciences Inc.,0001371217,10-K,2021-03-11,edgar/data/1371217/0001558370-21-002737.txt
"TRUPANION, INC.",0001371285,10-K,2021-02-12,edgar/data/1371285/0001371285-21-000041.txt
HIGHWATER ETHANOL LLC,0001371451,10-K,2021-01-21,edgar/data/1371451/0001371451-21-000002.txt
Information Services Group Inc.,0001371489,10-K,2021-03-12,edgar/data/1371489/0001558370-21-002901.txt
Invesco DB US Dollar Index Trust,0001371571,10-K,2021-02-26,edgar/data/1371571/0001564590-21-009014.txt
Invesco DB US Dollar Index Trust,0001371571,10-K,2021-02-26,edgar/data/1371571/0001564590-21-009029.txt
MV Oil Trust,0001371782,10-K,2021-03-16,edgar/data/1371782/0001104659-21-037129.txt
Great Lakes Dredge & Dock CORP,0001372020,10-K,2021-02-24,edgar/data/1372020/0001564590-21-008165.txt
"Ocugen, Inc.",0001372299,10-K,2021-03-19,edgar/data/1372299/0001628280-21-005124.txt
EYEGATE PHARMACEUTICALS INC,0001372514,10-K,2021-03-25,edgar/data/1372514/0001104659-21-041515.txt
BOX INC,0001372612,10-K,2021-03-19,edgar/data/1372612/0001564590-21-014377.txt
Portman Ridge Finance Corp,0001372807,10-K,2021-03-11,edgar/data/1372807/0001564590-21-012529.txt
Ameritrust Corp,0001372954,10-K,2021-02-12,edgar/data/1372954/0001091818-21-000012.txt
"Green Brick Partners, Inc.",0001373670,10-K,2021-03-08,edgar/data/1373670/0001373670-21-000016.txt
"ServiceNow, Inc.",0001373715,10-K,2021-02-12,edgar/data/1373715/0001373715-21-000061.txt
"Cboe Global Markets, Inc.",0001374310,10-K,2021-02-19,edgar/data/1374310/0001558370-21-001286.txt
"FITLIFE BRANDS, INC.",0001374328,10-K,2021-03-26,edgar/data/1374328/0001654954-21-003364.txt
Altra Industrial Motion Corp.,0001374535,10-K,2021-02-26,edgar/data/1374535/0001564590-21-009491.txt
"Larimar Therapeutics, Inc.",0001374690,10-K,2021-03-04,edgar/data/1374690/0001564590-21-011003.txt
"ZOGENIX, INC.",0001375151,10-K,2021-03-01,edgar/data/1375151/0001375151-21-000012.txt
CORETEC GROUP INC.,0001375195,10-K,2021-03-12,edgar/data/1375195/0001437749-21-005962.txt
UR-ENERGY INC,0001375205,10-K,2021-02-26,edgar/data/1375205/0001654954-21-002132.txt
GTX CORP,0001375793,10-K,2021-03-31,edgar/data/1375793/0001493152-21-007548.txt
CVR ENERGY INC,0001376139,10-K,2021-02-23,edgar/data/1376139/0001376139-21-000021.txt
"United States Natural Gas Fund, LP",0001376227,10-K,2021-02-26,edgar/data/1376227/0001104659-21-029200.txt
"MIMEDX GROUP, INC.",0001376339,10-K,2021-03-08,edgar/data/1376339/0001376339-21-000011.txt
"Protagonist Therapeutics, Inc",0001377121,10-K,2021-03-10,edgar/data/1377121/0001558370-21-002715.txt
"Financial Gravity Companies, Inc.",0001377167,10-K,2021-01-12,edgar/data/1377167/0001683168-21-000111.txt
Ridgewood Energy U Fund LLC,0001377178,10-K,2021-03-02,edgar/data/1377178/0001214659-21-002592.txt
"National CineMedia, Inc.",0001377630,10-K,2021-03-09,edgar/data/1377630/0001377630-21-000079.txt
TravelCenters of America Inc. /MD/,0001378453,10-K,2021-02-26,edgar/data/1378453/0001378453-21-000006.txt
"People's United Financial, Inc.",0001378946,10-K,2021-03-01,edgar/data/1378946/0001628280-21-003563.txt
"CarParts.com, Inc.",0001378950,10-K,2021-03-16,edgar/data/1378950/0001558370-21-003023.txt
"Employers Holdings, Inc.",0001379041,10-K,2021-02-23,edgar/data/1379041/0001379041-21-000019.txt
"Corporate Backed Callable Trust Certificates, J.C. Penny Debenture-Backed Series 2006-1 Trust",0001379404,10-K,2021-03-31,edgar/data/1379404/0000894189-21-001956.txt
Targa Resources Partners LP,0001379661,10-K,2021-02-18,edgar/data/1379661/0001564590-21-006649.txt
"Barings BDC, Inc.",0001379785,10-K,2021-03-23,edgar/data/1379785/0001379785-21-000016.txt
"TriState Capital Holdings, Inc.",0001380846,10-K,2021-02-25,edgar/data/1380846/0001380846-21-000012.txt
"Interactive Brokers Group, Inc.",0001381197,10-K,2021-03-01,edgar/data/1381197/0001381197-21-000008.txt
Domtar CORP,0001381531,10-K,2021-03-01,edgar/data/1381531/0001564590-21-009629.txt
"SUTRO BIOPHARMA, INC.",0001382101,10-K,2021-03-18,edgar/data/1382101/0001564590-21-013945.txt
"TRXADE GROUP, INC.",0001382574,10-K,2021-03-29,edgar/data/1382574/0001493152-21-007052.txt
Redfin Corp,0001382821,10-K,2021-02-24,edgar/data/1382821/0001382821-21-000045.txt
INVESCO DB SILVER FUND,0001383054,10-K,2021-02-26,edgar/data/1383054/0001564590-21-009046.txt
Invesco DB Gold Fund,0001383055,10-K,2021-02-26,edgar/data/1383055/0001564590-21-009024.txt
Invesco DB Precious Metals Fund,0001383057,10-K,2021-02-26,edgar/data/1383057/0001564590-21-009027.txt
Invesco DB Oil Fund,0001383058,10-K,2021-02-26,edgar/data/1383058/0001564590-21-009018.txt
Invesco DB Energy Fund,0001383062,10-K,2021-02-26,edgar/data/1383062/0001564590-21-009008.txt
INVESCO DB AGRICULTURE FUND,0001383082,10-K,2021-02-26,edgar/data/1383082/0001564590-21-009013.txt
INVESCO DB BASE METALS FUND,0001383084,10-K,2021-02-26,edgar/data/1383084/0001564590-21-009030.txt
SANTANDER DRIVE AUTO RECEIVABLES LLC,0001383094,10-K,2021-03-31,edgar/data/1383094/0001193125-21-101170.txt
SANTANDER DRIVE AUTO RECEIVABLES LLC,0001383094,10-K,2021-03-31,edgar/data/1383094/0001193125-21-101171.txt
SANTANDER DRIVE AUTO RECEIVABLES LLC,0001383094,10-K,2021-03-31,edgar/data/1383094/0001193125-21-101172.txt
SANTANDER DRIVE AUTO RECEIVABLES LLC,0001383094,10-K,2021-03-31,edgar/data/1383094/0001193125-21-101173.txt
SANTANDER DRIVE AUTO RECEIVABLES LLC,0001383094,10-K,2021-03-31,edgar/data/1383094/0001193125-21-101175.txt
SANTANDER DRIVE AUTO RECEIVABLES LLC,0001383094,10-K,2021-03-31,edgar/data/1383094/0001193125-21-101176.txt
SANTANDER DRIVE AUTO RECEIVABLES LLC,0001383094,10-K,2021-03-31,edgar/data/1383094/0001193125-21-101178.txt
SANTANDER DRIVE AUTO RECEIVABLES LLC,0001383094,10-K,2021-03-31,edgar/data/1383094/0001193125-21-101179.txt
SANTANDER DRIVE AUTO RECEIVABLES LLC,0001383094,10-K,2021-03-31,edgar/data/1383094/0001193125-21-101180.txt
SANTANDER DRIVE AUTO RECEIVABLES LLC,0001383094,10-K,2021-03-31,edgar/data/1383094/0001193125-21-101181.txt
SANTANDER DRIVE AUTO RECEIVABLES LLC,0001383094,10-K,2021-03-31,edgar/data/1383094/0001193125-21-101186.txt
SANTANDER DRIVE AUTO RECEIVABLES LLC,0001383094,10-K,2021-03-31,edgar/data/1383094/0001193125-21-101187.txt
SANTANDER DRIVE AUTO RECEIVABLES LLC,0001383094,10-K,2021-03-31,edgar/data/1383094/0001193125-21-101188.txt
SANTANDER DRIVE AUTO RECEIVABLES LLC,0001383094,10-K,2021-03-31,edgar/data/1383094/0001193125-21-101189.txt
SANTANDER DRIVE AUTO RECEIVABLES LLC,0001383094,10-K,2021-03-31,edgar/data/1383094/0001193125-21-101193.txt
SANTANDER DRIVE AUTO RECEIVABLES LLC,0001383094,10-K,2021-03-31,edgar/data/1383094/0001193125-21-101194.txt
SANTANDER DRIVE AUTO RECEIVABLES LLC,0001383094,10-K,2021-03-31,edgar/data/1383094/0001193125-21-101199.txt
SANTANDER DRIVE AUTO RECEIVABLES LLC,0001383094,10-K,2021-03-31,edgar/data/1383094/0001193125-21-101202.txt
SANTANDER DRIVE AUTO RECEIVABLES LLC,0001383094,10-K,2021-03-31,edgar/data/1383094/0001193125-21-101204.txt
SANTANDER DRIVE AUTO RECEIVABLES LLC,0001383094,10-K,2021-03-31,edgar/data/1383094/0001193125-21-101205.txt
SANTANDER DRIVE AUTO RECEIVABLES LLC,0001383094,10-K,2021-03-31,edgar/data/1383094/0001193125-21-101206.txt
SANTANDER DRIVE AUTO RECEIVABLES LLC,0001383094,10-K,2021-03-31,edgar/data/1383094/0001193125-21-101209.txt
SANTANDER DRIVE AUTO RECEIVABLES LLC,0001383094,10-K,2021-03-31,edgar/data/1383094/0001193125-21-101210.txt
SANTANDER DRIVE AUTO RECEIVABLES LLC,0001383094,10-K,2021-03-31,edgar/data/1383094/0001193125-21-101211.txt
SANTANDER DRIVE AUTO RECEIVABLES LLC,0001383094,10-K,2021-03-31,edgar/data/1383094/0001193125-21-101213.txt
SANTANDER DRIVE AUTO RECEIVABLES LLC,0001383094,10-K,2021-03-31,edgar/data/1383094/0001193125-21-101214.txt
SANTANDER DRIVE AUTO RECEIVABLES LLC,0001383094,10-K,2021-03-31,edgar/data/1383094/0001193125-21-101218.txt
SANTANDER DRIVE AUTO RECEIVABLES LLC,0001383094,10-K,2021-03-31,edgar/data/1383094/0001193125-21-101219.txt
SANTANDER DRIVE AUTO RECEIVABLES LLC,0001383094,10-K,2021-03-31,edgar/data/1383094/0001193125-21-101222.txt
INVESCO DB US DOLLAR INDEX BEARISH FUND,0001383149,10-K,2021-02-26,edgar/data/1383149/0001564590-21-009029.txt
Invesco DB US Dollar Index Bullish Fund,0001383151,10-K,2021-02-26,edgar/data/1383151/0001564590-21-009014.txt
TRANSACT ENERGY CORP,0001383394,10-K,2021-03-24,edgar/data/1383394/0001078782-21-000268.txt
"Cheniere Energy Partners, L.P.",0001383650,10-K,2021-02-24,edgar/data/1383650/0001383650-21-000005.txt
Histogen Inc.,0001383701,10-K,2021-03-11,edgar/data/1383701/0001564590-21-012536.txt
"VERACYTE, INC.",0001384101,10-K,2021-02-22,edgar/data/1384101/0001384101-21-000012.txt
"RING ENERGY, INC.",0001384195,10-K,2021-03-16,edgar/data/1384195/0001104659-21-037111.txt
"RingCentral, Inc.",0001384905,10-K,2021-02-26,edgar/data/1384905/0001384905-21-000007.txt
"Cinemark Holdings, Inc.",0001385280,10-K,2021-02-26,edgar/data/1385280/0001564590-21-009190.txt
"OPIANT PHARMACEUTICALS, INC.",0001385508,10-K,2021-03-04,edgar/data/1385508/0001385508-21-000035.txt
"GREENLIGHT CAPITAL RE, LTD.",0001385613,10-K,2021-03-10,edgar/data/1385613/0001385613-21-000016.txt
RIDGEWOOD ENERGY V FUND LLC,0001385662,10-K,2021-03-02,edgar/data/1385662/0001214659-21-002593.txt
Advanced Biomedical Technologies Inc.,0001385799,10-K,2021-01-29,edgar/data/1385799/0001493152-21-002055.txt
ENERGY FUELS INC,0001385849,10-K,2021-03-22,edgar/data/1385849/0001385849-21-000027.txt
Coupa Software Inc,0001385867,10-K,2021-03-18,edgar/data/1385867/0001385867-21-000011.txt
GREEN DOT CORP,0001386278,10-K,2021-02-26,edgar/data/1386278/0001386278-21-000008.txt
ChromaDex Corp.,0001386570,10-K,2021-03-12,edgar/data/1386570/0001654954-21-002692.txt
"Lightstone Value Plus Real Estate Investment Trust V, Inc.",0001387061,10-K,2021-03-25,edgar/data/1387061/0001829126-21-001782.txt
"Corporate Backed Callable Trust Certificates, J.C. Penney Debenture-Backed Series 2007-1 Trust",0001387637,10-K,2021-03-31,edgar/data/1387637/0000894189-21-001959.txt
"Actinium Pharmaceuticals, Inc.",0001388320,10-K,2021-03-31,edgar/data/1388320/0001213900-21-019297.txt
"CAI International, Inc.",0001388430,10-K,2021-03-01,edgar/data/1388430/0001388430-21-000004.txt
"iRhythm Technologies, Inc.",0001388658,10-K,2021-02-26,edgar/data/1388658/0001388658-21-000039.txt
MARIN SOFTWARE INC,0001389002,10-K,2021-02-26,edgar/data/1389002/0001564590-21-009094.txt
Kallo Inc.,0001389034,10-K,2021-01-14,edgar/data/1389034/0001520138-21-000039.txt
Kallo Inc.,0001389034,10-K,2021-03-03,edgar/data/1389034/0001520138-21-000143.txt
"Archrock, Inc.",0001389050,10-K,2021-02-23,edgar/data/1389050/0001389050-21-000011.txt
TAUTACHROME INC.,0001389067,10-K,2021-03-30,edgar/data/1389067/0001477932-21-001762.txt
Frontier Balanced Fund,0001389122,10-K,2021-03-31,edgar/data/1389122/0001213900-21-019183.txt
Frontier Heritage Fund,0001389123,10-K,2021-03-31,edgar/data/1389123/0001213900-21-019183.txt
Frontier Global Fund,0001389124,10-K,2021-03-31,edgar/data/1389124/0001213900-21-019183.txt
Frontier Select Fund,0001389125,10-K,2021-03-31,edgar/data/1389125/0001213900-21-019183.txt
Frontier Long/Short Commodity Fund,0001389128,10-K,2021-03-31,edgar/data/1389128/0001213900-21-019183.txt
Targa Resources Corp.,0001389170,10-K,2021-02-18,edgar/data/1389170/0001564590-21-006640.txt
"Clubhouse Media Group, Inc.",0001389518,10-K,2021-03-15,edgar/data/1389518/0001493152-21-006020.txt
"NovaBay Pharmaceuticals, Inc.",0001389545,10-K,2021-03-25,edgar/data/1389545/0001437749-21-007158.txt
Howard Bancorp Inc,0001390162,10-K,2021-03-16,edgar/data/1390162/0001104659-21-037217.txt
"SELLAS Life Sciences Group, Inc.",0001390478,10-K,2021-03-23,edgar/data/1390478/0001390478-21-000007.txt
Bank of New York Mellon Corp,0001390777,10-K,2021-02-25,edgar/data/1390777/0001390777-21-000037.txt
"Limelight Networks, Inc.",0001391127,10-K,2021-02-12,edgar/data/1391127/0001391127-21-000034.txt
ACQUIRED SALES CORP,0001391135,10-K,2021-03-31,edgar/data/1391135/0001096906-21-000646.txt
QUAINT OAK BANCORP INC,0001391933,10-K,2021-03-30,edgar/data/1391933/0000927089-21-000117.txt
"Blueknight Energy Partners, L.P.",0001392091,10-K,2021-03-10,edgar/data/1392091/0001437749-21-005571.txt
"Gevo, Inc.",0001392380,10-K,2021-03-18,edgar/data/1392380/0001437749-21-006358.txt
Green Planet Bio Engineering Co. Ltd.,0001392449,10-K,2021-03-31,edgar/data/1392449/0001654954-21-003636.txt
"Lightning Gaming, Inc.",0001392545,10-K,2021-03-30,edgar/data/1392545/0000890163-21-000015.txt
"PROS Holdings, Inc.",0001392972,10-K,2021-02-12,edgar/data/1392972/0001392972-21-000039.txt
VEEVA SYSTEMS INC,0001393052,10-K,2021-03-30,edgar/data/1393052/0001393052-21-000015.txt
Resolute Forest Products Inc.,0001393066,10-K,2021-03-01,edgar/data/1393066/0001393066-21-000006.txt
Public Storage,0001393311,10-K,2021-02-24,edgar/data/1393311/0001562762-21-000058.txt
"OCULAR THERAPEUTIX, INC",0001393434,10-K,2021-03-11,edgar/data/1393434/0001558370-21-002813.txt
IGEN NETWORKS CORP,0001393540,10-K,2021-03-31,edgar/data/1393540/0001640334-21-000741.txt
American Well Corp,0001393584,10-K,2021-03-26,edgar/data/1393584/0001564590-21-015812.txt
Discover Financial Services,0001393612,10-K,2021-02-17,edgar/data/1393612/0001393612-21-000014.txt
TIPTREE INC.,0001393726,10-K,2021-03-11,edgar/data/1393726/0001393726-21-000014.txt
"WEED, INC.",0001393772,10-K,2021-03-31,edgar/data/1393772/0001199835-21-000170.txt
WIKISOFT CORP.,0001393781,10-K,2021-03-29,edgar/data/1393781/0001663577-21-000150.txt
Blackstone Group Inc,0001393818,10-K,2021-02-26,edgar/data/1393818/0001193125-21-060361.txt
"DHI GROUP, INC.",0001393883,10-K,2021-02-10,edgar/data/1393883/0001393883-21-000011.txt
"ONE STOP SYSTEMS, INC.",0001394056,10-K,2021-03-25,edgar/data/1394056/0001564590-21-015480.txt
Sino United Worldwide Consolidated Ltd.,0001394108,10-K,2021-03-30,edgar/data/1394108/0001554795-21-000102.txt
"Tracon Pharmaceuticals, Inc.",0001394319,10-K,2021-02-25,edgar/data/1394319/0001564590-21-008957.txt
First Trinity Financial CORP,0001395585,10-K,2021-03-11,edgar/data/1395585/0001437749-21-005681.txt
Syndax Pharmaceuticals Inc,0001395937,10-K,2021-03-12,edgar/data/1395937/0001564590-21-012607.txt
"KAR Auction Services, Inc.",0001395942,10-K,2021-02-18,edgar/data/1395942/0001395942-21-000006.txt
Vulcan Materials CO,0001396009,10-K,2021-02-25,edgar/data/1396009/0001396009-21-000009.txt
"Lumber Liquidators Holdings, Inc.",0001396033,10-K,2021-03-02,edgar/data/1396033/0001558370-21-002205.txt
Main Street Capital CORP,0001396440,10-K,2021-02-26,edgar/data/1396440/0001558370-21-001943.txt
"DUOS TECHNOLOGIES GROUP, INC.",0001396536,10-K,2021-03-30,edgar/data/1396536/0001553350-21-000232.txt
"Entergy Gulf States Reconstruction Funding I, LLC",0001396549,10-K,2021-03-29,edgar/data/1396549/0000065984-21-000154.txt
First National Master Note Trust,0001396730,10-K,2021-03-25,edgar/data/1396730/0001104659-21-041339.txt
"Pacira BioSciences, Inc.",0001396814,10-K,2021-03-01,edgar/data/1396814/0001396814-21-000014.txt
"United States Gasoline Fund, LP",0001396878,10-K,2021-02-26,edgar/data/1396878/0001104659-21-029198.txt
"FlexShopper, Inc.",0001397047,10-K,2021-03-09,edgar/data/1397047/0001213900-21-014067.txt
lululemon athletica inc.,0001397187,10-K,2021-03-30,edgar/data/1397187/0001397187-21-000009.txt
Silk Road Medical Inc,0001397702,10-K,2021-03-01,edgar/data/1397702/0001397702-21-000021.txt
LPL Financial Holdings Inc.,0001397911,10-K,2021-02-23,edgar/data/1397911/0001397911-21-000029.txt
Genpact LTD,0001398659,10-K,2021-03-01,edgar/data/1398659/0001564590-21-009746.txt
"Aquestive Therapeutics, Inc.",0001398733,10-K,2021-03-09,edgar/data/1398733/0001140361-21-007811.txt
Beam Global,0001398805,10-K,2021-03-30,edgar/data/1398805/0001683168-21-001097.txt
REALOGY HOLDINGS CORP.,0001398987,10-K,2021-02-23,edgar/data/1398987/0001398987-21-000038.txt
"Pzena Investment Management, Inc.",0001399249,10-K,2021-03-10,edgar/data/1399249/0001564590-21-011860.txt
Simlatus Corp,0001399306,10-K,2021-03-31,edgar/data/1399306/0001399306-21-000016.txt
"ONE Group Hospitality, Inc.",0001399520,10-K,2021-03-19,edgar/data/1399520/0001558370-21-003244.txt
Dicerna Pharmaceuticals Inc,0001399529,10-K,2021-02-26,edgar/data/1399529/0001399529-21-000042.txt
"HCI Group, Inc.",0001400810,10-K,2021-03-12,edgar/data/1400810/0001564590-21-012867.txt
"iHeartMedia, Inc.",0001400891,10-K,2021-02-25,edgar/data/1400891/0001400891-21-000015.txt
DiaMedica Therapeutics Inc.,0001401040,10-K,2021-03-10,edgar/data/1401040/0001437749-21-005541.txt
"FORUM ENERGY TECHNOLOGIES, INC.",0001401257,10-K,2021-03-02,edgar/data/1401257/0001401257-21-000031.txt
UNITED INSURANCE HOLDINGS CORP.,0001401521,10-K,2021-03-09,edgar/data/1401521/0001401521-21-000013.txt
"First Financial Northwest, Inc.",0001401564,10-K,2021-03-12,edgar/data/1401564/0000939057-21-000102.txt
"PUMA BIOTECHNOLOGY, INC.",0001401667,10-K,2021-03-01,edgar/data/1401667/0001564590-21-009840.txt
Cornerstone OnDemand Inc,0001401680,10-K,2021-02-22,edgar/data/1401680/0001401680-21-000011.txt
NanoString Technologies Inc,0001401708,10-K,2021-03-01,edgar/data/1401708/0001401708-21-000033.txt
"Dare Bioscience, Inc.",0001401914,10-K,2021-03-30,edgar/data/1401914/0001401914-21-000041.txt
CDW Corp,0001402057,10-K,2021-02-26,edgar/data/1402057/0001402057-21-000022.txt
"Sunshine Biopharma, Inc",0001402328,10-K,2021-03-30,edgar/data/1402328/0001654954-21-003507.txt
SS&C Technologies Holdings Inc,0001402436,10-K,2021-02-25,edgar/data/1402436/0001564590-21-008862.txt
"MedAvail Holdings, Inc.",0001402479,10-K,2021-03-31,edgar/data/1402479/0001628280-21-006267.txt
Orion Group Holdings Inc,0001402829,10-K,2021-03-02,edgar/data/1402829/0001402829-21-000004.txt
"Sculptor Capital Management, Inc.",0001403256,10-K,2021-02-23,edgar/data/1403256/0001403256-21-000045.txt
"Heritage-Crystal Clean, Inc.",0001403431,10-K,2021-03-02,edgar/data/1403431/0001403431-21-000029.txt
Bank of Marin Bancorp,0001403475,10-K,2021-03-15,edgar/data/1403475/0001403475-21-000015.txt
"Oaktree Capital Group, LLC",0001403528,10-K,2021-02-26,edgar/data/1403528/0001403528-21-000007.txt
"Ulta Beauty, Inc.",0001403568,10-K,2021-03-26,edgar/data/1403568/0001558370-21-003523.txt
QUANTUM MATERIALS CORP.,0001403570,10-K,2021-03-23,edgar/data/1403570/0001493152-21-006582.txt
Evoke Pharma Inc,0001403708,10-K,2021-03-11,edgar/data/1403708/0001564590-21-012510.txt
Zymeworks Inc.,0001403752,10-K,2021-02-24,edgar/data/1403752/0001403752-21-000005.txt
"Nuverra Environmental Solutions, Inc.",0001403853,10-K,2021-03-16,edgar/data/1403853/0001403853-21-000014.txt
1Life Healthcare Inc,0001404123,10-K,2021-03-17,edgar/data/1404123/0001564590-21-013897.txt
"Eledon Pharmaceuticals, Inc.",0001404281,10-K,2021-03-31,edgar/data/1404281/0001564590-21-016828.txt
"Neoleukin Therapeutics, Inc.",0001404644,10-K,2021-03-25,edgar/data/1404644/0001628280-21-005630.txt
HUBSPOT INC,0001404655,10-K,2021-02-16,edgar/data/1404655/0001564590-21-006083.txt
KKR & Co. Inc.,0001404912,10-K,2021-02-19,edgar/data/1404912/0001404912-21-000008.txt
"Fifth Third Holdings Funding, LLC",0001405332,10-K,2021-03-26,edgar/data/1405332/0001193125-21-096279.txt
"Fifth Third Holdings Funding, LLC",0001405332,10-K,2021-03-26,edgar/data/1405332/0001193125-21-096284.txt
"InterDigital, Inc.",0001405495,10-K,2021-02-18,edgar/data/1405495/0001405495-21-000013.txt
"United States 12 Month Natural Gas Fund, LP",0001405513,10-K,2021-03-05,edgar/data/1405513/0001104659-21-032579.txt
"United States 12 Month Oil Fund, LP",0001405528,10-K,2021-02-26,edgar/data/1405528/0001104659-21-029182.txt
"CALIX, INC",0001406666,10-K,2021-02-22,edgar/data/1406666/0001406666-21-000029.txt
Discover Card Execution Note Trust,0001407200,10-K,2021-03-23,edgar/data/1407200/0001193125-21-091263.txt
PhoneBrasil Internetional Inc,0001407573,10-K,2021-03-16,edgar/data/1407573/0001213900-21-015518.txt
RETAIL OPPORTUNITY INVESTMENTS CORP,0001407623,10-K,2021-02-24,edgar/data/1407623/0001407623-21-000031.txt
"Digital Locations, Inc.",0001407878,10-K,2021-03-29,edgar/data/1407878/0001477932-21-001746.txt
GRAPHIC PACKAGING HOLDING CO,0001408075,10-K,2021-02-16,edgar/data/1408075/0001408075-21-000012.txt
"Kennedy-Wilson Holdings, Inc.",0001408100,10-K,2021-02-26,edgar/data/1408100/0001408100-21-000052.txt
SCANDIUM INTERNATIONAL MINING CORP.,0001408146,10-K,2021-03-01,edgar/data/1408146/0001654954-21-002194.txt
MSCI Inc.,0001408198,10-K,2021-02-12,edgar/data/1408198/0001564590-21-005811.txt
"Synacor, Inc.",0001408278,10-K,2021-03-31,edgar/data/1408278/0001408278-21-000050.txt
Milestone Pharmaceuticals Inc.,0001408443,10-K,2021-03-29,edgar/data/1408443/0001558370-21-003631.txt
"First Guaranty Bancshares, Inc.",0001408534,10-K,2021-03-16,edgar/data/1408534/0001408534-21-000014.txt
Titan Machinery Inc.,0001409171,10-K,2021-03-31,edgar/data/1409171/0001409171-21-000022.txt
Venus Concept Inc.,0001409269,10-K,2021-03-29,edgar/data/1409269/0001564590-21-016142.txt
CHIMERA INVESTMENT CORP,0001409493,10-K,2021-02-18,edgar/data/1409493/0001628280-21-002464.txt
"BBVA USA Bancshares, Inc.",0001409775,10-K,2021-02-25,edgar/data/1409775/0001409775-21-000012.txt
Ridgewood Energy W Fund LLC,0001409947,10-K,2021-03-02,edgar/data/1409947/0001214659-21-002594.txt
LendingClub Corp,0001409970,10-K,2021-03-11,edgar/data/1409970/0001409970-21-000016.txt
CorMedix Inc.,0001410098,10-K,2021-03-30,edgar/data/1410098/0001213900-21-018684.txt
"Rubicon Technology, Inc.",0001410172,10-K,2021-03-23,edgar/data/1410172/0001213900-21-017083.txt
"Q2 Holdings, Inc.",0001410384,10-K,2021-02-19,edgar/data/1410384/0001410384-21-000022.txt
"XpresSpa Group, Inc.",0001410428,10-K,2021-03-31,edgar/data/1410428/0001558370-21-003840.txt
"American Water Works Company, Inc.",0001410636,10-K,2021-02-24,edgar/data/1410636/0001410636-21-000101.txt
"IVERIC bio, Inc.",0001410939,10-K,2021-03-04,edgar/data/1410939/0001410939-21-000007.txt
"KBS Real Estate Investment Trust II, Inc.",0001411059,10-K,2021-03-12,edgar/data/1411059/0001411059-21-000008.txt
Dutch Oven Gold Group Inc.,0001411168,10-K,2021-02-04,edgar/data/1411168/0001376474-21-000053.txt
Allison Transmission Holdings Inc,0001411207,10-K,2021-02-18,edgar/data/1411207/0001564590-21-006709.txt
Ellington Financial Inc.,0001411342,10-K,2021-03-16,edgar/data/1411342/0001411342-21-000021.txt
"Apollo Global Management, Inc.",0001411494,10-K,2021-02-19,edgar/data/1411494/0001411494-21-000012.txt
"AMC ENTERTAINMENT HOLDINGS, INC.",0001411579,10-K,2021-03-12,edgar/data/1411579/0001411579-21-000006.txt
"Bionano Genomics, Inc",0001411690,10-K,2021-03-23,edgar/data/1411690/0001411690-21-000004.txt
"Ampio Pharmaceuticals, Inc.",0001411906,10-K,2021-03-03,edgar/data/1411906/0001558370-21-002314.txt
"Maiden Holdings, Ltd.",0001412100,10-K,2021-03-15,edgar/data/1412100/0001412100-21-000017.txt
"Phreesia, Inc.",0001412408,10-K,2021-03-31,edgar/data/1412408/0001412408-21-000024.txt
"Cocrystal Pharma, Inc.",0001412486,10-K,2021-03-17,edgar/data/1412486/0001493152-21-006211.txt
Sterling Real Estate Trust,0001412502,10-K,2021-03-31,edgar/data/1412502/0001558370-21-003791.txt
"Regenicin, Inc.",0001412659,10-K,2021-01-13,edgar/data/1412659/0001662252-21-000002.txt
"MidWestOne Financial Group, Inc.",0001412665,10-K,2021-03-11,edgar/data/1412665/0001412665-21-000029.txt
Level One Bancorp Inc,0001412707,10-K,2021-03-12,edgar/data/1412707/0001412707-21-000008.txt
"Kraig Biocraft Laboratories, Inc",0001413119,10-K,2021-03-12,edgar/data/1413119/0001493152-21-005910.txt
Philip Morris International Inc.,0001413329,10-K,2021-02-09,edgar/data/1413329/0001413329-21-000007.txt
NXP Semiconductors N.V.,0001413447,10-K,2021-02-25,edgar/data/1413447/0001413447-21-000011.txt
First Foundation Inc.,0001413837,10-K,2021-02-26,edgar/data/1413837/0001558370-21-001958.txt
A. H. Belo Corp,0001413898,10-K,2021-03-11,edgar/data/1413898/0001413898-21-000012.txt
DSG Global Inc.,0001413909,10-K,2021-03-05,edgar/data/1413909/0001493152-21-005426.txt
"Western Midstream Operating, LP",0001414475,10-K,2021-02-26,edgar/data/1414475/0001423902-21-000007.txt
"MOJO Organics, Inc.",0001414953,10-K,2021-02-22,edgar/data/1414953/0001493152-21-004506.txt
ProShares Trust II,0001415311,10-K,2021-02-19,edgar/data/1415311/0001193125-21-049128.txt
Lithium Corp,0001415332,10-K,2021-03-16,edgar/data/1415332/0001640334-21-000592.txt
EchoStar CORP,0001415404,10-K,2021-02-23,edgar/data/1415404/0001415404-21-000005.txt
MusclePharm Corp,0001415684,10-K,2021-03-29,edgar/data/1415684/0001493152-21-007088.txt
"PROSPER MARKETPLACE, INC",0001416265,10-K,2021-03-15,edgar/data/1416265/0001416265-21-000134.txt
"Value Exchange International, Inc.",0001417664,10-K,2021-03-31,edgar/data/1417664/0001078782-21-000290.txt
BRIDGFORD FOODS CORP,0000014177,10-K,2021-01-15,edgar/data/14177/0001493152-21-001208.txt
"INVO Bioscience, Inc.",0001417926,10-K,2021-03-30,edgar/data/1417926/0001185185-21-000413.txt
Solar Capital Ltd.,0001418076,10-K,2021-02-24,edgar/data/1418076/0001193125-21-054667.txt
"TWITTER, INC.",0001418091,10-K,2021-02-17,edgar/data/1418091/0001418091-21-000031.txt
"Apple Hospitality REIT, Inc.",0001418121,10-K,2021-02-23,edgar/data/1418121/0001564590-21-007573.txt
Keurig Dr Pepper Inc.,0001418135,10-K,2021-02-25,edgar/data/1418135/0001418135-21-000005.txt
Renewable Energy Acquisition Corp.,0001418302,10-K,2021-03-31,edgar/data/1418302/0001575872-21-000055.txt
Iridium Communications Inc.,0001418819,10-K,2021-02-11,edgar/data/1418819/0001418819-21-000009.txt
"Forte Biosciences, Inc.",0001419041,10-K,2021-03-16,edgar/data/1419041/0001564590-21-013249.txt
ATLANTIC POWER CORP,0001419242,10-K,2021-03-04,edgar/data/1419242/0001558370-21-002388.txt
GreenBox POS,0001419275,10-K,2021-03-30,edgar/data/1419275/0001185185-21-000423.txt
Capital Bancorp Inc,0001419536,10-K,2021-03-15,edgar/data/1419536/0001419536-21-000058.txt
Flexion Therapeutics Inc,0001419600,10-K,2021-03-10,edgar/data/1419600/0001564590-21-012050.txt
"SOLAREDGE TECHNOLOGIES, INC.",0001419612,10-K,2021-02-19,edgar/data/1419612/0001178913-21-000696.txt
RARE ELEMENT RESOURCES LTD,0001419806,10-K,2021-03-26,edgar/data/1419806/0001052918-21-000080.txt
Data Storage Corp,0001419951,10-K,2021-03-31,edgar/data/1419951/0001731122-21-000486.txt
Atomera Inc,0001420520,10-K,2021-02-19,edgar/data/1420520/0001683168-21-000648.txt
AILERON THERAPEUTICS INC,0001420565,10-K,2021-03-24,edgar/data/1420565/0001564590-21-015115.txt
Colfax CORP,0001420800,10-K,2021-02-18,edgar/data/1420800/0001420800-21-000009.txt
Verso Corp,0001421182,10-K,2021-03-01,edgar/data/1421182/0001421182-21-000004.txt
"Inspyr Therapeutics, Inc.",0001421204,10-K,2021-03-31,edgar/data/1421204/0001829126-21-002058.txt
"Intrepid Potash, Inc.",0001421461,10-K,2021-03-02,edgar/data/1421461/0001421461-21-000011.txt
"Energy Recovery, Inc.",0001421517,10-K,2021-03-12,edgar/data/1421517/0001421517-21-000019.txt
"Hanjiao Group, Inc.",0001421819,10-K,2021-03-31,edgar/data/1421819/0001683168-21-001163.txt
Trident Brands Inc,0001421907,10-K,2021-03-16,edgar/data/1421907/0001477932-21-001463.txt
ZETA ACQUISITION CORP I,0001422141,10-K,2021-03-30,edgar/data/1422141/0001213900-21-018616.txt
"Aerpio Pharmaceuticals, Inc.",0001422142,10-K,2021-03-11,edgar/data/1422142/0001564590-21-012252.txt
"Kura Oncology, Inc.",0001422143,10-K,2021-02-24,edgar/data/1422143/0001564590-21-007822.txt
FS KKR Capital Corp,0001422183,10-K,2021-03-01,edgar/data/1422183/0001193125-21-063747.txt
"PubMatic, Inc.",0001422930,10-K,2021-03-26,edgar/data/1422930/0001422930-21-000009.txt
"LegacyXChange, Inc.",0001423579,10-K,2021-01-07,edgar/data/1423579/0001213900-21-000876.txt
"LegacyXChange, Inc.",0001423579,10-K,2021-01-19,edgar/data/1423579/0001213900-21-002649.txt
"LegacyXChange, Inc.",0001423579,10-K,2021-01-28,edgar/data/1423579/0001213900-21-004865.txt
AGNC Investment Corp.,0001423689,10-K,2021-02-26,edgar/data/1423689/0001423689-21-000011.txt
QHY GROUP,0001423723,10-K,2021-03-29,edgar/data/1423723/0001213900-21-018369.txt
ZUORA INC,0001423774,10-K,2021-03-31,edgar/data/1423774/0001423774-21-000020.txt
PCB BANCORP,0001423869,10-K,2021-03-11,edgar/data/1423869/0001423869-21-000007.txt
"Western Midstream Partners, LP",0001423902,10-K,2021-02-26,edgar/data/1423902/0001423902-21-000007.txt
"Broadstone Net Lease, Inc.",0001424182,10-K,2021-02-25,edgar/data/1424182/0001564590-21-008838.txt
Cuentas Inc.,0001424657,10-K,2021-03-25,edgar/data/1424657/0001213900-21-017558.txt
VYCOR MEDICAL INC,0001424768,10-K,2021-03-31,edgar/data/1424768/0001493152-21-007391.txt
FOX FACTORY HOLDING CORP,0001424929,10-K,2021-02-25,edgar/data/1424929/0001424929-21-000014.txt
"IOVANCE BIOTHERAPEUTICS, INC.",0001425205,10-K,2021-02-25,edgar/data/1425205/0001558370-21-001858.txt
Workhorse Group Inc.,0001425287,10-K,2021-03-01,edgar/data/1425287/0001628280-21-003538.txt
"CVR PARTNERS, LP",0001425292,10-K,2021-02-23,edgar/data/1425292/0001425292-21-000007.txt
"Mill City Ventures III, Ltd",0001425355,10-K,2021-03-10,edgar/data/1425355/0001104659-21-034228.txt
ORTHOPEDIATRICS CORP,0001425450,10-K,2021-03-11,edgar/data/1425450/0001425450-21-000047.txt
"SOBR Safe, Inc.",0001425627,10-K,2021-03-31,edgar/data/1425627/0001477932-21-001930.txt
NGM BIOPHARMACEUTICALS INC,0001426332,10-K,2021-03-15,edgar/data/1426332/0001564590-21-013179.txt
"ASSEMBLY BIOSCIENCES, INC.",0001426800,10-K,2021-02-25,edgar/data/1426800/0001564590-21-008878.txt
"Echo Global Logistics, Inc.",0001426945,10-K,2021-02-26,edgar/data/1426945/0001426945-21-000007.txt
BRISTOL MYERS SQUIBB CO,0000014272,10-K,2021-02-10,edgar/data/14272/0000014272-21-000066.txt
"ENTERGY TEXAS, INC.",0001427437,10-K,2021-02-26,edgar/data/1427437/0000065984-21-000096.txt
OBALON THERAPEUTICS INC,0001427570,10-K,2021-03-12,edgar/data/1427570/0001558370-21-002923.txt
ACELRX PHARMACEUTICALS INC,0001427925,10-K,2021-03-15,edgar/data/1427925/0001437749-21-006074.txt
"Armour Residential REIT, Inc.",0001428205,10-K,2021-02-17,edgar/data/1428205/0001428205-21-000051.txt
"HEALTHEQUITY, INC.",0001428336,10-K,2021-03-31,edgar/data/1428336/0001428336-21-000011.txt
"ROKU, INC",0001428439,10-K,2021-02-26,edgar/data/1428439/0001564590-21-009021.txt
"Radius Health, Inc.",0001428522,10-K,2021-02-25,edgar/data/1428522/0001628280-21-003172.txt
TERMINIX GLOBAL HOLDINGS INC,0001428875,10-K,2021-02-26,edgar/data/1428875/0001428875-21-000018.txt
"Fortress Biotech, Inc.",0001429260,10-K,2021-03-31,edgar/data/1429260/0001558370-21-003815.txt
TREVENA INC,0001429560,10-K,2021-03-09,edgar/data/1429560/0001558370-21-002598.txt
Blink Charging Co.,0001429764,10-K,2021-03-31,edgar/data/1429764/0001493152-21-007550.txt
"Global Warming Solutions, Inc.",0001430300,10-K,2021-03-12,edgar/data/1430300/0001477932-21-001405.txt
Tonix Pharmaceuticals Holding Corp.,0001430306,10-K,2021-03-15,edgar/data/1430306/0001387131-21-003550.txt
C & C TOURS INC,0001430319,10-K,2021-03-29,edgar/data/1430319/0001554795-21-000095.txt
"VERUS INTERNATIONAL, INC.",0001430523,10-K,2021-03-19,edgar/data/1430523/0001493152-21-006452.txt
"ServisFirst Bancshares, Inc.",0001430723,10-K,2021-02-26,edgar/data/1430723/0001171843-21-001354.txt
"Bergio International, Inc.",0001431074,10-K,2021-03-18,edgar/data/1431074/0001393905-21-000128.txt
Oak Valley Bancorp,0001431567,10-K,2021-03-31,edgar/data/1431567/0001437749-21-007868.txt
FSP 303 East Wacker Drive Corp.,0001431766,10-K,2021-03-30,edgar/data/1431766/0001171520-21-000148.txt
TORCHLIGHT ENERGY RESOURCES INC,0001431959,10-K,2021-03-18,edgar/data/1431959/0001199835-21-000148.txt
Rampart Studios Inc.,0001432271,10-K,2021-02-04,edgar/data/1432271/0001376474-21-000052.txt
CREDEX CORP,0001432939,10-K,2021-03-31,edgar/data/1432939/0001549983-21-000003.txt
APPFOLIO INC,0001433195,10-K,2021-03-01,edgar/data/1433195/0001433195-21-000024.txt
ANTERO RESOURCES Corp,0001433270,10-K,2021-02-17,edgar/data/1433270/0001558370-21-001153.txt
"InspireMD, Inc.",0001433607,10-K,2021-03-08,edgar/data/1433607/0001493152-21-005564.txt
John Bean Technologies CORP,0001433660,10-K,2021-02-25,edgar/data/1433660/0001433660-21-000010.txt
"CASTLIGHT HEALTH, INC.",0001433714,10-K,2021-02-24,edgar/data/1433714/0001433714-21-000007.txt
RIDGEWOOD ENERGY Y FUND LLC,0001434070,10-K,2021-03-02,edgar/data/1434070/0001214659-21-002596.txt
FATE THERAPEUTICS INC,0001434316,10-K,2021-02-24,edgar/data/1434316/0001564590-21-008086.txt
CONSTELLATION PHARMACEUTICALS INC,0001434418,10-K,2021-02-24,edgar/data/1434418/0001564590-21-007783.txt
ClearSign Technologies Corp,0001434524,10-K,2021-03-31,edgar/data/1434524/0001104659-21-044241.txt
"Grand Canyon Education, Inc.",0001434588,10-K,2021-02-17,edgar/data/1434588/0001558370-21-001135.txt
"LendingTree, Inc.",0001434621,10-K,2021-03-01,edgar/data/1434621/0001434621-21-000002.txt
"KEMPHARM, INC",0001434647,10-K,2021-03-12,edgar/data/1434647/0001437749-21-005785.txt
"Global Water Resources, Inc.",0001434728,10-K,2021-03-04,edgar/data/1434728/0001434728-21-000087.txt
"Esperion Therapeutics, Inc.",0001434868,10-K,2021-02-23,edgar/data/1434868/0001628280-21-002865.txt
CEMTREX INC,0001435064,10-K,2021-01-05,edgar/data/1435064/0001493152-21-000157.txt
Pharmagreen Biotech Inc.,0001435181,10-K,2021-01-08,edgar/data/1435181/0001273511-21-000011.txt
"POWERDYNE INTERNATIONAL, INC.",0001435617,10-K,2021-03-31,edgar/data/1435617/0001493152-21-007396.txt
"Mistras Group, Inc.",0001436126,10-K,2021-03-16,edgar/data/1436126/0001436126-21-000013.txt
Legacy Housing Corp,0001436208,10-K,2021-03-17,edgar/data/1436208/0001558370-21-003153.txt
BTCS Inc.,0001436229,10-K,2021-01-26,edgar/data/1436229/0001493152-21-001796.txt
"HOME BANCORP, INC.",0001436425,10-K,2021-03-09,edgar/data/1436425/0001436425-21-000008.txt
LIGHTSTONE VALUE PLUS REAL ESTATE INVESTMENT TRUST II INC,0001436975,10-K,2021-03-30,edgar/data/1436975/0001829126-21-001939.txt
Invesco Mortgage Capital Inc.,0001437071,10-K,2021-02-22,edgar/data/1437071/0001437071-21-000005.txt
"Discovery, Inc.",0001437107,10-K,2021-02-22,edgar/data/1437107/0001437107-21-000018.txt
"Mastech Digital, Inc.",0001437226,10-K,2021-03-16,edgar/data/1437226/0001193125-21-082076.txt
"REGO PAYMENT ARCHITECTURES, INC.",0001437283,10-K,2021-03-31,edgar/data/1437283/0001214659-21-003694.txt
"EVERBRIDGE, INC.",0001437352,10-K,2021-02-26,edgar/data/1437352/0001564590-21-009422.txt
"ARDELYX, INC.",0001437402,10-K,2021-03-08,edgar/data/1437402/0001558370-21-002500.txt
ENB Financial Corp,0001437479,10-K,2021-03-29,edgar/data/1437479/0001174947-21-000315.txt
"CYBERLOQ TECHNOLOGIES, INC.",0001437517,10-K,2021-03-31,edgar/data/1437517/0001493152-21-007319.txt
BRIGHT HORIZONS FAMILY SOLUTIONS INC.,0001437578,10-K,2021-03-01,edgar/data/1437578/0001437578-21-000007.txt
Trex Acquisition Corp.,0001437750,10-K,2021-01-25,edgar/data/1437750/0001477932-21-000399.txt
Trex Acquisition Corp.,0001437750,10-K,2021-02-19,edgar/data/1437750/0001477932-21-000975.txt
COASTAL FINANCIAL CORP,0001437958,10-K,2021-03-12,edgar/data/1437958/0001564590-21-012709.txt
TANDEM DIABETES CARE INC,0001438133,10-K,2021-02-24,edgar/data/1438133/0001438133-21-000015.txt
Digimarc CORP,0001438231,10-K,2021-02-26,edgar/data/1438231/0001564590-21-009019.txt
EVERSPIN TECHNOLOGIES INC,0001438423,10-K,2021-03-04,edgar/data/1438423/0001558370-21-002369.txt
"Travere Therapeutics, Inc.",0001438533,10-K,2021-03-01,edgar/data/1438533/0001438533-21-000008.txt
MRC GLOBAL INC.,0001439095,10-K,2021-02-12,edgar/data/1439095/0001437749-21-002784.txt
"AGIOS PHARMACEUTICALS, INC.",0001439222,10-K,2021-02-25,edgar/data/1439222/0001439222-21-000029.txt
ZYNGA INC,0001439404,10-K,2021-02-26,edgar/data/1439404/0001564590-21-009477.txt
BIODESIX INC,0001439725,10-K,2021-03-16,edgar/data/1439725/0001564590-21-013512.txt
Clearwater Paper Corp,0001441236,10-K,2021-02-25,edgar/data/1441236/0001504337-21-000009.txt
APPIAN CORP,0001441683,10-K,2021-02-18,edgar/data/1441683/0001441683-21-000018.txt
MARRONE BIO INNOVATIONS INC,0001441693,10-K,2021-03-23,edgar/data/1441693/0001493152-21-006648.txt
"MongoDB, Inc.",0001441816,10-K,2021-03-22,edgar/data/1441816/0001441816-21-000051.txt
"Verisk Analytics, Inc.",0001442145,10-K,2021-02-23,edgar/data/1442145/0001437749-21-003789.txt
Quest Resource Holding Corp,0001442236,10-K,2021-03-11,edgar/data/1442236/0001564590-21-012486.txt
"Bluerock Residential Growth REIT, Inc.",0001442626,10-K,2021-02-23,edgar/data/1442626/0001104659-21-026811.txt
"Mersana Therapeutics, Inc.",0001442836,10-K,2021-02-26,edgar/data/1442836/0001628280-21-003370.txt
ALTEROLA BIOTECH INC.,0001442999,10-K,2021-03-26,edgar/data/1442999/0001663577-21-000147.txt
Proto Labs Inc,0001443669,10-K,2021-02-19,edgar/data/1443669/0001437749-21-003413.txt
BioCorRx Inc.,0001443863,10-K,2021-03-31,edgar/data/1443863/0001477932-21-001909.txt
NEVRO CORP,0001444380,10-K,2021-02-24,edgar/data/1444380/0001564590-21-008153.txt
Bravo Multinational Inc.,0001444839,10-K,2021-03-02,edgar/data/1444839/0001091818-21-000030.txt
Clean Coal Technologies Inc.,0001445109,10-K,2021-03-30,edgar/data/1445109/0001185185-21-000419.txt
"YUMANITY THERAPEUTICS, INC.",0001445283,10-K,2021-03-31,edgar/data/1445283/0001193125-21-101509.txt
WORKIVA INC,0001445305,10-K,2021-02-17,edgar/data/1445305/0001445305-21-000035.txt
Predictive Oncology Inc.,0001446159,10-K,2021-03-15,edgar/data/1446159/0001171843-21-001786.txt
"Strategic Realty Trust, Inc.",0001446371,10-K,2021-03-26,edgar/data/1446371/0001446371-21-000007.txt
IRONWOOD PHARMACEUTICALS INC,0001446847,10-K,2021-02-17,edgar/data/1446847/0001558370-21-001136.txt
Arbutus Biopharma Corp,0001447028,10-K,2021-03-04,edgar/data/1447028/0001447028-21-000021.txt
Territorial Bancorp Inc.,0001447051,10-K,2021-03-19,edgar/data/1447051/0001558370-21-003250.txt
CASTLE BIOSCIENCES INC,0001447362,10-K,2021-03-11,edgar/data/1447362/0001447362-21-000047.txt
MOBIVITY HOLDINGS CORP.,0001447380,10-K,2021-03-30,edgar/data/1447380/0001562762-21-000136.txt
TWILIO INC,0001447669,10-K,2021-02-26,edgar/data/1447669/0001447669-21-000070.txt
Redwood Mortgage Investors IX,0001448038,10-K,2021-03-31,edgar/data/1448038/0001564590-21-017026.txt
OptimizeRx Corp,0001448431,10-K,2021-03-08,edgar/data/1448431/0001213900-21-013996.txt
AUGUSTA GOLD CORP.,0001448597,10-K,2021-03-16,edgar/data/1448597/0001393905-21-000121.txt
Sylios Corp,0001448695,10-K,2021-03-17,edgar/data/1448695/0001493152-21-006240.txt
"BASANITE, INC.",0001448705,10-K,2021-03-31,edgar/data/1448705/0001553350-21-000256.txt
Essent Group Ltd.,0001448893,10-K,2021-02-26,edgar/data/1448893/0001448893-21-000021.txt
VIVOS INC,0001449349,10-K,2021-03-24,edgar/data/1449349/0001493152-21-006723.txt
CSI Compressco LP,0001449488,10-K,2021-03-04,edgar/data/1449488/0001449488-21-000004.txt
"PIONEER POWER SOLUTIONS, INC.",0001449792,10-K,2021-03-30,edgar/data/1449792/0001387131-21-004036.txt
"Embassy Bancorp, Inc.",0001449794,10-K,2021-03-12,edgar/data/1449794/0001449794-21-000005.txt
Frontier Diversified Fund,0001450720,10-K,2021-03-31,edgar/data/1450720/0001213900-21-019183.txt
Frontier Masters Fund,0001450722,10-K,2021-03-31,edgar/data/1450722/0001213900-21-019183.txt
Aberdeen Standard Silver ETF Trust,0001450922,10-K,2021-03-01,edgar/data/1450922/0001387131-21-002999.txt
Aberdeen Standard Gold ETF Trust,0001450923,10-K,2021-03-01,edgar/data/1450923/0001387131-21-003000.txt
Transocean Ltd.,0001451505,10-K,2021-03-01,edgar/data/1451505/0001451505-21-000020.txt
Terra Tech Corp.,0001451512,10-K,2021-03-30,edgar/data/1451512/0001477932-21-001784.txt
SITIME Corp,0001451809,10-K,2021-02-16,edgar/data/1451809/0001564590-21-005867.txt
"Pacific Oak Strategic Opportunity REIT, Inc.",0001452936,10-K,2021-03-29,edgar/data/1452936/0001452936-21-000008.txt
"Xtant Medical Holdings, Inc.",0001453593,10-K,2021-02-24,edgar/data/1453593/0001493152-21-004676.txt
SELECTA BIOSCIENCES INC,0001453687,10-K,2021-03-12,edgar/data/1453687/0001453687-21-000031.txt
HGR Liquidating Trust,0001453818,10-K,2021-03-31,edgar/data/1453818/0001453818-21-000008.txt
CATABASIS PHARMACEUTICALS INC,0001454789,10-K,2021-03-11,edgar/data/1454789/0001104659-21-034984.txt
"TPI COMPOSITES, INC",0001455684,10-K,2021-02-25,edgar/data/1455684/0001564590-21-008945.txt
"RIDGEWOOD ENERGY X FUND, LLC",0001455741,10-K,2021-03-02,edgar/data/1455741/0001214659-21-002595.txt
AMERICOLD REALTY TRUST,0001455863,10-K,2021-03-01,edgar/data/1455863/0001628280-21-003613.txt
Leatt Corp,0001456189,10-K,2021-03-24,edgar/data/1456189/0001062993-21-002958.txt
OFFICE PROPERTIES INCOME TRUST,0001456772,10-K,2021-02-19,edgar/data/1456772/0001456772-21-000007.txt
"GENOCEA BIOSCIENCES, INC.",0001457612,10-K,2021-02-22,edgar/data/1457612/0001457612-21-000022.txt
RIDGEWOOD ENERGY A-1 FUND LLC,0001457919,10-K,2021-03-02,edgar/data/1457919/0001214659-21-002597.txt
"3D MAKERJET, INC.",0001458023,10-K,2021-02-17,edgar/data/1458023/0001213900-21-009900.txt
"3D MAKERJET, INC.",0001458023,10-K,2021-02-17,edgar/data/1458023/0001213900-21-009904.txt
"3D MAKERJET, INC.",0001458023,10-K,2021-02-17,edgar/data/1458023/0001213900-21-009907.txt
"3D MAKERJET, INC.",0001458023,10-K,2021-02-17,edgar/data/1458023/0001213900-21-009910.txt
"3D MAKERJET, INC.",0001458023,10-K,2021-02-17,edgar/data/1458023/0001213900-21-009911.txt
"CROSSFIRST BANKSHARES, INC.",0001458412,10-K,2021-02-26,edgar/data/1458412/0001458412-21-000008.txt
Noble Corp,0001458891,10-K,2021-03-12,edgar/data/1458891/0001628280-21-004612.txt
"Alarm.com Holdings, Inc.",0001459200,10-K,2021-02-25,edgar/data/1459200/0001459200-21-000012.txt
"2U, Inc.",0001459417,10-K,2021-02-25,edgar/data/1459417/0001459417-21-000003.txt
"SI-BONE, Inc.",0001459839,10-K,2021-03-10,edgar/data/1459839/0001459839-21-000012.txt
Aberdeen Standard Palladium ETF Trust,0001459862,10-K,2021-03-01,edgar/data/1459862/0001387131-21-002996.txt
Aberdeen Standard Platinum ETF Trust,0001460235,10-K,2021-03-01,edgar/data/1460235/0001387131-21-002997.txt
"Fluent, Inc.",0001460329,10-K,2021-03-16,edgar/data/1460329/0001437749-21-006165.txt
Orgenesis Inc.,0001460602,10-K,2021-03-09,edgar/data/1460602/0001493152-21-005653.txt
CRH Medical Corp,0001461119,10-K,2021-03-16,edgar/data/1461119/0001564590-21-013326.txt
GRAHAM ALTERNATIVE INVESTMENT FUND I LLC,0001461219,10-K,2021-03-30,edgar/data/1461219/0001140361-21-010713.txt
GRAHAM ALTERNATIVE INVESTMENT FUND II LLC,0001461237,10-K,2021-03-30,edgar/data/1461237/0001140361-21-010716.txt
"Atlantic Capital Bancshares, Inc.",0001461755,10-K,2021-03-16,edgar/data/1461755/0001558370-21-003073.txt
"MEWBOURNE ENERGY PARTNERS 09-A, L.P.",0001462103,10-K,2021-03-31,edgar/data/1462103/0001387131-21-004063.txt
"Live Oak Bancshares, Inc.",0001462120,10-K,2021-02-25,edgar/data/1462120/0001564590-21-008974.txt
"Recruiter.com Group, Inc.",0001462223,10-K,2021-03-09,edgar/data/1462223/0001213900-21-014153.txt
Altisource Portfolio Solutions S.A.,0001462418,10-K,2021-03-11,edgar/data/1462418/0001462418-21-000008.txt
"Enphase Energy, Inc.",0001463101,10-K,2021-02-16,edgar/data/1463101/0001463101-21-000016.txt
"Zendesk, Inc.",0001463172,10-K,2021-02-12,edgar/data/1463172/0001463172-21-000054.txt
"Transportation & Logistics Systems, Inc.",0001463208,10-K,2021-03-17,edgar/data/1463208/0001493152-21-006283.txt
"Renewable Energy Group, Inc.",0001463258,10-K,2021-03-01,edgar/data/1463258/0001628280-21-003654.txt
"Unity Biotechnology, Inc.",0001463361,10-K,2021-03-23,edgar/data/1463361/0001564590-21-014854.txt
"ATEL 14, LLC",0001463389,10-K,2021-03-30,edgar/data/1463389/0001558370-21-003668.txt
US Alliance Corp,0001463913,10-K,2021-02-23,edgar/data/1463913/0001437749-21-003666.txt
Vuzix Corp,0001463972,10-K,2021-03-15,edgar/data/1463972/0001558370-21-003001.txt
Atlanticus Holdings Corp,0001464343,10-K,2021-03-31,edgar/data/1464343/0001437749-21-007849.txt
PennyMac Mortgage Investment Trust,0001464423,10-K,2021-02-26,edgar/data/1464423/0001564590-21-009173.txt
"B. Riley Financial, Inc.",0001464790,10-K,2021-03-04,edgar/data/1464790/0001213900-21-013276.txt
"First Eagle Alternative Capital BDC, Inc.",0001464963,10-K,2021-03-05,edgar/data/1464963/0001564590-21-011016.txt
"STARWOOD PROPERTY TRUST, INC.",0001465128,10-K,2021-02-25,edgar/data/1465128/0001558370-21-001712.txt
TWO HARBORS INVESTMENT CORP.,0001465740,10-K,2021-02-25,edgar/data/1465740/0001465740-21-000035.txt
VANTAGE DRILLING INTERNATIONAL,0001465872,10-K,2021-03-18,edgar/data/1465872/0001564590-21-014207.txt
Western Asset Mortgage Capital Corp,0001465885,10-K,2021-03-08,edgar/data/1465885/0001628280-21-004112.txt
"Midland States Bancorp, Inc.",0001466026,10-K,2021-02-26,edgar/data/1466026/0001466026-21-000003.txt
"INDEPENDENCE REALTY TRUST, INC.",0001466085,10-K,2021-02-18,edgar/data/1466085/0001564590-21-006672.txt
Trane Technologies plc,0001466258,10-K,2021-02-09,edgar/data/1466258/0001466258-21-000027.txt
"Clovis Oncology, Inc.",0001466301,10-K,2021-02-25,edgar/data/1466301/0001558370-21-001668.txt
COWEN INC.,0001466538,10-K,2021-03-03,edgar/data/1466538/0001466538-21-000029.txt
Otter Tail Corp,0001466593,10-K,2021-02-19,edgar/data/1466593/0001466593-21-000011.txt
"Novan, Inc.",0001467154,10-K,2021-02-24,edgar/data/1467154/0001467154-21-000012.txt
"DROPBOX, INC.",0001467623,10-K,2021-02-19,edgar/data/1467623/0001467623-21-000012.txt
"Apollo Commercial Real Estate Finance, Inc.",0001467760,10-K,2021-02-10,edgar/data/1467760/0001467760-21-000008.txt
General Motors Co,0001467858,10-K,2021-02-10,edgar/data/1467858/0001467858-21-000037.txt
Hyatt Hotels Corp,0001468174,10-K,2021-02-18,edgar/data/1468174/0001468174-21-000011.txt
Addus HomeCare Corp,0001468328,10-K,2021-03-01,edgar/data/1468328/0001564590-21-009604.txt
SecureWorks Corp,0001468666,10-K,2021-03-25,edgar/data/1468666/0001468666-21-000012.txt
AMERICAN CRYOSTEM Corp,0001468679,10-K,2021-01-08,edgar/data/1468679/0001019056-21-000028.txt
Kodiak Sciences Inc.,0001468748,10-K,2021-03-01,edgar/data/1468748/0001564590-21-009946.txt
Millburn Multi-Markets Fund L.P.,0001468910,10-K,2021-03-30,edgar/data/1468910/0001829126-21-001916.txt
"NEXGEL, INC.",0001468929,10-K,2021-03-31,edgar/data/1468929/0001104659-21-044842.txt
"Altegris QIM Futures Fund, L.P.",0001469317,10-K,2021-03-29,edgar/data/1469317/0001683168-21-001077.txt
Sunrun Inc.,0001469367,10-K,2021-02-25,edgar/data/1469367/0001469367-21-000042.txt
"Arcadia Biosciences, Inc.",0001469443,10-K,2021-03-31,edgar/data/1469443/0001564590-21-017118.txt
"County Bancorp, Inc.",0001470205,10-K,2021-03-12,edgar/data/1470205/0001564590-21-012831.txt
CALERES INC,0000014707,10-K,2021-03-30,edgar/data/14707/0000014707-21-000010.txt
"Northwest Bancshares, Inc.",0001471265,10-K,2021-02-26,edgar/data/1471265/0001471265-21-000039.txt
Better Choice Co Inc.,0001471727,10-K,2021-03-30,edgar/data/1471727/0001471727-21-000029.txt
"Entergy Texas Restoration Funding, LLC",0001471728,10-K,2021-03-29,edgar/data/1471728/0000065984-21-000157.txt
GBT Technologies Inc.,0001471781,10-K,2021-03-31,edgar/data/1471781/0001731122-21-000484.txt
Teucrium Commodity Trust,0001471824,10-K,2021-03-16,edgar/data/1471824/0001654954-21-002896.txt
Immunome Inc.,0001472012,10-K,2021-03-25,edgar/data/1472012/0001558370-21-003493.txt
PDS Biotechnology Corp,0001472091,10-K,2021-03-18,edgar/data/1472091/0001140361-21-009142.txt
"United States Brent Oil Fund, LP",0001472494,10-K,2021-02-26,edgar/data/1472494/0001104659-21-029186.txt
R1 RCM INC.,0001472595,10-K,2021-02-18,edgar/data/1472595/0001628280-21-002423.txt
First American Financial Corp,0001472787,10-K,2021-02-17,edgar/data/1472787/0001564590-21-006163.txt
"Nova Lifestyle, Inc.",0001473334,10-K,2021-03-29,edgar/data/1473334/0001185185-21-000407.txt
"CBTX, Inc.",0001473844,10-K,2021-02-26,edgar/data/1473844/0001558370-21-002028.txt
Pebblebrook Hotel Trust,0001474098,10-K,2021-02-23,edgar/data/1474098/0001474098-21-000053.txt
"Pure Storage, Inc.",0001474432,10-K,2021-03-25,edgar/data/1474432/0001628280-21-005538.txt
New York REIT Liquidating LLC,0001474464,10-K,2021-03-15,edgar/data/1474464/0001193125-21-081336.txt
GENERAC HOLDINGS INC.,0001474735,10-K,2021-02-23,edgar/data/1474735/0001437749-21-003793.txt
"BGSF, INC.",0001474903,10-K,2021-03-11,edgar/data/1474903/0001474903-21-000035.txt
"Eventbrite, Inc.",0001475115,10-K,2021-03-01,edgar/data/1475115/0001475115-21-000020.txt
Luther Burbank Corp,0001475348,10-K,2021-03-11,edgar/data/1475348/0001475348-21-000009.txt
National Bank Holdings Corp,0001475841,10-K,2021-02-24,edgar/data/1475841/0001558370-21-001604.txt
"Primerica, Inc.",0001475922,10-K,2021-03-01,edgar/data/1475922/0001564590-21-009754.txt
Metropolitan Bank Holding Corp.,0001476034,10-K,2021-03-08,edgar/data/1476034/0001558370-21-002554.txt
Chatham Lodging Trust,0001476045,10-K,2021-02-24,edgar/data/1476045/0001476045-21-000030.txt
Terreno Realty Corp,0001476150,10-K,2021-02-10,edgar/data/1476150/0001476150-21-000004.txt
"Phillips Edison & Company, Inc.",0001476204,10-K,2021-03-12,edgar/data/1476204/0001476204-21-000023.txt
"HEAT BIOLOGICS, INC.",0001476963,10-K,2021-03-25,edgar/data/1476963/0001558370-21-003460.txt
Sensata Technologies Holding plc,0001477294,10-K,2021-02-12,edgar/data/1477294/0001477294-21-000031.txt
"Cloudflare, Inc.",0001477333,10-K,2021-02-25,edgar/data/1477333/0001477333-21-000009.txt
Ally Auto Assets LLC,0001477336,10-K,2021-03-26,edgar/data/1477336/0001705002-21-000012.txt
Ally Auto Assets LLC,0001477336,10-K,2021-03-26,edgar/data/1477336/0001713736-21-000021.txt
Ally Auto Assets LLC,0001477336,10-K,2021-03-26,edgar/data/1477336/0001721353-21-000020.txt
Ally Auto Assets LLC,0001477336,10-K,2021-03-26,edgar/data/1477336/0001727820-21-000022.txt
Ally Auto Assets LLC,0001477336,10-K,2021-03-26,edgar/data/1477336/0001736511-21-000021.txt
Ally Auto Assets LLC,0001477336,10-K,2021-03-26,edgar/data/1477336/0001742379-21-000021.txt
Ally Auto Assets LLC,0001477336,10-K,2021-03-26,edgar/data/1477336/0001763799-21-000020.txt
Ally Auto Assets LLC,0001477336,10-K,2021-03-26,edgar/data/1477336/0001776294-21-000021.txt
Ally Auto Assets LLC,0001477336,10-K,2021-03-26,edgar/data/1477336/0001785489-21-000021.txt
Ally Auto Assets LLC,0001477336,10-K,2021-03-26,edgar/data/1477336/0001793667-21-000024.txt
"Teladoc Health, Inc.",0001477449,10-K,2021-03-01,edgar/data/1477449/0001558370-21-002118.txt
"Asana, Inc.",0001477720,10-K,2021-03-30,edgar/data/1477720/0001477720-21-000007.txt
"Annovis Bio, Inc.",0001477845,10-K,2021-03-03,edgar/data/1477845/0001558370-21-002303.txt
CONTRAFECT Corp,0001478069,10-K,2021-03-30,edgar/data/1478069/0001193125-21-100376.txt
IQVIA HOLDINGS INC.,0001478242,10-K,2021-02-12,edgar/data/1478242/0001478242-21-000020.txt
Adaptive Biotechnologies Corp,0001478320,10-K,2021-02-24,edgar/data/1478320/0001564590-21-008124.txt
"Eagle Bancorp Montana, Inc.",0001478454,10-K,2021-03-10,edgar/data/1478454/0001437749-21-005513.txt
"STAG Industrial, Inc.",0001479094,10-K,2021-02-10,edgar/data/1479094/0001479094-21-000007.txt
United States Commodity Index Funds Trust,0001479247,10-K,2021-02-26,edgar/data/1479247/0001104659-21-029196.txt
"Revance Therapeutics, Inc.",0001479290,10-K,2021-02-25,edgar/data/1479290/0001479290-21-000057.txt
"Kala Pharmaceuticals, Inc.",0001479419,10-K,2021-02-25,edgar/data/1479419/0001558370-21-001797.txt
"TechCom, Inc.",0001481443,10-K,2021-03-31,edgar/data/1481443/0001683168-21-001145.txt
Ryerson Holding Corp,0001481582,10-K,2021-02-24,edgar/data/1481582/0001564590-21-008111.txt
"Quad/Graphics, Inc.",0001481792,10-K,2021-02-24,edgar/data/1481792/0001481792-21-000008.txt
PREFERRED APARTMENT COMMUNITIES INC,0001481832,10-K,2021-03-01,edgar/data/1481832/0001481832-21-000012.txt
"KBS Real Estate Investment Trust III, Inc.",0001482430,10-K,2021-03-12,edgar/data/1482430/0001482430-21-000013.txt
"Hudson Pacific Properties, Inc.",0001482512,10-K,2021-02-22,edgar/data/1482512/0001482512-21-000058.txt
Surna Inc.,0001482541,10-K,2021-03-24,edgar/data/1482541/0001493152-21-006659.txt
SLM Student Loan Trust 2010-1,0001482912,10-K,2021-03-30,edgar/data/1482912/0001140361-21-010749.txt
SLM Student Loan Trust 2010-2,0001482913,10-K,2021-03-30,edgar/data/1482913/0001140361-21-010750.txt
Aberdeen Standard Precious Metals Basket ETF Trust,0001483386,10-K,2021-03-01,edgar/data/1483386/0001387131-21-002995.txt
"EXPRESS, INC.",0001483510,10-K,2021-03-25,edgar/data/1483510/0001483510-21-000009.txt
SOLENO THERAPEUTICS INC,0001484565,10-K,2021-03-03,edgar/data/1484565/0001564590-21-010569.txt
"Outset Medical, Inc.",0001484612,10-K,2021-03-22,edgar/data/1484612/0001564590-21-014563.txt
BRT Apartments Corp.,0000014846,10-K,2021-03-15,edgar/data/14846/0000014846-21-000008.txt
fuboTV Inc. /FL,0001484769,10-K,2021-03-25,edgar/data/1484769/0001493152-21-006813.txt
"Sesen Bio, Inc.",0001485003,10-K,2021-03-15,edgar/data/1485003/0001485003-21-000044.txt
"Freeze Tag, Inc.",0001485074,10-K,2021-03-31,edgar/data/1485074/0001477932-21-001920.txt
Oasis Petroleum Inc.,0001486159,10-K,2021-03-08,edgar/data/1486159/0001486159-21-000017.txt
"BWX Technologies, Inc.",0001486957,10-K,2021-02-22,edgar/data/1486957/0001486957-21-000006.txt
"GenMark Diagnostics, Inc.",0001487371,10-K,2021-02-25,edgar/data/1487371/0001487371-21-000096.txt
Horizon Technology Finance Corp,0001487428,10-K,2021-03-02,edgar/data/1487428/0001558370-21-002265.txt
AIR LEASE CORP,0001487712,10-K,2021-02-22,edgar/data/1487712/0001558370-21-001372.txt
ECA Marcellus Trust I,0001487798,10-K,2021-03-24,edgar/data/1487798/0001104659-21-041001.txt
OFS Capital Corp,0001487918,10-K,2021-03-05,edgar/data/1487918/0001487918-21-000040.txt
"Vishay Precision Group, Inc.",0001487952,10-K,2021-03-11,edgar/data/1487952/0001487952-21-000006.txt
"ATOSSA THERAPEUTICS, INC.",0001488039,10-K,2021-03-31,edgar/data/1488039/0001437749-21-007756.txt
"Ameresco, Inc.",0001488139,10-K,2021-03-02,edgar/data/1488139/0001488139-21-000036.txt
"Sino Agro Food, Inc.",0001488419,10-K,2021-02-10,edgar/data/1488419/0001104659-21-016840.txt
"Customers Bancorp, Inc.",0001488813,10-K,2021-03-02,edgar/data/1488813/0001488813-21-000069.txt
LyondellBasell Industries N.V.,0001489393,10-K,2021-02-25,edgar/data/1489393/0001489393-21-000007.txt
"Home Bistro, Inc. /NV/",0001489588,10-K,2021-03-22,edgar/data/1489588/0001213900-21-016941.txt
Golden Growers Cooperative,0001489874,10-K,2021-03-05,edgar/data/1489874/0001826466-21-000056.txt
Sow Good Inc.,0001490161,10-K,2021-03-31,edgar/data/1490161/0001683168-21-001122.txt
"Groupon, Inc.",0001490281,10-K,2021-02-25,edgar/data/1490281/0001490281-21-000023.txt
CoreSite Realty Corp,0001490892,10-K,2021-02-05,edgar/data/1490892/0001558370-21-000757.txt
Business Development Corp of America,0001490927,10-K,2021-03-15,edgar/data/1490927/0001490927-21-000006.txt
"Schrodinger, Inc.",0001490978,10-K,2021-03-04,edgar/data/1490978/0001564590-21-010727.txt
"Mewbourne Energy Partners 10-A, L.P.",0001491262,10-K,2021-03-31,edgar/data/1491262/0001387131-21-004065.txt
"Takung Art Co., Ltd.",0001491487,10-K,2021-03-31,edgar/data/1491487/0001104659-21-044731.txt
"Sabra Health Care REIT, Inc.",0001492298,10-K,2021-02-22,edgar/data/1492298/0001492298-21-000014.txt
"Apellis Pharmaceuticals, Inc.",0001492422,10-K,2021-02-25,edgar/data/1492422/0001564590-21-008800.txt
Horizon Therapeutics Public Ltd Co,0001492426,10-K,2021-02-24,edgar/data/1492426/0001564590-21-007818.txt
Ally Wholesale Enterprises LLC,0001492632,10-K,2021-03-26,edgar/data/1492632/0001499357-21-000010.txt
Nielsen Holdings plc,0001492633,10-K,2021-02-25,edgar/data/1492633/0001564590-21-008814.txt
"T2 Biosystems, Inc.",0001492674,10-K,2021-03-31,edgar/data/1492674/0001564590-21-017074.txt
Knight-Swift Transportation Holdings Inc.,0001492691,10-K,2021-02-25,edgar/data/1492691/0001492691-21-000016.txt
"SL GREEN OPERATING PARTNERSHIP, L.P.",0001492869,10-K,2021-02-26,edgar/data/1492869/0001040971-21-000007.txt
Standard AVB Financial Corp.,0001492915,10-K,2021-03-31,edgar/data/1492915/0001558370-21-003787.txt
BRUNSWICK CORP,0000014930,10-K,2021-02-16,edgar/data/14930/0000014930-21-000029.txt
"Lifeloc Technologies, Inc",0001493137,10-K,2021-03-31,edgar/data/1493137/0001079973-21-000200.txt
"Northfield Bancorp, Inc.",0001493225,10-K,2021-03-10,edgar/data/1493225/0001493225-21-000048.txt
"OTONOMY, INC.",0001493566,10-K,2021-02-11,edgar/data/1493566/0001564590-21-005551.txt
SLC Student Loan Trust 2010-1,0001493611,10-K,2021-03-30,edgar/data/1493611/0001140361-21-010774.txt
Turtle Beach Corp,0001493761,10-K,2021-03-04,edgar/data/1493761/0001564590-21-010997.txt
"Kilroy Realty, L.P.",0001493976,10-K,2021-02-12,edgar/data/1493976/0001025996-21-000062.txt
"CarGurus, Inc.",0001494259,10-K,2021-02-12,edgar/data/1494259/0001564590-21-005612.txt
Univar Solutions Inc.,0001494319,10-K,2021-02-25,edgar/data/1494319/0001494319-21-000010.txt
Two Hands Corp,0001494413,10-K,2021-03-29,edgar/data/1494413/0001262463-21-000093.txt
BOSTON OMAHA Corp,0001494582,10-K,2021-03-29,edgar/data/1494582/0001437749-21-007457.txt
"OptiNose, Inc.",0001494650,10-K,2021-03-03,edgar/data/1494650/0001494650-21-000010.txt
"DIGITAL REALTY TRUST, L.P.",0001494877,10-K,2021-03-01,edgar/data/1494877/0001558370-21-002191.txt
"Sensus Healthcare, Inc.",0001494891,10-K,2021-03-05,edgar/data/1494891/0001213900-21-013664.txt
"Global Indemnity Group, LLC",0001494904,10-K,2021-03-12,edgar/data/1494904/0001564590-21-012923.txt
"IZEA Worldwide, Inc.",0001495231,10-K,2021-03-30,edgar/data/1495231/0001495231-21-000058.txt
GLADSTONE LAND Corp,0001495240,10-K,2021-02-24,edgar/data/1495240/0001495240-21-000008.txt
"Vera Bradley, Inc.",0001495320,10-K,2021-03-30,edgar/data/1495320/0001495320-21-000016.txt
"Healthcare Trust of America Holdings, LP",0001495491,10-K,2021-02-24,edgar/data/1495491/0001360604-21-000018.txt
"Firsthand Technology Value Fund, Inc.",0001495584,10-K,2021-03-30,edgar/data/1495584/0001398344-21-007359.txt
"EXP World Holdings, Inc.",0001495932,10-K,2021-03-11,edgar/data/1495932/0001558370-21-002743.txt
Brookfield Property REIT Inc.,0001496048,10-K,2021-02-26,edgar/data/1496048/0001496048-21-000006.txt
New Mountain Finance Corp,0001496099,10-K,2021-02-24,edgar/data/1496099/0001496099-21-000003.txt
"Hudson Pacific Properties, L.P.",0001496264,10-K,2021-02-22,edgar/data/1496264/0001482512-21-000058.txt
"IGM Biosciences, Inc.",0001496323,10-K,2021-03-30,edgar/data/1496323/0001564590-21-016675.txt
"Paysign, Inc.",0001496443,10-K,2021-03-26,edgar/data/1496443/0001683168-21-001067.txt
"CNL Healthcare Properties, Inc.",0001496454,10-K,2021-03-15,edgar/data/1496454/0001564590-21-013205.txt
"Calithera Biosciences, Inc.",0001496671,10-K,2021-03-16,edgar/data/1496671/0001564590-21-013599.txt
PLx Pharma Inc.,0001497504,10-K,2021-03-12,edgar/data/1497504/0001437749-21-005803.txt
"Summit Hotel Properties, Inc.",0001497645,10-K,2021-02-26,edgar/data/1497645/0001497645-21-000002.txt
Graphene & Solar Technologies Ltd,0001497649,10-K,2021-02-17,edgar/data/1497649/0001575705-21-000061.txt
"Walker & Dunlop, Inc.",0001497770,10-K,2021-02-25,edgar/data/1497770/0001558370-21-001854.txt
"Daniels Corporate Advisory Company, Inc.",0001498291,10-K,2021-03-24,edgar/data/1498291/0001493152-21-006663.txt
"CIM INCOME NAV, INC.",0001498542,10-K,2021-03-31,edgar/data/1498542/0001498542-21-000032.txt
"CIM REAL ESTATE FINANCE TRUST, INC.",0001498547,10-K,2021-03-31,edgar/data/1498547/0001498547-21-000013.txt
"Spirit Airlines, Inc.",0001498710,10-K,2021-02-10,edgar/data/1498710/0001498710-21-000020.txt
Howard Hughes Corp,0001498828,10-K,2021-02-25,edgar/data/1498828/0001628280-21-003287.txt
"Sabine Pass Liquefaction, LLC",0001499200,10-K,2021-02-24,edgar/data/1499200/0001499200-21-000004.txt
Ally Master Owner Trust,0001499357,10-K,2021-03-26,edgar/data/1499357/0001499357-21-000010.txt
RBB Bancorp,0001499422,10-K,2021-03-09,edgar/data/1499422/0001437749-21-005417.txt
"Spirit of Texas Bancshares, Inc.",0001499453,10-K,2021-03-05,edgar/data/1499453/0001564590-21-011144.txt
Tengjun Biotechnology Corp.,0001499785,10-K,2021-02-17,edgar/data/1499785/0001213900-21-010139.txt
"Townsquare Media, Inc.",0001499832,10-K,2021-03-16,edgar/data/1499832/0001499832-21-000046.txt
"Net Element, Inc.",0001499961,10-K,2021-03-31,edgar/data/1499961/0001437749-21-007796.txt
Item 9 Labs Corp.,0001500123,10-K,2021-01-12,edgar/data/1500123/0001554795-21-000008.txt
"American Assets Trust, Inc.",0001500217,10-K,2021-02-16,edgar/data/1500217/0001500217-21-000008.txt
"GoPro, Inc.",0001500435,10-K,2021-02-12,edgar/data/1500435/0001500435-21-000020.txt
Invitae Corp,0001501134,10-K,2021-02-26,edgar/data/1501134/0001501134-21-000012.txt
"Veritex Holdings, Inc.",0001501570,10-K,2021-02-26,edgar/data/1501570/0001501570-21-000133.txt
"HUNTINGTON INGALLS INDUSTRIES, INC.",0001501585,10-K,2021-02-11,edgar/data/1501585/0001501585-21-000008.txt
"X4 Pharmaceuticals, Inc",0001501697,10-K,2021-03-19,edgar/data/1501697/0001628280-21-005202.txt
FS Energy & Power Fund,0001501729,10-K,2021-03-10,edgar/data/1501729/0001104659-21-034574.txt
"Adverum Biotechnologies, Inc.",0001501756,10-K,2021-03-01,edgar/data/1501756/0001628280-21-003623.txt
"CytomX Therapeutics, Inc.",0001501989,10-K,2021-02-24,edgar/data/1501989/0001564590-21-008081.txt
"Conifer Holdings, Inc.",0001502292,10-K,2021-03-11,edgar/data/1502292/0001564590-21-012548.txt
"CX Network Group, Inc.",0001502557,10-K,2021-01-13,edgar/data/1502557/0001213900-21-001897.txt
"Digipath, Inc.",0001502966,10-K,2021-01-29,edgar/data/1502966/0001493152-21-002057.txt
Quanterix Corp,0001503274,10-K,2021-03-05,edgar/data/1503274/0001558370-21-002469.txt
LiquidValue Development Inc.,0001503658,10-K,2021-03-22,edgar/data/1503658/0001654954-21-003068.txt
"NorthStar Healthcare Income, Inc.",0001503707,10-K,2021-03-23,edgar/data/1503707/0001503707-21-000008.txt
Karyopharm Therapeutics Inc.,0001503802,10-K,2021-02-24,edgar/data/1503802/0001193125-21-054811.txt
"BankUnited, Inc.",0001504008,10-K,2021-02-26,edgar/data/1504008/0001504008-21-000007.txt
"Timber Pharmaceuticals, Inc.",0001504167,10-K,2021-03-23,edgar/data/1504167/0001104659-21-040402.txt
"Upland Software, Inc.",0001505155,10-K,2021-02-25,edgar/data/1505155/0001505155-21-000011.txt
VOC Energy Trust,0001505413,10-K,2021-03-16,edgar/data/1505413/0001104659-21-037131.txt
"BioRestorative Therapies, Inc.",0001505497,10-K,2021-03-18,edgar/data/1505497/0001493152-21-006285.txt
Regulus Therapeutics Inc.,0001505512,10-K,2021-03-09,edgar/data/1505512/0001628280-21-004294.txt
"Bankwell Financial Group, Inc.",0001505732,10-K,2021-03-10,edgar/data/1505732/0001505732-21-000067.txt
"PINTEREST, INC.",0001506293,10-K,2021-02-05,edgar/data/1506293/0001506293-21-000025.txt
"KINDER MORGAN, INC.",0001506307,10-K,2021-02-05,edgar/data/1506307/0001506307-21-000022.txt
"SharpSpring, Inc.",0001506439,10-K,2021-03-30,edgar/data/1506439/0001654954-21-003521.txt
"CHF Solutions, Inc.",0001506492,10-K,2021-03-25,edgar/data/1506492/0001140361-21-009989.txt
Avinger Inc,0001506928,10-K,2021-03-11,edgar/data/1506928/0001437749-21-005713.txt
"Floor & Decor Holdings, Inc.",0001507079,10-K,2021-02-25,edgar/data/1507079/0001507079-21-000005.txt
"VEREIT, Inc.",0001507385,10-K,2021-02-24,edgar/data/1507385/0001507385-21-000042.txt
"ESH Hospitality, Inc.",0001507563,10-K,2021-02-25,edgar/data/1507563/0001628280-21-003326.txt
"MARATHON DIGITAL HOLDINGS, INC.",0001507605,10-K,2021-03-16,edgar/data/1507605/0001493152-21-006139.txt
Ideal Power Inc.,0001507957,10-K,2021-03-26,edgar/data/1507957/0001104659-21-041953.txt
Solar Senior Capital Ltd.,0001508171,10-K,2021-02-24,edgar/data/1508171/0001193125-21-054684.txt
"Sixth Street Specialty Lending, Inc.",0001508655,10-K,2021-02-17,edgar/data/1508655/0001564590-21-006366.txt
SandRidge Mississippian Trust I,0001509228,10-K,2021-03-24,edgar/data/1509228/0001628280-21-005478.txt
SURO CAPITAL CORP.,0001509470,10-K,2021-03-12,edgar/data/1509470/0001628280-21-004632.txt
"American Assets Trust, L.P.",0001509570,10-K,2021-02-16,edgar/data/1509570/0001500217-21-000008.txt
"Bonanza Creek Energy, Inc.",0001509589,10-K,2021-02-17,edgar/data/1509589/0001509589-21-000015.txt
"LEAP THERAPEUTICS, INC.",0001509745,10-K,2021-03-12,edgar/data/1509745/0001104659-21-035227.txt
Guskin Gold Corp.,0001509786,10-K,2021-01-08,edgar/data/1509786/0001213900-21-001167.txt
Kosmos Energy Ltd.,0001509991,10-K,2021-02-23,edgar/data/1509991/0001509991-21-000031.txt
Marathon Petroleum Corp,0001510295,10-K,2021-02-26,edgar/data/1510295/0001510295-21-000027.txt
Genufood Energy Enzymes Corp.,0001510518,10-K,2021-01-13,edgar/data/1510518/0001213900-21-001893.txt
SLM Student Loan Trust 2011-1,0001510872,10-K,2021-03-30,edgar/data/1510872/0001140361-21-010751.txt
SLM Student Loan Trust 2011-2,0001510873,10-K,2021-03-30,edgar/data/1510873/0001140361-21-010752.txt
SLM Student Loan Trust 2011-3,0001510874,10-K,2021-03-30,edgar/data/1510874/0001140361-21-010753.txt
"CV Sciences, Inc.",0001510964,10-K,2021-03-19,edgar/data/1510964/0001510964-21-000012.txt
RLJ Lodging Trust,0001511337,10-K,2021-02-26,edgar/data/1511337/0001628280-21-003473.txt
"LINDBLAD EXPEDITIONS HOLDINGS, INC.",0001512499,10-K,2021-03-12,edgar/data/1512499/0001437749-21-005933.txt
"Square, Inc.",0001512673,10-K,2021-02-23,edgar/data/1512673/0001512673-21-000008.txt
"Coherus BioSciences, Inc.",0001512762,10-K,2021-02-25,edgar/data/1512762/0001558370-21-001829.txt
"China United Insurance Service, Inc.",0001512927,10-K,2021-03-25,edgar/data/1512927/0001104659-21-041492.txt
MONROE CAPITAL Corp,0001512931,10-K,2021-03-02,edgar/data/1512931/0001104659-21-030862.txt
FIDUS INVESTMENT Corp,0001513363,10-K,2021-02-25,edgar/data/1513363/0001193125-21-056953.txt
"ADIAL PHARMACEUTICALS, INC.",0001513525,10-K,2021-03-22,edgar/data/1513525/0001213900-21-017009.txt
Norwegian Cruise Line Holdings Ltd.,0001513761,10-K,2021-02-26,edgar/data/1513761/0001558370-21-001998.txt
"Aravive, Inc.",0001513818,10-K,2021-03-16,edgar/data/1513818/0001564590-21-013312.txt
"TRAQIQ, INC.",0001514056,10-K,2021-03-22,edgar/data/1514056/0001493152-21-006526.txt
"Silo Pharma, Inc.",0001514183,10-K,2021-03-29,edgar/data/1514183/0001213900-21-018270.txt
"AG Mortgage Investment Trust, Inc.",0001514281,10-K,2021-02-23,edgar/data/1514281/0001514281-21-000025.txt
Bandwidth Inc.,0001514416,10-K,2021-03-01,edgar/data/1514416/0001514416-21-000092.txt
"SunCoke Energy, Inc.",0001514705,10-K,2021-02-25,edgar/data/1514705/0001514705-21-000003.txt
AMC Networks Inc.,0001514991,10-K,2021-02-26,edgar/data/1514991/0001514991-21-000014.txt
CurrencyWorks Inc.,0001515139,10-K,2021-03-31,edgar/data/1515139/0001493152-21-007268.txt
"Advanced Emissions Solutions, Inc.",0001515156,10-K,2021-03-10,edgar/data/1515156/0001515156-21-000010.txt
Ultragenyx Pharmaceutical Inc.,0001515673,10-K,2021-02-12,edgar/data/1515673/0001564590-21-005610.txt
Plymouth Industrial REIT Inc.,0001515816,10-K,2021-02-26,edgar/data/1515816/0001171520-21-000110.txt
"Skye Bioscience, Inc.",0001516551,10-K,2021-03-02,edgar/data/1516551/0001640334-21-000483.txt
"Moxian, Inc.",0001516805,10-K,2021-01-14,edgar/data/1516805/0001493152-21-001052.txt
"Wellness Center USA, Inc.",0001516887,10-K,2021-02-08,edgar/data/1516887/0001493152-21-002909.txt
"Origin Bancorp, Inc.",0001516912,10-K,2021-03-02,edgar/data/1516912/0001516912-21-000019.txt
"Gatos Silver, Inc.",0001517006,10-K,2021-03-29,edgar/data/1517006/0001104659-21-043336.txt
"Akebia Therapeutics, Inc.",0001517022,10-K,2021-02-25,edgar/data/1517022/0001628280-21-003283.txt
"Chefs' Warehouse, Inc.",0001517175,10-K,2021-02-23,edgar/data/1517175/0001517175-21-000003.txt
"CommScope Holding Company, Inc.",0001517228,10-K,2021-02-17,edgar/data/1517228/0001564590-21-006126.txt
Artisan Partners Asset Management Inc.,0001517302,10-K,2021-02-23,edgar/data/1517302/0001517302-21-000019.txt
"Sprout Social, Inc.",0001517375,10-K,2021-02-24,edgar/data/1517375/0001517375-21-000009.txt
"Fastly, Inc.",0001517413,10-K,2021-03-01,edgar/data/1517413/0001517413-21-000030.txt
"Merion, Inc.",0001517498,10-K,2021-03-30,edgar/data/1517498/0001477932-21-001788.txt
LG&E & KU Energy LLC,0001518339,10-K,2021-02-18,edgar/data/1518339/0000922224-21-000006.txt
"AmpliTech Group, Inc.",0001518461,10-K,2021-03-31,edgar/data/1518461/0001477932-21-001890.txt
"Orchid Island Capital, Inc.",0001518621,10-K,2021-02-26,edgar/data/1518621/0001518621-21-000030.txt
"HomeStreet, Inc.",0001518715,10-K,2021-03-12,edgar/data/1518715/0001518715-21-000065.txt
Trinseo S.A.,0001519061,10-K,2021-02-22,edgar/data/1519061/0001558370-21-001355.txt
"ATEL 15, LLC",0001519117,10-K,2021-03-30,edgar/data/1519117/0001558370-21-003673.txt
Regional Management Corp.,0001519401,10-K,2021-02-25,edgar/data/1519401/0001564590-21-008906.txt
"Fortune Brands Home & Security, Inc.",0001519751,10-K,2021-02-24,edgar/data/1519751/0001564590-21-008129.txt
Matador Resources Co,0001520006,10-K,2021-02-26,edgar/data/1520006/0001520006-21-000056.txt
Permianville Royalty Trust,0001520048,10-K,2021-03-23,edgar/data/1520048/0001104659-21-040364.txt
Alkermes plc.,0001520262,10-K,2021-02-11,edgar/data/1520262/0001564590-21-005593.txt
"Acadia Healthcare Company, Inc.",0001520697,10-K,2021-02-26,edgar/data/1520697/0001564590-21-009466.txt
"Lantheus Holdings, Inc.",0001521036,10-K,2021-02-25,edgar/data/1521036/0001628280-21-003336.txt
SandRidge Permian Trust,0001521168,10-K,2021-03-26,edgar/data/1521168/0001104659-21-042424.txt
Aptiv PLC,0001521332,10-K,2021-02-08,edgar/data/1521332/0001521332-21-000009.txt
"FIRST BUSINESS FINANCIAL SERVICES, INC.",0001521951,10-K,2021-02-24,edgar/data/1521951/0001521951-21-000028.txt
"CohBar, Inc.",0001522602,10-K,2021-03-30,edgar/data/1522602/0001213900-21-018680.txt
"Citibank, N.A., as depositor of Citibank Credit Card Issuance Trust",0001522616,10-K,2021-03-29,edgar/data/1522616/0001193125-21-098187.txt
"USA Compression Partners, LP",0001522727,10-K,2021-02-16,edgar/data/1522727/0001522727-21-000010.txt
MARIMED INC.,0001522767,10-K,2021-03-23,edgar/data/1522767/0001493152-21-006636.txt
"Acutus Medical, Inc.",0001522860,10-K,2021-03-19,edgar/data/1522860/0001564590-21-014208.txt
"ENTERGY LOUISIANA INVESTMENT RECOVERY FUNDING I, L.L.C.",0001523519,10-K,2021-03-29,edgar/data/1523519/0000065984-21-000155.txt
Sierra Income Corp,0001523526,10-K,2021-03-19,edgar/data/1523526/0001437749-21-006651.txt
"Manning & Napier, Inc.",0001524223,10-K,2021-03-17,edgar/data/1524223/0001524223-21-000016.txt
MARRIOTT VACATIONS WORLDWIDE Corp,0001524358,10-K,2021-03-01,edgar/data/1524358/0001524358-21-000016.txt
Xylem Inc.,0001524472,10-K,2021-02-26,edgar/data/1524472/0001524472-21-000008.txt
"MPT Operating Partnership, L.P.",0001524607,10-K,2021-03-01,edgar/data/1524607/0001564590-21-009901.txt
"U.S. SILICA HOLDINGS, INC.",0001524741,10-K,2021-02-26,edgar/data/1524741/0001524741-21-000012.txt
CHESAPEAKE GRANITE WASH TRUST,0001524769,10-K,2021-03-19,edgar/data/1524769/0001524769-21-000005.txt
"CHUY'S HOLDINGS, INC.",0001524931,10-K,2021-03-11,edgar/data/1524931/0001524931-21-000010.txt
Sprague Resources LP,0001525287,10-K,2021-03-05,edgar/data/1525287/0001525287-21-000017.txt
FS KKR Capital Corp. II,0001525759,10-K,2021-03-01,edgar/data/1525759/0001193125-21-063769.txt
"Dave & Buster's Entertainment, Inc.",0001525769,10-K,2021-03-31,edgar/data/1525769/0001193125-21-102470.txt
Intelsat S.A.,0001525773,10-K,2021-03-30,edgar/data/1525773/0001525773-21-000006.txt
"Global Net Lease, Inc.",0001526113,10-K,2021-02-26,edgar/data/1526113/0001526113-21-000007.txt
"Verastem, Inc.",0001526119,10-K,2021-03-18,edgar/data/1526119/0001558370-21-003211.txt
"TripAdvisor, Inc.",0001526520,10-K,2021-02-19,edgar/data/1526520/0001564590-21-006939.txt
"Generation Hemp, Inc.",0001527102,10-K,2021-03-31,edgar/data/1527102/0001213900-21-019142.txt
Carlyle Group Inc.,0001527166,10-K,2021-02-11,edgar/data/1527166/0001527166-21-000010.txt
BankGuam Holding Co,0001527383,10-K,2021-03-22,edgar/data/1527383/0001564590-21-014469.txt
Athene Holding Ltd,0001527469,10-K,2021-02-19,edgar/data/1527469/0001527469-21-000025.txt
Pactiv Evergreen Inc.,0001527508,10-K,2021-02-25,edgar/data/1527508/0001564590-21-008652.txt
DBUBS 2011-LC3 Mortgage Trust,0001527531,10-K,2021-03-10,edgar/data/1527531/0001056404-21-002414.txt
"Wheeler Real Estate Investment Trust, Inc.",0001527541,10-K,2021-03-18,edgar/data/1527541/0001628280-21-005085.txt
Ready Capital Corp,0001527590,10-K,2021-03-15,edgar/data/1527590/0001558370-21-003005.txt
"SYNLOGIC, INC.",0001527599,10-K,2021-03-25,edgar/data/1527599/0001564590-21-015256.txt
"Personalis, Inc.",0001527753,10-K,2021-02-25,edgar/data/1527753/0001564590-21-008848.txt
"VEREIT Operating Partnership, L.P.",0001528059,10-K,2021-02-24,edgar/data/1528059/0001507385-21-000042.txt
"Annexon, Inc.",0001528115,10-K,2021-03-25,edgar/data/1528115/0001564590-21-015262.txt
"Laredo Petroleum, Inc.",0001528129,10-K,2021-02-22,edgar/data/1528129/0001528129-21-000026.txt
Genie Energy Ltd.,0001528356,10-K,2021-03-16,edgar/data/1528356/0001213900-21-015538.txt
Morgan Stanley Capital I Trust 2011-C3,0001528503,10-K,2021-03-29,edgar/data/1528503/0001056404-21-003379.txt
"Exeo Entertainment, Inc.",0001528760,10-K,2021-03-16,edgar/data/1528760/0001199835-21-000131.txt
RH,0001528849,10-K,2021-03-30,edgar/data/1528849/0001558370-21-003728.txt
"Franchise Group, Inc.",0001528930,10-K,2021-03-10,edgar/data/1528930/0001528930-21-000013.txt
"Inland Real Estate Income Trust, Inc.",0001528985,10-K,2021-03-18,edgar/data/1528985/0001564590-21-014193.txt
INPIXON,0001529113,10-K,2021-03-31,edgar/data/1529113/0001628280-21-006279.txt
Ares Commercial Real Estate Corp,0001529377,10-K,2021-02-18,edgar/data/1529377/0001628280-21-002412.txt
"FTS International, Inc.",0001529463,10-K,2021-03-05,edgar/data/1529463/0001558370-21-002464.txt
"Smart Sand, Inc.",0001529628,10-K,2021-03-03,edgar/data/1529628/0001529628-21-000067.txt
J.P. Morgan Chase Commercial Mortgage Securities Trust 2011-C5,0001529658,10-K,2021-03-19,edgar/data/1529658/0001056404-21-002992.txt
"Enova International, Inc.",0001529864,10-K,2021-02-26,edgar/data/1529864/0001564590-21-009434.txt
"Samsara Luggage, Inc.",0001530163,10-K,2021-03-30,edgar/data/1530163/0001213900-21-018447.txt
GS Mortgage Securities Trust 2011-GC5,0001530219,10-K,2021-03-26,edgar/data/1530219/0001564590-21-015706.txt
"FS Bancorp, Inc.",0001530249,10-K,2021-03-16,edgar/data/1530249/0001558370-21-003074.txt
"Kaya Holdings, Inc.",0001530746,10-K,2021-03-31,edgar/data/1530746/0001721868-21-000184.txt
"BioSig Technologies, Inc.",0001530766,10-K,2021-03-15,edgar/data/1530766/0001185185-21-000325.txt
Tronox Holdings plc,0001530804,10-K,2021-02-23,edgar/data/1530804/0001530804-21-000005.txt
"Esquire Financial Holdings, Inc.",0001531031,10-K,2021-03-19,edgar/data/1531031/0001558370-21-003259.txt
"Inari Medical, Inc.",0001531048,10-K,2021-03-09,edgar/data/1531048/0001564590-21-011763.txt
"BJ's Wholesale Club Holdings, Inc.",0001531152,10-K,2021-03-19,edgar/data/1531152/0001437749-21-006555.txt
"Nine Energy Service, Inc.",0001532286,10-K,2021-03-08,edgar/data/1532286/0001532286-21-000006.txt
"Atreca, Inc.",0001532346,10-K,2021-02-26,edgar/data/1532346/0001558370-21-001932.txt
VANJIA CORP,0001532383,10-K,2021-03-25,edgar/data/1532383/0001017386-21-000067.txt
Power REIT,0001532619,10-K,2021-03-24,edgar/data/1532619/0001493152-21-006671.txt
WFRBS Commercial Mortgage Trust 2011-C5,0001532826,10-K,2021-03-15,edgar/data/1532826/0001056404-21-002632.txt
"NV5 Global, Inc.",0001532961,10-K,2021-03-03,edgar/data/1532961/0001628280-21-003834.txt
Andina Gold Corp.,0001533030,10-K,2021-03-30,edgar/data/1533030/0001213900-21-018703.txt
Phio Pharmaceuticals Corp.,0001533040,10-K,2021-03-25,edgar/data/1533040/0001683168-21-001062.txt
Global Medical REIT Inc.,0001533615,10-K,2021-03-08,edgar/data/1533615/0001558370-21-002560.txt
"Processa Pharmaceuticals, Inc.",0001533743,10-K,2021-03-25,edgar/data/1533743/0001493152-21-006807.txt
Hughes Satellite Systems Corp,0001533758,10-K,2021-02-23,edgar/data/1533758/0001533758-21-000006.txt
"CenterPoint Energy Transition Bond Co IV, LLC",0001533840,10-K,2021-03-25,edgar/data/1533840/0001193125-21-094506.txt
Amplify Energy Corp.,0001533924,10-K,2021-03-11,edgar/data/1533924/0001564590-21-012491.txt
DarioHealth Corp.,0001533998,10-K,2021-03-09,edgar/data/1533998/0001104659-21-033389.txt
Cerecor Inc.,0001534120,10-K,2021-03-08,edgar/data/1534120/0001628280-21-004162.txt
"GRAYBUG VISION, INC.",0001534133,10-K,2021-03-05,edgar/data/1534133/0001564590-21-011305.txt
Ipsidy Inc.,0001534154,10-K,2021-03-08,edgar/data/1534154/0001213900-21-013989.txt
Anchiano Therapeutics Ltd.,0001534248,10-K,2021-03-09,edgar/data/1534248/0001104659-21-033822.txt
CION Investment Corp,0001534254,10-K,2021-03-16,edgar/data/1534254/0001534254-21-000003.txt
PBF Energy Inc.,0001534504,10-K,2021-02-18,edgar/data/1534504/0001534504-21-000008.txt
"Xenetic Biosciences, Inc.",0001534525,10-K,2021-03-16,edgar/data/1534525/0001683168-21-000969.txt
Tecnoglass Inc.,0001534675,10-K,2021-03-08,edgar/data/1534675/0001493152-21-005578.txt
Phillips 66,0001534701,10-K,2021-02-24,edgar/data/1534701/0001534701-21-000074.txt
"Eastside Distilling, Inc.",0001534708,10-K,2021-03-31,edgar/data/1534708/0001493152-21-007474.txt
"Fiesta Restaurant Group, Inc.",0001534992,10-K,2021-03-05,edgar/data/1534992/0001534992-21-000020.txt
"Cloudera, Inc.",0001535379,10-K,2021-03-25,edgar/data/1535379/0001628280-21-005632.txt
GS Mortgage Securities Trust 2012-GC6,0001535456,10-K,2021-03-19,edgar/data/1535456/0001056404-21-002959.txt
"CrowdStrike Holdings, Inc.",0001535527,10-K,2021-03-18,edgar/data/1535527/0001535527-21-000007.txt
CFCRE Commercial Mortgage Trust 2011-C2,0001535706,10-K,2021-03-26,edgar/data/1535706/0001564590-21-015849.txt
"MSC INCOME FUND, INC.",0001535778,10-K,2021-03-30,edgar/data/1535778/0001047469-21-000783.txt
"Voya Financial, Inc.",0001535929,10-K,2021-03-01,edgar/data/1535929/0001535929-21-000025.txt
Lipocine Inc.,0001535955,10-K,2021-03-11,edgar/data/1535955/0001104659-21-034761.txt
UBS-Citigroup Commercial Mortgage Trust 2011-C1,0001536226,10-K,2021-03-26,edgar/data/1536226/0001020242-21-000103.txt
"U.S. Lighting Group, Inc.",0001536394,10-K,2021-03-24,edgar/data/1536394/0001213900-21-017529.txt
Medley LLC,0001536577,10-K,2021-03-31,edgar/data/1536577/0001437749-21-007882.txt
SLM Student Loan Trust 2012-1,0001536720,10-K,2021-03-30,edgar/data/1536720/0001140361-21-010754.txt
"Independence Contract Drilling, Inc.",0001537028,10-K,2021-03-01,edgar/data/1537028/0001537028-21-000041.txt
Gogo Inc.,0001537054,10-K,2021-03-11,edgar/data/1537054/0001564590-21-012575.txt
Whiting USA Trust II,0001537058,10-K,2021-03-19,edgar/data/1537058/0001537058-21-000008.txt
TECOGEN INC.,0001537435,10-K,2021-03-18,edgar/data/1537435/0001537435-21-000014.txt
"NexImmune, Inc.",0001538210,10-K,2021-03-31,edgar/data/1538210/0001193125-21-102236.txt
"SRAX, Inc.",0001538217,10-K,2021-03-31,edgar/data/1538217/0001493152-21-007542.txt
Oportun Financial Corp,0001538716,10-K,2021-02-23,edgar/data/1538716/0001538716-21-000030.txt
CrossAmerica Partners LP,0001538849,10-K,2021-03-02,edgar/data/1538849/0001564590-21-010002.txt
"Forma Therapeutics Holdings, Inc.",0001538927,10-K,2021-03-30,edgar/data/1538927/0001564590-21-016642.txt
STORE CAPITAL Corp,0001538990,10-K,2021-02-26,edgar/data/1538990/0001558370-21-002003.txt
"Clearside Biomedical, Inc.",0001539029,10-K,2021-03-15,edgar/data/1539029/0001564590-21-013027.txt
"Triumph Bancorp, Inc.",0001539638,10-K,2021-02-12,edgar/data/1539638/0001628280-21-002107.txt
AEP Texas Central Transition Funding III LLC,0001539816,10-K,2021-03-26,edgar/data/1539816/0001539816-21-000003.txt
"Diamondback Energy, Inc.",0001539838,10-K,2021-02-25,edgar/data/1539838/0001539838-21-000015.txt
"Medallia, Inc.",0001540184,10-K,2021-03-22,edgar/data/1540184/0001540184-21-000004.txt
"PUGET TECHNOLOGIES, INC.",0001540615,10-K,2021-02-12,edgar/data/1540615/0001575705-21-000037.txt
"Brazil Minerals, Inc.",0001540684,10-K,2021-03-31,edgar/data/1540684/0001520138-21-000181.txt
"Anaplan, Inc.",0001540755,10-K,2021-03-12,edgar/data/1540755/0001564590-21-012868.txt
SLM Student Loan Trust 2012-2,0001540960,10-K,2021-03-30,edgar/data/1540960/0001140361-21-010755.txt
"Sound Financial Bancorp, Inc.",0001541119,10-K,2021-03-30,edgar/data/1541119/0001541119-21-000009.txt
"Empire State Realty Trust, Inc.",0001541401,10-K,2021-02-26,edgar/data/1541401/0001628280-21-003417.txt
Morgan Stanley Capital I Trust 2012-C4,0001541451,10-K,2021-03-30,edgar/data/1541451/0001056404-21-003490.txt
"RREEF Property Trust, Inc.",0001542447,10-K,2021-03-09,edgar/data/1542447/0001542447-21-000014.txt
Prosper Funding LLC,0001542574,10-K,2021-03-15,edgar/data/1542574/0001416265-21-000134.txt
WFRBS Commercial Mortgage Trust 2012-C6,0001542830,10-K,2021-03-16,edgar/data/1542830/0001056404-21-002790.txt
COMM 2012-LC4 Mortgage Trust,0001543042,10-K,2021-03-18,edgar/data/1543042/0001020242-21-000072.txt
"Uber Technologies, Inc",0001543151,10-K,2021-03-01,edgar/data/1543151/0001543151-21-000014.txt
Trilogy Metals Inc.,0001543418,10-K,2021-02-12,edgar/data/1543418/0001558370-21-000933.txt
"Nu-Med Plus, Inc.",0001543637,10-K,2021-03-31,edgar/data/1543637/0001548123-21-000029.txt
"Shepherd's Finance, LLC",0001544190,10-K,2021-03-11,edgar/data/1544190/0001493152-21-005824.txt
"TCG BDC, INC.",0001544206,10-K,2021-02-23,edgar/data/1544206/0001544206-21-000009.txt
"Millendo Therapeutics, Inc.",0001544227,10-K,2021-03-29,edgar/data/1544227/0001544227-21-000018.txt
American Oil & Gas Inc.,0001544400,10-K,2021-01-21,edgar/data/1544400/0001477932-21-000340.txt
UBS Commercial Mortgage Trust 2012-C1,0001544629,10-K,2021-03-16,edgar/data/1544629/0001020242-21-000050.txt
J.P. Morgan Chase Commercial Mortgage Securities Trust 2012-C6,0001545018,10-K,2021-03-26,edgar/data/1545018/0001056404-21-003174.txt
Sequoia Mortgage Trust 2012-2,0001545416,10-K,2021-03-30,edgar/data/1545416/0001564590-21-016667.txt
"Alexander & Baldwin, Inc.",0001545654,10-K,2021-02-26,edgar/data/1545654/0001545654-21-000006.txt
"Bloomin' Brands, Inc.",0001546417,10-K,2021-02-24,edgar/data/1546417/0001546417-21-000023.txt
SLM Student Loan Trust 2012-3,0001546637,10-K,2021-03-30,edgar/data/1546637/0001140361-21-010756.txt
"Skkynet Cloud Systems, Inc.",0001546853,10-K,2021-02-09,edgar/data/1546853/0001477932-21-000699.txt
"Lument Finance Trust, Inc.",0001547546,10-K,2021-03-15,edgar/data/1547546/0001628280-21-004756.txt
"NMI Holdings, Inc.",0001547903,10-K,2021-02-24,edgar/data/1547903/0001547903-21-000055.txt
"Soliton, Inc.",0001548187,10-K,2021-03-04,edgar/data/1548187/0001548187-21-000015.txt
"Yew Bio-Pharm Group, Inc.",0001548240,10-K,2021-03-30,edgar/data/1548240/0001493152-21-007242.txt
GS Mortgage Securities Trust 2012-GCJ7,0001548266,10-K,2021-03-12,edgar/data/1548266/0001056404-21-002558.txt
COMM 2012-CCRE1 Mortgage Trust,0001548599,10-K,2021-03-16,edgar/data/1548599/0001056404-21-002764.txt
"EKSO BIONICS HOLDINGS, INC.",0001549084,10-K,2021-02-25,edgar/data/1549084/0001549084-21-000012.txt
"Shutterstock, Inc.",0001549346,10-K,2021-02-11,edgar/data/1549346/0001549346-21-000012.txt
"Nurix Therapeutics, Inc.",0001549595,10-K,2021-02-16,edgar/data/1549595/0001564590-21-006071.txt
"Summit Midstream Partners, LP",0001549922,10-K,2021-03-04,edgar/data/1549922/0001564590-21-011012.txt
Silvercrest Asset Management Group Inc.,0001549966,10-K,2021-03-04,edgar/data/1549966/0001564590-21-010956.txt
WFRBS Commercial Mortgage Trust 2012-C7,0001550120,10-K,2021-03-25,edgar/data/1550120/0001056404-21-003093.txt
J.P. Morgan Chase Commercial Mortgage Securities Trust 2012-CIBX,0001550221,10-K,2021-03-12,edgar/data/1550221/0001056404-21-002501.txt
RBC Covered Bond Guarantor Limited Partnership,0001550369,10-K,2021-01-29,edgar/data/1550369/0001214659-21-000971.txt
TriLinc Global Impact Fund LLC,0001550453,10-K,2021-03-31,edgar/data/1550453/0001564590-21-017096.txt
"MALVERN BANCORP, INC.",0001550603,10-K,2021-01-29,edgar/data/1550603/0001564590-21-003221.txt
Performant Financial Corp,0001550695,10-K,2021-03-22,edgar/data/1550695/0001550695-21-000007.txt
Sequoia Mortgage Trust 2012-3,0001551097,10-K,2021-03-30,edgar/data/1551097/0001564590-21-016711.txt
AbbVie Inc.,0001551152,10-K,2021-02-19,edgar/data/1551152/0001551152-21-000008.txt
Eaton Corp plc,0001551182,10-K,2021-02-24,edgar/data/1551182/0001551182-21-000022.txt
SLM Student Loan Trust 2012-5,0001551271,10-K,2021-03-30,edgar/data/1551271/0001140361-21-010757.txt
"Progyny, Inc.",0001551306,10-K,2021-03-01,edgar/data/1551306/0001558370-21-002082.txt
"Sientra, Inc.",0001551693,10-K,2021-03-11,edgar/data/1551693/0001564590-21-012519.txt
DUESENBERG TECHNOLOGIES INC.,0001551887,10-K,2021-01-29,edgar/data/1551887/0001393905-21-000025.txt
Stellus Capital Investment Corp,0001551901,10-K,2021-03-04,edgar/data/1551901/0001104659-21-032149.txt
"9 METERS BIOPHARMA, INC.",0001551986,10-K,2021-03-22,edgar/data/1551986/0001551986-21-000033.txt
MPLX LP,0001552000,10-K,2021-02-26,edgar/data/1552000/0001552000-21-000017.txt
TransUnion,0001552033,10-K,2021-02-16,edgar/data/1552033/0001552033-21-000008.txt
Barclays Dryrock Issuance Trust,0001552111,10-K,2021-03-26,edgar/data/1552111/0001208646-21-000027.txt
"WhiteHorse Finance, Inc.",0001552198,10-K,2021-03-08,edgar/data/1552198/0001104659-21-033366.txt
Sunoco LP,0001552275,10-K,2021-02-19,edgar/data/1552275/0001552275-21-000011.txt
Morgan Stanley Bank of America Merrill Lynch Trust 2012-C5,0001552327,10-K,2021-03-30,edgar/data/1552327/0001387131-21-004019.txt
UBS-Barclays Commercial Mortgage Trust 2012-C2,0001552328,10-K,2021-03-18,edgar/data/1552328/0001387131-21-003662.txt
TACTICAL SERVICES INC,0001552358,10-K,2021-02-25,edgar/data/1552358/0001078782-21-000166.txt
CNH Industrial Capital LLC,0001552493,10-K,2021-03-03,edgar/data/1552493/0001558370-21-002310.txt
"Delek Logistics Partners, LP",0001552797,10-K,2021-03-01,edgar/data/1552797/0001552797-21-000015.txt
"TILE SHOP HOLDINGS, INC.",0001552800,10-K,2021-03-11,edgar/data/1552800/0001552800-21-000005.txt
CyrusOne Inc.,0001553023,10-K,2021-02-19,edgar/data/1553023/0001553023-21-000012.txt
"Empire State Realty OP, L.P.",0001553079,10-K,2021-02-26,edgar/data/1553079/0001628280-21-003420.txt
"RELMADA THERAPEUTICS, INC.",0001553643,10-K,2021-03-24,edgar/data/1553643/0001213900-21-017556.txt
"SPLASH BEVERAGE GROUP, INC.",0001553788,10-K,2021-03-08,edgar/data/1553788/0001731122-21-000336.txt
WFRBS COMMERCIAL MORTGAGE TRUST 2012-C8,0001553817,10-K,2021-03-16,edgar/data/1553817/0001056404-21-002782.txt
Sequoia Mortgage Trust 2012-4,0001554730,10-K,2021-03-30,edgar/data/1554730/0001564590-21-016674.txt
COMM 2012-CCRE2 Mortgage Trust,0001554776,10-K,2021-03-11,edgar/data/1554776/0001056404-21-002478.txt
AUDDIA INC.,0001554818,10-K,2021-03-31,edgar/data/1554818/0001683168-21-001165.txt
"Semler Scientific, Inc.",0001554859,10-K,2021-03-09,edgar/data/1554859/0001104659-21-033887.txt
Altisource Asset Management Corp,0001555074,10-K,2021-03-03,edgar/data/1555074/0001555074-21-000032.txt
908 Devices Inc.,0001555279,10-K,2021-03-31,edgar/data/1555279/0001104659-21-044397.txt
Zoetis Inc.,0001555280,10-K,2021-02-16,edgar/data/1555280/0001555280-21-000098.txt
UBS-Barclays Commercial Mortgage Trust 2012-C3,0001555902,10-K,2021-03-18,edgar/data/1555902/0001020242-21-000066.txt
SLM Student Loan Trust 2012-6,0001556107,10-K,2021-03-30,edgar/data/1556107/0001140361-21-010758.txt
"Syros Pharmaceuticals, Inc.",0001556263,10-K,2021-03-04,edgar/data/1556263/0001564590-21-010709.txt
COMM 2012-CCRE3 Mortgage Trust,0001556487,10-K,2021-03-17,edgar/data/1556487/0001020242-21-000055.txt
New Residential Investment Corp.,0001556593,10-K,2021-02-16,edgar/data/1556593/0001556593-21-000004.txt
Wells Fargo Commercial Mortgage Trust 2012-LC5,0001556601,10-K,2021-03-16,edgar/data/1556601/0001056404-21-002786.txt
First Northwest Bancorp,0001556727,10-K,2021-03-15,edgar/data/1556727/0001437749-21-005979.txt
"Thryv Holdings, Inc.",0001556739,10-K,2021-03-25,edgar/data/1556739/0001628280-21-005660.txt
Citigroup Commercial Mortgage Trust 2012-GC8,0001556811,10-K,2021-03-29,edgar/data/1556811/0001564590-21-015984.txt
"Techpoint, Inc.",0001556898,10-K,2021-03-12,edgar/data/1556898/0001564590-21-012839.txt
J.P. Morgan Chase Commercial Mortgage Securities Trust 2012-C8,0001556965,10-K,2021-03-18,edgar/data/1556965/0001056404-21-002876.txt
"Kadmon Holdings, Inc.",0001557142,10-K,2021-03-04,edgar/data/1557142/0001557142-21-000022.txt
"Organicell Regenerative Medicine, Inc.",0001557376,10-K,2021-02-08,edgar/data/1557376/0001829126-21-000414.txt
"Venture Lending & Leasing VII, Inc.",0001557424,10-K,2021-03-15,edgar/data/1557424/0001557424-21-000003.txt
"Aclaris Therapeutics, Inc.",0001557746,10-K,2021-02-25,edgar/data/1557746/0001558370-21-001717.txt
WFRBS Commercial Mortgage Trust 2012-C9,0001557805,10-K,2021-03-17,edgar/data/1557805/0001056404-21-002821.txt
Morgan Stanley Bank of America Merrill Lynch Trust 2012-C6,0001558013,10-K,2021-03-29,edgar/data/1558013/0001056404-21-003389.txt
CORPORATE PROPERTY ASSOCIATES 18 GLOBAL INC,0001558235,10-K,2021-02-25,edgar/data/1558235/0001558235-21-000005.txt
COMM 2012-CCRE4 Mortgage Trust,0001558546,10-K,2021-03-25,edgar/data/1558546/0001056404-21-003101.txt
Arcimoto Inc,0001558583,10-K,2021-03-31,edgar/data/1558583/0001213900-21-019153.txt
Sequoia Mortgage Trust 2012-5,0001558904,10-K,2021-03-30,edgar/data/1558904/0001564590-21-016670.txt
PROTHENA CORP PUBLIC LTD CO,0001559053,10-K,2021-02-26,edgar/data/1559053/0001559053-21-000008.txt
UBS-Barclays Commercial Mortgage Trust 2012-C4,0001559450,10-K,2021-03-19,edgar/data/1559450/0001387131-21-003689.txt
"Resource REIT, Inc.",0001559484,10-K,2021-03-25,edgar/data/1559484/0001564590-21-015432.txt
"Airbnb, Inc.",0001559720,10-K,2021-02-26,edgar/data/1559720/0001559720-21-000010.txt
SLM Student Loan Trust 2012-7,0001559856,10-K,2021-03-30,edgar/data/1559856/0001140361-21-010759.txt
"EVERTEC, Inc.",0001559865,10-K,2021-03-01,edgar/data/1559865/0001559865-21-000009.txt
Harvest Capital Credit Corp,0001559909,10-K,2021-03-12,edgar/data/1559909/0001559909-21-000005.txt
"G1 Therapeutics, Inc.",0001560241,10-K,2021-02-24,edgar/data/1560241/0001564590-21-008171.txt
"electroCore, Inc.",0001560258,10-K,2021-03-11,edgar/data/1560258/0001213900-21-014871.txt
"Rapid7, Inc.",0001560327,10-K,2021-02-26,edgar/data/1560327/0001560327-21-000043.txt
Liberty Media Corp,0001560385,10-K,2021-02-26,edgar/data/1560385/0001558370-21-001967.txt
Texas Republic Capital Corp,0001560452,10-K,2021-03-25,edgar/data/1560452/0001185185-21-000379.txt
GS Mortgage Securities Trust 2012-GCJ9,0001560456,10-K,2021-03-25,edgar/data/1560456/0000894189-21-001752.txt
Ellington Residential Mortgage REIT,0001560672,10-K,2021-03-16,edgar/data/1560672/0001560672-21-000010.txt
"Healthcare Trust, Inc.",0001561032,10-K,2021-03-30,edgar/data/1561032/0001561032-21-000004.txt
Sequoia Mortgage Trust 2012-6,0001561167,10-K,2021-03-30,edgar/data/1561167/0001564590-21-016720.txt
"Datadog, Inc.",0001561550,10-K,2021-03-01,edgar/data/1561550/0001564590-21-009770.txt
MASTEC INC,0000015615,10-K,2021-02-25,edgar/data/15615/0000015615-21-000006.txt
ExOne Co,0001561627,10-K,2021-03-11,edgar/data/1561627/0001564590-21-012530.txt
"Tri Pointe Homes, Inc.",0001561680,10-K,2021-02-19,edgar/data/1561680/0001561680-21-000023.txt
WFRBS Commercial Mortgage Trust 2012-C10,0001561726,10-K,2021-03-17,edgar/data/1561726/0001056404-21-002806.txt
COMM 2012-CCRE5 Mortgage Trust,0001561727,10-K,2021-03-19,edgar/data/1561727/0001056404-21-002927.txt
"Kindred Biosciences, Inc.",0001561743,10-K,2021-03-16,edgar/data/1561743/0001561743-21-000024.txt
"Hannon Armstrong Sustainable Infrastructure Capital, Inc.",0001561894,10-K,2021-02-22,edgar/data/1561894/0001561894-21-000022.txt
"TELA Bio, Inc.",0001561921,10-K,2021-03-25,edgar/data/1561921/0001558370-21-003483.txt
American Homes 4 Rent,0001562401,10-K,2021-02-26,edgar/data/1562401/0001562401-21-000041.txt
First Internet Bancorp,0001562463,10-K,2021-03-15,edgar/data/1562463/0001562463-21-000038.txt
Taylor Morrison Home Corp,0001562476,10-K,2021-02-24,edgar/data/1562476/0001628280-21-003044.txt
"Benefit Street Partners Realty Trust, Inc.",0001562528,10-K,2021-03-11,edgar/data/1562528/0001562528-21-000007.txt
Cavendish Futures Fund LLC,0001562622,10-K,2021-03-31,edgar/data/1562622/0001104659-21-044701.txt
J.P. Morgan Chase Commercial Mortgage Securities Trust 2012-LC9,0001563166,10-K,2021-03-24,edgar/data/1563166/0001056404-21-003080.txt
Sipup Corp,0001563227,10-K,2021-01-26,edgar/data/1563227/0001213900-21-004301.txt
"NUTRALIFE BIOSCIENCES, INC",0001563463,10-K,2021-03-19,edgar/data/1563463/0001493152-21-006466.txt
Sequoia Mortgage Trust 2013-1,0001563531,10-K,2021-03-30,edgar/data/1563531/0001564590-21-016693.txt
"ADOMANI, INC.",0001563568,10-K,2021-03-31,edgar/data/1563568/0001564590-21-017115.txt
"Galera Therapeutics, Inc.",0001563577,10-K,2021-03-11,edgar/data/1563577/0001564590-21-012244.txt
"Lightstone Value Plus Real Estate Investment Trust III, Inc.",0001563756,10-K,2021-03-30,edgar/data/1563756/0001829126-21-001940.txt
"Trevi Therapeutics, Inc.",0001563880,10-K,2021-03-25,edgar/data/1563880/0001564590-21-015506.txt
Greenbacker Renewable Energy Co LLC,0001563922,10-K,2021-03-24,edgar/data/1563922/0001628280-21-005446.txt
Morgan Stanley Bank of America Merrill Lynch Trust 2013-C7,0001564347,10-K,2021-03-30,edgar/data/1564347/0001387131-21-004047.txt
"Oak Street Health, Inc.",0001564406,10-K,2021-03-10,edgar/data/1564406/0001564590-21-011903.txt
Snap Inc,0001564408,10-K,2021-02-05,edgar/data/1564408/0001564590-21-004377.txt
"Independent Bank Group, Inc.",0001564618,10-K,2021-03-01,edgar/data/1564618/0001564618-21-000025.txt
Allakos Inc.,0001564824,10-K,2021-03-01,edgar/data/1564824/0001564590-21-009651.txt
"SeaWorld Entertainment, Inc.",0001564902,10-K,2021-02-26,edgar/data/1564902/0001564590-21-009459.txt
Sequoia Mortgage Trust 2013-2,0001564968,10-K,2021-03-30,edgar/data/1564968/0001564590-21-016699.txt
Gulf Coast Ultra Deep Royalty Trust,0001565146,10-K,2021-03-23,edgar/data/1565146/0001565146-21-000010.txt
SLM Student Loan Trust 2013-1,0001565531,10-K,2021-03-30,edgar/data/1565531/0001140361-21-010760.txt
PBF Holding Co LLC,0001566011,10-K,2021-03-03,edgar/data/1566011/0001566011-21-000003.txt
VYNE Therapeutics Inc.,0001566044,10-K,2021-03-04,edgar/data/1566044/0001566044-21-000010.txt
COMM 2013-LC6 Mortgage Trust,0001566052,10-K,2021-03-11,edgar/data/1566052/0001056404-21-002456.txt
GS Mortgage Securities Trust 2013-GC10,0001566053,10-K,2021-03-25,edgar/data/1566053/0001056404-21-003087.txt
PBF Finance Corp,0001566097,10-K,2021-03-03,edgar/data/1566097/0001566011-21-000003.txt
COMM 2013-CCRE6 Mortgage Trust,0001566140,10-K,2021-03-18,edgar/data/1566140/0001020242-21-000076.txt
"F-star Therapeutics, Inc.",0001566373,10-K,2021-03-30,edgar/data/1566373/0001193125-21-100530.txt
"NantHealth, Inc.",0001566469,10-K,2021-02-26,edgar/data/1566469/0001566469-21-000010.txt
WFRBS Commercial Mortgage Trust 2013-C11,0001566543,10-K,2021-03-16,edgar/data/1566543/0001056404-21-002744.txt
UBS-Barclays Commercial Mortgage Trust 2013-C5,0001566544,10-K,2021-03-17,edgar/data/1566544/0001020242-21-000056.txt
"Verb Technology Company, Inc.",0001566610,10-K,2021-03-31,edgar/data/1566610/0001493152-21-007445.txt
"NCINO, INC.",0001566895,10-K,2021-03-31,edgar/data/1566895/0001566895-21-000007.txt
"Griffin-American Healthcare REIT III, Inc.",0001566912,10-K,2021-03-25,edgar/data/1566912/0001566912-21-000017.txt
"HEMISPHERE MEDIA GROUP, INC.",0001567345,10-K,2021-03-15,edgar/data/1567345/0001104659-21-036355.txt
"Intra-Cellular Therapies, Inc.",0001567514,10-K,2021-02-25,edgar/data/1567514/0001193125-21-055751.txt
MORGAN STANLEY BANK OF AMERICA MERRILL LYNCH TRUST 2013-C8,0001567572,10-K,2021-03-26,edgar/data/1567572/0001056404-21-003170.txt
"Clearway Energy, Inc.",0001567683,10-K,2021-03-01,edgar/data/1567683/0001567683-21-000009.txt
Mallinckrodt plc,0001567892,10-K,2021-03-10,edgar/data/1567892/0001567892-21-000011.txt
BLACKBOXSTOCKS INC.,0001567900,10-K,2021-03-31,edgar/data/1567900/0001437749-21-007800.txt
"Sila Realty Trust, Inc.",0001567925,10-K,2021-03-24,edgar/data/1567925/0001567925-21-000014.txt
Sequoia Mortgage Trust 2013-3,0001567958,10-K,2021-03-30,edgar/data/1567958/0001564590-21-016687.txt
"PagerDuty, Inc.",0001568100,10-K,2021-03-19,edgar/data/1568100/0001568100-21-000011.txt
"American Finance Trust, Inc",0001568162,10-K,2021-02-25,edgar/data/1568162/0001568162-21-000007.txt
"Armada Hoffler Properties, Inc.",0001569187,10-K,2021-02-24,edgar/data/1569187/0001569187-21-000013.txt
WFRBS COMMERCIAL MORTGAGE TRUST 2013-C12,0001569414,10-K,2021-03-17,edgar/data/1569414/0001056404-21-002800.txt
J.P. Morgan Chase Commercial Mortgage Securities Trust 2013-C10,0001569455,10-K,2021-03-19,edgar/data/1569455/0001056404-21-002933.txt
"Waterstone Financial, Inc.",0001569994,10-K,2021-03-02,edgar/data/1569994/0001569994-21-000008.txt
Sequoia Mortgage Trust 2013-4,0001570440,10-K,2021-03-30,edgar/data/1570440/0001564590-21-016683.txt
"Evolus, Inc.",0001570562,10-K,2021-03-25,edgar/data/1570562/0001570562-21-000093.txt
Liberty Global plc,0001570585,10-K,2021-02-16,edgar/data/1570585/0001570585-21-000025.txt
"Victory Capital Holdings, Inc.",0001570827,10-K,2021-03-15,edgar/data/1570827/0001564590-21-013018.txt
Science Applications International Corp,0001571123,10-K,2021-03-26,edgar/data/1571123/0001571123-21-000015.txt
COMM 2013-CCRE7 Mortgage Trust,0001571236,10-K,2021-03-12,edgar/data/1571236/0001056404-21-002507.txt
Morgan Stanley Bank of America Merrill Lynch Trust 2013-C9,0001571237,10-K,2021-03-29,edgar/data/1571237/0001056404-21-003383.txt
UBS-Barclays Commercial Mortgage Trust 2013-C6,0001571238,10-K,2021-03-19,edgar/data/1571238/0001387131-21-003702.txt
"Rexford Industrial Realty, Inc.",0001571283,10-K,2021-02-19,edgar/data/1571283/0001571283-21-000010.txt
Capitala Finance Corp.,0001571329,10-K,2021-03-08,edgar/data/1571329/0001104659-21-033302.txt
"Summit Materials, LLC",0001571371,10-K,2021-02-24,edgar/data/1571371/0001628280-21-003021.txt
"Sunnyside Bancorp, Inc.",0001571398,10-K,2021-03-31,edgar/data/1571398/0001493152-21-007263.txt
"Epizyme, Inc.",0001571498,10-K,2021-02-23,edgar/data/1571498/0001564590-21-007292.txt
Cherry Hill Mortgage Investment Corp,0001571776,10-K,2021-03-12,edgar/data/1571776/0001140361-21-008318.txt
GREEN VISION BIOTECHNOLOGY CORP.,0001571804,10-K,2021-01-07,edgar/data/1571804/0001640334-21-000040.txt
"Synaptogenix, Inc.",0001571934,10-K,2021-03-30,edgar/data/1571934/0001104659-21-043923.txt
"Intercontinental Exchange, Inc.",0001571949,10-K,2021-02-04,edgar/data/1571949/0001571949-21-000003.txt
Dell Technologies Inc.,0001571996,10-K,2021-03-26,edgar/data/1571996/0001571996-21-000007.txt
Virginia National Bankshares Corp,0001572334,10-K,2021-03-19,edgar/data/1572334/0001564590-21-014343.txt
WFRBS Commercial Mortgage Trust 2013-C13,0001572493,10-K,2021-03-16,edgar/data/1572493/0001056404-21-002763.txt
"Goldman Sachs BDC, Inc.",0001572694,10-K,2021-02-25,edgar/data/1572694/0001564590-21-008932.txt
"Atlas Growth Partners, L.P.",0001572702,10-K,2021-03-31,edgar/data/1572702/0001564590-21-017014.txt
PHILLIPS 66 PARTNERS LP,0001572910,10-K,2021-02-24,edgar/data/1572910/0001572910-21-000010.txt
SLM Student Loan Trust 2013-2,0001572987,10-K,2021-03-30,edgar/data/1572987/0001140361-21-010761.txt
"TheRealReal, Inc.",0001573221,10-K,2021-03-01,edgar/data/1573221/0001564590-21-009884.txt
TE Funding LLC,0001573279,10-K,2021-03-31,edgar/data/1573279/0001578443-21-000005.txt
CEI Funding LLC,0001573334,10-K,2021-03-31,edgar/data/1573334/0001578443-21-000005.txt
OE Funding LLC,0001573352,10-K,2021-03-31,edgar/data/1573352/0001578443-21-000005.txt
Murphy USA Inc.,0001573516,10-K,2021-02-19,edgar/data/1573516/0001573516-21-000017.txt
Citigroup Commercial Mortgage Trust 2013-GCJ11,0001573946,10-K,2021-03-29,edgar/data/1573946/0001564590-21-015986.txt
Braemar Hotels & Resorts Inc.,0001574085,10-K,2021-03-05,edgar/data/1574085/0001574085-21-000029.txt
"Five Point Holdings, LLC",0001574197,10-K,2021-03-10,edgar/data/1574197/0001574197-21-000007.txt
J.P. Morgan Chase Commercial Mortgage Securities Trust 2013-LC11,0001574219,10-K,2021-03-19,edgar/data/1574219/0001056404-21-002986.txt
"Pulmatrix, Inc.",0001574235,10-K,2021-03-23,edgar/data/1574235/0001493152-21-006602.txt
CC Holdings GS V LLC,0001574291,10-K,2021-02-22,edgar/data/1574291/0001574291-21-000007.txt
Physicians Realty Trust,0001574540,10-K,2021-02-26,edgar/data/1574540/0001574540-21-000038.txt
Sequoia Mortgage Trust 2013-6,0001574593,10-K,2021-03-30,edgar/data/1574593/0001564590-21-016691.txt
New Home Co Inc.,0001574596,10-K,2021-02-11,edgar/data/1574596/0001437749-21-002617.txt
"ATEL 16, LLC",0001575048,10-K,2021-03-30,edgar/data/1575048/0001558370-21-003667.txt
Ciner Resources LP,0001575051,10-K,2021-03-16,edgar/data/1575051/0001628280-21-004786.txt
SLM Student Loan Trust 2013-3,0001575098,10-K,2021-03-30,edgar/data/1575098/0001140361-21-010762.txt
"BIOADAPTIVES, INC.",0001575142,10-K,2021-03-30,edgar/data/1575142/0001640334-21-000706.txt
GS Mortgage Securities Trust 2013-GCJ12,0001575190,10-K,2021-03-12,edgar/data/1575190/0001056404-21-002566.txt
Brookfield DTLA Fund Office Trust Investor Inc.,0001575311,10-K,2021-03-25,edgar/data/1575311/0001575311-21-000004.txt
"Vericity, Inc.",0001575434,10-K,2021-03-31,edgar/data/1575434/0001564590-21-017062.txt
"Sprouts Farmers Market, Inc.",0001575515,10-K,2021-02-25,edgar/data/1575515/0001564590-21-008832.txt
COMM 2013-CCRE8 Mortgage Trust,0001575686,10-K,2021-03-18,edgar/data/1575686/0001020242-21-000073.txt
Energous Corp,0001575793,10-K,2021-03-24,edgar/data/1575793/0001564590-21-015121.txt
FRANK'S INTERNATIONAL N.V.,0001575828,10-K,2021-03-01,edgar/data/1575828/0001575828-21-000009.txt
PureBase Corp,0001575858,10-K,2021-03-16,edgar/data/1575858/0001493152-21-006086.txt
"Gaming & Leisure Properties, Inc.",0001575965,10-K,2021-02-19,edgar/data/1575965/0001575965-21-000008.txt
Third Point Reinsurance Ltd.,0001576018,10-K,2021-02-23,edgar/data/1576018/0001576018-21-000026.txt
WFRBS Commercial Mortgage Trust 2013-C14,0001576047,10-K,2021-03-16,edgar/data/1576047/0001056404-21-002797.txt
"Benefitfocus, Inc.",0001576169,10-K,2021-03-10,edgar/data/1576169/0001564590-21-011839.txt
"Mirati Therapeutics, Inc.",0001576263,10-K,2021-02-25,edgar/data/1576263/0001628280-21-003315.txt
"Guardant Health, Inc.",0001576280,10-K,2021-02-25,edgar/data/1576280/0001576280-21-000031.txt
Criteo S.A.,0001576427,10-K,2021-02-26,edgar/data/1576427/0001576427-21-000008.txt
Sequoia Mortgage Trust 2013-7,0001576709,10-K,2021-03-30,edgar/data/1576709/0001564590-21-016703.txt
"Century Communities, Inc.",0001576940,10-K,2021-02-05,edgar/data/1576940/0001576940-21-000009.txt
"Terra Income Fund 6, Inc.",0001577134,10-K,2021-03-08,edgar/data/1577134/0001577134-21-000007.txt
"Retail Opportunity Investments Partnership, LP",0001577230,10-K,2021-02-24,edgar/data/1577230/0001407623-21-000031.txt
Sequoia Mortgage Trust 2013-8,0001577310,10-K,2021-03-30,edgar/data/1577310/0001564590-21-016700.txt
Morgan Stanley Bank of America Merrill Lynch Trust 2013-C10,0001577311,10-K,2021-03-30,edgar/data/1577311/0001056404-21-003413.txt
"QTS Realty Trust, Inc.",0001577368,10-K,2021-02-26,edgar/data/1577368/0001628280-21-003456.txt
ScoutCam Inc.,0001577445,10-K,2021-03-31,edgar/data/1577445/0001493152-21-007463.txt
JPMBB Commercial Mortgage Securities Trust 2013-C12,0001577545,10-K,2021-03-15,edgar/data/1577545/0001056404-21-002571.txt
Ladder Capital Corp,0001577670,10-K,2021-02-26,edgar/data/1577670/0001577670-21-000009.txt
"Corporate Office Properties, L.P.",0001577966,10-K,2021-02-12,edgar/data/1577966/0000860546-21-000010.txt
GS Mortgage Securities Trust 2013-GC13,0001578422,10-K,2021-03-25,edgar/data/1578422/0000894189-21-001741.txt
WFRBS Commercial Mortgage Trust 2013-C15,0001578423,10-K,2021-03-16,edgar/data/1578423/0001056404-21-002774.txt
FirstEnergy Ohio PIRB Special Purpose Trust 2013,0001578443,10-K,2021-03-31,edgar/data/1578443/0001578443-21-000005.txt
COMM 2013-CCRE9 Mortgage Trust,0001578533,10-K,2021-03-17,edgar/data/1578533/0001020242-21-000061.txt
"Marcus & Millichap, Inc.",0001578732,10-K,2021-03-01,edgar/data/1578732/0001193125-21-062693.txt
National General Holdings Corp.,0001578735,10-K,2021-02-26,edgar/data/1578735/0001578735-21-000032.txt
"Emerald Holding, Inc.",0001579214,10-K,2021-02-23,edgar/data/1579214/0001564590-21-007275.txt
Allegion plc,0001579241,10-K,2021-02-16,edgar/data/1579241/0001579241-21-000020.txt
"Burlington Stores, Inc.",0001579298,10-K,2021-03-15,edgar/data/1579298/0001564590-21-013162.txt
J.P. Morgan Chase Commercial Mortgage Securities Trust 2013-C13,0001579306,10-K,2021-03-18,edgar/data/1579306/0001056404-21-002874.txt
"Axsome Therapeutics, Inc.",0001579428,10-K,2021-03-01,edgar/data/1579428/0001564590-21-009924.txt
"Gannett Co., Inc.",0001579684,10-K,2021-02-26,edgar/data/1579684/0001579684-21-000009.txt
"Vital Farms, Inc.",0001579733,10-K,2021-03-24,edgar/data/1579733/0001564590-21-014969.txt
"NewAge, Inc.",0001579823,10-K,2021-03-18,edgar/data/1579823/0001493152-21-006345.txt
OUTFRONT Media Inc.,0001579877,10-K,2021-02-26,edgar/data/1579877/0001579877-21-000034.txt
Resonant Inc,0001579910,10-K,2021-03-12,edgar/data/1579910/0001579910-21-000005.txt
Wells Fargo Commercial Mortgage Trust 2013-LC12,0001580013,10-K,2021-03-11,edgar/data/1580013/0001056404-21-002436.txt
"PROGENITY, INC.",0001580063,10-K,2021-03-18,edgar/data/1580063/0001564590-21-014182.txt
Houghton Mifflin Harcourt Co,0001580156,10-K,2021-02-25,edgar/data/1580156/0001564590-21-008418.txt
TriplePoint Venture Growth BDC Corp.,0001580345,10-K,2021-03-03,edgar/data/1580345/0001580345-21-000004.txt
I-ON Digital Corp.,0001580490,10-K,2021-03-26,edgar/data/1580490/0001140361-21-010077.txt
Santander Consumer USA Holdings Inc.,0001580608,10-K,2021-02-24,edgar/data/1580608/0001580608-21-000020.txt
"LGI Homes, Inc.",0001580670,10-K,2021-02-25,edgar/data/1580670/0001580670-21-000020.txt
"A10 Networks, Inc.",0001580808,10-K,2021-03-08,edgar/data/1580808/0001580808-21-000043.txt
"Vroom, Inc.",0001580864,10-K,2021-03-03,edgar/data/1580864/0001564590-21-010584.txt
COMM 2013-CCRE10 Mortgage Trust,0001580891,10-K,2021-03-15,edgar/data/1580891/0001056404-21-002648.txt
"Installed Building Products, Inc.",0001580905,10-K,2021-02-24,edgar/data/1580905/0001628280-21-003085.txt
Brixmor Property Group Inc.,0001581068,10-K,2021-02-11,edgar/data/1581068/0001581068-21-000012.txt
"RE/MAX Holdings, Inc.",0001581091,10-K,2021-02-25,edgar/data/1581091/0001558370-21-001856.txt
"Extended Stay America, Inc.",0001581164,10-K,2021-02-25,edgar/data/1581164/0001628280-21-003326.txt
Scotiabank Covered Bond Guarantor Limited Partnership,0001581374,10-K,2021-01-29,edgar/data/1581374/0001140361-21-002628.txt
"Energy 11, L.P.",0001581552,10-K,2021-03-12,edgar/data/1581552/0001185185-21-000317.txt
GS Mortgage Securities Trust 2013-GCJ14,0001581653,10-K,2021-03-22,edgar/data/1581653/0001056404-21-003026.txt
"Mid-America Apartments, L.P.",0001581776,10-K,2021-02-18,edgar/data/1581776/0001564590-21-006666.txt
"Terra Secured Income Fund 5, LLC",0001581874,10-K,2021-03-19,edgar/data/1581874/0001581874-21-000005.txt
PLAINS GP HOLDINGS LP,0001581990,10-K,2021-03-01,edgar/data/1581990/0001581990-21-000007.txt
Morgan Stanley Bank of America Merrill Lynch Trust 2013-C11,0001582037,10-K,2021-03-19,edgar/data/1582037/0001056404-21-002990.txt
SLM Student Loan Trust 2013-4,0001582081,10-K,2021-03-30,edgar/data/1582081/0001140361-21-010763.txt
Rasna Therapeutics Inc.,0001582249,10-K,2021-01-15,edgar/data/1582249/0001213900-21-002479.txt
Xenon Pharmaceuticals Inc.,0001582313,10-K,2021-03-01,edgar/data/1582313/0001564590-21-009905.txt
"Matinas BioPharma Holdings, Inc.",0001582554,10-K,2021-03-29,edgar/data/1582554/0001493152-21-006979.txt
PBF Logistics LP,0001582568,10-K,2021-02-18,edgar/data/1582568/0001582568-21-000014.txt
JPMBB Commercial Mortgage Securities Trust 2013-C14,0001582605,10-K,2021-03-08,edgar/data/1582605/0001056404-21-002396.txt
"MTBC, Inc.",0001582982,10-K,2021-02-25,edgar/data/1582982/0001493152-21-004837.txt
"Hospitality Investors Trust, Inc.",0001583077,10-K,2021-03-30,edgar/data/1583077/0001437749-21-007683.txt
"Theravance Biopharma, Inc.",0001583107,10-K,2021-02-26,edgar/data/1583107/0001558370-21-002006.txt
"PIERIS PHARMACEUTICALS, INC.",0001583648,10-K,2021-03-31,edgar/data/1583648/0001583648-21-000005.txt
"Hepion Pharmaceuticals, Inc.",0001583771,10-K,2021-03-31,edgar/data/1583771/0001558370-21-003836.txt
"OneMain Holdings, Inc.",0001584207,10-K,2021-02-09,edgar/data/1584207/0001584207-21-000006.txt
COMM 2013-LC13 Mortgage Trust,0001584492,10-K,2021-03-19,edgar/data/1584492/0001020242-21-000083.txt
"Village Farms International, Inc.",0001584549,10-K,2021-03-16,edgar/data/1584549/0001564590-21-013320.txt
SLM Student Loan Trust 2013-5,0001584747,10-K,2021-03-30,edgar/data/1584747/0001140361-21-010764.txt
Talis Biomedical Corp,0001584751,10-K,2021-03-30,edgar/data/1584751/0001564590-21-016739.txt
OXBRIDGE RE HOLDINGS Ltd,0001584831,10-K,2021-03-29,edgar/data/1584831/0001654954-21-003408.txt
WFRBS Commercial Mortgage Trust 2013-C16,0001585067,10-K,2021-03-17,edgar/data/1585067/0001056404-21-002807.txt
"HINES GLOBAL INCOME TRUST, INC.",0001585101,10-K,2021-03-26,edgar/data/1585101/0001585101-21-000014.txt
"Steadfast Apartment REIT, Inc.",0001585219,10-K,2021-03-12,edgar/data/1585219/0001585219-21-000024.txt
PERRIGO Co plc,0001585364,10-K,2021-03-01,edgar/data/1585364/0001585364-21-000012.txt
"SmartStop Self Storage REIT, Inc.",0001585389,10-K,2021-03-26,edgar/data/1585389/0001564590-21-015769.txt
"Zoom Video Communications, Inc.",0001585521,10-K,2021-03-18,edgar/data/1585521/0001585521-21-000048.txt
"Del Taco Restaurants, Inc.",0001585583,10-K,2021-03-11,edgar/data/1585583/0001585583-21-000009.txt
"Jaguar Health, Inc.",0001585608,10-K,2021-03-31,edgar/data/1585608/0001558370-21-003811.txt
Citigroup Commercial Mortgage Trust 2013-GC15,0001585673,10-K,2021-03-29,edgar/data/1585673/0001564590-21-015987.txt
Hilton Worldwide Holdings Inc.,0001585689,10-K,2021-02-17,edgar/data/1585689/0001585689-21-000016.txt
Prime Meridian Holding Co,0001586454,10-K,2021-03-22,edgar/data/1586454/0001437749-21-006676.txt
Blow & Drive Interlock Corp,0001586495,10-K,2021-03-12,edgar/data/1586495/0001683168-21-000913.txt
Target Group Inc.,0001586554,10-K,2021-03-30,edgar/data/1586554/0001104659-21-043971.txt
COMM 2013-CCRE11 Mortgage Trust,0001586883,10-K,2021-03-19,edgar/data/1586883/0001020242-21-000081.txt
Zosano Pharma Corp,0001587221,10-K,2021-03-11,edgar/data/1587221/0001587221-21-000007.txt
GS Mortgage Securities Trust 2013-GCJ16,0001587234,10-K,2021-03-23,edgar/data/1587234/0001387131-21-003776.txt
"Cypress Environmental Partners, L.P.",0001587246,10-K,2021-03-23,edgar/data/1587246/0001387131-21-003780.txt
Morgan Stanley Bank of America Merrill Lynch Trust 2013-C12,0001587497,10-K,2021-03-30,edgar/data/1587497/0001056404-21-003471.txt
Knowles Corp,0001587523,10-K,2021-02-10,edgar/data/1587523/0001587523-21-000012.txt
Appalachian Consumer Rate Relief Funding LLC,0001587650,10-K,2021-03-26,edgar/data/1587650/0001587650-21-000010.txt
"ONE Gas, Inc.",0001587732,10-K,2021-02-26,edgar/data/1587732/0001587732-21-000030.txt
WFRBS Commercial Mortgage Trust 2013-C17,0001587980,10-K,2021-03-17,edgar/data/1587980/0001056404-21-002803.txt
COMM 2013-CCRE12 Mortgage Trust,0001587981,10-K,2021-03-19,edgar/data/1587981/0001056404-21-002996.txt
Newtek Business Services Corp.,0001587987,10-K,2021-03-29,edgar/data/1587987/0001587987-21-000047.txt
"ADM ENDEAVORS, INC.",0001588014,10-K,2021-03-24,edgar/data/1588014/0001493152-21-006734.txt
JPMBB Commercial Mortgage Securities Trust 2013-C15,0001588251,10-K,2021-03-12,edgar/data/1588251/0001056404-21-002560.txt
"NexPoint Capital, Inc.",0001588272,10-K,2021-03-31,edgar/data/1588272/0001193125-21-102558.txt
Grayscale Bitcoin Trust (BTC),0001588489,10-K,2021-03-05,edgar/data/1588489/0001564590-21-011121.txt
"Recro Pharma, Inc.",0001588972,10-K,2021-02-26,edgar/data/1588972/0001564590-21-009198.txt
SLM Student Loan Trust 2013-6,0001589224,10-K,2021-03-30,edgar/data/1589224/0001140361-21-010765.txt
Banner Energy Services Corp.,0001589361,10-K,2021-02-04,edgar/data/1589361/0001493152-21-002601.txt
WFRBS Commercial Mortgage Trust 2013-UBS1,0001589802,10-K,2021-03-15,edgar/data/1589802/0001056404-21-002640.txt
WFRBS Commercial Mortgage Trust 2013-C18,0001589803,10-K,2021-03-19,edgar/data/1589803/0001056404-21-002994.txt
COMM 2013-CCRE13 Mortgage Trust,0001589804,10-K,2021-03-19,edgar/data/1589804/0001020242-21-000079.txt
Citigroup Commercial Mortgage Trust 2013-GC17,0001590058,10-K,2021-03-29,edgar/data/1590058/0001564590-21-015990.txt
J.P. Morgan Chase Commercial Mortgage Securities Trust 2013-C16,0001590231,10-K,2021-03-24,edgar/data/1590231/0001056404-21-003064.txt
Fortress Transportation & Infrastructure Investors LLC,0001590364,10-K,2021-02-26,edgar/data/1590364/0001590364-21-000002.txt
FOCUS UNIVERSAL INC.,0001590418,10-K,2021-03-23,edgar/data/1590418/0001683168-21-001026.txt
Aerkomm Inc.,0001590496,10-K,2021-03-24,edgar/data/1590496/0001213900-21-017392.txt
uniQure N.V.,0001590560,10-K,2021-03-01,edgar/data/1590560/0001558370-21-002186.txt
Civeo Corp,0001590584,10-K,2021-02-26,edgar/data/1590584/0001590584-21-000037.txt
Element Solutions Inc,0001590714,10-K,2021-02-25,edgar/data/1590714/0001590714-21-000021.txt
American Resources Corp,0001590715,10-K,2021-03-11,edgar/data/1590715/0001477932-21-001372.txt
"CareTrust REIT, Inc.",0001590717,10-K,2021-02-10,edgar/data/1590717/0001628280-21-001797.txt
"Viridian Therapeutics, Inc.\DE",0001590750,10-K,2021-03-26,edgar/data/1590750/0001590750-21-000029.txt
Morgan Stanley Bank of America Merrill Lynch Trust 2013-C13,0001590757,10-K,2021-03-29,edgar/data/1590757/0001056404-21-003395.txt
Riverview Financial Corp,0001590799,10-K,2021-03-11,edgar/data/1590799/0001193125-21-077350.txt
REGENXBIO Inc.,0001590877,10-K,2021-03-01,edgar/data/1590877/0001564590-21-009855.txt
"Caesars Entertainment, Inc.",0001590895,10-K,2021-03-01,edgar/data/1590895/0001590895-21-000085.txt
"Paycom Software, Inc.",0001590955,10-K,2021-02-18,edgar/data/1590955/0001564590-21-006660.txt
"H-CYTE, INC.",0001591165,10-K,2021-03-25,edgar/data/1591165/0001493152-21-006836.txt
"AssetMark Financial Holdings, Inc.",0001591587,10-K,2021-03-10,edgar/data/1591587/0001564590-21-012080.txt
Farmland Partners Inc.,0001591670,10-K,2021-03-19,edgar/data/1591670/0001558370-21-003254.txt
"Enable Midstream Partners, LP",0001591763,10-K,2021-02-24,edgar/data/1591763/0001591763-21-000005.txt
"FG Financial Group, Inc.",0001591890,10-K,2021-03-18,edgar/data/1591890/0001493152-21-006325.txt
"Innovative Payment Solutions, Inc.",0001591913,10-K,2021-03-31,edgar/data/1591913/0001213900-21-019152.txt
"EnLink Midstream, LLC",0001592000,10-K,2021-02-17,edgar/data/1592000/0001592000-21-000010.txt
"AgroFresh Solutions, Inc.",0001592016,10-K,2021-03-15,edgar/data/1592016/0001592016-21-000015.txt
"Enviva Partners, LP",0001592057,10-K,2021-02-25,edgar/data/1592057/0001592057-21-000006.txt
Party City Holdco Inc.,0001592058,10-K,2021-03-12,edgar/data/1592058/0001564590-21-012608.txt
"Virtu Financial, Inc.",0001592386,10-K,2021-02-25,edgar/data/1592386/0001592386-21-000005.txt
"Gulf West Security Network, Inc.",0001592603,10-K,2021-03-31,edgar/data/1592603/0001477932-21-001860.txt
Endo International plc,0001593034,10-K,2021-02-26,edgar/data/1593034/0001593034-21-000012.txt
Tribune Publishing Co,0001593195,10-K,2021-03-08,edgar/data/1593195/0001593195-21-000020.txt
"Huaizhong Health Group, Inc.",0001593204,10-K,2021-03-22,edgar/data/1593204/0001640334-21-000625.txt
"City Office REIT, Inc.",0001593222,10-K,2021-02-25,edgar/data/1593222/0001193125-21-055665.txt
JPMBB Commercial Mortgage Securities Trust 2013-C17,0001593269,10-K,2021-03-12,edgar/data/1593269/0001056404-21-002505.txt
NAVIENT CORP,0001593538,10-K,2021-02-26,edgar/data/1593538/0001564590-21-009436.txt
"PlayAGS, Inc.",0001593548,10-K,2021-03-04,edgar/data/1593548/0001437749-21-004999.txt
Vaulted Gold Bullion Trust,0001593812,10-K,2021-01-29,edgar/data/1593812/0001214659-21-000991.txt
"Atea Pharmaceuticals, Inc.",0001593899,10-K,2021-03-30,edgar/data/1593899/0001564590-21-016724.txt
"Michaels Companies, Inc.",0001593936,10-K,2021-03-09,edgar/data/1593936/0001558370-21-002630.txt
"Investors Bancorp, Inc.",0001594012,10-K,2021-03-01,edgar/data/1594012/0001594012-21-000022.txt
COMM 2014-CCRE14 Mortgage Trust,0001594100,10-K,2021-03-22,edgar/data/1594100/0001020242-21-000085.txt
GrubHub Inc.,0001594109,10-K,2021-03-01,edgar/data/1594109/0001564590-21-009522.txt
GS Mortgage Securities Trust 2014-GC18,0001594136,10-K,2021-03-18,edgar/data/1594136/0001056404-21-002899.txt
"HV Bancorp, Inc.",0001594555,10-K,2021-03-30,edgar/data/1594555/0001564590-21-016651.txt
WASHINGTON PRIME GROUP INC.,0001594686,10-K,2021-03-16,edgar/data/1594686/0001594686-21-000006.txt
SLM Student Loan Trust 2014-1,0001594688,10-K,2021-03-30,edgar/data/1594688/0001140361-21-010766.txt
"Corbus Pharmaceuticals Holdings, Inc.",0001595097,10-K,2021-03-15,edgar/data/1595097/0001493152-21-006016.txt
"Genprex, Inc.",0001595248,10-K,2021-03-26,edgar/data/1595248/0001437749-21-007317.txt
"New York City REIT, Inc.",0001595527,10-K,2021-03-29,edgar/data/1595527/0001595527-21-000007.txt
"Tricida, Inc.",0001595585,10-K,2021-02-26,edgar/data/1595585/0001595585-21-000046.txt
Morgan Stanley Bank of America Merrill Lynch Trust 2014-C14,0001595710,10-K,2021-03-29,edgar/data/1595710/0001056404-21-003406.txt
COMM 2014-CCRE15 Mortgage Trust,0001595726,10-K,2021-03-12,edgar/data/1595726/0001056404-21-002513.txt
"Turning Point Therapeutics, Inc.",0001595893,10-K,2021-03-01,edgar/data/1595893/0001564590-21-009849.txt
"MAGNITE, INC.",0001595974,10-K,2021-02-25,edgar/data/1595974/0001595974-21-000016.txt
Q BioMed Inc.,0001596062,10-K,2021-03-01,edgar/data/1596062/0001104659-21-029985.txt
"Arista Networks, Inc.",0001596532,10-K,2021-02-19,edgar/data/1596532/0001596532-21-000049.txt
WFRBS Commercial Mortgage Trust 2014-LC14,0001596958,10-K,2021-03-15,edgar/data/1596958/0001056404-21-002701.txt
"RumbleON, Inc.",0001596961,10-K,2021-03-31,edgar/data/1596961/0001654954-21-003633.txt
Moelis & Co,0001596967,10-K,2021-02-24,edgar/data/1596967/0001564590-21-008170.txt
Sabre Corp,0001597033,10-K,2021-02-25,edgar/data/1597033/0001597033-21-000022.txt
Blueprint Medicines Corp,0001597264,10-K,2021-02-17,edgar/data/1597264/0001558370-21-001141.txt
"ViewRay, Inc.",0001597313,10-K,2021-03-05,edgar/data/1597313/0001564590-21-011089.txt
JPMBB Commercial Mortgage Securities Trust 2014-C18,0001597339,10-K,2021-03-23,edgar/data/1597339/0001056404-21-003043.txt
"Sage Therapeutics, Inc.",0001597553,10-K,2021-02-24,edgar/data/1597553/0001564590-21-007819.txt
RAYONIER ADVANCED MATERIALS INC.,0001597672,10-K,2021-03-01,edgar/data/1597672/0001597672-21-000009.txt
Greenpro Capital Corp.,0001597846,10-K,2021-03-29,edgar/data/1597846/0001493152-21-007017.txt
IHS Markit Ltd.,0001598014,10-K,2021-01-22,edgar/data/1598014/0001598014-21-000015.txt
TimkenSteel Corp,0001598428,10-K,2021-02-25,edgar/data/1598428/0001564590-21-008896.txt
"Minerva Neurosciences, Inc.",0001598646,10-K,2021-03-08,edgar/data/1598646/0001564590-21-011340.txt
"Heritage Insurance Holdings, Inc.",0001598665,10-K,2021-03-09,edgar/data/1598665/0001564590-21-011792.txt
Casper Sleep Inc.,0001598674,10-K,2021-02-26,edgar/data/1598674/0001598674-21-000022.txt
"Image Chain Group Limited, Inc.",0001598924,10-K,2021-03-31,edgar/data/1598924/0001493152-21-007289.txt
SLM Student Loan Trust 2014-2,0001599033,10-K,2021-03-30,edgar/data/1599033/0001140361-21-010767.txt
Summit Therapeutics Inc.,0001599298,10-K,2021-03-31,edgar/data/1599298/0001599298-21-000011.txt
Veritiv Corp,0001599489,10-K,2021-03-03,edgar/data/1599489/0001599489-21-000003.txt
NOW Inc.,0001599617,10-K,2021-02-17,edgar/data/1599617/0001564590-21-006229.txt
COMM 2014-UBS2 Mortgage Trust,0001599714,10-K,2021-03-16,edgar/data/1599714/0001020242-21-000048.txt
"Avidity Biosciences, Inc.",0001599901,10-K,2021-03-15,edgar/data/1599901/0001564590-21-013157.txt
"Meridian Bancorp, Inc.",0001600125,10-K,2021-03-01,edgar/data/1600125/0001564590-21-009868.txt
"Bellerophon Therapeutics, Inc.",0001600132,10-K,2021-03-11,edgar/data/1600132/0001558370-21-002768.txt
GigWorld Inc.,0001600347,10-K,2021-03-23,edgar/data/1600347/0001654954-21-003081.txt
"Superior Drilling Products, Inc.",0001600422,10-K,2021-03-16,edgar/data/1600422/0001493152-21-006143.txt
Aurinia Pharmaceuticals Inc.,0001600620,10-K,2021-02-24,edgar/data/1600620/0001628280-21-003060.txt
"Griffin Capital Essential Asset REIT, Inc.",0001600626,10-K,2021-02-26,edgar/data/1600626/0001600626-21-000071.txt
Morgan Stanley Bank of America Merrill Lynch Trust 2014-C15,0001600823,10-K,2021-03-30,edgar/data/1600823/0001056404-21-003414.txt
Citigroup Commercial Mortgage Trust 2014-GC19,0001600824,10-K,2021-03-29,edgar/data/1600824/0001387131-21-003956.txt
COMM 2014-LC15 Mortgage Trust,0001600831,10-K,2021-03-12,edgar/data/1600831/0001056404-21-002564.txt
Angion Biomedica Corp.,0001601485,10-K,2021-03-30,edgar/data/1601485/0001601485-21-000007.txt
"Vectrus, Inc.",0001601548,10-K,2021-03-02,edgar/data/1601548/0001601548-21-000014.txt
WFRBS Commercial Mortgage Trust 2014-C19,0001601617,10-K,2021-03-16,edgar/data/1601617/0001056404-21-002772.txt
Watford Holdings Ltd.,0001601669,10-K,2021-02-26,edgar/data/1601669/0001601669-21-000008.txt
COMM 2014-CCRE16 Mortgage Trust,0001601705,10-K,2021-03-17,edgar/data/1601705/0001056404-21-002854.txt
Synchrony Financial,0001601712,10-K,2021-02-11,edgar/data/1601712/0001601712-21-000057.txt
GS Mortgage Securities Trust 2014-GC20,0001601744,10-K,2021-03-18,edgar/data/1601744/0001056404-21-002866.txt
Viper Energy Partners LP,0001602065,10-K,2021-02-25,edgar/data/1602065/0001602065-21-000006.txt
Investar Holding Corp,0001602658,10-K,2021-03-10,edgar/data/1602658/0001602658-21-000043.txt
"NextEra Energy Partners, LP",0001603145,10-K,2021-02-16,edgar/data/1603145/0001603145-21-000008.txt
"EASTERN ENERGY GAS HOLDINGS, LLC",0001603291,10-K,2021-03-01,edgar/data/1603291/0001081316-21-000011.txt
Celcuity Inc.,0001603454,10-K,2021-02-16,edgar/data/1603454/0001654954-21-001743.txt
TCW Direct Lending LLC,0001603480,10-K,2021-03-22,edgar/data/1603480/0001193125-21-089757.txt
WFRBS Commercial Mortgage Trust 2014-C20,0001603578,10-K,2021-03-16,edgar/data/1603578/0001056404-21-002788.txt
COMM 2014-CCRE17 Mortgage Trust,0001603669,10-K,2021-03-17,edgar/data/1603669/0001020242-21-000063.txt
"Axonics Modulation Technologies, Inc.",0001603756,10-K,2021-03-01,edgar/data/1603756/0001603756-21-000014.txt
Weatherford International plc,0001603923,10-K,2021-02-19,edgar/data/1603923/0001603923-21-000013.txt
"AquaBounty Technologies, Inc.",0001603978,10-K,2021-03-09,edgar/data/1603978/0001603978-21-000015.txt
COMM 2014-UBS3 Mortgage Trust,0001604083,10-K,2021-03-15,edgar/data/1604083/0001056404-21-002580.txt
JPMBB Commercial Mortgage Securities Trust 2014-C19,0001604119,10-K,2021-03-15,edgar/data/1604119/0001056404-21-002650.txt
"AzurRx BioPharma, Inc.",0001604191,10-K,2021-03-31,edgar/data/1604191/0001654954-21-003659.txt
"Atara Biotherapeutics, Inc.",0001604464,10-K,2021-03-01,edgar/data/1604464/0001564590-21-009854.txt
SQZ Biotechnologies Co,0001604477,10-K,2021-03-18,edgar/data/1604477/0001564590-21-013996.txt
Westlake Chemical Partners LP,0001604665,10-K,2021-03-02,edgar/data/1604665/0001604665-21-000017.txt
Ashford Inc.,0001604738,10-K,2021-03-16,edgar/data/1604738/0001604738-21-000019.txt
"Natera, Inc.",0001604821,10-K,2021-02-26,edgar/data/1604821/0001558370-21-001907.txt
GrowGeneration Corp.,0001604868,10-K,2021-03-29,edgar/data/1604868/0001213900-21-018097.txt
"Life Clips, Inc.",0001604930,10-K,2021-01-04,edgar/data/1604930/0001493152-21-000080.txt
scPharmaceuticals Inc.,0001604950,10-K,2021-03-23,edgar/data/1604950/0001564590-21-014898.txt
Citigroup Commercial Mortgage Trust 2014-GC21,0001605257,10-K,2021-03-29,edgar/data/1605257/0001387131-21-003964.txt
"CB Financial Services, Inc.",0001605301,10-K,2021-03-17,edgar/data/1605301/0001605301-21-000019.txt
Nevada Canyon Gold Corp.,0001605481,10-K,2021-03-03,edgar/data/1605481/0001493152-21-005293.txt
"Paramount Group, Inc.",0001605607,10-K,2021-02-10,edgar/data/1605607/0001564590-21-005289.txt
Consumers 2014 Securitization Funding LLC,0001606104,10-K,2021-03-09,edgar/data/1606104/0001606104-21-000003.txt
"Limbach Holdings, Inc.",0001606163,10-K,2021-03-25,edgar/data/1606163/0001628280-21-005652.txt
"Spark Energy, Inc.",0001606268,10-K,2021-03-04,edgar/data/1606268/0001606268-21-000015.txt
"El Pollo Loco Holdings, Inc.",0001606366,10-K,2021-03-15,edgar/data/1606366/0001606366-21-000015.txt
"Reliant Bancorp, Inc.",0001606440,10-K,2021-03-09,edgar/data/1606440/0001606440-21-000005.txt
Morgan Stanley Bank of America Merrill Lynch Trust 2014-C16,0001606442,10-K,2021-03-30,edgar/data/1606442/0001387131-21-004045.txt
"Avanos Medical, Inc.",0001606498,10-K,2021-02-19,edgar/data/1606498/0001606498-21-000015.txt
"Liberty TripAdvisor Holdings, Inc.",0001606745,10-K,2021-02-19,edgar/data/1606745/0001558370-21-001294.txt
Pangaea Logistics Solutions Ltd.,0001606909,10-K,2021-03-15,edgar/data/1606909/0001606909-21-000035.txt
Navient Student Loan Trust 2014-1,0001607401,10-K,2021-03-30,edgar/data/1607401/0001140361-21-010738.txt
J.P. Morgan Chase Commercial Mortgage Securities Trust 2014-C20,0001607484,10-K,2021-03-18,edgar/data/1607484/0001056404-21-002923.txt
Wells Fargo Commercial Mortgage Trust 2014-LC16,0001607641,10-K,2021-03-15,edgar/data/1607641/0001056404-21-002625.txt
"Viking Therapeutics, Inc.",0001607678,10-K,2021-02-17,edgar/data/1607678/0001564590-21-006406.txt
GS Mortgage Securities Trust 2014-GC22,0001607865,10-K,2021-03-23,edgar/data/1607865/0001056404-21-003045.txt
ReWalk Robotics Ltd.,0001607962,10-K,2021-02-18,edgar/data/1607962/0001178913-21-000678.txt
"Pathfinder Bancorp, Inc.",0001609065,10-K,2021-03-30,edgar/data/1609065/0001564590-21-016744.txt
California Resources Corp,0001609253,10-K,2021-03-11,edgar/data/1609253/0001609253-21-000047.txt
"Watermark Lodging Trust, Inc.",0001609471,10-K,2021-03-12,edgar/data/1609471/0001609471-21-000025.txt
"Inspire Medical Systems, Inc.",0001609550,10-K,2021-02-24,edgar/data/1609550/0001609550-21-000010.txt
WFRBS Commercial Mortgage Trust 2014-C21,0001609671,10-K,2021-03-17,edgar/data/1609671/0001056404-21-002812.txt
GoDaddy Inc.,0001609711,10-K,2021-02-19,edgar/data/1609711/0001609711-21-000017.txt
Orion Engineered Carbons S.A.,0001609804,10-K,2021-02-18,edgar/data/1609804/0001609804-21-000012.txt
"Seres Therapeutics, Inc.",0001609809,10-K,2021-03-02,edgar/data/1609809/0001564590-21-010057.txt
New Senior Investment Group Inc.,0001610114,10-K,2021-02-25,edgar/data/1610114/0001610114-21-000011.txt
"Shell Midstream Partners, L.P.",0001610466,10-K,2021-02-23,edgar/data/1610466/0001610466-21-000008.txt
COMM 2014-CCRE18 Mortgage Trust,0001610486,10-K,2021-03-18,edgar/data/1610486/0001056404-21-002903.txt
"Cidara Therapeutics, Inc.",0001610618,10-K,2021-02-25,edgar/data/1610618/0001610618-21-000008.txt
USD Partners LP,0001610682,10-K,2021-03-04,edgar/data/1610682/0001610682-21-000024.txt
JPMBB Commercial Mortgage Securities Trust 2014-C21,0001610796,10-K,2021-03-16,edgar/data/1610796/0001056404-21-002754.txt
"HELIUS MEDICAL TECHNOLOGIES, INC.",0001610853,10-K,2021-03-10,edgar/data/1610853/0001564590-21-012121.txt
"Washington Prime Group, L.P.",0001610911,10-K,2021-03-16,edgar/data/1610911/0001594686-21-000006.txt
"Syneos Health, Inc.",0001610950,10-K,2021-02-18,edgar/data/1610950/0001564590-21-006471.txt
MEDLEY MANAGEMENT INC.,0001611110,10-K,2021-03-31,edgar/data/1611110/0001437749-21-007881.txt
Urban Edge Properties,0001611547,10-K,2021-02-17,edgar/data/1611547/0001611547-21-000006.txt
"Freshpet, Inc.",0001611647,10-K,2021-02-22,edgar/data/1611647/0001437749-21-003615.txt
Liberty Broadband Corp,0001611983,10-K,2021-02-26,edgar/data/1611983/0001558370-21-002026.txt
Morgan Stanley Bank of America Merrill Lynch Trust 2014-C17,0001612124,10-K,2021-03-30,edgar/data/1612124/0001564590-21-016516.txt
COMM 2014-UBS4 Mortgage Trust,0001612126,10-K,2021-03-17,edgar/data/1612126/0001020242-21-000062.txt
TEO FOODS INC,0001612188,10-K,2021-03-31,edgar/data/1612188/0001079973-21-000218.txt
Citigroup Commercial Mortgage Trust 2014-GC23,0001612518,10-K,2021-03-31,edgar/data/1612518/0001564590-21-016920.txt
JOINT Corp,0001612630,10-K,2021-03-05,edgar/data/1612630/0001628280-21-004004.txt
NextDecade Corp.,0001612720,10-K,2021-03-25,edgar/data/1612720/0001437749-21-007153.txt
COMM 2014-CCRE19 Mortgage Trust,0001612841,10-K,2021-03-17,edgar/data/1612841/0001056404-21-002801.txt
Navient Student Loan Trust 2014-2,0001613762,10-K,2021-03-30,edgar/data/1613762/0001140361-21-010739.txt
Navient Student Loan Trust 2014-3,0001613763,10-K,2021-03-30,edgar/data/1613763/0001140361-21-010740.txt
Navient Student Loan Trust 2014-4,0001613764,10-K,2021-03-30,edgar/data/1613764/0001140361-21-010741.txt
Navient Student Loan Trust 2014-5,0001613765,10-K,2021-03-30,edgar/data/1613765/0001140361-21-010742.txt
Navient Student Loan Trust 2014-6,0001613766,10-K,2021-03-30,edgar/data/1613766/0001140361-21-010743.txt
Navient Student Loan Trust 2014-7,0001613767,10-K,2021-03-30,edgar/data/1613767/0001140361-21-010744.txt
DBV Technologies S.A.,0001613780,10-K,2021-03-17,edgar/data/1613780/0001193125-21-084223.txt
"PRA Health Sciences, Inc.",0001613859,10-K,2021-02-24,edgar/data/1613859/0001613859-21-000011.txt
JPMBB Commercial Mortgage Securities Trust 2014-C22,0001614033,10-K,2021-03-15,edgar/data/1614033/0001056404-21-002602.txt
"Aridis Pharmaceuticals, Inc.",0001614067,10-K,2021-03-30,edgar/data/1614067/0001104659-21-044023.txt
"Yext, Inc.",0001614178,10-K,2021-03-16,edgar/data/1614178/0001614178-21-000065.txt
Cadence Bancorporation,0001614184,10-K,2021-03-01,edgar/data/1614184/0001564590-21-009783.txt
Star Alliance International Corp.,0001614556,10-K,2021-03-18,edgar/data/1614556/0001683168-21-000994.txt
Great Ajax Corp.,0001614806,10-K,2021-03-05,edgar/data/1614806/0001628280-21-003949.txt
"Inspired Entertainment, Inc.",0001615063,10-K,2021-03-29,edgar/data/1615063/0001213900-21-018067.txt
"Veritone, Inc.",0001615165,10-K,2021-03-05,edgar/data/1615165/0001564590-21-011303.txt
"Salarius Pharmaceuticals, Inc.",0001615219,10-K,2021-03-18,edgar/data/1615219/0001615219-21-000026.txt
"Moody National REIT II, Inc.",0001615222,10-K,2021-03-31,edgar/data/1615222/0001387131-21-004056.txt
Landmark Infrastructure Partners LP,0001615346,10-K,2021-02-24,edgar/data/1615346/0001564590-21-007833.txt
"NEUROPATHIX, INC.",0001615999,10-K,2021-03-30,edgar/data/1615999/0001607062-21-000063.txt
"Xenia Hotels & Resorts, Inc.",0001616000,10-K,2021-03-01,edgar/data/1616000/0001616000-21-000030.txt
Trillium Therapeutics Inc.,0001616212,10-K,2021-03-18,edgar/data/1616212/0001104659-21-038350.txt
"Senseonics Holdings, Inc.",0001616543,10-K,2021-03-05,edgar/data/1616543/0001558370-21-002458.txt
WFRBS Commercial Mortgage Trust 2014-C22,0001616666,10-K,2021-03-17,edgar/data/1616666/0001056404-21-002809.txt
Wayfair Inc.,0001616707,10-K,2021-02-25,edgar/data/1616707/0001616707-21-000064.txt
Axalta Coating Systems Ltd.,0001616862,10-K,2021-02-18,edgar/data/1616862/0001616862-21-000013.txt
"J. Alexander's Holdings, Inc.",0001617227,10-K,2021-03-18,edgar/data/1617227/0001564590-21-014068.txt
Park Hotels & Resorts Inc.,0001617406,10-K,2021-02-26,edgar/data/1617406/0001564590-21-009414.txt
"ZILLOW GROUP, INC.",0001617640,10-K,2021-02-12,edgar/data/1617640/0001617640-21-000012.txt
Morgan Stanley Bank of America Merrill Lynch Trust 2014-C18,0001617760,10-K,2021-03-30,edgar/data/1617760/0001387131-21-004040.txt
GS Mortgage Securities Trust 2014-GC24,0001617957,10-K,2021-03-19,edgar/data/1617957/0001056404-21-002943.txt
COMM 2014-UBS5 Mortgage Trust,0001617959,10-K,2021-03-11,edgar/data/1617959/0001056404-21-002424.txt
JPMBB Commercial Mortgage Securities Trust 2014-C23,0001618150,10-K,2021-03-15,edgar/data/1618150/0001056404-21-002646.txt
National Storage Affiliates Trust,0001618563,10-K,2021-02-26,edgar/data/1618563/0001618563-21-000018.txt
GUGGENHEIM CREDIT INCOME FUND 2016 T,0001618694,10-K,2021-03-17,edgar/data/1618694/0001618694-21-000005.txt
GUGGENHEIM CREDIT INCOME FUND 2019,0001618696,10-K,2021-03-17,edgar/data/1618696/0001618696-21-000006.txt
GUGGENHEIM CREDIT INCOME FUND,0001618697,10-K,2021-03-17,edgar/data/1618697/0001618697-21-000009.txt
WFRBS Commercial Mortgage Trust 2014-C23,0001618713,10-K,2021-03-16,edgar/data/1618713/0001056404-21-002776.txt
Restaurant Brands International Limited Partnership,0001618755,10-K,2021-02-23,edgar/data/1618755/0001618755-21-000007.txt
Restaurant Brands International Inc.,0001618756,10-K,2021-02-23,edgar/data/1618756/0001618756-21-000007.txt
"Evofem Biosciences, Inc.",0001618835,10-K,2021-03-04,edgar/data/1618835/0001618835-21-000040.txt
"Cloudweb, Inc.",0001619227,10-K,2021-03-10,edgar/data/1619227/0001640334-21-000556.txt
Lightstone Real Estate Income Trust Inc.,0001619312,10-K,2021-03-19,edgar/data/1619312/0001829126-21-001648.txt
COMM 2014-LC17 Mortgage Trust,0001619511,10-K,2021-03-15,edgar/data/1619511/0001056404-21-002596.txt
Citigroup Commercial Mortgage Trust 2014-GC25,0001619616,10-K,2021-03-29,edgar/data/1619616/0001564590-21-016002.txt
"Inovalon Holdings, Inc.",0001619954,10-K,2021-02-17,edgar/data/1619954/0001619954-21-000042.txt
"Exela Technologies, Inc.",0001620179,10-K,2021-03-22,edgar/data/1620179/0001558370-21-003326.txt
Uniti Group Inc.,0001620280,10-K,2021-03-05,edgar/data/1620280/0001564590-21-011266.txt
COMM 2014-CCRE20 Mortgage Trust,0001620305,10-K,2021-03-12,edgar/data/1620305/0001056404-21-002552.txt
"NexPoint Residential Trust, Inc.",0001620393,10-K,2021-02-22,edgar/data/1620393/0001564590-21-007197.txt
"James River Group Holdings, Ltd.",0001620459,10-K,2021-02-26,edgar/data/1620459/0001620459-21-000053.txt
"Athira Pharma, Inc.",0001620463,10-K,2021-03-25,edgar/data/1620463/0001564590-21-015495.txt
Shake Shack Inc.,0001620533,10-K,2021-02-26,edgar/data/1620533/0001620533-21-000027.txt
Adaptimmune Therapeutics PLC,0001621227,10-K,2021-02-25,edgar/data/1621227/0001558370-21-001827.txt
COMM 2014-UBS6 Mortgage Trust,0001621368,10-K,2021-03-11,edgar/data/1621368/0001056404-21-002444.txt
JPMBB Commercial Mortgage Securities Trust 2014-C24,0001621379,10-K,2021-03-15,edgar/data/1621379/0001056404-21-002694.txt
"Black Stone Minerals, L.P.",0001621434,10-K,2021-02-23,edgar/data/1621434/0001628280-21-002859.txt
"Zynerba Pharmaceuticals, Inc.",0001621443,10-K,2021-03-10,edgar/data/1621443/0001558370-21-002669.txt
WFRBS Commercial Mortgage Trust 2014-C24,0001621466,10-K,2021-03-17,edgar/data/1621466/0001056404-21-002813.txt
"Summit Materials, Inc.",0001621563,10-K,2021-02-24,edgar/data/1621563/0001628280-21-003021.txt
"Super League Gaming, Inc.",0001621672,10-K,2021-03-19,edgar/data/1621672/0001654954-21-003010.txt
"Aqua Metals, Inc.",0001621832,10-K,2021-02-25,edgar/data/1621832/0001437749-21-004116.txt
"Easterly Government Properties, Inc.",0001622194,10-K,2021-02-24,edgar/data/1622194/0001564590-21-008064.txt
"Cogent Biosciences, Inc.",0001622229,10-K,2021-03-16,edgar/data/1622229/0001564590-21-013325.txt
"Polar Power, Inc.",0001622345,10-K,2021-03-31,edgar/data/1622345/0001493152-21-007482.txt
JPMBB Commercial Mortgage Securities Trust 2014-C25,0001622413,10-K,2021-03-15,edgar/data/1622413/0001056404-21-002644.txt
GS Mortgage Securities Trust 2014-GC26,0001622765,10-K,2021-03-22,edgar/data/1622765/0001387131-21-003768.txt
"Medicine Man Technologies, Inc.",0001622879,10-K,2021-03-31,edgar/data/1622879/0001683168-21-001161.txt
Navient Student Loan Trust 2014-8,0001623518,10-K,2021-03-30,edgar/data/1623518/0001140361-21-010745.txt
"Stoke Therapeutics, Inc.",0001623526,10-K,2021-03-09,edgar/data/1623526/0001564590-21-011760.txt
Vitaxel Group Ltd,0001623590,10-K,2021-03-30,edgar/data/1623590/0001753926-21-000072.txt
WFRBS Commercial Mortgage Trust 2014-C25,0001623838,10-K,2021-03-17,edgar/data/1623838/0001056404-21-002825.txt
Morgan Stanley Bank of America Merrill Lynch Trust 2014-C19,0001623916,10-K,2021-03-29,edgar/data/1623916/0001056404-21-003397.txt
Antero Midstream Corp,0001623925,10-K,2021-02-17,edgar/data/1623925/0001558370-21-001148.txt
"Business First Bancshares, Inc.",0001624322,10-K,2021-03-05,edgar/data/1624322/0001437749-21-005177.txt
PAVmed Inc.,0001624326,10-K,2021-03-15,edgar/data/1624326/0001493152-21-006002.txt
Boxlight Corp,0001624512,10-K,2021-03-31,edgar/data/1624512/0001493152-21-007447.txt
"Allena Pharmaceuticals, Inc.",0001624658,10-K,2021-03-11,edgar/data/1624658/0001564590-21-012238.txt
"Pulse Biosciences, Inc.",0001625101,10-K,2021-03-12,edgar/data/1625101/0001625101-21-000014.txt
JPMBB Commercial Mortgage Securities Trust 2014-C26,0001625123,10-K,2021-03-11,edgar/data/1625123/0001056404-21-002429.txt
Arma Services Inc,0001625285,10-K,2021-01-21,edgar/data/1625285/0001625285-21-000002.txt
COMM 2014-CCRE21 Mortgage Trust,0001625426,10-K,2021-03-15,edgar/data/1625426/0001056404-21-002590.txt
BLACK CREEK INDUSTRIAL REIT IV Inc.,0001625941,10-K,2021-03-05,edgar/data/1625941/0001558370-21-002445.txt
PJT Partners Inc.,0001626115,10-K,2021-02-26,edgar/data/1626115/0001564590-21-009465.txt
"ALPINE IMMUNE SCIENCES, INC.",0001626199,10-K,2021-03-18,edgar/data/1626199/0001626199-21-000038.txt
"BigCommerce Holdings, Inc.",0001626450,10-K,2021-02-26,edgar/data/1626450/0001564590-21-009501.txt
XBiotech Inc.,0001626878,10-K,2021-03-16,edgar/data/1626878/0001171843-21-001828.txt
Wells Fargo Commercial Mortgage Trust 2014-LC18,0001626941,10-K,2021-03-16,edgar/data/1626941/0001056404-21-002768.txt
"Corvus Pharmaceuticals, Inc.",0001626971,10-K,2021-03-25,edgar/data/1626971/0001558370-21-003462.txt
"Black Knight, Inc.",0001627014,10-K,2021-02-26,edgar/data/1627014/0001627014-21-000005.txt
Chemours Co,0001627223,10-K,2021-02-12,edgar/data/1627223/0001564590-21-005805.txt
"Photozou Holdings, Inc.",0001627469,10-K,2021-03-16,edgar/data/1627469/0001599916-21-000037.txt
Upwork Inc.,0001627475,10-K,2021-02-24,edgar/data/1627475/0001627475-21-000015.txt
"Sailpoint Technologies Holdings, Inc.",0001627857,10-K,2021-02-25,edgar/data/1627857/0001628280-21-003310.txt
Seritage Growth Properties,0001628063,10-K,2021-03-15,edgar/data/1628063/0001564590-21-013212.txt
COMM 2015-LC19 Mortgage Trust,0001628112,10-K,2021-03-17,edgar/data/1628112/0001056404-21-002856.txt
"Revolution Medicines, Inc.",0001628171,10-K,2021-03-02,edgar/data/1628171/0001564590-21-010276.txt
Cushman & Wakefield plc,0001628369,10-K,2021-02-26,edgar/data/1628369/0001628369-21-000016.txt
"Evolent Health, Inc.",0001628908,10-K,2021-02-26,edgar/data/1628908/0001628908-21-000026.txt
Merchants Bancorp,0001629019,10-K,2021-03-05,edgar/data/1629019/0001558370-21-002456.txt
Morgan Stanley Bank of America Merrill Lynch Trust 2015-C20,0001629069,10-K,2021-03-29,edgar/data/1629069/0001056404-21-003409.txt
"Global Blood Therapeutics, Inc.",0001629137,10-K,2021-02-24,edgar/data/1629137/0001193125-21-054629.txt
Citigroup Commercial Mortgage Trust 2015-GC27,0001629716,10-K,2021-03-29,edgar/data/1629716/0001564590-21-015993.txt
Brixmor Operating Partnership LP,0001630031,10-K,2021-02-11,edgar/data/1630031/0001581068-21-000012.txt
GREY CLOAK TECH INC.,0001630176,10-K,2021-02-19,edgar/data/1630176/0001520138-21-000113.txt
Avalon GloboCare Corp.,0001630212,10-K,2021-03-30,edgar/data/1630212/0001213900-21-018744.txt
"TPG RE Finance Trust, Inc.",0001630472,10-K,2021-02-24,edgar/data/1630472/0001564590-21-008107.txt
GS Mortgage Securities Trust 2015-GC28,0001630477,10-K,2021-03-19,edgar/data/1630477/0001056404-21-002939.txt
Wells Fargo Commercial Mortgage Trust 2015-C26,0001630513,10-K,2021-03-16,edgar/data/1630513/0001056404-21-002702.txt
JPMBB Commercial Mortgage Securities Trust 2015-C27,0001630690,10-K,2021-03-24,edgar/data/1630690/0001056404-21-003083.txt
"Babcock & Wilcox Enterprises, Inc.",0001630805,10-K,2021-03-08,edgar/data/1630805/0001630805-21-000004.txt
Professional Holding Corp.,0001630856,10-K,2021-03-26,edgar/data/1630856/0001558370-21-003552.txt
"KBS Growth & Income REIT, Inc.",0001631256,10-K,2021-03-11,edgar/data/1631256/0001631256-21-000008.txt
Morgan Stanley Bank of America Merrill Lynch Trust 2015-C21,0001631406,10-K,2021-03-30,edgar/data/1631406/0001056404-21-003411.txt
Community Healthcare Trust Inc,0001631569,10-K,2021-02-16,edgar/data/1631569/0001631569-21-000014.txt
Wave Life Sciences Ltd.,0001631574,10-K,2021-03-04,edgar/data/1631574/0001564590-21-010718.txt
KKR Real Estate Finance Trust Inc.,0001631596,10-K,2021-02-16,edgar/data/1631596/0001631596-21-000013.txt
"HOMETOWN INTERNATIONAL, INC.",0001632081,10-K,2021-03-26,edgar/data/1632081/0001213900-21-018020.txt
"Balance Labs, Inc.",0001632121,10-K,2021-03-31,edgar/data/1632121/0001493152-21-007533.txt
"Cable One, Inc.",0001632127,10-K,2021-02-26,edgar/data/1632127/0001437749-21-004160.txt
CAT9 Group Inc.,0001632275,10-K,2021-03-30,edgar/data/1632275/0001262463-21-000098.txt
COMM 2015-DC1 Mortgage Trust,0001632814,10-K,2021-03-11,edgar/data/1632814/0001056404-21-002430.txt
"Griffin-American Healthcare REIT IV, Inc.",0001632970,10-K,2021-03-26,edgar/data/1632970/0001632970-21-000028.txt
Navient Student Loan Trust 2015-1,0001633023,10-K,2021-03-30,edgar/data/1633023/0001140361-21-010746.txt
Axcella Health Inc.,0001633070,10-K,2021-03-17,edgar/data/1633070/0001633070-21-000009.txt
"Crescent Capital BDC, Inc.",0001633336,10-K,2021-02-24,edgar/data/1633336/0001193125-21-054604.txt
Wells Fargo Commercial Mortgage Trust 2015-C27,0001633533,10-K,2021-03-17,edgar/data/1633533/0001056404-21-002838.txt
Audax Credit BDC Inc.,0001633858,10-K,2021-03-19,edgar/data/1633858/0001104659-21-039077.txt
"PayPal Holdings, Inc.",0001633917,10-K,2021-02-05,edgar/data/1633917/0001633917-21-000018.txt
TopBuild Corp,0001633931,10-K,2021-02-23,edgar/data/1633931/0001558370-21-001466.txt
"ProSight Global, Inc.",0001634038,10-K,2021-02-23,edgar/data/1634038/0001558370-21-001478.txt
CSAIL 2015-C1 Commercial Mortgage Trust,0001634172,10-K,2021-03-15,edgar/data/1634172/0001056404-21-002570.txt
"Exceed World, Inc.",0001634293,10-K,2021-01-13,edgar/data/1634293/0001599916-21-000002.txt
"Metacrine, Inc.",0001634379,10-K,2021-03-18,edgar/data/1634379/0001564590-21-014178.txt
Strongbridge Biopharma plc,0001634432,10-K,2021-03-03,edgar/data/1634432/0001558370-21-002288.txt
"ISUN, INC.",0001634447,10-K,2021-03-15,edgar/data/1634447/0001140361-21-008539.txt
AB Private Credit Investors Corp,0001634452,10-K,2021-03-30,edgar/data/1634452/0001193125-21-100480.txt
COMM 2015-CCRE22 Mortgage Trust,0001634976,10-K,2021-03-17,edgar/data/1634976/0001020242-21-000065.txt
"Avangrid, Inc.",0001634997,10-K,2021-03-01,edgar/data/1634997/0001634997-21-000024.txt
"Rimini Street, Inc.",0001635282,10-K,2021-03-03,edgar/data/1635282/0001635282-21-000023.txt
Wells Fargo Commercial Mortgage Trust 2015-LC20,0001635569,10-K,2021-03-12,edgar/data/1635569/0001056404-21-002497.txt
Green Plains Partners LP,0001635650,10-K,2021-02-16,edgar/data/1635650/0001635650-21-000009.txt
Exterran Corp,0001635881,10-K,2021-03-02,edgar/data/1635881/0001635881-21-000012.txt
"National Western Life Group, Inc.",0001635984,10-K,2021-03-16,edgar/data/1635984/0001635984-21-000009.txt
Wingstop Inc.,0001636222,10-K,2021-02-18,edgar/data/1636222/0001636222-21-000011.txt
"Aeglea BioTherapeutics, Inc.",0001636282,10-K,2021-03-18,edgar/data/1636282/0001564590-21-014021.txt
Altabancorp,0001636286,10-K,2021-03-15,edgar/data/1636286/0001564590-21-013194.txt
"Kite Realty Group, L.P.",0001636315,10-K,2021-02-22,edgar/data/1636315/0001286043-21-000034.txt
"Health Catalyst, Inc.",0001636422,10-K,2021-02-25,edgar/data/1636422/0001636422-21-000026.txt
Navient Student Loan Trust 2015-2,0001636459,10-K,2021-03-30,edgar/data/1636459/0001140361-21-010747.txt
Morgan Stanley Bank of America Merrill Lynch Trust 2015-C22,0001636513,10-K,2021-03-29,edgar/data/1636513/0001056404-21-003402.txt
Ovid Therapeutics Inc.,0001636651,10-K,2021-03-15,edgar/data/1636651/0001564590-21-013016.txt
Citigroup Commercial Mortgage Trust 2015-GC29,0001636708,10-K,2021-03-29,edgar/data/1636708/0001564590-21-016047.txt
JPMBB Commercial Mortgage Securities Trust 2015-C28,0001637008,10-K,2021-03-19,edgar/data/1637008/0001056404-21-003005.txt
"Planet Fitness, Inc.",0001637207,10-K,2021-03-01,edgar/data/1637207/0001637207-21-000009.txt
STRONG SOLUTIONS INC.,0001637242,10-K,2021-03-02,edgar/data/1637242/0001078782-21-000193.txt
Kraft Heinz Co,0001637459,10-K,2021-02-17,edgar/data/1637459/0001637459-21-000009.txt
Horizon Global Corp,0001637655,10-K,2021-03-11,edgar/data/1637655/0001637655-21-000040.txt
Clearway Energy LLC,0001637757,10-K,2021-03-01,edgar/data/1637757/0001637757-21-000004.txt
SeaSpine Holdings Corp,0001637761,10-K,2021-03-05,edgar/data/1637761/0001637761-21-000056.txt
"Tri-State Generation & Transmission Association, Inc.",0001637880,10-K,2021-03-05,edgar/data/1637880/0001628280-21-004006.txt
"Entergy New Orleans Storm Recovery Funding I, L.L.C.",0001637969,10-K,2021-03-29,edgar/data/1637969/0000065984-21-000156.txt
Wells Fargo Commercial Mortgage Trust 2015-NXS1,0001638227,10-K,2021-03-15,edgar/data/1638227/0001056404-21-002674.txt
Intec Pharma Ltd.,0001638381,10-K,2021-03-16,edgar/data/1638381/0001213900-21-015763.txt
"Surgery Partners, Inc.",0001638833,10-K,2021-03-10,edgar/data/1638833/0001638833-21-000034.txt
UAS Drone Corp.,0001638911,10-K,2021-03-30,edgar/data/1638911/0001213900-21-018451.txt
Wells Fargo Commercial Mortgage Trust 2015-C28,0001638933,10-K,2021-03-15,edgar/data/1638933/0001056404-21-002638.txt
"Ollie's Bargain Outlet Holdings, Inc.",0001639300,10-K,2021-03-24,edgar/data/1639300/0001140361-21-009817.txt
CSAIL 2015-C2 Commercial Mortgage Trust,0001639353,10-K,2021-03-12,edgar/data/1639353/0001056404-21-002503.txt
LivaNova PLC,0001639691,10-K,2021-03-01,edgar/data/1639691/0001639691-21-000016.txt
GS Mortgage Securities Trust 2015-GC30,0001639694,10-K,2021-03-26,edgar/data/1639694/0000894189-21-001837.txt
COMM 2015-CCRE23 Mortgage Trust,0001640052,10-K,2021-03-15,edgar/data/1640052/0001056404-21-002662.txt
Snowflake Inc.,0001640147,10-K,2021-03-31,edgar/data/1640147/0001640147-21-000073.txt
"Voyager Therapeutics, Inc.",0001640266,10-K,2021-02-25,edgar/data/1640266/0001558370-21-001865.txt
"LM FUNDING AMERICA, INC.",0001640384,10-K,2021-03-31,edgar/data/1640384/0001564590-21-017063.txt
"EverQuote, Inc.",0001640428,10-K,2021-03-01,edgar/data/1640428/0001193125-21-063397.txt
"Jounce Therapeutics, Inc.",0001640455,10-K,2021-02-25,edgar/data/1640455/0001640455-21-000055.txt
JPMBB Commercial Mortgage Securities Trust 2015-C29,0001640584,10-K,2021-03-15,edgar/data/1640584/0001056404-21-002654.txt
Morgan Stanley Capital I Trust 2015-MS1,0001640775,10-K,2021-03-29,edgar/data/1640775/0001056404-21-003404.txt
"ATEL 17, LLC",0001640982,10-K,2021-03-30,edgar/data/1640982/0001558370-21-003670.txt
"Bolt Biotherapeutics, Inc.",0001641281,10-K,2021-03-31,edgar/data/1641281/0001193125-21-102253.txt
Code Chain New Continent Ltd,0001641398,10-K,2021-03-26,edgar/data/1641398/0001213900-21-017928.txt
vTv Therapeutics Inc.,0001641489,10-K,2021-02-24,edgar/data/1641489/0001564590-21-008149.txt
River Financial Corp,0001641601,10-K,2021-03-16,edgar/data/1641601/0001564590-21-013564.txt
CPI Card Group Inc.,0001641614,10-K,2021-02-25,edgar/data/1641614/0001558370-21-001721.txt
Navient Student Loan Trust 2015-3,0001641623,10-K,2021-03-30,edgar/data/1641623/0001140361-21-010748.txt
Nabriva Therapeutics plc,0001641640,10-K,2021-03-11,edgar/data/1641640/0001558370-21-002824.txt
BrewBilt Manufacturing Inc.,0001641751,10-K,2021-03-31,edgar/data/1641751/0001641751-21-000005.txt
"SPX FLOW, Inc.",0001641991,10-K,2021-02-19,edgar/data/1641991/0001641991-21-000016.txt
"Allegiance Bancshares, Inc.",0001642081,10-K,2021-03-10,edgar/data/1642081/0001564590-21-012114.txt
"Associated Capital Group, Inc.",0001642122,10-K,2021-03-24,edgar/data/1642122/0001140361-21-009678.txt
"Guardion Health Sciences, Inc.",0001642375,10-K,2021-03-26,edgar/data/1642375/0001493152-21-006883.txt
OncoCyte Corp,0001642380,10-K,2021-03-19,edgar/data/1642380/0001493152-21-006465.txt
"Daseke, Inc.",0001642453,10-K,2021-02-26,edgar/data/1642453/0001558370-21-001921.txt
"Shockwave Medical, Inc.",0001642545,10-K,2021-02-26,edgar/data/1642545/0001564590-21-009415.txt
Morgan Stanley Bank of America Merrill Lynch Trust 2015-C23,0001642727,10-K,2021-03-29,edgar/data/1642727/0001056404-21-003401.txt
"Venture Lending & Leasing VIII, Inc.",0001642862,10-K,2021-03-15,edgar/data/1642862/0001642862-21-000003.txt
"Parking REIT, Inc.",0001642985,10-K,2021-03-31,edgar/data/1642985/0001642985-21-000017.txt
"Sumo Logic, Inc.",0001643269,10-K,2021-03-12,edgar/data/1643269/0001643269-21-000006.txt
COMM 2015-LC21 Mortgage Trust,0001643293,10-K,2021-03-16,edgar/data/1643293/0001020242-21-000049.txt
Cure Pharmaceutical Holding Corp.,0001643301,10-K,2021-03-31,edgar/data/1643301/0001477932-21-001927.txt
Exsular Financial Group Inc.,0001643542,10-K,2021-03-31,edgar/data/1643542/0001493152-21-007552.txt
Wells Fargo Commercial Mortgage Trust 2015-C29,0001643550,10-K,2021-03-15,edgar/data/1643550/0001056404-21-002684.txt
"Montrose Environmental Group, Inc.",0001643615,10-K,2021-03-24,edgar/data/1643615/0001564590-21-015136.txt
Citigroup Commercial Mortgage Trust 2015-GC31,0001643661,10-K,2021-03-29,edgar/data/1643661/0001564590-21-015989.txt
Wells Fargo Commercial Mortgage Trust 2015-NXS2,0001643873,10-K,2021-03-11,edgar/data/1643873/0001056404-21-002439.txt
"Purple Innovation, Inc.",0001643953,10-K,2021-03-11,edgar/data/1643953/0001213900-21-014856.txt
"Hostess Brands, Inc.",0001644406,10-K,2021-02-24,edgar/data/1644406/0001644406-21-000009.txt
GCP Applied Technologies Inc.,0001644440,10-K,2021-03-08,edgar/data/1644440/0001644440-21-000023.txt
GS Mortgage Securities Trust 2015-GC32,0001644697,10-K,2021-03-18,edgar/data/1644697/0001056404-21-002878.txt
JPMBB Commercial Mortgage Securities Trust 2015-C30,0001644943,10-K,2021-03-16,edgar/data/1644943/0001056404-21-002752.txt
"AVENUE THERAPEUTICS, INC.",0001644963,10-K,2021-03-31,edgar/data/1644963/0001104659-21-044358.txt
PBF Energy Co LLC,0001645026,10-K,2021-02-18,edgar/data/1645026/0001534504-21-000008.txt
NovoCure Ltd,0001645113,10-K,2021-02-25,edgar/data/1645113/0001645113-21-000017.txt
COMM 2015-PC1 Mortgage Trust,0001645384,10-K,2021-03-11,edgar/data/1645384/0001056404-21-002426.txt
"Cue Biopharma, Inc.",0001645460,10-K,2021-03-09,edgar/data/1645460/0001564590-21-011777.txt
Monopar Therapeutics,0001645469,10-K,2021-03-25,edgar/data/1645469/0001654954-21-003243.txt
"Kezar Life Sciences, Inc.",0001645666,10-K,2021-03-11,edgar/data/1645666/0001564590-21-012525.txt
Discover Funding LLC,0001645731,10-K,2021-03-23,edgar/data/1645731/0001193125-21-091263.txt
MODIV INC.,0001645873,10-K,2021-03-31,edgar/data/1645873/0001645873-21-000080.txt
Ondas Holdings Inc.,0001646188,10-K,2021-03-08,edgar/data/1646188/0001213900-21-013984.txt
At Home Group Inc.,0001646228,10-K,2021-03-24,edgar/data/1646228/0001558370-21-003393.txt
COMM 2015-CCRE24 Mortgage Trust,0001646736,10-K,2021-03-15,edgar/data/1646736/0001056404-21-002586.txt
Morgan Stanley Bank of America Merrill Lynch Trust 2015-C24,0001646924,10-K,2021-03-30,edgar/data/1646924/0001056404-21-003465.txt
WillScot Mobile Mini Holdings Corp.,0001647088,10-K,2021-02-26,edgar/data/1647088/0001647088-21-000015.txt
Noble Midstream Partners LP,0001647513,10-K,2021-02-12,edgar/data/1647513/0001647513-21-000017.txt
Wells Fargo Commercial Mortgage Trust 2015-C30,0001647587,10-K,2021-03-10,edgar/data/1647587/0001056404-21-002421.txt
"Upstart Holdings, Inc.",0001647639,10-K,2021-03-18,edgar/data/1647639/0001647639-21-000004.txt
CSAIL 2015-C3 Commercial Mortgage Trust,0001647980,10-K,2021-03-11,edgar/data/1647980/0001056404-21-002480.txt
COMM 2015-CCRE25 Mortgage Trust,0001648195,10-K,2021-03-19,edgar/data/1648195/0001020242-21-000080.txt
Citigroup Commercial Mortgage Trust 2015-P1,0001648439,10-K,2021-03-29,edgar/data/1648439/0001564590-21-015994.txt
Wells Fargo Commercial Mortgage Trust 2015-SG1,0001648858,10-K,2021-03-16,edgar/data/1648858/0001056404-21-002770.txt
"First Foods Group, Inc.",0001648903,10-K,2021-03-03,edgar/data/1648903/0001477932-21-001185.txt
"Vaxcyte, Inc.",0001649094,10-K,2021-03-29,edgar/data/1649094/0001564590-21-016110.txt
Clipper Realty Inc.,0001649096,10-K,2021-03-16,edgar/data/1649096/0001437749-21-006192.txt
JPMBB Commercial Mortgage Securities Trust 2015-C31,0001649184,10-K,2021-03-15,edgar/data/1649184/0001056404-21-002583.txt
DULUTH HOLDINGS INC.,0001649744,10-K,2021-03-26,edgar/data/1649744/0001649744-21-000007.txt
FB Financial Corp,0001649749,10-K,2021-03-12,edgar/data/1649749/0001649749-21-000065.txt
"RHYTHM PHARMACEUTICALS, INC.",0001649904,10-K,2021-03-01,edgar/data/1649904/0001558370-21-002121.txt
"Four Corners Property Trust, Inc.",0001650132,10-K,2021-02-19,edgar/data/1650132/0001650132-21-000026.txt
4D Molecular Therapeutics Inc.,0001650648,10-K,2021-03-25,edgar/data/1650648/0001564590-21-015502.txt
"Editas Medicine, Inc.",0001650664,10-K,2021-02-26,edgar/data/1650664/0001558370-21-001915.txt
"Laird Superfood, Inc.",0001650696,10-K,2021-03-16,edgar/data/1650696/0001193125-21-082813.txt
"SiteOne Landscape Supply, Inc.",0001650729,10-K,2021-03-03,edgar/data/1650729/0001650729-21-000006.txt
"Welbilt, Inc.",0001650962,10-K,2021-02-26,edgar/data/1650962/0001650962-21-000039.txt
Focus Financial Partners Inc.,0001651052,10-K,2021-02-19,edgar/data/1651052/0001558370-21-001250.txt
"Elevate Credit, Inc.",0001651094,10-K,2021-02-26,edgar/data/1651094/0001651094-21-000016.txt
Wells Fargo Commercial Mortgage Trust 2015-LC22,0001651164,10-K,2021-03-10,edgar/data/1651164/0001056404-21-002416.txt
"Acacia Communications, Inc.",0001651235,10-K,2021-03-01,edgar/data/1651235/0001651235-21-000044.txt
"BeiGene, Ltd.",0001651308,10-K,2021-02-25,edgar/data/1651308/0001651308-21-000039.txt
Merus N.V.,0001651311,10-K,2021-03-16,edgar/data/1651311/0001564590-21-013584.txt
"Checkpoint Therapeutics, Inc.",0001651407,10-K,2021-03-12,edgar/data/1651407/0001104659-21-035291.txt
"Checkmate Pharmaceuticals, Inc.",0001651431,10-K,2021-03-29,edgar/data/1651431/0001193125-21-098414.txt
"Tabula Rasa HealthCare, Inc.",0001651561,10-K,2021-02-26,edgar/data/1651561/0001558370-21-001929.txt
Citigroup Commercial Mortgage Trust 2015-GC33,0001651588,10-K,2021-03-29,edgar/data/1651588/0001564590-21-015995.txt
COMM 2015-CCRE26 Mortgage Trust,0001651790,10-K,2021-03-15,edgar/data/1651790/0001056404-21-002589.txt
"DermTech, Inc.",0001651944,10-K,2021-03-05,edgar/data/1651944/0001564590-21-011293.txt
Bank of America Merrill Lynch Commercial Mortgage Trust 2015-UBS7,0001652031,10-K,2021-03-23,edgar/data/1652031/0001387131-21-003795.txt
Alphabet Inc.,0001652044,10-K,2021-02-03,edgar/data/1652044/0001652044-21-000010.txt
"Intellia Therapeutics, Inc.",0001652130,10-K,2021-02-26,edgar/data/1652130/0001564590-21-009011.txt
Oasis Midstream Partners LP,0001652133,10-K,2021-03-08,edgar/data/1652133/0001652133-21-000012.txt
"Infrastructure & Energy Alternatives, Inc.",0001652362,10-K,2021-03-08,edgar/data/1652362/0001652362-21-000028.txt
"ICHOR HOLDINGS, LTD.",0001652535,10-K,2021-03-05,edgar/data/1652535/0001564590-21-011114.txt
DSwiss Inc,0001652561,10-K,2021-03-31,edgar/data/1652561/0001493152-21-007334.txt
GS Mortgage Securities Trust 2015-GC34,0001652672,10-K,2021-03-22,edgar/data/1652672/0001387131-21-003726.txt
"Lucira Health, Inc.",0001652724,10-K,2021-03-31,edgar/data/1652724/0001564590-21-017123.txt
United Royale Holdings Corp.,0001652842,10-K,2021-03-29,edgar/data/1652842/0001493152-21-007012.txt
Wells Fargo Commercial Mortgage Trust 2015-NXS3,0001652884,10-K,2021-03-16,edgar/data/1652884/0001056404-21-002740.txt
"FOURTH WAVE ENERGY, INC.",0001652958,10-K,2021-03-31,edgar/data/1652958/0001273511-21-000127.txt
JPMBB Commercial Mortgage Securities Trust 2015-C32,0001652982,10-K,2021-03-15,edgar/data/1652982/0001056404-21-002668.txt
"Alector, Inc.",0001653087,10-K,2021-02-25,edgar/data/1653087/0001564590-21-008860.txt
Waitr Holdings Inc.,0001653247,10-K,2021-03-08,edgar/data/1653247/0001564590-21-011498.txt
COMM 2015-CCRE27 Mortgage Trust,0001653323,10-K,2021-03-16,edgar/data/1653323/0001056404-21-002794.txt
Runway Growth Credit Fund Inc.,0001653384,10-K,2021-03-12,edgar/data/1653384/0001558370-21-002833.txt
Ingevity Corp,0001653477,10-K,2021-02-19,edgar/data/1653477/0001653477-21-000017.txt
Morgan Stanley Bank of America Merrill Lynch Trust 2015-C25,0001653542,10-K,2021-03-19,edgar/data/1653542/0001387131-21-003687.txt
"Priority Technology Holdings, Inc.",0001653558,10-K,2021-03-31,edgar/data/1653558/0001653558-21-000040.txt
"Red Rock Resorts, Inc.",0001653653,10-K,2021-02-23,edgar/data/1653653/0001653653-21-000005.txt
CEN BIOTECH INC,0001653821,10-K,2021-03-12,edgar/data/1653821/0001437749-21-005883.txt
MOMENTOUS HOLDINGS CORP.,0001653876,10-K,2021-02-26,edgar/data/1653876/0001683168-21-000728.txt
"Deciphera Pharmaceuticals, Inc.",0001654151,10-K,2021-02-09,edgar/data/1654151/0001654151-21-000003.txt
COMM 2015-LC23 Mortgage Trust,0001654330,10-K,2021-03-15,edgar/data/1654330/0001056404-21-002616.txt
"Medalist Diversified REIT, Inc.",0001654595,10-K,2021-03-11,edgar/data/1654595/0001104659-21-035024.txt
"PINEAPPLE, INC.",0001654672,10-K,2021-02-16,edgar/data/1654672/0001493152-21-003729.txt
Wells Fargo Commercial Mortgage Trust 2015-C31,0001654734,10-K,2021-03-16,edgar/data/1654734/0001056404-21-002766.txt
"Hartman vREIT XXI, Inc.",0001654948,10-K,2021-03-31,edgar/data/1654948/0001654948-21-000009.txt
"Extraction Oil & Gas, Inc.",0001655020,10-K,2021-03-18,edgar/data/1655020/0001655020-21-000118.txt
"Bain Capital Specialty Finance, Inc.",0001655050,10-K,2021-02-24,edgar/data/1655050/0001104659-21-027508.txt
"Armstrong Flooring, Inc.",0001655075,10-K,2021-03-01,edgar/data/1655075/0001655075-21-000005.txt
CSAIL 2015-C4 Commercial Mortgage Trust,0001655153,10-K,2021-03-12,edgar/data/1655153/0001056404-21-002511.txt
"BEYOND MEAT, INC.",0001655210,10-K,2021-03-01,edgar/data/1655210/0001655210-21-000032.txt
Morgan Stanley Bank of America Merrill Lynch Trust 2015-C26,0001655591,10-K,2021-03-30,edgar/data/1655591/0001056404-21-003416.txt
"ARVINAS, INC.",0001655759,10-K,2021-03-01,edgar/data/1655759/0001564590-21-009857.txt
Owl Rock Capital Corp II,0001655887,10-K,2021-03-05,edgar/data/1655887/0001564590-21-011045.txt
Owl Rock Capital Corp,0001655888,10-K,2021-02-23,edgar/data/1655888/0001564590-21-007640.txt
Morgan Stanley Bank of America Merrill Lynch Trust 2015-C27,0001656047,10-K,2021-03-30,edgar/data/1656047/0001056404-21-003463.txt
JPMBB Commercial Mortgage Securities Trust 2015-C33,0001656088,10-K,2021-03-19,edgar/data/1656088/0001056404-21-003020.txt
Cronos Group Inc.,0001656472,10-K,2021-02-26,edgar/data/1656472/0001656472-21-000009.txt
"Decibel Therapeutics, Inc.",0001656536,10-K,2021-03-29,edgar/data/1656536/0001564590-21-016167.txt
"Gritstone Oncology, Inc.",0001656634,10-K,2021-03-11,edgar/data/1656634/0001564590-21-012260.txt
Wells Fargo Commercial Mortgage Trust 2015-NXS4,0001656681,10-K,2021-03-16,edgar/data/1656681/0001056404-21-002709.txt
GS Mortgage Securities Trust 2015-GS1,0001656839,10-K,2021-03-22,edgar/data/1656839/0001056404-21-003028.txt
MGM Growth Properties LLC,0001656936,10-K,2021-02-23,edgar/data/1656936/0001656936-21-000011.txt
Verona Pharma plc,0001657312,10-K,2021-02-25,edgar/data/1657312/0001657312-21-000004.txt
Citigroup Commercial Mortgage Trust 2015-GC35,0001657325,10-K,2021-03-29,edgar/data/1657325/0001564590-21-016050.txt
Parkway Acquisition Corp.,0001657642,10-K,2021-03-24,edgar/data/1657642/0001437749-21-007013.txt
"Kimbell Royalty Partners, LP",0001657788,10-K,2021-02-26,edgar/data/1657788/0001558370-21-001906.txt
"HERTZ GLOBAL HOLDINGS, INC",0001657853,10-K,2021-02-26,edgar/data/1657853/0001657853-21-000006.txt
Morgan Stanley Capital I Trust 2015-UBS8,0001657889,10-K,2021-03-30,edgar/data/1657889/0001056404-21-003445.txt
"Crinetics Pharmaceuticals, Inc.",0001658247,10-K,2021-03-30,edgar/data/1658247/0001564590-21-016719.txt
"Centennial Resource Development, Inc.",0001658566,10-K,2021-02-24,edgar/data/1658566/0001658566-21-000033.txt
Fortive Corp,0001659166,10-K,2021-02-26,edgar/data/1659166/0001659166-21-000062.txt
nDivision Inc.,0001659183,10-K,2021-03-30,edgar/data/1659183/0001477932-21-001792.txt
Iterum Therapeutics plc,0001659323,10-K,2021-03-12,edgar/data/1659323/0001564590-21-012694.txt
WELLS FARGO COMMERCIAL MORTGAGE TRUST 2015-P2,0001659329,10-K,2021-03-19,edgar/data/1659329/0001056404-21-002937.txt
"Codiak BioSciences, Inc.",0001659352,10-K,2021-03-17,edgar/data/1659352/0001564590-21-013870.txt
"Moleculin Biotech, Inc.",0001659617,10-K,2021-03-24,edgar/data/1659617/0001437749-21-006940.txt
JPMCC Commercial Mortgage Securities Trust 2015-JP1,0001659981,10-K,2021-03-19,edgar/data/1659981/0001056404-21-002988.txt
"Okta, Inc.",0001660134,10-K,2021-03-04,edgar/data/1660134/0001660134-21-000007.txt
"Tenable Holdings, Inc.",0001660280,10-K,2021-02-23,edgar/data/1660280/0001660280-21-000027.txt
Verrica Pharmaceuticals Inc.,0001660334,10-K,2021-03-17,edgar/data/1660334/0001564590-21-013876.txt
Triton International Ltd,0001660734,10-K,2021-02-16,edgar/data/1660734/0001660734-21-000041.txt
"Hancock Jaffe Laboratories, Inc.",0001661053,10-K,2021-03-31,edgar/data/1661053/0001493152-21-007526.txt
"NextCure, Inc.",0001661059,10-K,2021-03-04,edgar/data/1661059/0001558370-21-002384.txt
CSAIL 2016-C5 Commercial Mortgage Trust,0001661136,10-K,2021-03-11,edgar/data/1661136/0001056404-21-002460.txt
Organogenesis Holdings Inc.,0001661181,10-K,2021-03-16,edgar/data/1661181/0001193125-21-082849.txt
"Hancock Park Corporate Income, Inc.",0001661306,10-K,2021-03-26,edgar/data/1661306/0001661306-21-000023.txt
"Highlands REIT, Inc.",0001661458,10-K,2021-03-17,edgar/data/1661458/0001661458-21-000015.txt
"Poseida Therapeutics, Inc.",0001661460,10-K,2021-03-11,edgar/data/1661460/0001564590-21-012509.txt
CFCRE 2016-C3 Mortgage Trust,0001661589,10-K,2021-03-19,edgar/data/1661589/0001056404-21-002955.txt
SEEDO CORP.,0001661600,10-K,2021-03-17,edgar/data/1661600/0001213900-21-016071.txt
Lonestar Resources US Inc.,0001661920,10-K,2021-03-31,edgar/data/1661920/0001661920-21-000008.txt
"Homology Medicines, Inc.",0001661998,10-K,2021-03-11,edgar/data/1661998/0001564590-21-012490.txt
"C4 Therapeutics, Inc.",0001662579,10-K,2021-03-11,edgar/data/1662579/0001564590-21-012531.txt
"KULR Technology Group, Inc.",0001662684,10-K,2021-03-19,edgar/data/1662684/0001104659-21-038941.txt
"Cortexyme, Inc.",0001662774,10-K,2021-03-01,edgar/data/1662774/0001564590-21-009867.txt
Wells Fargo Commercial Mortgage Trust 2016-NXS5,0001662784,10-K,2021-03-10,edgar/data/1662784/0001056404-21-002418.txt
"Blackstone Real Estate Income Trust, Inc.",0001662972,10-K,2021-03-17,edgar/data/1662972/0001564590-21-013907.txt
COMM 2016-CCRE28 Mortgage Trust,0001663239,10-K,2021-03-15,edgar/data/1663239/0001056404-21-002637.txt
Wells Fargo Commercial Mortgage Trust 2016-C32,0001663240,10-K,2021-03-10,edgar/data/1663240/0001056404-21-002410.txt
COMM 2016-DC2 Mortgage Trust,0001663244,10-K,2021-03-17,edgar/data/1663244/0001020242-21-000052.txt
CITIGROUP COMMERCIAL MORTGAGE TRUST 2016-GC36,0001663645,10-K,2021-03-29,edgar/data/1663645/0001056404-21-003357.txt
"LogicBio Therapeutics, Inc.",0001664106,10-K,2021-03-15,edgar/data/1664106/0001564590-21-013165.txt
"ALTITUDE INTERNATIONAL HOLDINGS, INC.",0001664127,10-K,2021-03-31,edgar/data/1664127/0001493152-21-007257.txt
Morgan Stanley Capital I Trust 2016-UBS9,0001664682,10-K,2021-03-30,edgar/data/1664682/0001056404-21-003453.txt
Bloom Energy Corp,0001664703,10-K,2021-02-26,edgar/data/1664703/0001664703-21-000017.txt
"Keros Therapeutics, Inc.",0001664710,10-K,2021-03-25,edgar/data/1664710/0001664710-21-000018.txt
MBC FUNDING II CORP.,0001664740,10-K,2021-03-11,edgar/data/1664740/0001493152-21-005780.txt
"RODIN INCOME TRUST, INC.",0001664780,10-K,2021-03-26,edgar/data/1664780/0001564590-21-015763.txt
Morgan Stanley Bank of America Merrill Lynch Trust 2016-C28,0001665081,10-K,2021-03-18,edgar/data/1665081/0001056404-21-002919.txt
"Phunware, Inc.",0001665300,10-K,2021-03-31,edgar/data/1665300/0001628280-21-006256.txt
US Foods Holding Corp.,0001665918,10-K,2021-02-16,edgar/data/1665918/0001665918-21-000008.txt
Bioventus Inc.,0001665988,10-K,2021-03-26,edgar/data/1665988/0001628280-21-005771.txt
"Cardlytics, Inc.",0001666071,10-K,2021-03-01,edgar/data/1666071/0001666071-21-000029.txt
"BLACKLINE, INC.",0001666134,10-K,2021-02-25,edgar/data/1666134/0001666134-21-000004.txt
JPMBB Commercial Mortgage Securities Trust 2016-C1,0001666156,10-K,2021-03-10,edgar/data/1666156/0001056404-21-002402.txt
"Cantor Fitzgerald Income Trust, Inc.",0001666244,10-K,2021-03-25,edgar/data/1666244/0001564590-21-015520.txt
"AG Twin Brook BDC, Inc.",0001666384,10-K,2021-03-11,edgar/data/1666384/0001135428-21-000030.txt
"DuPont de Nemours, Inc.",0001666700,10-K,2021-02-12,edgar/data/1666700/0001666700-21-000005.txt
"Randolph Bancorp, Inc.",0001667161,10-K,2021-03-11,edgar/data/1667161/0001564590-21-012544.txt
BYLOG GROUP CORP.,0001668082,10-K,2021-01-20,edgar/data/1668082/0001493152-21-001429.txt
BYLOG GROUP CORP.,0001668082,10-K,2021-03-16,edgar/data/1668082/0001493152-21-006109.txt
Talend S.A.,0001668105,10-K,2021-03-01,edgar/data/1668105/0001668105-21-000016.txt
UroGen Pharma Ltd.,0001668243,10-K,2021-03-18,edgar/data/1668243/0001564590-21-014016.txt
"Toughbuilt Industries, Inc",0001668370,10-K,2021-03-26,edgar/data/1668370/0001493152-21-006939.txt
"Medpace Holdings, Inc.",0001668397,10-K,2021-02-16,edgar/data/1668397/0001564590-21-006072.txt
"PetIQ, Inc.",0001668673,10-K,2021-03-01,edgar/data/1668673/0001558370-21-002058.txt
DBJPM 2016-C1 Mortgage Trust,0001668738,10-K,2021-03-15,edgar/data/1668738/0001056404-21-002667.txt
Wells Fargo Commercial Mortgage Trust 2016-C33,0001668931,10-K,2021-03-12,edgar/data/1668931/0001056404-21-002491.txt
"Kinsale Capital Group, Inc.",0001669162,10-K,2021-02-25,edgar/data/1669162/0001669162-21-000005.txt
"Duke Energy Florida Project Finance, LLC",0001669374,10-K,2021-03-30,edgar/data/1669374/0001669374-21-000016.txt
Citigroup Commercial Mortgage Trust 2016-P3,0001669393,10-K,2021-03-30,edgar/data/1669393/0001564590-21-016640.txt
"Camping World Holdings, Inc.",0001669779,10-K,2021-02-26,edgar/data/1669779/0001558370-21-002004.txt
"Donnelley Financial Solutions, Inc.",0001669811,10-K,2021-02-25,edgar/data/1669811/0001564590-21-008822.txt
Morgan Stanley Bank of America Merrill Lynch Trust 2016-C29,0001669990,10-K,2021-03-30,edgar/data/1669990/0001056404-21-003449.txt
"U.S. WELL SERVICES, INC.",0001670349,10-K,2021-03-11,edgar/data/1670349/0001564590-21-012590.txt
"YETI Holdings, Inc.",0001670592,10-K,2021-03-01,edgar/data/1670592/0001670592-21-000004.txt
Citigroup Commercial Mortgage Trust 2016-GC37,0001670601,10-K,2021-03-30,edgar/data/1670601/0001564590-21-016641.txt
Cardtronics plc,0001671013,10-K,2021-03-01,edgar/data/1671013/0001671013-21-000013.txt
CFCRE 2016-C4 Mortgage Trust,0001671048,10-K,2021-03-19,edgar/data/1671048/0001387131-21-003685.txt
MED SPA VACATIONS INC.,0001671077,10-K,2021-01-05,edgar/data/1671077/0001640334-21-000020.txt
MED SPA VACATIONS INC.,0001671077,10-K,2021-03-30,edgar/data/1671077/0001640334-21-000694.txt
JPMDB Commercial Mortgage Securities Trust 2016-C2,0001671520,10-K,2021-03-15,edgar/data/1671520/0001056404-21-002598.txt
Aptevo Therapeutics Inc.,0001671584,10-K,2021-03-31,edgar/data/1671584/0001564590-21-016875.txt
GS Mortgage Securities Trust 2016-GS2,0001671740,10-K,2021-03-18,edgar/data/1671740/0001056404-21-002882.txt
"Oncorus, Inc.",0001671818,10-K,2021-03-10,edgar/data/1671818/0001564590-21-012059.txt
"Silverback Therapeutics, Inc.",0001671858,10-K,2021-03-29,edgar/data/1671858/0001193125-21-098283.txt
"Trade Desk, Inc.",0001671933,10-K,2021-02-19,edgar/data/1671933/0001564590-21-006726.txt
Acushnet Holdings Corp.,0001672013,10-K,2021-02-25,edgar/data/1672013/0001672013-21-000013.txt
Wells Fargo Commercial Mortgage Trust 2016-C34,0001672587,10-K,2021-03-18,edgar/data/1672587/0001056404-21-002868.txt
CSAIL 2016-C6 Commercial Mortgage Trust,0001672609,10-K,2021-03-16,edgar/data/1672609/0001056404-21-002756.txt
IMARA Inc.,0001672619,10-K,2021-03-05,edgar/data/1672619/0001564590-21-011098.txt
"Arboretum Silverleaf Income Fund, L.P.",0001672773,10-K,2021-03-31,edgar/data/1672773/0001493152-21-007424.txt
Canterbury Park Holding Corp,0001672909,10-K,2021-03-24,edgar/data/1672909/0001437749-21-006993.txt
Citigroup Commercial Mortgage Trust 2016-C1,0001673255,10-K,2021-03-30,edgar/data/1673255/0001564590-21-016656.txt
"Yum China Holdings, Inc.",0001673358,10-K,2021-02-26,edgar/data/1673358/0001564590-21-009460.txt
Trident Acquisitions Corp.,0001673481,10-K,2021-03-30,edgar/data/1673481/0001213900-21-018775.txt
Bank of America Merrill Lynch Commercial Mortgage Trust 2016-UBS10,0001673542,10-K,2021-03-18,edgar/data/1673542/0001056404-21-002917.txt
"RAPT Therapeutics, Inc.",0001673772,10-K,2021-03-11,edgar/data/1673772/0001564590-21-012250.txt
AdvanSix Inc.,0001673985,10-K,2021-02-19,edgar/data/1673985/0001673985-21-000011.txt
Vertiv Holdings Co,0001674101,10-K,2021-03-01,edgar/data/1674101/0001628280-21-003604.txt
Hilton Grand Vacations Inc.,0001674168,10-K,2021-03-01,edgar/data/1674168/0001564590-21-009825.txt
"JELD-WEN Holding, Inc.",0001674335,10-K,2021-02-23,edgar/data/1674335/0001674335-21-000012.txt
"Terra Property Trust, Inc.",0001674356,10-K,2021-03-19,edgar/data/1674356/0001674356-21-000008.txt
Aptinyx Inc.,0001674365,10-K,2021-03-24,edgar/data/1674365/0001558370-21-003428.txt
CRISPR Therapeutics AG,0001674416,10-K,2021-02-16,edgar/data/1674416/0001564590-21-006074.txt
Goldman Sachs Private Middle Market Credit LLC,0001674760,10-K,2021-02-25,edgar/data/1674760/0001564590-21-008935.txt
"Fulgent Genetics, Inc.",0001674930,10-K,2021-03-08,edgar/data/1674930/0001564590-21-011526.txt
Great Elm Capital Corp.,0001675033,10-K,2021-03-16,edgar/data/1675033/0001564590-21-013314.txt
Alcoa Corp,0001675149,10-K,2021-02-25,edgar/data/1675149/0001564590-21-008854.txt
"FVCBankcorp, Inc.",0001675644,10-K,2021-03-25,edgar/data/1675644/0001104659-21-041263.txt
SG Commercial Mortgage Securities Trust 2016-C5,0001675928,10-K,2021-03-16,edgar/data/1675928/0001056404-21-002746.txt
"CapStar Financial Holdings, Inc.",0001676479,10-K,2021-03-05,edgar/data/1676479/0001564590-21-011263.txt
VISION HYDROGEN Corp,0001676580,10-K,2021-03-12,edgar/data/1676580/0001493152-21-005901.txt
"IDEAYA Biosciences, Inc.",0001676725,10-K,2021-03-23,edgar/data/1676725/0001564590-21-014676.txt
Wells Fargo Commercial Mortgage Trust 2016-C35,0001676734,10-K,2021-03-10,edgar/data/1676734/0001056404-21-002412.txt
DBJPM 2016-C3 Mortgage Trust,0001677390,10-K,2021-03-15,edgar/data/1677390/0001056404-21-002658.txt
INNOVATIVE INDUSTRIAL PROPERTIES INC,0001677576,10-K,2021-02-26,edgar/data/1677576/0001558370-21-001890.txt
CONDUENT Inc,0001677703,10-K,2021-02-24,edgar/data/1677703/0001677703-21-000016.txt
CITIGROUP COMMERCIAL MORTGAGE TRUST 2016-P4,0001677913,10-K,2021-03-30,edgar/data/1677913/0001564590-21-016646.txt
JPMCC Commercial Mortgage Securities Trust 2016-JP2,0001678038,10-K,2021-03-15,edgar/data/1678038/0001056404-21-002691.txt
"Forterra, Inc.",0001678463,10-K,2021-02-25,edgar/data/1678463/0001678463-21-000010.txt
Prelude Therapeutics Inc,0001678660,10-K,2021-03-16,edgar/data/1678660/0001564590-21-013330.txt
Morgan Stanley Capital I Trust 2016-UBS11,0001678740,10-K,2021-03-30,edgar/data/1678740/0001056404-21-003469.txt
"International Seaways, Inc.",0001679049,10-K,2021-03-12,edgar/data/1679049/0001558370-21-002852.txt
"Chicken Soup for the Soul Entertainment, Inc.",0001679063,10-K,2021-03-31,edgar/data/1679063/0001558370-21-003814.txt
"MAMMOTH ENERGY SERVICES, INC.",0001679268,10-K,2021-03-01,edgar/data/1679268/0001679268-21-000006.txt
CD 2016-CD1 Mortgage Trust,0001679327,10-K,2021-03-15,edgar/data/1679327/0001056404-21-002676.txt
"Morphic Holding, Inc.",0001679363,10-K,2021-03-01,edgar/data/1679363/0001558370-21-002073.txt
Wells Fargo Commercial Mortgage Trust 2016-BNK1,0001679420,10-K,2021-03-11,edgar/data/1679420/0001056404-21-002452.txt
"Colony Capital, Inc.",0001679688,10-K,2021-03-01,edgar/data/1679688/0001679688-21-000018.txt
Ping Identity Holding Corp.,0001679826,10-K,2021-02-24,edgar/data/1679826/0001558370-21-001638.txt
"MUSTANG BIO, INC.",0001680048,10-K,2021-03-24,edgar/data/1680048/0001558370-21-003433.txt
"ACM Research, Inc.",0001680062,10-K,2021-03-01,edgar/data/1680062/0001140361-21-006683.txt
HealthLynked Corp,0001680139,10-K,2021-03-31,edgar/data/1680139/0001213900-21-019166.txt
ProPetro Holding Corp.,0001680247,10-K,2021-03-05,edgar/data/1680247/0001680247-21-000010.txt
"Shattuck Labs, Inc.",0001680367,10-K,2021-03-16,edgar/data/1680367/0001680367-21-000008.txt
"SenesTech, Inc.",0001680378,10-K,2021-03-29,edgar/data/1680378/0001213900-21-018287.txt
"Sterling Bancorp, Inc.",0001680379,10-K,2021-03-26,edgar/data/1680379/0001104659-21-042532.txt
"Fulcrum Therapeutics, Inc.",0001680581,10-K,2021-03-04,edgar/data/1680581/0001564590-21-010715.txt
HF Foods Group Inc.,0001680873,10-K,2021-03-16,edgar/data/1680873/0001680873-21-000006.txt
CITIGROUP COMMERCIAL MORTGAGE TRUST 2016-C2,0001681031,10-K,2021-03-30,edgar/data/1681031/0001564590-21-016650.txt
"AVROBIO, Inc.",0001681087,10-K,2021-03-18,edgar/data/1681087/0001564590-21-014190.txt
Urban Edge Properties LP,0001681169,10-K,2021-02-17,edgar/data/1681169/0001611547-21-000006.txt
"NI Holdings, Inc.",0001681206,10-K,2021-03-10,edgar/data/1681206/0001174947-21-000255.txt
TechnipFMC plc,0001681459,10-K,2021-03-05,edgar/data/1681459/0001681459-21-000043.txt
ENDRA Life Sciences Inc.,0001681682,10-K,2021-03-25,edgar/data/1681682/0001654954-21-003302.txt
"ICC Holdings, Inc.",0001681903,10-K,2021-03-30,edgar/data/1681903/0001681903-21-000012.txt
Morgan Stanley Bank of America Merrill Lynch Trust 2016-C30,0001681906,10-K,2021-03-30,edgar/data/1681906/0001056404-21-003473.txt
"Summit Wireless Technologies, Inc.",0001682149,10-K,2021-03-16,edgar/data/1682149/0001104659-21-036564.txt
Sachem Capital Corp.,0001682220,10-K,2021-03-31,edgar/data/1682220/0001104659-21-044384.txt
"Reliant Holdings, Inc.",0001682265,10-K,2021-03-31,edgar/data/1682265/0001477932-21-001929.txt
GTY Technology Holdings Inc.,0001682325,10-K,2021-02-19,edgar/data/1682325/0001558370-21-001283.txt
GS Mortgage Securities Trust 2016-GS3,0001682405,10-K,2021-03-18,edgar/data/1682405/0001056404-21-002897.txt
"EYENOVIA, INC.",0001682639,10-K,2021-03-30,edgar/data/1682639/0001104659-21-043991.txt
VERRA MOBILITY Corp,0001682745,10-K,2021-03-01,edgar/data/1682745/0001564590-21-009903.txt
"Moderna, Inc.",0001682852,10-K,2021-02-26,edgar/data/1682852/0001682852-21-000006.txt
Wells Fargo Commercial Mortgage Trust 2016-LC24,0001682860,10-K,2021-03-18,edgar/data/1682860/0001056404-21-002872.txt
Hyundai Auto Receivables Trust 2016-B,0001682868,10-K,2021-03-16,edgar/data/1682868/0001104659-21-037002.txt
JPMCC Commercial Mortgage Securities Trust 2016-JP3,0001683300,10-K,2021-03-18,edgar/data/1683300/0001056404-21-002895.txt
Wells Fargo Commercial Mortgage Trust 2016-NXS6,0001683489,10-K,2021-03-15,edgar/data/1683489/0001056404-21-002576.txt
"SPRUCE BIOSCIENCES, INC.",0001683553,10-K,2021-03-22,edgar/data/1683553/0001564590-21-014593.txt
Cars.com Inc.,0001683606,10-K,2021-02-25,edgar/data/1683606/0001564590-21-008812.txt
"International Money Express, Inc.",0001683695,10-K,2021-03-15,edgar/data/1683695/0001683695-21-000005.txt
CITIGROUP COMMERCIAL MORTGAGE TRUST 2016-P5,0001684093,10-K,2021-03-30,edgar/data/1684093/0001564590-21-016668.txt
Zomedica Corp.,0001684144,10-K,2021-02-26,edgar/data/1684144/0001171843-21-001378.txt
Folkup Development Inc.,0001684506,10-K,2021-03-31,edgar/data/1684506/0001477932-21-001878.txt
"CNL Strategic Capital, LLC",0001684682,10-K,2021-03-30,edgar/data/1684682/0001684682-21-000002.txt
AmeriCredit Automobile Receivables Trust 2016-4,0001685022,10-K,2021-03-23,edgar/data/1685022/0001213900-21-017171.txt
"Brighthouse Financial, Inc.",0001685040,10-K,2021-02-24,edgar/data/1685040/0001685040-21-000008.txt
CD 2016-CD2 Mortgage Trust,0001685054,10-K,2021-03-16,edgar/data/1685054/0001056404-21-002712.txt
COMM 2016-COR1 Mortgage Trust,0001685212,10-K,2021-03-15,edgar/data/1685212/0001056404-21-002611.txt
CFCRE 2016-C6 Mortgage Trust,0001685854,10-K,2021-03-15,edgar/data/1685854/0001056404-21-002686.txt
Wells Fargo Commercial Mortgage Trust 2016-C36,0001686150,10-K,2021-03-15,edgar/data/1686150/0001056404-21-002574.txt
"Motus GI Holdings, Inc.",0001686850,10-K,2021-03-16,edgar/data/1686850/0001213900-21-015694.txt
Morgan Stanley Bank of America Merrill Lynch Trust 2016-C31,0001687031,10-K,2021-03-19,edgar/data/1687031/0001056404-21-002984.txt
"Ramaco Resources, Inc.",0001687187,10-K,2021-02-18,edgar/data/1687187/0001558370-21-001215.txt
JPMDB Commercial Mortgage Securities Trust 2016-C4,0001687202,10-K,2021-03-15,edgar/data/1687202/0001056404-21-002670.txt
"REV Group, Inc.",0001687221,10-K,2021-01-07,edgar/data/1687221/0001564590-21-000486.txt
Invitation Homes Inc.,0001687229,10-K,2021-02-19,edgar/data/1687229/0001687229-21-000005.txt
Morgan Stanley Capital I Trust 2016-BNK2,0001687374,10-K,2021-03-30,edgar/data/1687374/0001056404-21-003439.txt
CANADIAN PACIFIC RAILWAY LTD/CN,0000016875,10-K,2021-02-18,edgar/data/16875/0000016875-21-000008.txt
CITIGROUP COMMERCIAL MORTGAGE TRUST 2016-C3,0001687605,10-K,2021-03-30,edgar/data/1687605/0001564590-21-016657.txt
FORGE INNOVATION DEVELOPMENT CORP.,0001687919,10-K,2021-03-29,edgar/data/1687919/0001493152-21-007074.txt
Kriptech International Corp.,0001687926,10-K,2021-02-10,edgar/data/1687926/0001469709-21-000018.txt
GS Mortgage Securities Trust 2016-GS4,0001687955,10-K,2021-03-18,edgar/data/1687955/0001056404-21-002865.txt
Crypto Co,0001688126,10-K,2021-03-30,edgar/data/1688126/0001493152-21-007183.txt
CSAIL 2016-C7 Commercial Mortgage Trust,0001688149,10-K,2021-03-25,edgar/data/1688149/0001056404-21-003085.txt
Wells Fargo Commercial Mortgage Trust 2016-LC25,0001688451,10-K,2021-03-19,edgar/data/1688451/0001056404-21-002949.txt
NEXTIER OILFIELD SOLUTIONS INC.,0001688476,10-K,2021-02-24,edgar/data/1688476/0001688476-21-000039.txt
Metaurus Equity Component Trust,0001688487,10-K,2021-03-31,edgar/data/1688487/0001213900-21-019346.txt
ESTABLISHMENT LABS HOLDINGS INC.,0001688757,10-K,2021-03-15,edgar/data/1688757/0001688757-21-000028.txt
Safehold Inc.,0001688852,10-K,2021-02-11,edgar/data/1688852/0001688852-21-000012.txt
Wells Fargo Commercial Mortgage Trust 2016-C37,0001688957,10-K,2021-03-19,edgar/data/1688957/0001056404-21-002929.txt
Qrons Inc.,0001689084,10-K,2021-03-31,edgar/data/1689084/0001594062-21-000046.txt
JPMCC Commercial Mortgage Securities Trust 2016-JP4,0001689111,10-K,2021-03-15,edgar/data/1689111/0001056404-21-002608.txt
Morgan Stanley Capital I Trust 2016-UBS12,0001689417,10-K,2021-03-30,edgar/data/1689417/0001056404-21-003450.txt
"Praxis Precision Medicines, Inc.",0001689548,10-K,2021-03-17,edgar/data/1689548/0001689548-21-000016.txt
"Berkeley Lights, Inc.",0001689657,10-K,2021-03-12,edgar/data/1689657/0001689657-21-000005.txt
JBG SMITH Properties,0001689796,10-K,2021-02-23,edgar/data/1689796/0001558370-21-001480.txt
Biohaven Pharmaceutical Holding Co Ltd.,0001689813,10-K,2021-03-01,edgar/data/1689813/0001689813-21-000024.txt
"Alteryx, Inc.",0001689923,10-K,2021-02-12,edgar/data/1689923/0001689923-21-000024.txt
"InPoint Commercial Real Estate Income, Inc.",0001690012,10-K,2021-03-19,edgar/data/1690012/0001564590-21-014315.txt
CFCRE 2016-C7 Mortgage Trust,0001690110,10-K,2021-03-16,edgar/data/1690110/0001056404-21-002780.txt
CITIGROUP COMMERCIAL MORTGAGE TRUST 2016-P6,0001690255,10-K,2021-03-30,edgar/data/1690255/0001564590-21-016647.txt
SEACOR Marine Holdings Inc.,0001690334,10-K,2021-03-12,edgar/data/1690334/0001564590-21-012639.txt
"BioCrude Technologies USA, Inc.",0001690384,10-K,2021-02-12,edgar/data/1690384/0001731122-21-000226.txt
"FS Credit Real Estate Income Trust, Inc.",0001690536,10-K,2021-03-29,edgar/data/1690536/0001193125-21-096833.txt
Morgan Stanley Bank of America Merrill Lynch Trust 2016-C32,0001690577,10-K,2021-03-17,edgar/data/1690577/0001056404-21-002817.txt
"Magenta Therapeutics, Inc.",0001690585,10-K,2021-03-03,edgar/data/1690585/0001193125-21-066707.txt
"NEWMARK GROUP, INC.",0001690680,10-K,2021-03-01,edgar/data/1690680/0001690680-21-000013.txt
CARVANA CO.,0001690820,10-K,2021-02-25,edgar/data/1690820/0001690820-21-000069.txt
"EVmo, Inc.",0001691077,10-K,2021-03-31,edgar/data/1691077/0001493152-21-007448.txt
CSMC 2016-NXSR Commercial Mortgage Trust,0001691198,10-K,2021-03-12,edgar/data/1691198/0001056404-21-002556.txt
MGM Growth Properties Operating Partnership LP,0001691299,10-K,2021-02-23,edgar/data/1691299/0001656936-21-000011.txt
"WARRIOR MET COAL, INC.",0001691303,10-K,2021-02-24,edgar/data/1691303/0001691303-21-000010.txt
"Lemonade, Inc.",0001691421,10-K,2021-03-08,edgar/data/1691421/0001691421-21-000024.txt
Andina Acquisition Corp. III,0001691936,10-K,2021-02-18,edgar/data/1691936/0001493152-21-004295.txt
"Schneider National, Inc.",0001692063,10-K,2021-02-19,edgar/data/1692063/0001692063-21-000056.txt
"Southwest Gas Holdings, Inc.",0001692115,10-K,2021-02-25,edgar/data/1692115/0001692115-21-000008.txt
Life Partners Position Holder Trust,0001692144,10-K,2021-03-11,edgar/data/1692144/0001654954-21-002598.txt
"PROCACCIANTI HOTEL REIT, INC.",0001692345,10-K,2021-03-26,edgar/data/1692345/0001558370-21-003527.txt
"Velocity Financial, Inc.",0001692376,10-K,2021-03-17,edgar/data/1692376/0001564590-21-013680.txt
Playa Hotels & Resorts N.V.,0001692412,10-K,2021-03-04,edgar/data/1692412/0001692412-21-000038.txt
"Co-Diagnostics, Inc.",0001692415,10-K,2021-03-25,edgar/data/1692415/0001493152-21-006810.txt
"NCS Multistage Holdings, Inc.",0001692427,10-K,2021-03-08,edgar/data/1692427/0001692427-21-000007.txt
Altus Midstream Co,0001692787,10-K,2021-02-26,edgar/data/1692787/0001784031-21-000004.txt
Vistra Corp.,0001692819,10-K,2021-02-26,edgar/data/1692819/0001692819-21-000004.txt
"Satsuma Pharmaceuticals, Inc.",0001692830,10-K,2021-03-25,edgar/data/1692830/0001564590-21-015557.txt
"Cottonwood Communities, Inc.",0001692951,10-K,2021-03-26,edgar/data/1692951/0001692951-21-000009.txt
VENTURE VANADIUM INC.,0001692981,10-K,2021-03-22,edgar/data/1692981/0001692981-21-000006.txt
"Inozyme Pharma, Inc.",0001693011,10-K,2021-03-25,edgar/data/1693011/0001564590-21-015250.txt
"Select Energy Services, Inc.",0001693256,10-K,2021-02-24,edgar/data/1693256/0001558370-21-001620.txt
"Cheniere Corpus Christi Holdings, LLC",0001693317,10-K,2021-02-24,edgar/data/1693317/0001693317-21-000003.txt
CD 2017-CD3 Mortgage Trust,0001693368,10-K,2021-03-29,edgar/data/1693368/0001056404-21-003363.txt
"Translate Bio, Inc.",0001693415,10-K,2021-03-01,edgar/data/1693415/0001193125-21-062223.txt
"MainStreet Bancshares, Inc.",0001693577,10-K,2021-03-23,edgar/data/1693577/0001564590-21-014874.txt
"MS YOUNG ADVENTURE ENTERPRISE, INC.",0001693687,10-K,2021-03-15,edgar/data/1693687/0001493152-21-005973.txt
GS Mortgage Securities Trust 2017-GS5,0001693737,10-K,2021-03-11,edgar/data/1693737/0001056404-21-002462.txt
AmeriCredit Automobile Receivables Trust 2017-1,0001694010,10-K,2021-03-23,edgar/data/1694010/0001213900-21-017172.txt
Liberty Oilfield Services Inc.,0001694028,10-K,2021-02-24,edgar/data/1694028/0001694028-21-000007.txt
California Republic Auto Receivables Trust 2017-1,0001694276,10-K,2021-03-22,edgar/data/1694276/0001193125-21-089552.txt
"Delek US Holdings, Inc.",0001694426,10-K,2021-03-01,edgar/data/1694426/0001694426-21-000034.txt
"Royale Energy, Inc.",0001694617,10-K,2021-03-30,edgar/data/1694617/0001185185-21-000424.txt
Bank of America Merrill Lynch Commercial Mortgage Trust 2017-BNK3,0001694649,10-K,2021-03-17,edgar/data/1694649/0001056404-21-002833.txt
"Evelo Biosciences, Inc.",0001694665,10-K,2021-03-09,edgar/data/1694665/0001694665-21-000037.txt
XPLOSION Inc,0001694688,10-K,2021-01-28,edgar/data/1694688/0001640334-21-000221.txt
JPMCC Commercial Mortgage Securities Trust 2017-JP5,0001695154,10-K,2021-03-15,edgar/data/1695154/0001056404-21-002628.txt
"HYDROFARM HOLDINGS GROUP, INC.",0001695295,10-K,2021-03-30,edgar/data/1695295/0001104659-21-044046.txt
"Provention Bio, Inc.",0001695357,10-K,2021-02-25,edgar/data/1695357/0001493152-21-004781.txt
"Greater Cannabis Company, Inc.",0001695473,10-K,2021-03-26,edgar/data/1695473/0001493152-21-006897.txt
Wells Fargo Commercial Mortgage Trust 2017-RC1,0001695924,10-K,2021-03-15,edgar/data/1695924/0001056404-21-002606.txt
Korth Direct Mortgage Inc.,0001695963,10-K,2021-03-30,edgar/data/1695963/0001214659-21-003563.txt
"ENERGY RESOURCES 12, L.P.",0001696088,10-K,2021-03-17,edgar/data/1696088/0001185185-21-000337.txt
BBCMS Mortgage Trust 2017-C1,0001696707,10-K,2021-03-12,edgar/data/1696707/0001056404-21-002495.txt
Santander Drive Auto Receivables Trust 2017-1,0001696935,10-K,2021-03-31,edgar/data/1696935/0001193125-21-101222.txt
"Solaris Oilfield Infrastructure, Inc.",0001697500,10-K,2021-02-23,edgar/data/1697500/0001697500-21-000019.txt
Applied Therapeutics Inc.,0001697532,10-K,2021-03-18,edgar/data/1697532/0001558370-21-003180.txt
Mikrocoze Inc.,0001697587,10-K,2021-02-25,edgar/data/1697587/0001477932-21-001064.txt
"Rekor Systems, Inc.",0001697851,10-K,2021-03-12,edgar/data/1697851/0001654954-21-002727.txt
"Farmers & Merchants Bancshares, Inc.",0001698022,10-K,2021-03-19,edgar/data/1698022/0001437749-21-006559.txt
"PARTS iD, Inc.",0001698113,10-K,2021-03-09,edgar/data/1698113/0001213900-21-014339.txt
"EXICURE, INC.",0001698530,10-K,2021-03-11,edgar/data/1698530/0001698530-21-000031.txt
"Strategic Student & Senior Housing Trust, Inc.",0001698538,10-K,2021-03-26,edgar/data/1698538/0001564590-21-015794.txt
BANK 2017-BNK4,0001698685,10-K,2021-03-19,edgar/data/1698685/0001056404-21-002951.txt
"WALL STREET ACQUISITIONS, Corp",0001698832,10-K,2021-01-22,edgar/data/1698832/0001376474-21-000024.txt
Magnolia Oil & Gas Corp,0001698990,10-K,2021-02-23,edgar/data/1698990/0001698990-21-000003.txt
"Accel Entertainment, Inc.",0001698991,10-K,2021-03-16,edgar/data/1698991/0001698991-21-000005.txt
"Ranger Energy Services, Inc.",0001699039,10-K,2021-02-26,edgar/data/1699039/0001699039-21-000017.txt
JPMDB Commercial Mortgage Securities Trust 2017-C5,0001699099,10-K,2021-03-15,edgar/data/1699099/0001056404-21-002634.txt
"Cactus, Inc.",0001699136,10-K,2021-03-01,edgar/data/1699136/0001699136-21-000033.txt
CNH Equipment Trust 2017-A,0001699147,10-K,2021-03-26,edgar/data/1699147/0001104659-21-042032.txt
Ingersoll Rand Inc.,0001699150,10-K,2021-02-26,edgar/data/1699150/0001628280-21-003454.txt
Hyundai Auto Receivables Trust 2017-A,0001699234,10-K,2021-03-16,edgar/data/1699234/0001104659-21-037018.txt
"PMV Pharmaceuticals, Inc.",0001699382,10-K,2021-03-03,edgar/data/1699382/0001564590-21-010578.txt
Wells Fargo Commercial Mortgage Trust 2017-RB1,0001699462,10-K,2021-03-15,edgar/data/1699462/0001056404-21-002578.txt
CITIGROUP COMMERCIAL MORTGAGE TRUST 2017-P7,0001700668,10-K,2021-03-30,edgar/data/1700668/0001564590-21-016547.txt
VADO CORP.,0001700849,10-K,2021-02-03,edgar/data/1700849/0001185185-21-000151.txt
"WideOpenWest, Inc.",0001701051,10-K,2021-02-24,edgar/data/1701051/0001558370-21-001595.txt
"Spero Therapeutics, Inc.",0001701108,10-K,2021-03-11,edgar/data/1701108/0001564590-21-012514.txt
"Blue Apron Holdings, Inc.",0001701114,10-K,2021-02-23,edgar/data/1701114/0001558370-21-001484.txt
"Black Diamond Therapeutics, Inc.",0001701541,10-K,2021-03-25,edgar/data/1701541/0001701541-21-000018.txt
Baker Hughes Co,0001701605,10-K,2021-02-25,edgar/data/1701605/0001701605-21-000026.txt
JPMCC Commercial Mortgage Securities Trust 2017-JP6,0001701638,10-K,2021-03-15,edgar/data/1701638/0001056404-21-002692.txt
Altair Engineering Inc.,0001701732,10-K,2021-02-26,edgar/data/1701732/0001564590-21-009427.txt
TGS International Ltd.,0001701859,10-K,2021-03-19,edgar/data/1701859/0001640334-21-000617.txt
World Omni Auto Receivables Trust 2017-A,0001702011,10-K,2021-03-26,edgar/data/1702011/0001104659-21-042288.txt
"AEP Transmission Company, LLC",0001702494,10-K,2021-02-25,edgar/data/1702494/0000004904-21-000010.txt
"TCG BDC II, Inc.",0001702510,10-K,2021-02-26,edgar/data/1702510/0001702510-21-000012.txt
CD 2017-CD4 Mortgage Trust,0001702745,10-K,2021-03-18,edgar/data/1702745/0001056404-21-002880.txt
Morgan Stanley Bank of America Merrill Lynch Trust 2017-C33,0001702746,10-K,2021-03-30,edgar/data/1702746/0001056404-21-003535.txt
"BYLINE BANCORP, INC.",0001702750,10-K,2021-03-04,edgar/data/1702750/0001564590-21-010980.txt
"Altice USA, Inc.",0001702780,10-K,2021-02-12,edgar/data/1702780/0001628280-21-001975.txt
"WRAP TECHNOLOGIES, INC.",0001702924,10-K,2021-03-04,edgar/data/1702924/0001654954-21-002358.txt
ADT Inc.,0001703056,10-K,2021-02-25,edgar/data/1703056/0001703056-21-000020.txt
AbCellera Biologics Inc.,0001703057,10-K,2021-03-30,edgar/data/1703057/0001564590-21-016713.txt
VIVIC CORP.,0001703073,10-K,2021-03-29,edgar/data/1703073/0001549727-21-000016.txt
CFCRE 2017-C8 Mortgage Trust,0001703075,10-K,2021-03-19,edgar/data/1703075/0001056404-21-002957.txt
"Securetech Innovations, Inc.",0001703157,10-K,2021-03-18,edgar/data/1703157/0001703157-21-000003.txt
"Spirit Realty, L.P.",0001703181,10-K,2021-02-19,edgar/data/1703181/0001193125-21-048278.txt
AmeriCredit Automobile Receivables Trust 2017-2,0001703220,10-K,2021-03-23,edgar/data/1703220/0001213900-21-017173.txt
PDL Community Bancorp,0001703489,10-K,2021-03-29,edgar/data/1703489/0001564590-21-015910.txt
Granite Point Mortgage Trust Inc.,0001703644,10-K,2021-03-05,edgar/data/1703644/0001703644-21-000047.txt
"Frequency Therapeutics, Inc.",0001703647,10-K,2021-03-29,edgar/data/1703647/0001564590-21-016117.txt
Falcon Minerals Corp,0001703785,10-K,2021-03-12,edgar/data/1703785/0001564590-21-012915.txt
"Concrete Pumping Holdings, Inc.",0001703956,10-K,2021-01-12,edgar/data/1703956/0001437749-21-000581.txt
Zai Lab Ltd,0001704292,10-K,2021-03-01,edgar/data/1704292/0001193125-21-062279.txt
Toyota Auto Receivables 2017-B Owner Trust,0001704304,10-K,2021-03-24,edgar/data/1704304/0000929638-21-000483.txt
GS Mortgage Securities Trust 2017-GS6,0001704459,10-K,2021-03-12,edgar/data/1704459/0001056404-21-002554.txt
"EVO Payments, Inc.",0001704596,10-K,2021-02-25,edgar/data/1704596/0001558370-21-001824.txt
"Funko, Inc.",0001704711,10-K,2021-03-11,edgar/data/1704711/0001704711-21-000017.txt
"Alpha Metallurgical Resources, Inc.",0001704715,10-K,2021-03-15,edgar/data/1704715/0001704715-21-000026.txt
"Cannae Holdings, Inc.",0001704720,10-K,2021-02-26,edgar/data/1704720/0001704720-21-000024.txt
"American Virtual Cloud Technologies, Inc.",0001704760,10-K,2021-03-31,edgar/data/1704760/0001213900-21-018977.txt
"Bantec, Inc.",0001704795,10-K,2021-01-12,edgar/data/1704795/0001213900-21-001662.txt
Ally Auto Receivables Trust 2017-3,0001705002,10-K,2021-03-26,edgar/data/1705002/0001705002-21-000012.txt
"Fat Brands, Inc",0001705012,10-K,2021-03-29,edgar/data/1705012/0001493152-21-007061.txt
ANGI Homeservices Inc.,0001705110,10-K,2021-02-16,edgar/data/1705110/0001705110-21-000015.txt
Morgan Stanley Capital I Trust 2017-H1,0001705163,10-K,2021-03-30,edgar/data/1705163/0001056404-21-003437.txt
"Life Partners IRA Holder Partnership, LLC",0001705222,10-K,2021-03-11,edgar/data/1705222/0001654954-21-002598.txt
Spark Networks SE,0001705338,10-K,2021-03-31,edgar/data/1705338/0001628280-21-006260.txt
Venator Materials PLC,0001705682,10-K,2021-02-26,edgar/data/1705682/0001705682-21-000005.txt
VICI PROPERTIES INC.,0001705696,10-K,2021-02-18,edgar/data/1705696/0001705696-21-000030.txt
Santander Drive Auto Receivables Trust 2017-2,0001705710,10-K,2021-03-31,edgar/data/1705710/0001193125-21-101219.txt
"Calyxt, Inc.",0001705843,10-K,2021-03-04,edgar/data/1705843/0001564590-21-010976.txt
Berry Corp (bry),0001705873,10-K,2021-02-24,edgar/data/1705873/0001705873-21-000010.txt
UBS Commercial Mortgage Trust 2017-C1,0001706060,10-K,2021-03-10,edgar/data/1706060/0001056404-21-002408.txt
BANK 2017-BNK5,0001706303,10-K,2021-03-30,edgar/data/1706303/0001056404-21-003433.txt
DBJPM 2017-C6 Mortgage Trust,0001706403,10-K,2021-03-10,edgar/data/1706403/0001056404-21-002406.txt
"Vir Biotechnology, Inc.",0001706431,10-K,2021-02-25,edgar/data/1706431/0001564590-21-008915.txt
"urban-gro, Inc.",0001706524,10-K,2021-03-31,edgar/data/1706524/0001493152-21-007301.txt
"Virgin Galactic Holdings, Inc",0001706946,10-K,2021-03-01,edgar/data/1706946/0001706946-21-000022.txt
CorePoint Lodging Inc.,0001707178,10-K,2021-03-12,edgar/data/1707178/0001707178-21-000010.txt
Solid Biosciences Inc.,0001707502,10-K,2021-03-15,edgar/data/1707502/0001564590-21-013153.txt
Wells Fargo Commercial Mortgage Trust 2017-C38,0001707817,10-K,2021-03-26,edgar/data/1707817/0001056404-21-003180.txt
LINDE PLC,0001707925,10-K,2021-03-01,edgar/data/1707925/0001628280-21-003574.txt
PQ Group Holdings Inc.,0001708035,10-K,2021-03-17,edgar/data/1708035/0001708035-21-000005.txt
Ribbon Communications Inc.,0001708055,10-K,2021-02-26,edgar/data/1708055/0001708055-21-000014.txt
CSAIL 2017-C8 Commercial Mortgage Trust,0001708131,10-K,2021-03-19,edgar/data/1708131/0001056404-21-002935.txt
Hall of Fame Resort & Entertainment Co,0001708176,10-K,2021-03-10,edgar/data/1708176/0001213900-21-014620.txt
Ford Credit Auto Owner Trust 2017-B,0001708287,10-K,2021-03-22,edgar/data/1708287/0001708287-21-000015.txt
BP Midstream Partners LP,0001708301,10-K,2021-02-25,edgar/data/1708301/0001708301-21-000008.txt
"Virpax Pharmaceuticals, Inc.",0001708331,10-K,2021-03-31,edgar/data/1708331/0001213900-21-019253.txt
Tremont Mortgage Trust,0001708405,10-K,2021-02-22,edgar/data/1708405/0001708405-21-000009.txt
"Harpoon Therapeutics, Inc.",0001708493,10-K,2021-03-10,edgar/data/1708493/0001564590-21-012063.txt
"AZIYO BIOLOGICS, INC.",0001708527,10-K,2021-03-15,edgar/data/1708527/0001104659-21-036360.txt
"AgeX Therapeutics, Inc.",0001708599,10-K,2021-03-31,edgar/data/1708599/0001493152-21-007461.txt
Goldman Sachs Physical Gold ETF,0001708646,10-K,2021-03-26,edgar/data/1708646/0001193125-21-096466.txt
Drive Auto Receivables Trust 2017-1,0001708978,10-K,2021-03-31,edgar/data/1708978/0001193125-21-101206.txt
Hamilton Beach Brands Holding Co,0001709164,10-K,2021-03-22,edgar/data/1709164/0001709164-21-000015.txt
"Rubius Therapeutics, Inc.",0001709401,10-K,2021-02-23,edgar/data/1709401/0001558370-21-001412.txt
CannAssist International Corp,0001709542,10-K,2021-03-30,edgar/data/1709542/0001214659-21-003587.txt
"NESCO HOLDINGS, INC.",0001709682,10-K,2021-03-09,edgar/data/1709682/0001709682-21-000009.txt
Sentinel Energy Services Inc.,0001709768,10-K,2021-03-31,edgar/data/1709768/0001213900-21-019161.txt
JPMCC Commercial Mortgage Securities Trust 2017-JP7,0001709967,10-K,2021-03-11,edgar/data/1709967/0001056404-21-002434.txt
Toyota Auto Receivables 2017-C Owner Trust,0001709987,10-K,2021-03-24,edgar/data/1709987/0000929638-21-000484.txt
"National Vision Holdings, Inc.",0001710155,10-K,2021-03-03,edgar/data/1710155/0001710155-21-000019.txt
BANK 2017-BNK6,0001710261,10-K,2021-03-17,edgar/data/1710261/0001056404-21-002819.txt
World Omni Auto Receivables Trust 2017-B,0001710330,10-K,2021-03-26,edgar/data/1710330/0001104659-21-042296.txt
"Eton Pharmaceuticals, Inc.",0001710340,10-K,2021-03-16,edgar/data/1710340/0001493152-21-006122.txt
John Deere Owner Trust 2017-B,0001710358,10-K,2021-01-22,edgar/data/1710358/0001104659-21-006478.txt
CD 2017-CD5 MORTGAGE TRUST,0001710360,10-K,2021-03-30,edgar/data/1710360/0001564590-21-016546.txt
CONSOL Energy Inc.,0001710366,10-K,2021-02-12,edgar/data/1710366/0001437749-21-002802.txt
"Switch, Inc.",0001710583,10-K,2021-03-01,edgar/data/1710583/0001710583-21-000013.txt
AmeriCredit Automobile Receivables Trust 2017-3,0001710600,10-K,2021-03-23,edgar/data/1710600/0001213900-21-017174.txt
GS Mortgage Securities Trust 2017-GS7,0001710765,10-K,2021-03-22,edgar/data/1710765/0001056404-21-003024.txt
Wells Fargo Commercial Mortgage Trust 2017-C39,0001710798,10-K,2021-03-26,edgar/data/1710798/0001056404-21-003172.txt
Santander Drive Auto Receivables Trust 2017-3,0001710916,10-K,2021-03-31,edgar/data/1710916/0001193125-21-101213.txt
UBS Commercial Mortgage Trust 2017-C2,0001711142,10-K,2021-03-17,edgar/data/1711142/0001056404-21-002858.txt
"Evergy, Inc.",0001711269,10-K,2021-02-26,edgar/data/1711269/0001711269-21-000023.txt
CNH Equipment Trust 2017-B,0001711270,10-K,2021-03-26,edgar/data/1711270/0001104659-21-042030.txt
"Krystal Biotech, Inc.",0001711279,10-K,2021-03-01,edgar/data/1711279/0001711279-21-000006.txt
CURO Group Holdings Corp.,0001711291,10-K,2021-03-05,edgar/data/1711291/0001711291-21-000014.txt
"Inmune Bio, Inc.",0001711754,10-K,2021-03-04,edgar/data/1711754/0001213900-21-013456.txt
"Hoth Therapeutics, Inc.",0001711786,10-K,2021-03-16,edgar/data/1711786/0001213900-21-015764.txt
"Nuveen Global Cities REIT, Inc.",0001711799,10-K,2021-03-26,edgar/data/1711799/0001628280-21-005769.txt
"Starwood Real Estate Income Trust, Inc.",0001711929,10-K,2021-03-26,edgar/data/1711929/0001564590-21-015799.txt
Drive Auto Receivables Trust 2017-2,0001711993,10-K,2021-03-31,edgar/data/1711993/0001193125-21-101199.txt
Hyundai Auto Receivables Trust 2017-B,0001712182,10-K,2021-03-16,edgar/data/1712182/0001104659-21-037022.txt
Liberty Latin America Ltd.,0001712184,10-K,2021-03-01,edgar/data/1712184/0001712184-21-000031.txt
Target Hospitality Corp.,0001712189,10-K,2021-03-31,edgar/data/1712189/0001558370-21-003780.txt
Ranpak Holdings Corp.,0001712463,10-K,2021-03-04,edgar/data/1712463/0001564590-21-010742.txt
Andover National Corp,0001712543,10-K,2021-03-31,edgar/data/1712543/0001104659-21-044727.txt
"GreenSky, Inc.",0001712923,10-K,2021-03-10,edgar/data/1712923/0001712923-21-000017.txt
Agape ATP Corp,0001713210,10-K,2021-03-31,edgar/data/1713210/0001493152-21-007316.txt
UBS Commercial Mortgage Trust 2017-C3,0001713226,10-K,2021-03-16,edgar/data/1713226/0001056404-21-002730.txt
CITIGROUP COMMERCIAL MORTGAGE TRUST 2017-B1,0001713393,10-K,2021-03-30,edgar/data/1713393/0001564590-21-016548.txt
"OAKTREE REAL ESTATE INCOME TRUST, INC.",0001713407,10-K,2021-03-31,edgar/data/1713407/0001713407-21-000021.txt
Ally Auto Receivables Trust 2017-4,0001713736,10-K,2021-03-26,edgar/data/1713736/0001713736-21-000021.txt
HyreCar Inc.,0001713832,10-K,2021-03-31,edgar/data/1713832/0001213900-21-018852.txt
"Vivint Smart Home, Inc.",0001713952,10-K,2021-02-26,edgar/data/1713952/0001713952-21-000006.txt
COMM 2017-COR2 Mortgage Trust,0001714154,10-K,2021-03-09,edgar/data/1714154/0001056404-21-002398.txt
"SigmaRenoPro, Inc.",0001714367,10-K,2021-01-20,edgar/data/1714367/0001558891-21-000004.txt
BANK 2017-BNK7,0001714679,10-K,2021-03-15,edgar/data/1714679/0001056404-21-002600.txt
Denali Therapeutics Inc.,0001714899,10-K,2021-02-26,edgar/data/1714899/0001714899-21-000033.txt
Fifth Third Auto Trust 2017-1,0001715585,10-K,2021-03-26,edgar/data/1715585/0001193125-21-096284.txt
"Rangers Sub I, LLC",0001715629,10-K,2021-02-26,edgar/data/1715629/0001628280-21-003474.txt
"Transphorm, Inc.",0001715768,10-K,2021-03-12,edgar/data/1715768/0001715768-21-000035.txt
"Electromedical Technologies, Inc",0001715819,10-K,2021-03-30,edgar/data/1715819/0001104659-21-043965.txt
CITIGROUP COMMERCIAL MORTGAGE TRUST 2017-P8,0001715824,10-K,2021-03-30,edgar/data/1715824/0001564590-21-016549.txt
Morgan Stanley Bank of America Merrill Lynch Trust 2017-C34,0001715846,10-K,2021-03-17,edgar/data/1715846/0001056404-21-002827.txt
TCW Direct Lending VII LLC,0001715933,10-K,2021-03-22,edgar/data/1715933/0001193125-21-089769.txt
"Vivos Therapeutics, Inc.",0001716166,10-K,2021-03-25,edgar/data/1716166/0001493152-21-006806.txt
JPMDB Commercial Mortgage Securities Trust 2017-C7,0001716186,10-K,2021-03-09,edgar/data/1716186/0001056404-21-002400.txt
Wells Fargo Commercial Mortgage Trust 2017-C40,0001716187,10-K,2021-03-19,edgar/data/1716187/0001056404-21-002931.txt
UBS Commercial Mortgage Trust 2017-C4,0001716263,10-K,2021-03-11,edgar/data/1716263/0001056404-21-002470.txt
"American Homes 4 Rent, L.P.",0001716558,10-K,2021-02-26,edgar/data/1716558/0001562401-21-000041.txt
Decarbonization Plus Acquisition Corp,0001716583,10-K,2021-03-01,edgar/data/1716583/0001213900-21-012580.txt
CSAIL 2017-CX9 Commercial Mortgage Trust,0001716602,10-K,2021-03-10,edgar/data/1716602/0001056404-21-002422.txt
"Ra Medical Systems, Inc.",0001716621,10-K,2021-03-17,edgar/data/1716621/0001564590-21-013653.txt
First Choice Bancorp,0001716697,10-K,2021-03-15,edgar/data/1716697/0001716697-21-000002.txt
Leisure Acquisition Corp.,0001716947,10-K,2021-03-15,edgar/data/1716947/0001213900-21-015361.txt
Industrial Logistics Properties Trust,0001717307,10-K,2021-02-18,edgar/data/1717307/0001717307-21-000009.txt
"Venture Lending & Leasing IX, Inc.",0001717310,10-K,2021-03-15,edgar/data/1717310/0001717310-21-000004.txt
"Odonate Therapeutics, Inc.",0001717452,10-K,2021-02-23,edgar/data/1717452/0001564590-21-007296.txt
"Colony Credit Real Estate, Inc.",0001717547,10-K,2021-02-25,edgar/data/1717547/0001717547-21-000010.txt
Drive Auto Receivables Trust 2017-3,0001717900,10-K,2021-03-31,edgar/data/1717900/0001193125-21-101172.txt
Toyota Auto Receivables 2017-D Owner Trust,0001718100,10-K,2021-03-24,edgar/data/1718100/0000929638-21-000485.txt
"Surface Oncology, Inc.",0001718108,10-K,2021-03-09,edgar/data/1718108/0001718108-21-000013.txt
"BT Brands, Inc.",0001718224,10-K,2021-03-11,edgar/data/1718224/0001477932-21-001377.txt
CITIGROUP COMMERCIAL MORTGAGE TRUST 2017-C4,0001718304,10-K,2021-03-30,edgar/data/1718304/0001564590-21-016536.txt
BANK 2017-BNK8,0001718322,10-K,2021-03-30,edgar/data/1718322/0001056404-21-003441.txt
AmeriCredit Automobile Receivables Trust 2017-4,0001718362,10-K,2021-03-23,edgar/data/1718362/0001213900-21-017175.txt
HYCROFT MINING HOLDING CORP,0001718405,10-K,2021-03-24,edgar/data/1718405/0001718405-21-000029.txt
GS Mortgage Securities Trust 2017-GS8,0001718483,10-K,2021-03-15,edgar/data/1718483/0001056404-21-002573.txt
Gates Industrial Corp plc,0001718512,10-K,2021-02-10,edgar/data/1718512/0001718512-21-000012.txt
UBS Commercial Mortgage Trust 2017-C5,0001719195,10-K,2021-03-18,edgar/data/1719195/0001056404-21-002905.txt
Wells Fargo Commercial Mortgage Trust 2017-C41,0001719199,10-K,2021-03-16,edgar/data/1719199/0001056404-21-002726.txt
"Eargo, Inc.",0001719395,10-K,2021-03-16,edgar/data/1719395/0001564590-21-013613.txt
"ASSISTED 4 LIVING, INC.",0001719435,10-K,2021-03-01,edgar/data/1719435/0001640334-21-000479.txt
"Kaleyra, Inc.",0001719489,10-K,2021-03-16,edgar/data/1719489/0001564590-21-013298.txt
CD 2017-CD6 Mortgage Trust,0001719959,10-K,2021-03-12,edgar/data/1719959/0001056404-21-002530.txt
Allegro Merger Corp.,0001720025,10-K,2021-03-29,edgar/data/1720025/0001213900-21-018211.txt
"Red Violet, Inc.",0001720116,10-K,2021-03-10,edgar/data/1720116/0001564590-21-012098.txt
CSAIL 2017-CX10 Commercial Mortgage Trust,0001720474,10-K,2021-03-11,edgar/data/1720474/0001056404-21-002432.txt
"Adicet Bio, Inc.",0001720580,10-K,2021-03-12,edgar/data/1720580/0001564590-21-012664.txt
Repay Holdings Corp,0001720592,10-K,2021-03-01,edgar/data/1720592/0001564590-21-009893.txt
nVent Electric plc,0001720635,10-K,2021-02-23,edgar/data/1720635/0001720635-21-000013.txt
"Oyster Point Pharma, Inc.",0001720725,10-K,2021-02-18,edgar/data/1720725/0001720725-21-000023.txt
CCUBS Commercial Mortgage Trust 2017-C1,0001720748,10-K,2021-03-16,edgar/data/1720748/0001056404-21-002728.txt
Volkswagen Auto Loan Enhanced Trust 2018-1,0001720749,10-K,2021-03-30,edgar/data/1720749/0001193125-21-098980.txt
PAE Inc,0001720821,10-K,2021-03-16,edgar/data/1720821/0001720821-21-000029.txt
"BioXcel Therapeutics, Inc.",0001720893,10-K,2021-03-12,edgar/data/1720893/0001558370-21-002916.txt
Fisker Inc./DE,0001720990,10-K,2021-03-31,edgar/data/1720990/0001193125-21-100857.txt
CNH Equipment Trust 2017-C,0001721257,10-K,2021-03-26,edgar/data/1721257/0001104659-21-042029.txt
Ally Auto Receivables Trust 2017-5,0001721353,10-K,2021-03-26,edgar/data/1721353/0001721353-21-000020.txt
Ford Credit Auto Owner Trust 2017-C,0001721372,10-K,2021-03-22,edgar/data/1721372/0001721372-21-000015.txt
BANK 2017-BNK9,0001721373,10-K,2021-03-17,edgar/data/1721373/0001056404-21-002815.txt
Landsea Homes Corp,0001721386,10-K,2021-03-12,edgar/data/1721386/0001731122-21-000373.txt
Longeveron Inc.,0001721484,10-K,2021-03-30,edgar/data/1721484/0001213900-21-018716.txt
"Lazydays Holdings, Inc.",0001721741,10-K,2021-03-19,edgar/data/1721741/0001493152-21-006447.txt
AEP Texas Inc.,0001721781,10-K,2021-02-25,edgar/data/1721781/0000004904-21-000010.txt
UBS Commercial Mortgage Trust 2017-C6,0001721905,10-K,2021-03-16,edgar/data/1721905/0001056404-21-002733.txt
Jamf Holding Corp.,0001721947,10-K,2021-03-04,edgar/data/1721947/0001558370-21-002391.txt
OP Bancorp,0001722010,10-K,2021-03-15,edgar/data/1722010/0001564590-21-013169.txt
Benchmark 2018-B1 Mortgage Trust,0001722194,10-K,2021-03-16,edgar/data/1722194/0001056404-21-002760.txt
"Akouos, Inc.",0001722271,10-K,2021-03-29,edgar/data/1722271/0001558370-21-003583.txt
Capitol Investment Corp. V,0001722438,10-K,2021-03-01,edgar/data/1722438/0001213900-21-012572.txt
"Avantor, Inc.",0001722482,10-K,2021-02-16,edgar/data/1722482/0001722482-21-000040.txt
"WYNDHAM HOTELS & RESORTS, INC.",0001722684,10-K,2021-02-12,edgar/data/1722684/0001722684-21-000008.txt
"FDCTECH, INC.",0001722731,10-K,2021-03-03,edgar/data/1722731/0001493152-21-005266.txt
"Y-mAbs Therapeutics, Inc.",0001722964,10-K,2021-03-01,edgar/data/1722964/0001558370-21-002172.txt
SMTA Liquidating Trust,0001722992,10-K,2021-03-26,edgar/data/1722992/0001193125-21-096513.txt
ChampionX Corp,0001723089,10-K,2021-03-01,edgar/data/1723089/0001723089-21-000047.txt
"Amneal Pharmaceuticals, Inc.",0001723128,10-K,2021-03-01,edgar/data/1723128/0001723128-21-000013.txt
Wells Fargo Commercial Mortgage Trust 2017-C42,0001723291,10-K,2021-03-15,edgar/data/1723291/0001056404-21-002642.txt
Morgan Stanley Capital I Trust 2017-HR2,0001723306,10-K,2021-03-30,edgar/data/1723306/0001056404-21-003443.txt
"Columbia Financial, Inc.",0001723596,10-K,2021-03-01,edgar/data/1723596/0001723596-21-000011.txt
Crescent Acquisition Corp,0001723648,10-K,2021-03-03,edgar/data/1723648/0001564590-21-010384.txt
"Select Interior Concepts, Inc.",0001723866,10-K,2021-03-16,edgar/data/1723866/0001564590-21-013373.txt
PermRock Royalty Trust,0001724009,10-K,2021-03-31,edgar/data/1724009/0001553350-21-000257.txt
GM Financial Consumer Automobile Receivables Trust 2018-1,0001724128,10-K,2021-03-23,edgar/data/1724128/0001213900-21-017151.txt
UBS Commercial Mortgage Trust 2017-C7,0001724177,10-K,2021-03-17,edgar/data/1724177/0001056404-21-002847.txt
Entasis Therapeutics Holdings Inc.,0001724344,10-K,2021-03-23,edgar/data/1724344/0001558370-21-003348.txt
"Arcus Biosciences, Inc.",0001724521,10-K,2021-02-25,edgar/data/1724521/0001564590-21-008270.txt
DATTO HOLDING CORP.,0001724570,10-K,2021-03-11,edgar/data/1724570/0001724570-21-000015.txt
World Omni Auto Receivables Trust 2018-A,0001724588,10-K,2021-03-26,edgar/data/1724588/0001104659-21-042303.txt
"Synchrony Card Funding, LLC",0001724786,10-K,2021-03-31,edgar/data/1724786/0001104659-21-044420.txt
Synchrony Card Issuance Trust,0001724789,10-K,2021-03-31,edgar/data/1724789/0001104659-21-044420.txt
TALOS ENERGY INC.,0001724965,10-K,2021-03-11,edgar/data/1724965/0001564590-21-012130.txt
Ceridian HCM Holding Inc.,0001725057,10-K,2021-02-26,edgar/data/1725057/0001564590-21-009508.txt
"Digital Media Solutions, Inc.",0001725134,10-K,2021-03-16,edgar/data/1725134/0001725134-21-000043.txt
"Zentalis Pharmaceuticals, Inc.",0001725160,10-K,2021-03-25,edgar/data/1725160/0001725160-21-000075.txt
Grayscale Ethereum Trust (ETH),0001725210,10-K,2021-03-05,edgar/data/1725210/0001564590-21-011120.txt
AdaptHealth Corp.,0001725255,10-K,2021-03-16,edgar/data/1725255/0001558370-21-003089.txt
Nestbuilder.com Corp.,0001725516,10-K,2021-02-01,edgar/data/1725516/0001493152-21-002219.txt
HighPoint Resources Corp,0001725526,10-K,2021-02-24,edgar/data/1725526/0001725526-21-000016.txt
"Pluralsight, Inc.",0001725579,10-K,2021-02-26,edgar/data/1725579/0001725579-21-000010.txt
Toyota Auto Receivables 2018-A Owner Trust,0001725585,10-K,2021-03-24,edgar/data/1725585/0000929638-21-000486.txt
BMW Vehicle Owner Trust 2018-A,0001725617,10-K,2021-03-29,edgar/data/1725617/0000929638-21-000514.txt
"BM Technologies, Inc.",0001725872,10-K,2021-03-31,edgar/data/1725872/0001213900-21-019315.txt
Global Diversified Marketing Group Inc.,0001725911,10-K,2021-02-18,edgar/data/1725911/0001493152-21-004213.txt
Epsilon Energy Ltd.,0001726126,10-K,2021-03-25,edgar/data/1726126/0001558370-21-003486.txt
Biglari Holdings Inc.,0001726173,10-K,2021-03-01,edgar/data/1726173/0001628280-21-003517.txt
"Seer, Inc.",0001726445,10-K,2021-03-29,edgar/data/1726445/0001628280-21-005989.txt
BC Partners Lending Corp,0001726548,10-K,2021-03-11,edgar/data/1726548/0001564590-21-012534.txt
"Aditx Therapeutics, Inc.",0001726711,10-K,2021-03-25,edgar/data/1726711/0001213900-21-017776.txt
Santander Drive Auto Receivables Trust 2018-1,0001726794,10-K,2021-03-31,edgar/data/1726794/0001193125-21-101187.txt
Adorbs Inc.,0001726822,10-K,2021-02-10,edgar/data/1726822/0001213900-21-007950.txt
"Goosehead Insurance, Inc.",0001726978,10-K,2021-02-26,edgar/data/1726978/0001726978-21-000035.txt
Scholar Rock Holding Corp,0001727196,10-K,2021-03-09,edgar/data/1727196/0001558370-21-002641.txt
"frontdoor, inc.",0001727263,10-K,2021-02-23,edgar/data/1727263/0001562762-21-000052.txt
Ally Auto Receivables Trust 2018-1,0001727820,10-K,2021-03-26,edgar/data/1727820/0001727820-21-000022.txt
UBS Commercial Mortgage Trust 2018-C8,0001727836,10-K,2021-03-17,edgar/data/1727836/0001056404-21-002850.txt
BANK 2018-BNK10,0001728085,10-K,2021-03-11,edgar/data/1728085/0001056404-21-002448.txt
"Gossamer Bio, Inc.",0001728117,10-K,2021-02-26,edgar/data/1728117/0001728117-21-000019.txt
BENCHMARK 2018-B2 Mortgage Trust,0001728339,10-K,2021-03-17,edgar/data/1728339/0001056404-21-002823.txt
Drive Auto Receivables Trust 2018-1,0001728847,10-K,2021-03-31,edgar/data/1728847/0001193125-21-101171.txt
"ESSENTIAL PROPERTIES REALTY TRUST, INC.",0001728951,10-K,2021-02-24,edgar/data/1728951/0001728951-21-000015.txt
"VIEMED HEALTHCARE, INC.",0001729149,10-K,2021-03-03,edgar/data/1729149/0001729149-21-000049.txt
AmeriCredit Automobile Receivables Trust 2018-1,0001729361,10-K,2021-03-23,edgar/data/1729361/0001213900-21-017176.txt
"CNS Pharmaceuticals, Inc.",0001729427,10-K,2021-02-12,edgar/data/1729427/0001683168-21-000533.txt
"Kubient, Inc.",0001729750,10-K,2021-03-30,edgar/data/1729750/0001104659-21-043439.txt
John Deere Owner Trust 2018,0001729757,10-K,2021-01-22,edgar/data/1729757/0001104659-21-006479.txt
Wells Fargo Commercial Mortgage Trust 2018-C43,0001729832,10-K,2021-03-16,edgar/data/1729832/0001056404-21-002720.txt
"IMAC Holdings, Inc.",0001729944,10-K,2021-03-04,edgar/data/1729944/0001493152-21-005333.txt
PSNH FUNDING LLC 3,0001730300,10-K,2021-03-26,edgar/data/1730300/0001104659-21-042477.txt
"Charah Solutions, Inc.",0001730346,10-K,2021-03-24,edgar/data/1730346/0001730346-21-000014.txt
"Kiniksa Pharmaceuticals, Ltd.",0001730430,10-K,2021-02-25,edgar/data/1730430/0001558370-21-001821.txt
GUURU Corp.,0001730732,10-K,2021-03-31,edgar/data/1730732/0001096906-21-000625.txt
BayCom Corp,0001730984,10-K,2021-03-23,edgar/data/1730984/0001730984-21-000015.txt
CITIGROUP COMMERCIAL MORTGAGE TRUST 2018-B2,0001731044,10-K,2021-03-31,edgar/data/1731044/0001564590-21-016808.txt
GS Mortgage Securities Trust 2018-GS9,0001731056,10-K,2021-03-11,edgar/data/1731056/0001056404-21-002466.txt
UBS Commercial Mortgage Trust 2018-C9,0001731058,10-K,2021-03-15,edgar/data/1731058/0001056404-21-002660.txt
Nikola Corp,0001731289,10-K,2021-02-25,edgar/data/1731289/0001731289-21-000006.txt
"Tilray, Inc.",0001731348,10-K,2021-02-19,edgar/data/1731348/0001564590-21-006942.txt
BANK 2018-BNK11,0001731627,10-K,2021-03-30,edgar/data/1731627/0001056404-21-003451.txt
"LMP Automotive Holdings, Inc.",0001731727,10-K,2021-03-25,edgar/data/1731727/0001213900-21-017605.txt
CSAIL 2018-CX11 Commercial Mortgage Trust,0001732963,10-K,2021-03-15,edgar/data/1732963/0001056404-21-002678.txt
"Veoneer, Inc.",0001733186,10-K,2021-02-19,edgar/data/1733186/0001733186-21-000039.txt
Generation Bio Co.,0001733294,10-K,2021-03-18,edgar/data/1733294/0001193125-21-085043.txt
GM Financial Consumer Automobile Receivables Trust 2018-2,0001733310,10-K,2021-03-23,edgar/data/1733310/0001213900-21-017152.txt
Mercedes-Benz Auto Receivables Trust 2018-1,0001733358,10-K,2021-03-30,edgar/data/1733358/0000894189-21-001912.txt
"TFF Pharmaceuticals, Inc.",0001733413,10-K,2021-03-10,edgar/data/1733413/0001213900-21-014575.txt
Northwest Natural Holding Co,0001733998,10-K,2021-02-26,edgar/data/1733998/0001733998-21-000006.txt
BENCHMARK 2018-B3 COMMERCIAL MORTGAGE TRUST,0001734103,10-K,2021-03-31,edgar/data/1734103/0001564590-21-016810.txt
Amerant Bancorp Inc.,0001734342,10-K,2021-03-19,edgar/data/1734342/0001734342-21-000023.txt
"Viela Bio, Inc.",0001734517,10-K,2021-03-01,edgar/data/1734517/0001564590-21-009902.txt
"Mid-Southern Bancorp, Inc.",0001734875,10-K,2021-03-26,edgar/data/1734875/0001734875-21-000014.txt
World Omni Auto Receivables Trust 2018-B,0001734889,10-K,2021-03-26,edgar/data/1734889/0001104659-21-042313.txt
Santander Drive Auto Receivables Trust 2018-2,0001735033,10-K,2021-03-31,edgar/data/1735033/0001193125-21-101179.txt
Greenland Technologies Holding Corp.,0001735041,10-K,2021-03-31,edgar/data/1735041/0001213900-21-018961.txt
"Gofba, Inc.",0001735092,10-K,2021-03-25,edgar/data/1735092/0001477932-21-001684.txt
Retail Value Inc.,0001735184,10-K,2021-03-10,edgar/data/1735184/0001564590-21-011897.txt
MeiraGTx Holdings plc,0001735438,10-K,2021-03-11,edgar/data/1735438/0001558370-21-002773.txt
Hyundai Auto Receivables Trust 2018-A,0001735464,10-K,2021-03-16,edgar/data/1735464/0001104659-21-037024.txt
JPMDB Commercial Mortgage Securities Trust 2018-C8,0001735646,10-K,2021-03-15,edgar/data/1735646/0001056404-21-002617.txt
Garrett Motion Inc.,0001735707,10-K,2021-02-16,edgar/data/1735707/0001564590-21-005918.txt
COMM 2018-COR3 Mortgage Trust,0001735733,10-K,2021-03-15,edgar/data/1735733/0001056404-21-002656.txt
"Apria, Inc.",0001735803,10-K,2021-03-31,edgar/data/1735803/0001558370-21-003745.txt
Blackstone Secured Lending Fund,0001736035,10-K,2021-03-04,edgar/data/1736035/0001736035-21-000004.txt
Ally Auto Receivables Trust 2018-2,0001736511,10-K,2021-03-26,edgar/data/1736511/0001736511-21-000021.txt
Wells Fargo Commercial Mortgage Trust 2018-C44,0001736659,10-K,2021-03-11,edgar/data/1736659/0001056404-21-002454.txt
Toyota Auto Receivables 2018-B Owner Trust,0001736712,10-K,2021-03-24,edgar/data/1736712/0000929638-21-000487.txt
UBS Commercial Mortgage Trust 2018-C10,0001736862,10-K,2021-03-15,edgar/data/1736862/0001056404-21-002627.txt
"Golden Developing Solutions, Inc.",0001736865,10-K,2021-03-02,edgar/data/1736865/0001683168-21-000755.txt
"Arlo Technologies, Inc.",0001736946,10-K,2021-02-26,edgar/data/1736946/0001736946-21-000010.txt
Luduson G Inc.,0001737193,10-K,2021-03-25,edgar/data/1737193/0001683168-21-001054.txt
"Allogene Therapeutics, Inc.",0001737287,10-K,2021-02-25,edgar/data/1737287/0001737287-21-000009.txt
"Sysorex, Inc.",0001737372,10-K,2021-03-29,edgar/data/1737372/0001213900-21-018255.txt
BioNexus Gene Lab Corp,0001737523,10-K,2021-03-30,edgar/data/1737523/0001477932-21-001795.txt
Nuveen Churchill Direct Lending Corp.,0001737924,10-K,2021-03-12,edgar/data/1737924/0001628280-21-004638.txt
"Compass Therapeutics, Inc.",0001738021,10-K,2021-03-05,edgar/data/1738021/0001564590-21-011110.txt
Cambium Networks Corp,0001738177,10-K,2021-03-01,edgar/data/1738177/0001564590-21-009841.txt
CNH Equipment Trust 2018-A,0001738179,10-K,2021-03-26,edgar/data/1738179/0001104659-21-042026.txt
Drive Auto Receivables Trust 2018-2,0001738390,10-K,2021-03-31,edgar/data/1738390/0001193125-21-101170.txt
Elanco Animal Health Inc,0001739104,10-K,2021-03-01,edgar/data/1739104/0001739104-21-000004.txt
BiomX Inc.,0001739174,10-K,2021-03-31,edgar/data/1739174/0001213900-21-019233.txt
Ford Credit Auto Owner Trust 2018-A,0001739276,10-K,2021-03-22,edgar/data/1739276/0001739276-21-000016.txt
BANK 2018-BNK12,0001739423,10-K,2021-03-17,edgar/data/1739423/0001056404-21-002831.txt
Osmotica Pharmaceuticals plc,0001739426,10-K,2021-03-30,edgar/data/1739426/0001558370-21-003726.txt
"Arcosa, Inc.",0001739445,10-K,2021-02-25,edgar/data/1739445/0001739445-21-000017.txt
"Utz Brands, Inc.",0001739566,10-K,2021-03-18,edgar/data/1739566/0001739566-21-000030.txt
"Inhibrx, Inc.",0001739614,10-K,2021-03-12,edgar/data/1739614/0001739614-21-000047.txt
SVMK Inc.,0001739936,10-K,2021-02-18,edgar/data/1739936/0001564590-21-006682.txt
Cigna Corp,0001739940,10-K,2021-02-25,edgar/data/1739940/0001739940-21-000007.txt
SolarWinds Corp,0001739942,10-K,2021-03-01,edgar/data/1739942/0001739942-21-000043.txt
UBS Commercial Mortgage Trust 2018-C11,0001740040,10-K,2021-03-15,edgar/data/1740040/0001056404-21-002673.txt
"RESIDEO TECHNOLOGIES, INC.",0001740332,10-K,2021-02-25,edgar/data/1740332/0001564590-21-008469.txt
CITIGROUP COMMERCIAL MORTGAGE TRUST 2018-C5,0001740450,10-K,2021-03-31,edgar/data/1740450/0001564590-21-016809.txt
Benchmark 2018-B4 Mortgage Trust,0001740849,10-K,2021-03-16,edgar/data/1740849/0001056404-21-002714.txt
"Tattooed Chef, Inc.",0001741231,10-K,2021-03-19,edgar/data/1741231/0001213900-21-016721.txt
California Republic Auto Receivables Trust 2018-1,0001741276,10-K,2021-03-22,edgar/data/1741276/0001193125-21-089454.txt
Wells Fargo Commercial Mortgage Trust 2018-C45,0001741690,10-K,2021-03-15,edgar/data/1741690/0001056404-21-002613.txt
"Kronos Bio, Inc.",0001741830,10-K,2021-03-23,edgar/data/1741830/0001741830-21-000018.txt
GM Financial Consumer Automobile Receivables Trust 2018-3,0001741908,10-K,2021-03-23,edgar/data/1741908/0001213900-21-017153.txt
"CBM BANCORP, INC.",0001742089,10-K,2021-03-26,edgar/data/1742089/0001193125-21-095914.txt
Monroe Capital Income Plus Corp,0001742313,10-K,2021-03-10,edgar/data/1742313/0001104659-21-034518.txt
GS Mortgage Securities Trust 2018-GS10,0001742373,10-K,2021-03-11,edgar/data/1742373/0001056404-21-002464.txt
Ally Auto Receivables Trust 2018-3,0001742379,10-K,2021-03-26,edgar/data/1742379/0001742379-21-000021.txt
Morgan Stanley Capital I Trust 2018-H3,0001742383,10-K,2021-03-30,edgar/data/1742383/0001056404-21-003461.txt
Santander Drive Auto Receivables Trust 2018-3,0001742444,10-K,2021-03-31,edgar/data/1742444/0001193125-21-101205.txt
Livent Corp.,0001742924,10-K,2021-02-26,edgar/data/1742924/0001742924-21-000016.txt
"REVIVA PHARMACEUTICALS HOLDINGS, INC.",0001742927,10-K,2021-03-22,edgar/data/1742927/0001437749-21-006681.txt
SCP Private Credit Income BDC LLC,0001743415,10-K,2021-02-24,edgar/data/1743415/0001193125-21-054703.txt
John Deere Owner Trust 2018-B,0001743587,10-K,2021-01-22,edgar/data/1743587/0001104659-21-006480.txt
"GRID DYNAMICS HOLDINGS, INC.",0001743725,10-K,2021-03-05,edgar/data/1743725/0001213900-21-013771.txt
"Greenlane Holdings, Inc.",0001743745,10-K,2021-03-31,edgar/data/1743745/0001743745-21-000018.txt
"Corsair Gaming, Inc.",0001743759,10-K,2021-03-11,edgar/data/1743759/0001564590-21-012507.txt
"BridgeBio Pharma, Inc.",0001743881,10-K,2021-02-25,edgar/data/1743881/0001564590-21-008969.txt
WORLD OMNI AUTO RECEIVABLES TRUST 2018-C,0001744034,10-K,2021-03-26,edgar/data/1744034/0001104659-21-042318.txt
"ADVENT TECHNOLOGIES HOLDINGS, INC.",0001744494,10-K,2021-03-26,edgar/data/1744494/0001140361-21-010321.txt
"Akero Therapeutics, Inc.",0001744659,10-K,2021-03-16,edgar/data/1744659/0001558370-21-003043.txt
BANK 2018-BNK13,0001744707,10-K,2021-03-15,edgar/data/1744707/0001056404-21-002652.txt
UBS Commercial Mortgage Trust 2018-C12,0001744982,10-K,2021-03-17,edgar/data/1744982/0001056404-21-002862.txt
"Lodging Fund REIT III, Inc.",0001745032,10-K,2021-03-31,edgar/data/1745032/0001558370-21-003829.txt
"IAA, Inc.",0001745041,10-K,2021-02-22,edgar/data/1745041/0001745041-21-000004.txt
Drive Auto Receivables Trust 2018-3,0001745187,10-K,2021-03-31,edgar/data/1745187/0001193125-21-101188.txt
AmeriCredit Automobile Receivables Trust 2018-2,0001745314,10-K,2021-03-23,edgar/data/1745314/0001213900-21-017177.txt
"Velodyne Lidar, Inc.",0001745317,10-K,2021-03-17,edgar/data/1745317/0001628280-21-004964.txt
CSAIL 2018-CX12 Commercial Mortgage Trust,0001745511,10-K,2021-03-12,edgar/data/1745511/0001056404-21-002526.txt
Benchmark 2018-B5 Mortgage Trust,0001745529,10-K,2021-03-12,edgar/data/1745529/0001056404-21-002546.txt
Toyota Auto Receivables 2018-C Owner Trust,0001745763,10-K,2021-03-24,edgar/data/1745763/0000929638-21-000488.txt
"Brigham Minerals, Inc.",0001745797,10-K,2021-02-25,edgar/data/1745797/0001745797-21-000020.txt
"PennyMac Financial Services, Inc.",0001745916,10-K,2021-02-25,edgar/data/1745916/0001558370-21-001742.txt
Beam Therapeutics Inc.,0001745999,10-K,2021-03-15,edgar/data/1745999/0001564590-21-013190.txt
Bank First Corp,0001746109,10-K,2021-03-12,edgar/data/1746109/0001104659-21-035648.txt
Bank7 Corp.,0001746129,10-K,2021-03-25,edgar/data/1746129/0001140361-21-009987.txt
LOVARRA,0001746278,10-K,2021-03-31,edgar/data/1746278/0001746278-21-000016.txt
CD 2018-CD7 Mortgage Trust,0001746406,10-K,2021-03-15,edgar/data/1746406/0001056404-21-002626.txt
"Equillium, Inc.",0001746466,10-K,2021-03-24,edgar/data/1746466/0001564590-21-015103.txt
"PLIANT THERAPEUTICS, INC.",0001746473,10-K,2021-03-16,edgar/data/1746473/0001564590-21-013589.txt
"Revolve Group, Inc.",0001746618,10-K,2021-02-25,edgar/data/1746618/0001564590-21-008799.txt
Equitrans Midstream Corp,0001747009,10-K,2021-02-23,edgar/data/1747009/0001747009-21-000006.txt
"MetroCity Bankshares, Inc.",0001747068,10-K,2021-03-15,edgar/data/1747068/0001747068-21-000019.txt
Bally's Corp,0001747079,10-K,2021-03-10,edgar/data/1747079/0001747079-21-000071.txt
"Kayne Anderson BDC, Inc.",0001747172,10-K,2021-02-26,edgar/data/1747172/0001193125-21-059867.txt
Qualtrics International Inc.,0001747748,10-K,2021-03-09,edgar/data/1747748/0001628280-21-004280.txt
Owl Rock Technology Finance Corp.,0001747777,10-K,2021-03-05,edgar/data/1747777/0001564590-21-011092.txt
Santander Drive Auto Receivables Trust 2018-4,0001748011,10-K,2021-03-31,edgar/data/1748011/0001193125-21-101186.txt
RATTLER MIDSTREAM LP,0001748773,10-K,2021-02-25,edgar/data/1748773/0001748773-21-000006.txt
BrightSphere Investment Group Inc.,0001748824,10-K,2021-03-01,edgar/data/1748824/0001748824-21-000012.txt
Orchard Therapeutics plc,0001748907,10-K,2021-03-02,edgar/data/1748907/0001564590-21-010035.txt
Wells Fargo Commercial Mortgage Trust 2018-C46,0001748940,10-K,2021-03-15,edgar/data/1748940/0001056404-21-002619.txt
World Omni Automobile Lease Securitization Trust 2018-B,0001749273,10-K,2021-03-26,edgar/data/1749273/0001104659-21-042266.txt
UBS Commercial Mortgage Trust 2018-C13,0001749360,10-K,2021-03-17,edgar/data/1749360/0001056404-21-002843.txt
New Fortress Energy Inc.,0001749723,10-K,2021-03-16,edgar/data/1749723/0001140361-21-008724.txt
BANK 2018-BNK14,0001749973,10-K,2021-03-30,edgar/data/1749973/0001056404-21-003457.txt
TCR2 THERAPEUTICS INC.,0001750019,10-K,2021-03-16,edgar/data/1750019/0001564590-21-013563.txt
"Inhibikase Therapeutics, Inc.",0001750149,10-K,2021-03-31,edgar/data/1750149/0001564590-21-016996.txt
Canoo Inc.,0001750153,10-K,2021-03-31,edgar/data/1750153/0001558370-21-003823.txt
"Olema Pharmaceuticals, Inc.",0001750284,10-K,2021-03-17,edgar/data/1750284/0001558370-21-003141.txt
"CareClix Holdings, Inc.",0001750384,10-K,2021-02-16,edgar/data/1750384/0001065949-21-000038.txt
Drive Auto Receivables Trust 2018-4,0001750588,10-K,2021-03-31,edgar/data/1750588/0001193125-21-101194.txt
CNH Equipment Trust 2018-B,0001750707,10-K,2021-03-26,edgar/data/1750707/0001104659-21-042024.txt
Meridian Corp,0001750735,10-K,2021-03-29,edgar/data/1750735/0001558370-21-003625.txt
"Hawkeye Systems, Inc.",0001750777,10-K,2021-02-01,edgar/data/1750777/0001477932-21-000520.txt
GM Financial Consumer Automobile Receivables Trust 2018-4,0001751012,10-K,2021-03-23,edgar/data/1751012/0001213900-21-017154.txt
"ATLAS TECHNICAL CONSULTANTS, INC.",0001751143,10-K,2021-03-23,edgar/data/1751143/0001213900-21-017073.txt
"Kaleido Biosciences, Inc.",0001751299,10-K,2021-03-03,edgar/data/1751299/0001564590-21-010420.txt
"1895 Bancorp of Wisconsin, Inc.",0001751692,10-K,2021-03-31,edgar/data/1751692/0001193125-21-101902.txt
Morgan Stanley Capital I Trust 2018-L1,0001751743,10-K,2021-03-31,edgar/data/1751743/0001056404-21-003645.txt
"Rhinebeck Bancorp, Inc.",0001751783,10-K,2021-03-25,edgar/data/1751783/0001751783-21-000007.txt
DOW INC.,0001751788,10-K,2021-02-05,edgar/data/1751788/0001751788-21-000010.txt
BENCHMARK 2018-B6 MORTGAGE TRUST,0001751874,10-K,2021-03-31,edgar/data/1751874/0001564590-21-016811.txt
Ford Credit Auto Lease Trust 2018-B,0001751960,10-K,2021-03-24,edgar/data/1751960/0001751960-21-000018.txt
California BanCorp,0001752036,10-K,2021-03-25,edgar/data/1752036/0001193125-21-094619.txt
DBGS 2018-C1 Mortgage Trust,0001752363,10-K,2021-03-12,edgar/data/1752363/0001056404-21-002538.txt
KLDiscovery Inc.,0001752474,10-K,2021-03-18,edgar/data/1752474/0001564590-21-014159.txt
World Omni Auto Receivables Trust 2018-D,0001752578,10-K,2021-03-26,edgar/data/1752578/0001104659-21-042324.txt
CSAIL 2018-C14 Commercial Mortgage Trust,0001752594,10-K,2021-03-11,edgar/data/1752594/0001056404-21-002484.txt
GX Acquisition Corp.,0001752828,10-K,2021-03-04,edgar/data/1752828/0001213900-21-013228.txt
"COVETRUS, INC.",0001752836,10-K,2021-03-01,edgar/data/1752836/0001752836-21-000041.txt
Fathom Holdings Inc.,0001753162,10-K,2021-03-24,edgar/data/1753162/0001104659-21-041032.txt
Wells Fargo Commercial Mortgage Trust 2018-C47,0001753233,10-K,2021-03-12,edgar/data/1753233/0001056404-21-002489.txt
INKY INC.,0001753373,10-K,2021-02-02,edgar/data/1753373/0001753373-21-000002.txt
Osprey Technology Acquisition Corp.,0001753539,10-K,2021-03-31,edgar/data/1753539/0001193125-21-100894.txt
Santander Drive Auto Receivables Trust 2018-5,0001753581,10-K,2021-03-31,edgar/data/1753581/0001193125-21-101210.txt
"Whole Earth Brands, Inc.",0001753706,10-K,2021-03-16,edgar/data/1753706/0001753706-21-000006.txt
Stonemor Inc.,0001753886,10-K,2021-03-25,edgar/data/1753886/0001564590-21-015568.txt
"Allovir, Inc.",0001754068,10-K,2021-02-12,edgar/data/1754068/0001564590-21-005652.txt
AerSale Corp,0001754170,10-K,2021-03-16,edgar/data/1754170/0001104659-21-037098.txt
Toyota Auto Receivables 2018-D Owner Trust,0001754189,10-K,2021-03-24,edgar/data/1754189/0000929638-21-000489.txt
Trulieve Cannabis Corp.,0001754195,10-K,2021-03-23,edgar/data/1754195/0001564590-21-014684.txt
VZOT 2018-A,0001754377,10-K,2021-03-30,edgar/data/1754377/0000929638-21-000528.txt
AmeriCredit Automobile Receivables Trust 2018-3,0001754388,10-K,2021-03-23,edgar/data/1754388/0001213900-21-017178.txt
Ford Credit Auto Owner Trust 2018-B,0001754784,10-K,2021-03-22,edgar/data/1754784/0001754784-21-000015.txt
"Desktop Metal, Inc.",0001754820,10-K,2021-03-15,edgar/data/1754820/0001558370-21-002963.txt
BBCMS Mortgage Trust 2018-C2,0001754913,10-K,2021-03-16,edgar/data/1754913/0001056404-21-002723.txt
"Cyclerion Therapeutics, Inc.",0001755237,10-K,2021-02-25,edgar/data/1755237/0001564590-21-008434.txt
"Corteva, Inc.",0001755672,10-K,2021-02-11,edgar/data/1755672/0001755672-21-000008.txt
"TransMedics Group, Inc.",0001756262,10-K,2021-03-11,edgar/data/1756262/0001564590-21-012527.txt
BANK 2018-BNK15,0001756271,10-K,2021-03-17,edgar/data/1756271/0001056404-21-002845.txt
Volkswagen Auto Loan Enhanced Trust 2018-2,0001756401,10-K,2021-03-30,edgar/data/1756401/0001193125-21-098978.txt
Hyundai Auto Receivables Trust 2018-B,0001756671,10-K,2021-03-16,edgar/data/1756671/0001104659-21-037026.txt
Benchmark 2018-B7 Mortgage Trust,0001757018,10-K,2021-03-16,edgar/data/1757018/0001056404-21-002719.txt
Envista Holdings Corp,0001757073,10-K,2021-02-19,edgar/data/1757073/0001628280-21-002508.txt
Drive Auto Receivables Trust 2018-5,0001757404,10-K,2021-03-31,edgar/data/1757404/0001193125-21-101193.txt
"Mohawk Group Holdings, Inc.",0001757715,10-K,2021-03-16,edgar/data/1757715/0001564590-21-013336.txt
CITIGROUP COMMERCIAL MORTGAGE TRUST 2018-C6,0001757925,10-K,2021-03-31,edgar/data/1757925/0001564590-21-016813.txt
Wells Fargo Commercial Mortgage Trust 2018-C48,0001757928,10-K,2021-03-15,edgar/data/1757928/0001056404-21-002604.txt
Quantum Computing Inc.,0001758009,10-K,2021-03-18,edgar/data/1758009/0001213900-21-016296.txt
UBS Commercial Mortgage Trust 2018-C14,0001758292,10-K,2021-03-16,edgar/data/1758292/0001056404-21-002734.txt
ONESPAWORLD HOLDINGS Ltd,0001758488,10-K,2021-03-10,edgar/data/1758488/0001564590-21-011948.txt
Tradeweb Markets Inc.,0001758730,10-K,2021-02-25,edgar/data/1758730/0001758730-21-000007.txt
Star Peak Energy Transition Corp.,0001758766,10-K,2021-03-04,edgar/data/1758766/0001104659-21-031725.txt
Morgan Stanley Capital I Trust 2018-H4,0001758882,10-K,2021-03-30,edgar/data/1758882/0001056404-21-003456.txt
Benchmark 2018-B8 Mortgage Trust,0001758901,10-K,2021-03-12,edgar/data/1758901/0001056404-21-002542.txt
"CarLotz, Inc.",0001759008,10-K,2021-03-15,edgar/data/1759008/0001104659-21-036389.txt
"Cabaletta Bio, Inc.",0001759138,10-K,2021-03-16,edgar/data/1759138/0001564590-21-013329.txt
Bull Horn Holdings Corp.,0001759186,10-K,2021-03-31,edgar/data/1759186/0001213900-21-019200.txt
"Mirum Pharmaceuticals, Inc.",0001759425,10-K,2021-03-09,edgar/data/1759425/0001564590-21-011756.txt
"Lyft, Inc.",0001759509,10-K,2021-03-01,edgar/data/1759509/0001759509-21-000011.txt
Lordstown Motors Corp.,0001759546,10-K,2021-03-25,edgar/data/1759546/0001558370-21-003449.txt
Hyliion Holdings Corp.,0001759631,10-K,2021-02-26,edgar/data/1759631/0001213900-21-011788.txt
"Postal Realty Trust, Inc.",0001759774,10-K,2021-03-30,edgar/data/1759774/0001213900-21-018605.txt
ALTA EQUIPMENT GROUP INC.,0001759824,10-K,2021-03-18,edgar/data/1759824/0001564590-21-014150.txt
"SURGALIGN HOLDINGS, INC.",0001760173,10-K,2021-03-16,edgar/data/1760173/0001564590-21-013644.txt
GM Financial Consumer Automobile Receivables Trust 2019-1,0001760283,10-K,2021-03-23,edgar/data/1760283/0001213900-21-017155.txt
UBS Commercial Mortgage Trust 2018-C15,0001760337,10-K,2021-03-16,edgar/data/1760337/0001056404-21-002795.txt
HARVEST HEALTH & RECREATION INC.,0001760439,10-K,2021-03-30,edgar/data/1760439/0001564590-21-016712.txt
HOOKIPA Pharma Inc.,0001760542,10-K,2021-03-18,edgar/data/1760542/0001558370-21-003176.txt
Tuscan Holdings Corp.,0001760689,10-K,2021-03-25,edgar/data/1760689/0001213900-21-017601.txt
SciPlay Corp,0001760717,10-K,2021-03-01,edgar/data/1760717/0001760717-21-000008.txt
"Kontoor Brands, Inc.",0001760965,10-K,2021-03-03,edgar/data/1760965/0001760965-21-000009.txt
"Palomar Holdings, Inc.",0001761312,10-K,2021-03-09,edgar/data/1761312/0001558370-21-002643.txt
STRATUS CAPITAL CORP,0001761540,10-K,2021-03-31,edgar/data/1761540/0001065949-21-000064.txt
BICYCLE THERAPEUTICS plc,0001761612,10-K,2021-03-11,edgar/data/1761612/0001558370-21-002758.txt
Diamond S Shipping Inc.,0001761940,10-K,2021-03-16,edgar/data/1761940/0001104659-21-037188.txt
Toyota Auto Receivables 2019-A Owner Trust,0001762228,10-K,2021-03-24,edgar/data/1762228/0000929638-21-000490.txt
"Kaival Brands Innovations Group, Inc.",0001762239,10-K,2021-02-12,edgar/data/1762239/0001731122-21-000225.txt
World Omni Auto Receivables Trust 2019-A,0001762287,10-K,2021-03-26,edgar/data/1762287/0001104659-21-042331.txt
"SHIFT TECHNOLOGIES, INC.",0001762322,10-K,2021-03-19,edgar/data/1762322/0001762322-21-000012.txt
"Acreage Holdings, Inc.",0001762359,10-K,2021-03-26,edgar/data/1762359/0001762359-21-000018.txt
CNH Equipment Trust 2019-A,0001762569,10-K,2021-03-26,edgar/data/1762569/0001104659-21-042023.txt
Wells Fargo Commercial Mortgage Trust 2019-C49,0001763001,10-K,2021-03-15,edgar/data/1763001/0001056404-21-002630.txt
Drive Auto Receivables Trust 2019-1,0001763174,10-K,2021-03-31,edgar/data/1763174/0001193125-21-101218.txt
GS Mortgage Securities Trust 2019-GC38,0001763207,10-K,2021-03-18,edgar/data/1763207/0001056404-21-002894.txt
BANK 2019-BNK16,0001763333,10-K,2021-03-11,edgar/data/1763333/0001056404-21-002468.txt
GM Financial Automobile Leasing Trust 2019-1,0001763499,10-K,2021-03-23,edgar/data/1763499/0001213900-21-017164.txt
JPMCC Commercial Mortgage Securities Trust 2019-COR4,0001763501,10-K,2021-03-15,edgar/data/1763501/0001056404-21-002689.txt
CSAIL 2019-C15 Commercial Mortgage Trust,0001763502,10-K,2021-03-16,edgar/data/1763502/0001056404-21-002750.txt
SEATech Ventures Corp.,0001763660,10-K,2021-03-30,edgar/data/1763660/0001493152-21-007153.txt
Replay Acquisition Corp.,0001763731,10-K,2021-03-25,edgar/data/1763731/0001104659-21-041129.txt
Ally Auto Receivables Trust 2019-1,0001763799,10-K,2021-03-26,edgar/data/1763799/0001763799-21-000020.txt
Lantern Pharma Inc.,0001763950,10-K,2021-03-10,edgar/data/1763950/0001213900-21-014576.txt
Mercedes-Benz Auto Lease Trust 2019-A,0001763960,10-K,2021-03-30,edgar/data/1763960/0000894189-21-001890.txt
CLARIVATE Plc,0001764046,10-K,2021-02-26,edgar/data/1764046/0001764046-21-000022.txt
SC Health Corp,0001764301,10-K,2021-03-30,edgar/data/1764301/0001140361-21-010803.txt
BENCHMARK 2019-B9 MORTGAGE TRUST,0001764759,10-K,2021-03-31,edgar/data/1764759/0001564590-21-016833.txt
"Slack Technologies, Inc.",0001764925,10-K,2021-03-19,edgar/data/1764925/0001764925-21-000050.txt
"Charmt, Inc.",0001765048,10-K,2021-02-16,edgar/data/1765048/0001765048-21-000003.txt
AmeriCredit Automobile Receivables Trust 2019-1,0001765880,10-K,2021-03-23,edgar/data/1765880/0001213900-21-017179.txt
Santander Drive Auto Receivables Trust 2019-1,0001765910,10-K,2021-03-31,edgar/data/1765910/0001193125-21-101189.txt
Capital One Prime Auto Receivables Trust 2019-1,0001766004,10-K,2021-03-26,edgar/data/1766004/0001766004-21-000012.txt
"NMF SLF I, Inc.",0001766037,10-K,2021-03-12,edgar/data/1766037/0001766037-21-000003.txt
World Omni Automobile Lease Securitization Trust 2019-A,0001766101,10-K,2021-03-26,edgar/data/1766101/0001104659-21-042271.txt
"Carrier EQ, LLC",0001766352,10-K,2021-01-08,edgar/data/1766352/0001553350-21-000027.txt
Benchmark 2019-B10 Mortgage Trust,0001766367,10-K,2021-03-24,edgar/data/1766367/0001056404-21-003057.txt
"Mayville Engineering Company, Inc.",0001766368,10-K,2021-03-05,edgar/data/1766368/0001564590-21-011139.txt
"Pennant Group, Inc.",0001766400,10-K,2021-02-24,edgar/data/1766400/0001766400-21-000037.txt
"Chewy, Inc.",0001766502,10-K,2021-03-30,edgar/data/1766502/0001766502-21-000008.txt
"Tectonic Financial, Inc.",0001766526,10-K,2021-03-31,edgar/data/1766526/0001185185-21-000432.txt
Morgan Stanley Capital I Trust 2019-L2,0001766660,10-K,2021-03-30,edgar/data/1766660/0001056404-21-003593.txt
Ford Credit Auto Lease Trust 2019-A,0001766981,10-K,2021-03-24,edgar/data/1766981/0001766981-21-000017.txt
"XPEL, Inc.",0001767258,10-K,2021-03-11,edgar/data/1767258/0001767258-21-000014.txt
John Deere Owner Trust 2019,0001767345,10-K,2021-01-22,edgar/data/1767345/0001104659-21-006483.txt
Verizon Owner Trust 2019-A,0001767530,10-K,2021-03-30,edgar/data/1767530/0000929638-21-000531.txt
"Richmond Mutual Bancorporation, Inc.",0001767837,10-K,2021-03-31,edgar/data/1767837/0001767837-21-000004.txt
"Golden Nugget Online Gaming, Inc.",0001768012,10-K,2021-03-31,edgar/data/1768012/0001104659-21-044733.txt
Arcturus Therapeutics Holdings Inc.,0001768224,10-K,2021-03-01,edgar/data/1768224/0001564590-21-009872.txt
Greencity Acquisition Corp,0001768910,10-K,2021-03-31,edgar/data/1768910/0001104659-21-044613.txt
GM Financial Consumer Automobile Receivables Trust 2019-2,0001769174,10-K,2021-03-23,edgar/data/1769174/0001213900-21-017157.txt
First Seacoast Bancorp,0001769267,10-K,2021-03-26,edgar/data/1769267/0001564590-21-015669.txt
"Thunder Bridge Acquisition II, LTD",0001769318,10-K,2021-02-24,edgar/data/1769318/0001213900-21-011177.txt
UBS Commercial Mortgage Trust 2019-C16,0001769322,10-K,2021-03-11,edgar/data/1769322/0001056404-21-002450.txt
Drive Auto Receivables Trust 2019-2,0001769324,10-K,2021-03-31,edgar/data/1769324/0001193125-21-101176.txt
BMW Vehicle Lease Trust 2019-1,0001769328,10-K,2021-03-29,edgar/data/1769328/0000929638-21-000512.txt
Volkswagen Auto Lease Trust 2019-A,0001769465,10-K,2021-03-30,edgar/data/1769465/0001193125-21-098957.txt
"HarborOne Bancorp, Inc.",0001769617,10-K,2021-03-12,edgar/data/1769617/0001558370-21-002859.txt
AGBA Acquisition Ltd,0001769624,10-K,2021-03-26,edgar/data/1769624/0001213900-21-018015.txt
"Eureka Homestead Bancorp, Inc.",0001769725,10-K,2021-03-25,edgar/data/1769725/0001558370-21-003488.txt
"Augmedix, Inc.",0001769804,10-K,2021-03-31,edgar/data/1769804/0001213900-21-018844.txt
BANK 2019-BNK17,0001769961,10-K,2021-03-30,edgar/data/1769961/0001056404-21-003459.txt
"Sana Biotechnology, Inc.",0001770121,10-K,2021-03-24,edgar/data/1770121/0001193125-21-092650.txt
Ford Credit Auto Owner Trust 2019-A,0001770147,10-K,2021-03-22,edgar/data/1770147/0001770147-21-000015.txt
Xerox Holdings Corp,0001770450,10-K,2021-02-25,edgar/data/1770450/0001770450-21-000013.txt
Coronado Global Resources Inc.,0001770561,10-K,2021-02-25,edgar/data/1770561/0001562762-21-000061.txt
Wells Fargo Commercial Mortgage Trust 2019-C50,0001770572,10-K,2021-03-12,edgar/data/1770572/0001056404-21-002529.txt
"10x Genomics, Inc.",0001770787,10-K,2021-02-26,edgar/data/1770787/0001770787-21-000009.txt
CF 2019-CF1 Mortgage Trust,0001771200,10-K,2021-03-25,edgar/data/1771200/0001564590-21-015201.txt
Hyundai Auto Receivables Trust 2019-A,0001771225,10-K,2021-03-16,edgar/data/1771225/0001104659-21-037027.txt
GS Mortgage Securities Trust 2019-GC39,0001771501,10-K,2021-03-29,edgar/data/1771501/0001056404-21-003319.txt
Grocery Outlet Holding Corp.,0001771515,10-K,2021-03-02,edgar/data/1771515/0001771515-21-000009.txt
"Vireo Health International, Inc.",0001771706,10-K,2021-03-31,edgar/data/1771706/0001104659-21-044840.txt
GM Financial Automobile Leasing Trust 2019-2,0001771786,10-K,2021-03-23,edgar/data/1771786/0001213900-21-017165.txt
"Karuna Therapeutics, Inc.",0001771917,10-K,2021-02-25,edgar/data/1771917/0001564590-21-008416.txt
Scopus BioPharma Inc.,0001772028,10-K,2021-03-29,edgar/data/1772028/0001104659-21-043355.txt
BBCMS Mortgage Trust 2019-C3,0001772527,10-K,2021-03-17,edgar/data/1772527/0001056404-21-002852.txt
Fifth Third Auto Trust 2019-1,0001772608,10-K,2021-03-26,edgar/data/1772608/0001193125-21-096279.txt
Sunnova Energy International Inc.,0001772695,10-K,2021-02-25,edgar/data/1772695/0001772695-21-000022.txt
Goldman Sachs Private Middle Market Credit II LLC,0001772704,10-K,2021-02-25,edgar/data/1772704/0001564590-21-008954.txt
XL Fleet Corp.,0001772720,10-K,2021-03-31,edgar/data/1772720/0001213900-21-019311.txt
DraftKings Inc.,0001772757,10-K,2021-02-26,edgar/data/1772757/0001104659-21-028617.txt
World Omni Auto Receivables Trust 2019-B,0001772793,10-K,2021-03-26,edgar/data/1772793/0001104659-21-042333.txt
CNH Equipment Trust 2019-B,0001773056,10-K,2021-03-26,edgar/data/1773056/0001104659-21-042021.txt
Tuscan Holdings Corp. II,0001773087,10-K,2021-03-19,edgar/data/1773087/0001213900-21-016560.txt
Morgan Stanley Capital I Trust 2019-H6,0001773339,10-K,2021-03-31,edgar/data/1773339/0001056404-21-003638.txt
Toyota Auto Receivables 2019-B Owner Trust,0001773407,10-K,2021-03-24,edgar/data/1773407/0000929638-21-000491.txt
"SpringWorks Therapeutics, Inc.",0001773427,10-K,2021-02-25,edgar/data/1773427/0001558370-21-001708.txt
"Hims & Hers Health, Inc.",0001773751,10-K,2021-03-22,edgar/data/1773751/0001193125-21-089657.txt
BTRS Holdings Inc.,0001774155,10-K,2021-03-24,edgar/data/1774155/0001140361-21-009706.txt
"PowerFleet, Inc.",0001774170,10-K,2021-03-22,edgar/data/1774170/0001493152-21-006467.txt
AmeriCredit Automobile Receivables Trust 2019-2,0001774379,10-K,2021-03-23,edgar/data/1774379/0001213900-21-017180.txt
Santander Drive Auto Receivables Trust 2019-2,0001774409,10-K,2021-03-31,edgar/data/1774409/0001193125-21-101209.txt
Churchill Capital Corp II,0001774675,10-K,2021-03-15,edgar/data/1774675/0001104659-21-035775.txt
JPMCC Commercial Mortgage Securities Trust 2019-COR5,0001774801,10-K,2021-03-15,edgar/data/1774801/0001056404-21-002683.txt
BANK 2019-BNK18,0001774962,10-K,2021-03-17,edgar/data/1774962/0001056404-21-002836.txt
AEP Texas Restoration Funding LLC,0001775098,10-K,2021-03-26,edgar/data/1775098/0001775098-21-000005.txt
"SmileDirectClub, Inc.",0001775625,10-K,2021-03-12,edgar/data/1775625/0001775625-21-000025.txt
Benchmark 2019-B11 Mortgage Trust,0001775756,10-K,2021-03-24,edgar/data/1775756/0001056404-21-003059.txt
CSAIL 2019-C16 Commercial Mortgage Trust,0001776086,10-K,2021-03-16,edgar/data/1776086/0001056404-21-002738.txt
Ally Auto Receivables Trust 2019-2,0001776294,10-K,2021-03-26,edgar/data/1776294/0001776294-21-000021.txt
Advantage Solutions Inc.,0001776661,10-K,2021-03-16,edgar/data/1776661/0001193125-21-082812.txt
Wells Fargo Commercial Mortgage Trust 2019-C51,0001776721,10-K,2021-03-19,edgar/data/1776721/0001056404-21-002947.txt
CuriosityStream Inc.,0001776909,10-K,2021-03-31,edgar/data/1776909/0001213900-21-018943.txt
CERBERUS CYBER SENTINEL CORP,0001777319,10-K,2021-03-31,edgar/data/1777319/0001493152-21-007433.txt
Verizon Owner Trust 2019-B,0001777370,10-K,2021-03-30,edgar/data/1777370/0000929638-21-000529.txt
Switchback Energy Acquisition Corp,0001777393,10-K,2021-02-10,edgar/data/1777393/0001213900-21-008053.txt
Drive Auto Receivables Trust 2019-3,0001777665,10-K,2021-03-31,edgar/data/1777665/0001193125-21-101180.txt
FinTech Acquisition Corp. IV,0001777835,10-K,2021-03-15,edgar/data/1777835/0001213900-21-015417.txt
Apex Technology Acquisition Corp,0001777921,10-K,2021-03-09,edgar/data/1777921/0001213900-21-014139.txt
LGL Systems Acquisition Corp.,0001777946,10-K,2021-03-04,edgar/data/1777946/0001213900-21-013274.txt
GS Mortgage Securities Trust 2019-GC40,0001778232,10-K,2021-03-18,edgar/data/1778232/0001056404-21-002886.txt
Morgan Stanley Capital I Trust 2019-H7,0001778749,10-K,2021-03-31,edgar/data/1778749/0001056404-21-003615.txt
Harley-Davidson Motorcycle Trust 2019-A,0001778781,10-K,2021-03-25,edgar/data/1778781/0001628280-21-005581.txt
"Provident Bancorp, Inc. /MD/",0001778784,10-K,2021-03-26,edgar/data/1778784/0001778784-21-000012.txt
"Danimer Scientific, Inc.",0001779020,10-K,2021-03-30,edgar/data/1779020/0001213900-21-018433.txt
GM Financial Consumer Automobile Receivables Trust 2019-3,0001779033,10-K,2021-03-23,edgar/data/1779033/0001213900-21-017158.txt
Experience Investment Corp.,0001779128,10-K,2021-03-10,edgar/data/1779128/0001104659-21-034054.txt
Ford Credit Auto Owner Trust 2019-B,0001779201,10-K,2021-03-22,edgar/data/1779201/0001779201-21-000015.txt
Silver Spike Acquisition Corp.,0001779474,10-K,2021-03-09,edgar/data/1779474/0001140361-21-007696.txt
"Muzinich BDC, Inc.",0001779523,10-K,2021-03-31,edgar/data/1779523/0001213900-21-019122.txt
"DUKE ENERGY PROGRESS, LLC.",0000017797,10-K,2021-02-25,edgar/data/17797/0001326160-21-000063.txt
"Baudax Bio, Inc.",0001780097,10-K,2021-02-16,edgar/data/1780097/0001564590-21-005901.txt
BBCMS Mortgage Trust 2019-C4,0001780131,10-K,2021-03-18,edgar/data/1780131/0001056404-21-002925.txt
Newborn Acquisition Corp,0001780262,10-K,2021-03-19,edgar/data/1780262/0001213900-21-016542.txt
New Providence Acquisition Corp.,0001780312,10-K,2021-03-01,edgar/data/1780312/0001213900-21-012253.txt
World Omni Auto Receivables Trust 2019-C,0001780552,10-K,2021-03-26,edgar/data/1780552/0001104659-21-042340.txt
Wells Fargo Commercial Mortgage Trust 2019-C52,0001780678,10-K,2021-03-18,edgar/data/1780678/0001056404-21-002901.txt
BANK 2019-BNK19,0001780859,10-K,2021-03-19,edgar/data/1780859/0001056404-21-002946.txt
USAA Auto Owner Trust 2019-1,0001780984,10-K,2021-03-26,edgar/data/1780984/0001193125-21-096087.txt
BENCHMARK 2019-B12 MORTGAGE TRUST,0001781089,10-K,2021-03-31,edgar/data/1781089/0001564590-21-016898.txt
Alussa Energy Acquisition Corp.,0001781115,10-K,2021-03-01,edgar/data/1781115/0001213900-21-012601.txt
Stable Road Acquisition Corp.,0001781162,10-K,2021-03-08,edgar/data/1781162/0001213900-21-013891.txt
GM Financial Automobile Leasing Trust 2019-3,0001781258,10-K,2021-03-23,edgar/data/1781258/0001213900-21-017166.txt
Otis Worldwide Corp,0001781335,10-K,2021-02-05,edgar/data/1781335/0001781335-21-000023.txt
John Deere Owner Trust 2019-B,0001781565,10-K,2021-01-22,edgar/data/1781565/0001104659-21-006484.txt
World Omni Automobile Lease Securitization Trust 2019-B,0001781624,10-K,2021-03-26,edgar/data/1781624/0001104659-21-042276.txt
"BRP Group, Inc.",0001781755,10-K,2021-03-11,edgar/data/1781755/0001781755-21-000015.txt
Ford Credit Auto Lease Trust 2019-B,0001781819,10-K,2021-03-24,edgar/data/1781819/0001781819-21-000018.txt
"New Mountain Guardian III BDC, L.L.C.",0001781870,10-K,2021-03-09,edgar/data/1781870/0001781870-21-000002.txt
"Aprea Therapeutics, Inc.",0001781983,10-K,2021-03-16,edgar/data/1781983/0001558370-21-003083.txt
CD 2019-CD8 Mortgage Trust,0001782003,10-K,2021-03-12,edgar/data/1782003/0001056404-21-002536.txt
Toyota Auto Receivables 2019-C Owner Trust,0001782479,10-K,2021-03-24,edgar/data/1782479/0000929638-21-000492.txt
Morgan Stanley Direct Lending Fund,0001782524,10-K,2021-03-19,edgar/data/1782524/0001782524-21-000040.txt
Carrier Global Corp,0001783180,10-K,2021-02-09,edgar/data/1783180/0001783180-21-000011.txt
"Phathom Pharmaceuticals, Inc.",0001783183,10-K,2021-03-30,edgar/data/1783183/0001564590-21-016682.txt
CITIGROUP COMMERCIAL MORTGAGE TRUST 2019-GC41,0001783287,10-K,2021-03-31,edgar/data/1783287/0001564590-21-016899.txt
McAfee Corp.,0001783317,10-K,2021-03-01,edgar/data/1783317/0001564590-21-009891.txt
Santander Drive Auto Receivables Trust 2019-3,0001783326,10-K,2021-03-31,edgar/data/1783326/0001193125-21-101173.txt
UWM Holdings Corp,0001783398,10-K,2021-03-22,edgar/data/1783398/0001564590-21-014601.txt
"US Ecology, Inc.",0001783400,10-K,2021-03-01,edgar/data/1783400/0001558370-21-002040.txt
Forum Merger III Corp,0001784168,10-K,2021-03-31,edgar/data/1784168/0001213900-21-019197.txt
Mediaco Holding Inc.,0001784254,10-K,2021-03-30,edgar/data/1784254/0001564590-21-016257.txt
BMW Vehicle Owner Trust 2019-A,0001784326,10-K,2021-03-29,edgar/data/1784326/0000929638-21-000513.txt
"Porch Group, Inc.",0001784535,10-K,2021-03-31,edgar/data/1784535/0001558370-21-003776.txt
AmeriCredit Automobile Receivables Trust 2019-3,0001784564,10-K,2021-03-23,edgar/data/1784564/0001213900-21-017182.txt
"Harbor Custom Development, Inc.",0001784567,10-K,2021-03-31,edgar/data/1784567/0001493152-21-007553.txt
Broadmark Realty Capital Inc.,0001784797,10-K,2021-03-01,edgar/data/1784797/0001558370-21-002180.txt
Galileo Acquisition Corp.,0001784851,10-K,2021-03-25,edgar/data/1784851/0001104659-21-041560.txt
BANK 2019-BNK20,0001784958,10-K,2021-03-30,edgar/data/1784958/0001056404-21-003467.txt
WeTrade Group Inc.,0001784970,10-K,2021-03-31,edgar/data/1784970/0001477932-21-001894.txt
CHP Merger Corp.,0001785041,10-K,2021-03-30,edgar/data/1785041/0001140361-21-010876.txt
"89bio, Inc.",0001785173,10-K,2021-03-25,edgar/data/1785173/0001564590-21-015214.txt
"Landos Biopharma, Inc.",0001785345,10-K,2021-03-31,edgar/data/1785345/0001564590-21-017120.txt
FinServ Acquisition Corp.,0001785424,10-K,2021-03-08,edgar/data/1785424/0001213900-21-013844.txt
Ally Auto Receivables Trust 2019-3,0001785489,10-K,2021-03-26,edgar/data/1785489/0001785489-21-000021.txt
Drive Auto Receivables Trust 2019-4,0001785510,10-K,2021-03-31,edgar/data/1785510/0001193125-21-101204.txt
Merida Merger Corp. I,0001785592,10-K,2021-03-31,edgar/data/1785592/0001213900-21-019193.txt
Verizon Owner Trust 2019-C,0001785705,10-K,2021-03-30,edgar/data/1785705/0000929638-21-000533.txt
UBS Commercial Mortgage Trust 2019-C17,0001785812,10-K,2021-03-12,edgar/data/1785812/0001056404-21-002540.txt
Mercedes-Benz Auto Receivables Trust 2019-1,0001785844,10-K,2021-03-30,edgar/data/1785844/0000894189-21-001914.txt
Benchmark 2019-B13 Mortgage Trust,0001785881,10-K,2021-03-15,edgar/data/1785881/0001056404-21-002698.txt
CSAIL 2019-C17 Commercial Mortgage Trust,0001786008,10-K,2021-03-15,edgar/data/1786008/0001056404-21-002594.txt
Capital One Prime Auto Receivables Trust 2019-2,0001786041,10-K,2021-03-26,edgar/data/1786041/0001786041-21-000013.txt
Trinity Capital Inc.,0001786108,10-K,2021-03-04,edgar/data/1786108/0001558370-21-002383.txt
"Alpine Income Property Trust, Inc.",0001786117,10-K,2021-02-16,edgar/data/1786117/0001558370-21-001062.txt
"NexPoint Real Estate Finance, Inc.",0001786248,10-K,2021-02-25,edgar/data/1786248/0001564590-21-008920.txt
Reynolds Consumer Products Inc.,0001786431,10-K,2021-02-12,edgar/data/1786431/0001564590-21-005649.txt
Vontier Corp,0001786842,10-K,2021-02-25,edgar/data/1786842/0001786842-21-000013.txt
GS Mortgage Securities Trust 2019-GC42,0001787000,10-K,2021-03-12,edgar/data/1787000/0001056404-21-002562.txt
CF 2019-CF2 Mortgage Trust,0001787001,10-K,2021-03-25,edgar/data/1787001/0001564590-21-015230.txt
"Cincinnati Bancorp, Inc.",0001787005,10-K,2021-03-31,edgar/data/1787005/0001104659-21-044505.txt
"Passage BIO, Inc.",0001787297,10-K,2021-03-03,edgar/data/1787297/0001558370-21-002287.txt
GM Financial Consumer Automobile Receivables Trust 2019-4,0001787304,10-K,2021-03-23,edgar/data/1787304/0001213900-21-017159.txt
"Arcutis Biotherapeutics, Inc.",0001787306,10-K,2021-02-16,edgar/data/1787306/0001628280-21-002272.txt
"FFBW, Inc. /MD/",0001787384,10-K,2021-03-26,edgar/data/1787384/0001558370-21-003498.txt
"Nkarta, Inc.",0001787400,10-K,2021-03-25,edgar/data/1787400/0001564590-21-015517.txt
Bogota Financial Corp.,0001787414,10-K,2021-03-26,edgar/data/1787414/0001564590-21-015746.txt
World Omni Select Auto Trust 2019-A,0001787489,10-K,2021-03-26,edgar/data/1787489/0001104659-21-042366.txt
BANK 2019-BNK21,0001787490,10-K,2021-03-17,edgar/data/1787490/0001056404-21-002839.txt
"Juniper Industrial Holdings, Inc.",0001787791,10-K,2021-03-18,edgar/data/1787791/0001193125-21-085848.txt
CNH Equipment Trust 2019-C,0001787912,10-K,2021-03-26,edgar/data/1787912/0001104659-21-042015.txt
Amplitude Healthcare Acquisition Corp,0001788028,10-K,2021-03-30,edgar/data/1788028/0001213900-21-018735.txt
GreenVision Acquisition Corp.,0001788841,10-K,2021-03-16,edgar/data/1788841/0001213900-21-015494.txt
"Root, Inc.",0001788882,10-K,2021-03-04,edgar/data/1788882/0001788882-21-000011.txt
InterPrivate Acquisition Corp.,0001789029,10-K,2021-03-11,edgar/data/1789029/0001213900-21-014857.txt
Save Foods Inc.,0001789192,10-K,2021-03-29,edgar/data/1789192/0001493152-21-007020.txt
BANK 2019-BNK22,0001789307,10-K,2021-03-11,edgar/data/1789307/0001056404-21-002458.txt
Wells Fargo Commercial Mortgage Trust 2019-C53,0001789356,10-K,2021-03-11,edgar/data/1789356/0001056404-21-002442.txt
Hyundai Auto Receivables Trust 2019-B,0001789755,10-K,2021-03-16,edgar/data/1789755/0001104659-21-037028.txt
CIIG Merger Corp.,0001789760,10-K,2021-02-12,edgar/data/1789760/0001213900-21-008987.txt
Hess Midstream LP,0001789832,10-K,2021-02-23,edgar/data/1789832/0001564590-21-007205.txt
Toyota Auto Receivables 2019-D Owner Trust,0001789892,10-K,2021-03-24,edgar/data/1789892/0000929638-21-000493.txt
GS Mortgage Securities Trust 2019-GSA1,0001789954,10-K,2021-03-18,edgar/data/1789954/0001056404-21-002888.txt
"Cullinan Oncology, Inc.",0001789972,10-K,2021-03-30,edgar/data/1789972/0001564590-21-016312.txt
Benchmark 2019-B14 Mortgage Trust,0001790013,10-K,2021-03-12,edgar/data/1790013/0001056404-21-002493.txt
ACKRELL SPAC Partners I Co.,0001790121,10-K,2021-03-31,edgar/data/1790121/0001213900-21-019147.txt
BBCMS Mortgage Trust 2019-C5,0001790441,10-K,2021-03-16,edgar/data/1790441/0001056404-21-002785.txt
LIV Capital Acquisition Corp.,0001790625,10-K,2021-03-30,edgar/data/1790625/0001213900-21-018401.txt
Greenrose Acquisition Corp.,0001790665,10-K,2021-03-11,edgar/data/1790665/0001213900-21-014660.txt
Arconic Corp,0001790982,10-K,2021-02-23,edgar/data/1790982/0001790982-21-000007.txt
"SOC Telemed, Inc.",0001791091,10-K,2021-03-30,edgar/data/1791091/0001213900-21-018724.txt
CITIGROUP COMMERCIAL MORTGAGE TRUST 2019-GC43,0001791183,10-K,2021-03-31,edgar/data/1791183/0001564590-21-016903.txt
Wells Fargo Commercial Mortgage Trust 2019-C54,0001791239,10-K,2021-03-12,edgar/data/1791239/0001056404-21-002548.txt
Morgan Stanley Capital I Trust 2019-L3,0001791295,10-K,2021-03-31,edgar/data/1791295/0001056404-21-003633.txt
Freedom Internet Group Inc.,0001791325,10-K,2021-02-02,edgar/data/1791325/0001096906-21-000217.txt
Mercedes-Benz Auto Lease Trust 2019-B,0001791507,10-K,2021-03-30,edgar/data/1791507/0000894189-21-001893.txt
Viatris Inc,0001792044,10-K,2021-03-01,edgar/data/1792044/0001792044-21-000009.txt
COMM 2019-GC44 Mortgage Trust,0001792157,10-K,2021-03-11,edgar/data/1792157/0001056404-21-002486.txt
JPMDB Commercial Mortgage Securities Trust 2019-COR6,0001792158,10-K,2021-03-12,edgar/data/1792158/0001056404-21-002544.txt
BANK 2019-BNK23,0001792414,10-K,2021-03-31,edgar/data/1792414/0001056404-21-003631.txt
TriplePoint Private Venture Credit Inc.,0001792509,10-K,2021-03-12,edgar/data/1792509/0001792509-21-000006.txt
Ovintiv Inc.,0001792580,10-K,2021-02-18,edgar/data/1792580/0001564590-21-006570.txt
"Kiromic Biopharma, Inc.",0001792581,10-K,2021-03-31,edgar/data/1792581/0001558370-21-003774.txt
"DoorDash, Inc.",0001792789,10-K,2021-03-05,edgar/data/1792789/0001628280-21-004032.txt
"HighPeak Energy, Inc.",0001792849,10-K,2021-03-15,edgar/data/1792849/0001437749-21-006064.txt
CSAIL 2019-C18 Commercial Mortgage Trust,0001792905,10-K,2021-03-12,edgar/data/1792905/0001056404-21-002499.txt
Ford Credit Auto Owner Trust 2019-C,0001793014,10-K,2021-03-22,edgar/data/1793014/0001793014-21-000015.txt
BANK 2019-BNK24,0001793165,10-K,2021-03-17,edgar/data/1793165/0001056404-21-002860.txt
MultiPlan Corp,0001793229,10-K,2021-03-16,edgar/data/1793229/0001793229-21-000004.txt
"PPD, Inc.",0001793294,10-K,2021-02-26,edgar/data/1793294/0001793294-21-000009.txt
DONGFANG CITY HOLDING GROUP Co Ltd,0001793330,10-K,2021-01-28,edgar/data/1793330/0001213900-21-004855.txt
Harley-Davidson Motorcycle Trust 2020-A,0001793612,10-K,2021-03-25,edgar/data/1793612/0001628280-21-005584.txt
BENCHMARK 2019-B15 MORTGAGE TRUST,0001793651,10-K,2021-03-31,edgar/data/1793651/0001564590-21-016902.txt
"Rush Street Interactive, Inc.",0001793659,10-K,2021-03-25,edgar/data/1793659/0001104659-21-041536.txt
Ally Auto Receivables Trust 2019-4,0001793667,10-K,2021-03-26,edgar/data/1793667/0001793667-21-000024.txt
CF 2019-CF3 Mortgage Trust,0001793744,10-K,2021-03-16,edgar/data/1793744/0001056404-21-002742.txt
UBS Commercial Mortgage Trust 2019-C18,0001793856,10-K,2021-03-16,edgar/data/1793856/0001056404-21-002724.txt
CITIGROUP COMMERCIAL MORTGAGE TRUST 2019-C7,0001794303,10-K,2021-03-31,edgar/data/1794303/0001564590-21-016901.txt
ZoomInfo Technologies Inc.,0001794515,10-K,2021-02-26,edgar/data/1794515/0001794515-21-000061.txt
CITIC Capital Acquisition Corp.,0001794621,10-K,2021-03-31,edgar/data/1794621/0001193125-21-101909.txt
"Shift4 Payments, Inc.",0001794669,10-K,2021-03-08,edgar/data/1794669/0001564590-21-011368.txt
Palmer Square Capital BDC Inc.,0001794776,10-K,2021-03-12,edgar/data/1794776/0001213900-21-015173.txt
STARBOARD VALUE ACQUISITION CORP.,0001794905,10-K,2021-03-15,edgar/data/1794905/0001104659-21-036308.txt
Green Thumb Industries Inc.,0001795139,10-K,2021-03-18,edgar/data/1795139/0001193125-21-084882.txt
GM Financial Consumer Automobile Receivables Trust 2020-1,0001795772,10-K,2021-03-23,edgar/data/1795772/0001213900-21-017160.txt
Creations Inc,0001795938,10-K,2021-03-30,edgar/data/1795938/0001493152-21-007231.txt
"Vincerx Pharma, Inc.",0001796129,10-K,2021-03-22,edgar/data/1796129/0001193125-21-089563.txt
APi Group Corp,0001796209,10-K,2021-03-24,edgar/data/1796209/0001564590-21-014986.txt
"Oric Pharmaceuticals, Inc.",0001796280,10-K,2021-03-23,edgar/data/1796280/0001564590-21-014865.txt
Roth CH Acquisition I Co,0001796303,10-K,2021-03-09,edgar/data/1796303/0001104659-21-033698.txt
Verizon Owner Trust 2020-A,0001796705,10-K,2021-03-30,edgar/data/1796705/0000929638-21-000532.txt
World Omni Automobile Lease Securitization Trust 2020-A,0001796981,10-K,2021-03-26,edgar/data/1796981/0001104659-21-042279.txt
BANK 2020-BNK25,0001797056,10-K,2021-03-15,edgar/data/1797056/0001056404-21-002664.txt
Toyota Auto Receivables 2020-A Owner Trust,0001797057,10-K,2021-03-24,edgar/data/1797057/0000929638-21-000494.txt
Mercedes-Benz Auto Lease Trust 2020-A,0001797084,10-K,2021-03-30,edgar/data/1797084/0000894189-21-001895.txt
Benchmark 2020-B16 Mortgage Trust,0001797288,10-K,2021-03-15,edgar/data/1797288/0001056404-21-002682.txt
"Ayala Pharmaceuticals, Inc.",0001797336,10-K,2021-03-24,edgar/data/1797336/0001193125-21-092589.txt
BBCMS Mortgage Trust 2020-C6,0001797679,10-K,2021-03-16,edgar/data/1797679/0001056404-21-002707.txt
Kinnate Biopharma Inc.,0001797768,10-K,2021-03-29,edgar/data/1797768/0001140361-21-010528.txt
NETSTREIT Corp.,0001798100,10-K,2021-03-04,edgar/data/1798100/0001798100-21-000011.txt
Assure Holdings Corp.,0001798270,10-K,2021-03-30,edgar/data/1798270/0001558370-21-003716.txt
Drive Auto Receivables Trust 2020-1,0001798272,10-K,2021-03-31,edgar/data/1798272/0001193125-21-101181.txt
GS Mortgage Securities Trust 2020-GC45,0001798388,10-K,2021-03-19,edgar/data/1798388/0001056404-21-002941.txt
"Carriage House Event Center, Inc.",0001798458,10-K,2021-03-26,edgar/data/1798458/0001826466-21-000079.txt
Sustainable Opportunities Acquisition Corp.,0001798562,10-K,2021-03-30,edgar/data/1798562/0001213900-21-018753.txt
GM Financial Automobile Leasing Trust 2020-1,0001798682,10-K,2021-03-23,edgar/data/1798682/0001213900-21-017167.txt
DFP HEALTHCARE ACQUISITIONS CORP.,0001799191,10-K,2021-03-30,edgar/data/1799191/0001104659-21-044010.txt
"Dun & Bradstreet Holdings, Inc.",0001799208,10-K,2021-02-25,edgar/data/1799208/0001799208-21-000013.txt
GAN Ltd,0001799332,10-K,2021-03-31,edgar/data/1799332/0001493152-21-007491.txt
Wells Fargo Commercial Mortgage Trust 2020-C55,0001799385,10-K,2021-03-16,edgar/data/1799385/0001056404-21-002758.txt
"Aligos Therapeutics, Inc.",0001799448,10-K,2021-03-23,edgar/data/1799448/0001564590-21-014872.txt
Morgan Stanley Capital I Trust 2020-L4,0001799463,10-K,2021-03-31,edgar/data/1799463/0001056404-21-003643.txt
Ford Credit Auto Lease Trust 2020-A,0001799516,10-K,2021-03-24,edgar/data/1799516/0001799516-21-000017.txt
Capital One Prime Auto Receivables Trust 2020-1,0001799766,10-K,2021-03-26,edgar/data/1799766/0001799766-21-000012.txt
"Greenwich LifeSciences, Inc.",0001799788,10-K,2021-03-31,edgar/data/1799788/0001493152-21-007532.txt
Chardan Healthcare Acquisition 2 Corp.,0001799850,10-K,2021-03-04,edgar/data/1799850/0001213900-21-013489.txt
"iCap Vault 1, LLC",0001800199,10-K,2021-03-31,edgar/data/1800199/0001493152-21-007379.txt
IAC/InterActiveCorp,0001800227,10-K,2021-02-17,edgar/data/1800227/0001800227-21-000004.txt
CITIGROUP COMMERCIAL MORTGAGE TRUST 2020-GC46,0001800294,10-K,2021-03-31,edgar/data/1800294/0001564590-21-016900.txt
"Galecto, Inc.",0001800315,10-K,2021-03-29,edgar/data/1800315/0001564590-21-015916.txt
Venus Acquisition Corp,0001800392,10-K,2021-03-30,edgar/data/1800392/0001104659-21-043422.txt
World Omni Auto Receivables Trust 2020-A,0001800398,10-K,2021-03-26,edgar/data/1800398/0001104659-21-042355.txt
JFrog Ltd,0001800667,10-K,2021-02-12,edgar/data/1800667/0001193125-21-041470.txt
Jaws Acquisition Corp.,0001800682,10-K,2021-03-29,edgar/data/1800682/0001193125-21-097021.txt
ABBOTT LABORATORIES,0000001800,10-K,2021-02-19,edgar/data/1800/0001104659-21-025751.txt
American National Group Inc,0001801075,10-K,2021-03-04,edgar/data/1801075/0001801075-21-000005.txt
Opendoor Technologies Inc.,0001801169,10-K,2021-03-04,edgar/data/1801169/0001801169-21-000011.txt
"CLOVER HEALTH INVESTMENTS, CORP. /DE",0001801170,10-K,2021-03-31,edgar/data/1801170/0001193125-21-102551.txt
Benchmark 2020-IG1 Mortgage Trust,0001801338,10-K,2021-03-17,edgar/data/1801338/0001056404-21-002841.txt
MP Materials Corp. / DE,0001801368,10-K,2021-03-22,edgar/data/1801368/0001801368-21-000011.txt
AmeriCredit Automobile Receivables Trust 2020-1,0001801390,10-K,2021-03-23,edgar/data/1801390/0001213900-21-017183.txt
Skillz Inc.,0001801661,10-K,2021-03-12,edgar/data/1801661/0001628280-21-004659.txt
Carvana Auto Receivables Trust 2020-P1,0001801738,10-K,2021-03-31,edgar/data/1801738/0001193125-21-102461.txt
"Trean Insurance Group, Inc.",0001801754,10-K,2021-03-26,edgar/data/1801754/0001801754-21-000006.txt
Applied Molecular Transport Inc.,0001801777,10-K,2021-03-19,edgar/data/1801777/0001564590-21-014378.txt
Benchmark 2020-B17 Mortgage Trust,0001802215,10-K,2021-03-16,edgar/data/1802215/0001056404-21-002710.txt
Lionheart Acquisition Corp. II,0001802450,10-K,2021-03-31,edgar/data/1802450/0001104659-21-044829.txt
Artius Acquisition Inc.,0001802457,10-K,2021-03-05,edgar/data/1802457/0001193125-21-069950.txt
John Deere Owner Trust 2020,0001802617,10-K,2021-01-22,edgar/data/1802617/0001104659-21-006485.txt
"Harmony Biosciences Holdings, Inc.",0001802665,10-K,2021-03-25,edgar/data/1802665/0001564590-21-015274.txt
"GigCapital3, Inc.",0001802749,10-K,2021-03-31,edgar/data/1802749/0001564590-21-017109.txt
Royalty Pharma plc,0001802768,10-K,2021-02-24,edgar/data/1802768/0001802768-21-000006.txt
"Mission Produce, Inc.",0001802974,10-K,2021-01-19,edgar/data/1802974/0001802974-21-000016.txt
Daimler Trucks Retail Trust 2020-1,0001803020,10-K,2021-03-30,edgar/data/1803020/0000894189-21-001919.txt
BANK 2020-BNK26,0001803308,10-K,2021-03-31,edgar/data/1803308/0001056404-21-003629.txt
Blackstone Private Credit Fund,0001803498,10-K,2021-03-05,edgar/data/1803498/0001193125-21-069991.txt
Concentrix Corp,0001803599,10-K,2021-02-16,edgar/data/1803599/0001803599-21-000045.txt
Xperi Holding Corp,0001803696,10-K,2021-02-26,edgar/data/1803696/0001564590-21-009444.txt
CSAIL 2020-C19 Commercial Mortgage Trust,0001803702,10-K,2021-03-15,edgar/data/1803702/0001056404-21-002592.txt
Wells Fargo Commercial Mortgage Trust 2020-C56,0001803858,10-K,2021-03-16,edgar/data/1803858/0001056404-21-002778.txt
Hudson Executive Investment Corp.,0001803901,10-K,2021-03-29,edgar/data/1803901/0001193125-21-098338.txt
Ford Credit Auto Owner Trust 2020-A,0001803935,10-K,2021-03-22,edgar/data/1803935/0001803935-21-000015.txt
"BIO LAB NATURALS, INC.",0001803977,10-K,2021-03-01,edgar/data/1803977/0001065949-21-000040.txt
"Butterfly Network, Inc.",0001804176,10-K,2021-03-29,edgar/data/1804176/0001104659-21-043278.txt
VG Acquisition Corp.,0001804591,10-K,2021-03-24,edgar/data/1804591/0001193125-21-092793.txt
Driven Brands Holdings Inc.,0001804745,10-K,2021-03-24,edgar/data/1804745/0001628280-21-005489.txt
"Eos Energy Enterprises, Inc.",0001805077,10-K,2021-02-26,edgar/data/1805077/0001628280-21-003349.txt
CAPSTAR SPECIAL PURPOSE ACQUISITION CORP.,0001805087,10-K,2021-03-31,edgar/data/1805087/0001104659-21-044204.txt
"Rocket Companies, Inc.",0001805284,10-K,2021-03-24,edgar/data/1805284/0001805284-21-000010.txt
NewHold Investment Corp.,0001805385,10-K,2021-03-25,edgar/data/1805385/0001213900-21-017699.txt
"Cerevel Therapeutics Holdings, Inc.",0001805387,10-K,2021-03-24,edgar/data/1805387/0001564590-21-015106.txt
Property Solutions Acquisition Corp.,0001805521,10-K,2021-03-31,edgar/data/1805521/0001213900-21-019210.txt
Verizon Owner Trust 2020-B,0001805574,10-K,2021-03-30,edgar/data/1805574/0000929638-21-000534.txt
Toyota Auto Receivables 2020-B Owner Trust,0001805616,10-K,2021-03-24,edgar/data/1805616/0000929638-21-000495.txt
Ascendant Digital Acquisition Corp.,0001805651,10-K,2021-03-22,edgar/data/1805651/0001193125-21-089774.txt
Fusion Pharmaceuticals Inc.,0001805890,10-K,2021-03-25,edgar/data/1805890/0001564590-21-015271.txt
GM Financial Consumer Automobile Receivables Trust 2020-2,0001806151,10-K,2021-03-23,edgar/data/1806151/0001213900-21-017161.txt
CNH Equipment Trust 2020-A,0001806152,10-K,2021-03-26,edgar/data/1806152/0001104659-21-042017.txt
Open Lending Corp,0001806201,10-K,2021-03-16,edgar/data/1806201/0001806201-21-000012.txt
"Taysha Gene Therapies, Inc.",0001806310,10-K,2021-03-03,edgar/data/1806310/0001564590-21-010433.txt
"Vertex, Inc.",0001806837,10-K,2021-03-15,edgar/data/1806837/0001558370-21-003017.txt
"Rayonier, L.P.",0001806931,10-K,2021-02-22,edgar/data/1806931/0000052827-21-000035.txt
BANK 2020-BNK27,0001806944,10-K,2021-03-17,edgar/data/1806944/0001056404-21-002829.txt
GM Financial Automobile Leasing Trust 2020-2,0001807011,10-K,2021-03-23,edgar/data/1807011/0001213900-21-017168.txt
Owl Rock Capital Corp III,0001807427,10-K,2021-03-02,edgar/data/1807427/0001564590-21-009969.txt
Malacca Straits Acquisition Co Ltd,0001807594,10-K,2021-03-31,edgar/data/1807594/0001213900-21-019203.txt
Santander Drive Auto Receivables Trust 2020-1,0001807634,10-K,2021-03-31,edgar/data/1807634/0001193125-21-101202.txt
Novus Capital Corp,0001807707,10-K,2021-01-29,edgar/data/1807707/0001104659-21-009139.txt
PMV Consumer Acquisition Corp.,0001807765,10-K,2021-03-11,edgar/data/1807765/0001213900-21-014870.txt
Fusion Acquisition Corp.,0001807846,10-K,2021-03-25,edgar/data/1807846/0001213900-21-017775.txt
Laser Photonics Corp,0001807887,10-K,2021-03-26,edgar/data/1807887/0001654954-21-003360.txt
"STANDARD PREMIUM FINANCE HOLDINGS, INC.",0001807893,10-K,2021-03-31,edgar/data/1807893/0001553350-21-000254.txt
"Pandion Therapeutics, Inc.",0001807901,10-K,2021-03-12,edgar/data/1807901/0001564590-21-012895.txt
Repare Therapeutics Inc.,0001808158,10-K,2021-03-04,edgar/data/1808158/0001564590-21-011011.txt
"GoHealth, Inc.",0001808220,10-K,2021-03-16,edgar/data/1808220/0001808220-21-000010.txt
Hyundai Auto Receivables Trust 2020-A,0001808575,10-K,2021-03-16,edgar/data/1808575/0001104659-21-037033.txt
"Assertio Holdings, Inc.",0001808665,10-K,2021-03-12,edgar/data/1808665/0001808665-21-000019.txt
ARYA Sciences Acquisition Corp III,0001808805,10-K,2021-03-30,edgar/data/1808805/0001140361-21-010864.txt
"PROG Holdings, Inc.",0001808834,10-K,2021-02-26,edgar/data/1808834/0001808834-21-000012.txt
"iTeos Therapeutics, Inc.",0001808865,10-K,2021-03-24,edgar/data/1808865/0001564590-21-015146.txt
Foley Trasimene Acquisition Corp.,0001809104,10-K,2021-02-26,edgar/data/1809104/0001104659-21-028429.txt
Volkswagen Auto Loan Enhanced Trust 2020-1,0001809291,10-K,2021-03-30,edgar/data/1809291/0001193125-21-098974.txt
HPX Corp.,0001809353,10-K,2021-03-23,edgar/data/1809353/0001104659-21-040336.txt
"GoodRx Holdings, Inc.",0001809519,10-K,2021-03-12,edgar/data/1809519/0001564590-21-012614.txt
GS Acquisition Holdings Corp II,0001809987,10-K,2021-03-31,edgar/data/1809987/0001193125-21-102511.txt
"Rackspace Technology, Inc.",0001810019,10-K,2021-02-26,edgar/data/1810019/0001810019-21-000038.txt
GS Mortgage Securities Trust 2020-GC47,0001810050,10-K,2021-03-18,edgar/data/1810050/0001056404-21-002889.txt
1847 Goedeker Inc.,0001810140,10-K,2021-03-29,edgar/data/1810140/0001213900-21-018284.txt
ALX ONCOLOGY HOLDINGS INC,0001810182,10-K,2021-03-18,edgar/data/1810182/0001564590-21-014169.txt
"Eastern Bankshares, Inc.",0001810546,10-K,2021-03-29,edgar/data/1810546/0001628280-21-005933.txt
Petra Acquisition Inc.,0001810560,10-K,2021-03-31,edgar/data/1810560/0001213900-21-019097.txt
"Radius Global Infrastructure, Inc.",0001810739,10-K,2021-03-30,edgar/data/1810739/0001564590-21-016621.txt
Unity Software Inc.,0001810806,10-K,2021-03-05,edgar/data/1810806/0001810806-21-000052.txt
Nuvation Bio Inc.,0001811063,10-K,2021-03-11,edgar/data/1811063/0001193125-21-077880.txt
Texas Pacific Land Corp,0001811074,10-K,2021-02-25,edgar/data/1811074/0001811074-21-000013.txt
"Applied UV, Inc.",0001811109,10-K,2021-03-30,edgar/data/1811109/0001607062-21-000068.txt
Churchill Capital Corp IV,0001811210,10-K,2021-03-16,edgar/data/1811210/0001104659-21-036537.txt
QuantumScape Corp,0001811414,10-K,2021-02-23,edgar/data/1811414/0001564590-21-007621.txt
Therapeutics Acquisition Corp.,0001811764,10-K,2021-03-04,edgar/data/1811764/0001104659-21-032214.txt
"Pershing Square Tontine Holdings, Ltd.",0001811882,10-K,2021-03-31,edgar/data/1811882/0001193125-21-100895.txt
Barings Capital Investment Corp,0001811972,10-K,2021-03-23,edgar/data/1811972/0001811972-21-000010.txt
D8 Holdings Corp.,0001812173,10-K,2021-03-26,edgar/data/1812173/0001213900-21-017838.txt
Churchill Capital Corp V,0001812234,10-K,2021-03-31,edgar/data/1812234/0001104659-21-044134.txt
Delwinds Insurance Acquisition Corp.,0001812360,10-K,2021-03-31,edgar/data/1812360/0001213900-21-019205.txt
"Relay Therapeutics, Inc.",0001812364,10-K,2021-03-25,edgar/data/1812364/0001564590-21-015518.txt
World Omni Auto Receivables Trust 2020-B,0001812528,10-K,2021-03-26,edgar/data/1812528/0001104659-21-042360.txt
Owl Rock Core Income Corp.,0001812554,10-K,2021-03-16,edgar/data/1812554/0001564590-21-013275.txt
BBCMS Mortgage Trust 2020-C7,0001812604,10-K,2021-03-16,edgar/data/1812604/0001056404-21-002736.txt
CC Neuberger Principal Holdings II,0001812667,10-K,2021-03-31,edgar/data/1812667/0001104659-21-044844.txt
"Reliance Global Group, Inc.",0001812727,10-K,2021-03-24,edgar/data/1812727/0001493152-21-006675.txt
BMW Vehicle Owner Trust 2020-A,0001812807,10-K,2021-03-29,edgar/data/1812807/0000929638-21-000515.txt
Mercedes-Benz Auto Receivables Trust 2020-1,0001813420,10-K,2021-03-30,edgar/data/1813420/0000894189-21-001915.txt
Hestia Insight Inc.,0001813603,10-K,2021-03-15,edgar/data/1813603/0001829126-21-001487.txt
ACE Convergence Acquisition Corp.,0001813658,10-K,2021-03-17,edgar/data/1813658/0001104659-21-037245.txt
Drive Auto Receivables Trust 2020-2,0001813677,10-K,2021-03-31,edgar/data/1813677/0001193125-21-101175.txt
Ford Credit Auto Owner Trust 2020-B,0001813722,10-K,2021-03-22,edgar/data/1813722/0001813722-21-000015.txt
"World Scan Project, Inc.",0001813744,10-K,2021-02-10,edgar/data/1813744/0001599916-21-000017.txt
BowX Acquisition Corp.,0001813756,10-K,2021-03-24,edgar/data/1813756/0001193125-21-092791.txt
"Blockchain of Things, Inc.",0001813793,10-K,2021-03-31,edgar/data/1813793/0001663577-21-000157.txt
Deerfield Healthcare Technology Acquisitions Corp.,0001813914,10-K,2021-03-04,edgar/data/1813914/0001104659-21-031739.txt
Health Sciences Acquisitions Corp 2,0001814114,10-K,2021-03-10,edgar/data/1814114/0001213900-21-014633.txt
Toyota Auto Receivables 2020-C Owner Trust,0001814210,10-K,2021-03-24,edgar/data/1814210/0000929638-21-000496.txt
Tailwind Acquisition Corp.,0001814215,10-K,2021-03-31,edgar/data/1814215/0001104659-21-044824.txt
East Resources Acquisition Co,0001814287,10-K,2021-03-26,edgar/data/1814287/0001564590-21-015863.txt
Holicity Inc.,0001814329,10-K,2021-03-12,edgar/data/1814329/0001213900-21-015109.txt
JPMDB Commercial Mortgage Securities Trust 2020-COR7,0001814389,10-K,2021-03-12,edgar/data/1814389/0001056404-21-002534.txt
E.Merge Technology Acquisition Corp.,0001814728,10-K,2021-03-31,edgar/data/1814728/0001213900-21-019257.txt
Kismet Acquisition One Corp,0001814824,10-K,2021-03-31,edgar/data/1814824/0001213900-21-019114.txt
AmeriCredit Automobile Receivables Trust 2020-2,0001814917,10-K,2021-03-23,edgar/data/1814917/0001213900-21-017184.txt
"BBX Capital, Inc.",0001814974,10-K,2021-03-16,edgar/data/1814974/0001814974-21-000016.txt
Bridgetown Holdings Ltd,0001815086,10-K,2021-03-25,edgar/data/1815086/0001213900-21-017740.txt
RedBall Acquisition Corp.,0001815184,10-K,2021-03-30,edgar/data/1815184/0001193125-21-100595.txt
Yucaipa Acquisition Corp,0001815302,10-K,2021-03-30,edgar/data/1815302/0001193125-21-100545.txt
"Kymera Therapeutics, Inc.",0001815442,10-K,2021-03-11,edgar/data/1815442/0001564590-21-012240.txt
Northern Genesis Acquisition Corp.,0001815495,10-K,2021-03-09,edgar/data/1815495/0001213900-21-014122.txt
Burgundy Technology Acquisition Corp,0001815526,10-K,2021-03-23,edgar/data/1815526/0001104659-21-040021.txt
FAST Acquisition Corp.,0001815737,10-K,2021-03-26,edgar/data/1815737/0001213900-21-017980.txt
Broadstone Acquisition Corp.,0001815805,10-K,2021-03-31,edgar/data/1815805/0001104659-21-044579.txt
Fortress Value Acquisition Corp. II,0001815849,10-K,2021-03-09,edgar/data/1815849/0001815849-21-000004.txt
"Petros Pharmaceuticals, Inc.",0001815903,10-K,2021-03-31,edgar/data/1815903/0001104659-21-044794.txt
"NavSight Holdings, Inc.",0001816017,10-K,2021-03-29,edgar/data/1816017/0001564590-21-016118.txt
Software Acquisition Group Inc. II,0001816048,10-K,2021-03-16,edgar/data/1816048/0001213900-21-015701.txt
Santander Drive Auto Receivables Trust 2020-2,0001816049,10-K,2021-03-31,edgar/data/1816049/0001193125-21-101178.txt
FTAC Olympus Acquisition Corp.,0001816090,10-K,2021-03-19,edgar/data/1816090/0001213900-21-016634.txt
"dMY Technology Group, Inc. II",0001816101,10-K,2021-03-26,edgar/data/1816101/0001193125-21-096735.txt
Benchmark 2020-B18 Mortgage Trust,0001816147,10-K,2021-03-12,edgar/data/1816147/0001056404-21-002509.txt
GO Acquisition Corp.,0001816176,10-K,2021-03-31,edgar/data/1816176/0001213900-21-019109.txt
Falcon Capital Acquisition Corp.,0001816233,10-K,2021-03-30,edgar/data/1816233/0001213900-21-018695.txt
Executive Network Partnering Corp,0001816261,10-K,2021-03-31,edgar/data/1816261/0001193125-21-102522.txt
HighCape Capital Acquisition Corp.,0001816431,10-K,2021-03-30,edgar/data/1816431/0001104659-21-044037.txt
Hyundai Auto Receivables Trust 2020-B,0001816571,10-K,2021-03-16,edgar/data/1816571/0001104659-21-037035.txt
Colonnade Acquisition Corp.,0001816581,10-K,2021-03-09,edgar/data/1816581/0001193125-21-074025.txt
John Deere Owner Trust 2020-B,0001816589,10-K,2021-01-22,edgar/data/1816589/0001104659-21-006486.txt
one,0001816613,10-K,2021-03-29,edgar/data/1816613/0001104659-21-043395.txt
"Industrial Tech Acquisitions, Inc.",0001816696,10-K,2021-03-31,edgar/data/1816696/0001213900-21-019334.txt
Sandbridge Acquisition Corp,0001816708,10-K,2021-03-25,edgar/data/1816708/0001140361-21-010041.txt
"Gemini Therapeutics, Inc. /DE",0001816736,10-K,2021-03-29,edgar/data/1816736/0001213900-21-018272.txt
Ford Credit Auto Lease Trust 2020-B,0001816750,10-K,2021-03-24,edgar/data/1816750/0001816750-21-000017.txt
Gores Holdings V Inc.,0001816816,10-K,2021-02-26,edgar/data/1816816/0001564590-21-009507.txt
Morgan Stanley Capital I Trust 2020-HR8,0001816861,10-K,2021-03-31,edgar/data/1816861/0001056404-21-003628.txt
Horizon Acquisition Corp,0001817071,10-K,2021-03-31,edgar/data/1817071/0001104659-21-044857.txt
Vor Biopharma Inc.,0001817229,10-K,2021-03-25,edgar/data/1817229/0001564590-21-015474.txt
Dune Acquisition Corp,0001817232,10-K,2021-03-29,edgar/data/1817232/0001213900-21-018280.txt
A. M. Castle & Co.,0000018172,10-K,2021-03-04,edgar/data/18172/0001558370-21-002392.txt
Breeze Holdings Acquisition Corp.,0001817640,10-K,2021-03-31,edgar/data/1817640/0001193125-21-102545.txt
GM Financial Consumer Automobile Receivables Trust 2020-3,0001817669,10-K,2021-03-23,edgar/data/1817669/0001213900-21-017162.txt
Parasol Investments Corp,0001817760,10-K,2021-02-19,edgar/data/1817760/0001213900-21-010547.txt
Recharge Acquisition Corp.,0001817786,10-K,2021-03-25,edgar/data/1817786/0001104659-21-041561.txt
Steele Creek Capital Corp,0001817825,10-K,2021-03-30,edgar/data/1817825/0001213900-21-018665.txt
World Omni Auto Receivables Trust 2020-C,0001818066,10-K,2021-03-26,edgar/data/1818066/0001104659-21-042364.txt
Vesper Healthcare Acquisition Corp.,0001818093,10-K,2021-03-18,edgar/data/1818093/0001213900-21-016237.txt
Dragoneer Growth Opportunities Corp.,0001818201,10-K,2021-03-29,edgar/data/1818201/0001193125-21-098450.txt
Cohn Robbins Holdings Corp.,0001818212,10-K,2021-03-31,edgar/data/1818212/0001213900-21-019199.txt
Equity Distribution Acquisition Corp.,0001818221,10-K,2021-03-17,edgar/data/1818221/0001193125-21-083411.txt
DBJPM 2020-C9 Mortgage Trust,0001818254,10-K,2021-03-11,edgar/data/1818254/0001056404-21-002482.txt
"CM Life Sciences, Inc.",0001818331,10-K,2021-03-30,edgar/data/1818331/0001213900-21-018697.txt
"Ribbit LEAP, Ltd.",0001818346,10-K,2021-03-31,edgar/data/1818346/0001104659-21-044101.txt
Foley Trasimene Acquisition II,0001818355,10-K,2021-02-26,edgar/data/1818355/0001104659-21-028432.txt
Alpha Healthcare Acquisition Corp.,0001818382,10-K,2021-02-16,edgar/data/1818382/0001213900-21-009571.txt
"MediaAlpha, Inc.",0001818383,10-K,2021-03-15,edgar/data/1818383/0001564590-21-013026.txt
FG New America Acquisition Corp.,0001818502,10-K,2021-03-03,edgar/data/1818502/0001104659-21-030874.txt
CF Finance Acquisition Corp. III,0001818644,10-K,2021-03-15,edgar/data/1818644/0001213900-21-015416.txt
Wells Fargo Commercial Mortgage Trust 2020-C57,0001818654,10-K,2021-03-11,edgar/data/1818654/0001056404-21-002440.txt
"Dyne Therapeutics, Inc.",0001818794,10-K,2021-03-04,edgar/data/1818794/0001564590-21-010726.txt
"Virios Therapeutics, Inc.",0001818844,10-K,2021-03-23,edgar/data/1818844/0001558370-21-003366.txt
Social Capital Hedosophia Holdings Corp. VI,0001818873,10-K,2021-03-30,edgar/data/1818873/0001104659-21-043536.txt
Social Capital Hedosophia Holdings Corp. V,0001818874,10-K,2021-03-17,edgar/data/1818874/0001104659-21-037483.txt
"Metromile, Inc.",0001819035,10-K,2021-03-31,edgar/data/1819035/0001213900-21-019209.txt
BCTG Acquisition Corp.,0001819133,10-K,2021-03-31,edgar/data/1819133/0001213900-21-019249.txt
Ivanhoe Capital Acquisition Corp.,0001819142,10-K,2021-03-31,edgar/data/1819142/0001104659-21-044345.txt
North Mountain Merger Corp.,0001819157,10-K,2021-03-30,edgar/data/1819157/0001140361-21-010865.txt
Prime Impact Acquisition I,0001819175,10-K,2021-03-31,edgar/data/1819175/0001193125-21-102100.txt
Montes Archimedes Acquisition Corp,0001819263,10-K,2021-03-22,edgar/data/1819263/0001104659-21-039787.txt
TWC Tech Holdings II Corp.,0001819313,10-K,2021-03-24,edgar/data/1819313/0001213900-21-017503.txt
"Gores Holdings VI, Inc.",0001819394,10-K,2021-03-12,edgar/data/1819394/0001564590-21-012893.txt
TPG Pace Beneficial Finance Corp.,0001819399,10-K,2021-03-24,edgar/data/1819399/0001564590-21-014960.txt
TPG Pace Tech Opportunities Corp.,0001819404,10-K,2021-02-16,edgar/data/1819404/0001564590-21-006075.txt
ACON S2 Acquisition Corp.,0001819438,10-K,2021-03-31,edgar/data/1819438/0001564590-21-017079.txt
NextGen Acquisition Corp,0001819493,10-K,2021-03-31,edgar/data/1819493/0001213900-21-019298.txt
IG Acquisition Corp.,0001819496,10-K,2021-03-23,edgar/data/1819496/0001213900-21-017281.txt
Atlantic Avenue Acquisition Corp,0001819510,10-K,2021-03-25,edgar/data/1819510/0001140361-21-009940.txt
Aspirational Consumer Lifestyle Corp.,0001819516,10-K,2021-03-15,edgar/data/1819516/0001104659-21-036332.txt
Liquidia Corp,0001819576,10-K,2021-03-25,edgar/data/1819576/0001437749-21-007174.txt
Tortoise Acquisition Corp. II,0001819584,10-K,2021-03-19,edgar/data/1819584/0001213900-21-016631.txt
Avanti Acquisition Corp.,0001819608,10-K,2021-03-31,edgar/data/1819608/0001193125-21-102188.txt
Clever Leaves Holdings Inc.,0001819615,10-K,2021-03-30,edgar/data/1819615/0001819615-21-000025.txt
"Tarsus Pharmaceuticals, Inc.",0001819790,10-K,2021-03-31,edgar/data/1819790/0001819790-21-000010.txt
GCM Grosvenor Inc.,0001819796,10-K,2021-03-12,edgar/data/1819796/0001819796-21-000029.txt
Genesis Park Acquisition Corp.,0001819810,10-K,2021-03-29,edgar/data/1819810/0001193125-21-098429.txt
Reinvent Technology Partners,0001819848,10-K,2021-03-03,edgar/data/1819848/0001193125-21-066191.txt
Paya Holdings Inc.,0001819881,10-K,2021-03-08,edgar/data/1819881/0001819881-21-000008.txt
GOOD WORKS ACQUISITION CORP.,0001819989,10-K,2021-02-17,edgar/data/1819989/0001213900-21-009990.txt
Vector Acquisition Corp,0001819994,10-K,2021-03-31,edgar/data/1819994/0001193125-21-100852.txt
RMG Acquisition Corp. II,0001820143,10-K,2021-03-23,edgar/data/1820143/0001193125-21-091381.txt
Tiga Acquisition Corp.,0001820144,10-K,2021-03-30,edgar/data/1820144/0001140361-21-010832.txt
SCP & CO Healthcare Acquisition Co,0001820160,10-K,2021-03-31,edgar/data/1820160/0001193125-21-101423.txt
Vickers Vantage Corp. I,0001820190,10-K,2021-03-31,edgar/data/1820190/0001213900-21-019230.txt
AEA-Bridges Impact Corp.,0001820191,10-K,2021-03-31,edgar/data/1820191/0001193125-21-100910.txt
VPC Impact Acquisition Holdings,0001820302,10-K,2021-03-31,edgar/data/1820302/0001193125-21-100874.txt
Thayer Ventures Acquisition Corp,0001820566,10-K,2021-03-24,edgar/data/1820566/0001193125-21-092716.txt
ArcLight Clean Transition Corp.,0001820630,10-K,2021-03-31,edgar/data/1820630/0001213900-21-018879.txt
"Array Technologies, Inc.",0001820721,10-K,2021-03-10,edgar/data/1820721/0001820721-21-000009.txt
Sports Entertainment Acquisition Corp.,0001820852,10-K,2021-03-30,edgar/data/1820852/0001140361-21-010779.txt
Apollo Strategic Growth Capital,0001820872,10-K,2021-03-30,edgar/data/1820872/0001104659-21-044019.txt
"KINS Technology Group, Inc.",0001820875,10-K,2021-03-30,edgar/data/1820875/0001104659-21-044001.txt
Apartment Income REIT Corp.,0001820877,10-K,2021-03-15,edgar/data/1820877/0001564590-21-012964.txt
Aimco OP L.P.,0001820878,10-K,2021-03-12,edgar/data/1820878/0001564590-21-012671.txt
Oaktree Acquisition Corp. II,0001820931,10-K,2021-03-31,edgar/data/1820931/0001193125-21-101921.txt
ION Acquisition Corp 1 Ltd.,0001821018,10-K,2021-03-22,edgar/data/1821018/0001213900-21-016957.txt
PROPTECH INVESTMENT CORP. II,0001821075,10-K,2021-03-23,edgar/data/1821075/0001213900-21-017277.txt
Climate Change Crisis Real Impact I Acquisition Corp,0001821159,10-K,2021-03-29,edgar/data/1821159/0001140361-21-010411.txt
Guild Holdings Co,0001821160,10-K,2021-03-24,edgar/data/1821160/0001564590-21-014943.txt
Qell Acquisition Corp,0001821171,10-K,2021-03-31,edgar/data/1821171/0001104659-21-044667.txt
Motorsport Games Inc.,0001821175,10-K,2021-03-24,edgar/data/1821175/0001493152-21-006719.txt
Mercedes-Benz Auto Lease Trust 2020-B,0001821260,10-K,2021-03-30,edgar/data/1821260/0000894189-21-001897.txt
Santander Drive Auto Receivables Trust 2020-3,0001821292,10-K,2021-03-31,edgar/data/1821292/0001193125-21-101211.txt
PERIDOT ACQUISITION CORP.,0001821317,10-K,2021-03-26,edgar/data/1821317/0001193125-21-096766.txt
OTR Acquisition Corp.,0001821318,10-K,2021-03-03,edgar/data/1821318/0001104659-21-031495.txt
"Sigilon Therapeutics, Inc.",0001821323,10-K,2021-03-18,edgar/data/1821323/0001558370-21-003212.txt
"Aaron's Company, Inc.",0001821393,10-K,2021-02-23,edgar/data/1821393/0001821393-21-000009.txt
Helix Acquisition Corp,0001821586,10-K,2021-03-31,edgar/data/1821586/0001213900-21-019007.txt
10X Capital Venture Acquisition Corp,0001821595,10-K,2021-03-30,edgar/data/1821595/0001213900-21-018726.txt
Tastemaker Acquisition Corp.,0001821606,10-K,2021-03-29,edgar/data/1821606/0001193125-21-098455.txt
Sarissa Capital Acquisition Corp.,0001821682,10-K,2021-03-31,edgar/data/1821682/0001193125-21-102339.txt
World Omni Select Auto Trust 2020-A,0001821685,10-K,2021-03-26,edgar/data/1821685/0001104659-21-042369.txt
"DPCM Capital, Inc.",0001821742,10-K,2021-03-31,edgar/data/1821742/0001213900-21-019251.txt
Live Oak Acquisition Corp II,0001821769,10-K,2021-03-25,edgar/data/1821769/0001213900-21-017767.txt
Horizon Acquisition Corp II,0001821788,10-K,2021-03-31,edgar/data/1821788/0001104659-21-044639.txt
Spartan Acquisition Corp. II,0001821850,10-K,2021-03-11,edgar/data/1821850/0001213900-21-014758.txt
BENCHMARK 2020-B19 MORTGAGE TRUST,0001821946,10-K,2021-03-31,edgar/data/1821946/0001564590-21-016904.txt
Ventoux CCM Acquisition Corp.,0001822145,10-K,2021-03-30,edgar/data/1822145/0001213900-21-018748.txt
BANK 2020-BNK28,0001822166,10-K,2021-03-11,edgar/data/1822166/0001056404-21-002446.txt
FirstMark Horizon Acquisition Corp.,0001822219,10-K,2021-03-29,edgar/data/1822219/0001213900-21-018049.txt
ContextLogic Inc.,0001822250,10-K,2021-03-25,edgar/data/1822250/0001564590-21-015544.txt
Cascade Acquisition Corp,0001822309,10-K,2021-03-30,edgar/data/1822309/0001213900-21-018761.txt
Toyota Auto Receivables 2020-D Owner Trust,0001822315,10-K,2021-03-24,edgar/data/1822315/0000929638-21-000497.txt
Motion Acquisition Corp.,0001822359,10-K,2021-03-30,edgar/data/1822359/0001213900-21-018497.txt
GM Financial Automobile Leasing Trust 2020-3,0001822360,10-K,2021-03-23,edgar/data/1822360/0001213900-21-017169.txt
Altitude Acquisition Corp.,0001822366,10-K,2021-03-30,edgar/data/1822366/0001193125-21-100432.txt
Foghorn Therapeutics Inc.,0001822462,10-K,2021-03-18,edgar/data/1822462/0001193125-21-085777.txt
Sotera Health Co,0001822479,10-K,2021-03-09,edgar/data/1822479/0001822479-21-000018.txt
"Landcadia Holdings III, Inc.",0001822492,10-K,2021-03-12,edgar/data/1822492/0001104659-21-035584.txt
Spartacus Acquisition Corp,0001822553,10-K,2021-03-24,edgar/data/1822553/0001213900-21-017360.txt
Environmental Impact Acquisition Corp,0001822691,10-K,2021-03-26,edgar/data/1822691/0001213900-21-018042.txt
Clene Inc.,0001822791,10-K,2021-03-29,edgar/data/1822791/0001213900-21-018061.txt
Lefteris Acquisition Corp.,0001822873,10-K,2021-03-30,edgar/data/1822873/0001140361-21-010843.txt
Vy Global Growth,0001822877,10-K,2021-03-31,edgar/data/1822877/0001104659-21-044467.txt
Empower Ltd.,0001822928,10-K,2021-03-08,edgar/data/1822928/0001213900-21-013817.txt
Eucrates Biomedical Acquisition Corp.,0001822929,10-K,2021-03-31,edgar/data/1822929/0001104659-21-044723.txt
SPRING VALLEY ACQUISITION CORP.,0001822966,10-K,2021-03-31,edgar/data/1822966/0001104659-21-044607.txt
CONX Corp.,0001823000,10-K,2021-03-31,edgar/data/1823000/0001104659-21-044522.txt
Exeter Automobile Receivables Trust 2020-3,0001823046,10-K,2021-03-31,edgar/data/1823046/0000929638-21-000550.txt
Kingswood Acquisition Corp.,0001823086,10-K,2021-03-18,edgar/data/1823086/0001104659-21-038429.txt
GM Financial Consumer Automobile Receivables Trust 2020-4,0001823097,10-K,2021-03-23,edgar/data/1823097/0001213900-21-017163.txt
CATERPILLAR INC,0000018230,10-K,2021-02-17,edgar/data/18230/0000018230-21-000063.txt
MDH Acquisition Corp.,0001823143,10-K,2021-03-31,edgar/data/1823143/0001104659-21-044771.txt
Roman DBDR Tech Acquisition Corp.,0001823144,10-K,2021-03-29,edgar/data/1823144/0001104659-21-042920.txt
BCLS Acquisition Corp.,0001823200,10-K,2021-03-19,edgar/data/1823200/0001193125-21-087584.txt
"MARAVAI LIFESCIENCES HOLDINGS, INC.",0001823239,10-K,2021-03-22,edgar/data/1823239/0001823239-21-000006.txt
KL Acquisition Corp,0001823323,10-K,2021-03-31,edgar/data/1823323/0001104659-21-044734.txt
Altimeter Growth Corp.,0001823340,10-K,2021-03-26,edgar/data/1823340/0001140361-21-010304.txt
"Generations Bancorp NY, Inc.",0001823365,10-K,2021-03-29,edgar/data/1823365/0001558370-21-003627.txt
Globis Acquisition Corp.,0001823383,10-K,2021-03-31,edgar/data/1823383/0001493152-21-007352.txt
5:01 Acquisition Corp.,0001823465,10-K,2021-03-17,edgar/data/1823465/0001104659-21-037704.txt
Duddell Street Acquisition Corp.,0001823466,10-K,2021-03-31,edgar/data/1823466/0001213900-21-019294.txt
TURMERIC ACQUISITION CORP.,0001823524,10-K,2021-03-31,edgar/data/1823524/0001193125-21-101995.txt
L&F Acquisition Corp.,0001823575,10-K,2021-03-30,edgar/data/1823575/0001140361-21-010815.txt
Yellowstone Acquisition Co,0001823587,10-K,2021-03-12,edgar/data/1823587/0001437749-21-005959.txt
Amalgamated Financial Corp.,0001823608,10-K,2021-03-15,edgar/data/1823608/0001823608-21-000010.txt
Carney Technology Acquisition Corp. II,0001823634,10-K,2021-03-30,edgar/data/1823634/0001213900-21-018438.txt
Zanite Acquisition Corp.,0001823652,10-K,2021-03-31,edgar/data/1823652/0001193125-21-101862.txt
World Omni Automobile Lease Securitization Trust 2020-B,0001823672,10-K,2021-03-26,edgar/data/1823672/0001104659-21-042282.txt
Global Synergy Acquisition Corp.,0001823707,10-K,2021-03-30,edgar/data/1823707/0001213900-21-018720.txt
BBCMS Mortgage Trust 2020-C8,0001823722,10-K,2021-03-16,edgar/data/1823722/0001056404-21-002716.txt
Rice Acquisition Corp.,0001823766,10-K,2021-03-30,edgar/data/1823766/0001213900-21-018704.txt
Lux Health Tech Acquisition Corp.,0001823767,10-K,2021-03-19,edgar/data/1823767/0001564590-21-014360.txt
H.I.G. Acquisition Corp.,0001823776,10-K,2021-03-30,edgar/data/1823776/0001193125-21-100318.txt
ARKO Corp.,0001823794,10-K,2021-03-25,edgar/data/1823794/0001564590-21-015259.txt
Aequi Acquisition Corp.,0001823826,10-K,2021-03-29,edgar/data/1823826/0001213900-21-018071.txt
Senior Connect Acquisition Corp. I,0001823854,10-K,2021-03-31,edgar/data/1823854/0001213900-21-019320.txt
MARLIN TECHNOLOGY CORP.,0001823855,10-K,2021-03-31,edgar/data/1823855/0001193125-21-102225.txt
Acies Acquisition Corp.,0001823878,10-K,2021-03-26,edgar/data/1823878/0001104659-21-041693.txt
New Beginnings Acquisition Corp.,0001823882,10-K,2021-03-31,edgar/data/1823882/0001829126-21-002055.txt
VectoIQ Acquisition Corp. II,0001823884,10-K,2021-03-29,edgar/data/1823884/0001104659-21-043356.txt
Golden Falcon Acquisition Corp.,0001823896,10-K,2021-03-31,edgar/data/1823896/0001193125-21-102039.txt
ALTIMAR ACQUISITION CORP.,0001823945,10-K,2021-02-24,edgar/data/1823945/0001193125-21-054904.txt
Health Assurance Acquisition Corp.,0001824013,10-K,2021-03-04,edgar/data/1824013/0001104659-21-032185.txt
Jiya Acquisition Corp.,0001824119,10-K,2021-03-31,edgar/data/1824119/0000950103-21-004989.txt
Leo Holdings Corp. II,0001824153,10-K,2021-03-31,edgar/data/1824153/0001193125-21-102297.txt
Kairos Acquisition Corp.,0001824171,10-K,2021-03-31,edgar/data/1824171/0001104659-21-044213.txt
"Vallon Pharmaceuticals, Inc.",0001824293,10-K,2021-03-29,edgar/data/1824293/0001104659-21-042819.txt
Concord Acquisition Corp,0001824301,10-K,2021-03-31,edgar/data/1824301/0001213900-21-018863.txt
Roth CH Acquisition II Co,0001824403,10-K,2021-03-29,edgar/data/1824403/0001104659-21-043186.txt
Fortress Value Acquisition Corp. III,0001824434,10-K,2021-03-26,edgar/data/1824434/0001824434-21-000003.txt
Benchmark 2020-B20 Mortgage Trust,0001824482,10-K,2021-03-12,edgar/data/1824482/0001056404-21-002550.txt
Atlas Crest Investment Corp.,0001824502,10-K,2021-03-08,edgar/data/1824502/0001104659-21-033378.txt
Cerberus Telecom Acquisition Corp.,0001824577,10-K,2021-03-30,edgar/data/1824577/0001193125-21-100592.txt
Revolution Acceleration Acquisition Corp,0001824734,10-K,2021-03-17,edgar/data/1824734/0001213900-21-016095.txt
Healthcare Services Acquisition Corp,0001824846,10-K,2021-03-29,edgar/data/1824846/0001140361-21-010594.txt
Natural Order Acquisition Corp.,0001824888,10-K,2021-03-31,edgar/data/1824888/0001213900-21-018800.txt
Consonance-HFW Acquisition Corp.,0001824893,10-K,2021-03-31,edgar/data/1824893/0001104659-21-044518.txt
"dMY Technology Group, Inc. III",0001824920,10-K,2021-03-25,edgar/data/1824920/0001193125-21-094052.txt
Ajax I,0001824963,10-K,2021-03-25,edgar/data/1824963/0001213900-21-017765.txt
Periphas Capital Partnering Corp,0001824993,10-K,2021-03-30,edgar/data/1824993/0001193125-21-100445.txt
"Supernova Partners Acquisition Company, Inc.",0001825024,10-K,2021-03-31,edgar/data/1825024/0001564590-21-017116.txt
Investindustrial Acquisition Corp.,0001825042,10-K,2021-03-31,edgar/data/1825042/0001193125-21-102162.txt
JAWS Spitfire Acquisition Corp,0001825079,10-K,2021-03-30,edgar/data/1825079/0001104659-21-044031.txt
"Dream Finders Homes, Inc.",0001825088,10-K,2021-03-30,edgar/data/1825088/0001140361-21-010794.txt
Franklin BSP Capital Corp,0001825248,10-K,2021-03-29,edgar/data/1825248/0001825248-21-000004.txt
CF ACQUISITION CORP. IV,0001825249,10-K,2021-03-31,edgar/data/1825249/0001213900-21-018915.txt
AMERICAS TECHNOLOGY ACQUISITION CORP.,0001825254,10-K,2021-03-31,edgar/data/1825254/0001104659-21-044881.txt
Stone Point Credit Corp,0001825384,10-K,2021-03-30,edgar/data/1825384/0001193125-21-098705.txt
Biotech Acquisition Co,0001825413,10-K,2021-03-23,edgar/data/1825413/0001213900-21-017267.txt
Prospector Capital Corp.,0001825473,10-K,2021-03-31,edgar/data/1825473/0001213900-21-018837.txt
"Poshmark, Inc.",0001825480,10-K,2021-03-23,edgar/data/1825480/0001564590-21-014879.txt
Crucible Acquisition Corp,0001825497,10-K,2021-03-29,edgar/data/1825497/0001193125-21-098280.txt
SL Investment Corp.,0001825590,10-K,2021-03-22,edgar/data/1825590/0001825590-21-000011.txt
CATO CORP,0000018255,10-K,2021-03-29,edgar/data/18255/0000018255-21-000004.txt
Empowerment & Inclusion Capital I Corp.,0001825720,10-K,2021-03-29,edgar/data/1825720/0001104659-21-043166.txt
"Population Health Investment Co., Inc.",0001825724,10-K,2021-03-31,edgar/data/1825724/0001193125-21-102107.txt
TS Innovation Acquisitions Corp.,0001826000,10-K,2021-03-16,edgar/data/1826000/0001193125-21-083025.txt
7GC & Co. Holdings Inc.,0001826011,10-K,2021-03-26,edgar/data/1826011/0001213900-21-018002.txt
Nebula Caravel Acquisition Corp.,0001826018,10-K,2021-02-18,edgar/data/1826018/0001213900-21-010315.txt
"Mason Industrial Technology, Inc.",0001826058,10-K,2021-03-17,edgar/data/1826058/0001193125-21-083203.txt
Poema Global Holdings Corp.,0001826333,10-K,2021-03-30,edgar/data/1826333/0001104659-21-043652.txt
Hyundai Auto Receivables Trust 2020-C,0001826501,10-K,2021-03-16,edgar/data/1826501/0001104659-21-037038.txt
Silver Crest Acquisition Corp,0001826553,10-K,2021-03-29,edgar/data/1826553/0001104659-21-043201.txt
Sports Ventures Acquisition Corp.,0001826574,10-K,2021-03-30,edgar/data/1826574/0001213900-21-018768.txt
"Montauk Renewables, Inc.",0001826600,10-K,2021-03-31,edgar/data/1826600/0001193125-21-102560.txt
Verizon Owner Trust 2020-C,0001826657,10-K,2021-03-30,edgar/data/1826657/0000929638-21-000530.txt
Wetouch Technology Inc.,0001826660,10-K,2021-03-24,edgar/data/1826660/0001493152-21-006657.txt
MedTech Acquisition Corp,0001826667,10-K,2021-03-31,edgar/data/1826667/0001104659-21-044719.txt
KLUDEIN I ACQUISITION CORP,0001826671,10-K,2021-03-26,edgar/data/1826671/0001213900-21-017854.txt
Rotor Acquisition Corp.,0001826681,10-K,2021-03-31,edgar/data/1826681/0001213900-21-019236.txt
EQ Health Acquisition Corp.,0001826729,10-K,2021-03-31,edgar/data/1826729/0001104659-21-044231.txt
"Hamilton Lane Alliance Holdings I, Inc.",0001826814,10-K,2021-03-17,edgar/data/1826814/0001104659-21-037774.txt
Forest Road Acquisition Corp.,0001826889,10-K,2021-03-26,edgar/data/1826889/0001213900-21-017856.txt
"BioAtla, Inc.",0001826892,10-K,2021-03-24,edgar/data/1826892/0001193125-21-092812.txt
Trepont Acquisition Corp I,0001826991,10-K,2021-03-31,edgar/data/1826991/0001193125-21-100873.txt
Wells Fargo Commercial Mortgage Trust 2020-C58,0001827054,10-K,2021-03-19,edgar/data/1827054/0001056404-21-002953.txt
Dragoneer Growth Opportunities Corp. II,0001827075,10-K,2021-03-31,edgar/data/1827075/0001193125-21-102380.txt
"Certara, Inc.",0001827090,10-K,2021-03-15,edgar/data/1827090/0001558370-21-002979.txt
Benchmark 2020-B21 Mortgage Trust,0001827183,10-K,2021-03-19,edgar/data/1827183/0001056404-21-003022.txt
Epiphany Technology Acquisition Corp.,0001827248,10-K,2021-03-26,edgar/data/1827248/0001213900-21-018029.txt
Bright Lights Acquisition Corp.,0001827328,10-K,2021-03-31,edgar/data/1827328/0001213900-21-019202.txt
Authentic Equity Acquisition Corp.,0001827392,10-K,2021-03-31,edgar/data/1827392/0001213900-21-018829.txt
Omnichannel Acquisition Corp.,0001827669,10-K,2021-03-31,edgar/data/1827669/0001213900-21-019117.txt
Motive Capital Corp,0001827821,10-K,2021-03-23,edgar/data/1827821/0001104659-21-040328.txt
Playtika Holding Corp.,0001828016,10-K,2021-02-26,edgar/data/1828016/0001828016-21-000014.txt
Reinvent Technology Partners Z,0001828105,10-K,2021-03-08,edgar/data/1828105/0001193125-21-072153.txt
"Signify Health, Inc.",0001828182,10-K,2021-03-25,edgar/data/1828182/0001828182-21-000006.txt
Rodgers Silicon Valley Acquisition Corp,0001828318,10-K,2021-03-08,edgar/data/1828318/0001104659-21-032912.txt
Monument Circle Acquisition Corp.,0001828325,10-K,2021-03-31,edgar/data/1828325/0001104659-21-044836.txt
Frazier Lifesciences Acquisition Corp,0001828326,10-K,2021-03-26,edgar/data/1828326/0001193125-21-096599.txt
Fortitude Gold Corp,0001828377,10-K,2021-03-24,edgar/data/1828377/0001558370-21-003420.txt
Z-Work Acquisition Corp.,0001828438,10-K,2021-03-30,edgar/data/1828438/0001213900-21-018725.txt
Ortho Clinical Diagnostics Holdings plc,0001828443,10-K,2021-03-19,edgar/data/1828443/0001564590-21-014224.txt
SVF Investment Corp.,0001828478,10-K,2021-03-29,edgar/data/1828478/0001193125-21-098356.txt
Locust Walk Acquisition Corp.,0001828522,10-K,2021-03-29,edgar/data/1828522/0001193125-21-098299.txt
Novus Capital Corp II,0001828536,10-K,2021-03-26,edgar/data/1828536/0001104659-21-042309.txt
Seven Oaks Acquisition Corp.,0001828672,10-K,2021-03-31,edgar/data/1828672/0001104659-21-044469.txt
"CBRE Acquisition Holdings, Inc.",0001828723,10-K,2021-03-31,edgar/data/1828723/0001193125-21-102274.txt
Benessere Capital Acquisition Corp.,0001828735,10-K,2021-03-31,edgar/data/1828735/0001104659-21-044911.txt
Viant Technology Inc.,0001828791,10-K,2021-03-23,edgar/data/1828791/0001564590-21-014855.txt
"Parc Investments, Inc.",0001828805,10-K,2021-03-31,edgar/data/1828805/0001213900-21-019093.txt
Highland Transcend Partners I Corp.,0001828817,10-K,2021-03-30,edgar/data/1828817/0000950103-21-004795.txt
Athlon Acquisition Corp.,0001828914,10-K,2021-03-16,edgar/data/1828914/0001193125-21-082982.txt
"890 5th Avenue Partners, Inc.",0001828972,10-K,2021-03-31,edgar/data/1828972/0001104659-21-044726.txt
ScION Tech Growth I,0001828985,10-K,2021-03-31,edgar/data/1828985/0001213900-21-019104.txt
AmeriCredit Automobile Receivables Trust 2020-3,0001829012,10-K,2021-03-23,edgar/data/1829012/0001213900-21-017186.txt
HumanCo Acquisition Corp.,0001829042,10-K,2021-03-31,edgar/data/1829042/0001140361-21-010884.txt
Forian Inc.,0001829280,10-K,2021-03-31,edgar/data/1829280/0001140361-21-011044.txt
Fintech Acquisition Corp V,0001829328,10-K,2021-03-30,edgar/data/1829328/0001213900-21-018424.txt
Powered Brands,0001829427,10-K,2021-03-30,edgar/data/1829427/0001104659-21-043939.txt
"Carter Bankshares, Inc.",0001829576,10-K,2021-03-12,edgar/data/1829576/0001104659-21-035311.txt
Switchback II Corp,0001829730,10-K,2021-03-31,edgar/data/1829730/0001564590-21-017104.txt
Pioneer Merger Corp.,0001829797,10-K,2021-03-31,edgar/data/1829797/0001104659-21-044172.txt
"Sensei Biotherapeutics, Inc.",0001829802,10-K,2021-03-30,edgar/data/1829802/0001564590-21-016297.txt
INSU ACQUISITION CORP III,0001829889,10-K,2021-03-30,edgar/data/1829889/0001213900-21-018683.txt
Corner Growth Acquisition Corp.,0001829953,10-K,2021-03-31,edgar/data/1829953/0001193125-21-100891.txt
FoxWayne Enterprises Acquisition Corp.,0001829999,10-K,2021-03-29,edgar/data/1829999/0001493152-21-007072.txt
Bumble Inc.,0001830043,10-K,2021-03-15,edgar/data/1830043/0001564590-21-013176.txt
North Atlantic Acquisition Corp,0001830063,10-K,2021-03-31,edgar/data/1830063/0001104659-21-044738.txt
Marquee Raine Acquisition Corp.,0001830180,10-K,2021-03-26,edgar/data/1830180/0001193125-21-094950.txt
DiamondHead Holdings Corp.,0001830188,10-K,2021-03-31,edgar/data/1830188/0001104659-21-044205.txt
Home Point Capital Inc.,0001830197,10-K,2021-03-12,edgar/data/1830197/0001830197-21-000005.txt
Star Peak Corp II,0001830210,10-K,2021-03-31,edgar/data/1830210/0001104659-21-044212.txt
Altimeter Growth Corp. 2,0001830232,10-K,2021-03-26,edgar/data/1830232/0001140361-21-010312.txt
BANK 2020-BNK29,0001830315,10-K,2021-03-31,edgar/data/1830315/0001056404-21-003639.txt
Ford Credit Auto Owner Trust 2020-C,0001830316,10-K,2021-03-22,edgar/data/1830316/0001830316-21-000015.txt
Pontem Corp,0001830392,10-K,2021-03-31,edgar/data/1830392/0001213900-21-018907.txt
Volkswagen Auto Lease Trust 2020-A,0001830486,10-K,2021-03-30,edgar/data/1830486/0001193125-21-098969.txt
Quantum FinTech Acquisition Corp,0001830795,10-K,2021-03-31,edgar/data/1830795/0001213900-21-019157.txt
Santander Drive Auto Receivables Trust 2020-4,0001830976,10-K,2021-03-31,edgar/data/1830976/0001193125-21-101214.txt
Bridgetown 2 Holdings Ltd,0001831236,10-K,2021-03-25,edgar/data/1831236/0001213900-21-017744.txt
"Terns Pharmaceuticals, Inc.",0001831363,10-K,2021-03-30,edgar/data/1831363/0001564590-21-016734.txt
"loanDepot, Inc.",0001831631,10-K,2021-03-16,edgar/data/1831631/0001831631-21-000007.txt
"Shoals Technologies Group, Inc.",0001831651,10-K,2021-03-16,edgar/data/1831651/0001831651-21-000003.txt
LMF Acquisition Opportunities Inc,0001831868,10-K,2021-03-31,edgar/data/1831868/0001564590-21-016982.txt
Global Partner Acquisition Corp II,0001831979,10-K,2021-03-11,edgar/data/1831979/0001213900-21-014664.txt
Omega Alpha SPAC,0001832010,10-K,2021-03-25,edgar/data/1832010/0001104659-21-041540.txt
Group Nine Acquisition Corp.,0001832250,10-K,2021-03-31,edgar/data/1832250/0001104659-21-044894.txt
Mountain Crest Acquisition Corp II,0001832415,10-K,2021-03-31,edgar/data/1832415/0001213900-21-018838.txt
Thoma Bravo Advantage,0001832459,10-K,2021-03-26,edgar/data/1832459/0001193125-21-096609.txt
Edify Acquisition Corp.,0001832765,10-K,2021-03-30,edgar/data/1832765/0001104659-21-043525.txt
BANK 2020-BNK30,0001832874,10-K,2021-03-18,edgar/data/1832874/0001056404-21-002922.txt
GS Mortgage Securities Trust 2020-GSA2,0001833522,10-K,2021-03-18,edgar/data/1833522/0001056404-21-002893.txt
Benchmark 2020-B22 Mortgage Trust,0001833563,10-K,2021-03-18,edgar/data/1833563/0001056404-21-002870.txt
HealthCor Catalio Acquisition Corp.,0001833769,10-K,2021-03-29,edgar/data/1833769/0001104659-21-042599.txt
Oyster Enterprises Acquisition Corp.,0001834226,10-K,2021-03-31,edgar/data/1834226/0001104659-21-044060.txt
Evo Acquisition Corp,0001834342,10-K,2021-03-31,edgar/data/1834342/0001213900-21-019204.txt
Northern Star Investment Corp. II,0001834518,10-K,2021-03-31,edgar/data/1834518/0001193125-21-102231.txt
BlackRock Direct Lending Corp.,0001834543,10-K,2021-03-08,edgar/data/1834543/0001140361-21-007675.txt
SYNOVUS FINANCIAL CORP,0000018349,10-K,2021-03-01,edgar/data/18349/0000018349-21-000014.txt
Music Acquisition Corp,0001835236,10-K,2021-03-29,edgar/data/1835236/0001213900-21-018278.txt
ION Acquisition Corp 2 Ltd.,0001835378,10-K,2021-03-29,edgar/data/1835378/0001213900-21-018381.txt
Moringa Acquisition Corp,0001835416,10-K,2021-03-31,edgar/data/1835416/0001213900-21-019335.txt
Decarbonization Plus Acquisition Corp II,0001836154,10-K,2021-03-31,edgar/data/1836154/0001564590-21-016839.txt
Queen's Gambit Growth Capital,0001836190,10-K,2021-03-29,edgar/data/1836190/0001564590-21-016176.txt
SportsTek Acquisition Corp.,0001836259,10-K,2021-03-30,edgar/data/1836259/0001140361-21-010877.txt
Lazard Growth Acquisition Corp. I,0001836337,10-K,2021-03-31,edgar/data/1836337/0001564590-21-017076.txt
Medicus Sciences Acquisition Corp.,0001836517,10-K,2021-03-31,edgar/data/1836517/0001104659-21-044651.txt
Centricus Acquisition Corp.,0001836935,10-K,2021-03-31,edgar/data/1836935/0001104659-21-044475.txt
ALKURI GLOBAL ACQUISITION CORP.,0001836967,10-K,2021-03-30,edgar/data/1836967/0001104659-21-043433.txt
"GigCapital4, Inc.",0001836981,10-K,2021-03-31,edgar/data/1836981/0001564590-21-017090.txt
Priveterra Acquisition Corp.,0001837607,10-K,2021-03-31,edgar/data/1837607/0001104659-21-044781.txt
Spartan Acquisition Corp. III,0001838527,10-K,2021-03-30,edgar/data/1838527/0001564590-21-016189.txt
Atlas Crest Investment Corp. II,0001838614,10-K,2021-03-29,edgar/data/1838614/0001104659-21-042680.txt
GENESCO INC,0000018498,10-K,2021-03-31,edgar/data/18498/0001564590-21-016951.txt
Ameren Illinois Co,0000018654,10-K,2021-02-22,edgar/data/18654/0001002910-21-000065.txt
CLECO POWER LLC,0000018672,10-K,2021-03-03,edgar/data/18672/0001089819-21-000003.txt
"Lumen Technologies, Inc.",0000018926,10-K,2021-02-25,edgar/data/18926/0000018926-21-000017.txt
MAGELLAN HEALTH INC,0000019411,10-K,2021-02-26,edgar/data/19411/0001558370-21-002031.txt
CHEMED CORP,0000019584,10-K,2021-02-26,edgar/data/19584/0000019584-21-000003.txt
TCF FINANCIAL CORP,0000019612,10-K,2021-02-26,edgar/data/19612/0000019612-21-000031.txt
JPMORGAN CHASE & CO,0000019617,10-K,2021-02-23,edgar/data/19617/0000019617-21-000236.txt
WORLDS INC,0000001961,10-K,2021-03-16,edgar/data/1961/0001264931-21-000033.txt
CHESAPEAKE UTILITIES CORP,0000019745,10-K,2021-02-24,edgar/data/19745/0001628280-21-003104.txt
CHICAGO RIVET & MACHINE CO,0000019871,10-K,2021-03-19,edgar/data/19871/0001193125-21-087465.txt
JOHNSON & JOHNSON,0000200406,10-K,2021-02-22,edgar/data/200406/0000200406-21-000008.txt
CONSUMERS ENERGY CO,0000201533,10-K,2021-02-11,edgar/data/201533/0000811156-21-000016.txt
"L3HARRIS TECHNOLOGIES, INC. /DE/",0000202058,10-K,2021-03-01,edgar/data/202058/0000202058-21-000008.txt
Churchill Downs Inc,0000020212,10-K,2021-02-24,edgar/data/20212/0000020212-21-000019.txt
"SYSTEM ENERGY RESOURCES, INC",0000202584,10-K,2021-02-26,edgar/data/202584/0000065984-21-000096.txt
CINCINNATI FINANCIAL CORP,0000020286,10-K,2021-02-25,edgar/data/20286/0000020286-21-000013.txt
"Duke Energy Ohio, Inc.",0000020290,10-K,2021-02-25,edgar/data/20290/0001326160-21-000063.txt
CAPITAL PROPERTIES INC /RI/,0000202947,10-K,2021-03-19,edgar/data/202947/0001564590-21-014374.txt
WESBANCO INC,0000203596,10-K,2021-02-26,edgar/data/203596/0001564590-21-009469.txt
FRONTIER COMMUNICATIONS CORP,0000020520,10-K,2021-03-03,edgar/data/20520/0001562762-21-000097.txt
GRAYBAR ELECTRIC CO INC,0000205402,10-K,2021-03-10,edgar/data/205402/0000205402-21-000006.txt
GRAYBAR ELECTRIC CO INC,0000205402,10-K,2021-03-19,edgar/data/205402/0000205402-21-000009.txt
AMBASE CORP,0000020639,10-K,2021-03-24,edgar/data/20639/0001140361-21-009786.txt
CLEVELAND ELECTRIC ILLUMINATING CO,0000020947,10-K,2021-03-31,edgar/data/20947/0001578443-21-000005.txt
ACME UNITED CORP,0000002098,10-K,2021-03-31,edgar/data/2098/0001564590-21-017128.txt
CNA FINANCIAL CORP,0000021175,10-K,2021-02-09,edgar/data/21175/0000021175-21-000022.txt
COCA COLA CO,0000021344,10-K,2021-02-25,edgar/data/21344/0000021344-21-000008.txt
COHU INC,0000021535,10-K,2021-02-26,edgar/data/21535/0001437749-21-004277.txt
"Coeur Mining, Inc.",0000215466,10-K,2021-02-17,edgar/data/215466/0000215466-21-000025.txt
HAVERTY FURNITURE COMPANIES INC,0000216085,10-K,2021-03-09,edgar/data/216085/0001140361-21-007795.txt
ITT Inc.,0000216228,10-K,2021-02-19,edgar/data/216228/0000216228-21-000005.txt
COLGATE PALMOLIVE CO,0000021665,10-K,2021-02-18,edgar/data/21665/0000021665-21-000007.txt
TEXTRON INC,0000217346,10-K,2021-02-19,edgar/data/217346/0000217346-21-000019.txt
"ADAMS RESOURCES & ENERGY, INC.",0000002178,10-K,2021-03-05,edgar/data/2178/0000002178-21-000034.txt
BK Technologies Corp,0000002186,10-K,2021-03-03,edgar/data/2186/0001654954-21-002287.txt
COMMERCE BANCSHARES INC /MO/,0000022356,10-K,2021-02-24,edgar/data/22356/0000022356-21-000015.txt
"PASSUR Aerospace, Inc.",0000225628,10-K,2021-01-29,edgar/data/225628/0001096906-21-000191.txt
COVANTA HOLDING CORP,0000225648,10-K,2021-02-19,edgar/data/225648/0000225648-21-000008.txt
COMMONWEALTH EDISON Co,0000022606,10-K,2021-02-24,edgar/data/22606/0001109357-21-000022.txt
COMMUNICATIONS SYSTEMS INC,0000022701,10-K,2021-03-31,edgar/data/22701/0000897101-21-000260.txt
TEXAS NEW MEXICO POWER CO,0000022767,10-K,2021-03-01,edgar/data/22767/0001108426-21-000010.txt
SELECTIVE INSURANCE GROUP INC,0000230557,10-K,2021-02-12,edgar/data/230557/0000230557-21-000009.txt
COMPUTER TASK GROUP INC,0000023111,10-K,2021-03-12,edgar/data/23111/0001564590-21-012830.txt
COMSTOCK RESOURCES INC,0000023194,10-K,2021-02-17,edgar/data/23194/0000023194-21-000015.txt
CONNECTICUT LIGHT & POWER CO,0000023426,10-K,2021-02-17,edgar/data/23426/0000072741-21-000005.txt
CONSOLIDATED EDISON CO OF NEW YORK INC,0000023632,10-K,2021-02-18,edgar/data/23632/0001047862-21-000049.txt
"CTO Realty Growth, Inc.",0000023795,10-K,2021-03-05,edgar/data/23795/0001558370-21-002457.txt
"CITIZENS, INC.",0000024090,10-K,2021-03-10,edgar/data/24090/0000024090-21-000012.txt
COOPER TIRE & RUBBER CO,0000024491,10-K,2021-02-22,edgar/data/24491/0000024491-21-000011.txt
MOLSON COORS BEVERAGE CO,0000024545,10-K,2021-02-11,edgar/data/24545/0000024545-21-000004.txt
CORNING INC /NY,0000024741,10-K,2021-02-12,edgar/data/24741/0001562762-21-000023.txt
ADVANCED MICRO DEVICES INC,0000002488,10-K,2021-01-29,edgar/data/2488/0001628280-21-001185.txt
COUSINS PROPERTIES INC,0000025232,10-K,2021-02-11,edgar/data/25232/0000025232-21-000008.txt
CRANE CO /DE/,0000025445,10-K,2021-02-23,edgar/data/25445/0001628280-21-002871.txt
CRAWFORD & CO,0000025475,10-K,2021-03-04,edgar/data/25475/0001564590-21-010973.txt
ONEMAIN FINANCE CORP,0000025598,10-K,2021-02-09,edgar/data/25598/0001584207-21-000006.txt
"TherapeuticsMD, Inc.",0000025743,10-K,2021-03-04,edgar/data/25743/0001387131-21-003140.txt
CTS CORP,0000026058,10-K,2021-02-25,edgar/data/26058/0001564590-21-008853.txt
CUMMINS INC,0000026172,10-K,2021-02-10,edgar/data/26172/0000026172-21-000012.txt
CURTISS WRIGHT CORP,0000026324,10-K,2021-02-25,edgar/data/26324/0000026324-21-000007.txt
DANA INC,0000026780,10-K,2021-02-18,edgar/data/26780/0001437749-21-003221.txt
TARGET CORP,0000027419,10-K,2021-03-10,edgar/data/27419/0000027419-21-000010.txt
DAYTON POWER & LIGHT CO,0000027430,10-K,2021-02-25,edgar/data/27430/0000787250-21-000007.txt
NATURES SUNSHINE PRODUCTS INC,0000275053,10-K,2021-03-10,edgar/data/275053/0000275053-21-000002.txt
PARSONS CORP,0000275880,10-K,2021-02-24,edgar/data/275880/0001564590-21-007800.txt
"W.W. GRAINGER, INC.",0000277135,10-K,2021-02-24,edgar/data/277135/0000277135-21-000007.txt
FEDERAL SIGNAL CORP /DE/,0000277509,10-K,2021-02-25,edgar/data/277509/0000277509-21-000005.txt
DAVEY TREE EXPERT CO,0000277638,10-K,2021-03-08,edgar/data/277638/0000277638-21-000003.txt
CSX CORP,0000277948,10-K,2021-02-10,edgar/data/277948/0000277948-21-000014.txt
OMNIQ Corp.,0000278165,10-K,2021-03-31,edgar/data/278165/0001493152-21-007489.txt
DELMARVA POWER & LIGHT CO /DE/,0000027879,10-K,2021-02-24,edgar/data/27879/0001109357-21-000022.txt
"DELTA AIR LINES, INC.",0000027904,10-K,2021-02-12,edgar/data/27904/0000027904-21-000003.txt
DELUXE CORP,0000027996,10-K,2021-02-19,edgar/data/27996/0000027996-21-000033.txt
DTE Electric Co,0000028385,10-K,2021-02-19,edgar/data/28385/0000936340-21-000112.txt
COMERICA INC /NEW/,0000028412,10-K,2021-02-09,edgar/data/28412/0000028412-21-000054.txt
"DIEBOLD NIXDORF, Inc",0000028823,10-K,2021-03-01,edgar/data/28823/0000028823-21-000059.txt
"DILLARD'S, INC.",0000028917,10-K,2021-03-29,edgar/data/28917/0000028917-21-000066.txt
DIODES INC /DEL/,0000029002,10-K,2021-02-22,edgar/data/29002/0001564590-21-007008.txt
DIXIE GROUP INC,0000029332,10-K,2021-03-10,edgar/data/29332/0000029332-21-000015.txt
DOLLAR GENERAL CORP,0000029534,10-K,2021-03-19,edgar/data/29534/0001558370-21-003245.txt
RR Donnelley & Sons Co,0000029669,10-K,2021-02-24,edgar/data/29669/0001564590-21-008169.txt
DOVER Corp,0000029905,10-K,2021-02-12,edgar/data/29905/0000029905-21-000010.txt
DOW CHEMICAL CO /DE/,0000029915,10-K,2021-02-05,edgar/data/29915/0001751788-21-000010.txt
OMNICOM GROUP INC.,0000029989,10-K,2021-02-18,edgar/data/29989/0000029989-21-000004.txt
DUCOMMUN INC /DE/,0000030305,10-K,2021-02-11,edgar/data/30305/0001628280-21-001951.txt
"Duke Energy Carolinas, LLC",0000030371,10-K,2021-02-25,edgar/data/30371/0001326160-21-000063.txt
DUPONT E I DE NEMOURS & CO,0000030554,10-K,2021-02-11,edgar/data/30554/0001755672-21-000008.txt
FLOWSERVE CORP,0000030625,10-K,2021-02-23,edgar/data/30625/0000030625-21-000034.txt
Wendy's Co,0000030697,10-K,2021-03-03,edgar/data/30697/0000030697-21-000002.txt
SENSIENT TECHNOLOGIES CORP,0000310142,10-K,2021-02-22,edgar/data/310142/0001140361-21-005623.txt
"Merck & Co., Inc.",0000310158,10-K,2021-02-25,edgar/data/310158/0000310158-21-000004.txt
FEDERAL NATIONAL MORTGAGE ASSOCIATION FANNIE MAE,0000310522,10-K,2021-02-12,edgar/data/310522/0000310522-21-000156.txt
STRYKER CORP,0000310764,10-K,2021-02-11,edgar/data/310764/0000310764-21-000027.txt
PROTECTIVE LIFE INSURANCE CO,0000310826,10-K,2021-03-30,edgar/data/310826/0000310826-21-000009.txt
EASTERN CO,0000031107,10-K,2021-03-16,edgar/data/31107/0001654954-21-002839.txt
WESTAMERICA BANCORPORATION,0000311094,10-K,2021-02-25,edgar/data/311094/0001171843-21-001344.txt
HMG COURTLAND PROPERTIES INC,0000311817,10-K,2021-03-30,edgar/data/311817/0001575872-21-000047.txt
EASTMAN KODAK CO,0000031235,10-K,2021-03-16,edgar/data/31235/0001564590-21-013581.txt
MESA ROYALTY TRUST/TX,0000313364,10-K,2021-03-31,edgar/data/313364/0001104659-21-044663.txt
DANAHER CORP /DE/,0000313616,10-K,2021-02-25,edgar/data/313616/0000313616-21-000045.txt
CHURCH & DWIGHT CO INC /DE/,0000313927,10-K,2021-02-18,edgar/data/313927/0001564590-21-006669.txt
McEwen Mining Inc.,0000314203,10-K,2021-03-10,edgar/data/314203/0001558370-21-002708.txt
"TOMI Environmental Solutions, Inc.",0000314227,10-K,2021-03-30,edgar/data/314227/0001654954-21-003525.txt
FIRST BUSEY CORP /NV/,0000314489,10-K,2021-02-25,edgar/data/314489/0001558370-21-001864.txt
ECOLAB INC.,0000031462,10-K,2021-02-26,edgar/data/31462/0001558370-21-001916.txt
Valaris plc,0000314808,10-K,2021-03-02,edgar/data/314808/0000314808-21-000007.txt
ROBERT HALF INTERNATIONAL INC.,0000315213,10-K,2021-02-12,edgar/data/315213/0000315213-21-000025.txt
PUBLIC SERVICE CO OF NEW HAMPSHIRE,0000315256,10-K,2021-02-17,edgar/data/315256/0000072741-21-000005.txt
PUBLIC SERVICE CO OF NEW HAMPSHIRE,0000315256,10-K,2021-03-26,edgar/data/315256/0001104659-21-042477.txt
Aon plc,0000315293,10-K,2021-02-19,edgar/data/315293/0001628280-21-002574.txt
HURCO COMPANIES INC,0000315374,10-K,2021-01-08,edgar/data/315374/0001558370-21-000128.txt
ALABAMA POWER CO,0000003153,10-K,2021-02-18,edgar/data/3153/0000092122-21-000006.txt
"PROVECTUS BIOPHARMACEUTICALS, INC.",0000315545,10-K,2021-03-02,edgar/data/315545/0001493152-21-005194.txt
INTERNATIONAL BANCSHARES CORP,0000315709,10-K,2021-02-25,edgar/data/315709/0001558370-21-001782.txt
RANGE RESOURCES CORP,0000315852,10-K,2021-02-23,edgar/data/315852/0001564590-21-007606.txt
Bluegreen Vacations Holding Corp,0000315858,10-K,2021-03-01,edgar/data/315858/0000315858-21-000008.txt
CREDITRISKMONITOR COM INC,0000315958,10-K,2021-03-25,edgar/data/315958/0001140361-21-009951.txt
SCHWAB CHARLES CORP,0000316709,10-K,2021-02-24,edgar/data/316709/0000316709-21-000012.txt
PPL ELECTRIC UTILITIES CORP,0000317187,10-K,2021-02-18,edgar/data/317187/0000922224-21-000006.txt
"Coca-Cola Consolidated, Inc.",0000317540,10-K,2021-02-26,edgar/data/317540/0000317540-21-000006.txt
PERKINELMER INC,0000031791,10-K,2021-03-02,edgar/data/31791/0000031791-21-000003.txt
AMGEN INC,0000318154,10-K,2021-02-09,edgar/data/318154/0000318154-21-000010.txt
PEOPLES BANCORP INC,0000318300,10-K,2021-03-01,edgar/data/318300/0000318300-21-000109.txt
ABEONA THERAPEUTICS INC.,0000318306,10-K,2021-03-24,edgar/data/318306/0001493152-21-006705.txt
SECURITY NATIONAL FINANCIAL CORP,0000318673,10-K,2021-03-31,edgar/data/318673/0001096906-21-000634.txt
TEAM INC,0000318833,10-K,2021-03-12,edgar/data/318833/0000318833-21-000018.txt
"Fuse Medical, Inc.",0000319016,10-K,2021-03-31,edgar/data/319016/0001564590-21-016781.txt
Enservco Corp,0000319458,10-K,2021-03-23,edgar/data/319458/0001437749-21-006893.txt
PERMIAN BASIN ROYALTY TRUST,0000319654,10-K,2021-03-31,edgar/data/319654/0001193125-21-101829.txt
SAN JUAN BASIN ROYALTY TRUST,0000319655,10-K,2021-03-31,edgar/data/319655/0001193125-21-102262.txt
"UNITED AIRLINES, INC.",0000319687,10-K,2021-03-01,edgar/data/319687/0000100517-21-000016.txt
CECO ENVIRONMENTAL CORP,0000003197,10-K,2021-03-03,edgar/data/3197/0001564590-21-010416.txt
"CALADRIUS BIOSCIENCES, INC.",0000320017,10-K,2021-02-25,edgar/data/320017/0000320017-21-000043.txt
TELOS CORP,0000320121,10-K,2021-03-25,edgar/data/320121/0001140361-21-009988.txt
GLOBE LIFE INC.,0000320335,10-K,2021-02-25,edgar/data/320335/0000320335-21-000010.txt
INTELLIGENT SYSTEMS CORP,0000320340,10-K,2021-03-04,edgar/data/320340/0001437749-21-004982.txt
PIONEER ENERGY SERVICES CORP,0000320575,10-K,2021-03-05,edgar/data/320575/0000320575-21-000016.txt
EQUIFAX INC,0000033185,10-K,2021-02-25,edgar/data/33185/0000033185-21-000025.txt
EQT Corp,0000033213,10-K,2021-02-17,edgar/data/33213/0000033213-21-000006.txt
ESCALADE INC,0000033488,10-K,2021-02-22,edgar/data/33488/0001437749-21-003651.txt
"KINGSTONE COMPANIES, INC.",0000033992,10-K,2021-03-31,edgar/data/33992/0001654954-21-003658.txt
DMC Global Inc.,0000034067,10-K,2021-02-22,edgar/data/34067/0000034067-21-000015.txt
EXXON MOBIL CORP,0000034088,10-K,2021-02-24,edgar/data/34088/0000034088-21-000012.txt
RELIABILITY INC,0000034285,10-K,2021-03-31,edgar/data/34285/0001493152-21-007359.txt
"Matson, Inc.",0000003453,10-K,2021-02-26,edgar/data/3453/0001558370-21-001909.txt
1ST SOURCE CORP,0000034782,10-K,2021-02-18,edgar/data/34782/0000034782-21-000036.txt
FEDERAL REALTY INVESTMENT TRUST,0000034903,10-K,2021-02-11,edgar/data/34903/0000034903-21-000020.txt
"TENAX THERAPEUTICS, INC.",0000034956,10-K,2021-03-31,edgar/data/34956/0001654954-21-003641.txt
ALEXANDERS INC,0000003499,10-K,2021-02-16,edgar/data/3499/0000003499-21-000005.txt
"AUTONATION, INC.",0000350698,10-K,2021-02-16,edgar/data/350698/0000350698-21-000031.txt
OCEAN BIO CHEM INC,0000350737,10-K,2021-03-29,edgar/data/350737/0001213900-21-018281.txt
COMMUNITY TRUST BANCORP INC /KY/,0000350852,10-K,2021-02-26,edgar/data/350852/0001140361-21-006318.txt
SEI INVESTMENTS CO,0000350894,10-K,2021-02-22,edgar/data/350894/0000350894-21-000010.txt
Ameris Bancorp,0000351569,10-K,2021-02-26,edgar/data/351569/0000351569-21-000004.txt
ELECTRO SENSORS INC,0000351789,10-K,2021-03-25,edgar/data/351789/0000897101-21-000238.txt
"SILVERBOW RESOURCES, INC.",0000351817,10-K,2021-03-04,edgar/data/351817/0000351817-21-000005.txt
SunOpta Inc.,0000351834,10-K,2021-03-03,edgar/data/351834/0001062993-21-002279.txt
DATA I/O CORP,0000351998,10-K,2021-03-26,edgar/data/351998/0001654954-21-003344.txt
TOLEDO EDISON CO,0000352049,10-K,2021-03-31,edgar/data/352049/0001578443-21-000005.txt
FERRO CORP,0000035214,10-K,2021-03-01,edgar/data/35214/0000035214-21-000006.txt
ALLIANT ENERGY CORP,0000352541,10-K,2021-02-19,edgar/data/352541/0000352541-21-000022.txt
FOSTER L B CO,0000352825,10-K,2021-03-03,edgar/data/352825/0000352825-21-000014.txt
UNIVERSAL HEALTH SERVICES INC,0000352915,10-K,2021-02-25,edgar/data/352915/0001564590-21-008851.txt
"CKX LANDS, INC.",0000352955,10-K,2021-03-25,edgar/data/352955/0001437749-21-007143.txt
Aegion Corp,0000353020,10-K,2021-03-10,edgar/data/353020/0001437749-21-005577.txt
QUIDEL CORP /DE/,0000353569,10-K,2021-02-19,edgar/data/353569/0000353569-21-000028.txt
Arthur J. Gallagher & Co.,0000354190,10-K,2021-02-08,edgar/data/354190/0001564590-21-004555.txt
CVB FINANCIAL CORP,0000354647,10-K,2021-03-01,edgar/data/354647/0001193125-21-063327.txt
HAWAIIAN ELECTRIC INDUSTRIES INC,0000354707,10-K,2021-02-26,edgar/data/354707/0000354707-21-000036.txt
FLIR SYSTEMS INC,0000354908,10-K,2021-02-25,edgar/data/354908/0000354908-21-000016.txt
"HOME DEPOT, INC.",0000354950,10-K,2021-03-24,edgar/data/354950/0000354950-21-000089.txt
SHENANDOAH TELECOMMUNICATIONS CO/VA/,0000354963,10-K,2021-02-25,edgar/data/354963/0001628280-21-003177.txt
FIFTH THIRD BANCORP,0000035527,10-K,2021-02-26,edgar/data/35527/0000035527-21-000100.txt
MIDWEST HOLDING INC.,0000355379,10-K,2021-03-15,edgar/data/355379/0001558370-21-003013.txt
REAL ESTATE ASSOCIATES LTD IV,0000355573,10-K,2021-03-15,edgar/data/355573/0001376474-21-000080.txt
GENTEX CORP,0000355811,10-K,2021-02-22,edgar/data/355811/0000355811-21-000006.txt
TRICO BANCSHARES /,0000356171,10-K,2021-03-01,edgar/data/356171/0000356171-21-000009.txt
"Cheniere Energy, Inc.",0000003570,10-K,2021-02-24,edgar/data/3570/0000003570-21-000039.txt
OLD SECOND BANCORP INC,0000357173,10-K,2021-03-08,edgar/data/357173/0000357173-21-000014.txt
TRUSTCO BANK CORP N Y,0000357301,10-K,2021-02-26,edgar/data/357301/0001140361-21-006418.txt
FIRST FINANCIAL BANKSHARES INC,0000036029,10-K,2021-02-22,edgar/data/36029/0001193125-21-050937.txt
"CORELOGIC, INC.",0000036047,10-K,2021-03-01,edgar/data/36047/0000036047-21-000018.txt
US BANCORP \DE\,0000036104,10-K,2021-02-23,edgar/data/36104/0001193125-21-052547.txt
TRUSTMARK CORP,0000036146,10-K,2021-02-18,edgar/data/36146/0001564590-21-006673.txt
M&T BANK CORP,0000036270,10-K,2021-02-22,edgar/data/36270/0001564590-21-007188.txt
"FIRST HAWAIIAN, INC.",0000036377,10-K,2021-02-25,edgar/data/36377/0001558370-21-001848.txt
MACKINAC FINANCIAL CORP /MI/,0000036506,10-K,2021-03-12,edgar/data/36506/0001558370-21-002868.txt
FIRST REAL ESTATE INVESTMENT TRUST OF NEW JERSEY,0000036840,10-K,2021-01-29,edgar/data/36840/0001174947-21-000060.txt
FIRST HORIZON CORP,0000036966,10-K,2021-02-25,edgar/data/36966/0000036966-21-000012.txt
FLORIDA POWER & LIGHT CO,0000037634,10-K,2021-02-12,edgar/data/37634/0000753308-21-000014.txt
"DUKE ENERGY FLORIDA, LLC.",0000037637,10-K,2021-02-25,edgar/data/37637/0001326160-21-000063.txt
"DUKE ENERGY FLORIDA, LLC.",0000037637,10-K,2021-03-30,edgar/data/37637/0001669374-21-000016.txt
FMC CORP,0000037785,10-K,2021-02-25,edgar/data/37785/0000037785-21-000024.txt
FNB CORP/PA/,0000037808,10-K,2021-02-25,edgar/data/37808/0000037808-21-000011.txt
FORD MOTOR CO,0000037996,10-K,2021-02-05,edgar/data/37996/0000037996-21-000012.txt
FORD MOTOR CREDIT CO LLC,0000038009,10-K,2021-02-05,edgar/data/38009/0000038009-21-000015.txt
1st FRANKLIN FINANCIAL CORP,0000038723,10-K,2021-03-30,edgar/data/38723/0001376474-21-000102.txt
FRANKLIN ELECTRIC CO INC,0000038725,10-K,2021-02-24,edgar/data/38725/0000038725-21-000044.txt
"CULLEN/FROST BANKERS, INC.",0000039263,10-K,2021-02-05,edgar/data/39263/0000039263-21-000007.txt
INDEPENDENT BANK CORP /MI/,0000039311,10-K,2021-03-05,edgar/data/39311/0001140361-21-007388.txt
FULLER H B CO,0000039368,10-K,2021-01-26,edgar/data/39368/0001437749-21-001261.txt
TEGNA INC,0000039899,10-K,2021-03-01,edgar/data/39899/0000039899-21-000008.txt
GAP INC,0000039911,10-K,2021-03-16,edgar/data/39911/0000039911-21-000021.txt
GATX CORP,0000040211,10-K,2021-02-18,edgar/data/40211/0000040211-21-000018.txt
GENERAL DYNAMICS CORP,0000040533,10-K,2021-02-09,edgar/data/40533/0000040533-21-000010.txt
GENERAL ELECTRIC CO,0000040545,10-K,2021-02-12,edgar/data/40545/0000040545-21-000011.txt
Ally Financial Inc.,0000040729,10-K,2021-02-24,edgar/data/40729/0000040729-21-000008.txt
"AEROJET ROCKETDYNE HOLDINGS, INC.",0000040888,10-K,2021-02-18,edgar/data/40888/0000040888-21-000006.txt
GENUINE PARTS CO,0000040987,10-K,2021-02-19,edgar/data/40987/0000040987-21-000009.txt
GEORGIA POWER CO,0000041091,10-K,2021-02-18,edgar/data/41091/0000092122-21-000006.txt
Glatfelter Corp,0000041719,10-K,2021-02-25,edgar/data/41719/0001564590-21-008961.txt
GOODYEAR TIRE & RUBBER CO /OH/,0000042582,10-K,2021-02-09,edgar/data/42582/0001564590-21-004857.txt
GORMAN RUPP CO,0000042682,10-K,2021-03-01,edgar/data/42682/0001437749-21-004565.txt
Howmet Aerospace Inc.,0000004281,10-K,2021-02-16,edgar/data/4281/0000004281-21-000049.txt
GRACO INC,0000042888,10-K,2021-02-16,edgar/data/42888/0000042888-21-000011.txt
GRAY TELEVISION INC,0000043196,10-K,2021-02-25,edgar/data/43196/0001437749-21-004048.txt
HESS CORP,0000004447,10-K,2021-03-01,edgar/data/4447/0001628280-21-003531.txt
HALLIBURTON CO,0000045012,10-K,2021-02-05,edgar/data/45012/0000045012-21-000009.txt
"AMERICAN AIRLINES, INC.",0000004515,10-K,2021-02-17,edgar/data/4515/0000006201-21-000014.txt
HARSCO CORP,0000045876,10-K,2021-02-25,edgar/data/45876/0000045876-21-000016.txt
HARTE HANKS INC,0000045919,10-K,2021-03-24,edgar/data/45919/0001437749-21-006937.txt
"HASBRO, INC.",0000046080,10-K,2021-02-24,edgar/data/46080/0000046080-21-000035.txt
ALLIED MOTION TECHNOLOGIES INC,0000046129,10-K,2021-03-10,edgar/data/46129/0001558370-21-002704.txt
BANK OF HAWAII CORP,0000046195,10-K,2021-03-01,edgar/data/46195/0001564590-21-009934.txt
HAWAIIAN ELECTRIC CO INC,0000046207,10-K,2021-02-26,edgar/data/46207/0000354707-21-000036.txt
HERSHEY CO,0000047111,10-K,2021-02-17,edgar/data/47111/0000047111-21-000007.txt
HERTZ CORP,0000047129,10-K,2021-02-26,edgar/data/47129/0001657853-21-000006.txt
CRAWFORD UNITED Corp,0000047307,10-K,2021-03-17,edgar/data/47307/0001437749-21-006247.txt
HollyFrontier Corp,0000048039,10-K,2021-02-24,edgar/data/48039/0000048039-21-000012.txt
HNI CORP,0000048287,10-K,2021-03-02,edgar/data/48287/0000048287-21-000038.txt
CENTERPOINT ENERGY HOUSTON ELECTRIC LLC,0000048732,10-K,2021-02-25,edgar/data/48732/0001130310-21-000009.txt
HUBBELL INC,0000048898,10-K,2021-02-11,edgar/data/48898/0001628280-21-001868.txt
AMERICAN ELECTRIC POWER CO INC,0000004904,10-K,2021-02-25,edgar/data/4904/0000004904-21-000010.txt
HUMANA INC,0000049071,10-K,2021-02-18,edgar/data/49071/0000049071-21-000039.txt
HUNTINGTON BANCSHARES INC/MD,0000049196,10-K,2021-02-26,edgar/data/49196/0000049196-21-000018.txt
EASTGROUP PROPERTIES INC,0000049600,10-K,2021-02-17,edgar/data/49600/0000049600-21-000027.txt
AMERICAN EXPRESS CO,0000004962,10-K,2021-02-12,edgar/data/4962/0000004962-21-000013.txt
IDAHO POWER CO,0000049648,10-K,2021-02-18,edgar/data/49648/0001057877-21-000036.txt
AMERICAN EXPRESS CREDIT CORP,0000004969,10-K,2021-02-25,edgar/data/4969/0000004969-21-000009.txt
"Dine Brands Global, Inc.",0000049754,10-K,2021-03-02,edgar/data/49754/0000049754-21-000007.txt
AFLAC INC,0000004977,10-K,2021-02-23,edgar/data/4977/0000004977-21-000047.txt
ILLINOIS TOOL WORKS INC,0000049826,10-K,2021-02-12,edgar/data/49826/0000049826-21-000007.txt
IMPERIAL OIL LTD,0000049938,10-K,2021-02-24,edgar/data/49938/0001193125-21-054626.txt
INDIANA MICHIGAN POWER CO,0000050172,10-K,2021-02-25,edgar/data/50172/0000004904-21-000010.txt
INTEL CORP,0000050863,10-K,2021-01-22,edgar/data/50863/0000050863-21-000010.txt
INTERNATIONAL BUSINESS MACHINES CORP,0000051143,10-K,2021-02-23,edgar/data/51143/0001558370-21-001489.txt
INTERNATIONAL FLAVORS & FRAGRANCES INC,0000051253,10-K,2021-02-22,edgar/data/51253/0000051253-21-000011.txt
INTERNATIONAL PAPER CO /NEW/,0000051434,10-K,2021-02-19,edgar/data/51434/0000051434-21-000012.txt
"INTERPUBLIC GROUP OF COMPANIES, INC.",0000051644,10-K,2021-02-22,edgar/data/51644/0000051644-21-000012.txt
AMERIPRISE CERTIFICATE CO,0000052428,10-K,2021-02-24,edgar/data/52428/0000820027-21-000014.txt
INTERSTATE POWER & LIGHT CO,0000052485,10-K,2021-02-19,edgar/data/52485/0000352541-21-000022.txt
"AMERICAN INTERNATIONAL GROUP, INC.",0000005272,10-K,2021-02-19,edgar/data/5272/0001104659-21-025742.txt
RAYONIER INC,0000052827,10-K,2021-02-22,edgar/data/52827/0000052827-21-000035.txt
KAMAN Corp,0000054381,10-K,2021-02-25,edgar/data/54381/0000054381-21-000010.txt
"EVERGY METRO, INC.",0000054476,10-K,2021-02-26,edgar/data/54476/0001711269-21-000023.txt
KANSAS CITY SOUTHERN,0000054480,10-K,2021-01-29,edgar/data/54480/0000054480-21-000021.txt
"EVERGY KANSAS CENTRAL, INC.",0000054507,10-K,2021-02-26,edgar/data/54507/0001711269-21-000023.txt
KELLOGG CO,0000055067,10-K,2021-02-22,edgar/data/55067/0001628280-21-002660.txt
KELLY SERVICES INC,0000055135,10-K,2021-02-18,edgar/data/55135/0000055135-21-000004.txt
Unum Group,0000005513,10-K,2021-02-17,edgar/data/5513/0000005513-21-000015.txt
KENTUCKY UTILITIES CO,0000055387,10-K,2021-02-18,edgar/data/55387/0000922224-21-000006.txt
KIMBERLY CLARK CORP,0000055785,10-K,2021-02-11,edgar/data/55785/0000055785-21-000016.txt
KIRBY CORP,0000056047,10-K,2021-02-23,edgar/data/56047/0001140361-21-005871.txt
KROGER CO,0000056873,10-K,2021-03-30,edgar/data/56873/0001558370-21-003706.txt
LEGGETT & PLATT INC,0000058492,10-K,2021-02-24,edgar/data/58492/0000058492-21-000005.txt
VALHI INC /DE/,0000059255,10-K,2021-03-11,edgar/data/59255/0001564590-21-012521.txt
VECTOR GROUP LTD,0000059440,10-K,2021-03-01,edgar/data/59440/0000059440-21-000018.txt
ELI LILLY & Co,0000059478,10-K,2021-02-17,edgar/data/59478/0000059478-21-000083.txt
LINCOLN ELECTRIC HOLDINGS INC,0000059527,10-K,2021-02-19,edgar/data/59527/0000059527-21-000008.txt
LINCOLN NATIONAL CORP,0000059558,10-K,2021-02-18,edgar/data/59558/0000059558-21-000011.txt
AMERICAN VANGUARD CORP,0000005981,10-K,2021-03-31,edgar/data/5981/0001564590-21-017113.txt
LOEWS CORP,0000060086,10-K,2021-02-09,edgar/data/60086/0001140361-21-003906.txt
LOUISIANA-PACIFIC CORP,0000060519,10-K,2021-02-18,edgar/data/60519/0001628280-21-002469.txt
LOUISVILLE GAS & ELECTRIC CO /KY/,0000060549,10-K,2021-02-18,edgar/data/60549/0000922224-21-000006.txt
LOWES COMPANIES INC,0000060667,10-K,2021-03-22,edgar/data/60667/0000060667-21-000026.txt
LSB INDUSTRIES INC,0000060714,10-K,2021-02-25,edgar/data/60714/0001564590-21-008804.txt
LYDALL INC /DE/,0000060977,10-K,2021-02-23,edgar/data/60977/0001628280-21-002857.txt
LGL GROUP INC,0000061004,10-K,2021-03-29,edgar/data/61004/0001564590-21-016107.txt
MADISON GAS & ELECTRIC CO,0000061339,10-K,2021-02-24,edgar/data/61339/0001161728-21-000013.txt
TELLURIAN INC. /DE/,0000061398,10-K,2021-02-24,edgar/data/61398/0000061398-21-000010.txt
AMPCO PITTSBURGH CORP,0000006176,10-K,2021-03-26,edgar/data/6176/0001564590-21-015797.txt
MANITOWOC CO INC,0000061986,10-K,2021-02-12,edgar/data/61986/0001564590-21-005680.txt
American Airlines Group Inc.,0000006201,10-K,2021-02-17,edgar/data/6201/0000006201-21-000014.txt
MARCUS CORP,0000062234,10-K,2021-03-05,edgar/data/62234/0001104659-21-032672.txt
"MARSH & MCLENNAN COMPANIES, INC.",0000062709,10-K,2021-02-17,edgar/data/62709/0000062709-21-000008.txt
MASCO CORP /DE/,0000062996,10-K,2021-02-09,edgar/data/62996/0000062996-21-000008.txt
MATTEL INC /DE/,0000063276,10-K,2021-02-25,edgar/data/63276/0001628280-21-003197.txt
MAUI LAND & PINEAPPLE CO INC,0000063330,10-K,2021-03-02,edgar/data/63330/0001437749-21-004630.txt
MCCORMICK & CO INC,0000063754,10-K,2021-01-28,edgar/data/63754/0000063754-21-000020.txt
MCDONALDS CORP,0000063908,10-K,2021-02-23,edgar/data/63908/0000063908-21-000013.txt
S&P Global Inc.,0000064040,10-K,2021-02-09,edgar/data/64040/0000064040-21-000063.txt
MECHANICAL TECHNOLOGY INC,0000064463,10-K,2021-03-31,edgar/data/64463/0001003297-21-000039.txt
CVS HEALTH Corp,0000064803,10-K,2021-02-16,edgar/data/64803/0000064803-21-000011.txt
ANDREA ELECTRONICS CORP,0000006494,10-K,2021-03-31,edgar/data/6494/0001206774-21-000940.txt
MERCURY GENERAL CORP,0000064996,10-K,2021-02-16,edgar/data/64996/0000064996-21-000004.txt
SIEBERT FINANCIAL CORP,0000065596,10-K,2021-03-10,edgar/data/65596/0001157523-21-000321.txt
MICROPAC INDUSTRIES INC,0000065759,10-K,2021-02-11,edgar/data/65759/0001010549-21-000006.txt
"MICROVISION, INC.",0000065770,10-K,2021-03-15,edgar/data/65770/0001136261-21-000040.txt
ENTERGY CORP /DE/,0000065984,10-K,2021-02-26,edgar/data/65984/0000065984-21-000096.txt
MIDDLESEX WATER CO,0000066004,10-K,2021-02-25,edgar/data/66004/0001174947-21-000198.txt
MILLS MUSIC TRUST,0000066496,10-K,2021-03-31,edgar/data/66496/0001193125-21-102032.txt
MSA Safety Inc,0000066570,10-K,2021-02-19,edgar/data/66570/0000066570-21-000016.txt
"Quad M Solutions, Inc.",0000066600,10-K,2021-01-12,edgar/data/66600/0001477932-21-000201.txt
3M CO,0000066740,10-K,2021-02-04,edgar/data/66740/0001558370-21-000737.txt
ALLETE INC,0000066756,10-K,2021-02-17,edgar/data/66756/0000066756-21-000025.txt
"ENTERGY MISSISSIPPI, LLC",0000066901,10-K,2021-02-26,edgar/data/66901/0000065984-21-000096.txt
MISSISSIPPI POWER CO,0000066904,10-K,2021-02-18,edgar/data/66904/0000092122-21-000006.txt
DYCOM INDUSTRIES INC,0000067215,10-K,2021-03-05,edgar/data/67215/0000067215-21-000010.txt
APACHE CORP,0000006769,10-K,2021-02-26,edgar/data/6769/0001673379-21-000007.txt
MDU RESOURCES GROUP INC,0000067716,10-K,2021-02-19,edgar/data/67716/0000067716-21-000007.txt
"Motorola Solutions, Inc.",0000068505,10-K,2021-02-12,edgar/data/68505/0000068505-21-000008.txt
QWEST CORP,0000068622,10-K,2021-03-03,edgar/data/68622/0000068622-21-000004.txt
APPALACHIAN POWER CO,0000006879,10-K,2021-02-25,edgar/data/6879/0000004904-21-000010.txt
MYERS INDUSTRIES INC,0000069488,10-K,2021-03-11,edgar/data/69488/0001564590-21-012511.txt
FULTON FINANCIAL CORP,0000700564,10-K,2021-03-01,edgar/data/700564/0000700564-21-000014.txt
"FIRST MID BANCSHARES, INC.",0000700565,10-K,2021-03-08,edgar/data/700565/0001564590-21-011529.txt
"VICTORY OILFIELD TECH, INC.",0000700764,10-K,2021-02-09,edgar/data/700764/0001213900-21-007510.txt
MYR GROUP INC.,0000700923,10-K,2021-03-03,edgar/data/700923/0000700923-21-000007.txt
ATRION CORP,0000701288,10-K,2021-03-01,edgar/data/701288/0001654954-21-002137.txt
CENTRAL PACIFIC FINANCIAL CORP,0000701347,10-K,2021-02-23,edgar/data/701347/0000701347-21-000013.txt
Six Flags Entertainment Corp,0000701374,10-K,2021-02-25,edgar/data/701374/0001558370-21-001835.txt
Envela Corp,0000701719,10-K,2021-03-23,edgar/data/701719/0001654954-21-003097.txt
INDEPENDENCE HOLDING CO,0000701869,10-K,2021-03-16,edgar/data/701869/0000701869-21-000011.txt
"L Brands, Inc.",0000701985,10-K,2021-03-19,edgar/data/701985/0000701985-21-000011.txt
NORFOLK SOUTHERN CORP,0000702165,10-K,2021-02-04,edgar/data/702165/0000702165-21-000006.txt
FIRST MIDWEST BANCORP INC,0000702325,10-K,2021-03-01,edgar/data/702325/0001628280-21-003667.txt
Bank of Commerce Holdings,0000702513,10-K,2021-03-05,edgar/data/702513/0001437749-21-005088.txt
TENET HEALTHCARE CORP,0000070318,10-K,2021-02-19,edgar/data/70318/0000070318-21-000008.txt
LAWSON PRODUCTS INC/NEW/DE/,0000703604,10-K,2021-02-26,edgar/data/703604/0000703604-21-000035.txt
TRECORA RESOURCES,0000007039,10-K,2021-03-09,edgar/data/7039/0000007039-21-000036.txt
GP STRATEGIES CORP,0000070415,10-K,2021-03-12,edgar/data/70415/0000070415-21-000041.txt
PHI GROUP INC,0000704172,10-K,2021-03-11,edgar/data/704172/0001493152-21-005812.txt
"TIVITY HEALTH, INC.",0000704415,10-K,2021-03-02,edgar/data/704415/0001564590-21-010307.txt
REPRO MED SYSTEMS INC,0000704440,10-K,2021-03-23,edgar/data/704440/0001161697-21-000169.txt
ONTO INNOVATION INC.,0000704532,10-K,2021-02-19,edgar/data/704532/0001564590-21-006843.txt
NATIONAL RESEARCH CORP,0000070487,10-K,2021-03-05,edgar/data/70487/0001437749-21-005096.txt
SOUTHSIDE BANCSHARES INC,0000705432,10-K,2021-02-26,edgar/data/705432/0000705432-21-000013.txt
HORIZON BANCORP INC /IN/,0000706129,10-K,2021-02-26,edgar/data/706129/0000706129-21-000006.txt
UTAH MEDICAL PRODUCTS INC,0000706698,10-K,2021-03-26,edgar/data/706698/0001811884-21-000004.txt
UNION BANKSHARES INC,0000706863,10-K,2021-03-19,edgar/data/706863/0000706863-21-000047.txt
OLD NATIONAL BANCORP /IN/,0000707179,10-K,2021-02-10,edgar/data/707179/0000707179-21-000016.txt
"STAR EQUITY HOLDINGS, INC.",0000707388,10-K,2021-03-29,edgar/data/707388/0000707388-21-000009.txt
REGENERX BIOPHARMACEUTICALS INC,0000707511,10-K,2021-03-02,edgar/data/707511/0001104659-21-030728.txt
AMERISERV FINANCIAL INC /PA/,0000707605,10-K,2021-03-10,edgar/data/707605/0001558370-21-002724.txt
Archer-Daniels-Midland Co,0000007084,10-K,2021-02-18,edgar/data/7084/0000007084-21-000008.txt
BANK OF AMERICA CORP /DE/,0000070858,10-K,2021-02-24,edgar/data/70858/0000070858-21-000023.txt
NCR CORP,0000070866,10-K,2021-02-26,edgar/data/70866/0000070866-21-000011.txt
CASS INFORMATION SYSTEMS INC,0000708781,10-K,2021-02-26,edgar/data/708781/0001206774-21-000530.txt
PAR TECHNOLOGY CORP,0000708821,10-K,2021-03-16,edgar/data/708821/0001628280-21-004914.txt
FIRST FINANCIAL BANCORP /OH/,0000708955,10-K,2021-02-19,edgar/data/708955/0000708955-21-000014.txt
NOBLE ROMANS INC,0000709005,10-K,2021-03-22,edgar/data/709005/0001654954-21-003062.txt
FARMERS NATIONAL BANC CORP /OH/,0000709337,10-K,2021-03-04,edgar/data/709337/0001564590-21-011014.txt
SABINE ROYALTY TRUST,0000710752,10-K,2021-03-26,edgar/data/710752/0001193125-21-096382.txt
THUNDER MOUNTAIN GOLD INC,0000711034,10-K,2021-03-30,edgar/data/711034/0001052918-21-000091.txt
KIEWIT ROYALTY TRUST,0000711477,10-K,2021-03-30,edgar/data/711477/0001104659-21-043980.txt
COLONY BANKCORP INC,0000711669,10-K,2021-03-23,edgar/data/711669/0000711669-21-000037.txt
CAMBRIDGE BANCORP,0000711772,10-K,2021-03-15,edgar/data/711772/0001564590-21-013211.txt
NEVADA POWER CO,0000071180,10-K,2021-03-01,edgar/data/71180/0001081316-21-000011.txt
ACCO BRANDS Corp,0000712034,10-K,2021-02-26,edgar/data/712034/0000712034-21-000015.txt
FIRST MERCHANTS CORP,0000712534,10-K,2021-03-01,edgar/data/712534/0000712534-21-000077.txt
FIRST COMMONWEALTH FINANCIAL CORP /PA/,0000712537,10-K,2021-03-01,edgar/data/712537/0000712537-21-000007.txt
ONE LIBERTY PROPERTIES INC,0000712770,10-K,2021-03-12,edgar/data/712770/0001558370-21-002931.txt
"ConnectOne Bancorp, Inc.",0000712771,10-K,2021-03-01,edgar/data/712771/0001206774-21-000555.txt
"PNC FINANCIAL SERVICES GROUP, INC.",0000713676,10-K,2021-02-26,edgar/data/713676/0000713676-21-000025.txt
Sanara MedTech Inc.,0000714256,10-K,2021-03-30,edgar/data/714256/0001654954-21-003520.txt
VALLEY NATIONAL BANCORP,0000714310,10-K,2021-02-26,edgar/data/714310/0000714310-21-000059.txt
"GERMAN AMERICAN BANCORP, INC.",0000714395,10-K,2021-02-26,edgar/data/714395/0000714395-21-000009.txt
FIRST FINANCIAL CORP /IN/,0000714562,10-K,2021-03-11,edgar/data/714562/0000714562-21-000024.txt
JUNIATA VALLEY FINANCIAL CORP,0000714712,10-K,2021-03-16,edgar/data/714712/0001558370-21-003030.txt
RENASANT CORP,0000715072,10-K,2021-02-26,edgar/data/715072/0000715072-21-000057.txt
"ENTERGY NEW ORLEANS, LLC",0000071508,10-K,2021-02-26,edgar/data/71508/0000065984-21-000096.txt
Anixa Biosciences Inc,0000715446,10-K,2021-01-07,edgar/data/715446/0001493152-21-000456.txt
ACNB CORP,0000715579,10-K,2021-03-05,edgar/data/715579/0000715579-21-000012.txt
"Nuvera Communications, Inc.",0000071557,10-K,2021-03-16,edgar/data/71557/0001513162-21-000039.txt
INTERFACE INC,0000715787,10-K,2021-03-03,edgar/data/715787/0000715787-21-000009.txt
"DOMINION ENERGY, INC",0000715957,10-K,2021-02-25,edgar/data/715957/0001564590-21-008442.txt
Yellow Corp,0000716006,10-K,2021-02-11,edgar/data/716006/0001564590-21-005530.txt
CINCINNATI BELL INC,0000716133,10-K,2021-02-25,edgar/data/716133/0001564590-21-008888.txt
PENNS WOODS BANCORP INC,0000716605,10-K,2021-03-11,edgar/data/716605/0000716605-21-000007.txt
READING INTERNATIONAL INC,0000716634,10-K,2021-03-31,edgar/data/716634/0000716634-21-000005.txt
NEW YORK TIMES CO,0000071691,10-K,2021-02-25,edgar/data/71691/0000071691-21-000006.txt
MURPHY OIL CORP,0000717423,10-K,2021-02-26,edgar/data/717423/0000717423-21-000014.txt
ARROW FINANCIAL CORP,0000717538,10-K,2021-03-10,edgar/data/717538/0000717538-21-000076.txt
HEXCEL CORP /DE/,0000717605,10-K,2021-02-09,edgar/data/717605/0001564590-21-004881.txt
FIRST US BANCSHARES INC,0000717806,10-K,2021-03-15,edgar/data/717806/0001564590-21-013208.txt
NEWPARK RESOURCES INC,0000071829,10-K,2021-02-26,edgar/data/71829/0000071829-21-000018.txt
COMMUNITY BANCORP /VT,0000718413,10-K,2021-03-26,edgar/data/718413/0001568276-21-000227.txt
"Activision Blizzard, Inc.",0000718877,10-K,2021-02-23,edgar/data/718877/0001628280-21-002828.txt
STAAR SURGICAL CO,0000718937,10-K,2021-02-24,edgar/data/718937/0001564590-21-008098.txt
Apyx Medical Corp,0000719135,10-K,2021-03-31,edgar/data/719135/0000719135-21-000029.txt
S&T BANCORP INC,0000719220,10-K,2021-03-01,edgar/data/719220/0000719220-21-000018.txt
FIRST NATIONAL CORP /VA/,0000719402,10-K,2021-03-31,edgar/data/719402/0001437749-21-007822.txt
HECLA MINING CO/DE/,0000719413,10-K,2021-02-18,edgar/data/719413/0001437749-21-003217.txt
"Inrad Optics, Inc.",0000719494,10-K,2021-03-31,edgar/data/719494/0001104659-21-044437.txt
SVB FINANCIAL GROUP,0000719739,10-K,2021-03-01,edgar/data/719739/0000719739-21-000023.txt
WILLIAMS SONOMA INC,0000719955,10-K,2021-03-30,edgar/data/719955/0001193125-21-100319.txt
STIFEL FINANCIAL CORP,0000720672,10-K,2021-02-19,edgar/data/720672/0001564590-21-006800.txt
INVESTORS TITLE CO,0000720858,10-K,2021-03-15,edgar/data/720858/0000720858-21-000008.txt
NL INDUSTRIES INC,0000072162,10-K,2021-03-10,edgar/data/72162/0001564590-21-012084.txt
LAKELAND FINANCIAL CORP,0000721994,10-K,2021-02-23,edgar/data/721994/0001104659-21-026486.txt
NOBILITY HOMES INC,0000072205,10-K,2021-01-29,edgar/data/72205/0001193125-21-022040.txt
NORTECH SYSTEMS INC,0000722313,10-K,2021-03-23,edgar/data/722313/0001437749-21-006916.txt
"HANGER, INC.",0000722723,10-K,2021-03-01,edgar/data/722723/0001104659-21-029987.txt
"COMMUNITY BANK SYSTEM, INC.",0000723188,10-K,2021-03-01,edgar/data/723188/0001104659-21-030055.txt
NORDSTROM INC,0000072333,10-K,2021-03-16,edgar/data/72333/0000072333-21-000099.txt
"AVIS BUDGET GROUP, INC.",0000723612,10-K,2021-02-17,edgar/data/723612/0000723612-21-000005.txt
FRANKLIN FINANCIAL SERVICES CORP /PA/,0000723646,10-K,2021-03-11,edgar/data/723646/0000723646-21-000016.txt
"Vaxart, Inc.",0000072444,10-K,2021-02-25,edgar/data/72444/0001437749-21-004115.txt
Trinity Place Holdings Inc.,0000724742,10-K,2021-03-31,edgar/data/724742/0001558370-21-003848.txt
MOVADO GROUP INC,0000072573,10-K,2021-03-25,edgar/data/72573/0001564590-21-015296.txt
FIRST EQUITY PROPERTIES INC,0000726516,10-K,2021-03-16,edgar/data/726516/0001010549-21-000037.txt
CAPITAL CITY BANK GROUP INC,0000726601,10-K,2021-03-01,edgar/data/726601/0000726601-21-000007.txt
REALTY INCOME CORP,0000726728,10-K,2021-02-23,edgar/data/726728/0000726728-21-000043.txt
CITY HOLDING CO,0000726854,10-K,2021-02-24,edgar/data/726854/0000726854-21-000047.txt
LINCOLN NATIONAL LIFE INSURANCE CO /IN/,0000726865,10-K,2021-03-09,edgar/data/726865/0000726865-21-000098.txt
"Accelerate Diagnostics, Inc",0000727207,10-K,2021-03-02,edgar/data/727207/0001628280-21-003678.txt
CADIZ INC,0000727273,10-K,2021-03-26,edgar/data/727273/0001437749-21-007331.txt
"GLOBAL HEALTHCARE REIT, INC.",0000727346,10-K,2021-03-31,edgar/data/727346/0001493152-21-007498.txt
EVERSOURCE ENERGY,0000072741,10-K,2021-02-17,edgar/data/72741/0000072741-21-000005.txt
"ENZON PHARMACEUTICALS, INC.",0000727510,10-K,2021-02-23,edgar/data/727510/0001104659-21-026712.txt
APACHE OFFSHORE INVESTMENT PARTNERSHIP,0000727538,10-K,2021-02-26,edgar/data/727538/0001673379-21-000006.txt
RIVERSOURCE LIFE INSURANCE CO,0000727892,10-K,2021-02-24,edgar/data/727892/0000820027-21-000013.txt
Equitable Financial Life Insurance Co,0000727920,10-K,2021-03-01,edgar/data/727920/0000727920-21-000004.txt
"IPALCO ENTERPRISES, INC.",0000728391,10-K,2021-02-25,edgar/data/728391/0000728391-21-000015.txt
HUNT J B TRANSPORT SERVICES INC,0000728535,10-K,2021-02-23,edgar/data/728535/0001437749-21-003667.txt
ARIZONA PUBLIC SERVICE CO,0000007286,10-K,2021-02-24,edgar/data/7286/0000764622-21-000013.txt
XCEL ENERGY INC,0000072903,10-K,2021-02-17,edgar/data/72903/0000072903-21-000012.txt
NORTHERN STATES POWER CO /WI/,0000072909,10-K,2021-02-17,edgar/data/72909/0000072909-21-000006.txt
BEL FUSE INC /NJ,0000729580,10-K,2021-03-12,edgar/data/729580/0001437749-21-005899.txt
WELLS FARGO & COMPANY/MN,0000072971,10-K,2021-02-23,edgar/data/72971/0000072971-21-000197.txt
UNITED BANKSHARES INC/WV,0000729986,10-K,2021-03-01,edgar/data/729986/0001193125-21-063344.txt
NORTHWEST NATURAL GAS CO,0000073020,10-K,2021-02-26,edgar/data/73020/0001733998-21-000006.txt
REPLIGEN CORP,0000730272,10-K,2021-02-24,edgar/data/730272/0001193125-21-054675.txt
SEACOAST BANKING CORP OF FLORIDA,0000730708,10-K,2021-03-01,edgar/data/730708/0000730708-21-000016.txt
NORTHWESTERN CORP,0000073088,10-K,2021-02-12,edgar/data/73088/0000073088-21-000026.txt
HEALTHCARE SERVICES GROUP INC,0000731012,10-K,2021-02-25,edgar/data/731012/0000731012-21-000026.txt
NORTHERN TRUST CORP,0000073124,10-K,2021-02-23,edgar/data/73124/0000073124-21-000071.txt
PACCAR FINANCIAL CORP,0000731288,10-K,2021-02-17,edgar/data/731288/0001564590-21-006372.txt
UNITED BANCORP INC /OH/,0000731653,10-K,2021-03-19,edgar/data/731653/0001104659-21-038794.txt
UNITEDHEALTH GROUP INC,0000731766,10-K,2021-03-01,edgar/data/731766/0000731766-21-000013.txt
"ENTERGY ARKANSAS, LLC",0000007323,10-K,2021-02-26,edgar/data/7323/0000065984-21-000096.txt
HILLS BANCORPORATION,0000732417,10-K,2021-03-05,edgar/data/732417/0000732417-21-000007.txt
VERIZON COMMUNICATIONS INC,0000732712,10-K,2021-02-25,edgar/data/732712/0000732712-21-000012.txt
AT&T INC.,0000732717,10-K,2021-02-25,edgar/data/732717/0000732717-21-000012.txt
"CONTINENTAL RESOURCES, INC",0000732834,10-K,2021-02-16,edgar/data/732834/0000732834-21-000005.txt
BRIGHTHOUSE LIFE INSURANCE Co,0000733076,10-K,2021-03-03,edgar/data/733076/0000733076-21-000004.txt
NUCOR CORP,0000073309,10-K,2021-02-26,edgar/data/73309/0001564590-21-009503.txt
SOUTHWESTERN ENERGY CO,0000007332,10-K,2021-03-01,edgar/data/7332/0000007332-21-000016.txt
TRANSCONTINENTAL REALTY INVESTORS INC,0000733590,10-K,2021-03-26,edgar/data/733590/0000733590-21-000003.txt
INTRUSION INC,0000736012,10-K,2021-03-09,edgar/data/736012/0001683168-21-000836.txt
CNB FINANCIAL CORP/PA,0000736772,10-K,2021-03-04,edgar/data/736772/0000736772-21-000017.txt
WASHINGTON TRUST BANCORP INC,0000737468,10-K,2021-02-25,edgar/data/737468/0000737468-21-000017.txt
OCEANEERING INTERNATIONAL INC,0000073756,10-K,2021-02-26,edgar/data/73756/0000073756-21-000023.txt
FIRST KEYSTONE CORP,0000737875,10-K,2021-03-15,edgar/data/737875/0000737875-21-000009.txt
"AEMETIS, INC",0000738214,10-K,2021-03-15,edgar/data/738214/0001654954-21-002764.txt
CITIZENS FINANCIAL SERVICES INC,0000739421,10-K,2021-03-11,edgar/data/739421/0001140361-21-008169.txt
OHIO EDISON CO,0000073960,10-K,2021-03-31,edgar/data/73960/0001578443-21-000005.txt
OHIO POWER CO,0000073986,10-K,2021-02-25,edgar/data/73986/0000004904-21-000010.txt
"Ventas, Inc.",0000740260,10-K,2021-02-23,edgar/data/740260/0000740260-21-000048.txt
FIRST OF LONG ISLAND CORP,0000740663,10-K,2021-03-12,edgar/data/740663/0001562762-21-000113.txt
F&M BANK CORP,0000740806,10-K,2021-03-18,edgar/data/740806/0001654954-21-002956.txt
OLD POINT FINANCIAL CORP,0000740971,10-K,2021-03-30,edgar/data/740971/0001140361-21-010845.txt
OKLAHOMA GAS & ELECTRIC CO,0000074145,10-K,2021-02-25,edgar/data/74145/0001021635-21-000026.txt
AMERICAN NATIONAL BANKSHARES INC.,0000741516,10-K,2021-03-08,edgar/data/741516/0001437749-21-005244.txt
"UDR, Inc.",0000074208,10-K,2021-02-18,edgar/data/74208/0000074208-21-000025.txt
INVACARE CORP,0000742112,10-K,2021-03-03,edgar/data/742112/0000742112-21-000012.txt
RPC INC,0000742278,10-K,2021-02-26,edgar/data/742278/0001104659-21-029211.txt
OLD REPUBLIC INTERNATIONAL CORP,0000074260,10-K,2021-03-01,edgar/data/74260/0000074260-21-000021.txt
OLIN Corp,0000074303,10-K,2021-02-22,edgar/data/74303/0000074303-21-000019.txt
ARMSTRONG WORLD INDUSTRIES INC,0000007431,10-K,2021-02-23,edgar/data/7431/0001564590-21-007297.txt
"SHYFT GROUP, INC.",0000743238,10-K,2021-03-25,edgar/data/743238/0001437749-21-007163.txt
BAR HARBOR BANKSHARES,0000743367,10-K,2021-03-10,edgar/data/743367/0001558370-21-002727.txt
"CLOUDCOMMERCE, INC.",0000743758,10-K,2021-03-15,edgar/data/743758/0001065949-21-000044.txt
"Celldex Therapeutics, Inc.",0000744218,10-K,2021-03-29,edgar/data/744218/0001104659-21-043161.txt
ST JOE Co,0000745308,10-K,2021-02-24,edgar/data/745308/0001558370-21-001636.txt
"ROSS STORES, INC.",0000745732,10-K,2021-03-30,edgar/data/745732/0000745732-21-000017.txt
"Oblong, Inc.",0000746210,10-K,2021-03-30,edgar/data/746210/0000746210-21-000024.txt
NEW ENGLAND REALTY ASSOCIATES LIMITED PARTNERSHIP,0000746514,10-K,2021-03-12,edgar/data/746514/0001558370-21-002894.txt
EXPEDITORS INTERNATIONAL OF WASHINGTON INC,0000746515,10-K,2021-02-19,edgar/data/746515/0001564590-21-006925.txt
UNISYS CORP,0000746838,10-K,2021-02-26,edgar/data/746838/0000746838-21-000014.txt
SURGE COMPONENTS INC,0000747540,10-K,2021-02-26,edgar/data/747540/0001213900-21-011934.txt
NTN BUZZTIME INC,0000748592,10-K,2021-03-11,edgar/data/748592/0001493152-21-005827.txt
GARTNER INC,0000749251,10-K,2021-02-24,edgar/data/749251/0000749251-21-000010.txt
Celsion CORP,0000749647,10-K,2021-03-19,edgar/data/749647/0001493152-21-006382.txt
ICAD INC,0000749660,10-K,2021-03-15,edgar/data/749660/0001193125-21-081487.txt
SCIENTIFIC GAMES CORP,0000750004,10-K,2021-03-01,edgar/data/750004/0000750004-21-000008.txt
QNB CORP,0000750558,10-K,2021-03-11,edgar/data/750558/0001564590-21-012482.txt
"AUBURN NATIONAL BANCORPORATION, INC",0000750574,10-K,2021-03-09,edgar/data/750574/0001193125-21-074880.txt
HANCOCK WHITNEY CORP,0000750577,10-K,2021-03-01,edgar/data/750577/0001564590-21-009576.txt
CAMDEN NATIONAL CORP,0000750686,10-K,2021-03-15,edgar/data/750686/0000750686-21-000026.txt
"NATIONAL RETAIL PROPERTIES, INC.",0000751364,10-K,2021-02-11,edgar/data/751364/0000751364-21-000018.txt
VICOR CORP,0000751978,10-K,2021-03-01,edgar/data/751978/0001193125-21-063132.txt
ELECTRONIC SYSTEMS TECHNOLOGY INC,0000752294,10-K,2021-03-09,edgar/data/752294/0001052918-21-000070.txt
OWENS & MINOR INC/VA/,0000075252,10-K,2021-02-24,edgar/data/75252/0000075252-21-000034.txt
"UMH PROPERTIES, INC.",0000752642,10-K,2021-03-10,edgar/data/752642/0001493152-21-005762.txt
MCGRATH RENTCORP,0000752714,10-K,2021-02-23,edgar/data/752714/0001564590-21-007546.txt
OXFORD INDUSTRIES INC,0000075288,10-K,2021-03-29,edgar/data/75288/0000075288-21-000004.txt
NEXTERA ENERGY INC,0000753308,10-K,2021-02-12,edgar/data/753308/0000753308-21-000014.txt
P&F INDUSTRIES INC,0000075340,10-K,2021-03-26,edgar/data/75340/0001104659-21-042284.txt
PACCAR INC,0000075362,10-K,2021-02-17,edgar/data/75362/0001564590-21-006370.txt
ARROW ELECTRONICS INC,0000007536,10-K,2021-02-11,edgar/data/7536/0001733391-21-000003.txt
PACIFIC GAS & ELECTRIC Co,0000075488,10-K,2021-02-25,edgar/data/75488/0001004980-21-000007.txt
UNITIL CORP,0000755001,10-K,2021-02-02,edgar/data/755001/0001193125-21-025264.txt
PACIFICORP /OR/,0000075594,10-K,2021-03-01,edgar/data/75594/0001081316-21-000011.txt
PACKAGING CORP OF AMERICA,0000075677,10-K,2021-02-24,edgar/data/75677/0001564590-21-008051.txt
CITIZENS FINANCIAL GROUP INC/RI,0000759944,10-K,2021-02-23,edgar/data/759944/0000759944-21-000034.txt
BANCFIRST CORP /OK/,0000760498,10-K,2021-02-26,edgar/data/760498/0001564590-21-009287.txt
"PANHANDLE EASTERN PIPE LINE COMPANY, LP",0000076063,10-K,2021-02-19,edgar/data/76063/0000076063-21-000008.txt
"CEDAR REALTY TRUST, INC.",0000761648,10-K,2021-02-11,edgar/data/761648/0001564590-21-005533.txt
ARTS WAY MANUFACTURING CO INC,0000007623,10-K,2021-02-09,edgar/data/7623/0001437749-21-002312.txt
PARK OHIO HOLDINGS CORP,0000076282,10-K,2021-03-05,edgar/data/76282/0000076282-21-000013.txt
CHEMUNG FINANCIAL CORP,0000763563,10-K,2021-03-24,edgar/data/763563/0000763563-21-000045.txt
LCI INDUSTRIES,0000763744,10-K,2021-02-26,edgar/data/763744/0000763744-21-000019.txt
"POPULAR, INC.",0000763901,10-K,2021-03-01,edgar/data/763901/0001193125-21-063781.txt
FIRST UNITED CORP/MD/,0000763907,10-K,2021-03-25,edgar/data/763907/0001562762-21-000134.txt
SOUTH STATE Corp,0000764038,10-K,2021-02-26,edgar/data/764038/0001558370-21-001976.txt
CLEVELAND-CLIFFS INC.,0000764065,10-K,2021-02-26,edgar/data/764065/0000764065-21-000084.txt
"ALTRIA GROUP, INC.",0000764180,10-K,2021-02-26,edgar/data/764180/0000764180-21-000037.txt
VBI Vaccines Inc/BC,0000764195,10-K,2021-03-02,edgar/data/764195/0001493152-21-005171.txt
BEST BUY CO INC,0000764478,10-K,2021-03-19,edgar/data/764478/0000764478-21-000024.txt
PINNACLE WEST CAPITAL CORP,0000764622,10-K,2021-02-24,edgar/data/764622/0000764622-21-000013.txt
CATERPILLAR FINANCIAL SERVICES CORP,0000764764,10-K,2021-02-17,edgar/data/764764/0000764764-21-000015.txt
"First Bancorp, Inc /ME/",0000765207,10-K,2021-03-05,edgar/data/765207/0000765207-21-000013.txt
"HEALTHPEAK PROPERTIES, INC.",0000765880,10-K,2021-02-10,edgar/data/765880/0001628280-21-001804.txt
PATRICK INDUSTRIES INC,0000076605,10-K,2021-02-26,edgar/data/76605/0000076605-21-000059.txt
"ALASKA AIR GROUP, INC.",0000766421,10-K,2021-02-26,edgar/data/766421/0000766421-21-000018.txt
CAPSTEAD MORTGAGE CORP,0000766701,10-K,2021-02-19,edgar/data/766701/0001564590-21-006965.txt
WELLTOWER INC.,0000766704,10-K,2021-02-10,edgar/data/766704/0000766704-21-000018.txt
CVD EQUIPMENT CORP,0000766792,10-K,2021-03-31,edgar/data/766792/0001437749-21-007832.txt
SJW GROUP,0000766829,10-K,2021-03-01,edgar/data/766829/0000766829-21-000047.txt
"SB FINANCIAL GROUP, INC.",0000767405,10-K,2021-03-08,edgar/data/767405/0001213900-21-013974.txt
"Logicquest Technology, Inc.",0000768216,10-K,2021-03-31,edgar/data/768216/0001553350-21-000249.txt
CYBEROPTICS CORP,0000768411,10-K,2021-03-12,edgar/data/768411/0000897101-21-000173.txt
BIG LOTS INC,0000768835,10-K,2021-03-30,edgar/data/768835/0000768835-21-000028.txt
"TrueBlue, Inc.",0000768899,10-K,2021-02-22,edgar/data/768899/0000768899-21-000085.txt
"Autodesk, Inc.",0000769397,10-K,2021-03-19,edgar/data/769397/0000769397-21-000014.txt
MIDDLEBY CORP,0000769520,10-K,2021-03-03,edgar/data/769520/0000769520-21-000003.txt
PEOPLES FINANCIAL CORP /MS/,0000770460,10-K,2021-03-29,edgar/data/770460/0001437749-21-007386.txt
KOPIN CORP,0000771266,10-K,2021-03-05,edgar/data/771266/0001493152-21-005466.txt
PENN VIRGINIA CORP,0000077159,10-K,2021-03-09,edgar/data/77159/0000077159-21-000016.txt
DOCUMENT SECURITY SYSTEMS INC,0000771999,10-K,2021-03-31,edgar/data/771999/0001493152-21-007382.txt
PENNSYLVANIA REAL ESTATE INVESTMENT TRUST,0000077281,10-K,2021-03-16,edgar/data/77281/0001564590-21-013558.txt
"M.D.C. HOLDINGS, INC.",0000773141,10-K,2021-02-02,edgar/data/773141/0000773141-21-000024.txt
PENTAIR plc,0000077360,10-K,2021-02-16,edgar/data/77360/0000077360-21-000005.txt
"Standard Metals Processing, Inc.",0000773717,10-K,2021-01-26,edgar/data/773717/0001213900-21-004401.txt
HONEYWELL INTERNATIONAL INC,0000773840,10-K,2021-02-12,edgar/data/773840/0000773840-21-000015.txt
CORTLAND BANCORP INC,0000774569,10-K,2021-03-17,edgar/data/774569/0001437749-21-006324.txt
PEPSICO INC,0000077476,10-K,2021-02-11,edgar/data/77476/0000077476-21-000007.txt
"HBT Financial, Inc.",0000775215,10-K,2021-03-12,edgar/data/775215/0001558370-21-002913.txt
ALLEGHANY CORP /DE,0000775368,10-K,2021-02-23,edgar/data/775368/0001564590-21-007601.txt
TUTOR PERINI CORP,0000077543,10-K,2021-02-24,edgar/data/77543/0000077543-21-000020.txt
WHITE MOUNTAINS INSURANCE GROUP LTD,0000776867,10-K,2021-02-26,edgar/data/776867/0000776867-21-000004.txt
INDEPENDENT BANK CORP,0000776901,10-K,2021-02-26,edgar/data/776901/0000776901-21-000083.txt
PRUCO LIFE INSURANCE CO,0000777917,10-K,2021-03-19,edgar/data/777917/0000777917-21-000005.txt
"Alto Ingredients, Inc.",0000778164,10-K,2021-03-26,edgar/data/778164/0001213900-21-017995.txt
"PDC ENERGY, INC.",0000077877,10-K,2021-02-25,edgar/data/77877/0000077877-21-000020.txt
BLUEGREEN VACATIONS CORP,0000778946,10-K,2021-03-01,edgar/data/778946/0000778946-21-000012.txt
ASSOCIATED BANC-CORP,0000007789,10-K,2021-02-09,edgar/data/7789/0000007789-21-000018.txt
PFIZER INC,0000078003,10-K,2021-02-25,edgar/data/78003/0000078003-21-000038.txt
"ITRON, INC.",0000780571,10-K,2021-02-24,edgar/data/780571/0000780571-21-000009.txt
PECO ENERGY CO,0000078100,10-K,2021-02-24,edgar/data/78100/0001109357-21-000022.txt
"Essential Utilities, Inc.",0000078128,10-K,2021-03-01,edgar/data/78128/0001562762-21-000081.txt
INTERNATIONAL BALER CORP,0000781902,10-K,2021-01-29,edgar/data/781902/0001607062-21-000019.txt
PVH CORP. /DE/,0000078239,10-K,2021-03-31,edgar/data/78239/0000078239-21-000017.txt
DUKE REALTY CORP,0000783280,10-K,2021-02-19,edgar/data/783280/0000783280-21-000012.txt
VISTA GOLD CORP,0000783324,10-K,2021-02-26,edgar/data/783324/0000783324-21-000005.txt
"WEC ENERGY GROUP, INC.",0000783325,10-K,2021-02-25,edgar/data/783325/0000107815-21-000079.txt
CRYOLIFE INC,0000784199,10-K,2021-02-23,edgar/data/784199/0000784199-21-000037.txt
PIEDMONT NATURAL GAS CO INC,0000078460,10-K,2021-02-25,edgar/data/78460/0001326160-21-000063.txt
PORTLAND GENERAL ELECTRIC CO /OR/,0000784977,10-K,2021-02-19,edgar/data/784977/0000784977-21-000007.txt
Encompass Health Corp,0000785161,10-K,2021-02-26,edgar/data/785161/0000785161-21-000006.txt
"ACURA PHARMACEUTICALS, INC",0000786947,10-K,2021-03-31,edgar/data/786947/0001104659-21-044760.txt
DPL INC,0000787250,10-K,2021-02-25,edgar/data/787250/0000787250-21-000007.txt
PITNEY BOWES INC /DE/,0000078814,10-K,2021-02-19,edgar/data/78814/0000078814-21-000011.txt
"SIGMA LABS, INC.",0000788611,10-K,2021-03-24,edgar/data/788611/0001493152-21-006709.txt
PUBLIC SERVICE ENTERPRISE GROUP INC,0000788784,10-K,2021-03-01,edgar/data/788784/0000788784-21-000007.txt
OGLETHORPE POWER CORP,0000788816,10-K,2021-03-19,edgar/data/788816/0001628280-21-005217.txt
BRINKS CO,0000078890,10-K,2021-03-01,edgar/data/78890/0000078890-21-000014.txt
HALLADOR ENERGY CO,0000788965,10-K,2021-03-09,edgar/data/788965/0001437749-21-005315.txt
WORLD FUEL SERVICES CORP,0000789460,10-K,2021-03-01,edgar/data/789460/0001628280-21-003481.txt
MGM Resorts International,0000789570,10-K,2021-02-26,edgar/data/789570/0001564590-21-009205.txt
NACCO INDUSTRIES INC,0000789933,10-K,2021-03-03,edgar/data/789933/0000789933-21-000011.txt
CARLISLE COMPANIES INC,0000790051,10-K,2021-02-11,edgar/data/790051/0000790051-21-000080.txt
PRESTIGE CAPITAL CORP,0000790179,10-K,2021-03-29,edgar/data/790179/0001554795-21-000097.txt
NBT BANCORP INC,0000790359,10-K,2021-03-01,edgar/data/790359/0001140361-21-006657.txt
"RadNet, Inc.",0000790526,10-K,2021-03-16,edgar/data/790526/0000790526-21-000009.txt
BRANDYWINE REALTY TRUST,0000790816,10-K,2021-02-24,edgar/data/790816/0000790816-21-000008.txt
XOMA Corp,0000791908,10-K,2021-03-10,edgar/data/791908/0001558370-21-002676.txt
OPPENHEIMER HOLDINGS INC,0000791963,10-K,2021-03-01,edgar/data/791963/0000791963-21-000008.txt
"BROWN & BROWN, INC.",0000079282,10-K,2021-02-23,edgar/data/79282/0001564590-21-007624.txt
FARMERS & MERCHANTS BANCORP INC,0000792966,10-K,2021-02-24,edgar/data/792966/0001564590-21-007929.txt
ASTEC INDUSTRIES INC,0000792987,10-K,2021-03-01,edgar/data/792987/0000792987-21-000016.txt
WERNER ENTERPRISES INC,0000793074,10-K,2021-02-24,edgar/data/793074/0000793074-21-000016.txt
BLUE DOLPHIN ENERGY CO,0000793306,10-K,2021-03-31,edgar/data/793306/0001654954-21-003642.txt
RESEARCH FRONTIERS INC,0000793524,10-K,2021-03-11,edgar/data/793524/0001493152-21-005808.txt
SKYWEST INC,0000793733,10-K,2021-02-22,edgar/data/793733/0001558370-21-001367.txt
"HARLEY-DAVIDSON, INC.",0000793952,10-K,2021-02-23,edgar/data/793952/0000793952-21-000010.txt
"Level 3 Parent, LLC",0000794323,10-K,2021-03-03,edgar/data/794323/0000794323-21-000005.txt
"Macy's, Inc.",0000794367,10-K,2021-03-29,edgar/data/794367/0001564590-21-016119.txt
KB HOME,0000795266,10-K,2021-01-22,edgar/data/795266/0000795266-21-000012.txt
WATTS WATER TECHNOLOGIES INC,0000795403,10-K,2021-02-18,edgar/data/795403/0001558370-21-001199.txt
ADOBE INC.,0000796343,10-K,2021-01-15,edgar/data/796343/0000796343-21-000004.txt
NATIONAL BANKSHARES INC,0000796534,10-K,2021-03-18,edgar/data/796534/0001437749-21-006364.txt
POTOMAC ELECTRIC POWER CO,0000079732,10-K,2021-02-24,edgar/data/79732/0001109357-21-000022.txt
"HG Holdings, Inc.",0000797465,10-K,2021-03-01,edgar/data/797465/0001437749-21-004617.txt
OCCIDENTAL PETROLEUM CORP /DE/,0000797468,10-K,2021-02-26,edgar/data/797468/0000797468-21-000009.txt
Viewbix Inc.,0000797542,10-K,2021-03-16,edgar/data/797542/0001493152-21-006123.txt
PAM TRANSPORTATION SERVICES INC,0000798287,10-K,2021-03-05,edgar/data/798287/0001437749-21-005114.txt
FISERV INC,0000798354,10-K,2021-02-26,edgar/data/798354/0000798354-21-000004.txt
INVESTORS REAL ESTATE TRUST,0000798359,10-K,2021-02-22,edgar/data/798359/0001628280-21-002665.txt
ODYSSEY MARINE EXPLORATION INC,0000798528,10-K,2021-03-31,edgar/data/798528/0001193125-21-101428.txt
UNIVERSAL HEALTH REALTY INCOME TRUST,0000798783,10-K,2021-02-25,edgar/data/798783/0001564590-21-008850.txt
PPG INDUSTRIES INC,0000079879,10-K,2021-02-18,edgar/data/79879/0000079879-21-000008.txt
FIRST CITIZENS BANCSHARES INC /DE/,0000798941,10-K,2021-02-24,edgar/data/798941/0000798941-21-000014.txt
UNIT CORP,0000798949,10-K,2021-03-31,edgar/data/798949/0000798949-21-000014.txt
DAWSON GEOPHYSICAL CO,0000799165,10-K,2021-03-16,edgar/data/799165/0001558370-21-003090.txt
MARTEN TRANSPORT LTD,0000799167,10-K,2021-03-01,edgar/data/799167/0001437749-21-004453.txt
HEARTLAND EXPRESS INC,0000799233,10-K,2021-02-22,edgar/data/799233/0000799233-21-000016.txt
"LANDS' END, INC.",0000799288,10-K,2021-03-25,edgar/data/799288/0001564590-21-015555.txt
"M/I HOMES, INC.",0000799292,10-K,2021-02-19,edgar/data/799292/0000799292-21-000032.txt
CYTRX CORP,0000799698,10-K,2021-03-24,edgar/data/799698/0001493152-21-006668.txt
ODP Corp,0000800240,10-K,2021-02-24,edgar/data/800240/0001564590-21-008074.txt
PREFORMED LINE PRODUCTS CO,0000080035,10-K,2021-03-05,edgar/data/80035/0001564590-21-011273.txt
DONEGAL GROUP INC,0000800457,10-K,2021-03-05,edgar/data/800457/0001193125-21-071327.txt
WEBSTER FINANCIAL CORP,0000801337,10-K,2021-02-26,edgar/data/801337/0000801337-21-000011.txt
NATIONAL PRESTO INDUSTRIES INC,0000080172,10-K,2021-03-16,edgar/data/80172/0001437749-21-006162.txt
"Mitesco, Inc.",0000802257,10-K,2021-03-25,edgar/data/802257/0001185185-21-000369.txt
PILGRIMS PRIDE CORP,0000802481,10-K,2021-02-11,edgar/data/802481/0000802481-21-000015.txt
BRYN MAWR BANK CORP,0000802681,10-K,2021-03-01,edgar/data/802681/0000802681-21-000111.txt
INFORMATION ANALYSIS INC,0000803578,10-K,2021-03-31,edgar/data/803578/0001437749-21-007829.txt
Equity Commonwealth,0000803649,10-K,2021-02-11,edgar/data/803649/0000803649-21-000023.txt
"General Motors Financial Company, Inc.",0000804269,10-K,2021-02-10,edgar/data/804269/0000804269-21-000005.txt
CERNER Corp,0000804753,10-K,2021-02-19,edgar/data/804753/0000804753-21-000009.txt
PARK NATIONAL CORP /OH/,0000805676,10-K,2021-02-26,edgar/data/805676/0000805676-21-000030.txt
"Axogen, Inc.",0000805928,10-K,2021-03-01,edgar/data/805928/0000805928-21-000044.txt
CODORUS VALLEY BANCORP INC,0000806279,10-K,2021-03-09,edgar/data/806279/0000806279-21-000029.txt
ASTRONICS CORP,0000008063,10-K,2021-03-01,edgar/data/8063/0000008063-21-000007.txt
PSYCHEMEDICS CORP,0000806517,10-K,2021-03-26,edgar/data/806517/0001171843-21-002107.txt
PROGRESSIVE CORP/OH/,0000080661,10-K,2021-03-01,edgar/data/80661/0000080661-21-000014.txt
Baker Hughes Holdings LLC,0000808362,10-K,2021-02-25,edgar/data/808362/0000808362-21-000004.txt
"CARROLS RESTAURANT GROUP, INC.",0000809248,10-K,2021-03-11,edgar/data/809248/0000809248-21-000050.txt
PHOTRONICS INC,0000810136,10-K,2021-01-15,edgar/data/810136/0001140361-21-001225.txt
PUBLIC SERVICE CO OF COLORADO,0000081018,10-K,2021-02-17,edgar/data/81018/0000081018-21-000008.txt
"Duke Energy Indiana, LLC",0000081020,10-K,2021-02-25,edgar/data/81020/0001326160-21-000063.txt
PUBLIC SERVICE CO OF NEW MEXICO,0000081023,10-K,2021-03-01,edgar/data/81023/0001108426-21-000010.txt
PUBLIC SERVICE CO OF OKLAHOMA,0000081027,10-K,2021-02-25,edgar/data/81027/0000004904-21-000010.txt
PUBLIC SERVICE ELECTRIC & GAS CO,0000081033,10-K,2021-03-01,edgar/data/81033/0000788784-21-000007.txt
"NAVIDEA BIOPHARMACEUTICALS, INC.",0000810509,10-K,2021-03-26,edgar/data/810509/0001437749-21-007329.txt
PUBLIX SUPER MARKETS INC,0000081061,10-K,2021-03-01,edgar/data/81061/0000081061-21-000014.txt
CITIZENS & NORTHERN CORP,0000810958,10-K,2021-03-05,edgar/data/810958/0001558370-21-002437.txt
PUGET SOUND ENERGY INC,0000081100,10-K,2021-02-26,edgar/data/81100/0001085392-21-000011.txt
CMS ENERGY CORP,0000811156,10-K,2021-02-11,edgar/data/811156/0000811156-21-000016.txt
"ThermoGenesis Holdings, Inc.",0000811212,10-K,2021-03-17,edgar/data/811212/0001437749-21-006335.txt
Cardiff Lexington Corp,0000811222,10-K,2021-03-31,edgar/data/811222/0001683168-21-001166.txt
"BIOLASE, INC",0000811240,10-K,2021-03-31,edgar/data/811240/0001564590-21-017121.txt
CEDAR FAIR L P,0000811532,10-K,2021-02-19,edgar/data/811532/0000811532-21-000033.txt
PGI INC,0000081157,10-K,2021-03-31,edgar/data/81157/0001654954-21-003578.txt
FIRST BANCORP /NC/,0000811589,10-K,2021-02-26,edgar/data/811589/0000811589-21-000006.txt
KAISER ALUMINUM CORP,0000811596,10-K,2021-02-26,edgar/data/811596/0001564590-21-009132.txt
IMMUCELL CORP /DE/,0000811641,10-K,2021-03-30,edgar/data/811641/0001213900-21-018473.txt
"SUMMIT FINANCIAL GROUP, INC.",0000811808,10-K,2021-03-11,edgar/data/811808/0000811808-21-000009.txt
"Santander Holdings USA, Inc.",0000811830,10-K,2021-03-03,edgar/data/811830/0000811830-21-000006.txt
"O-I Glass, Inc. /DE/",0000812074,10-K,2021-02-16,edgar/data/812074/0001558370-21-001009.txt
RIDGEFIELD ACQUISITION CORP,0000812152,10-K,2021-03-04,edgar/data/812152/0001104659-21-031633.txt
CENTURY BANCORP INC,0000812348,10-K,2021-03-10,edgar/data/812348/0001193125-21-075928.txt
"SOLIGENIX, INC.",0000812796,10-K,2021-03-30,edgar/data/812796/0001213900-21-018698.txt
"DESTINATION XL GROUP, INC.",0000813298,10-K,2021-03-19,edgar/data/813298/0001564590-21-014278.txt
QUAKER CHEMICAL CORP,0000081362,10-K,2021-03-01,edgar/data/81362/0000081362-21-000004.txt
CADENCE DESIGN SYSTEMS INC,0000813672,10-K,2021-02-22,edgar/data/813672/0000813672-21-000009.txt
ICAHN ENTERPRISES L.P.,0000813762,10-K,2021-02-26,edgar/data/813762/0001558370-21-002010.txt
ViacomCBS Inc.,0000813828,10-K,2021-02-24,edgar/data/813828/0000813828-21-000005.txt
NEWELL BRANDS INC.,0000814453,10-K,2021-02-19,edgar/data/814453/0000814453-21-000050.txt
MBIA INC,0000814585,10-K,2021-03-01,edgar/data/814585/0001193125-21-063676.txt
"Lifeway Foods, Inc.",0000814586,10-K,2021-03-25,edgar/data/814586/0001683168-21-001046.txt
CPS TECHNOLOGIES CORP/DE/,0000814676,10-K,2021-03-17,edgar/data/814676/0000814676-21-000015.txt
"CAPSTONE COMPANIES, INC.",0000814926,10-K,2021-03-31,edgar/data/814926/0000939802-21-000025.txt
CARNIVAL CORP,0000815097,10-K,2021-01-26,edgar/data/815097/0000815097-21-000027.txt
FASTENAL CO,0000815556,10-K,2021-02-08,edgar/data/815556/0000815556-21-000008.txt
JONES FINANCIAL COMPANIES LLLP,0000815917,10-K,2021-03-12,edgar/data/815917/0001564590-21-012829.txt
TERADATA CORP /DE/,0000816761,10-K,2021-02-26,edgar/data/816761/0000816761-21-000009.txt
CONMED CORP,0000816956,10-K,2021-02-22,edgar/data/816956/0000816956-21-000003.txt
ATLANTIC AMERICAN CORP,0000008177,10-K,2021-03-23,edgar/data/8177/0001140361-21-009603.txt
"HERON THERAPEUTICS, INC. /DE/",0000818033,10-K,2021-02-24,edgar/data/818033/0001564590-21-007841.txt
DENTSPLY SIRONA Inc.,0000818479,10-K,2021-03-01,edgar/data/818479/0000818479-21-000007.txt
SECURITY FEDERAL CORP,0000818677,10-K,2021-03-29,edgar/data/818677/0000939057-21-000114.txt
TEVA PHARMACEUTICAL INDUSTRIES LTD,0000818686,10-K,2021-02-10,edgar/data/818686/0001193125-21-036239.txt
"Brickell Biotech, Inc.",0000819050,10-K,2021-03-09,edgar/data/819050/0000819050-21-000029.txt
ATLANTIC CITY ELECTRIC CO,0000008192,10-K,2021-02-24,edgar/data/8192/0001109357-21-000022.txt
RAND CAPITAL CORP,0000081955,10-K,2021-03-08,edgar/data/81955/0001193125-21-072292.txt
ALBANY INTERNATIONAL CORP /DE/,0000819793,10-K,2021-02-25,edgar/data/819793/0000819793-21-000017.txt
HALLMARK FINANCIAL SERVICES INC,0000819913,10-K,2021-03-15,edgar/data/819913/0001558370-21-003015.txt
AMERIPRISE FINANCIAL INC,0000820027,10-K,2021-02-24,edgar/data/820027/0000820027-21-000012.txt
UNITED STATES LIME & MINERALS INC,0000082020,10-K,2021-02-26,edgar/data/82020/0001558370-21-002002.txt
AMPHENOL CORP /DE/,0000820313,10-K,2021-02-10,edgar/data/820313/0001558370-21-000881.txt
G III APPAREL GROUP LTD /DE/,0000821002,10-K,2021-03-26,edgar/data/821002/0001558370-21-003547.txt
"Andersons, Inc.",0000821026,10-K,2021-02-25,edgar/data/821026/0000821026-21-000060.txt
BOSTON PRIVATE FINANCIAL HOLDINGS INC,0000821127,10-K,2021-03-01,edgar/data/821127/0000821127-21-000029.txt
UNITED STATES CELLULAR CORP,0000821130,10-K,2021-02-18,edgar/data/821130/0000821130-21-000008.txt
EOG RESOURCES INC,0000821189,10-K,2021-02-25,edgar/data/821189/0000821189-21-000017.txt
"PAR PACIFIC HOLDINGS, INC.",0000821483,10-K,2021-03-08,edgar/data/821483/0000821483-21-000018.txt
RAVEN INDUSTRIES INC,0000082166,10-K,2021-03-24,edgar/data/82166/0000082166-21-000042.txt
"Emmaus Life Sciences, Inc.",0000822370,10-K,2021-01-25,edgar/data/822370/0001564590-21-001977.txt
PULTEGROUP INC/MI/,0000822416,10-K,2021-02-02,edgar/data/822416/0000822416-21-000007.txt
INTER PARFUMS INC,0000822663,10-K,2021-03-01,edgar/data/822663/0001213900-21-012513.txt
"INFINITY ENERGY RESOURCES, INC",0000822746,10-K,2021-03-30,edgar/data/822746/0001493152-21-007173.txt
CLEAN HARBORS INC,0000822818,10-K,2021-02-24,edgar/data/822818/0000822818-21-000003.txt
WASTE MANAGEMENT INC,0000823768,10-K,2021-02-22,edgar/data/823768/0001558370-21-001348.txt
"AAON, INC.",0000824142,10-K,2021-02-25,edgar/data/824142/0000824142-21-000030.txt
SANDY SPRING BANCORP INC,0000824410,10-K,2021-02-19,edgar/data/824410/0000824410-21-000017.txt
ALLIANCEBERNSTEIN HOLDING L.P.,0000825313,10-K,2021-02-11,edgar/data/825313/0000825313-21-000006.txt
MPHASE TECHNOLOGIES INC,0000825322,10-K,2021-01-05,edgar/data/825322/0001493152-21-000239.txt
DIVALL INSURED INCOME PROPERTIES 2 LIMITED PARTNERSHIP,0000825788,10-K,2021-03-26,edgar/data/825788/0001493152-21-006899.txt
ORRSTOWN FINANCIAL SERVICES INC,0000826154,10-K,2021-03-15,edgar/data/826154/0000826154-21-000085.txt
DYNEX CAPITAL INC,0000826675,10-K,2021-03-01,edgar/data/826675/0000826675-21-000015.txt
EDISON INTERNATIONAL,0000827052,10-K,2021-02-25,edgar/data/827052/0000827052-21-000019.txt
Ocean Thermal Energy Corp,0000827099,10-K,2021-03-30,edgar/data/827099/0001654954-21-003485.txt
Sleep Number Corp,0000827187,10-K,2021-03-02,edgar/data/827187/0000827187-21-000011.txt
"EAGLE PHARMACEUTICALS, INC.",0000827871,10-K,2021-03-05,edgar/data/827871/0000827871-21-000011.txt
REGAL BELOIT CORP,0000082811,10-K,2021-03-02,edgar/data/82811/0000082811-21-000043.txt
INTERLINK ELECTRONICS INC,0000828146,10-K,2021-03-17,edgar/data/828146/0001104659-21-037332.txt
WEINGARTEN REALTY INVESTORS /TX/,0000828916,10-K,2021-02-26,edgar/data/828916/0001558370-21-001992.txt
WSFS FINANCIAL CORP,0000828944,10-K,2021-03-01,edgar/data/828944/0000828944-21-000007.txt
"Inuvo, Inc.",0000829323,10-K,2021-02-11,edgar/data/829323/0000829323-21-000010.txt
"SPYR, Inc.",0000829325,10-K,2021-03-31,edgar/data/829325/0001262463-21-000108.txt
"VIDLER WATER RESOURCES, INC.",0000830122,10-K,2021-03-15,edgar/data/830122/0000830122-21-000013.txt
"SCI Engineered Materials, Inc.",0000830616,10-K,2021-01-29,edgar/data/830616/0001104659-21-009058.txt
CITIGROUP INC,0000831001,10-K,2021-02-26,edgar/data/831001/0000831001-21-000042.txt
FREEPORT-MCMORAN INC,0000831259,10-K,2021-02-16,edgar/data/831259/0000831259-21-000009.txt
FINOTEC GROUP INC,0000831378,10-K,2021-03-12,edgar/data/831378/0001213900-21-015057.txt
SPECTRUM PHARMACEUTICALS INC,0000831547,10-K,2021-03-31,edgar/data/831547/0000831547-21-000009.txt
PARTNERS BANCORP,0000832090,10-K,2021-03-30,edgar/data/832090/0001558370-21-003683.txt
IDEX CORP /DE/,0000832101,10-K,2021-02-25,edgar/data/832101/0000832101-21-000017.txt
E.W. SCRIPPS Co,0000832428,10-K,2021-02-26,edgar/data/832428/0000832428-21-000019.txt
HSBC USA INC /MD/,0000083246,10-K,2021-02-23,edgar/data/83246/0000083246-21-000004.txt
UTG INC,0000832480,10-K,2021-03-25,edgar/data/832480/0000832480-21-000005.txt
"GeoVax Labs, Inc.",0000832489,10-K,2021-03-23,edgar/data/832489/0001437749-21-006906.txt
SIGNET JEWELERS LTD,0000832988,10-K,2021-03-19,edgar/data/832988/0000832988-21-000025.txt
Meritage Homes CORP,0000833079,10-K,2021-02-12,edgar/data/833079/0000833079-21-000019.txt
RESERVE PETROLEUM CO,0000083350,10-K,2021-03-31,edgar/data/83350/0001437749-21-007732.txt
POWER INTEGRATIONS INC,0000833640,10-K,2021-02-05,edgar/data/833640/0000833640-21-000025.txt
REPUBLIC FIRST BANCORP INC,0000834285,10-K,2021-03-11,edgar/data/834285/0001437749-21-005735.txt
BIOLIFE SOLUTIONS INC,0000834365,10-K,2021-03-31,edgar/data/834365/0001437749-21-007867.txt
MGP INGREDIENTS INC,0000835011,10-K,2021-02-25,edgar/data/835011/0001628280-21-003174.txt
"Stock Yards Bancorp, Inc.",0000835324,10-K,2021-02-26,edgar/data/835324/0001437749-21-004222.txt
MIDDLEFIELD BANC CORP,0000836147,10-K,2021-03-12,edgar/data/836147/0001437749-21-005904.txt
VOYA RETIREMENT INSURANCE & ANNUITY Co,0000837010,10-K,2021-03-16,edgar/data/837010/0000837010-21-000042.txt
CALLAWAY GOLF CO,0000837465,10-K,2021-03-01,edgar/data/837465/0000837465-21-000003.txt
"IDEANOMICS, INC.",0000837852,10-K,2021-03-31,edgar/data/837852/0001104659-21-044740.txt
WILLAMETTE VALLEY VINEYARDS INC,0000838875,10-K,2021-03-15,edgar/data/838875/0001654954-21-002818.txt
"WESTWATER RESOURCES, INC.",0000839470,10-K,2021-02-16,edgar/data/839470/0001558370-21-000999.txt
"FIRSTCASH, INC",0000840489,10-K,2021-02-01,edgar/data/840489/0000840489-21-000028.txt
CLEARONE INC,0000840715,10-K,2021-03-31,edgar/data/840715/0001753926-21-000080.txt
Coro Global Inc.,0000842013,10-K,2021-03-31,edgar/data/842013/0001213900-21-019290.txt
LEAR CORP,0000842162,10-K,2021-02-10,edgar/data/842162/0000842162-21-000010.txt
RPT Realty,0000842183,10-K,2021-02-18,edgar/data/842183/0000842183-21-000022.txt
RLI CORP,0000084246,10-K,2021-02-19,edgar/data/84246/0001564590-21-006861.txt
ISABELLA BANK Corp,0000842517,10-K,2021-03-10,edgar/data/842517/0000842517-21-000069.txt
EVANS BANCORP INC,0000842518,10-K,2021-03-19,edgar/data/842518/0000842518-21-000010.txt
TRIMAS CORP,0000842633,10-K,2021-02-25,edgar/data/842633/0000842633-21-000005.txt
"BLUE RIDGE BANKSHARES, INC.",0000842717,10-K,2021-03-29,edgar/data/842717/0001564590-21-016162.txt
ISSUER DIRECT CORP,0000843006,10-K,2021-03-04,edgar/data/843006/0001654954-21-002389.txt
"FRP HOLDINGS, INC.",0000844059,10-K,2021-03-19,edgar/data/844059/0000844059-21-000008.txt
Healthier Choices Management Corp.,0000844856,10-K,2021-03-08,edgar/data/844856/0000844856-21-000019.txt
DIAMONDHEAD CASINO CORP,0000844887,10-K,2021-03-16,edgar/data/844887/0001493152-21-006085.txt
TETRA TECHNOLOGIES INC,0000844965,10-K,2021-03-05,edgar/data/844965/0000844965-21-000002.txt
PRINCETON CAPITAL CORP,0000845385,10-K,2021-03-31,edgar/data/845385/0001213900-21-019194.txt
GRANT PARK FUTURES FUND LIMITED PARTNERSHIP,0000845698,10-K,2021-03-11,edgar/data/845698/0001558370-21-002790.txt
FEDERAL AGRICULTURAL MORTGAGE CORP,0000845877,10-K,2021-02-25,edgar/data/845877/0000845877-21-000024.txt
ZYNEX INC,0000846475,10-K,2021-02-25,edgar/data/846475/0001104659-21-028312.txt
"Dime Community Bancshares, Inc. /NY/",0000846617,10-K,2021-03-15,edgar/data/846617/0000846617-21-000014.txt
LAKELAND BANCORP INC,0000846901,10-K,2021-03-08,edgar/data/846901/0000846901-21-000003.txt
"FUEL TECH, INC.",0000846913,10-K,2021-03-15,edgar/data/846913/0001437749-21-006048.txt
ROGERS CORP,0000084748,10-K,2021-02-19,edgar/data/84748/0000084748-21-000021.txt
STRATEGIC ACQUISITIONS INC /NV/,0000847942,10-K,2021-03-31,edgar/data/847942/0001493152-21-007520.txt
ROLLINS INC,0000084839,10-K,2021-02-26,edgar/data/84839/0001171200-21-000076.txt
Heritage Global Inc.,0000849145,10-K,2021-03-08,edgar/data/849145/0001564590-21-011476.txt
SILGAN HOLDINGS INC,0000849869,10-K,2021-02-25,edgar/data/849869/0000849869-21-000033.txt
BP PRUDHOE BAY ROYALTY TRUST,0000850033,10-K,2021-03-16,edgar/data/850033/0001193125-21-082983.txt
HORACE MANN EDUCATORS CORP /DE/,0000850141,10-K,2021-02-26,edgar/data/850141/0001628280-21-003421.txt
"FOOT LOCKER, INC.",0000850209,10-K,2021-03-25,edgar/data/850209/0000850209-21-000003.txt
"Sorrento Therapeutics, Inc.",0000850261,10-K,2021-02-19,edgar/data/850261/0001564590-21-006983.txt
TREDEGAR CORP,0000850429,10-K,2021-03-16,edgar/data/850429/0000850429-21-000020.txt
ENCORE WIRE CORP,0000850460,10-K,2021-02-22,edgar/data/850460/0000850460-21-000016.txt
AgEagle Aerial Systems Inc.,0000008504,10-K,2021-03-31,edgar/data/8504/0001575705-21-000158.txt
Fovea Jewelry Holdings Ltd.,0000850971,10-K,2021-03-26,edgar/data/850971/0001477932-21-001720.txt
COGNEX CORP,0000851205,10-K,2021-02-11,edgar/data/851205/0000851205-21-000005.txt
HARMONIC INC,0000851310,10-K,2021-03-02,edgar/data/851310/0000851310-21-000012.txt
EXPONENT INC,0000851520,10-K,2021-02-26,edgar/data/851520/0001564590-21-009433.txt
MOHAWK INDUSTRIES INC,0000851968,10-K,2021-02-24,edgar/data/851968/0000851968-21-000019.txt
DENNY'S Corp,0000852772,10-K,2021-03-01,edgar/data/852772/0000852772-21-000035.txt
LANDSTAR SYSTEM INC,0000853816,10-K,2021-02-23,edgar/data/853816/0001193125-21-052225.txt
"GREAT SOUTHERN BANCORP, INC.",0000854560,10-K,2021-03-05,edgar/data/854560/0001104659-21-032781.txt
"MICT, Inc.",0000854800,10-K,2021-03-31,edgar/data/854800/0001213900-21-018976.txt
ZIX CORP,0000855612,10-K,2021-03-05,edgar/data/855612/0001564590-21-011255.txt
"ImmunoGen, Inc.",0000855654,10-K,2021-03-01,edgar/data/855654/0001558370-21-002170.txt
LATTICE SEMICONDUCTOR CORP,0000855658,10-K,2021-02-26,edgar/data/855658/0001437749-21-004238.txt
MILESTONE SCIENTIFIC INC.,0000855683,10-K,2021-03-31,edgar/data/855683/0001437749-21-007838.txt
COMMUNITY FINANCIAL CORP /MD/,0000855874,10-K,2021-03-04,edgar/data/855874/0001628280-21-003922.txt
MERIT MEDICAL SYSTEMS INC,0000856982,10-K,2021-03-01,edgar/data/856982/0000856982-21-000003.txt
USA EQUITIES CORP.,0000856984,10-K,2021-03-11,edgar/data/856984/0001493152-21-005816.txt
"ICONIX BRAND GROUP, INC.",0000857737,10-K,2021-03-31,edgar/data/857737/0001564590-21-017054.txt
UNITED COMMUNITY BANKS INC,0000857855,10-K,2021-02-25,edgar/data/857855/0000857855-21-000012.txt
CABOT OIL & GAS CORP,0000858470,10-K,2021-02-26,edgar/data/858470/0000858470-21-000013.txt
EMCLAIRE FINANCIAL CORP,0000858800,10-K,2021-03-19,edgar/data/858800/0001437749-21-006568.txt
FIRST COMMUNITY BANKSHARES INC /VA/,0000859070,10-K,2021-03-12,edgar/data/859070/0001437749-21-005876.txt
SEACOR HOLDINGS INC /NEW/,0000859598,10-K,2021-02-25,edgar/data/859598/0000859598-21-000006.txt
RYDER SYSTEM INC,0000085961,10-K,2021-02-19,edgar/data/85961/0000085961-21-000073.txt
FIRST INTERSTATE BANCSYSTEM INC,0000860413,10-K,2021-03-01,edgar/data/860413/0000860413-21-000102.txt
Jacksam Corp,0000860543,10-K,2021-03-31,edgar/data/860543/0001477932-21-001923.txt
CORPORATE OFFICE PROPERTIES TRUST,0000860546,10-K,2021-02-12,edgar/data/860546/0000860546-21-000010.txt
"HCA Healthcare, Inc.",0000860730,10-K,2021-02-19,edgar/data/860730/0001193125-21-048994.txt
TYLER TECHNOLOGIES INC,0000860731,10-K,2021-02-19,edgar/data/860731/0000860731-21-000014.txt
KEMPER Corp,0000860748,10-K,2021-02-10,edgar/data/860748/0000860748-21-000039.txt
SAFEGUARD SCIENTIFICS INC,0000086115,10-K,2021-03-05,edgar/data/86115/0001437749-21-005171.txt
FUTURES PORTFOLIO FUND L.P.,0000861441,10-K,2021-03-30,edgar/data/861441/0001387131-21-003981.txt
GRANITE CONSTRUCTION INC,0000861459,10-K,2021-02-22,edgar/data/861459/0001437749-21-003662.txt
GRANITE CONSTRUCTION INC,0000861459,10-K,2021-03-30,edgar/data/861459/0001437749-21-007679.txt
"IDERA PHARMACEUTICALS, INC.",0000861838,10-K,2021-03-01,edgar/data/861838/0001558370-21-002152.txt
CATHAY GENERAL BANCORP,0000861842,10-K,2021-03-01,edgar/data/861842/0001437749-21-004299.txt
STERICYCLE INC,0000861878,10-K,2021-02-25,edgar/data/861878/0001628280-21-003165.txt
RELIANCE STEEL & ALUMINUM CO,0000861884,10-K,2021-02-25,edgar/data/861884/0001558370-21-001836.txt
HUGOTON ROYALTY TRUST,0000862022,10-K,2021-03-31,edgar/data/862022/0001193125-21-102359.txt
CRYO CELL INTERNATIONAL INC,0000862692,10-K,2021-03-01,edgar/data/862692/0001564590-21-009945.txt
FINANCIAL INSTITUTIONS INC,0000862831,10-K,2021-03-15,edgar/data/862831/0001564590-21-013158.txt
JanOne Inc.,0000862861,10-K,2021-03-30,edgar/data/862861/0001564590-21-016696.txt
ARTESIAN RESOURCES CORP,0000863110,10-K,2021-03-12,edgar/data/863110/0000863110-21-000005.txt
"TRAVELERS COMPANIES, INC.",0000086312,10-K,2021-02-11,edgar/data/86312/0000086312-21-000011.txt
BENCHMARK ELECTRONICS INC,0000863436,10-K,2021-03-01,edgar/data/863436/0001564590-21-009779.txt
SYPRIS SOLUTIONS INC,0000864240,10-K,2021-03-18,edgar/data/864240/0001437749-21-006412.txt
TRIMBLE INC.,0000864749,10-K,2021-02-26,edgar/data/864749/0000864749-21-000029.txt
NATIONAL SECURITY GROUP INC,0000865058,10-K,2021-03-19,edgar/data/865058/0000865058-21-000010.txt
SAN DIEGO GAS & ELECTRIC CO,0000086521,10-K,2021-02-25,edgar/data/86521/0001032208-21-000007.txt
Monster Beverage Corp,0000865752,10-K,2021-03-01,edgar/data/865752/0001104659-21-029943.txt
PS BUSINESS PARKS INC/CA,0000866368,10-K,2021-02-23,edgar/data/866368/0000866368-21-000008.txt
ION GEOPHYSICAL CORP,0000866609,10-K,2021-02-12,edgar/data/866609/0001437749-21-002669.txt
HELIX ENERGY SOLUTIONS GROUP INC,0000866829,10-K,2021-02-25,edgar/data/866829/0000866829-21-000007.txt
SUNPOWER CORP,0000867773,10-K,2021-02-22,edgar/data/867773/0000867773-21-000026.txt
EVERFLOW EASTERN PARTNERS LP,0000868082,10-K,2021-03-25,edgar/data/868082/0001437749-21-007133.txt
SEVERN BANCORP INC,0000868271,10-K,2021-03-31,edgar/data/868271/0001558370-21-003804.txt
"ProPhase Labs, Inc.",0000868278,10-K,2021-03-31,edgar/data/868278/0001493152-21-007538.txt
"GLACIER BANCORP, INC.",0000868671,10-K,2021-03-01,edgar/data/868671/0000868671-21-000037.txt
"Dorman Products, Inc.",0000868780,10-K,2021-02-22,edgar/data/868780/0001564590-21-007175.txt
SB PARTNERS,0000087047,10-K,2021-03-30,edgar/data/87047/0001437749-21-007573.txt
Neonode Inc.,0000087050,10-K,2021-03-10,edgar/data/87050/0001213900-21-014481.txt
ManpowerGroup Inc.,0000871763,10-K,2021-02-19,edgar/data/871763/0001564590-21-006974.txt
"REGENERON PHARMACEUTICALS, INC.",0000872589,10-K,2021-02-08,edgar/data/872589/0001804220-21-000008.txt
"DELCATH SYSTEMS, INC.",0000872912,10-K,2021-03-31,edgar/data/872912/0001564590-21-016962.txt
"Sarepta Therapeutics, Inc.",0000873303,10-K,2021-03-01,edgar/data/873303/0001564590-21-009835.txt
SCHLUMBERGER LIMITED/NV,0000087347,10-K,2021-01-27,edgar/data/87347/0001564590-21-002477.txt
OCWEN FINANCIAL CORP,0000873860,10-K,2021-02-19,edgar/data/873860/0001628280-21-002577.txt
IONIS PHARMACEUTICALS INC,0000874015,10-K,2021-02-24,edgar/data/874015/0000874015-21-000056.txt
STERLING CONSTRUCTION CO INC,0000874238,10-K,2021-03-03,edgar/data/874238/0000874238-21-000010.txt
"LIFETIME BRANDS, INC",0000874396,10-K,2021-03-10,edgar/data/874396/0001628280-21-004467.txt
GULFPORT ENERGY CORP,0000874499,10-K,2021-03-05,edgar/data/874499/0001628280-21-004026.txt
AMBAC FINANCIAL GROUP INC,0000874501,10-K,2021-03-01,edgar/data/874501/0000874501-21-000028.txt
IDEXX LABORATORIES INC /DE,0000874716,10-K,2021-02-12,edgar/data/874716/0000874716-21-000008.txt
AES CORP,0000874761,10-K,2021-02-25,edgar/data/874761/0000874761-21-000015.txt
"HARTFORD FINANCIAL SERVICES GROUP, INC.",0000874766,10-K,2021-02-19,edgar/data/874766/0000874766-21-000022.txt
State Auto Financial CORP,0000874977,10-K,2021-03-10,edgar/data/874977/0000874977-21-000035.txt
BIOGEN INC.,0000875045,10-K,2021-02-03,edgar/data/875045/0000875045-21-000010.txt
VERTEX PHARMACEUTICALS INC / MA,0000875320,10-K,2021-02-11,edgar/data/875320/0000875320-21-000006.txt
INSIGNIA SYSTEMS INC/MN,0000875355,10-K,2021-03-11,edgar/data/875355/0001654954-21-002616.txt
BOK FINANCIAL CORP,0000875357,10-K,2021-02-24,edgar/data/875357/0000875357-21-000013.txt
ULTRALIFE CORP,0000875657,10-K,2021-02-04,edgar/data/875657/0001437749-21-001946.txt
PROGRESS SOFTWARE CORP /MA,0000876167,10-K,2021-01-27,edgar/data/876167/0000876167-21-000030.txt
"Lineage Cell Therapeutics, Inc.",0000876343,10-K,2021-03-11,edgar/data/876343/0001493152-21-005814.txt
"ASENSUS SURGICAL, INC.",0000876378,10-K,2021-03-11,edgar/data/876378/0001437749-21-005730.txt
MGIC INVESTMENT CORP,0000876437,10-K,2021-02-23,edgar/data/876437/0000876437-21-000012.txt
MDC PARTNERS INC,0000876883,10-K,2021-03-16,edgar/data/876883/0000876883-21-000016.txt
ZEBRA TECHNOLOGIES CORP,0000877212,10-K,2021-02-11,edgar/data/877212/0000877212-21-000008.txt
SpartanNash Co,0000877422,10-K,2021-03-03,edgar/data/877422/0001564590-21-010568.txt
NATIONAL HEALTH INVESTORS INC,0000877860,10-K,2021-02-22,edgar/data/877860/0000877860-21-000015.txt
CITRIX SYSTEMS INC,0000877890,10-K,2021-02-08,edgar/data/877890/0000877890-21-000051.txt
NATUS MEDICAL INC,0000878526,10-K,2021-02-26,edgar/data/878526/0000878526-21-000020.txt
WIRELESS TELECOM GROUP INC,0000878828,10-K,2021-03-19,edgar/data/878828/0001493152-21-006365.txt
"OLD DOMINION FREIGHT LINE, INC.",0000878927,10-K,2021-02-24,edgar/data/878927/0001564590-21-008056.txt
"EQUUS TOTAL RETURN, INC.",0000878932,10-K,2021-03-31,edgar/data/878932/0001322410-21-000035.txt
KIMCO REALTY CORP,0000879101,10-K,2021-02-23,edgar/data/879101/0001437749-21-003766.txt
INCYTE CORP,0000879169,10-K,2021-02-09,edgar/data/879169/0001558370-21-000825.txt
WABASH NATIONAL Corp,0000879526,10-K,2021-02-25,edgar/data/879526/0000879526-21-000018.txt
"ATN International, Inc.",0000879585,10-K,2021-03-01,edgar/data/879585/0001558370-21-002145.txt
MID PENN BANCORP INC,0000879635,10-K,2021-03-15,edgar/data/879635/0001564590-21-013134.txt
"VIVEVE MEDICAL, INC.",0000879682,10-K,2021-03-18,edgar/data/879682/0001437749-21-006480.txt
Scott's Liquid Gold - Inc.,0000088000,10-K,2021-03-29,edgar/data/88000/0001564590-21-016166.txt
"BIOLARGO, INC.",0000880242,10-K,2021-03-30,edgar/data/880242/0001437749-21-007650.txt
AGCO CORP /DE,0000880266,10-K,2021-03-01,edgar/data/880266/0000880266-21-000009.txt
CSB BANCORP INC /OH,0000880417,10-K,2021-03-16,edgar/data/880417/0001564590-21-013635.txt
"WisdomTree Investments, Inc.",0000880631,10-K,2021-02-19,edgar/data/880631/0001193125-21-049000.txt
EAGLE FINANCIAL SERVICES INC,0000880641,10-K,2021-03-30,edgar/data/880641/0001564590-21-016594.txt
"ACORN ENERGY, INC.",0000880984,10-K,2021-03-16,edgar/data/880984/0001493152-21-006048.txt
SEABOARD CORP /DE/,0000088121,10-K,2021-02-17,edgar/data/88121/0000088121-21-000013.txt
PRUDENTIAL ANNUITIES LIFE ASSURANCE CORP/CT,0000881453,10-K,2021-03-19,edgar/data/881453/0000881453-21-000010.txt
Avery Dennison Corp,0000008818,10-K,2021-02-25,edgar/data/8818/0001193125-21-055146.txt
SPX CORP,0000088205,10-K,2021-02-26,edgar/data/88205/0000088205-21-000009.txt
GILEAD SCIENCES INC,0000882095,10-K,2021-02-25,edgar/data/882095/0000882095-21-000008.txt
"PDL BIOPHARMA, INC.",0000882104,10-K,2021-03-29,edgar/data/882104/0000882104-21-000035.txt
Aptose Biosciences Inc.,0000882361,10-K,2021-03-23,edgar/data/882361/0001171843-21-002006.txt
QUICKLOGIC Corp,0000882508,10-K,2021-03-23,edgar/data/882508/0001437749-21-006923.txt
BIOCRYST PHARMACEUTICALS INC,0000882796,10-K,2021-03-01,edgar/data/882796/0001171843-21-001411.txt
ROPER TECHNOLOGIES INC,0000882835,10-K,2021-02-22,edgar/data/882835/0000882835-21-000011.txt
NANOPHASE TECHNOLOGIES Corp,0000883107,10-K,2021-03-26,edgar/data/883107/0001387131-21-003916.txt
"VIRTUS INVESTMENT PARTNERS, INC.",0000883237,10-K,2021-02-26,edgar/data/883237/0000883237-21-000075.txt
"Fossil Group, Inc.",0000883569,10-K,2021-03-12,edgar/data/883569/0000883569-21-000010.txt
"Cornerstone Building Brands, Inc.",0000883902,10-K,2021-03-04,edgar/data/883902/0000883902-21-000012.txt
USA TRUCK INC,0000883945,10-K,2021-02-24,edgar/data/883945/0000883945-21-000008.txt
Atlantic Union Bankshares Corp,0000883948,10-K,2021-02-26,edgar/data/883948/0001558370-21-001925.txt
Microbot Medical Inc.,0000883975,10-K,2021-03-31,edgar/data/883975/0001493152-21-007453.txt
ICU MEDICAL INC/DE,0000883984,10-K,2021-02-26,edgar/data/883984/0000883984-21-000005.txt
ASURE SOFTWARE INC,0000884144,10-K,2021-03-11,edgar/data/884144/0001628280-21-004536.txt
VIAD CORP,0000884219,10-K,2021-03-02,edgar/data/884219/0001564590-21-010008.txt
ALPHA PRO TECH LTD,0000884269,10-K,2021-03-10,edgar/data/884269/0001437749-21-005551.txt
"EVOLUTIONARY GENOMICS, INC.",0000884363,10-K,2021-03-31,edgar/data/884363/0001553350-21-000252.txt
Orthofix Medical Inc.,0000884624,10-K,2021-02-26,edgar/data/884624/0001564590-21-009214.txt
INFINITE GROUP INC,0000884650,10-K,2021-03-30,edgar/data/884650/0001654954-21-003538.txt
Primo Water Corp /CN/,0000884713,10-K,2021-03-03,edgar/data/884713/0000884713-21-000004.txt
ROYAL CARIBBEAN CRUISES LTD,0000884887,10-K,2021-02-26,edgar/data/884887/0000884887-21-000006.txt
BUCKLE INC,0000885245,10-K,2021-03-31,edgar/data/885245/0000885245-21-000008.txt
WILSON BANK HOLDING CO,0000885275,10-K,2021-03-12,edgar/data/885275/0001437749-21-005824.txt
STRATUS PROPERTIES INC,0000885508,10-K,2021-03-15,edgar/data/885508/0000885508-21-000016.txt
CREDIT ACCEPTANCE CORP,0000885550,10-K,2021-02-12,edgar/data/885550/0000885550-21-000034.txt
OLD DOMINION ELECTRIC COOPERATIVE,0000885568,10-K,2021-03-16,edgar/data/885568/0001564590-21-013460.txt
Bausch Health Companies Inc.,0000885590,10-K,2021-02-24,edgar/data/885590/0000885590-21-000011.txt
KOHLS Corp,0000885639,10-K,2021-03-18,edgar/data/885639/0001564590-21-014145.txt
BOSTON SCIENTIFIC CORP,0000885725,10-K,2021-02-23,edgar/data/885725/0000885725-21-000008.txt
CINEMARK USA INC /TX,0000885975,10-K,2021-03-03,edgar/data/885975/0001564590-21-010404.txt
U S PHYSICAL THERAPY INC /NV,0000885978,10-K,2021-03-01,edgar/data/885978/0001140361-21-006642.txt
FUELCELL ENERGY INC,0000886128,10-K,2021-01-21,edgar/data/886128/0001564590-21-001679.txt
SAGA COMMUNICATIONS INC,0000886136,10-K,2021-03-16,edgar/data/886136/0001558370-21-003081.txt
LIGAND PHARMACEUTICALS INC,0000886163,10-K,2021-02-24,edgar/data/886163/0000886163-21-000050.txt
KADANT INC,0000886346,10-K,2021-03-02,edgar/data/886346/0000886346-21-000021.txt
GERON CORP,0000886744,10-K,2021-03-11,edgar/data/886744/0001564590-21-012493.txt
SUPERIOR ENERGY SERVICES INC,0000886835,10-K,2021-03-26,edgar/data/886835/0000886835-21-000003.txt
AVON PRODUCTS INC,0000008868,10-K,2021-03-05,edgar/data/8868/0000008868-21-000004.txt
GOLDMAN SACHS GROUP INC,0000886982,10-K,2021-02-22,edgar/data/886982/0001193125-21-049380.txt
"COLUMBIA BANKING SYSTEM, INC.",0000887343,10-K,2021-02-26,edgar/data/887343/0000887343-21-000065.txt
Vericel Corp,0000887359,10-K,2021-02-24,edgar/data/887359/0001628280-21-003081.txt
EMPIRE PETROLEUM CORP,0000887396,10-K,2021-03-31,edgar/data/887396/0001072613-21-000331.txt
CHEESECAKE FACTORY INC,0000887596,10-K,2021-02-24,edgar/data/887596/0001104659-21-027547.txt
LTC PROPERTIES INC,0000887905,10-K,2021-02-18,edgar/data/887905/0001558370-21-001231.txt
INTRICON CORP,0000088790,10-K,2021-03-16,edgar/data/88790/0000897101-21-000183.txt
PREMIER FINANCIAL BANCORP INC,0000887919,10-K,2021-03-22,edgar/data/887919/0000887919-21-000009.txt
REVLON INC /DE/,0000887921,10-K,2021-03-11,edgar/data/887921/0000887921-21-000003.txt
"FTI CONSULTING, INC",0000887936,10-K,2021-02-25,edgar/data/887936/0000887936-21-000013.txt
NESTOR PARTNERS,0000888471,10-K,2021-03-30,edgar/data/888471/0001829126-21-001915.txt
OMEGA HEALTHCARE INVESTORS INC,0000888491,10-K,2021-02-22,edgar/data/888491/0000888491-21-000006.txt
NOCOPI TECHNOLOGIES INC/MD/,0000888981,10-K,2021-03-30,edgar/data/888981/0001553350-21-000216.txt
LITTELFUSE INC /DE,0000889331,10-K,2021-02-18,edgar/data/889331/0000889331-21-000010.txt
SEMTECH CORP,0000088941,10-K,2021-03-24,edgar/data/88941/0000088941-21-000006.txt
"CONSUMER PORTFOLIO SERVICES, INC.",0000889609,10-K,2021-03-10,edgar/data/889609/0001683168-21-000868.txt
PATTERSON UTI ENERGY INC,0000889900,10-K,2021-02-09,edgar/data/889900/0001564590-21-005045.txt
GLEN BURNIE BANCORP,0000890066,10-K,2021-03-26,edgar/data/890066/0001558370-21-003520.txt
"MoSys, Inc.",0000890394,10-K,2021-03-18,edgar/data/890394/0001564590-21-014203.txt
Vertex Energy Inc.,0000890447,10-K,2021-03-09,edgar/data/890447/0001628280-21-004184.txt
REVLON CONSUMER PRODUCTS CORP,0000890547,10-K,2021-03-11,edgar/data/890547/0000890547-21-000003.txt
ASGN Inc,0000890564,10-K,2021-03-01,edgar/data/890564/0000890564-21-000005.txt
SERVICE CORP INTERNATIONAL,0000089089,10-K,2021-02-16,edgar/data/89089/0000089089-21-000012.txt
RADIAN GROUP INC,0000890926,10-K,2021-02-26,edgar/data/890926/0000890926-21-000019.txt
MINERALS TECHNOLOGIES INC,0000891014,10-K,2021-02-19,edgar/data/891014/0000891014-21-000011.txt
"Match Group, Inc.",0000891103,10-K,2021-02-25,edgar/data/891103/0000891103-21-000014.txt
"UNIVERSAL INSURANCE HOLDINGS, INC.",0000891166,10-K,2021-02-26,edgar/data/891166/0000891166-21-000018.txt
CTI BIOPHARMA CORP,0000891293,10-K,2021-03-17,edgar/data/891293/0000891293-21-000008.txt
FULL HOUSE RESORTS INC,0000891482,10-K,2021-03-12,edgar/data/891482/0000891482-21-000020.txt
PERMA FIX ENVIRONMENTAL SERVICES INC,0000891532,10-K,2021-03-29,edgar/data/891532/0001493152-21-007032.txt
Qumu Corp,0000892482,10-K,2021-03-10,edgar/data/892482/0000892482-21-000008.txt
MANTECH INTERNATIONAL CORP,0000892537,10-K,2021-02-19,edgar/data/892537/0000892537-21-000008.txt
CHART INDUSTRIES INC,0000892553,10-K,2021-03-01,edgar/data/892553/0000892553-21-000032.txt
SANDSTON CORP,0000892832,10-K,2021-03-29,edgar/data/892832/0001104659-21-043012.txt
SM Energy Co,0000893538,10-K,2021-02-18,edgar/data/893538/0000893538-21-000008.txt
MASONITE INTERNATIONAL CORP,0000893691,10-K,2021-02-25,edgar/data/893691/0000893691-21-000012.txt
"HAWTHORN BANCSHARES, INC.",0000893847,10-K,2021-03-12,edgar/data/893847/0001558370-21-002878.txt
"MEDNAX, INC.",0000893949,10-K,2021-02-18,edgar/data/893949/0001193125-21-047064.txt
"Air Transport Services Group, Inc.",0000894081,10-K,2021-03-01,edgar/data/894081/0000894081-21-000045.txt
"Synthetic Biologics, Inc.",0000894158,10-K,2021-03-04,edgar/data/894158/0001104659-21-032150.txt
AEI NET LEASE INCOME & GROWTH FUND XX LIMITED PARTNERSHIP,0000894245,10-K,2021-03-30,edgar/data/894245/0000894245-21-000016.txt
SITE Centers Corp.,0000894315,10-K,2021-02-25,edgar/data/894315/0001564590-21-008817.txt
DISCOVER CARD MASTER TRUST I,0000894329,10-K,2021-03-23,edgar/data/894329/0001193125-21-091263.txt
MUELLER INDUSTRIES INC,0000089439,10-K,2021-02-24,edgar/data/89439/0000089439-21-000015.txt
ARCBEST CORP /DE/,0000894405,10-K,2021-02-26,edgar/data/894405/0001558370-21-002023.txt
VAALCO ENERGY INC /DE/,0000894627,10-K,2021-03-09,edgar/data/894627/0000894627-21-000007.txt
OHIO VALLEY BANC CORP,0000894671,10-K,2021-03-24,edgar/data/894671/0000894671-21-000014.txt
"theMaven, Inc.",0000894871,10-K,2021-01-08,edgar/data/894871/0001493152-21-000653.txt
"CASI Pharmaceuticals, Inc.",0000895051,10-K,2021-03-30,edgar/data/895051/0001558370-21-003735.txt
CHESAPEAKE ENERGY CORP,0000895126,10-K,2021-03-01,edgar/data/895126/0000895126-21-000078.txt
EQUITY LIFESTYLE PROPERTIES INC,0000895417,10-K,2021-02-23,edgar/data/895417/0000895417-21-000014.txt
MORGAN STANLEY,0000895421,10-K,2021-02-26,edgar/data/895421/0000895421-21-000286.txt
SHOE CARNIVAL INC,0000895447,10-K,2021-03-26,edgar/data/895447/0001564590-21-015810.txt
"ROCKY BRANDS, INC.",0000895456,10-K,2021-03-16,edgar/data/895456/0001437749-21-006170.txt
SUPERCONDUCTOR TECHNOLOGIES INC,0000895665,10-K,2021-03-31,edgar/data/895665/0001493152-21-007519.txt
ENBRIDGE INC,0000895728,10-K,2021-02-12,edgar/data/895728/0000895728-21-000010.txt
Chubb Ltd,0000896159,10-K,2021-02-25,edgar/data/896159/0000896159-21-000003.txt
AMEDISYS INC,0000896262,10-K,2021-02-25,edgar/data/896262/0000896262-21-000045.txt
USANA HEALTH SCIENCES INC,0000896264,10-K,2021-03-02,edgar/data/896264/0001437749-21-004694.txt
APTARGROUP INC,0000896622,10-K,2021-02-19,edgar/data/896622/0000896622-21-000005.txt
"AVID TECHNOLOGY, INC.",0000896841,10-K,2021-03-09,edgar/data/896841/0000896841-21-000035.txt
ALAMO GROUP INC,0000897077,10-K,2021-02-26,edgar/data/897077/0000897077-21-000007.txt
"CHICO'S FAS, INC.",0000897429,10-K,2021-03-09,edgar/data/897429/0000897429-21-000038.txt
AMARIN CORP PLC\UK,0000897448,10-K,2021-02-25,edgar/data/897448/0001564590-21-008382.txt
SHERWIN WILLIAMS CO,0000089800,10-K,2021-02-19,edgar/data/89800/0000089800-21-000010.txt
UWHARRIE CAPITAL CORP,0000898171,10-K,2021-03-05,edgar/data/898171/0001564590-21-011239.txt
O REILLY AUTOMOTIVE INC,0000898173,10-K,2021-02-26,edgar/data/898173/0000898173-21-000012.txt
REINSURANCE GROUP OF AMERICA INC,0000898174,10-K,2021-02-26,edgar/data/898174/0000898174-21-000006.txt
"Anika Therapeutics, Inc.",0000898437,10-K,2021-03-05,edgar/data/898437/0001171843-21-001573.txt
LAMAR MEDIA CORP/DE,0000899045,10-K,2021-02-26,edgar/data/899045/0001564590-21-009276.txt
ALLSTATE CORP,0000899051,10-K,2021-02-22,edgar/data/899051/0000899051-21-000011.txt
MANNKIND CORP,0000899460,10-K,2021-02-25,edgar/data/899460/0001564590-21-008440.txt
ACADIA REALTY TRUST,0000899629,10-K,2021-02-22,edgar/data/899629/0001564590-21-007196.txt
VORNADO REALTY TRUST,0000899689,10-K,2021-02-16,edgar/data/899689/0000899689-21-000009.txt
"TANGER FACTORY OUTLET CENTERS, INC",0000899715,10-K,2021-02-23,edgar/data/899715/0000899715-21-000065.txt
HEALTHCARE REALTY TRUST INC,0000899749,10-K,2021-02-10,edgar/data/899749/0000899749-21-000019.txt
TITAN INTERNATIONAL INC,0000899751,10-K,2021-03-04,edgar/data/899751/0000899751-21-000006.txt
"ALEXION PHARMACEUTICALS, INC.",0000899866,10-K,2021-02-08,edgar/data/899866/0000899866-21-000014.txt
SIERRA PACIFIC POWER CO,0000090144,10-K,2021-03-01,edgar/data/90144/0001081316-21-000011.txt
PAPA JOHNS INTERNATIONAL INC,0000901491,10-K,2021-02-25,edgar/data/901491/0001558370-21-001725.txt
BARRETT BUSINESS SERVICES INC,0000902791,10-K,2021-03-08,edgar/data/902791/0001564590-21-011516.txt
GENTHERM Inc,0000903129,10-K,2021-03-01,edgar/data/903129/0001564590-21-009900.txt
ALERUS FINANCIAL CORP,0000903419,10-K,2021-03-12,edgar/data/903419/0001558370-21-002880.txt
INNODATA INC,0000903651,10-K,2021-03-15,edgar/data/903651/0001104659-21-035749.txt
SIMMONS FIRST NATIONAL CORP,0000090498,10-K,2021-02-25,edgar/data/90498/0001628280-21-003318.txt
EQUITY RESIDENTIAL,0000906107,10-K,2021-02-18,edgar/data/906107/0001564590-21-006679.txt
NVR INC,0000906163,10-K,2021-02-12,edgar/data/906163/0000906163-21-000017.txt
CAMDEN PROPERTY TRUST,0000906345,10-K,2021-02-18,edgar/data/906345/0000906345-21-000010.txt
QCR HOLDINGS INC,0000906465,10-K,2021-03-12,edgar/data/906465/0001558370-21-002889.txt
BOYD GAMING CORP,0000906553,10-K,2021-03-01,edgar/data/906553/0001437749-21-004478.txt
NEKTAR THERAPEUTICS,0000906709,10-K,2021-02-26,edgar/data/906709/0000906709-21-000005.txt
MONARCH CASINO & RESORT INC,0000907242,10-K,2021-03-12,edgar/data/907242/0001558370-21-002943.txt
"SAUL CENTERS, INC.",0000907254,10-K,2021-02-25,edgar/data/907254/0000907254-21-000018.txt
"ARCA biopharma, Inc.",0000907654,10-K,2021-03-18,edgar/data/907654/0001564590-21-014148.txt
BORGWARNER INC,0000908255,10-K,2021-02-22,edgar/data/908255/0000908255-21-000008.txt
CIM Commercial Trust Corp,0000908311,10-K,2021-03-16,edgar/data/908311/0000908311-21-000024.txt
WINMARK CORP,0000908315,10-K,2021-03-09,edgar/data/908315/0000908315-21-000011.txt
SIRIUS XM HOLDINGS INC.,0000908937,10-K,2021-02-02,edgar/data/908937/0000908937-21-000015.txt
DIAMOND HILL INVESTMENT GROUP INC,0000909108,10-K,2021-02-25,edgar/data/909108/0000909108-21-000022.txt
BADGER METER INC,0000009092,10-K,2021-02-24,edgar/data/9092/0001564590-21-008150.txt
TUCOWS INC /PA/,0000909494,10-K,2021-03-03,edgar/data/909494/0001437749-21-004866.txt
NEW YORK COMMUNITY BANCORP INC,0000910073,10-K,2021-02-26,edgar/data/910073/0001564590-21-009479.txt
LEXINGTON REALTY TRUST,0000910108,10-K,2021-02-18,edgar/data/910108/0001444838-21-000004.txt
TITAN PHARMACEUTICALS INC,0000910267,10-K,2021-03-31,edgar/data/910267/0001104659-21-044732.txt
MEDIFAST INC,0000910329,10-K,2021-02-26,edgar/data/910329/0001558370-21-001985.txt
CAMPBELL STRATEGIC ALLOCATION FUND LP,0000910467,10-K,2021-03-26,edgar/data/910467/0001140361-21-010257.txt
REGENCY CENTERS CORP,0000910606,10-K,2021-02-17,edgar/data/910606/0001564590-21-006390.txt
3D SYSTEMS CORP,0000910638,10-K,2021-03-05,edgar/data/910638/0000910638-21-000008.txt
CENTURY CASINOS INC /CO/,0000911147,10-K,2021-03-12,edgar/data/911147/0000911147-21-000010.txt
CASELLA WASTE SYSTEMS INC,0000911177,10-K,2021-02-19,edgar/data/911177/0000911177-21-000009.txt
SMITH A O CORP,0000091142,10-K,2021-02-12,edgar/data/91142/0000091142-21-000025.txt
NATURAL HEALTH TRENDS CORP,0000912061,10-K,2021-02-26,edgar/data/912061/0001437749-21-004259.txt
MACERICH CO,0000912242,10-K,2021-02-24,edgar/data/912242/0000912242-21-000004.txt
"GIBRALTAR INDUSTRIES, INC.",0000912562,10-K,2021-02-25,edgar/data/912562/0000912562-21-000007.txt
SUN COMMUNITIES INC,0000912593,10-K,2021-02-18,edgar/data/912593/0000912593-21-000054.txt
MID AMERICA APARTMENT COMMUNITIES INC.,0000912595,10-K,2021-02-18,edgar/data/912595/0001564590-21-006666.txt
FORWARD AIR CORP,0000912728,10-K,2021-03-01,edgar/data/912728/0000912728-21-000053.txt
SINCLAIR BROADCAST GROUP INC,0000912752,10-K,2021-03-01,edgar/data/912752/0000912752-21-000012.txt
"LAUREATE EDUCATION, INC.",0000912766,10-K,2021-02-25,edgar/data/912766/0001628280-21-003163.txt
UFP INDUSTRIES INC,0000912767,10-K,2021-03-03,edgar/data/912767/0001558370-21-002324.txt
BELDEN INC.,0000913142,10-K,2021-02-16,edgar/data/913142/0000913142-21-000007.txt
RENAISSANCERE HOLDINGS LTD,0000913144,10-K,2021-02-05,edgar/data/913144/0000913144-21-000029.txt
"STEVEN MADDEN, LTD.",0000913241,10-K,2021-03-16,edgar/data/913241/0001628280-21-004895.txt
Clarus Corp,0000913277,10-K,2021-03-08,edgar/data/913277/0001104659-21-033312.txt
C & F FINANCIAL CORP,0000913341,10-K,2021-03-03,edgar/data/913341/0001558370-21-002321.txt
PARKERVISION INC,0000914139,10-K,2021-03-31,edgar/data/914139/0000914139-21-000006.txt
UFP TECHNOLOGIES INC,0000914156,10-K,2021-03-12,edgar/data/914156/0001171843-21-001724.txt
Invesco Ltd.,0000914208,10-K,2021-02-19,edgar/data/914208/0000914208-21-000331.txt
Snap-on Inc,0000091440,10-K,2021-02-11,edgar/data/91440/0000091440-21-000005.txt
NEUROCRINE BIOSCIENCES INC,0000914475,10-K,2021-02-05,edgar/data/914475/0000914475-21-000020.txt
EVEREST REINSURANCE HOLDINGS INC,0000914748,10-K,2021-03-30,edgar/data/914748/0000914748-21-000004.txt
EASTMAN CHEMICAL CO,0000915389,10-K,2021-02-22,edgar/data/915389/0000915389-21-000016.txt
KEYCORP /NEW/,0000091576,10-K,2021-02-22,edgar/data/91576/0000091576-21-000044.txt
DSP GROUP INC /DE/,0000915778,10-K,2021-03-15,edgar/data/915778/0001437749-21-006076.txt
AVALONBAY COMMUNITIES INC,0000915912,10-K,2021-02-25,edgar/data/915912/0000915912-21-000004.txt
ALBEMARLE CORP,0000915913,10-K,2021-02-19,edgar/data/915913/0000915913-21-000018.txt
MARTIN MARIETTA MATERIALS INC,0000916076,10-K,2021-02-19,edgar/data/916076/0001564590-21-006959.txt
TRACTOR SUPPLY CO /DE/,0000916365,10-K,2021-02-18,edgar/data/916365/0000916365-21-000052.txt
DARLING INGREDIENTS INC.,0000916540,10-K,2021-03-02,edgar/data/916540/0000916540-21-000010.txt
SOLITRON DEVICES INC,0000091668,10-K,2021-02-10,edgar/data/91668/0001654954-21-001436.txt
SOLITARIO ZINC CORP.,0000917225,10-K,2021-03-05,edgar/data/917225/0001654954-21-002412.txt
AGREE REALTY CORP,0000917251,10-K,2021-02-18,edgar/data/917251/0001558370-21-001212.txt
RAMBUS INC,0000917273,10-K,2021-02-26,edgar/data/917273/0000917273-21-000005.txt
OLYMPIC STEEL INC,0000917470,10-K,2021-02-25,edgar/data/917470/0001437749-21-004100.txt
FARO TECHNOLOGIES INC,0000917491,10-K,2021-02-17,edgar/data/917491/0001628280-21-002375.txt
INTEGRA LIFESCIENCES HOLDINGS CORP,0000917520,10-K,2021-02-23,edgar/data/917520/0000917520-21-000018.txt
SONOCO PRODUCTS CO,0000091767,10-K,2021-02-26,edgar/data/91767/0000091767-21-000011.txt
NN INC,0000918541,10-K,2021-03-15,edgar/data/918541/0000918541-21-000003.txt
"DOMINION ENERGY SOUTH CAROLINA, INC.",0000091882,10-K,2021-02-25,edgar/data/91882/0001564590-21-008444.txt
AMERICAN EAGLE OUTFITTERS INC,0000919012,10-K,2021-03-11,edgar/data/919012/0001564590-21-012543.txt
SOUTH JERSEY INDUSTRIES INC,0000091928,10-K,2021-02-25,edgar/data/91928/0000091928-21-000014.txt
NORTHWEST INDIANA BANCORP,0000919864,10-K,2021-03-22,edgar/data/919864/0001437749-21-006759.txt
"Diversicare Healthcare Services, Inc.",0000919956,10-K,2021-03-11,edgar/data/919956/0000919956-21-000016.txt
HEARTLAND FINANCIAL USA INC,0000920112,10-K,2021-02-25,edgar/data/920112/0000920112-21-000028.txt
LABORATORY CORP OF AMERICA HOLDINGS,0000920148,10-K,2021-02-25,edgar/data/920148/0000920148-21-000018.txt
"Simpson Manufacturing Co., Inc.",0000920371,10-K,2021-02-26,edgar/data/920371/0000920371-21-000042.txt
UNITY BANCORP INC /NJ/,0000920427,10-K,2021-03-25,edgar/data/920427/0000920427-21-000011.txt
LA JOLLA PHARMACEUTICAL CO,0000920465,10-K,2021-03-08,edgar/data/920465/0001564590-21-011366.txt
"ESSEX PROPERTY TRUST, INC.",0000920522,10-K,2021-02-19,edgar/data/920522/0000920522-21-000015.txt
LENNAR CORP /NEW/,0000920760,10-K,2021-01-22,edgar/data/920760/0001628280-21-000722.txt
SOUTHERN CALIFORNIA EDISON Co,0000092103,10-K,2021-02-25,edgar/data/92103/0000827052-21-000019.txt
"HIGHWOODS PROPERTIES, INC.",0000921082,10-K,2021-02-09,edgar/data/921082/0000921082-21-000003.txt
SOUTHERN CALIFORNIA GAS CO,0000092108,10-K,2021-02-25,edgar/data/92108/0001032208-21-000007.txt
"Armata Pharmaceuticals, Inc.",0000921114,10-K,2021-03-18,edgar/data/921114/0001558370-21-003202.txt
Golden State Water CO,0000092116,10-K,2021-02-22,edgar/data/92116/0001056903-21-000021.txt
HMN FINANCIAL INC,0000921183,10-K,2021-03-05,edgar/data/921183/0001437749-21-005111.txt
SOUTHERN CO,0000092122,10-K,2021-02-18,edgar/data/92122/0000092122-21-000006.txt
FIBROGEN INC,0000921299,10-K,2021-03-01,edgar/data/921299/0001564590-21-009871.txt
REPUBLIC BANCORP INC /KY/,0000921557,10-K,2021-02-26,edgar/data/921557/0001558370-21-001988.txt
IMAX CORP,0000921582,10-K,2021-03-04,edgar/data/921582/0001564590-21-010996.txt
PENN NATIONAL GAMING INC,0000921738,10-K,2021-02-26,edgar/data/921738/0000921738-21-000009.txt
FIRST INDUSTRIAL REALTY TRUST INC,0000921825,10-K,2021-02-16,edgar/data/921825/0000921825-21-000006.txt
CITIBANK CREDIT CARD MASTER TRUST I,0000921864,10-K,2021-03-29,edgar/data/921864/0001193125-21-098187.txt
PPL Corp,0000922224,10-K,2021-02-18,edgar/data/922224/0000922224-21-000006.txt
"Cyclo Therapeutics, Inc.",0000922247,10-K,2021-03-12,edgar/data/922247/0001437749-21-005946.txt
TRUIST FINANCIAL CORP,0000092230,10-K,2021-02-24,edgar/data/92230/0000092230-21-000032.txt
FALCONSTOR SOFTWARE INC,0000922521,10-K,2021-03-10,edgar/data/922521/0001628280-21-004460.txt
ERIE INDEMNITY CO,0000922621,10-K,2021-02-25,edgar/data/922621/0000922621-21-000010.txt
APARTMENT INVESTMENT & MANAGEMENT CO,0000922864,10-K,2021-03-12,edgar/data/922864/0001564590-21-012671.txt
CAPITAL ONE MASTER TRUST,0000922869,10-K,2021-03-26,edgar/data/922869/0001162387-21-000004.txt
FLUSHING FINANCIAL CORP,0000923139,10-K,2021-03-16,edgar/data/923139/0001558370-21-003065.txt
US XPRESS ENTERPRISES INC,0000923571,10-K,2021-03-02,edgar/data/923571/0001558370-21-002239.txt
GEO GROUP INC,0000923796,10-K,2021-02-16,edgar/data/923796/0001564590-21-006003.txt
SOUTHWEST AIRLINES CO,0000092380,10-K,2021-02-08,edgar/data/92380/0000092380-21-000033.txt
"ENERGY FOCUS, INC/DE",0000924168,10-K,2021-03-25,edgar/data/924168/0000924168-21-000014.txt
SOUTHWEST GAS CORP,0000092416,10-K,2021-02-25,edgar/data/92416/0001692115-21-000008.txt
SMITH MIDLAND CORP,0000924719,10-K,2021-03-30,edgar/data/924719/0001654954-21-003448.txt
MILLER INDUSTRIES INC /TN/,0000924822,10-K,2021-03-03,edgar/data/924822/0000924822-21-000009.txt
SOUTHWESTERN ELECTRIC POWER CO,0000092487,10-K,2021-02-25,edgar/data/92487/0000004904-21-000010.txt
MACK CALI REALTY CORP,0000924901,10-K,2021-02-25,edgar/data/924901/0001562762-21-000063.txt
SOUTHWESTERN PUBLIC SERVICE CO,0000092521,10-K,2021-02-17,edgar/data/92521/0000092521-21-000003.txt
HUDSON TECHNOLOGIES INC /NY,0000925528,10-K,2021-03-12,edgar/data/925528/0001104659-21-035666.txt
FLEXPOINT SENSOR SYSTEMS INC,0000925660,10-K,2021-03-31,edgar/data/925660/0001010412-21-000004.txt
"BioCardia, Inc.",0000925741,10-K,2021-03-30,edgar/data/925741/0001437749-21-007543.txt
ADTRAN INC,0000926282,10-K,2021-02-26,edgar/data/926282/0001564590-21-009423.txt
"OMNICELL, Inc",0000926326,10-K,2021-02-24,edgar/data/926326/0000926326-21-000007.txt
Aspira Women's Health Inc.,0000926617,10-K,2021-03-31,edgar/data/926617/0000926617-21-000033.txt
AIMCO PROPERTIES L.P.,0000926660,10-K,2021-03-15,edgar/data/926660/0001564590-21-012964.txt
ADVANCED ENERGY INDUSTRIES INC,0000927003,10-K,2021-02-24,edgar/data/927003/0001558370-21-001513.txt
DAVITA INC.,0000927066,10-K,2021-02-12,edgar/data/927066/0000927066-21-000008.txt
CAPITAL ONE FINANCIAL CORP,0000927628,10-K,2021-02-25,edgar/data/927628/0000927628-21-000094.txt
MYMETICS CORP,0000927761,10-K,2021-03-31,edgar/data/927761/0001654954-21-003626.txt
Callon Petroleum Co,0000928022,10-K,2021-02-25,edgar/data/928022/0000928022-21-000021.txt
FLOTEK INDUSTRIES INC/CN/,0000928054,10-K,2021-03-16,edgar/data/928054/0000928054-21-000044.txt
Consolidated Water Co. Ltd.,0000928340,10-K,2021-03-31,edgar/data/928340/0001558370-21-003844.txt
MIDAMERICAN ENERGY CO,0000928576,10-K,2021-03-01,edgar/data/928576/0001081316-21-000011.txt
"COVENANT LOGISTICS GROUP, INC.",0000928658,10-K,2021-03-05,edgar/data/928658/0001437749-21-005174.txt
PILLARSTONE CAPITAL REIT,0000928953,10-K,2021-03-26,edgar/data/928953/0000928953-21-000007.txt
WESCO INTERNATIONAL INC,0000929008,10-K,2021-03-01,edgar/data/929008/0000929008-21-000006.txt
"CONDOR HOSPITALITY TRUST, INC.",0000929545,10-K,2021-03-18,edgar/data/929545/0000929545-21-000008.txt
REDWOOD TRUST INC,0000930236,10-K,2021-02-26,edgar/data/930236/0000930236-21-000007.txt
KFORCE INC,0000930420,10-K,2021-02-26,edgar/data/930420/0000930420-21-000051.txt
Polaris Inc.,0000931015,10-K,2021-02-16,edgar/data/931015/0001628280-21-002278.txt
GRAFTECH INTERNATIONAL LTD,0000931148,10-K,2021-02-23,edgar/data/931148/0000931148-21-000035.txt
ERP OPERATING LTD PARTNERSHIP,0000931182,10-K,2021-02-18,edgar/data/931182/0001564590-21-006679.txt
UNIVERSAL STAINLESS & ALLOY PRODUCTS INC,0000931584,10-K,2021-02-17,edgar/data/931584/0001564590-21-006425.txt
AEI INCOME & GROWTH FUND XXI LTD PARTNERSHIP,0000931755,10-K,2021-03-30,edgar/data/931755/0000894245-21-000017.txt
INSIGHT ENTERPRISES INC,0000932696,10-K,2021-02-17,edgar/data/932696/0001564590-21-006117.txt
BALCHEM CORP,0000009326,10-K,2021-02-19,edgar/data/9326/0001628280-21-002578.txt
FIRST COMMUNITY CORP /SC/,0000932781,10-K,2021-03-12,edgar/data/932781/0001552781-21-000119.txt
RENT A CENTER INC DE,0000933036,10-K,2021-03-01,edgar/data/933036/0000933036-21-000049.txt
Mr. Cooper Group Inc.,0000933136,10-K,2021-02-23,edgar/data/933136/0000933136-21-000005.txt
VOLITIONRX LTD,0000093314,10-K,2021-03-22,edgar/data/93314/0001078782-21-000262.txt
ENGLOBAL CORP,0000933738,10-K,2021-03-11,edgar/data/933738/0001654954-21-002654.txt
"STANDARD MOTOR PRODUCTS, INC.",0000093389,10-K,2021-02-24,edgar/data/93389/0001140361-21-005993.txt
"POWERVERDE, INC.",0000933972,10-K,2021-03-09,edgar/data/933972/0001575705-21-000115.txt
CHEVRON CORP,0000093410,10-K,2021-02-25,edgar/data/93410/0000093410-21-000009.txt
AMERICAN CHURCH MORTGAGE CO,0000934543,10-K,2021-03-31,edgar/data/934543/0000934543-21-000009.txt
ACACIA RESEARCH CORP,0000934549,10-K,2021-03-29,edgar/data/934549/0001683168-21-001082.txt
"BURLINGTON NORTHERN SANTA FE, LLC",0000934612,10-K,2021-03-01,edgar/data/934612/0000934612-21-000005.txt
Protective Insurance Corp,0000009346,10-K,2021-03-11,edgar/data/9346/0000009346-21-000024.txt
NETWORK CN INC,0000934796,10-K,2021-03-30,edgar/data/934796/0001214659-21-003568.txt
"ACI WORLDWIDE, INC.",0000935036,10-K,2021-02-25,edgar/data/935036/0000935036-21-000014.txt
NATIONAL INSTRUMENTS CORP,0000935494,10-K,2021-02-23,edgar/data/935494/0000935494-21-000015.txt
"STANLEY BLACK & DECKER, INC.",0000093556,10-K,2021-02-18,edgar/data/93556/0000093556-21-000008.txt
"DOLLAR TREE, INC.",0000935703,10-K,2021-03-16,edgar/data/935703/0000935703-21-000014.txt
DTE ENERGY CO,0000936340,10-K,2021-02-19,edgar/data/936340/0000936340-21-000112.txt
LOCKHEED MARTIN CORP,0000936468,10-K,2021-01-28,edgar/data/936468/0000936468-21-000013.txt
"TRINET GROUP, INC.",0000937098,10-K,2021-02-16,edgar/data/937098/0000937098-21-000027.txt
STATE STREET CORP,0000093751,10-K,2021-02-19,edgar/data/93751/0000093751-21-000476.txt
MASIMO CORP,0000937556,10-K,2021-02-23,edgar/data/937556/0000937556-21-000033.txt
METROPOLITAN LIFE INSURANCE CO,0000937834,10-K,2021-03-09,edgar/data/937834/0000937834-21-000005.txt
BALL Corp,0000009389,10-K,2021-02-17,edgar/data/9389/0001558370-21-001121.txt
"EXELIXIS, INC.",0000939767,10-K,2021-02-11,edgar/data/939767/0001628280-21-001852.txt
STEPAN CO,0000094049,10-K,2021-02-26,edgar/data/94049/0001564590-21-009289.txt
"Hub Group, Inc.",0000940942,10-K,2021-02-26,edgar/data/940942/0001564590-21-009409.txt
HIGHWOODS REALTY LTD PARTNERSHIP,0000941713,10-K,2021-02-09,edgar/data/941713/0000921082-21-000003.txt
TAITRON COMPONENTS INC,0000942126,10-K,2021-03-31,edgar/data/942126/0001185185-21-000441.txt
IMAGE SENSING SYSTEMS INC,0000943034,10-K,2021-03-11,edgar/data/943034/0000897101-21-000169.txt
"Ever-Glory International Group, Inc.",0000943184,10-K,2021-03-30,edgar/data/943184/0001213900-21-018685.txt
STEWART INFORMATION SERVICES CORP,0000094344,10-K,2021-03-01,edgar/data/94344/0000094344-21-000009.txt
WESTINGHOUSE AIR BRAKE TECHNOLOGIES CORP,0000943452,10-K,2021-02-19,edgar/data/943452/0001628280-21-002557.txt
GOODRICH PETROLEUM CORP,0000943861,10-K,2021-03-12,edgar/data/943861/0001437749-21-005932.txt
"SOCKET MOBILE, INC.",0000944075,10-K,2021-03-23,edgar/data/944075/0000944075-21-000026.txt
"MINISTRY PARTNERS INVESTMENT COMPANY, LLC",0000944130,10-K,2021-03-25,edgar/data/944130/0000944130-21-000037.txt
"CBIZ, Inc.",0000944148,10-K,2021-02-26,edgar/data/944148/0001628280-21-003443.txt
"LIFE STORAGE, INC.",0000944314,10-K,2021-02-23,edgar/data/944314/0001564590-21-007648.txt
"HANOVER INSURANCE GROUP, INC.",0000944695,10-K,2021-02-24,edgar/data/944695/0001564590-21-007746.txt
"CIVISTA BANCSHARES, INC.",0000944745,10-K,2021-03-15,edgar/data/944745/0001564590-21-013168.txt
"OPKO HEALTH, INC.",0000944809,10-K,2021-02-18,edgar/data/944809/0000944809-21-000015.txt
SYSTEMAX INC,0000945114,10-K,2021-03-18,edgar/data/945114/0000945114-21-000010.txt
Service Properties Trust,0000945394,10-K,2021-03-01,edgar/data/945394/0000945394-21-000011.txt
"American Cannabis Company, Inc.",0000945617,10-K,2021-03-02,edgar/data/945617/0001721868-21-000125.txt
DENBURY INC,0000945764,10-K,2021-03-05,edgar/data/945764/0000945764-21-000022.txt
POOL CORP,0000945841,10-K,2021-02-25,edgar/data/945841/0000945841-21-000022.txt
"Wayside Technology Group, Inc.",0000945983,10-K,2021-03-16,edgar/data/945983/0001558370-21-003044.txt
TIAA REAL ESTATE ACCOUNT,0000946155,10-K,2021-03-11,edgar/data/946155/0001628280-21-004496.txt
"BALLANTYNE STRONG, INC.",0000946454,10-K,2021-03-10,edgar/data/946454/0001493152-21-005768.txt
WINDTREE THERAPEUTICS INC /DE/,0000946486,10-K,2021-03-29,edgar/data/946486/0001437749-21-007493.txt
RETRACTABLE TECHNOLOGIES INC,0000946563,10-K,2021-03-31,edgar/data/946563/0001104659-21-044616.txt
AIM ImmunoTech Inc.,0000946644,10-K,2021-03-31,edgar/data/946644/0001493152-21-007259.txt
PREMIER FINANCIAL CORP,0000946647,10-K,2021-03-12,edgar/data/946647/0001564590-21-012879.txt
BANNER CORP,0000946673,10-K,2021-02-23,edgar/data/946673/0000946673-21-000003.txt
BALTIMORE GAS & ELECTRIC CO,0000009466,10-K,2021-02-24,edgar/data/9466/0001109357-21-000022.txt
ARCH CAPITAL GROUP LTD.,0000947484,10-K,2021-02-26,edgar/data/947484/0000947484-21-000028.txt
FIRST BANCSHARES INC /MS/,0000947559,10-K,2021-03-12,edgar/data/947559/0001104659-21-035539.txt
"LifeMD, Inc.",0000948320,10-K,2021-03-30,edgar/data/948320/0001493152-21-007194.txt
LEVI STRAUSS & CO,0000094845,10-K,2021-01-27,edgar/data/94845/0000094845-21-000009.txt
"SMITH MICRO SOFTWARE, INC.",0000948708,10-K,2021-03-08,edgar/data/948708/0001564590-21-011475.txt
"DIAMOND OFFSHORE DRILLING, INC.",0000949039,10-K,2021-02-10,edgar/data/949039/0001564590-21-005225.txt
CENTURY ALUMINUM CO,0000949157,10-K,2021-03-04,edgar/data/949157/0000949157-21-000042.txt
"ACHIEVE LIFE SCIENCES, INC.",0000949858,10-K,2021-03-11,edgar/data/949858/0001564590-21-012523.txt
BOSTON BEER CO INC,0000949870,10-K,2021-02-17,edgar/data/949870/0001564590-21-006397.txt
INCOME OPPORTUNITY REALTY INVESTORS INC /TX/,0000949961,10-K,2021-03-29,edgar/data/949961/0001387131-21-003965.txt
STURM RUGER & CO INC,0000095029,10-K,2021-02-17,edgar/data/95029/0001174947-21-000168.txt
SUPERIOR INDUSTRIES INTERNATIONAL INC,0000095552,10-K,2021-03-05,edgar/data/95552/0001564590-21-011252.txt
"SUPERIOR GROUP OF COMPANIES, INC.",0000095574,10-K,2021-03-03,edgar/data/95574/0001437749-21-004782.txt
SYNALLOY CORP,0000095953,10-K,2021-03-09,edgar/data/95953/0000095953-21-000032.txt
Jefferies Financial Group Inc.,0000096223,10-K,2021-01-29,edgar/data/96223/0000096223-21-000009.txt
TAMPA ELECTRIC CO,0000096271,10-K,2021-02-16,edgar/data/96271/0001564590-21-005866.txt
BANK OF NOVA SCOTIA,0000009631,10-K,2021-01-29,edgar/data/9631/0001140361-21-002628.txt
TEJON RANCH CO,0000096869,10-K,2021-03-03,edgar/data/96869/0000096869-21-000005.txt
TELEFLEX INC,0000096943,10-K,2021-02-25,edgar/data/96943/0000096943-21-000013.txt
TENNANT CO,0000097134,10-K,2021-02-25,edgar/data/97134/0001437749-21-004045.txt
"TERADYNE, INC",0000097210,10-K,2021-02-22,edgar/data/97210/0001193125-21-050735.txt
TEREX CORP,0000097216,10-K,2021-02-12,edgar/data/97216/0000097216-21-000030.txt
TEXAS INSTRUMENTS INC,0000097476,10-K,2021-02-05,edgar/data/97476/0000097476-21-000006.txt
THERMO FISHER SCIENTIFIC INC.,0000097745,10-K,2021-02-25,edgar/data/97745/0000097745-21-000011.txt
TIDEWATER INC,0000098222,10-K,2021-03-04,edgar/data/98222/0001437749-21-005037.txt
TIMKEN CO,0000098362,10-K,2021-02-16,edgar/data/98362/0000098362-21-000039.txt
TOOTSIE ROLL INDUSTRIES INC,0000098677,10-K,2021-03-01,edgar/data/98677/0001558370-21-002125.txt
"TRANSCONTINENTAL GAS PIPE LINE COMPANY, LLC",0000099250,10-K,2021-02-24,edgar/data/99250/0000099250-21-000003.txt
TRINITY INDUSTRIES INC,0000099780,10-K,2021-02-24,edgar/data/99780/0000099780-21-000012.txt
BARNES GROUP INC,0000009984,10-K,2021-02-22,edgar/data/9984/0000009984-21-000063.txt
