Company Name,CIK,Form Type,Date Filed,Filename
NICHOLAS FINANCIAL INC,0001000045,10-K,2013-06-14,edgar/data/1000045/0001193125-13-259413.txt
BLONDER TONGUE LABORATORIES INC,0001000683,10-K,2013-04-01,edgar/data/1000683/0001144204-13-018986.txt
BROADWAY FINANCIAL CORP \DE\,0001001171,10-K,2013-04-01,edgar/data/1001171/0001193125-13-136900.txt
INVESTORS CAPITAL HOLDINGS LTD,0001001871,10-K,2013-06-20,edgar/data/1001871/0001562762-13-000179.txt
"NetApp, Inc.",0001002047,10-K,2013-06-17,edgar/data/1002047/0001193125-13-261334.txt
WESTELL TECHNOLOGIES INC,0001002135,10-K,2013-05-24,edgar/data/1002135/0001002135-13-000018.txt
GILLA INC.,0001004411,10-K,2013-04-01,edgar/data/1004411/0001354488-13-001651.txt
SPAR GROUP INC,0001004989,10-K,2013-04-02,edgar/data/1004989/0001437749-13-003821.txt
COLUMBUS MCKINNON CORP,0001005229,10-K,2013-05-29,edgar/data/1005229/0001140361-13-023206.txt
MAGICJACK VOCALTEC LTD,0001005699,10-K,2013-04-02,edgar/data/1005699/0001178913-13-000986.txt
"IO World Media, Inc",0001005758,10-K,2013-04-15,edgar/data/1005758/0001213900-13-001810.txt
ARGAN INC,0000100591,10-K,2013-04-12,edgar/data/100591/0001193125-13-153301.txt
KVH INDUSTRIES INC \DE\,0001007587,10-K,2013-04-02,edgar/data/1007587/0001007587-13-000015.txt
STREAMLINE HEALTH SOLUTIONS INC.,0001008586,10-K,2013-04-26,edgar/data/1008586/0001445305-13-000932.txt
CAPSTONE TURBINE Corp,0001009759,10-K,2013-06-13,edgar/data/1009759/0001047469-13-006952.txt
"American Fiber Green Products, Inc.",0001009925,10-K,2013-05-31,edgar/data/1009925/0001477932-13-002806.txt
CHINA LONGYI GROUP INTERNATIONAL HOLDINGS LTD,0001010566,10-K,2013-04-15,edgar/data/1010566/0001062993-13-001882.txt
ROBERTS REALTY INVESTORS INC,0001011109,10-K,2013-04-01,edgar/data/1011109/0001047469-13-003673.txt
TRIMOL GROUP INC,0001011733,10-K,2013-04-16,edgar/data/1011733/0001144204-13-022088.txt
"Wilhelmina International, Inc.",0001013706,10-K,2013-04-01,edgar/data/1013706/0001171843-13-001211.txt
UNITED MORTGAGE TRUST,0000101390,10-K,2013-04-15,edgar/data/101390/0001144204-13-021872.txt
AMARILLO BIOSCIENCES INC,0001014763,10-K,2013-04-01,edgar/data/1014763/0001014763-13-000002.txt
RETROSPETTIVA INC,0001015383,10-K,2013-04-01,edgar/data/1015383/0001079973-13-000222.txt
CARVER BANCORP INC,0001016178,10-K,2013-06-28,edgar/data/1016178/0001016178-13-000012.txt
ALTAIR NANOTECHNOLOGIES INC,0001016546,10-K,2013-04-02,edgar/data/1016546/0001437749-13-003823.txt
"Janus Resources, Inc.",0001016708,10-K,2013-04-01,edgar/data/1016708/0001477932-13-001493.txt
GENETHERA INC,0001017110,10-K,2013-04-16,edgar/data/1017110/0001504412-13-000152.txt
Silver Dragon Resources Inc.,0001017290,10-K,2013-04-26,edgar/data/1017290/0001062993-13-002086.txt
HIBBETT SPORTS INC,0001017480,10-K,2013-04-01,edgar/data/1017480/0001017480-13-000010.txt
"ONE WORLD HOLDINGS, INC.",0001017616,10-K,2013-04-15,edgar/data/1017616/0001445866-13-000405.txt
PAID INC,0001017655,10-K,2013-04-15,edgar/data/1017655/0001144204-13-021865.txt
ABERCROMBIE & FITCH CO /DE/,0001018840,10-K,2013-04-02,edgar/data/1018840/0001018840-13-000012.txt
BIO KEY INTERNATIONAL INC,0001019034,10-K,2013-04-01,edgar/data/1019034/0001437749-13-003783.txt
SEACHANGE INTERNATIONAL INC,0001019671,10-K,2013-04-10,edgar/data/1019671/0001144204-13-020984.txt
PURADYN FILTER TECHNOLOGIES INC,0001019787,10-K,2013-04-01,edgar/data/1019787/0000943440-13-000361.txt
UNIVERSAL CORP /VA/,0000102037,10-K,2013-05-24,edgar/data/102037/0000102037-13-000016.txt
"GRANDPARENTS.COM, INC.",0001020475,10-K,2013-04-16,edgar/data/1020475/0001144204-13-021953.txt
ROOMLINX INC,0001021096,10-K,2013-04-16,edgar/data/1021096/0001188112-13-001098.txt
UNIVERSAL SECURITY INSTRUMENTS INC,0000102109,10-K,2013-06-27,edgar/data/102109/0001144204-13-036855.txt
TRIUMPH GROUP INC,0001021162,10-K,2013-05-30,edgar/data/1021162/0001021162-13-000018.txt
GRAPHON CORP/DE,0001021435,10-K,2013-04-01,edgar/data/1021435/0001140361-13-014820.txt
COMPETITIVE TECHNOLOGIES INC,0000102198,10-K,2013-05-31,edgar/data/102198/0001360865-13-000097.txt
EPLUS INC,0001022408,10-K,2013-06-06,edgar/data/1022408/0001022408-13-000025.txt
NEOMEDIA TECHNOLOGIES INC,0001022701,10-K,2013-04-01,edgar/data/1022701/0001144204-13-019339.txt
AEI INCOME & GROWTH FUND XXII LTD PARTNERSHIP,0001023458,10-K,2013-04-01,edgar/data/1023458/0001023458-13-000006.txt
8X8 INC /DE/,0001023731,10-K,2013-05-28,edgar/data/1023731/0001136261-13-000259.txt
"Panacea Global, Inc.",0001024048,10-K,2013-04-01,edgar/data/1024048/0001511164-13-000155.txt
"CANNABIS SCIENCE, INC.",0001024626,10-K,2013-04-23,edgar/data/1024626/0001517126-13-000081.txt
ZAP,0001024628,10-K,2013-04-16,edgar/data/1024628/0001214659-13-002053.txt
Fuelstream INC,0001024920,10-K,2013-04-16,edgar/data/1024920/0001391609-13-000270.txt
EARTHSTONE ENERGY INC,0000010254,10-K,2013-06-14,edgar/data/10254/0001354488-13-003461.txt
CHASE PACKAGING CORP,0001025771,10-K,2013-06-12,edgar/data/1025771/0001104659-13-048652.txt
DCB FINANCIAL CORP,0001025877,10-K,2013-04-01,edgar/data/1025877/0001193125-13-136332.txt
China Fruits Corp,0001029802,10-K,2013-04-15,edgar/data/1029802/0001264931-13-000220.txt
BLUEFLY INC,0001030896,10-K,2013-04-16,edgar/data/1030896/0001133796-13-000038.txt
PREMIER HOLDING CORP.,0001030916,10-K,2013-04-22,edgar/data/1030916/0001019687-13-001426.txt
MEADE INSTRUMENTS CORP,0001032067,10-K,2013-05-30,edgar/data/1032067/0001193125-13-241808.txt
LOGITECH INTERNATIONAL SA,0001032975,10-K,2013-05-30,edgar/data/1032975/0001047469-13-006614.txt
WIDEPOINT CORP,0001034760,10-K,2013-04-01,edgar/data/1034760/0001144204-13-019279.txt
QAD INC,0001036188,10-K,2013-04-15,edgar/data/1036188/0001140361-13-016410.txt
WWA GROUP INC,0001036478,10-K,2013-04-12,edgar/data/1036478/0001211524-13-000091.txt
WNC HOUSING TAX CREDIT FUND VI LP SERIES 5,0001036500,10-K,2013-06-18,edgar/data/1036500/0001493152-13-001223.txt
AEROCENTURY CORP,0001036848,10-K,2013-05-14,edgar/data/1036848/0001036848-13-000016.txt
RALPH LAUREN CORP,0001037038,10-K,2013-05-23,edgar/data/1037038/0001037038-13-000009.txt
PLAYERS NETWORK,0001037131,10-K,2013-04-12,edgar/data/1037131/0001019687-13-001295.txt
WNC HOUSING TAX CREDIT FUND VI LP SERIES 6,0001037156,10-K,2013-06-18,edgar/data/1037156/0001493152-13-001221.txt
"VOLT INFORMATION SCIENCES, INC.",0000103872,10-K,2013-04-09,edgar/data/103872/0001193125-13-147328.txt
PETMED EXPRESS INC,0001040130,10-K,2013-05-28,edgar/data/1040130/0001188112-13-001701.txt
AMERICAN PETRO-HUNTER INC,0001040482,10-K,2013-04-15,edgar/data/1040482/0001062993-13-001896.txt
MEDISWIPE INC.,0001040850,10-K,2013-04-02,edgar/data/1040850/0001264931-13-000165.txt
Revolutions Medical CORP,0001041009,10-K,2013-05-02,edgar/data/1041009/0001437749-13-005134.txt
RIVERVIEW BANCORP INC,0001041368,10-K,2013-06-14,edgar/data/1041368/0000939057-13-000246.txt
SCIENTIFIC LEARNING CORP,0001042173,10-K,2013-04-01,edgar/data/1042173/0001562762-13-000089.txt
CTI INDUSTRIES CORP,0001042187,10-K,2013-04-15,edgar/data/1042187/0001144204-13-021793.txt
COMMONWEALTH BIOTECHNOLOGIES INC,0001042418,10-K,2013-05-20,edgar/data/1042418/0001193125-13-228013.txt
GOLDEN PHOENIX MINERALS INC,0001042784,10-K,2013-04-15,edgar/data/1042784/0001096906-13-000528.txt
ENVIRO VORAXIAL TECHNOLOGY INC,0001043894,10-K,2013-04-01,edgar/data/1043894/0001099910-13-000077.txt
CAMPBELL FUND TRUST,0001043951,10-K,2013-04-01,edgar/data/1043951/0000910467-13-000010.txt
FIRST COLOMBIA GOLD CORP.,0001045929,10-K,2013-04-15,edgar/data/1045929/0001117768-13-000188.txt
PAN AMERICAN GOLDFIELDS LTD,0001046672,10-K,2013-05-16,edgar/data/1046672/0001554757-13-000328.txt
CENTRAL EUROPEAN DISTRIBUTION CORP,0001046880,10-K,2013-06-18,edgar/data/1046880/0001193125-13-261578.txt
VERENIUM CORP,0001049210,10-K,2013-04-01,edgar/data/1049210/0001193125-13-136596.txt
STEELCASE INC,0001050825,10-K,2013-04-19,edgar/data/1050825/0001050825-13-000083.txt
"BAYOU CITY EXPLORATION, INC.",0001050957,10-K,2013-04-16,edgar/data/1050957/0001019687-13-001362.txt
Integrated Healthcare Holdings Inc,0001051488,10-K,2013-06-28,edgar/data/1051488/0001019687-13-002516.txt
BELK INC,0001051771,10-K,2013-04-17,edgar/data/1051771/0001193125-13-158834.txt
"Tongli Pharmaceuticals (USA), Inc.",0001052284,10-K,2013-06-28,edgar/data/1052284/0001144204-13-037283.txt
MAN AHL DIVERSIFIED I LP,0001052354,10-K,2013-04-01,edgar/data/1052354/0001193125-13-136605.txt
ELITE PHARMACEUTICALS INC /NV/,0001053369,10-K,2013-06-21,edgar/data/1053369/0001144204-13-036025.txt
"Surge Global Energy, Inc.",0001053648,10-K,2013-04-09,edgar/data/1053648/0001493152-13-000614.txt
"Stratus Media Group, Inc",0001053691,10-K,2013-04-16,edgar/data/1053691/0001019687-13-001395.txt
"Alliqua, Inc.",0001054274,10-K,2013-04-16,edgar/data/1054274/0001354488-13-002044.txt
HASTINGS ENTERTAINMENT INC,0001054579,10-K,2013-04-22,edgar/data/1054579/0001193125-13-164433.txt
"KIRKLAND'S, INC",0001056285,10-K,2013-04-18,edgar/data/1056285/0001193125-13-160519.txt
SEYCHELLE ENVIRONMENTAL TECHNOLOGIES INC /CA,0001056757,10-K,2013-05-21,edgar/data/1056757/0001079974-13-000292.txt
PC TEL INC,0001057083,10-K,2013-04-02,edgar/data/1057083/0001193125-13-138832.txt
"New Concept Energy, Inc.",0000105744,10-K,2013-04-01,edgar/data/105744/0001010549-13-000197.txt
FIRST BANCORP /PR/,0001057706,10-K,2013-04-01,edgar/data/1057706/0001193125-13-136825.txt
SILVER HORN MINING LTD.,0001058307,10-K,2013-04-16,edgar/data/1058307/0001521536-13-000338.txt
"STAKOOL, INC.",0001058330,10-K,2013-04-16,edgar/data/1058330/0001493152-13-000685.txt
CORPORATE BOND BACKED CERT TR SER 1998-CAT 1,0001059376,10-K,2013-04-01,edgar/data/1059376/0001193125-13-135926.txt
CORPORATE BOND BACKED CERT TR SER 1998-ADM 1,0001059377,10-K,2013-04-01,edgar/data/1059377/0001193125-13-135910.txt
CORPORATE BOND BACKED CERT TR SER 1998-NSC 1,0001059378,10-K,2013-04-01,edgar/data/1059378/0001193125-13-135836.txt
"SUNVESTA, INC.",0001060409,10-K,2013-06-28,edgar/data/1060409/0001211524-13-000189.txt
Genmed Holding Corp,0001061688,10-K,2013-04-16,edgar/data/1061688/0001178924-13-000048.txt
ATLANTICA INC,0001062506,10-K,2013-04-01,edgar/data/1062506/0001548123-13-000117.txt
RiceBran Technologies,0001063537,10-K,2013-04-01,edgar/data/1063537/0001140361-13-014766.txt
"Shearson American REIT, Inc.",0001065001,10-K,2013-04-04,edgar/data/1065001/0001477932-13-001617.txt
"DigitalTown, Inc.",0001065598,10-K,2013-06-12,edgar/data/1065598/0001056520-13-000142.txt
"Spine Pain Management, Inc",0001066764,10-K,2013-04-01,edgar/data/1066764/0001144204-13-019134.txt
PRIVATE MEDIA GROUP INC,0001068084,10-K,2013-05-23,edgar/data/1068084/0001193125-13-233196.txt
PRIVATE MEDIA GROUP INC,0001068084,10-K,2013-06-28,edgar/data/1068084/0001193125-13-277234.txt
FLEXIBLE SOLUTIONS INTERNATIONAL INC,0001069394,10-K,2013-04-01,edgar/data/1069394/0001354488-13-001671.txt
FEDERATED NATIONAL HOLDING CO,0001069996,10-K,2013-04-01,edgar/data/1069996/0001140361-13-014741.txt
CAPITOL CITY BANCSHARES INC,0001070295,10-K,2013-04-17,edgar/data/1070295/0001193125-13-157100.txt
CENTRAL FEDERAL CORP,0001070680,10-K,2013-04-01,edgar/data/1070680/0001193125-13-136898.txt
ASIA PROPERTIES INC,0001070789,10-K,2013-06-19,edgar/data/1070789/0001493152-13-001227.txt
"WILEY JOHN & SONS, INC.",0000107140,10-K,2013-06-26,edgar/data/107140/0000107140-13-000023.txt
FUSION TELECOMMUNICATIONS INTERNATIONAL INC,0001071411,10-K,2013-04-01,edgar/data/1071411/0001354488-13-001648.txt
DOVER SADDLERY INC,0001071625,10-K,2013-04-01,edgar/data/1071625/0001193125-13-136186.txt
ECOSPHERE TECHNOLOGIES INC,0001071760,10-K,2013-04-02,edgar/data/1071760/0000943440-13-000367.txt
NORTHWEST BIOTHERAPEUTICS INC,0001072379,10-K,2013-04-08,edgar/data/1072379/0001144204-13-020507.txt
AMERICAN INTERNATIONAL INDUSTRIES INC,0001073146,10-K,2013-04-16,edgar/data/1073146/0001073146-13-000009.txt
"Manasota Group, Inc.",0001074458,10-K,2013-05-23,edgar/data/1074458/0001575872-13-000002.txt
MAVERICK MINERALS CORP,0001074929,10-K,2013-04-01,edgar/data/1074929/0001062993-13-001600.txt
"iGo, Inc.",0001075656,10-K,2013-04-01,edgar/data/1075656/0001193125-13-136647.txt
Treaty Energy Corp,0001075773,10-K,2013-06-27,edgar/data/1075773/0001354488-13-003661.txt
VIEW SYSTEMS INC,0001075857,10-K,2013-04-01,edgar/data/1075857/0001391609-13-000219.txt
TERRALENE FUELS Corp,0001076262,10-K,2013-04-15,edgar/data/1076262/0001477932-13-001823.txt
SEQUENOM INC,0001076481,10-K,2013-04-02,edgar/data/1076481/0001076481-13-000007.txt
"INNOCOM TECHNOLOGY HOLDINGS, INC.",0001076541,10-K,2013-04-16,edgar/data/1076541/0001078782-13-000737.txt
"Yosen Group, Inc.",0001076784,10-K,2013-04-12,edgar/data/1076784/0001144204-13-021575.txt
SKYSTAR BIO-PHARMACEUTICAL CO,0001076939,10-K,2013-04-01,edgar/data/1076939/0001144204-13-019139.txt
SIERRA RESOURCE GROUP INC,0001076966,10-K,2013-04-15,edgar/data/1076966/0001193125-13-155174.txt
HOOKER FURNITURE CORP,0001077688,10-K,2013-04-19,edgar/data/1077688/0001185185-13-000894.txt
LOOKSMART LTD,0001077866,10-K,2013-04-01,edgar/data/1077866/0001140361-13-014778.txt
NETSCOUT SYSTEMS INC,0001078075,10-K,2013-05-24,edgar/data/1078075/0001193125-13-235038.txt
EMPIRE GLOBAL CORP.,0001080319,10-K,2013-04-16,edgar/data/1080319/0001080319-13-000002.txt
"Titan Energy Worldwide, Inc.",0001080398,10-K,2013-04-03,edgar/data/1080398/0001213900-13-001611.txt
NATION ENERGY INC,0001081183,10-K,2013-06-17,edgar/data/1081183/0001081183-13-000004.txt
GLOBALWISE INVESTMENTS INC,0001081745,10-K,2013-04-01,edgar/data/1081745/0001144204-13-019116.txt
"Pernix Group, Inc.",0001082198,10-K,2013-04-01,edgar/data/1082198/0001376474-13-000116.txt
"Apollo Medical Holdings, Inc.",0001083446,10-K,2013-05-01,edgar/data/1083446/0001144204-13-025748.txt
SUNRISE REAL ESTATE GROUP INC,0001083490,10-K,2013-05-22,edgar/data/1083490/0001144204-13-030915.txt
CAN CAL RESOURCES LTD,0001083848,10-K,2013-04-16,edgar/data/1083848/0001019687-13-001398.txt
WORLD ACCEPTANCE CORP,0000108385,10-K,2013-06-14,edgar/data/108385/0000108385-13-000022.txt
WNC HOUSING TAX CREDIT FUND VI LP SERIES 7,0001084067,10-K,2013-06-28,edgar/data/1084067/0001493152-13-001270.txt
IMMEDIATEK INC,0001084182,10-K,2013-04-12,edgar/data/1084182/0001214659-13-001976.txt
Searchlight Minerals Corp.,0001084226,10-K,2013-04-01,edgar/data/1084226/0001144204-13-018799.txt
SALON MEDIA GROUP INC,0001084332,10-K,2013-06-26,edgar/data/1084332/0001437749-13-008089.txt
ELEPHANT TALK COMMUNICATIONS CORP,0001084384,10-K,2013-04-02,edgar/data/1084384/0001144204-13-019750.txt
Arrayit Corp,0001084507,10-K,2013-04-17,edgar/data/1084507/0001471242-13-000130.txt
"GREENWORLD DEVELOPMENT, INC.",0001084899,10-K,2013-04-16,edgar/data/1084899/0001213900-13-001842.txt
SKINVISIBLE INC,0001085277,10-K,2013-04-16,edgar/data/1085277/0001255294-13-000265.txt
PACIFIC WEBWORKS INC,0001086303,10-K,2013-04-01,edgar/data/1086303/0001548123-13-000110.txt
ALR TECHNOLOGIES INC.,0001087022,10-K,2013-04-01,edgar/data/1087022/0001002014-13-000148.txt
RED HAT INC,0001087423,10-K,2013-04-25,edgar/data/1087423/0001193125-13-173724.txt
"HINTO ENERGY, INC",0001087734,10-K,2013-06-25,edgar/data/1087734/0001072588-13-000069.txt
PAYMENT DATA SYSTEMS INC,0001088034,10-K,2013-04-01,edgar/data/1088034/0001354488-13-001689.txt
MAD CATZ INTERACTIVE INC,0001088162,10-K,2013-06-06,edgar/data/1088162/0001193125-13-250067.txt
"DLD Group, Inc.",0001088949,10-K,2013-04-01,edgar/data/1088949/0001062993-13-001613.txt
FINDEX COM INC,0001089061,10-K,2013-04-16,edgar/data/1089061/0001089061-13-000012.txt
US NEUROSURGICAL INC,0001089815,10-K,2013-04-01,edgar/data/1089815/0001140361-13-014649.txt
AMERICAN ORIENTAL BIOENGINEERING INC,0001090514,10-K,2013-06-11,edgar/data/1090514/0001019687-13-002302.txt
SELECTICA INC,0001090908,10-K,2013-06-17,edgar/data/1090908/0001437749-13-007703.txt
GLOBAL ENERGY INC,0001090967,10-K,2013-04-15,edgar/data/1090967/0001178913-13-001096.txt
FOREVERGREEN WORLDWIDE CORP,0001091983,10-K,2013-04-16,edgar/data/1091983/0001548123-13-000140.txt
TJX COMPANIES INC /DE/,0000109198,10-K,2013-04-02,edgar/data/109198/0001193125-13-138497.txt
TRANSATLANTIC PETROLEUM LTD.,0001092289,10-K,2013-05-16,edgar/data/1092289/0001193125-13-222765.txt
FULLNET COMMUNICATIONS INC,0001092570,10-K,2013-04-15,edgar/data/1092570/0001254089-13-000014.txt
SMITH & WESSON HOLDING CORP,0001092796,10-K,2013-06-25,edgar/data/1092796/0001193125-13-270582.txt
PLUG POWER INC,0001093691,10-K,2013-04-01,edgar/data/1093691/0001003297-13-000101.txt
RAINMAKER SYSTEMS INC,0001094007,10-K,2013-04-01,edgar/data/1094007/0001094007-13-000019.txt
"NEWTEK BUSINESS SERVICES, INC.",0001094019,10-K,2013-04-01,edgar/data/1094019/0001193125-13-136454.txt
DALE JARRETT RACING ADVENTURE INC,0001094032,10-K,2013-04-11,edgar/data/1094032/0001014897-13-000110.txt
TAPIMMUNE INC,0001094038,10-K,2013-05-15,edgar/data/1094038/0001554757-13-000319.txt
TELKONET INC,0001094084,10-K,2013-04-01,edgar/data/1094084/0001019687-13-001105.txt
AEROSONIC CORP /DE/,0000109471,10-K,2013-05-01,edgar/data/109471/0001144204-13-025754.txt
FINISAR CORP,0001094739,10-K,2013-06-24,edgar/data/1094739/0001094739-13-000068.txt
"ONCOVISTA INNOVATIVE THERAPIES, INC",0001094847,10-K,2013-04-01,edgar/data/1094847/0001144204-13-018846.txt
PFSWEB INC,0001095315,10-K,2013-04-01,edgar/data/1095315/0001193125-13-136642.txt
"ERBA Diagnostics, Inc.",0001095858,10-K,2013-06-14,edgar/data/1095858/0001144204-13-035055.txt
MINERALRITE Corp,0001096296,10-K,2013-04-16,edgar/data/1096296/0001127855-13-000246.txt
"ASIA8, INC.",0001096298,10-K,2013-04-10,edgar/data/1096298/0001211524-13-000085.txt
SARATOGA RESOURCES INC /TX,0001096339,10-K,2013-04-01,edgar/data/1096339/0001515971-13-000111.txt
"ENERGY QUEST, INC.",0001096550,10-K,2013-04-12,edgar/data/1096550/0001554795-13-000219.txt
OHIO LEGACY CORP,0001096654,10-K,2013-04-01,edgar/data/1096654/0001144204-13-018930.txt
Sanwire Corp,0001096759,10-K,2013-04-16,edgar/data/1096759/0001262463-13-000215.txt
Sunway Global Inc.,0001096840,10-K,2013-04-15,edgar/data/1096840/0001013762-13-000524.txt
"DOCUMENT CAPTURE TECHNOLOGIES, INC.",0001096857,10-K,2013-04-15,edgar/data/1096857/0001144204-13-021839.txt
SITESTAR CORP,0001096934,10-K,2013-04-16,edgar/data/1096934/0000721748-13-000076.txt
"United Health Products, Inc.",0001096938,10-K,2013-06-19,edgar/data/1096938/0001477932-13-002947.txt
"United Health Products, Inc.",0001096938,10-K,2013-06-19,edgar/data/1096938/0001477932-13-002955.txt
Vista International Technologies Inc,0001096939,10-K,2013-04-15,edgar/data/1096939/0001504412-13-000138.txt
"Big Tree Group, Inc.",0001097896,10-K,2013-05-14,edgar/data/1097896/0001448788-13-000090.txt
"Innovaro, Inc.",0001098482,10-K,2013-04-15,edgar/data/1098482/0001193125-13-155023.txt
"U.S. RARE EARTHS, INC",0001098881,10-K,2013-04-08,edgar/data/1098881/0001354488-13-001811.txt
MANHATTAN SCIENTIFICS INC,0001099132,10-K,2013-04-01,edgar/data/1099132/0001477932-13-001511.txt
VERTICAL COMPUTER SYSTEMS INC,0001099509,10-K,2013-04-16,edgar/data/1099509/0001144204-13-022128.txt
WESTGATE ACQUISITIONS CORP,0001099568,10-K,2013-04-16,edgar/data/1099568/0001099568-13-000002.txt
EASTGATE ACQUISITIONS CORP,0001099574,10-K,2013-04-16,edgar/data/1099574/0001099574-13-000009.txt
"Sibling Group Holdings, Inc.",0001099728,10-K,2013-05-08,edgar/data/1099728/0001553350-13-000123.txt
LENCO MOBILE INC.,0001100202,10-K,2013-04-02,edgar/data/1100202/0001019687-13-001186.txt
KRISPY KREME DOUGHNUTS INC,0001100270,10-K,2013-04-19,edgar/data/1100270/0001206774-13-001527.txt
"ASSURED PHARMACY, INC.",0001100592,10-K,2013-04-01,edgar/data/1100592/0001117768-13-000165.txt
VALIDIAN CORP,0001100644,10-K,2013-04-16,edgar/data/1100644/0001052918-13-000142.txt
TARA GOLD RESOURCES CORP.,0001100747,10-K,2013-04-16,edgar/data/1100747/0001214659-13-002057.txt
Teliphone Corp,0001101783,10-K,2013-04-02,edgar/data/1101783/0001338541-13-000004.txt
AMERICAN REALTY INVESTORS INC,0001102238,10-K,2013-04-08,edgar/data/1102238/0001010549-13-000237.txt
BLASTGARD INTERNATIONAL INC,0001102358,10-K,2013-04-16,edgar/data/1102358/0001554757-13-000228.txt
"VIKING INVESTMENTS GROUP, INC.",0001102432,10-K,2013-04-18,edgar/data/1102432/0001477932-13-001918.txt
FORMCAP CORP.,0001102709,10-K,2013-04-15,edgar/data/1102709/0001137171-13-000158.txt
REFLECT SCIENTIFIC INC,0001103090,10-K,2013-04-01,edgar/data/1103090/0001548123-13-000114.txt
"SPARE BACKUP, INC.",0001103577,10-K,2013-04-22,edgar/data/1103577/0001549983-13-000032.txt
"Crown Equity Holdings, Inc.",0001103833,10-K,2013-06-26,edgar/data/1103833/0001477932-13-003003.txt
LASERLOCK TECHNOLOGIES INC,0001104038,10-K,2013-04-01,edgar/data/1104038/0001188112-13-000907.txt
Global Immune Technologies Inc.,0001105284,10-K,2013-06-19,edgar/data/1105284/0001144204-13-035667.txt
NATIONAL TECHNICAL SYSTEMS INC /CA/,0000110536,10-K,2013-04-30,edgar/data/110536/0001140361-13-017890.txt
SEAFARER EXPLORATION CORP,0001106213,10-K,2013-04-15,edgar/data/1106213/0001199835-13-000179.txt
DEBT RESOLVE INC,0001106645,10-K,2013-05-03,edgar/data/1106645/0001477932-13-002123.txt
"Chanticleer Holdings, Inc.",0001106838,10-K,2013-04-03,edgar/data/1106838/0001144204-13-019884.txt
"EGPI FIRECREEK, INC.",0001106848,10-K,2013-05-21,edgar/data/1106848/0001096906-13-000941.txt
OMNIVISION TECHNOLOGIES INC,0001106851,10-K,2013-06-28,edgar/data/1106851/0001047469-13-007289.txt
OCULUS VISIONTECH INC.,0001107280,10-K,2013-04-08,edgar/data/1107280/0001273511-13-000018.txt
AlumiFuel Power Corp,0001108046,10-K,2013-04-16,edgar/data/1108046/0001554795-13-000227.txt
FRONTIER OILFIELD SERVICES INC,0001108645,10-K,2013-04-01,edgar/data/1108645/0001193125-13-136800.txt
"TRISTAR WELLNESS SOLUTIONS, INC.",0001109153,10-K,2013-04-16,edgar/data/1109153/0001477932-13-001882.txt
DYNARESOURCE INC,0001111741,10-K,2013-04-12,edgar/data/1111741/0001121781-13-000092.txt
PROVIDENCE RESOURCES INC,0001112064,10-K,2013-04-02,edgar/data/1112064/0001211524-13-000075.txt
DELTA MUTUAL INC,0001112985,10-K,2013-04-25,edgar/data/1112985/0001213900-13-002028.txt
ARVANA INC,0001113313,10-K,2013-04-01,edgar/data/1113313/0001211524-13-000055.txt
SMART ONLINE INC,0001113513,10-K,2013-04-01,edgar/data/1113513/0001354488-13-001678.txt
"NightCulture, Inc.",0001114208,10-K,2013-04-16,edgar/data/1114208/0001477932-13-001852.txt
SILVERGRAPH INTERNATIONAL INC,0001115975,10-K,2013-04-12,edgar/data/1115975/0001214659-13-001966.txt
GEOPETRO RESOURCES CO,0001116927,10-K,2013-04-16,edgar/data/1116927/0001437749-13-004472.txt
American Lorain CORP,0001117057,10-K,2013-04-01,edgar/data/1117057/0001062993-13-001595.txt
"30DC, INC.",0001118974,10-K,2013-06-03,edgar/data/1118974/0001065949-13-000060.txt
ADVANCED TECHNOLOGIES GROUP LTD,0001119046,10-K,2013-04-24,edgar/data/1119046/0001165527-13-000416.txt
NUTRA PHARMA CORP,0001119643,10-K,2013-04-16,edgar/data/1119643/0001144204-13-022247.txt
TRAILBLAZER RESOURCES INC.,0001119807,10-K,2013-04-15,edgar/data/1119807/0000949353-13-000068.txt
IXIA,0001120295,10-K,2013-04-04,edgar/data/1120295/0001437749-13-004006.txt
FRIENDLY ENERGY EXPLORATION,0001120434,10-K,2013-04-16,edgar/data/1120434/0001078782-13-000756.txt
"China Natural Gas, Inc.",0001120830,10-K,2013-04-01,edgar/data/1120830/0001144204-13-018982.txt
ATLAS AMERICA PUBLIC #9 LTD.,0001121745,10-K,2013-04-01,edgar/data/1121745/0001193125-13-135713.txt
AMERICAN SPECTRUM REALTY INC,0001121783,10-K,2013-04-01,edgar/data/1121783/0001206774-13-001253.txt
"DataJack, Inc.",0001122991,10-K,2013-04-16,edgar/data/1122991/0001062993-13-001935.txt
China Logistics Group Inc,0001123493,10-K,2013-05-15,edgar/data/1123493/0001448788-13-000095.txt
MINT LEASING INC,0001124127,10-K,2013-04-16,edgar/data/1124127/0001214782-13-000184.txt
"Cryoport, Inc.",0001124524,10-K,2013-06-25,edgar/data/1124524/0001144204-13-036463.txt
UTi WORLDWIDE INC,0001124827,10-K,2013-04-01,edgar/data/1124827/0001193125-13-135467.txt
ALTERNET SYSTEMS INC,0001126003,10-K,2013-04-15,edgar/data/1126003/0001062993-13-001901.txt
"SURGLINE INTERNATIONAL, INC.",0001126411,10-K,2013-05-02,edgar/data/1126411/0001554795-13-000256.txt
GSI TECHNOLOGY INC,0001126741,10-K,2013-06-04,edgar/data/1126741/0001102624-13-000684.txt
"Saker Aviation Services, Inc.",0001128281,10-K,2013-04-01,edgar/data/1128281/0001144204-13-018879.txt
ENERTECK CORP,0001128353,10-K,2013-04-16,edgar/data/1128353/0001477932-13-001854.txt
"INTERCLOUD SYSTEMS, INC.",0001128725,10-K,2013-04-01,edgar/data/1128725/0001213900-13-001503.txt
NISSAN AUTO RECEIVABLES CORP II,0001129068,10-K,2013-06-28,edgar/data/1129068/0001540639-13-000054.txt
NISSAN AUTO RECEIVABLES CORP II,0001129068,10-K,2013-06-28,edgar/data/1129068/0001540639-13-000055.txt
NISSAN AUTO RECEIVABLES CORP II,0001129068,10-K,2013-06-28,edgar/data/1129068/0001540639-13-000056.txt
NISSAN AUTO RECEIVABLES CORP II,0001129068,10-K,2013-06-28,edgar/data/1129068/0001540639-13-000057.txt
NISSAN AUTO RECEIVABLES CORP II,0001129068,10-K,2013-06-28,edgar/data/1129068/0001540639-13-000058.txt
NISSAN AUTO RECEIVABLES CORP II,0001129068,10-K,2013-06-28,edgar/data/1129068/0001540639-13-000059.txt
E-Debit Global Corp.,0001129120,10-K,2013-04-15,edgar/data/1129120/0001079973-13-000259.txt
"Cyclacel Pharmaceuticals, Inc.",0001130166,10-K,2013-04-01,edgar/data/1130166/0001104659-13-026207.txt
AEI INCOME & GROWTH FUND 24 LLC,0001130758,10-K,2013-04-01,edgar/data/1130758/0001023458-13-000008.txt
"Lightyear Network Solutions, Inc.",0001130888,10-K,2013-04-01,edgar/data/1130888/0001144204-13-018946.txt
"LD HOLDINGS, INC.",0001131089,10-K,2013-04-16,edgar/data/1131089/0001096906-13-000540.txt
SPECTRAL CAPITAL Corp,0001131903,10-K,2013-04-16,edgar/data/1131903/0001096906-13-000545.txt
"iGlue, Inc.",0001133116,10-K,2013-04-15,edgar/data/1133116/0001262463-13-000193.txt
AMERA LINK INC,0001133266,10-K,2013-04-01,edgar/data/1133266/0001096906-13-000460.txt
BIO-PATH HOLDINGS INC,0001133818,10-K,2013-04-01,edgar/data/1133818/0001144204-13-019184.txt
"Nile Therapeutics, Inc.",0001133869,10-K,2013-06-21,edgar/data/1133869/0001144204-13-036076.txt
"True Drinks Holdings, Inc.",0001134765,10-K,2013-04-05,edgar/data/1134765/0001415889-13-000648.txt
AMEREN ENERGY GENERATING CO,0001135361,10-K,2013-04-01,edgar/data/1135361/0001135361-13-000003.txt
VISION GLOBAL SOLUTIONS INC,0001135657,10-K,2013-05-29,edgar/data/1135657/0001354488-13-003212.txt
"CATASYS, INC.",0001136174,10-K,2013-04-01,edgar/data/1136174/0001437749-13-003812.txt
MEWBOURNE ENERGY PARTNERS 01-A LP,0001136529,10-K,2013-04-01,edgar/data/1136529/0001387131-13-001068.txt
VOIS Inc.,0001136711,10-K,2013-04-10,edgar/data/1136711/0001262463-13-000183.txt
MEWBOURNE ENERGY PARTNERS 02-A LP,0001136933,10-K,2013-04-01,edgar/data/1136933/0001387131-13-001070.txt
"Augme Technologies, Inc.",0001137204,10-K,2013-05-24,edgar/data/1137204/0001415889-13-001069.txt
UNITED SECURITY BANCSHARES,0001137547,10-K,2013-04-01,edgar/data/1137547/0001140361-13-014797.txt
PACIFIC GOLD CORP,0001137855,10-K,2013-04-11,edgar/data/1137855/0001515971-13-000134.txt
PACIFIC HEALTH CARE ORGANIZATION INC,0001138476,10-K,2013-04-01,edgar/data/1138476/0001185185-13-000744.txt
"Global Arena Holding, Inc.",0001138724,10-K,2013-04-16,edgar/data/1138724/0001014897-13-000122.txt
FIRST SECURITY GROUP INC/TN,0001138817,10-K,2013-04-15,edgar/data/1138817/0001138817-13-000016.txt
TURBINE TRUCK ENGINES INC,0001138978,10-K,2013-04-15,edgar/data/1138978/0001188112-13-001084.txt
WORDLOGIC CORP,0001139614,10-K,2013-04-10,edgar/data/1139614/0001078782-13-000686.txt
AMARU INC,0001139822,10-K,2013-06-05,edgar/data/1139822/0001019687-13-002197.txt
"Talon Therapeutics, Inc.",0001140028,10-K,2013-04-01,edgar/data/1140028/0001437749-13-003773.txt
"iPayment, Inc.",0001140184,10-K,2013-04-01,edgar/data/1140184/0001193125-13-134962.txt
"Legend Oil & Gas, Ltd.",0001140414,10-K,2013-04-01,edgar/data/1140414/0001185185-13-000729.txt
COMMONWEALTH INCOME & GROWTH FUND IV,0001141615,10-K,2013-04-01,edgar/data/1141615/0001141615-13-000007.txt
"CarePayment Technologies, Inc.",0001142406,10-K,2013-04-01,edgar/data/1142406/0001144204-13-019240.txt
AMANASU ENVIRONMENT CORP,0001142801,10-K,2013-05-20,edgar/data/1142801/0001096906-13-000908.txt
DECISION DIAGNOSTICS CORP,0001144225,10-K,2013-04-16,edgar/data/1144225/0001078782-13-000764.txt
"U.S. China Mining Group, Inc.",0001145761,10-K,2013-04-16,edgar/data/1145761/0001214659-13-002031.txt
HOUSTON AMERICAN ENERGY CORP,0001156041,10-K,2013-04-01,edgar/data/1156041/0001140361-13-014794.txt
WNC HOUSING TAX CREDIT FUND VI LP SERIES 9,0001156445,10-K,2013-06-11,edgar/data/1156445/0001493152-13-001146.txt
"CoroWare, Inc,",0001156784,10-K,2013-04-16,edgar/data/1156784/0001558891-13-000068.txt
WNC HOUSING TAX CREDIT FUND VI LP SERIES 10,0001156815,10-K,2013-06-11,edgar/data/1156815/0001493152-13-001148.txt
AMERICAN FIRST FINANCIAL INC,0001156884,10-K,2013-05-31,edgar/data/1156884/0001554757-13-000352.txt
ADVISORY BOARD CO,0001157377,10-K,2013-05-30,edgar/data/1157377/0001193125-13-241457.txt
ATLAS AMERICA PUBLIC #10 LTD.,0001157516,10-K,2013-04-01,edgar/data/1157516/0001193125-13-135685.txt
AFFYMAX INC,0001158223,10-K,2013-04-02,edgar/data/1158223/0001445305-13-000765.txt
"Standard Drilling, Inc.",0001158694,10-K,2013-04-01,edgar/data/1158694/0001158694-13-000016.txt
KIWA BIO-TECH PRODUCTS GROUP CORP,0001159275,10-K,2013-04-15,edgar/data/1159275/0001144204-13-021719.txt
"InterMetro Communications, Inc.",0001160142,10-K,2013-04-01,edgar/data/1160142/0001185185-13-000714.txt
"GROWLIFE, INC.",0001161582,10-K,2013-04-01,edgar/data/1161582/0001308411-13-000055.txt
"Wizard World, Inc.",0001162896,10-K,2013-04-01,edgar/data/1162896/0001493152-13-000544.txt
FNB BANCORP/CA/,0001163199,10-K,2013-04-01,edgar/data/1163199/0001019056-13-000460.txt
"ProText Mobility, Inc.",0001163573,10-K,2013-04-17,edgar/data/1163573/0001163573-13-000012.txt
"GS ENVIROSERVICES, INC.",0001163966,10-K,2013-04-16,edgar/data/1163966/0001096906-13-000578.txt
"Daybreak Oil & Gas, Inc.",0001164256,10-K,2013-05-28,edgar/data/1164256/0001515971-13-000242.txt
"Green Energy Management Services Holdings, Inc.",0001164552,10-K,2013-04-16,edgar/data/1164552/0001140361-13-016607.txt
KYTO BIOPHARMA INC,0001164888,10-K,2013-06-28,edgar/data/1164888/0001354488-13-003690.txt
"FITT HIGHWAY PRODUCTS, INC.",0001164964,10-K,2013-04-12,edgar/data/1164964/0001019687-13-001310.txt
IRELAND INC.,0001166338,10-K,2013-04-15,edgar/data/1166338/0001062993-13-001906.txt
"QUANTUM FUEL SYSTEMS TECHNOLOGIES WORLDWIDE, INC.",0001166380,10-K,2013-04-01,edgar/data/1166380/0001166380-13-000010.txt
DELTA OIL & GAS INC,0001166847,10-K,2013-04-01,edgar/data/1166847/0001117768-13-000166.txt
GOLDFIELDS INTERNATIONAL INC,0001167886,10-K,2013-04-25,edgar/data/1167886/0001171520-13-000325.txt
"Amincor, Inc.",0001167905,10-K,2013-04-17,edgar/data/1167905/0001165527-13-000393.txt
Desert Hawk Gold Corp.,0001168081,10-K,2013-04-16,edgar/data/1168081/0001078782-13-000760.txt
AEROPOSTALE INC,0001168213,10-K,2013-04-03,edgar/data/1168213/0001168213-13-000054.txt
AMANASU TECHNO HOLDINGS CORP,0001168663,10-K,2013-05-22,edgar/data/1168663/0001096906-13-000949.txt
BI-OPTIC VENTURES INC,0001168960,10-K,2013-06-13,edgar/data/1168960/0001052918-13-000257.txt
BALQON CORP.,0001169440,10-K,2013-06-14,edgar/data/1169440/0001019687-13-002352.txt
COMMVAULT SYSTEMS INC,0001169561,10-K,2013-05-14,edgar/data/1169561/0001193125-13-219425.txt
OXFORD TECHNOLOGIES INC,0001169567,10-K,2013-04-12,edgar/data/1169567/0001169567-13-000009.txt
CARMAX INC,0001170010,10-K,2013-04-26,edgar/data/1170010/0001170010-13-000010.txt
MITEL NETWORKS CORP,0001170534,10-K,2013-06-24,edgar/data/1170534/0001193125-13-269098.txt
MEWBOURNE ENERGY PARTNERS 03-A LP,0001170797,10-K,2013-04-01,edgar/data/1170797/0001387131-13-001072.txt
"EAU TECHNOLOGIES, INC.",0001170816,10-K,2013-04-01,edgar/data/1170816/0001354488-13-001659.txt
LEHMAN ABS CORP KINDER MORGAN DEBEN BACKED SER 2002-6,0001171106,10-K,2013-04-01,edgar/data/1171106/0001193125-13-135606.txt
LIBERTY STAR URANIUM & METALS CORP.,0001172178,10-K,2013-05-16,edgar/data/1172178/0001062993-13-002635.txt
Asia Interactive Media Inc.,0001172318,10-K,2013-04-02,edgar/data/1172318/0001415408-13-000027.txt
Cinedigm Digital Cinema Corp.,0001173204,10-K,2013-06-20,edgar/data/1173204/0001173204-13-000005.txt
"CHINA HEALTH RESOURCE, INC.",0001173784,10-K,2013-04-30,edgar/data/1173784/0001144204-13-025213.txt
ENVIVIO INC,0001174266,10-K,2013-04-25,edgar/data/1174266/0001193125-13-173913.txt
HOTEL OUTSOURCE MANAGEMENT INTERNATIONAL INC,0001174814,10-K,2013-04-15,edgar/data/1174814/0001300110-13-000018.txt
LEHMAN ABS CORP CORP BACK TR AIG DEBENTURE BCK SER 2002 10,0001174923,10-K,2013-04-01,edgar/data/1174923/0001193125-13-135566.txt
ATLAS AMERICA PUBLIC #11-2002 LTD.,0001175028,10-K,2013-04-01,edgar/data/1175028/0001193125-13-135739.txt
Cytosorbents Corp,0001175151,10-K,2013-04-03,edgar/data/1175151/0001144204-13-019816.txt
ASSURANCE GROUP INC.,0001175501,10-K,2013-05-15,edgar/data/1175501/0001175501-13-000010.txt
ASSURANCE GROUP INC.,0001175501,10-K,2013-05-15,edgar/data/1175501/0001175501-13-000014.txt
LEHMAN ABS CORP MOTOROLA DEBENTURE BACKED SERIES 2002 12,0001175834,10-K,2013-04-01,edgar/data/1175834/0001193125-13-135635.txt
ST JOSEPH INC,0001177135,10-K,2013-04-01,edgar/data/1177135/0001493152-13-000540.txt
XPLORE TECHNOLOGIES CORP,0001177845,10-K,2013-06-26,edgar/data/1177845/0001437749-13-008075.txt
"Pollex, Inc.",0001178377,10-K,2013-04-16,edgar/data/1178377/0001013762-13-000548.txt
"BODISEN BIOTECH, INC",0001178552,10-K,2013-04-16,edgar/data/1178552/0001013762-13-000542.txt
GENESIS FINANCIAL INC,0001183082,10-K,2013-04-01,edgar/data/1183082/0001052918-13-000101.txt
AEI INCOME & GROWTH FUND 25 LLC,0001185198,10-K,2013-04-01,edgar/data/1185198/0001023458-13-000010.txt
EXOPACK HOLDING CORP,0001186362,10-K,2013-04-01,edgar/data/1186362/0001186362-13-000004.txt
"Arno Therapeutics, Inc",0001195116,10-K,2013-04-01,edgar/data/1195116/0001144204-13-019005.txt
"Altegris Winton Futures Fund, L.P.",0001198415,10-K,2013-04-01,edgar/data/1198415/0001398344-13-001724.txt
CODEXIS INC,0001200375,10-K,2013-04-02,edgar/data/1200375/0001445305-13-000770.txt
LEHMAN ABS CORP CORP BACKED TRUST CERTS SER 02 17 CLASS A1,0001200408,10-K,2013-04-01,edgar/data/1200408/0001193125-13-135573.txt
CREDIT ONE FINANCIAL INC,0001201135,10-K,2013-04-15,edgar/data/1201135/0001201135-13-000004.txt
BRISTOL MYERS SQUIBB DEBENTURE BACKED SERIES 2002-18,0001202500,10-K,2013-04-01,edgar/data/1202500/0001193125-13-135546.txt
CHINA EDUCATION ALLIANCE INC.,0001203900,10-K,2013-04-01,edgar/data/1203900/0001144204-13-019114.txt
COMPLIANCE SYSTEMS CORP,0001206133,10-K,2013-04-16,edgar/data/1206133/0001493152-13-000681.txt
VIRTUSA CORP,0001207074,10-K,2013-05-29,edgar/data/1207074/0001047469-13-006546.txt
"China Energy Recovery, Inc.",0001208790,10-K,2013-04-18,edgar/data/1208790/0001144204-13-022653.txt
"Solar Power, Inc.",0001210618,10-K,2013-04-19,edgar/data/1210618/0001437749-13-004578.txt
"New York & Company, Inc.",0001211351,10-K,2013-04-16,edgar/data/1211351/0001047469-13-004436.txt
ALLIED RESOURCES INC,0001211524,10-K,2013-04-15,edgar/data/1211524/0001211524-13-000098.txt
ADHEREX TECHNOLOGIES INC,0001211583,10-K,2013-04-01,edgar/data/1211583/0001144204-13-019057.txt
"Trovagene, Inc.",0001213037,10-K,2013-04-01,edgar/data/1213037/0001104659-13-026211.txt
LEHMAN ABS CORP DUKE CAPITAL NOTE BACKED SERIES 2003-3,0001217013,10-K,2013-04-01,edgar/data/1217013/0001193125-13-135517.txt
LEHMAN ABS CORP HSBC DEBENTURE BACKED SERIES 2003-4,0001219088,10-K,2013-04-01,edgar/data/1219088/0001193125-13-135629.txt
BEESTON ENTERPRISES LTD,0001221548,10-K,2013-06-19,edgar/data/1221548/0001056520-13-000144.txt
"MOPALS.COM, INC.",0001222218,10-K,2013-04-16,edgar/data/1222218/0001213900-13-001855.txt
ProUroCare Medical Inc.,0001222244,10-K,2013-04-16,edgar/data/1222244/0001144204-13-022262.txt
CONNS INC,0001223389,10-K,2013-04-05,edgar/data/1223389/0001140361-13-015715.txt
"Vican Resources, Inc.",0001223533,10-K,2013-04-16,edgar/data/1223533/0001391609-13-000263.txt
LEHMAN ABS CORP BOEING NOTE BACKED SERIES 2003 7,0001223659,10-K,2013-04-01,edgar/data/1223659/0001193125-13-135712.txt
"HITOR GROUP, INC.",0001224006,10-K,2013-04-16,edgar/data/1224006/0001056520-13-000101.txt
"HORNE INTERNATIONAL, INC.",0001229195,10-K,2013-04-16,edgar/data/1229195/0001144204-13-022227.txt
NEXCORE HEALTHCARE CAPITAL CORP,0001233275,10-K,2013-04-01,edgar/data/1233275/0001233275-13-000012.txt
"LEGACY TECHNOLOGY HOLDINGS, INC.",0001235096,10-K,2013-06-07,edgar/data/1235096/0001072588-13-000061.txt
NISSAN MASTER OWNER TRUST RECEIVABLES,0001236424,10-K,2013-06-27,edgar/data/1236424/0001540639-13-000037.txt
ATLAS AMERICA PUBLIC #12-2003 Limited Partnership,0001238289,10-K,2013-04-01,edgar/data/1238289/0001193125-13-135748.txt
GENERAL STEEL HOLDINGS INC,0001239188,10-K,2013-06-17,edgar/data/1239188/0001144204-13-035237.txt
CLIFTON SAVINGS BANCORP INC,0001240581,10-K,2013-06-06,edgar/data/1240581/0001193125-13-249735.txt
LEHMAN ABS CORP CNA FINANCIAL DEBENTURE BACK SER 03 10,0001243703,10-K,2013-04-01,edgar/data/1243703/0001193125-13-135650.txt
NISSAN AUTO LEASING LLC II,0001244832,10-K,2013-06-28,edgar/data/1244832/0001540639-13-000050.txt
NISSAN AUTO LEASING LLC II,0001244832,10-K,2013-06-28,edgar/data/1244832/0001540639-13-000051.txt
NISSAN AUTO LEASING LLC II,0001244832,10-K,2013-06-28,edgar/data/1244832/0001540639-13-000052.txt
NISSAN AUTO LEASING LLC II,0001244832,10-K,2013-06-28,edgar/data/1244832/0001540639-13-000053.txt
"Wild Craze, Inc.",0001245841,10-K,2013-04-16,edgar/data/1245841/0001493152-13-000689.txt
COMMONWEALTH INCOME & GROWTH FUND V,0001253347,10-K,2013-04-01,edgar/data/1253347/0001253347-13-000019.txt
LEHMAN ABS CORP KRAFT FOODS NOTE BACKED SERIES 2003-11,0001256142,10-K,2013-04-01,edgar/data/1256142/0001193125-13-135727.txt
EAST COAST DIVERSIFIED CORP,0001256540,10-K,2013-04-16,edgar/data/1256540/0001019687-13-001396.txt
LEHMAN ABS CORP GOLDMAN SACHS NOTE-BK SER 2003-12,0001258541,10-K,2013-04-01,edgar/data/1258541/0001193125-13-135661.txt
DEL MONTE CORP,0001259045,10-K,2013-06-28,edgar/data/1259045/0001193125-13-276939.txt
LOCAL Corp,0001259550,10-K,2013-04-02,edgar/data/1259550/0001193125-13-138732.txt
CENTRAL ENERGY PARTNERS LP,0001260828,10-K,2013-04-01,edgar/data/1260828/0001144204-13-019024.txt
FRONTIER FUND,0001261379,10-K,2013-04-01,edgar/data/1261379/0001193125-13-136829.txt
SUMMIT FINANCIAL SERVICES GROUP INC,0001261436,10-K,2013-04-01,edgar/data/1261436/0001193125-13-136581.txt
SUNERGY INC,0001261487,10-K,2013-04-16,edgar/data/1261487/0001019687-13-001394.txt
Joway Health Industries Group Inc,0001263364,10-K,2013-04-01,edgar/data/1263364/0001193125-13-136678.txt
TRANSAKT LTD.,0001263872,10-K,2013-04-15,edgar/data/1263872/0001062993-13-001877.txt
STEMLINE THERAPEUTICS INC,0001264587,10-K,2013-04-01,edgar/data/1264587/0001104659-13-026212.txt
"ACE Consulting Management, Inc.",0001265848,10-K,2013-04-01,edgar/data/1265848/0001213900-13-001538.txt
H&R BLOCK INC,0000012659,10-K,2013-06-26,edgar/data/12659/0001574842-13-000010.txt
LEHMAN ABS CORP BACKED TRUST CERTS SER 2001-8,0001266832,10-K,2013-04-01,edgar/data/1266832/0001193125-13-135966.txt
LEHMAN ABS CORP BACKED TR CERT FED EX CRP NT BCK SE 2001-37,0001266845,10-K,2013-04-01,edgar/data/1266845/0001193125-13-135524.txt
BOSTON CAPITAL TAX CREDIT FUND V LP,0001267425,10-K,2013-06-27,edgar/data/1267425/0001144204-13-036880.txt
LEHMAN ABS CORP BACKED TRUST CERTS SER 2001-27,0001267746,10-K,2013-04-01,edgar/data/1267746/0001193125-13-135677.txt
LEHMAN ABS CORP BCKD TR CRTS FRD MOT CO DB BCK SE 2001-36,0001267750,10-K,2013-04-01,edgar/data/1267750/0001193125-13-135594.txt
LEHMAN ABS CORP BCKD TR CRTS TOYS R US DB BCK SE 01-31,0001267753,10-K,2013-04-01,edgar/data/1267753/0001193125-13-135538.txt
LEHMAN ABS CORP BOEING SECURITIES BACK SER 2003 16 CLASS A 1,0001268290,10-K,2013-04-01,edgar/data/1268290/0001193125-13-135816.txt
LEHMAN ABS CORP SPRINT CAPITAL BACK SER 2003 17 CLASS A 1,0001268305,10-K,2013-04-01,edgar/data/1268305/0001193125-13-135742.txt
GREENSHIFT CORP,0001269127,10-K,2013-04-01,edgar/data/1269127/0001096906-13-000465.txt
"Dewmar International BMC, Inc.",0001269879,10-K,2013-04-15,edgar/data/1269879/0001393905-13-000165.txt
INTERCEPT PHARMACEUTICALS INC,0001270073,10-K,2013-04-01,edgar/data/1270073/0001144204-13-019166.txt
VIASPACE Inc.,0001270200,10-K,2013-04-15,edgar/data/1270200/0001019687-13-001360.txt
LEHMAN ABS CORP AT&T NOTE BACKED SERIES 2003-18,0001270582,10-K,2013-04-01,edgar/data/1270582/0001193125-13-135980.txt
"CHINA-BIOTICS, INC",0001271057,10-K,2013-05-21,edgar/data/1271057/0001144204-13-030858.txt
"usell.com, Inc.",0001271075,10-K,2013-04-01,edgar/data/1271075/0001144204-13-019243.txt
"PREMIER ALLIANCE GROUP, INC.",0001272550,10-K,2013-04-01,edgar/data/1272550/0001272550-13-000011.txt
"Graymark Healthcare, Inc.",0001272597,10-K,2013-04-01,edgar/data/1272597/0001193125-13-136858.txt
"T Bancshares, Inc.",0001272754,10-K,2013-04-01,edgar/data/1272754/0001144204-13-019296.txt
LEHMAN ABS CORP PRUDENTIAL FINANCIAL NOTE BACKED SE 2003 20,0001274000,10-K,2013-04-01,edgar/data/1274000/0001193125-13-135775.txt
SCIENTIFIC ENERGY INC,0001276531,10-K,2013-04-15,edgar/data/1276531/0001276531-13-000004.txt
"Telanetix,Inc",0001277270,10-K,2013-04-01,edgar/data/1277270/0001185185-13-000731.txt
APOLLO INVESTMENT CORP,0001278752,10-K,2013-05-23,edgar/data/1278752/0001193125-13-232355.txt
"Wright Investors Service Holdings, Inc.",0001279715,10-K,2013-04-01,edgar/data/1279715/0001214659-13-001772.txt
AMBARELLA INC,0001280263,10-K,2013-04-04,edgar/data/1280263/0001193125-13-141693.txt
"SearchCore, Inc.",0001281198,10-K,2013-04-01,edgar/data/1281198/0001477932-13-001525.txt
LEHMAN ABS CORP GOLD SACHS CAP I SEC BCK SER 2004-4 CLASS A1,0001281319,10-K,2013-04-01,edgar/data/1281319/0001193125-13-135690.txt
INNOCAP INC,0001281845,10-K,2013-04-30,edgar/data/1281845/0001078782-13-000843.txt
Triangle Petroleum Corp,0001281922,10-K,2013-05-01,edgar/data/1281922/0001104659-13-035499.txt
MEWBOURNE ENERGY PARTNERS 04-A LP,0001282400,10-K,2013-04-01,edgar/data/1282400/0001387131-13-001075.txt
AFFIRMATIVE INSURANCE HOLDINGS INC,0001282543,10-K,2013-04-01,edgar/data/1282543/0001193125-13-136843.txt
AMERICAN EAGLE ENERGY Corp,0001282613,10-K,2013-04-16,edgar/data/1282613/0001144204-13-022209.txt
MEWBOURNE ENERGY PARTNERS 05-A LP,0001282723,10-K,2013-04-01,edgar/data/1282723/0001387131-13-001078.txt
ATLAS AMERICA SERIES 25-2004 (A) L.P.,0001283810,10-K,2013-04-01,edgar/data/1283810/0001193125-13-136021.txt
LEHMAN ABS CORP GOLDMAN SACHS CAP 1 SEC BACKED SER 2004-6,0001284143,10-K,2013-04-01,edgar/data/1284143/0001193125-13-135801.txt
"China Carbon Graphite Group, Inc.",0001284450,10-K,2013-04-16,edgar/data/1284450/0001213900-13-001866.txt
"MONDIAL VENTURES, INC.",0001284452,10-K,2013-04-29,edgar/data/1284452/0001096906-13-000620.txt
NITRO PETROLEUM INC.,0001285236,10-K,2013-05-01,edgar/data/1285236/0001437749-13-005070.txt
StrikeForce Technologies Inc.,0001285543,10-K,2013-04-04,edgar/data/1285543/0001078782-13-000652.txt
"MMRGlobal, Inc.",0001285701,10-K,2013-04-01,edgar/data/1285701/0001136261-13-000166.txt
HPIL HOLDING,0001286345,10-K,2013-04-16,edgar/data/1286345/0001286345-13-000056.txt
RANCHER ENERGY CORP.,0001287900,10-K,2013-06-25,edgar/data/1287900/0001072588-13-000068.txt
"Sancon Resources Recovery, Inc.",0001288195,10-K,2013-06-07,edgar/data/1288195/0001493152-13-001119.txt
NORCRAFT COMPANIES LP,0001288248,10-K,2013-04-01,edgar/data/1288248/0001288248-13-000006.txt
OTELCO INC.,0001288359,10-K,2013-04-02,edgar/data/1288359/0001188112-13-000919.txt
"OptimumBank Holdings, Inc.",0001288855,10-K,2013-04-04,edgar/data/1288855/0001387131-13-001171.txt
LEHMAN ABS CORP GOLDMAN SACHS CAP 1 SEC BCK SER 2004-7 CLASS A1,0001288971,10-K,2013-04-01,edgar/data/1288971/0001193125-13-135761.txt
AMERICAN CORDILLERA MINING Corp,0001289046,10-K,2013-04-16,edgar/data/1289046/0001469709-13-000239.txt
"Newport Gold, Inc.",0001289223,10-K,2013-04-01,edgar/data/1289223/0001477932-13-001505.txt
EnerSys,0001289308,10-K,2013-05-28,edgar/data/1289308/0001193125-13-237411.txt
"Stereotaxis, Inc.",0001289340,10-K,2013-04-01,edgar/data/1289340/0001193125-13-136493.txt
Rotoblock Corp,0001289441,10-K,2013-04-15,edgar/data/1289441/0001093287-13-000024.txt
"Cord Blood America, Inc.",0001289496,10-K,2013-04-01,edgar/data/1289496/0001354488-13-001614.txt
"USA Mobility, Inc",0001289945,10-K,2013-04-15,edgar/data/1289945/0001193125-13-154951.txt
ECOLOCAP SOLUTIONS INC.,0001290506,10-K,2013-04-15,edgar/data/1290506/0001002014-13-000162.txt
KALOBIOS PHARMACEUTICALS INC,0001293310,10-K,2013-04-01,edgar/data/1293310/0001193125-13-134980.txt
"Synutra International, Inc.",0001293593,10-K,2013-06-13,edgar/data/1293593/0000950103-13-003697.txt
ATLAS AMERICA SERIES 25-2004 (B) L.P.,0001294208,10-K,2013-04-01,edgar/data/1294208/0001193125-13-136044.txt
"Rand Logistics, Inc.",0001294250,10-K,2013-06-12,edgar/data/1294250/0001294250-13-000006.txt
Atlas America Public #14-2004 L.P.,0001294476,10-K,2013-04-01,edgar/data/1294476/0001193125-13-135759.txt
"GlobalOptions Group, Inc.",0001294649,10-K,2013-04-01,edgar/data/1294649/0001144204-13-019268.txt
InvenSense Inc,0001294924,10-K,2013-06-14,edgar/data/1294924/0001193125-13-259405.txt
"SECURE DIGITAL, INC.",0001295456,10-K,2013-06-26,edgar/data/1295456/0001096350-13-000079.txt
INTREorg SYSTEMS INC.,0001295560,10-K,2013-04-16,edgar/data/1295560/0001010549-13-000261.txt
"Prestige Brands Holdings, Inc.",0001295947,10-K,2013-05-17,edgar/data/1295947/0001295947-13-000018.txt
"LYFE Communications, Inc.",0001299864,10-K,2013-04-15,edgar/data/1299864/0001548123-13-000136.txt
AMERICAN INTERNATIONAL HOLDINGS CORP.,0001300524,10-K,2013-04-01,edgar/data/1300524/0001300524-13-000005.txt
"ECOTALITY, INC.",0001301206,10-K,2013-04-15,edgar/data/1301206/0001144204-13-021878.txt
IDO Security Inc.,0001301367,10-K,2013-04-16,edgar/data/1301367/0001188112-13-001108.txt
Valley High Mining CO,0001301838,10-K,2013-04-16,edgar/data/1301838/0001079974-13-000199.txt
Tintic Gold Mining CO,0001301839,10-K,2013-05-21,edgar/data/1301839/0001096906-13-000935.txt
"Heavy Earth Resources, Inc.",0001301874,10-K,2013-05-22,edgar/data/1301874/0001469299-13-000112.txt
"China Housing & Land Development, Inc.",0001303330,10-K,2013-04-01,edgar/data/1303330/0001144204-13-019066.txt
Optionable Inc,0001303433,10-K,2013-04-10,edgar/data/1303433/0001437749-13-004228.txt
Novelis Inc.,0001304280,10-K,2013-05-15,edgar/data/1304280/0001304280-13-000020.txt
ATHENA SILVER CORP,0001304409,10-K,2013-04-15,edgar/data/1304409/0001376474-13-000151.txt
"TriView Global Fund, LLC",0001305631,10-K,2013-04-01,edgar/data/1305631/0001305631-13-000001.txt
"Asian Trends Media Holdings, Inc",0001306035,10-K,2013-04-15,edgar/data/1306035/0001445866-13-000407.txt
"LIFESTYLE MEDICAL NETWORK, INC.",0001307140,10-K,2013-05-17,edgar/data/1307140/0001213900-13-002740.txt
"Cono Italiano, Inc.",0001307701,10-K,2013-04-16,edgar/data/1307701/0001493152-13-000690.txt
"Kenergy Scientific, Inc.",0001307989,10-K,2013-04-22,edgar/data/1307989/0001471242-13-000136.txt
Vystar Corp,0001308027,10-K,2013-06-14,edgar/data/1308027/0001144204-13-035053.txt
"LUCAS ENERGY, INC.",0001309082,10-K,2013-06-28,edgar/data/1309082/0001214782-13-000266.txt
InsPro Technologies Corp,0001309442,10-K,2013-04-01,edgar/data/1309442/0001188112-13-000893.txt
Park Place Energy Corp.,0001310982,10-K,2013-04-01,edgar/data/1310982/0001062993-13-001608.txt
"Frontier Beverage Company, Inc",0001311735,10-K,2013-04-15,edgar/data/1311735/0001387131-13-001274.txt
"Venoco, Inc.",0001313024,10-K,2013-04-15,edgar/data/1313024/0001047469-13-004374.txt
CIFC Corp.,0001313918,10-K,2013-04-01,edgar/data/1313918/0001313918-13-000003.txt
"Naprodis, Inc.",0001313938,10-K,2013-05-16,edgar/data/1313938/0001127855-13-000351.txt
"Panache Beverage, Inc.",0001314054,10-K,2013-04-01,edgar/data/1314054/0001477932-13-001518.txt
"OLB GROUP, INC.",0001314196,10-K,2013-04-01,edgar/data/1314196/0001213900-13-001444.txt
"Galaxy Gaming, Inc.",0000013156,10-K,2013-04-01,edgar/data/13156/0001255294-13-000237.txt
"Kandi Technologies Group, Inc.",0001316517,10-K,2013-04-01,edgar/data/1316517/0001062993-13-001563.txt
"SIGNET INTERNATIONAL HOLDINGS, INC.",0001317833,10-K,2013-04-01,edgar/data/1317833/0001213900-13-001531.txt
Golden Opportunities CORP,0001317839,10-K,2013-05-01,edgar/data/1317839/0001477932-13-002064.txt
Citi Trends Inc,0001318484,10-K,2013-04-17,edgar/data/1318484/0001104659-13-030133.txt
International Gold Corp.,0001319643,10-K,2013-04-16,edgar/data/1319643/0001199835-13-000181.txt
"Universal Bioenergy, Inc.",0001320729,10-K,2013-04-15,edgar/data/1320729/0001264931-13-000230.txt
Revolutionary Concepts Inc,0001320767,10-K,2013-04-15,edgar/data/1320767/0001264931-13-000234.txt
"ANDAIN, INC.",0001321502,10-K,2013-05-13,edgar/data/1321502/0000721748-13-000118.txt
United American Petroleum Corp.,0001321516,10-K,2013-04-16,edgar/data/1321516/0001214782-13-000186.txt
"FUTURA PICTURES, INC.",0001321710,10-K,2013-05-28,edgar/data/1321710/0001437749-13-006742.txt
GLADSTONE INVESTMENT CORPORATION\DE,0001321741,10-K,2013-05-14,edgar/data/1321741/0001193125-13-219907.txt
Eagle Bulk Shipping Inc.,0001322439,10-K,2013-04-01,edgar/data/1322439/0001144204-13-019308.txt
TagLikeMe Corp.,0001323143,10-K,2013-05-07,edgar/data/1323143/0001477932-13-002181.txt
MOMENTIVE SPECIALTY CHEMICALS INC.,0000013239,10-K,2013-04-01,edgar/data/13239/0000013239-13-000012.txt
HOLLOMAN ENERGY CORP,0001324736,10-K,2013-04-01,edgar/data/1324736/0001354488-13-001666.txt
Cereplast Inc,0001324759,10-K,2013-04-16,edgar/data/1324759/0001193125-13-156787.txt
RBC Bearings INC,0001324948,10-K,2013-05-29,edgar/data/1324948/0001144204-13-032047.txt
CELLCYTE GENETICS CORP,0001325279,10-K,2013-04-12,edgar/data/1325279/0001056520-13-000096.txt
"Lightwave Logic, Inc.",0001325964,10-K,2013-04-01,edgar/data/1325964/0000943440-13-000360.txt
Southern Trust Securities Holding Corp,0001326250,10-K,2013-04-01,edgar/data/1326250/0001354488-13-001686.txt
AEI Income & Growth Fund 26 LLC,0001326321,10-K,2013-04-01,edgar/data/1326321/0001023458-13-000012.txt
"Sino Gas International Holdings, Inc.",0001326364,10-K,2013-04-11,edgar/data/1326364/0001144204-13-021207.txt
GameStop Corp.,0001326380,10-K,2013-04-03,edgar/data/1326380/0001193125-13-140443.txt
"Keyuan Petrochemicals, Inc.",0001326396,10-K,2013-06-05,edgar/data/1326396/0001213900-13-002980.txt
AMALGAMATED PICTURES CORP.,0001326679,10-K,2013-04-16,edgar/data/1326679/0001305897-13-000001.txt
"Sputnik Enterprises, Inc",0001326917,10-K,2013-04-01,edgar/data/1326917/0001477932-13-001515.txt
Celator Pharmaceuticals Inc,0001327467,10-K,2013-04-01,edgar/data/1327467/0001193125-13-136909.txt
RealD Inc.,0001327471,10-K,2013-06-06,edgar/data/1327471/0001047469-13-006801.txt
Probe Manufacturing Inc,0001329606,10-K,2013-04-01,edgar/data/1329606/0001504412-13-000109.txt
Aspen Diversified Fund LLC,0001330820,10-K,2013-04-01,edgar/data/1330820/0001185185-13-000691.txt
Toro Ventures Inc.,0001333519,10-K,2013-06-18,edgar/data/1333519/0001262463-13-000405.txt
Toro Ventures Inc.,0001333519,10-K,2013-06-18,edgar/data/1333519/0001262463-13-000410.txt
Toro Ventures Inc.,0001333519,10-K,2013-06-18,edgar/data/1333519/0001262463-13-000414.txt
Toro Ventures Inc.,0001333519,10-K,2013-06-18,edgar/data/1333519/0001262463-13-000418.txt
JAMMIN JAVA CORP.,0001334586,10-K,2013-05-15,edgar/data/1334586/0001214782-13-000224.txt
China Energy CORP,0001335137,10-K,2013-04-05,edgar/data/1335137/0001144204-13-020441.txt
MAGNUM HUNTER RESOURCES CORP,0001335190,10-K,2013-06-14,edgar/data/1335190/0001445305-13-001485.txt
Atlas America Public #15-2005 (A) L.P.,0001335236,10-K,2013-04-01,edgar/data/1335236/0001193125-13-135728.txt
Epazz Inc,0001335239,10-K,2013-06-03,edgar/data/1335239/0001019687-13-002166.txt
"United Development Funding III, LP",0001335732,10-K,2013-04-01,edgar/data/1335732/0001144204-13-019072.txt
Atlas America Public #14-2005 (A) L.P.,0001336339,10-K,2013-04-01,edgar/data/1336339/0001193125-13-135818.txt
"UAN CULTURAL & CREATIVE CO., LTD.",0001337009,10-K,2013-05-16,edgar/data/1337009/0001171520-13-000389.txt
"ENVESTNET, INC.",0001337619,10-K,2013-06-14,edgar/data/1337619/0001193125-13-259780.txt
"dELiAs, Inc.",0001337885,10-K,2013-04-23,edgar/data/1337885/0001193125-13-167734.txt
"CHINA GENGSHENG MINERALS, INC.",0001338578,10-K,2013-04-15,edgar/data/1338578/0001062993-13-001894.txt
"Premiere Opportunities Group, Inc.",0001338929,10-K,2013-04-15,edgar/data/1338929/0001010549-13-000251.txt
ORACLE CORP,0001341439,10-K,2013-06-26,edgar/data/1341439/0001193125-13-272832.txt
DEAL A DAY GROUP CORP.,0001341768,10-K,2013-04-26,edgar/data/1341768/0001078782-13-000835.txt
ACCELLENT INC,0001342505,10-K,2013-04-01,edgar/data/1342505/0001445305-13-000763.txt
Atlas America Series 26-2005 L.P.,0001342514,10-K,2013-04-01,edgar/data/1342514/0001193125-13-135796.txt
"WORTHINGTON ENERGY, INC.",0001342643,10-K,2013-04-17,edgar/data/1342643/0001096906-13-000587.txt
Laureate Resources & Steel Industries Inc.,0001343011,10-K,2013-04-23,edgar/data/1343011/0001144204-13-023325.txt
Laureate Resources & Steel Industries Inc.,0001343011,10-K,2013-06-13,edgar/data/1343011/0001144204-13-034627.txt
"GREEN ENERGY RENEWABLE SOLUTIONS, INC.",0001343979,10-K,2013-04-16,edgar/data/1343979/0001144204-13-022165.txt
BRIDGETECH HOLDINGS INTERNATIONAL INC,0001344736,10-K,2013-04-01,edgar/data/1344736/0001445866-13-000308.txt
China Teletech Holding Inc,0001346287,10-K,2013-04-22,edgar/data/1346287/0001136261-13-000192.txt
"Confederate Motors, Inc.",0001346346,10-K,2013-04-16,edgar/data/1346346/0001213900-13-001846.txt
"CMG HOLDINGS GROUP, INC.",0001346655,10-K,2013-04-19,edgar/data/1346655/0001178924-13-000052.txt
"PAWS Pet Company, Inc.",0001346973,10-K,2013-06-28,edgar/data/1346973/0001493152-13-001272.txt
"Chaparral Energy, Inc.",0001346980,10-K,2013-04-01,edgar/data/1346980/0001193125-13-136192.txt
POSITIVEID Corp,0001347022,10-K,2013-04-16,edgar/data/1347022/0001437749-13-004477.txt
"Bitzio, Inc.",0001347078,10-K,2013-04-11,edgar/data/1347078/0001477932-13-001726.txt
Soltera Mining Corp.,0001348610,10-K,2013-04-29,edgar/data/1348610/0001108078-13-000025.txt
Soltera Mining Corp.,0001348610,10-K,2013-06-17,edgar/data/1348610/0001493152-13-001206.txt
FLORIDIAN FINANCIAL GROUP INC,0001349593,10-K,2013-04-01,edgar/data/1349593/0001171200-13-000052.txt
"Iconic Brands, Inc.",0001350073,10-K,2013-05-20,edgar/data/1350073/0001477932-13-002636.txt
Ascend Acquisition Corp.,0001350773,10-K,2013-04-09,edgar/data/1350773/0001144204-13-020859.txt
Commonwealth Income & Growth Fund VI,0001351901,10-K,2013-04-01,edgar/data/1351901/0001351901-13-000013.txt
SPLUNK INC,0001353283,10-K,2013-04-01,edgar/data/1353283/0001047469-13-003746.txt
Independence Energy Corp.,0001353406,10-K,2013-05-16,edgar/data/1353406/0001165527-13-000495.txt
MAGNEGAS CORP,0001353487,10-K,2013-04-01,edgar/data/1353487/0001213900-13-001510.txt
Max Sound Corp,0001353499,10-K,2013-04-01,edgar/data/1353499/0001213900-13-001542.txt
NEWTOWN LANE MARKETING INC,0001353538,10-K,2013-06-25,edgar/data/1353538/0001144204-13-036433.txt
BLUE SKY PETROLEUM INC.,0001353633,10-K,2013-05-14,edgar/data/1353633/0001062993-13-002443.txt
"Mewbourne Energy Partners 06-A, L.P.",0001353722,10-K,2013-04-01,edgar/data/1353722/0001387131-13-001080.txt
"Mewbourne Energy Partners 07-A, L.P.",0001353748,10-K,2013-04-01,edgar/data/1353748/0001387131-13-001082.txt
"CHINA PEDIATRIC PHARMACEUTICALS, INC.",0001354071,10-K,2013-04-16,edgar/data/1354071/0001017386-13-000093.txt
FSP PHOENIX TOWER CORP,0001354309,10-K,2013-04-12,edgar/data/1354309/0001171520-13-000284.txt
NORTHEAST COMMUNITY BANCORP INC,0001354772,10-K,2013-04-12,edgar/data/1354772/0000914317-13-000488.txt
China Auto Logistics Inc,0001355042,10-K,2013-04-01,edgar/data/1355042/0001213900-13-001455.txt
"Shrink Nanotechnologies, Inc.",0001355242,10-K,2013-04-16,edgar/data/1355242/0001078782-13-000752.txt
Borneo Resource Investments Ltd.,0001355732,10-K,2013-04-01,edgar/data/1355732/0001477932-13-001544.txt
"Genius Brands International, Inc.",0001355848,10-K,2013-04-01,edgar/data/1355848/0001019687-13-001159.txt
"Leo Motors, Inc.",0001356564,10-K,2013-04-16,edgar/data/1356564/0001171843-13-001369.txt
Atlas America Public #15-2006 (B) L.P.,0001357361,10-K,2013-04-01,edgar/data/1357361/0001193125-13-135714.txt
"VelaTel Global Communications, Inc.",0001357531,10-K,2013-05-20,edgar/data/1357531/0001019687-13-001989.txt
"LILM, INC.",0001357671,10-K,2013-04-15,edgar/data/1357671/0001096906-13-000521.txt
Ocean Electric Inc.,0001358099,10-K,2013-04-16,edgar/data/1358099/0001517126-13-000077.txt
"Intelligent Buying, Inc.",0001358633,10-K,2013-04-15,edgar/data/1358633/0001144204-13-021715.txt
"RED METAL RESOURCES, LTD.",0001358654,10-K,2013-04-22,edgar/data/1358654/0001437749-13-004598.txt
Ultra Sun Corp,0001360442,10-K,2013-04-01,edgar/data/1360442/0001445866-13-000315.txt
CRC Health CORP,0001360474,10-K,2013-04-01,edgar/data/1360474/0001193125-13-136747.txt
FOCUS GOLD Corp,0001360564,10-K,2013-06-03,edgar/data/1360564/0001019687-13-002157.txt
"GLOBALINK, LTD.",0001361540,10-K,2013-04-17,edgar/data/1361540/0001014897-13-000130.txt
"Northeast Automotive Holdings, Inc.",0001361955,10-K,2013-04-17,edgar/data/1361955/0001477932-13-001900.txt
AUDIOEYE INC,0001362190,10-K,2013-04-15,edgar/data/1362190/0001387131-13-001302.txt
"ALL AMERICAN PET COMPANY, INC.",0001362502,10-K,2013-06-17,edgar/data/1362502/0001144204-13-035246.txt
PediatRx Inc.,0001362703,10-K,2013-06-28,edgar/data/1362703/0001062993-13-003242.txt
CALIFORNIA GOLD CORP.,0001363573,10-K,2013-05-07,edgar/data/1363573/0001144204-13-026796.txt
"iPayment Holdings, Inc",0001364652,10-K,2013-04-01,edgar/data/1364652/0001193125-13-134962.txt
"MedPro Safety Products, Inc.",0001364896,10-K,2013-04-01,edgar/data/1364896/0001364896-13-000002.txt
Baoshinn Corp,0001365357,10-K,2013-04-15,edgar/data/1365357/0001091818-13-000154.txt
"Gulf & Orient Steamship Company, Ltd.",0001365388,10-K,2013-04-16,edgar/data/1365388/0001010412-13-000105.txt
"Blugrass Energy, Inc.",0001365748,10-K,2013-04-15,edgar/data/1365748/0001026608-13-000039.txt
Chino Commercial Bancorp,0001365794,10-K,2013-04-01,edgar/data/1365794/0001144204-13-018836.txt
Bank of the Carolinas CORP,0001365997,10-K,2013-04-01,edgar/data/1365997/0001193125-13-136327.txt
"Juhl Energy, Inc",0001366312,10-K,2013-04-01,edgar/data/1366312/0001437749-13-003794.txt
DOUBLE CROWN RESOURCES INC.,0001366407,10-K,2013-04-15,edgar/data/1366407/0001477932-13-001769.txt
"Oculus Innovative Sciences, Inc.",0001367083,10-K,2013-06-25,edgar/data/1367083/0001019687-13-002453.txt
"MIT Holding, Inc.",0001367416,10-K,2013-04-16,edgar/data/1367416/0001493152-13-000662.txt
Oriental Dragon Corp,0001368196,10-K,2013-04-01,edgar/data/1368196/0001213900-13-001481.txt
"Highpower International, Inc.",0001368308,10-K,2013-04-02,edgar/data/1368308/0001144204-13-019520.txt
"Remark Media, Inc.",0001368365,10-K,2013-04-15,edgar/data/1368365/0001562762-13-000101.txt
AeroVironment Inc,0001368622,10-K,2013-06-26,edgar/data/1368622/0001047469-13-007199.txt
Rockdale Resources Corp,0001368637,10-K,2013-04-01,edgar/data/1368637/0001185185-13-000739.txt
"Yanglin Soybean, Inc.",0001368745,10-K,2013-04-17,edgar/data/1368745/0001144204-13-022353.txt
"GTJ REIT, Inc.",0001368757,10-K,2013-04-01,edgar/data/1368757/0001047469-13-003737.txt
"Start Scientific, Inc.",0001368761,10-K,2013-04-16,edgar/data/1368761/0001391609-13-000266.txt
"Burlington Coat Factory Investments Holdings, Inc.",0001368775,10-K,2013-04-26,edgar/data/1368775/0001193125-13-177601.txt
"Nevada Gold Holdings, Inc.",0001369203,10-K,2013-04-15,edgar/data/1369203/0001078782-13-000715.txt
"CATALYST PHARMACEUTICAL PARTNERS, INC.",0001369568,10-K,2013-04-01,edgar/data/1369568/0001193125-13-136777.txt
"Bluefire Renewables, Inc.",0001370489,10-K,2013-04-15,edgar/data/1370489/0001144204-13-021817.txt
DIAGNOSTIC IMAGING INTERNATIONAL CORP,0001370804,10-K,2013-04-01,edgar/data/1370804/0001515971-13-000115.txt
Neologic Animation Inc,0001371310,10-K,2013-04-16,edgar/data/1371310/0001294606-13-000089.txt
"World Energy Solutions, Inc.",0001371781,10-K,2013-04-16,edgar/data/1371781/0001193125-13-156828.txt
"Next 1 Interactive, Inc.",0001372183,10-K,2013-06-13,edgar/data/1372183/0001144204-13-034755.txt
Nova Mining CORP,0001372184,10-K,2013-05-03,edgar/data/1372184/0001178924-13-000063.txt
KALEX CORP,0001372620,10-K,2013-06-21,edgar/data/1372620/0001013762-13-000862.txt
"RJS Development, Inc.",0001373149,10-K,2013-05-15,edgar/data/1373149/0001193805-13-000956.txt
AlphaMetrix Managed Futures LLC,0001373179,10-K,2013-04-11,edgar/data/1373179/0000930413-13-002201.txt
"CROSS BORDER RESOURCES, INC.",0001373485,10-K,2013-04-01,edgar/data/1373485/0001387131-13-001133.txt
BioFuel Energy Corp.,0001373670,10-K,2013-04-01,edgar/data/1373670/0001144204-13-019187.txt
NYXIO TECHNOLOGIES Corp,0001373761,10-K,2013-04-22,edgar/data/1373761/0001255294-13-000287.txt
"China Internet Cafe Holdings Group, Inc.",0001373846,10-K,2013-04-19,edgar/data/1373846/0001144204-13-022935.txt
"BioCube, INC.",0001374135,10-K,2013-05-16,edgar/data/1374135/0001374135-13-000011.txt
"BOND LABORATORIES, INC.",0001374328,10-K,2013-04-01,edgar/data/1374328/0001415889-13-000590.txt
"Medytox Solutions, Inc.",0001374536,10-K,2013-04-16,edgar/data/1374536/0001374536-13-000014.txt
TAMM Oil & Gas Corp.,0001374845,10-K,2013-06-28,edgar/data/1374845/0001185185-13-001374.txt
Atlas Resources Public #16-2007 (A) L.P.,0001374985,10-K,2013-04-01,edgar/data/1374985/0001193125-13-135695.txt
SOLAR ACQUISITION CORP.,0001375495,10-K,2013-04-17,edgar/data/1375495/0001375495-13-000003.txt
GOLD CREST MINES INC,0001375618,10-K,2013-04-16,edgar/data/1375618/0001052918-13-000145.txt
BTHC X INC,0001375685,10-K,2013-04-16,edgar/data/1375685/0001213900-13-001848.txt
"THT Heat Transfer Technology, Inc.",0001375686,10-K,2013-04-01,edgar/data/1375686/0001062993-13-001603.txt
GTX CORP,0001375793,10-K,2013-04-16,edgar/data/1375793/0001560664-13-000061.txt
Hubei Minkang Pharmaceutical Ltd.,0001375850,10-K,2013-04-16,edgar/data/1375850/0001354488-13-002032.txt
"ChinaNet Online Holdings, Inc.",0001376321,10-K,2013-04-15,edgar/data/1376321/0001171843-13-001354.txt
"KINGDOM KONCRETE, INC.",0001376755,10-K,2013-04-01,edgar/data/1376755/0001121781-13-000051.txt
"AVRA Surgical Robotics, Inc.",0001377040,10-K,2013-04-01,edgar/data/1377040/0001213900-13-001553.txt
AtheroNova Inc.,0001377053,10-K,2013-04-01,edgar/data/1377053/0001437749-13-003788.txt
CareView Communications Inc,0001377149,10-K,2013-04-01,edgar/data/1377149/0001387131-13-001119.txt
"PEGASUS TEL, INC.",0001377469,10-K,2013-04-16,edgar/data/1377469/0001178924-13-000050.txt
Power of The Dream Ventures Inc,0001377888,10-K,2013-04-15,edgar/data/1377888/0001262463-13-000213.txt
SARATOGA INVESTMENT CORP.,0001377936,10-K,2013-05-30,edgar/data/1377936/0001104659-13-045383.txt
"Okana Ventures, Inc.",0001378076,10-K,2013-04-12,edgar/data/1378076/0001477932-13-001758.txt
"Cellular Biomedicine Group, Inc.",0001378624,10-K,2013-04-04,edgar/data/1378624/0001354488-13-001757.txt
AMERICAN DG ENERGY INC,0001378706,10-K,2013-04-01,edgar/data/1378706/0001378706-13-000006.txt
TRILLIANT EXPLORATION CORP,0001378948,10-K,2013-04-15,edgar/data/1378948/0001477932-13-001799.txt
"Ecologic Transportation, Inc.",0001379245,10-K,2013-04-01,edgar/data/1379245/0001387131-13-001134.txt
"Corporate Backed Callable Trust Certificates, J.C. Penny Debenture-Backed Series 2006-1 Trust",0001379404,10-K,2013-04-01,edgar/data/1379404/0001193125-13-135865.txt
Atlas America Series 27-2006 L.P.,0001379763,10-K,2013-04-01,edgar/data/1379763/0001193125-13-135755.txt
"HK International Group, Inc.",0001380412,10-K,2013-04-08,edgar/data/1380412/0001144204-13-020596.txt
URBAN AG. CORP,0001381324,10-K,2013-04-17,edgar/data/1381324/0001387131-13-001370.txt
"Giggles N' Hugs, Inc.",0001381435,10-K,2013-04-16,edgar/data/1381435/0001493152-13-000658.txt
Mayflower Bancorp Inc,0001381639,10-K,2013-06-28,edgar/data/1381639/0001193125-13-276584.txt
STRONGBOW RESOURCES INC.,0001382231,10-K,2013-06-14,edgar/data/1382231/0001354488-13-003494.txt
"Delanco Bancorp, Inc",0001382413,10-K,2013-06-12,edgar/data/1382413/0001437749-13-007460.txt
Evolucia Inc.,0001383006,10-K,2013-04-15,edgar/data/1383006/0001013762-13-000532.txt
NAKED BRAND GROUP INC.,0001383097,10-K,2013-05-16,edgar/data/1383097/0001062993-13-002640.txt
"COPsync, Inc.",0001383154,10-K,2013-04-16,edgar/data/1383154/0001185185-13-000851.txt
SMARTHEAT INC.,0001384135,10-K,2013-06-11,edgar/data/1384135/0001185185-13-001279.txt
"RING ENERGY, INC.",0001384195,10-K,2013-04-01,edgar/data/1384195/0001078782-13-000609.txt
"PITOOEY!, INC.",0001384365,10-K,2013-04-01,edgar/data/1384365/0001393905-13-000133.txt
"Tiger Oil & Energy, Inc.",0001386018,10-K,2013-04-10,edgar/data/1386018/0001493152-13-000623.txt
Tara Minerals Corp.,0001387054,10-K,2013-04-16,edgar/data/1387054/0001214659-13-002027.txt
"Corporate Backed Callable Trust Certificates, J.C. Penney Debenture-Backed Series 2007-1 Trust",0001387637,10-K,2013-04-01,edgar/data/1387637/0001193125-13-135893.txt
POWRTEC CORP,0001387673,10-K,2013-04-01,edgar/data/1387673/0001078782-13-000599.txt
CASEY CONTAINER CORP,0001387998,10-K,2013-04-01,edgar/data/1387998/0001165527-13-000305.txt
Hangover Joe's Holding Corp,0001388132,10-K,2013-04-15,edgar/data/1388132/0001079973-13-000265.txt
Helmer Directional Drilling Corp.,0001388174,10-K,2013-04-11,edgar/data/1388174/0001391609-13-000243.txt
Novus Robotics Inc.,0001388180,10-K,2013-04-12,edgar/data/1388180/0001477932-13-001756.txt
"WebSafety, Inc.",0001388295,10-K,2013-04-12,edgar/data/1388295/0001393905-13-000157.txt
VLOV INC.,0001388311,10-K,2013-04-16,edgar/data/1388311/0001213900-13-001823.txt
Endeavor Power Corp,0001388410,10-K,2013-04-16,edgar/data/1388410/0001387131-13-001334.txt
American Exploration Corp,0001388486,10-K,2013-04-16,edgar/data/1388486/0001477932-13-001825.txt
"CHINA GREEN CREATIVE, INC.",0001388978,10-K,2013-04-15,edgar/data/1388978/0001445866-13-000391.txt
"ROADSHIPS HOLDINGS, INC.",0001389067,10-K,2013-04-16,edgar/data/1389067/0001214782-13-000188.txt
Innolog Holdings Corp.,0001389115,10-K,2013-04-15,edgar/data/1389115/0001144204-13-021742.txt
"BALANCED SERIES, a series of The Frontier Fund",0001389122,10-K,2013-04-01,edgar/data/1389122/0001193125-13-136829.txt
"Frontier Heritage Series, a series of The Frontier Fund",0001389123,10-K,2013-04-01,edgar/data/1389123/0001193125-13-136829.txt
"WINTON SERIES, a series of The Frontier Fund",0001389124,10-K,2013-04-01,edgar/data/1389124/0001193125-13-136829.txt
"Frontier Select Series, a series of The Frontier Fund",0001389125,10-K,2013-04-01,edgar/data/1389125/0001193125-13-136829.txt
"CURRENCY SERIES, a series of The Frontier Fund",0001389126,10-K,2013-04-01,edgar/data/1389126/0001193125-13-136829.txt
"FRONTIER LONG/SHORT COMMODITY SERIES, a series of The Frontier Fund",0001389128,10-K,2013-04-01,edgar/data/1389128/0001193125-13-136829.txt
"ALLDIGITAL HOLDINGS, INC.",0001389217,10-K,2013-04-01,edgar/data/1389217/0001493152-13-000507.txt
INFRASTRUCTURE DEVELOPMENTS CORP.,0001389415,10-K,2013-04-11,edgar/data/1389415/0001211524-13-000088.txt
"Tongji Healthcare Group, Inc.",0001389518,10-K,2013-04-01,edgar/data/1389518/0001199835-13-000152.txt
FIRST PRIORITY FINANCIAL CORP.,0001389772,10-K,2013-04-09,edgar/data/1389772/0001193125-13-147697.txt
"OMNI BIO PHARMACEUTICAL, INC.",0001389870,10-K,2013-06-28,edgar/data/1389870/0001437749-13-008162.txt
"Generation Zero Group, Inc.",0001390072,10-K,2013-04-25,edgar/data/1390072/0001511164-13-000198.txt
"Anoteros, Inc.",0001390292,10-K,2013-04-22,edgar/data/1390292/0001445866-13-000442.txt
"Uplift Nutrition, Inc.",0001390705,10-K,2013-04-08,edgar/data/1390705/0001548123-13-000125.txt
"Rango Energy, Inc.",0001390778,10-K,2013-04-24,edgar/data/1390778/0001062993-13-002056.txt
ACQUIRED SALES CORP,0001391135,10-K,2013-04-01,edgar/data/1391135/0001445866-13-000319.txt
BIOFUELS POWER CORP,0001391407,10-K,2013-04-24,edgar/data/1391407/0001214782-13-000197.txt
"Coyote Resources, Inc.",0001392121,10-K,2013-04-16,edgar/data/1392121/0001469299-13-000082.txt
Green Planet Bio Engineering Co. Ltd.,0001392449,10-K,2013-04-16,edgar/data/1392449/0001354488-13-002036.txt
Amogear Inc.,0001392875,10-K,2013-05-15,edgar/data/1392875/0001477932-13-002397.txt
TECTON CORP,0001392902,10-K,2013-04-09,edgar/data/1392902/0001511164-13-000172.txt
"Consolidation Services, Inc.",0001392960,10-K,2013-04-30,edgar/data/1392960/0001393905-13-000200.txt
"SURFACE COATINGS, INC.",0001393356,10-K,2013-04-01,edgar/data/1393356/0001121781-13-000056.txt
"GREAT AMERICAN ENERGY, INC.",0001393403,10-K,2013-04-01,edgar/data/1393403/0001354488-13-001636.txt
DC BRANDS INTERNATIONAL INC,0001393463,10-K,2013-04-16,edgar/data/1393463/0001213900-13-001840.txt
IGEN NETWORKS CORP,0001393540,10-K,2013-04-16,edgar/data/1393540/0001185185-13-000857.txt
Xhibit Corp.,0001393631,10-K,2013-04-16,edgar/data/1393631/0001415889-13-000768.txt
"Vanity Events Holding, Inc.",0001393935,10-K,2013-04-15,edgar/data/1393935/0001013762-13-000539.txt
"Diversified Restaurant Holdings, Inc.",0001394156,10-K,2013-04-01,edgar/data/1394156/0001437749-13-003801.txt
Kabe Exploration Inc.,0001394446,10-K,2013-04-16,edgar/data/1394446/0001104659-13-029866.txt
AWG International Water Corp,0001394872,10-K,2013-04-12,edgar/data/1394872/0001052918-13-000117.txt
ROSTOCK VENTURES CORP,0001396054,10-K,2013-04-15,edgar/data/1396054/0001078782-13-000719.txt
Horiyoshi Worldwide Inc.,0001396118,10-K,2013-04-15,edgar/data/1396118/0001554795-13-000222.txt
IRIS BIOTECHNOLOGIES INC,0001396238,10-K,2013-04-01,edgar/data/1396238/0001554795-13-000201.txt
"hhgregg, Inc.",0001396279,10-K,2013-05-20,edgar/data/1396279/0001396279-13-000015.txt
"INFORMATION SYSTEMS ASSOCIATES, INC.",0001396536,10-K,2013-04-01,edgar/data/1396536/0000943440-13-000357.txt
"Iveda Solutions, Inc.",0001397183,10-K,2013-04-01,edgar/data/1397183/0001144204-13-018976.txt
SaveDaily Inc,0001398004,10-K,2013-04-11,edgar/data/1398004/0001144204-13-021227.txt
"Yongye International, Inc.",0001398551,10-K,2013-04-01,edgar/data/1398551/0001144204-13-018897.txt
"HPEV, INC.",0001399352,10-K,2013-04-15,edgar/data/1399352/0001102624-13-000452.txt
"China BCT Pharmacy Group, Inc.",0001399356,10-K,2013-04-15,edgar/data/1399356/0001213900-13-001803.txt
Atlas Resources Public #17-2008 (B) L.P.,0001399541,10-K,2013-04-01,edgar/data/1399541/0001193125-13-135824.txt
Atlas Resources Public #17-2007 (A) L.P.,0001399542,10-K,2013-04-01,edgar/data/1399542/0001193125-13-135825.txt
"PUMA BIOTECHNOLOGY, INC.",0001401667,10-K,2013-04-01,edgar/data/1401667/0001193125-13-136650.txt
"Lake Victoria Mining Company, Inc.",0001402062,10-K,2013-06-28,edgar/data/1402062/0001062993-13-003252.txt
CAMAC Energy Inc.,0001402281,10-K,2013-04-15,edgar/data/1402281/0001354488-13-001983.txt
"ELRAY RESOURCES, INC.",0001402371,10-K,2013-04-05,edgar/data/1402371/0001477932-13-001626.txt
"EZJR, Inc.",0001402453,10-K,2013-04-16,edgar/data/1402453/0001350071-13-000039.txt
"AI DOCUMENT SERVICES, INC.",0001402536,10-K,2013-04-18,edgar/data/1402536/0001078782-13-000783.txt
CHINA NORTHERN MEDICAL DEVICE INC,0001402737,10-K,2013-04-16,edgar/data/1402737/0001019687-13-001386.txt
"Ulta Salon, Cosmetics & Fragrance, Inc.",0001403568,10-K,2013-04-03,edgar/data/1403568/0001193125-13-140116.txt
SONNEN Corp,0001403739,10-K,2013-04-24,edgar/data/1403739/0001211524-13-000114.txt
ALLIED AMERICAN STEEL CORP.,0001404212,10-K,2013-04-16,edgar/data/1404212/0001144204-13-022274.txt
STEELE RESOURCES CORP,0001404280,10-K,2013-05-17,edgar/data/1404280/0001393905-13-000262.txt
Atlantic Coast Financial CORP,0001404296,10-K,2013-04-01,edgar/data/1404296/0001144204-13-019347.txt
"MetaStat, Inc.",0001404943,10-K,2013-05-28,edgar/data/1404943/0001415889-13-001075.txt
Momentive Performance Materials Inc.,0001405041,10-K,2013-04-01,edgar/data/1405041/0001445305-13-000748.txt
VISION INDUSTRIES CORP,0001405424,10-K,2013-04-16,edgar/data/1405424/0001173375-13-000070.txt
"NGA Holdco, LLC",0001405621,10-K,2013-05-29,edgar/data/1405621/0001405621-13-000008.txt
OSAGE EXPLORATION & DEVELOPMENT INC,0001405686,10-K,2013-04-02,edgar/data/1405686/0001493152-13-000557.txt
"AFH Holding IV, Inc.",0001406979,10-K,2013-04-02,edgar/data/1406979/0001493152-13-000575.txt
"AFH Holding III, Inc.",0001406980,10-K,2013-04-02,edgar/data/1406980/0001493152-13-000573.txt
"WATCHTOWER, INC.",0001407041,10-K,2013-04-15,edgar/data/1407041/0001477932-13-001803.txt
ForceField Energy Inc.,0001407268,10-K,2013-04-16,edgar/data/1407268/0001354488-13-002012.txt
"XODTEC LED, INC.",0001407704,10-K,2013-06-13,edgar/data/1407704/0001213900-13-003094.txt
"Carbon Sciences, Inc.",0001407878,10-K,2013-04-02,edgar/data/1407878/0001445866-13-000328.txt
"Entia Biosciences, Inc.",0001408299,10-K,2013-04-01,edgar/data/1408299/0001469709-13-000163.txt
PMI Construction Group,0001408300,10-K,2013-04-09,edgar/data/1408300/0001445866-13-000359.txt
SGB International Holdings Inc.,0001408956,10-K,2013-04-08,edgar/data/1408956/0001062993-13-001745.txt
Titan Machinery Inc.,0001409171,10-K,2013-04-10,edgar/data/1409171/0001047469-13-004179.txt
NEW FOUND SHRIMP INC,0001409253,10-K,2013-04-15,edgar/data/1409253/0001477932-13-001791.txt
"ORION ENERGY SYSTEMS, INC.",0001409375,10-K,2013-06-14,edgar/data/1409375/0001409375-13-000014.txt
LendingClub Corp,0001409970,10-K,2013-04-01,edgar/data/1409970/0001193125-13-136975.txt
"Digital Development Partners, Inc.",0001409999,10-K,2013-04-15,edgar/data/1409999/0001354488-13-001962.txt
"GreenHunter Energy, Inc.",0001410056,10-K,2013-04-05,edgar/data/1410056/0001193125-13-144257.txt
Reef Oil & Gas Income & Development Fund III LP,0001411643,10-K,2013-04-12,edgar/data/1411643/0001104659-13-029004.txt
Kat Gold Holdings Corp.,0001412126,10-K,2013-06-20,edgar/data/1412126/0001393905-13-000317.txt
Oxford Resource Partners LP,0001412347,10-K,2013-04-01,edgar/data/1412347/0001437749-13-003793.txt
"BIOZONE PHARMACEUTICALS, INC.",0001412486,10-K,2013-04-01,edgar/data/1412486/0001521536-13-000307.txt
"Kraig Biocraft Laboratories, Inc",0001413119,10-K,2013-04-15,edgar/data/1413119/0001354488-13-001972.txt
RAPTOR RESOURCES HOLDINGS INC.,0001413299,10-K,2013-04-01,edgar/data/1413299/0001144204-13-018842.txt
GBS Enterprises Inc,0001413754,10-K,2013-05-17,edgar/data/1413754/0001144204-13-030265.txt
OxySure Systems Inc,0001413797,10-K,2013-04-02,edgar/data/1413797/0001213900-13-001598.txt
"AMERELITE SOLUTIONS, INC.",0001413862,10-K,2013-04-09,edgar/data/1413862/0001199835-13-000166.txt
"PALMDALE EXECUTIVE HOMES, CORP.",0001414030,10-K,2013-04-16,edgar/data/1414030/0001477932-13-001861.txt
Titan Iron Ore Corp.,0001414043,10-K,2013-04-01,edgar/data/1414043/0001199835-13-000148.txt
"Calpian, Inc.",0001414628,10-K,2013-04-08,edgar/data/1414628/0001414628-13-000003.txt
Resource Real Estate Investors 6 LP,0001414964,10-K,2013-04-01,edgar/data/1414964/0001486279-13-000012.txt
Lithium Corp,0001415332,10-K,2013-04-15,edgar/data/1415332/0001165527-13-000366.txt
Greatmat Technology Corp,0001415543,10-K,2013-04-10,edgar/data/1415543/0001391609-13-000239.txt
MusclePharm Corp,0001415684,10-K,2013-04-01,edgar/data/1415684/0001144204-13-019317.txt
"Engraving Masters, Inc.",0001416697,10-K,2013-04-15,edgar/data/1416697/0001393905-13-000163.txt
"First Choice Healthcare Solutions, Inc.",0001416876,10-K,2013-04-01,edgar/data/1416876/0001144204-13-018848.txt
"EQM Technologies & Energy, Inc.",0001418065,10-K,2013-04-01,edgar/data/1418065/0001144204-13-019301.txt
"Biostar Pharmaceuticals, Inc.",0001418133,10-K,2013-04-15,edgar/data/1418133/0001185185-13-000819.txt
"China Power Equipment, Inc.",0001418134,10-K,2013-04-01,edgar/data/1418134/0001185185-13-000708.txt
"Salamander Innisbrook, LLC",0001418372,10-K,2013-04-03,edgar/data/1418372/0001144204-13-019904.txt
"LivingVentures, Inc.",0001418506,10-K,2013-04-15,edgar/data/1418506/0001553350-13-000071.txt
ColorStars Group,0001418780,10-K,2013-04-01,edgar/data/1418780/0001286345-13-000050.txt
"AFH HOLDING VII, INC.",0001419067,10-K,2013-04-02,edgar/data/1419067/0001493152-13-000585.txt
"AFH HOLDING VI, INC.",0001419069,10-K,2013-04-02,edgar/data/1419069/0001493152-13-000583.txt
"AFH HOLDING V, INC",0001419073,10-K,2013-04-02,edgar/data/1419073/0001493152-13-000577.txt
"ASAP Expo, Inc.",0001419275,10-K,2013-04-16,edgar/data/1419275/0001185185-13-000863.txt
INTERNATIONAL SILVER INC,0001419482,10-K,2013-04-01,edgar/data/1419482/0001477932-13-001456.txt
"CAM Group, Inc.",0001419559,10-K,2013-04-15,edgar/data/1419559/0001264931-13-000236.txt
VISION DYNAMICS Corp,0001419577,10-K,2013-04-16,edgar/data/1419577/0001078782-13-000754.txt
Cellteck Inc.,0001419583,10-K,2013-05-08,edgar/data/1419583/0001144204-13-027132.txt
ORIGINOIL INC,0001419793,10-K,2013-04-16,edgar/data/1419793/0001013762-13-000549.txt
MATTRESS FIRM HOLDING CORP.,0001419852,10-K,2013-04-01,edgar/data/1419852/0001047469-13-003752.txt
Data Storage Corp,0001419951,10-K,2013-04-16,edgar/data/1419951/0001213900-13-001896.txt
DNA BRANDS INC,0001419995,10-K,2013-04-16,edgar/data/1419995/0001354488-13-002022.txt
"Targeted Medical Pharma, Inc.",0001420030,10-K,2013-04-01,edgar/data/1420030/0001144204-13-019247.txt
GRAPHITE CORP,0001420239,10-K,2013-04-08,edgar/data/1420239/0001078782-13-000666.txt
"MUSTANG ALLIANCES, INC.",0001420421,10-K,2013-04-10,edgar/data/1420421/0001477932-13-001678.txt
LIVEWIRE ERGOGENICS INC.,0001421289,10-K,2013-04-16,edgar/data/1421289/0001013762-13-000552.txt
Ceelox Inc.,0001421766,10-K,2013-04-15,edgar/data/1421766/0001002014-13-000166.txt
"BONAMOUR, INC.",0001421871,10-K,2013-04-16,edgar/data/1421871/0001010549-13-000255.txt
"Blue Earth, Inc.",0001422109,10-K,2013-04-01,edgar/data/1422109/0001393905-13-000135.txt
Adama Technologies Corp,0001422222,10-K,2013-04-29,edgar/data/1422222/0001558891-13-000080.txt
"eLayaway, Inc.",0001422992,10-K,2013-04-03,edgar/data/1422992/0001477932-13-001591.txt
"Incoming, Inc.",0001423325,10-K,2013-04-12,edgar/data/1423325/0001445866-13-000374.txt
"HOLLYWOOD ENTERTAINMENT EDU HOLDING, INC.",0001423588,10-K,2013-04-15,edgar/data/1423588/0001144204-13-021660.txt
Monster Offers,0001423746,10-K,2013-04-16,edgar/data/1423746/0001262463-13-000220.txt
"Plata Resources, Inc.",0001424151,10-K,2013-04-15,edgar/data/1424151/0001524777-13-000152.txt
EXPLORE ANYWHERE HOLDING CORP,0001424328,10-K,2013-04-12,edgar/data/1424328/0001477932-13-001754.txt
LEAGUE NOW HOLDINGS CORP,0001424657,10-K,2013-04-02,edgar/data/1424657/0001262463-13-000171.txt
VYCOR MEDICAL INC,0001424768,10-K,2013-04-01,edgar/data/1424768/0001145443-13-000891.txt
"Amarantus Bioscience Holdings, Inc.",0001424812,10-K,2013-04-17,edgar/data/1424812/0001144204-13-022383.txt
AMP Holding Inc.,0001425287,10-K,2013-04-12,edgar/data/1425287/0001013762-13-000511.txt
BONANZA GOLD CORP.,0001425289,10-K,2013-04-15,edgar/data/1425289/0001469709-13-000226.txt
"Mill City Ventures III, Ltd",0001425355,10-K,2013-04-01,edgar/data/1425355/0001144204-13-018801.txt
"Real Goods Solar, Inc.",0001425565,10-K,2013-04-01,edgar/data/1425565/0001193125-13-136727.txt
"Mesa Energy Holdings, Inc.",0001425597,10-K,2013-04-01,edgar/data/1425597/0001185185-13-000711.txt
"TransBiotec, Inc.",0001425627,10-K,2013-05-09,edgar/data/1425627/0001477932-13-002245.txt
SMG Indium Resources Ltd.,0001426506,10-K,2013-04-01,edgar/data/1426506/0001144204-13-019117.txt
Spartan Gold Ltd.,0001426530,10-K,2013-04-15,edgar/data/1426530/0001019687-13-001342.txt
"Soy Energy, LLC",0001426780,10-K,2013-06-14,edgar/data/1426780/0001426780-13-000008.txt
"LEAF Equipment Finance Fund 4, L.P.",0001426850,10-K,2013-04-01,edgar/data/1426850/0001140361-13-014830.txt
Onteco Corp,0001427352,10-K,2013-04-16,edgar/data/1427352/0001477932-13-001838.txt
"MIMVI, INC.",0001428397,10-K,2013-04-10,edgar/data/1428397/0001144204-13-021001.txt
"Voice Assist, Inc.",0001428469,10-K,2013-04-16,edgar/data/1428469/0001493152-13-000682.txt
GREEN ENVIROTECH HOLDINGS CORP.,0001428765,10-K,2013-04-16,edgar/data/1428765/0001091818-13-000160.txt
Neohydro Technologies Corp.,0001428816,10-K,2013-04-16,edgar/data/1428816/0001294606-13-000091.txt
"Eastern Resources, Inc.",0001429373,10-K,2013-04-16,edgar/data/1429373/0001144204-13-022203.txt
Bollente Companies Inc.,0001429393,10-K,2013-04-16,edgar/data/1429393/0001077048-13-000074.txt
"Tryon Alpha, Inc.",0001429470,10-K,2013-06-28,edgar/data/1429470/0001264931-13-000358.txt
Texas Gulf Energy Inc,0001429627,10-K,2013-04-16,edgar/data/1429627/0001144204-13-022067.txt
"Car Charging Group, Inc.",0001429764,10-K,2013-04-16,edgar/data/1429764/0001213900-13-001885.txt
"Oro East Mining, Inc.",0001430174,10-K,2013-04-12,edgar/data/1430174/0001185185-13-000811.txt
"Bergio International, Inc.",0001431074,10-K,2013-04-04,edgar/data/1431074/0001393905-13-000143.txt
"HALL TEES, INC.",0001431499,10-K,2013-04-16,edgar/data/1431499/0001121781-13-000102.txt
AGY Holding Corp.,0001431824,10-K,2013-04-01,edgar/data/1431824/0001193125-13-136509.txt
"Annie's, Inc.",0001431897,10-K,2013-06-14,edgar/data/1431897/0001193125-13-259357.txt
DYNAMIC APPLICATIONS CORP,0001431934,10-K,2013-04-15,edgar/data/1431934/0001295345-13-000044.txt
TORCHLIGHT ENERGY RESOURCES INC,0001431959,10-K,2013-04-16,edgar/data/1431959/0001078782-13-000762.txt
Pershing Gold Corp.,0001432196,10-K,2013-04-01,edgar/data/1432196/0001521536-13-000301.txt
"FREEBUTTON, INC.",0001432290,10-K,2013-04-16,edgar/data/1432290/0001213900-13-001893.txt
CREDEX CORP,0001432939,10-K,2013-04-01,edgar/data/1432939/0001549983-13-000021.txt
"As Seen On TV, Inc.",0001432967,10-K,2013-06-28,edgar/data/1432967/0001553350-13-000311.txt
Atlas Resources Public #18-2009 (B) L.P.,0001432985,10-K,2013-04-01,edgar/data/1432985/0001193125-13-135821.txt
Atlas Resources Public #18-2008 (A) L.P.,0001432987,10-K,2013-04-01,edgar/data/1432987/0001193125-13-135799.txt
Sino-American Net Media Corp,0001433564,10-K,2013-04-15,edgar/data/1433564/0001510961-13-000082.txt
Nevada Gold Corp.,0001433818,10-K,2013-06-13,edgar/data/1433818/0001165527-13-000554.txt
Atlas Resources Public #18-2009 (C) L.P.,0001433833,10-K,2013-04-01,edgar/data/1433833/0001193125-13-135658.txt
"Propell Technologies Group, Inc.",0001434110,10-K,2013-04-15,edgar/data/1434110/0001165527-13-000376.txt
"Wonhe High-Tech International, Inc.",0001434388,10-K,2013-04-04,edgar/data/1434388/0001213900-13-001632.txt
"SUNVALLEY SOLAR, INC.",0001434477,10-K,2013-04-16,edgar/data/1434477/0001255294-13-000263.txt
"T3 Motion, Inc.",0001434589,10-K,2013-04-16,edgar/data/1434589/0001144204-13-022164.txt
"Tree.com, Inc.",0001434621,10-K,2013-04-01,edgar/data/1434621/0001047469-13-003755.txt
Sears Oil & Gas,0001434737,10-K,2013-04-01,edgar/data/1434737/0001391609-13-000223.txt
Aurios Inc.,0001434768,10-K,2013-04-15,edgar/data/1434768/0001493152-13-000653.txt
Forbes Energy Services Ltd.,0001434842,10-K,2013-04-01,edgar/data/1434842/0001434842-13-000003.txt
SILVER HILL MINES INC,0001434994,10-K,2013-04-15,edgar/data/1434994/0001052918-13-000133.txt
Discovery Energy Corp.,0001435387,10-K,2013-05-29,edgar/data/1435387/0001144204-13-032070.txt
"POWERDYNE INTERNATIONAL, INC.",0001435617,10-K,2013-04-01,edgar/data/1435617/0001213900-13-001471.txt
"MySkin, Inc.",0001436161,10-K,2013-05-20,edgar/data/1436161/0001308411-13-000171.txt
MEWBOURNE ENERGY PARTNERS 08-A LP,0001436942,10-K,2013-04-01,edgar/data/1436942/0001387131-13-001089.txt
SWISSINSO HOLDING INC.,0001437395,10-K,2013-04-16,edgar/data/1437395/0001213900-13-001850.txt
ADVANCED CREDIT TECHNOLOGIES INC,0001437517,10-K,2013-04-09,edgar/data/1437517/0001010549-13-000241.txt
"RECOVERY ENERGY, INC.",0001437557,10-K,2013-04-17,edgar/data/1437557/0001213900-13-001913.txt
"IC Punch Media, Inc.",0001437596,10-K,2013-04-15,edgar/data/1437596/0001557240-13-000076.txt
Savoy Energy Corp,0001437751,10-K,2013-04-16,edgar/data/1437751/0001078782-13-000750.txt
Business Marketing Services Inc,0001438138,10-K,2013-04-15,edgar/data/1438138/0001213900-13-001808.txt
"Retrophin, Inc.",0001438533,10-K,2013-06-13,edgar/data/1438533/0001193805-13-001119.txt
AYERS EXPLORATION INC.,0001438660,10-K,2013-04-16,edgar/data/1438660/0001477932-13-001858.txt
Stevia First Corp.,0001438943,10-K,2013-05-20,edgar/data/1438943/0001144204-13-030555.txt
"China Ceetop.com, Inc.",0001439254,10-K,2013-04-16,edgar/data/1439254/0001213900-13-001831.txt
Rexnord Corp,0001439288,10-K,2013-05-21,edgar/data/1439288/0001439288-13-000026.txt
"Consumer Capital Group, Inc.",0001439299,10-K,2013-04-01,edgar/data/1439299/0001391609-13-000208.txt
"NORTHSIGHT CAPITAL, INC.",0001439397,10-K,2013-04-01,edgar/data/1439397/0001078782-13-000604.txt
"Target Acquisitions I, Inc.",0001440208,10-K,2013-04-15,edgar/data/1440208/0001193805-13-000793.txt
United Development Funding IV,0001440292,10-K,2013-04-01,edgar/data/1440292/0001144204-13-019081.txt
"Greenfield Farms Food, Inc.",0001440517,10-K,2013-04-15,edgar/data/1440517/0001477932-13-001821.txt
"China Network Media, Inc.",0001440760,10-K,2013-04-12,edgar/data/1440760/0001144204-13-021530.txt
"China Electronics Holdings, Inc.",0001440770,10-K,2013-04-16,edgar/data/1440770/0001193805-13-000797.txt
DIRECTVIEW HOLDINGS INC,0001441769,10-K,2013-05-15,edgar/data/1441769/0001354488-13-002884.txt
"WESTERN LUCRATIVE ENTERPRISES, INC.",0001442101,10-K,2013-05-17,edgar/data/1442101/0001002334-13-000039.txt
"Organic Alliance, Inc.",0001442634,10-K,2013-06-03,edgar/data/1442634/0001471242-13-000183.txt
CYCLONE POWER TECHNOLOGIES INC,0001442711,10-K,2013-04-15,edgar/data/1442711/0001398432-13-000258.txt
Booz Allen Hamilton Holding Corp,0001443646,10-K,2013-05-23,edgar/data/1443646/0001443646-13-000010.txt
"FRESH START PRIVATE MANAGEMENT, INC.",0001443863,10-K,2013-04-15,edgar/data/1443863/0001494733-13-000084.txt
"ACCELERA INNOVATIONS, INC.",0001444144,10-K,2013-04-11,edgar/data/1444144/0001079974-13-000184.txt
"Demand Pooling, Inc.",0001444145,10-K,2013-04-17,edgar/data/1444145/0001554795-13-000232.txt
GoldLand Holdings Corp.,0001444839,10-K,2013-04-16,edgar/data/1444839/0001091818-13-000161.txt
HYBRID Coating Technologies Inc.,0001445235,10-K,2013-04-16,edgar/data/1445235/0001062993-13-001927.txt
"U.S. RARE EARTH MINERALS, INC",0001445815,10-K,2013-04-15,edgar/data/1445815/0001213900-13-001783.txt
"Classic Rules Judo Championships, Inc.",0001445831,10-K,2013-04-16,edgar/data/1445831/0001178924-13-000046.txt
"TNP Strategic Retail Trust, Inc.",0001446371,10-K,2013-04-01,edgar/data/1446371/0001144204-13-018943.txt
"Hartman Short Term Income Properties XX, Inc.",0001446687,10-K,2013-04-01,edgar/data/1446687/0001446687-13-000025.txt
"CALIBRUS, INC.",0001448558,10-K,2013-04-24,edgar/data/1448558/0001445866-13-000459.txt
"MMAX MEDIA, INC.",0001448705,10-K,2013-04-01,edgar/data/1448705/0000943440-13-000353.txt
Amerilithium Corp.,0001448763,10-K,2013-04-16,edgar/data/1448763/0001469709-13-000245.txt
"PIONEER POWER SOLUTIONS, INC.",0001449792,10-K,2013-04-01,edgar/data/1449792/0001144204-13-019007.txt
"SpeedSport Branding, Inc.",0001449934,10-K,2013-04-15,edgar/data/1449934/0001144204-13-021780.txt
CHINA GLOBAL MEDIA INC,0001450015,10-K,2013-04-15,edgar/data/1450015/0001549727-13-000051.txt
"Commonwealth Income & Growth Fund VII, LP",0001450335,10-K,2013-04-01,edgar/data/1450335/0001450335-13-000011.txt
BAKKEN RESOURCES INC,0001450390,10-K,2013-04-16,edgar/data/1450390/0001145443-13-000924.txt
"FRONTIER DIVERSIFIED SERIES, a series of The Frontier Fund",0001450720,10-K,2013-04-01,edgar/data/1450720/0001193125-13-136829.txt
"FRONTIER MASTERS SERIES, a series of The Frontier Fund",0001450722,10-K,2013-04-01,edgar/data/1450722/0001193125-13-136829.txt
"PETROSONIC ENERGY, INC.",0001451654,10-K,2013-05-03,edgar/data/1451654/0001144204-13-026285.txt
FriendFinder Networks Inc.,0001451951,10-K,2013-04-01,edgar/data/1451951/0001398432-13-000211.txt
Tanke Biosciences Corp,0001452011,10-K,2013-04-15,edgar/data/1452011/0001213900-13-001814.txt
"Beta Music Group, Inc.",0001452164,10-K,2013-04-05,edgar/data/1452164/0001161697-13-000253.txt
"SurePure, Inc.",0001452176,10-K,2013-04-01,edgar/data/1452176/0001144204-13-019159.txt
"Sebring Software, Inc.",0001452476,10-K,2013-04-15,edgar/data/1452476/0001144204-13-021787.txt
"EHOUSEGLOBAL, INC.",0001452580,10-K,2013-04-12,edgar/data/1452580/0001078782-13-000705.txt
AMERICAN RESTAURANT CONCEPTS INC,0001452872,10-K,2013-04-01,edgar/data/1452872/0001188112-13-000909.txt
"Echo Automotive, Inc.",0001453420,10-K,2013-04-16,edgar/data/1453420/0001387131-13-001336.txt
"Avalon Holding Group, Inc.",0001453684,10-K,2013-05-15,edgar/data/1453684/0001524777-13-000225.txt
"Hines Global REIT, Inc.",0001453818,10-K,2013-04-01,edgar/data/1453818/0001453818-13-000018.txt
Casablanca Mining Ltd.,0001454007,10-K,2013-04-30,edgar/data/1454007/0001019687-13-001541.txt
"5Barz International, Inc.",0001454124,10-K,2013-05-14,edgar/data/1454124/0001017386-13-000114.txt
One2one Living Corp,0001454311,10-K,2013-04-16,edgar/data/1454311/0001213900-13-001876.txt
Global Resource Energy Inc.,0001454504,10-K,2013-05-15,edgar/data/1454504/0001524777-13-000224.txt
Univest Tech Inc.,0001454510,10-K,2013-04-15,edgar/data/1454510/0001079974-13-000197.txt
"SignPath Pharma, Inc.",0001455694,10-K,2013-04-01,edgar/data/1455694/0001096906-13-000421.txt
"Butte Highlands Mining Company, Inc.",0001455926,10-K,2013-04-16,edgar/data/1455926/0001052918-13-000138.txt
"Game Plan Holdings, Inc.",0001456090,10-K,2013-04-01,edgar/data/1456090/0001393905-13-000128.txt
WONDER INTERNATIONAL EDUCATION & INVESTMENT GROUP Corp,0001456137,10-K,2013-04-16,edgar/data/1456137/0001387131-13-001325.txt
GROTE MOLEN INC,0001456212,10-K,2013-04-15,edgar/data/1456212/0001096906-13-000519.txt
"Securitas EDGAR Filings, Inc.",0001456857,10-K,2013-04-15,edgar/data/1456857/0001350284-13-000004.txt
"ALLERAYDE SAB, INC.",0001456993,10-K,2013-05-07,edgar/data/1456993/0001213900-13-002250.txt
"Zentric, Inc.",0001457435,10-K,2013-04-15,edgar/data/1457435/0001477932-13-001780.txt
"AMERICAN BUSINESS CHANGE AGENTS, INC.",0001458023,10-K,2013-05-30,edgar/data/1458023/0001078782-13-001108.txt
"AMERICAN BUSINESS CHANGE AGENTS, INC.",0001458023,10-K,2013-05-30,edgar/data/1458023/0001078782-13-001116.txt
"AMERICAN BUSINESS CHANGE AGENTS, INC.",0001458023,10-K,2013-05-30,edgar/data/1458023/0001078782-13-001124.txt
Braeden Valley Mines Inc.,0001458581,10-K,2013-04-15,edgar/data/1458581/0001524777-13-000165.txt
HYPERERA INC,0001458868,10-K,2013-05-14,edgar/data/1458868/0001477932-13-002376.txt
"Tri-Tech Holding, Inc.",0001460801,10-K,2013-04-01,edgar/data/1460801/0001144204-13-019315.txt
"MEWBOURNE ENERGY PARTNERS 09-A, L.P.",0001462103,10-K,2013-04-01,edgar/data/1462103/0001387131-13-001084.txt
Celldonate Inc.,0001463792,10-K,2013-06-28,edgar/data/1463792/0001493152-13-001264.txt
"DS HEALTHCARE GROUP, INC.",0001463959,10-K,2013-04-24,edgar/data/1463959/0001553350-13-000085.txt
"Ciralight Global, Inc.",0001463961,10-K,2013-04-16,edgar/data/1463961/0001165527-13-000385.txt
Neurokine Pharmaceuticals Inc.,0001464165,10-K,2013-05-16,edgar/data/1464165/0001511164-13-000237.txt
"Patents Professional, Inc.",0001464300,10-K,2013-04-01,edgar/data/1464300/0001494733-13-000068.txt
"Silver Falcon Mining, Inc.",0001464830,10-K,2013-04-12,edgar/data/1464830/0001091818-13-000150.txt
"Lone Star Gold, Inc.",0001464865,10-K,2013-04-15,edgar/data/1464865/0001214782-13-000177.txt
VIASPACE Green Energy Inc.,0001465062,10-K,2013-04-15,edgar/data/1465062/0001019687-13-001358.txt
"HD SUPPLY, INC.",0001465264,10-K,2013-04-16,edgar/data/1465264/0001047469-13-004400.txt
XcelMobility Inc.,0001465509,10-K,2013-04-01,edgar/data/1465509/0001062993-13-001599.txt
Western Asset Mortgage Capital Corp,0001465885,10-K,2013-04-09,edgar/data/1465885/0001047469-13-004105.txt
"Resource Real Estate Opportunity REIT, Inc.",0001466225,10-K,2013-04-02,edgar/data/1466225/0001466225-13-000002.txt
Cordia Bancorp Inc,0001466292,10-K,2013-04-01,edgar/data/1466292/0001144204-13-019142.txt
"Petron Energy II, Inc.",0001467434,10-K,2013-05-16,edgar/data/1467434/0001554795-13-000305.txt
POWIN CORP,0001468780,10-K,2013-04-16,edgar/data/1468780/0001214659-13-002054.txt
"Altegris QIM Futures Fund, L.P.",0001469317,10-K,2013-04-01,edgar/data/1469317/0001398344-13-001712.txt
BROWN FORMAN CORP,0000014693,10-K,2013-06-27,edgar/data/14693/0000014693-13-000038.txt
Andatee China Marine Fuel Services Corp,0001469606,10-K,2013-04-16,edgar/data/1469606/0001144204-13-022179.txt
BROWN SHOE CO INC,0000014707,10-K,2013-04-02,edgar/data/14707/0000014707-13-000016.txt
"Pharmagen, Inc.",0001470915,10-K,2013-04-01,edgar/data/1470915/0001477932-13-001506.txt
"PMX Communities, Inc.",0001471387,10-K,2013-04-15,edgar/data/1471387/0001014897-13-000120.txt
"rue21, inc.",0001471458,10-K,2013-04-03,edgar/data/1471458/0001193125-13-140243.txt
Forex International Trading Corp.,0001471781,10-K,2013-04-15,edgar/data/1471781/0001013762-13-000535.txt
"RESPECT YOUR UNIVERSE, INC.",0001472601,10-K,2013-04-01,edgar/data/1472601/0001214659-13-001785.txt
CHINA DU KANG CO. LTD.,0001472635,10-K,2013-04-16,edgar/data/1472635/0001477932-13-001885.txt
"GreenPlex Services, Inc.",0001472998,10-K,2013-04-10,edgar/data/1472998/0001469709-13-000214.txt
"Nova Lifestyle, Inc.",0001473334,10-K,2013-04-01,edgar/data/1473334/0001185185-13-000706.txt
"Boston Therapeutics, Inc.",0001473579,10-K,2013-04-04,edgar/data/1473579/0001102624-13-000430.txt
"Eco-Tek Group, Inc.",0001473637,10-K,2013-04-16,edgar/data/1473637/0001214782-13-000182.txt
"AlphaPoint Technology, Inc.",0001473654,10-K,2013-04-01,edgar/data/1473654/0001161697-13-000236.txt
AlphaMetrix Managed Futures III LLC,0001473675,10-K,2013-04-11,edgar/data/1473675/0000930413-13-002200.txt
"Toys R Us Property Co I, LLC",0001474301,10-K,2013-05-03,edgar/data/1474301/0001474301-13-000003.txt
Tungsten Corp.,0001475065,10-K,2013-04-26,edgar/data/1475065/0001165527-13-000425.txt
JOSHUA GOLD RESOURCES INC,0001475430,10-K,2013-04-15,edgar/data/1475430/0001511164-13-000177.txt
"MEDIENT STUDIOS, INC.",0001476278,10-K,2013-04-16,edgar/data/1476278/0001014897-13-000129.txt
"Rackwise, Inc.",0001476638,10-K,2013-04-16,edgar/data/1476638/0001144204-13-022081.txt
"Crumbs Bake Shop, Inc.",0001476719,10-K,2013-04-15,edgar/data/1476719/0001144204-13-021842.txt
Promap Corp,0001477009,10-K,2013-04-01,edgar/data/1477009/0001437904-13-000041.txt
JAMESON STANFORD RESOURCES Corp,0001477168,10-K,2013-04-16,edgar/data/1477168/0001493152-13-000666.txt
"Active Health Foods, Inc.",0001477472,10-K,2013-04-01,edgar/data/1477472/0001477472-13-000009.txt
ATTUNE RTD,0001477776,10-K,2013-04-08,edgar/data/1477776/0001493152-13-000603.txt
"VIM BEVERAGE, INC.",0001478087,10-K,2013-06-13,edgar/data/1478087/0001477932-13-002898.txt
AUXILLIUM ENERGY INC.,0001478132,10-K,2013-04-01,edgar/data/1478132/0001469709-13-000169.txt
"Campbell Global Trend Fund, L.P.",0001478220,10-K,2013-04-01,edgar/data/1478220/0000910467-13-000011.txt
"GLOBAL CONDIMENTS, INC.",0001478974,10-K,2013-04-16,edgar/data/1478974/0001121781-13-000100.txt
Healthway Shopping Network,0001479014,10-K,2013-04-15,edgar/data/1479014/0001010549-13-000253.txt
New Western Energy Corp,0001479488,10-K,2013-04-08,edgar/data/1479488/0001017386-13-000086.txt
"iGambit, Inc.",0001479681,10-K,2013-06-20,edgar/data/1479681/0001211524-13-000183.txt
"Face Up Entertainment Group, Inc.",0001479919,10-K,2013-04-16,edgar/data/1479919/0001477932-13-001878.txt
"Xtreme Oil & Gas, Inc.",0001481218,10-K,2013-04-16,edgar/data/1481218/0001199835-13-000192.txt
Cindisue Mining Corp,0001481339,10-K,2013-04-30,edgar/data/1481339/0001165527-13-000431.txt
Technology Applications International Corp,0001481427,10-K,2013-04-16,edgar/data/1481427/0001469709-13-000240.txt
"EASTERN WORLD SOLUTIONS, INC.",0001481504,10-K,2013-04-12,edgar/data/1481504/0001019687-13-001305.txt
"Pacific Clean Water Technologies, Inc.",0001482073,10-K,2013-04-30,edgar/data/1482073/0001387308-13-000073.txt
"Citadel Exploration, Inc.",0001482075,10-K,2013-04-01,edgar/data/1482075/0001077048-13-000060.txt
"Stratex Oil & Gas Holdings, Inc.",0001482361,10-K,2013-04-05,edgar/data/1482361/0001213900-13-001675.txt
Surna Inc.,0001482541,10-K,2013-04-16,edgar/data/1482541/0001393905-13-000170.txt
"Carter Validus Mission Critical REIT, Inc.",0001482974,10-K,2013-04-01,edgar/data/1482974/0001193125-13-136930.txt
"EXPRESS, INC.",0001483510,10-K,2013-04-02,edgar/data/1483510/0001483510-13-000014.txt
"VITAMIN BLUE, INC.",0001483623,10-K,2013-04-15,edgar/data/1483623/0001096906-13-000525.txt
Niska Gas Storage Partners LLC,0001483830,10-K,2013-06-07,edgar/data/1483830/0001047469-13-006833.txt
"Empowered Products, Inc.",0001483935,10-K,2013-04-02,edgar/data/1483935/0001144204-13-019373.txt
HELPEO INC.,0001484055,10-K,2013-04-30,edgar/data/1484055/0001019687-13-001539.txt
TORON INC.,0001484674,10-K,2013-06-19,edgar/data/1484674/0001294606-13-000171.txt
"Brick Top Productions, Inc.",0001484769,10-K,2013-04-15,edgar/data/1484769/0001398432-13-000255.txt
GroveWare Technologies Ltd.,0001484931,10-K,2013-04-16,edgar/data/1484931/0001255294-13-000268.txt
"Freeze Tag, Inc.",0001485074,10-K,2013-04-01,edgar/data/1485074/0001477932-13-001542.txt
Gold & Gemstone Mining Inc.,0001485156,10-K,2013-06-04,edgar/data/1485156/0001062993-13-002922.txt
Trunkbow International Holdings Ltd,0001485933,10-K,2013-05-02,edgar/data/1485933/0001144204-13-025942.txt
"Resource Real Estate Investors 7, L.P.",0001486279,10-K,2013-04-01,edgar/data/1486279/0001486279-13-000014.txt
Earn-A-Car Inc.,0001486297,10-K,2013-06-13,edgar/data/1486297/0001165527-13-000551.txt
Americas Diamond Corp.,0001486315,10-K,2013-05-16,edgar/data/1486315/0001469709-13-000333.txt
"Frozen Food Gift Group, Inc",0001486526,10-K,2013-04-15,edgar/data/1486526/0001354488-13-001964.txt
"Northumberland Resources, Inc.",0001486597,10-K,2013-04-15,edgar/data/1486597/0001493152-13-000638.txt
"Quest Water Global, Inc.",0001487091,10-K,2013-04-16,edgar/data/1487091/0001415408-13-000029.txt
AUTOVATIVE PRODUCTS INC,0001487522,10-K,2013-04-15,edgar/data/1487522/0001271008-13-000009.txt
Atlas Resources Series 28-2010 L.P.,0001487561,10-K,2013-04-01,edgar/data/1487561/0001193125-13-135905.txt
"Greektown Superholdings, Inc.",0001487685,10-K,2013-04-12,edgar/data/1487685/0001387131-13-001251.txt
"INTERNET MEDIA SERVICES, INC.",0001487718,10-K,2013-04-15,edgar/data/1487718/0001214782-13-000178.txt
"Kirin International Holding, Inc.",0001487843,10-K,2013-04-16,edgar/data/1487843/0001213900-13-001887.txt
USA Synthetic Fuel Corp,0001487920,10-K,2013-04-15,edgar/data/1487920/0001214659-13-001994.txt
"MEDL Mobile Holdings, Inc.",0001487941,10-K,2013-04-01,edgar/data/1487941/0001078782-13-000611.txt
"Saveene Group, Inc.",0001488087,10-K,2013-04-15,edgar/data/1488087/0001264931-13-000235.txt
"EWaste Systems, Inc.",0001488309,10-K,2013-04-16,edgar/data/1488309/0001117768-13-000190.txt
"Sino Agro Food, Inc.",0001488419,10-K,2013-04-15,edgar/data/1488419/0001144204-13-021832.txt
"PREMIER OIL FIELD SERVICES, INC.",0001488638,10-K,2013-04-16,edgar/data/1488638/0001121781-13-000098.txt
Scio Diamond Technology Corp,0001488934,10-K,2013-06-28,edgar/data/1488934/0001104659-13-052310.txt
"SPECIALTY CONTRACTORS, INC.",0001489039,10-K,2013-04-12,edgar/data/1489039/0001121781-13-000094.txt
"Thermon Group Holdings, Inc.",0001489096,10-K,2013-06-10,edgar/data/1489096/0001489096-13-000025.txt
Odenza Corp.,0001489300,10-K,2013-04-26,edgar/data/1489300/0001078782-13-000833.txt
"SQN Alternative Investment Fund III, L.P.",0001489367,10-K,2013-04-05,edgar/data/1489367/0001193125-13-144236.txt
Apps Genius Corp,0001489588,10-K,2013-04-01,edgar/data/1489588/0001213900-13-001525.txt
Golden Growers Cooperative,0001489874,10-K,2013-04-01,edgar/data/1489874/0001104659-13-026113.txt
"Gordmans Stores, Inc.",0001490636,10-K,2013-04-17,edgar/data/1490636/0001193125-13-158716.txt
"Whitestone REIT Operating Partnership, L.P.",0001490653,10-K,2013-04-01,edgar/data/1490653/0001490653-13-000006.txt
"EATON SCIENTIFIC SYSTEMS, INC.",0001490873,10-K,2013-05-16,edgar/data/1490873/0001387131-13-001923.txt
"TIGER JIUJIANG MINING, INC.",0001490949,10-K,2013-05-29,edgar/data/1490949/0001062993-13-002824.txt
"Mewbourne Energy Partners 10-A, L.P.",0001491262,10-K,2013-04-01,edgar/data/1491262/0001387131-13-001086.txt
Cardigant Medical Inc.,0001491487,10-K,2013-04-05,edgar/data/1491487/0001491487-13-000009.txt
Honda Auto Receivables 2010-2 Owner Trust,0001491707,10-K,2013-06-24,edgar/data/1491707/0001571049-13-000326.txt
ALPHA NETWORK ALLIANCE VENTURES INC.,0001491829,10-K,2013-04-02,edgar/data/1491829/0001171520-13-000254.txt
AUSCRETE Corp,0001492091,10-K,2013-04-01,edgar/data/1492091/0001492091-13-000002.txt
"World Moto, Inc.",0001492151,10-K,2013-04-11,edgar/data/1492151/0001062993-13-001827.txt
Madison Bancorp Inc,0001492324,10-K,2013-06-25,edgar/data/1492324/0001144204-13-036494.txt
"BALLROOM DANCE FITNESS, INC.",0001493109,10-K,2013-04-01,edgar/data/1493109/0001493109-13-000018.txt
"MOKITA, INC.",0001493212,10-K,2013-06-13,edgar/data/1493212/0001078782-13-001194.txt
Naugatuck Valley Financial Corp,0001493552,10-K,2013-04-01,edgar/data/1493552/0001144204-13-019254.txt
CHINA SHOUGUAN MINING Corp,0001493893,10-K,2013-04-09,edgar/data/1493893/0001093287-13-000021.txt
"InterCore Energy, Inc.",0001494214,10-K,2013-06-25,edgar/data/1494214/0001144204-13-036534.txt
Innovative Product Opportunities Inc.,0001494413,10-K,2013-04-15,edgar/data/1494413/0001494413-13-000002.txt
"REO PLUS, INC.",0001494582,10-K,2013-04-12,edgar/data/1494582/0001445866-13-000372.txt
"Bassline Productions, Inc",0001495028,10-K,2013-04-01,edgar/data/1495028/0001558891-13-000040.txt
CarMax Auto Owner Trust 2010-2,0001495220,10-K,2013-05-24,edgar/data/1495220/0001193125-13-235486.txt
ENERGY EDGE TECHNOLOGIES CORP.,0001495230,10-K,2013-04-15,edgar/data/1495230/0001445866-13-000425.txt
"Vera Bradley, Inc.",0001495320,10-K,2013-04-03,edgar/data/1495320/0001193125-13-138930.txt
Inventtech Inc.,0001495536,10-K,2013-04-01,edgar/data/1495536/0001558891-13-000048.txt
Fortegra Financial Corp,0001495925,10-K,2013-04-01,edgar/data/1495925/0001495925-13-000027.txt
"3PEA INTERNATIONAL, INC.",0001496443,10-K,2013-04-01,edgar/data/1496443/0001019687-13-001141.txt
"PUB CRAWL HOLDINGS, INC.",0001496818,10-K,2013-04-15,edgar/data/1496818/0001002014-13-000164.txt
"DMH INTERNATIONAL, INC.",0001496819,10-K,2013-04-09,edgar/data/1496819/0001398432-13-000240.txt
"Global Vision Holdings, Inc.",0001497120,10-K,2013-04-01,edgar/data/1497120/0001019687-13-001103.txt
"Toys R Us Property Co II, LLC",0001497188,10-K,2013-05-03,edgar/data/1497188/0001497188-13-000003.txt
"PRINCE MEXICO S.A., INC.",0001497421,10-K,2013-04-16,edgar/data/1497421/0001393905-13-000175.txt
Green Automotive Co,0001497632,10-K,2013-05-20,edgar/data/1497632/0001515971-13-000231.txt
"GSP-2, INC.",0001497644,10-K,2013-04-16,edgar/data/1497644/0001213900-13-001872.txt
PROGAMING PLATFORMS CORP,0001498067,10-K,2013-04-01,edgar/data/1498067/0001213900-13-001454.txt
ON THE MOVE SYSTEMS CORP.,0001498148,10-K,2013-06-13,edgar/data/1498148/0001161697-13-000394.txt
WTTJ CORP,0001498284,10-K,2013-05-03,edgar/data/1498284/0001498284-13-000004.txt
"EYES ON THE GO, INC.",0001498522,10-K,2013-04-16,edgar/data/1498522/0001354488-13-002001.txt
Powder River Coal Corp.,0001499197,10-K,2013-04-11,edgar/data/1499197/0001469709-13-000217.txt
Affinity Gaming,0001499268,10-K,2013-04-01,edgar/data/1499268/0001499268-13-000024.txt
"Native American Energy Group, Inc.",0001499501,10-K,2013-05-20,edgar/data/1499501/0001477932-13-002625.txt
Nissan Auto Receivables 2010-A Owner Trust,0001499548,10-K,2013-06-28,edgar/data/1499548/0001540639-13-000054.txt
FlatWorld Acquisition Corp.,0001499573,10-K,2013-04-16,edgar/data/1499573/0001499573-13-000005.txt
"YELLOW7, Inc",0001499618,10-K,2013-04-16,edgar/data/1499618/0001213900-13-001871.txt
China Herb Group Holdings Corp,0001499785,10-K,2013-05-01,edgar/data/1499785/0001549727-13-000060.txt
"Net Element International, Inc.",0001499961,10-K,2013-04-12,edgar/data/1499961/0001144204-13-021625.txt
ADVANCED VENTURES CORP,0001500122,10-K,2013-04-16,edgar/data/1500122/0001062993-13-001925.txt
"Original Source Entertainment, Inc.",0001500198,10-K,2013-04-11,edgar/data/1500198/0001014897-13-000108.txt
GIA INVESTMENTS CORP.,0001500497,10-K,2013-04-11,edgar/data/1500497/0001127855-13-000221.txt
"Wolverine Bancorp, Inc.",0001500836,10-K,2013-04-01,edgar/data/1500836/0001193125-13-136859.txt
"Oz Saferooms Technologies, Inc.",0001500861,10-K,2013-05-08,edgar/data/1500861/0001262463-13-000255.txt
"OverNear, Inc.",0001500904,10-K,2013-04-16,edgar/data/1500904/0001213900-13-001863.txt
Annec Green Refractories Corp,0001501162,10-K,2013-04-01,edgar/data/1501162/0001144204-13-019055.txt
"Bnet Media Group, Inc.",0001501268,10-K,2013-04-12,edgar/data/1501268/0001501268-13-000008.txt
"Empire Global Gaming, Inc.",0001501862,10-K,2013-04-01,edgar/data/1501862/0001213900-13-001474.txt
SSI Investments II Ltd,0001501919,10-K,2013-04-30,edgar/data/1501919/0001562762-13-000117.txt
"China Liaoning Dingxu Ecological Agriculture Development, Inc.",0001501958,10-K,2013-05-15,edgar/data/1501958/0001354488-13-002822.txt
"Sanomedics International Holdings, Inc",0001501972,10-K,2013-04-16,edgar/data/1501972/0001477932-13-001870.txt
"Fun World Media, Inc.",0001502659,10-K,2013-04-11,edgar/data/1502659/0001502659-13-000002.txt
"Rio Bravo Oil, Inc.",0001502774,10-K,2013-04-16,edgar/data/1502774/0001144204-13-022135.txt
Honda Auto Receivables 2010-3 Owner Trust,0001503697,10-K,2013-06-24,edgar/data/1503697/0001571049-13-000327.txt
"O'Donnell Strategic Industrial REIT, Inc.",0001503993,10-K,2013-04-01,edgar/data/1503993/0001193125-13-136636.txt
NGL Energy Partners LP,0001504461,10-K,2013-06-14,edgar/data/1504461/0001104659-13-049084.txt
CarMax Auto Owner Trust 2010-3,0001504496,10-K,2013-05-24,edgar/data/1504496/0001193125-13-235488.txt
Swisher Hygiene Inc.,0001504747,10-K,2013-05-01,edgar/data/1504747/0001354488-13-002355.txt
"BioRestorative Therapies, Inc.",0001505497,10-K,2013-04-02,edgar/data/1505497/0001144204-13-019421.txt
"China Hefeng Rescue Equipment, Inc.",0001506215,10-K,2013-04-11,edgar/data/1506215/0001213900-13-001746.txt
JPX Global Inc.,0001506814,10-K,2013-04-05,edgar/data/1506814/0001391609-13-000234.txt
"Integrity Applications, Inc.",0001506983,10-K,2013-04-01,edgar/data/1506983/0001178913-13-000956.txt
"Wireless Attachments, Inc.",0001507181,10-K,2013-06-24,edgar/data/1507181/0001021890-13-000028.txt
"USMD Holdings, Inc.",0001507881,10-K,2013-04-01,edgar/data/1507881/0001193125-13-136547.txt
PASSPORT POTASH INC,0001508128,10-K,2013-05-31,edgar/data/1508128/0001062993-13-002876.txt
"Santa Fe Petroleum, Inc.",0001508262,10-K,2013-04-16,edgar/data/1508262/0001554795-13-000225.txt
"Eventure Interactive, Inc.",0001509351,10-K,2013-04-16,edgar/data/1509351/0001144204-13-022116.txt
Conex MD Inc,0001509879,10-K,2013-04-01,edgar/data/1509879/0001558891-13-000046.txt
SOUTHERN STATES SIGN Co,0001510130,10-K,2013-04-16,edgar/data/1510130/0001144204-13-022238.txt
LIFEAPPS DIGITAL MEDIA INC.,0001510247,10-K,2013-04-12,edgar/data/1510247/0001477932-13-001731.txt
Graystone Co,0001510524,10-K,2013-04-16,edgar/data/1510524/0001185185-13-000852.txt
BIOLOGIX HAIR INC.,0001510775,10-K,2013-04-16,edgar/data/1510775/0001213900-13-001890.txt
China Industrial Steel Inc.,0001510871,10-K,2013-04-01,edgar/data/1510871/0001185185-13-000720.txt
INDIA ECOMMERCE CORP,0001510891,10-K,2013-04-01,edgar/data/1510891/0001214659-13-001748.txt
Malaysia Pro-Guardians Security Management Corp,0001510949,10-K,2013-04-30,edgar/data/1510949/0001549727-13-000057.txt
China Bull Management Inc,0001510963,10-K,2013-04-12,edgar/data/1510963/0001510961-13-000072.txt
CannaVEST Corp.,0001510964,10-K,2013-04-16,edgar/data/1510964/0001019687-13-001370.txt
DREWRYS BREWING CO,0001511159,10-K,2013-04-16,edgar/data/1511159/0000721748-13-000072.txt
"Puissant Industries, Inc.",0001511618,10-K,2013-04-15,edgar/data/1511618/0001477932-13-001801.txt
Global Cornerstone Holdings Ltd,0001511648,10-K,2013-04-01,edgar/data/1511648/0001144204-13-019054.txt
Continental Alloy Wheel Corp,0001511800,10-K,2013-04-11,edgar/data/1511800/0001477932-13-001724.txt
Canwealth Minerals Corp,0001512787,10-K,2013-04-15,edgar/data/1512787/0001144204-13-021852.txt
NEUTRA CORP.,0001512886,10-K,2013-05-02,edgar/data/1512886/0001161697-13-000306.txt
Excel Corp,0001512890,10-K,2013-04-16,edgar/data/1512890/0001213900-13-001874.txt
Honda Auto Receivables 2011-1 Owner Trust,0001512970,10-K,2013-06-24,edgar/data/1512970/0001571049-13-000329.txt
"USA InvestCo Holdings, Inc.",0001512983,10-K,2013-06-13,edgar/data/1512983/0001144204-13-034747.txt
"American Midstream Partners, LP",0001513965,10-K,2013-04-16,edgar/data/1513965/0001513965-13-000016.txt
"Thunderclap Entertainment, Inc.",0001514056,10-K,2013-04-16,edgar/data/1514056/0001493152-13-000670.txt
Integrated Drilling Equipment Holdings Corp,0001514418,10-K,2013-04-16,edgar/data/1514418/0001144204-13-022199.txt
"HEALTH REVENUE ASSURANCE HOLDINGS, INC.",0001514443,10-K,2013-04-01,edgar/data/1514443/0001213900-13-001566.txt
"Be Active Holdings, Inc.",0001514514,10-K,2013-04-16,edgar/data/1514514/0001521536-13-000335.txt
Diamond Resorts Corp,0001514608,10-K,2013-04-01,edgar/data/1514608/0001514608-13-000008.txt
CarMax Auto Owner Trust 2011-1,0001514773,10-K,2013-05-24,edgar/data/1514773/0001193125-13-235493.txt
AXIM INTERNATIONAL INC.,0001514946,10-K,2013-04-15,edgar/data/1514946/0001514955-13-000012.txt
"RedStone Literary Agents, Inc.",0001515139,10-K,2013-04-01,edgar/data/1515139/0001165527-13-000315.txt
MAGELLAN GOLD Corp,0001515317,10-K,2013-04-05,edgar/data/1515317/0001376474-13-000137.txt
KOPJAGGERS INC.,0001515319,10-K,2013-04-11,edgar/data/1515319/0001515319-13-000004.txt
DogInn Inc.,0001515718,10-K,2013-06-06,edgar/data/1515718/0001524777-13-000256.txt
PREMIER BIOMEDICAL INC,0001515740,10-K,2013-04-01,edgar/data/1515740/0001477932-13-001458.txt
Plymouth Opportunity REIT Inc.,0001515816,10-K,2013-04-15,edgar/data/1515816/0001171520-13-000288.txt
CLOUD SECURITY CORP.,0001516079,10-K,2013-05-29,edgar/data/1516079/0001213900-13-002904.txt
Primco Management Inc.,0001516522,10-K,2013-04-15,edgar/data/1516522/0001014897-13-000118.txt
SECURE NetCheckIn Inc,0001516805,10-K,2013-06-25,edgar/data/1516805/0001516805-13-000022.txt
ORGANIC PLANT HEALTH INC.,0001517248,10-K,2013-04-15,edgar/data/1517248/0001445866-13-000420.txt
Jiu Feng Investment Hong Kong Ltd,0001517389,10-K,2013-05-30,edgar/data/1517389/0001477932-13-002783.txt
Portus Holdings Inc.,0001517391,10-K,2013-04-16,edgar/data/1517391/0001144204-13-022099.txt
Nissan Auto Receivables 2011-A Owner Trust,0001517598,10-K,2013-06-28,edgar/data/1517598/0001540639-13-000055.txt
"X-Factor Communications Holdings, Inc.",0001517653,10-K,2013-05-16,edgar/data/1517653/0001213900-13-002684.txt
UMAX GROUP CORP,0001517709,10-K,2013-06-24,edgar/data/1517709/0001517709-13-000004.txt
NETWORKING PARTNERS INC,0001518041,10-K,2013-04-11,edgar/data/1518041/0001493152-13-000630.txt
"Fansport, Inc.",0001518171,10-K,2013-06-03,edgar/data/1518171/0001161697-13-000357.txt
"AmpliTech Group, Inc.",0001518461,10-K,2013-04-16,edgar/data/1518461/0001477932-13-001879.txt
Caldera Pharmaceuticals Inc,0001518520,10-K,2013-04-01,edgar/data/1518520/0001213900-13-001519.txt
"Black Elk Energy Offshore Operations, LLC",0001518909,10-K,2013-04-15,edgar/data/1518909/0001193125-13-155054.txt
"Astra Ventures, Inc.",0001519955,10-K,2013-05-29,edgar/data/1519955/0001213900-13-002912.txt
"PHARMA INVESTING NEWS, INC.",0001520047,10-K,2013-06-13,edgar/data/1520047/0001517126-13-000128.txt
"LIGHTCOLLAR, INC.",0001520118,10-K,2013-06-26,edgar/data/1520118/0001056520-13-000148.txt
Alkermes plc.,0001520262,10-K,2013-05-23,edgar/data/1520262/0001047469-13-006422.txt
"MamaMancini's Holdings, Inc.",0001520358,10-K,2013-04-16,edgar/data/1520358/0001493152-13-000673.txt
"Real Estate Contacts, Inc.",0001520528,10-K,2013-04-15,edgar/data/1520528/0001173375-13-000061.txt
"JH Designs, Inc.",0001520668,10-K,2013-04-12,edgar/data/1520668/0001477932-13-001744.txt
"Immobiliare Global Investments, Inc.",0001520874,10-K,2013-04-16,edgar/data/1520874/0001557240-13-000080.txt
Honda Auto Receivables 2011-2 Owner Trust,0001520947,10-K,2013-06-24,edgar/data/1520947/0001571049-13-000328.txt
China Xingbang Industry Group Inc.,0001521222,10-K,2013-04-01,edgar/data/1521222/0001213900-13-001515.txt
APEX 2 INC.,0001521466,10-K,2013-04-01,edgar/data/1521466/0001477932-13-001479.txt
"ScripsAmerica, Inc.",0001521476,10-K,2013-04-15,edgar/data/1521476/0001019687-13-001350.txt
"Pinacle Enterprise, Inc.",0001522165,10-K,2013-05-16,edgar/data/1522165/0001255294-13-000369.txt
Greenpower International Group Ltd,0001522211,10-K,2013-04-15,edgar/data/1522211/0001144204-13-021707.txt
Pivotal Group Inc.,0001522214,10-K,2013-04-12,edgar/data/1522214/0001019687-13-001313.txt
FIRST RATE STAFFING Corp,0001522215,10-K,2013-04-11,edgar/data/1522215/0001144204-13-021361.txt
BioPharma Manufacturing Solutions Inc.,0001522216,10-K,2013-05-21,edgar/data/1522216/0001144204-13-030656.txt
Hyperion Acquisition Corp.,0001522219,10-K,2013-04-19,edgar/data/1522219/0001522219-13-000008.txt
"Labor Smart, Inc.",0001522469,10-K,2013-04-17,edgar/data/1522469/0001554757-13-000236.txt
"GWG Holdings, Inc.",0001522690,10-K,2013-04-01,edgar/data/1522690/0001213900-13-001479.txt
"Medifirst Solutions, Inc.",0001522704,10-K,2013-04-01,edgar/data/1522704/0001213900-13-001543.txt
GLOBAL GREEN INC.,0001522724,10-K,2013-04-09,edgar/data/1522724/0001072588-13-000031.txt
Solar America Corp,0001523855,10-K,2013-04-15,edgar/data/1523855/0001144204-13-021772.txt
"TILLY'S, INC.",0001524025,10-K,2013-04-03,edgar/data/1524025/0001193125-13-139904.txt
Nissan Auto Lease Trust 2011-A,0001524759,10-K,2013-06-28,edgar/data/1524759/0001540639-13-000050.txt
Penola Inc.,0001524774,10-K,2013-05-31,edgar/data/1524774/0001477932-13-002792.txt
"Green Ballast, Inc.",0001526543,10-K,2013-04-01,edgar/data/1526543/0001144204-13-018988.txt
HORIZON MINERALS CORP.,0001526726,10-K,2013-04-15,edgar/data/1526726/0001393905-13-000167.txt
"New Enterprise Stone & Lime Co., Inc.",0001527032,10-K,2013-05-29,edgar/data/1527032/0001104659-13-045376.txt
Chart Acquisition Corp.,0001527349,10-K,2013-04-01,edgar/data/1527349/0001213900-13-001547.txt
"Wheeler Real Estate Investment Trust, Inc.",0001527541,10-K,2013-04-01,edgar/data/1527541/0001193125-13-136643.txt
"ALST Casino Holdco, LLC",0001527705,10-K,2013-04-01,edgar/data/1527705/0001193125-13-136799.txt
EUROSITE POWER INC.,0001528103,10-K,2013-04-01,edgar/data/1528103/0001528103-13-000014.txt
"Online-Redefined, Inc.",0001528171,10-K,2013-04-16,edgar/data/1528171/0001078782-13-000758.txt
"Hanover Portfolio Acquisitions, Inc.",0001528172,10-K,2013-04-16,edgar/data/1528172/0001469709-13-000243.txt
"Hanover Portfolio Acquisitions, Inc.",0001528172,10-K,2013-04-16,edgar/data/1528172/0001469709-13-000247.txt
ZaZa Energy Corp,0001528393,10-K,2013-04-02,edgar/data/1528393/0001528393-13-000031.txt
San Lotus Holding Inc,0001528749,10-K,2013-04-01,edgar/data/1528749/0001144204-13-019027.txt
Restoration Hardware Holdings Inc,0001528849,10-K,2013-04-29,edgar/data/1528849/0001193125-13-178723.txt
Nissan Auto Lease Trust 2011-B,0001528913,10-K,2013-06-28,edgar/data/1528913/0001540639-13-000051.txt
"Inland Real Estate Income Trust, Inc.",0001528985,10-K,2013-04-01,edgar/data/1528985/0000892626-13-000096.txt
chatAND Inc,0001529133,10-K,2013-04-15,edgar/data/1529133/0001354488-13-001960.txt
Ares Commercial Real Estate Corp,0001529377,10-K,2013-04-01,edgar/data/1529377/0001047469-13-003686.txt
"nycaMedia, Inc.",0001529433,10-K,2013-04-16,edgar/data/1529433/0001469299-13-000085.txt
United States Commodity Funds Trust I,0001529505,10-K,2013-05-14,edgar/data/1529505/0001144204-13-028769.txt
"East Shore Distributors, Inc.",0001529516,10-K,2013-05-29,edgar/data/1529516/0001437749-13-006808.txt
CarMax Auto Owner Trust 2011-2,0001529608,10-K,2013-05-24,edgar/data/1529608/0001193125-13-235505.txt
KMRB Acquisition Corp.,0001529804,10-K,2013-04-05,edgar/data/1529804/0001477932-13-001637.txt
"FS Bancorp, Inc.",0001530249,10-K,2013-04-01,edgar/data/1530249/0000939057-13-000128.txt
Michael Kors Holdings Ltd,0001530721,10-K,2013-05-29,edgar/data/1530721/0001193125-13-239625.txt
"Alternative Fuels Americas, Inc.",0001530746,10-K,2013-04-24,edgar/data/1530746/0001144204-13-023449.txt
"BREF HR, LLC",0001531537,10-K,2013-06-03,edgar/data/1531537/0001193125-13-244251.txt
Winchester Holding Group,0001531764,10-K,2013-04-05,edgar/data/1531764/0001477932-13-001641.txt
WHEELCHAIR ADL SOLUTIONS,0001532374,10-K,2013-05-29,edgar/data/1532374/0001078782-13-001102.txt
Honda Auto Receivables 2011-3 Owner Trust,0001532389,10-K,2013-06-24,edgar/data/1532389/0001571049-13-000331.txt
"NV5 Holdings, Inc.",0001532961,10-K,2013-04-01,edgar/data/1532961/0001193125-13-136806.txt
Nissan Auto Receivables 2011-B Owner Trust,0001533037,10-K,2013-06-28,edgar/data/1533037/0001540639-13-000056.txt
GLOBAL EQUITY INTERNATIONAL INC,0001533106,10-K,2013-04-16,edgar/data/1533106/0001493152-13-000655.txt
"Pazoo, Inc.",0001533427,10-K,2013-04-16,edgar/data/1533427/0001127855-13-000240.txt
CarMax Auto Owner Trust 2011-3,0001533705,10-K,2013-05-24,edgar/data/1533705/0001193125-13-235524.txt
IIM Global Corp,0001534154,10-K,2013-04-01,edgar/data/1534154/0001021432-13-000118.txt
"SSTL, Inc.",0001534298,10-K,2013-04-04,edgar/data/1534298/0001144204-13-020136.txt
Marlborough Software Development Holdings Inc.,0001534463,10-K,2013-04-01,edgar/data/1534463/0001193125-13-134967.txt
Andina Acquisition Corp,0001534675,10-K,2013-06-13,edgar/data/1534675/0001144204-13-034729.txt
Northern Tier Energy LLC,0001536047,10-K,2013-04-01,edgar/data/1536047/0001193125-13-136940.txt
L3 CORP,0001537118,10-K,2013-04-08,edgar/data/1537118/0001477932-13-001663.txt
Armored AutoGroup Inc.,0001537660,10-K,2013-04-01,edgar/data/1537660/0001047469-13-003744.txt
RICHFIELD OIL & GAS Co,0001537834,10-K,2013-04-02,edgar/data/1537834/0001144204-13-019699.txt
SOCIAL REALITY,0001538217,10-K,2013-04-01,edgar/data/1538217/0001144204-13-019050.txt
Boreal Water Collection Inc.,0001538333,10-K,2013-04-16,edgar/data/1538333/0001019687-13-001374.txt
Ultimate Novelty Sports Inc.,0001538495,10-K,2013-05-10,edgar/data/1538495/0001538495-13-000004.txt
"Xstelos Holdings, Inc.",0001540145,10-K,2013-04-01,edgar/data/1540145/0001144204-13-019121.txt
Introbuzz,0001540160,10-K,2013-05-03,edgar/data/1540160/0001165527-13-000440.txt
E2open Inc,0001540400,10-K,2013-04-30,edgar/data/1540400/0001193125-13-188045.txt
"Brazil Minerals, Inc.",0001540684,10-K,2013-04-08,edgar/data/1540684/0001292814-13-000723.txt
PINGIFY INTERNATIONAL INC.,0001540771,10-K,2013-05-01,edgar/data/1540771/0001165527-13-000434.txt
"Sound Financial Bancorp, Inc.",0001541119,10-K,2013-04-01,edgar/data/1541119/0001410087-13-000004.txt
CarMax Auto Owner Trust 2012-1,0001541287,10-K,2013-05-24,edgar/data/1541287/0001193125-13-235527.txt
Nissan Auto Receivables 2012-A Owner Trust,0001541538,10-K,2013-06-28,edgar/data/1541538/0001540639-13-000057.txt
PRONTO CORP.,0001542013,10-K,2013-06-14,edgar/data/1542013/0001542013-13-000011.txt
Honda Auto Receivables 2012-1 Owner Trust,0001542154,10-K,2013-06-24,edgar/data/1542154/0001571049-13-000325.txt
Trance Global Entertainment Group Corp,0001542918,10-K,2013-04-10,edgar/data/1542918/0001542918-13-000002.txt
E-WASTE CORP.,0001543066,10-K,2013-06-13,edgar/data/1543066/0001161697-13-000388.txt
FIRST INDEPENDENCE CORP.,0001543098,10-K,2013-05-02,edgar/data/1543098/0001213900-13-002164.txt
Nissan Auto Lease Trust 2012-A,0001543184,10-K,2013-06-28,edgar/data/1543184/0001540639-13-000052.txt
"BullsNBears.com, Inc.",0001543272,10-K,2013-04-15,edgar/data/1543272/0001504412-13-000143.txt
"First State Capital Investments, Inc",0001543679,10-K,2013-06-03,edgar/data/1543679/0001543679-13-000013.txt
Koffee Korner Inc.,0001544238,10-K,2013-06-06,edgar/data/1544238/0001469709-13-000367.txt
American Oil & Gas Inc.,0001544400,10-K,2013-05-16,edgar/data/1544400/0001165527-13-000498.txt
Taylor Consulting Inc.,0001544597,10-K,2013-05-01,edgar/data/1544597/0001477932-13-002074.txt
WMI Liquidating Trust,0001545078,10-K,2013-04-01,edgar/data/1545078/0001140361-13-014726.txt
Pacific Metals Corp.,0001545312,10-K,2013-04-01,edgar/data/1545312/0001515971-13-000109.txt
"Professional Diversity Network, Inc.",0001546296,10-K,2013-04-01,edgar/data/1546296/0001214659-13-001782.txt
"RLJ ENTERTAINMENT, INC.",0001546381,10-K,2013-04-10,edgar/data/1546381/0001140361-13-016043.txt
"Media Mechanics, Inc.",0001546392,10-K,2013-05-16,edgar/data/1546392/0001213900-13-002697.txt
Gray Fox Petroleum Corp.,0001546589,10-K,2013-06-24,edgar/data/1546589/0001019687-13-002435.txt
"MVP REIT, Inc.",0001546609,10-K,2013-04-01,edgar/data/1546609/0001546609-13-000014.txt
"SLAVIA, CORP.",0001546679,10-K,2013-06-20,edgar/data/1546679/0001546679-13-000005.txt
"US-DADI FERTILIZER INDUSTRY INTERNATIONAL, INC.",0001547015,10-K,2013-05-31,edgar/data/1547015/0001078782-13-001137.txt
Honda Auto Receivables 2012-2 Owner Trust,0001547493,10-K,2013-06-24,edgar/data/1547493/0001571049-13-000330.txt
American Boarding Co,0001547530,10-K,2013-04-16,edgar/data/1547530/0001393905-13-000172.txt
"Southcross Energy Partners, L.P.",0001547638,10-K,2013-04-15,edgar/data/1547638/0001047469-13-004340.txt
"Yew Bio-Pharm Group, Inc.",0001548240,10-K,2013-04-11,edgar/data/1548240/0001213900-13-001732.txt
NORSTRA ENERGY INC,0001548261,10-K,2013-06-07,edgar/data/1548261/0001557240-13-000142.txt
"Sears Hometown & Outlet Stores, Inc.",0001548309,10-K,2013-04-02,edgar/data/1548309/0001548309-13-000008.txt
COMM 2012-CCRE1 Mortgage Trust,0001548599,10-K,2013-04-01,edgar/data/1548599/0001056404-13-000278.txt
Modern PVC Inc,0001548953,10-K,2013-04-19,edgar/data/1548953/0001548953-13-000009.txt
"Alliance Media Group Holdings, Inc.",0001549145,10-K,2013-04-01,edgar/data/1549145/0001145443-13-000887.txt
"Intelligent Highway Solutions, Inc.",0001549719,10-K,2013-04-19,edgar/data/1549719/0001213900-13-001961.txt
"Comverse, Inc.",0001549872,10-K,2013-05-16,edgar/data/1549872/0001549872-13-000008.txt
"Dignyte, Inc.",0001550020,10-K,2013-04-01,edgar/data/1550020/0001493152-13-000542.txt
"BakerCorp International, Inc.",0001550377,10-K,2013-04-22,edgar/data/1550377/0001193125-13-163374.txt
Lion Consulting Group Inc.,0001550518,10-K,2013-06-28,edgar/data/1550518/0001477932-13-003031.txt
"PRIVILEGED WORLD TRAVEL CLUB, INC.",0001550536,10-K,2013-04-11,edgar/data/1550536/0001078782-13-000688.txt
"Sector 5, Inc.",0001550737,10-K,2013-04-16,edgar/data/1550737/0001477932-13-001849.txt
"Hauge Technology, Inc.",0001550954,10-K,2013-04-15,edgar/data/1550954/0001021432-13-000128.txt
"ACCESS US OIL & GAS, INC.",0001550956,10-K,2013-04-15,edgar/data/1550956/0001096906-13-000516.txt
Go Green Smokeless Oil International Inc.,0001550958,10-K,2013-04-16,edgar/data/1550958/0001021432-13-000137.txt
Whoopass Poker Corp,0001550959,10-K,2013-05-28,edgar/data/1550959/0001021432-13-000171.txt
CarMax Auto Owner Trust 2012-2,0001551270,10-K,2013-05-24,edgar/data/1551270/0001193125-13-235533.txt
"Revel AC, Inc.",0001551510,10-K,2013-05-07,edgar/data/1551510/0001193125-13-203682.txt
"Hamilton Bancorp, Inc.",0001551739,10-K,2013-06-28,edgar/data/1551739/0001193125-13-277106.txt
AVRA INC.,0001552164,10-K,2013-05-01,edgar/data/1552164/0001294606-13-000106.txt
"Galt Petroleum, Inc.",0001553304,10-K,2013-05-09,edgar/data/1553304/0001477932-13-002260.txt
"Canfield Medical Supply, Inc.",0001553788,10-K,2013-04-15,edgar/data/1553788/0001079974-13-000191.txt
Nissan Auto Receivables 2012-B Owner Trust,0001553992,10-K,2013-06-28,edgar/data/1553992/0001540639-13-000058.txt
Honda Auto Receivables 2012-3 Owner Trust,0001553993,10-K,2013-06-24,edgar/data/1553993/0001571049-13-000333.txt
"DIRECT LED, INC",0001554196,10-K,2013-04-02,edgar/data/1554196/0001010549-13-000209.txt
Pladeo Corp.,0001554225,10-K,2013-06-11,edgar/data/1554225/0001554225-13-000007.txt
Fairway Group Holdings Corp,0001555492,10-K,2013-06-06,edgar/data/1555492/0001104659-13-047295.txt
Canopius Holdings Bermuda Ltd,0001555767,10-K,2013-04-03,edgar/data/1555767/0001193125-13-140513.txt
STERLING CONSOLIDATED Corp,0001555972,10-K,2013-04-16,edgar/data/1555972/0001144204-13-022222.txt
Green Living Concepts Inc.,0001556508,10-K,2013-06-10,edgar/data/1556508/0001556508-13-000005.txt
Woodgate Acquisition Corp,0001558902,10-K,2013-04-15,edgar/data/1558902/0001021432-13-000126.txt
Tablegate Acquisition Corp,0001558916,10-K,2013-04-15,edgar/data/1558916/0001021432-13-000123.txt
Sidegate Acquisition Corp,0001558917,10-K,2013-04-15,edgar/data/1558917/0001021432-13-000122.txt
"JMJP Partners, Inc.",0001558989,10-K,2013-04-16,edgar/data/1558989/0001493152-13-000668.txt
"Essential Telecommunications, Inc.",0001559010,10-K,2013-04-15,edgar/data/1559010/0001021432-13-000127.txt
Fordgate Acquisition Corp,0001559050,10-K,2013-04-15,edgar/data/1559050/0001021432-13-000119.txt
Harrogate Acquisition Corp,0001559057,10-K,2013-04-15,edgar/data/1559057/0001021432-13-000120.txt
Treegate Acquisition Corp,0001559060,10-K,2013-04-15,edgar/data/1559060/0001021432-13-000124.txt
Wallgate Acquisition Corp,0001559132,10-K,2013-04-15,edgar/data/1559132/0001021432-13-000125.txt
Sandgate Acquisition Corp,0001559157,10-K,2013-04-15,edgar/data/1559157/0001021432-13-000121.txt
CarMax Auto Owner Trust 2012-3,0001559163,10-K,2013-05-24,edgar/data/1559163/0001193125-13-235535.txt
Nissan Auto Lease Trust 2012-B,0001559166,10-K,2013-06-28,edgar/data/1559166/0001540639-13-000053.txt
SMART ABS Series 2012-4US Trust,0001559445,10-K,2013-06-24,edgar/data/1559445/0001193125-13-268399.txt
Honda Auto Receivables 2012-4 Owner Trust,0001559576,10-K,2013-06-24,edgar/data/1559576/0001571049-13-000332.txt
New Source Energy Partners L.P.,0001560443,10-K,2013-04-01,edgar/data/1560443/0001437749-13-003798.txt
"Health Insurance Innovations, Inc.",0001561387,10-K,2013-04-01,edgar/data/1561387/0001193125-13-136914.txt
"ADB International Group, Inc.",0001563536,10-K,2013-04-12,edgar/data/1563536/0001295345-13-000042.txt
Nissan Auto Receivables 2013-A Owner Trust,0001564053,10-K,2013-06-28,edgar/data/1564053/0001540639-13-000059.txt
"PRC WILLISTON, LLC",0001565640,10-K,2013-06-21,edgar/data/1565640/0001104659-13-050470.txt
Honda Auto Receivables 2013-1 Owner Trust,0001566138,10-K,2013-06-24,edgar/data/1566138/0001571049-13-000334.txt
SMART ABS Series 2013-1US Trust,0001566623,10-K,2013-06-24,edgar/data/1566623/0001193125-13-268401.txt
CarMax Auto Owner Trust 2013-1,0001567980,10-K,2013-05-24,edgar/data/1567980/0001193125-13-235541.txt
"CONSTELLATION BRANDS, INC.",0000016918,10-K,2013-04-29,edgar/data/16918/0000016918-13-000008.txt
CAPITAL SOUTHWEST CORP,0000017313,10-K,2013-05-31,edgar/data/17313/0001140361-13-023510.txt
CATO CORP,0000018255,10-K,2013-04-02,edgar/data/18255/0000018255-13-000013.txt
GENESCO INC,0000018498,10-K,2013-04-03,edgar/data/18498/0000018498-13-000012.txt
"Cybrdi, Inc.",0000019002,10-K,2013-04-01,edgar/data/19002/0001062993-13-001586.txt
WORLDS INC,0000001961,10-K,2013-04-15,edgar/data/1961/0001264931-13-000223.txt
CSS INDUSTRIES INC,0000020629,10-K,2013-05-31,edgar/data/20629/0001193125-13-243158.txt
COMARCO INC,0000022252,10-K,2013-04-30,edgar/data/22252/0001437749-13-004940.txt
"One Horizon Group, Inc.",0000225211,10-K,2013-05-13,edgar/data/225211/0001354488-13-002619.txt
REAL ESTATE ASSOCIATES LTD/CA,0000225789,10-K,2013-04-15,edgar/data/225789/0000711642-13-000094.txt
COMPREHENSIVE CARE CORP,0000022872,10-K,2013-04-12,edgar/data/22872/0001193125-13-153233.txt
COMPUTER SCIENCES CORP,0000023082,10-K,2013-05-15,edgar/data/23082/0000023082-13-000015.txt
CROWN CRAFTS INC,0000025895,10-K,2013-06-19,edgar/data/25895/0001437749-13-007752.txt
"American Retail Group, Inc.",0000277905,10-K,2013-04-01,edgar/data/277905/0001213900-13-001497.txt
PIER 1 IMPORTS INC/DE,0000278130,10-K,2013-04-30,edgar/data/278130/0001193125-13-185222.txt
"AMERIGO ENERGY, INC.",0000278165,10-K,2013-04-12,edgar/data/278165/0001393905-13-000159.txt
CAVCO INDUSTRIES INC,0000278166,10-K,2013-06-11,edgar/data/278166/0001445305-13-001462.txt
OMEGA COMMERCIAL FINANCE CORP,0000029504,10-K,2013-04-16,edgar/data/29504/0001515971-13-000143.txt
"CHINA CHANGJIANG MINING & NEW ENERGY COMPANY, LTD.",0000029952,10-K,2013-05-10,edgar/data/29952/0001477932-13-002278.txt
ALCO STORES INC,0000030302,10-K,2013-04-24,edgar/data/30302/0000030302-13-000005.txt
FEDERAL NATIONAL MORTGAGE ASSOCIATION FANNIE MAE,0000310522,10-K,2013-04-02,edgar/data/310522/0000310522-13-000065.txt
FLORIDA GAMING CORP,0000312065,10-K,2013-04-16,edgar/data/312065/0001144204-13-022030.txt
HAEMONETICS CORP,0000313143,10-K,2013-05-20,edgar/data/313143/0000313143-13-000085.txt
SADDLEBROOK RESORTS INC,0000313151,10-K,2013-04-11,edgar/data/313151/0001193125-13-150642.txt
ERC ENERGY RECOVERY CORP,0000314197,10-K,2013-04-01,edgar/data/314197/0001010412-13-000089.txt
"TOMI Environmental Solutions, Inc.",0000314227,10-K,2013-04-01,edgar/data/314227/0001170022-13-000002.txt
REAL ESTATE ASSOCIATES LTD II,0000314237,10-K,2013-04-01,edgar/data/314237/0000711642-13-000081.txt
UQM TECHNOLOGIES INC,0000315449,10-K,2013-05-23,edgar/data/315449/0000315449-13-000020.txt
SOUTHWEST GEORGIA FINANCIAL CORP,0000315849,10-K,2013-04-01,edgar/data/315849/0000315849-13-000009.txt
BFC FINANCIAL CORP,0000315858,10-K,2013-04-01,edgar/data/315858/0000315858-13-000007.txt
EDUCATIONAL DEVELOPMENT CORP,0000031667,10-K,2013-05-28,edgar/data/31667/0001185185-13-001217.txt
MIKROS SYSTEMS CORP,0000317340,10-K,2013-04-01,edgar/data/317340/0001437749-13-003774.txt
GLOBAL HEALTH VOYAGER INC,0000318622,10-K,2013-05-17,edgar/data/318622/0001477932-13-002577.txt
REAL ESTATE ASSOCIATES LTD III,0000318986,10-K,2013-04-01,edgar/data/318986/0000711642-13-000079.txt
REGENT TECHNOLOGIES INC,0000319200,10-K,2013-04-16,edgar/data/319200/0001136261-13-000186.txt
GLOBAL GOLD CORP,0000319671,10-K,2013-04-16,edgar/data/319671/0001437749-13-004481.txt
TELOS CORP,0000320121,10-K,2013-04-01,edgar/data/320121/0001140361-13-014720.txt
"ENNIS, INC.",0000033002,10-K,2013-05-10,edgar/data/33002/0001193125-13-214067.txt
BOB EVANS FARMS INC,0000033769,10-K,2013-06-21,edgar/data/33769/0001193125-13-267502.txt
"KINGSTONE COMPANIES, INC.",0000033992,10-K,2013-04-01,edgar/data/33992/0001354488-13-001657.txt
CLAIRES STORES INC,0000034115,10-K,2013-04-03,edgar/data/34115/0001193125-13-140003.txt
"OXYGEN BIOTHERAPEUTICS, INC.",0000034956,10-K,2013-06-26,edgar/data/34956/0001354488-13-003629.txt
Lattice INC,0000350644,10-K,2013-04-01,edgar/data/350644/0001019687-13-001152.txt
OCEAN BIO CHEM INC,0000350737,10-K,2013-04-01,edgar/data/350737/0001213900-13-001468.txt
"ITERIS, INC.",0000350868,10-K,2013-06-07,edgar/data/350868/0001104659-13-047720.txt
"AUTOINFO, INC",0000351017,10-K,2013-04-01,edgar/data/351017/0001144204-13-019153.txt
AIR T INC,0000353184,10-K,2013-06-04,edgar/data/353184/0000353184-13-000009.txt
CAPITAL REALTY INVESTORS LTD,0000354521,10-K,2013-05-15,edgar/data/354521/0000354521-13-000007.txt
MIDWEST HOLDING INC.,0000355379,10-K,2013-04-01,edgar/data/355379/0001206774-13-001279.txt
REAL ESTATE ASSOCIATES LTD IV,0000355573,10-K,2013-04-01,edgar/data/355573/0000711642-13-000078.txt
Hallwood Group Inc,0000355766,10-K,2013-04-01,edgar/data/355766/0001193125-13-136682.txt
"CA, INC.",0000356028,10-K,2013-05-09,edgar/data/356028/0000356028-13-000065.txt
NEXT GENERATION ENERGY CORP.,0000356292,10-K,2013-04-22,edgar/data/356292/0001213900-13-001975.txt
"TREE TOP INDUSTRIES, INC.",0000356590,10-K,2013-04-16,edgar/data/356590/0001354488-13-002027.txt
"Fibrocell Science, Inc.",0000357097,10-K,2013-04-01,edgar/data/357097/0001193125-13-135295.txt
FOREST LABORATORIES INC,0000038074,10-K,2013-05-23,edgar/data/38074/0000038074-13-000014.txt
1st FRANKLIN FINANCIAL CORP,0000038723,10-K,2013-04-01,edgar/data/38723/0001376474-13-000118.txt
"SIGNATURE GROUP HOLDINGS, INC.",0000038984,10-K,2013-04-01,edgar/data/38984/0001193125-13-136654.txt
FRIEDMAN INDUSTRIES INC,0000039092,10-K,2013-06-13,edgar/data/39092/0001193125-13-257934.txt
GATEWAY ENERGY CORP/NE,0000040194,10-K,2013-04-08,edgar/data/40194/0000040194-13-000021.txt
Motors Liquidation Co,0000040730,10-K,2013-05-21,edgar/data/40730/0001193125-13-229279.txt
INDUSTRIAL SERVICES OF AMERICA INC /FL,0000004187,10-K,2013-04-01,edgar/data/4187/0000004187-13-000010.txt
"Chang-On International, Inc.",0000042136,10-K,2013-04-15,edgar/data/42136/0001062993-13-001875.txt
Gas Natural Inc.,0000043350,10-K,2013-04-01,edgar/data/43350/0001193125-13-136685.txt
AMERCO /NV/,0000004457,10-K,2013-06-05,edgar/data/4457/0000004457-13-000016.txt
AMEXDRUG CORP,0000045621,10-K,2013-04-03,edgar/data/45621/0001096906-13-000473.txt
HAWKINS INC,0000046250,10-K,2013-05-30,edgar/data/46250/0000046250-13-000007.txt
LIFE PARTNERS HOLDINGS INC,0000049534,10-K,2013-05-29,edgar/data/49534/0001144204-13-032122.txt
AMERICAN GREETINGS CORP,0000005133,10-K,2013-05-09,edgar/data/5133/0001193125-13-209085.txt
STRATEGIC INTERNET INVESTMENTS INC,0000053320,10-K,2013-04-15,edgar/data/53320/0001472375-13-000085.txt
X-CHANGE CORP,0000054424,10-K,2013-04-26,edgar/data/54424/0001010549-13-000273.txt
KATY INDUSTRIES INC,0000054681,10-K,2013-04-01,edgar/data/54681/0001140361-13-014847.txt
AMERICAN INTERNATIONAL VENTURES INC /DE/,0000005656,10-K,2013-06-07,edgar/data/5656/0001052918-13-000250.txt
KORN FERRY INTERNATIONAL,0000056679,10-K,2013-06-25,edgar/data/56679/0001193125-13-270364.txt
KROGER CO,0000056873,10-K,2013-04-02,edgar/data/56873/0001104659-13-026395.txt
LA-Z-BOY INC,0000057131,10-K,2013-06-18,edgar/data/57131/0001140361-13-025602.txt
"AMERICAN SCIENCE & ENGINEERING, INC.",0000005768,10-K,2013-06-07,edgar/data/5768/0001104659-13-047645.txt
GOLDRICH MINING CO,0000059860,10-K,2013-04-15,edgar/data/59860/0001052918-13-000131.txt
LOWES COMPANIES INC,0000060667,10-K,2013-04-02,edgar/data/60667/0000060667-13-000045.txt
LGL GROUP INC,0000061004,10-K,2013-04-01,edgar/data/61004/0000061004-13-000014.txt
MEDTRONIC INC,0000064670,10-K,2013-06-24,edgar/data/64670/0000064670-13-000006.txt
MESABI TRUST,0000065172,10-K,2013-04-10,edgar/data/65172/0001104659-13-028356.txt
METHODE ELECTRONICS INC,0000065270,10-K,2013-06-20,edgar/data/65270/0000065270-13-000020.txt
SIEBERT FINANCIAL CORP,0000065596,10-K,2013-04-01,edgar/data/65596/0001354488-13-001619.txt
MILLER INDUSTRIES INC,0000066388,10-K,2013-05-28,edgar/data/66388/0001144204-13-031788.txt
MILLS MUSIC TRUST,0000066496,10-K,2013-04-01,edgar/data/66496/0001193125-13-136613.txt
MINES MANAGEMENT INC,0000066649,10-K,2013-04-01,edgar/data/66649/0001047469-13-003740.txt
MODINE MANUFACTURING CO,0000067347,10-K,2013-05-31,edgar/data/67347/0001140361-13-023524.txt
MORGANS FOODS INC,0000068145,10-K,2013-06-03,edgar/data/68145/0001437749-13-006966.txt
"APOGEE ENTERPRISES, INC.",0000006845,10-K,2013-05-16,edgar/data/6845/0000006845-13-000009.txt
STAGE STORES INC,0000006885,10-K,2013-04-03,edgar/data/6885/0000006885-13-000058.txt
NATHANS FAMOUS INC,0000069733,10-K,2013-06-14,edgar/data/69733/0001437749-13-007587.txt
ADINO ENERGY CORP,0000700815,10-K,2013-04-19,edgar/data/700815/0001144204-13-022897.txt
INTEGRATED DEVICE TECHNOLOGY INC,0000703361,10-K,2013-05-29,edgar/data/703361/0000703361-13-000018.txt
"LEGG MASON, INC.",0000704051,10-K,2013-05-24,edgar/data/704051/0000704051-13-000094.txt
REALMARK PROPERTY INVESTORS LTD PARTNERSHIP II,0000704165,10-K,2013-04-01,edgar/data/704165/0001099910-13-000072.txt
Dynamic Energy Alliance Corp,0000704366,10-K,2013-04-16,edgar/data/704366/0001477932-13-001873.txt
REPRO MED SYSTEMS INC,0000704440,10-K,2013-05-29,edgar/data/704440/0001161697-13-000351.txt
UNION BANKSHARES INC,0000706863,10-K,2013-04-01,edgar/data/706863/0000706863-13-000008.txt
REGENERX BIOPHARMACEUTICALS INC,0000707511,10-K,2013-04-16,edgar/data/707511/0001144204-13-022111.txt
"Tamir Biotechnology, Inc.",0000708717,10-K,2013-04-25,edgar/data/708717/0001308411-13-000092.txt
"Tamir Biotechnology, Inc.",0000708717,10-K,2013-04-25,edgar/data/708717/0001308411-13-000095.txt
"QUALITY SYSTEMS, INC",0000708818,10-K,2013-05-30,edgar/data/708818/0000708818-13-000009.txt
QUANTUM CORP /DE/,0000709283,10-K,2013-06-07,edgar/data/709283/0001206774-13-002096.txt
THUNDER MOUNTAIN GOLD INC,0000711034,10-K,2013-04-10,edgar/data/711034/0001052918-13-000107.txt
APPLIED MICRO CIRCUITS CORP,0000711065,10-K,2013-06-11,edgar/data/711065/0001445305-13-001456.txt
ELECTRONIC ARTS INC.,0000712515,10-K,2013-05-22,edgar/data/712515/0000712515-13-000022.txt
"WOUND MANAGEMENT TECHNOLOGIES, INC.",0000714256,10-K,2013-04-12,edgar/data/714256/0001010549-13-000245.txt
SORL Auto Parts Inc,0000714284,10-K,2013-04-01,edgar/data/714284/0001144204-13-019090.txt
REAL ESTATE ASSOCIATES LTD VI,0000715578,10-K,2013-04-12,edgar/data/715578/0000711642-13-000091.txt
GRAHAM CORP,0000716314,10-K,2013-06-05,edgar/data/716314/0001193125-13-247725.txt
SPO Medical Inc,0000716778,10-K,2013-04-11,edgar/data/716778/0001558891-13-000059.txt
BURLINGTON COAT FACTORY WAREHOUSE CORP,0000718916,10-K,2013-04-26,edgar/data/718916/0001193125-13-177601.txt
BOVIE MEDICAL CORP,0000719135,10-K,2013-04-01,edgar/data/719135/0001140361-13-014654.txt
GIGA TRONICS INC,0000719274,10-K,2013-06-28,edgar/data/719274/0001437749-13-008202.txt
"Inrad Optics, Inc.",0000719494,10-K,2013-04-01,edgar/data/719494/0001144204-13-019074.txt
ARCTIC CAT INC,0000719866,10-K,2013-06-14,edgar/data/719866/0001193125-13-259726.txt
WILLIAMS SONOMA INC,0000719955,10-K,2013-04-04,edgar/data/719955/0001193125-13-142309.txt
CHINA RECYCLING ENERGY CORP,0000721693,10-K,2013-04-01,edgar/data/721693/0001144204-13-018866.txt
INERGETICS INC,0000072170,10-K,2013-04-01,edgar/data/72170/0001144204-13-018888.txt
NOBILITY HOMES INC,0000072205,10-K,2013-04-02,edgar/data/72205/0001193125-13-138339.txt
SAVIENT PHARMACEUTICALS INC,0000722104,10-K,2013-04-01,edgar/data/722104/0001193125-13-136648.txt
REAL ESTATE ASSOCIATES LTD VII,0000722648,10-K,2013-04-12,edgar/data/722648/0000711642-13-000090.txt
CAPITAL REALTY INVESTORS III LTD PARTNERSHIP,0000722833,10-K,2013-04-03,edgar/data/722833/0000722833-13-000007.txt
"MULTI SOLUTIONS II, INC",0000723733,10-K,2013-05-13,edgar/data/723733/0000723733-13-000006.txt
MESA LABORATORIES INC /CO,0000724004,10-K,2013-06-06,edgar/data/724004/0001104659-13-047358.txt
BURZYNSKI RESEARCH INSTITUTE INC,0000724445,10-K,2013-05-29,edgar/data/724445/0001104659-13-045361.txt
FREDS INC,0000724571,10-K,2013-04-18,edgar/data/724571/0001144204-13-022740.txt
Trinity Place Holdings Inc.,0000724742,10-K,2013-05-31,edgar/data/724742/0001144204-13-032684.txt
NVE CORP /NEW/,0000724910,10-K,2013-05-01,edgar/data/724910/0000724910-13-000009.txt
"APOLLO SOLAR ENERGY, INC.",0000726435,10-K,2013-05-10,edgar/data/726435/0001096906-13-000714.txt
ELECTRO SCIENTIFIC INDUSTRIES INC,0000726514,10-K,2013-06-12,edgar/data/726514/0000726514-13-000061.txt
FIRST EQUITY PROPERTIES INC,0000726516,10-K,2013-04-01,edgar/data/726516/0001010549-13-000193.txt
CASEYS GENERAL STORES INC,0000726958,10-K,2013-06-27,edgar/data/726958/0001193125-13-274177.txt
COMMUNICATION INTELLIGENCE CORP,0000727634,10-K,2013-04-01,edgar/data/727634/0000727634-13-000004.txt
SPECTRASCIENCE INC,0000727672,10-K,2013-04-18,edgar/data/727672/0001144204-13-022577.txt
SUPERTEX INC,0000730000,10-K,2013-06-13,edgar/data/730000/0000730000-13-000017.txt
CalAmp Corp.,0000730255,10-K,2013-04-25,edgar/data/730255/0001206774-13-001591.txt
BROADVIEW INSTITUTE INC,0000073048,10-K,2013-06-28,edgar/data/73048/0001437749-13-008191.txt
FCCC INC,0000730669,10-K,2013-06-14,edgar/data/730669/0001477932-13-002906.txt
MULTIBAND CORP,0000732412,10-K,2013-04-01,edgar/data/732412/0001445305-13-000757.txt
ACXIOM CORP,0000733269,10-K,2013-05-29,edgar/data/733269/0000733269-13-000012.txt
TRANSCONTINENTAL REALTY INVESTORS INC,0000733590,10-K,2013-04-04,edgar/data/733590/0001010549-13-000233.txt
"AEMETIS, INC",0000738214,10-K,2013-04-16,edgar/data/738214/0001354488-13-002047.txt
Bristow Group Inc,0000073887,10-K,2013-05-23,edgar/data/73887/0001193125-13-231745.txt
"KID BRANDS, INC",0000739878,10-K,2013-04-16,edgar/data/739878/0001193125-13-157049.txt
CAPITAL REALTY INVESTORS IV LIMITED PARTNERSHIP,0000740371,10-K,2013-04-30,edgar/data/740371/0000740371-13-000004.txt
"iSatori, Inc.",0000741114,10-K,2013-04-16,edgar/data/741114/0001515971-13-000145.txt
HOOPER HOLMES INC,0000741815,10-K,2013-04-01,edgar/data/741815/0000741815-13-000006.txt
XILINX INC,0000743988,10-K,2013-05-23,edgar/data/743988/0000743988-13-000018.txt
REX AMERICAN RESOURCES Corp,0000744187,10-K,2013-04-09,edgar/data/744187/0000930413-13-002135.txt
ROSS STORES INC,0000745732,10-K,2013-04-02,edgar/data/745732/0000745732-13-000006.txt
"GLOWPOINT, INC.",0000746210,10-K,2013-04-01,edgar/data/746210/0000746210-13-000002.txt
BRAVO ENTERPRISES LTD.,0000746631,10-K,2013-04-16,edgar/data/746631/0001477932-13-001830.txt
VERAMARK TECHNOLOGIES INC,0000747605,10-K,2013-04-01,edgar/data/747605/0001193125-13-136252.txt
MEDICAL ACTION INDUSTRIES INC,0000748270,10-K,2013-06-14,edgar/data/748270/0001171843-13-002492.txt
ORIGINAL SIXTEEN TO ONE MINE INC /CA/,0000074925,10-K,2013-04-23,edgar/data/74925/0000074925-13-000003.txt
VIRCO MFG CORPORATION,0000751365,10-K,2013-04-22,edgar/data/751365/0001445305-13-000855.txt
OXFORD INDUSTRIES INC,0000075288,10-K,2013-04-04,edgar/data/75288/0001047469-13-003950.txt
"AXION INTERNATIONAL HOLDINGS, INC.",0000753048,10-K,2013-04-01,edgar/data/753048/0001144204-13-019158.txt
EXAR CORP,0000753568,10-K,2013-06-13,edgar/data/753568/0001437749-13-007521.txt
CytoCore Inc,0000075439,10-K,2013-04-01,edgar/data/75439/0001144204-13-019354.txt
MATERIAL SCIENCES CORP,0000755003,10-K,2013-05-06,edgar/data/755003/0001193125-13-200743.txt
VIDEO DISPLAY CORP,0000758743,10-K,2013-05-29,edgar/data/758743/0001193125-13-239279.txt
BERKSHIRE BANCORP INC /DE/,0000759718,10-K,2013-04-16,edgar/data/759718/0001144204-13-021940.txt
CENTENARY INTERNATIONAL CORP,0000759999,10-K,2013-05-07,edgar/data/759999/0001144204-13-026800.txt
PARK ELECTROCHEMICAL CORP,0000076267,10-K,2013-05-16,edgar/data/76267/0001133796-13-000086.txt
UNITED STATES BASKETBALL LEAGUE INC,0000764630,10-K,2013-06-18,edgar/data/764630/0001144204-13-035419.txt
"PureSafe Water Systems, Inc.",0000764839,10-K,2013-04-16,edgar/data/764839/0001354488-13-002045.txt
"MULTI SOFT II, INC",0000766404,10-K,2013-05-10,edgar/data/766404/0000766404-13-000006.txt
CVD EQUIPMENT CORP,0000766792,10-K,2013-04-01,edgar/data/766792/0001437749-13-003792.txt
CYANOTECH CORP,0000768408,10-K,2013-06-24,edgar/data/768408/0001104659-13-051049.txt
BIG LOTS INC,0000768835,10-K,2013-04-02,edgar/data/768835/0000768835-13-000024.txt
"DIAL GLOBAL, INC. /DE/",0000771950,10-K,2013-04-01,edgar/data/771950/0000771950-13-000036.txt
"Cardium Therapeutics, Inc.",0000772320,10-K,2013-04-05,edgar/data/772320/0001193125-13-144275.txt
NEW COLOMBIA RESOURCES INC,0000772370,10-K,2013-04-16,edgar/data/772370/0001078782-13-000741.txt
CIRRUS LOGIC INC,0000772406,10-K,2013-05-29,edgar/data/772406/0001193125-13-239492.txt
"Standard Gold Holdings, Inc.",0000773717,10-K,2013-04-16,edgar/data/773717/0001144204-13-022004.txt
PEP BOYS MANNY MOE & JACK,0000077449,10-K,2013-04-18,edgar/data/77449/0001047469-13-004524.txt
"Pacific Ethanol, Inc.",0000778164,10-K,2013-04-01,edgar/data/778164/0001019687-13-001143.txt
Measurement Specialties Inc,0000778734,10-K,2013-06-05,edgar/data/778734/0001144204-13-033392.txt
BLUEGREEN CORP,0000778946,10-K,2013-04-01,edgar/data/778946/0001171200-13-000050.txt
FASTFUNDS FINANCIAL CORP,0000779956,10-K,2013-04-16,edgar/data/779956/0001554795-13-000230.txt
PVH CORP. /DE/,0000078239,10-K,2013-04-03,edgar/data/78239/0000078239-13-000019.txt
EMMIS COMMUNICATIONS CORP,0000783005,10-K,2013-05-08,edgar/data/783005/0001193125-13-205848.txt
"SWORDFISH FINANCIAL, INC.",0000078311,10-K,2013-06-03,edgar/data/78311/0001010549-13-000410.txt
INTEGRATED FREIGHT Corp,0000783284,10-K,2013-06-25,edgar/data/783284/0001354488-13-003604.txt
ROCKY MOUNTAIN CHOCOLATE FACTORY INC,0000785815,10-K,2013-05-29,edgar/data/785815/0001437749-13-006817.txt
GYMBOREE CORP,0000786110,10-K,2013-05-02,edgar/data/786110/0001193125-13-196063.txt
CIMETRIX INC,0000786620,10-K,2013-04-01,edgar/data/786620/0001445866-13-000312.txt
AGILYSYS INC,0000078749,10-K,2013-06-14,edgar/data/78749/0000078749-13-000023.txt
"SIGMA LABS, INC.",0000788611,10-K,2013-04-16,edgar/data/788611/0001144204-13-022123.txt
ENSURGE INC,0000789879,10-K,2013-05-17,edgar/data/789879/0001096906-13-000871.txt
Independence Resources PLC,0000789944,10-K,2013-04-16,edgar/data/789944/0001144204-13-022065.txt
Global Ecology Corp,0000790066,10-K,2013-04-18,edgar/data/790066/0001504412-13-000173.txt
REALMARK PROPERTY INVESTORS LTD PARTNERSHIP V,0000790067,10-K,2013-04-01,edgar/data/790067/0001099910-13-000075.txt
SIGMA DESIGNS INC,0000790715,10-K,2013-04-12,edgar/data/790715/0001437749-13-004375.txt
"SEQUENTIAL BRANDS GROUP, INC.",0000791770,10-K,2013-04-01,edgar/data/791770/0001144204-13-019265.txt
GREENESTONE HEALTHCARE CORP,0000792935,10-K,2013-04-01,edgar/data/792935/0000721748-13-000058.txt
BLUE DOLPHIN ENERGY CO,0000793306,10-K,2013-04-01,edgar/data/793306/0001354488-13-001663.txt
"Macy's, Inc.",0000794367,10-K,2013-04-03,edgar/data/794367/0000794367-13-000092.txt
AMERICAN WOODMARK CORP,0000794619,10-K,2013-06-28,edgar/data/794619/0000794619-13-000024.txt
TRANS WORLD ENTERTAINMENT CORP,0000795212,10-K,2013-04-18,edgar/data/795212/0000930413-13-002308.txt
ARROW RESOURCES DEVELOPMENT INC,0000795255,10-K,2013-05-15,edgar/data/795255/0001144204-13-029400.txt
ELDORADO ARTESIAN SPRINGS INC,0000796124,10-K,2013-06-28,edgar/data/796124/0001354488-13-003683.txt
"PREMIER EXHIBITIONS, INC.",0000796764,10-K,2013-05-29,edgar/data/796764/0001193125-13-238891.txt
"HST Global, Inc.",0000797564,10-K,2013-04-16,edgar/data/797564/0001360865-13-000041.txt
VIASAT INC,0000797721,10-K,2013-05-24,edgar/data/797721/0001193125-13-234043.txt
LAKELAND INDUSTRIES INC,0000798081,10-K,2013-05-21,edgar/data/798081/0001144204-13-030790.txt
PRECISION CASTPARTS CORP,0000079958,10-K,2013-05-30,edgar/data/79958/0000079958-13-000018.txt
AMERICAS CARMART INC,0000799850,10-K,2013-06-21,edgar/data/799850/0001171843-13-002561.txt
RENTRAK CORP,0000800458,10-K,2013-06-13,edgar/data/800458/0000800458-13-000007.txt
"Trunity Holdings, Inc.",0000802257,10-K,2013-04-16,edgar/data/802257/0001096906-13-000580.txt
AIRGAS INC,0000804212,10-K,2013-05-22,edgar/data/804212/0000804212-13-000015.txt
CHINA FORESTRY INC,0000805729,10-K,2013-04-12,edgar/data/805729/0001549727-13-000047.txt
SONO TEK CORP,0000806172,10-K,2013-05-22,edgar/data/806172/0001171520-13-000432.txt
VOXX International Corp,0000807707,10-K,2013-05-15,edgar/data/807707/0000807707-13-000022.txt
QKL Stores Inc.,0000808047,10-K,2013-04-15,edgar/data/808047/0001144204-13-021673.txt
HANCOCK FABRICS INC,0000812906,10-K,2013-04-26,edgar/data/812906/0001437749-13-004793.txt
AMCOL INTERNATIONAL CORP,0000813621,10-K,2013-04-10,edgar/data/813621/0001140361-13-016072.txt
CITIZENS BANCSHARES CORP /GA/,0000813640,10-K,2013-04-01,edgar/data/813640/0001047469-13-003750.txt
CIRTRAN CORP,0000813716,10-K,2013-04-16,edgar/data/813716/0001557240-13-000082.txt
EXIDE TECHNOLOGIES,0000813781,10-K,2013-06-14,edgar/data/813781/0000813781-13-000016.txt
"Halo Companies, Inc.",0000814286,10-K,2013-04-01,edgar/data/814286/0001026608-13-000032.txt
LIFEWAY FOODS INC,0000814586,10-K,2013-04-01,edgar/data/814586/0001072613-13-000192.txt
ASTRO MED INC /NEW/,0000008146,10-K,2013-04-08,edgar/data/8146/0001193125-13-146041.txt
TEXSTAR OIL Corp,0000814920,10-K,2013-05-16,edgar/data/814920/0001010549-13-000355.txt
STERIS CORP,0000815065,10-K,2013-05-30,edgar/data/815065/0000815065-13-000006.txt
ABIOMED INC,0000815094,10-K,2013-05-28,edgar/data/815094/0001193125-13-237523.txt
JONES FINANCIAL COMPANIES LLLP,0000815917,10-K,2013-04-01,edgar/data/815917/0001193125-13-136661.txt
MULTI COLOR Corp,0000819220,10-K,2013-06-14,edgar/data/819220/0001193125-13-258880.txt
ARRHYTHMIA RESEARCH TECHNOLOGY INC /DE/,0000819689,10-K,2013-05-31,edgar/data/819689/0000819689-13-000022.txt
"Cleantech Solutions International, Inc.,",0000819926,10-K,2013-04-11,edgar/data/819926/0001213900-13-001752.txt
"Omagine, Inc.",0000820600,10-K,2013-04-01,edgar/data/820600/0001013762-13-000473.txt
QUANTRX BIOMEDICAL CORP,0000820608,10-K,2013-04-15,edgar/data/820608/0001415889-13-000747.txt
ARETE INDUSTRIES INC,0000820901,10-K,2013-04-19,edgar/data/820901/0001193125-13-163022.txt
G III APPAREL GROUP LTD /DE/,0000821002,10-K,2013-04-12,edgar/data/821002/0001193125-13-153157.txt
ZOOM TECHNOLOGIES INC,0000822708,10-K,2013-04-15,edgar/data/822708/0001136261-13-000185.txt
"INFINITY ENERGY RESOURCES, INC",0000822746,10-K,2013-04-01,edgar/data/822746/0001493152-13-000546.txt
REALMARK PROPERTY INVESTORS LIMITED PARTNERSHIP VI-A,0000822783,10-K,2013-04-01,edgar/data/822783/0001099910-13-000073.txt
INTERNATIONAL PACKAGING & LOGISTICS GROUP INC.,0000822997,10-K,2013-04-15,edgar/data/822997/0001019687-13-001331.txt
INNSUITES HOSPITALITY TRUST,0000082473,10-K,2013-05-01,edgar/data/82473/0001437749-13-005054.txt
AURA SYSTEMS INC,0000826253,10-K,2013-06-12,edgar/data/826253/0000826253-13-000014.txt
"Merriman Holdings, Inc",0000826683,10-K,2013-04-01,edgar/data/826683/0001144204-13-019132.txt
MICROCHIP TECHNOLOGY INC,0000827054,10-K,2013-05-30,edgar/data/827054/0000827054-13-000171.txt
"GREAT CHINA INTERNATIONAL HOLDINGS, INC.",0000828878,10-K,2013-04-15,edgar/data/828878/0001038838-13-000188.txt
EAT AT JOES LTD,0000829325,10-K,2013-04-01,edgar/data/829325/0001262463-13-000160.txt
AMERICAN TAX CREDIT PROPERTIES LP,0000830159,10-K,2013-06-27,edgar/data/830159/0001096906-13-001082.txt
OAK RIDGE MICRO-ENERGY INC,0000830483,10-K,2013-04-24,edgar/data/830483/0001445866-13-000457.txt
PRESSURE BIOSCIENCES INC,0000830656,10-K,2013-05-13,edgar/data/830656/0001354488-13-002661.txt
"VHGI HOLDINGS, INC.",0000830741,10-K,2013-06-26,edgar/data/830741/0001010549-13-000444.txt
LKA INTERNATIONAL INC /DE/,0000831355,10-K,2013-04-01,edgar/data/831355/0000939798-13-000020.txt
TOYOTA MOTOR CREDIT CORP,0000834071,10-K,2013-06-14,edgar/data/834071/0000834071-13-000069.txt
BOSTON CAPITAL TAX CREDIT FUND LTD PARTNERSHIP,0000835095,10-K,2013-06-27,edgar/data/835095/0001144204-13-036874.txt
BMC SOFTWARE INC,0000835729,10-K,2013-05-09,edgar/data/835729/0001193125-13-210706.txt
"YOU ON DEMAND HOLDINGS, INC.",0000837852,10-K,2013-04-08,edgar/data/837852/0001140361-13-015816.txt
EVEREST FUND L P,0000837919,10-K,2013-04-01,edgar/data/837919/0000837919-13-000002.txt
"Kiwibox.Com, Inc.",0000838796,10-K,2013-04-15,edgar/data/838796/0001144204-13-021658.txt
"VASOMEDICAL, INC",0000839087,10-K,2013-04-01,edgar/data/839087/0001201800-13-000006.txt
RITE AID CORP,0000084129,10-K,2013-04-23,edgar/data/84129/0001047469-13-004721.txt
"Medefile International, Inc.",0000842013,10-K,2013-04-15,edgar/data/842013/0001013762-13-000520.txt
AMERICAN TAX CREDIT PROPERTIES II L P,0000842314,10-K,2013-06-27,edgar/data/842314/0001096906-13-001085.txt
"WUHAN GENERAL GROUP (CHINA), INC",0000842694,10-K,2013-04-15,edgar/data/842694/0001144204-13-021664.txt
CHEROKEE INC,0000844161,10-K,2013-04-30,edgar/data/844161/0001047469-13-005201.txt
Cyclone Uranium Corp,0000844788,10-K,2013-05-16,edgar/data/844788/0001513162-13-000396.txt
POSITRON CORP,0000844985,10-K,2013-04-15,edgar/data/844985/0001144204-13-021904.txt
"HARVEST NATURAL RESOURCES, INC.",0000845289,10-K,2013-05-02,edgar/data/845289/0001193125-13-196239.txt
REGAL ONE Corp,0000845385,10-K,2013-04-11,edgar/data/845385/0000938047-13-000008.txt
"SOURCE FINANCIAL, INC.",0000846377,10-K,2013-05-01,edgar/data/846377/0001213900-13-002149.txt
NATIONAL TAX CREDIT PARTNERS L P,0000847415,10-K,2013-04-01,edgar/data/847415/0000711642-13-000077.txt
Eagle Ford Oil & Gas Corp,0000847416,10-K,2013-04-12,edgar/data/847416/0001387131-13-001255.txt
SYMANTEC CORP,0000849399,10-K,2013-05-17,edgar/data/849399/0001193125-13-226119.txt
BLACK BOX CORP,0000849547,10-K,2013-05-30,edgar/data/849547/0000849547-13-000038.txt
FOOT LOCKER INC,0000850209,10-K,2013-04-01,edgar/data/850209/0001144204-13-019239.txt
"EnerJex Resources, Inc.",0000008504,10-K,2013-04-10,edgar/data/8504/0001144204-13-021084.txt
GLOBAL AXCESS CORP,0000852570,10-K,2013-04-01,edgar/data/852570/0001144204-13-019295.txt
BOSTON CAPITAL TAX CREDIT FUND II LTD PARTNERSHIP,0000853566,10-K,2013-06-27,edgar/data/853566/0001144204-13-036882.txt
AMERICAN TAX CREDIT PROPERTIES III LP,0000856135,10-K,2013-06-27,edgar/data/856135/0001096906-13-001088.txt
OP TECH ENVIRONMENTAL SERVICES INC,0000858748,10-K,2013-06-07,edgar/data/858748/0001424884-13-000008.txt
OP TECH ENVIRONMENTAL SERVICES INC,0000858748,10-K,2013-06-07,edgar/data/858748/0001424884-13-000016.txt
COMPUWARE CORP,0000859014,10-K,2013-05-29,edgar/data/859014/0001140361-13-023182.txt
AVX Corp,0000859163,10-K,2013-05-22,edgar/data/859163/0000859163-13-000022.txt
NATIONAL TAX CREDIT INVESTORS II,0000859921,10-K,2013-04-01,edgar/data/859921/0000711642-13-000080.txt
"NaturalNano, Inc.",0000863895,10-K,2013-04-11,edgar/data/863895/0001144204-13-021307.txt
COMMAND SECURITY CORP,0000864509,10-K,2013-06-27,edgar/data/864509/0001144204-13-036783.txt
CYBERONICS INC,0000864683,10-K,2013-06-19,edgar/data/864683/0000864683-13-000017.txt
ROYALE ENERGY INC,0000864839,10-K,2013-04-16,edgar/data/864839/0001185185-13-000859.txt
ATLAS FUTURES FUND LIMITED PARTNERSHIP,0000865549,10-K,2013-04-01,edgar/data/865549/0000865549-13-000001.txt
ALLIANT TECHSYSTEMS INC,0000866121,10-K,2013-05-23,edgar/data/866121/0001445305-13-001376.txt
FLEXTRONICS INTERNATIONAL LTD.,0000866374,10-K,2013-05-28,edgar/data/866374/0001047469-13-006516.txt
KLEVER MARKETING INC,0000866439,10-K,2013-04-15,edgar/data/866439/0001019687-13-001346.txt
FORLINK SOFTWARE CORP INC,0000866458,10-K,2013-04-11,edgar/data/866458/0001144204-13-021218.txt
LIGHTING SCIENCE GROUP CORP,0000866970,10-K,2013-04-01,edgar/data/866970/0001193125-13-136756.txt
SPINDLETOP OIL & GAS CO,0000867038,10-K,2013-04-15,edgar/data/867038/0000867038-13-000006.txt
AEI NET LEASE INCOME & GROWTH FUND XIX LIMITED PARTNERSHIP,0000868740,10-K,2013-04-01,edgar/data/868740/0001023458-13-000002.txt
BALTIA AIR LINES INC,0000869187,10-K,2013-04-16,edgar/data/869187/0001165195-13-000008.txt
GOLDEN EAGLE INTERNATIONAL INC,0000869531,10-K,2013-04-01,edgar/data/869531/0001102624-13-000405.txt
American Natural Energy Corp,0000870732,10-K,2013-04-01,edgar/data/870732/0001062993-13-001580.txt
NUMEREX CORP /PA/,0000870753,10-K,2013-04-02,edgar/data/870753/0001140361-13-015181.txt
"Applied Visual Sciences, Inc.",0000873198,10-K,2013-05-13,edgar/data/873198/0001349905-13-000007.txt
"Green Technology Solutions, Inc.",0000874792,10-K,2013-04-01,edgar/data/874792/0001144204-13-019098.txt
PACIFIC SUNWEAR OF CALIFORNIA INC,0000874841,10-K,2013-04-05,edgar/data/874841/0001193125-13-143855.txt
CORVEL CORP,0000874866,10-K,2013-06-10,edgar/data/874866/0001193125-13-253579.txt
"SafeStitch Medical, Inc.",0000876378,10-K,2013-04-01,edgar/data/876378/0001193125-13-135883.txt
MONRO MUFFLER BRAKE INC,0000876427,10-K,2013-05-29,edgar/data/876427/0001193125-13-239665.txt
SPARTAN STORES INC,0000877422,10-K,2013-05-23,edgar/data/877422/0001193125-13-233505.txt
BON TON STORES INC,0000878079,10-K,2013-04-17,edgar/data/878079/0001047469-13-004476.txt
NATUS MEDICAL INC,0000878526,10-K,2013-04-10,edgar/data/878526/0001193125-13-149244.txt
WIRELESS TELECOM GROUP INC,0000878828,10-K,2013-04-01,edgar/data/878828/0000930413-13-001973.txt
BOSTON CAPITAL TAX CREDIT FUND III L P,0000879555,10-K,2013-06-27,edgar/data/879555/0001144204-13-036886.txt
"Perfumania Holdings, Inc.",0000880460,10-K,2013-05-03,edgar/data/880460/0000880460-13-000014.txt
AMERICAN MEDIA INC,0000880555,10-K,2013-06-24,edgar/data/880555/0000880555-13-000017.txt
SCICLONE PHARMACEUTICALS INC,0000880771,10-K,2013-04-01,edgar/data/880771/0001193125-13-136952.txt
AMERICAN SUPERCONDUCTOR CORP /DE/,0000880807,10-K,2013-06-14,edgar/data/880807/0001193125-13-258762.txt
ABAXIS INC,0000881890,10-K,2013-06-14,edgar/data/881890/0001140361-13-025319.txt
"Pacific Ventures Group, Inc.",0000882800,10-K,2013-04-02,edgar/data/882800/0001548123-13-000120.txt
CHROMCRAFT REVINGTON INC,0000884130,10-K,2013-06-20,edgar/data/884130/0001140361-13-025856.txt
ASURE SOFTWARE INC,0000884144,10-K,2013-04-01,edgar/data/884144/0001185185-13-000740.txt
MENS WEARHOUSE INC,0000884217,10-K,2013-04-03,edgar/data/884217/0001047469-13-003877.txt
"Fona, Inc.",0000884363,10-K,2013-04-15,edgar/data/884363/0001553350-13-000061.txt
STEIN MART INC,0000884940,10-K,2013-05-03,edgar/data/884940/0001193125-13-199332.txt
BUCKLE INC,0000885245,10-K,2013-04-03,edgar/data/885245/0001157523-13-001668.txt
ANCHOR BANCORP WISCONSIN INC,0000885322,10-K,2013-05-28,edgar/data/885322/0001193125-13-236093.txt
"SimplePons, Inc.",0000885475,10-K,2013-04-16,edgar/data/885475/0001264931-13-000239.txt
AMERICAN LOCKER GROUP INC,0000008855,10-K,2013-04-01,edgar/data/8855/0001193125-13-136927.txt
FINISH LINE INC /IN/,0000886137,10-K,2013-04-29,edgar/data/886137/0001193125-13-182429.txt
BED BATH & BEYOND INC,0000886158,10-K,2013-04-30,edgar/data/886158/0001104659-13-035115.txt
E DIGITAL CORP,0000886328,10-K,2013-06-27,edgar/data/886328/0001019687-13-002479.txt
"'mktg, inc.'",0000886475,10-K,2013-06-24,edgar/data/886475/0001019056-13-000804.txt
KEMET CORP,0000887730,10-K,2013-06-06,edgar/data/887730/0001047469-13-006794.txt
MRV COMMUNICATIONS INC,0000887969,10-K,2013-04-02,edgar/data/887969/0000887969-13-000003.txt
LAYNE CHRISTENSEN CO,0000888504,10-K,2013-04-16,edgar/data/888504/0001157523-13-001805.txt
"Pathfinder Cell Therapy, Inc.",0000889428,10-K,2013-04-01,edgar/data/889428/0001213900-13-001529.txt
Seneca Foods Corp,0000088948,10-K,2013-05-23,edgar/data/88948/0000088948-13-000008.txt
EXA CORP,0000890264,10-K,2013-04-09,edgar/data/890264/0001193125-13-147360.txt
"PATTERSON COMPANIES, INC.",0000891024,10-K,2013-06-26,edgar/data/891024/0001193125-13-272374.txt
BOOKS A MILLION INC,0000891919,10-K,2013-04-19,edgar/data/891919/0001193125-13-162972.txt
SPORT CHALET INC,0000892907,10-K,2013-05-24,edgar/data/892907/0001437749-13-006632.txt
WNC CALIFORNIA HOUSING TAX CREDITS III LP,0000892997,10-K,2013-05-15,edgar/data/892997/0001493152-13-000924.txt
"HAWTHORN BANCSHARES, INC.",0000893847,10-K,2013-04-01,edgar/data/893847/0001193125-13-136104.txt
"Synthetic Biologics, Inc.",0000894158,10-K,2013-04-16,edgar/data/894158/0001144204-13-022048.txt
VISION SCIENCES INC /DE/,0000894237,10-K,2013-06-25,edgar/data/894237/0001437749-13-008017.txt
AEI NET LEASE INCOME & GROWTH FUND XX LIMITED PARTNERSHIP,0000894245,10-K,2013-04-01,edgar/data/894245/0001023458-13-000014.txt
AZZ INC,0000008947,10-K,2013-04-29,edgar/data/8947/0000008947-13-000092.txt
"Carlyle Gaming & Entertainment, Ltd.",0000894847,10-K,2013-06-14,edgar/data/894847/0001176256-13-000360.txt
INTEGRATED SURGICAL SYSTEMS INC,0000894871,10-K,2013-04-01,edgar/data/894871/0001144204-13-019273.txt
SHOE CARNIVAL INC,0000895447,10-K,2013-04-15,edgar/data/895447/0001174947-13-000180.txt
MAGNA LAB INC,0000895464,10-K,2013-06-12,edgar/data/895464/0001193805-13-001112.txt
ORCHARD SUPPLY HARDWARE STORES CORP,0000896842,10-K,2013-05-03,edgar/data/896842/0001193125-13-199400.txt
AMERICAN TAX CREDIT TRUST SERIES I,0000897315,10-K,2013-06-27,edgar/data/897315/0001096906-13-001081.txt
PEERLESS SYSTEMS CORP,0000897893,10-K,2013-04-29,edgar/data/897893/0001437749-13-004858.txt
OPTI INC,0000899297,10-K,2013-06-28,edgar/data/899297/0001387131-13-002415.txt
RIVIERA HOLDINGS CORP,0000899647,10-K,2013-04-01,edgar/data/899647/0001144204-13-019334.txt
PERRY ELLIS INTERNATIONAL INC,0000900349,10-K,2013-04-16,edgar/data/900349/0001193125-13-156951.txt
N-VIRO INTERNATIONAL CORP,0000904896,10-K,2013-04-16,edgar/data/904896/0000904896-13-000011.txt
Eco-Trade Corp.,0000905428,10-K,2013-04-16,edgar/data/905428/0001019687-13-001391.txt
INDEPENDENCE TAX CREDIT PLUS L P II,0000907045,10-K,2013-06-28,edgar/data/907045/0001144204-13-037263.txt
"Plures Technologies, Inc./DE",0000907686,10-K,2013-04-15,edgar/data/907686/0001144204-13-021798.txt
CAMPBELL STRATEGIC ALLOCATION FUND LP,0000910467,10-K,2013-04-01,edgar/data/910467/0000910467-13-000009.txt
RF MICRO DEVICES INC,0000911160,10-K,2013-05-24,edgar/data/911160/0000911160-13-000033.txt
CASELLA WASTE SYSTEMS INC,0000911177,10-K,2013-06-27,edgar/data/911177/0001193125-13-275023.txt
BOSTON FINANCIAL TAX CREDIT FUND VIII LP,0000911568,10-K,2013-06-28,edgar/data/911568/0000810663-13-000019.txt
STRATEGIC DIAGNOSTICS INC/DE/,0000911649,10-K,2013-04-15,edgar/data/911649/0001188112-13-001093.txt
NAVARRE CORP /MN/,0000911650,10-K,2013-05-29,edgar/data/911650/0001437749-13-006834.txt
GUESS INC,0000912463,10-K,2013-04-01,edgar/data/912463/0000912463-13-000006.txt
HOLLYWOOD MEDIA CORP,0000912544,10-K,2013-04-01,edgar/data/912544/0001144204-13-019314.txt
URBAN OUTFITTERS INC,0000912615,10-K,2013-04-01,edgar/data/912615/0001193125-13-136738.txt
WNC HOUSING TAX CREDIT FUND IV L P SERIES 1,0000913496,10-K,2013-06-07,edgar/data/913496/0001493152-13-001122.txt
WNC HOUSING TAX CREDIT FUND IV L P SERIES 2,0000913497,10-K,2013-06-18,edgar/data/913497/0001493152-13-001220.txt
SMITHFIELD FOODS INC,0000091388,10-K,2013-06-18,edgar/data/91388/0000091388-13-000040.txt
PLANTRONICS INC /CA/,0000914025,10-K,2013-05-24,edgar/data/914025/0000914025-13-000026.txt
MFRI INC,0000914122,10-K,2013-05-02,edgar/data/914122/0000914122-13-000022.txt
SMUCKER J M CO,0000091419,10-K,2013-06-21,edgar/data/91419/0001193125-13-266625.txt
DAKTRONICS INC /SD/,0000915779,10-K,2013-06-12,edgar/data/915779/0000915779-13-000026.txt
AROTECH CORP,0000916529,10-K,2013-04-01,edgar/data/916529/0001185185-13-000701.txt
SOLITRON DEVICES INC,0000091668,10-K,2013-05-15,edgar/data/91668/0001213900-13-002511.txt
HELEN OF TROY LTD,0000916789,10-K,2013-04-29,edgar/data/916789/0001104659-13-034243.txt
"Revolution Lighting Technologies, Inc.",0000917523,10-K,2013-04-16,edgar/data/917523/0001193125-13-156923.txt
MOTORCAR PARTS AMERICA INC,0000918251,10-K,2013-06-17,edgar/data/918251/0001140361-13-025425.txt
QLOGIC CORP,0000918386,10-K,2013-05-23,edgar/data/918386/0001193125-13-233611.txt
CASTLE GROUP INC,0000918543,10-K,2013-04-01,edgar/data/918543/0001548123-13-000100.txt
BALTIC INTERNATIONAL USA INC,0000918545,10-K,2013-04-16,edgar/data/918545/0000918545-13-000002.txt
EAGLE MATERIALS INC,0000918646,10-K,2013-05-24,edgar/data/918646/0001193125-13-235755.txt
INTERNATIONAL TEXTILE GROUP INC,0000918964,10-K,2013-04-01,edgar/data/918964/0001437749-13-003742.txt
MENDOCINO BREWING CO INC,0000919134,10-K,2013-04-01,edgar/data/919134/0001493152-13-000530.txt
TRANS ENERGY INC,0000919721,10-K,2013-04-16,edgar/data/919721/0001193125-13-156540.txt
BANK JOS A CLOTHIERS INC /DE/,0000920033,10-K,2013-04-03,edgar/data/920033/0000920033-13-000005.txt
LA JOLLA PHARMACEUTICAL CO,0000920465,10-K,2013-04-01,edgar/data/920465/0001193125-13-136913.txt
VIEWCAST COM INC,0000921313,10-K,2013-04-01,edgar/data/921313/0001193125-13-135855.txt
CONSOLIDATED GRAPHICS INC /TX/,0000921500,10-K,2013-05-28,edgar/data/921500/0001104659-13-044980.txt
BBX CAPITAL CORP,0000921768,10-K,2013-04-01,edgar/data/921768/0000921768-13-000004.txt
Lustros Inc.,0000922011,10-K,2013-04-16,edgar/data/922011/0001019687-13-001368.txt
ENOVA SYSTEMS INC,0000922237,10-K,2013-04-16,edgar/data/922237/0001415889-13-000765.txt
Unilava Corp,0000923168,10-K,2013-04-16,edgar/data/923168/0001199835-13-000184.txt
BKF CAPITAL GROUP INC,0000009235,10-K,2013-04-04,edgar/data/9235/0001144204-13-020080.txt
SINGING MACHINE CO INC,0000923601,10-K,2013-06-28,edgar/data/923601/0001144204-13-037118.txt
MACC PEI LIQUIDATING TRUST,0000923808,10-K,2013-04-22,edgar/data/923808/0000922907-13-000209.txt
DIGITAL ANGEL CORP,0000924642,10-K,2013-06-28,edgar/data/924642/0001437749-13-008199.txt
SMITH MIDLAND CORP,0000924719,10-K,2013-04-01,edgar/data/924719/0000924719-13-000003.txt
FLEXPOINT SENSOR SYSTEMS INC,0000925660,10-K,2013-04-16,edgar/data/925660/0001548123-13-000138.txt
"PROVIDENT COMMUNITY BANCSHARES, INC.",0000926164,10-K,2013-04-01,edgar/data/926164/0001157523-13-001643.txt
MITCHAM INDUSTRIES INC,0000926423,10-K,2013-04-04,edgar/data/926423/0001193125-13-142186.txt
NATIONAL PROPERTY ANALYSTS MASTER LIMITED PARTNERSHIP,0000926843,10-K,2013-04-01,edgar/data/926843/0001144204-13-019046.txt
TESSCO TECHNOLOGIES INC,0000927355,10-K,2013-05-29,edgar/data/927355/0000927355-13-000005.txt
Parabel Inc.,0000927472,10-K,2013-04-01,edgar/data/927472/0001437749-13-003802.txt
MCKESSON CORP,0000927653,10-K,2013-05-07,edgar/data/927653/0001561787-13-000010.txt
SPANISH BROADCASTING SYSTEM INC,0000927720,10-K,2013-04-01,edgar/data/927720/0001193125-13-136828.txt
LIONS GATE ENTERTAINMENT CORP /CN/,0000929351,10-K,2013-05-30,edgar/data/929351/0000929351-13-000030.txt
ALL AMERICAN SPORTPARK INC,0000930245,10-K,2013-04-01,edgar/data/930245/0001263279-13-000011.txt
ENCISION INC,0000930775,10-K,2013-06-28,edgar/data/930775/0001104659-13-052128.txt
"CollabRx, Inc.",0000931059,10-K,2013-06-27,edgar/data/931059/0001140361-13-026490.txt
AEI INCOME & GROWTH FUND XXI LTD PARTNERSHIP,0000931755,10-K,2013-04-01,edgar/data/931755/0001023458-13-000004.txt
"GlyEco, Inc.",0000931799,10-K,2013-04-16,edgar/data/931799/0001185185-13-000856.txt
"LIVING 3D HOLDINGS, INC.",0000093205,10-K,2013-04-15,edgar/data/93205/0000939798-13-000024.txt
VOLITIONRX LTD,0000093314,10-K,2013-04-01,edgar/data/93314/0001078782-13-000597.txt
COMMUNITY BANK SHARES OF INDIANA INC,0000933590,10-K,2013-04-01,edgar/data/933590/0001144204-13-018869.txt
ENGLOBAL CORP,0000933738,10-K,2013-04-15,edgar/data/933738/0001185185-13-000838.txt
VERSATECH USA,0000933954,10-K,2013-05-13,edgar/data/933954/0001019056-13-000610.txt
"POWERVERDE, INC.",0000933972,10-K,2013-05-16,edgar/data/933972/0001019056-13-000657.txt
ACL SEMICONDUCTORS INC,0000934445,10-K,2013-04-16,edgar/data/934445/0001144204-13-022295.txt
NETWORK CN INC,0000934796,10-K,2013-05-10,edgar/data/934796/0001214659-13-002623.txt
"ALLIANCE ONE INTERNATIONAL, INC.",0000939930,10-K,2013-06-17,edgar/data/939930/0000939930-13-000034.txt
GENELINK INC,0000941020,10-K,2013-04-01,edgar/data/941020/0001144204-13-018803.txt
IMAGEWARE SYSTEMS INC,0000941685,10-K,2013-04-01,edgar/data/941685/0001415889-13-000584.txt
TAITRON COMPONENTS INC,0000942126,10-K,2013-04-01,edgar/data/942126/0001185185-13-000743.txt
TN-K ENERGY GROUP INC.,0000942650,10-K,2013-04-15,edgar/data/942650/0001437749-13-004447.txt
FNBH BANCORP INC,0000943119,10-K,2013-04-01,edgar/data/943119/0001144204-13-019135.txt
"Ever-Glory International Group, Inc.",0000943184,10-K,2013-04-16,edgar/data/943184/0001213900-13-001867.txt
"WORLD HEALTH ENERGY HOLDINGS, INC.",0000943535,10-K,2013-04-16,edgar/data/943535/0001493152-13-000687.txt
DAVE & BUSTERS INC,0000943823,10-K,2013-04-16,edgar/data/943823/0001193125-13-156522.txt
WNC HOUSING TAX CREDIT FUND V LP SERIES 3,0000943904,10-K,2013-05-15,edgar/data/943904/0001493152-13-000920.txt
"SOCKET MOBILE, INC.",0000944075,10-K,2013-04-15,edgar/data/944075/0000944075-13-000018.txt
UNITED BANCSHARES INC /PA,0000944792,10-K,2013-05-10,edgar/data/944792/0001445866-13-000520.txt
CICERO INC,0000945384,10-K,2013-04-15,edgar/data/945384/0001354488-13-001970.txt
NATUREWELL INC,0000945617,10-K,2013-04-18,edgar/data/945617/0001391609-13-000273.txt
IXYS CORP /DE/,0000945699,10-K,2013-06-14,edgar/data/945699/0001193125-13-258469.txt
FIRST MARINER BANCORP,0000946090,10-K,2013-04-01,edgar/data/946090/0001047469-13-003681.txt
RETRACTABLE TECHNOLOGIES INC,0000946563,10-K,2013-04-01,edgar/data/946563/0001104659-13-026195.txt
TAKE TWO INTERACTIVE SOFTWARE INC,0000946581,10-K,2013-05-14,edgar/data/946581/0001047469-13-006006.txt
"Trucept, Inc.",0000947011,10-K,2013-04-15,edgar/data/947011/0001062993-13-001899.txt
ALSERES PHARMACEUTICALS INC /DE,0000094784,10-K,2013-04-01,edgar/data/94784/0001193125-13-136073.txt
BIRNER DENTAL MANAGEMENT SERVICES INC,0000948072,10-K,2013-04-01,edgar/data/948072/0001140361-13-014782.txt
COATES INTERNATIONAL LTD \DE\,0000948426,10-K,2013-04-16,edgar/data/948426/0001354488-13-002010.txt
Brooklyn Cheesecake & Desert Com,0000949721,10-K,2013-04-03,edgar/data/949721/0001019056-13-000474.txt
INCOME OPPORTUNITY REALTY INVESTORS INC /TX/,0000949961,10-K,2013-04-16,edgar/data/949961/0001010549-13-000257.txt
AMERICAN COMMERCE SOLUTIONS Inc,0000949982,10-K,2013-06-10,edgar/data/949982/0001477932-13-002864.txt
SUPERVALU INC,0000095521,10-K,2013-04-24,edgar/data/95521/0001193125-13-170724.txt
"SOLAR WIND ENERGY TOWER, INC.",0000095572,10-K,2013-04-01,edgar/data/95572/0001019687-13-001131.txt
TEL OFFSHORE TRUST,0000097148,10-K,2013-04-01,edgar/data/97148/0001047469-13-003754.txt
TIDEWATER INC,0000098222,10-K,2013-05-21,edgar/data/98222/0001193125-13-229622.txt
TRANSCAT INC,0000099302,10-K,2013-06-26,edgar/data/99302/0001171843-13-002603.txt
BREEZE-EASTERN CORP,0000099359,10-K,2013-06-06,edgar/data/99359/0001193125-13-249740.txt
