Company Name,CIK,Form Type,Date Filed,Filename
MEDALLION FINANCIAL CORP,0001000209,10-K,2019-03-13,edgar/data/1000209/0001193125-19-073307.txt
HENRY SCHEIN INC,0001000228,10-K,2019-02-20,edgar/data/1000228/0001000228-19-000015.txt
CORE LABORATORIES N V,0001000229,10-K,2019-02-11,edgar/data/1000229/0001000229-19-000021.txt
KENTUCKY BANCSHARES INC /KY/,0001000232,10-K,2019-03-15,edgar/data/1000232/0001558370-19-002105.txt
IMPAC MORTGAGE HOLDINGS INC,0001000298,10-K,2019-03-15,edgar/data/1000298/0001558370-19-002167.txt
SCHWEITZER MAUDUIT INTERNATIONAL INC,0001000623,10-K,2019-03-01,edgar/data/1000623/0001000623-19-000048.txt
NOVAVAX INC,0001000694,10-K,2019-03-18,edgar/data/1000694/0001144204-19-014640.txt
WATERS CORP /DE/,0001000697,10-K,2019-02-26,edgar/data/1000697/0001193125-19-051872.txt
"INSPERITY, INC.",0001000753,10-K,2019-02-11,edgar/data/1000753/0001000753-19-000007.txt
DISH Network CORP,0001001082,10-K,2019-02-13,edgar/data/1001082/0001558370-19-000607.txt
BROADWAY FINANCIAL CORP \DE\,0001001171,10-K,2019-03-29,edgar/data/1001171/0001047469-19-001784.txt
TUCSON ELECTRIC POWER CO,0000100122,10-K,2019-02-15,edgar/data/100122/0000100122-19-000004.txt
"SANGAMO THERAPEUTICS, INC",0001001233,10-K,2019-03-01,edgar/data/1001233/0001564590-19-005808.txt
"TG THERAPEUTICS, INC.",0001001316,10-K,2019-03-01,edgar/data/1001316/0001654954-19-002189.txt
NORTHWEST PIPE CO,0001001385,10-K,2019-03-15,edgar/data/1001385/0001437749-19-005087.txt
TENGASCO INC,0001001614,10-K,2019-03-28,edgar/data/1001614/0001567619-19-007789.txt
SOUTHERN COPPER CORP/,0001001838,10-K,2019-03-01,edgar/data/1001838/0001047469-19-000845.txt
INTEVAC INC,0001001902,10-K,2019-02-13,edgar/data/1001902/0001193125-19-037939.txt
AMEREN CORP,0001002910,10-K,2019-02-26,edgar/data/1002910/0001002910-19-000094.txt
"MMA Capital Holdings, Inc.",0001003201,10-K,2019-03-14,edgar/data/1003201/0001558370-19-001956.txt
DUKE REALTY LIMITED PARTNERSHIP/,0001003410,10-K,2019-02-22,edgar/data/1003410/0000783280-19-000010.txt
AMERICAN EXPRESS CREDIT ACCOUNT MASTER TRUST,0001003509,10-K,2019-03-25,edgar/data/1003509/0001193125-19-085443.txt
BCTC IV ASSIGNOR CORP,0001003815,10-K,2019-03-04,edgar/data/1003815/0001003815-19-000002.txt
TANGER PROPERTIES LTD PARTNERSHIP /NC/,0001004036,10-K,2019-02-21,edgar/data/1004036/0000899715-19-000060.txt
SOUTHERN Co GAS,0001004155,10-K,2019-02-20,edgar/data/1004155/0000092122-19-000006.txt
"AFFILIATED MANAGERS GROUP, INC.",0001004434,10-K,2019-02-22,edgar/data/1004434/0001004434-19-000008.txt
OCEANFIRST FINANCIAL CORP,0001004702,10-K,2019-03-18,edgar/data/1004702/0001004702-19-000076.txt
PG&E Corp,0001004980,10-K,2019-02-28,edgar/data/1004980/0001004980-19-000004.txt
"GRAPHIC PACKAGING INTERNATIONAL, LLC",0001005011,10-K,2019-02-13,edgar/data/1005011/0001005011-19-000004.txt
"United Continental Holdings, Inc.",0000100517,10-K,2019-02-28,edgar/data/100517/0000100517-19-000009.txt
"Assertio Therapeutics, Inc",0001005201,10-K,2019-03-11,edgar/data/1005201/0001005201-19-000040.txt
UNIVERSAL DISPLAY CORP \PA\,0001005284,10-K,2019-02-21,edgar/data/1005284/0001564590-19-003665.txt
DIME COMMUNITY BANCSHARES INC,0001005409,10-K,2019-03-14,edgar/data/1005409/0001140361-19-004954.txt
CSG SYSTEMS INTERNATIONAL INC,0001005757,10-K,2019-02-22,edgar/data/1005757/0001564590-19-003884.txt
TOMPKINS FINANCIAL CORP,0001005817,10-K,2019-03-01,edgar/data/1005817/0001005817-19-000003.txt
IRIDEX CORP,0001006045,10-K,2019-03-29,edgar/data/1006045/0001564590-19-010196.txt
LORAL SPACE & COMMUNICATIONS INC.,0001006269,10-K,2019-03-18,edgar/data/1006269/0001558370-19-002187.txt
"Protalix BioTherapeutics, Inc.",0001006281,10-K,2019-03-18,edgar/data/1006281/0001144204-19-014464.txt
"HC2 HOLDINGS, INC.",0001006837,10-K,2019-03-12,edgar/data/1006837/0001006837-19-000018.txt
COFFEE HOLDING CO INC,0001007019,10-K,2019-01-29,edgar/data/1007019/0001493152-19-001104.txt
BANK OF SOUTH CAROLINA CORP,0001007273,10-K,2019-03-04,edgar/data/1007273/0001387131-19-001670.txt
"PRGX GLOBAL, INC.",0001007330,10-K,2019-03-18,edgar/data/1007330/0001007330-19-000004.txt
KVH INDUSTRIES INC \DE\,0001007587,10-K,2019-03-01,edgar/data/1007587/0001007587-19-000007.txt
UNION CARBIDE CORP /NEW/,0000100790,10-K,2019-02-11,edgar/data/100790/0000029915-19-000004.txt
UNION ELECTRIC CO,0000100826,10-K,2019-02-26,edgar/data/100826/0001002910-19-000094.txt
HIGHLANDS BANKSHARES INC /VA/,0001008579,10-K,2019-03-28,edgar/data/1008579/0001008579-19-000007.txt
TUPPERWARE BRANDS CORP,0001008654,10-K,2019-02-26,edgar/data/1008654/0001008654-19-000013.txt
ACORDA THERAPEUTICS INC,0001008848,10-K,2019-02-27,edgar/data/1008848/0001564590-19-004986.txt
UNION PACIFIC CORP,0000100885,10-K,2019-02-08,edgar/data/100885/0000100885-19-000060.txt
CARBO CERAMICS INC,0001009672,10-K,2019-02-28,edgar/data/1009672/0001564590-19-005345.txt
JAKKS PACIFIC INC,0001009829,10-K,2019-03-18,edgar/data/1009829/0001628280-19-003040.txt
SIGA TECHNOLOGIES INC,0001010086,10-K,2019-03-06,edgar/data/1010086/0001010086-19-000007.txt
SYKES ENTERPRISES INC,0001010612,10-K,2019-02-26,edgar/data/1010612/0001564590-19-004457.txt
"CYNERGISTEK, INC",0001011432,10-K,2019-03-27,edgar/data/1011432/0001445866-19-000298.txt
"Medical Information Technology, Inc.",0001011452,10-K,2019-01-31,edgar/data/1011452/0001011452-19-000002.txt
Golden Minerals Co,0001011509,10-K,2019-02-28,edgar/data/1011509/0001558370-19-001218.txt
KNOLL INC,0001011570,10-K,2019-02-26,edgar/data/1011570/0001011570-19-000009.txt
MUFG Americas Holdings Corp,0001011659,10-K,2019-02-28,edgar/data/1011659/0001628280-19-002156.txt
UNITED FIRE GROUP INC,0000101199,10-K,2019-02-28,edgar/data/101199/0000101199-19-000040.txt
RUSH ENTERPRISES INC \TX\,0001012019,10-K,2019-02-25,edgar/data/1012019/0001437749-19-003282.txt
SEALED AIR CORP/DE,0001012100,10-K,2019-02-19,edgar/data/1012100/0001628280-19-001538.txt
AVADEL PHARMACEUTICALS PLC,0001012477,10-K,2019-03-15,edgar/data/1012477/0001012477-19-000002.txt
GENESEE & WYOMING INC,0001012620,10-K,2019-02-26,edgar/data/1012620/0001012620-19-000004.txt
FBL FINANCIAL GROUP INC,0001012771,10-K,2019-02-27,edgar/data/1012771/0001012771-19-000008.txt
UNITED GUARDIAN INC,0000101295,10-K,2019-03-21,edgar/data/101295/0001171843-19-001878.txt
NORWOOD FINANCIAL CORP,0001013272,10-K,2019-03-14,edgar/data/1013272/0000946275-19-000014.txt
ANSYS INC,0001013462,10-K,2019-02-28,edgar/data/1013462/0001013462-19-000003.txt
BJs RESTAURANTS INC,0001013488,10-K,2019-02-26,edgar/data/1013488/0001564590-19-004224.txt
"Wilhelmina International, Inc.",0001013706,10-K,2019-03-20,edgar/data/1013706/0001171843-19-001849.txt
UMB FINANCIAL CORP,0000101382,10-K,2019-03-01,edgar/data/101382/0001564590-19-005761.txt
PEGASYSTEMS INC,0001013857,10-K,2019-02-20,edgar/data/1013857/0001013857-19-000005.txt
"NRG ENERGY, INC.",0001013871,10-K,2019-02-28,edgar/data/1013871/0001013871-19-000007.txt
"TTEC Holdings, Inc.",0001013880,10-K,2019-03-06,edgar/data/1013880/0001558370-19-001597.txt
"Strategic Education, Inc.",0001013934,10-K,2019-03-01,edgar/data/1013934/0001558370-19-001422.txt
VERISIGN INC/CA,0001014473,10-K,2019-02-15,edgar/data/1014473/0001014473-19-000005.txt
"BioScrip, Inc.",0001014739,10-K,2019-03-15,edgar/data/1014739/0001014739-19-000012.txt
WINTRUST FINANCIAL CORP,0001015328,10-K,2019-02-28,edgar/data/1015328/0001015328-19-000055.txt
AWARE INC /MA/,0001015739,10-K,2019-02-19,edgar/data/1015739/0001144204-19-008788.txt
E TRADE FINANCIAL CORP,0001015780,10-K,2019-02-20,edgar/data/1015780/0001015780-19-000060.txt
ULTIMATE SOFTWARE GROUP INC,0001016125,10-K,2019-03-01,edgar/data/1016125/0001016125-19-000041.txt
"ANTARES PHARMA, INC.",0001016169,10-K,2019-03-12,edgar/data/1016169/0001564590-19-007398.txt
CARRIAGE SERVICES INC,0001016281,10-K,2019-02-28,edgar/data/1016281/0001016281-19-000042.txt
TRANSACT TECHNOLOGIES INC,0001017303,10-K,2019-03-18,edgar/data/1017303/0001017303-19-000020.txt
"SEELOS THERAPEUTICS, INC.",0001017491,10-K,2019-03-28,edgar/data/1017491/0001136261-19-000121.txt
DOVER MOTORSPORTS INC,0001017673,10-K,2019-03-01,edgar/data/1017673/0001104659-19-011995.txt
MARATHON OIL CORP,0000101778,10-K,2019-02-21,edgar/data/101778/0000101778-19-000022.txt
WILLIS LEASE FINANCE CORP,0001018164,10-K,2019-03-14,edgar/data/1018164/0001558370-19-002025.txt
UNITED DOMINION REALTY L P,0001018254,10-K,2019-02-19,edgar/data/1018254/0000074208-19-000028.txt
UNITED TECHNOLOGIES CORP /DE/,0000101829,10-K,2019-02-07,edgar/data/101829/0000101829-19-000007.txt
ENTERPRISE BANCORP INC /MA/,0001018399,10-K,2019-03-13,edgar/data/1018399/0001018399-19-000012.txt
AMAZON COM INC,0001018724,10-K,2019-02-01,edgar/data/1018724/0001018724-19-000004.txt
ALLEGHENY TECHNOLOGIES INC,0001018963,10-K,2019-02-28,edgar/data/1018963/0001018963-19-000007.txt
AMERISAFE INC,0001018979,10-K,2019-02-28,edgar/data/1018979/0001564590-19-005456.txt
ARQULE INC,0001019695,10-K,2019-03-07,edgar/data/1019695/0001144204-19-012700.txt
NAVIGANT CONSULTING INC,0001019737,10-K,2019-02-28,edgar/data/1019737/0001564590-19-005539.txt
PURADYN FILTER TECHNOLOGIES INC,0001019787,10-K,2019-03-26,edgar/data/1019787/0001553350-19-000248.txt
"PENSKE AUTOMOTIVE GROUP, INC.",0001019849,10-K,2019-02-22,edgar/data/1019849/0001558370-19-000917.txt
UNIVERSAL ELECTRONICS INC,0000101984,10-K,2019-03-15,edgar/data/101984/0000101984-19-000012.txt
CERUS CORP,0001020214,10-K,2019-02-27,edgar/data/1020214/0001564590-19-004542.txt
IRON MOUNTAIN INC,0001020569,10-K,2019-02-14,edgar/data/1020569/0001020569-19-000018.txt
DXP ENTERPRISES INC,0001020710,10-K,2019-03-08,edgar/data/1020710/0001020710-19-000023.txt
FAMOUS DAVES OF AMERICA INC,0001021270,10-K,2019-03-04,edgar/data/1021270/0001021270-19-000010.txt
NU SKIN ENTERPRISES INC,0001021561,10-K,2019-02-14,edgar/data/1021561/0001140361-19-003087.txt
ON TRACK INNOVATIONS LTD,0001021604,10-K,2019-03-25,edgar/data/1021604/0001213900-19-004756.txt
OGE ENERGY CORP.,0001021635,10-K,2019-02-21,edgar/data/1021635/0001021635-19-000015.txt
NATIONAL OILWELL VARCO INC,0001021860,10-K,2019-02-14,edgar/data/1021860/0001564590-19-002967.txt
QUEST DIAGNOSTICS INC,0001022079,10-K,2019-02-21,edgar/data/1022079/0001022079-19-000030.txt
UNIVEST FINANCIAL Corp,0000102212,10-K,2019-02-28,edgar/data/102212/0000102212-19-000009.txt
GENESIS ENERGY LP,0001022321,10-K,2019-02-28,edgar/data/1022321/0001022321-19-000029.txt
SIMON PROPERTY GROUP L P /DE/,0001022344,10-K,2019-02-22,edgar/data/1022344/0001558370-19-000875.txt
ULTRA PETROLEUM CORP,0001022646,10-K,2019-03-08,edgar/data/1022646/0001564590-19-006848.txt
INSEEGO CORP.,0001022652,10-K,2019-03-12,edgar/data/1022652/0001022652-19-000012.txt
STEEL DYNAMICS INC,0001022671,10-K,2019-02-27,edgar/data/1022671/0001144204-19-010579.txt
"Protagenic Therapeutics, Inc.\new",0001022899,10-K,2019-03-29,edgar/data/1022899/0001493152-19-004288.txt
ANI PHARMACEUTICALS INC,0001023024,10-K,2019-02-27,edgar/data/1023024/0001144204-19-010541.txt
LITHIA MOTORS INC,0001023128,10-K,2019-02-25,edgar/data/1023128/0001023128-19-000042.txt
"FORRESTER RESEARCH, INC.",0001023313,10-K,2019-03-08,edgar/data/1023313/0001564590-19-006987.txt
"AutoWeb, Inc.",0001023364,10-K,2019-03-07,edgar/data/1023364/0001654954-19-002411.txt
AEI INCOME & GROWTH FUND XXII LTD PARTNERSHIP,0001023458,10-K,2019-03-29,edgar/data/1023458/0001326321-19-000012.txt
STEWARDSHIP FINANCIAL CORP,0001023860,10-K,2019-03-15,edgar/data/1023860/0001023860-19-000006.txt
"SG BLOCKS, INC.",0001023994,10-K,2019-03-29,edgar/data/1023994/0001213900-19-005149.txt
TENNECO INC,0001024725,10-K,2019-03-18,edgar/data/1024725/0001024725-19-000004.txt
SUN HYDRAULICS CORP,0001024795,10-K,2019-02-26,edgar/data/1024795/0001564590-19-004297.txt
GOLDEN QUEEN MINING CO LTD,0001025362,10-K,2019-03-25,edgar/data/1025362/0001279569-19-000695.txt
W. P. Carey Inc.,0001025378,10-K,2019-02-25,edgar/data/1025378/0001025378-19-000008.txt
EARTHSTONE ENERGY INC,0000010254,10-K,2019-03-12,edgar/data/10254/0000010254-19-000038.txt
CHASE PACKAGING CORP,0001025771,10-K,2019-03-26,edgar/data/1025771/0001477932-19-001186.txt
ENTERPRISE FINANCIAL SERVICES CORP,0001025835,10-K,2019-02-22,edgar/data/1025835/0001025835-19-000033.txt
"NOVATION COMPANIES, INC.",0001025953,10-K,2019-03-28,edgar/data/1025953/0001437749-19-005938.txt
KILROY REALTY CORP,0001025996,10-K,2019-02-15,edgar/data/1025996/0001025996-19-000051.txt
FEDERAL HOME LOAN MORTGAGE CORP,0001026214,10-K,2019-02-14,edgar/data/1026214/0001026214-19-000020.txt
CORE MOLDING TECHNOLOGIES INC,0001026655,10-K,2019-03-18,edgar/data/1026655/0001026655-19-000012.txt
VALMONT INDUSTRIES INC,0000102729,10-K,2019-02-27,edgar/data/102729/0000102729-19-000003.txt
VSE CORP,0000102752,10-K,2019-03-07,edgar/data/102752/0000102752-19-000013.txt
TACTILE SYSTEMS TECHNOLOGY INC,0001027838,10-K,2019-02-28,edgar/data/1027838/0001558370-19-001320.txt
PACIFIC PREMIER BANCORP INC,0001028918,10-K,2019-03-01,edgar/data/1028918/0001028918-19-000027.txt
SB ONE BANCORP,0001028954,10-K,2019-03-18,edgar/data/1028954/0001028954-19-000004.txt
"Sun BioPharma, Inc.",0001029125,10-K,2019-03-22,edgar/data/1029125/0001437749-19-005461.txt
DYNAVAX TECHNOLOGIES CORP,0001029142,10-K,2019-02-27,edgar/data/1029142/0001564590-19-004888.txt
EURONET WORLDWIDE INC,0001029199,10-K,2019-02-28,edgar/data/1029199/0001029199-19-000004.txt
LADENBURG THALMANN FINANCIAL SERVICES INC.,0001029730,10-K,2019-03-15,edgar/data/1029730/0001029730-19-000004.txt
SONIC FOUNDRY INC,0001029744,10-K,2019-03-15,edgar/data/1029744/0001029744-19-000038.txt
URSTADT BIDDLE PROPERTIES INC,0001029800,10-K,2019-01-11,edgar/data/1029800/0001029800-19-000008.txt
HILLMAN COMPANIES INC,0001029831,10-K,2019-03-28,edgar/data/1029831/0001029831-19-000012.txt
OFG BANCORP,0001030469,10-K,2019-03-08,edgar/data/1030469/0001562762-19-000078.txt
"SILVER BULL RESOURCES, INC.",0001031093,10-K,2019-01-16,edgar/data/1031093/0001079973-19-000022.txt
GROUP 1 AUTOMOTIVE INC,0001031203,10-K,2019-02-19,edgar/data/1031203/0001031203-19-000007.txt
FIRSTENERGY CORP,0001031296,10-K,2019-02-19,edgar/data/1031296/0001031296-19-000010.txt
FRANKLIN STREET PROPERTIES CORP /MA/,0001031316,10-K,2019-02-12,edgar/data/1031316/0001558370-19-000594.txt
VEECO INSTRUMENTS INC,0000103145,10-K,2019-02-25,edgar/data/103145/0001558370-19-000983.txt
GULF ISLAND FABRICATION INC,0001031623,10-K,2019-03-01,edgar/data/1031623/0001031623-19-000008.txt
SLM Corp,0001032033,10-K,2019-02-28,edgar/data/1032033/0001628280-19-002283.txt
SEMPRA ENERGY,0001032208,10-K,2019-02-26,edgar/data/1032208/0000086521-19-000014.txt
BASSETT FURNITURE INDUSTRIES INC,0000010329,10-K,2019-01-17,edgar/data/10329/0001437749-19-000960.txt
FLAGSTAR BANCORP INC,0001033012,10-K,2019-02-28,edgar/data/1033012/0001033012-19-000033.txt
FIRST INDUSTRIAL LP,0001033128,10-K,2019-02-20,edgar/data/1033128/0000921825-19-000003.txt
LUMINEX CORP,0001033905,10-K,2019-02-26,edgar/data/1033905/0001033905-19-000010.txt
SBA COMMUNICATIONS CORP,0001034054,10-K,2019-02-28,edgar/data/1034054/0001034054-19-000002.txt
ICAHN ENTERPRISES HOLDINGS L.P.,0001034563,10-K,2019-03-01,edgar/data/1034563/0000813762-19-000006.txt
OMNICOMM SYSTEMS INC,0001034592,10-K,2019-03-28,edgar/data/1034592/0001437749-19-005932.txt
BAY BANKS OF VIRGINIA INC,0001034594,10-K,2019-03-08,edgar/data/1034594/0001564590-19-006941.txt
AUTOLIV INC,0001034670,10-K,2019-02-21,edgar/data/1034670/0001564590-19-003571.txt
WIDEPOINT CORP,0001034760,10-K,2019-03-22,edgar/data/1034760/0001654954-19-003090.txt
RIGEL PHARMACEUTICALS INC,0001034842,10-K,2019-02-28,edgar/data/1034842/0001558370-19-001310.txt
VALERO ENERGY CORP/TX,0001035002,10-K,2019-02-28,edgar/data/1035002/0001035002-19-000008.txt
SHORE BANCSHARES INC,0001035092,10-K,2019-03-15,edgar/data/1035092/0001144204-19-014134.txt
CALIFORNIA WATER SERVICE GROUP,0001035201,10-K,2019-02-28,edgar/data/1035201/0001035201-19-000003.txt
SOUTH JERSEY GAS Co,0001035216,10-K,2019-02-28,edgar/data/1035216/0000091928-19-000032.txt
INTUITIVE SURGICAL INC,0001035267,10-K,2019-02-04,edgar/data/1035267/0001035267-19-000012.txt
"Eloxx Pharmaceuticals, Inc.",0001035354,10-K,2019-03-14,edgar/data/1035354/0001564590-19-007811.txt
ALEXANDRIA REAL ESTATE EQUITIES INC,0001035443,10-K,2019-02-05,edgar/data/1035443/0001035443-19-000041.txt
SELECT MEDICAL CORP,0001035688,10-K,2019-02-21,edgar/data/1035688/0001628280-19-001659.txt
"FNCB Bancorp, Inc.",0001035976,10-K,2019-03-08,edgar/data/1035976/0001437749-19-004460.txt
COMFORT SYSTEMS USA INC,0001035983,10-K,2019-02-21,edgar/data/1035983/0001558370-19-000857.txt
"Identiv, Inc.",0001036044,10-K,2019-03-15,edgar/data/1036044/0001564590-19-008048.txt
INTEST CORP,0001036262,10-K,2019-03-26,edgar/data/1036262/0001437749-19-005715.txt
VIRGINIA ELECTRIC & POWER CO,0000103682,10-K,2019-02-28,edgar/data/103682/0001193125-19-057924.txt
AEROCENTURY CORP,0001036848,10-K,2019-03-19,edgar/data/1036848/0001036848-19-000005.txt
NII HOLDINGS INC,0001037016,10-K,2019-03-18,edgar/data/1037016/0001037016-19-000008.txt
VISHAY INTERTECHNOLOGY INC,0000103730,10-K,2019-02-15,edgar/data/103730/0000103730-19-000008.txt
"GRIFFIN INDUSTRIAL REALTY, INC.",0001037390,10-K,2019-02-12,edgar/data/1037390/0001558370-19-000568.txt
BOSTON PROPERTIES INC,0001037540,10-K,2019-02-28,edgar/data/1037540/0001656423-19-000006.txt
METTLER TOLEDO INTERNATIONAL INC/,0001037646,10-K,2019-02-08,edgar/data/1037646/0001037646-19-000010.txt
ARCH COAL INC,0001037676,10-K,2019-02-14,edgar/data/1037676/0001628280-19-001406.txt
AMETEK INC/,0001037868,10-K,2019-02-21,edgar/data/1037868/0001193125-19-046947.txt
JONES LANG LASALLE INC,0001037976,10-K,2019-02-26,edgar/data/1037976/0001037976-19-000008.txt
SILICON LABORATORIES INC,0001038074,10-K,2019-01-30,edgar/data/1038074/0001047469-19-000300.txt
HESKA CORP,0001038133,10-K,2019-03-07,edgar/data/1038133/0001038133-19-000015.txt
INTERNATIONAL ISOTOPES INC,0001038277,10-K,2019-03-19,edgar/data/1038277/0001515971-19-000029.txt
PIONEER NATURAL RESOURCES CO,0001038357,10-K,2019-02-26,edgar/data/1038357/0001038357-19-000010.txt
PRUCO LIFE INSURANCE OF NEW JERSEY,0001038509,10-K,2019-03-07,edgar/data/1038509/0001038509-19-000005.txt
"VOLT INFORMATION SCIENCES, INC.",0000103872,10-K,2019-01-09,edgar/data/103872/0000103872-19-000012.txt
SMARTFINANCIAL INC.,0001038773,10-K,2019-03-18,edgar/data/1038773/0001038773-19-000006.txt
"L3 TECHNOLOGIES, INC.",0001039101,10-K,2019-02-21,edgar/data/1039101/0001039101-19-000005.txt
FORMFACTOR INC,0001039399,10-K,2019-02-26,edgar/data/1039399/0001039399-19-000010.txt
XSUNX INC,0001039466,10-K,2019-01-07,edgar/data/1039466/0001185185-19-000013.txt
ONEOK INC /NEW/,0001039684,10-K,2019-02-26,edgar/data/1039684/0001039684-19-000016.txt
AMERICAN EQUITY INVESTMENT LIFE HOLDING CO,0001039828,10-K,2019-02-22,edgar/data/1039828/0001039828-19-000009.txt
"PIXELWORKS, INC",0001040161,10-K,2019-03-13,edgar/data/1040161/0001040161-19-000008.txt
CARRIZO OIL & GAS INC,0001040593,10-K,2019-03-01,edgar/data/1040593/0001040593-19-000009.txt
VORNADO REALTY LP,0001040765,10-K,2019-02-11,edgar/data/1040765/0000899689-19-000010.txt
"Ryman Hospitality Properties, Inc.",0001040829,10-K,2019-02-26,edgar/data/1040829/0001558370-19-001107.txt
"Intellicheck, Inc.",0001040896,10-K,2019-03-21,edgar/data/1040896/0001493152-19-003707.txt
SL GREEN REALTY CORP,0001040971,10-K,2019-02-27,edgar/data/1040971/0001040971-19-000007.txt
"ROCKWELL MEDICAL, INC.",0001041024,10-K,2019-03-18,edgar/data/1041024/0001558370-19-002200.txt
YUM BRANDS INC,0001041061,10-K,2019-02-21,edgar/data/1041061/0001041061-19-000010.txt
HOPFED BANCORP INC,0001041550,10-K,2019-03-18,edgar/data/1041550/0001193125-19-078126.txt
ACCESS-POWER INC,0001041588,10-K,2019-01-08,edgar/data/1041588/0001041588-19-000001.txt
"URBAN ONE, INC.",0001041657,10-K,2019-03-18,edgar/data/1041657/0001144204-19-014649.txt
Walmart Inc.,0000104169,10-K,2019-03-28,edgar/data/104169/0000104169-19-000016.txt
"Childrens Place, Inc.",0001041859,10-K,2019-03-21,edgar/data/1041859/0001628280-19-003243.txt
AMERICAN FINANCIAL GROUP INC,0001042046,10-K,2019-02-26,edgar/data/1042046/0001042046-19-000014.txt
"CymaBay Therapeutics, Inc.",0001042074,10-K,2019-02-28,edgar/data/1042074/0001564590-19-005435.txt
"HedgePath Pharmaceuticals, Inc.",0001042418,10-K,2019-03-07,edgar/data/1042418/0001193125-19-066503.txt
DISH DBS CORP,0001042642,10-K,2019-03-07,edgar/data/1042642/0001558370-19-001667.txt
MERCANTILE BANK CORP,0001042729,10-K,2019-03-04,edgar/data/1042729/0001437749-19-003867.txt
CENTERPOINT ENERGY RESOURCES CORP,0001042773,10-K,2019-02-28,edgar/data/1042773/0001130310-19-000016.txt
"Piedmont Office Realty Trust, Inc.",0001042776,10-K,2019-02-20,edgar/data/1042776/0001042776-19-000036.txt
DRIL-QUIP INC,0001042893,10-K,2019-02-27,edgar/data/1042893/0001042893-19-000003.txt
CAPITAL SENIOR LIVING CORP,0001043000,10-K,2019-03-01,edgar/data/1043000/0001564590-19-005842.txt
BOSTON PROPERTIES LTD PARTNERSHIP,0001043121,10-K,2019-02-28,edgar/data/1043121/0001656423-19-000006.txt
ANNALY CAPITAL MANAGEMENT INC,0001043219,10-K,2019-02-15,edgar/data/1043219/0001628280-19-001442.txt
CHINAWE COM INC,0001043222,10-K,2019-03-29,edgar/data/1043222/0001615774-19-004854.txt
C H ROBINSON WORLDWIDE INC,0001043277,10-K,2019-02-25,edgar/data/1043277/0001043277-19-000006.txt
STONERIDGE INC,0001043337,10-K,2019-02-28,edgar/data/1043337/0001558370-19-001215.txt
SONIC AUTOMOTIVE INC,0001043509,10-K,2019-02-21,edgar/data/1043509/0001628280-19-001674.txt
POTOMAC FUTURES FUND LP,0001043565,10-K,2019-03-26,edgar/data/1043565/0001193125-19-086276.txt
JUNIPER NETWORKS INC,0001043604,10-K,2019-02-22,edgar/data/1043604/0001043604-19-000012.txt
CAMPBELL FUND TRUST,0001043951,10-K,2019-03-29,edgar/data/1043951/0001140361-19-005988.txt
BIOCEPT INC,0001044378,10-K,2019-03-29,edgar/data/1044378/0001564590-19-009914.txt
OneSpan Inc.,0001044777,10-K,2019-03-15,edgar/data/1044777/0001558370-19-002169.txt
W R GRACE & CO,0001045309,10-K,2019-02-28,edgar/data/1045309/0001045309-19-000025.txt
RAIT Financial Trust,0001045425,10-K,2019-03-26,edgar/data/1045425/0001564590-19-009354.txt
EPR PROPERTIES,0001045450,10-K,2019-02-28,edgar/data/1045450/0001045450-19-000027.txt
"Prologis, Inc.",0001045609,10-K,2019-02-13,edgar/data/1045609/0001564590-19-002872.txt
"Prologis, L.P.",0001045610,10-K,2019-02-13,edgar/data/1045610/0001564590-19-002872.txt
BAXTER INTERNATIONAL INC,0000010456,10-K,2019-02-21,edgar/data/10456/0001564590-19-003727.txt
NVIDIA CORP,0001045810,10-K,2019-02-21,edgar/data/1045810/0001045810-19-000023.txt
HERITAGE FINANCIAL CORP /WA/,0001046025,10-K,2019-03-01,edgar/data/1046025/0001046025-19-000013.txt
RITCHIE BROS AUCTIONEERS INC,0001046102,10-K,2019-02-28,edgar/data/1046102/0001279569-19-000456.txt
GUARANTY FEDERAL BANCSHARES INC,0001046203,10-K,2019-03-08,edgar/data/1046203/0001437749-19-004433.txt
Ingredion Inc,0001046257,10-K,2019-02-25,edgar/data/1046257/0001558370-19-000999.txt
CHOICE HOTELS INTERNATIONAL INC /DE,0001046311,10-K,2019-02-26,edgar/data/1046311/0001046311-19-000011.txt
REALNETWORKS INC,0001046327,10-K,2019-03-08,edgar/data/1046327/0001046327-19-000010.txt
CAREER EDUCATION CORP,0001046568,10-K,2019-02-20,edgar/data/1046568/0001564590-19-003457.txt
EMAGIN CORP,0001046995,10-K,2019-03-28,edgar/data/1046995/0001046995-19-000002.txt
RAYTHEON CO/,0001047122,10-K,2019-02-13,edgar/data/1047122/0001047122-19-000007.txt
"AMKOR TECHNOLOGY, INC.",0001047127,10-K,2019-02-22,edgar/data/1047127/0001047127-19-000007.txt
UNITED RENTALS NORTH AMERICA INC,0001047166,10-K,2019-01-23,edgar/data/1047166/0001067701-19-000007.txt
NATIONAL HEALTHCARE CORP,0001047335,10-K,2019-02-20,edgar/data/1047335/0001437749-19-002958.txt
FRESH DEL MONTE PRODUCE INC,0001047340,10-K,2019-02-19,edgar/data/1047340/0001047340-19-000023.txt
CONSOLIDATED EDISON INC,0001047862,10-K,2019-02-21,edgar/data/1047862/0001047862-19-000035.txt
ANWORTH MORTGAGE ASSET CORP,0001047884,10-K,2019-02-28,edgar/data/1047884/0001558370-19-001355.txt
MARRIOTT INTERNATIONAL INC /MD/,0001048286,10-K,2019-03-01,edgar/data/1048286/0001628280-19-002337.txt
BIOMARIN PHARMACEUTICAL INC,0001048477,10-K,2019-02-28,edgar/data/1048477/0001564590-19-005033.txt
FelCor Lodging LP,0001048789,10-K,2019-03-01,edgar/data/1048789/0001715629-19-000003.txt
Graham Holdings Co,0000104889,10-K,2019-02-25,edgar/data/104889/0000104889-19-000013.txt
WASHINGTON REAL ESTATE INVESTMENT TRUST,0000104894,10-K,2019-02-19,edgar/data/104894/0000104894-19-000023.txt
AVISTA CORP,0000104918,10-K,2019-02-20,edgar/data/104918/0000104918-19-000053.txt
MKS INSTRUMENTS INC,0001049502,10-K,2019-02-26,edgar/data/1049502/0001193125-19-051798.txt
COMPX INTERNATIONAL INC,0001049606,10-K,2019-02-27,edgar/data/1049606/0001564590-19-004906.txt
BROOKLINE BANCORP INC,0001049782,10-K,2019-02-28,edgar/data/1049782/0001049782-19-000002.txt
WATSCO INC,0000105016,10-K,2019-02-28,edgar/data/105016/0001193125-19-057858.txt
PC CONNECTION INC,0001050377,10-K,2019-02-07,edgar/data/1050377/0001558370-19-000459.txt
EAGLE BANCORP INC,0001050441,10-K,2019-03-01,edgar/data/1050441/0001387131-19-001635.txt
MICROSTRATEGY Inc,0001050446,10-K,2019-02-20,edgar/data/1050446/0001564590-19-003468.txt
"SALEM MEDIA GROUP, INC. /DE/",0001050606,10-K,2019-03-13,edgar/data/1050606/0001193125-19-072280.txt
PEAPACK GLADSTONE FINANCIAL CORP,0001050743,10-K,2019-03-14,edgar/data/1050743/0001564590-19-007689.txt
COLUMBIA SPORTSWEAR CO,0001050797,10-K,2019-02-21,edgar/data/1050797/0001050797-19-000007.txt
QUANTA SERVICES INC,0001050915,10-K,2019-02-28,edgar/data/1050915/0001050915-19-000014.txt
J CREW GROUP INC,0001051251,10-K,2019-03-20,edgar/data/1051251/0001564590-19-008631.txt
COMMUNITY WEST BANCSHARES /,0001051343,10-K,2019-03-08,edgar/data/1051343/0001140361-19-004617.txt
CROWN CASTLE INTERNATIONAL CORP,0001051470,10-K,2019-02-25,edgar/data/1051470/0001051470-19-000046.txt
TELEPHONE & DATA SYSTEMS INC /DE/,0001051512,10-K,2019-02-22,edgar/data/1051512/0001051512-19-000008.txt
AXT INC,0001051627,10-K,2019-03-11,edgar/data/1051627/0001558370-19-001765.txt
WADDELL & REED FINANCIAL INC,0001052100,10-K,2019-02-22,edgar/data/1052100/0001558370-19-000908.txt
MAN AHL DIVERSIFIED I LP,0001052354,10-K,2019-03-29,edgar/data/1052354/0001193125-19-091756.txt
Red Lion Hotels CORP,0001052595,10-K,2019-03-08,edgar/data/1052595/0001052595-19-000004.txt
GETTY REALTY CORP /MD/,0001052752,10-K,2019-02-27,edgar/data/1052752/0001564590-19-004983.txt
ESSEX PORTFOLIO LP,0001053059,10-K,2019-02-21,edgar/data/1053059/0000920522-19-000009.txt
WEIGHT WATCHERS INTERNATIONAL INC,0000105319,10-K,2019-02-26,edgar/data/105319/0001564590-19-004487.txt
HERITAGE COMMERCE CORP,0001053352,10-K,2019-03-14,edgar/data/1053352/0001558370-19-002008.txt
AMERICAN TOWER CORP /MA/,0001053507,10-K,2019-02-27,edgar/data/1053507/0001053507-19-000012.txt
MACATAWA BANK CORP,0001053584,10-K,2019-02-14,edgar/data/1053584/0001140361-19-003234.txt
Diffusion Pharmaceuticals Inc.,0001053691,10-K,2019-03-19,edgar/data/1053691/0001437749-19-005256.txt
"CRA INTERNATIONAL, INC.",0001053706,10-K,2019-02-28,edgar/data/1053706/0001047469-19-000778.txt
"Interpace Diagnostics Group, Inc.",0001054102,10-K,2019-03-21,edgar/data/1054102/0001493152-19-003733.txt
WEIS MARKETS INC,0000105418,10-K,2019-03-14,edgar/data/105418/0000105418-19-000010.txt
"Alliqua BioMedical, Inc.",0001054274,10-K,2019-02-22,edgar/data/1054274/0001144204-19-009551.txt
BSQUARE CORP /WA,0001054721,10-K,2019-03-04,edgar/data/1054721/0001564590-19-005908.txt
INNOSPEC INC.,0001054905,10-K,2019-02-20,edgar/data/1054905/0001193125-19-044946.txt
"MFA FINANCIAL, INC.",0001055160,10-K,2019-02-21,edgar/data/1055160/0001055160-19-000005.txt
SCHOOL SPECIALTY INC,0001055454,10-K,2019-03-14,edgar/data/1055454/0001193125-19-074795.txt
"INOVIO PHARMACEUTICALS, INC.",0001055726,10-K,2019-03-12,edgar/data/1055726/0001055726-19-000012.txt
MCCLATCHY CO,0001056087,10-K,2019-03-08,edgar/data/1056087/0001056087-19-000046.txt
"KIRKLAND'S, INC",0001056285,10-K,2019-03-29,edgar/data/1056285/0001056285-19-000017.txt
FEDERATED INVESTORS INC /PA/,0001056288,10-K,2019-02-22,edgar/data/1056288/0001056288-19-000004.txt
EMCOR GROUP INC,0000105634,10-K,2019-02-21,edgar/data/105634/0000105634-19-000044.txt
MANNATECH INC,0001056358,10-K,2019-03-11,edgar/data/1056358/0001056358-19-000022.txt
Internap Corp,0001056386,10-K,2019-03-18,edgar/data/1056386/0001628280-19-003089.txt
MANHATTAN ASSOCIATES INC,0001056696,10-K,2019-02-08,edgar/data/1056696/0001564590-19-002439.txt
AMERICAN STATES WATER CO,0001056903,10-K,2019-02-25,edgar/data/1056903/0001056903-19-000004.txt
PEOPLES FINANCIAL SERVICES CORP.,0001056943,10-K,2019-03-15,edgar/data/1056943/0001558370-19-002151.txt
PC TEL INC,0001057083,10-K,2019-03-18,edgar/data/1057083/0001564590-19-008176.txt
COSTAR GROUP INC,0001057352,10-K,2019-02-28,edgar/data/1057352/0001057352-19-000017.txt
"HACKETT GROUP, INC.",0001057379,10-K,2019-03-08,edgar/data/1057379/0001564590-19-007043.txt
FIRST BANCORP /PR/,0001057706,10-K,2019-03-01,edgar/data/1057706/0001057706-19-000003.txt
WEST PHARMACEUTICAL SERVICES INC,0000105770,10-K,2019-02-28,edgar/data/105770/0000105770-19-000012.txt
IDACORP INC,0001057877,10-K,2019-02-21,edgar/data/1057877/0001057877-19-000024.txt
MARVELL TECHNOLOGY GROUP LTD,0001058057,10-K,2019-03-28,edgar/data/1058057/0001058057-19-000010.txt
CHIPOTLE MEXICAN GRILL INC,0001058090,10-K,2019-02-08,edgar/data/1058090/0001058090-19-000007.txt
COGNIZANT TECHNOLOGY SOLUTIONS CORP,0001058290,10-K,2019-02-19,edgar/data/1058290/0001058290-19-000009.txt
Orbital Tracking Corp.,0001058307,10-K,2019-03-29,edgar/data/1058307/0001493152-19-004232.txt
"FRESH PROMISE FOODS, INC.",0001058330,10-K,2019-03-21,edgar/data/1058330/0001721868-19-000126.txt
CUMULUS MEDIA INC,0001058623,10-K,2019-03-18,edgar/data/1058623/0001058623-19-000016.txt
IMMERSION CORP,0001058811,10-K,2019-02-27,edgar/data/1058811/0001628280-19-002045.txt
GUARANTY BANCSHARES INC /TX/,0001058867,10-K,2019-03-15,edgar/data/1058867/0001058867-19-000009.txt
"AMERICA FIRST MULTIFAMILY INVESTORS, L.P.",0001059142,10-K,2019-02-28,edgar/data/1059142/0001564590-19-005208.txt
SP Plus Corp,0001059262,10-K,2019-02-27,edgar/data/1059262/0001059262-19-000015.txt
MOODYS CORP /DE/,0001059556,10-K,2019-02-25,edgar/data/1059556/0001193125-19-048576.txt
SALISBURY BANCORP INC,0001060219,10-K,2019-03-15,edgar/data/1060219/0001554795-19-000056.txt
LIFE STORAGE LP,0001060224,10-K,2019-02-26,edgar/data/1060224/0001564590-19-004470.txt
"GAMCO INVESTORS, INC. ET AL",0001060349,10-K,2019-03-11,edgar/data/1060349/0001060349-19-000006.txt
"BRANDYWINE OPERATING PARTNERSHIP, L.P.",0001060386,10-K,2019-02-22,edgar/data/1060386/0001564590-19-003921.txt
"REPUBLIC SERVICES, INC.",0001060391,10-K,2019-02-08,edgar/data/1060391/0001060391-19-000008.txt
SEATTLE GENETICS INC /WA,0001060736,10-K,2019-02-07,edgar/data/1060736/0001060736-19-000010.txt
CARTERS INC,0001060822,10-K,2019-02-25,edgar/data/1060822/0001060822-19-000004.txt
SUNESIS PHARMACEUTICALS INC,0001061027,10-K,2019-03-07,edgar/data/1061027/0001564590-19-006828.txt
AVALON HOLDINGS CORP,0001061069,10-K,2019-03-14,edgar/data/1061069/0001437749-19-004948.txt
ENTERPRISE PRODUCTS PARTNERS L P,0001061219,10-K,2019-03-01,edgar/data/1061219/0001061219-19-000007.txt
"BLACKSTONE MORTGAGE TRUST, INC.",0001061630,10-K,2019-02-12,edgar/data/1061630/0001193125-19-035956.txt
HOST HOTELS & RESORTS L.P.,0001061937,10-K,2019-02-26,edgar/data/1061937/0001564590-19-004191.txt
CYTOKINETICS INC,0001061983,10-K,2019-03-07,edgar/data/1061983/0001564590-19-006580.txt
AMERICAN AXLE & MANUFACTURING HOLDINGS INC,0001062231,10-K,2019-02-15,edgar/data/1062231/0001062231-19-000013.txt
"LEXICON PHARMACEUTICALS, INC.",0001062822,10-K,2019-03-15,edgar/data/1062822/0001062822-19-000007.txt
"CurAegis Technologies, Inc.",0001063197,10-K,2019-03-29,edgar/data/1063197/0001437749-19-005985.txt
HERSHA HOSPITALITY TRUST,0001063344,10-K,2019-02-27,edgar/data/1063344/0001063344-19-000019.txt
SIMON PROPERTY GROUP INC /DE/,0001063761,10-K,2019-02-22,edgar/data/1063761/0001558370-19-000875.txt
PEABODY ENERGY CORP,0001064728,10-K,2019-02-27,edgar/data/1064728/0001064728-19-000013.txt
NETWORK 1 TECHNOLOGIES INC,0001065078,10-K,2019-03-29,edgar/data/1065078/0001072613-19-000153.txt
EBAY INC,0001065088,10-K,2019-01-30,edgar/data/1065088/0001065088-19-000006.txt
AMERINST INSURANCE GROUP LTD,0001065201,10-K,2019-03-29,edgar/data/1065201/0001193125-19-092905.txt
NETFLIX INC,0001065280,10-K,2019-01-29,edgar/data/1065280/0001065280-19-000043.txt
WEYCO GROUP INC,0000106532,10-K,2019-03-14,edgar/data/106532/0001144204-19-013992.txt
NIC INC,0001065332,10-K,2019-02-21,edgar/data/1065332/0001065332-19-000006.txt
WEYERHAEUSER CO,0000106535,10-K,2019-02-15,edgar/data/106535/0000106535-19-000014.txt
LKQ CORP,0001065696,10-K,2019-03-01,edgar/data/1065696/0001065696-19-000010.txt
SKECHERS USA INC,0001065837,10-K,2019-03-01,edgar/data/1065837/0001564590-19-005775.txt
REGENCY CENTERS LP,0001066247,10-K,2019-02-21,edgar/data/1066247/0000910606-19-000006.txt
WHIRLPOOL CORP /DE/,0000106640,10-K,2019-02-12,edgar/data/106640/0000106640-19-000016.txt
HEIDRICK & STRUGGLES INTERNATIONAL INC,0001066605,10-K,2019-02-26,edgar/data/1066605/0001066605-19-000003.txt
MANAGED FUTURES PREMIER GRAHAM L.P.,0001066656,10-K,2019-03-26,edgar/data/1066656/0001193125-19-086268.txt
THEGLOBE COM INC,0001066684,10-K,2019-03-29,edgar/data/1066684/0001144204-19-016940.txt
MACK CALI REALTY L P,0001067063,10-K,2019-02-20,edgar/data/1067063/0001104659-19-009587.txt
UNITED RENTALS INC /DE,0001067701,10-K,2019-01-23,edgar/data/1067701/0001067701-19-000007.txt
ENTERCOM COMMUNICATIONS CORP,0001067837,10-K,2019-02-27,edgar/data/1067837/0001193125-19-054296.txt
BERKSHIRE HATHAWAY INC,0001067983,10-K,2019-02-25,edgar/data/1067983/0001193125-19-048926.txt
PARK OHIO INDUSTRIES INC/OH,0001068148,10-K,2019-03-21,edgar/data/1068148/0001068148-19-000002.txt
PROSPERITY BANCSHARES INC,0001068851,10-K,2019-02-27,edgar/data/1068851/0001564590-19-005001.txt
"BLUCORA, INC.",0001068875,10-K,2019-03-01,edgar/data/1068875/0001068875-19-000011.txt
EAST WEST BANCORP INC,0001069157,10-K,2019-02-27,edgar/data/1069157/0001069157-19-000016.txt
"AXON ENTERPRISE, INC.",0001069183,10-K,2019-02-27,edgar/data/1069183/0001069183-19-000023.txt
LENNOX INTERNATIONAL INC,0001069202,10-K,2019-02-19,edgar/data/1069202/0001069202-19-000008.txt
"KRATOS DEFENSE & SECURITY SOLUTIONS, INC.",0001069258,10-K,2019-02-28,edgar/data/1069258/0001628280-19-002271.txt
Acer Therapeutics Inc.,0001069308,10-K,2019-03-07,edgar/data/1069308/0001564590-19-006779.txt
CASSAVA SCIENCES INC,0001069530,10-K,2019-03-29,edgar/data/1069530/0001069530-19-000019.txt
TREX CO INC,0001069878,10-K,2019-02-14,edgar/data/1069878/0001193125-19-041150.txt
FedNat Holding Co,0001069996,10-K,2019-03-07,edgar/data/1069996/0001069996-19-000018.txt
"PTC THERAPEUTICS, INC.",0001070081,10-K,2019-03-01,edgar/data/1070081/0001070081-19-000018.txt
STERLING BANCORP,0001070154,10-K,2019-03-01,edgar/data/1070154/0001070154-19-000009.txt
FIRST CAPITAL INC,0001070296,10-K,2019-03-13,edgar/data/1070296/0001171843-19-001688.txt
ACHILLION PHARMACEUTICALS INC,0001070336,10-K,2019-03-07,edgar/data/1070336/0001193125-19-067172.txt
CNX Resources Corp,0001070412,10-K,2019-02-07,edgar/data/1070412/0001070412-19-000024.txt
PLAINS ALL AMERICAN PIPELINE LP,0001070423,10-K,2019-02-27,edgar/data/1070423/0001070423-19-000004.txt
ACADIA PHARMACEUTICALS INC,0001070494,10-K,2019-02-27,edgar/data/1070494/0001564590-19-004596.txt
CENTRAL FEDERAL CORP,0001070680,10-K,2019-03-15,edgar/data/1070680/0001070680-19-000006.txt
"HOST HOTELS & RESORTS, INC.",0001070750,10-K,2019-02-26,edgar/data/1070750/0001564590-19-004191.txt
"CoreCivic, Inc.",0001070985,10-K,2019-02-25,edgar/data/1070985/0001564590-19-004033.txt
"GOLDEN ENTERTAINMENT, INC.",0001071255,10-K,2019-03-18,edgar/data/1071255/0001564590-19-008099.txt
CENTENE CORP,0001071739,10-K,2019-02-19,edgar/data/1071739/0001071739-19-000032.txt
CONTANGO OIL & GAS CO,0001071993,10-K,2019-03-18,edgar/data/1071993/0001071993-19-000015.txt
WILLIAMS COMPANIES INC,0000107263,10-K,2019-02-21,edgar/data/107263/0000107263-19-000007.txt
US CONCRETE INC,0001073429,10-K,2019-02-27,edgar/data/1073429/0001073429-19-000032.txt
CITIZENS FIRST CORP,0001073475,10-K,2019-03-07,edgar/data/1073475/0001558370-19-001642.txt
LCNB CORP,0001074902,10-K,2019-03-06,edgar/data/1074902/0001074902-19-000028.txt
SENIOR HOUSING PROPERTIES TRUST,0001075415,10-K,2019-03-01,edgar/data/1075415/0001075415-19-000013.txt
Booking Holdings Inc.,0001075531,10-K,2019-02-27,edgar/data/1075531/0001075531-19-000009.txt
TC PIPELINES LP,0001075607,10-K,2019-02-21,edgar/data/1075607/0001047469-19-000591.txt
CITIZENS HOLDING CO /MS/,0001075706,10-K,2019-03-15,edgar/data/1075706/0001193125-19-076104.txt
"Crexendo, Inc.",0001075736,10-K,2019-03-06,edgar/data/1075736/0001654954-19-002316.txt
"POLARITYTE, INC.",0001076682,10-K,2019-01-14,edgar/data/1076682/0001493152-19-000547.txt
NOVANTA INC,0001076930,10-K,2019-02-27,edgar/data/1076930/0001564590-19-004717.txt
NEOGENOMICS INC,0001077183,10-K,2019-02-26,edgar/data/1077183/0001077183-19-000008.txt
TEXAS CAPITAL BANCSHARES INC/TX,0001077428,10-K,2019-02-14,edgar/data/1077428/0001077428-19-000009.txt
"China Elite Information Co., Ltd.",0001077561,10-K,2019-03-06,edgar/data/1077561/0001140361-19-004474.txt
UMPQUA HOLDINGS CORP,0001077771,10-K,2019-02-21,edgar/data/1077771/0001077771-19-000011.txt
"Meet Group, Inc.",0001078099,10-K,2019-03-08,edgar/data/1078099/0001078099-19-000014.txt
WISCONSIN ELECTRIC POWER CO,0000107815,10-K,2019-02-26,edgar/data/107815/0000107815-19-000131.txt
"NAUTILUS, INC.",0001078207,10-K,2019-02-27,edgar/data/1078207/0001078207-19-000011.txt
WISCONSIN POWER & LIGHT CO,0000107832,10-K,2019-02-22,edgar/data/107832/0000352541-19-000013.txt
WISCONSIN PUBLIC SERVICE CORP,0000107833,10-K,2019-02-26,edgar/data/107833/0000107815-19-000134.txt
"Innoviva, Inc.",0001080014,10-K,2019-02-19,edgar/data/1080014/0001047469-19-000541.txt
"THESTREET, INC.",0001080056,10-K,2019-03-15,edgar/data/1080056/0001753926-19-000033.txt
"Newgioco Group, Inc.",0001080319,10-K,2019-03-08,edgar/data/1080319/0001017386-19-000064.txt
"MANHATTAN BRIDGE CAPITAL, INC",0001080340,10-K,2019-03-18,edgar/data/1080340/0001493152-19-003521.txt
"Presidio Property Trust, Inc.",0001080657,10-K,2019-03-25,edgar/data/1080657/0001564590-19-009076.txt
ARENA PHARMACEUTICALS INC,0001080709,10-K,2019-02-28,edgar/data/1080709/0001564590-19-005441.txt
BERKSHIRE HATHAWAY ENERGY CO,0001081316,10-K,2019-02-25,edgar/data/1081316/0001081316-19-000003.txt
DURECT CORP,0001082038,10-K,2019-03-08,edgar/data/1082038/0001564590-19-007004.txt
VirnetX Holding Corp,0001082324,10-K,2019-03-18,edgar/data/1082324/0001140361-19-005116.txt
UNITED THERAPEUTICS Corp,0001082554,10-K,2019-02-27,edgar/data/1082554/0001047469-19-000724.txt
STAMPS.COM INC,0001082923,10-K,2019-03-01,edgar/data/1082923/0001082923-19-000025.txt
IKONICS CORP,0001083301,10-K,2019-03-01,edgar/data/1083301/0001437749-19-003743.txt
"Apollo Medical Holdings, Inc.",0001083446,10-K,2019-03-18,edgar/data/1083446/0001144204-19-014671.txt
JONES SODA CO,0001083522,10-K,2019-03-22,edgar/data/1083522/0001083522-19-000006.txt
"FAUQUIER BANKSHARES, INC.",0001083643,10-K,2019-03-11,edgar/data/1083643/0001564590-19-007174.txt
"J2 GLOBAL, INC.",0001084048,10-K,2019-03-01,edgar/data/1084048/0001084048-19-000002.txt
PARETEUM Corp,0001084384,10-K,2019-03-18,edgar/data/1084384/0001144204-19-014694.txt
LIGHTBRIDGE Corp,0001084554,10-K,2019-03-29,edgar/data/1084554/0001477932-19-001284.txt
CYREN Ltd.,0001084577,10-K,2019-03-28,edgar/data/1084577/0001213900-19-005130.txt
Jefferies Group LLC,0001084580,10-K,2019-01-29,edgar/data/1084580/0001084580-19-000006.txt
ENCORE CAPITAL GROUP INC,0001084961,10-K,2019-02-27,edgar/data/1084961/0001084961-19-000020.txt
NATURAL GAS SERVICES GROUP INC,0001084991,10-K,2019-03-18,edgar/data/1084991/0001084991-19-000013.txt
PUGET ENERGY INC /WA,0001085392,10-K,2019-02-21,edgar/data/1085392/0001085392-19-000007.txt
"AngioGenex, Inc.",0001085596,10-K,2019-03-28,edgar/data/1085596/0001469709-19-000043.txt
PERFICIENT INC,0001085869,10-K,2019-02-26,edgar/data/1085869/0001085869-19-000010.txt
FARMERS & MERCHANTS BANCORP,0001085913,10-K,2019-03-15,edgar/data/1085913/0001140361-19-005011.txt
AKAMAI TECHNOLOGIES INC,0001086222,10-K,2019-02-28,edgar/data/1086222/0001086222-19-000066.txt
Heyu Biological Technology Corp,0001086303,10-K,2019-03-28,edgar/data/1086303/0001213900-19-005075.txt
ALLIANCE RESOURCE PARTNERS LP,0001086600,10-K,2019-02-22,edgar/data/1086600/0001558370-19-000892.txt
ALR TECHNOLOGIES INC.,0001087022,10-K,2019-03-29,edgar/data/1087022/0001721868-19-000156.txt
CUMBERLAND PHARMACEUTICALS INC,0001087294,10-K,2019-03-12,edgar/data/1087294/0001628280-19-002785.txt
UNITED BANCSHARES INC/OH,0001087456,10-K,2019-03-04,edgar/data/1087456/0001437749-19-003942.txt
XEROX CORP,0000108772,10-K,2019-02-25,edgar/data/108772/0000108772-19-000011.txt
NextMart Inc.,0001088005,10-K,2019-01-10,edgar/data/1088005/0001683168-19-000064.txt
NextMart Inc.,0001088005,10-K,2019-01-10,edgar/data/1088005/0001683168-19-000065.txt
NextMart Inc.,0001088005,10-K,2019-01-10,edgar/data/1088005/0001683168-19-000066.txt
PAYMENT DATA SYSTEMS INC,0001088034,10-K,2019-03-27,edgar/data/1088034/0001088034-19-000010.txt
"MASTERMIND, INC.",0001088638,10-K,2019-01-15,edgar/data/1088638/0001556244-19-000007.txt
CORCEPT THERAPEUTICS INC,0001088856,10-K,2019-02-26,edgar/data/1088856/0001628280-19-001879.txt
DICKS SPORTING GOODS INC,0001089063,10-K,2019-03-29,edgar/data/1089063/0001089063-19-000017.txt
ALASKA COMMUNICATIONS SYSTEMS GROUP INC,0001089511,10-K,2019-03-11,edgar/data/1089511/0001437749-19-004487.txt
HUNTSMAN INTERNATIONAL LLC,0001089748,10-K,2019-02-12,edgar/data/1089748/0001558370-19-000573.txt
Cleco Corporate Holdings LLC,0001089819,10-K,2019-02-27,edgar/data/1089819/0001089819-19-000010.txt
YORK WATER CO,0000108985,10-K,2019-03-12,edgar/data/108985/0000108985-19-000026.txt
"GAIA, INC",0001089872,10-K,2019-03-04,edgar/data/1089872/0001564590-19-006049.txt
SWK Holdings Corp,0001089907,10-K,2019-03-28,edgar/data/1089907/0001552781-19-000124.txt
SOUTHERN FIRST BANCSHARES INC,0001090009,10-K,2019-02-28,edgar/data/1090009/0001206774-19-000631.txt
DEVON ENERGY CORP/DE,0001090012,10-K,2019-02-20,edgar/data/1090012/0001564590-19-003382.txt
OMNOVA SOLUTIONS INC,0001090061,10-K,2019-01-31,edgar/data/1090061/0001090061-19-000008.txt
TABLE TRAC INC,0001090396,10-K,2019-03-28,edgar/data/1090396/0001615774-19-004791.txt
LAMAR ADVERTISING CO/NEW,0001090425,10-K,2019-02-25,edgar/data/1090425/0001564590-19-004025.txt
UNITED PARCEL SERVICE INC,0001090727,10-K,2019-02-21,edgar/data/1090727/0001090727-19-000006.txt
"CHARTER COMMUNICATIONS, INC. /MO/",0001091667,10-K,2019-01-31,edgar/data/1091667/0001091667-19-000029.txt
"Argo Group International Holdings, Ltd.",0001091748,10-K,2019-02-26,edgar/data/1091748/0001628280-19-001883.txt
CIRCOR INTERNATIONAL INC,0001091883,10-K,2019-03-01,edgar/data/1091883/0001091883-19-000008.txt
WORLD WRESTLING ENTERTAINMENTINC,0001091907,10-K,2019-02-07,edgar/data/1091907/0001091907-19-000016.txt
TRANSATLANTIC PETROLEUM LTD.,0001092289,10-K,2019-03-26,edgar/data/1092289/0001564590-19-009372.txt
"CHEMBIO DIAGNOSTICS, INC.",0001092662,10-K,2019-03-18,edgar/data/1092662/0001140361-19-005069.txt
SPS COMMERCE INC,0001092699,10-K,2019-02-22,edgar/data/1092699/0001564590-19-003903.txt
HUTTIG BUILDING PRODUCTS INC,0001093082,10-K,2019-03-05,edgar/data/1093082/0001564590-19-006307.txt
DEXCOM INC,0001093557,10-K,2019-02-21,edgar/data/1093557/0001093557-19-000041.txt
PEOPLES BANCORP OF NORTH CAROLINA INC,0001093672,10-K,2019-03-14,edgar/data/1093672/0001654954-19-002726.txt
PLUG POWER INC,0001093691,10-K,2019-03-13,edgar/data/1093691/0001558370-19-001929.txt
"ZIONS BANCORPORATION, NATIONAL ASSOCIATION /UT/",0000109380,10-K,2019-02-26,edgar/data/109380/0000109380-19-000040.txt
"Marker Therapeutics, Inc.",0001094038,10-K,2019-03-15,edgar/data/1094038/0001144204-19-014350.txt
PROGRESS ENERGY INC,0001094093,10-K,2019-02-28,edgar/data/1094093/0001326160-19-000057.txt
TELEDYNE TECHNOLOGIES INC,0001094285,10-K,2019-02-25,edgar/data/1094285/0001094285-19-000064.txt
RUDOLPH TECHNOLOGIES INC,0001094392,10-K,2019-02-15,edgar/data/1094392/0001564590-19-003093.txt
MUTUALFIRST FINANCIAL INC,0001094810,10-K,2019-03-15,edgar/data/1094810/0001558370-19-002100.txt
"BGC Partners, Inc.",0001094831,10-K,2019-03-01,edgar/data/1094831/0001564590-19-005654.txt
EVEREST RE GROUP LTD,0001095073,10-K,2019-03-01,edgar/data/1095073/0001095073-19-000011.txt
ISA INTERNATIONALE INC,0001095133,10-K,2019-02-12,edgar/data/1095133/0001095133-19-000004.txt
PFSWEB INC,0001095315,10-K,2019-03-18,edgar/data/1095315/0001564590-19-008334.txt
HEALTHSTREAM INC,0001095565,10-K,2019-02-25,edgar/data/1095565/0001564590-19-004096.txt
ISTAR INC.,0001095651,10-K,2019-02-26,edgar/data/1095651/0001095651-19-000006.txt
"CYTORI THERAPEUTICS, INC.",0001095981,10-K,2019-03-29,edgar/data/1095981/0001564590-19-010018.txt
WILLIAM LYON HOMES,0001095996,10-K,2019-02-28,edgar/data/1095996/0001628280-19-002280.txt
LUXFER HOLDINGS PLC,0001096056,10-K,2019-03-12,edgar/data/1096056/0001096056-19-000015.txt
MARKEL CORP,0001096343,10-K,2019-02-28,edgar/data/1096343/0001096343-19-000074.txt
NUTRI SYSTEM INC /DE/,0001096376,10-K,2019-02-26,edgar/data/1096376/0001564590-19-004471.txt
"GT Biopharma, Inc.",0000109657,10-K,2019-03-29,edgar/data/109657/0001654954-19-003697.txt
ALIGN TECHNOLOGY INC,0001097149,10-K,2019-02-28,edgar/data/1097149/0001097149-19-000009.txt
CERES TACTICAL GLOBAL L.P.,0001097396,10-K,2019-03-26,edgar/data/1097396/0001193125-19-086286.txt
ON SEMICONDUCTOR CORP,0001097864,10-K,2019-02-20,edgar/data/1097864/0001193125-19-045025.txt
FIDELITY D & D BANCORP INC,0001098151,10-K,2019-03-14,edgar/data/1098151/0001098151-19-000009.txt
MIDAMERICAN FUNDING LLC,0001098296,10-K,2019-02-25,edgar/data/1098296/0001081316-19-000003.txt
IntelGenx Technologies Corp.,0001098880,10-K,2019-03-22,edgar/data/1098880/0001062993-19-001372.txt
AGENUS INC,0001098972,10-K,2019-03-18,edgar/data/1098972/0001564590-19-008311.txt
BEASLEY BROADCAST GROUP INC,0001099160,10-K,2019-02-19,edgar/data/1099160/0001193125-19-044206.txt
METLIFE INC,0001099219,10-K,2019-02-22,edgar/data/1099219/0001099219-19-000008.txt
MERCADOLIBRE INC,0001099590,10-K,2019-02-28,edgar/data/1099590/0001562762-19-000047.txt
Edwards Lifesciences Corp,0001099800,10-K,2019-02-15,edgar/data/1099800/0001099800-19-000004.txt
"MVC CAPITAL, INC.",0001099941,10-K,2019-01-14,edgar/data/1099941/0001104659-19-001862.txt
NORTHWEST PIPELINE LLC,0000110019,10-K,2019-02-21,edgar/data/110019/0000110019-19-000003.txt
"Advaxis, Inc.",0001100397,10-K,2019-01-11,edgar/data/1100397/0001493152-19-000489.txt
"RTI SURGICAL, INC.",0001100441,10-K,2019-03-05,edgar/data/1100441/0001193125-19-063391.txt
CHARLES RIVER LABORATORIES INTERNATIONAL INC,0001100682,10-K,2019-02-13,edgar/data/1100682/0001100682-19-000004.txt
"Zivo Bioscience, Inc.",0001101026,10-K,2019-02-12,edgar/data/1101026/0001078782-19-000119.txt
ALLIANCE DATA SYSTEMS CORP,0001101215,10-K,2019-02-26,edgar/data/1101215/0001101215-19-000048.txt
EQUINIX INC,0001101239,10-K,2019-02-22,edgar/data/1101239/0001628280-19-001771.txt
ENTEGRIS INC,0001101302,10-K,2019-02-11,edgar/data/1101302/0001101302-19-000010.txt
QUOTEMEDIA INC,0001101433,10-K,2019-03-29,edgar/data/1101433/0001654954-19-003649.txt
DASAN ZHONE SOLUTIONS INC,0001101680,10-K,2019-03-12,edgar/data/1101680/0001564590-19-007382.txt
PACWEST BANCORP,0001102112,10-K,2019-02-27,edgar/data/1102112/0001628280-19-002144.txt
CenterState Bank Corp,0001102266,10-K,2019-02-28,edgar/data/1102266/0001564590-19-005324.txt
"HighCom Global Security, Inc.",0001102358,10-K,2019-03-26,edgar/data/1102358/0001493152-19-003948.txt
"Royal Energy Resources, Inc.",0001102392,10-K,2019-03-29,edgar/data/1102392/0001493152-19-004266.txt
LIVEPERSON INC,0001102993,10-K,2019-02-25,edgar/data/1102993/0001102993-19-000016.txt
BIODELIVERY SCIENCES INTERNATIONAL INC,0001103021,10-K,2019-03-14,edgar/data/1103021/0001193125-19-074893.txt
"OMPHALOS, CORP",0001103640,10-K,2019-03-28,edgar/data/1103640/0001062993-19-001440.txt
"Mondelez International, Inc.",0001103982,10-K,2019-02-08,edgar/data/1103982/0001103982-19-000005.txt
New Century Resources Corp,0001104462,10-K,2019-03-27,edgar/data/1104462/0001445866-19-000300.txt
"NORTHERN OIL & GAS, INC.",0001104485,10-K,2019-03-18,edgar/data/1104485/0001104485-19-000059.txt
INSMED Inc,0001104506,10-K,2019-02-22,edgar/data/1104506/0001104506-19-000009.txt
MATERION Corp,0001104657,10-K,2019-02-14,edgar/data/1104657/0001104657-19-000007.txt
WOLVERINE WORLD WIDE INC /DE/,0000110471,10-K,2019-02-26,edgar/data/110471/0000110471-19-000009.txt
"Support.com, Inc.",0001104855,10-K,2019-03-08,edgar/data/1104855/0001654954-19-002486.txt
"CHINA PHARMA HOLDINGS, INC.",0001106644,10-K,2019-03-28,edgar/data/1106644/0001213900-19-005094.txt
OCULUS VISIONTECH INC.,0001107280,10-K,2019-03-29,edgar/data/1107280/0001437749-19-006007.txt
ZIOPHARM ONCOLOGY INC,0001107421,10-K,2019-03-05,edgar/data/1107421/0001193125-19-063978.txt
"QUALYS, INC.",0001107843,10-K,2019-02-27,edgar/data/1107843/0001628280-19-002099.txt
COMMUNITY HEALTH SYSTEMS INC,0001108109,10-K,2019-02-21,edgar/data/1108109/0001193125-19-047042.txt
BERKSHIRE HILLS BANCORP INC,0001108134,10-K,2019-03-01,edgar/data/1108134/0001108134-19-000002.txt
CURIS INC,0001108205,10-K,2019-03-26,edgar/data/1108205/0001108205-19-000004.txt
AMERICAN RIVER BANKSHARES,0001108236,10-K,2019-02-22,edgar/data/1108236/0001019056-19-000165.txt
SMTC CORP,0001108320,10-K,2019-03-15,edgar/data/1108320/0001437749-19-005004.txt
CITIBANK CREDIT CARD ISSUANCE TRUST,0001108348,10-K,2019-03-27,edgar/data/1108348/0001193125-19-088236.txt
PNM RESOURCES INC,0001108426,10-K,2019-03-01,edgar/data/1108426/0001108426-19-000020.txt
SALESFORCE COM INC,0001108524,10-K,2019-03-08,edgar/data/1108524/0001108524-19-000009.txt
"QEP RESOURCES, INC.",0001108827,10-K,2019-02-20,edgar/data/1108827/0001108827-19-000010.txt
"CUI Global, Inc.",0001108967,10-K,2019-03-18,edgar/data/1108967/0001437749-19-005177.txt
BASIC ENERGY SERVICES INC,0001109189,10-K,2019-03-05,edgar/data/1109189/0001109189-19-000025.txt
HANMI FINANCIAL CORP,0001109242,10-K,2019-03-01,edgar/data/1109242/0001628280-19-002348.txt
BRUKER CORP,0001109354,10-K,2019-03-01,edgar/data/1109354/0001047469-19-000839.txt
EXELON Corp,0001109357,10-K,2019-02-08,edgar/data/1109357/0001628280-19-001107.txt
ALLIANCEBERNSTEIN L.P.,0001109448,10-K,2019-02-13,edgar/data/1109448/0001109448-19-000006.txt
PACIFIC MERCANTILE BANCORP,0001109546,10-K,2019-03-11,edgar/data/1109546/0001109546-19-000011.txt
METLIFE POLICYHOLDER TRUST,0001110795,10-K,2019-03-27,edgar/data/1110795/0000937834-19-000009.txt
ILLUMINA INC,0001110803,10-K,2019-02-12,edgar/data/1110803/0001110803-19-000013.txt
NuStar Energy L.P.,0001110805,10-K,2019-02-28,edgar/data/1110805/0001110805-19-000049.txt
VISTEON CORP,0001111335,10-K,2019-02-21,edgar/data/1111335/0001111335-19-000003.txt
NISOURCE INC/DE,0001111711,10-K,2019-02-20,edgar/data/1111711/0001111711-19-000008.txt
IPG PHOTONICS CORP,0001111928,10-K,2019-02-27,edgar/data/1111928/0001111928-19-000035.txt
GLOBALSCAPE INC,0001112920,10-K,2019-03-18,edgar/data/1112920/0001185185-19-000384.txt
"INFINITY PHARMACEUTICALS, INC.",0001113148,10-K,2019-03-14,edgar/data/1113148/0001113148-19-000002.txt
PRICE T ROWE GROUP INC,0001113169,10-K,2019-02-13,edgar/data/1113169/0001113169-19-000011.txt
AXCELIS TECHNOLOGIES INC,0001113232,10-K,2019-03-11,edgar/data/1113232/0001558370-19-001791.txt
MEDICINES CO /DE,0001113481,10-K,2019-02-27,edgar/data/1113481/0001113481-19-000005.txt
"MobileSmith, Inc.",0001113513,10-K,2019-03-29,edgar/data/1113513/0001654954-19-003629.txt
Integer Holdings Corp,0001114483,10-K,2019-02-22,edgar/data/1114483/0001114483-19-000001.txt
FIRST NORTHERN COMMUNITY BANCORP,0001114927,10-K,2019-03-08,edgar/data/1114927/0001140361-19-004578.txt
IMPINJ INC,0001114995,10-K,2019-02-28,edgar/data/1114995/0001564590-19-005341.txt
PINNACLE FINANCIAL PARTNERS INC,0001115055,10-K,2019-02-28,edgar/data/1115055/0001115055-19-000011.txt
Quotient Technology Inc.,0001115128,10-K,2019-02-27,edgar/data/1115128/0001564590-19-004975.txt
Belmond Ltd.,0001115836,10-K,2019-02-28,edgar/data/1115836/0001115836-19-000004.txt
ORASURE TECHNOLOGIES INC,0001116463,10-K,2019-02-28,edgar/data/1116463/0001564590-19-005491.txt
TTM TECHNOLOGIES INC,0001116942,10-K,2019-02-26,edgar/data/1116942/0001564590-19-004520.txt
CHIMERIX INC,0001117480,10-K,2019-03-05,edgar/data/1117480/0001117480-19-000010.txt
SKINOVATION PHARMACEUTICAL INC,0001118072,10-K,2019-03-19,edgar/data/1118072/0001554795-19-000063.txt
WORLDNET INC OF NEVADA,0001118233,10-K,2019-03-19,edgar/data/1118233/0001477932-19-001054.txt
MBT FINANCIAL CORP,0001118237,10-K,2019-03-18,edgar/data/1118237/0001437749-19-005176.txt
BEMIS CO INC,0000011199,10-K,2019-02-15,edgar/data/11199/0000011199-19-000006.txt
"NASDAQ, INC.",0001120193,10-K,2019-02-22,edgar/data/1120193/0001120193-19-000002.txt
"BROADWIND ENERGY, INC.",0001120370,10-K,2019-02-26,edgar/data/1120370/0001120370-19-000008.txt
PDF SOLUTIONS INC,0001120914,10-K,2019-03-08,edgar/data/1120914/0001437749-19-004374.txt
Comstock Mining Inc.,0001120970,10-K,2019-02-26,edgar/data/1120970/0001120970-19-000016.txt
Maxar Technologies Inc.,0001121142,10-K,2019-03-01,edgar/data/1121142/0001558370-19-001372.txt
"OIL STATES INTERNATIONAL, INC",0001121484,10-K,2019-02-19,edgar/data/1121484/0001121484-19-000039.txt
"YIELD10 BIOSCIENCE, INC.",0001121702,10-K,2019-03-28,edgar/data/1121702/0001121702-19-000007.txt
GARMIN LTD,0001121788,10-K,2019-02-20,edgar/data/1121788/0001615774-19-002739.txt
ELLIE MAE INC,0001122388,10-K,2019-03-01,edgar/data/1122388/0001122388-19-000013.txt
"NETGEAR, INC",0001122904,10-K,2019-02-22,edgar/data/1122904/0001122904-19-000060.txt
POLYONE CORP,0001122976,10-K,2019-02-19,edgar/data/1122976/0001122976-19-000007.txt
GLOBAL PAYMENTS INC,0001123360,10-K,2019-02-21,edgar/data/1123360/0001123360-19-000008.txt
HARVARD BIOSCIENCE INC,0001123494,10-K,2019-03-18,edgar/data/1123494/0001171843-19-001793.txt
"BAB, INC.",0001123596,10-K,2019-02-25,edgar/data/1123596/0001437749-19-003265.txt
NORTHERN STATES POWER CO,0001123852,10-K,2019-02-22,edgar/data/1123852/0001123852-19-000004.txt
"CATALYST BIOSCIENCES, INC.",0001124105,10-K,2019-03-08,edgar/data/1124105/0001564590-19-006879.txt
EXACT SCIENCES CORP,0001124140,10-K,2019-02-21,edgar/data/1124140/0001558370-19-000854.txt
FLUOR CORP,0001124198,10-K,2019-02-21,edgar/data/1124198/0001628280-19-001658.txt
"Cryoport, Inc.",0001124524,10-K,2019-03-13,edgar/data/1124524/0001144204-19-013692.txt
"VMWARE, INC.",0001124610,10-K,2019-03-29,edgar/data/1124610/0001124610-19-000012.txt
"NLIGHT, INC.",0001124796,10-K,2019-03-15,edgar/data/1124796/0001124796-19-000032.txt
"ALLSCRIPTS HEALTHCARE SOLUTIONS, INC.",0001124804,10-K,2019-02-22,edgar/data/1124804/0001564590-19-003905.txt
CARNIVAL PLC,0001125259,10-K,2019-01-28,edgar/data/1125259/0000815097-19-000004.txt
ATEL CAPITAL EQUIPMENT FUND IX LLC,0001125264,10-K,2019-03-18,edgar/data/1125264/0001144204-19-014392.txt
MACROGENICS INC,0001125345,10-K,2019-02-26,edgar/data/1125345/0001125345-19-000046.txt
"ENSIGN GROUP, INC",0001125376,10-K,2019-02-06,edgar/data/1125376/0001125376-19-000016.txt
SHUTTERFLY INC,0001125920,10-K,2019-03-01,edgar/data/1125920/0001125920-19-000008.txt
NEWLINK GENETICS CORP,0001126234,10-K,2019-03-05,edgar/data/1126234/0001126234-19-000026.txt
PRINCIPAL FINANCIAL GROUP INC,0001126328,10-K,2019-02-13,edgar/data/1126328/0001047469-19-000469.txt
MAGELLAN MIDSTREAM PARTNERS LP,0001126975,10-K,2019-02-15,edgar/data/1126975/0001126975-19-000059.txt
CENTRAL VALLEY COMMUNITY BANCORP,0001127371,10-K,2019-03-08,edgar/data/1127371/0001127371-19-000028.txt
PROASSURANCE CORP,0001127703,10-K,2019-02-21,edgar/data/1127703/0001706397-19-000002.txt
"ProtoKinetix, Inc.",0001128189,10-K,2019-03-12,edgar/data/1128189/0001079973-19-000124.txt
BA Credit Card Trust,0001128250,10-K,2019-03-27,edgar/data/1128250/0001140361-19-005717.txt
"Saker Aviation Services, Inc.",0001128281,10-K,2019-03-29,edgar/data/1128281/0001437749-19-006042.txt
ENERTECK CORP,0001128353,10-K,2019-03-29,edgar/data/1128353/0001477932-19-001260.txt
HOPE BANCORP INC,0001128361,10-K,2019-03-01,edgar/data/1128361/0001128361-19-000006.txt
FLOWERS FOODS INC,0001128928,10-K,2019-02-20,edgar/data/1128928/0001564590-19-003388.txt
MARINE PRODUCTS CORP,0001129155,10-K,2019-02-28,edgar/data/1129155/0001144204-19-011172.txt
"VOCERA COMMUNICATIONS, INC.",0001129260,10-K,2019-02-27,edgar/data/1129260/0001129260-19-000007.txt
SIERRA BANCORP,0001130144,10-K,2019-03-14,edgar/data/1130144/0001564590-19-007651.txt
"Cyclacel Pharmaceuticals, Inc.",0001130166,10-K,2019-03-28,edgar/data/1130166/0001144204-19-016652.txt
CENTERPOINT ENERGY INC,0001130310,10-K,2019-02-28,edgar/data/1130310/0001130310-19-000016.txt
BLACK HILLS CORP /SD/,0001130464,10-K,2019-02-19,edgar/data/1130464/0001130464-19-000012.txt
"OVERSTOCK.COM, INC",0001130713,10-K,2019-03-18,edgar/data/1130713/0001130713-19-000016.txt
AEI INCOME & GROWTH FUND 24 LLC,0001130758,10-K,2019-03-29,edgar/data/1130758/0001326321-19-000013.txt
CANCER CAPITAL CORP,0001130889,10-K,2019-03-19,edgar/data/1130889/0001554795-19-000061.txt
HORNBECK OFFSHORE SERVICES INC /LA,0001131227,10-K,2019-02-28,edgar/data/1131227/0001131227-19-000015.txt
ZION OIL & GAS INC,0001131312,10-K,2019-03-08,edgar/data/1131312/0001213900-19-003867.txt
GENOMIC HEALTH INC,0001131324,10-K,2019-02-28,edgar/data/1131324/0001558370-19-001300.txt
SYNCHRONOSS TECHNOLOGIES INC,0001131554,10-K,2019-03-18,edgar/data/1131554/0001131554-19-000024.txt
SPECTRAL CAPITAL Corp,0001131903,10-K,2019-03-13,edgar/data/1131903/0001096906-19-000093.txt
"SPORTSMAN'S WAREHOUSE HOLDINGS, INC.",0001132105,10-K,2019-03-29,edgar/data/1132105/0001558370-19-002594.txt
"Eason Education Kingdom Holdings, Inc.",0001132509,10-K,2019-03-27,edgar/data/1132509/0001477932-19-001207.txt
AMES NATIONAL CORP,0001132651,10-K,2019-03-12,edgar/data/1132651/0001437749-19-004682.txt
TRAVELZOO,0001133311,10-K,2019-03-11,edgar/data/1133311/0001133311-19-000008.txt
GALECTIN THERAPEUTICS INC,0001133416,10-K,2019-03-06,edgar/data/1133416/0001193125-19-064705.txt
NORTHROP GRUMMAN CORP /DE/,0001133421,10-K,2019-01-31,edgar/data/1133421/0001133421-19-000007.txt
BIO-PATH HOLDINGS INC,0001133818,10-K,2019-03-19,edgar/data/1133818/0001144204-19-014855.txt
"CAPRICOR THERAPEUTICS, INC.",0001133869,10-K,2019-03-29,edgar/data/1133869/0001144204-19-016787.txt
INTERNATIONAL TOWER HILL MINES LTD,0001134115,10-K,2019-03-15,edgar/data/1134115/0001279569-19-000594.txt
ATLAS AIR WORLDWIDE HOLDINGS INC,0001135185,10-K,2019-02-19,edgar/data/1135185/0001564590-19-003225.txt
PEPCO HOLDINGS LLC,0001135971,10-K,2019-02-08,edgar/data/1135971/0001628280-19-001107.txt
"CATASYS, INC.",0001136174,10-K,2019-03-22,edgar/data/1136174/0001437749-19-005535.txt
Crestwood Equity Partners LP,0001136352,10-K,2019-02-22,edgar/data/1136352/0001136352-19-000003.txt
"ZIMMER BIOMET HOLDINGS, INC.",0001136869,10-K,2019-02-26,edgar/data/1136869/0001564590-19-004283.txt
"Fidelity National Information Services, Inc.",0001136893,10-K,2019-02-21,edgar/data/1136893/0001136893-19-000008.txt
UNITED SECURITY BANCSHARES,0001137547,10-K,2019-03-01,edgar/data/1137547/0001628280-19-002383.txt
PRUDENTIAL FINANCIAL INC,0001137774,10-K,2019-02-15,edgar/data/1137774/0001137774-19-000058.txt
BRAINSTORM CELL THERAPEUTICS INC.,0001137883,10-K,2019-03-29,edgar/data/1137883/0001144204-19-017041.txt
"CBRE GROUP, INC.",0001138118,10-K,2019-03-01,edgar/data/1138118/0001564590-19-005666.txt
PACIFIC HEALTH CARE ORGANIZATION INC,0001138476,10-K,2019-03-29,edgar/data/1138476/0001185185-19-000458.txt
INFINERA Corp,0001138639,10-K,2019-03-14,edgar/data/1138639/0001138639-19-000019.txt
"Aevi Genomic Medicine, Inc.",0001138776,10-K,2019-03-29,edgar/data/1138776/0001144204-19-017064.txt
WFN CREDIT CO LLC,0001139552,10-K,2019-03-27,edgar/data/1139552/0001101215-19-000060.txt
MB FINANCIAL INC /MD,0001139812,10-K,2019-03-01,edgar/data/1139812/0001139812-19-000006.txt
WORLD FINANCIAL NETWORK CREDIT CARD MASTER TRUST,0001140096,10-K,2019-03-27,edgar/data/1140096/0001101215-19-000060.txt
WILLIS TOWERS WATSON PLC,0001140536,10-K,2019-02-27,edgar/data/1140536/0001564590-19-004912.txt
CROSS COUNTRY HEALTHCARE INC,0001141103,10-K,2019-03-01,edgar/data/1141103/0001628280-19-002315.txt
LIQUIDMETAL TECHNOLOGIES INC,0001141240,10-K,2019-03-05,edgar/data/1141240/0001437749-19-004072.txt
Mastercard Inc,0001141391,10-K,2019-02-13,edgar/data/1141391/0001141391-19-000013.txt
LANDMARK BANCORP INC,0001141688,10-K,2019-03-14,edgar/data/1141688/0001493152-19-003304.txt
1ST CONSTITUTION BANCORP,0001141807,10-K,2019-03-15,edgar/data/1141807/0001141807-19-000008.txt
MISSION BROADCASTING INC,0001142412,10-K,2019-03-22,edgar/data/1142412/0001564590-19-008992.txt
"NEXSTAR MEDIA GROUP, INC.",0001142417,10-K,2019-02-27,edgar/data/1142417/0001564590-19-004527.txt
NUVASIVE INC,0001142596,10-K,2019-02-20,edgar/data/1142596/0001564590-19-003470.txt
AMN HEALTHCARE SERVICES INC,0001142750,10-K,2019-02-21,edgar/data/1142750/0001142750-19-000008.txt
Bunge LTD,0001144519,10-K,2019-02-22,edgar/data/1144519/0001144519-19-000006.txt
ASBURY AUTOMOTIVE GROUP INC,0001144980,10-K,2019-02-28,edgar/data/1144980/0001144980-19-000053.txt
"FORESCOUT TECHNOLOGIES, INC",0001145057,10-K,2019-03-01,edgar/data/1145057/0001145057-19-000011.txt
INSULET CORP,0001145197,10-K,2019-02-26,edgar/data/1145197/0001145197-19-000003.txt
GLOBAL MACRO TRUST,0001145765,10-K,2019-03-28,edgar/data/1145765/0001615774-19-004779.txt
ASPEN AEROGELS INC,0001145986,10-K,2019-03-08,edgar/data/1145986/0001564590-19-006884.txt
BERKLEY W R CORP,0000011544,10-K,2019-02-22,edgar/data/11544/0000011544-19-000016.txt
"Anthem, Inc.",0001156039,10-K,2019-02-20,edgar/data/1156039/0001156039-19-000004.txt
LAKE AREA CORN PROCESSORS LLC,0001156174,10-K,2019-02-28,edgar/data/1156174/0001156174-19-000004.txt
CME GROUP INC.,0001156375,10-K,2019-02-28,edgar/data/1156375/0001156375-19-000010.txt
BIG 5 SPORTING GOODS Corp,0001156388,10-K,2019-02-27,edgar/data/1156388/0001564590-19-004817.txt
"MADRIGAL PHARMACEUTICALS, INC.",0001157601,10-K,2019-02-27,edgar/data/1157601/0001047469-19-000725.txt
"Western New England Bancorp, Inc.",0001157647,10-K,2019-03-13,edgar/data/1157647/0001387131-19-001900.txt
CHINA AUTOMOTIVE SYSTEMS INC,0001157762,10-K,2019-03-28,edgar/data/1157762/0001144204-19-016630.txt
ENCANA CORP,0001157806,10-K,2019-02-28,edgar/data/1157806/0001564590-19-005256.txt
MERRILL LYNCH DEPOSITOR INC PREFERREDPLUS TRUST SER CZN 1,0001157987,10-K,2019-03-22,edgar/data/1157987/0001174947-19-000417.txt
"APPLIED OPTOELECTRONICS, INC.",0001158114,10-K,2019-02-26,edgar/data/1158114/0001558370-19-001078.txt
"COMSCORE, INC.",0001158172,10-K,2019-03-01,edgar/data/1158172/0001158172-19-000017.txt
"COGENT COMMUNICATIONS HOLDINGS, INC.",0001158324,10-K,2019-02-22,edgar/data/1158324/0001047469-19-000604.txt
CHINA HGS REAL ESTATE INC.,0001158420,10-K,2019-01-10,edgar/data/1158420/0001144204-19-001277.txt
ADVANCE AUTO PARTS INC,0001158449,10-K,2019-02-19,edgar/data/1158449/0001158449-19-000043.txt
JETBLUE AIRWAYS CORP,0001158463,10-K,2019-02-21,edgar/data/1158463/0001158463-19-000018.txt
PSEG POWER LLC,0001158659,10-K,2019-02-28,edgar/data/1158659/0000788784-19-000005.txt
"WAGEWORKS, INC.",0001158863,10-K,2019-03-18,edgar/data/1158863/0001158863-19-000010.txt
LEMAITRE VASCULAR INC,0001158895,10-K,2019-03-11,edgar/data/1158895/0001437749-19-004574.txt
HALOZYME THERAPEUTICS INC,0001159036,10-K,2019-02-21,edgar/data/1159036/0001159036-19-000006.txt
IROBOT CORP,0001159167,10-K,2019-02-14,edgar/data/1159167/0001159167-19-000010.txt
FIVE STAR SENIOR LIVING INC.,0001159281,10-K,2019-03-06,edgar/data/1159281/0001159281-19-000009.txt
FORD CREDIT FLOORPLAN MASTER OWNER TRUST A,0001159408,10-K,2019-03-27,edgar/data/1159408/0001159408-19-000010.txt
Savara Inc,0001160308,10-K,2019-03-13,edgar/data/1160308/0001564590-19-007585.txt
SOUTHERN POWER CO,0001160661,10-K,2019-02-20,edgar/data/1160661/0000092122-19-000006.txt
GOLD RESOURCE CORP,0001160791,10-K,2019-02-26,edgar/data/1160791/0001558370-19-001080.txt
NOVA STAR INNOVATIONS INC,0001160945,10-K,2019-03-19,edgar/data/1160945/0001477932-19-001052.txt
INPHI Corp,0001160958,10-K,2019-02-28,edgar/data/1160958/0001437749-19-003645.txt
"Energy Transfer Operating, L.P.",0001161154,10-K,2019-02-22,edgar/data/1161154/0001161154-19-000013.txt
MEDIACOM BROADBAND LLC,0001161364,10-K,2019-03-08,edgar/data/1161364/0001193125-19-069171.txt
MEDIACOM BROADBAND CORP,0001161366,10-K,2019-03-08,edgar/data/1161366/0001193125-19-069171.txt
"GROWLIFE, INC.",0001161582,10-K,2019-03-08,edgar/data/1161582/0001654954-19-002449.txt
MGE ENERGY INC,0001161728,10-K,2019-02-22,edgar/data/1161728/0001161728-19-000005.txt
"RigNet, Inc.",0001162112,10-K,2019-03-15,edgar/data/1162112/0001193125-19-076627.txt
FLUIDIGM CORP,0001162194,10-K,2019-03-18,edgar/data/1162194/0001162194-19-000020.txt
MORGAN GROUP HOLDING CO,0001162283,10-K,2019-02-26,edgar/data/1162283/0001206774-19-000585.txt
"CAPITAL ONE FUNDING, LLC",0001162387,10-K,2019-03-28,edgar/data/1162387/0001162387-19-000016.txt
CUTERA INC,0001162461,10-K,2019-03-18,edgar/data/1162461/0001437749-19-005203.txt
DOVER DOWNS GAMING & ENTERTAINMENT INC,0001162556,10-K,2019-03-21,edgar/data/1162556/0001104659-19-016566.txt
CONOCOPHILLIPS,0001163165,10-K,2019-02-19,edgar/data/1163165/0001193125-19-043841.txt
UNITED STATES STEEL CORP,0001163302,10-K,2019-02-15,edgar/data/1163302/0001163302-19-000014.txt
CAPITAL ONE MULTI ASSET EXECUTION TRUST,0001163321,10-K,2019-03-28,edgar/data/1163321/0001162387-19-000016.txt
NORTHRIM BANCORP INC,0001163370,10-K,2019-03-13,edgar/data/1163370/0001163370-19-000009.txt
SOUTH DAKOTA SOYBEAN PROCESSORS LLC,0001163609,10-K,2019-03-20,edgar/data/1163609/0001163609-19-000006.txt
PACIFIC VEGAS GLOBAL STRATEGIES INC,0001163612,10-K,2019-03-29,edgar/data/1163612/0001104659-19-018468.txt
NABORS INDUSTRIES LTD,0001163739,10-K,2019-02-28,edgar/data/1163739/0001558370-19-001349.txt
NEWMONT MINING CORP /DE/,0001164727,10-K,2019-02-21,edgar/data/1164727/0001558370-19-000806.txt
"ENPRO INDUSTRIES, INC",0001164863,10-K,2019-02-25,edgar/data/1164863/0001164863-19-000007.txt
WESTWOOD HOLDINGS GROUP INC,0001165002,10-K,2019-02-21,edgar/data/1165002/0001165002-19-000009.txt
"XPO Logistics, Inc.",0001166003,10-K,2019-02-14,edgar/data/1166003/0001166003-19-000021.txt
J C PENNEY CO INC,0001166126,10-K,2019-03-19,edgar/data/1166126/0001166126-19-000012.txt
VERINT SYSTEMS INC,0001166388,10-K,2019-03-28,edgar/data/1166388/0001166388-19-000013.txt
COMCAST CORP,0001166691,10-K,2019-01-31,edgar/data/1166691/0001166691-19-000005.txt
WEST BANCORPORATION INC,0001166928,10-K,2019-02-28,edgar/data/1166928/0001166928-19-000017.txt
BRIGHTHOUSE LIFE INSURANCE Co OF NY,0001167609,10-K,2019-03-06,edgar/data/1167609/0001167609-19-000004.txt
CIMAREX ENERGY CO,0001168054,10-K,2019-02-20,edgar/data/1168054/0001168054-19-000006.txt
EXELON GENERATION CO LLC,0001168165,10-K,2019-02-08,edgar/data/1168165/0001628280-19-001107.txt
PLUMAS BANCORP,0001168455,10-K,2019-03-07,edgar/data/1168455/0001437749-19-004293.txt
NOBLE CORP,0001169055,10-K,2019-02-22,edgar/data/1169055/0001628280-19-001707.txt
PhaseBio Pharmaceuticals Inc,0001169245,10-K,2019-03-26,edgar/data/1169245/0001564590-19-009364.txt
COMPUTER PROGRAMS & SYSTEMS INC,0001169445,10-K,2019-03-18,edgar/data/1169445/0001169445-19-000002.txt
CHANNELADVISOR CORP,0001169652,10-K,2019-02-13,edgar/data/1169652/0001169652-19-000008.txt
"BANC OF CALIFORNIA, INC.",0001169770,10-K,2019-03-01,edgar/data/1169770/0001169770-19-000005.txt
"HTG MOLECULAR DIAGNOSTICS, INC",0001169987,10-K,2019-03-07,edgar/data/1169987/0001564590-19-006806.txt
BOINGO WIRELESS INC,0001169988,10-K,2019-03-01,edgar/data/1169988/0001047469-19-000834.txt
FIRST NATIONAL FUNDING LLC,0001171040,10-K,2019-03-27,edgar/data/1171040/0001193125-19-088232.txt
NATURAL RESOURCE PARTNERS LP,0001171486,10-K,2019-03-07,edgar/data/1171486/0001171486-19-000011.txt
TRIPLE-S MANAGEMENT CORP,0001171662,10-K,2019-03-01,edgar/data/1171662/0001140361-19-004117.txt
RED ROBIN GOURMET BURGERS INC,0001171759,10-K,2019-02-27,edgar/data/1171759/0001171759-19-000012.txt
CIT GROUP INC,0001171825,10-K,2019-02-21,edgar/data/1171825/0001564590-19-003711.txt
SAFETY INSURANCE GROUP INC,0001172052,10-K,2019-02-28,edgar/data/1172052/0001172052-19-000005.txt
HAWAIIAN HOLDINGS INC,0001172222,10-K,2019-02-13,edgar/data/1172222/0001172222-19-000012.txt
Asia Interactive Media Inc.,0001172318,10-K,2019-03-26,edgar/data/1172318/0001493152-19-003918.txt
"DORCHESTER MINERALS, L.P.",0001172358,10-K,2019-02-28,edgar/data/1172358/0001437749-19-003623.txt
"Sunworks, Inc.",0001172631,10-K,2019-03-29,edgar/data/1172631/0001493152-19-004282.txt
"UNIROYAL GLOBAL ENGINEERED PRODUCTS, INC.",0001172706,10-K,2019-03-18,edgar/data/1172706/0001214659-19-002174.txt
Ohr Pharmaceutical Inc,0001173281,10-K,2019-01-03,edgar/data/1173281/0001387131-19-000051.txt
NOVAGOLD RESOURCES INC,0001173420,10-K,2019-01-23,edgar/data/1173420/0001171843-19-000448.txt
CEVA INC,0001173489,10-K,2019-03-04,edgar/data/1173489/0001437749-19-003949.txt
"HYSTER-YALE MATERIALS HANDLING, INC.",0001173514,10-K,2019-02-26,edgar/data/1173514/0001173514-19-000010.txt
CHASE ISSUANCE TRUST,0001174821,10-K,2019-03-29,edgar/data/1174821/0001193125-19-092428.txt
NICOLET BANKSHARES INC,0001174850,10-K,2019-03-08,edgar/data/1174850/0001174850-19-000013.txt
WYNN RESORTS LTD,0001174922,10-K,2019-02-28,edgar/data/1174922/0001174922-19-000021.txt
ORAGENICS INC,0001174940,10-K,2019-03-29,edgar/data/1174940/0001564590-19-010173.txt
Cytosorbents Corp,0001175151,10-K,2019-03-07,edgar/data/1175151/0001144204-19-012774.txt
FLEETCOR TECHNOLOGIES INC,0001175454,10-K,2019-03-01,edgar/data/1175454/0001175454-19-000004.txt
Drive Shack Inc.,0001175483,10-K,2019-03-15,edgar/data/1175483/0001175483-19-000004.txt
FIVE PRIME THERAPEUTICS INC,0001175505,10-K,2019-02-26,edgar/data/1175505/0001564590-19-004472.txt
Whitestone REIT,0001175535,10-K,2019-03-15,edgar/data/1175535/0001175535-19-000012.txt
MARTIN MIDSTREAM PARTNERS LP,0001176334,10-K,2019-02-19,edgar/data/1176334/0001176334-19-000019.txt
TIER REIT INC,0001176373,10-K,2019-02-11,edgar/data/1176373/0001176373-19-000050.txt
Ares Management Corp,0001176948,10-K,2019-02-26,edgar/data/1176948/0001628280-19-001988.txt
SYNNEX CORP,0001177394,10-K,2019-01-28,edgar/data/1177394/0001564590-19-001232.txt
"FIVE BELOW, INC",0001177609,10-K,2019-03-28,edgar/data/1177609/0001177609-19-000010.txt
SAIA INC,0001177702,10-K,2019-02-25,edgar/data/1177702/0001564590-19-004105.txt
USAA ACCEPTANCE LLC,0001178049,10-K,2019-03-28,edgar/data/1178049/0001193125-19-089605.txt
USAA ACCEPTANCE LLC,0001178049,10-K,2019-03-28,edgar/data/1178049/0001193125-19-089616.txt
SCYNEXIS INC,0001178253,10-K,2019-03-14,edgar/data/1178253/0001564590-19-007834.txt
"ALNYLAM PHARMACEUTICALS, INC.",0001178670,10-K,2019-02-14,edgar/data/1178670/0001564590-19-003022.txt
"Paratek Pharmaceuticals, Inc.",0001178711,10-K,2019-03-06,edgar/data/1178711/0001564590-19-006315.txt
DRONE AVIATION HOLDING CORP.,0001178727,10-K,2019-03-22,edgar/data/1178727/0001213900-19-004682.txt
"AMICUS THERAPEUTICS, INC.",0001178879,10-K,2019-02-28,edgar/data/1178879/0001178879-19-000024.txt
PROVIDENT FINANCIAL SERVICES INC,0001178970,10-K,2019-03-01,edgar/data/1178970/0001628280-19-002379.txt
"EnLink Midstream Partners, LP",0001179060,10-K,2019-02-20,edgar/data/1179060/0001179060-19-000008.txt
MOLINA HEALTHCARE INC,0001179929,10-K,2019-02-19,edgar/data/1179929/0001179929-19-000032.txt
HERBALIFE NUTRITION LTD.,0001180262,10-K,2019-02-19,edgar/data/1180262/0001564590-19-003287.txt
"Granite Falls Energy, LLC",0001181749,10-K,2019-01-29,edgar/data/1181749/0001181749-19-000005.txt
"VOLKSWAGEN AUTO LEASE/LOAN UNDERWRITTEN FUNDING, LLC",0001182534,10-K,2019-03-29,edgar/data/1182534/0001193125-19-092466.txt
"VOLKSWAGEN AUTO LEASE/LOAN UNDERWRITTEN FUNDING, LLC",0001182534,10-K,2019-03-29,edgar/data/1182534/0001193125-19-092494.txt
"Molecular Templates, Inc.",0001183765,10-K,2019-03-29,edgar/data/1183765/0001564590-19-010145.txt
AEI INCOME & GROWTH FUND 25 LLC,0001185198,10-K,2019-03-29,edgar/data/1185198/0001326321-19-000014.txt
PRA GROUP INC,0001185348,10-K,2019-03-12,edgar/data/1185348/0001185348-19-000009.txt
ATEL CAPITAL EQUIPMENT FUND X LLC,0001186258,10-K,2019-03-18,edgar/data/1186258/0001144204-19-014394.txt
INNOVATIVE DESIGNS INC,0001190370,10-K,2019-03-13,edgar/data/1190370/0001731122-19-000117.txt
GLAUKOS Corp,0001192448,10-K,2019-02-28,edgar/data/1192448/0001558370-19-001235.txt
ONCOR ELECTRIC DELIVERY CO LLC,0001193311,10-K,2019-02-26,edgar/data/1193311/0001193311-19-000011.txt
POTBELLY CORP,0001195734,10-K,2019-03-01,edgar/data/1195734/0001564590-19-005583.txt
NEPHROS INC,0001196298,10-K,2019-03-12,edgar/data/1196298/0001493152-19-003127.txt
HMS HOLDINGS CORP,0001196501,10-K,2019-02-25,edgar/data/1196501/0001171843-19-001183.txt
"Altegris Winton Futures Fund, L.P.",0001198415,10-K,2019-03-29,edgar/data/1198415/0001683168-19-000823.txt
CODEXIS INC,0001200375,10-K,2019-03-01,edgar/data/1200375/0001200375-19-000005.txt
AMERICAN PUBLIC EDUCATION INC,0001201792,10-K,2019-03-12,edgar/data/1201792/0001201792-19-000003.txt
"VACCINEX, INC.",0001205922,10-K,2019-03-13,edgar/data/1205922/0001564590-19-007458.txt
"TEMPUR SEALY INTERNATIONAL, INC.",0001206264,10-K,2019-02-25,edgar/data/1206264/0001206264-19-000047.txt
Arlington Asset Investment Corp.,0001209028,10-K,2019-02-19,edgar/data/1209028/0001564590-19-003268.txt
CERES TACTICAL SYSTEMATIC L.P.,0001209709,10-K,2019-03-26,edgar/data/1209709/0001193125-19-086266.txt
"Hudson Global, Inc.",0001210708,10-K,2019-03-08,edgar/data/1210708/0001210708-19-000005.txt
FENNEC PHARMACEUTICALS INC.,0001211583,10-K,2019-03-15,edgar/data/1211583/0001144204-19-014220.txt
"My Size, Inc.",0001211805,10-K,2019-03-27,edgar/data/1211805/0001213900-19-004966.txt
PROOFPOINT INC,0001212458,10-K,2019-02-21,edgar/data/1212458/0001564590-19-003699.txt
WESTERN ALLIANCE BANCORPORATION,0001212545,10-K,2019-03-01,edgar/data/1212545/0001212545-19-000066.txt
"Trovagene, Inc.",0001213037,10-K,2019-03-06,edgar/data/1213037/0001628280-19-002546.txt
DYADIC INTERNATIONAL INC,0001213809,10-K,2019-03-27,edgar/data/1213809/0001213809-19-000006.txt
AXIS CAPITAL HOLDINGS LTD,0001214816,10-K,2019-02-26,edgar/data/1214816/0001214816-19-000010.txt
"CareDx, Inc.",0001217234,10-K,2019-03-06,edgar/data/1217234/0001564590-19-006533.txt
CROWN HOLDINGS INC,0001219601,10-K,2019-02-28,edgar/data/1219601/0001219601-19-000005.txt
PROVIDENCE SERVICE CORP,0001220754,10-K,2019-03-01,edgar/data/1220754/0001220754-19-000038.txt
"RETAIL PROPERTIES OF AMERICA, INC.",0001222840,10-K,2019-02-13,edgar/data/1222840/0001222840-19-000007.txt
CONNS INC,0001223389,10-K,2019-03-26,edgar/data/1223389/0001223389-19-000010.txt
STRUCTURED OBLIGATIONS CORP SELECT NOTES TRUST LT SER 2003-1,0001223444,10-K,2019-03-29,edgar/data/1223444/0001068238-19-000080.txt
SPHERIX INC,0000012239,10-K,2019-03-12,edgar/data/12239/0001615774-19-003916.txt
MARCHEX INC,0001224133,10-K,2019-03-18,edgar/data/1224133/0001564590-19-008264.txt
"CNO Financial Group, Inc.",0001224608,10-K,2019-02-26,edgar/data/1224608/0001224608-19-000010.txt
IBM CREDIT LLC,0001225307,10-K,2019-02-27,edgar/data/1225307/0001558370-19-001199.txt
RFS HOLDING LLC,0001226006,10-K,2019-03-29,edgar/data/1226006/0001144204-19-016782.txt
MEDICINOVA INC,0001226616,10-K,2019-02-13,edgar/data/1226616/0001564590-19-002835.txt
NEOPHOTONICS CORP,0001227025,10-K,2019-03-08,edgar/data/1227025/0001227025-19-000013.txt
STRUCTURED OBLIGATIONS CORP SELECT NOTES TRUST LT SER 2003-2,0001227090,10-K,2019-03-29,edgar/data/1227090/0001068238-19-000084.txt
CERES ORION L.P.,0001227265,10-K,2019-03-26,edgar/data/1227265/0001193125-19-086252.txt
EQUITY BANCSHARES INC,0001227500,10-K,2019-03-20,edgar/data/1227500/0001564590-19-008675.txt
"Neuronetics, Inc.",0001227636,10-K,2019-03-05,edgar/data/1227636/0001564590-19-006276.txt
COMPASS MINERALS INTERNATIONAL INC,0001227654,10-K,2019-03-01,edgar/data/1227654/0001227654-19-000037.txt
BCB BANCORP INC,0001228454,10-K,2019-03-18,edgar/data/1228454/0001562762-19-000080.txt
"REXAHN PHARMACEUTICALS, INC.",0001228627,10-K,2019-03-07,edgar/data/1228627/0001140361-19-004539.txt
KAANAPALI LAND LLC,0001230058,10-K,2019-03-28,edgar/data/1230058/0000892626-19-000038.txt
PIPER JAFFRAY COMPANIES,0001230245,10-K,2019-02-26,edgar/data/1230245/0001230245-19-000025.txt
Jazz Pharmaceuticals plc,0001232524,10-K,2019-02-26,edgar/data/1232524/0001232524-19-000013.txt
ASHFORD HOSPITALITY TRUST INC,0001232582,10-K,2019-03-01,edgar/data/1232582/0001232582-19-000016.txt
GLADSTONE COMMERCIAL CORP,0001234006,10-K,2019-02-13,edgar/data/1234006/0001234006-19-000003.txt
MOMENTA PHARMACEUTICALS INC,0001235010,10-K,2019-02-22,edgar/data/1235010/0001235010-19-000002.txt
"SilverSun Technologies, Inc.",0001236275,10-K,2019-03-28,edgar/data/1236275/0001185185-19-000423.txt
"Endurance International Group Holdings, Inc.",0001237746,10-K,2019-02-21,edgar/data/1237746/0001628280-19-001696.txt
GLOBUS MEDICAL INC,0001237831,10-K,2019-02-21,edgar/data/1237831/0001237831-19-000014.txt
LUNA INNOVATIONS INC,0001239819,10-K,2019-03-15,edgar/data/1239819/0001239819-19-000029.txt
BLACK HILLS POWER INC,0000012400,10-K,2019-02-21,edgar/data/12400/0000012400-19-000003.txt
"GI DYNAMICS, INC.",0001245791,10-K,2019-03-13,edgar/data/1245791/0001564590-19-007406.txt
"Apollo Endosurgery, Inc.",0001251769,10-K,2019-03-18,edgar/data/1251769/0001251769-19-000009.txt
"COLUMBIA PROPERTY TRUST, INC.",0001252849,10-K,2019-02-13,edgar/data/1252849/0001252849-19-000035.txt
VAPOTHERM INC,0001253176,10-K,2019-03-22,edgar/data/1253176/0001564590-19-009008.txt
OLD LINE BANCSHARES INC,0001253317,10-K,2019-03-13,edgar/data/1253317/0001171843-19-001697.txt
GLYCOMIMETICS INC,0001253689,10-K,2019-03-06,edgar/data/1253689/0001558370-19-001537.txt
ARBOR REALTY TRUST INC,0001253986,10-K,2019-02-15,edgar/data/1253986/0001047469-19-000508.txt
QVC INC,0001254699,10-K,2019-02-28,edgar/data/1254699/0001254699-19-000003.txt
WHITING PETROLEUM CORP,0001255474,10-K,2019-02-28,edgar/data/1255474/0001255474-19-000009.txt
STRUCTURED OBLIGATIONS CORP LONG TERM CERT SER 2003 3,0001255604,10-K,2019-03-29,edgar/data/1255604/0001068238-19-000085.txt
KRONOS WORLDWIDE INC,0001257640,10-K,2019-03-11,edgar/data/1257640/0001564590-19-007183.txt
NELNET INC,0001258602,10-K,2019-02-27,edgar/data/1258602/0001258602-19-000022.txt
Oxford Square Capital Corp.,0001259429,10-K,2019-02-28,edgar/data/1259429/0001615774-19-003361.txt
CONTROL4 CORP,0001259515,10-K,2019-02-11,edgar/data/1259515/0001558370-19-000557.txt
HYUNDAI ABS FUNDING LLC,0001260125,10-K,2019-03-20,edgar/data/1260125/0001144204-19-015060.txt
HYUNDAI ABS FUNDING LLC,0001260125,10-K,2019-03-20,edgar/data/1260125/0001144204-19-015062.txt
HYUNDAI ABS FUNDING LLC,0001260125,10-K,2019-03-20,edgar/data/1260125/0001144204-19-015065.txt
HYUNDAI ABS FUNDING LLC,0001260125,10-K,2019-03-20,edgar/data/1260125/0001144204-19-015068.txt
HYUNDAI ABS FUNDING LLC,0001260125,10-K,2019-03-20,edgar/data/1260125/0001144204-19-015071.txt
HYUNDAI ABS FUNDING LLC,0001260125,10-K,2019-03-20,edgar/data/1260125/0001144204-19-015074.txt
HYUNDAI ABS FUNDING LLC,0001260125,10-K,2019-03-20,edgar/data/1260125/0001144204-19-015080.txt
HYUNDAI ABS FUNDING LLC,0001260125,10-K,2019-03-20,edgar/data/1260125/0001144204-19-015086.txt
HYUNDAI ABS FUNDING LLC,0001260125,10-K,2019-03-20,edgar/data/1260125/0001144204-19-015093.txt
MARLIN BUSINESS SERVICES CORP,0001260968,10-K,2019-03-08,edgar/data/1260968/0001193125-19-069006.txt
GTX INC /DE/,0001260990,10-K,2019-03-18,edgar/data/1260990/0001047469-19-001382.txt
AGILE THERAPEUTICS INC,0001261249,10-K,2019-03-12,edgar/data/1261249/0001047469-19-001136.txt
DOCUSIGN INC,0001261333,10-K,2019-03-26,edgar/data/1261333/0001261333-19-000012.txt
FORTINET INC,0001262039,10-K,2019-02-27,edgar/data/1262039/0001262039-19-000006.txt
WESTLAKE CHEMICAL CORP,0001262823,10-K,2019-02-20,edgar/data/1262823/0001262823-19-000012.txt
"SELECT BANCORP, INC.",0001263762,10-K,2019-03-15,edgar/data/1263762/0001144204-19-014294.txt
STRUCTURED OBLIGATIONS CORP LONG TERM CERTS SER 2003-4,0001264157,10-K,2019-03-29,edgar/data/1264157/0001068238-19-000083.txt
STEMLINE THERAPEUTICS INC,0001264587,10-K,2019-03-15,edgar/data/1264587/0001104659-19-015293.txt
Hilltop Holdings Inc.,0001265131,10-K,2019-02-15,edgar/data/1265131/0001558370-19-000715.txt
SECOND SIGHT MEDICAL PRODUCTS INC,0001266806,10-K,2019-03-19,edgar/data/1266806/0001564590-19-008372.txt
LEHMAN ABS CORP BACKED TRUST CERTS SER 2001-8,0001266832,10-K,2019-03-28,edgar/data/1266832/0001193125-19-090440.txt
ASSURANT INC,0001267238,10-K,2019-02-22,edgar/data/1267238/0001628280-19-001767.txt
MERRILL LYNCH DEPOSITOR INC INDEXPLUS TRUST SERIES 2003-1,0001267332,10-K,2019-03-22,edgar/data/1267332/0001174947-19-000421.txt
ASPEN INSURANCE HOLDINGS LTD,0001267395,10-K,2019-02-13,edgar/data/1267395/0001267395-19-000008.txt
BCTC V ASSIGNOR CORP,0001267426,10-K,2019-03-04,edgar/data/1267426/0001267426-19-000002.txt
"COLLEGIUM PHARMACEUTICAL, INC",0001267565,10-K,2019-02-27,edgar/data/1267565/0001558370-19-001187.txt
ALIMERA SCIENCES INC,0001267602,10-K,2019-02-25,edgar/data/1267602/0001267602-19-000043.txt
MELT INC,0001267612,10-K,2019-02-25,edgar/data/1267612/0001615774-19-002960.txt
MARINUS PHARMACEUTICALS INC,0001267813,10-K,2019-03-12,edgar/data/1267813/0001558370-19-001860.txt
PORTOLA PHARMACEUTICALS INC,0001269021,10-K,2019-03-01,edgar/data/1269021/0001564590-19-005772.txt
"Sintx Technologies, Inc.",0001269026,10-K,2019-03-11,edgar/data/1269026/0001493152-19-003059.txt
EMERGING CTA PORTFOLIO LP,0001269190,10-K,2019-03-26,edgar/data/1269190/0001193125-19-086251.txt
STRUCTURED OBLIGATIONS CORP LONG TERM CERTS SER 2003-5,0001269371,10-K,2019-03-29,edgar/data/1269371/0001068238-19-000082.txt
CABCO TRUST FOR J.C. PENNEY DEBENTURES,0001269980,10-K,2019-03-28,edgar/data/1269980/0001193125-19-089574.txt
"INTERCEPT PHARMACEUTICALS, INC.",0001270073,10-K,2019-03-01,edgar/data/1270073/0001144204-19-011650.txt
Cohen & Co Inc.,0001270436,10-K,2019-03-08,edgar/data/1270436/0001270436-19-000004.txt
"Intersect ENT, Inc.",0001271214,10-K,2019-02-28,edgar/data/1271214/0001193125-19-057406.txt
CCO HOLDINGS LLC,0001271833,10-K,2019-02-08,edgar/data/1271833/0001271833-19-000004.txt
CCO HOLDINGS CAPITAL CORP,0001271834,10-K,2019-02-08,edgar/data/1271834/0001271833-19-000004.txt
VONAGE HOLDINGS CORP,0001272830,10-K,2019-02-27,edgar/data/1272830/0001272830-19-000051.txt
AIRGAIN INC,0001272842,10-K,2019-03-15,edgar/data/1272842/0001564590-19-008047.txt
GRAN TIERRA ENERGY INC.,0001273441,10-K,2019-02-27,edgar/data/1273441/0001273441-19-000008.txt
NEW YORK MORTGAGE TRUST INC,0001273685,10-K,2019-02-25,edgar/data/1273685/0001273685-19-000020.txt
ASSURED GUARANTY LTD,0001273813,10-K,2019-03-01,edgar/data/1273813/0001273813-19-000004.txt
MONEYGRAM INTERNATIONAL INC,0001273931,10-K,2019-03-06,edgar/data/1273931/0001273931-19-000061.txt
JANUS HENDERSON GROUP PLC,0001274173,10-K,2019-02-26,edgar/data/1274173/0001558370-19-001101.txt
"FIRST SOLAR, INC.",0001274494,10-K,2019-02-22,edgar/data/1274494/0001274494-19-000004.txt
MERRIMACK PHARMACEUTICALS INC,0001274792,10-K,2019-03-06,edgar/data/1274792/0001564590-19-006385.txt
"Ultra Clean Holdings, Inc.",0001275014,10-K,2019-03-22,edgar/data/1275014/0001564590-19-009033.txt
BANK OF THE JAMES FINANCIAL GROUP INC,0001275101,10-K,2019-03-22,edgar/data/1275101/0001193125-19-083208.txt
NOODLES & Co,0001275158,10-K,2019-03-15,edgar/data/1275158/0001275158-19-000010.txt
"General Moly, Inc",0001275229,10-K,2019-03-21,edgar/data/1275229/0001558370-19-002331.txt
"BIMINI CAPITAL MANAGEMENT, INC.",0001275477,10-K,2019-03-20,edgar/data/1275477/0001275477-19-000037.txt
Energy Transfer LP,0001276187,10-K,2019-02-22,edgar/data/1276187/0001276187-19-000011.txt
GENWORTH FINANCIAL INC,0001276520,10-K,2019-02-27,edgar/data/1276520/0001193125-19-052835.txt
MVB FINANCIAL CORP,0001277902,10-K,2019-03-08,edgar/data/1277902/0001277902-19-000008.txt
MARKETAXESS HOLDINGS INC,0001278021,10-K,2019-02-20,edgar/data/1278021/0001564590-19-003476.txt
"B&G Foods, Inc.",0001278027,10-K,2019-02-26,edgar/data/1278027/0001558370-19-001089.txt
ISHARES GOLD TRUST,0001278680,10-K,2019-02-28,edgar/data/1278680/0001437749-19-003631.txt
"WELLCARE HEALTH PLANS, INC.",0001279363,10-K,2019-02-12,edgar/data/1279363/0001279363-19-000008.txt
"Zoned Properties, Inc.",0001279620,10-K,2019-03-28,edgar/data/1279620/0001213900-19-005101.txt
UNIVERSAL BIOSENSORS INC,0001279695,10-K,2019-02-22,edgar/data/1279695/0001193125-19-047634.txt
"Cellectar Biosciences, Inc.",0001279704,10-K,2019-02-26,edgar/data/1279704/0001144204-19-009973.txt
"Wright Investors Service Holdings, Inc.",0001279715,10-K,2019-03-29,edgar/data/1279715/0001214659-19-002360.txt
BLACKBAUD INC,0001280058,10-K,2019-02-20,edgar/data/1280058/0001280058-19-000007.txt
AMBARELLA INC,0001280263,10-K,2019-03-29,edgar/data/1280263/0001564590-19-010114.txt
MONOLITHIC POWER SYSTEMS INC,0001280452,10-K,2019-03-01,edgar/data/1280452/0001437749-19-003798.txt
ACCELERON PHARMA INC,0001280600,10-K,2019-02-27,edgar/data/1280600/0001280600-19-000012.txt
VITAL THERAPIES INC,0001280776,10-K,2019-03-04,edgar/data/1280776/0001280776-19-000025.txt
"Hercules Capital, Inc.",0001280784,10-K,2019-02-21,edgar/data/1280784/0001564590-19-003680.txt
REGIONS FINANCIAL CORP,0001281761,10-K,2019-02-22,edgar/data/1281761/0001281761-19-000019.txt
TOWN SPORTS INTERNATIONAL HOLDINGS INC,0001281774,10-K,2019-02-28,edgar/data/1281774/0001281774-19-000007.txt
"ROCKET PHARMACEUTICALS, INC.",0001281895,10-K,2019-03-08,edgar/data/1281895/0001140361-19-004603.txt
"Social Life Network, Inc.",0001281984,10-K,2019-03-15,edgar/data/1281984/0001213900-19-004264.txt
"WINDSTREAM HOLDINGS, INC.",0001282266,10-K,2019-03-15,edgar/data/1282266/0001282266-19-000019.txt
NETLIST INC,0001282631,10-K,2019-03-22,edgar/data/1282631/0001558370-19-002368.txt
NEWMARKET CORP,0001282637,10-K,2019-02-19,edgar/data/1282637/0001282637-19-000006.txt
HALCON RESOURCES CORP,0001282648,10-K,2019-03-12,edgar/data/1282648/0001047469-19-001144.txt
WORLD FINANCIAL NETWORK CREDIT CARD MASTER NOTE TRUST,0001282663,10-K,2019-03-27,edgar/data/1282663/0001101215-19-000060.txt
GREENHILL & CO INC,0001282977,10-K,2019-03-01,edgar/data/1282977/0001282977-19-000005.txt
HOLLY ENERGY PARTNERS LP,0001283140,10-K,2019-02-20,edgar/data/1283140/0001283140-19-000007.txt
STRUCTURED PRODUCTS CORP CRED ENHANCE CORTS TR FOR AON CAP A,0001283337,10-K,2019-03-22,edgar/data/1283337/0001068238-19-000060.txt
AMERICAN EXPRESS RECEIVABLES FINANCING CORP III LLC,0001283434,10-K,2019-03-25,edgar/data/1283434/0001193125-19-085443.txt
STRUCTURED PRODUCTS CORP TIERS PRI PRO CER TR SE FFH 2001-12,0001283450,10-K,2019-03-22,edgar/data/1283450/0001068238-19-000059.txt
STRUCTURED PRODUCTS CORP CORTS TR FOR PECO ENERGY CAP TR III,0001283464,10-K,2019-03-22,edgar/data/1283464/0001068238-19-000061.txt
STRUCTURED PRODUCTS CORTS TRUST FOR JC PENNEY DEBENTURES,0001283602,10-K,2019-03-22,edgar/data/1283602/0001068238-19-000062.txt
AMERICAN CAMPUS COMMUNITIES INC,0001283630,10-K,2019-02-28,edgar/data/1283630/0001283630-19-000033.txt
"T-Mobile US, Inc.",0001283699,10-K,2019-02-07,edgar/data/1283699/0001283699-19-000015.txt
LEHMAN ABS CORP GOLDMAN SACHS CAP 1 SEC BACKED SER 2004-6,0001284143,10-K,2019-03-28,edgar/data/1284143/0001193125-19-090456.txt
COHEN & STEERS INC,0001284812,10-K,2019-03-01,edgar/data/1284812/0001284812-19-000102.txt
MOSAIC CO,0001285785,10-K,2019-03-13,edgar/data/1285785/0001618034-19-000004.txt
OMEROS CORP,0001285819,10-K,2019-03-01,edgar/data/1285819/0001628280-19-002324.txt
KITE REALTY GROUP TRUST,0001286043,10-K,2019-02-27,edgar/data/1286043/0001286043-19-000021.txt
REALPAGE INC,0001286225,10-K,2019-02-27,edgar/data/1286225/0001286225-19-000007.txt
STRATS SM TRUST FOR U S CELL CORP SEC SERIES 2004 6,0001286405,10-K,2019-03-29,edgar/data/1286405/0001387131-19-002283.txt
ALL FOR ONE MEDIA CORP.,0001286459,10-K,2019-01-15,edgar/data/1286459/0001477932-19-000148.txt
LINCOLN EDUCATIONAL SERVICES CORP,0001286613,10-K,2019-03-13,edgar/data/1286613/0001567619-19-006729.txt
DOMINOS PIZZA INC,0001286681,10-K,2019-02-21,edgar/data/1286681/0001193125-19-046191.txt
"Heron Lake BioEnergy, LLC",0001286964,10-K,2019-01-29,edgar/data/1286964/0001286964-19-000003.txt
"DOUGLAS DYNAMICS, INC",0001287213,10-K,2019-02-26,edgar/data/1287213/0001558370-19-001106.txt
ARES CAPITAL CORP,0001287750,10-K,2019-02-12,edgar/data/1287750/0001287750-19-000004.txt
MEDICAL PROPERTIES TRUST INC,0001287865,10-K,2019-03-01,edgar/data/1287865/0001564590-19-005843.txt
OTELCO INC.,0001288359,10-K,2019-03-08,edgar/data/1288359/0001144204-19-012912.txt
W&T OFFSHORE INC,0001288403,10-K,2019-02-28,edgar/data/1288403/0001564590-19-005457.txt
MAXLINEAR INC,0001288469,10-K,2019-02-05,edgar/data/1288469/0001288469-19-000006.txt
"Five9, Inc.",0001288847,10-K,2019-02-25,edgar/data/1288847/0001288847-19-000021.txt
"OptimumBank Holdings, Inc.",0001288855,10-K,2019-03-27,edgar/data/1288855/0001493152-19-003983.txt
"U. S. Premium Beef, LLC",0001289237,10-K,2019-03-13,edgar/data/1289237/0001003297-19-000030.txt
"Stereotaxis, Inc.",0001289340,10-K,2019-03-15,edgar/data/1289340/0001493152-19-003425.txt
"Morningstar, Inc.",0001289419,10-K,2019-03-01,edgar/data/1289419/0001289419-19-000035.txt
"Texas Roadhouse, Inc.",0001289460,10-K,2019-02-22,edgar/data/1289460/0001558370-19-000899.txt
Extra Space Storage Inc.,0001289490,10-K,2019-02-26,edgar/data/1289490/0001628280-19-001968.txt
PROFIRE ENERGY INC,0001289636,10-K,2019-03-06,edgar/data/1289636/0001289636-19-000007.txt
Macquarie Infrastructure Corp,0001289790,10-K,2019-02-20,edgar/data/1289790/0001144204-19-009151.txt
CABCO SERIES 2004-101 TRUST (GOLDMAN SACHS CAPITAL I),0001289838,10-K,2019-03-28,edgar/data/1289838/0001193125-19-089555.txt
Huron Consulting Group Inc.,0001289848,10-K,2019-02-27,edgar/data/1289848/0001289848-19-000014.txt
"NeuroMetrix, Inc.",0001289850,10-K,2019-01-24,edgar/data/1289850/0001628280-19-000527.txt
"Spok Holdings, Inc",0001289945,10-K,2019-02-28,edgar/data/1289945/0001289945-19-000011.txt
Synchrony Credit Card Master Note Trust,0001290098,10-K,2019-03-29,edgar/data/1290098/0001144204-19-016782.txt
"Sierra Oncology, Inc.",0001290149,10-K,2019-02-28,edgar/data/1290149/0001193125-19-055556.txt
Wells Fargo Dealer Floorplan Master Note Trust,0001290200,10-K,2019-03-29,edgar/data/1290200/0001144204-19-016936.txt
"CDF Funding, Inc.",0001290205,10-K,2019-03-29,edgar/data/1290205/0001144204-19-016936.txt
Village Bank & Trust Financial Corp.,0001290476,10-K,2019-03-29,edgar/data/1290476/0001144204-19-017015.txt
"Turning Point Brands, Inc.",0001290677,10-K,2019-03-07,edgar/data/1290677/0001140361-19-004508.txt
"Commercial Vehicle Group, Inc.",0001290900,10-K,2019-03-11,edgar/data/1290900/0001628280-19-002781.txt
BOEING CO,0000012927,10-K,2019-02-08,edgar/data/12927/0000012927-19-000010.txt
Select Notes Trust LT 2004-1,0001293234,10-K,2019-03-29,edgar/data/1293234/0001068238-19-000081.txt
TechTarget Inc,0001293282,10-K,2019-03-13,edgar/data/1293282/0001564590-19-007403.txt
"HUMANIGEN, INC",0001293310,10-K,2019-03-26,edgar/data/1293310/0001214659-19-002284.txt
OPGEN INC,0001293818,10-K,2019-02-27,edgar/data/1293818/0001564590-19-004950.txt
"bluebird bio, Inc.",0001293971,10-K,2019-02-21,edgar/data/1293971/0001564590-19-003694.txt
Inogen Inc,0001294133,10-K,2019-02-26,edgar/data/1294133/0001564590-19-004462.txt
WALKER INNOVATION INC.,0001294649,10-K,2019-02-15,edgar/data/1294649/0001437749-19-002725.txt
PPLUS Trust Series GSC-2,0001294808,10-K,2019-03-22,edgar/data/1294808/0001174947-19-000419.txt
"Bancorp, Inc.",0001295401,10-K,2019-03-15,edgar/data/1295401/0001295401-19-000040.txt
"Sunstone Hotel Investors, Inc.",0001295810,10-K,2019-02-14,edgar/data/1295810/0001558370-19-000674.txt
ZAGG Inc,0001296205,10-K,2019-03-14,edgar/data/1296205/0001296205-19-000020.txt
Neenah Inc,0001296435,10-K,2019-02-22,edgar/data/1296435/0001296435-19-000067.txt
"ORMAT TECHNOLOGIES, INC.",0001296445,10-K,2019-03-01,edgar/data/1296445/0001437749-19-003760.txt
"Amphastar Pharmaceuticals, Inc.",0001297184,10-K,2019-03-15,edgar/data/1297184/0001297184-19-000013.txt
"ATEL Capital Equipment Fund XI, LLC",0001297667,10-K,2019-03-18,edgar/data/1297667/0001144204-19-014397.txt
OHA Investment Corp,0001297704,10-K,2019-03-21,edgar/data/1297704/0001297704-19-000016.txt
"ExlService Holdings, Inc.",0001297989,10-K,2019-02-28,edgar/data/1297989/0001297989-19-000002.txt
"Digital Realty Trust, Inc.",0001297996,10-K,2019-02-25,edgar/data/1297996/0001297996-19-000032.txt
CubeSmart,0001298675,10-K,2019-02-22,edgar/data/1298675/0001298675-19-000009.txt
DiamondRock Hospitality Co,0001298946,10-K,2019-02-27,edgar/data/1298946/0001298946-19-000025.txt
"PACIFIC BIOSCIENCES OF CALIFORNIA, INC.",0001299130,10-K,2019-02-26,edgar/data/1299130/0001299130-19-000014.txt
TearLab Corp,0001299139,10-K,2019-03-22,edgar/data/1299139/0001493152-19-003794.txt
"Comstock Holding Companies, Inc.",0001299969,10-K,2019-03-29,edgar/data/1299969/0001564590-19-010210.txt
"CubeSmart, L.P.",0001300485,10-K,2019-02-22,edgar/data/1300485/0001298675-19-000009.txt
LAS VEGAS SANDS CORP,0001300514,10-K,2019-02-22,edgar/data/1300514/0001300514-19-000021.txt
"Athenex, Inc.",0001300699,10-K,2019-03-11,edgar/data/1300699/0001564590-19-007092.txt
Sotherly Hotels Inc.,0001301236,10-K,2019-03-15,edgar/data/1301236/0001564590-19-008031.txt
BlueLinx Holdings Inc.,0001301787,10-K,2019-03-13,edgar/data/1301787/0001301787-19-000013.txt
"Premier Product Group, Inc.",0001301838,10-K,2019-02-01,edgar/data/1301838/0001721868-19-000039.txt
"Manitex International, Inc.",0001302028,10-K,2019-03-15,edgar/data/1302028/0001564590-19-007979.txt
JMP GROUP LLC,0001302350,10-K,2019-03-28,edgar/data/1302350/0001437749-19-005928.txt
OncoMed Pharmaceuticals Inc,0001302573,10-K,2019-03-07,edgar/data/1302573/0001564590-19-006795.txt
"LHC Group, Inc",0001303313,10-K,2019-02-28,edgar/data/1303313/0001303313-19-000016.txt
Tableau Software Inc,0001303652,10-K,2019-02-22,edgar/data/1303652/0001303652-19-000007.txt
BankFinancial CORP,0001303942,10-K,2019-02-11,edgar/data/1303942/0001303942-19-000017.txt
"Pharma-Bio Serv, Inc.",0001304161,10-K,2019-01-29,edgar/data/1304161/0001654954-19-000854.txt
ATHENA SILVER CORP,0001304409,10-K,2019-03-29,edgar/data/1304409/0001683168-19-000830.txt
"Consolidated Communications Holdings, Inc.",0001304421,10-K,2019-02-26,edgar/data/1304421/0001558370-19-001019.txt
Crestwood Midstream Partners LP,0001304464,10-K,2019-02-22,edgar/data/1304464/0001136352-19-000003.txt
"Precious Investments, Inc.",0001304741,10-K,2019-03-21,edgar/data/1304741/0001663577-19-000112.txt
"ARC DOCUMENT SOLUTIONS, INC.",0001305168,10-K,2019-03-06,edgar/data/1305168/0001305168-19-000026.txt
"Eiger BioPharmaceuticals, Inc.",0001305253,10-K,2019-03-14,edgar/data/1305253/0001564590-19-007830.txt
Bridgepoint Education Inc,0001305323,10-K,2019-03-12,edgar/data/1305323/0001305323-19-000028.txt
Conformis Inc,0001305773,10-K,2019-03-13,edgar/data/1305773/0001305773-19-000028.txt
Celanese Corp,0001306830,10-K,2019-02-07,edgar/data/1306830/0001306830-19-000014.txt
InvenTrust Properties Corp.,0001307748,10-K,2019-03-07,edgar/data/1307748/0001307748-19-000025.txt
Huntsman CORP,0001307954,10-K,2019-02-12,edgar/data/1307954/0001558370-19-000573.txt
"UNIVERSAL LOGISTICS HOLDINGS, INC.",0001308208,10-K,2019-03-18,edgar/data/1308208/0001564590-19-008323.txt
"SPIRIT REALTY CAPITAL, INC.",0001308606,10-K,2019-02-21,edgar/data/1308606/0001308606-19-000035.txt
WEX Inc.,0001309108,10-K,2019-03-18,edgar/data/1309108/0001309108-19-000020.txt
Green Plains Inc.,0001309402,10-K,2019-02-20,edgar/data/1309402/0001309402-19-000024.txt
"SERVICESOURCE INTERNATIONAL, INC.",0001310114,10-K,2019-02-28,edgar/data/1310114/0001310114-19-000006.txt
CABCO SERIES 2004-102 TRUST (SBC COMMUNICATIONS INC.),0001310227,10-K,2019-03-28,edgar/data/1310227/0001193125-19-089566.txt
"Summit Healthcare REIT, Inc",0001310383,10-K,2019-03-22,edgar/data/1310383/0001144204-19-015603.txt
"BIOFORCE NANOSCIENCES HOLDINGS, INC.",0001310488,10-K,2019-03-29,edgar/data/1310488/0001091818-19-000088.txt
"Trafalgar Resources, Inc.",0001310630,10-K,2019-01-09,edgar/data/1310630/0001548123-19-000007.txt
"CenterPoint Energy Transition Bond CO II, LLC",0001310914,10-K,2019-03-25,edgar/data/1310914/0001193125-19-085442.txt
INTERMOLECULAR INC,0001311241,10-K,2019-03-08,edgar/data/1311241/0001564590-19-007009.txt
Lazard Ltd,0001311370,10-K,2019-02-26,edgar/data/1311370/0001564590-19-004164.txt
"Yacht Finders, Inc.",0001311673,10-K,2019-03-29,edgar/data/1311673/0001493152-19-004200.txt
BRIGHTCOVE INC,0001313275,10-K,2019-02-21,edgar/data/1313275/0001193125-19-047023.txt
SOTHERLY HOTELS LP,0001313536,10-K,2019-03-15,edgar/data/1313536/0001564590-19-008031.txt
"Jones Lang LaSalle Income Property Trust, Inc.",0001314152,10-K,2019-03-08,edgar/data/1314152/0001314152-19-000023.txt
"Amber Road, Inc.",0001314223,10-K,2019-03-05,edgar/data/1314223/0001314223-19-000007.txt
"Summer Infant, Inc.",0001314772,10-K,2019-02-20,edgar/data/1314772/0001047469-19-000567.txt
Ridgewood Energy O Fund LLC,0001315061,10-K,2019-03-01,edgar/data/1315061/0001214659-19-001680.txt
"GTT Communications, Inc.",0001315255,10-K,2019-03-01,edgar/data/1315255/0001315255-19-000058.txt
Koppers Holdings Inc.,0001315257,10-K,2019-03-01,edgar/data/1315257/0001564590-19-005736.txt
"PARKE BANCORP, INC.",0001315399,10-K,2019-03-15,edgar/data/1315399/0001315399-19-000003.txt
AQUANTIA CORP,0001316016,10-K,2019-03-06,edgar/data/1316016/0001564590-19-006495.txt
"Kandi Technologies Group, Inc.",0001316517,10-K,2019-03-15,edgar/data/1316517/0001213900-19-004189.txt
"Builders FirstSource, Inc.",0001316835,10-K,2019-03-01,edgar/data/1316835/0001564590-19-005770.txt
Federal Home Loan Bank of San Francisco,0001316944,10-K,2019-03-08,edgar/data/1316944/0001316944-19-000042.txt
ITC Holdings Corp.,0001317630,10-K,2019-02-15,edgar/data/1317630/0001317630-19-000003.txt
"Omega Flex, Inc.",0001317945,10-K,2019-03-11,edgar/data/1317945/0001493152-19-003087.txt
Zumiez Inc,0001318008,10-K,2019-03-18,edgar/data/1318008/0001564590-19-008267.txt
"Core-Mark Holding Company, Inc.",0001318084,10-K,2019-03-01,edgar/data/1318084/0001318084-19-000011.txt
"Waste Connections, Inc.",0001318220,10-K,2019-02-14,edgar/data/1318220/0001144204-19-007493.txt
SHOAL GAMES LTD.,0001318482,10-K,2019-03-22,edgar/data/1318482/0001318482-19-000002.txt
Everi Holdings Inc.,0001318568,10-K,2019-03-12,edgar/data/1318568/0001318568-19-000020.txt
"Tesla, Inc.",0001318605,10-K,2019-02-19,edgar/data/1318605/0001564590-19-003165.txt
CLEVELAND BIOLABS INC,0001318641,10-K,2019-03-07,edgar/data/1318641/0001318641-19-000005.txt
NCL CORP Ltd.,0001318742,10-K,2019-02-27,edgar/data/1318742/0001144204-19-010552.txt
TransMontaigne Partners LLC,0001319229,10-K,2019-03-15,edgar/data/1319229/0001558370-19-002173.txt
Lode-Star Mining Inc.,0001319643,10-K,2019-03-27,edgar/data/1319643/0001654954-19-003460.txt
Designer Brands Inc.,0001319947,10-K,2019-03-26,edgar/data/1319947/0001319947-19-000016.txt
SELECT MEDICAL HOLDINGS CORP,0001320414,10-K,2019-02-21,edgar/data/1320414/0001628280-19-001659.txt
Cooper-Standard Holdings Inc.,0001320461,10-K,2019-02-25,edgar/data/1320461/0001320461-19-000009.txt
"TreeHouse Foods, Inc.",0001320695,10-K,2019-02-14,edgar/data/1320695/0001320695-19-000028.txt
"TSS, Inc.",0001320760,10-K,2019-03-21,edgar/data/1320760/0001437749-19-005421.txt
"FreightCar America, Inc.",0001320854,10-K,2019-03-04,edgar/data/1320854/0001193125-19-062501.txt
Kraton Corp,0001321646,10-K,2019-02-28,edgar/data/1321646/0001321646-19-000025.txt
Penumbra Inc,0001321732,10-K,2019-02-26,edgar/data/1321732/0001321732-19-000031.txt
Data Call Technologies,0001321828,10-K,2019-03-08,edgar/data/1321828/0001493152-19-003012.txt
Eagle Bulk Shipping Inc.,0001322439,10-K,2019-03-13,edgar/data/1322439/0001628280-19-002879.txt
"ALBIREO PHARMA, INC.",0001322505,10-K,2019-03-06,edgar/data/1322505/0001558370-19-001601.txt
GLOBAL PARTNERS LP,0001323468,10-K,2019-03-08,edgar/data/1323468/0001558370-19-001709.txt
Community Bankers Trust Corp,0001323648,10-K,2019-03-15,edgar/data/1323648/0001144204-19-014382.txt
"AtriCure, Inc.",0001323885,10-K,2019-03-01,edgar/data/1323885/0001323885-19-000009.txt
"Ruths Hospitality Group, Inc.",0001324272,10-K,2019-02-28,edgar/data/1324272/0001564590-19-005274.txt
"CF Industries Holdings, Inc.",0001324404,10-K,2019-02-22,edgar/data/1324404/0001324404-19-000006.txt
"Expedia Group, Inc.",0001324424,10-K,2019-02-08,edgar/data/1324424/0001324424-19-000006.txt
IRADIMED CORP,0001325618,10-K,2019-03-07,edgar/data/1325618/0001104659-19-013242.txt
Southern National Bancorp of Virginia Inc,0001325670,10-K,2019-03-15,edgar/data/1325670/0001558370-19-002117.txt
Ceres Tactical Commodity L.P.,0001325676,10-K,2019-03-26,edgar/data/1325676/0001193125-19-086263.txt
MAGNACHIP SEMICONDUCTOR Corp,0001325702,10-K,2019-02-22,edgar/data/1325702/0001193125-19-048327.txt
Federal Home Loan Bank of Des Moines,0001325814,10-K,2019-03-15,edgar/data/1325814/0001325814-19-000045.txt
Federal Home Loan Bank of Topeka,0001325878,10-K,2019-03-18,edgar/data/1325878/0001325878-19-000005.txt
AVEO PHARMACEUTICALS INC,0001325879,10-K,2019-03-14,edgar/data/1325879/0001564590-19-007804.txt
"Lightwave Logic, Inc.",0001325964,10-K,2019-03-18,edgar/data/1325964/0001553350-19-000222.txt
BlackRock Capital Investment Corp,0001326003,10-K,2019-03-06,edgar/data/1326003/0001564590-19-006475.txt
"NantKwest, Inc.",0001326110,10-K,2019-03-13,edgar/data/1326110/0001564590-19-007562.txt
Lazard Group LLC,0001326141,10-K,2019-02-26,edgar/data/1326141/0001564590-19-004170.txt
Duke Energy CORP,0001326160,10-K,2019-02-28,edgar/data/1326160/0001326160-19-000057.txt
GENCO SHIPPING & TRADING LTD,0001326200,10-K,2019-03-05,edgar/data/1326200/0001558370-19-001507.txt
AEI Income & Growth Fund 26 LLC,0001326321,10-K,2019-03-29,edgar/data/1326321/0001326321-19-000015.txt
Xencor Inc,0001326732,10-K,2019-02-26,edgar/data/1326732/0001558370-19-001049.txt
Federal Home Loan Bank of Cincinnati,0001326771,10-K,2019-03-21,edgar/data/1326771/0001326771-19-000007.txt
Facebook Inc,0001326801,10-K,2019-01-31,edgar/data/1326801/0001326801-19-000009.txt
"United States Oil Fund, LP",0001327068,10-K,2019-02-25,edgar/data/1327068/0001144204-19-009786.txt
"TrueCar, Inc.",0001327318,10-K,2019-03-01,edgar/data/1327318/0001327318-19-000009.txt
First Western Financial Inc,0001327607,10-K,2019-03-21,edgar/data/1327607/0001558370-19-002347.txt
"Workday, Inc.",0001327811,10-K,2019-03-18,edgar/data/1327811/0001327811-19-000038.txt
Black Creek Diversified Property Fund Inc.,0001327978,10-K,2019-03-06,edgar/data/1327978/0001327978-19-000022.txt
Adamas Pharmaceuticals Inc,0001328143,10-K,2019-03-04,edgar/data/1328143/0001328143-19-000011.txt
Invesco DB Commodity Index Tracking Fund,0001328237,10-K,2019-02-28,edgar/data/1328237/0001564590-19-005072.txt
BOISE CASCADE Co,0001328581,10-K,2019-02-26,edgar/data/1328581/0001328581-19-000025.txt
Invesco CurrencyShares Euro Trust,0001328598,10-K,2019-01-14,edgar/data/1328598/0001564590-19-000597.txt
"STRATS(SM) Trust For Goldman Sachs Capital I Securities, Series 2005-1",0001328989,10-K,2019-03-29,edgar/data/1328989/0001387131-19-002278.txt
Federal Home Loan Bank of New York,0001329842,10-K,2019-03-21,edgar/data/1329842/0001104659-19-016606.txt
Federal Home Loan Bank of Pittsburgh,0001330399,10-K,2019-03-11,edgar/data/1330399/0001330399-19-000006.txt
Liquidia Technologies Inc,0001330436,10-K,2019-02-26,edgar/data/1330436/0001558370-19-001047.txt
iShares Silver Trust,0001330568,10-K,2019-02-28,edgar/data/1330568/0001437749-19-003630.txt
Federal Home Loan Bank of Chicago,0001331451,10-K,2019-03-08,edgar/data/1331451/0001331451-19-000052.txt
Federal Home Loan Bank of Boston,0001331463,10-K,2019-03-22,edgar/data/1331463/0001331463-19-000048.txt
Federal Home Loan Bank of Atlanta,0001331465,10-K,2019-03-07,edgar/data/1331465/0001331465-19-000041.txt
HOME BANCSHARES INC,0001331520,10-K,2019-02-26,edgar/data/1331520/0001193125-19-052017.txt
Federal Home Loan Bank of Indianapolis,0001331754,10-K,2019-03-08,edgar/data/1331754/0001331754-19-000039.txt
Federal Home Loan Bank of Dallas,0001331757,10-K,2019-03-25,edgar/data/1331757/0001331757-19-000007.txt
"Fidelity National Financial, Inc.",0001331875,10-K,2019-02-19,edgar/data/1331875/0001331875-19-000010.txt
iShares S&P GSCI Commodity-Indexed Trust,0001332174,10-K,2019-02-28,edgar/data/1332174/0001437749-19-003633.txt
Brookdale Senior Living Inc.,0001332349,10-K,2019-02-14,edgar/data/1332349/0001332349-19-000040.txt
Exantas Capital Corp.,0001332551,10-K,2019-03-11,edgar/data/1332551/0001564590-19-007054.txt
MERCER INTERNATIONAL INC.,0001333274,10-K,2019-02-14,edgar/data/1333274/0001193125-19-041195.txt
"eHealth, Inc.",0001333493,10-K,2019-03-14,edgar/data/1333493/0001628280-19-002899.txt
Casa Systems Inc,0001333835,10-K,2019-02-28,edgar/data/1333835/0001564590-19-005442.txt
"AXA Equitable Holdings, Inc.",0001333986,10-K,2019-03-08,edgar/data/1333986/0001333986-19-000010.txt
"Crocs, Inc.",0001334036,10-K,2019-02-28,edgar/data/1334036/0001334036-19-000012.txt
"Coda Octopus Group, Inc.",0001334325,10-K,2019-02-01,edgar/data/1334325/0001493152-19-001229.txt
"Clear Channel Outdoor Holdings, Inc.",0001334978,10-K,2019-03-05,edgar/data/1334978/0001334978-19-000005.txt
"LIXTE BIOTECHNOLOGY HOLDINGS, INC.",0001335105,10-K,2019-03-25,edgar/data/1335105/0001493152-19-003870.txt
"Live Nation Entertainment, Inc.",0001335258,10-K,2019-02-28,edgar/data/1335258/0001335258-19-000024.txt
"Boardwalk Pipeline Partners, LP",0001336047,10-K,2019-02-13,edgar/data/1336047/0001336047-19-000006.txt
"Under Armour, Inc.",0001336917,10-K,2019-02-25,edgar/data/1336917/0001336917-19-000011.txt
"Leidos Holdings, Inc.",0001336920,10-K,2019-02-19,edgar/data/1336920/0001336920-19-000004.txt
"InfuSystem Holdings, Inc",0001337013,10-K,2019-03-22,edgar/data/1337013/0001437749-19-005538.txt
FutureFuel Corp.,0001337298,10-K,2019-03-15,edgar/data/1337298/0001437749-19-005063.txt
NSTAR ELECTRIC CO,0000013372,10-K,2019-02-26,edgar/data/13372/0000072741-19-000017.txt
AERIE PHARMACEUTICALS INC,0001337553,10-K,2019-03-01,edgar/data/1337553/0001628280-19-002369.txt
"ENVESTNET, INC.",0001337619,10-K,2019-03-01,edgar/data/1337619/0001628280-19-002344.txt
"DCP Midstream, LP",0001338065,10-K,2019-02-25,edgar/data/1338065/0001338065-19-000006.txt
RIDGEWOOD ENERGY Q FUND LLC,0001338474,10-K,2019-03-01,edgar/data/1338474/0001214659-19-001681.txt
POTLATCHDELTIC CORP,0001338749,10-K,2019-02-27,edgar/data/1338749/0001564590-19-004862.txt
"CHIASMA, INC",0001339469,10-K,2019-03-08,edgar/data/1339469/0001193125-19-069153.txt
"H&E Equipment Services, Inc.",0001339605,10-K,2019-02-21,edgar/data/1339605/0001564590-19-003669.txt
STRATS SM TRUST FOR Goldman Sachs Cap I SEC SERIES 2005-3,0001339920,10-K,2019-03-29,edgar/data/1339920/0001387131-19-002281.txt
aTYR PHARMA INC,0001339970,10-K,2019-03-26,edgar/data/1339970/0001564590-19-009381.txt
"Calumet Specialty Products Partners, L.P.",0001340122,10-K,2019-03-07,edgar/data/1340122/0001340122-19-000040.txt
Carbonite Inc,0001340127,10-K,2019-02-28,edgar/data/1340127/0001340127-19-000061.txt
"ChemoCentryx, Inc.",0001340652,10-K,2019-03-11,edgar/data/1340652/0001193125-19-070954.txt
"STRATS SM TRUST FOR WAL-MART STORES, INC. SECURITIES, SERIES 2005-4",0001340909,10-K,2019-03-29,edgar/data/1340909/0001387131-19-002275.txt
"CatchMark Timber Trust, Inc.",0001341141,10-K,2019-03-01,edgar/data/1341141/0001341141-19-000018.txt
"Aldeyra Therapeutics, Inc.",0001341235,10-K,2019-03-08,edgar/data/1341235/0001564590-19-006997.txt
Bridgewater Bancshares Inc,0001341317,10-K,2019-03-14,edgar/data/1341317/0001558370-19-001961.txt
"LAKE SHORE BANCORP, INC.",0001341318,10-K,2019-03-27,edgar/data/1341318/0001341318-19-000025.txt
"Celsius Holdings, Inc.",0001341766,10-K,2019-03-14,edgar/data/1341766/0001615774-19-004030.txt
Limoneira CO,0001342423,10-K,2019-01-14,edgar/data/1342423/0001342423-19-000005.txt
DIGITAL ALLY INC,0001342958,10-K,2019-03-29,edgar/data/1342958/0001493152-19-004279.txt
TWO RIVER BANCORP,0001343034,10-K,2019-03-15,edgar/data/1343034/0001343034-19-000024.txt
AVEDRO INC,0001343304,10-K,2019-03-21,edgar/data/1343304/0001564590-19-008824.txt
"STRATS(SM) TRUST FOR DOMINION RESOURCES, INC. SECURITIES, SERIES 2005-6",0001343491,10-K,2019-03-29,edgar/data/1343491/0001387131-19-002271.txt
YELP INC,0001345016,10-K,2019-03-01,edgar/data/1345016/0001628280-19-002312.txt
Compass Group Diversified Holdings LLC,0001345122,10-K,2019-02-27,edgar/data/1345122/0001345126-19-000008.txt
Compass Diversified Holdings,0001345126,10-K,2019-02-27,edgar/data/1345126/0001345126-19-000008.txt
XERIS PHARMACEUTICALS INC,0001346302,10-K,2019-03-06,edgar/data/1346302/0001346302-19-000009.txt
"Cara Therapeutics, Inc.",0001346830,10-K,2019-03-12,edgar/data/1346830/0001564590-19-007389.txt
"Chaparral Energy, Inc.",0001346980,10-K,2019-03-14,edgar/data/1346980/0001346980-19-000016.txt
Vanda Pharmaceuticals Inc.,0001347178,10-K,2019-02-19,edgar/data/1347178/0001347178-19-000003.txt
"CorEnergy Infrastructure Trust, Inc.",0001347652,10-K,2019-02-28,edgar/data/1347652/0001347652-19-000030.txt
"22nd Century Group, Inc.",0001347858,10-K,2019-03-06,edgar/data/1347858/0001144204-19-012540.txt
"AVALARA, INC.",0001348036,10-K,2019-02-28,edgar/data/1348036/0001564590-19-005454.txt
"ENTERGY LOUISIANA, LLC",0001348952,10-K,2019-02-26,edgar/data/1348952/0000065984-19-000082.txt
SANDRIDGE ENERGY INC,0001349436,10-K,2019-03-05,edgar/data/1349436/0001349436-19-000009.txt
MS STRUCTURED TILES SERIES 2006-1,0001349577,10-K,2019-03-22,edgar/data/1349577/0000903423-19-000162.txt
INNERWORKINGS INC,0001350381,10-K,2019-03-19,edgar/data/1350381/0001628280-19-003137.txt
"Alphatec Holdings, Inc.",0001350653,10-K,2019-03-29,edgar/data/1350653/0001564590-19-010183.txt
"Genesis Healthcare, Inc.",0001351051,10-K,2019-03-18,edgar/data/1351051/0001558370-19-002231.txt
ROSETTA STONE INC,0001351285,10-K,2019-03-06,edgar/data/1351285/0001564590-19-006492.txt
"SHOTSPOTTER, INC",0001351636,10-K,2019-03-04,edgar/data/1351636/0001564590-19-006063.txt
"EPAM Systems, Inc.",0001352010,10-K,2019-02-26,edgar/data/1352010/0001352010-19-000008.txt
RIDGEWOOD ENERGY S FUND LLC,0001352190,10-K,2019-03-01,edgar/data/1352190/0001214659-19-001682.txt
"STRATS(SM) Trust for Procter & Gamble Securities, Series 2006-1",0001353226,10-K,2019-03-29,edgar/data/1353226/0001387131-19-002292.txt
MANAGED FUTURES PREMIER WARRINGTON L.P.,0001353282,10-K,2019-03-22,edgar/data/1353282/0001564590-19-009002.txt
SPLUNK INC,0001353283,10-K,2019-03-27,edgar/data/1353283/0001353283-19-000005.txt
Max Sound Corp,0001353499,10-K,2019-03-29,edgar/data/1353499/0001353499-19-000004.txt
Invesco CurrencyShares British Pound Sterling Trust,0001353611,10-K,2019-01-11,edgar/data/1353611/0001193125-19-007535.txt
Invesco CurrencyShares Canadian Dollar Trust,0001353612,10-K,2019-01-11,edgar/data/1353612/0001193125-19-007539.txt
Invesco CurrencyShares Japanese Yen Trust,0001353613,10-K,2019-01-11,edgar/data/1353613/0001193125-19-007534.txt
Invesco CurrencyShares Australian Dollar Trust,0001353614,10-K,2019-01-11,edgar/data/1353614/0001193125-19-007528.txt
Invesco CurrencyShares Swiss Franc Trust,0001353615,10-K,2019-01-11,edgar/data/1353615/0001193125-19-007538.txt
Invesco CurrencyShares Swedish Krona Trust,0001353616,10-K,2019-01-11,edgar/data/1353616/0001193125-19-007533.txt
"PGT Innovations, Inc.",0001354327,10-K,2019-02-27,edgar/data/1354327/0001564590-19-004831.txt
PPLUS Trust Series RRD-1,0001354371,10-K,2019-03-22,edgar/data/1354371/0001174947-19-000415.txt
Invesco DB G10 Currency Harvest Fund,0001354730,10-K,2019-02-28,edgar/data/1354730/0001564590-19-005105.txt
Security Devices International Inc.,0001354866,10-K,2019-03-01,edgar/data/1354866/0001062993-19-001105.txt
REALOGY GROUP LLC,0001355001,10-K,2019-02-26,edgar/data/1355001/0001398987-19-000019.txt
"Qurate Retail, Inc.",0001355096,10-K,2019-02-28,edgar/data/1355096/0001558370-19-001344.txt
INSTRUCTURE INC,0001355754,10-K,2019-02-20,edgar/data/1355754/0001564590-19-003461.txt
"PeerStream, Inc.",0001355839,10-K,2019-03-22,edgar/data/1355839/0001213900-19-004686.txt
INTREXON CORP,0001356090,10-K,2019-03-01,edgar/data/1356090/0001356090-19-000004.txt
"CREATIVE REALITIES, INC.",0001356093,10-K,2019-03-28,edgar/data/1356093/0001213900-19-005126.txt
"Mellanox Technologies, Ltd.",0001356104,10-K,2019-02-21,edgar/data/1356104/0001356104-19-000009.txt
"STRATS(SM) Trust for Goldman Sachs Group Securities, Series 2006-2",0001356284,10-K,2019-03-29,edgar/data/1356284/0001387131-19-002290.txt
SUPERNUS PHARMACEUTICALS INC,0001356576,10-K,2019-03-01,edgar/data/1356576/0001047469-19-000828.txt
Houston Wire & Cable CO,0001356949,10-K,2019-03-15,edgar/data/1356949/0001615774-19-004090.txt
"DUNKIN' BRANDS GROUP, INC.",0001357204,10-K,2019-02-27,edgar/data/1357204/0001357204-19-000012.txt
"Neuralstem, Inc.",0001357459,10-K,2019-03-22,edgar/data/1357459/0001171843-19-001917.txt
"KBR, INC.",0001357615,10-K,2019-02-26,edgar/data/1357615/0001357615-19-000030.txt
"STRATS(SM) Trust for Allstate Corp Securities, Series 2006-3",0001357660,10-K,2019-03-29,edgar/data/1357660/0001387131-19-002287.txt
CONCHO RESOURCES INC,0001358071,10-K,2019-02-20,edgar/data/1358071/0001358071-19-000003.txt
"IT TECH PACKAGING, INC.",0001358190,10-K,2019-03-07,edgar/data/1358190/0001213900-19-003744.txt
"LIMESTONE BANCORP, INC.",0001358356,10-K,2019-03-08,edgar/data/1358356/0001437749-19-004472.txt
"BELLICUM PHARMACEUTICALS, INC",0001358403,10-K,2019-03-12,edgar/data/1358403/0001358403-19-000038.txt
REATA PHARMACEUTICALS INC,0001358762,10-K,2019-02-28,edgar/data/1358762/0001564590-19-005161.txt
Hanesbrands Inc.,0001359841,10-K,2019-02-11,edgar/data/1359841/0001359841-19-000025.txt
PROTEON THERAPEUTICS INC,0001359931,10-K,2019-03-13,edgar/data/1359931/0001171843-19-001687.txt
"HARROW HEALTH, INC.",0001360214,10-K,2019-03-12,edgar/data/1360214/0001493152-19-003188.txt
"Vitamin Shoppe, Inc.",0001360530,10-K,2019-02-26,edgar/data/1360530/0001360530-19-000012.txt
"Where Food Comes From, Inc.",0001360565,10-K,2019-03-29,edgar/data/1360565/0001387131-19-002315.txt
"HEALTHCARE TRUST OF AMERICA, INC.",0001360604,10-K,2019-02-19,edgar/data/1360604/0001360604-19-000023.txt
"OSIRIS THERAPEUTICS, INC.",0001360886,10-K,2019-03-15,edgar/data/1360886/0001558370-19-002094.txt
Evercore Inc.,0001360901,10-K,2019-02-22,edgar/data/1360901/0001360901-19-000006.txt
DCP Holding CO,0001361025,10-K,2019-03-22,edgar/data/1361025/0001437749-19-005509.txt
VARONIS SYSTEMS INC,0001361113,10-K,2019-02-12,edgar/data/1361113/0001628280-19-001223.txt
Primoris Services Corp,0001361538,10-K,2019-02-28,edgar/data/1361538/0001558370-19-001230.txt
"Wyndham Destinations, Inc.",0001361658,10-K,2019-02-26,edgar/data/1361658/0001361658-19-000009.txt
Harvest Oil & Gas Corp.,0001361937,10-K,2019-03-29,edgar/data/1361937/0001558370-19-002576.txt
ORBCOMM Inc.,0001361983,10-K,2019-03-01,edgar/data/1361983/0001564590-19-005754.txt
"ICF International, Inc.",0001362004,10-K,2019-02-27,edgar/data/1362004/0001564590-19-004641.txt
AUDIOEYE INC,0001362190,10-K,2019-03-27,edgar/data/1362190/0001144204-19-016348.txt
Allegiant Travel CO,0001362468,10-K,2019-02-28,edgar/data/1362468/0001362468-19-000010.txt
"Cleartronic, Inc.",0001362516,10-K,2019-01-22,edgar/data/1362516/0001091818-19-000007.txt
Sanchez Midstream Partners LP,0001362705,10-K,2019-03-07,edgar/data/1362705/0001558370-19-001662.txt
Aircastle LTD,0001362988,10-K,2019-02-12,edgar/data/1362988/0001362988-19-000041.txt
Enstar Group LTD,0001363829,10-K,2019-03-01,edgar/data/1363829/0001363829-19-000023.txt
"Innophos Holdings, Inc.",0001364099,10-K,2019-02-27,edgar/data/1364099/0001364099-19-000004.txt
Douglas Emmett Inc,0001364250,10-K,2019-02-15,edgar/data/1364250/0001364250-19-000007.txt
RIDGEWOOD ENERGY T FUND LLC,0001364397,10-K,2019-03-01,edgar/data/1364397/0001214659-19-001683.txt
HERC HOLDINGS INC,0001364479,10-K,2019-02-28,edgar/data/1364479/0001364479-19-000004.txt
BlackRock Inc.,0001364742,10-K,2019-02-28,edgar/data/1364742/0001564590-19-005479.txt
"Spirit AeroSystems Holdings, Inc.",0001364885,10-K,2019-02-08,edgar/data/1364885/0001628280-19-001118.txt
"CHEGG, INC",0001364954,10-K,2019-02-25,edgar/data/1364954/0001364954-19-000027.txt
LEAF GROUP LTD.,0001365038,10-K,2019-03-04,edgar/data/1365038/0001558370-19-001480.txt
Primo Water Corp,0001365101,10-K,2019-03-06,edgar/data/1365101/0001437749-19-004167.txt
Western Union CO,0001365135,10-K,2019-02-21,edgar/data/1365135/0001558370-19-000848.txt
GLU MOBILE INC,0001366246,10-K,2019-02-28,edgar/data/1366246/0001558370-19-001331.txt
"FINJAN HOLDINGS, INC.",0001366340,10-K,2019-03-13,edgar/data/1366340/0001366340-19-000012.txt
"Carbon Black, Inc.",0001366527,10-K,2019-03-08,edgar/data/1366527/0001558370-19-001718.txt
HOMELAND ENERGY SOLUTIONS LLC,0001366744,10-K,2019-02-22,edgar/data/1366744/0001366744-19-000002.txt
"Globalstar, Inc.",0001366868,10-K,2019-02-28,edgar/data/1366868/0001366868-19-000020.txt
"Archrock Partners, L.P.",0001367064,10-K,2019-02-20,edgar/data/1367064/0001367064-19-000003.txt
Invesco DB Multi-Sector Commodity Trust,0001367306,10-K,2019-02-28,edgar/data/1367306/0001564590-19-005079.txt
Invesco DB Multi-Sector Commodity Trust,0001367306,10-K,2019-02-28,edgar/data/1367306/0001564590-19-005089.txt
Invesco DB Multi-Sector Commodity Trust,0001367306,10-K,2019-02-28,edgar/data/1367306/0001564590-19-005092.txt
Invesco DB Multi-Sector Commodity Trust,0001367306,10-K,2019-02-28,edgar/data/1367306/0001564590-19-005096.txt
Invesco DB Multi-Sector Commodity Trust,0001367306,10-K,2019-02-28,edgar/data/1367306/0001564590-19-005099.txt
Invesco DB Multi-Sector Commodity Trust,0001367306,10-K,2019-02-28,edgar/data/1367306/0001564590-19-005102.txt
Invesco DB Multi-Sector Commodity Trust,0001367306,10-K,2019-02-28,edgar/data/1367306/0001564590-19-005108.txt
Emergent BioSolutions Inc.,0001367644,10-K,2019-02-22,edgar/data/1367644/0001367644-19-000016.txt
"CONCERT PHARMACEUTICALS, INC.",0001367920,10-K,2019-02-28,edgar/data/1367920/0001367920-19-000009.txt
"ATHERSYS, INC / NEW",0001368148,10-K,2019-03-15,edgar/data/1368148/0001628280-19-002976.txt
Clean Energy Fuels Corp.,0001368265,10-K,2019-03-12,edgar/data/1368265/0001368265-19-000004.txt
"Highpower International, Inc.",0001368308,10-K,2019-03-28,edgar/data/1368308/0001144204-19-016590.txt
"ADMA BIOLOGICS, INC.",0001368514,10-K,2019-03-13,edgar/data/1368514/0001193805-19-000281.txt
"GTJ REIT, INC.",0001368757,10-K,2019-03-28,edgar/data/1368757/0001564590-19-009831.txt
MYOMO INC,0001369290,10-K,2019-03-12,edgar/data/1369290/0001564590-19-007350.txt
"CATALYST PHARMACEUTICALS, INC.",0001369568,10-K,2019-03-18,edgar/data/1369568/0001193125-19-078253.txt
ANAPTYSBIO INC,0001370053,10-K,2019-02-28,edgar/data/1370053/0001370053-19-000006.txt
"Willdan Group, Inc.",0001370450,10-K,2019-03-08,edgar/data/1370450/0001558370-19-001690.txt
ETSY INC,0001370637,10-K,2019-02-28,edgar/data/1370637/0001370637-19-000028.txt
QUANTENNA COMMUNICATIONS INC,0001370702,10-K,2019-03-01,edgar/data/1370702/0001370702-19-000006.txt
BlackRock TCP Capital Corp.,0001370755,10-K,2019-02-28,edgar/data/1370755/0001370755-19-000010.txt
"FireEye, Inc.",0001370880,10-K,2019-02-25,edgar/data/1370880/0001370880-19-000006.txt
Owens Corning,0001370946,10-K,2019-02-20,edgar/data/1370946/0001370946-19-000012.txt
BioSolar Inc,0001371128,10-K,2019-03-21,edgar/data/1371128/0001213900-19-004620.txt
"TRUPANION, INC.",0001371285,10-K,2019-02-14,edgar/data/1371285/0001371285-19-000039.txt
HIGHWATER ETHANOL LLC,0001371451,10-K,2019-01-23,edgar/data/1371451/0001371451-19-000006.txt
Information Services Group Inc.,0001371489,10-K,2019-03-15,edgar/data/1371489/0001558370-19-002121.txt
Invesco DB US Dollar Index Trust,0001371571,10-K,2019-02-28,edgar/data/1371571/0001564590-19-005087.txt
Invesco DB US Dollar Index Trust,0001371571,10-K,2019-02-28,edgar/data/1371571/0001564590-19-005107.txt
MV Oil Trust,0001371782,10-K,2019-03-12,edgar/data/1371782/0001047469-19-001133.txt
Great Lakes Dredge & Dock CORP,0001372020,10-K,2019-02-26,edgar/data/1372020/0001564590-19-004521.txt
HISTOGENICS CORP,0001372299,10-K,2019-03-22,edgar/data/1372299/0001564590-19-008830.txt
"AEROHIVE NETWORKS, INC",0001372414,10-K,2019-03-01,edgar/data/1372414/0001372414-19-000010.txt
EYEGATE PHARMACEUTICALS INC,0001372514,10-K,2019-03-01,edgar/data/1372514/0001144204-19-011634.txt
BOX INC,0001372612,10-K,2019-03-20,edgar/data/1372612/0001564590-19-008669.txt
"KCAP Financial, Inc.",0001372807,10-K,2019-02-26,edgar/data/1372807/0001144204-19-010226.txt
"STRATS Trust For News Corp. Securities, Series 2006-4",0001373206,10-K,2019-03-29,edgar/data/1373206/0001387131-19-002285.txt
"Green Brick Partners, Inc.",0001373670,10-K,2019-03-08,edgar/data/1373670/0001373670-19-000005.txt
TETRAPHASE PHARMACEUTICALS INC,0001373707,10-K,2019-03-15,edgar/data/1373707/0001564590-19-008034.txt
"ServiceNow, Inc.",0001373715,10-K,2019-02-27,edgar/data/1373715/0001373715-19-000070.txt
"Cboe Global Markets, Inc.",0001374310,10-K,2019-02-22,edgar/data/1374310/0001558370-19-000884.txt
"FITLIFE BRANDS, INC.",0001374328,10-K,2019-03-22,edgar/data/1374328/0001654954-19-003087.txt
Altra Industrial Motion Corp.,0001374535,10-K,2019-03-01,edgar/data/1374535/0001564590-19-005841.txt
"ZAFGEN, INC.",0001374690,10-K,2019-03-14,edgar/data/1374690/0001564590-19-007863.txt
"ZOGENIX, INC.",0001375151,10-K,2019-02-28,edgar/data/1375151/0001375151-19-000016.txt
UR-ENERGY INC,0001375205,10-K,2019-03-01,edgar/data/1375205/0001558370-19-001434.txt
"Telaria, Inc.",0001375796,10-K,2019-03-19,edgar/data/1375796/0001628280-19-003094.txt
CVR ENERGY INC,0001376139,10-K,2019-02-21,edgar/data/1376139/0001376139-19-000011.txt
"United States Natural Gas Fund, LP",0001376227,10-K,2019-03-13,edgar/data/1376227/0001144204-19-013632.txt
"Protagonist Therapeutics, Inc",0001377121,10-K,2019-03-12,edgar/data/1377121/0001558370-19-001853.txt
CareView Communications Inc,0001377149,10-K,2019-03-29,edgar/data/1377149/0001387131-19-002310.txt
"Financial Gravity Companies, Inc.",0001377167,10-K,2019-01-15,edgar/data/1377167/0001683168-19-000111.txt
Ridgewood Energy U Fund LLC,0001377178,10-K,2019-03-01,edgar/data/1377178/0001214659-19-001684.txt
"National CineMedia, Inc.",0001377630,10-K,2019-02-22,edgar/data/1377630/0001377630-19-000040.txt
"ICON LEASING FUND TWELVE, LLC",0001377848,10-K,2019-03-22,edgar/data/1377848/0001377848-19-000005.txt
Toga Ltd,0001378125,10-K,2019-03-19,edgar/data/1378125/0001640334-19-000403.txt
TRAVELCENTERS OF AMERICA LLC,0001378453,10-K,2019-02-26,edgar/data/1378453/0001378453-19-000009.txt
"Cellular Biomedicine Group, Inc.",0001378624,10-K,2019-02-19,edgar/data/1378624/0001654954-19-001756.txt
"People's United Financial, Inc.",0001378946,10-K,2019-03-01,edgar/data/1378946/0001193125-19-060912.txt
"U.S. Auto Parts Network, Inc.",0001378950,10-K,2019-03-13,edgar/data/1378950/0001558370-19-001882.txt
"Employers Holdings, Inc.",0001379041,10-K,2019-02-28,edgar/data/1379041/0001379041-19-000023.txt
"Corporate Backed Callable Trust Certificates, J.C. Penny Debenture-Backed Series 2006-1 Trust",0001379404,10-K,2019-03-28,edgar/data/1379404/0001019965-19-000117.txt
WisdomTree Continuous Commodity Index Master Fund,0001379527,10-K,2019-02-28,edgar/data/1379527/0001193125-19-057435.txt
WisdomTree Continuous Commodity Index Fund,0001379606,10-K,2019-02-28,edgar/data/1379606/0001193125-19-057435.txt
Targa Resources Partners LP,0001379661,10-K,2019-03-01,edgar/data/1379661/0001564590-19-005734.txt
"Barings BDC, Inc.",0001379785,10-K,2019-02-27,edgar/data/1379785/0001379785-19-000008.txt
"HFF, Inc.",0001380509,10-K,2019-02-28,edgar/data/1380509/0001564590-19-005510.txt
"TriState Capital Holdings, Inc.",0001380846,10-K,2019-02-19,edgar/data/1380846/0001380846-19-000010.txt
"Interactive Brokers Group, Inc.",0001381197,10-K,2019-02-28,edgar/data/1381197/0001140361-19-004097.txt
Domtar CORP,0001381531,10-K,2019-02-22,edgar/data/1381531/0001564590-19-003804.txt
"TRXADE GROUP, INC.",0001382574,10-K,2019-03-22,edgar/data/1382574/0001493152-19-003756.txt
Redfin Corp,0001382821,10-K,2019-02-14,edgar/data/1382821/0001382821-19-000022.txt
INVESCO DB SILVER FUND,0001383054,10-K,2019-02-28,edgar/data/1383054/0001564590-19-005108.txt
Invesco DB Gold Fund,0001383055,10-K,2019-02-28,edgar/data/1383055/0001564590-19-005102.txt
Invesco DB Precious Metals Fund,0001383057,10-K,2019-02-28,edgar/data/1383057/0001564590-19-005099.txt
Invesco DB Oil Fund,0001383058,10-K,2019-02-28,edgar/data/1383058/0001564590-19-005096.txt
Invesco DB Energy Fund,0001383062,10-K,2019-02-28,edgar/data/1383062/0001564590-19-005089.txt
INVESCO DB AGRICULTURE FUND,0001383082,10-K,2019-02-28,edgar/data/1383082/0001564590-19-005079.txt
INVESCO DB BASE METALS FUND,0001383084,10-K,2019-02-28,edgar/data/1383084/0001564590-19-005092.txt
SANTANDER DRIVE AUTO RECEIVABLES LLC,0001383094,10-K,2019-03-29,edgar/data/1383094/0001193125-19-091403.txt
SANTANDER DRIVE AUTO RECEIVABLES LLC,0001383094,10-K,2019-03-29,edgar/data/1383094/0001193125-19-091410.txt
SANTANDER DRIVE AUTO RECEIVABLES LLC,0001383094,10-K,2019-03-29,edgar/data/1383094/0001193125-19-091411.txt
SANTANDER DRIVE AUTO RECEIVABLES LLC,0001383094,10-K,2019-03-29,edgar/data/1383094/0001193125-19-091418.txt
SANTANDER DRIVE AUTO RECEIVABLES LLC,0001383094,10-K,2019-03-29,edgar/data/1383094/0001193125-19-091420.txt
SANTANDER DRIVE AUTO RECEIVABLES LLC,0001383094,10-K,2019-03-29,edgar/data/1383094/0001193125-19-091424.txt
SANTANDER DRIVE AUTO RECEIVABLES LLC,0001383094,10-K,2019-03-29,edgar/data/1383094/0001193125-19-091427.txt
SANTANDER DRIVE AUTO RECEIVABLES LLC,0001383094,10-K,2019-03-29,edgar/data/1383094/0001193125-19-091434.txt
SANTANDER DRIVE AUTO RECEIVABLES LLC,0001383094,10-K,2019-03-29,edgar/data/1383094/0001193125-19-091436.txt
SANTANDER DRIVE AUTO RECEIVABLES LLC,0001383094,10-K,2019-03-29,edgar/data/1383094/0001193125-19-091437.txt
SANTANDER DRIVE AUTO RECEIVABLES LLC,0001383094,10-K,2019-03-29,edgar/data/1383094/0001193125-19-091441.txt
SANTANDER DRIVE AUTO RECEIVABLES LLC,0001383094,10-K,2019-03-29,edgar/data/1383094/0001193125-19-091443.txt
SANTANDER DRIVE AUTO RECEIVABLES LLC,0001383094,10-K,2019-03-29,edgar/data/1383094/0001193125-19-091448.txt
SANTANDER DRIVE AUTO RECEIVABLES LLC,0001383094,10-K,2019-03-29,edgar/data/1383094/0001193125-19-091453.txt
SANTANDER DRIVE AUTO RECEIVABLES LLC,0001383094,10-K,2019-03-29,edgar/data/1383094/0001193125-19-091455.txt
SANTANDER DRIVE AUTO RECEIVABLES LLC,0001383094,10-K,2019-03-29,edgar/data/1383094/0001193125-19-091460.txt
SANTANDER DRIVE AUTO RECEIVABLES LLC,0001383094,10-K,2019-03-29,edgar/data/1383094/0001193125-19-091461.txt
SANTANDER DRIVE AUTO RECEIVABLES LLC,0001383094,10-K,2019-03-29,edgar/data/1383094/0001193125-19-091462.txt
SANTANDER DRIVE AUTO RECEIVABLES LLC,0001383094,10-K,2019-03-29,edgar/data/1383094/0001193125-19-091467.txt
SANTANDER DRIVE AUTO RECEIVABLES LLC,0001383094,10-K,2019-03-29,edgar/data/1383094/0001193125-19-091470.txt
SANTANDER DRIVE AUTO RECEIVABLES LLC,0001383094,10-K,2019-03-29,edgar/data/1383094/0001193125-19-091474.txt
SANTANDER DRIVE AUTO RECEIVABLES LLC,0001383094,10-K,2019-03-29,edgar/data/1383094/0001193125-19-091477.txt
SANTANDER DRIVE AUTO RECEIVABLES LLC,0001383094,10-K,2019-03-29,edgar/data/1383094/0001193125-19-091478.txt
SANTANDER DRIVE AUTO RECEIVABLES LLC,0001383094,10-K,2019-03-29,edgar/data/1383094/0001193125-19-091481.txt
SANTANDER DRIVE AUTO RECEIVABLES LLC,0001383094,10-K,2019-03-29,edgar/data/1383094/0001193125-19-091486.txt
SANTANDER DRIVE AUTO RECEIVABLES LLC,0001383094,10-K,2019-03-29,edgar/data/1383094/0001193125-19-091491.txt
INVESCO DB US DOLLAR INDEX BEARISH FUND,0001383149,10-K,2019-02-28,edgar/data/1383149/0001564590-19-005107.txt
Invesco DB US Dollar Index Bullish Fund,0001383151,10-K,2019-02-28,edgar/data/1383151/0001564590-19-005087.txt
TRANSACT ENERGY CORP,0001383394,10-K,2019-03-11,edgar/data/1383394/0001078782-19-000212.txt
"Cheniere Energy Partners, L.P.",0001383650,10-K,2019-02-26,edgar/data/1383650/0001383650-19-000005.txt
Conatus Pharmaceuticals Inc.,0001383701,10-K,2019-03-08,edgar/data/1383701/0001564590-19-007030.txt
"VERACYTE, INC.",0001384101,10-K,2019-02-25,edgar/data/1384101/0001384101-19-000010.txt
"RING ENERGY, INC.",0001384195,10-K,2019-02-28,edgar/data/1384195/0001144204-19-011298.txt
RingCentral Inc,0001384905,10-K,2019-02-27,edgar/data/1384905/0001564590-19-004630.txt
"Cinemark Holdings, Inc.",0001385280,10-K,2019-02-28,edgar/data/1385280/0001564590-19-005358.txt
Monotype Imaging Holdings Inc.,0001385292,10-K,2019-02-25,edgar/data/1385292/0001193125-19-049831.txt
"OPIANT PHARMACEUTICALS, INC.",0001385508,10-K,2019-03-21,edgar/data/1385508/0001385508-19-000028.txt
"GREENLIGHT CAPITAL RE, LTD.",0001385613,10-K,2019-02-27,edgar/data/1385613/0001385613-19-000016.txt
RIDGEWOOD ENERGY V FUND LLC,0001385662,10-K,2019-03-01,edgar/data/1385662/0001214659-19-001685.txt
Advanced Biomedical Technologies Inc.,0001385799,10-K,2019-02-13,edgar/data/1385799/0001493152-19-001841.txt
ENERGY FUELS INC,0001385849,10-K,2019-03-12,edgar/data/1385849/0001385849-19-000032.txt
Coupa Software Inc,0001385867,10-K,2019-03-27,edgar/data/1385867/0001564590-19-009608.txt
CERES ABINGDON L.P.,0001386164,10-K,2019-03-26,edgar/data/1386164/0001193125-19-086260.txt
GREEN DOT CORP,0001386278,10-K,2019-02-27,edgar/data/1386278/0001386278-19-000012.txt
ChromaDex Corp.,0001386570,10-K,2019-03-07,edgar/data/1386570/0001654954-19-002395.txt
AIRXPANDERS INC,0001387156,10-K,2019-02-28,edgar/data/1387156/0001437749-19-003510.txt
"Corporate Backed Callable Trust Certificates, J.C. Penney Debenture-Backed Series 2007-1 Trust",0001387637,10-K,2019-03-28,edgar/data/1387637/0001019965-19-000118.txt
"U.S. Stem Cell, Inc.",0001388319,10-K,2019-03-13,edgar/data/1388319/0001185185-19-000351.txt
"Actinium Pharmaceuticals, Inc.",0001388320,10-K,2019-03-15,edgar/data/1388320/0001213900-19-004269.txt
"CAI International, Inc.",0001388430,10-K,2019-03-05,edgar/data/1388430/0001388430-19-000004.txt
"iRhythm Technologies, Inc.",0001388658,10-K,2019-03-04,edgar/data/1388658/0001564590-19-005924.txt
MARIN SOFTWARE INC,0001389002,10-K,2019-03-14,edgar/data/1389002/0001437749-19-004926.txt
"Archrock, Inc.",0001389050,10-K,2019-02-20,edgar/data/1389050/0001389050-19-000021.txt
Targa Resources Corp.,0001389170,10-K,2019-03-01,edgar/data/1389170/0001564590-19-005727.txt
"NovaBay Pharmaceuticals, Inc.",0001389545,10-K,2019-03-29,edgar/data/1389545/0001437749-19-006017.txt
MS Structured SATURNS Series 2007-1,0001389936,10-K,2019-03-22,edgar/data/1389936/0000903423-19-000159.txt
Howard Bancorp Inc,0001390162,10-K,2019-03-15,edgar/data/1390162/0001144204-19-014232.txt
"Bancorp of New Jersey, Inc.",0001390312,10-K,2019-03-18,edgar/data/1390312/0001558370-19-002229.txt
"SELLAS Life Sciences Group, Inc.",0001390478,10-K,2019-03-22,edgar/data/1390478/0001390478-19-000017.txt
Bank of New York Mellon Corp,0001390777,10-K,2019-02-27,edgar/data/1390777/0001390777-19-000050.txt
WABCO Holdings Inc.,0001390844,10-K,2019-02-15,edgar/data/1390844/0001390844-19-000004.txt
"Limelight Networks, Inc.",0001391127,10-K,2019-02-01,edgar/data/1391127/0001391127-19-000016.txt
ACQUIRED SALES CORP,0001391135,10-K,2019-03-13,edgar/data/1391135/0001445866-19-000245.txt
QUAINT OAK BANCORP INC,0001391933,10-K,2019-03-29,edgar/data/1391933/0000927089-19-000156.txt
"Blueknight Energy Partners, L.P.",0001392091,10-K,2019-03-12,edgar/data/1392091/0001392091-19-000026.txt
"Gevo, Inc.",0001392380,10-K,2019-03-28,edgar/data/1392380/0001437749-19-005839.txt
Green Planet Bio Engineering Co. Ltd.,0001392449,10-K,2019-03-01,edgar/data/1392449/0001654954-19-002154.txt
"Lightning Gaming, Inc.",0001392545,10-K,2019-03-28,edgar/data/1392545/0000890163-19-000014.txt
"PROS Holdings, Inc.",0001392972,10-K,2019-02-15,edgar/data/1392972/0001392972-19-000067.txt
VEEVA SYSTEMS INC,0001393052,10-K,2019-03-28,edgar/data/1393052/0001564590-19-009853.txt
Resolute Forest Products Inc.,0001393066,10-K,2019-03-01,edgar/data/1393066/0001393066-19-000002.txt
Public Storage,0001393311,10-K,2019-02-27,edgar/data/1393311/0001393311-19-000004.txt
"OCULAR THERAPEUTIX, INC",0001393434,10-K,2019-03-07,edgar/data/1393434/0001558370-19-001659.txt
Discover Financial Services,0001393612,10-K,2019-02-20,edgar/data/1393612/0001393612-19-000011.txt
TIPTREE INC.,0001393726,10-K,2019-03-13,edgar/data/1393726/0001393726-19-000036.txt
Blackstone Group L.P.,0001393818,10-K,2019-03-01,edgar/data/1393818/0001193125-19-061011.txt
"DHI GROUP, INC.",0001393883,10-K,2019-02-08,edgar/data/1393883/0001393883-19-000009.txt
"ONE STOP SYSTEMS, INC.",0001394056,10-K,2019-03-21,edgar/data/1394056/0001564590-19-008790.txt
"Tracon Pharmaceuticals, Inc.",0001394319,10-K,2019-03-01,edgar/data/1394319/0001564590-19-005597.txt
"ATEL 12, LLC",0001394922,10-K,2019-03-18,edgar/data/1394922/0001144204-19-014395.txt
First Trinity Financial CORP,0001395585,10-K,2019-03-14,edgar/data/1395585/0001437749-19-004908.txt
ADESTO TECHNOLOGIES Corp,0001395848,10-K,2019-03-18,edgar/data/1395848/0001558370-19-002243.txt
Syndax Pharmaceuticals Inc,0001395937,10-K,2019-03-07,edgar/data/1395937/0001564590-19-006772.txt
"KAR Auction Services, Inc.",0001395942,10-K,2019-02-21,edgar/data/1395942/0001395942-19-000016.txt
Vulcan Materials CO,0001396009,10-K,2019-02-26,edgar/data/1396009/0001396009-19-000021.txt
"Lumber Liquidators Holdings, Inc.",0001396033,10-K,2019-03-18,edgar/data/1396033/0001558370-19-002205.txt
U.S. Lithium Corp.,0001396054,10-K,2019-03-28,edgar/data/1396054/0001165527-19-000032.txt
Main Street Capital CORP,0001396440,10-K,2019-03-01,edgar/data/1396440/0001047469-19-000819.txt
"Entergy Gulf States Reconstruction Funding I, LLC",0001396549,10-K,2019-03-28,edgar/data/1396549/0000065984-19-000139.txt
First National Master Note Trust,0001396730,10-K,2019-03-27,edgar/data/1396730/0001193125-19-088232.txt
"Pacira Pharmaceuticals, Inc.",0001396814,10-K,2019-02-28,edgar/data/1396814/0001396814-19-000008.txt
"United States Diesel-Heating Oil Fund, LP",0001396877,10-K,2019-03-26,edgar/data/1396877/0001144204-19-015985.txt
"United States Gasoline Fund, LP",0001396878,10-K,2019-03-26,edgar/data/1396878/0001144204-19-015979.txt
"FlexShopper, Inc.",0001397047,10-K,2019-03-11,edgar/data/1397047/0001213900-19-003916.txt
lululemon athletica inc.,0001397187,10-K,2019-03-27,edgar/data/1397187/0001397187-19-000011.txt
LPL Financial Holdings Inc.,0001397911,10-K,2019-02-26,edgar/data/1397911/0001397911-19-000018.txt
Genpact LTD,0001398659,10-K,2019-03-01,edgar/data/1398659/0001564590-19-005767.txt
"Aquestive Therapeutics, Inc.",0001398733,10-K,2019-03-14,edgar/data/1398733/0001140361-19-004934.txt
"Envision Solar International, Inc.",0001398805,10-K,2019-03-20,edgar/data/1398805/0001683168-19-000735.txt
REALOGY HOLDINGS CORP.,0001398987,10-K,2019-02-26,edgar/data/1398987/0001398987-19-000019.txt
"Pzena Investment Management, Inc.",0001399249,10-K,2019-03-08,edgar/data/1399249/0001564590-19-007031.txt
"ONE Group Hospitality, Inc.",0001399520,10-K,2019-03-28,edgar/data/1399520/0001144204-19-016710.txt
Dicerna Pharmaceuticals Inc,0001399529,10-K,2019-03-13,edgar/data/1399529/0001399529-19-000005.txt
"HCI Group, Inc.",0001400810,10-K,2019-03-08,edgar/data/1400810/0001193125-19-069081.txt
"iHeartMedia, Inc.",0001400891,10-K,2019-03-05,edgar/data/1400891/0001400891-19-000006.txt
DiaMedica Therapeutics Inc.,0001401040,10-K,2019-03-19,edgar/data/1401040/0001437749-19-005272.txt
"FORUM ENERGY TECHNOLOGIES, INC.",0001401257,10-K,2019-02-28,edgar/data/1401257/0001401257-19-000075.txt
UNITED INSURANCE HOLDINGS CORP.,0001401521,10-K,2019-03-18,edgar/data/1401521/0001401521-19-000077.txt
"First Financial Northwest, Inc.",0001401564,10-K,2019-03-13,edgar/data/1401564/0000939057-19-000107.txt
"PUMA BIOTECHNOLOGY, INC.",0001401667,10-K,2019-03-01,edgar/data/1401667/0001564590-19-005830.txt
Cornerstone OnDemand Inc,0001401680,10-K,2019-02-26,edgar/data/1401680/0001401680-19-000006.txt
NanoString Technologies Inc,0001401708,10-K,2019-03-11,edgar/data/1401708/0001401708-19-000055.txt
CDW Corp,0001402057,10-K,2019-02-27,edgar/data/1402057/0001402057-19-000046.txt
SS&C Technologies Holdings Inc,0001402436,10-K,2019-03-01,edgar/data/1402436/0001564590-19-005753.txt
MYOS RENS TECHNOLOGY INC.,0001402479,10-K,2019-03-27,edgar/data/1402479/0001213900-19-004963.txt
Orion Group Holdings Inc,0001402829,10-K,2019-03-27,edgar/data/1402829/0001402829-19-000010.txt
Och-Ziff Capital Management Group LLC,0001403256,10-K,2019-03-15,edgar/data/1403256/0001403256-19-000074.txt
"Heritage-Crystal Clean, Inc.",0001403431,10-K,2019-03-06,edgar/data/1403431/0001403431-19-000031.txt
Bank of Marin Bancorp,0001403475,10-K,2019-03-15,edgar/data/1403475/0001403475-19-000006.txt
"Oaktree Capital Group, LLC",0001403528,10-K,2019-02-22,edgar/data/1403528/0001403528-19-000007.txt
"GelTech Solutions, Inc.",0001403676,10-K,2019-03-28,edgar/data/1403676/0001553350-19-000281.txt
Evoke Pharma Inc,0001403708,10-K,2019-03-06,edgar/data/1403708/0001564590-19-006404.txt
Zymeworks Inc.,0001403752,10-K,2019-03-06,edgar/data/1403752/0001193125-19-065609.txt
"Nuverra Environmental Solutions, Inc.",0001403853,10-K,2019-03-12,edgar/data/1403853/0001403853-19-000010.txt
"Novus Therapeutics, Inc.",0001404281,10-K,2019-03-28,edgar/data/1404281/0001564590-19-009631.txt
"AQUINOX PHARMACEUTICALS, INC",0001404644,10-K,2019-03-07,edgar/data/1404644/0001193125-19-066506.txt
HUBSPOT INC,0001404655,10-K,2019-02-12,edgar/data/1404655/0001564590-19-002699.txt
KKR & Co. Inc.,0001404912,10-K,2019-02-15,edgar/data/1404912/0001404912-19-000006.txt
Momentive Performance Materials Inc.,0001405041,10-K,2019-03-27,edgar/data/1405041/0001624826-19-000011.txt
Approach Resources Inc,0001405073,10-K,2019-03-18,edgar/data/1405073/0001564590-19-008275.txt
"Fifth Third Holdings Funding, LLC",0001405332,10-K,2019-03-28,edgar/data/1405332/0001193125-19-090458.txt
"Fifth Third Holdings Funding, LLC",0001405332,10-K,2019-03-28,edgar/data/1405332/0001193125-19-090464.txt
"InterDigital, Inc.",0001405495,10-K,2019-02-21,edgar/data/1405495/0001405495-19-000008.txt
"United States 12 Month Natural Gas Fund, LP",0001405513,10-K,2019-03-26,edgar/data/1405513/0001144204-19-015981.txt
"United States 12 Month Oil Fund, LP",0001405528,10-K,2019-03-13,edgar/data/1405528/0001144204-19-013634.txt
Alternative Investment Corp,0001405660,10-K,2019-01-15,edgar/data/1405660/0001515971-19-000011.txt
"CALIX, INC",0001406666,10-K,2019-03-01,edgar/data/1406666/0001406666-19-000029.txt
Franklin Financial Network Inc.,0001407067,10-K,2019-03-19,edgar/data/1407067/0001564590-19-008368.txt
Discover Card Execution Note Trust,0001407200,10-K,2019-03-21,edgar/data/1407200/0001193125-19-082278.txt
RETAIL OPPORTUNITY INVESTMENTS CORP,0001407623,10-K,2019-02-20,edgar/data/1407623/0001628280-19-001583.txt
GRAPHIC PACKAGING HOLDING CO,0001408075,10-K,2019-02-13,edgar/data/1408075/0001408075-19-000007.txt
"Kennedy-Wilson Holdings, Inc.",0001408100,10-K,2019-03-01,edgar/data/1408100/0001408100-19-000051.txt
SCANDIUM INTERNATIONAL MINING CORP.,0001408146,10-K,2019-03-05,edgar/data/1408146/0001062993-19-001141.txt
MSCI Inc.,0001408198,10-K,2019-02-22,edgar/data/1408198/0001564590-19-003885.txt
"Synacor, Inc.",0001408278,10-K,2019-03-14,edgar/data/1408278/0001564590-19-007648.txt
"First Guaranty Bancshares, Inc.",0001408534,10-K,2019-03-15,edgar/data/1408534/0001408534-19-000012.txt
"Restoration Robotics, Inc.",0001409269,10-K,2019-03-20,edgar/data/1409269/0001564590-19-008643.txt
CHIMERA INVESTMENT CORP,0001409493,10-K,2019-02-21,edgar/data/1409493/0001628280-19-001646.txt
"BBVA COMPASS BANCSHARES, INC",0001409775,10-K,2019-02-28,edgar/data/1409775/0001409775-19-000014.txt
Ridgewood Energy W Fund LLC,0001409947,10-K,2019-03-01,edgar/data/1409947/0001214659-19-001686.txt
LendingClub Corp,0001409970,10-K,2019-02-20,edgar/data/1409970/0001409970-19-000222.txt
CorMedix Inc.,0001410098,10-K,2019-03-14,edgar/data/1410098/0001654954-19-002741.txt
"Rubicon Technology, Inc.",0001410172,10-K,2019-03-22,edgar/data/1410172/0001213900-19-004650.txt
"Q2 Holdings, Inc.",0001410384,10-K,2019-02-19,edgar/data/1410384/0001410384-19-000015.txt
"American Water Works Company, Inc.",0001410636,10-K,2019-02-19,edgar/data/1410636/0001410636-19-000041.txt
Voip-pal.com Inc,0001410738,10-K,2019-01-11,edgar/data/1410738/0001580695-19-000017.txt
Ophthotech Corp.,0001410939,10-K,2019-02-28,edgar/data/1410939/0001410939-19-000012.txt
"KBS Real Estate Investment Trust II, Inc.",0001411059,10-K,2019-03-13,edgar/data/1411059/0001411059-19-000012.txt
Dutch Oven Gold Group Inc.,0001411168,10-K,2019-01-23,edgar/data/1411168/0001376474-19-000020.txt
Allison Transmission Holdings Inc,0001411207,10-K,2019-02-26,edgar/data/1411207/0001411207-19-000050.txt
Ellington Financial Inc.,0001411342,10-K,2019-03-14,edgar/data/1411342/0001411342-19-000040.txt
Apollo Global Management LLC,0001411494,10-K,2019-03-01,edgar/data/1411494/0001411494-19-000016.txt
"AMC ENTERTAINMENT HOLDINGS, INC.",0001411579,10-K,2019-03-01,edgar/data/1411579/0001411579-19-000013.txt
"Bionano Genomics, Inc",0001411690,10-K,2019-03-14,edgar/data/1411690/0001628280-19-002959.txt
"Ampio Pharmaceuticals, Inc.",0001411906,10-K,2019-03-18,edgar/data/1411906/0001558370-19-002244.txt
"Maiden Holdings, Ltd.",0001412100,10-K,2019-03-15,edgar/data/1412100/0001412100-19-000016.txt
RemSleep Holdings Inc.,0001412126,10-K,2019-03-29,edgar/data/1412126/0001213900-19-005145.txt
Care.com Inc,0001412270,10-K,2019-03-07,edgar/data/1412270/0001412270-19-000008.txt
"Westmoreland Resource Partners, LP",0001412347,10-K,2019-03-18,edgar/data/1412347/0001412347-19-000010.txt
Sterling Real Estate Trust,0001412502,10-K,2019-03-15,edgar/data/1412502/0001558370-19-002132.txt
"Regenicin, Inc.",0001412659,10-K,2019-01-15,edgar/data/1412659/0001662252-19-000010.txt
"MidWestOne Financial Group, Inc.",0001412665,10-K,2019-03-08,edgar/data/1412665/0001412665-19-000028.txt
Level One Bancorp Inc,0001412707,10-K,2019-03-22,edgar/data/1412707/0001412707-19-000041.txt
"Kraig Biocraft Laboratories, Inc",0001413119,10-K,2019-03-29,edgar/data/1413119/0001654954-19-003698.txt
Philip Morris International Inc.,0001413329,10-K,2019-02-07,edgar/data/1413329/0001413329-19-000007.txt
SRC Energy Inc.,0001413507,10-K,2019-02-20,edgar/data/1413507/0001413507-19-000054.txt
MARIZYME INC,0001413754,10-K,2019-03-05,edgar/data/1413754/0001078782-19-000201.txt
First Foundation Inc.,0001413837,10-K,2019-03-01,edgar/data/1413837/0001564590-19-005831.txt
"Spectrum Global Solutions, Inc.",0001413891,10-K,2019-03-26,edgar/data/1413891/0001213900-19-004884.txt
A. H. Belo Corp,0001413898,10-K,2019-03-14,edgar/data/1413898/0001413898-19-000008.txt
Western Gas Partners LP,0001414475,10-K,2019-02-20,edgar/data/1414475/0001414475-19-000024.txt
"MOJO Organics, Inc.",0001414953,10-K,2019-02-25,edgar/data/1414953/0001607062-19-000091.txt
"Del Frisco's Restaurant Group, Inc.",0001415301,10-K,2019-03-11,edgar/data/1415301/0001415301-19-000028.txt
ProShares Trust II,0001415311,10-K,2019-03-01,edgar/data/1415311/0001193125-19-060564.txt
Lithium Corp,0001415332,10-K,2019-03-26,edgar/data/1415332/0001165527-19-000030.txt
EchoStar CORP,0001415404,10-K,2019-02-21,edgar/data/1415404/0001415404-19-000003.txt
"PROSPER MARKETPLACE, INC",0001416265,10-K,2019-03-29,edgar/data/1416265/0001416265-19-000171.txt
BRIDGFORD FOODS CORP,0000014177,10-K,2019-01-18,edgar/data/14177/0001493152-19-000765.txt
Solar Capital Ltd.,0001418076,10-K,2019-02-21,edgar/data/1418076/0001193125-19-047052.txt
"TWITTER, INC.",0001418091,10-K,2019-02-21,edgar/data/1418091/0001564590-19-003523.txt
"Apple Hospitality REIT, Inc.",0001418121,10-K,2019-02-25,edgar/data/1418121/0001185185-19-000277.txt
Keurig Dr Pepper Inc.,0001418135,10-K,2019-02-28,edgar/data/1418135/0001418135-19-000007.txt
Iridium Communications Inc.,0001418819,10-K,2019-02-28,edgar/data/1418819/0001418819-19-000005.txt
Tocagen Inc,0001419041,10-K,2019-02-27,edgar/data/1419041/0001564590-19-004933.txt
ATLANTIC POWER CORP,0001419242,10-K,2019-02-28,edgar/data/1419242/0001558370-19-001343.txt
Bone Biologics Corp,0001419554,10-K,2019-03-29,edgar/data/1419554/0001493152-19-004221.txt
Flexion Therapeutics Inc,0001419600,10-K,2019-02-28,edgar/data/1419600/0001564590-19-005465.txt
SolarEdge Technologies Inc,0001419612,10-K,2019-02-28,edgar/data/1419612/0001178913-19-000721.txt
RARE ELEMENT RESOURCES LTD,0001419806,10-K,2019-03-29,edgar/data/1419806/0001052918-19-000058.txt
"EMMAUS LIFE SCIENCES, INC.",0001420031,10-K,2019-03-21,edgar/data/1420031/0001564590-19-008784.txt
"LogMeIn, Inc.",0001420302,10-K,2019-02-21,edgar/data/1420302/0001564590-19-003676.txt
Atomera Inc,0001420520,10-K,2019-03-11,edgar/data/1420520/0001683168-19-000596.txt
AILERON THERAPEUTICS INC,0001420565,10-K,2019-03-29,edgar/data/1420565/0001564590-19-010007.txt
Colfax CORP,0001420800,10-K,2019-02-21,edgar/data/1420800/0001420800-19-000002.txt
"On Deck Capital, Inc.",0001420811,10-K,2019-03-01,edgar/data/1420811/0001420811-19-000045.txt
Verso Corp,0001421182,10-K,2019-03-01,edgar/data/1421182/0001421182-19-000007.txt
"Intrepid Potash, Inc.",0001421461,10-K,2019-03-12,edgar/data/1421461/0001421461-19-000006.txt
"Energy Recovery, Inc.",0001421517,10-K,2019-03-07,edgar/data/1421517/0001421517-19-000026.txt
Trident Brands Inc,0001421907,10-K,2019-03-15,edgar/data/1421907/0001165527-19-000022.txt
ZETA ACQUISITION CORP I,0001422141,10-K,2019-03-28,edgar/data/1422141/0001213900-19-005077.txt
"Aerpio Pharmaceuticals, Inc.",0001422142,10-K,2019-03-07,edgar/data/1422142/0001564590-19-006602.txt
"Kura Oncology, Inc.",0001422143,10-K,2019-03-05,edgar/data/1422143/0001564590-19-006263.txt
FS KKR Capital Corp,0001422183,10-K,2019-02-28,edgar/data/1422183/0001193125-19-054647.txt
"Shentang International, Inc.",0001422296,10-K,2019-03-26,edgar/data/1422296/0001213900-19-004797.txt
AquaVenture Holdings Ltd,0001422841,10-K,2019-03-11,edgar/data/1422841/0001558370-19-001783.txt
AGNC Investment Corp.,0001423689,10-K,2019-02-22,edgar/data/1423689/0001423689-19-000007.txt
ALDER BIOPHARMACEUTICALS INC,0001423824,10-K,2019-02-25,edgar/data/1423824/0001564590-19-004084.txt
PACIFIC CITY FINANCIAL CORP,0001423869,10-K,2019-03-18,edgar/data/1423869/0001423869-19-000012.txt
"Western Gas Equity Partners, LP",0001423902,10-K,2019-02-20,edgar/data/1423902/0001423902-19-000026.txt
"Broadstone Net Lease, Inc.",0001424182,10-K,2019-03-14,edgar/data/1424182/0001564590-19-007675.txt
Travelport Worldwide LTD,0001424755,10-K,2019-02-22,edgar/data/1424755/0001558370-19-000911.txt
VYCOR MEDICAL INC,0001424768,10-K,2019-03-29,edgar/data/1424768/0001493152-19-004176.txt
FOX FACTORY HOLDING CORP,0001424929,10-K,2019-02-26,edgar/data/1424929/0001424929-19-000015.txt
"IOVANCE BIOTHERAPEUTICS, INC.",0001425205,10-K,2019-02-28,edgar/data/1425205/0001144204-19-010702.txt
Workhorse Group Inc.,0001425287,10-K,2019-03-18,edgar/data/1425287/0001213900-19-004319.txt
"CVR PARTNERS, LP",0001425292,10-K,2019-02-21,edgar/data/1425292/0001425292-19-000009.txt
ORTHOPEDIATRICS CORP,0001425450,10-K,2019-03-07,edgar/data/1425450/0001425450-19-000027.txt
"TransBiotec, Inc.",0001425627,10-K,2019-02-06,edgar/data/1425627/0001477932-19-000362.txt
"ASSEMBLY BIOSCIENCES, INC.",0001426800,10-K,2019-02-28,edgar/data/1426800/0001144204-19-011361.txt
"Echo Global Logistics, Inc.",0001426945,10-K,2019-02-22,edgar/data/1426945/0001426945-19-000004.txt
BRISTOL MYERS SQUIBB CO,0000014272,10-K,2019-02-25,edgar/data/14272/0000014272-19-000047.txt
"ENTERGY TEXAS, INC.",0001427437,10-K,2019-02-26,edgar/data/1427437/0000065984-19-000082.txt
OBALON THERAPEUTICS INC,0001427570,10-K,2019-02-22,edgar/data/1427570/0001427570-19-000019.txt
ACELRX PHARMACEUTICALS INC,0001427925,10-K,2019-03-07,edgar/data/1427925/0001437749-19-004353.txt
"Armour Residential REIT, Inc.",0001428205,10-K,2019-02-14,edgar/data/1428205/0001428205-19-000045.txt
HEALTHEQUITY INC,0001428336,10-K,2019-03-28,edgar/data/1428336/0001428336-19-000006.txt
"ROKU, INC",0001428439,10-K,2019-03-01,edgar/data/1428439/0001564590-19-005829.txt
"Radius Health, Inc.",0001428522,10-K,2019-02-28,edgar/data/1428522/0001628280-19-002275.txt
SERVICEMASTER GLOBAL HOLDINGS INC,0001428875,10-K,2019-03-01,edgar/data/1428875/0001428875-19-000023.txt
"Fortress Biotech, Inc.",0001429260,10-K,2019-03-18,edgar/data/1429260/0001144204-19-014617.txt
TREVENA INC,0001429560,10-K,2019-03-13,edgar/data/1429560/0001558370-19-001898.txt
Carey Watermark Investors Inc,0001430259,10-K,2019-03-15,edgar/data/1430259/0001430259-19-000007.txt
Tonix Pharmaceuticals Holding Corp.,0001430306,10-K,2019-03-18,edgar/data/1430306/0001387131-19-001980.txt
C & C TOURS INC,0001430319,10-K,2019-03-20,edgar/data/1430319/0001477932-19-001075.txt
"VERUS INTERNATIONAL, INC.",0001430523,10-K,2019-03-19,edgar/data/1430523/0001493152-19-003604.txt
"ServisFirst Bancshares, Inc.",0001430723,10-K,2019-02-28,edgar/data/1430723/0001171843-19-001375.txt
Oak Valley Bancorp,0001431567,10-K,2019-03-11,edgar/data/1431567/0001437749-19-004569.txt
FSP 303 East Wacker Drive Corp.,0001431766,10-K,2019-03-29,edgar/data/1431766/0001171520-19-000157.txt
TORCHLIGHT ENERGY RESOURCES INC,0001431959,10-K,2019-03-18,edgar/data/1431959/0001654954-19-002906.txt
Rampart Studios Inc.,0001432271,10-K,2019-01-23,edgar/data/1432271/0001376474-19-000019.txt
CREDEX CORP,0001432939,10-K,2019-03-29,edgar/data/1432939/0001549983-19-000003.txt
APPFOLIO INC,0001433195,10-K,2019-02-28,edgar/data/1433195/0001433195-19-000016.txt
ANTERO RESOURCES Corp,0001433270,10-K,2019-02-13,edgar/data/1433270/0001558370-19-000629.txt
"InspireMD, Inc.",0001433607,10-K,2019-02-19,edgar/data/1433607/0001493152-19-002225.txt
John Bean Technologies CORP,0001433660,10-K,2019-02-28,edgar/data/1433660/0001433660-19-000006.txt
"CASTLIGHT HEALTH, INC.",0001433714,10-K,2019-03-01,edgar/data/1433714/0001433714-19-000009.txt
Invesco CurrencyShares Singapore Dollar Trust,0001433994,10-K,2019-01-14,edgar/data/1433994/0001564590-19-000598.txt
RIDGEWOOD ENERGY Y FUND LLC,0001434070,10-K,2019-03-01,edgar/data/1434070/0001214659-19-001688.txt
FATE THERAPEUTICS INC,0001434316,10-K,2019-03-05,edgar/data/1434316/0001564590-19-006258.txt
CONSTELLATION PHARMACEUTICALS INC,0001434418,10-K,2019-03-14,edgar/data/1434418/0001564590-19-007860.txt
CLEARSIGN COMBUSTION CORP,0001434524,10-K,2019-03-12,edgar/data/1434524/0001144204-19-013533.txt
"Grand Canyon Education, Inc.",0001434588,10-K,2019-02-20,edgar/data/1434588/0001558370-19-000782.txt
"LendingTree, Inc.",0001434621,10-K,2019-02-28,edgar/data/1434621/0001434621-19-000014.txt
"KEMPHARM, INC",0001434647,10-K,2019-03-01,edgar/data/1434647/0001437749-19-003789.txt
"Global Water Resources, Inc.",0001434728,10-K,2019-03-07,edgar/data/1434728/0001434728-19-000051.txt
"Esperion Therapeutics, Inc.",0001434868,10-K,2019-02-28,edgar/data/1434868/0001047469-19-000791.txt
"ADURO BIOTECH, INC.",0001435049,10-K,2019-02-27,edgar/data/1435049/0001564590-19-004942.txt
CEMTREX INC,0001435064,10-K,2019-01-11,edgar/data/1435064/0001493152-19-000475.txt
"Mistras Group, Inc.",0001436126,10-K,2019-03-18,edgar/data/1436126/0001436126-19-000014.txt
United Cannabis Corp,0001436161,10-K,2019-03-28,edgar/data/1436161/0001553350-19-000273.txt
BTCS Inc.,0001436229,10-K,2019-02-06,edgar/data/1436229/0001493152-19-001464.txt
"HOME BANCORP, INC.",0001436425,10-K,2019-03-13,edgar/data/1436425/0001193125-19-073193.txt
Invesco Mortgage Capital Inc.,0001437071,10-K,2019-02-20,edgar/data/1437071/0001437071-19-000006.txt
"Discovery, Inc.",0001437107,10-K,2019-03-01,edgar/data/1437107/0001437107-19-000013.txt
"Mastech Digital, Inc.",0001437226,10-K,2019-03-29,edgar/data/1437226/0001193125-19-091669.txt
"EVERBRIDGE, INC.",0001437352,10-K,2019-03-01,edgar/data/1437352/0001564590-19-005821.txt
"ARDELYX, INC.",0001437402,10-K,2019-03-06,edgar/data/1437402/0001558370-19-001583.txt
ENB Financial Corp,0001437479,10-K,2019-03-29,edgar/data/1437479/0001174947-19-000461.txt
ADVANCED CREDIT TECHNOLOGIES INC,0001437517,10-K,2019-03-12,edgar/data/1437517/0001493152-19-003191.txt
"LILIS ENERGY, INC.",0001437557,10-K,2019-03-07,edgar/data/1437557/0001437557-19-000025.txt
BRIGHT HORIZONS FAMILY SOLUTIONS INC.,0001437578,10-K,2019-02-27,edgar/data/1437578/0001437578-19-000006.txt
IMMUNE DESIGN CORP.,0001437786,10-K,2019-03-13,edgar/data/1437786/0001437786-19-000006.txt
COASTAL FINANCIAL CORP,0001437958,10-K,2019-03-28,edgar/data/1437958/0001564590-19-009661.txt
TANDEM DIABETES CARE INC,0001438133,10-K,2019-02-26,edgar/data/1438133/0001564590-19-004469.txt
Digimarc CORP,0001438231,10-K,2019-02-22,edgar/data/1438231/0001564590-19-003876.txt
EVERSPIN TECHNOLOGIES INC,0001438423,10-K,2019-03-15,edgar/data/1438423/0001558370-19-002175.txt
"Retrophin, Inc.",0001438533,10-K,2019-02-26,edgar/data/1438533/0001438533-19-000003.txt
MRC GLOBAL INC.,0001439095,10-K,2019-02-15,edgar/data/1439095/0001439095-19-000012.txt
AGIOS PHARMACEUTICALS INC,0001439222,10-K,2019-02-14,edgar/data/1439222/0001439222-19-000004.txt
ZYNGA INC,0001439404,10-K,2019-02-28,edgar/data/1439404/0001564590-19-005098.txt
"United States Short Oil Fund, LP",0001439567,10-K,2019-03-26,edgar/data/1439567/0001144204-19-015974.txt
"Roadrunner Transportation Systems, Inc.",0001440024,10-K,2019-03-11,edgar/data/1440024/0001440024-19-000007.txt
Clearwater Paper Corp,0001441236,10-K,2019-03-18,edgar/data/1441236/0001628280-19-003083.txt
APPIAN CORP,0001441683,10-K,2019-02-21,edgar/data/1441683/0001441683-19-000047.txt
MARRONE BIO INNOVATIONS INC,0001441693,10-K,2019-03-29,edgar/data/1441693/0001493152-19-004161.txt
CLOUD PEAK ENERGY INC.,0001441849,10-K,2019-03-15,edgar/data/1441849/0001104659-19-014968.txt
"Verisk Analytics, Inc.",0001442145,10-K,2019-02-19,edgar/data/1442145/0001442145-19-000012.txt
Quest Resource Holding Corp,0001442236,10-K,2019-03-14,edgar/data/1442236/0001564590-19-007803.txt
"Bluerock Residential Growth REIT, Inc.",0001442626,10-K,2019-02-27,edgar/data/1442626/0001144204-19-010607.txt
"Mersana Therapeutics, Inc.",0001442836,10-K,2019-03-08,edgar/data/1442836/0001558370-19-001720.txt
Proto Labs Inc,0001443669,10-K,2019-02-22,edgar/data/1443669/0001437749-19-003141.txt
"GAIN Capital Holdings, Inc.",0001444363,10-K,2019-03-11,edgar/data/1444363/0001444363-19-000018.txt
NEVRO CORP,0001444380,10-K,2019-02-21,edgar/data/1444380/0001564590-19-003708.txt
CROSSROADS LIQUIDATING TRUST,0001444706,10-K,2019-03-28,edgar/data/1444706/0001387131-19-002195.txt
Bravo Multinational Inc.,0001444839,10-K,2019-03-08,edgar/data/1444839/0001091818-19-000074.txt
Clean Coal Technologies Inc.,0001445109,10-K,2019-03-08,edgar/data/1445109/0001185185-19-000326.txt
"PROTEOSTASIS THERAPEUTICS, INC.",0001445283,10-K,2019-03-08,edgar/data/1445283/0001564590-19-006999.txt
WORKIVA INC,0001445305,10-K,2019-02-20,edgar/data/1445305/0001445305-19-000032.txt
"BIOXYTRAN, INC",0001445815,10-K,2019-03-13,edgar/data/1445815/0001213900-19-004006.txt
"Strategic Realty Trust, Inc.",0001446371,10-K,2019-03-19,edgar/data/1446371/0001446371-19-000006.txt
"ICON Equipment & Corporate Infrastructure Fund Fourteen, L.P.",0001446806,10-K,2019-03-27,edgar/data/1446806/0001446806-19-000004.txt
IRONWOOD PHARMACEUTICALS INC,0001446847,10-K,2019-02-25,edgar/data/1446847/0001558370-19-001005.txt
Arbutus Biopharma Corp,0001447028,10-K,2019-03-07,edgar/data/1447028/0001447028-19-000006.txt
Territorial Bancorp Inc.,0001447051,10-K,2019-03-15,edgar/data/1447051/0001558370-19-002114.txt
FITBIT INC,0001447599,10-K,2019-03-01,edgar/data/1447599/0001628280-19-002374.txt
TWILIO INC,0001447669,10-K,2019-03-01,edgar/data/1447669/0001047469-19-000807.txt
OptimizeRx Corp,0001448431,10-K,2019-03-12,edgar/data/1448431/0001213900-19-003962.txt
Bullfrog Gold Corp.,0001448597,10-K,2019-03-12,edgar/data/1448597/0001393905-19-000075.txt
"BASANITE, INC.",0001448705,10-K,2019-03-28,edgar/data/1448705/0001553350-19-000269.txt
Essent Group Ltd.,0001448893,10-K,2019-02-19,edgar/data/1448893/0001448893-19-000015.txt
VIVOS INC,0001449349,10-K,2019-03-25,edgar/data/1449349/0001493152-19-003838.txt
CSI Compressco LP,0001449488,10-K,2019-03-04,edgar/data/1449488/0001449488-19-000004.txt
"PIONEER POWER SOLUTIONS, INC.",0001449792,10-K,2019-03-29,edgar/data/1449792/0001387131-19-002262.txt
"Embassy Bancorp, Inc.",0001449794,10-K,2019-03-13,edgar/data/1449794/0001449794-19-000002.txt
Aberdeen Standard Silver ETF Trust,0001450922,10-K,2019-03-01,edgar/data/1450922/0001450922-19-000002.txt
Aberdeen Standard Gold ETF Trust,0001450923,10-K,2019-02-28,edgar/data/1450923/0001450923-19-000005.txt
"EFT Holdings, Inc.",0001450973,10-K,2019-03-04,edgar/data/1450973/0001144204-19-012047.txt
Transocean Ltd.,0001451505,10-K,2019-02-19,edgar/data/1451505/0001451505-19-000025.txt
Terra Tech Corp.,0001451512,10-K,2019-03-15,edgar/data/1451512/0001477932-19-000995.txt
"Avant Diagnostics, Inc",0001451929,10-K,2019-03-01,edgar/data/1451929/0001493152-19-002736.txt
STEEL PARTNERS HOLDINGS L.P.,0001452857,10-K,2019-03-01,edgar/data/1452857/0001452857-19-000006.txt
"ARC Group, Inc.",0001452872,10-K,2019-03-29,edgar/data/1452872/0001493152-19-004242.txt
"KBS Strategic Opportunity REIT, Inc.",0001452936,10-K,2019-03-08,edgar/data/1452936/0001452936-19-000003.txt
SELECTA BIOSCIENCES INC,0001453687,10-K,2019-03-15,edgar/data/1453687/0001453687-19-000032.txt
"Medidata Solutions, Inc.",0001453814,10-K,2019-03-01,edgar/data/1453814/0001453814-19-000061.txt
"Hines Global REIT, Inc.",0001453818,10-K,2019-03-28,edgar/data/1453818/0001453818-19-000011.txt
"5BARz International, Inc.",0001454124,10-K,2019-02-26,edgar/data/1454124/0001017386-19-000056.txt
CATABASIS PHARMACEUTICALS INC,0001454789,10-K,2019-03-14,edgar/data/1454789/0001047469-19-001212.txt
"TPI COMPOSITES, INC",0001455684,10-K,2019-03-05,edgar/data/1455684/0001564590-19-006097.txt
"RIDGEWOOD ENERGY X FUND, LLC",0001455741,10-K,2019-03-01,edgar/data/1455741/0001214659-19-001687.txt
AMERICOLD REALTY TRUST,0001455863,10-K,2019-02-26,edgar/data/1455863/0001628280-19-001983.txt
"Griffin Capital Essential Asset REIT, Inc.",0001456016,10-K,2019-03-15,edgar/data/1456016/0001456016-19-000029.txt
Leatt Corp,0001456189,10-K,2019-03-27,edgar/data/1456189/0001062993-19-001408.txt
OFFICE PROPERTIES INCOME TRUST,0001456772,10-K,2019-03-01,edgar/data/1456772/0001456772-19-000015.txt
"GENOCEA BIOSCIENCES, INC.",0001457612,10-K,2019-02-28,edgar/data/1457612/0001457612-19-000027.txt
RIDGEWOOD ENERGY A-1 FUND LLC,0001457919,10-K,2019-03-01,edgar/data/1457919/0001214659-19-001679.txt
Noble Corp plc,0001458891,10-K,2019-02-22,edgar/data/1458891/0001628280-19-001707.txt
"Alarm.com Holdings, Inc.",0001459200,10-K,2019-03-01,edgar/data/1459200/0001459200-19-000007.txt
"2U, Inc.",0001459417,10-K,2019-02-26,edgar/data/1459417/0001104659-19-010491.txt
"SI-BONE, Inc.",0001459839,10-K,2019-03-14,edgar/data/1459839/0001459839-19-000011.txt
Aberdeen Standard Palladium ETF Trust,0001459862,10-K,2019-02-28,edgar/data/1459862/0001459862-19-000002.txt
Aberdeen Standard Platinum ETF Trust,0001460235,10-K,2019-02-28,edgar/data/1460235/0001460235-19-000003.txt
"Fluent, Inc.",0001460329,10-K,2019-03-18,edgar/data/1460329/0001460329-19-000011.txt
Orgenesis Inc.,0001460602,10-K,2019-02-13,edgar/data/1460602/0001062993-19-000780.txt
CRH Medical Corp,0001461119,10-K,2019-03-13,edgar/data/1461119/0001193125-19-073427.txt
GRAHAM ALTERNATIVE INVESTMENT FUND I LLC,0001461219,10-K,2019-03-29,edgar/data/1461219/0001140361-19-006008.txt
GRAHAM ALTERNATIVE INVESTMENT FUND II LLC,0001461237,10-K,2019-03-29,edgar/data/1461237/0001140361-19-006006.txt
HomeTown Bankshares Corp,0001461640,10-K,2019-03-15,edgar/data/1461640/0001437749-19-005078.txt
"Atlantic Capital Bancshares, Inc.",0001461755,10-K,2019-03-14,edgar/data/1461755/0001461755-19-000028.txt
"MELINTA THERAPEUTICS, INC. /NEW/",0001461993,10-K,2019-03-14,edgar/data/1461993/0001628280-19-002907.txt
PRIME GLOBAL CAPITAL GROUP Inc,0001462047,10-K,2019-01-29,edgar/data/1462047/0001683168-19-000211.txt
"Live Oak Bancshares, Inc.",0001462120,10-K,2019-02-27,edgar/data/1462120/0001564590-19-004884.txt
Altisource Portfolio Solutions S.A.,0001462418,10-K,2019-02-26,edgar/data/1462418/0001462418-19-000009.txt
"Enphase Energy, Inc.",0001463101,10-K,2019-03-15,edgar/data/1463101/0001463101-19-000033.txt
"Zendesk, Inc.",0001463172,10-K,2019-02-14,edgar/data/1463172/0001463172-19-000065.txt
"Renewable Energy Group, Inc.",0001463258,10-K,2019-03-07,edgar/data/1463258/0001628280-19-002647.txt
"Unity Biotechnology, Inc.",0001463361,10-K,2019-03-06,edgar/data/1463361/0001564590-19-006397.txt
"ATEL 14, LLC",0001463389,10-K,2019-03-18,edgar/data/1463389/0001144204-19-014400.txt
US Alliance Corp,0001463913,10-K,2019-02-21,edgar/data/1463913/0001437749-19-003059.txt
Vuzix Corp,0001463972,10-K,2019-03-15,edgar/data/1463972/0001144204-19-014093.txt
Atlanticus Holdings Corp,0001464343,10-K,2019-03-27,edgar/data/1464343/0001437749-19-005717.txt
PennyMac Mortgage Investment Trust,0001464423,10-K,2019-02-26,edgar/data/1464423/0001564590-19-004522.txt
"B. Riley Financial, Inc.",0001464790,10-K,2019-03-06,edgar/data/1464790/0001615774-19-003677.txt
"THL Credit, Inc.",0001464963,10-K,2019-03-06,edgar/data/1464963/0001564590-19-006531.txt
"STARWOOD PROPERTY TRUST, INC.",0001465128,10-K,2019-02-28,edgar/data/1465128/0001558370-19-001256.txt
"HD SUPPLY, INC.",0001465264,10-K,2019-03-19,edgar/data/1465264/0001047469-19-001389.txt
TWO HARBORS INVESTMENT CORP.,0001465740,10-K,2019-02-27,edgar/data/1465740/0001465740-19-000025.txt
VANTAGE DRILLING INTERNATIONAL,0001465872,10-K,2019-03-14,edgar/data/1465872/0001564590-19-007843.txt
Western Asset Mortgage Capital Corp,0001465885,10-K,2019-03-06,edgar/data/1465885/0001628280-19-002555.txt
"Midland States Bancorp, Inc.",0001466026,10-K,2019-02-28,edgar/data/1466026/0001558370-19-001224.txt
"INDEPENDENCE REALTY TRUST, INC.",0001466085,10-K,2019-02-22,edgar/data/1466085/0001564590-19-003914.txt
"Resource Real Estate Opportunity REIT, Inc.",0001466225,10-K,2019-03-22,edgar/data/1466225/0001564590-19-008959.txt
Ingersoll-Rand plc,0001466258,10-K,2019-02-12,edgar/data/1466258/0001466258-19-000073.txt
"Clovis Oncology, Inc.",0001466301,10-K,2019-02-28,edgar/data/1466301/0001558370-19-001212.txt
COWEN INC.,0001466538,10-K,2019-03-07,edgar/data/1466538/0001466538-19-000018.txt
Otter Tail Corp,0001466593,10-K,2019-02-22,edgar/data/1466593/0001437749-19-003150.txt
"Novan, Inc.",0001467154,10-K,2019-03-27,edgar/data/1467154/0001467154-19-000018.txt
"DROPBOX, INC.",0001467623,10-K,2019-02-25,edgar/data/1467623/0001467623-19-000005.txt
"Neos Therapeutics, Inc.",0001467652,10-K,2019-03-18,edgar/data/1467652/0001047469-19-001344.txt
"Apollo Commercial Real Estate Finance, Inc.",0001467760,10-K,2019-02-13,edgar/data/1467760/0001467760-19-000005.txt
General Motors Co,0001467858,10-K,2019-02-06,edgar/data/1467858/0001467858-19-000033.txt
"Steadfast Income REIT, Inc.",0001468010,10-K,2019-03-15,edgar/data/1468010/0001468010-19-000013.txt
Hyatt Hotels Corp,0001468174,10-K,2019-02-14,edgar/data/1468174/0001468174-19-000009.txt
Addus HomeCare Corp,0001468328,10-K,2019-03-18,edgar/data/1468328/0001564590-19-008098.txt
SecureWorks Corp,0001468666,10-K,2019-03-28,edgar/data/1468666/0001468666-19-000022.txt
AMERICAN CRYOSTEM Corp,0001468679,10-K,2019-01-15,edgar/data/1468679/0001019056-19-000013.txt
Kodiak Sciences Inc.,0001468748,10-K,2019-03-27,edgar/data/1468748/0001564590-19-009601.txt
Millburn Multi-Markets Fund L.P.,0001468910,10-K,2019-03-28,edgar/data/1468910/0001615774-19-004772.txt
"Smartag International, Inc.",0001469207,10-K,2019-01-14,edgar/data/1469207/0001308411-19-000005.txt
"Altegris QIM Futures Fund, L.P.",0001469317,10-K,2019-03-29,edgar/data/1469317/0001683168-19-000821.txt
Sunrun Inc.,0001469367,10-K,2019-02-28,edgar/data/1469367/0001469367-19-000041.txt
"MOBILEIRON, INC.",0001470099,10-K,2019-02-22,edgar/data/1470099/0001558370-19-000918.txt
"County Bancorp, Inc.",0001470205,10-K,2019-03-14,edgar/data/1470205/0001564590-19-007775.txt
"Northwest Bancshares, Inc.",0001471265,10-K,2019-03-01,edgar/data/1471265/0001471265-19-000005.txt
"Entergy Texas Restoration Funding, LLC",0001471728,10-K,2019-03-28,edgar/data/1471728/0000065984-19-000136.txt
Gopher Protocol Inc.,0001471781,10-K,2019-03-28,edgar/data/1471781/0001615774-19-004691.txt
Teucrium Commodity Trust,0001471824,10-K,2019-03-15,edgar/data/1471824/0001654954-19-002784.txt
"Edge Therapeutics, Inc.",0001472091,10-K,2019-02-21,edgar/data/1472091/0001140361-19-003636.txt
"United States Brent Oil Fund, LP",0001472494,10-K,2019-03-13,edgar/data/1472494/0001144204-19-013635.txt
R1 RCM INC.,0001472595,10-K,2019-02-22,edgar/data/1472595/0001628280-19-001770.txt
First American Financial Corp,0001472787,10-K,2019-02-20,edgar/data/1472787/0001564590-19-003456.txt
Chesapeake Lodging Trust,0001473078,10-K,2019-02-21,edgar/data/1473078/0001473078-19-000009.txt
"STR HOLDINGS, INC.",0001473597,10-K,2019-03-27,edgar/data/1473597/0001171843-19-002008.txt
"LevelBlox, Inc.",0001473654,10-K,2019-03-29,edgar/data/1473654/0001161697-19-000122.txt
"CBTX, Inc.",0001473844,10-K,2019-02-28,edgar/data/1473844/0001558370-19-001353.txt
Pebblebrook Hotel Trust,0001474098,10-K,2019-03-01,edgar/data/1474098/0001474098-19-000026.txt
"Pure Storage, Inc.",0001474432,10-K,2019-03-26,edgar/data/1474432/0001628280-19-003437.txt
New York REIT Liquidating LLC,0001474464,10-K,2019-03-15,edgar/data/1474464/0001193125-19-076902.txt
GENERAC HOLDINGS INC.,0001474735,10-K,2019-02-26,edgar/data/1474735/0001437749-19-003397.txt
"BG Staffing, Inc.",0001474903,10-K,2019-03-12,edgar/data/1474903/0001474903-19-000010.txt
"Eventbrite, Inc.",0001475115,10-K,2019-03-07,edgar/data/1475115/0001475115-19-000007.txt
Luther Burbank Corp,0001475348,10-K,2019-03-04,edgar/data/1475348/0001475348-19-000010.txt
National Bank Holdings Corp,0001475841,10-K,2019-03-01,edgar/data/1475841/0001558370-19-001401.txt
"Primerica, Inc.",0001475922,10-K,2019-02-26,edgar/data/1475922/0001564590-19-004515.txt
Metropolitan Bank Holding Corp.,0001476034,10-K,2019-03-13,edgar/data/1476034/0001558370-19-001919.txt
Chatham Lodging Trust,0001476045,10-K,2019-02-25,edgar/data/1476045/0001476045-19-000029.txt
Terreno Realty Corp,0001476150,10-K,2019-02-06,edgar/data/1476150/0001628280-19-001026.txt
"Phillips Edison & Company, Inc.",0001476204,10-K,2019-03-13,edgar/data/1476204/0001476204-19-000026.txt
"HEAT BIOLOGICS, INC.",0001476963,10-K,2019-03-28,edgar/data/1476963/0001553350-19-000267.txt
GENERAL CANNABIS CORP,0001477009,10-K,2019-03-08,edgar/data/1477009/0001398432-19-000020.txt
Sensata Technologies Holding plc,0001477294,10-K,2019-02-06,edgar/data/1477294/0001477294-19-000011.txt
Ally Auto Assets LLC,0001477336,10-K,2019-03-25,edgar/data/1477336/0001647353-19-000011.txt
Ally Auto Assets LLC,0001477336,10-K,2019-03-25,edgar/data/1477336/0001652201-19-000009.txt
Ally Auto Assets LLC,0001477336,10-K,2019-03-25,edgar/data/1477336/0001657324-19-000008.txt
Ally Auto Assets LLC,0001477336,10-K,2019-03-25,edgar/data/1477336/0001666947-19-000007.txt
Ally Auto Assets LLC,0001477336,10-K,2019-03-25,edgar/data/1477336/0001673813-19-000007.txt
Ally Auto Assets LLC,0001477336,10-K,2019-03-25,edgar/data/1477336/0001679731-19-000014.txt
Ally Auto Assets LLC,0001477336,10-K,2019-03-25,edgar/data/1477336/0001700667-19-000015.txt
Ally Auto Assets LLC,0001477336,10-K,2019-03-25,edgar/data/1477336/0001705002-19-000017.txt
Ally Auto Assets LLC,0001477336,10-K,2019-03-25,edgar/data/1477336/0001713736-19-000015.txt
Ally Auto Assets LLC,0001477336,10-K,2019-03-25,edgar/data/1477336/0001721353-19-000018.txt
Ally Auto Assets LLC,0001477336,10-K,2019-03-25,edgar/data/1477336/0001727820-19-000014.txt
Ally Auto Assets LLC,0001477336,10-K,2019-03-25,edgar/data/1477336/0001736511-19-000014.txt
Ally Auto Assets LLC,0001477336,10-K,2019-03-25,edgar/data/1477336/0001742379-19-000017.txt
"Teladoc Health, Inc.",0001477449,10-K,2019-02-27,edgar/data/1477449/0001558370-19-001204.txt
CONTRAFECT Corp,0001478069,10-K,2019-03-14,edgar/data/1478069/0001193125-19-074982.txt
Pfenex Inc.,0001478121,10-K,2019-03-11,edgar/data/1478121/0001193125-19-070864.txt
IQVIA HOLDINGS INC.,0001478242,10-K,2019-02-19,edgar/data/1478242/0001564590-19-003180.txt
"Eagle Bancorp Montana, Inc.",0001478454,10-K,2019-03-12,edgar/data/1478454/0001437749-19-004659.txt
"Empire Post Media, Inc.",0001478682,10-K,2019-02-28,edgar/data/1478682/0001493152-19-002724.txt
Viva Entertainment Group Inc.,0001479000,10-K,2019-02-28,edgar/data/1479000/0001264931-19-000042.txt
"STAG Industrial, Inc.",0001479094,10-K,2019-02-13,edgar/data/1479094/0001479094-19-000006.txt
United States Commodity Index Funds Trust,0001479247,10-K,2019-02-28,edgar/data/1479247/0001144204-19-010999.txt
"Revance Therapeutics, Inc.",0001479290,10-K,2019-02-28,edgar/data/1479290/0001479290-19-000030.txt
"Kala Pharmaceuticals, Inc.",0001479419,10-K,2019-03-12,edgar/data/1479419/0001558370-19-001825.txt
VapAria Corp,0001479915,10-K,2019-03-29,edgar/data/1479915/0001493152-19-004240.txt
"Ra Pharmaceuticals, Inc.",0001481512,10-K,2019-03-07,edgar/data/1481512/0001047469-19-000968.txt
Ryerson Holding Corp,0001481582,10-K,2019-03-05,edgar/data/1481582/0001564590-19-006287.txt
"Quad/Graphics, Inc.",0001481792,10-K,2019-02-20,edgar/data/1481792/0001481792-19-000006.txt
PREFERRED APARTMENT COMMUNITIES INC,0001481832,10-K,2019-03-01,edgar/data/1481832/0001481832-19-000011.txt
"KBS Real Estate Investment Trust III, Inc.",0001482430,10-K,2019-03-14,edgar/data/1482430/0001482430-19-000007.txt
"Hudson Pacific Properties, Inc.",0001482512,10-K,2019-02-19,edgar/data/1482512/0001482512-19-000031.txt
Surna Inc.,0001482541,10-K,2019-03-19,edgar/data/1482541/0001493152-19-003583.txt
SLM Student Loan Trust 2010-1,0001482912,10-K,2019-03-29,edgar/data/1482912/0001140361-19-006020.txt
SLM Student Loan Trust 2010-2,0001482913,10-K,2019-03-29,edgar/data/1482913/0001140361-19-006021.txt
"Carter Validus Mission Critical REIT, Inc.",0001482974,10-K,2019-03-22,edgar/data/1482974/0001482974-19-000014.txt
Aberdeen Standard Precious Metals Basket ETF Trust,0001483386,10-K,2019-03-01,edgar/data/1483386/0001483386-19-000002.txt
"EXPRESS, INC.",0001483510,10-K,2019-03-19,edgar/data/1483510/0001483510-19-000014.txt
SOLENO THERAPEUTICS INC,0001484565,10-K,2019-03-20,edgar/data/1484565/0001564590-19-008508.txt
"Sesen Bio, Inc.",0001485003,10-K,2019-03-01,edgar/data/1485003/0001485003-19-000015.txt
"Tower International, Inc.",0001485469,10-K,2019-02-27,edgar/data/1485469/0001144204-19-010395.txt
Oasis Petroleum Inc.,0001486159,10-K,2019-03-01,edgar/data/1486159/0001486159-19-000006.txt
"BWX Technologies, Inc.",0001486957,10-K,2019-02-25,edgar/data/1486957/0001486957-19-000005.txt
"LegacyTexas Financial Group, Inc.",0001487052,10-K,2019-02-07,edgar/data/1487052/0001487052-19-000013.txt
KEYW HOLDING CORP,0001487101,10-K,2019-03-12,edgar/data/1487101/0001487101-19-000007.txt
"GenMark Diagnostics, Inc.",0001487371,10-K,2019-02-25,edgar/data/1487371/0001487371-19-000055.txt
Horizon Technology Finance Corp,0001487428,10-K,2019-03-05,edgar/data/1487428/0001144204-19-012224.txt
AIR LEASE CORP,0001487712,10-K,2019-02-21,edgar/data/1487712/0001558370-19-000845.txt
"Reven Housing REIT, Inc.",0001487782,10-K,2019-03-21,edgar/data/1487782/0001144204-19-015290.txt
ECA Marcellus Trust I,0001487798,10-K,2019-03-18,edgar/data/1487798/0001047469-19-001379.txt
Yangtze River Port & Logistics Ltd,0001487843,10-K,2019-03-01,edgar/data/1487843/0001213900-19-003416.txt
OFS Capital Corp,0001487918,10-K,2019-03-15,edgar/data/1487918/0001487918-19-000007.txt
"Vishay Precision Group, Inc.",0001487952,10-K,2019-03-14,edgar/data/1487952/0001487952-19-000008.txt
ATOSSA GENETICS INC,0001488039,10-K,2019-03-28,edgar/data/1488039/0001437749-19-005927.txt
"Ameresco, Inc.",0001488139,10-K,2019-03-08,edgar/data/1488139/0001488139-19-000022.txt
"Customers Bancorp, Inc.",0001488813,10-K,2019-03-01,edgar/data/1488813/0001488813-19-000009.txt
SemGroup Corp,0001489136,10-K,2019-02-28,edgar/data/1489136/0001489136-19-000011.txt
Odenza Corp.,0001489300,10-K,2019-03-01,edgar/data/1489300/0001493152-19-002747.txt
"SQN Alternative Investment Fund III, L.P.",0001489367,10-K,2019-03-29,edgar/data/1489367/0001493152-19-004256.txt
LyondellBasell Industries N.V.,0001489393,10-K,2019-02-21,edgar/data/1489393/0001489393-19-000011.txt
"Gratitude Health, Inc.",0001489588,10-K,2019-03-25,edgar/data/1489588/0001213900-19-004746.txt
Golden Growers Cooperative,0001489874,10-K,2019-03-08,edgar/data/1489874/0001558370-19-001724.txt
"Black Ridge Oil & Gas, Inc.",0001490161,10-K,2019-03-22,edgar/data/1490161/0001683168-19-000757.txt
"Groupon, Inc.",0001490281,10-K,2019-02-12,edgar/data/1490281/0001490281-19-000014.txt
Rhino Resource Partners LP,0001490630,10-K,2019-03-25,edgar/data/1490630/0001493152-19-003854.txt
CoreSite Realty Corp,0001490892,10-K,2019-02-08,edgar/data/1490892/0001558370-19-000493.txt
Business Development Corp of America,0001490927,10-K,2019-03-28,edgar/data/1490927/0001490927-19-000006.txt
"Sabra Health Care REIT, Inc.",0001492298,10-K,2019-02-25,edgar/data/1492298/0001492298-19-000006.txt
"Apellis Pharmaceuticals, Inc.",0001492422,10-K,2019-02-26,edgar/data/1492422/0001564590-19-004492.txt
Horizon Pharma plc,0001492426,10-K,2019-02-27,edgar/data/1492426/0001564590-19-004667.txt
Ally Wholesale Enterprises LLC,0001492632,10-K,2019-03-25,edgar/data/1492632/0001499357-19-000009.txt
Nielsen Holdings plc,0001492633,10-K,2019-02-28,edgar/data/1492633/0001564590-19-005165.txt
Wright Medical Group N.V.,0001492658,10-K,2019-02-27,edgar/data/1492658/0001492658-19-000009.txt
"T2 Biosystems, Inc.",0001492674,10-K,2019-03-14,edgar/data/1492674/0001564590-19-007862.txt
Knight-Swift Transportation Holdings Inc.,0001492691,10-K,2019-02-28,edgar/data/1492691/0001492691-19-000012.txt
"SL GREEN OPERATING PARTNERSHIP, L.P.",0001492869,10-K,2019-02-27,edgar/data/1492869/0001040971-19-000007.txt
Standard AVB Financial Corp.,0001492915,10-K,2019-03-18,edgar/data/1492915/0001144204-19-014657.txt
BRUNSWICK CORP,0000014930,10-K,2019-02-19,edgar/data/14930/0000014930-19-000054.txt
"Lifeloc Technologies, Inc",0001493137,10-K,2019-03-18,edgar/data/1493137/0001079973-19-000151.txt
Phoenix Life Sciences International Limited.,0001493212,10-K,2019-03-13,edgar/data/1493212/0001387131-19-001904.txt
"Northfield Bancorp, Inc.",0001493225,10-K,2019-03-01,edgar/data/1493225/0001493225-19-000019.txt
PROTECT PHARMACEUTICAL Corp,0001493526,10-K,2019-02-19,edgar/data/1493526/0001493152-19-002214.txt
"OTONOMY, INC.",0001493566,10-K,2019-03-04,edgar/data/1493566/0001564590-19-006043.txt
SLC Student Loan Trust 2010-1,0001493611,10-K,2019-03-29,edgar/data/1493611/0001140361-19-006052.txt
Turtle Beach Corp,0001493761,10-K,2019-03-18,edgar/data/1493761/0001493761-19-000015.txt
"Kilroy Realty, L.P.",0001493976,10-K,2019-02-15,edgar/data/1493976/0001025996-19-000051.txt
"CarGurus, Inc.",0001494259,10-K,2019-02-28,edgar/data/1494259/0001564590-19-005473.txt
Univar Inc.,0001494319,10-K,2019-02-21,edgar/data/1494319/0001494319-19-000006.txt
BOSTON OMAHA Corp,0001494582,10-K,2019-03-18,edgar/data/1494582/0001437749-19-005179.txt
"OptiNose, Inc.",0001494650,10-K,2019-03-06,edgar/data/1494650/0001494650-19-000020.txt
"Digital Realty Trust, L.P.",0001494877,10-K,2019-02-25,edgar/data/1494877/0001297996-19-000032.txt
"Sensus Healthcare, Inc.",0001494891,10-K,2019-03-15,edgar/data/1494891/0001615774-19-004125.txt
Global Indemnity Ltd,0001494904,10-K,2019-03-14,edgar/data/1494904/0001564590-19-007822.txt
"Entergy Arkansas Restoration Funding, LLC",0001495216,10-K,2019-03-28,edgar/data/1495216/0000065984-19-000130.txt
"IZEA Worldwide, Inc.",0001495231,10-K,2019-03-28,edgar/data/1495231/0001495231-19-000030.txt
GLADSTONE LAND Corp,0001495240,10-K,2019-02-26,edgar/data/1495240/0001495240-19-000004.txt
"Healthcare Trust of America Holdings, LP",0001495491,10-K,2019-02-19,edgar/data/1495491/0001360604-19-000023.txt
"Firsthand Technology Value Fund, Inc.",0001495584,10-K,2019-03-18,edgar/data/1495584/0001104659-19-015604.txt
"EXP World Holdings, Inc.",0001495932,10-K,2019-03-18,edgar/data/1495932/0001495932-19-000028.txt
Brookfield Property REIT Inc.,0001496048,10-K,2019-03-01,edgar/data/1496048/0001496048-19-000003.txt
New Mountain Finance Corp,0001496099,10-K,2019-02-27,edgar/data/1496099/0001496099-19-000003.txt
"Hudson Pacific Properties, L.P.",0001496264,10-K,2019-02-19,edgar/data/1496264/0001482512-19-000031.txt
"3PEA INTERNATIONAL, INC.",0001496443,10-K,2019-03-12,edgar/data/1496443/0001683168-19-000607.txt
"CNL Healthcare Properties, Inc.",0001496454,10-K,2019-03-21,edgar/data/1496454/0001564590-19-008800.txt
"Calithera Biosciences, Inc.",0001496671,10-K,2019-03-07,edgar/data/1496671/0001564590-19-006798.txt
PLx Pharma Inc.,0001497504,10-K,2019-03-08,edgar/data/1497504/0001437749-19-004386.txt
"Summit Hotel Properties, Inc.",0001497645,10-K,2019-02-26,edgar/data/1497645/0001497645-19-000005.txt
Solar Quartz Technologies Corp,0001497649,10-K,2019-01-23,edgar/data/1497649/0001640334-19-000098.txt
"Walker & Dunlop, Inc.",0001497770,10-K,2019-03-01,edgar/data/1497770/0001558370-19-001390.txt
TechCare Corp.,0001498067,10-K,2019-03-28,edgar/data/1498067/0001493152-19-004104.txt
MS Structured CMT Linked Trust Units Series 2010-01,0001498311,10-K,2019-03-22,edgar/data/1498311/0000903423-19-000160.txt
"CIM INCOME NAV, INC.",0001498542,10-K,2019-03-26,edgar/data/1498542/0001498542-19-000014.txt
"COLE CREDIT PROPERTY TRUST IV, INC.",0001498547,10-K,2019-03-27,edgar/data/1498547/0001498547-19-000008.txt
"Spirit Airlines, Inc.",0001498710,10-K,2019-02-13,edgar/data/1498710/0001498710-19-000015.txt
Howard Hughes Corp,0001498828,10-K,2019-02-27,edgar/data/1498828/0001628280-19-002143.txt
"Sabine Pass Liquefaction, LLC",0001499200,10-K,2019-02-26,edgar/data/1499200/0001499200-19-000002.txt
Ally Master Owner Trust,0001499357,10-K,2019-03-25,edgar/data/1499357/0001499357-19-000009.txt
RBB Bancorp,0001499422,10-K,2019-03-27,edgar/data/1499422/0001564590-19-009598.txt
"Spirit of Texas Bancshares, Inc.",0001499453,10-K,2019-03-15,edgar/data/1499453/0001564590-19-008002.txt
"Staffing 360 Solutions, Inc.",0001499717,10-K,2019-03-25,edgar/data/1499717/0001564590-19-009074.txt
China Herb Group Holdings Corp,0001499785,10-K,2019-03-08,edgar/data/1499785/0001213900-19-003819.txt
"Townsquare Media, Inc.",0001499832,10-K,2019-03-12,edgar/data/1499832/0001499832-19-000018.txt
"SI Financial Group, Inc.",0001500213,10-K,2019-03-19,edgar/data/1500213/0001500213-19-000011.txt
"American Assets Trust, Inc.",0001500217,10-K,2019-02-15,edgar/data/1500217/0001500217-19-000010.txt
"GoPro, Inc.",0001500435,10-K,2019-02-15,edgar/data/1500435/0001500435-19-000013.txt
Invitae Corp,0001501134,10-K,2019-02-28,edgar/data/1501134/0001501134-19-000022.txt
"United Financial Bancorp, Inc.",0001501364,10-K,2019-02-28,edgar/data/1501364/0001501364-19-000036.txt
"Veritex Holdings, Inc.",0001501570,10-K,2019-02-27,edgar/data/1501570/0001501570-19-000084.txt
"HUNTINGTON INGALLS INDUSTRIES, INC.",0001501585,10-K,2019-02-14,edgar/data/1501585/0001501585-19-000005.txt
"Arsanis, Inc.",0001501697,10-K,2019-03-11,edgar/data/1501697/0001564590-19-007097.txt
FS Energy & Power Fund,0001501729,10-K,2019-03-21,edgar/data/1501729/0001144204-19-015383.txt
"Adverum Biotechnologies, Inc.",0001501756,10-K,2019-03-06,edgar/data/1501756/0001564590-19-006536.txt
"China Liaoning Dingxu Ecological Agriculture Development, Inc.",0001501958,10-K,2019-01-10,edgar/data/1501958/0001683168-19-000059.txt
"China Liaoning Dingxu Ecological Agriculture Development, Inc.",0001501958,10-K,2019-01-10,edgar/data/1501958/0001683168-19-000060.txt
"China Liaoning Dingxu Ecological Agriculture Development, Inc.",0001501958,10-K,2019-01-10,edgar/data/1501958/0001683168-19-000061.txt
"CytomX Therapeutics, Inc.",0001501989,10-K,2019-02-27,edgar/data/1501989/0001564590-19-004890.txt
"GNC HOLDINGS, INC.",0001502034,10-K,2019-03-13,edgar/data/1502034/0001628280-19-002882.txt
"AngioSoma, Inc.",0001502152,10-K,2019-01-03,edgar/data/1502152/0001185185-19-000011.txt
"Conifer Holdings, Inc.",0001502292,10-K,2019-03-13,edgar/data/1502292/0001502292-19-000008.txt
"ICON ECI FUND FIFTEEN, L.P.",0001502519,10-K,2019-03-26,edgar/data/1502519/0001502519-19-000003.txt
"CX Network Group, Inc.",0001502557,10-K,2019-01-15,edgar/data/1502557/0001213900-19-000724.txt
"Liberated Solutions, Inc.",0001503161,10-K,2019-01-10,edgar/data/1503161/0001493152-19-000420.txt
Quanterix Corp,0001503274,10-K,2019-03-18,edgar/data/1503274/0001047469-19-001374.txt
"NorthStar Healthcare Income, Inc.",0001503707,10-K,2019-03-22,edgar/data/1503707/0001503707-19-000006.txt
Karyopharm Therapeutics Inc.,0001503802,10-K,2019-02-28,edgar/data/1503802/0001193125-19-057610.txt
"BankUnited, Inc.",0001504008,10-K,2019-02-27,edgar/data/1504008/0001504008-19-000009.txt
BioPharmX Corp,0001504167,10-K,2019-03-14,edgar/data/1504167/0001558370-19-002016.txt
"Upland Software, Inc.",0001505155,10-K,2019-03-15,edgar/data/1505155/0001505155-19-000017.txt
VOC Energy Trust,0001505413,10-K,2019-03-12,edgar/data/1505413/0001047469-19-001134.txt
"BioRestorative Therapies, Inc.",0001505497,10-K,2019-03-29,edgar/data/1505497/0001493152-19-004292.txt
Regulus Therapeutics Inc.,0001505512,10-K,2019-03-18,edgar/data/1505512/0001628280-19-003037.txt
"Bankwell Financial Group, Inc.",0001505732,10-K,2019-03-04,edgar/data/1505732/0001505732-19-000003.txt
MS Structured Floating Rate Trust Series 2010-04 (IP),0001505890,10-K,2019-03-22,edgar/data/1505890/0000903423-19-000161.txt
"KINDER MORGAN, INC.",0001506307,10-K,2019-02-08,edgar/data/1506307/0001506307-19-000033.txt
"InfraREIT, Inc.",0001506401,10-K,2019-02-27,edgar/data/1506401/0001564590-19-004710.txt
"SharpSpring, Inc.",0001506439,10-K,2019-03-05,edgar/data/1506439/0001654954-19-002262.txt
"CHF Solutions, Inc.",0001506492,10-K,2019-02-21,edgar/data/1506492/0001140361-19-003638.txt
Avinger Inc,0001506928,10-K,2019-03-06,edgar/data/1506928/0001437749-19-004223.txt
"Floor & Decor Holdings, Inc.",0001507079,10-K,2019-02-25,edgar/data/1507079/0001558370-19-000956.txt
"VEREIT, Inc.",0001507385,10-K,2019-02-21,edgar/data/1507385/0001507385-19-000026.txt
"ESH Hospitality, Inc.",0001507563,10-K,2019-02-27,edgar/data/1507563/0001628280-19-002148.txt
"Marathon Patent Group, Inc.",0001507605,10-K,2019-03-25,edgar/data/1507605/0001493152-19-003868.txt
ANDEAVOR LOGISTICS LP,0001507615,10-K,2019-02-28,edgar/data/1507615/0001507615-19-000011.txt
Solar Senior Capital Ltd.,0001508171,10-K,2019-02-21,edgar/data/1508171/0001193125-19-047089.txt
"AmeriCann, Inc.",0001508348,10-K,2019-01-15,edgar/data/1508348/0001437749-19-000885.txt
"TPG Specialty Lending, Inc.",0001508655,10-K,2019-02-20,edgar/data/1508655/0001564590-19-003442.txt
"ARATANA THERAPEUTICS, INC.",0001509190,10-K,2019-03-13,edgar/data/1509190/0001509190-19-000018.txt
SandRidge Mississippian Trust I,0001509228,10-K,2019-03-14,edgar/data/1509228/0001509228-19-000010.txt
"American Assets Trust, L.P.",0001509570,10-K,2019-02-15,edgar/data/1509570/0001500217-19-000010.txt
"Bonanza Creek Energy, Inc.",0001509589,10-K,2019-02-28,edgar/data/1509589/0001509589-19-000023.txt
Garrison Capital Inc.,0001509892,10-K,2019-03-05,edgar/data/1509892/0001564590-19-006304.txt
Kosmos Energy Ltd.,0001509991,10-K,2019-03-01,edgar/data/1509991/0001509991-19-000063.txt
Marathon Petroleum Corp,0001510295,10-K,2019-02-28,edgar/data/1510295/0001510295-19-000014.txt
Principia Biopharma Inc.,0001510487,10-K,2019-03-19,edgar/data/1510487/0001564590-19-008448.txt
SLM Student Loan Trust 2011-1,0001510872,10-K,2019-03-29,edgar/data/1510872/0001140361-19-006022.txt
SLM Student Loan Trust 2011-2,0001510873,10-K,2019-03-29,edgar/data/1510873/0001140361-19-006023.txt
SLM Student Loan Trust 2011-3,0001510874,10-K,2019-03-29,edgar/data/1510874/0001140361-19-006024.txt
"CV Sciences, Inc.",0001510964,10-K,2019-03-12,edgar/data/1510964/0001510964-19-000007.txt
RLJ Lodging Trust,0001511337,10-K,2019-03-01,edgar/data/1511337/0001511337-19-000040.txt
Global Eagle Entertainment Inc.,0001512077,10-K,2019-03-18,edgar/data/1512077/0001512077-19-000003.txt
"LINDBLAD EXPEDITIONS HOLDINGS, INC.",0001512499,10-K,2019-02-28,edgar/data/1512499/0001437749-19-003639.txt
"Square, Inc.",0001512673,10-K,2019-02-27,edgar/data/1512673/0001512673-19-000003.txt
"Coherus BioSciences, Inc.",0001512762,10-K,2019-02-28,edgar/data/1512762/0001564590-19-005470.txt
MONROE CAPITAL Corp,0001512931,10-K,2019-03-05,edgar/data/1512931/0001144204-19-012276.txt
FIDUS INVESTMENT Corp,0001513363,10-K,2019-02-28,edgar/data/1513363/0001193125-19-057412.txt
"ADIAL PHARMACEUTICALS, INC.",0001513525,10-K,2019-02-19,edgar/data/1513525/0001213900-19-002769.txt
Norwegian Cruise Line Holdings Ltd.,0001513761,10-K,2019-02-27,edgar/data/1513761/0001144204-19-010508.txt
"Aravive, Inc.",0001513818,10-K,2019-03-15,edgar/data/1513818/0001564590-19-007911.txt
"Neurotrope, Inc.",0001513856,10-K,2019-03-08,edgar/data/1513856/0001144204-19-013080.txt
"TRAQIQ, INC.",0001514056,10-K,2019-03-25,edgar/data/1514056/0001493152-19-003832.txt
"Delta Tucker Holdings, Inc.",0001514226,10-K,2019-03-19,edgar/data/1514226/0001514226-19-000013.txt
"AG Mortgage Investment Trust, Inc.",0001514281,10-K,2019-02-27,edgar/data/1514281/0001514281-19-000022.txt
Bandwidth Inc.,0001514416,10-K,2019-02-15,edgar/data/1514416/0001514416-19-000011.txt
"SunCoke Energy, Inc.",0001514705,10-K,2019-02-15,edgar/data/1514705/0001514705-19-000003.txt
"SAExploration Holdings, Inc.",0001514732,10-K,2019-03-25,edgar/data/1514732/0001564590-19-009158.txt
AMC Networks Inc.,0001514991,10-K,2019-03-01,edgar/data/1514991/0001514991-19-000007.txt
ICOX INNOVATIONS INC.,0001515139,10-K,2019-03-26,edgar/data/1515139/0001493152-19-003941.txt
"Advanced Emissions Solutions, Inc.",0001515156,10-K,2019-03-18,edgar/data/1515156/0001515156-19-000024.txt
Ultragenyx Pharmaceutical Inc.,0001515673,10-K,2019-02-20,edgar/data/1515673/0001564590-19-003324.txt
Plymouth Industrial REIT Inc.,0001515816,10-K,2019-03-08,edgar/data/1515816/0001171520-19-000138.txt
"Insys Therapeutics, Inc.",0001516479,10-K,2019-03-13,edgar/data/1516479/0001564590-19-007444.txt
"Nemus Bioscience, Inc.",0001516551,10-K,2019-03-14,edgar/data/1516551/0001640334-19-000379.txt
"Moxian, Inc.",0001516805,10-K,2019-01-15,edgar/data/1516805/0001144204-19-001744.txt
"Wellness Center USA, Inc.",0001516887,10-K,2019-01-15,edgar/data/1516887/0001493152-19-000631.txt
"Origin Bancorp, Inc.",0001516912,10-K,2019-02-28,edgar/data/1516912/0001516912-19-000018.txt
"Akebia Therapeutics, Inc.",0001517022,10-K,2019-03-26,edgar/data/1517022/0001564590-19-009340.txt
Pingtan Marine Enterprise Ltd.,0001517130,10-K,2019-03-15,edgar/data/1517130/0001213900-19-004243.txt
"Chefs' Warehouse, Inc.",0001517175,10-K,2019-03-01,edgar/data/1517175/0001517175-19-000003.txt
"CommScope Holding Company, Inc.",0001517228,10-K,2019-02-21,edgar/data/1517228/0001564590-19-003497.txt
Artisan Partners Asset Management Inc.,0001517302,10-K,2019-02-20,edgar/data/1517302/0001517302-19-000012.txt
"Merion, Inc.",0001517498,10-K,2019-03-28,edgar/data/1517498/0001477932-19-001247.txt
"Jade Global Holdings, Inc.",0001518171,10-K,2019-03-27,edgar/data/1518171/0001213900-19-004935.txt
LG&E & KU Energy LLC,0001518339,10-K,2019-02-14,edgar/data/1518339/0000922224-19-000015.txt
"AmpliTech Group, Inc.",0001518461,10-K,2019-03-21,edgar/data/1518461/0001477932-19-001094.txt
Aleris Corp,0001518587,10-K,2019-03-08,edgar/data/1518587/0001518587-19-000008.txt
"Orchid Island Capital, Inc.",0001518621,10-K,2019-02-22,edgar/data/1518621/0001275477-19-000023.txt
"HomeStreet, Inc.",0001518715,10-K,2019-03-06,edgar/data/1518715/0001518715-19-000056.txt
"WPX ENERGY, INC.",0001518832,10-K,2019-02-21,edgar/data/1518832/0001518832-19-000005.txt
Trinseo S.A.,0001519061,10-K,2019-02-28,edgar/data/1519061/0001558370-19-001261.txt
"ATEL 15, LLC",0001519117,10-K,2019-03-18,edgar/data/1519117/0001144204-19-014401.txt
Regional Management Corp.,0001519401,10-K,2019-03-08,edgar/data/1519401/0001193125-19-069241.txt
Invesco CurrencyShares Chinese Renminbi Trust,0001519405,10-K,2019-01-11,edgar/data/1519405/0001193125-19-007529.txt
"Fortune Brands Home & Security, Inc.",0001519751,10-K,2019-02-25,edgar/data/1519751/0001193125-19-049951.txt
Matador Resources Co,0001520006,10-K,2019-03-01,edgar/data/1520006/0001520006-19-000048.txt
Permianville Royalty Trust,0001520048,10-K,2019-03-18,edgar/data/1520048/0001104659-19-015584.txt
Alkermes plc.,0001520262,10-K,2019-02-15,edgar/data/1520262/0001564590-19-003060.txt
"Acadia Healthcare Company, Inc.",0001520697,10-K,2019-03-01,edgar/data/1520697/0001564590-19-005750.txt
"Lantheus Holdings, Inc.",0001521036,10-K,2019-02-20,edgar/data/1521036/0001628280-19-001574.txt
SandRidge Permian Trust,0001521168,10-K,2019-03-14,edgar/data/1521168/0001521168-19-000008.txt
Aptiv PLC,0001521332,10-K,2019-02-04,edgar/data/1521332/0001521332-19-000007.txt
APEX 2 INC.,0001521466,10-K,2019-01-29,edgar/data/1521466/0001477932-19-000284.txt
Amplify Energy Corp,0001521847,10-K,2019-03-06,edgar/data/1521847/0001564590-19-006483.txt
"Triton Pacific Investment Corporation, Inc.",0001521945,10-K,2019-03-29,edgar/data/1521945/0000897101-19-000301.txt
"FIRST BUSINESS FINANCIAL SERVICES, INC.",0001521951,10-K,2019-02-28,edgar/data/1521951/0001521951-19-000019.txt
Entegra Financial Corp.,0001522327,10-K,2019-03-14,edgar/data/1522327/0001552781-19-000096.txt
"BSB Bancorp, Inc.",0001522420,10-K,2019-03-15,edgar/data/1522420/0001193125-19-076573.txt
"CohBar, Inc.",0001522602,10-K,2019-03-18,edgar/data/1522602/0001213900-19-004358.txt
"Citibank, N.A., as depositor of Citibank Credit Card Issuance Trust",0001522616,10-K,2019-03-27,edgar/data/1522616/0001193125-19-088236.txt
"USA Compression Partners, LP",0001522727,10-K,2019-02-19,edgar/data/1522727/0001558370-19-000738.txt
"MOJO DATA SOLUTIONS, INC.",0001523486,10-K,2019-01-16,edgar/data/1523486/0001683168-19-000122.txt
"ENTERGY LOUISIANA INVESTMENT RECOVERY FUNDING I, L.L.C.",0001523519,10-K,2019-03-28,edgar/data/1523519/0000065984-19-000132.txt
"West End Indiana Bancshares, Inc.",0001523854,10-K,2019-03-29,edgar/data/1523854/0001144204-19-016890.txt
"TILLY'S, INC.",0001524025,10-K,2019-03-29,edgar/data/1524025/0001628280-19-003678.txt
"Manning & Napier, Inc.",0001524223,10-K,2019-03-27,edgar/data/1524223/0001524223-19-000014.txt
MARRIOTT VACATIONS WORLDWIDE Corp,0001524358,10-K,2019-03-01,edgar/data/1524358/0001524358-19-000008.txt
Xylem Inc.,0001524472,10-K,2019-02-22,edgar/data/1524472/0001524472-19-000009.txt
"MPT Operating Partnership, L.P.",0001524607,10-K,2019-03-01,edgar/data/1524607/0001564590-19-005843.txt
"U.S. SILICA HOLDINGS, INC.",0001524741,10-K,2019-02-20,edgar/data/1524741/0001628280-19-001568.txt
CHESAPEAKE GRANITE WASH TRUST,0001524769,10-K,2019-03-22,edgar/data/1524769/0001524769-19-000004.txt
Thunder Energies Corp,0001524872,10-K,2019-03-14,edgar/data/1524872/0001477932-19-000979.txt
"CHUY'S HOLDINGS, INC.",0001524931,10-K,2019-03-12,edgar/data/1524931/0001524931-19-000023.txt
ERA GROUP INC.,0001525221,10-K,2019-03-08,edgar/data/1525221/0001525221-19-000011.txt
Sprague Resources LP,0001525287,10-K,2019-03-14,edgar/data/1525287/0001525287-19-000016.txt
FS Investment Corp II,0001525759,10-K,2019-03-19,edgar/data/1525759/0001144204-19-014913.txt
"Global Net Lease, Inc.",0001526113,10-K,2019-02-28,edgar/data/1526113/0001526113-19-000006.txt
"Verastem, Inc.",0001526119,10-K,2019-03-12,edgar/data/1526119/0001558370-19-001852.txt
"TripAdvisor, Inc.",0001526520,10-K,2019-02-22,edgar/data/1526520/0001564590-19-003889.txt
"Wellesley Bancorp, Inc.",0001526952,10-K,2019-03-29,edgar/data/1526952/0001144204-19-016772.txt
Carlyle Group L.P.,0001527166,10-K,2019-02-13,edgar/data/1527166/0001527166-19-000008.txt
"National CineMedia, LLC",0001527190,10-K,2019-02-25,edgar/data/1527190/0001527190-19-000003.txt
KonaRed Corp,0001527355,10-K,2019-03-06,edgar/data/1527355/0001185185-19-000316.txt
BankGuam Holding Co,0001527383,10-K,2019-03-15,edgar/data/1527383/0001564590-19-007926.txt
Athene Holding Ltd,0001527469,10-K,2019-02-27,edgar/data/1527469/0001527469-19-000007.txt
DBUBS 2011-LC3 Mortgage Trust,0001527531,10-K,2019-03-19,edgar/data/1527531/0001056404-19-002113.txt
"Wheeler Real Estate Investment Trust, Inc.",0001527541,10-K,2019-02-28,edgar/data/1527541/0001527541-19-000017.txt
Ready Capital Corp,0001527590,10-K,2019-03-13,edgar/data/1527590/0001558370-19-001928.txt
"SYNLOGIC, INC.",0001527599,10-K,2019-03-12,edgar/data/1527599/0001564590-19-007367.txt
"NuZee, Inc.",0001527613,10-K,2019-02-11,edgar/data/1527613/0001376474-19-000038.txt
"Mid-Con Energy Partners, LP",0001527709,10-K,2019-03-13,edgar/data/1527709/0001564590-19-007570.txt
"VEREIT Operating Partnership, L.P.",0001528059,10-K,2019-02-21,edgar/data/1528059/0001507385-19-000026.txt
"Laredo Petroleum, Inc.",0001528129,10-K,2019-02-14,edgar/data/1528129/0001528129-19-000012.txt
Genie Energy Ltd.,0001528356,10-K,2019-03-19,edgar/data/1528356/0001213900-19-004396.txt
Morgan Stanley Capital I Trust 2011-C3,0001528503,10-K,2019-03-29,edgar/data/1528503/0001056404-19-003176.txt
"Corindus Vascular Robotics, Inc.",0001528557,10-K,2019-03-18,edgar/data/1528557/0001387131-19-002024.txt
"Exeo Entertainment, Inc.",0001528760,10-K,2019-03-15,edgar/data/1528760/0001654954-19-002782.txt
Sanchez Energy Corp,0001528837,10-K,2019-03-01,edgar/data/1528837/0001558370-19-001428.txt
RH,0001528849,10-K,2019-03-29,edgar/data/1528849/0001564590-19-010132.txt
"Inland Real Estate Income Trust, Inc.",0001528985,10-K,2019-03-20,edgar/data/1528985/0001564590-19-008603.txt
INPIXON,0001529113,10-K,2019-03-28,edgar/data/1529113/0001213900-19-005135.txt
Ares Commercial Real Estate Corp,0001529377,10-K,2019-02-21,edgar/data/1529377/0001529377-19-000006.txt
"FTS International, Inc.",0001529463,10-K,2019-02-28,edgar/data/1529463/0001558370-19-001357.txt
"Smart Sand, Inc.",0001529628,10-K,2019-03-14,edgar/data/1529628/0001529628-19-000019.txt
J.P. Morgan Chase Commercial Mortgage Securities Trust 2011-C5,0001529658,10-K,2019-03-22,edgar/data/1529658/0001056404-19-002435.txt
"Enova International, Inc.",0001529864,10-K,2019-02-27,edgar/data/1529864/0001564590-19-004886.txt
GS Mortgage Securities Trust 2011-GC5,0001530219,10-K,2019-03-25,edgar/data/1530219/0001193125-19-084835.txt
"FS Bancorp, Inc.",0001530249,10-K,2019-03-15,edgar/data/1530249/0001558370-19-002153.txt
"BioSig Technologies, Inc.",0001530766,10-K,2019-03-15,edgar/data/1530766/0001185185-19-000363.txt
Tronox Ltd,0001530804,10-K,2019-02-28,edgar/data/1530804/0001140361-19-004061.txt
"Esquire Financial Holdings, Inc.",0001531031,10-K,2019-03-14,edgar/data/1531031/0001558370-19-002020.txt
"BJ's Wholesale Club Holdings, Inc.",0001531152,10-K,2019-03-25,edgar/data/1531152/0001531152-19-000010.txt
"Nine Energy Service, Inc.",0001532286,10-K,2019-03-07,edgar/data/1532286/0001532286-19-000004.txt
Power REIT,0001532619,10-K,2019-03-25,edgar/data/1532619/0001493152-19-003857.txt
WFRBS Commercial Mortgage Trust 2011-C5,0001532826,10-K,2019-03-20,edgar/data/1532826/0001056404-19-002170.txt
"NV5 Global, Inc.",0001532961,10-K,2019-03-14,edgar/data/1532961/0001437749-19-004923.txt
Phio Pharmaceuticals Corp.,0001533040,10-K,2019-03-27,edgar/data/1533040/0001683168-19-000795.txt
"GLOBAL BRASS & COPPER HOLDINGS, INC.",0001533526,10-K,2019-02-28,edgar/data/1533526/0001533526-19-000032.txt
Global Medical REIT Inc.,0001533615,10-K,2019-03-11,edgar/data/1533615/0001144204-19-013170.txt
"Processa Pharmaceuticals, Inc.",0001533743,10-K,2019-03-28,edgar/data/1533743/0001493152-19-004137.txt
Hughes Satellite Systems Corp,0001533758,10-K,2019-02-21,edgar/data/1533758/0001533758-19-000005.txt
"CenterPoint Energy Transition Bond Co IV, LLC",0001533840,10-K,2019-03-25,edgar/data/1533840/0001193125-19-085447.txt
"Midstates Petroleum Company, Inc.",0001533924,10-K,2019-03-14,edgar/data/1533924/0001104659-19-014838.txt
"Worldpay, Inc.",0001533932,10-K,2019-02-26,edgar/data/1533932/0001533932-19-000044.txt
DarioHealth Corp.,0001533998,10-K,2019-03-25,edgar/data/1533998/0001144204-19-015691.txt
Cerecor Inc.,0001534120,10-K,2019-03-18,edgar/data/1534120/0001628280-19-003078.txt
Ipsidy Inc.,0001534154,10-K,2019-03-08,edgar/data/1534154/0001615774-19-003800.txt
CION Investment Corp,0001534254,10-K,2019-03-19,edgar/data/1534254/0001534254-19-000004.txt
PBF Energy Inc.,0001534504,10-K,2019-02-21,edgar/data/1534504/0001534504-19-000012.txt
"Xenetic Biosciences, Inc.",0001534525,10-K,2019-03-29,edgar/data/1534525/0001683168-19-000840.txt
Tecnoglass Inc.,0001534675,10-K,2019-03-08,edgar/data/1534675/0001493152-19-003046.txt
Phillips 66,0001534701,10-K,2019-02-22,edgar/data/1534701/0001534701-19-000063.txt
"Eastside Distilling, Inc.",0001534708,10-K,2019-03-28,edgar/data/1534708/0001493152-19-004107.txt
"Fiesta Restaurant Group, Inc.",0001534992,10-K,2019-02-26,edgar/data/1534992/0001534992-19-000008.txt
"Cloudera, Inc.",0001535379,10-K,2019-03-29,edgar/data/1535379/0001628280-19-003670.txt
GS Mortgage Securities Trust 2012-GC6,0001535456,10-K,2019-03-25,edgar/data/1535456/0001056404-19-002671.txt
CFCRE Commercial Mortgage Trust 2011-C2,0001535706,10-K,2019-03-25,edgar/data/1535706/0001193125-19-084811.txt
"HMS INCOME FUND, INC.",0001535778,10-K,2019-03-08,edgar/data/1535778/0001535778-19-000013.txt
"Voya Financial, Inc.",0001535929,10-K,2019-02-22,edgar/data/1535929/0001535929-19-000018.txt
Lipocine Inc.,0001535955,10-K,2019-03-06,edgar/data/1535955/0001144204-19-012434.txt
MASCOTA RESOURCES CORP.,0001536089,10-K,2019-02-14,edgar/data/1536089/0001761088-19-000012.txt
UBS-Citigroup Commercial Mortgage Trust 2011-C1,0001536226,10-K,2019-03-28,edgar/data/1536226/0001020242-19-000117.txt
SLM Student Loan Trust 2012-1,0001536720,10-K,2019-03-29,edgar/data/1536720/0001140361-19-006025.txt
"Independence Contract Drilling, Inc.",0001537028,10-K,2019-03-01,edgar/data/1537028/0001537028-19-000025.txt
Gogo Inc.,0001537054,10-K,2019-02-21,edgar/data/1537054/0001193125-19-046812.txt
Whiting USA Trust II,0001537058,10-K,2019-03-25,edgar/data/1537058/0001537058-19-000008.txt
"ATEL Growth Capital Fund 8, LLC",0001537069,10-K,2019-03-18,edgar/data/1537069/0001144204-19-014411.txt
TECOGEN INC.,0001537435,10-K,2019-03-29,edgar/data/1537435/0001537435-19-000016.txt
SandRidge Mississippian Trust II,0001538267,10-K,2019-03-14,edgar/data/1538267/0001538267-19-000010.txt
Pacific Coast Oil Trust,0001538822,10-K,2019-03-08,edgar/data/1538822/0001104659-19-013639.txt
CrossAmerica Partners LP,0001538849,10-K,2019-02-26,edgar/data/1538849/0001564590-19-004128.txt
STORE CAPITAL Corp,0001538990,10-K,2019-02-22,edgar/data/1538990/0001558370-19-000904.txt
"Clearside Biomedical, Inc.",0001539029,10-K,2019-03-15,edgar/data/1539029/0001564590-19-007887.txt
"Triumph Bancorp, Inc.",0001539638,10-K,2019-02-12,edgar/data/1539638/0001564590-19-002702.txt
"Diamondback Energy, Inc.",0001539838,10-K,2019-02-25,edgar/data/1539838/0001539838-19-000008.txt
"WFB Funding, LLC",0001540723,10-K,2019-03-28,edgar/data/1540723/0001540723-19-000017.txt
Foresight Energy LP,0001540729,10-K,2019-02-27,edgar/data/1540729/0001564590-19-004592.txt
"Anaplan, Inc.",0001540755,10-K,2019-03-29,edgar/data/1540755/0001193125-19-092804.txt
"EQM Midstream Partners, LP",0001540947,10-K,2019-02-14,edgar/data/1540947/0001540947-19-000013.txt
SLM Student Loan Trust 2012-2,0001540960,10-K,2019-03-29,edgar/data/1540960/0001140361-19-006026.txt
"Sound Financial Bancorp, Inc.",0001541119,10-K,2019-03-14,edgar/data/1541119/0001541119-19-000006.txt
"Empire State Realty Trust, Inc.",0001541401,10-K,2019-02-28,edgar/data/1541401/0001628280-19-002205.txt
Morgan Stanley Capital I Trust 2012-C4,0001541451,10-K,2019-03-29,edgar/data/1541451/0001056404-19-003180.txt
"RREEF Property Trust, Inc.",0001542447,10-K,2019-03-08,edgar/data/1542447/0001542447-19-000017.txt
Prosper Funding LLC,0001542574,10-K,2019-03-29,edgar/data/1542574/0001416265-19-000171.txt
WFRBS Commercial Mortgage Trust 2012-C6,0001542830,10-K,2019-03-20,edgar/data/1542830/0001056404-19-002250.txt
COMM 2012-LC4 Mortgage Trust,0001543042,10-K,2019-03-25,edgar/data/1543042/0001020242-19-000080.txt
Trilogy Metals Inc.,0001543418,10-K,2019-02-11,edgar/data/1543418/0001279569-19-000253.txt
"Shepherd's Finance, LLC",0001544190,10-K,2019-03-25,edgar/data/1544190/0001493152-19-003875.txt
"TCG BDC, INC.",0001544206,10-K,2019-02-26,edgar/data/1544206/0001544206-19-000007.txt
"CARDAX, INC.",0001544238,10-K,2019-03-28,edgar/data/1544238/0001493152-19-004071.txt
UBS Commercial Mortgage Trust 2012-C1,0001544629,10-K,2019-03-19,edgar/data/1544629/0001020242-19-000057.txt
J.P. Morgan Chase Commercial Mortgage Securities Trust 2012-C6,0001545018,10-K,2019-03-26,edgar/data/1545018/0001056404-19-002721.txt
Signal Advance Inc,0001545061,10-K,2019-03-06,edgar/data/1545061/0001640334-19-000354.txt
WMI Liquidating Trust,0001545078,10-K,2019-03-29,edgar/data/1545078/0001193125-19-092649.txt
"Alexander & Baldwin, Inc.",0001545654,10-K,2019-02-28,edgar/data/1545654/0001545654-19-000012.txt
"Bloomin' Brands, Inc.",0001546417,10-K,2019-02-27,edgar/data/1546417/0001546417-19-000035.txt
SLM Student Loan Trust 2012-3,0001546637,10-K,2019-03-29,edgar/data/1546637/0001140361-19-006027.txt
"Skkynet Cloud Systems, Inc.",0001546853,10-K,2019-02-13,edgar/data/1546853/0001477932-19-000452.txt
"Hunt Companies Finance Trust, Inc.",0001547546,10-K,2019-03-18,edgar/data/1547546/0001628280-19-003082.txt
"NMI Holdings, Inc.",0001547903,10-K,2019-02-14,edgar/data/1547903/0001547903-19-000017.txt
"Notis Global, Inc.",0001547996,10-K,2019-01-08,edgar/data/1547996/0001493152-19-000276.txt
"Soliton, Inc.",0001548187,10-K,2019-03-29,edgar/data/1548187/0001437749-19-006055.txt
GS Mortgage Securities Trust 2012-GCJ7,0001548266,10-K,2019-03-20,edgar/data/1548266/0001056404-19-002245.txt
COMM 2012-CCRE1 Mortgage Trust,0001548599,10-K,2019-03-22,edgar/data/1548599/0001056404-19-002428.txt
"EKSO BIONICS HOLDINGS, INC.",0001549084,10-K,2019-02-28,edgar/data/1549084/0001549084-19-000002.txt
"Shutterstock, Inc.",0001549346,10-K,2019-02-26,edgar/data/1549346/0001549346-19-000008.txt
Hi-Crush Partners LP,0001549848,10-K,2019-02-20,edgar/data/1549848/0001549848-19-000035.txt
"Summit Midstream Partners, LP",0001549922,10-K,2019-02-26,edgar/data/1549922/0001564590-19-004493.txt
Silvercrest Asset Management Group Inc.,0001549966,10-K,2019-03-07,edgar/data/1549966/0001564590-19-006824.txt
eWELLNESS HEALTHCARE Corp,0001550020,10-K,2019-03-27,edgar/data/1550020/0001493152-19-003992.txt
"Grand Perfecta, Inc.",0001550053,10-K,2019-01-25,edgar/data/1550053/0001683168-19-000202.txt
WFRBS Commercial Mortgage Trust 2012-C7,0001550120,10-K,2019-03-22,edgar/data/1550120/0001056404-19-002463.txt
J.P. Morgan Chase Commercial Mortgage Securities Trust 2012-CIBX,0001550221,10-K,2019-03-21,edgar/data/1550221/0001056404-19-002321.txt
RBC Covered Bond Guarantor Limited Partnership,0001550369,10-K,2019-01-29,edgar/data/1550369/0001214659-19-000587.txt
TriLinc Global Impact Fund LLC,0001550453,10-K,2019-03-29,edgar/data/1550453/0001564590-19-010159.txt
AbbVie Inc.,0001551152,10-K,2019-02-27,edgar/data/1551152/0001551152-19-000008.txt
Eaton Corp plc,0001551182,10-K,2019-02-27,edgar/data/1551182/0001551182-19-000045.txt
SLM Student Loan Trust 2012-5,0001551271,10-K,2019-03-29,edgar/data/1551271/0001140361-19-006028.txt
"Sientra, Inc.",0001551693,10-K,2019-03-14,edgar/data/1551693/0001564590-19-007851.txt
VGRAB COMMUNICATIONS INC.,0001551887,10-K,2019-01-30,edgar/data/1551887/0001393905-19-000032.txt
Stellus Capital Investment Corp,0001551901,10-K,2019-03-06,edgar/data/1551901/0001144204-19-012417.txt
"INNOVATE BIOPHARMACEUTICALS, INC.",0001551986,10-K,2019-03-18,edgar/data/1551986/0001551986-19-000019.txt
MPLX LP,0001552000,10-K,2019-02-28,edgar/data/1552000/0001552000-19-000006.txt
TransUnion,0001552033,10-K,2019-02-14,edgar/data/1552033/0001552033-19-000010.txt
AVRA INC.,0001552164,10-K,2019-01-29,edgar/data/1552164/0001552164-19-000004.txt
"Exactus, Inc.",0001552189,10-K,2019-03-29,edgar/data/1552189/0001654954-19-003656.txt
"WhiteHorse Finance, Inc.",0001552198,10-K,2019-03-14,edgar/data/1552198/0001144204-19-013990.txt
Sunoco LP,0001552275,10-K,2019-02-22,edgar/data/1552275/0001552275-19-000011.txt
Morgan Stanley Bank of America Merrill Lynch Trust 2012-C5,0001552327,10-K,2019-03-29,edgar/data/1552327/0001019965-19-000131.txt
UBS-Barclays Commercial Mortgage Trust 2012-C2,0001552328,10-K,2019-03-27,edgar/data/1552328/0001019965-19-000103.txt
MyoKardia Inc,0001552451,10-K,2019-02-28,edgar/data/1552451/0001564590-19-005543.txt
CNH Industrial Capital LLC,0001552493,10-K,2019-03-01,edgar/data/1552493/0001558370-19-001418.txt
ECARD INC.,0001552743,10-K,2019-03-21,edgar/data/1552743/0001213900-19-004613.txt
"Delek Logistics Partners, LP",0001552797,10-K,2019-03-01,edgar/data/1552797/0001552797-19-000011.txt
"TILE SHOP HOLDINGS, INC.",0001552800,10-K,2019-02-26,edgar/data/1552800/0001552800-19-000005.txt
CyrusOne Inc.,0001553023,10-K,2019-02-22,edgar/data/1553023/0001553023-19-000040.txt
"Empire State Realty OP, L.P.",0001553079,10-K,2019-02-28,edgar/data/1553079/0001628280-19-002207.txt
"Canfield Medical Supply, Inc.",0001553788,10-K,2019-03-29,edgar/data/1553788/0001079973-19-000192.txt
WFRBS COMMERCIAL MORTGAGE TRUST 2012-C8,0001553817,10-K,2019-03-22,edgar/data/1553817/0001056404-19-002389.txt
COMM 2012-CCRE2 Mortgage Trust,0001554776,10-K,2019-03-21,edgar/data/1554776/0001056404-19-002341.txt
"Semler Scientific, Inc.",0001554859,10-K,2019-03-07,edgar/data/1554859/0001144204-19-012776.txt
Front Yard Residential Corp,0001555039,10-K,2019-02-27,edgar/data/1555039/0001555039-19-000006.txt
Altisource Asset Management Corp,0001555074,10-K,2019-02-27,edgar/data/1555074/0001555074-19-000004.txt
EP Energy LLC,0001555082,10-K,2019-03-18,edgar/data/1555082/0001555082-19-000005.txt
Zoetis Inc.,0001555280,10-K,2019-02-14,edgar/data/1555280/0001555280-19-000041.txt
"SunCoke Energy Partners, L.P.",0001555538,10-K,2019-02-15,edgar/data/1555538/0001555538-19-000003.txt
UBS-Barclays Commercial Mortgage Trust 2012-C3,0001555902,10-K,2019-03-26,edgar/data/1555902/0001020242-19-000110.txt
SLM Student Loan Trust 2012-6,0001556107,10-K,2019-03-29,edgar/data/1556107/0001140361-19-006029.txt
"Syros Pharmaceuticals, Inc.",0001556263,10-K,2019-03-07,edgar/data/1556263/0001564590-19-006610.txt
"Owens Realty Mortgage, Inc.",0001556364,10-K,2019-03-15,edgar/data/1556364/0001556364-19-000017.txt
"Blake Insomnia Therapeutics, Inc.",0001556416,10-K,2019-02-20,edgar/data/1556416/0001477932-19-000575.txt
COMM 2012-CCRE3 Mortgage Trust,0001556487,10-K,2019-03-25,edgar/data/1556487/0001020242-19-000104.txt
New Residential Investment Corp.,0001556593,10-K,2019-02-19,edgar/data/1556593/0001556593-19-000006.txt
Wells Fargo Commercial Mortgage Trust 2012-LC5,0001556601,10-K,2019-03-19,edgar/data/1556601/0001056404-19-002146.txt
First Northwest Bancorp,0001556727,10-K,2019-03-15,edgar/data/1556727/0001556727-19-000018.txt
Citigroup Commercial Mortgage Trust 2012-GC8,0001556811,10-K,2019-03-29,edgar/data/1556811/0001193125-19-092327.txt
"Techpoint, Inc.",0001556898,10-K,2019-03-15,edgar/data/1556898/0001564590-19-007988.txt
J.P. Morgan Chase Commercial Mortgage Securities Trust 2012-C8,0001556965,10-K,2019-03-21,edgar/data/1556965/0001056404-19-002325.txt
"Kadmon Holdings, Inc.",0001557142,10-K,2019-03-07,edgar/data/1557142/0001557142-19-000020.txt
"Venture Lending & Leasing VII, Inc.",0001557424,10-K,2019-03-14,edgar/data/1557424/0001557424-19-000002.txt
"Aclaris Therapeutics, Inc.",0001557746,10-K,2019-03-18,edgar/data/1557746/0001558370-19-002211.txt
WFRBS Commercial Mortgage Trust 2012-C9,0001557805,10-K,2019-03-22,edgar/data/1557805/0001056404-19-002460.txt
"Dermira, Inc.",0001557883,10-K,2019-02-26,edgar/data/1557883/0001564590-19-004452.txt
Morgan Stanley Bank of America Merrill Lynch Trust 2012-C6,0001558013,10-K,2019-03-29,edgar/data/1558013/0001056404-19-003179.txt
CORPORATE PROPERTY ASSOCIATES 18 GLOBAL INC,0001558235,10-K,2019-03-13,edgar/data/1558235/0001558235-19-000006.txt
INDUSTRIAL PROPERTY TRUST INC.,0001558441,10-K,2019-03-06,edgar/data/1558441/0001558441-19-000003.txt
COMM 2012-CCRE4 Mortgage Trust,0001558546,10-K,2019-03-22,edgar/data/1558546/0001056404-19-002392.txt
Arcimoto Inc,0001558583,10-K,2019-03-29,edgar/data/1558583/0001213900-19-005232.txt
Prothena Corp plc,0001559053,10-K,2019-03-15,edgar/data/1559053/0001559053-19-000007.txt
UBS-Barclays Commercial Mortgage Trust 2012-C4,0001559450,10-K,2019-03-27,edgar/data/1559450/0001019965-19-000108.txt
"Resource Real Estate Opportunity REIT II, Inc.",0001559484,10-K,2019-03-22,edgar/data/1559484/0001564590-19-008979.txt
SLM Student Loan Trust 2012-7,0001559856,10-K,2019-03-29,edgar/data/1559856/0001140361-19-006030.txt
"EVERTEC, Inc.",0001559865,10-K,2019-02-26,edgar/data/1559865/0001559865-19-000018.txt
Harvest Capital Credit Corp,0001559909,10-K,2019-03-15,edgar/data/1559909/0001559909-19-000004.txt
"G1 Therapeutics, Inc.",0001560241,10-K,2019-02-28,edgar/data/1560241/0001564590-19-005520.txt
"electroCore, Inc.",0001560258,10-K,2019-03-28,edgar/data/1560258/0001564590-19-009725.txt
"Rapid7, Inc.",0001560327,10-K,2019-02-28,edgar/data/1560327/0001560327-19-000046.txt
Liberty Media Corp,0001560385,10-K,2019-02-28,edgar/data/1560385/0001558370-19-001329.txt
Texas Republic Capital Corp,0001560452,10-K,2019-03-22,edgar/data/1560452/0001185185-19-000402.txt
GS Mortgage Securities Trust 2012-GCJ9,0001560456,10-K,2019-03-26,edgar/data/1560456/0001019965-19-000085.txt
Ellington Residential Mortgage REIT,0001560672,10-K,2019-03-08,edgar/data/1560672/0001560672-19-000007.txt
"Healthcare Trust, Inc.",0001561032,10-K,2019-03-14,edgar/data/1561032/0001561032-19-000002.txt
"QualityTech, LP",0001561164,10-K,2019-02-25,edgar/data/1561164/0001558370-19-000991.txt
"Health Insurance Innovations, Inc.",0001561387,10-K,2019-03-14,edgar/data/1561387/0001561387-19-000004.txt
MASTEC INC,0000015615,10-K,2019-02-28,edgar/data/15615/0000015615-19-000011.txt
ExOne Co,0001561627,10-K,2019-03-15,edgar/data/1561627/0001564590-19-008019.txt
Pattern Energy Group Inc.,0001561660,10-K,2019-03-01,edgar/data/1561660/0001561660-19-000036.txt
ICON ECI Fund Sixteen,0001561679,10-K,2019-03-26,edgar/data/1561679/0001561679-19-000009.txt
"TRI Pointe Group, Inc.",0001561680,10-K,2019-02-26,edgar/data/1561680/0001561680-19-000022.txt
WFRBS Commercial Mortgage Trust 2012-C10,0001561726,10-K,2019-03-21,edgar/data/1561726/0001056404-19-002291.txt
COMM 2012-CCRE5 Mortgage Trust,0001561727,10-K,2019-03-21,edgar/data/1561727/0001056404-19-002278.txt
"Kindred Biosciences, Inc.",0001561743,10-K,2019-03-06,edgar/data/1561743/0001561743-19-000030.txt
"Hannon Armstrong Sustainable Infrastructure Capital, Inc.",0001561894,10-K,2019-02-22,edgar/data/1561894/0001561894-19-000006.txt
"Crimson Wine Group, Ltd",0001562151,10-K,2019-03-12,edgar/data/1562151/0001562151-19-000011.txt
American Homes 4 Rent,0001562401,10-K,2019-02-22,edgar/data/1562401/0001562401-19-000020.txt
First Internet Bancorp,0001562463,10-K,2019-03-14,edgar/data/1562463/0001562463-19-000034.txt
Taylor Morrison Home Corp,0001562476,10-K,2019-02-20,edgar/data/1562476/0001628280-19-001592.txt
"Benefit Street Partners Realty Trust, Inc.",0001562528,10-K,2019-03-29,edgar/data/1562528/0001562528-19-000004.txt
Cavendish Futures Fund LLC,0001562622,10-K,2019-03-27,edgar/data/1562622/0001104659-19-017819.txt
Synergy CHC Corp.,0001562733,10-K,2019-03-29,edgar/data/1562733/0001493152-19-004286.txt
American Express Issuance Trust II,0001562914,10-K,2019-03-25,edgar/data/1562914/0001193125-19-085436.txt
American Express Receivables Financing Corp VIII LLC,0001562918,10-K,2019-03-25,edgar/data/1562918/0001193125-19-085436.txt
J.P. Morgan Chase Commercial Mortgage Securities Trust 2012-LC9,0001563166,10-K,2019-03-22,edgar/data/1563166/0001056404-19-002395.txt
Sipup Corp,0001563227,10-K,2019-02-20,edgar/data/1563227/0001213900-19-002900.txt
"Smart & Final Stores, Inc.",0001563407,10-K,2019-03-15,edgar/data/1563407/0001047469-19-001282.txt
"ADOMANI, INC.",0001563568,10-K,2019-02-19,edgar/data/1563568/0001564590-19-003196.txt
"Biostage, Inc.",0001563665,10-K,2019-03-29,edgar/data/1563665/0001144204-19-017039.txt
SOPHIRIS BIO INC.,0001563855,10-K,2019-03-13,edgar/data/1563855/0001437749-19-004801.txt
Greenbacker Renewable Energy Co LLC,0001563922,10-K,2019-03-11,edgar/data/1563922/0001615774-19-003864.txt
Morgan Stanley Bank of America Merrill Lynch Trust 2013-C7,0001564347,10-K,2019-03-29,edgar/data/1564347/0001019965-19-000133.txt
Snap Inc,0001564408,10-K,2019-02-06,edgar/data/1564408/0001564590-19-002053.txt
"Independent Bank Group, Inc.",0001564618,10-K,2019-02-28,edgar/data/1564618/0001564618-19-000040.txt
Allakos Inc.,0001564824,10-K,2019-03-14,edgar/data/1564824/0001564590-19-007820.txt
"SeaWorld Entertainment, Inc.",0001564902,10-K,2019-03-01,edgar/data/1564902/0001564590-19-005656.txt
Gulf Coast Ultra Deep Royalty Trust,0001565146,10-K,2019-03-21,edgar/data/1565146/0001565146-19-000010.txt
SLM Student Loan Trust 2013-1,0001565531,10-K,2019-03-29,edgar/data/1565531/0001140361-19-006031.txt
PBF Holding Co LLC,0001566011,10-K,2019-03-06,edgar/data/1566011/0001566011-19-000004.txt
Menlo Therapeutics Inc.,0001566044,10-K,2019-02-28,edgar/data/1566044/0001564590-19-005451.txt
Arcturus Therapeutics Ltd.,0001566049,10-K,2019-03-18,edgar/data/1566049/0001564590-19-008092.txt
COMM 2013-LC6 Mortgage Trust,0001566052,10-K,2019-03-22,edgar/data/1566052/0001056404-19-002403.txt
GS Mortgage Securities Trust 2013-GC10,0001566053,10-K,2019-03-25,edgar/data/1566053/0001056404-19-002684.txt
PBF Finance Corp,0001566097,10-K,2019-03-06,edgar/data/1566097/0001566011-19-000004.txt
COMM 2013-CCRE6 Mortgage Trust,0001566140,10-K,2019-03-25,edgar/data/1566140/0001020242-19-000086.txt
"Spring Bank Pharmaceuticals, Inc.",0001566373,10-K,2019-03-11,edgar/data/1566373/0001564590-19-007078.txt
BRE Select Hotels Corp,0001566445,10-K,2019-03-29,edgar/data/1566445/0001193125-19-091047.txt
WFRBS Commercial Mortgage Trust 2013-C11,0001566543,10-K,2019-03-22,edgar/data/1566543/0001056404-19-002486.txt
UBS-Barclays Commercial Mortgage Trust 2013-C5,0001566544,10-K,2019-03-26,edgar/data/1566544/0001020242-19-000111.txt
"Verb Technology Company, Inc.",0001566610,10-K,2019-02-07,edgar/data/1566610/0001493152-19-001508.txt
"Griffin-American Healthcare REIT III, Inc.",0001566912,10-K,2019-03-21,edgar/data/1566912/0001566912-19-000017.txt
"HEMISPHERE MEDIA GROUP, INC.",0001567345,10-K,2019-03-12,edgar/data/1567345/0001047469-19-001116.txt
"Intra-Cellular Therapies, Inc.",0001567514,10-K,2019-02-27,edgar/data/1567514/0001193125-19-054119.txt
MORGAN STANLEY BANK OF AMERICA MERRILL LYNCH TRUST 2013-C8,0001567572,10-K,2019-03-25,edgar/data/1567572/0001056404-19-002638.txt
"Clearway Energy, Inc.",0001567683,10-K,2019-02-28,edgar/data/1567683/0001567683-19-000014.txt
Mallinckrodt plc,0001567892,10-K,2019-02-26,edgar/data/1567892/0001567892-19-000009.txt
"Carter Validus Mission Critical REIT II, Inc.",0001567925,10-K,2019-03-22,edgar/data/1567925/0001567925-19-000013.txt
Bio-En Holdings Corp.,0001568139,10-K,2019-03-19,edgar/data/1568139/0001144204-19-014914.txt
"American Finance Trust, Inc",0001568162,10-K,2019-03-07,edgar/data/1568162/0001568162-19-000008.txt
Voltari Corp,0001568319,10-K,2019-03-08,edgar/data/1568319/0001654954-19-002431.txt
"Armada Hoffler Properties, Inc.",0001569187,10-K,2019-02-28,edgar/data/1569187/0001569187-19-000006.txt
WFRBS COMMERCIAL MORTGAGE TRUST 2013-C12,0001569414,10-K,2019-03-22,edgar/data/1569414/0001056404-19-002394.txt
J.P. Morgan Chase Commercial Mortgage Securities Trust 2013-C10,0001569455,10-K,2019-03-26,edgar/data/1569455/0001056404-19-002722.txt
"Waterstone Financial, Inc.",0001569994,10-K,2019-03-06,edgar/data/1569994/0001569994-19-000009.txt
"Evolus, Inc.",0001570562,10-K,2019-03-20,edgar/data/1570562/0001570562-19-000038.txt
Liberty Global plc,0001570585,10-K,2019-02-27,edgar/data/1570585/0001570585-19-000039.txt
"Victory Capital Holdings, Inc.",0001570827,10-K,2019-03-15,edgar/data/1570827/0001558370-19-002082.txt
Science Applications International Corp,0001571123,10-K,2019-03-29,edgar/data/1571123/0001571123-19-000004.txt
COMM 2013-CCRE7 Mortgage Trust,0001571236,10-K,2019-03-21,edgar/data/1571236/0001056404-19-002266.txt
Morgan Stanley Bank of America Merrill Lynch Trust 2013-C9,0001571237,10-K,2019-03-29,edgar/data/1571237/0001056404-19-003188.txt
UBS-Barclays Commercial Mortgage Trust 2013-C6,0001571238,10-K,2019-03-26,edgar/data/1571238/0001019965-19-000079.txt
"Rexford Industrial Realty, Inc.",0001571283,10-K,2019-02-19,edgar/data/1571283/0001571283-19-000005.txt
Capitala Finance Corp.,0001571329,10-K,2019-03-04,edgar/data/1571329/0001144204-19-011984.txt
"Summit Materials, LLC",0001571371,10-K,2019-02-06,edgar/data/1571371/0001628280-19-001027.txt
"Sunnyside Bancorp, Inc.",0001571398,10-K,2019-03-28,edgar/data/1571398/0001493152-19-004140.txt
"Epizyme, Inc.",0001571498,10-K,2019-02-26,edgar/data/1571498/0001564590-19-004237.txt
Cherry Hill Mortgage Investment Corp,0001571776,10-K,2019-03-18,edgar/data/1571776/0001140361-19-005137.txt
"Intercontinental Exchange, Inc.",0001571949,10-K,2019-02-07,edgar/data/1571949/0001571949-19-000003.txt
Dell Technologies Inc,0001571996,10-K,2019-03-29,edgar/data/1571996/0001571996-19-000008.txt
Virginia National Bankshares Corp,0001572334,10-K,2019-03-15,edgar/data/1572334/0001206774-19-000872.txt
WFRBS Commercial Mortgage Trust 2013-C13,0001572493,10-K,2019-03-25,edgar/data/1572493/0001056404-19-002646.txt
"Goldman Sachs BDC, Inc.",0001572694,10-K,2019-02-28,edgar/data/1572694/0001193125-19-057955.txt
"Cole Office & Industrial REIT (CCIT II), Inc.",0001572758,10-K,2019-03-25,edgar/data/1572758/0001572758-19-000015.txt
"South Beach Spirits, Inc.",0001572840,10-K,2019-01-10,edgar/data/1572840/0001683168-19-000063.txt
PHILLIPS 66 PARTNERS LP,0001572910,10-K,2019-02-22,edgar/data/1572910/0001572910-19-000011.txt
SLM Student Loan Trust 2013-2,0001572987,10-K,2019-03-29,edgar/data/1572987/0001140361-19-006032.txt
"HD Supply Holdings, Inc.",0001573097,10-K,2019-03-19,edgar/data/1573097/0001047469-19-001389.txt
"Jones Energy, Inc.",0001573166,10-K,2019-02-28,edgar/data/1573166/0001558370-19-001358.txt
TE Funding LLC,0001573279,10-K,2019-03-29,edgar/data/1573279/0001578443-19-000004.txt
CEI Funding LLC,0001573334,10-K,2019-03-29,edgar/data/1573334/0001578443-19-000004.txt
OE Funding LLC,0001573352,10-K,2019-03-29,edgar/data/1573352/0001578443-19-000004.txt
Murphy USA Inc.,0001573516,10-K,2019-02-19,edgar/data/1573516/0001573516-19-000012.txt
Citigroup Commercial Mortgage Trust 2013-GCJ11,0001573946,10-K,2019-03-29,edgar/data/1573946/0001193125-19-092331.txt
Braemar Hotels & Resorts Inc.,0001574085,10-K,2019-03-08,edgar/data/1574085/0001574085-19-000018.txt
"Pivotal Software, Inc.",0001574135,10-K,2019-03-29,edgar/data/1574135/0001574135-19-000009.txt
"Five Point Holdings, LLC",0001574197,10-K,2019-03-14,edgar/data/1574197/0001574197-19-000005.txt
J.P. Morgan Chase Commercial Mortgage Securities Trust 2013-LC11,0001574219,10-K,2019-03-21,edgar/data/1574219/0001056404-19-002338.txt
"Pulmatrix, Inc.",0001574235,10-K,2019-02-19,edgar/data/1574235/0001193125-19-043624.txt
CC Holdings GS V LLC,0001574291,10-K,2019-02-25,edgar/data/1574291/0001574291-19-000008.txt
Physicians Realty Trust,0001574540,10-K,2019-02-28,edgar/data/1574540/0001574540-19-000013.txt
New Home Co Inc.,0001574596,10-K,2019-02-15,edgar/data/1574596/0001574596-19-000017.txt
"BIOTELEMETRY, INC.",0001574774,10-K,2019-02-22,edgar/data/1574774/0001574774-19-000018.txt
"BMC STOCK HOLDINGS, INC.",0001574815,10-K,2019-02-28,edgar/data/1574815/0001574815-19-000022.txt
"ATEL 16, LLC",0001575048,10-K,2019-03-18,edgar/data/1575048/0001144204-19-014402.txt
Ciner Resources LP,0001575051,10-K,2019-03-08,edgar/data/1575051/0001575051-19-000032.txt
SLM Student Loan Trust 2013-3,0001575098,10-K,2019-03-29,edgar/data/1575098/0001140361-19-006033.txt
"Match Group, Inc.",0001575189,10-K,2019-02-28,edgar/data/1575189/0001575189-19-000020.txt
GS Mortgage Securities Trust 2013-GCJ12,0001575190,10-K,2019-03-20,edgar/data/1575190/0001056404-19-002247.txt
"FTD Companies, Inc.",0001575360,10-K,2019-03-18,edgar/data/1575360/0001575360-19-000006.txt
"Sprouts Farmers Market, Inc.",0001575515,10-K,2019-02-21,edgar/data/1575515/0001564590-19-003562.txt
COMM 2013-CCRE8 Mortgage Trust,0001575686,10-K,2019-03-26,edgar/data/1575686/0001020242-19-000115.txt
Energous Corp,0001575793,10-K,2019-02-28,edgar/data/1575793/0001564590-19-005041.txt
FRANK'S INTERNATIONAL N.V.,0001575828,10-K,2019-02-25,edgar/data/1575828/0001575828-19-000007.txt
PureBase Corp,0001575858,10-K,2019-03-15,edgar/data/1575858/0001493152-19-003440.txt
"Gaming & Leisure Properties, Inc.",0001575965,10-K,2019-02-13,edgar/data/1575965/0001575965-19-000005.txt
Third Point Reinsurance Ltd.,0001576018,10-K,2019-02-28,edgar/data/1576018/0001576018-19-000028.txt
WFRBS Commercial Mortgage Trust 2013-C14,0001576047,10-K,2019-03-21,edgar/data/1576047/0001056404-19-002320.txt
"Benefitfocus,Inc.",0001576169,10-K,2019-02-26,edgar/data/1576169/0001564590-19-004453.txt
"Mirati Therapeutics, Inc.",0001576263,10-K,2019-02-28,edgar/data/1576263/0001628280-19-002289.txt
"Guardant Health, Inc.",0001576280,10-K,2019-03-19,edgar/data/1576280/0001628280-19-003139.txt
Criteo S.A.,0001576427,10-K,2019-03-01,edgar/data/1576427/0001576427-19-000014.txt
"Century Communities, Inc.",0001576940,10-K,2019-02-13,edgar/data/1576940/0001576940-19-000023.txt
"Retail Opportunity Investments Partnership, LP",0001577230,10-K,2019-02-20,edgar/data/1577230/0001628280-19-001583.txt
Morgan Stanley Bank of America Merrill Lynch Trust 2013-C10,0001577311,10-K,2019-03-29,edgar/data/1577311/0001056404-19-003190.txt
"QTS Realty Trust, Inc.",0001577368,10-K,2019-02-25,edgar/data/1577368/0001558370-19-000991.txt
JPMBB Commercial Mortgage Securities Trust 2013-C12,0001577545,10-K,2019-03-21,edgar/data/1577545/0001056404-19-002361.txt
Ladder Capital Corp,0001577670,10-K,2019-02-28,edgar/data/1577670/0001577670-19-000002.txt
"Corporate Office Properties, L.P.",0001577966,10-K,2019-02-21,edgar/data/1577966/0000860546-19-000007.txt
GS Mortgage Securities Trust 2013-GC13,0001578422,10-K,2019-03-27,edgar/data/1578422/0001019965-19-000096.txt
WFRBS Commercial Mortgage Trust 2013-C15,0001578423,10-K,2019-03-25,edgar/data/1578423/0001056404-19-002644.txt
FirstEnergy Ohio PIRB Special Purpose Trust 2013,0001578443,10-K,2019-03-29,edgar/data/1578443/0001578443-19-000004.txt
COMM 2013-CCRE9 Mortgage Trust,0001578533,10-K,2019-03-26,edgar/data/1578533/0001020242-19-000116.txt
Alcentra Capital Corp,0001578620,10-K,2019-03-12,edgar/data/1578620/0001144204-19-013376.txt
"Marcus & Millichap, Inc.",0001578732,10-K,2019-03-01,edgar/data/1578732/0001193125-19-059132.txt
National General Holdings Corp.,0001578735,10-K,2019-02-25,edgar/data/1578735/0001578735-19-000009.txt
Allergan plc,0001578845,10-K,2019-02-15,edgar/data/1578845/0001564590-19-003111.txt
"Emerald Expositions Events, Inc.",0001579214,10-K,2019-02-19,edgar/data/1579214/0001564590-19-003200.txt
Allegion plc,0001579241,10-K,2019-02-19,edgar/data/1579241/0001579241-19-000006.txt
"Jason Industries, Inc.",0001579252,10-K,2019-03-05,edgar/data/1579252/0001579252-19-000028.txt
"Burlington Stores, Inc.",0001579298,10-K,2019-03-20,edgar/data/1579298/0001564590-19-008656.txt
J.P. Morgan Chase Commercial Mortgage Securities Trust 2013-C13,0001579306,10-K,2019-03-22,edgar/data/1579306/0001056404-19-002405.txt
FS Investment Corp III,0001579412,10-K,2019-03-19,edgar/data/1579412/0001144204-19-014896.txt
"Axsome Therapeutics, Inc.",0001579428,10-K,2019-03-15,edgar/data/1579428/0001558370-19-002068.txt
New Media Investment Group Inc.,0001579684,10-K,2019-02-28,edgar/data/1579684/0001579684-19-000003.txt
OUTFRONT Media Inc.,0001579877,10-K,2019-02-27,edgar/data/1579877/0001579877-19-000032.txt
Resonant Inc,0001579910,10-K,2019-03-14,edgar/data/1579910/0001579910-19-000003.txt
Wells Fargo Commercial Mortgage Trust 2013-LC12,0001580013,10-K,2019-03-21,edgar/data/1580013/0001056404-19-002378.txt
Houghton Mifflin Harcourt Co,0001580156,10-K,2019-02-28,edgar/data/1580156/0001193125-19-055490.txt
TriplePoint Venture Growth BDC Corp.,0001580345,10-K,2019-03-06,edgar/data/1580345/0001564590-19-006528.txt
Santander Consumer USA Holdings Inc.,0001580608,10-K,2019-02-26,edgar/data/1580608/0001580608-19-000009.txt
"LGI Homes, Inc.",0001580670,10-K,2019-02-26,edgar/data/1580670/0001580670-19-000022.txt
"KBS Strategic Opportunity REIT II, Inc.",0001580673,10-K,2019-03-08,edgar/data/1580673/0001580673-19-000012.txt
"A10 Networks, Inc.",0001580808,10-K,2019-03-18,edgar/data/1580808/0001628280-19-003017.txt
COMM 2013-CCRE10 Mortgage Trust,0001580891,10-K,2019-03-21,edgar/data/1580891/0001056404-19-002330.txt
"Installed Building Products, Inc.",0001580905,10-K,2019-02-28,edgar/data/1580905/0001193125-19-057931.txt
"Cole Credit Property Trust V, Inc.",0001580988,10-K,2019-03-27,edgar/data/1580988/0001580988-19-000011.txt
Brixmor Property Group Inc.,0001581068,10-K,2019-02-11,edgar/data/1581068/0001581068-19-000005.txt
"RE/MAX Holdings, Inc.",0001581091,10-K,2019-02-22,edgar/data/1581091/0001558370-19-000930.txt
"Extended Stay America, Inc.",0001581164,10-K,2019-02-27,edgar/data/1581164/0001628280-19-002148.txt
Scotiabank Covered Bond Guarantor Limited Partnership,0001581374,10-K,2019-01-29,edgar/data/1581374/0000891092-19-000800.txt
"Energy 11, L.P.",0001581552,10-K,2019-03-12,edgar/data/1581552/0001185185-19-000340.txt
GS Mortgage Securities Trust 2013-GCJ14,0001581653,10-K,2019-03-20,edgar/data/1581653/0001056404-19-002236.txt
"Mid-America Apartments, L.P.",0001581776,10-K,2019-02-21,edgar/data/1581776/0000912595-19-000015.txt
"Terra Secured Income Fund 5, LLC",0001581874,10-K,2019-03-28,edgar/data/1581874/0001581874-19-000006.txt
PLAINS GP HOLDINGS LP,0001581990,10-K,2019-02-27,edgar/data/1581990/0001581990-19-000004.txt
Morgan Stanley Bank of America Merrill Lynch Trust 2013-C11,0001582037,10-K,2019-03-22,edgar/data/1582037/0001056404-19-002480.txt
SLM Student Loan Trust 2013-4,0001582081,10-K,2019-03-29,edgar/data/1582081/0001140361-19-006034.txt
Blue Capital Reinsurance Holdings Ltd.,0001582086,10-K,2019-03-01,edgar/data/1582086/0001582086-19-000006.txt
Xenon Pharmaceuticals Inc.,0001582313,10-K,2019-03-06,edgar/data/1582313/0001564590-19-006514.txt
PBF Logistics LP,0001582568,10-K,2019-02-21,edgar/data/1582568/0001582568-19-000011.txt
JPMBB Commercial Mortgage Securities Trust 2013-C14,0001582605,10-K,2019-03-21,edgar/data/1582605/0001056404-19-002265.txt
"MTBC, Inc.",0001582982,10-K,2019-03-20,edgar/data/1582982/0001493152-19-003653.txt
VALERO ENERGY PARTNERS LP,0001583103,10-K,2019-02-25,edgar/data/1583103/0001583103-19-000003.txt
"Theravance Biopharma, Inc.",0001583107,10-K,2019-02-28,edgar/data/1583107/0001558370-19-001346.txt
"PIERIS PHARMACEUTICALS, INC.",0001583648,10-K,2019-03-18,edgar/data/1583648/0001583648-19-000011.txt
"ContraVir Pharmaceuticals, Inc.",0001583771,10-K,2019-03-14,edgar/data/1583771/0001104659-19-014652.txt
Physicians Realty L.P.,0001583994,10-K,2019-02-28,edgar/data/1583994/0001574540-19-000013.txt
"OneMain Holdings, Inc.",0001584207,10-K,2019-02-15,edgar/data/1584207/0001584207-19-000005.txt
"APX Group Holdings, Inc.",0001584423,10-K,2019-03-06,edgar/data/1584423/0001584423-19-000007.txt
COMM 2013-LC13 Mortgage Trust,0001584492,10-K,2019-03-25,edgar/data/1584492/0001020242-19-000105.txt
SLM Student Loan Trust 2013-5,0001584747,10-K,2019-03-29,edgar/data/1584747/0001140361-19-006035.txt
OXBRIDGE RE HOLDINGS Ltd,0001584831,10-K,2019-03-19,edgar/data/1584831/0001654954-19-002948.txt
EP Energy Corp,0001584952,10-K,2019-03-18,edgar/data/1584952/0001584952-19-000003.txt
WFRBS Commercial Mortgage Trust 2013-C16,0001585067,10-K,2019-03-21,edgar/data/1585067/0001056404-19-002333.txt
"HINES GLOBAL INCOME TRUST, INC.",0001585101,10-K,2019-03-29,edgar/data/1585101/0001585101-19-000015.txt
"Steadfast Apartment REIT, Inc.",0001585219,10-K,2019-03-14,edgar/data/1585219/0001585219-19-000012.txt
PERRIGO Co plc,0001585364,10-K,2019-02-27,edgar/data/1585364/0001585364-19-000016.txt
"Strategic Storage Trust II, Inc.",0001585389,10-K,2019-03-22,edgar/data/1585389/0001564590-19-009037.txt
"Del Taco Restaurants, Inc.",0001585583,10-K,2019-03-18,edgar/data/1585583/0001585583-19-000011.txt
"WINDSTREAM SERVICES, LLC",0001585644,10-K,2019-03-15,edgar/data/1585644/0001282266-19-000019.txt
Citigroup Commercial Mortgage Trust 2013-GC15,0001585673,10-K,2019-03-29,edgar/data/1585673/0001193125-19-092332.txt
Hilton Worldwide Holdings Inc.,0001585689,10-K,2019-02-13,edgar/data/1585689/0001585689-19-000034.txt
"Advanced Disposal Services, Inc.",0001585790,10-K,2019-02-26,edgar/data/1585790/0001628280-19-001961.txt
Oxford Immunotec Global PLC,0001586049,10-K,2019-03-28,edgar/data/1586049/0001437749-19-005832.txt
Egalet Corp,0001586105,10-K,2019-03-29,edgar/data/1586105/0001558370-19-002647.txt
Prime Meridian Holding Co,0001586454,10-K,2019-03-21,edgar/data/1586454/0001437749-19-005385.txt
COMM 2013-CCRE11 Mortgage Trust,0001586883,10-K,2019-03-25,edgar/data/1586883/0001020242-19-000081.txt
Zosano Pharma Corp,0001587221,10-K,2019-03-25,edgar/data/1587221/0001587221-19-000006.txt
GS Mortgage Securities Trust 2013-GCJ16,0001587234,10-K,2019-03-26,edgar/data/1587234/0001019965-19-000087.txt
"Cypress Energy Partners, L.P.",0001587246,10-K,2019-03-18,edgar/data/1587246/0001387131-19-001994.txt
Morgan Stanley Bank of America Merrill Lynch Trust 2013-C12,0001587497,10-K,2019-03-29,edgar/data/1587497/0001056404-19-003194.txt
Knowles Corp,0001587523,10-K,2019-02-19,edgar/data/1587523/0001587523-19-000004.txt
"ONE Gas, Inc.",0001587732,10-K,2019-02-20,edgar/data/1587732/0001587732-19-000013.txt
WFRBS Commercial Mortgage Trust 2013-C17,0001587980,10-K,2019-03-25,edgar/data/1587980/0001056404-19-002654.txt
COMM 2013-CCRE12 Mortgage Trust,0001587981,10-K,2019-03-22,edgar/data/1587981/0001056404-19-002454.txt
Newtek Business Services Corp.,0001587987,10-K,2019-03-18,edgar/data/1587987/0001587987-19-000009.txt
JPMBB Commercial Mortgage Securities Trust 2013-C15,0001588251,10-K,2019-03-21,edgar/data/1588251/0001056404-19-002372.txt
"NexPoint Capital, Inc.",0001588272,10-K,2019-03-11,edgar/data/1588272/0001193125-19-070626.txt
"Recro Pharma, Inc.",0001588972,10-K,2019-02-19,edgar/data/1588972/0001564590-19-003187.txt
"Gyrodyne, LLC",0001589061,10-K,2019-03-28,edgar/data/1589061/0001437749-19-005881.txt
SLM Student Loan Trust 2013-6,0001589224,10-K,2019-03-29,edgar/data/1589224/0001140361-19-006036.txt
WFRBS Commercial Mortgage Trust 2013-UBS1,0001589802,10-K,2019-03-20,edgar/data/1589802/0001056404-19-002184.txt
WFRBS Commercial Mortgage Trust 2013-C18,0001589803,10-K,2019-03-25,edgar/data/1589803/0001056404-19-002609.txt
COMM 2013-CCRE13 Mortgage Trust,0001589804,10-K,2019-03-26,edgar/data/1589804/0001020242-19-000109.txt
Citigroup Commercial Mortgage Trust 2013-GC17,0001590058,10-K,2019-03-28,edgar/data/1590058/0001193125-19-090171.txt
J.P. Morgan Chase Commercial Mortgage Securities Trust 2013-C16,0001590231,10-K,2019-03-21,edgar/data/1590231/0001056404-19-002263.txt
Fortress Transportation & Infrastructure Investors LLC,0001590364,10-K,2019-02-28,edgar/data/1590364/0001590364-19-000002.txt
FOCUS UNIVERSAL INC.,0001590418,10-K,2019-03-11,edgar/data/1590418/0001683168-19-000583.txt
uniQure N.V.,0001590560,10-K,2019-02-28,edgar/data/1590560/0001558370-19-001305.txt
Civeo Corp,0001590584,10-K,2019-02-27,edgar/data/1590584/0001590584-19-000055.txt
Element Solutions Inc,0001590714,10-K,2019-02-28,edgar/data/1590714/0001590714-19-000040.txt
"CareTrust REIT, Inc.",0001590717,10-K,2019-02-13,edgar/data/1590717/0001628280-19-001311.txt
"MIRAGEN THERAPEUTICS, INC.",0001590750,10-K,2019-03-14,edgar/data/1590750/0001590750-19-000013.txt
Morgan Stanley Bank of America Merrill Lynch Trust 2013-C13,0001590757,10-K,2019-03-29,edgar/data/1590757/0001056404-19-003307.txt
Riverview Financial Corp,0001590799,10-K,2019-03-14,edgar/data/1590799/0001193125-19-074705.txt
REGENXBIO Inc.,0001590877,10-K,2019-02-27,edgar/data/1590877/0001564590-19-004920.txt
"Eldorado Resorts, Inc.",0001590895,10-K,2019-03-01,edgar/data/1590895/0001564590-19-005640.txt
"Paycom Software, Inc.",0001590955,10-K,2019-02-14,edgar/data/1590955/0001564590-19-002998.txt
Farmland Partners Inc.,0001591670,10-K,2019-03-15,edgar/data/1591670/0001558370-19-002049.txt
"Enable Midstream Partners, LP",0001591763,10-K,2019-02-19,edgar/data/1591763/0001591763-19-000006.txt
"1347 Property Insurance Holdings, Inc.",0001591890,10-K,2019-03-20,edgar/data/1591890/0001493152-19-003648.txt
"EnLink Midstream, LLC",0001592000,10-K,2019-02-20,edgar/data/1592000/0001592000-19-000007.txt
"AgroFresh Solutions, Inc.",0001592016,10-K,2019-03-11,edgar/data/1592016/0001592016-19-000017.txt
"Enviva Partners, LP",0001592057,10-K,2019-03-04,edgar/data/1592057/0001592057-19-000003.txt
Party City Holdco Inc.,0001592058,10-K,2019-02-28,edgar/data/1592058/0001193125-19-057714.txt
Cabela's Master Credit Card Trust,0001592143,10-K,2019-03-28,edgar/data/1592143/0001540723-19-000017.txt
Cabela's Credit Card Master Note Trust,0001592145,10-K,2019-03-28,edgar/data/1592145/0001540723-19-000017.txt
"Papa Murphy's Holdings, Inc.",0001592379,10-K,2019-03-14,edgar/data/1592379/0001592379-19-000013.txt
"Virtu Financial, Inc.",0001592386,10-K,2019-03-01,edgar/data/1592386/0001592386-19-000003.txt
"Continental Building Products, Inc.",0001592480,10-K,2019-02-22,edgar/data/1592480/0001592480-19-000005.txt
Endo International plc,0001593034,10-K,2019-02-28,edgar/data/1593034/0001593034-19-000009.txt
Tribune Publishing Co,0001593195,10-K,2019-03-18,edgar/data/1593195/0001593195-19-000017.txt
"City Office REIT, Inc.",0001593222,10-K,2019-02-27,edgar/data/1593222/0001193125-19-052955.txt
JPMBB Commercial Mortgage Securities Trust 2013-C17,0001593269,10-K,2019-03-22,edgar/data/1593269/0001056404-19-002416.txt
NAVIENT CORP,0001593538,10-K,2019-02-26,edgar/data/1593538/0001564590-19-004187.txt
"PlayAGS, Inc.",0001593548,10-K,2019-03-05,edgar/data/1593548/0001593548-19-000013.txt
Vaulted Gold Bullion Trust,0001593812,10-K,2019-01-29,edgar/data/1593812/0001214659-19-000572.txt
"Michaels Companies, Inc.",0001593936,10-K,2019-03-19,edgar/data/1593936/0001558370-19-002281.txt
"Investors Bancorp, Inc.",0001594012,10-K,2019-03-01,edgar/data/1594012/0001594012-19-000026.txt
COMM 2014-CCRE14 Mortgage Trust,0001594100,10-K,2019-03-22,edgar/data/1594100/0001020242-19-000074.txt
GrubHub Inc.,0001594109,10-K,2019-02-28,edgar/data/1594109/0001564590-19-005487.txt
GS Mortgage Securities Trust 2014-GC18,0001594136,10-K,2019-03-20,edgar/data/1594136/0001056404-19-002248.txt
"Parsley Energy, Inc.",0001594466,10-K,2019-02-27,edgar/data/1594466/0001594466-19-000035.txt
WASHINGTON PRIME GROUP INC.,0001594686,10-K,2019-02-21,edgar/data/1594686/0001594686-19-000007.txt
SLM Student Loan Trust 2014-1,0001594688,10-K,2019-03-29,edgar/data/1594688/0001140361-19-006037.txt
"Corbus Pharmaceuticals Holdings, Inc.",0001595097,10-K,2019-03-12,edgar/data/1595097/0001493152-19-003143.txt
"New York City REIT, Inc.",0001595527,10-K,2019-03-15,edgar/data/1595527/0001595527-19-000005.txt
"Tricida, Inc.",0001595585,10-K,2019-03-29,edgar/data/1595585/0001595585-19-000069.txt
"Inland Residential Properties Trust, Inc.",0001595627,10-K,2019-03-29,edgar/data/1595627/0001564590-19-010053.txt
Morgan Stanley Bank of America Merrill Lynch Trust 2014-C14,0001595710,10-K,2019-03-29,edgar/data/1595710/0001056404-19-003199.txt
COMM 2014-CCRE15 Mortgage Trust,0001595726,10-K,2019-03-21,edgar/data/1595726/0001056404-19-002352.txt
"RUBICON PROJECT, INC.",0001595974,10-K,2019-02-27,edgar/data/1595974/0001595974-19-000043.txt
Q BioMed Inc.,0001596062,10-K,2019-03-07,edgar/data/1596062/0001144204-19-012723.txt
"Arista Networks, Inc.",0001596532,10-K,2019-02-15,edgar/data/1596532/0001596532-19-000027.txt
WFRBS Commercial Mortgage Trust 2014-LC14,0001596958,10-K,2019-03-25,edgar/data/1596958/0001056404-19-002606.txt
Moelis & Co,0001596967,10-K,2019-02-27,edgar/data/1596967/0001564590-19-004907.txt
Sabre Corp,0001597033,10-K,2019-02-15,edgar/data/1597033/0001597033-19-000018.txt
Blueprint Medicines Corp,0001597264,10-K,2019-02-26,edgar/data/1597264/0001558370-19-001094.txt
"ViewRay, Inc.",0001597313,10-K,2019-03-15,edgar/data/1597313/0001564590-19-007939.txt
JPMBB Commercial Mortgage Securities Trust 2014-C18,0001597339,10-K,2019-03-22,edgar/data/1597339/0001056404-19-002431.txt
"Sage Therapeutics, Inc.",0001597553,10-K,2019-02-19,edgar/data/1597553/0001564590-19-003191.txt
RAYONIER ADVANCED MATERIALS INC.,0001597672,10-K,2019-03-01,edgar/data/1597672/0001597672-19-000008.txt
IHS Markit Ltd.,0001598014,10-K,2019-01-18,edgar/data/1598014/0001598014-19-000017.txt
TimkenSteel Corp,0001598428,10-K,2019-02-20,edgar/data/1598428/0001598428-19-000018.txt
"Minerva Neurosciences, Inc.",0001598646,10-K,2019-03-12,edgar/data/1598646/0001564590-19-007246.txt
"Heritage Insurance Holdings, Inc.",0001598665,10-K,2019-03-12,edgar/data/1598665/0001564590-19-007360.txt
"Image Chain Group Limited, Inc.",0001598924,10-K,2019-03-26,edgar/data/1598924/0001493152-19-003894.txt
Antero Midstream Partners LP,0001598968,10-K,2019-02-13,edgar/data/1598968/0001558370-19-000632.txt
SLM Student Loan Trust 2014-2,0001599033,10-K,2019-03-29,edgar/data/1599033/0001140361-19-006038.txt
"Mentor Capital, Inc.",0001599117,10-K,2019-03-28,edgar/data/1599117/0001078782-19-000256.txt
Veritiv Corp,0001599489,10-K,2019-02-28,edgar/data/1599489/0001599489-19-000003.txt
NOW Inc.,0001599617,10-K,2019-02-14,edgar/data/1599617/0001564590-19-002939.txt
COMM 2014-UBS2 Mortgage Trust,0001599714,10-K,2019-03-22,edgar/data/1599714/0001020242-19-000062.txt
"TerraForm Power, Inc.",0001599947,10-K,2019-03-15,edgar/data/1599947/0001599947-19-000004.txt
"e.l.f. Beauty, Inc.",0001600033,10-K,2019-02-28,edgar/data/1600033/0001600033-19-000011.txt
"Meridian Bancorp, Inc.",0001600125,10-K,2019-03-01,edgar/data/1600125/0001564590-19-005807.txt
"Bellerophon Therapeutics, Inc.",0001600132,10-K,2019-03-14,edgar/data/1600132/0001600132-19-000056.txt
"Superior Drilling Products, Inc.",0001600422,10-K,2019-03-13,edgar/data/1600422/0001493152-19-003250.txt
Montage Resources Corp,0001600470,10-K,2019-03-15,edgar/data/1600470/0001564590-19-008021.txt
"Griffin Capital Essential Asset REIT II, Inc.",0001600626,10-K,2019-03-14,edgar/data/1600626/0001600626-19-000029.txt
Morgan Stanley Bank of America Merrill Lynch Trust 2014-C15,0001600823,10-K,2019-03-29,edgar/data/1600823/0001056404-19-003202.txt
Citigroup Commercial Mortgage Trust 2014-GC19,0001600824,10-K,2019-03-29,edgar/data/1600824/0001019965-19-000121.txt
COMM 2014-LC15 Mortgage Trust,0001600831,10-K,2019-03-19,edgar/data/1600831/0001056404-19-002076.txt
"Melrose Bancorp, Inc.",0001600890,10-K,2019-03-15,edgar/data/1600890/0001213900-19-004249.txt
"Blue Hills Bancorp, Inc.",0001601545,10-K,2019-03-08,edgar/data/1601545/0001601545-19-000016.txt
"Vectrus, Inc.",0001601548,10-K,2019-02-26,edgar/data/1601548/0001601548-19-000016.txt
WFRBS Commercial Mortgage Trust 2014-C19,0001601617,10-K,2019-03-25,edgar/data/1601617/0001056404-19-002647.txt
COMM 2014-CCRE16 Mortgage Trust,0001601705,10-K,2019-03-21,edgar/data/1601705/0001056404-19-002363.txt
Synchrony Financial,0001601712,10-K,2019-02-15,edgar/data/1601712/0001601712-19-000053.txt
GS Mortgage Securities Trust 2014-GC20,0001601744,10-K,2019-03-20,edgar/data/1601744/0001056404-19-002237.txt
Viper Energy Partners LP,0001602065,10-K,2019-02-15,edgar/data/1602065/0001602065-19-000007.txt
Investar Holding Corp,0001602658,10-K,2019-03-15,edgar/data/1602658/0001602658-19-000066.txt
"NextEra Energy Partners, LP",0001603145,10-K,2019-02-19,edgar/data/1603145/0001603145-19-000014.txt
"Dominion Energy Gas Holdings, LLC",0001603291,10-K,2019-02-28,edgar/data/1603291/0001193125-19-057924.txt
Celcuity Inc.,0001603454,10-K,2019-03-01,edgar/data/1603454/0001144204-19-011631.txt
TCW Direct Lending LLC,0001603480,10-K,2019-03-19,edgar/data/1603480/0001193125-19-079437.txt
WFRBS Commercial Mortgage Trust 2014-C20,0001603578,10-K,2019-03-25,edgar/data/1603578/0001056404-19-002614.txt
COMM 2014-CCRE17 Mortgage Trust,0001603669,10-K,2019-03-22,edgar/data/1603669/0001020242-19-000073.txt
"Axonics Modulation Technologies, Inc.",0001603756,10-K,2019-03-05,edgar/data/1603756/0001603756-19-000011.txt
Weatherford International plc,0001603923,10-K,2019-02-15,edgar/data/1603923/0001603923-19-000025.txt
"AquaBounty Technologies, Inc.",0001603978,10-K,2019-03-07,edgar/data/1603978/0001603978-19-000016.txt
COMM 2014-UBS3 Mortgage Trust,0001604083,10-K,2019-03-19,edgar/data/1604083/0001056404-19-002109.txt
JPMBB Commercial Mortgage Securities Trust 2014-C19,0001604119,10-K,2019-03-21,edgar/data/1604119/0001056404-19-002354.txt
"Atara Biotherapeutics, Inc.",0001604464,10-K,2019-02-26,edgar/data/1604464/0001564590-19-004275.txt
Westlake Chemical Partners LP,0001604665,10-K,2019-03-01,edgar/data/1604665/0001604665-19-000007.txt
Ashford Inc.,0001604738,10-K,2019-03-08,edgar/data/1604738/0001604738-19-000013.txt
"Natera, Inc.",0001604821,10-K,2019-03-15,edgar/data/1604821/0001558370-19-002131.txt
scPharmaceuticals Inc.,0001604950,10-K,2019-03-21,edgar/data/1604950/0001564590-19-008726.txt
Citigroup Commercial Mortgage Trust 2014-GC21,0001605257,10-K,2019-03-29,edgar/data/1605257/0001019965-19-000122.txt
"CB Financial Services, Inc.",0001605301,10-K,2019-03-18,edgar/data/1605301/0001171843-19-001792.txt
"Paramount Group, Inc.",0001605607,10-K,2019-02-13,edgar/data/1605607/0001564590-19-002868.txt
Consumers 2014 Securitization Funding LLC,0001606104,10-K,2019-03-05,edgar/data/1606104/0001606104-19-000005.txt
"Spark Energy, Inc.",0001606268,10-K,2019-03-04,edgar/data/1606268/0001606268-19-000008.txt
"El Pollo Loco Holdings, Inc.",0001606366,10-K,2019-03-08,edgar/data/1606366/0001606366-19-000007.txt
"Reliant Bancorp, Inc.",0001606440,10-K,2019-03-08,edgar/data/1606440/0001606440-19-000004.txt
Morgan Stanley Bank of America Merrill Lynch Trust 2014-C16,0001606442,10-K,2019-03-29,edgar/data/1606442/0001019965-19-000134.txt
"Avanos Medical, Inc.",0001606498,10-K,2019-02-26,edgar/data/1606498/0001606498-19-000018.txt
Foamix Pharmaceuticals Ltd.,0001606645,10-K,2019-02-28,edgar/data/1606645/0001178913-19-000725.txt
"Liberty TripAdvisor Holdings, Inc.",0001606745,10-K,2019-02-22,edgar/data/1606745/0001558370-19-000922.txt
Pangaea Logistics Solutions Ltd.,0001606909,10-K,2019-03-20,edgar/data/1606909/0001606909-19-000010.txt
Navient Student Loan Trust 2014-1,0001607401,10-K,2019-03-29,edgar/data/1607401/0001140361-19-006009.txt
"ABV CONSULTING, INC.",0001607450,10-K,2019-03-27,edgar/data/1607450/0001640334-19-000439.txt
J.P. Morgan Chase Commercial Mortgage Securities Trust 2014-C20,0001607484,10-K,2019-03-22,edgar/data/1607484/0001056404-19-002433.txt
Wells Fargo Commercial Mortgage Trust 2014-LC16,0001607641,10-K,2019-03-25,edgar/data/1607641/0001056404-19-002604.txt
"Viking Therapeutics, Inc.",0001607678,10-K,2019-03-13,edgar/data/1607678/0001564590-19-007584.txt
Algae Dynamics Corp.,0001607679,10-K,2019-01-30,edgar/data/1607679/0001493152-19-001141.txt
"Vivint Solar, Inc.",0001607716,10-K,2019-03-05,edgar/data/1607716/0001564590-19-006267.txt
GS Mortgage Securities Trust 2014-GC22,0001607865,10-K,2019-03-25,edgar/data/1607865/0001056404-19-002697.txt
ReWalk Robotics Ltd.,0001607962,10-K,2019-02-08,edgar/data/1607962/0001213900-19-001871.txt
"Pathfinder Bancorp, Inc.",0001609065,10-K,2019-03-27,edgar/data/1609065/0001564590-19-009543.txt
California Resources Corp,0001609253,10-K,2019-02-27,edgar/data/1609253/0001609253-19-000058.txt
"Spark Therapeutics, Inc.",0001609351,10-K,2019-02-28,edgar/data/1609351/0001609351-19-000042.txt
Carey Watermark Investors 2 Inc,0001609471,10-K,2019-03-15,edgar/data/1609471/0001609471-19-000004.txt
"Inspire Medical Systems, Inc.",0001609550,10-K,2019-02-26,edgar/data/1609550/0001609550-19-000013.txt
WFRBS Commercial Mortgage Trust 2014-C21,0001609671,10-K,2019-03-25,edgar/data/1609671/0001056404-19-002655.txt
GoDaddy Inc.,0001609711,10-K,2019-02-22,edgar/data/1609711/0001609711-19-000012.txt
"Synthorx, Inc.",0001609727,10-K,2019-03-12,edgar/data/1609727/0001564590-19-007374.txt
"Seres Therapeutics, Inc.",0001609809,10-K,2019-03-06,edgar/data/1609809/0001564590-19-006423.txt
National Commerce Corp,0001609951,10-K,2019-03-04,edgar/data/1609951/0001437749-19-003917.txt
"Diplomat Pharmacy, Inc.",0001610092,10-K,2019-03-18,edgar/data/1610092/0001104659-19-015644.txt
New Senior Investment Group Inc.,0001610114,10-K,2019-02-26,edgar/data/1610114/0001610114-19-000009.txt
CNX Midstream Partners LP,0001610418,10-K,2019-02-07,edgar/data/1610418/0001610418-19-000022.txt
"Shell Midstream Partners, L.P.",0001610466,10-K,2019-02-21,edgar/data/1610466/0001610466-19-000018.txt
COMM 2014-CCRE18 Mortgage Trust,0001610486,10-K,2019-03-26,edgar/data/1610486/0001056404-19-002715.txt
"Cidara Therapeutics, Inc.",0001610618,10-K,2019-02-28,edgar/data/1610618/0001610618-19-000012.txt
USD Partners LP,0001610682,10-K,2019-03-07,edgar/data/1610682/0001610682-19-000054.txt
JPMBB Commercial Mortgage Securities Trust 2014-C21,0001610796,10-K,2019-03-21,edgar/data/1610796/0001056404-19-002359.txt
"HELIUS MEDICAL TECHNOLOGIES, INC.",0001610853,10-K,2019-03-14,edgar/data/1610853/0001564590-19-007839.txt
"Washington Prime Group, L.P.",0001610911,10-K,2019-02-21,edgar/data/1610911/0001594686-19-000007.txt
"Syneos Health, Inc.",0001610950,10-K,2019-03-18,edgar/data/1610950/0001610950-19-000008.txt
Urban Edge Properties,0001611547,10-K,2019-02-13,edgar/data/1611547/0001611547-19-000007.txt
"Freshpet, Inc.",0001611647,10-K,2019-02-28,edgar/data/1611647/0001564590-19-005508.txt
BrightSphere Investment Group plc,0001611702,10-K,2019-02-28,edgar/data/1611702/0001611702-19-000031.txt
Liberty Broadband Corp,0001611983,10-K,2019-02-08,edgar/data/1611983/0001558370-19-000515.txt
Morgan Stanley Bank of America Merrill Lynch Trust 2014-C17,0001612124,10-K,2019-03-29,edgar/data/1612124/0001193125-19-092362.txt
COMM 2014-UBS4 Mortgage Trust,0001612126,10-K,2019-03-22,edgar/data/1612126/0001020242-19-000068.txt
Citigroup Commercial Mortgage Trust 2014-GC23,0001612518,10-K,2019-03-28,edgar/data/1612518/0001193125-19-090178.txt
JOINT Corp,0001612630,10-K,2019-03-11,edgar/data/1612630/0001171843-19-001609.txt
NextDecade Corp.,0001612720,10-K,2019-03-06,edgar/data/1612720/0001558370-19-001591.txt
COMM 2014-CCRE19 Mortgage Trust,0001612841,10-K,2019-03-21,edgar/data/1612841/0001056404-19-002367.txt
Navient Student Loan Trust 2014-2,0001613762,10-K,2019-03-29,edgar/data/1613762/0001140361-19-006010.txt
Navient Student Loan Trust 2014-3,0001613763,10-K,2019-03-29,edgar/data/1613763/0001140361-19-006011.txt
Navient Student Loan Trust 2014-4,0001613764,10-K,2019-03-29,edgar/data/1613764/0001140361-19-006012.txt
Navient Student Loan Trust 2014-5,0001613765,10-K,2019-03-29,edgar/data/1613765/0001140361-19-006013.txt
Navient Student Loan Trust 2014-6,0001613766,10-K,2019-03-29,edgar/data/1613766/0001140361-19-006014.txt
Navient Student Loan Trust 2014-7,0001613767,10-K,2019-03-29,edgar/data/1613767/0001140361-19-006015.txt
"PRA Health Sciences, Inc.",0001613859,10-K,2019-02-28,edgar/data/1613859/0001613859-19-000008.txt
JPMBB Commercial Mortgage Securities Trust 2014-C22,0001614033,10-K,2019-03-22,edgar/data/1614033/0001056404-19-002446.txt
"Aridis Pharmaceuticals, Inc.",0001614067,10-K,2019-03-28,edgar/data/1614067/0001047469-19-001721.txt
"SIGULER GUFF SMALL BUSINESS CREDIT OPPORTUNITIES FUND, INC",0001614173,10-K,2019-03-28,edgar/data/1614173/0001140361-19-005924.txt
"Yext, Inc.",0001614178,10-K,2019-03-15,edgar/data/1614178/0001614178-19-000075.txt
Cadence Bancorporation,0001614184,10-K,2019-03-01,edgar/data/1614184/0001564590-19-005802.txt
Kibush Capital Corp,0001614466,10-K,2019-02-11,edgar/data/1614466/0001493152-19-001650.txt
Star Alliance International Corp.,0001614556,10-K,2019-02-15,edgar/data/1614556/0001640334-19-000270.txt
Great Ajax Corp.,0001614806,10-K,2019-03-06,edgar/data/1614806/0001628280-19-002552.txt
"Cole Office & Industrial REIT (CCIT III), Inc.",0001614976,10-K,2019-03-26,edgar/data/1614976/0001614976-19-000014.txt
"Veritone, Inc.",0001615165,10-K,2019-03-18,edgar/data/1615165/0001564590-19-008261.txt
"Flex Pharma, Inc.",0001615219,10-K,2019-03-06,edgar/data/1615219/0001615219-19-000008.txt
"Moody National REIT II, Inc.",0001615222,10-K,2019-03-29,edgar/data/1615222/0001387131-19-002332.txt
Landmark Infrastructure Partners LP,0001615346,10-K,2019-02-20,edgar/data/1615346/0001564590-19-003360.txt
Beneficial Bancorp Inc.,0001615418,10-K,2019-02-26,edgar/data/1615418/0001104659-19-010714.txt
"C&J Energy Services, Inc.",0001615817,10-K,2019-02-27,edgar/data/1615817/0001615817-19-000025.txt
"Xenia Hotels & Resorts, Inc.",0001616000,10-K,2019-02-26,edgar/data/1616000/0001616000-19-000026.txt
Wells Fargo Real Estate Investment Corp.,0001616093,10-K,2019-03-01,edgar/data/1616093/0001616093-19-000002.txt
"MedEquities Realty Trust, Inc.",0001616314,10-K,2019-02-25,edgar/data/1616314/0001564590-19-004100.txt
"Senseonics Holdings, Inc.",0001616543,10-K,2019-03-15,edgar/data/1616543/0001558370-19-002135.txt
WFRBS Commercial Mortgage Trust 2014-C22,0001616666,10-K,2019-03-22,edgar/data/1616666/0001056404-19-002475.txt
Wayfair Inc.,0001616707,10-K,2019-02-25,edgar/data/1616707/0001616707-19-000042.txt
Axalta Coating Systems Ltd.,0001616862,10-K,2019-02-26,edgar/data/1616862/0001616862-19-000012.txt
Santander Drive Auto Receivables Trust 2014-4,0001616997,10-K,2019-03-29,edgar/data/1616997/0001193125-19-091403.txt
AmeriCredit Automobile Receivables Trust 2014-3,0001617166,10-K,2019-03-22,edgar/data/1617166/0001615774-19-004373.txt
"J. Alexander's Holdings, Inc.",0001617227,10-K,2019-03-14,edgar/data/1617227/0001564590-19-007782.txt
MB Bancorp Inc,0001617291,10-K,2019-03-13,edgar/data/1617291/0001144204-19-013698.txt
Park Hotels & Resorts Inc.,0001617406,10-K,2019-02-28,edgar/data/1617406/0001564590-19-005443.txt
"ZILLOW GROUP, INC.",0001617640,10-K,2019-02-21,edgar/data/1617640/0001617640-19-000005.txt
"Unique Fabricating, Inc.",0001617669,10-K,2019-03-07,edgar/data/1617669/0001617669-19-000010.txt
Morgan Stanley Bank of America Merrill Lynch Trust 2014-C18,0001617760,10-K,2019-03-29,edgar/data/1617760/0001019965-19-000132.txt
Corporate Capital Trust II,0001617896,10-K,2019-03-21,edgar/data/1617896/0001193125-19-082323.txt
GS Mortgage Securities Trust 2014-GC24,0001617957,10-K,2019-03-25,edgar/data/1617957/0001056404-19-002700.txt
COMM 2014-UBS5 Mortgage Trust,0001617959,10-K,2019-03-19,edgar/data/1617959/0001056404-19-002068.txt
"Habit Restaurants, Inc.",0001617977,10-K,2019-03-01,edgar/data/1617977/0001564590-19-005749.txt
JPMBB Commercial Mortgage Securities Trust 2014-C23,0001618150,10-K,2019-03-21,edgar/data/1618150/0001056404-19-002302.txt
National Storage Affiliates Trust,0001618563,10-K,2019-02-26,edgar/data/1618563/0001618563-19-000018.txt
GUGGENHEIM CREDIT INCOME FUND 2016 T,0001618694,10-K,2019-03-14,edgar/data/1618694/0001618694-19-000006.txt
GUGGENHEIM CREDIT INCOME FUND 2019,0001618696,10-K,2019-03-14,edgar/data/1618696/0001618696-19-000008.txt
GUGGENHEIM CREDIT INCOME FUND,0001618697,10-K,2019-03-12,edgar/data/1618697/0001618697-19-000005.txt
WFRBS Commercial Mortgage Trust 2014-C23,0001618713,10-K,2019-03-25,edgar/data/1618713/0001056404-19-002663.txt
Restaurant Brands International Limited Partnership,0001618755,10-K,2019-02-22,edgar/data/1618755/0001618755-19-000005.txt
Restaurant Brands International Inc.,0001618756,10-K,2019-02-22,edgar/data/1618756/0001618756-19-000005.txt
"Evofem Biosciences, Inc.",0001618835,10-K,2019-03-01,edgar/data/1618835/0001618835-19-000031.txt
"Cloudweb, Inc.",0001619227,10-K,2019-03-19,edgar/data/1619227/0001640334-19-000398.txt
Valeritas Holdings Inc.,0001619250,10-K,2019-03-06,edgar/data/1619250/0001619250-19-000007.txt
Lightstone Real Estate Income Trust Inc.,0001619312,10-K,2019-03-25,edgar/data/1619312/0001144204-19-015817.txt
COMM 2014-LC17 Mortgage Trust,0001619511,10-K,2019-03-19,edgar/data/1619511/0001056404-19-002107.txt
Citigroup Commercial Mortgage Trust 2014-GC25,0001619616,10-K,2019-03-28,edgar/data/1619616/0001193125-19-090166.txt
Hess Midstream Partners LP,0001619739,10-K,2019-03-11,edgar/data/1619739/0001564590-19-007184.txt
"Inovalon Holdings, Inc.",0001619954,10-K,2019-02-20,edgar/data/1619954/0001619954-19-000032.txt
"Exela Technologies, Inc.",0001620179,10-K,2019-03-20,edgar/data/1620179/0001558370-19-002304.txt
Uniti Group Inc.,0001620280,10-K,2019-03-18,edgar/data/1620280/0001564590-19-008290.txt
COMM 2014-CCRE20 Mortgage Trust,0001620305,10-K,2019-03-21,edgar/data/1620305/0001056404-19-002373.txt
"NexPoint Residential Trust, Inc.",0001620393,10-K,2019-02-19,edgar/data/1620393/0001564590-19-003281.txt
"James River Group Holdings, Ltd.",0001620459,10-K,2019-02-27,edgar/data/1620459/0001620459-19-000052.txt
Shake Shack Inc.,0001620533,10-K,2019-02-25,edgar/data/1620533/0001620533-19-000010.txt
Warner Chilcott Ltd,0001620602,10-K,2019-02-15,edgar/data/1620602/0001564590-19-003111.txt
UNION BRIDGE HOLDINGS LTD.,0001621199,10-K,2019-03-11,edgar/data/1621199/0001640334-19-000366.txt
Adaptimmune Therapeutics PLC,0001621227,10-K,2019-02-27,edgar/data/1621227/0001558370-19-001209.txt
COMM 2014-UBS6 Mortgage Trust,0001621368,10-K,2019-03-20,edgar/data/1621368/0001056404-19-002175.txt
JPMBB Commercial Mortgage Securities Trust 2014-C24,0001621379,10-K,2019-03-22,edgar/data/1621379/0001056404-19-002481.txt
"Black Stone Minerals, L.P.",0001621434,10-K,2019-02-26,edgar/data/1621434/0001628280-19-001941.txt
"Zynerba Pharmaceuticals, Inc.",0001621443,10-K,2019-03-11,edgar/data/1621443/0001558370-19-001742.txt
WFRBS Commercial Mortgage Trust 2014-C24,0001621466,10-K,2019-03-21,edgar/data/1621466/0001056404-19-002271.txt
"Summit Materials, Inc.",0001621563,10-K,2019-02-06,edgar/data/1621563/0001628280-19-001027.txt
"Aqua Metals, Inc.",0001621832,10-K,2019-02-28,edgar/data/1621832/0001621832-19-000009.txt
Santander Drive Auto Receivables Trust 2014-5,0001622117,10-K,2019-03-29,edgar/data/1622117/0001193125-19-091410.txt
"Easterly Government Properties, Inc.",0001622194,10-K,2019-02-28,edgar/data/1622194/0001564590-19-005484.txt
Unum Therapeutics Inc.,0001622229,10-K,2019-03-28,edgar/data/1622229/0001193125-19-089299.txt
"Jernigan Capital, Inc.",0001622353,10-K,2019-03-01,edgar/data/1622353/0001622353-19-000007.txt
JPMBB Commercial Mortgage Securities Trust 2014-C25,0001622413,10-K,2019-03-22,edgar/data/1622413/0001056404-19-002388.txt
GS Mortgage Securities Trust 2014-GC26,0001622765,10-K,2019-03-26,edgar/data/1622765/0001019965-19-000084.txt
"CannaMED Enterprises, Inc.",0001623016,10-K,2019-03-22,edgar/data/1623016/0001437749-19-005514.txt
Navient Student Loan Trust 2014-8,0001623518,10-K,2019-03-29,edgar/data/1623518/0001140361-19-006016.txt
Mylan N.V.,0001623613,10-K,2019-02-27,edgar/data/1623613/0001623613-19-000008.txt
WFRBS Commercial Mortgage Trust 2014-C25,0001623838,10-K,2019-03-21,edgar/data/1623838/0001056404-19-002297.txt
Morgan Stanley Bank of America Merrill Lynch Trust 2014-C19,0001623916,10-K,2019-03-29,edgar/data/1623916/0001056404-19-003204.txt
Antero Midstream GP LP,0001623925,10-K,2019-02-13,edgar/data/1623925/0001558370-19-000642.txt
"Business First Bancshares, Inc.",0001624322,10-K,2019-03-22,edgar/data/1624322/0001437749-19-005503.txt
Boxlight Corp,0001624512,10-K,2019-03-28,edgar/data/1624512/0001493152-19-004118.txt
"Allena Pharmaceuticals, Inc.",0001624658,10-K,2019-03-07,edgar/data/1624658/0001564590-19-006630.txt
MPM Holdings Inc.,0001624826,10-K,2019-03-27,edgar/data/1624826/0001624826-19-000011.txt
AmeriCredit Automobile Receivables Trust 2014-4,0001624831,10-K,2019-03-22,edgar/data/1624831/0001615774-19-004370.txt
"Pulse Biosciences, Inc.",0001625101,10-K,2019-03-14,edgar/data/1625101/0001625101-19-000008.txt
JPMBB Commercial Mortgage Securities Trust 2014-C26,0001625123,10-K,2019-03-21,edgar/data/1625123/0001056404-19-002304.txt
PACMAN MEDIA INC.,0001625376,10-K,2019-01-08,edgar/data/1625376/0001625376-19-000004.txt
COMM 2014-CCRE21 Mortgage Trust,0001625426,10-K,2019-03-18,edgar/data/1625426/0001056404-19-002059.txt
BLACK CREEK INDUSTRIAL REIT IV Inc.,0001625941,10-K,2019-03-06,edgar/data/1625941/0001625941-19-000023.txt
PJT Partners Inc.,0001626115,10-K,2019-02-28,edgar/data/1626115/0001564590-19-005523.txt
"ALPINE IMMUNE SCIENCES, INC.",0001626199,10-K,2019-03-18,edgar/data/1626199/0001626199-19-000010.txt
STAR WEALTH GROUP INC.,0001626696,10-K,2019-01-14,edgar/data/1626696/0001551163-19-000008.txt
XBiotech Inc.,0001626878,10-K,2019-03-14,edgar/data/1626878/0001171843-19-001708.txt
California Republic Auto Receivables Trust 2014-4,0001626937,10-K,2019-03-26,edgar/data/1626937/0001193125-19-086624.txt
Wells Fargo Commercial Mortgage Trust 2014-LC18,0001626941,10-K,2019-03-22,edgar/data/1626941/0001056404-19-002465.txt
"Corvus Pharmaceuticals, Inc.",0001626971,10-K,2019-03-07,edgar/data/1626971/0001558370-19-001660.txt
"Black Knight, Inc.",0001627014,10-K,2019-02-22,edgar/data/1627014/0001627014-19-000013.txt
Chemours Co,0001627223,10-K,2019-02-15,edgar/data/1627223/0001564590-19-003090.txt
"Photozou Holdings, Inc.",0001627469,10-K,2019-03-15,edgar/data/1627469/0001599916-19-000045.txt
Upwork Inc.,0001627475,10-K,2019-03-07,edgar/data/1627475/0001627475-19-000007.txt
"Sailpoint Technologies Holdings, Inc.",0001627857,10-K,2019-03-18,edgar/data/1627857/0001564590-19-008122.txt
Seritage Growth Properties,0001628063,10-K,2019-03-01,edgar/data/1628063/0001564590-19-005833.txt
"XSport Global, Inc.",0001628104,10-K,2019-01-30,edgar/data/1628104/0001140361-19-001959.txt
COMM 2015-LC19 Mortgage Trust,0001628112,10-K,2019-03-25,edgar/data/1628112/0001056404-19-002524.txt
Cushman & Wakefield plc,0001628369,10-K,2019-02-28,edgar/data/1628369/0001628369-19-000006.txt
"Audentes Therapeutics, Inc.",0001628738,10-K,2019-03-01,edgar/data/1628738/0001564590-19-005838.txt
"Evolent Health, Inc.",0001628908,10-K,2019-02-28,edgar/data/1628908/0001628908-19-000006.txt
Merchants Bancorp,0001629019,10-K,2019-03-15,edgar/data/1629019/0001558370-19-002098.txt
Morgan Stanley Bank of America Merrill Lynch Trust 2015-C20,0001629069,10-K,2019-03-29,edgar/data/1629069/0001056404-19-003228.txt
"Global Blood Therapeutics, Inc.",0001629137,10-K,2019-02-27,edgar/data/1629137/0001193125-19-054260.txt
"China Crawfish, Ltd.",0001629702,10-K,2019-03-28,edgar/data/1629702/0001079974-19-000136.txt
Citigroup Commercial Mortgage Trust 2015-GC27,0001629716,10-K,2019-03-28,edgar/data/1629716/0001193125-19-090149.txt
Harley-Davidson Motorcycle Trust 2015-1,0001629958,10-K,2019-03-25,edgar/data/1629958/0001628280-19-003310.txt
Hyundai Auto Receivables Trust 2015-A,0001629978,10-K,2019-03-20,edgar/data/1629978/0001144204-19-015060.txt
Brixmor Operating Partnership LP,0001630031,10-K,2019-02-11,edgar/data/1630031/0001581068-19-000005.txt
Avalon GloboCare Corp.,0001630212,10-K,2019-03-26,edgar/data/1630212/0001213900-19-004862.txt
AmeriCredit Automobile Receivables Trust 2015-1,0001630372,10-K,2019-03-22,edgar/data/1630372/0001615774-19-004374.txt
"TPG RE Finance Trust, Inc.",0001630472,10-K,2019-02-26,edgar/data/1630472/0001564590-19-004202.txt
GS Mortgage Securities Trust 2015-GC28,0001630477,10-K,2019-03-25,edgar/data/1630477/0001056404-19-002678.txt
Wells Fargo Commercial Mortgage Trust 2015-C26,0001630513,10-K,2019-03-21,edgar/data/1630513/0001056404-19-002267.txt
JPMBB Commercial Mortgage Securities Trust 2015-C27,0001630690,10-K,2019-03-22,edgar/data/1630690/0001056404-19-002437.txt
Capital Auto Receivables Asset Trust 2015-1,0001630924,10-K,2019-03-25,edgar/data/1630924/0001630924-19-000007.txt
"KBS Growth & Income REIT, Inc.",0001631256,10-K,2019-03-08,edgar/data/1631256/0001631256-19-000009.txt
Morgan Stanley Bank of America Merrill Lynch Trust 2015-C21,0001631406,10-K,2019-03-29,edgar/data/1631406/0001056404-19-003227.txt
Barrel Energy Inc.,0001631463,10-K,2019-02-27,edgar/data/1631463/0001477932-19-000685.txt
"ROID GROUP, INC.",0001631547,10-K,2019-01-28,edgar/data/1631547/0001511164-19-000025.txt
Community Healthcare Trust Inc,0001631569,10-K,2019-02-26,edgar/data/1631569/0001631569-19-000008.txt
Wave Life Sciences Ltd.,0001631574,10-K,2019-03-01,edgar/data/1631574/0001564590-19-005671.txt
KKR Real Estate Finance Trust Inc.,0001631596,10-K,2019-02-20,edgar/data/1631596/0001631596-19-000005.txt
"Aimmune Therapeutics, Inc.",0001631650,10-K,2019-02-28,edgar/data/1631650/0001564590-19-005514.txt
CNH Equipment Trust 2015-A,0001632028,10-K,2019-03-25,edgar/data/1632028/0001104659-19-017174.txt
"HOMETOWN INTERNATIONAL, INC.",0001632081,10-K,2019-03-29,edgar/data/1632081/0001615774-19-004889.txt
Santander Drive Auto Receivables Trust 2015-1,0001632092,10-K,2019-03-29,edgar/data/1632092/0001193125-19-091418.txt
"Cable One, Inc.",0001632127,10-K,2019-02-28,edgar/data/1632127/0001437749-19-003504.txt
COMM 2015-DC1 Mortgage Trust,0001632814,10-K,2019-03-20,edgar/data/1632814/0001056404-19-002177.txt
"Griffin-American Healthcare REIT IV, Inc.",0001632970,10-K,2019-03-18,edgar/data/1632970/0001632970-19-000034.txt
Navient Student Loan Trust 2015-1,0001633023,10-K,2019-03-29,edgar/data/1633023/0001140361-19-006017.txt
"Crescent Capital BDC, Inc.",0001633336,10-K,2019-03-22,edgar/data/1633336/0001193125-19-083496.txt
Wells Fargo Commercial Mortgage Trust 2015-C27,0001633533,10-K,2019-03-21,edgar/data/1633533/0001056404-19-002273.txt
"Tallgrass Energy, LP",0001633651,10-K,2019-02-08,edgar/data/1633651/0001633651-19-000009.txt
Audax Credit BDC Inc.,0001633858,10-K,2019-03-18,edgar/data/1633858/0001144204-19-014593.txt
"PayPal Holdings, Inc.",0001633917,10-K,2019-02-07,edgar/data/1633917/0001633917-19-000043.txt
TopBuild Corp,0001633931,10-K,2019-02-26,edgar/data/1633931/0001558370-19-001088.txt
California Republic Auto Receivables Trust 2015-1,0001633933,10-K,2019-03-26,edgar/data/1633933/0001193125-19-086647.txt
CSAIL 2015-C1 Commercial Mortgage Trust,0001634172,10-K,2019-03-25,edgar/data/1634172/0001056404-19-002629.txt
"Exceed World, Inc.",0001634293,10-K,2019-01-14,edgar/data/1634293/0001599916-19-000005.txt
Strongbridge Biopharma plc,0001634432,10-K,2019-02-27,edgar/data/1634432/0001558370-19-001146.txt
Jensyn Acquisition Corp.,0001634447,10-K,2019-03-22,edgar/data/1634447/0001493152-19-003754.txt
COMM 2015-CCRE22 Mortgage Trust,0001634976,10-K,2019-03-22,edgar/data/1634976/0001020242-19-000069.txt
"Avangrid, Inc.",0001634997,10-K,2019-03-01,edgar/data/1634997/0001634997-19-000009.txt
MSB FINANCIAL CORP,0001635261,10-K,2019-03-29,edgar/data/1635261/0001635261-19-000006.txt
"Rimini Street, Inc.",0001635282,10-K,2019-03-14,edgar/data/1635282/0001635282-19-000016.txt
Cincinnati Bancorp,0001635484,10-K,2019-03-29,edgar/data/1635484/0001144204-19-016884.txt
Wells Fargo Commercial Mortgage Trust 2015-LC20,0001635569,10-K,2019-03-20,edgar/data/1635569/0001056404-19-002218.txt
Green Plains Partners LP,0001635650,10-K,2019-02-20,edgar/data/1635650/0001635650-19-000007.txt
"Gannett Co., Inc.",0001635718,10-K,2019-02-27,edgar/data/1635718/0001635718-19-000008.txt
"Provident Bancorp, Inc.",0001635840,10-K,2019-03-14,edgar/data/1635840/0001144204-19-013998.txt
Exterran Corp,0001635881,10-K,2019-02-27,edgar/data/1635881/0001635881-19-000006.txt
"National Western Life Group, Inc.",0001635984,10-K,2019-03-01,edgar/data/1635984/0001635984-19-000009.txt
Wingstop Inc.,0001636222,10-K,2019-02-27,edgar/data/1636222/0001636222-19-000039.txt
"Aeglea BioTherapeutics, Inc.",0001636282,10-K,2019-03-07,edgar/data/1636282/0001564590-19-006771.txt
People's Utah Bancorp,0001636286,10-K,2019-03-15,edgar/data/1636286/0001564590-19-008013.txt
"Kite Realty Group, L.P.",0001636315,10-K,2019-02-27,edgar/data/1636315/0001286043-19-000021.txt
Navient Student Loan Trust 2015-2,0001636459,10-K,2019-03-29,edgar/data/1636459/0001140361-19-006018.txt
Ford Credit Auto Owner Trust 2015-A,0001636498,10-K,2019-03-25,edgar/data/1636498/0001636498-19-000008.txt
"Vitalibis, Inc.",0001636509,10-K,2019-03-28,edgar/data/1636509/0001683168-19-000815.txt
Morgan Stanley Bank of America Merrill Lynch Trust 2015-C22,0001636513,10-K,2019-03-29,edgar/data/1636513/0001056404-19-003206.txt
Ovid Therapeutics Inc.,0001636651,10-K,2019-03-07,edgar/data/1636651/0001564590-19-006804.txt
Citigroup Commercial Mortgage Trust 2015-GC29,0001636708,10-K,2019-03-29,edgar/data/1636708/0001193125-19-092401.txt
HUALE ACOUSTICS Corp,0001636760,10-K,2019-03-29,edgar/data/1636760/0001493152-19-004171.txt
JPMBB Commercial Mortgage Securities Trust 2015-C28,0001637008,10-K,2019-03-22,edgar/data/1637008/0001056404-19-002445.txt
"Planet Fitness, Inc.",0001637207,10-K,2019-03-01,edgar/data/1637207/0001637207-19-000009.txt
STRONG SOLUTIONS INC.,0001637242,10-K,2019-02-19,edgar/data/1637242/0001607062-19-000076.txt
FS Investment Corp IV,0001637417,10-K,2019-03-18,edgar/data/1637417/0001144204-19-014641.txt
CONSOL Coal Resources LP,0001637558,10-K,2019-02-08,edgar/data/1637558/0001637558-19-000006.txt
Horizon Global Corp,0001637655,10-K,2019-03-18,edgar/data/1637655/0001637655-19-000030.txt
Clearway Energy LLC,0001637757,10-K,2019-03-01,edgar/data/1637757/0001637757-19-000002.txt
SeaSpine Holdings Corp,0001637761,10-K,2019-03-01,edgar/data/1637761/0001637761-19-000046.txt
"Tri-State Generation & Transmission Association, Inc.",0001637880,10-K,2019-03-08,edgar/data/1637880/0001558370-19-001696.txt
Milacron Holdings Corp.,0001637913,10-K,2019-02-28,edgar/data/1637913/0001637913-19-000006.txt
"Entergy New Orleans Storm Recovery Funding I, L.L.C.",0001637969,10-K,2019-03-28,edgar/data/1637969/0000065984-19-000134.txt
Wells Fargo Commercial Mortgage Trust 2015-NXS1,0001638227,10-K,2019-03-20,edgar/data/1638227/0001056404-19-002192.txt
Gemphire Therapeutics Inc.,0001638287,10-K,2019-03-18,edgar/data/1638287/0001558370-19-002192.txt
Intec Pharma Ltd.,0001638381,10-K,2019-02-27,edgar/data/1638381/0001213900-19-003211.txt
AmeriCredit Automobile Receivables Trust 2015-2,0001638448,10-K,2019-03-22,edgar/data/1638448/0001615774-19-004377.txt
Hyundai Auto Receivables Trust 2015-B,0001638449,10-K,2019-03-20,edgar/data/1638449/0001144204-19-015062.txt
Santander Drive Auto Receivables Trust 2015-2,0001638606,10-K,2019-03-29,edgar/data/1638606/0001193125-19-091424.txt
"Surgery Partners, Inc.",0001638833,10-K,2019-03-15,edgar/data/1638833/0001638833-19-000006.txt
UAS Drone Corp.,0001638911,10-K,2019-03-29,edgar/data/1638911/0001548123-19-000045.txt
Wells Fargo Commercial Mortgage Trust 2015-C28,0001638933,10-K,2019-03-20,edgar/data/1638933/0001056404-19-002204.txt
"Ollie's Bargain Outlet Holdings, Inc.",0001639300,10-K,2019-03-29,edgar/data/1639300/0001140361-19-006044.txt
OHI Healthcare Properties Limited Partnership,0001639315,10-K,2019-02-26,edgar/data/1639315/0000888491-19-000006.txt
CSAIL 2015-C2 Commercial Mortgage Trust,0001639353,10-K,2019-03-21,edgar/data/1639353/0001056404-19-002276.txt
LivaNova PLC,0001639691,10-K,2019-03-18,edgar/data/1639691/0001639691-19-000035.txt
GS Mortgage Securities Trust 2015-GC30,0001639694,10-K,2019-03-27,edgar/data/1639694/0001019965-19-000110.txt
"Tech Central, Inc.",0001639874,10-K,2019-03-27,edgar/data/1639874/0001079973-19-000178.txt
COMM 2015-CCRE23 Mortgage Trust,0001640052,10-K,2019-03-19,edgar/data/1640052/0001056404-19-002101.txt
"Voyager Therapeutics, Inc.",0001640266,10-K,2019-02-26,edgar/data/1640266/0001558370-19-001105.txt
"Jounce Therapeutics, Inc.",0001640455,10-K,2019-03-06,edgar/data/1640455/0001640455-19-000021.txt
Harley-Davidson Motorcycle Trust 2015-2,0001640513,10-K,2019-03-25,edgar/data/1640513/0001628280-19-003313.txt
JPMBB Commercial Mortgage Securities Trust 2015-C29,0001640584,10-K,2019-03-21,edgar/data/1640584/0001056404-19-002305.txt
CNH Equipment Trust 2015-B,0001640770,10-K,2019-03-25,edgar/data/1640770/0001104659-19-017175.txt
Morgan Stanley Capital I Trust 2015-MS1,0001640775,10-K,2019-03-29,edgar/data/1640775/0001056404-19-003244.txt
"ATEL 17, LLC",0001640982,10-K,2019-03-18,edgar/data/1640982/0001144204-19-014404.txt
vTv Therapeutics Inc.,0001641489,10-K,2019-02-26,edgar/data/1641489/0001564590-19-004516.txt
River Financial Corp,0001641601,10-K,2019-03-20,edgar/data/1641601/0001564590-19-008662.txt
CPI Card Group Inc.,0001641614,10-K,2019-03-06,edgar/data/1641614/0001558370-19-001550.txt
Navient Student Loan Trust 2015-3,0001641623,10-K,2019-03-29,edgar/data/1641623/0001140361-19-006019.txt
Nabriva Therapeutics plc,0001641640,10-K,2019-03-12,edgar/data/1641640/0001047469-19-001138.txt
Capital Auto Receivables Asset Trust 2015-2,0001641832,10-K,2019-03-25,edgar/data/1641832/0001641832-19-000007.txt
"SPX FLOW, Inc.",0001641991,10-K,2019-02-05,edgar/data/1641991/0001641991-19-000012.txt
"Allegiance Bancshares, Inc.",0001642081,10-K,2019-03-11,edgar/data/1642081/0001564590-19-007155.txt
"Associated Capital Group, Inc.",0001642122,10-K,2019-03-08,edgar/data/1642122/0001140361-19-004627.txt
"Guardion Health Sciences, Inc.",0001642375,10-K,2019-02-14,edgar/data/1642375/0001144204-19-007374.txt
Ford Credit Auto Owner Trust 2015-B,0001642435,10-K,2019-03-25,edgar/data/1642435/0001642435-19-000008.txt
"Daseke, Inc.",0001642453,10-K,2019-03-08,edgar/data/1642453/0001558370-19-001728.txt
Morgan Stanley Bank of America Merrill Lynch Trust 2015-C23,0001642727,10-K,2019-03-29,edgar/data/1642727/0001056404-19-003212.txt
"Venture Lending & Leasing VIII, Inc.",0001642862,10-K,2019-03-14,edgar/data/1642862/0001642862-19-000002.txt
"Parking REIT, Inc.",0001642985,10-K,2019-03-05,edgar/data/1642985/0001642985-19-000003.txt
California Republic Auto Receivables Trust 2015-2,0001643102,10-K,2019-03-26,edgar/data/1643102/0001193125-19-086659.txt
SANTANDER DRIVE AUTO RECEIVABLES TRUST 2015-3,0001643202,10-K,2019-03-29,edgar/data/1643202/0001193125-19-091434.txt
COMM 2015-LC21 Mortgage Trust,0001643293,10-K,2019-03-21,edgar/data/1643293/0001020242-19-000060.txt
Wells Fargo Commercial Mortgage Trust 2015-C29,0001643550,10-K,2019-03-20,edgar/data/1643550/0001056404-19-002203.txt
Citigroup Commercial Mortgage Trust 2015-GC31,0001643661,10-K,2019-03-28,edgar/data/1643661/0001193125-19-090154.txt
Wells Fargo Commercial Mortgage Trust 2015-NXS2,0001643873,10-K,2019-03-20,edgar/data/1643873/0001056404-19-002217.txt
"Purple Innovation, Inc.",0001643953,10-K,2019-03-14,edgar/data/1643953/0001213900-19-004081.txt
"Hostess Brands, Inc.",0001644406,10-K,2019-02-27,edgar/data/1644406/0001644406-19-000011.txt
GCP Applied Technologies Inc.,0001644440,10-K,2019-02-27,edgar/data/1644440/0001644440-19-000051.txt
GS Mortgage Securities Trust 2015-GC32,0001644697,10-K,2019-03-26,edgar/data/1644697/0001056404-19-002734.txt
JPMBB Commercial Mortgage Securities Trust 2015-C30,0001644943,10-K,2019-03-21,edgar/data/1644943/0001056404-19-002303.txt
"AVENUE THERAPEUTICS, INC.",0001644963,10-K,2019-03-12,edgar/data/1644963/0001144204-19-013543.txt
PBF Energy Co LLC,0001645026,10-K,2019-02-21,edgar/data/1645026/0001534504-19-000012.txt
NovoCure Ltd,0001645113,10-K,2019-02-28,edgar/data/1645113/0001564590-19-005146.txt
COMM 2015-PC1 Mortgage Trust,0001645384,10-K,2019-03-20,edgar/data/1645384/0001056404-19-002179.txt
"Cue Biopharma, Inc.",0001645460,10-K,2019-03-14,edgar/data/1645460/0001564590-19-007832.txt
Monopar Therapeutics,0001645469,10-K,2019-02-26,edgar/data/1645469/0001654954-19-002003.txt
ARRIS International plc,0001645494,10-K,2019-03-01,edgar/data/1645494/0001144204-19-011641.txt
"Kezar Life Sciences, Inc.",0001645666,10-K,2019-03-26,edgar/data/1645666/0001564590-19-009369.txt
Discover Funding LLC,0001645731,10-K,2019-03-21,edgar/data/1645731/0001193125-19-082278.txt
"RW HOLDINGS NNN REIT, INC.",0001645873,10-K,2019-03-29,edgar/data/1645873/0001645873-19-000003.txt
Ondas Holdings Inc.,0001646188,10-K,2019-03-19,edgar/data/1646188/0001615774-19-004224.txt
At Home Group Inc.,0001646228,10-K,2019-03-27,edgar/data/1646228/0001558370-19-002487.txt
NorthStar Realty Europe Corp.,0001646587,10-K,2019-03-13,edgar/data/1646587/0001646587-19-000007.txt
COMM 2015-CCRE24 Mortgage Trust,0001646736,10-K,2019-03-19,edgar/data/1646736/0001056404-19-002150.txt
Mercedes-Benz Auto Receivables Trust 2015-1,0001646798,10-K,2019-03-28,edgar/data/1646798/0001019965-19-000114.txt
Morgan Stanley Bank of America Merrill Lynch Trust 2015-C24,0001646924,10-K,2019-03-29,edgar/data/1646924/0001056404-19-003219.txt
WillScot Corp,0001647088,10-K,2019-03-15,edgar/data/1647088/0001628280-19-002990.txt
"Tapinator, Inc.",0001647170,10-K,2019-03-26,edgar/data/1647170/0001437749-19-005708.txt
Ally Auto Receivables Trust 2015-1,0001647353,10-K,2019-03-25,edgar/data/1647353/0001647353-19-000011.txt
Noble Midstream Partners LP,0001647513,10-K,2019-02-19,edgar/data/1647513/0001647513-19-000009.txt
Wells Fargo Commercial Mortgage Trust 2015-C30,0001647587,10-K,2019-03-19,edgar/data/1647587/0001056404-19-002145.txt
CSAIL 2015-C3 Commercial Mortgage Trust,0001647980,10-K,2019-03-21,edgar/data/1647980/0001056404-19-002282.txt
COMM 2015-CCRE25 Mortgage Trust,0001648195,10-K,2019-03-22,edgar/data/1648195/0001020242-19-000065.txt
"IWEB, Inc.",0001648365,10-K,2019-03-15,edgar/data/1648365/0001144204-19-014262.txt
"CNL Healthcare Properties II, Inc.",0001648383,10-K,2019-03-20,edgar/data/1648383/0001564590-19-008625.txt
"Sequential Brands Group, Inc.",0001648428,10-K,2019-03-14,edgar/data/1648428/0001558370-19-002022.txt
Citigroup Commercial Mortgage Trust 2015-P1,0001648439,10-K,2019-03-28,edgar/data/1648439/0001193125-19-090145.txt
Wells Fargo Commercial Mortgage Trust 2015-SG1,0001648858,10-K,2019-03-20,edgar/data/1648858/0001056404-19-002224.txt
Nuvectra Corp,0001648893,10-K,2019-03-04,edgar/data/1648893/0001437749-19-003943.txt
"First Foods Group, Inc.",0001648903,10-K,2019-03-29,edgar/data/1648903/0001477932-19-001279.txt
Santander Drive Auto Receivables Trust 2015-4,0001649011,10-K,2019-03-29,edgar/data/1649011/0001193125-19-091437.txt
Clipper Realty Inc.,0001649096,10-K,2019-03-07,edgar/data/1649096/0001437749-19-004331.txt
JPMBB Commercial Mortgage Securities Trust 2015-C31,0001649184,10-K,2019-03-21,edgar/data/1649184/0001056404-19-002308.txt
Capital Auto Receivables Asset Trust 2015-3,0001649616,10-K,2019-03-25,edgar/data/1649616/0001649616-19-000007.txt
Toyota Auto Receivables 2015-C Owner Trust,0001649675,10-K,2019-03-21,edgar/data/1649675/0000929638-19-000387.txt
AmeriCredit Automobile Receivables Trust 2015-3,0001649716,10-K,2019-03-22,edgar/data/1649716/0001615774-19-004380.txt
FB Financial Corp,0001649749,10-K,2019-03-12,edgar/data/1649749/0001628280-19-002811.txt
"RHYTHM PHARMACEUTICALS, INC.",0001649904,10-K,2019-03-08,edgar/data/1649904/0001558370-19-001698.txt
CNH Equipment Trust 2015-C,0001649934,10-K,2019-03-25,edgar/data/1649934/0001104659-19-017179.txt
"Four Corners Property Trust, Inc.",0001650132,10-K,2019-02-20,edgar/data/1650132/0001650132-19-000029.txt
Quorum Health Corp,0001650445,10-K,2019-03-12,edgar/data/1650445/0001564590-19-007376.txt
California Republic Auto Receivables Trust 2015-3,0001650526,10-K,2019-03-26,edgar/data/1650526/0001193125-19-086667.txt
"Editas Medicine, Inc.",0001650664,10-K,2019-03-01,edgar/data/1650664/0001558370-19-001364.txt
"SiteOne Landscape Supply, Inc.",0001650729,10-K,2019-02-27,edgar/data/1650729/0001650729-19-000004.txt
"Ajia Innogroup Holdings, Ltd.",0001650739,10-K,2019-01-17,edgar/data/1650739/0001640334-19-000058.txt
"Welbilt, Inc.",0001650962,10-K,2019-03-01,edgar/data/1650962/0001650962-19-000054.txt
Focus Financial Partners Inc.,0001651052,10-K,2019-03-28,edgar/data/1651052/0001047469-19-001705.txt
"Elevate Credit, Inc.",0001651094,10-K,2019-03-08,edgar/data/1651094/0001651094-19-000028.txt
Wells Fargo Commercial Mortgage Trust 2015-LC22,0001651164,10-K,2019-03-20,edgar/data/1651164/0001056404-19-002210.txt
"Acacia Communications, Inc.",0001651235,10-K,2019-02-21,edgar/data/1651235/0001651235-19-000042.txt
"Steadfast Apartment REIT III, Inc.",0001651286,10-K,2019-03-15,edgar/data/1651286/0001651286-19-000017.txt
"BeiGene, Ltd.",0001651308,10-K,2019-02-28,edgar/data/1651308/0001651308-19-000018.txt
"Checkpoint Therapeutics, Inc.",0001651407,10-K,2019-03-18,edgar/data/1651407/0001144204-19-014409.txt
"Tabula Rasa HealthCare, Inc.",0001651561,10-K,2019-03-01,edgar/data/1651561/0001558370-19-001440.txt
Citigroup Commercial Mortgage Trust 2015-GC33,0001651588,10-K,2019-03-28,edgar/data/1651588/0001193125-19-090162.txt
COMM 2015-CCRE26 Mortgage Trust,0001651790,10-K,2019-03-22,edgar/data/1651790/0001056404-19-002444.txt
Hyundai Auto Receivables Trust 2015-C,0001651898,10-K,2019-03-20,edgar/data/1651898/0001144204-19-015065.txt
"Central Federal Bancshares, Inc",0001651987,10-K,2019-03-27,edgar/data/1651987/0001493152-19-003987.txt
Bank of America Merrill Lynch Commercial Mortgage Trust 2015-UBS7,0001652031,10-K,2019-03-26,edgar/data/1652031/0001019965-19-000088.txt
Alphabet Inc.,0001652044,10-K,2019-02-05,edgar/data/1652044/0001652044-19-000004.txt
"Intellia Therapeutics, Inc.",0001652130,10-K,2019-02-27,edgar/data/1652130/0001564590-19-004680.txt
Oasis Midstream Partners LP,0001652133,10-K,2019-03-01,edgar/data/1652133/0001652133-19-000013.txt
Ally Auto Receivables Trust 2015-2,0001652201,10-K,2019-03-25,edgar/data/1652201/0001652201-19-000009.txt
"Infrastructure & Energy Alternatives, Inc.",0001652362,10-K,2019-03-14,edgar/data/1652362/0001652362-19-000038.txt
Ford Credit Auto Owner Trust 2015-C,0001652456,10-K,2019-03-25,edgar/data/1652456/0001652456-19-000009.txt
"ICHOR HOLDINGS, LTD.",0001652535,10-K,2019-03-08,edgar/data/1652535/0001564590-19-006988.txt
GS Mortgage Securities Trust 2015-GC34,0001652672,10-K,2019-03-27,edgar/data/1652672/0001019965-19-000109.txt
Wells Fargo Commercial Mortgage Trust 2015-NXS3,0001652884,10-K,2019-03-22,edgar/data/1652884/0001056404-19-002458.txt
Fifth Third Auto Trust 2015-1,0001652885,10-K,2019-03-28,edgar/data/1652885/0001193125-19-090458.txt
"Resource Apartment REIT III, Inc.",0001652926,10-K,2019-03-22,edgar/data/1652926/0001564590-19-008970.txt
JPMBB Commercial Mortgage Securities Trust 2015-C32,0001652982,10-K,2019-03-22,edgar/data/1652982/0001056404-19-002449.txt
"Alector, Inc.",0001653087,10-K,2019-03-26,edgar/data/1653087/0001564590-19-009358.txt
Waitr Holdings Inc.,0001653247,10-K,2019-03-15,edgar/data/1653247/0001564590-19-007876.txt
COMM 2015-CCRE27 Mortgage Trust,0001653323,10-K,2019-03-19,edgar/data/1653323/0001056404-19-002112.txt
Runway Growth Credit Fund Inc.,0001653384,10-K,2019-03-29,edgar/data/1653384/0001144204-19-016757.txt
Ingevity Corp,0001653477,10-K,2019-02-20,edgar/data/1653477/0001653477-19-000011.txt
Morgan Stanley Bank of America Merrill Lynch Trust 2015-C25,0001653542,10-K,2019-03-27,edgar/data/1653542/0001019965-19-000100.txt
"Priority Technology Holdings, Inc.",0001653558,10-K,2019-03-29,edgar/data/1653558/0001628280-19-003666.txt
"Red Rock Resorts, Inc.",0001653653,10-K,2019-02-26,edgar/data/1653653/0001653653-19-000005.txt
APEX RESOURCES INC/NV,0001653710,10-K,2019-01-11,edgar/data/1653710/0001477932-19-000088.txt
World Omni Auto Receivables Trust 2015-B,0001653716,10-K,2019-03-27,edgar/data/1653716/0001144204-19-016113.txt
"Deciphera Pharmaceuticals, Inc.",0001654151,10-K,2019-03-14,edgar/data/1654151/0001193125-19-074791.txt
Santander Drive Auto Receivables Trust 2015-5,0001654250,10-K,2019-03-29,edgar/data/1654250/0001193125-19-091441.txt
COMM 2015-LC23 Mortgage Trust,0001654330,10-K,2019-03-19,edgar/data/1654330/0001056404-19-002108.txt
"Medalist Diversified REIT, Inc.",0001654595,10-K,2019-03-11,edgar/data/1654595/0001144204-19-013340.txt
Wells Fargo Commercial Mortgage Trust 2015-C31,0001654734,10-K,2019-03-22,edgar/data/1654734/0001056404-19-002404.txt
Capital Auto Receivables Asset Trust 2015-4,0001654785,10-K,2019-03-25,edgar/data/1654785/0001654785-19-000008.txt
HAHA GENERATION CORP.,0001655008,10-K,2019-03-27,edgar/data/1655008/0001640334-19-000445.txt
"Extraction Oil & Gas, Inc.",0001655020,10-K,2019-02-21,edgar/data/1655020/0001655020-19-000026.txt
"Bain Capital Specialty Finance, Inc.",0001655050,10-K,2019-02-28,edgar/data/1655050/0001047469-19-000787.txt
"Armstrong Flooring, Inc.",0001655075,10-K,2019-03-05,edgar/data/1655075/0001655075-19-000004.txt
CSAIL 2015-C4 Commercial Mortgage Trust,0001655153,10-K,2019-03-21,edgar/data/1655153/0001056404-19-002281.txt
Morgan Stanley Bank of America Merrill Lynch Trust 2015-C26,0001655591,10-K,2019-03-29,edgar/data/1655591/0001056404-19-003235.txt
"ARVINAS, INC.",0001655759,10-K,2019-03-26,edgar/data/1655759/0001564590-19-009357.txt
Owl Rock Capital Corp II,0001655887,10-K,2019-02-27,edgar/data/1655887/0001564590-19-004958.txt
Owl Rock Capital Corp,0001655888,10-K,2019-02-27,edgar/data/1655888/0001564590-19-004957.txt
Morgan Stanley Bank of America Merrill Lynch Trust 2015-C27,0001656047,10-K,2019-03-29,edgar/data/1656047/0001056404-19-003240.txt
JPMBB Commercial Mortgage Securities Trust 2015-C33,0001656088,10-K,2019-03-22,edgar/data/1656088/0001056404-19-002450.txt
"Sienna Biopharmaceuticals, Inc.",0001656328,10-K,2019-03-14,edgar/data/1656328/0001193125-19-074162.txt
"Gritstone Oncology, Inc.",0001656634,10-K,2019-03-28,edgar/data/1656634/0001564590-19-009825.txt
Wells Fargo Commercial Mortgage Trust 2015-NXS4,0001656681,10-K,2019-03-22,edgar/data/1656681/0001056404-19-002418.txt
GS Mortgage Securities Trust 2015-GS1,0001656839,10-K,2019-03-25,edgar/data/1656839/0001056404-19-002677.txt
MGM Growth Properties LLC,0001656936,10-K,2019-02-27,edgar/data/1656936/0001628280-19-002106.txt
AmeriCredit Automobile Receivables Trust 2015-4,0001657146,10-K,2019-03-22,edgar/data/1657146/0001615774-19-004378.txt
Ally Auto Receivables Trust 2016-1,0001657324,10-K,2019-03-25,edgar/data/1657324/0001657324-19-000008.txt
Citigroup Commercial Mortgage Trust 2015-GC35,0001657325,10-K,2019-03-28,edgar/data/1657325/0001193125-19-090165.txt
Parkway Acquisition Corp.,0001657642,10-K,2019-03-29,edgar/data/1657642/0001193125-19-092328.txt
"Kimbell Royalty Partners, LP",0001657788,10-K,2019-03-12,edgar/data/1657788/0001558370-19-001822.txt
Inbit Corp,0001657803,10-K,2019-03-29,edgar/data/1657803/0001493152-19-004166.txt
"HERTZ GLOBAL HOLDINGS, INC",0001657853,10-K,2019-02-25,edgar/data/1657853/0001657853-19-000005.txt
Morgan Stanley Capital I Trust 2015-UBS8,0001657889,10-K,2019-03-29,edgar/data/1657889/0001056404-19-003237.txt
"Crinetics Pharmaceuticals, Inc.",0001658247,10-K,2019-03-13,edgar/data/1658247/0001564590-19-007561.txt
"CLIC TECHNOLOGY, INC.",0001658304,10-K,2019-01-15,edgar/data/1658304/0001477932-19-000158.txt
Medico International Inc.,0001658432,10-K,2019-01-15,edgar/data/1658432/0001640334-19-000043.txt
"Centennial Resource Development, Inc.",0001658566,10-K,2019-02-25,edgar/data/1658566/0001658566-19-000028.txt
Chase Card Funding LLC,0001658982,10-K,2019-03-29,edgar/data/1658982/0001193125-19-092428.txt
Rosehill Resources Inc.,0001659122,10-K,2019-03-29,edgar/data/1659122/0001628280-19-003615.txt
Fortive Corp,0001659166,10-K,2019-02-28,edgar/data/1659166/0001659166-19-000085.txt
nDivision Inc.,0001659183,10-K,2019-03-29,edgar/data/1659183/0001079974-19-000154.txt
Iterum Therapeutics plc,0001659323,10-K,2019-03-25,edgar/data/1659323/0001564590-19-009089.txt
WELLS FARGO COMMERCIAL MORTGAGE TRUST 2015-P2,0001659329,10-K,2019-03-22,edgar/data/1659329/0001056404-19-002488.txt
"Moleculin Biotech, Inc.",0001659617,10-K,2019-02-21,edgar/data/1659617/0001659617-19-000018.txt
JPMCC Commercial Mortgage Securities Trust 2015-JP1,0001659981,10-K,2019-03-22,edgar/data/1659981/0001056404-19-002455.txt
"Okta, Inc.",0001660134,10-K,2019-03-14,edgar/data/1660134/0001660134-19-000006.txt
"Tenable Holdings, Inc.",0001660280,10-K,2019-03-01,edgar/data/1660280/0001660280-19-000012.txt
Verrica Pharmaceuticals Inc.,0001660334,10-K,2019-03-07,edgar/data/1660334/0001564590-19-006800.txt
Triton International Ltd,0001660734,10-K,2019-02-19,edgar/data/1660734/0001660734-19-000006.txt
Phoenix Apps Inc.,0001660839,10-K,2019-03-19,edgar/data/1660839/0001640334-19-000401.txt
"Hancock Jaffe Laboratories, Inc.",0001661053,10-K,2019-03-14,edgar/data/1661053/0001493152-19-003283.txt
CSAIL 2016-C5 Commercial Mortgage Trust,0001661136,10-K,2019-03-21,edgar/data/1661136/0001056404-19-002284.txt
Organogenesis Holdings Inc.,0001661181,10-K,2019-03-18,edgar/data/1661181/0001193125-19-078332.txt
"Hancock Park Corporate Income, Inc.",0001661306,10-K,2019-03-29,edgar/data/1661306/0001661306-19-000027.txt
"Highlands REIT, Inc.",0001661458,10-K,2019-03-22,edgar/data/1661458/0001661458-19-000019.txt
CFCRE 2016-C3 Mortgage Trust,0001661589,10-K,2019-03-25,edgar/data/1661589/0001056404-19-002624.txt
SEEDO CORP.,0001661600,10-K,2019-01-15,edgar/data/1661600/0001178913-19-000101.txt
Lonestar Resources US Inc.,0001661920,10-K,2019-03-13,edgar/data/1661920/0001661920-19-000024.txt
"Homology Medicines, Inc.",0001661998,10-K,2019-03-12,edgar/data/1661998/0001564590-19-007250.txt
Tiberius Acquisition Corp,0001662253,10-K,2019-03-26,edgar/data/1662253/0001140361-19-005564.txt
"AKCEA THERAPEUTICS, INC.",0001662524,10-K,2019-03-01,edgar/data/1662524/0001564590-19-005745.txt
"KULR Technology Group, Inc.",0001662684,10-K,2019-03-29,edgar/data/1662684/0001144204-19-017012.txt
Wells Fargo Commercial Mortgage Trust 2016-NXS5,0001662784,10-K,2019-03-25,edgar/data/1662784/0001056404-19-002570.txt
"Blackstone Real Estate Income Trust, Inc.",0001662972,10-K,2019-03-15,edgar/data/1662972/0001564590-19-008057.txt
Ford Credit Auto Owner Trust 2016-A,0001663129,10-K,2019-03-25,edgar/data/1663129/0001663129-19-000008.txt
AmeriCredit Automobile Receivables Trust 2016-1,0001663133,10-K,2019-03-22,edgar/data/1663133/0001615774-19-004386.txt
COMM 2016-CCRE28 Mortgage Trust,0001663239,10-K,2019-03-19,edgar/data/1663239/0001056404-19-002141.txt
Wells Fargo Commercial Mortgage Trust 2016-C32,0001663240,10-K,2019-03-22,edgar/data/1663240/0001056404-19-002497.txt
COMM 2016-DC2 Mortgage Trust,0001663244,10-K,2019-03-22,edgar/data/1663244/0001020242-19-000076.txt
CITIGROUP COMMERCIAL MORTGAGE TRUST 2016-GC36,0001663645,10-K,2019-03-28,edgar/data/1663645/0001056404-19-002881.txt
"Hemp Naturals, Inc.",0001664038,10-K,2019-03-15,edgar/data/1664038/0001663577-19-000110.txt
"ALTITUDE INTERNATIONAL, INC",0001664127,10-K,2019-03-29,edgar/data/1664127/0001185185-19-000455.txt
Morgan Stanley Capital I Trust 2016-UBS9,0001664682,10-K,2019-03-29,edgar/data/1664682/0001056404-19-003261.txt
Bloom Energy Corp,0001664703,10-K,2019-03-22,edgar/data/1664703/0001664703-19-000008.txt
MBC FUNDING II CORP.,0001664740,10-K,2019-03-18,edgar/data/1664740/0001493152-19-003520.txt
"RODIN INCOME TRUST, INC.",0001664780,10-K,2019-03-29,edgar/data/1664780/0001564590-19-010045.txt
Morgan Stanley Bank of America Merrill Lynch Trust 2016-C28,0001665081,10-K,2019-03-21,edgar/data/1665081/0001056404-19-002289.txt
"Phunware, Inc.",0001665300,10-K,2019-03-06,edgar/data/1665300/0001213900-19-003625.txt
"Phunware, Inc.",0001665300,10-K,2019-03-20,edgar/data/1665300/0001213900-19-004502.txt
High Desert Holding Corp.,0001665421,10-K,2019-03-21,edgar/data/1665421/0001683168-19-000747.txt
Santander Drive Auto Receivables Trust 2016-1,0001665448,10-K,2019-03-29,edgar/data/1665448/0001193125-19-091448.txt
CNH Equipment Trust 2016-A,0001665497,10-K,2019-03-25,edgar/data/1665497/0001104659-19-017173.txt
US Foods Holding Corp.,0001665918,10-K,2019-02-14,edgar/data/1665918/0001665918-19-000012.txt
"Cardlytics, Inc.",0001666071,10-K,2019-03-05,edgar/data/1666071/0001666071-19-000017.txt
"BLACKLINE, INC.",0001666134,10-K,2019-02-28,edgar/data/1666134/0001564590-19-005462.txt
JPMBB Commercial Mortgage Securities Trust 2016-C1,0001666156,10-K,2019-03-21,edgar/data/1666156/0001056404-19-002315.txt
Toyota Auto Receivables 2016-A Owner Trust,0001666176,10-K,2019-03-21,edgar/data/1666176/0000929638-19-000389.txt
"RODIN GLOBAL PROPERTY TRUST, INC.",0001666244,10-K,2019-03-27,edgar/data/1666244/0001564590-19-009556.txt
DowDuPont Inc.,0001666700,10-K,2019-02-11,edgar/data/1666700/0001666700-19-000006.txt
John Deere Owner Trust 2016,0001666926,10-K,2019-01-25,edgar/data/1666926/0001104659-19-003333.txt
Ally Auto Receivables Trust 2016-2,0001666947,10-K,2019-03-25,edgar/data/1666947/0001666947-19-000007.txt
"Randolph Bancorp, Inc.",0001667161,10-K,2019-03-14,edgar/data/1667161/0001564590-19-007864.txt
California Republic Auto Receivables Trust 2016-1,0001667270,10-K,2019-03-26,edgar/data/1667270/0001193125-19-086680.txt
Liberated Syndication Inc.,0001667489,10-K,2019-03-14,edgar/data/1667489/0001654954-19-002740.txt
"Forty Seven, Inc.",0001667633,10-K,2019-03-28,edgar/data/1667633/0001564590-19-009879.txt
"Best Hometown Bancorp, Inc.",0001667840,10-K,2019-03-28,edgar/data/1667840/0001144204-19-016715.txt
"FSB Bancorp, Inc.",0001667939,10-K,2019-03-27,edgar/data/1667939/0001144204-19-016290.txt
"WCF Bancorp, Inc.",0001667944,10-K,2019-03-29,edgar/data/1667944/0001628280-19-003662.txt
Talend SA,0001668105,10-K,2019-02-28,edgar/data/1668105/0001668105-19-000005.txt
Capital Auto Receivables Asset Trust 2016-1,0001668186,10-K,2019-03-25,edgar/data/1668186/0001668186-19-000007.txt
"HarborOne Bancorp, Inc.",0001668224,10-K,2019-03-11,edgar/data/1668224/0001558370-19-001744.txt
UroGen Pharma Ltd.,0001668243,10-K,2019-02-28,edgar/data/1668243/0001564590-19-005323.txt
"Bancorp 34, Inc.",0001668340,10-K,2019-02-19,edgar/data/1668340/0001437749-19-002871.txt
"Toughbuilt Industries, Inc",0001668370,10-K,2019-03-29,edgar/data/1668370/0001493152-19-004250.txt
"Medpace Holdings, Inc.",0001668397,10-K,2019-02-26,edgar/data/1668397/0001564590-19-004451.txt
FGL Holdings,0001668428,10-K,2019-03-01,edgar/data/1668428/0001668428-19-000032.txt
GSG GROUP INC.,0001668523,10-K,2019-02-27,edgar/data/1668523/0001640334-19-000327.txt
Hyundai Auto Receivables Trust 2016-A,0001668589,10-K,2019-03-20,edgar/data/1668589/0001144204-19-015068.txt
"PetIQ, Inc.",0001668673,10-K,2019-03-12,edgar/data/1668673/0001558370-19-001855.txt
DBJPM 2016-C1 Mortgage Trust,0001668738,10-K,2019-03-20,edgar/data/1668738/0001056404-19-002254.txt
World Omni Auto Receivables Trust 2016-A,0001668761,10-K,2019-03-27,edgar/data/1668761/0001144204-19-016123.txt
AmeriCredit Automobile Receivables Trust 2016-2,0001668788,10-K,2019-03-22,edgar/data/1668788/0001615774-19-004384.txt
Wells Fargo Commercial Mortgage Trust 2016-C33,0001668931,10-K,2019-03-25,edgar/data/1668931/0001056404-19-002514.txt
"Kinsale Capital Group, Inc.",0001669162,10-K,2019-02-28,edgar/data/1669162/0001669162-19-000005.txt
"Duke Energy Florida Project Finance, LLC",0001669374,10-K,2019-03-26,edgar/data/1669374/0001669374-19-000006.txt
Citigroup Commercial Mortgage Trust 2016-P3,0001669393,10-K,2019-03-28,edgar/data/1669393/0001193125-19-090180.txt
"Liberty Expedia Holdings, Inc.",0001669600,10-K,2019-02-08,edgar/data/1669600/0001558370-19-000513.txt
"Camping World Holdings, Inc.",0001669779,10-K,2019-03-15,edgar/data/1669779/0001558370-19-002047.txt
"Donnelley Financial Solutions, Inc.",0001669811,10-K,2019-02-27,edgar/data/1669811/0001564590-19-004946.txt
"LSC Communications, Inc.",0001669812,10-K,2019-02-19,edgar/data/1669812/0001564590-19-003292.txt
Morgan Stanley Bank of America Merrill Lynch Trust 2016-C29,0001669990,10-K,2019-03-29,edgar/data/1669990/0001056404-19-003251.txt
"U.S. WELL SERVICES, INC.",0001670349,10-K,2019-03-14,edgar/data/1670349/0001564590-19-007769.txt
"YETI Holdings, Inc.",0001670592,10-K,2019-03-20,edgar/data/1670592/0001558370-19-002297.txt
Citigroup Commercial Mortgage Trust 2016-GC37,0001670601,10-K,2019-03-29,edgar/data/1670601/0001193125-19-092462.txt
Cardtronics plc,0001671013,10-K,2019-02-28,edgar/data/1671013/0001558370-19-001351.txt
CFCRE 2016-C4 Mortgage Trust,0001671048,10-K,2019-03-27,edgar/data/1671048/0001019965-19-000102.txt
Ford Credit Auto Owner Trust 2016-B,0001671299,10-K,2019-03-25,edgar/data/1671299/0001671299-19-000008.txt
JPMDB Commercial Mortgage Securities Trust 2016-C2,0001671520,10-K,2019-03-22,edgar/data/1671520/0001056404-19-002498.txt
Aptevo Therapeutics Inc.,0001671584,10-K,2019-03-18,edgar/data/1671584/0001564590-19-008184.txt
USCF Funds Trust,0001671686,10-K,2019-03-26,edgar/data/1671686/0001144204-19-015977.txt
Toyota Auto Receivables 2016-B Owner Trust,0001671697,10-K,2019-03-21,edgar/data/1671697/0000929638-19-000390.txt
GS Mortgage Securities Trust 2016-GS2,0001671740,10-K,2019-03-25,edgar/data/1671740/0001056404-19-002685.txt
"Trade Desk, Inc.",0001671933,10-K,2019-02-22,edgar/data/1671933/0001564590-19-003906.txt
Acushnet Holdings Corp.,0001672013,10-K,2019-02-28,edgar/data/1672013/0001672013-19-000009.txt
Wells Fargo Commercial Mortgage Trust 2016-C34,0001672587,10-K,2019-03-25,edgar/data/1672587/0001056404-19-002523.txt
CSAIL 2016-C6 Commercial Mortgage Trust,0001672609,10-K,2019-03-22,edgar/data/1672609/0001056404-19-002487.txt
Santander Drive Auto Receivables Trust 2016-2,0001672712,10-K,2019-03-29,edgar/data/1672712/0001193125-19-091455.txt
Rich Uncles Real Estate Investment Trust I,0001672754,10-K,2019-03-27,edgar/data/1672754/0001672754-19-000019.txt
"SQN Asset Income Fund V, L.P.",0001672773,10-K,2019-03-28,edgar/data/1672773/0001493152-19-004117.txt
Diverse Development Group Inc.,0001672897,10-K,2019-03-20,edgar/data/1672897/0001477932-19-001077.txt
Canterbury Park Holding Corp,0001672909,10-K,2019-03-29,edgar/data/1672909/0001672909-19-000006.txt
Citigroup Commercial Mortgage Trust 2016-C1,0001673255,10-K,2019-03-28,edgar/data/1673255/0001193125-19-090186.txt
"Yum China Holdings, Inc.",0001673358,10-K,2019-02-27,edgar/data/1673358/0001564590-19-004944.txt
Trident Acquisitions Corp.,0001673481,10-K,2019-03-27,edgar/data/1673481/0001615774-19-004584.txt
Bank of America Merrill Lynch Commercial Mortgage Trust 2016-UBS10,0001673542,10-K,2019-03-25,edgar/data/1673542/0001056404-19-002620.txt
Ally Auto Receivables Trust 2016-3,0001673813,10-K,2019-03-25,edgar/data/1673813/0001673813-19-000007.txt
AdvanSix Inc.,0001673985,10-K,2019-02-22,edgar/data/1673985/0001673985-19-000010.txt
GS Acquisition Holdings Corp,0001674101,10-K,2019-03-13,edgar/data/1674101/0001193125-19-072362.txt
Hilton Grand Vacations Inc.,0001674168,10-K,2019-02-28,edgar/data/1674168/0001564590-19-005480.txt
CNH Equipment Trust 2016-B,0001674242,10-K,2019-03-25,edgar/data/1674242/0001104659-19-017180.txt
"JELD-WEN Holding, Inc.",0001674335,10-K,2019-03-01,edgar/data/1674335/0001674335-19-000023.txt
Aptinyx Inc.,0001674365,10-K,2019-03-21,edgar/data/1674365/0001558370-19-002351.txt
CRISPR Therapeutics AG,0001674416,10-K,2019-02-25,edgar/data/1674416/0001564590-19-004115.txt
Goldman Sachs Private Middle Market Credit LLC,0001674760,10-K,2019-02-28,edgar/data/1674760/0001193125-19-057998.txt
"Fulgent Genetics, Inc.",0001674930,10-K,2019-03-22,edgar/data/1674930/0001564590-19-008991.txt
Great Elm Capital Corp.,0001675033,10-K,2019-03-13,edgar/data/1675033/0001564590-19-007451.txt
Alcoa Corp,0001675149,10-K,2019-02-26,edgar/data/1675149/0001564590-19-004171.txt
California Republic Auto Receivables Trust 2016-2,0001675171,10-K,2019-03-26,edgar/data/1675171/0001193125-19-086702.txt
Ottawa Bancorp Inc,0001675192,10-K,2019-03-28,edgar/data/1675192/0001437749-19-005887.txt
"FVCBankcorp, Inc.",0001675644,10-K,2019-03-29,edgar/data/1675644/0001047469-19-001766.txt
TiVo Corp,0001675820,10-K,2019-02-26,edgar/data/1675820/0001675820-19-000006.txt
Harley-Davidson Motorcycle Trust 2016-A,0001675887,10-K,2019-03-25,edgar/data/1675887/0001628280-19-003316.txt
SG Commercial Mortgage Securities Trust 2016-C5,0001675928,10-K,2019-03-25,edgar/data/1675928/0001056404-19-002618.txt
"CapStar Financial Holdings, Inc.",0001676479,10-K,2019-03-15,edgar/data/1676479/0001564590-19-008063.txt
H/Cell Energy Corp,0001676580,10-K,2019-03-26,edgar/data/1676580/0001493152-19-003939.txt
"Carolina Trust BancShares, Inc.",0001676667,10-K,2019-03-28,edgar/data/1676667/0001140361-19-005767.txt
Wells Fargo Commercial Mortgage Trust 2016-C35,0001676734,10-K,2019-03-25,edgar/data/1676734/0001056404-19-002577.txt
DBJPM 2016-C3 Mortgage Trust,0001677390,10-K,2019-03-19,edgar/data/1677390/0001056404-19-002159.txt
INNOVATIVE INDUSTRIAL PROPERTIES INC,0001677576,10-K,2019-03-14,edgar/data/1677576/0001144204-19-013981.txt
CONDUENT Inc,0001677703,10-K,2019-02-28,edgar/data/1677703/0001677703-19-000007.txt
CITIGROUP COMMERCIAL MORTGAGE TRUST 2016-P4,0001677913,10-K,2019-03-28,edgar/data/1677913/0001193125-19-090194.txt
JPMCC Commercial Mortgage Securities Trust 2016-JP2,0001678038,10-K,2019-03-25,edgar/data/1678038/0001056404-19-002506.txt
World Omni Automobile Lease Securitization Trust 2016-A,0001678361,10-K,2019-03-27,edgar/data/1678361/0001144204-19-016162.txt
AmeriCredit Automobile Receivables Trust 2016-3,0001678407,10-K,2019-03-22,edgar/data/1678407/0001615774-19-004392.txt
"Forterra, Inc.",0001678463,10-K,2019-03-12,edgar/data/1678463/0001678463-19-000017.txt
BMW Vehicle Owner Trust 2016-A,0001678487,10-K,2019-03-28,edgar/data/1678487/0000929638-19-000431.txt
Capital Auto Receivables Asset Trust 2016-2,0001678617,10-K,2019-03-25,edgar/data/1678617/0001678617-19-000007.txt
John Deere Owner Trust 2016-B,0001678618,10-K,2019-01-25,edgar/data/1678618/0001104659-19-003334.txt
Morgan Stanley Capital I Trust 2016-UBS11,0001678740,10-K,2019-03-29,edgar/data/1678740/0001056404-19-003258.txt
BITMIS CORP.,0001678848,10-K,2019-01-29,edgar/data/1678848/0001678848-19-000002.txt
"International Seaways, Inc.",0001679049,10-K,2019-03-12,edgar/data/1679049/0001144204-19-013398.txt
"MAMMOTH ENERGY SERVICES, INC.",0001679268,10-K,2019-03-18,edgar/data/1679268/0001679268-19-000008.txt
CD 2016-CD1 Mortgage Trust,0001679327,10-K,2019-03-19,edgar/data/1679327/0001056404-19-002151.txt
Wells Fargo Commercial Mortgage Trust 2016-BNK1,0001679420,10-K,2019-03-25,edgar/data/1679420/0001056404-19-002616.txt
Toyota Auto Receivables 2016-C Owner Trust,0001679597,10-K,2019-03-21,edgar/data/1679597/0000929638-19-000391.txt
"Colony Capital, Inc.",0001679688,10-K,2019-03-01,edgar/data/1679688/0001679688-19-000015.txt
Ally Auto Receivables Trust 2017-1,0001679731,10-K,2019-03-25,edgar/data/1679731/0001679731-19-000014.txt
"MUSTANG BIO, INC.",0001680048,10-K,2019-03-18,edgar/data/1680048/0001144204-19-014624.txt
"ACM Research, Inc.",0001680062,10-K,2019-03-14,edgar/data/1680062/0001654954-19-002737.txt
"Strategic Storage Trust IV, Inc.",0001680232,10-K,2019-03-21,edgar/data/1680232/0001564590-19-008694.txt
ProPetro Holding Corp.,0001680247,10-K,2019-03-01,edgar/data/1680247/0001680247-19-000016.txt
"SenesTech, Inc.",0001680378,10-K,2019-03-29,edgar/data/1680378/0001615774-19-004827.txt
"Sterling Bancorp, Inc.",0001680379,10-K,2019-03-18,edgar/data/1680379/0001047469-19-001377.txt
CITIGROUP COMMERCIAL MORTGAGE TRUST 2016-C2,0001681031,10-K,2019-03-28,edgar/data/1681031/0001193125-19-090135.txt
"AVROBIO, Inc.",0001681087,10-K,2019-03-25,edgar/data/1681087/0001193125-19-085321.txt
Urban Edge Properties LP,0001681169,10-K,2019-02-13,edgar/data/1681169/0001611547-19-000007.txt
"NI Holdings, Inc.",0001681206,10-K,2019-03-13,edgar/data/1681206/0001174947-19-000367.txt
TechnipFMC plc,0001681459,10-K,2019-03-11,edgar/data/1681459/0001681459-19-000011.txt
ENDRA Life Sciences Inc.,0001681682,10-K,2019-03-11,edgar/data/1681682/0001654954-19-002560.txt
"Brazos Valley Longhorn, L.L.C.",0001681714,10-K,2019-03-04,edgar/data/1681714/0001558370-19-001478.txt
Morgan Stanley Bank of America Merrill Lynch Trust 2016-C30,0001681906,10-K,2019-03-29,edgar/data/1681906/0001056404-19-003260.txt
Santander Drive Auto Receivables Trust 2016-3,0001682130,10-K,2019-03-29,edgar/data/1682130/0001193125-19-091461.txt
"Summit Wireless Technologies, Inc.",0001682149,10-K,2019-03-29,edgar/data/1682149/0001144204-19-016754.txt
Sachem Capital Corp.,0001682220,10-K,2019-03-29,edgar/data/1682220/0001144204-19-017051.txt
GTY Technology Holdings Inc.,0001682325,10-K,2019-03-18,edgar/data/1682325/0001144204-19-014652.txt
GS Mortgage Securities Trust 2016-GS3,0001682405,10-K,2019-03-25,edgar/data/1682405/0001056404-19-002674.txt
GM Financial Automobile Leasing Trust 2016-3,0001682481,10-K,2019-03-22,edgar/data/1682481/0001615774-19-004347.txt
Mercedes-Benz Auto Receivables Trust 2016-1,0001682524,10-K,2019-03-28,edgar/data/1682524/0001019965-19-000115.txt
World Omni Auto Receivables Trust 2016-B,0001682563,10-K,2019-03-27,edgar/data/1682563/0001144204-19-016125.txt
"EYENOVIA, INC.",0001682639,10-K,2019-03-27,edgar/data/1682639/0001144204-19-016350.txt
VERRA MOBILITY Corp,0001682745,10-K,2019-03-18,edgar/data/1682745/0001564590-19-008329.txt
"Moderna, Inc.",0001682852,10-K,2019-03-13,edgar/data/1682852/0001682852-19-000009.txt
Wells Fargo Commercial Mortgage Trust 2016-LC24,0001682860,10-K,2019-03-25,edgar/data/1682860/0001056404-19-002696.txt
Hyundai Auto Receivables Trust 2016-B,0001682868,10-K,2019-03-20,edgar/data/1682868/0001144204-19-015071.txt
Capital Auto Receivables Asset Trust 2016-3,0001683001,10-K,2019-03-25,edgar/data/1683001/0001683001-19-000007.txt
Goldman Sachs Middle Market Lending Corp.,0001683074,10-K,2019-03-01,edgar/data/1683074/0001193125-19-060316.txt
USAA Auto Owner Trust 2016-1,0001683170,10-K,2019-03-28,edgar/data/1683170/0001193125-19-089605.txt
TOKEN COMMUNITIES LTD.,0001683252,10-K,2019-03-07,edgar/data/1683252/0001683252-19-000007.txt
JPMCC Commercial Mortgage Securities Trust 2016-JP3,0001683300,10-K,2019-03-26,edgar/data/1683300/0001056404-19-002725.txt
BMW Vehicle Lease Trust 2016-2,0001683413,10-K,2019-03-28,edgar/data/1683413/0000929638-19-000427.txt
Toyota Auto Receivables 2016-D Owner Trust,0001683414,10-K,2019-03-21,edgar/data/1683414/0000929638-19-000393.txt
CNH Equipment Trust 2016-C,0001683486,10-K,2019-03-25,edgar/data/1683486/0001104659-19-017171.txt
Wells Fargo Commercial Mortgage Trust 2016-NXS6,0001683489,10-K,2019-03-25,edgar/data/1683489/0001056404-19-002548.txt
Ford Credit Auto Owner Trust 2016-C,0001683597,10-K,2019-03-25,edgar/data/1683597/0001683597-19-000008.txt
Cars.com Inc.,0001683606,10-K,2019-02-28,edgar/data/1683606/0001564590-19-005502.txt
"International Money Express, Inc.",0001683695,10-K,2019-03-22,edgar/data/1683695/0001140361-19-005471.txt
CITIGROUP COMMERCIAL MORTGAGE TRUST 2016-P5,0001684093,10-K,2019-03-28,edgar/data/1684093/0001193125-19-090139.txt
Zomedica Pharmaceuticals Corp.,0001684144,10-K,2019-02-26,edgar/data/1684144/0001171843-19-001229.txt
Folkup Development Inc.,0001684506,10-K,2019-02-05,edgar/data/1684506/0001684506-19-000002.txt
"CNL Strategic Capital, LLC",0001684682,10-K,2019-03-19,edgar/data/1684682/0001684682-19-000005.txt
AmeriCredit Automobile Receivables Trust 2016-4,0001685022,10-K,2019-03-22,edgar/data/1685022/0001615774-19-004390.txt
"Brighthouse Financial, Inc.",0001685040,10-K,2019-02-26,edgar/data/1685040/0001685040-19-000009.txt
CD 2016-CD2 Mortgage Trust,0001685054,10-K,2019-03-26,edgar/data/1685054/0001056404-19-002718.txt
Dova Pharmaceuticals Inc.,0001685071,10-K,2019-03-05,edgar/data/1685071/0001685071-19-000008.txt
COMM 2016-COR1 Mortgage Trust,0001685212,10-K,2019-03-20,edgar/data/1685212/0001056404-19-002178.txt
Jagged Peak Energy Inc.,0001685715,10-K,2019-02-28,edgar/data/1685715/0001685715-19-000005.txt
CFCRE 2016-C6 Mortgage Trust,0001685854,10-K,2019-03-21,edgar/data/1685854/0001056404-19-002264.txt
Wells Fargo Commercial Mortgage Trust 2016-C36,0001686150,10-K,2019-03-25,edgar/data/1686150/0001056404-19-002592.txt
"Motus GI Holdings, Inc.",0001686850,10-K,2019-03-26,edgar/data/1686850/0001615774-19-004560.txt
Morgan Stanley Bank of America Merrill Lynch Trust 2016-C31,0001687031,10-K,2019-03-21,edgar/data/1687031/0001056404-19-002270.txt
"China WuYi Mountain, Ltd.",0001687065,10-K,2019-01-18,edgar/data/1687065/0001079974-19-000022.txt
"Ramaco Resources, Inc.",0001687187,10-K,2019-03-19,edgar/data/1687187/0001437749-19-005299.txt
JPMDB Commercial Mortgage Securities Trust 2016-C4,0001687202,10-K,2019-03-21,edgar/data/1687202/0001056404-19-002314.txt
Invitation Homes Inc.,0001687229,10-K,2019-02-28,edgar/data/1687229/0001687229-19-000014.txt
Morgan Stanley Capital I Trust 2016-BNK2,0001687374,10-K,2019-03-29,edgar/data/1687374/0001056404-19-003272.txt
CANADIAN PACIFIC RAILWAY LTD/CN,0000016875,10-K,2019-02-15,edgar/data/16875/0000016875-19-000017.txt
CITIGROUP COMMERCIAL MORTGAGE TRUST 2016-C3,0001687605,10-K,2019-03-28,edgar/data/1687605/0001193125-19-090192.txt
FORGE INNOVATION DEVELOPMENT CORP.,0001687919,10-K,2019-03-26,edgar/data/1687919/0001213900-19-004853.txt
GS Mortgage Securities Trust 2016-GS4,0001687955,10-K,2019-03-25,edgar/data/1687955/0001056404-19-002695.txt
"Phillips Edison Grocery Center REIT III, Inc.",0001688016,10-K,2019-03-15,edgar/data/1688016/0001688016-19-000014.txt
CSAIL 2016-C7 Commercial Mortgage Trust,0001688149,10-K,2019-03-25,edgar/data/1688149/0001056404-19-002627.txt
Huntington Auto Trust 2016-1,0001688281,10-K,2019-03-14,edgar/data/1688281/0001688281-19-000006.txt
Wells Fargo Commercial Mortgage Trust 2016-LC25,0001688451,10-K,2019-03-26,edgar/data/1688451/0001056404-19-002735.txt
"Keane Group, Inc.",0001688476,10-K,2019-02-27,edgar/data/1688476/0001688476-19-000005.txt
ESTABLISHMENT LABS HOLDINGS INC.,0001688757,10-K,2019-03-20,edgar/data/1688757/0001688757-19-000013.txt
"Safety, Income & Growth, Inc.",0001688852,10-K,2019-02-14,edgar/data/1688852/0001688852-19-000007.txt
"Foundation Building Materials, Inc.",0001688941,10-K,2019-02-27,edgar/data/1688941/0001628280-19-002020.txt
Wells Fargo Commercial Mortgage Trust 2016-C37,0001688957,10-K,2019-03-26,edgar/data/1688957/0001056404-19-002723.txt
Sunset Island Group,0001689066,10-K,2019-03-25,edgar/data/1689066/0001477932-19-001148.txt
Qrons Inc.,0001689084,10-K,2019-03-25,edgar/data/1689084/0001731122-19-000136.txt
JPMCC Commercial Mortgage Securities Trust 2016-JP4,0001689111,10-K,2019-03-25,edgar/data/1689111/0001056404-19-002540.txt
Morgan Stanley Capital I Trust 2016-UBS12,0001689417,10-K,2019-03-29,edgar/data/1689417/0001056404-19-003274.txt
JBG SMITH Properties,0001689796,10-K,2019-02-26,edgar/data/1689796/0001689796-19-000004.txt
Biohaven Pharmaceutical Holding Co Ltd.,0001689813,10-K,2019-02-28,edgar/data/1689813/0001689813-19-000014.txt
"Alteryx, Inc.",0001689923,10-K,2019-03-01,edgar/data/1689923/0001689923-19-000006.txt
"InPoint Commercial Real Estate Income, Inc.",0001690012,10-K,2019-03-12,edgar/data/1690012/0001564590-19-007320.txt
CFCRE 2016-C7 Mortgage Trust,0001690110,10-K,2019-03-21,edgar/data/1690110/0001056404-19-002347.txt
CITIGROUP COMMERCIAL MORTGAGE TRUST 2016-P6,0001690255,10-K,2019-03-28,edgar/data/1690255/0001193125-19-090142.txt
SEACOR Marine Holdings Inc.,0001690334,10-K,2019-03-12,edgar/data/1690334/0001437749-19-004584.txt
"FS Credit Real Estate Income Trust, Inc.",0001690536,10-K,2019-03-21,edgar/data/1690536/0001193125-19-082139.txt
Morgan Stanley Bank of America Merrill Lynch Trust 2016-C32,0001690577,10-K,2019-03-21,edgar/data/1690577/0001056404-19-002294.txt
"Magenta Therapeutics, Inc.",0001690585,10-K,2019-03-19,edgar/data/1690585/0001193125-19-078948.txt
Xperi Corp,0001690666,10-K,2019-02-20,edgar/data/1690666/0001564590-19-003460.txt
"NEWMARK GROUP, INC.",0001690680,10-K,2019-03-15,edgar/data/1690680/0001564590-19-008054.txt
CARVANA CO.,0001690820,10-K,2019-02-27,edgar/data/1690820/0001690820-19-000024.txt
"ASV HOLDINGS, INC.",0001690881,10-K,2019-03-29,edgar/data/1690881/0001564590-19-010131.txt
CSMC 2016-NXSR Commercial Mortgage Trust,0001691198,10-K,2019-03-21,edgar/data/1691198/0001056404-19-002353.txt
MGM Growth Properties Operating Partnership LP,0001691299,10-K,2019-02-27,edgar/data/1691299/0001628280-19-002106.txt
"WARRIOR MET COAL, INC.",0001691303,10-K,2019-02-21,edgar/data/1691303/0001691303-19-000007.txt
Andina Acquisition Corp. III,0001691936,10-K,2019-03-27,edgar/data/1691936/0001493152-19-004007.txt
"Schneider National, Inc.",0001692063,10-K,2019-02-26,edgar/data/1692063/0001692063-19-000043.txt
"Southwest Gas Holdings, Inc.",0001692115,10-K,2019-02-28,edgar/data/1692115/0001692115-19-000013.txt
Life Partners Position Holder Trust,0001692144,10-K,2019-03-12,edgar/data/1692144/0001654954-19-002570.txt
Ford Credit Auto Owner Trust 2017-A,0001692310,10-K,2019-03-25,edgar/data/1692310/0001692310-19-000016.txt
"PROCACCIANTI HOTEL REIT, INC.",0001692345,10-K,2019-03-25,edgar/data/1692345/0001144204-19-015655.txt
Playa Hotels & Resorts N.V.,0001692412,10-K,2019-02-28,edgar/data/1692412/0001692412-19-000010.txt
"NCS Multistage Holdings, Inc.",0001692427,10-K,2019-03-08,edgar/data/1692427/0001692427-19-000012.txt
Altus Midstream Co,0001692787,10-K,2019-03-01,edgar/data/1692787/0001673379-19-000012.txt
Vistra Energy Corp.,0001692819,10-K,2019-02-28,edgar/data/1692819/0001692819-19-000005.txt
"Cottonwood Communities, Inc.",0001692951,10-K,2019-03-29,edgar/data/1692951/0001692951-19-000005.txt
Aura Energy Inc.,0001692981,10-K,2019-02-11,edgar/data/1692981/0001692981-19-000007.txt
"Select Energy Services, Inc.",0001693256,10-K,2019-03-01,edgar/data/1693256/0001558370-19-001424.txt
"Corpus Christi Pipeline GP, LLC",0001693287,10-K,2019-02-26,edgar/data/1693287/0001693317-19-000002.txt
"Cheniere Corpus Christi Pipeline, L.P.",0001693288,10-K,2019-02-26,edgar/data/1693288/0001693317-19-000002.txt
"Corpus Christi Liquefaction, LLC",0001693307,10-K,2019-02-26,edgar/data/1693307/0001693317-19-000002.txt
"Cheniere Corpus Christi Holdings, LLC",0001693317,10-K,2019-02-26,edgar/data/1693317/0001693317-19-000002.txt
CD 2017-CD3 Mortgage Trust,0001693368,10-K,2019-03-28,edgar/data/1693368/0001056404-19-002883.txt
"Translate Bio, Inc.",0001693415,10-K,2019-03-21,edgar/data/1693415/0001564590-19-008803.txt
AllyMe Holding Inc.,0001693687,10-K,2019-03-28,edgar/data/1693687/0001493152-19-004063.txt
GS Mortgage Securities Trust 2017-GS5,0001693737,10-K,2019-03-25,edgar/data/1693737/0001056404-19-002698.txt
"Luxxo, Inc.",0001693801,10-K,2019-01-15,edgar/data/1693801/0001599916-19-000007.txt
AmeriCredit Automobile Receivables Trust 2017-1,0001694010,10-K,2019-03-22,edgar/data/1694010/0001615774-19-004393.txt
Liberty Oilfield Services Inc.,0001694028,10-K,2019-02-28,edgar/data/1694028/0001694028-19-000015.txt
"Neon Therapeutics, Inc.",0001694187,10-K,2019-03-11,edgar/data/1694187/0001694187-19-000026.txt
California Republic Auto Receivables Trust 2017-1,0001694276,10-K,2019-03-26,edgar/data/1694276/0001193125-19-086717.txt
"Delek US Holdings, Inc.",0001694426,10-K,2019-03-01,edgar/data/1694426/0001694426-19-000021.txt
Bank of America Merrill Lynch Commercial Mortgage Trust 2017-BNK3,0001694649,10-K,2019-03-21,edgar/data/1694649/0001056404-19-002296.txt
"Evelo Biosciences, Inc.",0001694665,10-K,2019-02-15,edgar/data/1694665/0001694665-19-000013.txt
XPLOSION Inc,0001694688,10-K,2019-03-29,edgar/data/1694688/0001640334-19-000454.txt
Toyota Auto Receivables 2017-A Owner Trust,0001694919,10-K,2019-03-21,edgar/data/1694919/0000929638-19-000394.txt
BMW Vehicle Lease Trust 2017-1,0001694920,10-K,2019-03-28,edgar/data/1694920/0000929638-19-000428.txt
JPMCC Commercial Mortgage Securities Trust 2017-JP5,0001695154,10-K,2019-03-25,edgar/data/1695154/0001056404-19-002556.txt
"Provention Bio, Inc.",0001695357,10-K,2019-03-19,edgar/data/1695357/0001493152-19-003588.txt
Wells Fargo Commercial Mortgage Trust 2017-RC1,0001695924,10-K,2019-03-21,edgar/data/1695924/0001056404-19-002375.txt
Korth Direct Mortgage LLC,0001695963,10-K,2019-03-28,edgar/data/1695963/0001214659-19-002329.txt
"ENERGY RESOURCES 12, L.P.",0001696088,10-K,2019-03-29,edgar/data/1696088/0001185185-19-000437.txt
BBCMS Mortgage Trust 2017-C1,0001696707,10-K,2019-03-20,edgar/data/1696707/0001056404-19-002167.txt
Santander Drive Auto Receivables Trust 2017-1,0001696935,10-K,2019-03-29,edgar/data/1696935/0001193125-19-091462.txt
GM Financial Automobile Leasing Trust 2017-1,0001696969,10-K,2019-03-22,edgar/data/1696969/0001615774-19-004356.txt
"Hiclasst, Inc.",0001697080,10-K,2019-02-22,edgar/data/1697080/0001477932-19-000636.txt
"Solaris Oilfield Infrastructure, Inc.",0001697500,10-K,2019-02-27,edgar/data/1697500/0001697500-19-000009.txt
Mikrocoze Inc.,0001697587,10-K,2019-02-28,edgar/data/1697587/0001477932-19-000726.txt
"QUANTUM BUSINESS STRATEGIES, INC.",0001697730,10-K,2019-02-20,edgar/data/1697730/0001477932-19-000585.txt
"QUANTUM BUSINESS STRATEGIES, INC.",0001697730,10-K,2019-02-27,edgar/data/1697730/0001477932-19-000690.txt
Bison Capital Acquisition Corp.,0001697805,10-K,2019-03-05,edgar/data/1697805/0001213900-19-003564.txt
"Stem Holdings, Inc.",0001697834,10-K,2019-01-14,edgar/data/1697834/0001493152-19-000622.txt
John Deere Owner Trust 2017,0001697873,10-K,2019-01-25,edgar/data/1697873/0001104659-19-003335.txt
"Farmers & Merchants Bancshares, Inc.",0001698022,10-K,2019-03-21,edgar/data/1698022/0001437749-19-005380.txt
Legacy Acquisition Corp.,0001698113,10-K,2019-03-15,edgar/data/1698113/0001213900-19-004265.txt
Vantage Energy Acquisition Corp.,0001698209,10-K,2019-03-18,edgar/data/1698209/0001213900-19-004374.txt
World Omni Automobile Lease Securitization Trust 2017-A,0001698529,10-K,2019-03-27,edgar/data/1698529/0001144204-19-016164.txt
"EXICURE, INC.",0001698530,10-K,2019-03-08,edgar/data/1698530/0001698530-19-000015.txt
BANK 2017-BNK4,0001698685,10-K,2019-03-21,edgar/data/1698685/0001056404-19-002377.txt
"WALL STREET ACQUISITIONS, Corp",0001698832,10-K,2019-01-22,edgar/data/1698832/0001698832-19-000002.txt
Ford Credit Auto Lease Trust 2017-A,0001698937,10-K,2019-03-26,edgar/data/1698937/0001698937-19-000016.txt
Magnolia Oil & Gas Corp,0001698990,10-K,2019-02-27,edgar/data/1698990/0001698990-19-000006.txt
TPG Pace Holdings Corp.,0001698991,10-K,2019-02-13,edgar/data/1698991/0001564590-19-002860.txt
"Eagle Financial Bancorp, Inc.",0001699018,10-K,2019-03-27,edgar/data/1699018/0001144204-19-016340.txt
"Ranger Energy Services, Inc.",0001699039,10-K,2019-03-06,edgar/data/1699039/0001699039-19-000012.txt
JPMDB Commercial Mortgage Securities Trust 2017-C5,0001699099,10-K,2019-03-25,edgar/data/1699099/0001056404-19-002569.txt
"Cactus, Inc.",0001699136,10-K,2019-03-15,edgar/data/1699136/0001558370-19-002063.txt
CNH Equipment Trust 2017-A,0001699147,10-K,2019-03-25,edgar/data/1699147/0001104659-19-017167.txt
"GARDNER DENVER HOLDINGS, INC.",0001699150,10-K,2019-02-27,edgar/data/1699150/0001140361-19-004014.txt
Hyundai Auto Receivables Trust 2017-A,0001699234,10-K,2019-03-20,edgar/data/1699234/0001144204-19-015074.txt
Wells Fargo Commercial Mortgage Trust 2017-RB1,0001699462,10-K,2019-03-21,edgar/data/1699462/0001056404-19-002368.txt
"Heritage NOLA Bancorp, Inc.",0001700175,10-K,2019-03-29,edgar/data/1700175/0001144204-19-016835.txt
Mercedes-Benz Auto Lease Trust 2017-A,0001700323,10-K,2019-03-28,edgar/data/1700323/0001019965-19-000111.txt
Ally Auto Receivables Trust 2017-2,0001700667,10-K,2019-03-25,edgar/data/1700667/0001700667-19-000015.txt
CITIGROUP COMMERCIAL MORTGAGE TRUST 2017-P7,0001700668,10-K,2019-03-29,edgar/data/1700668/0001193125-19-092337.txt
VADO CORP.,0001700849,10-K,2019-02-11,edgar/data/1700849/0001700849-19-000002.txt
CISION LTD.,0001701040,10-K,2019-03-01,edgar/data/1701040/0001144204-19-011638.txt
"WideOpenWest, Inc.",0001701051,10-K,2019-03-07,edgar/data/1701051/0001558370-19-001626.txt
"Spero Therapeutics, Inc.",0001701108,10-K,2019-03-14,edgar/data/1701108/0001564590-19-007805.txt
"Blue Apron Holdings, Inc.",0001701114,10-K,2019-02-25,edgar/data/1701114/0001558370-19-001009.txt
Baker Hughes a GE Co,0001701605,10-K,2019-02-19,edgar/data/1701605/0001701605-19-000021.txt
JPMCC Commercial Mortgage Securities Trust 2017-JP6,0001701638,10-K,2019-03-26,edgar/data/1701638/0001056404-19-002714.txt
Flat Rock Capital Corp.,0001701724,10-K,2019-03-14,edgar/data/1701724/0001213900-19-004065.txt
Altair Engineering Inc.,0001701732,10-K,2019-03-01,edgar/data/1701732/0001564590-19-005799.txt
"Muscle Maker, Inc.",0001701756,10-K,2019-02-27,edgar/data/1701756/0001493152-19-002667.txt
TGS International Ltd.,0001701859,10-K,2019-03-25,edgar/data/1701859/0001640334-19-000421.txt
World Omni Auto Receivables Trust 2017-A,0001702011,10-K,2019-03-27,edgar/data/1702011/0001144204-19-016133.txt
"AEP Transmission Company, LLC",0001702494,10-K,2019-02-21,edgar/data/1702494/0000004904-19-000009.txt
"TCG BDC II, Inc.",0001702510,10-K,2019-02-28,edgar/data/1702510/0001702510-19-000008.txt
CD 2017-CD4 Mortgage Trust,0001702745,10-K,2019-03-25,edgar/data/1702745/0001056404-19-002611.txt
Morgan Stanley Bank of America Merrill Lynch Trust 2017-C33,0001702746,10-K,2019-03-29,edgar/data/1702746/0001056404-19-003280.txt
"BYLINE BANCORP, INC.",0001702750,10-K,2019-03-15,edgar/data/1702750/0001564590-19-008059.txt
"Altice USA, Inc.",0001702780,10-K,2019-03-01,edgar/data/1702780/0001628280-19-002370.txt
"WRAP TECHNOLOGIES, INC.",0001702924,10-K,2019-03-07,edgar/data/1702924/0001654954-19-002417.txt
NRC GROUP HOLDINGS CORP.,0001703038,10-K,2019-03-25,edgar/data/1703038/0001213900-19-004715.txt
ADT Inc.,0001703056,10-K,2019-03-11,edgar/data/1703056/0001703056-19-000042.txt
CFCRE 2017-C8 Mortgage Trust,0001703075,10-K,2019-03-25,edgar/data/1703075/0001056404-19-002626.txt
"Securetech Innovations, Inc.",0001703157,10-K,2019-02-19,edgar/data/1703157/0001703157-19-000003.txt
"Spirit Realty, L.P.",0001703181,10-K,2019-02-21,edgar/data/1703181/0001308606-19-000035.txt
AmeriCredit Automobile Receivables Trust 2017-2,0001703220,10-K,2019-03-22,edgar/data/1703220/0001615774-19-004397.txt
PDL Community Bancorp,0001703489,10-K,2019-03-29,edgar/data/1703489/0001564590-19-010178.txt
"YogaWorks, Inc.",0001703497,10-K,2019-03-27,edgar/data/1703497/0001564590-19-009591.txt
Granite Point Mortgage Trust Inc.,0001703644,10-K,2019-02-27,edgar/data/1703644/0001703644-19-000033.txt
Falcon Minerals Corp,0001703785,10-K,2019-03-14,edgar/data/1703785/0001564590-19-007840.txt
Quintana Energy Services Inc.,0001704235,10-K,2019-03-08,edgar/data/1704235/0001704235-19-000033.txt
Toyota Auto Receivables 2017-B Owner Trust,0001704304,10-K,2019-03-21,edgar/data/1704304/0000929638-19-000386.txt
GM Financial Automobile Leasing Trust 2017-2,0001704323,10-K,2019-03-22,edgar/data/1704323/0001615774-19-004358.txt
GS Mortgage Securities Trust 2017-GS6,0001704459,10-K,2019-03-26,edgar/data/1704459/0001056404-19-002706.txt
"EVO Payments, Inc.",0001704596,10-K,2019-03-25,edgar/data/1704596/0001558370-19-002408.txt
"Funko, Inc.",0001704711,10-K,2019-03-06,edgar/data/1704711/0001564590-19-006351.txt
"Cannae Holdings, Inc.",0001704720,10-K,2019-03-18,edgar/data/1704720/0001704720-19-000012.txt
Ally Auto Receivables Trust 2017-3,0001705002,10-K,2019-03-25,edgar/data/1705002/0001705002-19-000017.txt
"Fat Brands, Inc",0001705012,10-K,2019-03-29,edgar/data/1705012/0001493152-19-004280.txt
ANGI Homeservices Inc.,0001705110,10-K,2019-03-01,edgar/data/1705110/0001705110-19-000002.txt
Morgan Stanley Capital I Trust 2017-H1,0001705163,10-K,2019-03-29,edgar/data/1705163/0001056404-19-003286.txt
"Life Partners IRA Holder Partnership, LLC",0001705222,10-K,2019-03-12,edgar/data/1705222/0001654954-19-002570.txt
Venator Materials PLC,0001705682,10-K,2019-02-20,edgar/data/1705682/0001705682-19-000005.txt
VICI PROPERTIES INC.,0001705696,10-K,2019-02-14,edgar/data/1705696/0001705696-19-000064.txt
Santander Drive Auto Receivables Trust 2017-2,0001705710,10-K,2019-03-29,edgar/data/1705710/0001193125-19-091470.txt
"Calyxt, Inc.",0001705843,10-K,2019-03-12,edgar/data/1705843/0001193125-19-071191.txt
Berry Petroleum Corp,0001705873,10-K,2019-03-08,edgar/data/1705873/0001705873-19-000016.txt
UBS Commercial Mortgage Trust 2017-C1,0001706060,10-K,2019-03-21,edgar/data/1706060/0001056404-19-002343.txt
BANK 2017-BNK5,0001706303,10-K,2019-03-29,edgar/data/1706303/0001056404-19-003269.txt
DBJPM 2017-C6 Mortgage Trust,0001706403,10-K,2019-03-20,edgar/data/1706403/0001056404-19-002195.txt
Cosmos Group Holdings Inc.,0001706509,10-K,2019-03-28,edgar/data/1706509/0001683168-19-000813.txt
Social Capital Hedosophia Holdings Corp.,0001706946,10-K,2019-03-18,edgar/data/1706946/0001144204-19-014644.txt
Delphi Technologies PLC,0001707092,10-K,2019-02-21,edgar/data/1707092/0001707092-19-000004.txt
CorePoint Lodging Inc.,0001707178,10-K,2019-03-22,edgar/data/1707178/0001564590-19-008848.txt
Haymaker Acquisition Corp.,0001707306,10-K,2019-03-06,edgar/data/1707306/0001213900-19-003630.txt
Solid Biosciences Inc.,0001707502,10-K,2019-03-13,edgar/data/1707502/0001564590-19-007462.txt
Wells Fargo Commercial Mortgage Trust 2017-C38,0001707817,10-K,2019-03-22,edgar/data/1707817/0001056404-19-002427.txt
LINDE PLC,0001707925,10-K,2019-03-18,edgar/data/1707925/0001628280-19-003050.txt
PQ Group Holdings Inc.,0001708035,10-K,2019-03-01,edgar/data/1708035/0001708035-19-000005.txt
Ribbon Communications Inc.,0001708055,10-K,2019-03-04,edgar/data/1708055/0001708055-19-000005.txt
CSAIL 2017-C8 Commercial Mortgage Trust,0001708131,10-K,2019-03-21,edgar/data/1708131/0001056404-19-002329.txt
Gordon Pointe Acquisition Corp.,0001708176,10-K,2019-03-18,edgar/data/1708176/0001213900-19-004393.txt
Ford Credit Auto Owner Trust 2017-B,0001708287,10-K,2019-03-25,edgar/data/1708287/0001708287-19-000016.txt
BP Midstream Partners LP,0001708301,10-K,2019-02-28,edgar/data/1708301/0001708301-19-000007.txt
Black Ridge Acquisition Corp.,0001708341,10-K,2019-03-18,edgar/data/1708341/0001683168-19-000700.txt
Tremont Mortgage Trust,0001708405,10-K,2019-02-08,edgar/data/1708405/0001708405-19-000011.txt
"Harpoon Therapeutics, Inc.",0001708493,10-K,2019-03-14,edgar/data/1708493/0001564590-19-007829.txt
Perth Mint Physical Gold ETF,0001708646,10-K,2019-03-15,edgar/data/1708646/0001615774-19-004110.txt
Drive Auto Receivables Trust 2017-1,0001708978,10-K,2019-03-29,edgar/data/1708978/0001193125-19-091411.txt
"FFBW, Inc.",0001709017,10-K,2019-03-28,edgar/data/1709017/0001437749-19-005834.txt
Hamilton Beach Brands Holding Co,0001709164,10-K,2019-03-06,edgar/data/1709164/0001709164-19-000004.txt
"Rubius Therapeutics, Inc.",0001709401,10-K,2019-03-28,edgar/data/1709401/0001558370-19-002516.txt
Aedan Financial Corp,0001709587,10-K,2019-03-20,edgar/data/1709587/0001213900-19-004553.txt
Capitol Investment Corp. IV,0001709682,10-K,2019-03-04,edgar/data/1709682/0001213900-19-003533.txt
Sentinel Energy Services Inc.,0001709768,10-K,2019-03-18,edgar/data/1709768/0001213900-19-004367.txt
JPMCC Commercial Mortgage Securities Trust 2017-JP7,0001709967,10-K,2019-03-21,edgar/data/1709967/0001056404-19-002310.txt
Toyota Auto Receivables 2017-C Owner Trust,0001709987,10-K,2019-03-21,edgar/data/1709987/0000929638-19-000392.txt
"National Vision Holdings, Inc.",0001710155,10-K,2019-02-27,edgar/data/1710155/0001710155-19-000016.txt
BANK 2017-BNK6,0001710261,10-K,2019-03-25,edgar/data/1710261/0001056404-19-002634.txt
World Omni Auto Receivables Trust 2017-B,0001710330,10-K,2019-03-27,edgar/data/1710330/0001144204-19-016151.txt
"Eton Pharmaceuticals, Inc.",0001710340,10-K,2019-03-25,edgar/data/1710340/0001493152-19-003817.txt
John Deere Owner Trust 2017-B,0001710358,10-K,2019-01-25,edgar/data/1710358/0001104659-19-003336.txt
CD 2017-CD5 MORTGAGE TRUST,0001710360,10-K,2019-03-29,edgar/data/1710360/0001193125-19-092334.txt
CONSOL Energy Inc.,0001710366,10-K,2019-02-08,edgar/data/1710366/0001710366-19-000005.txt
"Switch, Inc.",0001710583,10-K,2019-03-18,edgar/data/1710583/0001710583-19-000010.txt
AmeriCredit Automobile Receivables Trust 2017-3,0001710600,10-K,2019-03-22,edgar/data/1710600/0001615774-19-004400.txt
GS Mortgage Securities Trust 2017-GS7,0001710765,10-K,2019-03-26,edgar/data/1710765/0001056404-19-002707.txt
Wells Fargo Commercial Mortgage Trust 2017-C39,0001710798,10-K,2019-03-22,edgar/data/1710798/0001056404-19-002409.txt
Santander Drive Auto Receivables Trust 2017-3,0001710916,10-K,2019-03-29,edgar/data/1710916/0001193125-19-091474.txt
UBS Commercial Mortgage Trust 2017-C2,0001711142,10-K,2019-03-22,edgar/data/1711142/0001056404-19-002457.txt
"Evergy, Inc.",0001711269,10-K,2019-02-22,edgar/data/1711269/0001711269-19-000013.txt
CNH Equipment Trust 2017-B,0001711270,10-K,2019-03-25,edgar/data/1711270/0001104659-19-017168.txt
"Krystal Biotech, Inc.",0001711279,10-K,2019-03-12,edgar/data/1711279/0001564590-19-007267.txt
CURO Group Holdings Corp.,0001711291,10-K,2019-03-18,edgar/data/1711291/0001711291-19-000019.txt
LHI Acquisition Corp,0001711438,10-K,2019-01-29,edgar/data/1711438/0001477932-19-000288.txt
Nightstar Therapeutics plc,0001711675,10-K,2019-03-18,edgar/data/1711675/0001564590-19-008341.txt
"Inmune Bio, Inc.",0001711754,10-K,2019-03-29,edgar/data/1711754/0001640334-19-000466.txt
"Nuveen Global Cities REIT, Inc.",0001711799,10-K,2019-03-28,edgar/data/1711799/0001193125-19-090374.txt
"Starwood Real Estate Income Trust, Inc.",0001711929,10-K,2019-03-28,edgar/data/1711929/0001564590-19-009873.txt
Drive Auto Receivables Trust 2017-2,0001711993,10-K,2019-03-29,edgar/data/1711993/0001193125-19-091420.txt
Hyundai Auto Receivables Trust 2017-B,0001712182,10-K,2019-03-20,edgar/data/1712182/0001144204-19-015080.txt
Liberty Latin America Ltd.,0001712184,10-K,2019-02-21,edgar/data/1712184/0001712184-19-000039.txt
Platinum Eagle Acquisition Corp.,0001712189,10-K,2019-02-28,edgar/data/1712189/0001144204-19-010762.txt
One Madison Corp,0001712463,10-K,2019-03-01,edgar/data/1712463/0001213900-19-003343.txt
Andover National Corp,0001712543,10-K,2019-03-15,edgar/data/1712543/0001213900-19-004237.txt
GM Financial Automobile Leasing Trust 2017-3,0001712799,10-K,2019-03-22,edgar/data/1712799/0001615774-19-004361.txt
"GreenSky, Inc.",0001712923,10-K,2019-03-15,edgar/data/1712923/0001712923-19-000008.txt
UBS Commercial Mortgage Trust 2017-C3,0001713226,10-K,2019-03-21,edgar/data/1713226/0001056404-19-002344.txt
CITIGROUP COMMERCIAL MORTGAGE TRUST 2017-B1,0001713393,10-K,2019-03-29,edgar/data/1713393/0001193125-19-092343.txt
"OAKTREE REAL ESTATE INCOME TRUST, INC.",0001713407,10-K,2019-03-22,edgar/data/1713407/0001713407-19-000006.txt
CM Seven Star Acquisition Corp,0001713539,10-K,2019-03-25,edgar/data/1713539/0001615774-19-004438.txt
USAA Auto Owner Trust 2017-1,0001713660,10-K,2019-03-28,edgar/data/1713660/0001193125-19-089616.txt
Ally Auto Receivables Trust 2017-4,0001713736,10-K,2019-03-25,edgar/data/1713736/0001713736-19-000015.txt
"New Leap, Inc.",0001713809,10-K,2019-03-27,edgar/data/1713809/0001477932-19-001214.txt
HyreCar Inc.,0001713832,10-K,2019-03-28,edgar/data/1713832/0001213900-19-005139.txt
Mosaic Acquisition Corp.,0001713952,10-K,2019-03-18,edgar/data/1713952/0001193125-19-077650.txt
COMM 2017-COR2 Mortgage Trust,0001714154,10-K,2019-03-20,edgar/data/1714154/0001056404-19-002221.txt
"SigmaRenoPro, Inc.",0001714367,10-K,2019-02-22,edgar/data/1714367/0001558891-19-000008.txt
TIBURON INTERNATIONAL TRADING CORP.,0001714379,10-K,2019-03-29,edgar/data/1714379/0001714379-19-000002.txt
BANK 2017-BNK7,0001714679,10-K,2019-03-19,edgar/data/1714679/0001056404-19-002164.txt
Denali Therapeutics Inc.,0001714899,10-K,2019-03-12,edgar/data/1714899/0001714899-19-000015.txt
Kinder Morgan Canada Ltd,0001714973,10-K,2019-02-19,edgar/data/1714973/0001714973-19-000013.txt
Fifth Third Auto Trust 2017-1,0001715585,10-K,2019-03-28,edgar/data/1715585/0001193125-19-090464.txt
"Rangers Sub I, LLC",0001715629,10-K,2019-03-01,edgar/data/1715629/0001715629-19-000003.txt
CITIGROUP COMMERCIAL MORTGAGE TRUST 2017-P8,0001715824,10-K,2019-03-29,edgar/data/1715824/0001193125-19-092345.txt
Morgan Stanley Bank of America Merrill Lynch Trust 2017-C34,0001715846,10-K,2019-03-22,edgar/data/1715846/0001056404-19-002471.txt
TCW Direct Lending VII LLC,0001715933,10-K,2019-03-19,edgar/data/1715933/0001193125-19-079451.txt
JPMDB Commercial Mortgage Securities Trust 2017-C7,0001716186,10-K,2019-03-21,edgar/data/1716186/0001056404-19-002336.txt
Wells Fargo Commercial Mortgage Trust 2017-C40,0001716187,10-K,2019-03-20,edgar/data/1716187/0001056404-19-002223.txt
"SSB Bancorp, Inc.",0001716188,10-K,2019-03-29,edgar/data/1716188/0001493152-19-004283.txt
UBS Commercial Mortgage Trust 2017-C4,0001716263,10-K,2019-03-25,edgar/data/1716263/0001056404-19-002507.txt
Regnum Corp.,0001716324,10-K,2019-02-11,edgar/data/1716324/0001477932-19-000399.txt
"American Homes 4 Rent, L.P.",0001716558,10-K,2019-02-22,edgar/data/1716558/0001562401-19-000020.txt
CSAIL 2017-CX9 Commercial Mortgage Trust,0001716602,10-K,2019-03-25,edgar/data/1716602/0001056404-19-002631.txt
"Ra Medical Systems, Inc.",0001716621,10-K,2019-03-15,edgar/data/1716621/0001564590-19-007905.txt
BMW Vehicle Lease Trust 2017-2,0001716665,10-K,2019-03-28,edgar/data/1716665/0000929638-19-000429.txt
First Choice Bancorp,0001716697,10-K,2019-03-25,edgar/data/1716697/0001716697-19-000002.txt
Leisure Acquisition Corp.,0001716947,10-K,2019-03-11,edgar/data/1716947/0001615774-19-003912.txt
Industrial Logistics Properties Trust,0001717307,10-K,2019-02-21,edgar/data/1717307/0001717307-19-000011.txt
"Venture Lending & Leasing IX, Inc.",0001717310,10-K,2019-03-14,edgar/data/1717310/0001717310-19-000002.txt
"Odonate Therapeutics, Inc.",0001717452,10-K,2019-02-22,edgar/data/1717452/0001564590-19-003806.txt
"Colony Credit Real Estate, Inc.",0001717547,10-K,2019-03-01,edgar/data/1717547/0001717547-19-000003.txt
Drive Auto Receivables Trust 2017-3,0001717900,10-K,2019-03-29,edgar/data/1717900/0001193125-19-091427.txt
Regalwood Global Energy Ltd.,0001717961,10-K,2019-03-15,edgar/data/1717961/0001193125-19-076875.txt
Toyota Auto Receivables 2017-D Owner Trust,0001718100,10-K,2019-03-21,edgar/data/1718100/0000929638-19-000388.txt
"Surface Oncology, Inc.",0001718108,10-K,2019-03-07,edgar/data/1718108/0001564590-19-006783.txt
CITIGROUP COMMERCIAL MORTGAGE TRUST 2017-C4,0001718304,10-K,2019-03-29,edgar/data/1718304/0001193125-19-092349.txt
BANK 2017-BNK8,0001718322,10-K,2019-03-29,edgar/data/1718322/0001056404-19-003293.txt
AmeriCredit Automobile Receivables Trust 2017-4,0001718362,10-K,2019-03-22,edgar/data/1718362/0001615774-19-004396.txt
Mudrick Capital Acquisition Corp,0001718405,10-K,2019-03-25,edgar/data/1718405/0001144204-19-015791.txt
GS Mortgage Securities Trust 2017-GS8,0001718483,10-K,2019-03-26,edgar/data/1718483/0001056404-19-002708.txt
Gates Industrial Corp plc,0001718512,10-K,2019-02-14,edgar/data/1718512/0001718512-19-000004.txt
Ford Credit Auto Lease Trust 2017-B,0001718647,10-K,2019-03-26,edgar/data/1718647/0001718647-19-000016.txt
UBS Commercial Mortgage Trust 2017-C5,0001719195,10-K,2019-03-25,edgar/data/1719195/0001056404-19-002580.txt
Wells Fargo Commercial Mortgage Trust 2017-C41,0001719199,10-K,2019-03-19,edgar/data/1719199/0001056404-19-002140.txt
Big Rock Partners Acquisition Corp.,0001719406,10-K,2019-03-15,edgar/data/1719406/0001654954-19-002833.txt
"ASSISTED 4 LIVING, INC.",0001719435,10-K,2019-02-28,edgar/data/1719435/0001640334-19-000334.txt
"Pharos Capital BDC, Inc.",0001719606,10-K,2019-03-26,edgar/data/1719606/0001213900-19-004827.txt
MTech Acquisition Corp,0001719893,10-K,2019-03-14,edgar/data/1719893/0001615774-19-004058.txt
CD 2017-CD6 Mortgage Trust,0001719959,10-K,2019-03-20,edgar/data/1719959/0001056404-19-002190.txt
"Red Violet, Inc.",0001720116,10-K,2019-03-07,edgar/data/1720116/0001564590-19-006615.txt
Nebula Acquisition Corp,0001720353,10-K,2019-02-15,edgar/data/1720353/0001213900-19-002707.txt
CSAIL 2017-CX10 Commercial Mortgage Trust,0001720474,10-K,2019-03-22,edgar/data/1720474/0001056404-19-002387.txt
"resTORbio, Inc.",0001720580,10-K,2019-03-18,edgar/data/1720580/0001564590-19-008262.txt
Thunder Bridge Acquisition Ltd,0001720592,10-K,2019-03-26,edgar/data/1720592/0001213900-19-004799.txt
nVent Electric plc,0001720635,10-K,2019-02-19,edgar/data/1720635/0001720635-19-000008.txt
CCUBS Commercial Mortgage Trust 2017-C1,0001720748,10-K,2019-03-25,edgar/data/1720748/0001056404-19-002650.txt
Volkswagen Auto Loan Enhanced Trust 2018-1,0001720749,10-K,2019-03-29,edgar/data/1720749/0001193125-19-092466.txt
"Gores Holdings III, Inc.",0001720821,10-K,2019-03-18,edgar/data/1720821/0001564590-19-008306.txt
"BioXcel Therapeutics, Inc.",0001720893,10-K,2019-03-12,edgar/data/1720893/0001558370-19-001798.txt
Spartan Energy Acquisition Corp.,0001720990,10-K,2019-03-22,edgar/data/1720990/0001213900-19-004678.txt
CNH Equipment Trust 2017-C,0001721257,10-K,2019-03-25,edgar/data/1721257/0001104659-19-017169.txt
Ally Auto Receivables Trust 2017-5,0001721353,10-K,2019-03-25,edgar/data/1721353/0001721353-19-000018.txt
Ford Credit Auto Owner Trust 2017-C,0001721372,10-K,2019-03-25,edgar/data/1721372/0001721372-19-000016.txt
BANK 2017-BNK9,0001721373,10-K,2019-03-21,edgar/data/1721373/0001056404-19-002327.txt
LF Capital Acquisition Corp.,0001721386,10-K,2019-03-05,edgar/data/1721386/0001731122-19-000106.txt
"Lazydays Holdings, Inc.",0001721741,10-K,2019-03-22,edgar/data/1721741/0001493152-19-003769.txt
AEP Texas Inc.,0001721781,10-K,2019-02-21,edgar/data/1721781/0000004904-19-000009.txt
UBS Commercial Mortgage Trust 2017-C6,0001721905,10-K,2019-03-25,edgar/data/1721905/0001056404-19-002667.txt
OP Bancorp,0001722010,10-K,2019-03-15,edgar/data/1722010/0001564590-19-008032.txt
Benchmark 2018-B1 Mortgage Trust,0001722194,10-K,2019-03-20,edgar/data/1722194/0001056404-19-002226.txt
Covia Holdings Corp,0001722287,10-K,2019-03-22,edgar/data/1722287/0001564590-19-009040.txt
"WYNDHAM HOTELS & RESORTS, INC.",0001722684,10-K,2019-02-14,edgar/data/1722684/0001722684-19-000008.txt
"Y-mAbs Therapeutics, Inc.",0001722964,10-K,2019-03-22,edgar/data/1722964/0001558370-19-002375.txt
Spirit MTA REIT,0001722992,10-K,2019-03-22,edgar/data/1722992/0001722992-19-000012.txt
Apergy Corp,0001723089,10-K,2019-02-27,edgar/data/1723089/0001723089-19-000030.txt
"Amneal Pharmaceuticals, Inc.",0001723128,10-K,2019-03-01,edgar/data/1723128/0001723128-19-000028.txt
Leader Hill Corp,0001723187,10-K,2019-02-28,edgar/data/1723187/0001493152-19-002703.txt
Wells Fargo Commercial Mortgage Trust 2017-C42,0001723291,10-K,2019-03-25,edgar/data/1723291/0001056404-19-002594.txt
Morgan Stanley Capital I Trust 2017-HR2,0001723306,10-K,2019-03-29,edgar/data/1723306/0001056404-19-003290.txt
Mercedes-Benz Auto Lease Trust 2018-A,0001723535,10-K,2019-03-28,edgar/data/1723535/0001019965-19-000112.txt
"Columbia Financial, Inc.",0001723596,10-K,2019-03-29,edgar/data/1723596/0001723596-19-000011.txt
"Select Interior Concepts, Inc.",0001723866,10-K,2019-03-15,edgar/data/1723866/0001564590-19-007998.txt
GM Financial Consumer Automobile Receivables Trust 2018-1,0001724128,10-K,2019-03-22,edgar/data/1724128/0001615774-19-004340.txt
UBS Commercial Mortgage Trust 2017-C7,0001724177,10-K,2019-03-25,edgar/data/1724177/0001056404-19-002661.txt
Entasis Therapeutics Holdings Inc.,0001724344,10-K,2019-03-29,edgar/data/1724344/0001558370-19-002588.txt
"Arcus Biosciences, Inc.",0001724521,10-K,2019-03-05,edgar/data/1724521/0001564590-19-006274.txt
World Omni Auto Receivables Trust 2018-A,0001724588,10-K,2019-03-27,edgar/data/1724588/0001144204-19-016153.txt
"Synchrony Card Funding, LLC",0001724786,10-K,2019-03-29,edgar/data/1724786/0001144204-19-016781.txt
Synchrony Card Issuance Trust,0001724789,10-K,2019-03-29,edgar/data/1724789/0001144204-19-016781.txt
TALOS ENERGY INC.,0001724965,10-K,2019-03-13,edgar/data/1724965/0001564590-19-007586.txt
Ceridian HCM Holding Inc.,0001725057,10-K,2019-02-28,edgar/data/1725057/0001564590-19-005517.txt
Leo Holdings Corp.,0001725134,10-K,2019-03-29,edgar/data/1725134/0001193125-19-092728.txt
Union Acquisition Corp.,0001725206,10-K,2019-03-05,edgar/data/1725206/0001206774-19-000676.txt
DFB Healthcare Acquisitions Corp.,0001725255,10-K,2019-03-29,edgar/data/1725255/0001104659-19-018712.txt
Nestbuilder.com Corp.,0001725516,10-K,2019-02-28,edgar/data/1725516/0001493152-19-002686.txt
HighPoint Resources Corp,0001725526,10-K,2019-02-26,edgar/data/1725526/0001725526-19-000062.txt
"Pluralsight, Inc.",0001725579,10-K,2019-02-21,edgar/data/1725579/0001725579-19-000007.txt
Toyota Auto Receivables 2018-A Owner Trust,0001725585,10-K,2019-03-21,edgar/data/1725585/0000929638-19-000395.txt
BMW Vehicle Owner Trust 2018-A,0001725617,10-K,2019-03-28,edgar/data/1725617/0000929638-19-000432.txt
Epsilon Energy Ltd.,0001726126,10-K,2019-03-29,edgar/data/1726126/0001558370-19-002613.txt
Twelve Seas Investment Co,0001726146,10-K,2019-03-29,edgar/data/1726146/0001213900-19-005195.txt
GM Financial Automobile Leasing Trust 2018-1,0001726162,10-K,2019-03-22,edgar/data/1726162/0001615774-19-004364.txt
Biglari Holdings Inc.,0001726173,10-K,2019-02-25,edgar/data/1726173/0001193805-19-000242.txt
Pure Acquisition Corp.,0001726293,10-K,2019-02-08,edgar/data/1726293/0001437749-19-002155.txt
BC Partners Lending Corp,0001726548,10-K,2019-02-07,edgar/data/1726548/0001193125-19-030927.txt
EXENT CORP.,0001726744,10-K,2019-02-28,edgar/data/1726744/0001726744-19-000002.txt
Santander Drive Auto Receivables Trust 2018-1,0001726794,10-K,2019-03-29,edgar/data/1726794/0001193125-19-091477.txt
"Goosehead Insurance, Inc.",0001726978,10-K,2019-03-14,edgar/data/1726978/0001726978-19-000074.txt
Scholar Rock Holding Corp,0001727196,10-K,2019-03-19,edgar/data/1727196/0001558370-19-002252.txt
"frontdoor, inc.",0001727263,10-K,2019-02-28,edgar/data/1727263/0001727263-19-000003.txt
AFRIKA4U,0001727815,10-K,2019-01-28,edgar/data/1727815/0001477932-19-000279.txt
Ally Auto Receivables Trust 2018-1,0001727820,10-K,2019-03-25,edgar/data/1727820/0001727820-19-000014.txt
UBS Commercial Mortgage Trust 2018-C8,0001727836,10-K,2019-03-22,edgar/data/1727836/0001056404-19-002439.txt
CF Finance Acquisition Corp.,0001728041,10-K,2019-03-29,edgar/data/1728041/0001615774-19-004971.txt
BANK 2018-BNK10,0001728085,10-K,2019-03-20,edgar/data/1728085/0001056404-19-002255.txt
"Gossamer Bio, Inc.",0001728117,10-K,2019-03-22,edgar/data/1728117/0001564590-19-009031.txt
BENCHMARK 2018-B2 Mortgage Trust,0001728339,10-K,2019-03-21,edgar/data/1728339/0001056404-19-002312.txt
Drive Auto Receivables Trust 2018-1,0001728847,10-K,2019-03-29,edgar/data/1728847/0001193125-19-091436.txt
"ESSENTIAL PROPERTIES REALTY TRUST, INC.",0001728951,10-K,2019-02-28,edgar/data/1728951/0001564590-19-005137.txt
AmeriCredit Automobile Receivables Trust 2018-1,0001729361,10-K,2019-03-22,edgar/data/1729361/0001615774-19-004402.txt
Fintech Acquisition Corp. III,0001729756,10-K,2019-03-28,edgar/data/1729756/0001213900-19-004971.txt
John Deere Owner Trust 2018,0001729757,10-K,2019-01-25,edgar/data/1729757/0001104659-19-003339.txt
Wells Fargo Commercial Mortgage Trust 2018-C43,0001729832,10-K,2019-03-25,edgar/data/1729832/0001056404-19-002597.txt
World Omni Automobile Lease Securitization Trust 2018-A,0001730127,10-K,2019-03-27,edgar/data/1730127/0001144204-19-016166.txt
PSNH FUNDING LLC 3,0001730300,10-K,2019-03-29,edgar/data/1730300/0001104659-19-018689.txt
"Charah Solutions, Inc.",0001730346,10-K,2019-03-28,edgar/data/1730346/0001628280-19-003506.txt
"Kiniksa Pharmaceuticals, Ltd.",0001730430,10-K,2019-03-12,edgar/data/1730430/0001558370-19-001857.txt
BayCom Corp,0001730984,10-K,2019-03-19,edgar/data/1730984/0001144204-19-014741.txt
CITIGROUP COMMERCIAL MORTGAGE TRUST 2018-B2,0001731044,10-K,2019-03-29,edgar/data/1731044/0001193125-19-092353.txt
GS Mortgage Securities Trust 2018-GS9,0001731056,10-K,2019-03-26,edgar/data/1731056/0001056404-19-002710.txt
UBS Commercial Mortgage Trust 2018-C9,0001731058,10-K,2019-03-25,edgar/data/1731058/0001056404-19-002658.txt
Tottenham Acquisition I Ltd,0001731176,10-K,2019-03-15,edgar/data/1731176/0001683168-19-000679.txt
VectoIQ Acquisition Corp.,0001731289,10-K,2019-03-20,edgar/data/1731289/0001104659-19-016327.txt
"Tilray, Inc.",0001731348,10-K,2019-03-25,edgar/data/1731348/0001564590-19-009157.txt
Trinity Merger Corp.,0001731536,10-K,2019-03-15,edgar/data/1731536/0001140361-19-005036.txt
BANK 2018-BNK11,0001731627,10-K,2019-03-29,edgar/data/1731627/0001056404-19-003298.txt
CSAIL 2018-CX11 Commercial Mortgage Trust,0001732963,10-K,2019-03-22,edgar/data/1732963/0001056404-19-002440.txt
"Veoneer, Inc.",0001733186,10-K,2019-02-22,edgar/data/1733186/0001733186-19-000044.txt
GM Financial Consumer Automobile Receivables Trust 2018-2,0001733310,10-K,2019-03-22,edgar/data/1733310/0001615774-19-004342.txt
Mercedes-Benz Auto Receivables Trust 2018-1,0001733358,10-K,2019-03-28,edgar/data/1733358/0001019965-19-000116.txt
Northwest Natural Holding Co,0001733998,10-K,2019-03-01,edgar/data/1733998/0001733998-19-000004.txt
BENCHMARK 2018-B3 COMMERCIAL MORTGAGE TRUST,0001734103,10-K,2019-03-29,edgar/data/1734103/0001193125-19-092355.txt
"Mid-Southern Bancorp, Inc.",0001734875,10-K,2019-03-22,edgar/data/1734875/0000939057-19-000114.txt
World Omni Auto Receivables Trust 2018-B,0001734889,10-K,2019-03-27,edgar/data/1734889/0001144204-19-016155.txt
Santander Drive Auto Receivables Trust 2018-2,0001735033,10-K,2019-03-29,edgar/data/1735033/0001193125-19-091478.txt
Greenland Acquisition Corp.,0001735041,10-K,2019-02-27,edgar/data/1735041/0001615774-19-003176.txt
Retail Value Inc.,0001735184,10-K,2019-03-05,edgar/data/1735184/0001564590-19-006279.txt
MeiraGTx Holdings plc,0001735438,10-K,2019-03-26,edgar/data/1735438/0001193125-19-086735.txt
Hyundai Auto Receivables Trust 2018-A,0001735464,10-K,2019-03-20,edgar/data/1735464/0001144204-19-015086.txt
JPMDB Commercial Mortgage Securities Trust 2018-C8,0001735646,10-K,2019-03-25,edgar/data/1735646/0001056404-19-002599.txt
Garrett Motion Inc.,0001735707,10-K,2019-03-01,edgar/data/1735707/0001564590-19-005824.txt
COMM 2018-COR3 Mortgage Trust,0001735733,10-K,2019-03-19,edgar/data/1735733/0001056404-19-002142.txt
Legacy Reserves Inc.,0001735828,10-K,2019-03-22,edgar/data/1735828/0001735828-19-000012.txt
Far Point Acquisition Corp,0001735858,10-K,2019-03-29,edgar/data/1735858/0001193125-19-092860.txt
Blackstone / GSO Secured Lending Fund,0001736035,10-K,2019-03-18,edgar/data/1736035/0001564590-19-008333.txt
Ford Credit Auto Lease Trust 2018-A,0001736305,10-K,2019-03-26,edgar/data/1736305/0001736305-19-000016.txt
Ally Auto Receivables Trust 2018-2,0001736511,10-K,2019-03-25,edgar/data/1736511/0001736511-19-000014.txt
Wells Fargo Commercial Mortgage Trust 2018-C44,0001736659,10-K,2019-03-20,edgar/data/1736659/0001056404-19-002186.txt
Toyota Auto Receivables 2018-B Owner Trust,0001736712,10-K,2019-03-21,edgar/data/1736712/0000929638-19-000398.txt
UBS Commercial Mortgage Trust 2018-C10,0001736862,10-K,2019-03-25,edgar/data/1736862/0001056404-19-002642.txt
"Arlo Technologies, Inc.",0001736946,10-K,2019-02-22,edgar/data/1736946/0001736946-19-000010.txt
"Riviera Resources, Inc.",0001737204,10-K,2019-03-01,edgar/data/1737204/0001564590-19-005570.txt
"Allogene Therapeutics, Inc.",0001737287,10-K,2019-03-08,edgar/data/1737287/0001564590-19-006991.txt
"Sysorex, Inc.",0001737372,10-K,2019-03-28,edgar/data/1737372/0001213900-19-005105.txt
GM Financial Automobile Leasing Trust 2018-2,0001738178,10-K,2019-03-22,edgar/data/1738178/0001615774-19-004366.txt
CNH Equipment Trust 2018-A,0001738179,10-K,2019-03-25,edgar/data/1738179/0001104659-19-017170.txt
Drive Auto Receivables Trust 2018-2,0001738390,10-K,2019-03-29,edgar/data/1738390/0001193125-19-091443.txt
TKK SYMPHONY ACQUISITION Corp,0001738758,10-K,2019-03-11,edgar/data/1738758/0001213900-19-003920.txt
"KLX Energy Services Holdings, Inc.",0001738827,10-K,2019-03-21,edgar/data/1738827/0001558370-19-002349.txt
Elanco Animal Health Inc,0001739104,10-K,2019-02-20,edgar/data/1739104/0001739104-19-000006.txt
Ford Credit Auto Owner Trust 2018-A,0001739276,10-K,2019-03-25,edgar/data/1739276/0001739276-19-000017.txt
BANK 2018-BNK12,0001739423,10-K,2019-03-25,edgar/data/1739423/0001056404-19-002508.txt
Osmotica Pharmaceuticals plc,0001739426,10-K,2019-03-28,edgar/data/1739426/0001558370-19-002499.txt
"Arcosa, Inc.",0001739445,10-K,2019-02-28,edgar/data/1739445/0001739445-19-000020.txt
Collier Creek Holdings,0001739566,10-K,2019-03-28,edgar/data/1739566/0001144204-19-016423.txt
SVMK Inc.,0001739936,10-K,2019-02-26,edgar/data/1739936/0001564590-19-004449.txt
Cigna Corp,0001739940,10-K,2019-02-28,edgar/data/1739940/0001047469-19-000792.txt
SolarWinds Corp,0001739942,10-K,2019-02-25,edgar/data/1739942/0001739942-19-000010.txt
UBS Commercial Mortgage Trust 2018-C11,0001740040,10-K,2019-03-25,edgar/data/1740040/0001056404-19-002641.txt
"RESIDEO TECHNOLOGIES, INC.",0001740332,10-K,2019-03-18,edgar/data/1740332/0001564590-19-008280.txt
CITIGROUP COMMERCIAL MORTGAGE TRUST 2018-C5,0001740450,10-K,2019-03-29,edgar/data/1740450/0001193125-19-092357.txt
Benchmark 2018-B4 Mortgage Trust,0001740849,10-K,2019-03-20,edgar/data/1740849/0001056404-19-002246.txt
Forum Merger II Corp,0001741231,10-K,2019-03-26,edgar/data/1741231/0001213900-19-004859.txt
California Republic Auto Receivables Trust 2018-1,0001741276,10-K,2019-03-26,edgar/data/1741276/0001193125-19-086730.txt
Wells Fargo Commercial Mortgage Trust 2018-C45,0001741690,10-K,2019-03-20,edgar/data/1741690/0001056404-19-002187.txt
GM Financial Consumer Automobile Receivables Trust 2018-3,0001741908,10-K,2019-03-22,edgar/data/1741908/0001615774-19-004350.txt
"CBM BANCORP, INC.",0001742089,10-K,2019-03-27,edgar/data/1742089/0001193125-19-088111.txt
Monroe Capital Income Plus Corp,0001742313,10-K,2019-03-13,edgar/data/1742313/0001144204-19-013683.txt
GS Mortgage Securities Trust 2018-GS10,0001742373,10-K,2019-03-26,edgar/data/1742373/0001056404-19-002709.txt
Ally Auto Receivables Trust 2018-3,0001742379,10-K,2019-03-25,edgar/data/1742379/0001742379-19-000017.txt
Morgan Stanley Capital I Trust 2018-H3,0001742383,10-K,2019-03-29,edgar/data/1742383/0001056404-19-003299.txt
Santander Drive Auto Receivables Trust 2018-3,0001742444,10-K,2019-03-29,edgar/data/1742444/0001193125-19-091481.txt
Livent Corp.,0001742924,10-K,2019-02-28,edgar/data/1742924/0001742924-19-000013.txt
SCP Private Credit Income BDC LLC,0001743415,10-K,2019-02-21,edgar/data/1743415/0001193125-19-047062.txt
John Deere Owner Trust 2018-B,0001743587,10-K,2019-01-25,edgar/data/1743587/0001104659-19-003340.txt
ChaSerg Technology Acquisition Corp,0001743725,10-K,2019-03-20,edgar/data/1743725/0001213900-19-004549.txt
WORLD OMNI AUTO RECEIVABLES TRUST 2018-C,0001744034,10-K,2019-03-27,edgar/data/1744034/0001144204-19-016157.txt
BANK 2018-BNK13,0001744707,10-K,2019-03-25,edgar/data/1744707/0001056404-19-002544.txt
"Sirius International Insurance Group, Ltd.",0001744894,10-K,2019-03-14,edgar/data/1744894/0001047469-19-001244.txt
Churchill Capital Corp,0001744895,10-K,2019-02-27,edgar/data/1744895/0001144204-19-010485.txt
UBS Commercial Mortgage Trust 2018-C12,0001744982,10-K,2019-03-25,edgar/data/1744982/0001056404-19-002619.txt
Drive Auto Receivables Trust 2018-3,0001745187,10-K,2019-03-29,edgar/data/1745187/0001193125-19-091453.txt
AmeriCredit Automobile Receivables Trust 2018-2,0001745314,10-K,2019-03-22,edgar/data/1745314/0001615774-19-004403.txt
CSAIL 2018-CX12 Commercial Mortgage Trust,0001745511,10-K,2019-03-25,edgar/data/1745511/0001056404-19-002662.txt
Benchmark 2018-B5 Mortgage Trust,0001745529,10-K,2019-03-21,edgar/data/1745529/0001056404-19-002318.txt
Toyota Auto Receivables 2018-C Owner Trust,0001745763,10-K,2019-03-21,edgar/data/1745763/0000929638-19-000397.txt
"PennyMac Financial Services, Inc.",0001745916,10-K,2019-03-05,edgar/data/1745916/0001558370-19-001499.txt
JS BEAUTY LAND NETWORK TECHNOLOGY INC,0001745931,10-K,2019-03-27,edgar/data/1745931/0001493152-19-003953.txt
ARYA SCIENCES ACQUISITION CORP.,0001746037,10-K,2019-03-25,edgar/data/1746037/0001213900-19-004781.txt
Bank First National Corp,0001746109,10-K,2019-03-26,edgar/data/1746109/0001144204-19-016011.txt
Bank7 Corp.,0001746129,10-K,2019-03-29,edgar/data/1746129/0001140361-19-006071.txt
CD 2018-CD7 Mortgage Trust,0001746406,10-K,2019-03-20,edgar/data/1746406/0001056404-19-002240.txt
"Equillium, Inc.",0001746466,10-K,2019-03-27,edgar/data/1746466/0001564590-19-009580.txt
Equitrans Midstream Corp,0001747009,10-K,2019-02-14,edgar/data/1747009/0001747009-19-000010.txt
Owl Rock Technology Finance Corp.,0001747777,10-K,2019-02-27,edgar/data/1747777/0001564590-19-004954.txt
GM Financial Automobile Leasing Trust 2018-3,0001747909,10-K,2019-03-22,edgar/data/1747909/0001615774-19-004368.txt
Santander Drive Auto Receivables Trust 2018-4,0001748011,10-K,2019-03-29,edgar/data/1748011/0001193125-19-091486.txt
Wells Fargo Commercial Mortgage Trust 2018-C46,0001748940,10-K,2019-03-19,edgar/data/1748940/0001056404-19-002163.txt
World Omni Automobile Lease Securitization Trust 2018-B,0001749273,10-K,2019-03-27,edgar/data/1749273/0001144204-19-016168.txt
UBS Commercial Mortgage Trust 2018-C13,0001749360,10-K,2019-03-25,edgar/data/1749360/0001056404-19-002633.txt
"AGILITI, INC. \DE",0001749704,10-K,2019-03-08,edgar/data/1749704/0001558370-19-001695.txt
New Fortress Energy LLC,0001749723,10-K,2019-03-26,edgar/data/1749723/0001140361-19-005657.txt
BANK 2018-BNK14,0001749973,10-K,2019-03-29,edgar/data/1749973/0001056404-19-003301.txt
TCR2 THERAPEUTICS INC.,0001750019,10-K,2019-03-29,edgar/data/1750019/0001750019-19-000009.txt
Drive Auto Receivables Trust 2018-4,0001750588,10-K,2019-03-29,edgar/data/1750588/0001193125-19-091460.txt
CNH Equipment Trust 2018-B,0001750707,10-K,2019-03-25,edgar/data/1750707/0001104659-19-017172.txt
GM Financial Consumer Automobile Receivables Trust 2018-4,0001751012,10-K,2019-03-22,edgar/data/1751012/0001615774-19-004355.txt
Boxwood Merger Corp.,0001751143,10-K,2019-03-26,edgar/data/1751143/0001615774-19-004483.txt
Morgan Stanley Capital I Trust 2018-L1,0001751743,10-K,2019-03-29,edgar/data/1751743/0001056404-19-003305.txt
"Rhinebeck Bancorp, Inc.",0001751783,10-K,2019-03-29,edgar/data/1751783/0001144204-19-017011.txt
BENCHMARK 2018-B6 MORTGAGE TRUST,0001751874,10-K,2019-03-29,edgar/data/1751874/0001193125-19-092359.txt
Ford Credit Auto Lease Trust 2018-B,0001751960,10-K,2019-03-26,edgar/data/1751960/0001751960-19-000016.txt
DBGS 2018-C1 Mortgage Trust,0001752363,10-K,2019-03-18,edgar/data/1752363/0001056404-19-002063.txt
World Omni Auto Receivables Trust 2018-D,0001752578,10-K,2019-03-27,edgar/data/1752578/0001144204-19-016159.txt
CSAIL 2018-C14 Commercial Mortgage Trust,0001752594,10-K,2019-03-22,edgar/data/1752594/0001056404-19-002476.txt
ETC M-A Acquisition LLC,0001752773,10-K,2019-02-22,edgar/data/1752773/0001752773-19-000006.txt
"COVETRUS, INC.",0001752836,10-K,2019-03-29,edgar/data/1752836/0001193125-19-092756.txt
Wells Fargo Commercial Mortgage Trust 2018-C47,0001753233,10-K,2019-03-19,edgar/data/1753233/0001056404-19-002102.txt
Santander Drive Auto Receivables Trust 2018-5,0001753581,10-K,2019-03-29,edgar/data/1753581/0001193125-19-091491.txt
BMW Vehicle Lease Trust 2018-1,0001753585,10-K,2019-03-28,edgar/data/1753585/0000929638-19-000430.txt
Toyota Auto Receivables 2018-D Owner Trust,0001754189,10-K,2019-03-21,edgar/data/1754189/0000929638-19-000396.txt
VZOT 2018-A,0001754377,10-K,2019-03-28,edgar/data/1754377/0000929638-19-000433.txt
AmeriCredit Automobile Receivables Trust 2018-3,0001754388,10-K,2019-03-22,edgar/data/1754388/0001615774-19-004406.txt
Ford Credit Auto Owner Trust 2018-B,0001754784,10-K,2019-03-25,edgar/data/1754784/0001754784-19-000018.txt
Schultze Special Purpose Acquisition Corp.,0001754824,10-K,2019-02-28,edgar/data/1754824/0001615774-19-003353.txt
BBCMS Mortgage Trust 2018-C2,0001754913,10-K,2019-03-19,edgar/data/1754913/0001056404-19-002099.txt
BANK 2018-BNK15,0001756271,10-K,2019-03-22,edgar/data/1756271/0001056404-19-002426.txt
Volkswagen Auto Loan Enhanced Trust 2018-2,0001756401,10-K,2019-03-29,edgar/data/1756401/0001193125-19-092494.txt
Wiseman Global Ltd,0001756640,10-K,2019-03-29,edgar/data/1756640/0001493152-19-004213.txt
Hyundai Auto Receivables Trust 2018-B,0001756671,10-K,2019-03-20,edgar/data/1756671/0001144204-19-015093.txt
Benchmark 2018-B7 Mortgage Trust,0001757018,10-K,2019-03-22,edgar/data/1757018/0001056404-19-002385.txt
Mercedes-Benz Auto Lease Trust 2018-B,0001757056,10-K,2019-03-28,edgar/data/1757056/0001019965-19-000113.txt
Drive Auto Receivables Trust 2018-5,0001757404,10-K,2019-03-29,edgar/data/1757404/0001193125-19-091467.txt
CITIGROUP COMMERCIAL MORTGAGE TRUST 2018-C6,0001757925,10-K,2019-03-29,edgar/data/1757925/0001193125-19-092360.txt
Wells Fargo Commercial Mortgage Trust 2018-C48,0001757928,10-K,2019-03-20,edgar/data/1757928/0001056404-19-002180.txt
RMG Acquisition Corp.,0001757932,10-K,2019-03-29,edgar/data/1757932/0001144204-19-016899.txt
Quantum Computing Inc.,0001758009,10-K,2019-03-28,edgar/data/1758009/0001213900-19-005062.txt
"Gores Metropoulos, Inc.",0001758057,10-K,2019-03-29,edgar/data/1758057/0001564590-19-010133.txt
UBS Commercial Mortgage Trust 2018-C14,0001758292,10-K,2019-03-25,edgar/data/1758292/0001056404-19-002603.txt
Morgan Stanley Capital I Trust 2018-H4,0001758882,10-K,2019-03-29,edgar/data/1758882/0001056404-19-003306.txt
Benchmark 2018-B8 Mortgage Trust,0001758901,10-K,2019-03-21,edgar/data/1758901/0001056404-19-002337.txt
UBS Commercial Mortgage Trust 2018-C15,0001760337,10-K,2019-03-25,edgar/data/1760337/0001056404-19-002653.txt
"DUKE ENERGY PROGRESS, LLC.",0000017797,10-K,2019-02-28,edgar/data/17797/0001326160-19-000057.txt
ABBOTT LABORATORIES,0000001800,10-K,2019-02-22,edgar/data/1800/0001047469-19-000624.txt
CASTLE A M & CO,0000018172,10-K,2019-03-15,edgar/data/18172/0000018172-19-000005.txt
CATERPILLAR INC,0000018230,10-K,2019-02-14,edgar/data/18230/0000018230-19-000034.txt
CATO CORP,0000018255,10-K,2019-03-27,edgar/data/18255/0000018255-19-000010.txt
SYNOVUS FINANCIAL CORP,0000018349,10-K,2019-02-28,edgar/data/18349/0000018349-19-000021.txt
Ameren Illinois Co,0000018654,10-K,2019-02-26,edgar/data/18654/0001002910-19-000094.txt
CLECO POWER LLC,0000018672,10-K,2019-02-27,edgar/data/18672/0001089819-19-000010.txt
"CENTURYLINK, INC",0000018926,10-K,2019-03-11,edgar/data/18926/0000018926-19-000006.txt
MAGELLAN HEALTH INC,0000019411,10-K,2019-02-28,edgar/data/19411/0001558370-19-001288.txt
CHEMED CORP,0000019584,10-K,2019-02-27,edgar/data/19584/0001157523-19-000468.txt
CHEMICAL FINANCIAL CORP,0000019612,10-K,2019-02-28,edgar/data/19612/0000019612-19-000053.txt
JPMORGAN CHASE & CO,0000019617,10-K,2019-02-26,edgar/data/19617/0000019617-19-000054.txt
WORLDS INC,0000001961,10-K,2019-02-28,edgar/data/1961/0001264931-19-000040.txt
CHESAPEAKE UTILITIES CORP,0000019745,10-K,2019-02-27,edgar/data/19745/0001628280-19-002015.txt
CHICAGO RIVET & MACHINE CO,0000019871,10-K,2019-03-20,edgar/data/19871/0001193125-19-080761.txt
JOHNSON & JOHNSON,0000200406,10-K,2019-02-20,edgar/data/200406/0000200406-19-000009.txt
CONSUMERS ENERGY CO,0000201533,10-K,2019-02-05,edgar/data/201533/0000811156-19-000003.txt
CHURCHILL DOWNS Inc,0000020212,10-K,2019-02-27,edgar/data/20212/0000020212-19-000012.txt
"SYSTEM ENERGY RESOURCES, INC",0000202584,10-K,2019-02-26,edgar/data/202584/0000065984-19-000082.txt
CINCINNATI FINANCIAL CORP,0000020286,10-K,2019-02-22,edgar/data/20286/0000020286-19-000012.txt
"Duke Energy Ohio, Inc.",0000020290,10-K,2019-02-28,edgar/data/20290/0001326160-19-000057.txt
CAPITAL PROPERTIES INC /RI/,0000202947,10-K,2019-03-18,edgar/data/202947/0001564590-19-008298.txt
WESBANCO INC,0000203596,10-K,2019-03-01,edgar/data/203596/0001193125-19-061126.txt
FRONTIER COMMUNICATIONS CORP,0000020520,10-K,2019-03-01,edgar/data/20520/0000020520-19-000005.txt
GRAYBAR ELECTRIC CO INC,0000205402,10-K,2019-03-13,edgar/data/205402/0000205402-19-000006.txt
GRAYBAR ELECTRIC CO INC,0000205402,10-K,2019-03-14,edgar/data/205402/0000205402-19-000008.txt
AMBASE CORP,0000020639,10-K,2019-03-27,edgar/data/20639/0001140361-19-005745.txt
CLEVELAND ELECTRIC ILLUMINATING CO,0000020947,10-K,2019-03-29,edgar/data/20947/0001578443-19-000004.txt
ACME UNITED CORP,0000002098,10-K,2019-03-15,edgar/data/2098/0001026608-19-000011.txt
CNA FINANCIAL CORP,0000021175,10-K,2019-02-13,edgar/data/21175/0000021175-19-000022.txt
COCA COLA CO,0000021344,10-K,2019-02-21,edgar/data/21344/0000021344-19-000014.txt
COHU INC,0000021535,10-K,2019-03-14,edgar/data/21535/0001437749-19-004933.txt
"Coeur Mining, Inc.",0000215466,10-K,2019-02-20,edgar/data/215466/0000215466-19-000057.txt
HAVERTY FURNITURE COMPANIES INC,0000216085,10-K,2019-03-04,edgar/data/216085/0000216085-19-000005.txt
ITT Inc.,0000216228,10-K,2019-02-22,edgar/data/216228/0000216228-19-000006.txt
COLGATE PALMOLIVE CO,0000021665,10-K,2019-02-21,edgar/data/21665/0000021665-19-000003.txt
TEXTRON INC,0000217346,10-K,2019-02-14,edgar/data/217346/0001104659-19-008151.txt
"ADAMS RESOURCES & ENERGY, INC.",0000002178,10-K,2019-03-11,edgar/data/2178/0000002178-19-000011.txt
"BK Technologies, Inc.",0000002186,10-K,2019-02-27,edgar/data/2186/0001654954-19-002033.txt
COMMERCE BANCSHARES INC /MO/,0000022356,10-K,2019-02-21,edgar/data/22356/0000022356-19-000013.txt
"PASSUR Aerospace, Inc.",0000225628,10-K,2019-01-29,edgar/data/225628/0001096906-19-000043.txt
COVANTA HOLDING CORP,0000225648,10-K,2019-02-19,edgar/data/225648/0000225648-19-000009.txt
COMMONWEALTH EDISON CO,0000022606,10-K,2019-02-08,edgar/data/22606/0001628280-19-001107.txt
COMMUNICATIONS SYSTEMS INC,0000022701,10-K,2019-03-08,edgar/data/22701/0000897101-19-000179.txt
TEXAS NEW MEXICO POWER CO,0000022767,10-K,2019-03-01,edgar/data/22767/0001108426-19-000020.txt
"Advanzeon Solutions, Inc.",0000022872,10-K,2019-01-29,edgar/data/22872/0001615774-19-001214.txt
SELECTIVE INSURANCE GROUP INC,0000230557,10-K,2019-02-15,edgar/data/230557/0000230557-19-000012.txt
COMPUTER TASK GROUP INC,0000023111,10-K,2019-03-15,edgar/data/23111/0001564590-19-008025.txt
COMSTOCK RESOURCES INC,0000023194,10-K,2019-03-01,edgar/data/23194/0001564590-19-005805.txt
CONNECTICUT LIGHT & POWER CO,0000023426,10-K,2019-02-26,edgar/data/23426/0000072741-19-000017.txt
CONSOLIDATED EDISON CO OF NEW YORK INC,0000023632,10-K,2019-02-21,edgar/data/23632/0001047862-19-000035.txt
CONSOLIDATED TOMOKA LAND CO,0000023795,10-K,2019-02-28,edgar/data/23795/0001558370-19-001302.txt
CITIZENS INC,0000024090,10-K,2019-03-26,edgar/data/24090/0000024090-19-000010.txt
CONTINENTAL MATERIALS CORP,0000024104,10-K,2019-03-28,edgar/data/24104/0001558370-19-002552.txt
COOPER TIRE & RUBBER CO,0000024491,10-K,2019-02-19,edgar/data/24491/0000024491-19-000012.txt
MOLSON COORS BREWING CO,0000024545,10-K,2019-02-12,edgar/data/24545/0000024545-19-000007.txt
CORNING INC /NY,0000024741,10-K,2019-02-12,edgar/data/24741/0000024741-19-000016.txt
ADVANCED MICRO DEVICES INC,0000002488,10-K,2019-02-08,edgar/data/2488/0000002488-19-000011.txt
COUSINS PROPERTIES INC,0000025232,10-K,2019-02-06,edgar/data/25232/0000025232-19-000006.txt
CRANE CO /DE/,0000025445,10-K,2019-02-26,edgar/data/25445/0001628280-19-001892.txt
CRAWFORD & CO,0000025475,10-K,2019-02-25,edgar/data/25475/0000025475-19-000048.txt
SPRINGLEAF FINANCE CORP,0000025598,10-K,2019-02-15,edgar/data/25598/0000025598-19-000007.txt
"TherapeuticsMD, Inc.",0000025743,10-K,2019-02-27,edgar/data/25743/0001387131-19-001471.txt
CTS CORP,0000026058,10-K,2019-02-22,edgar/data/26058/0000026058-19-000020.txt
CUMMINS INC,0000026172,10-K,2019-02-11,edgar/data/26172/0000026172-19-000009.txt
CURTISS WRIGHT CORP,0000026324,10-K,2019-02-27,edgar/data/26324/0000026324-19-000003.txt
DANA INC,0000026780,10-K,2019-02-15,edgar/data/26780/0000026780-19-000004.txt
TARGET CORP,0000027419,10-K,2019-03-13,edgar/data/27419/0000027419-19-000006.txt
DAYTON POWER & LIGHT CO,0000027430,10-K,2019-02-27,edgar/data/27430/0000787250-19-000013.txt
NATURES SUNSHINE PRODUCTS INC,0000275053,10-K,2019-03-08,edgar/data/275053/0001628280-19-002700.txt
CONNECTICUT WATER SERVICE INC / CT,0000276209,10-K,2019-02-28,edgar/data/276209/0000276209-19-000004.txt
EVANS & SUTHERLAND COMPUTER CORP,0000276283,10-K,2019-03-08,edgar/data/276283/0001445866-19-000221.txt
GRAINGER W W INC,0000277135,10-K,2019-02-28,edgar/data/277135/0000277135-19-000010.txt
FEDERAL SIGNAL CORP /DE/,0000277509,10-K,2019-02-28,edgar/data/277509/0000277509-19-000008.txt
DAVEY TREE EXPERT CO,0000277638,10-K,2019-03-11,edgar/data/277638/0000277638-19-000009.txt
CSX CORP,0000277948,10-K,2019-02-06,edgar/data/277948/0000277948-19-000011.txt
DELMARVA POWER & LIGHT CO /DE/,0000027879,10-K,2019-02-08,edgar/data/27879/0001628280-19-001107.txt
DELTA AIR LINES INC /DE/,0000027904,10-K,2019-02-15,edgar/data/27904/0000027904-19-000003.txt
DELUXE CORP,0000027996,10-K,2019-02-26,edgar/data/27996/0000027996-19-000036.txt
DTE Electric Co,0000028385,10-K,2019-02-07,edgar/data/28385/0000936340-19-000086.txt
COMERICA INC /NEW/,0000028412,10-K,2019-02-12,edgar/data/28412/0000028412-19-000047.txt
"DIEBOLD NIXDORF, Inc",0000028823,10-K,2019-03-01,edgar/data/28823/0000028823-19-000069.txt
"DILLARD'S, INC.",0000028917,10-K,2019-03-29,edgar/data/28917/0000028917-19-000078.txt
DIODES INC /DEL/,0000029002,10-K,2019-02-21,edgar/data/29002/0001564590-19-003715.txt
DIXIE GROUP INC,0000029332,10-K,2019-03-08,edgar/data/29332/0000029332-19-000021.txt
DOLLAR GENERAL CORP,0000029534,10-K,2019-03-22,edgar/data/29534/0001558370-19-002383.txt
RR Donnelley & Sons Co,0000029669,10-K,2019-02-27,edgar/data/29669/0001564590-19-004881.txt
DOVER Corp,0000029905,10-K,2019-02-15,edgar/data/29905/0000029905-19-000019.txt
DOW CHEMICAL CO /DE/,0000029915,10-K,2019-02-11,edgar/data/29915/0000029915-19-000008.txt
OMNICOM GROUP INC.,0000029989,10-K,2019-02-12,edgar/data/29989/0000029989-19-000007.txt
DUCOMMUN INC /DE/,0000030305,10-K,2019-02-28,edgar/data/30305/0001628280-19-002279.txt
"Duke Energy Carolinas, LLC",0000030371,10-K,2019-02-28,edgar/data/30371/0001326160-19-000057.txt
DUPONT E I DE NEMOURS & CO,0000030554,10-K,2019-02-11,edgar/data/30554/0000030554-19-000005.txt
FLOWSERVE CORP,0000030625,10-K,2019-02-20,edgar/data/30625/0000030625-19-000009.txt
Wendy's Co,0000030697,10-K,2019-02-27,edgar/data/30697/0000030697-19-000004.txt
VICON INDUSTRIES INC /NY/,0000310056,10-K,2019-01-11,edgar/data/310056/0001493152-19-000485.txt
SENSIENT TECHNOLOGIES CORP,0000310142,10-K,2019-02-22,edgar/data/310142/0001140361-19-003673.txt
"Merck & Co., Inc.",0000310158,10-K,2019-02-27,edgar/data/310158/0000310158-19-000014.txt
FEDERAL NATIONAL MORTGAGE ASSOCIATION FANNIE MAE,0000310522,10-K,2019-02-14,edgar/data/310522/0000310522-19-000116.txt
STRYKER CORP,0000310764,10-K,2019-02-07,edgar/data/310764/0000310764-19-000014.txt
PROTECTIVE LIFE INSURANCE CO,0000310826,10-K,2019-03-25,edgar/data/310826/0000310826-19-000009.txt
EASTERN CO,0000031107,10-K,2019-03-14,edgar/data/31107/0000031107-19-000011.txt
WESTAMERICA BANCORPORATION,0000311094,10-K,2019-02-28,edgar/data/311094/0001171843-19-001381.txt
AKORN INC,0000003116,10-K,2019-03-01,edgar/data/3116/0001628280-19-002359.txt
HMG COURTLAND PROPERTIES INC,0000311817,10-K,2019-03-28,edgar/data/311817/0001575872-19-000071.txt
SADDLEBROOK RESORTS INC,0000313151,10-K,2019-03-29,edgar/data/313151/0001193125-19-092172.txt
DANAHER CORP /DE/,0000313616,10-K,2019-02-21,edgar/data/313616/0000313616-19-000035.txt
CHURCH & DWIGHT CO INC /DE/,0000313927,10-K,2019-02-21,edgar/data/313927/0001564590-19-003587.txt
McEwen Mining Inc.,0000314203,10-K,2019-02-20,edgar/data/314203/0001558370-19-000788.txt
FIRST BUSEY CORP /NV/,0000314489,10-K,2019-02-27,edgar/data/314489/0001558370-19-001194.txt
ECOLAB INC.,0000031462,10-K,2019-03-01,edgar/data/31462/0001558370-19-001379.txt
Ensco plc,0000314808,10-K,2019-02-28,edgar/data/314808/0000314808-19-000021.txt
HALF ROBERT INTERNATIONAL INC /DE/,0000315213,10-K,2019-02-15,edgar/data/315213/0001628280-19-001488.txt
PUBLIC SERVICE CO OF NEW HAMPSHIRE,0000315256,10-K,2019-02-26,edgar/data/315256/0000072741-19-000017.txt
PUBLIC SERVICE CO OF NEW HAMPSHIRE,0000315256,10-K,2019-03-29,edgar/data/315256/0001104659-19-018689.txt
Aon plc,0000315293,10-K,2019-02-19,edgar/data/315293/0001628280-19-001558.txt
HURCO COMPANIES INC,0000315374,10-K,2019-01-04,edgar/data/315374/0001144204-19-000709.txt
ALABAMA POWER CO,0000003153,10-K,2019-02-20,edgar/data/3153/0000092122-19-000006.txt
UQM TECHNOLOGIES INC,0000315449,10-K,2019-03-27,edgar/data/315449/0001558370-19-002491.txt
"PROVECTUS BIOPHARMACEUTICALS, INC.",0000315545,10-K,2019-03-07,edgar/data/315545/0001493152-19-002987.txt
INTERNATIONAL BANCSHARES CORP,0000315709,10-K,2019-02-27,edgar/data/315709/0001558370-19-001172.txt
SOUTHWEST GEORGIA FINANCIAL CORP,0000315849,10-K,2019-03-29,edgar/data/315849/0000315849-19-000010.txt
RANGE RESOURCES CORP,0000315852,10-K,2019-02-25,edgar/data/315852/0001564590-19-004113.txt
BBX Capital Corp,0000315858,10-K,2019-03-12,edgar/data/315858/0000315858-19-000023.txt
CREDITRISKMONITOR COM INC,0000315958,10-K,2019-03-22,edgar/data/315958/0001140361-19-005420.txt
EXCO RESOURCES INC,0000316300,10-K,2019-03-18,edgar/data/316300/0000316300-19-000002.txt
SCHWAB CHARLES CORP,0000316709,10-K,2019-02-22,edgar/data/316709/0000316709-19-000008.txt
PPL ELECTRIC UTILITIES CORP,0000317187,10-K,2019-02-14,edgar/data/317187/0000922224-19-000015.txt
"Coca-Cola Consolidated, Inc.",0000317540,10-K,2019-02-27,edgar/data/317540/0001564590-19-005000.txt
PERKINELMER INC,0000031791,10-K,2019-02-26,edgar/data/31791/0000031791-19-000003.txt
AMGEN INC,0000318154,10-K,2019-02-13,edgar/data/318154/0000318154-19-000008.txt
PEOPLES BANCORP INC,0000318300,10-K,2019-03-01,edgar/data/318300/0000318300-19-000095.txt
ABEONA THERAPEUTICS INC.,0000318306,10-K,2019-03-18,edgar/data/318306/0001144204-19-014623.txt
SECURITY NATIONAL FINANCIAL CORP,0000318673,10-K,2019-03-29,edgar/data/318673/0001096906-19-000117.txt
TEAM INC,0000318833,10-K,2019-03-19,edgar/data/318833/0000318833-19-000014.txt
KEY ENERGY SERVICES INC,0000318996,10-K,2019-03-15,edgar/data/318996/0000318996-19-000006.txt
"Fuse Medical, Inc.",0000319016,10-K,2019-03-21,edgar/data/319016/0001564590-19-008819.txt
Enservco Corp,0000319458,10-K,2019-03-28,edgar/data/319458/0001437749-19-005913.txt
PERMIAN BASIN ROYALTY TRUST,0000319654,10-K,2019-03-18,edgar/data/319654/0001193125-19-078294.txt
SAN JUAN BASIN ROYALTY TRUST,0000319655,10-K,2019-03-18,edgar/data/319655/0001193125-19-078279.txt
"UNITED AIRLINES, INC.",0000319687,10-K,2019-02-28,edgar/data/319687/0000100517-19-000009.txt
EL PASO ELECTRIC CO /TX/,0000031978,10-K,2019-02-28,edgar/data/31978/0000031978-19-000008.txt
CECO ENVIRONMENTAL CORP,0000003197,10-K,2019-03-07,edgar/data/3197/0001564590-19-006619.txt
MAXWELL TECHNOLOGIES INC,0000319815,10-K,2019-02-14,edgar/data/319815/0000319815-19-000005.txt
"CALADRIUS BIOSCIENCES, INC.",0000320017,10-K,2019-03-14,edgar/data/320017/0000320017-19-000024.txt
TORCHMARK CORP,0000320335,10-K,2019-03-01,edgar/data/320335/0000320335-19-000006.txt
INTELLIGENT SYSTEMS CORP,0000320340,10-K,2019-03-13,edgar/data/320340/0001437749-19-004719.txt
PIONEER ENERGY SERVICES CORP,0000320575,10-K,2019-02-19,edgar/data/320575/0000320575-19-000006.txt
METWOOD INC,0000032567,10-K,2019-02-22,edgar/data/32567/0001477932-19-000616.txt
METWOOD INC,0000032567,10-K,2019-03-12,edgar/data/32567/0001477932-19-000951.txt
EQUIFAX INC,0000033185,10-K,2019-02-21,edgar/data/33185/0000033185-19-000007.txt
EQT Corp,0000033213,10-K,2019-02-14,edgar/data/33213/0000033213-19-000006.txt
ESCALADE INC,0000033488,10-K,2019-02-22,edgar/data/33488/0001144204-19-009589.txt
"KINGSTONE COMPANIES, INC.",0000033992,10-K,2019-03-18,edgar/data/33992/0001654954-19-002863.txt
DMC Global Inc.,0000034067,10-K,2019-02-21,edgar/data/34067/0000034067-19-000005.txt
EXXON MOBIL CORP,0000034088,10-K,2019-02-27,edgar/data/34088/0000034088-19-000010.txt
RELIABILITY INC,0000034285,10-K,2019-03-28,edgar/data/34285/0001079974-19-000137.txt
"Matson, Inc.",0000003453,10-K,2019-03-04,edgar/data/3453/0001558370-19-001448.txt
1ST SOURCE CORP,0000034782,10-K,2019-02-22,edgar/data/34782/0000034782-19-000039.txt
FEDERAL REALTY INVESTMENT TRUST,0000034903,10-K,2019-02-13,edgar/data/34903/0000034903-19-000013.txt
ALEXANDERS INC,0000003499,10-K,2019-02-11,edgar/data/3499/0000003499-19-000004.txt
PHI INC,0000350403,10-K,2019-03-18,edgar/data/350403/0001628280-19-003081.txt
"AUTONATION, INC.",0000350698,10-K,2019-02-22,edgar/data/350698/0000350698-19-000047.txt
OCEAN BIO CHEM INC,0000350737,10-K,2019-03-29,edgar/data/350737/0001213900-19-005188.txt
COMMUNITY TRUST BANCORP INC /KY/,0000350852,10-K,2019-02-28,edgar/data/350852/0000350852-19-000039.txt
SEI INVESTMENTS CO,0000350894,10-K,2019-02-25,edgar/data/350894/0000350894-19-000012.txt
Ameris Bancorp,0000351569,10-K,2019-03-01,edgar/data/351569/0000351569-19-000006.txt
ELECTRO SENSORS INC,0000351789,10-K,2019-03-20,edgar/data/351789/0000897101-19-000244.txt
"SILVERBOW RESOURCES, INC.",0000351817,10-K,2019-02-28,edgar/data/351817/0000351817-19-000004.txt
SunOpta Inc.,0000351834,10-K,2019-02-27,edgar/data/351834/0001062993-19-001084.txt
DATA I/O CORP,0000351998,10-K,2019-03-28,edgar/data/351998/0000351998-19-000007.txt
TOLEDO EDISON CO,0000352049,10-K,2019-03-29,edgar/data/352049/0001578443-19-000004.txt
FERRO CORP,0000035214,10-K,2019-02-27,edgar/data/35214/0000035214-19-000019.txt
ALLIANT ENERGY CORP,0000352541,10-K,2019-02-22,edgar/data/352541/0000352541-19-000013.txt
ALLSTATE LIFE INSURANCE CO,0000352736,10-K,2019-02-22,edgar/data/352736/0000352736-19-000003.txt
FOSTER L B CO,0000352825,10-K,2019-03-18,edgar/data/352825/0000352825-19-000012.txt
UNIVERSAL HEALTH SERVICES INC,0000352915,10-K,2019-02-27,edgar/data/352915/0001564590-19-004919.txt
"CKX LANDS, INC.",0000352955,10-K,2019-03-21,edgar/data/352955/0001437749-19-005440.txt
Aegion Corp,0000353020,10-K,2019-03-01,edgar/data/353020/0000353020-19-000002.txt
QUIDEL CORP /DE/,0000353569,10-K,2019-02-15,edgar/data/353569/0000353569-19-000013.txt
GALLAGHER ARTHUR J & CO,0000354190,10-K,2019-02-08,edgar/data/354190/0001193125-19-032304.txt
CVB FINANCIAL CORP,0000354647,10-K,2019-03-01,edgar/data/354647/0001193125-19-060523.txt
HAWAIIAN ELECTRIC INDUSTRIES INC,0000354707,10-K,2019-02-28,edgar/data/354707/0000354707-19-000043.txt
FLIR SYSTEMS INC,0000354908,10-K,2019-02-28,edgar/data/354908/0000354908-19-000018.txt
HOME DEPOT INC,0000354950,10-K,2019-03-28,edgar/data/354950/0000354950-19-000010.txt
SHENANDOAH TELECOMMUNICATIONS CO/VA/,0000354963,10-K,2019-02-28,edgar/data/354963/0001628280-19-002261.txt
FIFTH THIRD BANCORP,0000035527,10-K,2019-03-01,edgar/data/35527/0001193125-19-059441.txt
PROTECTIVE LIFE CORP,0000355429,10-K,2019-03-05,edgar/data/355429/0000355429-19-000008.txt
REAL ESTATE ASSOCIATES LTD IV,0000355573,10-K,2019-03-25,edgar/data/355573/0001376474-19-000054.txt
GENTEX CORP,0000355811,10-K,2019-02-22,edgar/data/355811/0000355811-19-000006.txt
EMC INSURANCE GROUP INC,0000356130,10-K,2019-03-06,edgar/data/356130/0000356130-19-000037.txt
TRICO BANCSHARES /,0000356171,10-K,2019-03-01,edgar/data/356171/0001193125-19-061167.txt
"GLOBAL TECH INDUSTRIES GROUP, INC.",0000356590,10-K,2019-03-27,edgar/data/356590/0001493152-19-003959.txt
"Fibrocell Science, Inc.",0000357097,10-K,2019-03-27,edgar/data/357097/0001628280-19-003496.txt
CHENIERE ENERGY INC,0000003570,10-K,2019-02-26,edgar/data/3570/0000003570-19-000030.txt
OLD SECOND BANCORP INC,0000357173,10-K,2019-03-07,edgar/data/357173/0000357173-19-000012.txt
TRUSTCO BANK CORP N Y,0000357301,10-K,2019-03-01,edgar/data/357301/0001140361-19-004233.txt
FIRST FINANCIAL BANKSHARES INC,0000036029,10-K,2019-02-19,edgar/data/36029/0001193125-19-043555.txt
"CORELOGIC, INC.",0000036047,10-K,2019-02-27,edgar/data/36047/0000036047-19-000014.txt
US BANCORP \DE\,0000036104,10-K,2019-02-22,edgar/data/36104/0001193125-19-047201.txt
TRUSTMARK CORP,0000036146,10-K,2019-02-19,edgar/data/36146/0001564590-19-003267.txt
M&T BANK CORP,0000036270,10-K,2019-02-20,edgar/data/36270/0001564590-19-003467.txt
"FIRST HAWAIIAN, INC.",0000036377,10-K,2019-02-28,edgar/data/36377/0001558370-19-001219.txt
MACKINAC FINANCIAL CORP /MI/,0000036506,10-K,2019-03-18,edgar/data/36506/0001558370-19-002239.txt
FIRST REAL ESTATE INVESTMENT TRUST OF NEW JERSEY,0000036840,10-K,2019-01-11,edgar/data/36840/0001174947-19-000021.txt
FIRST HORIZON NATIONAL CORP,0000036966,10-K,2019-02-28,edgar/data/36966/0000930413-19-000767.txt
Winthrop Realty Liquidating Trust,0000037008,10-K,2019-03-29,edgar/data/37008/0001193125-19-091955.txt
FLORIDA POWER & LIGHT CO,0000037634,10-K,2019-02-15,edgar/data/37634/0000753308-19-000039.txt
"DUKE ENERGY FLORIDA, LLC.",0000037637,10-K,2019-02-28,edgar/data/37637/0001326160-19-000057.txt
"DUKE ENERGY FLORIDA, LLC.",0000037637,10-K,2019-03-26,edgar/data/37637/0001669374-19-000006.txt
FMC CORP,0000037785,10-K,2019-02-28,edgar/data/37785/0000037785-19-000039.txt
FNB CORP/PA/,0000037808,10-K,2019-02-26,edgar/data/37808/0000037808-19-000005.txt
FORD MOTOR CO,0000037996,10-K,2019-02-21,edgar/data/37996/0000037996-19-000012.txt
FORD MOTOR CREDIT CO LLC,0000038009,10-K,2019-02-21,edgar/data/38009/0000038009-19-000012.txt
1st FRANKLIN FINANCIAL CORP,0000038723,10-K,2019-03-29,edgar/data/38723/0001376474-19-000061.txt
FRANKLIN ELECTRIC CO INC,0000038725,10-K,2019-02-28,edgar/data/38725/0000038725-19-000046.txt
"CULLEN/FROST BANKERS, INC.",0000039263,10-K,2019-02-06,edgar/data/39263/0000039263-19-000009.txt
INDEPENDENT BANK CORP /MI/,0000039311,10-K,2019-03-07,edgar/data/39311/0001140361-19-004526.txt
FULLER H B CO,0000039368,10-K,2019-01-28,edgar/data/39368/0001437749-19-001433.txt
TEGNA INC,0000039899,10-K,2019-03-01,edgar/data/39899/0000039899-19-000011.txt
GAP INC,0000039911,10-K,2019-03-19,edgar/data/39911/0000039911-19-000023.txt
GATX CORP,0000040211,10-K,2019-02-25,edgar/data/40211/0000040211-19-000020.txt
GENERAL DYNAMICS CORP,0000040533,10-K,2019-02-13,edgar/data/40533/0000040533-19-000010.txt
GENERAL ELECTRIC CO,0000040545,10-K,2019-02-26,edgar/data/40545/0000040545-19-000014.txt
Ally Financial Inc.,0000040729,10-K,2019-02-20,edgar/data/40729/0000040729-19-000010.txt
"AEROJET ROCKETDYNE HOLDINGS, INC.",0000040888,10-K,2019-02-19,edgar/data/40888/0000040888-19-000004.txt
GENUINE PARTS CO,0000040987,10-K,2019-02-25,edgar/data/40987/0000040987-19-000015.txt
GEORGIA POWER CO,0000041091,10-K,2019-02-20,edgar/data/41091/0000092122-19-000006.txt
GLATFELTER P H CO,0000041719,10-K,2019-02-25,edgar/data/41719/0001564590-19-004077.txt
INDUSTRIAL SERVICES OF AMERICA INC,0000004187,10-K,2019-03-13,edgar/data/4187/0000897101-19-000205.txt
GOLDFIELD CORP,0000042316,10-K,2019-03-12,edgar/data/42316/0000042316-19-000010.txt
GOODYEAR TIRE & RUBBER CO /OH/,0000042582,10-K,2019-02-08,edgar/data/42582/0000950123-19-000989.txt
GORMAN RUPP CO,0000042682,10-K,2019-03-04,edgar/data/42682/0001193125-19-062355.txt
Arconic Inc.,0000004281,10-K,2019-02-21,edgar/data/4281/0000004281-19-000031.txt
GRACO INC,0000042888,10-K,2019-02-19,edgar/data/42888/0000042888-19-000011.txt
GRAY TELEVISION INC,0000043196,10-K,2019-02-28,edgar/data/43196/0001437749-19-003615.txt
HESS CORP,0000004447,10-K,2019-02-21,edgar/data/4447/0001564590-19-003671.txt
HALLIBURTON CO,0000045012,10-K,2019-02-13,edgar/data/45012/0000045012-19-000044.txt
AMERICAN AIRLINES INC,0000004515,10-K,2019-02-25,edgar/data/4515/0000006201-19-000009.txt
HARSCO CORP,0000045876,10-K,2019-02-21,edgar/data/45876/0000045876-19-000007.txt
HARTE HANKS INC,0000045919,10-K,2019-03-18,edgar/data/45919/0000045919-19-000013.txt
TALCOTT RESOLUTION LIFE INSURANCE CO,0000045947,10-K,2019-02-22,edgar/data/45947/0000045947-19-000004.txt
HASBRO INC,0000046080,10-K,2019-02-26,edgar/data/46080/0001193125-19-052025.txt
ALLIED MOTION TECHNOLOGIES INC,0000046129,10-K,2019-03-13,edgar/data/46129/0001104659-19-014558.txt
BANK OF HAWAII CORP,0000046195,10-K,2019-03-01,edgar/data/46195/0000046195-19-000042.txt
HAWAIIAN ELECTRIC CO INC,0000046207,10-K,2019-02-28,edgar/data/46207/0000354707-19-000043.txt
HERSHEY CO,0000047111,10-K,2019-02-22,edgar/data/47111/0000047111-19-000010.txt
HERTZ CORP,0000047129,10-K,2019-02-25,edgar/data/47129/0001657853-19-000005.txt
HICKOK INC,0000047307,10-K,2019-03-29,edgar/data/47307/0001437749-19-006018.txt
HollyFrontier Corp,0000048039,10-K,2019-02-20,edgar/data/48039/0000048039-19-000012.txt
HNI CORP,0000048287,10-K,2019-02-26,edgar/data/48287/0000048287-19-000045.txt
CENTERPOINT ENERGY HOUSTON ELECTRIC LLC,0000048732,10-K,2019-02-28,edgar/data/48732/0001130310-19-000016.txt
HUBBELL INC,0000048898,10-K,2019-02-15,edgar/data/48898/0001628280-19-001446.txt
AMERICAN ELECTRIC POWER CO INC,0000004904,10-K,2019-02-21,edgar/data/4904/0000004904-19-000009.txt
HUMANA INC,0000049071,10-K,2019-02-21,edgar/data/49071/0000049071-19-000023.txt
HUNTINGTON BANCSHARES INC/MD,0000049196,10-K,2019-02-15,edgar/data/49196/0000049196-19-000018.txt
EASTGROUP PROPERTIES INC,0000049600,10-K,2019-02-14,edgar/data/49600/0000049600-19-000007.txt
AMERICAN EXPRESS CO,0000004962,10-K,2019-02-13,edgar/data/4962/0000004962-19-000018.txt
IDAHO POWER CO,0000049648,10-K,2019-02-21,edgar/data/49648/0001057877-19-000024.txt
AMERICAN EXPRESS CREDIT CORP,0000004969,10-K,2019-03-01,edgar/data/4969/0000004969-19-000006.txt
"Dine Brands Global, Inc.",0000049754,10-K,2019-02-21,edgar/data/49754/0000049754-19-000004.txt
AFLAC INC,0000004977,10-K,2019-02-25,edgar/data/4977/0000004977-19-000049.txt
ILLINOIS TOOL WORKS INC,0000049826,10-K,2019-02-15,edgar/data/49826/0000049826-19-000021.txt
IMPERIAL OIL LTD,0000049938,10-K,2019-02-27,edgar/data/49938/0001193125-19-054202.txt
INDIANA MICHIGAN POWER CO,0000050172,10-K,2019-02-21,edgar/data/50172/0000004904-19-000009.txt
INTEL CORP,0000050863,10-K,2019-02-01,edgar/data/50863/0000050863-19-000007.txt
INTERNATIONAL BUSINESS MACHINES CORP,0000051143,10-K,2019-02-26,edgar/data/51143/0001047469-19-000712.txt
INTERNATIONAL FLAVORS & FRAGRANCES INC,0000051253,10-K,2019-02-26,edgar/data/51253/0000051253-19-000004.txt
INTERNATIONAL PAPER CO /NEW/,0000051434,10-K,2019-02-20,edgar/data/51434/0000051434-19-000007.txt
INTERNATIONAL SPEEDWAY CORP,0000051548,10-K,2019-01-25,edgar/data/51548/0000051548-19-000005.txt
"INTERPUBLIC GROUP OF COMPANIES, INC.",0000051644,10-K,2019-02-25,edgar/data/51644/0000051644-19-000009.txt
AMERIPRISE CERTIFICATE CO,0000052428,10-K,2019-02-27,edgar/data/52428/0000820027-19-000011.txt
INTERSTATE POWER & LIGHT CO,0000052485,10-K,2019-02-22,edgar/data/52485/0000352541-19-000013.txt
AMERICAN INTERNATIONAL GROUP INC,0000005272,10-K,2019-02-15,edgar/data/5272/0000005272-19-000023.txt
ANIXTER INTERNATIONAL INC,0000052795,10-K,2019-02-21,edgar/data/52795/0000052795-19-000006.txt
RAYONIER INC,0000052827,10-K,2019-02-22,edgar/data/52827/0000052827-19-000006.txt
KAMAN Corp,0000054381,10-K,2019-02-25,edgar/data/54381/0000054381-19-000009.txt
KANSAS CITY POWER & LIGHT CO,0000054476,10-K,2019-02-22,edgar/data/54476/0001711269-19-000013.txt
KANSAS CITY SOUTHERN,0000054480,10-K,2019-01-25,edgar/data/54480/0000054480-19-000012.txt
WESTAR ENERGY INC /KS,0000054507,10-K,2019-02-22,edgar/data/54507/0001711269-19-000013.txt
KELLOGG CO,0000055067,10-K,2019-02-25,edgar/data/55067/0001628280-19-001864.txt
KELLY SERVICES INC,0000055135,10-K,2019-02-14,edgar/data/55135/0000055135-19-000006.txt
Unum Group,0000005513,10-K,2019-02-19,edgar/data/5513/0000005513-19-000004.txt
KENTUCKY UTILITIES CO,0000055387,10-K,2019-02-14,edgar/data/55387/0000922224-19-000015.txt
KIMBERLY CLARK CORP,0000055785,10-K,2019-02-07,edgar/data/55785/0000055785-19-000013.txt
KIRBY CORP,0000056047,10-K,2019-02-26,edgar/data/56047/0001140361-19-003795.txt
LEGGETT & PLATT INC,0000058492,10-K,2019-02-27,edgar/data/58492/0000058492-19-000004.txt
VALHI INC /DE/,0000059255,10-K,2019-03-11,edgar/data/59255/0001564590-19-007189.txt
VECTOR GROUP LTD,0000059440,10-K,2019-03-01,edgar/data/59440/0000059440-19-000004.txt
LILLY ELI & CO,0000059478,10-K,2019-02-19,edgar/data/59478/0000059478-19-000082.txt
LINCOLN ELECTRIC HOLDINGS INC,0000059527,10-K,2019-02-27,edgar/data/59527/0000059527-19-000008.txt
LINCOLN NATIONAL CORP,0000059558,10-K,2019-02-20,edgar/data/59558/0000059558-19-000010.txt
AMERICAN VANGUARD CORP,0000005981,10-K,2019-03-12,edgar/data/5981/0001564590-19-007329.txt
LOEWS CORP,0000060086,10-K,2019-02-13,edgar/data/60086/0001193125-19-037854.txt
LOUISIANA-PACIFIC CORP,0000060519,10-K,2019-02-14,edgar/data/60519/0001504337-19-000008.txt
LOUISVILLE GAS & ELECTRIC CO /KY/,0000060549,10-K,2019-02-14,edgar/data/60549/0000922224-19-000015.txt
LSB INDUSTRIES INC,0000060714,10-K,2019-02-26,edgar/data/60714/0001564590-19-004486.txt
LYDALL INC /DE/,0000060977,10-K,2019-02-26,edgar/data/60977/0001628280-19-001902.txt
LGL GROUP INC,0000061004,10-K,2019-03-21,edgar/data/61004/0001564590-19-008815.txt
MADISON GAS & ELECTRIC CO,0000061339,10-K,2019-02-22,edgar/data/61339/0001161728-19-000005.txt
TELLURIAN INC. /DE/,0000061398,10-K,2019-02-27,edgar/data/61398/0000061398-19-000009.txt
AMPCO PITTSBURGH CORP,0000006176,10-K,2019-03-18,edgar/data/6176/0001564590-19-008247.txt
MANITOWOC CO INC,0000061986,10-K,2019-02-13,edgar/data/61986/0001564590-19-002823.txt
American Airlines Group Inc.,0000006201,10-K,2019-02-25,edgar/data/6201/0000006201-19-000009.txt
MARCUS CORP,0000062234,10-K,2019-03-12,edgar/data/62234/0001144204-19-013491.txt
"MARSH & MCLENNAN COMPANIES, INC.",0000062709,10-K,2019-02-21,edgar/data/62709/0000062709-19-000010.txt
MASCO CORP /DE/,0000062996,10-K,2019-02-07,edgar/data/62996/0000062996-19-000011.txt
MATTEL INC /DE/,0000063276,10-K,2019-02-22,edgar/data/63276/0001628280-19-001744.txt
MAUI LAND & PINEAPPLE CO INC,0000063330,10-K,2019-03-01,edgar/data/63330/0001437749-19-003802.txt
MCCORMICK & CO INC,0000063754,10-K,2019-01-25,edgar/data/63754/0000063754-19-000017.txt
MCDONALDS CORP,0000063908,10-K,2019-02-22,edgar/data/63908/0000063908-19-000010.txt
S&P Global Inc.,0000064040,10-K,2019-02-13,edgar/data/64040/0000064040-19-000059.txt
CVS HEALTH Corp,0000064803,10-K,2019-02-28,edgar/data/64803/0000064803-19-000013.txt
ANDREA ELECTRONICS CORP,0000006494,10-K,2019-03-29,edgar/data/6494/0001206774-19-001153.txt
MERCURY GENERAL CORP,0000064996,10-K,2019-02-13,edgar/data/64996/0000064996-19-000004.txt
SIEBERT FINANCIAL CORP,0000065596,10-K,2019-03-29,edgar/data/65596/0001157523-19-000710.txt
MICROPAC INDUSTRIES INC,0000065759,10-K,2019-02-05,edgar/data/65759/0001010549-19-000016.txt
"MICROVISION, INC.",0000065770,10-K,2019-03-06,edgar/data/65770/0001136261-19-000098.txt
ENTERGY CORP /DE/,0000065984,10-K,2019-02-26,edgar/data/65984/0000065984-19-000082.txt
MIDDLESEX WATER CO,0000066004,10-K,2019-03-08,edgar/data/66004/0001174947-19-000334.txt
MSA Safety Inc,0000066570,10-K,2019-02-22,edgar/data/66570/0000066570-19-000010.txt
MINERAL MOUNTAIN MINING & MILLING CO,0000066600,10-K,2019-01-15,edgar/data/66600/0001575705-19-000007.txt
3M CO,0000066740,10-K,2019-02-07,edgar/data/66740/0001558370-19-000470.txt
ALLETE INC,0000066756,10-K,2019-02-14,edgar/data/66756/0000066756-19-000023.txt
"ENTERGY MISSISSIPPI, LLC",0000066901,10-K,2019-02-26,edgar/data/66901/0000065984-19-000082.txt
MISSISSIPPI POWER CO,0000066904,10-K,2019-02-20,edgar/data/66904/0000092122-19-000006.txt
DYCOM INDUSTRIES INC,0000067215,10-K,2019-03-04,edgar/data/67215/0000067215-19-000008.txt
APACHE CORP,0000006769,10-K,2019-03-01,edgar/data/6769/0001733037-19-000004.txt
MDU RESOURCES GROUP INC,0000067716,10-K,2019-02-22,edgar/data/67716/0000067716-19-000019.txt
"Motorola Solutions, Inc.",0000068505,10-K,2019-02-15,edgar/data/68505/0000068505-19-000006.txt
QWEST CORP,0000068622,10-K,2019-03-22,edgar/data/68622/0000068622-19-000003.txt
APPALACHIAN POWER CO,0000006879,10-K,2019-02-21,edgar/data/6879/0000004904-19-000009.txt
MYERS INDUSTRIES INC,0000069488,10-K,2019-03-08,edgar/data/69488/0001564590-19-007003.txt
FULTON FINANCIAL CORP,0000700564,10-K,2019-03-01,edgar/data/700564/0000700564-19-000012.txt
FIRST MID ILLINOIS BANCSHARES INC,0000700565,10-K,2019-03-05,edgar/data/700565/0000700565-19-000003.txt
RCM TECHNOLOGIES INC,0000700841,10-K,2019-03-11,edgar/data/700841/0000700841-19-000008.txt
MYR GROUP INC.,0000700923,10-K,2019-03-06,edgar/data/700923/0001144204-19-012547.txt
ATRION CORP,0000701288,10-K,2019-02-26,edgar/data/701288/0001654954-19-002002.txt
CENTRAL PACIFIC FINANCIAL CORP,0000701347,10-K,2019-02-28,edgar/data/701347/0000701347-19-000009.txt
Six Flags Entertainment Corp,0000701374,10-K,2019-02-20,edgar/data/701374/0000701374-19-000048.txt
INDEPENDENCE HOLDING CO,0000701869,10-K,2019-03-15,edgar/data/701869/0000701869-19-000008.txt
"L Brands, Inc.",0000701985,10-K,2019-03-22,edgar/data/701985/0000701985-19-000015.txt
NORFOLK SOUTHERN CORP,0000702165,10-K,2019-02-08,edgar/data/702165/0000702165-19-000012.txt
FIRST MIDWEST BANCORP INC,0000702325,10-K,2019-03-01,edgar/data/702325/0000702325-19-000020.txt
Bank of Commerce Holdings,0000702513,10-K,2019-03-12,edgar/data/702513/0001437749-19-004660.txt
TENET HEALTHCARE CORP,0000070318,10-K,2019-02-25,edgar/data/70318/0000070318-19-000017.txt
LAWSON PRODUCTS INC/NEW/DE/,0000703604,10-K,2019-03-04,edgar/data/703604/0000703604-19-000023.txt
TRECORA RESOURCES,0000007039,10-K,2019-03-15,edgar/data/7039/0000007039-19-000030.txt
"TIVITY HEALTH, INC.",0000704415,10-K,2019-02-26,edgar/data/704415/0001564590-19-004399.txt
REPRO MED SYSTEMS INC,0000704440,10-K,2019-03-05,edgar/data/704440/0001161697-19-000090.txt
NANOMETRICS INC,0000704532,10-K,2019-02-25,edgar/data/704532/0001564590-19-004083.txt
NATIONAL RESEARCH CORP,0000070487,10-K,2019-03-08,edgar/data/70487/0001437749-19-004393.txt
SOUTHSIDE BANCSHARES INC,0000705432,10-K,2019-02-28,edgar/data/705432/0000705432-19-000017.txt
HORIZON BANCORP INC /IN/,0000706129,10-K,2019-02-28,edgar/data/706129/0001193125-19-058056.txt
AARON'S INC,0000706688,10-K,2019-02-14,edgar/data/706688/0000706688-19-000026.txt
UTAH MEDICAL PRODUCTS INC,0000706698,10-K,2019-03-14,edgar/data/706698/0001096906-19-000100.txt
UNION BANKSHARES INC,0000706863,10-K,2019-03-15,edgar/data/706863/0000706863-19-000026.txt
OLD NATIONAL BANCORP /IN/,0000707179,10-K,2019-02-12,edgar/data/707179/0001564590-19-002651.txt
DIGIRAD CORP,0000707388,10-K,2019-03-01,edgar/data/707388/0000707388-19-000006.txt
REGENERX BIOPHARMACEUTICALS INC,0000707511,10-K,2019-03-29,edgar/data/707511/0001144204-19-016982.txt
AMERISERV FINANCIAL INC /PA/,0000707605,10-K,2019-03-05,edgar/data/707605/0001144204-19-012248.txt
UNITED COMMUNITY FINANCIAL CORP,0000707886,10-K,2019-03-13,edgar/data/707886/0001564590-19-007564.txt
ARCHER DANIELS MIDLAND CO,0000007084,10-K,2019-02-19,edgar/data/7084/0000007084-19-000012.txt
BANK OF AMERICA CORP /DE/,0000070858,10-K,2019-02-26,edgar/data/70858/0000070858-19-000012.txt
NCR CORP,0000070866,10-K,2019-02-28,edgar/data/70866/0000070866-19-000007.txt
CASS INFORMATION SYSTEMS INC,0000708781,10-K,2019-03-01,edgar/data/708781/0001206774-19-000648.txt
MCDERMOTT INTERNATIONAL INC,0000708819,10-K,2019-02-25,edgar/data/708819/0001564590-19-003980.txt
PAR TECHNOLOGY CORP,0000708821,10-K,2019-03-18,edgar/data/708821/0000708821-19-000017.txt
FIRST FINANCIAL BANCORP /OH/,0000708955,10-K,2019-02-22,edgar/data/708955/0000708955-19-000020.txt
NOBLE ROMANS INC,0000709005,10-K,2019-03-27,edgar/data/709005/0001654954-19-003465.txt
FARMERS NATIONAL BANC CORP /OH/,0000709337,10-K,2019-03-05,edgar/data/709337/0001564590-19-006201.txt
SABINE ROYALTY TRUST,0000710752,10-K,2019-03-13,edgar/data/710752/0001193125-19-073221.txt
KIEWIT ROYALTY TRUST,0000711477,10-K,2019-03-28,edgar/data/711477/0001104659-19-018117.txt
COLONY BANKCORP INC,0000711669,10-K,2019-03-15,edgar/data/711669/0001437749-19-005006.txt
CAMBRIDGE BANCORP,0000711772,10-K,2019-03-18,edgar/data/711772/0001564590-19-008340.txt
NEVADA POWER CO,0000071180,10-K,2019-02-25,edgar/data/71180/0001081316-19-000003.txt
ACCO BRANDS Corp,0000712034,10-K,2019-02-27,edgar/data/712034/0000712034-19-000013.txt
FIRST MERCHANTS CORP,0000712534,10-K,2019-02-27,edgar/data/712534/0000712534-19-000032.txt
FIRST COMMONWEALTH FINANCIAL CORP /PA/,0000712537,10-K,2019-03-01,edgar/data/712537/0000712537-19-000008.txt
ONE LIBERTY PROPERTIES INC,0000712770,10-K,2019-03-18,edgar/data/712770/0001047469-19-001388.txt
"ConnectOne Bancorp, Inc.",0000712771,10-K,2019-02-28,edgar/data/712771/0001206774-19-000612.txt
DNB FINANCIAL CORP /PA/,0000713671,10-K,2019-03-14,edgar/data/713671/0000713671-19-000029.txt
"PNC FINANCIAL SERVICES GROUP, INC.",0000713676,10-K,2019-03-01,edgar/data/713676/0000713676-19-000015.txt
VALLEY NATIONAL BANCORP,0000714310,10-K,2019-02-28,edgar/data/714310/0000714310-19-000096.txt
"GERMAN AMERICAN BANCORP, INC.",0000714395,10-K,2019-03-01,edgar/data/714395/0000714395-19-000010.txt
FIRST FINANCIAL CORP /IN/,0000714562,10-K,2019-03-06,edgar/data/714562/0000714562-19-000035.txt
RENASANT CORP,0000715072,10-K,2019-02-27,edgar/data/715072/0000715072-19-000041.txt
"ENTERGY NEW ORLEANS, LLC",0000071508,10-K,2019-02-26,edgar/data/71508/0000065984-19-000082.txt
Anixa Biosciences Inc,0000715446,10-K,2019-01-11,edgar/data/715446/0001513162-19-000016.txt
ACNB CORP,0000715579,10-K,2019-03-08,edgar/data/715579/0001047469-19-001018.txt
"Nuvera Communications, Inc.",0000071557,10-K,2019-03-14,edgar/data/71557/0001513162-19-000076.txt
INTERFACE INC,0000715787,10-K,2019-02-28,edgar/data/715787/0001437749-19-003613.txt
DOMINION ENERGY INC /VA/,0000715957,10-K,2019-02-28,edgar/data/715957/0001193125-19-057924.txt
YRC Worldwide Inc.,0000716006,10-K,2019-02-19,edgar/data/716006/0000716006-19-000004.txt
CINCINNATI BELL INC,0000716133,10-K,2019-02-22,edgar/data/716133/0000716133-19-000010.txt
PENNS WOODS BANCORP INC,0000716605,10-K,2019-03-12,edgar/data/716605/0000716605-19-000006.txt
READING INTERNATIONAL INC,0000716634,10-K,2019-03-18,edgar/data/716634/0000716634-19-000007.txt
NEW YORK TIMES CO,0000071691,10-K,2019-02-26,edgar/data/71691/0000071691-19-000003.txt
MURPHY OIL CORP /DE,0000717423,10-K,2019-02-27,edgar/data/717423/0000717423-19-000016.txt
ARROW FINANCIAL CORP,0000717538,10-K,2019-03-08,edgar/data/717538/0000717538-19-000078.txt
HEXCEL CORP /DE/,0000717605,10-K,2019-02-06,edgar/data/717605/0001564590-19-002166.txt
FIRST US BANCSHARES INC,0000717806,10-K,2019-03-15,edgar/data/717806/0001437749-19-005012.txt
NEWPARK RESOURCES INC,0000071829,10-K,2019-02-22,edgar/data/71829/0000071829-19-000021.txt
COMMUNITY BANCORP /VT,0000718413,10-K,2019-03-15,edgar/data/718413/0001654954-19-002814.txt
"Activision Blizzard, Inc.",0000718877,10-K,2019-02-28,edgar/data/718877/0001047469-19-000788.txt
STAAR SURGICAL CO,0000718937,10-K,2019-02-21,edgar/data/718937/0001564590-19-003674.txt
Apyx Medical Corp,0000719135,10-K,2019-03-14,edgar/data/719135/0001628280-19-002892.txt
ISRAMCO INC,0000719209,10-K,2019-03-18,edgar/data/719209/0001185185-19-000385.txt
S&T BANCORP INC,0000719220,10-K,2019-02-21,edgar/data/719220/0000719220-19-000017.txt
FIRST NATIONAL CORP /VA/,0000719402,10-K,2019-03-14,edgar/data/719402/0000719402-19-000007.txt
HECLA MINING CO/DE/,0000719413,10-K,2019-02-22,edgar/data/719413/0001437749-19-003108.txt
SVB FINANCIAL GROUP,0000719739,10-K,2019-02-28,edgar/data/719739/0000719739-19-000018.txt
STIFEL FINANCIAL CORP,0000720672,10-K,2019-02-20,edgar/data/720672/0001564590-19-003474.txt
INVESTORS TITLE CO,0000720858,10-K,2019-03-13,edgar/data/720858/0000720858-19-000009.txt
CCA INDUSTRIES INC,0000721447,10-K,2019-02-28,edgar/data/721447/0000721447-19-000006.txt
NL INDUSTRIES INC,0000072162,10-K,2019-03-11,edgar/data/72162/0001564590-19-007207.txt
TOTAL SYSTEM SERVICES INC,0000721683,10-K,2019-02-21,edgar/data/721683/0001558370-19-000862.txt
LAKELAND FINANCIAL CORP,0000721994,10-K,2019-02-28,edgar/data/721994/0000721994-19-000011.txt
NOBILITY HOMES INC,0000072205,10-K,2019-01-31,edgar/data/72205/0001193125-19-023504.txt
NOBLE ENERGY INC,0000072207,10-K,2019-02-19,edgar/data/72207/0000072207-19-000018.txt
"HANGER, INC.",0000722723,10-K,2019-03-14,edgar/data/722723/0001104659-19-014846.txt
"COMMUNITY BANK SYSTEM, INC.",0000723188,10-K,2019-03-01,edgar/data/723188/0001140361-19-004202.txt
NORDSTROM INC,0000072333,10-K,2019-03-18,edgar/data/72333/0000072333-19-000060.txt
"AVIS BUDGET GROUP, INC.",0000723612,10-K,2019-02-21,edgar/data/723612/0000723612-19-000025.txt
FRANKLIN FINANCIAL SERVICES CORP /PA/,0000723646,10-K,2019-03-18,edgar/data/723646/0000723646-19-000017.txt
"Vaxart, Inc.",0000072444,10-K,2019-02-06,edgar/data/72444/0001513162-19-000041.txt
Trinity Place Holdings Inc.,0000724742,10-K,2019-03-18,edgar/data/724742/0001144204-19-014669.txt
MOVADO GROUP INC,0000072573,10-K,2019-03-28,edgar/data/72573/0001564590-19-009741.txt
TRIBUNE MEDIA CO,0000726513,10-K,2019-03-01,edgar/data/726513/0000726513-19-000006.txt
FIRST EQUITY PROPERTIES INC,0000726516,10-K,2019-03-29,edgar/data/726516/0001010549-19-000046.txt
CAPITAL CITY BANK GROUP INC,0000726601,10-K,2019-03-05,edgar/data/726601/0000726601-19-000009.txt
REALTY INCOME CORP,0000726728,10-K,2019-02-22,edgar/data/726728/0000726728-19-000038.txt
CITY HOLDING CO,0000726854,10-K,2019-03-11,edgar/data/726854/0000726854-19-000049.txt
LINCOLN NATIONAL LIFE INSURANCE CO /IN/,0000726865,10-K,2019-03-13,edgar/data/726865/0000726865-19-000080.txt
"Accelerate Diagnostics, Inc",0000727207,10-K,2019-03-01,edgar/data/727207/0001628280-19-002318.txt
CADIZ INC,0000727273,10-K,2019-03-18,edgar/data/727273/0000727273-19-000004.txt
EVERSOURCE ENERGY,0000072741,10-K,2019-02-26,edgar/data/72741/0000072741-19-000017.txt
"ENZON PHARMACEUTICALS, INC.",0000727510,10-K,2019-02-21,edgar/data/727510/0001144204-19-009301.txt
APACHE OFFSHORE INVESTMENT PARTNERSHIP,0000727538,10-K,2019-03-01,edgar/data/727538/0001673379-19-000009.txt
RIVERSOURCE LIFE INSURANCE CO,0000727892,10-K,2019-02-27,edgar/data/727892/0000820027-19-000012.txt
AXA EQUITABLE LIFE INSURANCE CO,0000727920,10-K,2019-03-28,edgar/data/727920/0000727920-19-000005.txt
"IPALCO ENTERPRISES, INC.",0000728391,10-K,2019-02-27,edgar/data/728391/0000728391-19-000012.txt
HUNT J B TRANSPORT SERVICES INC,0000728535,10-K,2019-02-22,edgar/data/728535/0001437749-19-003134.txt
ARIZONA PUBLIC SERVICE CO,0000007286,10-K,2019-02-22,edgar/data/7286/0000764622-19-000019.txt
XCEL ENERGY INC,0000072903,10-K,2019-02-22,edgar/data/72903/0000072903-19-000010.txt
NORTHERN STATES POWER CO /WI/,0000072909,10-K,2019-02-22,edgar/data/72909/0000072909-19-000004.txt
BEL FUSE INC /NJ,0000729580,10-K,2019-03-08,edgar/data/729580/0000729580-19-000007.txt
WELLS FARGO & COMPANY/MN,0000072971,10-K,2019-02-27,edgar/data/72971/0000072971-19-000227.txt
UNITED BANKSHARES INC/WV,0000729986,10-K,2019-03-01,edgar/data/729986/0001193125-19-060795.txt
NORTHWEST NATURAL GAS CO,0000073020,10-K,2019-03-01,edgar/data/73020/0001733998-19-000004.txt
REPLIGEN CORP,0000730272,10-K,2019-03-01,edgar/data/730272/0001193125-19-060645.txt
TOFUTTI BRANDS INC,0000730349,10-K,2019-03-29,edgar/data/730349/0001493152-19-004276.txt
SEACOAST BANKING CORP OF FLORIDA,0000730708,10-K,2019-02-26,edgar/data/730708/0001628280-19-001975.txt
NORTHWESTERN CORP,0000073088,10-K,2019-02-12,edgar/data/73088/0000073088-19-000023.txt
HEALTHCARE SERVICES GROUP INC,0000731012,10-K,2019-03-18,edgar/data/731012/0000731012-19-000040.txt
NORTHERN TRUST CORP,0000073124,10-K,2019-02-26,edgar/data/73124/0000073124-19-000088.txt
PACCAR FINANCIAL CORP,0000731288,10-K,2019-02-21,edgar/data/731288/0001564590-19-003678.txt
UNITED BANCORP INC /OH/,0000731653,10-K,2019-03-20,edgar/data/731653/0001144204-19-015057.txt
UNITEDHEALTH GROUP INC,0000731766,10-K,2019-02-12,edgar/data/731766/0000731766-19-000005.txt
"ENTERGY ARKANSAS, LLC",0000007323,10-K,2019-02-26,edgar/data/7323/0000065984-19-000082.txt
HILLS BANCORPORATION,0000732417,10-K,2019-03-05,edgar/data/732417/0000732417-19-000009.txt
VERIZON COMMUNICATIONS INC,0000732712,10-K,2019-02-15,edgar/data/732712/0000732712-19-000012.txt
AT&T INC.,0000732717,10-K,2019-02-20,edgar/data/732717/0001193125-19-045608.txt
"CONTINENTAL RESOURCES, INC",0000732834,10-K,2019-02-19,edgar/data/732834/0000732834-19-000002.txt
BRIGHTHOUSE LIFE INSURANCE Co,0000733076,10-K,2019-03-05,edgar/data/733076/0000733076-19-000005.txt
NUCOR CORP,0000073309,10-K,2019-02-28,edgar/data/73309/0001193125-19-057744.txt
SOUTHWESTERN ENERGY CO,0000007332,10-K,2019-02-28,edgar/data/7332/0000007332-19-000010.txt
"PwrCor, Inc.",0000733337,10-K,2019-03-29,edgar/data/733337/0001393905-19-000094.txt
INTRUSION INC,0000736012,10-K,2019-03-28,edgar/data/736012/0001437749-19-005894.txt
CNB FINANCIAL CORP/PA,0000736772,10-K,2019-03-07,edgar/data/736772/0000736772-19-000009.txt
WASHINGTON TRUST BANCORP INC,0000737468,10-K,2019-02-26,edgar/data/737468/0000737468-19-000015.txt
OCEANEERING INTERNATIONAL INC,0000073756,10-K,2019-02-28,edgar/data/73756/0000073756-19-000011.txt
FIRST KEYSTONE CORP,0000737875,10-K,2019-03-18,edgar/data/737875/0001144204-19-014632.txt
"AEMETIS, INC",0000738214,10-K,2019-03-15,edgar/data/738214/0001654954-19-002756.txt
CITIZENS FINANCIAL SERVICES INC,0000739421,10-K,2019-03-07,edgar/data/739421/0000739421-19-000014.txt
OHIO EDISON CO,0000073960,10-K,2019-03-29,edgar/data/73960/0001578443-19-000004.txt
OHIO POWER CO,0000073986,10-K,2019-02-21,edgar/data/73986/0000004904-19-000009.txt
VENTAS INC,0000740260,10-K,2019-02-08,edgar/data/740260/0000740260-19-000037.txt
FIRST OF LONG ISLAND CORP,0000740663,10-K,2019-03-15,edgar/data/740663/0000740663-19-000010.txt
F&M BANK CORP,0000740806,10-K,2019-03-14,edgar/data/740806/0001654954-19-002720.txt
OLD POINT FINANCIAL CORP,0000740971,10-K,2019-03-18,edgar/data/740971/0001140361-19-005140.txt
OKLAHOMA GAS & ELECTRIC CO,0000074145,10-K,2019-02-21,edgar/data/74145/0000074145-19-000006.txt
AMERICAN NATIONAL BANKSHARES INC.,0000741516,10-K,2019-03-08,edgar/data/741516/0000741516-19-000006.txt
"UDR, Inc.",0000074208,10-K,2019-02-19,edgar/data/74208/0000074208-19-000028.txt
INVACARE CORP,0000742112,10-K,2019-03-07,edgar/data/742112/0000742112-19-000010.txt
"US ECOLOGY, INC.",0000742126,10-K,2019-02-28,edgar/data/742126/0001558370-19-001291.txt
RPC INC,0000742278,10-K,2019-02-28,edgar/data/742278/0001144204-19-011175.txt
OLD REPUBLIC INTERNATIONAL CORP,0000074260,10-K,2019-02-28,edgar/data/74260/0000074260-19-000016.txt
OLIN CORP,0000074303,10-K,2019-02-25,edgar/data/74303/0000074303-19-000018.txt
ARMSTRONG WORLD INDUSTRIES INC,0000007431,10-K,2019-02-25,edgar/data/7431/0001564590-19-003978.txt
SPARTAN MOTORS INC,0000743238,10-K,2019-03-05,edgar/data/743238/0001437749-19-004091.txt
BAR HARBOR BANKSHARES,0000743367,10-K,2019-03-12,edgar/data/743367/0000743367-19-000041.txt
REX AMERICAN RESOURCES Corp,0000744187,10-K,2019-03-29,edgar/data/744187/0000930413-19-001085.txt
"Celldex Therapeutics, Inc.",0000744218,10-K,2019-03-07,edgar/data/744218/0001047469-19-000992.txt
AMERICAN SHARED HOSPITAL SERVICES,0000744825,10-K,2019-03-29,edgar/data/744825/0001144204-19-016999.txt
ST JOE CO,0000745308,10-K,2019-02-27,edgar/data/745308/0001558370-19-001206.txt
MIDSOUTH BANCORP INC,0000745981,10-K,2019-03-18,edgar/data/745981/0000745981-19-000032.txt
"GLOWPOINT, INC.",0000746210,10-K,2019-03-08,edgar/data/746210/0000746210-19-000009.txt
NEW ENGLAND REALTY ASSOCIATES LIMITED PARTNERSHIP,0000746514,10-K,2019-03-13,edgar/data/746514/0001558370-19-001912.txt
EXPEDITORS INTERNATIONAL OF WASHINGTON INC,0000746515,10-K,2019-02-22,edgar/data/746515/0000746515-19-000004.txt
UNISYS CORP,0000746838,10-K,2019-03-04,edgar/data/746838/0000746838-19-000051.txt
SURGE COMPONENTS INC,0000747540,10-K,2019-02-28,edgar/data/747540/0001213900-19-003321.txt
NTN BUZZTIME INC,0000748592,10-K,2019-03-22,edgar/data/748592/0001493152-19-003770.txt
GARTNER INC,0000749251,10-K,2019-02-22,edgar/data/749251/0000749251-19-000005.txt
Celsion CORP,0000749647,10-K,2019-03-29,edgar/data/749647/0001493152-19-004184.txt
ICAD INC,0000749660,10-K,2019-03-29,edgar/data/749660/0001193125-19-092896.txt
SCIENTIFIC GAMES CORP,0000750004,10-K,2019-02-28,edgar/data/750004/0000750004-19-000007.txt
SUNTRUST BANKS INC,0000750556,10-K,2019-02-22,edgar/data/750556/0000750556-19-000103.txt
QNB CORP,0000750558,10-K,2019-03-14,edgar/data/750558/0001564590-19-007714.txt
"AUBURN NATIONAL BANCORPORATION, INC",0000750574,10-K,2019-03-12,edgar/data/750574/0001193125-19-071636.txt
HANCOCK WHITNEY CORP,0000750577,10-K,2019-03-01,edgar/data/750577/0000750577-19-000004.txt
CAMDEN NATIONAL CORP,0000750686,10-K,2019-03-13,edgar/data/750686/0000750686-19-000052.txt
"NATIONAL RETAIL PROPERTIES, INC.",0000751364,10-K,2019-02-12,edgar/data/751364/0000751364-19-000024.txt
VICOR CORP,0000751978,10-K,2019-02-28,edgar/data/751978/0001193125-19-057343.txt
OVERSEAS SHIPHOLDING GROUP INC,0000075208,10-K,2019-03-15,edgar/data/75208/0000075208-19-000020.txt
ELECTRONIC SYSTEMS TECHNOLOGY INC,0000752294,10-K,2019-03-01,edgar/data/752294/0001052918-19-000044.txt
OWENS & MINOR INC/VA/,0000075252,10-K,2019-03-06,edgar/data/75252/0000075252-19-000037.txt
"UMH PROPERTIES, INC.",0000752642,10-K,2019-03-07,edgar/data/752642/0001493152-19-002992.txt
MCGRATH RENTCORP,0000752714,10-K,2019-02-26,edgar/data/752714/0001564590-19-004446.txt
NEXTERA ENERGY INC,0000753308,10-K,2019-02-15,edgar/data/753308/0000753308-19-000039.txt
P&F INDUSTRIES INC,0000075340,10-K,2019-03-29,edgar/data/75340/0001144204-19-016851.txt
PACCAR INC,0000075362,10-K,2019-02-21,edgar/data/75362/0001564590-19-003670.txt
ARROW ELECTRONICS INC,0000007536,10-K,2019-02-07,edgar/data/7536/0001733391-19-000005.txt
SCANA CORP,0000754737,10-K,2019-02-28,edgar/data/754737/0000754737-19-000008.txt
PACIFIC GAS & ELECTRIC Co,0000075488,10-K,2019-02-28,edgar/data/75488/0001004980-19-000004.txt
UNITIL CORP,0000755001,10-K,2019-01-31,edgar/data/755001/0001193125-19-023132.txt
PACIFICORP /OR/,0000075594,10-K,2019-02-25,edgar/data/75594/0001081316-19-000003.txt
PACKAGING CORP OF AMERICA,0000075677,10-K,2019-02-28,edgar/data/75677/0001564590-19-005284.txt
"GCI, LLC",0000075679,10-K,2019-02-28,edgar/data/75679/0000075679-19-000005.txt
USG CORP,0000757011,10-K,2019-02-14,edgar/data/757011/0000757011-19-000016.txt
QUALSTAR CORP,0000758938,10-K,2019-03-07,edgar/data/758938/0001437749-19-004348.txt
CITIZENS FINANCIAL GROUP INC/RI,0000759944,10-K,2019-02-21,edgar/data/759944/0000759944-19-000024.txt
BANCFIRST CORP /OK/,0000760498,10-K,2019-02-26,edgar/data/760498/0001564590-19-004389.txt
PANHANDLE EASTERN PIPE LINE CO LP,0000076063,10-K,2019-02-22,edgar/data/76063/0000076063-19-000010.txt
"CEDAR REALTY TRUST, INC.",0000761648,10-K,2019-02-14,edgar/data/761648/0001564590-19-003000.txt
ARTS WAY MANUFACTURING CO INC,0000007623,10-K,2019-02-05,edgar/data/7623/0001437749-19-001882.txt
PARK OHIO HOLDINGS CORP,0000076282,10-K,2019-03-05,edgar/data/76282/0000076282-19-000021.txt
PARKER DRILLING CO /DE/,0000076321,10-K,2019-03-11,edgar/data/76321/0000076321-19-000018.txt
CHEMUNG FINANCIAL CORP,0000763563,10-K,2019-03-13,edgar/data/763563/0000763563-19-000080.txt
LCI INDUSTRIES,0000763744,10-K,2019-02-27,edgar/data/763744/0000763744-19-000018.txt
POPULAR INC,0000763901,10-K,2019-03-01,edgar/data/763901/0001193125-19-059912.txt
FIRST UNITED CORP/MD/,0000763907,10-K,2019-03-12,edgar/data/763907/0001144204-19-013540.txt
SOUTH STATE Corp,0000764038,10-K,2019-02-22,edgar/data/764038/0001558370-19-000905.txt
CLEVELAND-CLIFFS INC.,0000764065,10-K,2019-02-08,edgar/data/764065/0000764065-19-000025.txt
"ALTRIA GROUP, INC.",0000764180,10-K,2019-02-26,edgar/data/764180/0000764180-19-000023.txt
VBI Vaccines Inc/BC,0000764195,10-K,2019-02-25,edgar/data/764195/0001493152-19-002481.txt
BEST BUY CO INC,0000764478,10-K,2019-03-28,edgar/data/764478/0000764478-19-000009.txt
CAS MEDICAL SYSTEMS INC,0000764579,10-K,2019-03-25,edgar/data/764579/0001072613-19-000145.txt
PINNACLE WEST CAPITAL CORP,0000764622,10-K,2019-02-22,edgar/data/764622/0000764622-19-000019.txt
CATERPILLAR FINANCIAL SERVICES CORP,0000764764,10-K,2019-02-14,edgar/data/764764/0000764764-19-000013.txt
"First Bancorp, Inc /ME/",0000765207,10-K,2019-03-08,edgar/data/765207/0000765207-19-000008.txt
"HCP, INC.",0000765880,10-K,2019-02-14,edgar/data/765880/0001628280-19-001407.txt
PATRICK INDUSTRIES INC,0000076605,10-K,2019-02-28,edgar/data/76605/0000076605-19-000040.txt
"ALASKA AIR GROUP, INC.",0000766421,10-K,2019-02-15,edgar/data/766421/0000766421-19-000008.txt
CAPSTEAD MORTGAGE CORP,0000766701,10-K,2019-02-22,edgar/data/766701/0001564590-19-003896.txt
WELLTOWER INC.,0000766704,10-K,2019-02-25,edgar/data/766704/0000766704-19-000014.txt
SJW GROUP,0000766829,10-K,2019-02-27,edgar/data/766829/0000766829-19-000063.txt
"SB FINANCIAL GROUP, INC.",0000767405,10-K,2019-03-08,edgar/data/767405/0001213900-19-003794.txt
CYBEROPTICS CORP,0000768411,10-K,2019-03-12,edgar/data/768411/0000897101-19-000192.txt
RELIV INTERNATIONAL INC,0000768710,10-K,2019-03-29,edgar/data/768710/0001437749-19-005992.txt
"TrueBlue, Inc.",0000768899,10-K,2019-02-22,edgar/data/768899/0000768899-19-000065.txt
AUTODESK INC,0000769397,10-K,2019-03-25,edgar/data/769397/0000769397-19-000016.txt
MIDDLEBY CORP,0000769520,10-K,2019-02-27,edgar/data/769520/0000769520-19-000003.txt
PEOPLES FINANCIAL CORP /MS/,0000770460,10-K,2019-03-13,edgar/data/770460/0001193125-19-072971.txt
KOPIN CORP,0000771266,10-K,2019-03-14,edgar/data/771266/0000771266-19-000020.txt
PENN VIRGINIA CORP,0000077159,10-K,2019-02-27,edgar/data/77159/0000077159-19-000004.txt
DOCUMENT SECURITY SYSTEMS INC,0000771999,10-K,2019-03-15,edgar/data/771999/0001493152-19-003423.txt
PENNSYLVANIA REAL ESTATE INVESTMENT TRUST,0000077281,10-K,2019-02-25,edgar/data/77281/0000077281-19-000017.txt
MDC HOLDINGS INC,0000773141,10-K,2019-01-31,edgar/data/773141/0001437749-19-001602.txt
PENTAIR plc,0000077360,10-K,2019-02-19,edgar/data/77360/0000077360-19-000006.txt
HONEYWELL INTERNATIONAL INC,0000773840,10-K,2019-02-08,edgar/data/773840/0000930413-19-000366.txt
ANADARKO PETROLEUM CORP,0000773910,10-K,2019-02-14,edgar/data/773910/0000773910-19-000009.txt
CORTLAND BANCORP INC,0000774569,10-K,2019-03-07,edgar/data/774569/0001564590-19-006746.txt
PEPSICO INC,0000077476,10-K,2019-02-15,edgar/data/77476/0000077476-19-000017.txt
ALLEGHANY CORP /DE,0000775368,10-K,2019-02-20,edgar/data/775368/0001193125-19-045528.txt
TUTOR PERINI CORP,0000077543,10-K,2019-02-27,edgar/data/77543/0000077543-19-000009.txt
WHITE MOUNTAINS INSURANCE GROUP LTD,0000776867,10-K,2019-02-27,edgar/data/776867/0000776867-19-000008.txt
INDEPENDENT BANK CORP,0000776901,10-K,2019-02-28,edgar/data/776901/0000776901-19-000069.txt
PRUCO LIFE INSURANCE CO,0000777917,10-K,2019-03-07,edgar/data/777917/0000777917-19-000014.txt
"Pacific Ethanol, Inc.",0000778164,10-K,2019-03-18,edgar/data/778164/0001615774-19-004168.txt
"PDC ENERGY, INC.",0000077877,10-K,2019-02-28,edgar/data/77877/0000077877-19-000009.txt
BLUEGREEN VACATIONS CORP,0000778946,10-K,2019-03-08,edgar/data/778946/0000778946-19-000021.txt
ASSOCIATED BANC-CORP,0000007789,10-K,2019-02-19,edgar/data/7789/0000007789-19-000014.txt
PFIZER INC,0000078003,10-K,2019-02-28,edgar/data/78003/0000078003-19-000015.txt
ITRON INC /WA/,0000780571,10-K,2019-02-28,edgar/data/780571/0000780571-19-000007.txt
PECO ENERGY CO,0000078100,10-K,2019-02-08,edgar/data/78100/0001628280-19-001107.txt
AQUA AMERICA INC,0000078128,10-K,2019-02-26,edgar/data/78128/0000078128-19-000002.txt
INTERNATIONAL BALER CORP,0000781902,10-K,2019-01-28,edgar/data/781902/0001607062-19-000048.txt
PVH CORP. /DE/,0000078239,10-K,2019-03-29,edgar/data/78239/0000078239-19-000011.txt
DUKE REALTY CORP,0000783280,10-K,2019-02-22,edgar/data/783280/0000783280-19-000010.txt
VISTA GOLD CORP,0000783324,10-K,2019-02-25,edgar/data/783324/0000783324-19-000004.txt
"WEC ENERGY GROUP, INC.",0000783325,10-K,2019-02-26,edgar/data/783325/0000107815-19-000128.txt
POPE RESOURCES LTD PARTNERSHIP,0000784011,10-K,2019-03-05,edgar/data/784011/0000784011-19-000060.txt
CRYOLIFE INC,0000784199,10-K,2019-02-26,edgar/data/784199/0001193125-19-051962.txt
PIEDMONT NATURAL GAS CO INC,0000078460,10-K,2019-02-28,edgar/data/78460/0001326160-19-000057.txt
PORTLAND GENERAL ELECTRIC CO /OR/,0000784977,10-K,2019-02-15,edgar/data/784977/0000784977-19-000010.txt
Encompass Health Corp,0000785161,10-K,2019-02-27,edgar/data/785161/0000785161-19-000011.txt
DPL INC,0000787250,10-K,2019-02-27,edgar/data/787250/0000787250-19-000013.txt
PITNEY BOWES INC /DE/,0000078814,10-K,2019-02-20,edgar/data/78814/0000078814-19-000004.txt
PUBLIC SERVICE ENTERPRISE GROUP INC,0000788784,10-K,2019-02-28,edgar/data/788784/0000788784-19-000005.txt
OGLETHORPE POWER CORP,0000788816,10-K,2019-03-29,edgar/data/788816/0001047469-19-001779.txt
BRINKS CO,0000078890,10-K,2019-02-26,edgar/data/78890/0000078890-19-000013.txt
HALLADOR ENERGY CO,0000788965,10-K,2019-03-11,edgar/data/788965/0001144204-19-013338.txt
WORLD FUEL SERVICES CORP,0000789460,10-K,2019-03-01,edgar/data/789460/0001628280-19-002382.txt
MGM Resorts International,0000789570,10-K,2019-02-27,edgar/data/789570/0001564590-19-004807.txt
NACCO INDUSTRIES INC,0000789933,10-K,2019-03-06,edgar/data/789933/0000789933-19-000013.txt
CARLISLE COMPANIES INC,0000790051,10-K,2019-02-14,edgar/data/790051/0000790051-19-000070.txt
PRESTIGE CAPITAL CORP,0000790179,10-K,2019-02-26,edgar/data/790179/0001554795-19-000043.txt
NBT BANCORP INC,0000790359,10-K,2019-03-01,edgar/data/790359/0001140361-19-004221.txt
"RadNet, Inc.",0000790526,10-K,2019-03-18,edgar/data/790526/0001628280-19-003087.txt
TECH DATA CORP,0000790703,10-K,2019-03-20,edgar/data/790703/0000790703-19-000010.txt
BRANDYWINE REALTY TRUST,0000790816,10-K,2019-02-22,edgar/data/790816/0001564590-19-003921.txt
XOMA Corp,0000791908,10-K,2019-03-07,edgar/data/791908/0001564590-19-006621.txt
CYPRESS SEMICONDUCTOR CORP /DE/,0000791915,10-K,2019-02-27,edgar/data/791915/0000791915-19-000006.txt
OPPENHEIMER HOLDINGS INC,0000791963,10-K,2019-03-01,edgar/data/791963/0000791963-19-000006.txt
"BROWN & BROWN, INC.",0000079282,10-K,2019-02-26,edgar/data/79282/0000079282-19-000006.txt
FARMERS & MERCHANTS BANCORP INC,0000792966,10-K,2019-02-27,edgar/data/792966/0001564590-19-004731.txt
AMAG PHARMACEUTICALS INC.,0000792977,10-K,2019-03-01,edgar/data/792977/0000792977-19-000036.txt
ASTEC INDUSTRIES INC,0000792987,10-K,2019-03-18,edgar/data/792987/0000792987-19-000019.txt
WERNER ENTERPRISES INC,0000793074,10-K,2019-03-01,edgar/data/793074/0000793074-19-000014.txt
RESEARCH FRONTIERS INC,0000793524,10-K,2019-03-14,edgar/data/793524/0001493152-19-003330.txt
NAVIGATORS GROUP INC,0000793547,10-K,2019-02-28,edgar/data/793547/0001564590-19-005145.txt
SKYWEST INC,0000793733,10-K,2019-02-21,edgar/data/793733/0001558370-19-000847.txt
HARLEY DAVIDSON INC,0000793952,10-K,2019-02-28,edgar/data/793952/0000793952-19-000008.txt
"Level 3 Parent, LLC",0000794323,10-K,2019-03-19,edgar/data/794323/0000794323-19-000004.txt
KB HOME,0000795266,10-K,2019-01-24,edgar/data/795266/0000795266-19-000005.txt
WATTS WATER TECHNOLOGIES INC,0000795403,10-K,2019-02-22,edgar/data/795403/0001558370-19-000893.txt
ADOBE INC.,0000796343,10-K,2019-01-25,edgar/data/796343/0000796343-19-000019.txt
NATIONAL BANKSHARES INC,0000796534,10-K,2019-03-13,edgar/data/796534/0001437749-19-004789.txt
POTOMAC ELECTRIC POWER CO,0000079732,10-K,2019-02-08,edgar/data/79732/0001628280-19-001107.txt
"HG Holdings, Inc.",0000797465,10-K,2019-03-29,edgar/data/797465/0001437749-19-006041.txt
OCCIDENTAL PETROLEUM CORP /DE/,0000797468,10-K,2019-02-21,edgar/data/797468/0000797468-19-000004.txt
"Virtual Crypto Technologies, Inc.",0000797542,10-K,2019-03-29,edgar/data/797542/0001493152-19-004164.txt
PAM TRANSPORTATION SERVICES INC,0000798287,10-K,2019-03-12,edgar/data/798287/0001437749-19-004644.txt
FISERV INC,0000798354,10-K,2019-02-21,edgar/data/798354/0000798354-19-000005.txt
UNIVERSAL HEALTH REALTY INCOME TRUST,0000798783,10-K,2019-02-27,edgar/data/798783/0001564590-19-004923.txt
PPG INDUSTRIES INC,0000079879,10-K,2019-02-21,edgar/data/79879/0000079879-19-000008.txt
FIRST CITIZENS BANCSHARES INC /DE/,0000798941,10-K,2019-02-20,edgar/data/798941/0000798941-19-000009.txt
UNIT CORP,0000798949,10-K,2019-02-26,edgar/data/798949/0000798949-19-000007.txt
DAWSON GEOPHYSICAL CO,0000799165,10-K,2019-03-06,edgar/data/799165/0001558370-19-001602.txt
MARTEN TRANSPORT LTD,0000799167,10-K,2019-03-01,edgar/data/799167/0001437749-19-003693.txt
HEARTLAND EXPRESS INC,0000799233,10-K,2019-02-21,edgar/data/799233/0000799233-19-000006.txt
"LANDS' END, INC.",0000799288,10-K,2019-03-28,edgar/data/799288/0000799288-19-000030.txt
M I HOMES INC,0000799292,10-K,2019-02-22,edgar/data/799292/0000799292-19-000008.txt
CYTRX CORP,0000799698,10-K,2019-03-29,edgar/data/799698/0001493152-19-004165.txt
OFFICE DEPOT INC,0000800240,10-K,2019-02-27,edgar/data/800240/0001564590-19-004964.txt
PREFORMED LINE PRODUCTS CO,0000080035,10-K,2019-03-08,edgar/data/80035/0001564590-19-007041.txt
DONEGAL GROUP INC,0000800457,10-K,2019-03-14,edgar/data/800457/0001193125-19-074944.txt
WEBSTER FINANCIAL CORP,0000801337,10-K,2019-03-01,edgar/data/801337/0000801337-19-000011.txt
NATIONAL PRESTO INDUSTRIES INC,0000080172,10-K,2019-03-15,edgar/data/80172/0000080172-19-000007.txt
PILGRIMS PRIDE CORP,0000802481,10-K,2019-02-14,edgar/data/802481/0000802481-19-000015.txt
BRYN MAWR BANK CORP,0000802681,10-K,2019-03-01,edgar/data/802681/0000802681-19-000068.txt
CHOICEONE FINANCIAL SERVICES INC,0000803164,10-K,2019-03-18,edgar/data/803164/0001387131-19-002002.txt
Equity Commonwealth,0000803649,10-K,2019-02-14,edgar/data/803649/0000803649-19-000033.txt
"General Motors Financial Company, Inc.",0000804269,10-K,2019-02-06,edgar/data/804269/0000804269-19-000008.txt
CERNER CORP /MO/,0000804753,10-K,2019-02-08,edgar/data/804753/0000804753-19-000009.txt
"BUCKEYE PARTNERS, L.P.",0000805022,10-K,2019-02-15,edgar/data/805022/0000805022-19-000011.txt
PARK NATIONAL CORP /OH/,0000805676,10-K,2019-02-26,edgar/data/805676/0000805676-19-000040.txt
"Axogen, Inc.",0000805928,10-K,2019-02-26,edgar/data/805928/0001558370-19-001095.txt
CODORUS VALLEY BANCORP INC,0000806279,10-K,2019-03-15,edgar/data/806279/0000897101-19-000229.txt
ASTRONICS CORP,0000008063,10-K,2019-03-01,edgar/data/8063/0000008063-19-000009.txt
PSYCHEMEDICS CORP,0000806517,10-K,2019-03-04,edgar/data/806517/0001171843-19-001481.txt
PROGRESSIVE CORP/OH/,0000080661,10-K,2019-02-27,edgar/data/80661/0000080661-19-000008.txt
BAKER HUGHES a GE Co LLC,0000808362,10-K,2019-02-19,edgar/data/808362/0000808362-19-000006.txt
"GCI LIBERTY, INC.",0000808461,10-K,2019-02-28,edgar/data/808461/0000808461-19-000007.txt
"CARROLS RESTAURANT GROUP, INC.",0000809248,10-K,2019-03-07,edgar/data/809248/0000809248-19-000026.txt
PUBLIC SERVICE CO OF COLORADO,0000081018,10-K,2019-02-22,edgar/data/81018/0000081018-19-000004.txt
"Duke Energy Indiana, LLC",0000081020,10-K,2019-02-28,edgar/data/81020/0001326160-19-000057.txt
PUBLIC SERVICE CO OF NEW MEXICO,0000081023,10-K,2019-03-01,edgar/data/81023/0001108426-19-000020.txt
PUBLIC SERVICE CO OF OKLAHOMA,0000081027,10-K,2019-02-21,edgar/data/81027/0000004904-19-000009.txt
PUBLIC SERVICE ELECTRIC & GAS CO,0000081033,10-K,2019-02-28,edgar/data/81033/0000788784-19-000005.txt
"NAVIDEA BIOPHARMACEUTICALS, INC.",0000810509,10-K,2019-03-15,edgar/data/810509/0001437749-19-005086.txt
PUBLIX SUPER MARKETS INC,0000081061,10-K,2019-03-01,edgar/data/81061/0000081061-19-000010.txt
CITIZENS & NORTHERN CORP,0000810958,10-K,2019-02-21,edgar/data/810958/0001144204-19-009251.txt
PUGET SOUND ENERGY INC,0000081100,10-K,2019-02-21,edgar/data/81100/0001085392-19-000007.txt
CMS ENERGY CORP,0000811156,10-K,2019-02-05,edgar/data/811156/0000811156-19-000003.txt
CESCA THERAPEUTICS INC.,0000811212,10-K,2019-03-26,edgar/data/811212/0001437749-19-005676.txt
"BIOLASE, INC",0000811240,10-K,2019-03-08,edgar/data/811240/0001564590-19-006918.txt
CEDAR FAIR L P,0000811532,10-K,2019-02-22,edgar/data/811532/0000811532-19-000037.txt
PGI INC,0000081157,10-K,2019-02-25,edgar/data/81157/0001654954-19-001940.txt
FIRST BANCORP /NC/,0000811589,10-K,2019-03-01,edgar/data/811589/0001174947-19-000284.txt
KAISER ALUMINUM CORP,0000811596,10-K,2019-02-22,edgar/data/811596/0000811596-19-000009.txt
IMMUCELL CORP /DE/,0000811641,10-K,2019-03-22,edgar/data/811641/0001213900-19-004653.txt
SUMMIT FINANCIAL GROUP INC,0000811808,10-K,2019-03-01,edgar/data/811808/0000811808-19-000006.txt
"Santander Holdings USA, Inc.",0000811830,10-K,2019-03-15,edgar/data/811830/0000811830-19-000005.txt
OWENS ILLINOIS INC /DE/,0000812074,10-K,2019-02-14,edgar/data/812074/0001558370-19-000652.txt
Regional Brands Inc.,0000812149,10-K,2019-03-14,edgar/data/812149/0001144204-19-013952.txt
RIDGEFIELD ACQUISITION CORP,0000812152,10-K,2019-03-28,edgar/data/812152/0001144204-19-016639.txt
OWENS-ILLINOIS GROUP INC,0000812233,10-K,2019-02-14,edgar/data/812233/0001558370-19-000654.txt
CENTURY BANCORP INC,0000812348,10-K,2019-03-15,edgar/data/812348/0001193125-19-076121.txt
"SOLIGENIX, INC.",0000812796,10-K,2019-03-26,edgar/data/812796/0001213900-19-004865.txt
"DESTINATION XL GROUP, INC.",0000813298,10-K,2019-03-22,edgar/data/813298/0001564590-19-009017.txt
QUAKER CHEMICAL CORP,0000081362,10-K,2019-02-28,edgar/data/81362/0000081362-19-000002.txt
CADENCE DESIGN SYSTEMS INC,0000813672,10-K,2019-02-27,edgar/data/813672/0000813672-19-000008.txt
ICAHN ENTERPRISES L.P.,0000813762,10-K,2019-03-01,edgar/data/813762/0000813762-19-000006.txt
CBS CORP,0000813828,10-K,2019-02-15,edgar/data/813828/0000813828-19-000006.txt
CEC ENTERTAINMENT INC,0000813920,10-K,2019-03-12,edgar/data/813920/0000813920-19-000010.txt
TCF FINANCIAL CORP,0000814184,10-K,2019-02-26,edgar/data/814184/0000814184-19-000021.txt
NEWELL BRANDS INC,0000814453,10-K,2019-03-04,edgar/data/814453/0001193125-19-061714.txt
EBIX INC,0000814549,10-K,2019-03-01,edgar/data/814549/0000814549-19-000017.txt
MBIA INC,0000814585,10-K,2019-02-28,edgar/data/814585/0001193125-19-057808.txt
CPS TECHNOLOGIES CORP/DE/,0000814676,10-K,2019-03-15,edgar/data/814676/0000814676-19-000013.txt
CARNIVAL CORP,0000815097,10-K,2019-01-28,edgar/data/815097/0000815097-19-000004.txt
FASTENAL CO,0000815556,10-K,2019-02-06,edgar/data/815556/0000815556-19-000015.txt
JONES FINANCIAL COMPANIES LLLP,0000815917,10-K,2019-03-14,edgar/data/815917/0001564590-19-007788.txt
CELGENE CORP /DE/,0000816284,10-K,2019-02-26,edgar/data/816284/0000816284-19-000014.txt
TERADATA CORP /DE/,0000816761,10-K,2019-02-26,edgar/data/816761/0000816761-19-000010.txt
CONMED CORP,0000816956,10-K,2019-02-25,edgar/data/816956/0000816956-19-000003.txt
"HERON THERAPEUTICS, INC. /DE/",0000818033,10-K,2019-02-22,edgar/data/818033/0001193125-19-047780.txt
DENTSPLY SIRONA Inc.,0000818479,10-K,2019-03-08,edgar/data/818479/0000818479-19-000010.txt
SECURITY FEDERAL CORP,0000818677,10-K,2019-03-22,edgar/data/818677/0000939057-19-000112.txt
TEVA PHARMACEUTICAL INDUSTRIES LTD,0000818686,10-K,2019-02-19,edgar/data/818686/0001193125-19-043564.txt
VICAL INC,0000819050,10-K,2019-03-01,edgar/data/819050/0001564590-19-005633.txt
ATLANTIC CITY ELECTRIC CO,0000008192,10-K,2019-02-08,edgar/data/8192/0001628280-19-001107.txt
RAND CAPITAL CORP,0000081955,10-K,2019-03-07,edgar/data/81955/0001193125-19-066380.txt
MICRON SOLUTIONS INC /DE/,0000819689,10-K,2019-03-19,edgar/data/819689/0000819689-19-000025.txt
Fuquan Financial Co,0000819690,10-K,2019-01-22,edgar/data/819690/0001493152-19-000826.txt
ALBANY INTERNATIONAL CORP /DE/,0000819793,10-K,2019-03-14,edgar/data/819793/0000891092-19-002857.txt
HALLMARK FINANCIAL SERVICES INC,0000819913,10-K,2019-03-14,edgar/data/819913/0001558370-19-002007.txt
AMERIPRISE FINANCIAL INC,0000820027,10-K,2019-02-27,edgar/data/820027/0000820027-19-000010.txt
CAMBREX CORP,0000820081,10-K,2019-02-13,edgar/data/820081/0001564590-19-002751.txt
UNITED STATES LIME & MINERALS INC,0000082020,10-K,2019-03-01,edgar/data/82020/0001558370-19-001435.txt
AMPHENOL CORP /DE/,0000820313,10-K,2019-02-13,edgar/data/820313/0001558370-19-000636.txt
G III APPAREL GROUP LTD /DE/,0000821002,10-K,2019-03-28,edgar/data/821002/0001558370-19-002565.txt
"Andersons, Inc.",0000821026,10-K,2019-02-27,edgar/data/821026/0000821026-19-000026.txt
BOSTON PRIVATE FINANCIAL HOLDINGS INC,0000821127,10-K,2019-02-27,edgar/data/821127/0000821127-19-000033.txt
UNITED STATES CELLULAR CORP,0000821130,10-K,2019-02-22,edgar/data/821130/0000821130-19-000014.txt
EOG RESOURCES INC,0000821189,10-K,2019-02-26,edgar/data/821189/0000821189-19-000009.txt
"PAR PACIFIC HOLDINGS, INC.",0000821483,10-K,2019-03-11,edgar/data/821483/0000821483-19-000014.txt
RAVEN INDUSTRIES INC,0000082166,10-K,2019-03-22,edgar/data/82166/0000082166-19-000020.txt
PULTEGROUP INC/MI/,0000822416,10-K,2019-01-31,edgar/data/822416/0000822416-19-000008.txt
FIDELITY SOUTHERN CORP,0000822662,10-K,2019-03-13,edgar/data/822662/0000822662-19-000009.txt
INTER PARFUMS INC,0000822663,10-K,2019-03-01,edgar/data/822663/0001615774-19-003459.txt
CLEAN HARBORS INC,0000822818,10-K,2019-02-27,edgar/data/822818/0000822818-19-000003.txt
SOTHEBYS,0000823094,10-K,2019-02-28,edgar/data/823094/0000823094-19-000011.txt
WASTE MANAGEMENT INC,0000823768,10-K,2019-02-14,edgar/data/823768/0001558370-19-000662.txt
AAON INC,0000824142,10-K,2019-02-28,edgar/data/824142/0000824142-19-000040.txt
SANDY SPRING BANCORP INC,0000824410,10-K,2019-02-22,edgar/data/824410/0000824410-19-000002.txt
ALLIANCEBERNSTEIN HOLDING L.P.,0000825313,10-K,2019-02-13,edgar/data/825313/0000825313-19-000006.txt
ORRSTOWN FINANCIAL SERVICES INC,0000826154,10-K,2019-03-15,edgar/data/826154/0000826154-19-000067.txt
DYNEX CAPITAL INC,0000826675,10-K,2019-02-27,edgar/data/826675/0000826675-19-000012.txt
EDISON INTERNATIONAL,0000827052,10-K,2019-02-28,edgar/data/827052/0000827052-19-000034.txt
Ocean Thermal Energy Corp,0000827099,10-K,2019-03-22,edgar/data/827099/0001654954-19-003067.txt
Sleep Number Corp,0000827187,10-K,2019-02-26,edgar/data/827187/0001564590-19-004499.txt
NOVELION THERAPEUTICS INC.,0000827809,10-K,2019-03-15,edgar/data/827809/0000827809-19-000005.txt
"EAGLE PHARMACEUTICALS, INC.",0000827871,10-K,2019-02-28,edgar/data/827871/0000827871-19-000008.txt
"CLEANSPARK, INC.",0000827876,10-K,2019-01-15,edgar/data/827876/0001663577-19-000036.txt
REGAL BELOIT CORP,0000082811,10-K,2019-02-26,edgar/data/82811/0000082811-19-000018.txt
WEINGARTEN REALTY INVESTORS /TX/,0000828916,10-K,2019-02-28,edgar/data/828916/0000828916-19-000013.txt
WSFS FINANCIAL CORP,0000828944,10-K,2019-02-28,edgar/data/828944/0000828944-19-000013.txt
"Inuvo, Inc.",0000829323,10-K,2019-03-15,edgar/data/829323/0000829323-19-000032.txt
PICO HOLDINGS INC /NEW,0000830122,10-K,2019-03-14,edgar/data/830122/0000830122-19-000006.txt
"SCI Engineered Materials, Inc.",0000830616,10-K,2019-02-05,edgar/data/830616/0001144204-19-004927.txt
CITIGROUP INC,0000831001,10-K,2019-02-22,edgar/data/831001/0000831001-19-000027.txt
FREEPORT-MCMORAN INC,0000831259,10-K,2019-02-15,edgar/data/831259/0000831259-19-000009.txt
SPECTRUM PHARMACEUTICALS INC,0000831547,10-K,2019-02-28,edgar/data/831547/0000831547-19-000006.txt
IDEX CORP /DE/,0000832101,10-K,2019-02-28,edgar/data/832101/0000832101-19-000005.txt
E.W. SCRIPPS Co,0000832428,10-K,2019-03-01,edgar/data/832428/0000832428-19-000007.txt
HSBC USA INC /MD/,0000083246,10-K,2019-02-19,edgar/data/83246/0000083246-19-000004.txt
UTG INC,0000832480,10-K,2019-03-26,edgar/data/832480/0000832480-19-000006.txt
"GeoVax Labs, Inc.",0000832489,10-K,2019-03-26,edgar/data/832489/0001437749-19-005682.txt
Meritage Homes CORP,0000833079,10-K,2019-02-15,edgar/data/833079/0000833079-19-000035.txt
RESERVE PETROLEUM CO,0000083350,10-K,2019-03-27,edgar/data/83350/0001437749-19-005801.txt
POWER INTEGRATIONS INC,0000833640,10-K,2019-02-13,edgar/data/833640/0000833640-19-000046.txt
HOMEFED CORP,0000833795,10-K,2019-03-18,edgar/data/833795/0000833795-19-000003.txt
REPUBLIC FIRST BANCORP INC,0000834285,10-K,2019-03-14,edgar/data/834285/0000950159-19-000038.txt
BIOLIFE SOLUTIONS INC,0000834365,10-K,2019-03-15,edgar/data/834365/0001437749-19-004980.txt
MGP INGREDIENTS INC,0000835011,10-K,2019-02-27,edgar/data/835011/0001628280-19-002041.txt
"Stock Yards Bancorp, Inc.",0000835324,10-K,2019-02-28,edgar/data/835324/0001437749-19-003616.txt
PROGENICS PHARMACEUTICALS INC,0000835887,10-K,2019-03-15,edgar/data/835887/0001437749-19-004951.txt
MIDDLEFIELD BANC CORP,0000836147,10-K,2019-03-06,edgar/data/836147/0001437749-19-004202.txt
VOYA RETIREMENT INSURANCE & ANNUITY Co,0000837010,10-K,2019-03-14,edgar/data/837010/0000837010-19-000046.txt
CALLAWAY GOLF CO,0000837465,10-K,2019-03-01,edgar/data/837465/0000837465-19-000002.txt
WILLAMETTE VALLEY VINEYARDS INC,0000838875,10-K,2019-03-21,edgar/data/838875/0001654954-19-003037.txt
"WESTWATER RESOURCES, INC.",0000839470,10-K,2019-02-15,edgar/data/839470/0001052918-19-000025.txt
"FIRSTCASH, INC",0000840489,10-K,2019-02-05,edgar/data/840489/0000840489-19-000005.txt
LEAR CORP,0000842162,10-K,2019-02-05,edgar/data/842162/0000842162-19-000006.txt
RPT Realty,0000842183,10-K,2019-02-21,edgar/data/842183/0000842183-19-000008.txt
RLI CORP,0000084246,10-K,2019-02-22,edgar/data/84246/0000084246-19-000013.txt
ISABELLA BANK Corp,0000842517,10-K,2019-03-14,edgar/data/842517/0000842517-19-000052.txt
EVANS BANCORP INC,0000842518,10-K,2019-02-28,edgar/data/842518/0000842518-19-000010.txt
TRIMAS CORP,0000842633,10-K,2019-02-28,edgar/data/842633/0000842633-19-000010.txt
ISSUER DIRECT CORP,0000843006,10-K,2019-02-28,edgar/data/843006/0001654954-19-002109.txt
"FRP HOLDINGS, INC.",0000844059,10-K,2019-03-15,edgar/data/844059/0000844059-19-000003.txt
Healthier Choices Management Corp.,0000844856,10-K,2019-03-27,edgar/data/844856/0001213900-19-004953.txt
TETRA TECHNOLOGIES INC,0000844965,10-K,2019-03-04,edgar/data/844965/0000844965-19-000003.txt
GRANT PARK FUTURES FUND LIMITED PARTNERSHIP,0000845698,10-K,2019-03-18,edgar/data/845698/0001558370-19-002241.txt
FEDERAL AGRICULTURAL MORTGAGE CORP,0000845877,10-K,2019-02-21,edgar/data/845877/0000845877-19-000018.txt
ZYNEX INC,0000846475,10-K,2019-02-26,edgar/data/846475/0001144204-19-010229.txt
BRIDGE BANCORP INC,0000846617,10-K,2019-03-11,edgar/data/846617/0000846617-19-000017.txt
LAKELAND BANCORP INC,0000846901,10-K,2019-03-01,edgar/data/846901/0000846901-19-000004.txt
"FUEL TECH, INC.",0000846913,10-K,2019-03-14,edgar/data/846913/0000846913-19-000020.txt
ROGERS CORP,0000084748,10-K,2019-02-21,edgar/data/84748/0000084748-19-000006.txt
ROLLINS INC,0000084839,10-K,2019-03-01,edgar/data/84839/0001171200-19-000087.txt
Heritage Global Inc.,0000849145,10-K,2019-03-11,edgar/data/849145/0001564590-19-007178.txt
SILGAN HOLDINGS INC,0000849869,10-K,2019-02-28,edgar/data/849869/0000849869-19-000009.txt
BP PRUDHOE BAY ROYALTY TRUST,0000850033,10-K,2019-03-01,edgar/data/850033/0001193125-19-061205.txt
HORACE MANN EDUCATORS CORP /DE/,0000850141,10-K,2019-03-01,edgar/data/850141/0001628280-19-002351.txt
"Sorrento Therapeutics, Inc.",0000850261,10-K,2019-03-15,edgar/data/850261/0000850261-19-000002.txt
TREDEGAR CORP,0000850429,10-K,2019-03-18,edgar/data/850429/0000850429-19-000008.txt
ENCORE WIRE CORP,0000850460,10-K,2019-02-25,edgar/data/850460/0000850460-19-000006.txt
AgEagle Aerial Systems Inc.,0000008504,10-K,2019-03-28,edgar/data/8504/0001575705-19-000030.txt
COGNEX CORP,0000851205,10-K,2019-02-14,edgar/data/851205/0000851205-19-000003.txt
HARMONIC INC,0000851310,10-K,2019-03-01,edgar/data/851310/0000851310-19-000008.txt
EXPONENT INC,0000851520,10-K,2019-02-22,edgar/data/851520/0001144204-19-009662.txt
MOHAWK INDUSTRIES INC,0000851968,10-K,2019-02-28,edgar/data/851968/0000851968-19-000020.txt
DENNYS CORP,0000852772,10-K,2019-02-25,edgar/data/852772/0000852772-19-000021.txt
LANDSTAR SYSTEM INC,0000853816,10-K,2019-02-22,edgar/data/853816/0001193125-19-048217.txt
ROWAN COMPANIES PLC,0000085408,10-K,2019-02-27,edgar/data/85408/0000085408-19-000010.txt
"GREAT SOUTHERN BANCORP, INC.",0000854560,10-K,2019-03-07,edgar/data/854560/0000927089-19-000136.txt
ZIX CORP,0000855612,10-K,2019-03-08,edgar/data/855612/0001564590-19-006989.txt
IMMUNOGEN INC,0000855654,10-K,2019-03-01,edgar/data/855654/0001558370-19-001432.txt
LATTICE SEMICONDUCTOR CORP,0000855658,10-K,2019-02-26,edgar/data/855658/0000855658-19-000022.txt
COMMUNITY FINANCIAL CORP /MD/,0000855874,10-K,2019-03-07,edgar/data/855874/0001144204-19-012738.txt
MERIT MEDICAL SYSTEMS INC,0000856982,10-K,2019-03-01,edgar/data/856982/0000856982-19-000016.txt
USA EQUITIES CORP.,0000856984,10-K,2019-03-28,edgar/data/856984/0001493152-19-004064.txt
"ICONIX BRAND GROUP, INC.",0000857737,10-K,2019-03-28,edgar/data/857737/0001564590-19-009857.txt
UNITED COMMUNITY BANKS INC,0000857855,10-K,2019-02-27,edgar/data/857855/0000857855-19-000021.txt
CAESARS ENTERTAINMENT Corp,0000858339,10-K,2019-02-22,edgar/data/858339/0000858339-19-000015.txt
CABOT OIL & GAS CORP,0000858470,10-K,2019-02-26,edgar/data/858470/0000858470-19-000008.txt
EMCLAIRE FINANCIAL CORP,0000858800,10-K,2019-03-22,edgar/data/858800/0001437749-19-005481.txt
FIRST COMMUNITY BANKSHARES INC /VA/,0000859070,10-K,2019-03-01,edgar/data/859070/0001437749-19-003797.txt
SEACOR HOLDINGS INC /NEW/,0000859598,10-K,2019-02-27,edgar/data/859598/0000859598-19-000005.txt
RYDER SYSTEM INC,0000085961,10-K,2019-02-21,edgar/data/85961/0000085961-19-000033.txt
FIRST INTERSTATE BANCSYSTEM INC,0000860413,10-K,2019-02-27,edgar/data/860413/0000860413-19-000026.txt
CORPORATE OFFICE PROPERTIES TRUST,0000860546,10-K,2019-02-21,edgar/data/860546/0000860546-19-000007.txt
"HCA Healthcare, Inc.",0000860730,10-K,2019-02-21,edgar/data/860730/0001193125-19-047078.txt
TYLER TECHNOLOGIES INC,0000860731,10-K,2019-02-20,edgar/data/860731/0000860731-19-000009.txt
KEMPER Corp,0000860748,10-K,2019-02-20,edgar/data/860748/0000860748-19-000052.txt
SAFEGUARD SCIENTIFICS INC,0000086115,10-K,2019-03-01,edgar/data/86115/0000086115-19-000005.txt
FUTURES PORTFOLIO FUND L.P.,0000861441,10-K,2019-03-15,edgar/data/861441/0001387131-19-001945.txt
GRANITE CONSTRUCTION INC,0000861459,10-K,2019-02-22,edgar/data/861459/0001564590-19-003791.txt
"IDERA PHARMACEUTICALS, INC.",0000861838,10-K,2019-03-06,edgar/data/861838/0001558370-19-001585.txt
CATHAY GENERAL BANCORP,0000861842,10-K,2019-03-04,edgar/data/861842/0001437749-19-003923.txt
STERICYCLE INC,0000861878,10-K,2019-02-28,edgar/data/861878/0001564590-19-005500.txt
RELIANCE STEEL & ALUMINUM CO,0000861884,10-K,2019-02-27,edgar/data/861884/0001558370-19-001202.txt
HUGOTON ROYALTY TRUST,0000862022,10-K,2019-03-29,edgar/data/862022/0001193125-19-092643.txt
Carbon Energy Corp,0000086264,10-K,2019-03-28,edgar/data/86264/0001213900-19-005141.txt
CRYO CELL INTERNATIONAL INC,0000862692,10-K,2019-02-28,edgar/data/862692/0001193125-19-057945.txt
FINANCIAL INSTITUTIONS INC,0000862831,10-K,2019-03-08,edgar/data/862831/0001564590-19-006936.txt
APPLIANCE RECYCLING CENTERS OF AMERICA INC /MN,0000862861,10-K,2019-03-29,edgar/data/862861/0001683168-19-000853.txt
ARTESIAN RESOURCES CORP,0000863110,10-K,2019-03-15,edgar/data/863110/0000863110-19-000004.txt
"TRAVELERS COMPANIES, INC.",0000086312,10-K,2019-02-14,edgar/data/86312/0000086312-19-000009.txt
BENCHMARK ELECTRONICS INC,0000863436,10-K,2019-02-28,edgar/data/863436/0000863436-19-000006.txt
SYPRIS SOLUTIONS INC,0000864240,10-K,2019-03-28,edgar/data/864240/0001437749-19-005857.txt
TRIMBLE INC.,0000864749,10-K,2019-02-22,edgar/data/864749/0000864749-19-000006.txt
NATIONAL SECURITY GROUP INC,0000865058,10-K,2019-03-15,edgar/data/865058/0000865058-19-000007.txt
SAN DIEGO GAS & ELECTRIC CO,0000086521,10-K,2019-02-26,edgar/data/86521/0000086521-19-000014.txt
Monster Beverage Corp,0000865752,10-K,2019-02-28,edgar/data/865752/0001104659-19-011581.txt
PS BUSINESS PARKS INC/CA,0000866368,10-K,2019-02-26,edgar/data/866368/0000866368-19-000002.txt
ION GEOPHYSICAL CORP,0000866609,10-K,2019-02-07,edgar/data/866609/0000866609-19-000033.txt
HELIX ENERGY SOLUTIONS GROUP INC,0000866829,10-K,2019-02-22,edgar/data/866829/0000866829-19-000006.txt
ELECTRONICS FOR IMAGING INC,0000867374,10-K,2019-02-27,edgar/data/867374/0000867374-19-000011.txt
ABRAXAS PETROLEUM CORP,0000867665,10-K,2019-03-15,edgar/data/867665/0001437749-19-005085.txt
SUNPOWER CORP,0000867773,10-K,2019-02-14,edgar/data/867773/0000867773-19-000006.txt
EVERFLOW EASTERN PARTNERS LP,0000868082,10-K,2019-03-27,edgar/data/868082/0001437749-19-005733.txt
"ProPhase Labs, Inc.",0000868278,10-K,2019-03-26,edgar/data/868278/0001493152-19-003946.txt
GLACIER BANCORP INC,0000868671,10-K,2019-02-22,edgar/data/868671/0000868671-19-000022.txt
"Dorman Products, Inc.",0000868780,10-K,2019-02-26,edgar/data/868780/0001564590-19-004498.txt
CAROLINA FINANCIAL CORP,0000870385,10-K,2019-03-01,edgar/data/870385/0001552781-19-000072.txt
SB PARTNERS,0000087047,10-K,2019-03-28,edgar/data/87047/0001437749-19-005861.txt
Neonode Inc.,0000087050,10-K,2019-03-07,edgar/data/87050/0001213900-19-003713.txt
EVINE Live Inc.,0000870826,10-K,2019-03-29,edgar/data/870826/0000870826-19-000003.txt
ManpowerGroup Inc.,0000871763,10-K,2019-02-22,edgar/data/871763/0000871763-19-000050.txt
PETROQUEST ENERGY INC,0000872248,10-K,2019-03-28,edgar/data/872248/0000872248-19-000005.txt
REGENERON PHARMACEUTICALS INC,0000872589,10-K,2019-02-07,edgar/data/872589/0001532176-19-000009.txt
"Sarepta Therapeutics, Inc.",0000873303,10-K,2019-02-28,edgar/data/873303/0001564590-19-005170.txt
SCHLUMBERGER LIMITED/NV,0000087347,10-K,2019-01-23,edgar/data/87347/0001564590-19-000928.txt
MORGAN STANLEY SMITH BARNEY SPECTRUM SELECT LP,0000873799,10-K,2019-03-26,edgar/data/873799/0001193125-19-086270.txt
OCWEN FINANCIAL CORP,0000873860,10-K,2019-02-27,edgar/data/873860/0001628280-19-002124.txt
IONIS PHARMACEUTICALS INC,0000874015,10-K,2019-03-01,edgar/data/874015/0000874015-19-000045.txt
STERLING CONSTRUCTION CO INC,0000874238,10-K,2019-03-05,edgar/data/874238/0000874238-19-000044.txt
"LIFETIME BRANDS, INC",0000874396,10-K,2019-03-14,edgar/data/874396/0001193125-19-075025.txt
GULFPORT ENERGY CORP,0000874499,10-K,2019-02-28,edgar/data/874499/0001628280-19-002242.txt
AMBAC FINANCIAL GROUP INC,0000874501,10-K,2019-02-28,edgar/data/874501/0000874501-19-000023.txt
IDEXX LABORATORIES INC /DE,0000874716,10-K,2019-02-15,edgar/data/874716/0000874716-19-000004.txt
AES CORP,0000874761,10-K,2019-02-27,edgar/data/874761/0000874761-19-000012.txt
HARTFORD FINANCIAL SERVICES GROUP INC/DE,0000874766,10-K,2019-02-22,edgar/data/874766/0000874766-19-000018.txt
State Auto Financial CORP,0000874977,10-K,2019-03-15,edgar/data/874977/0000874977-19-000035.txt
BIOGEN INC.,0000875045,10-K,2019-02-06,edgar/data/875045/0000875045-19-000006.txt
VERTEX PHARMACEUTICALS INC / MA,0000875320,10-K,2019-02-13,edgar/data/875320/0000875320-19-000006.txt
INSIGNIA SYSTEMS INC/MN,0000875355,10-K,2019-03-07,edgar/data/875355/0001654954-19-002427.txt
BOK FINANCIAL CORP ET AL,0000875357,10-K,2019-03-01,edgar/data/875357/0000875357-19-000011.txt
ULTRALIFE CORP,0000875657,10-K,2019-02-07,edgar/data/875657/0001437749-19-001995.txt
PROGRESS SOFTWARE CORP /MA,0000876167,10-K,2019-01-28,edgar/data/876167/0000876167-19-000026.txt
BIOTIME INC,0000876343,10-K,2019-03-14,edgar/data/876343/0001493152-19-003335.txt
TRANSENTERIX INC.,0000876378,10-K,2019-02-27,edgar/data/876378/0001564590-19-004924.txt
MGIC INVESTMENT CORP,0000876437,10-K,2019-02-22,edgar/data/876437/0000876437-19-000006.txt
MDC PARTNERS INC,0000876883,10-K,2019-03-18,edgar/data/876883/0000876883-19-000004.txt
ZEBRA TECHNOLOGIES CORP,0000877212,10-K,2019-02-14,edgar/data/877212/0000877212-19-000011.txt
SpartanNash Co,0000877422,10-K,2019-02-27,edgar/data/877422/0001564590-19-004916.txt
NATIONAL HEALTH INVESTORS INC,0000877860,10-K,2019-02-19,edgar/data/877860/0000877860-19-000006.txt
CITRIX SYSTEMS INC,0000877890,10-K,2019-02-15,edgar/data/877890/0000877890-19-000035.txt
CHUGACH ELECTRIC ASSOCIATION INC,0000878004,10-K,2019-03-27,edgar/data/878004/0000878004-19-000004.txt
NATUS MEDICAL INC,0000878526,10-K,2019-03-01,edgar/data/878526/0000878526-19-000045.txt
WIRELESS TELECOM GROUP INC,0000878828,10-K,2019-03-12,edgar/data/878828/0000930413-19-000925.txt
OLD DOMINION FREIGHT LINE INC/VA,0000878927,10-K,2019-02-27,edgar/data/878927/0001564590-19-004755.txt
"EQUUS TOTAL RETURN, INC.",0000878932,10-K,2019-03-29,edgar/data/878932/0001391609-19-000058.txt
KIMCO REALTY CORP,0000879101,10-K,2019-02-15,edgar/data/879101/0001437749-19-002746.txt
INCYTE CORP,0000879169,10-K,2019-02-14,edgar/data/879169/0001558370-19-000682.txt
WABASH NATIONAL CORP /DE,0000879526,10-K,2019-02-28,edgar/data/879526/0000879526-19-000024.txt
"ATN International, Inc.",0000879585,10-K,2019-02-28,edgar/data/879585/0001558370-19-001338.txt
MID PENN BANCORP INC,0000879635,10-K,2019-03-19,edgar/data/879635/0001564590-19-008349.txt
"VIVEVE MEDICAL, INC.",0000879682,10-K,2019-03-15,edgar/data/879682/0001437749-19-004974.txt
Scott's Liquid Gold - Inc.,0000088000,10-K,2019-03-20,edgar/data/88000/0001564590-19-008533.txt
"BIOLARGO, INC.",0000880242,10-K,2019-03-29,edgar/data/880242/0001437749-19-006047.txt
AGCO CORP /DE,0000880266,10-K,2019-03-01,edgar/data/880266/0000880266-19-000009.txt
CSB BANCORP INC /OH,0000880417,10-K,2019-03-15,edgar/data/880417/0001193125-19-076197.txt
"WisdomTree Investments, Inc.",0000880631,10-K,2019-03-01,edgar/data/880631/0001193125-19-060708.txt
EAGLE FINANCIAL SERVICES INC,0000880641,10-K,2019-03-15,edgar/data/880641/0000880641-19-000027.txt
"ACORN ENERGY, INC.",0000880984,10-K,2019-03-27,edgar/data/880984/0001493152-19-003972.txt
SEABOARD CORP /DE/,0000088121,10-K,2019-02-20,edgar/data/88121/0000088121-19-000011.txt
PRUDENTIAL ANNUITIES LIFE ASSURANCE CORP/CT,0000881453,10-K,2019-03-07,edgar/data/881453/0000881453-19-000006.txt
VIVUS INC,0000881524,10-K,2019-02-26,edgar/data/881524/0001558370-19-001077.txt
CROSS TIMBERS ROYALTY TRUST,0000881787,10-K,2019-03-12,edgar/data/881787/0001193125-19-071868.txt
Avery Dennison Corp,0000008818,10-K,2019-02-27,edgar/data/8818/0001047469-19-000747.txt
SPX CORP,0000088205,10-K,2019-02-15,edgar/data/88205/0000088205-19-000008.txt
GILEAD SCIENCES INC,0000882095,10-K,2019-02-26,edgar/data/882095/0000882095-19-000006.txt
"PDL BIOPHARMA, INC.",0000882104,10-K,2019-03-15,edgar/data/882104/0000882104-19-000016.txt
Aptose Biosciences Inc.,0000882361,10-K,2019-03-12,edgar/data/882361/0001171843-19-001661.txt
QUICKLOGIC CORPORATION,0000882508,10-K,2019-03-15,edgar/data/882508/0001564590-19-008052.txt
BIOCRYST PHARMACEUTICALS INC,0000882796,10-K,2019-03-14,edgar/data/882796/0001171843-19-001727.txt
ROPER TECHNOLOGIES INC,0000882835,10-K,2019-02-25,edgar/data/882835/0000882835-19-000010.txt
"VIRTUS INVESTMENT PARTNERS, INC.",0000883237,10-K,2019-02-27,edgar/data/883237/0000883237-19-000026.txt
"Fossil Group, Inc.",0000883569,10-K,2019-02-21,edgar/data/883569/0000883569-19-000008.txt
CHRISTOPHER & BANKS CORP,0000883943,10-K,2019-03-18,edgar/data/883943/0000883943-19-000026.txt
USA TRUCK INC,0000883945,10-K,2019-02-27,edgar/data/883945/0000883945-19-000016.txt
Union Bankshares Corp,0000883948,10-K,2019-02-27,edgar/data/883948/0000883948-19-000058.txt
FIRST DATA CORP,0000883980,10-K,2019-02-27,edgar/data/883980/0000883980-19-000009.txt
ICU MEDICAL INC/DE,0000883984,10-K,2019-03-01,edgar/data/883984/0000883984-19-000007.txt
ASURE SOFTWARE INC,0000884144,10-K,2019-03-19,edgar/data/884144/0001185185-19-000390.txt
TAILORED BRANDS INC,0000884217,10-K,2019-03-29,edgar/data/884217/0001558370-19-002607.txt
VIAD CORP,0000884219,10-K,2019-02-27,edgar/data/884219/0001564590-19-004984.txt
ALPHA PRO TECH LTD,0000884269,10-K,2019-03-06,edgar/data/884269/0001437749-19-004169.txt
Orthofix Medical Inc.,0000884624,10-K,2019-02-25,edgar/data/884624/0001564590-19-004093.txt
COTT CORP /CN/,0000884713,10-K,2019-02-27,edgar/data/884713/0000884713-19-000005.txt
ROYAL CARIBBEAN CRUISES LTD,0000884887,10-K,2019-02-22,edgar/data/884887/0000884887-19-000017.txt
STEIN MART INC,0000884940,10-K,2019-03-28,edgar/data/884940/0001193125-19-090595.txt
WILSON BANK HOLDING CO,0000885275,10-K,2019-03-08,edgar/data/885275/0001628280-19-002670.txt
"GULF RESOURCES, INC.",0000885462,10-K,2019-03-15,edgar/data/885462/0001193805-19-000291.txt
STRATUS PROPERTIES INC,0000885508,10-K,2019-03-18,edgar/data/885508/0000885508-19-000008.txt
CREDIT ACCEPTANCE CORP,0000885550,10-K,2019-02-08,edgar/data/885550/0000885550-19-000010.txt
OLD DOMINION ELECTRIC COOPERATIVE,0000885568,10-K,2019-03-06,edgar/data/885568/0001564590-19-006434.txt
Bausch Health Companies Inc.,0000885590,10-K,2019-02-20,edgar/data/885590/0000885590-19-000006.txt
KOHLS Corp,0000885639,10-K,2019-03-22,edgar/data/885639/0001564590-19-009005.txt
BOSTON SCIENTIFIC CORP,0000885725,10-K,2019-02-19,edgar/data/885725/0000885725-19-000011.txt
CINEMARK USA INC /TX,0000885975,10-K,2019-03-04,edgar/data/885975/0001564590-19-006009.txt
U S PHYSICAL THERAPY INC /NV,0000885978,10-K,2019-03-18,edgar/data/885978/0001140361-19-005059.txt
FUELCELL ENERGY INC,0000886128,10-K,2019-01-10,edgar/data/886128/0001564590-19-000521.txt
SAGA COMMUNICATIONS INC,0000886136,10-K,2019-03-15,edgar/data/886136/0001144204-19-014293.txt
LIGAND PHARMACEUTICALS INC,0000886163,10-K,2019-02-28,edgar/data/886163/0000886163-19-000041.txt
KADANT INC,0000886346,10-K,2019-02-26,edgar/data/886346/0000886346-19-000019.txt
GERON CORP,0000886744,10-K,2019-03-07,edgar/data/886744/0001564590-19-006759.txt
SUPERIOR ENERGY SERVICES INC,0000886835,10-K,2019-02-21,edgar/data/886835/0000886835-19-000003.txt
AVON PRODUCTS INC,0000008868,10-K,2019-02-21,edgar/data/8868/0000008868-19-000016.txt
GOLDMAN SACHS GROUP INC,0000886982,10-K,2019-02-26,edgar/data/886982/0001193125-19-050198.txt
Capstone Therapeutics Corp.,0000887151,10-K,2019-03-22,edgar/data/887151/0001171843-19-001915.txt
Adamis Pharmaceuticals Corp,0000887247,10-K,2019-03-15,edgar/data/887247/0001387131-19-001966.txt
COLUMBIA BANKING SYSTEM INC,0000887343,10-K,2019-02-28,edgar/data/887343/0000887343-19-000033.txt
Vericel Corp,0000887359,10-K,2019-02-26,edgar/data/887359/0001628280-19-002007.txt
CHEESECAKE FACTORY INC,0000887596,10-K,2019-03-04,edgar/data/887596/0001104659-19-012501.txt
LTC PROPERTIES INC,0000887905,10-K,2019-02-28,edgar/data/887905/0001558370-19-001333.txt
INTRICON CORP,0000088790,10-K,2019-03-14,edgar/data/88790/0000897101-19-000223.txt
PREMIER FINANCIAL BANCORP INC,0000887919,10-K,2019-03-18,edgar/data/887919/0000887919-19-000009.txt
REVLON INC /DE/,0000887921,10-K,2019-03-28,edgar/data/887921/0000887921-19-000004.txt
FTI CONSULTING INC,0000887936,10-K,2019-02-27,edgar/data/887936/0000887936-19-000011.txt
NESTOR PARTNERS,0000888471,10-K,2019-03-28,edgar/data/888471/0001615774-19-004778.txt
OMEGA HEALTHCARE INVESTORS INC,0000888491,10-K,2019-02-26,edgar/data/888491/0000888491-19-000006.txt
NOCOPI TECHNOLOGIES INC/MD/,0000888981,10-K,2019-03-29,edgar/data/888981/0001553350-19-000289.txt
LITTELFUSE INC /DE,0000889331,10-K,2019-02-22,edgar/data/889331/0000889331-19-000015.txt
SEMTECH CORP,0000088941,10-K,2019-03-21,edgar/data/88941/0001628280-19-003241.txt
CONSUMER PORTFOLIO SERVICES INC,0000889609,10-K,2019-03-13,edgar/data/889609/0001683168-19-000635.txt
PATTERSON UTI ENERGY INC,0000889900,10-K,2019-02-13,edgar/data/889900/0001564590-19-002863.txt
GLEN BURNIE BANCORP,0000890066,10-K,2019-03-29,edgar/data/890066/0001558370-19-002616.txt
TAUBMAN CENTERS INC,0000890319,10-K,2019-02-28,edgar/data/890319/0000890319-19-000030.txt
"MoSys, Inc.",0000890394,10-K,2019-03-12,edgar/data/890394/0001564590-19-007379.txt
Vertex Energy Inc.,0000890447,10-K,2019-03-06,edgar/data/890447/0001628280-19-002489.txt
REVLON CONSUMER PRODUCTS CORP,0000890547,10-K,2019-03-29,edgar/data/890547/0000890547-19-000003.txt
ASGN Inc,0000890564,10-K,2019-03-01,edgar/data/890564/0000890564-19-000019.txt
"AMERI Holdings, Inc.",0000890821,10-K,2019-03-26,edgar/data/890821/0001140361-19-005573.txt
SERVICE CORP INTERNATIONAL,0000089089,10-K,2019-02-20,edgar/data/89089/0000089089-19-000005.txt
RADIAN GROUP INC,0000890926,10-K,2019-02-28,edgar/data/890926/0000890926-19-000009.txt
MINERALS TECHNOLOGIES INC,0000891014,10-K,2019-02-15,edgar/data/891014/0000891014-19-000010.txt
IAC/INTERACTIVECORP,0000891103,10-K,2019-03-01,edgar/data/891103/0000891103-19-000006.txt
"UNIVERSAL INSURANCE HOLDINGS, INC.",0000891166,10-K,2019-03-01,edgar/data/891166/0000891166-19-000006.txt
CTI BIOPHARMA CORP,0000891293,10-K,2019-03-13,edgar/data/891293/0000891293-19-000021.txt
SERVOTRONICS INC /DE/,0000089140,10-K,2019-03-14,edgar/data/89140/0001144204-19-014021.txt
FULL HOUSE RESORTS INC,0000891482,10-K,2019-03-14,edgar/data/891482/0000891482-19-000006.txt
"CRAFT BREW ALLIANCE, INC.",0000892222,10-K,2019-03-06,edgar/data/892222/0000892222-19-000012.txt
Qumu Corp,0000892482,10-K,2019-03-15,edgar/data/892482/0000892482-19-000013.txt
MANTECH INTERNATIONAL CORP,0000892537,10-K,2019-02-22,edgar/data/892537/0000892537-19-000007.txt
CHART INDUSTRIES INC,0000892553,10-K,2019-02-22,edgar/data/892553/0000892553-19-000040.txt
SANDSTON CORP,0000892832,10-K,2019-03-27,edgar/data/892832/0001144204-19-016108.txt
SM Energy Co,0000893538,10-K,2019-02-21,edgar/data/893538/0000893538-19-000012.txt
MASONITE INTERNATIONAL CORP,0000893691,10-K,2019-02-26,edgar/data/893691/0000893691-19-000016.txt
"HAWTHORN BANCSHARES, INC.",0000893847,10-K,2019-03-14,edgar/data/893847/0001558370-19-002015.txt
"MEDNAX, INC.",0000893949,10-K,2019-02-14,edgar/data/893949/0001193125-19-040891.txt
CAPITAL AUTO RECEIVABLES LLC,0000893958,10-K,2019-03-25,edgar/data/893958/0001630924-19-000007.txt
CAPITAL AUTO RECEIVABLES LLC,0000893958,10-K,2019-03-25,edgar/data/893958/0001641832-19-000007.txt
CAPITAL AUTO RECEIVABLES LLC,0000893958,10-K,2019-03-25,edgar/data/893958/0001649616-19-000007.txt
CAPITAL AUTO RECEIVABLES LLC,0000893958,10-K,2019-03-25,edgar/data/893958/0001654785-19-000008.txt
CAPITAL AUTO RECEIVABLES LLC,0000893958,10-K,2019-03-25,edgar/data/893958/0001668186-19-000007.txt
CAPITAL AUTO RECEIVABLES LLC,0000893958,10-K,2019-03-25,edgar/data/893958/0001678617-19-000007.txt
CAPITAL AUTO RECEIVABLES LLC,0000893958,10-K,2019-03-25,edgar/data/893958/0001683001-19-000007.txt
"Air Transport Services Group, Inc.",0000894081,10-K,2019-03-01,edgar/data/894081/0000894081-19-000040.txt
"Synthetic Biologics, Inc.",0000894158,10-K,2019-02-27,edgar/data/894158/0001144204-19-010592.txt
AEI NET LEASE INCOME & GROWTH FUND XX LIMITED PARTNERSHIP,0000894245,10-K,2019-03-29,edgar/data/894245/0001326321-19-000010.txt
SITE Centers Corp.,0000894315,10-K,2019-02-27,edgar/data/894315/0001564590-19-004779.txt
DISCOVER CARD MASTER TRUST I,0000894329,10-K,2019-03-21,edgar/data/894329/0001193125-19-082278.txt
MUELLER INDUSTRIES INC,0000089439,10-K,2019-02-27,edgar/data/89439/0000089439-19-000021.txt
ARCBEST CORP /DE/,0000894405,10-K,2019-02-28,edgar/data/894405/0001558370-19-001332.txt
BIOETHICS LTD,0000894560,10-K,2019-03-19,edgar/data/894560/0001551163-19-000049.txt
VAALCO ENERGY INC /DE/,0000894627,10-K,2019-03-08,edgar/data/894627/0000894627-19-000010.txt
OHIO VALLEY BANC CORP,0000894671,10-K,2019-03-18,edgar/data/894671/0000894671-19-000015.txt
"CASI Pharmaceuticals, Inc.",0000895051,10-K,2019-03-29,edgar/data/895051/0001144204-19-016832.txt
CHESAPEAKE ENERGY CORP,0000895126,10-K,2019-02-27,edgar/data/895126/0000895126-19-000070.txt
EQUITY LIFESTYLE PROPERTIES INC,0000895417,10-K,2019-02-26,edgar/data/895417/0000895417-19-000012.txt
MORGAN STANLEY,0000895421,10-K,2019-02-26,edgar/data/895421/0001193125-19-051943.txt
"ROCKY BRANDS, INC.",0000895456,10-K,2019-03-13,edgar/data/895456/0000895456-19-000017.txt
SUPERCONDUCTOR TECHNOLOGIES INC,0000895665,10-K,2019-03-29,edgar/data/895665/0001193125-19-092656.txt
ENBRIDGE INC,0000895728,10-K,2019-02-15,edgar/data/895728/0000895728-19-000033.txt
Chubb Ltd,0000896159,10-K,2019-02-28,edgar/data/896159/0000896159-19-000005.txt
AMEDISYS INC,0000896262,10-K,2019-02-28,edgar/data/896262/0000896262-19-000004.txt
USANA HEALTH SCIENCES INC,0000896264,10-K,2019-02-26,edgar/data/896264/0001047469-19-000707.txt
APTARGROUP INC,0000896622,10-K,2019-02-21,edgar/data/896622/0001558370-19-000824.txt
"AVID TECHNOLOGY, INC.",0000896841,10-K,2019-03-15,edgar/data/896841/0000896841-19-000019.txt
ALAMO GROUP INC,0000897077,10-K,2019-03-01,edgar/data/897077/0000897077-19-000012.txt
CHICOS FAS INC,0000897429,10-K,2019-03-19,edgar/data/897429/0000897429-19-000061.txt
AMARIN CORP PLC\UK,0000897448,10-K,2019-02-27,edgar/data/897448/0001564590-19-004655.txt
SHERWIN WILLIAMS CO,0000089800,10-K,2019-02-22,edgar/data/89800/0000089800-19-000004.txt
UWHARRIE CAPITAL CORP,0000898171,10-K,2019-03-06,edgar/data/898171/0001564590-19-006421.txt
O REILLY AUTOMOTIVE INC,0000898173,10-K,2019-02-27,edgar/data/898173/0000898173-19-000060.txt
REINSURANCE GROUP OF AMERICA INC,0000898174,10-K,2019-02-27,edgar/data/898174/0000898174-19-000011.txt
"Anika Therapeutics, Inc.",0000898437,10-K,2019-02-27,edgar/data/898437/0001171843-19-001243.txt
LAMAR MEDIA CORP/DE,0000899045,10-K,2019-02-25,edgar/data/899045/0001564590-19-004025.txt
ALLSTATE CORP,0000899051,10-K,2019-02-15,edgar/data/899051/0000899051-19-000007.txt
MANNKIND CORP,0000899460,10-K,2019-02-26,edgar/data/899460/0001564590-19-004263.txt
ACADIA REALTY TRUST,0000899629,10-K,2019-02-19,edgar/data/899629/0001564590-19-003257.txt
VORNADO REALTY TRUST,0000899689,10-K,2019-02-11,edgar/data/899689/0000899689-19-000010.txt
TANGER FACTORY OUTLET CENTERS INC,0000899715,10-K,2019-02-21,edgar/data/899715/0000899715-19-000060.txt
HEALTHCARE REALTY TRUST INC,0000899749,10-K,2019-02-13,edgar/data/899749/0000899749-19-000020.txt
TITAN INTERNATIONAL INC,0000899751,10-K,2019-03-07,edgar/data/899751/0000899751-19-000016.txt
"ALEXION PHARMACEUTICALS, INC.",0000899866,10-K,2019-02-06,edgar/data/899866/0000899866-19-000010.txt
SIERRA PACIFIC POWER CO,0000090144,10-K,2019-02-25,edgar/data/90144/0001081316-19-000003.txt
PAPA JOHNS INTERNATIONAL INC,0000901491,10-K,2019-03-08,edgar/data/901491/0001558370-19-001722.txt
LIBBEY INC,0000902274,10-K,2019-02-27,edgar/data/902274/0000902274-19-000033.txt
"NBCUniversal Media, LLC",0000902739,10-K,2019-01-31,edgar/data/902739/0001166691-19-000005.txt
BARRETT BUSINESS SERVICES INC,0000902791,10-K,2019-03-05,edgar/data/902791/0001564590-19-006295.txt
GENTHERM Inc,0000903129,10-K,2019-02-26,edgar/data/903129/0001564590-19-004505.txt
INNODATA INC,0000903651,10-K,2019-03-26,edgar/data/903651/0001144204-19-015946.txt
AMERICAN NATIONAL INSURANCE CO /TX/,0000904163,10-K,2019-02-28,edgar/data/904163/0000904163-19-000004.txt
SIMMONS FIRST NATIONAL CORP,0000090498,10-K,2019-02-27,edgar/data/90498/0001628280-19-002125.txt
EQUITY RESIDENTIAL,0000906107,10-K,2019-02-21,edgar/data/906107/0001564590-19-003683.txt
NVR INC,0000906163,10-K,2019-02-13,edgar/data/906163/0000906163-19-000029.txt
CAMDEN PROPERTY TRUST,0000906345,10-K,2019-02-15,edgar/data/906345/0000906345-19-000006.txt
QCR HOLDINGS INC,0000906465,10-K,2019-03-15,edgar/data/906465/0001558370-19-002174.txt
BOYD GAMING CORP,0000906553,10-K,2019-03-01,edgar/data/906553/0000906553-19-000009.txt
NEKTAR THERAPEUTICS,0000906709,10-K,2019-03-01,edgar/data/906709/0001564590-19-005639.txt
EMPIRE RESORTS INC,0000906780,10-K,2019-03-15,edgar/data/906780/0000906780-19-000003.txt
MONARCH CASINO & RESORT INC,0000907242,10-K,2019-03-14,edgar/data/907242/0001558370-19-002010.txt
SAUL CENTERS INC,0000907254,10-K,2019-02-26,edgar/data/907254/0000907254-19-000007.txt
"ARCA biopharma, Inc.",0000907654,10-K,2019-02-27,edgar/data/907654/0001564590-19-004882.txt
BORGWARNER INC,0000908255,10-K,2019-02-19,edgar/data/908255/0000908255-19-000014.txt
CIM Commercial Trust Corp,0000908311,10-K,2019-03-18,edgar/data/908311/0001628280-19-003079.txt
WINMARK CORP,0000908315,10-K,2019-03-08,edgar/data/908315/0000908315-19-000008.txt
SIRIUS XM HOLDINGS INC.,0000908937,10-K,2019-01-30,edgar/data/908937/0000908937-19-000008.txt
DIAMOND HILL INVESTMENT GROUP INC,0000909108,10-K,2019-02-21,edgar/data/909108/0000909108-19-000016.txt
BADGER METER INC,0000009092,10-K,2019-02-26,edgar/data/9092/0001564590-19-004479.txt
TUCOWS INC /PA/,0000909494,10-K,2019-03-05,edgar/data/909494/0001437749-19-004069.txt
TANDY LEATHER FACTORY INC,0000909724,10-K,2019-03-08,edgar/data/909724/0000909724-19-000004.txt
NEW YORK COMMUNITY BANCORP INC,0000910073,10-K,2019-03-01,edgar/data/910073/0001193125-19-058546.txt
LEXINGTON REALTY TRUST,0000910108,10-K,2019-03-13,edgar/data/910108/0001444838-19-000010.txt
MEDIFAST INC,0000910329,10-K,2019-03-01,edgar/data/910329/0001144204-19-011678.txt
CAMPBELL STRATEGIC ALLOCATION FUND LP,0000910467,10-K,2019-03-29,edgar/data/910467/0001140361-19-005990.txt
REGENCY CENTERS CORP,0000910606,10-K,2019-02-21,edgar/data/910606/0000910606-19-000006.txt
CBL & ASSOCIATES PROPERTIES INC,0000910612,10-K,2019-03-01,edgar/data/910612/0000910612-19-000023.txt
3D SYSTEMS CORP,0000910638,10-K,2019-02-28,edgar/data/910638/0000910638-19-000004.txt
MOBILE MINI INC,0000911109,10-K,2019-02-05,edgar/data/911109/0001564590-19-001953.txt
CENTURY CASINOS INC /CO/,0000911147,10-K,2019-03-11,edgar/data/911147/0000911147-19-000008.txt
CASELLA WASTE SYSTEMS INC,0000911177,10-K,2019-02-22,edgar/data/911177/0000911177-19-000014.txt
SMITH A O CORP,0000091142,10-K,2019-02-15,edgar/data/91142/0001193125-19-042339.txt
STANDARD DIVERSIFIED INC.,0000911649,10-K,2019-03-11,edgar/data/911649/0001140361-19-004726.txt
MACERICH CO,0000912242,10-K,2019-02-25,edgar/data/912242/0000912242-19-000004.txt
GUESS INC,0000912463,10-K,2019-03-29,edgar/data/912463/0000912463-19-000013.txt
"GIBRALTAR INDUSTRIES, INC.",0000912562,10-K,2019-02-27,edgar/data/912562/0000912562-19-000009.txt
SUN COMMUNITIES INC,0000912593,10-K,2019-02-21,edgar/data/912593/0000912593-19-000034.txt
MID AMERICA APARTMENT COMMUNITIES INC.,0000912595,10-K,2019-02-21,edgar/data/912595/0000912595-19-000015.txt
FORWARD AIR CORP,0000912728,10-K,2019-02-20,edgar/data/912728/0000912728-19-000047.txt
SINCLAIR BROADCAST GROUP INC,0000912752,10-K,2019-03-01,edgar/data/912752/0000912752-19-000012.txt
"LAUREATE EDUCATION, INC.",0000912766,10-K,2019-02-28,edgar/data/912766/0001047469-19-000767.txt
UNIVERSAL FOREST PRODUCTS INC,0000912767,10-K,2019-02-27,edgar/data/912767/0001558370-19-001176.txt
BELDEN INC.,0000913142,10-K,2019-02-20,edgar/data/913142/0000913142-19-000004.txt
RENAISSANCERE HOLDINGS LTD,0000913144,10-K,2019-02-07,edgar/data/913144/0000913144-19-000010.txt
"STEVEN MADDEN, LTD.",0000913241,10-K,2019-02-28,edgar/data/913241/0001628280-19-002264.txt
Clarus Corp,0000913277,10-K,2019-03-04,edgar/data/913277/0001144204-19-011981.txt
C & F FINANCIAL CORP,0000913341,10-K,2019-02-26,edgar/data/913341/0001558370-19-001069.txt
UFP TECHNOLOGIES INC,0000914156,10-K,2019-03-15,edgar/data/914156/0001171843-19-001752.txt
Invesco Ltd.,0000914208,10-K,2019-02-22,edgar/data/914208/0000914208-19-000195.txt
SNAP-ON Inc,0000091440,10-K,2019-02-14,edgar/data/91440/0000091440-19-000003.txt
NEUROCRINE BIOSCIENCES INC,0000914475,10-K,2019-02-08,edgar/data/914475/0001564590-19-002328.txt
CBL & ASSOCIATES LIMITED PARTNERSHIP,0000915140,10-K,2019-03-01,edgar/data/915140/0000910612-19-000023.txt
EASTMAN CHEMICAL CO,0000915389,10-K,2019-02-27,edgar/data/915389/0000915389-19-000009.txt
KEYCORP /NEW/,0000091576,10-K,2019-02-25,edgar/data/91576/0000091576-19-000009.txt
DSP GROUP INC /DE/,0000915778,10-K,2019-03-11,edgar/data/915778/0001437749-19-004573.txt
AVALONBAY COMMUNITIES INC,0000915912,10-K,2019-02-22,edgar/data/915912/0000915912-19-000004.txt
ALBEMARLE CORP,0000915913,10-K,2019-02-27,edgar/data/915913/0000915913-19-000021.txt
MARTIN MARIETTA MATERIALS INC,0000916076,10-K,2019-02-25,edgar/data/916076/0001193125-19-049961.txt
TRACTOR SUPPLY CO /DE/,0000916365,10-K,2019-02-21,edgar/data/916365/0000916365-19-000035.txt
CALPINE CORP,0000916457,10-K,2019-03-28,edgar/data/916457/0000916457-19-000016.txt
AROTECH CORP,0000916529,10-K,2019-03-07,edgar/data/916529/0000916529-19-000025.txt
DARLING INGREDIENTS INC.,0000916540,10-K,2019-02-27,edgar/data/916540/0000916540-19-000004.txt
SOLITARIO ZINC CORP.,0000917225,10-K,2019-03-01,edgar/data/917225/0000917225-19-000003.txt
AGREE REALTY CORP,0000917251,10-K,2019-02-21,edgar/data/917251/0001558370-19-000849.txt
RAMBUS INC,0000917273,10-K,2019-02-22,edgar/data/917273/0000917273-19-000006.txt
OLYMPIC STEEL INC,0000917470,10-K,2019-02-15,edgar/data/917470/0001437749-19-002753.txt
FARO TECHNOLOGIES INC,0000917491,10-K,2019-02-21,edgar/data/917491/0000917491-19-000012.txt
INTEGRA LIFESCIENCES HOLDINGS CORP,0000917520,10-K,2019-02-26,edgar/data/917520/0000917520-19-000013.txt
SONOCO PRODUCTS CO,0000091767,10-K,2019-02-28,edgar/data/91767/0000091767-19-000015.txt
AK STEEL HOLDING CORP,0000918160,10-K,2019-02-15,edgar/data/918160/0000918160-19-000041.txt
NN INC,0000918541,10-K,2019-03-18,edgar/data/918541/0001628280-19-003059.txt
GROOVE BOTANICALS INC.,0000918573,10-K,2019-01-11,edgar/data/918573/0001607062-19-000014.txt
Gaming Partners International CORP,0000918580,10-K,2019-03-26,edgar/data/918580/0001144204-19-015943.txt
SOUTH CAROLINA ELECTRIC & GAS CO,0000091882,10-K,2019-02-28,edgar/data/91882/0000754737-19-000008.txt
AMERICAN EAGLE OUTFITTERS INC,0000919012,10-K,2019-03-14,edgar/data/919012/0001564590-19-007828.txt
SOUTH JERSEY INDUSTRIES INC,0000091928,10-K,2019-02-28,edgar/data/91928/0000091928-19-000032.txt
NORTHWEST INDIANA BANCORP,0000919864,10-K,2019-03-05,edgar/data/919864/0001144204-19-012208.txt
"Diversicare Healthcare Services, Inc.",0000919956,10-K,2019-02-28,edgar/data/919956/0000919956-19-000007.txt
HEARTLAND FINANCIAL USA INC,0000920112,10-K,2019-02-27,edgar/data/920112/0000920112-19-000046.txt
LABORATORY CORP OF AMERICA HOLDINGS,0000920148,10-K,2019-02-28,edgar/data/920148/0000920148-19-000033.txt
SIMPSON MANUFACTURING CO INC /CA/,0000920371,10-K,2019-02-27,edgar/data/920371/0000920371-19-000027.txt
VIRTU ITG HOLDINGS LLC,0000920424,10-K,2019-03-14,edgar/data/920424/0001558370-19-001996.txt
UNITY BANCORP INC /NJ/,0000920427,10-K,2019-03-05,edgar/data/920427/0000920427-19-000069.txt
LA JOLLA PHARMACEUTICAL CO,0000920465,10-K,2019-03-04,edgar/data/920465/0000920465-19-000044.txt
"ESSEX PROPERTY TRUST, INC.",0000920522,10-K,2019-02-21,edgar/data/920522/0000920522-19-000009.txt
LENNAR CORP /NEW/,0000920760,10-K,2019-01-28,edgar/data/920760/0001628280-19-000598.txt
SOUTHERN CALIFORNIA EDISON CO,0000092103,10-K,2019-02-28,edgar/data/92103/0000827052-19-000034.txt
HIGHWOODS PROPERTIES INC,0000921082,10-K,2019-02-05,edgar/data/921082/0000921082-19-000006.txt
SOUTHERN CALIFORNIA GAS CO,0000092108,10-K,2019-02-26,edgar/data/92108/0000086521-19-000014.txt
LIBERTY PROPERTY TRUST,0000921112,10-K,2019-02-27,edgar/data/921112/0001628280-19-002017.txt
LIBERTY PROPERTY LIMITED PARTNERSHIP,0000921113,10-K,2019-02-27,edgar/data/921113/0001628280-19-002017.txt
AmpliPhi Biosciences Corp,0000921114,10-K,2019-03-25,edgar/data/921114/0001144204-19-015711.txt
Golden State Water CO,0000092116,10-K,2019-02-25,edgar/data/92116/0001056903-19-000004.txt
HMN FINANCIAL INC,0000921183,10-K,2019-03-08,edgar/data/921183/0001437749-19-004458.txt
SOUTHERN CO,0000092122,10-K,2019-02-20,edgar/data/92122/0000092122-19-000006.txt
FIBROGEN INC,0000921299,10-K,2019-02-27,edgar/data/921299/0001564590-19-004979.txt
REPUBLIC BANCORP INC /KY/,0000921557,10-K,2019-03-15,edgar/data/921557/0001558370-19-002088.txt
IMAX CORP,0000921582,10-K,2019-02-26,edgar/data/921582/0001193125-19-052075.txt
PENN NATIONAL GAMING INC,0000921738,10-K,2019-02-28,edgar/data/921738/0000921738-19-000011.txt
FIRST INDUSTRIAL REALTY TRUST INC,0000921825,10-K,2019-02-20,edgar/data/921825/0000921825-19-000003.txt
CITIBANK CREDIT CARD MASTER TRUST I,0000921864,10-K,2019-03-27,edgar/data/921864/0001193125-19-088236.txt
PPL Corp,0000922224,10-K,2019-02-14,edgar/data/922224/0000922224-19-000015.txt
CTD HOLDINGS INC,0000922247,10-K,2019-03-15,edgar/data/922247/0001437749-19-005049.txt
BB&T CORP,0000092230,10-K,2019-02-26,edgar/data/92230/0000092230-19-000017.txt
FALCONSTOR SOFTWARE INC,0000922521,10-K,2019-03-27,edgar/data/922521/0001628280-19-003503.txt
ERIE INDEMNITY CO,0000922621,10-K,2019-02-21,edgar/data/922621/0000922621-19-000008.txt
APARTMENT INVESTMENT & MANAGEMENT CO,0000922864,10-K,2019-02-20,edgar/data/922864/0000922864-19-000007.txt
CAPITAL ONE MASTER TRUST,0000922869,10-K,2019-03-28,edgar/data/922869/0001162387-19-000016.txt
FLUSHING FINANCIAL CORP,0000923139,10-K,2019-03-01,edgar/data/923139/0001171843-19-001423.txt
US XPRESS ENTERPRISES INC,0000923571,10-K,2019-03-06,edgar/data/923571/0001008886-19-000047.txt
GEO GROUP INC,0000923796,10-K,2019-02-25,edgar/data/923796/0001193125-19-050054.txt
SOUTHWEST AIRLINES CO,0000092380,10-K,2019-02-05,edgar/data/92380/0000092380-19-000022.txt
SOUTHWEST GAS CORP,0000092416,10-K,2019-02-28,edgar/data/92416/0001692115-19-000013.txt
SMITH MIDLAND CORP,0000924719,10-K,2019-03-26,edgar/data/924719/0001654954-19-003343.txt
MILLER INDUSTRIES INC /TN/,0000924822,10-K,2019-03-06,edgar/data/924822/0001144204-19-012559.txt
SOUTHWESTERN ELECTRIC POWER CO,0000092487,10-K,2019-02-21,edgar/data/92487/0000004904-19-000009.txt
MACK CALI REALTY CORP,0000924901,10-K,2019-02-20,edgar/data/924901/0001104659-19-009587.txt
SOUTHWESTERN PUBLIC SERVICE CO,0000092521,10-K,2019-02-22,edgar/data/92521/0000092521-19-000004.txt
HUDSON TECHNOLOGIES INC /NY,0000925528,10-K,2019-03-15,edgar/data/925528/0001144204-19-014301.txt
CENTRAL EUROPEAN MEDIA ENTERPRISES LTD,0000925645,10-K,2019-02-06,edgar/data/925645/0000925645-19-000006.txt
ADTRAN INC,0000926282,10-K,2019-02-28,edgar/data/926282/0001564590-19-005179.txt
"OMNICELL, Inc",0000926326,10-K,2019-02-27,edgar/data/926326/0000926326-19-000007.txt
"VERMILLION, INC.",0000926617,10-K,2019-03-28,edgar/data/926617/0000926617-19-000007.txt
AIMCO PROPERTIES L.P.,0000926660,10-K,2019-02-20,edgar/data/926660/0000922864-19-000007.txt
ADVANCED ENERGY INDUSTRIES INC,0000927003,10-K,2019-02-21,edgar/data/927003/0000927003-19-000007.txt
DAVITA INC.,0000927066,10-K,2019-02-22,edgar/data/927066/0000927066-19-000025.txt
"Allied Security Innovations, Inc.",0000927454,10-K,2019-01-10,edgar/data/927454/0001683168-19-000069.txt
"Allied Security Innovations, Inc.",0000927454,10-K,2019-01-10,edgar/data/927454/0001683168-19-000070.txt
"Allied Security Innovations, Inc.",0000927454,10-K,2019-01-10,edgar/data/927454/0001683168-19-000071.txt
CAPITAL ONE FINANCIAL CORP,0000927628,10-K,2019-02-20,edgar/data/927628/0000927628-19-000093.txt
MYMETICS CORP,0000927761,10-K,2019-03-28,edgar/data/927761/0001654954-19-003503.txt
CALLON PETROLEUM CO,0000928022,10-K,2019-02-27,edgar/data/928022/0000928022-19-000044.txt
FLOTEK INDUSTRIES INC/CN/,0000928054,10-K,2019-03-08,edgar/data/928054/0000928054-19-000016.txt
Consolidated Water Co. Ltd.,0000928340,10-K,2019-03-18,edgar/data/928340/0001144204-19-014413.txt
MIDAMERICAN ENERGY CO,0000928576,10-K,2019-02-25,edgar/data/928576/0001081316-19-000003.txt
COVENANT TRANSPORTATION GROUP INC,0000928658,10-K,2019-03-13,edgar/data/928658/0001008886-19-000055.txt
WESCO INTERNATIONAL INC,0000929008,10-K,2019-02-27,edgar/data/929008/0000929008-19-000006.txt
"CONDOR HOSPITALITY TRUST, INC.",0000929545,10-K,2019-03-11,edgar/data/929545/0000929545-19-000010.txt
REDWOOD TRUST INC,0000930236,10-K,2019-03-01,edgar/data/930236/0000930236-19-000006.txt
KFORCE INC,0000930420,10-K,2019-02-22,edgar/data/930420/0000930420-19-000034.txt
RECKSON OPERATING PARTNERSHIP LP,0000930810,10-K,2019-03-28,edgar/data/930810/0000930810-19-000004.txt
POLARIS INDUSTRIES INC/MN,0000931015,10-K,2019-02-14,edgar/data/931015/0001628280-19-001394.txt
GRAFTECH INTERNATIONAL LTD,0000931148,10-K,2019-02-22,edgar/data/931148/0000931148-19-000009.txt
ERP OPERATING LTD PARTNERSHIP,0000931182,10-K,2019-02-21,edgar/data/931182/0001564590-19-003683.txt
DEAN FOODS CO,0000931336,10-K,2019-02-28,edgar/data/931336/0000931336-19-000007.txt
UNIVERSAL STAINLESS & ALLOY PRODUCTS INC,0000931584,10-K,2019-02-20,edgar/data/931584/0001564590-19-003431.txt
AEI INCOME & GROWTH FUND XXI LTD PARTNERSHIP,0000931755,10-K,2019-03-29,edgar/data/931755/0001326321-19-000011.txt
INSIGHT ENTERPRISES INC,0000932696,10-K,2019-02-22,edgar/data/932696/0001564590-19-003901.txt
BALCHEM CORP,0000009326,10-K,2019-02-28,edgar/data/9326/0001628280-19-002288.txt
FIRST COMMUNITY CORP /SC/,0000932781,10-K,2019-03-14,edgar/data/932781/0001552781-19-000098.txt
RENT A CENTER INC DE,0000933036,10-K,2019-03-01,edgar/data/933036/0000933036-19-000007.txt
Mr. Cooper Group Inc.,0000933136,10-K,2019-03-11,edgar/data/933136/0000933136-19-000030.txt
IBERIABANK CORP,0000933141,10-K,2019-02-22,edgar/data/933141/0001628280-19-001746.txt
VOLITIONRX LTD,0000093314,10-K,2019-03-13,edgar/data/93314/0001078782-19-000220.txt
ENGLOBAL CORP,0000933738,10-K,2019-03-28,edgar/data/933738/0001493152-19-004079.txt
"STANDARD MOTOR PRODUCTS, INC.",0000093389,10-K,2019-02-20,edgar/data/93389/0001140361-19-003526.txt
"POWERVERDE, INC.",0000933972,10-K,2019-03-29,edgar/data/933972/0001575705-19-000038.txt
CHEVRON CORP,0000093410,10-K,2019-02-22,edgar/data/93410/0000093410-19-000008.txt
ACACIA RESEARCH CORP,0000934549,10-K,2019-03-15,edgar/data/934549/0000934549-19-000017.txt
"BURLINGTON NORTHERN SANTA FE, LLC",0000934612,10-K,2019-02-25,edgar/data/934612/0000934612-19-000005.txt
SPEEDWAY MOTORSPORTS INC,0000934648,10-K,2019-03-15,edgar/data/934648/0001437749-19-004961.txt
Protective Insurance Corp,0000009346,10-K,2019-03-07,edgar/data/9346/0000009346-19-000012.txt
"ACI WORLDWIDE, INC.",0000935036,10-K,2019-03-01,edgar/data/935036/0001193125-19-058622.txt
AZZURRA HOLDING CORP,0000935493,10-K,2019-03-29,edgar/data/935493/0001654954-19-003699.txt
NATIONAL INSTRUMENTS CORP,0000935494,10-K,2019-02-21,edgar/data/935494/0000935494-19-000010.txt
"STANLEY BLACK & DECKER, INC.",0000093556,10-K,2019-02-26,edgar/data/93556/0000093556-19-000011.txt
DOLLAR TREE INC,0000935703,10-K,2019-03-27,edgar/data/935703/0000935703-19-000024.txt
DTE ENERGY CO,0000936340,10-K,2019-02-07,edgar/data/936340/0000936340-19-000086.txt
Amerinac Holding Corp.,0000936446,10-K,2019-03-26,edgar/data/936446/0001477932-19-001192.txt
LOCKHEED MARTIN CORP,0000936468,10-K,2019-02-08,edgar/data/936468/0000936468-19-000009.txt
TRINET GROUP INC,0000937098,10-K,2019-02-14,edgar/data/937098/0000937098-19-000030.txt
STATE STREET CORP,0000093751,10-K,2019-02-21,edgar/data/93751/0000093751-19-000336.txt
MASIMO CORP,0000937556,10-K,2019-02-26,edgar/data/937556/0000937556-19-000039.txt
METROPOLITAN LIFE INSURANCE CO,0000937834,10-K,2019-03-19,edgar/data/937834/0000937834-19-000006.txt
"PCM, INC.",0000937941,10-K,2019-03-14,edgar/data/937941/0001493152-19-003345.txt
BALL Corp,0000009389,10-K,2019-02-22,edgar/data/9389/0001558370-19-000909.txt
"EXELIXIS, INC.",0000939767,10-K,2019-02-22,edgar/data/939767/0000939767-19-000042.txt
STEPAN CO,0000094049,10-K,2019-02-27,edgar/data/94049/0001564590-19-004767.txt
"Hub Group, Inc.",0000940942,10-K,2019-03-01,edgar/data/940942/0001564590-19-005778.txt
IMAGEWARE SYSTEMS INC,0000941685,10-K,2019-03-28,edgar/data/941685/0001654954-19-003493.txt
HIGHWOODS REALTY LTD PARTNERSHIP,0000941713,10-K,2019-02-05,edgar/data/941713/0000921082-19-000006.txt
IMAGE SENSING SYSTEMS INC,0000943034,10-K,2019-03-14,edgar/data/943034/0000897101-19-000222.txt
"Ever-Glory International Group, Inc.",0000943184,10-K,2019-03-29,edgar/data/943184/0001213900-19-005217.txt
STEWART INFORMATION SERVICES CORP,0000094344,10-K,2019-02-28,edgar/data/94344/0000094344-19-000004.txt
WESTINGHOUSE AIR BRAKE TECHNOLOGIES CORP,0000943452,10-K,2019-02-27,edgar/data/943452/0001628280-19-002095.txt
GOODRICH PETROLEUM CORP,0000943861,10-K,2019-03-05,edgar/data/943861/0001437749-19-004049.txt
"SOCKET MOBILE, INC.",0000944075,10-K,2019-03-28,edgar/data/944075/0000944075-19-000010.txt
"MINISTRY PARTNERS INVESTMENT COMPANY, LLC",0000944130,10-K,2019-03-29,edgar/data/944130/0000944130-19-000005.txt
"CBIZ, Inc.",0000944148,10-K,2019-02-28,edgar/data/944148/0001564590-19-005524.txt
"LIFE STORAGE, INC.",0000944314,10-K,2019-02-26,edgar/data/944314/0001564590-19-004470.txt
GSE SYSTEMS INC,0000944480,10-K,2019-03-28,edgar/data/944480/0000944480-19-000021.txt
"HANOVER INSURANCE GROUP, INC.",0000944695,10-K,2019-02-22,edgar/data/944695/0001564590-19-003788.txt
"CIVISTA BANCSHARES, INC.",0000944745,10-K,2019-03-15,edgar/data/944745/0001564590-19-007947.txt
"Opko Health, Inc.",0000944809,10-K,2019-03-01,edgar/data/944809/0000944809-19-000017.txt
SYSTEMAX INC,0000945114,10-K,2019-03-14,edgar/data/945114/0000945114-19-000013.txt
CICERO INC,0000945384,10-K,2019-03-29,edgar/data/945384/0001654954-19-003609.txt
HOSPITALITY PROPERTIES TRUST,0000945394,10-K,2019-02-27,edgar/data/945394/0000945394-19-000008.txt
DENBURY RESOURCES INC,0000945764,10-K,2019-03-01,edgar/data/945764/0000945764-19-000021.txt
POOL CORP,0000945841,10-K,2019-02-27,edgar/data/945841/0000945841-19-000013.txt
"Wayside Technology Group, Inc.",0000945983,10-K,2019-03-18,edgar/data/945983/0001558370-19-002250.txt
TIAA REAL ESTATE ACCOUNT,0000946155,10-K,2019-03-14,edgar/data/946155/0001628280-19-002918.txt
"BALLANTYNE STRONG, INC.",0000946454,10-K,2019-03-12,edgar/data/946454/0001493152-19-003195.txt
RETRACTABLE TECHNOLOGIES INC,0000946563,10-K,2019-03-28,edgar/data/946563/0001104659-19-018179.txt
FIRST DEFIANCE FINANCIAL CORP,0000946647,10-K,2019-02-28,edgar/data/946647/0001144204-19-011020.txt
BANNER CORP,0000946673,10-K,2019-02-26,edgar/data/946673/0000946673-19-000006.txt
BALTIMORE GAS & ELECTRIC CO,0000009466,10-K,2019-02-08,edgar/data/9466/0001628280-19-001107.txt
ARCH CAPITAL GROUP LTD.,0000947484,10-K,2019-02-28,edgar/data/947484/0000947484-19-000008.txt
FIRST BANCSHARES INC /MS/,0000947559,10-K,2019-03-18,edgar/data/947559/0001144204-19-014690.txt
LEVI STRAUSS & CO,0000094845,10-K,2019-02-05,edgar/data/94845/0000094845-19-000006.txt
"SMITH MICRO SOFTWARE, INC.",0000948708,10-K,2019-03-27,edgar/data/948708/0001564590-19-009576.txt
"DIAMOND OFFSHORE DRILLING, INC.",0000949039,10-K,2019-02-13,edgar/data/949039/0001193125-19-037454.txt
CENTURY ALUMINUM CO,0000949157,10-K,2019-02-28,edgar/data/949157/0000949157-19-000031.txt
CRAY INC,0000949158,10-K,2019-02-12,edgar/data/949158/0000949158-19-000010.txt
THANKSGIVING COFFEE CO INC,0000949852,10-K,2019-03-27,edgar/data/949852/0001437749-19-005736.txt
"ACHIEVE LIFE SCIENCES, INC.",0000949858,10-K,2019-03-14,edgar/data/949858/0001564590-19-007838.txt
BOSTON BEER CO INC,0000949870,10-K,2019-02-20,edgar/data/949870/0001193125-19-045425.txt
STURM RUGER & CO INC,0000095029,10-K,2019-02-20,edgar/data/95029/0001174947-19-000236.txt
SUPERIOR INDUSTRIES INTERNATIONAL INC,0000095552,10-K,2019-03-07,edgar/data/95552/0001193125-19-067169.txt
"SUPERIOR GROUP OF COMPANIES, INC.",0000095574,10-K,2019-02-21,edgar/data/95574/0001437749-19-003013.txt
SYNALLOY CORP,0000095953,10-K,2019-03-18,edgar/data/95953/0000095953-19-000043.txt
TAMPA ELECTRIC CO,0000096271,10-K,2019-02-19,edgar/data/96271/0001564590-19-003167.txt
BANK OF NOVA SCOTIA,0000009631,10-K,2019-01-29,edgar/data/9631/0000891092-19-000800.txt
TEJON RANCH CO,0000096869,10-K,2019-03-01,edgar/data/96869/0000096869-19-000004.txt
TELEFLEX INC,0000096943,10-K,2019-02-21,edgar/data/96943/0000096943-19-000021.txt
TENNANT CO,0000097134,10-K,2019-02-28,edgar/data/97134/0000097134-19-000006.txt
"TERADYNE, INC",0000097210,10-K,2019-03-01,edgar/data/97210/0001193125-19-059974.txt
TEREX CORP,0000097216,10-K,2019-02-25,edgar/data/97216/0000097216-19-000024.txt
TEXAS INSTRUMENTS INC,0000097476,10-K,2019-02-22,edgar/data/97476/0001564590-19-003839.txt
TEXAS PACIFIC LAND TRUST,0000097517,10-K,2019-02-28,edgar/data/97517/0000097517-19-000015.txt
THERMO FISHER SCIENTIFIC INC.,0000097745,10-K,2019-02-27,edgar/data/97745/0000097745-19-000007.txt
TIDEWATER INC,0000098222,10-K,2019-02-28,edgar/data/98222/0001564590-19-005545.txt
TIFFANY & CO,0000098246,10-K,2019-03-22,edgar/data/98246/0000098246-19-000047.txt
TIMKEN CO,0000098362,10-K,2019-02-15,edgar/data/98362/0000098362-19-000038.txt
TOOTSIE ROLL INDUSTRIES INC,0000098677,10-K,2019-03-01,edgar/data/98677/0001558370-19-001395.txt
"TRANSCONTINENTAL GAS PIPE LINE COMPANY, LLC",0000099250,10-K,2019-02-21,edgar/data/99250/0000099250-19-000003.txt
TRINITY INDUSTRIES INC,0000099780,10-K,2019-02-21,edgar/data/99780/0000099780-19-000019.txt
BARNES GROUP INC,0000009984,10-K,2019-02-26,edgar/data/9984/0000009984-19-000036.txt
