Company Name,CIK,Form Type,Date Filed,Filename
MEDALLION FINANCIAL CORP,0001000209,10-K,2018-03-14,edgar/data/1000209/0001193125-18-082402.txt
HENRY SCHEIN INC,0001000228,10-K,2018-02-21,edgar/data/1000228/0001000228-18-000012.txt
CORE LABORATORIES N V,0001000229,10-K,2018-02-12,edgar/data/1000229/0001000229-18-000025.txt
KENTUCKY BANCSHARES INC /KY/,0001000232,10-K,2018-03-16,edgar/data/1000232/0001558370-18-002201.txt
IMPAC MORTGAGE HOLDINGS INC,0001000298,10-K,2018-03-16,edgar/data/1000298/0001558370-18-002168.txt
SCHWEITZER MAUDUIT INTERNATIONAL INC,0001000623,10-K,2018-03-01,edgar/data/1000623/0001000623-18-000044.txt
NOVAVAX INC,0001000694,10-K,2018-03-14,edgar/data/1000694/0001144204-18-014686.txt
WATERS CORP /DE/,0001000697,10-K,2018-02-27,edgar/data/1000697/0001193125-18-060830.txt
"INSPERITY, INC.",0001000753,10-K,2018-02-12,edgar/data/1000753/0001000753-18-000015.txt
DISH Network CORP,0001001082,10-K,2018-02-21,edgar/data/1001082/0001558370-18-000826.txt
BROADWAY FINANCIAL CORP \DE\,0001001171,10-K,2018-03-26,edgar/data/1001171/0001047469-18-002146.txt
TUCSON ELECTRIC POWER CO,0000100122,10-K,2018-02-15,edgar/data/100122/0000100122-18-000005.txt
"SANGAMO THERAPEUTICS, INC",0001001233,10-K,2018-03-01,edgar/data/1001233/0001564590-18-004163.txt
"TG THERAPEUTICS, INC.",0001001316,10-K,2018-03-15,edgar/data/1001316/0001654954-18-002638.txt
NORTHWEST PIPE CO,0001001385,10-K,2018-03-16,edgar/data/1001385/0001437749-18-004857.txt
TENGASCO INC,0001001614,10-K,2018-03-28,edgar/data/1001614/0001140361-18-015512.txt
SOUTHERN COPPER CORP/,0001001838,10-K,2018-03-01,edgar/data/1001838/0001047469-18-001211.txt
INTEVAC INC,0001001902,10-K,2018-02-14,edgar/data/1001902/0001193125-18-045618.txt
AMEREN CORP,0001002910,10-K,2018-02-28,edgar/data/1002910/0001002910-18-000069.txt
"MMA CAPITAL MANAGEMENT, LLC",0001003201,10-K,2018-03-16,edgar/data/1003201/0001144204-18-015067.txt
DUKE REALTY LIMITED PARTNERSHIP/,0001003410,10-K,2018-02-16,edgar/data/1003410/0000783280-18-000012.txt
AMERICAN EXPRESS CREDIT ACCOUNT MASTER TRUST,0001003509,10-K,2018-03-26,edgar/data/1003509/0001193125-18-096155.txt
IMPAX LABORATORIES INC,0001003642,10-K,2018-03-01,edgar/data/1003642/0001003642-18-000038.txt
BCTC IV ASSIGNOR CORP,0001003815,10-K,2018-03-16,edgar/data/1003815/0001003815-18-000004.txt
TANGER PROPERTIES LTD PARTNERSHIP /NC/,0001004036,10-K,2018-02-22,edgar/data/1004036/0000899715-18-000070.txt
SOUTHERN Co GAS,0001004155,10-K,2018-02-21,edgar/data/1004155/0000092122-18-000012.txt
"AFFILIATED MANAGERS GROUP, INC.",0001004434,10-K,2018-02-23,edgar/data/1004434/0001004434-18-000004.txt
OCEANFIRST FINANCIAL CORP,0001004702,10-K,2018-02-28,edgar/data/1004702/0001004702-18-000078.txt
PG&E Corp,0001004980,10-K,2018-02-09,edgar/data/1004980/0001004980-18-000003.txt
"United Continental Holdings, Inc.",0000100517,10-K,2018-02-22,edgar/data/100517/0001193125-18-054235.txt
DEPOMED INC,0001005201,10-K,2018-03-01,edgar/data/1005201/0001558370-18-001325.txt
UNIVERSAL DISPLAY CORP \PA\,0001005284,10-K,2018-02-22,edgar/data/1005284/0001564590-18-002868.txt
DIME COMMUNITY BANCSHARES INC,0001005409,10-K,2018-03-14,edgar/data/1005409/0001140361-18-013430.txt
MAGICJACK VOCALTEC LTD,0001005699,10-K,2018-03-16,edgar/data/1005699/0001178913-18-000881.txt
CSG SYSTEMS INTERNATIONAL INC,0001005757,10-K,2018-02-23,edgar/data/1005757/0001564590-18-003012.txt
TOMPKINS FINANCIAL CORP,0001005817,10-K,2018-03-01,edgar/data/1005817/0001005817-18-000002.txt
IRIDEX CORP,0001006045,10-K,2018-03-14,edgar/data/1006045/0001564590-18-005593.txt
LORAL SPACE & COMMUNICATIONS INC.,0001006269,10-K,2018-03-15,edgar/data/1006269/0001144204-18-014926.txt
"Protalix BioTherapeutics, Inc.",0001006281,10-K,2018-03-06,edgar/data/1006281/0001144204-18-013053.txt
"BEAR STATE FINANCIAL, INC.",0001006424,10-K,2018-03-16,edgar/data/1006424/0001437749-18-004799.txt
"HC2 HOLDINGS, INC.",0001006837,10-K,2018-03-14,edgar/data/1006837/0001006837-18-000023.txt
COFFEE HOLDING CO INC,0001007019,10-K,2018-01-29,edgar/data/1007019/0001493152-18-001192.txt
BANK OF SOUTH CAROLINA CORP,0001007273,10-K,2018-03-05,edgar/data/1007273/0001387131-18-000907.txt
"PRGX GLOBAL, INC.",0001007330,10-K,2018-03-13,edgar/data/1007330/0001007330-18-000002.txt
KVH INDUSTRIES INC \DE\,0001007587,10-K,2018-03-02,edgar/data/1007587/0001007587-18-000006.txt
UNION CARBIDE CORP /NEW/,0000100790,10-K,2018-02-15,edgar/data/100790/0000029915-18-000005.txt
UNION ELECTRIC CO,0000100826,10-K,2018-02-28,edgar/data/100826/0001002910-18-000069.txt
TUPPERWARE BRANDS CORP,0001008654,10-K,2018-02-27,edgar/data/1008654/0001008654-18-000006.txt
ACORDA THERAPEUTICS INC,0001008848,10-K,2018-03-01,edgar/data/1008848/0001564590-18-003967.txt
UNION PACIFIC CORP,0000100885,10-K,2018-02-09,edgar/data/100885/0000100885-18-000048.txt
CARBO CERAMICS INC,0001009672,10-K,2018-03-08,edgar/data/1009672/0001564590-18-004771.txt
JAKKS PACIFIC INC,0001009829,10-K,2018-03-16,edgar/data/1009829/0001157523-18-000578.txt
SIGA TECHNOLOGIES INC,0001010086,10-K,2018-03-06,edgar/data/1010086/0001010086-18-000003.txt
SYKES ENTERPRISES INC,0001010612,10-K,2018-03-01,edgar/data/1010612/0001193125-18-067150.txt
FAIRMOUNT SANTROL HOLDINGS INC.,0001010858,10-K,2018-03-13,edgar/data/1010858/0001564590-18-005434.txt
"CYNERGISTEK, INC",0001011432,10-K,2018-03-28,edgar/data/1011432/0001445866-18-000299.txt
"Medical Information Technology, Inc.",0001011452,10-K,2018-01-31,edgar/data/1011452/0001011452-18-000003.txt
Golden Minerals Co,0001011509,10-K,2018-03-02,edgar/data/1011509/0001558370-18-001416.txt
KNOLL INC,0001011570,10-K,2018-02-27,edgar/data/1011570/0001011570-18-000012.txt
MUFG Americas Holdings Corp,0001011659,10-K,2018-03-02,edgar/data/1011659/0001628280-18-002667.txt
UNITED FIRE GROUP INC,0000101199,10-K,2018-02-28,edgar/data/101199/0000101199-18-000040.txt
RUSH ENTERPRISES INC \TX\,0001012019,10-K,2018-03-01,edgar/data/1012019/0001437749-18-003630.txt
SEALED AIR CORP/DE,0001012100,10-K,2018-02-21,edgar/data/1012100/0001628280-18-001957.txt
AVADEL PHARMACEUTICALS PLC,0001012477,10-K,2018-03-16,edgar/data/1012477/0001012477-18-000008.txt
GENESEE & WYOMING INC,0001012620,10-K,2018-02-28,edgar/data/1012620/0001012620-18-000008.txt
FBL FINANCIAL GROUP INC,0001012771,10-K,2018-03-01,edgar/data/1012771/0001012771-18-000006.txt
UNITED GUARDIAN INC,0000101295,10-K,2018-03-22,edgar/data/101295/0001171843-18-002183.txt
ARADIGM CORP,0001013238,10-K,2018-03-23,edgar/data/1013238/0001193125-18-094094.txt
NORWOOD FINANCIAL CORP,0001013272,10-K,2018-03-15,edgar/data/1013272/0000946275-18-000013.txt
ANSYS INC,0001013462,10-K,2018-02-22,edgar/data/1013462/0001013462-18-000004.txt
BJs RESTAURANTS INC,0001013488,10-K,2018-02-26,edgar/data/1013488/0001564590-18-003270.txt
ENDOLOGIX INC /DE/,0001013606,10-K,2018-03-13,edgar/data/1013606/0001013606-18-000025.txt
"Wilhelmina International, Inc.",0001013706,10-K,2018-03-22,edgar/data/1013706/0001171843-18-002182.txt
UMB FINANCIAL CORP,0000101382,10-K,2018-02-22,edgar/data/101382/0001564590-18-002843.txt
PEGASYSTEMS INC,0001013857,10-K,2018-02-26,edgar/data/1013857/0001193125-18-058491.txt
"NRG ENERGY, INC.",0001013871,10-K,2018-03-01,edgar/data/1013871/0001013871-18-000011.txt
"TTEC Holdings, Inc.",0001013880,10-K,2018-03-13,edgar/data/1013880/0001558370-18-001935.txt
STRAYER EDUCATION INC,0001013934,10-K,2018-03-01,edgar/data/1013934/0001558370-18-001389.txt
VERISIGN INC/CA,0001014473,10-K,2018-02-16,edgar/data/1014473/0001014473-18-000018.txt
"BioScrip, Inc.",0001014739,10-K,2018-03-26,edgar/data/1014739/0001628280-18-003541.txt
CHARLES & COLVARD LTD,0001015155,10-K,2018-03-09,edgar/data/1015155/0001140361-18-012655.txt
WINTRUST FINANCIAL CORP,0001015328,10-K,2018-02-28,edgar/data/1015328/0001015328-18-000080.txt
AWARE INC /MA/,0001015739,10-K,2018-02-28,edgar/data/1015739/0001144204-18-011461.txt
E TRADE FINANCIAL CORP,0001015780,10-K,2018-02-21,edgar/data/1015780/0001015780-18-000033.txt
US ENERGY CORP,0000101594,10-K,2018-03-28,edgar/data/101594/0001493152-18-004053.txt
ULTIMATE SOFTWARE GROUP INC,0001016125,10-K,2018-02-26,edgar/data/1016125/0001016125-18-000039.txt
"ANTARES PHARMA, INC.",0001016169,10-K,2018-03-13,edgar/data/1016169/0001564590-18-005459.txt
CARRIAGE SERVICES INC,0001016281,10-K,2018-02-21,edgar/data/1016281/0001016281-18-000024.txt
"RenovaCare, Inc.",0001016708,10-K,2018-03-13,edgar/data/1016708/0001477932-18-001262.txt
TRANSACT TECHNOLOGIES INC,0001017303,10-K,2018-03-21,edgar/data/1017303/0001017303-18-000022.txt
HIBBETT SPORTS INC,0001017480,10-K,2018-03-30,edgar/data/1017480/0001017480-18-000012.txt
"APRICUS BIOSCIENCES, INC.",0001017491,10-K,2018-03-01,edgar/data/1017491/0001017491-18-000026.txt
PAID INC,0001017655,10-K,2018-03-30,edgar/data/1017655/0001654954-18-003409.txt
DOVER MOTORSPORTS INC,0001017673,10-K,2018-02-27,edgar/data/1017673/0001104659-18-012876.txt
MARATHON OIL CORP,0000101778,10-K,2018-02-22,edgar/data/101778/0000101778-18-000026.txt
FIRST ACCEPTANCE CORP /DE/,0001017907,10-K,2018-03-06,edgar/data/1017907/0001564590-18-004523.txt
EDGEWATER TECHNOLOGY INC/DE/,0001017968,10-K,2018-03-16,edgar/data/1017968/0001193125-18-086033.txt
WILLIS LEASE FINANCE CORP,0001018164,10-K,2018-03-15,edgar/data/1018164/0001558370-18-002139.txt
UNITED DOMINION REALTY L P,0001018254,10-K,2018-02-20,edgar/data/1018254/0000074208-18-000024.txt
UNITED TECHNOLOGIES CORP /DE/,0000101829,10-K,2018-02-09,edgar/data/101829/0000101829-18-000005.txt
ENTERPRISE BANCORP INC /MA/,0001018399,10-K,2018-03-13,edgar/data/1018399/0001018399-18-000016.txt
AMAZON COM INC,0001018724,10-K,2018-02-02,edgar/data/1018724/0001018724-18-000005.txt
ALLEGHENY TECHNOLOGIES INC,0001018963,10-K,2018-02-20,edgar/data/1018963/0001018963-18-000004.txt
AMERISAFE INC,0001018979,10-K,2018-02-28,edgar/data/1018979/0001564590-18-003779.txt
ARQULE INC,0001019695,10-K,2018-03-05,edgar/data/1019695/0001144204-18-012722.txt
NAVIGANT CONSULTING INC,0001019737,10-K,2018-02-23,edgar/data/1019737/0001564590-18-003055.txt
"PENSKE AUTOMOTIVE GROUP, INC.",0001019849,10-K,2018-02-22,edgar/data/1019849/0001558370-18-000944.txt
UNIVERSAL ELECTRONICS INC,0000101984,10-K,2018-03-13,edgar/data/101984/0000101984-18-000008.txt
CERUS CORP,0001020214,10-K,2018-03-08,edgar/data/1020214/0001564590-18-004969.txt
IRON MOUNTAIN INC,0001020569,10-K,2018-02-16,edgar/data/1020569/0001020569-18-000006.txt
DXP ENTERPRISES INC,0001020710,10-K,2018-03-28,edgar/data/1020710/0001140361-18-015469.txt
FAMOUS DAVES OF AMERICA INC,0001021270,10-K,2018-03-05,edgar/data/1021270/0001021270-18-000006.txt
NU SKIN ENTERPRISES INC,0001021561,10-K,2018-02-16,edgar/data/1021561/0001021561-18-000008.txt
ON TRACK INNOVATIONS LTD,0001021604,10-K,2018-03-29,edgar/data/1021604/0001213900-18-003667.txt
OGE ENERGY CORP.,0001021635,10-K,2018-02-22,edgar/data/1021635/0001021635-18-000015.txt
NATIONAL OILWELL VARCO INC,0001021860,10-K,2018-02-16,edgar/data/1021860/0001193125-18-048333.txt
QUEST DIAGNOSTICS INC,0001022079,10-K,2018-02-23,edgar/data/1022079/0001022079-18-000038.txt
UNIVEST CORP OF PENNSYLVANIA,0000102212,10-K,2018-03-01,edgar/data/102212/0000102212-18-000018.txt
GENESIS ENERGY LP,0001022321,10-K,2018-02-26,edgar/data/1022321/0001022321-18-000024.txt
SIMON PROPERTY GROUP L P /DE/,0001022344,10-K,2018-02-23,edgar/data/1022344/0001558370-18-000981.txt
CIPHERLOC Corp,0001022505,10-K,2018-01-12,edgar/data/1022505/0001493152-18-000491.txt
ULTRA PETROLEUM CORP,0001022646,10-K,2018-02-28,edgar/data/1022646/0001564590-18-003771.txt
INSEEGO CORP.,0001022652,10-K,2018-03-16,edgar/data/1022652/0001022652-18-000015.txt
STEEL DYNAMICS INC,0001022671,10-K,2018-02-27,edgar/data/1022671/0001144204-18-011155.txt
ANI PHARMACEUTICALS INC,0001023024,10-K,2018-02-27,edgar/data/1023024/0001144204-18-011197.txt
LITHIA MOTORS INC,0001023128,10-K,2018-02-23,edgar/data/1023128/0001023128-18-000020.txt
"FORRESTER RESEARCH, INC.",0001023313,10-K,2018-03-09,edgar/data/1023313/0001564590-18-005110.txt
"AutoWeb, Inc.",0001023364,10-K,2018-03-15,edgar/data/1023364/0001654954-18-002634.txt
AEI INCOME & GROWTH FUND XXII LTD PARTNERSHIP,0001023458,10-K,2018-03-30,edgar/data/1023458/0001326321-18-000007.txt
STEWARDSHIP FINANCIAL CORP,0001023860,10-K,2018-03-23,edgar/data/1023860/0001023860-18-000009.txt
"SG BLOCKS, INC.",0001023994,10-K,2018-03-01,edgar/data/1023994/0001213900-18-002467.txt
"PERNIX THERAPEUTICS HOLDINGS, INC.",0001024126,10-K,2018-03-08,edgar/data/1024126/0001136261-18-000075.txt
TENNECO INC,0001024725,10-K,2018-02-28,edgar/data/1024725/0001024725-18-000006.txt
SUN HYDRAULICS CORP,0001024795,10-K,2018-02-27,edgar/data/1024795/0001564590-18-003418.txt
GOLDEN QUEEN MINING CO LTD,0001025362,10-K,2018-03-27,edgar/data/1025362/0001279569-18-000575.txt
W. P. Carey Inc.,0001025378,10-K,2018-02-23,edgar/data/1025378/0001025378-18-000014.txt
EARTHSTONE ENERGY INC,0000010254,10-K,2018-03-15,edgar/data/10254/0001564590-18-005824.txt
CHASE PACKAGING CORP,0001025771,10-K,2018-03-13,edgar/data/1025771/0001477932-18-001249.txt
ENTERPRISE FINANCIAL SERVICES CORP,0001025835,10-K,2018-02-23,edgar/data/1025835/0001025835-18-000016.txt
KILROY REALTY CORP,0001025996,10-K,2018-02-13,edgar/data/1025996/0001025996-18-000107.txt
FEDERAL HOME LOAN MORTGAGE CORP,0001026214,10-K,2018-02-15,edgar/data/1026214/0001026214-18-000020.txt
CORE MOLDING TECHNOLOGIES INC,0001026655,10-K,2018-03-07,edgar/data/1026655/0001026655-18-000007.txt
VALMONT INDUSTRIES INC,0000102729,10-K,2018-02-28,edgar/data/102729/0000102729-18-000008.txt
VSE CORP,0000102752,10-K,2018-03-07,edgar/data/102752/0000102752-18-000010.txt
TACTILE SYSTEMS TECHNOLOGY INC,0001027838,10-K,2018-02-26,edgar/data/1027838/0001558370-18-001091.txt
CHICAGO BRIDGE & IRON CO N V,0001027884,10-K,2018-02-21,edgar/data/1027884/0001027884-18-000045.txt
COBIZ FINANCIAL INC,0001028734,10-K,2018-02-16,edgar/data/1028734/0001558370-18-000754.txt
PACIFIC PREMIER BANCORP INC,0001028918,10-K,2018-02-28,edgar/data/1028918/0001028918-18-000042.txt
SUSSEX BANCORP,0001028954,10-K,2018-03-15,edgar/data/1028954/0001028954-18-000002.txt
"Sun BioPharma, Inc.",0001029125,10-K,2018-03-21,edgar/data/1029125/0001437749-18-005094.txt
DYNAVAX TECHNOLOGIES CORP,0001029142,10-K,2018-03-08,edgar/data/1029142/0001564590-18-004917.txt
EURONET WORLDWIDE INC,0001029199,10-K,2018-03-01,edgar/data/1029199/0001029199-18-000015.txt
LADENBURG THALMANN FINANCIAL SERVICES INC.,0001029730,10-K,2018-03-16,edgar/data/1029730/0001029730-18-000002.txt
SONIC FOUNDRY INC,0001029744,10-K,2018-01-12,edgar/data/1029744/0001029744-18-000006.txt
URSTADT BIDDLE PROPERTIES INC,0001029800,10-K,2018-01-12,edgar/data/1029800/0001029800-18-000010.txt
HILLMAN COMPANIES INC,0001029831,10-K,2018-03-21,edgar/data/1029831/0001029831-18-000006.txt
NEW JERSEY MINING CO,0001030192,10-K,2018-02-26,edgar/data/1030192/0001052918-18-000050.txt
OFG BANCORP,0001030469,10-K,2018-03-13,edgar/data/1030469/0001030469-18-000021.txt
"StarTek, Inc.",0001031029,10-K,2018-03-16,edgar/data/1031029/0001031029-18-000025.txt
"SILVER BULL RESOURCES, INC.",0001031093,10-K,2018-01-17,edgar/data/1031093/0001079973-18-000029.txt
GROUP 1 AUTOMOTIVE INC,0001031203,10-K,2018-02-20,edgar/data/1031203/0001031203-18-000013.txt
FIRSTENERGY CORP,0001031296,10-K,2018-02-20,edgar/data/1031296/0001031296-18-000015.txt
FRANKLIN STREET PROPERTIES CORP /MA/,0001031316,10-K,2018-02-13,edgar/data/1031316/0001558370-18-000638.txt
VEECO INSTRUMENTS INC,0000103145,10-K,2018-02-21,edgar/data/103145/0001104659-18-011084.txt
GULF ISLAND FABRICATION INC,0001031623,10-K,2018-03-09,edgar/data/1031623/0001031623-18-000014.txt
SLM CORP,0001032033,10-K,2018-02-23,edgar/data/1032033/0001628280-18-002138.txt
SEMPRA ENERGY,0001032208,10-K,2018-02-27,edgar/data/1032208/0000086521-18-000019.txt
BASSETT FURNITURE INDUSTRIES INC,0000010329,10-K,2018-01-18,edgar/data/10329/0001437749-18-000767.txt
FLAGSTAR BANCORP INC,0001033012,10-K,2018-03-12,edgar/data/1033012/0001033012-18-000025.txt
FIRST INDUSTRIAL LP,0001033128,10-K,2018-02-27,edgar/data/1033128/0001628280-18-002320.txt
V F CORP,0000103379,10-K,2018-02-28,edgar/data/103379/0000103379-18-000003.txt
LUMINEX CORP,0001033905,10-K,2018-02-26,edgar/data/1033905/0001033905-18-000014.txt
SBA COMMUNICATIONS CORP,0001034054,10-K,2018-03-01,edgar/data/1034054/0001034054-18-000003.txt
ICAHN ENTERPRISES HOLDINGS L.P.,0001034563,10-K,2018-03-01,edgar/data/1034563/0000813762-18-000029.txt
AUTOLIV INC,0001034670,10-K,2018-02-22,edgar/data/1034670/0001564590-18-002787.txt
WIDEPOINT CORP,0001034760,10-K,2018-03-21,edgar/data/1034760/0001144204-18-016169.txt
RIGEL PHARMACEUTICALS INC,0001034842,10-K,2018-03-06,edgar/data/1034842/0001558370-18-001555.txt
VALERO ENERGY CORP/TX,0001035002,10-K,2018-02-28,edgar/data/1035002/0001035002-18-000010.txt
SHORE BANCSHARES INC,0001035092,10-K,2018-03-16,edgar/data/1035092/0001144204-18-015095.txt
CALIFORNIA WATER SERVICE GROUP,0001035201,10-K,2018-03-01,edgar/data/1035201/0001035201-18-000003.txt
SOUTH JERSEY GAS Co,0001035216,10-K,2018-02-26,edgar/data/1035216/0000091928-18-000034.txt
INTUITIVE SURGICAL INC,0001035267,10-K,2018-02-02,edgar/data/1035267/0001035267-18-000013.txt
"Eloxx Pharmaceuticals, Inc.",0001035354,10-K,2018-03-16,edgar/data/1035354/0001193125-18-086028.txt
ALEXANDRIA REAL ESTATE EQUITIES INC,0001035443,10-K,2018-01-30,edgar/data/1035443/0001035443-18-000028.txt
SELECT MEDICAL CORP,0001035688,10-K,2018-02-22,edgar/data/1035688/0001628280-18-002017.txt
CALLIDUS SOFTWARE INC,0001035748,10-K,2018-02-28,edgar/data/1035748/0001035748-18-000007.txt
"FNCB Bancorp, Inc.",0001035976,10-K,2018-03-09,edgar/data/1035976/0001437749-18-004315.txt
COMFORT SYSTEMS USA INC,0001035983,10-K,2018-02-22,edgar/data/1035983/0001558370-18-000936.txt
"Identiv, Inc.",0001036044,10-K,2018-03-29,edgar/data/1036044/0001564590-18-007026.txt
INTEST CORP,0001036262,10-K,2018-03-28,edgar/data/1036262/0001437749-18-005659.txt
VIRGINIA ELECTRIC & POWER CO,0000103682,10-K,2018-02-27,edgar/data/103682/0001193125-18-059578.txt
AEROCENTURY CORP,0001036848,10-K,2018-03-08,edgar/data/1036848/0001036848-18-000004.txt
NII HOLDINGS INC,0001037016,10-K,2018-03-15,edgar/data/1037016/0001037016-18-000010.txt
VISHAY INTERTECHNOLOGY INC,0000103730,10-K,2018-02-16,edgar/data/103730/0000103730-18-000008.txt
"GRIFFIN INDUSTRIAL REALTY, INC.",0001037390,10-K,2018-02-08,edgar/data/1037390/0001558370-18-000519.txt
BOSTON PROPERTIES INC,0001037540,10-K,2018-02-28,edgar/data/1037540/0001656423-18-000004.txt
METTLER TOLEDO INTERNATIONAL INC/,0001037646,10-K,2018-02-09,edgar/data/1037646/0001037646-18-000006.txt
ARCH COAL INC,0001037676,10-K,2018-02-23,edgar/data/1037676/0001628280-18-002109.txt
AMETEK INC/,0001037868,10-K,2018-02-22,edgar/data/1037868/0001193125-18-053631.txt
JONES LANG LASALLE INC,0001037976,10-K,2018-02-23,edgar/data/1037976/0001037976-18-000008.txt
SILICON LABORATORIES INC,0001038074,10-K,2018-01-31,edgar/data/1038074/0001047469-18-000522.txt
HESKA CORP,0001038133,10-K,2018-03-09,edgar/data/1038133/0001038133-18-000007.txt
"Reis, Inc.",0001038222,10-K,2018-03-08,edgar/data/1038222/0001193125-18-074264.txt
INTERNATIONAL ISOTOPES INC,0001038277,10-K,2018-03-30,edgar/data/1038277/0001515971-18-000027.txt
PIONEER NATURAL RESOURCES CO,0001038357,10-K,2018-02-20,edgar/data/1038357/0001038357-18-000015.txt
PRUCO LIFE INSURANCE OF NEW JERSEY,0001038509,10-K,2018-03-08,edgar/data/1038509/0001038509-18-000007.txt
"VOLT INFORMATION SCIENCES, INC.",0000103872,10-K,2018-01-12,edgar/data/103872/0000103872-18-000006.txt
SMARTFINANCIAL INC.,0001038773,10-K,2018-03-16,edgar/data/1038773/0001038773-18-000010.txt
"L3 TECHNOLOGIES, INC.",0001039101,10-K,2018-02-22,edgar/data/1039101/0001140361-18-009565.txt
FORMFACTOR INC,0001039399,10-K,2018-02-27,edgar/data/1039399/0001039399-18-000014.txt
ONEOK INC /NEW/,0001039684,10-K,2018-02-27,edgar/data/1039684/0001039684-18-000021.txt
AMERICAN EQUITY INVESTMENT LIFE HOLDING CO,0001039828,10-K,2018-02-23,edgar/data/1039828/0001039828-18-000006.txt
"PIXELWORKS, INC",0001040161,10-K,2018-03-14,edgar/data/1040161/0001040161-18-000006.txt
SYNTEL INC,0001040426,10-K,2018-02-26,edgar/data/1040426/0001193125-18-058590.txt
CARRIZO OIL & GAS INC,0001040593,10-K,2018-02-28,edgar/data/1040593/0001040593-18-000017.txt
VORNADO REALTY LP,0001040765,10-K,2018-02-12,edgar/data/1040765/0000899689-18-000009.txt
"Ryman Hospitality Properties, Inc.",0001040829,10-K,2018-02-27,edgar/data/1040829/0001193125-18-060772.txt
"Intellicheck, Inc.",0001040896,10-K,2018-03-23,edgar/data/1040896/0001493152-18-003779.txt
SL GREEN REALTY CORP,0001040971,10-K,2018-02-23,edgar/data/1040971/0001040971-18-000006.txt
"ROCKWELL MEDICAL, INC.",0001041024,10-K,2018-03-15,edgar/data/1041024/0001558370-18-002142.txt
YUM BRANDS INC,0001041061,10-K,2018-02-22,edgar/data/1041061/0001041061-18-000013.txt
HOPFED BANCORP INC,0001041550,10-K,2018-03-15,edgar/data/1041550/0001193125-18-083696.txt
"URBAN ONE, INC.",0001041657,10-K,2018-03-16,edgar/data/1041657/0001144204-18-015060.txt
Walmart Inc.,0000104169,10-K,2018-03-30,edgar/data/104169/0000104169-18-000028.txt
"Childrens Place, Inc.",0001041859,10-K,2018-03-22,edgar/data/1041859/0001628280-18-003499.txt
AMERICAN FINANCIAL GROUP INC,0001042046,10-K,2018-02-23,edgar/data/1042046/0001042046-18-000014.txt
"CymaBay Therapeutics, Inc.",0001042074,10-K,2018-03-15,edgar/data/1042074/0001564590-18-005831.txt
"HedgePath Pharmaceuticals, Inc.",0001042418,10-K,2018-02-16,edgar/data/1042418/0001193125-18-047834.txt
DISH DBS CORP,0001042642,10-K,2018-03-30,edgar/data/1042642/0001558370-18-002595.txt
MERCANTILE BANK CORP,0001042729,10-K,2018-03-05,edgar/data/1042729/0001437749-18-003838.txt
CENTERPOINT ENERGY RESOURCES CORP,0001042773,10-K,2018-02-22,edgar/data/1042773/0001042773-18-000004.txt
"Piedmont Office Realty Trust, Inc.",0001042776,10-K,2018-02-21,edgar/data/1042776/0001042776-18-000040.txt
DRIL-QUIP INC,0001042893,10-K,2018-02-27,edgar/data/1042893/0001042893-18-000003.txt
CAPITAL SENIOR LIVING CORP,0001043000,10-K,2018-03-02,edgar/data/1043000/0001564590-18-004240.txt
BOSTON PROPERTIES LTD PARTNERSHIP,0001043121,10-K,2018-02-28,edgar/data/1043121/0001656423-18-000004.txt
American Electric Technologies Inc,0001043186,10-K,2018-03-29,edgar/data/1043186/0001564590-18-007087.txt
ANNALY CAPITAL MANAGEMENT INC,0001043219,10-K,2018-02-16,edgar/data/1043219/0001628280-18-001815.txt
CHINAWE COM INC,0001043222,10-K,2018-03-29,edgar/data/1043222/0001615774-18-002174.txt
C H ROBINSON WORLDWIDE INC,0001043277,10-K,2018-02-28,edgar/data/1043277/0001043277-18-000007.txt
STONERIDGE INC,0001043337,10-K,2018-03-07,edgar/data/1043337/0001144204-18-013135.txt
SONIC AUTOMOTIVE INC,0001043509,10-K,2018-02-28,edgar/data/1043509/0001564590-18-003800.txt
POTOMAC FUTURES FUND LP,0001043565,10-K,2018-03-28,edgar/data/1043565/0001193125-18-098996.txt
JUNIPER NETWORKS INC,0001043604,10-K,2018-02-23,edgar/data/1043604/0001043604-18-000011.txt
CAMPBELL FUND TRUST,0001043951,10-K,2018-03-29,edgar/data/1043951/0001140361-18-015897.txt
BIOCEPT INC,0001044378,10-K,2018-03-28,edgar/data/1044378/0001564590-18-006985.txt
VASCO DATA SECURITY INTERNATIONAL INC,0001044777,10-K,2018-03-08,edgar/data/1044777/0001558370-18-001736.txt
W R GRACE & CO,0001045309,10-K,2018-02-22,edgar/data/1045309/0001045309-18-000014.txt
RAIT Financial Trust,0001045425,10-K,2018-03-16,edgar/data/1045425/0001564590-18-006057.txt
EPR PROPERTIES,0001045450,10-K,2018-03-01,edgar/data/1045450/0001045450-18-000021.txt
"Prologis, Inc.",0001045609,10-K,2018-02-15,edgar/data/1045609/0001564590-18-002228.txt
"Prologis, L.P.",0001045610,10-K,2018-02-15,edgar/data/1045610/0001564590-18-002228.txt
BAXTER INTERNATIONAL INC,0000010456,10-K,2018-02-23,edgar/data/10456/0001564590-18-002954.txt
LIVE VENTURES Inc,0001045742,10-K,2018-01-18,edgar/data/1045742/0001683168-18-000179.txt
NVIDIA CORP,0001045810,10-K,2018-02-28,edgar/data/1045810/0001045810-18-000010.txt
HERITAGE FINANCIAL CORP /WA/,0001046025,10-K,2018-02-28,edgar/data/1046025/0001046025-18-000014.txt
RITCHIE BROS AUCTIONEERS INC,0001046102,10-K,2018-02-26,edgar/data/1046102/0001279569-18-000342.txt
GUARANTY FEDERAL BANCSHARES INC,0001046203,10-K,2018-03-30,edgar/data/1046203/0001437749-18-005913.txt
Ingredion Inc,0001046257,10-K,2018-02-21,edgar/data/1046257/0001558370-18-000857.txt
CHOICE HOTELS INTERNATIONAL INC /DE,0001046311,10-K,2018-03-01,edgar/data/1046311/0001046311-18-000006.txt
REALNETWORKS INC,0001046327,10-K,2018-02-27,edgar/data/1046327/0001046327-18-000010.txt
CAREER EDUCATION CORP,0001046568,10-K,2018-02-21,edgar/data/1046568/0001564590-18-002683.txt
EMAGIN CORP,0001046995,10-K,2018-03-30,edgar/data/1046995/0001562762-18-000120.txt
RAYTHEON CO/,0001047122,10-K,2018-02-14,edgar/data/1047122/0001047122-18-000022.txt
"AMKOR TECHNOLOGY, INC.",0001047127,10-K,2018-02-23,edgar/data/1047127/0001047127-18-000009.txt
UNITED RENTALS NORTH AMERICA INC,0001047166,10-K,2018-01-24,edgar/data/1047166/0001067701-18-000006.txt
NATIONAL HEALTHCARE CORP,0001047335,10-K,2018-02-20,edgar/data/1047335/0001437749-18-002879.txt
FRESH DEL MONTE PRODUCE INC,0001047340,10-K,2018-02-20,edgar/data/1047340/0001047340-18-000030.txt
CONSOLIDATED EDISON INC,0001047862,10-K,2018-02-15,edgar/data/1047862/0001047862-18-000037.txt
ANWORTH MORTGAGE ASSET CORP,0001047884,10-K,2018-02-28,edgar/data/1047884/0001558370-18-001273.txt
MARRIOTT INTERNATIONAL INC /MD/,0001048286,10-K,2018-02-15,edgar/data/1048286/0001628280-18-001756.txt
BIOMARIN PHARMACEUTICAL INC,0001048477,10-K,2018-02-26,edgar/data/1048477/0001564590-18-003114.txt
FelCor Lodging LP,0001048789,10-K,2018-03-02,edgar/data/1048789/0001715629-18-000002.txt
Graham Holdings Co,0000104889,10-K,2018-02-23,edgar/data/104889/0000104889-18-000011.txt
WASHINGTON REAL ESTATE INVESTMENT TRUST,0000104894,10-K,2018-02-20,edgar/data/104894/0000104894-18-000022.txt
AVISTA CORP,0000104918,10-K,2018-02-21,edgar/data/104918/0000104918-18-000043.txt
MKS INSTRUMENTS INC,0001049502,10-K,2018-02-28,edgar/data/1049502/0001193125-18-062607.txt
COMPX INTERNATIONAL INC,0001049606,10-K,2018-02-28,edgar/data/1049606/0001564590-18-003809.txt
BROOKLINE BANCORP INC,0001049782,10-K,2018-02-28,edgar/data/1049782/0001049782-18-000002.txt
WATSCO INC,0000105016,10-K,2018-03-01,edgar/data/105016/0001193125-18-067229.txt
PC CONNECTION INC,0001050377,10-K,2018-03-09,edgar/data/1050377/0001558370-18-001807.txt
EAGLE BANCORP INC,0001050441,10-K,2018-03-01,edgar/data/1050441/0001104659-18-014116.txt
MICROSTRATEGY INC,0001050446,10-K,2018-02-07,edgar/data/1050446/0001564590-18-001547.txt
"SALEM MEDIA GROUP, INC. /DE/",0001050606,10-K,2018-03-16,edgar/data/1050606/0001144204-18-015007.txt
PEAPACK GLADSTONE FINANCIAL CORP,0001050743,10-K,2018-03-12,edgar/data/1050743/0001174947-18-000352.txt
COLUMBIA SPORTSWEAR CO,0001050797,10-K,2018-02-22,edgar/data/1050797/0001050797-18-000004.txt
QUANTA SERVICES INC,0001050915,10-K,2018-02-28,edgar/data/1050915/0001050915-18-000003.txt
J CREW GROUP INC,0001051251,10-K,2018-03-27,edgar/data/1051251/0001564590-18-006853.txt
COMMUNITY WEST BANCSHARES /,0001051343,10-K,2018-03-02,edgar/data/1051343/0001140361-18-011708.txt
CROWN CASTLE INTERNATIONAL CORP,0001051470,10-K,2018-02-26,edgar/data/1051470/0001051470-18-000082.txt
TELEPHONE & DATA SYSTEMS INC /DE/,0001051512,10-K,2018-02-26,edgar/data/1051512/0001051512-18-000009.txt
AXT INC,0001051627,10-K,2018-03-09,edgar/data/1051627/0001558370-18-001801.txt
WADDELL & REED FINANCIAL INC,0001052100,10-K,2018-02-23,edgar/data/1052100/0001558370-18-001016.txt
MAN AHL DIVERSIFIED I LP,0001052354,10-K,2018-03-29,edgar/data/1052354/0001193125-18-102087.txt
GETTY REALTY CORP /MD/,0001052752,10-K,2018-03-01,edgar/data/1052752/0001564590-18-004142.txt
ESSEX PORTFOLIO LP,0001053059,10-K,2018-02-22,edgar/data/1053059/0000920522-18-000011.txt
WEIGHT WATCHERS INTERNATIONAL INC,0000105319,10-K,2018-02-28,edgar/data/105319/0001564590-18-003755.txt
HERITAGE COMMERCE CORP,0001053352,10-K,2018-03-16,edgar/data/1053352/0001558370-18-002223.txt
IPASS INC,0001053374,10-K,2018-03-08,edgar/data/1053374/0001053374-18-000014.txt
AMERICAN TOWER CORP /MA/,0001053507,10-K,2018-02-28,edgar/data/1053507/0001053507-18-000006.txt
LaSalle Hotel Properties,0001053532,10-K,2018-02-20,edgar/data/1053532/0001053532-18-000006.txt
MACATAWA BANK CORP,0001053584,10-K,2018-02-15,edgar/data/1053584/0001140361-18-008674.txt
"CRA INTERNATIONAL, INC.",0001053706,10-K,2018-03-12,edgar/data/1053706/0001047469-18-001540.txt
"Interpace Diagnostics Group, Inc.",0001054102,10-K,2018-03-23,edgar/data/1054102/0001493152-18-003786.txt
WEIS MARKETS INC,0000105418,10-K,2018-03-15,edgar/data/105418/0000105418-18-000006.txt
"Alliqua BioMedical, Inc.",0001054274,10-K,2018-03-02,edgar/data/1054274/0001144204-18-012566.txt
BSQUARE CORP /WA,0001054721,10-K,2018-02-22,edgar/data/1054721/0001564590-18-002910.txt
INNOSPEC INC.,0001054905,10-K,2018-02-15,edgar/data/1054905/0001193125-18-047390.txt
"MFA FINANCIAL, INC.",0001055160,10-K,2018-02-15,edgar/data/1055160/0001055160-18-000005.txt
SCHOOL SPECIALTY INC,0001055454,10-K,2018-03-15,edgar/data/1055454/0001193125-18-082774.txt
"INOVIO PHARMACEUTICALS, INC.",0001055726,10-K,2018-03-14,edgar/data/1055726/0001055726-18-000014.txt
MCCLATCHY CO,0001056087,10-K,2018-03-12,edgar/data/1056087/0001056087-18-000042.txt
AG&E HOLDINGS INC.,0000105608,10-K,2018-03-30,edgar/data/105608/0001437749-18-005843.txt
FEDERATED INVESTORS INC /PA/,0001056288,10-K,2018-02-23,edgar/data/1056288/0001056288-18-000004.txt
EMCOR GROUP INC,0000105634,10-K,2018-02-22,edgar/data/105634/0000105634-18-000045.txt
MANNATECH INC,0001056358,10-K,2018-03-26,edgar/data/1056358/0001056358-18-000026.txt
Internap Corp,0001056386,10-K,2018-03-15,edgar/data/1056386/0001628280-18-003255.txt
MANHATTAN ASSOCIATES INC,0001056696,10-K,2018-02-09,edgar/data/1056696/0001564590-18-001747.txt
AMERICAN STATES WATER CO,0001056903,10-K,2018-02-26,edgar/data/1056903/0001056903-18-000006.txt
PEOPLES FINANCIAL SERVICES CORP.,0001056943,10-K,2018-03-14,edgar/data/1056943/0001558370-18-002058.txt
MANAGED FUTURES PREMIER ENERGY FUND L.P.,0001057051,10-K,2018-03-28,edgar/data/1057051/0001193125-18-098930.txt
PC TEL INC,0001057083,10-K,2018-03-16,edgar/data/1057083/0001564590-18-006036.txt
COSTAR GROUP INC,0001057352,10-K,2018-02-23,edgar/data/1057352/0001057352-18-000011.txt
"HACKETT GROUP, INC.",0001057379,10-K,2018-03-09,edgar/data/1057379/0001564590-18-005161.txt
FIRST BANCORP /PR/,0001057706,10-K,2018-03-16,edgar/data/1057706/0001057706-18-000022.txt
WEST PHARMACEUTICAL SERVICES INC,0000105770,10-K,2018-02-26,edgar/data/105770/0000105770-18-000006.txt
IDACORP INC,0001057877,10-K,2018-02-22,edgar/data/1057877/0001057877-18-000027.txt
MARVELL TECHNOLOGY GROUP LTD,0001058057,10-K,2018-03-29,edgar/data/1058057/0001058057-18-000009.txt
CHIPOTLE MEXICAN GRILL INC,0001058090,10-K,2018-02-08,edgar/data/1058090/0001058090-18-000018.txt
COGNIZANT TECHNOLOGY SOLUTIONS CORP,0001058290,10-K,2018-02-27,edgar/data/1058290/0001058290-18-000009.txt
CUMULUS MEDIA INC,0001058623,10-K,2018-03-29,edgar/data/1058623/0001058623-18-000016.txt
IMMERSION CORP,0001058811,10-K,2018-02-27,edgar/data/1058811/0001628280-18-002309.txt
GUARANTY BANCSHARES INC /TX/,0001058867,10-K,2018-03-16,edgar/data/1058867/0001058867-18-000028.txt
"AMERICA FIRST MULTIFAMILY INVESTORS, L.P.",0001059142,10-K,2018-02-28,edgar/data/1059142/0001564590-18-003674.txt
SP Plus Corp,0001059262,10-K,2018-02-22,edgar/data/1059262/0001059262-18-000008.txt
CORPORATE BOND BACKED CERT TR SER 1998-CAT 1,0001059376,10-K,2018-03-29,edgar/data/1059376/0001193125-18-101693.txt
CORPORATE BOND BACKED CERT TR SER 1998-ADM 1,0001059377,10-K,2018-03-29,edgar/data/1059377/0001193125-18-101710.txt
CORPORATE BOND BACKED CERT TR SER 1998-NSC 1,0001059378,10-K,2018-03-29,edgar/data/1059378/0001193125-18-101649.txt
MOODYS CORP /DE/,0001059556,10-K,2018-02-27,edgar/data/1059556/0001193125-18-058986.txt
"KINDRED HEALTHCARE, INC",0001060009,10-K,2018-03-01,edgar/data/1060009/0001564590-18-003936.txt
SALISBURY BANCORP INC,0001060219,10-K,2018-03-15,edgar/data/1060219/0001554795-18-000055.txt
LIFE STORAGE LP,0001060224,10-K,2018-02-27,edgar/data/1060224/0001564590-18-003512.txt
"GAMCO INVESTORS, INC. ET AL",0001060349,10-K,2018-03-09,edgar/data/1060349/0001060349-18-000004.txt
"BRANDYWINE OPERATING PARTNERSHIP, L.P.",0001060386,10-K,2018-02-23,edgar/data/1060386/0001564590-18-003023.txt
"REPUBLIC SERVICES, INC.",0001060391,10-K,2018-02-09,edgar/data/1060391/0001060391-18-000005.txt
"SUNVESTA, INC.",0001060409,10-K,2018-03-30,edgar/data/1060409/0001607062-18-000103.txt
SEATTLE GENETICS INC /WA,0001060736,10-K,2018-02-15,edgar/data/1060736/0001193125-18-046213.txt
CARTERS INC,0001060822,10-K,2018-02-27,edgar/data/1060822/0001060822-18-000006.txt
SUNESIS PHARMACEUTICALS INC,0001061027,10-K,2018-03-09,edgar/data/1061027/0001564590-18-005146.txt
AVALON HOLDINGS CORP,0001061069,10-K,2018-03-15,edgar/data/1061069/0001437749-18-004696.txt
ENTERPRISE PRODUCTS PARTNERS L P,0001061219,10-K,2018-02-28,edgar/data/1061219/0001061219-18-000008.txt
"BLACKSTONE MORTGAGE TRUST, INC.",0001061630,10-K,2018-02-13,edgar/data/1061630/0001193125-18-042819.txt
HOST HOTELS & RESORTS L.P.,0001061937,10-K,2018-02-27,edgar/data/1061937/0001564590-18-003330.txt
CYTOKINETICS INC,0001061983,10-K,2018-03-05,edgar/data/1061983/0001564590-18-004398.txt
CONVERGYS CORP,0001062047,10-K,2018-02-21,edgar/data/1062047/0001062047-18-000012.txt
AMERICAN AXLE & MANUFACTURING HOLDINGS INC,0001062231,10-K,2018-02-16,edgar/data/1062231/0001062231-18-000013.txt
XO GROUP INC.,0001062292,10-K,2018-03-02,edgar/data/1062292/0001062292-18-000003.txt
"LEXICON PHARMACEUTICALS, INC.",0001062822,10-K,2018-03-01,edgar/data/1062822/0001062822-18-000008.txt
"CurAegis Technologies, Inc.",0001063197,10-K,2018-03-16,edgar/data/1063197/0001437749-18-004856.txt
HERSHA HOSPITALITY TRUST,0001063344,10-K,2018-02-23,edgar/data/1063344/0001063344-18-000034.txt
RiceBran Technologies,0001063537,10-K,2018-03-16,edgar/data/1063537/0001140361-18-013699.txt
SIMON PROPERTY GROUP INC /DE/,0001063761,10-K,2018-02-23,edgar/data/1063761/0001558370-18-000981.txt
PEABODY ENERGY CORP,0001064728,10-K,2018-02-26,edgar/data/1064728/0001064728-18-000007.txt
CENTRUS ENERGY CORP,0001065059,10-K,2018-03-15,edgar/data/1065059/0001065059-18-000006.txt
EBAY INC,0001065088,10-K,2018-02-05,edgar/data/1065088/0001065088-18-000009.txt
AMERINST INSURANCE GROUP LTD,0001065201,10-K,2018-03-29,edgar/data/1065201/0001193125-18-101432.txt
NETFLIX INC,0001065280,10-K,2018-01-29,edgar/data/1065280/0001065280-18-000069.txt
WEYCO GROUP INC,0000106532,10-K,2018-03-13,edgar/data/106532/0001144204-18-014341.txt
NIC INC,0001065332,10-K,2018-02-22,edgar/data/1065332/0001065332-18-000003.txt
WEYERHAEUSER CO,0000106535,10-K,2018-02-16,edgar/data/106535/0000106535-18-000013.txt
LKQ CORP,0001065696,10-K,2018-02-28,edgar/data/1065696/0001065696-18-000004.txt
SKECHERS USA INC,0001065837,10-K,2018-03-01,edgar/data/1065837/0001564590-18-004045.txt
REGENCY CENTERS LP,0001066247,10-K,2018-02-27,edgar/data/1066247/0000910606-18-000010.txt
WHIRLPOOL CORP /DE/,0000106640,10-K,2018-02-13,edgar/data/106640/0000106640-18-000019.txt
HEIDRICK & STRUGGLES INTERNATIONAL INC,0001066605,10-K,2018-03-13,edgar/data/1066605/0001066605-18-000003.txt
MANAGED FUTURES PREMIER GRAHAM L.P.,0001066656,10-K,2018-03-28,edgar/data/1066656/0001193125-18-099090.txt
THEGLOBE COM INC,0001066684,10-K,2018-03-30,edgar/data/1066684/0001144204-18-018184.txt
"Spine Injury Solutions, Inc",0001066764,10-K,2018-03-29,edgar/data/1066764/0001185185-18-000544.txt
MACK CALI REALTY L P,0001067063,10-K,2018-02-21,edgar/data/1067063/0001104659-18-011118.txt
UNITED RENTALS INC /DE,0001067701,10-K,2018-01-24,edgar/data/1067701/0001067701-18-000006.txt
ENTERCOM COMMUNICATIONS CORP,0001067837,10-K,2018-03-16,edgar/data/1067837/0001193125-18-085958.txt
BERKSHIRE HATHAWAY INC,0001067983,10-K,2018-02-26,edgar/data/1067983/0001193125-18-057033.txt
PARK OHIO INDUSTRIES INC/OH,0001068148,10-K,2018-03-21,edgar/data/1068148/0001068148-18-000003.txt
GLOBAL DIVERSIFIED FUTURES FUND L.P.,0001068237,10-K,2018-03-28,edgar/data/1068237/0001193125-18-099052.txt
PROSPERITY BANCSHARES INC,0001068851,10-K,2018-02-28,edgar/data/1068851/0001564590-18-003637.txt
"BLUCORA, INC.",0001068875,10-K,2018-03-01,edgar/data/1068875/0001068875-18-000018.txt
EAST WEST BANCORP INC,0001069157,10-K,2018-02-27,edgar/data/1069157/0001628280-18-002352.txt
"AXON ENTERPRISE, INC.",0001069183,10-K,2018-03-01,edgar/data/1069183/0001069183-18-000020.txt
LENNOX INTERNATIONAL INC,0001069202,10-K,2018-02-16,edgar/data/1069202/0001069202-18-000004.txt
"KRATOS DEFENSE & SECURITY SOLUTIONS, INC.",0001069258,10-K,2018-02-28,edgar/data/1069258/0001069258-18-000006.txt
Acer Therapeutics Inc.,0001069308,10-K,2018-03-07,edgar/data/1069308/0001564590-18-004714.txt
PAIN THERAPEUTICS INC,0001069530,10-K,2018-02-06,edgar/data/1069530/0001069530-18-000004.txt
TREX CO INC,0001069878,10-K,2018-02-21,edgar/data/1069878/0001193125-18-052127.txt
FEDERATED NATIONAL HOLDING Co,0001069996,10-K,2018-03-13,edgar/data/1069996/0001069996-18-000003.txt
"PTC THERAPEUTICS, INC.",0001070081,10-K,2018-03-06,edgar/data/1070081/0001070081-18-000042.txt
STERLING BANCORP,0001070154,10-K,2018-03-01,edgar/data/1070154/0001070154-18-000007.txt
FIRST CAPITAL INC,0001070296,10-K,2018-03-12,edgar/data/1070296/0001171843-18-001846.txt
ACHILLION PHARMACEUTICALS INC,0001070336,10-K,2018-02-22,edgar/data/1070336/0001193125-18-052951.txt
CNX Resources Corp,0001070412,10-K,2018-02-07,edgar/data/1070412/0001070412-18-000031.txt
PLAINS ALL AMERICAN PIPELINE LP,0001070423,10-K,2018-02-27,edgar/data/1070423/0001070423-18-000006.txt
ACADIA PHARMACEUTICALS INC,0001070494,10-K,2018-02-27,edgar/data/1070494/0001564590-18-003526.txt
CENTRAL FEDERAL CORP,0001070680,10-K,2018-03-15,edgar/data/1070680/0001070680-18-000006.txt
"HOST HOTELS & RESORTS, INC.",0001070750,10-K,2018-02-27,edgar/data/1070750/0001564590-18-003330.txt
"CoreCivic, Inc.",0001070985,10-K,2018-02-22,edgar/data/1070985/0001564590-18-002898.txt
"GOLDEN ENTERTAINMENT, INC.",0001071255,10-K,2018-03-16,edgar/data/1071255/0001564590-18-006007.txt
FUSION TELECOMMUNICATIONS INTERNATIONAL INC,0001071411,10-K,2018-03-22,edgar/data/1071411/0001654954-18-002943.txt
CENTENE CORP,0001071739,10-K,2018-02-20,edgar/data/1071739/0001071739-18-000030.txt
CONTANGO OIL & GAS CO,0001071993,10-K,2018-03-09,edgar/data/1071993/0001071993-18-000012.txt
KINGSWAY FINANCIAL SERVICES INC,0001072627,10-K,2018-03-16,edgar/data/1072627/0001072627-18-000030.txt
WILLIAMS COMPANIES INC,0000107263,10-K,2018-02-22,edgar/data/107263/0000107263-18-000006.txt
US CONCRETE INC,0001073429,10-K,2018-03-01,edgar/data/1073429/0001073429-18-000048.txt
CITIZENS FIRST CORP,0001073475,10-K,2018-03-13,edgar/data/1073475/0001558370-18-001975.txt
LCNB CORP,0001074902,10-K,2018-03-09,edgar/data/1074902/0001074902-18-000015.txt
SENIOR HOUSING PROPERTIES TRUST,0001075415,10-K,2018-02-27,edgar/data/1075415/0001075415-18-000010.txt
Booking Holdings Inc.,0001075531,10-K,2018-02-27,edgar/data/1075531/0001075531-18-000015.txt
TC PIPELINES LP,0001075607,10-K,2018-02-26,edgar/data/1075607/0001047469-18-001045.txt
CITIZENS HOLDING CO /MS/,0001075706,10-K,2018-03-15,edgar/data/1075706/0001193125-18-083037.txt
"Crexendo, Inc.",0001075736,10-K,2018-03-06,edgar/data/1075736/0001654954-18-002211.txt
"POLARITYTE, INC.",0001076682,10-K,2018-01-30,edgar/data/1076682/0001493152-18-001228.txt
NOVANTA INC,0001076930,10-K,2018-02-28,edgar/data/1076930/0001564590-18-003687.txt
NEOGENOMICS INC,0001077183,10-K,2018-03-13,edgar/data/1077183/0001564590-18-005479.txt
TEXAS CAPITAL BANCSHARES INC/TX,0001077428,10-K,2018-02-14,edgar/data/1077428/0001077428-18-000018.txt
"China Elite Information Co., Ltd.",0001077561,10-K,2018-03-15,edgar/data/1077561/0001140361-18-013496.txt
UMPQUA HOLDINGS CORP,0001077771,10-K,2018-02-23,edgar/data/1077771/0001077771-18-000044.txt
"Meet Group, Inc.",0001078099,10-K,2018-03-16,edgar/data/1078099/0001078099-18-000018.txt
WISCONSIN ELECTRIC POWER CO,0000107815,10-K,2018-02-28,edgar/data/107815/0000107815-18-000136.txt
"NAUTILUS, INC.",0001078207,10-K,2018-03-06,edgar/data/1078207/0001078207-18-000010.txt
WISCONSIN POWER & LIGHT CO,0000107832,10-K,2018-02-23,edgar/data/107832/0000352541-18-000019.txt
WISCONSIN PUBLIC SERVICE CORP,0000107833,10-K,2018-02-28,edgar/data/107833/0000107815-18-000138.txt
"Innoviva, Inc.",0001080014,10-K,2018-02-23,edgar/data/1080014/0001047469-18-001016.txt
"Dougherty's Pharmacy, Inc.",0001080029,10-K,2018-03-29,edgar/data/1080029/0001683168-18-000801.txt
"THESTREET, INC.",0001080056,10-K,2018-03-13,edgar/data/1080056/0001615774-18-001857.txt
"Newgioco Group, Inc.",0001080319,10-K,2018-03-30,edgar/data/1080319/0001017386-18-000073.txt
"MANHATTAN BRIDGE CAPITAL, INC",0001080340,10-K,2018-03-19,edgar/data/1080340/0001493152-18-003536.txt
"Presidio Property Trust, Inc.",0001080657,10-K,2018-03-20,edgar/data/1080657/0001564590-18-006319.txt
ARENA PHARMACEUTICALS INC,0001080709,10-K,2018-03-14,edgar/data/1080709/0001564590-18-005660.txt
BERKSHIRE HATHAWAY ENERGY CO,0001081316,10-K,2018-02-26,edgar/data/1081316/0001081316-18-000014.txt
DURECT CORP,0001082038,10-K,2018-03-08,edgar/data/1082038/0001564590-18-004889.txt
VirnetX Holding Corp,0001082324,10-K,2018-03-16,edgar/data/1082324/0001140361-18-013886.txt
UNITED THERAPEUTICS Corp,0001082554,10-K,2018-02-21,edgar/data/1082554/0001047469-18-000911.txt
STAMPS.COM INC,0001082923,10-K,2018-02-28,edgar/data/1082923/0001140361-18-010835.txt
"XCel Brands, Inc.",0001083220,10-K,2018-03-30,edgar/data/1083220/0001144204-18-018261.txt
IKONICS CORP,0001083301,10-K,2018-03-02,edgar/data/1083301/0001558370-18-001442.txt
SUNRISE REAL ESTATE GROUP INC,0001083490,10-K,2018-03-06,edgar/data/1083490/0001144204-18-012903.txt
JONES SODA CO,0001083522,10-K,2018-03-29,edgar/data/1083522/0001083522-18-000006.txt
"FAUQUIER BANKSHARES, INC.",0001083643,10-K,2018-03-29,edgar/data/1083643/0001083643-18-000009.txt
CAN CAL RESOURCES LTD,0001083848,10-K,2018-03-12,edgar/data/1083848/0001683168-18-000632.txt
"J2 GLOBAL, INC.",0001084048,10-K,2018-03-01,edgar/data/1084048/0001084048-18-000001.txt
PARETEUM Corp,0001084384,10-K,2018-03-30,edgar/data/1084384/0001144204-18-018243.txt
LIGHTBRIDGE Corp,0001084554,10-K,2018-03-14,edgar/data/1084554/0001477932-18-001292.txt
Jefferies Group LLC,0001084580,10-K,2018-01-26,edgar/data/1084580/0001084580-18-000006.txt
ENCORE CAPITAL GROUP INC,0001084961,10-K,2018-02-21,edgar/data/1084961/0001084961-18-000013.txt
NATURAL GAS SERVICES GROUP INC,0001084991,10-K,2018-03-09,edgar/data/1084991/0001084991-18-000011.txt
"VirTra, Inc",0001085243,10-K,2018-03-30,edgar/data/1085243/0001493152-18-004294.txt
SKINVISIBLE INC,0001085277,10-K,2018-03-23,edgar/data/1085277/0001663577-18-000138.txt
PUGET ENERGY INC /WA,0001085392,10-K,2018-03-02,edgar/data/1085392/0001085392-18-000012.txt
Actua Corp,0001085621,10-K,2018-03-30,edgar/data/1085621/0001085621-18-000003.txt
PERFICIENT INC,0001085869,10-K,2018-03-01,edgar/data/1085869/0001085869-18-000009.txt
FARMERS & MERCHANTS BANCORP,0001085913,10-K,2018-03-16,edgar/data/1085913/0001140361-18-013710.txt
AKAMAI TECHNOLOGIES INC,0001086222,10-K,2018-03-01,edgar/data/1086222/0001086222-18-000052.txt
PACIFIC WEBWORKS INC,0001086303,10-K,2018-01-26,edgar/data/1086303/0001086303-18-000008.txt
ALLIANCE RESOURCE PARTNERS LP,0001086600,10-K,2018-02-23,edgar/data/1086600/0001558370-18-000985.txt
ALR TECHNOLOGIES INC.,0001087022,10-K,2018-02-02,edgar/data/1087022/0001721868-18-000081.txt
ALR TECHNOLOGIES INC.,0001087022,10-K,2018-03-30,edgar/data/1087022/0001721868-18-000218.txt
CUMBERLAND PHARMACEUTICALS INC,0001087294,10-K,2018-03-09,edgar/data/1087294/0001628280-18-003034.txt
UNITED BANCSHARES INC/OH,0001087456,10-K,2018-03-02,edgar/data/1087456/0001144204-18-012571.txt
XEROX CORP,0000108772,10-K,2018-02-23,edgar/data/108772/0000108772-18-000012.txt
PAYMENT DATA SYSTEMS INC,0001088034,10-K,2018-03-30,edgar/data/1088034/0001088034-18-000004.txt
"COCONNECT, INC.",0001088638,10-K,2018-01-11,edgar/data/1088638/0001556244-18-000009.txt
"COCONNECT, INC.",0001088638,10-K,2018-01-23,edgar/data/1088638/0001556244-18-000021.txt
CORCEPT THERAPEUTICS INC,0001088856,10-K,2018-02-28,edgar/data/1088856/0001564590-18-003840.txt
DICKS SPORTING GOODS INC,0001089063,10-K,2018-03-30,edgar/data/1089063/0001089063-18-000029.txt
ALASKA COMMUNICATIONS SYSTEMS GROUP INC,0001089511,10-K,2018-03-16,edgar/data/1089511/0001437749-18-004865.txt
"KINGOLD JEWELRY, INC.",0001089531,10-K,2018-03-15,edgar/data/1089531/0001144204-18-014981.txt
BAYNON INTERNATIONAL CORP,0001089598,10-K,2018-03-28,edgar/data/1089598/0001014897-18-000017.txt
HUNTSMAN INTERNATIONAL LLC,0001089748,10-K,2018-02-23,edgar/data/1089748/0001558370-18-001028.txt
Cleco Corporate Holdings LLC,0001089819,10-K,2018-02-21,edgar/data/1089819/0001089819-18-000006.txt
YORK WATER CO,0000108985,10-K,2018-03-06,edgar/data/108985/0000108985-18-000032.txt
"GAIA, INC",0001089872,10-K,2018-02-27,edgar/data/1089872/0001564590-18-003326.txt
SWK Holdings Corp,0001089907,10-K,2018-03-29,edgar/data/1089907/0001552781-18-000138.txt
SOUTHERN FIRST BANCSHARES INC,0001090009,10-K,2018-02-28,edgar/data/1090009/0001206774-18-000631.txt
DEVON ENERGY CORP/DE,0001090012,10-K,2018-02-21,edgar/data/1090012/0001564590-18-002582.txt
OMNOVA SOLUTIONS INC,0001090061,10-K,2018-02-02,edgar/data/1090061/0001090061-18-000010.txt
TABLE TRAC INC,0001090396,10-K,2018-03-30,edgar/data/1090396/0001144204-18-018239.txt
LAMAR ADVERTISING CO/NEW,0001090425,10-K,2018-02-27,edgar/data/1090425/0001564590-18-003444.txt
UNITED PARCEL SERVICE INC,0001090727,10-K,2018-02-21,edgar/data/1090727/0001090727-18-000009.txt
"CHARTER COMMUNICATIONS, INC. /MO/",0001091667,10-K,2018-02-02,edgar/data/1091667/0001091667-18-000025.txt
"Argo Group International Holdings, Ltd.",0001091748,10-K,2018-02-27,edgar/data/1091748/0001564590-18-003547.txt
CIRCOR INTERNATIONAL INC,0001091883,10-K,2018-03-01,edgar/data/1091883/0001091883-18-000009.txt
WORLD WRESTLING ENTERTAINMENTINC,0001091907,10-K,2018-02-08,edgar/data/1091907/0001091907-18-000008.txt
TRANSATLANTIC PETROLEUM LTD.,0001092289,10-K,2018-03-21,edgar/data/1092289/0001564590-18-006472.txt
"CHEMBIO DIAGNOSTICS, INC.",0001092662,10-K,2018-03-08,edgar/data/1092662/0001092662-18-000013.txt
SPS COMMERCE INC,0001092699,10-K,2018-02-26,edgar/data/1092699/0001564590-18-003249.txt
HUTTIG BUILDING PRODUCTS INC,0001093082,10-K,2018-03-07,edgar/data/1093082/0001564590-18-004735.txt
DEXCOM INC,0001093557,10-K,2018-02-27,edgar/data/1093557/0001093557-18-000018.txt
PEOPLES BANCORP OF NORTH CAROLINA INC,0001093672,10-K,2018-03-15,edgar/data/1093672/0001654954-18-002569.txt
PLUG POWER INC,0001093691,10-K,2018-03-12,edgar/data/1093691/0001558370-18-001828.txt
ZIONS BANCORPORATION /UT/,0000109380,10-K,2018-03-01,edgar/data/109380/0000109380-18-000102.txt
TAPIMMUNE INC.,0001094038,10-K,2018-03-23,edgar/data/1094038/0001144204-18-016734.txt
PROGRESS ENERGY INC,0001094093,10-K,2018-02-21,edgar/data/1094093/0001326160-18-000034.txt
TELEDYNE TECHNOLOGIES INC,0001094285,10-K,2018-02-27,edgar/data/1094285/0001094285-18-000053.txt
Mattersight Corp,0001094348,10-K,2018-03-12,edgar/data/1094348/0001564590-18-005322.txt
RUDOLPH TECHNOLOGIES INC,0001094392,10-K,2018-02-16,edgar/data/1094392/0001564590-18-002298.txt
MUTUALFIRST FINANCIAL INC,0001094810,10-K,2018-03-15,edgar/data/1094810/0001144204-18-014813.txt
"Cartesian, Inc.",0001094814,10-K,2018-03-30,edgar/data/1094814/0001094814-18-000017.txt
"BGC Partners, Inc.",0001094831,10-K,2018-02-22,edgar/data/1094831/0001564590-18-002896.txt
DIVERSIFIED 2000 FUTURES FUND L.P.,0001095007,10-K,2018-03-28,edgar/data/1095007/0001193125-18-099140.txt
EVEREST RE GROUP LTD,0001095073,10-K,2018-03-01,edgar/data/1095073/0001095073-18-000008.txt
INTERSECTIONS INC,0001095277,10-K,2018-03-30,edgar/data/1095277/0001628280-18-003855.txt
"WEB.COM GROUP, INC.",0001095291,10-K,2018-02-23,edgar/data/1095291/0001095291-18-000022.txt
PFSWEB INC,0001095315,10-K,2018-03-16,edgar/data/1095315/0001564590-18-006047.txt
HEALTHSTREAM INC,0001095565,10-K,2018-02-26,edgar/data/1095565/0001193125-18-058490.txt
ISTAR INC.,0001095651,10-K,2018-02-26,edgar/data/1095651/0001095651-18-000004.txt
"CYTORI THERAPEUTICS, INC.",0001095981,10-K,2018-03-09,edgar/data/1095981/0001564590-18-005136.txt
WILLIAM LYON HOMES,0001095996,10-K,2018-02-22,edgar/data/1095996/0001628280-18-002079.txt
MARKEL CORP,0001096343,10-K,2018-02-23,edgar/data/1096343/0001096343-18-000042.txt
NUTRI SYSTEM INC /DE/,0001096376,10-K,2018-02-28,edgar/data/1096376/0001564590-18-003818.txt
VECTREN CORP,0001096385,10-K,2018-02-21,edgar/data/1096385/0001096385-18-000021.txt
"GT Biopharma, Inc.",0000109657,10-K,2018-03-01,edgar/data/109657/0001654954-18-002054.txt
SITESTAR CORP,0001096934,10-K,2018-03-30,edgar/data/1096934/0001564590-18-007238.txt
ALIGN TECHNOLOGY INC,0001097149,10-K,2018-02-28,edgar/data/1097149/0001097149-18-000010.txt
CERES TACTICAL CURRENCY L.P.,0001097396,10-K,2018-03-28,edgar/data/1097396/0001193125-18-099381.txt
ON SEMICONDUCTOR CORP,0001097864,10-K,2018-02-21,edgar/data/1097864/0001193125-18-051397.txt
PATRIOT NATIONAL BANCORP INC,0001098146,10-K,2018-03-30,edgar/data/1098146/0001437749-18-005889.txt
FIDELITY D & D BANCORP INC,0001098151,10-K,2018-03-15,edgar/data/1098151/0001098151-18-000009.txt
MIDAMERICAN FUNDING LLC,0001098296,10-K,2018-02-26,edgar/data/1098296/0001081316-18-000014.txt
IntelGenx Technologies Corp.,0001098880,10-K,2018-03-29,edgar/data/1098880/0001062993-18-001414.txt
AGENUS INC,0001098972,10-K,2018-03-16,edgar/data/1098972/0001564590-18-006093.txt
BEASLEY BROADCAST GROUP INC,0001099160,10-K,2018-02-20,edgar/data/1099160/0001193125-18-050343.txt
METLIFE INC,0001099219,10-K,2018-03-01,edgar/data/1099219/0000937834-18-000005.txt
EASTGATE BIOTECH CORP,0001099574,10-K,2018-03-01,edgar/data/1099574/0001640334-18-000403.txt
MERCADOLIBRE INC,0001099590,10-K,2018-02-23,edgar/data/1099590/0001562762-18-000040.txt
Edwards Lifesciences Corp,0001099800,10-K,2018-02-16,edgar/data/1099800/0001099800-18-000007.txt
"MVC CAPITAL, INC.",0001099941,10-K,2018-01-16,edgar/data/1099941/0001104659-18-002418.txt
NORTHWEST PIPELINE LLC,0000110019,10-K,2018-02-22,edgar/data/110019/0000110019-18-000003.txt
"RTI SURGICAL, INC.",0001100441,10-K,2018-03-02,edgar/data/1100441/0001193125-18-068642.txt
CHARLES RIVER LABORATORIES INTERNATIONAL INC,0001100682,10-K,2018-02-13,edgar/data/1100682/0001100682-18-000005.txt
"Zivo Bioscience, Inc.",0001101026,10-K,2018-02-21,edgar/data/1101026/0001078782-18-000204.txt
ALLIANCE DATA SYSTEMS CORP,0001101215,10-K,2018-02-27,edgar/data/1101215/0001101215-18-000066.txt
EQUINIX INC,0001101239,10-K,2018-02-26,edgar/data/1101239/0001628280-18-002212.txt
ENTEGRIS INC,0001101302,10-K,2018-02-15,edgar/data/1101302/0001101302-18-000008.txt
PACWEST BANCORP,0001102112,10-K,2018-03-01,edgar/data/1102112/0001628280-18-002617.txt
CenterState Bank Corp,0001102266,10-K,2018-02-28,edgar/data/1102266/0001564590-18-003758.txt
"HighCom Global Security, Inc.",0001102358,10-K,2018-03-30,edgar/data/1102358/0001493152-18-004233.txt
LIVEPERSON INC,0001102993,10-K,2018-03-15,edgar/data/1102993/0001102993-18-000030.txt
BIODELIVERY SCIENCES INTERNATIONAL INC,0001103021,10-K,2018-03-15,edgar/data/1103021/0001193125-18-084193.txt
"OMPHALOS, CORP",0001103640,10-K,2018-03-29,edgar/data/1103640/0001062993-18-001384.txt
"Mondelez International, Inc.",0001103982,10-K,2018-02-09,edgar/data/1103982/0001193125-18-037332.txt
SOHU COM INC,0001104188,10-K,2018-02-28,edgar/data/1104188/0001193125-18-062134.txt
CAPELLA EDUCATION CO,0001104349,10-K,2018-03-01,edgar/data/1104349/0001104349-18-000006.txt
"NORTHERN OIL & GAS, INC.",0001104485,10-K,2018-02-23,edgar/data/1104485/0001104485-18-000023.txt
INSMED Inc,0001104506,10-K,2018-02-23,edgar/data/1104506/0001104506-18-000002.txt
MATERION Corp,0001104657,10-K,2018-02-15,edgar/data/1104657/0001104657-18-000007.txt
WOLVERINE WORLD WIDE INC /DE/,0000110471,10-K,2018-02-27,edgar/data/110471/0000110471-18-000010.txt
"Support.com, Inc.",0001104855,10-K,2018-03-22,edgar/data/1104855/0001140361-18-014667.txt
TIME WARNER INC.,0001105705,10-K,2018-02-22,edgar/data/1105705/0001193125-18-053619.txt
"Chanticleer Holdings, Inc.",0001106838,10-K,2018-03-30,edgar/data/1106838/0001493152-18-004266.txt
OCULUS VISIONTECH INC.,0001107280,10-K,2018-03-29,edgar/data/1107280/0001437749-18-005840.txt
ZIOPHARM ONCOLOGY INC,0001107421,10-K,2018-03-01,edgar/data/1107421/0001193125-18-067077.txt
"QUALYS, INC.",0001107843,10-K,2018-02-23,edgar/data/1107843/0001107843-18-000003.txt
COMMUNITY HEALTH SYSTEMS INC,0001108109,10-K,2018-02-28,edgar/data/1108109/0001193125-18-064091.txt
BERKSHIRE HILLS BANCORP INC,0001108134,10-K,2018-03-01,edgar/data/1108134/0001108134-18-000007.txt
CURIS INC,0001108205,10-K,2018-03-08,edgar/data/1108205/0001108205-18-000005.txt
AMERICAN RIVER BANKSHARES,0001108236,10-K,2018-02-28,edgar/data/1108236/0001019056-18-000409.txt
SMTC CORP,0001108320,10-K,2018-03-08,edgar/data/1108320/0001437749-18-004154.txt
CITIBANK CREDIT CARD ISSUANCE TRUST,0001108348,10-K,2018-03-30,edgar/data/1108348/0001193125-18-103221.txt
PNM RESOURCES INC,0001108426,10-K,2018-03-01,edgar/data/1108426/0001108426-18-000011.txt
SALESFORCE COM INC,0001108524,10-K,2018-03-09,edgar/data/1108524/0001108524-18-000011.txt
FRONTIER OILFIELD SERVICES INC,0001108645,10-K,2018-03-30,edgar/data/1108645/0001387131-18-001291.txt
"QEP RESOURCES, INC.",0001108827,10-K,2018-02-28,edgar/data/1108827/0001108827-18-000006.txt
"CUI Global, Inc.",0001108967,10-K,2018-03-14,edgar/data/1108967/0001437749-18-004564.txt
ENTRAVISION COMMUNICATIONS CORP,0001109116,10-K,2018-03-30,edgar/data/1109116/0001564590-18-007267.txt
BASIC ENERGY SERVICES INC,0001109189,10-K,2018-02-28,edgar/data/1109189/0001109189-18-000036.txt
HANMI FINANCIAL CORP,0001109242,10-K,2018-03-01,edgar/data/1109242/0001628280-18-002628.txt
BRUKER CORP,0001109354,10-K,2018-03-16,edgar/data/1109354/0001047469-18-001779.txt
EXELON CORP,0001109357,10-K,2018-02-09,edgar/data/1109357/0001628280-18-001324.txt
ALLIANCEBERNSTEIN L.P.,0001109448,10-K,2018-02-13,edgar/data/1109448/0001109448-18-000011.txt
PACIFIC MERCANTILE BANCORP,0001109546,10-K,2018-03-02,edgar/data/1109546/0001109546-18-000006.txt
"Deep Down, Inc.",0001110607,10-K,2018-03-28,edgar/data/1110607/0001683168-18-000784.txt
METLIFE POLICYHOLDER TRUST,0001110795,10-K,2018-03-27,edgar/data/1110795/0000937834-18-000012.txt
ILLUMINA INC,0001110803,10-K,2018-02-13,edgar/data/1110803/0001110803-18-000009.txt
NuStar Energy L.P.,0001110805,10-K,2018-02-28,edgar/data/1110805/0001110805-18-000004.txt
VISTEON CORP,0001111335,10-K,2018-02-22,edgar/data/1111335/0001111335-18-000004.txt
NISOURCE INC/DE,0001111711,10-K,2018-02-20,edgar/data/1111711/0001111711-18-000008.txt
IPG PHOTONICS CORP,0001111928,10-K,2018-02-28,edgar/data/1111928/0001111928-18-000034.txt
"INFINITY PHARMACEUTICALS, INC.",0001113148,10-K,2018-03-15,edgar/data/1113148/0001113148-18-000004.txt
PRICE T ROWE GROUP INC,0001113169,10-K,2018-02-16,edgar/data/1113169/0001113169-18-000009.txt
AXCELIS TECHNOLOGIES INC,0001113232,10-K,2018-03-14,edgar/data/1113232/0001558370-18-002060.txt
MEDICINES CO /DE,0001113481,10-K,2018-03-01,edgar/data/1113481/0001113481-18-000017.txt
"MobileSmith, Inc.",0001113513,10-K,2018-03-29,edgar/data/1113513/0001654954-18-003338.txt
BUILD A BEAR WORKSHOP INC,0001113809,10-K,2018-03-15,edgar/data/1113809/0001437749-18-004676.txt
KERYX BIOPHARMACEUTICALS INC,0001114220,10-K,2018-02-21,edgar/data/1114220/0001114220-18-000029.txt
Integer Holdings Corp,0001114483,10-K,2018-02-22,edgar/data/1114483/0001114483-18-000009.txt
FIRST NORTHERN COMMUNITY BANCORP,0001114927,10-K,2018-03-08,edgar/data/1114927/0001140361-18-012591.txt
IMPINJ INC,0001114995,10-K,2018-03-15,edgar/data/1114995/0001564590-18-005846.txt
PINNACLE FINANCIAL PARTNERS INC,0001115055,10-K,2018-02-28,edgar/data/1115055/0001115055-18-000012.txt
Quotient Technology Inc.,0001115128,10-K,2018-02-16,edgar/data/1115128/0001564590-18-002356.txt
DUN & BRADSTREET CORP/NW,0001115222,10-K,2018-02-22,edgar/data/1115222/0001115222-18-000004.txt
Belmond Ltd.,0001115836,10-K,2018-03-01,edgar/data/1115836/0001115836-18-000008.txt
ORASURE TECHNOLOGIES INC,0001116463,10-K,2018-02-28,edgar/data/1116463/0001193125-18-064054.txt
TTM TECHNOLOGIES INC,0001116942,10-K,2018-02-23,edgar/data/1116942/0001193125-18-055988.txt
CHIMERIX INC,0001117480,10-K,2018-03-01,edgar/data/1117480/0001117480-18-000008.txt
CAFEPRESS INC.,0001117733,10-K,2018-02-28,edgar/data/1117733/0001117733-18-000023.txt
SKINOVATION PHARMACEUTICAL INC,0001118072,10-K,2018-03-23,edgar/data/1118072/0001554795-18-000061.txt
WORLDNET INC OF NEVADA,0001118233,10-K,2018-03-23,edgar/data/1118233/0001477932-18-001436.txt
MBT FINANCIAL CORP,0001118237,10-K,2018-03-09,edgar/data/1118237/0001437749-18-004295.txt
ROGERS INTERNATIONAL RAW MATERIALS FUND LP,0001118384,10-K,2018-03-27,edgar/data/1118384/0001118384-18-000003.txt
BEMIS CO INC,0000011199,10-K,2018-02-23,edgar/data/11199/0000011199-18-000012.txt
"NASDAQ, INC.",0001120193,10-K,2018-02-28,edgar/data/1120193/0001120193-18-000003.txt
"BROADWIND ENERGY, INC.",0001120370,10-K,2018-02-27,edgar/data/1120370/0001120370-18-000010.txt
PDF SOLUTIONS INC,0001120914,10-K,2018-03-16,edgar/data/1120914/0001437749-18-004863.txt
Comstock Mining Inc.,0001120970,10-K,2018-02-20,edgar/data/1120970/0001120970-18-000007.txt
"OIL STATES INTERNATIONAL, INC",0001121484,10-K,2018-02-20,edgar/data/1121484/0001121484-18-000022.txt
"YIELD10 BIOSCIENCE, INC.",0001121702,10-K,2018-03-12,edgar/data/1121702/0001121702-18-000009.txt
ATLAS AMERICA PUBLIC #9 LTD.,0001121745,10-K,2018-03-28,edgar/data/1121745/0001121745-18-000004.txt
GARMIN LTD,0001121788,10-K,2018-02-21,edgar/data/1121788/0001615774-18-001344.txt
AETNA INC /PA/,0001122304,10-K,2018-02-23,edgar/data/1122304/0001122304-18-000027.txt
ELLIE MAE INC,0001122388,10-K,2018-03-01,edgar/data/1122388/0001122388-18-000010.txt
"NETGEAR, INC",0001122904,10-K,2018-02-16,edgar/data/1122904/0001122904-18-000076.txt
POLYONE CORP,0001122976,10-K,2018-02-15,edgar/data/1122976/0001122976-18-000007.txt
"Crystal Rock Holdings, Inc.",0001123316,10-K,2018-01-24,edgar/data/1123316/0001171843-18-000600.txt
GLOBAL PAYMENTS INC,0001123360,10-K,2018-02-23,edgar/data/1123360/0001123360-18-000007.txt
HARVARD BIOSCIENCE INC,0001123494,10-K,2018-03-16,edgar/data/1123494/0001171843-18-002041.txt
"BAB, INC.",0001123596,10-K,2018-02-26,edgar/data/1123596/0001437749-18-003295.txt
NORTHERN STATES POWER CO,0001123852,10-K,2018-02-26,edgar/data/1123852/0001123852-18-000003.txt
SENOMYX INC,0001123979,10-K,2018-03-08,edgar/data/1123979/0001437749-18-004201.txt
"CATALYST BIOSCIENCES, INC.",0001124105,10-K,2018-03-19,edgar/data/1124105/0001564590-18-006216.txt
EXACT SCIENCES CORP,0001124140,10-K,2018-02-22,edgar/data/1124140/0001558370-18-000941.txt
FLUOR CORP,0001124198,10-K,2018-02-20,edgar/data/1124198/0001047469-18-000900.txt
"Cryoport, Inc.",0001124524,10-K,2018-03-08,edgar/data/1124524/0001144204-18-013595.txt
"VMWARE, INC.",0001124610,10-K,2018-03-29,edgar/data/1124610/0001124610-18-000012.txt
"ALLSCRIPTS HEALTHCARE SOLUTIONS, INC.",0001124804,10-K,2018-02-26,edgar/data/1124804/0001564590-18-003105.txt
CARNIVAL PLC,0001125259,10-K,2018-01-29,edgar/data/1125259/0000815097-18-000005.txt
ATEL CAPITAL EQUIPMENT FUND IX LLC,0001125264,10-K,2018-03-27,edgar/data/1125264/0001144204-18-016944.txt
MACROGENICS INC,0001125345,10-K,2018-02-27,edgar/data/1125345/0001125345-18-000022.txt
"ENSIGN GROUP, INC",0001125376,10-K,2018-02-08,edgar/data/1125376/0001125376-18-000028.txt
SHUTTERFLY INC,0001125920,10-K,2018-02-20,edgar/data/1125920/0001125920-18-000004.txt
NEWLINK GENETICS CORP,0001126234,10-K,2018-03-05,edgar/data/1126234/0001126234-18-000026.txt
"GenOn Energy, Inc.",0001126294,10-K,2018-03-30,edgar/data/1126294/0001126294-18-000004.txt
PRINCIPAL FINANCIAL GROUP INC,0001126328,10-K,2018-02-09,edgar/data/1126328/0001047469-18-000695.txt
MAGELLAN MIDSTREAM PARTNERS LP,0001126975,10-K,2018-02-16,edgar/data/1126975/0001126975-18-000071.txt
CENTRAL VALLEY COMMUNITY BANCORP,0001127371,10-K,2018-03-14,edgar/data/1127371/0001127371-18-000035.txt
PROASSURANCE CORP,0001127703,10-K,2018-02-21,edgar/data/1127703/0001706397-18-000004.txt
"ProtoKinetix, Inc.",0001128189,10-K,2018-03-09,edgar/data/1128189/0001079973-18-000141.txt
BA Credit Card Trust,0001128250,10-K,2018-03-28,edgar/data/1128250/0001140361-18-015379.txt
HOPE BANCORP INC,0001128361,10-K,2018-03-01,edgar/data/1128361/0001128361-18-000006.txt
FLOWERS FOODS INC,0001128928,10-K,2018-02-21,edgar/data/1128928/0001564590-18-002612.txt
MARINE PRODUCTS CORP,0001129155,10-K,2018-02-28,edgar/data/1129155/0001144204-18-011707.txt
"VOCERA COMMUNICATIONS, INC.",0001129260,10-K,2018-03-05,edgar/data/1129260/0001129260-18-000008.txt
VECTREN UTILITY HOLDINGS INC,0001129542,10-K,2018-03-08,edgar/data/1129542/0001129542-18-000004.txt
SIERRA BANCORP,0001130144,10-K,2018-03-14,edgar/data/1130144/0001564590-18-005498.txt
"Cyclacel Pharmaceuticals, Inc.",0001130166,10-K,2018-03-30,edgar/data/1130166/0001571049-18-000206.txt
CENTERPOINT ENERGY INC,0001130310,10-K,2018-02-22,edgar/data/1130310/0001130310-18-000003.txt
BLACK HILLS CORP /SD/,0001130464,10-K,2018-02-26,edgar/data/1130464/0001130464-18-000014.txt
"Onconova Therapeutics, Inc.",0001130598,10-K,2018-03-16,edgar/data/1130598/0001047469-18-001777.txt
"OVERSTOCK.COM, INC",0001130713,10-K,2018-03-15,edgar/data/1130713/0001130713-18-000019.txt
AEI INCOME & GROWTH FUND 24 LLC,0001130758,10-K,2018-03-30,edgar/data/1130758/0001326321-18-000009.txt
CANCER CAPITAL CORP,0001130889,10-K,2018-03-23,edgar/data/1130889/0001554795-18-000059.txt
ATHENAHEALTH INC,0001131096,10-K,2018-02-01,edgar/data/1131096/0001131096-18-000022.txt
HORNBECK OFFSHORE SERVICES INC /LA,0001131227,10-K,2018-02-28,edgar/data/1131227/0001628280-18-002511.txt
ZION OIL & GAS INC,0001131312,10-K,2018-03-12,edgar/data/1131312/0001213900-18-002832.txt
GENOMIC HEALTH INC,0001131324,10-K,2018-03-14,edgar/data/1131324/0001558370-18-002061.txt
SPECTRAL CAPITAL Corp,0001131903,10-K,2018-03-19,edgar/data/1131903/0001096906-18-000152.txt
"SPORTSMAN'S WAREHOUSE HOLDINGS, INC.",0001132105,10-K,2018-03-29,edgar/data/1132105/0001558370-18-002522.txt
AMES NATIONAL CORP,0001132651,10-K,2018-03-12,edgar/data/1132651/0001437749-18-004412.txt
TRAVELZOO,0001133311,10-K,2018-03-16,edgar/data/1133311/0001133311-18-000007.txt
GALECTIN THERAPEUTICS INC,0001133416,10-K,2018-03-29,edgar/data/1133416/0001193125-18-100592.txt
NORTHROP GRUMMAN CORP /DE/,0001133421,10-K,2018-01-29,edgar/data/1133421/0001133421-18-000005.txt
"CAPRICOR THERAPEUTICS, INC.",0001133869,10-K,2018-03-22,edgar/data/1133869/0001144204-18-016468.txt
INTERNATIONAL TOWER HILL MINES LTD,0001134115,10-K,2018-03-16,edgar/data/1134115/0001279569-18-000460.txt
ATLAS AIR WORLDWIDE HOLDINGS INC,0001135185,10-K,2018-02-22,edgar/data/1135185/0001564590-18-002824.txt
EL CAPITAN PRECIOUS METALS INC,0001135202,10-K,2018-03-30,edgar/data/1135202/0001214659-18-002510.txt
"Eco-Stim Energy Solutions, Inc.",0001135657,10-K,2018-03-19,edgar/data/1135657/0001493152-18-003573.txt
PEPCO HOLDINGS LLC,0001135971,10-K,2018-02-09,edgar/data/1135971/0001628280-18-001324.txt
"CATASYS, INC.",0001136174,10-K,2018-03-07,edgar/data/1136174/0001437749-18-004095.txt
Crestwood Equity Partners LP,0001136352,10-K,2018-02-26,edgar/data/1136352/0001136352-18-000004.txt
"ZIMMER BIOMET HOLDINGS, INC.",0001136869,10-K,2018-02-27,edgar/data/1136869/0001564590-18-003549.txt
"Fidelity National Information Services, Inc.",0001136893,10-K,2018-02-22,edgar/data/1136893/0001136893-18-000011.txt
"CURATIVE BIOSCIENCES, INC.",0001137005,10-K,2018-02-23,edgar/data/1137005/0001493152-18-002542.txt
UNITED SECURITY BANCSHARES,0001137547,10-K,2018-03-02,edgar/data/1137547/0001137547-18-000005.txt
PRUDENTIAL FINANCIAL INC,0001137774,10-K,2018-02-16,edgar/data/1137774/0001137774-18-000063.txt
BRAINSTORM CELL THERAPEUTICS INC.,0001137883,10-K,2018-03-08,edgar/data/1137883/0001144204-18-013470.txt
"CBRE GROUP, INC.",0001138118,10-K,2018-03-01,edgar/data/1138118/0001564590-18-003991.txt
"GENON MID-ATLANTIC, LLC",0001138258,10-K,2018-03-30,edgar/data/1138258/0001126294-18-000004.txt
INFINERA Corp,0001138639,10-K,2018-02-28,edgar/data/1138639/0001138639-18-000038.txt
"Aevi Genomic Medicine, Inc.",0001138776,10-K,2018-03-13,edgar/data/1138776/0001144204-18-014238.txt
WFN CREDIT CO LLC,0001139552,10-K,2018-03-27,edgar/data/1139552/0001101215-18-000077.txt
MB FINANCIAL INC /MD,0001139812,10-K,2018-02-26,edgar/data/1139812/0001139812-18-000017.txt
WORLD FINANCIAL NETWORK CREDIT CARD MASTER TRUST,0001140096,10-K,2018-03-27,edgar/data/1140096/0001101215-18-000077.txt
"Command Center, Inc.",0001140102,10-K,2018-03-29,edgar/data/1140102/0001654954-18-003383.txt
WILLIS TOWERS WATSON PLC,0001140536,10-K,2018-02-28,edgar/data/1140536/0001140536-18-000008.txt
GENON AMERICAS GENERATION LLC,0001140761,10-K,2018-03-30,edgar/data/1140761/0001126294-18-000004.txt
CROSS COUNTRY HEALTHCARE INC,0001141103,10-K,2018-03-02,edgar/data/1141103/0001628280-18-002702.txt
PEDEVCO CORP,0001141197,10-K,2018-03-29,edgar/data/1141197/0001654954-18-003379.txt
LIQUIDMETAL TECHNOLOGIES INC,0001141240,10-K,2018-03-06,edgar/data/1141240/0001437749-18-004036.txt
Mastercard Inc,0001141391,10-K,2018-02-14,edgar/data/1141391/0001141391-18-000009.txt
LANDMARK BANCORP INC,0001141688,10-K,2018-03-14,edgar/data/1141688/0001493152-18-003321.txt
1ST CONSTITUTION BANCORP,0001141807,10-K,2018-03-19,edgar/data/1141807/0001141807-18-000005.txt
MISSION BROADCASTING INC,0001142412,10-K,2018-03-23,edgar/data/1142412/0001564590-18-006689.txt
"NEXSTAR MEDIA GROUP, INC.",0001142417,10-K,2018-03-01,edgar/data/1142417/0001564590-18-003921.txt
NUVASIVE INC,0001142596,10-K,2018-02-26,edgar/data/1142596/0001564590-18-003264.txt
AMN HEALTHCARE SERVICES INC,0001142750,10-K,2018-02-16,edgar/data/1142750/0001142750-18-000004.txt
GREAT PLAINS ENERGY INC,0001143068,10-K,2018-02-21,edgar/data/1143068/0001143068-18-000015.txt
Bunge LTD,0001144519,10-K,2018-02-23,edgar/data/1144519/0001144519-18-000008.txt
ASBURY AUTOMOTIVE GROUP INC,0001144980,10-K,2018-02-27,edgar/data/1144980/0001144980-18-000053.txt
"FORESCOUT TECHNOLOGIES, INC",0001145057,10-K,2018-02-22,edgar/data/1145057/0001145057-18-000008.txt
INSULET CORP,0001145197,10-K,2018-02-22,edgar/data/1145197/0001145197-18-000004.txt
GLOBAL MACRO TRUST,0001145765,10-K,2018-03-29,edgar/data/1145765/0001615774-18-002184.txt
ASPEN AEROGELS INC,0001145986,10-K,2018-03-01,edgar/data/1145986/0001564590-18-004115.txt
BERKLEY W R CORP,0000011544,10-K,2018-02-23,edgar/data/11544/0000011544-18-000012.txt
"Anthem, Inc.",0001156039,10-K,2018-02-21,edgar/data/1156039/0001156039-18-000003.txt
HOUSTON AMERICAN ENERGY CORP,0001156041,10-K,2018-03-30,edgar/data/1156041/0001493152-18-004278.txt
LAKE AREA CORN PROCESSORS LLC,0001156174,10-K,2018-03-02,edgar/data/1156174/0001156174-18-000006.txt
CME GROUP INC.,0001156375,10-K,2018-03-01,edgar/data/1156375/0001156375-18-000026.txt
BIG 5 SPORTING GOODS Corp,0001156388,10-K,2018-02-28,edgar/data/1156388/0001564590-18-003743.txt
"MADRIGAL PHARMACEUTICALS, INC.",0001157601,10-K,2018-03-13,edgar/data/1157601/0001047469-18-001557.txt
"Western New England Bancorp, Inc.",0001157647,10-K,2018-03-15,edgar/data/1157647/0001387131-18-001078.txt
CHINA AUTOMOTIVE SYSTEMS INC,0001157762,10-K,2018-03-29,edgar/data/1157762/0001144204-18-017693.txt
ENCANA CORP,0001157806,10-K,2018-02-26,edgar/data/1157806/0001193125-18-057708.txt
MERRILL LYNCH DEPOSITOR INC PREFERREDPLUS TRUST SER CZN 1,0001157987,10-K,2018-03-21,edgar/data/1157987/0001174947-18-000430.txt
"APPLIED OPTOELECTRONICS, INC.",0001158114,10-K,2018-02-28,edgar/data/1158114/0001558370-18-001271.txt
"COMSCORE, INC.",0001158172,10-K,2018-03-23,edgar/data/1158172/0001158172-18-000050.txt
"COGENT COMMUNICATIONS HOLDINGS, INC.",0001158324,10-K,2018-02-23,edgar/data/1158324/0001047469-18-000988.txt
CHINA HGS REAL ESTATE INC.,0001158420,10-K,2018-01-03,edgar/data/1158420/0001144204-18-000327.txt
ADVANCE AUTO PARTS INC,0001158449,10-K,2018-02-21,edgar/data/1158449/0001158449-18-000039.txt
JETBLUE AIRWAYS CORP,0001158463,10-K,2018-02-16,edgar/data/1158463/0001158463-18-000018.txt
PSEG POWER LLC,0001158659,10-K,2018-02-26,edgar/data/1158659/0000788784-18-000004.txt
LEMAITRE VASCULAR INC,0001158895,10-K,2018-03-09,edgar/data/1158895/0001193125-18-076905.txt
HALOZYME THERAPEUTICS INC,0001159036,10-K,2018-02-20,edgar/data/1159036/0001159036-18-000011.txt
IROBOT CORP,0001159167,10-K,2018-02-16,edgar/data/1159167/0001159167-18-000004.txt
KIWA BIO-TECH PRODUCTS GROUP CORP,0001159275,10-K,2018-03-30,edgar/data/1159275/0001493152-18-004295.txt
FIVE STAR SENIOR LIVING INC.,0001159281,10-K,2018-03-21,edgar/data/1159281/0001159281-18-000007.txt
FORD CREDIT FLOORPLAN MASTER OWNER TRUST A,0001159408,10-K,2018-03-27,edgar/data/1159408/0001159408-18-000008.txt
Savara Inc,0001160308,10-K,2018-03-14,edgar/data/1160308/0001564590-18-005610.txt
SOUTHERN POWER CO,0001160661,10-K,2018-02-21,edgar/data/1160661/0000092122-18-000012.txt
GOLD RESOURCE CORP,0001160791,10-K,2018-03-08,edgar/data/1160791/0001558370-18-001714.txt
NOVA STAR INNOVATIONS INC,0001160945,10-K,2018-03-23,edgar/data/1160945/0001477932-18-001429.txt
INPHI Corp,0001160958,10-K,2018-02-28,edgar/data/1160958/0001437749-18-003532.txt
"Energy Transfer Partners, L.P.",0001161154,10-K,2018-02-23,edgar/data/1161154/0001161154-18-000018.txt
MEDIACOM BROADBAND LLC,0001161364,10-K,2018-03-02,edgar/data/1161364/0001193125-18-068674.txt
MEDIACOM BROADBAND CORP,0001161366,10-K,2018-03-02,edgar/data/1161366/0001193125-18-068674.txt
"GROWLIFE, INC.",0001161582,10-K,2018-03-28,edgar/data/1161582/0001654954-18-003286.txt
MGE ENERGY INC,0001161728,10-K,2018-02-23,edgar/data/1161728/0001161728-18-000003.txt
"RigNet, Inc.",0001162112,10-K,2018-03-06,edgar/data/1162112/0001193125-18-072202.txt
FLUIDIGM CORP,0001162194,10-K,2018-03-08,edgar/data/1162194/0001162194-18-000032.txt
MORGAN GROUP HOLDING CO,0001162283,10-K,2018-03-23,edgar/data/1162283/0001206774-18-000929.txt
CUTERA INC,0001162461,10-K,2018-03-26,edgar/data/1162461/0001437749-18-005473.txt
DOVER DOWNS GAMING & ENTERTAINMENT INC,0001162556,10-K,2018-03-01,edgar/data/1162556/0001104659-18-014097.txt
CONOCOPHILLIPS,0001163165,10-K,2018-02-20,edgar/data/1163165/0001193125-18-049729.txt
FNB BANCORP/CA/,0001163199,10-K,2018-03-14,edgar/data/1163199/0001019056-18-000431.txt
UNITED STATES STEEL CORP,0001163302,10-K,2018-02-21,edgar/data/1163302/0001163302-18-000011.txt
CAPITAL ONE MULTI ASSET EXECUTION TRUST,0001163321,10-K,2018-03-30,edgar/data/1163321/0001193125-18-103167.txt
NORTHRIM BANCORP INC,0001163370,10-K,2018-03-13,edgar/data/1163370/0001163370-18-000006.txt
NEW PEOPLES BANKSHARES INC,0001163389,10-K,2018-03-23,edgar/data/1163389/0001721868-18-000198.txt
SOUTH DAKOTA SOYBEAN PROCESSORS LLC,0001163609,10-K,2018-03-21,edgar/data/1163609/0001163609-18-000008.txt
NABORS INDUSTRIES LTD,0001163739,10-K,2018-03-01,edgar/data/1163739/0001558370-18-001382.txt
NEWMONT MINING CORP /DE/,0001164727,10-K,2018-02-22,edgar/data/1164727/0001558370-18-000894.txt
"ENPRO INDUSTRIES, INC",0001164863,10-K,2018-02-26,edgar/data/1164863/0001164863-18-000009.txt
WESTWOOD HOLDINGS GROUP INC,0001165002,10-K,2018-02-23,edgar/data/1165002/0001165002-18-000014.txt
"XPO Logistics, Inc.",0001166003,10-K,2018-02-12,edgar/data/1166003/0001166003-18-000022.txt
J C PENNEY CO INC,0001166126,10-K,2018-03-19,edgar/data/1166126/0001166126-18-000014.txt
VERINT SYSTEMS INC,0001166388,10-K,2018-03-29,edgar/data/1166388/0001166388-18-000013.txt
COMCAST CORP,0001166691,10-K,2018-01-31,edgar/data/1166691/0001166691-18-000004.txt
WEST BANCORPORATION INC,0001166928,10-K,2018-03-01,edgar/data/1166928/0001166928-18-000014.txt
BRIGHTHOUSE LIFE INSURANCE Co OF NY,0001167609,10-K,2018-03-23,edgar/data/1167609/0001167609-18-000011.txt
CIMAREX ENERGY CO,0001168054,10-K,2018-02-23,edgar/data/1168054/0001168054-18-000004.txt
EXELON GENERATION CO LLC,0001168165,10-K,2018-02-09,edgar/data/1168165/0001628280-18-001324.txt
ULURU Inc.,0001168220,10-K,2018-03-30,edgar/data/1168220/0001168220-18-000008.txt
PLUMAS BANCORP,0001168455,10-K,2018-03-12,edgar/data/1168455/0001437749-18-004387.txt
REGAL ENTERTAINMENT GROUP,0001168696,10-K,2018-03-01,edgar/data/1168696/0001168696-18-000003.txt
NOBLE CORP,0001169055,10-K,2018-02-23,edgar/data/1169055/0001628280-18-002128.txt
SYNIVERSE HOLDINGS INC,0001169264,10-K,2018-03-14,edgar/data/1169264/0001169264-18-000014.txt
COMPUTER PROGRAMS & SYSTEMS INC,0001169445,10-K,2018-03-14,edgar/data/1169445/0001169445-18-000006.txt
CHANNELADVISOR CORP,0001169652,10-K,2018-02-13,edgar/data/1169652/0001169652-18-000011.txt
"BANC OF CALIFORNIA, INC.",0001169770,10-K,2018-02-28,edgar/data/1169770/0001169770-18-000004.txt
"HTG MOLECULAR DIAGNOSTICS, INC",0001169987,10-K,2018-03-23,edgar/data/1169987/0001564590-18-006602.txt
BOINGO WIRELESS INC,0001169988,10-K,2018-03-12,edgar/data/1169988/0001047469-18-001548.txt
MITEL NETWORKS CORP,0001170534,10-K,2018-02-28,edgar/data/1170534/0001193125-18-061717.txt
DCT Industrial Trust Inc.,0001170991,10-K,2018-02-16,edgar/data/1170991/0001170991-18-000006.txt
FIRST NATIONAL FUNDING LLC,0001171040,10-K,2018-03-29,edgar/data/1171040/0001193125-18-100929.txt
NATURAL RESOURCE PARTNERS LP,0001171486,10-K,2018-03-01,edgar/data/1171486/0001171486-18-000014.txt
TRIPLE-S MANAGEMENT CORP,0001171662,10-K,2018-03-07,edgar/data/1171662/0001140361-18-012454.txt
RED ROBIN GOURMET BURGERS INC,0001171759,10-K,2018-02-27,edgar/data/1171759/0001171759-18-000007.txt
CIT GROUP INC,0001171825,10-K,2018-02-23,edgar/data/1171825/0001628280-18-002139.txt
SAFETY INSURANCE GROUP INC,0001172052,10-K,2018-02-28,edgar/data/1172052/0001172052-18-000007.txt
US GEOTHERMAL INC,0001172136,10-K,2018-03-08,edgar/data/1172136/0001062993-18-001121.txt
BILL BARRETT CORP,0001172139,10-K,2018-02-27,edgar/data/1172139/0001172139-18-000043.txt
HAWAIIAN HOLDINGS INC,0001172222,10-K,2018-02-13,edgar/data/1172222/0001172222-18-000017.txt
"DORCHESTER MINERALS, L.P.",0001172358,10-K,2018-03-08,edgar/data/1172358/0001437749-18-004162.txt
"Sunworks, Inc.",0001172631,10-K,2018-03-28,edgar/data/1172631/0001493152-18-004031.txt
"UNIROYAL GLOBAL ENGINEERED PRODUCTS, INC.",0001172706,10-K,2018-03-19,edgar/data/1172706/0001214659-18-002228.txt
American BriVision (Holding) Corp,0001173313,10-K,2018-01-16,edgar/data/1173313/0001213900-18-000537.txt
NOVAGOLD RESOURCES INC,0001173420,10-K,2018-01-24,edgar/data/1173420/0001171843-18-000607.txt
CEVA INC,0001173489,10-K,2018-03-01,edgar/data/1173489/0001193125-18-067193.txt
"HYSTER-YALE MATERIALS HANDLING, INC.",0001173514,10-K,2018-02-27,edgar/data/1173514/0001173514-18-000014.txt
ENBRIDGE ENERGY MANAGEMENT L L C,0001173911,10-K,2018-02-16,edgar/data/1173911/0001173911-18-000003.txt
CHASE ISSUANCE TRUST,0001174821,10-K,2018-03-29,edgar/data/1174821/0001193125-18-101841.txt
NICOLET BANKSHARES INC,0001174850,10-K,2018-03-07,edgar/data/1174850/0001144204-18-013359.txt
"RealSource Residential, Inc",0001174891,10-K,2018-03-28,edgar/data/1174891/0001493152-18-004019.txt
WYNN RESORTS LTD,0001174922,10-K,2018-02-28,edgar/data/1174922/0001174922-18-000019.txt
ORAGENICS INC,0001174940,10-K,2018-02-16,edgar/data/1174940/0001193125-18-048564.txt
Cytosorbents Corp,0001175151,10-K,2018-03-08,edgar/data/1175151/0001144204-18-013618.txt
FLEETCOR TECHNOLOGIES INC,0001175454,10-K,2018-03-01,edgar/data/1175454/0001175454-18-000007.txt
Drive Shack Inc.,0001175483,10-K,2018-03-14,edgar/data/1175483/0001175483-18-000004.txt
FIVE PRIME THERAPEUTICS INC,0001175505,10-K,2018-02-27,edgar/data/1175505/0001564590-18-003511.txt
Whitestone REIT,0001175535,10-K,2018-03-06,edgar/data/1175535/0001175535-18-000008.txt
"CAVIUM, INC.",0001175609,10-K,2018-03-01,edgar/data/1175609/0001564590-18-004100.txt
MARTIN MIDSTREAM PARTNERS LP,0001176334,10-K,2018-02-16,edgar/data/1176334/0001176334-18-000024.txt
TIER REIT INC,0001176373,10-K,2018-02-12,edgar/data/1176373/0001176373-18-000035.txt
ARES MANAGEMENT LP,0001176948,10-K,2018-03-01,edgar/data/1176948/0001628280-18-002576.txt
SYNNEX CORP,0001177394,10-K,2018-01-29,edgar/data/1177394/0001177394-18-000010.txt
"FIVE BELOW, INC",0001177609,10-K,2018-03-22,edgar/data/1177609/0001177609-18-000008.txt
SAIA INC,0001177702,10-K,2018-02-22,edgar/data/1177702/0001564590-18-002882.txt
USAA ACCEPTANCE LLC,0001178049,10-K,2018-03-28,edgar/data/1178049/0001193125-18-099143.txt
USAA ACCEPTANCE LLC,0001178049,10-K,2018-03-28,edgar/data/1178049/0001193125-18-099148.txt
USAA ACCEPTANCE LLC,0001178049,10-K,2018-03-28,edgar/data/1178049/0001193125-18-099156.txt
SCYNEXIS INC,0001178253,10-K,2018-03-13,edgar/data/1178253/0001564590-18-005461.txt
"ALNYLAM PHARMACEUTICALS, INC.",0001178670,10-K,2018-02-15,edgar/data/1178670/0001564590-18-002152.txt
"Paratek Pharmaceuticals, Inc.",0001178711,10-K,2018-03-06,edgar/data/1178711/0001564590-18-004551.txt
DRONE AVIATION HOLDING CORP.,0001178727,10-K,2018-03-23,edgar/data/1178727/0001213900-18-003379.txt
AMICUS THERAPEUTICS INC,0001178879,10-K,2018-03-01,edgar/data/1178879/0001047469-18-001199.txt
PROVIDENT FINANCIAL SERVICES INC,0001178970,10-K,2018-03-01,edgar/data/1178970/0001628280-18-002619.txt
"EnLink Midstream Partners, LP",0001179060,10-K,2018-02-21,edgar/data/1179060/0001179060-18-000003.txt
MOLINA HEALTHCARE INC,0001179929,10-K,2018-03-01,edgar/data/1179929/0001179929-18-000040.txt
HERBALIFE LTD.,0001180262,10-K,2018-02-22,edgar/data/1180262/0001564590-18-002880.txt
"Granite Falls Energy, LLC",0001181749,10-K,2018-01-30,edgar/data/1181749/0001181749-18-000002.txt
"VOLKSWAGEN AUTO LEASE/LOAN UNDERWRITTEN FUNDING, LLC",0001182534,10-K,2018-03-30,edgar/data/1182534/0001193125-18-102939.txt
GENESIS FINANCIAL INC,0001183082,10-K,2018-02-14,edgar/data/1183082/0001052918-18-000034.txt
"Molecular Templates, Inc.",0001183765,10-K,2018-03-30,edgar/data/1183765/0001564590-18-007268.txt
AEI INCOME & GROWTH FUND 25 LLC,0001185198,10-K,2018-03-30,edgar/data/1185198/0001326321-18-000011.txt
PRA GROUP INC,0001185348,10-K,2018-02-28,edgar/data/1185348/0001185348-18-000008.txt
ATEL CAPITAL EQUIPMENT FUND X LLC,0001186258,10-K,2018-03-27,edgar/data/1186258/0001144204-18-016949.txt
"CREATIVE MEDICAL TECHNOLOGY HOLDINGS, INC.",0001187953,10-K,2018-03-29,edgar/data/1187953/0001144204-18-017967.txt
INNOVATIVE DESIGNS INC,0001190370,10-K,2018-01-29,edgar/data/1190370/0001615774-18-000604.txt
GLAUKOS Corp,0001192448,10-K,2018-02-28,edgar/data/1192448/0001558370-18-001301.txt
ONCOR ELECTRIC DELIVERY CO LLC,0001193311,10-K,2018-02-23,edgar/data/1193311/0001193311-18-000005.txt
POTBELLY CORP,0001195734,10-K,2018-02-28,edgar/data/1195734/0001564590-18-003783.txt
INFINITY PROPERTY & CASUALTY CORP,0001195933,10-K,2018-02-15,edgar/data/1195933/0001195933-18-000012.txt
NEPHROS INC,0001196298,10-K,2018-02-26,edgar/data/1196298/0001493152-18-002569.txt
HMS HOLDINGS CORP,0001196501,10-K,2018-02-27,edgar/data/1196501/0001171843-18-001503.txt
CODEXIS INC,0001200375,10-K,2018-03-15,edgar/data/1200375/0001200375-18-000009.txt
AMERICAN PUBLIC EDUCATION INC,0001201792,10-K,2018-02-27,edgar/data/1201792/0001201792-18-000003.txt
"TEMPUR SEALY INTERNATIONAL, INC.",0001206264,10-K,2018-03-01,edgar/data/1206264/0001206264-18-000033.txt
Arlington Asset Investment Corp.,0001209028,10-K,2018-02-16,edgar/data/1209028/0001564590-18-002354.txt
CERES TACTICAL SYSTEMATIC L.P.,0001209709,10-K,2018-03-28,edgar/data/1209709/0001193125-18-099063.txt
"Hudson Global, Inc.",0001210708,10-K,2018-03-01,edgar/data/1210708/0001210708-18-000017.txt
FENNEC PHARMACEUTICALS INC.,0001211583,10-K,2018-03-28,edgar/data/1211583/0001144204-18-017571.txt
"My Size, Inc.",0001211805,10-K,2018-03-21,edgar/data/1211805/0001213900-18-003274.txt
PROOFPOINT INC,0001212458,10-K,2018-02-23,edgar/data/1212458/0001212458-18-000001.txt
WESTERN ALLIANCE BANCORPORATION,0001212545,10-K,2018-02-26,edgar/data/1212545/0001212545-18-000091.txt
"Trovagene, Inc.",0001213037,10-K,2018-02-26,edgar/data/1213037/0001628280-18-002226.txt
NF Energy Saving Corp,0001213660,10-K,2018-03-30,edgar/data/1213660/0001144204-18-018116.txt
AXIS CAPITAL HOLDINGS LTD,0001214816,10-K,2018-02-28,edgar/data/1214816/0001214816-18-000019.txt
"CareDx, Inc.",0001217234,10-K,2018-03-22,edgar/data/1217234/0001564590-18-006584.txt
"Wize Pharma, Inc.",0001218683,10-K,2018-03-29,edgar/data/1218683/0001213900-18-003682.txt
CROWN HOLDINGS INC,0001219601,10-K,2018-02-26,edgar/data/1219601/0001219601-18-000009.txt
PROVIDENCE SERVICE CORP,0001220754,10-K,2018-03-09,edgar/data/1220754/0001220754-18-000026.txt
"RETAIL PROPERTIES OF AMERICA, INC.",0001222840,10-K,2018-02-14,edgar/data/1222840/0001222840-18-000008.txt
STRUCTURED OBLIGATIONS CORP SELECT NOTES TRUST LT SER 2003-1,0001223444,10-K,2018-03-29,edgar/data/1223444/0001068238-18-000087.txt
"NuStar GP Holdings, LLC",0001223786,10-K,2018-03-01,edgar/data/1223786/0001223786-18-000004.txt
SPHERIX INC,0000012239,10-K,2018-03-30,edgar/data/12239/0001615774-18-002232.txt
MARCHEX INC,0001224133,10-K,2018-03-14,edgar/data/1224133/0001564590-18-005637.txt
"CNO Financial Group, Inc.",0001224608,10-K,2018-02-23,edgar/data/1224608/0001224608-18-000011.txt
IBM CREDIT LLC,0001225307,10-K,2018-03-01,edgar/data/1225307/0001104659-18-014096.txt
RFS HOLDING LLC,0001226006,10-K,2018-03-30,edgar/data/1226006/0001144204-18-018068.txt
MEDICINOVA INC,0001226616,10-K,2018-02-13,edgar/data/1226616/0001564590-18-001957.txt
NEOPHOTONICS CORP,0001227025,10-K,2018-03-09,edgar/data/1227025/0001227025-18-000009.txt
STRUCTURED OBLIGATIONS CORP SELECT NOTES TRUST LT SER 2003-2,0001227090,10-K,2018-03-29,edgar/data/1227090/0001068238-18-000085.txt
CERES ORION L.P.,0001227265,10-K,2018-03-28,edgar/data/1227265/0001193125-18-099113.txt
Managed Futures Premier Energy Fund L.P. II,0001227268,10-K,2018-03-28,edgar/data/1227268/0001193125-18-098940.txt
EQUITY BANCSHARES INC,0001227500,10-K,2018-03-16,edgar/data/1227500/0001564590-18-006075.txt
COMPASS MINERALS INTERNATIONAL INC,0001227654,10-K,2018-02-27,edgar/data/1227654/0001227654-18-000031.txt
BCB BANCORP INC,0001228454,10-K,2018-03-06,edgar/data/1228454/0001228454-18-000002.txt
"REXAHN PHARMACEUTICALS, INC.",0001228627,10-K,2018-03-09,edgar/data/1228627/0001140361-18-012817.txt
KAANAPALI LAND LLC,0001230058,10-K,2018-03-29,edgar/data/1230058/0000892626-18-000064.txt
PIPER JAFFRAY COMPANIES,0001230245,10-K,2018-02-26,edgar/data/1230245/0001230245-18-000034.txt
"Pandora Media, Inc.",0001230276,10-K,2018-02-26,edgar/data/1230276/0001230276-18-000019.txt
Jazz Pharmaceuticals plc,0001232524,10-K,2018-02-27,edgar/data/1232524/0001232524-18-000018.txt
ASHFORD HOSPITALITY TRUST INC,0001232582,10-K,2018-03-14,edgar/data/1232582/0001232582-18-000011.txt
GLADSTONE COMMERCIAL CORP,0001234006,10-K,2018-02-14,edgar/data/1234006/0001234006-18-000003.txt
ENDOCYTE INC,0001235007,10-K,2018-02-27,edgar/data/1235007/0001558370-18-001164.txt
MOMENTA PHARMACEUTICALS INC,0001235010,10-K,2018-02-26,edgar/data/1235010/0001235010-18-000004.txt
"SilverSun Technologies, Inc.",0001236275,10-K,2018-03-26,edgar/data/1236275/0001185185-18-000498.txt
"Endurance International Group Holdings, Inc.",0001237746,10-K,2018-02-22,edgar/data/1237746/0001628280-18-002065.txt
GLOBUS MEDICAL INC,0001237831,10-K,2018-02-22,edgar/data/1237831/0001237831-18-000012.txt
LUNA INNOVATIONS INC,0001239819,10-K,2018-03-21,edgar/data/1239819/0001239819-18-000008.txt
BLACK HILLS POWER INC,0000012400,10-K,2018-02-27,edgar/data/12400/0000012400-18-000006.txt
"GI DYNAMICS, INC.",0001245791,10-K,2018-03-28,edgar/data/1245791/0001564590-18-006988.txt
"Apollo Endosurgery, Inc.",0001251769,10-K,2018-03-01,edgar/data/1251769/0001251769-18-000012.txt
"COLUMBIA PROPERTY TRUST, INC.",0001252849,10-K,2018-02-15,edgar/data/1252849/0001252849-18-000029.txt
OLD LINE BANCSHARES INC,0001253317,10-K,2018-03-09,edgar/data/1253317/0001171843-18-001803.txt
GLYCOMIMETICS INC,0001253689,10-K,2018-03-06,edgar/data/1253689/0001558370-18-001553.txt
ARBOR REALTY TRUST INC,0001253986,10-K,2018-02-23,edgar/data/1253986/0001047469-18-000985.txt
QVC INC,0001254699,10-K,2018-03-02,edgar/data/1254699/0001254699-18-000002.txt
WHITING PETROLEUM CORP,0001255474,10-K,2018-02-22,edgar/data/1255474/0001255474-18-000008.txt
STRUCTURED OBLIGATIONS CORP LONG TERM CERT SER 2003 3,0001255604,10-K,2018-03-29,edgar/data/1255604/0001068238-18-000086.txt
KRONOS WORLDWIDE INC,0001257640,10-K,2018-03-12,edgar/data/1257640/0001564590-18-005295.txt
NELNET INC,0001258602,10-K,2018-02-27,edgar/data/1258602/0001258602-18-000021.txt
TICC Capital Corp.,0001259429,10-K,2018-03-01,edgar/data/1259429/0001615774-18-001548.txt
CONTROL4 CORP,0001259515,10-K,2018-02-15,edgar/data/1259515/0001558370-18-000725.txt
HYUNDAI ABS FUNDING LLC,0001260125,10-K,2018-03-22,edgar/data/1260125/0001144204-18-016388.txt
HYUNDAI ABS FUNDING LLC,0001260125,10-K,2018-03-22,edgar/data/1260125/0001144204-18-016390.txt
HYUNDAI ABS FUNDING LLC,0001260125,10-K,2018-03-22,edgar/data/1260125/0001144204-18-016395.txt
HYUNDAI ABS FUNDING LLC,0001260125,10-K,2018-03-22,edgar/data/1260125/0001144204-18-016397.txt
HYUNDAI ABS FUNDING LLC,0001260125,10-K,2018-03-22,edgar/data/1260125/0001144204-18-016401.txt
HYUNDAI ABS FUNDING LLC,0001260125,10-K,2018-03-22,edgar/data/1260125/0001144204-18-016403.txt
HYUNDAI ABS FUNDING LLC,0001260125,10-K,2018-03-22,edgar/data/1260125/0001144204-18-016407.txt
HYUNDAI ABS FUNDING LLC,0001260125,10-K,2018-03-22,edgar/data/1260125/0001144204-18-016412.txt
HYUNDAI ABS FUNDING LLC,0001260125,10-K,2018-03-22,edgar/data/1260125/0001144204-18-016417.txt
MARLIN BUSINESS SERVICES CORP,0001260968,10-K,2018-03-09,edgar/data/1260968/0001193125-18-077538.txt
GTX INC /DE/,0001260990,10-K,2018-03-13,edgar/data/1260990/0001047469-18-001564.txt
AGILE THERAPEUTICS INC,0001261249,10-K,2018-03-12,edgar/data/1261249/0001047469-18-001539.txt
FORTINET INC,0001262039,10-K,2018-02-26,edgar/data/1262039/0001262039-18-000009.txt
WESTLAKE CHEMICAL CORP,0001262823,10-K,2018-02-21,edgar/data/1262823/0001262823-18-000008.txt
"SELECT BANCORP, INC.",0001263762,10-K,2018-03-16,edgar/data/1263762/0001144204-18-015275.txt
STRUCTURED OBLIGATIONS CORP LONG TERM CERTS SER 2003-4,0001264157,10-K,2018-03-29,edgar/data/1264157/0001068238-18-000084.txt
STEMLINE THERAPEUTICS INC,0001264587,10-K,2018-03-16,edgar/data/1264587/0001104659-18-018361.txt
MONITRONICS INTERNATIONAL INC,0001265107,10-K,2018-03-07,edgar/data/1265107/0001265107-18-000013.txt
Hilltop Holdings Inc.,0001265131,10-K,2018-02-15,edgar/data/1265131/0001558370-18-000726.txt
KONA GRILL INC,0001265572,10-K,2018-03-22,edgar/data/1265572/0001437749-18-005245.txt
US VR Global.com Inc.,0001265848,10-K,2018-03-29,edgar/data/1265848/0001493152-18-004100.txt
SECOND SIGHT MEDICAL PRODUCTS INC,0001266806,10-K,2018-03-20,edgar/data/1266806/0001615774-18-002008.txt
LEHMAN ABS CORP BACKED TRUST CERTS SER 2001-8,0001266832,10-K,2018-03-29,edgar/data/1266832/0001193125-18-101668.txt
ASSURANT INC,0001267238,10-K,2018-02-14,edgar/data/1267238/0001628280-18-001695.txt
MERRILL LYNCH DEPOSITOR INC INDEXPLUS TRUST SERIES 2003-1,0001267332,10-K,2018-03-21,edgar/data/1267332/0001174947-18-000434.txt
ASPEN INSURANCE HOLDINGS LTD,0001267395,10-K,2018-02-22,edgar/data/1267395/0001267395-18-000024.txt
BCTC V ASSIGNOR CORP,0001267426,10-K,2018-03-16,edgar/data/1267426/0001267426-18-000004.txt
"COLLEGIUM PHARMACEUTICAL, INC",0001267565,10-K,2018-03-07,edgar/data/1267565/0001558370-18-001644.txt
ALIMERA SCIENCES INC,0001267602,10-K,2018-03-02,edgar/data/1267602/0001267602-18-000047.txt
LEHMAN ABS CORP BCKD TR CRTS TOYS R US DB BCK SE 01-31,0001267753,10-K,2018-03-29,edgar/data/1267753/0001193125-18-101755.txt
MARINUS PHARMACEUTICALS INC,0001267813,10-K,2018-03-07,edgar/data/1267813/0001558370-18-001587.txt
PORTOLA PHARMACEUTICALS INC,0001269021,10-K,2018-03-01,edgar/data/1269021/0001564590-18-004153.txt
AMEDICA Corp,0001269026,10-K,2018-03-29,edgar/data/1269026/0001493152-18-004186.txt
EMERGING CTA PORTFOLIO LP,0001269190,10-K,2018-03-28,edgar/data/1269190/0001193125-18-099242.txt
STRUCTURED OBLIGATIONS CORP LONG TERM CERTS SER 2003-5,0001269371,10-K,2018-03-29,edgar/data/1269371/0001068238-18-000089.txt
CABCO TRUST FOR J.C. PENNEY DEBENTURES,0001269980,10-K,2018-03-28,edgar/data/1269980/0001193125-18-098773.txt
INTERCEPT PHARMACEUTICALS INC,0001270073,10-K,2018-02-28,edgar/data/1270073/0001144204-18-011793.txt
Cohen & Co Inc.,0001270436,10-K,2018-03-08,edgar/data/1270436/0001270436-18-000003.txt
"Intersect ENT, Inc.",0001271214,10-K,2018-02-28,edgar/data/1271214/0001193125-18-063953.txt
CCO HOLDINGS LLC,0001271833,10-K,2018-02-13,edgar/data/1271833/0001271833-18-000005.txt
CCO HOLDINGS CAPITAL CORP,0001271834,10-K,2018-02-13,edgar/data/1271834/0001271833-18-000005.txt
VONAGE HOLDINGS CORP,0001272830,10-K,2018-02-27,edgar/data/1272830/0001272830-18-000013.txt
AIRGAIN INC,0001272842,10-K,2018-03-15,edgar/data/1272842/0001564590-18-005821.txt
GRAN TIERRA ENERGY INC.,0001273441,10-K,2018-02-27,edgar/data/1273441/0001273441-18-000010.txt
NEW YORK MORTGAGE TRUST INC,0001273685,10-K,2018-02-27,edgar/data/1273685/0001273685-18-000018.txt
ASSURED GUARANTY LTD,0001273813,10-K,2018-02-23,edgar/data/1273813/0001273813-18-000004.txt
MONEYGRAM INTERNATIONAL INC,0001273931,10-K,2018-03-16,edgar/data/1273931/0001273931-18-000010.txt
InfoSonics Corp,0001274032,10-K,2018-03-08,edgar/data/1274032/0001564590-18-004965.txt
JANUS HENDERSON GROUP PLC,0001274173,10-K,2018-02-27,edgar/data/1274173/0001047469-18-001112.txt
"FIRST SOLAR, INC.",0001274494,10-K,2018-02-23,edgar/data/1274494/0001274494-18-000011.txt
MERRIMACK PHARMACEUTICALS INC,0001274792,10-K,2018-03-12,edgar/data/1274792/0001564590-18-005246.txt
"Ultra Clean Holdings, Inc.",0001275014,10-K,2018-03-14,edgar/data/1275014/0001564590-18-005652.txt
BANK OF THE JAMES FINANCIAL GROUP INC,0001275101,10-K,2018-03-21,edgar/data/1275101/0001193125-18-090457.txt
NOODLES & Co,0001275158,10-K,2018-03-15,edgar/data/1275158/0001275158-18-000017.txt
"General Moly, Inc",0001275229,10-K,2018-03-13,edgar/data/1275229/0001558370-18-002006.txt
"BIMINI CAPITAL MANAGEMENT, INC.",0001275477,10-K,2018-03-09,edgar/data/1275477/0001275477-18-000043.txt
"Energy Transfer Equity, L.P.",0001276187,10-K,2018-02-23,edgar/data/1276187/0001276187-18-000011.txt
GENWORTH FINANCIAL INC,0001276520,10-K,2018-02-28,edgar/data/1276520/0001193125-18-064038.txt
SCIENTIFIC ENERGY INC,0001276531,10-K,2018-03-29,edgar/data/1276531/0001276531-18-000006.txt
MVB FINANCIAL CORP,0001277902,10-K,2018-03-08,edgar/data/1277902/0001277902-18-000038.txt
MARKETAXESS HOLDINGS INC,0001278021,10-K,2018-02-21,edgar/data/1278021/0001564590-18-002713.txt
"B&G Foods, Inc.",0001278027,10-K,2018-03-01,edgar/data/1278027/0001558370-18-001318.txt
ISHARES GOLD TRUST,0001278680,10-K,2018-02-28,edgar/data/1278680/0001437749-18-003506.txt
"WELLCARE HEALTH PLANS, INC.",0001279363,10-K,2018-02-16,edgar/data/1279363/0001279363-18-000011.txt
"Zoned Properties, Inc.",0001279620,10-K,2018-03-13,edgar/data/1279620/0001213900-18-002876.txt
UNIVERSAL BIOSENSORS INC,0001279695,10-K,2018-02-23,edgar/data/1279695/0001193125-18-055086.txt
"Cellectar Biosciences, Inc.",0001279704,10-K,2018-03-21,edgar/data/1279704/0001144204-18-016175.txt
"Wright Investors Service Holdings, Inc.",0001279715,10-K,2018-03-26,edgar/data/1279715/0001214659-18-002347.txt
BLACKBAUD INC,0001280058,10-K,2018-02-20,edgar/data/1280058/0001280058-18-000007.txt
AMBARELLA INC,0001280263,10-K,2018-03-30,edgar/data/1280263/0001564590-18-007226.txt
MONOLITHIC POWER SYSTEMS INC,0001280452,10-K,2018-03-01,edgar/data/1280452/0001437749-18-003639.txt
ACCELERON PHARMA INC,0001280600,10-K,2018-02-27,edgar/data/1280600/0001280600-18-000016.txt
VITAL THERAPIES INC,0001280776,10-K,2018-03-13,edgar/data/1280776/0001280776-18-000013.txt
"Hercules Capital, Inc.",0001280784,10-K,2018-02-22,edgar/data/1280784/0001564590-18-002885.txt
REGIONS FINANCIAL CORP,0001281761,10-K,2018-02-26,edgar/data/1281761/0001281761-18-000016.txt
TOWN SPORTS INTERNATIONAL HOLDINGS INC,0001281774,10-K,2018-02-28,edgar/data/1281774/0001281774-18-000008.txt
"ROCKET PHARMACEUTICALS, INC.",0001281895,10-K,2018-03-07,edgar/data/1281895/0001564590-18-004621.txt
"WINDSTREAM HOLDINGS, INC.",0001282266,10-K,2018-02-28,edgar/data/1282266/0001282266-18-000016.txt
NETLIST INC,0001282631,10-K,2018-03-30,edgar/data/1282631/0001558370-18-002615.txt
NEWMARKET CORP,0001282637,10-K,2018-02-15,edgar/data/1282637/0001282637-18-000004.txt
HALCON RESOURCES CORP,0001282648,10-K,2018-03-01,edgar/data/1282648/0001047469-18-001171.txt
WORLD FINANCIAL NETWORK CREDIT CARD MASTER NOTE TRUST,0001282663,10-K,2018-03-27,edgar/data/1282663/0001101215-18-000077.txt
GREENHILL & CO INC,0001282977,10-K,2018-02-28,edgar/data/1282977/0001282977-18-000002.txt
HOLLY ENERGY PARTNERS LP,0001283140,10-K,2018-02-21,edgar/data/1283140/0001283140-18-000015.txt
STRUCTURED PRODUCTS CORP CRED ENHANCE CORTS TR FOR AON CAP A,0001283337,10-K,2018-03-29,edgar/data/1283337/0001068238-18-000077.txt
AMERICAN EXPRESS RECEIVABLES FINANCING CORP III LLC,0001283434,10-K,2018-03-26,edgar/data/1283434/0001193125-18-096155.txt
AMERICAN EXPRESS RECEIVABLES FINANCING CORP IV LLC,0001283435,10-K,2018-03-26,edgar/data/1283435/0001193125-18-096155.txt
STRUCTURED PRODUCTS CORP TIERS PRI PRO CER TR SE FFH 2001-12,0001283450,10-K,2018-03-29,edgar/data/1283450/0001068238-18-000075.txt
STRUCTURED PRODUCTS CORP CORTS TR FOR PECO ENERGY CAP TR III,0001283464,10-K,2018-03-29,edgar/data/1283464/0001068238-18-000076.txt
STRUCTURED PROD CORP TIERS CORP BND-BCKD CERT SER MOT 1998-5,0001283596,10-K,2018-03-29,edgar/data/1283596/0001068238-18-000073.txt
STRUCTURED PRODUCTS CORTS TRUST FOR JC PENNEY DEBENTURES,0001283602,10-K,2018-03-29,edgar/data/1283602/0001068238-18-000074.txt
AMERICAN CAMPUS COMMUNITIES INC,0001283630,10-K,2018-03-01,edgar/data/1283630/0001283630-18-000024.txt
"T-Mobile US, Inc.",0001283699,10-K,2018-02-08,edgar/data/1283699/0001283699-18-000011.txt
LEHMAN ABS CORP GOLDMAN SACHS CAP 1 SEC BACKED SER 2004-6,0001284143,10-K,2018-03-29,edgar/data/1284143/0001193125-18-101725.txt
MADISON AVE HOLDINGS INC,0001284196,10-K,2018-03-28,edgar/data/1284196/0001437749-18-005632.txt
PLY GEM HOLDINGS INC,0001284807,10-K,2018-03-05,edgar/data/1284807/0001284807-18-000008.txt
COHEN & STEERS INC,0001284812,10-K,2018-02-23,edgar/data/1284812/0001284812-18-000110.txt
StrikeForce Technologies Inc.,0001285543,10-K,2018-03-30,edgar/data/1285543/0001477932-18-001529.txt
"MRI INTERVENTIONS, INC.",0001285550,10-K,2018-03-21,edgar/data/1285550/0001534424-18-000090.txt
MOSAIC CO,0001285785,10-K,2018-02-21,edgar/data/1285785/0001618034-18-000003.txt
OMEROS CORP,0001285819,10-K,2018-03-01,edgar/data/1285819/0001285819-18-000003.txt
KITE REALTY GROUP TRUST,0001286043,10-K,2018-02-20,edgar/data/1286043/0001286043-18-000020.txt
REALPAGE INC,0001286225,10-K,2018-03-01,edgar/data/1286225/0001286225-18-000008.txt
STRATS SM TRUST FOR U S CELL CORP SEC SERIES 2004 6,0001286405,10-K,2018-03-30,edgar/data/1286405/0001387131-18-001296.txt
ALL FOR ONE MEDIA CORP.,0001286459,10-K,2018-01-16,edgar/data/1286459/0001477932-18-000232.txt
LINCOLN EDUCATIONAL SERVICES CORP,0001286613,10-K,2018-03-09,edgar/data/1286613/0001140361-18-012880.txt
DOMINOS PIZZA INC,0001286681,10-K,2018-02-20,edgar/data/1286681/0001193125-18-049576.txt
"Heron Lake BioEnergy, LLC",0001286964,10-K,2018-01-29,edgar/data/1286964/0001286964-18-000002.txt
XERIUM TECHNOLOGIES INC,0001287151,10-K,2018-02-28,edgar/data/1287151/0001287151-18-000047.txt
"DOUGLAS DYNAMICS, INC",0001287213,10-K,2018-03-01,edgar/data/1287213/0001558370-18-001358.txt
ARES CAPITAL CORP,0001287750,10-K,2018-02-13,edgar/data/1287750/0001287750-18-000007.txt
MEDICAL PROPERTIES TRUST INC,0001287865,10-K,2018-03-01,edgar/data/1287865/0001193125-18-067584.txt
OTELCO INC.,0001288359,10-K,2018-03-13,edgar/data/1288359/0001144204-18-014360.txt
W&T OFFSHORE INC,0001288403,10-K,2018-03-02,edgar/data/1288403/0001564590-18-004217.txt
MAXLINEAR INC,0001288469,10-K,2018-02-20,edgar/data/1288469/0001288469-18-000006.txt
"Five9, Inc.",0001288847,10-K,2018-03-01,edgar/data/1288847/0001288847-18-000030.txt
"OptimumBank Holdings, Inc.",0001288855,10-K,2018-03-28,edgar/data/1288855/0001493152-18-004033.txt
"U. S. Premium Beef, LLC",0001289237,10-K,2018-03-14,edgar/data/1289237/0001003297-18-000066.txt
"Stereotaxis, Inc.",0001289340,10-K,2018-03-20,edgar/data/1289340/0001193125-18-089265.txt
"Morningstar, Inc.",0001289419,10-K,2018-03-01,edgar/data/1289419/0001289419-18-000008.txt
"Texas Roadhouse, Inc.",0001289460,10-K,2018-02-23,edgar/data/1289460/0001558370-18-001026.txt
Extra Space Storage Inc.,0001289490,10-K,2018-03-01,edgar/data/1289490/0001628280-18-002649.txt
PROFIRE ENERGY INC,0001289636,10-K,2018-03-07,edgar/data/1289636/0001289636-18-000006.txt
Macquarie Infrastructure Corp,0001289790,10-K,2018-02-21,edgar/data/1289790/0001144204-18-010071.txt
CABCO SERIES 2004-101 TRUST (GOLDMAN SACHS CAPITAL I),0001289838,10-K,2018-03-28,edgar/data/1289838/0001193125-18-098763.txt
Huron Consulting Group Inc.,0001289848,10-K,2018-02-28,edgar/data/1289848/0001289848-18-000012.txt
"NeuroMetrix, Inc.",0001289850,10-K,2018-02-08,edgar/data/1289850/0001628280-18-001282.txt
"Spok Holdings, Inc",0001289945,10-K,2018-03-01,edgar/data/1289945/0001289945-18-000010.txt
Synchrony Credit Card Master Note Trust,0001290098,10-K,2018-03-30,edgar/data/1290098/0001144204-18-018068.txt
"Sierra Oncology, Inc.",0001290149,10-K,2018-02-27,edgar/data/1290149/0001193125-18-059374.txt
Wells Fargo Dealer Floorplan Master Note Trust,0001290200,10-K,2018-03-28,edgar/data/1290200/0001144204-18-017608.txt
"CDF Funding, Inc.",0001290205,10-K,2018-03-28,edgar/data/1290205/0001144204-18-017608.txt
Village Bank & Trust Financial Corp.,0001290476,10-K,2018-03-30,edgar/data/1290476/0001144204-18-018253.txt
"Turning Point Brands, Inc.",0001290677,10-K,2018-03-08,edgar/data/1290677/0001140361-18-012639.txt
"Commercial Vehicle Group, Inc.",0001290900,10-K,2018-03-12,edgar/data/1290900/0001628280-18-003101.txt
INVIVO THERAPEUTICS HOLDINGS CORP.,0001292519,10-K,2018-03-12,edgar/data/1292519/0001558370-18-001864.txt
BOEING CO,0000012927,10-K,2018-02-12,edgar/data/12927/0000012927-18-000007.txt
Select Notes Trust LT 2004-1,0001293234,10-K,2018-03-29,edgar/data/1293234/0001068238-18-000088.txt
TechTarget Inc,0001293282,10-K,2018-03-13,edgar/data/1293282/0001564590-18-005332.txt
"HUMANIGEN, INC",0001293310,10-K,2018-03-27,edgar/data/1293310/0001214659-18-002397.txt
OPGEN INC,0001293818,10-K,2018-03-29,edgar/data/1293818/0001564590-18-007151.txt
"bluebird bio, Inc.",0001293971,10-K,2018-02-21,edgar/data/1293971/0001564590-18-002704.txt
Inogen Inc,0001294133,10-K,2018-02-27,edgar/data/1294133/0001564590-18-003518.txt
WALKER INNOVATION INC.,0001294649,10-K,2018-02-02,edgar/data/1294649/0001437749-18-001531.txt
PPLUS Trust Series GSC-2,0001294808,10-K,2018-03-21,edgar/data/1294808/0001174947-18-000432.txt
"Bancorp, Inc.",0001295401,10-K,2018-03-16,edgar/data/1295401/0001562762-18-000100.txt
"Sunstone Hotel Investors, Inc.",0001295810,10-K,2018-02-14,edgar/data/1295810/0001558370-18-000688.txt
ZAGG Inc,0001296205,10-K,2018-03-15,edgar/data/1296205/0001628280-18-003203.txt
Neenah Inc,0001296435,10-K,2018-02-23,edgar/data/1296435/0001296435-18-000049.txt
"ORMAT TECHNOLOGIES, INC.",0001296445,10-K,2018-03-16,edgar/data/1296445/0001437749-18-004850.txt
"Lightstone Value Plus Real Estate Investment Trust, Inc.",0001296884,10-K,2018-03-12,edgar/data/1296884/0001144204-18-014162.txt
"Amphastar Pharmaceuticals, Inc.",0001297184,10-K,2018-03-14,edgar/data/1297184/0001297184-18-000011.txt
Gramercy Property Trust,0001297587,10-K,2018-03-01,edgar/data/1297587/0001297587-18-000030.txt
"ATEL Capital Equipment Fund XI, LLC",0001297667,10-K,2018-03-27,edgar/data/1297667/0001144204-18-016952.txt
OHA Investment Corp,0001297704,10-K,2018-03-26,edgar/data/1297704/0001297704-18-000014.txt
"ExlService Holdings, Inc.",0001297989,10-K,2018-02-27,edgar/data/1297989/0001297989-18-000002.txt
"Digital Realty Trust, Inc.",0001297996,10-K,2018-03-01,edgar/data/1297996/0001297996-18-000026.txt
CubeSmart,0001298675,10-K,2018-02-16,edgar/data/1298675/0001298675-18-000006.txt
DiamondRock Hospitality Co,0001298946,10-K,2018-02-27,edgar/data/1298946/0001298946-18-000010.txt
"PACIFIC BIOSCIENCES OF CALIFORNIA, INC.",0001299130,10-K,2018-02-26,edgar/data/1299130/0001299130-18-000018.txt
TearLab Corp,0001299139,10-K,2018-03-05,edgar/data/1299139/0001493152-18-002857.txt
"CubeSmart, L.P.",0001300485,10-K,2018-02-16,edgar/data/1300485/0001298675-18-000006.txt
LAS VEGAS SANDS CORP,0001300514,10-K,2018-02-23,edgar/data/1300514/0001300514-18-000022.txt
"Athenex, Inc.",0001300699,10-K,2018-03-26,edgar/data/1300699/0001564590-18-006715.txt
Sotherly Hotels Inc.,0001301236,10-K,2018-03-16,edgar/data/1301236/0001564590-18-006025.txt
Achaogen Inc,0001301501,10-K,2018-02-27,edgar/data/1301501/0001564590-18-003544.txt
"LIFEPOINT HEALTH, INC.",0001301611,10-K,2018-02-23,edgar/data/1301611/0001301611-18-000005.txt
BlueLinx Holdings Inc.,0001301787,10-K,2018-03-01,edgar/data/1301787/0001301787-18-000033.txt
"Education Realty Trust, Inc.",0001302343,10-K,2018-02-27,edgar/data/1302343/0001302343-18-000049.txt
JMP GROUP LLC,0001302350,10-K,2018-03-28,edgar/data/1302350/0001437749-18-005609.txt
OncoMed Pharmaceuticals Inc,0001302573,10-K,2018-03-09,edgar/data/1302573/0001564590-18-005014.txt
"LHC Group, Inc",0001303313,10-K,2018-03-01,edgar/data/1303313/0001303313-18-000005.txt
Tableau Software Inc,0001303652,10-K,2018-02-26,edgar/data/1303652/0001303652-18-000011.txt
BankFinancial CORP,0001303942,10-K,2018-02-23,edgar/data/1303942/0001303942-18-000012.txt
"Pharma-Bio Serv, Inc.",0001304161,10-K,2018-01-29,edgar/data/1304161/0001654954-18-000819.txt
"Consolidated Communications Holdings, Inc.",0001304421,10-K,2018-03-01,edgar/data/1304421/0001558370-18-001412.txt
Crestwood Midstream Partners LP,0001304464,10-K,2018-02-26,edgar/data/1304464/0001136352-18-000004.txt
"Precious Investments, Inc.",0001304741,10-K,2018-03-30,edgar/data/1304741/0001663577-18-000156.txt
"ARC DOCUMENT SOLUTIONS, INC.",0001305168,10-K,2018-03-05,edgar/data/1305168/0001305168-18-000021.txt
"Eiger BioPharmaceuticals, Inc.",0001305253,10-K,2018-03-09,edgar/data/1305253/0001564590-18-005123.txt
Bridgepoint Education Inc,0001305323,10-K,2018-02-21,edgar/data/1305323/0001305323-18-000011.txt
ConforMIS Inc,0001305773,10-K,2018-03-09,edgar/data/1305773/0001305773-18-000016.txt
Celanese Corp,0001306830,10-K,2018-02-09,edgar/data/1306830/0001306830-18-000030.txt
LIQTECH INTERNATIONAL INC,0001307579,10-K,2018-03-23,edgar/data/1307579/0001437749-18-005356.txt
InvenTrust Properties Corp.,0001307748,10-K,2018-03-07,edgar/data/1307748/0001307748-18-000032.txt
Huntsman CORP,0001307954,10-K,2018-02-23,edgar/data/1307954/0001558370-18-001028.txt
Vystar Corp,0001308027,10-K,2018-03-29,edgar/data/1308027/0001387131-18-001267.txt
"BLACKSANDS PETROLEUM, INC.",0001308137,10-K,2018-01-18,edgar/data/1308137/0001477932-18-000290.txt
"UNIVERSAL LOGISTICS HOLDINGS, INC.",0001308208,10-K,2018-03-16,edgar/data/1308208/0001564590-18-006046.txt
"SPIRIT REALTY CAPITAL, INC.",0001308606,10-K,2018-02-23,edgar/data/1308606/0001308606-18-000012.txt
TGI Solar Power Group Inc.,0001309056,10-K,2018-01-31,edgar/data/1309056/0001213900-18-001062.txt
WEX Inc.,0001309108,10-K,2018-03-01,edgar/data/1309108/0001309108-18-000013.txt
Aspect FuturesAccess LLC,0001309132,10-K,2018-03-19,edgar/data/1309132/0001104659-18-018530.txt
ML Winton FuturesAccess LLC,0001309136,10-K,2018-03-19,edgar/data/1309136/0001104659-18-018532.txt
Green Plains Inc.,0001309402,10-K,2018-02-14,edgar/data/1309402/0001309402-18-000045.txt
InsPro Technologies Corp,0001309442,10-K,2018-03-30,edgar/data/1309442/0001144204-18-018074.txt
SEARS HOLDINGS CORP,0001310067,10-K,2018-03-23,edgar/data/1310067/0001310067-18-000006.txt
"SERVICESOURCE INTERNATIONAL, INC.",0001310114,10-K,2018-03-02,edgar/data/1310114/0001310114-18-000014.txt
CABCO SERIES 2004-102 TRUST (SBC COMMUNICATIONS INC.),0001310227,10-K,2018-03-28,edgar/data/1310227/0001193125-18-098784.txt
"Summit Healthcare REIT, Inc",0001310383,10-K,2018-03-16,edgar/data/1310383/0001144204-18-015237.txt
"CenterPoint Energy Transition Bond CO II, LLC",0001310914,10-K,2018-03-27,edgar/data/1310914/0001193125-18-097759.txt
INTERMOLECULAR INC,0001311241,10-K,2018-03-02,edgar/data/1311241/0001564590-18-004255.txt
Lazard Ltd,0001311370,10-K,2018-02-27,edgar/data/1311370/0001564590-18-003288.txt
KLONDEX MINES LTD,0001311605,10-K,2018-03-14,edgar/data/1311605/0001311605-18-000018.txt
"Yacht Finders, Inc.",0001311673,10-K,2018-02-21,edgar/data/1311673/0001493152-18-002437.txt
BRIGHTCOVE INC,0001313275,10-K,2018-02-28,edgar/data/1313275/0001193125-18-063938.txt
SOTHERLY HOTELS LP,0001313536,10-K,2018-03-16,edgar/data/1313536/0001564590-18-006025.txt
"Jones Lang LaSalle Income Property Trust, Inc.",0001314152,10-K,2018-03-08,edgar/data/1314152/0001314152-18-000025.txt
"Amber Road, Inc.",0001314223,10-K,2018-03-09,edgar/data/1314223/0001314223-18-000002.txt
"Summer Infant, Inc.",0001314772,10-K,2018-02-20,edgar/data/1314772/0001047469-18-000901.txt
Ridgewood Energy O Fund LLC,0001315061,10-K,2018-03-09,edgar/data/1315061/0001214659-18-001994.txt
"GTT Communications, Inc.",0001315255,10-K,2018-03-01,edgar/data/1315255/0001315255-18-000023.txt
Koppers Holdings Inc.,0001315257,10-K,2018-02-27,edgar/data/1315257/0001564590-18-003507.txt
"PARKE BANCORP, INC.",0001315399,10-K,2018-03-15,edgar/data/1315399/0001315399-18-000002.txt
AQUANTIA CORP,0001316016,10-K,2018-03-07,edgar/data/1316016/0001564590-18-004736.txt
Anthera Pharmaceuticals Inc,0001316175,10-K,2018-03-05,edgar/data/1316175/0001214659-18-001789.txt
"Kandi Technologies Group, Inc.",0001316517,10-K,2018-03-16,edgar/data/1316517/0001213900-18-003097.txt
"Builders FirstSource, Inc.",0001316835,10-K,2018-03-01,edgar/data/1316835/0001564590-18-004035.txt
"JAMBA, INC.",0001316898,10-K,2018-02-12,edgar/data/1316898/0001564590-18-001797.txt
Federal Home Loan Bank of San Francisco,0001316944,10-K,2018-03-09,edgar/data/1316944/0001316944-18-000051.txt
ITC Holdings Corp.,0001317630,10-K,2018-02-15,edgar/data/1317630/0001317630-18-000005.txt
"Omega Flex, Inc.",0001317945,10-K,2018-03-05,edgar/data/1317945/0001493152-18-002916.txt
Zumiez Inc,0001318008,10-K,2018-03-19,edgar/data/1318008/0001564590-18-006189.txt
"Core-Mark Holding Company, Inc.",0001318084,10-K,2018-03-01,edgar/data/1318084/0001318084-18-000013.txt
"Waste Connections, Inc.",0001318220,10-K,2018-02-15,edgar/data/1318220/0001144204-18-009150.txt
Madison Technologies Inc.,0001318268,10-K,2018-03-29,edgar/data/1318268/0001493152-18-004163.txt
SHOAL GAMES LTD.,0001318482,10-K,2018-03-21,edgar/data/1318482/0001318482-18-000001.txt
Everi Holdings Inc.,0001318568,10-K,2018-03-16,edgar/data/1318568/0001564590-18-005916.txt
"Tesla, Inc.",0001318605,10-K,2018-02-23,edgar/data/1318605/0001564590-18-002956.txt
CLEVELAND BIOLABS INC,0001318641,10-K,2018-03-06,edgar/data/1318641/0001318641-18-000005.txt
NCL CORP Ltd.,0001318742,10-K,2018-02-27,edgar/data/1318742/0001144204-18-011140.txt
TransMontaigne Partners L.P.,0001319229,10-K,2018-03-15,edgar/data/1319229/0001558370-18-002091.txt
Lode-Star Mining Inc.,0001319643,10-K,2018-03-27,edgar/data/1319643/0001654954-18-003222.txt
DSW Inc.,0001319947,10-K,2018-03-23,edgar/data/1319947/0001319947-18-000008.txt
SELECT MEDICAL HOLDINGS CORP,0001320414,10-K,2018-02-22,edgar/data/1320414/0001628280-18-002017.txt
Cooper-Standard Holdings Inc.,0001320461,10-K,2018-02-20,edgar/data/1320461/0001320461-18-000004.txt
"TreeHouse Foods, Inc.",0001320695,10-K,2018-02-20,edgar/data/1320695/0001564590-18-002405.txt
"TSS, Inc.",0001320760,10-K,2018-03-23,edgar/data/1320760/0001437749-18-005336.txt
"FreightCar America, Inc.",0001320854,10-K,2018-03-09,edgar/data/1320854/0001193125-18-077273.txt
Kraton Corp,0001321646,10-K,2018-02-21,edgar/data/1321646/0001321646-18-000022.txt
Penumbra Inc,0001321732,10-K,2018-02-27,edgar/data/1321732/0001321732-18-000038.txt
Data Call Technologies,0001321828,10-K,2018-03-08,edgar/data/1321828/0001295345-18-000009.txt
Eagle Bulk Shipping Inc.,0001322439,10-K,2018-03-12,edgar/data/1322439/0001628280-18-003092.txt
"ALBIREO PHARMA, INC.",0001322505,10-K,2018-03-27,edgar/data/1322505/0001564590-18-006847.txt
GLOBAL PARTNERS LP,0001323468,10-K,2018-03-09,edgar/data/1323468/0001558370-18-001788.txt
Community Bankers Trust Corp,0001323648,10-K,2018-03-15,edgar/data/1323648/0001144204-18-014874.txt
"AtriCure, Inc.",0001323885,10-K,2018-02-28,edgar/data/1323885/0001323885-18-000017.txt
HEXION INC.,0000013239,10-K,2018-03-02,edgar/data/13239/0000013239-18-000007.txt
Orchids Paper Products CO /DE,0001324189,10-K,2018-03-16,edgar/data/1324189/0001144204-18-015287.txt
"Ruths Hospitality Group, Inc.",0001324272,10-K,2018-03-16,edgar/data/1324272/0001564590-18-005966.txt
"CF Industries Holdings, Inc.",0001324404,10-K,2018-02-22,edgar/data/1324404/0001324404-18-000006.txt
Guaranty Bancorp,0001324410,10-K,2018-02-28,edgar/data/1324410/0001324410-18-000015.txt
"Expedia, Inc.",0001324424,10-K,2018-02-09,edgar/data/1324424/0001324424-18-000006.txt
KAPSTONE PAPER & PACKAGING CORP,0001325281,10-K,2018-02-23,edgar/data/1325281/0001047469-18-001015.txt
IRADIMED CORP,0001325618,10-K,2018-03-08,edgar/data/1325618/0001104659-18-015709.txt
Southern National Bancorp of Virginia Inc,0001325670,10-K,2018-03-16,edgar/data/1325670/0001144204-18-015227.txt
Ceres Tactical Commodity L.P.,0001325676,10-K,2018-03-28,edgar/data/1325676/0001193125-18-099283.txt
MAGNACHIP SEMICONDUCTOR Corp,0001325702,10-K,2018-02-22,edgar/data/1325702/0001193125-18-054078.txt
Federal Home Loan Bank of Des Moines,0001325814,10-K,2018-03-12,edgar/data/1325814/0001325814-18-000047.txt
Federal Home Loan Bank of Topeka,0001325878,10-K,2018-03-15,edgar/data/1325878/0001325878-18-000010.txt
AVEO PHARMACEUTICALS INC,0001325879,10-K,2018-03-13,edgar/data/1325879/0001564590-18-005386.txt
"Lightwave Logic, Inc.",0001325964,10-K,2018-03-16,edgar/data/1325964/0001553350-18-000222.txt
BlackRock Capital Investment Corp,0001326003,10-K,2018-03-07,edgar/data/1326003/0001564590-18-004708.txt
"NantKwest, Inc.",0001326110,10-K,2018-03-12,edgar/data/1326110/0001564590-18-005290.txt
Lazard Group LLC,0001326141,10-K,2018-02-27,edgar/data/1326141/0001564590-18-003289.txt
Duke Energy CORP,0001326160,10-K,2018-02-21,edgar/data/1326160/0001326160-18-000034.txt
GENCO SHIPPING & TRADING LTD,0001326200,10-K,2018-02-28,edgar/data/1326200/0001558370-18-001292.txt
AEI Income & Growth Fund 26 LLC,0001326321,10-K,2018-03-30,edgar/data/1326321/0001326321-18-000013.txt
"LINN ENERGY, INC.",0001326428,10-K,2018-02-27,edgar/data/1326428/0001326428-18-000009.txt
"NanoVibronix, Inc.",0001326706,10-K,2018-03-29,edgar/data/1326706/0001615774-18-002203.txt
Xencor Inc,0001326732,10-K,2018-02-28,edgar/data/1326732/0001558370-18-001202.txt
Federal Home Loan Bank of Cincinnati,0001326771,10-K,2018-03-15,edgar/data/1326771/0001326771-18-000009.txt
Facebook Inc,0001326801,10-K,2018-02-01,edgar/data/1326801/0001326801-18-000009.txt
"United States Oil Fund, LP",0001327068,10-K,2018-02-28,edgar/data/1327068/0001144204-18-011712.txt
"TrueCar, Inc.",0001327318,10-K,2018-03-01,edgar/data/1327318/0001327318-18-000019.txt
"Workday, Inc.",0001327811,10-K,2018-03-14,edgar/data/1327811/0001327811-18-000009.txt
Black Creek Diversified Property Fund Inc.,0001327978,10-K,2018-03-07,edgar/data/1327978/0001327978-18-000020.txt
Adamas Pharmaceuticals Inc,0001328143,10-K,2018-02-22,edgar/data/1328143/0001628280-18-002045.txt
PowerShares DB Commodity Index Tracking Fund,0001328237,10-K,2018-02-28,edgar/data/1328237/0001564590-18-003596.txt
BOISE CASCADE Co,0001328581,10-K,2018-02-26,edgar/data/1328581/0001328581-18-000012.txt
CURRENCYSHARES EURO TRUST,0001328598,10-K,2018-01-11,edgar/data/1328598/0001193125-18-008989.txt
"STRATS(SM) Trust For Goldman Sachs Capital I Securities, Series 2005-1",0001328989,10-K,2018-03-30,edgar/data/1328989/0001387131-18-001298.txt
Federal Home Loan Bank of New York,0001329842,10-K,2018-03-22,edgar/data/1329842/0001104659-18-019592.txt
Federal Home Loan Bank of Pittsburgh,0001330399,10-K,2018-03-08,edgar/data/1330399/0001330399-18-000004.txt
iShares Silver Trust,0001330568,10-K,2018-02-28,edgar/data/1330568/0001437749-18-003508.txt
Federal Home Loan Bank of Chicago,0001331451,10-K,2018-03-09,edgar/data/1331451/0001331451-18-000041.txt
Federal Home Loan Bank of Boston,0001331463,10-K,2018-03-16,edgar/data/1331463/0001331463-18-000056.txt
Federal Home Loan Bank of Atlanta,0001331465,10-K,2018-03-08,edgar/data/1331465/0001331465-18-000044.txt
HOME BANCSHARES INC,0001331520,10-K,2018-02-27,edgar/data/1331520/0001193125-18-059851.txt
Federal Home Loan Bank of Indianapolis,0001331754,10-K,2018-03-09,edgar/data/1331754/0001331754-18-000043.txt
Federal Home Loan Bank of Dallas,0001331757,10-K,2018-03-22,edgar/data/1331757/0001331757-18-000005.txt
"Fidelity National Financial, Inc.",0001331875,10-K,2018-02-23,edgar/data/1331875/0001331875-18-000015.txt
iShares S&P GSCI Commodity-Indexed Trust,0001332174,10-K,2018-02-28,edgar/data/1332174/0001437749-18-003509.txt
Brookdale Senior Living Inc.,0001332349,10-K,2018-02-22,edgar/data/1332349/0001332349-18-000033.txt
Resource Capital Corp.,0001332551,10-K,2018-03-16,edgar/data/1332551/0001332551-18-000009.txt
"NxStage Medical, Inc.",0001333170,10-K,2018-02-16,edgar/data/1333170/0001333170-18-000002.txt
MERCER INTERNATIONAL INC.,0001333274,10-K,2018-02-16,edgar/data/1333274/0001193125-18-048495.txt
"eHealth, Inc.",0001333493,10-K,2018-03-19,edgar/data/1333493/0001333493-18-000025.txt
Casa Systems Inc,0001333835,10-K,2018-03-07,edgar/data/1333835/0001564590-18-004630.txt
"Crocs, Inc.",0001334036,10-K,2018-02-28,edgar/data/1334036/0001628280-18-002437.txt
"Coda Octopus Group, Inc.",0001334325,10-K,2018-01-30,edgar/data/1334325/0001493152-18-001259.txt
"LIXTE BIOTECHNOLOGY HOLDINGS, INC.",0001335105,10-K,2018-03-23,edgar/data/1335105/0001493152-18-003806.txt
"Live Nation Entertainment, Inc.",0001335258,10-K,2018-02-27,edgar/data/1335258/0001335258-18-000023.txt
"Boardwalk Pipeline Partners, LP",0001336047,10-K,2018-02-15,edgar/data/1336047/0001336047-18-000019.txt
"Under Armour, Inc.",0001336917,10-K,2018-02-28,edgar/data/1336917/0001336917-18-000009.txt
"Leidos Holdings, Inc.",0001336920,10-K,2018-02-23,edgar/data/1336920/0001336920-18-000008.txt
"InfuSystem Holdings, Inc",0001337013,10-K,2018-03-19,edgar/data/1337013/0001437749-18-004975.txt
FutureFuel Corp.,0001337298,10-K,2018-03-16,edgar/data/1337298/0001437749-18-004879.txt
NSTAR ELECTRIC CO,0000013372,10-K,2018-02-26,edgar/data/13372/0000072741-18-000028.txt
AERIE PHARMACEUTICALS INC,0001337553,10-K,2018-03-01,edgar/data/1337553/0001628280-18-002651.txt
"ENVESTNET, INC.",0001337619,10-K,2018-02-28,edgar/data/1337619/0001558370-18-001307.txt
"DCP Midstream, LP",0001338065,10-K,2018-02-26,edgar/data/1338065/0001338065-18-000006.txt
RIDGEWOOD ENERGY Q FUND LLC,0001338474,10-K,2018-03-09,edgar/data/1338474/0001214659-18-001996.txt
POTLATCH CORP,0001338749,10-K,2018-02-16,edgar/data/1338749/0001564590-18-002349.txt
"CHIASMA, INC",0001339469,10-K,2018-03-20,edgar/data/1339469/0001193125-18-089176.txt
"H&E Equipment Services, Inc.",0001339605,10-K,2018-02-22,edgar/data/1339605/0001564590-18-002870.txt
STRATS SM TRUST FOR Goldman Sachs Cap I SEC SERIES 2005-3,0001339920,10-K,2018-03-30,edgar/data/1339920/0001387131-18-001300.txt
aTYR PHARMA INC,0001339970,10-K,2018-03-20,edgar/data/1339970/0001564590-18-006333.txt
Carbonite Inc,0001340127,10-K,2018-03-12,edgar/data/1340127/0001340127-18-000037.txt
"ChemoCentryx, Inc.",0001340652,10-K,2018-03-12,edgar/data/1340652/0001193125-18-079260.txt
"STRATS SM TRUST FOR WAL-MART STORES, INC. SECURITIES, SERIES 2005-4",0001340909,10-K,2018-03-30,edgar/data/1340909/0001387131-18-001302.txt
"CatchMark Timber Trust, Inc.",0001341141,10-K,2018-03-01,edgar/data/1341141/0001341141-18-000025.txt
"Aldeyra Therapeutics, Inc.",0001341235,10-K,2018-03-29,edgar/data/1341235/0001193125-18-102077.txt
"LAKE SHORE BANCORP, INC.",0001341318,10-K,2018-03-28,edgar/data/1341318/0001341318-18-000014.txt
"Celsius Holdings, Inc.",0001341766,10-K,2018-03-08,edgar/data/1341766/0001615774-18-001689.txt
Limoneira CO,0001342423,10-K,2018-01-08,edgar/data/1342423/0001144204-18-001288.txt
TWO RIVER BANCORP,0001343034,10-K,2018-03-15,edgar/data/1343034/0001343034-18-000017.txt
"STRATS(SM) TRUST FOR DOMINION RESOURCES, INC. SECURITIES, SERIES 2005-6",0001343491,10-K,2018-03-30,edgar/data/1343491/0001387131-18-001304.txt
"American Railcar Industries, Inc.",0001344596,10-K,2018-02-23,edgar/data/1344596/0001344596-18-000016.txt
"Alliance Holdings GP, L.P.",0001344980,10-K,2018-02-23,edgar/data/1344980/0001558370-18-000988.txt
YELP INC,0001345016,10-K,2018-02-28,edgar/data/1345016/0001628280-18-002519.txt
Compass Group Diversified Holdings LLC,0001345122,10-K,2018-02-28,edgar/data/1345122/0001345126-18-000014.txt
Compass Diversified Holdings,0001345126,10-K,2018-02-28,edgar/data/1345126/0001345126-18-000014.txt
"Cara Therapeutics, Inc.",0001346830,10-K,2018-03-15,edgar/data/1346830/0001564590-18-005879.txt
"Chaparral Energy, Inc.",0001346980,10-K,2018-03-29,edgar/data/1346980/0001564590-18-007003.txt
Vanda Pharmaceuticals Inc.,0001347178,10-K,2018-02-15,edgar/data/1347178/0001193125-18-046425.txt
"SYNERGY PHARMACEUTICALS, INC.",0001347613,10-K,2018-03-01,edgar/data/1347613/0001347613-18-000003.txt
"CorEnergy Infrastructure Trust, Inc.",0001347652,10-K,2018-02-28,edgar/data/1347652/0001347652-18-000021.txt
"22nd Century Group, Inc.",0001347858,10-K,2018-03-07,edgar/data/1347858/0001144204-18-013354.txt
VALIDUS HOLDINGS LTD,0001348259,10-K,2018-02-28,edgar/data/1348259/0001348259-18-000008.txt
"ENTERGY LOUISIANA, LLC",0001348952,10-K,2018-02-26,edgar/data/1348952/0000065984-18-000072.txt
SANDRIDGE ENERGY INC,0001349436,10-K,2018-02-22,edgar/data/1349436/0001349436-18-000008.txt
MS STRUCTURED TILES SERIES 2006-1,0001349577,10-K,2018-03-27,edgar/data/1349577/0000903423-18-000180.txt
"Ascent Solar Technologies, Inc.",0001350102,10-K,2018-03-29,edgar/data/1350102/0001350102-18-000006.txt
INNERWORKINGS INC,0001350381,10-K,2018-03-16,edgar/data/1350381/0001628280-18-003300.txt
"Alphatec Holdings, Inc.",0001350653,10-K,2018-03-09,edgar/data/1350653/0001564590-18-005156.txt
"Genesis Healthcare, Inc.",0001351051,10-K,2018-03-16,edgar/data/1351051/0001558370-18-002205.txt
ROSETTA STONE INC,0001351285,10-K,2018-03-07,edgar/data/1351285/0001351285-18-000038.txt
EDUCATION REALTY OPERATING PARTNERSHIP L P,0001351345,10-K,2018-02-27,edgar/data/1351345/0001302343-18-000049.txt
"SHOTSPOTTER, INC",0001351636,10-K,2018-03-28,edgar/data/1351636/0001564590-18-006972.txt
"EPAM Systems, Inc.",0001352010,10-K,2018-02-27,edgar/data/1352010/0001352010-18-000011.txt
RIDGEWOOD ENERGY S FUND LLC,0001352190,10-K,2018-03-09,edgar/data/1352190/0001214659-18-001997.txt
Accelerize Inc.,0001352952,10-K,2018-03-27,edgar/data/1352952/0001437749-18-005587.txt
"STRATS(SM) Trust for Procter & Gamble Securities, Series 2006-1",0001353226,10-K,2018-03-30,edgar/data/1353226/0001387131-18-001310.txt
MANAGED FUTURES PREMIER WARRINGTON L.P.,0001353282,10-K,2018-03-27,edgar/data/1353282/0001564590-18-006830.txt
SPLUNK INC,0001353283,10-K,2018-03-30,edgar/data/1353283/0001353283-18-000004.txt
Max Sound Corp,0001353499,10-K,2018-03-30,edgar/data/1353499/0001353499-18-000014.txt
CURRENCYSHARES BRITISH POUND STERLING TRUST,0001353611,10-K,2018-01-11,edgar/data/1353611/0001193125-18-008971.txt
CURRENCYSHARES CANADIAN DOLLAR TRUST,0001353612,10-K,2018-01-11,edgar/data/1353612/0001193125-18-008979.txt
CURRENCYSHARES JAPANESE YEN TRUST,0001353613,10-K,2018-01-11,edgar/data/1353613/0001193125-18-008992.txt
CURRENCYSHARES AUSTRALIAN DOLLAR TRUST,0001353614,10-K,2018-01-11,edgar/data/1353614/0001193125-18-008958.txt
CURRENCYSHARES SWISS FRANC TRUST,0001353615,10-K,2018-01-11,edgar/data/1353615/0001193125-18-009020.txt
CURRENCYSHARES SWEDISH KRONA TRUST,0001353616,10-K,2018-01-11,edgar/data/1353616/0001193125-18-009011.txt
China XD Plastics Co Ltd,0001353970,10-K,2018-03-16,edgar/data/1353970/0001079973-18-000166.txt
"SBT Bancorp, Inc.",0001354174,10-K,2018-03-29,edgar/data/1354174/0001437749-18-005817.txt
"PGT Innovations, Inc.",0001354327,10-K,2018-03-14,edgar/data/1354327/0001193125-18-082384.txt
PPLUS Trust Series RRD-1,0001354371,10-K,2018-03-21,edgar/data/1354371/0001174947-18-000436.txt
PowerShares DB G10 Currency Harvest Fund,0001354730,10-K,2018-02-28,edgar/data/1354730/0001564590-18-003606.txt
Security Devices International Inc.,0001354866,10-K,2018-03-15,edgar/data/1354866/0001062993-18-001206.txt
REALOGY GROUP LLC,0001355001,10-K,2018-02-27,edgar/data/1355001/0001398987-18-000017.txt
Liberty Interactive Corp,0001355096,10-K,2018-03-01,edgar/data/1355096/0001558370-18-001400.txt
INSTRUCTURE INC,0001355754,10-K,2018-02-15,edgar/data/1355754/0001564590-18-002204.txt
"PeerStream, Inc.",0001355839,10-K,2018-03-22,edgar/data/1355839/0001213900-18-003303.txt
INTREXON CORP,0001356090,10-K,2018-03-01,edgar/data/1356090/0001356090-18-000002.txt
"CREATIVE REALITIES, INC.",0001356093,10-K,2018-03-26,edgar/data/1356093/0001213900-18-003396.txt
"Mellanox Technologies, Ltd.",0001356104,10-K,2018-02-16,edgar/data/1356104/0001356104-18-000010.txt
"STRATS(SM) Trust for Goldman Sachs Group Securities, Series 2006-2",0001356284,10-K,2018-03-30,edgar/data/1356284/0001387131-18-001312.txt
SUPERNUS PHARMACEUTICALS INC,0001356576,10-K,2018-03-01,edgar/data/1356576/0001047469-18-001210.txt
Houston Wire & Cable CO,0001356949,10-K,2018-03-16,edgar/data/1356949/0001615774-18-001948.txt
"DUNKIN' BRANDS GROUP, INC.",0001357204,10-K,2018-02-26,edgar/data/1357204/0001357204-18-000018.txt
American Campus Communities Operating Partnership LP,0001357369,10-K,2018-03-01,edgar/data/1357369/0001283630-18-000024.txt
"KBR, INC.",0001357615,10-K,2018-02-23,edgar/data/1357615/0001357615-18-000033.txt
"STRATS(SM) Trust for Allstate Corp Securities, Series 2006-3",0001357660,10-K,2018-03-30,edgar/data/1357660/0001387131-18-001315.txt
CONCHO RESOURCES INC,0001358071,10-K,2018-02-21,edgar/data/1358071/0001358071-18-000008.txt
"Porter Bancorp, Inc.",0001358356,10-K,2018-02-28,edgar/data/1358356/0001437749-18-003527.txt
"BELLICUM PHARMACEUTICALS, INC",0001358403,10-K,2018-03-13,edgar/data/1358403/0001358403-18-000037.txt
REATA PHARMACEUTICALS INC,0001358762,10-K,2018-03-02,edgar/data/1358762/0001564590-18-004193.txt
LEGACY RESERVES LP,0001358831,10-K,2018-02-23,edgar/data/1358831/0001358831-18-000007.txt
Pendrell Corp,0001359555,10-K,2018-02-16,edgar/data/1359555/0001564590-18-002331.txt
Hanesbrands Inc.,0001359841,10-K,2018-02-09,edgar/data/1359841/0001359841-18-000018.txt
PROTEON THERAPEUTICS INC,0001359931,10-K,2018-03-14,edgar/data/1359931/0001171843-18-001934.txt
"Imprimis Pharmaceuticals, Inc.",0001360214,10-K,2018-03-08,edgar/data/1360214/0001493152-18-003095.txt
"Vitamin Shoppe, Inc.",0001360530,10-K,2018-02-27,edgar/data/1360530/0001360530-18-000012.txt
"HEALTHCARE TRUST OF AMERICA, INC.",0001360604,10-K,2018-02-20,edgar/data/1360604/0001360604-18-000018.txt
"OSIRIS THERAPEUTICS, INC.",0001360886,10-K,2018-03-28,edgar/data/1360886/0001047469-18-002273.txt
Evercore Inc.,0001360901,10-K,2018-02-23,edgar/data/1360901/0001360901-18-000006.txt
DCP Holding CO,0001361025,10-K,2018-03-30,edgar/data/1361025/0001437749-18-005888.txt
VARONIS SYSTEMS INC,0001361113,10-K,2018-02-13,edgar/data/1361113/0001171843-18-001113.txt
Primoris Services Corp,0001361538,10-K,2018-02-26,edgar/data/1361538/0001558370-18-001107.txt
WYNDHAM WORLDWIDE CORP,0001361658,10-K,2018-02-20,edgar/data/1361658/0001361658-18-000003.txt
ORBCOMM Inc.,0001361983,10-K,2018-03-01,edgar/data/1361983/0001564590-18-003995.txt
"ICF International, Inc.",0001362004,10-K,2018-02-28,edgar/data/1362004/0001564590-18-003648.txt
Allegiant Travel CO,0001362468,10-K,2018-03-01,edgar/data/1362468/0001362468-18-000008.txt
"Cleartronic, Inc.",0001362516,10-K,2018-01-16,edgar/data/1362516/0001091818-18-000006.txt
Sanchez Midstream Partners LP,0001362705,10-K,2018-03-12,edgar/data/1362705/0001558370-18-001824.txt
Aircastle LTD,0001362988,10-K,2018-02-13,edgar/data/1362988/0001362988-18-000067.txt
"MV Portfolios, Inc.",0001363573,10-K,2018-03-28,edgar/data/1363573/0001580695-18-000168.txt
Enstar Group LTD,0001363829,10-K,2018-02-28,edgar/data/1363829/0001363829-18-000026.txt
"WESTERN CAPITAL RESOURCES, INC.",0001363958,10-K,2018-03-29,edgar/data/1363958/0001615774-18-002185.txt
"Innophos Holdings, Inc.",0001364099,10-K,2018-03-01,edgar/data/1364099/0001364099-18-000004.txt
Douglas Emmett Inc,0001364250,10-K,2018-02-16,edgar/data/1364250/0001364250-18-000007.txt
RIDGEWOOD ENERGY T FUND LLC,0001364397,10-K,2018-03-09,edgar/data/1364397/0001214659-18-002003.txt
HERC HOLDINGS INC,0001364479,10-K,2018-02-28,edgar/data/1364479/0001364479-18-000005.txt
BlackRock Inc.,0001364742,10-K,2018-02-28,edgar/data/1364742/0001564590-18-003744.txt
"Spirit AeroSystems Holdings, Inc.",0001364885,10-K,2018-02-09,edgar/data/1364885/0001628280-18-001356.txt
"CHEGG, INC",0001364954,10-K,2018-02-26,edgar/data/1364954/0001364954-18-000039.txt
IMPERVA INC,0001364962,10-K,2018-02-23,edgar/data/1364962/0001564590-18-003043.txt
LEAF GROUP LTD.,0001365038,10-K,2018-03-01,edgar/data/1365038/0001558370-18-001395.txt
Primo Water Corp,0001365101,10-K,2018-03-07,edgar/data/1365101/0001437749-18-004109.txt
Western Union CO,0001365135,10-K,2018-02-22,edgar/data/1365135/0001365135-18-000013.txt
"Amtrust Financial Services, Inc.",0001365555,10-K,2018-03-16,edgar/data/1365555/0001365555-18-000052.txt
GLU MOBILE INC,0001366246,10-K,2018-03-09,edgar/data/1366246/0001558370-18-001808.txt
"FINJAN HOLDINGS, INC.",0001366340,10-K,2018-03-14,edgar/data/1366340/0001366340-18-000013.txt
HOMELAND ENERGY SOLUTIONS LLC,0001366744,10-K,2018-03-02,edgar/data/1366744/0001366744-18-000007.txt
"Globalstar, Inc.",0001366868,10-K,2018-02-23,edgar/data/1366868/0001366868-18-000007.txt
AEP Texas Central Transition Funding II LLC,0001366928,10-K,2018-03-23,edgar/data/1366928/0001366928-18-000004.txt
"Archrock Partners, L.P.",0001367064,10-K,2018-02-22,edgar/data/1367064/0001367064-18-000006.txt
PowerShares DB Multi-Sector Commodity Trust,0001367306,10-K,2018-02-28,edgar/data/1367306/0001564590-18-003592.txt
PowerShares DB Multi-Sector Commodity Trust,0001367306,10-K,2018-02-28,edgar/data/1367306/0001564590-18-003593.txt
PowerShares DB Multi-Sector Commodity Trust,0001367306,10-K,2018-02-28,edgar/data/1367306/0001564590-18-003594.txt
PowerShares DB Multi-Sector Commodity Trust,0001367306,10-K,2018-02-28,edgar/data/1367306/0001564590-18-003600.txt
PowerShares DB Multi-Sector Commodity Trust,0001367306,10-K,2018-02-28,edgar/data/1367306/0001564590-18-003607.txt
PowerShares DB Multi-Sector Commodity Trust,0001367306,10-K,2018-02-28,edgar/data/1367306/0001564590-18-003614.txt
PowerShares DB Multi-Sector Commodity Trust,0001367306,10-K,2018-02-28,edgar/data/1367306/0001564590-18-003615.txt
Emergent BioSolutions Inc.,0001367644,10-K,2018-02-23,edgar/data/1367644/0001367644-18-000014.txt
"CONCERT PHARMACEUTICALS, INC.",0001367920,10-K,2018-03-01,edgar/data/1367920/0001367920-18-000012.txt
"ATHERSYS, INC / NEW",0001368148,10-K,2018-03-15,edgar/data/1368148/0001193125-18-084081.txt
Clean Energy Fuels Corp.,0001368265,10-K,2018-03-13,edgar/data/1368265/0001368265-18-000010.txt
"ADMA BIOLOGICS, INC.",0001368514,10-K,2018-03-29,edgar/data/1368514/0001193805-18-000470.txt
"GTJ REIT, Inc.",0001368757,10-K,2018-03-29,edgar/data/1368757/0001564590-18-007123.txt
"Start Scientific, Inc.",0001368761,10-K,2018-02-16,edgar/data/1368761/0001391609-18-000028.txt
MYOMO INC,0001369290,10-K,2018-03-12,edgar/data/1369290/0001193125-18-079222.txt
"CATALYST PHARMACEUTICALS, INC.",0001369568,10-K,2018-03-14,edgar/data/1369568/0001193125-18-082292.txt
ANAPTYSBIO INC,0001370053,10-K,2018-03-05,edgar/data/1370053/0001370053-18-000014.txt
"Willdan Group, Inc.",0001370450,10-K,2018-03-09,edgar/data/1370450/0001558370-18-001811.txt
ETSY INC,0001370637,10-K,2018-03-01,edgar/data/1370637/0001370637-18-000020.txt
QUANTENNA COMMUNICATIONS INC,0001370702,10-K,2018-02-28,edgar/data/1370702/0001370702-18-000004.txt
"Special Value Continuation Partners, LP",0001370754,10-K,2018-02-27,edgar/data/1370754/0001370754-18-000004.txt
TCP Capital Corp.,0001370755,10-K,2018-02-27,edgar/data/1370755/0001370755-18-000012.txt
"FireEye, Inc.",0001370880,10-K,2018-02-23,edgar/data/1370880/0001370880-18-000011.txt
Owens Corning,0001370946,10-K,2018-02-21,edgar/data/1370946/0001370946-18-000010.txt
BioSolar Inc,0001371128,10-K,2018-03-19,edgar/data/1371128/0001213900-18-003145.txt
TRUPANION INC.,0001371285,10-K,2018-02-14,edgar/data/1371285/0001371285-18-000014.txt
HIGHWATER ETHANOL LLC,0001371451,10-K,2018-01-24,edgar/data/1371451/0001371451-18-000004.txt
Information Services Group Inc.,0001371489,10-K,2018-03-16,edgar/data/1371489/0001558370-18-002157.txt
PowerShares DB US Dollar Index Trust,0001371571,10-K,2018-02-28,edgar/data/1371571/0001564590-18-003618.txt
PowerShares DB US Dollar Index Trust,0001371571,10-K,2018-02-28,edgar/data/1371571/0001564590-18-003668.txt
MV Oil Trust,0001371782,10-K,2018-03-14,edgar/data/1371782/0001047469-18-001644.txt
Great Lakes Dredge & Dock CORP,0001372020,10-K,2018-03-01,edgar/data/1372020/0001564590-18-003940.txt
HISTOGENICS CORP,0001372299,10-K,2018-03-15,edgar/data/1372299/0001564590-18-005711.txt
"AEROHIVE NETWORKS, INC",0001372414,10-K,2018-02-23,edgar/data/1372414/0001372414-18-000007.txt
EYEGATE PHARMACEUTICALS INC,0001372514,10-K,2018-03-02,edgar/data/1372514/0001144204-18-012542.txt
BOX INC,0001372612,10-K,2018-03-22,edgar/data/1372612/0001564590-18-006572.txt
"KCAP Financial, Inc.",0001372807,10-K,2018-03-07,edgar/data/1372807/0001144204-18-013345.txt
"STRATS Trust For News Corp. Securities, Series 2006-4",0001373206,10-K,2018-03-30,edgar/data/1373206/0001387131-18-001306.txt
"Green Brick Partners, Inc.",0001373670,10-K,2018-03-12,edgar/data/1373670/0001373670-18-000015.txt
TETRAPHASE PHARMACEUTICALS INC,0001373707,10-K,2018-03-06,edgar/data/1373707/0001564590-18-004528.txt
"ServiceNow, Inc.",0001373715,10-K,2018-02-28,edgar/data/1373715/0001373715-18-000058.txt
"Cboe Global Markets, Inc.",0001374310,10-K,2018-02-22,edgar/data/1374310/0001558370-18-000953.txt
Altra Industrial Motion Corp.,0001374535,10-K,2018-02-23,edgar/data/1374535/0001564590-18-003056.txt
"MULESOFT, INC",0001374684,10-K,2018-02-22,edgar/data/1374684/0001374684-18-000006.txt
"ZAFGEN, INC.",0001374690,10-K,2018-03-09,edgar/data/1374690/0001193125-18-077456.txt
"ZOGENIX, INC.",0001375151,10-K,2018-03-06,edgar/data/1375151/0001375151-18-000006.txt
UR-ENERGY INC,0001375205,10-K,2018-03-02,edgar/data/1375205/0001558370-18-001465.txt
"Telaria, Inc.",0001375796,10-K,2018-03-02,edgar/data/1375796/0001628280-18-002676.txt
CVR ENERGY INC,0001376139,10-K,2018-02-26,edgar/data/1376139/0001376139-18-000016.txt
"United States Natural Gas Fund, LP",0001376227,10-K,2018-02-28,edgar/data/1376227/0001144204-18-011710.txt
Rockies Region 2006 Limited Partnership,0001376912,10-K,2018-03-29,edgar/data/1376912/0001376912-18-000005.txt
"Protagonist Therapeutics, Inc",0001377121,10-K,2018-03-07,edgar/data/1377121/0001558370-18-001637.txt
CareView Communications Inc,0001377149,10-K,2018-03-30,edgar/data/1377149/0001387131-18-001293.txt
"Financial Gravity Companies, Inc.",0001377167,10-K,2018-02-20,edgar/data/1377167/0001683168-18-000456.txt
Ridgewood Energy U Fund LLC,0001377178,10-K,2018-03-09,edgar/data/1377178/0001214659-18-002001.txt
"National CineMedia, Inc.",0001377630,10-K,2018-03-19,edgar/data/1377630/0001564590-18-006130.txt
"ICON LEASING FUND TWELVE, LLC",0001377848,10-K,2018-03-30,edgar/data/1377848/0001377848-18-000002.txt
TRAVELCENTERS OF AMERICA LLC,0001378453,10-K,2018-02-28,edgar/data/1378453/0001378453-18-000009.txt
"Cellular Biomedicine Group, Inc.",0001378624,10-K,2018-03-05,edgar/data/1378624/0001654954-18-002152.txt
"People's United Financial, Inc.",0001378946,10-K,2018-03-01,edgar/data/1378946/0001193125-18-067489.txt
"U.S. Auto Parts Network, Inc.",0001378950,10-K,2018-03-14,edgar/data/1378950/0001628280-18-003196.txt
"Employers Holdings, Inc.",0001379041,10-K,2018-03-01,edgar/data/1379041/0001379041-18-000030.txt
"Corporate Backed Callable Trust Certificates, J.C. Penny Debenture-Backed Series 2006-1 Trust",0001379404,10-K,2018-03-28,edgar/data/1379404/0001019965-18-000108.txt
WisdomTree Continuous Commodity Index Master Fund,0001379527,10-K,2018-02-28,edgar/data/1379527/0001193125-18-063946.txt
WisdomTree Continuous Commodity Index Fund,0001379606,10-K,2018-02-28,edgar/data/1379606/0001193125-18-063946.txt
Targa Resources Partners LP,0001379661,10-K,2018-02-16,edgar/data/1379661/0001564590-18-002343.txt
Triangle Capital CORP,0001379785,10-K,2018-02-28,edgar/data/1379785/0001379785-18-000014.txt
DYNEGY INC.,0001379895,10-K,2018-02-22,edgar/data/1379895/0001379895-18-000003.txt
"HFF, Inc.",0001380509,10-K,2018-02-28,edgar/data/1380509/0001193125-18-064332.txt
"TriState Capital Holdings, Inc.",0001380846,10-K,2018-02-23,edgar/data/1380846/0001380846-18-000007.txt
"Interactive Brokers Group, Inc.",0001381197,10-K,2018-03-01,edgar/data/1381197/0001047469-18-001166.txt
Domtar CORP,0001381531,10-K,2018-02-23,edgar/data/1381531/0001564590-18-002964.txt
"US Highland, Inc.",0001381871,10-K,2018-02-13,edgar/data/1381871/0001477932-18-000790.txt
"TRXADE GROUP, INC.",0001382574,10-K,2018-03-02,edgar/data/1382574/0001078782-18-000252.txt
Redfin Corp,0001382821,10-K,2018-02-22,edgar/data/1382821/0001382821-18-000008.txt
POWERSHARES DB SILVER FUND,0001383054,10-K,2018-02-28,edgar/data/1383054/0001564590-18-003607.txt
PowerShares DB Gold Fund,0001383055,10-K,2018-02-28,edgar/data/1383055/0001564590-18-003614.txt
PowerShares DB Precious Metals Fund,0001383057,10-K,2018-02-28,edgar/data/1383057/0001564590-18-003600.txt
PowerShares DB Oil Fund,0001383058,10-K,2018-02-28,edgar/data/1383058/0001564590-18-003594.txt
PowerShares DB Energy Fund,0001383062,10-K,2018-02-28,edgar/data/1383062/0001564590-18-003593.txt
POWERSHARES DB AGRICULTURE FUND,0001383082,10-K,2018-02-28,edgar/data/1383082/0001564590-18-003592.txt
POWERSHARES DB BASE METALS FUND,0001383084,10-K,2018-02-28,edgar/data/1383084/0001564590-18-003615.txt
SANTANDER DRIVE AUTO RECEIVABLES LLC,0001383094,10-K,2018-03-30,edgar/data/1383094/0001193125-18-102384.txt
SANTANDER DRIVE AUTO RECEIVABLES LLC,0001383094,10-K,2018-03-30,edgar/data/1383094/0001193125-18-102395.txt
SANTANDER DRIVE AUTO RECEIVABLES LLC,0001383094,10-K,2018-03-30,edgar/data/1383094/0001193125-18-102399.txt
SANTANDER DRIVE AUTO RECEIVABLES LLC,0001383094,10-K,2018-03-30,edgar/data/1383094/0001193125-18-102401.txt
SANTANDER DRIVE AUTO RECEIVABLES LLC,0001383094,10-K,2018-03-30,edgar/data/1383094/0001193125-18-102403.txt
SANTANDER DRIVE AUTO RECEIVABLES LLC,0001383094,10-K,2018-03-30,edgar/data/1383094/0001193125-18-102454.txt
SANTANDER DRIVE AUTO RECEIVABLES LLC,0001383094,10-K,2018-03-30,edgar/data/1383094/0001193125-18-102459.txt
SANTANDER DRIVE AUTO RECEIVABLES LLC,0001383094,10-K,2018-03-30,edgar/data/1383094/0001193125-18-102460.txt
SANTANDER DRIVE AUTO RECEIVABLES LLC,0001383094,10-K,2018-03-30,edgar/data/1383094/0001193125-18-102462.txt
SANTANDER DRIVE AUTO RECEIVABLES LLC,0001383094,10-K,2018-03-30,edgar/data/1383094/0001193125-18-102464.txt
SANTANDER DRIVE AUTO RECEIVABLES LLC,0001383094,10-K,2018-03-30,edgar/data/1383094/0001193125-18-102465.txt
SANTANDER DRIVE AUTO RECEIVABLES LLC,0001383094,10-K,2018-03-30,edgar/data/1383094/0001193125-18-102475.txt
SANTANDER DRIVE AUTO RECEIVABLES LLC,0001383094,10-K,2018-03-30,edgar/data/1383094/0001193125-18-102476.txt
SANTANDER DRIVE AUTO RECEIVABLES LLC,0001383094,10-K,2018-03-30,edgar/data/1383094/0001193125-18-102477.txt
SANTANDER DRIVE AUTO RECEIVABLES LLC,0001383094,10-K,2018-03-30,edgar/data/1383094/0001193125-18-102481.txt
SANTANDER DRIVE AUTO RECEIVABLES LLC,0001383094,10-K,2018-03-30,edgar/data/1383094/0001193125-18-102483.txt
SANTANDER DRIVE AUTO RECEIVABLES LLC,0001383094,10-K,2018-03-30,edgar/data/1383094/0001193125-18-102490.txt
SANTANDER DRIVE AUTO RECEIVABLES LLC,0001383094,10-K,2018-03-30,edgar/data/1383094/0001193125-18-102498.txt
SANTANDER DRIVE AUTO RECEIVABLES LLC,0001383094,10-K,2018-03-30,edgar/data/1383094/0001193125-18-102499.txt
SANTANDER DRIVE AUTO RECEIVABLES LLC,0001383094,10-K,2018-03-30,edgar/data/1383094/0001193125-18-102505.txt
POWERSHARES DB US DOLLAR INDEX BEARISH FUND,0001383149,10-K,2018-02-28,edgar/data/1383149/0001564590-18-003618.txt
PowerShares DB US Dollar Index Bullish Fund,0001383151,10-K,2018-02-28,edgar/data/1383151/0001564590-18-003616.txt
TRANSACT ENERGY CORP,0001383394,10-K,2018-01-23,edgar/data/1383394/0001078782-18-000057.txt
"Cheniere Energy Partners, L.P.",0001383650,10-K,2018-02-21,edgar/data/1383650/0001383650-18-000005.txt
Conatus Pharmaceuticals Inc.,0001383701,10-K,2018-03-08,edgar/data/1383701/0001564590-18-004914.txt
"Vanguard Natural Resources, Inc.",0001384072,10-K,2018-03-21,edgar/data/1384072/0001384072-18-000020.txt
"VERACYTE, INC.",0001384101,10-K,2018-02-27,edgar/data/1384101/0001384101-18-000006.txt
"RING ENERGY, INC.",0001384195,10-K,2018-03-15,edgar/data/1384195/0001144204-18-014905.txt
RingCentral Inc,0001384905,10-K,2018-02-26,edgar/data/1384905/0001564590-18-003245.txt
"Cinemark Holdings, Inc.",0001385280,10-K,2018-02-23,edgar/data/1385280/0001564590-18-002969.txt
Monotype Imaging Holdings Inc.,0001385292,10-K,2018-02-27,edgar/data/1385292/0001193125-18-060842.txt
"Creative Waste Solutions, Inc.",0001385329,10-K,2018-01-16,edgar/data/1385329/0001477932-18-000214.txt
"GREENLIGHT CAPITAL RE, LTD.",0001385613,10-K,2018-02-20,edgar/data/1385613/0001385613-18-000013.txt
RIDGEWOOD ENERGY V FUND LLC,0001385662,10-K,2018-03-09,edgar/data/1385662/0001214659-18-002004.txt
Advanced Biomedical Technologies Inc.,0001385799,10-K,2018-02-13,edgar/data/1385799/0001493152-18-001918.txt
ENERGY FUELS INC,0001385849,10-K,2018-03-12,edgar/data/1385849/0001385849-18-000018.txt
Coupa Software Inc,0001385867,10-K,2018-03-28,edgar/data/1385867/0001564590-18-006986.txt
CERES ABINGDON L.P.,0001386164,10-K,2018-03-28,edgar/data/1386164/0001193125-18-099192.txt
GREEN DOT CORP,0001386278,10-K,2018-02-27,edgar/data/1386278/0001386278-18-000013.txt
ChromaDex Corp.,0001386570,10-K,2018-03-15,edgar/data/1386570/0001654954-18-002621.txt
"Lightstone Value Plus Real Estate Investment Trust V, Inc.",0001387061,10-K,2018-03-29,edgar/data/1387061/0001144204-18-017921.txt
AIRXPANDERS INC,0001387156,10-K,2018-02-28,edgar/data/1387156/0001437749-18-003460.txt
"Corporate Backed Callable Trust Certificates, J.C. Penney Debenture-Backed Series 2007-1 Trust",0001387637,10-K,2018-03-28,edgar/data/1387637/0001019965-18-000107.txt
"NEULION, INC.",0001387713,10-K,2018-03-29,edgar/data/1387713/0001214659-18-002492.txt
"Actinium Pharmaceuticals, Inc.",0001388320,10-K,2018-03-16,edgar/data/1388320/0001213900-18-003091.txt
"CAI International, Inc.",0001388430,10-K,2018-02-27,edgar/data/1388430/0001388430-18-000004.txt
"iRhythm Technologies, Inc.",0001388658,10-K,2018-03-01,edgar/data/1388658/0001564590-18-004080.txt
MARIN SOFTWARE INC,0001389002,10-K,2018-03-01,edgar/data/1389002/0001564590-18-003932.txt
"Archrock, Inc.",0001389050,10-K,2018-02-22,edgar/data/1389050/0001389050-18-000006.txt
Targa Resources Corp.,0001389170,10-K,2018-02-16,edgar/data/1389170/0001564590-18-002330.txt
"NovaBay Pharmaceuticals, Inc.",0001389545,10-K,2018-03-21,edgar/data/1389545/0001437749-18-005177.txt
FIRST PRIORITY FINANCIAL CORP.,0001389772,10-K,2018-03-23,edgar/data/1389772/0001564590-18-006661.txt
MS Structured SATURNS Series 2007-1,0001389936,10-K,2018-03-27,edgar/data/1389936/0000903423-18-000179.txt
Howard Bancorp Inc,0001390162,10-K,2018-03-15,edgar/data/1390162/0001144204-18-014840.txt
Corporate Property Associates 17 - Global INC,0001390213,10-K,2018-03-15,edgar/data/1390213/0001390213-18-000007.txt
"Bancorp of New Jersey, Inc.",0001390312,10-K,2018-03-16,edgar/data/1390312/0001558370-18-002196.txt
Bank of New York Mellon Corp,0001390777,10-K,2018-02-28,edgar/data/1390777/0001390777-18-000069.txt
WABCO Holdings Inc.,0001390844,10-K,2018-02-16,edgar/data/1390844/0001390844-18-000003.txt
"Limelight Networks, Inc.",0001391127,10-K,2018-02-08,edgar/data/1391127/0001391127-18-000016.txt
QUAINT OAK BANCORP INC,0001391933,10-K,2018-03-29,edgar/data/1391933/0000927089-18-000147.txt
"Blueknight Energy Partners, L.P.",0001392091,10-K,2018-03-08,edgar/data/1392091/0001392091-18-000031.txt
"Gevo, Inc.",0001392380,10-K,2018-03-28,edgar/data/1392380/0001564590-18-006978.txt
Green Planet Bio Engineering Co. Ltd.,0001392449,10-K,2018-03-08,edgar/data/1392449/0001654954-18-002291.txt
"Lightning Gaming, Inc.",0001392545,10-K,2018-03-28,edgar/data/1392545/0000890163-18-000015.txt
"Endurance Exploration Group, Inc.",0001392902,10-K,2018-03-29,edgar/data/1392902/0001511164-18-000189.txt
"PROS Holdings, Inc.",0001392972,10-K,2018-02-15,edgar/data/1392972/0001392972-18-000068.txt
"Invuity, Inc.",0001393020,10-K,2018-03-05,edgar/data/1393020/0001558370-18-001510.txt
VEEVA SYSTEMS INC,0001393052,10-K,2018-03-30,edgar/data/1393052/0001564590-18-007164.txt
Resolute Forest Products Inc.,0001393066,10-K,2018-03-01,edgar/data/1393066/0001393066-18-000003.txt
Public Storage,0001393311,10-K,2018-03-01,edgar/data/1393311/0001393311-18-000004.txt
MAN FRM MANAGED FUTURES STRATEGIES LLC,0001393359,10-K,2018-03-29,edgar/data/1393359/0001104659-18-021283.txt
"OCULAR THERAPEUTIX, INC",0001393434,10-K,2018-03-08,edgar/data/1393434/0001558370-18-001678.txt
Discover Financial Services,0001393612,10-K,2018-02-21,edgar/data/1393612/0001393612-18-000012.txt
TIPTREE INC.,0001393726,10-K,2018-03-14,edgar/data/1393726/0001393726-18-000013.txt
Blackstone Group L.P.,0001393818,10-K,2018-03-01,edgar/data/1393818/0001193125-18-067079.txt
"DHI GROUP, INC.",0001393883,10-K,2018-02-12,edgar/data/1393883/0001393883-18-000008.txt
ONE STOP SYSTEMS INC,0001394056,10-K,2018-03-21,edgar/data/1394056/0001564590-18-006453.txt
"Spectra Energy Partners, LP",0001394074,10-K,2018-02-16,edgar/data/1394074/0001394074-18-000004.txt
"Diversified Restaurant Holdings, Inc.",0001394156,10-K,2018-03-09,edgar/data/1394156/0001394156-18-000009.txt
"Tracon Pharmaceuticals, Inc.",0001394319,10-K,2018-03-01,edgar/data/1394319/0001564590-18-003925.txt
CREATIVE LEARNING Corp,0001394638,10-K,2018-01-04,edgar/data/1394638/0001615774-18-000094.txt
"ATEL 12, LLC",0001394922,10-K,2018-03-27,edgar/data/1394922/0001144204-18-016955.txt
DJO Finance LLC,0001395317,10-K,2018-03-16,edgar/data/1395317/0001564590-18-005909.txt
First Trinity Financial CORP,0001395585,10-K,2018-03-08,edgar/data/1395585/0001437749-18-004171.txt
ADESTO TECHNOLOGIES Corp,0001395848,10-K,2018-03-13,edgar/data/1395848/0001558370-18-001978.txt
Syndax Pharmaceuticals Inc,0001395937,10-K,2018-03-08,edgar/data/1395937/0001564590-18-004911.txt
"KAR Auction Services, Inc.",0001395942,10-K,2018-02-21,edgar/data/1395942/0001395942-18-000028.txt
Vulcan Materials CO,0001396009,10-K,2018-02-27,edgar/data/1396009/0001396009-18-000011.txt
"Lumber Liquidators Holdings, Inc.",0001396033,10-K,2018-02-27,edgar/data/1396033/0001144204-18-010939.txt
Main Street Capital CORP,0001396440,10-K,2018-02-23,edgar/data/1396440/0001047469-18-000997.txt
"CYS Investments, Inc.",0001396446,10-K,2018-02-15,edgar/data/1396446/0001396446-18-000023.txt
"Entergy Gulf States Reconstruction Funding I, LLC",0001396549,10-K,2018-03-22,edgar/data/1396549/0000065984-18-000103.txt
SUMMER ENERGY HOLDINGS INC,0001396633,10-K,2018-03-29,edgar/data/1396633/0001445866-18-000304.txt
First National Master Note Trust,0001396730,10-K,2018-03-29,edgar/data/1396730/0001193125-18-100929.txt
"Pacira Pharmaceuticals, Inc.",0001396814,10-K,2018-02-28,edgar/data/1396814/0001396814-18-000009.txt
"United States Diesel-Heating Oil Fund, LP",0001396877,10-K,2018-03-21,edgar/data/1396877/0001144204-18-016029.txt
"United States Gasoline Fund, LP",0001396878,10-K,2018-03-14,edgar/data/1396878/0001144204-18-014596.txt
"FlexShopper, Inc.",0001397047,10-K,2018-03-08,edgar/data/1397047/0001213900-18-002740.txt
lululemon athletica inc.,0001397187,10-K,2018-03-27,edgar/data/1397187/0001397187-18-000013.txt
IMH Financial Corp,0001397403,10-K,2018-03-29,edgar/data/1397403/0001397403-18-000004.txt
LPL Financial Holdings Inc.,0001397911,10-K,2018-02-21,edgar/data/1397911/0001397911-18-000011.txt
Genpact LTD,0001398659,10-K,2018-03-01,edgar/data/1398659/0001564590-18-004031.txt
REALOGY HOLDINGS CORP.,0001398987,10-K,2018-02-27,edgar/data/1398987/0001398987-18-000017.txt
"Pzena Investment Management, Inc.",0001399249,10-K,2018-03-09,edgar/data/1399249/0001399249-18-000012.txt
Dicerna Pharmaceuticals Inc,0001399529,10-K,2018-03-08,edgar/data/1399529/0001193125-18-075129.txt
Francesca's Holdings CORP,0001399935,10-K,2018-03-28,edgar/data/1399935/0001144204-18-017543.txt
"HCI Group, Inc.",0001400810,10-K,2018-03-07,edgar/data/1400810/0001193125-18-073515.txt
"FORUM ENERGY TECHNOLOGIES, INC.",0001401257,10-K,2018-02-27,edgar/data/1401257/0001401257-18-000060.txt
UNITED INSURANCE HOLDINGS CORP.,0001401521,10-K,2018-03-28,edgar/data/1401521/0001401521-18-000044.txt
"First Financial Northwest, Inc.",0001401564,10-K,2018-03-09,edgar/data/1401564/0000939057-18-000097.txt
"PUMA BIOTECHNOLOGY, INC.",0001401667,10-K,2018-03-09,edgar/data/1401667/0001564590-18-005152.txt
Cornerstone OnDemand Inc,0001401680,10-K,2018-02-27,edgar/data/1401680/0001401680-18-000004.txt
NanoString Technologies Inc,0001401708,10-K,2018-03-07,edgar/data/1401708/0001401708-18-000058.txt
"Dare Bioscience, Inc.",0001401914,10-K,2018-03-28,edgar/data/1401914/0001564590-18-006989.txt
CDW Corp,0001402057,10-K,2018-03-01,edgar/data/1402057/0001402057-18-000038.txt
Erin Energy Corp.,0001402281,10-K,2018-03-16,edgar/data/1402281/0001402281-18-000017.txt
SS&C Technologies Holdings Inc,0001402436,10-K,2018-02-28,edgar/data/1402436/0001564590-18-003827.txt
Her Imports,0001402453,10-K,2018-03-27,edgar/data/1402453/0001493152-18-003963.txt
MYOS RENS TECHNOLOGY INC.,0001402479,10-K,2018-03-27,edgar/data/1402479/0001213900-18-003522.txt
Orion Group Holdings Inc,0001402829,10-K,2018-03-13,edgar/data/1402829/0001402829-18-000003.txt
Och-Ziff Capital Management Group LLC,0001403256,10-K,2018-02-23,edgar/data/1403256/0001403256-18-000053.txt
"Heritage-Crystal Clean, Inc.",0001403431,10-K,2018-03-01,edgar/data/1403431/0001403431-18-000018.txt
Bank of Marin Bancorp,0001403475,10-K,2018-03-15,edgar/data/1403475/0001403475-18-000006.txt
"Oaktree Capital Group, LLC",0001403528,10-K,2018-02-23,edgar/data/1403528/0001403528-18-000009.txt
"GelTech Solutions, Inc.",0001403676,10-K,2018-03-26,edgar/data/1403676/0001553350-18-000246.txt
Evoke Pharma Inc,0001403708,10-K,2018-03-07,edgar/data/1403708/0001564590-18-004725.txt
Zymeworks Inc.,0001403752,10-K,2018-03-14,edgar/data/1403752/0001193125-18-082473.txt
"Nuverra Environmental Solutions, Inc.",0001403853,10-K,2018-03-16,edgar/data/1403853/0001403853-18-000006.txt
Atlantic Coast Financial CORP,0001404296,10-K,2018-03-16,edgar/data/1404296/0001144204-18-015207.txt
"Affinion Group Holdings, Inc.",0001404624,10-K,2018-03-01,edgar/data/1404624/0001564590-18-004158.txt
"AQUINOX PHARMACEUTICALS, INC",0001404644,10-K,2018-03-12,edgar/data/1404644/0001193125-18-079210.txt
HUBSPOT INC,0001404655,10-K,2018-02-13,edgar/data/1404655/0001564590-18-001962.txt
Omnitek Engineering Corp,0001404804,10-K,2018-03-30,edgar/data/1404804/0001445866-18-000309.txt
KKR & Co. L.P.,0001404912,10-K,2018-02-23,edgar/data/1404912/0001404912-18-000005.txt
"Energy XXI Gulf Coast, Inc.",0001404973,10-K,2018-03-21,edgar/data/1404973/0001558370-18-002298.txt
Momentive Performance Materials Inc.,0001405041,10-K,2018-02-27,edgar/data/1405041/0001405041-18-000004.txt
Approach Resources Inc,0001405073,10-K,2018-03-09,edgar/data/1405073/0001564590-18-005124.txt
"STRATS (SM) Trust for Ambac Financial Group, Inc. Securities, Series 2007-1",0001405198,10-K,2018-03-30,edgar/data/1405198/0001387131-18-001308.txt
"LAS VEGAS RAILWAY EXPRESS, INC.",0001405227,10-K,2018-03-05,edgar/data/1405227/0001096906-18-000122.txt
"Fifth Third Holdings Funding, LLC",0001405332,10-K,2018-03-28,edgar/data/1405332/0001193125-18-099266.txt
"Fifth Third Holdings Funding, LLC",0001405332,10-K,2018-03-28,edgar/data/1405332/0001193125-18-099279.txt
"Fifth Third Holdings Funding, LLC",0001405332,10-K,2018-03-28,edgar/data/1405332/0001193125-18-099308.txt
"InterDigital, Inc.",0001405495,10-K,2018-02-22,edgar/data/1405495/0001405495-18-000015.txt
"United States 12 Month Natural Gas Fund, LP",0001405513,10-K,2018-03-21,edgar/data/1405513/0001144204-18-016031.txt
"United States 12 Month Oil Fund, LP",0001405528,10-K,2018-03-14,edgar/data/1405528/0001144204-18-014592.txt
Alternative Investment Corp,0001405660,10-K,2018-01-11,edgar/data/1405660/0001515971-18-000012.txt
Forestar Group Inc.,0001406587,10-K,2018-02-28,edgar/data/1406587/0001406587-18-000002.txt
"CALIX, INC",0001406666,10-K,2018-03-14,edgar/data/1406666/0001406666-18-000017.txt
Franklin Financial Network Inc.,0001407067,10-K,2018-03-16,edgar/data/1407067/0001193125-18-085133.txt
Discover Card Execution Note Trust,0001407200,10-K,2018-03-22,edgar/data/1407200/0001193125-18-091989.txt
RETAIL OPPORTUNITY INVESTMENTS CORP,0001407623,10-K,2018-02-22,edgar/data/1407623/0001628280-18-002028.txt
FirstEnergy Solutions Corp.,0001407703,10-K,2018-02-20,edgar/data/1407703/0001031296-18-000015.txt
ROCKIES REGION 2007 LP,0001407805,10-K,2018-03-29,edgar/data/1407805/0001407805-18-000004.txt
"Digital Locations, Inc.",0001407878,10-K,2018-03-30,edgar/data/1407878/0001477932-18-001540.txt
GRAPHIC PACKAGING HOLDING CO,0001408075,10-K,2018-02-07,edgar/data/1408075/0001408075-18-000009.txt
"Kennedy-Wilson Holdings, Inc.",0001408100,10-K,2018-02-27,edgar/data/1408100/0001408100-18-000018.txt
SCANDIUM INTERNATIONAL MINING CORP.,0001408146,10-K,2018-02-28,edgar/data/1408146/0001062993-18-001011.txt
MSCI Inc.,0001408198,10-K,2018-02-26,edgar/data/1408198/0001564590-18-003147.txt
"Synacor, Inc.",0001408278,10-K,2018-03-16,edgar/data/1408278/0001564590-18-006086.txt
"First Guaranty Bancshares, Inc.",0001408534,10-K,2018-03-16,edgar/data/1408534/0001408534-18-000010.txt
"Restoration Robotics, Inc.",0001409269,10-K,2018-03-05,edgar/data/1409269/0001564590-18-004378.txt
Theron Resource Group,0001409431,10-K,2018-03-30,edgar/data/1409431/0001062993-18-001427.txt
CHIMERA INVESTMENT CORP,0001409493,10-K,2018-02-20,edgar/data/1409493/0001628280-18-001906.txt
"BBVA COMPASS BANCSHARES, INC",0001409775,10-K,2018-02-28,edgar/data/1409775/0001409775-18-000010.txt
Nobilis Health Corp.,0001409916,10-K,2018-03-12,edgar/data/1409916/0001628280-18-003083.txt
Ridgewood Energy W Fund LLC,0001409947,10-K,2018-03-09,edgar/data/1409947/0001214659-18-002005.txt
LendingClub Corp,0001409970,10-K,2018-02-22,edgar/data/1409970/0001409970-18-000231.txt
CorMedix Inc.,0001410098,10-K,2018-03-19,edgar/data/1410098/0001654954-18-002777.txt
"Rubicon Technology, Inc.",0001410172,10-K,2018-03-20,edgar/data/1410172/0001213900-18-003197.txt
"Q2 Holdings, Inc.",0001410384,10-K,2018-02-16,edgar/data/1410384/0001410384-18-000012.txt
"XpresSpa Group, Inc.",0001410428,10-K,2018-03-29,edgar/data/1410428/0001144204-18-017944.txt
"American Water Works Company, Inc.",0001410636,10-K,2018-02-20,edgar/data/1410636/0001410636-18-000076.txt
Voip-pal.com Inc,0001410738,10-K,2018-01-12,edgar/data/1410738/0001580695-18-000029.txt
Ophthotech Corp.,0001410939,10-K,2018-03-05,edgar/data/1410939/0001410939-18-000013.txt
"KBS Real Estate Investment Trust II, Inc.",0001411059,10-K,2018-03-08,edgar/data/1411059/0001411059-18-000013.txt
Dutch Oven Gold Group Inc.,0001411168,10-K,2018-01-10,edgar/data/1411168/0001376474-18-000015.txt
Allison Transmission Holdings Inc,0001411207,10-K,2018-02-15,edgar/data/1411207/0001193125-18-047233.txt
Ellington Financial LLC,0001411342,10-K,2018-03-15,edgar/data/1411342/0001411342-18-000020.txt
"BLACKHAWK NETWORK HOLDINGS, INC",0001411488,10-K,2018-02-28,edgar/data/1411488/0001411488-18-000011.txt
Apollo Global Management LLC,0001411494,10-K,2018-02-12,edgar/data/1411494/0001411494-18-000010.txt
"AMC ENTERTAINMENT HOLDINGS, INC.",0001411579,10-K,2018-03-01,edgar/data/1411579/0001411579-18-000014.txt
"Ampio Pharmaceuticals, Inc.",0001411906,10-K,2018-03-06,edgar/data/1411906/0001144204-18-013087.txt
"Cascadian Therapeutics, Inc.",0001412067,10-K,2018-03-08,edgar/data/1412067/0001193125-18-075320.txt
"Maiden Holdings, Ltd.",0001412100,10-K,2018-03-01,edgar/data/1412100/0001412100-18-000015.txt
Care.com Inc,0001412270,10-K,2018-02-27,edgar/data/1412270/0001412270-18-000012.txt
"Cocrystal Pharma, Inc.",0001412486,10-K,2018-03-21,edgar/data/1412486/0001493152-18-003708.txt
Sterling Real Estate Trust,0001412502,10-K,2018-03-15,edgar/data/1412502/0001558370-18-002105.txt
"Regenicin, Inc.",0001412659,10-K,2018-01-16,edgar/data/1412659/0001662252-18-000011.txt
"MidWestOne Financial Group, Inc.",0001412665,10-K,2018-03-01,edgar/data/1412665/0001412665-18-000046.txt
"Kraig Biocraft Laboratories, Inc",0001413119,10-K,2018-03-23,edgar/data/1413119/0001654954-18-003028.txt
Philip Morris International Inc.,0001413329,10-K,2018-02-13,edgar/data/1413329/0001413329-18-000007.txt
MICROCHANNEL TECHNOLOGIES CORP,0001413488,10-K,2018-01-22,edgar/data/1413488/0001017386-18-000008.txt
MICROCHANNEL TECHNOLOGIES CORP,0001413488,10-K,2018-02-02,edgar/data/1413488/0001017386-18-000021.txt
MICROCHANNEL TECHNOLOGIES CORP,0001413488,10-K,2018-02-20,edgar/data/1413488/0001017386-18-000041.txt
SRC Energy Inc.,0001413507,10-K,2018-02-21,edgar/data/1413507/0001413507-18-000028.txt
First Foundation Inc.,0001413837,10-K,2018-03-16,edgar/data/1413837/0001564590-18-006010.txt
A. H. Belo Corp,0001413898,10-K,2018-03-16,edgar/data/1413898/0001413898-18-000010.txt
Western Gas Partners LP,0001414475,10-K,2018-02-16,edgar/data/1414475/0001414475-18-000006.txt
"MOJO Organics, Inc.",0001414953,10-K,2018-02-21,edgar/data/1414953/0001607062-18-000066.txt
Resource Real Estate Investors 6 LP,0001414964,10-K,2018-03-23,edgar/data/1414964/0001414964-18-000004.txt
"Del Frisco's Restaurant Group, Inc.",0001415301,10-K,2018-03-27,edgar/data/1415301/0001415301-18-000030.txt
ProShares Trust II,0001415311,10-K,2018-03-01,edgar/data/1415311/0001193125-18-067452.txt
EchoStar CORP,0001415404,10-K,2018-02-22,edgar/data/1415404/0001415404-18-000005.txt
"PROSPER MARKETPLACE, INC",0001416265,10-K,2018-03-26,edgar/data/1416265/0001416265-18-000173.txt
"SANUWAVE Health, Inc.",0001417663,10-K,2018-03-29,edgar/data/1417663/0001654954-18-003375.txt
BRIDGFORD FOODS CORP,0000014177,10-K,2018-01-12,edgar/data/14177/0001493152-18-000507.txt
"INVO Bioscience, Inc.",0001417926,10-K,2018-03-29,edgar/data/1417926/0001185185-18-000521.txt
Solar Capital Ltd.,0001418076,10-K,2018-02-22,edgar/data/1418076/0001193125-18-054158.txt
"TWITTER, INC.",0001418091,10-K,2018-02-23,edgar/data/1418091/0001564590-18-003046.txt
"Apple Hospitality REIT, Inc.",0001418121,10-K,2018-02-22,edgar/data/1418121/0001185185-18-000290.txt
"Dr Pepper Snapple Group, Inc.",0001418135,10-K,2018-02-14,edgar/data/1418135/0001418135-18-000006.txt
Iridium Communications Inc.,0001418819,10-K,2018-02-22,edgar/data/1418819/0001418819-18-000005.txt
Tocagen Inc,0001419041,10-K,2018-03-09,edgar/data/1419041/0001564590-18-005132.txt
ATLANTIC POWER CORP,0001419242,10-K,2018-03-01,edgar/data/1419242/0001558370-18-001404.txt
"AFH Acquisition IX, Inc.",0001419556,10-K,2018-01-31,edgar/data/1419556/0001607062-18-000042.txt
Flexion Therapeutics Inc,0001419600,10-K,2018-03-08,edgar/data/1419600/0001564590-18-004912.txt
SolarEdge Technologies Inc,0001419612,10-K,2018-02-20,edgar/data/1419612/0001178913-18-000655.txt
Apptio Inc,0001419625,10-K,2018-02-21,edgar/data/1419625/0001564590-18-002705.txt
RARE ELEMENT RESOURCES LTD,0001419806,10-K,2018-03-28,edgar/data/1419806/0001052918-18-000086.txt
"LogMeIn, Inc.",0001420302,10-K,2018-02-20,edgar/data/1420302/0001193125-18-050503.txt
Atomera Inc,0001420520,10-K,2018-03-06,edgar/data/1420520/0001683168-18-000599.txt
Colfax CORP,0001420800,10-K,2018-02-16,edgar/data/1420800/0001420800-18-000004.txt
"On Deck Capital, Inc.",0001420811,10-K,2018-03-02,edgar/data/1420811/0001420811-18-000028.txt
Verso Corp,0001421182,10-K,2018-03-08,edgar/data/1421182/0001421182-18-000005.txt
"Intrepid Potash, Inc.",0001421461,10-K,2018-02-27,edgar/data/1421461/0001421461-18-000007.txt
"Energy Recovery, Inc.",0001421517,10-K,2018-03-08,edgar/data/1421517/0001421517-18-000049.txt
WESTMOUNTAIN Co,0001421603,10-K,2018-03-16,edgar/data/1421603/0001079974-18-000125.txt
WestMountain Alternative Energy Inc,0001421636,10-K,2018-02-21,edgar/data/1421636/0001079974-18-000103.txt
Trident Brands Inc,0001421907,10-K,2018-03-14,edgar/data/1421907/0001165527-18-000037.txt
ZETA ACQUISITION CORP I,0001422141,10-K,2018-03-28,edgar/data/1422141/0001213900-18-003585.txt
"Aerpio Pharmaceuticals, Inc.",0001422142,10-K,2018-03-15,edgar/data/1422142/0001564590-18-005868.txt
"Kura Oncology, Inc.",0001422143,10-K,2018-03-12,edgar/data/1422143/0001564590-18-005293.txt
FS Investment CORP,0001422183,10-K,2018-03-01,edgar/data/1422183/0001193125-18-067264.txt
AquaVenture Holdings Ltd,0001422841,10-K,2018-03-12,edgar/data/1422841/0001558370-18-001907.txt
RORINE INTERNATIONAL HOLDING Corp,0001423586,10-K,2018-03-16,edgar/data/1423586/0001214659-18-002187.txt
"HOLLYWOOD ENTERTAINMENT EDU HOLDING, INC.",0001423588,10-K,2018-03-30,edgar/data/1423588/0001493152-18-004202.txt
AGNC Investment Corp.,0001423689,10-K,2018-02-26,edgar/data/1423689/0001423689-18-000007.txt
ALDER BIOPHARMACEUTICALS INC,0001423824,10-K,2018-02-26,edgar/data/1423824/0001564590-18-003221.txt
"Western Gas Equity Partners, LP",0001423902,10-K,2018-02-16,edgar/data/1423902/0001423902-18-000007.txt
"Broadstone Net Lease, Inc.",0001424182,10-K,2018-03-15,edgar/data/1424182/0001564590-18-005758.txt
Travelport Worldwide LTD,0001424755,10-K,2018-02-20,edgar/data/1424755/0001144204-18-009811.txt
VYCOR MEDICAL INC,0001424768,10-K,2018-03-30,edgar/data/1424768/0001493152-18-004220.txt
FOX FACTORY HOLDING CORP,0001424929,10-K,2018-02-27,edgar/data/1424929/0001424929-18-000006.txt
"CPSM, Inc.",0001425203,10-K,2018-03-29,edgar/data/1425203/0001014897-18-000020.txt
"IOVANCE BIOTHERAPEUTICS, INC.",0001425205,10-K,2018-03-12,edgar/data/1425205/0001144204-18-014151.txt
Workhorse Group Inc.,0001425287,10-K,2018-03-14,edgar/data/1425287/0001213900-18-002957.txt
"CVR PARTNERS, LP",0001425292,10-K,2018-02-23,edgar/data/1425292/0001425292-18-000022.txt
"Mill City Ventures III, Ltd",0001425355,10-K,2018-03-30,edgar/data/1425355/0001144204-18-018292.txt
ORTHOPEDIATRICS CORP,0001425450,10-K,2018-03-15,edgar/data/1425450/0001425450-18-000040.txt
"ASSEMBLY BIOSCIENCES, INC.",0001426800,10-K,2018-03-08,edgar/data/1426800/0001144204-18-013474.txt
"Echo Global Logistics, Inc.",0001426945,10-K,2018-02-27,edgar/data/1426945/0001426945-18-000004.txt
BRISTOL MYERS SQUIBB CO,0000014272,10-K,2018-02-13,edgar/data/14272/0000014272-18-000055.txt
"ENTERGY TEXAS, INC.",0001427437,10-K,2018-02-26,edgar/data/1427437/0000065984-18-000072.txt
OBALON THERAPEUTICS INC,0001427570,10-K,2018-03-05,edgar/data/1427570/0001427570-18-000013.txt
ACELRX PHARMACEUTICALS INC,0001427925,10-K,2018-03-09,edgar/data/1427925/0001437749-18-004222.txt
"Armour Residential REIT, Inc.",0001428205,10-K,2018-02-14,edgar/data/1428205/0001428205-18-000036.txt
HEALTHEQUITY INC,0001428336,10-K,2018-03-28,edgar/data/1428336/0001428336-18-000009.txt
"ROKU, INC",0001428439,10-K,2018-03-01,edgar/data/1428439/0001564590-18-004134.txt
"Radius Health, Inc.",0001428522,10-K,2018-03-01,edgar/data/1428522/0001628280-18-002666.txt
SERVICEMASTER GLOBAL HOLDINGS INC,0001428875,10-K,2018-02-28,edgar/data/1428875/0001428875-18-000032.txt
"Fortress Biotech, Inc.",0001429260,10-K,2018-03-16,edgar/data/1429260/0001144204-18-015301.txt
TREVENA INC,0001429560,10-K,2018-03-07,edgar/data/1429560/0001429560-18-000004.txt
Carey Watermark Investors Inc,0001430259,10-K,2018-03-27,edgar/data/1430259/0001430259-18-000009.txt
Tonix Pharmaceuticals Holding Corp.,0001430306,10-K,2018-03-09,edgar/data/1430306/0001615774-18-001762.txt
C & C TOURS INC,0001430319,10-K,2018-03-30,edgar/data/1430319/0001477932-18-001532.txt
"REALBIZ MEDIA GROUP, INC",0001430523,10-K,2018-03-26,edgar/data/1430523/0001493152-18-003916.txt
"Financial Engines, Inc.",0001430592,10-K,2018-02-22,edgar/data/1430592/0001564590-18-002889.txt
"Scripps Networks Interactive, Inc.",0001430602,10-K,2018-02-27,edgar/data/1430602/0001564590-18-003452.txt
"ServisFirst Bancshares, Inc.",0001430723,10-K,2018-02-28,edgar/data/1430723/0001171843-18-001571.txt
Gastar Exploration Inc.,0001431372,10-K,2018-03-15,edgar/data/1431372/0001564590-18-005841.txt
Oak Valley Bancorp,0001431567,10-K,2018-03-15,edgar/data/1431567/0001437749-18-004751.txt
FSP 303 East Wacker Drive Corp.,0001431766,10-K,2018-03-16,edgar/data/1431766/0001171520-18-000165.txt
TORCHLIGHT ENERGY RESOURCES INC,0001431959,10-K,2018-03-16,edgar/data/1431959/0001654954-18-002713.txt
Pershing Gold Corp.,0001432196,10-K,2018-03-28,edgar/data/1432196/0001144204-18-017511.txt
Rampart Studios Inc.,0001432271,10-K,2018-01-10,edgar/data/1432271/0001376474-18-000014.txt
CREDEX CORP,0001432939,10-K,2018-03-20,edgar/data/1432939/0001549983-18-000002.txt
APPFOLIO INC,0001433195,10-K,2018-02-26,edgar/data/1433195/0001433195-18-000011.txt
ANTERO RESOURCES Corp,0001433270,10-K,2018-02-13,edgar/data/1433270/0001558370-18-000647.txt
"InspireMD, Inc.",0001433607,10-K,2018-02-13,edgar/data/1433607/0001493152-18-001974.txt
John Bean Technologies CORP,0001433660,10-K,2018-02-28,edgar/data/1433660/0001433660-18-000004.txt
"CASTLIGHT HEALTH, INC.",0001433714,10-K,2018-03-01,edgar/data/1433714/0001433714-18-000008.txt
CurrencyShares Singapore Dollar Trust,0001433994,10-K,2018-01-11,edgar/data/1433994/0001193125-18-009002.txt
RIDGEWOOD ENERGY Y FUND LLC,0001434070,10-K,2018-03-09,edgar/data/1434070/0001214659-18-002009.txt
FATE THERAPEUTICS INC,0001434316,10-K,2018-03-05,edgar/data/1434316/0001564590-18-004394.txt
CLEARSIGN COMBUSTION CORP,0001434524,10-K,2018-03-27,edgar/data/1434524/0001144204-18-017160.txt
"Grand Canyon Education, Inc.",0001434588,10-K,2018-02-21,edgar/data/1434588/0001193125-18-051923.txt
"ILG, Inc.",0001434620,10-K,2018-03-01,edgar/data/1434620/0001558370-18-001330.txt
"LendingTree, Inc.",0001434621,10-K,2018-02-26,edgar/data/1434621/0001434621-18-000006.txt
"KEMPHARM, INC",0001434647,10-K,2018-03-30,edgar/data/1434647/0001437749-18-005932.txt
"Global Water Resources, Inc.",0001434728,10-K,2018-03-09,edgar/data/1434728/0001434728-18-000040.txt
"Esperion Therapeutics, Inc.",0001434868,10-K,2018-02-20,edgar/data/1434868/0001047469-18-000899.txt
"ADURO BIOTECH, INC.",0001435049,10-K,2018-03-01,edgar/data/1435049/0001564590-18-004135.txt
"Mistras Group, Inc.",0001436126,10-K,2018-03-14,edgar/data/1436126/0001436126-18-000017.txt
United Cannabis Corp,0001436161,10-K,2018-03-29,edgar/data/1436161/0001553350-18-000252.txt
BTCS Inc.,0001436229,10-K,2018-03-14,edgar/data/1436229/0001493152-18-003362.txt
"HOME BANCORP, INC.",0001436425,10-K,2018-03-14,edgar/data/1436425/0001193125-18-082221.txt
LIGHTSTONE VALUE PLUS REAL ESTATE INVESTMENT TRUST II INC,0001436975,10-K,2018-03-27,edgar/data/1436975/0001144204-18-016945.txt
Invesco Mortgage Capital Inc.,0001437071,10-K,2018-02-20,edgar/data/1437071/0001437071-18-000008.txt
"Ascent Capital Group, Inc.",0001437106,10-K,2018-03-05,edgar/data/1437106/0001437106-18-000017.txt
"Discovery Communications, Inc.",0001437107,10-K,2018-02-28,edgar/data/1437107/0001437107-18-000028.txt
"Mastech Digital, Inc.",0001437226,10-K,2018-03-23,edgar/data/1437226/0001193125-18-093873.txt
"EVERBRIDGE, INC.",0001437352,10-K,2018-03-12,edgar/data/1437352/0001564590-18-005318.txt
"ARDELYX, INC.",0001437402,10-K,2018-03-14,edgar/data/1437402/0001558370-18-002056.txt
ENB Financial Corp,0001437479,10-K,2018-03-29,edgar/data/1437479/0001174947-18-000516.txt
ADVANCED CREDIT TECHNOLOGIES INC,0001437517,10-K,2018-03-29,edgar/data/1437517/0001010549-18-000094.txt
"LILIS ENERGY, INC.",0001437557,10-K,2018-03-09,edgar/data/1437557/0001144204-18-013867.txt
BRIGHT HORIZONS FAMILY SOLUTIONS INC.,0001437578,10-K,2018-02-28,edgar/data/1437578/0001437578-18-000005.txt
IMMUNE DESIGN CORP.,0001437786,10-K,2018-03-14,edgar/data/1437786/0001437786-18-000013.txt
TANDEM DIABETES CARE INC,0001438133,10-K,2018-03-01,edgar/data/1438133/0001564590-18-004141.txt
Digimarc CORP,0001438231,10-K,2018-02-22,edgar/data/1438231/0001564590-18-002871.txt
EVERSPIN TECHNOLOGIES INC,0001438423,10-K,2018-03-15,edgar/data/1438423/0001558370-18-002138.txt
"Retrophin, Inc.",0001438533,10-K,2018-02-27,edgar/data/1438533/0001438533-18-000006.txt
MRC GLOBAL INC.,0001439095,10-K,2018-02-16,edgar/data/1439095/0001439095-18-000010.txt
AGIOS PHARMACEUTICALS INC,0001439222,10-K,2018-02-14,edgar/data/1439222/0001439222-18-000004.txt
ZYNGA INC,0001439404,10-K,2018-02-20,edgar/data/1439404/0001564590-18-002487.txt
"United States Short Oil Fund, LP",0001439567,10-K,2018-03-21,edgar/data/1439567/0001144204-18-016037.txt
"Roadrunner Transportation Systems, Inc.",0001440024,10-K,2018-01-31,edgar/data/1440024/0001440024-18-000010.txt
Clearwater Paper Corp,0001441236,10-K,2018-02-21,edgar/data/1441236/0001628280-18-001924.txt
APPIAN CORP,0001441683,10-K,2018-02-23,edgar/data/1441683/0001441683-18-000023.txt
"MongoDB, Inc.",0001441816,10-K,2018-03-30,edgar/data/1441816/0001441816-18-000028.txt
CLOUD PEAK ENERGY INC.,0001441849,10-K,2018-02-16,edgar/data/1441849/0001104659-18-010090.txt
"Verisk Analytics, Inc.",0001442145,10-K,2018-02-20,edgar/data/1442145/0001442145-18-000008.txt
"Bluerock Residential Growth REIT, Inc.",0001442626,10-K,2018-03-13,edgar/data/1442626/0001144204-18-014420.txt
"Mersana Therapeutics, Inc.",0001442836,10-K,2018-03-28,edgar/data/1442836/0001558370-18-002479.txt
Proto Labs Inc,0001443669,10-K,2018-02-23,edgar/data/1443669/0001437749-18-003222.txt
"Gener8 Maritime, Inc.",0001443799,10-K,2018-03-15,edgar/data/1443799/0001558370-18-002121.txt
"GAIN Capital Holdings, Inc.",0001444363,10-K,2018-03-14,edgar/data/1444363/0001444363-18-000024.txt
NEVRO CORP,0001444380,10-K,2018-02-22,edgar/data/1444380/0001564590-18-002905.txt
CROSSROADS LIQUIDATING TRUST,0001444706,10-K,2018-03-28,edgar/data/1444706/0001387131-18-001242.txt
Clean Coal Technologies Inc.,0001445109,10-K,2018-03-16,edgar/data/1445109/0001185185-18-000443.txt
"PROTEOSTASIS THERAPEUTICS, INC.",0001445283,10-K,2018-03-14,edgar/data/1445283/0001564590-18-005657.txt
WORKIVA INC,0001445305,10-K,2018-02-22,edgar/data/1445305/0001445305-18-000054.txt
"Strategic Realty Trust, Inc.",0001446371,10-K,2018-03-23,edgar/data/1446371/0001446371-18-000014.txt
"Macquarie Equipment Leasing Fund, LLC",0001446714,10-K,2018-02-21,edgar/data/1446714/0001144204-18-010015.txt
"ICON Equipment & Corporate Infrastructure Fund Fourteen, L.P.",0001446806,10-K,2018-03-30,edgar/data/1446806/0001446806-18-000004.txt
IRONWOOD PHARMACEUTICALS INC,0001446847,10-K,2018-02-22,edgar/data/1446847/0001558370-18-000927.txt
Arbutus Biopharma Corp,0001447028,10-K,2018-03-16,edgar/data/1447028/0001628280-18-003276.txt
Territorial Bancorp Inc.,0001447051,10-K,2018-03-15,edgar/data/1447051/0001558370-18-002098.txt
FITBIT INC,0001447599,10-K,2018-03-01,edgar/data/1447599/0001628280-18-002658.txt
TWILIO INC,0001447669,10-K,2018-03-01,edgar/data/1447669/0001047469-18-001207.txt
OptimizeRx Corp,0001448431,10-K,2018-03-08,edgar/data/1448431/0001213900-18-002722.txt
Bullfrog Gold Corp.,0001448597,10-K,2018-03-28,edgar/data/1448597/0001393905-18-000113.txt
Essent Group Ltd.,0001448893,10-K,2018-02-20,edgar/data/1448893/0001448893-18-000023.txt
CSI Compressco LP,0001449488,10-K,2018-03-02,edgar/data/1449488/0001449488-18-000002.txt
"Willbros Group, Inc.\NEW\",0001449732,10-K,2018-03-30,edgar/data/1449732/0001449732-18-000005.txt
"Embassy Bancorp, Inc.",0001449794,10-K,2018-03-15,edgar/data/1449794/0001449794-18-000002.txt
ETFS SILVER TRUST,0001450922,10-K,2018-02-27,edgar/data/1450922/0001450922-18-000003.txt
ETFS Gold Trust,0001450923,10-K,2018-02-27,edgar/data/1450923/0001450923-18-000003.txt
Transocean Ltd.,0001451505,10-K,2018-02-21,edgar/data/1451505/0001451505-18-000022.txt
Terra Tech Corp.,0001451512,10-K,2018-03-16,edgar/data/1451512/0001477932-18-001325.txt
"PEAK PHARMACEUTICALS, INC.",0001452804,10-K,2018-01-12,edgar/data/1452804/0001199835-18-000004.txt
STEEL PARTNERS HOLDINGS L.P.,0001452857,10-K,2018-03-09,edgar/data/1452857/0001452857-18-000009.txt
"ARC Group, Inc.",0001452872,10-K,2018-03-30,edgar/data/1452872/0001144204-18-018228.txt
"KBS Strategic Opportunity REIT, Inc.",0001452936,10-K,2018-03-09,edgar/data/1452936/0001452936-18-000012.txt
"3DX Industries, Inc.",0001453122,10-K,2018-01-17,edgar/data/1453122/0001594062-18-000008.txt
"3DX Industries, Inc.",0001453122,10-K,2018-01-17,edgar/data/1453122/0001594062-18-000012.txt
SELECTA BIOSCIENCES INC,0001453687,10-K,2018-03-15,edgar/data/1453687/0001453687-18-000012.txt
"Medidata Solutions, Inc.",0001453814,10-K,2018-02-28,edgar/data/1453814/0001453814-18-000052.txt
"Hines Global REIT, Inc.",0001453818,10-K,2018-03-30,edgar/data/1453818/0001453818-18-000014.txt
CATABASIS PHARMACEUTICALS INC,0001454789,10-K,2018-03-15,edgar/data/1454789/0001047469-18-001688.txt
"TPI COMPOSITES, INC",0001455684,10-K,2018-03-08,edgar/data/1455684/0001564590-18-004934.txt
"RIDGEWOOD ENERGY X FUND, LLC",0001455741,10-K,2018-03-09,edgar/data/1455741/0001214659-18-002007.txt
"Vape Holdings, Inc.",0001455819,10-K,2018-03-07,edgar/data/1455819/0001213900-18-002674.txt
AMERICOLD REALTY TRUST,0001455863,10-K,2018-03-29,edgar/data/1455863/0001628280-18-003829.txt
"Griffin Capital Essential Asset REIT, Inc.",0001456016,10-K,2018-03-09,edgar/data/1456016/0001456016-18-000003.txt
Leatt Corp,0001456189,10-K,2018-03-27,edgar/data/1456189/0001062993-18-001343.txt
GOVERNMENT PROPERTIES INCOME TRUST,0001456772,10-K,2018-02-27,edgar/data/1456772/0001456772-18-000008.txt
First American Silver Corp.,0001456802,10-K,2018-03-15,edgar/data/1456802/0001165527-18-000039.txt
"GENOCEA BIOSCIENCES, INC.",0001457612,10-K,2018-02-16,edgar/data/1457612/0001457612-18-000019.txt
RIDGEWOOD ENERGY A-1 FUND LLC,0001457919,10-K,2018-03-09,edgar/data/1457919/0001214659-18-001993.txt
Noble Corp plc,0001458891,10-K,2018-02-23,edgar/data/1458891/0001628280-18-002128.txt
"MINDBODY, Inc.",0001458962,10-K,2018-03-01,edgar/data/1458962/0001458962-18-000003.txt
"Alarm.com Holdings, Inc.",0001459200,10-K,2018-02-28,edgar/data/1459200/0001459200-18-000013.txt
"2U, Inc.",0001459417,10-K,2018-02-27,edgar/data/1459417/0001047469-18-001109.txt
ETFS PALLADIUM TRUST,0001459862,10-K,2018-02-27,edgar/data/1459862/0001459862-18-000004.txt
ETFS Platinum Trust,0001460235,10-K,2018-02-27,edgar/data/1460235/0001460235-18-000008.txt
"Cogint, Inc.",0001460329,10-K,2018-03-14,edgar/data/1460329/0001564590-18-005647.txt
Orgenesis Inc.,0001460602,10-K,2018-02-28,edgar/data/1460602/0001062993-18-001019.txt
RITTER PHARMACEUTICALS INC,0001460702,10-K,2018-03-19,edgar/data/1460702/0001493152-18-003532.txt
GRAHAM ALTERNATIVE INVESTMENT FUND I LLC,0001461219,10-K,2018-03-29,edgar/data/1461219/0001140361-18-015813.txt
GRAHAM ALTERNATIVE INVESTMENT FUND II LLC,0001461237,10-K,2018-03-29,edgar/data/1461237/0001140361-18-015815.txt
HomeTown Bankshares Corp,0001461640,10-K,2018-03-30,edgar/data/1461640/0001437749-18-005880.txt
"Atlantic Capital Bancshares, Inc.",0001461755,10-K,2018-03-15,edgar/data/1461755/0001461755-18-000020.txt
"MELINTA THERAPEUTICS, INC. /NEW/",0001461993,10-K,2018-03-16,edgar/data/1461993/0001564590-18-005947.txt
PRIME GLOBAL CAPITAL GROUP Inc,0001462047,10-K,2018-01-30,edgar/data/1462047/0001683168-18-000252.txt
"Live Oak Bancshares, Inc.",0001462120,10-K,2018-03-08,edgar/data/1462120/0001462120-18-000011.txt
Altisource Portfolio Solutions S.A.,0001462418,10-K,2018-02-22,edgar/data/1462418/0001462418-18-000011.txt
"Zendesk, Inc.",0001463172,10-K,2018-02-22,edgar/data/1463172/0001628280-18-002076.txt
"Renewable Energy Group, Inc.",0001463258,10-K,2018-03-09,edgar/data/1463258/0001628280-18-003045.txt
"ATEL 14, LLC",0001463389,10-K,2018-03-27,edgar/data/1463389/0001144204-18-016958.txt
US Alliance Corp,0001463913,10-K,2018-02-21,edgar/data/1463913/0001437749-18-002993.txt
Vuzix Corp,0001463972,10-K,2018-03-16,edgar/data/1463972/0001144204-18-015310.txt
PennyMac Mortgage Investment Trust,0001464423,10-K,2018-03-01,edgar/data/1464423/0001564590-18-004038.txt
"B. Riley Financial, Inc.",0001464790,10-K,2018-03-14,edgar/data/1464790/0001615774-18-001866.txt
"THL Credit, Inc.",0001464963,10-K,2018-03-06,edgar/data/1464963/0001564590-18-004570.txt
"STARWOOD PROPERTY TRUST, INC.",0001465128,10-K,2018-02-28,edgar/data/1465128/0001558370-18-001216.txt
"HD SUPPLY, INC.",0001465264,10-K,2018-03-13,edgar/data/1465264/0001047469-18-001552.txt
TWO HARBORS INVESTMENT CORP.,0001465740,10-K,2018-02-27,edgar/data/1465740/0001465740-18-000031.txt
VANTAGE DRILLING INTERNATIONAL,0001465872,10-K,2018-03-29,edgar/data/1465872/0001564590-18-007050.txt
Western Asset Mortgage Capital Corp,0001465885,10-K,2018-03-29,edgar/data/1465885/0001628280-18-003838.txt
"Midland States Bancorp, Inc.",0001466026,10-K,2018-03-06,edgar/data/1466026/0001558370-18-001567.txt
"INDEPENDENCE REALTY TRUST, INC.",0001466085,10-K,2018-02-23,edgar/data/1466085/0001564590-18-002993.txt
"Resource Real Estate Opportunity REIT, Inc.",0001466225,10-K,2018-03-29,edgar/data/1466225/0001466225-18-000003.txt
Ingersoll-Rand plc,0001466258,10-K,2018-02-12,edgar/data/1466258/0001466258-18-000063.txt
"Clovis Oncology, Inc.",0001466301,10-K,2018-02-27,edgar/data/1466301/0001558370-18-001172.txt
COWEN INC.,0001466538,10-K,2018-03-06,edgar/data/1466538/0001466538-18-000018.txt
Otter Tail Corp,0001466593,10-K,2018-02-20,edgar/data/1466593/0001437749-18-002843.txt
"CAMBIUM LEARNING GROUP, INC.",0001466815,10-K,2018-03-07,edgar/data/1466815/0001466815-18-000016.txt
"Novan, Inc.",0001467154,10-K,2018-03-27,edgar/data/1467154/0001564590-18-006881.txt
"Neos Therapeutics, Inc.",0001467652,10-K,2018-03-16,edgar/data/1467652/0001047469-18-001730.txt
"Apollo Commercial Real Estate Finance, Inc.",0001467760,10-K,2018-02-14,edgar/data/1467760/0001467760-18-000003.txt
"Zoom Telephonics, Inc.",0001467761,10-K,2018-03-30,edgar/data/1467761/0001654954-18-003402.txt
General Motors Co,0001467858,10-K,2018-02-06,edgar/data/1467858/0001467858-18-000022.txt
"Steadfast Income REIT, Inc.",0001468010,10-K,2018-03-29,edgar/data/1468010/0001468010-18-000012.txt
Hyatt Hotels Corp,0001468174,10-K,2018-02-15,edgar/data/1468174/0001468174-18-000014.txt
Addus HomeCare Corp,0001468328,10-K,2018-03-14,edgar/data/1468328/0001193125-18-082191.txt
SecureWorks Corp,0001468666,10-K,2018-03-28,edgar/data/1468666/0001468666-18-000011.txt
AMERICAN CRYOSTEM Corp,0001468679,10-K,2018-01-16,edgar/data/1468679/0001019056-18-000153.txt
Millburn Multi-Markets Fund L.P.,0001468910,10-K,2018-03-29,edgar/data/1468910/0001615774-18-002181.txt
Sunrun Inc.,0001469367,10-K,2018-03-06,edgar/data/1469367/0001469367-18-000031.txt
"Arcadia Biosciences, Inc.",0001469443,10-K,2018-03-20,edgar/data/1469443/0001564590-18-006338.txt
Resolute Energy Corp,0001469510,10-K,2018-03-12,edgar/data/1469510/0001564590-18-005317.txt
"KBS Legacy Partners Apartment REIT, Inc.",0001469822,10-K,2018-03-09,edgar/data/1469822/0001469822-18-000011.txt
"MOBILEIRON, INC.",0001470099,10-K,2018-03-12,edgar/data/1470099/0001558370-18-001924.txt
"County Bancorp, Inc.",0001470205,10-K,2018-03-15,edgar/data/1470205/0001564590-18-005877.txt
"Cobalt International Energy, Inc.",0001471261,10-K,2018-03-02,edgar/data/1471261/0001564590-18-004275.txt
"Northwest Bancshares, Inc.",0001471265,10-K,2018-03-01,edgar/data/1471265/0001471265-18-000014.txt
"Entergy Texas Restoration Funding, LLC",0001471728,10-K,2018-03-22,edgar/data/1471728/0000065984-18-000104.txt
Teucrium Commodity Trust,0001471824,10-K,2018-03-16,edgar/data/1471824/0001654954-18-002662.txt
"Edge Therapeutics, Inc.",0001472091,10-K,2018-03-01,edgar/data/1472091/0001140361-18-011218.txt
"United States Brent Oil Fund, LP",0001472494,10-K,2018-03-14,edgar/data/1472494/0001144204-18-014593.txt
R1 RCM INC.,0001472595,10-K,2018-03-09,edgar/data/1472595/0001472595-18-000023.txt
First American Financial Corp,0001472787,10-K,2018-02-16,edgar/data/1472787/0001564590-18-002317.txt
Chesapeake Lodging Trust,0001473078,10-K,2018-02-15,edgar/data/1473078/0001473078-18-000007.txt
"Nova Lifestyle, Inc.",0001473334,10-K,2018-03-29,edgar/data/1473334/0001185185-18-000517.txt
"Boston Therapeutics, Inc.",0001473579,10-K,2018-03-27,edgar/data/1473579/0001615774-18-002112.txt
"STR HOLDINGS, INC.",0001473597,10-K,2018-03-16,edgar/data/1473597/0001171843-18-002020.txt
"CBTX, Inc.",0001473844,10-K,2018-03-23,edgar/data/1473844/0001558370-18-002363.txt
Pebblebrook Hotel Trust,0001474098,10-K,2018-02-22,edgar/data/1474098/0001474098-18-000010.txt
"Pure Storage, Inc.",0001474432,10-K,2018-03-26,edgar/data/1474432/0001628280-18-003579.txt
"New York REIT, Inc.",0001474464,10-K,2018-03-01,edgar/data/1474464/0001193125-18-066868.txt
GENERAC HOLDINGS INC.,0001474735,10-K,2018-02-26,edgar/data/1474735/0001437749-18-003334.txt
"BG Staffing, Inc.",0001474903,10-K,2018-03-08,edgar/data/1474903/0001474903-18-000011.txt
Luther Burbank Corp,0001475348,10-K,2018-03-16,edgar/data/1475348/0001475348-18-000003.txt
National Bank Holdings Corp,0001475841,10-K,2018-02-27,edgar/data/1475841/0001558370-18-001177.txt
"Primerica, Inc.",0001475922,10-K,2018-02-26,edgar/data/1475922/0001564590-18-003151.txt
Metropolitan Bank Holding Corp.,0001476034,10-K,2018-03-28,edgar/data/1476034/0001144204-18-017601.txt
Chatham Lodging Trust,0001476045,10-K,2018-02-27,edgar/data/1476045/0001476045-18-000038.txt
Terreno Realty Corp,0001476150,10-K,2018-02-07,edgar/data/1476150/0001193125-18-034704.txt
"Phillips Edison & Company, Inc.",0001476204,10-K,2018-03-30,edgar/data/1476204/0001476204-18-000010.txt
Tropicana Entertainment Inc.,0001476246,10-K,2018-02-28,edgar/data/1476246/0001476246-18-000003.txt
"FCB FINANCIAL HOLDINGS, INC.",0001476651,10-K,2018-02-23,edgar/data/1476651/0001476651-18-000084.txt
"HEAT BIOLOGICS, INC.",0001476963,10-K,2018-03-02,edgar/data/1476963/0001553350-18-000174.txt
GENERAL CANNABIS CORP,0001477009,10-K,2018-03-12,edgar/data/1477009/0001398432-18-000038.txt
Sensata Technologies Holding N.V.,0001477294,10-K,2018-02-01,edgar/data/1477294/0001477294-18-000023.txt
Ally Auto Assets LLC,0001477336,10-K,2018-03-28,edgar/data/1477336/0001610148-18-000010.txt
Ally Auto Assets LLC,0001477336,10-K,2018-03-28,edgar/data/1477336/0001619406-18-000010.txt
Ally Auto Assets LLC,0001477336,10-K,2018-03-28,edgar/data/1477336/0001627213-18-000010.txt
Ally Auto Assets LLC,0001477336,10-K,2018-03-28,edgar/data/1477336/0001647353-18-000009.txt
Ally Auto Assets LLC,0001477336,10-K,2018-03-28,edgar/data/1477336/0001652201-18-000009.txt
Ally Auto Assets LLC,0001477336,10-K,2018-03-28,edgar/data/1477336/0001657324-18-000009.txt
Ally Auto Assets LLC,0001477336,10-K,2018-03-28,edgar/data/1477336/0001666947-18-000009.txt
Ally Auto Assets LLC,0001477336,10-K,2018-03-28,edgar/data/1477336/0001673813-18-000009.txt
Ally Auto Assets LLC,0001477336,10-K,2018-03-28,edgar/data/1477336/0001679731-18-000019.txt
Ally Auto Assets LLC,0001477336,10-K,2018-03-28,edgar/data/1477336/0001700667-18-000017.txt
Ally Auto Assets LLC,0001477336,10-K,2018-03-28,edgar/data/1477336/0001705002-18-000016.txt
Ally Auto Assets LLC,0001477336,10-K,2018-03-28,edgar/data/1477336/0001713736-18-000025.txt
Ally Auto Assets LLC,0001477336,10-K,2018-03-28,edgar/data/1477336/0001721353-18-000017.txt
"SendGrid, Inc.",0001477425,10-K,2018-02-26,edgar/data/1477425/0001558370-18-001105.txt
"Teladoc, Inc.",0001477449,10-K,2018-02-27,edgar/data/1477449/0001558370-18-001167.txt
CONTRAFECT Corp,0001478069,10-K,2018-03-15,edgar/data/1478069/0001193125-18-084172.txt
Pfenex Inc.,0001478121,10-K,2018-03-15,edgar/data/1478121/0001193125-18-084044.txt
IQVIA HOLDINGS INC.,0001478242,10-K,2018-02-16,edgar/data/1478242/0001564590-18-002340.txt
"Eagle Bancorp Montana, Inc.",0001478454,10-K,2018-03-13,edgar/data/1478454/0001437749-18-004478.txt
"STAG Industrial, Inc.",0001479094,10-K,2018-02-15,edgar/data/1479094/0001479094-18-000009.txt
United States Commodity Index Funds Trust,0001479247,10-K,2018-03-14,edgar/data/1479247/0001144204-18-014600.txt
"Revance Therapeutics, Inc.",0001479290,10-K,2018-03-02,edgar/data/1479290/0001479290-18-000038.txt
VapAria Corp,0001479915,10-K,2018-03-29,edgar/data/1479915/0001493152-18-004104.txt
"Ra Pharmaceuticals, Inc.",0001481512,10-K,2018-03-14,edgar/data/1481512/0001047469-18-001637.txt
Ryerson Holding Corp,0001481582,10-K,2018-03-05,edgar/data/1481582/0001564590-18-004385.txt
"Quad/Graphics, Inc.",0001481792,10-K,2018-02-21,edgar/data/1481792/0001481792-18-000004.txt
PREFERRED APARTMENT COMMUNITIES INC,0001481832,10-K,2018-03-01,edgar/data/1481832/0001481832-18-000013.txt
"KBS Real Estate Investment Trust III, Inc.",0001482430,10-K,2018-03-08,edgar/data/1482430/0001482430-18-000005.txt
"Hudson Pacific Properties, Inc.",0001482512,10-K,2018-02-16,edgar/data/1482512/0001482512-18-000031.txt
SLM Student Loan Trust 2010-1,0001482912,10-K,2018-03-30,edgar/data/1482912/0001140361-18-016134.txt
SLM Student Loan Trust 2010-2,0001482913,10-K,2018-03-30,edgar/data/1482913/0001140361-18-016135.txt
"Carter Validus Mission Critical REIT, Inc.",0001482974,10-K,2018-03-30,edgar/data/1482974/0001482974-18-000018.txt
WILLIAMS PARTNERS L.P.,0001483096,10-K,2018-02-22,edgar/data/1483096/0001483096-18-000006.txt
ETFS Precious Metals Basket Trust,0001483386,10-K,2018-02-27,edgar/data/1483386/0001483386-18-000003.txt
"BLACKSTAR ENTERPRISE GROUP, INC.",0001483646,10-K,2018-03-29,edgar/data/1483646/0001065949-18-000053.txt
"Jacksonville Bancorp, Inc.",0001484949,10-K,2018-03-07,edgar/data/1484949/0001144204-18-013242.txt
"Tower International, Inc.",0001485469,10-K,2018-02-28,edgar/data/1485469/0001144204-18-011448.txt
Oasis Petroleum Inc.,0001486159,10-K,2018-02-28,edgar/data/1486159/0001486159-18-000010.txt
"RENMIN TIANLI GROUP, INC.",0001486299,10-K,2018-03-28,edgar/data/1486299/0001193805-18-000456.txt
"BWX Technologies, Inc.",0001486957,10-K,2018-02-27,edgar/data/1486957/0001486957-18-000007.txt
"LegacyTexas Financial Group, Inc.",0001487052,10-K,2018-02-08,edgar/data/1487052/0001487052-18-000014.txt
KEYW HOLDING CORP,0001487101,10-K,2018-03-16,edgar/data/1487101/0001487101-18-000006.txt
"GenMark Diagnostics, Inc.",0001487371,10-K,2018-02-27,edgar/data/1487371/0001487371-18-000040.txt
Horizon Technology Finance Corp,0001487428,10-K,2018-03-06,edgar/data/1487428/0001144204-18-013096.txt
AIR LEASE CORP,0001487712,10-K,2018-02-22,edgar/data/1487712/0001558370-18-000933.txt
"Reven Housing REIT, Inc.",0001487782,10-K,2018-03-29,edgar/data/1487782/0001144204-18-017865.txt
ECA Marcellus Trust I,0001487798,10-K,2018-03-20,edgar/data/1487798/0001047469-18-001896.txt
Yangtze River Port & Logistics Ltd,0001487843,10-K,2018-03-09,edgar/data/1487843/0001213900-18-002769.txt
OFS Capital Corp,0001487918,10-K,2018-03-12,edgar/data/1487918/0001487918-18-000018.txt
"Vishay Precision Group, Inc.",0001487952,10-K,2018-03-15,edgar/data/1487952/0001487952-18-000006.txt
"Hawaiian Telcom Holdco, Inc.",0001487986,10-K,2018-03-13,edgar/data/1487986/0001558370-18-001948.txt
ATOSSA GENETICS INC,0001488039,10-K,2018-03-08,edgar/data/1488039/0001615774-18-001693.txt
"Ameresco, Inc.",0001488139,10-K,2018-03-07,edgar/data/1488139/0001488139-18-000015.txt
"Foundation Medicine, Inc.",0001488613,10-K,2018-03-07,edgar/data/1488613/0001564590-18-004758.txt
"Customers Bancorp, Inc.",0001488813,10-K,2018-02-23,edgar/data/1488813/0001488813-18-000008.txt
SemGroup Corp,0001489136,10-K,2018-02-26,edgar/data/1489136/0001489136-18-000004.txt
"SQN Alternative Investment Fund III, L.P.",0001489367,10-K,2018-03-29,edgar/data/1489367/0001493152-18-004144.txt
LyondellBasell Industries N.V.,0001489393,10-K,2018-02-22,edgar/data/1489393/0001193125-18-054181.txt
Golden Growers Cooperative,0001489874,10-K,2018-03-09,edgar/data/1489874/0001558370-18-001764.txt
"Groupon, Inc.",0001490281,10-K,2018-02-14,edgar/data/1490281/0001490281-18-000018.txt
Rhino Resource Partners LP,0001490630,10-K,2018-03-26,edgar/data/1490630/0001493152-18-003871.txt
CoreSite Realty Corp,0001490892,10-K,2018-02-09,edgar/data/1490892/0001558370-18-000547.txt
Business Development Corp of America,0001490927,10-K,2018-03-22,edgar/data/1490927/0001490927-18-000002.txt
"TESARO, Inc.",0001491576,10-K,2018-02-28,edgar/data/1491576/0001558370-18-001248.txt
"Sabra Health Care REIT, Inc.",0001492298,10-K,2018-02-21,edgar/data/1492298/0001492298-18-000008.txt
"Apellis Pharmaceuticals, Inc.",0001492422,10-K,2018-03-19,edgar/data/1492422/0001564590-18-006193.txt
Horizon Pharma plc,0001492426,10-K,2018-02-28,edgar/data/1492426/0001564590-18-003661.txt
Ally Wholesale Enterprises LLC,0001492632,10-K,2018-03-28,edgar/data/1492632/0001499357-18-000010.txt
Nielsen Holdings plc,0001492633,10-K,2018-02-08,edgar/data/1492633/0001564590-18-001617.txt
Wright Medical Group N.V.,0001492658,10-K,2018-02-28,edgar/data/1492658/0001492658-18-000012.txt
"T2 Biosystems, Inc.",0001492674,10-K,2018-03-19,edgar/data/1492674/0001564590-18-006225.txt
Knight-Swift Transportation Holdings Inc.,0001492691,10-K,2018-03-01,edgar/data/1492691/0001492691-18-000017.txt
"SL GREEN OPERATING PARTNERSHIP, L.P.",0001492869,10-K,2018-02-23,edgar/data/1492869/0001040971-18-000006.txt
BRUNSWICK CORP,0000014930,10-K,2018-02-20,edgar/data/14930/0000014930-18-000056.txt
"Lifeloc Technologies, Inc",0001493137,10-K,2018-03-26,edgar/data/1493137/0001079973-18-000196.txt
"Northfield Bancorp, Inc.",0001493225,10-K,2018-03-01,edgar/data/1493225/0001493225-18-000020.txt
"OTONOMY, INC.",0001493566,10-K,2018-03-08,edgar/data/1493566/0001564590-18-004915.txt
SLC Student Loan Trust 2010-1,0001493611,10-K,2018-03-30,edgar/data/1493611/0001140361-18-016133.txt
Turtle Beach Corp,0001493761,10-K,2018-03-07,edgar/data/1493761/0001493761-18-000011.txt
"Kilroy Realty, L.P.",0001493976,10-K,2018-02-13,edgar/data/1493976/0001025996-18-000107.txt
"CarGurus, Inc.",0001494259,10-K,2018-03-01,edgar/data/1494259/0001564590-18-004127.txt
Univar Inc.,0001494319,10-K,2018-02-28,edgar/data/1494319/0001494319-18-000014.txt
TWO HANDS Corp,0001494413,10-K,2018-03-29,edgar/data/1494413/0001511164-18-000188.txt
"EMERGENT CAPITAL, INC.",0001494448,10-K,2018-03-14,edgar/data/1494448/0001494448-18-000014.txt
"Corporate Capital Trust, Inc.",0001494538,10-K,2018-03-14,edgar/data/1494538/0001494538-18-000002.txt
BOSTON OMAHA Corp,0001494582,10-K,2018-03-30,edgar/data/1494582/0001437749-18-005929.txt
"OptiNose, Inc.",0001494650,10-K,2018-03-13,edgar/data/1494650/0001494650-18-000025.txt
"Digital Realty Trust, L.P.",0001494877,10-K,2018-03-01,edgar/data/1494877/0001297996-18-000026.txt
"Sensus Healthcare, Inc.",0001494891,10-K,2018-02-15,edgar/data/1494891/0001615774-18-001252.txt
Global Indemnity Ltd,0001494904,10-K,2018-03-09,edgar/data/1494904/0001193125-18-076967.txt
"Entergy Arkansas Restoration Funding, LLC",0001495216,10-K,2018-03-22,edgar/data/1495216/0000065984-18-000105.txt
GLADSTONE LAND Corp,0001495240,10-K,2018-02-20,edgar/data/1495240/0001495240-18-000004.txt
"Bravo Brio Restaurant Group, Inc.",0001495479,10-K,2018-03-15,edgar/data/1495479/0001495479-18-000034.txt
"Healthcare Trust of America Holdings, LP",0001495491,10-K,2018-02-20,edgar/data/1495491/0001360604-18-000018.txt
"Firsthand Technology Value Fund, Inc.",0001495584,10-K,2018-03-16,edgar/data/1495584/0001398344-18-004356.txt
GGP Inc.,0001496048,10-K,2018-02-22,edgar/data/1496048/0001496048-18-000009.txt
New Mountain Finance Corp,0001496099,10-K,2018-02-28,edgar/data/1496099/0001496099-18-000002.txt
"Hudson Pacific Properties, L.P.",0001496264,10-K,2018-02-16,edgar/data/1496264/0001482512-18-000031.txt
"REVA Medical, Inc.",0001496268,10-K,2018-03-07,edgar/data/1496268/0001564590-18-004707.txt
"3PEA INTERNATIONAL, INC.",0001496443,10-K,2018-03-26,edgar/data/1496443/0001683168-18-000758.txt
"CNL Healthcare Properties, Inc.",0001496454,10-K,2018-03-16,edgar/data/1496454/0001564590-18-006011.txt
"Calithera Biosciences, Inc.",0001496671,10-K,2018-03-08,edgar/data/1496671/0001564590-18-004953.txt
STATE BANK FINANCIAL CORP,0001497275,10-K,2018-02-23,edgar/data/1497275/0001497275-18-000008.txt
PLx Pharma Inc.,0001497504,10-K,2018-03-23,edgar/data/1497504/0001437749-18-005277.txt
"Summit Hotel Properties, Inc.",0001497645,10-K,2018-02-21,edgar/data/1497645/0001497645-18-000005.txt
Solar Quartz Technologies Corp,0001497649,10-K,2018-01-16,edgar/data/1497649/0001640334-18-000097.txt
"Walker & Dunlop, Inc.",0001497770,10-K,2018-02-23,edgar/data/1497770/0001558370-18-001023.txt
"American Renal Associates Holdings, Inc.",0001498068,10-K,2018-03-06,edgar/data/1498068/0001498068-18-000012.txt
MS Structured CMT Linked Trust Units Series 2010-01,0001498311,10-K,2018-03-27,edgar/data/1498311/0000903423-18-000178.txt
"COLE REAL ESTATE INCOME STRATEGY (DAILY NAV), INC.",0001498542,10-K,2018-03-30,edgar/data/1498542/0001498542-18-000025.txt
"COLE CREDIT PROPERTY TRUST IV, INC.",0001498547,10-K,2018-03-30,edgar/data/1498547/0001498547-18-000014.txt
"Spirit Airlines, Inc.",0001498710,10-K,2018-02-13,edgar/data/1498710/0001498710-18-000079.txt
Howard Hughes Corp,0001498828,10-K,2018-02-26,edgar/data/1498828/0001558370-18-001095.txt
"Sabine Pass Liquefaction, LLC",0001499200,10-K,2018-02-21,edgar/data/1499200/0001499200-18-000002.txt
Ally Master Owner Trust,0001499357,10-K,2018-03-28,edgar/data/1499357/0001499357-18-000010.txt
RBB Bancorp,0001499422,10-K,2018-03-30,edgar/data/1499422/0001564590-18-007262.txt
"Staffing 360 Solutions, Inc.",0001499717,10-K,2018-03-29,edgar/data/1499717/0001564590-18-007161.txt
China Herb Group Holdings Corp,0001499785,10-K,2018-03-07,edgar/data/1499785/0001213900-18-002641.txt
"K2M GROUP HOLDINGS, INC.",0001499807,10-K,2018-03-01,edgar/data/1499807/0001499807-18-000013.txt
"Townsquare Media, Inc.",0001499832,10-K,2018-03-13,edgar/data/1499832/0001628280-18-003129.txt
GOLD UNION INC.,0001500122,10-K,2018-03-23,edgar/data/1500122/0001683168-18-000745.txt
"SI Financial Group, Inc.",0001500213,10-K,2018-03-15,edgar/data/1500213/0001500213-18-000019.txt
"American Assets Trust, Inc.",0001500217,10-K,2018-02-16,edgar/data/1500217/0001500217-18-000024.txt
"GoPro, Inc.",0001500435,10-K,2018-02-16,edgar/data/1500435/0001500435-18-000010.txt
Dongxing International Inc.,0001500861,10-K,2018-03-30,edgar/data/1500861/0001262463-18-000081.txt
Invitae Corp,0001501134,10-K,2018-03-06,edgar/data/1501134/0001564590-18-004430.txt
"Bnet Media Group, Inc.",0001501268,10-K,2018-03-23,edgar/data/1501268/0001551163-18-000034.txt
"United Financial Bancorp, Inc.",0001501364,10-K,2018-02-28,edgar/data/1501364/0001501364-18-000033.txt
"Veritex Holdings, Inc.",0001501570,10-K,2018-03-14,edgar/data/1501570/0001501570-18-000053.txt
"HUNTINGTON INGALLS INDUSTRIES, INC.",0001501585,10-K,2018-02-15,edgar/data/1501585/0001501585-18-000006.txt
"Arsanis, Inc.",0001501697,10-K,2018-03-09,edgar/data/1501697/0001564590-18-005038.txt
FS Energy & Power Fund,0001501729,10-K,2018-03-07,edgar/data/1501729/0001047469-18-001361.txt
"Adverum Biotechnologies, Inc.",0001501756,10-K,2018-03-06,edgar/data/1501756/0001564590-18-004560.txt
"CytomX Therapeutics, Inc.",0001501989,10-K,2018-03-07,edgar/data/1501989/0001564590-18-004727.txt
"GNC HOLDINGS, INC.",0001502034,10-K,2018-03-01,edgar/data/1502034/0001628280-18-002664.txt
"AngioSoma, Inc.",0001502152,10-K,2018-01-16,edgar/data/1502152/0001161697-18-000046.txt
"Conifer Holdings, Inc.",0001502292,10-K,2018-03-15,edgar/data/1502292/0001502292-18-000011.txt
"ICON ECI FUND FIFTEEN, L.P.",0001502519,10-K,2018-03-30,edgar/data/1502519/0001502519-18-000003.txt
Go Eco Group,0001503161,10-K,2018-01-12,edgar/data/1503161/0001721716-18-000012.txt
Quanterix Corp,0001503274,10-K,2018-03-19,edgar/data/1503274/0001047469-18-001842.txt
Karyopharm Therapeutics Inc.,0001503802,10-K,2018-03-15,edgar/data/1503802/0001193125-18-084024.txt
"BankUnited, Inc.",0001504008,10-K,2018-03-01,edgar/data/1504008/0001504008-18-000004.txt
5V Inc.,0001504876,10-K,2018-01-16,edgar/data/1504876/0001213900-18-000546.txt
Ceres Tactical Macro L.P.,0001504886,10-K,2018-03-28,edgar/data/1504886/0001193125-18-099261.txt
"Upland Software, Inc.",0001505155,10-K,2018-03-09,edgar/data/1505155/0001628280-18-002967.txt
VOC Energy Trust,0001505413,10-K,2018-03-14,edgar/data/1505413/0001047469-18-001645.txt
Regulus Therapeutics Inc.,0001505512,10-K,2018-03-08,edgar/data/1505512/0001628280-18-002874.txt
"Bankwell Financial Group, Inc.",0001505732,10-K,2018-03-30,edgar/data/1505732/0001144204-18-018196.txt
MS Structured Floating Rate Trust Series 2010-04 (IP),0001505890,10-K,2018-03-27,edgar/data/1505890/0000903423-18-000177.txt
"KINDER MORGAN, INC.",0001506307,10-K,2018-02-09,edgar/data/1506307/0001506307-18-000010.txt
"InfraREIT, Inc.",0001506401,10-K,2018-03-05,edgar/data/1506401/0001564590-18-004382.txt
"SharpSpring, Inc.",0001506439,10-K,2018-03-15,edgar/data/1506439/0001654954-18-002630.txt
"CHF Solutions, Inc.",0001506492,10-K,2018-03-22,edgar/data/1506492/0001140361-18-014681.txt
"Texas South Energy, Inc.",0001506742,10-K,2018-03-28,edgar/data/1506742/0001213900-18-003583.txt
Avinger Inc,0001506928,10-K,2018-03-30,edgar/data/1506928/0001104659-18-021543.txt
"Integrity Applications, Inc.",0001506983,10-K,2018-03-30,edgar/data/1506983/0001178913-18-001056.txt
"Floor & Decor Holdings, Inc.",0001507079,10-K,2018-03-05,edgar/data/1507079/0001558370-18-001485.txt
"VEREIT, Inc.",0001507385,10-K,2018-02-22,edgar/data/1507385/0001507385-18-000030.txt
"ESH Hospitality, Inc.",0001507563,10-K,2018-02-27,edgar/data/1507563/0001628280-18-002303.txt
ANDEAVOR LOGISTICS LP,0001507615,10-K,2018-02-21,edgar/data/1507615/0001507615-18-000030.txt
JetPay Corp,0001507986,10-K,2018-03-28,edgar/data/1507986/0001144204-18-017570.txt
Solar Senior Capital Ltd.,0001508171,10-K,2018-02-22,edgar/data/1508171/0001193125-18-054104.txt
"TPG Specialty Lending, Inc.",0001508655,10-K,2018-02-21,edgar/data/1508655/0001564590-18-002665.txt
"ARATANA THERAPEUTICS, INC.",0001509190,10-K,2018-03-14,edgar/data/1509190/0001509190-18-000010.txt
SandRidge Mississippian Trust I,0001509228,10-K,2018-03-09,edgar/data/1509228/0001509228-18-000005.txt
RPX Corp,0001509432,10-K,2018-03-05,edgar/data/1509432/0001509432-18-000015.txt
GSV Capital Corp.,0001509470,10-K,2018-03-16,edgar/data/1509470/0001144204-18-015279.txt
"American Assets Trust, L.P.",0001509570,10-K,2018-02-16,edgar/data/1509570/0001500217-18-000024.txt
"Bonanza Creek Energy, Inc.",0001509589,10-K,2018-03-15,edgar/data/1509589/0001509589-18-000004.txt
"LEAP THERAPEUTICS, INC.",0001509745,10-K,2018-02-23,edgar/data/1509745/0001047469-18-000976.txt
Garrison Capital Inc.,0001509892,10-K,2018-03-06,edgar/data/1509892/0001564590-18-004557.txt
Kosmos Energy Ltd.,0001509991,10-K,2018-02-26,edgar/data/1509991/0001509991-18-000014.txt
Marathon Petroleum Corp,0001510295,10-K,2018-02-28,edgar/data/1510295/0001510295-18-000024.txt
SLM Student Loan Trust 2011-1,0001510872,10-K,2018-03-30,edgar/data/1510872/0001140361-18-016136.txt
SLM Student Loan Trust 2011-2,0001510873,10-K,2018-03-30,edgar/data/1510873/0001140361-18-016137.txt
SLM Student Loan Trust 2011-3,0001510874,10-K,2018-03-30,edgar/data/1510874/0001140361-18-016138.txt
"CV Sciences, Inc.",0001510964,10-K,2018-03-30,edgar/data/1510964/0001683168-18-000816.txt
"First Connecticut Bancorp, Inc.",0001511198,10-K,2018-03-09,edgar/data/1511198/0001144204-18-013793.txt
RLJ Lodging Trust,0001511337,10-K,2018-02-28,edgar/data/1511337/0001511337-18-000046.txt
"LINDBLAD EXPEDITIONS HOLDINGS, INC.",0001512499,10-K,2018-03-02,edgar/data/1512499/0001213900-18-002504.txt
"Square, Inc.",0001512673,10-K,2018-02-27,edgar/data/1512673/0001512673-18-000004.txt
"Coherus BioSciences, Inc.",0001512762,10-K,2018-03-08,edgar/data/1512762/0001564590-18-004947.txt
"China United Insurance Service, Inc.",0001512927,10-K,2018-03-15,edgar/data/1512927/0001144204-18-014999.txt
MONROE CAPITAL Corp,0001512931,10-K,2018-03-14,edgar/data/1512931/0001144204-18-014651.txt
FIDUS INVESTMENT Corp,0001513363,10-K,2018-03-01,edgar/data/1513363/0001193125-18-067128.txt
Norwegian Cruise Line Holdings Ltd.,0001513761,10-K,2018-02-27,edgar/data/1513761/0001144204-18-011097.txt
"Versartis, Inc.",0001513818,10-K,2018-03-06,edgar/data/1513818/0001564590-18-004569.txt
"Neurotrope, Inc.",0001513856,10-K,2018-03-06,edgar/data/1513856/0001144204-18-013105.txt
"TRAQIQ, INC.",0001514056,10-K,2018-03-13,edgar/data/1514056/0001493152-18-003280.txt
"Delta Tucker Holdings, Inc.",0001514226,10-K,2018-03-21,edgar/data/1514226/0001514226-18-000010.txt
"AG Mortgage Investment Trust, Inc.",0001514281,10-K,2018-02-28,edgar/data/1514281/0001144204-18-011808.txt
Bandwidth Inc.,0001514416,10-K,2018-02-26,edgar/data/1514416/0001514416-18-000003.txt
"SunCoke Energy, Inc.",0001514705,10-K,2018-02-15,edgar/data/1514705/0001514705-18-000003.txt
"SAExploration Holdings, Inc.",0001514732,10-K,2018-03-16,edgar/data/1514732/0001514732-18-000042.txt
"AXIM BIOTECHNOLOGIES, INC.",0001514946,10-K,2018-03-15,edgar/data/1514946/0001078782-18-000306.txt
AMC Networks Inc.,0001514991,10-K,2018-03-01,edgar/data/1514991/0001514991-18-000004.txt
"Advanced Emissions Solutions, Inc.",0001515156,10-K,2018-03-12,edgar/data/1515156/0001515156-18-000024.txt
Ultragenyx Pharmaceutical Inc.,0001515673,10-K,2018-02-21,edgar/data/1515673/0001564590-18-002535.txt
Plymouth Industrial REIT Inc.,0001515816,10-K,2018-03-08,edgar/data/1515816/0001171520-18-000145.txt
"Insys Therapeutics, Inc.",0001516479,10-K,2018-03-12,edgar/data/1516479/0001564590-18-005187.txt
"Nemus Bioscience, Inc.",0001516551,10-K,2018-03-19,edgar/data/1516551/0001640334-18-000482.txt
"Moxian, Inc.",0001516805,10-K,2018-01-08,edgar/data/1516805/0001144204-18-001287.txt
"Wellness Center USA, Inc.",0001516887,10-K,2018-02-20,edgar/data/1516887/0001078782-18-000201.txt
MTGE Investment Corp.,0001516973,10-K,2018-02-27,edgar/data/1516973/0001516973-18-000011.txt
"Akebia Therapeutics, Inc.",0001517022,10-K,2018-03-12,edgar/data/1517022/0001564590-18-005286.txt
Pingtan Marine Enterprise Ltd.,0001517130,10-K,2018-03-14,edgar/data/1517130/0001213900-18-002958.txt
"Chefs' Warehouse, Inc.",0001517175,10-K,2018-03-09,edgar/data/1517175/0001628280-18-003044.txt
"CommScope Holding Company, Inc.",0001517228,10-K,2018-02-15,edgar/data/1517228/0001564590-18-002108.txt
Artisan Partners Asset Management Inc.,0001517302,10-K,2018-02-21,edgar/data/1517302/0001517302-18-000018.txt
"Merion, Inc.",0001517498,10-K,2018-03-20,edgar/data/1517498/0001477932-18-001362.txt
LG&E & KU Energy LLC,0001518339,10-K,2018-02-22,edgar/data/1518339/0000922224-18-000023.txt
"Alta Mesa Holdings, LP",0001518403,10-K,2018-03-29,edgar/data/1518403/0001518403-18-000003.txt
Aleris Corp,0001518587,10-K,2018-03-20,edgar/data/1518587/0001518587-18-000014.txt
"Orchid Island Capital, Inc.",0001518621,10-K,2018-02-15,edgar/data/1518621/0001275477-18-000034.txt
"HomeStreet, Inc.",0001518715,10-K,2018-03-06,edgar/data/1518715/0001518715-18-000095.txt
"WPX ENERGY, INC.",0001518832,10-K,2018-02-22,edgar/data/1518832/0001518832-18-000003.txt
"West Texas Resources, Inc.",0001518985,10-K,2018-01-16,edgar/data/1518985/0001683168-18-000146.txt
Trinseo S.A.,0001519061,10-K,2018-03-01,edgar/data/1519061/0001558370-18-001379.txt
"ATEL 15, LLC",0001519117,10-K,2018-03-27,edgar/data/1519117/0001144204-18-016961.txt
Regional Management Corp.,0001519401,10-K,2018-02-23,edgar/data/1519401/0001193125-18-056059.txt
CURRENCYSHARES CHINESE RENMINBI TRUST,0001519405,10-K,2018-01-11,edgar/data/1519405/0001193125-18-008984.txt
"Fortune Brands Home & Security, Inc.",0001519751,10-K,2018-02-28,edgar/data/1519751/0001193125-18-063999.txt
Matador Resources Co,0001520006,10-K,2018-03-01,edgar/data/1520006/0001520006-18-000053.txt
Enduro Royalty Trust,0001520048,10-K,2018-03-12,edgar/data/1520048/0001104659-18-016762.txt
Alkermes plc.,0001520262,10-K,2018-02-16,edgar/data/1520262/0001520262-18-000016.txt
Nationstar Mortgage Holdings Inc.,0001520566,10-K,2018-03-02,edgar/data/1520566/0001520566-18-000004.txt
"Acadia Healthcare Company, Inc.",0001520697,10-K,2018-02-27,edgar/data/1520697/0001193125-18-061152.txt
"Pulse Network, Inc.",0001521013,10-K,2018-02-26,edgar/data/1521013/0001477932-18-001018.txt
"Lantheus Holdings, Inc.",0001521036,10-K,2018-02-26,edgar/data/1521036/0001628280-18-002261.txt
SandRidge Permian Trust,0001521168,10-K,2018-03-09,edgar/data/1521168/0001521168-18-000004.txt
Aptiv PLC,0001521332,10-K,2018-02-05,edgar/data/1521332/0001521332-18-000013.txt
APEX 2 INC.,0001521466,10-K,2018-01-29,edgar/data/1521466/0001477932-18-000535.txt
APEX 2 INC.,0001521466,10-K,2018-03-19,edgar/data/1521466/0001477932-18-001331.txt
Amplify Energy Corp,0001521847,10-K,2018-03-12,edgar/data/1521847/0001564590-18-005304.txt
"FIRST BUSINESS FINANCIAL SERVICES, INC.",0001521951,10-K,2018-03-09,edgar/data/1521951/0001521951-18-000021.txt
Entegra Financial Corp.,0001522327,10-K,2018-03-16,edgar/data/1522327/0001552781-18-000112.txt
"BSB Bancorp, Inc.",0001522420,10-K,2018-03-16,edgar/data/1522420/0001193125-18-085551.txt
"Citibank, N.A., as depositor of Citibank Credit Card Issuance Trust",0001522616,10-K,2018-03-30,edgar/data/1522616/0001193125-18-103221.txt
"GWG Holdings, Inc.",0001522690,10-K,2018-03-29,edgar/data/1522690/0001213900-18-003608.txt
"USA Compression Partners, LP",0001522727,10-K,2018-02-13,edgar/data/1522727/0001558370-18-000600.txt
"Cyberfort Software, Inc.",0001522787,10-K,2018-01-29,edgar/data/1522787/0001477932-18-000532.txt
"ENTERGY LOUISIANA INVESTMENT RECOVERY FUNDING I, L.L.C.",0001523519,10-K,2018-03-22,edgar/data/1523519/0000065984-18-000106.txt
Sierra Income Corp,0001523526,10-K,2018-03-13,edgar/data/1523526/0001523526-18-000005.txt
"West End Indiana Bancshares, Inc.",0001523854,10-K,2018-03-30,edgar/data/1523854/0001144204-18-018161.txt
"TILLY'S, INC.",0001524025,10-K,2018-03-30,edgar/data/1524025/0001628280-18-003874.txt
"Manning & Napier, Inc.",0001524223,10-K,2018-03-16,edgar/data/1524223/0001524223-18-000011.txt
MARRIOTT VACATIONS WORLDWIDE Corp,0001524358,10-K,2018-02-27,edgar/data/1524358/0001524358-18-000007.txt
Xylem Inc.,0001524472,10-K,2018-02-23,edgar/data/1524472/0001524472-18-000006.txt
"MPT Operating Partnership, L.P.",0001524607,10-K,2018-03-01,edgar/data/1524607/0001193125-18-067584.txt
"U.S. SILICA HOLDINGS, INC.",0001524741,10-K,2018-02-21,edgar/data/1524741/0001628280-18-001983.txt
CHESAPEAKE GRANITE WASH TRUST,0001524769,10-K,2018-03-21,edgar/data/1524769/0001524769-18-000009.txt
"CHUY'S HOLDINGS, INC.",0001524931,10-K,2018-03-15,edgar/data/1524931/0001524931-18-000024.txt
ERA GROUP INC.,0001525221,10-K,2018-03-09,edgar/data/1525221/0001525221-18-000014.txt
Sprague Resources LP,0001525287,10-K,2018-03-14,edgar/data/1525287/0001525287-18-000037.txt
FS Investment Corp II,0001525759,10-K,2018-03-09,edgar/data/1525759/0001144204-18-013804.txt
"Global Net Lease, Inc.",0001526113,10-K,2018-02-28,edgar/data/1526113/0001526113-18-000004.txt
"Verastem, Inc.",0001526119,10-K,2018-03-13,edgar/data/1526119/0001558370-18-001953.txt
"TripAdvisor, Inc.",0001526520,10-K,2018-02-21,edgar/data/1526520/0001564590-18-002664.txt
"Wellesley Bancorp, Inc.",0001526952,10-K,2018-03-29,edgar/data/1526952/0001144204-18-017977.txt
Carlyle Group L.P.,0001527166,10-K,2018-02-15,edgar/data/1527166/0001527166-18-000008.txt
"National CineMedia, LLC",0001527190,10-K,2018-03-14,edgar/data/1527190/0001564590-18-005631.txt
Athene Holding Ltd,0001527469,10-K,2018-02-26,edgar/data/1527469/0001527469-18-000011.txt
DBUBS 2011-LC3 Mortgage Trust,0001527531,10-K,2018-03-20,edgar/data/1527531/0001056404-18-001528.txt
"Wheeler Real Estate Investment Trust, Inc.",0001527541,10-K,2018-03-07,edgar/data/1527541/0001527541-18-000030.txt
Sutherland Asset Management Corp,0001527590,10-K,2018-03-16,edgar/data/1527590/0001558370-18-002174.txt
"SYNLOGIC, INC.",0001527599,10-K,2018-03-20,edgar/data/1527599/0001564590-18-006323.txt
"NuZee, Inc.",0001527613,10-K,2018-02-21,edgar/data/1527613/0001127855-18-000020.txt
"Mid-Con Energy Partners, LP",0001527709,10-K,2018-02-28,edgar/data/1527709/0001564590-18-003806.txt
"VEREIT Operating Partnership, L.P.",0001528059,10-K,2018-02-22,edgar/data/1528059/0001507385-18-000030.txt
"Laredo Petroleum, Inc.",0001528129,10-K,2018-02-15,edgar/data/1528129/0001528129-18-000026.txt
Genie Energy Ltd.,0001528356,10-K,2018-03-16,edgar/data/1528356/0001213900-18-003067.txt
"Corindus Vascular Robotics, Inc.",0001528557,10-K,2018-03-19,edgar/data/1528557/0001387131-18-001104.txt
"Exeo Entertainment, Inc.",0001528760,10-K,2018-03-06,edgar/data/1528760/0001654954-18-002162.txt
Sanchez Energy Corp,0001528837,10-K,2018-03-01,edgar/data/1528837/0001558370-18-001337.txt
RH,0001528849,10-K,2018-03-29,edgar/data/1528849/0001564590-18-007158.txt
"Inland Real Estate Income Trust, Inc.",0001528985,10-K,2018-03-16,edgar/data/1528985/0001564590-18-005969.txt
INPIXON,0001529113,10-K,2018-03-27,edgar/data/1529113/0001213900-18-003538.txt
Ares Commercial Real Estate Corp,0001529377,10-K,2018-03-01,edgar/data/1529377/0001529377-18-000010.txt
"FTS International, Inc.",0001529463,10-K,2018-03-09,edgar/data/1529463/0001104659-18-016368.txt
"Smart Sand, Inc.",0001529628,10-K,2018-03-15,edgar/data/1529628/0001564590-18-005710.txt
J.P. Morgan Chase Commercial Mortgage Securities Trust 2011-C5,0001529658,10-K,2018-03-22,edgar/data/1529658/0001056404-18-001650.txt
"Enova International, Inc.",0001529864,10-K,2018-02-26,edgar/data/1529864/0001564590-18-003222.txt
GS Mortgage Securities Trust 2011-GC5,0001530219,10-K,2018-03-23,edgar/data/1530219/0001193125-18-094039.txt
"FS Bancorp, Inc.",0001530249,10-K,2018-03-16,edgar/data/1530249/0001558370-18-002203.txt
"BioSig Technologies, Inc.",0001530766,10-K,2018-02-27,edgar/data/1530766/0001185185-18-000331.txt
Tronox Ltd,0001530804,10-K,2018-03-01,edgar/data/1530804/0001140361-18-011324.txt
"Esquire Financial Holdings, Inc.",0001531031,10-K,2018-03-29,edgar/data/1531031/0001144204-18-017879.txt
Express Scripts Holding Co.,0001532063,10-K,2018-02-27,edgar/data/1532063/0001532063-18-000004.txt
"Nine Energy Service, Inc.",0001532286,10-K,2018-03-29,edgar/data/1532286/0001564590-18-007130.txt
VANJIA CORP,0001532383,10-K,2018-03-28,edgar/data/1532383/0001552781-18-000126.txt
Power REIT,0001532619,10-K,2018-03-23,edgar/data/1532619/0001493152-18-003837.txt
WFRBS Commercial Mortgage Trust 2011-C5,0001532826,10-K,2018-03-21,edgar/data/1532826/0001056404-18-001576.txt
"NV5 Global, Inc.",0001532961,10-K,2018-03-13,edgar/data/1532961/0001437749-18-004511.txt
RXi Pharmaceuticals Corp,0001533040,10-K,2018-03-26,edgar/data/1533040/0001193125-18-096053.txt
"GLOBAL BRASS & COPPER HOLDINGS, INC.",0001533526,10-K,2018-03-01,edgar/data/1533526/0001533526-18-000016.txt
Global Medical REIT Inc.,0001533615,10-K,2018-03-12,edgar/data/1533615/0001144204-18-014101.txt
Hughes Satellite Systems Corp,0001533758,10-K,2018-02-22,edgar/data/1533758/0001533758-18-000004.txt
"CenterPoint Energy Transition Bond Co IV, LLC",0001533840,10-K,2018-03-27,edgar/data/1533840/0001193125-18-097762.txt
"Midstates Petroleum Company, Inc.",0001533924,10-K,2018-03-14,edgar/data/1533924/0001104659-18-017491.txt
"Worldpay, Inc.",0001533932,10-K,2018-02-28,edgar/data/1533932/0001533932-18-000086.txt
DarioHealth Corp.,0001533998,10-K,2018-03-19,edgar/data/1533998/0001144204-18-015415.txt
Ipsidy Inc.,0001534154,10-K,2018-03-15,edgar/data/1534154/0001615774-18-001911.txt
CION Investment Corp,0001534254,10-K,2018-03-16,edgar/data/1534254/0001534254-18-000009.txt
BioAmber Inc.,0001534287,10-K,2018-03-30,edgar/data/1534287/0001564590-18-007185.txt
PBF Energy Inc.,0001534504,10-K,2018-02-23,edgar/data/1534504/0001534504-18-000016.txt
"Xenetic Biosciences, Inc.",0001534525,10-K,2018-03-30,edgar/data/1534525/0001683168-18-000831.txt
Tecnoglass Inc.,0001534675,10-K,2018-03-14,edgar/data/1534675/0001493152-18-003346.txt
Phillips 66,0001534701,10-K,2018-02-23,edgar/data/1534701/0001534701-18-000065.txt
"Fiesta Restaurant Group, Inc.",0001534992,10-K,2018-02-26,edgar/data/1534992/0001534992-18-000010.txt
"McorpCX, Inc.",0001535079,10-K,2018-03-29,edgar/data/1535079/0001437749-18-005752.txt
iSHARES COMMODITY OPTIMIZED TRUST,0001535365,10-K,2018-02-28,edgar/data/1535365/0001437749-18-003510.txt
GS Mortgage Securities Trust 2012-GC6,0001535456,10-K,2018-03-23,edgar/data/1535456/0001056404-18-001774.txt
CFCRE Commercial Mortgage Trust 2011-C2,0001535706,10-K,2018-03-28,edgar/data/1535706/0001193125-18-099045.txt
"HMS INCOME FUND, INC.",0001535778,10-K,2018-03-21,edgar/data/1535778/0001535778-18-000010.txt
"Voya Financial, Inc.",0001535929,10-K,2018-02-23,edgar/data/1535929/0001535929-18-000006.txt
Lipocine Inc.,0001535955,10-K,2018-03-12,edgar/data/1535955/0001144204-18-013981.txt
UBS-Citigroup Commercial Mortgage Trust 2011-C1,0001536226,10-K,2018-03-29,edgar/data/1536226/0001020242-18-000108.txt
Medley LLC,0001536577,10-K,2018-03-29,edgar/data/1536577/0001536577-18-000003.txt
SLM Student Loan Trust 2012-1,0001536720,10-K,2018-03-30,edgar/data/1536720/0001140361-18-016139.txt
"Independence Contract Drilling, Inc.",0001537028,10-K,2018-02-26,edgar/data/1537028/0001537028-18-000029.txt
Gogo Inc.,0001537054,10-K,2018-02-22,edgar/data/1537054/0001193125-18-053979.txt
Whiting USA Trust II,0001537058,10-K,2018-03-22,edgar/data/1537058/0001537058-18-000010.txt
"ATEL Growth Capital Fund 8, LLC",0001537069,10-K,2018-03-27,edgar/data/1537069/0001144204-18-016970.txt
TECOGEN INC.,0001537435,10-K,2018-03-21,edgar/data/1537435/0001537435-18-000028.txt
"J.E.M. CAPITAL, INC.",0001537528,10-K,2018-03-29,edgar/data/1537528/0001079974-18-000158.txt
SELECT INCOME REIT,0001537667,10-K,2018-02-16,edgar/data/1537667/0001537667-18-000011.txt
SandRidge Mississippian Trust II,0001538267,10-K,2018-03-09,edgar/data/1538267/0001538267-18-000006.txt
Pacific Coast Oil Trust,0001538822,10-K,2018-03-09,edgar/data/1538822/0001104659-18-016278.txt
CrossAmerica Partners LP,0001538849,10-K,2018-02-27,edgar/data/1538849/0001564590-18-003295.txt
STORE CAPITAL Corp,0001538990,10-K,2018-02-23,edgar/data/1538990/0001558370-18-001020.txt
"Clearside Biomedical, Inc.",0001539029,10-K,2018-03-16,edgar/data/1539029/0001564590-18-006055.txt
"Triumph Bancorp, Inc.",0001539638,10-K,2018-02-13,edgar/data/1539638/0001564590-18-001945.txt
AEP Texas Central Transition Funding III LLC,0001539816,10-K,2018-03-23,edgar/data/1539816/0001539816-18-000002.txt
"Diamondback Energy, Inc.",0001539838,10-K,2018-02-15,edgar/data/1539838/0001539838-18-000014.txt
"Starco Brands, Inc.",0001539850,10-K,2018-03-30,edgar/data/1539850/0001091818-18-000069.txt
"WFB Funding, LLC",0001540723,10-K,2018-03-30,edgar/data/1540723/0001193125-18-103170.txt
Foresight Energy LP,0001540729,10-K,2018-03-07,edgar/data/1540729/0001564590-18-004588.txt
"EQT Midstream Partners, LP",0001540947,10-K,2018-02-15,edgar/data/1540947/0001540947-18-000008.txt
SLM Student Loan Trust 2012-2,0001540960,10-K,2018-03-30,edgar/data/1540960/0001140361-18-016140.txt
"Sound Financial Bancorp, Inc.",0001541119,10-K,2018-03-27,edgar/data/1541119/0001140361-18-015234.txt
"Empire State Realty Trust, Inc.",0001541401,10-K,2018-02-28,edgar/data/1541401/0001628280-18-002431.txt
"RREEF Property Trust, Inc.",0001542447,10-K,2018-03-07,edgar/data/1542447/0001542447-18-000010.txt
Prosper Funding LLC,0001542574,10-K,2018-03-26,edgar/data/1542574/0001416265-18-000173.txt
WFRBS Commercial Mortgage Trust 2012-C6,0001542830,10-K,2018-03-22,edgar/data/1542830/0001056404-18-001657.txt
COMM 2012-LC4 Mortgage Trust,0001543042,10-K,2018-03-21,edgar/data/1543042/0001020242-18-000083.txt
Trilogy Metals Inc.,0001543418,10-K,2018-02-02,edgar/data/1543418/0001279569-18-000183.txt
"Shepherd's Finance, LLC",0001544190,10-K,2018-03-23,edgar/data/1544190/0001493152-18-003818.txt
"TCG BDC, INC.",0001544206,10-K,2018-02-27,edgar/data/1544206/0001544206-18-000010.txt
"OvaScience, Inc.",0001544227,10-K,2018-03-15,edgar/data/1544227/0001544227-18-000002.txt
"Engility Holdings, Inc.",0001544229,10-K,2018-03-02,edgar/data/1544229/0001564590-18-004252.txt
"CARDAX, INC.",0001544238,10-K,2018-03-27,edgar/data/1544238/0001493152-18-003937.txt
American Oil & Gas Inc.,0001544400,10-K,2018-02-08,edgar/data/1544400/0001165527-18-000021.txt
UBS Commercial Mortgage Trust 2012-C1,0001544629,10-K,2018-03-19,edgar/data/1544629/0001020242-18-000058.txt
"Nostalgia Family Brands, Inc.",0001544861,10-K,2018-01-30,edgar/data/1544861/0001477932-18-000544.txt
J.P. Morgan Chase Commercial Mortgage Securities Trust 2012-C6,0001545018,10-K,2018-03-19,edgar/data/1545018/0001056404-18-001442.txt
WMI Liquidating Trust,0001545078,10-K,2018-03-27,edgar/data/1545078/0001193125-18-097841.txt
"Alexander & Baldwin, Inc.",0001545654,10-K,2018-03-01,edgar/data/1545654/0001545654-18-000014.txt
"Professional Diversity Network, Inc.",0001546296,10-K,2018-03-30,edgar/data/1546296/0001493152-18-004258.txt
"RLJ ENTERTAINMENT, INC.",0001546381,10-K,2018-03-16,edgar/data/1546381/0001564590-18-006092.txt
"Bloomin' Brands, Inc.",0001546417,10-K,2018-02-28,edgar/data/1546417/0001546417-18-000042.txt
SLM Student Loan Trust 2012-3,0001546637,10-K,2018-03-30,edgar/data/1546637/0001140361-18-016141.txt
"Skkynet Cloud Systems, Inc.",0001546853,10-K,2018-02-13,edgar/data/1546853/0001477932-18-000782.txt
Five Oaks Investment Corp.,0001547546,10-K,2018-03-16,edgar/data/1547546/0001628280-18-003315.txt
"Southcross Energy Partners, L.P.",0001547638,10-K,2018-03-01,edgar/data/1547638/0001547638-18-000018.txt
"NMI Holdings, Inc.",0001547903,10-K,2018-02-16,edgar/data/1547903/0001547903-18-000038.txt
GS Mortgage Securities Trust 2012-GCJ7,0001548266,10-K,2018-03-23,edgar/data/1548266/0001056404-18-001786.txt
COMM 2012-CCRE1 Mortgage Trust,0001548599,10-K,2018-03-20,edgar/data/1548599/0001056404-18-001530.txt
"EKSO BIONICS HOLDINGS, INC.",0001549084,10-K,2018-03-13,edgar/data/1549084/0001144204-18-014386.txt
"Shutterstock, Inc.",0001549346,10-K,2018-02-22,edgar/data/1549346/0001549346-18-000006.txt
Hi-Crush Partners LP,0001549848,10-K,2018-02-20,edgar/data/1549848/0001549848-18-000028.txt
"Summit Midstream Partners, LP",0001549922,10-K,2018-02-26,edgar/data/1549922/0001564590-18-003135.txt
Silvercrest Asset Management Group Inc.,0001549966,10-K,2018-03-09,edgar/data/1549966/0001564590-18-005134.txt
eWELLNESS HEALTHCARE Corp,0001550020,10-K,2018-03-28,edgar/data/1550020/0001493152-18-004022.txt
WFRBS Commercial Mortgage Trust 2012-C7,0001550120,10-K,2018-03-22,edgar/data/1550120/0001056404-18-001625.txt
J.P. Morgan Chase Commercial Mortgage Securities Trust 2012-CIBX,0001550221,10-K,2018-03-19,edgar/data/1550221/0001056404-18-001443.txt
RBC Covered Bond Guarantor Limited Partnership,0001550369,10-K,2018-01-29,edgar/data/1550369/0001214659-18-000692.txt
Performant Financial Corp,0001550695,10-K,2018-03-14,edgar/data/1550695/0001550695-18-000006.txt
"Sector 5, Inc.",0001550737,10-K,2018-02-15,edgar/data/1550737/0001477932-18-000871.txt
AbbVie Inc.,0001551152,10-K,2018-02-16,edgar/data/1551152/0001551152-18-000014.txt
Eaton Corp plc,0001551182,10-K,2018-02-28,edgar/data/1551182/0001551182-18-000074.txt
BNSF RAILWAY CO,0000015511,10-K,2018-02-26,edgar/data/15511/0000015511-18-000005.txt
SLM Student Loan Trust 2012-5,0001551271,10-K,2018-03-30,edgar/data/1551271/0001140361-18-016142.txt
"Sientra, Inc.",0001551693,10-K,2018-03-13,edgar/data/1551693/0001564590-18-005488.txt
VGRAB COMMUNICATIONS INC.,0001551887,10-K,2018-02-13,edgar/data/1551887/0001393905-18-000049.txt
Stellus Capital Investment Corp,0001551901,10-K,2018-03-06,edgar/data/1551901/0001144204-18-012929.txt
"INNOVATE BIOPHARMACEUTICALS, INC.",0001551986,10-K,2018-03-14,edgar/data/1551986/0001144204-18-014481.txt
MPLX LP,0001552000,10-K,2018-02-28,edgar/data/1552000/0001552000-18-000020.txt
TransUnion,0001552033,10-K,2018-02-13,edgar/data/1552033/0001552033-18-000018.txt
Barclays Dryrock Issuance Trust,0001552111,10-K,2018-03-28,edgar/data/1552111/0001208646-18-000046.txt
"WhiteHorse Finance, Inc.",0001552198,10-K,2018-03-14,edgar/data/1552198/0001144204-18-014675.txt
Sunoco LP,0001552275,10-K,2018-02-23,edgar/data/1552275/0001552275-18-000013.txt
UBS-Barclays Commercial Mortgage Trust 2012-C2,0001552328,10-K,2018-03-22,edgar/data/1552328/0001019965-18-000062.txt
MyoKardia Inc,0001552451,10-K,2018-03-08,edgar/data/1552451/0001564590-18-004940.txt
CNH Industrial Capital LLC,0001552493,10-K,2018-03-02,edgar/data/1552493/0001558370-18-001455.txt
"Delek Logistics Partners, LP",0001552797,10-K,2018-03-01,edgar/data/1552797/0001552797-18-000019.txt
"TILE SHOP HOLDINGS, INC.",0001552800,10-K,2018-02-21,edgar/data/1552800/0001552800-18-000005.txt
Future Healthcare of America,0001552845,10-K,2018-03-28,edgar/data/1552845/0001548123-18-000034.txt
CyrusOne Inc.,0001553023,10-K,2018-02-22,edgar/data/1553023/0001553023-18-000029.txt
"Empire State Realty OP, L.P.",0001553079,10-K,2018-02-28,edgar/data/1553079/0001628280-18-002433.txt
WFRBS COMMERCIAL MORTGAGE TRUST 2012-C8,0001553817,10-K,2018-03-22,edgar/data/1553817/0001056404-18-001667.txt
COMM 2012-CCRE2 Mortgage Trust,0001554776,10-K,2018-03-19,edgar/data/1554776/0001056404-18-001435.txt
"Semler Scientific, Inc.",0001554859,10-K,2018-03-08,edgar/data/1554859/0001144204-18-013487.txt
Front Yard Residential Corp,0001555039,10-K,2018-03-01,edgar/data/1555039/0001555039-18-000007.txt
Altisource Asset Management Corp,0001555074,10-K,2018-03-01,edgar/data/1555074/0001555074-18-000004.txt
EP Energy LLC,0001555082,10-K,2018-03-02,edgar/data/1555082/0001555082-18-000002.txt
Emerge Energy Services LP,0001555177,10-K,2018-03-01,edgar/data/1555177/0001628280-18-002657.txt
Zoetis Inc.,0001555280,10-K,2018-02-15,edgar/data/1555280/0001555280-18-000053.txt
"SunCoke Energy Partners, L.P.",0001555538,10-K,2018-02-15,edgar/data/1555538/0001555538-18-000001.txt
UBS-Barclays Commercial Mortgage Trust 2012-C3,0001555902,10-K,2018-03-20,edgar/data/1555902/0001020242-18-000080.txt
SLM Student Loan Trust 2012-6,0001556107,10-K,2018-03-30,edgar/data/1556107/0001140361-18-016143.txt
"CUR MEDIA, INC.",0001556226,10-K,2018-01-29,edgar/data/1556226/0001477932-18-000523.txt
"Syros Pharmaceuticals, Inc.",0001556263,10-K,2018-03-12,edgar/data/1556263/0001558370-18-001860.txt
"Owens Realty Mortgage, Inc.",0001556364,10-K,2018-03-13,edgar/data/1556364/0001556364-18-000014.txt
COMM 2012-CCRE3 Mortgage Trust,0001556487,10-K,2018-03-19,edgar/data/1556487/0001020242-18-000060.txt
New Residential Investment Corp.,0001556593,10-K,2018-02-15,edgar/data/1556593/0001556593-18-000008.txt
Wells Fargo Commercial Mortgage Trust 2012-LC5,0001556601,10-K,2018-03-21,edgar/data/1556601/0001056404-18-001578.txt
Citigroup Commercial Mortgage Trust 2012-GC8,0001556811,10-K,2018-03-30,edgar/data/1556811/0001193125-18-103107.txt
"Techpoint, Inc.",0001556898,10-K,2018-03-14,edgar/data/1556898/0001564590-18-005581.txt
J.P. Morgan Chase Commercial Mortgage Securities Trust 2012-C8,0001556965,10-K,2018-03-22,edgar/data/1556965/0001056404-18-001699.txt
"Kadmon Holdings, Inc.",0001557142,10-K,2018-03-06,edgar/data/1557142/0001557142-18-000021.txt
"Venture Lending & Leasing VII, Inc.",0001557424,10-K,2018-03-16,edgar/data/1557424/0001557424-18-000004.txt
"Aclaris Therapeutics, Inc.",0001557746,10-K,2018-03-12,edgar/data/1557746/0001558370-18-001866.txt
WFRBS Commercial Mortgage Trust 2012-C9,0001557805,10-K,2018-03-22,edgar/data/1557805/0001056404-18-001641.txt
"Dermira, Inc.",0001557883,10-K,2018-02-22,edgar/data/1557883/0001564590-18-002915.txt
CORPORATE PROPERTY ASSOCIATES 18 GLOBAL INC,0001558235,10-K,2018-03-12,edgar/data/1558235/0001558235-18-000004.txt
INDUSTRIAL PROPERTY TRUST INC.,0001558441,10-K,2018-03-09,edgar/data/1558441/0001558441-18-000002.txt
"Petrogress, Inc.",0001558465,10-K,2018-03-29,edgar/data/1558465/0001437749-18-005768.txt
COMM 2012-CCRE4 Mortgage Trust,0001558546,10-K,2018-03-23,edgar/data/1558546/0001056404-18-001717.txt
Arcimoto Inc,0001558583,10-K,2018-03-30,edgar/data/1558583/0001213900-18-003749.txt
"CVR Refining, LP",0001558785,10-K,2018-02-26,edgar/data/1558785/0001558785-18-000019.txt
Prothena Corp plc,0001559053,10-K,2018-02-26,edgar/data/1559053/0001559053-18-000008.txt
UBS-Barclays Commercial Mortgage Trust 2012-C4,0001559450,10-K,2018-03-22,edgar/data/1559450/0001019965-18-000065.txt
"Resource Real Estate Opportunity REIT II, Inc.",0001559484,10-K,2018-03-29,edgar/data/1559484/0001559484-18-000004.txt
SLM Student Loan Trust 2012-7,0001559856,10-K,2018-03-30,edgar/data/1559856/0001140361-18-016144.txt
"EVERTEC, Inc.",0001559865,10-K,2018-02-28,edgar/data/1559865/0001559865-18-000005.txt
"Algodon Wines & Luxury Development Group, Inc.",0001559998,10-K,2018-03-30,edgar/data/1559998/0001493152-18-004280.txt
"G1 Therapeutics, Inc.",0001560241,10-K,2018-02-21,edgar/data/1560241/0001564590-18-002706.txt
"Rapid7, Inc.",0001560327,10-K,2018-03-08,edgar/data/1560327/0001560327-18-000032.txt
Liberty Media Corp,0001560385,10-K,2018-03-01,edgar/data/1560385/0001558370-18-001342.txt
Texas Republic Capital Corp,0001560452,10-K,2018-03-13,edgar/data/1560452/0001185185-18-000407.txt
GS Mortgage Securities Trust 2012-GCJ9,0001560456,10-K,2018-03-26,edgar/data/1560456/0001019965-18-000091.txt
Ellington Residential Mortgage REIT,0001560672,10-K,2018-03-14,edgar/data/1560672/0001560672-18-000008.txt
"Healthcare Trust, Inc.",0001561032,10-K,2018-03-20,edgar/data/1561032/0001561032-18-000003.txt
"QualityTech, LP",0001561164,10-K,2018-02-28,edgar/data/1561164/0001558370-18-001207.txt
OnePower Systems Ltd.,0001561206,10-K,2018-03-01,edgar/data/1561206/0001493152-18-002777.txt
Helpful Alliance Co,0001561257,10-K,2018-03-29,edgar/data/1561257/0001493152-18-004071.txt
"Health Insurance Innovations, Inc.",0001561387,10-K,2018-03-01,edgar/data/1561387/0001628280-18-002644.txt
MASTEC INC,0000015615,10-K,2018-02-27,edgar/data/15615/0000015615-18-000007.txt
ExOne Co,0001561627,10-K,2018-03-15,edgar/data/1561627/0001564590-18-005845.txt
Pattern Energy Group Inc.,0001561660,10-K,2018-03-01,edgar/data/1561660/0001561660-18-000033.txt
ICON ECI Fund Sixteen,0001561679,10-K,2018-03-21,edgar/data/1561679/0001561679-18-000005.txt
"TRI Pointe Group, Inc.",0001561680,10-K,2018-02-20,edgar/data/1561680/0001561680-18-000015.txt
WFRBS Commercial Mortgage Trust 2012-C10,0001561726,10-K,2018-03-22,edgar/data/1561726/0001056404-18-001666.txt
COMM 2012-CCRE5 Mortgage Trust,0001561727,10-K,2018-03-19,edgar/data/1561727/0001056404-18-001457.txt
"Kindred Biosciences, Inc.",0001561743,10-K,2018-03-01,edgar/data/1561743/0001561743-18-000026.txt
"Hannon Armstrong Sustainable Infrastructure Capital, Inc.",0001561894,10-K,2018-02-23,edgar/data/1561894/0001193125-18-055972.txt
"Crimson Wine Group, Ltd",0001562151,10-K,2018-03-14,edgar/data/1562151/0001562151-18-000013.txt
"ZAIS Group Holdings, Inc.",0001562214,10-K,2018-03-19,edgar/data/1562214/0001144204-18-015622.txt
American Homes 4 Rent,0001562401,10-K,2018-02-23,edgar/data/1562401/0001562401-18-000029.txt
First Internet Bancorp,0001562463,10-K,2018-03-08,edgar/data/1562463/0001562463-18-000035.txt
Taylor Morrison Home Corp,0001562476,10-K,2018-02-21,edgar/data/1562476/0001628280-18-001960.txt
"Benefit Street Partners Realty Trust, Inc.",0001562528,10-K,2018-03-16,edgar/data/1562528/0001562528-18-000003.txt
Cavendish Futures Fund LLC,0001562622,10-K,2018-03-30,edgar/data/1562622/0001104659-18-021487.txt
American Express Issuance Trust II,0001562914,10-K,2018-03-26,edgar/data/1562914/0001193125-18-096161.txt
American Express Receivables Financing Corp VIII LLC,0001562918,10-K,2018-03-26,edgar/data/1562918/0001193125-18-096161.txt
J.P. Morgan Chase Commercial Mortgage Securities Trust 2012-LC9,0001563166,10-K,2018-03-21,edgar/data/1563166/0001056404-18-001603.txt
"Smart & Final Stores, Inc.",0001563407,10-K,2018-03-16,edgar/data/1563407/0001047469-18-001719.txt
"ADOMANI, INC.",0001563568,10-K,2018-03-12,edgar/data/1563568/0001171843-18-001854.txt
"Lightstone Value Plus Real Estate Investment Trust III, Inc.",0001563756,10-K,2018-03-26,edgar/data/1563756/0001144204-18-016919.txt
SOPHIRIS BIO INC.,0001563855,10-K,2018-03-21,edgar/data/1563855/0001437749-18-005174.txt
Greenbacker Renewable Energy Co LLC,0001563922,10-K,2018-03-08,edgar/data/1563922/0001615774-18-001699.txt
Snap Inc,0001564408,10-K,2018-02-22,edgar/data/1564408/0001564590-18-002721.txt
"Independent Bank Group, Inc.",0001564618,10-K,2018-02-27,edgar/data/1564618/0001564618-18-000034.txt
PINNACLE FOODS INC.,0001564822,10-K,2018-03-01,edgar/data/1564822/0001564822-18-000014.txt
"SeaWorld Entertainment, Inc.",0001564902,10-K,2018-02-28,edgar/data/1564902/0001564590-18-003622.txt
Gulf Coast Ultra Deep Royalty Trust,0001565146,10-K,2018-03-23,edgar/data/1565146/0001565146-18-000006.txt
SLM Student Loan Trust 2013-1,0001565531,10-K,2018-03-30,edgar/data/1565531/0001140361-18-016145.txt
PBF Holding Co LLC,0001566011,10-K,2018-02-23,edgar/data/1566011/0001534504-18-000016.txt
PBF Holding Co LLC,0001566011,10-K,2018-03-09,edgar/data/1566011/0001566011-18-000008.txt
Menlo Therapeutics Inc.,0001566044,10-K,2018-03-28,edgar/data/1566044/0001628280-18-003726.txt
COMM 2013-LC6 Mortgage Trust,0001566052,10-K,2018-03-20,edgar/data/1566052/0001056404-18-001536.txt
GS Mortgage Securities Trust 2013-GC10,0001566053,10-K,2018-03-23,edgar/data/1566053/0001056404-18-001756.txt
PBF Finance Corp,0001566097,10-K,2018-03-09,edgar/data/1566097/0001566011-18-000008.txt
COMM 2013-CCRE6 Mortgage Trust,0001566140,10-K,2018-03-19,edgar/data/1566140/0001020242-18-000062.txt
"Spring Bank Pharmaceuticals, Inc.",0001566373,10-K,2018-02-20,edgar/data/1566373/0001564590-18-002474.txt
"NantHealth, Inc.",0001566469,10-K,2018-03-16,edgar/data/1566469/0001566469-18-000006.txt
WFRBS Commercial Mortgage Trust 2013-C11,0001566543,10-K,2018-03-22,edgar/data/1566543/0001056404-18-001635.txt
UBS-Barclays Commercial Mortgage Trust 2013-C5,0001566544,10-K,2018-03-20,edgar/data/1566544/0001020242-18-000081.txt
"Griffin-American Healthcare REIT III, Inc.",0001566912,10-K,2018-03-16,edgar/data/1566912/0001566912-18-000015.txt
"HEMISPHERE MEDIA GROUP, INC.",0001567345,10-K,2018-03-15,edgar/data/1567345/0001047469-18-001694.txt
NAMI Corp.,0001567388,10-K,2018-02-27,edgar/data/1567388/0001640334-18-000398.txt
"TurnKey Capital, Inc.",0001567503,10-K,2018-03-01,edgar/data/1567503/0001553350-18-000164.txt
"Intra-Cellular Therapies, Inc.",0001567514,10-K,2018-03-01,edgar/data/1567514/0001193125-18-067144.txt
MORGAN STANLEY BANK OF AMERICA MERRILL LYNCH TRUST 2013-C8,0001567572,10-K,2018-03-28,edgar/data/1567572/0001056404-18-001963.txt
"NRG Yield, Inc.",0001567683,10-K,2018-03-01,edgar/data/1567683/0001567683-18-000008.txt
Mallinckrodt plc,0001567892,10-K,2018-02-27,edgar/data/1567892/0001567892-18-000010.txt
"Carter Validus Mission Critical REIT II, Inc.",0001567925,10-K,2018-03-21,edgar/data/1567925/0001567925-18-000030.txt
PetroShare Corp.,0001568079,10-K,2018-03-29,edgar/data/1568079/0001558370-18-002513.txt
"American Finance Trust, Inc",0001568162,10-K,2018-03-19,edgar/data/1568162/0001568162-18-000005.txt
Voltari Corp,0001568319,10-K,2018-03-23,edgar/data/1568319/0001654954-18-003020.txt
"PENNYMAC FINANCIAL SERVICES, INC.",0001568669,10-K,2018-03-09,edgar/data/1568669/0001558370-18-001782.txt
"Tallgrass Energy Partners, LP",0001569134,10-K,2018-02-13,edgar/data/1569134/0001569134-18-000016.txt
"Armada Hoffler Properties, Inc.",0001569187,10-K,2018-02-23,edgar/data/1569187/0001569187-18-000007.txt
"Youngevity International, Inc.",0001569329,10-K,2018-03-30,edgar/data/1569329/0001654954-18-003416.txt
WFRBS COMMERCIAL MORTGAGE TRUST 2013-C12,0001569414,10-K,2018-03-21,edgar/data/1569414/0001056404-18-001572.txt
J.P. Morgan Chase Commercial Mortgage Securities Trust 2013-C10,0001569455,10-K,2018-03-27,edgar/data/1569455/0001056404-18-001958.txt
"Waterstone Financial, Inc.",0001569994,10-K,2018-03-06,edgar/data/1569994/0001569994-18-000008.txt
"Evolus, Inc.",0001570562,10-K,2018-03-29,edgar/data/1570562/0001570562-18-000013.txt
Liberty Global plc,0001570585,10-K,2018-02-14,edgar/data/1570585/0001570585-18-000065.txt
"Victory Capital Holdings, Inc.",0001570827,10-K,2018-03-29,edgar/data/1570827/0001047469-18-002299.txt
Science Applications International Corp,0001571123,10-K,2018-03-29,edgar/data/1571123/0001571123-18-000010.txt
COMM 2013-CCRE7 Mortgage Trust,0001571236,10-K,2018-03-20,edgar/data/1571236/0001056404-18-001525.txt
UBS-Barclays Commercial Mortgage Trust 2013-C6,0001571238,10-K,2018-03-23,edgar/data/1571238/0001019965-18-000071.txt
"Rexford Industrial Realty, Inc.",0001571283,10-K,2018-02-21,edgar/data/1571283/0001571283-18-000011.txt
Capitala Finance Corp.,0001571329,10-K,2018-02-27,edgar/data/1571329/0001144204-18-011212.txt
"Summit Materials, LLC",0001571371,10-K,2018-02-14,edgar/data/1571371/0001558370-18-000708.txt
"Sunnyside Bancorp, Inc.",0001571398,10-K,2018-03-28,edgar/data/1571398/0001493152-18-003991.txt
"Epizyme, Inc.",0001571498,10-K,2018-03-13,edgar/data/1571498/0001564590-18-005397.txt
NanoFlex Power Corp,0001571636,10-K,2018-03-27,edgar/data/1571636/0001213900-18-003462.txt
Cherry Hill Mortgage Investment Corp,0001571776,10-K,2018-03-16,edgar/data/1571776/0001140361-18-013724.txt
"Intercontinental Exchange, Inc.",0001571949,10-K,2018-02-07,edgar/data/1571949/0001571949-18-000003.txt
Dell Technologies Inc,0001571996,10-K,2018-03-29,edgar/data/1571996/0001571996-18-000004.txt
Virginia National Bankshares Corp,0001572334,10-K,2018-03-27,edgar/data/1572334/0001206774-18-000973.txt
WFRBS Commercial Mortgage Trust 2013-C13,0001572493,10-K,2018-03-22,edgar/data/1572493/0001056404-18-001621.txt
"Asterias Biotherapeutics, Inc.",0001572552,10-K,2018-03-15,edgar/data/1572552/0001140361-18-013695.txt
"Goldman Sachs BDC, Inc.",0001572694,10-K,2018-02-22,edgar/data/1572694/0001193125-18-054327.txt
"Cole Office & Industrial REIT (CCIT II), Inc.",0001572758,10-K,2018-03-30,edgar/data/1572758/0001572758-18-000016.txt
PHILLIPS 66 PARTNERS LP,0001572910,10-K,2018-02-23,edgar/data/1572910/0001572910-18-000015.txt
SLM Student Loan Trust 2013-2,0001572987,10-K,2018-03-30,edgar/data/1572987/0001140361-18-016146.txt
"HD Supply Holdings, Inc.",0001573097,10-K,2018-03-13,edgar/data/1573097/0001047469-18-001552.txt
"Jones Energy, Inc.",0001573166,10-K,2018-02-28,edgar/data/1573166/0001558370-18-001269.txt
TE Funding LLC,0001573279,10-K,2018-03-30,edgar/data/1573279/0001578443-18-000005.txt
CEI Funding LLC,0001573334,10-K,2018-03-30,edgar/data/1573334/0001578443-18-000005.txt
OE Funding LLC,0001573352,10-K,2018-03-30,edgar/data/1573352/0001578443-18-000005.txt
Murphy USA Inc.,0001573516,10-K,2018-02-20,edgar/data/1573516/0001573516-18-000010.txt
Citigroup Commercial Mortgage Trust 2013-GCJ11,0001573946,10-K,2018-03-30,edgar/data/1573946/0001193125-18-103122.txt
"Ashford Hospitality Prime, Inc.",0001574085,10-K,2018-03-14,edgar/data/1574085/0001574085-18-000019.txt
"Five Point Holdings, LLC",0001574197,10-K,2018-03-30,edgar/data/1574197/0001574197-18-000004.txt
J.P. Morgan Chase Commercial Mortgage Securities Trust 2013-LC11,0001574219,10-K,2018-03-21,edgar/data/1574219/0001056404-18-001573.txt
"Pulmatrix, Inc.",0001574235,10-K,2018-03-13,edgar/data/1574235/0001193125-18-080793.txt
CC Holdings GS V LLC,0001574291,10-K,2018-02-26,edgar/data/1574291/0001574291-18-000006.txt
Physicians Realty Trust,0001574540,10-K,2018-03-01,edgar/data/1574540/0001574540-18-000016.txt
New Home Co Inc.,0001574596,10-K,2018-02-14,edgar/data/1574596/0001574596-18-000023.txt
"Galenfeha, Inc.",0001574676,10-K,2018-03-28,edgar/data/1574676/0001062993-18-001373.txt
"BIOTELEMETRY, INC.",0001574774,10-K,2018-02-27,edgar/data/1574774/0001574774-18-000014.txt
"BMC STOCK HOLDINGS, INC.",0001574815,10-K,2018-03-01,edgar/data/1574815/0001574815-18-000020.txt
"ATEL 16, LLC",0001575048,10-K,2018-03-27,edgar/data/1575048/0001144204-18-016963.txt
Ciner Resources LP,0001575051,10-K,2018-03-09,edgar/data/1575051/0001575051-18-000022.txt
SLM Student Loan Trust 2013-3,0001575098,10-K,2018-03-30,edgar/data/1575098/0001140361-18-016147.txt
"Match Group, Inc.",0001575189,10-K,2018-03-01,edgar/data/1575189/0001575189-18-000019.txt
GS Mortgage Securities Trust 2013-GCJ12,0001575190,10-K,2018-03-23,edgar/data/1575190/0001056404-18-001752.txt
Brookfield DTLA Fund Office Trust Investor Inc.,0001575311,10-K,2018-03-27,edgar/data/1575311/0001575311-18-000003.txt
"Strategic Storage Growth Trust, Inc.",0001575428,10-K,2018-03-21,edgar/data/1575428/0001564590-18-006415.txt
"Sprouts Farmers Market, Inc.",0001575515,10-K,2018-02-22,edgar/data/1575515/0001564590-18-002782.txt
COMM 2013-CCRE8 Mortgage Trust,0001575686,10-K,2018-03-21,edgar/data/1575686/0001020242-18-000085.txt
Energous Corp,0001575793,10-K,2018-03-16,edgar/data/1575793/0001193125-18-086072.txt
FRANK'S INTERNATIONAL N.V.,0001575828,10-K,2018-02-27,edgar/data/1575828/0001575828-18-000007.txt
PureBase Corp,0001575858,10-K,2018-02-28,edgar/data/1575858/0001127855-18-000033.txt
"Gaming & Leisure Properties, Inc.",0001575965,10-K,2018-02-16,edgar/data/1575965/0001575965-18-000004.txt
Madison Ventures Inc.,0001575975,10-K,2018-03-20,edgar/data/1575975/0001477932-18-001360.txt
Third Point Reinsurance Ltd.,0001576018,10-K,2018-03-01,edgar/data/1576018/0001576018-18-000012.txt
WFRBS Commercial Mortgage Trust 2013-C14,0001576047,10-K,2018-03-22,edgar/data/1576047/0001056404-18-001690.txt
"Benefitfocus,Inc.",0001576169,10-K,2018-03-15,edgar/data/1576169/0001564590-18-005797.txt
"Mirati Therapeutics, Inc.",0001576263,10-K,2018-03-08,edgar/data/1576263/0001628280-18-002942.txt
Criteo S.A.,0001576427,10-K,2018-03-01,edgar/data/1576427/0001576427-18-000008.txt
"UBL Interactive,Inc.",0001576778,10-K,2018-02-02,edgar/data/1576778/0001576778-18-000006.txt
"Oroplata Resources, Inc.",0001576873,10-K,2018-01-17,edgar/data/1576873/0001078782-18-000039.txt
"Century Communities, Inc.",0001576940,10-K,2018-03-01,edgar/data/1576940/0001576940-18-000052.txt
"Retail Opportunity Investments Partnership, LP",0001577230,10-K,2018-02-22,edgar/data/1577230/0001628280-18-002028.txt
"QTS Realty Trust, Inc.",0001577368,10-K,2018-02-28,edgar/data/1577368/0001558370-18-001207.txt
OHIO PHASE-IN-RECOVERY FUNDING LLC,0001577459,10-K,2018-03-23,edgar/data/1577459/0001577459-18-000004.txt
JPMBB Commercial Mortgage Securities Trust 2013-C12,0001577545,10-K,2018-03-19,edgar/data/1577545/0001056404-18-001453.txt
Ladder Capital Corp,0001577670,10-K,2018-02-28,edgar/data/1577670/0001577670-18-000002.txt
"Corporate Office Properties, L.P.",0001577966,10-K,2018-02-16,edgar/data/1577966/0000860546-18-000013.txt
GS Mortgage Securities Trust 2013-GC13,0001578422,10-K,2018-03-23,edgar/data/1578422/0001019965-18-000073.txt
WFRBS Commercial Mortgage Trust 2013-C15,0001578423,10-K,2018-03-22,edgar/data/1578423/0001056404-18-001652.txt
FirstEnergy Ohio PIRB Special Purpose Trust 2013,0001578443,10-K,2018-03-30,edgar/data/1578443/0001578443-18-000005.txt
COMM 2013-CCRE9 Mortgage Trust,0001578533,10-K,2018-03-16,edgar/data/1578533/0001020242-18-000045.txt
Alcentra Capital Corp,0001578620,10-K,2018-03-14,edgar/data/1578620/0001144204-18-014693.txt
"Marcus & Millichap, Inc.",0001578732,10-K,2018-03-16,edgar/data/1578732/0001193125-18-084734.txt
National General Holdings Corp.,0001578735,10-K,2018-02-26,edgar/data/1578735/0001578735-18-000014.txt
Allergan plc,0001578845,10-K,2018-02-16,edgar/data/1578845/0001564590-18-002345.txt
OCI Partners LP,0001578932,10-K,2018-03-05,edgar/data/1578932/0001578932-18-000004.txt
"Emerald Expositions Events, Inc.",0001579214,10-K,2018-02-22,edgar/data/1579214/0001564590-18-002916.txt
Allegion plc,0001579241,10-K,2018-02-20,edgar/data/1579241/0001579241-18-000007.txt
"Jason Industries, Inc.",0001579252,10-K,2018-03-01,edgar/data/1579252/0001579252-18-000016.txt
"Burlington Stores, Inc.",0001579298,10-K,2018-03-20,edgar/data/1579298/0001564590-18-006339.txt
J.P. Morgan Chase Commercial Mortgage Securities Trust 2013-C13,0001579306,10-K,2018-03-22,edgar/data/1579306/0001056404-18-001648.txt
FS Investment Corp III,0001579412,10-K,2018-03-09,edgar/data/1579412/0001193125-18-077185.txt
"Axsome Therapeutics, Inc.",0001579428,10-K,2018-03-07,edgar/data/1579428/0001558370-18-001639.txt
New Media Investment Group Inc.,0001579684,10-K,2018-02-28,edgar/data/1579684/0001579684-18-000003.txt
OUTFRONT Media Inc.,0001579877,10-K,2018-02-28,edgar/data/1579877/0001579877-18-000041.txt
Resonant Inc,0001579910,10-K,2018-02-28,edgar/data/1579910/0001579910-18-000002.txt
Wells Fargo Commercial Mortgage Trust 2013-LC12,0001580013,10-K,2018-03-20,edgar/data/1580013/0001056404-18-001552.txt
Houghton Mifflin Harcourt Co,0001580156,10-K,2018-02-22,edgar/data/1580156/0001193125-18-053025.txt
TriplePoint Venture Growth BDC Corp.,0001580345,10-K,2018-03-12,edgar/data/1580345/0001564590-18-005312.txt
Santander Consumer USA Holdings Inc.,0001580608,10-K,2018-02-28,edgar/data/1580608/0001580608-18-000011.txt
"LGI Homes, Inc.",0001580670,10-K,2018-02-27,edgar/data/1580670/0001580670-18-000011.txt
"KBS Strategic Opportunity REIT II, Inc.",0001580673,10-K,2018-03-09,edgar/data/1580673/0001580673-18-000011.txt
COMM 2013-CCRE10 Mortgage Trust,0001580891,10-K,2018-03-20,edgar/data/1580891/0001056404-18-001487.txt
"Installed Building Products, Inc.",0001580905,10-K,2018-02-28,edgar/data/1580905/0001193125-18-064142.txt
"Cole Credit Property Trust V, Inc.",0001580988,10-K,2018-03-30,edgar/data/1580988/0001580988-18-000031.txt
Brixmor Property Group Inc.,0001581068,10-K,2018-02-12,edgar/data/1581068/0001581068-18-000008.txt
"RE/MAX Holdings, Inc.",0001581091,10-K,2018-03-15,edgar/data/1581091/0001558370-18-002152.txt
"Extended Stay America, Inc.",0001581164,10-K,2018-02-27,edgar/data/1581164/0001628280-18-002303.txt
Scotiabank Covered Bond Guarantor Limited Partnership,0001581374,10-K,2018-01-26,edgar/data/1581374/0000891092-18-000500.txt
"PHILLIPS EDISON GROCERY CENTER REIT II, INC.",0001581405,10-K,2018-03-27,edgar/data/1581405/0001581405-18-000007.txt
"Energy 11, L.P.",0001581552,10-K,2018-03-08,edgar/data/1581552/0001185185-18-000387.txt
GS Mortgage Securities Trust 2013-GCJ14,0001581653,10-K,2018-03-23,edgar/data/1581653/0001056404-18-001742.txt
"Loxo Oncology, Inc.",0001581720,10-K,2018-03-01,edgar/data/1581720/0001104659-18-014107.txt
"Mid-America Apartments, L.P.",0001581776,10-K,2018-02-23,edgar/data/1581776/0000912595-18-000011.txt
"Terra Secured Income Fund 5, LLC",0001581874,10-K,2018-03-07,edgar/data/1581874/0001581874-18-000004.txt
"American Capital Senior Floating, Ltd.",0001581934,10-K,2018-03-14,edgar/data/1581934/0001581934-18-000008.txt
PLAINS GP HOLDINGS LP,0001581990,10-K,2018-02-27,edgar/data/1581990/0001581990-18-000005.txt
Morgan Stanley Bank of America Merrill Lynch Trust 2013-C11,0001582037,10-K,2018-03-20,edgar/data/1582037/0001056404-18-001480.txt
SLM Student Loan Trust 2013-4,0001582081,10-K,2018-03-30,edgar/data/1582081/0001140361-18-016148.txt
Blue Capital Reinsurance Holdings Ltd.,0001582086,10-K,2018-02-23,edgar/data/1582086/0001582086-18-000007.txt
Xenon Pharmaceuticals Inc.,0001582313,10-K,2018-03-07,edgar/data/1582313/0001564590-18-004750.txt
"Matinas BioPharma Holdings, Inc.",0001582554,10-K,2018-03-16,edgar/data/1582554/0001493152-18-003518.txt
PBF Logistics LP,0001582568,10-K,2018-02-23,edgar/data/1582568/0001582568-18-000015.txt
JPMBB Commercial Mortgage Securities Trust 2013-C14,0001582605,10-K,2018-03-19,edgar/data/1582605/0001056404-18-001434.txt
"Cheniere Energy Partners LP Holdings, LLC",0001582966,10-K,2018-02-21,edgar/data/1582966/0001582966-18-000006.txt
"MEDICAL TRANSCRIPTION BILLING, CORP",0001582982,10-K,2018-03-07,edgar/data/1582982/0001493152-18-003026.txt
"Hospitality Investors Trust, Inc.",0001583077,10-K,2018-03-27,edgar/data/1583077/0001583077-18-000002.txt
VALERO ENERGY PARTNERS LP,0001583103,10-K,2018-02-22,edgar/data/1583103/0001583103-18-000008.txt
"Theravance Biopharma, Inc.",0001583107,10-K,2018-02-28,edgar/data/1583107/0001047469-18-001160.txt
"PIERIS PHARMACEUTICALS, INC.",0001583648,10-K,2018-03-15,edgar/data/1583648/0001583648-18-000017.txt
Physicians Realty L.P.,0001583994,10-K,2018-03-01,edgar/data/1583994/0001574540-18-000016.txt
"Oncolix, Inc.",0001584137,10-K,2018-03-14,edgar/data/1584137/0001477932-18-001291.txt
"OneMain Holdings, Inc.",0001584207,10-K,2018-02-21,edgar/data/1584207/0001584207-18-000009.txt
"APX Group Holdings, Inc.",0001584423,10-K,2018-03-07,edgar/data/1584423/0001584423-18-000002.txt
COMM 2013-LC13 Mortgage Trust,0001584492,10-K,2018-03-19,edgar/data/1584492/0001020242-18-000047.txt
SLM Student Loan Trust 2013-5,0001584747,10-K,2018-03-30,edgar/data/1584747/0001140361-18-016149.txt
OXBRIDGE RE HOLDINGS Ltd,0001584831,10-K,2018-03-13,edgar/data/1584831/0001654954-18-002491.txt
EP Energy Corp,0001584952,10-K,2018-03-02,edgar/data/1584952/0001584952-18-000006.txt
"Coastway Bancorp, Inc.",0001585023,10-K,2018-03-12,edgar/data/1585023/0001047469-18-001500.txt
WFRBS Commercial Mortgage Trust 2013-C16,0001585067,10-K,2018-03-23,edgar/data/1585067/0001056404-18-001727.txt
"HINES GLOBAL INCOME TRUST, INC.",0001585101,10-K,2018-03-29,edgar/data/1585101/0001585101-18-000015.txt
"Steadfast Apartment REIT, Inc.",0001585219,10-K,2018-03-16,edgar/data/1585219/0001585219-18-000012.txt
PERRIGO Co plc,0001585364,10-K,2018-03-01,edgar/data/1585364/0001585364-18-000015.txt
"Strategic Storage Trust II, Inc.",0001585389,10-K,2018-03-28,edgar/data/1585389/0001564590-18-006987.txt
"Del Taco Restaurants, Inc.",0001585583,10-K,2018-03-15,edgar/data/1585583/0001585583-18-000007.txt
"WINDSTREAM SERVICES, LLC",0001585644,10-K,2018-02-28,edgar/data/1585644/0001282266-18-000016.txt
Citigroup Commercial Mortgage Trust 2013-GC15,0001585673,10-K,2018-03-30,edgar/data/1585673/0001193125-18-103159.txt
Hilton Worldwide Holdings Inc.,0001585689,10-K,2018-02-14,edgar/data/1585689/0001585689-18-000033.txt
"Advanced Disposal Services, Inc.",0001585790,10-K,2018-02-28,edgar/data/1585790/0001628280-18-002527.txt
Oxford Immunotec Global PLC,0001586049,10-K,2018-02-27,edgar/data/1586049/0001437749-18-003397.txt
Egalet Corp,0001586105,10-K,2018-03-16,edgar/data/1586105/0001558370-18-002180.txt
Prime Meridian Holding Co,0001586454,10-K,2018-03-20,edgar/data/1586454/0001193125-18-088885.txt
Chess Supersite Corp,0001586554,10-K,2018-03-28,edgar/data/1586554/0001144204-18-017620.txt
COMM 2013-CCRE11 Mortgage Trust,0001586883,10-K,2018-03-19,edgar/data/1586883/0001020242-18-000053.txt
Zosano Pharma Corp,0001587221,10-K,2018-03-12,edgar/data/1587221/0001193125-18-078418.txt
GS Mortgage Securities Trust 2013-GCJ16,0001587234,10-K,2018-03-26,edgar/data/1587234/0001019965-18-000089.txt
"Cypress Energy Partners, L.P.",0001587246,10-K,2018-03-23,edgar/data/1587246/0001387131-18-001199.txt
Knowles Corp,0001587523,10-K,2018-02-20,edgar/data/1587523/0001587523-18-000006.txt
Appalachian Consumer Rate Relief Funding LLC,0001587650,10-K,2018-03-23,edgar/data/1587650/0001587650-18-000007.txt
"ONE Gas, Inc.",0001587732,10-K,2018-02-22,edgar/data/1587732/0001587732-18-000014.txt
WFRBS Commercial Mortgage Trust 2013-C17,0001587980,10-K,2018-03-22,edgar/data/1587980/0001056404-18-001622.txt
COMM 2013-CCRE12 Mortgage Trust,0001587981,10-K,2018-03-19,edgar/data/1587981/0001056404-18-001437.txt
Newtek Business Services Corp.,0001587987,10-K,2018-03-16,edgar/data/1587987/0001587987-18-000013.txt
"RSP Permian, Inc.",0001588216,10-K,2018-02-27,edgar/data/1588216/0001588216-18-000073.txt
JPMBB Commercial Mortgage Securities Trust 2013-C15,0001588251,10-K,2018-03-19,edgar/data/1588251/0001056404-18-001446.txt
"NexPoint Capital, Inc.",0001588272,10-K,2018-03-08,edgar/data/1588272/0001193125-18-075281.txt
"Recro Pharma, Inc.",0001588972,10-K,2018-03-02,edgar/data/1588972/0001564590-18-004277.txt
"Gyrodyne, LLC",0001589061,10-K,2018-03-29,edgar/data/1589061/0001437749-18-005759.txt
Regen BioPharma Inc,0001589150,10-K,2018-01-05,edgar/data/1589150/0001607062-18-000006.txt
Santander Drive Auto Receivables Trust 2013-5,0001589220,10-K,2018-03-30,edgar/data/1589220/0001193125-18-102384.txt
SLM Student Loan Trust 2013-6,0001589224,10-K,2018-03-30,edgar/data/1589224/0001140361-18-016150.txt
WFRBS Commercial Mortgage Trust 2013-UBS1,0001589802,10-K,2018-03-21,edgar/data/1589802/0001056404-18-001588.txt
WFRBS Commercial Mortgage Trust 2013-C18,0001589803,10-K,2018-03-23,edgar/data/1589803/0001056404-18-001724.txt
COMM 2013-CCRE13 Mortgage Trust,0001589804,10-K,2018-03-19,edgar/data/1589804/0001020242-18-000064.txt
Citigroup Commercial Mortgage Trust 2013-GC17,0001590058,10-K,2018-03-30,edgar/data/1590058/0001193125-18-103135.txt
J.P. Morgan Chase Commercial Mortgage Securities Trust 2013-C16,0001590231,10-K,2018-03-29,edgar/data/1590231/0001056404-18-002056.txt
Fortress Transportation & Infrastructure Investors LLC,0001590364,10-K,2018-03-01,edgar/data/1590364/0001590364-18-000003.txt
Aerkomm Inc.,0001590496,10-K,2018-03-19,edgar/data/1590496/0001213900-18-003153.txt
uniQure N.V.,0001590560,10-K,2018-03-14,edgar/data/1590560/0001558370-18-002042.txt
Civeo Corp,0001590584,10-K,2018-02-23,edgar/data/1590584/0001437749-18-003216.txt
Platform Specialty Products Corp,0001590714,10-K,2018-02-28,edgar/data/1590714/0001590714-18-000033.txt
"CareTrust REIT, Inc.",0001590717,10-K,2018-02-27,edgar/data/1590717/0001628280-18-002343.txt
"MIRAGEN THERAPEUTICS, INC.",0001590750,10-K,2018-03-15,edgar/data/1590750/0001590750-18-000006.txt
Riverview Financial Corp,0001590799,10-K,2018-03-23,edgar/data/1590799/0001193125-18-094074.txt
REGENXBIO Inc.,0001590877,10-K,2018-03-06,edgar/data/1590877/0001564590-18-004532.txt
"Eldorado Resorts, Inc.",0001590895,10-K,2018-02-27,edgar/data/1590895/0001564590-18-003554.txt
"Paycom Software, Inc.",0001590955,10-K,2018-02-14,edgar/data/1590955/0001564590-18-002088.txt
AmeriCredit Automobile Receivables Trust 2013-5,0001590997,10-K,2018-03-27,edgar/data/1590997/0001193125-18-097015.txt
Presbia PLC,0001591096,10-K,2018-03-30,edgar/data/1591096/0001564590-18-007285.txt
Medovex Corp.,0001591165,10-K,2018-03-30,edgar/data/1591165/0001493152-18-004286.txt
"BALLY, CORP.",0001591565,10-K,2018-01-16,edgar/data/1591565/0001640334-18-000108.txt
Farmland Partners Inc.,0001591670,10-K,2018-03-05,edgar/data/1591670/0001558370-18-001471.txt
"Enable Midstream Partners, LP",0001591763,10-K,2018-02-20,edgar/data/1591763/0001591763-18-000006.txt
"1347 Property Insurance Holdings, Inc.",0001591890,10-K,2018-03-26,edgar/data/1591890/0001493152-18-003887.txt
Sphere 3D Corp,0001591956,10-K,2018-03-21,edgar/data/1591956/0001591956-18-000014.txt
"EnLink Midstream, LLC",0001592000,10-K,2018-02-21,edgar/data/1592000/0001592000-18-000003.txt
"AgroFresh Solutions, Inc.",0001592016,10-K,2018-03-22,edgar/data/1592016/0001592016-18-000006.txt
"Enviva Partners, LP",0001592057,10-K,2018-02-22,edgar/data/1592057/0001558370-18-000899.txt
Party City Holdco Inc.,0001592058,10-K,2018-03-14,edgar/data/1592058/0001193125-18-082430.txt
Cabela's Master Credit Card Trust,0001592143,10-K,2018-03-30,edgar/data/1592143/0001193125-18-103170.txt
Cabela's Credit Card Master Note Trust,0001592145,10-K,2018-03-30,edgar/data/1592145/0001193125-18-103170.txt
Capital Auto Receivables Asset Trust 2013-4,0001592264,10-K,2018-03-28,edgar/data/1592264/0001592264-18-000014.txt
"Papa Murphy's Holdings, Inc.",0001592379,10-K,2018-03-15,edgar/data/1592379/0001592379-18-000007.txt
"Virtu Financial, Inc.",0001592386,10-K,2018-03-13,edgar/data/1592386/0001558370-18-002007.txt
"Continental Building Products, Inc.",0001592480,10-K,2018-02-23,edgar/data/1592480/0001628280-18-002132.txt
"NuLife Sciences, Inc.",0001592603,10-K,2018-02-20,edgar/data/1592603/0001391609-18-000030.txt
Endo International plc,0001593034,10-K,2018-02-27,edgar/data/1593034/0001593034-18-000010.txt
"tronc, Inc.",0001593195,10-K,2018-03-16,edgar/data/1593195/0001593195-18-000011.txt
Adaiah Distribution Inc,0001593204,10-K,2018-02-13,edgar/data/1593204/0001477932-18-000780.txt
"City Office REIT, Inc.",0001593222,10-K,2018-03-01,edgar/data/1593222/0001193125-18-065516.txt
JPMBB Commercial Mortgage Securities Trust 2013-C17,0001593269,10-K,2018-03-19,edgar/data/1593269/0001056404-18-001441.txt
NAVIENT CORP,0001593538,10-K,2018-02-26,edgar/data/1593538/0001564590-18-003273.txt
"PlayAGS, Inc.",0001593548,10-K,2018-03-14,edgar/data/1593548/0001628280-18-003180.txt
Vaulted Gold Bullion Trust,0001593812,10-K,2018-01-26,edgar/data/1593812/0001214659-18-000672.txt
"Michaels Companies, Inc.",0001593936,10-K,2018-03-22,edgar/data/1593936/0001558370-18-002321.txt
"Investors Bancorp, Inc.",0001594012,10-K,2018-03-01,edgar/data/1594012/0001594012-18-000029.txt
COMM 2014-CCRE14 Mortgage Trust,0001594100,10-K,2018-03-20,edgar/data/1594100/0001020242-18-000075.txt
GrubHub Inc.,0001594109,10-K,2018-02-28,edgar/data/1594109/0001564590-18-003852.txt
GS Mortgage Securities Trust 2014-GC18,0001594136,10-K,2018-03-23,edgar/data/1594136/0001056404-18-001743.txt
"Parsley Energy, Inc.",0001594466,10-K,2018-02-28,edgar/data/1594466/0001594466-18-000019.txt
La Quinta Holdings Inc.,0001594617,10-K,2018-03-01,edgar/data/1594617/0001564590-18-003883.txt
WASHINGTON PRIME GROUP INC.,0001594686,10-K,2018-02-22,edgar/data/1594686/0001594686-18-000009.txt
SLM Student Loan Trust 2014-1,0001594688,10-K,2018-03-30,edgar/data/1594688/0001140361-18-016151.txt
"Juno Therapeutics, Inc.",0001594864,10-K,2018-03-01,edgar/data/1594864/0001594864-18-000005.txt
"Zoe's Kitchen, Inc.",0001594879,10-K,2018-02-22,edgar/data/1594879/0001594879-18-000013.txt
"Corbus Pharmaceuticals Holdings, Inc.",0001595097,10-K,2018-03-12,edgar/data/1595097/0001493152-18-003208.txt
Santander Drive Auto Receivables Trust 2014-1,0001595239,10-K,2018-03-30,edgar/data/1595239/0001193125-18-102401.txt
"American Realty Capital New York City REIT, Inc.",0001595527,10-K,2018-03-19,edgar/data/1595527/0001595527-18-000004.txt
"Inland Residential Properties Trust, Inc.",0001595627,10-K,2018-03-06,edgar/data/1595627/0001564590-18-004485.txt
COMM 2014-CCRE15 Mortgage Trust,0001595726,10-K,2018-03-20,edgar/data/1595726/0001056404-18-001538.txt
"RUBICON PROJECT, INC.",0001595974,10-K,2018-03-15,edgar/data/1595974/0001595974-18-000020.txt
Q BioMed Inc.,0001596062,10-K,2018-02-28,edgar/data/1596062/0001654954-18-001966.txt
"Arista Networks, Inc.",0001596532,10-K,2018-02-20,edgar/data/1596532/0001596532-18-000018.txt
Ford Credit Auto Owner Trust 2014-A,0001596792,10-K,2018-03-22,edgar/data/1596792/0001596792-18-000006.txt
WFRBS Commercial Mortgage Trust 2014-LC14,0001596958,10-K,2018-03-21,edgar/data/1596958/0001056404-18-001591.txt
"RumbleON, Inc.",0001596961,10-K,2018-02-27,edgar/data/1596961/0001654954-18-001935.txt
Moelis & Co,0001596967,10-K,2018-02-28,edgar/data/1596967/0001558370-18-001283.txt
Capital Auto Receivables Asset Trust 2014-1,0001597032,10-K,2018-03-28,edgar/data/1597032/0001597032-18-000009.txt
Sabre Corp,0001597033,10-K,2018-02-16,edgar/data/1597033/0001597033-18-000023.txt
Blueprint Medicines Corp,0001597264,10-K,2018-02-21,edgar/data/1597264/0001558370-18-000862.txt
"ViewRay, Inc.",0001597313,10-K,2018-03-12,edgar/data/1597313/0001564590-18-005299.txt
JPMBB Commercial Mortgage Securities Trust 2014-C18,0001597339,10-K,2018-03-23,edgar/data/1597339/0001056404-18-001736.txt
"Sage Therapeutics, Inc.",0001597553,10-K,2018-02-22,edgar/data/1597553/0001564590-18-002772.txt
RAYONIER ADVANCED MATERIALS INC.,0001597672,10-K,2018-03-01,edgar/data/1597672/0001597672-18-000006.txt
Hyundai Auto Receivables Trust 2014-A,0001597811,10-K,2018-03-22,edgar/data/1597811/0001144204-18-016388.txt
IHS Markit Ltd.,0001598014,10-K,2018-01-23,edgar/data/1598014/0001598014-18-000020.txt
TimkenSteel Corp,0001598428,10-K,2018-02-20,edgar/data/1598428/0001598428-18-000027.txt
"Minerva Neurosciences, Inc.",0001598646,10-K,2018-03-12,edgar/data/1598646/0001564590-18-005224.txt
"Heritage Insurance Holdings, Inc.",0001598665,10-K,2018-03-15,edgar/data/1598665/0001564590-18-005881.txt
Antero Midstream Partners LP,0001598968,10-K,2018-02-13,edgar/data/1598968/0001558370-18-000645.txt
SLM Student Loan Trust 2014-2,0001599033,10-K,2018-03-30,edgar/data/1599033/0001140361-18-016152.txt
"Mentor Capital, Inc.",0001599117,10-K,2018-03-29,edgar/data/1599117/0001078782-18-000361.txt
CNH Equipment Trust 2014-A,0001599173,10-K,2018-03-27,edgar/data/1599173/0001104659-18-020326.txt
Veritiv Corp,0001599489,10-K,2018-03-01,edgar/data/1599489/0001599489-18-000005.txt
NOW Inc.,0001599617,10-K,2018-02-14,edgar/data/1599617/0001564590-18-002021.txt
COMM 2014-UBS2 Mortgage Trust,0001599714,10-K,2018-03-19,edgar/data/1599714/0001020242-18-000061.txt
"TerraForm Power, Inc.",0001599947,10-K,2018-03-07,edgar/data/1599947/0001599947-18-000017.txt
"e.l.f. Beauty, Inc.",0001600033,10-K,2018-03-01,edgar/data/1600033/0001600033-18-000014.txt
"Meridian Bancorp, Inc.",0001600125,10-K,2018-03-01,edgar/data/1600125/0001193125-18-067131.txt
"Bellerophon Therapeutics, Inc.",0001600132,10-K,2018-03-15,edgar/data/1600132/0001600132-18-000034.txt
"Superior Drilling Products, Inc.",0001600422,10-K,2018-03-23,edgar/data/1600422/0001493152-18-003774.txt
Eclipse Resources Corp,0001600470,10-K,2018-03-02,edgar/data/1600470/0001564590-18-004215.txt
"Griffin Capital Essential Asset REIT II, Inc.",0001600626,10-K,2018-03-09,edgar/data/1600626/0001600626-18-000008.txt
AMERICAN GENE ENGINEER CORP,0001600784,10-K,2018-02-21,edgar/data/1600784/0001214659-18-001456.txt
Citigroup Commercial Mortgage Trust 2014-GC19,0001600824,10-K,2018-03-29,edgar/data/1600824/0001019965-18-000115.txt
COMM 2014-LC15 Mortgage Trust,0001600831,10-K,2018-03-20,edgar/data/1600831/0001056404-18-001507.txt
"Melrose Bancorp, Inc.",0001600890,10-K,2018-03-16,edgar/data/1600890/0001193125-18-085934.txt
"MediXall Group, Inc.",0001601280,10-K,2018-03-01,edgar/data/1601280/0001553350-18-000161.txt
"Pilgrim Bancshares, Inc.",0001601347,10-K,2018-03-21,edgar/data/1601347/0001144204-18-016164.txt
"Blue Hills Bancorp, Inc.",0001601545,10-K,2018-03-07,edgar/data/1601545/0001601545-18-000012.txt
"Vectrus, Inc.",0001601548,10-K,2018-03-01,edgar/data/1601548/0001601548-18-000008.txt
WFRBS Commercial Mortgage Trust 2014-C19,0001601617,10-K,2018-03-22,edgar/data/1601617/0001056404-18-001624.txt
COMM 2014-CCRE16 Mortgage Trust,0001601705,10-K,2018-03-20,edgar/data/1601705/0001056404-18-001543.txt
Synchrony Financial,0001601712,10-K,2018-02-22,edgar/data/1601712/0001601712-18-000107.txt
GS Mortgage Securities Trust 2014-GC20,0001601744,10-K,2018-03-23,edgar/data/1601744/0001056404-18-001753.txt
Viper Energy Partners LP,0001602065,10-K,2018-02-07,edgar/data/1602065/0001602065-18-000006.txt
AmeriCredit Automobile Receivables Trust 2014-1,0001602190,10-K,2018-03-27,edgar/data/1602190/0001193125-18-097014.txt
California Republic Auto Receivables Trust 2014-1,0001602481,10-K,2018-03-30,edgar/data/1602481/0001193125-18-102292.txt
Investar Holding Corp,0001602658,10-K,2018-03-16,edgar/data/1602658/0001602658-18-000056.txt
"NextEra Energy Partners, LP",0001603145,10-K,2018-02-21,edgar/data/1603145/0001603145-18-000007.txt
"Dominion Energy Midstream Partners, LP",0001603286,10-K,2018-02-27,edgar/data/1603286/0001193125-18-059737.txt
"Dominion Energy Gas Holdings, LLC",0001603291,10-K,2018-02-27,edgar/data/1603291/0001193125-18-059578.txt
Celcuity Inc.,0001603454,10-K,2018-03-15,edgar/data/1603454/0001144204-18-014940.txt
TCW Direct Lending LLC,0001603480,10-K,2018-03-22,edgar/data/1603480/0001193125-18-092227.txt
WFRBS Commercial Mortgage Trust 2014-C20,0001603578,10-K,2018-03-23,edgar/data/1603578/0001056404-18-001731.txt
COMM 2014-CCRE17 Mortgage Trust,0001603669,10-K,2018-03-20,edgar/data/1603669/0001020242-18-000073.txt
"NorthStar/RXR New York Metro Real Estate, Inc.",0001603671,10-K,2018-03-20,edgar/data/1603671/0001603671-18-000029.txt
Santander Drive Auto Receivables Trust 2014-2,0001603779,10-K,2018-03-30,edgar/data/1603779/0001193125-18-102465.txt
Weatherford International plc,0001603923,10-K,2018-02-14,edgar/data/1603923/0001603923-18-000037.txt
"AquaBounty Technologies, Inc.",0001603978,10-K,2018-03-08,edgar/data/1603978/0001603978-18-000025.txt
DCT Industrial Operating Partnership LP,0001604042,10-K,2018-02-16,edgar/data/1604042/0001170991-18-000006.txt
COMM 2014-UBS3 Mortgage Trust,0001604083,10-K,2018-03-19,edgar/data/1604083/0001056404-18-001436.txt
JPMBB Commercial Mortgage Securities Trust 2014-C19,0001604119,10-K,2018-03-22,edgar/data/1604119/0001056404-18-001711.txt
"AzurRx BioPharma, Inc.",0001604191,10-K,2018-03-16,edgar/data/1604191/0001654954-18-002715.txt
Harley-Davidson Motorcycle Trust 2014-1,0001604446,10-K,2018-03-23,edgar/data/1604446/0001628280-18-003506.txt
"Atara Biotherapeutics, Inc.",0001604464,10-K,2018-02-27,edgar/data/1604464/0001564590-18-003390.txt
Westlake Chemical Partners LP,0001604665,10-K,2018-03-01,edgar/data/1604665/0001604665-18-000007.txt
Ashford Inc.,0001604738,10-K,2018-03-12,edgar/data/1604738/0001604738-18-000009.txt
"Natera, Inc.",0001604821,10-K,2018-03-15,edgar/data/1604821/0001558370-18-002153.txt
Hyundai Auto Receivables Trust 2014-B,0001604862,10-K,2018-03-22,edgar/data/1604862/0001144204-18-016390.txt
GrowGeneration Corp.,0001604868,10-K,2018-03-27,edgar/data/1604868/0001213900-18-003536.txt
scPharmaceuticals Inc.,0001604950,10-K,2018-03-21,edgar/data/1604950/0001564590-18-006366.txt
Citigroup Commercial Mortgage Trust 2014-GC21,0001605257,10-K,2018-03-29,edgar/data/1605257/0001019965-18-000114.txt
"CB Financial Services, Inc.",0001605301,10-K,2018-03-28,edgar/data/1605301/0001171843-18-002336.txt
AB INTERNATIONAL GROUP CORP.,0001605331,10-K,2018-01-12,edgar/data/1605331/0001640334-18-000075.txt
Capital Auto Receivables Asset Trust 2014-2,0001605435,10-K,2018-03-28,edgar/data/1605435/0001605435-18-000011.txt
"Paramount Group, Inc.",0001605607,10-K,2018-02-15,edgar/data/1605607/0001564590-18-002219.txt
"Porter Holding International, Inc.",0001605810,10-K,2018-03-30,edgar/data/1605810/0001185185-18-000558.txt
Consumers 2014 Securitization Funding LLC,0001606104,10-K,2018-03-08,edgar/data/1606104/0001104659-18-015821.txt
"AAC Holdings, Inc.",0001606180,10-K,2018-02-23,edgar/data/1606180/0001564590-18-003044.txt
"Spark Energy, Inc.",0001606268,10-K,2018-03-09,edgar/data/1606268/0001606268-18-000017.txt
"Green Bancorp, Inc.",0001606363,10-K,2018-03-15,edgar/data/1606363/0001628280-18-003234.txt
"El Pollo Loco Holdings, Inc.",0001606366,10-K,2018-03-09,edgar/data/1606366/0001606366-18-000006.txt
"Reliant Bancorp, Inc.",0001606440,10-K,2018-03-16,edgar/data/1606440/0001437749-18-004838.txt
"Halyard Health, Inc.",0001606498,10-K,2018-02-27,edgar/data/1606498/0001606498-18-000016.txt
Foamix Pharmaceuticals Ltd.,0001606645,10-K,2018-02-27,edgar/data/1606645/0001178913-18-000707.txt
"Liberty TripAdvisor Holdings, Inc.",0001606745,10-K,2018-02-21,edgar/data/1606745/0001558370-18-000867.txt
Pangaea Logistics Solutions Ltd.,0001606909,10-K,2018-03-21,edgar/data/1606909/0001606909-18-000033.txt
Navient Student Loan Trust 2014-1,0001607401,10-K,2018-03-30,edgar/data/1607401/0001140361-18-016122.txt
"ABV CONSULTING, INC.",0001607450,10-K,2018-03-19,edgar/data/1607450/0001640334-18-000475.txt
J.P. Morgan Chase Commercial Mortgage Securities Trust 2014-C20,0001607484,10-K,2018-03-23,edgar/data/1607484/0001056404-18-001720.txt
Wells Fargo Commercial Mortgage Trust 2014-LC16,0001607641,10-K,2018-03-23,edgar/data/1607641/0001056404-18-001728.txt
"Viking Therapeutics, Inc.",0001607678,10-K,2018-03-07,edgar/data/1607678/0001564590-18-004757.txt
"Vivint Solar, Inc.",0001607716,10-K,2018-03-07,edgar/data/1607716/0001564590-18-004717.txt
GS Mortgage Securities Trust 2014-GC22,0001607865,10-K,2018-03-23,edgar/data/1607865/0001056404-18-001757.txt
ReWalk Robotics Ltd.,0001607962,10-K,2018-03-08,edgar/data/1607962/0001607962-18-000007.txt
California Republic Auto Receivables Trust 2014-2,0001608041,10-K,2018-03-30,edgar/data/1608041/0001193125-18-102304.txt
"Renewable Energy & Power, Inc.",0001608430,10-K,2018-01-25,edgar/data/1608430/0001477932-18-000483.txt
"Pathfinder Bancorp, Inc.",0001609065,10-K,2018-03-30,edgar/data/1609065/0001564590-18-007279.txt
CNH Equipment Trust 2014-B,0001609183,10-K,2018-03-27,edgar/data/1609183/0001104659-18-020328.txt
Santander Drive Auto Receivables Trust 2014-3,0001609220,10-K,2018-03-30,edgar/data/1609220/0001193125-18-102399.txt
"American Realty Capital Healthcare Trust III, Inc.",0001609234,10-K,2018-03-26,edgar/data/1609234/0001609234-18-000004.txt
California Resources Corp,0001609253,10-K,2018-02-27,edgar/data/1609253/0001609253-18-000041.txt
"Spark Therapeutics, Inc.",0001609351,10-K,2018-02-27,edgar/data/1609351/0001609351-18-000026.txt
Carey Watermark Investors 2 Inc,0001609471,10-K,2018-03-27,edgar/data/1609471/0001609471-18-000004.txt
WFRBS Commercial Mortgage Trust 2014-C21,0001609671,10-K,2018-03-22,edgar/data/1609671/0001056404-18-001623.txt
GoDaddy Inc.,0001609711,10-K,2018-02-27,edgar/data/1609711/0001609711-18-000035.txt
AmeriCredit Automobile Receivables Trust 2014-2,0001609714,10-K,2018-03-27,edgar/data/1609714/0001193125-18-097035.txt
"Seres Therapeutics, Inc.",0001609809,10-K,2018-03-08,edgar/data/1609809/0001564590-18-004830.txt
National Commerce Corp,0001609951,10-K,2018-03-09,edgar/data/1609951/0001437749-18-004312.txt
"Blue Buffalo Pet Products, Inc.",0001609989,10-K,2018-02-26,edgar/data/1609989/0001609989-18-000019.txt
"Diplomat Pharmacy, Inc.",0001610092,10-K,2018-03-01,edgar/data/1610092/0001104659-18-014114.txt
New Senior Investment Group Inc.,0001610114,10-K,2018-02-28,edgar/data/1610114/0001610114-18-000002.txt
Ally Auto Receivables Trust 2014-1,0001610148,10-K,2018-03-28,edgar/data/1610148/0001610148-18-000010.txt
CNX Midstream Partners LP,0001610418,10-K,2018-02-07,edgar/data/1610418/0001610418-18-000010.txt
"Shell Midstream Partners, L.P.",0001610466,10-K,2018-02-28,edgar/data/1610466/0001610466-18-000013.txt
COMM 2014-CCRE18 Mortgage Trust,0001610486,10-K,2018-03-20,edgar/data/1610486/0001056404-18-001533.txt
"Hortonworks, Inc.",0001610532,10-K,2018-03-15,edgar/data/1610532/0001193125-18-084131.txt
"Cidara Therapeutics, Inc.",0001610618,10-K,2018-02-27,edgar/data/1610618/0001610618-18-000011.txt
USD Partners LP,0001610682,10-K,2018-03-09,edgar/data/1610682/0001610682-18-000054.txt
JPMBB Commercial Mortgage Securities Trust 2014-C21,0001610796,10-K,2018-03-23,edgar/data/1610796/0001056404-18-001718.txt
"HELIUS MEDICAL TECHNOLOGIES, INC.",0001610853,10-K,2018-03-12,edgar/data/1610853/0001564590-18-005321.txt
"Washington Prime Group, L.P.",0001610911,10-K,2018-02-22,edgar/data/1610911/0001594686-18-000009.txt
Ford Credit Auto Owner Trust 2014-B,0001610931,10-K,2018-03-22,edgar/data/1610931/0001610931-18-000008.txt
"Syneos Health, Inc.",0001610950,10-K,2018-02-28,edgar/data/1610950/0001610950-18-000006.txt
MEDLEY MANAGEMENT INC.,0001611110,10-K,2018-03-29,edgar/data/1611110/0001611110-18-000006.txt
"Helix TCS, Inc.",0001611277,10-K,2018-03-28,edgar/data/1611277/0001213900-18-003595.txt
Urban Edge Properties,0001611547,10-K,2018-02-14,edgar/data/1611547/0001611547-18-000009.txt
"Freshpet, Inc.",0001611647,10-K,2018-03-07,edgar/data/1611647/0001564590-18-004715.txt
OM Asset Management plc,0001611702,10-K,2018-02-28,edgar/data/1611702/0001611702-18-000025.txt
Liberty Broadband Corp,0001611983,10-K,2018-02-09,edgar/data/1611983/0001558370-18-000569.txt
COMM 2014-UBS4 Mortgage Trust,0001612126,10-K,2018-03-19,edgar/data/1612126/0001020242-18-000052.txt
Citigroup Commercial Mortgage Trust 2014-GC23,0001612518,10-K,2018-03-30,edgar/data/1612518/0001193125-18-103157.txt
JOINT Corp,0001612630,10-K,2018-03-09,edgar/data/1612630/0001171843-18-001818.txt
NextDecade Corp.,0001612720,10-K,2018-03-08,edgar/data/1612720/0001558370-18-001737.txt
COMM 2014-CCRE19 Mortgage Trust,0001612841,10-K,2018-03-19,edgar/data/1612841/0001056404-18-001471.txt
"Lockbox Link, Inc.",0001613489,10-K,2018-02-26,edgar/data/1613489/0001078782-18-000228.txt
TRENDMAKER INC. LTD.,0001613685,10-K,2018-03-15,edgar/data/1613685/0001477932-18-001314.txt
Navient Student Loan Trust 2014-2,0001613762,10-K,2018-03-30,edgar/data/1613762/0001140361-18-016123.txt
Navient Student Loan Trust 2014-3,0001613763,10-K,2018-03-30,edgar/data/1613763/0001140361-18-016124.txt
Navient Student Loan Trust 2014-4,0001613764,10-K,2018-03-30,edgar/data/1613764/0001140361-18-016125.txt
Navient Student Loan Trust 2014-5,0001613765,10-K,2018-03-30,edgar/data/1613765/0001140361-18-016126.txt
Navient Student Loan Trust 2014-6,0001613766,10-K,2018-03-30,edgar/data/1613766/0001140361-18-016127.txt
Navient Student Loan Trust 2014-7,0001613767,10-K,2018-03-30,edgar/data/1613767/0001140361-18-016128.txt
"PRA Health Sciences, Inc.",0001613859,10-K,2018-02-22,edgar/data/1613859/0001628280-18-002026.txt
JPMBB Commercial Mortgage Securities Trust 2014-C22,0001614033,10-K,2018-03-23,edgar/data/1614033/0001056404-18-001729.txt
"American Renaissance Capital, Inc.",0001614106,10-K,2018-01-03,edgar/data/1614106/0001614106-18-000003.txt
"SIGULER GUFF SMALL BUSINESS CREDIT OPPORTUNITIES FUND, INC",0001614173,10-K,2018-03-29,edgar/data/1614173/0001140361-18-015946.txt
"Yext, Inc.",0001614178,10-K,2018-03-16,edgar/data/1614178/0001614178-18-000095.txt
Cadence Bancorporation,0001614184,10-K,2018-03-19,edgar/data/1614184/0001564590-18-006217.txt
Kibush Capital Corp,0001614466,10-K,2018-02-15,edgar/data/1614466/0001493152-18-002246.txt
"Resource Income Opportunity REIT, Inc.",0001614502,10-K,2018-03-29,edgar/data/1614502/0001614502-18-000004.txt
Great Ajax Corp.,0001614806,10-K,2018-03-08,edgar/data/1614806/0001628280-18-002906.txt
"Cole Office & Industrial REIT (CCIT III), Inc.",0001614976,10-K,2018-03-30,edgar/data/1614976/0001614976-18-000023.txt
"Veritone, Inc.",0001615165,10-K,2018-03-09,edgar/data/1615165/0001193125-18-077593.txt
"Flex Pharma, Inc.",0001615219,10-K,2018-03-07,edgar/data/1615219/0001615219-18-000018.txt
Landmark Infrastructure Partners LP,0001615346,10-K,2018-02-15,edgar/data/1615346/0001564590-18-002157.txt
Beneficial Bancorp Inc.,0001615418,10-K,2018-02-28,edgar/data/1615418/0001104659-18-013417.txt
"C&J Energy Services, Inc.",0001615817,10-K,2018-03-01,edgar/data/1615817/0001628280-18-002585.txt
"Xenia Hotels & Resorts, Inc.",0001616000,10-K,2018-02-27,edgar/data/1616000/0001616000-18-000044.txt
Wells Fargo Real Estate Investment Corp.,0001616093,10-K,2018-03-02,edgar/data/1616093/0001616093-18-000006.txt
California Republic Auto Receivables Trust 2014-3,0001616280,10-K,2018-03-30,edgar/data/1616280/0001193125-18-102315.txt
"MedEquities Realty Trust, Inc.",0001616314,10-K,2018-02-21,edgar/data/1616314/0001564590-18-002682.txt
"Senseonics Holdings, Inc.",0001616543,10-K,2018-03-13,edgar/data/1616543/0001558370-18-001999.txt
WFRBS Commercial Mortgage Trust 2014-C22,0001616666,10-K,2018-03-22,edgar/data/1616666/0001056404-18-001664.txt
Wayfair Inc.,0001616707,10-K,2018-02-26,edgar/data/1616707/0001616707-18-000087.txt
Axalta Coating Systems Ltd.,0001616862,10-K,2018-02-22,edgar/data/1616862/0001616862-18-000010.txt
Santander Drive Auto Receivables Trust 2014-4,0001616997,10-K,2018-03-30,edgar/data/1616997/0001193125-18-102395.txt
AmeriCredit Automobile Receivables Trust 2014-3,0001617166,10-K,2018-03-27,edgar/data/1617166/0001193125-18-097034.txt
"J. Alexander's Holdings, Inc.",0001617227,10-K,2018-03-15,edgar/data/1617227/0001564590-18-005748.txt
MB Bancorp Inc,0001617291,10-K,2018-03-13,edgar/data/1617291/0001144204-18-014314.txt
LEPOTA INC,0001617351,10-K,2018-01-03,edgar/data/1617351/0001617351-18-000002.txt
Park Hotels & Resorts Inc.,0001617406,10-K,2018-03-01,edgar/data/1617406/0001564590-18-004101.txt
Capital Auto Receivables Asset Trust 2014-3,0001617626,10-K,2018-03-28,edgar/data/1617626/0001617626-18-000012.txt
"ZILLOW GROUP, INC.",0001617640,10-K,2018-02-15,edgar/data/1617640/0001193125-18-046862.txt
"Unique Fabricating, Inc.",0001617669,10-K,2018-03-08,edgar/data/1617669/0001617669-18-000012.txt
Corporate Capital Trust II,0001617896,10-K,2018-03-02,edgar/data/1617896/0001564590-18-004249.txt
KLX Inc.,0001617898,10-K,2018-03-19,edgar/data/1617898/0001558370-18-002253.txt
GS Mortgage Securities Trust 2014-GC24,0001617957,10-K,2018-03-26,edgar/data/1617957/0001056404-18-001805.txt
COMM 2014-UBS5 Mortgage Trust,0001617959,10-K,2018-03-20,edgar/data/1617959/0001056404-18-001541.txt
"Habit Restaurants, Inc.",0001617977,10-K,2018-03-01,edgar/data/1617977/0001564590-18-004037.txt
JPMBB Commercial Mortgage Securities Trust 2014-C23,0001618150,10-K,2018-03-22,edgar/data/1618150/0001056404-18-001703.txt
National Storage Affiliates Trust,0001618563,10-K,2018-02-27,edgar/data/1618563/0001618563-18-000015.txt
GUGGENHEIM CREDIT INCOME FUND 2016 T,0001618694,10-K,2018-03-14,edgar/data/1618694/0001618694-18-000010.txt
GUGGENHEIM CREDIT INCOME FUND - I,0001618696,10-K,2018-03-14,edgar/data/1618696/0001618696-18-000015.txt
GUGGENHEIM CREDIT INCOME FUND,0001618697,10-K,2018-03-13,edgar/data/1618697/0001618697-18-000011.txt
WFRBS Commercial Mortgage Trust 2014-C23,0001618713,10-K,2018-03-22,edgar/data/1618713/0001056404-18-001626.txt
Restaurant Brands International Limited Partnership,0001618755,10-K,2018-02-23,edgar/data/1618755/0001618755-18-000007.txt
Restaurant Brands International Inc.,0001618756,10-K,2018-02-23,edgar/data/1618756/0001618756-18-000007.txt
"Evofem Biosciences, Inc.",0001618835,10-K,2018-02-26,edgar/data/1618835/0001564590-18-003259.txt
SteadyMed Ltd.,0001619087,10-K,2018-03-30,edgar/data/1619087/0001047469-18-002396.txt
Valeritas Holdings Inc.,0001619250,10-K,2018-02-28,edgar/data/1619250/0001628280-18-002533.txt
Lightstone Real Estate Income Trust Inc.,0001619312,10-K,2018-03-12,edgar/data/1619312/0001144204-18-014165.txt
Fifth Third Auto Trust 2014-3,0001619346,10-K,2018-03-28,edgar/data/1619346/0001193125-18-099266.txt
Ally Auto Receivables Trust 2014-2,0001619406,10-K,2018-03-28,edgar/data/1619406/0001619406-18-000010.txt
COMM 2014-LC17 Mortgage Trust,0001619511,10-K,2018-03-19,edgar/data/1619511/0001056404-18-001458.txt
Origo Acquisition Corp,0001619551,10-K,2018-01-30,edgar/data/1619551/0001615774-18-000681.txt
Citigroup Commercial Mortgage Trust 2014-GC25,0001619616,10-K,2018-03-30,edgar/data/1619616/0001193125-18-103158.txt
Hess Midstream Partners LP,0001619739,10-K,2018-03-13,edgar/data/1619739/0001564590-18-005372.txt
"National Art Exchange, Inc.",0001619870,10-K,2018-01-12,edgar/data/1619870/0001213900-18-000415.txt
"Inovalon Holdings, Inc.",0001619954,10-K,2018-02-21,edgar/data/1619954/0001619954-18-000022.txt
"Exela Technologies, Inc.",0001620179,10-K,2018-03-16,edgar/data/1620179/0001047469-18-001782.txt
Uniti Group Inc.,0001620280,10-K,2018-03-01,edgar/data/1620280/0001564590-18-004145.txt
COMM 2014-CCRE20 Mortgage Trust,0001620305,10-K,2018-03-19,edgar/data/1620305/0001056404-18-001449.txt
Volkswagen Auto Loan Enhanced Trust 2014-2,0001620346,10-K,2018-03-30,edgar/data/1620346/0001193125-18-102939.txt
"NexPoint Residential Trust, Inc.",0001620393,10-K,2018-02-15,edgar/data/1620393/0001564590-18-002112.txt
"James River Group Holdings, Ltd.",0001620459,10-K,2018-03-01,edgar/data/1620459/0001628280-18-002654.txt
Shake Shack Inc.,0001620533,10-K,2018-02-26,edgar/data/1620533/0001620533-18-000015.txt
Warner Chilcott Ltd,0001620602,10-K,2018-02-16,edgar/data/1620602/0001564590-18-002345.txt
Rice Midstream Partners LP,0001620928,10-K,2018-02-15,edgar/data/1620928/0001620928-18-000005.txt
Toyota Auto Receivables 2014-C Owner Trust,0001621121,10-K,2018-03-28,edgar/data/1621121/0000929638-18-000400.txt
BMW Vehicle Owner Trust 2014-A,0001621130,10-K,2018-03-27,edgar/data/1621130/0000929638-18-000381.txt
Adaptimmune Therapeutics PLC,0001621227,10-K,2018-03-15,edgar/data/1621227/0001104659-18-017694.txt
COMM 2014-UBS6 Mortgage Trust,0001621368,10-K,2018-03-20,edgar/data/1621368/0001056404-18-001509.txt
JPMBB Commercial Mortgage Securities Trust 2014-C24,0001621379,10-K,2018-03-23,edgar/data/1621379/0001056404-18-001737.txt
"Black Stone Minerals, L.P.",0001621434,10-K,2018-02-28,edgar/data/1621434/0001628280-18-002529.txt
"Zynerba Pharmaceuticals, Inc.",0001621443,10-K,2018-03-12,edgar/data/1621443/0001558370-18-001906.txt
WFRBS Commercial Mortgage Trust 2014-C24,0001621466,10-K,2018-03-22,edgar/data/1621466/0001056404-18-001707.txt
"Summit Materials, Inc.",0001621563,10-K,2018-02-14,edgar/data/1621563/0001558370-18-000708.txt
CNH Equipment Trust 2014-C,0001621640,10-K,2018-03-27,edgar/data/1621640/0001104659-18-020329.txt
"Aqua Metals, Inc.",0001621832,10-K,2018-03-15,edgar/data/1621832/0001615774-18-001909.txt
Santander Drive Auto Receivables Trust 2014-5,0001622117,10-K,2018-03-30,edgar/data/1622117/0001193125-18-102403.txt
"Easterly Government Properties, Inc.",0001622194,10-K,2018-03-01,edgar/data/1622194/0001564590-18-004044.txt
"Jernigan Capital, Inc.",0001622353,10-K,2018-03-02,edgar/data/1622353/0001622353-18-000006.txt
JPMBB Commercial Mortgage Securities Trust 2014-C25,0001622413,10-K,2018-03-22,edgar/data/1622413/0001056404-18-001713.txt
World Omni Auto Receivables Trust 2014-B,0001622764,10-K,2018-03-29,edgar/data/1622764/0001144204-18-017918.txt
GS Mortgage Securities Trust 2014-GC26,0001622765,10-K,2018-03-23,edgar/data/1622765/0001019965-18-000075.txt
"Propel Media, Inc.",0001622822,10-K,2018-03-30,edgar/data/1622822/0001213900-18-003699.txt
"Medicine Man Technologies, Inc.",0001622879,10-K,2018-03-27,edgar/data/1622879/0001683168-18-000768.txt
"ACRO BIOMEDICAL CO., LTD.",0001622996,10-K,2018-01-16,edgar/data/1622996/0001640334-18-000094.txt
"CannaMED Enterprises, Inc.",0001623016,10-K,2018-03-30,edgar/data/1623016/0001437749-18-005892.txt
Navient Student Loan Trust 2014-8,0001623518,10-K,2018-03-30,edgar/data/1623518/0001140361-18-016129.txt
Mylan N.V.,0001623613,10-K,2018-03-01,edgar/data/1623613/0001623613-18-000010.txt
WFRBS Commercial Mortgage Trust 2014-C25,0001623838,10-K,2018-03-22,edgar/data/1623838/0001056404-18-001628.txt
Antero Midstream GP LP,0001623925,10-K,2018-02-13,edgar/data/1623925/0001558370-18-000644.txt
"Business First Bancshares, Inc.",0001624322,10-K,2018-03-21,edgar/data/1624322/0001437749-18-005111.txt
PAVmed Inc.,0001624326,10-K,2018-03-14,edgar/data/1624326/0001493152-18-003367.txt
"Allena Pharmaceuticals, Inc.",0001624658,10-K,2018-03-27,edgar/data/1624658/0001564590-18-006811.txt
MPM Holdings Inc.,0001624826,10-K,2018-02-27,edgar/data/1624826/0001405041-18-000004.txt
AmeriCredit Automobile Receivables Trust 2014-4,0001624831,10-K,2018-03-27,edgar/data/1624831/0001193125-18-097065.txt
"Pulse Biosciences, Inc.",0001625101,10-K,2018-03-16,edgar/data/1625101/0001625101-18-000012.txt
JPMBB Commercial Mortgage Securities Trust 2014-C26,0001625123,10-K,2018-03-23,edgar/data/1625123/0001056404-18-001733.txt
Ford Credit Auto Owner Trust 2014-C,0001625425,10-K,2018-03-22,edgar/data/1625425/0001625425-18-000006.txt
COMM 2014-CCRE21 Mortgage Trust,0001625426,10-K,2018-03-19,edgar/data/1625426/0001056404-18-001470.txt
Till Capital Ltd.,0001625584,10-K,2018-03-30,edgar/data/1625584/0001171843-18-002374.txt
BLACK CREEK INDUSTRIAL REIT IV Inc.,0001625941,10-K,2018-03-09,edgar/data/1625941/0001625941-18-000008.txt
PJT Partners Inc.,0001626115,10-K,2018-02-27,edgar/data/1626115/0001564590-18-003538.txt
"ALPINE IMMUNE SCIENCES, INC.",0001626199,10-K,2018-03-28,edgar/data/1626199/0001564590-18-006916.txt
Terafox Corp,0001626696,10-K,2018-01-16,edgar/data/1626696/0001551163-18-000004.txt
XBiotech Inc.,0001626878,10-K,2018-03-16,edgar/data/1626878/0001171843-18-002043.txt
California Republic Auto Receivables Trust 2014-4,0001626937,10-K,2018-03-30,edgar/data/1626937/0001193125-18-102325.txt
Wells Fargo Commercial Mortgage Trust 2014-LC18,0001626941,10-K,2018-03-22,edgar/data/1626941/0001056404-18-001708.txt
"Corvus Pharmaceuticals, Inc.",0001626971,10-K,2018-03-01,edgar/data/1626971/0001047469-18-001209.txt
"Black Knight, Inc.",0001627014,10-K,2018-02-23,edgar/data/1627014/0001627014-18-000016.txt
Ally Auto Receivables Trust 2014-3,0001627213,10-K,2018-03-28,edgar/data/1627213/0001627213-18-000010.txt
Chemours Co,0001627223,10-K,2018-02-16,edgar/data/1627223/0001564590-18-002325.txt
"Photozou Holdings, Inc.",0001627469,10-K,2018-02-13,edgar/data/1627469/0001599916-18-000034.txt
"Fogo de Chao, Inc.",0001627487,10-K,2018-03-09,edgar/data/1627487/0001564590-18-005016.txt
Quest Management Inc,0001627554,10-K,2018-02-13,edgar/data/1627554/0001477932-18-000811.txt
IEG Holdings Corp,0001627811,10-K,2018-03-29,edgar/data/1627811/0001493152-18-004121.txt
"Sailpoint Technologies Holdings, Inc.",0001627857,10-K,2018-03-19,edgar/data/1627857/0001564590-18-006197.txt
Seritage Growth Properties,0001628063,10-K,2018-02-28,edgar/data/1628063/0001564590-18-003848.txt
"TeleHealthCare, Inc.",0001628104,10-K,2018-03-20,edgar/data/1628104/0001140361-18-014328.txt
COMM 2015-LC19 Mortgage Trust,0001628112,10-K,2018-03-19,edgar/data/1628112/0001056404-18-001402.txt
HUI YING FINANCIAL HOLDINGS Corp,0001628468,10-K,2018-03-19,edgar/data/1628468/0001615774-18-001975.txt
"Audentes Therapeutics, Inc.",0001628738,10-K,2018-03-09,edgar/data/1628738/0001564590-18-005154.txt
"Evolent Health, Inc.",0001628908,10-K,2018-03-01,edgar/data/1628908/0001628908-18-000015.txt
Merchants Bancorp,0001629019,10-K,2018-03-28,edgar/data/1629019/0001558370-18-002483.txt
"Global Blood Therapeutics, Inc.",0001629137,10-K,2018-02-27,edgar/data/1629137/0001193125-18-060818.txt
"China Crawfish, Ltd.",0001629702,10-K,2018-02-14,edgar/data/1629702/0001079974-18-000066.txt
Citigroup Commercial Mortgage Trust 2015-GC27,0001629716,10-K,2018-03-30,edgar/data/1629716/0001193125-18-103002.txt
Harley-Davidson Motorcycle Trust 2015-1,0001629958,10-K,2018-03-26,edgar/data/1629958/0001628280-18-003555.txt
Hyundai Auto Receivables Trust 2015-A,0001629978,10-K,2018-03-22,edgar/data/1629978/0001144204-18-016395.txt
Brixmor Operating Partnership LP,0001630031,10-K,2018-02-12,edgar/data/1630031/0001581068-18-000008.txt
"Bojangles', Inc.",0001630132,10-K,2018-03-08,edgar/data/1630132/0001193125-18-073807.txt
Avalon Globocare Corp.,0001630212,10-K,2018-03-13,edgar/data/1630212/0001615774-18-001839.txt
AmeriCredit Automobile Receivables Trust 2015-1,0001630372,10-K,2018-03-27,edgar/data/1630372/0001193125-18-097067.txt
GAIN CITIES LTD,0001630430,10-K,2018-02-20,edgar/data/1630430/0001640334-18-000369.txt
"TPG RE Finance Trust, Inc.",0001630472,10-K,2018-02-26,edgar/data/1630472/0001564590-18-003266.txt
GS Mortgage Securities Trust 2015-GC28,0001630477,10-K,2018-03-23,edgar/data/1630477/0001056404-18-001746.txt
Wells Fargo Commercial Mortgage Trust 2015-C26,0001630513,10-K,2018-03-21,edgar/data/1630513/0001056404-18-001568.txt
JPMBB Commercial Mortgage Securities Trust 2015-C27,0001630690,10-K,2018-03-22,edgar/data/1630690/0001056404-18-001689.txt
"Babcock & Wilcox Enterprises, Inc.",0001630805,10-K,2018-03-01,edgar/data/1630805/0001630805-18-000016.txt
Capital Auto Receivables Asset Trust 2015-1,0001630924,10-K,2018-03-28,edgar/data/1630924/0001630924-18-000010.txt
"KBS Growth & Income REIT, Inc.",0001631256,10-K,2018-03-12,edgar/data/1631256/0001631256-18-000014.txt
Community Healthcare Trust Inc,0001631569,10-K,2018-02-22,edgar/data/1631569/0001631569-18-000009.txt
Wave Life Sciences Ltd.,0001631574,10-K,2018-03-12,edgar/data/1631574/0001564590-18-005308.txt
KKR Real Estate Finance Trust Inc.,0001631596,10-K,2018-02-28,edgar/data/1631596/0001631596-18-000003.txt
"Aimmune Therapeutics, Inc.",0001631650,10-K,2018-02-20,edgar/data/1631650/0001564590-18-002466.txt
CNH Equipment Trust 2015-A,0001632028,10-K,2018-03-27,edgar/data/1632028/0001104659-18-020330.txt
"HOMETOWN INTERNATIONAL, INC.",0001632081,10-K,2018-03-28,edgar/data/1632081/0001615774-18-002163.txt
Santander Drive Auto Receivables Trust 2015-1,0001632092,10-K,2018-03-30,edgar/data/1632092/0001193125-18-102490.txt
"Cable One, Inc.",0001632127,10-K,2018-03-01,edgar/data/1632127/0001437749-18-003668.txt
CAT9 Group Inc.,0001632275,10-K,2018-03-29,edgar/data/1632275/0001262463-18-000078.txt
Bang Holdings Corp.,0001632323,10-K,2018-03-30,edgar/data/1632323/0001615774-18-002239.txt
COMM 2015-DC1 Mortgage Trust,0001632814,10-K,2018-03-16,edgar/data/1632814/0001056404-18-001393.txt
"EQT GP Holdings, LP",0001632933,10-K,2018-02-15,edgar/data/1632933/0001632933-18-000008.txt
"Griffin-American Healthcare REIT IV, Inc.",0001632970,10-K,2018-03-08,edgar/data/1632970/0001632970-18-000035.txt
Navient Student Loan Trust 2015-1,0001633023,10-K,2018-03-30,edgar/data/1633023/0001140361-18-016130.txt
"Crescent Capital BDC, Inc.",0001633336,10-K,2018-03-23,edgar/data/1633336/0001193125-18-094363.txt
Wells Fargo Commercial Mortgage Trust 2015-C27,0001633533,10-K,2018-03-21,edgar/data/1633533/0001056404-18-001581.txt
"Tallgrass Energy GP, LP",0001633651,10-K,2018-02-13,edgar/data/1633651/0001633651-18-000018.txt
Audax Credit BDC Inc.,0001633858,10-K,2018-03-16,edgar/data/1633858/0001144204-18-015281.txt
"PayPal Holdings, Inc.",0001633917,10-K,2018-02-07,edgar/data/1633917/0001633917-18-000029.txt
TopBuild Corp,0001633931,10-K,2018-02-27,edgar/data/1633931/0001558370-18-001168.txt
California Republic Auto Receivables Trust 2015-1,0001633933,10-K,2018-03-30,edgar/data/1633933/0001193125-18-102337.txt
Toyota Auto Receivables 2015-A Owner Trust,0001634121,10-K,2018-03-28,edgar/data/1634121/0000929638-18-000402.txt
CSAIL 2015-C1 Commercial Mortgage Trust,0001634172,10-K,2018-03-20,edgar/data/1634172/0001056404-18-001542.txt
"iHealthcare, Inc.",0001634291,10-K,2018-02-28,edgar/data/1634291/0001599916-18-000046.txt
"Exceed World, Inc.",0001634293,10-K,2018-01-02,edgar/data/1634293/0001599916-18-000002.txt
World Omni Auto Receivables Trust 2015-A,0001634303,10-K,2018-03-29,edgar/data/1634303/0001144204-18-017928.txt
Strongbridge Biopharma plc,0001634432,10-K,2018-03-12,edgar/data/1634432/0001558370-18-001865.txt
Jensyn Acquisition Corp.,0001634447,10-K,2018-03-29,edgar/data/1634447/0001493152-18-004171.txt
AB Private Credit Investors Corp,0001634452,10-K,2018-03-20,edgar/data/1634452/0001193125-18-089241.txt
COMM 2015-CCRE22 Mortgage Trust,0001634976,10-K,2018-03-20,edgar/data/1634976/0001020242-18-000068.txt
"Avangrid, Inc.",0001634997,10-K,2018-03-26,edgar/data/1634997/0001564590-18-006767.txt
John Deere Owner Trust 2015,0001635139,10-K,2018-01-26,edgar/data/1635139/0001104659-18-004135.txt
MSB FINANCIAL CORP,0001635261,10-K,2018-03-02,edgar/data/1635261/0001635261-18-000007.txt
"Rimini Street, Inc.",0001635282,10-K,2018-03-15,edgar/data/1635282/0001144204-18-014946.txt
Cincinnati Bancorp,0001635484,10-K,2018-03-30,edgar/data/1635484/0001144204-18-018148.txt
Wells Fargo Commercial Mortgage Trust 2015-LC20,0001635569,10-K,2018-03-20,edgar/data/1635569/0001056404-18-001492.txt
8point3 Energy Partners LP,0001635581,10-K,2018-02-05,edgar/data/1635581/0001628280-18-001014.txt
Green Plains Partners LP,0001635650,10-K,2018-02-14,edgar/data/1635650/0001635650-18-000004.txt
"Gannett Co., Inc.",0001635718,10-K,2018-02-28,edgar/data/1635718/0001635718-18-000006.txt
"Provident Bancorp, Inc.",0001635840,10-K,2018-03-15,edgar/data/1635840/0001571049-18-000180.txt
Exterran Corp,0001635881,10-K,2018-02-28,edgar/data/1635881/0001635881-18-000012.txt
"National Western Life Group, Inc.",0001635984,10-K,2018-03-01,edgar/data/1635984/0001635984-18-000004.txt
Wingstop Inc.,0001636222,10-K,2018-02-23,edgar/data/1636222/0001636222-18-000015.txt
"Aeglea BioTherapeutics, Inc.",0001636282,10-K,2018-03-13,edgar/data/1636282/0001564590-18-005404.txt
People's Utah Bancorp,0001636286,10-K,2018-03-15,edgar/data/1636286/0001564590-18-005861.txt
"Kite Realty Group, L.P.",0001636315,10-K,2018-02-20,edgar/data/1636315/0001286043-18-000020.txt
Navient Student Loan Trust 2015-2,0001636459,10-K,2018-03-30,edgar/data/1636459/0001140361-18-016131.txt
Ford Credit Auto Owner Trust 2015-A,0001636498,10-K,2018-03-22,edgar/data/1636498/0001636498-18-000006.txt
Ovid Therapeutics Inc.,0001636651,10-K,2018-03-29,edgar/data/1636651/0001564590-18-007152.txt
Citigroup Commercial Mortgage Trust 2015-GC29,0001636708,10-K,2018-03-29,edgar/data/1636708/0001193125-18-101885.txt
JPMBB Commercial Mortgage Securities Trust 2015-C28,0001637008,10-K,2018-03-20,edgar/data/1637008/0001056404-18-001511.txt
"Planet Fitness, Inc.",0001637207,10-K,2018-03-01,edgar/data/1637207/0001564590-18-004109.txt
STRONG SOLUTIONS INC.,0001637242,10-K,2018-02-08,edgar/data/1637242/0001607062-18-000051.txt
FS Investment Corp IV,0001637417,10-K,2018-03-09,edgar/data/1637417/0001144204-18-013896.txt
Kraft Heinz Co,0001637459,10-K,2018-02-16,edgar/data/1637459/0001637459-18-000015.txt
CONSOL Coal Resources LP,0001637558,10-K,2018-02-16,edgar/data/1637558/0001637558-18-000006.txt
Horizon Global Corp,0001637655,10-K,2018-03-01,edgar/data/1637655/0001637655-18-000011.txt
NRG YIELD LLC,0001637757,10-K,2018-03-01,edgar/data/1637757/0001637757-18-000004.txt
SeaSpine Holdings Corp,0001637761,10-K,2018-03-02,edgar/data/1637761/0001637761-18-000034.txt
"Tri-State Generation & Transmission Association, Inc.",0001637880,10-K,2018-03-09,edgar/data/1637880/0001558370-18-001771.txt
Milacron Holdings Corp.,0001637913,10-K,2018-02-28,edgar/data/1637913/0001637913-18-000004.txt
"Entergy New Orleans Storm Recovery Funding I, L.L.C.",0001637969,10-K,2018-03-22,edgar/data/1637969/0000065984-18-000107.txt
Wells Fargo Commercial Mortgage Trust 2015-NXS1,0001638227,10-K,2018-03-20,edgar/data/1638227/0001056404-18-001493.txt
Gemphire Therapeutics Inc.,0001638287,10-K,2018-03-20,edgar/data/1638287/0001558370-18-002275.txt
AmeriCredit Automobile Receivables Trust 2015-2,0001638448,10-K,2018-03-27,edgar/data/1638448/0001193125-18-097066.txt
Hyundai Auto Receivables Trust 2015-B,0001638449,10-K,2018-03-22,edgar/data/1638449/0001144204-18-016397.txt
Santander Drive Auto Receivables Trust 2015-2,0001638606,10-K,2018-03-30,edgar/data/1638606/0001193125-18-102454.txt
"Surgery Partners, Inc.",0001638833,10-K,2018-03-16,edgar/data/1638833/0001638833-18-000004.txt
UAS Drone Corp.,0001638911,10-K,2018-03-29,edgar/data/1638911/0001548123-18-000038.txt
Wells Fargo Commercial Mortgage Trust 2015-C28,0001638933,10-K,2018-03-20,edgar/data/1638933/0001056404-18-001494.txt
OHI Healthcare Properties Limited Partnership,0001639315,10-K,2018-02-23,edgar/data/1639315/0001144204-18-010511.txt
CSAIL 2015-C2 Commercial Mortgage Trust,0001639353,10-K,2018-03-20,edgar/data/1639353/0001056404-18-001556.txt
Electrum Special Acquisition Corp,0001639669,10-K,2018-01-31,edgar/data/1639669/0001144204-18-004785.txt
LivaNova PLC,0001639691,10-K,2018-02-28,edgar/data/1639691/0001639691-18-000016.txt
GS Mortgage Securities Trust 2015-GC30,0001639694,10-K,2018-03-27,edgar/data/1639694/0001019965-18-000096.txt
"Tech Central, Inc.",0001639874,10-K,2018-03-22,edgar/data/1639874/0001079973-18-000189.txt
COMM 2015-CCRE23 Mortgage Trust,0001640052,10-K,2018-03-16,edgar/data/1640052/0001056404-18-001382.txt
"Voyager Therapeutics, Inc.",0001640266,10-K,2018-03-14,edgar/data/1640266/0001558370-18-002038.txt
"Jounce Therapeutics, Inc.",0001640455,10-K,2018-03-08,edgar/data/1640455/0001640455-18-000030.txt
Harley-Davidson Motorcycle Trust 2015-2,0001640513,10-K,2018-03-26,edgar/data/1640513/0001628280-18-003556.txt
JPMBB Commercial Mortgage Securities Trust 2015-C29,0001640584,10-K,2018-03-15,edgar/data/1640584/0001056404-18-001380.txt
CNH Equipment Trust 2015-B,0001640770,10-K,2018-03-27,edgar/data/1640770/0001104659-18-020331.txt
"ATEL 17, LLC",0001640982,10-K,2018-03-27,edgar/data/1640982/0001144204-18-016967.txt
Easterly Acquisition Corp.,0001641197,10-K,2018-03-16,edgar/data/1641197/0001144204-18-015356.txt
vTv Therapeutics Inc.,0001641489,10-K,2018-02-27,edgar/data/1641489/0001564590-18-003515.txt
River Financial Corp,0001641601,10-K,2018-03-20,edgar/data/1641601/0001564590-18-006290.txt
CPI Card Group Inc.,0001641614,10-K,2018-03-13,edgar/data/1641614/0001558370-18-001943.txt
Navient Student Loan Trust 2015-3,0001641623,10-K,2018-03-30,edgar/data/1641623/0001140361-18-016132.txt
"AIT Therapeutics, Inc.",0001641631,10-K,2018-03-30,edgar/data/1641631/0001178913-18-001051.txt
Nabriva Therapeutics plc,0001641640,10-K,2018-03-16,edgar/data/1641640/0001047469-18-001768.txt
Capital Auto Receivables Asset Trust 2015-2,0001641832,10-K,2018-03-28,edgar/data/1641832/0001641832-18-000010.txt
"SPX FLOW, Inc.",0001641991,10-K,2018-02-06,edgar/data/1641991/0001641991-18-000004.txt
"Allegiance Bancshares, Inc.",0001642081,10-K,2018-03-09,edgar/data/1642081/0001642081-18-000031.txt
"Associated Capital Group, Inc.",0001642122,10-K,2018-03-09,edgar/data/1642122/0001140361-18-012653.txt
"Guardion Health Sciences, Inc.",0001642375,10-K,2018-02-27,edgar/data/1642375/0001144204-18-011242.txt
Ford Credit Auto Owner Trust 2015-B,0001642435,10-K,2018-03-22,edgar/data/1642435/0001642435-18-000009.txt
"Daseke, Inc.",0001642453,10-K,2018-03-16,edgar/data/1642453/0001558370-18-002217.txt
Toyota Auto Receivables 2015-B Owner Trust,0001642673,10-K,2018-03-28,edgar/data/1642673/0000929638-18-000404.txt
"Venture Lending & Leasing VIII, Inc.",0001642862,10-K,2018-03-16,edgar/data/1642862/0001642862-18-000002.txt
California Republic Auto Receivables Trust 2015-2,0001643102,10-K,2018-03-30,edgar/data/1643102/0001193125-18-102348.txt
"DD's Deluxe Rod Holder, Inc.",0001643194,10-K,2018-03-09,edgar/data/1643194/0001643194-18-000006.txt
SANTANDER DRIVE AUTO RECEIVABLES TRUST 2015-3,0001643202,10-K,2018-03-30,edgar/data/1643202/0001193125-18-102462.txt
COMM 2015-LC21 Mortgage Trust,0001643293,10-K,2018-03-20,edgar/data/1643293/0001020242-18-000070.txt
Cure Pharmaceutical Holding Corp.,0001643301,10-K,2018-03-26,edgar/data/1643301/0001477932-18-001445.txt
Huntington Auto Trust 2015-1,0001643508,10-K,2018-03-15,edgar/data/1643508/0001643508-18-000006.txt
Wells Fargo Commercial Mortgage Trust 2015-C29,0001643550,10-K,2018-03-21,edgar/data/1643550/0001056404-18-001579.txt
Citigroup Commercial Mortgage Trust 2015-GC31,0001643661,10-K,2018-03-30,edgar/data/1643661/0001193125-18-103047.txt
Wells Fargo Commercial Mortgage Trust 2015-NXS2,0001643873,10-K,2018-03-21,edgar/data/1643873/0001056404-18-001610.txt
Global Partner Acquisition Corp.,0001643953,10-K,2018-02-01,edgar/data/1643953/0001213900-18-001126.txt
GM Financial Automobile Leasing Trust 2015-2,0001644285,10-K,2018-03-27,edgar/data/1644285/0001193125-18-096969.txt
"Hostess Brands, Inc.",0001644406,10-K,2018-02-28,edgar/data/1644406/0001644406-18-000012.txt
GCP Applied Technologies Inc.,0001644440,10-K,2018-02-28,edgar/data/1644440/0001644440-18-000030.txt
GS Mortgage Securities Trust 2015-GC32,0001644697,10-K,2018-03-23,edgar/data/1644697/0001056404-18-001782.txt
JPMBB Commercial Mortgage Securities Trust 2015-C30,0001644943,10-K,2018-03-20,edgar/data/1644943/0001056404-18-001550.txt
"AVENUE THERAPEUTICS, INC.",0001644963,10-K,2018-03-01,edgar/data/1644963/0001144204-18-012321.txt
Novocure Ltd,0001645113,10-K,2018-02-22,edgar/data/1645113/0001564590-18-002766.txt
COMM 2015-PC1 Mortgage Trust,0001645384,10-K,2018-03-19,edgar/data/1645384/0001056404-18-001400.txt
"Cue Biopharma, Inc.",0001645460,10-K,2018-03-29,edgar/data/1645460/0001144204-18-017978.txt
Monopar Therapeutics,0001645469,10-K,2018-03-26,edgar/data/1645469/0001654954-18-003136.txt
ARRIS International plc,0001645494,10-K,2018-03-01,edgar/data/1645494/0001193125-18-066821.txt
Discover Funding LLC,0001645731,10-K,2018-03-22,edgar/data/1645731/0001193125-18-091989.txt
ZEV VENTURES INC.,0001646188,10-K,2018-03-28,edgar/data/1646188/0001615774-18-002144.txt
At Home Group Inc.,0001646228,10-K,2018-03-23,edgar/data/1646228/0001558370-18-002345.txt
NorthStar Realty Europe Corp.,0001646587,10-K,2018-03-13,edgar/data/1646587/0001646587-18-000006.txt
COMM 2015-CCRE24 Mortgage Trust,0001646736,10-K,2018-03-16,edgar/data/1646736/0001056404-18-001390.txt
Mercedes-Benz Auto Receivables Trust 2015-1,0001646798,10-K,2018-03-28,edgar/data/1646798/0001019965-18-000102.txt
USAA Auto Owner Trust 2015-1,0001646829,10-K,2018-03-28,edgar/data/1646829/0001193125-18-099143.txt
WillScot Corp,0001647088,10-K,2018-03-16,edgar/data/1647088/0001647088-18-000006.txt
Ally Auto Receivables Trust 2015-1,0001647353,10-K,2018-03-28,edgar/data/1647353/0001647353-18-000009.txt
"Forest City Realty Trust, Inc.",0001647509,10-K,2018-02-22,edgar/data/1647509/0001647509-18-000014.txt
Noble Midstream Partners LP,0001647513,10-K,2018-02-20,edgar/data/1647513/0001647513-18-000005.txt
Wells Fargo Commercial Mortgage Trust 2015-C30,0001647587,10-K,2018-03-20,edgar/data/1647587/0001056404-18-001500.txt
World Omni Automobile Lease Securitization Trust 2015-A,0001647854,10-K,2018-03-29,edgar/data/1647854/0001144204-18-017971.txt
CSAIL 2015-C3 Commercial Mortgage Trust,0001647980,10-K,2018-03-20,edgar/data/1647980/0001056404-18-001501.txt
COMM 2015-CCRE25 Mortgage Trust,0001648195,10-K,2018-03-20,edgar/data/1648195/0001020242-18-000079.txt
"IWEB, Inc.",0001648365,10-K,2018-03-20,edgar/data/1648365/0001144204-18-015830.txt
"CNL Healthcare Properties II, Inc.",0001648383,10-K,2018-03-15,edgar/data/1648383/0001564590-18-005754.txt
"Sequential Brands Group, Inc.",0001648428,10-K,2018-03-16,edgar/data/1648428/0001144204-18-015262.txt
Citigroup Commercial Mortgage Trust 2015-P1,0001648439,10-K,2018-03-30,edgar/data/1648439/0001193125-18-103098.txt
Wells Fargo Commercial Mortgage Trust 2015-SG1,0001648858,10-K,2018-03-21,edgar/data/1648858/0001056404-18-001583.txt
Nuvectra Corp,0001648893,10-K,2018-03-06,edgar/data/1648893/0001437749-18-004034.txt
"First Foods Group, Inc.",0001648903,10-K,2018-03-21,edgar/data/1648903/0001477932-18-001381.txt
Santander Drive Auto Receivables Trust 2015-4,0001649011,10-K,2018-03-30,edgar/data/1649011/0001193125-18-102475.txt
Clipper Realty Inc.,0001649096,10-K,2018-03-14,edgar/data/1649096/0001437749-18-004608.txt
JPMBB Commercial Mortgage Securities Trust 2015-C31,0001649184,10-K,2018-03-20,edgar/data/1649184/0001056404-18-001555.txt
Capital Auto Receivables Asset Trust 2015-3,0001649616,10-K,2018-03-28,edgar/data/1649616/0001649616-18-000015.txt
Toyota Auto Receivables 2015-C Owner Trust,0001649675,10-K,2018-03-28,edgar/data/1649675/0000929638-18-000406.txt
AmeriCredit Automobile Receivables Trust 2015-3,0001649716,10-K,2018-03-27,edgar/data/1649716/0001193125-18-097115.txt
DULUTH HOLDINGS INC.,0001649744,10-K,2018-03-21,edgar/data/1649744/0001649744-18-000009.txt
FB Financial Corp,0001649749,10-K,2018-03-16,edgar/data/1649749/0001564590-18-006079.txt
"RHYTHM PHARMACEUTICALS, INC.",0001649904,10-K,2018-03-12,edgar/data/1649904/0001558370-18-001923.txt
CNH Equipment Trust 2015-C,0001649934,10-K,2018-03-27,edgar/data/1649934/0001104659-18-020332.txt
"Four Corners Property Trust, Inc.",0001650132,10-K,2018-02-27,edgar/data/1650132/0001650132-18-000025.txt
ANDES 7 INC.,0001650205,10-K,2018-03-07,edgar/data/1650205/0001262463-18-000059.txt
Quorum Health Corp,0001650445,10-K,2018-03-15,edgar/data/1650445/0001564590-18-005823.txt
California Republic Auto Receivables Trust 2015-3,0001650526,10-K,2018-03-30,edgar/data/1650526/0001193125-18-102352.txt
"Editas Medicine, Inc.",0001650664,10-K,2018-03-08,edgar/data/1650664/0001558370-18-001721.txt
"SiteOne Landscape Supply, Inc.",0001650729,10-K,2018-02-28,edgar/data/1650729/0001650729-18-000005.txt
"Welbilt, Inc.",0001650962,10-K,2018-03-01,edgar/data/1650962/0001650962-18-000028.txt
"Elevate Credit, Inc.",0001651094,10-K,2018-03-09,edgar/data/1651094/0001651094-18-000014.txt
Wells Fargo Commercial Mortgage Trust 2015-LC22,0001651164,10-K,2018-03-20,edgar/data/1651164/0001056404-18-001495.txt
John Deere Owner Trust 2015-B,0001651221,10-K,2018-01-26,edgar/data/1651221/0001104659-18-004138.txt
"Acacia Communications, Inc.",0001651235,10-K,2018-02-22,edgar/data/1651235/0001651235-18-000045.txt
"Steadfast Apartment REIT III, Inc.",0001651286,10-K,2018-03-16,edgar/data/1651286/0001651286-18-000021.txt
"BeiGene, Ltd.",0001651308,10-K,2018-02-28,edgar/data/1651308/0001558370-18-001303.txt
"Checkpoint Therapeutics, Inc.",0001651407,10-K,2018-03-16,edgar/data/1651407/0001144204-18-015101.txt
"Tabula Rasa HealthCare, Inc.",0001651561,10-K,2018-03-14,edgar/data/1651561/0001558370-18-002063.txt
Citigroup Commercial Mortgage Trust 2015-GC33,0001651588,10-K,2018-03-29,edgar/data/1651588/0001193125-18-102095.txt
COMM 2015-CCRE26 Mortgage Trust,0001651790,10-K,2018-03-19,edgar/data/1651790/0001056404-18-001468.txt
Hyundai Auto Receivables Trust 2015-C,0001651898,10-K,2018-03-22,edgar/data/1651898/0001144204-18-016401.txt
"Central Federal Bancshares, Inc",0001651987,10-K,2018-03-28,edgar/data/1651987/0001493152-18-004043.txt
Bank of America Merrill Lynch Commercial Mortgage Trust 2015-UBS7,0001652031,10-K,2018-03-27,edgar/data/1652031/0001019965-18-000093.txt
Alphabet Inc.,0001652044,10-K,2018-02-06,edgar/data/1652044/0001652044-18-000007.txt
Andina Acquisition Corp. II,0001652101,10-K,2018-02-07,edgar/data/1652101/0001493152-18-001618.txt
"Intellia Therapeutics, Inc.",0001652130,10-K,2018-03-14,edgar/data/1652130/0001564590-18-005544.txt
Oasis Midstream Partners LP,0001652133,10-K,2018-02-28,edgar/data/1652133/0001652133-18-000009.txt
Ally Auto Receivables Trust 2015-2,0001652201,10-K,2018-03-28,edgar/data/1652201/0001652201-18-000009.txt
M III Acquisition Corp.,0001652362,10-K,2018-03-06,edgar/data/1652362/0001144204-18-012884.txt
Ford Credit Auto Owner Trust 2015-C,0001652456,10-K,2018-03-22,edgar/data/1652456/0001652456-18-000008.txt
"ICHOR HOLDINGS, LTD.",0001652535,10-K,2018-03-13,edgar/data/1652535/0001564590-18-005482.txt
GS Mortgage Securities Trust 2015-GC34,0001652672,10-K,2018-03-26,edgar/data/1652672/0001019965-18-000090.txt
United Royale Holdings Corp.,0001652842,10-K,2018-03-23,edgar/data/1652842/0001493152-18-003783.txt
Wells Fargo Commercial Mortgage Trust 2015-NXS3,0001652884,10-K,2018-03-21,edgar/data/1652884/0001056404-18-001607.txt
Fifth Third Auto Trust 2015-1,0001652885,10-K,2018-03-28,edgar/data/1652885/0001193125-18-099279.txt
"AveXis, Inc.",0001652923,10-K,2018-02-28,edgar/data/1652923/0001558370-18-001313.txt
"Resource Apartment REIT III, Inc.",0001652926,10-K,2018-03-29,edgar/data/1652926/0001652926-18-000015.txt
Wadena Corp.,0001652958,10-K,2018-03-30,edgar/data/1652958/0001273511-18-000007.txt
JPMBB Commercial Mortgage Securities Trust 2015-C32,0001652982,10-K,2018-03-20,edgar/data/1652982/0001056404-18-001563.txt
"Landcadia Holdings, Inc.",0001653247,10-K,2018-03-12,edgar/data/1653247/0001144204-18-014126.txt
COMM 2015-CCRE27 Mortgage Trust,0001653323,10-K,2018-03-16,edgar/data/1653323/0001056404-18-001395.txt
Runway Growth Credit Fund Inc.,0001653384,10-K,2018-03-29,edgar/data/1653384/0001144204-18-017870.txt
Ingevity Corp,0001653477,10-K,2018-02-28,edgar/data/1653477/0001653477-18-000008.txt
Morgan Stanley Bank of America Merrill Lynch Trust 2015-C25,0001653542,10-K,2018-03-23,edgar/data/1653542/0001019965-18-000067.txt
"M I Acquisitions, Inc.",0001653558,10-K,2018-03-27,edgar/data/1653558/0001615774-18-002122.txt
"Red Rock Resorts, Inc.",0001653653,10-K,2018-03-01,edgar/data/1653653/0001653653-18-000004.txt
World Omni Auto Receivables Trust 2015-B,0001653716,10-K,2018-03-29,edgar/data/1653716/0001144204-18-017934.txt
"Deciphera Pharmaceuticals, Inc.",0001654151,10-K,2018-03-28,edgar/data/1654151/0001193125-18-099539.txt
Santander Drive Auto Receivables Trust 2015-5,0001654250,10-K,2018-03-30,edgar/data/1654250/0001193125-18-102460.txt
COMM 2015-LC23 Mortgage Trust,0001654330,10-K,2018-03-16,edgar/data/1654330/0001056404-18-001387.txt
HIP CUISINE INC.,0001654588,10-K,2018-03-30,edgar/data/1654588/0001640334-18-000563.txt
Wells Fargo Commercial Mortgage Trust 2015-C31,0001654734,10-K,2018-03-21,edgar/data/1654734/0001056404-18-001592.txt
Capital Auto Receivables Asset Trust 2015-4,0001654785,10-K,2018-03-28,edgar/data/1654785/0001654785-18-000010.txt
GM Financial Automobile Leasing Trust 2015-3,0001654865,10-K,2018-03-27,edgar/data/1654865/0001193125-18-096938.txt
HAHA GENERATION CORP.,0001655008,10-K,2018-03-29,edgar/data/1655008/0001640334-18-000553.txt
"Extraction Oil & Gas, Inc.",0001655020,10-K,2018-02-27,edgar/data/1655020/0001655020-18-000027.txt
"Bain Capital Specialty Finance, Inc.",0001655050,10-K,2018-03-16,edgar/data/1655050/0001047469-18-001759.txt
"Armstrong Flooring, Inc.",0001655075,10-K,2018-03-06,edgar/data/1655075/0001655075-18-000003.txt
Ford Credit Auto Lease Trust 2015-B,0001655152,10-K,2018-03-27,edgar/data/1655152/0001655152-18-000008.txt
CSAIL 2015-C4 Commercial Mortgage Trust,0001655153,10-K,2018-03-22,edgar/data/1655153/0001056404-18-001704.txt
Owl Rock Capital Corp II,0001655887,10-K,2018-03-05,edgar/data/1655887/0001564590-18-004298.txt
Owl Rock Capital Corp,0001655888,10-K,2018-03-05,edgar/data/1655888/0001564590-18-004294.txt
JPMBB Commercial Mortgage Securities Trust 2015-C33,0001656088,10-K,2018-03-20,edgar/data/1656088/0001056404-18-001513.txt
"Pinnacle Entertainment, Inc.",0001656239,10-K,2018-03-01,edgar/data/1656239/0001656239-18-000022.txt
"Sienna Biopharmaceuticals, Inc.",0001656328,10-K,2018-03-15,edgar/data/1656328/0001193125-18-084145.txt
Wells Fargo Commercial Mortgage Trust 2015-NXS4,0001656681,10-K,2018-03-21,edgar/data/1656681/0001056404-18-001587.txt
GS Mortgage Securities Trust 2015-GS1,0001656839,10-K,2018-03-23,edgar/data/1656839/0001056404-18-001764.txt
MGM Growth Properties LLC,0001656936,10-K,2018-03-01,edgar/data/1656936/0001628280-18-002611.txt
AmeriCredit Automobile Receivables Trust 2015-4,0001657146,10-K,2018-03-27,edgar/data/1657146/0001193125-18-097118.txt
"Cotiviti Holdings, Inc.",0001657197,10-K,2018-02-22,edgar/data/1657197/0001558370-18-000958.txt
"Road Marshall, Inc.",0001657249,10-K,2018-01-09,edgar/data/1657249/0001599916-18-000010.txt
Ally Auto Receivables Trust 2016-1,0001657324,10-K,2018-03-28,edgar/data/1657324/0001657324-18-000009.txt
Citigroup Commercial Mortgage Trust 2015-GC35,0001657325,10-K,2018-03-29,edgar/data/1657325/0001193125-18-101716.txt
Parkway Acquisition Corp.,0001657642,10-K,2018-03-23,edgar/data/1657642/0001193125-18-094041.txt
"Kimbell Royalty Partners, LP",0001657788,10-K,2018-03-09,edgar/data/1657788/0001558370-18-001804.txt
Inbit Corp,0001657803,10-K,2018-03-30,edgar/data/1657803/0001493152-18-004208.txt
"HERTZ GLOBAL HOLDINGS, INC",0001657853,10-K,2018-02-27,edgar/data/1657853/0001657853-18-000016.txt
FundThatCompany,0001658304,10-K,2018-01-12,edgar/data/1658304/0001477932-18-000192.txt
"Centennial Resource Development, Inc.",0001658566,10-K,2018-02-26,edgar/data/1658566/0001658566-18-000008.txt
Chase Card Funding LLC,0001658982,10-K,2018-03-29,edgar/data/1658982/0001193125-18-101841.txt
Fortive Corp,0001659166,10-K,2018-02-28,edgar/data/1659166/0001659166-18-000100.txt
WELLS FARGO COMMERCIAL MORTGAGE TRUST 2015-P2,0001659329,10-K,2018-03-21,edgar/data/1659329/0001056404-18-001612.txt
"Moleculin Biotech, Inc.",0001659617,10-K,2018-03-28,edgar/data/1659617/0001659617-18-000027.txt
JPMCC Commercial Mortgage Securities Trust 2015-JP1,0001659981,10-K,2018-03-20,edgar/data/1659981/0001056404-18-001549.txt
"Okta, Inc.",0001660134,10-K,2018-03-12,edgar/data/1660134/0001660134-18-000007.txt
Aralez Pharmaceuticals Inc.,0001660719,10-K,2018-03-14,edgar/data/1660719/0001558370-18-002031.txt
Triton International Ltd,0001660734,10-K,2018-02-27,edgar/data/1660734/0001660734-18-000013.txt
CSAIL 2016-C5 Commercial Mortgage Trust,0001661136,10-K,2018-03-21,edgar/data/1661136/0001056404-18-001600.txt
Avista Healthcare Public Acquisition Corp.,0001661181,10-K,2018-03-14,edgar/data/1661181/0001558370-18-002068.txt
"Hancock Park Corporate Income, Inc.",0001661306,10-K,2018-03-30,edgar/data/1661306/0001661306-18-000014.txt
"Highlands REIT, Inc.",0001661458,10-K,2018-03-16,edgar/data/1661458/0001661458-18-000006.txt
CFCRE 2016-C3 Mortgage Trust,0001661589,10-K,2018-03-28,edgar/data/1661589/0001056404-18-001990.txt
GRCR Partners Inc,0001661600,10-K,2018-01-10,edgar/data/1661600/0001511164-18-000011.txt
Lonestar Resources US Inc.,0001661920,10-K,2018-03-29,edgar/data/1661920/0001564590-18-007120.txt
"AKCEA THERAPEUTICS, INC.",0001662524,10-K,2018-02-28,edgar/data/1662524/0001662524-18-000007.txt
Wells Fargo Commercial Mortgage Trust 2016-NXS5,0001662784,10-K,2018-03-21,edgar/data/1662784/0001056404-18-001608.txt
"Blackstone Real Estate Income Trust, Inc.",0001662972,10-K,2018-03-19,edgar/data/1662972/0001564590-18-006224.txt
Ford Credit Auto Owner Trust 2016-A,0001663129,10-K,2018-03-22,edgar/data/1663129/0001663129-18-000008.txt
AmeriCredit Automobile Receivables Trust 2016-1,0001663133,10-K,2018-03-27,edgar/data/1663133/0001193125-18-097125.txt
COMM 2016-CCRE28 Mortgage Trust,0001663239,10-K,2018-03-19,edgar/data/1663239/0001056404-18-001404.txt
Wells Fargo Commercial Mortgage Trust 2016-C32,0001663240,10-K,2018-03-20,edgar/data/1663240/0001056404-18-001566.txt
COMM 2016-DC2 Mortgage Trust,0001663244,10-K,2018-03-20,edgar/data/1663244/0001020242-18-000072.txt
BMW Vehicle Lease Trust 2016-1,0001663274,10-K,2018-03-27,edgar/data/1663274/0000929638-18-000377.txt
CITIGROUP COMMERCIAL MORTGAGE TRUST 2016-GC36,0001663645,10-K,2018-03-29,edgar/data/1663645/0001056404-18-002020.txt
MBC FUNDING II CORP.,0001664740,10-K,2018-03-19,edgar/data/1664740/0001493152-18-003535.txt
Morgan Stanley Bank of America Merrill Lynch Trust 2016-C28,0001665081,10-K,2018-03-20,edgar/data/1665081/0001056404-18-001486.txt
Stellar Acquisition III Inc.,0001665300,10-K,2018-02-12,edgar/data/1665300/0001213900-18-001544.txt
Santander Drive Auto Receivables Trust 2016-1,0001665448,10-K,2018-03-30,edgar/data/1665448/0001193125-18-102498.txt
CNH Equipment Trust 2016-A,0001665497,10-K,2018-03-27,edgar/data/1665497/0001104659-18-020333.txt
"CommerceHub, Inc.",0001665658,10-K,2018-03-01,edgar/data/1665658/0001665658-18-000014.txt
US Foods Holding Corp.,0001665918,10-K,2018-02-27,edgar/data/1665918/0001564590-18-003495.txt
"Cardlytics, Inc.",0001666071,10-K,2018-03-19,edgar/data/1666071/0001193125-18-087990.txt
"BLACKLINE, INC.",0001666134,10-K,2018-03-08,edgar/data/1666134/0001564590-18-004923.txt
JPMBB Commercial Mortgage Securities Trust 2016-C1,0001666156,10-K,2018-03-20,edgar/data/1666156/0001056404-18-001557.txt
Toyota Auto Receivables 2016-A Owner Trust,0001666176,10-K,2018-03-28,edgar/data/1666176/0000929638-18-000408.txt
"RODIN GLOBAL PROPERTY TRUST, INC.",0001666244,10-K,2018-03-30,edgar/data/1666244/0001564590-18-007187.txt
"Stemcell Holdings, Inc.",0001666487,10-K,2018-03-30,edgar/data/1666487/0001599916-18-000066.txt
DowDuPont Inc.,0001666700,10-K,2018-02-15,edgar/data/1666700/0001666700-18-000009.txt
John Deere Owner Trust 2016,0001666926,10-K,2018-01-26,edgar/data/1666926/0001104659-18-004139.txt
Ally Auto Receivables Trust 2016-2,0001666947,10-K,2018-03-28,edgar/data/1666947/0001666947-18-000009.txt
GM Financial Automobile Leasing Trust 2016-1,0001666962,10-K,2018-03-27,edgar/data/1666962/0001193125-18-096990.txt
"Randolph Bancorp, Inc.",0001667161,10-K,2018-03-16,edgar/data/1667161/0001564590-18-005912.txt
California Republic Auto Receivables Trust 2016-1,0001667270,10-K,2018-03-30,edgar/data/1667270/0001193125-18-102364.txt
Liberated Syndication Inc.,0001667489,10-K,2018-03-26,edgar/data/1667489/0001654954-18-003121.txt
Mercedes-Benz Auto Lease Trust 2016-A,0001667546,10-K,2018-03-28,edgar/data/1667546/0001019965-18-000099.txt
"Best Hometown Bancorp, Inc.",0001667840,10-K,2018-03-29,edgar/data/1667840/0001571049-18-000203.txt
"FSB Bancorp, Inc.",0001667939,10-K,2018-03-30,edgar/data/1667939/0001144204-18-018258.txt
"WCF Bancorp, Inc.",0001667944,10-K,2018-03-29,edgar/data/1667944/0001667944-18-000005.txt
Ford Credit Auto Lease Trust 2016-A,0001667967,10-K,2018-03-27,edgar/data/1667967/0001667967-18-000008.txt
Capital Auto Receivables Asset Trust 2016-1,0001668186,10-K,2018-03-28,edgar/data/1668186/0001668186-18-000012.txt
"HarborOne Bancorp, Inc.",0001668224,10-K,2018-03-09,edgar/data/1668224/0001558370-18-001773.txt
"Bancorp 34, Inc.",0001668340,10-K,2018-03-14,edgar/data/1668340/0001437749-18-004627.txt
"Medpace Holdings, Inc.",0001668397,10-K,2018-02-27,edgar/data/1668397/0001564590-18-003500.txt
FGL Holdings,0001668428,10-K,2018-03-15,edgar/data/1668428/0001668428-18-000049.txt
Hyundai Auto Receivables Trust 2016-A,0001668589,10-K,2018-03-22,edgar/data/1668589/0001144204-18-016403.txt
"PetIQ, Inc.",0001668673,10-K,2018-03-13,edgar/data/1668673/0001558370-18-002008.txt
DBJPM 2016-C1 Mortgage Trust,0001668738,10-K,2018-03-19,edgar/data/1668738/0001056404-18-001424.txt
World Omni Auto Receivables Trust 2016-A,0001668761,10-K,2018-03-29,edgar/data/1668761/0001144204-18-017939.txt
AmeriCredit Automobile Receivables Trust 2016-2,0001668788,10-K,2018-03-27,edgar/data/1668788/0001193125-18-097134.txt
Wells Fargo Commercial Mortgage Trust 2016-C33,0001668931,10-K,2018-03-21,edgar/data/1668931/0001056404-18-001604.txt
"Kinsale Capital Group, Inc.",0001669162,10-K,2018-03-01,edgar/data/1669162/0001669162-18-000005.txt
"Duke Energy Florida Project Finance, LLC",0001669374,10-K,2018-03-29,edgar/data/1669374/0001669374-18-000007.txt
Citigroup Commercial Mortgage Trust 2016-P3,0001669393,10-K,2018-03-29,edgar/data/1669393/0001193125-18-101581.txt
"Liberty Expedia Holdings, Inc.",0001669600,10-K,2018-02-14,edgar/data/1669600/0001558370-18-000709.txt
"Camping World Holdings, Inc.",0001669779,10-K,2018-03-13,edgar/data/1669779/0001558370-18-001998.txt
"Donnelley Financial Solutions, Inc.",0001669811,10-K,2018-02-28,edgar/data/1669811/0001564590-18-003788.txt
"LSC Communications, Inc.",0001669812,10-K,2018-02-22,edgar/data/1669812/0001564590-18-002886.txt
Matlin & Partners Acquisition Corp,0001670349,10-K,2018-03-28,edgar/data/1670349/0001144204-18-017534.txt
Citigroup Commercial Mortgage Trust 2016-GC37,0001670601,10-K,2018-03-29,edgar/data/1670601/0001193125-18-101569.txt
Global Cosmetics Inc.,0001670961,10-K,2018-01-16,edgar/data/1670961/0001575705-18-000010.txt
Cardtronics plc,0001671013,10-K,2018-03-01,edgar/data/1671013/0001558370-18-001333.txt
CFCRE 2016-C4 Mortgage Trust,0001671048,10-K,2018-03-29,edgar/data/1671048/0001019965-18-000110.txt
Ford Credit Auto Owner Trust 2016-B,0001671299,10-K,2018-03-22,edgar/data/1671299/0001671299-18-000006.txt
JPMDB Commercial Mortgage Securities Trust 2016-C2,0001671520,10-K,2018-03-22,edgar/data/1671520/0001056404-18-001678.txt
Aptevo Therapeutics Inc.,0001671584,10-K,2018-03-13,edgar/data/1671584/0001564590-18-005384.txt
USCF Funds Trust,0001671686,10-K,2018-03-28,edgar/data/1671686/0001144204-18-017418.txt
Toyota Auto Receivables 2016-B Owner Trust,0001671697,10-K,2018-03-28,edgar/data/1671697/0000929638-18-000410.txt
GS Mortgage Securities Trust 2016-GS2,0001671740,10-K,2018-03-23,edgar/data/1671740/0001056404-18-001747.txt
Saban Capital Acquisition Corp.,0001671854,10-K,2018-03-14,edgar/data/1671854/0001193125-18-082494.txt
"Trade Desk, Inc.",0001671933,10-K,2018-02-28,edgar/data/1671933/0001564590-18-003611.txt
Acushnet Holdings Corp.,0001672013,10-K,2018-03-07,edgar/data/1672013/0001558370-18-001635.txt
"Asia Training Institute US, Inc.",0001672255,10-K,2018-03-20,edgar/data/1672255/0001599916-18-000057.txt
GM Financial Automobile Leasing Trust 2016-2,0001672489,10-K,2018-03-27,edgar/data/1672489/0001193125-18-097038.txt
Wells Fargo Commercial Mortgage Trust 2016-C34,0001672587,10-K,2018-03-19,edgar/data/1672587/0001056404-18-001460.txt
CSAIL 2016-C6 Commercial Mortgage Trust,0001672609,10-K,2018-03-20,edgar/data/1672609/0001056404-18-001504.txt
Santander Drive Auto Receivables Trust 2016-2,0001672712,10-K,2018-03-30,edgar/data/1672712/0001193125-18-102476.txt
"SQN Asset Income Fund V, L.P.",0001672773,10-K,2018-03-29,edgar/data/1672773/0001493152-18-004161.txt
Canterbury Park Holding Corp,0001672909,10-K,2018-03-27,edgar/data/1672909/0001144204-18-017176.txt
Citigroup Commercial Mortgage Trust 2016-C1,0001673255,10-K,2018-03-30,edgar/data/1673255/0001193125-18-102436.txt
"Yum China Holdings, Inc.",0001673358,10-K,2018-02-27,edgar/data/1673358/0001564590-18-003524.txt
Bank of America Merrill Lynch Commercial Mortgage Trust 2016-UBS10,0001673542,10-K,2018-03-22,edgar/data/1673542/0001056404-18-001637.txt
Ally Auto Receivables Trust 2016-3,0001673813,10-K,2018-03-28,edgar/data/1673813/0001673813-18-000009.txt
AdvanSix Inc.,0001673985,10-K,2018-02-27,edgar/data/1673985/0001673985-18-000014.txt
Hilton Grand Vacations Inc.,0001674168,10-K,2018-03-01,edgar/data/1674168/0001564590-18-004106.txt
CNH Equipment Trust 2016-B,0001674242,10-K,2018-03-27,edgar/data/1674242/0001104659-18-020335.txt
"JELD-WEN Holding, Inc.",0001674335,10-K,2018-03-06,edgar/data/1674335/0001674335-18-000038.txt
CRISPR Therapeutics AG,0001674416,10-K,2018-03-08,edgar/data/1674416/0001564590-18-004920.txt
Goldman Sachs Private Middle Market Credit LLC,0001674760,10-K,2018-02-23,edgar/data/1674760/0001193125-18-054377.txt
"Fulgent Genetics, Inc.",0001674930,10-K,2018-03-20,edgar/data/1674930/0001564590-18-006239.txt
Great Elm Capital Corp.,0001675033,10-K,2018-03-12,edgar/data/1675033/0001564590-18-005219.txt
Alcoa Corp,0001675149,10-K,2018-02-26,edgar/data/1675149/0001193125-18-056314.txt
California Republic Auto Receivables Trust 2016-2,0001675171,10-K,2018-03-30,edgar/data/1675171/0001193125-18-102372.txt
Ottawa Bancorp Inc,0001675192,10-K,2018-03-28,edgar/data/1675192/0001437749-18-005696.txt
TiVo Corp,0001675820,10-K,2018-02-27,edgar/data/1675820/0001675820-18-000006.txt
Harley-Davidson Motorcycle Trust 2016-A,0001675887,10-K,2018-03-23,edgar/data/1675887/0001628280-18-003526.txt
SG Commercial Mortgage Securities Trust 2016-C5,0001675928,10-K,2018-03-22,edgar/data/1675928/0001056404-18-001658.txt
"AVRA Medical Robotics, Inc.",0001676163,10-K,2018-03-29,edgar/data/1676163/0001615774-18-002200.txt
"CapStar Financial Holdings, Inc.",0001676479,10-K,2018-03-08,edgar/data/1676479/0001564590-18-004908.txt
"Carolina Trust BancShares, Inc.",0001676667,10-K,2018-03-27,edgar/data/1676667/0001140361-18-015244.txt
Wells Fargo Commercial Mortgage Trust 2016-C35,0001676734,10-K,2018-03-19,edgar/data/1676734/0001056404-18-001451.txt
"QUALITY CARE PROPERTIES, INC.",0001677203,10-K,2018-03-08,edgar/data/1677203/0001558370-18-001734.txt
DBJPM 2016-C3 Mortgage Trust,0001677390,10-K,2018-03-19,edgar/data/1677390/0001056404-18-001417.txt
INNOVATIVE INDUSTRIAL PROPERTIES INC,0001677576,10-K,2018-03-29,edgar/data/1677576/0001144204-18-017926.txt
CONDUENT Inc,0001677703,10-K,2018-03-01,edgar/data/1677703/0001677703-18-000014.txt
CITIGROUP COMMERCIAL MORTGAGE TRUST 2016-P4,0001677913,10-K,2018-03-30,edgar/data/1677913/0001193125-18-102402.txt
JPMCC Commercial Mortgage Securities Trust 2016-JP2,0001678038,10-K,2018-03-20,edgar/data/1678038/0001056404-18-001548.txt
World Omni Automobile Lease Securitization Trust 2016-A,0001678361,10-K,2018-03-29,edgar/data/1678361/0001144204-18-017965.txt
AmeriCredit Automobile Receivables Trust 2016-3,0001678407,10-K,2018-03-27,edgar/data/1678407/0001193125-18-097139.txt
"Forterra, Inc.",0001678463,10-K,2018-03-07,edgar/data/1678463/0001678463-18-000019.txt
BMW Vehicle Owner Trust 2016-A,0001678487,10-K,2018-03-27,edgar/data/1678487/0000929638-18-000382.txt
Envision Healthcare Corp,0001678531,10-K,2018-03-01,edgar/data/1678531/0001678531-18-000033.txt
Capital Auto Receivables Asset Trust 2016-2,0001678617,10-K,2018-03-28,edgar/data/1678617/0001678617-18-000011.txt
John Deere Owner Trust 2016-B,0001678618,10-K,2018-01-26,edgar/data/1678618/0001104659-18-004140.txt
"International Seaways, Inc.",0001679049,10-K,2018-03-12,edgar/data/1679049/0001144204-18-013984.txt
"Chicken Soup for the Soul Entertainment, Inc.",0001679063,10-K,2018-03-30,edgar/data/1679063/0001144204-18-018323.txt
"MAMMOTH ENERGY SERVICES, INC.",0001679268,10-K,2018-02-28,edgar/data/1679268/0001679268-18-000010.txt
CD 2016-CD1 Mortgage Trust,0001679327,10-K,2018-03-19,edgar/data/1679327/0001056404-18-001428.txt
Wells Fargo Commercial Mortgage Trust 2016-BNK1,0001679420,10-K,2018-03-19,edgar/data/1679420/0001056404-18-001464.txt
Toyota Auto Receivables 2016-C Owner Trust,0001679597,10-K,2018-03-28,edgar/data/1679597/0000929638-18-000399.txt
"Colony NorthStar, Inc.",0001679688,10-K,2018-03-01,edgar/data/1679688/0001679688-18-000008.txt
Ally Auto Receivables Trust 2017-1,0001679731,10-K,2018-03-28,edgar/data/1679731/0001679731-18-000019.txt
"MUSTANG BIO, INC.",0001680048,10-K,2018-03-29,edgar/data/1680048/0001144204-18-017988.txt
"ACM Research, Inc.",0001680062,10-K,2018-03-23,edgar/data/1680062/0001654954-18-002950.txt
"Strategic Storage Trust IV, Inc.",0001680232,10-K,2018-03-16,edgar/data/1680232/0001564590-18-006102.txt
ProPetro Holding Corp.,0001680247,10-K,2018-03-27,edgar/data/1680247/0001680247-18-000021.txt
"SenesTech, Inc.",0001680378,10-K,2018-03-30,edgar/data/1680378/0001615774-18-002215.txt
"Sterling Bancorp, Inc.",0001680379,10-K,2018-03-28,edgar/data/1680379/0001047469-18-002247.txt
Atlantic Acquisition Corp.,0001680873,10-K,2018-03-29,edgar/data/1680873/0001615774-18-002196.txt
CITIGROUP COMMERCIAL MORTGAGE TRUST 2016-C2,0001681031,10-K,2018-03-30,edgar/data/1681031/0001193125-18-102319.txt
Urban Edge Properties LP,0001681169,10-K,2018-02-14,edgar/data/1681169/0001611547-18-000009.txt
"NI Holdings, Inc.",0001681206,10-K,2018-03-07,edgar/data/1681206/0001174947-18-000312.txt
ENDRA Life Sciences Inc.,0001681682,10-K,2018-03-20,edgar/data/1681682/0001654954-18-002829.txt
Bioverativ Inc.,0001681689,10-K,2018-02-14,edgar/data/1681689/0001558370-18-000672.txt
WildHorse Resource Development Corp,0001681714,10-K,2018-03-12,edgar/data/1681714/0001564590-18-005291.txt
Santander Drive Auto Receivables Trust 2016-3,0001682130,10-K,2018-03-30,edgar/data/1682130/0001193125-18-102499.txt
GTY Technology Holdings Inc.,0001682325,10-K,2018-03-16,edgar/data/1682325/0001144204-18-015305.txt
GS Mortgage Securities Trust 2016-GS3,0001682405,10-K,2018-03-23,edgar/data/1682405/0001056404-18-001772.txt
GM Financial Automobile Leasing Trust 2016-3,0001682481,10-K,2018-03-27,edgar/data/1682481/0001193125-18-096964.txt
Mercedes-Benz Auto Receivables Trust 2016-1,0001682524,10-K,2018-03-28,edgar/data/1682524/0001019965-18-000103.txt
World Omni Auto Receivables Trust 2016-B,0001682563,10-K,2018-03-29,edgar/data/1682563/0001144204-18-017943.txt
"Gores Holdings II, Inc.",0001682745,10-K,2018-03-14,edgar/data/1682745/0001558370-18-002065.txt
Wells Fargo Commercial Mortgage Trust 2016-LC24,0001682860,10-K,2018-03-19,edgar/data/1682860/0001056404-18-001407.txt
Hyundai Auto Receivables Trust 2016-B,0001682868,10-K,2018-03-22,edgar/data/1682868/0001144204-18-016407.txt
Capital Auto Receivables Asset Trust 2016-3,0001683001,10-K,2018-03-28,edgar/data/1683001/0001683001-18-000011.txt
Goldman Sachs Middle Market Lending Corp.,0001683074,10-K,2018-03-01,edgar/data/1683074/0001193125-18-067605.txt
USAA Auto Owner Trust 2016-1,0001683170,10-K,2018-03-28,edgar/data/1683170/0001193125-18-099148.txt
JPMCC Commercial Mortgage Securities Trust 2016-JP3,0001683300,10-K,2018-03-22,edgar/data/1683300/0001056404-18-001693.txt
BMW Vehicle Lease Trust 2016-2,0001683413,10-K,2018-03-27,edgar/data/1683413/0000929638-18-000378.txt
Toyota Auto Receivables 2016-D Owner Trust,0001683414,10-K,2018-03-28,edgar/data/1683414/0000929638-18-000401.txt
CNH Equipment Trust 2016-C,0001683486,10-K,2018-03-27,edgar/data/1683486/0001104659-18-020334.txt
Wells Fargo Commercial Mortgage Trust 2016-NXS6,0001683489,10-K,2018-03-19,edgar/data/1683489/0001056404-18-001450.txt
Ford Credit Auto Owner Trust 2016-C,0001683597,10-K,2018-03-22,edgar/data/1683597/0001683597-18-000008.txt
Cars.com Inc.,0001683606,10-K,2018-03-06,edgar/data/1683606/0001564590-18-004522.txt
Fintech Acquisition Corp. II,0001683695,10-K,2018-03-15,edgar/data/1683695/0001213900-18-003024.txt
CITIGROUP COMMERCIAL MORTGAGE TRUST 2016-P5,0001684093,10-K,2018-03-30,edgar/data/1684093/0001193125-18-102447.txt
Zomedica Pharmaceuticals Corp.,0001684144,10-K,2018-02-28,edgar/data/1684144/0001171843-18-001549.txt
Mercedes-Benz Auto Lease Trust 2016-B,0001684415,10-K,2018-03-28,edgar/data/1684415/0001019965-18-000100.txt
Folkup Development Inc.,0001684506,10-K,2018-03-20,edgar/data/1684506/0001684506-18-000005.txt
AmeriCredit Automobile Receivables Trust 2016-4,0001685022,10-K,2018-03-27,edgar/data/1685022/0001193125-18-097142.txt
"Brighthouse Financial, Inc.",0001685040,10-K,2018-03-16,edgar/data/1685040/0001167609-18-000005.txt
CD 2016-CD2 Mortgage Trust,0001685054,10-K,2018-03-27,edgar/data/1685054/0001056404-18-001867.txt
"Dova Pharmaceuticals, Inc.",0001685071,10-K,2018-02-16,edgar/data/1685071/0001104659-18-010386.txt
COMM 2016-COR1 Mortgage Trust,0001685212,10-K,2018-03-19,edgar/data/1685212/0001056404-18-001418.txt
Jagged Peak Energy Inc.,0001685715,10-K,2018-03-23,edgar/data/1685715/0001685715-18-000010.txt
CFCRE 2016-C6 Mortgage Trust,0001685854,10-K,2018-03-28,edgar/data/1685854/0001056404-18-001991.txt
Wells Fargo Commercial Mortgage Trust 2016-C36,0001686150,10-K,2018-03-19,edgar/data/1686150/0001056404-18-001465.txt
"Motus GI Holdings, Inc.",0001686850,10-K,2018-03-28,edgar/data/1686850/0001493152-18-004027.txt
Morgan Stanley Bank of America Merrill Lynch Trust 2016-C31,0001687031,10-K,2018-03-20,edgar/data/1687031/0001056404-18-001559.txt
Kokos Group Inc.,0001687065,10-K,2018-03-12,edgar/data/1687065/0001477932-18-001217.txt
"Ramaco Resources, Inc.",0001687187,10-K,2018-03-21,edgar/data/1687187/0001437749-18-005179.txt
JPMDB Commercial Mortgage Securities Trust 2016-C4,0001687202,10-K,2018-03-22,edgar/data/1687202/0001056404-18-001674.txt
Invitation Homes Inc.,0001687229,10-K,2018-03-29,edgar/data/1687229/0001687229-18-000018.txt
CANADIAN PACIFIC RAILWAY LTD/CN,0000016875,10-K,2018-02-16,edgar/data/16875/0000016875-18-000029.txt
CITIGROUP COMMERCIAL MORTGAGE TRUST 2016-C3,0001687605,10-K,2018-03-30,edgar/data/1687605/0001193125-18-102405.txt
Kriptech International Corp.,0001687926,10-K,2018-01-17,edgar/data/1687926/0001687926-18-000003.txt
GS Mortgage Securities Trust 2016-GS4,0001687955,10-K,2018-03-26,edgar/data/1687955/0001056404-18-001794.txt
"EMR Technology Solutions, Inc.",0001687999,10-K,2018-03-30,edgar/data/1687999/0001213900-18-003734.txt
CSAIL 2016-C7 Commercial Mortgage Trust,0001688149,10-K,2018-03-23,edgar/data/1688149/0001056404-18-001749.txt
Huntington Auto Trust 2016-1,0001688281,10-K,2018-03-15,edgar/data/1688281/0001688281-18-000006.txt
Wells Fargo Commercial Mortgage Trust 2016-LC25,0001688451,10-K,2018-03-20,edgar/data/1688451/0001056404-18-001505.txt
"Keane Group, Inc.",0001688476,10-K,2018-03-01,edgar/data/1688476/0001688476-18-000011.txt
"Safety, Income & Growth, Inc.",0001688852,10-K,2018-02-20,edgar/data/1688852/0001688852-18-000009.txt
"Foundation Building Materials, Inc.",0001688941,10-K,2018-02-27,edgar/data/1688941/0001628280-18-002294.txt
Wells Fargo Commercial Mortgage Trust 2016-C37,0001688957,10-K,2018-03-23,edgar/data/1688957/0001056404-18-001773.txt
Qrons Inc.,0001689084,10-K,2018-03-02,edgar/data/1689084/0001594062-18-000048.txt
JPMCC Commercial Mortgage Securities Trust 2016-JP4,0001689111,10-K,2018-03-22,edgar/data/1689111/0001056404-18-001687.txt
JBG SMITH Properties,0001689796,10-K,2018-03-12,edgar/data/1689796/0001689796-18-000004.txt
Biohaven Pharmaceutical Holding Co Ltd.,0001689813,10-K,2018-03-06,edgar/data/1689813/0001047469-18-001326.txt
"Alteryx, Inc.",0001689923,10-K,2018-03-08,edgar/data/1689923/0001193125-18-073878.txt
"InPoint Commercial Real Estate Income, Inc.",0001690012,10-K,2018-03-14,edgar/data/1690012/0001564590-18-005663.txt
KBL MERGER CORP. IV,0001690080,10-K,2018-03-29,edgar/data/1690080/0001213900-18-003632.txt
CFCRE 2016-C7 Mortgage Trust,0001690110,10-K,2018-03-28,edgar/data/1690110/0001056404-18-001992.txt
CITIGROUP COMMERCIAL MORTGAGE TRUST 2016-P6,0001690255,10-K,2018-03-30,edgar/data/1690255/0001193125-18-102452.txt
SEACOR Marine Holdings Inc.,0001690334,10-K,2018-03-22,edgar/data/1690334/0001690334-18-000023.txt
"BioCrude Technologies USA, Inc.",0001690384,10-K,2018-03-27,edgar/data/1690384/0001615774-18-002109.txt
Puebla Resources Corp.,0001690486,10-K,2018-01-19,edgar/data/1690486/0001393905-18-000018.txt
"FS Credit Real Estate Income Trust, Inc.",0001690536,10-K,2018-03-22,edgar/data/1690536/0001193125-18-092026.txt
Morgan Stanley Bank of America Merrill Lynch Trust 2016-C32,0001690577,10-K,2018-03-20,edgar/data/1690577/0001056404-18-001561.txt
Xperi Corp,0001690666,10-K,2018-02-23,edgar/data/1690666/0001628280-18-002149.txt
"NEWMARK GROUP, INC.",0001690680,10-K,2018-03-20,edgar/data/1690680/0001193125-18-089334.txt
"Alta Mesa Resources, Inc. /DE",0001690769,10-K,2018-03-29,edgar/data/1690769/0001104659-18-021282.txt
CARVANA CO.,0001690820,10-K,2018-03-06,edgar/data/1690820/0001690820-18-000005.txt
"ASV HOLDINGS, INC.",0001690881,10-K,2018-03-22,edgar/data/1690881/0001564590-18-006561.txt
CSMC 2016-NXSR Commercial Mortgage Trust,0001691198,10-K,2018-03-21,edgar/data/1691198/0001056404-18-001598.txt
MGM Growth Properties Operating Partnership LP,0001691299,10-K,2018-03-01,edgar/data/1691299/0001628280-18-002611.txt
"WARRIOR MET COAL, INC.",0001691303,10-K,2018-02-14,edgar/data/1691303/0001691303-18-000010.txt
"Schneider National, Inc.",0001692063,10-K,2018-02-27,edgar/data/1692063/0001692063-18-000056.txt
"Southwest Gas Holdings, Inc.",0001692115,10-K,2018-02-28,edgar/data/1692115/0001193125-18-063850.txt
Ford Credit Auto Owner Trust 2017-A,0001692310,10-K,2018-03-22,edgar/data/1692310/0001692310-18-000012.txt
Playa Hotels & Resorts N.V.,0001692412,10-K,2018-03-01,edgar/data/1692412/0001692412-18-000007.txt
"Co-Diagnostics, Inc.",0001692415,10-K,2018-03-28,edgar/data/1692415/0001477932-18-001468.txt
"NCS Multistage Holdings, Inc.",0001692427,10-K,2018-03-09,edgar/data/1692427/0001692427-18-000015.txt
Kayne Anderson Acquisition Corp,0001692787,10-K,2018-03-27,edgar/data/1692787/0001193125-18-097812.txt
Vistra Energy Corp.,0001692819,10-K,2018-02-26,edgar/data/1692819/0001692819-18-000018.txt
Arcom,0001692981,10-K,2018-01-31,edgar/data/1692981/0001692981-18-000004.txt
"Select Energy Services, Inc.",0001693256,10-K,2018-03-19,edgar/data/1693256/0001558370-18-002250.txt
"Corpus Christi Pipeline GP, LLC",0001693287,10-K,2018-02-21,edgar/data/1693287/0001693317-18-000002.txt
"Cheniere Corpus Christi Pipeline, L.P.",0001693288,10-K,2018-02-21,edgar/data/1693288/0001693317-18-000002.txt
"Corpus Christi Liquefaction, LLC",0001693307,10-K,2018-02-21,edgar/data/1693307/0001693317-18-000002.txt
"Cheniere Corpus Christi Holdings, LLC",0001693317,10-K,2018-02-21,edgar/data/1693317/0001693317-18-000002.txt
CD 2017-CD3 Mortgage Trust,0001693368,10-K,2018-03-29,edgar/data/1693368/0001056404-18-002019.txt
"ARMO BioSciences, Inc.",0001693664,10-K,2018-03-30,edgar/data/1693664/0001193125-18-103407.txt
Anutra Corp,0001693686,10-K,2018-03-13,edgar/data/1693686/0001021432-18-000077.txt
Veroni Brands Corp.,0001693690,10-K,2018-03-30,edgar/data/1693690/0001493152-18-004245.txt
GS Mortgage Securities Trust 2017-GS5,0001693737,10-K,2018-03-23,edgar/data/1693737/0001056404-18-001780.txt
AmeriCredit Automobile Receivables Trust 2017-1,0001694010,10-K,2018-03-27,edgar/data/1694010/0001193125-18-097152.txt
Liberty Oilfield Services Inc.,0001694028,10-K,2018-03-23,edgar/data/1694028/0001628280-18-003509.txt
California Republic Auto Receivables Trust 2017-1,0001694276,10-K,2018-03-30,edgar/data/1694276/0001193125-18-102376.txt
"Delek US Holdings, Inc.",0001694426,10-K,2018-03-01,edgar/data/1694426/0001694426-18-000036.txt
Bank of America Merrill Lynch Commercial Mortgage Trust 2017-BNK3,0001694649,10-K,2018-03-16,edgar/data/1694649/0001056404-18-001397.txt
Toyota Auto Receivables 2017-A Owner Trust,0001694919,10-K,2018-03-28,edgar/data/1694919/0000929638-18-000403.txt
BMW Vehicle Lease Trust 2017-1,0001694920,10-K,2018-03-27,edgar/data/1694920/0000929638-18-000379.txt
JPMCC Commercial Mortgage Securities Trust 2017-JP5,0001695154,10-K,2018-03-22,edgar/data/1695154/0001056404-18-001688.txt
Wells Fargo Commercial Mortgage Trust 2017-RC1,0001695924,10-K,2018-03-22,edgar/data/1695924/0001056404-18-001676.txt
"ENERGY RESOURCES 12, L.P.",0001696088,10-K,2018-02-26,edgar/data/1696088/0001185185-18-000320.txt
BBCMS Mortgage Trust 2017-C1,0001696707,10-K,2018-03-22,edgar/data/1696707/0001056404-18-001656.txt
Santander Drive Auto Receivables Trust 2017-1,0001696935,10-K,2018-03-30,edgar/data/1696935/0001193125-18-102477.txt
GM Financial Automobile Leasing Trust 2017-1,0001696969,10-K,2018-03-27,edgar/data/1696969/0001193125-18-096987.txt
"Hiclasst, Inc.",0001697080,10-K,2018-03-19,edgar/data/1697080/0001477932-18-001339.txt
Forum Merger Corp,0001697152,10-K,2018-02-20,edgar/data/1697152/0001213900-18-002071.txt
"Solaris Oilfield Infrastructure, Inc.",0001697500,10-K,2018-03-06,edgar/data/1697500/0001558370-18-001571.txt
Mikrocoze Inc.,0001697587,10-K,2018-03-14,edgar/data/1697587/0001477932-18-001285.txt
Bison Capital Acquisition Corp.,0001697805,10-K,2018-02-21,edgar/data/1697805/0001213900-18-002137.txt
"Stem Holdings, Inc.",0001697834,10-K,2018-01-16,edgar/data/1697834/0001493152-18-000546.txt
John Deere Owner Trust 2017,0001697873,10-K,2018-01-26,edgar/data/1697873/0001104659-18-004141.txt
"Farmers & Merchants Bancshares, Inc.",0001698022,10-K,2018-03-28,edgar/data/1698022/0001144204-18-017536.txt
Legacy Acquisition Corp.,0001698113,10-K,2018-03-29,edgar/data/1698113/0001213900-18-003652.txt
Vantage Energy Acquisition Corp.,0001698209,10-K,2018-03-27,edgar/data/1698209/0001213900-18-003464.txt
National Energy Services Reunited Corp.,0001698514,10-K,2018-03-27,edgar/data/1698514/0001493152-18-003973.txt
World Omni Automobile Lease Securitization Trust 2017-A,0001698529,10-K,2018-03-29,edgar/data/1698529/0001144204-18-017955.txt
"EXICURE, INC.",0001698530,10-K,2018-03-09,edgar/data/1698530/0001698530-18-000007.txt
BANK 2017-BNK4,0001698685,10-K,2018-03-23,edgar/data/1698685/0001056404-18-001763.txt
Ford Credit Auto Lease Trust 2017-A,0001698937,10-K,2018-03-27,edgar/data/1698937/0001698937-18-000016.txt
TPG Pace Energy Holdings Corp.,0001698990,10-K,2018-02-14,edgar/data/1698990/0001564590-18-002110.txt
TPG Pace Holdings Corp.,0001698991,10-K,2018-02-14,edgar/data/1698991/0001564590-18-002111.txt
"Eagle Financial Bancorp, Inc.",0001699018,10-K,2018-03-23,edgar/data/1699018/0001144204-18-016672.txt
"Ranger Energy Services, Inc.",0001699039,10-K,2018-03-13,edgar/data/1699039/0001558370-18-001955.txt
JPMDB Commercial Mortgage Securities Trust 2017-C5,0001699099,10-K,2018-03-22,edgar/data/1699099/0001056404-18-001675.txt
"Cactus, Inc.",0001699136,10-K,2018-03-19,edgar/data/1699136/0001558370-18-002233.txt
CNH Equipment Trust 2017-A,0001699147,10-K,2018-03-27,edgar/data/1699147/0001104659-18-020337.txt
"GARDNER DENVER HOLDINGS, INC.",0001699150,10-K,2018-02-16,edgar/data/1699150/0001140361-18-008833.txt
Hyundai Auto Receivables Trust 2017-A,0001699234,10-K,2018-03-22,edgar/data/1699234/0001144204-18-016412.txt
Wells Fargo Commercial Mortgage Trust 2017-RB1,0001699462,10-K,2018-03-22,edgar/data/1699462/0001056404-18-001638.txt
"Heritage NOLA Bancorp, Inc.",0001700175,10-K,2018-03-30,edgar/data/1700175/0001144204-18-018029.txt
Mercedes-Benz Auto Lease Trust 2017-A,0001700323,10-K,2018-03-28,edgar/data/1700323/0001019965-18-000101.txt
Ally Auto Receivables Trust 2017-2,0001700667,10-K,2018-03-28,edgar/data/1700667/0001700667-18-000017.txt
CITIGROUP COMMERCIAL MORTGAGE TRUST 2017-P7,0001700668,10-K,2018-03-30,edgar/data/1700668/0001193125-18-102442.txt
CISION LTD.,0001701040,10-K,2018-03-13,edgar/data/1701040/0001144204-18-014399.txt
"WideOpenWest, Inc.",0001701051,10-K,2018-03-14,edgar/data/1701051/0001047469-18-001643.txt
"Blue Apron Holdings, Inc.",0001701114,10-K,2018-02-22,edgar/data/1701114/0001558370-18-000955.txt
Baker Hughes a GE Co,0001701605,10-K,2018-02-23,edgar/data/1701605/0001701605-18-000029.txt
JPMCC Commercial Mortgage Securities Trust 2017-JP6,0001701638,10-K,2018-03-22,edgar/data/1701638/0001056404-18-001698.txt
Flat Rock Capital Corp.,0001701724,10-K,2018-03-15,edgar/data/1701724/0001104659-18-017924.txt
Altair Engineering Inc.,0001701732,10-K,2018-03-21,edgar/data/1701732/0001193125-18-090811.txt
Federal Street Acquisition Corp.,0001701821,10-K,2018-03-23,edgar/data/1701821/0001104659-18-019873.txt
World Omni Auto Receivables Trust 2017-A,0001702011,10-K,2018-03-29,edgar/data/1702011/0001144204-18-017947.txt
"AEP Transmission Company, LLC",0001702494,10-K,2018-02-23,edgar/data/1702494/0000004904-18-000009.txt
"TCG BDC II, Inc.",0001702510,10-K,2018-03-01,edgar/data/1702510/0001702510-18-000002.txt
CD 2017-CD4 Mortgage Trust,0001702745,10-K,2018-03-26,edgar/data/1702745/0001056404-18-001797.txt
"BYLINE BANCORP, INC.",0001702750,10-K,2018-03-30,edgar/data/1702750/0001564590-18-007218.txt
"Altice USA, Inc.",0001702780,10-K,2018-03-06,edgar/data/1702780/0001702780-18-000002.txt
"WRAP TECHNOLOGIES, INC.",0001702924,10-K,2018-03-06,edgar/data/1702924/0001654954-18-002199.txt
ADT Inc.,0001703056,10-K,2018-03-15,edgar/data/1703056/0001703056-18-000008.txt
CFCRE 2017-C8 Mortgage Trust,0001703075,10-K,2018-03-28,edgar/data/1703075/0001056404-18-001996.txt
"Spirit Realty, L.P.",0001703181,10-K,2018-02-23,edgar/data/1703181/0001308606-18-000012.txt
AmeriCredit Automobile Receivables Trust 2017-2,0001703220,10-K,2018-03-27,edgar/data/1703220/0001193125-18-097157.txt
Granite Point Mortgage Trust Inc.,0001703644,10-K,2018-03-16,edgar/data/1703644/0001703644-18-000018.txt
Osprey Energy Acquisition Corp,0001703785,10-K,2018-03-16,edgar/data/1703785/0001213900-18-003075.txt
Industrea Acquisition Corp.,0001703956,10-K,2018-03-29,edgar/data/1703956/0001144204-18-018016.txt
Quintana Energy Services Inc.,0001704235,10-K,2018-03-30,edgar/data/1704235/0001193125-18-102513.txt
Toyota Auto Receivables 2017-B Owner Trust,0001704304,10-K,2018-03-28,edgar/data/1704304/0000929638-18-000405.txt
GM Financial Automobile Leasing Trust 2017-2,0001704323,10-K,2018-03-27,edgar/data/1704323/0001193125-18-096963.txt
GS Mortgage Securities Trust 2017-GS6,0001704459,10-K,2018-03-23,edgar/data/1704459/0001056404-18-001789.txt
"Funko, Inc.",0001704711,10-K,2018-03-19,edgar/data/1704711/0001564590-18-006124.txt
"Cannae Holdings, Inc.",0001704720,10-K,2018-03-26,edgar/data/1704720/0001704720-18-000022.txt
Ally Auto Receivables Trust 2017-3,0001705002,10-K,2018-03-28,edgar/data/1705002/0001705002-18-000016.txt
ANGI Homeservices Inc.,0001705110,10-K,2018-03-14,edgar/data/1705110/0001705110-18-000004.txt
Gold Standard Mining Co,0001705445,10-K,2018-03-30,edgar/data/1705445/0001214659-18-002508.txt
Venator Materials PLC,0001705682,10-K,2018-02-23,edgar/data/1705682/0001558370-18-001041.txt
VICI PROPERTIES INC.,0001705696,10-K,2018-03-28,edgar/data/1705696/0001705696-18-000015.txt
Santander Drive Auto Receivables Trust 2017-2,0001705710,10-K,2018-03-30,edgar/data/1705710/0001193125-18-102505.txt
Draper Oakwood Technology Acquisition Inc.,0001705771,10-K,2018-03-29,edgar/data/1705771/0001213900-18-003685.txt
"Calyxt, Inc.",0001705843,10-K,2018-03-14,edgar/data/1705843/0001193125-18-080923.txt
UBS Commercial Mortgage Trust 2017-C1,0001706060,10-K,2018-03-19,edgar/data/1706060/0001056404-18-001473.txt
DBJPM 2017-C6 Mortgage Trust,0001706403,10-K,2018-03-20,edgar/data/1706403/0001056404-18-001535.txt
Cosmos Group Holdings Inc.,0001706509,10-K,2018-03-23,edgar/data/1706509/0001683168-18-000751.txt
Social Capital Hedosophia Holdings Corp.,0001706946,10-K,2018-02-14,edgar/data/1706946/0001144204-18-008162.txt
Delphi Technologies PLC,0001707092,10-K,2018-02-26,edgar/data/1707092/0001707092-18-000008.txt
Haymaker Acquisition Corp.,0001707306,10-K,2018-03-30,edgar/data/1707306/0001213900-18-003754.txt
Solid Biosciences Inc.,0001707502,10-K,2018-03-29,edgar/data/1707502/0001193125-18-100742.txt
Wells Fargo Commercial Mortgage Trust 2017-C38,0001707817,10-K,2018-03-22,edgar/data/1707817/0001056404-18-001646.txt
LINDE PLC,0001707925,10-K,2018-03-23,edgar/data/1707925/0001707925-18-000004.txt
PQ Group Holdings Inc.,0001708035,10-K,2018-03-22,edgar/data/1708035/0001708035-18-000005.txt
Ribbon Communications Inc.,0001708055,10-K,2018-03-08,edgar/data/1708055/0001628280-18-002933.txt
CSAIL 2017-C8 Commercial Mortgage Trust,0001708131,10-K,2018-03-21,edgar/data/1708131/0001056404-18-001595.txt
Gordon Pointe Acquisition Corp.,0001708176,10-K,2018-03-30,edgar/data/1708176/0001213900-18-003743.txt
GPT Operating Partnership LP,0001708204,10-K,2018-03-01,edgar/data/1708204/0001297587-18-000030.txt
Ford Credit Auto Owner Trust 2017-B,0001708287,10-K,2018-03-22,edgar/data/1708287/0001708287-18-000011.txt
BP Midstream Partners LP,0001708301,10-K,2018-03-22,edgar/data/1708301/0001708301-18-000014.txt
Black Ridge Acquisition Corp.,0001708341,10-K,2018-03-22,edgar/data/1708341/0001683168-18-000741.txt
Tremont Mortgage Trust,0001708405,10-K,2018-02-22,edgar/data/1708405/0001708405-18-000019.txt
Drive Auto Receivables Trust 2017-1,0001708978,10-K,2018-03-30,edgar/data/1708978/0001193125-18-102464.txt
"FFBW, Inc.",0001709017,10-K,2018-03-29,edgar/data/1709017/0001144204-18-018015.txt
Hamilton Beach Brands Holding Co,0001709164,10-K,2018-03-07,edgar/data/1709164/0001709164-18-000011.txt
Capitol Investment Corp. IV,0001709682,10-K,2018-03-27,edgar/data/1709682/0001213900-18-003531.txt
Sentinel Energy Services Inc.,0001709768,10-K,2018-03-27,edgar/data/1709768/0001213900-18-003466.txt
JPMCC Commercial Mortgage Securities Trust 2017-JP7,0001709967,10-K,2018-03-22,edgar/data/1709967/0001056404-18-001683.txt
Toyota Auto Receivables 2017-C Owner Trust,0001709987,10-K,2018-03-28,edgar/data/1709987/0000929638-18-000407.txt
"National Vision Holdings, Inc.",0001710155,10-K,2018-03-08,edgar/data/1710155/0001710155-18-000012.txt
BANK 2017-BNK6,0001710261,10-K,2018-03-19,edgar/data/1710261/0001056404-18-001410.txt
World Omni Auto Receivables Trust 2017-B,0001710330,10-K,2018-03-29,edgar/data/1710330/0001144204-18-017950.txt
John Deere Owner Trust 2017-B,0001710358,10-K,2018-01-26,edgar/data/1710358/0001104659-18-004142.txt
CD 2017-CD5 MORTGAGE TRUST,0001710360,10-K,2018-03-29,edgar/data/1710360/0001193125-18-102254.txt
CONSOL Energy Inc.,0001710366,10-K,2018-02-16,edgar/data/1710366/0001710366-18-000006.txt
AmeriCredit Automobile Receivables Trust 2017-3,0001710600,10-K,2018-03-27,edgar/data/1710600/0001193125-18-097167.txt
GS Mortgage Securities Trust 2017-GS7,0001710765,10-K,2018-03-23,edgar/data/1710765/0001056404-18-001761.txt
Wells Fargo Commercial Mortgage Trust 2017-C39,0001710798,10-K,2018-03-23,edgar/data/1710798/0001056404-18-001785.txt
Santander Drive Auto Receivables Trust 2017-3,0001710916,10-K,2018-03-30,edgar/data/1710916/0001193125-18-102483.txt
UBS Commercial Mortgage Trust 2017-C2,0001711142,10-K,2018-03-19,edgar/data/1711142/0001056404-18-001431.txt
CNH Equipment Trust 2017-B,0001711270,10-K,2018-03-27,edgar/data/1711270/0001104659-18-020338.txt
"Krystal Biotech, Inc.",0001711279,10-K,2018-03-12,edgar/data/1711279/0001564590-18-005252.txt
CURO Group Holdings Corp.,0001711291,10-K,2018-03-13,edgar/data/1711291/0001711291-18-000012.txt
"DGOC Series 28, L.P.",0001711485,10-K,2018-03-28,edgar/data/1711485/0001711485-18-000007.txt
DGOC Series 18B LP,0001711631,10-K,2018-03-28,edgar/data/1711631/0001711631-18-000007.txt
DGOC Series 18C LP,0001711736,10-K,2018-03-28,edgar/data/1711736/0001711736-18-000007.txt
"Nuveen Global Cities REIT, Inc.",0001711799,10-K,2018-03-29,edgar/data/1711799/0001564590-18-007160.txt
"Starwood Real Estate Income Trust, Inc.",0001711929,10-K,2018-03-30,edgar/data/1711929/0001193125-18-103212.txt
Drive Auto Receivables Trust 2017-2,0001711993,10-K,2018-03-30,edgar/data/1711993/0001193125-18-102481.txt
Hyundai Auto Receivables Trust 2017-B,0001712182,10-K,2018-03-22,edgar/data/1712182/0001144204-18-016417.txt
Liberty Latin America Ltd.,0001712184,10-K,2018-02-14,edgar/data/1712184/0001712184-18-000080.txt
One Madison Corp,0001712463,10-K,2018-03-29,edgar/data/1712463/0001213900-18-003671.txt
GM Financial Automobile Leasing Trust 2017-3,0001712799,10-K,2018-03-27,edgar/data/1712799/0001193125-18-096934.txt
UBS Commercial Mortgage Trust 2017-C3,0001713226,10-K,2018-03-19,edgar/data/1713226/0001056404-18-001475.txt
CITIGROUP COMMERCIAL MORTGAGE TRUST 2017-B1,0001713393,10-K,2018-03-30,edgar/data/1713393/0001193125-18-102359.txt
USAA Auto Owner Trust 2017-1,0001713660,10-K,2018-03-28,edgar/data/1713660/0001193125-18-099156.txt
Ally Auto Receivables Trust 2017-4,0001713736,10-K,2018-03-28,edgar/data/1713736/0001713736-18-000025.txt
"New Leap, Inc.",0001713809,10-K,2018-03-22,edgar/data/1713809/0001477932-18-001402.txt
Mosaic Acquisition Corp.,0001713952,10-K,2018-03-28,edgar/data/1713952/0001193125-18-099755.txt
COMM 2017-COR2 Mortgage Trust,0001714154,10-K,2018-03-20,edgar/data/1714154/0001056404-18-001483.txt
BANK 2017-BNK7,0001714679,10-K,2018-03-22,edgar/data/1714679/0001056404-18-001639.txt
Denali Therapeutics Inc.,0001714899,10-K,2018-03-19,edgar/data/1714899/0001193125-18-086723.txt
Kinder Morgan Canada Ltd,0001714973,10-K,2018-02-20,edgar/data/1714973/0001714973-18-000011.txt
Fifth Third Auto Trust 2017-1,0001715585,10-K,2018-03-28,edgar/data/1715585/0001193125-18-099308.txt
"Rangers Sub I, LLC",0001715629,10-K,2018-03-02,edgar/data/1715629/0001715629-18-000002.txt
CITIGROUP COMMERCIAL MORTGAGE TRUST 2017-P8,0001715824,10-K,2018-03-30,edgar/data/1715824/0001193125-18-102345.txt
Morgan Stanley Bank of America Merrill Lynch Trust 2017-C34,0001715846,10-K,2018-03-19,edgar/data/1715846/0001056404-18-001414.txt
TCW Direct Lending VII LLC,0001715933,10-K,2018-03-22,edgar/data/1715933/0001193125-18-092257.txt
JPMDB Commercial Mortgage Securities Trust 2017-C7,0001716186,10-K,2018-03-22,edgar/data/1716186/0001056404-18-001694.txt
Wells Fargo Commercial Mortgage Trust 2017-C40,0001716187,10-K,2018-03-22,edgar/data/1716187/0001056404-18-001651.txt
UBS Commercial Mortgage Trust 2017-C4,0001716263,10-K,2018-03-19,edgar/data/1716263/0001056404-18-001461.txt
"American Homes 4 Rent, L.P.",0001716558,10-K,2018-02-23,edgar/data/1716558/0001562401-18-000029.txt
CSAIL 2017-CX9 Commercial Mortgage Trust,0001716602,10-K,2018-03-21,edgar/data/1716602/0001056404-18-001596.txt
BMW Vehicle Lease Trust 2017-2,0001716665,10-K,2018-03-27,edgar/data/1716665/0000929638-18-000380.txt
Leisure Acquisition Corp.,0001716947,10-K,2018-03-09,edgar/data/1716947/0001615774-18-001769.txt
Industrial Logistics Properties Trust,0001717307,10-K,2018-03-28,edgar/data/1717307/0001717307-18-000006.txt
"Venture Lending & Leasing IX, Inc.",0001717310,10-K,2018-03-16,edgar/data/1717310/0001717310-18-000004.txt
"Odonate Therapeutics, Inc.",0001717452,10-K,2018-02-14,edgar/data/1717452/0001564590-18-002012.txt
"Colony NorthStar Credit Real Estate, Inc.",0001717547,10-K,2018-03-23,edgar/data/1717547/0001193125-18-094233.txt
Drive Auto Receivables Trust 2017-3,0001717900,10-K,2018-03-30,edgar/data/1717900/0001193125-18-102459.txt
Regalwood Global Energy Ltd.,0001717961,10-K,2018-03-29,edgar/data/1717961/0001193125-18-102027.txt
Toyota Auto Receivables 2017-D Owner Trust,0001718100,10-K,2018-03-28,edgar/data/1718100/0000929638-18-000409.txt
CITIGROUP COMMERCIAL MORTGAGE TRUST 2017-C4,0001718304,10-K,2018-03-30,edgar/data/1718304/0001193125-18-102317.txt
AmeriCredit Automobile Receivables Trust 2017-4,0001718362,10-K,2018-03-27,edgar/data/1718362/0001193125-18-097175.txt
GS Mortgage Securities Trust 2017-GS8,0001718483,10-K,2018-03-23,edgar/data/1718483/0001056404-18-001769.txt
Gates Industrial Corp plc,0001718512,10-K,2018-03-15,edgar/data/1718512/0001193125-18-082737.txt
Ford Credit Auto Lease Trust 2017-B,0001718647,10-K,2018-03-27,edgar/data/1718647/0001718647-18-000017.txt
UBS Commercial Mortgage Trust 2017-C5,0001719195,10-K,2018-03-19,edgar/data/1719195/0001056404-18-001422.txt
Wells Fargo Commercial Mortgage Trust 2017-C41,0001719199,10-K,2018-03-22,edgar/data/1719199/0001056404-18-001634.txt
Big Rock Partners Acquisition Corp.,0001719406,10-K,2018-03-23,edgar/data/1719406/0001654954-18-003022.txt
CD 2017-CD6 Mortgage Trust,0001719959,10-K,2018-03-20,edgar/data/1719959/0001056404-18-001523.txt
CSAIL 2017-CX10 Commercial Mortgage Trust,0001720474,10-K,2018-03-22,edgar/data/1720474/0001056404-18-001647.txt
"resTORbio, Inc.",0001720580,10-K,2018-03-29,edgar/data/1720580/0001564590-18-007150.txt
CCUBS Commercial Mortgage Trust 2017-C1,0001720748,10-K,2018-03-19,edgar/data/1720748/0001056404-18-001412.txt
CNH Equipment Trust 2017-C,0001721257,10-K,2018-03-27,edgar/data/1721257/0001104659-18-020339.txt
Ally Auto Receivables Trust 2017-5,0001721353,10-K,2018-03-28,edgar/data/1721353/0001721353-18-000017.txt
Ford Credit Auto Owner Trust 2017-C,0001721372,10-K,2018-03-22,edgar/data/1721372/0001721372-18-000010.txt
BANK 2017-BNK9,0001721373,10-K,2018-03-19,edgar/data/1721373/0001056404-18-001408.txt
AEP Texas Inc.,0001721781,10-K,2018-02-23,edgar/data/1721781/0000004904-18-000009.txt
UBS Commercial Mortgage Trust 2017-C6,0001721905,10-K,2018-03-20,edgar/data/1721905/0001056404-18-001485.txt
"Atlas Holdings, Inc.",0001723128,10-K,2018-03-09,edgar/data/1723128/0001723128-18-000005.txt
Wells Fargo Commercial Mortgage Trust 2017-C42,0001723291,10-K,2018-03-22,edgar/data/1723291/0001056404-18-001662.txt
UBS Commercial Mortgage Trust 2017-C7,0001724177,10-K,2018-03-19,edgar/data/1724177/0001056404-18-001420.txt
"DUKE ENERGY PROGRESS, LLC.",0000017797,10-K,2018-02-21,edgar/data/17797/0001326160-18-000034.txt
ABBOTT LABORATORIES,0000001800,10-K,2018-02-16,edgar/data/1800/0001047469-18-000856.txt
CASTLE A M & CO,0000018172,10-K,2018-03-15,edgar/data/18172/0000018172-18-000007.txt
CATERPILLAR INC,0000018230,10-K,2018-02-15,edgar/data/18230/0000018230-18-000042.txt
CATO CORP,0000018255,10-K,2018-03-27,edgar/data/18255/0000018255-18-000024.txt
SYNOVUS FINANCIAL CORP,0000018349,10-K,2018-02-28,edgar/data/18349/0000018349-18-000005.txt
Ameren Illinois Co,0000018654,10-K,2018-02-28,edgar/data/18654/0001002910-18-000069.txt
CLECO POWER LLC,0000018672,10-K,2018-02-21,edgar/data/18672/0001089819-18-000006.txt
"CENTURYLINK, INC",0000018926,10-K,2018-03-01,edgar/data/18926/0000018926-18-000012.txt
MAGELLAN HEALTH INC,0000019411,10-K,2018-03-01,edgar/data/19411/0001558370-18-001391.txt
CHEMED CORP,0000019584,10-K,2018-02-26,edgar/data/19584/0001157523-18-000411.txt
CHEMICAL FINANCIAL CORP,0000019612,10-K,2018-02-28,edgar/data/19612/0000019612-18-000037.txt
JPMORGAN CHASE & CO,0000019617,10-K,2018-02-27,edgar/data/19617/0000019617-18-000057.txt
CHESAPEAKE UTILITIES CORP,0000019745,10-K,2018-03-01,edgar/data/19745/0001628280-18-002594.txt
CHICAGO RIVET & MACHINE CO,0000019871,10-K,2018-03-20,edgar/data/19871/0001193125-18-089128.txt
JOHNSON & JOHNSON,0000200406,10-K,2018-02-21,edgar/data/200406/0000200406-18-000005.txt
CONSUMERS ENERGY CO,0000201533,10-K,2018-02-14,edgar/data/201533/0001104659-18-009493.txt
CONSUMERS ENERGY CO,0000201533,10-K,2018-03-08,edgar/data/201533/0001104659-18-015821.txt
CHURCHILL DOWNS Inc,0000020212,10-K,2018-02-28,edgar/data/20212/0000020212-18-000010.txt
"SYSTEM ENERGY RESOURCES, INC",0000202584,10-K,2018-02-26,edgar/data/202584/0000065984-18-000072.txt
CINCINNATI FINANCIAL CORP,0000020286,10-K,2018-02-23,edgar/data/20286/0000020286-18-000012.txt
"Duke Energy Ohio, Inc.",0000020290,10-K,2018-02-21,edgar/data/20290/0001326160-18-000034.txt
CAPITAL PROPERTIES INC /RI/,0000202947,10-K,2018-03-19,edgar/data/202947/0001193125-18-087733.txt
WESBANCO INC,0000203596,10-K,2018-02-27,edgar/data/203596/0001193125-18-060835.txt
FRONTIER COMMUNICATIONS CORP,0000020520,10-K,2018-03-01,edgar/data/20520/0000020520-18-000007.txt
GRAYBAR ELECTRIC CO INC,0000205402,10-K,2018-03-09,edgar/data/205402/0000205402-18-000005.txt
GRAYBAR ELECTRIC CO INC,0000205402,10-K,2018-03-27,edgar/data/205402/0000205402-18-000009.txt
AMBASE CORP,0000020639,10-K,2018-03-30,edgar/data/20639/0000020639-18-000018.txt
CLEVELAND ELECTRIC ILLUMINATING CO,0000020947,10-K,2018-03-30,edgar/data/20947/0001578443-18-000005.txt
ACME UNITED CORP,0000002098,10-K,2018-03-15,edgar/data/2098/0001026608-18-000010.txt
CNA FINANCIAL CORP,0000021175,10-K,2018-02-14,edgar/data/21175/0000021175-18-000019.txt
COCA COLA CO,0000021344,10-K,2018-02-23,edgar/data/21344/0000021344-18-000008.txt
COHU INC,0000021535,10-K,2018-03-02,edgar/data/21535/0001437749-18-003809.txt
"Coeur Mining, Inc.",0000215466,10-K,2018-02-07,edgar/data/215466/0000215466-18-000038.txt
HAVERTY FURNITURE COMPANIES INC,0000216085,10-K,2018-03-02,edgar/data/216085/0000216085-18-000011.txt
ITT Inc.,0000216228,10-K,2018-02-16,edgar/data/216228/0000216228-18-000007.txt
COLGATE PALMOLIVE CO,0000021665,10-K,2018-02-15,edgar/data/21665/0000021665-18-000003.txt
TEXTRON INC,0000217346,10-K,2018-02-15,edgar/data/217346/0001104659-18-009905.txt
"ADAMS RESOURCES & ENERGY, INC.",0000002178,10-K,2018-03-12,edgar/data/2178/0000002178-18-000009.txt
RELM WIRELESS CORP,0000002186,10-K,2018-03-06,edgar/data/2186/0001654954-18-002205.txt
COMMERCE BANCSHARES INC /MO/,0000022356,10-K,2018-02-22,edgar/data/22356/0000022356-18-000015.txt
"PASSUR Aerospace, Inc.",0000225628,10-K,2018-02-13,edgar/data/225628/0001096906-18-000090.txt
COVANTA HOLDING CORP,0000225648,10-K,2018-02-26,edgar/data/225648/0000225648-18-000008.txt
COMMONWEALTH EDISON CO,0000022606,10-K,2018-02-09,edgar/data/22606/0001628280-18-001324.txt
TEXAS NEW MEXICO POWER CO,0000022767,10-K,2018-03-01,edgar/data/22767/0001108426-18-000011.txt
SELECTIVE INSURANCE GROUP INC,0000230557,10-K,2018-02-20,edgar/data/230557/0000230557-18-000009.txt
COMPUTER TASK GROUP INC,0000023111,10-K,2018-03-14,edgar/data/23111/0001564590-18-005661.txt
COMSTOCK RESOURCES INC,0000023194,10-K,2018-02-27,edgar/data/23194/0001564590-18-003306.txt
CONNECTICUT LIGHT & POWER CO,0000023426,10-K,2018-02-26,edgar/data/23426/0000072741-18-000028.txt
CONSOLIDATED EDISON CO OF NEW YORK INC,0000023632,10-K,2018-02-15,edgar/data/23632/0001047862-18-000037.txt
CONSOLIDATED TOMOKA LAND CO,0000023795,10-K,2018-02-28,edgar/data/23795/0001558370-18-001296.txt
CITIZENS INC,0000024090,10-K,2018-03-29,edgar/data/24090/0000024090-18-000011.txt
CONTINENTAL MATERIALS CORP,0000024104,10-K,2018-03-29,edgar/data/24104/0001558370-18-002558.txt
COOPER TIRE & RUBBER CO,0000024491,10-K,2018-02-20,edgar/data/24491/0000024491-18-000003.txt
MOLSON COORS BREWING CO,0000024545,10-K,2018-02-14,edgar/data/24545/0000024545-18-000009.txt
CORNING INC /NY,0000024741,10-K,2018-02-15,edgar/data/24741/0000024741-18-000010.txt
ADVANCED MICRO DEVICES INC,0000002488,10-K,2018-02-27,edgar/data/2488/0000002488-18-000042.txt
COUSINS PROPERTIES INC,0000025232,10-K,2018-02-07,edgar/data/25232/0000025232-18-000007.txt
CRANE CO /DE/,0000025445,10-K,2018-02-27,edgar/data/25445/0001628280-18-002289.txt
CRAWFORD & CO,0000025475,10-K,2018-03-07,edgar/data/25475/0000025475-18-000081.txt
SPRINGLEAF FINANCE CORP,0000025598,10-K,2018-02-21,edgar/data/25598/0000025598-18-000005.txt
"TherapeuticsMD, Inc.",0000025743,10-K,2018-02-23,edgar/data/25743/0001387131-18-000776.txt
CTS CORP,0000026058,10-K,2018-02-23,edgar/data/26058/0000026058-18-000020.txt
CUMMINS INC,0000026172,10-K,2018-02-14,edgar/data/26172/0000026172-18-000011.txt
CURTISS WRIGHT CORP,0000026324,10-K,2018-02-22,edgar/data/26324/0000026324-18-000003.txt
DANA INC,0000026780,10-K,2018-02-14,edgar/data/26780/0000026780-18-000004.txt
TARGET CORP,0000027419,10-K,2018-03-14,edgar/data/27419/0000027419-18-000010.txt
DAYTON POWER & LIGHT CO,0000027430,10-K,2018-02-27,edgar/data/27430/0000787250-18-000008.txt
NATURES SUNSHINE PRODUCTS INC,0000275053,10-K,2018-03-16,edgar/data/275053/0001628280-18-003302.txt
TIDELANDS ROYALTY TRUST B,0000276077,10-K,2018-03-29,edgar/data/276077/0001193125-18-100925.txt
CONNECTICUT WATER SERVICE INC / CT,0000276209,10-K,2018-03-15,edgar/data/276209/0000276209-18-000007.txt
EVANS & SUTHERLAND COMPUTER CORP,0000276283,10-K,2018-03-13,edgar/data/276283/0001445866-18-000249.txt
GRAINGER W W INC,0000277135,10-K,2018-02-26,edgar/data/277135/0000277135-18-000007.txt
FEDERAL SIGNAL CORP /DE/,0000277509,10-K,2018-02-28,edgar/data/277509/0000277509-18-000006.txt
ENERGEN CORP,0000277595,10-K,2018-02-28,edgar/data/277595/0000277595-18-000014.txt
DAVEY TREE EXPERT CO,0000277638,10-K,2018-03-16,edgar/data/277638/0000277638-18-000004.txt
CSX CORP,0000277948,10-K,2018-02-07,edgar/data/277948/0000277948-18-000009.txt
DELMARVA POWER & LIGHT CO /DE/,0000027879,10-K,2018-02-09,edgar/data/27879/0001628280-18-001324.txt
DELTA AIR LINES INC /DE/,0000027904,10-K,2018-02-23,edgar/data/27904/0000027904-18-000006.txt
DELUXE CORP,0000027996,10-K,2018-02-23,edgar/data/27996/0000027996-18-000034.txt
DTE Electric Co,0000028385,10-K,2018-02-16,edgar/data/28385/0000936340-18-000082.txt
COMERICA INC /NEW/,0000028412,10-K,2018-02-15,edgar/data/28412/0000028412-18-000065.txt
"DIEBOLD NIXDORF, Inc",0000028823,10-K,2018-02-28,edgar/data/28823/0000028823-18-000066.txt
"DILLARD'S, INC.",0000028917,10-K,2018-03-30,edgar/data/28917/0000028917-18-000159.txt
DIODES INC /DEL/,0000029002,10-K,2018-02-20,edgar/data/29002/0001564590-18-002396.txt
DIXIE GROUP INC,0000029332,10-K,2018-03-13,edgar/data/29332/0000029332-18-000026.txt
DOLLAR GENERAL CORP,0000029534,10-K,2018-03-23,edgar/data/29534/0001558370-18-002366.txt
RR Donnelley & Sons Co,0000029669,10-K,2018-02-28,edgar/data/29669/0001564590-18-003799.txt
DOVER Corp,0000029905,10-K,2018-02-09,edgar/data/29905/0000029905-18-000013.txt
DOW CHEMICAL CO /DE/,0000029915,10-K,2018-02-15,edgar/data/29915/0000029915-18-000007.txt
OMNICOM GROUP INC.,0000029989,10-K,2018-02-15,edgar/data/29989/0000029989-18-000004.txt
DUCOMMUN INC /DE/,0000030305,10-K,2018-02-28,edgar/data/30305/0001628280-18-002505.txt
"Duke Energy Carolinas, LLC",0000030371,10-K,2018-02-21,edgar/data/30371/0001326160-18-000034.txt
DUPONT E I DE NEMOURS & CO,0000030554,10-K,2018-02-15,edgar/data/30554/0000030554-18-000002.txt
FLOWSERVE CORP,0000030625,10-K,2018-02-28,edgar/data/30625/0001628280-18-002486.txt
Wendy's Co,0000030697,10-K,2018-02-28,edgar/data/30697/0000030697-18-000003.txt
SENSIENT TECHNOLOGIES CORP,0000310142,10-K,2018-02-23,edgar/data/310142/0001140361-18-009754.txt
"Merck & Co., Inc.",0000310158,10-K,2018-02-27,edgar/data/310158/0000310158-18-000005.txt
FEDERAL NATIONAL MORTGAGE ASSOCIATION FANNIE MAE,0000310522,10-K,2018-02-14,edgar/data/310522/0000310522-18-000107.txt
STRYKER CORP,0000310764,10-K,2018-02-08,edgar/data/310764/0000310764-18-000031.txt
PROTECTIVE LIFE INSURANCE CO,0000310826,10-K,2018-03-21,edgar/data/310826/0000310826-18-000007.txt
EASTERN CO,0000031107,10-K,2018-03-15,edgar/data/31107/0000031107-18-000010.txt
WESTAMERICA BANCORPORATION,0000311094,10-K,2018-02-27,edgar/data/311094/0001171843-18-001495.txt
AKORN INC,0000003116,10-K,2018-02-28,edgar/data/3116/0001628280-18-002518.txt
HMG COURTLAND PROPERTIES INC,0000311817,10-K,2018-03-29,edgar/data/311817/0001575872-18-000051.txt
INNOVATIVE FOOD HOLDINGS INC,0000312257,10-K,2018-03-29,edgar/data/312257/0001185185-18-000523.txt
EASTMAN KODAK CO,0000031235,10-K,2018-03-15,edgar/data/31235/0001564590-18-005857.txt
ECHELON CORP,0000031347,10-K,2018-03-27,edgar/data/31347/0000031347-18-000008.txt
DANAHER CORP /DE/,0000313616,10-K,2018-02-21,edgar/data/313616/0000313616-18-000038.txt
HARDINGE INC,0000313716,10-K,2018-03-09,edgar/data/313716/0000313716-18-000028.txt
CHURCH & DWIGHT CO INC /DE/,0000313927,10-K,2018-02-23,edgar/data/313927/0001564590-18-002984.txt
McEwen Mining Inc.,0000314203,10-K,2018-02-21,edgar/data/314203/0001558370-18-000860.txt
"TOMI Environmental Solutions, Inc.",0000314227,10-K,2018-03-29,edgar/data/314227/0001654954-18-003328.txt
FIRST BUSEY CORP /NV/,0000314489,10-K,2018-02-28,edgar/data/314489/0001104659-18-013443.txt
ECOLAB INC.,0000031462,10-K,2018-02-23,edgar/data/31462/0001558370-18-000999.txt
Ensco plc,0000314808,10-K,2018-02-27,edgar/data/314808/0000314808-18-000019.txt
HALF ROBERT INTERNATIONAL INC /DE/,0000315213,10-K,2018-02-20,edgar/data/315213/0001628280-18-001911.txt
PUBLIC SERVICE CO OF NEW HAMPSHIRE,0000315256,10-K,2018-02-26,edgar/data/315256/0000072741-18-000028.txt
Aon plc,0000315293,10-K,2018-02-20,edgar/data/315293/0001628280-18-001923.txt
HURCO COMPANIES INC,0000315374,10-K,2018-01-05,edgar/data/315374/0001144204-18-001087.txt
ALABAMA POWER CO,0000003153,10-K,2018-02-21,edgar/data/3153/0000092122-18-000012.txt
UQM TECHNOLOGIES INC,0000315449,10-K,2018-03-20,edgar/data/315449/0000315449-18-000008.txt
"PROVECTUS BIOPHARMACEUTICALS, INC.",0000315545,10-K,2018-03-23,edgar/data/315545/0001493152-18-003771.txt
INTERNATIONAL BANCSHARES CORP,0000315709,10-K,2018-02-28,edgar/data/315709/0001558370-18-001274.txt
SOUTHWEST GEORGIA FINANCIAL CORP,0000315849,10-K,2018-03-30,edgar/data/315849/0000315849-18-000009.txt
RANGE RESOURCES CORP,0000315852,10-K,2018-02-28,edgar/data/315852/0001564590-18-003566.txt
BBX Capital Corp,0000315858,10-K,2018-03-09,edgar/data/315858/0000315858-18-000018.txt
CREDITRISKMONITOR COM INC,0000315958,10-K,2018-03-27,edgar/data/315958/0001140361-18-015124.txt
EXCO RESOURCES INC,0000316300,10-K,2018-03-15,edgar/data/316300/0000316300-18-000004.txt
SCHWAB CHARLES CORP,0000316709,10-K,2018-02-22,edgar/data/316709/0000316709-18-000009.txt
PPL ELECTRIC UTILITIES CORP,0000317187,10-K,2018-02-22,edgar/data/317187/0000922224-18-000023.txt
COCA COLA BOTTLING CO CONSOLIDATED /DE/,0000317540,10-K,2018-02-28,edgar/data/317540/0001564590-18-003845.txt
"Bulova Technologies Group, Inc.",0000317889,10-K,2018-01-16,edgar/data/317889/0001437749-18-000670.txt
PERKINELMER INC,0000031791,10-K,2018-02-27,edgar/data/31791/0000031791-18-000004.txt
AMGEN INC,0000318154,10-K,2018-02-13,edgar/data/318154/0000318154-18-000004.txt
PEOPLES BANCORP INC,0000318300,10-K,2018-02-27,edgar/data/318300/0000318300-18-000089.txt
ABEONA THERAPEUTICS INC.,0000318306,10-K,2018-03-16,edgar/data/318306/0001144204-18-015277.txt
TEAM INC,0000318833,10-K,2018-03-15,edgar/data/318833/0000318833-18-000013.txt
KEY ENERGY SERVICES INC,0000318996,10-K,2018-02-28,edgar/data/318996/0000318996-18-000007.txt
Enservco Corp,0000319458,10-K,2018-03-22,edgar/data/319458/0001437749-18-005217.txt
PERMIAN BASIN ROYALTY TRUST,0000319654,10-K,2018-03-15,edgar/data/319654/0001193125-18-083816.txt
SAN JUAN BASIN ROYALTY TRUST,0000319655,10-K,2018-03-16,edgar/data/319655/0001193125-18-084390.txt
"UNITED AIRLINES, INC.",0000319687,10-K,2018-02-22,edgar/data/319687/0001193125-18-054235.txt
EL PASO ELECTRIC CO /TX/,0000031978,10-K,2018-02-28,edgar/data/31978/0000031978-18-000011.txt
CECO ENVIRONMENTAL CORP,0000003197,10-K,2018-03-09,edgar/data/3197/0001564590-18-005085.txt
MAXWELL TECHNOLOGIES INC,0000319815,10-K,2018-02-16,edgar/data/319815/0000319815-18-000006.txt
"CALADRIUS BIOSCIENCES, INC.",0000320017,10-K,2018-03-22,edgar/data/320017/0000320017-18-000021.txt
TORCHMARK CORP,0000320335,10-K,2018-02-27,edgar/data/320335/0000320335-18-000006.txt
INTELLIGENT SYSTEMS CORP,0000320340,10-K,2018-03-15,edgar/data/320340/0001437749-18-004712.txt
PIONEER ENERGY SERVICES CORP,0000320575,10-K,2018-02-16,edgar/data/320575/0000320575-18-000009.txt
EQUIFAX INC,0000033185,10-K,2018-03-01,edgar/data/33185/0000033185-18-000011.txt
EQT Corp,0000033213,10-K,2018-02-15,edgar/data/33213/0000033213-18-000003.txt
ESCALADE INC,0000033488,10-K,2018-02-27,edgar/data/33488/0001144204-18-011216.txt
"KINGSTONE COMPANIES, INC.",0000033992,10-K,2018-03-15,edgar/data/33992/0001654954-18-002619.txt
DMC Global Inc.,0000034067,10-K,2018-03-08,edgar/data/34067/0000034067-18-000009.txt
EXXON MOBIL CORP,0000034088,10-K,2018-02-28,edgar/data/34088/0000034088-18-000015.txt
RELIABILITY INC,0000034285,10-K,2018-03-29,edgar/data/34285/0001079974-18-000167.txt
"Matson, Inc.",0000003453,10-K,2018-02-23,edgar/data/3453/0001558370-18-001004.txt
1ST SOURCE CORP,0000034782,10-K,2018-02-16,edgar/data/34782/0000034782-18-000033.txt
FEDERAL REALTY INVESTMENT TRUST,0000034903,10-K,2018-02-13,edgar/data/34903/0000034903-18-000009.txt
ALEXANDERS INC,0000003499,10-K,2018-02-12,edgar/data/3499/0000003499-18-000006.txt
PHI INC,0000350403,10-K,2018-02-23,edgar/data/350403/0001628280-18-002134.txt
"AUTONATION, INC.",0000350698,10-K,2018-02-15,edgar/data/350698/0000350698-18-000032.txt
OCEAN BIO CHEM INC,0000350737,10-K,2018-03-30,edgar/data/350737/0001213900-18-003739.txt
COMMUNITY TRUST BANCORP INC /KY/,0000350852,10-K,2018-02-28,edgar/data/350852/0000350852-18-000045.txt
SEI INVESTMENTS CO,0000350894,10-K,2018-02-22,edgar/data/350894/0000350894-18-000011.txt
Ameris Bancorp,0000351569,10-K,2018-03-01,edgar/data/351569/0000351569-18-000004.txt
ELECTRO SENSORS INC,0000351789,10-K,2018-03-20,edgar/data/351789/0000897101-18-000282.txt
"SILVERBOW RESOURCES, INC.",0000351817,10-K,2018-03-01,edgar/data/351817/0000351817-18-000004.txt
SunOpta Inc.,0000351834,10-K,2018-03-01,edgar/data/351834/0001062993-18-001023.txt
DATA I/O CORP,0000351998,10-K,2018-03-28,edgar/data/351998/0000351998-18-000003.txt
TOLEDO EDISON CO,0000352049,10-K,2018-03-30,edgar/data/352049/0001578443-18-000005.txt
FERRO CORP,0000035214,10-K,2018-02-28,edgar/data/35214/0001562762-18-000046.txt
ALLIANT ENERGY CORP,0000352541,10-K,2018-02-23,edgar/data/352541/0000352541-18-000019.txt
ALLSTATE LIFE INSURANCE CO,0000352736,10-K,2018-03-05,edgar/data/352736/0000352736-18-000004.txt
FOSTER L B CO,0000352825,10-K,2018-02-28,edgar/data/352825/0000352825-18-000004.txt
UNIVERSAL HEALTH SERVICES INC,0000352915,10-K,2018-02-28,edgar/data/352915/0001564590-18-003808.txt
"CKX LANDS, INC.",0000352955,10-K,2018-03-23,edgar/data/352955/0001437749-18-005340.txt
"Teligent, Inc.",0000352998,10-K,2018-03-19,edgar/data/352998/0001628280-18-003357.txt
Aegion Corp,0000353020,10-K,2018-03-01,edgar/data/353020/0000353020-18-000017.txt
QUIDEL CORP /DE/,0000353569,10-K,2018-02-27,edgar/data/353569/0000353569-18-000021.txt
GALLAGHER ARTHUR J & CO,0000354190,10-K,2018-02-12,edgar/data/354190/0001193125-18-038261.txt
CVB FINANCIAL CORP,0000354647,10-K,2018-03-01,edgar/data/354647/0001193125-18-067553.txt
HAWAIIAN ELECTRIC INDUSTRIES INC,0000354707,10-K,2018-03-01,edgar/data/354707/0000354707-18-000024.txt
FLIR SYSTEMS INC,0000354908,10-K,2018-02-23,edgar/data/354908/0000354908-18-000014.txt
HOME DEPOT INC,0000354950,10-K,2018-03-22,edgar/data/354950/0000354950-18-000019.txt
SHENANDOAH TELECOMMUNICATIONS CO/VA/,0000354963,10-K,2018-03-15,edgar/data/354963/0001628280-18-003226.txt
FIFTH THIRD BANCORP,0000035527,10-K,2018-02-28,edgar/data/35527/0001193125-18-062301.txt
PROTECTIVE LIFE CORP,0000355429,10-K,2018-03-02,edgar/data/355429/0000355429-18-000003.txt
REAL ESTATE ASSOCIATES LTD IV,0000355573,10-K,2018-03-20,edgar/data/355573/0001376474-18-000053.txt
GENTEX CORP,0000355811,10-K,2018-02-21,edgar/data/355811/0000355811-18-000009.txt
ESSENDANT INC,0000355999,10-K,2018-02-21,edgar/data/355999/0001564590-18-002697.txt
EMC INSURANCE GROUP INC,0000356130,10-K,2018-03-05,edgar/data/356130/0000356130-18-000035.txt
TRICO BANCSHARES /,0000356171,10-K,2018-03-01,edgar/data/356171/0001193125-18-067418.txt
"GLOBAL TECH INDUSTRIES GROUP, INC.",0000356590,10-K,2018-03-30,edgar/data/356590/0001493152-18-004209.txt
"Fibrocell Science, Inc.",0000357097,10-K,2018-03-19,edgar/data/357097/0001628280-18-003348.txt
CHENIERE ENERGY INC,0000003570,10-K,2018-02-21,edgar/data/3570/0000003570-18-000031.txt
OLD SECOND BANCORP INC,0000357173,10-K,2018-03-13,edgar/data/357173/0000357173-18-000015.txt
TRUSTCO BANK CORP N Y,0000357301,10-K,2018-03-01,edgar/data/357301/0001140361-18-011110.txt
FIRST FINANCIAL BANKSHARES INC,0000036029,10-K,2018-02-16,edgar/data/36029/0001193125-18-048057.txt
"CORELOGIC, INC.",0000036047,10-K,2018-02-27,edgar/data/36047/0000036047-18-000015.txt
US BANCORP \DE\,0000036104,10-K,2018-02-22,edgar/data/36104/0001193125-18-053893.txt
TRUSTMARK CORP,0000036146,10-K,2018-02-20,edgar/data/36146/0001564590-18-002465.txt
M&T BANK CORP,0000036270,10-K,2018-02-22,edgar/data/36270/0001564590-18-002855.txt
"FIRST HAWAIIAN, INC.",0000036377,10-K,2018-02-28,edgar/data/36377/0001558370-18-001304.txt
MACKINAC FINANCIAL CORP /MI/,0000036506,10-K,2018-03-15,edgar/data/36506/0001558370-18-002102.txt
FIRST REAL ESTATE INVESTMENT TRUST OF NEW JERSEY,0000036840,10-K,2018-01-12,edgar/data/36840/0001174947-18-000033.txt
FIRST HORIZON NATIONAL CORP,0000036966,10-K,2018-02-28,edgar/data/36966/0000930413-18-000694.txt
Winthrop Realty Liquidating Trust,0000037008,10-K,2018-03-16,edgar/data/37008/0001193125-18-085854.txt
FLORIDA POWER & LIGHT CO,0000037634,10-K,2018-02-16,edgar/data/37634/0000753308-18-000013.txt
"DUKE ENERGY FLORIDA, LLC.",0000037637,10-K,2018-02-21,edgar/data/37637/0001326160-18-000034.txt
"DUKE ENERGY FLORIDA, LLC.",0000037637,10-K,2018-03-29,edgar/data/37637/0001669374-18-000007.txt
FMC CORP,0000037785,10-K,2018-02-28,edgar/data/37785/0000037785-18-000019.txt
FNB CORP/PA/,0000037808,10-K,2018-02-28,edgar/data/37808/0000037808-18-000005.txt
FORD MOTOR CO,0000037996,10-K,2018-02-08,edgar/data/37996/0000037996-18-000015.txt
FORD MOTOR CREDIT CO LLC,0000038009,10-K,2018-02-08,edgar/data/38009/0000038009-18-000030.txt
1st FRANKLIN FINANCIAL CORP,0000038723,10-K,2018-03-30,edgar/data/38723/0001376474-18-000064.txt
FRANKLIN ELECTRIC CO INC,0000038725,10-K,2018-02-27,edgar/data/38725/0000038725-18-000039.txt
"CULLEN/FROST BANKERS, INC.",0000039263,10-K,2018-02-07,edgar/data/39263/0000039263-18-000016.txt
INDEPENDENT BANK CORP /MI/,0000039311,10-K,2018-03-07,edgar/data/39311/0001140361-18-012451.txt
FULLER H B CO,0000039368,10-K,2018-01-31,edgar/data/39368/0001437749-18-001406.txt
"AV Homes, Inc.",0000039677,10-K,2018-02-23,edgar/data/39677/0001558370-18-001034.txt
TEGNA INC,0000039899,10-K,2018-03-01,edgar/data/39899/0000039899-18-000011.txt
GAP INC,0000039911,10-K,2018-03-20,edgar/data/39911/0000039911-18-000048.txt
GATX CORP,0000040211,10-K,2018-02-21,edgar/data/40211/0000040211-18-000023.txt
GENERAL DYNAMICS CORP,0000040533,10-K,2018-02-12,edgar/data/40533/0000040533-18-000008.txt
GENERAL ELECTRIC CO,0000040545,10-K,2018-02-23,edgar/data/40545/0000040545-18-000014.txt
Ally Financial Inc.,0000040729,10-K,2018-02-21,edgar/data/40729/0000040729-18-000035.txt
"AEROJET ROCKETDYNE HOLDINGS, INC.",0000040888,10-K,2018-02-21,edgar/data/40888/0000040888-18-000003.txt
GENUINE PARTS CO,0000040987,10-K,2018-02-27,edgar/data/40987/0000040987-18-000002.txt
GEORGIA POWER CO,0000041091,10-K,2018-02-21,edgar/data/41091/0000092122-18-000012.txt
GLATFELTER P H CO,0000041719,10-K,2018-02-26,edgar/data/41719/0001564590-18-003072.txt
INDUSTRIAL SERVICES OF AMERICA INC,0000004187,10-K,2018-03-26,edgar/data/4187/0000897101-18-000301.txt
GOLDFIELD CORP,0000042316,10-K,2018-03-14,edgar/data/42316/0000042316-18-000013.txt
GOODYEAR TIRE & RUBBER CO /OH/,0000042582,10-K,2018-02-08,edgar/data/42582/0000950123-18-001052.txt
GORMAN RUPP CO,0000042682,10-K,2018-02-23,edgar/data/42682/0001193125-18-055956.txt
Arconic Inc.,0000004281,10-K,2018-02-26,edgar/data/4281/0000004281-18-000042.txt
GRACO INC,0000042888,10-K,2018-02-20,edgar/data/42888/0000042888-18-000009.txt
GRAY TELEVISION INC,0000043196,10-K,2018-02-27,edgar/data/43196/0001437749-18-003441.txt
HESS CORP,0000004447,10-K,2018-02-21,edgar/data/4447/0001564590-18-002698.txt
GULF POWER CO,0000044545,10-K,2018-02-21,edgar/data/44545/0000092122-18-000012.txt
HALLIBURTON CO,0000045012,10-K,2018-02-09,edgar/data/45012/0000045012-18-000059.txt
AMERICAN AIRLINES INC,0000004515,10-K,2018-02-21,edgar/data/4515/0000006201-18-000009.txt
HARSCO CORP,0000045876,10-K,2018-02-22,edgar/data/45876/0000045876-18-000014.txt
HARTE HANKS INC,0000045919,10-K,2018-03-15,edgar/data/45919/0000045919-18-000022.txt
HARTFORD LIFE INSURANCE CO,0000045947,10-K,2018-03-01,edgar/data/45947/0000045947-18-000006.txt
HASBRO INC,0000046080,10-K,2018-02-26,edgar/data/46080/0001193125-18-058659.txt
ALLIED MOTION TECHNOLOGIES INC,0000046129,10-K,2018-03-14,edgar/data/46129/0001104659-18-017478.txt
BANK OF HAWAII CORP,0000046195,10-K,2018-02-28,edgar/data/46195/0000046195-18-000025.txt
HAWAIIAN ELECTRIC CO INC,0000046207,10-K,2018-03-01,edgar/data/46207/0000354707-18-000024.txt
HERSHEY CO,0000047111,10-K,2018-02-27,edgar/data/47111/0000047111-18-000011.txt
HERTZ CORP,0000047129,10-K,2018-02-27,edgar/data/47129/0001657853-18-000016.txt
HollyFrontier Corp,0000048039,10-K,2018-02-21,edgar/data/48039/0000048039-18-000012.txt
HNI CORP,0000048287,10-K,2018-02-23,edgar/data/48287/0000048287-18-000059.txt
CENTERPOINT ENERGY HOUSTON ELECTRIC LLC,0000048732,10-K,2018-02-22,edgar/data/48732/0000048732-18-000005.txt
HUBBELL INC,0000048898,10-K,2018-02-15,edgar/data/48898/0001628280-18-001740.txt
AMERICAN ELECTRIC POWER CO INC,0000004904,10-K,2018-02-23,edgar/data/4904/0000004904-18-000009.txt
HUMANA INC,0000049071,10-K,2018-02-16,edgar/data/49071/0000049071-18-000014.txt
HUNTINGTON BANCSHARES INC/MD,0000049196,10-K,2018-02-16,edgar/data/49196/0000049196-18-000008.txt
EASTGROUP PROPERTIES INC,0000049600,10-K,2018-02-14,edgar/data/49600/0000049600-18-000009.txt
ID SYSTEMS INC,0000049615,10-K,2018-03-30,edgar/data/49615/0001493152-18-004235.txt
AMERICAN EXPRESS CO,0000004962,10-K,2018-02-16,edgar/data/4962/0000004962-18-000032.txt
IDAHO POWER CO,0000049648,10-K,2018-02-22,edgar/data/49648/0001057877-18-000027.txt
AMERICAN EXPRESS CREDIT CORP,0000004969,10-K,2018-03-01,edgar/data/4969/0000004969-18-000006.txt
"Dine Brands Global, Inc.",0000049754,10-K,2018-02-20,edgar/data/49754/0000049754-18-000003.txt
AFLAC INC,0000004977,10-K,2018-02-23,edgar/data/4977/0000004977-18-000054.txt
ILLINOIS TOOL WORKS INC,0000049826,10-K,2018-02-15,edgar/data/49826/0000049826-18-000017.txt
IMPERIAL OIL LTD,0000049938,10-K,2018-03-01,edgar/data/49938/0001193125-18-064765.txt
ANDEAVOR,0000050104,10-K,2018-02-21,edgar/data/50104/0000050104-18-000054.txt
INDIANA MICHIGAN POWER CO,0000050172,10-K,2018-02-23,edgar/data/50172/0000004904-18-000009.txt
INTEL CORP,0000050863,10-K,2018-02-16,edgar/data/50863/0000050863-18-000007.txt
INTERNATIONAL BUSINESS MACHINES CORP,0000051143,10-K,2018-02-27,edgar/data/51143/0001047469-18-001117.txt
INTERNATIONAL FLAVORS & FRAGRANCES INC,0000051253,10-K,2018-02-27,edgar/data/51253/0000051253-18-000005.txt
INTERNATIONAL PAPER CO /NEW/,0000051434,10-K,2018-02-22,edgar/data/51434/0000051434-18-000008.txt
INTERNATIONAL SPEEDWAY CORP,0000051548,10-K,2018-01-26,edgar/data/51548/0000051548-18-000008.txt
"INTERPUBLIC GROUP OF COMPANIES, INC.",0000051644,10-K,2018-02-26,edgar/data/51644/0000051644-18-000019.txt
AMERIPRISE CERTIFICATE CO,0000052428,10-K,2018-02-23,edgar/data/52428/0000820027-18-000010.txt
INTERSTATE POWER & LIGHT CO,0000052485,10-K,2018-02-23,edgar/data/52485/0000352541-18-000019.txt
AMERICAN INTERNATIONAL GROUP INC,0000005272,10-K,2018-02-16,edgar/data/5272/0000005272-18-000022.txt
ANIXTER INTERNATIONAL INC,0000052795,10-K,2018-02-22,edgar/data/52795/0000052795-18-000004.txt
RAYONIER INC,0000052827,10-K,2018-02-23,edgar/data/52827/0000052827-18-000009.txt
KAMAN Corp,0000054381,10-K,2018-02-27,edgar/data/54381/0000054381-18-000010.txt
KANSAS CITY POWER & LIGHT CO,0000054476,10-K,2018-02-21,edgar/data/54476/0001143068-18-000015.txt
KANSAS CITY SOUTHERN,0000054480,10-K,2018-01-26,edgar/data/54480/0000054480-18-000046.txt
WESTAR ENERGY INC /KS,0000054507,10-K,2018-02-21,edgar/data/54507/0000054507-18-000012.txt
KELLOGG CO,0000055067,10-K,2018-02-20,edgar/data/55067/0001628280-18-001872.txt
KELLY SERVICES INC,0000055135,10-K,2018-02-20,edgar/data/55135/0000055135-18-000006.txt
Unum Group,0000005513,10-K,2018-02-21,edgar/data/5513/0000005513-18-000016.txt
KENTUCKY UTILITIES CO,0000055387,10-K,2018-02-22,edgar/data/55387/0000922224-18-000023.txt
KIMBERLY CLARK CORP,0000055785,10-K,2018-02-08,edgar/data/55785/0000055785-18-000014.txt
KIRBY CORP,0000056047,10-K,2018-02-26,edgar/data/56047/0001140361-18-010152.txt
AMERICAN INTERNATIONAL VENTURES INC /DE/,0000005656,10-K,2018-03-21,edgar/data/5656/0000005656-18-000003.txt
"SNYDER'S-LANCE, INC.",0000057528,10-K,2018-02-28,edgar/data/57528/0000057528-18-000005.txt
LEGGETT & PLATT INC,0000058492,10-K,2018-02-22,edgar/data/58492/0000058492-18-000004.txt
VALHI INC /DE/,0000059255,10-K,2018-03-15,edgar/data/59255/0001564590-18-005830.txt
VECTOR GROUP LTD,0000059440,10-K,2018-03-01,edgar/data/59440/0000059440-18-000007.txt
LILLY ELI & CO,0000059478,10-K,2018-02-20,edgar/data/59478/0000059478-18-000089.txt
LINCOLN ELECTRIC HOLDINGS INC,0000059527,10-K,2018-02-27,edgar/data/59527/0000059527-18-000006.txt
LINCOLN NATIONAL CORP,0000059558,10-K,2018-02-22,edgar/data/59558/0000059558-18-000009.txt
AMERICAN VANGUARD CORP,0000005981,10-K,2018-03-14,edgar/data/5981/0001564590-18-005662.txt
LOEWS CORP,0000060086,10-K,2018-02-15,edgar/data/60086/0001193125-18-046681.txt
LOUISIANA-PACIFIC CORP,0000060519,10-K,2018-02-13,edgar/data/60519/0001504337-18-000006.txt
LOUISVILLE GAS & ELECTRIC CO /KY/,0000060549,10-K,2018-02-22,edgar/data/60549/0000922224-18-000023.txt
LSB INDUSTRIES INC,0000060714,10-K,2018-02-26,edgar/data/60714/0001564590-18-003240.txt
LYDALL INC /DE/,0000060977,10-K,2018-02-21,edgar/data/60977/0001628280-18-001978.txt
LGL GROUP INC,0000061004,10-K,2018-03-22,edgar/data/61004/0001564590-18-006502.txt
MADISON GAS & ELECTRIC CO,0000061339,10-K,2018-02-23,edgar/data/61339/0001161728-18-000003.txt
TELLURIAN INC. /DE/,0000061398,10-K,2018-03-15,edgar/data/61398/0000061398-18-000003.txt
AMPCO PITTSBURGH CORP,0000006176,10-K,2018-03-16,edgar/data/6176/0001564590-18-006027.txt
MANITOWOC CO INC,0000061986,10-K,2018-02-23,edgar/data/61986/0001564590-18-002976.txt
American Airlines Group Inc.,0000006201,10-K,2018-02-21,edgar/data/6201/0000006201-18-000009.txt
MARCUS CORP,0000062234,10-K,2018-03-13,edgar/data/62234/0001144204-18-014385.txt
"MARSH & MCLENNAN COMPANIES, INC.",0000062709,10-K,2018-02-22,edgar/data/62709/0000062709-18-000007.txt
MASCO CORP /DE/,0000062996,10-K,2018-02-08,edgar/data/62996/0000062996-18-000015.txt
MATTEL INC /DE/,0000063276,10-K,2018-02-27,edgar/data/63276/0001628280-18-002322.txt
MAUI LAND & PINEAPPLE CO INC,0000063330,10-K,2018-02-26,edgar/data/63330/0001437749-18-003251.txt
MCCORMICK & CO INC,0000063754,10-K,2018-01-25,edgar/data/63754/0000063754-18-000008.txt
MCDONALDS CORP,0000063908,10-K,2018-02-23,edgar/data/63908/0000063908-18-000010.txt
S&P Global Inc.,0000064040,10-K,2018-02-09,edgar/data/64040/0000064040-18-000061.txt
MECHANICAL TECHNOLOGY INC,0000064463,10-K,2018-03-29,edgar/data/64463/0001003297-18-000085.txt
CVS HEALTH Corp,0000064803,10-K,2018-02-14,edgar/data/64803/0001558370-18-000707.txt
ANDREA ELECTRONICS CORP,0000006494,10-K,2018-03-26,edgar/data/6494/0001206774-18-000959.txt
MERCURY GENERAL CORP,0000064996,10-K,2018-02-08,edgar/data/64996/0000064996-18-000010.txt
MICROPAC INDUSTRIES INC,0000065759,10-K,2018-02-08,edgar/data/65759/0001010549-18-000050.txt
"MICROVISION, INC.",0000065770,10-K,2018-02-23,edgar/data/65770/0001136261-18-000055.txt
ENTERGY CORP /DE/,0000065984,10-K,2018-02-26,edgar/data/65984/0000065984-18-000072.txt
MIDDLESEX WATER CO,0000066004,10-K,2018-03-09,edgar/data/66004/0001174947-18-000337.txt
MSA Safety Inc,0000066570,10-K,2018-02-22,edgar/data/66570/0000066570-18-000009.txt
3M CO,0000066740,10-K,2018-02-08,edgar/data/66740/0001558370-18-000535.txt
ALLETE INC,0000066756,10-K,2018-02-15,edgar/data/66756/0000066756-18-000029.txt
ENTERGY MISSISSIPPI INC,0000066901,10-K,2018-02-26,edgar/data/66901/0000065984-18-000072.txt
MISSISSIPPI POWER CO,0000066904,10-K,2018-02-21,edgar/data/66904/0000092122-18-000012.txt
APACHE CORP,0000006769,10-K,2018-02-23,edgar/data/6769/0001673379-18-000008.txt
MDU RESOURCES GROUP INC,0000067716,10-K,2018-02-23,edgar/data/67716/0000067716-18-000013.txt
"Motorola Solutions, Inc.",0000068505,10-K,2018-02-16,edgar/data/68505/0000068505-18-000009.txt
QUESTAR GAS CO,0000068589,10-K,2018-02-27,edgar/data/68589/0001193125-18-060949.txt
QWEST CORP,0000068622,10-K,2018-03-12,edgar/data/68622/0000068622-18-000004.txt
APPALACHIAN POWER CO,0000006879,10-K,2018-02-23,edgar/data/6879/0000004904-18-000009.txt
MYERS INDUSTRIES INC,0000069488,10-K,2018-03-09,edgar/data/69488/0001564590-18-005141.txt
FULTON FINANCIAL CORP,0000700564,10-K,2018-03-01,edgar/data/700564/0000700564-18-000010.txt
FIRST MID ILLINOIS BANCSHARES INC,0000700565,10-K,2018-03-02,edgar/data/700565/0000700565-18-000032.txt
VICTORY ENERGY CORP,0000700764,10-K,2018-03-29,edgar/data/700764/0001628280-18-003845.txt
RCM TECHNOLOGIES INC,0000700841,10-K,2018-03-08,edgar/data/700841/0000700841-18-000006.txt
MYR GROUP INC.,0000700923,10-K,2018-03-07,edgar/data/700923/0001144204-18-013353.txt
CIGNA CORP,0000701221,10-K,2018-02-28,edgar/data/701221/0001047469-18-001158.txt
ATRION CORP,0000701288,10-K,2018-02-27,edgar/data/701288/0001654954-18-001936.txt
CENTRAL PACIFIC FINANCIAL CORP,0000701347,10-K,2018-02-28,edgar/data/701347/0000701347-18-000013.txt
Six Flags Entertainment Corp,0000701374,10-K,2018-02-20,edgar/data/701374/0000701374-18-000051.txt
DGSE COMPANIES INC,0000701719,10-K,2018-03-21,edgar/data/701719/0001144204-18-016004.txt
INDEPENDENCE HOLDING CO,0000701869,10-K,2018-03-26,edgar/data/701869/0000701869-18-000019.txt
"L Brands, Inc.",0000701985,10-K,2018-03-23,edgar/data/701985/0000701985-18-000018.txt
NORFOLK SOUTHERN CORP,0000702165,10-K,2018-02-05,edgar/data/702165/0000702165-18-000011.txt
FIRST MIDWEST BANCORP INC,0000702325,10-K,2018-02-28,edgar/data/702325/0000702325-18-000012.txt
Bank of Commerce Holdings,0000702513,10-K,2018-03-09,edgar/data/702513/0001437749-18-004277.txt
TENET HEALTHCARE CORP,0000070318,10-K,2018-02-26,edgar/data/70318/0000070318-18-000011.txt
LAWSON PRODUCTS INC/NEW/DE/,0000703604,10-K,2018-02-22,edgar/data/703604/0000703604-18-000013.txt
TRECORA RESOURCES,0000007039,10-K,2018-03-12,edgar/data/7039/0000007039-18-000003.txt
GP STRATEGIES CORP,0000070415,10-K,2018-03-01,edgar/data/70415/0000070415-18-000033.txt
"TIVITY HEALTH, INC.",0000704415,10-K,2018-02-28,edgar/data/704415/0000704415-18-000006.txt
NANOMETRICS INC,0000704532,10-K,2018-02-26,edgar/data/704532/0001564590-18-003134.txt
NATIONAL RESEARCH CORP,0000070487,10-K,2018-03-14,edgar/data/70487/0001437749-18-004585.txt
SOUTHSIDE BANCSHARES INC,0000705432,10-K,2018-02-28,edgar/data/705432/0000705432-18-000028.txt
HORIZON BANCORP /IN/,0000706129,10-K,2018-02-28,edgar/data/706129/0001193125-18-063446.txt
AARON'S INC,0000706688,10-K,2018-03-01,edgar/data/706688/0000706688-18-000032.txt
UTAH MEDICAL PRODUCTS INC,0000706698,10-K,2018-03-06,edgar/data/706698/0001096906-18-000127.txt
UNION BANKSHARES INC,0000706863,10-K,2018-03-16,edgar/data/706863/0000706863-18-000012.txt
OLD NATIONAL BANCORP /IN/,0000707179,10-K,2018-02-15,edgar/data/707179/0001193125-18-046746.txt
DIGIRAD CORP,0000707388,10-K,2018-02-28,edgar/data/707388/0000707388-18-000008.txt
REGENERX BIOPHARMACEUTICALS INC,0000707511,10-K,2018-03-29,edgar/data/707511/0001144204-18-017995.txt
AMERISERV FINANCIAL INC /PA/,0000707605,10-K,2018-03-02,edgar/data/707605/0001144204-18-012402.txt
UNITED COMMUNITY FINANCIAL CORP,0000707886,10-K,2018-03-14,edgar/data/707886/0001564590-18-005628.txt
ARCHER DANIELS MIDLAND CO,0000007084,10-K,2018-02-16,edgar/data/7084/0000007084-18-000012.txt
BANK OF AMERICA CORP /DE/,0000070858,10-K,2018-02-22,edgar/data/70858/0000070858-18-000009.txt
NCR CORP,0000070866,10-K,2018-02-26,edgar/data/70866/0000070866-18-000010.txt
CASS INFORMATION SYSTEMS INC,0000708781,10-K,2018-02-28,edgar/data/708781/0001206774-18-000614.txt
MCDERMOTT INTERNATIONAL INC,0000708819,10-K,2018-02-21,edgar/data/708819/0001564590-18-002549.txt
PAR TECHNOLOGY CORP,0000708821,10-K,2018-03-16,edgar/data/708821/0000708821-18-000010.txt
FIRST FINANCIAL BANCORP /OH/,0000708955,10-K,2018-02-26,edgar/data/708955/0000708955-18-000037.txt
NOBLE ROMANS INC,0000709005,10-K,2018-03-29,edgar/data/709005/0001654954-18-003373.txt
FARMERS NATIONAL BANC CORP /OH/,0000709337,10-K,2018-03-06,edgar/data/709337/0001564590-18-004502.txt
SABINE ROYALTY TRUST,0000710752,10-K,2018-03-08,edgar/data/710752/0001193125-18-075015.txt
THUNDER MOUNTAIN GOLD INC,0000711034,10-K,2018-03-30,edgar/data/711034/0001052918-18-000090.txt
KIEWIT ROYALTY TRUST,0000711477,10-K,2018-03-30,edgar/data/711477/0001104659-18-021464.txt
COLONY BANKCORP INC,0000711669,10-K,2018-03-15,edgar/data/711669/0001437749-18-004708.txt
CAMBRIDGE BANCORP,0000711772,10-K,2018-03-21,edgar/data/711772/0001564590-18-006388.txt
NEVADA POWER CO,0000071180,10-K,2018-02-26,edgar/data/71180/0001081316-18-000014.txt
ACCO BRANDS Corp,0000712034,10-K,2018-02-28,edgar/data/712034/0000712034-18-000013.txt
FIRST MERCHANTS CORP,0000712534,10-K,2018-03-01,edgar/data/712534/0000712534-18-000065.txt
FIRST COMMONWEALTH FINANCIAL CORP /PA/,0000712537,10-K,2018-03-01,edgar/data/712537/0000712537-18-000012.txt
ONE LIBERTY PROPERTIES INC,0000712770,10-K,2018-03-14,edgar/data/712770/0001047469-18-001632.txt
"ConnectOne Bancorp, Inc.",0000712771,10-K,2018-03-06,edgar/data/712771/0001206774-18-000703.txt
FARMERS CAPITAL BANK CORP,0000713095,10-K,2018-03-12,edgar/data/713095/0001437749-18-004397.txt
DNB FINANCIAL CORP /PA/,0000713671,10-K,2018-03-15,edgar/data/713671/0000713671-18-000038.txt
"PNC FINANCIAL SERVICES GROUP, INC.",0000713676,10-K,2018-02-28,edgar/data/713676/0000713676-18-000032.txt
"WOUND MANAGEMENT TECHNOLOGIES, INC.",0000714256,10-K,2018-03-29,edgar/data/714256/0001654954-18-003385.txt
VALLEY NATIONAL BANCORP,0000714310,10-K,2018-03-01,edgar/data/714310/0000714310-18-000104.txt
"GERMAN AMERICAN BANCORP, INC.",0000714395,10-K,2018-03-01,edgar/data/714395/0000714395-18-000009.txt
FIRST FINANCIAL CORP /IN/,0000714562,10-K,2018-03-07,edgar/data/714562/0000714562-18-000028.txt
DST SYSTEMS INC,0000714603,10-K,2018-02-28,edgar/data/714603/0000714603-18-000013.txt
JUNIATA VALLEY FINANCIAL CORP,0000714712,10-K,2018-03-16,edgar/data/714712/0001144204-18-015200.txt
RENASANT CORP,0000715072,10-K,2018-02-28,edgar/data/715072/0000715072-18-000070.txt
"ENTERGY NEW ORLEANS, LLC",0000071508,10-K,2018-02-26,edgar/data/71508/0000065984-18-000072.txt
ITUS Corp,0000715446,10-K,2018-01-09,edgar/data/715446/0001513162-18-000006.txt
ACNB CORP,0000715579,10-K,2018-03-09,edgar/data/715579/0001047469-18-001446.txt
NEW ULM TELECOM INC,0000071557,10-K,2018-03-15,edgar/data/71557/0001513162-18-000066.txt
INTERFACE INC,0000715787,10-K,2018-03-01,edgar/data/715787/0001437749-18-003647.txt
"EVIO, INC.",0000715788,10-K,2018-01-17,edgar/data/715788/0001477932-18-000271.txt
DOMINION ENERGY INC /VA/,0000715957,10-K,2018-02-27,edgar/data/715957/0001193125-18-059578.txt
YRC Worldwide Inc.,0000716006,10-K,2018-02-15,edgar/data/716006/0000716006-18-000004.txt
CINCINNATI BELL INC,0000716133,10-K,2018-02-26,edgar/data/716133/0000716133-18-000008.txt
PENNS WOODS BANCORP INC,0000716605,10-K,2018-03-13,edgar/data/716605/0000716605-18-000004.txt
READING INTERNATIONAL INC,0000716634,10-K,2018-03-16,edgar/data/716634/0000716634-18-000006.txt
NEW YORK TIMES CO,0000071691,10-K,2018-02-27,edgar/data/71691/0000071691-18-000004.txt
MURPHY OIL CORP /DE,0000717423,10-K,2018-02-26,edgar/data/717423/0000717423-18-000011.txt
ARROW FINANCIAL CORP,0000717538,10-K,2018-03-12,edgar/data/717538/0000717538-18-000060.txt
HEXCEL CORP /DE/,0000717605,10-K,2018-02-07,edgar/data/717605/0001564590-18-001551.txt
FIRST US BANCSHARES INC,0000717806,10-K,2018-03-15,edgar/data/717806/0001437749-18-004716.txt
NEWPARK RESOURCES INC,0000071829,10-K,2018-02-23,edgar/data/71829/0000071829-18-000021.txt
COMMUNITY BANCORP /VT,0000718413,10-K,2018-03-15,edgar/data/718413/0001654954-18-002573.txt
"Activision Blizzard, Inc.",0000718877,10-K,2018-02-27,edgar/data/718877/0001047469-18-001114.txt
STAAR SURGICAL CO,0000718937,10-K,2018-02-28,edgar/data/718937/0001144204-18-011838.txt
BOVIE MEDICAL Corp,0000719135,10-K,2018-03-13,edgar/data/719135/0000719135-18-000015.txt
ISRAMCO INC,0000719209,10-K,2018-03-13,edgar/data/719209/0001185185-18-000404.txt
S&T BANCORP INC,0000719220,10-K,2018-03-01,edgar/data/719220/0000719220-18-000018.txt
FIRST NATIONAL CORP /VA/,0000719402,10-K,2018-03-23,edgar/data/719402/0000719402-18-000007.txt
HECLA MINING CO/DE/,0000719413,10-K,2018-02-15,edgar/data/719413/0001437749-18-002671.txt
SVB FINANCIAL GROUP,0000719739,10-K,2018-02-28,edgar/data/719739/0000719739-18-000011.txt
WILLIAMS SONOMA INC,0000719955,10-K,2018-03-29,edgar/data/719955/0001193125-18-102232.txt
MAINSOURCE FINANCIAL GROUP,0000720002,10-K,2018-02-28,edgar/data/720002/0001558370-18-001289.txt
STIFEL FINANCIAL CORP,0000720672,10-K,2018-02-26,edgar/data/720672/0001564590-18-003065.txt
INVESTORS TITLE CO,0000720858,10-K,2018-03-12,edgar/data/720858/0000720858-18-000006.txt
CCA INDUSTRIES INC,0000721447,10-K,2018-02-28,edgar/data/721447/0000721447-18-000006.txt
NL INDUSTRIES INC,0000072162,10-K,2018-03-12,edgar/data/72162/0001564590-18-005298.txt
TOTAL SYSTEM SERVICES INC,0000721683,10-K,2018-02-23,edgar/data/721683/0001558370-18-001043.txt
LAKELAND FINANCIAL CORP,0000721994,10-K,2018-03-01,edgar/data/721994/0000721994-18-000014.txt
NOBILITY HOMES INC,0000072205,10-K,2018-01-26,edgar/data/72205/0001193125-18-020970.txt
NOBLE ENERGY INC,0000072207,10-K,2018-02-20,edgar/data/72207/0000072207-18-000020.txt
NORTECH SYSTEMS INC,0000722313,10-K,2018-03-27,edgar/data/722313/0001104659-18-020483.txt
"HANGER, INC.",0000722723,10-K,2018-01-19,edgar/data/722723/0001104659-18-003089.txt
"COMMUNITY BANK SYSTEM, INC.",0000723188,10-K,2018-03-01,edgar/data/723188/0001140361-18-011107.txt
NORDSTROM INC,0000072333,10-K,2018-03-19,edgar/data/72333/0000072333-18-000049.txt
Longwen Group Corp.,0000723533,10-K,2018-03-30,edgar/data/723533/0001551163-18-000036.txt
"AVIS BUDGET GROUP, INC.",0000723612,10-K,2018-02-22,edgar/data/723612/0000723612-18-000024.txt
FRANKLIN FINANCIAL SERVICES CORP /PA/,0000723646,10-K,2018-03-12,edgar/data/723646/0000723646-18-000012.txt
Trinity Place Holdings Inc.,0000724742,10-K,2018-03-15,edgar/data/724742/0001144204-18-014956.txt
MOVADO GROUP INC,0000072573,10-K,2018-03-29,edgar/data/72573/0001564590-18-007083.txt
TRIBUNE MEDIA CO,0000726513,10-K,2018-03-01,edgar/data/726513/0000726513-18-000007.txt
FIRST EQUITY PROPERTIES INC,0000726516,10-K,2018-03-29,edgar/data/726516/0001010549-18-000088.txt
CAPITAL CITY BANK GROUP INC,0000726601,10-K,2018-03-05,edgar/data/726601/0000726601-18-000008.txt
REALTY INCOME CORP,0000726728,10-K,2018-02-22,edgar/data/726728/0001104659-18-011376.txt
CITY HOLDING CO,0000726854,10-K,2018-02-28,edgar/data/726854/0000726854-18-000010.txt
LINCOLN NATIONAL LIFE INSURANCE CO /IN/,0000726865,10-K,2018-03-13,edgar/data/726865/0000726865-18-000173.txt
"Accelerate Diagnostics, Inc",0000727207,10-K,2018-03-01,edgar/data/727207/0001628280-18-002558.txt
CADIZ INC,0000727273,10-K,2018-03-14,edgar/data/727273/0000727273-18-000003.txt
EVERSOURCE ENERGY,0000072741,10-K,2018-02-26,edgar/data/72741/0000072741-18-000028.txt
"ENZON PHARMACEUTICALS, INC.",0000727510,10-K,2018-03-21,edgar/data/727510/0001144204-18-016199.txt
APACHE OFFSHORE INVESTMENT PARTNERSHIP,0000727538,10-K,2018-02-23,edgar/data/727538/0001673379-18-000009.txt
RIVERSOURCE LIFE INSURANCE CO,0000727892,10-K,2018-02-22,edgar/data/727892/0000820027-18-000005.txt
"IPALCO ENTERPRISES, INC.",0000728391,10-K,2018-02-27,edgar/data/728391/0000728391-18-000013.txt
HUNT J B TRANSPORT SERVICES INC,0000728535,10-K,2018-02-23,edgar/data/728535/0001437749-18-003239.txt
ARIZONA PUBLIC SERVICE CO,0000007286,10-K,2018-02-23,edgar/data/7286/0000764622-18-000018.txt
XCEL ENERGY INC,0000072903,10-K,2018-02-23,edgar/data/72903/0000072903-18-000009.txt
NORTHERN STATES POWER CO /WI/,0000072909,10-K,2018-02-26,edgar/data/72909/0000072909-18-000003.txt
BEL FUSE INC /NJ,0000729580,10-K,2018-03-09,edgar/data/729580/0000729580-18-000006.txt
WELLS FARGO & COMPANY/MN,0000072971,10-K,2018-03-01,edgar/data/72971/0000072971-18-000272.txt
UNITED BANKSHARES INC/WV,0000729986,10-K,2018-03-01,edgar/data/729986/0001193125-18-066863.txt
NORTHWEST NATURAL GAS CO,0000073020,10-K,2018-02-23,edgar/data/73020/0000073020-18-000008.txt
REPLIGEN CORP,0000730272,10-K,2018-02-22,edgar/data/730272/0001193125-18-054262.txt
TOFUTTI BRANDS INC,0000730349,10-K,2018-03-29,edgar/data/730349/0001493152-18-004145.txt
SEACOAST BANKING CORP OF FLORIDA,0000730708,10-K,2018-02-28,edgar/data/730708/0001144204-18-011744.txt
NORTHWESTERN CORP,0000073088,10-K,2018-02-13,edgar/data/73088/0000073088-18-000022.txt
HEALTHCARE SERVICES GROUP INC,0000731012,10-K,2018-02-23,edgar/data/731012/0000731012-18-000032.txt
NORTHERN TRUST CORP,0000073124,10-K,2018-02-27,edgar/data/73124/0000073124-18-000141.txt
PACCAR FINANCIAL CORP,0000731288,10-K,2018-02-21,edgar/data/731288/0001564590-18-002687.txt
UNITED BANCORP INC /OH/,0000731653,10-K,2018-03-20,edgar/data/731653/0001144204-18-015768.txt
UNITEDHEALTH GROUP INC,0000731766,10-K,2018-02-13,edgar/data/731766/0000731766-18-000005.txt
ENTERGY ARKANSAS INC,0000007323,10-K,2018-02-26,edgar/data/7323/0000065984-18-000072.txt
HILLS BANCORPORATION,0000732417,10-K,2018-03-05,edgar/data/732417/0000732417-18-000014.txt
VERIZON COMMUNICATIONS INC,0000732712,10-K,2018-02-23,edgar/data/732712/0000732712-18-000009.txt
AT&T INC.,0000732717,10-K,2018-02-20,edgar/data/732717/0000732717-18-000009.txt
"CONTINENTAL RESOURCES, INC",0000732834,10-K,2018-02-21,edgar/data/732834/0000732834-18-000003.txt
BRIGHTHOUSE LIFE INSURANCE Co,0000733076,10-K,2018-03-22,edgar/data/733076/0000733076-18-000004.txt
NUCOR CORP,0000073309,10-K,2018-02-28,edgar/data/73309/0001193125-18-064018.txt
SOUTHWESTERN ENERGY CO,0000007332,10-K,2018-03-01,edgar/data/7332/0000007332-18-000016.txt
"PwrCor, Inc.",0000733337,10-K,2018-03-30,edgar/data/733337/0001393905-18-000119.txt
INTRUSION INC,0000736012,10-K,2018-03-29,edgar/data/736012/0001437749-18-005827.txt
CNB FINANCIAL CORP/PA,0000736772,10-K,2018-03-08,edgar/data/736772/0001193125-18-075125.txt
WASHINGTON TRUST BANCORP INC,0000737468,10-K,2018-02-27,edgar/data/737468/0000737468-18-000017.txt
OCEANEERING INTERNATIONAL INC,0000073756,10-K,2018-03-01,edgar/data/73756/0000073756-18-000013.txt
FIRST KEYSTONE CORP,0000737875,10-K,2018-03-16,edgar/data/737875/0001144204-18-015339.txt
"AEMETIS, INC",0000738214,10-K,2018-03-29,edgar/data/738214/0001654954-18-003317.txt
CITIZENS FINANCIAL SERVICES INC,0000739421,10-K,2018-03-08,edgar/data/739421/0000739421-18-000016.txt
OHIO EDISON CO,0000073960,10-K,2018-03-30,edgar/data/73960/0001578443-18-000005.txt
OHIO POWER CO,0000073986,10-K,2018-02-23,edgar/data/73986/0000004904-18-000009.txt
VENTAS INC,0000740260,10-K,2018-02-09,edgar/data/740260/0000740260-18-000054.txt
FIRST OF LONG ISLAND CORP,0000740663,10-K,2018-03-16,edgar/data/740663/0000740663-18-000011.txt
R F INDUSTRIES LTD,0000740664,10-K,2018-01-24,edgar/data/740664/0001144204-18-003386.txt
F&M BANK CORP,0000740806,10-K,2018-03-16,edgar/data/740806/0001654954-18-002674.txt
OLD POINT FINANCIAL CORP,0000740971,10-K,2018-03-16,edgar/data/740971/0001140361-18-013705.txt
OKLAHOMA GAS & ELECTRIC CO,0000074145,10-K,2018-02-22,edgar/data/74145/0000074145-18-000004.txt
AMERICAN NATIONAL BANKSHARES INC.,0000741516,10-K,2018-03-09,edgar/data/741516/0000741516-18-000012.txt
"UDR, Inc.",0000074208,10-K,2018-02-20,edgar/data/74208/0000074208-18-000024.txt
INVACARE CORP,0000742112,10-K,2018-03-09,edgar/data/742112/0000742112-18-000023.txt
"US ECOLOGY, INC.",0000742126,10-K,2018-02-26,edgar/data/742126/0001558370-18-001087.txt
RPC INC,0000742278,10-K,2018-02-28,edgar/data/742278/0001144204-18-011709.txt
OLD REPUBLIC INTERNATIONAL CORP,0000074260,10-K,2018-02-28,edgar/data/74260/0000074260-18-000012.txt
OLIN CORP,0000074303,10-K,2018-02-26,edgar/data/74303/0000074303-18-000007.txt
ARMSTRONG WORLD INDUSTRIES INC,0000007431,10-K,2018-02-26,edgar/data/7431/0001564590-18-003128.txt
SPARTAN MOTORS INC,0000743238,10-K,2018-03-01,edgar/data/743238/0001437749-18-003606.txt
BAR HARBOR BANKSHARES,0000743367,10-K,2018-03-13,edgar/data/743367/0000743367-18-000047.txt
REX AMERICAN RESOURCES Corp,0000744187,10-K,2018-03-29,edgar/data/744187/0000930413-18-001149.txt
"Celldex Therapeutics, Inc.",0000744218,10-K,2018-03-07,edgar/data/744218/0001047469-18-001363.txt
GREAT WEST LIFE & ANNUITY INSURANCE CO,0000744455,10-K,2018-02-28,edgar/data/744455/0000744455-18-000003.txt
AMERICAN SHARED HOSPITAL SERVICES,0000744825,10-K,2018-03-28,edgar/data/744825/0001144204-18-017461.txt
ST JOE CO,0000745308,10-K,2018-03-01,edgar/data/745308/0000745308-18-000004.txt
MIDSOUTH BANCORP INC,0000745981,10-K,2018-03-16,edgar/data/745981/0000745981-18-000058.txt
"GLOWPOINT, INC.",0000746210,10-K,2018-03-07,edgar/data/746210/0000746210-18-000012.txt
NEW ENGLAND REALTY ASSOCIATES LIMITED PARTNERSHIP,0000746514,10-K,2018-03-13,edgar/data/746514/0001558370-18-001971.txt
EXPEDITORS INTERNATIONAL OF WASHINGTON INC,0000746515,10-K,2018-02-23,edgar/data/746515/0000746515-18-000004.txt
UNISYS CORP,0000746838,10-K,2018-03-12,edgar/data/746838/0000746838-18-000009.txt
JMB 245 PARK AVENUE ASSOCIATES LTD,0000747159,10-K,2018-02-26,edgar/data/747159/0000892626-18-000040.txt
SURGE COMPONENTS INC,0000747540,10-K,2018-02-28,edgar/data/747540/0001213900-18-002400.txt
NTN BUZZTIME INC,0000748592,10-K,2018-03-09,edgar/data/748592/0001493152-18-003164.txt
GARTNER INC,0000749251,10-K,2018-02-22,edgar/data/749251/0000749251-18-000004.txt
Celsion CORP,0000749647,10-K,2018-03-27,edgar/data/749647/0001437749-18-005539.txt
ICAD INC,0000749660,10-K,2018-03-30,edgar/data/749660/0001193125-18-103266.txt
SCIENTIFIC GAMES CORP,0000750004,10-K,2018-03-01,edgar/data/750004/0000750004-18-000011.txt
SUNTRUST BANKS INC,0000750556,10-K,2018-02-23,edgar/data/750556/0000750556-18-000079.txt
QNB CORP,0000750558,10-K,2018-03-16,edgar/data/750558/0001564590-18-006028.txt
"AUBURN NATIONAL BANCORPORATION, INC",0000750574,10-K,2018-03-13,edgar/data/750574/0001193125-18-080325.txt
HANCOCK HOLDING CO,0000750577,10-K,2018-02-27,edgar/data/750577/0000750577-18-000009.txt
CAMDEN NATIONAL CORP,0000750686,10-K,2018-03-09,edgar/data/750686/0000750686-18-000057.txt
SEITEL INC,0000750813,10-K,2018-02-16,edgar/data/750813/0000750813-18-000006.txt
"NATIONAL RETAIL PROPERTIES, INC.",0000751364,10-K,2018-02-13,edgar/data/751364/0000751364-18-000024.txt
VICOR CORP,0000751978,10-K,2018-03-09,edgar/data/751978/0001193125-18-077391.txt
OVERSEAS SHIPHOLDING GROUP INC,0000075208,10-K,2018-03-12,edgar/data/75208/0000075208-18-000021.txt
ELECTRONIC SYSTEMS TECHNOLOGY INC,0000752294,10-K,2018-02-23,edgar/data/752294/0001052918-18-000046.txt
OWENS & MINOR INC/VA/,0000075252,10-K,2018-02-23,edgar/data/75252/0000075252-18-000042.txt
"UMH PROPERTIES, INC.",0000752642,10-K,2018-03-08,edgar/data/752642/0001493152-18-003093.txt
MCGRATH RENTCORP,0000752714,10-K,2018-02-27,edgar/data/752714/0001564590-18-003494.txt
NEXTERA ENERGY INC,0000753308,10-K,2018-02-16,edgar/data/753308/0000753308-18-000013.txt
P&F INDUSTRIES INC,0000075340,10-K,2018-03-29,edgar/data/75340/0001144204-18-017894.txt
PACCAR INC,0000075362,10-K,2018-02-21,edgar/data/75362/0001564590-18-002675.txt
ARROW ELECTRONICS INC,0000007536,10-K,2018-02-06,edgar/data/7536/0001666359-18-000002.txt
MEDIZONE INTERNATIONAL INC,0000753772,10-K,2018-03-20,edgar/data/753772/0001185185-18-000468.txt
SCANA CORP,0000754737,10-K,2018-02-23,edgar/data/754737/0000754737-18-000115.txt
PACIFIC GAS & ELECTRIC Co,0000075488,10-K,2018-02-09,edgar/data/75488/0001004980-18-000003.txt
UNITIL CORP,0000755001,10-K,2018-02-01,edgar/data/755001/0001193125-18-028247.txt
PACIFICORP /OR/,0000075594,10-K,2018-02-26,edgar/data/75594/0001081316-18-000014.txt
PACKAGING CORP OF AMERICA,0000075677,10-K,2018-02-28,edgar/data/75677/0001564590-18-003690.txt
GCI INC,0000075679,10-K,2018-02-28,edgar/data/75679/0000075679-18-000008.txt
USG CORP,0000757011,10-K,2018-02-14,edgar/data/757011/0000757011-18-000014.txt
QUALSTAR CORP,0000758938,10-K,2018-03-16,edgar/data/758938/0001437749-18-004815.txt
CITIZENS FINANCIAL GROUP INC/RI,0000759944,10-K,2018-02-22,edgar/data/759944/0000759944-18-000016.txt
BANCFIRST CORP /OK/,0000760498,10-K,2018-03-01,edgar/data/760498/0001564590-18-004014.txt
PANHANDLE EASTERN PIPE LINE CO LP,0000076063,10-K,2018-02-23,edgar/data/76063/0000076063-18-000005.txt
"CEDAR REALTY TRUST, INC.",0000761648,10-K,2018-02-12,edgar/data/761648/0001564590-18-001854.txt
ARTS WAY MANUFACTURING CO INC,0000007623,10-K,2018-02-07,edgar/data/7623/0001437749-18-001906.txt
PARK OHIO HOLDINGS CORP,0000076282,10-K,2018-03-08,edgar/data/76282/0000076282-18-000013.txt
PARKER DRILLING CO /DE/,0000076321,10-K,2018-02-21,edgar/data/76321/0000076321-18-000020.txt
CHEMUNG FINANCIAL CORP,0000763563,10-K,2018-03-08,edgar/data/763563/0000763563-18-000053.txt
LCI INDUSTRIES,0000763744,10-K,2018-02-28,edgar/data/763744/0000763744-18-000042.txt
POPULAR INC,0000763901,10-K,2018-03-01,edgar/data/763901/0001193125-18-066922.txt
FIRST UNITED CORP/MD/,0000763907,10-K,2018-03-09,edgar/data/763907/0001144204-18-013891.txt
SOUTH STATE Corp,0000764038,10-K,2018-02-23,edgar/data/764038/0001558370-18-001012.txt
CLEVELAND-CLIFFS INC.,0000764065,10-K,2018-02-14,edgar/data/764065/0000764065-18-000035.txt
"ALTRIA GROUP, INC.",0000764180,10-K,2018-02-27,edgar/data/764180/0000764180-18-000028.txt
VBI Vaccines Inc/BC,0000764195,10-K,2018-02-26,edgar/data/764195/0001493152-18-002611.txt
CAS MEDICAL SYSTEMS INC,0000764579,10-K,2018-03-26,edgar/data/764579/0001072613-18-000240.txt
PINNACLE WEST CAPITAL CORP,0000764622,10-K,2018-02-23,edgar/data/764622/0000764622-18-000018.txt
CATERPILLAR FINANCIAL SERVICES CORP,0000764764,10-K,2018-02-15,edgar/data/764764/0000764764-18-000016.txt
"First Bancorp, Inc /ME/",0000765207,10-K,2018-03-14,edgar/data/765207/0000765207-18-000008.txt
"HCP, INC.",0000765880,10-K,2018-02-13,edgar/data/765880/0001628280-18-001552.txt
PATRICK INDUSTRIES INC,0000076605,10-K,2018-02-28,edgar/data/76605/0000076605-18-000045.txt
"ALASKA AIR GROUP, INC.",0000766421,10-K,2018-02-15,edgar/data/766421/0000766421-18-000015.txt
CAPSTEAD MORTGAGE CORP,0000766701,10-K,2018-02-20,edgar/data/766701/0001564590-18-002464.txt
WELLTOWER INC.,0000766704,10-K,2018-02-28,edgar/data/766704/0000766704-18-000012.txt
SJW GROUP,0000766829,10-K,2018-02-27,edgar/data/766829/0000766829-18-000058.txt
"SB FINANCIAL GROUP, INC.",0000767405,10-K,2018-03-09,edgar/data/767405/0001213900-18-002757.txt
CYBEROPTICS CORP,0000768411,10-K,2018-03-09,edgar/data/768411/0000897101-18-000213.txt
RELIV INTERNATIONAL INC,0000768710,10-K,2018-03-29,edgar/data/768710/0001437749-18-005793.txt
"TrueBlue, Inc.",0000768899,10-K,2018-02-26,edgar/data/768899/0000768899-18-000006.txt
AUTODESK INC,0000769397,10-K,2018-03-22,edgar/data/769397/0000769397-18-000011.txt
MIDDLEBY CORP,0000769520,10-K,2018-02-28,edgar/data/769520/0000769520-18-000003.txt
PEOPLES FINANCIAL CORP /MS/,0000770460,10-K,2018-03-14,edgar/data/770460/0001193125-18-081738.txt
KOPIN CORP,0000771266,10-K,2018-03-23,edgar/data/771266/0000771266-18-000012.txt
PENN VIRGINIA CORP,0000077159,10-K,2018-03-02,edgar/data/77159/0000077159-18-000008.txt
DOCUMENT SECURITY SYSTEMS INC,0000771999,10-K,2018-03-06,edgar/data/771999/0001493152-18-002948.txt
PENNSYLVANIA REAL ESTATE INVESTMENT TRUST,0000077281,10-K,2018-02-16,edgar/data/77281/0000077281-18-000018.txt
MDC HOLDINGS INC,0000773141,10-K,2018-02-01,edgar/data/773141/0001437749-18-001473.txt
PENTAIR plc,0000077360,10-K,2018-02-27,edgar/data/77360/0000077360-18-000007.txt
HONEYWELL INTERNATIONAL INC,0000773840,10-K,2018-02-09,edgar/data/773840/0000930413-18-000292.txt
ANADARKO PETROLEUM CORP,0000773910,10-K,2018-02-15,edgar/data/773910/0000773910-18-000012.txt
CORTLAND BANCORP INC,0000774569,10-K,2018-03-22,edgar/data/774569/0001564590-18-006552.txt
PEPSICO INC,0000077476,10-K,2018-02-13,edgar/data/77476/0000077476-18-000012.txt
ALLEGHANY CORP /DE,0000775368,10-K,2018-02-21,edgar/data/775368/0001193125-18-052080.txt
TUTOR PERINI CORP,0000077543,10-K,2018-02-27,edgar/data/77543/0000077543-18-000016.txt
WHITE MOUNTAINS INSURANCE GROUP LTD,0000776867,10-K,2018-02-28,edgar/data/776867/0000776867-18-000002.txt
INDEPENDENT BANK CORP,0000776901,10-K,2018-02-27,edgar/data/776901/0000776901-18-000068.txt
PHH CORP,0000077776,10-K,2018-03-01,edgar/data/77776/0000077776-18-000005.txt
PRUCO LIFE INSURANCE CO,0000777917,10-K,2018-03-08,edgar/data/777917/0000777917-18-000020.txt
"Pacific Ethanol, Inc.",0000778164,10-K,2018-03-15,edgar/data/778164/0001615774-18-001920.txt
"PDC ENERGY, INC.",0000077877,10-K,2018-02-27,edgar/data/77877/0000077877-18-000008.txt
BLUEGREEN VACATIONS CORP,0000778946,10-K,2018-03-07,edgar/data/778946/0000778946-18-000017.txt
ASSOCIATED BANC-CORP,0000007789,10-K,2018-02-06,edgar/data/7789/0000007789-18-000013.txt
PFIZER INC,0000078003,10-K,2018-02-22,edgar/data/78003/0000078003-18-000027.txt
ITRON INC /WA/,0000780571,10-K,2018-03-01,edgar/data/780571/0000780571-18-000013.txt
PECO ENERGY CO,0000078100,10-K,2018-02-09,edgar/data/78100/0001628280-18-001324.txt
AQUA AMERICA INC,0000078128,10-K,2018-02-28,edgar/data/78128/0000078128-18-000003.txt
INTERNATIONAL BALER CORP,0000781902,10-K,2018-01-26,edgar/data/781902/0001607062-18-000036.txt
PVH CORP. /DE/,0000078239,10-K,2018-03-30,edgar/data/78239/0000078239-18-000007.txt
DUKE REALTY CORP,0000783280,10-K,2018-02-16,edgar/data/783280/0000783280-18-000012.txt
VISTA GOLD CORP,0000783324,10-K,2018-03-06,edgar/data/783324/0000783324-18-000007.txt
"WEC ENERGY GROUP, INC.",0000783325,10-K,2018-02-28,edgar/data/783325/0000107815-18-000134.txt
POPE RESOURCES LTD PARTNERSHIP,0000784011,10-K,2018-03-02,edgar/data/784011/0000784011-18-000039.txt
CRYOLIFE INC,0000784199,10-K,2018-03-09,edgar/data/784199/0001193125-18-077586.txt
PIEDMONT NATURAL GAS CO INC,0000078460,10-K,2018-02-21,edgar/data/78460/0001326160-18-000034.txt
PORTLAND GENERAL ELECTRIC CO /OR/,0000784977,10-K,2018-02-16,edgar/data/784977/0000784977-18-000005.txt
Encompass Health Corp,0000785161,10-K,2018-02-28,edgar/data/785161/0000785161-18-000012.txt
DPL INC,0000787250,10-K,2018-02-27,edgar/data/787250/0000787250-18-000008.txt
PITNEY BOWES INC /DE/,0000078814,10-K,2018-02-22,edgar/data/78814/0000078814-18-000004.txt
PUBLIC SERVICE ENTERPRISE GROUP INC,0000788784,10-K,2018-02-26,edgar/data/788784/0000788784-18-000004.txt
OGLETHORPE POWER CORP,0000788816,10-K,2018-03-29,edgar/data/788816/0001047469-18-002324.txt
BRINKS CO,0000078890,10-K,2018-03-01,edgar/data/78890/0000078890-18-000009.txt
HALLADOR ENERGY CO,0000788965,10-K,2018-03-13,edgar/data/788965/0001144204-18-014211.txt
WORLD FUEL SERVICES CORP,0000789460,10-K,2018-02-28,edgar/data/789460/0001628280-18-002457.txt
MGM Resorts International,0000789570,10-K,2018-03-01,edgar/data/789570/0001564590-18-003942.txt
NACCO INDUSTRIES INC,0000789933,10-K,2018-03-07,edgar/data/789933/0000789933-18-000019.txt
CARLISLE COMPANIES INC,0000790051,10-K,2018-02-16,edgar/data/790051/0000790051-18-000095.txt
PRESTIGE CAPITAL CORP,0000790179,10-K,2018-03-30,edgar/data/790179/0001554795-18-000065.txt
NBT BANCORP INC,0000790359,10-K,2018-03-01,edgar/data/790359/0001140361-18-011238.txt
"RadNet, Inc.",0000790526,10-K,2018-03-19,edgar/data/790526/0001683168-18-000705.txt
TECH DATA CORP,0000790703,10-K,2018-03-22,edgar/data/790703/0000790703-18-000011.txt
BRANDYWINE REALTY TRUST,0000790816,10-K,2018-02-23,edgar/data/790816/0001564590-18-003023.txt
LEPERCQ CORPORATE INCOME FUND L P,0000790877,10-K,2018-02-27,edgar/data/790877/0001444838-18-000006.txt
XOMA Corp,0000791908,10-K,2018-03-07,edgar/data/791908/0001564590-18-004731.txt
CYPRESS SEMICONDUCTOR CORP /DE/,0000791915,10-K,2018-02-26,edgar/data/791915/0000791915-18-000007.txt
OPPENHEIMER HOLDINGS INC,0000791963,10-K,2018-03-02,edgar/data/791963/0000791963-18-000005.txt
"ROYAL HAWAIIAN ORCHARDS, L.P.",0000792161,10-K,2018-03-09,edgar/data/792161/0001437749-18-004301.txt
"BROWN & BROWN, INC.",0000079282,10-K,2018-02-28,edgar/data/79282/0000079282-18-000006.txt
FARMERS & MERCHANTS BANCORP INC,0000792966,10-K,2018-02-28,edgar/data/792966/0001193125-18-062514.txt
AMAG PHARMACEUTICALS INC.,0000792977,10-K,2018-03-01,edgar/data/792977/0000792977-18-000012.txt
ASTEC INDUSTRIES INC,0000792987,10-K,2018-03-01,edgar/data/792987/0000792987-18-000008.txt
WERNER ENTERPRISES INC,0000793074,10-K,2018-02-27,edgar/data/793074/0000793074-18-000012.txt
RESEARCH FRONTIERS INC,0000793524,10-K,2018-03-13,edgar/data/793524/0001493152-18-003279.txt
NAVIGATORS GROUP INC,0000793547,10-K,2018-02-22,edgar/data/793547/0001564590-18-002748.txt
SKYWEST INC,0000793733,10-K,2018-02-26,edgar/data/793733/0001558370-18-001097.txt
HARLEY DAVIDSON INC,0000793952,10-K,2018-02-21,edgar/data/793952/0000793952-18-000012.txt
"Level 3 Parent, LLC",0000794323,10-K,2018-03-01,edgar/data/794323/0000794323-18-000004.txt
KB HOME,0000795266,10-K,2018-01-26,edgar/data/795266/0000795266-18-000005.txt
WATTS WATER TECHNOLOGIES INC,0000795403,10-K,2018-02-23,edgar/data/795403/0001558370-18-001010.txt
ADOBE SYSTEMS INC,0000796343,10-K,2018-01-22,edgar/data/796343/0000796343-18-000015.txt
NATIONAL BANKSHARES INC,0000796534,10-K,2018-03-14,edgar/data/796534/0001437749-18-004594.txt
POTOMAC ELECTRIC POWER CO,0000079732,10-K,2018-02-09,edgar/data/79732/0001628280-18-001324.txt
"HG Holdings, Inc.",0000797465,10-K,2018-03-23,edgar/data/797465/0001437749-18-005339.txt
OCCIDENTAL PETROLEUM CORP /DE/,0000797468,10-K,2018-02-23,edgar/data/797468/0000797468-18-000005.txt
PAM TRANSPORTATION SERVICES INC,0000798287,10-K,2018-03-09,edgar/data/798287/0001437749-18-004278.txt
FISERV INC,0000798354,10-K,2018-02-22,edgar/data/798354/0000798354-18-000005.txt
ODYSSEY MARINE EXPLORATION INC,0000798528,10-K,2018-03-26,edgar/data/798528/0001193125-18-095089.txt
UNIVERSAL HEALTH REALTY INCOME TRUST,0000798783,10-K,2018-02-28,edgar/data/798783/0001564590-18-003812.txt
PPG INDUSTRIES INC,0000079879,10-K,2018-02-15,edgar/data/79879/0000079879-18-000010.txt
FIRST CITIZENS BANCSHARES INC /DE/,0000798941,10-K,2018-02-21,edgar/data/798941/0000798941-18-000006.txt
UNIT CORP,0000798949,10-K,2018-02-27,edgar/data/798949/0000798949-18-000008.txt
DAWSON GEOPHYSICAL CO,0000799165,10-K,2018-03-09,edgar/data/799165/0001558370-18-001795.txt
MARTEN TRANSPORT LTD,0000799167,10-K,2018-03-09,edgar/data/799167/0001437749-18-004257.txt
ALMOST FAMILY INC,0000799231,10-K,2018-02-27,edgar/data/799231/0001558370-18-001156.txt
HEARTLAND EXPRESS INC,0000799233,10-K,2018-03-01,edgar/data/799233/0000799233-18-000007.txt
"LANDS' END, INC.",0000799288,10-K,2018-03-29,edgar/data/799288/0000799288-18-000022.txt
M I HOMES INC,0000799292,10-K,2018-02-16,edgar/data/799292/0000799292-18-000009.txt
CYTRX CORP,0000799698,10-K,2018-03-16,edgar/data/799698/0000799698-18-000002.txt
OFFICE DEPOT INC,0000800240,10-K,2018-02-28,edgar/data/800240/0001193125-18-062066.txt
PREFORMED LINE PRODUCTS CO,0000080035,10-K,2018-03-09,edgar/data/80035/0001564590-18-005116.txt
DONEGAL GROUP INC,0000800457,10-K,2018-03-09,edgar/data/800457/0001193125-18-077161.txt
WEBSTER FINANCIAL CORP,0000801337,10-K,2018-03-01,edgar/data/801337/0000801337-18-000058.txt
NATIONAL PRESTO INDUSTRIES INC,0000080172,10-K,2018-03-16,edgar/data/80172/0000080172-18-000011.txt
PILGRIMS PRIDE CORP,0000802481,10-K,2018-02-16,edgar/data/802481/0000802481-18-000011.txt
BRYN MAWR BANK CORP,0000802681,10-K,2018-03-01,edgar/data/802681/0001437749-18-003673.txt
CHOICEONE FINANCIAL SERVICES INC,0000803164,10-K,2018-03-29,edgar/data/803164/0001387131-18-001278.txt
Equity Commonwealth,0000803649,10-K,2018-02-15,edgar/data/803649/0000803649-18-000007.txt
"General Motors Financial Company, Inc.",0000804269,10-K,2018-02-06,edgar/data/804269/0000804269-18-000010.txt
CERNER CORP /MO/,0000804753,10-K,2018-02-12,edgar/data/804753/0000804753-18-000006.txt
"BUCKEYE PARTNERS, L.P.",0000805022,10-K,2018-02-23,edgar/data/805022/0000805022-18-000009.txt
PARK NATIONAL CORP /OH/,0000805676,10-K,2018-02-27,edgar/data/805676/0000805676-18-000048.txt
"AxoGen, Inc.",0000805928,10-K,2018-02-28,edgar/data/805928/0001558370-18-001268.txt
UNIPROP MANUFACTURED HOUSING COMMUNITIES INCOME FUND II /MI/,0000805993,10-K,2018-03-02,edgar/data/805993/0001144204-18-012377.txt
CODORUS VALLEY BANCORP INC,0000806279,10-K,2018-03-13,edgar/data/806279/0000897101-18-000245.txt
ASTRONICS CORP,0000008063,10-K,2018-03-01,edgar/data/8063/0000008063-18-000006.txt
PSYCHEMEDICS CORP,0000806517,10-K,2018-03-16,edgar/data/806517/0001171843-18-002060.txt
PROGRESSIVE CORP/OH/,0000080661,10-K,2018-02-27,edgar/data/80661/0000080661-18-000011.txt
BAKER HUGHES a GE Co LLC,0000808362,10-K,2018-02-23,edgar/data/808362/0000808362-18-000006.txt
"GCI LIBERTY, INC.",0000808461,10-K,2018-02-28,edgar/data/808461/0000808461-18-000067.txt
"CARROLS RESTAURANT GROUP, INC.",0000809248,10-K,2018-03-12,edgar/data/809248/0000809248-18-000029.txt
PUBLIC SERVICE CO OF COLORADO,0000081018,10-K,2018-02-23,edgar/data/81018/0000081018-18-000003.txt
"Duke Energy Indiana, LLC",0000081020,10-K,2018-02-21,edgar/data/81020/0001326160-18-000034.txt
PUBLIC SERVICE CO OF NEW MEXICO,0000081023,10-K,2018-03-01,edgar/data/81023/0001108426-18-000011.txt
PUBLIC SERVICE CO OF OKLAHOMA,0000081027,10-K,2018-02-23,edgar/data/81027/0000004904-18-000009.txt
PUBLIC SERVICE ELECTRIC & GAS CO,0000081033,10-K,2018-02-26,edgar/data/81033/0000788784-18-000004.txt
"NAVIDEA BIOPHARMACEUTICALS, INC.",0000810509,10-K,2018-03-15,edgar/data/810509/0001437749-18-004756.txt
PUBLIX SUPER MARKETS INC,0000081061,10-K,2018-03-01,edgar/data/81061/0000081061-18-000006.txt
CITIZENS & NORTHERN CORP,0000810958,10-K,2018-02-15,edgar/data/810958/0001144204-18-009237.txt
PUGET SOUND ENERGY INC,0000081100,10-K,2018-03-02,edgar/data/81100/0001085392-18-000012.txt
CMS ENERGY CORP,0000811156,10-K,2018-02-14,edgar/data/811156/0001104659-18-009493.txt
"BIOLASE, INC",0000811240,10-K,2018-03-14,edgar/data/811240/0001564590-18-005648.txt
CEDAR FAIR L P,0000811532,10-K,2018-02-23,edgar/data/811532/0000811532-18-000040.txt
PGI INC,0000081157,10-K,2018-03-23,edgar/data/81157/0001654954-18-003025.txt
FIRST BANCORP /NC/,0000811589,10-K,2018-03-01,edgar/data/811589/0001174947-18-000278.txt
KAISER ALUMINUM CORP,0000811596,10-K,2018-02-23,edgar/data/811596/0000811596-18-000011.txt
IMMUCELL CORP /DE/,0000811641,10-K,2018-03-29,edgar/data/811641/0001213900-18-003621.txt
SUMMIT FINANCIAL GROUP INC,0000811808,10-K,2018-03-02,edgar/data/811808/0000811808-18-000008.txt
"Santander Holdings USA, Inc.",0000811830,10-K,2018-03-19,edgar/data/811830/0000811830-18-000006.txt
OWENS ILLINOIS INC /DE/,0000812074,10-K,2018-02-14,edgar/data/812074/0001558370-18-000669.txt
Regional Brands Inc.,0000812149,10-K,2018-03-30,edgar/data/812149/0001144204-18-018083.txt
RIDGEFIELD ACQUISITION CORP,0000812152,10-K,2018-03-30,edgar/data/812152/0001144204-18-018244.txt
OWENS-ILLINOIS GROUP INC,0000812233,10-K,2018-02-14,edgar/data/812233/0001558370-18-000670.txt
CENTURY BANCORP INC,0000812348,10-K,2018-03-15,edgar/data/812348/0001193125-18-084040.txt
CALGON CARBON Corp,0000812701,10-K,2018-03-01,edgar/data/812701/0001558370-18-001359.txt
"SOLIGENIX, INC.",0000812796,10-K,2018-03-15,edgar/data/812796/0001213900-18-003007.txt
"DESTINATION XL GROUP, INC.",0000813298,10-K,2018-03-23,edgar/data/813298/0001564590-18-006679.txt
QUAKER CHEMICAL CORP,0000081362,10-K,2018-02-28,edgar/data/81362/0000081362-18-000003.txt
CADENCE DESIGN SYSTEMS INC,0000813672,10-K,2018-02-20,edgar/data/813672/0000813672-18-000008.txt
ICAHN ENTERPRISES L.P.,0000813762,10-K,2018-03-01,edgar/data/813762/0000813762-18-000029.txt
CBS CORP,0000813828,10-K,2018-02-20,edgar/data/813828/0000813828-18-000018.txt
CEC ENTERTAINMENT INC,0000813920,10-K,2018-03-28,edgar/data/813920/0000813920-18-000008.txt
ALP LIQUIDATING TRUST,0000814046,10-K,2018-03-20,edgar/data/814046/0000892626-18-000046.txt
TCF FINANCIAL CORP,0000814184,10-K,2018-02-23,edgar/data/814184/0000814184-18-000010.txt
NEWELL BRANDS INC,0000814453,10-K,2018-03-01,edgar/data/814453/0001193125-18-067603.txt
EBIX INC,0000814549,10-K,2018-03-01,edgar/data/814549/0000814549-18-000008.txt
MBIA INC,0000814585,10-K,2018-03-01,edgar/data/814585/0001193125-18-067440.txt
LIFEWAY FOODS INC,0000814586,10-K,2018-03-30,edgar/data/814586/0001683168-18-000821.txt
CPS TECHNOLOGIES CORP/DE/,0000814676,10-K,2018-03-12,edgar/data/814676/0000814676-18-000010.txt
"CAPSTONE COMPANIES, INC.",0000814926,10-K,2018-03-28,edgar/data/814926/0000939802-18-000024.txt
CARNIVAL CORP,0000815097,10-K,2018-01-29,edgar/data/815097/0000815097-18-000005.txt
FASTENAL CO,0000815556,10-K,2018-02-05,edgar/data/815556/0000815556-18-000010.txt
JONES FINANCIAL COMPANIES LLLP,0000815917,10-K,2018-03-15,edgar/data/815917/0001564590-18-005773.txt
CELGENE CORP /DE/,0000816284,10-K,2018-02-07,edgar/data/816284/0000816284-18-000005.txt
TERADATA CORP /DE/,0000816761,10-K,2018-02-23,edgar/data/816761/0000816761-18-000007.txt
CONMED CORP,0000816956,10-K,2018-02-26,edgar/data/816956/0000816956-18-000003.txt
ATLANTIC AMERICAN CORP,0000008177,10-K,2018-03-26,edgar/data/8177/0001140361-18-015001.txt
"HERON THERAPEUTICS, INC. /DE/",0000818033,10-K,2018-02-27,edgar/data/818033/0001193125-18-060951.txt
DENTSPLY SIRONA Inc.,0000818479,10-K,2018-03-15,edgar/data/818479/0000818479-18-000014.txt
SECURITY FEDERAL CORP,0000818677,10-K,2018-03-20,edgar/data/818677/0000939057-18-000111.txt
TEVA PHARMACEUTICAL INDUSTRIES LTD,0000818686,10-K,2018-02-12,edgar/data/818686/0001193125-18-039076.txt
VICAL INC,0000819050,10-K,2018-03-15,edgar/data/819050/0001564590-18-005853.txt
ATLANTIC CITY ELECTRIC CO,0000008192,10-K,2018-02-09,edgar/data/8192/0001628280-18-001324.txt
RAND CAPITAL CORP,0000081955,10-K,2018-03-08,edgar/data/81955/0001193125-18-074224.txt
MICRON SOLUTIONS INC /DE/,0000819689,10-K,2018-03-26,edgar/data/819689/0000819689-18-000019.txt
ALBANY INTERNATIONAL CORP /DE/,0000819793,10-K,2018-02-28,edgar/data/819793/0000891092-18-001722.txt
HALLMARK FINANCIAL SERVICES INC,0000819913,10-K,2018-03-14,edgar/data/819913/0001144204-18-014644.txt
AMERIPRISE FINANCIAL INC,0000820027,10-K,2018-02-23,edgar/data/820027/0000820027-18-000008.txt
CAMBREX CORP,0000820081,10-K,2018-02-08,edgar/data/820081/0001437749-18-001987.txt
UNITED STATES LIME & MINERALS INC,0000082020,10-K,2018-03-02,edgar/data/82020/0001558370-18-001454.txt
AMPHENOL CORP /DE/,0000820313,10-K,2018-02-21,edgar/data/820313/0001558370-18-000871.txt
"Andersons, Inc.",0000821026,10-K,2018-02-26,edgar/data/821026/0000821026-18-000009.txt
BOSTON PRIVATE FINANCIAL HOLDINGS INC,0000821127,10-K,2018-02-28,edgar/data/821127/0000821127-18-000044.txt
UNITED STATES CELLULAR CORP,0000821130,10-K,2018-02-26,edgar/data/821130/0000821130-18-000008.txt
EOG RESOURCES INC,0000821189,10-K,2018-02-27,edgar/data/821189/0000821189-18-000012.txt
"PAR PACIFIC HOLDINGS, INC.",0000821483,10-K,2018-03-12,edgar/data/821483/0000821483-18-000017.txt
RAVEN INDUSTRIES INC,0000082166,10-K,2018-03-23,edgar/data/82166/0000082166-18-000022.txt
JUNIPER PHARMACEUTICALS INC,0000821995,10-K,2018-03-09,edgar/data/821995/0001564590-18-005087.txt
"ImmunoCellular Therapeutics, Ltd.",0000822411,10-K,2018-03-14,edgar/data/822411/0000822411-18-000004.txt
PULTEGROUP INC/MI/,0000822416,10-K,2018-02-07,edgar/data/822416/0000822416-18-000009.txt
FIDELITY SOUTHERN CORP,0000822662,10-K,2018-03-16,edgar/data/822662/0000822662-18-000021.txt
INTER PARFUMS INC,0000822663,10-K,2018-03-13,edgar/data/822663/0001615774-18-001852.txt
CLEAN HARBORS INC,0000822818,10-K,2018-02-28,edgar/data/822818/0000822818-18-000006.txt
SOTHEBYS,0000823094,10-K,2018-03-01,edgar/data/823094/0000823094-18-000011.txt
WASTE MANAGEMENT INC,0000823768,10-K,2018-02-15,edgar/data/823768/0001558370-18-000716.txt
AAON INC,0000824142,10-K,2018-02-27,edgar/data/824142/0000824142-18-000021.txt
SANDY SPRING BANCORP INC,0000824410,10-K,2018-02-23,edgar/data/824410/0000824410-18-000004.txt
ALLIANCEBERNSTEIN HOLDING L.P.,0000825313,10-K,2018-02-13,edgar/data/825313/0000825313-18-000011.txt
DIVALL INSURED INCOME PROPERTIES 2 LIMITED PARTNERSHIP,0000825788,10-K,2018-03-23,edgar/data/825788/0001493152-18-003821.txt
ORRSTOWN FINANCIAL SERVICES INC,0000826154,10-K,2018-03-09,edgar/data/826154/0000826154-18-000056.txt
DYNEX CAPITAL INC,0000826675,10-K,2018-03-05,edgar/data/826675/0000826675-18-000005.txt
EDISON INTERNATIONAL,0000827052,10-K,2018-02-22,edgar/data/827052/0000827052-18-000046.txt
Sleep Number Corp,0000827187,10-K,2018-02-27,edgar/data/827187/0000827187-18-000009.txt
NOVELION THERAPEUTICS INC.,0000827809,10-K,2018-03-16,edgar/data/827809/0000827809-18-000006.txt
"EAGLE PHARMACEUTICALS, INC.",0000827871,10-K,2018-02-26,edgar/data/827871/0000827871-18-000003.txt
"CLEANSPARK, INC.",0000827876,10-K,2018-01-16,edgar/data/827876/0001663577-18-000019.txt
REGAL BELOIT CORP,0000082811,10-K,2018-02-27,edgar/data/82811/0000082811-18-000011.txt
INTERLINK ELECTRONICS INC,0000828146,10-K,2018-03-15,edgar/data/828146/0001558370-18-002144.txt
WEINGARTEN REALTY INVESTORS /TX/,0000828916,10-K,2018-02-28,edgar/data/828916/0000828916-18-000015.txt
WSFS FINANCIAL CORP,0000828944,10-K,2018-03-01,edgar/data/828944/0001628280-18-002641.txt
"Inuvo, Inc.",0000829323,10-K,2018-02-08,edgar/data/829323/0000829323-18-000008.txt
PICO HOLDINGS INC /NEW,0000830122,10-K,2018-03-02,edgar/data/830122/0000830122-18-000010.txt
"SCI Engineered Materials, Inc.",0000830616,10-K,2018-02-01,edgar/data/830616/0001144204-18-005146.txt
"PACIFIC OFFICE PROPERTIES TRUST, INC.",0000830748,10-K,2018-03-12,edgar/data/830748/0000830748-18-000004.txt
CITIGROUP INC,0000831001,10-K,2018-02-23,edgar/data/831001/0000831001-18-000040.txt
FREEPORT-MCMORAN INC,0000831259,10-K,2018-02-20,edgar/data/831259/0000831259-18-000008.txt
SPECTRUM PHARMACEUTICALS INC,0000831547,10-K,2018-03-07,edgar/data/831547/0000831547-18-000015.txt
IDEX CORP /DE/,0000832101,10-K,2018-02-22,edgar/data/832101/0000832101-18-000019.txt
E.W. SCRIPPS Co,0000832428,10-K,2018-02-28,edgar/data/832428/0000832428-18-000020.txt
HSBC USA INC /MD/,0000083246,10-K,2018-02-20,edgar/data/83246/0000083246-18-000003.txt
UTG INC,0000832480,10-K,2018-03-26,edgar/data/832480/0000832480-18-000008.txt
"GeoVax Labs, Inc.",0000832489,10-K,2018-03-23,edgar/data/832489/0001437749-18-005301.txt
Meritage Homes CORP,0000833079,10-K,2018-02-12,edgar/data/833079/0000833079-18-000007.txt
RESERVE PETROLEUM CO,0000083350,10-K,2018-03-29,edgar/data/83350/0001437749-18-005798.txt
POWER INTEGRATIONS INC,0000833640,10-K,2018-02-14,edgar/data/833640/0000833640-18-000067.txt
HOMEFED CORP,0000833795,10-K,2018-03-05,edgar/data/833795/0000833795-18-000004.txt
REPUBLIC FIRST BANCORP INC,0000834285,10-K,2018-03-14,edgar/data/834285/0000950159-18-000099.txt
BIOLIFE SOLUTIONS INC,0000834365,10-K,2018-03-09,edgar/data/834365/0001144204-18-013727.txt
MGP INGREDIENTS INC,0000835011,10-K,2018-03-01,edgar/data/835011/0001628280-18-002578.txt
"Stock Yards Bancorp, Inc.",0000835324,10-K,2018-03-13,edgar/data/835324/0001437749-18-004523.txt
PROGENICS PHARMACEUTICALS INC,0000835887,10-K,2018-03-08,edgar/data/835887/0001437749-18-004205.txt
MIDDLEFIELD BANC CORP,0000836147,10-K,2018-03-07,edgar/data/836147/0001437749-18-004103.txt
VOYA INSURANCE & ANNUITY Co,0000836658,10-K,2018-03-16,edgar/data/836658/0000836658-18-000034.txt
VOYA RETIREMENT INSURANCE & ANNUITY Co,0000837010,10-K,2018-03-15,edgar/data/837010/0000837010-18-000043.txt
CALLAWAY GOLF CO,0000837465,10-K,2018-02-27,edgar/data/837465/0000837465-18-000004.txt
"Seven Stars Cloud Group, Inc.",0000837852,10-K,2018-03-30,edgar/data/837852/0001144204-18-018076.txt
WILLAMETTE VALLEY VINEYARDS INC,0000838875,10-K,2018-03-22,edgar/data/838875/0001654954-18-002934.txt
"WESTWATER RESOURCES, INC.",0000839470,10-K,2018-03-01,edgar/data/839470/0001493152-18-002788.txt
"FIRSTCASH, INC",0000840489,10-K,2018-02-20,edgar/data/840489/0000840489-18-000030.txt
LEAR CORP,0000842162,10-K,2018-02-06,edgar/data/842162/0000842162-18-000007.txt
RAMCO GERSHENSON PROPERTIES TRUST,0000842183,10-K,2018-02-23,edgar/data/842183/0000842183-18-000013.txt
TOR MINERALS INTERNATIONAL INC,0000842295,10-K,2018-03-27,edgar/data/842295/0001003297-18-000083.txt
RLI CORP,0000084246,10-K,2018-02-23,edgar/data/84246/0000084246-18-000011.txt
ISABELLA BANK Corp,0000842517,10-K,2018-03-16,edgar/data/842517/0000842517-18-000059.txt
EVANS BANCORP INC,0000842518,10-K,2018-03-01,edgar/data/842518/0000842518-18-000031.txt
TRIMAS CORP,0000842633,10-K,2018-02-27,edgar/data/842633/0000842633-18-000010.txt
ISSUER DIRECT CORP,0000843006,10-K,2018-03-01,edgar/data/843006/0001654954-18-002057.txt
"FRP HOLDINGS, INC.",0000844059,10-K,2018-03-16,edgar/data/844059/0000844059-18-000005.txt
Healthier Choices Management Corp.,0000844856,10-K,2018-03-15,edgar/data/844856/0001213900-18-002977.txt
TETRA TECHNOLOGIES INC,0000844965,10-K,2018-03-05,edgar/data/844965/0000844965-18-000004.txt
TRANSAMERICA ADVISORS LIFE INSURANCE Co,0000845091,10-K,2018-03-29,edgar/data/845091/0001564590-18-007157.txt
GRANT PARK FUTURES FUND LIMITED PARTNERSHIP,0000845698,10-K,2018-03-05,edgar/data/845698/0001558370-18-001474.txt
DALA PETROLEUM CORP.,0000845819,10-K,2018-02-01,edgar/data/845819/0001515971-18-000017.txt
FEDERAL AGRICULTURAL MORTGAGE CORP,0000845877,10-K,2018-03-08,edgar/data/845877/0000845877-18-000017.txt
ZYNEX INC,0000846475,10-K,2018-02-28,edgar/data/846475/0001144204-18-011824.txt
BRIDGE BANCORP INC,0000846617,10-K,2018-03-09,edgar/data/846617/0001144204-18-013931.txt
LAKELAND BANCORP INC,0000846901,10-K,2018-02-28,edgar/data/846901/0000846901-18-000005.txt
"FUEL TECH, INC.",0000846913,10-K,2018-03-12,edgar/data/846913/0000846913-18-000031.txt
ROGERS CORP,0000084748,10-K,2018-02-28,edgar/data/84748/0000084748-18-000007.txt
ROLLINS INC,0000084839,10-K,2018-02-26,edgar/data/84839/0000084839-18-000065.txt
Heritage Global Inc.,0000849145,10-K,2018-03-13,edgar/data/849145/0001564590-18-005463.txt
SILGAN HOLDINGS INC,0000849869,10-K,2018-03-01,edgar/data/849869/0000849869-18-000010.txt
BP PRUDHOE BAY ROYALTY TRUST,0000850033,10-K,2018-03-01,edgar/data/850033/0001193125-18-066611.txt
HORACE MANN EDUCATORS CORP /DE/,0000850141,10-K,2018-03-01,edgar/data/850141/0001628280-18-002567.txt
"FOOT LOCKER, INC.",0000850209,10-K,2018-03-29,edgar/data/850209/0000850209-18-000004.txt
"Sorrento Therapeutics, Inc.",0000850261,10-K,2018-03-16,edgar/data/850261/0000850261-18-000013.txt
TREDEGAR CORP,0000850429,10-K,2018-02-22,edgar/data/850429/0000850429-18-000014.txt
ENCORE WIRE CORP,0000850460,10-K,2018-02-26,edgar/data/850460/0000850460-18-000008.txt
"EnerJex Resources, Inc.",0000008504,10-K,2018-03-23,edgar/data/8504/0001580695-18-000161.txt
COGNEX CORP,0000851205,10-K,2018-02-15,edgar/data/851205/0000851205-18-000004.txt
HARMONIC INC,0000851310,10-K,2018-03-05,edgar/data/851310/0000851310-18-000017.txt
EXPONENT INC,0000851520,10-K,2018-02-23,edgar/data/851520/0001144204-18-010563.txt
MOHAWK INDUSTRIES INC,0000851968,10-K,2018-02-28,edgar/data/851968/0000851968-18-000038.txt
DENNYS CORP,0000852772,10-K,2018-02-26,edgar/data/852772/0000852772-18-000032.txt
INLAND LAND APPRECIATION FUND II LP,0000853496,10-K,2018-03-15,edgar/data/853496/0001193125-18-084004.txt
LANDSTAR SYSTEM INC,0000853816,10-K,2018-02-23,edgar/data/853816/0001193125-18-055528.txt
ROWAN COMPANIES PLC,0000085408,10-K,2018-02-28,edgar/data/85408/0000085408-18-000039.txt
"GREAT SOUTHERN BANCORP, INC.",0000854560,10-K,2018-03-06,edgar/data/854560/0000927089-18-000121.txt
ZIX CORP,0000855612,10-K,2018-03-07,edgar/data/855612/0001564590-18-004646.txt
IMMUNOGEN INC,0000855654,10-K,2018-03-07,edgar/data/855654/0001558370-18-001641.txt
LATTICE SEMICONDUCTOR CORP,0000855658,10-K,2018-03-14,edgar/data/855658/0000855658-18-000027.txt
COMMUNITY FINANCIAL CORP /MD/,0000855874,10-K,2018-03-12,edgar/data/855874/0001144204-18-014028.txt
MERIT MEDICAL SYSTEMS INC,0000856982,10-K,2018-03-01,edgar/data/856982/0000856982-18-000007.txt
"ICONIX BRAND GROUP, INC.",0000857737,10-K,2018-03-14,edgar/data/857737/0001564590-18-005651.txt
UNITED COMMUNITY BANKS INC,0000857855,10-K,2018-02-27,edgar/data/857855/0001144204-18-011220.txt
CAESARS ENTERTAINMENT Corp,0000858339,10-K,2018-03-08,edgar/data/858339/0000858339-18-000052.txt
CABOT OIL & GAS CORP,0000858470,10-K,2018-03-01,edgar/data/858470/0000858470-18-000006.txt
EMCLAIRE FINANCIAL CORP,0000858800,10-K,2018-03-21,edgar/data/858800/0001628280-18-003446.txt
FIRST COMMUNITY BANCSHARES INC /NV/,0000859070,10-K,2018-03-05,edgar/data/859070/0001437749-18-003938.txt
"BAY BANCORP, INC.",0000859222,10-K,2018-03-28,edgar/data/859222/0001558370-18-002486.txt
SEACOR HOLDINGS INC /NEW/,0000859598,10-K,2018-03-01,edgar/data/859598/0000859598-18-000018.txt
RYDER SYSTEM INC,0000085961,10-K,2018-02-20,edgar/data/85961/0000085961-18-000035.txt
FIRST INTERSTATE BANCSYSTEM INC,0000860413,10-K,2018-02-28,edgar/data/860413/0000860413-18-000029.txt
"China Grand Resorts, Inc.",0000860543,10-K,2018-01-17,edgar/data/860543/0001477932-18-000286.txt
"China Grand Resorts, Inc.",0000860543,10-K,2018-02-14,edgar/data/860543/0001477932-18-000863.txt
CORPORATE OFFICE PROPERTIES TRUST,0000860546,10-K,2018-02-16,edgar/data/860546/0000860546-18-000013.txt
"HCA Healthcare, Inc.",0000860730,10-K,2018-02-23,edgar/data/860730/0001193125-18-056057.txt
TYLER TECHNOLOGIES INC,0000860731,10-K,2018-02-21,edgar/data/860731/0000860731-18-000011.txt
KEMPER Corp,0000860748,10-K,2018-02-13,edgar/data/860748/0000860748-18-000045.txt
SAFEGUARD SCIENTIFICS INC,0000086115,10-K,2018-03-07,edgar/data/86115/0000086115-18-000035.txt
FUTURES PORTFOLIO FUND L.P.,0000861441,10-K,2018-03-20,edgar/data/861441/0001387131-18-001140.txt
GRANITE CONSTRUCTION INC,0000861459,10-K,2018-02-16,edgar/data/861459/0000861459-18-000008.txt
"IDERA PHARMACEUTICALS, INC.",0000861838,10-K,2018-03-07,edgar/data/861838/0001558370-18-001603.txt
CATHAY GENERAL BANCORP,0000861842,10-K,2018-03-01,edgar/data/861842/0001437749-18-003646.txt
STERICYCLE INC,0000861878,10-K,2018-02-26,edgar/data/861878/0001564590-18-003082.txt
RELIANCE STEEL & ALUMINUM CO,0000861884,10-K,2018-02-28,edgar/data/861884/0001558370-18-001275.txt
HUGOTON ROYALTY TRUST,0000862022,10-K,2018-03-12,edgar/data/862022/0001193125-18-079412.txt
CRYO CELL INTERNATIONAL INC,0000862692,10-K,2018-02-28,edgar/data/862692/0001193125-18-064199.txt
FINANCIAL INSTITUTIONS INC,0000862831,10-K,2018-03-14,edgar/data/862831/0001193125-18-081603.txt
ARTESIAN RESOURCES CORP,0000863110,10-K,2018-03-15,edgar/data/863110/0000863110-18-000005.txt
"TRAVELERS COMPANIES, INC.",0000086312,10-K,2018-02-15,edgar/data/86312/0001047469-18-000812.txt
BENCHMARK ELECTRONICS INC,0000863436,10-K,2018-03-01,edgar/data/863436/0000863436-18-000005.txt
VERU INC.,0000863894,10-K,2018-01-02,edgar/data/863894/0001562762-17-000231.txt
SYPRIS SOLUTIONS INC,0000864240,10-K,2018-03-20,edgar/data/864240/0001437749-18-005023.txt
TRIMBLE INC.,0000864749,10-K,2018-02-27,edgar/data/864749/0000864749-18-000010.txt
"ROYALE ENERGY FUNDS, INC",0000864839,10-K,2018-03-23,edgar/data/864839/0001185185-18-000493.txt
NATIONAL SECURITY GROUP INC,0000865058,10-K,2018-03-16,edgar/data/865058/0000865058-18-000006.txt
SAN DIEGO GAS & ELECTRIC CO,0000086521,10-K,2018-02-27,edgar/data/86521/0000086521-18-000019.txt
Monster Beverage Corp,0000865752,10-K,2018-03-01,edgar/data/865752/0001104659-18-014057.txt
"ORBITAL ATK, INC.",0000866121,10-K,2018-02-22,edgar/data/866121/0000866121-18-000014.txt
PS BUSINESS PARKS INC/CA,0000866368,10-K,2018-02-26,edgar/data/866368/0000866368-18-000005.txt
ION GEOPHYSICAL CORP,0000866609,10-K,2018-02-08,edgar/data/866609/0000866609-18-000006.txt
HELIX ENERGY SOLUTIONS GROUP INC,0000866829,10-K,2018-02-23,edgar/data/866829/0000866829-18-000004.txt
ELECTRONICS FOR IMAGING INC,0000867374,10-K,2018-03-16,edgar/data/867374/0001193125-18-084738.txt
ABRAXAS PETROLEUM CORP,0000867665,10-K,2018-03-16,edgar/data/867665/0000867665-18-000014.txt
SUNPOWER CORP,0000867773,10-K,2018-02-15,edgar/data/867773/0000867773-18-000016.txt
EVERFLOW EASTERN PARTNERS LP,0000868082,10-K,2018-03-27,edgar/data/868082/0001437749-18-005524.txt
SEVERN BANCORP INC,0000868271,10-K,2018-03-29,edgar/data/868271/0001140361-18-015686.txt
"ProPhase Labs, Inc.",0000868278,10-K,2018-03-28,edgar/data/868278/0001493152-18-004041.txt
GLACIER BANCORP INC,0000868671,10-K,2018-02-22,edgar/data/868671/0000868671-18-000020.txt
"Dorman Products, Inc.",0000868780,10-K,2018-02-27,edgar/data/868780/0001564590-18-003466.txt
DEEP WELL OIL & GAS INC,0000869495,10-K,2018-03-08,edgar/data/869495/0001213900-18-002720.txt
CAROLINA FINANCIAL CORP,0000870385,10-K,2018-03-16,edgar/data/870385/0001552781-18-000109.txt
SB PARTNERS,0000087047,10-K,2018-03-28,edgar/data/87047/0001437749-18-005707.txt
"Neonode, Inc",0000087050,10-K,2018-03-08,edgar/data/87050/0001213900-18-002697.txt
ManpowerGroup Inc.,0000871763,10-K,2018-02-23,edgar/data/871763/0000871763-18-000070.txt
PETROQUEST ENERGY INC,0000872248,10-K,2018-03-08,edgar/data/872248/0000872248-18-000014.txt
REGENERON PHARMACEUTICALS INC,0000872589,10-K,2018-02-08,edgar/data/872589/0001532176-18-000013.txt
"DELCATH SYSTEMS, INC.",0000872912,10-K,2018-03-16,edgar/data/872912/0001564590-18-005963.txt
RADISYS CORP,0000873044,10-K,2018-02-28,edgar/data/873044/0000873044-18-000025.txt
"Sarepta Therapeutics, Inc.",0000873303,10-K,2018-03-01,edgar/data/873303/0001564590-18-004107.txt
SCHLUMBERGER LIMITED/NV,0000087347,10-K,2018-01-24,edgar/data/87347/0001564590-18-000821.txt
MORGAN STANLEY SMITH BARNEY SPECTRUM SELECT LP,0000873799,10-K,2018-03-28,edgar/data/873799/0001193125-18-099028.txt
OCWEN FINANCIAL CORP,0000873860,10-K,2018-02-28,edgar/data/873860/0001628280-18-002495.txt
IONIS PHARMACEUTICALS INC,0000874015,10-K,2018-02-28,edgar/data/874015/0000874015-18-000047.txt
STERLING CONSTRUCTION CO INC,0000874238,10-K,2018-03-06,edgar/data/874238/0000874238-18-000022.txt
"LIFETIME BRANDS, INC",0000874396,10-K,2018-03-16,edgar/data/874396/0001193125-18-086046.txt
GULFPORT ENERGY CORP,0000874499,10-K,2018-02-22,edgar/data/874499/0001628280-18-002041.txt
AMBAC FINANCIAL GROUP INC,0000874501,10-K,2018-02-28,edgar/data/874501/0000874501-18-000027.txt
IDEXX LABORATORIES INC /DE,0000874716,10-K,2018-02-16,edgar/data/874716/0000874716-18-000005.txt
AES CORP,0000874761,10-K,2018-02-27,edgar/data/874761/0000874761-18-000014.txt
HARTFORD FINANCIAL SERVICES GROUP INC/DE,0000874766,10-K,2018-02-23,edgar/data/874766/0000874766-18-000011.txt
State Auto Financial CORP,0000874977,10-K,2018-02-28,edgar/data/874977/0000874977-18-000012.txt
BIOGEN INC.,0000875045,10-K,2018-02-01,edgar/data/875045/0000875045-18-000005.txt
XL GROUP LTD,0000875159,10-K,2018-02-23,edgar/data/875159/0000875159-18-000015.txt
VERTEX PHARMACEUTICALS INC / MA,0000875320,10-K,2018-02-15,edgar/data/875320/0000875320-18-000009.txt
INSIGNIA SYSTEMS INC/MN,0000875355,10-K,2018-03-15,edgar/data/875355/0001654954-18-002587.txt
BOK FINANCIAL CORP ET AL,0000875357,10-K,2018-02-27,edgar/data/875357/0000875357-18-000013.txt
BIOSPECIFICS TECHNOLOGIES CORP,0000875622,10-K,2018-03-14,edgar/data/875622/0001140361-18-013423.txt
ULTRALIFE CORP,0000875657,10-K,2018-02-08,edgar/data/875657/0001437749-18-001990.txt
PROGRESS SOFTWARE CORP /MA,0000876167,10-K,2018-01-26,edgar/data/876167/0000876167-18-000008.txt
BIOTIME INC,0000876343,10-K,2018-03-15,edgar/data/876343/0001493152-18-003416.txt
TRANSENTERIX INC.,0000876378,10-K,2018-03-08,edgar/data/876378/0001564590-18-004932.txt
MGIC INVESTMENT CORP,0000876437,10-K,2018-02-23,edgar/data/876437/0000876437-18-000009.txt
MDC PARTNERS INC,0000876883,10-K,2018-03-01,edgar/data/876883/0000876883-18-000007.txt
ZEBRA TECHNOLOGIES CORP,0000877212,10-K,2018-02-22,edgar/data/877212/0000877212-18-000011.txt
SpartanNash Co,0000877422,10-K,2018-02-26,edgar/data/877422/0001564590-18-003137.txt
NATIONAL HEALTH INVESTORS INC,0000877860,10-K,2018-02-16,edgar/data/877860/0000877860-18-000013.txt
CITRIX SYSTEMS INC,0000877890,10-K,2018-02-16,edgar/data/877890/0000877890-18-000025.txt
CHUGACH ELECTRIC ASSOCIATION INC,0000878004,10-K,2018-03-21,edgar/data/878004/0000878004-18-000003.txt
NATUS MEDICAL INC,0000878526,10-K,2018-03-01,edgar/data/878526/0000878526-18-000028.txt
WIRELESS TELECOM GROUP INC,0000878828,10-K,2018-03-12,edgar/data/878828/0000930413-18-000952.txt
OLD DOMINION FREIGHT LINE INC/VA,0000878927,10-K,2018-02-27,edgar/data/878927/0000878927-18-000005.txt
KIMCO REALTY CORP,0000879101,10-K,2018-02-23,edgar/data/879101/0001437749-18-003230.txt
INCYTE CORP,0000879169,10-K,2018-02-15,edgar/data/879169/0001558370-18-000722.txt
WABASH NATIONAL CORP /DE,0000879526,10-K,2018-02-28,edgar/data/879526/0001144204-18-011800.txt
TERRA NITROGEN CO L P /DE,0000879575,10-K,2018-02-22,edgar/data/879575/0000879575-18-000006.txt
"ATN International, Inc.",0000879585,10-K,2018-03-01,edgar/data/879585/0001558370-18-001408.txt
MID PENN BANCORP INC,0000879635,10-K,2018-03-13,edgar/data/879635/0001564590-18-005445.txt
"VIVEVE MEDICAL, INC.",0000879682,10-K,2018-03-16,edgar/data/879682/0001437749-18-004790.txt
"BIOLARGO, INC.",0000880242,10-K,2018-03-16,edgar/data/880242/0001437749-18-004890.txt
AGCO CORP /DE,0000880266,10-K,2018-02-28,edgar/data/880266/0000880266-18-000005.txt
ENBRIDGE ENERGY PARTNERS LP,0000880285,10-K,2018-02-16,edgar/data/880285/0000880285-18-000006.txt
CSB BANCORP INC /OH,0000880417,10-K,2018-03-16,edgar/data/880417/0001193125-18-085631.txt
"WisdomTree Investments, Inc.",0000880631,10-K,2018-03-01,edgar/data/880631/0001193125-18-066712.txt
EAGLE FINANCIAL SERVICES INC,0000880641,10-K,2018-03-15,edgar/data/880641/0000880641-18-000042.txt
"ACORN ENERGY, INC.",0000880984,10-K,2018-03-26,edgar/data/880984/0001493152-18-003884.txt
SEABOARD CORP /DE/,0000088121,10-K,2018-02-21,edgar/data/88121/0000088121-18-000012.txt
PRUDENTIAL ANNUITIES LIFE ASSURANCE CORP/CT,0000881453,10-K,2018-03-08,edgar/data/881453/0000881453-18-000008.txt
VIVUS INC,0000881524,10-K,2018-03-14,edgar/data/881524/0001558370-18-002019.txt
CROSS TIMBERS ROYALTY TRUST,0000881787,10-K,2018-03-12,edgar/data/881787/0001193125-18-079455.txt
Avery Dennison Corp,0000008818,10-K,2018-02-21,edgar/data/8818/0001047469-18-000931.txt
SPX CORP,0000088205,10-K,2018-02-21,edgar/data/88205/0000088205-18-000002.txt
GILEAD SCIENCES INC,0000882095,10-K,2018-02-27,edgar/data/882095/0000882095-18-000008.txt
"PDL BIOPHARMA, INC.",0000882104,10-K,2018-03-16,edgar/data/882104/0000882104-18-000012.txt
QUICKLOGIC CORPORATION,0000882508,10-K,2018-03-09,edgar/data/882508/0000882508-18-000005.txt
BIOCRYST PHARMACEUTICALS INC,0000882796,10-K,2018-03-12,edgar/data/882796/0001171843-18-001855.txt
ROPER TECHNOLOGIES INC,0000882835,10-K,2018-02-23,edgar/data/882835/0000882835-18-000011.txt
NANOPHASE TECHNOLOGIES Corp,0000883107,10-K,2018-03-30,edgar/data/883107/0001387131-18-001319.txt
"VIRTUS INVESTMENT PARTNERS, INC.",0000883237,10-K,2018-02-27,edgar/data/883237/0000883237-18-000026.txt
"Fossil Group, Inc.",0000883569,10-K,2018-03-02,edgar/data/883569/0000883569-18-000010.txt
CHRISTOPHER & BANKS CORP,0000883943,10-K,2018-03-09,edgar/data/883943/0000883943-18-000018.txt
USA TRUCK INC,0000883945,10-K,2018-02-28,edgar/data/883945/0001437749-18-003536.txt
Union Bankshares Corp,0000883948,10-K,2018-02-27,edgar/data/883948/0000883948-18-000047.txt
FIRST DATA CORP,0000883980,10-K,2018-02-21,edgar/data/883980/0000883980-18-000006.txt
ICU MEDICAL INC/DE,0000883984,10-K,2018-03-16,edgar/data/883984/0000883984-18-000010.txt
ASURE SOFTWARE INC,0000884144,10-K,2018-03-16,edgar/data/884144/0001185185-18-000448.txt
TAILORED BRANDS INC,0000884217,10-K,2018-03-30,edgar/data/884217/0001558370-18-002583.txt
VIAD CORP,0000884219,10-K,2018-02-28,edgar/data/884219/0001564590-18-003850.txt
ALPHA PRO TECH LTD,0000884269,10-K,2018-03-12,edgar/data/884269/0001437749-18-004389.txt
"EVOLUTIONARY GENOMICS, INC.",0000884363,10-K,2018-03-05,edgar/data/884363/0001553350-18-000184.txt
ORTHOFIX INTERNATIONAL N V,0000884624,10-K,2018-02-26,edgar/data/884624/0001564590-18-003256.txt
COTT CORP /CN/,0000884713,10-K,2018-02-28,edgar/data/884713/0001193125-18-064134.txt
ROYAL CARIBBEAN CRUISES LTD,0000884887,10-K,2018-02-21,edgar/data/884887/0000884887-18-000017.txt
PRAXAIR INC,0000884905,10-K,2018-02-28,edgar/data/884905/0000884905-18-000014.txt
WILSON BANK HOLDING CO,0000885275,10-K,2018-03-09,edgar/data/885275/0001628280-18-002973.txt
"GULF RESOURCES, INC.",0000885462,10-K,2018-03-16,edgar/data/885462/0001193805-18-000422.txt
STRATUS PROPERTIES INC,0000885508,10-K,2018-03-16,edgar/data/885508/0000885508-18-000011.txt
CREDIT ACCEPTANCE CORP,0000885550,10-K,2018-02-09,edgar/data/885550/0000885550-18-000014.txt
OLD DOMINION ELECTRIC COOPERATIVE,0000885568,10-K,2018-03-14,edgar/data/885568/0001564590-18-005585.txt
"Valeant Pharmaceuticals International, Inc.",0000885590,10-K,2018-02-28,edgar/data/885590/0000885590-18-000017.txt
KOHLS Corp,0000885639,10-K,2018-03-23,edgar/data/885639/0001564590-18-006671.txt
BOSTON SCIENTIFIC CORP,0000885725,10-K,2018-02-20,edgar/data/885725/0000885725-18-000010.txt
SECURITY LAND & DEVELOPMENT CORP,0000088572,10-K,2018-01-11,edgar/data/88572/0001003297-18-000002.txt
CINEMARK USA INC /TX,0000885975,10-K,2018-03-02,edgar/data/885975/0001564590-18-004233.txt
U S PHYSICAL THERAPY INC /NV,0000885978,10-K,2018-03-14,edgar/data/885978/0001140361-18-013378.txt
GENERAL CABLE CORP /DE/,0000886035,10-K,2018-02-28,edgar/data/886035/0000886035-18-000020.txt
FUELCELL ENERGY INC,0000886128,10-K,2018-01-11,edgar/data/886128/0001564590-18-000401.txt
SAGA COMMUNICATIONS INC,0000886136,10-K,2018-03-13,edgar/data/886136/0001144204-18-014378.txt
LIGAND PHARMACEUTICALS INC,0000886163,10-K,2018-03-01,edgar/data/886163/0000886163-18-000030.txt
UNIVERSAL HOSPITAL SERVICES INC,0000886171,10-K,2018-03-12,edgar/data/886171/0000886171-18-000005.txt
KADANT INC,0000886346,10-K,2018-02-27,edgar/data/886346/0000886346-18-000018.txt
GERON CORP,0000886744,10-K,2018-03-16,edgar/data/886744/0001564590-18-006051.txt
SUPERIOR ENERGY SERVICES INC,0000886835,10-K,2018-02-22,edgar/data/886835/0000886835-18-000003.txt
AVON PRODUCTS INC,0000008868,10-K,2018-02-22,edgar/data/8868/0000008868-18-000013.txt
GOLDMAN SACHS GROUP INC,0000886982,10-K,2018-02-26,edgar/data/886982/0001193125-18-056383.txt
Capstone Therapeutics Corp.,0000887151,10-K,2018-02-28,edgar/data/887151/0001171843-18-001546.txt
Adamis Pharmaceuticals Corp,0000887247,10-K,2018-03-16,edgar/data/887247/0001387131-18-001080.txt
COLUMBIA BANKING SYSTEM INC,0000887343,10-K,2018-03-01,edgar/data/887343/0000887343-18-000041.txt
Vericel Corp,0000887359,10-K,2018-03-05,edgar/data/887359/0001628280-18-002753.txt
CHEESECAKE FACTORY INC,0000887596,10-K,2018-02-28,edgar/data/887596/0001104659-18-013503.txt
LTC PROPERTIES INC,0000887905,10-K,2018-03-01,edgar/data/887905/0001558370-18-001403.txt
INTRICON CORP,0000088790,10-K,2018-03-13,edgar/data/88790/0000897101-18-000246.txt
PREMIER FINANCIAL BANCORP INC,0000887919,10-K,2018-03-16,edgar/data/887919/0000887919-18-000007.txt
REVLON INC /DE/,0000887921,10-K,2018-03-15,edgar/data/887921/0000887921-18-000003.txt
FTI CONSULTING INC,0000887936,10-K,2018-02-22,edgar/data/887936/0000887936-18-000005.txt
NESTOR PARTNERS,0000888471,10-K,2018-03-29,edgar/data/888471/0001615774-18-002179.txt
OMEGA HEALTHCARE INVESTORS INC,0000888491,10-K,2018-02-23,edgar/data/888491/0001144204-18-010511.txt
NOCOPI TECHNOLOGIES INC/MD/,0000888981,10-K,2018-03-29,edgar/data/888981/0001553350-18-000254.txt
LITTELFUSE INC /DE,0000889331,10-K,2018-02-23,edgar/data/889331/0001437749-18-003245.txt
CPI AEROSTRUCTURES INC,0000889348,10-K,2018-03-22,edgar/data/889348/0001387131-18-001191.txt
SEMTECH CORP,0000088941,10-K,2018-03-22,edgar/data/88941/0001628280-18-003489.txt
CONSUMER PORTFOLIO SERVICES INC,0000889609,10-K,2018-03-07,edgar/data/889609/0001683168-18-000610.txt
PATTERSON UTI ENERGY INC,0000889900,10-K,2018-02-20,edgar/data/889900/0001564590-18-002481.txt
TAUBMAN CENTERS INC,0000890319,10-K,2018-02-27,edgar/data/890319/0000890319-18-000027.txt
"MoSys, Inc.",0000890394,10-K,2018-03-12,edgar/data/890394/0001558370-18-001892.txt
Vertex Energy Inc.,0000890447,10-K,2018-03-07,edgar/data/890447/0001628280-18-002827.txt
REVLON CONSUMER PRODUCTS CORP,0000890547,10-K,2018-03-16,edgar/data/890547/0000890547-18-000002.txt
ON ASSIGNMENT INC,0000890564,10-K,2018-03-01,edgar/data/890564/0000890564-18-000022.txt
SERVICE CORP INTERNATIONAL,0000089089,10-K,2018-02-14,edgar/data/89089/0000089089-18-000006.txt
RADIAN GROUP INC,0000890926,10-K,2018-02-28,edgar/data/890926/0000890926-18-000011.txt
MINERALS TECHNOLOGIES INC,0000891014,10-K,2018-02-16,edgar/data/891014/0001140361-18-008762.txt
IAC/INTERACTIVECORP,0000891103,10-K,2018-03-01,edgar/data/891103/0000891103-18-000003.txt
"UNIVERSAL INSURANCE HOLDINGS, INC.",0000891166,10-K,2018-02-23,edgar/data/891166/0001564590-18-003039.txt
CTI BIOPHARMA CORP,0000891293,10-K,2018-03-07,edgar/data/891293/0000891293-18-000043.txt
SERVOTRONICS INC /DE/,0000089140,10-K,2018-03-23,edgar/data/89140/0001144204-18-016698.txt
FULL HOUSE RESORTS INC,0000891482,10-K,2018-03-08,edgar/data/891482/0000891482-18-000010.txt
PERMA FIX ENVIRONMENTAL SERVICES INC,0000891532,10-K,2018-03-16,edgar/data/891532/0001493152-18-003480.txt
"CRAFT BREW ALLIANCE, INC.",0000892222,10-K,2018-03-07,edgar/data/892222/0000892222-18-000031.txt
Qumu Corp,0000892482,10-K,2018-03-23,edgar/data/892482/0000892482-18-000015.txt
MANTECH INTERNATIONAL CORP,0000892537,10-K,2018-02-23,edgar/data/892537/0000892537-18-000014.txt
CHART INDUSTRIES INC,0000892553,10-K,2018-02-22,edgar/data/892553/0000892553-18-000039.txt
SANDSTON CORP,0000892832,10-K,2018-03-27,edgar/data/892832/0001144204-18-017126.txt
SM Energy Co,0000893538,10-K,2018-02-21,edgar/data/893538/0000893538-18-000005.txt
MASONITE INTERNATIONAL CORP,0000893691,10-K,2018-02-27,edgar/data/893691/0000893691-18-000007.txt
"HAWTHORN BANCSHARES, INC.",0000893847,10-K,2018-03-16,edgar/data/893847/0001144204-18-015213.txt
"MEDNAX, INC.",0000893949,10-K,2018-02-14,edgar/data/893949/0001193125-18-045748.txt
CAPITAL AUTO RECEIVABLES LLC,0000893958,10-K,2018-03-28,edgar/data/893958/0001592264-18-000014.txt
CAPITAL AUTO RECEIVABLES LLC,0000893958,10-K,2018-03-28,edgar/data/893958/0001597032-18-000009.txt
CAPITAL AUTO RECEIVABLES LLC,0000893958,10-K,2018-03-28,edgar/data/893958/0001605435-18-000011.txt
CAPITAL AUTO RECEIVABLES LLC,0000893958,10-K,2018-03-28,edgar/data/893958/0001617626-18-000012.txt
CAPITAL AUTO RECEIVABLES LLC,0000893958,10-K,2018-03-28,edgar/data/893958/0001630924-18-000010.txt
CAPITAL AUTO RECEIVABLES LLC,0000893958,10-K,2018-03-28,edgar/data/893958/0001641832-18-000010.txt
CAPITAL AUTO RECEIVABLES LLC,0000893958,10-K,2018-03-28,edgar/data/893958/0001649616-18-000015.txt
CAPITAL AUTO RECEIVABLES LLC,0000893958,10-K,2018-03-28,edgar/data/893958/0001654785-18-000010.txt
CAPITAL AUTO RECEIVABLES LLC,0000893958,10-K,2018-03-28,edgar/data/893958/0001668186-18-000012.txt
CAPITAL AUTO RECEIVABLES LLC,0000893958,10-K,2018-03-28,edgar/data/893958/0001678617-18-000011.txt
CAPITAL AUTO RECEIVABLES LLC,0000893958,10-K,2018-03-28,edgar/data/893958/0001683001-18-000011.txt
"Air Transport Services Group, Inc.",0000894081,10-K,2018-03-01,edgar/data/894081/0000894081-18-000040.txt
"Synthetic Biologics, Inc.",0000894158,10-K,2018-02-22,edgar/data/894158/0001144204-18-010286.txt
COGENTIX MEDICAL INC /DE/,0000894237,10-K,2018-03-30,edgar/data/894237/0001140361-18-016156.txt
AEI NET LEASE INCOME & GROWTH FUND XX LIMITED PARTNERSHIP,0000894245,10-K,2018-03-30,edgar/data/894245/0001326321-18-000003.txt
DDR CORP,0000894315,10-K,2018-02-26,edgar/data/894315/0001564590-18-003200.txt
DISCOVER CARD MASTER TRUST I,0000894329,10-K,2018-03-22,edgar/data/894329/0001193125-18-091989.txt
MUELLER INDUSTRIES INC,0000089439,10-K,2018-02-28,edgar/data/89439/0000089439-18-000010.txt
ARCBEST CORP /DE/,0000894405,10-K,2018-02-28,edgar/data/894405/0001558370-18-001312.txt
VAALCO ENERGY INC /DE/,0000894627,10-K,2018-03-07,edgar/data/894627/0000894627-18-000013.txt
OHIO VALLEY BANC CORP,0000894671,10-K,2018-03-16,edgar/data/894671/0000894671-18-000011.txt
"CASI Pharmaceuticals, Inc.",0000895051,10-K,2018-03-29,edgar/data/895051/0001144204-18-017897.txt
CHESAPEAKE ENERGY CORP,0000895126,10-K,2018-02-22,edgar/data/895126/0000895126-18-000060.txt
EQUITY LIFESTYLE PROPERTIES INC,0000895417,10-K,2018-02-28,edgar/data/895417/0000895417-18-000011.txt
MORGAN STANLEY,0000895421,10-K,2018-02-27,edgar/data/895421/0001193125-18-060831.txt
"ROCKY BRANDS, INC.",0000895456,10-K,2018-03-12,edgar/data/895456/0000895456-18-000011.txt
SUPERCONDUCTOR TECHNOLOGIES INC,0000895665,10-K,2018-03-23,edgar/data/895665/0001193125-18-094362.txt
ENBRIDGE INC,0000895728,10-K,2018-02-16,edgar/data/895728/0000895728-18-000008.txt
Chubb Ltd,0000896159,10-K,2018-02-23,edgar/data/896159/0000896159-18-000002.txt
AMEDISYS INC,0000896262,10-K,2018-02-28,edgar/data/896262/0001628280-18-002423.txt
USANA HEALTH SCIENCES INC,0000896264,10-K,2018-02-28,edgar/data/896264/0001047469-18-001146.txt
APTARGROUP INC,0000896622,10-K,2018-02-26,edgar/data/896622/0001558370-18-001077.txt
"AVID TECHNOLOGY, INC.",0000896841,10-K,2018-03-16,edgar/data/896841/0000896841-18-000036.txt
ALAMO GROUP INC,0000897077,10-K,2018-03-01,edgar/data/897077/0000897077-18-000010.txt
CHICOS FAS INC,0000897429,10-K,2018-03-13,edgar/data/897429/0000897429-18-000043.txt
AMARIN CORP PLC\UK,0000897448,10-K,2018-02-27,edgar/data/897448/0001564590-18-003389.txt
SHERWIN WILLIAMS CO,0000089800,10-K,2018-02-23,edgar/data/89800/0000089800-18-000004.txt
UWHARRIE CAPITAL CORP,0000898171,10-K,2018-02-28,edgar/data/898171/0001564590-18-003843.txt
O REILLY AUTOMOTIVE INC,0000898173,10-K,2018-02-28,edgar/data/898173/0000898173-18-000077.txt
REINSURANCE GROUP OF AMERICA INC,0000898174,10-K,2018-02-27,edgar/data/898174/0000898174-18-000006.txt
"Anika Therapeutics, Inc.",0000898437,10-K,2018-02-27,edgar/data/898437/0001171843-18-001450.txt
LAMAR MEDIA CORP/DE,0000899045,10-K,2018-02-27,edgar/data/899045/0001564590-18-003444.txt
ALLSTATE CORP,0000899051,10-K,2018-02-26,edgar/data/899051/0000899051-18-000007.txt
MANNKIND CORP,0000899460,10-K,2018-02-27,edgar/data/899460/0001564590-18-003510.txt
ACADIA REALTY TRUST,0000899629,10-K,2018-02-27,edgar/data/899629/0000899629-18-000008.txt
VORNADO REALTY TRUST,0000899689,10-K,2018-02-12,edgar/data/899689/0000899689-18-000009.txt
TANGER FACTORY OUTLET CENTERS INC,0000899715,10-K,2018-02-22,edgar/data/899715/0000899715-18-000070.txt
HEALTHCARE REALTY TRUST INC,0000899749,10-K,2018-02-14,edgar/data/899749/0000899749-18-000018.txt
TITAN INTERNATIONAL INC,0000899751,10-K,2018-02-23,edgar/data/899751/0000899751-18-000008.txt
ALEXION PHARMACEUTICALS INC,0000899866,10-K,2018-02-08,edgar/data/899866/0000899866-18-000022.txt
SIERRA PACIFIC POWER CO,0000090144,10-K,2018-02-26,edgar/data/90144/0001081316-18-000014.txt
PAPA JOHNS INTERNATIONAL INC,0000901491,10-K,2018-02-27,edgar/data/901491/0001558370-18-001176.txt
LIBBEY INC,0000902274,10-K,2018-03-01,edgar/data/902274/0000902274-18-000027.txt
"NBCUniversal Media, LLC",0000902739,10-K,2018-01-31,edgar/data/902739/0001166691-18-000004.txt
BARRETT BUSINESS SERVICES INC,0000902791,10-K,2018-03-06,edgar/data/902791/0001564590-18-004568.txt
GENTHERM Inc,0000903129,10-K,2018-02-23,edgar/data/903129/0001564590-18-003000.txt
INNODATA INC,0000903651,10-K,2018-03-22,edgar/data/903651/0001144204-18-016374.txt
STONE ENERGY CORP,0000904080,10-K,2018-03-09,edgar/data/904080/0000904080-18-000011.txt
AMERICAN NATIONAL INSURANCE CO /TX/,0000904163,10-K,2018-02-28,edgar/data/904163/0001193125-18-064370.txt
SHILOH INDUSTRIES INC,0000904979,10-K,2018-01-05,edgar/data/904979/0000904979-18-000006.txt
SIMMONS FIRST NATIONAL CORP,0000090498,10-K,2018-02-28,edgar/data/90498/0001171843-18-001548.txt
EQUITY RESIDENTIAL,0000906107,10-K,2018-02-22,edgar/data/906107/0001564590-18-002873.txt
NVR INC,0000906163,10-K,2018-02-14,edgar/data/906163/0000906163-18-000007.txt
CAMDEN PROPERTY TRUST,0000906345,10-K,2018-02-16,edgar/data/906345/0000906345-18-000007.txt
QCR HOLDINGS INC,0000906465,10-K,2018-03-12,edgar/data/906465/0001437749-18-004380.txt
BOYD GAMING CORP,0000906553,10-K,2018-02-26,edgar/data/906553/0000906553-18-000011.txt
NEKTAR THERAPEUTICS,0000906709,10-K,2018-03-01,edgar/data/906709/0001564590-18-004105.txt
EMPIRE RESORTS INC,0000906780,10-K,2018-03-19,edgar/data/906780/0000906780-18-000004.txt
MONARCH CASINO & RESORT INC,0000907242,10-K,2018-03-14,edgar/data/907242/0001558370-18-002048.txt
SAUL CENTERS INC,0000907254,10-K,2018-02-27,edgar/data/907254/0000907254-18-000017.txt
"ARCA biopharma, Inc.",0000907654,10-K,2018-03-22,edgar/data/907654/0001564590-18-006566.txt
BORGWARNER INC,0000908255,10-K,2018-02-08,edgar/data/908255/0000908255-18-000017.txt
CIM Commercial Trust Corp,0000908311,10-K,2018-03-12,edgar/data/908311/0001628280-18-003095.txt
WINMARK CORP,0000908315,10-K,2018-03-09,edgar/data/908315/0000908315-18-000009.txt
SIRIUS XM HOLDINGS INC.,0000908937,10-K,2018-01-31,edgar/data/908937/0000908937-18-000014.txt
DIAMOND HILL INVESTMENT GROUP INC,0000909108,10-K,2018-02-22,edgar/data/909108/0000909108-18-000019.txt
BADGER METER INC,0000009092,10-K,2018-03-01,edgar/data/9092/0000009092-18-000002.txt
TUCOWS INC /PA/,0000909494,10-K,2018-03-06,edgar/data/909494/0001437749-18-004044.txt
TANDY LEATHER FACTORY INC,0000909724,10-K,2018-03-08,edgar/data/909724/0000909724-18-000005.txt
NEW YORK COMMUNITY BANCORP INC,0000910073,10-K,2018-03-02,edgar/data/910073/0001193125-18-068029.txt
LEXINGTON REALTY TRUST,0000910108,10-K,2018-02-27,edgar/data/910108/0001444838-18-000006.txt
MEDIFAST INC,0000910329,10-K,2018-03-16,edgar/data/910329/0001144204-18-015288.txt
CAMPBELL STRATEGIC ALLOCATION FUND LP,0000910467,10-K,2018-03-29,edgar/data/910467/0001140361-18-015905.txt
REGENCY CENTERS CORP,0000910606,10-K,2018-02-27,edgar/data/910606/0000910606-18-000010.txt
CBL & ASSOCIATES PROPERTIES INC,0000910612,10-K,2018-03-01,edgar/data/910612/0000910612-18-000012.txt
3D SYSTEMS CORP,0000910638,10-K,2018-03-14,edgar/data/910638/0000910638-18-000006.txt
MOBILE MINI INC,0000911109,10-K,2018-02-05,edgar/data/911109/0001564590-18-001284.txt
CENTURY CASINOS INC /CO/,0000911147,10-K,2018-03-09,edgar/data/911147/0000911147-18-000007.txt
CADUS CORP,0000911148,10-K,2018-03-12,edgar/data/911148/0001144204-18-014128.txt
CASELLA WASTE SYSTEMS INC,0000911177,10-K,2018-03-02,edgar/data/911177/0000911177-18-000007.txt
SMITH A O CORP,0000091142,10-K,2018-02-16,edgar/data/91142/0001193125-18-048314.txt
STANDARD DIVERSIFIED OPPORTUNITIES INC.,0000911649,10-K,2018-03-12,edgar/data/911649/0001140361-18-013080.txt
NATURAL HEALTH TRENDS CORP,0000912061,10-K,2018-03-27,edgar/data/912061/0000912061-18-000015.txt
MACERICH CO,0000912242,10-K,2018-02-23,edgar/data/912242/0000912242-18-000004.txt
GUESS INC,0000912463,10-K,2018-03-29,edgar/data/912463/0000912463-18-000025.txt
"GIBRALTAR INDUSTRIES, INC.",0000912562,10-K,2018-02-27,edgar/data/912562/0000912562-18-000006.txt
SUN COMMUNITIES INC,0000912593,10-K,2018-02-22,edgar/data/912593/0000912593-18-000049.txt
MID AMERICA APARTMENT COMMUNITIES INC,0000912595,10-K,2018-02-23,edgar/data/912595/0000912595-18-000011.txt
FORWARD AIR CORP,0000912728,10-K,2018-02-23,edgar/data/912728/0000912728-18-000051.txt
NEWFIELD EXPLORATION CO /DE/,0000912750,10-K,2018-02-20,edgar/data/912750/0000912750-18-000004.txt
SINCLAIR BROADCAST GROUP INC,0000912752,10-K,2018-03-01,edgar/data/912752/0000912752-18-000006.txt
"LAUREATE EDUCATION, INC.",0000912766,10-K,2018-03-20,edgar/data/912766/0001047469-18-001893.txt
UNIVERSAL FOREST PRODUCTS INC,0000912767,10-K,2018-02-28,edgar/data/912767/0001558370-18-001251.txt
BELDEN INC.,0000913142,10-K,2018-02-13,edgar/data/913142/0000913142-18-000006.txt
RENAISSANCERE HOLDINGS LTD,0000913144,10-K,2018-02-09,edgar/data/913144/0001628280-18-001312.txt
"STEVEN MADDEN, LTD.",0000913241,10-K,2018-03-01,edgar/data/913241/0001628280-18-002589.txt
Clarus Corp,0000913277,10-K,2018-03-12,edgar/data/913277/0001144204-18-014109.txt
C & F FINANCIAL CORP,0000913341,10-K,2018-03-08,edgar/data/913341/0001558370-18-001702.txt
PARKERVISION INC,0000914139,10-K,2018-03-29,edgar/data/914139/0000914139-18-000010.txt
UFP TECHNOLOGIES INC,0000914156,10-K,2018-03-16,edgar/data/914156/0001171843-18-002024.txt
Invesco Ltd.,0000914208,10-K,2018-02-23,edgar/data/914208/0000914208-18-000255.txt
SNAP-ON Inc,0000091440,10-K,2018-02-15,edgar/data/91440/0001193125-18-047130.txt
NEUROCRINE BIOSCIENCES INC,0000914475,10-K,2018-02-13,edgar/data/914475/0001193125-18-042794.txt
TRANS WORLD CORP,0000914577,10-K,2018-03-28,edgar/data/914577/0001558370-18-002457.txt
MORGAN STANLEY SMITH BARNEY CHARTER ASPECT L.P.,0000914747,10-K,2018-03-28,edgar/data/914747/0001193125-18-099160.txt
EVEREST REINSURANCE HOLDINGS INC,0000914748,10-K,2018-03-30,edgar/data/914748/0000914748-18-000005.txt
CBL & ASSOCIATES LIMITED PARTNERSHIP,0000915140,10-K,2018-03-01,edgar/data/915140/0000910612-18-000012.txt
EASTMAN CHEMICAL CO,0000915389,10-K,2018-03-01,edgar/data/915389/0000915389-18-000016.txt
KEYCORP /NEW/,0000091576,10-K,2018-02-26,edgar/data/91576/0000091576-18-000011.txt
DSP GROUP INC /DE/,0000915778,10-K,2018-03-16,edgar/data/915778/0001437749-18-004874.txt
AVALONBAY COMMUNITIES INC,0000915912,10-K,2018-02-23,edgar/data/915912/0000915912-18-000004.txt
ALBEMARLE CORP,0000915913,10-K,2018-02-28,edgar/data/915913/0000915913-18-000005.txt
MARTIN MARIETTA MATERIALS INC,0000916076,10-K,2018-02-23,edgar/data/916076/0001193125-18-055887.txt
TRACTOR SUPPLY CO /DE/,0000916365,10-K,2018-02-22,edgar/data/916365/0000916365-18-000031.txt
CALPINE CORP,0000916457,10-K,2018-02-16,edgar/data/916457/0000916457-18-000007.txt
AROTECH CORP,0000916529,10-K,2018-03-15,edgar/data/916529/0001185185-18-000434.txt
DARLING INGREDIENTS INC.,0000916540,10-K,2018-02-27,edgar/data/916540/0000916540-18-000007.txt
SOLITARIO ZINC CORP.,0000917225,10-K,2018-03-14,edgar/data/917225/0000917225-18-000006.txt
AGREE REALTY CORP,0000917251,10-K,2018-02-22,edgar/data/917251/0001144204-18-010250.txt
RAMBUS INC,0000917273,10-K,2018-02-23,edgar/data/917273/0000917273-18-000007.txt
OLYMPIC STEEL INC,0000917470,10-K,2018-03-02,edgar/data/917470/0001437749-18-003787.txt
FARO TECHNOLOGIES INC,0000917491,10-K,2018-02-21,edgar/data/917491/0000917491-18-000007.txt
INTEGRA LIFESCIENCES HOLDINGS CORP,0000917520,10-K,2018-03-01,edgar/data/917520/0000917520-18-000012.txt
"Revolution Lighting Technologies, Inc.",0000917523,10-K,2018-03-08,edgar/data/917523/0001193125-18-074202.txt
SONOCO PRODUCTS CO,0000091767,10-K,2018-02-28,edgar/data/91767/0001193125-18-063468.txt
AK STEEL HOLDING CORP,0000918160,10-K,2018-02-15,edgar/data/918160/0000918160-18-000065.txt
Gaming Partners International CORP,0000918580,10-K,2018-03-23,edgar/data/918580/0001144204-18-016562.txt
SOUTH CAROLINA ELECTRIC & GAS CO,0000091882,10-K,2018-02-23,edgar/data/91882/0000754737-18-000115.txt
AMERICAN EAGLE OUTFITTERS INC,0000919012,10-K,2018-03-16,edgar/data/919012/0001564590-18-006045.txt
"Sugarmade, Inc.",0000919175,10-K,2018-03-19,edgar/data/919175/0001520138-18-000033.txt
SOUTH JERSEY INDUSTRIES INC,0000091928,10-K,2018-02-26,edgar/data/91928/0000091928-18-000034.txt
NORTHWEST INDIANA BANCORP,0000919864,10-K,2018-02-20,edgar/data/919864/0001144204-18-009708.txt
"Diversicare Healthcare Services, Inc.",0000919956,10-K,2018-03-01,edgar/data/919956/0000919956-18-000015.txt
HEARTLAND FINANCIAL USA INC,0000920112,10-K,2018-02-28,edgar/data/920112/0000920112-18-000076.txt
LABORATORY CORP OF AMERICA HOLDINGS,0000920148,10-K,2018-02-27,edgar/data/920148/0000920148-18-000024.txt
SIMPSON MANUFACTURING CO INC /CA/,0000920371,10-K,2018-03-01,edgar/data/920371/0000920371-18-000051.txt
"INVESTMENT TECHNOLOGY GROUP, INC.",0000920424,10-K,2018-03-01,edgar/data/920424/0001558370-18-001321.txt
UNITY BANCORP INC /NJ/,0000920427,10-K,2018-03-02,edgar/data/920427/0000920427-18-000036.txt
LA JOLLA PHARMACEUTICAL CO,0000920465,10-K,2018-02-22,edgar/data/920465/0000920465-18-000007.txt
ESSEX PROPERTY TRUST INC,0000920522,10-K,2018-02-22,edgar/data/920522/0000920522-18-000011.txt
LENNAR CORP /NEW/,0000920760,10-K,2018-01-25,edgar/data/920760/0001628280-18-000562.txt
SOUTHERN CALIFORNIA EDISON CO,0000092103,10-K,2018-02-22,edgar/data/92103/0000827052-18-000046.txt
HIGHWOODS PROPERTIES INC,0000921082,10-K,2018-02-06,edgar/data/921082/0000921082-18-000009.txt
SOUTHERN CALIFORNIA GAS CO,0000092108,10-K,2018-02-27,edgar/data/92108/0000086521-18-000019.txt
LIBERTY PROPERTY TRUST,0000921112,10-K,2018-03-01,edgar/data/921112/0001628280-18-002551.txt
LIBERTY PROPERTY LIMITED PARTNERSHIP,0000921113,10-K,2018-03-01,edgar/data/921113/0001628280-18-002551.txt
AmpliPhi Biosciences Corp,0000921114,10-K,2018-03-14,edgar/data/921114/0001144204-18-014652.txt
Golden State Water CO,0000092116,10-K,2018-02-26,edgar/data/92116/0001056903-18-000006.txt
HMN FINANCIAL INC,0000921183,10-K,2018-03-09,edgar/data/921183/0001437749-18-004302.txt
SOUTHERN CO,0000092122,10-K,2018-02-21,edgar/data/92122/0000092122-18-000012.txt
FIBROGEN INC,0000921299,10-K,2018-02-27,edgar/data/921299/0001564590-18-003508.txt
REPUBLIC BANCORP INC /KY/,0000921557,10-K,2018-03-09,edgar/data/921557/0001558370-18-001768.txt
IMAX CORP,0000921582,10-K,2018-02-27,edgar/data/921582/0001193125-18-061184.txt
PENN NATIONAL GAMING INC,0000921738,10-K,2018-03-01,edgar/data/921738/0001558370-18-001376.txt
FIRST INDUSTRIAL REALTY TRUST INC,0000921825,10-K,2018-02-26,edgar/data/921825/0000921825-18-000003.txt
CITIBANK CREDIT CARD MASTER TRUST I,0000921864,10-K,2018-03-30,edgar/data/921864/0001193125-18-103221.txt
PPL Corp,0000922224,10-K,2018-02-22,edgar/data/922224/0000922224-18-000023.txt
BB&T CORP,0000092230,10-K,2018-02-21,edgar/data/92230/0000092230-18-000021.txt
ERIE INDEMNITY CO,0000922621,10-K,2018-02-22,edgar/data/922621/0000922621-18-000016.txt
APARTMENT INVESTMENT & MANAGEMENT CO,0000922864,10-K,2018-03-01,edgar/data/922864/0000922864-18-000006.txt
CAPITAL ONE MASTER TRUST,0000922869,10-K,2018-03-30,edgar/data/922869/0001193125-18-103167.txt
FLUSHING FINANCIAL CORP,0000923139,10-K,2018-03-01,edgar/data/923139/0001171843-18-001607.txt
GEO GROUP INC,0000923796,10-K,2018-02-26,edgar/data/923796/0001193125-18-058566.txt
SOUTHWEST AIRLINES CO,0000092380,10-K,2018-02-07,edgar/data/92380/0000092380-18-000031.txt
"ENERGY FOCUS, INC/DE",0000924168,10-K,2018-02-22,edgar/data/924168/0000924168-18-000008.txt
SOUTHWEST GAS CORP,0000092416,10-K,2018-02-28,edgar/data/92416/0001193125-18-063850.txt
SMITH MIDLAND CORP,0000924719,10-K,2018-03-29,edgar/data/924719/0000924719-18-000004.txt
MILLER INDUSTRIES INC /TN/,0000924822,10-K,2018-03-07,edgar/data/924822/0001144204-18-013387.txt
SOUTHWESTERN ELECTRIC POWER CO,0000092487,10-K,2018-02-23,edgar/data/92487/0000004904-18-000009.txt
MACK CALI REALTY CORP,0000924901,10-K,2018-02-21,edgar/data/924901/0001104659-18-011118.txt
SOUTHWESTERN PUBLIC SERVICE CO,0000092521,10-K,2018-02-23,edgar/data/92521/0000092521-18-000003.txt
MORGAN STANLEY SMITH BARNEY SPECTRUM STRATEGIC LP,0000925263,10-K,2018-03-28,edgar/data/925263/0001193125-18-099172.txt
HUDSON TECHNOLOGIES INC /NY,0000925528,10-K,2018-03-16,edgar/data/925528/0001144204-18-015276.txt
CENTRAL EUROPEAN MEDIA ENTERPRISES LTD,0000925645,10-K,2018-02-08,edgar/data/925645/0000925645-18-000005.txt
"BioCardia, Inc.",0000925741,10-K,2018-03-16,edgar/data/925741/0001437749-18-004870.txt
ADTRAN INC,0000926282,10-K,2018-02-23,edgar/data/926282/0001564590-18-003019.txt
"OMNICELL, Inc",0000926326,10-K,2018-02-27,edgar/data/926326/0000926326-18-000010.txt
"VERMILLION, INC.",0000926617,10-K,2018-03-13,edgar/data/926617/0000926617-18-000012.txt
AIMCO PROPERTIES L.P.,0000926660,10-K,2018-03-01,edgar/data/926660/0000922864-18-000006.txt
ADVANCED ENERGY INDUSTRIES INC,0000927003,10-K,2018-02-15,edgar/data/927003/0000927003-18-000005.txt
DAVITA INC.,0000927066,10-K,2018-02-23,edgar/data/927066/0000927066-18-000030.txt
CAPITAL ONE FINANCIAL CORP,0000927628,10-K,2018-02-21,edgar/data/927628/0000927628-18-000107.txt
MYMETICS CORP,0000927761,10-K,2018-03-29,edgar/data/927761/0001654954-18-003340.txt
CALLON PETROLEUM CO,0000928022,10-K,2018-02-28,edgar/data/928022/0000928022-18-000013.txt
FLOTEK INDUSTRIES INC/CN/,0000928054,10-K,2018-03-08,edgar/data/928054/0000928054-18-000020.txt
Consolidated Water Co. Ltd.,0000928340,10-K,2018-03-16,edgar/data/928340/0001144204-18-015327.txt
MIDAMERICAN ENERGY CO,0000928576,10-K,2018-02-26,edgar/data/928576/0001081316-18-000014.txt
COVENANT TRANSPORTATION GROUP INC,0000928658,10-K,2018-02-28,edgar/data/928658/0001008886-18-000007.txt
PILLARSTONE CAPITAL REIT,0000928953,10-K,2018-03-29,edgar/data/928953/0001628280-18-003846.txt
WESCO INTERNATIONAL INC,0000929008,10-K,2018-02-22,edgar/data/929008/0000929008-18-000004.txt
"CONDOR HOSPITALITY TRUST, INC.",0000929545,10-K,2018-03-19,edgar/data/929545/0000929545-18-000022.txt
REDWOOD TRUST INC,0000930236,10-K,2018-02-28,edgar/data/930236/0000930236-18-000006.txt
KFORCE INC,0000930420,10-K,2018-02-23,edgar/data/930420/0000930420-18-000047.txt
RECKSON OPERATING PARTNERSHIP LP,0000930810,10-K,2018-03-23,edgar/data/930810/0000930810-18-000005.txt
POLARIS INDUSTRIES INC/MN,0000931015,10-K,2018-02-15,edgar/data/931015/0001628280-18-001709.txt
ERP OPERATING LTD PARTNERSHIP,0000931182,10-K,2018-02-22,edgar/data/931182/0001564590-18-002873.txt
DEAN FOODS CO,0000931336,10-K,2018-02-26,edgar/data/931336/0000931336-18-000006.txt
UNIVERSAL STAINLESS & ALLOY PRODUCTS INC,0000931584,10-K,2018-02-23,edgar/data/931584/0001564590-18-003014.txt
AEI INCOME & GROWTH FUND XXI LTD PARTNERSHIP,0000931755,10-K,2018-03-30,edgar/data/931755/0001326321-18-000005.txt
INSIGHT ENTERPRISES INC,0000932696,10-K,2018-02-26,edgar/data/932696/0001193125-18-056412.txt
BALCHEM CORP,0000009326,10-K,2018-03-01,edgar/data/9326/0001140361-18-011267.txt
FIRST COMMUNITY CORP /SC/,0000932781,10-K,2018-03-14,edgar/data/932781/0001552781-18-000106.txt
RENT A CENTER INC DE,0000933036,10-K,2018-03-01,edgar/data/933036/0000933036-18-000010.txt
WMIH CORP.,0000933136,10-K,2018-03-02,edgar/data/933136/0001564590-18-004269.txt
IBERIABANK CORP,0000933141,10-K,2018-02-23,edgar/data/933141/0001628280-18-002102.txt
VOLITIONRX LTD,0000093314,10-K,2018-03-01,edgar/data/93314/0001078782-18-000250.txt
ENGLOBAL CORP,0000933738,10-K,2018-03-15,edgar/data/933738/0001493152-18-003404.txt
STANDARD MOTOR PRODUCTS INC,0000093389,10-K,2018-02-22,edgar/data/93389/0001140361-18-009555.txt
CHEVRON CORP,0000093410,10-K,2018-02-22,edgar/data/93410/0000093410-18-000010.txt
AMERICAN CHURCH MORTGAGE CO,0000934543,10-K,2018-03-30,edgar/data/934543/0000934543-18-000009.txt
ACACIA RESEARCH CORP,0000934549,10-K,2018-03-07,edgar/data/934549/0000934549-18-000007.txt
"BURLINGTON NORTHERN SANTA FE, LLC",0000934612,10-K,2018-02-26,edgar/data/934612/0000934612-18-000005.txt
SPEEDWAY MOTORSPORTS INC,0000934648,10-K,2018-03-12,edgar/data/934648/0001437749-18-004418.txt
BALDWIN & LYONS INC,0000009346,10-K,2018-03-13,edgar/data/9346/0000009346-18-000017.txt
"ACI WORLDWIDE, INC.",0000935036,10-K,2018-02-27,edgar/data/935036/0001193125-18-060188.txt
"RCI HOSPITALITY HOLDINGS, INC.",0000935419,10-K,2018-02-14,edgar/data/935419/0001493152-18-002134.txt
NATIONAL INSTRUMENTS CORP,0000935494,10-K,2018-02-22,edgar/data/935494/0000935494-18-000005.txt
"STANLEY BLACK & DECKER, INC.",0000093556,10-K,2018-02-27,edgar/data/93556/0000093556-18-000008.txt
DOLLAR TREE INC,0000935703,10-K,2018-03-16,edgar/data/935703/0000935703-18-000013.txt
DTE ENERGY CO,0000936340,10-K,2018-02-16,edgar/data/936340/0000936340-18-000082.txt
Shire plc,0000936402,10-K,2018-02-20,edgar/data/936402/0000936402-18-000007.txt
Amerinac Holding Corp.,0000936446,10-K,2018-03-28,edgar/data/936446/0001477932-18-001462.txt
LOCKHEED MARTIN CORP,0000936468,10-K,2018-02-06,edgar/data/936468/0000936468-18-000009.txt
TRINET GROUP INC,0000937098,10-K,2018-02-27,edgar/data/937098/0000937098-18-000055.txt
STATE STREET CORP,0000093751,10-K,2018-02-26,edgar/data/93751/0000093751-18-000308.txt
MASIMO CORP,0000937556,10-K,2018-02-28,edgar/data/937556/0000937556-18-000019.txt
METROPOLITAN LIFE INSURANCE CO,0000937834,10-K,2018-03-20,edgar/data/937834/0000937834-18-000008.txt
"PCM, INC.",0000937941,10-K,2018-03-15,edgar/data/937941/0001493152-18-003432.txt
BIGLARI HOLDINGS INC.,0000093859,10-K,2018-02-26,edgar/data/93859/0001193805-18-000279.txt
BALL Corp,0000009389,10-K,2018-03-01,edgar/data/9389/0001558370-18-001345.txt
"EXELIXIS, INC.",0000939767,10-K,2018-02-26,edgar/data/939767/0000939767-18-000023.txt
STEPAN CO,0000094049,10-K,2018-02-27,edgar/data/94049/0001564590-18-003442.txt
"Hub Group, Inc.",0000940942,10-K,2018-02-28,edgar/data/940942/0001564590-18-003839.txt
IMAGEWARE SYSTEMS INC,0000941685,10-K,2018-03-19,edgar/data/941685/0001654954-18-002780.txt
HIGHWOODS REALTY LTD PARTNERSHIP,0000941713,10-K,2018-02-06,edgar/data/941713/0000921082-18-000009.txt
IMAGE SENSING SYSTEMS INC,0000943034,10-K,2018-03-14,edgar/data/943034/0000897101-18-000263.txt
"Ever-Glory International Group, Inc.",0000943184,10-K,2018-03-28,edgar/data/943184/0001213900-18-003573.txt
STEWART INFORMATION SERVICES CORP,0000094344,10-K,2018-02-28,edgar/data/94344/0000094344-18-000007.txt
WESTINGHOUSE AIR BRAKE TECHNOLOGIES CORP,0000943452,10-K,2018-02-26,edgar/data/943452/0001628280-18-002245.txt
GOODRICH PETROLEUM CORP,0000943861,10-K,2018-03-02,edgar/data/943861/0000943861-18-000004.txt
"SOCKET MOBILE, INC.",0000944075,10-K,2018-03-23,edgar/data/944075/0000944075-18-000011.txt
"MINISTRY PARTNERS INVESTMENT COMPANY, LLC",0000944130,10-K,2018-03-29,edgar/data/944130/0000944130-18-000041.txt
"CBIZ, Inc.",0000944148,10-K,2018-03-01,edgar/data/944148/0001564590-18-004128.txt
"LIFE STORAGE, INC.",0000944314,10-K,2018-02-27,edgar/data/944314/0001564590-18-003512.txt
GSE SYSTEMS INC,0000944480,10-K,2018-03-16,edgar/data/944480/0000944480-18-000007.txt
"HANOVER INSURANCE GROUP, INC.",0000944695,10-K,2018-02-27,edgar/data/944695/0001564590-18-003531.txt
"CIVISTA BANCSHARES, INC.",0000944745,10-K,2018-03-08,edgar/data/944745/0001564590-18-004931.txt
"Opko Health, Inc.",0000944809,10-K,2018-03-01,edgar/data/944809/0000944809-18-000014.txt
SYSTEMAX INC,0000945114,10-K,2018-03-15,edgar/data/945114/0001628280-18-003257.txt
CICERO INC,0000945384,10-K,2018-03-30,edgar/data/945384/0001654954-18-003388.txt
HOSPITALITY PROPERTIES TRUST,0000945394,10-K,2018-03-01,edgar/data/945394/0000945394-18-000005.txt
DENBURY RESOURCES INC,0000945764,10-K,2018-02-28,edgar/data/945764/0000945764-18-000019.txt
POOL CORP,0000945841,10-K,2018-02-28,edgar/data/945841/0000945841-18-000020.txt
"Wayside Technology Group, Inc.",0000945983,10-K,2018-03-15,edgar/data/945983/0001558370-18-002127.txt
ASTEA INTERNATIONAL INC,0000945989,10-K,2018-03-29,edgar/data/945989/0000950159-18-000137.txt
TIAA REAL ESTATE ACCOUNT,0000946155,10-K,2018-03-15,edgar/data/946155/0001628280-18-003214.txt
"BALLANTYNE STRONG, INC.",0000946454,10-K,2018-03-15,edgar/data/946454/0001493152-18-003429.txt
HEMISPHERX BIOPHARMA INC,0000946644,10-K,2018-03-30,edgar/data/946644/0001493152-18-004291.txt
FIRST DEFIANCE FINANCIAL CORP,0000946647,10-K,2018-02-28,edgar/data/946647/0001144204-18-011748.txt
BANNER CORP,0000946673,10-K,2018-02-23,edgar/data/946673/0000946673-18-000009.txt
BALTIMORE GAS & ELECTRIC CO,0000009466,10-K,2018-02-09,edgar/data/9466/0001628280-18-001324.txt
ARCH CAPITAL GROUP LTD.,0000947484,10-K,2018-02-28,edgar/data/947484/0000947484-18-000012.txt
FIRST BANCSHARES INC /MS/,0000947559,10-K,2018-03-16,edgar/data/947559/0001144204-18-015311.txt
LEVI STRAUSS & CO,0000094845,10-K,2018-02-07,edgar/data/94845/0000094845-18-000013.txt
SMITH MICRO SOFTWARE INC,0000948708,10-K,2018-03-30,edgar/data/948708/0001564590-18-007263.txt
"DIAMOND OFFSHORE DRILLING, INC.",0000949039,10-K,2018-02-13,edgar/data/949039/0001193125-18-041668.txt
CENTURY ALUMINUM CO,0000949157,10-K,2018-02-28,edgar/data/949157/0000949157-18-000020.txt
CRAY INC,0000949158,10-K,2018-02-15,edgar/data/949158/0000949158-18-000011.txt
THANKSGIVING COFFEE CO INC,0000949852,10-K,2018-03-30,edgar/data/949852/0001213900-18-003721.txt
"ACHIEVE LIFE SCIENCES, INC.",0000949858,10-K,2018-03-01,edgar/data/949858/0001564590-18-004159.txt
BOSTON BEER CO INC,0000949870,10-K,2018-02-21,edgar/data/949870/0001193125-18-052024.txt
STURM RUGER & CO INC,0000095029,10-K,2018-02-21,edgar/data/95029/0001174947-18-000243.txt
SUPERIOR INDUSTRIES INTERNATIONAL INC,0000095552,10-K,2018-03-15,edgar/data/95552/0001193125-18-084240.txt
SUPERIOR UNIFORM GROUP INC,0000095574,10-K,2018-02-22,edgar/data/95574/0001437749-18-003029.txt
SYNALLOY CORP,0000095953,10-K,2018-03-13,edgar/data/95953/0000095953-18-000031.txt
LEUCADIA NATIONAL CORP,0000096223,10-K,2018-02-27,edgar/data/96223/0000096223-18-000009.txt
TAMPA ELECTRIC CO,0000096271,10-K,2018-02-12,edgar/data/96271/0001564590-18-001790.txt
BANK OF NOVA SCOTIA,0000009631,10-K,2018-01-26,edgar/data/9631/0000891092-18-000500.txt
TEJON RANCH CO,0000096869,10-K,2018-03-12,edgar/data/96869/0000096869-18-000005.txt
TELEFLEX INC,0000096943,10-K,2018-02-22,edgar/data/96943/0000096943-18-000028.txt
TENNANT CO,0000097134,10-K,2018-02-28,edgar/data/97134/0000097134-18-000009.txt
"TERADYNE, INC",0000097210,10-K,2018-03-01,edgar/data/97210/0001193125-18-066579.txt
TEREX CORP,0000097216,10-K,2018-02-16,edgar/data/97216/0000097216-18-000024.txt
TEXAS INSTRUMENTS INC,0000097476,10-K,2018-02-22,edgar/data/97476/0001564590-18-002832.txt
TEXAS PACIFIC LAND TRUST,0000097517,10-K,2018-02-28,edgar/data/97517/0001437749-18-003528.txt
THERMO FISHER SCIENTIFIC INC.,0000097745,10-K,2018-02-28,edgar/data/97745/0000097745-18-000006.txt
TIFFANY & CO,0000098246,10-K,2018-03-16,edgar/data/98246/0000098246-18-000133.txt
TIMKEN CO,0000098362,10-K,2018-02-15,edgar/data/98362/0000098362-18-000033.txt
TOOTSIE ROLL INDUSTRIES INC,0000098677,10-K,2018-03-01,edgar/data/98677/0001558370-18-001364.txt
TRANS LUX Corp,0000099106,10-K,2018-03-30,edgar/data/99106/0001513162-18-000086.txt
"TRANSCONTINENTAL GAS PIPE LINE COMPANY, LLC",0000099250,10-K,2018-02-22,edgar/data/99250/0000099250-18-000003.txt
TRINITY CAPITAL CORP,0000099771,10-K,2018-03-30,edgar/data/99771/0000099771-18-000032.txt
TRINITY INDUSTRIES INC,0000099780,10-K,2018-02-22,edgar/data/99780/0000099780-18-000027.txt
BARNES GROUP INC,0000009984,10-K,2018-02-20,edgar/data/9984/0000009984-18-000024.txt
