Company Name,CIK,Ticker,CUSIP,Form Type,Date Filed,Filename
MEDALLION FINANCIAL CORP,0001000209,MBNKO,,10-K,2022-03-14,edgar/data/1000209/0000950170-22-003603.txt
HENRY SCHEIN INC,0001000228,HSIC,,10-K,2022-02-15,edgar/data/1000228/0001000228-22-000016.txt
CORE LABORATORIES N V,0001000229,,,10-K,2022-02-10,edgar/data/1000229/0000950170-22-001087.txt
IMPAC MORTGAGE HOLDINGS INC,0001000298,IMPM,,10-K,2022-03-11,edgar/data/1000298/0001558370-22-003437.txt
SCHWEITZER MAUDUIT INTERNATIONAL INC,0001000623,MATV,,10-K,2022-03-01,edgar/data/1000623/0001000623-22-000016.txt
BLONDER TONGUE LABORATORIES INC,0001000683,,,10-K,2022-03-31,edgar/data/1000683/0001213900-22-016788.txt
NOVAVAX INC,0001000694,NVAX,,10-K,2022-03-01,edgar/data/1000694/0001000694-22-000004.txt
WATERS CORP /DE/,0001000697,WAT,,10-K,2022-02-24,edgar/data/1000697/0001193125-22-051509.txt
"INSPERITY, INC.",0001000753,NSP,,10-K,2022-02-11,edgar/data/1000753/0001000753-22-000009.txt
DISH Network CORP,0001001082,,,10-K,2022-02-24,edgar/data/1001082/0001558370-22-001816.txt
TUCSON ELECTRIC POWER CO,0000100122,,,10-K,2022-02-11,edgar/data/100122/0000100122-22-000004.txt
"SANGAMO THERAPEUTICS, INC",0001001233,SGMO,,10-K,2022-02-24,edgar/data/1001233/0001628280-22-003819.txt
"TG THERAPEUTICS, INC.",0001001316,TGTX,,10-K,2022-03-01,edgar/data/1001316/0001558370-22-002617.txt
NORTHWEST PIPE CO,0001001385,NWPX,,10-K,2022-03-16,edgar/data/1001385/0001437749-22-006431.txt
"MGT CAPITAL INVESTMENTS, INC.",0001001601,MGTI,,10-K,2022-03-31,edgar/data/1001601/0001493152-22-008514.txt
SOUTHERN COPPER CORP/,0001001838,SCCO,,10-K,2022-03-07,edgar/data/1001838/0001558370-22-002968.txt
INTEVAC INC,0001001902,,,10-K,2022-02-17,edgar/data/1001902/0001193125-22-045448.txt
AMEREN CORP,0001002910,AEE,,10-K,2022-02-23,edgar/data/1002910/0001002910-22-000038.txt
DUKE REALTY Ltd PARTNERSHIP/,0001003410,,,10-K,2022-02-18,edgar/data/1003410/0000783280-22-000010.txt
AMERICAN EXPRESS CREDIT ACCOUNT MASTER TRUST,0001003509,,,10-K,2022-03-24,edgar/data/1003509/0001193125-22-084006.txt
BCTC IV ASSIGNOR CORP,0001003815,,,10-K,2022-03-24,edgar/data/1003815/0001410578-22-000485.txt
TANGER PROPERTIES LTD PARTNERSHIP /NC/,0001004036,,,10-K,2022-02-22,edgar/data/1004036/0000899715-22-000036.txt
SOUTHERN Co GAS,0001004155,,,10-K,2022-02-17,edgar/data/1004155/0000092122-22-000003.txt
"AFFILIATED MANAGERS GROUP, INC.",0001004434,MGRE,,10-K,2022-02-18,edgar/data/1004434/0001004434-22-000017.txt
OCEANFIRST FINANCIAL CORP,0001004702,OCFC,,10-K,2022-02-28,edgar/data/1004702/0001004702-22-000022.txt
"REGIONAL HEALTH PROPERTIES, INC",0001004724,RHEPB,,10-K,2022-02-22,edgar/data/1004724/0001564590-22-005755.txt
PG&E Corp,0001004980,PCG-PX,,10-K,2022-02-10,edgar/data/1004980/0001004980-22-000009.txt
"United Airlines Holdings, Inc.",0000100517,UAL,,10-K,2022-02-18,edgar/data/100517/0000100517-22-000009.txt
UNIVERSAL DISPLAY CORP \PA\,0001005284,OLED,,10-K,2022-02-23,edgar/data/1005284/0000950170-22-001770.txt
CSG SYSTEMS INTERNATIONAL INC,0001005757,CSGS,,10-K,2022-02-18,edgar/data/1005757/0000950170-22-001463.txt
TOMPKINS FINANCIAL CORP,0001005817,TMP,,10-K,2022-03-01,edgar/data/1005817/0001005817-22-000003.txt
IRIDEX CORP,0001006045,IRIX,,10-K,2022-03-15,edgar/data/1006045/0001564590-22-010477.txt
"Protalix BioTherapeutics, Inc.",0001006281,PLX,,10-K,2022-03-31,edgar/data/1006281/0001558370-22-004823.txt
INNOVATE Corp.,0001006837,VATE,,10-K,2022-03-09,edgar/data/1006837/0001006837-22-000015.txt
COFFEE HOLDING CO INC,0001007019,JVA,,10-K,2022-01-31,edgar/data/1007019/0001493152-22-002765.txt
BANK OF SOUTH CAROLINA CORP,0001007273,BKSC,,10-K,2022-03-04,edgar/data/1007273/0001387131-22-003161.txt
KVH INDUSTRIES INC \DE\,0001007587,KVHI,,10-K,2022-03-11,edgar/data/1007587/0001007587-22-000003.txt
UNION CARBIDE CORP /NEW/,0000100790,,,10-K,2022-02-04,edgar/data/100790/0000029915-22-000004.txt
UNION ELECTRIC CO,0000100826,UEPCO,,10-K,2022-02-23,edgar/data/100826/0001002910-22-000038.txt
TUPPERWARE BRANDS CORP,0001008654,,,10-K,2022-02-23,edgar/data/1008654/0001008654-22-000008.txt
ACORDA THERAPEUTICS INC,0001008848,,,10-K,2022-03-18,edgar/data/1008848/0001564590-22-010971.txt
UNION PACIFIC CORP,0000100885,UNP,,10-K,2022-02-04,edgar/data/100885/0001437749-22-002494.txt
JAKKS PACIFIC INC,0001009829,JAKK,,10-K,2022-03-16,edgar/data/1009829/0001185185-22-000288.txt
AIR INDUSTRIES GROUP,0001009891,AIRI,,10-K,2022-03-25,edgar/data/1009891/0001213900-22-015031.txt
SIGA TECHNOLOGIES INC,0001010086,SIGA,,10-K,2022-03-03,edgar/data/1010086/0001437749-22-005179.txt
"CYNERGISTEK, INC",0001011432,,,10-K,2022-03-28,edgar/data/1011432/0001096906-22-000663.txt
Golden Minerals Co,0001011509,AUMN,,10-K,2022-03-23,edgar/data/1011509/0001558370-22-004084.txt
UNITED FIRE GROUP INC,0000101199,UFCS,,10-K,2022-02-25,edgar/data/101199/0000101199-22-000027.txt
RUSH ENTERPRISES INC \TX\,0001012019,RUSHB,,10-K,2022-02-24,edgar/data/1012019/0001437749-22-004355.txt
SEALED AIR CORP/DE,0001012100,SEE,,10-K,2022-02-22,edgar/data/1012100/0001628280-22-003294.txt
AVADEL PHARMACEUTICALS PLC,0001012477,AVDL,,10-K,2022-03-16,edgar/data/1012477/0001012477-22-000004.txt
UNITED GUARDIAN INC,0000101295,UG,,10-K,2022-03-23,edgar/data/101295/0001171843-22-002061.txt
NORWOOD FINANCIAL CORP,0001013272,NWFL,,10-K,2022-03-11,edgar/data/1013272/0001562762-22-000120.txt
ANSYS INC,0001013462,,,10-K,2022-02-23,edgar/data/1013462/0001013462-22-000005.txt
BJs RESTAURANTS INC,0001013488,BJRI,,10-K,2022-02-25,edgar/data/1013488/0001564590-22-006872.txt
"Wilhelmina International, Inc.",0001013706,WHLM,,10-K,2022-03-16,edgar/data/1013706/0001171843-22-001914.txt
UMB FINANCIAL CORP,0000101382,UMBFO,,10-K,2022-02-24,edgar/data/101382/0001564590-22-006546.txt
PEGASYSTEMS INC,0001013857,PEGA,,10-K,2022-02-16,edgar/data/1013857/0001013857-22-000042.txt
"NRG ENERGY, INC.",0001013871,NRG,,10-K,2022-02-24,edgar/data/1013871/0001013871-22-000010.txt
"TTEC Holdings, Inc.",0001013880,TTEC,,10-K,2022-03-03,edgar/data/1013880/0001558370-22-002795.txt
"Strategic Education, Inc.",0001013934,STRA,,10-K,2022-02-28,edgar/data/1013934/0001013934-22-000004.txt
"GlassBridge Enterprises, Inc.",0001014111,,,10-K,2022-03-31,edgar/data/1014111/0001493152-22-008479.txt
VERISIGN INC/CA,0001014473,VRSN,,10-K,2022-02-18,edgar/data/1014473/0001014473-22-000007.txt
"Option Care Health, Inc.",0001014739,OPCH,,10-K,2022-02-23,edgar/data/1014739/0001014739-22-000009.txt
"Ainos, Inc.",0001014763,AIMDW,,10-K,2022-03-21,edgar/data/1014763/0001654954-22-003463.txt
WINTRUST FINANCIAL CORP,0001015328,WTFCN,,10-K,2022-02-25,edgar/data/1015328/0001015328-22-000057.txt
UNITED STATES ANTIMONY CORP,0000101538,UAMY,,10-K,2022-03-31,edgar/data/101538/0001654954-22-004348.txt
AWARE INC /MA/,0001015739,AWRE,,10-K,2022-03-15,edgar/data/1015739/0001564590-22-010383.txt
US ENERGY CORP,0000101594,USEG,,10-K,2022-03-28,edgar/data/101594/0001493152-22-007884.txt
"ANTARES PHARMA, INC.",0001016169,,,10-K,2022-03-03,edgar/data/1016169/0001016169-22-000028.txt
CARRIAGE SERVICES INC,0001016281,CSV,,10-K,2022-03-02,edgar/data/1016281/0001016281-22-000046.txt
"RenovaCare, Inc.",0001016708,,,10-K,2022-03-30,edgar/data/1016708/0001171843-22-002186.txt
TRANSACT TECHNOLOGIES INC,0001017303,TACT,,10-K,2022-03-24,edgar/data/1017303/0001017303-22-000014.txt
HIBBETT INC,0001017480,,,10-K,2022-03-25,edgar/data/1017480/0001017480-22-000023.txt
"SEELOS THERAPEUTICS, INC.",0001017491,,,10-K,2022-03-04,edgar/data/1017491/0001136261-22-000156.txt
PAID INC,0001017655,PAYD,,10-K,2022-03-31,edgar/data/1017655/0001851734-22-000179.txt
MARATHON OIL CORP,0000101778,,,10-K,2022-02-17,edgar/data/101778/0000101778-22-000016.txt
WILLIS LEASE FINANCE CORP,0001018164,WLFC,,10-K,2022-03-14,edgar/data/1018164/0001018164-22-000007.txt
RAYTHEON TECHNOLOGIES CORP,0000101829,RTX,,10-K,2022-02-11,edgar/data/101829/0000101829-22-000005.txt
ENTERPRISE BANCORP INC /MA/,0001018399,,,10-K,2022-03-10,edgar/data/1018399/0001018399-22-000012.txt
AMAZON COM INC,0001018724,AMZN,,10-K,2022-02-04,edgar/data/1018724/0001018724-22-000005.txt
ABERCROMBIE & FITCH CO /DE/,0001018840,ANF,,10-K,2022-03-28,edgar/data/1018840/0001018840-22-000011.txt
ALLEGHENY TECHNOLOGIES INC,0001018963,ATI,,10-K,2022-02-25,edgar/data/1018963/0001628280-22-003961.txt
AMERISAFE INC,0001018979,AMSF,,10-K,2022-02-25,edgar/data/1018979/0001564590-22-007154.txt
"PENSKE AUTOMOTIVE GROUP, INC.",0001019849,PAG,,10-K,2022-02-18,edgar/data/1019849/0001019849-22-000013.txt
UNIVERSAL ELECTRONICS INC,0000101984,UEIC,,10-K,2022-03-04,edgar/data/101984/0000101984-22-000011.txt
CERUS CORP,0001020214,CERS,,10-K,2022-02-22,edgar/data/1020214/0000950170-22-001641.txt
IRON MOUNTAIN INC,0001020569,IRM,,10-K,2022-02-24,edgar/data/1020569/0001020569-22-000035.txt
"BBQ HOLDINGS, INC.",0001021270,,,10-K,2022-03-16,edgar/data/1021270/0001558370-22-003759.txt
hopTo Inc.,0001021435,,,10-K,2022-03-31,edgar/data/1021435/0001493152-22-008556.txt
"NU SKIN ENTERPRISES, INC.",0001021561,NUS,,10-K,2022-02-16,edgar/data/1021561/0001140361-22-005656.txt
OGE ENERGY CORP.,0001021635,OGE,,10-K,2022-02-24,edgar/data/1021635/0001021635-22-000037.txt
NOV Inc.,0001021860,NOV,,10-K,2022-02-11,edgar/data/1021860/0001564590-22-004755.txt
QUEST DIAGNOSTICS INC,0001022079,DGX,,10-K,2022-02-28,edgar/data/1022079/0001022079-22-000027.txt
UNIVEST FINANCIAL Corp,0000102212,UVSP,,10-K,2022-02-25,edgar/data/102212/0000102212-22-000009.txt
GENESIS ENERGY LP,0001022321,GEL,,10-K,2022-02-24,edgar/data/1022321/0001022321-22-000018.txt
SIMON PROPERTY GROUP L P /DE/,0001022344,,,10-K,2022-02-24,edgar/data/1022344/0001558370-22-001845.txt
INSEEGO CORP.,0001022652,INSG,,10-K,2022-03-01,edgar/data/1022652/0001022652-22-000011.txt
STEEL DYNAMICS INC,0001022671,STLD,,10-K,2022-02-28,edgar/data/1022671/0001558370-22-002377.txt
ANI PHARMACEUTICALS INC,0001023024,ANIP,,10-K,2022-03-15,edgar/data/1023024/0001023024-22-000004.txt
LITHIA MOTORS INC,0001023128,LAD,,10-K,2022-02-18,edgar/data/1023128/0001023128-22-000042.txt
"FORRESTER RESEARCH, INC.",0001023313,FORR,,10-K,2022-03-10,edgar/data/1023313/0000950170-22-003377.txt
"AutoWeb, Inc.",0001023364,,,10-K,2022-03-24,edgar/data/1023364/0001851734-22-000161.txt
AEI INCOME & GROWTH FUND XXII LTD PARTNERSHIP,0001023458,,,10-K,2022-03-31,edgar/data/1023458/0000894245-22-000035.txt
"Carnegie Development, Inc",0001024095,,,10-K,2022-03-31,edgar/data/1024095/0001477932-22-001882.txt
TENNECO INC,0001024725,,,10-K,2022-02-24,edgar/data/1024725/0001024725-22-000005.txt
"HELIOS TECHNOLOGIES, INC.",0001024795,HLIO,,10-K,2022-03-01,edgar/data/1024795/0000950170-22-002443.txt
W. P. Carey Inc.,0001025378,WPC,,10-K,2022-02-11,edgar/data/1025378/0001025378-22-000041.txt
EARTHSTONE ENERGY INC,0000010254,,,10-K,2022-03-09,edgar/data/10254/0000010254-22-000047.txt
CHASE PACKAGING CORP,0001025771,WHLT,,10-K,2022-03-25,edgar/data/1025771/0001477932-22-001646.txt
ENTERPRISE FINANCIAL SERVICES CORP,0001025835,EFSCP,,10-K,2022-02-25,edgar/data/1025835/0001025835-22-000011.txt
KILROY REALTY CORP,0001025996,KRC,,10-K,2022-02-10,edgar/data/1025996/0001025996-22-000074.txt
FEDERAL HOME LOAN MORTGAGE CORP,0001026214,FMCKK,,10-K,2022-02-10,edgar/data/1026214/0001026214-22-000031.txt
CORE MOLDING TECHNOLOGIES INC,0001026655,CMT,,10-K,2022-03-11,edgar/data/1026655/0001026655-22-000015.txt
VALMONT INDUSTRIES INC,0000102729,VMI,,10-K,2022-02-23,edgar/data/102729/0000102729-22-000008.txt
VSE CORP,0000102752,VSECU,,10-K,2022-03-11,edgar/data/102752/0000102752-22-000013.txt
TACTILE SYSTEMS TECHNOLOGY INC,0001027838,TCMD,,10-K,2022-02-23,edgar/data/1027838/0001558370-22-001758.txt
PACIFIC PREMIER BANCORP INC,0001028918,,,10-K,2022-02-25,edgar/data/1028918/0001028918-22-000015.txt
"Panbela Therapeutics, Inc.",0001029125,,,10-K,2022-03-24,edgar/data/1029125/0001437749-22-007101.txt
DYNAVAX TECHNOLOGIES CORP,0001029142,DVAX,,10-K,2022-02-28,edgar/data/1029142/0000950170-22-002289.txt
"EURONET WORLDWIDE, INC.",0001029199,EEFT,,10-K,2022-02-23,edgar/data/1029199/0001213900-22-008758.txt
URSTADT BIDDLE PROPERTIES INC,0001029800,,,10-K,2022-01-13,edgar/data/1029800/0001029800-22-000008.txt
"Idaho Strategic Resources, Inc.",0001030192,IDR,,10-K,2022-03-31,edgar/data/1030192/0001654954-22-004222.txt
OFG BANCORP,0001030469,OFG,,10-K,2022-02-25,edgar/data/1030469/0001030469-22-000015.txt
"Startek, Inc.",0001031029,,,10-K,2022-03-14,edgar/data/1031029/0001437749-22-006117.txt
"SILVER BULL RESOURCES, INC.",0001031093,SVBL,,10-K,2022-01-14,edgar/data/1031093/0001079973-22-000065.txt
GROUP 1 AUTOMOTIVE INC,0001031203,GPI,,10-K,2022-02-23,edgar/data/1031203/0001031203-22-000007.txt
"Global Self Storage, Inc.",0001031235,SELF,,10-K,2022-03-31,edgar/data/1031235/0000950170-22-005191.txt
FIRSTENERGY CORP,0001031296,FE,,10-K,2022-02-16,edgar/data/1031296/0001031296-22-000013.txt
BENTLEY SYSTEMS INC,0001031308,BSY,,10-K,2022-03-01,edgar/data/1031308/0001628280-22-004474.txt
FRANKLIN STREET PROPERTIES CORP /MA/,0001031316,FSP,,10-K,2022-02-15,edgar/data/1031316/0001558370-22-001193.txt
VEECO INSTRUMENTS INC,0000103145,VECO,,10-K,2022-02-18,edgar/data/103145/0001558370-22-001461.txt
GULF ISLAND FABRICATION INC,0001031623,,,10-K,2022-03-23,edgar/data/1031623/0001564590-22-011421.txt
SLM Corp,0001032033,SLMBP,,10-K,2022-02-24,edgar/data/1032033/0001628280-22-003839.txt
SEMPRA ENERGY,0001032208,SREA,,10-K,2022-02-25,edgar/data/1032208/0001032208-22-000007.txt
BASSETT FURNITURE INDUSTRIES INC,0000010329,BSET,,10-K,2022-01-31,edgar/data/10329/0001437749-22-001938.txt
FLAGSTAR BANCORP INC,0001033012,,,10-K,2022-03-01,edgar/data/1033012/0001033012-22-000025.txt
FIRST INDUSTRIAL LP,0001033128,,,10-K,2022-02-18,edgar/data/1033128/0000921825-22-000011.txt
SBA COMMUNICATIONS CORP,0001034054,SBAC,,10-K,2022-03-01,edgar/data/1034054/0001034054-22-000002.txt
AUTOLIV INC,0001034670,ALV,,10-K,2022-02-22,edgar/data/1034670/0000950170-22-001528.txt
WIDEPOINT CORP,0001034760,WYY,,10-K,2022-03-28,edgar/data/1034760/0001654954-22-003918.txt
RIGEL PHARMACEUTICALS INC,0001034842,RIGL,,10-K,2022-03-01,edgar/data/1034842/0001558370-22-002551.txt
VALERO ENERGY CORP/TX,0001035002,VLO,,10-K,2022-02-22,edgar/data/1035002/0001035002-22-000007.txt
SHORE BANCSHARES INC,0001035092,SHBI,,10-K,2022-03-31,edgar/data/1035092/0001558370-22-004911.txt
CALIFORNIA WATER SERVICE GROUP,0001035201,CWT,,10-K,2022-02-24,edgar/data/1035201/0001035201-22-000002.txt
SOUTH JERSEY GAS Co,0001035216,,,10-K,2022-02-24,edgar/data/1035216/0000091928-22-000010.txt
INTUITIVE SURGICAL INC,0001035267,ISRG,,10-K,2022-02-03,edgar/data/1035267/0001035267-22-000014.txt
"Eloxx Pharmaceuticals, Inc.",0001035354,,,10-K,2022-03-30,edgar/data/1035354/0001564590-22-012683.txt
"ALEXANDRIA REAL ESTATE EQUITIES, INC.",0001035443,ARE,,10-K,2022-01-31,edgar/data/1035443/0001035443-22-000040.txt
"FNCB Bancorp, Inc.",0001035976,,,10-K,2022-03-11,edgar/data/1035976/0001437749-22-006006.txt
COMFORT SYSTEMS USA INC,0001035983,FIX,,10-K,2022-02-23,edgar/data/1035983/0001558370-22-001753.txt
"Identiv, Inc.",0001036044,INVE,,10-K,2022-03-14,edgar/data/1036044/0001564590-22-009897.txt
INTEST CORP,0001036262,INTT,,10-K,2022-03-23,edgar/data/1036262/0001437749-22-006956.txt
VIRGINIA ELECTRIC & POWER CO,0000103682,,,10-K,2022-02-24,edgar/data/103682/0001564590-22-006589.txt
Mega Matrix Corp.,0001036848,,,10-K,2022-03-30,edgar/data/1036848/0001213900-22-016205.txt
VISHAY INTERTECHNOLOGY INC,0000103730,VSH,,10-K,2022-02-23,edgar/data/103730/0000103730-22-000010.txt
"INDUS REALTY TRUST, INC.",0001037390,,,10-K,2022-03-11,edgar/data/1037390/0001558370-22-003444.txt
BOSTON PROPERTIES INC,0001037540,BXP,,10-K,2022-02-25,edgar/data/1037540/0001656423-22-000013.txt
METTLER TOLEDO INTERNATIONAL INC/,0001037646,MTD,,10-K,2022-02-11,edgar/data/1037646/0001037646-22-000008.txt
"ARCH RESOURCES, INC.",0001037676,,,10-K,2022-02-16,edgar/data/1037676/0001558370-22-001243.txt
AMETEK INC/,0001037868,AME,,10-K,2022-02-22,edgar/data/1037868/0001037868-22-000009.txt
JONES LANG LASALLE INC,0001037976,JLL,,10-K,2022-02-28,edgar/data/1037976/0001037976-22-000006.txt
SILICON LABORATORIES INC.,0001038074,SLAB,,10-K,2022-02-02,edgar/data/1038074/0001104659-22-010931.txt
HESKA CORP,0001038133,,,10-K,2022-02-28,edgar/data/1038133/0001038133-22-000007.txt
INTERNATIONAL ISOTOPES INC,0001038277,INIS,,10-K,2022-03-31,edgar/data/1038277/0001515971-22-000058.txt
PIONEER NATURAL RESOURCES CO,0001038357,,,10-K,2022-02-22,edgar/data/1038357/0001038357-22-000039.txt
PRUCO LIFE INSURANCE OF NEW JERSEY,0001038509,,,10-K,2022-03-16,edgar/data/1038509/0001038509-22-000010.txt
"VOLT INFORMATION SCIENCES, INC.",0000103872,,,10-K,2022-01-13,edgar/data/103872/0000103872-22-000007.txt
SMARTFINANCIAL INC.,0001038773,SMBK,,10-K,2022-03-14,edgar/data/1038773/0001558370-22-003570.txt
FORMFACTOR INC,0001039399,FORM,,10-K,2022-02-18,edgar/data/1039399/0001039399-22-000014.txt
NovAccess Global Inc.,0001039466,,,10-K,2022-01-13,edgar/data/1039466/0001185185-22-000056.txt
ONEOK INC /NEW/,0001039684,OKE,,10-K,2022-03-01,edgar/data/1039684/0001039684-22-000015.txt
AMERICAN EQUITY INVESTMENT LIFE HOLDING CO,0001039828,ANG-PD,,10-K,2022-03-01,edgar/data/1039828/0001039828-22-000022.txt
"PIXELWORKS, INC",0001040161,PXLW,,10-K,2022-03-09,edgar/data/1040161/0001040161-22-000017.txt
VORNADO REALTY LP,0001040765,,,10-K,2022-02-14,edgar/data/1040765/0000899689-22-000006.txt
"Ryman Hospitality Properties, Inc.",0001040829,RHP,,10-K,2022-02-25,edgar/data/1040829/0001558370-22-002101.txt
"Intellicheck, Inc.",0001040896,IDN,,10-K,2022-03-24,edgar/data/1040896/0001493152-22-007684.txt
SL GREEN REALTY CORP,0001040971,SLG-PI,,10-K,2022-02-18,edgar/data/1040971/0001040971-22-000014.txt
YUM BRANDS INC,0001041061,YUM,,10-K,2022-02-23,edgar/data/1041061/0001041061-22-000009.txt
"URBAN ONE, INC.",0001041657,UONEK,,10-K,2022-03-15,edgar/data/1041657/0001558370-22-003668.txt
Walmart Inc.,0000104169,WMT,,10-K,2022-03-18,edgar/data/104169/0000104169-22-000012.txt
"Childrens Place, Inc.",0001041859,PLCE,,10-K,2022-03-25,edgar/data/1041859/0001628280-22-007305.txt
AMERICAN FINANCIAL GROUP INC,0001042046,AFGB,,10-K,2022-02-25,edgar/data/1042046/0001042046-22-000010.txt
"CymaBay Therapeutics, Inc.",0001042074,,,10-K,2022-03-17,edgar/data/1042074/0001193125-22-078287.txt
"Inhibitor Therapeutics, Inc.",0001042418,INTI,,10-K,2022-03-30,edgar/data/1042418/0001193125-22-088832.txt
DISH DBS CORP,0001042642,,,10-K,2022-03-11,edgar/data/1042642/0001558370-22-003448.txt
MERCANTILE BANK CORP,0001042729,MBWM,,10-K,2022-03-04,edgar/data/1042729/0001437749-22-005284.txt
CENTERPOINT ENERGY RESOURCES CORP,0001042773,,,10-K,2022-02-22,edgar/data/1042773/0001130310-22-000023.txt
"Piedmont Office Realty Trust, Inc.",0001042776,PDM,,10-K,2022-02-17,edgar/data/1042776/0001042776-22-000061.txt
DRIL-QUIP INC,0001042893,INVX,,10-K,2022-02-23,edgar/data/1042893/0000950170-22-001780.txt
BOSTON PROPERTIES LTD PARTNERSHIP,0001043121,,,10-K,2022-02-25,edgar/data/1043121/0001656423-22-000013.txt
"Stabilis Solutions, Inc.",0001043186,SLNG,,10-K,2022-03-10,edgar/data/1043186/0001628280-22-005738.txt
ANNALY CAPITAL MANAGEMENT INC,0001043219,NLY-PJ,,10-K,2022-02-18,edgar/data/1043219/0001628280-22-003099.txt
"C. H. ROBINSON WORLDWIDE, INC.",0001043277,CHRW,,10-K,2022-02-23,edgar/data/1043277/0001043277-22-000006.txt
STONERIDGE INC,0001043337,SRI,,10-K,2022-02-28,edgar/data/1043337/0001558370-22-002389.txt
SONIC AUTOMOTIVE INC,0001043509,SAH,,10-K,2022-02-25,edgar/data/1043509/0001043509-22-000004.txt
JUNIPER NETWORKS INC,0001043604,,,10-K,2022-02-11,edgar/data/1043604/0001043604-22-000017.txt
CAMPBELL FUND TRUST,0001043951,,,10-K,2022-03-25,edgar/data/1043951/0001140361-22-011228.txt
"Precipio, Inc.",0001043961,PRPO,,10-K,2022-03-30,edgar/data/1043961/0001558370-22-004774.txt
OneSpan Inc.,0001044777,OSPN,,10-K,2022-02-22,edgar/data/1044777/0001558370-22-001601.txt
EPR PROPERTIES,0001045450,EPR-PE,,10-K,2022-02-23,edgar/data/1045450/0001045450-22-000038.txt
"Prologis, Inc.",0001045609,PLDGP,,10-K,2022-02-09,edgar/data/1045609/0001564590-22-004436.txt
"Prologis, L.P.",0001045610,,,10-K,2022-02-09,edgar/data/1045610/0001564590-22-004436.txt
BAXTER INTERNATIONAL INC,0000010456,BAX,,10-K,2022-02-23,edgar/data/10456/0001628280-22-003432.txt
NVIDIA CORP,0001045810,NVDA,,10-K,2022-03-18,edgar/data/1045810/0001045810-22-000036.txt
HERITAGE FINANCIAL CORP /WA/,0001046025,HFWA,,10-K,2022-02-25,edgar/data/1046025/0001046025-22-000031.txt
RITCHIE BROS AUCTIONEERS INC,0001046102,RBA,,10-K,2022-02-17,edgar/data/1046102/0001558370-22-001365.txt
GUARANTY FEDERAL BANCSHARES INC,0001046203,,,10-K,2022-03-11,edgar/data/1046203/0001437749-22-005963.txt
Ingredion Inc,0001046257,INGR,,10-K,2022-02-22,edgar/data/1046257/0001558370-22-001549.txt
CHOICE HOTELS INTERNATIONAL INC /DE,0001046311,CHH,,10-K,2022-02-24,edgar/data/1046311/0001046311-22-000009.txt
REALNETWORKS INC,0001046327,,,10-K,2022-02-25,edgar/data/1046327/0001046327-22-000016.txt
PERDOCEO EDUCATION Corp,0001046568,PRDO,,10-K,2022-02-24,edgar/data/1046568/0001564590-22-006719.txt
EMAGIN CORP,0001046995,,,10-K,2022-03-10,edgar/data/1046995/0001046995-22-000007.txt
"AMKOR TECHNOLOGY, INC.",0001047127,AMKR,,10-K,2022-02-18,edgar/data/1047127/0001047127-22-000006.txt
UNITED RENTALS NORTH AMERICA INC,0001047166,,,10-K,2022-01-26,edgar/data/1047166/0001067701-22-000008.txt
NATIONAL HEALTHCARE CORP,0001047335,NHC,,10-K,2022-02-18,edgar/data/1047335/0001437749-22-003787.txt
FRESH DEL MONTE PRODUCE INC,0001047340,FDP,,10-K,2022-02-23,edgar/data/1047340/0001047340-22-000022.txt
CONSOLIDATED EDISON INC,0001047862,ED,,10-K,2022-02-17,edgar/data/1047862/0001047862-22-000039.txt
MARRIOTT INTERNATIONAL INC /MD/,0001048286,MAR,,10-K,2022-02-15,edgar/data/1048286/0001628280-22-002666.txt
BIOMARIN PHARMACEUTICAL INC,0001048477,BMRN,,10-K,2022-02-25,edgar/data/1048477/0001048477-22-000012.txt
Graham Holdings Co,0000104889,GHC,,10-K,2022-02-25,edgar/data/104889/0000104889-22-000011.txt
WASHINGTON REAL ESTATE INVESTMENT TRUST,0000104894,ELME,,10-K,2022-02-18,edgar/data/104894/0000104894-22-000036.txt
AVISTA CORP,0000104918,AVA,,10-K,2022-02-23,edgar/data/104918/0000950170-22-001672.txt
MKS INSTRUMENTS INC,0001049502,MKSI,,10-K,2022-02-28,edgar/data/1049502/0001564590-22-007637.txt
COMPX INTERNATIONAL INC,0001049606,CIX,,10-K,2022-03-02,edgar/data/1049606/0001558370-22-002671.txt
BROOKLINE BANCORP INC,0001049782,,,10-K,2022-02-25,edgar/data/1049782/0001049782-22-000011.txt
WATSCO INC,0000105016,WSO-B,,10-K,2022-02-25,edgar/data/105016/0001193125-22-054394.txt
PC CONNECTION INC,0001050377,CNXN,,10-K,2022-03-14,edgar/data/1050377/0001558370-22-003574.txt
EAGLE BANCORP INC,0001050441,EGBN,,10-K,2022-03-01,edgar/data/1050441/0001050441-22-000040.txt
MICROSTRATEGY Inc,0001050446,STRD,,10-K,2022-02-16,edgar/data/1050446/0001564590-22-005287.txt
"SALEM MEDIA GROUP, INC. /DE/",0001050606,SALM,,10-K,2022-03-04,edgar/data/1050606/0001193125-22-066029.txt
PEAPACK GLADSTONE FINANCIAL CORP,0001050743,PGC,,10-K,2022-03-14,edgar/data/1050743/0001564590-22-010083.txt
COLUMBIA SPORTSWEAR CO,0001050797,COLM,,10-K,2022-02-24,edgar/data/1050797/0001050797-22-000012.txt
"QUANTA SERVICES, INC.",0001050915,PWR,,10-K,2022-02-25,edgar/data/1050915/0001050915-22-000008.txt
COMMUNITY WEST BANCSHARES /,0001051343,,,10-K,2022-03-29,edgar/data/1051343/0001140361-22-011674.txt
CROWN CASTLE INTERNATIONAL CORP,0001051470,CCI,,10-K,2022-02-22,edgar/data/1051470/0001051470-22-000019.txt
TELEPHONE & DATA SYSTEMS INC /DE/,0001051512,TDS-PV,,10-K,2022-02-17,edgar/data/1051512/0001051512-22-000013.txt
"STRATA Skin Sciences, Inc.",0001051514,SSKN,,10-K,2022-03-21,edgar/data/1051514/0001140361-22-010347.txt
AXT INC,0001051627,AXTI,,10-K,2022-03-15,edgar/data/1051627/0001558370-22-003664.txt
MAN AHL DIVERSIFIED I LP,0001052354,MADL,,10-K,2022-03-31,edgar/data/1052354/0001193125-22-090327.txt
GETTY REALTY CORP /MD/,0001052752,GTY,,10-K,2022-02-24,edgar/data/1052752/0001564590-22-006773.txt
ESSEX PORTFOLIO LP,0001053059,,,10-K,2022-02-25,edgar/data/1053059/0000920522-22-000019.txt
"WW INTERNATIONAL, INC.",0000105319,WW,,10-K,2022-03-01,edgar/data/105319/0001564590-22-008076.txt
HERITAGE COMMERCE CORP,0001053352,HTBK,,10-K,2022-03-04,edgar/data/1053352/0001558370-22-002901.txt
AMERICAN TOWER CORP /MA/,0001053507,AMT,,10-K,2022-02-25,edgar/data/1053507/0001053507-22-000017.txt
MACATAWA BANK CORP,0001053584,,,10-K,2022-02-17,edgar/data/1053584/0001140361-22-005958.txt
Diffusion Pharmaceuticals Inc.,0001053691,CRVO,,10-K,2022-03-18,edgar/data/1053691/0001437749-22-006737.txt
"CRA INTERNATIONAL, INC.",0001053706,CRAI,,10-K,2022-03-03,edgar/data/1053706/0001053706-22-000006.txt
"INTERPACE BIOSCIENCES, INC.",0001054102,IDXG,,10-K,2022-03-31,edgar/data/1054102/0001493152-22-008501.txt
WEIS MARKETS INC,0000105418,WMK,,10-K,2022-03-10,edgar/data/105418/0000105418-22-000009.txt
BSQUARE CORP /WA,0001054721,,,10-K,2022-03-10,edgar/data/1054721/0001437749-22-005867.txt
INNOSPEC INC.,0001054905,IOSP,,10-K,2022-02-16,edgar/data/1054905/0001193125-22-044144.txt
"MFA FINANCIAL, INC.",0001055160,MFAO,,10-K,2022-02-23,edgar/data/1055160/0001055160-22-000005.txt
"INOVIO PHARMACEUTICALS, INC.",0001055726,INO,,10-K,2022-03-01,edgar/data/1055726/0001055726-22-000008.txt
"KIRKLAND'S, INC",0001056285,TBHC,,10-K,2022-03-25,edgar/data/1056285/0001564590-22-011815.txt
"FEDERATED HERMES, INC.",0001056288,FHI,,10-K,2022-02-25,edgar/data/1056288/0001056288-22-000010.txt
"EMCOR Group, Inc.",0000105634,EME,,10-K,2022-02-24,edgar/data/105634/0000105634-22-000006.txt
MANNATECH INC,0001056358,MTEX,,10-K,2022-03-15,edgar/data/1056358/0001056358-22-000020.txt
MANHATTAN ASSOCIATES INC,0001056696,MANH,,10-K,2022-02-07,edgar/data/1056696/0001564590-22-004100.txt
AMERICAN STATES WATER CO,0001056903,AWR,,10-K,2022-02-22,edgar/data/1056903/0001056903-22-000022.txt
PEOPLES FINANCIAL SERVICES CORP.,0001056943,PFIS,,10-K,2022-03-16,edgar/data/1056943/0001558370-22-003741.txt
PC TEL INC,0001057083,,,10-K,2022-03-15,edgar/data/1057083/0001564590-22-010278.txt
"COSTAR GROUP, INC.",0001057352,CSGP,,10-K,2022-02-23,edgar/data/1057352/0001057352-22-000027.txt
"HACKETT GROUP, INC.",0001057379,HCKT,,10-K,2022-03-04,edgar/data/1057379/0001564590-22-008703.txt
"New Concept Energy, Inc.",0000105744,GBR,,10-K,2022-03-22,edgar/data/105744/0001010549-22-000079.txt
FIRST BANCORP /PR/,0001057706,FBP,,10-K,2022-03-01,edgar/data/1057706/0001057706-22-000005.txt
WEST PHARMACEUTICAL SERVICES INC,0000105770,WST,,10-K,2022-02-22,edgar/data/105770/0001628280-22-003342.txt
IDACORP INC,0001057877,IDA,,10-K,2022-02-17,edgar/data/1057877/0001057877-22-000014.txt
CHIPOTLE MEXICAN GRILL INC,0001058090,CMG,,10-K,2022-02-11,edgar/data/1058090/0001058090-22-000011.txt
COGNIZANT TECHNOLOGY SOLUTIONS CORP,0001058290,CTSH,,10-K,2022-02-16,edgar/data/1058290/0001058290-22-000023.txt
NextPlat Corp,0001058307,NXPLW,,10-K,2022-03-31,edgar/data/1058307/0001493152-22-008346.txt
CUMULUS MEDIA INC,0001058623,CMLS,,10-K,2022-02-23,edgar/data/1058623/0001058623-22-000028.txt
IMMERSION CORP,0001058811,IMMR,,10-K,2022-02-25,edgar/data/1058811/0001628280-22-004000.txt
GUARANTY BANCSHARES INC /TX/,0001058867,,,10-K,2022-03-11,edgar/data/1058867/0000950170-22-003464.txt
"AMERICA FIRST MULTIFAMILY INVESTORS, L.P.",0001059142,GHI,,10-K,2022-02-24,edgar/data/1059142/0000950170-22-001871.txt
SP Plus Corp,0001059262,,,10-K,2022-02-28,edgar/data/1059262/0001564590-22-007627.txt
MOODYS CORP /DE/,0001059556,MCO,,10-K,2022-02-22,edgar/data/1059556/0001059556-22-000012.txt
"SALISBURY BANCORP, INC.",0001060219,,,10-K,2022-03-11,edgar/data/1060219/0001554795-22-000089.txt
LIFE STORAGE LP,0001060224,,,10-K,2022-02-25,edgar/data/1060224/0000950170-22-002120.txt
"GAMCO INVESTORS, INC. ET AL",0001060349,,,10-K,2022-03-10,edgar/data/1060349/0001060349-22-000009.txt
"BRANDYWINE OPERATING PARTNERSHIP, L.P.",0001060386,,,10-K,2022-02-24,edgar/data/1060386/0000790816-22-000009.txt
"REPUBLIC SERVICES, INC.",0001060391,RSG,,10-K,2022-02-11,edgar/data/1060391/0001060391-22-000007.txt
Seagen Inc.,0001060736,,,10-K,2022-02-09,edgar/data/1060736/0001060736-22-000016.txt
CARTERS INC,0001060822,CRI,,10-K,2022-02-25,edgar/data/1060822/0001060822-22-000096.txt
"Viracta Therapeutics, Inc.",0001061027,VIRX,,10-K,2022-03-17,edgar/data/1061027/0000950170-22-003991.txt
AVALON HOLDINGS CORP,0001061069,AWX,,10-K,2022-03-10,edgar/data/1061069/0001437749-22-005883.txt
ENTERPRISE PRODUCTS PARTNERS L.P.,0001061219,EPDU,,10-K,2022-02-28,edgar/data/1061219/0001061219-22-000008.txt
"BLACKSTONE MORTGAGE TRUST, INC.",0001061630,BXMT,,10-K,2022-02-09,edgar/data/1061630/0001061630-22-000016.txt
HOST HOTELS & RESORTS L.P.,0001061937,,,10-K,2022-02-24,edgar/data/1061937/0000950170-22-001965.txt
CYTOKINETICS INC,0001061983,CYTK,,10-K,2022-02-25,edgar/data/1061983/0001564590-22-007218.txt
"Artemis Therapeutics, Inc.",0001062128,,,10-K,2022-03-03,edgar/data/1062128/0001178913-22-000921.txt
AMERICAN AXLE & MANUFACTURING HOLDINGS INC,0001062231,AXL,,10-K,2022-02-11,edgar/data/1062231/0001062231-22-000008.txt
ATLANTICA INC,0001062506,ALDA,,10-K,2022-03-17,edgar/data/1062506/0001548123-22-000013.txt
"LEXICON PHARMACEUTICALS, INC.",0001062822,LXRX,,10-K,2022-03-10,edgar/data/1062822/0001062822-22-000005.txt
HERSHA HOSPITALITY TRUST,0001063344,,,10-K,2022-02-24,edgar/data/1063344/0001063344-22-000033.txt
RiceBran Technologies,0001063537,,,10-K,2022-03-17,edgar/data/1063537/0001437749-22-006591.txt
SIMON PROPERTY GROUP INC /DE/,0001063761,SPG-PJ,,10-K,2022-02-24,edgar/data/1063761/0001558370-22-001845.txt
PEABODY ENERGY CORP,0001064728,BTU,,10-K,2022-02-18,edgar/data/1064728/0001064728-22-000008.txt
CENTRUS ENERGY CORP,0001065059,LEU,,10-K,2022-03-11,edgar/data/1065059/0001065059-22-000012.txt
"NETWORK-1 TECHNOLOGIES, INC.",0001065078,NTIP,,10-K,2022-03-30,edgar/data/1065078/0001072613-22-000370.txt
EBAY INC,0001065088,EBAY,,10-K,2022-02-24,edgar/data/1065088/0001065088-22-000006.txt
AMERINST INSURANCE GROUP LTD,0001065201,,,10-K,2022-03-30,edgar/data/1065201/0001437749-22-007724.txt
NETFLIX INC,0001065280,NFLX,,10-K,2022-01-27,edgar/data/1065280/0001065280-22-000036.txt
WEYCO GROUP INC,0000106532,WEYS,,10-K,2022-03-11,edgar/data/106532/0001410578-22-000345.txt
WEYERHAEUSER CO,0000106535,WY,,10-K,2022-02-18,edgar/data/106535/0001564590-22-005707.txt
LKQ CORP,0001065696,LKQ,,10-K,2022-02-25,edgar/data/1065696/0001065696-22-000006.txt
SKECHERS USA INC,0001065837,,,10-K,2022-02-25,edgar/data/1065837/0001564590-22-007170.txt
REGENCY CENTERS LP,0001066247,,,10-K,2022-02-17,edgar/data/1066247/0000950170-22-001418.txt
WHIRLPOOL CORP /DE/,0000106640,WHR,,10-K,2022-02-10,edgar/data/106640/0000106640-22-000015.txt
HEIDRICK & STRUGGLES INTERNATIONAL INC,0001066605,,,10-K,2022-02-28,edgar/data/1066605/0001066605-22-000008.txt
Ceres Classic L.P.,0001066656,,,10-K,2022-03-24,edgar/data/1066656/0001193125-22-083517.txt
THEGLOBE COM INC,0001066684,TGLO,,10-K,2022-03-24,edgar/data/1066684/0001410578-22-000493.txt
NUONCOLOGY LABS INC,0001066719,,,10-K,2022-03-10,edgar/data/1066719/0001683168-22-001571.txt
"Spine Injury Solutions, Inc",0001066764,BESS,,10-K,2022-03-16,edgar/data/1066764/0001185185-22-000287.txt
"Veris Residential, L.P.",0001067063,,,10-K,2022-02-23,edgar/data/1067063/0001562762-22-000051.txt
"UNITED RENTALS, INC.",0001067701,URI,,10-K,2022-01-26,edgar/data/1067701/0001067701-22-000008.txt
"AUDACY, INC.",0001067837,,,10-K,2022-03-01,edgar/data/1067837/0001628280-22-004551.txt
BERKSHIRE HATHAWAY INC,0001067983,BRK-A,,10-K,2022-02-28,edgar/data/1067983/0001564590-22-007322.txt
PARK OHIO INDUSTRIES INC/OH,0001068148,,,10-K,2022-03-23,edgar/data/1068148/0001068148-22-000003.txt
"Data443 Risk Mitigation, Inc.",0001068689,ATDS,,10-K,2022-03-31,edgar/data/1068689/0001493152-22-008586.txt
PROSPERITY BANCSHARES INC,0001068851,PB,,10-K,2022-02-28,edgar/data/1068851/0001564590-22-007263.txt
"BLUCORA, INC.",0001068875,,,10-K,2022-02-25,edgar/data/1068875/0001068875-22-000042.txt
EAST WEST BANCORP INC,0001069157,EWBC,,10-K,2022-02-28,edgar/data/1069157/0001069157-22-000031.txt
"AXON ENTERPRISE, INC.",0001069183,AXON,,10-K,2022-02-25,edgar/data/1069183/0001558370-22-002006.txt
LENNOX INTERNATIONAL INC,0001069202,LII,,10-K,2022-02-15,edgar/data/1069202/0001628280-22-002664.txt
"KRATOS DEFENSE & SECURITY SOLUTIONS, INC.",0001069258,KTOS,,10-K,2022-02-22,edgar/data/1069258/0001069258-22-000014.txt
Acer Therapeutics Inc.,0001069308,,,10-K,2022-03-02,edgar/data/1069308/0001564590-22-008350.txt
FLEXIBLE SOLUTIONS INTERNATIONAL INC,0001069394,FSI,,10-K,2022-03-29,edgar/data/1069394/0001493152-22-008027.txt
CASSAVA SCIENCES INC,0001069530,SAVA,,10-K,2022-03-01,edgar/data/1069530/0001069530-22-000011.txt
TREX CO INC,0001069878,TREX,,10-K,2022-02-28,edgar/data/1069878/0001193125-22-058229.txt
AppTech Payments Corp.,0001070050,APCXW,,10-K,2022-03-31,edgar/data/1070050/0001575705-22-000237.txt
"PTC THERAPEUTICS, INC.",0001070081,PTCT,,10-K,2022-02-22,edgar/data/1070081/0001070081-22-000011.txt
FIRST CAPITAL INC,0001070296,FCAP,,10-K,2022-03-14,edgar/data/1070296/0001171843-22-001829.txt
CNX Resources Corp,0001070412,CNX,,10-K,2022-02-10,edgar/data/1070412/0001070412-22-000011.txt
PLAINS ALL AMERICAN PIPELINE LP,0001070423,PAAPU,,10-K,2022-03-01,edgar/data/1070423/0001070423-22-000006.txt
ACADIA PHARMACEUTICALS INC,0001070494,ACAD,,10-K,2022-03-01,edgar/data/1070494/0000950170-22-002392.txt
CF BANKSHARES INC.,0001070680,CFBK,,10-K,2022-03-16,edgar/data/1070680/0001070680-22-000008.txt
"HOST HOTELS & RESORTS, INC.",0001070750,HST,,10-K,2022-02-24,edgar/data/1070750/0000950170-22-001965.txt
"CoreCivic, Inc.",0001070985,CXW,,10-K,2022-02-18,edgar/data/1070985/0001564590-22-005663.txt
RED RIVER BANCSHARES INC,0001071236,RRBI,,10-K,2022-03-18,edgar/data/1071236/0001071236-22-000021.txt
"GOLDEN ENTERTAINMENT, INC.",0001071255,GDEN,,10-K,2022-03-01,edgar/data/1071255/0001071255-22-000012.txt
CENTENE CORP,0001071739,CNC,,10-K,2022-02-22,edgar/data/1071739/0001071739-22-000071.txt
NORTHWEST BIOTHERAPEUTICS INC,0001072379,NWBO,,10-K,2022-03-01,edgar/data/1072379/0001410578-22-000244.txt
KINGSWAY FINANCIAL SERVICES INC,0001072627,KFS,,10-K,2022-02-28,edgar/data/1072627/0001437749-22-004674.txt
"WILLIAMS COMPANIES, INC.",0000107263,WMB,,10-K,2022-02-28,edgar/data/107263/0000107263-22-000007.txt
LCNB CORP,0001074902,LCNB,,10-K,2022-03-10,edgar/data/1074902/0001074902-22-000061.txt
DIVERSIFIED HEALTHCARE TRUST,0001075415,DHCNL,,10-K,2022-02-24,edgar/data/1075415/0001075415-22-000007.txt
Booking Holdings Inc.,0001075531,BKNG,,10-K,2022-02-23,edgar/data/1075531/0001075531-22-000008.txt
CITIZENS HOLDING CO /MS/,0001075706,CIZN,,10-K,2022-03-11,edgar/data/1075706/0001193125-22-072539.txt
"Crexendo, Inc.",0001075736,CXDO,,10-K,2022-03-21,edgar/data/1075736/0001654954-22-003516.txt
"POLARITYTE, INC.",0001076682,,,10-K,2022-03-30,edgar/data/1076682/0001493152-22-008097.txt
NOVANTA INC,0001076930,NOVTU,,10-K,2022-03-01,edgar/data/1076930/0001564590-22-007880.txt
NEOGENOMICS INC,0001077183,NEO,,10-K,2022-02-25,edgar/data/1077183/0001077183-22-000017.txt
TEXAS CAPITAL BANCSHARES INC/TX,0001077428,TCBIO,,10-K,2022-02-09,edgar/data/1077428/0001077428-22-000012.txt
UMPQUA HOLDINGS CORP,0001077771,,,10-K,2022-02-25,edgar/data/1077771/0001077771-22-000011.txt
WISCONSIN ELECTRIC POWER CO,0000107815,WELPM,,10-K,2022-02-24,edgar/data/107815/0000107815-22-000118.txt
WISCONSIN POWER & LIGHT CO,0000107832,,,10-K,2022-02-18,edgar/data/107832/0000352541-22-000020.txt
WISCONSIN PUBLIC SERVICE CORP,0000107833,,,10-K,2022-02-24,edgar/data/107833/0000107815-22-000120.txt
"Innoviva, Inc.",0001080014,INVA,,10-K,2022-02-28,edgar/data/1080014/0000950170-22-002169.txt
"MANHATTAN BRIDGE CAPITAL, INC",0001080340,LOAN,,10-K,2022-03-11,edgar/data/1080340/0001493152-22-006642.txt
PATRIOT GOLD CORP,0001080448,PGOL,,10-K,2022-03-29,edgar/data/1080448/0001683168-22-002070.txt
"Presidio Property Trust, Inc.",0001080657,SQFTW,,10-K,2022-03-30,edgar/data/1080657/0001437749-22-007590.txt
ARENA PHARMACEUTICALS INC,0001080709,,,10-K,2022-02-23,edgar/data/1080709/0001080709-22-000006.txt
BERKSHIRE HATHAWAY ENERGY CO,0001081316,,,10-K,2022-02-28,edgar/data/1081316/0001081316-22-000004.txt
"INTELLINETICS, INC.",0001081745,INLX,,10-K,2022-03-24,edgar/data/1081745/0001493152-22-007657.txt
DURECT CORP,0001082038,,,10-K,2022-03-08,edgar/data/1082038/0001564590-22-009097.txt
VirnetX Holding Corp,0001082324,VHC,,10-K,2022-03-16,edgar/data/1082324/0001140361-22-009768.txt
UNITED THERAPEUTICS Corp,0001082554,UTHR,,10-K,2022-02-24,edgar/data/1082554/0001082554-22-000004.txt
WORLD OMNI AUTO RECEIVABLES LLC,0001083199,,,10-K,2022-03-25,edgar/data/1083199/0001104659-22-037932.txt
WORLD OMNI AUTO RECEIVABLES LLC,0001083199,,,10-K,2022-03-25,edgar/data/1083199/0001104659-22-037934.txt
WORLD OMNI AUTO RECEIVABLES LLC,0001083199,,,10-K,2022-03-25,edgar/data/1083199/0001104659-22-037938.txt
WORLD OMNI AUTO RECEIVABLES LLC,0001083199,,,10-K,2022-03-25,edgar/data/1083199/0001104659-22-037942.txt
WORLD OMNI AUTO RECEIVABLES LLC,0001083199,,,10-K,2022-03-25,edgar/data/1083199/0001104659-22-037944.txt
WORLD OMNI AUTO RECEIVABLES LLC,0001083199,,,10-K,2022-03-25,edgar/data/1083199/0001104659-22-037949.txt
WORLD OMNI AUTO RECEIVABLES LLC,0001083199,,,10-K,2022-03-25,edgar/data/1083199/0001104659-22-037951.txt
WORLD OMNI AUTO RECEIVABLES LLC,0001083199,,,10-K,2022-03-25,edgar/data/1083199/0001104659-22-037952.txt
WORLD OMNI AUTO RECEIVABLES LLC,0001083199,,,10-K,2022-03-25,edgar/data/1083199/0001104659-22-037955.txt
WORLD OMNI AUTO RECEIVABLES LLC,0001083199,,,10-K,2022-03-25,edgar/data/1083199/0001104659-22-037959.txt
WORLD OMNI AUTO RECEIVABLES LLC,0001083199,,,10-K,2022-03-25,edgar/data/1083199/0001104659-22-037960.txt
WORLD OMNI AUTO RECEIVABLES LLC,0001083199,,,10-K,2022-03-25,edgar/data/1083199/0001104659-22-037961.txt
WORLD OMNI AUTO RECEIVABLES LLC,0001083199,,,10-K,2022-03-25,edgar/data/1083199/0001104659-22-037963.txt
WORLD OMNI AUTO RECEIVABLES LLC,0001083199,,,10-K,2022-03-25,edgar/data/1083199/0001104659-22-037965.txt
WORLD OMNI AUTO RECEIVABLES LLC,0001083199,,,10-K,2022-03-25,edgar/data/1083199/0001104659-22-037968.txt
WORLD OMNI AUTO RECEIVABLES LLC,0001083199,,,10-K,2022-03-25,edgar/data/1083199/0001104659-22-037971.txt
WORLD OMNI AUTO RECEIVABLES LLC,0001083199,,,10-K,2022-03-25,edgar/data/1083199/0001104659-22-037973.txt
TERAWULF INC.,0001083301,WULF,,10-K,2022-03-31,edgar/data/1083301/0001104659-22-041168.txt
"Apollo Medical Holdings, Inc.",0001083446,ASTH,,10-K,2022-02-28,edgar/data/1083446/0001628280-22-004291.txt
JONES SODA CO,0001083522,JSDA,,10-K,2022-03-14,edgar/data/1083522/0001437749-22-006106.txt
"ZIFF DAVIS, INC.",0001084048,ZD,,10-K,2022-03-15,edgar/data/1084048/0001084048-22-000015.txt
"Mobiquity Technologies, Inc.",0001084267,MOBQW,,10-K,2022-03-30,edgar/data/1084267/0001683168-22-002082.txt
LIGHTBRIDGE Corp,0001084554,LTBR,,10-K,2022-03-31,edgar/data/1084554/0001477932-22-001855.txt
CYREN Ltd.,0001084577,,,10-K,2022-03-24,edgar/data/1084577/0001213900-22-014854.txt
Jefferies Group LLC,0001084580,,,10-K,2022-01-28,edgar/data/1084580/0001084580-22-000006.txt
ENCORE CAPITAL GROUP INC,0001084961,ECPG,,10-K,2022-02-23,edgar/data/1084961/0001084961-22-000019.txt
NATURAL GAS SERVICES GROUP INC,0001084991,NGS,,10-K,2022-03-18,edgar/data/1084991/0001084991-22-000009.txt
"SKINVISIBLE, INC.",0001085277,SKVI,,10-K,2022-03-31,edgar/data/1085277/0001663577-22-000171.txt
PUGET ENERGY INC /WA,0001085392,,,10-K,2022-02-25,edgar/data/1085392/0001085392-22-000009.txt
PERFICIENT INC,0001085869,,,10-K,2022-02-24,edgar/data/1085869/0001085869-22-000036.txt
FARMERS & MERCHANTS BANCORP,0001085913,FMCB,,10-K,2022-03-16,edgar/data/1085913/0001140361-22-009805.txt
AKAMAI TECHNOLOGIES INC,0001086222,AKAM,,10-K,2022-02-28,edgar/data/1086222/0001086222-22-000058.txt
ALLIANCE RESOURCE PARTNERS LP,0001086600,ARLP,,10-K,2022-02-25,edgar/data/1086600/0001558370-22-002091.txt
"AYRO, Inc.",0001086745,SBLX,,10-K,2022-03-23,edgar/data/1086745/0001493152-22-007504.txt
ALR TECHNOLOGIES INC.,0001087022,,,10-K,2022-03-30,edgar/data/1087022/0001903596-22-000108.txt
CUMBERLAND PHARMACEUTICALS INC,0001087294,CPIX,,10-K,2022-03-11,edgar/data/1087294/0001628280-22-005942.txt
UNITED BANCSHARES INC/OH,0001087456,UBOH,,10-K,2022-03-07,edgar/data/1087456/0001437749-22-005332.txt
XEROX CORP,0000108772,,,10-K,2022-02-23,edgar/data/108772/0001770450-22-000010.txt
"Usio, Inc.",0001088034,USIO,,10-K,2022-03-17,edgar/data/1088034/0001437749-22-006589.txt
"MASTERMIND, INC.",0001088638,,,10-K,2022-02-14,edgar/data/1088638/0001437749-22-003274.txt
CORCEPT THERAPEUTICS INC,0001088856,CORT,,10-K,2022-02-15,edgar/data/1088856/0001628280-22-002714.txt
"DICK'S SPORTING GOODS, INC.",0001089063,DKS,,10-K,2022-03-23,edgar/data/1089063/0001089063-22-000031.txt
HUNTSMAN INTERNATIONAL LLC,0001089748,,,10-K,2022-02-15,edgar/data/1089748/0001437749-22-003430.txt
Cleco Corporate Holdings LLC,0001089819,,,10-K,2022-03-08,edgar/data/1089819/0001089819-22-000006.txt
YORK WATER CO,0000108985,YORW,,10-K,2022-03-08,edgar/data/108985/0000108985-22-000024.txt
"GAIA, INC",0001089872,GAIA,,10-K,2022-02-28,edgar/data/1089872/0001564590-22-007683.txt
SWK Holdings Corp,0001089907,SWKHL,,10-K,2022-03-25,edgar/data/1089907/0001552781-22-000279.txt
SOUTHERN FIRST BANCSHARES INC,0001090009,SFST,,10-K,2022-03-04,edgar/data/1090009/0001206774-22-000604.txt
DEVON ENERGY CORP/DE,0001090012,DVN,,10-K,2022-02-16,edgar/data/1090012/0001564590-22-005321.txt
TABLE TRAC INC,0001090396,TBTC,,10-K,2022-03-28,edgar/data/1090396/0001437749-22-007336.txt
LAMAR ADVERTISING CO/NEW,0001090425,LAMR,,10-K,2022-02-25,edgar/data/1090425/0001628280-22-003948.txt
UNITED PARCEL SERVICE INC,0001090727,UPS,,10-K,2022-02-22,edgar/data/1090727/0001090727-22-000007.txt
"CHARTER COMMUNICATIONS, INC. /MO/",0001091667,CHTR,,10-K,2022-01-28,edgar/data/1091667/0001091667-22-000024.txt
"Argo Group International Holdings, Ltd.",0001091748,,,10-K,2022-03-16,edgar/data/1091748/0001628280-22-006331.txt
WORLD WRESTLING ENTERTAINMENTINC,0001091907,,,10-K,2022-02-03,edgar/data/1091907/0001091907-22-000018.txt
TJX COMPANIES INC /DE/,0000109198,TJX,,10-K,2022-03-30,edgar/data/109198/0000109198-22-000008.txt
FULLNET COMMUNICATIONS INC,0001092570,FULO,,10-K,2022-03-31,edgar/data/1092570/0001376474-22-000177.txt
"CHEMBIO DIAGNOSTICS, INC.",0001092662,,,10-K,2022-03-03,edgar/data/1092662/0001140361-22-007735.txt
SPS COMMERCE INC,0001092699,SPSC,,10-K,2022-02-22,edgar/data/1092699/0001564590-22-005952.txt
HUTTIG BUILDING PRODUCTS INC,0001093082,,,10-K,2022-03-03,edgar/data/1093082/0001564590-22-008528.txt
DEXCOM INC,0001093557,DXCM,,10-K,2022-02-14,edgar/data/1093557/0001093557-22-000014.txt
PEOPLES BANCORP OF NORTH CAROLINA INC,0001093672,PEBK,,10-K,2022-03-18,edgar/data/1093672/0001654954-22-003418.txt
PLUG POWER INC,0001093691,PLUG,,10-K,2022-03-01,edgar/data/1093691/0001558370-22-002620.txt
"ZIONS BANCORPORATION, NATIONAL ASSOCIATION /UT/",0000109380,ZIONP,,10-K,2022-02-25,edgar/data/109380/0000109380-22-000072.txt
"Marker Therapeutics, Inc.",0001094038,MRKR,,10-K,2022-03-17,edgar/data/1094038/0001410578-22-000418.txt
TELKONET INC,0001094084,TKOI,,10-K,2022-03-31,edgar/data/1094084/0001683168-22-002167.txt
PROGRESS ENERGY INC,0001094093,,,10-K,2022-02-24,edgar/data/1094093/0001326160-22-000072.txt
TELEDYNE TECHNOLOGIES INC,0001094285,TDY,,10-K,2022-02-25,edgar/data/1094285/0001094285-22-000049.txt
"BGC Partners, Inc.",0001094831,BGC,,10-K,2022-02-28,edgar/data/1094831/0001628280-22-004275.txt
EVEREST RE GROUP LTD,0001095073,EG,,10-K,2022-02-28,edgar/data/1095073/0001095073-22-000005.txt
HEALTHSTREAM INC,0001095565,HSTM,,10-K,2022-02-28,edgar/data/1095565/0001437749-22-004615.txt
ISTAR INC.,0001095651,SAFE,,10-K,2022-02-25,edgar/data/1095651/0001095651-22-000004.txt
"PLUS THERAPEUTICS, INC.",0001095981,PSTV,,10-K,2022-02-24,edgar/data/1095981/0001564590-22-006708.txt
LUXFER HOLDINGS PLC,0001096056,LXFR,,10-K,2022-02-24,edgar/data/1096056/0001096056-22-000015.txt
Worksport Ltd,0001096275,WKSP,,10-K,2022-03-31,edgar/data/1096275/0001493152-22-008564.txt
MARKEL CORP,0001096343,MKL,,10-K,2022-02-18,edgar/data/1096343/0001096343-22-000039.txt
"GT Biopharma, Inc.",0000109657,GTBP,,10-K,2022-03-28,edgar/data/109657/0001493152-22-007883.txt
"ENTERPRISE DIVERSIFIED, INC.",0001096934,,,10-K,2022-03-28,edgar/data/1096934/0001437749-22-007399.txt
ALIGN TECHNOLOGY INC,0001097149,ALGN,,10-K,2022-02-25,edgar/data/1097149/0001097149-22-000011.txt
ON SEMICONDUCTOR CORP,0001097864,ON,,10-K,2022-02-14,edgar/data/1097864/0001628280-22-002416.txt
America Great Health,0001098009,,,10-K,2022-01-21,edgar/data/1098009/0001185185-22-000080.txt
PATRIOT NATIONAL BANCORP INC,0001098146,PNBK,,10-K,2022-03-24,edgar/data/1098146/0001437749-22-007098.txt
FIDELITY D & D BANCORP INC,0001098151,FDBC,,10-K,2022-03-23,edgar/data/1098151/0001098151-22-000006.txt
MIDAMERICAN FUNDING LLC,0001098296,,,10-K,2022-02-28,edgar/data/1098296/0001081316-22-000004.txt
IntelGenx Technologies Corp.,0001098880,,,10-K,2022-03-24,edgar/data/1098880/0001062993-22-008487.txt
AGENUS INC,0001098972,AGEN,,10-K,2022-03-01,edgar/data/1098972/0001564590-22-007867.txt
BEASLEY BROADCAST GROUP INC,0001099160,BBGI,,10-K,2022-02-23,edgar/data/1099160/0001193125-22-050000.txt
METLIFE INC,0001099219,MET-PF,,10-K,2022-02-18,edgar/data/1099219/0001099219-22-000014.txt
MERCADOLIBRE INC,0001099590,MELI,,10-K,2022-02-23,edgar/data/1099590/0001562762-22-000049.txt
Edwards Lifesciences Corp,0001099800,EW,,10-K,2022-02-14,edgar/data/1099800/0001099800-22-000005.txt
NORTHWEST PIPELINE LLC,0000110019,,,10-K,2022-02-28,edgar/data/110019/0000110019-22-000004.txt
"Advaxis, Inc.",0001100397,ADXS,,10-K,2022-02-14,edgar/data/1100397/0001493152-22-004469.txt
"CHARLES RIVER LABORATORIES INTERNATIONAL, INC.",0001100682,CRL,,10-K,2022-02-16,edgar/data/1100682/0001100682-22-000007.txt
ALLIANCE DATA SYSTEMS CORP,0001101215,BFH-PA,,10-K,2022-02-25,edgar/data/1101215/0001101215-22-000038.txt
EQUINIX INC,0001101239,EQIX,,10-K,2022-02-18,edgar/data/1101239/0001628280-22-003171.txt
ENTEGRIS INC,0001101302,ENTG,,10-K,2022-02-04,edgar/data/1101302/0001101302-22-000010.txt
QUOTEMEDIA INC,0001101433,QMCI,,10-K,2022-03-30,edgar/data/1101433/0001654954-22-004062.txt
DZS INC.,0001101680,,,10-K,2022-03-09,edgar/data/1101680/0001564590-22-009316.txt
PACWEST BANCORP,0001102112,,,10-K,2022-02-28,edgar/data/1102112/0001628280-22-004301.txt
AMERICAN REALTY INVESTORS INC,0001102238,ARL,,10-K,2022-03-29,edgar/data/1102238/0001102238-22-000004.txt
LIVEPERSON INC,0001102993,LPSN,,10-K,2022-02-28,edgar/data/1102993/0001102993-22-000015.txt
BIODELIVERY SCIENCES INTERNATIONAL INC,0001103021,,,10-K,2022-03-09,edgar/data/1103021/0001103021-22-000051.txt
REFLECT SCIENTIFIC INC,0001103090,RSCF,,10-K,2022-03-31,edgar/data/1103090/0001548123-22-000034.txt
"QS Energy, Inc.",0001103795,QSEP,,10-K,2022-03-31,edgar/data/1103795/0001683168-22-002165.txt
"Mondelez International, Inc.",0001103982,MDLZ,,10-K,2022-02-04,edgar/data/1103982/0001103982-22-000003.txt
"VerifyMe, Inc.",0001104038,VRME,,10-K,2022-03-14,edgar/data/1104038/0001214659-22-003917.txt
"NORTHERN OIL & GAS, INC.",0001104485,NOG,,10-K,2022-02-25,edgar/data/1104485/0001104485-22-000047.txt
INSMED Inc,0001104506,INSM,,10-K,2022-02-17,edgar/data/1104506/0001104506-22-000008.txt
MATERION Corp,0001104657,MTRN,,10-K,2022-02-17,edgar/data/1104657/0001104657-22-000021.txt
WOLVERINE WORLD WIDE INC /DE/,0000110471,WWW,,10-K,2022-02-24,edgar/data/110471/0000110471-22-000008.txt
SEAFARER EXPLORATION CORP,0001106213,SFRX,,10-K,2022-03-31,edgar/data/1106213/0001199835-22-000180.txt
"CHINA PHARMA HOLDINGS, INC.",0001106644,CPHI,,10-K,2022-03-30,edgar/data/1106644/0001213900-22-016151.txt
OCULUS VISIONTECH INC.,0001107280,OVTZ,,10-K,2022-03-21,edgar/data/1107280/0001437749-22-006790.txt
"Alaunos Therapeutics, Inc.",0001107421,TCRT,,10-K,2022-03-30,edgar/data/1107421/0000950170-22-004972.txt
"QUALYS, INC.",0001107843,QLYS,,10-K,2022-02-22,edgar/data/1107843/0001437749-22-004075.txt
COMMUNITY HEALTH SYSTEMS INC,0001108109,CYH,,10-K,2022-02-17,edgar/data/1108109/0001564590-22-005570.txt
BERKSHIRE HILLS BANCORP INC,0001108134,BBT,,10-K,2022-03-01,edgar/data/1108134/0001108134-22-000004.txt
CURIS INC,0001108205,CRIS,,10-K,2022-02-24,edgar/data/1108205/0001108205-22-000002.txt
CITIBANK CREDIT CARD ISSUANCE TRUST,0001108348,,,10-K,2022-03-30,edgar/data/1108348/0001193125-22-089155.txt
PNM RESOURCES INC,0001108426,TXNM,,10-K,2022-03-01,edgar/data/1108426/0001108426-22-000010.txt
"SALESFORCE.COM, INC.",0001108524,CRM,,10-K,2022-03-11,edgar/data/1108524/0001108524-22-000013.txt
Live Current Media Inc.,0001108630,,,10-K,2022-03-31,edgar/data/1108630/0001062993-22-009121.txt
"Orbital Energy Group, Inc.",0001108967,,,10-K,2022-03-31,edgar/data/1108967/0001437749-22-007887.txt
ENTRAVISION COMMUNICATIONS CORP,0001109116,EVC,,10-K,2022-03-16,edgar/data/1109116/0000950170-22-003821.txt
HANMI FINANCIAL CORP,0001109242,HAFC,,10-K,2022-02-28,edgar/data/1109242/0001564590-22-007615.txt
BRUKER CORP,0001109354,BRKRP,,10-K,2022-02-28,edgar/data/1109354/0001193125-22-056531.txt
EXELON CORP,0001109357,EXC,,10-K,2022-02-25,edgar/data/1109357/0001109357-22-000039.txt
ALLIANCEBERNSTEIN L.P.,0001109448,,,10-K,2022-02-11,edgar/data/1109448/0001109448-22-000008.txt
Endexx Corp,0001109486,EDXC,,10-K,2022-03-31,edgar/data/1109486/0001493152-22-008591.txt
"Deep Down, Inc.",0001110607,KLNG,,10-K,2022-03-29,edgar/data/1110607/0001683168-22-002017.txt
ON24 INC.,0001110611,ONTF,,10-K,2022-03-14,edgar/data/1110611/0001110611-22-000011.txt
METLIFE POLICYHOLDER TRUST,0001110795,,,10-K,2022-03-25,edgar/data/1110795/0000937834-22-000032.txt
"ILLUMINA, INC.",0001110803,ILMN,,10-K,2022-02-18,edgar/data/1110803/0001110803-22-000013.txt
NuStar Energy L.P.,0001110805,,,10-K,2022-02-24,edgar/data/1110805/0001110805-22-000008.txt
VISTEON CORP,0001111335,VC,,10-K,2022-02-17,edgar/data/1111335/0001111335-22-000014.txt
"RxSight, Inc.",0001111485,RXST,,10-K,2022-03-08,edgar/data/1111485/0000950170-22-003135.txt
NISOURCE INC.,0001111711,NI,,10-K,2022-02-23,edgar/data/1111711/0001111711-22-000007.txt
DYNARESOURCE INC,0001111741,DYNR,,10-K,2022-03-24,edgar/data/1111741/0001654954-22-003737.txt
IPG PHOTONICS CORP,0001111928,IPGP,,10-K,2022-02-22,edgar/data/1111928/0001111928-22-000025.txt
"INFINITY PHARMACEUTICALS, INC.",0001113148,,,10-K,2022-03-29,edgar/data/1113148/0001113148-22-000007.txt
PRICE T ROWE GROUP INC,0001113169,TROW,,10-K,2022-02-24,edgar/data/1113169/0001113169-22-000005.txt
AXCELIS TECHNOLOGIES INC,0001113232,ACLS,,10-K,2022-02-25,edgar/data/1113232/0001558370-22-002096.txt
"MobileSmith, Inc.",0001113513,,,10-K,2022-03-25,edgar/data/1113513/0001654954-22-003803.txt
Integer Holdings Corp,0001114483,ITGR,,10-K,2022-02-22,edgar/data/1114483/0001114483-22-000002.txt
FIRST NORTHERN COMMUNITY BANCORP,0001114927,FNRN,,10-K,2022-03-14,edgar/data/1114927/0001140361-22-009242.txt
IMPINJ INC,0001114995,PI,,10-K,2022-02-14,edgar/data/1114995/0001564590-22-004981.txt
PINNACLE FINANCIAL PARTNERS INC,0001115055,,,10-K,2022-02-28,edgar/data/1115055/0001115055-22-000013.txt
Quotient Technology Inc.,0001115128,,,10-K,2022-03-01,edgar/data/1115128/0001115128-22-000007.txt
ORASURE TECHNOLOGIES INC,0001116463,OSUR,,10-K,2022-03-01,edgar/data/1116463/0000950170-22-002556.txt
TTM TECHNOLOGIES INC,0001116942,TTMI,,10-K,2022-03-01,edgar/data/1116942/0001564590-22-008035.txt
Planet Green Holdings Corp.,0001117057,PLAG,,10-K,2022-03-31,edgar/data/1117057/0001213900-22-016419.txt
CHIMERIX INC,0001117480,,,10-K,2022-03-01,edgar/data/1117480/0001117480-22-000008.txt
BANCPLUS CORP,0001118004,,,10-K,2022-03-04,edgar/data/1118004/0001118004-22-000015.txt
SKINOVATION PHARMACEUTICAL INC,0001118072,,,10-K,2022-03-23,edgar/data/1118072/0001554795-22-000111.txt
PCT LTD,0001119897,,,10-K,2022-03-31,edgar/data/1119897/0001554795-22-000134.txt
"NASDAQ, INC.",0001120193,NDAQ,,10-K,2022-02-23,edgar/data/1120193/0001120193-22-000007.txt
"BROADWIND, INC.",0001120370,BWEN,,10-K,2022-03-02,edgar/data/1120370/0001437749-22-005003.txt
PDF SOLUTIONS INC,0001120914,PDFS,,10-K,2022-03-01,edgar/data/1120914/0001558370-22-002561.txt
Comstock Mining Inc.,0001120970,LODE,,10-K,2022-03-28,edgar/data/1120970/0001120970-22-000023.txt
Maxar Technologies Inc.,0001121142,,,10-K,2022-02-22,edgar/data/1121142/0001558370-22-001597.txt
"OIL STATES INTERNATIONAL, INC",0001121484,OIS,,10-K,2022-02-22,edgar/data/1121484/0001121484-22-000024.txt
"YIELD10 BIOSCIENCE, INC.",0001121702,,,10-K,2022-03-25,edgar/data/1121702/0001121702-22-000008.txt
GARMIN LTD,0001121788,GRMN,,10-K,2022-02-16,edgar/data/1121788/0000950170-22-001303.txt
"NETGEAR, INC.",0001122904,NTGR,,10-K,2022-02-18,edgar/data/1122904/0001564590-22-005708.txt
AVIENT CORP,0001122976,AVNT,,10-K,2022-02-22,edgar/data/1122976/0001122976-22-000007.txt
GLOBAL PAYMENTS INC,0001123360,GPN,,10-K,2022-02-18,edgar/data/1123360/0001123360-22-000007.txt
HARVARD BIOSCIENCE INC,0001123494,HBIO,,10-K,2022-03-11,edgar/data/1123494/0001171843-22-001806.txt
"BAB, INC.",0001123596,BABB,,10-K,2022-02-25,edgar/data/1123596/0001437749-22-004437.txt
NORTHERN STATES POWER CO,0001123852,,,10-K,2022-02-23,edgar/data/1123852/0001123852-22-000004.txt
"CATALYST BIOSCIENCES, INC.",0001124105,GYRE,,10-K,2022-03-31,edgar/data/1124105/0001564590-22-012877.txt
EXACT SCIENCES CORP,0001124140,EXAS,,10-K,2022-02-22,edgar/data/1124140/0001124140-22-000022.txt
FLUOR CORP,0001124198,FLR,,10-K,2022-02-22,edgar/data/1124198/0001628280-22-003231.txt
"Cryoport, Inc.",0001124524,CYRX,,10-K,2022-02-28,edgar/data/1124524/0001410578-22-000232.txt
"VMWARE, INC.",0001124610,,,10-K,2022-03-24,edgar/data/1124610/0001124610-22-000009.txt
"NLIGHT, INC.",0001124796,LASR,,10-K,2022-02-28,edgar/data/1124796/0001124796-22-000028.txt
"ALLSCRIPTS HEALTHCARE SOLUTIONS, INC.",0001124804,MDRX,,10-K,2022-02-25,edgar/data/1124804/0000950170-22-002112.txt
CARNIVAL PLC,0001125259,CUKPF,,10-K,2022-01-27,edgar/data/1125259/0000815097-22-000009.txt
MACROGENICS INC,0001125345,MGNX,,10-K,2022-02-24,edgar/data/1125345/0001125345-22-000013.txt
"ENSIGN GROUP, INC",0001125376,ENSG,,10-K,2022-02-09,edgar/data/1125376/0001125376-22-000019.txt
"LUMOS PHARMA, INC.",0001126234,,,10-K,2022-03-11,edgar/data/1126234/0001126234-22-000021.txt
PRINCIPAL FINANCIAL GROUP INC,0001126328,PFG,,10-K,2022-02-11,edgar/data/1126328/0001104659-22-020401.txt
GRANDSOUTH BANCORPORATION,0001126961,,,10-K,2022-03-31,edgar/data/1126961/0001552781-22-000295.txt
"Magellan Midstream Partners, L.P.",0001126975,,,10-K,2022-02-17,edgar/data/1126975/0001126975-22-000070.txt
CENTRAL VALLEY COMMUNITY BANCORP,0001127371,CWBC,,10-K,2022-03-09,edgar/data/1127371/0001127371-22-000037.txt
Pulmonx Corp,0001127537,LUNG,,10-K,2022-03-01,edgar/data/1127537/0001127537-22-000013.txt
PROASSURANCE CORP,0001127703,PRA,,10-K,2022-02-22,edgar/data/1127703/0001875246-22-000003.txt
"ProtoKinetix, Inc.",0001128189,PKTX,,10-K,2022-03-10,edgar/data/1128189/0001079973-22-000230.txt
BA Credit Card Trust,0001128250,,,10-K,2022-03-25,edgar/data/1128250/0001140361-22-011126.txt
ENERTECK CORP,0001128353,,,10-K,2022-03-31,edgar/data/1128353/0001477932-22-001829.txt
HOPE BANCORP INC,0001128361,HOPE,,10-K,2022-02-28,edgar/data/1128361/0001128361-22-000010.txt
FLOWERS FOODS INC,0001128928,FLO,,10-K,2022-02-23,edgar/data/1128928/0001564590-22-006065.txt
MARINE PRODUCTS CORP,0001129155,MPX,,10-K,2022-02-28,edgar/data/1129155/0001558370-22-002350.txt
"VOCERA COMMUNICATIONS, INC.",0001129260,,,10-K,2022-02-22,edgar/data/1129260/0001129260-22-000007.txt
SIERRA BANCORP,0001130144,BSRR,,10-K,2022-03-10,edgar/data/1130144/0001558370-22-003269.txt
"Cyclacel Pharmaceuticals, Inc.",0001130166,BGMSP,,10-K,2022-03-30,edgar/data/1130166/0001558370-22-004769.txt
CENTERPOINT ENERGY INC,0001130310,CNP,,10-K,2022-02-22,edgar/data/1130310/0001130310-22-000023.txt
BLACK HILLS CORP /SD/,0001130464,BKH,,10-K,2022-02-15,edgar/data/1130464/0001130464-22-000004.txt
"Onconova Therapeutics, Inc.",0001130598,TRAW,,10-K,2022-03-21,edgar/data/1130598/0001558370-22-004015.txt
"OVERSTOCK.COM, INC",0001130713,BBBY-WT,,10-K,2022-02-25,edgar/data/1130713/0001130713-22-000009.txt
AEI INCOME & GROWTH FUND 24 LLC,0001130758,,,10-K,2022-03-31,edgar/data/1130758/0000894245-22-000036.txt
CANCER CAPITAL CORP,0001130889,,,10-K,2022-03-22,edgar/data/1130889/0001554795-22-000107.txt
ZION OIL & GAS INC,0001131312,ZNOGW,,10-K,2022-03-17,edgar/data/1131312/0001213900-22-013250.txt
SYNCHRONOSS TECHNOLOGIES INC,0001131554,SNCR,,10-K,2022-03-15,edgar/data/1131554/0001131554-22-000018.txt
SPECTRAL CAPITAL Corp,0001131903,FCCN,,10-K,2022-03-04,edgar/data/1131903/0001096906-22-000475.txt
"SPORTSMAN'S WAREHOUSE HOLDINGS, INC.",0001132105,SPWH,,10-K,2022-03-30,edgar/data/1132105/0001558370-22-004698.txt
AMES NATIONAL CORP,0001132651,ATLO,,10-K,2022-03-11,edgar/data/1132651/0001437749-22-006000.txt
TRAVELZOO,0001133311,TZOO,,10-K,2022-03-31,edgar/data/1133311/0001133311-22-000012.txt
GALECTIN THERAPEUTICS INC,0001133416,GALT,,10-K,2022-03-31,edgar/data/1133416/0001140361-22-012058.txt
NORTHROP GRUMMAN CORP /DE/,0001133421,NOC,,10-K,2022-01-27,edgar/data/1133421/0001133421-22-000004.txt
Capital One Auto Receivables LLC,0001133438,,,10-K,2022-03-25,edgar/data/1133438/0001766004-22-000014.txt
Capital One Auto Receivables LLC,0001133438,,,10-K,2022-03-25,edgar/data/1133438/0001786041-22-000013.txt
Capital One Auto Receivables LLC,0001133438,,,10-K,2022-03-25,edgar/data/1133438/0001799766-22-000014.txt
Capital One Auto Receivables LLC,0001133438,,,10-K,2022-03-25,edgar/data/1133438/0001885053-22-000013.txt
BIO-PATH HOLDINGS INC,0001133818,BPTH,,10-K,2022-03-10,edgar/data/1133818/0001558370-22-003298.txt
"CAPRICOR THERAPEUTICS, INC.",0001133869,CAPR,,10-K,2022-03-11,edgar/data/1133869/0001558370-22-003341.txt
INTERNATIONAL TOWER HILL MINES LTD,0001134115,THM,,10-K,2022-03-09,edgar/data/1134115/0001410578-22-000306.txt
ATLAS AIR WORLDWIDE HOLDINGS INC,0001135185,,,10-K,2022-02-17,edgar/data/1135185/0001564590-22-005515.txt
PEPCO HOLDINGS LLC,0001135971,,,10-K,2022-02-25,edgar/data/1135971/0001109357-22-000039.txt
Williams Industrial Services Group Inc.,0001136294,,,10-K,2022-03-16,edgar/data/1136294/0001558370-22-003770.txt
Crestwood Equity Partners LP,0001136352,,,10-K,2022-02-28,edgar/data/1136352/0001136352-22-000003.txt
"ZIMMER BIOMET HOLDINGS, INC.",0001136869,ZBH,,10-K,2022-02-25,edgar/data/1136869/0001564590-22-007160.txt
"Fidelity National Information Services, Inc.",0001136893,FIS,,10-K,2022-02-23,edgar/data/1136893/0001136893-22-000038.txt
"POWER SOLUTIONS INTERNATIONAL, INC.",0001137091,PSIX,,10-K,2022-03-31,edgar/data/1137091/0001137091-22-000007.txt
UNITED SECURITY BANCSHARES,0001137547,UBFO,,10-K,2022-03-09,edgar/data/1137547/0001137547-22-000004.txt
PRUDENTIAL FINANCIAL INC,0001137774,PRS,,10-K,2022-02-17,edgar/data/1137774/0001137774-22-000038.txt
BRAINSTORM CELL THERAPEUTICS INC.,0001137883,BCLI,,10-K,2022-03-28,edgar/data/1137883/0001410578-22-000554.txt
"CBRE GROUP, INC.",0001138118,CBRE,,10-K,2022-03-01,edgar/data/1138118/0001138118-22-000010.txt
Infinera Corp,0001138639,,,10-K,2022-02-23,edgar/data/1138639/0001138639-22-000033.txt
WFN CREDIT CO LLC,0001139552,,,10-K,2022-03-30,edgar/data/1139552/0001101215-22-000065.txt
WORLD FINANCIAL NETWORK CREDIT CARD MASTER TRUST,0001140096,,,10-K,2022-03-30,edgar/data/1140096/0001101215-22-000065.txt
"HireQuest, Inc.",0001140102,HQI,,10-K,2022-03-15,edgar/data/1140102/0001437749-22-006329.txt
WILLIS TOWERS WATSON PLC,0001140536,WTW,,10-K,2022-02-24,edgar/data/1140536/0000950170-22-001932.txt
CROSS COUNTRY HEALTHCARE INC,0001141103,CCRN,,10-K,2022-02-28,edgar/data/1141103/0001628280-22-004263.txt
PEDEVCO CORP,0001141197,PED,,10-K,2022-03-11,edgar/data/1141197/0001654954-22-003008.txt
LIQUIDMETAL TECHNOLOGIES INC,0001141240,LQMT,,10-K,2022-03-29,edgar/data/1141240/0001437749-22-007571.txt
Mastercard Inc,0001141391,MA,,10-K,2022-02-11,edgar/data/1141391/0001141391-22-000023.txt
LANDMARK BANCORP INC,0001141688,LARK,,10-K,2022-03-22,edgar/data/1141688/0001493152-22-007428.txt
"NEXSTAR MEDIA GROUP, INC.",0001142417,NXST,,10-K,2022-02-28,edgar/data/1142417/0000950170-22-002187.txt
NUVASIVE INC,0001142596,,,10-K,2022-02-23,edgar/data/1142596/0001564590-22-006269.txt
AMN HEALTHCARE SERVICES INC,0001142750,AMN,,10-K,2022-02-24,edgar/data/1142750/0001142750-22-000010.txt
BUNGELTD,0001144519,,,10-K,2022-02-24,edgar/data/1144519/0001144519-22-000017.txt
ASBURY AUTOMOTIVE GROUP INC,0001144980,ABG,,10-K,2022-03-01,edgar/data/1144980/0001144980-22-000079.txt
INSULET CORP,0001145197,PODD,,10-K,2022-02-24,edgar/data/1145197/0001145197-22-000012.txt
CENTENNIAL GROWTH EQUITIES INC,0001145604,NIKA,,10-K,2022-03-03,edgar/data/1145604/0001826466-22-000017.txt
GLOBAL MACRO TRUST,0001145765,,,10-K,2022-03-31,edgar/data/1145765/0001145765-22-000005.txt
ASPEN AEROGELS INC,0001145986,ASPN,,10-K,2022-03-01,edgar/data/1145986/0001564590-22-007814.txt
BERKLEY W R CORP,0000011544,WRB-PH,,10-K,2022-02-24,edgar/data/11544/0000011544-22-000007.txt
"Anthem, Inc.",0001156039,ELV,,10-K,2022-02-16,edgar/data/1156039/0001156039-22-000009.txt
HOUSTON AMERICAN ENERGY CORP,0001156041,AGIG,,10-K,2022-03-31,edgar/data/1156041/0001493152-22-008596.txt
LAKE AREA CORN PROCESSORS LLC,0001156174,,,10-K,2022-03-03,edgar/data/1156174/0001156174-22-000006.txt
CME GROUP INC.,0001156375,CME,,10-K,2022-02-25,edgar/data/1156375/0001156375-22-000076.txt
BIG 5 SPORTING GOODS Corp,0001156388,,,10-K,2022-03-02,edgar/data/1156388/0000950170-22-002646.txt
"MADRIGAL PHARMACEUTICALS, INC.",0001157601,MDGL,,10-K,2022-02-24,edgar/data/1157601/0001193125-22-051569.txt
"Western New England Bancorp, Inc.",0001157647,WNEB,,10-K,2022-03-11,edgar/data/1157647/0001387131-22-003574.txt
CHINA AUTOMOTIVE SYSTEMS INC,0001157762,,,10-K,2022-03-30,edgar/data/1157762/0001410578-22-000626.txt
MERRILL LYNCH DEPOSITOR INC PREFERREDPLUS TRUST SER CZN 1,0001157987,,,10-K,2022-03-28,edgar/data/1157987/0001174947-22-000404.txt
"APPLIED OPTOELECTRONICS, INC.",0001158114,AAOI,,10-K,2022-02-24,edgar/data/1158114/0001437749-22-004349.txt
"COMSCORE, INC.",0001158172,SCOR,,10-K,2022-03-02,edgar/data/1158172/0001158172-22-000011.txt
"COGENT COMMUNICATIONS HOLDINGS, INC.",0001158324,CCOI,,10-K,2022-02-25,edgar/data/1158324/0001104659-22-027066.txt
CHINA HGS REAL ESTATE INC.,0001158420,,,10-K,2022-01-13,edgar/data/1158420/0001410578-22-000022.txt
ADVANCE AUTO PARTS INC,0001158449,AAP,,10-K,2022-02-15,edgar/data/1158449/0001158449-22-000037.txt
JETBLUE AIRWAYS CORP,0001158463,JBLU,,10-K,2022-02-22,edgar/data/1158463/0001158463-22-000017.txt
LEMAITRE VASCULAR INC,0001158895,LMAT,,10-K,2022-02-28,edgar/data/1158895/0001437749-22-004662.txt
"HALOZYME THERAPEUTICS, INC.",0001159036,HALO,,10-K,2022-02-22,edgar/data/1159036/0001159036-22-000014.txt
IROBOT CORP,0001159167,,,10-K,2022-02-15,edgar/data/1159167/0001159167-22-000009.txt
AlerisLife Inc.,0001159281,,,10-K,2022-02-24,edgar/data/1159281/0001159281-22-000026.txt
FORD CREDIT FLOORPLAN MASTER OWNER TRUST A,0001159408,,,10-K,2022-03-25,edgar/data/1159408/0001159408-22-000008.txt
Savara Inc,0001160308,SVRA,,10-K,2022-03-30,edgar/data/1160308/0000950170-22-005045.txt
SOUTHERN POWER CO,0001160661,,,10-K,2022-02-17,edgar/data/1160661/0000092122-22-000003.txt
GOLD RESOURCE CORP,0001160791,GORO,,10-K,2022-03-10,edgar/data/1160791/0001558370-22-003309.txt
"C2E ENERGY, INC.",0001160798,,,10-K,2022-03-21,edgar/data/1160798/0001829126-22-006445.txt
NOVA STAR INNOVATIONS INC,0001160945,,,10-K,2022-03-14,edgar/data/1160945/0001554795-22-000094.txt
MGE ENERGY INC,0001161728,MGEE,,10-K,2022-02-23,edgar/data/1161728/0000950170-22-001709.txt
FLUIDIGM CORP,0001162194,LAB,,10-K,2022-03-08,edgar/data/1162194/0001162194-22-000021.txt
"CAPITAL ONE FUNDING, LLC",0001162387,,,10-K,2022-03-25,edgar/data/1162387/0001162387-22-000007.txt
CUTERA INC,0001162461,,,10-K,2022-03-01,edgar/data/1162461/0001628280-22-004539.txt
"Creek Road Miners, Inc.",0001162896,PROP,,10-K,2022-03-31,edgar/data/1162896/0001493152-22-008275.txt
CONOCOPHILLIPS,0001163165,COP,,10-K,2022-02-17,edgar/data/1163165/0001562762-22-000031.txt
UNITED STATES STEEL CORP,0001163302,,,10-K,2022-02-11,edgar/data/1163302/0001163302-22-000021.txt
CAPITAL ONE MULTI ASSET EXECUTION TRUST,0001163321,,,10-K,2022-03-25,edgar/data/1163321/0001162387-22-000007.txt
NORTHRIM BANCORP INC,0001163370,NRIM,,10-K,2022-03-04,edgar/data/1163370/0001163370-22-000008.txt
NEW PEOPLES BANKSHARES INC,0001163389,NWPP,,10-K,2022-03-31,edgar/data/1163389/0001903596-22-000131.txt
SOUTH DAKOTA SOYBEAN PROCESSORS LLC,0001163609,SDSYA,,10-K,2022-03-18,edgar/data/1163609/0001163609-22-000008.txt
"SOUTH PLAINS FINANCIAL, INC.",0001163668,SPFI,,10-K,2022-03-08,edgar/data/1163668/0001140361-22-008216.txt
NABORS INDUSTRIES LTD,0001163739,NBRWF,,10-K,2022-02-18,edgar/data/1163739/0001558370-22-001407.txt
NEWMONT Corp /DE/,0001164727,NEMCL,,10-K,2022-02-24,edgar/data/1164727/0001164727-22-000007.txt
"ENPRO INDUSTRIES, INC",0001164863,NPO,,10-K,2022-03-01,edgar/data/1164863/0001164863-22-000010.txt
WESTWOOD HOLDINGS GROUP INC,0001165002,WHG,,10-K,2022-03-04,edgar/data/1165002/0001165002-22-000039.txt
"XPO Logistics, Inc.",0001166003,XPO,,10-K,2022-02-16,edgar/data/1166003/0001166003-22-000024.txt
VERINT SYSTEMS INC,0001166388,,,10-K,2022-03-29,edgar/data/1166388/0001166388-22-000019.txt
COMCAST CORP,0001166691,CCZ,,10-K,2022-02-02,edgar/data/1166691/0001166691-22-000009.txt
WEST BANCORPORATION INC,0001166928,WTBA,,10-K,2022-02-24,edgar/data/1166928/0001166928-22-000019.txt
"Riot Blockchain, Inc.",0001167419,RIOT,,10-K,2022-03-16,edgar/data/1167419/0001079973-22-000280.txt
BRIGHTHOUSE LIFE INSURANCE Co OF NY,0001167609,,,10-K,2022-03-03,edgar/data/1167609/0001167609-22-000003.txt
Desert Hawk Gold Corp.,0001168081,,,10-K,2022-03-31,edgar/data/1168081/0001213900-22-016584.txt
CONSTELLATION ENERGY GENERATION LLC,0001168165,,,10-K,2022-02-25,edgar/data/1168165/0001868275-22-000020.txt
PLUMAS BANCORP,0001168455,PLBC,,10-K,2022-03-17,edgar/data/1168455/0001437749-22-006531.txt
Noble Finance Co,0001169055,,,10-K,2022-02-17,edgar/data/1169055/0001628280-22-003005.txt
PhaseBio Pharmaceuticals Inc,0001169245,,,10-K,2022-03-24,edgar/data/1169245/0001169245-22-000028.txt
COMPUTER PROGRAMS & SYSTEMS INC,0001169445,TBRG,,10-K,2022-03-15,edgar/data/1169445/0001169445-22-000003.txt
CHANNELADVISOR CORP,0001169652,,,10-K,2022-02-10,edgar/data/1169652/0001169652-22-000007.txt
"BANC OF CALIFORNIA, INC.",0001169770,BANC-PF,,10-K,2022-03-01,edgar/data/1169770/0001169770-22-000011.txt
"HTG MOLECULAR DIAGNOSTICS, INC",0001169987,,,10-K,2022-03-29,edgar/data/1169987/0001564590-22-012240.txt
ADAMANT DRI PROCESSING & MINERALS GROUP,0001171008,ADMG,,10-K,2022-02-24,edgar/data/1171008/0001493152-22-005378.txt
NATURAL RESOURCE PARTNERS LP,0001171486,NRP,,10-K,2022-03-15,edgar/data/1171486/0001171486-22-000021.txt
RED ROBIN GOURMET BURGERS INC,0001171759,RRGB,,10-K,2022-03-10,edgar/data/1171759/0001171759-22-000010.txt
SAFETY INSURANCE GROUP INC,0001172052,SAFT,,10-K,2022-02-28,edgar/data/1172052/0001172052-22-000011.txt
HAWAIIAN HOLDINGS INC,0001172222,,,10-K,2022-02-10,edgar/data/1172222/0001172222-22-000016.txt
"DORCHESTER MINERALS, L.P.",0001172358,DMLP,,10-K,2022-02-24,edgar/data/1172358/0001437749-22-004351.txt
"Sunworks, Inc.",0001172631,,,10-K,2022-03-11,edgar/data/1172631/0001493152-22-006620.txt
"ABVC BIOPHARMA, INC.",0001173313,ABVC,,10-K,2022-03-31,edgar/data/1173313/0001213900-22-016726.txt
NOVAGOLD RESOURCES INC,0001173420,NG,,10-K,2022-01-26,edgar/data/1173420/0001171843-22-000514.txt
CEVA INC,0001173489,CEVA,,10-K,2022-03-01,edgar/data/1173489/0001437749-22-004905.txt
"HYSTER-YALE MATERIALS HANDLING, INC.",0001173514,HY,,10-K,2022-02-28,edgar/data/1173514/0001173514-22-000013.txt
CHASE ISSUANCE TRUST,0001174821,,,10-K,2022-03-30,edgar/data/1174821/0001193125-22-089581.txt
NICOLET BANKSHARES INC,0001174850,NIC,,10-K,2022-02-25,edgar/data/1174850/0001174850-22-000008.txt
"CalEthos, Inc.",0001174891,GEDC,,10-K,2022-03-31,edgar/data/1174891/0001493152-22-008391.txt
WYNN RESORTS LTD,0001174922,WYNN,,10-K,2022-02-28,edgar/data/1174922/0001174922-22-000031.txt
ORAGENICS INC,0001174940,OGEN,,10-K,2022-03-24,edgar/data/1174940/0001493152-22-007664.txt
Cytosorbents Corp,0001175151,CTSO,,10-K,2022-03-10,edgar/data/1175151/0001410578-22-000331.txt
FLEETCOR TECHNOLOGIES INC,0001175454,CPAY,,10-K,2022-03-01,edgar/data/1175454/0001628280-22-004531.txt
Drive Shack Inc.,0001175483,,,10-K,2022-03-18,edgar/data/1175483/0001175483-22-000002.txt
Whitestone REIT,0001175535,WSR,,10-K,2022-03-11,edgar/data/1175535/0001175535-22-000046.txt
MARTIN MIDSTREAM PARTNERS L.P.,0001176334,MMLP,,10-K,2022-03-01,edgar/data/1176334/0001176334-22-000053.txt
Ares Management Corp,0001176948,ARES-PB,,10-K,2022-02-28,edgar/data/1176948/0001628280-22-004289.txt
TD SYNNEX CORP,0001177394,SNX,,10-K,2022-01-28,edgar/data/1177394/0001564590-22-003003.txt
"FIVE BELOW, INC",0001177609,FIVE,,10-K,2022-03-30,edgar/data/1177609/0001177609-22-000010.txt
SAIA INC,0001177702,SAIA,,10-K,2022-02-23,edgar/data/1177702/0001564590-22-006259.txt
USAA ACCEPTANCE LLC,0001178049,,,10-K,2022-03-28,edgar/data/1178049/0001193125-22-086423.txt
SCYNEXIS INC,0001178253,SCYX,,10-K,2022-03-29,edgar/data/1178253/0001564590-22-012199.txt
"ALNYLAM PHARMACEUTICALS, INC.",0001178670,ALNY,,10-K,2022-02-10,edgar/data/1178670/0001178670-22-000013.txt
SONIM TECHNOLOGIES INC,0001178697,SONM,,10-K,2022-03-21,edgar/data/1178697/0001564590-22-011226.txt
"Paratek Pharmaceuticals, Inc.",0001178711,,,10-K,2022-03-14,edgar/data/1178711/0001564590-22-009957.txt
"AMICUS THERAPEUTICS, INC.",0001178879,FOLD,,10-K,2022-02-24,edgar/data/1178879/0001178879-22-000006.txt
PROVIDENT FINANCIAL SERVICES INC,0001178970,PFS,,10-K,2022-03-01,edgar/data/1178970/0001628280-22-004544.txt
"MOLINA HEALTHCARE, INC.",0001179929,MOH,,10-K,2022-02-14,edgar/data/1179929/0001179929-22-000025.txt
HERBALIFE NUTRITION LTD.,0001180262,HLF,,10-K,2022-02-23,edgar/data/1180262/0000950170-22-001787.txt
"Granite Falls Energy, LLC",0001181749,,,10-K,2022-01-31,edgar/data/1181749/0001558370-22-000635.txt
"VOLKSWAGEN AUTO LEASE/LOAN UNDERWRITTEN FUNDING, LLC",0001182534,,,10-K,2022-03-30,edgar/data/1182534/0001193125-22-089036.txt
"VOLKSWAGEN AUTO LEASE/LOAN UNDERWRITTEN FUNDING, LLC",0001182534,,,10-K,2022-03-30,edgar/data/1182534/0001193125-22-089084.txt
"VOLKSWAGEN AUTO LEASE/LOAN UNDERWRITTEN FUNDING, LLC",0001182534,,,10-K,2022-03-30,edgar/data/1182534/0001193125-22-089118.txt
"VOLKSWAGEN AUTO LEASE/LOAN UNDERWRITTEN FUNDING, LLC",0001182534,,,10-K,2022-03-30,edgar/data/1182534/0001193125-22-089127.txt
"Molecular Templates, Inc.",0001183765,,,10-K,2022-03-29,edgar/data/1183765/0001564590-22-012055.txt
AEI INCOME & GROWTH FUND 25 LLC,0001185198,,,10-K,2022-03-31,edgar/data/1185198/0000894245-22-000037.txt
PRA GROUP INC,0001185348,PRAA,,10-K,2022-03-01,edgar/data/1185348/0001185348-22-000005.txt
"CREATIVE MEDICAL TECHNOLOGY HOLDINGS, INC.",0001187953,CELZ,,10-K,2022-03-30,edgar/data/1187953/0001477932-22-001741.txt
INNOVATIVE DESIGNS INC,0001190370,IVDN,,10-K,2022-02-15,edgar/data/1190370/0001731122-22-000252.txt
GLAUKOS Corp,0001192448,GKOS,,10-K,2022-02-28,edgar/data/1192448/0001558370-22-002371.txt
ONCOR ELECTRIC DELIVERY CO LLC,0001193311,,,10-K,2022-02-25,edgar/data/1193311/0001193311-22-000004.txt
POTBELLY CORP,0001195734,,,10-K,2022-03-03,edgar/data/1195734/0001195734-22-000010.txt
NEPHROS INC,0001196298,NEPH,,10-K,2022-03-03,edgar/data/1196298/0001493152-22-005976.txt
"Altegris Winton Futures Fund, L.P.",0001198415,,,10-K,2022-03-31,edgar/data/1198415/0001683168-22-002158.txt
"CODEXIS, INC.",0001200375,CDXS,,10-K,2022-02-28,edgar/data/1200375/0001200375-22-000010.txt
AMERICAN PUBLIC EDUCATION INC,0001201792,APEI,,10-K,2022-03-02,edgar/data/1201792/0001201792-22-000003.txt
FLANIGANS ENTERPRISES INC,0000012040,BDL,,10-K,2022-01-14,edgar/data/12040/0001174947-22-000049.txt
"VACCINEX, INC.",0001205922,VCNX,,10-K,2022-03-31,edgar/data/1205922/0001564590-22-012778.txt
"TEMPUR SEALY INTERNATIONAL, INC.",0001206264,SGI,,10-K,2022-02-22,edgar/data/1206264/0001206264-22-000057.txt
Arlington Asset Investment Corp.,0001209028,,,10-K,2022-03-10,edgar/data/1209028/0001564590-22-009654.txt
CERES TACTICAL SYSTEMATIC L.P.,0001209709,,,10-K,2022-03-24,edgar/data/1209709/0001193125-22-083512.txt
FIRST ADVANTAGE CORP,0001210677,FA,,10-K,2022-03-23,edgar/data/1210677/0000950170-22-004413.txt
"Hudson Global, Inc.",0001210708,STRRP,,10-K,2022-03-11,edgar/data/1210708/0001210708-22-000031.txt
FENNEC PHARMACEUTICALS INC.,0001211583,FENC,,10-K,2022-02-28,edgar/data/1211583/0001558370-22-002334.txt
"My Size, Inc.",0001211805,MYSZ,,10-K,2022-03-18,edgar/data/1211805/0001493152-22-007224.txt
WESTERN ALLIANCE BANCORPORATION,0001212545,WAL-PA,,10-K,2022-02-25,edgar/data/1212545/0001212545-22-000090.txt
"Cardiff Oncology, Inc.",0001213037,CRDF,,10-K,2022-02-24,edgar/data/1213037/0001628280-22-003808.txt
DYADIC INTERNATIONAL INC,0001213809,DYAI,,10-K,2022-03-29,edgar/data/1213809/0001437749-22-007554.txt
AXIS CAPITAL HOLDINGS LTD,0001214816,AXS-PE,,10-K,2022-02-25,edgar/data/1214816/0001214816-22-000011.txt
"CareDx, Inc.",0001217234,CDNA,,10-K,2022-02-24,edgar/data/1217234/0001217234-22-000056.txt
Mawson Infrastructure Group Inc.,0001218683,MIGI,,10-K,2022-03-21,edgar/data/1218683/0001213900-22-013830.txt
CROWN HOLDINGS INC,0001219601,CCK,,10-K,2022-02-28,edgar/data/1219601/0001219601-22-000011.txt
ModivCare Inc,0001220754,,,10-K,2022-03-01,edgar/data/1220754/0001220754-22-000007.txt
"BIO-RAD LABORATORIES, INC.",0000012208,BIO-B,,10-K,2022-02-11,edgar/data/12208/0000012208-22-000011.txt
CONNS INC,0001223389,,,10-K,2022-03-29,edgar/data/1223389/0001223389-22-000012.txt
STRUCTURED OBLIGATIONS CORP SELECT NOTES TRUST LT SER 2003-1,0001223444,,,10-K,2022-03-09,edgar/data/1223444/0001068238-22-000067.txt
AIkido Pharma Inc.,0000012239,DOMH,,10-K,2022-03-28,edgar/data/12239/0001213900-22-015575.txt
MARCHEX INC,0001224133,MCHX,,10-K,2022-03-29,edgar/data/1224133/0001564590-22-012208.txt
"CNO Financial Group, Inc.",0001224608,CNO-PA,,10-K,2022-02-24,edgar/data/1224608/0001224608-22-000012.txt
RFS HOLDING LLC,0001226006,,,10-K,2022-03-30,edgar/data/1226006/0001104659-22-040229.txt
MEDICINOVA INC,0001226616,MNOV,,10-K,2022-02-16,edgar/data/1226616/0001564590-22-005388.txt
NEOPHOTONICS CORP,0001227025,,,10-K,2022-02-25,edgar/data/1227025/0001227025-22-000014.txt
STRUCTURED OBLIGATIONS CORP SELECT NOTES TRUST LT SER 2003-2,0001227090,,,10-K,2022-03-09,edgar/data/1227090/0001068238-22-000068.txt
CERES ORION L.P.,0001227265,,,10-K,2022-03-24,edgar/data/1227265/0001193125-22-083504.txt
EQUITY BANCSHARES INC,0001227500,EQBK,,10-K,2022-03-09,edgar/data/1227500/0001564590-22-009338.txt
"Neuronetics, Inc.",0001227636,STIM,,10-K,2022-03-08,edgar/data/1227636/0001558370-22-003069.txt
BCB BANCORP INC,0001228454,BCBP,,10-K,2022-03-09,edgar/data/1228454/0001228454-22-000020.txt
"Ocuphire Pharma, Inc.",0001228627,IRD,,10-K,2022-03-24,edgar/data/1228627/0001140361-22-011015.txt
KAANAPALI LAND LLC,0001230058,KANP,,10-K,2022-03-30,edgar/data/1230058/0000892626-22-000017.txt
PIPER SANDLER COMPANIES,0001230245,PIPR,,10-K,2022-02-25,edgar/data/1230245/0001230245-22-000039.txt
Jazz Pharmaceuticals plc,0001232524,JAZZ,,10-K,2022-03-01,edgar/data/1232524/0001232524-22-000012.txt
ASHFORD HOSPITALITY TRUST INC,0001232582,AHT-PI,,10-K,2022-02-28,edgar/data/1232582/0001232582-22-000038.txt
GLADSTONE COMMERCIAL CORP,0001234006,GOODO,,10-K,2022-02-15,edgar/data/1234006/0001234006-22-000003.txt
"CVRx, Inc.",0001235912,CVRX,,10-K,2022-02-22,edgar/data/1235912/0001558370-22-001539.txt
"SilverSun Technologies, Inc.",0001236275,QXO-PB,,10-K,2022-03-29,edgar/data/1236275/0001185185-22-000335.txt
GLOBUS MEDICAL INC,0001237831,GMED,,10-K,2022-02-17,edgar/data/1237831/0001562762-22-000037.txt
LUNA INNOVATIONS INC,0001239819,,,10-K,2022-03-14,edgar/data/1239819/0001239819-22-000034.txt
"Apollo Endosurgery, Inc.",0001251769,,,10-K,2022-02-22,edgar/data/1251769/0001251769-22-000006.txt
VAPOTHERM INC,0001253176,,,10-K,2022-02-24,edgar/data/1253176/0001564590-22-006714.txt
GLYCOMIMETICS INC,0001253689,CBIO,,10-K,2022-03-03,edgar/data/1253689/0001558370-22-002737.txt
ARBOR REALTY TRUST INC,0001253986,ABR-PF,,10-K,2022-02-18,edgar/data/1253986/0001104659-22-024981.txt
QVC INC,0001254699,QVCC,,10-K,2022-02-25,edgar/data/1254699/0001254699-22-000010.txt
WHITING PETROLEUM CORP,0001255474,,,10-K,2022-02-23,edgar/data/1255474/0001255474-22-000008.txt
STRUCTURED OBLIGATIONS CORP LONG TERM CERT SER 2003 3,0001255604,,,10-K,2022-03-09,edgar/data/1255604/0001068238-22-000069.txt
KRONOS WORLDWIDE INC,0001257640,KRO,,10-K,2022-03-09,edgar/data/1257640/0001558370-22-003141.txt
NELNET INC,0001258602,NNI,,10-K,2022-02-28,edgar/data/1258602/0001258602-22-000024.txt
Oxford Square Capital Corp.,0001259429,OXSQG,,10-K,2022-03-07,edgar/data/1259429/0001213900-22-010801.txt
HYUNDAI ABS FUNDING LLC,0001260125,,,10-K,2022-03-18,edgar/data/1260125/0001104659-22-035412.txt
HYUNDAI ABS FUNDING LLC,0001260125,,,10-K,2022-03-18,edgar/data/1260125/0001104659-22-035413.txt
HYUNDAI ABS FUNDING LLC,0001260125,,,10-K,2022-03-18,edgar/data/1260125/0001104659-22-035414.txt
HYUNDAI ABS FUNDING LLC,0001260125,,,10-K,2022-03-18,edgar/data/1260125/0001104659-22-035415.txt
HYUNDAI ABS FUNDING LLC,0001260125,,,10-K,2022-03-18,edgar/data/1260125/0001104659-22-035416.txt
HYUNDAI ABS FUNDING LLC,0001260125,,,10-K,2022-03-18,edgar/data/1260125/0001104659-22-035417.txt
HYUNDAI ABS FUNDING LLC,0001260125,,,10-K,2022-03-18,edgar/data/1260125/0001104659-22-035418.txt
HYUNDAI ABS FUNDING LLC,0001260125,,,10-K,2022-03-18,edgar/data/1260125/0001104659-22-035419.txt
HYUNDAI ABS FUNDING LLC,0001260125,,,10-K,2022-03-18,edgar/data/1260125/0001104659-22-035420.txt
HYUNDAI ABS FUNDING LLC,0001260125,,,10-K,2022-03-18,edgar/data/1260125/0001104659-22-035421.txt
"Oncternal Therapeutics, Inc.",0001260990,,,10-K,2022-03-10,edgar/data/1260990/0001564590-22-009702.txt
AGILE THERAPEUTICS INC,0001261249,,,10-K,2022-03-30,edgar/data/1261249/0001558370-22-004758.txt
"DOCUSIGN, INC.",0001261333,DOCU,,10-K,2022-03-25,edgar/data/1261333/0001261333-22-000049.txt
"Fortinet, Inc.",0001262039,FTNT,,10-K,2022-02-25,edgar/data/1262039/0001262039-22-000008.txt
WESTLAKE CORP,0001262823,WLK,,10-K,2022-02-23,edgar/data/1262823/0001262823-22-000014.txt
Joway Health Industries Group Inc,0001263364,COPR,,10-K,2022-03-30,edgar/data/1263364/0001213900-22-016222.txt
STRUCTURED OBLIGATIONS CORP LONG TERM CERTS SER 2003-4,0001264157,,,10-K,2022-03-09,edgar/data/1264157/0001068238-22-000070.txt
Hilltop Holdings Inc.,0001265131,HTH,,10-K,2022-02-15,edgar/data/1265131/0001558370-22-001187.txt
SECOND SIGHT MEDICAL PRODUCTS INC,0001266806,VANI,,10-K,2022-03-29,edgar/data/1266806/0001753926-22-000356.txt
LEHMAN ABS CORP BACKED TRUST CERTS SER 2001-8,0001266832,,,10-K,2022-03-30,edgar/data/1266832/0001193125-22-089103.txt
"ASSURANT, INC.",0001267238,AIZN,,10-K,2022-02-22,edgar/data/1267238/0001267238-22-000006.txt
MERRILL LYNCH DEPOSITOR INC INDEXPLUS TRUST SERIES 2003-1,0001267332,IPB,,10-K,2022-03-28,edgar/data/1267332/0001174947-22-000408.txt
BCTC V ASSIGNOR CORP,0001267426,,,10-K,2022-03-24,edgar/data/1267426/0001410578-22-000487.txt
"COLLEGIUM PHARMACEUTICAL, INC",0001267565,COLL,,10-K,2022-02-24,edgar/data/1267565/0001558370-22-001927.txt
ALIMERA SCIENCES INC,0001267602,,,10-K,2022-03-23,edgar/data/1267602/0001267602-22-000013.txt
MARINUS PHARMACEUTICALS INC,0001267813,,,10-K,2022-03-24,edgar/data/1267813/0001558370-22-004279.txt
"Sintx Technologies, Inc.",0001269026,SINT,,10-K,2022-03-25,edgar/data/1269026/0001493152-22-007776.txt
STRUCTURED OBLIGATIONS CORP LONG TERM CERTS SER 2003-5,0001269371,,,10-K,2022-03-09,edgar/data/1269371/0001068238-22-000071.txt
"INTERCEPT PHARMACEUTICALS, INC.",0001270073,,,10-K,2022-03-02,edgar/data/1270073/0001558370-22-002666.txt
Cohen & Co Inc.,0001270436,COHN,,10-K,2022-03-09,edgar/data/1270436/0001437749-22-005639.txt
"Intersect ENT, Inc.",0001271214,,,10-K,2022-03-08,edgar/data/1271214/0001271214-22-000006.txt
CCO HOLDINGS LLC,0001271833,,,10-K,2022-01-28,edgar/data/1271833/0001271833-22-000006.txt
CCO HOLDINGS CAPITAL CORP,0001271834,,,10-K,2022-01-28,edgar/data/1271834/0001271833-22-000006.txt
VONAGE HOLDINGS CORP,0001272830,,,10-K,2022-02-24,edgar/data/1272830/0001272830-22-000040.txt
AIRGAIN INC,0001272842,AIRG,,10-K,2022-03-21,edgar/data/1272842/0000950170-22-004238.txt
GRAN TIERRA ENERGY INC.,0001273441,GTE,,10-K,2022-02-23,edgar/data/1273441/0001273441-22-000007.txt
NEW YORK MORTGAGE TRUST INC,0001273685,ADAMN,,10-K,2022-02-25,edgar/data/1273685/0001273685-22-000028.txt
ASSURED GUARANTY LTD,0001273813,AGO,,10-K,2022-02-25,edgar/data/1273813/0001273813-22-000007.txt
MONEYGRAM INTERNATIONAL INC,0001273931,,,10-K,2022-02-25,edgar/data/1273931/0001273931-22-000039.txt
JANUS HENDERSON GROUP PLC,0001274173,JHG,,10-K,2022-02-25,edgar/data/1274173/0001558370-22-002009.txt
"FIRST SOLAR, INC.",0001274494,FSLR,,10-K,2022-03-01,edgar/data/1274494/0001274494-22-000009.txt
EXAGEN INC.,0001274737,XGN,,10-K,2022-03-22,edgar/data/1274737/0001628280-22-006926.txt
MERRIMACK PHARMACEUTICALS INC,0001274792,,,10-K,2022-03-09,edgar/data/1274792/0001564590-22-009320.txt
"Ultra Clean Holdings, Inc.",0001275014,UCTT,,10-K,2022-03-01,edgar/data/1275014/0001564590-22-008065.txt
BANK OF THE JAMES FINANCIAL GROUP INC,0001275101,BOTJ,,10-K,2022-03-29,edgar/data/1275101/0001562762-22-000144.txt
NOODLES & Co,0001275158,NDLS,,10-K,2022-02-24,edgar/data/1275158/0001275158-22-000006.txt
FIVE STAR BANCORP,0001275168,FSBC,,10-K,2022-02-25,edgar/data/1275168/0001552781-22-000215.txt
"BIMINI CAPITAL MANAGEMENT, INC.",0001275477,BMNM,,10-K,2022-03-11,edgar/data/1275477/0001275477-22-000006.txt
Energy Transfer LP,0001276187,ET-PI,,10-K,2022-02-18,edgar/data/1276187/0001276187-22-000020.txt
GENWORTH FINANCIAL INC,0001276520,GNW,,10-K,2022-02-28,edgar/data/1276520/0001193125-22-055674.txt
"Charge Enterprises, Inc.",0001277250,,,10-K,2022-03-29,edgar/data/1277250/0001654954-22-003967.txt
MVB FINANCIAL CORP,0001277902,MVBF,,10-K,2022-03-10,edgar/data/1277902/0001277902-22-000014.txt
MANUFACTURED HOUSING PROPERTIES INC.,0001277998,,,10-K,2022-03-31,edgar/data/1277998/0001213900-22-016309.txt
MARKETAXESS HOLDINGS INC,0001278021,MKTX,,10-K,2022-02-23,edgar/data/1278021/0000950170-22-001811.txt
"B&G Foods, Inc.",0001278027,BGS,,10-K,2022-03-01,edgar/data/1278027/0001558370-22-002566.txt
ISHARES GOLD TRUST,0001278680,IAU,,10-K,2022-03-01,edgar/data/1278680/0001437749-22-004899.txt
"Zoned Properties, Inc.",0001279620,ZDPY,,10-K,2022-03-24,edgar/data/1279620/0001213900-22-014689.txt
UNIVERSAL BIOSENSORS INC,0001279695,,,10-K,2022-02-24,edgar/data/1279695/0001437749-22-004249.txt
"Cellectar Biosciences, Inc.",0001279704,CLRB,,10-K,2022-03-21,edgar/data/1279704/0001410578-22-000436.txt
"Wright Investors Service Holdings, Inc.",0001279715,IWSH,,10-K,2022-03-11,edgar/data/1279715/0001214659-22-003876.txt
BLACKBAUD INC,0001280058,BLKB,,10-K,2022-03-01,edgar/data/1280058/0001280058-22-000010.txt
VetaNova Inc.,0001280396,,,10-K,2022-03-29,edgar/data/1280396/0001493152-22-007971.txt
MONOLITHIC POWER SYSTEMS INC,0001280452,MPWR,,10-K,2022-02-25,edgar/data/1280452/0001437749-22-004460.txt
"IMMUNIC, INC.",0001280776,IMUX,,10-K,2022-02-24,edgar/data/1280776/0001280776-22-000006.txt
"Hercules Capital, Inc.",0001280784,HCXY,,10-K,2022-02-22,edgar/data/1280784/0000950170-22-001628.txt
REGIONS FINANCIAL CORP,0001281761,RF-PF,,10-K,2022-02-24,edgar/data/1281761/0001281761-22-000016.txt
"ROCKET PHARMACEUTICALS, INC.",0001281895,RCKTW,,10-K,2022-02-28,edgar/data/1281895/0001140361-22-007036.txt
NETLIST INC,0001282631,NLST,,10-K,2022-03-01,edgar/data/1282631/0001558370-22-002590.txt
NEWMARKET CORP,0001282637,NEU,,10-K,2022-02-15,edgar/data/1282637/0001282637-22-000006.txt
BATTALION OIL CORP,0001282648,BATL,,10-K,2022-03-07,edgar/data/1282648/0001558370-22-002965.txt
WORLD FINANCIAL NETWORK CREDIT CARD MASTER NOTE TRUST,0001282663,,,10-K,2022-03-30,edgar/data/1282663/0001101215-22-000065.txt
GREENHILL & CO INC,0001282977,,,10-K,2022-02-28,edgar/data/1282977/0001282977-22-000005.txt
NOVINT TECHNOLOGIES INC,0001282980,DROR,,10-K,2022-03-23,edgar/data/1282980/0001387131-22-003894.txt
HOLLY ENERGY PARTNERS LP,0001283140,,,10-K,2022-02-23,edgar/data/1283140/0001283140-22-000009.txt
STRUCTURED PRODUCTS CORP CRED ENHANCE CORTS TR FOR AON CAP A,0001283337,KTN,,10-K,2022-03-30,edgar/data/1283337/0001068238-22-000091.txt
STRUCTURED PRODUCTS CORP TIERS PRI PRO CER TR SE FFH 2001-12,0001283450,,,10-K,2022-03-30,edgar/data/1283450/0001068238-22-000089.txt
STRUCTURED PRODUCTS CORP CORTS TR FOR PECO ENERGY CAP TR III,0001283464,KTH,,10-K,2022-03-30,edgar/data/1283464/0001068238-22-000090.txt
STRUCTURED PRODUCTS CORTS TRUST FOR JC PENNEY DEBENTURES,0001283602,,,10-K,2022-03-30,edgar/data/1283602/0001068238-22-000092.txt
AMERICAN CAMPUS COMMUNITIES INC,0001283630,,,10-K,2022-02-28,edgar/data/1283630/0001283630-22-000031.txt
"T-Mobile US, Inc.",0001283699,TMUSZ,,10-K,2022-02-11,edgar/data/1283699/0001283699-22-000018.txt
LEHMAN ABS CORP GOLDMAN SACHS CAP 1 SEC BACKED SER 2004-6,0001284143,JBK,,10-K,2022-03-30,edgar/data/1284143/0001193125-22-089117.txt
Yong Bai Chao New Retail Corp,0001284454,NFSN,,10-K,2022-03-31,edgar/data/1284454/0001477932-22-001813.txt
"COHEN & STEERS, INC.",0001284812,CNS,,10-K,2022-02-25,edgar/data/1284812/0001284812-22-000117.txt
"ClearPoint Neuro, Inc.",0001285550,CLPT,,10-K,2022-03-09,edgar/data/1285550/0001285550-22-000003.txt
MOSAIC CO,0001285785,MOS,,10-K,2022-02-23,edgar/data/1285785/0001618034-22-000004.txt
OMEROS CORP,0001285819,OMER,,10-K,2022-03-01,edgar/data/1285819/0001558370-22-002582.txt
KITE REALTY GROUP TRUST,0001286043,KRG,,10-K,2022-02-28,edgar/data/1286043/0001286043-22-000024.txt
"LEGALZOOM.COM, INC.",0001286139,LZ,,10-K,2022-03-24,edgar/data/1286139/0001286139-22-000048.txt
STRATS SM TRUST FOR U S CELL CORP SEC SERIES 2004 6,0001286405,GJH,,10-K,2022-03-30,edgar/data/1286405/0001387131-22-004416.txt
LINCOLN EDUCATIONAL SERVICES CORP,0001286613,LINC,,10-K,2022-03-03,edgar/data/1286613/0001140361-22-007738.txt
GZ6G Technologies Corp.,0001286648,,,10-K,2022-03-28,edgar/data/1286648/0001575705-22-000225.txt
DOMINOS PIZZA INC,0001286681,DPZ,,10-K,2022-03-01,edgar/data/1286681/0000950170-22-002426.txt
"MAXCYTE, INC.",0001287098,MXCT,,10-K,2022-03-22,edgar/data/1287098/0001558370-22-004081.txt
"DOUGLAS DYNAMICS, INC",0001287213,PLOW,,10-K,2022-02-22,edgar/data/1287213/0001558370-22-001580.txt
ARES CAPITAL CORP,0001287750,ARCC,,10-K,2022-02-09,edgar/data/1287750/0001287750-22-000007.txt
"Hill International, Inc.",0001287808,,,10-K,2022-03-31,edgar/data/1287808/0001287808-22-000011.txt
MEDICAL PROPERTIES TRUST INC,0001287865,MPW,,10-K,2022-03-01,edgar/data/1287865/0001564590-22-008100.txt
W&T OFFSHORE INC,0001288403,WTI,,10-K,2022-03-09,edgar/data/1288403/0001558370-22-003156.txt
MAXLINEAR INC,0001288469,MXL,,10-K,2022-02-02,edgar/data/1288469/0001288469-22-000029.txt
"Five9, Inc.",0001288847,FIVN,,10-K,2022-02-28,edgar/data/1288847/0001288847-22-000017.txt
"OptimumBank Holdings, Inc.",0001288855,OPHC,,10-K,2022-03-08,edgar/data/1288855/0001493152-22-006303.txt
"U. S. Premium Beef, LLC",0001289237,,,10-K,2022-03-04,edgar/data/1289237/0001003297-22-000004.txt
"Stereotaxis, Inc.",0001289340,STXS,,10-K,2022-03-10,edgar/data/1289340/0001493152-22-006487.txt
"Morningstar, Inc.",0001289419,MORN,,10-K,2022-02-25,edgar/data/1289419/0001289419-22-000005.txt
"Texas Roadhouse, Inc.",0001289460,TXRH,,10-K,2022-02-25,edgar/data/1289460/0001558370-22-002141.txt
Extra Space Storage Inc.,0001289490,EXR,,10-K,2022-02-28,edgar/data/1289490/0001628280-22-004274.txt
PROFIRE ENERGY INC,0001289636,,,10-K,2022-03-08,edgar/data/1289636/0001289636-22-000005.txt
Huron Consulting Group Inc.,0001289848,HURN,,10-K,2022-02-24,edgar/data/1289848/0001289848-22-000008.txt
"NeuroMetrix, Inc.",0001289850,,,10-K,2022-01-28,edgar/data/1289850/0001628280-22-001406.txt
"Spok Holdings, Inc",0001289945,SPOK,,10-K,2022-02-17,edgar/data/1289945/0001289945-22-000009.txt
Synchrony Credit Card Master Note Trust,0001290098,,,10-K,2022-03-30,edgar/data/1290098/0001104659-22-040229.txt
"Sierra Oncology, Inc.",0001290149,,,10-K,2022-03-10,edgar/data/1290149/0001564590-22-009473.txt
Village Bank & Trust Financial Corp.,0001290476,,,10-K,2022-03-25,edgar/data/1290476/0001558370-22-004328.txt
"Turning Point Brands, Inc.",0001290677,TPB,,10-K,2022-03-11,edgar/data/1290677/0001140361-22-009150.txt
"Commercial Vehicle Group, Inc.",0001290900,CVGI,,10-K,2022-03-02,edgar/data/1290900/0001628280-22-004584.txt
INVIVO THERAPEUTICS HOLDINGS CORP.,0001292519,,,10-K,2022-03-07,edgar/data/1292519/0001558370-22-002957.txt
BOEING CO,0000012927,BA-PA,,10-K,2022-01-31,edgar/data/12927/0000012927-22-000010.txt
Select Notes Trust LT 2004-1,0001293234,,,10-K,2022-03-09,edgar/data/1293234/0001068238-22-000072.txt
TechTarget Inc,0001293282,,,10-K,2022-02-28,edgar/data/1293282/0000950170-22-002322.txt
"HUMANIGEN, INC",0001293310,,,10-K,2022-03-01,edgar/data/1293310/0001214659-22-003416.txt
OPGEN INC,0001293818,OPGN,,10-K,2022-03-30,edgar/data/1293818/0001079973-22-000358.txt
"bluebird bio, Inc.",0001293971,,,10-K,2022-03-04,edgar/data/1293971/0001293971-22-000016.txt
Inogen Inc,0001294133,INGN,,10-K,2022-02-24,edgar/data/1294133/0001564590-22-006703.txt
PPLUS Trust Series GSC-2,0001294808,PYT,,10-K,2022-03-28,edgar/data/1294808/0001174947-22-000406.txt
"Bancorp, Inc.",0001295401,TBBK,,10-K,2022-03-01,edgar/data/1295401/0001562762-22-000070.txt
"Sunstone Hotel Investors, Inc.",0001295810,SHO-PI,,10-K,2022-02-23,edgar/data/1295810/0001558370-22-001708.txt
Neenah Inc,0001296435,,,10-K,2022-02-18,edgar/data/1296435/0001296435-22-000026.txt
"ORMAT TECHNOLOGIES, INC.",0001296445,ORA,,10-K,2022-02-25,edgar/data/1296445/0001437749-22-004440.txt
"Lightstone Value Plus REIT I, Inc.",0001296884,,,10-K,2022-03-23,edgar/data/1296884/0001829126-22-006631.txt
"Amphastar Pharmaceuticals, Inc.",0001297184,AMPH,,10-K,2022-03-11,edgar/data/1297184/0001297184-22-000007.txt
"ExlService Holdings, Inc.",0001297989,EXLS,,10-K,2022-02-24,edgar/data/1297989/0001297989-22-000004.txt
"DIGITAL REALTY TRUST, INC.",0001297996,DLR-PL,,10-K,2022-02-25,edgar/data/1297996/0001558370-22-002195.txt
CubeSmart,0001298675,CUBE,,10-K,2022-02-25,edgar/data/1298675/0001298675-22-000008.txt
DiamondRock Hospitality Co,0001298946,DRH,,10-K,2022-02-22,edgar/data/1298946/0001298946-22-000010.txt
"PACIFIC BIOSCIENCES OF CALIFORNIA, INC.",0001299130,PACB,,10-K,2022-02-28,edgar/data/1299130/0001299130-22-000030.txt
"Comstock Holding Companies, Inc.",0001299969,CHCI,,10-K,2022-03-31,edgar/data/1299969/0001299969-22-000013.txt
"CubeSmart, L.P.",0001300485,,,10-K,2022-02-25,edgar/data/1300485/0001298675-22-000008.txt
LAS VEGAS SANDS CORP,0001300514,LVS,,10-K,2022-02-04,edgar/data/1300514/0001300514-22-000007.txt
AMERICAN INTERNATIONAL HOLDINGS CORP.,0001300524,,,10-K,2022-03-29,edgar/data/1300524/0001493152-22-008013.txt
"Athenex, Inc.",0001300699,,,10-K,2022-03-16,edgar/data/1300699/0000950170-22-003973.txt
Sotherly Hotels Inc.,0001301236,SOHON,,10-K,2022-03-25,edgar/data/1301236/0001564590-22-011824.txt
BlueLinx Holdings Inc.,0001301787,BXC,,10-K,2022-02-22,edgar/data/1301787/0001301787-22-000006.txt
"Manitex International, Inc.",0001302028,,,10-K,2022-03-09,edgar/data/1302028/0001564590-22-009245.txt
"LHC Group, Inc",0001303313,,,10-K,2022-02-24,edgar/data/1303313/0001303313-22-000006.txt
BankFinancial CORP,0001303942,,,10-K,2022-03-01,edgar/data/1303942/0001437749-22-004758.txt
"Pharma-Bio Serv, Inc.",0001304161,PBSV,,10-K,2022-02-11,edgar/data/1304161/0001654954-22-001532.txt
ATHENA GOLD CORP,0001304409,AHNRF,,10-K,2022-03-31,edgar/data/1304409/0001683168-22-002197.txt
"Consolidated Communications Holdings, Inc.",0001304421,,,10-K,2022-03-07,edgar/data/1304421/0001558370-22-002913.txt
Crestwood Midstream Partners LP,0001304464,,,10-K,2022-02-28,edgar/data/1304464/0001136352-22-000003.txt
"ARC DOCUMENT SOLUTIONS, INC.",0001305168,,,10-K,2022-02-24,edgar/data/1305168/0001305168-22-000027.txt
"Eiger BioPharmaceuticals, Inc.",0001305253,,,10-K,2022-03-10,edgar/data/1305253/0001564590-22-009697.txt
Conformis Inc,0001305773,,,10-K,2022-03-02,edgar/data/1305773/0001305773-22-000018.txt
Celanese Corp,0001306830,CE,,10-K,2022-02-10,edgar/data/1306830/0001306830-22-000017.txt
LIQTECH INTERNATIONAL INC,0001307579,LIQT,,10-K,2022-03-31,edgar/data/1307579/0001437749-22-007742.txt
InvenTrust Properties Corp.,0001307748,IVT,,10-K,2022-02-15,edgar/data/1307748/0001307748-22-000021.txt
Huntsman CORP,0001307954,HUN,,10-K,2022-02-15,edgar/data/1307954/0001437749-22-003430.txt
"UNIVERSAL LOGISTICS HOLDINGS, INC.",0001308208,ULH,,10-K,2022-03-16,edgar/data/1308208/0001564590-22-010645.txt
"SPIRIT REALTY CAPITAL, INC.",0001308606,,,10-K,2022-02-14,edgar/data/1308606/0001564590-22-004951.txt
WEX Inc.,0001309108,WEX,,10-K,2022-03-01,edgar/data/1309108/0001309108-22-000020.txt
MICROALLIANCE GROUP INC.,0001309251,MALG,,10-K,2022-03-31,edgar/data/1309251/0001213900-22-016721.txt
Green Plains Inc.,0001309402,GPRE,,10-K,2022-02-18,edgar/data/1309402/0001309402-22-000008.txt
"SERVICESOURCE INTERNATIONAL, INC.",0001310114,,,10-K,2022-02-23,edgar/data/1310114/0001558370-22-001739.txt
"Summit Healthcare REIT, Inc",0001310383,,,10-K,2022-03-31,edgar/data/1310383/0001410578-22-000790.txt
"BIOFORCE NANOSCIENCES HOLDINGS, INC.",0001310488,BFNH,,10-K,2022-02-11,edgar/data/1310488/0001091818-22-000014.txt
"QSAM Biosciences, Inc.",0001310527,,,10-K,2022-02-24,edgar/data/1310527/0001493152-22-005317.txt
Lazard Ltd,0001311370,LAZ,,10-K,2022-02-28,edgar/data/1311370/0001564590-22-007675.txt
"Yacht Finders, Inc.",0001311673,YTFD,,10-K,2022-02-11,edgar/data/1311673/0001493152-22-003948.txt
Silvergate Capital Corp,0001312109,,,10-K,2022-02-28,edgar/data/1312109/0001312109-22-000051.txt
BRIGHTCOVE INC,0001313275,,,10-K,2022-02-18,edgar/data/1313275/0001193125-22-046734.txt
SOTHERLY HOTELS LP,0001313536,,,10-K,2022-03-25,edgar/data/1313536/0001564590-22-011824.txt
"EyePoint Pharmaceuticals, Inc.",0001314102,EYPT,,10-K,2022-03-14,edgar/data/1314102/0001564590-22-009929.txt
"Jones Lang LaSalle Income Property Trust, Inc.",0001314152,,,10-K,2022-03-11,edgar/data/1314152/0001314152-22-000038.txt
"OLB GROUP, INC.",0001314196,OLB,,10-K,2022-03-28,edgar/data/1314196/0001213900-22-015583.txt
"Summer Infant, Inc.",0001314772,,,10-K,2022-03-17,edgar/data/1314772/0001104659-22-034637.txt
Ridgewood Energy O Fund LLC,0001315061,,,10-K,2022-02-28,edgar/data/1315061/0001214659-22-003338.txt
Roblox Corp,0001315098,RBLX,,10-K,2022-02-25,edgar/data/1315098/0001315098-22-000058.txt
Koppers Holdings Inc.,0001315257,KOP,,10-K,2022-02-23,edgar/data/1315257/0001564590-22-006039.txt
"PARKE BANCORP, INC.",0001315399,PKBK,,10-K,2022-03-21,edgar/data/1315399/0001315399-22-000039.txt
"Galaxy Gaming, Inc.",0000013156,GLXZ,,10-K,2022-03-31,edgar/data/13156/0001564590-22-012685.txt
"Kandi Technologies Group, Inc.",0001316517,,,10-K,2022-03-15,edgar/data/1316517/0001213900-22-012325.txt
"Builders FirstSource, Inc.",0001316835,BLDR,,10-K,2022-03-01,edgar/data/1316835/0001564590-22-007980.txt
Federal Home Loan Bank of San Francisco,0001316944,,,10-K,2022-03-04,edgar/data/1316944/0001316944-22-000024.txt
ITC Holdings Corp.,0001317630,,,10-K,2022-02-11,edgar/data/1317630/0001317630-22-000003.txt
"SIGNET INTERNATIONAL HOLDINGS, INC.",0001317833,,,10-K,2022-03-31,edgar/data/1317833/0001213900-22-016657.txt
"Omega Flex, Inc.",0001317945,OFLX,,10-K,2022-03-14,edgar/data/1317945/0001493152-22-006726.txt
Zumiez Inc,0001318008,ZUMZ,,10-K,2022-03-14,edgar/data/1318008/0001564590-22-010072.txt
"Waste Connections, Inc.",0001318220,WCN,,10-K,2022-02-17,edgar/data/1318220/0001558370-22-001308.txt
KIDOZ INC.,0001318482,KDOZF,,10-K,2022-03-31,edgar/data/1318482/0001493152-22-008214.txt
Everi Holdings Inc.,0001318568,,,10-K,2022-03-01,edgar/data/1318568/0001318568-22-000035.txt
"Tesla, Inc.",0001318605,TSLA,,10-K,2022-02-07,edgar/data/1318605/0000950170-22-000796.txt
NCL CORP Ltd.,0001318742,,,10-K,2022-03-01,edgar/data/1318742/0001558370-22-002533.txt
TransMontaigne Partners LLC,0001319229,,,10-K,2022-03-31,edgar/data/1319229/0001558370-22-004947.txt
Designer Brands Inc.,0001319947,DBI,,10-K,2022-03-21,edgar/data/1319947/0001319947-22-000010.txt
"LENSAR, Inc.",0001320350,LNSR,,10-K,2022-03-03,edgar/data/1320350/0001564590-22-008556.txt
SELECT MEDICAL HOLDINGS CORP,0001320414,SEM,,10-K,2022-02-24,edgar/data/1320414/0001628280-22-003840.txt
Cooper-Standard Holdings Inc.,0001320461,CPS,,10-K,2022-02-18,edgar/data/1320461/0001320461-22-000038.txt
"TreeHouse Foods, Inc.",0001320695,THS,,10-K,2022-02-15,edgar/data/1320695/0001320695-22-000009.txt
"TSS, Inc.",0001320760,TSSI,,10-K,2022-03-30,edgar/data/1320760/0001437749-22-007676.txt
"FreightCar America, Inc.",0001320854,RAIL,,10-K,2022-03-22,edgar/data/1320854/0000950170-22-004254.txt
Kraton Corp,0001321646,,,10-K,2022-02-24,edgar/data/1321646/0001321646-22-000003.txt
Palantir Technologies Inc.,0001321655,PLTR,,10-K,2022-02-24,edgar/data/1321655/0001193125-22-050913.txt
Penumbra Inc,0001321732,PEN,,10-K,2022-02-22,edgar/data/1321732/0001321732-22-000017.txt
Data Call Technologies,0001321828,,,10-K,2022-03-28,edgar/data/1321828/0001493152-22-007820.txt
"MyMD Pharmaceuticals, Inc.",0001321834,QCLS,,10-K,2022-03-31,edgar/data/1321834/0001493152-22-008546.txt
Eagle Bulk Shipping Inc.,0001322439,,,10-K,2022-03-14,edgar/data/1322439/0001628280-22-005984.txt
"ALBIREO PHARMA, INC.",0001322505,,,10-K,2022-03-01,edgar/data/1322505/0001558370-22-002501.txt
GLOBAL PARTNERS LP,0001323468,GLP-PB,,10-K,2022-02-28,edgar/data/1323468/0001558370-22-002325.txt
"AtriCure, Inc.",0001323885,ATRC,,10-K,2022-02-17,edgar/data/1323885/0001323885-22-000011.txt
"Ruths Hospitality Group, Inc.",0001324272,,,10-K,2022-02-24,edgar/data/1324272/0001564590-22-006647.txt
"CF Industries Holdings, Inc.",0001324404,CF,,10-K,2022-02-24,edgar/data/1324404/0001324404-22-000008.txt
"Expedia Group, Inc.",0001324424,EXPE,,10-K,2022-02-11,edgar/data/1324424/0001324424-22-000009.txt
HONG YUAN HOLDING GROUP,0001324759,HGYN,,10-K,2022-03-29,edgar/data/1324759/0001493152-22-008004.txt
IRADIMED CORP,0001325618,IRMD,,10-K,2022-03-04,edgar/data/1325618/0001104659-22-030317.txt
Primis Financial Corp.,0001325670,FRST,,10-K,2022-03-14,edgar/data/1325670/0001558370-22-003536.txt
Ceres Tactical Commodity L.P.,0001325676,,,10-K,2022-03-24,edgar/data/1325676/0001193125-22-083506.txt
MAGNACHIP SEMICONDUCTOR Corp,0001325702,MX,,10-K,2022-02-23,edgar/data/1325702/0001193125-22-050017.txt
Federal Home Loan Bank of Des Moines,0001325814,,,10-K,2022-03-09,edgar/data/1325814/0001325814-22-000031.txt
Federal Home Loan Bank of Topeka,0001325878,,,10-K,2022-03-21,edgar/data/1325878/0001325878-22-000058.txt
"AVEO PHARMACEUTICALS, INC.",0001325879,,,10-K,2022-03-14,edgar/data/1325879/0001628280-22-006093.txt
"Lightwave Logic, Inc.",0001325964,LWLG,,10-K,2022-03-01,edgar/data/1325964/0001553350-22-000198.txt
BlackRock Capital Investment Corp,0001326003,,,10-K,2022-03-02,edgar/data/1326003/0001564590-22-008268.txt
"ImmunityBio, Inc.",0001326110,IBRX,,10-K,2022-03-01,edgar/data/1326110/0001326110-22-000011.txt
Lazard Group LLC,0001326141,,,10-K,2022-02-28,edgar/data/1326141/0001564590-22-007689.txt
Duke Energy CORP,0001326160,DUKB,,10-K,2022-02-24,edgar/data/1326160/0001326160-22-000072.txt
"Altimmune, Inc.",0001326190,ALT,,10-K,2022-03-15,edgar/data/1326190/0001558370-22-003659.txt
GENCO SHIPPING & TRADING LTD,0001326200,GNK,,10-K,2022-02-24,edgar/data/1326200/0001558370-22-001938.txt
AEI Income & Growth Fund 26 LLC,0001326321,,,10-K,2022-03-31,edgar/data/1326321/0000894245-22-000041.txt
GameStop Corp.,0001326380,GME-WT,,10-K,2022-03-17,edgar/data/1326380/0001326380-22-000021.txt
Xencor Inc,0001326732,XNCR,,10-K,2022-02-24,edgar/data/1326732/0001558370-22-001969.txt
Federal Home Loan Bank of Cincinnati,0001326771,,,10-K,2022-03-17,edgar/data/1326771/0001326771-22-000036.txt
"Meta Platforms, Inc.",0001326801,META,,10-K,2022-02-03,edgar/data/1326801/0001326801-22-000018.txt
"United States Oil Fund, LP",0001327068,USO,,10-K,2022-02-25,edgar/data/1327068/0001410578-22-000223.txt
"Lyra Therapeutics, Inc.",0001327273,LYRA,,10-K,2022-03-09,edgar/data/1327273/0001564590-22-009187.txt
"TrueCar, Inc.",0001327318,,,10-K,2022-02-24,edgar/data/1327318/0001327318-22-000005.txt
First Western Financial Inc,0001327607,MYFW,,10-K,2022-03-15,edgar/data/1327607/0001558370-22-003657.txt
"Workday, Inc.",0001327811,WDAY,,10-K,2022-02-28,edgar/data/1327811/0001327811-22-000030.txt
Ares Real Estate Income Trust Inc.,0001327978,,,10-K,2022-03-14,edgar/data/1327978/0001558370-22-003455.txt
Invesco DB Commodity Index Tracking Fund,0001328237,DBC,,10-K,2022-02-25,edgar/data/1328237/0001564590-22-006805.txt
BOISE CASCADE Co,0001328581,BCC,,10-K,2022-02-22,edgar/data/1328581/0001328581-22-000017.txt
Invesco CurrencyShares Euro Trust,0001328598,FXE,,10-K,2022-02-25,edgar/data/1328598/0001564590-22-006824.txt
"STRATS(SM) Trust For Goldman Sachs Capital I Securities, Series 2005-1",0001328989,,,10-K,2022-03-30,edgar/data/1328989/0001387131-22-004418.txt
Federal Home Loan Bank of New York,0001329842,,,10-K,2022-03-22,edgar/data/1329842/0001104659-22-036626.txt
Federal Home Loan Bank of Pittsburgh,0001330399,,,10-K,2022-03-09,edgar/data/1330399/0001330399-22-000010.txt
iShares Silver Trust,0001330568,SLV,,10-K,2022-03-01,edgar/data/1330568/0001437749-22-004900.txt
Federal Home Loan Bank of Chicago,0001331451,,,10-K,2022-03-10,edgar/data/1331451/0001331451-22-000049.txt
Federal Home Loan Bank of Boston,0001331463,,,10-K,2022-03-18,edgar/data/1331463/0001331463-22-000050.txt
Federal Home Loan Bank of Atlanta,0001331465,,,10-K,2022-03-03,edgar/data/1331465/0001331465-22-000047.txt
HOME BANCSHARES INC,0001331520,HOMB,,10-K,2022-02-24,edgar/data/1331520/0001331520-22-000015.txt
Federal Home Loan Bank of Indianapolis,0001331754,,,10-K,2022-03-10,edgar/data/1331754/0001331754-22-000046.txt
Federal Home Loan Bank of Dallas,0001331757,,,10-K,2022-03-23,edgar/data/1331757/0001331757-22-000052.txt
"Fidelity National Financial, Inc.",0001331875,FNF,,10-K,2022-02-25,edgar/data/1331875/0001331875-22-000024.txt
iShares S&P GSCI Commodity-Indexed Trust,0001332174,ISMCF,,10-K,2022-03-01,edgar/data/1332174/0001437749-22-004901.txt
Brookdale Senior Living Inc.,0001332349,BKD,,10-K,2022-02-15,edgar/data/1332349/0001332349-22-000043.txt
ACRES Commercial Realty Corp.,0001332551,ACR-PD,,10-K,2022-03-09,edgar/data/1332551/0001564590-22-009161.txt
MERCER INTERNATIONAL INC.,0001333274,MERC,,10-K,2022-02-17,edgar/data/1333274/0001564590-22-005582.txt
"eHealth, Inc.",0001333493,EHTH,,10-K,2022-03-01,edgar/data/1333493/0001333493-22-000023.txt
Casa Systems Inc,0001333835,,,10-K,2022-02-25,edgar/data/1333835/0001564590-22-007157.txt
"Equitable Holdings, Inc.",0001333986,EQH-PC,,10-K,2022-02-22,edgar/data/1333986/0001333986-22-000006.txt
"Crocs, Inc.",0001334036,CROX,,10-K,2022-02-16,edgar/data/1334036/0001334036-22-000011.txt
"Coda Octopus Group, Inc.",0001334325,CODA,,10-K,2022-02-14,edgar/data/1334325/0001493152-22-004191.txt
"Clear Channel Outdoor Holdings, Inc.",0001334978,CCO,,10-K,2022-02-24,edgar/data/1334978/0001334978-22-000010.txt
"LIXTE BIOTECHNOLOGY HOLDINGS, INC.",0001335105,LIXT,,10-K,2022-03-21,edgar/data/1335105/0001493152-22-007327.txt
"Live Nation Entertainment, Inc.",0001335258,LYV,,10-K,2022-02-23,edgar/data/1335258/0001335258-22-000019.txt
"Boardwalk Pipeline Partners, LP",0001336047,,,10-K,2022-02-08,edgar/data/1336047/0001336047-22-000007.txt
"Under Armour, Inc.",0001336917,UA,,10-K,2022-02-23,edgar/data/1336917/0001336917-22-000010.txt
"Leidos Holdings, Inc.",0001336920,LDOS,,10-K,2022-02-15,edgar/data/1336920/0001336920-22-000007.txt
"InfuSystem Holdings, Inc",0001337013,INFU,,10-K,2022-03-15,edgar/data/1337013/0001628280-22-006223.txt
FutureFuel Corp.,0001337298,FF,,10-K,2022-03-15,edgar/data/1337298/0001437749-22-006298.txt
NSTAR ELECTRIC CO,0000013372,NSARP,,10-K,2022-02-17,edgar/data/13372/0000072741-22-000015.txt
AERIE PHARMACEUTICALS INC,0001337553,,,10-K,2022-02-25,edgar/data/1337553/0001337553-22-000013.txt
"ENVESTNET, INC.",0001337619,,,10-K,2022-02-25,edgar/data/1337619/0001628280-22-003985.txt
"DCP Midstream, LP",0001338065,,,10-K,2022-02-18,edgar/data/1338065/0001338065-22-000009.txt
RIDGEWOOD ENERGY Q FUND LLC,0001338474,,,10-K,2022-02-28,edgar/data/1338474/0001214659-22-003339.txt
POTLATCHDELTIC CORP,0001338749,PCH,,10-K,2022-02-17,edgar/data/1338749/0000950170-22-001428.txt
FEMASYS INC,0001339005,FEMY,,10-K,2022-03-24,edgar/data/1339005/0001140361-22-011032.txt
"H&E Equipment Services, Inc.",0001339605,,,10-K,2022-02-24,edgar/data/1339605/0000950170-22-001961.txt
STRATS SM TRUST FOR Goldman Sachs Cap I SEC SERIES 2005-3,0001339920,,,10-K,2022-03-30,edgar/data/1339920/0001387131-22-004420.txt
aTYR PHARMA INC,0001339970,ATYR,,10-K,2022-03-15,edgar/data/1339970/0001564590-22-010441.txt
"Calumet Specialty Products Partners, L.P.",0001340122,,,10-K,2022-03-04,edgar/data/1340122/0001340122-22-000036.txt
DIRTT ENVIRONMENTAL SOLUTIONS LTD,0001340476,DRTTF,,10-K,2022-02-23,edgar/data/1340476/0001564590-22-006322.txt
"ChemoCentryx, Inc.",0001340652,,,10-K,2022-03-01,edgar/data/1340652/0000950170-22-002561.txt
"STRATS SM TRUST FOR WAL-MART STORES, INC. SECURITIES, SERIES 2005-4",0001340909,GJO,,10-K,2022-03-30,edgar/data/1340909/0001387131-22-004422.txt
"CatchMark Timber Trust, Inc.",0001341141,,,10-K,2022-03-03,edgar/data/1341141/0001341141-22-000014.txt
"Aldeyra Therapeutics, Inc.",0001341235,ALDX,,10-K,2022-03-17,edgar/data/1341235/0000950170-22-004111.txt
Bridgewater Bancshares Inc,0001341317,BWBBP,,10-K,2022-03-08,edgar/data/1341317/0001558370-22-003010.txt
"LAKE SHORE BANCORP, INC.",0001341318,,,10-K,2022-03-31,edgar/data/1341318/0001341318-22-000020.txt
"Celsius Holdings, Inc.",0001341766,CELH,,10-K,2022-03-16,edgar/data/1341766/0000950170-22-003965.txt
"Kreido Biofuels, Inc.",0001342219,,,10-K,2022-03-18,edgar/data/1342219/0001683168-22-001772.txt
Limoneira CO,0001342423,LMNR,,10-K,2022-01-10,edgar/data/1342423/0001342423-22-000009.txt
"Advanced Voice Recognition Systems, Inc",0001342936,RIVF,,10-K,2022-03-29,edgar/data/1342936/0001376474-22-000172.txt
"STRATS(SM) TRUST FOR DOMINION RESOURCES, INC. SECURITIES, SERIES 2005-6",0001343491,GJP,,10-K,2022-03-30,edgar/data/1343491/0001387131-22-004424.txt
YELP INC,0001345016,YELP,,10-K,2022-02-28,edgar/data/1345016/0001345016-22-000026.txt
Compass Group Diversified Holdings LLC,0001345122,,,10-K,2022-02-24,edgar/data/1345122/0001345126-22-000014.txt
Compass Diversified Holdings,0001345126,CODI-PC,,10-K,2022-02-24,edgar/data/1345126/0001345126-22-000014.txt
"ESP Resources, Inc.",0001346526,,,10-K,2022-03-04,edgar/data/1346526/0001829126-22-005356.txt
"CMG HOLDINGS GROUP, INC.",0001346655,,,10-K,2022-03-31,edgar/data/1346655/0001017386-22-000095.txt
"Cara Therapeutics, Inc.",0001346830,TVRD,,10-K,2022-03-01,edgar/data/1346830/0001558370-22-002555.txt
Vanda Pharmaceuticals Inc.,0001347178,VNDA,,10-K,2022-02-24,edgar/data/1347178/0001628280-22-003629.txt
"CorEnergy Infrastructure Trust, Inc.",0001347652,,,10-K,2022-03-14,edgar/data/1347652/0001347652-22-000020.txt
"22nd Century Group, Inc.",0001347858,XXII,,10-K,2022-03-01,edgar/data/1347858/0001558370-22-002452.txt
"AVALARA, INC.",0001348036,,,10-K,2022-02-24,edgar/data/1348036/0001564590-22-006696.txt
"ENTERGY LOUISIANA, LLC",0001348952,ELC,,10-K,2022-02-25,edgar/data/1348952/0000065984-22-000017.txt
SANDRIDGE ENERGY INC,0001349436,SD,,10-K,2022-03-10,edgar/data/1349436/0001628280-22-005741.txt
MS STRUCTURED TILES SERIES 2006-1,0001349577,,,10-K,2022-03-23,edgar/data/1349577/0001387131-22-003888.txt
"Vyant Bio, Inc.",0001349929,,,10-K,2022-03-30,edgar/data/1349929/0001493152-22-008085.txt
"Ascent Solar Technologies, Inc.",0001350102,ASTI,,10-K,2022-03-14,edgar/data/1350102/0001564590-22-010099.txt
"Alphatec Holdings, Inc.",0001350653,ATEC,,10-K,2022-03-02,edgar/data/1350653/0001564590-22-008121.txt
"SHOTSPOTTER, INC",0001351636,SSTI,,10-K,2022-03-29,edgar/data/1351636/0000950170-22-004805.txt
"EPAM Systems, Inc.",0001352010,EPAM,,10-K,2022-02-25,edgar/data/1352010/0001352010-22-000020.txt
RIDGEWOOD ENERGY S FUND LLC,0001352190,,,10-K,2022-02-28,edgar/data/1352190/0001214659-22-003340.txt
"STRATS(SM) Trust for Procter & Gamble Securities, Series 2006-1",0001353226,GJR,,10-K,2022-03-30,edgar/data/1353226/0001387131-22-004426.txt
MANAGED FUTURES PREMIER WARRINGTON L.P.,0001353282,,,10-K,2022-03-16,edgar/data/1353282/0001564590-22-010543.txt
SPLUNK INC,0001353283,,,10-K,2022-03-24,edgar/data/1353283/0001353283-22-000011.txt
"Appgate, Inc.",0001353538,,,10-K,2022-03-31,edgar/data/1353538/0001628280-22-008075.txt
Invesco CurrencyShares British Pound Sterling Trust,0001353611,FXB,,10-K,2022-02-25,edgar/data/1353611/0001564590-22-006814.txt
Invesco CurrencyShares Canadian Dollar Trust,0001353612,FXC,,10-K,2022-02-25,edgar/data/1353612/0001564590-22-006820.txt
Invesco CurrencyShares Japanese Yen Trust,0001353613,FXY,,10-K,2022-02-25,edgar/data/1353613/0001564590-22-006827.txt
Invesco CurrencyShares Australian Dollar Trust,0001353614,FXA,,10-K,2022-02-25,edgar/data/1353614/0001564590-22-006813.txt
Invesco CurrencyShares Swiss Franc Trust,0001353615,FXF,,10-K,2022-02-25,edgar/data/1353615/0001564590-22-006823.txt
"PGT Innovations, Inc.",0001354327,,,10-K,2022-03-01,edgar/data/1354327/0000950170-22-002479.txt
PPLUS Trust Series RRD-1,0001354371,,,10-K,2022-03-30,edgar/data/1354371/0001174947-22-000413.txt
Invesco DB G10 Currency Harvest Fund,0001354730,,,10-K,2022-02-25,edgar/data/1354730/0001564590-22-006825.txt
Byrna Technologies Inc.,0001354866,BYRN,,10-K,2022-02-11,edgar/data/1354866/0001437749-22-003122.txt
REALOGY GROUP LLC,0001355001,,,10-K,2022-02-25,edgar/data/1355001/0001398987-22-000022.txt
"Qurate Retail, Inc.",0001355096,QVCGB,,10-K,2022-02-25,edgar/data/1355096/0001558370-22-002174.txt
International Stem Cell CORP,0001355790,ISCO,,10-K,2022-03-29,edgar/data/1355790/0001564590-22-012221.txt
"PALTALK, INC.",0001355839,IPM,,10-K,2022-03-23,edgar/data/1355839/0001213900-22-014510.txt
"PRECIGEN, INC.",0001356090,PGEN,,10-K,2022-03-01,edgar/data/1356090/0001356090-22-000002.txt
"CREATIVE REALITIES, INC.",0001356093,CREX,,10-K,2022-03-22,edgar/data/1356093/0001213900-22-014206.txt
"STRATS(SM) Trust for Goldman Sachs Group Securities, Series 2006-2",0001356284,GJS,,10-K,2022-03-30,edgar/data/1356284/0001387131-22-004430.txt
"PALISADE BIO, INC.",0001357459,PALI,,10-K,2022-03-17,edgar/data/1357459/0000950170-22-004093.txt
"KBR, INC.",0001357615,KBR,,10-K,2022-02-22,edgar/data/1357615/0001357615-22-000012.txt
"STRATS(SM) Trust for Allstate Corp Securities, Series 2006-3",0001357660,GJT,,10-K,2022-03-30,edgar/data/1357660/0001387131-22-004432.txt
PRECISION BIOSCIENCES INC,0001357874,DTIL,,10-K,2022-03-15,edgar/data/1357874/0001564590-22-010222.txt
"IT TECH PACKAGING, INC.",0001358190,ITP,,10-K,2022-03-15,edgar/data/1358190/0001213900-22-012344.txt
"LIMESTONE BANCORP, INC.",0001358356,,,10-K,2022-02-25,edgar/data/1358356/0001437749-22-004465.txt
"BELLICUM PHARMACEUTICALS, INC",0001358403,,,10-K,2022-03-24,edgar/data/1358403/0001628280-22-007196.txt
Millennium Sustainable Ventures Corp.,0001358656,,,10-K,2022-03-15,edgar/data/1358656/0001493152-22-006887.txt
REATA PHARMACEUTICALS INC,0001358762,,,10-K,2022-02-28,edgar/data/1358762/0001564590-22-007338.txt
Hanesbrands Inc.,0001359841,,,10-K,2022-02-16,edgar/data/1359841/0001359841-22-000094.txt
"Protara Therapeutics, Inc.",0001359931,TARA,,10-K,2022-03-09,edgar/data/1359931/0001213900-22-011208.txt
"HARROW HEALTH, INC.",0001360214,HROW,,10-K,2022-03-10,edgar/data/1360214/0001493152-22-006525.txt
"Where Food Comes From, Inc.",0001360565,WFCF,,10-K,2022-02-28,edgar/data/1360565/0001493152-22-005648.txt
"HEALTHCARE TRUST OF AMERICA, INC.",0001360604,HR,,10-K,2022-03-01,edgar/data/1360604/0001360604-22-000014.txt
Evercore Inc.,0001360901,EVR,,10-K,2022-02-24,edgar/data/1360901/0001360901-22-000005.txt
VARONIS SYSTEMS INC,0001361113,VRNS,,10-K,2022-02-08,edgar/data/1361113/0001628280-22-002017.txt
Primoris Services Corp,0001361538,PRIM,,10-K,2022-03-01,edgar/data/1361538/0001558370-22-002400.txt
Travel & Leisure Co.,0001361658,TNL,,10-K,2022-02-23,edgar/data/1361658/0001361658-22-000013.txt
"ICF International, Inc.",0001362004,ICFI,,10-K,2022-02-25,edgar/data/1362004/0001564590-22-006889.txt
AUDIOEYE INC,0001362190,AEYE,,10-K,2022-03-11,edgar/data/1362190/0001410578-22-000353.txt
Allegiant Travel CO,0001362468,ALGT,,10-K,2022-03-01,edgar/data/1362468/0001362468-22-000018.txt
"THERALINK TECHNOLOGIES, INC.",0001362703,,,10-K,2022-01-13,edgar/data/1362703/0001493152-22-001167.txt
Evolve Transition Infrastructure LP,0001362705,,,10-K,2022-03-30,edgar/data/1362705/0001558370-22-004785.txt
Enstar Group LTD,0001363829,,,10-K,2022-02-24,edgar/data/1363829/0001363829-22-000045.txt
"WESTERN CAPITAL RESOURCES, INC.",0001363958,,,10-K,2022-03-29,edgar/data/1363958/0001753926-22-000362.txt
Douglas Emmett Inc,0001364250,DEI,,10-K,2022-02-18,edgar/data/1364250/0001364250-22-000011.txt
RIDGEWOOD ENERGY T FUND LLC,0001364397,,,10-K,2022-02-28,edgar/data/1364397/0001214659-22-003341.txt
HERC HOLDINGS INC,0001364479,HRI,,10-K,2022-02-10,edgar/data/1364479/0001364479-22-000007.txt
BlackRock Inc.,0001364742,,,10-K,2022-02-25,edgar/data/1364742/0001564590-22-007117.txt
"Spirit AeroSystems Holdings, Inc.",0001364885,,,10-K,2022-02-15,edgar/data/1364885/0001628280-22-002704.txt
"CHEGG, INC",0001364954,CHGG,,10-K,2022-02-22,edgar/data/1364954/0001364954-22-000011.txt
Western Union CO,0001365135,WU,,10-K,2022-02-24,edgar/data/1365135/0000950170-22-001962.txt
"High Sierra Technologies, Inc.",0001365388,HSTI,,10-K,2022-03-21,edgar/data/1365388/0001548123-22-000015.txt
"AMYRIS, INC.",0001365916,,,10-K,2022-03-09,edgar/data/1365916/0001365916-22-000032.txt
SMARTSHEET INC,0001366561,,,10-K,2022-03-25,edgar/data/1366561/0001366561-22-000045.txt
HOMELAND ENERGY SOLUTIONS LLC,0001366744,,,10-K,2022-03-10,edgar/data/1366744/0001366744-22-000005.txt
"Globalstar, Inc.",0001366868,GSAT,,10-K,2022-02-25,edgar/data/1366868/0001366868-22-000022.txt
Invesco DB Multi-Sector Commodity Trust,0001367306,,,10-K,2022-02-25,edgar/data/1367306/0001564590-22-006804.txt
Invesco DB Multi-Sector Commodity Trust,0001367306,,,10-K,2022-02-25,edgar/data/1367306/0001564590-22-006807.txt
Invesco DB Multi-Sector Commodity Trust,0001367306,,,10-K,2022-02-25,edgar/data/1367306/0001564590-22-006808.txt
Invesco DB Multi-Sector Commodity Trust,0001367306,,,10-K,2022-02-25,edgar/data/1367306/0001564590-22-006811.txt
Invesco DB Multi-Sector Commodity Trust,0001367306,,,10-K,2022-02-25,edgar/data/1367306/0001564590-22-006817.txt
Invesco DB Multi-Sector Commodity Trust,0001367306,,,10-K,2022-02-25,edgar/data/1367306/0001564590-22-006821.txt
Invesco DB Multi-Sector Commodity Trust,0001367306,,,10-K,2022-02-25,edgar/data/1367306/0001564590-22-006828.txt
Emergent BioSolutions Inc.,0001367644,EBS,,10-K,2022-02-25,edgar/data/1367644/0001367644-22-000024.txt
Citizens Community Bancorp Inc.,0001367859,CZWI,,10-K,2022-03-02,edgar/data/1367859/0001367859-22-000069.txt
"CONCERT PHARMACEUTICALS, INC.",0001367920,,,10-K,2022-03-03,edgar/data/1367920/0001367920-22-000018.txt
"ATHERSYS, INC / NEW",0001368148,,,10-K,2022-03-15,edgar/data/1368148/0001368148-22-000020.txt
Clean Energy Fuels Corp.,0001368265,CLNE,,10-K,2022-02-24,edgar/data/1368265/0001558370-22-001985.txt
W&E Source Corp.,0001368275,,,10-K,2022-01-14,edgar/data/1368275/0001062993-22-001065.txt
"REMARK HOLDINGS, INC.",0001368365,,,10-K,2022-03-31,edgar/data/1368365/0001368365-22-000016.txt
"ADMA BIOLOGICS, INC.",0001368514,ADMA,,10-K,2022-03-24,edgar/data/1368514/0001140361-22-011030.txt
"GTJ REIT, INC.",0001368757,,,10-K,2022-03-25,edgar/data/1368757/0001564590-22-011776.txt
"MYOMO, INC.",0001369290,MYO,,10-K,2022-03-11,edgar/data/1369290/0001564590-22-009827.txt
"CATALYST PHARMACEUTICALS, INC.",0001369568,CPRX,,10-K,2022-03-16,edgar/data/1369568/0001193125-22-077228.txt
"ANAPTYSBIO, INC",0001370053,ANAB,,10-K,2022-03-07,edgar/data/1370053/0001370053-22-000009.txt
"Willdan Group, Inc.",0001370450,WLDN,,10-K,2022-03-11,edgar/data/1370450/0001558370-22-003337.txt
ETSY INC,0001370637,ETSY,,10-K,2022-02-25,edgar/data/1370637/0001370637-22-000024.txt
BlackRock TCP Capital Corp.,0001370755,TCPC,,10-K,2022-02-24,edgar/data/1370755/0001564590-22-006511.txt
"Mandiant, Inc.",0001370880,,,10-K,2022-03-01,edgar/data/1370880/0001370880-22-000004.txt
Owens Corning,0001370946,OC,,10-K,2022-02-16,edgar/data/1370946/0001370946-22-000010.txt
"NewHydrogen, Inc.",0001371128,NEWH,,10-K,2022-03-31,edgar/data/1371128/0001493152-22-008440.txt
"TRUPANION, INC.",0001371285,TRUP,,10-K,2022-02-17,edgar/data/1371285/0001371285-22-000048.txt
HIGHWATER ETHANOL LLC,0001371451,,,10-K,2022-01-19,edgar/data/1371451/0001371451-22-000002.txt
Information Services Group Inc.,0001371489,III,,10-K,2022-03-11,edgar/data/1371489/0001558370-22-003397.txt
Invesco DB US Dollar Index Trust,0001371571,,,10-K,2022-02-25,edgar/data/1371571/0001564590-22-006816.txt
Invesco DB US Dollar Index Trust,0001371571,,,10-K,2022-02-25,edgar/data/1371571/0001564590-22-006822.txt
MV Oil Trust,0001371782,MVO,,10-K,2022-03-17,edgar/data/1371782/0001104659-22-035021.txt
Great Lakes Dredge & Dock CORP,0001372020,GLDD,,10-K,2022-02-23,edgar/data/1372020/0001564590-22-006231.txt
"Ocugen, Inc.",0001372299,OCGN,,10-K,2022-02-28,edgar/data/1372299/0001628280-22-004085.txt
BOX INC,0001372612,BOX,,10-K,2022-03-16,edgar/data/1372612/0000950170-22-003913.txt
Portman Ridge Finance Corp,0001372807,BCIC,,10-K,2022-03-10,edgar/data/1372807/0000950170-22-003385.txt
"Green Brick Partners, Inc.",0001373670,GRBK-PA,,10-K,2022-03-01,edgar/data/1373670/0001373670-22-000008.txt
"ServiceNow, Inc.",0001373715,NOW,,10-K,2022-02-03,edgar/data/1373715/0001373715-22-000024.txt
"Cboe Global Markets, Inc.",0001374310,CBOE,,10-K,2022-02-18,edgar/data/1374310/0001558370-22-001386.txt
Altra Industrial Motion Corp.,0001374535,,,10-K,2022-02-28,edgar/data/1374535/0000950170-22-002319.txt
"Larimar Therapeutics, Inc.",0001374690,LRMR,,10-K,2022-03-25,edgar/data/1374690/0000950170-22-004637.txt
Kingfish Holding Corp,0001374881,,,10-K,2022-03-01,edgar/data/1374881/0001477932-22-001114.txt
Kingfish Holding Corp,0001374881,,,10-K,2022-03-01,edgar/data/1374881/0001477932-22-001122.txt
Kingfish Holding Corp,0001374881,,,10-K,2022-03-01,edgar/data/1374881/0001477932-22-001140.txt
Kingfish Holding Corp,0001374881,,,10-K,2022-03-02,edgar/data/1374881/0001477932-22-001151.txt
Kingfish Holding Corp,0001374881,,,10-K,2022-03-02,edgar/data/1374881/0001477932-22-001153.txt
Kingfish Holding Corp,0001374881,,,10-K,2022-03-02,edgar/data/1374881/0001477932-22-001161.txt
"ZOGENIX, INC.",0001375151,,,10-K,2022-03-01,edgar/data/1375151/0001375151-22-000015.txt
CORETEC GROUP INC.,0001375195,,,10-K,2022-03-21,edgar/data/1375195/0001437749-22-006796.txt
UR-ENERGY INC,0001375205,URG,,10-K,2022-03-09,edgar/data/1375205/0001654954-22-002811.txt
CVR ENERGY INC,0001376139,CVI,,10-K,2022-02-23,edgar/data/1376139/0001376139-22-000014.txt
"United States Natural Gas Fund, LP",0001376227,UNG,,10-K,2022-02-25,edgar/data/1376227/0001410578-22-000219.txt
"MIMEDX GROUP, INC.",0001376339,MDXG,,10-K,2022-02-28,edgar/data/1376339/0001376339-22-000007.txt
"Protagonist Therapeutics, Inc",0001377121,PTGX,,10-K,2022-02-28,edgar/data/1377121/0001558370-22-002385.txt
CareView Communications Inc,0001377149,CRVW,,10-K,2022-03-31,edgar/data/1377149/0001387131-22-004492.txt
Ridgewood Energy U Fund LLC,0001377178,,,10-K,2022-02-28,edgar/data/1377178/0001214659-22-003342.txt
"National CineMedia, Inc.",0001377630,NCMI,,10-K,2022-03-03,edgar/data/1377630/0001377630-22-000032.txt
TravelCenters of America Inc. /MD/,0001378453,,,10-K,2022-02-23,edgar/data/1378453/0001378453-22-000006.txt
"People's United Financial, Inc.",0001378946,,,10-K,2022-03-01,edgar/data/1378946/0001628280-22-004389.txt
"CarParts.com, Inc.",0001378950,PRTS,,10-K,2022-03-02,edgar/data/1378950/0001378950-22-000014.txt
"Employers Holdings, Inc.",0001379041,EIG,,10-K,2022-02-24,edgar/data/1379041/0001379041-22-000021.txt
"Corporate Backed Callable Trust Certificates, J.C. Penny Debenture-Backed Series 2006-1 Trust",0001379404,,,10-K,2022-03-30,edgar/data/1379404/0001853620-22-000137.txt
"Barings BDC, Inc.",0001379785,BBDC,,10-K,2022-02-23,edgar/data/1379785/0001379785-22-000008.txt
"RAPID MICRO BIOSYSTEMS, INC.",0001380106,RPID,,10-K,2022-03-24,edgar/data/1380106/0001380106-22-000010.txt
"TriState Capital Holdings, Inc.",0001380846,,,10-K,2022-03-01,edgar/data/1380846/0001380846-22-000015.txt
"Interactive Brokers Group, Inc.",0001381197,IBKR,,10-K,2022-02-25,edgar/data/1381197/0001381197-22-000010.txt
Domtar CORP,0001381531,,,10-K,2022-03-10,edgar/data/1381531/0001564590-22-009469.txt
"SUTRO BIOPHARMA, INC.",0001382101,STRO,,10-K,2022-02-28,edgar/data/1382101/0000950170-22-002312.txt
"TRxADE HEALTH, INC",0001382574,SCNX,,10-K,2022-03-28,edgar/data/1382574/0001493152-22-007879.txt
Redfin Corp,0001382821,,,10-K,2022-02-17,edgar/data/1382821/0001382821-22-000034.txt
INVESCO DB SILVER FUND,0001383054,,,10-K,2022-02-25,edgar/data/1383054/0001564590-22-006821.txt
Invesco DB Gold Fund,0001383055,,,10-K,2022-02-25,edgar/data/1383055/0001564590-22-006808.txt
Invesco DB Precious Metals Fund,0001383057,DBP,,10-K,2022-02-25,edgar/data/1383057/0001564590-22-006817.txt
Invesco DB Oil Fund,0001383058,DBO,,10-K,2022-02-25,edgar/data/1383058/0001564590-22-006828.txt
Invesco DB Energy Fund,0001383062,DBE,,10-K,2022-02-25,edgar/data/1383062/0001564590-22-006811.txt
INVESCO DB AGRICULTURE FUND,0001383082,DBA,,10-K,2022-02-25,edgar/data/1383082/0001564590-22-006807.txt
INVESCO DB BASE METALS FUND,0001383084,DBB,,10-K,2022-02-25,edgar/data/1383084/0001564590-22-006804.txt
CYTTA CORP.,0001383088,CYCA,,10-K,2022-01-12,edgar/data/1383088/0001477932-22-000209.txt
SANTANDER DRIVE AUTO RECEIVABLES LLC,0001383094,,,10-K,2022-03-31,edgar/data/1383094/0001193125-22-090873.txt
SANTANDER DRIVE AUTO RECEIVABLES LLC,0001383094,,,10-K,2022-03-31,edgar/data/1383094/0001193125-22-090876.txt
SANTANDER DRIVE AUTO RECEIVABLES LLC,0001383094,,,10-K,2022-03-31,edgar/data/1383094/0001193125-22-090879.txt
SANTANDER DRIVE AUTO RECEIVABLES LLC,0001383094,,,10-K,2022-03-31,edgar/data/1383094/0001193125-22-090900.txt
SANTANDER DRIVE AUTO RECEIVABLES LLC,0001383094,,,10-K,2022-03-31,edgar/data/1383094/0001193125-22-090907.txt
SANTANDER DRIVE AUTO RECEIVABLES LLC,0001383094,,,10-K,2022-03-31,edgar/data/1383094/0001193125-22-090927.txt
SANTANDER DRIVE AUTO RECEIVABLES LLC,0001383094,,,10-K,2022-03-31,edgar/data/1383094/0001193125-22-090928.txt
SANTANDER DRIVE AUTO RECEIVABLES LLC,0001383094,,,10-K,2022-03-31,edgar/data/1383094/0001193125-22-090932.txt
SANTANDER DRIVE AUTO RECEIVABLES LLC,0001383094,,,10-K,2022-03-31,edgar/data/1383094/0001193125-22-090965.txt
SANTANDER DRIVE AUTO RECEIVABLES LLC,0001383094,,,10-K,2022-03-31,edgar/data/1383094/0001193125-22-090968.txt
SANTANDER DRIVE AUTO RECEIVABLES LLC,0001383094,,,10-K,2022-03-31,edgar/data/1383094/0001193125-22-090969.txt
SANTANDER DRIVE AUTO RECEIVABLES LLC,0001383094,,,10-K,2022-03-31,edgar/data/1383094/0001193125-22-090970.txt
SANTANDER DRIVE AUTO RECEIVABLES LLC,0001383094,,,10-K,2022-03-31,edgar/data/1383094/0001193125-22-090989.txt
SANTANDER DRIVE AUTO RECEIVABLES LLC,0001383094,,,10-K,2022-03-31,edgar/data/1383094/0001193125-22-090993.txt
SANTANDER DRIVE AUTO RECEIVABLES LLC,0001383094,,,10-K,2022-03-31,edgar/data/1383094/0001193125-22-091000.txt
SANTANDER DRIVE AUTO RECEIVABLES LLC,0001383094,,,10-K,2022-03-31,edgar/data/1383094/0001193125-22-091006.txt
SANTANDER DRIVE AUTO RECEIVABLES LLC,0001383094,,,10-K,2022-03-31,edgar/data/1383094/0001193125-22-091011.txt
SANTANDER DRIVE AUTO RECEIVABLES LLC,0001383094,,,10-K,2022-03-31,edgar/data/1383094/0001193125-22-091022.txt
SANTANDER DRIVE AUTO RECEIVABLES LLC,0001383094,,,10-K,2022-03-31,edgar/data/1383094/0001193125-22-091037.txt
SANTANDER DRIVE AUTO RECEIVABLES LLC,0001383094,,,10-K,2022-03-31,edgar/data/1383094/0001193125-22-091063.txt
SANTANDER DRIVE AUTO RECEIVABLES LLC,0001383094,,,10-K,2022-03-31,edgar/data/1383094/0001193125-22-091066.txt
SANTANDER DRIVE AUTO RECEIVABLES LLC,0001383094,,,10-K,2022-03-31,edgar/data/1383094/0001193125-22-091074.txt
SANTANDER DRIVE AUTO RECEIVABLES LLC,0001383094,,,10-K,2022-03-31,edgar/data/1383094/0001193125-22-091106.txt
SANTANDER DRIVE AUTO RECEIVABLES LLC,0001383094,,,10-K,2022-03-31,edgar/data/1383094/0001193125-22-091107.txt
SANTANDER DRIVE AUTO RECEIVABLES LLC,0001383094,,,10-K,2022-03-31,edgar/data/1383094/0001193125-22-091145.txt
SANTANDER DRIVE AUTO RECEIVABLES LLC,0001383094,,,10-K,2022-03-31,edgar/data/1383094/0001193125-22-091212.txt
SANTANDER DRIVE AUTO RECEIVABLES LLC,0001383094,,,10-K,2022-03-31,edgar/data/1383094/0001193125-22-091226.txt
SANTANDER DRIVE AUTO RECEIVABLES LLC,0001383094,,,10-K,2022-03-31,edgar/data/1383094/0001193125-22-091259.txt
SANTANDER DRIVE AUTO RECEIVABLES LLC,0001383094,,,10-K,2022-03-31,edgar/data/1383094/0001193125-22-091424.txt
INVESCO DB US DOLLAR INDEX BEARISH FUND,0001383149,UDN,,10-K,2022-02-25,edgar/data/1383149/0001564590-22-006816.txt
Invesco DB US Dollar Index Bullish Fund,0001383151,UUP,,10-K,2022-02-25,edgar/data/1383151/0001564590-22-006822.txt
TRANSACT ENERGY CORP,0001383394,,,10-K,2022-01-24,edgar/data/1383394/0001393905-22-000025.txt
"Cheniere Energy Partners, L.P.",0001383650,CQP,,10-K,2022-02-24,edgar/data/1383650/0001383650-22-000005.txt
Histogen Inc.,0001383701,,,10-K,2022-03-10,edgar/data/1383701/0001564590-22-009664.txt
"VERACYTE, INC.",0001384101,VCYT,,10-K,2022-02-28,edgar/data/1384101/0001384101-22-000028.txt
"Lithium & Boron Technology, Inc.",0001384135,,,10-K,2022-03-31,edgar/data/1384135/0001185185-22-000365.txt
"RING ENERGY, INC.",0001384195,REI,,10-K,2022-03-16,edgar/data/1384195/0001104659-22-034569.txt
"RingCentral, Inc.",0001384905,RNG,,10-K,2022-03-01,edgar/data/1384905/0001384905-22-000011.txt
"Cinemark Holdings, Inc.",0001385280,CNK,,10-K,2022-02-25,edgar/data/1385280/0000950170-22-002035.txt
"OPIANT PHARMACEUTICALS, INC.",0001385508,,,10-K,2022-03-15,edgar/data/1385508/0001385508-22-000038.txt
"GREENLIGHT CAPITAL RE, LTD.",0001385613,GLRE,,10-K,2022-03-08,edgar/data/1385613/0001385613-22-000026.txt
RIDGEWOOD ENERGY V FUND LLC,0001385662,,,10-K,2022-02-28,edgar/data/1385662/0001214659-22-003343.txt
ENERGY FUELS INC,0001385849,UUUU,,10-K,2022-03-15,edgar/data/1385849/0001385849-22-000024.txt
Coupa Software Inc,0001385867,,,10-K,2022-03-16,edgar/data/1385867/0001385867-22-000010.txt
"Freedom Holdings, Inc.",0001386044,TAAG,,10-K,2022-01-13,edgar/data/1386044/0001493152-22-001146.txt
"Beyond Commerce, Inc.",0001386049,BYOC,,10-K,2022-03-31,edgar/data/1386049/0001096906-22-000717.txt
GREEN DOT CORP,0001386278,GDOT,,10-K,2022-02-28,edgar/data/1386278/0001386278-22-000007.txt
ChromaDex Corp.,0001386570,NAGE,,10-K,2022-03-14,edgar/data/1386570/0001628280-22-006041.txt
"Lightstone Value Plus REIT V, Inc.",0001387061,,,10-K,2022-03-24,edgar/data/1387061/0001829126-22-006705.txt
"Corporate Backed Callable Trust Certificates, J.C. Penney Debenture-Backed Series 2007-1 Trust",0001387637,,,10-K,2022-03-30,edgar/data/1387637/0001853620-22-000140.txt
"U.S. Stem Cell, Inc.",0001388319,,,10-K,2022-03-31,edgar/data/1388319/0001185185-22-000363.txt
"Actinium Pharmaceuticals, Inc.",0001388320,ATNM,,10-K,2022-03-25,edgar/data/1388320/0001213900-22-015208.txt
"iRhythm Technologies, Inc.",0001388658,IRTC,,10-K,2022-02-28,edgar/data/1388658/0001388658-22-000020.txt
MARIN SOFTWARE INC,0001389002,,,10-K,2022-02-24,edgar/data/1389002/0000950170-22-001990.txt
"Archrock, Inc.",0001389050,AROC,,10-K,2022-02-23,edgar/data/1389050/0001389050-22-000007.txt
TAUTACHROME INC.,0001389067,,,10-K,2022-03-24,edgar/data/1389067/0001477932-22-001603.txt
Targa Resources Corp.,0001389170,TRGP,,10-K,2022-02-24,edgar/data/1389170/0001564590-22-006563.txt
"Clubhouse Media Group, Inc.",0001389518,,,10-K,2022-03-29,edgar/data/1389518/0001493152-22-008044.txt
"NovaBay Pharmaceuticals, Inc.",0001389545,NBY,,10-K,2022-03-29,edgar/data/1389545/0001437749-22-007543.txt
"SELLAS Life Sciences Group, Inc.",0001390478,SLS,,10-K,2022-03-31,edgar/data/1390478/0001390478-22-000006.txt
Bank of New York Mellon Corp,0001390777,BK-PK,,10-K,2022-02-25,edgar/data/1390777/0001390777-22-000043.txt
"Limelight Networks, Inc.",0001391127,,,10-K,2022-02-17,edgar/data/1391127/0001391127-22-000025.txt
LFTD PARTNERS INC.,0001391135,LIFD,,10-K,2022-03-31,edgar/data/1391135/0001096906-22-000719.txt
QUAINT OAK BANCORP INC,0001391933,QNTO,,10-K,2022-03-31,edgar/data/1391933/0000927089-22-000032.txt
"Blueknight Energy Partners, L.P.",0001392091,,,10-K,2022-03-09,edgar/data/1392091/0001437749-22-005686.txt
"Gevo, Inc.",0001392380,GEVO,,10-K,2022-02-24,edgar/data/1392380/0001437749-22-004346.txt
Green Planet Bio Engineering Co. Ltd.,0001392449,GPLB,,10-K,2022-03-14,edgar/data/1392449/0001654954-22-003076.txt
"Lightning Gaming, Inc.",0001392545,,,10-K,2022-03-30,edgar/data/1392545/0000890163-22-000031.txt
"SurgePays, Inc.",0001392694,SURG,,10-K,2022-03-24,edgar/data/1392694/0001493152-22-007663.txt
"PROS Holdings, Inc.",0001392972,,,10-K,2022-02-18,edgar/data/1392972/0001392972-22-000031.txt
VEEVA SYSTEMS INC,0001393052,VEEV,,10-K,2022-03-30,edgar/data/1393052/0001393052-22-000017.txt
Resolute Forest Products Inc.,0001393066,,,10-K,2022-03-01,edgar/data/1393066/0001393066-22-000021.txt
Public Storage,0001393311,PSA-PS,,10-K,2022-02-22,edgar/data/1393311/0001393311-22-000010.txt
"OCULAR THERAPEUTIX, INC",0001393434,OCUL,,10-K,2022-02-28,edgar/data/1393434/0001558370-22-002363.txt
IGEN NETWORKS CORP,0001393540,,,10-K,2022-03-31,edgar/data/1393540/0001640334-22-000629.txt
ClickStream Corp,0001393548,,,10-K,2022-02-11,edgar/data/1393548/0001575705-22-000124.txt
American Well Corp,0001393584,AMWL,,10-K,2022-02-28,edgar/data/1393584/0001564590-22-007355.txt
Discover Financial Services,0001393612,,,10-K,2022-02-24,edgar/data/1393612/0001393612-22-000007.txt
TIPTREE INC.,0001393726,TIPT,,10-K,2022-03-14,edgar/data/1393726/0001393726-22-000020.txt
"WEED, INC.",0001393772,BUDZ,,10-K,2022-03-31,edgar/data/1393772/0001199835-22-000183.txt
WIKISOFT CORP.,0001393781,QIND,,10-K,2022-03-04,edgar/data/1393781/0001663577-22-000138.txt
Blackstone Inc,0001393818,BX,,10-K,2022-02-25,edgar/data/1393818/0001193125-22-054433.txt
"DHI GROUP, INC.",0001393883,DHX,,10-K,2022-02-11,edgar/data/1393883/0001393883-22-000025.txt
"ONE STOP SYSTEMS, INC.",0001394056,OSS,,10-K,2022-03-24,edgar/data/1394056/0001564590-22-011679.txt
Sino United Worldwide Consolidated Ltd.,0001394108,SUIC,,10-K,2022-03-31,edgar/data/1394108/0001554795-22-000132.txt
"Tracon Pharmaceuticals, Inc.",0001394319,,,10-K,2022-03-15,edgar/data/1394319/0001564590-22-010475.txt
CREATIVE LEARNING Corp,0001394638,DWAY,,10-K,2022-01-11,edgar/data/1394638/0001731122-22-000038.txt
First Trinity Financial CORP,0001395585,,,10-K,2022-03-10,edgar/data/1395585/0001437749-22-005845.txt
Syndax Pharmaceuticals Inc,0001395937,SNDX,,10-K,2022-03-01,edgar/data/1395937/0001564590-22-008112.txt
"KAR Auction Services, Inc.",0001395942,OPLN,,10-K,2022-02-23,edgar/data/1395942/0001395942-22-000009.txt
Vulcan Materials CO,0001396009,VMC,,10-K,2022-02-25,edgar/data/1396009/0001396009-22-000010.txt
"LL Flooring Holdings, Inc.",0001396033,,,10-K,2022-02-23,edgar/data/1396033/0001558370-22-001644.txt
Main Street Capital CORP,0001396440,MAIN,,10-K,2022-02-25,edgar/data/1396440/0001558370-22-002131.txt
"DUOS TECHNOLOGIES GROUP, INC.",0001396536,DUOT,,10-K,2022-03-31,edgar/data/1396536/0001553350-22-000281.txt
"Pacira BioSciences, Inc.",0001396814,PCRX,,10-K,2022-02-28,edgar/data/1396814/0001396814-22-000021.txt
"United States Gasoline Fund, LP",0001396878,UGA,,10-K,2022-02-25,edgar/data/1396878/0001410578-22-000211.txt
"FlexShopper, Inc.",0001397047,,,10-K,2022-03-30,edgar/data/1397047/0001213900-22-016138.txt
"Iveda Solutions, Inc.",0001397183,IVDAW,,10-K,2022-03-31,edgar/data/1397183/0001493152-22-008309.txt
lululemon athletica inc.,0001397187,LULU,,10-K,2022-03-29,edgar/data/1397187/0001397187-22-000014.txt
Silk Road Medical Inc,0001397702,,,10-K,2022-03-01,edgar/data/1397702/0001397702-22-000012.txt
LPL Financial Holdings Inc.,0001397911,LPLA,,10-K,2022-02-22,edgar/data/1397911/0001397911-22-000014.txt
Genpact LTD,0001398659,G,,10-K,2022-03-01,edgar/data/1398659/0001398659-22-000009.txt
"Aquestive Therapeutics, Inc.",0001398733,AQST,,10-K,2022-03-08,edgar/data/1398733/0001628280-22-005393.txt
Beam Global,0001398805,BEEM,,10-K,2022-03-31,edgar/data/1398805/0001683168-22-002236.txt
REALOGY HOLDINGS CORP.,0001398987,,,10-K,2022-02-25,edgar/data/1398987/0001398987-22-000022.txt
"Pzena Investment Management, Inc.",0001399249,,,10-K,2022-03-09,edgar/data/1399249/0000950170-22-003157.txt
"ONE Group Hospitality, Inc.",0001399520,STKS,,10-K,2022-03-16,edgar/data/1399520/0001558370-22-003762.txt
"HCI Group, Inc.",0001400810,HCIIP,,10-K,2022-03-10,edgar/data/1400810/0000950170-22-003351.txt
"iHeartMedia, Inc.",0001400891,IHETW,,10-K,2022-02-23,edgar/data/1400891/0001400891-22-000012.txt
DiaMedica Therapeutics Inc.,0001401040,DMAC,,10-K,2022-03-14,edgar/data/1401040/0001437749-22-006163.txt
"FORUM ENERGY TECHNOLOGIES, INC.",0001401257,FET,,10-K,2022-03-04,edgar/data/1401257/0001401257-22-000022.txt
UNITED INSURANCE HOLDINGS CORP.,0001401521,ACIC,,10-K,2022-03-15,edgar/data/1401521/0001401521-22-000010.txt
"First Financial Northwest, Inc.",0001401564,,,10-K,2022-03-11,edgar/data/1401564/0000939057-22-000076.txt
"PUMA BIOTECHNOLOGY, INC.",0001401667,PBYI,,10-K,2022-03-03,edgar/data/1401667/0001437749-22-005164.txt
NanoString Technologies Inc,0001401708,,,10-K,2022-03-01,edgar/data/1401708/0001401708-22-000051.txt
"Dare Bioscience, Inc.",0001401914,DARE,,10-K,2022-03-31,edgar/data/1401914/0001401914-22-000032.txt
CDW Corp,0001402057,CDW,,10-K,2022-02-28,edgar/data/1402057/0001402057-22-000020.txt
"Sunshine Biopharma, Inc",0001402328,SBFMW,,10-K,2022-03-21,edgar/data/1402328/0001683168-22-001788.txt
SS&C Technologies Holdings Inc,0001402436,SSNC,,10-K,2022-02-25,edgar/data/1402436/0000950170-22-002107.txt
"MedAvail Holdings, Inc.",0001402479,,,10-K,2022-03-29,edgar/data/1402479/0001402479-22-000029.txt
Orion Group Holdings Inc,0001402829,ORN,,10-K,2022-03-07,edgar/data/1402829/0001402829-22-000007.txt
"Sculptor Capital Management, Inc.",0001403256,,,10-K,2022-02-25,edgar/data/1403256/0001403256-22-000047.txt
"Heritage-Crystal Clean, Inc.",0001403431,,,10-K,2022-03-02,edgar/data/1403431/0001403431-22-000023.txt
Bank of Marin Bancorp,0001403475,BMRC,,10-K,2022-03-15,edgar/data/1403475/0001403475-22-000015.txt
"Oaktree Capital Group, LLC",0001403528,OAK-PB,,10-K,2022-03-14,edgar/data/1403528/0001403528-22-000003.txt
"Ulta Beauty, Inc.",0001403568,ULTA,,10-K,2022-03-25,edgar/data/1403568/0001558370-22-004330.txt
Evoke Pharma Inc,0001403708,,,10-K,2022-03-08,edgar/data/1403708/0001564590-22-009118.txt
Zymeworks Inc.,0001403752,,,10-K,2022-02-24,edgar/data/1403752/0001403752-22-000005.txt
1Life Healthcare Inc,0001404123,,,10-K,2022-02-23,edgar/data/1404123/0001404123-22-000010.txt
"Eledon Pharmaceuticals, Inc.",0001404281,ELDN,,10-K,2022-03-24,edgar/data/1404281/0001564590-22-011698.txt
"Neoleukin Therapeutics, Inc.",0001404644,NGNE,,10-K,2022-03-01,edgar/data/1404644/0001628280-22-004491.txt
HUBSPOT INC,0001404655,HUBS,,10-K,2022-02-14,edgar/data/1404655/0000950170-22-001221.txt
KKR & Co. Inc.,0001404912,KKR-PD,,10-K,2022-02-28,edgar/data/1404912/0001404912-22-000004.txt
"THC Therapeutics, Inc.",0001404935,,,10-K,2022-03-31,edgar/data/1404935/0001477932-22-001755.txt
"Fifth Third Holdings Funding, LLC",0001405332,,,10-K,2022-03-28,edgar/data/1405332/0001193125-22-086470.txt
"InterDigital, Inc.",0001405495,IDCC,,10-K,2022-02-17,edgar/data/1405495/0001405495-22-000010.txt
"United States 12 Month Natural Gas Fund, LP",0001405513,UNL,,10-K,2022-03-04,edgar/data/1405513/0001410578-22-000265.txt
"United States 12 Month Oil Fund, LP",0001405528,USL,,10-K,2022-02-25,edgar/data/1405528/0001410578-22-000214.txt
"CALIX, INC",0001406666,CALX,,10-K,2022-02-22,edgar/data/1406666/0001628280-22-003338.txt
Discover Card Execution Note Trust,0001407200,,,10-K,2022-03-23,edgar/data/1407200/0001193125-22-082862.txt
Bunker Hill Mining Corp.,0001407583,BHLL,,10-K,2022-03-31,edgar/data/1407583/0001493152-22-008247.txt
RETAIL OPPORTUNITY INVESTMENTS CORP,0001407623,,,10-K,2022-02-17,edgar/data/1407623/0001407623-22-000049.txt
"LINGERIE FIGHTING CHAMPIONSHIPS, INC.",0001407704,BOTYD,,10-K,2022-03-31,edgar/data/1407704/0001640334-22-000653.txt
"Digital Locations, Inc.",0001407878,,,10-K,2022-03-28,edgar/data/1407878/0001477932-22-001669.txt
"Sonendo, Inc.",0001407973,SONX,,10-K,2022-03-23,edgar/data/1407973/0000950170-22-004418.txt
GRAPHIC PACKAGING HOLDING CO,0001408075,GPK,,10-K,2022-02-22,edgar/data/1408075/0001408075-22-000009.txt
"Kennedy-Wilson Holdings, Inc.",0001408100,KW,,10-K,2022-02-25,edgar/data/1408100/0001408100-22-000053.txt
SCANDIUM INTERNATIONAL MINING CORP.,0001408146,SCYYF,,10-K,2022-03-11,edgar/data/1408146/0001654954-22-003025.txt
MSCI Inc.,0001408198,MSCI,,10-K,2022-02-11,edgar/data/1408198/0001564590-22-004803.txt
Milestone Pharmaceuticals Inc.,0001408443,MIST,,10-K,2022-03-24,edgar/data/1408443/0001558370-22-004205.txt
"First Guaranty Bancshares, Inc.",0001408534,FGBIP,,10-K,2022-03-16,edgar/data/1408534/0001408534-22-000022.txt
Venus Concept Inc.,0001409269,VERO,,10-K,2022-03-28,edgar/data/1409269/0001437749-22-007293.txt
CHIMERA INVESTMENT CORP,0001409493,CIMO,,10-K,2022-02-17,edgar/data/1409493/0001628280-22-003020.txt
Ridgewood Energy W Fund LLC,0001409947,,,10-K,2022-02-28,edgar/data/1409947/0001214659-22-003344.txt
LendingClub Corp,0001409970,LC,,10-K,2022-02-11,edgar/data/1409970/0001409970-22-000006.txt
CorMedix Inc.,0001410098,CRMD,,10-K,2022-03-29,edgar/data/1410098/0001213900-22-015852.txt
"Rubicon Technology, Inc.",0001410172,RBCN,,10-K,2022-03-28,edgar/data/1410172/0001213900-22-015233.txt
"Q2 Holdings, Inc.",0001410384,QTWO,,10-K,2022-02-16,edgar/data/1410384/0001410384-22-000013.txt
"XpresSpa Group, Inc.",0001410428,XWEL,,10-K,2022-03-31,edgar/data/1410428/0001558370-22-004897.txt
"American Water Works Company, Inc.",0001410636,AWK,,10-K,2022-02-16,edgar/data/1410636/0001410636-22-000048.txt
"IVERIC bio, Inc.",0001410939,,,10-K,2022-02-24,edgar/data/1410939/0001410939-22-000015.txt
"KBS Real Estate Investment Trust II, Inc.",0001411059,,,10-K,2022-03-31,edgar/data/1411059/0001411059-22-000011.txt
Dutch Oven Gold Group Inc.,0001411168,,,10-K,2022-01-26,edgar/data/1411168/0001376474-22-000076.txt
Allison Transmission Holdings Inc,0001411207,ALSN,,10-K,2022-02-17,edgar/data/1411207/0000950170-22-001427.txt
Ellington Financial Inc.,0001411342,EFC-PD,,10-K,2022-03-01,edgar/data/1411342/0001411342-22-000027.txt
"Apollo Asset Management, Inc.",0001411494,,,10-K,2022-02-25,edgar/data/1411494/0001411494-22-000014.txt
"AMC ENTERTAINMENT HOLDINGS, INC.",0001411579,AMC,,10-K,2022-03-01,edgar/data/1411579/0001558370-22-002577.txt
"Bionano Genomics, Inc.",0001411690,BNGO,,10-K,2022-03-01,edgar/data/1411690/0001411690-22-000007.txt
"Ampio Pharmaceuticals, Inc.",0001411906,AMPE,,10-K,2022-03-29,edgar/data/1411906/0001558370-22-004619.txt
"Maiden Holdings, Ltd.",0001412100,MHNC,,10-K,2022-03-14,edgar/data/1412100/0001412100-22-000011.txt
RemSleep Holdings Inc.,0001412126,RMSL,,10-K,2022-03-29,edgar/data/1412126/0001213900-22-015886.txt
"Phreesia, Inc.",0001412408,PHR,,10-K,2022-03-31,edgar/data/1412408/0001412408-22-000019.txt
"Cocrystal Pharma, Inc.",0001412486,COCP,,10-K,2022-03-23,edgar/data/1412486/0001493152-22-007551.txt
Sterling Real Estate Trust,0001412502,,,10-K,2022-03-16,edgar/data/1412502/0001558370-22-003743.txt
"Regenicin, Inc.",0001412659,,,10-K,2022-01-13,edgar/data/1412659/0001662252-22-000004.txt
"MidWestOne Financial Group, Inc.",0001412665,MOFG,,10-K,2022-03-10,edgar/data/1412665/0001412665-22-000033.txt
Level One Bancorp Inc,0001412707,,,10-K,2022-03-11,edgar/data/1412707/0001412707-22-000013.txt
"Kraig Biocraft Laboratories, Inc",0001413119,KBLB,,10-K,2022-03-16,edgar/data/1413119/0001493152-22-006989.txt
Philip Morris International Inc.,0001413329,PM,,10-K,2022-02-11,edgar/data/1413329/0001413329-22-000011.txt
NXP Semiconductors N.V.,0001413447,NXPI,,10-K,2022-02-24,edgar/data/1413447/0001413447-22-000008.txt
MARIZYME INC,0001413754,,,10-K,2022-03-31,edgar/data/1413754/0001493152-22-008531.txt
First Foundation Inc.,0001413837,FFWM,,10-K,2022-02-28,edgar/data/1413837/0001558370-22-002328.txt
DallasNews Corp,0001413898,,,10-K,2022-03-07,edgar/data/1413898/0001413898-22-000011.txt
"Western Midstream Operating, LP",0001414475,,,10-K,2022-02-23,edgar/data/1414475/0001423902-22-000008.txt
"MOJO Organics, Inc.",0001414953,MOJO,,10-K,2022-02-17,edgar/data/1414953/0001493152-22-004831.txt
ProShares Trust II,0001415311,UCO,,10-K,2022-02-25,edgar/data/1415311/0001193125-22-054559.txt
Raphael Pharmaceutical Inc.,0001415397,RAPH,,10-K,2022-03-30,edgar/data/1415397/0001213900-22-015973.txt
EchoStar CORP,0001415404,SATS,,10-K,2022-02-24,edgar/data/1415404/0001415404-22-000005.txt
"PROSPER MARKETPLACE, INC",0001416265,,,10-K,2022-03-28,edgar/data/1416265/0001416265-22-000167.txt
BRIDGFORD FOODS CORP,0000014177,BRID,,10-K,2022-01-27,edgar/data/14177/0001493152-22-002433.txt
"INVO Bioscience, Inc.",0001417926,IVF,,10-K,2022-03-31,edgar/data/1417926/0001493152-22-008421.txt
SLR Investment Corp.,0001418076,SLRC,,10-K,2022-03-01,edgar/data/1418076/0001193125-22-061323.txt
"TWITTER, INC.",0001418091,,,10-K,2022-02-16,edgar/data/1418091/0001418091-22-000029.txt
"Apple Hospitality REIT, Inc.",0001418121,APLE,,10-K,2022-02-22,edgar/data/1418121/0001564590-22-005942.txt
Keurig Dr Pepper Inc.,0001418135,KDP,,10-K,2022-02-24,edgar/data/1418135/0001418135-22-000005.txt
Renewable Energy Acquisition Corp.,0001418302,,,10-K,2022-03-25,edgar/data/1418302/0001575872-22-000216.txt
Iridium Communications Inc.,0001418819,IRDM,,10-K,2022-02-17,edgar/data/1418819/0001418819-22-000005.txt
"Forte Biosciences, Inc.",0001419041,FBRX,,10-K,2022-03-31,edgar/data/1419041/0001564590-22-012987.txt
"THERAPEUTIC SOLUTIONS INTERNATIONAL, INC.",0001419051,,,10-K,2022-03-31,edgar/data/1419051/0001493152-22-008511.txt
GreenBox POS,0001419275,RVYL,,10-K,2022-03-31,edgar/data/1419275/0001185185-22-000378.txt
Capital Bancorp Inc,0001419536,CBNK,,10-K,2022-03-15,edgar/data/1419536/0001419536-22-000057.txt
Bone Biologics Corp,0001419554,BBLGW,,10-K,2022-03-15,edgar/data/1419554/0001493152-22-006850.txt
"SOLAREDGE TECHNOLOGIES, INC.",0001419612,SEDG,,10-K,2022-02-22,edgar/data/1419612/0001178913-22-000760.txt
RARE ELEMENT RESOURCES LTD,0001419806,REEMF,,10-K,2022-03-23,edgar/data/1419806/0001558370-22-004094.txt
Data Storage Corp,0001419951,DTSTW,,10-K,2022-03-31,edgar/data/1419951/0001731122-22-000634.txt
Atomera Inc,0001420520,ATOM,,10-K,2022-02-15,edgar/data/1420520/0001683168-22-001031.txt
AILERON THERAPEUTICS INC,0001420565,RNTX,,10-K,2022-03-28,edgar/data/1420565/0000950170-22-004774.txt
Colfax CORP,0001420800,ENOV,,10-K,2022-02-22,edgar/data/1420800/0001420800-22-000004.txt
Verso Corp,0001421182,,,10-K,2022-02-28,edgar/data/1421182/0001421182-22-000006.txt
"Rebus Holdings, Inc.",0001421204,,,10-K,2022-03-31,edgar/data/1421204/0001829126-22-007156.txt
"Intrepid Potash, Inc.",0001421461,IPI,,10-K,2022-03-08,edgar/data/1421461/0001421461-22-000007.txt
"Energy Recovery, Inc.",0001421517,ERII,,10-K,2022-02-24,edgar/data/1421517/0001421517-22-000037.txt
"Aadi Bioscience, Inc.",0001422142,WHWK,,10-K,2022-03-17,edgar/data/1422142/0001564590-22-010721.txt
"Kura Oncology, Inc.",0001422143,KURA,,10-K,2022-02-24,edgar/data/1422143/0000950170-22-001967.txt
FS KKR Capital Corp,0001422183,FSK,,10-K,2022-02-28,edgar/data/1422183/0001193125-22-058218.txt
WEDOTALK INC.,0001422296,,,10-K,2022-03-31,edgar/data/1422296/0001213900-22-016894.txt
"PubMatic, Inc.",0001422930,PUBM,,10-K,2022-03-01,edgar/data/1422930/0001422930-22-000009.txt
AGNC Investment Corp.,0001423689,AGNCL,,10-K,2022-02-23,edgar/data/1423689/0001423689-22-000014.txt
ZUORA INC,0001423774,,,10-K,2022-03-28,edgar/data/1423774/0001423774-22-000067.txt
PCB BANCORP,0001423869,PCB,,10-K,2022-03-04,edgar/data/1423869/0001423869-22-000006.txt
"Western Midstream Partners, LP",0001423902,WES,,10-K,2022-02-23,edgar/data/1423902/0001423902-22-000008.txt
"Broadstone Net Lease, Inc.",0001424182,BNL,,10-K,2022-02-23,edgar/data/1424182/0001193125-22-049969.txt
FOX FACTORY HOLDING CORP,0001424929,FOXF,,10-K,2022-02-24,edgar/data/1424929/0001424929-22-000013.txt
"IOVANCE BIOTHERAPEUTICS, INC.",0001425205,IOVA,,10-K,2022-02-24,edgar/data/1425205/0001558370-22-001976.txt
Workhorse Group Inc.,0001425287,WKHS,,10-K,2022-03-01,edgar/data/1425287/0001425287-22-000031.txt
"CVR PARTNERS, LP",0001425292,UAN,,10-K,2022-02-23,edgar/data/1425292/0001425292-22-000009.txt
"Mill City Ventures III, Ltd",0001425355,SUIG,,10-K,2022-03-14,edgar/data/1425355/0001410578-22-000370.txt
ORTHOPEDIATRICS CORP,0001425450,KIDS,,10-K,2022-03-03,edgar/data/1425450/0001425450-22-000027.txt
"SOBR Safe, Inc.",0001425627,SOBR,,10-K,2022-03-11,edgar/data/1425627/0001477932-22-001338.txt
NGM BIOPHARMACEUTICALS INC,0001426332,,,10-K,2022-03-01,edgar/data/1426332/0001628280-22-004526.txt
"ASSEMBLY BIOSCIENCES, INC.",0001426800,ASMB,,10-K,2022-03-11,edgar/data/1426800/0001564590-22-009855.txt
BRISTOL MYERS SQUIBB CO,0000014272,CELG-RI,,10-K,2022-02-09,edgar/data/14272/0000014272-22-000051.txt
"ENTERGY TEXAS, INC.",0001427437,ETI-P,,10-K,2022-02-25,edgar/data/1427437/0000065984-22-000017.txt
ACELRX PHARMACEUTICALS INC,0001427925,TLPH,,10-K,2022-03-10,edgar/data/1427925/0001437749-22-005888.txt
"Armour Residential REIT, Inc.",0001428205,ARR-PC,,10-K,2022-02-16,edgar/data/1428205/0001428205-22-000026.txt
"HEALTHEQUITY, INC.",0001428336,HQY,,10-K,2022-03-31,edgar/data/1428336/0001428336-22-000009.txt
"ROKU, INC",0001428439,ROKU,,10-K,2022-02-18,edgar/data/1428439/0001428439-22-000010.txt
"Radius Health, Inc.",0001428522,,,10-K,2022-02-24,edgar/data/1428522/0001628280-22-003660.txt
TERMINIX GLOBAL HOLDINGS INC,0001428875,,,10-K,2022-03-01,edgar/data/1428875/0001428875-22-000003.txt
"Fortress Biotech, Inc.",0001429260,FBIOP,,10-K,2022-03-28,edgar/data/1429260/0001558370-22-004487.txt
TREVENA INC,0001429560,,,10-K,2022-03-31,edgar/data/1429560/0001558370-22-004825.txt
Blink Charging Co.,0001429764,BLNK,,10-K,2022-03-16,edgar/data/1429764/0001493152-22-007015.txt
Tonix Pharmaceuticals Holding Corp.,0001430306,TNXP,,10-K,2022-03-14,edgar/data/1430306/0001387131-22-003640.txt
"C & C TOURS, INC.",0001430319,,,10-K,2022-03-22,edgar/data/1430319/0001554795-22-000109.txt
"ServisFirst Bancshares, Inc.",0001430723,SFBS,,10-K,2022-02-25,edgar/data/1430723/0001171843-22-001394.txt
"Bergio International, Inc.",0001431074,,,10-K,2022-03-29,edgar/data/1431074/0001213900-22-015800.txt
Oak Valley Bancorp,0001431567,OVLY,,10-K,2022-03-31,edgar/data/1431567/0001437749-22-007880.txt
Olo Inc.,0001431695,,,10-K,2022-02-25,edgar/data/1431695/0001431695-22-000009.txt
META MATERIALS INC.,0001431959,,,10-K,2022-03-02,edgar/data/1431959/0000950170-22-002601.txt
KALTURA INC,0001432133,KLTR,,10-K,2022-02-25,edgar/data/1432133/0001178913-22-000830.txt
APPFOLIO INC,0001433195,APPF,,10-K,2022-02-28,edgar/data/1433195/0001433195-22-000023.txt
ANTERO RESOURCES Corp,0001433270,AR,,10-K,2022-02-16,edgar/data/1433270/0001558370-22-001283.txt
Sino Green Land Corp.,0001433551,SGLA,,10-K,2022-03-29,edgar/data/1433551/0001493152-22-007973.txt
"InspireMD, Inc.",0001433607,NSPR,,10-K,2022-03-07,edgar/data/1433607/0001493152-22-006180.txt
John Bean Technologies CORP,0001433660,JBTM,,10-K,2022-02-24,edgar/data/1433660/0001433660-22-000006.txt
RIDGEWOOD ENERGY Y FUND LLC,0001434070,,,10-K,2022-02-28,edgar/data/1434070/0001214659-22-003346.txt
FATE THERAPEUTICS INC,0001434316,FATE,,10-K,2022-02-28,edgar/data/1434316/0000950170-22-002293.txt
ClearSign Technologies Corp,0001434524,CLIR,,10-K,2022-03-31,edgar/data/1434524/0001558370-22-004842.txt
"Grand Canyon Education, Inc.",0001434588,LOPE,,10-K,2022-02-16,edgar/data/1434588/0001558370-22-001269.txt
"LendingTree, Inc.",0001434621,TREE,,10-K,2022-03-01,edgar/data/1434621/0001434621-22-000009.txt
"KEMPHARM, INC",0001434647,ZVRA,,10-K,2022-03-31,edgar/data/1434647/0001437749-22-007725.txt
"Global Water Resources, Inc.",0001434728,GWRS,,10-K,2022-03-10,edgar/data/1434728/0001434728-22-000077.txt
"Esperion Therapeutics, Inc.",0001434868,ESPR,,10-K,2022-02-22,edgar/data/1434868/0001628280-22-003263.txt
"CHINOOK THERAPEUTICS, INC.",0001435049,,,10-K,2022-03-17,edgar/data/1435049/0001564590-22-010862.txt
CEMTREX INC,0001435064,CETXP,,10-K,2022-01-21,edgar/data/1435064/0001493152-22-001976.txt
"POWERDYNE INTERNATIONAL, INC.",0001435617,PWDY,,10-K,2022-03-01,edgar/data/1435617/0001493152-22-005723.txt
"Mistras Group, Inc.",0001436126,MG,,10-K,2022-03-14,edgar/data/1436126/0001436126-22-000013.txt
BTCS Inc.,0001436229,BTCS,,10-K,2022-03-11,edgar/data/1436229/0001493152-22-006666.txt
"HOME BANCORP, INC.",0001436425,HBCP,,10-K,2022-03-10,edgar/data/1436425/0001436425-22-000009.txt
"Lightstone Value Plus REIT II, Inc.",0001436975,,,10-K,2022-03-28,edgar/data/1436975/0001829126-22-006816.txt
Invesco Mortgage Capital Inc.,0001437071,IVR-PC,,10-K,2022-02-17,edgar/data/1437071/0001437071-22-000007.txt
"Discovery, Inc.",0001437107,WBD,,10-K,2022-02-24,edgar/data/1437107/0001437107-22-000031.txt
"Mastech Digital, Inc.",0001437226,MHH,,10-K,2022-03-14,edgar/data/1437226/0001193125-22-074092.txt
"REGO PAYMENT ARCHITECTURES, INC.",0001437283,RPMT,,10-K,2022-03-31,edgar/data/1437283/0001214659-22-004581.txt
"EVERBRIDGE, INC.",0001437352,,,10-K,2022-02-25,edgar/data/1437352/0001564590-22-007193.txt
"ARDELYX, INC.",0001437402,ARDX,,10-K,2022-02-28,edgar/data/1437402/0001628280-22-004226.txt
ENB Financial Corp,0001437479,ENBP,,10-K,2022-03-23,edgar/data/1437479/0001174947-22-000397.txt
"CYBERLOQ TECHNOLOGIES, INC.",0001437517,CLOQ,,10-K,2022-03-31,edgar/data/1437517/0001493152-22-008545.txt
BRIGHT HORIZONS FAMILY SOLUTIONS INC.,0001437578,BFAM,,10-K,2022-02-25,edgar/data/1437578/0001437578-22-000007.txt
COASTAL FINANCIAL CORP,0001437958,CCB,,10-K,2022-03-14,edgar/data/1437958/0001564590-22-009970.txt
TANDEM DIABETES CARE INC,0001438133,TNDM,,10-K,2022-02-22,edgar/data/1438133/0001438133-22-000021.txt
Digimarc CORP,0001438231,DMRC,,10-K,2022-03-07,edgar/data/1438231/0001564590-22-008846.txt
EVERSPIN TECHNOLOGIES INC,0001438423,MRAM,,10-K,2022-03-09,edgar/data/1438423/0001558370-22-003158.txt
"Travere Therapeutics, Inc.",0001438533,TVTX,,10-K,2022-02-24,edgar/data/1438533/0001438533-22-000008.txt
MRC GLOBAL INC.,0001439095,,,10-K,2022-02-16,edgar/data/1439095/0001437749-22-003524.txt
"AGIOS PHARMACEUTICALS, INC.",0001439222,AGIO,,10-K,2022-02-24,edgar/data/1439222/0001439222-22-000024.txt
Bonanza Goldfields Corp.,0001439264,MVNC,,10-K,2022-03-31,edgar/data/1439264/0001683168-22-002195.txt
Zurn Water Solutions Corp,0001439288,ZWS,,10-K,2022-02-09,edgar/data/1439288/0001439288-22-000032.txt
ZYNGA INC,0001439404,,,10-K,2022-02-25,edgar/data/1439404/0001564590-22-007217.txt
World Omni Auto Leasing LLC,0001439697,,,10-K,2022-03-25,edgar/data/1439697/0001104659-22-037922.txt
World Omni Auto Leasing LLC,0001439697,,,10-K,2022-03-25,edgar/data/1439697/0001104659-22-037925.txt
World Omni Auto Leasing LLC,0001439697,,,10-K,2022-03-25,edgar/data/1439697/0001104659-22-037928.txt
World Omni Auto Leasing LLC,0001439697,,,10-K,2022-03-25,edgar/data/1439697/0001104659-22-037930.txt
BIODESIX INC,0001439725,BDSX,,10-K,2022-03-14,edgar/data/1439725/0000950170-22-003495.txt
"Bakhu Holdings, Corp.",0001440153,,,10-K,2022-02-11,edgar/data/1440153/0001096906-22-000296.txt
Clearwater Paper Corp,0001441236,CLW,,10-K,2022-02-15,edgar/data/1441236/0001504337-22-000008.txt
APPIAN CORP,0001441683,APPN,,10-K,2022-02-17,edgar/data/1441683/0001441683-22-000023.txt
MARRONE BIO INNOVATIONS INC,0001441693,,,10-K,2022-03-30,edgar/data/1441693/0001493152-22-008186.txt
"MongoDB, Inc.",0001441816,MDB,,10-K,2022-03-18,edgar/data/1441816/0001441816-22-000059.txt
"Verisk Analytics, Inc.",0001442145,VRSK,,10-K,2022-02-22,edgar/data/1442145/0001437749-22-004083.txt
Quest Resource Holding Corp,0001442236,QRHC,,10-K,2022-03-17,edgar/data/1442236/0000950170-22-004075.txt
"Bluerock Residential Growth REIT, Inc.",0001442626,,,10-K,2022-03-11,edgar/data/1442626/0001410578-22-000341.txt
"Mersana Therapeutics, Inc.",0001442836,,,10-K,2022-02-28,edgar/data/1442836/0001628280-22-004101.txt
SinglePoint Inc.,0001443611,SING,,10-K,2022-03-31,edgar/data/1443611/0001477932-22-001768.txt
Proto Labs Inc,0001443669,PRLB,,10-K,2022-02-18,edgar/data/1443669/0001437749-22-003779.txt
BioCorRx Inc.,0001443863,BICX,,10-K,2022-03-31,edgar/data/1443863/0001477932-22-001817.txt
NEVRO CORP,0001444380,,,10-K,2022-02-23,edgar/data/1444380/0001564590-22-006312.txt
Bravo Multinational Inc.,0001444839,BRVO,,10-K,2022-02-17,edgar/data/1444839/0001091818-22-000023.txt
"YUMANITY THERAPEUTICS, INC.",0001445283,,,10-K,2022-03-24,edgar/data/1445283/0000950170-22-004564.txt
WORKIVA INC,0001445305,WK,,10-K,2022-02-22,edgar/data/1445305/0001445305-22-000041.txt
IMPEL NEUROPHARMA INC,0001445499,,,10-K,2022-03-29,edgar/data/1445499/0000950170-22-004939.txt
Predictive Oncology Inc.,0001446159,AGPU,,10-K,2022-03-31,edgar/data/1446159/0001171843-22-002237.txt
"Strategic Realty Trust, Inc.",0001446371,,,10-K,2022-03-25,edgar/data/1446371/0001446371-22-000011.txt
"Hartman Short Term Income Properties XX, Inc.",0001446687,,,10-K,2022-03-31,edgar/data/1446687/0001446687-22-000005.txt
IRONWOOD PHARMACEUTICALS INC,0001446847,IRWD,,10-K,2022-02-18,edgar/data/1446847/0001558370-22-001368.txt
Arbutus Biopharma Corp,0001447028,ABUS,,10-K,2022-03-03,edgar/data/1447028/0001447028-22-000019.txt
Territorial Bancorp Inc.,0001447051,,,10-K,2022-03-21,edgar/data/1447051/0001558370-22-003990.txt
CASTLE BIOSCIENCES INC,0001447362,CSTL,,10-K,2022-02-28,edgar/data/1447362/0001447362-22-000045.txt
MOBIVITY HOLDINGS CORP.,0001447380,MFON,,10-K,2022-03-30,edgar/data/1447380/0001562762-22-000152.txt
TWILIO INC,0001447669,TWLO,,10-K,2022-02-22,edgar/data/1447669/0001447669-22-000049.txt
Redwood Mortgage Investors IX,0001448038,,,10-K,2022-03-31,edgar/data/1448038/0000950170-22-005151.txt
OptimizeRx Corp,0001448431,OPRX,,10-K,2022-02-28,edgar/data/1448431/0001213900-22-009736.txt
AUGUSTA GOLD CORP.,0001448597,AUGG,,10-K,2022-03-17,edgar/data/1448597/0001393905-22-000073.txt
Essent Group Ltd.,0001448893,ESNT,,10-K,2022-02-16,edgar/data/1448893/0001448893-22-000016.txt
VIVOS INC,0001449349,RDGL,,10-K,2022-03-07,edgar/data/1449349/0001493152-22-006171.txt
CSI Compressco LP,0001449488,,,10-K,2022-03-14,edgar/data/1449488/0001449488-22-000010.txt
"PIONEER POWER SOLUTIONS, INC.",0001449792,PPSI,,10-K,2022-03-31,edgar/data/1449792/0001387131-22-004473.txt
"Embassy Bancorp, Inc.",0001449794,EMYB,,10-K,2022-03-18,edgar/data/1449794/0001449794-22-000005.txt
Aberdeen Standard Silver ETF Trust,0001450922,SIVR,,10-K,2022-03-01,edgar/data/1450922/0001387131-22-002621.txt
Aberdeen Standard Gold ETF Trust,0001450923,SGOL,,10-K,2022-03-01,edgar/data/1450923/0001387131-22-002618.txt
Transocean Ltd.,0001451505,RIG,,10-K,2022-02-23,edgar/data/1451505/0001451505-22-000017.txt
SITIME Corp,0001451809,SITM,,10-K,2022-02-25,edgar/data/1451809/0000950170-22-002096.txt
Seven Hills Realty Trust,0001452477,SEVN,,10-K,2022-02-17,edgar/data/1452477/0001452477-22-000013.txt
STEEL PARTNERS HOLDINGS L.P.,0001452857,,,10-K,2022-03-10,edgar/data/1452857/0001452857-22-000011.txt
"Pacific Oak Strategic Opportunity REIT, Inc.",0001452936,PCOK,,10-K,2022-03-28,edgar/data/1452936/0001452936-22-000011.txt
MINERVA SURGICAL INC,0001452965,,,10-K,2022-03-23,edgar/data/1452965/0000950170-22-004333.txt
"Xtant Medical Holdings, Inc.",0001453593,XTNT,,10-K,2022-03-08,edgar/data/1453593/0001493152-22-006240.txt
SELECTA BIOSCIENCES INC,0001453687,RNAC,,10-K,2022-03-10,edgar/data/1453687/0001453687-22-000051.txt
HGR Liquidating Trust,0001453818,,,10-K,2022-03-31,edgar/data/1453818/0001453818-22-000006.txt
"Astria Therapeutics, Inc.",0001454789,,,10-K,2022-03-10,edgar/data/1454789/0001104659-22-032475.txt
Outbrain Inc.,0001454938,TEAD,,10-K,2022-03-18,edgar/data/1454938/0001454938-22-000003.txt
COGNITION THERAPEUTICS INC,0001455365,CGTX,,10-K,2022-03-30,edgar/data/1455365/0001558370-22-004672.txt
"TPI COMPOSITES, INC",0001455684,TPICQ,,10-K,2022-02-25,edgar/data/1455684/0000950170-22-002105.txt
"RIDGEWOOD ENERGY X FUND, LLC",0001455741,,,10-K,2022-02-28,edgar/data/1455741/0001214659-22-003345.txt
AMERICOLD REALTY TRUST,0001455863,COLD,,10-K,2022-03-01,edgar/data/1455863/0001628280-22-004487.txt
Leatt Corp,0001456189,LEAT,,10-K,2022-03-10,edgar/data/1456189/0001062993-22-007237.txt
OFFICE PROPERTIES INCOME TRUST,0001456772,OPITQ,,10-K,2022-02-16,edgar/data/1456772/0001456772-22-000009.txt
Century Cobalt Corp.,0001456802,,,10-K,2022-03-16,edgar/data/1456802/0001477932-22-001429.txt
"GENOCEA BIOSCIENCES, INC.",0001457612,,,10-K,2022-03-18,edgar/data/1457612/0001457612-22-000039.txt
RIDGEWOOD ENERGY A-1 FUND LLC,0001457919,,,10-K,2022-02-28,edgar/data/1457919/0001214659-22-003347.txt
"CROSSFIRST BANKSHARES, INC.",0001458412,,,10-K,2022-02-28,edgar/data/1458412/0001562762-22-000063.txt
"ZENOSENSE, INC.",0001458581,,,10-K,2022-01-26,edgar/data/1458581/0001829126-22-001655.txt
"ZENOSENSE, INC.",0001458581,,,10-K,2022-03-16,edgar/data/1458581/0001829126-22-006169.txt
Noble Corp,0001458891,,,10-K,2022-02-17,edgar/data/1458891/0001628280-22-003005.txt
"Alarm.com Holdings, Inc.",0001459200,ALRM,,10-K,2022-02-24,edgar/data/1459200/0001459200-22-000008.txt
"2U, Inc.",0001459417,,,10-K,2022-03-01,edgar/data/1459417/0001459417-22-000004.txt
"SI-BONE, Inc.",0001459839,SIBN,,10-K,2022-03-01,edgar/data/1459839/0001459839-22-000016.txt
Aberdeen Standard Palladium ETF Trust,0001459862,PALL,,10-K,2022-03-01,edgar/data/1459862/0001387131-22-002619.txt
Aberdeen Standard Platinum ETF Trust,0001460235,PPLT,,10-K,2022-03-01,edgar/data/1460235/0001387131-22-002620.txt
"Fluent, Inc.",0001460329,FLNT,,10-K,2022-03-09,edgar/data/1460329/0001437749-22-005701.txt
Orgenesis Inc.,0001460602,ORGS,,10-K,2022-03-30,edgar/data/1460602/0001493152-22-008157.txt
"Qualigen Therapeutics, Inc.",0001460702,AIXC,,10-K,2022-03-31,edgar/data/1460702/0001493152-22-008431.txt
GRAHAM ALTERNATIVE INVESTMENT FUND I LLC,0001461219,,,10-K,2022-03-30,edgar/data/1461219/0001140361-22-011972.txt
GRAHAM ALTERNATIVE INVESTMENT FUND II LLC,0001461237,,,10-K,2022-03-30,edgar/data/1461237/0001140361-22-011973.txt
"Backblaze, Inc.",0001462056,BLZE,,10-K,2022-03-28,edgar/data/1462056/0001628280-22-007434.txt
"MEWBOURNE ENERGY PARTNERS 09-A, L.P.",0001462103,,,10-K,2022-03-31,edgar/data/1462103/0001387131-22-004452.txt
"Live Oak Bancshares, Inc.",0001462120,LOB-PA,,10-K,2022-02-24,edgar/data/1462120/0001564590-22-006729.txt
"Recruiter.com Group, Inc.",0001462223,NIXXW,,10-K,2022-03-31,edgar/data/1462223/0001654954-22-004330.txt
ALTISOURCE PORTFOLIO SOLUTIONS S.A.,0001462418,ASPSW,,10-K,2022-03-03,edgar/data/1462418/0001462418-22-000007.txt
"Enphase Energy, Inc.",0001463101,ENPH,,10-K,2022-02-11,edgar/data/1463101/0001463101-22-000016.txt
"Zendesk, Inc.",0001463172,,,10-K,2022-02-15,edgar/data/1463172/0001463172-22-000027.txt
"Transportation & Logistics Systems, Inc.",0001463208,TLSS,,10-K,2022-03-31,edgar/data/1463208/0001493152-22-008523.txt
"Renewable Energy Group, Inc.",0001463258,,,10-K,2022-03-01,edgar/data/1463258/0001628280-22-004504.txt
"Unity Biotechnology, Inc.",0001463361,,,10-K,2022-03-15,edgar/data/1463361/0001564590-22-010232.txt
"ATEL 14, LLC",0001463389,,,10-K,2022-03-18,edgar/data/1463389/0001558370-22-003898.txt
"IDW MEDIA HOLDINGS, INC.",0001463833,IDWM,,10-K,2022-01-20,edgar/data/1463833/0001213900-22-002857.txt
US Alliance Corp,0001463913,,,10-K,2022-02-22,edgar/data/1463913/0001437749-22-004050.txt
Vuzix Corp,0001463972,VUZI,,10-K,2022-03-02,edgar/data/1463972/0001558370-22-002641.txt
Atlanticus Holdings Corp,0001464343,ATLCZ,,10-K,2022-03-15,edgar/data/1464343/0001437749-22-006296.txt
PennyMac Mortgage Investment Trust,0001464423,PMT-PC,,10-K,2022-02-25,edgar/data/1464423/0001564590-22-007180.txt
"B. Riley Financial, Inc.",0001464790,RILYT,,10-K,2022-02-28,edgar/data/1464790/0001213900-22-009539.txt
"First Eagle Alternative Capital BDC, Inc.",0001464963,,,10-K,2022-03-04,edgar/data/1464963/0001564590-22-008559.txt
"STARWOOD PROPERTY TRUST, INC.",0001465128,STWD,,10-K,2022-02-25,edgar/data/1465128/0001628280-22-003917.txt
TWO HARBORS INVESTMENT CORP.,0001465740,TWOD,,10-K,2022-03-01,edgar/data/1465740/0001465740-22-000018.txt
VANTAGE DRILLING INTERNATIONAL,0001465872,,,10-K,2022-03-30,edgar/data/1465872/0000950170-22-005073.txt
Western Asset Mortgage Capital Corp,0001465885,,,10-K,2022-03-08,edgar/data/1465885/0001628280-22-005321.txt
"Midland States Bancorp, Inc.",0001466026,MSBIP,,10-K,2022-02-25,edgar/data/1466026/0001466026-22-000003.txt
"INDEPENDENCE REALTY TRUST, INC.",0001466085,IRT,,10-K,2022-02-24,edgar/data/1466085/0001564590-22-006764.txt
Trane Technologies plc,0001466258,TT,,10-K,2022-02-07,edgar/data/1466258/0001466258-22-000031.txt
"Clovis Oncology, Inc.",0001466301,,,10-K,2022-02-24,edgar/data/1466301/0001558370-22-001810.txt
COWEN INC.,0001466538,,,10-K,2022-03-01,edgar/data/1466538/0001466538-22-000036.txt
Otter Tail Corp,0001466593,OTTR,,10-K,2022-02-16,edgar/data/1466593/0001466593-22-000010.txt
"Novan, Inc.",0001467154,,,10-K,2022-02-18,edgar/data/1467154/0001467154-22-000012.txt
"DROPBOX, INC.",0001467623,DBX,,10-K,2022-02-18,edgar/data/1467623/0001467623-22-000015.txt
"Apollo Commercial Real Estate Finance, Inc.",0001467760,ARI,,10-K,2022-02-08,edgar/data/1467760/0001467760-22-000007.txt
"MINIM, INC.",0001467761,FIEE,,10-K,2022-03-31,edgar/data/1467761/0001493152-22-008365.txt
General Motors Co,0001467858,GM,,10-K,2022-02-02,edgar/data/1467858/0001467858-22-000034.txt
Hyatt Hotels Corp,0001468174,H,,10-K,2022-02-17,edgar/data/1468174/0001468174-22-000016.txt
Addus HomeCare Corp,0001468328,ADUS,,10-K,2022-02-25,edgar/data/1468328/0001564590-22-007171.txt
"Vicapsys Life Sciences, Inc.",0001468639,VICP,,10-K,2022-03-16,edgar/data/1468639/0001493152-22-006994.txt
SecureWorks Corp,0001468666,,,10-K,2022-03-23,edgar/data/1468666/0001468666-22-000011.txt
AMERICAN CRYOSTEM Corp,0001468679,,,10-K,2022-01-13,edgar/data/1468679/0001019056-22-000053.txt
Kodiak Sciences Inc.,0001468748,KOD,,10-K,2022-03-01,edgar/data/1468748/0000950170-22-002555.txt
Millburn Multi-Markets Fund L.P.,0001468910,,,10-K,2022-03-31,edgar/data/1468910/0001829126-22-007185.txt
"NEXGEL, INC.",0001468929,NXGLW,,10-K,2022-03-21,edgar/data/1468929/0001410578-22-000442.txt
Sunrun Inc.,0001469367,RUN,,10-K,2022-02-17,edgar/data/1469367/0001469367-22-000033.txt
"Arcadia Biosciences, Inc.",0001469443,RKDA,,10-K,2022-03-31,edgar/data/1469443/0000950170-22-005253.txt
CALERES INC,0000014707,CAL,,10-K,2022-03-28,edgar/data/14707/0000014707-22-000019.txt
"Northwest Bancshares, Inc.",0001471265,NWBI,,10-K,2022-02-25,edgar/data/1471265/0001471265-22-000009.txt
Better Choice Co Inc.,0001471727,SRXH,,10-K,2022-03-29,edgar/data/1471727/0001471727-22-000027.txt
"Entergy Texas Restoration Funding, LLC",0001471728,,,10-K,2022-03-28,edgar/data/1471728/0000065984-22-000050.txt
GBT Technologies Inc.,0001471781,GTCH,,10-K,2022-03-25,edgar/data/1471781/0001731122-22-000544.txt
Teucrium Commodity Trust,0001471824,WEAT,,10-K,2022-03-16,edgar/data/1471824/0001654954-22-003253.txt
Immunome Inc.,0001472012,IMNM,,10-K,2022-03-28,edgar/data/1472012/0001558370-22-004420.txt
PDS Biotechnology Corp,0001472091,PDSB,,10-K,2022-03-31,edgar/data/1472091/0001140361-22-012244.txt
"United States Brent Oil Fund, LP",0001472494,BNO,,10-K,2022-02-25,edgar/data/1472494/0001410578-22-000216.txt
R1 RCM INC.,0001472595,,,10-K,2022-02-17,edgar/data/1472595/0001628280-22-002948.txt
First American Financial Corp,0001472787,FAF,,10-K,2022-02-17,edgar/data/1472787/0001564590-22-005550.txt
"CBTX, Inc.",0001473844,STEL,,10-K,2022-02-25,edgar/data/1473844/0001558370-22-002170.txt
Pebblebrook Hotel Trust,0001474098,PEB-PH,,10-K,2022-02-22,edgar/data/1474098/0001474098-22-000035.txt
New York REIT Liquidating LLC,0001474464,,,10-K,2022-03-16,edgar/data/1474464/0001193125-22-077253.txt
"KAT EXPLORATION, INC.",0001474558,GKOR,,10-K,2022-03-15,edgar/data/1474558/0001683168-22-001674.txt
GENERAC HOLDINGS INC.,0001474735,GNRC,,10-K,2022-02-22,edgar/data/1474735/0001437749-22-004080.txt
"BGSF, INC.",0001474903,BGSF,,10-K,2022-03-10,edgar/data/1474903/0001474903-22-000020.txt
"Eventbrite, Inc.",0001475115,EB,,10-K,2022-02-18,edgar/data/1475115/0001475115-22-000032.txt
Luther Burbank Corp,0001475348,,,10-K,2022-03-14,edgar/data/1475348/0001475348-22-000009.txt
JOSHUA GOLD RESOURCES INC,0001475430,,,10-K,2022-03-31,edgar/data/1475430/0001548123-22-000040.txt
National Bank Holdings Corp,0001475841,NBHC,,10-K,2022-02-23,edgar/data/1475841/0001558370-22-001738.txt
"Primerica, Inc.",0001475922,PRI,,10-K,2022-03-01,edgar/data/1475922/0001564590-22-007995.txt
Metropolitan Bank Holding Corp.,0001476034,MCB,,10-K,2022-03-10,edgar/data/1476034/0001558370-22-003202.txt
Chatham Lodging Trust,0001476045,CLDT-PA,,10-K,2022-02-25,edgar/data/1476045/0001476045-22-000026.txt
Terreno Realty Corp,0001476150,TRNO,,10-K,2022-02-09,edgar/data/1476150/0001476150-22-000006.txt
"Phillips Edison & Company, Inc.",0001476204,PECO,,10-K,2022-02-16,edgar/data/1476204/0001476204-22-000029.txt
"Expensify, Inc.",0001476840,EXFY,,10-K,2022-03-31,edgar/data/1476840/0001476840-22-000016.txt
"HEAT BIOLOGICS, INC.",0001476963,SCPX,,10-K,2022-03-11,edgar/data/1476963/0001558370-22-003452.txt
GENERAL CANNABIS CORP,0001477009,CANN,,10-K,2022-03-25,edgar/data/1477009/0001558370-22-004397.txt
Sensata Technologies Holding plc,0001477294,ST,,10-K,2022-02-10,edgar/data/1477294/0001477294-22-000014.txt
"Cloudflare, Inc.",0001477333,NET,,10-K,2022-03-01,edgar/data/1477333/0001477333-22-000008.txt
Ally Auto Assets LLC,0001477336,,,10-K,2022-03-24,edgar/data/1477336/0001736511-22-000010.txt
Ally Auto Assets LLC,0001477336,,,10-K,2022-03-24,edgar/data/1477336/0001742379-22-000019.txt
Ally Auto Assets LLC,0001477336,,,10-K,2022-03-24,edgar/data/1477336/0001763799-22-000018.txt
Ally Auto Assets LLC,0001477336,,,10-K,2022-03-24,edgar/data/1477336/0001776294-22-000019.txt
Ally Auto Assets LLC,0001477336,,,10-K,2022-03-24,edgar/data/1477336/0001785489-22-000018.txt
Ally Auto Assets LLC,0001477336,,,10-K,2022-03-24,edgar/data/1477336/0001793667-22-000017.txt
"Teladoc Health, Inc.",0001477449,TDOC,,10-K,2022-02-28,edgar/data/1477449/0001558370-22-002260.txt
"Asana, Inc.",0001477720,ASAN,,10-K,2022-03-24,edgar/data/1477720/0001477720-22-000012.txt
"Sweetgreen, Inc.",0001477815,SG,,10-K,2022-03-04,edgar/data/1477815/0001628280-22-005116.txt
"Annovis Bio, Inc.",0001477845,ANVS,,10-K,2022-03-02,edgar/data/1477845/0001558370-22-002668.txt
CONTRAFECT Corp,0001478069,,,10-K,2022-03-25,edgar/data/1478069/0001193125-22-084065.txt
IQVIA HOLDINGS INC.,0001478242,IQV,,10-K,2022-02-16,edgar/data/1478242/0001478242-22-000041.txt
Adaptive Biotechnologies Corp,0001478320,ADPT,,10-K,2022-02-15,edgar/data/1478320/0001564590-22-005228.txt
"Eagle Bancorp Montana, Inc.",0001478454,EBMT,,10-K,2022-03-09,edgar/data/1478454/0001437749-22-005655.txt
"STAG Industrial, Inc.",0001479094,STAG,,10-K,2022-02-16,edgar/data/1479094/0001479094-22-000006.txt
United States Commodity Index Funds Trust,0001479247,CPER,,10-K,2022-02-25,edgar/data/1479247/0001410578-22-000220.txt
"Revance Therapeutics, Inc.",0001479290,,,10-K,2022-02-28,edgar/data/1479290/0001479290-22-000034.txt
"Kala Pharmaceuticals, Inc.",0001479419,KALA,,10-K,2022-03-29,edgar/data/1479419/0001558370-22-004624.txt
"Clinigence Holdings, Inc.",0001479681,NUTX,,10-K,2022-03-31,edgar/data/1479681/0001607062-22-000229.txt
Ryerson Holding Corp,0001481582,RYI,,10-K,2022-02-23,edgar/data/1481582/0001564590-22-006263.txt
"Quad/Graphics, Inc.",0001481792,QUAD,,10-K,2022-02-23,edgar/data/1481792/0001481792-22-000005.txt
PREFERRED APARTMENT COMMUNITIES INC,0001481832,,,10-K,2022-02-28,edgar/data/1481832/0001481832-22-000021.txt
"KBS Real Estate Investment Trust III, Inc.",0001482430,KBSR,,10-K,2022-03-31,edgar/data/1482430/0001482430-22-000016.txt
"Hudson Pacific Properties, Inc.",0001482512,HPP-PC,,10-K,2022-02-18,edgar/data/1482512/0001482512-22-000052.txt
CEA Industries Inc.,0001482541,BNCWW,,10-K,2022-03-29,edgar/data/1482541/0001493152-22-008011.txt
SLM Student Loan Trust 2010-1,0001482912,,,10-K,2022-03-31,edgar/data/1482912/0001140361-22-012148.txt
SLM Student Loan Trust 2010-2,0001482913,,,10-K,2022-03-31,edgar/data/1482913/0001140361-22-012149.txt
"Vita Coco Company, Inc.",0001482981,COCO,,10-K,2022-03-14,edgar/data/1482981/0001482981-22-000014.txt
Aberdeen Standard Precious Metals Basket ETF Trust,0001483386,GLTR,,10-K,2022-03-01,edgar/data/1483386/0001387131-22-002617.txt
"EXPRESS, INC.",0001483510,,,10-K,2022-03-24,edgar/data/1483510/0001483510-22-000015.txt
"BLACKSTAR ENTERPRISE GROUP, INC.",0001483646,,,10-K,2022-03-30,edgar/data/1483646/0001065949-22-000034.txt
SOLENO THERAPEUTICS INC,0001484565,SLNO,,10-K,2022-03-31,edgar/data/1484565/0001564590-22-013023.txt
"Outset Medical, Inc.",0001484612,OM,,10-K,2022-02-23,edgar/data/1484612/0000950170-22-001769.txt
BRT Apartments Corp.,0000014846,BRT,,10-K,2022-03-16,edgar/data/14846/0000014846-22-000010.txt
fuboTV Inc. /FL,0001484769,FUBO,,10-K,2022-03-01,edgar/data/1484769/0001493152-22-005658.txt
ThredUp Inc.,0001484778,TDUP,,10-K,2022-03-22,edgar/data/1484778/0001484778-22-000044.txt
"Sesen Bio, Inc.",0001485003,CARM,,10-K,2022-02-28,edgar/data/1485003/0001485003-22-000033.txt
"Freeze Tag, Inc.",0001485074,FRZT,,10-K,2022-03-31,edgar/data/1485074/0001477932-22-001871.txt
Oasis Petroleum Inc.,0001486159,CHRD,,10-K,2022-02-25,edgar/data/1486159/0001486159-22-000014.txt
"BWX Technologies, Inc.",0001486957,BWXT,,10-K,2022-02-22,edgar/data/1486957/0001486957-22-000005.txt
"Quest Water Global, Inc.",0001487091,QWTR,,10-K,2022-03-11,edgar/data/1487091/0001493152-22-006567.txt
BARFRESH FOOD GROUP INC.,0001487197,BRFH,,10-K,2022-03-10,edgar/data/1487197/0001493152-22-006512.txt
Horizon Technology Finance Corp,0001487428,HTFC,,10-K,2022-03-01,edgar/data/1487428/0001558370-22-002589.txt
AIR LEASE CORP,0001487712,AL,,10-K,2022-02-17,edgar/data/1487712/0001628280-22-003016.txt
"BOXSCORE BRANDS, INC.",0001487718,BLTH,,10-K,2022-03-31,edgar/data/1487718/0001213900-22-016728.txt
ECA Marcellus Trust I,0001487798,ECTM,,10-K,2022-03-24,edgar/data/1487798/0001104659-22-037477.txt
OFS Capital Corp,0001487918,OFSSO,,10-K,2022-03-04,edgar/data/1487918/0001487918-22-000010.txt
"Vishay Precision Group, Inc.",0001487952,VPG,,10-K,2022-03-04,edgar/data/1487952/0001487952-22-000006.txt
"ATOSSA THERAPEUTICS, INC.",0001488039,ATOS,,10-K,2022-02-28,edgar/data/1488039/0001437749-22-004614.txt
"Ameresco, Inc.",0001488139,AMRC,,10-K,2022-03-01,edgar/data/1488139/0001488139-22-000014.txt
"Customers Bancorp, Inc.",0001488813,CUBB,,10-K,2022-02-28,edgar/data/1488813/0001488813-22-000018.txt
LyondellBasell Industries N.V.,0001489393,LYB,,10-K,2022-02-24,edgar/data/1489393/0001489393-22-000009.txt
Golden Growers Cooperative,0001489874,GGROU,,10-K,2022-03-08,edgar/data/1489874/0001826466-22-000021.txt
Sow Good Inc.,0001490161,SOWG,,10-K,2022-03-29,edgar/data/1490161/0001683168-22-002066.txt
"Groupon, Inc.",0001490281,GRPN,,10-K,2022-02-28,edgar/data/1490281/0001490281-22-000027.txt
Franklin BSP Lending Corp,0001490927,,,10-K,2022-03-17,edgar/data/1490927/0001490927-22-000006.txt
"Schrodinger, Inc.",0001490978,SDGR,,10-K,2022-02-24,edgar/data/1490978/0001564590-22-006713.txt
"Mewbourne Energy Partners 10-A, L.P.",0001491262,,,10-K,2022-03-31,edgar/data/1491262/0001387131-22-004454.txt
"Sabra Health Care REIT, Inc.",0001492298,SBRA,,10-K,2022-02-22,edgar/data/1492298/0001492298-22-000014.txt
"Apellis Pharmaceuticals, Inc.",0001492422,APLS,,10-K,2022-02-28,edgar/data/1492422/0001564590-22-007606.txt
Horizon Therapeutics Public Ltd Co,0001492426,,,10-K,2022-03-01,edgar/data/1492426/0001564590-22-007863.txt
Nielsen Holdings plc,0001492633,,,10-K,2022-02-28,edgar/data/1492633/0001564590-22-007612.txt
"T2 Biosystems, Inc.",0001492674,TTOO,,10-K,2022-03-23,edgar/data/1492674/0001564590-22-011526.txt
Knight-Swift Transportation Holdings Inc.,0001492691,KNX,,10-K,2022-02-24,edgar/data/1492691/0001492691-22-000012.txt
"SL GREEN OPERATING PARTNERSHIP, L.P.",0001492869,,,10-K,2022-02-18,edgar/data/1492869/0001040971-22-000014.txt
BRUNSWICK CORP,0000014930,BC-PC,,10-K,2022-02-16,edgar/data/14930/0000014930-22-000041.txt
"Lifeloc Technologies, Inc",0001493137,LCTC,,10-K,2022-03-03,edgar/data/1493137/0001079973-22-000202.txt
"Northfield Bancorp, Inc.",0001493225,NFBK,,10-K,2022-03-01,edgar/data/1493225/0001493225-22-000045.txt
"OTONOMY, INC.",0001493566,,,10-K,2022-02-28,edgar/data/1493566/0000950170-22-002299.txt
SLC Student Loan Trust 2010-1,0001493611,,,10-K,2022-03-31,edgar/data/1493611/0001140361-22-012100.txt
Turtle Beach Corp,0001493761,TBCH,,10-K,2022-03-02,edgar/data/1493761/0001564590-22-008333.txt
"Kilroy Realty, L.P.",0001493976,,,10-K,2022-02-10,edgar/data/1493976/0001025996-22-000074.txt
"CarGurus, Inc.",0001494259,CARG,,10-K,2022-02-25,edgar/data/1494259/0000950170-22-002023.txt
Univar Solutions Inc.,0001494319,,,10-K,2022-02-25,edgar/data/1494319/0001494319-22-000011.txt
Two Hands Corp,0001494413,TWOH,,10-K,2022-03-31,edgar/data/1494413/0001262463-22-000043.txt
BOSTON OMAHA Corp,0001494582,BOC,,10-K,2022-03-28,edgar/data/1494582/0001437749-22-007410.txt
"OptiNose, Inc.",0001494650,,,10-K,2022-03-08,edgar/data/1494650/0001494650-22-000019.txt
"DIGITAL REALTY TRUST, L.P.",0001494877,,,10-K,2022-02-25,edgar/data/1494877/0001558370-22-002195.txt
"Sensus Healthcare, Inc.",0001494891,SRTS,,10-K,2022-03-25,edgar/data/1494891/0001213900-22-015172.txt
"Global Indemnity Group, LLC",0001494904,GBLI,,10-K,2022-03-16,edgar/data/1494904/0001564590-22-010614.txt
"IZEA Worldwide, Inc.",0001495231,IZEA,,10-K,2022-03-31,edgar/data/1495231/0001495231-22-000068.txt
GLADSTONE LAND Corp,0001495240,LANDO,,10-K,2022-02-22,edgar/data/1495240/0001495240-22-000004.txt
"Vera Bradley, Inc.",0001495320,VRA,,10-K,2022-03-29,edgar/data/1495320/0001495320-22-000007.txt
"Healthcare Trust of America Holdings, LP",0001495491,,,10-K,2022-03-01,edgar/data/1495491/0001360604-22-000014.txt
"Firsthand Technology Value Fund, Inc.",0001495584,SVVC,,10-K,2022-03-24,edgar/data/1495584/0001398344-22-006240.txt
"EXP World Holdings, Inc.",0001495932,EXPI,,10-K,2022-02-25,edgar/data/1495932/0001558370-22-002041.txt
New Mountain Finance Corp,0001496099,NMFCZ,,10-K,2022-02-28,edgar/data/1496099/0001496099-22-000002.txt
"Hudson Pacific Properties, L.P.",0001496264,,,10-K,2022-02-18,edgar/data/1496264/0001482512-22-000052.txt
"IGM Biosciences, Inc.",0001496323,,,10-K,2022-03-29,edgar/data/1496323/0000950170-22-004842.txt
"Paysign, Inc.",0001496443,PAYS,,10-K,2022-03-23,edgar/data/1496443/0001683168-22-001854.txt
"CNL Healthcare Properties, Inc.",0001496454,CHTH,,10-K,2022-03-23,edgar/data/1496454/0000950170-22-004343.txt
"Calithera Biosciences, Inc.",0001496671,,,10-K,2022-03-31,edgar/data/1496671/0000950170-22-005227.txt
"Squarespace, Inc.",0001496963,,,10-K,2022-03-07,edgar/data/1496963/0001496963-22-000005.txt
PLx Pharma Inc.,0001497504,,,10-K,2022-03-11,edgar/data/1497504/0001437749-22-005920.txt
"Summit Hotel Properties, Inc.",0001497645,INN-PF,,10-K,2022-02-23,edgar/data/1497645/0001497645-22-000003.txt
"Walker & Dunlop, Inc.",0001497770,WD,,10-K,2022-02-24,edgar/data/1497770/0001558370-22-001963.txt
"Daniels Corporate Advisory Company, Inc.",0001498291,,,10-K,2022-03-15,edgar/data/1498291/0001493152-22-006897.txt
iWallet Corp,0001498372,IWAL,,10-K,2022-03-31,edgar/data/1498372/0001393905-22-000098.txt
"CIM REAL ESTATE FINANCE TRUST, INC.",0001498547,CMRF,,10-K,2022-03-31,edgar/data/1498547/0001498547-22-000027.txt
"Spirit Airlines, Inc.",0001498710,FLYYQ,,10-K,2022-02-08,edgar/data/1498710/0001498710-22-000088.txt
Howard Hughes Corp,0001498828,,,10-K,2022-02-28,edgar/data/1498828/0001628280-22-004247.txt
"Sabine Pass Liquefaction, LLC",0001499200,,,10-K,2022-02-24,edgar/data/1499200/0001499200-22-000003.txt
RBB Bancorp,0001499422,RBB,,10-K,2022-03-11,edgar/data/1499422/0001437749-22-006041.txt
"Spirit of Texas Bancshares, Inc.",0001499453,,,10-K,2022-03-07,edgar/data/1499453/0001564590-22-008918.txt
Tengjun Biotechnology Corp.,0001499785,,,10-K,2022-03-31,edgar/data/1499785/0001213900-22-016671.txt
"Townsquare Media, Inc.",0001499832,TSQ,,10-K,2022-03-16,edgar/data/1499832/0001499832-22-000027.txt
Item 9 Labs Corp.,0001500123,,,10-K,2022-01-13,edgar/data/1500123/0001554795-22-000016.txt
"American Assets Trust, Inc.",0001500217,AAT,,10-K,2022-02-11,edgar/data/1500217/0001500217-22-000011.txt
Sustainable Projects Group Inc.,0001500305,,,10-K,2022-03-25,edgar/data/1500305/0001493152-22-007710.txt
"GoPro, Inc.",0001500435,GPRO,,10-K,2022-02-11,edgar/data/1500435/0001500435-22-000016.txt
Invitae Corp,0001501134,,,10-K,2022-03-01,edgar/data/1501134/0001501134-22-000008.txt
"Veritex Holdings, Inc.",0001501570,,,10-K,2022-03-01,edgar/data/1501570/0001501570-22-000039.txt
"HUNTINGTON INGALLS INDUSTRIES, INC.",0001501585,HII,,10-K,2022-02-10,edgar/data/1501585/0001501585-22-000007.txt
"X4 Pharmaceuticals, Inc",0001501697,XFOR,,10-K,2022-03-17,edgar/data/1501697/0001628280-22-006547.txt
FS Energy & Power Fund,0001501729,,,10-K,2022-03-11,edgar/data/1501729/0001193125-22-073376.txt
"Adverum Biotechnologies, Inc.",0001501756,,,10-K,2022-03-29,edgar/data/1501756/0001628280-22-007698.txt
"Aura Biosciences, Inc.",0001501796,AURA,,10-K,2022-03-23,edgar/data/1501796/0000950170-22-004425.txt
"CytomX Therapeutics, Inc.",0001501989,CTMX,,10-K,2022-03-01,edgar/data/1501989/0000950170-22-002519.txt
GlobeStar Therapeutics Corp,0001502152,,,10-K,2022-01-05,edgar/data/1502152/0001161697-22-000027.txt
"Conifer Holdings, Inc.",0001502292,PRHIZ,,10-K,2022-03-10,edgar/data/1502292/0001564590-22-009601.txt
Kun Peng International Ltd.,0001502557,KPEA,,10-K,2022-01-13,edgar/data/1502557/0001493152-22-001121.txt
Quanterix Corp,0001503274,QTRX,,10-K,2022-03-01,edgar/data/1503274/0001558370-22-002489.txt
LiquidValue Development Inc.,0001503658,WNHK,,10-K,2022-03-15,edgar/data/1503658/0001654954-22-003116.txt
"NorthStar Healthcare Income, Inc.",0001503707,,,10-K,2022-03-18,edgar/data/1503707/0001503707-22-000007.txt
Karyopharm Therapeutics Inc.,0001503802,KPTI,,10-K,2022-03-01,edgar/data/1503802/0000950170-22-002548.txt
"BankUnited, Inc.",0001504008,BKU,,10-K,2022-02-24,edgar/data/1504008/0001504008-22-000009.txt
"Timber Pharmaceuticals, Inc.",0001504167,,,10-K,2022-03-31,edgar/data/1504167/0001558370-22-004943.txt
Warby Parker Inc.,0001504776,WRBY,,10-K,2022-03-18,edgar/data/1504776/0001504776-22-000007.txt
"Upland Software, Inc.",0001505155,UPLD,,10-K,2022-02-24,edgar/data/1505155/0001505155-22-000017.txt
VOC Energy Trust,0001505413,VOC,,10-K,2022-03-17,edgar/data/1505413/0001104659-22-035017.txt
"BioRestorative Therapies, Inc.",0001505497,BRTX,,10-K,2022-03-30,edgar/data/1505497/0001493152-22-008184.txt
Regulus Therapeutics Inc.,0001505512,,,10-K,2022-03-11,edgar/data/1505512/0001628280-22-005771.txt
"Bankwell Financial Group, Inc.",0001505732,BWFG,,10-K,2022-03-08,edgar/data/1505732/0001505732-22-000096.txt
"DOMO, INC.",0001505952,DOMO,,10-K,2022-03-23,edgar/data/1505952/0001505952-22-000012.txt
"PINTEREST, INC.",0001506293,PINS,,10-K,2022-02-03,edgar/data/1506293/0001506293-22-000016.txt
"KINDER MORGAN, INC.",0001506307,EP-PC,,10-K,2022-02-07,edgar/data/1506307/0001506307-22-000018.txt
"Nuwellis, Inc.",0001506492,NUWE,,10-K,2022-03-03,edgar/data/1506492/0001140361-22-007694.txt
Avinger Inc,0001506928,,,10-K,2022-03-22,edgar/data/1506928/0001437749-22-006919.txt
"GlucoTrack, Inc.",0001506983,GCTK,,10-K,2022-03-31,edgar/data/1506983/0001493152-22-008417.txt
"Floor & Decor Holdings, Inc.",0001507079,FND,,10-K,2022-02-24,edgar/data/1507079/0001507079-22-000009.txt
"MARATHON DIGITAL HOLDINGS, INC.",0001507605,MARA,,10-K,2022-03-10,edgar/data/1507605/0001493152-22-006446.txt
Ideal Power Inc.,0001507957,IPWR,,10-K,2022-03-25,edgar/data/1507957/0001104659-22-037832.txt
SLR Senior Investment Corp.,0001508171,,,10-K,2022-03-01,edgar/data/1508171/0001193125-22-061337.txt
"Sixth Street Specialty Lending, Inc.",0001508655,TSLX,,10-K,2022-02-17,edgar/data/1508655/0001564590-22-005558.txt
SURO CAPITAL CORP.,0001509470,SSSSL,,10-K,2022-03-11,edgar/data/1509470/0001628280-22-005867.txt
"American Assets Trust, L.P.",0001509570,,,10-K,2022-02-11,edgar/data/1509570/0001500217-22-000011.txt
"CIVITAS RESOURCES, INC.",0001509589,CIVI,,10-K,2022-03-09,edgar/data/1509589/0001509589-22-000044.txt
"LEAP THERAPEUTICS, INC.",0001509745,CYPH,,10-K,2022-03-11,edgar/data/1509745/0001104659-22-032638.txt
Guskin Gold Corp.,0001509786,,,10-K,2022-01-31,edgar/data/1509786/0001477932-22-000506.txt
Kosmos Energy Ltd.,0001509991,KOS,,10-K,2022-02-28,edgar/data/1509991/0001509991-22-000019.txt
Marathon Petroleum Corp,0001510295,MPC,,10-K,2022-02-24,edgar/data/1510295/0001510295-22-000011.txt
Genufood Energy Enzymes Corp.,0001510518,,,10-K,2022-01-13,edgar/data/1510518/0001213900-22-001866.txt
Biopower Operations Corp,0001510832,,,10-K,2022-02-17,edgar/data/1510832/0001493152-22-004827.txt
SLM Student Loan Trust 2011-1,0001510872,,,10-K,2022-03-31,edgar/data/1510872/0001140361-22-012150.txt
SLM Student Loan Trust 2011-2,0001510873,,,10-K,2022-03-31,edgar/data/1510873/0001140361-22-012151.txt
SLM Student Loan Trust 2011-3,0001510874,,,10-K,2022-03-31,edgar/data/1510874/0001140361-22-012152.txt
RLJ Lodging Trust,0001511337,RLJ-PA,,10-K,2022-02-24,edgar/data/1511337/0001511337-22-000009.txt
"LINDBLAD EXPEDITIONS HOLDINGS, INC.",0001512499,LIND,,10-K,2022-02-28,edgar/data/1512499/0001437749-22-004682.txt
"Block, Inc.",0001512673,BSQKZ,,10-K,2022-02-24,edgar/data/1512673/0001628280-22-003825.txt
"Coherus BioSciences, Inc.",0001512762,CHRS,,10-K,2022-02-23,edgar/data/1512762/0001558370-22-001764.txt
MONROE CAPITAL Corp,0001512931,MRCC,,10-K,2022-03-03,edgar/data/1512931/0001104659-22-029481.txt
FIDUS INVESTMENT Corp,0001513363,FDUS,,10-K,2022-03-03,edgar/data/1513363/0000950170-22-002806.txt
"ADIAL PHARMACEUTICALS, INC.",0001513525,ADIL,,10-K,2022-03-28,edgar/data/1513525/0001213900-22-015562.txt
Norwegian Cruise Line Holdings Ltd.,0001513761,NCLH,,10-K,2022-03-01,edgar/data/1513761/0001558370-22-002516.txt
"Aravive, Inc.",0001513818,,,10-K,2022-03-31,edgar/data/1513818/0001437749-22-007827.txt
"TRAQIQ, INC.",0001514056,TESI,,10-K,2022-03-31,edgar/data/1514056/0001493152-22-008274.txt
"Silo Pharma, Inc.",0001514183,SILO,,10-K,2022-03-28,edgar/data/1514183/0001213900-22-015521.txt
"AG Mortgage Investment Trust, Inc.",0001514281,MITP,,10-K,2022-02-25,edgar/data/1514281/0001514281-22-000023.txt
Bandwidth Inc.,0001514416,BAND,,10-K,2022-02-25,edgar/data/1514416/0001514416-22-000054.txt
"AMERIGUARD SECURITY SERVICES, INC.",0001514443,AGSS,,10-K,2022-03-31,edgar/data/1514443/0001829126-22-007107.txt
"SunCoke Energy, Inc.",0001514705,SXC,,10-K,2022-02-24,edgar/data/1514705/0001514705-22-000004.txt
AMC Networks Inc.,0001514991,AMCX,,10-K,2022-02-16,edgar/data/1514991/0001514991-22-000007.txt
"Advanced Emissions Solutions, Inc.",0001515156,ARQ,,10-K,2022-03-08,edgar/data/1515156/0001515156-22-000005.txt
Ultragenyx Pharmaceutical Inc.,0001515673,RARE,,10-K,2022-02-15,edgar/data/1515673/0000950170-22-001284.txt
"Plymouth Industrial REIT, Inc.",0001515816,,,10-K,2022-02-23,edgar/data/1515816/0001171520-22-000150.txt
"Skye Bioscience, Inc.",0001516551,SKYE,,10-K,2022-03-28,edgar/data/1516551/0001516551-22-000004.txt
"Wellness Center USA, Inc.",0001516887,,,10-K,2022-02-15,edgar/data/1516887/0001493152-22-004617.txt
"Origin Bancorp, Inc.",0001516912,OBK,,10-K,2022-02-23,edgar/data/1516912/0001516912-22-000031.txt
"Akebia Therapeutics, Inc.",0001517022,AKBA,,10-K,2022-03-01,edgar/data/1517022/0001628280-22-004522.txt
"Chefs' Warehouse, Inc.",0001517175,CHEF,,10-K,2022-02-22,edgar/data/1517175/0001517175-22-000002.txt
"CommScope Holding Company, Inc.",0001517228,VISN,,10-K,2022-02-17,edgar/data/1517228/0000950170-22-001374.txt
Artisan Partners Asset Management Inc.,0001517302,APAM,,10-K,2022-02-22,edgar/data/1517302/0001517302-22-000012.txt
"Sprout Social, Inc.",0001517375,SPT,,10-K,2022-02-23,edgar/data/1517375/0001517375-22-000009.txt
"Fastly, Inc.",0001517413,FSLY,,10-K,2022-03-01,edgar/data/1517413/0001517413-22-000038.txt
"AmpliTech Group, Inc.",0001518461,AMPGR,,10-K,2022-03-31,edgar/data/1518461/0001477932-22-001862.txt
"Orchid Island Capital, Inc.",0001518621,ORC,,10-K,2022-02-25,edgar/data/1518621/0001518621-22-000023.txt
"HomeStreet, Inc.",0001518715,MCHB,,10-K,2022-03-04,edgar/data/1518715/0001518715-22-000066.txt
Trinseo PLC,0001519061,TSE,,10-K,2022-02-23,edgar/data/1519061/0001558370-22-001688.txt
"ATEL 15, LLC",0001519117,,,10-K,2022-03-18,edgar/data/1519117/0001558370-22-003901.txt
SOLLENSYS CORP.,0001519177,,,10-K,2022-03-30,edgar/data/1519177/0001829126-22-007032.txt
Regional Management Corp.,0001519401,RM,,10-K,2022-03-04,edgar/data/1519401/0001564590-22-008810.txt
"Fortune Brands Home & Security, Inc.",0001519751,FBIN,,10-K,2022-02-28,edgar/data/1519751/0000950170-22-002294.txt
Matador Resources Co,0001520006,MTDR,,10-K,2022-02-28,edgar/data/1520006/0001520006-22-000065.txt
Permianville Royalty Trust,0001520048,PVL,,10-K,2022-03-25,edgar/data/1520048/0001104659-22-038070.txt
Alkermes plc.,0001520262,ALKS,,10-K,2022-02-16,edgar/data/1520262/0001564590-22-005304.txt
"Acadia Healthcare Company, Inc.",0001520697,ACHC,,10-K,2022-03-01,edgar/data/1520697/0001564590-22-007930.txt
"Lantheus Holdings, Inc.",0001521036,LNTH,,10-K,2022-02-24,edgar/data/1521036/0001628280-22-003657.txt
Aptiv PLC,0001521332,APTV,,10-K,2022-02-07,edgar/data/1521332/0001521332-22-000010.txt
"FIRST BUSINESS FINANCIAL SERVICES, INC.",0001521951,FBIZ,,10-K,2022-02-23,edgar/data/1521951/0001521951-22-000016.txt
"Marqeta, Inc.",0001522540,MQ,,10-K,2022-03-11,edgar/data/1522540/0001522540-22-000013.txt
"CohBar, Inc.",0001522602,,,10-K,2022-03-29,edgar/data/1522602/0001213900-22-015833.txt
"Citibank, N.A., as depositor of Citibank Credit Card Issuance Trust",0001522616,,,10-K,2022-03-30,edgar/data/1522616/0001193125-22-089155.txt
"USA Compression Partners, LP",0001522727,USAC,,10-K,2022-02-15,edgar/data/1522727/0001522727-22-000006.txt
MARIMED INC.,0001522767,MRMD,,10-K,2022-03-16,edgar/data/1522767/0001493152-22-006974.txt
"Acutus Medical, Inc.",0001522860,,,10-K,2022-03-30,edgar/data/1522860/0001628280-22-007921.txt
"Manning & Napier, Inc.",0001524223,,,10-K,2022-03-15,edgar/data/1524223/0001524223-22-000014.txt
MARRIOTT VACATIONS WORLDWIDE Corp,0001524358,VAC,,10-K,2022-03-01,edgar/data/1524358/0001524358-22-000013.txt
Xylem Inc.,0001524472,XYL,,10-K,2022-02-25,edgar/data/1524472/0001524472-22-000009.txt
"MPT Operating Partnership, L.P.",0001524607,,,10-K,2022-03-01,edgar/data/1524607/0001564590-22-008100.txt
"U.S. SILICA HOLDINGS, INC.",0001524741,,,10-K,2022-02-25,edgar/data/1524741/0001524741-22-000006.txt
CHESAPEAKE GRANITE WASH TRUST,0001524769,CHKR,,10-K,2022-03-22,edgar/data/1524769/0001524769-22-000007.txt
"CHUY'S HOLDINGS, INC.",0001524931,,,10-K,2022-02-24,edgar/data/1524931/0001524931-22-000005.txt
Sprague Resources LP,0001525287,,,10-K,2022-03-04,edgar/data/1525287/0001525287-22-000013.txt
"Dave & Buster's Entertainment, Inc.",0001525769,PLAY,,10-K,2022-03-29,edgar/data/1525769/0001193125-22-087521.txt
"Global Net Lease, Inc.",0001526113,GNL-PD,,10-K,2022-02-24,edgar/data/1526113/0001526113-22-000005.txt
"Verastem, Inc.",0001526119,VSTM,,10-K,2022-03-28,edgar/data/1526119/0001558370-22-004498.txt
PERPETUA RESOURCES CORP.,0001526243,PPTA,,10-K,2022-03-18,edgar/data/1526243/0001104659-22-035631.txt
"TripAdvisor, Inc.",0001526520,TRIP,,10-K,2022-02-18,edgar/data/1526520/0000950170-22-001481.txt
Miromatrix Medical Inc.,0001527096,,,10-K,2022-03-30,edgar/data/1527096/0001558370-22-004763.txt
Carlyle Group Inc.,0001527166,CGABL,,10-K,2022-02-10,edgar/data/1527166/0001527166-22-000007.txt
BankGuam Holding Co,0001527383,,,10-K,2022-03-28,edgar/data/1527383/0001564590-22-011871.txt
Athene Holding Ltd,0001527469,ATH-PE,,10-K,2022-02-25,edgar/data/1527469/0001527469-22-000018.txt
Pactiv Evergreen Inc.,0001527508,,,10-K,2022-02-24,edgar/data/1527508/0001564590-22-006686.txt
"Wheeler Real Estate Investment Trust, Inc.",0001527541,WHLRL,,10-K,2022-02-28,edgar/data/1527541/0001527541-22-000007.txt
Ready Capital Corp,0001527590,RC-PE,,10-K,2022-02-28,edgar/data/1527590/0001558370-22-002392.txt
"SYNLOGIC, INC.",0001527599,SYBX,,10-K,2022-03-17,edgar/data/1527599/0001564590-22-010714.txt
"Personalis, Inc.",0001527753,PSNL,,10-K,2022-02-24,edgar/data/1527753/0001564590-22-006722.txt
"Annexon, Inc.",0001528115,ANNX,,10-K,2022-03-01,edgar/data/1528115/0001564590-22-008044.txt
"Laredo Petroleum, Inc.",0001528129,,,10-K,2022-02-24,edgar/data/1528129/0001528129-22-000040.txt
NeuroPace Inc,0001528287,NPCE,,10-K,2022-03-10,edgar/data/1528287/0001528287-22-000006.txt
Genie Energy Ltd.,0001528356,GNE,,10-K,2022-03-16,edgar/data/1528356/0001213900-22-012716.txt
RH,0001528849,RH,,10-K,2022-03-30,edgar/data/1528849/0001558370-22-004753.txt
"Franchise Group, Inc.",0001528930,,,10-K,2022-02-23,edgar/data/1528930/0001528930-22-000004.txt
"Inland Real Estate Income Trust, Inc.",0001528985,INRE,,10-K,2022-03-16,edgar/data/1528985/0001564590-22-010627.txt
INPIXON,0001529113,XTIA,,10-K,2022-03-16,edgar/data/1529113/0001628280-22-006421.txt
"ALKAMI TECHNOLOGY, INC.",0001529274,ALKT,,10-K,2022-02-25,edgar/data/1529274/0001529274-22-000034.txt
Ares Commercial Real Estate Corp,0001529377,ACRE,,10-K,2022-02-15,edgar/data/1529377/0001628280-22-002648.txt
"Smart Sand, Inc.",0001529628,SND,,10-K,2022-03-08,edgar/data/1529628/0001529628-22-000029.txt
"Enova International, Inc.",0001529864,ENVA,,10-K,2022-02-28,edgar/data/1529864/0000950170-22-002334.txt
"FS Bancorp, Inc.",0001530249,FSBW,,10-K,2022-03-16,edgar/data/1530249/0001558370-22-003750.txt
"BioSig Technologies, Inc.",0001530766,STEX,,10-K,2022-03-31,edgar/data/1530766/0001185185-22-000369.txt
Tronox Holdings plc,0001530804,TROX,,10-K,2022-02-22,edgar/data/1530804/0001530804-22-000003.txt
"Honest Company, Inc.",0001530979,HNST,,10-K,2022-03-28,edgar/data/1530979/0001530979-22-000024.txt
"Esquire Financial Holdings, Inc.",0001531031,ESQ,,10-K,2022-03-11,edgar/data/1531031/0001558370-22-003391.txt
"Inari Medical, Inc.",0001531048,,,10-K,2022-02-23,edgar/data/1531048/0000950170-22-001783.txt
"BJ's Wholesale Club Holdings, Inc.",0001531152,BJ,,10-K,2022-03-17,edgar/data/1531152/0001531152-22-000007.txt
"Sight Sciences, Inc.",0001531177,SGHT,,10-K,2022-03-24,edgar/data/1531177/0000950170-22-004563.txt
"Paragon 28, Inc.",0001531978,,,10-K,2022-03-08,edgar/data/1531978/0000950170-22-003129.txt
"Nine Energy Service, Inc.",0001532286,NINE,,10-K,2022-03-08,edgar/data/1532286/0001532286-22-000006.txt
"Atreca, Inc.",0001532346,,,10-K,2022-03-03,edgar/data/1532346/0001558370-22-002785.txt
VANJIA CORP,0001532383,VNJA,,10-K,2022-03-11,edgar/data/1532383/0001017386-22-000066.txt
Sincerity Applied Materials Holdings Corp.,0001532595,SINC,,10-K,2022-03-30,edgar/data/1532595/0001683168-22-002088.txt
Power REIT,0001532619,PW-PA,,10-K,2022-03-31,edgar/data/1532619/0001493152-22-008519.txt
"NV5 Global, Inc.",0001532961,,,10-K,2022-03-01,edgar/data/1532961/0001628280-22-004406.txt
"Cryomass Technologies, Inc.",0001533030,,,10-K,2022-03-28,edgar/data/1533030/0001213900-22-015544.txt
Phio Pharmaceuticals Corp.,0001533040,PHIO,,10-K,2022-03-22,edgar/data/1533040/0001683168-22-001833.txt
Global Medical REIT Inc.,0001533615,GMRE-PB,,10-K,2022-03-01,edgar/data/1533615/0001558370-22-002518.txt
"Processa Pharmaceuticals, Inc.",0001533743,PCSA,,10-K,2022-03-30,edgar/data/1533743/0001493152-22-008156.txt
Hughes Satellite Systems Corp,0001533758,,,10-K,2022-02-24,edgar/data/1533758/0001533758-22-000003.txt
"CenterPoint Energy Transition Bond Co IV, LLC",0001533840,,,10-K,2022-03-25,edgar/data/1533840/0001193125-22-085188.txt
Amplify Energy Corp.,0001533924,AMPY,,10-K,2022-03-09,edgar/data/1533924/0001558370-22-003152.txt
DarioHealth Corp.,0001533998,DRIO,,10-K,2022-03-22,edgar/data/1533998/0001558370-22-004018.txt
"Avalo Therapeutics, Inc.",0001534120,AVTX,,10-K,2022-03-02,edgar/data/1534120/0001628280-22-004671.txt
"GRAYBUG VISION, INC.",0001534133,CALC,,10-K,2022-03-11,edgar/data/1534133/0001564590-22-009728.txt
Ipsidy Inc.,0001534154,AUID,,10-K,2022-03-22,edgar/data/1534154/0001213900-22-014214.txt
Chemomab Therapeutics Ltd.,0001534248,CMMB,,10-K,2022-03-30,edgar/data/1534248/0001178913-22-001304.txt
CION Investment Corp,0001534254,CICB,,10-K,2022-03-10,edgar/data/1534254/0001534254-22-000004.txt
PBF Energy Inc.,0001534504,PBF,,10-K,2022-02-17,edgar/data/1534504/0001534504-22-000007.txt
"Xenetic Biosciences, Inc.",0001534525,XBIO,,10-K,2022-03-22,edgar/data/1534525/0001683168-22-001839.txt
Tecnoglass Inc.,0001534675,TGLS,,10-K,2022-03-16,edgar/data/1534675/0001493152-22-006996.txt
Phillips 66,0001534701,PSX,,10-K,2022-02-18,edgar/data/1534701/0001534701-22-000078.txt
"Eastside Distilling, Inc.",0001534708,BLNE,,10-K,2022-03-30,edgar/data/1534708/0001493152-22-008172.txt
"SERA PROGNOSTICS, INC.",0001534969,SERA,,10-K,2022-03-29,edgar/data/1534969/0001534969-22-000034.txt
"Fiesta Restaurant Group, Inc.",0001534992,,,10-K,2022-03-10,edgar/data/1534992/0001534992-22-000007.txt
"CrowdStrike Holdings, Inc.",0001535527,CRWD,,10-K,2022-03-16,edgar/data/1535527/0001535527-22-000006.txt
"MSC INCOME FUND, INC.",0001535778,MSIF,,10-K,2022-03-14,edgar/data/1535778/0001558370-22-003575.txt
"Voya Financial, Inc.",0001535929,VOYA-PB,,10-K,2022-02-22,edgar/data/1535929/0001535929-22-000018.txt
Lipocine Inc.,0001535955,LPCN,,10-K,2022-03-09,edgar/data/1535955/0001493152-22-006353.txt
VIRTUAL INTERACTIVE TECHNOLOGIES CORP.,0001536089,,,10-K,2022-01-12,edgar/data/1536089/0001493152-22-001050.txt
UBS-Citigroup Commercial Mortgage Trust 2011-C1,0001536226,,,10-K,2022-03-29,edgar/data/1536226/0001020242-22-000103.txt
SLM Student Loan Trust 2012-1,0001536720,,,10-K,2022-03-31,edgar/data/1536720/0001140361-22-012153.txt
"Independence Contract Drilling, Inc.",0001537028,,,10-K,2022-03-15,edgar/data/1537028/0001537028-22-000007.txt
Gogo Inc.,0001537054,GOGO,,10-K,2022-03-03,edgar/data/1537054/0000950170-22-002778.txt
TECOGEN INC.,0001537435,TGEN,,10-K,2022-03-10,edgar/data/1537435/0001537435-22-000014.txt
"NexImmune, Inc.",0001538210,,,10-K,2022-03-09,edgar/data/1538210/0001538210-22-000008.txt
Oportun Financial Corp,0001538716,OPRT,,10-K,2022-03-01,edgar/data/1538716/0001538716-22-000019.txt
CrossAmerica Partners LP,0001538849,CAPL,,10-K,2022-03-01,edgar/data/1538849/0001564590-22-007821.txt
"Forma Therapeutics Holdings, Inc.",0001538927,,,10-K,2022-03-01,edgar/data/1538927/0000950170-22-002527.txt
STORE CAPITAL Corp,0001538990,,,10-K,2022-02-25,edgar/data/1538990/0001558370-22-002011.txt
"Clearside Biomedical, Inc.",0001539029,CLSDQ,,10-K,2022-03-11,edgar/data/1539029/0000950170-22-003468.txt
"Triumph Bancorp, Inc.",0001539638,TFIN-P,,10-K,2022-02-14,edgar/data/1539638/0001628280-22-002504.txt
AEP Texas Central Transition Funding III LLC,0001539816,,,10-K,2022-03-25,edgar/data/1539816/0001539816-22-000006.txt
"Diamondback Energy, Inc.",0001539838,FANG,,10-K,2022-02-24,edgar/data/1539838/0001539838-22-000008.txt
"Atlas Financial Holdings, Inc.",0001539894,,,10-K,2022-03-31,edgar/data/1539894/0001539894-22-000011.txt
"Brazil Minerals, Inc.",0001540684,ATLX,,10-K,2022-03-25,edgar/data/1540684/0001493152-22-007760.txt
"Anaplan, Inc.",0001540755,,,10-K,2022-03-23,edgar/data/1540755/0001540755-22-000018.txt
SLM Student Loan Trust 2012-2,0001540960,,,10-K,2022-03-31,edgar/data/1540960/0001140361-22-012154.txt
"Sound Financial Bancorp, Inc.",0001541119,SFBC,,10-K,2022-03-15,edgar/data/1541119/0001541119-22-000013.txt
One 4 Art Ltd,0001541165,,,10-K,2022-03-08,edgar/data/1541165/0001829126-22-005496.txt
"Empire State Realty Trust, Inc.",0001541401,ESRT,,10-K,2022-02-25,edgar/data/1541401/0001628280-22-003942.txt
"RREEF Property Trust, Inc.",0001542447,,,10-K,2022-03-04,edgar/data/1542447/0001542447-22-000015.txt
Prosper Funding LLC,0001542574,,,10-K,2022-03-28,edgar/data/1542574/0001416265-22-000167.txt
COMM 2012-LC4 Mortgage Trust,0001543042,,,10-K,2022-03-24,edgar/data/1543042/0001020242-22-000098.txt
"Uber Technologies, Inc",0001543151,UBER,,10-K,2022-02-24,edgar/data/1543151/0001543151-22-000008.txt
Trilogy Metals Inc.,0001543418,TMQ,,10-K,2022-02-11,edgar/data/1543418/0001558370-22-001028.txt
"Nu-Med Plus, Inc.",0001543637,NUMD,,10-K,2022-03-31,edgar/data/1543637/0001548123-22-000038.txt
"ForgeRock, Inc.",0001543916,,,10-K,2022-03-09,edgar/data/1543916/0001543916-22-000016.txt
"Shepherd's Finance, LLC",0001544190,,,10-K,2022-03-10,edgar/data/1544190/0001493152-22-006495.txt
"TCG BDC, INC.",0001544206,CGBD,,10-K,2022-02-22,edgar/data/1544206/0001544206-22-000009.txt
"Tempest Therapeutics, Inc.",0001544227,TPST,,10-K,2022-03-29,edgar/data/1544227/0001628280-22-007717.txt
Freshworks Inc.,0001544522,FRSH,,10-K,2022-02-23,edgar/data/1544522/0001628280-22-003537.txt
UBS Commercial Mortgage Trust 2012-C1,0001544629,,,10-K,2022-03-17,edgar/data/1544629/0001020242-22-000055.txt
J.P. Morgan Chase Commercial Mortgage Securities Trust 2012-C6,0001545018,,,10-K,2022-03-14,edgar/data/1545018/0001888524-22-002889.txt
"Alexander & Baldwin, Inc.",0001545654,ALEX,,10-K,2022-02-25,edgar/data/1545654/0001545654-22-000008.txt
"Professional Diversity Network, Inc.",0001546296,IPDN,,10-K,2022-03-31,edgar/data/1546296/0001493152-22-008384.txt
"Bloomin' Brands, Inc.",0001546417,BLMN,,10-K,2022-02-23,edgar/data/1546417/0001546417-22-000006.txt
SLM Student Loan Trust 2012-3,0001546637,,,10-K,2022-03-31,edgar/data/1546637/0001140361-22-012155.txt
"Skkynet Cloud Systems, Inc.",0001546853,SKKY,,10-K,2022-01-26,edgar/data/1546853/0001477932-22-000442.txt
"Lument Finance Trust, Inc.",0001547546,LFT-PA,,10-K,2022-03-15,edgar/data/1547546/0001628280-22-006285.txt
"NMI Holdings, Inc.",0001547903,NMIH,,10-K,2022-02-16,edgar/data/1547903/0001547903-22-000060.txt
GS Mortgage Securities Trust 2012-GCJ7,0001548266,,,10-K,2022-03-10,edgar/data/1548266/0001888524-22-002728.txt
COMM 2012-CCRE1 Mortgage Trust,0001548599,,,10-K,2022-03-15,edgar/data/1548599/0001888524-22-002951.txt
"EKSO BIONICS HOLDINGS, INC.",0001549084,EKSO,,10-K,2022-02-24,edgar/data/1549084/0001549084-22-000006.txt
"BLUE BIOFUELS, INC.",0001549145,BIOF,,10-K,2022-02-25,edgar/data/1549145/0001493152-22-005446.txt
"Shutterstock, Inc.",0001549346,SSTK,,10-K,2022-02-10,edgar/data/1549346/0001549346-22-000008.txt
"Nurix Therapeutics, Inc.",0001549595,NRIX,,10-K,2022-01-28,edgar/data/1549595/0001564590-22-003007.txt
"Summit Midstream Partners, LP",0001549922,,,10-K,2022-02-28,edgar/data/1549922/0001549922-22-000008.txt
Silvercrest Asset Management Group Inc.,0001549966,SAMG,,10-K,2022-03-02,edgar/data/1549966/0000950170-22-002690.txt
eWELLNESS HEALTHCARE Corp,0001550020,,,10-K,2022-03-31,edgar/data/1550020/0001493152-22-008404.txt
WFRBS Commercial Mortgage Trust 2012-C7,0001550120,,,10-K,2022-03-22,edgar/data/1550120/0001888524-22-003243.txt
J.P. Morgan Chase Commercial Mortgage Securities Trust 2012-CIBX,0001550221,,,10-K,2022-03-14,edgar/data/1550221/0001888524-22-002872.txt
TriLinc Global Impact Fund LLC,0001550453,TRLC,,10-K,2022-03-30,edgar/data/1550453/0001564590-22-012512.txt
"MALVERN BANCORP, INC.",0001550603,,,10-K,2022-01-10,edgar/data/1550603/0001564590-22-000790.txt
Performant Financial Corp,0001550695,,,10-K,2022-03-16,edgar/data/1550695/0001550695-22-000015.txt
AbbVie Inc.,0001551152,ABBV,,10-K,2022-02-18,edgar/data/1551152/0001551152-22-000007.txt
Eaton Corp plc,0001551182,ETN,,10-K,2022-02-23,edgar/data/1551182/0001551182-22-000004.txt
SLM Student Loan Trust 2012-5,0001551271,,,10-K,2022-03-31,edgar/data/1551271/0001140361-22-012156.txt
"Progyny, Inc.",0001551306,PGNY,,10-K,2022-03-01,edgar/data/1551306/0001558370-22-002466.txt
"Sientra, Inc.",0001551693,,,10-K,2022-03-31,edgar/data/1551693/0000950170-22-005233.txt
DUESENBERG TECHNOLOGIES INC.,0001551887,,,10-K,2022-02-15,edgar/data/1551887/0001393905-22-000041.txt
Stellus Capital Investment Corp,0001551901,SCM,,10-K,2022-03-01,edgar/data/1551901/0001104659-22-028798.txt
"9 METERS BIOPHARMA, INC.",0001551986,,,10-K,2022-03-23,edgar/data/1551986/0001551986-22-000030.txt
MPLX LP,0001552000,MPLXP,,10-K,2022-02-24,edgar/data/1552000/0001552000-22-000007.txt
TransUnion,0001552033,TRU,,10-K,2022-02-22,edgar/data/1552033/0001552033-22-000008.txt
Barclays Dryrock Issuance Trust,0001552111,,,10-K,2022-03-25,edgar/data/1552111/0001208646-22-000015.txt
"PANACEA LIFE SCIENCES HOLDINGS, INC.",0001552189,PLSH,,10-K,2022-03-31,edgar/data/1552189/0001493152-22-008215.txt
"WhiteHorse Finance, Inc.",0001552198,WHFCL,,10-K,2022-03-04,edgar/data/1552198/0001558370-22-002859.txt
Sunoco LP,0001552275,SUN,,10-K,2022-02-18,edgar/data/1552275/0001552275-22-000019.txt
Morgan Stanley Bank of America Merrill Lynch Trust 2012-C5,0001552327,,,10-K,2022-03-28,edgar/data/1552327/0001853620-22-000116.txt
UBS-Barclays Commercial Mortgage Trust 2012-C2,0001552328,,,10-K,2022-03-21,edgar/data/1552328/0001853620-22-000069.txt
CNH Industrial Capital LLC,0001552493,,,10-K,2022-03-01,edgar/data/1552493/0001558370-22-002550.txt
UNIVERSAL GLOBAL HUB INC.,0001552743,,,10-K,2022-03-31,edgar/data/1552743/0001213900-22-016539.txt
"Delek Logistics Partners, LP",0001552797,DKL,,10-K,2022-02-25,edgar/data/1552797/0001552797-22-000012.txt
"TILE SHOP HOLDINGS, INC.",0001552800,TTSH,,10-K,2022-03-03,edgar/data/1552800/0001552800-22-000004.txt
CyrusOne Inc.,0001553023,,,10-K,2022-02-17,edgar/data/1553023/0001553023-22-000009.txt
"Empire State Realty OP, L.P.",0001553079,OGCP,,10-K,2022-02-25,edgar/data/1553079/0001628280-22-003947.txt
"RELMADA THERAPEUTICS, INC.",0001553643,RLMD,,10-K,2022-03-25,edgar/data/1553643/0001213900-22-015012.txt
"SPLASH BEVERAGE GROUP, INC.",0001553788,SBEVW,,10-K,2022-03-31,edgar/data/1553788/0001731122-22-000639.txt
WFRBS COMMERCIAL MORTGAGE TRUST 2012-C8,0001553817,,,10-K,2022-03-14,edgar/data/1553817/0001888524-22-002878.txt
COMM 2012-CCRE2 Mortgage Trust,0001554776,,,10-K,2022-03-09,edgar/data/1554776/0001888524-22-002599.txt
AUDDIA INC.,0001554818,AUUDW,,10-K,2022-02-17,edgar/data/1554818/0001683168-22-001112.txt
"Semler Scientific, Inc.",0001554859,,,10-K,2022-03-04,edgar/data/1554859/0001554859-22-000008.txt
Altisource Asset Management Corp,0001555074,,,10-K,2022-03-31,edgar/data/1555074/0001555074-22-000018.txt
908 Devices Inc.,0001555279,MASS,,10-K,2022-03-11,edgar/data/1555279/0001558370-22-003363.txt
Zoetis Inc.,0001555280,ZTS,,10-K,2022-02-15,edgar/data/1555280/0001555280-22-000078.txt
UBS-Barclays Commercial Mortgage Trust 2012-C3,0001555902,,,10-K,2022-03-16,edgar/data/1555902/0001020242-22-000048.txt
SLM Student Loan Trust 2012-6,0001556107,,,10-K,2022-03-31,edgar/data/1556107/0001140361-22-012157.txt
"Syros Pharmaceuticals, Inc.",0001556263,SYRS,,10-K,2022-03-15,edgar/data/1556263/0001564590-22-010214.txt
"TD Holdings, Inc.",0001556266,,,10-K,2022-03-16,edgar/data/1556266/0001213900-22-012961.txt
COMM 2012-CCRE3 Mortgage Trust,0001556487,,,10-K,2022-03-17,edgar/data/1556487/0001020242-22-000065.txt
New Residential Investment Corp.,0001556593,RITM-PD,,10-K,2022-02-17,edgar/data/1556593/0001556593-22-000008.txt
Wells Fargo Commercial Mortgage Trust 2012-LC5,0001556601,,,10-K,2022-03-15,edgar/data/1556601/0001888524-22-002941.txt
First Northwest Bancorp,0001556727,FNWB,,10-K,2022-03-18,edgar/data/1556727/0001437749-22-006713.txt
"Thryv Holdings, Inc.",0001556739,THRY,,10-K,2022-03-15,edgar/data/1556739/0001628280-22-006158.txt
Citigroup Commercial Mortgage Trust 2012-GC8,0001556811,,,10-K,2022-03-31,edgar/data/1556811/0001564590-22-012910.txt
"Techpoint, Inc.",0001556898,,,10-K,2022-03-11,edgar/data/1556898/0001564590-22-009800.txt
J.P. Morgan Chase Commercial Mortgage Securities Trust 2012-C8,0001556965,,,10-K,2022-03-17,edgar/data/1556965/0001888524-22-003189.txt
"UserTesting, Inc.",0001557127,,,10-K,2022-03-04,edgar/data/1557127/0001557127-22-000018.txt
"Organicell Regenerative Medicine, Inc.",0001557376,ZEOX,,10-K,2022-02-14,edgar/data/1557376/0001829126-22-003605.txt
"Aclaris Therapeutics, Inc.",0001557746,ACRS,,10-K,2022-02-24,edgar/data/1557746/0001558370-22-001838.txt
WFRBS Commercial Mortgage Trust 2012-C9,0001557805,,,10-K,2022-03-14,edgar/data/1557805/0001888524-22-002884.txt
Morgan Stanley Bank of America Merrill Lynch Trust 2012-C6,0001558013,,,10-K,2022-03-29,edgar/data/1558013/0001888524-22-003535.txt
CORPORATE PROPERTY ASSOCIATES 18 GLOBAL INC,0001558235,,,10-K,2022-02-25,edgar/data/1558235/0001558235-22-000007.txt
"PETROGRESS, INC",0001558465,,,10-K,2022-03-30,edgar/data/1558465/0001437749-22-007671.txt
COMM 2012-CCRE4 Mortgage Trust,0001558546,,,10-K,2022-03-21,edgar/data/1558546/0001888524-22-003211.txt
iSpecimen Inc.,0001558569,ISPC,,10-K,2022-03-22,edgar/data/1558569/0001558370-22-004077.txt
Arcimoto Inc,0001558583,,,10-K,2022-03-31,edgar/data/1558583/0001213900-22-016925.txt
PROTHENA CORP PUBLIC LTD CO,0001559053,PRTA,,10-K,2022-02-25,edgar/data/1559053/0001559053-22-000008.txt
"Immune Therapeutics, Inc.",0001559356,,,10-K,2022-03-18,edgar/data/1559356/0001493152-22-007249.txt
UBS-Barclays Commercial Mortgage Trust 2012-C4,0001559450,,,10-K,2022-03-21,edgar/data/1559450/0001853620-22-000074.txt
"Resource REIT, Inc.",0001559484,,,10-K,2022-03-25,edgar/data/1559484/0000950170-22-004631.txt
"Airbnb, Inc.",0001559720,ABNB,,10-K,2022-02-25,edgar/data/1559720/0001559720-22-000006.txt
SLM Student Loan Trust 2012-7,0001559856,,,10-K,2022-03-31,edgar/data/1559856/0001140361-22-012158.txt
"EVERTEC, Inc.",0001559865,EVTC,,10-K,2022-02-25,edgar/data/1559865/0001559865-22-000007.txt
"G1 Therapeutics, Inc.",0001560241,,,10-K,2022-02-23,edgar/data/1560241/0001564590-22-006299.txt
"electroCore, Inc.",0001560258,ECOR,,10-K,2022-03-10,edgar/data/1560258/0001213900-22-011615.txt
"Rapid7, Inc.",0001560327,RPD,,10-K,2022-02-24,edgar/data/1560327/0001560327-22-000026.txt
Liberty Media Corp,0001560385,FWONB,,10-K,2022-02-25,edgar/data/1560385/0001558370-22-002199.txt
Texas Republic Capital Corp,0001560452,,,10-K,2022-03-24,edgar/data/1560452/0001185185-22-000319.txt
GS Mortgage Securities Trust 2012-GCJ9,0001560456,,,10-K,2022-03-24,edgar/data/1560456/0001853620-22-000098.txt
Ellington Residential Mortgage REIT,0001560672,EARN,,10-K,2022-03-11,edgar/data/1560672/0001560672-22-000014.txt
"Healthcare Trust, Inc.",0001561032,NHPBP,,10-K,2022-03-18,edgar/data/1561032/0001561032-22-000002.txt
Sequoia Mortgage Trust 2012-6,0001561167,,,10-K,2022-03-30,edgar/data/1561167/0001564590-22-012555.txt
"Datadog, Inc.",0001561550,DDOG,,10-K,2022-02-25,edgar/data/1561550/0001561550-22-000009.txt
MASTEC INC,0000015615,MTZ,,10-K,2022-03-01,edgar/data/15615/0000015615-22-000011.txt
"Tri Pointe Homes, Inc.",0001561680,TPH,,10-K,2022-02-18,edgar/data/1561680/0001561680-22-000009.txt
WFRBS Commercial Mortgage Trust 2012-C10,0001561726,,,10-K,2022-03-16,edgar/data/1561726/0001888524-22-003141.txt
COMM 2012-CCRE5 Mortgage Trust,0001561727,,,10-K,2022-03-08,edgar/data/1561727/0001888524-22-002567.txt
"Legacy Education Alliance, Inc.",0001561880,,,10-K,2022-03-31,edgar/data/1561880/0001493152-22-008451.txt
"Hannon Armstrong Sustainable Infrastructure Capital, Inc.",0001561894,HASI,,10-K,2022-02-22,edgar/data/1561894/0001561894-22-000008.txt
"TELA Bio, Inc.",0001561921,TELA,,10-K,2022-03-23,edgar/data/1561921/0001558370-22-004151.txt
"Duolingo, Inc.",0001562088,DUOL,,10-K,2022-03-04,edgar/data/1562088/0001562088-22-000039.txt
"Crimson Wine Group, Ltd",0001562151,CWGL,,10-K,2022-03-10,edgar/data/1562151/0001562151-22-000007.txt
American Homes 4 Rent,0001562401,AMH-PG,,10-K,2022-02-25,edgar/data/1562401/0001562401-22-000039.txt
First Internet Bancorp,0001562463,INBKZ,,10-K,2022-03-15,edgar/data/1562463/0001562463-22-000039.txt
Taylor Morrison Home Corp,0001562476,TMHC,,10-K,2022-02-23,edgar/data/1562476/0001628280-22-003466.txt
"Franklin BSP Realty Trust, Inc.",0001562528,FBRT-PE,,10-K,2022-02-25,edgar/data/1562528/0001562528-22-000007.txt
J.P. Morgan Chase Commercial Mortgage Securities Trust 2012-LC9,0001563166,,,10-K,2022-03-17,edgar/data/1563166/0001888524-22-003177.txt
"Compass, Inc.",0001563190,COMP,,10-K,2022-02-28,edgar/data/1563190/0001193125-22-058265.txt
"Galera Therapeutics, Inc.",0001563577,GRTX,,10-K,2022-03-10,edgar/data/1563577/0000950170-22-003292.txt
"Biostage, Inc.",0001563665,HRGN,,10-K,2022-03-31,edgar/data/1563665/0001558370-22-004945.txt
"Lightstone Value Plus REIT III, Inc.",0001563756,,,10-K,2022-03-28,edgar/data/1563756/0001829126-22-006820.txt
"Trevi Therapeutics, Inc.",0001563880,TRVI,,10-K,2022-03-17,edgar/data/1563880/0001564590-22-010875.txt
Greenbacker Renewable Energy Co LLC,0001563922,,,10-K,2022-03-30,edgar/data/1563922/0001563922-22-000005.txt
Morgan Stanley Bank of America Merrill Lynch Trust 2013-C7,0001564347,,,10-K,2022-03-28,edgar/data/1564347/0001853620-22-000117.txt
"Oak Street Health, Inc.",0001564406,,,10-K,2022-02-28,edgar/data/1564406/0001564590-22-007694.txt
Snap Inc,0001564408,SNAP,,10-K,2022-02-04,edgar/data/1564408/0001564590-22-003868.txt
"Independent Bank Group, Inc.",0001564618,,,10-K,2022-02-25,edgar/data/1564618/0001564618-22-000049.txt
Allakos Inc.,0001564824,,,10-K,2022-03-01,edgar/data/1564824/0000950170-22-002542.txt
"SeaWorld Entertainment, Inc.",0001564902,PRKS,,10-K,2022-02-28,edgar/data/1564902/0001564590-22-007356.txt
Sequoia Mortgage Trust 2013-2,0001564968,,,10-K,2022-03-30,edgar/data/1564968/0001564590-22-012558.txt
Gulf Coast Ultra Deep Royalty Trust,0001565146,GULTU,,10-K,2022-03-22,edgar/data/1565146/0001565146-22-000005.txt
"Vislink Technologies, Inc.",0001565228,VISL,,10-K,2022-03-31,edgar/data/1565228/0001493152-22-008597.txt
SLM Student Loan Trust 2013-1,0001565531,,,10-K,2022-03-31,edgar/data/1565531/0001140361-22-012159.txt
PBF Holding Co LLC,0001566011,,,10-K,2022-03-02,edgar/data/1566011/0001566011-22-000004.txt
VYNE Therapeutics Inc.,0001566044,VYNE,,10-K,2022-03-17,edgar/data/1566044/0001628280-22-006545.txt
COMM 2013-LC6 Mortgage Trust,0001566052,,,10-K,2022-03-14,edgar/data/1566052/0001888524-22-002849.txt
GS Mortgage Securities Trust 2013-GC10,0001566053,,,10-K,2022-03-22,edgar/data/1566053/0001888524-22-003226.txt
PBF Finance Corp,0001566097,,,10-K,2022-03-02,edgar/data/1566097/0001566011-22-000004.txt
COMM 2013-CCRE6 Mortgage Trust,0001566140,,,10-K,2022-03-16,edgar/data/1566140/0001020242-22-000051.txt
Arax Holdings Corp,0001566243,,,10-K,2022-02-07,edgar/data/1566243/0001753926-22-000159.txt
"F-star Therapeutics, Inc.",0001566373,,,10-K,2022-03-15,edgar/data/1566373/0000950170-22-003650.txt
"NantHealth, Inc.",0001566469,,,10-K,2022-02-25,edgar/data/1566469/0001566469-22-000013.txt
WFRBS Commercial Mortgage Trust 2013-C11,0001566543,,,10-K,2022-03-21,edgar/data/1566543/0001888524-22-003209.txt
UBS-Barclays Commercial Mortgage Trust 2013-C5,0001566544,,,10-K,2022-03-16,edgar/data/1566544/0001020242-22-000052.txt
"Verb Technology Company, Inc.",0001566610,TONX,,10-K,2022-03-31,edgar/data/1566610/0001493152-22-008470.txt
"HEMISPHERE MEDIA GROUP, INC.",0001567345,,,10-K,2022-03-16,edgar/data/1567345/0001104659-22-034535.txt
"Intra-Cellular Therapies, Inc.",0001567514,,,10-K,2022-03-01,edgar/data/1567514/0001193125-22-059849.txt
MORGAN STANLEY BANK OF AMERICA MERRILL LYNCH TRUST 2013-C8,0001567572,,,10-K,2022-03-14,edgar/data/1567572/0001888524-22-002891.txt
"Clearway Energy, Inc.",0001567683,CWEN-A,,10-K,2022-02-28,edgar/data/1567683/0001567683-22-000006.txt
Mallinckrodt plc,0001567892,,,10-K,2022-03-15,edgar/data/1567892/0001567892-22-000007.txt
BLACKBOXSTOCKS INC.,0001567900,BLBX,,10-K,2022-03-31,edgar/data/1567900/0001437749-22-007867.txt
"Sila Realty Trust, Inc.",0001567925,SILA,,10-K,2022-03-29,edgar/data/1567925/0001567925-22-000015.txt
Sequoia Mortgage Trust 2013-3,0001567958,,,10-K,2022-03-30,edgar/data/1567958/0001564590-22-012553.txt
"PagerDuty, Inc.",0001568100,PD,,10-K,2022-03-17,edgar/data/1568100/0001568100-22-000014.txt
Bio-En Holdings Corp.,0001568139,,,10-K,2022-03-31,edgar/data/1568139/0001410578-22-000755.txt
"Necessity Retail REIT, Inc.",0001568162,,,10-K,2022-02-24,edgar/data/1568162/0001568162-22-000008.txt
"Oscar Health, Inc.",0001568651,OSCR,,10-K,2022-02-25,edgar/data/1568651/0001568651-22-000011.txt
"Armada Hoffler Properties, Inc.",0001569187,AHH-PA,,10-K,2022-02-24,edgar/data/1569187/0001569187-22-000008.txt
WFRBS COMMERCIAL MORTGAGE TRUST 2013-C12,0001569414,,,10-K,2022-03-15,edgar/data/1569414/0001888524-22-003001.txt
J.P. Morgan Chase Commercial Mortgage Securities Trust 2013-C10,0001569455,,,10-K,2022-03-18,edgar/data/1569455/0001888524-22-003203.txt
"Waterstone Financial, Inc.",0001569994,WSBF,,10-K,2022-02-28,edgar/data/1569994/0001569994-22-000010.txt
Sequoia Mortgage Trust 2013-4,0001570440,,,10-K,2022-03-30,edgar/data/1570440/0001564590-22-012552.txt
"Evolus, Inc.",0001570562,EOLS,,10-K,2022-03-03,edgar/data/1570562/0001570562-22-000067.txt
Liberty Global plc,0001570585,LBTYK,,10-K,2022-02-17,edgar/data/1570585/0001570585-22-000038.txt
"Victory Capital Holdings, Inc.",0001570827,VCTR,,10-K,2022-03-14,edgar/data/1570827/0001564590-22-010087.txt
Science Applications International Corp,0001571123,SAIC,,10-K,2022-03-28,edgar/data/1571123/0001571123-22-000007.txt
COMM 2013-CCRE7 Mortgage Trust,0001571236,,,10-K,2022-03-15,edgar/data/1571236/0001888524-22-002986.txt
Morgan Stanley Bank of America Merrill Lynch Trust 2013-C9,0001571237,,,10-K,2022-03-28,edgar/data/1571237/0001888524-22-003527.txt
UBS-Barclays Commercial Mortgage Trust 2013-C6,0001571238,,,10-K,2022-03-21,edgar/data/1571238/0001853620-22-000073.txt
"Rexford Industrial Realty, Inc.",0001571283,REXR-PC,,10-K,2022-02-17,edgar/data/1571283/0001571283-22-000006.txt
Logan Ridge Finance Corp.,0001571329,,,10-K,2022-03-14,edgar/data/1571329/0000950170-22-003584.txt
"Summit Materials, LLC",0001571371,,,10-K,2022-02-24,edgar/data/1571371/0001628280-22-003781.txt
"Sunnyside Bancorp, Inc.",0001571398,,,10-K,2022-03-30,edgar/data/1571398/0001493152-22-008199.txt
"Epizyme, Inc.",0001571498,,,10-K,2022-03-01,edgar/data/1571498/0000950170-22-002552.txt
Cherry Hill Mortgage Investment Corp,0001571776,CHMI-PA,,10-K,2022-03-15,edgar/data/1571776/0001140361-22-009584.txt
GREEN VISION BIOTECHNOLOGY CORP.,0001571804,,,10-K,2022-03-31,edgar/data/1571804/0001640334-22-000664.txt
"Synaptogenix, Inc.",0001571934,TAOX,,10-K,2022-03-29,edgar/data/1571934/0001410578-22-000610.txt
"Intercontinental Exchange, Inc.",0001571949,ICE,,10-K,2022-02-03,edgar/data/1571949/0001571949-22-000006.txt
Dell Technologies Inc.,0001571996,DELL,,10-K,2022-03-24,edgar/data/1571996/0001571996-22-000009.txt
Virginia National Bankshares Corp,0001572334,VABK,,10-K,2022-03-25,edgar/data/1572334/0000950170-22-004667.txt
Phoenix Rising Companies,0001572384,,,10-K,2022-03-31,edgar/data/1572384/0001640334-22-000686.txt
WFRBS Commercial Mortgage Trust 2013-C13,0001572493,,,10-K,2022-03-11,edgar/data/1572493/0001888524-22-002764.txt
Indoor Harvest Corp,0001572565,,,10-K,2022-03-31,edgar/data/1572565/0001493152-22-008379.txt
"Goldman Sachs BDC, Inc.",0001572694,GSBD,,10-K,2022-02-24,edgar/data/1572694/0000950170-22-001971.txt
PHILLIPS 66 PARTNERS LP,0001572910,,,10-K,2022-02-18,edgar/data/1572910/0001572910-22-000010.txt
SLM Student Loan Trust 2013-2,0001572987,,,10-K,2022-03-31,edgar/data/1572987/0001140361-22-012160.txt
"TheRealReal, Inc.",0001573221,REAL,,10-K,2022-02-28,edgar/data/1573221/0001573221-22-000041.txt
TE Funding LLC,0001573279,,,10-K,2022-03-25,edgar/data/1573279/0001578443-22-000007.txt
CEI Funding LLC,0001573334,,,10-K,2022-03-25,edgar/data/1573334/0001578443-22-000007.txt
OE Funding LLC,0001573352,,,10-K,2022-03-25,edgar/data/1573352/0001578443-22-000007.txt
Murphy USA Inc.,0001573516,MUSA,,10-K,2022-02-17,edgar/data/1573516/0001573516-22-000006.txt
Citigroup Commercial Mortgage Trust 2013-GCJ11,0001573946,,,10-K,2022-03-31,edgar/data/1573946/0001564590-22-012926.txt
Braemar Hotels & Resorts Inc.,0001574085,BHR-PD,,10-K,2022-03-10,edgar/data/1574085/0001574085-22-000032.txt
"RenovoRx, Inc.",0001574094,RNXT,,10-K,2022-03-30,edgar/data/1574094/0001493152-22-008080.txt
"Five Point Holdings, LLC",0001574197,FPH,,10-K,2022-03-11,edgar/data/1574197/0001574197-22-000016.txt
J.P. Morgan Chase Commercial Mortgage Securities Trust 2013-LC11,0001574219,,,10-K,2022-03-11,edgar/data/1574219/0001888524-22-002843.txt
"Pulmatrix, Inc.",0001574235,PULM,,10-K,2022-03-29,edgar/data/1574235/0001493152-22-007957.txt
Physicians Realty Trust,0001574540,,,10-K,2022-02-24,edgar/data/1574540/0001574540-22-000042.txt
Sequoia Mortgage Trust 2013-6,0001574593,,,10-K,2022-03-30,edgar/data/1574593/0001564590-22-012557.txt
"ATEL 16, LLC",0001575048,,,10-K,2022-03-18,edgar/data/1575048/0001558370-22-003899.txt
Sisecam Resources LP,0001575051,,,10-K,2022-03-15,edgar/data/1575051/0001575051-22-000004.txt
SLM Student Loan Trust 2013-3,0001575098,,,10-K,2022-03-31,edgar/data/1575098/0001140361-22-012161.txt
"BIOADAPTIVES, INC.",0001575142,BDPT,,10-K,2022-03-31,edgar/data/1575142/0001640334-22-000689.txt
GS Mortgage Securities Trust 2013-GCJ12,0001575190,,,10-K,2022-03-15,edgar/data/1575190/0001888524-22-003067.txt
Brookfield DTLA Fund Office Trust Investor Inc.,0001575311,DTLAP,,10-K,2022-03-24,edgar/data/1575311/0001575311-22-000004.txt
"Vericity, Inc.",0001575434,,,10-K,2022-03-31,edgar/data/1575434/0000950170-22-005190.txt
"Sprouts Farmers Market, Inc.",0001575515,SFM,,10-K,2022-02-24,edgar/data/1575515/0000950170-22-001976.txt
"Rapid Therapeutic Science Laboratories, Inc.",0001575659,RTSL,,10-K,2022-03-16,edgar/data/1575659/0001393905-22-000069.txt
COMM 2013-CCRE8 Mortgage Trust,0001575686,,,10-K,2022-03-17,edgar/data/1575686/0001020242-22-000064.txt
Energous Corp,0001575793,WATT,,10-K,2022-03-23,edgar/data/1575793/0001564590-22-011415.txt
EXPRO GROUP HOLDINGS N.V.,0001575828,XPRO,,10-K,2022-03-08,edgar/data/1575828/0001437749-22-005566.txt
PureBase Corp,0001575858,PUBC,,10-K,2022-03-15,edgar/data/1575858/0001493152-22-006914.txt
"Gaming & Leisure Properties, Inc.",0001575965,GLPI,,10-K,2022-02-24,edgar/data/1575965/0001575965-22-000005.txt
SiriusPoint Ltd,0001576018,SSPFF,,10-K,2022-03-01,edgar/data/1576018/0001576018-22-000021.txt
WFRBS Commercial Mortgage Trust 2013-C14,0001576047,,,10-K,2022-03-10,edgar/data/1576047/0001888524-22-002692.txt
"Benefitfocus, Inc.",0001576169,,,10-K,2022-03-04,edgar/data/1576169/0001564590-22-008597.txt
"Mirati Therapeutics, Inc.",0001576263,,,10-K,2022-02-28,edgar/data/1576263/0001628280-22-004246.txt
"Guardant Health, Inc.",0001576280,GH,,10-K,2022-02-24,edgar/data/1576280/0001576280-22-000015.txt
Criteo S.A.,0001576427,CRTO,,10-K,2022-02-25,edgar/data/1576427/0001576427-22-000009.txt
Sequoia Mortgage Trust 2013-7,0001576709,,,10-K,2022-03-30,edgar/data/1576709/0001564590-22-012559.txt
"Acumen Pharmaceuticals, Inc.",0001576885,ABOS,,10-K,2022-03-28,edgar/data/1576885/0001193125-22-086775.txt
"Century Communities, Inc.",0001576940,CCS,,10-K,2022-02-03,edgar/data/1576940/0001576940-22-000006.txt
"Terra Income Fund 6, Inc.",0001577134,TFSA,,10-K,2022-03-30,edgar/data/1577134/0001577134-22-000007.txt
"Retail Opportunity Investments Partnership, LP",0001577230,,,10-K,2022-02-17,edgar/data/1577230/0001407623-22-000049.txt
Sequoia Mortgage Trust 2013-8,0001577310,,,10-K,2022-03-30,edgar/data/1577310/0001564590-22-012556.txt
Morgan Stanley Bank of America Merrill Lynch Trust 2013-C10,0001577311,,,10-K,2022-03-28,edgar/data/1577311/0001888524-22-003510.txt
ScoutCam Inc.,0001577445,ODYS,,10-K,2022-03-30,edgar/data/1577445/0001493152-22-008167.txt
JPMBB Commercial Mortgage Securities Trust 2013-C12,0001577545,,,10-K,2022-03-10,edgar/data/1577545/0001888524-22-002698.txt
Ladder Capital Corp,0001577670,LADR,,10-K,2022-02-14,edgar/data/1577670/0001577670-22-000005.txt
APEX 11 INC.,0001578329,,,10-K,2022-03-31,edgar/data/1578329/0001185185-22-000345.txt
GS Mortgage Securities Trust 2013-GC13,0001578422,,,10-K,2022-03-24,edgar/data/1578422/0001853620-22-000099.txt
WFRBS Commercial Mortgage Trust 2013-C15,0001578423,,,10-K,2022-03-11,edgar/data/1578423/0001888524-22-002766.txt
FirstEnergy Ohio PIRB Special Purpose Trust 2013,0001578443,,,10-K,2022-03-25,edgar/data/1578443/0001578443-22-000007.txt
COMM 2013-CCRE9 Mortgage Trust,0001578533,,,10-K,2022-03-17,edgar/data/1578533/0001020242-22-000068.txt
"Marcus & Millichap, Inc.",0001578732,MMI,,10-K,2022-03-01,edgar/data/1578732/0001193125-22-060189.txt
"Emerald Holding, Inc.",0001579214,EEX,,10-K,2022-02-24,edgar/data/1579214/0001564590-22-006683.txt
Allegion plc,0001579241,ALLE,,10-K,2022-02-15,edgar/data/1579241/0001579241-22-000019.txt
"Burlington Stores, Inc.",0001579298,BURL,,10-K,2022-03-16,edgar/data/1579298/0000950170-22-003963.txt
J.P. Morgan Chase Commercial Mortgage Securities Trust 2013-C13,0001579306,,,10-K,2022-03-17,edgar/data/1579306/0001888524-22-003181.txt
"Axsome Therapeutics, Inc.",0001579428,AXSM,,10-K,2022-03-01,edgar/data/1579428/0000950170-22-002568.txt
"Gannett Co., Inc.",0001579684,TDAY,,10-K,2022-02-24,edgar/data/1579684/0001579684-22-000010.txt
"Vital Farms, Inc.",0001579733,VITL,,10-K,2022-03-10,edgar/data/1579733/0001564590-22-009480.txt
OUTFRONT Media Inc.,0001579877,OUT,,10-K,2022-02-24,edgar/data/1579877/0001579877-22-000027.txt
Resonant Inc,0001579910,,,10-K,2022-03-14,edgar/data/1579910/0001579910-22-000005.txt
Wells Fargo Commercial Mortgage Trust 2013-LC12,0001580013,,,10-K,2022-03-09,edgar/data/1580013/0001888524-22-002617.txt
"PROGENITY, INC.",0001580063,,,10-K,2022-03-28,edgar/data/1580063/0000950170-22-004791.txt
Houghton Mifflin Harcourt Co,0001580156,,,10-K,2022-02-24,edgar/data/1580156/0001564590-22-006489.txt
TriplePoint Venture Growth BDC Corp.,0001580345,TPVG,,10-K,2022-03-02,edgar/data/1580345/0001580345-22-000004.txt
Flywire Corp,0001580560,FLYW,,10-K,2022-03-29,edgar/data/1580560/0000950170-22-004937.txt
"LGI Homes, Inc.",0001580670,LGIH,,10-K,2022-02-15,edgar/data/1580670/0001580670-22-000023.txt
"A10 Networks, Inc.",0001580808,ATEN,,10-K,2022-03-08,edgar/data/1580808/0001580808-22-000053.txt
"Vroom, Inc.",0001580864,VRMWW,,10-K,2022-03-01,edgar/data/1580864/0000950170-22-002352.txt
COMM 2013-CCRE10 Mortgage Trust,0001580891,,,10-K,2022-03-09,edgar/data/1580891/0001888524-22-002601.txt
"Installed Building Products, Inc.",0001580905,IBP,,10-K,2022-02-24,edgar/data/1580905/0001580905-22-000004.txt
Brixmor Property Group Inc.,0001581068,BRX,,10-K,2022-02-07,edgar/data/1581068/0001581068-22-000012.txt
"RE/MAX Holdings, Inc.",0001581091,RMAX,,10-K,2022-02-23,edgar/data/1581091/0001558370-22-001747.txt
"Energy 11, L.P.",0001581552,,,10-K,2022-03-16,edgar/data/1581552/0001185185-22-000284.txt
GS Mortgage Securities Trust 2013-GCJ14,0001581653,,,10-K,2022-03-18,edgar/data/1581653/0001888524-22-003195.txt
"Mid-America Apartments, L.P.",0001581776,,,10-K,2022-02-17,edgar/data/1581776/0000950170-22-001423.txt
"Terra Secured Income Fund 5, LLC",0001581874,,,10-K,2022-03-11,edgar/data/1581874/0001581874-22-000006.txt
PLAINS GP HOLDINGS LP,0001581990,PAGP,,10-K,2022-03-01,edgar/data/1581990/0001581990-22-000006.txt
Morgan Stanley Bank of America Merrill Lynch Trust 2013-C11,0001582037,,,10-K,2022-03-18,edgar/data/1582037/0001888524-22-003207.txt
SLM Student Loan Trust 2013-4,0001582081,,,10-K,2022-03-31,edgar/data/1582081/0001140361-22-012162.txt
Rasna Therapeutics Inc.,0001582249,,,10-K,2022-03-01,edgar/data/1582249/0001213900-22-010081.txt
Xenon Pharmaceuticals Inc.,0001582313,XENE,,10-K,2022-03-01,edgar/data/1582313/0001564590-22-008060.txt
"Matinas BioPharma Holdings, Inc.",0001582554,MTNB,,10-K,2022-03-08,edgar/data/1582554/0001493152-22-006231.txt
PBF Logistics LP,0001582568,,,10-K,2022-02-17,edgar/data/1582568/0001582568-22-000008.txt
JPMBB Commercial Mortgage Securities Trust 2013-C14,0001582605,,,10-K,2022-03-07,edgar/data/1582605/0001888524-22-002557.txt
"DigitalOcean Holdings, Inc.",0001582961,DOCN,,10-K,2022-02-25,edgar/data/1582961/0001582961-22-000010.txt
"CareCloud, Inc.",0001582982,CCLDO,,10-K,2022-03-14,edgar/data/1582982/0001493152-22-006785.txt
"Theravance Biopharma, Inc.",0001583107,TBPH,,10-K,2022-02-28,edgar/data/1583107/0001558370-22-002373.txt
"PIERIS PHARMACEUTICALS, INC.",0001583648,PVLA,,10-K,2022-03-02,edgar/data/1583648/0001583648-22-000016.txt
"OneMain Holdings, Inc.",0001584207,OMF,,10-K,2022-02-11,edgar/data/1584207/0001584207-22-000005.txt
COMM 2013-LC13 Mortgage Trust,0001584492,,,10-K,2022-03-17,edgar/data/1584492/0001020242-22-000074.txt
"Village Farms International, Inc.",0001584549,VFF,,10-K,2022-03-01,edgar/data/1584549/0001564590-22-008119.txt
SLM Student Loan Trust 2013-5,0001584747,,,10-K,2022-03-31,edgar/data/1584747/0001140361-22-012163.txt
Talis Biomedical Corp,0001584751,,,10-K,2022-03-15,edgar/data/1584751/0000950170-22-003779.txt
OXBRIDGE RE HOLDINGS Ltd,0001584831,OXBRW,,10-K,2022-03-30,edgar/data/1584831/0001654954-22-004186.txt
WFRBS Commercial Mortgage Trust 2013-C16,0001585067,,,10-K,2022-03-09,edgar/data/1585067/0001888524-22-002597.txt
"HINES GLOBAL INCOME TRUST, INC.",0001585101,,,10-K,2022-03-31,edgar/data/1585101/0001585101-22-000016.txt
PERRIGO Co plc,0001585364,PRGO,,10-K,2022-03-01,edgar/data/1585364/0001585364-22-000011.txt
"SmartStop Self Storage REIT, Inc.",0001585389,SSST,,10-K,2022-03-23,edgar/data/1585389/0000950170-22-004427.txt
"Zoom Video Communications, Inc.",0001585521,ZM,,10-K,2022-03-07,edgar/data/1585521/0001585521-22-000037.txt
"Del Taco Restaurants, Inc.",0001585583,,,10-K,2022-03-08,edgar/data/1585583/0001585583-22-000009.txt
"Jaguar Health, Inc.",0001585608,JAGX,,10-K,2022-03-11,edgar/data/1585608/0001558370-22-003435.txt
Citigroup Commercial Mortgage Trust 2013-GC15,0001585673,,,10-K,2022-03-31,edgar/data/1585673/0001564590-22-012920.txt
Hilton Worldwide Holdings Inc.,0001585689,HLT,,10-K,2022-02-16,edgar/data/1585689/0001585689-22-000013.txt
Prime Meridian Holding Co,0001586454,PMHG,,10-K,2022-03-10,edgar/data/1586454/0001437749-22-005796.txt
Target Group Inc.,0001586554,CBDY,,10-K,2022-03-18,edgar/data/1586554/0001410578-22-000428.txt
COMM 2013-CCRE11 Mortgage Trust,0001586883,,,10-K,2022-03-17,edgar/data/1586883/0001020242-22-000073.txt
Zosano Pharma Corp,0001587221,,,10-K,2022-03-17,edgar/data/1587221/0001587221-22-000022.txt
GS Mortgage Securities Trust 2013-GCJ16,0001587234,,,10-K,2022-03-22,edgar/data/1587234/0001853620-22-000079.txt
Morgan Stanley Bank of America Merrill Lynch Trust 2013-C12,0001587497,,,10-K,2022-03-29,edgar/data/1587497/0001888524-22-003531.txt
Knowles Corp,0001587523,KN,,10-K,2022-02-09,edgar/data/1587523/0001587523-22-000005.txt
Appalachian Consumer Rate Relief Funding LLC,0001587650,,,10-K,2022-03-25,edgar/data/1587650/0001587650-22-000008.txt
"ONE Gas, Inc.",0001587732,OGS,,10-K,2022-02-24,edgar/data/1587732/0001587732-22-000019.txt
WFRBS Commercial Mortgage Trust 2013-C17,0001587980,,,10-K,2022-03-11,edgar/data/1587980/0001888524-22-002774.txt
COMM 2013-CCRE12 Mortgage Trust,0001587981,,,10-K,2022-03-14,edgar/data/1587981/0001888524-22-002860.txt
Newtek Business Services Corp.,0001587987,NEWTO,,10-K,2022-03-01,edgar/data/1587987/0001587987-22-000010.txt
"ADM ENDEAVORS, INC.",0001588014,ADMQ,,10-K,2022-03-15,edgar/data/1588014/0001493152-22-006820.txt
JPMBB Commercial Mortgage Securities Trust 2013-C15,0001588251,,,10-K,2022-03-10,edgar/data/1588251/0001888524-22-002714.txt
Grayscale Bitcoin Trust (BTC),0001588489,GBTC,,10-K,2022-02-25,edgar/data/1588489/0001193125-22-053501.txt
"Recro Pharma, Inc.",0001588972,,,10-K,2022-03-01,edgar/data/1588972/0000950170-22-002545.txt
PROCEPT BioRobotics Corp,0001588978,PRCT,,10-K,2022-03-22,edgar/data/1588978/0001628280-22-006885.txt
"Gyrodyne, LLC",0001589061,GYRO,,10-K,2022-03-30,edgar/data/1589061/0001437749-22-007723.txt
SLM Student Loan Trust 2013-6,0001589224,,,10-K,2022-03-31,edgar/data/1589224/0001140361-22-012164.txt
Fortium Holdings Corp.,0001589361,,,10-K,2022-03-15,edgar/data/1589361/0001493152-22-006863.txt
WFRBS Commercial Mortgage Trust 2013-UBS1,0001589802,,,10-K,2022-03-21,edgar/data/1589802/0001888524-22-003221.txt
WFRBS Commercial Mortgage Trust 2013-C18,0001589803,,,10-K,2022-03-14,edgar/data/1589803/0001888524-22-002866.txt
COMM 2013-CCRE13 Mortgage Trust,0001589804,,,10-K,2022-03-18,edgar/data/1589804/0001020242-22-000076.txt
Citigroup Commercial Mortgage Trust 2013-GC17,0001590058,,,10-K,2022-03-31,edgar/data/1590058/0001564590-22-012901.txt
J.P. Morgan Chase Commercial Mortgage Securities Trust 2013-C16,0001590231,,,10-K,2022-03-14,edgar/data/1590231/0001888524-22-002888.txt
Fortress Transportation & Infrastructure Investors LLC,0001590364,FTAIN,,10-K,2022-02-28,edgar/data/1590364/0001590364-22-000002.txt
FOCUS UNIVERSAL INC.,0001590418,FCUV,,10-K,2022-03-08,edgar/data/1590418/0001683168-22-001523.txt
uniQure N.V.,0001590560,QURE,,10-K,2022-02-25,edgar/data/1590560/0001558370-22-002050.txt
Civeo Corp,0001590584,CVEO,,10-K,2022-02-28,edgar/data/1590584/0001590584-22-000011.txt
"TWINLAB CONSOLIDATED HOLDINGS, INC.",0001590695,,,10-K,2022-03-29,edgar/data/1590695/0001753926-22-000353.txt
Element Solutions Inc,0001590714,ESI,,10-K,2022-02-23,edgar/data/1590714/0001590714-22-000029.txt
American Resources Corp,0001590715,AREC,,10-K,2022-03-30,edgar/data/1590715/0001477932-22-001737.txt
"CareTrust REIT, Inc.",0001590717,CTRE,,10-K,2022-02-16,edgar/data/1590717/0001628280-22-002842.txt
"Viridian Therapeutics, Inc.\DE",0001590750,VRDN,,10-K,2022-03-11,edgar/data/1590750/0001590750-22-000004.txt
Morgan Stanley Bank of America Merrill Lynch Trust 2013-C13,0001590757,,,10-K,2022-03-28,edgar/data/1590757/0001888524-22-003512.txt
REGENXBIO Inc.,0001590877,RGNX,,10-K,2022-03-01,edgar/data/1590877/0001564590-22-008055.txt
"Caesars Entertainment, Inc.",0001590895,CZR,,10-K,2022-02-24,edgar/data/1590895/0001590895-22-000061.txt
"Paycom Software, Inc.",0001590955,PAYC,,10-K,2022-02-17,edgar/data/1590955/0001564590-22-005562.txt
"H-CYTE, INC.",0001591165,,,10-K,2022-02-25,edgar/data/1591165/0001493152-22-005486.txt
"BALLY, CORP.",0001591565,,,10-K,2022-01-06,edgar/data/1591565/0001640334-22-000024.txt
"AssetMark Financial Holdings, Inc.",0001591587,,,10-K,2022-03-10,edgar/data/1591587/0001564590-22-009667.txt
Farmland Partners Inc.,0001591670,FPI,,10-K,2022-03-01,edgar/data/1591670/0001558370-22-002442.txt
"FG Financial Group, Inc.",0001591890,FGNXP,,10-K,2022-03-30,edgar/data/1591890/0001493152-22-008162.txt
"Innovative Payment Solutions, Inc.",0001591913,IPSI,,10-K,2022-03-31,edgar/data/1591913/0001213900-22-016727.txt
"EnLink Midstream, LLC",0001592000,,,10-K,2022-02-16,edgar/data/1592000/0001592000-22-000006.txt
"AgroFresh Solutions, Inc.",0001592016,,,10-K,2022-03-09,edgar/data/1592016/0001592016-22-000020.txt
Enviva Inc.,0001592057,,,10-K,2022-03-04,edgar/data/1592057/0001592057-22-000005.txt
Party City Holdco Inc.,0001592058,,,10-K,2022-02-28,edgar/data/1592058/0000950170-22-002280.txt
"Virtu Financial, Inc.",0001592386,VIRT,,10-K,2022-02-18,edgar/data/1592386/0001592386-22-000041.txt
Endo International plc,0001593034,,,10-K,2022-03-01,edgar/data/1593034/0001593034-22-000012.txt
"Huaizhong Health Group, Inc.",0001593204,,,10-K,2022-01-26,edgar/data/1593204/0001640334-22-000182.txt
"City Office REIT, Inc.",0001593222,,,10-K,2022-02-25,edgar/data/1593222/0001193125-22-053348.txt
JPMBB Commercial Mortgage Securities Trust 2013-C17,0001593269,,,10-K,2022-03-21,edgar/data/1593269/0001888524-22-003217.txt
NAVIENT CORP,0001593538,JSM,,10-K,2022-02-25,edgar/data/1593538/0001564590-22-007182.txt
"PlayAGS, Inc.",0001593548,,,10-K,2022-03-10,edgar/data/1593548/0001437749-22-005866.txt
KANGE CORP,0001593773,,,10-K,2022-03-11,edgar/data/1593773/0001477932-22-001348.txt
"Atea Pharmaceuticals, Inc.",0001593899,AVIR,,10-K,2022-02-28,edgar/data/1593899/0001564590-22-007672.txt
"Investors Bancorp, Inc.",0001594012,,,10-K,2022-03-01,edgar/data/1594012/0001594012-22-000022.txt
COMM 2014-CCRE14 Mortgage Trust,0001594100,,,10-K,2022-03-18,edgar/data/1594100/0001020242-22-000079.txt
GS Mortgage Securities Trust 2014-GC18,0001594136,,,10-K,2022-03-10,edgar/data/1594136/0001888524-22-002732.txt
"HV Bancorp, Inc.",0001594555,,,10-K,2022-03-28,edgar/data/1594555/0001564590-22-011999.txt
SLM Student Loan Trust 2014-1,0001594688,,,10-K,2022-03-31,edgar/data/1594688/0001140361-22-012165.txt
"Corbus Pharmaceuticals Holdings, Inc.",0001595097,CRBP,,10-K,2022-03-08,edgar/data/1595097/0000950170-22-003145.txt
"Genprex, Inc.",0001595248,GNPX,,10-K,2022-03-30,edgar/data/1595248/0001437749-22-007680.txt
"New York City REIT, Inc.",0001595527,NYC,,10-K,2022-03-18,edgar/data/1595527/0001595527-22-000007.txt
"Tricida, Inc.",0001595585,,,10-K,2022-03-29,edgar/data/1595585/0001595585-22-000028.txt
Morgan Stanley Bank of America Merrill Lynch Trust 2014-C14,0001595710,,,10-K,2022-03-28,edgar/data/1595710/0001888524-22-003520.txt
COMM 2014-CCRE15 Mortgage Trust,0001595726,,,10-K,2022-03-16,edgar/data/1595726/0001888524-22-003167.txt
"Turning Point Therapeutics, Inc.",0001595893,,,10-K,2022-02-28,edgar/data/1595893/0000950170-22-002302.txt
"MAGNITE, INC.",0001595974,MGNI,,10-K,2022-02-23,edgar/data/1595974/0001595974-22-000010.txt
Q BioMed Inc.,0001596062,,,10-K,2022-02-28,edgar/data/1596062/0001410578-22-000230.txt
"Arista Networks, Inc.",0001596532,ANET,,10-K,2022-02-15,edgar/data/1596532/0001596532-22-000026.txt
WFRBS Commercial Mortgage Trust 2014-LC14,0001596958,,,10-K,2022-03-14,edgar/data/1596958/0001888524-22-002876.txt
Moelis & Co,0001596967,MC,,10-K,2022-02-23,edgar/data/1596967/0000950170-22-001785.txt
Sabre Corp,0001597033,SABR,,10-K,2022-02-18,edgar/data/1597033/0001597033-22-000015.txt
Blueprint Medicines Corp,0001597264,,,10-K,2022-02-17,edgar/data/1597264/0001558370-22-001316.txt
"ViewRay, Inc.",0001597313,,,10-K,2022-02-25,edgar/data/1597313/0001628280-22-003905.txt
JPMBB Commercial Mortgage Securities Trust 2014-C18,0001597339,,,10-K,2022-03-21,edgar/data/1597339/0001888524-22-003213.txt
"Sage Therapeutics, Inc.",0001597553,,,10-K,2022-02-24,edgar/data/1597553/0001564590-22-006495.txt
RAYONIER ADVANCED MATERIALS INC.,0001597672,RYAM,,10-K,2022-03-01,edgar/data/1597672/0001597672-22-000011.txt
Greenpro Capital Corp.,0001597846,GRNQ,,10-K,2022-03-29,edgar/data/1597846/0001493152-22-007945.txt
IHS Markit Ltd.,0001598014,,,10-K,2022-01-24,edgar/data/1598014/0001598014-22-000011.txt
TimkenSteel Corp,0001598428,MTUS,,10-K,2022-02-24,edgar/data/1598428/0000950170-22-001977.txt
"Minerva Neurosciences, Inc.",0001598646,NERV,,10-K,2022-03-01,edgar/data/1598646/0001564590-22-007853.txt
"Heritage Insurance Holdings, Inc.",0001598665,HRTG,,10-K,2022-03-14,edgar/data/1598665/0000950170-22-003575.txt
"Image Chain Group Limited, Inc.",0001598924,,,10-K,2022-03-31,edgar/data/1598924/0001493152-22-008243.txt
SQL Technologies Corp.,0001598981,SKYX,,10-K,2022-03-08,edgar/data/1598981/0001493152-22-006252.txt
SLM Student Loan Trust 2014-2,0001599033,,,10-K,2022-03-31,edgar/data/1599033/0001140361-22-012166.txt
"Mentor Capital, Inc.",0001599117,MNTR,,10-K,2022-03-24,edgar/data/1599117/0001493152-22-007638.txt
Summit Therapeutics Inc.,0001599298,SMMT,,10-K,2022-03-17,edgar/data/1599298/0001599298-22-000032.txt
1847 Holdings LLC,0001599407,LBRA,,10-K,2022-03-31,edgar/data/1599407/0001213900-22-016805.txt
Veritiv Corp,0001599489,,,10-K,2022-03-01,edgar/data/1599489/0001599489-22-000004.txt
NOW Inc.,0001599617,DNOW,,10-K,2022-02-17,edgar/data/1599617/0000950170-22-001400.txt
COMM 2014-UBS2 Mortgage Trust,0001599714,,,10-K,2022-03-17,edgar/data/1599714/0001020242-22-000066.txt
"Avidity Biosciences, Inc.",0001599901,RNA,,10-K,2022-03-01,edgar/data/1599901/0001564590-22-008049.txt
"Bellerophon Therapeutics, Inc.",0001600132,,,10-K,2022-03-31,edgar/data/1600132/0001558370-22-004898.txt
GigWorld Inc.,0001600347,,,10-K,2022-03-16,edgar/data/1600347/0001654954-22-003199.txt
"Superior Drilling Products, Inc.",0001600422,,,10-K,2022-03-24,edgar/data/1600422/0001493152-22-007594.txt
Aurinia Pharmaceuticals Inc.,0001600620,AUPH,,10-K,2022-02-28,edgar/data/1600620/0001628280-22-004082.txt
"Griffin Realty Trust, Inc.",0001600626,PKST,,10-K,2022-02-28,edgar/data/1600626/0001600626-22-000021.txt
"1stdibs.com, Inc.",0001600641,DIBS,,10-K,2022-03-03,edgar/data/1600641/0001600641-22-000023.txt
Morgan Stanley Bank of America Merrill Lynch Trust 2014-C15,0001600823,,,10-K,2022-03-28,edgar/data/1600823/0001888524-22-003514.txt
Citigroup Commercial Mortgage Trust 2014-GC19,0001600824,,,10-K,2022-03-29,edgar/data/1600824/0001853620-22-000123.txt
COMM 2014-LC15 Mortgage Trust,0001600831,,,10-K,2022-03-14,edgar/data/1600831/0001888524-22-002870.txt
Gamida Cell Ltd.,0001600847,,,10-K,2022-03-24,edgar/data/1600847/0001213900-22-014643.txt
"Knightscope, Inc.",0001600983,KSCP,,10-K,2022-03-31,edgar/data/1600983/0001410578-22-000800.txt
Angion Biomedica Corp.,0001601485,ELTX,,10-K,2022-03-30,edgar/data/1601485/0001601485-22-000022.txt
"Vectrus, Inc.",0001601548,VVX,,10-K,2022-03-07,edgar/data/1601548/0001601548-22-000018.txt
WFRBS Commercial Mortgage Trust 2014-C19,0001601617,,,10-K,2022-03-10,edgar/data/1601617/0001888524-22-002674.txt
COMM 2014-CCRE16 Mortgage Trust,0001601705,,,10-K,2022-03-17,edgar/data/1601705/0001888524-22-003175.txt
Synchrony Financial,0001601712,SYF-PB,,10-K,2022-02-10,edgar/data/1601712/0001601712-22-000053.txt
GS Mortgage Securities Trust 2014-GC20,0001601744,,,10-K,2022-03-11,edgar/data/1601744/0001888524-22-002782.txt
"RECURSION PHARMACEUTICALS, INC.",0001601830,RXRX,,10-K,2022-03-23,edgar/data/1601830/0001601830-22-000012.txt
Viper Energy Partners LP,0001602065,,,10-K,2022-02-24,edgar/data/1602065/0001602065-22-000008.txt
Investar Holding Corp,0001602658,ISTR,,10-K,2022-03-09,edgar/data/1602658/0001437749-22-005693.txt
"NEXTERA ENERGY PARTNERS, LP",0001603145,XIFR,,10-K,2022-02-23,edgar/data/1603145/0001603145-22-000012.txt
"EASTERN ENERGY GAS HOLDINGS, LLC",0001603291,,,10-K,2022-02-28,edgar/data/1603291/0001081316-22-000004.txt
Celcuity Inc.,0001603454,CELC,,10-K,2022-03-23,edgar/data/1603454/0001493152-22-007560.txt
TCW Direct Lending LLC,0001603480,,,10-K,2022-03-29,edgar/data/1603480/0000950170-22-004886.txt
WFRBS Commercial Mortgage Trust 2014-C20,0001603578,,,10-K,2022-03-14,edgar/data/1603578/0001888524-22-002880.txt
COMM 2014-CCRE17 Mortgage Trust,0001603669,,,10-K,2022-03-18,edgar/data/1603669/0001020242-22-000077.txt
"Axonics, Inc.",0001603756,,,10-K,2022-03-01,edgar/data/1603756/0001603756-22-000011.txt
Weatherford International plc,0001603923,WFRD,,10-K,2022-02-17,edgar/data/1603923/0001603923-22-000051.txt
"AquaBounty Technologies, Inc.",0001603978,AQB,,10-K,2022-03-10,edgar/data/1603978/0001603978-22-000011.txt
COMM 2014-UBS3 Mortgage Trust,0001604083,,,10-K,2022-03-10,edgar/data/1604083/0001888524-22-002726.txt
JPMBB Commercial Mortgage Securities Trust 2014-C19,0001604119,,,10-K,2022-03-09,edgar/data/1604119/0001888524-22-002575.txt
"First Wave BioPharma, Inc.",0001604191,GRDX,,10-K,2022-03-31,edgar/data/1604191/0001140361-22-012347.txt
"Atara Biotherapeutics, Inc.",0001604464,ATRA,,10-K,2022-02-28,edgar/data/1604464/0001564590-22-007633.txt
SQZ Biotechnologies Co,0001604477,,,10-K,2022-03-16,edgar/data/1604477/0000950170-22-003930.txt
Westlake Chemical Partners LP,0001604665,WLKP,,10-K,2022-03-02,edgar/data/1604665/0001604665-22-000009.txt
Ashford Inc.,0001604738,,,10-K,2022-03-25,edgar/data/1604738/0001604738-22-000015.txt
"Natera, Inc.",0001604821,NTRA,,10-K,2022-02-25,edgar/data/1604821/0001558370-22-002022.txt
GrowGeneration Corp.,0001604868,GRWG,,10-K,2022-03-10,edgar/data/1604868/0001628280-22-005596.txt
scPharmaceuticals Inc.,0001604950,,,10-K,2022-03-22,edgar/data/1604950/0000950170-22-004297.txt
"Vemanti Group, Inc.",0001605057,VMNT,,10-K,2022-03-24,edgar/data/1605057/0001477932-22-001600.txt
Citigroup Commercial Mortgage Trust 2014-GC21,0001605257,,,10-K,2022-03-29,edgar/data/1605257/0001853620-22-000124.txt
"CB Financial Services, Inc.",0001605301,CBFV,,10-K,2022-03-11,edgar/data/1605301/0001605301-22-000008.txt
AB INTERNATIONAL GROUP CORP.,0001605331,AERA,,10-K,2022-01-12,edgar/data/1605331/0001663577-22-000024.txt
Nevada Canyon Gold Corp.,0001605481,NGLD,,10-K,2022-03-31,edgar/data/1605481/0001493152-22-008401.txt
"Paramount Group, Inc.",0001605607,,,10-K,2022-02-22,edgar/data/1605607/0001564590-22-005934.txt
"SeqLL, Inc.",0001605888,SQLLW,,10-K,2022-03-23,edgar/data/1605888/0001213900-22-014534.txt
Consumers 2014 Securitization Funding LLC,0001606104,,,10-K,2022-03-15,edgar/data/1606104/0001606104-22-000003.txt
"Limbach Holdings, Inc.",0001606163,LMB,,10-K,2022-03-16,edgar/data/1606163/0001628280-22-006391.txt
"Via Renewables, Inc.",0001606268,VIASP,,10-K,2022-03-03,edgar/data/1606268/0001606268-22-000008.txt
"El Pollo Loco Holdings, Inc.",0001606366,LOCO,,10-K,2022-03-11,edgar/data/1606366/0001606366-22-000014.txt
Morgan Stanley Bank of America Merrill Lynch Trust 2014-C16,0001606442,,,10-K,2022-03-28,edgar/data/1606442/0001853620-22-000118.txt
"AVANOS MEDICAL, INC.",0001606498,AVNS,,10-K,2022-02-23,edgar/data/1606498/0001606498-22-000029.txt
"Liberty TripAdvisor Holdings, Inc.",0001606745,,,10-K,2022-02-22,edgar/data/1606745/0001558370-22-001476.txt
Pangaea Logistics Solutions Ltd.,0001606909,PANL,,10-K,2022-03-16,edgar/data/1606909/0001606909-22-000032.txt
Navient Student Loan Trust 2014-1,0001607401,,,10-K,2022-03-31,edgar/data/1607401/0001140361-22-012137.txt
J.P. Morgan Chase Commercial Mortgage Securities Trust 2014-C20,0001607484,,,10-K,2022-03-17,edgar/data/1607484/0001888524-22-003187.txt
Wells Fargo Commercial Mortgage Trust 2014-LC16,0001607641,,,10-K,2022-03-14,edgar/data/1607641/0001888524-22-002926.txt
"Viking Therapeutics, Inc.",0001607678,VKTX,,10-K,2022-02-09,edgar/data/1607678/0001564590-22-004429.txt
GS Mortgage Securities Trust 2014-GC22,0001607865,,,10-K,2022-03-22,edgar/data/1607865/0001888524-22-003224.txt
"Udemy, Inc.",0001607939,UDMY,,10-K,2022-03-25,edgar/data/1607939/0001607939-22-000014.txt
ReWalk Robotics Ltd.,0001607962,LFWD,,10-K,2022-02-24,edgar/data/1607962/0001178913-22-000800.txt
"Pathfinder Bancorp, Inc.",0001609065,PBHC,,10-K,2022-03-25,edgar/data/1609065/0001564590-22-011817.txt
"Weave Communications, Inc.",0001609151,WEAV,,10-K,2022-03-23,edgar/data/1609151/0001609151-22-000008.txt
California Resources Corp,0001609253,CRC,,10-K,2022-02-25,edgar/data/1609253/0001609253-22-000010.txt
"Watermark Lodging Trust, Inc.",0001609471,,,10-K,2022-03-28,edgar/data/1609471/0001609471-22-000007.txt
"Inspire Medical Systems, Inc.",0001609550,INSP,,10-K,2022-02-15,edgar/data/1609550/0001609550-22-000014.txt
WFRBS Commercial Mortgage Trust 2014-C21,0001609671,,,10-K,2022-03-10,edgar/data/1609671/0001888524-22-002690.txt
GoDaddy Inc.,0001609711,GDDY,,10-K,2022-02-17,edgar/data/1609711/0001609711-22-000024.txt
Orion Engineered Carbons S.A.,0001609804,OEC,,10-K,2022-02-17,edgar/data/1609804/0001609804-22-000010.txt
"Seres Therapeutics, Inc.",0001609809,MCRB,,10-K,2022-03-01,edgar/data/1609809/0000950170-22-002435.txt
"Shell Midstream Partners, L.P.",0001610466,,,10-K,2022-02-24,edgar/data/1610466/0001610466-22-000010.txt
COMM 2014-CCRE18 Mortgage Trust,0001610486,,,10-K,2022-03-17,edgar/data/1610486/0001888524-22-003179.txt
"Cidara Therapeutics, Inc.",0001610618,,,10-K,2022-03-07,edgar/data/1610618/0001610618-22-000007.txt
USD Partners LP,0001610682,USDP,,10-K,2022-03-03,edgar/data/1610682/0001610682-22-000024.txt
JPMBB Commercial Mortgage Securities Trust 2014-C21,0001610796,,,10-K,2022-03-09,edgar/data/1610796/0001888524-22-002571.txt
"HELIUS MEDICAL TECHNOLOGIES, INC.",0001610853,HSDTW,,10-K,2022-03-14,edgar/data/1610853/0001564590-22-010124.txt
"Syneos Health, Inc.",0001610950,,,10-K,2022-02-17,edgar/data/1610950/0001564590-22-005428.txt
"PROCORE TECHNOLOGIES, INC.",0001611052,PCOR,,10-K,2022-03-04,edgar/data/1611052/0001564590-22-008783.txt
Urban Edge Properties,0001611547,UE,,10-K,2022-02-16,edgar/data/1611547/0001611547-22-000012.txt
"Freshpet, Inc.",0001611647,FRPT,,10-K,2022-03-01,edgar/data/1611647/0001437749-22-004871.txt
Liberty Broadband Corp,0001611983,LBRDP,,10-K,2022-02-25,edgar/data/1611983/0001558370-22-002157.txt
Morgan Stanley Bank of America Merrill Lynch Trust 2014-C17,0001612124,,,10-K,2022-03-29,edgar/data/1612124/0001564590-22-012161.txt
COMM 2014-UBS4 Mortgage Trust,0001612126,,,10-K,2022-03-17,edgar/data/1612126/0001020242-22-000069.txt
Citigroup Commercial Mortgage Trust 2014-GC23,0001612518,,,10-K,2022-03-31,edgar/data/1612518/0001564590-22-012894.txt
JOINT Corp,0001612630,JYNT,,10-K,2022-03-14,edgar/data/1612630/0001628280-22-005982.txt
NextDecade Corp.,0001612720,NEXT,,10-K,2022-03-28,edgar/data/1612720/0001437749-22-007396.txt
COMM 2014-CCRE19 Mortgage Trust,0001612841,,,10-K,2022-03-11,edgar/data/1612841/0001888524-22-002754.txt
Navient Student Loan Trust 2014-2,0001613762,,,10-K,2022-03-31,edgar/data/1613762/0001140361-22-012138.txt
Navient Student Loan Trust 2014-3,0001613763,,,10-K,2022-03-31,edgar/data/1613763/0001140361-22-012139.txt
Navient Student Loan Trust 2014-4,0001613764,,,10-K,2022-03-31,edgar/data/1613764/0001140361-22-012140.txt
Navient Student Loan Trust 2014-5,0001613765,,,10-K,2022-03-31,edgar/data/1613765/0001140361-22-012141.txt
Navient Student Loan Trust 2014-6,0001613766,,,10-K,2022-03-31,edgar/data/1613766/0001140361-22-012142.txt
Navient Student Loan Trust 2014-7,0001613767,,,10-K,2022-03-31,edgar/data/1613767/0001140361-22-012143.txt
DBV Technologies S.A.,0001613780,DBVTF,,10-K,2022-03-09,edgar/data/1613780/0001193125-22-070467.txt
JPMBB Commercial Mortgage Securities Trust 2014-C22,0001614033,,,10-K,2022-03-09,edgar/data/1614033/0001888524-22-002609.txt
"Yext, Inc.",0001614178,YEXT,,10-K,2022-03-18,edgar/data/1614178/0001614178-22-000014.txt
Great Ajax Corp.,0001614806,RPT-PC,,10-K,2022-03-04,edgar/data/1614806/0001628280-22-004987.txt
IsoPlexis Corp,0001615055,,,10-K,2022-03-30,edgar/data/1615055/0001615055-22-000016.txt
"Inspired Entertainment, Inc.",0001615063,INSE,,10-K,2022-03-31,edgar/data/1615063/0001493152-22-008568.txt
"Veritone, Inc.",0001615165,VERI,,10-K,2022-03-17,edgar/data/1615165/0001564590-22-010802.txt
"Salarius Pharmaceuticals, Inc.",0001615219,DCOY,,10-K,2022-03-25,edgar/data/1615219/0001615219-22-000028.txt
"Moody National REIT II, Inc.",0001615222,,,10-K,2022-03-30,edgar/data/1615222/0001387131-22-004096.txt
"Xenia Hotels & Resorts, Inc.",0001616000,XHR,,10-K,2022-03-01,edgar/data/1616000/0001616000-22-000036.txt
"Senseonics Holdings, Inc.",0001616543,SENS,,10-K,2022-03-01,edgar/data/1616543/0001558370-22-002569.txt
WFRBS Commercial Mortgage Trust 2014-C22,0001616666,,,10-K,2022-03-15,edgar/data/1616666/0001888524-22-003053.txt
Wayfair Inc.,0001616707,W,,10-K,2022-02-24,edgar/data/1616707/0001616707-22-000031.txt
Axalta Coating Systems Ltd.,0001616862,AXTA,,10-K,2022-02-18,edgar/data/1616862/0001616862-22-000010.txt
Park Hotels & Resorts Inc.,0001617406,PK,,10-K,2022-02-18,edgar/data/1617406/0000950170-22-001484.txt
"ZIPRECRUITER, INC.",0001617553,ZIP,,10-K,2022-03-03,edgar/data/1617553/0001617553-22-000012.txt
"ZILLOW GROUP, INC.",0001617640,Z,,10-K,2022-02-10,edgar/data/1617640/0001617640-22-000013.txt
"Unique Fabricating, Inc.",0001617669,,,10-K,2022-03-24,edgar/data/1617669/0001617669-22-000021.txt
Morgan Stanley Bank of America Merrill Lynch Trust 2014-C18,0001617760,,,10-K,2022-03-28,edgar/data/1617760/0001853620-22-000119.txt
GS Mortgage Securities Trust 2014-GC24,0001617957,,,10-K,2022-03-18,edgar/data/1617957/0001888524-22-003194.txt
COMM 2014-UBS5 Mortgage Trust,0001617959,,,10-K,2022-03-10,edgar/data/1617959/0001888524-22-002746.txt
JPMBB Commercial Mortgage Securities Trust 2014-C23,0001618150,,,10-K,2022-03-09,edgar/data/1618150/0001888524-22-002589.txt
National Storage Affiliates Trust,0001618563,NSA-PB,,10-K,2022-02-25,edgar/data/1618563/0001628280-22-004019.txt
GUGGENHEIM CREDIT INCOME FUND 2016 T,0001618694,,,10-K,2022-03-17,edgar/data/1618694/0001618694-22-000007.txt
GUGGENHEIM CREDIT INCOME FUND 2019,0001618696,,,10-K,2022-03-17,edgar/data/1618696/0001618696-22-000007.txt
GUGGENHEIM CREDIT INCOME FUND,0001618697,,,10-K,2022-03-17,edgar/data/1618697/0001618697-22-000007.txt
WFRBS Commercial Mortgage Trust 2014-C23,0001618713,,,10-K,2022-03-14,edgar/data/1618713/0001888524-22-002887.txt
Restaurant Brands International Limited Partnership,0001618755,RSTRF,,10-K,2022-02-23,edgar/data/1618755/0001618755-22-000009.txt
Restaurant Brands International Inc.,0001618756,QSR,,10-K,2022-02-23,edgar/data/1618756/0001618756-22-000018.txt
"Evofem Biosciences, Inc.",0001618835,EVFM,,10-K,2022-03-10,edgar/data/1618835/0001618835-22-000057.txt
"Cloudweb, Inc.",0001619227,CLOW,,10-K,2022-03-11,edgar/data/1619227/0001640334-22-000465.txt
"Lightstone Value Plus REIT IV, Inc.",0001619312,LTSV,,10-K,2022-03-23,edgar/data/1619312/0001829126-22-006634.txt
COMM 2014-LC17 Mortgage Trust,0001619511,,,10-K,2022-03-11,edgar/data/1619511/0001888524-22-002792.txt
Citigroup Commercial Mortgage Trust 2014-GC25,0001619616,,,10-K,2022-03-31,edgar/data/1619616/0001564590-22-012895.txt
"Caribou Biosciences, Inc.",0001619856,CRBU,,10-K,2022-03-21,edgar/data/1619856/0000950170-22-004233.txt
"Exela Technologies, Inc.",0001620179,XELA,,10-K,2022-03-16,edgar/data/1620179/0001558370-22-003779.txt
Uniti Group Inc.,0001620280,,,10-K,2022-02-25,edgar/data/1620280/0001564590-22-007221.txt
COMM 2014-CCRE20 Mortgage Trust,0001620305,,,10-K,2022-03-14,edgar/data/1620305/0001888524-22-002935.txt
"NexPoint Residential Trust, Inc.",0001620393,NXRT,,10-K,2022-02-18,edgar/data/1620393/0001564590-22-005606.txt
"James River Group Holdings, Ltd.",0001620459,JRVR,,10-K,2022-03-01,edgar/data/1620459/0001620459-22-000015.txt
"Athira Pharma, Inc.",0001620463,LONA,,10-K,2022-03-28,edgar/data/1620463/0000950170-22-004782.txt
Shake Shack Inc.,0001620533,SHAK,,10-K,2022-02-18,edgar/data/1620533/0001620533-22-000014.txt
Panamera Holdings Corp,0001620749,PHCI,,10-K,2022-02-15,edgar/data/1620749/0001640334-22-000315.txt
Adaptimmune Therapeutics PLC,0001621227,,,10-K,2022-03-14,edgar/data/1621227/0001558370-22-003489.txt
COMM 2014-UBS6 Mortgage Trust,0001621368,,,10-K,2022-03-14,edgar/data/1621368/0001888524-22-002915.txt
JPMBB Commercial Mortgage Securities Trust 2014-C24,0001621379,,,10-K,2022-03-10,edgar/data/1621379/0001888524-22-002679.txt
"Black Stone Minerals, L.P.",0001621434,BSMLP,,10-K,2022-02-22,edgar/data/1621434/0001628280-22-003347.txt
"Zynerba Pharmaceuticals, Inc.",0001621443,,,10-K,2022-03-01,edgar/data/1621443/0001558370-22-002451.txt
WFRBS Commercial Mortgage Trust 2014-C24,0001621466,,,10-K,2022-03-10,edgar/data/1621466/0001888524-22-002696.txt
"Summit Materials, Inc.",0001621563,,,10-K,2022-02-24,edgar/data/1621563/0001628280-22-003781.txt
"Super League Gaming, Inc.",0001621672,SLE,,10-K,2022-03-31,edgar/data/1621672/0001851734-22-000178.txt
"Aqua Metals, Inc.",0001621832,AQMS,,10-K,2022-02-24,edgar/data/1621832/0001437749-22-004317.txt
"Easterly Government Properties, Inc.",0001622194,DEA,,10-K,2022-02-28,edgar/data/1622194/0001564590-22-007604.txt
"Cogent Biosciences, Inc.",0001622229,COGT,,10-K,2022-03-15,edgar/data/1622229/0001564590-22-010238.txt
BOATIM INC.,0001622231,,,10-K,2022-01-03,edgar/data/1622231/0001640334-22-000006.txt
"Polar Power, Inc.",0001622345,POLA,,10-K,2022-03-31,edgar/data/1622345/0001493152-22-008449.txt
JPMBB Commercial Mortgage Securities Trust 2014-C25,0001622413,,,10-K,2022-03-09,edgar/data/1622413/0001888524-22-002579.txt
GS Mortgage Securities Trust 2014-GC26,0001622765,,,10-K,2022-03-22,edgar/data/1622765/0001853620-22-000081.txt
"Medicine Man Technologies, Inc.",0001622879,,,10-K,2022-03-31,edgar/data/1622879/0001683168-22-002216.txt
Mirage Energy Corp,0001623360,,,10-K,2022-01-21,edgar/data/1623360/0001640334-22-000145.txt
Navient Student Loan Trust 2014-8,0001623518,,,10-K,2022-03-31,edgar/data/1623518/0001140361-22-012144.txt
"Stoke Therapeutics, Inc.",0001623526,STOK,,10-K,2022-03-10,edgar/data/1623526/0001564590-22-009634.txt
HWGC Holdings Ltd,0001623590,,,10-K,2022-03-29,edgar/data/1623590/0001753926-22-000359.txt
"Imago BioSciences, Inc.",0001623715,,,10-K,2022-03-24,edgar/data/1623715/0000950170-22-004569.txt
WFRBS Commercial Mortgage Trust 2014-C25,0001623838,,,10-K,2022-03-17,edgar/data/1623838/0001888524-22-003183.txt
Morgan Stanley Bank of America Merrill Lynch Trust 2014-C19,0001623916,,,10-K,2022-03-28,edgar/data/1623916/0001888524-22-003526.txt
Antero Midstream Corp,0001623925,AM,,10-K,2022-02-16,edgar/data/1623925/0001558370-22-001278.txt
"Business First Bancshares, Inc.",0001624322,BFST,,10-K,2022-03-01,edgar/data/1624322/0001437749-22-004801.txt
Yuenglings Ice Cream Corp,0001624517,FRQN,,10-K,2022-01-31,edgar/data/1624517/0001683168-22-000568.txt
Yuenglings Ice Cream Corp,0001624517,FRQN,,10-K,2022-03-15,edgar/data/1624517/0001683168-22-001684.txt
"Allena Pharmaceuticals, Inc.",0001624658,,,10-K,2022-03-31,edgar/data/1624658/0000950170-22-005192.txt
"Pulse Biosciences, Inc.",0001625101,PLSE,,10-K,2022-03-31,edgar/data/1625101/0001625101-22-000016.txt
JPMBB Commercial Mortgage Securities Trust 2014-C26,0001625123,,,10-K,2022-03-15,edgar/data/1625123/0001888524-22-002945.txt
"NERDWALLET, INC.",0001625278,NRDS,,10-K,2022-03-24,edgar/data/1625278/0001625278-22-000029.txt
Arma Services Inc,0001625285,,,10-K,2022-02-03,edgar/data/1625285/0001683168-22-000639.txt
COMM 2014-CCRE21 Mortgage Trust,0001625426,,,10-K,2022-03-10,edgar/data/1625426/0001888524-22-002720.txt
"CS Disco, Inc.",0001625641,LAW,,10-K,2022-02-25,edgar/data/1625641/0001625641-22-000025.txt
ARES INDUSTRIAL REAL ESTATE INCOME TRUST Inc.,0001625941,,,10-K,2022-03-09,edgar/data/1625941/0001558370-22-003163.txt
PJT Partners Inc.,0001626115,PJT,,10-K,2022-02-25,edgar/data/1626115/0001564590-22-007189.txt
"ALPINE IMMUNE SCIENCES, INC.",0001626199,,,10-K,2022-03-17,edgar/data/1626199/0001626199-22-000032.txt
"BigCommerce Holdings, Inc.",0001626450,CMRC,,10-K,2022-03-01,edgar/data/1626450/0001564590-22-008093.txt
XBiotech Inc.,0001626878,XBIT,,10-K,2022-03-15,edgar/data/1626878/0001171843-22-001904.txt
Wells Fargo Commercial Mortgage Trust 2014-LC18,0001626941,,,10-K,2022-03-11,edgar/data/1626941/0001888524-22-002786.txt
"Corvus Pharmaceuticals, Inc.",0001626971,CRVS,,10-K,2022-03-10,edgar/data/1626971/0001558370-22-003281.txt
"Black Knight, Inc.",0001627014,,,10-K,2022-02-25,edgar/data/1627014/0001558370-22-002149.txt
VISIBER57 CORP.,0001627041,,,10-K,2022-01-05,edgar/data/1627041/0001493152-22-000377.txt
Chemours Co,0001627223,CC,,10-K,2022-02-11,edgar/data/1627223/0001564590-22-004791.txt
"Photozou Holdings, Inc.",0001627469,,,10-K,2022-03-17,edgar/data/1627469/0001599916-22-000070.txt
"UPWORK, INC",0001627475,UPWK,,10-K,2022-02-15,edgar/data/1627475/0001627475-22-000009.txt
"Pedro's List, Inc.",0001627554,,,10-K,2022-03-09,edgar/data/1627554/0001017386-22-000055.txt
12 Retech Corp,0001627611,,,10-K,2022-03-31,edgar/data/1627611/0001493152-22-008422.txt
"Sailpoint Technologies Holdings, Inc.",0001627857,,,10-K,2022-02-28,edgar/data/1627857/0001627857-22-000030.txt
Seritage Growth Properties,0001628063,SRG-PA,,10-K,2022-03-16,edgar/data/1628063/0000950170-22-003827.txt
COMM 2015-LC19 Mortgage Trust,0001628112,,,10-K,2022-03-18,edgar/data/1628112/0001888524-22-003201.txt
"Revolution Medicines, Inc.",0001628171,RVMDW,,10-K,2022-02-28,edgar/data/1628171/0000950170-22-002297.txt
Cushman & Wakefield plc,0001628369,CWK,,10-K,2022-02-25,edgar/data/1628369/0001628369-22-000011.txt
"Evolent Health, Inc.",0001628908,EVH,,10-K,2022-02-24,edgar/data/1628908/0001628908-22-000027.txt
Cue Health Inc.,0001628945,,,10-K,2022-03-29,edgar/data/1628945/0001628945-22-000031.txt
Merchants Bancorp,0001629019,MBINL,,10-K,2022-03-04,edgar/data/1629019/0001558370-22-002893.txt
Morgan Stanley Bank of America Merrill Lynch Trust 2015-C20,0001629069,,,10-K,2022-03-28,edgar/data/1629069/0001888524-22-003518.txt
"Global Blood Therapeutics, Inc.",0001629137,,,10-K,2022-02-23,edgar/data/1629137/0000950170-22-001781.txt
"MULIANG VIAGOO TECHNOLOGY, INC.",0001629665,,,10-K,2022-03-31,edgar/data/1629665/0001213900-22-016973.txt
Citigroup Commercial Mortgage Trust 2015-GC27,0001629716,,,10-K,2022-03-31,edgar/data/1629716/0001564590-22-012889.txt
Brixmor Operating Partnership LP,0001630031,,,10-K,2022-02-07,edgar/data/1630031/0001581068-22-000012.txt
Avalon GloboCare Corp.,0001630212,ALBT,,10-K,2022-03-30,edgar/data/1630212/0001213900-22-016231.txt
"TPG RE Finance Trust, Inc.",0001630472,TRTX-PC,,10-K,2022-02-23,edgar/data/1630472/0001564590-22-006015.txt
GS Mortgage Securities Trust 2015-GC28,0001630477,,,10-K,2022-03-15,edgar/data/1630477/0001888524-22-003063.txt
Wells Fargo Commercial Mortgage Trust 2015-C26,0001630513,,,10-K,2022-03-11,edgar/data/1630513/0001888524-22-002831.txt
"TREACE MEDICAL CONCEPTS, INC.",0001630627,TMCI,,10-K,2022-03-04,edgar/data/1630627/0000950170-22-002903.txt
JPMBB Commercial Mortgage Securities Trust 2015-C27,0001630690,,,10-K,2022-03-16,edgar/data/1630690/0001888524-22-003169.txt
"Babcock & Wilcox Enterprises, Inc.",0001630805,BW-PA,,10-K,2022-03-08,edgar/data/1630805/0001630805-22-000008.txt
Professional Holding Corp.,0001630856,,,10-K,2022-03-31,edgar/data/1630856/0001630856-22-000047.txt
"KBS Growth & Income REIT, Inc.",0001631256,,,10-K,2022-03-31,edgar/data/1631256/0001631256-22-000008.txt
Morgan Stanley Bank of America Merrill Lynch Trust 2015-C21,0001631406,,,10-K,2022-03-31,edgar/data/1631406/0001888524-22-004068.txt
Barrel Energy Inc.,0001631463,,,10-K,2022-02-07,edgar/data/1631463/0001477932-22-000607.txt
Community Healthcare Trust Inc,0001631569,CHCT,,10-K,2022-02-15,edgar/data/1631569/0001631569-22-000015.txt
Wave Life Sciences Ltd.,0001631574,WVE,,10-K,2022-03-03,edgar/data/1631574/0001564590-22-008414.txt
KKR Real Estate Finance Trust Inc.,0001631596,KREF-PA,,10-K,2022-02-08,edgar/data/1631596/0001631596-22-000012.txt
"HOMETOWN INTERNATIONAL, INC.",0001632081,,,10-K,2022-03-18,edgar/data/1632081/0001213900-22-013320.txt
"Balance Labs, Inc.",0001632121,BLNC,,10-K,2022-03-31,edgar/data/1632121/0001493152-22-008548.txt
"Cable One, Inc.",0001632127,CABO,,10-K,2022-02-25,edgar/data/1632127/0001437749-22-004364.txt
COMM 2015-DC1 Mortgage Trust,0001632814,,,10-K,2022-03-14,edgar/data/1632814/0001888524-22-002862.txt
"American Healthcare REIT, Inc.",0001632970,AHR,,10-K,2022-03-25,edgar/data/1632970/0001632970-22-000020.txt
Navient Student Loan Trust 2015-1,0001633023,,,10-K,2022-03-31,edgar/data/1633023/0001140361-22-012145.txt
Axcella Health Inc.,0001633070,,,10-K,2022-03-30,edgar/data/1633070/0001633070-22-000010.txt
"Crescent Capital BDC, Inc.",0001633336,FCRX,,10-K,2022-02-23,edgar/data/1633336/0001193125-22-049923.txt
Wells Fargo Commercial Mortgage Trust 2015-C27,0001633533,,,10-K,2022-03-11,edgar/data/1633533/0001888524-22-002845.txt
Audax Credit BDC Inc.,0001633858,,,10-K,2022-03-25,edgar/data/1633858/0001104659-22-038183.txt
"PayPal Holdings, Inc.",0001633917,PYPL,,10-K,2022-02-03,edgar/data/1633917/0001633917-22-000027.txt
TopBuild Corp,0001633931,BLD,,10-K,2022-02-22,edgar/data/1633931/0001558370-22-001590.txt
CSAIL 2015-C1 Commercial Mortgage Trust,0001634172,,,10-K,2022-03-15,edgar/data/1634172/0001888524-22-003040.txt
"Exceed World, Inc.",0001634293,EXDW,,10-K,2022-01-13,edgar/data/1634293/0001599916-22-000018.txt
"Metacrine, Inc.",0001634379,,,10-K,2022-03-30,edgar/data/1634379/0001564590-22-012606.txt
AB Private Credit Investors Corp,0001634452,,,10-K,2022-03-31,edgar/data/1634452/0001193125-22-091820.txt
COMM 2015-CCRE22 Mortgage Trust,0001634976,,,10-K,2022-03-17,edgar/data/1634976/0001020242-22-000067.txt
"Avangrid, Inc.",0001634997,,,10-K,2022-02-23,edgar/data/1634997/0001634997-22-000013.txt
"Rimini Street, Inc.",0001635282,RMNI,,10-K,2022-03-02,edgar/data/1635282/0001635282-22-000049.txt
Wells Fargo Commercial Mortgage Trust 2015-LC20,0001635569,,,10-K,2022-03-11,edgar/data/1635569/0001888524-22-002837.txt
Green Plains Partners LP,0001635650,,,10-K,2022-02-18,edgar/data/1635650/0001635650-22-000008.txt
Exterran Corp,0001635881,,,10-K,2022-03-02,edgar/data/1635881/0000950170-22-002691.txt
"National Western Life Group, Inc.",0001635984,,,10-K,2022-03-10,edgar/data/1635984/0001635984-22-000009.txt
FUSE GROUP HOLDING INC.,0001636051,FUST,,10-K,2022-02-11,edgar/data/1636051/0001185185-22-000174.txt
Wingstop Inc.,0001636222,WING,,10-K,2022-02-16,edgar/data/1636222/0001636222-22-000008.txt
"Aeglea BioTherapeutics, Inc.",0001636282,SYRE,,10-K,2022-03-08,edgar/data/1636282/0001564590-22-008995.txt
"Kite Realty Group, L.P.",0001636315,,,10-K,2022-02-28,edgar/data/1636315/0001286043-22-000024.txt
"Health Catalyst, Inc.",0001636422,HCAT,,10-K,2022-03-01,edgar/data/1636422/0001636422-22-000011.txt
Navient Student Loan Trust 2015-2,0001636459,,,10-K,2022-03-31,edgar/data/1636459/0001140361-22-012146.txt
Morgan Stanley Bank of America Merrill Lynch Trust 2015-C22,0001636513,,,10-K,2022-03-28,edgar/data/1636513/0001888524-22-003516.txt
Ovid Therapeutics Inc.,0001636651,OVID,,10-K,2022-03-15,edgar/data/1636651/0000950170-22-003668.txt
Citigroup Commercial Mortgage Trust 2015-GC29,0001636708,,,10-K,2022-03-31,edgar/data/1636708/0001564590-22-012890.txt
JPMBB Commercial Mortgage Securities Trust 2015-C28,0001637008,,,10-K,2022-03-17,edgar/data/1637008/0001888524-22-003185.txt
"Planet Fitness, Inc.",0001637207,PLNT,,10-K,2022-03-01,edgar/data/1637207/0001637207-22-000011.txt
STRONG SOLUTIONS INC.,0001637242,,,10-K,2022-03-31,edgar/data/1637242/0001493152-22-008315.txt
Kraft Heinz Co,0001637459,KHC,,10-K,2022-02-17,edgar/data/1637459/0001637459-22-000018.txt
Horizon Global Corp,0001637655,,,10-K,2022-03-10,edgar/data/1637655/0001637655-22-000062.txt
"Reneo Pharmaceuticals, Inc.",0001637715,OKUR,,10-K,2022-03-23,edgar/data/1637715/0001558370-22-004158.txt
Clearway Energy LLC,0001637757,,,10-K,2022-02-28,edgar/data/1637757/0001637757-22-000004.txt
SeaSpine Holdings Corp,0001637761,,,10-K,2022-03-15,edgar/data/1637761/0001637761-22-000057.txt
ACV Auctions Inc.,0001637873,ACVA,,10-K,2022-02-23,edgar/data/1637873/0000950170-22-001792.txt
"Tri-State Generation & Transmission Association, Inc.",0001637880,,,10-K,2022-03-09,edgar/data/1637880/0001637880-22-000006.txt
"Entergy New Orleans Storm Recovery Funding I, L.L.C.",0001637969,,,10-K,2022-03-28,edgar/data/1637969/0000065984-22-000049.txt
Entera Bio Ltd.,0001638097,ENTX,,10-K,2022-03-08,edgar/data/1638097/0001178913-22-000994.txt
Wells Fargo Commercial Mortgage Trust 2015-NXS1,0001638227,,,10-K,2022-03-11,edgar/data/1638227/0001888524-22-002816.txt
"NeuroBo Pharmaceuticals, Inc.",0001638287,MTVA,,10-K,2022-03-31,edgar/data/1638287/0001558370-22-004958.txt
"Surgery Partners, Inc.",0001638833,SGRY,,10-K,2022-03-01,edgar/data/1638833/0001638833-22-000019.txt
UAS Drone Corp.,0001638911,DUKR,,10-K,2022-03-07,edgar/data/1638911/0001213900-22-010947.txt
Wells Fargo Commercial Mortgage Trust 2015-C28,0001638933,,,10-K,2022-03-11,edgar/data/1638933/0001888524-22-002829.txt
Hubilu Venture Corp,0001639068,HBUV,,10-K,2022-03-31,edgar/data/1639068/0001493152-22-008359.txt
"Ollie's Bargain Outlet Holdings, Inc.",0001639300,OLLI,,10-K,2022-03-25,edgar/data/1639300/0001140361-22-011225.txt
"Gushen, Inc",0001639327,,,10-K,2022-01-13,edgar/data/1639327/0001213900-22-001896.txt
CSAIL 2015-C2 Commercial Mortgage Trust,0001639353,,,10-K,2022-03-16,edgar/data/1639353/0001888524-22-003103.txt
LivaNova PLC,0001639691,LIVN,,10-K,2022-03-01,edgar/data/1639691/0001639691-22-000013.txt
GS Mortgage Securities Trust 2015-GC30,0001639694,,,10-K,2022-03-25,edgar/data/1639694/0001853620-22-000111.txt
COMM 2015-CCRE23 Mortgage Trust,0001640052,,,10-K,2022-03-10,edgar/data/1640052/0001888524-22-002744.txt
Snowflake Inc.,0001640147,SNOW,,10-K,2022-03-30,edgar/data/1640147/0001640147-22-000023.txt
"Voyager Therapeutics, Inc.",0001640266,VYGR,,10-K,2022-03-08,edgar/data/1640266/0001558370-22-003015.txt
"LM FUNDING AMERICA, INC.",0001640384,LMFA,,10-K,2022-03-31,edgar/data/1640384/0001564590-22-013045.txt
"EverQuote, Inc.",0001640428,EVER,,10-K,2022-02-25,edgar/data/1640428/0001193125-22-054390.txt
"Jounce Therapeutics, Inc.",0001640455,,,10-K,2022-03-02,edgar/data/1640455/0001640455-22-000029.txt
JPMBB Commercial Mortgage Securities Trust 2015-C29,0001640584,,,10-K,2022-03-07,edgar/data/1640584/0001888524-22-002559.txt
Morgan Stanley Capital I Trust 2015-MS1,0001640775,,,10-K,2022-03-29,edgar/data/1640775/0001888524-22-003560.txt
"ATEL 17, LLC",0001640982,,,10-K,2022-03-18,edgar/data/1640982/0001558370-22-003904.txt
"Bolt Biotherapeutics, Inc.",0001641281,BOLT,,10-K,2022-03-30,edgar/data/1641281/0000950170-22-005047.txt
Code Chain New Continent Ltd,0001641398,GDC,,10-K,2022-03-31,edgar/data/1641398/0001213900-22-016836.txt
vTv Therapeutics Inc.,0001641489,VTVT,,10-K,2022-03-29,edgar/data/1641489/0001564590-22-012258.txt
River Financial Corp,0001641601,RVRF,,10-K,2022-03-15,edgar/data/1641601/0001564590-22-010446.txt
CPI Card Group Inc.,0001641614,PMTS,,10-K,2022-03-08,edgar/data/1641614/0001558370-22-003016.txt
Navient Student Loan Trust 2015-3,0001641623,,,10-K,2022-03-31,edgar/data/1641623/0001140361-22-012147.txt
Nabriva Therapeutics plc,0001641640,,,10-K,2022-03-29,edgar/data/1641640/0001558370-22-004615.txt
BrewBilt Manufacturing Inc.,0001641751,,,10-K,2022-03-31,edgar/data/1641751/0001641751-22-000003.txt
"SPX FLOW, Inc.",0001641991,,,10-K,2022-02-16,edgar/data/1641991/0001641991-22-000015.txt
"Allegiance Bancshares, Inc.",0001642081,,,10-K,2022-02-25,edgar/data/1642081/0001642081-22-000007.txt
"Associated Capital Group, Inc.",0001642122,ACGP,,10-K,2022-03-17,edgar/data/1642122/0001140361-22-009943.txt
"Sigyn Therapeutics, Inc.",0001642159,SIGY,,10-K,2022-03-21,edgar/data/1642159/0001493152-22-007382.txt
Balincan International Inc.,0001642365,ALTB,,10-K,2022-01-19,edgar/data/1642365/0001829126-22-001067.txt
"Guardion Health Sciences, Inc.",0001642375,,,10-K,2022-03-31,edgar/data/1642375/0001493152-22-008581.txt
Oncocyte Corp,0001642380,IMDX,,10-K,2022-03-11,edgar/data/1642380/0001493152-22-006677.txt
"Daseke, Inc.",0001642453,,,10-K,2022-02-23,edgar/data/1642453/0000950170-22-001690.txt
"Shockwave Medical, Inc.",0001642545,,,10-K,2022-02-25,edgar/data/1642545/0001564590-22-007162.txt
Morgan Stanley Bank of America Merrill Lynch Trust 2015-C23,0001642727,,,10-K,2022-03-28,edgar/data/1642727/0001888524-22-003529.txt
"Venture Lending & Leasing VIII, Inc.",0001642862,,,10-K,2022-03-14,edgar/data/1642862/0001642862-22-000004.txt
Samsara Inc.,0001642896,IOT,,10-K,2022-03-30,edgar/data/1642896/0001642896-22-000016.txt
Mobile Infrastructure Corp,0001642985,,,10-K,2022-03-30,edgar/data/1642985/0001642985-22-000006.txt
"iANTHUS CAPITAL HOLDINGS, INC.",0001643154,ITHUF,,10-K,2022-03-18,edgar/data/1643154/0001193125-22-078648.txt
"Sumo Logic, Inc.",0001643269,,,10-K,2022-03-14,edgar/data/1643269/0001643269-22-000007.txt
COMM 2015-LC21 Mortgage Trust,0001643293,,,10-K,2022-03-16,edgar/data/1643293/0001020242-22-000045.txt
Exsular Financial Group Inc.,0001643542,,,10-K,2022-01-28,edgar/data/1643542/0001493152-22-002513.txt
Wells Fargo Commercial Mortgage Trust 2015-C29,0001643550,,,10-K,2022-03-11,edgar/data/1643550/0001888524-22-002776.txt
"Montrose Environmental Group, Inc.",0001643615,MEG,,10-K,2022-03-01,edgar/data/1643615/0001564590-22-008029.txt
Citigroup Commercial Mortgage Trust 2015-GC31,0001643661,,,10-K,2022-03-31,edgar/data/1643661/0001564590-22-012896.txt
Wells Fargo Commercial Mortgage Trust 2015-NXS2,0001643873,,,10-K,2022-03-11,edgar/data/1643873/0001888524-22-002800.txt
"Purple Innovation, Inc.",0001643953,PRPL,,10-K,2022-03-01,edgar/data/1643953/0001213900-22-010057.txt
"Hostess Brands, Inc.",0001644406,,,10-K,2022-03-01,edgar/data/1644406/0001644406-22-000012.txt
GCP Applied Technologies Inc.,0001644440,,,10-K,2022-03-01,edgar/data/1644440/0001644440-22-000004.txt
GS Mortgage Securities Trust 2015-GC32,0001644697,,,10-K,2022-03-10,edgar/data/1644697/0001888524-22-002734.txt
JPMBB Commercial Mortgage Securities Trust 2015-C30,0001644943,,,10-K,2022-03-15,edgar/data/1644943/0001888524-22-002948.txt
"AVENUE THERAPEUTICS, INC.",0001644963,ATXI,,10-K,2022-03-25,edgar/data/1644963/0001410578-22-000516.txt
PBF Energy Co LLC,0001645026,,,10-K,2022-02-17,edgar/data/1645026/0001534504-22-000007.txt
Sterling Check Corp.,0001645070,,,10-K,2022-03-16,edgar/data/1645070/0001645070-22-000016.txt
NovoCure Ltd,0001645113,NVCR,,10-K,2022-02-24,edgar/data/1645113/0001645113-22-000011.txt
Webstar Technology Group Inc.,0001645155,WBSR,,10-K,2022-03-29,edgar/data/1645155/0001493152-22-007923.txt
TODOS MEDICAL LTD.,0001645260,,,10-K,2022-03-31,edgar/data/1645260/0001493152-22-008594.txt
COMM 2015-PC1 Mortgage Trust,0001645384,,,10-K,2022-03-10,edgar/data/1645384/0001888524-22-002749.txt
"Cue Biopharma, Inc.",0001645460,CUE,,10-K,2022-03-16,edgar/data/1645460/0000950170-22-003969.txt
Monopar Therapeutics,0001645469,MNPR,,10-K,2022-03-24,edgar/data/1645469/0001654954-22-003701.txt
"DICE Therapeutics, Inc.",0001645569,,,10-K,2022-03-28,edgar/data/1645569/0001564590-22-011972.txt
"Kezar Life Sciences, Inc.",0001645666,KZR,,10-K,2022-03-17,edgar/data/1645666/0000950170-22-004085.txt
Discover Funding LLC,0001645731,,,10-K,2022-03-23,edgar/data/1645731/0001193125-22-082862.txt
Zymergen Inc.,0001645842,,,10-K,2022-03-30,edgar/data/1645842/0001645842-22-000046.txt
MODIV INC.,0001645873,MDV-PA,,10-K,2022-03-23,edgar/data/1645873/0001645873-22-000045.txt
Ondas Holdings Inc.,0001646188,ONDS,,10-K,2022-03-22,edgar/data/1646188/0001213900-22-013991.txt
COMM 2015-CCRE24 Mortgage Trust,0001646736,,,10-K,2022-03-10,edgar/data/1646736/0001888524-22-002752.txt
Morgan Stanley Bank of America Merrill Lynch Trust 2015-C24,0001646924,,,10-K,2022-03-29,edgar/data/1646924/0001888524-22-003533.txt
WillScot Mobile Mini Holdings Corp.,0001647088,WSC,,10-K,2022-02-25,edgar/data/1647088/0001647088-22-000009.txt
Wells Fargo Commercial Mortgage Trust 2015-C30,0001647587,,,10-K,2022-03-11,edgar/data/1647587/0001888524-22-002788.txt
"Upstart Holdings, Inc.",0001647639,UPST,,10-K,2022-02-18,edgar/data/1647639/0001647639-22-000009.txt
CSAIL 2015-C3 Commercial Mortgage Trust,0001647980,,,10-K,2022-03-16,edgar/data/1647980/0001888524-22-003119.txt
AMERICAN REBEL HOLDINGS INC,0001648087,AREBW,,10-K,2022-03-31,edgar/data/1648087/0001493152-22-008572.txt
COMM 2015-CCRE25 Mortgage Trust,0001648195,,,10-K,2022-03-17,edgar/data/1648195/0001020242-22-000059.txt
"TINGO, INC.",0001648365,,,10-K,2022-03-31,edgar/data/1648365/0001410578-22-000771.txt
Citigroup Commercial Mortgage Trust 2015-P1,0001648439,,,10-K,2022-03-31,edgar/data/1648439/0001564590-22-012887.txt
Wells Fargo Commercial Mortgage Trust 2015-SG1,0001648858,,,10-K,2022-03-11,edgar/data/1648858/0001888524-22-002835.txt
"DatChat, Inc.",0001648960,MYSEW,,10-K,2022-03-29,edgar/data/1648960/0001213900-22-015861.txt
"Vaxcyte, Inc.",0001649094,PCVX,,10-K,2022-02-28,edgar/data/1649094/0000950170-22-002281.txt
Clipper Realty Inc.,0001649096,CLPR,,10-K,2022-03-15,edgar/data/1649096/0001437749-22-006301.txt
JPMBB Commercial Mortgage Securities Trust 2015-C31,0001649184,,,10-K,2022-03-14,edgar/data/1649184/0001888524-22-002865.txt
BayFirst Financial Corp.,0001649739,BAFN,,10-K,2022-03-31,edgar/data/1649739/0001649739-22-000121.txt
DULUTH HOLDINGS INC.,0001649744,DLTH,,10-K,2022-03-25,edgar/data/1649744/0001649744-22-000008.txt
FB Financial Corp,0001649749,FBK,,10-K,2022-02-25,edgar/data/1649749/0001649749-22-000040.txt
"RHYTHM PHARMACEUTICALS, INC.",0001649904,RYTM,,10-K,2022-03-01,edgar/data/1649904/0001558370-22-002543.txt
"Four Corners Property Trust, Inc.",0001650132,FCPT,,10-K,2022-02-23,edgar/data/1650132/0001650132-22-000026.txt
"Toast, Inc.",0001650164,TOST,,10-K,2022-03-01,edgar/data/1650164/0001650164-22-000009.txt
4D Molecular Therapeutics Inc.,0001650648,FDMT,,10-K,2022-03-28,edgar/data/1650648/0000950170-22-004794.txt
"Editas Medicine, Inc.",0001650664,EDIT,,10-K,2022-02-24,edgar/data/1650664/0001558370-22-001950.txt
"Laird Superfood, Inc.",0001650696,LSF,,10-K,2022-03-08,edgar/data/1650696/0000950170-22-003138.txt
"SiteOne Landscape Supply, Inc.",0001650729,SITE,,10-K,2022-02-24,edgar/data/1650729/0001650729-22-000005.txt
"Welbilt, Inc.",0001650962,,,10-K,2022-02-28,edgar/data/1650962/0001650962-22-000037.txt
Focus Financial Partners Inc.,0001651052,,,10-K,2022-02-17,edgar/data/1651052/0001558370-22-001311.txt
"Elevate Credit, Inc.",0001651094,,,10-K,2022-02-25,edgar/data/1651094/0001651094-22-000021.txt
Wells Fargo Commercial Mortgage Trust 2015-LC22,0001651164,,,10-K,2022-03-11,edgar/data/1651164/0001888524-22-002798.txt
"BeiGene, Ltd.",0001651308,BEIGF,,10-K,2022-02-28,edgar/data/1651308/0001651308-22-000032.txt
Merus N.V.,0001651311,,,10-K,2022-02-28,edgar/data/1651311/0001564590-22-007622.txt
"Checkpoint Therapeutics, Inc.",0001651407,,,10-K,2022-03-28,edgar/data/1651407/0001410578-22-000556.txt
"Checkmate Pharmaceuticals, Inc.",0001651431,,,10-K,2022-03-30,edgar/data/1651431/0001193125-22-088386.txt
"Tabula Rasa HealthCare, Inc.",0001651561,,,10-K,2022-02-25,edgar/data/1651561/0001558370-22-002164.txt
"Coursera, Inc.",0001651562,COUR,,10-K,2022-03-03,edgar/data/1651562/0000950170-22-002807.txt
Citigroup Commercial Mortgage Trust 2015-GC33,0001651588,,,10-K,2022-03-31,edgar/data/1651588/0001564590-22-012897.txt
"GENERATION INCOME PROPERTIES, INC.",0001651721,GIPRW,,10-K,2022-03-18,edgar/data/1651721/0001564590-22-011056.txt
COMM 2015-CCRE26 Mortgage Trust,0001651790,,,10-K,2022-03-14,edgar/data/1651790/0001888524-22-002929.txt
"DermTech, Inc.",0001651944,,,10-K,2022-03-10,edgar/data/1651944/0001564590-22-009635.txt
"Appsoft Technologies, Inc.",0001651992,ASFT,,10-K,2022-03-29,edgar/data/1651992/0001477932-22-001695.txt
Bank of America Merrill Lynch Commercial Mortgage Trust 2015-UBS7,0001652031,,,10-K,2022-03-22,edgar/data/1652031/0001853620-22-000076.txt
Alphabet Inc.,0001652044,GOOG,,10-K,2022-02-02,edgar/data/1652044/0001652044-22-000019.txt
"Intellia Therapeutics, Inc.",0001652130,NTLA,,10-K,2022-02-24,edgar/data/1652130/0000950170-22-001981.txt
"Infrastructure & Energy Alternatives, Inc.",0001652362,,,10-K,2022-03-07,edgar/data/1652362/0001652362-22-000020.txt
"ICHOR HOLDINGS, LTD.",0001652535,ICHR,,10-K,2022-02-28,edgar/data/1652535/0001564590-22-007613.txt
DSwiss Inc,0001652561,DQWS,,10-K,2022-03-31,edgar/data/1652561/0001493152-22-008249.txt
GS Mortgage Securities Trust 2015-GC34,0001652672,,,10-K,2022-03-24,edgar/data/1652672/0001853620-22-000100.txt
"Lucira Health, Inc.",0001652724,,,10-K,2022-03-31,edgar/data/1652724/0001564590-22-013030.txt
Wells Fargo Commercial Mortgage Trust 2015-NXS3,0001652884,,,10-K,2022-03-11,edgar/data/1652884/0001888524-22-002818.txt
JPMBB Commercial Mortgage Securities Trust 2015-C32,0001652982,,,10-K,2022-03-15,edgar/data/1652982/0001888524-22-002967.txt
"Alector, Inc.",0001653087,ALEC,,10-K,2022-02-24,edgar/data/1653087/0000950170-22-001979.txt
Waitr Holdings Inc.,0001653247,,,10-K,2022-03-11,edgar/data/1653247/0001653247-22-000011.txt
COMM 2015-CCRE27 Mortgage Trust,0001653323,,,10-K,2022-03-09,edgar/data/1653323/0001888524-22-002624.txt
Runway Growth Finance Corp.,0001653384,RWAYI,,10-K,2022-03-03,edgar/data/1653384/0001558370-22-002804.txt
Ingevity Corp,0001653477,NGVT,,10-K,2022-02-24,edgar/data/1653477/0001653477-22-000008.txt
Morgan Stanley Bank of America Merrill Lynch Trust 2015-C25,0001653542,,,10-K,2022-03-18,edgar/data/1653542/0001853620-22-000065.txt
"Priority Technology Holdings, Inc.",0001653558,PRTHU,,10-K,2022-03-17,edgar/data/1653558/0001653558-22-000028.txt
"Red Rock Resorts, Inc.",0001653653,RRR,,10-K,2022-02-25,edgar/data/1653653/0001653653-22-000004.txt
"Allbirds, Inc.",0001653909,BIRD,,10-K,2022-03-16,edgar/data/1653909/0001653909-22-000016.txt
"Deciphera Pharmaceuticals, Inc.",0001654151,,,10-K,2022-02-08,edgar/data/1654151/0001654151-22-000003.txt
COMM 2015-LC23 Mortgage Trust,0001654330,,,10-K,2022-03-09,edgar/data/1654330/0001888524-22-002587.txt
"Medalist Diversified REIT, Inc.",0001654595,MDRR,,10-K,2022-03-16,edgar/data/1654595/0001410578-22-000383.txt
Wells Fargo Commercial Mortgage Trust 2015-C31,0001654734,,,10-K,2022-03-11,edgar/data/1654734/0001888524-22-002825.txt
"Hartman vREIT XXI, Inc.",0001654948,,,10-K,2022-03-30,edgar/data/1654948/0001654948-22-000008.txt
"Bain Capital Specialty Finance, Inc.",0001655050,BCSF,,10-K,2022-02-23,edgar/data/1655050/0001104659-22-026185.txt
"Armstrong Flooring, Inc.",0001655075,,,10-K,2022-03-09,edgar/data/1655075/0001655075-22-000005.txt
CSAIL 2015-C4 Commercial Mortgage Trust,0001655153,,,10-K,2022-03-16,edgar/data/1655153/0001888524-22-003113.txt
"BEYOND MEAT, INC.",0001655210,BYND,,10-K,2022-03-02,edgar/data/1655210/0001655210-22-000019.txt
"Messagebgone, Inc.",0001655349,,,10-K,2022-01-12,edgar/data/1655349/0001683168-22-000228.txt
Morgan Stanley Bank of America Merrill Lynch Trust 2015-C26,0001655591,,,10-K,2022-03-29,edgar/data/1655591/0001888524-22-003537.txt
"ARVINAS, INC.",0001655759,ARVN,,10-K,2022-02-28,edgar/data/1655759/0001628280-22-004262.txt
Owl Rock Capital Corp II,0001655887,,,10-K,2022-03-04,edgar/data/1655887/0000950170-22-002917.txt
Owl Rock Capital Corp,0001655888,OBDC,,10-K,2022-02-23,edgar/data/1655888/0000950170-22-001814.txt
Morgan Stanley Bank of America Merrill Lynch Trust 2015-C27,0001656047,,,10-K,2022-03-28,edgar/data/1656047/0001888524-22-003522.txt
JPMBB Commercial Mortgage Securities Trust 2015-C33,0001656088,,,10-K,2022-03-21,edgar/data/1656088/0001888524-22-003219.txt
Cronos Group Inc.,0001656472,CRON,,10-K,2022-03-01,edgar/data/1656472/0001656472-22-000034.txt
"Decibel Therapeutics, Inc.",0001656536,,,10-K,2022-03-18,edgar/data/1656536/0000950170-22-004130.txt
"Gritstone bio, Inc.",0001656634,,,10-K,2022-03-10,edgar/data/1656634/0000950170-22-003366.txt
Wells Fargo Commercial Mortgage Trust 2015-NXS4,0001656681,,,10-K,2022-03-15,edgar/data/1656681/0001888524-22-003036.txt
GS Mortgage Securities Trust 2015-GS1,0001656839,,,10-K,2022-03-15,edgar/data/1656839/0001888524-22-003070.txt
MGM Growth Properties LLC,0001656936,,,10-K,2022-02-16,edgar/data/1656936/0001656936-22-000007.txt
"Road Marshall, Inc.",0001657249,,,10-K,2022-01-12,edgar/data/1657249/0001599916-22-000013.txt
Verona Pharma plc,0001657312,,,10-K,2022-03-03,edgar/data/1657312/0001657312-22-000010.txt
Citigroup Commercial Mortgage Trust 2015-GC35,0001657325,,,10-K,2022-03-31,edgar/data/1657325/0001564590-22-012886.txt
"Xometry, Inc.",0001657573,XMTR,,10-K,2022-03-18,edgar/data/1657573/0000950170-22-004158.txt
Parkway Acquisition Corp.,0001657642,SLBK,,10-K,2022-03-25,edgar/data/1657642/0001437749-22-007203.txt
"Kimbell Royalty Partners, LP",0001657788,KRP,,10-K,2022-02-25,edgar/data/1657788/0001558370-22-002143.txt
"HERTZ GLOBAL HOLDINGS, INC",0001657853,HTZWW,,10-K,2022-02-23,edgar/data/1657853/0001657853-22-000012.txt
Morgan Stanley Capital I Trust 2015-UBS8,0001657889,,,10-K,2022-03-29,edgar/data/1657889/0001888524-22-003578.txt
"Crinetics Pharmaceuticals, Inc.",0001658247,CRNX,,10-K,2022-03-30,edgar/data/1658247/0000950170-22-005050.txt
"Amylyx Pharmaceuticals, Inc.",0001658551,AMLX,,10-K,2022-03-31,edgar/data/1658551/0000950170-22-005157.txt
"Centennial Resource Development, Inc.",0001658566,PR,,10-K,2022-02-24,edgar/data/1658566/0001658566-22-000022.txt
Fortive Corp,0001659166,FTV,,10-K,2022-03-01,edgar/data/1659166/0001659166-22-000054.txt
Iterum Therapeutics plc,0001659323,ITRM,,10-K,2022-03-28,edgar/data/1659323/0001564590-22-011897.txt
WELLS FARGO COMMERCIAL MORTGAGE TRUST 2015-P2,0001659329,,,10-K,2022-03-09,edgar/data/1659329/0001888524-22-002606.txt
"Codiak BioSciences, Inc.",0001659352,,,10-K,2022-03-10,edgar/data/1659352/0000950170-22-003373.txt
"Moleculin Biotech, Inc.",0001659617,MBRX,,10-K,2022-03-24,edgar/data/1659617/0001437749-22-007103.txt
JPMCC Commercial Mortgage Securities Trust 2015-JP1,0001659981,,,10-K,2022-03-21,edgar/data/1659981/0001888524-22-003215.txt
"Okta, Inc.",0001660134,OKTA,,10-K,2022-03-07,edgar/data/1660134/0001660134-22-000010.txt
"Tenable Holdings, Inc.",0001660280,TENB,,10-K,2022-02-25,edgar/data/1660280/0001660280-22-000035.txt
Verrica Pharmaceuticals Inc.,0001660334,VRCA,,10-K,2022-03-02,edgar/data/1660334/0000950170-22-002685.txt
Triton International Ltd,0001660734,TRTN-PG,,10-K,2022-02-15,edgar/data/1660734/0001660734-22-000038.txt
enVVeno Medical Corp,0001661053,NVNBW,,10-K,2022-03-28,edgar/data/1661053/0001493152-22-007802.txt
"NextCure, Inc.",0001661059,NXTC,,10-K,2022-03-03,edgar/data/1661059/0001558370-22-002824.txt
CSAIL 2016-C5 Commercial Mortgage Trust,0001661136,,,10-K,2022-03-16,edgar/data/1661136/0001888524-22-003107.txt
Organogenesis Holdings Inc.,0001661181,ORGO,,10-K,2022-03-01,edgar/data/1661181/0001193125-22-061686.txt
"Hancock Park Corporate Income, Inc.",0001661306,,,10-K,2022-03-18,edgar/data/1661306/0001661306-22-000019.txt
"Highlands REIT, Inc.",0001661458,,,10-K,2022-03-16,edgar/data/1661458/0001661458-22-000004.txt
"Poseida Therapeutics, Inc.",0001661460,,,10-K,2022-03-10,edgar/data/1661460/0001564590-22-009681.txt
CFCRE 2016-C3 Mortgage Trust,0001661589,,,10-K,2022-03-10,edgar/data/1661589/0001888524-22-002700.txt
SATIVUS TECH CORP.,0001661600,SATT,,10-K,2022-03-31,edgar/data/1661600/0001213900-22-016757.txt
"Homology Medicines, Inc.",0001661998,QTTB,,10-K,2022-03-23,edgar/data/1661998/0000950170-22-004401.txt
"Cyteir Therapeutics, Inc.",0001662244,,,10-K,2022-03-16,edgar/data/1662244/0000950170-22-003914.txt
BRAIN SCIENTIFIC INC.,0001662382,,,10-K,2022-03-31,edgar/data/1662382/0001213900-22-016981.txt
"C4 Therapeutics, Inc.",0001662579,CCCC,,10-K,2022-02-24,edgar/data/1662579/0001564590-22-006499.txt
"KULR Technology Group, Inc.",0001662684,KULR,,10-K,2022-03-28,edgar/data/1662684/0001410578-22-000548.txt
"Cortexyme, Inc.",0001662774,QNCX,,10-K,2022-03-01,edgar/data/1662774/0000950170-22-002571.txt
Wells Fargo Commercial Mortgage Trust 2016-NXS5,0001662784,,,10-K,2022-03-09,edgar/data/1662784/0001888524-22-002585.txt
"Blackstone Real Estate Income Trust, Inc.",0001662972,BSTT,,10-K,2022-03-14,edgar/data/1662972/0001662972-22-000027.txt
Sezzle Inc.,0001662991,SEZL,,10-K,2022-03-30,edgar/data/1662991/0001662991-22-000006.txt
COMM 2016-CCRE28 Mortgage Trust,0001663239,,,10-K,2022-03-15,edgar/data/1663239/0001888524-22-002939.txt
Wells Fargo Commercial Mortgage Trust 2016-C32,0001663240,,,10-K,2022-03-11,edgar/data/1663240/0001888524-22-002790.txt
COMM 2016-DC2 Mortgage Trust,0001663244,,,10-K,2022-03-16,edgar/data/1663244/0001020242-22-000053.txt
CITIGROUP COMMERCIAL MORTGAGE TRUST 2016-GC36,0001663645,,,10-K,2022-03-29,edgar/data/1663645/0001888524-22-003628.txt
"LogicBio Therapeutics, Inc.",0001664106,,,10-K,2022-03-04,edgar/data/1664106/0001564590-22-008771.txt
"ALTITUDE INTERNATIONAL HOLDINGS, INC.",0001664127,,,10-K,2022-03-15,edgar/data/1664127/0001493152-22-006867.txt
Morgan Stanley Capital I Trust 2016-UBS9,0001664682,,,10-K,2022-03-31,edgar/data/1664682/0001888524-22-004032.txt
Bloom Energy Corp,0001664703,BE,,10-K,2022-02-25,edgar/data/1664703/0001664703-22-000034.txt
"Keros Therapeutics, Inc.",0001664710,KROS,,10-K,2022-03-09,edgar/data/1664710/0001664710-22-000011.txt
MBC FUNDING II CORP.,0001664740,,,10-K,2022-03-11,edgar/data/1664740/0001493152-22-006641.txt
"RODIN INCOME TRUST, INC.",0001664780,,,10-K,2022-03-30,edgar/data/1664780/0001564590-22-012647.txt
"KnowBe4, Inc.",0001664998,,,10-K,2022-03-10,edgar/data/1664998/0001664998-22-000025.txt
Morgan Stanley Bank of America Merrill Lynch Trust 2016-C28,0001665081,,,10-K,2022-03-15,edgar/data/1665081/0001888524-22-002955.txt
US Foods Holding Corp.,0001665918,USFD,,10-K,2022-02-17,edgar/data/1665918/0001665918-22-000008.txt
Bioventus Inc.,0001665988,BVS,,10-K,2022-03-11,edgar/data/1665988/0001628280-22-005816.txt
"Cardlytics, Inc.",0001666071,CDLX,,10-K,2022-03-01,edgar/data/1666071/0001666071-22-000022.txt
"BLACKLINE, INC.",0001666134,BL,,10-K,2022-02-25,edgar/data/1666134/0001666134-22-000003.txt
JPMBB Commercial Mortgage Securities Trust 2016-C1,0001666156,,,10-K,2022-03-10,edgar/data/1666156/0001888524-22-002694.txt
"Cantor Fitzgerald Income Trust, Inc.",0001666244,,,10-K,2022-03-30,edgar/data/1666244/0001564590-22-012650.txt
"Claros Mortgage Trust, Inc.",0001666291,CMTG,,10-K,2022-03-16,edgar/data/1666291/0001564590-22-010515.txt
"AG Twin Brook BDC, Inc.",0001666384,,,10-K,2022-03-10,edgar/data/1666384/0001135428-22-000028.txt
"DuPont de Nemours, Inc.",0001666700,DD,,10-K,2022-02-11,edgar/data/1666700/0001666700-22-000009.txt
"Arteris, Inc.",0001667011,AIP,,10-K,2022-03-07,edgar/data/1667011/0001667011-22-000010.txt
"Randolph Bancorp, Inc.",0001667161,,,10-K,2022-03-10,edgar/data/1667161/0001564590-22-009626.txt
"Digital Brands Group, Inc.",0001668010,DBGI,,10-K,2022-03-31,edgar/data/1668010/0001104659-22-041083.txt
UroGen Pharma Ltd.,0001668243,URGN,,10-K,2022-03-21,edgar/data/1668243/0001437749-22-006778.txt
"Medpace Holdings, Inc.",0001668397,MEDP,,10-K,2022-02-15,edgar/data/1668397/0000950170-22-001280.txt
"PetIQ, Inc.",0001668673,,,10-K,2022-03-01,edgar/data/1668673/0001558370-22-002584.txt
DBJPM 2016-C1 Mortgage Trust,0001668738,,,10-K,2022-03-16,edgar/data/1668738/0001888524-22-003095.txt
Wells Fargo Commercial Mortgage Trust 2016-C33,0001668931,,,10-K,2022-03-09,edgar/data/1668931/0001888524-22-002591.txt
"Kinsale Capital Group, Inc.",0001669162,KNSL,,10-K,2022-02-25,edgar/data/1669162/0001669162-22-000011.txt
"Duke Energy Florida Project Finance, LLC",0001669374,,,10-K,2022-03-29,edgar/data/1669374/0001669374-22-000008.txt
Citigroup Commercial Mortgage Trust 2016-P3,0001669393,,,10-K,2022-03-31,edgar/data/1669393/0001564590-22-012859.txt
"Camping World Holdings, Inc.",0001669779,CWH,,10-K,2022-02-24,edgar/data/1669779/0001558370-22-001817.txt
"Donnelley Financial Solutions, Inc.",0001669811,DFIN,,10-K,2022-02-22,edgar/data/1669811/0000950170-22-001605.txt
Morgan Stanley Bank of America Merrill Lynch Trust 2016-C29,0001669990,,,10-K,2022-03-30,edgar/data/1669990/0001888524-22-003967.txt
"Frontier Group Holdings, Inc.",0001670076,ULCC,,10-K,2022-02-23,edgar/data/1670076/0001670076-22-000016.txt
"U.S. WELL SERVICES, INC.",0001670349,,,10-K,2022-03-30,edgar/data/1670349/0000950170-22-005071.txt
"YETI Holdings, Inc.",0001670592,YETI,,10-K,2022-02-28,edgar/data/1670592/0001670592-22-000009.txt
Citigroup Commercial Mortgage Trust 2016-GC37,0001670601,,,10-K,2022-03-31,edgar/data/1670601/0001564590-22-012858.txt
CFCRE 2016-C4 Mortgage Trust,0001671048,,,10-K,2022-03-21,edgar/data/1671048/0001853620-22-000070.txt
MED SPA VACATIONS INC.,0001671077,,,10-K,2022-03-24,edgar/data/1671077/0001640334-22-000577.txt
Bright Health Group Inc.,0001671284,NEUE,,10-K,2022-03-18,edgar/data/1671284/0001671284-22-000018.txt
JPMDB Commercial Mortgage Securities Trust 2016-C2,0001671520,,,10-K,2022-03-09,edgar/data/1671520/0001888524-22-002620.txt
Aptevo Therapeutics Inc.,0001671584,APVO,,10-K,2022-03-24,edgar/data/1671584/0001564590-22-011575.txt
GS Mortgage Securities Trust 2016-GS2,0001671740,,,10-K,2022-03-10,edgar/data/1671740/0001888524-22-002738.txt
"Oncorus, Inc.",0001671818,,,10-K,2022-03-09,edgar/data/1671818/0000950170-22-003228.txt
"Silverback Therapeutics, Inc.",0001671858,SPRY,,10-K,2022-03-31,edgar/data/1671858/0000950170-22-005202.txt
"Trade Desk, Inc.",0001671933,TTD,,10-K,2022-02-16,edgar/data/1671933/0001564590-22-005385.txt
Acushnet Holdings Corp.,0001672013,GOLF,,10-K,2022-03-01,edgar/data/1672013/0001672013-22-000009.txt
Wells Fargo Commercial Mortgage Trust 2016-C34,0001672587,,,10-K,2022-03-09,edgar/data/1672587/0001888524-22-002573.txt
CSAIL 2016-C6 Commercial Mortgage Trust,0001672609,,,10-K,2022-03-17,edgar/data/1672609/0001888524-22-003191.txt
IMARA Inc.,0001672619,ELVN,,10-K,2022-03-15,edgar/data/1672619/0001564590-22-010216.txt
Absci Corp,0001672688,ABSI,,10-K,2022-03-22,edgar/data/1672688/0001628280-22-006925.txt
"Arboretum Silverleaf Income Fund, L.P.",0001672773,,,10-K,2022-03-31,edgar/data/1672773/0001493152-22-008307.txt
Canterbury Park Holding Corp,0001672909,CPHC,,10-K,2022-03-21,edgar/data/1672909/0001437749-22-006804.txt
Citigroup Commercial Mortgage Trust 2016-C1,0001673255,,,10-K,2022-03-31,edgar/data/1673255/0001564590-22-012864.txt
"Yum China Holdings, Inc.",0001673358,YUMC,,10-K,2022-02-28,edgar/data/1673358/0001564590-22-007640.txt
Shengshi Elevator International Holding Group Inc.,0001673504,AGLY,,10-K,2022-03-15,edgar/data/1673504/0001829126-22-006094.txt
Bank of America Merrill Lynch Commercial Mortgage Trust 2016-UBS10,0001673542,,,10-K,2022-03-16,edgar/data/1673542/0001888524-22-003083.txt
"RAPT Therapeutics, Inc.",0001673772,RAPT,,10-K,2022-03-10,edgar/data/1673772/0001564590-22-009488.txt
AdvanSix Inc.,0001673985,ASIX,,10-K,2022-02-18,edgar/data/1673985/0001673985-22-000010.txt
Vertiv Holdings Co,0001674101,VRT,,10-K,2022-03-01,edgar/data/1674101/0001628280-22-004533.txt
Hilton Grand Vacations Inc.,0001674168,HGV,,10-K,2022-03-01,edgar/data/1674168/0000950170-22-002564.txt
SCWorx Corp.,0001674227,WORX,,10-K,2022-03-31,edgar/data/1674227/0001213900-22-016685.txt
"JELD-WEN Holding, Inc.",0001674335,JELD,,10-K,2022-02-22,edgar/data/1674335/0001674335-22-000028.txt
"Terra Property Trust, Inc.",0001674356,TPTA,,10-K,2022-03-11,edgar/data/1674356/0001674356-22-000008.txt
Aptinyx Inc.,0001674365,,,10-K,2022-03-23,edgar/data/1674365/0001558370-22-004153.txt
CRISPR Therapeutics AG,0001674416,CRSP,,10-K,2022-02-15,edgar/data/1674416/0000950170-22-001282.txt
Goldman Sachs Private Middle Market Credit LLC,0001674760,,,10-K,2022-03-04,edgar/data/1674760/0000950170-22-002844.txt
"Fulgent Genetics, Inc.",0001674930,FLGT,,10-K,2022-02-28,edgar/data/1674930/0001564590-22-007366.txt
Great Elm Capital Corp.,0001675033,GECCI,,10-K,2022-03-04,edgar/data/1675033/0001564590-22-008636.txt
Alcoa Corp,0001675149,AA,,10-K,2022-02-24,edgar/data/1675149/0001564590-22-006763.txt
"FVCBankcorp, Inc.",0001675644,FVCB,,10-K,2022-03-24,edgar/data/1675644/0001675644-22-000019.txt
SG Commercial Mortgage Securities Trust 2016-C5,0001675928,,,10-K,2022-03-09,edgar/data/1675928/0001888524-22-002630.txt
"AVRA Medical Robotics, Inc.",0001676163,SSII,,10-K,2022-02-22,edgar/data/1676163/0001213900-22-008544.txt
"Braze, Inc.",0001676238,BRZE,,10-K,2022-03-31,edgar/data/1676238/0001676238-22-000005.txt
"CapStar Financial Holdings, Inc.",0001676479,,,10-K,2022-03-07,edgar/data/1676479/0000950170-22-002932.txt
"IDEAYA Biosciences, Inc.",0001676725,IDYA,,10-K,2022-03-18,edgar/data/1676725/0001564590-22-010922.txt
Wells Fargo Commercial Mortgage Trust 2016-C35,0001676734,,,10-K,2022-03-10,edgar/data/1676734/0001888524-22-002688.txt
DBJPM 2016-C3 Mortgage Trust,0001677390,,,10-K,2022-03-16,edgar/data/1677390/0001888524-22-003152.txt
INNOVATIVE INDUSTRIAL PROPERTIES INC,0001677576,IIPR-PA,,10-K,2022-02-24,edgar/data/1677576/0001558370-22-001947.txt
CONDUENT Inc,0001677703,CNDT,,10-K,2022-02-23,edgar/data/1677703/0001677703-22-000015.txt
CITIGROUP COMMERCIAL MORTGAGE TRUST 2016-P4,0001677913,,,10-K,2022-03-31,edgar/data/1677913/0001564590-22-012855.txt
JPMCC Commercial Mortgage Securities Trust 2016-JP2,0001678038,,,10-K,2022-03-09,edgar/data/1678038/0001888524-22-002639.txt
"Forterra, Inc.",0001678463,,,10-K,2022-03-01,edgar/data/1678463/0001678463-22-000020.txt
Prelude Therapeutics Inc,0001678660,PRLD,,10-K,2022-03-17,edgar/data/1678660/0001564590-22-010723.txt
Morgan Stanley Capital I Trust 2016-UBS11,0001678740,,,10-K,2022-03-29,edgar/data/1678740/0001888524-22-003613.txt
"International Seaways, Inc.",0001679049,INSW,,10-K,2022-03-02,edgar/data/1679049/0001558370-22-002682.txt
"Chicken Soup for the Soul Entertainment, Inc.",0001679063,,,10-K,2022-03-31,edgar/data/1679063/0001558370-22-004926.txt
"MAMMOTH ENERGY SERVICES, INC.",0001679268,TUSK,,10-K,2022-03-04,edgar/data/1679268/0001679268-22-000006.txt
CD 2016-CD1 Mortgage Trust,0001679327,,,10-K,2022-03-16,edgar/data/1679327/0001888524-22-003173.txt
"Morphic Holding, Inc.",0001679363,,,10-K,2022-02-24,edgar/data/1679363/0001679363-22-000010.txt
Wells Fargo Commercial Mortgage Trust 2016-BNK1,0001679420,,,10-K,2022-03-15,edgar/data/1679420/0001888524-22-002988.txt
"DigitalBridge Group, Inc.",0001679688,DBRG-PJ,,10-K,2022-02-28,edgar/data/1679688/0001679688-22-000008.txt
"Coinbase Global, Inc.",0001679788,COIN,,10-K,2022-02-25,edgar/data/1679788/0001679788-22-000031.txt
Ping Identity Holding Corp.,0001679826,,,10-K,2022-02-24,edgar/data/1679826/0001558370-22-001977.txt
"MUSTANG BIO, INC.",0001680048,MBIO,,10-K,2022-03-23,edgar/data/1680048/0001558370-22-004143.txt
"ACM Research, Inc.",0001680062,ACMR,,10-K,2022-03-01,edgar/data/1680062/0001140361-22-007348.txt
HealthLynked Corp,0001680139,HLYK,,10-K,2022-03-31,edgar/data/1680139/0001213900-22-016741.txt
ProPetro Holding Corp.,0001680247,PUMP,,10-K,2022-02-25,edgar/data/1680247/0001680247-22-000007.txt
"Shattuck Labs, Inc.",0001680367,STTK,,10-K,2022-03-15,edgar/data/1680367/0001680367-22-000005.txt
"SenesTech, Inc.",0001680378,SNES,,10-K,2022-03-29,edgar/data/1680378/0001213900-22-015848.txt
"Sterling Bancorp, Inc.",0001680379,,,10-K,2022-03-31,edgar/data/1680379/0001104659-22-040965.txt
"Fulcrum Therapeutics, Inc.",0001680581,FULC,,10-K,2022-03-03,edgar/data/1680581/0000950170-22-002727.txt
CITIGROUP COMMERCIAL MORTGAGE TRUST 2016-C2,0001681031,,,10-K,2022-03-31,edgar/data/1681031/0001564590-22-012861.txt
"AVROBIO, Inc.",0001681087,TECX,,10-K,2022-03-17,edgar/data/1681087/0001564590-22-010895.txt
Urban Edge Properties LP,0001681169,,,10-K,2022-02-16,edgar/data/1681169/0001611547-22-000012.txt
"NI Holdings, Inc.",0001681206,NODK,,10-K,2022-03-09,edgar/data/1681206/0001174947-22-000353.txt
TechnipFMC plc,0001681459,FTI,,10-K,2022-02-28,edgar/data/1681459/0001681459-22-000005.txt
ENDRA Life Sciences Inc.,0001681682,NDRA,,10-K,2022-03-30,edgar/data/1681682/0001654954-22-004172.txt
"ICC Holdings, Inc.",0001681903,,,10-K,2022-03-30,edgar/data/1681903/0001681903-22-000008.txt
Morgan Stanley Bank of America Merrill Lynch Trust 2016-C30,0001681906,,,10-K,2022-03-29,edgar/data/1681906/0001888524-22-003661.txt
"Summit Wireless Technologies, Inc.",0001682149,DVLT,,10-K,2022-03-11,edgar/data/1682149/0001410578-22-000337.txt
Sachem Capital Corp.,0001682220,SCCG,,10-K,2022-03-31,edgar/data/1682220/0001410578-22-000767.txt
GTY Technology Holdings Inc.,0001682325,,,10-K,2022-02-18,edgar/data/1682325/0001558370-22-001433.txt
GS Mortgage Securities Trust 2016-GS3,0001682405,,,10-K,2022-03-14,edgar/data/1682405/0001888524-22-002913.txt
"EYENOVIA, INC.",0001682639,HYPD,,10-K,2022-03-30,edgar/data/1682639/0001410578-22-000649.txt
"Moderna, Inc.",0001682852,MRNA,,10-K,2022-02-25,edgar/data/1682852/0001682852-22-000012.txt
Wells Fargo Commercial Mortgage Trust 2016-LC24,0001682860,,,10-K,2022-03-09,edgar/data/1682860/0001888524-22-002595.txt
JPMCC Commercial Mortgage Securities Trust 2016-JP3,0001683300,,,10-K,2022-03-08,edgar/data/1683300/0001888524-22-002563.txt
Wells Fargo Commercial Mortgage Trust 2016-NXS6,0001683489,,,10-K,2022-03-09,edgar/data/1683489/0001888524-22-002607.txt
"SPRUCE BIOSCIENCES, INC.",0001683553,SPRB,,10-K,2022-03-14,edgar/data/1683553/0000950170-22-003582.txt
Cars.com Inc.,0001683606,CARS,,10-K,2022-02-25,edgar/data/1683606/0000950170-22-002101.txt
"International Money Express, Inc.",0001683695,IMXI,,10-K,2022-03-07,edgar/data/1683695/0001683695-22-000004.txt
CITIGROUP COMMERCIAL MORTGAGE TRUST 2016-P5,0001684093,,,10-K,2022-03-31,edgar/data/1684093/0001564590-22-012851.txt
Zomedica Corp.,0001684144,ZOMDF,,10-K,2022-03-01,edgar/data/1684144/0001654954-22-002343.txt
"CNL Strategic Capital, LLC",0001684682,,,10-K,2022-03-31,edgar/data/1684682/0001684682-22-000005.txt
"Brighthouse Financial, Inc.",0001685040,BHFAO,,10-K,2022-02-24,edgar/data/1685040/0001685040-22-000006.txt
CD 2016-CD2 Mortgage Trust,0001685054,,,10-K,2022-03-23,edgar/data/1685054/0001888524-22-003251.txt
COMM 2016-COR1 Mortgage Trust,0001685212,,,10-K,2022-03-14,edgar/data/1685212/0001888524-22-002868.txt
CFCRE 2016-C6 Mortgage Trust,0001685854,,,10-K,2022-03-09,edgar/data/1685854/0001888524-22-002618.txt
Wells Fargo Commercial Mortgage Trust 2016-C36,0001686150,,,10-K,2022-03-10,edgar/data/1686150/0001888524-22-002704.txt
"Motus GI Holdings, Inc.",0001686850,,,10-K,2022-03-29,edgar/data/1686850/0001493152-22-008021.txt
Morgan Stanley Bank of America Merrill Lynch Trust 2016-C31,0001687031,,,10-K,2022-03-15,edgar/data/1687031/0001888524-22-003061.txt
"China WuYi Mountain, Ltd.",0001687065,,,10-K,2022-02-17,edgar/data/1687065/0001477932-22-000921.txt
JPMDB Commercial Mortgage Securities Trust 2016-C4,0001687202,,,10-K,2022-03-09,edgar/data/1687202/0001888524-22-002581.txt
Invitation Homes Inc.,0001687229,INVH,,10-K,2022-02-22,edgar/data/1687229/0001687229-22-000002.txt
Morgan Stanley Capital I Trust 2016-BNK2,0001687374,,,10-K,2022-03-29,edgar/data/1687374/0001888524-22-003576.txt
CANADIAN PACIFIC RAILWAY LTD/CN,0000016875,CP,,10-K,2022-02-23,edgar/data/16875/0000016875-22-000010.txt
CITIGROUP COMMERCIAL MORTGAGE TRUST 2016-C3,0001687605,,,10-K,2022-03-31,edgar/data/1687605/0001564590-22-012857.txt
FORGE INNOVATION DEVELOPMENT CORP.,0001687919,FGNV,,10-K,2022-03-30,edgar/data/1687919/0001493152-22-008154.txt
GS Mortgage Securities Trust 2016-GS4,0001687955,,,10-K,2022-03-11,edgar/data/1687955/0001888524-22-002780.txt
Crypto Co,0001688126,CRCW,,10-K,2022-03-10,edgar/data/1688126/0001493152-22-006549.txt
CSAIL 2016-C7 Commercial Mortgage Trust,0001688149,,,10-K,2022-03-25,edgar/data/1688149/0001888524-22-003422.txt
Wells Fargo Commercial Mortgage Trust 2016-LC25,0001688451,,,10-K,2022-03-11,edgar/data/1688451/0001888524-22-002810.txt
NEXTIER OILFIELD SOLUTIONS INC.,0001688476,,,10-K,2022-02-23,edgar/data/1688476/0001688476-22-000061.txt
Metaurus Equity Component Trust,0001688487,,,10-K,2022-03-30,edgar/data/1688487/0001213900-22-016216.txt
ESTABLISHMENT LABS HOLDINGS INC.,0001688757,ESTA,,10-K,2022-03-01,edgar/data/1688757/0001688757-22-000019.txt
Safehold Inc.,0001688852,,,10-K,2022-02-15,edgar/data/1688852/0001688852-22-000007.txt
Wells Fargo Commercial Mortgage Trust 2016-C37,0001688957,,,10-K,2022-03-11,edgar/data/1688957/0001888524-22-002806.txt
Qrons Inc.,0001689084,,,10-K,2022-03-11,edgar/data/1689084/0001477932-22-001307.txt
JPMCC Commercial Mortgage Securities Trust 2016-JP4,0001689111,,,10-K,2022-03-09,edgar/data/1689111/0001888524-22-002659.txt
"Entrada Therapeutics, Inc.",0001689375,TRDA,,10-K,2022-03-15,edgar/data/1689375/0001558370-22-003614.txt
Morgan Stanley Capital I Trust 2016-UBS12,0001689417,,,10-K,2022-03-29,edgar/data/1689417/0001888524-22-003562.txt
"Praxis Precision Medicines, Inc.",0001689548,PRAX,,10-K,2022-02-28,edgar/data/1689548/0001689548-22-000014.txt
"Berkeley Lights, Inc.",0001689657,,,10-K,2022-02-28,edgar/data/1689657/0001689657-22-000006.txt
"Southern States Bancshares, Inc.",0001689731,,,10-K,2022-03-18,edgar/data/1689731/0001628280-22-006667.txt
JBG SMITH Properties,0001689796,JBGS,,10-K,2022-02-22,edgar/data/1689796/0001558370-22-001602.txt
Biohaven Pharmaceutical Holding Co Ltd.,0001689813,,,10-K,2022-02-25,edgar/data/1689813/0001689813-22-000014.txt
"Alteryx, Inc.",0001689923,,,10-K,2022-02-15,edgar/data/1689923/0001689923-22-000023.txt
"InPoint Commercial Real Estate Income, Inc.",0001690012,ICRP,,10-K,2022-03-11,edgar/data/1690012/0001564590-22-009873.txt
180 Life Sciences Corp.,0001690080,ETHZ,,10-K,2022-03-31,edgar/data/1690080/0001213900-22-016352.txt
CFCRE 2016-C7 Mortgage Trust,0001690110,,,10-K,2022-03-09,edgar/data/1690110/0001888524-22-002622.txt
CITIGROUP COMMERCIAL MORTGAGE TRUST 2016-P6,0001690255,,,10-K,2022-03-31,edgar/data/1690255/0001564590-22-012880.txt
SEACOR Marine Holdings Inc.,0001690334,SMHI,,10-K,2022-03-10,edgar/data/1690334/0001564590-22-009707.txt
"BioCrude Technologies USA, Inc.",0001690384,,,10-K,2022-03-23,edgar/data/1690384/0001731122-22-000498.txt
"FS Credit Real Estate Income Trust, Inc.",0001690536,,,10-K,2022-03-30,edgar/data/1690536/0001193125-22-090076.txt
Morgan Stanley Bank of America Merrill Lynch Trust 2016-C32,0001690577,,,10-K,2022-03-15,edgar/data/1690577/0001888524-22-002953.txt
"Magenta Therapeutics, Inc.",0001690585,DNTH,,10-K,2022-03-08,edgar/data/1690585/0001193125-22-068759.txt
"NEWMARK GROUP, INC.",0001690680,NMRK,,10-K,2022-03-01,edgar/data/1690680/0001690680-22-000011.txt
CARVANA CO.,0001690820,CVNA,,10-K,2022-02-24,edgar/data/1690820/0001690820-22-000080.txt
"EVmo, Inc.",0001691077,,,10-K,2022-03-31,edgar/data/1691077/0001493152-22-008429.txt
CSMC 2016-NXSR Commercial Mortgage Trust,0001691198,,,10-K,2022-03-15,edgar/data/1691198/0001888524-22-003071.txt
MGM Growth Properties Operating Partnership LP,0001691299,,,10-K,2022-02-16,edgar/data/1691299/0001656936-22-000007.txt
"WARRIOR MET COAL, INC.",0001691303,HCC,,10-K,2022-02-22,edgar/data/1691303/0001691303-22-000006.txt
"Lemonade, Inc.",0001691421,LMND-WT,,10-K,2022-03-01,edgar/data/1691421/0001691421-22-000015.txt
"STRYVE FOODS, INC.",0001691936,,,10-K,2022-03-31,edgar/data/1691936/0000950170-22-005238.txt
"Schneider National, Inc.",0001692063,SNDR,,10-K,2022-02-18,edgar/data/1692063/0001692063-22-000050.txt
"Southwest Gas Holdings, Inc.",0001692115,SWX,,10-K,2022-03-01,edgar/data/1692115/0001692115-22-000005.txt
Life Partners Position Holder Trust,0001692144,,,10-K,2022-03-16,edgar/data/1692144/0001654954-22-003205.txt
"PROCACCIANTI HOTEL REIT, INC.",0001692345,PRXA,,10-K,2022-03-25,edgar/data/1692345/0001558370-22-004352.txt
"Velocity Financial, Inc.",0001692376,VEL,,10-K,2022-03-15,edgar/data/1692376/0000950170-22-003636.txt
Playa Hotels & Resorts N.V.,0001692412,,,10-K,2022-02-24,edgar/data/1692412/0001692412-22-000042.txt
"Co-Diagnostics, Inc.",0001692415,CODX,,10-K,2022-03-24,edgar/data/1692415/0001493152-22-007662.txt
"NCS Multistage Holdings, Inc.",0001692427,NCSM,,10-K,2022-03-08,edgar/data/1692427/0001692427-22-000008.txt
Altus Midstream Co,0001692787,KNTK,,10-K,2022-02-22,edgar/data/1692787/0001784031-22-000008.txt
Vistra Corp.,0001692819,VST,,10-K,2022-02-25,edgar/data/1692819/0001692819-22-000005.txt
"Satsuma Pharmaceuticals, Inc.",0001692830,,,10-K,2022-03-15,edgar/data/1692830/0001564590-22-010433.txt
"Cottonwood Communities, Inc.",0001692951,,,10-K,2022-03-30,edgar/data/1692951/0001692951-22-000032.txt
"Inozyme Pharma, Inc.",0001693011,,,10-K,2022-03-15,edgar/data/1693011/0000950170-22-003789.txt
"Select Energy Services, Inc.",0001693256,WTTR,,10-K,2022-02-23,edgar/data/1693256/0001558370-22-001752.txt
"Cheniere Corpus Christi Holdings, LLC",0001693317,,,10-K,2022-02-24,edgar/data/1693317/0001693317-22-000002.txt
CD 2017-CD3 Mortgage Trust,0001693368,,,10-K,2022-03-29,edgar/data/1693368/0001888524-22-003631.txt
"MainStreet Bancshares, Inc.",0001693577,MNSBP,,10-K,2022-03-23,edgar/data/1693577/0001564590-22-011471.txt
"MS YOUNG ADVENTURE ENTERPRISE, INC.",0001693687,GLVT,,10-K,2022-02-25,edgar/data/1693687/0001493152-22-005499.txt
UNITED CAPITAL CONSULTANTS INC.,0001693696,,,10-K,2022-03-31,edgar/data/1693696/0001393905-22-000096.txt
GS Mortgage Securities Trust 2017-GS5,0001693737,,,10-K,2022-03-14,edgar/data/1693737/0001888524-22-002905.txt
Liberty Oilfield Services Inc.,0001694028,LBRT,,10-K,2022-02-22,edgar/data/1694028/0001694028-22-000006.txt
"Delek US Holdings, Inc.",0001694426,DK,,10-K,2022-02-25,edgar/data/1694426/0001694426-22-000048.txt
Bank of America Merrill Lynch Commercial Mortgage Trust 2017-BNK3,0001694649,,,10-K,2022-03-15,edgar/data/1694649/0001888524-22-003057.txt
"Evelo Biosciences, Inc.",0001694665,,,10-K,2022-03-24,edgar/data/1694665/0001694665-22-000047.txt
JPMCC Commercial Mortgage Securities Trust 2017-JP5,0001695154,,,10-K,2022-03-09,edgar/data/1695154/0001888524-22-002603.txt
"HYDROFARM HOLDINGS GROUP, INC.",0001695295,HYFM,,10-K,2022-03-01,edgar/data/1695295/0001628280-22-004557.txt
"Provention Bio, Inc.",0001695357,,,10-K,2022-02-24,edgar/data/1695357/0001493152-22-005304.txt
Wells Fargo Commercial Mortgage Trust 2017-RC1,0001695924,,,10-K,2022-03-14,edgar/data/1695924/0001888524-22-002853.txt
Korth Direct Mortgage Inc.,0001695963,,,10-K,2022-03-31,edgar/data/1695963/0001214659-22-004576.txt
"ENERGY RESOURCES 12, L.P.",0001696088,,,10-K,2022-03-17,edgar/data/1696088/0001185185-22-000290.txt
Crona Corp.,0001696411,CCCP,,10-K,2022-03-31,edgar/data/1696411/0001696411-22-000004.txt
BBCMS Mortgage Trust 2017-C1,0001696707,,,10-K,2022-03-09,edgar/data/1696707/0001888524-22-002593.txt
"Solaris Oilfield Infrastructure, Inc.",0001697500,SEI,,10-K,2022-02-24,edgar/data/1697500/0001697500-22-000011.txt
Applied Therapeutics Inc.,0001697532,APLT,,10-K,2022-03-10,edgar/data/1697532/0001558370-22-003206.txt
Instadose Pharma Corp.,0001697587,,,10-K,2022-03-15,edgar/data/1697587/0001477932-22-001415.txt
"Stem Holdings, Inc.",0001697834,,,10-K,2022-01-13,edgar/data/1697834/0001493152-22-001152.txt
"Rekor Systems, Inc.",0001697851,REKR,,10-K,2022-03-31,edgar/data/1697851/0001437749-22-007845.txt
"MAPTELLIGENT, INC.",0001697935,,,10-K,2022-03-31,edgar/data/1697935/0001640334-22-000656.txt
"Farmers & Merchants Bancshares, Inc.",0001698022,FMFG,,10-K,2022-03-11,edgar/data/1698022/0001437749-22-005951.txt
"PARTS iD, Inc.",0001698113,,,10-K,2022-03-14,edgar/data/1698113/0001213900-22-012197.txt
"EXICURE, INC.",0001698530,XCUR,,10-K,2022-03-25,edgar/data/1698530/0001698530-22-000019.txt
"Strategic Student & Senior Housing Trust, Inc.",0001698538,STSR,,10-K,2022-03-22,edgar/data/1698538/0000950170-22-004296.txt
BANK 2017-BNK4,0001698685,,,10-K,2022-03-11,edgar/data/1698685/0001888524-22-002804.txt
Magnolia Oil & Gas Corp,0001698990,MGY,,10-K,2022-02-17,edgar/data/1698990/0001698990-22-000007.txt
"Accel Entertainment, Inc.",0001698991,ACEL,,10-K,2022-03-11,edgar/data/1698991/0001698991-22-000004.txt
"Ranger Energy Services, Inc.",0001699039,RNGR,,10-K,2022-03-30,edgar/data/1699039/0001699039-22-000029.txt
JPMDB Commercial Mortgage Securities Trust 2017-C5,0001699099,,,10-K,2022-03-09,edgar/data/1699099/0001888524-22-002577.txt
"Cactus, Inc.",0001699136,WHD,,10-K,2022-02-28,edgar/data/1699136/0001699136-22-000011.txt
Ingersoll Rand Inc.,0001699150,IR,,10-K,2022-02-25,edgar/data/1699150/0001628280-22-003991.txt
"PMV Pharmaceuticals, Inc.",0001699382,PMVP,,10-K,2022-03-01,edgar/data/1699382/0001564590-22-007860.txt
Wells Fargo Commercial Mortgage Trust 2017-RB1,0001699462,,,10-K,2022-03-11,edgar/data/1699462/0001888524-22-002847.txt
"Confluent, Inc.",0001699838,CFLT,,10-K,2022-02-24,edgar/data/1699838/0000950170-22-002008.txt
CITIGROUP COMMERCIAL MORTGAGE TRUST 2017-P7,0001700668,,,10-K,2022-03-30,edgar/data/1700668/0001564590-22-012434.txt
Vado Corp.,0001700849,,,10-K,2022-02-11,edgar/data/1700849/0001185185-22-000171.txt
"WideOpenWest, Inc.",0001701051,,,10-K,2022-02-24,edgar/data/1701051/0001558370-22-001834.txt
"Spero Therapeutics, Inc.",0001701108,SPRO,,10-K,2022-03-31,edgar/data/1701108/0000950170-22-005194.txt
"Blue Apron Holdings, Inc.",0001701114,,,10-K,2022-02-25,edgar/data/1701114/0001558370-22-002191.txt
"Black Diamond Therapeutics, Inc.",0001701541,BDTX,,10-K,2022-03-17,edgar/data/1701541/0001701541-22-000007.txt
Baker Hughes Co,0001701605,BKR,,10-K,2022-02-11,edgar/data/1701605/0001701605-22-000050.txt
JPMCC Commercial Mortgage Securities Trust 2017-JP6,0001701638,,,10-K,2022-03-15,edgar/data/1701638/0001888524-22-003043.txt
Altair Engineering Inc.,0001701732,,,10-K,2022-02-28,edgar/data/1701732/0001564590-22-007651.txt
"Muscle Maker, Inc.",0001701756,SDOT,,10-K,2022-03-17,edgar/data/1701756/0001493152-22-007100.txt
Lovesac Co,0001701758,LOVE,,10-K,2022-03-30,edgar/data/1701758/0001628280-22-007882.txt
"AEP Transmission Company, LLC",0001702494,,,10-K,2022-02-24,edgar/data/1702494/0000004904-22-000024.txt
"TCG BDC II, Inc.",0001702510,,,10-K,2022-02-28,edgar/data/1702510/0001702510-22-000005.txt
CD 2017-CD4 Mortgage Trust,0001702745,,,10-K,2022-03-16,edgar/data/1702745/0001888524-22-003171.txt
Morgan Stanley Bank of America Merrill Lynch Trust 2017-C33,0001702746,,,10-K,2022-03-29,edgar/data/1702746/0001888524-22-003570.txt
"BYLINE BANCORP, INC.",0001702750,BY,,10-K,2022-03-07,edgar/data/1702750/0000950170-22-003015.txt
"Altice USA, Inc.",0001702780,OPTU,,10-K,2022-02-16,edgar/data/1702780/0001628280-22-002873.txt
"WRAP TECHNOLOGIES, INC.",0001702924,WRAP,,10-K,2022-03-10,edgar/data/1702924/0001851734-22-000144.txt
ADT Inc.,0001703056,ADT,,10-K,2022-03-01,edgar/data/1703056/0001703056-22-000042.txt
AbCellera Biologics Inc.,0001703057,ABCL,,10-K,2022-02-25,edgar/data/1703057/0001564590-22-007077.txt
CFCRE 2017-C8 Mortgage Trust,0001703075,,,10-K,2022-03-10,edgar/data/1703075/0001888524-22-002686.txt
"Securetech Innovations, Inc.",0001703157,SCTH,,10-K,2022-03-30,edgar/data/1703157/0001017386-22-000084.txt
Granite Point Mortgage Trust Inc.,0001703644,GPMT-PA,,10-K,2022-02-25,edgar/data/1703644/0001703644-22-000056.txt
"Frequency Therapeutics, Inc.",0001703647,KRRO,,10-K,2022-03-15,edgar/data/1703647/0000950170-22-003655.txt
Falcon Minerals Corp,0001703785,,,10-K,2022-03-11,edgar/data/1703785/0001564590-22-009887.txt
"Concrete Pumping Holdings, Inc.",0001703956,BBCP,,10-K,2022-01-12,edgar/data/1703956/0001437749-22-000815.txt
"Bluejay Diagnostics, Inc.",0001704287,BJDX,,10-K,2022-03-10,edgar/data/1704287/0001213900-22-011417.txt
Zai Lab Ltd,0001704292,ZLAB,,10-K,2022-03-01,edgar/data/1704292/0001193125-22-061312.txt
GS Mortgage Securities Trust 2017-GS6,0001704459,,,10-K,2022-03-11,edgar/data/1704459/0001888524-22-002784.txt
"EVO Payments, Inc.",0001704596,,,10-K,2022-02-23,edgar/data/1704596/0001558370-22-001757.txt
"Funko, Inc.",0001704711,FNKO,,10-K,2022-03-03,edgar/data/1704711/0001704711-22-000007.txt
"Alpha Metallurgical Resources, Inc.",0001704715,AMR,,10-K,2022-03-07,edgar/data/1704715/0001704715-22-000012.txt
"Cannae Holdings, Inc.",0001704720,CNNE,,10-K,2022-02-25,edgar/data/1704720/0001704720-22-000020.txt
"Bantec, Inc.",0001704795,,,10-K,2022-01-07,edgar/data/1704795/0001213900-22-001080.txt
"Fat Brands, Inc",0001705012,FATBP,,10-K,2022-03-23,edgar/data/1705012/0001628280-22-007042.txt
Angi Inc.,0001705110,ANGI,,10-K,2022-03-01,edgar/data/1705110/0001705110-22-000021.txt
Morgan Stanley Capital I Trust 2017-H1,0001705163,,,10-K,2022-03-29,edgar/data/1705163/0001888524-22-003619.txt
Grayscale Ethereum Classic Trust (ETC),0001705181,ETCG,,10-K,2022-02-25,edgar/data/1705181/0000950170-22-002040.txt
"Life Partners IRA Holder Partnership, LLC",0001705222,,,10-K,2022-03-16,edgar/data/1705222/0001654954-22-003205.txt
Spark Networks SE,0001705338,,,10-K,2022-03-16,edgar/data/1705338/0001628280-22-006384.txt
VICI PROPERTIES INC.,0001705696,VICI,,10-K,2022-02-23,edgar/data/1705696/0001705696-22-000046.txt
"Calyxt, Inc.",0001705843,CBUS,,10-K,2022-03-03,edgar/data/1705843/0000950170-22-002808.txt
Berry Corp (bry),0001705873,,,10-K,2022-03-04,edgar/data/1705873/0001705873-22-000007.txt
UBS Commercial Mortgage Trust 2017-C1,0001706060,,,10-K,2022-03-15,edgar/data/1706060/0001888524-22-002981.txt
BANK 2017-BNK5,0001706303,,,10-K,2022-03-29,edgar/data/1706303/0001888524-22-003539.txt
DBJPM 2017-C6 Mortgage Trust,0001706403,,,10-K,2022-03-16,edgar/data/1706403/0001888524-22-003105.txt
"Vir Biotechnology, Inc.",0001706431,VIR,,10-K,2022-02-28,edgar/data/1706431/0000950170-22-002295.txt
"urban-gro, Inc.",0001706524,UGRO,,10-K,2022-03-29,edgar/data/1706524/0001493152-22-008018.txt
"Virgin Galactic Holdings, Inc",0001706946,SPCE,,10-K,2022-02-28,edgar/data/1706946/0001706946-22-000035.txt
Solid Biosciences Inc.,0001707502,SLDB,,10-K,2022-03-14,edgar/data/1707502/0001564590-22-009963.txt
Wells Fargo Commercial Mortgage Trust 2017-C38,0001707817,,,10-K,2022-03-11,edgar/data/1707817/0001888524-22-002808.txt
LINDE PLC,0001707925,LIN,,10-K,2022-02-28,edgar/data/1707925/0001628280-22-004180.txt
Ecovyst Inc.,0001708035,ECVT,,10-K,2022-03-01,edgar/data/1708035/0001708035-22-000006.txt
Ribbon Communications Inc.,0001708055,RBBN,,10-K,2022-03-11,edgar/data/1708055/0001708055-22-000003.txt
CSAIL 2017-C8 Commercial Mortgage Trust,0001708131,,,10-K,2022-03-16,edgar/data/1708131/0001888524-22-003121.txt
Hall of Fame Resort & Entertainment Co,0001708176,,,10-K,2022-03-14,edgar/data/1708176/0001213900-22-012190.txt
BP Midstream Partners LP,0001708301,,,10-K,2022-03-11,edgar/data/1708301/0001708301-22-000006.txt
"Virpax Pharmaceuticals, Inc.",0001708331,,,10-K,2022-03-31,edgar/data/1708331/0001213900-22-016740.txt
"Harpoon Therapeutics, Inc.",0001708493,,,10-K,2022-03-10,edgar/data/1708493/0000950170-22-003375.txt
"AZIYO BIOLOGICS, INC.",0001708527,ELUT,,10-K,2022-03-08,edgar/data/1708527/0001558370-22-003073.txt
"AgeX Therapeutics, Inc.",0001708599,SER,,10-K,2022-03-29,edgar/data/1708599/0001493152-22-008028.txt
Goldman Sachs Physical Gold ETF,0001708646,AAAU,,10-K,2022-03-07,edgar/data/1708646/0001193125-22-067886.txt
Hamilton Beach Brands Holding Co,0001709164,HBB,,10-K,2022-03-09,edgar/data/1709164/0001709164-22-000009.txt
"Rubius Therapeutics, Inc.",0001709401,,,10-K,2022-02-25,edgar/data/1709401/0001558370-22-002057.txt
FIRSTSUN CAPITAL BANCORP,0001709442,FSUN,,10-K,2022-03-25,edgar/data/1709442/0001709442-22-000009.txt
"Custom Truck One Source, Inc.",0001709682,CTOS,,10-K,2022-03-16,edgar/data/1709682/0001709682-22-000036.txt
JPMCC Commercial Mortgage Securities Trust 2017-JP7,0001709967,,,10-K,2022-03-09,edgar/data/1709967/0001888524-22-002611.txt
"Edgewise Therapeutics, Inc.",0001710072,EWTX,,10-K,2022-02-24,edgar/data/1710072/0001558370-22-001850.txt
"National Vision Holdings, Inc.",0001710155,EYE,,10-K,2022-02-28,edgar/data/1710155/0001710155-22-000010.txt
BANK 2017-BNK6,0001710261,,,10-K,2022-03-10,edgar/data/1710261/0001888524-22-002730.txt
"Eton Pharmaceuticals, Inc.",0001710340,ETON,,10-K,2022-03-16,edgar/data/1710340/0001493152-22-006990.txt
CD 2017-CD5 MORTGAGE TRUST,0001710360,,,10-K,2022-03-30,edgar/data/1710360/0001564590-22-012431.txt
CONSOL Energy Inc.,0001710366,CNR,,10-K,2022-02-11,edgar/data/1710366/0001437749-22-003140.txt
"Switch, Inc.",0001710583,,,10-K,2022-03-01,edgar/data/1710583/0001710583-22-000009.txt
GS Mortgage Securities Trust 2017-GS7,0001710765,,,10-K,2022-03-24,edgar/data/1710765/0001888524-22-003389.txt
Wells Fargo Commercial Mortgage Trust 2017-C39,0001710798,,,10-K,2022-03-15,edgar/data/1710798/0001888524-22-003051.txt
UBS Commercial Mortgage Trust 2017-C2,0001711142,,,10-K,2022-03-14,edgar/data/1711142/0001888524-22-002919.txt
"Evergy, Inc.",0001711269,EVRG,,10-K,2022-02-25,edgar/data/1711269/0001711269-22-000008.txt
"Krystal Biotech, Inc.",0001711279,KRYS,,10-K,2022-02-28,edgar/data/1711279/0001711279-22-000004.txt
CURO Group Holdings Corp.,0001711291,,,10-K,2022-03-07,edgar/data/1711291/0001711291-22-000011.txt
"Inmune Bio, Inc.",0001711754,INMB,,10-K,2022-03-03,edgar/data/1711754/0001213900-22-010573.txt
"Hoth Therapeutics, Inc.",0001711786,HOTH,,10-K,2022-03-30,edgar/data/1711786/0001213900-22-015909.txt
"Starwood Real Estate Income Trust, Inc.",0001711929,SWDR,,10-K,2022-03-28,edgar/data/1711929/0001564590-22-012005.txt
"Akoya Biosciences, Inc.",0001711933,,,10-K,2022-03-15,edgar/data/1711933/0001558370-22-003581.txt
Liberty Latin America Ltd.,0001712184,LILAB,,10-K,2022-02-23,edgar/data/1712184/0001712184-22-000059.txt
Target Hospitality Corp.,0001712189,TH,,10-K,2022-03-11,edgar/data/1712189/0001558370-22-003403.txt
Ranpak Holdings Corp.,0001712463,PACK,,10-K,2022-02-28,edgar/data/1712463/0000950170-22-002310.txt
"GreenSky, Inc.",0001712923,,,10-K,2022-03-11,edgar/data/1712923/0001712923-22-000012.txt
Agape ATP Corp,0001713210,ATPC,,10-K,2022-03-28,edgar/data/1713210/0001493152-22-007862.txt
UBS Commercial Mortgage Trust 2017-C3,0001713226,,,10-K,2022-03-15,edgar/data/1713226/0001888524-22-003031.txt
CITIGROUP COMMERCIAL MORTGAGE TRUST 2017-B1,0001713393,,,10-K,2022-03-30,edgar/data/1713393/0001564590-22-012451.txt
BROOKFIELD REAL ESTATE INCOME TRUST INC.,0001713407,,,10-K,2022-03-31,edgar/data/1713407/0001713407-22-000027.txt
HyreCar Inc.,0001713832,,,10-K,2022-03-15,edgar/data/1713832/0001437749-22-006291.txt
"Vivint Smart Home, Inc.",0001713952,,,10-K,2022-03-01,edgar/data/1713952/0001713952-22-000007.txt
COMM 2017-COR2 Mortgage Trust,0001714154,,,10-K,2022-03-15,edgar/data/1714154/0001888524-22-002983.txt
BANK 2017-BNK7,0001714679,,,10-K,2022-03-16,edgar/data/1714679/0001888524-22-003093.txt
Denali Therapeutics Inc.,0001714899,DNLI,,10-K,2022-02-28,edgar/data/1714899/0001714899-22-000058.txt
"Electromedical Technologies, Inc",0001715819,EMED,,10-K,2022-03-31,edgar/data/1715819/0001410578-22-000752.txt
CITIGROUP COMMERCIAL MORTGAGE TRUST 2017-P8,0001715824,,,10-K,2022-03-30,edgar/data/1715824/0001564590-22-012433.txt
Morgan Stanley Bank of America Merrill Lynch Trust 2017-C34,0001715846,,,10-K,2022-03-09,edgar/data/1715846/0001888524-22-002569.txt
TCW Direct Lending VII LLC,0001715933,,,10-K,2022-03-28,edgar/data/1715933/0000950170-22-004742.txt
"Vivos Therapeutics, Inc.",0001716166,VVOS,,10-K,2022-03-31,edgar/data/1716166/0001493152-22-008452.txt
JPMDB Commercial Mortgage Securities Trust 2017-C7,0001716186,,,10-K,2022-03-10,edgar/data/1716186/0001888524-22-002682.txt
Wells Fargo Commercial Mortgage Trust 2017-C40,0001716187,,,10-K,2022-03-15,edgar/data/1716187/0001888524-22-002959.txt
UBS Commercial Mortgage Trust 2017-C4,0001716263,,,10-K,2022-03-10,edgar/data/1716263/0001888524-22-002708.txt
"American Homes 4 Rent, L.P.",0001716558,,,10-K,2022-02-25,edgar/data/1716558/0001562401-22-000039.txt
Hyzon Motors Inc.,0001716583,,,10-K,2022-03-30,edgar/data/1716583/0001193125-22-089751.txt
CSAIL 2017-CX9 Commercial Mortgage Trust,0001716602,,,10-K,2022-03-09,edgar/data/1716602/0001888524-22-002613.txt
"Ra Medical Systems, Inc.",0001716621,VTAK,,10-K,2022-03-24,edgar/data/1716621/0001564590-22-011555.txt
"Ensysce Biosciences, Inc.",0001716947,ENSCW,,10-K,2022-03-31,edgar/data/1716947/0001493152-22-008438.txt
Industrial Logistics Properties Trust,0001717307,ILPT,,10-K,2022-02-15,edgar/data/1717307/0001717307-22-000008.txt
"Venture Lending & Leasing IX, Inc.",0001717310,,,10-K,2022-03-14,edgar/data/1717310/0001717310-22-000004.txt
"BrightSpire Capital, Inc.",0001717547,BRSP,,10-K,2022-02-22,edgar/data/1717547/0001717547-22-000014.txt
"Surface Oncology, Inc.",0001718108,,,10-K,2022-03-02,edgar/data/1718108/0001718108-22-000006.txt
"BT Brands, Inc.",0001718224,BTBDW,,10-K,2022-03-17,edgar/data/1718224/0001477932-22-001454.txt
CITIGROUP COMMERCIAL MORTGAGE TRUST 2017-C4,0001718304,,,10-K,2022-03-30,edgar/data/1718304/0001564590-22-012427.txt
BANK 2017-BNK8,0001718322,,,10-K,2022-03-30,edgar/data/1718322/0001888524-22-003738.txt
AmeriCredit Automobile Receivables Trust 2017-4,0001718362,,,10-K,2022-03-25,edgar/data/1718362/0001213900-22-015068.txt
HYCROFT MINING HOLDING CORP,0001718405,HYMCW,,10-K,2022-03-31,edgar/data/1718405/0001718405-22-000016.txt
GS Mortgage Securities Trust 2017-GS8,0001718483,,,10-K,2022-03-14,edgar/data/1718483/0001888524-22-002901.txt
Gates Industrial Corp plc,0001718512,GTES,,10-K,2022-02-11,edgar/data/1718512/0001718512-22-000007.txt
"Prometheus Biosciences, Inc.",0001718852,,,10-K,2022-03-09,edgar/data/1718852/0001564590-22-009321.txt
UBS Commercial Mortgage Trust 2017-C5,0001719195,,,10-K,2022-03-11,edgar/data/1719195/0001888524-22-002770.txt
Wells Fargo Commercial Mortgage Trust 2017-C41,0001719199,,,10-K,2022-03-15,edgar/data/1719199/0001888524-22-002999.txt
"NRX Pharmaceuticals, Inc.",0001719406,NRXPW,,10-K,2022-03-31,edgar/data/1719406/0001558370-22-004899.txt
"Kaleyra, Inc.",0001719489,,,10-K,2022-03-08,edgar/data/1719489/0001564590-22-009084.txt
CD 2017-CD6 Mortgage Trust,0001719959,,,10-K,2022-03-15,edgar/data/1719959/0001888524-22-003008.txt
Allegro Merger Corp.,0001720025,,,10-K,2022-03-24,edgar/data/1720025/0001213900-22-014697.txt
"Red Violet, Inc.",0001720116,RDVT,,10-K,2022-03-09,edgar/data/1720116/0000950170-22-003240.txt
INTERNET SCIENCES INC.,0001720286,,,10-K,2022-03-31,edgar/data/1720286/0001214659-22-004597.txt
CSAIL 2017-CX10 Commercial Mortgage Trust,0001720474,,,10-K,2022-03-10,edgar/data/1720474/0001888524-22-002702.txt
"Adicet Bio, Inc.",0001720580,ACET,,10-K,2022-03-15,edgar/data/1720580/0000950170-22-003753.txt
Repay Holdings Corp,0001720592,RPAY,,10-K,2022-03-01,edgar/data/1720592/0001564590-22-008043.txt
nVent Electric plc,0001720635,NVT,,10-K,2022-02-25,edgar/data/1720635/0001720635-22-000009.txt
"HashiCorp, Inc.",0001720671,,,10-K,2022-03-25,edgar/data/1720671/0000950170-22-004668.txt
"Oyster Point Pharma, Inc.",0001720725,,,10-K,2022-02-24,edgar/data/1720725/0001720725-22-000028.txt
CCUBS Commercial Mortgage Trust 2017-C1,0001720748,,,10-K,2022-03-10,edgar/data/1720748/0001888524-22-002750.txt
"BioXcel Therapeutics, Inc.",0001720893,BTAI,,10-K,2022-03-11,edgar/data/1720893/0001558370-22-003335.txt
Fisker Inc./DE,0001720990,,,10-K,2022-02-28,edgar/data/1720990/0001720990-22-000010.txt
BANK 2017-BNK9,0001721373,,,10-K,2022-03-15,edgar/data/1721373/0001888524-22-003024.txt
Landsea Homes Corp,0001721386,,,10-K,2022-03-16,edgar/data/1721386/0001721386-22-000004.txt
Longeveron Inc.,0001721484,LGVN,,10-K,2022-03-11,edgar/data/1721484/0001213900-22-011894.txt
"Lazydays Holdings, Inc.",0001721741,,,10-K,2022-03-11,edgar/data/1721741/0001493152-22-006617.txt
AEP Texas Inc.,0001721781,,,10-K,2022-02-24,edgar/data/1721781/0000004904-22-000024.txt
UBS Commercial Mortgage Trust 2017-C6,0001721905,,,10-K,2022-03-10,edgar/data/1721905/0001888524-22-002716.txt
Jamf Holding Corp.,0001721947,JAMF,,10-K,2022-03-01,edgar/data/1721947/0001628280-22-004530.txt
OP Bancorp,0001722010,OPBK,,10-K,2022-03-18,edgar/data/1722010/0001628280-22-006724.txt
Benchmark 2018-B1 Mortgage Trust,0001722194,,,10-K,2022-03-11,edgar/data/1722194/0001888524-22-002759.txt
"Akouos, Inc.",0001722271,,,10-K,2022-03-29,edgar/data/1722271/0001558370-22-004606.txt
"Doma Holdings, Inc.",0001722438,,,10-K,2022-03-04,edgar/data/1722438/0001722438-22-000019.txt
"Avantor, Inc.",0001722482,AVTR,,10-K,2022-02-11,edgar/data/1722482/0001722482-22-000030.txt
BestGofer Inc.,0001722556,BGFR,,10-K,2022-02-08,edgar/data/1722556/0001558891-22-000011.txt
"WYNDHAM HOTELS & RESORTS, INC.",0001722684,WH,,10-K,2022-02-16,edgar/data/1722684/0001722684-22-000005.txt
"FDCTECH, INC.",0001722731,FDCT,,10-K,2022-03-28,edgar/data/1722731/0001493152-22-007869.txt
"Y-mAbs Therapeutics, Inc.",0001722964,,,10-K,2022-03-01,edgar/data/1722964/0001558370-22-002567.txt
Bio Essence Corp,0001723059,BIOE,,10-K,2022-03-31,edgar/data/1723059/0001213900-22-016613.txt
ChampionX Corp,0001723089,,,10-K,2022-02-10,edgar/data/1723089/0001723089-22-000021.txt
"Amneal Pharmaceuticals, Inc.",0001723128,AMRX,,10-K,2022-03-01,edgar/data/1723128/0001723128-22-000006.txt
Leader Hill Corp,0001723187,,,10-K,2022-03-14,edgar/data/1723187/0001493152-22-006703.txt
Wells Fargo Commercial Mortgage Trust 2017-C42,0001723291,,,10-K,2022-03-10,edgar/data/1723291/0001888524-22-002706.txt
Morgan Stanley Capital I Trust 2017-HR2,0001723306,,,10-K,2022-03-30,edgar/data/1723306/0001888524-22-003971.txt
"Columbia Financial, Inc.",0001723596,CLBK,,10-K,2022-03-01,edgar/data/1723596/0001723596-22-000091.txt
"LiveVox Holdings, Inc.",0001723648,,,10-K,2022-03-11,edgar/data/1723648/0001723648-22-000030.txt
Bitwise 10 Crypto Index Fund,0001723788,BITW,,10-K,2022-03-11,edgar/data/1723788/0000950170-22-003458.txt
PermRock Royalty Trust,0001724009,PRT,,10-K,2022-03-31,edgar/data/1724009/0001553350-22-000273.txt
UBS Commercial Mortgage Trust 2017-C7,0001724177,,,10-K,2022-03-15,edgar/data/1724177/0001888524-22-002996.txt
Entasis Therapeutics Holdings Inc.,0001724344,,,10-K,2022-03-03,edgar/data/1724344/0001558370-22-002788.txt
"Arcus Biosciences, Inc.",0001724521,RCUS,,10-K,2022-02-23,edgar/data/1724521/0000950170-22-001788.txt
DATTO HOLDING CORP.,0001724570,,,10-K,2022-02-23,edgar/data/1724570/0001724570-22-000011.txt
World Omni Auto Receivables Trust 2018-A,0001724588,,,10-K,2022-03-25,edgar/data/1724588/0001104659-22-037932.txt
"Synchrony Card Funding, LLC",0001724786,,,10-K,2022-03-30,edgar/data/1724786/0001104659-22-040219.txt
Synchrony Card Issuance Trust,0001724789,,,10-K,2022-03-30,edgar/data/1724789/0001104659-22-040219.txt
TALOS ENERGY INC.,0001724965,TALO,,10-K,2022-02-25,edgar/data/1724965/0000950170-22-002013.txt
Rain Therapeutics Inc.,0001724979,,,10-K,2022-03-03,edgar/data/1724979/0001564590-22-008531.txt
Ceridian HCM Holding Inc.,0001725057,DAY,,10-K,2022-02-28,edgar/data/1725057/0000950170-22-002143.txt
"Digital Media Solutions, Inc.",0001725134,,,10-K,2022-03-16,edgar/data/1725134/0001628280-22-006362.txt
"Zentalis Pharmaceuticals, Inc.",0001725160,ZNTL,,10-K,2022-02-24,edgar/data/1725160/0001725160-22-000053.txt
Grayscale Ethereum Trust (ETH),0001725210,ETHE,,10-K,2022-02-25,edgar/data/1725210/0000950170-22-002041.txt
AdaptHealth Corp.,0001725255,AHCO,,10-K,2022-03-01,edgar/data/1725255/0001558370-22-002603.txt
Global Diversified Marketing Group Inc.,0001725911,NBND,,10-K,2022-03-14,edgar/data/1725911/0001493152-22-006715.txt
Epsilon Energy Ltd.,0001726126,EPSN,,10-K,2022-03-24,edgar/data/1726126/0001558370-22-004185.txt
Biglari Holdings Inc.,0001726173,BH,,10-K,2022-02-28,edgar/data/1726173/0001726173-22-000004.txt
"Seer, Inc.",0001726445,SEER,,10-K,2022-03-01,edgar/data/1726445/0001628280-22-004571.txt
BC Partners Lending Corp,0001726548,,,10-K,2022-03-14,edgar/data/1726548/0000950170-22-003591.txt
"Aditxt, Inc.",0001726711,ADTX,,10-K,2022-03-31,edgar/data/1726711/0001213900-22-016723.txt
Adorbs Inc.,0001726822,,,10-K,2022-02-08,edgar/data/1726822/0001829126-22-003230.txt
"Goosehead Insurance, Inc.",0001726978,GSHD,,10-K,2022-02-28,edgar/data/1726978/0001726978-22-000029.txt
Scholar Rock Holding Corp,0001727196,SRRK,,10-K,2022-03-07,edgar/data/1727196/0001558370-22-002928.txt
"Frontdoor, Inc.",0001727263,FTDR,,10-K,2022-02-25,edgar/data/1727263/0001562762-22-000056.txt
UBS Commercial Mortgage Trust 2018-C8,0001727836,,,10-K,2022-03-14,edgar/data/1727836/0001888524-22-002933.txt
BANK 2018-BNK10,0001728085,,,10-K,2022-03-11,edgar/data/1728085/0001888524-22-002839.txt
"Gossamer Bio, Inc.",0001728117,GOSS,,10-K,2022-03-03,edgar/data/1728117/0001728117-22-000019.txt
BENCHMARK 2018-B2 Mortgage Trust,0001728339,,,10-K,2022-03-10,edgar/data/1728339/0001888524-22-002712.txt
Drive Auto Receivables Trust 2018-1,0001728847,,,10-K,2022-03-31,edgar/data/1728847/0001193125-22-091226.txt
"ESSENTIAL PROPERTIES REALTY TRUST, INC.",0001728951,EPRT,,10-K,2022-02-16,edgar/data/1728951/0001728951-22-000025.txt
"VIEMED HEALTHCARE, INC.",0001729149,VMD,,10-K,2022-03-07,edgar/data/1729149/0001729149-22-000020.txt
AmeriCredit Automobile Receivables Trust 2018-1,0001729361,,,10-K,2022-03-25,edgar/data/1729361/0001213900-22-015069.txt
"CNS Pharmaceuticals, Inc.",0001729427,CNSP,,10-K,2022-03-03,edgar/data/1729427/0001683168-22-001401.txt
"Kubient, Inc.",0001729750,,,10-K,2022-03-31,edgar/data/1729750/0001410578-22-000664.txt
Wells Fargo Commercial Mortgage Trust 2018-C43,0001729832,,,10-K,2022-03-11,edgar/data/1729832/0001888524-22-002827.txt
PSNH FUNDING LLC 3,0001730300,,,10-K,2022-03-25,edgar/data/1730300/0001104659-22-038153.txt
"Charah Solutions, Inc.",0001730346,,,10-K,2022-03-31,edgar/data/1730346/0001730346-22-000002.txt
"Kiniksa Pharmaceuticals, Ltd.",0001730430,KNSA,,10-K,2022-02-24,edgar/data/1730430/0001558370-22-001932.txt
3FORCES INC.,0001730732,,,10-K,2022-03-25,edgar/data/1730732/0001096906-22-000634.txt
Blue Star Foods Corp.,0001730773,BSFC,,10-K,2022-03-31,edgar/data/1730773/0001493152-22-008578.txt
BayCom Corp,0001730984,BCML,,10-K,2022-03-31,edgar/data/1730984/0001730984-22-000026.txt
CITIGROUP COMMERCIAL MORTGAGE TRUST 2018-B2,0001731044,,,10-K,2022-03-30,edgar/data/1731044/0001564590-22-012430.txt
GS Mortgage Securities Trust 2018-GS9,0001731056,,,10-K,2022-03-10,edgar/data/1731056/0001888524-22-002740.txt
UBS Commercial Mortgage Trust 2018-C9,0001731058,,,10-K,2022-03-15,edgar/data/1731058/0001888524-22-002971.txt
Nikola Corp,0001731289,,,10-K,2022-02-24,edgar/data/1731289/0001731289-22-000016.txt
BANK 2018-BNK11,0001731627,,,10-K,2022-03-30,edgar/data/1731627/0001888524-22-003705.txt
CSAIL 2018-CX11 Commercial Mortgage Trust,0001732963,,,10-K,2022-03-11,edgar/data/1732963/0001888524-22-002768.txt
"Veoneer, Inc.",0001733186,,,10-K,2022-02-17,edgar/data/1733186/0001733186-22-000012.txt
"Finch Therapeutics Group, Inc.",0001733257,FNCH,,10-K,2022-03-31,edgar/data/1733257/0000950170-22-005243.txt
Generation Bio Co.,0001733294,GBIO,,10-K,2022-02-24,edgar/data/1733294/0001558370-22-001957.txt
Mercedes-Benz Auto Receivables Trust 2018-1,0001733358,,,10-K,2022-03-29,edgar/data/1733358/0001853620-22-000129.txt
"TFF Pharmaceuticals, Inc.",0001733413,,,10-K,2022-03-24,edgar/data/1733413/0001213900-22-014844.txt
Northwest Natural Holding Co,0001733998,NWN,,10-K,2022-02-25,edgar/data/1733998/0001733998-22-000005.txt
BENCHMARK 2018-B3 COMMERCIAL MORTGAGE TRUST,0001734103,,,10-K,2022-03-30,edgar/data/1734103/0001564590-22-012425.txt
Amerant Bancorp Inc.,0001734342,AMTB,,10-K,2022-03-04,edgar/data/1734342/0001734342-22-000010.txt
Movano Inc.,0001734750,MOVE,,10-K,2022-03-30,edgar/data/1734750/0001213900-22-016132.txt
"Mid-Southern Bancorp, Inc.",0001734875,,,10-K,2022-03-25,edgar/data/1734875/0001734875-22-000004.txt
World Omni Auto Receivables Trust 2018-B,0001734889,,,10-K,2022-03-25,edgar/data/1734889/0001104659-22-037934.txt
Santander Drive Auto Receivables Trust 2018-2,0001735033,,,10-K,2022-03-31,edgar/data/1735033/0001193125-22-091011.txt
Greenland Technologies Holding Corp.,0001735041,GTEC,,10-K,2022-03-31,edgar/data/1735041/0001213900-22-016786.txt
Retail Value Inc.,0001735184,,,10-K,2022-02-25,edgar/data/1735184/0001564590-22-006922.txt
MeiraGTx Holdings plc,0001735438,MGTX,,10-K,2022-03-10,edgar/data/1735438/0001558370-22-003302.txt
Hyundai Auto Receivables Trust 2018-A,0001735464,,,10-K,2022-03-18,edgar/data/1735464/0001104659-22-035412.txt
JPMDB Commercial Mortgage Securities Trust 2018-C8,0001735646,,,10-K,2022-03-15,edgar/data/1735646/0001888524-22-003073.txt
Garrett Motion Inc.,0001735707,GTX,,10-K,2022-02-14,edgar/data/1735707/0001735707-22-000027.txt
COMM 2018-COR3 Mortgage Trust,0001735733,,,10-K,2022-03-11,edgar/data/1735733/0001888524-22-002834.txt
"Apria, Inc.",0001735803,,,10-K,2022-03-01,edgar/data/1735803/0001558370-22-002454.txt
Blackstone Secured Lending Fund,0001736035,BXSL,,10-K,2022-02-28,edgar/data/1736035/0001736035-22-000006.txt
"Acurx Pharmaceuticals, Inc.",0001736243,ACXP,,10-K,2022-03-16,edgar/data/1736243/0001410578-22-000399.txt
Ally Auto Receivables Trust 2018-2,0001736511,,,10-K,2022-03-24,edgar/data/1736511/0001736511-22-000010.txt
Wells Fargo Commercial Mortgage Trust 2018-C44,0001736659,,,10-K,2022-03-11,edgar/data/1736659/0001888524-22-002842.txt
Toyota Auto Receivables 2018-B Owner Trust,0001736712,,,10-K,2022-03-28,edgar/data/1736712/0000929638-22-000675.txt
UBS Commercial Mortgage Trust 2018-C10,0001736862,,,10-K,2022-03-10,edgar/data/1736862/0001888524-22-002680.txt
"Arlo Technologies, Inc.",0001736946,ARLO,,10-K,2022-03-02,edgar/data/1736946/0001736946-22-000010.txt
"Allogene Therapeutics, Inc.",0001737287,ALLO,,10-K,2022-02-23,edgar/data/1737287/0001737287-22-000013.txt
Nuveen Churchill Direct Lending Corp.,0001737924,NCDL,,10-K,2022-03-10,edgar/data/1737924/0001628280-22-005765.txt
"Compass Therapeutics, Inc.",0001738021,CMPX,,10-K,2022-03-18,edgar/data/1738021/0000950170-22-004156.txt
Cambium Networks Corp,0001738177,CMBM,,10-K,2022-02-24,edgar/data/1738177/0000950170-22-001957.txt
CNH Equipment Trust 2018-A,0001738179,,,10-K,2022-03-30,edgar/data/1738179/0001104659-22-039692.txt
Drive Auto Receivables Trust 2018-2,0001738390,,,10-K,2022-03-31,edgar/data/1738390/0001193125-22-091006.txt
Elanco Animal Health Inc,0001739104,ELAN,,10-K,2022-02-28,edgar/data/1739104/0001739104-22-000005.txt
BiomX Inc.,0001739174,PHGE,,10-K,2022-03-30,edgar/data/1739174/0001213900-22-016136.txt
Rallybio Corp,0001739410,RLYB,,10-K,2022-03-15,edgar/data/1739410/0000950170-22-003767.txt
BANK 2018-BNK12,0001739423,,,10-K,2022-03-15,edgar/data/1739423/0001888524-22-003079.txt
RVL Pharmaceuticals plc,0001739426,,,10-K,2022-03-30,edgar/data/1739426/0001558370-22-004770.txt
"Arcosa, Inc.",0001739445,ACA,,10-K,2022-02-24,edgar/data/1739445/0001739445-22-000012.txt
"Utz Brands, Inc.",0001739566,UTZ,,10-K,2022-03-03,edgar/data/1739566/0001739566-22-000086.txt
"Inhibrx, Inc.",0001739614,,,10-K,2022-02-28,edgar/data/1739614/0001739614-22-000023.txt
MOMENTIVE GLOBAL INC.,0001739936,,,10-K,2022-02-14,edgar/data/1739936/0000950170-22-001217.txt
Cigna Corp,0001739940,CI,,10-K,2022-02-24,edgar/data/1739940/0001739940-22-000007.txt
SolarWinds Corp,0001739942,,,10-K,2022-02-25,edgar/data/1739942/0001739942-22-000020.txt
UBS Commercial Mortgage Trust 2018-C11,0001740040,,,10-K,2022-03-11,edgar/data/1740040/0001888524-22-002760.txt
"IN8BIO, INC.",0001740279,INAB,,10-K,2022-03-17,edgar/data/1740279/0000950170-22-004101.txt
"RESIDEO TECHNOLOGIES, INC.",0001740332,REZI,,10-K,2022-02-15,edgar/data/1740332/0000950170-22-001289.txt
CITIGROUP COMMERCIAL MORTGAGE TRUST 2018-C5,0001740450,,,10-K,2022-03-30,edgar/data/1740450/0001564590-22-012424.txt
Benchmark 2018-B4 Mortgage Trust,0001740849,,,10-K,2022-03-11,edgar/data/1740849/0001888524-22-002802.txt
"Tattooed Chef, Inc.",0001741231,,,10-K,2022-03-16,edgar/data/1741231/0001213900-22-012981.txt
California Republic Auto Receivables Trust 2018-1,0001741276,,,10-K,2022-03-16,edgar/data/1741276/0001193125-22-076488.txt
"Elvictor Group, Inc.",0001741489,ELVG,,10-K,2022-03-31,edgar/data/1741489/0001213900-22-016855.txt
Wells Fargo Commercial Mortgage Trust 2018-C45,0001741690,,,10-K,2022-03-10,edgar/data/1741690/0001888524-22-002722.txt
"Kronos Bio, Inc.",0001741830,,,10-K,2022-02-24,edgar/data/1741830/0001741830-22-000006.txt
GM Financial Consumer Automobile Receivables Trust 2018-3,0001741908,,,10-K,2022-03-25,edgar/data/1741908/0001213900-22-015091.txt
Monroe Capital Income Plus Corp,0001742313,,,10-K,2022-03-14,edgar/data/1742313/0001104659-22-033419.txt
GS Mortgage Securities Trust 2018-GS10,0001742373,,,10-K,2022-03-10,edgar/data/1742373/0001888524-22-002736.txt
Ally Auto Receivables Trust 2018-3,0001742379,,,10-K,2022-03-24,edgar/data/1742379/0001742379-22-000019.txt
Morgan Stanley Capital I Trust 2018-H3,0001742383,,,10-K,2022-03-29,edgar/data/1742383/0001888524-22-003664.txt
Santander Drive Auto Receivables Trust 2018-3,0001742444,,,10-K,2022-03-31,edgar/data/1742444/0001193125-22-091106.txt
Livent Corp.,0001742924,,,10-K,2022-02-28,edgar/data/1742924/0001742924-22-000007.txt
"REVIVA PHARMACEUTICALS HOLDINGS, INC.",0001742927,RVPH,,10-K,2022-03-15,edgar/data/1742927/0001437749-22-006332.txt
SCP Private Credit Income BDC LLC,0001743415,,,10-K,2022-03-01,edgar/data/1743415/0001193125-22-061348.txt
John Deere Owner Trust 2018-B,0001743587,,,10-K,2022-01-21,edgar/data/1743587/0001104659-22-006322.txt
"GRID DYNAMICS HOLDINGS, INC.",0001743725,GDYN,,10-K,2022-03-03,edgar/data/1743725/0001628280-22-004939.txt
"Greenlane Holdings, Inc.",0001743745,GNLN,,10-K,2022-03-31,edgar/data/1743745/0001743745-22-000011.txt
"Corsair Gaming, Inc.",0001743759,CRSR,,10-K,2022-03-01,edgar/data/1743759/0001564590-22-007822.txt
"BridgeBio Pharma, Inc.",0001743881,BBIO,,10-K,2022-02-25,edgar/data/1743881/0000950170-22-002030.txt
"Sun Country Airlines Holdings, Inc.",0001743907,SNCY,,10-K,2022-02-18,edgar/data/1743907/0001558370-22-001409.txt
WORLD OMNI AUTO RECEIVABLES TRUST 2018-C,0001744034,,,10-K,2022-03-25,edgar/data/1744034/0001104659-22-037938.txt
"ADVENT TECHNOLOGIES HOLDINGS, INC.",0001744494,ADNWW,,10-K,2022-03-31,edgar/data/1744494/0001140361-22-012369.txt
"Akero Therapeutics, Inc.",0001744659,,,10-K,2022-02-25,edgar/data/1744659/0001558370-22-002052.txt
BANK 2018-BNK13,0001744707,,,10-K,2022-03-14,edgar/data/1744707/0001888524-22-002937.txt
UBS Commercial Mortgage Trust 2018-C12,0001744982,,,10-K,2022-03-10,edgar/data/1744982/0001888524-22-002684.txt
"Theseus Pharmaceuticals, Inc.",0001745020,,,10-K,2022-03-10,edgar/data/1745020/0001558370-22-003216.txt
"Lodging Fund REIT III, Inc.",0001745032,,,10-K,2022-03-31,edgar/data/1745032/0001558370-22-004948.txt
"IAA, Inc.",0001745041,,,10-K,2022-02-28,edgar/data/1745041/0001745041-22-000005.txt
"Vynleads, Inc.",0001745078,VYND,,10-K,2022-03-31,edgar/data/1745078/0001553350-22-000284.txt
Drive Auto Receivables Trust 2018-3,0001745187,,,10-K,2022-03-31,edgar/data/1745187/0001193125-22-091212.txt
AmeriCredit Automobile Receivables Trust 2018-2,0001745314,,,10-K,2022-03-25,edgar/data/1745314/0001213900-22-015070.txt
"Velodyne Lidar, Inc.",0001745317,,,10-K,2022-03-01,edgar/data/1745317/0001628280-22-004461.txt
CSAIL 2018-CX12 Commercial Mortgage Trust,0001745511,,,10-K,2022-03-09,edgar/data/1745511/0001888524-22-002583.txt
Benchmark 2018-B5 Mortgage Trust,0001745529,,,10-K,2022-03-11,edgar/data/1745529/0001888524-22-002762.txt
Toyota Auto Receivables 2018-C Owner Trust,0001745763,,,10-K,2022-03-28,edgar/data/1745763/0000929638-22-000676.txt
"Brigham Minerals, Inc.",0001745797,,,10-K,2022-02-28,edgar/data/1745797/0001745797-22-000017.txt
"PennyMac Financial Services, Inc.",0001745916,PFSI,,10-K,2022-02-23,edgar/data/1745916/0001558370-22-001740.txt
Beam Therapeutics Inc.,0001745999,BEAM,,10-K,2022-02-28,edgar/data/1745999/0000950170-22-002166.txt
Bank First Corp,0001746109,BFC,,10-K,2022-03-16,edgar/data/1746109/0001410578-22-000397.txt
Bank7 Corp.,0001746129,BSVN,,10-K,2022-03-31,edgar/data/1746129/0001140361-22-012281.txt
CD 2018-CD7 Mortgage Trust,0001746406,,,10-K,2022-03-11,edgar/data/1746406/0001888524-22-002796.txt
"Equillium, Inc.",0001746466,EQ,,10-K,2022-03-23,edgar/data/1746466/0000950170-22-004407.txt
"PLIANT THERAPEUTICS, INC.",0001746473,PLRX,,10-K,2022-03-01,edgar/data/1746473/0001746473-22-000010.txt
"Revolve Group, Inc.",0001746618,RVLV,,10-K,2022-02-28,edgar/data/1746618/0000950170-22-002309.txt
Equitrans Midstream Corp,0001747009,,,10-K,2022-02-23,edgar/data/1747009/0001747009-22-000007.txt
"MetroCity Bankshares, Inc.",0001747068,MCBS,,10-K,2022-03-11,edgar/data/1747068/0001747068-22-000011.txt
Bally's Corp,0001747079,BALY,,10-K,2022-03-01,edgar/data/1747079/0001747079-22-000107.txt
"Kayne Anderson BDC, Inc.",0001747172,KBDC,,10-K,2022-03-10,edgar/data/1747172/0001213900-22-011623.txt
Qualtrics International Inc.,0001747748,,,10-K,2022-03-01,edgar/data/1747748/0001628280-22-004535.txt
Owl Rock Technology Finance Corp.,0001747777,OTF,,10-K,2022-03-11,edgar/data/1747777/0000950170-22-003407.txt
Santander Drive Auto Receivables Trust 2018-4,0001748011,,,10-K,2022-03-31,edgar/data/1748011/0001193125-22-090969.txt
Alberton Acquisition Corp,0001748621,,,10-K,2022-03-18,edgar/data/1748621/0001213900-22-013314.txt
RATTLER MIDSTREAM LP,0001748773,,,10-K,2022-02-24,edgar/data/1748773/0001748773-22-000006.txt
BrightSphere Investment Group Inc.,0001748824,AAMI,,10-K,2022-02-28,edgar/data/1748824/0001748824-22-000018.txt
Orchard Therapeutics plc,0001748907,,,10-K,2022-03-30,edgar/data/1748907/0001564590-22-012325.txt
Wells Fargo Commercial Mortgage Trust 2018-C46,0001748940,,,10-K,2022-03-11,edgar/data/1748940/0001888524-22-002814.txt
UBS Commercial Mortgage Trust 2018-C13,0001749360,,,10-K,2022-03-18,edgar/data/1749360/0001888524-22-003199.txt
"AGILITI, INC. \DE",0001749704,,,10-K,2022-03-08,edgar/data/1749704/0001558370-22-003066.txt
New Fortress Energy Inc.,0001749723,NFE,,10-K,2022-03-01,edgar/data/1749723/0001140361-22-007364.txt
BANK 2018-BNK14,0001749973,,,10-K,2022-03-30,edgar/data/1749973/0001888524-22-003791.txt
TCR2 THERAPEUTICS INC.,0001750019,,,10-K,2022-03-22,edgar/data/1750019/0000950170-22-004299.txt
Alset EHome International Inc.,0001750106,AEI,,10-K,2022-03-31,edgar/data/1750106/0001493152-22-008442.txt
"Inhibikase Therapeutics, Inc.",0001750149,IKT,,10-K,2022-03-31,edgar/data/1750149/0000950170-22-005203.txt
Canoo Inc.,0001750153,GOEVQ,,10-K,2022-03-01,edgar/data/1750153/0001628280-22-004514.txt
"Charlotte's Web Holdings, Inc.",0001750155,CWBHF,,10-K,2022-03-24,edgar/data/1750155/0001750155-22-000041.txt
"Olema Pharmaceuticals, Inc.",0001750284,OLMA,,10-K,2022-02-28,edgar/data/1750284/0001558370-22-002388.txt
Drive Auto Receivables Trust 2018-4,0001750588,,,10-K,2022-03-31,edgar/data/1750588/0001193125-22-091074.txt
CNH Equipment Trust 2018-B,0001750707,,,10-K,2022-03-30,edgar/data/1750707/0001104659-22-039694.txt
Meridian Corp,0001750735,MRBK,,10-K,2022-03-16,edgar/data/1750735/0001558370-22-003752.txt
AppLovin Corp,0001751008,APP,,10-K,2022-03-11,edgar/data/1751008/0001751008-22-000005.txt
GM Financial Consumer Automobile Receivables Trust 2018-4,0001751012,,,10-K,2022-03-25,edgar/data/1751012/0001213900-22-015092.txt
"ATLAS TECHNICAL CONSULTANTS, INC.",0001751143,,,10-K,2022-03-16,edgar/data/1751143/0001213900-22-012670.txt
Morgan Stanley Capital I Trust 2018-L1,0001751743,,,10-K,2022-03-29,edgar/data/1751743/0001888524-22-003637.txt
"Rhinebeck Bancorp, Inc.",0001751783,RBKB,,10-K,2022-03-22,edgar/data/1751783/0001751783-22-000008.txt
DOW INC.,0001751788,DOW,,10-K,2022-02-04,edgar/data/1751788/0001751788-22-000011.txt
BENCHMARK 2018-B6 MORTGAGE TRUST,0001751874,,,10-K,2022-03-30,edgar/data/1751874/0001564590-22-012428.txt
California BanCorp,0001752036,,,10-K,2022-03-23,edgar/data/1752036/0001193125-22-081877.txt
DBGS 2018-C1 Mortgage Trust,0001752363,,,10-K,2022-03-11,edgar/data/1752363/0001888524-22-002794.txt
KLDiscovery Inc.,0001752474,,,10-K,2022-03-17,edgar/data/1752474/0001564590-22-010868.txt
World Omni Auto Receivables Trust 2018-D,0001752578,,,10-K,2022-03-25,edgar/data/1752578/0001104659-22-037942.txt
CSAIL 2018-C14 Commercial Mortgage Trust,0001752594,,,10-K,2022-03-14,edgar/data/1752594/0001888524-22-002874.txt
Celularity Inc,0001752828,CELUW,,10-K,2022-03-31,edgar/data/1752828/0001564590-22-013004.txt
"COVETRUS, INC.",0001752836,,,10-K,2022-02-28,edgar/data/1752836/0001752836-22-000018.txt
Fathom Holdings Inc.,0001753162,FTHM,,10-K,2022-03-09,edgar/data/1753162/0001410578-22-000318.txt
Wells Fargo Commercial Mortgage Trust 2018-C47,0001753233,,,10-K,2022-03-11,edgar/data/1753233/0001888524-22-002778.txt
INKY INC.,0001753373,MTWO,,10-K,2022-02-28,edgar/data/1753373/0001753373-22-000003.txt
BlackSky Technology Inc.,0001753539,BKSY-WT,,10-K,2022-03-31,edgar/data/1753539/0001753539-22-000020.txt
Santander Drive Auto Receivables Trust 2018-5,0001753581,,,10-K,2022-03-31,edgar/data/1753581/0001193125-22-090873.txt
"Whole Earth Brands, Inc.",0001753706,,,10-K,2022-03-14,edgar/data/1753706/0001753706-22-000005.txt
Stonemor Inc.,0001753886,,,10-K,2022-03-31,edgar/data/1753886/0000950170-22-005236.txt
"Allovir, Inc.",0001754068,KLRS,,10-K,2022-02-10,edgar/data/1754068/0000950170-22-001075.txt
AerSale Corp,0001754170,ASLE,,10-K,2022-03-15,edgar/data/1754170/0001558370-22-003617.txt
Toyota Auto Receivables 2018-D Owner Trust,0001754189,,,10-K,2022-03-28,edgar/data/1754189/0000929638-22-000677.txt
Trulieve Cannabis Corp.,0001754195,TCNNF,,10-K,2022-03-30,edgar/data/1754195/0000950170-22-004989.txt
"Orange County Bancorp, Inc. /DE/",0001754226,OBT,,10-K,2022-03-30,edgar/data/1754226/0001558370-22-004719.txt
AmeriCredit Automobile Receivables Trust 2018-3,0001754388,,,10-K,2022-03-25,edgar/data/1754388/0001213900-22-015071.txt
Ford Credit Auto Owner Trust 2018-B,0001754784,,,10-K,2022-03-23,edgar/data/1754784/0001754784-22-000018.txt
"Desktop Metal, Inc.",0001754820,,,10-K,2022-03-15,edgar/data/1754820/0001558370-22-003681.txt
BBCMS Mortgage Trust 2018-C2,0001754913,,,10-K,2022-03-14,edgar/data/1754913/0001888524-22-002851.txt
"Cyclerion Therapeutics, Inc.",0001755237,CYCN,,10-K,2022-02-24,edgar/data/1755237/0000950170-22-001958.txt
"Corteva, Inc.",0001755672,CTVA,,10-K,2022-02-10,edgar/data/1755672/0001755672-22-000005.txt
"VINEBROOK HOMES TRUST, INC.",0001755755,,,10-K,2022-02-23,edgar/data/1755755/0001437749-22-004168.txt
Akerna Corp.,0001755953,ABTC,,10-K,2022-03-31,edgar/data/1755953/0001213900-22-016675.txt
"NOCERA, INC.",0001756180,NCRA,,10-K,2022-03-23,edgar/data/1756180/0001683168-22-001860.txt
"TransMedics Group, Inc.",0001756262,TMDX,,10-K,2022-03-01,edgar/data/1756262/0001564590-22-008045.txt
BANK 2018-BNK15,0001756271,,,10-K,2022-03-11,edgar/data/1756271/0001888524-22-002772.txt
"Ascend Wellness Holdings, Inc",0001756390,AAWH,,10-K,2022-03-11,edgar/data/1756390/0001628280-22-005776.txt
Volkswagen Auto Loan Enhanced Trust 2018-2,0001756401,,,10-K,2022-03-30,edgar/data/1756401/0001193125-22-089036.txt
"NEW WORLD TECHNOLOGIES, INC.",0001756574,,,10-K,2022-03-03,edgar/data/1756574/0001493152-22-005884.txt
Hyundai Auto Receivables Trust 2018-B,0001756671,,,10-K,2022-03-18,edgar/data/1756671/0001104659-22-035413.txt
"LINKBANCORP, Inc.",0001756701,LNKB,,10-K,2022-03-31,edgar/data/1756701/0000950170-22-005204.txt
Invesco Real Estate Income Trust Inc.,0001756761,,,10-K,2022-03-28,edgar/data/1756761/0001756761-22-000020.txt
Benchmark 2018-B7 Mortgage Trust,0001757018,,,10-K,2022-03-18,edgar/data/1757018/0001888524-22-003205.txt
Envista Holdings Corp,0001757073,NVST,,10-K,2022-02-24,edgar/data/1757073/0001757073-22-000010.txt
Drive Auto Receivables Trust 2018-5,0001757404,,,10-K,2022-03-31,edgar/data/1757404/0001193125-22-091063.txt
"Aterian, Inc.",0001757715,ATER,,10-K,2022-03-16,edgar/data/1757715/0001564590-22-010668.txt
CITIGROUP COMMERCIAL MORTGAGE TRUST 2018-C6,0001757925,,,10-K,2022-03-30,edgar/data/1757925/0001564590-22-012438.txt
Wells Fargo Commercial Mortgage Trust 2018-C48,0001757928,,,10-K,2022-03-11,edgar/data/1757928/0001888524-22-002812.txt
"Romeo Power, Inc.",0001757932,,,10-K,2022-03-01,edgar/data/1757932/0001757932-22-000019.txt
Quantum Computing Inc.,0001758009,QUBT,,10-K,2022-03-15,edgar/data/1758009/0001213900-22-012564.txt
Karat Packaging Inc.,0001758021,KRT,,10-K,2022-03-31,edgar/data/1758021/0001628280-22-007993.txt
"Luminar Technologies, Inc./DE",0001758057,LAZRQ,,10-K,2022-03-01,edgar/data/1758057/0001628280-22-004366.txt
UBS Commercial Mortgage Trust 2018-C14,0001758292,,,10-K,2022-03-10,edgar/data/1758292/0001888524-22-002718.txt
ONESPAWORLD HOLDINGS Ltd,0001758488,OSW,,10-K,2022-03-04,edgar/data/1758488/0001564590-22-008795.txt
TRANSUITE.ORG INC.,0001758699,TRSO,,10-K,2022-03-08,edgar/data/1758699/0001758699-22-000005.txt
Tradeweb Markets Inc.,0001758730,TW,,10-K,2022-02-24,edgar/data/1758730/0001758730-22-000006.txt
"STEM, INC.",0001758766,STEM,,10-K,2022-02-28,edgar/data/1758766/0001758766-22-000032.txt
Morgan Stanley Capital I Trust 2018-H4,0001758882,,,10-K,2022-03-30,edgar/data/1758882/0001888524-22-003697.txt
Benchmark 2018-B8 Mortgage Trust,0001758901,,,10-K,2022-03-11,edgar/data/1758901/0001888524-22-002756.txt
"CarLotz, Inc.",0001759008,,,10-K,2022-03-15,edgar/data/1759008/0001628280-22-006284.txt
iShares Gold Trust Micro,0001759124,IAUM,,10-K,2022-03-01,edgar/data/1759124/0001437749-22-004897.txt
"Cabaletta Bio, Inc.",0001759138,CABA,,10-K,2022-03-17,edgar/data/1759138/0001564590-22-010726.txt
"Mirum Pharmaceuticals, Inc.",0001759425,MIRM,,10-K,2022-03-09,edgar/data/1759425/0000950170-22-003229.txt
"Lyft, Inc.",0001759509,LYFT,,10-K,2022-02-28,edgar/data/1759509/0001759509-22-000016.txt
Lordstown Motors Corp.,0001759546,NRDE,,10-K,2022-02-28,edgar/data/1759546/0001558370-22-002265.txt
Hyliion Holdings Corp.,0001759631,HYLN,,10-K,2022-02-24,edgar/data/1759631/0001759631-22-000014.txt
"Privia Health Group, Inc.",0001759655,PRVA,,10-K,2022-03-25,edgar/data/1759655/0001759655-22-000032.txt
"Postal Realty Trust, Inc.",0001759774,PSTL,,10-K,2022-03-14,edgar/data/1759774/0001759774-22-000012.txt
ALTA EQUIPMENT GROUP INC.,0001759824,ALTG-PA,,10-K,2022-03-31,edgar/data/1759824/0001564590-22-012996.txt
"SURGALIGN HOLDINGS, INC.",0001760173,,,10-K,2022-03-15,edgar/data/1760173/0001628280-22-006258.txt
GM Financial Consumer Automobile Receivables Trust 2019-1,0001760283,,,10-K,2022-03-25,edgar/data/1760283/0001213900-22-015093.txt
UBS Commercial Mortgage Trust 2018-C15,0001760337,,,10-K,2022-03-15,edgar/data/1760337/0001888524-22-002949.txt
HOOKIPA Pharma Inc.,0001760542,HOOK,,10-K,2022-03-24,edgar/data/1760542/0001558370-22-004211.txt
"Microvast Holdings, Inc.",0001760689,MVSTW,,10-K,2022-03-29,edgar/data/1760689/0001213900-22-015871.txt
SciPlay Corp,0001760717,,,10-K,2022-03-02,edgar/data/1760717/0001760717-22-000007.txt
"Jupiter Wellness, Inc.",0001760903,BNKK,,10-K,2022-03-31,edgar/data/1760903/0001493152-22-008220.txt
"Kontoor Brands, Inc.",0001760965,KTB,,10-K,2022-03-02,edgar/data/1760965/0001760965-22-000008.txt
"Palomar Holdings, Inc.",0001761312,PLMR,,10-K,2022-02-25,edgar/data/1761312/0001558370-22-002035.txt
Golden Royal Development Inc.,0001761534,,,10-K,2022-02-04,edgar/data/1761534/0001493152-22-003164.txt
BICYCLE THERAPEUTICS plc,0001761612,BCYC,,10-K,2022-03-01,edgar/data/1761612/0001558370-22-002457.txt
"Erasca, Inc.",0001761918,ERAS,,10-K,2022-03-24,edgar/data/1761918/0000950170-22-004557.txt
Toyota Auto Receivables 2019-A Owner Trust,0001762228,,,10-K,2022-03-28,edgar/data/1762228/0000929638-22-000678.txt
"Kaival Brands Innovations Group, Inc.",0001762239,KAVL,,10-K,2022-02-16,edgar/data/1762239/0001731122-22-000257.txt
World Omni Auto Receivables Trust 2019-A,0001762287,,,10-K,2022-03-25,edgar/data/1762287/0001104659-22-037944.txt
"SHIFT TECHNOLOGIES, INC.",0001762322,,,10-K,2022-03-16,edgar/data/1762322/0001762322-22-000017.txt
"Acreage Holdings, Inc.",0001762359,,,10-K,2022-03-11,edgar/data/1762359/0001762359-22-000007.txt
CNH Equipment Trust 2019-A,0001762569,,,10-K,2022-03-30,edgar/data/1762569/0001104659-22-039697.txt
Wells Fargo Commercial Mortgage Trust 2019-C49,0001763001,,,10-K,2022-03-15,edgar/data/1763001/0001888524-22-002957.txt
Drive Auto Receivables Trust 2019-1,0001763174,,,10-K,2022-03-31,edgar/data/1763174/0001193125-22-091066.txt
GS Mortgage Securities Trust 2019-GC38,0001763207,,,10-K,2022-03-10,edgar/data/1763207/0001888524-22-002742.txt
BANK 2019-BNK16,0001763333,,,10-K,2022-03-10,edgar/data/1763333/0001888524-22-002710.txt
JPMCC Commercial Mortgage Securities Trust 2019-COR4,0001763501,,,10-K,2022-03-15,edgar/data/1763501/0001888524-22-003055.txt
CSAIL 2019-C15 Commercial Mortgage Trust,0001763502,,,10-K,2022-03-16,edgar/data/1763502/0001888524-22-003131.txt
SEATech Ventures Corp.,0001763660,SEAV,,10-K,2022-03-29,edgar/data/1763660/0001493152-22-007964.txt
Ally Auto Receivables Trust 2019-1,0001763799,,,10-K,2022-03-24,edgar/data/1763799/0001763799-22-000018.txt
Lantern Pharma Inc.,0001763950,LTRN,,10-K,2022-03-10,edgar/data/1763950/0001213900-22-011581.txt
CLARIVATE Plc,0001764046,CLVT,,10-K,2022-03-10,edgar/data/1764046/0001764046-22-000064.txt
BENCHMARK 2019-B9 MORTGAGE TRUST,0001764759,,,10-K,2022-03-30,edgar/data/1764759/0001564590-22-012426.txt
"Charmt, Inc.",0001765048,GCGJ,,10-K,2022-02-11,edgar/data/1765048/0001765048-22-000004.txt
AmeriCredit Automobile Receivables Trust 2019-1,0001765880,,,10-K,2022-03-25,edgar/data/1765880/0001213900-22-015072.txt
Santander Drive Auto Receivables Trust 2019-1,0001765910,,,10-K,2022-03-31,edgar/data/1765910/0001193125-22-090928.txt
Capital One Prime Auto Receivables Trust 2019-1,0001766004,,,10-K,2022-03-25,edgar/data/1766004/0001766004-22-000014.txt
"NMF SLF I, Inc.",0001766037,,,10-K,2022-03-14,edgar/data/1766037/0001766037-22-000002.txt
"Unicycive Therapeutics, Inc.",0001766140,UNCY,,10-K,2022-03-31,edgar/data/1766140/0001213900-22-016384.txt
"Carrier EQ, LLC",0001766352,,,10-K,2022-01-24,edgar/data/1766352/0001553350-22-000052.txt
"Endeavor Group Holdings, Inc.",0001766363,,,10-K,2022-03-16,edgar/data/1766363/0000950170-22-003940.txt
Benchmark 2019-B10 Mortgage Trust,0001766367,,,10-K,2022-03-16,edgar/data/1766367/0001888524-22-003125.txt
"Mayville Engineering Company, Inc.",0001766368,MEC,,10-K,2022-03-02,edgar/data/1766368/0001564590-22-008290.txt
"Pennant Group, Inc.",0001766400,PNTG,,10-K,2022-02-28,edgar/data/1766400/0001766400-22-000044.txt
"Angel Oak Mortgage, Inc.",0001766478,AOMN,,10-K,2022-03-28,edgar/data/1766478/0001766478-22-000033.txt
"Chewy, Inc.",0001766502,CHWY,,10-K,2022-03-29,edgar/data/1766502/0001766502-22-000008.txt
"Tectonic Financial, Inc.",0001766526,TECTP,,10-K,2022-03-31,edgar/data/1766526/0001185185-22-000360.txt
Morgan Stanley Capital I Trust 2019-L2,0001766660,,,10-K,2022-03-30,edgar/data/1766660/0001888524-22-003745.txt
Osprey Bitcoin Trust,0001767057,OBTC,,10-K,2022-03-30,edgar/data/1767057/0000930413-22-000618.txt
"XPEL, Inc.",0001767258,XPEL,,10-K,2022-02-28,edgar/data/1767258/0001767258-22-000010.txt
John Deere Owner Trust 2019,0001767345,,,10-K,2022-01-21,edgar/data/1767345/0001104659-22-006323.txt
Verizon Owner Trust 2019-A,0001767530,,,10-K,2022-03-30,edgar/data/1767530/0000929638-22-000702.txt
"Richmond Mutual Bancorporation, Inc.",0001767837,RMBI,,10-K,2022-03-30,edgar/data/1767837/0001628280-22-007917.txt
"Golden Nugget Online Gaming, Inc.",0001768012,,,10-K,2022-03-15,edgar/data/1768012/0001558370-22-003693.txt
Arcturus Therapeutics Holdings Inc.,0001768224,ARCT,,10-K,2022-03-01,edgar/data/1768224/0001564590-22-007832.txt
"Eliem Therapeutics, Inc.",0001768446,CLYM,,10-K,2022-03-07,edgar/data/1768446/0000950170-22-002998.txt
Greencity Acquisition Corp,0001768910,,,10-K,2022-03-31,edgar/data/1768910/0001410578-22-000763.txt
GM Financial Consumer Automobile Receivables Trust 2019-2,0001769174,,,10-K,2022-03-25,edgar/data/1769174/0001213900-22-015094.txt
First Seacoast Bancorp,0001769267,,,10-K,2022-03-25,edgar/data/1769267/0001564590-22-011749.txt
UBS Commercial Mortgage Trust 2019-C16,0001769322,,,10-K,2022-03-14,edgar/data/1769322/0001888524-22-002923.txt
Drive Auto Receivables Trust 2019-2,0001769324,,,10-K,2022-03-31,edgar/data/1769324/0001193125-22-091107.txt
"HarborOne Bancorp, Inc.",0001769617,HONE,,10-K,2022-03-11,edgar/data/1769617/0001558370-22-003319.txt
AGBA Acquisition Ltd,0001769624,ILLRW,,10-K,2022-03-14,edgar/data/1769624/0001213900-22-012228.txt
"Eureka Homestead Bancorp, Inc.",0001769725,,,10-K,2022-03-23,edgar/data/1769725/0001558370-22-004154.txt
"Augmedix, Inc.",0001769804,,,10-K,2022-03-30,edgar/data/1769804/0001213900-22-016250.txt
BANK 2019-BNK17,0001769961,,,10-K,2022-03-30,edgar/data/1769961/0001888524-22-003916.txt
"Sana Biotechnology, Inc.",0001770121,SANA,,10-K,2022-03-16,edgar/data/1770121/0001564590-22-010539.txt
Ford Credit Auto Owner Trust 2019-A,0001770147,,,10-K,2022-03-23,edgar/data/1770147/0001770147-22-000016.txt
Xerox Holdings Corp,0001770450,XRX,,10-K,2022-02-23,edgar/data/1770450/0001770450-22-000010.txt
Coronado Global Resources Inc.,0001770561,CODQL,,10-K,2022-02-22,edgar/data/1770561/0001562762-22-000043.txt
Wells Fargo Commercial Mortgage Trust 2019-C50,0001770572,,,10-K,2022-03-15,edgar/data/1770572/0001888524-22-002963.txt
"10x Genomics, Inc.",0001770787,TXG,,10-K,2022-02-18,edgar/data/1770787/0001770787-22-000015.txt
CF 2019-CF1 Mortgage Trust,0001771200,,,10-K,2022-03-23,edgar/data/1771200/0001564590-22-011451.txt
Hyundai Auto Receivables Trust 2019-A,0001771225,,,10-K,2022-03-18,edgar/data/1771225/0001104659-22-035414.txt
GS Mortgage Securities Trust 2019-GC39,0001771501,,,10-K,2022-03-15,edgar/data/1771501/0001888524-22-003028.txt
Grocery Outlet Holding Corp.,0001771515,GO,,10-K,2022-03-02,edgar/data/1771515/0001771515-22-000011.txt
"Goodness Growth Holdings, Inc.",0001771706,VREOF,,10-K,2022-03-15,edgar/data/1771706/0001558370-22-003583.txt
"Karuna Therapeutics, Inc.",0001771917,,,10-K,2022-02-24,edgar/data/1771917/0000950170-22-001855.txt
BBCMS Mortgage Trust 2019-C3,0001772527,,,10-K,2022-03-15,edgar/data/1772527/0001888524-22-003016.txt
Fifth Third Auto Trust 2019-1,0001772608,,,10-K,2022-03-28,edgar/data/1772608/0001193125-22-086470.txt
Sunnova Energy International Inc.,0001772695,NOVAQ,,10-K,2022-02-24,edgar/data/1772695/0001772695-22-000011.txt
Goldman Sachs Private Middle Market Credit II LLC,0001772704,,,10-K,2022-03-04,edgar/data/1772704/0000950170-22-002843.txt
XL Fleet Corp.,0001772720,SPRU,,10-K,2022-03-01,edgar/data/1772720/0001213900-22-010097.txt
DraftKings Inc.,0001772757,,,10-K,2022-02-18,edgar/data/1772757/0001772757-22-000007.txt
World Omni Auto Receivables Trust 2019-B,0001772793,,,10-K,2022-03-25,edgar/data/1772793/0001104659-22-037949.txt
CNH Equipment Trust 2019-B,0001773056,,,10-K,2022-03-30,edgar/data/1773056/0001104659-22-039698.txt
Morgan Stanley Capital I Trust 2019-H6,0001773339,,,10-K,2022-03-29,edgar/data/1773339/0001888524-22-003665.txt
Toyota Auto Receivables 2019-B Owner Trust,0001773407,,,10-K,2022-03-28,edgar/data/1773407/0000929638-22-000679.txt
"SpringWorks Therapeutics, Inc.",0001773427,,,10-K,2022-02-24,edgar/data/1773427/0001773427-22-000011.txt
"Hims & Hers Health, Inc.",0001773751,HIMS,,10-K,2022-02-24,edgar/data/1773751/0001773751-22-000039.txt
BTRS Holdings Inc.,0001774155,,,10-K,2022-03-09,edgar/data/1774155/0001774155-22-000033.txt
"PowerFleet, Inc.",0001774170,AIOT,,10-K,2022-03-16,edgar/data/1774170/0001493152-22-007009.txt
AmeriCredit Automobile Receivables Trust 2019-2,0001774379,,,10-K,2022-03-25,edgar/data/1774379/0001213900-22-015073.txt
Santander Drive Auto Receivables Trust 2019-2,0001774409,,,10-K,2022-03-31,edgar/data/1774409/0001193125-22-090970.txt
JPMCC Commercial Mortgage Securities Trust 2019-COR5,0001774801,,,10-K,2022-03-16,edgar/data/1774801/0001888524-22-003101.txt
BANK 2019-BNK18,0001774962,,,10-K,2022-03-16,edgar/data/1774962/0001888524-22-003081.txt
AEP Texas Restoration Funding LLC,0001775098,,,10-K,2022-03-25,edgar/data/1775098/0001775098-22-000009.txt
"SmileDirectClub, Inc.",0001775625,,,10-K,2022-03-01,edgar/data/1775625/0001775625-22-000020.txt
Benchmark 2019-B11 Mortgage Trust,0001775756,,,10-K,2022-03-16,edgar/data/1775756/0001888524-22-003117.txt
Ameramex International Inc,0001776048,,,10-K,2022-03-31,edgar/data/1776048/0001099910-22-000055.txt
CSAIL 2019-C16 Commercial Mortgage Trust,0001776086,,,10-K,2022-03-08,edgar/data/1776086/0001888524-22-002565.txt
AKUMIN INC.,0001776197,,,10-K,2022-03-16,edgar/data/1776197/0001193125-22-077287.txt
Ally Auto Receivables Trust 2019-2,0001776294,,,10-K,2022-03-24,edgar/data/1776294/0001776294-22-000019.txt
Advantage Solutions Inc.,0001776661,ADV,,10-K,2022-03-01,edgar/data/1776661/0000950170-22-002524.txt
Wells Fargo Commercial Mortgage Trust 2019-C51,0001776721,,,10-K,2022-03-15,edgar/data/1776721/0001888524-22-003009.txt
Columbia Care Inc.,0001776738,CBSTF,,10-K,2022-03-31,edgar/data/1776738/0001193125-22-090262.txt
CuriosityStream Inc.,0001776909,CURI,,10-K,2022-03-31,edgar/data/1776909/0001213900-22-016637.txt
Verizon Owner Trust 2019-B,0001777370,,,10-K,2022-03-30,edgar/data/1777370/0000929638-22-000703.txt
Drive Auto Receivables Trust 2019-3,0001777665,,,10-K,2022-03-31,edgar/data/1777665/0001193125-22-091145.txt
Perella Weinberg Partners,0001777835,PWP,,10-K,2022-03-11,edgar/data/1777835/0001777835-22-000008.txt
"AvePoint, Inc.",0001777921,AVPT,,10-K,2022-03-31,edgar/data/1777921/0001437749-22-007895.txt
TerrAscend Corp.,0001778129,TSNDF,,10-K,2022-03-17,edgar/data/1778129/0001564590-22-010728.txt
GS Mortgage Securities Trust 2019-GC40,0001778232,,,10-K,2022-03-14,edgar/data/1778232/0001888524-22-002897.txt
Morgan Stanley Capital I Trust 2019-H7,0001778749,,,10-K,2022-03-30,edgar/data/1778749/0001888524-22-003719.txt
Harley-Davidson Motorcycle Trust 2019-A,0001778781,,,10-K,2022-03-24,edgar/data/1778781/0001628280-22-007160.txt
"Provident Bancorp, Inc. /MD/",0001778784,,,10-K,2022-03-24,edgar/data/1778784/0001778784-22-000008.txt
"Danimer Scientific, Inc.",0001779020,,,10-K,2022-03-08,edgar/data/1779020/0000950170-22-003031.txt
GM Financial Consumer Automobile Receivables Trust 2019-3,0001779033,,,10-K,2022-03-25,edgar/data/1779033/0001213900-22-015095.txt
Ford Credit Auto Owner Trust 2019-B,0001779201,,,10-K,2022-03-23,edgar/data/1779201/0001779201-22-000017.txt
"HeartBeam, Inc.",0001779372,BEATW,,10-K,2022-03-24,edgar/data/1779372/0001779372-22-000011.txt
"WM TECHNOLOGY, INC.",0001779474,MAPSW,,10-K,2022-02-25,edgar/data/1779474/0001779474-22-000010.txt
"Muzinich BDC, Inc.",0001779523,,,10-K,2022-03-30,edgar/data/1779523/0001213900-22-016228.txt
"DUKE ENERGY PROGRESS, LLC.",0000017797,,,10-K,2022-02-24,edgar/data/17797/0001326160-22-000072.txt
"DUKE ENERGY PROGRESS, LLC.",0000017797,,,10-K,2022-03-30,edgar/data/17797/0001881229-22-000005.txt
"Baudax Bio, Inc.",0001780097,,,10-K,2022-03-16,edgar/data/1780097/0000950170-22-003844.txt
BBCMS Mortgage Trust 2019-C4,0001780131,,,10-K,2022-03-15,edgar/data/1780131/0001888524-22-002978.txt
"Lulu's Fashion Lounge Holdings, Inc.",0001780201,LVLU,,10-K,2022-03-31,edgar/data/1780201/0001558370-22-004959.txt
"AST SpaceMobile, Inc.",0001780312,ASTS,,10-K,2022-03-31,edgar/data/1780312/0000950170-22-005212.txt
World Omni Auto Receivables Trust 2019-C,0001780552,,,10-K,2022-03-25,edgar/data/1780552/0001104659-22-037951.txt
Wells Fargo Commercial Mortgage Trust 2019-C52,0001780678,,,10-K,2022-03-15,edgar/data/1780678/0001888524-22-002965.txt
BANK 2019-BNK19,0001780859,,,10-K,2022-03-15,edgar/data/1780859/0001888524-22-002979.txt
USAA Auto Owner Trust 2019-1,0001780984,,,10-K,2022-03-28,edgar/data/1780984/0001193125-22-086423.txt
BENCHMARK 2019-B12 MORTGAGE TRUST,0001781089,,,10-K,2022-03-30,edgar/data/1781089/0001564590-22-012421.txt
Momentus Inc.,0001781162,MNTSW,,10-K,2022-03-09,edgar/data/1781162/0001781162-22-000023.txt
Otis Worldwide Corp,0001781335,OTIS,,10-K,2022-02-04,edgar/data/1781335/0001781335-22-000007.txt
"Odyssey Semiconductor Technologies, Inc.",0001781405,,,10-K,2022-03-31,edgar/data/1781405/0001731122-22-000641.txt
John Deere Owner Trust 2019-B,0001781565,,,10-K,2022-01-21,edgar/data/1781565/0001104659-22-006324.txt
World Omni Automobile Lease Securitization Trust 2019-B,0001781624,,,10-K,2022-03-25,edgar/data/1781624/0001104659-22-037922.txt
"Third Coast Bancshares, Inc.",0001781730,TCBX,,10-K,2022-03-17,edgar/data/1781730/0000950170-22-003984.txt
"BRP Group, Inc.",0001781755,BWIN,,10-K,2022-03-01,edgar/data/1781755/0001781755-22-000008.txt
Ford Credit Auto Lease Trust 2019-B,0001781819,,,10-K,2022-03-25,edgar/data/1781819/0001781819-22-000019.txt
"New Mountain Guardian III BDC, L.L.C.",0001781870,,,10-K,2022-03-09,edgar/data/1781870/0001781870-22-000003.txt
"Aprea Therapeutics, Inc.",0001781983,APRE,,10-K,2022-03-15,edgar/data/1781983/0001558370-22-003671.txt
CD 2019-CD8 Mortgage Trust,0001782003,,,10-K,2022-03-15,edgar/data/1782003/0001888524-22-003004.txt
Blue Water Vaccines Inc.,0001782107,ONCO,,10-K,2022-03-31,edgar/data/1782107/0001213900-22-016672.txt
"Remitly Global, Inc.",0001782170,RELY,,10-K,2022-03-29,edgar/data/1782170/0001782170-22-000048.txt
"Pyxis Oncology, Inc.",0001782223,PYXS,,10-K,2022-03-29,edgar/data/1782223/0000950170-22-004850.txt
Toyota Auto Receivables 2019-C Owner Trust,0001782479,,,10-K,2022-03-28,edgar/data/1782479/0000929638-22-000680.txt
Morgan Stanley Direct Lending Fund,0001782524,MSDL,,10-K,2022-03-18,edgar/data/1782524/0001782524-22-000035.txt
"Winc, Inc.",0001782627,,,10-K,2022-03-30,edgar/data/1782627/0000950170-22-005063.txt
"Elevation Oncology, Inc.",0001783032,,,10-K,2022-03-03,edgar/data/1783032/0001558370-22-002715.txt
CARRIER GLOBAL Corp,0001783180,CARR,,10-K,2022-02-08,edgar/data/1783180/0001783180-22-000010.txt
"Phathom Pharmaceuticals, Inc.",0001783183,PHAT,,10-K,2022-03-01,edgar/data/1783183/0000950170-22-002536.txt
CITIGROUP COMMERCIAL MORTGAGE TRUST 2019-GC41,0001783287,,,10-K,2022-03-30,edgar/data/1783287/0001564590-22-012418.txt
McAfee Corp.,0001783317,,,10-K,2022-02-23,edgar/data/1783317/0000950170-22-001804.txt
Santander Drive Auto Receivables Trust 2019-3,0001783326,,,10-K,2022-03-31,edgar/data/1783326/0001193125-22-091259.txt
"TScan Therapeutics, Inc.",0001783328,TCRX,,10-K,2022-03-09,edgar/data/1783328/0000950170-22-003175.txt
UWM Holdings Corp,0001783398,UWMC,,10-K,2022-03-01,edgar/data/1783398/0001783398-22-000012.txt
"US Ecology, Inc.",0001783400,,,10-K,2022-02-28,edgar/data/1783400/0001558370-22-002321.txt
"Robinhood Markets, Inc.",0001783879,HOOD,,10-K,2022-02-24,edgar/data/1783879/0001783879-22-000044.txt
Pony Group Inc.,0001784058,PNYG,,10-K,2022-03-31,edgar/data/1784058/0001213900-22-016463.txt
Mediaco Holding Inc.,0001784254,MDIA,,10-K,2022-03-24,edgar/data/1784254/0001564590-22-011571.txt
BMW Vehicle Owner Trust 2019-A,0001784326,,,10-K,2022-03-25,edgar/data/1784326/0000929638-22-000653.txt
"Porch Group, Inc.",0001784535,PRCH,,10-K,2022-03-16,edgar/data/1784535/0001558370-22-003720.txt
AmeriCredit Automobile Receivables Trust 2019-3,0001784564,,,10-K,2022-03-25,edgar/data/1784564/0001213900-22-015074.txt
"Harbor Custom Development, Inc.",0001784567,,,10-K,2022-03-24,edgar/data/1784567/0001784567-22-000011.txt
Broadmark Realty Capital Inc.,0001784797,,,10-K,2022-02-28,edgar/data/1784797/0000950170-22-002327.txt
"Shapeways Holdings, Inc.",0001784851,,,10-K,2022-03-31,edgar/data/1784851/0001193125-22-091992.txt
BANK 2019-BNK20,0001784958,,,10-K,2022-03-29,edgar/data/1784958/0001888524-22-003543.txt
CHP Merger Corp.,0001785041,,,10-K,2022-03-17,edgar/data/1785041/0001193125-22-078323.txt
"89bio, Inc.",0001785173,,,10-K,2022-03-24,edgar/data/1785173/0001564590-22-011706.txt
"Landos Biopharma, Inc.",0001785345,,,10-K,2022-03-24,edgar/data/1785345/0000950170-22-004559.txt
"Katapult Holdings, Inc.",0001785424,KPLTW,,10-K,2022-03-15,edgar/data/1785424/0001628280-22-006159.txt
Ally Auto Receivables Trust 2019-3,0001785489,,,10-K,2022-03-24,edgar/data/1785489/0001785489-22-000018.txt
Drive Auto Receivables Trust 2019-4,0001785510,,,10-K,2022-03-31,edgar/data/1785510/0001193125-22-091000.txt
"Werewolf Therapeutics, Inc.",0001785530,HOWL,,10-K,2022-03-24,edgar/data/1785530/0001785530-22-000014.txt
"Leafly Holdings, Inc. /DE",0001785592,,,10-K,2022-03-31,edgar/data/1785592/0001628280-22-008014.txt
Verizon Owner Trust 2019-C,0001785705,,,10-K,2022-03-30,edgar/data/1785705/0000929638-22-000704.txt
UBS Commercial Mortgage Trust 2019-C17,0001785812,,,10-K,2022-03-15,edgar/data/1785812/0001888524-22-002973.txt
Mercedes-Benz Auto Receivables Trust 2019-1,0001785844,,,10-K,2022-03-29,edgar/data/1785844/0001853620-22-000130.txt
Benchmark 2019-B13 Mortgage Trust,0001785881,,,10-K,2022-03-16,edgar/data/1785881/0001888524-22-003129.txt
CSAIL 2019-C17 Commercial Mortgage Trust,0001786008,,,10-K,2022-03-15,edgar/data/1786008/0001888524-22-003078.txt
Capital One Prime Auto Receivables Trust 2019-2,0001786041,,,10-K,2022-03-25,edgar/data/1786041/0001786041-22-000013.txt
Trinity Capital Inc.,0001786108,TRINI,,10-K,2022-03-03,edgar/data/1786108/0001558370-22-002797.txt
"Alpine Income Property Trust, Inc.",0001786117,PINE-PA,,10-K,2022-02-10,edgar/data/1786117/0001558370-22-001014.txt
"Arcellx, Inc.",0001786205,ACLX,,10-K,2022-03-24,edgar/data/1786205/0000950170-22-004573.txt
"NexPoint Real Estate Finance, Inc.",0001786248,NREF-PA,,10-K,2022-02-28,edgar/data/1786248/0001437749-22-004658.txt
"Icosavax, Inc.",0001786255,,,10-K,2022-03-30,edgar/data/1786255/0000950170-22-005064.txt
Reynolds Consumer Products Inc.,0001786431,REYN,,10-K,2022-02-09,edgar/data/1786431/0001564590-22-004307.txt
Star Mountain Lower Middle-Market Capital Corp,0001786835,,,10-K,2022-03-31,edgar/data/1786835/0001140361-22-012011.txt
Vontier Corp,0001786842,VNT,,10-K,2022-02-24,edgar/data/1786842/0001786842-22-000015.txt
GS Mortgage Securities Trust 2019-GC42,0001787000,,,10-K,2022-03-14,edgar/data/1787000/0001888524-22-002903.txt
CF 2019-CF2 Mortgage Trust,0001787001,,,10-K,2022-03-23,edgar/data/1787001/0001564590-22-011453.txt
"Cincinnati Bancorp, Inc.",0001787005,,,10-K,2022-03-31,edgar/data/1787005/0001410578-22-000769.txt
"Passage BIO, Inc.",0001787297,PASG,,10-K,2022-03-03,edgar/data/1787297/0001558370-22-002719.txt
GM Financial Consumer Automobile Receivables Trust 2019-4,0001787304,,,10-K,2022-03-25,edgar/data/1787304/0001213900-22-015096.txt
"Arcutis Biotherapeutics, Inc.",0001787306,ARQT,,10-K,2022-02-22,edgar/data/1787306/0001787306-22-000009.txt
"FFBW, Inc. /MD/",0001787384,,,10-K,2022-03-24,edgar/data/1787384/0001558370-22-004288.txt
"Nkarta, Inc.",0001787400,NKTX,,10-K,2022-03-17,edgar/data/1787400/0000950170-22-004095.txt
Bogota Financial Corp.,0001787414,BSBK,,10-K,2022-03-29,edgar/data/1787414/0000950170-22-004919.txt
World Omni Select Auto Trust 2019-A,0001787489,,,10-K,2022-03-25,edgar/data/1787489/0001104659-22-037968.txt
BANK 2019-BNK21,0001787490,,,10-K,2022-03-16,edgar/data/1787490/0001888524-22-003085.txt
Brilliant Acquisition Corp,0001787518,NUKKW,,10-K,2022-03-31,edgar/data/1787518/0001213900-22-016768.txt
"Convey Health Solutions Holdings, Inc.",0001787640,,,10-K,2022-03-23,edgar/data/1787640/0001628280-22-007046.txt
"Tivic Health Systems, Inc.",0001787740,TIVC,,10-K,2022-03-31,edgar/data/1787740/0001104659-22-041068.txt
CNH Equipment Trust 2019-C,0001787912,,,10-K,2022-03-30,edgar/data/1787912/0001104659-22-039702.txt
"Jasper Therapeutics, Inc.",0001788028,JSPRW,,10-K,2022-03-18,edgar/data/1788028/0001213900-22-013592.txt
F45 Training Holdings Inc.,0001788717,,,10-K,2022-03-23,edgar/data/1788717/0001788717-22-000003.txt
"Root, Inc.",0001788882,ROOT,,10-K,2022-02-23,edgar/data/1788882/0001628280-22-003524.txt
"Aeva Technologies, Inc.",0001789029,AEVAW,,10-K,2022-03-01,edgar/data/1789029/0000950170-22-002379.txt
Save Foods Inc.,0001789192,NITO,,10-K,2022-03-31,edgar/data/1789192/0001493152-22-008526.txt
BANK 2019-BNK22,0001789307,,,10-K,2022-03-15,edgar/data/1789307/0001888524-22-003075.txt
Wells Fargo Commercial Mortgage Trust 2019-C53,0001789356,,,10-K,2022-03-15,edgar/data/1789356/0001888524-22-002943.txt
Hyundai Auto Receivables Trust 2019-B,0001789755,,,10-K,2022-03-18,edgar/data/1789755/0001104659-22-035415.txt
"Instil Bio, Inc.",0001789769,TIL,,10-K,2022-03-07,edgar/data/1789769/0001789769-22-000008.txt
Hess Midstream LP,0001789832,HESM,,10-K,2022-03-01,edgar/data/1789832/0000950170-22-002541.txt
Toyota Auto Receivables 2019-D Owner Trust,0001789892,,,10-K,2022-03-28,edgar/data/1789892/0000929638-22-000681.txt
"First Watch Restaurant Group, Inc.",0001789940,FWRG,,10-K,2022-03-23,edgar/data/1789940/0001789940-22-000012.txt
GS Mortgage Securities Trust 2019-GSA1,0001789954,,,10-K,2022-03-16,edgar/data/1789954/0001888524-22-003139.txt
"Cullinan Oncology, Inc.",0001789972,CGEM,,10-K,2022-03-17,edgar/data/1789972/0000950170-22-004002.txt
Benchmark 2019-B14 Mortgage Trust,0001790013,,,10-K,2022-03-15,edgar/data/1790013/0001888524-22-002969.txt
ACKRELL SPAC Partners I Co.,0001790121,,,10-K,2022-03-31,edgar/data/1790121/0001213900-22-016938.txt
Immuneering Corp,0001790340,IMRX,,10-K,2022-03-10,edgar/data/1790340/0001558370-22-003208.txt
BBCMS Mortgage Trust 2019-C5,0001790441,,,10-K,2022-03-16,edgar/data/1790441/0001888524-22-003137.txt
"AgileThought, Inc.",0001790625,,,10-K,2022-03-31,edgar/data/1790625/0001790625-22-000028.txt
Arconic Corp,0001790982,,,10-K,2022-02-22,edgar/data/1790982/0001790982-22-000011.txt
"SOC Telemed, Inc.",0001791091,,,10-K,2022-03-31,edgar/data/1791091/0001213900-22-016288.txt
CITIGROUP COMMERCIAL MORTGAGE TRUST 2019-GC43,0001791183,,,10-K,2022-03-30,edgar/data/1791183/0001564590-22-012415.txt
Wells Fargo Commercial Mortgage Trust 2019-C54,0001791239,,,10-K,2022-03-15,edgar/data/1791239/0001888524-22-002992.txt
Morgan Stanley Capital I Trust 2019-L3,0001791295,,,10-K,2022-03-30,edgar/data/1791295/0001888524-22-003993.txt
Freedom Internet Group Inc.,0001791325,,,10-K,2022-02-15,edgar/data/1791325/0001096906-22-000328.txt
Mercedes-Benz Auto Lease Trust 2019-B,0001791507,,,10-K,2022-03-29,edgar/data/1791507/0001853620-22-000120.txt
Viatris Inc,0001792044,VTRS,,10-K,2022-02-28,edgar/data/1792044/0001792044-22-000010.txt
COMM 2019-GC44 Mortgage Trust,0001792157,,,10-K,2022-03-15,edgar/data/1792157/0001888524-22-003032.txt
JPMDB Commercial Mortgage Securities Trust 2019-COR6,0001792158,,,10-K,2022-03-15,edgar/data/1792158/0001888524-22-003002.txt
BANK 2019-BNK23,0001792414,,,10-K,2022-03-30,edgar/data/1792414/0001888524-22-003778.txt
TriplePoint Private Venture Credit Inc.,0001792509,,,10-K,2022-03-08,edgar/data/1792509/0001792509-22-000009.txt
Ovintiv Inc.,0001792580,OVV,,10-K,2022-02-25,edgar/data/1792580/0001564590-22-006978.txt
Torrid Holdings Inc.,0001792781,CURV,,10-K,2022-03-30,edgar/data/1792781/0001628280-22-007877.txt
"DoorDash, Inc.",0001792789,DASH,,10-K,2022-03-01,edgar/data/1792789/0001628280-22-004350.txt
"HighPeak Energy, Inc.",0001792849,HPK,,10-K,2022-03-07,edgar/data/1792849/0001437749-22-005397.txt
CSAIL 2019-C18 Commercial Mortgage Trust,0001792905,,,10-K,2022-03-16,edgar/data/1792905/0001888524-22-003161.txt
"Allure Worldwide, Inc.",0001792941,GNVR,,10-K,2022-03-21,edgar/data/1792941/0001477932-22-001535.txt
Ford Credit Auto Owner Trust 2019-C,0001793014,,,10-K,2022-03-23,edgar/data/1793014/0001793014-22-000016.txt
BANK 2019-BNK24,0001793165,,,10-K,2022-03-15,edgar/data/1793165/0001888524-22-003065.txt
MultiPlan Corp,0001793229,CTEV,,10-K,2022-02-25,edgar/data/1793229/0001793229-22-000021.txt
DONGFANG CITY HOLDING GROUP Co Ltd,0001793330,,,10-K,2022-01-28,edgar/data/1793330/0001213900-22-004241.txt
Harley-Davidson Motorcycle Trust 2020-A,0001793612,,,10-K,2022-03-24,edgar/data/1793612/0001628280-22-007161.txt
BENCHMARK 2019-B15 MORTGAGE TRUST,0001793651,,,10-K,2022-03-30,edgar/data/1793651/0001564590-22-012417.txt
"Rush Street Interactive, Inc.",0001793659,RSI,,10-K,2022-03-07,edgar/data/1793659/0001793659-22-000015.txt
Ally Auto Receivables Trust 2019-4,0001793667,,,10-K,2022-03-24,edgar/data/1793667/0001793667-22-000017.txt
CF 2019-CF3 Mortgage Trust,0001793744,,,10-K,2022-03-15,edgar/data/1793744/0001888524-22-003014.txt
UBS Commercial Mortgage Trust 2019-C18,0001793856,,,10-K,2022-03-14,edgar/data/1793856/0001888524-22-002934.txt
YCQH Agricultural Technology Co. Ltd,0001794276,ZHJD,,10-K,2022-03-31,edgar/data/1794276/0001493152-22-008288.txt
CITIGROUP COMMERCIAL MORTGAGE TRUST 2019-C7,0001794303,,,10-K,2022-03-30,edgar/data/1794303/0001564590-22-012414.txt
ZoomInfo Technologies Inc.,0001794515,GTM,,10-K,2022-02-24,edgar/data/1794515/0001794515-22-000015.txt
"Quanergy Systems, Inc.",0001794621,,,10-K,2022-03-31,edgar/data/1794621/0001193125-22-092057.txt
"Shift4 Payments, Inc.",0001794669,FOUR-PA,,10-K,2022-03-01,edgar/data/1794669/0001794669-22-000012.txt
Palmer Square Capital BDC Inc.,0001794776,PSBD,,10-K,2022-03-11,edgar/data/1794776/0001213900-22-011902.txt
"Cyxtera Technologies, Inc.",0001794905,,,10-K,2022-03-25,edgar/data/1794905/0001794905-22-000022.txt
Green Thumb Industries Inc.,0001795139,GTBIF,,10-K,2022-03-01,edgar/data/1795139/0000950170-22-002469.txt
GM Financial Consumer Automobile Receivables Trust 2020-1,0001795772,,,10-K,2022-03-25,edgar/data/1795772/0001213900-22-015097.txt
Creations Inc,0001795938,,,10-K,2022-03-31,edgar/data/1795938/0001493152-22-008371.txt
"Vincerx Pharma, Inc.",0001796129,VINC,,10-K,2022-03-29,edgar/data/1796129/0001193125-22-087454.txt
APi Group Corp,0001796209,APG,,10-K,2022-03-01,edgar/data/1796209/0000950170-22-002474.txt
"Oric Pharmaceuticals, Inc.",0001796280,ORIC,,10-K,2022-03-21,edgar/data/1796280/0000950170-22-004239.txt
Verizon Owner Trust 2020-A,0001796705,,,10-K,2022-03-30,edgar/data/1796705/0000929638-22-000705.txt
World Omni Automobile Lease Securitization Trust 2020-A,0001796981,,,10-K,2022-03-25,edgar/data/1796981/0001104659-22-037925.txt
BANK 2020-BNK25,0001797056,,,10-K,2022-03-15,edgar/data/1797056/0001888524-22-002991.txt
Toyota Auto Receivables 2020-A Owner Trust,0001797057,,,10-K,2022-03-28,edgar/data/1797057/0000929638-22-000682.txt
Mercedes-Benz Auto Lease Trust 2020-A,0001797084,,,10-K,2022-03-29,edgar/data/1797084/0001853620-22-000125.txt
Benchmark 2020-B16 Mortgage Trust,0001797288,,,10-K,2022-03-16,edgar/data/1797288/0001888524-22-003155.txt
"Ayala Pharmaceuticals, Inc.",0001797336,,,10-K,2022-03-28,edgar/data/1797336/0001213900-22-015423.txt
BBCMS Mortgage Trust 2020-C6,0001797679,,,10-K,2022-03-14,edgar/data/1797679/0001888524-22-002909.txt
Kinnate Biopharma Inc.,0001797768,,,10-K,2022-03-28,edgar/data/1797768/0001140361-22-011381.txt
NETSTREIT Corp.,0001798100,NTST,,10-K,2022-02-24,edgar/data/1798100/0001798100-22-000014.txt
Assure Holdings Corp.,0001798270,,,10-K,2022-03-14,edgar/data/1798270/0001558370-22-003471.txt
Drive Auto Receivables Trust 2020-1,0001798272,,,10-K,2022-03-31,edgar/data/1798272/0001193125-22-091424.txt
GS Mortgage Securities Trust 2020-GC45,0001798388,,,10-K,2022-03-16,edgar/data/1798388/0001888524-22-003153.txt
"Carriage House Event Center, Inc.",0001798458,,,10-K,2022-03-28,edgar/data/1798458/0001826466-22-000023.txt
TMC the metals Co Inc.,0001798562,TMCWW,,10-K,2022-03-25,edgar/data/1798562/0001104659-22-038029.txt
GM Financial Automobile Leasing Trust 2020-1,0001798682,,,10-K,2022-03-25,edgar/data/1798682/0001213900-22-015085.txt
"Aerovate Therapeutics, Inc.",0001798749,JBIO,,10-K,2022-03-30,edgar/data/1798749/0001493152-22-008189.txt
"Oncology Institute, Inc.",0001799191,TOIIW,,10-K,2022-03-11,edgar/data/1799191/0001628280-22-005868.txt
"Dun & Bradstreet Holdings, Inc.",0001799208,,,10-K,2022-02-24,edgar/data/1799208/0001799208-22-000011.txt
Wells Fargo Commercial Mortgage Trust 2020-C55,0001799385,,,10-K,2022-03-15,edgar/data/1799385/0001888524-22-002961.txt
"Aligos Therapeutics, Inc.",0001799448,ALGS,,10-K,2022-03-10,edgar/data/1799448/0000950170-22-003365.txt
Morgan Stanley Capital I Trust 2020-L4,0001799463,,,10-K,2022-03-30,edgar/data/1799463/0001888524-22-003884.txt
Ford Credit Auto Lease Trust 2020-A,0001799516,,,10-K,2022-03-24,edgar/data/1799516/0001799516-22-000018.txt
Capital One Prime Auto Receivables Trust 2020-1,0001799766,,,10-K,2022-03-25,edgar/data/1799766/0001799766-22-000014.txt
"Greenwich LifeSciences, Inc.",0001799788,GLSI,,10-K,2022-03-21,edgar/data/1799788/0001493152-22-007377.txt
"Renovacor, Inc.",0001799850,,,10-K,2022-03-24,edgar/data/1799850/0000950170-22-004543.txt
"iCap Vault 1, LLC",0001800199,,,10-K,2022-03-24,edgar/data/1800199/0001493152-22-007682.txt
IAC/InterActiveCorp,0001800227,IAC,,10-K,2022-03-01,edgar/data/1800227/0001800227-22-000007.txt
CITIGROUP COMMERCIAL MORTGAGE TRUST 2020-GC46,0001800294,,,10-K,2022-03-30,edgar/data/1800294/0001564590-22-012408.txt
"Galecto, Inc.",0001800315,GLTO,,10-K,2022-02-17,edgar/data/1800315/0001564590-22-005569.txt
Venus Acquisition Corp,0001800392,VENAF,,10-K,2022-03-25,edgar/data/1800392/0001829126-22-006763.txt
World Omni Auto Receivables Trust 2020-A,0001800398,,,10-K,2022-03-25,edgar/data/1800398/0001104659-22-037952.txt
Agrify Corp,0001800637,RYM,,10-K,2022-03-31,edgar/data/1800637/0001213900-22-016936.txt
JFrog Ltd,0001800667,FROG,,10-K,2022-02-11,edgar/data/1800667/0000950170-22-001123.txt
"Cano Health, Inc.",0001800682,,,10-K,2022-03-14,edgar/data/1800682/0001800682-22-000010.txt
ABBOTT LABORATORIES,0000001800,ABT,,10-K,2022-02-18,edgar/data/1800/0001104659-22-025141.txt
American National Group Inc,0001801075,,,10-K,2022-02-25,edgar/data/1801075/0001801075-22-000004.txt
Opendoor Technologies Inc.,0001801169,OPENZ,,10-K,2022-02-24,edgar/data/1801169/0001801169-22-000027.txt
"CLOVER HEALTH INVESTMENTS, CORP. /DE",0001801170,CLOV,,10-K,2022-02-28,edgar/data/1801170/0001801170-22-000015.txt
Benchmark 2020-IG1 Mortgage Trust,0001801338,,,10-K,2022-03-16,edgar/data/1801338/0001888524-22-003111.txt
MP Materials Corp. / DE,0001801368,MP,,10-K,2022-02-28,edgar/data/1801368/0001801368-22-000010.txt
AmeriCredit Automobile Receivables Trust 2020-1,0001801390,,,10-K,2022-03-25,edgar/data/1801390/0001213900-22-015076.txt
Tuatara Capital Acquisition Corp,0001801602,SBIGW,,10-K,2022-03-11,edgar/data/1801602/0001140361-22-009138.txt
Skillz Inc.,0001801661,SKLZ,,10-K,2022-03-01,edgar/data/1801661/0001628280-22-004552.txt
Carvana Auto Receivables Trust 2020-P1,0001801738,,,10-K,2022-03-29,edgar/data/1801738/0001193125-22-086917.txt
"Trean Insurance Group, Inc.",0001801754,,,10-K,2022-03-16,edgar/data/1801754/0001801754-22-000005.txt
Western Magnesium Corp.,0001801762,,,10-K,2022-02-15,edgar/data/1801762/0001493152-22-004597.txt
Applied Molecular Transport Inc.,0001801777,,,10-K,2022-02-24,edgar/data/1801777/0001564590-22-006698.txt
"Xponential Fitness, Inc.",0001802156,XPOF,,10-K,2022-03-07,edgar/data/1802156/0000950170-22-002936.txt
Benchmark 2020-B17 Mortgage Trust,0001802215,,,10-K,2022-03-15,edgar/data/1802215/0001888524-22-003059.txt
Lionheart Acquisition Corp. II,0001802450,MSPRZ,,10-K,2022-03-08,edgar/data/1802450/0001140361-22-008247.txt
"Origin Materials, Inc.",0001802457,ORGNW,,10-K,2022-03-01,edgar/data/1802457/0001802457-22-000007.txt
John Deere Owner Trust 2020,0001802617,,,10-K,2022-01-21,edgar/data/1802617/0001104659-22-006325.txt
"Harmony Biosciences Holdings, Inc.",0001802665,HRMY,,10-K,2022-02-28,edgar/data/1802665/0001558370-22-002257.txt
"Lightning eMotors, Inc.",0001802749,,,10-K,2022-03-30,edgar/data/1802749/0001558370-22-004767.txt
Royalty Pharma plc,0001802768,RPRX,,10-K,2022-02-15,edgar/data/1802768/0001802768-22-000011.txt
Daimler Trucks Retail Trust 2020-1,0001803020,,,10-K,2022-03-31,edgar/data/1803020/0001853620-22-000142.txt
BANK 2020-BNK26,0001803308,,,10-K,2022-03-29,edgar/data/1803308/0001888524-22-003545.txt
Blackstone Private Credit Fund,0001803498,,,10-K,2022-03-09,edgar/data/1803498/0001803498-22-000009.txt
Concentrix Corp,0001803599,CNXC,,10-K,2022-01-28,edgar/data/1803599/0001803599-22-000025.txt
Xperi Holding Corp,0001803696,ADEA,,10-K,2022-02-24,edgar/data/1803696/0001564590-22-006778.txt
CSAIL 2020-C19 Commercial Mortgage Trust,0001803702,,,10-K,2022-03-08,edgar/data/1803702/0001888524-22-002561.txt
Wells Fargo Commercial Mortgage Trust 2020-C56,0001803858,,,10-K,2022-03-16,edgar/data/1803858/0001888524-22-003091.txt
"Talkspace, Inc.",0001803901,TALKW,,10-K,2022-02-25,edgar/data/1803901/0000950170-22-002102.txt
"PLBY Group, Inc.",0001803914,PLBY,,10-K,2022-03-16,edgar/data/1803914/0001803914-22-000011.txt
Ford Credit Auto Owner Trust 2020-A,0001803935,,,10-K,2022-03-23,edgar/data/1803935/0001803935-22-000016.txt
"BIO LAB NATURALS, INC.",0001803977,LIMX,,10-K,2022-03-18,edgar/data/1803977/0001065949-22-000027.txt
"Butterfly Network, Inc.",0001804176,BFLYW,,10-K,2022-02-28,edgar/data/1804176/0001558370-22-002397.txt
Driven Brands Holdings Inc.,0001804745,DRVN,,10-K,2022-03-18,edgar/data/1804745/0001628280-22-006676.txt
"Eos Energy Enterprises, Inc.",0001805077,EOSE,,10-K,2022-02-25,edgar/data/1805077/0001628280-22-004017.txt
"Rocket Companies, Inc.",0001805284,RKT,,10-K,2022-03-01,edgar/data/1805284/0001805284-22-000011.txt
"Evolv Technologies Holdings, Inc.",0001805385,EVLVW,,10-K,2022-03-28,edgar/data/1805385/0001558370-22-004491.txt
"Cerevel Therapeutics Holdings, Inc.",0001805387,,,10-K,2022-03-01,edgar/data/1805387/0000950170-22-002516.txt
Verizon Owner Trust 2020-B,0001805574,,,10-K,2022-03-30,edgar/data/1805574/0000929638-22-000706.txt
Toyota Auto Receivables 2020-B Owner Trust,0001805616,,,10-K,2022-03-28,edgar/data/1805616/0000929638-22-000683.txt
"MARKETWISE, INC.",0001805651,MKTW,,10-K,2022-03-10,edgar/data/1805651/0001628280-22-005651.txt
"System1, Inc.",0001805833,SSTPW,,10-K,2022-03-31,edgar/data/1805833/0001104659-22-040410.txt
Fusion Pharmaceuticals Inc.,0001805890,,,10-K,2022-03-17,edgar/data/1805890/0001564590-22-010720.txt
GM Financial Consumer Automobile Receivables Trust 2020-2,0001806151,,,10-K,2022-03-25,edgar/data/1806151/0001213900-22-015099.txt
CNH Equipment Trust 2020-A,0001806152,,,10-K,2022-03-30,edgar/data/1806152/0001104659-22-039703.txt
Gaming & Hospitality Acquisition Corp.,0001806156,,,10-K,2022-03-28,edgar/data/1806156/0001193125-22-086610.txt
Open Lending Corp,0001806201,LPRO,,10-K,2022-02-28,edgar/data/1806201/0001628280-22-004299.txt
"Taysha Gene Therapies, Inc.",0001806310,TSHA,,10-K,2022-03-31,edgar/data/1806310/0001564590-22-012782.txt
"Vertex, Inc.",0001806837,VERX,,10-K,2022-03-16,edgar/data/1806837/0001558370-22-003777.txt
"Rayonier, L.P.",0001806931,,,10-K,2022-02-25,edgar/data/1806931/0000052827-22-000018.txt
BANK 2020-BNK27,0001806944,,,10-K,2022-03-16,edgar/data/1806944/0001888524-22-003087.txt
"Lyell Immunopharma, Inc.",0001806952,LYEL,,10-K,2022-03-29,edgar/data/1806952/0001628280-22-007708.txt
GM Financial Automobile Leasing Trust 2020-2,0001807011,,,10-K,2022-03-25,edgar/data/1807011/0001213900-22-015086.txt
"Belpointe PREP, LLC",0001807046,OZ,,10-K,2022-03-11,edgar/data/1807046/0001493152-22-006657.txt
"Design Therapeutics, Inc.",0001807120,DSGN,,10-K,2022-03-10,edgar/data/1807120/0000950170-22-003369.txt
Owl Rock Capital Corp III,0001807427,,,10-K,2022-02-25,edgar/data/1807427/0000950170-22-002113.txt
Malacca Straits Acquisition Co Ltd,0001807594,,,10-K,2022-03-31,edgar/data/1807594/0001213900-22-016749.txt
Hi-Great Group Holding Co,0001807616,HIGR,,10-K,2022-02-24,edgar/data/1807616/0001213900-22-009127.txt
Santander Drive Auto Receivables Trust 2020-1,0001807634,,,10-K,2022-03-31,edgar/data/1807634/0001193125-22-091022.txt
"AppHarvest, Inc.",0001807707,,,10-K,2022-03-01,edgar/data/1807707/0001807707-22-000028.txt
PMV Consumer Acquisition Corp.,0001807765,PMVCW,,10-K,2022-03-10,edgar/data/1807765/0001213900-22-011571.txt
MONEYLION INC.,0001807846,,,10-K,2022-03-17,edgar/data/1807846/0001213900-22-013301.txt
"STANDARD PREMIUM FINANCE HOLDINGS, INC.",0001807893,SPFX,,10-K,2022-03-25,edgar/data/1807893/0001553350-22-000241.txt
Repare Therapeutics Inc.,0001808158,RPTX,,10-K,2022-03-01,edgar/data/1808158/0000950170-22-002560.txt
"GoHealth, Inc.",0001808220,GOCO,,10-K,2022-03-16,edgar/data/1808220/0001808220-22-000029.txt
Hyundai Auto Receivables Trust 2020-A,0001808575,,,10-K,2022-03-18,edgar/data/1808575/0001104659-22-035416.txt
"Assertio Holdings, Inc.",0001808665,ASRT,,10-K,2022-03-10,edgar/data/1808665/0001808665-22-000012.txt
"Nautilus Biotechnology, Inc.",0001808805,NAUT,,10-K,2022-02-24,edgar/data/1808805/0001808805-22-000010.txt
"PROG Holdings, Inc.",0001808834,PRG,,10-K,2022-02-23,edgar/data/1808834/0001808834-22-000016.txt
"iTeos Therapeutics, Inc.",0001808865,,,10-K,2022-03-23,edgar/data/1808865/0000950170-22-004409.txt
"Alight, Inc. / Delaware",0001809104,ALIT,,10-K,2022-03-10,edgar/data/1809104/0000950170-22-003360.txt
Volkswagen Auto Loan Enhanced Trust 2020-1,0001809291,,,10-K,2022-03-30,edgar/data/1809291/0001193125-22-089118.txt
"GoodRx Holdings, Inc.",0001809519,GDRX,,10-K,2022-03-01,edgar/data/1809519/0000950170-22-002348.txt
"Mirion Technologies, Inc.",0001809987,MIR,,10-K,2022-02-28,edgar/data/1809987/0001628280-22-004286.txt
"Rackspace Technology, Inc.",0001810019,RXT,,10-K,2022-03-01,edgar/data/1810019/0001810019-22-000036.txt
GS Mortgage Securities Trust 2020-GC47,0001810050,,,10-K,2022-03-15,edgar/data/1810050/0001888524-22-003022.txt
1847 Goedeker Inc.,0001810140,,,10-K,2022-03-31,edgar/data/1810140/0001213900-22-016393.txt
ALX ONCOLOGY HOLDINGS INC,0001810182,ALXO,,10-K,2022-02-28,edgar/data/1810182/0001564590-22-007364.txt
"Eastern Bankshares, Inc.",0001810546,EBC,,10-K,2022-02-25,edgar/data/1810546/0001628280-22-004022.txt
"Radius Global Infrastructure, Inc.",0001810739,,,10-K,2022-03-01,edgar/data/1810739/0001564590-22-007891.txt
Unity Software Inc.,0001810806,U,,10-K,2022-02-22,edgar/data/1810806/0001810806-22-000004.txt
Nuvation Bio Inc.,0001811063,NUVB-WT,,10-K,2022-02-28,edgar/data/1811063/0000950170-22-002332.txt
Texas Pacific Land Corp,0001811074,TPL,,10-K,2022-02-23,edgar/data/1811074/0001811074-22-000014.txt
"Lucid Group, Inc.",0001811210,LCID,,10-K,2022-02-28,edgar/data/1811210/0001628280-22-004253.txt
QuantumScape Corp,0001811414,QS,,10-K,2022-02-28,edgar/data/1811414/0000950170-22-002330.txt
POINT Biopharma Global Inc.,0001811764,,,10-K,2022-03-25,edgar/data/1811764/0001811764-22-000027.txt
"Pershing Square Tontine Holdings, Ltd.",0001811882,,,10-K,2022-03-03,edgar/data/1811882/0001193125-22-064529.txt
Barings Capital Investment Corp,0001811972,,,10-K,2022-02-23,edgar/data/1811972/0001811972-22-000003.txt
Vicarious Surgical Inc.,0001812173,RBOTW,,10-K,2022-03-31,edgar/data/1812173/0001213900-22-016785.txt
Churchill Capital Corp V,0001812234,,,10-K,2022-03-31,edgar/data/1812234/0001193125-22-091568.txt
Delwinds Insurance Acquisition Corp.,0001812360,FOXOW,,10-K,2022-03-07,edgar/data/1812360/0001213900-22-010952.txt
"Relay Therapeutics, Inc.",0001812364,RLAY,,10-K,2022-02-24,edgar/data/1812364/0000950170-22-001978.txt
World Omni Auto Receivables Trust 2020-B,0001812528,,,10-K,2022-03-25,edgar/data/1812528/0001104659-22-037955.txt
Owl Rock Core Income Corp.,0001812554,,,10-K,2022-03-10,edgar/data/1812554/0000950170-22-003267.txt
BBCMS Mortgage Trust 2020-C7,0001812604,,,10-K,2022-03-16,edgar/data/1812604/0001888524-22-003143.txt
CC Neuberger Principal Holdings II,0001812667,,,10-K,2022-03-01,edgar/data/1812667/0001410578-22-000241.txt
"Reliance Global Group, Inc.",0001812727,EZRAW,,10-K,2022-03-31,edgar/data/1812727/0001493152-22-008413.txt
BMW Vehicle Owner Trust 2020-A,0001812807,,,10-K,2022-03-25,edgar/data/1812807/0000929638-22-000654.txt
Mercedes-Benz Auto Receivables Trust 2020-1,0001813420,,,10-K,2022-03-29,edgar/data/1813420/0001853620-22-000131.txt
Planet 13 Holdings Inc.,0001813452,PLNH,,10-K,2022-03-28,edgar/data/1813452/0001654954-22-003921.txt
Hestia Insight Inc.,0001813603,HSTA,,10-K,2022-02-25,edgar/data/1813603/0001829126-22-004520.txt
ACE Convergence Acquisition Corp.,0001813658,,,10-K,2022-03-10,edgar/data/1813658/0001410578-22-000335.txt
Drive Auto Receivables Trust 2020-2,0001813677,,,10-K,2022-03-31,edgar/data/1813677/0001193125-22-091037.txt
Ford Credit Auto Owner Trust 2020-B,0001813722,,,10-K,2022-03-23,edgar/data/1813722/0001813722-22-000016.txt
WeWork Inc.,0001813756,,,10-K,2022-03-17,edgar/data/1813756/0001813756-22-000003.txt
"Blockchain of Things, Inc.",0001813793,,,10-K,2022-03-31,edgar/data/1813793/0001663577-22-000193.txt
Mind Medicine (MindMed) Inc.,0001813814,DFTX,,10-K,2022-03-28,edgar/data/1813814/0000950170-22-004724.txt
"CareMax, Inc.",0001813914,,,10-K,2022-03-16,edgar/data/1813914/0000950170-22-003946.txt
Health Sciences Acquisitions Corp 2,0001814114,OBIO,,10-K,2022-03-31,edgar/data/1814114/0001213900-22-016849.txt
Toyota Auto Receivables 2020-C Owner Trust,0001814210,,,10-K,2022-03-28,edgar/data/1814210/0000929638-22-000684.txt
Tailwind Acquisition Corp.,0001814215,BURUW,,10-K,2022-03-31,edgar/data/1814215/0001104659-22-041015.txt
"Astra Space, Inc.",0001814329,,,10-K,2022-03-31,edgar/data/1814329/0000950170-22-005246.txt
JPMDB Commercial Mortgage Securities Trust 2020-COR7,0001814389,,,10-K,2022-03-14,edgar/data/1814389/0001888524-22-002908.txt
E.Merge Technology Acquisition Corp.,0001814728,,,10-K,2022-03-31,edgar/data/1814728/0001193125-22-091802.txt
AmeriCredit Automobile Receivables Trust 2020-2,0001814917,,,10-K,2022-03-25,edgar/data/1814917/0001213900-22-015077.txt
"BBX Capital, Inc.",0001814974,BBXIA,,10-K,2022-03-16,edgar/data/1814974/0001814974-22-000028.txt
Bridgetown Holdings Ltd,0001815086,,,10-K,2022-03-28,edgar/data/1815086/0001213900-22-015525.txt
RedBall Acquisition Corp.,0001815184,,,10-K,2022-02-25,edgar/data/1815184/0001193125-22-054531.txt
"Kymera Therapeutics, Inc.",0001815442,KYMR,,10-K,2022-02-24,edgar/data/1815442/0000950170-22-001860.txt
EMERGING OPPORTUNITIES CORP,0001815547,,,10-K,2022-01-24,edgar/data/1815547/0001731122-22-000083.txt
FAST Acquisition Corp.,0001815737,,,10-K,2022-03-31,edgar/data/1815737/0001213900-22-016870.txt
Thunder Bridge Capital Partners III Inc.,0001815753,,,10-K,2022-03-30,edgar/data/1815753/0001213900-22-015937.txt
"Graphite Bio, Inc.",0001815776,LENZ,,10-K,2022-03-21,edgar/data/1815776/0001564590-22-011123.txt
"ATI Physical Therapy, Inc.",0001815849,,,10-K,2022-03-01,edgar/data/1815849/0001815849-22-000006.txt
"Petros Pharmaceuticals, Inc.",0001815903,PTPI,,10-K,2022-03-31,edgar/data/1815903/0001410578-22-000783.txt
"Spire Global, Inc.",0001816017,SPIR,,10-K,2022-03-30,edgar/data/1816017/0000950170-22-005052.txt
Santander Drive Auto Receivables Trust 2020-2,0001816049,,,10-K,2022-03-31,edgar/data/1816049/0001193125-22-090879.txt
Benchmark 2020-B18 Mortgage Trust,0001816147,,,10-K,2022-03-16,edgar/data/1816147/0001888524-22-003127.txt
GO Acquisition Corp.,0001816176,,,10-K,2022-03-30,edgar/data/1816176/0001213900-22-016203.txt
"Sharecare, Inc.",0001816233,,,10-K,2022-03-31,edgar/data/1816233/0001816233-22-000006.txt
Executive Network Partnering Corp,0001816261,,,10-K,2022-03-30,edgar/data/1816261/0001193125-22-090002.txt
Quantum-Si Inc,0001816431,QSIAW,,10-K,2022-03-01,edgar/data/1816431/0001140361-22-007334.txt
Hyundai Auto Receivables Trust 2020-B,0001816571,,,10-K,2022-03-18,edgar/data/1816571/0001104659-22-035417.txt
"Ouster, Inc.",0001816581,OUSTZ,,10-K,2022-02-28,edgar/data/1816581/0001628280-22-004256.txt
John Deere Owner Trust 2020-B,0001816589,,,10-K,2022-01-21,edgar/data/1816589/0001104659-22-006326.txt
COMPASS Pathways plc,0001816590,CMPS,,10-K,2022-02-24,edgar/data/1816590/0001628280-22-003651.txt
Markforged Holding Corp,0001816613,,,10-K,2022-03-31,edgar/data/1816613/0000950170-22-005169.txt
"Owlet, Inc.",0001816708,OWLTW,,10-K,2022-03-25,edgar/data/1816708/0001628280-22-007346.txt
"Gemini Therapeutics, Inc. /DE",0001816736,IRON,,10-K,2022-03-10,edgar/data/1816736/0000950170-22-003288.txt
Ford Credit Auto Lease Trust 2020-B,0001816750,,,10-K,2022-03-24,edgar/data/1816750/0001816750-22-000017.txt
Morgan Stanley Capital I Trust 2020-HR8,0001816861,,,10-K,2022-03-30,edgar/data/1816861/0001888524-22-003695.txt
EzFill Holdings Inc,0001817004,NXXT,,10-K,2022-03-09,edgar/data/1817004/0001493152-22-006414.txt
Vor Biopharma Inc.,0001817229,VOR,,10-K,2022-03-14,edgar/data/1817229/0000950170-22-003577.txt
Dune Acquisition Corp,0001817232,HGASW,,10-K,2022-03-29,edgar/data/1817232/0001213900-22-015742.txt
"Academy Sports & Outdoors, Inc.",0001817358,ASO,,10-K,2022-03-29,edgar/data/1817358/0001817358-22-000039.txt
SOCIETY PASS INCORPORATED.,0001817511,SOPA,,10-K,2022-03-30,edgar/data/1817511/0001607062-22-000218.txt
Financial Strategies Acquisition Corp.,0001817565,,,10-K,2022-03-31,edgar/data/1817565/0001104659-22-041045.txt
Breeze Holdings Acquisition Corp.,0001817640,,,10-K,2022-03-11,edgar/data/1817640/0001564590-22-009867.txt
GM Financial Consumer Automobile Receivables Trust 2020-3,0001817669,,,10-K,2022-03-25,edgar/data/1817669/0001213900-22-015100.txt
"Janux Therapeutics, Inc.",0001817713,JANX,,10-K,2022-03-18,edgar/data/1817713/0000950170-22-004171.txt
"SmartKem, Inc.",0001817760,SMTK,,10-K,2022-03-28,edgar/data/1817760/0001558370-22-004423.txt
Recharge Acquisition Corp.,0001817786,,,10-K,2022-03-31,edgar/data/1817786/0001410578-22-000680.txt
Steele Creek Capital Corp,0001817825,,,10-K,2022-03-31,edgar/data/1817825/0001213900-22-016865.txt
"Clarus Therapeutics Holdings, Inc.",0001817944,,,10-K,2022-03-31,edgar/data/1817944/0001193125-22-092120.txt
World Omni Auto Receivables Trust 2020-C,0001818066,,,10-K,2022-03-25,edgar/data/1818066/0001104659-22-037959.txt
Beauty Health Co,0001818093,SKIN,,10-K,2022-03-01,edgar/data/1818093/0001818093-22-000046.txt
"Zentrum Holdings, Inc.",0001818152,,,10-K,2022-03-31,edgar/data/1818152/0001599916-22-000100.txt
CCC Intelligent Solutions Holdings Inc.,0001818201,CCC,,10-K,2022-03-01,edgar/data/1818201/0001193125-22-061328.txt
Cohn Robbins Holdings Corp.,0001818212,,,10-K,2022-03-01,edgar/data/1818212/0001213900-22-010068.txt
Equity Distribution Acquisition Corp.,0001818221,,,10-K,2022-02-24,edgar/data/1818221/0001193125-22-052440.txt
DBJPM 2020-C9 Mortgage Trust,0001818254,,,10-K,2022-03-16,edgar/data/1818254/0001888524-22-003109.txt
Sema4 Holdings Corp.,0001818331,WGSWW,,10-K,2022-03-14,edgar/data/1818331/0001818331-22-000037.txt
"Ribbit LEAP, Ltd.",0001818346,,,10-K,2022-03-30,edgar/data/1818346/0001104659-22-040258.txt
"Humacyte, Inc.",0001818382,HUMAW,,10-K,2022-03-29,edgar/data/1818382/0001818382-22-000011.txt
"MediaAlpha, Inc.",0001818383,MAX,,10-K,2022-02-28,edgar/data/1818383/0001818383-22-000023.txt
OppFi Inc.,0001818502,OPFI-WT,,10-K,2022-03-11,edgar/data/1818502/0001818502-22-000001.txt
"AEye, Inc.",0001818644,LIDRW,,10-K,2022-03-28,edgar/data/1818644/0001818644-22-000008.txt
Wells Fargo Commercial Mortgage Trust 2020-C57,0001818654,,,10-K,2022-03-10,edgar/data/1818654/0001888524-22-002724.txt
Primavera Capital Acquisition Corp.,0001818787,,,10-K,2022-03-31,edgar/data/1818787/0001193125-22-090731.txt
"Dyne Therapeutics, Inc.",0001818794,DYN,,10-K,2022-03-10,edgar/data/1818794/0000950170-22-003290.txt
"Virios Therapeutics, Inc.",0001818844,DWTX,,10-K,2022-03-18,edgar/data/1818844/0001558370-22-003885.txt
Social Capital Hedosophia Holdings Corp. VI,0001818873,,,10-K,2022-03-01,edgar/data/1818873/0001410578-22-000238.txt
"SoFi Technologies, Inc.",0001818874,SOFI,,10-K,2022-03-01,edgar/data/1818874/0001818874-22-000031.txt
Social Capital Hedosophia Holdings Corp. IV,0001818876,,,10-K,2022-03-28,edgar/data/1818876/0001410578-22-000532.txt
Glenfarne Merger Corp.,0001818880,,,10-K,2022-03-25,edgar/data/1818880/0001213900-22-015165.txt
"Metromile, Inc.",0001819035,,,10-K,2022-02-28,edgar/data/1819035/0001628280-22-004241.txt
"Science 37 Holdings, Inc.",0001819113,,,10-K,2022-03-22,edgar/data/1819113/0001819113-22-000011.txt
"Tango Therapeutics, Inc.",0001819133,TNGX,,10-K,2022-03-28,edgar/data/1819133/0000950170-22-004721.txt
SES AI Corp,0001819142,SES-WT,,10-K,2022-03-31,edgar/data/1819142/0001193125-22-092102.txt
North Mountain Merger Corp.,0001819157,,,10-K,2022-03-22,edgar/data/1819157/0001140361-22-010413.txt
Prime Impact Acquisition I,0001819175,PRIAF,,10-K,2022-03-21,edgar/data/1819175/0001193125-22-080658.txt
"Matterport, Inc./DE",0001819394,,,10-K,2022-03-18,edgar/data/1819394/0001819394-22-000023.txt
"Sonder Holdings, Inc.",0001819395,SONDQ,,10-K,2022-03-28,edgar/data/1819395/0001819395-22-000015.txt
TPG Pace Beneficial Finance Corp.,0001819399,,,10-K,2022-02-17,edgar/data/1819399/0001564590-22-005586.txt
Nerdy Inc.,0001819404,NRDY,,10-K,2022-02-28,edgar/data/1819404/0001819404-22-000016.txt
"Gain Therapeutics, Inc.",0001819411,GANX,,10-K,2022-03-25,edgar/data/1819411/0001558370-22-004363.txt
"ESS Tech, Inc.",0001819438,GWH-WT,,10-K,2022-03-04,edgar/data/1819438/0001628280-22-005026.txt
"Xos, Inc.",0001819493,XOSWW,,10-K,2022-03-30,edgar/data/1819493/0001819493-22-000013.txt
IG Acquisition Corp.,0001819496,,,10-K,2022-03-25,edgar/data/1819496/0001213900-22-015188.txt
Wheels Up Experience Inc.,0001819516,WSUPW,,10-K,2022-03-10,edgar/data/1819516/0001819516-22-000009.txt
Liquidia Corp,0001819576,LQDA,,10-K,2022-03-17,edgar/data/1819576/0001558370-22-003850.txt
Avanti Acquisition Corp.,0001819608,,,10-K,2022-03-31,edgar/data/1819608/0001193125-22-091731.txt
Clever Leaves Holdings Inc.,0001819615,,,10-K,2022-03-24,edgar/data/1819615/0001819615-22-000056.txt
Coeptis Therapeutics Inc.,0001819663,,,10-K,2022-03-11,edgar/data/1819663/0001683168-22-001616.txt
Research Alliance Corp. II,0001819724,,,10-K,2022-03-18,edgar/data/1819724/0001104659-22-035554.txt
"Tarsus Pharmaceuticals, Inc.",0001819790,TARS,,10-K,2022-03-14,edgar/data/1819790/0001819790-22-000010.txt
GCM Grosvenor Inc.,0001819796,GCMG,,10-K,2022-02-25,edgar/data/1819796/0001819796-22-000006.txt
"Joby Aviation, Inc.",0001819848,JOBY-WT,,10-K,2022-03-28,edgar/data/1819848/0000950170-22-004706.txt
Paya Holdings Inc.,0001819881,,,10-K,2022-03-15,edgar/data/1819881/0001819881-22-000015.txt
"DoubleVerify Holdings, Inc.",0001819928,DV,,10-K,2022-03-08,edgar/data/1819928/0001558370-22-003061.txt
"SkyWater Technology, Inc",0001819974,SKYT,,10-K,2022-03-10,edgar/data/1819974/0001819974-22-000013.txt
Cipher Mining Inc.,0001819989,CIFR,,10-K,2022-03-04,edgar/data/1819989/0000950170-22-002861.txt
"Rocket Lab USA, Inc.",0001819994,RKLB,,10-K,2022-03-24,edgar/data/1819994/0000950170-22-004458.txt
Tiga Acquisition Corp.,0001820144,GRND,,10-K,2022-03-22,edgar/data/1820144/0001140361-22-010575.txt
SCP & CO Healthcare Acquisition Co,0001820160,,,10-K,2022-03-31,edgar/data/1820160/0001564590-22-013003.txt
OCA Acquisition Corp.,0001820175,,,10-K,2022-03-31,edgar/data/1820175/0001213900-22-016779.txt
Vickers Vantage Corp. I,0001820190,SCLXW,,10-K,2022-02-24,edgar/data/1820190/0001213900-22-009229.txt
AEA-Bridges Impact Corp.,0001820191,,,10-K,2022-03-25,edgar/data/1820191/0001193125-22-084464.txt
"Bakkt Holdings, Inc.",0001820302,BKKT-WT,,10-K,2022-03-31,edgar/data/1820302/0001820302-22-000005.txt
Thayer Ventures Acquisition Corp,0001820566,ISPOW,,10-K,2022-02-09,edgar/data/1820566/0001193125-22-032789.txt
Proterra Inc,0001820630,,,10-K,2022-03-14,edgar/data/1820630/0001628280-22-006109.txt
Mudrick Capital Acquisition Corp. II,0001820727,,,10-K,2022-03-29,edgar/data/1820727/0001193125-22-088060.txt
Apollo Strategic Growth Capital,0001820872,GBTG,,10-K,2022-03-01,edgar/data/1820872/0001104659-22-028779.txt
"KINS Technology Group, Inc.",0001820875,CXAIW,,10-K,2022-03-30,edgar/data/1820875/0001558370-22-004779.txt
Apartment Income REIT Corp.,0001820877,,,10-K,2022-03-01,edgar/data/1820877/0000950170-22-002462.txt
Aimco OP L.P.,0001820878,,,10-K,2022-03-01,edgar/data/1820878/0001564590-22-008111.txt
Oaktree Acquisition Corp. II,0001820931,,,10-K,2022-03-30,edgar/data/1820931/0001193125-22-089986.txt
PROPTECH INVESTMENT CORP. II,0001821075,,,10-K,2022-03-09,edgar/data/1821075/0001213900-22-011317.txt
Better World Acquisition Corp.,0001821146,,,10-K,2022-03-31,edgar/data/1821146/0001213900-22-016905.txt
EVgo Inc.,0001821159,EVGOW,,10-K,2022-03-24,edgar/data/1821159/0001558370-22-004199.txt
Guild Holdings Co,0001821160,,,10-K,2022-03-14,edgar/data/1821160/0001821160-22-000009.txt
"Global SPAC Partners Co,",0001821169,,,10-K,2022-03-31,edgar/data/1821169/0001213900-22-016949.txt
Motorsport Games Inc.,0001821175,MSGM,,10-K,2022-03-30,edgar/data/1821175/0001493152-22-008160.txt
Mercedes-Benz Auto Lease Trust 2020-B,0001821260,,,10-K,2022-03-29,edgar/data/1821260/0001853620-22-000126.txt
Santander Drive Auto Receivables Trust 2020-3,0001821292,,,10-K,2022-03-31,edgar/data/1821292/0001193125-22-090907.txt
OTR Acquisition Corp.,0001821318,,,10-K,2022-03-08,edgar/data/1821318/0001410578-22-000296.txt
"Sigilon Therapeutics, Inc.",0001821323,,,10-K,2022-03-14,edgar/data/1821323/0001558370-22-003555.txt
CC Neuberger Principal Holdings III,0001821329,,,10-K,2022-03-31,edgar/data/1821329/0001104659-22-041027.txt
"Aaron's Company, Inc.",0001821393,,,10-K,2022-02-24,edgar/data/1821393/0001821393-22-000014.txt
Helix Acquisition Corp,0001821586,MLTX,,10-K,2022-02-17,edgar/data/1821586/0001213900-22-008253.txt
Tastemaker Acquisition Corp.,0001821606,,,10-K,2022-03-25,edgar/data/1821606/0001193125-22-084255.txt
Sarissa Capital Acquisition Corp.,0001821682,,,10-K,2022-03-31,edgar/data/1821682/0001193125-22-092090.txt
World Omni Select Auto Trust 2020-A,0001821685,,,10-K,2022-03-25,edgar/data/1821685/0001104659-22-037971.txt
"DPCM Capital, Inc.",0001821742,,,10-K,2022-03-15,edgar/data/1821742/0001193125-22-075098.txt
Navitas Semiconductor Corp,0001821769,NVTS,,10-K,2022-03-31,edgar/data/1821769/0001628280-22-008077.txt
Horizon Acquisition Corp II,0001821788,,,10-K,2022-03-16,edgar/data/1821788/0001410578-22-000403.txt
Organon & Co.,0001821825,OGN,,10-K,2022-03-21,edgar/data/1821825/0001821825-22-000002.txt
Sunlight Financial Holdings Inc.,0001821850,,,10-K,2022-03-29,edgar/data/1821850/0001821850-22-000004.txt
BENCHMARK 2020-B19 MORTGAGE TRUST,0001821946,,,10-K,2022-03-30,edgar/data/1821946/0001564590-22-012435.txt
Tekkorp Digital Acquisition Corp.,0001822027,,,10-K,2022-03-04,edgar/data/1822027/0001213900-22-010639.txt
Ventoux CCM Acquisition Corp.,0001822145,,,10-K,2022-02-23,edgar/data/1822145/0001213900-22-009002.txt
BANK 2020-BNK28,0001822166,,,10-K,2022-03-15,edgar/data/1822166/0001888524-22-003049.txt
FirstMark Horizon Acquisition Corp.,0001822219,,,10-K,2022-03-28,edgar/data/1822219/0001213900-22-015237.txt
ContextLogic Inc.,0001822250,,,10-K,2022-03-14,edgar/data/1822250/0001564590-22-010074.txt
Cascade Acquisition Corp,0001822309,,,10-K,2022-03-29,edgar/data/1822309/0001213900-22-015656.txt
Jack Creek Investment Corp.,0001822312,,,10-K,2022-03-21,edgar/data/1822312/0001193125-22-080620.txt
Toyota Auto Receivables 2020-D Owner Trust,0001822315,,,10-K,2022-03-28,edgar/data/1822315/0000929638-22-000685.txt
DocGo Inc.,0001822359,DCGO,,10-K,2022-03-15,edgar/data/1822359/0001213900-22-012545.txt
GM Financial Automobile Leasing Trust 2020-3,0001822360,,,10-K,2022-03-25,edgar/data/1822360/0001213900-22-015087.txt
Altitude Acquisition Corp.,0001822366,,,10-K,2022-03-29,edgar/data/1822366/0001193125-22-088221.txt
Foghorn Therapeutics Inc.,0001822462,FHTX,,10-K,2022-03-10,edgar/data/1822462/0001628280-22-005753.txt
Sotera Health Co,0001822479,SHC,,10-K,2022-03-01,edgar/data/1822479/0001822479-22-000014.txt
Hillman Solutions Corp.,0001822492,HLMN,,10-K,2022-03-16,edgar/data/1822492/0001822492-22-000036.txt
"AFC Gamma, Inc.",0001822523,AFCG,,10-K,2022-03-10,edgar/data/1822523/0001140361-22-008768.txt
"GreenLight Biosciences Holdings, PBC",0001822691,,,10-K,2022-03-31,edgar/data/1822691/0001193125-22-092115.txt
"PARDES BIOSCIENCES, INC.",0001822711,,,10-K,2022-03-29,edgar/data/1822711/0000950170-22-004946.txt
Clene Inc.,0001822791,CLNN,,10-K,2022-03-11,edgar/data/1822791/0000950170-22-003410.txt
Fortistar Sustainable Solutions Corp.,0001822862,,,10-K,2022-03-30,edgar/data/1822862/0001140361-22-011970.txt
Lefteris Acquisition Corp.,0001822873,,,10-K,2022-03-31,edgar/data/1822873/0001140361-22-012212.txt
HHG Capital Corp,0001822886,,,10-K,2022-03-03,edgar/data/1822886/0001493152-22-005970.txt
26 Capital Acquisition Corp.,0001822912,,,10-K,2022-03-30,edgar/data/1822912/0001213900-22-016220.txt
Holley Inc.,0001822928,HLLY-WT,,10-K,2022-03-15,edgar/data/1822928/0000950170-22-003648.txt
Healthcare Capital Corp/DE,0001822935,,,10-K,2022-03-31,edgar/data/1822935/0001213900-22-016918.txt
SPRING VALLEY ACQUISITION CORP.,0001822966,SMR,,10-K,2022-03-10,edgar/data/1822966/0001104659-22-032501.txt
Jackson Financial Inc.,0001822993,JXN-PA,,10-K,2022-03-07,edgar/data/1822993/0001822993-22-000009.txt
CONX Corp.,0001823000,,,10-K,2022-03-16,edgar/data/1823000/0001104659-22-034061.txt
Hudson Executive Investment Corp. II,0001823033,,,10-K,2022-03-31,edgar/data/1823033/0001193125-22-092084.txt
Hudson Executive Investment Corp. III,0001823034,,,10-K,2022-03-31,edgar/data/1823034/0001193125-22-092093.txt
Exeter Automobile Receivables Trust 2020-3,0001823046,,,10-K,2022-03-31,edgar/data/1823046/0000929638-22-000716.txt
Kingswood Acquisition Corp.,0001823086,,,10-K,2022-03-31,edgar/data/1823086/0001410578-22-000761.txt
GM Financial Consumer Automobile Receivables Trust 2020-4,0001823097,,,10-K,2022-03-25,edgar/data/1823097/0001213900-22-015101.txt
CATERPILLAR INC,0000018230,CAT,,10-K,2022-02-16,edgar/data/18230/0000018230-22-000050.txt
"CompoSecure, Inc.",0001823144,GPGI,,10-K,2022-03-14,edgar/data/1823144/0001823144-22-000005.txt
BCLS Acquisition Corp.,0001823200,,,10-K,2022-03-28,edgar/data/1823200/0001193125-22-086714.txt
"MARAVAI LIFESCIENCES HOLDINGS, INC.",0001823239,MRVI,,10-K,2022-03-01,edgar/data/1823239/0001823239-22-000012.txt
KL Acquisition Corp,0001823323,,,10-K,2022-03-31,edgar/data/1823323/0001410578-22-000780.txt
"Generations Bancorp NY, Inc.",0001823365,GBNY,,10-K,2022-03-25,edgar/data/1823365/0001558370-22-004294.txt
Globis Acquisition Corp.,0001823383,,,10-K,2022-02-11,edgar/data/1823383/0001493152-22-003934.txt
"Affinity Bancshares, Inc.",0001823406,AFBI,,10-K,2022-03-18,edgar/data/1823406/0000950170-22-004175.txt
5:01 Acquisition Corp.,0001823465,,,10-K,2022-03-09,edgar/data/1823465/0001104659-22-032081.txt
TZP Strategies Acquisition Corp.,0001823481,,,10-K,2022-03-30,edgar/data/1823481/0001193125-22-088604.txt
TURMERIC ACQUISITION CORP.,0001823524,,,10-K,2022-03-29,edgar/data/1823524/0001193125-22-087066.txt
"Enact Holdings, Inc.",0001823529,ACT,,10-K,2022-02-28,edgar/data/1823529/0001823529-22-000038.txt
L&F Acquisition Corp.,0001823575,,,10-K,2022-03-15,edgar/data/1823575/0001140361-22-009462.txt
Adara Acquisition Corp.,0001823584,AENTW,,10-K,2022-03-28,edgar/data/1823584/0001410578-22-000574.txt
Sky Harbour Group Corp,0001823587,SKYH-WT,,10-K,2022-03-28,edgar/data/1823587/0001437749-22-007387.txt
TuSimple Holdings Inc.,0001823593,TSPH,,10-K,2022-02-24,edgar/data/1823593/0001628280-22-003549.txt
Amalgamated Financial Corp.,0001823608,AMAL,,10-K,2022-03-11,edgar/data/1823608/0001823608-22-000044.txt
Carney Technology Acquisition Corp. II,0001823634,,,10-K,2022-03-28,edgar/data/1823634/0001193125-22-086629.txt
Zanite Acquisition Corp.,0001823652,EVEX-WT,,10-K,2022-02-15,edgar/data/1823652/0001193125-22-042665.txt
World Omni Automobile Lease Securitization Trust 2020-B,0001823672,,,10-K,2022-03-25,edgar/data/1823672/0001104659-22-037928.txt
Global Synergy Acquisition Corp.,0001823707,,,10-K,2022-03-31,edgar/data/1823707/0001213900-22-016690.txt
BBCMS Mortgage Trust 2020-C8,0001823722,,,10-K,2022-03-15,edgar/data/1823722/0001888524-22-002975.txt
Fortress Capital Acquisition Corp,0001823733,,,10-K,2022-03-16,edgar/data/1823733/0001823733-22-000004.txt
Archaea Energy Inc.,0001823766,,,10-K,2022-03-18,edgar/data/1823766/0001823766-22-000003.txt
Lux Health Tech Acquisition Corp.,0001823767,,,10-K,2022-03-30,edgar/data/1823767/0001564590-22-012588.txt
H.I.G. Acquisition Corp.,0001823776,,,10-K,2022-03-29,edgar/data/1823776/0001193125-22-088098.txt
ARKO Corp.,0001823794,ARKO,,10-K,2022-02-25,edgar/data/1823794/0000950170-22-002099.txt
Aequi Acquisition Corp.,0001823826,,,10-K,2022-03-25,edgar/data/1823826/0001213900-22-015175.txt
MARLIN TECHNOLOGY CORP.,0001823855,,,10-K,2022-03-31,edgar/data/1823855/0001193125-22-091728.txt
Viveon Health Acquisition Corp.,0001823857,,,10-K,2022-03-31,edgar/data/1823857/0001213900-22-016695.txt
"PLAYSTUDIOS, Inc.",0001823878,MYPSW,,10-K,2022-03-03,edgar/data/1823878/0001823878-22-000013.txt
Golden Falcon Acquisition Corp.,0001823896,,,10-K,2022-03-31,edgar/data/1823896/0001193125-22-091690.txt
BLUE OWL CAPITAL INC.,0001823945,OWL,,10-K,2022-02-28,edgar/data/1823945/0001823945-22-000022.txt
Health Assurance Acquisition Corp.,0001824013,,,10-K,2022-03-30,edgar/data/1824013/0001104659-22-039660.txt
JOFF Fintech Acquisition Corp.,0001824149,,,10-K,2022-03-31,edgar/data/1824149/0001213900-22-016364.txt
Leo Holdings Corp. II,0001824153,,,10-K,2022-03-31,edgar/data/1824153/0001193125-22-091756.txt
Kairos Acquisition Corp.,0001824171,,,10-K,2022-03-31,edgar/data/1824171/0001410578-22-000666.txt
HH&L Acquisition Co.,0001824185,,,10-K,2022-03-30,edgar/data/1824185/0001410578-22-000639.txt
"Vallon Pharmaceuticals, Inc.",0001824293,GRI,,10-K,2022-02-14,edgar/data/1824293/0001824293-22-000004.txt
Concord Acquisition Corp,0001824301,,,10-K,2022-03-04,edgar/data/1824301/0001213900-22-010626.txt
Fortress Value Acquisition Corp. III,0001824434,,,10-K,2022-03-30,edgar/data/1824434/0001824434-22-000004.txt
Benchmark 2020-B20 Mortgage Trust,0001824482,,,10-K,2022-03-16,edgar/data/1824482/0001888524-22-003116.txt
Archer Aviation Inc.,0001824502,ACHR-WT,,10-K,2022-03-14,edgar/data/1824502/0001628280-22-006078.txt
One Equity Partners Open Water I Corp.,0001824677,,,10-K,2022-03-31,edgar/data/1824677/0001104659-22-041006.txt
"Berkshire Grey, Inc.",0001824734,,,10-K,2022-03-29,edgar/data/1824734/0000950170-22-004932.txt
Healthcare Services Acquisition Corp,0001824846,,,10-K,2022-03-31,edgar/data/1824846/0001140361-22-012312.txt
Edoc Acquisition Corp.,0001824884,,,10-K,2022-03-04,edgar/data/1824884/0001213900-22-010786.txt
Natural Order Acquisition Corp.,0001824888,,,10-K,2022-03-31,edgar/data/1824888/0001213900-22-016800.txt
"Surrozen, Inc./DE",0001824893,SRZNW,,10-K,2022-03-28,edgar/data/1824893/0000950170-22-004787.txt
"IonQ, Inc.",0001824920,IONQ-WT,,10-K,2022-03-28,edgar/data/1824920/0001193125-22-086738.txt
Periphas Capital Partnering Corp,0001824993,,,10-K,2022-03-22,edgar/data/1824993/0001193125-22-081230.txt
Offerpad Solutions Inc.,0001825024,OPADW,,10-K,2022-03-07,edgar/data/1825024/0000950170-22-002999.txt
"Velo3D, Inc.",0001825079,VLDXW,,10-K,2022-03-28,edgar/data/1825079/0001628280-22-007442.txt
"Dream Finders Homes, Inc.",0001825088,DFH,,10-K,2022-03-16,edgar/data/1825088/0001140361-22-009752.txt
Franklin BSP Capital Corp,0001825248,FRBP,,10-K,2022-03-17,edgar/data/1825248/0001825248-22-000004.txt
CF ACQUISITION CORP. IV,0001825249,,,10-K,2022-03-31,edgar/data/1825249/0001213900-22-016814.txt
AMERICAS TECHNOLOGY ACQUISITION CORP.,0001825254,,,10-K,2022-03-31,edgar/data/1825254/0001410578-22-000670.txt
TCW Direct Lending VIII LLC,0001825265,,,10-K,2022-03-28,edgar/data/1825265/0001193125-22-086569.txt
Stone Point Credit Corp,0001825384,,,10-K,2022-03-30,edgar/data/1825384/0001193125-22-089813.txt
Biotech Acquisition Co,0001825413,,,10-K,2022-03-08,edgar/data/1825413/0001213900-22-010984.txt
Prospector Capital Corp.,0001825473,,,10-K,2022-03-28,edgar/data/1825473/0001213900-22-015520.txt
"Poshmark, Inc.",0001825480,,,10-K,2022-03-30,edgar/data/1825480/0000950170-22-005057.txt
Crucible Acquisition Corp,0001825497,,,10-K,2022-03-31,edgar/data/1825497/0001193125-22-091804.txt
SL Investment Corp.,0001825590,,,10-K,2022-03-21,edgar/data/1825590/0001825590-22-000004.txt
CATO CORP,0000018255,CATO,,10-K,2022-03-23,edgar/data/18255/0000018255-22-000011.txt
Empowerment & Inclusion Capital I Corp.,0001825720,,,10-K,2022-03-09,edgar/data/1825720/0001410578-22-000315.txt
"Population Health Investment Co., Inc.",0001825724,,,10-K,2022-03-30,edgar/data/1825724/0001193125-22-089828.txt
PWP Forward Acquisition Corp. I,0001825739,,,10-K,2022-03-31,edgar/data/1825739/0001410578-22-000725.txt
Kismet Acquisition Two Corp.,0001825962,,,10-K,2022-03-31,edgar/data/1825962/0001213900-22-016574.txt
"Latch, Inc.",0001826000,,,10-K,2022-03-01,edgar/data/1826000/0001826000-22-000020.txt
"ROVER GROUP, INC.",0001826018,,,10-K,2022-03-21,edgar/data/1826018/0001826018-22-000034.txt
"Mason Industrial Technology, Inc.",0001826058,,,10-K,2022-03-30,edgar/data/1826058/0001193125-22-090077.txt
Kismet Acquisition Three Corp.,0001826059,,,10-K,2022-03-31,edgar/data/1826059/0001213900-22-016578.txt
Poema Global Holdings Corp.,0001826333,,,10-K,2022-03-30,edgar/data/1826333/0001104659-22-040263.txt
AGRIFORCE GROWING SYSTEMS LTD.,0001826397,AVX,,10-K,2022-03-30,edgar/data/1826397/0001493152-22-008083.txt
Silver Spike Acquisition Corp II,0001826435,,,10-K,2022-03-31,edgar/data/1826435/0001140361-22-012274.txt
"Monte Rosa Therapeutics, Inc.",0001826457,GLUE,,10-K,2022-03-29,edgar/data/1826457/0000950170-22-004927.txt
"Petco Health & Wellness Company, Inc.",0001826470,WOOF,,10-K,2022-03-24,edgar/data/1826470/0001564590-22-011685.txt
Hyundai Auto Receivables Trust 2020-C,0001826501,,,10-K,2022-03-18,edgar/data/1826501/0001104659-22-035418.txt
Silver Crest Acquisition Corp,0001826553,,,10-K,2022-03-30,edgar/data/1826553/0001104659-22-040147.txt
SCE Recovery Funding LLC,0001826571,,,10-K,2022-03-31,edgar/data/1826571/0001193125-22-090620.txt
Sports Ventures Acquisition Corp.,0001826574,,,10-K,2022-03-01,edgar/data/1826574/0001213900-22-010108.txt
"Montauk Renewables, Inc.",0001826600,MNTK,,10-K,2022-03-16,edgar/data/1826600/0001193125-22-077310.txt
Verizon Owner Trust 2020-C,0001826657,,,10-K,2022-03-30,edgar/data/1826657/0000929638-22-000707.txt
MedTech Acquisition Corp,0001826667,TLSIW,,10-K,2022-03-03,edgar/data/1826667/0001410578-22-000252.txt
GX Acquisition Corp. II,0001826669,,,10-K,2022-03-25,edgar/data/1826669/0001213900-22-015168.txt
Sarcos Technology & Robotics Corp,0001826681,PDYNW,,10-K,2022-03-29,edgar/data/1826681/0000950170-22-004931.txt
EQ Health Acquisition Corp.,0001826729,,,10-K,2022-03-31,edgar/data/1826729/0001410578-22-000794.txt
"Hamilton Lane Alliance Holdings I, Inc.",0001826814,,,10-K,2022-03-22,edgar/data/1826814/0001104659-22-036623.txt
Class Acceleration Corp.,0001826855,,,10-K,2022-03-21,edgar/data/1826855/0001213900-22-013886.txt
"Beachbody Company, Inc.",0001826889,BODYW,,10-K,2022-03-01,edgar/data/1826889/0000950170-22-002537.txt
"BioAtla, Inc.",0001826892,BCAB,,10-K,2022-02-28,edgar/data/1826892/0000950170-22-002303.txt
Trepont Acquisition Corp I,0001826991,,,10-K,2022-03-30,edgar/data/1826991/0001193125-22-089922.txt
Wells Fargo Commercial Mortgage Trust 2020-C58,0001827054,,,10-K,2022-03-15,edgar/data/1827054/0001888524-22-003034.txt
CVENT HOLDING CORP.,0001827075,,,10-K,2022-03-07,edgar/data/1827075/0000950170-22-003009.txt
Dragoneer Growth Opportunities Corp. III,0001827076,,,10-K,2022-03-31,edgar/data/1827076/0001193125-22-091125.txt
"Vigil Neuroscience, Inc.",0001827087,,,10-K,2022-03-25,edgar/data/1827087/0000950170-22-004609.txt
"Certara, Inc.",0001827090,CERT,,10-K,2022-03-01,edgar/data/1827090/0001558370-22-002608.txt
Benchmark 2020-B21 Mortgage Trust,0001827183,,,10-K,2022-03-14,edgar/data/1827183/0001888524-22-002899.txt
Epiphany Technology Acquisition Corp.,0001827248,,,10-K,2022-03-30,edgar/data/1827248/0001193125-22-089767.txt
Bright Lights Acquisition Corp.,0001827328,,,10-K,2022-03-14,edgar/data/1827328/0001213900-22-011963.txt
Authentic Equity Acquisition Corp.,0001827392,,,10-K,2022-03-25,edgar/data/1827392/0001213900-22-015181.txt
"Talaris Therapeutics, Inc.",0001827506,,,10-K,2022-03-17,edgar/data/1827506/0000950170-22-004105.txt
Omnichannel Acquisition Corp.,0001827669,,,10-K,2022-03-25,edgar/data/1827669/0001213900-22-015195.txt
Motive Capital Corp,0001827821,FRGE,,10-K,2022-03-16,edgar/data/1827821/0001104659-22-034190.txt
TLG Acquisition One Corp.,0001827871,,,10-K,2022-03-25,edgar/data/1827871/0001193125-22-084945.txt
"Embark Technology, Inc.",0001827980,,,10-K,2022-03-21,edgar/data/1827980/0001104659-22-036175.txt
Playtika Holding Corp.,0001828016,PLTK,,10-K,2022-03-02,edgar/data/1828016/0001828016-22-000016.txt
Gores Holdings VII Inc.,0001828096,,,10-K,2022-03-30,edgar/data/1828096/0001564590-22-012312.txt
Hippo Holdings Inc.,0001828105,HIPOW,,10-K,2022-03-14,edgar/data/1828105/0001628280-22-006061.txt
"Aurora Innovation, Inc.",0001828108,AUROW,,10-K,2022-03-11,edgar/data/1828108/0001628280-22-005886.txt
"FTC Solar, Inc.",0001828161,FTCI,,10-K,2022-03-21,edgar/data/1828161/0000950170-22-004184.txt
"Signify Health, Inc.",0001828182,,,10-K,2022-03-03,edgar/data/1828182/0001828182-22-000018.txt
Fortress Value Acquisition Corp. IV,0001828183,,,10-K,2022-03-31,edgar/data/1828183/0001828183-22-000003.txt
Vaccitech plc,0001828185,BRNS,,10-K,2022-03-25,edgar/data/1828185/0001104659-22-037794.txt
Churchill Capital Corp VII,0001828248,,,10-K,2022-03-31,edgar/data/1828248/0001410578-22-000751.txt
Churchill Capital Corp VI,0001828250,,,10-K,2022-03-31,edgar/data/1828250/0001193125-22-091956.txt
Enovix Corp,0001828318,ENVX,,10-K,2022-03-25,edgar/data/1828318/0000950170-22-004614.txt
Monument Circle Acquisition Corp.,0001828325,,,10-K,2022-03-31,edgar/data/1828325/0001564590-22-012760.txt
Frazier Lifesciences Acquisition Corp,0001828326,,,10-K,2022-03-25,edgar/data/1828326/0001193125-22-085304.txt
Fortitude Gold Corp,0001828377,FTCO,,10-K,2022-03-01,edgar/data/1828377/0001558370-22-002554.txt
Z-Work Acquisition Corp.,0001828438,,,10-K,2022-03-29,edgar/data/1828438/0001213900-22-015855.txt
Ortho Clinical Diagnostics Holdings plc,0001828443,,,10-K,2022-03-08,edgar/data/1828443/0000950170-22-003035.txt
SVF Investment Corp.,0001828478,,,10-K,2022-03-29,edgar/data/1828478/0001193125-22-088243.txt
"eFFECTOR Therapeutics, Inc.",0001828522,,,10-K,2022-03-16,edgar/data/1828522/0000950170-22-003922.txt
Novus Capital Corp II,0001828536,NRGV,,10-K,2022-02-10,edgar/data/1828536/0001410578-22-000107.txt
Compute Health Acquisition Corp.,0001828608,,,10-K,2022-03-31,edgar/data/1828608/0001213900-22-016799.txt
GLOBAL GOLD ROYALTY INC.,0001828613,,,10-K,2022-03-31,edgar/data/1828613/0001477932-22-001799.txt
"Boxed, Inc.",0001828672,,,10-K,2022-03-15,edgar/data/1828672/0001828672-22-000026.txt
HCW Biologics Inc.,0001828673,HCWB,,10-K,2022-03-29,edgar/data/1828673/0000950170-22-004847.txt
"Altus Power, Inc.",0001828723,,,10-K,2022-03-24,edgar/data/1828723/0001828723-22-000015.txt
Viant Technology Inc.,0001828791,DSP,,10-K,2022-03-10,edgar/data/1828791/0001564590-22-009695.txt
ITHAX Acquisition Corp.,0001828852,,,10-K,2022-03-10,edgar/data/1828852/0001410578-22-000332.txt
Athlon Acquisition Corp.,0001828914,,,10-K,2022-03-04,edgar/data/1828914/0001193125-22-066190.txt
Finance of America Companies Inc.,0001828937,FOACW,,10-K,2022-03-15,edgar/data/1828937/0001193125-22-076304.txt
Codere Online U.S. Corp.,0001828957,,,10-K,2022-02-16,edgar/data/1828957/0001829126-22-003896.txt
"Cricut, Inc.",0001828962,CRCT,,10-K,2022-03-09,edgar/data/1828962/0001828962-22-000018.txt
"BuzzFeed, Inc.",0001828972,BZFDW,,10-K,2022-03-30,edgar/data/1828972/0001104659-22-040234.txt
Panacea Acquisition Corp. II,0001828989,,,10-K,2022-03-31,edgar/data/1828989/0001213900-22-016844.txt
AmeriCredit Automobile Receivables Trust 2020-3,0001829012,,,10-K,2022-03-25,edgar/data/1829012/0001213900-22-015078.txt
HumanCo Acquisition Corp.,0001829042,,,10-K,2022-03-18,edgar/data/1829042/0001140361-22-010168.txt
Forian Inc.,0001829280,FORA,,10-K,2022-03-31,edgar/data/1829280/0001140361-22-012185.txt
Fintech Acquisition Corp V,0001829328,,,10-K,2022-02-18,edgar/data/1829328/0001213900-22-008484.txt
Powered Brands,0001829427,,,10-K,2022-03-31,edgar/data/1829427/0001104659-22-041007.txt
Ares Acquisition Corp,0001829432,,,10-K,2022-03-04,edgar/data/1829432/0001628280-22-005155.txt
HENNESSY CAPITAL INVESTMENT CORP. V,0001829455,,,10-K,2022-03-30,edgar/data/1829455/0001213900-22-016254.txt
ARCTOS NORTHSTAR ACQUISITION CORP.,0001829558,,,10-K,2022-03-31,edgar/data/1829558/0001193125-22-091842.txt
"Carter Bankshares, Inc.",0001829576,CARE,,10-K,2022-03-11,edgar/data/1829576/0001829576-22-000013.txt
Colicity Inc.,0001829615,,,10-K,2022-03-01,edgar/data/1829615/0001213900-22-010102.txt
"Transcode Therapeutics, Inc.",0001829635,RNAZ,,10-K,2022-03-31,edgar/data/1829635/0001104659-22-040778.txt
"Volcon, Inc.",0001829794,EMPD,,10-K,2022-03-23,edgar/data/1829794/0001683168-22-001882.txt
Pioneer Merger Corp.,0001829797,,,10-K,2022-03-30,edgar/data/1829797/0001104659-22-039602.txt
"Sensei Biotherapeutics, Inc.",0001829802,SNSE,,10-K,2022-03-15,edgar/data/1829802/0000950170-22-003646.txt
"TaskUs, Inc.",0001829864,TASK,,10-K,2022-03-09,edgar/data/1829864/0001829864-22-000019.txt
INSU ACQUISITION CORP III,0001829889,,,10-K,2022-03-24,edgar/data/1829889/0001213900-22-014874.txt
Corner Growth Acquisition Corp.,0001829953,,,10-K,2022-03-31,edgar/data/1829953/0001193125-22-091966.txt
FoxWayne Enterprises Acquisition Corp.,0001829999,,,10-K,2022-03-31,edgar/data/1829999/0001493152-22-008595.txt
Adit EdTech Acquisition Corp.,0001830029,,,10-K,2022-03-21,edgar/data/1830029/0001564590-22-011221.txt
"PureCycle Technologies, Inc.",0001830033,PCTBP,,10-K,2022-03-29,edgar/data/1830033/0001830033-22-000020.txt
Bumble Inc.,0001830043,BMBL,,10-K,2022-03-16,edgar/data/1830043/0000950170-22-003960.txt
North Atlantic Acquisition Corp,0001830063,,,10-K,2022-03-16,edgar/data/1830063/0001410578-22-000385.txt
CF Acquisition Corp. VI,0001830081,RUMBW,,10-K,2022-03-24,edgar/data/1830081/0001213900-22-014871.txt
"ENJOY TECHNOLOGY, INC./DE",0001830180,,,10-K,2022-03-25,edgar/data/1830180/0001193125-22-085130.txt
Home Point Capital Inc.,0001830197,,,10-K,2022-03-17,edgar/data/1830197/0001830197-22-000038.txt
"Benson Hill, Inc.",0001830210,,,10-K,2022-03-28,edgar/data/1830210/0001830210-22-000074.txt
"Ginkgo Bioworks Holdings, Inc.",0001830214,DNABW,,10-K,2022-03-29,edgar/data/1830214/0000950170-22-004821.txt
Altimeter Growth Corp. 2,0001830232,,,10-K,2022-03-25,edgar/data/1830232/0001193125-22-085163.txt
BANK 2020-BNK29,0001830315,,,10-K,2022-03-30,edgar/data/1830315/0001888524-22-003806.txt
Ford Credit Auto Owner Trust 2020-C,0001830316,,,10-K,2022-03-23,edgar/data/1830316/0001830316-22-000017.txt
Pontem Corp,0001830392,,,10-K,2022-03-25,edgar/data/1830392/0001213900-22-015167.txt
Volkswagen Auto Lease Trust 2020-A,0001830486,,,10-K,2022-03-30,edgar/data/1830486/0001193125-22-089127.txt
Provident Acquisition Corp.,0001830531,,,10-K,2022-03-17,edgar/data/1830531/0001104659-22-034989.txt
GLOBAL LEADERS CORP,0001830696,GLCP,,10-K,2022-01-28,edgar/data/1830696/0001493152-22-002470.txt
Quantum FinTech Acquisition Corp,0001830795,,,10-K,2022-03-10,edgar/data/1830795/0001213900-22-011406.txt
Santander Drive Auto Receivables Trust 2020-4,0001830976,,,10-K,2022-03-31,edgar/data/1830976/0001193125-22-090932.txt
BlueRiver Acquisition Corp.,0001831006,,,10-K,2022-03-31,edgar/data/1831006/0001104659-22-041059.txt
"agilon health, inc.",0001831097,AGL,,10-K,2022-03-03,edgar/data/1831097/0000950170-22-002826.txt
Bite Acquisition Corp.,0001831270,,,10-K,2022-03-31,edgar/data/1831270/0001104659-22-041067.txt
LianBio,0001831283,LIANY,,10-K,2022-03-31,edgar/data/1831283/0001831283-22-000014.txt
Jaws Mustang Acquisition Corp,0001831359,JWSWF,,10-K,2022-03-23,edgar/data/1831359/0001104659-22-037017.txt
"Terns Pharmaceuticals, Inc.",0001831363,TERN,,10-K,2022-03-07,edgar/data/1831363/0000950170-22-002962.txt
"Diversey Holdings, Ltd.",0001831617,,,10-K,2022-03-11,edgar/data/1831617/0001628280-22-005909.txt
"loanDepot, Inc.",0001831631,LDI,,10-K,2022-03-18,edgar/data/1831631/0001831631-22-000073.txt
"Shoals Technologies Group, Inc.",0001831651,SHLS,,10-K,2022-03-11,edgar/data/1831651/0001831651-22-000008.txt
"Vera Therapeutics, Inc.",0001831828,VERA,,10-K,2022-03-28,edgar/data/1831828/0000950170-22-004701.txt
"SEMrush Holdings, Inc.",0001831840,SEMR,,10-K,2022-03-18,edgar/data/1831840/0001628280-22-006731.txt
"Cytek Biosciences, Inc.",0001831915,CTKB,,10-K,2022-03-17,edgar/data/1831915/0000950170-22-004106.txt
Deep Lake Capital Acquisition Corp.,0001831928,,,10-K,2022-03-31,edgar/data/1831928/0001140361-22-012233.txt
Noble Rock Acquisition Corp,0001831964,,,10-K,2022-03-11,edgar/data/1831964/0001213900-22-011813.txt
Newbury Street Acquisition Corp,0001831978,,,10-K,2022-03-31,edgar/data/1831978/0001410578-22-000792.txt
Global Partner Acquisition Corp II,0001831979,SDSTW,,10-K,2022-03-18,edgar/data/1831979/0001213900-22-013647.txt
Liberty Media Acquisition Corp,0001831992,,,10-K,2022-03-31,edgar/data/1831992/0001558370-22-004934.txt
Omega Alpha SPAC,0001832010,,,10-K,2022-03-30,edgar/data/1832010/0001104659-22-039547.txt
"Adagio Therapeutics, Inc.",0001832038,IVVD,,10-K,2022-03-31,edgar/data/1832038/0000950170-22-005112.txt
Osiris Acquisition Corp.,0001832136,,,10-K,2022-03-29,edgar/data/1832136/0001104659-22-038904.txt
SLR HC BDC LLC,0001832148,,,10-K,2022-03-01,edgar/data/1832148/0001193125-22-061357.txt
"Longboard Pharmaceuticals, Inc.",0001832168,,,10-K,2022-03-03,edgar/data/1832168/0000950170-22-002818.txt
Group Nine Acquisition Corp.,0001832250,,,10-K,2022-03-31,edgar/data/1832250/0001410578-22-000663.txt
Longview Acquisition Corp. II,0001832300,,,10-K,2022-03-31,edgar/data/1832300/0001410578-22-000689.txt
"Aveanna Healthcare Holdings, Inc.",0001832332,AVAH,,10-K,2022-03-28,edgar/data/1832332/0000950170-22-004799.txt
Velocity Acquisition Corp.,0001832371,,,10-K,2022-03-29,edgar/data/1832371/0001213900-22-015842.txt
"Better Therapeutics, Inc.",0001832415,,,10-K,2022-03-28,edgar/data/1832415/0000950170-22-004754.txt
"Alignment Healthcare, Inc.",0001832466,ALHC,,10-K,2022-03-03,edgar/data/1832466/0000950170-22-002810.txt
Patricia Acquisition Corp.,0001832483,SERV,,10-K,2022-03-31,edgar/data/1832483/0001213900-22-016284.txt
European Sustainable Growth Acquisition Corp.,0001832505,,,10-K,2022-01-31,edgar/data/1832505/0001213900-22-004524.txt
FTAC Athena Acquisition Corp.,0001832696,,,10-K,2022-03-17,edgar/data/1832696/0001213900-22-013282.txt
Tishman Speyer Innovation Corp. II,0001832737,,,10-K,2022-03-29,edgar/data/1832737/0001193125-22-088238.txt
Edify Acquisition Corp.,0001832765,,,10-K,2022-03-31,edgar/data/1832765/0001410578-22-000684.txt
CSAIL 2021-C20 Commercial Mortgage Trust,0001832873,,,10-K,2022-03-16,edgar/data/1832873/0001888524-22-003135.txt
BANK 2020-BNK30,0001832874,,,10-K,2022-03-15,edgar/data/1832874/0001888524-22-003047.txt
"Kernel Group Holdings, Inc.",0001832950,,,10-K,2022-03-31,edgar/data/1832950/0001140361-22-012253.txt
"Latham Group, Inc.",0001833197,SWIM,,10-K,2022-03-10,edgar/data/1833197/0001558370-22-003292.txt
"SAB Biotherapeutics, Inc.",0001833214,SABSW,,10-K,2022-03-29,edgar/data/1833214/0000950170-22-004935.txt
Rosecliff Acquisition Corp I,0001833498,MDAIW,,10-K,2022-03-31,edgar/data/1833498/0001213900-22-016396.txt
GS Mortgage Securities Trust 2020-GSA2,0001833522,,,10-K,2022-03-16,edgar/data/1833522/0001888524-22-003145.txt
Benchmark 2020-B22 Mortgage Trust,0001833563,,,10-K,2022-03-16,edgar/data/1833563/0001888524-22-003123.txt
"Leonardo DRS, Inc.",0001833756,DRS,,10-K,2022-03-28,edgar/data/1833756/0001628280-22-007409.txt
ABG Acquisition Corp. I,0001833764,,,10-K,2022-03-25,edgar/data/1833764/0001193125-22-085204.txt
"Hyperfine, Inc.",0001833769,HYPR,,10-K,2022-03-25,edgar/data/1833769/0000950170-22-004670.txt
Constellation Acquisition Corp I,0001834032,CSTWF,,10-K,2022-03-18,edgar/data/1834032/0001213900-22-013577.txt
Oyster Enterprises Acquisition Corp.,0001834226,,,10-K,2022-03-31,edgar/data/1834226/0001104659-22-040352.txt
Finserv Acquisition Corp. II,0001834336,,,10-K,2022-03-29,edgar/data/1834336/0001213900-22-015853.txt
Evo Acquisition Corp,0001834342,,,10-K,2022-03-28,edgar/data/1834342/0001213900-22-015530.txt
"N-able, Inc.",0001834488,NABL,,10-K,2022-03-08,edgar/data/1834488/0001834488-22-000040.txt
"MeridianLink, Inc.",0001834494,,,10-K,2022-03-10,edgar/data/1834494/0001834494-22-000015.txt
BlackRock Direct Lending Corp.,0001834543,,,10-K,2022-03-03,edgar/data/1834543/0001564590-22-008361.txt
"Coupang, Inc.",0001834584,CPNG,,10-K,2022-03-03,edgar/data/1834584/0001834584-22-000015.txt
JOANN Inc.,0001834585,,,10-K,2022-03-18,edgar/data/1834585/0000950170-22-004136.txt
"Hayward Holdings, Inc.",0001834622,HAYW,,10-K,2022-03-09,edgar/data/1834622/0001834622-22-000024.txt
"Lead Edge Growth Opportunities, Ltd",0001834628,,,10-K,2022-03-23,edgar/data/1834628/0001213900-22-014482.txt
Ignyte Acquisition Corp.,0001834645,,,10-K,2022-03-31,edgar/data/1834645/0001206774-22-000922.txt
GM Financial Consumer Automobile Receivables Trust 2021-1,0001834699,,,10-K,2022-03-25,edgar/data/1834699/0001213900-22-015102.txt
Social Leverage Acquisition Corp I,0001834755,,,10-K,2022-03-31,edgar/data/1834755/0001213900-22-016824.txt
SYNOVUS FINANCIAL CORP,0000018349,,,10-K,2022-02-25,edgar/data/18349/0000018349-22-000076.txt
IBERE PHARMACEUTICALS,0001835205,,,10-K,2022-03-31,edgar/data/1835205/0001410578-22-000776.txt
Music Acquisition Corp,0001835236,,,10-K,2022-03-24,edgar/data/1835236/0001213900-22-014878.txt
Innovid Corp.,0001835378,,,10-K,2022-03-18,edgar/data/1835378/0001835378-22-000032.txt
Moringa Acquisition Corp,0001835416,,,10-K,2022-03-31,edgar/data/1835416/0001213900-22-016739.txt
Tailwind Two Acquisition Corp.,0001835512,,,10-K,2022-03-21,edgar/data/1835512/0001104659-22-035762.txt
"Pear Therapeutics, Inc.",0001835567,,,10-K,2022-03-29,edgar/data/1835567/0001835567-22-000010.txt
"Ikena Oncology, Inc.",0001835579,IMA,,10-K,2022-03-17,edgar/data/1835579/0000950170-22-003998.txt
Vizio Holding Corp.,0001835591,,,10-K,2022-03-10,edgar/data/1835591/0001835591-22-000017.txt
"Marvell Technology, Inc.",0001835632,MRVL,,10-K,2022-03-10,edgar/data/1835632/0001835632-22-000016.txt
"Advanced Merger Partners, Inc.",0001835636,,,10-K,2022-03-28,edgar/data/1835636/0001193125-22-086838.txt
"POWERSCHOOL HOLDINGS, INC.",0001835681,,,10-K,2022-03-24,edgar/data/1835681/0001835681-22-000007.txt
Climate Real Impact Solutions II Acquisition Corp,0001835713,,,10-K,2022-02-17,edgar/data/1835713/0001213900-22-008268.txt
Mercedes-Benz Auto Lease Trust 2021-A,0001835747,,,10-K,2022-03-29,edgar/data/1835747/0001853620-22-000127.txt
Aurora Acquisition Corp.,0001835856,BETRW,,10-K,2022-03-25,edgar/data/1835856/0001104659-22-037661.txt
Tailwind International Acquisition Corp.,0001835881,,,10-K,2022-03-31,edgar/data/1835881/0001104659-22-041150.txt
Arrowroot Acquisition Corp.,0001835972,,,10-K,2022-03-31,edgar/data/1835972/0001140361-22-012289.txt
Warburg Pincus Capital Corp I-B,0001836074,,,10-K,2022-03-07,edgar/data/1836074/0001193125-22-067142.txt
Warburg Pincus Capital Corp I-A,0001836075,,,10-K,2022-03-07,edgar/data/1836075/0001193125-22-067144.txt
Orion Acquisition Corp.,0001836129,,,10-K,2022-03-30,edgar/data/1836129/0001213900-22-016146.txt
Queen's Gambit Growth Capital,0001836190,,,10-K,2022-03-30,edgar/data/1836190/0001564590-22-012368.txt
SportsTek Acquisition Corp.,0001836259,,,10-K,2022-03-31,edgar/data/1836259/0001140361-22-012214.txt
Lazard Growth Acquisition Corp. I,0001836337,,,10-K,2022-03-31,edgar/data/1836337/0001564590-22-012745.txt
Avalon Acquisition Inc.,0001836478,,,10-K,2022-03-30,edgar/data/1836478/0001731122-22-000601.txt
Medicus Sciences Acquisition Corp.,0001836517,,,10-K,2022-03-31,edgar/data/1836517/0001104659-22-040275.txt
Alpha Capital Acquisition Co,0001836547,,,10-K,2022-03-24,edgar/data/1836547/0001193125-22-082954.txt
SBEA Merger Sub LLC,0001836707,,,10-K,2022-03-16,edgar/data/1836707/0001104659-22-034585.txt
World Omni Auto Receivables Trust 2021-A,0001836809,,,10-K,2022-03-25,edgar/data/1836809/0001104659-22-037960.txt
Nuvve Holding Corp.,0001836875,NVVEW,,10-K,2022-03-31,edgar/data/1836875/0001836875-22-000020.txt
USHG Acquisition Corp.,0001836894,,,10-K,2022-03-14,edgar/data/1836894/0001193125-22-074783.txt
"BigBear.ai Holdings, Inc.",0001836981,BBAI-WT,,10-K,2022-03-31,edgar/data/1836981/0001628280-22-008031.txt
"SmartRent, Inc.",0001837014,SMRT,,10-K,2022-03-25,edgar/data/1837014/0000950170-22-004604.txt
Ford Credit Auto Lease Trust 2021-A,0001837019,,,10-K,2022-03-24,edgar/data/1837019/0001837019-22-000018.txt
NightDragon Acquisition Corp.,0001837067,,,10-K,2022-03-30,edgar/data/1837067/0001193125-22-090030.txt
"Gores Technology Partners, Inc.",0001837105,,,10-K,2022-03-31,edgar/data/1837105/0001564590-22-012985.txt
COVA Acquisition Corp.,0001837160,,,10-K,2022-03-24,edgar/data/1837160/0001213900-22-014873.txt
SVF Investment Corp. 2,0001837238,,,10-K,2022-03-29,edgar/data/1837238/0001193125-22-087105.txt
SVF Investment Corp. 3,0001837240,SYM,,10-K,2022-03-23,edgar/data/1837240/0001193125-22-082751.txt
Nocturne Acquisition Corp,0001837344,,,10-K,2022-03-31,edgar/data/1837344/0001213900-22-016367.txt
"SomaLogic, Inc.",0001837412,,,10-K,2022-03-29,edgar/data/1837412/0001628280-22-007711.txt
GM Financial Automobile Leasing Trust 2021-1,0001837523,,,10-K,2022-03-25,edgar/data/1837523/0001213900-22-015088.txt
Apollo Debt Solutions BDC,0001837532,,,10-K,2022-03-30,edgar/data/1837532/0000950170-22-005054.txt
Priveterra Acquisition Corp.,0001837607,AEON,,10-K,2022-03-28,edgar/data/1837607/0001104659-22-038759.txt
Copper Property CTL Pass Through Trust,0001837671,CPPTL,,10-K,2022-03-14,edgar/data/1837671/0001837671-22-000022.txt
"Vimeo, Inc.",0001837686,,,10-K,2022-03-01,edgar/data/1837686/0001837686-22-000006.txt
Global Innovative Platforms Inc.,0001837774,GIPL,,10-K,2022-03-21,edgar/data/1837774/0001731122-22-000489.txt
New Providence Acquisition Corp. II,0001837929,,,10-K,2022-03-25,edgar/data/1837929/0001213900-22-014939.txt
Exeter Automobile Receivables Trust 2021-1,0001837985,,,10-K,2022-03-31,edgar/data/1837985/0000929638-22-000717.txt
Isleworth Healthcare Acquisition Corp.,0001837997,,,10-K,2022-03-29,edgar/data/1837997/0001193125-22-088052.txt
Toyota Auto Receivables 2021-A Owner Trust,0001838040,,,10-K,2022-03-28,edgar/data/1838040/0000929638-22-000686.txt
RMG Acquisition Corp. III,0001838108,,,10-K,2022-03-31,edgar/data/1838108/0001193125-22-092121.txt
Lowell Farms Inc.,0001838128,,,10-K,2022-03-31,edgar/data/1838128/0001654954-22-004328.txt
Slam Corp.,0001838162,SLAMF,,10-K,2022-03-29,edgar/data/1838162/0001193125-22-088139.txt
DHC Acquisition Corp.,0001838163,BNAIW,,10-K,2022-03-11,edgar/data/1838163/0001193125-22-073440.txt
DHB Capital Corp.,0001838176,,,10-K,2022-03-23,edgar/data/1838176/0001410578-22-000469.txt
Austerlitz Acquisition Corp I,0001838207,,,10-K,2022-03-16,edgar/data/1838207/0001193125-22-077318.txt
TCW Special Purpose Acquisition Corp.,0001838219,,,10-K,2022-03-31,edgar/data/1838219/0001213900-22-016884.txt
Pine Technology Acquisition Corp.,0001838238,,,10-K,2022-03-11,edgar/data/1838238/0001213900-22-011908.txt
Catcha Investment Corp,0001838293,,,10-K,2022-03-31,edgar/data/1838293/0001193125-22-091742.txt
Apollo Strategic Growth Capital II,0001838337,,,10-K,2022-03-17,edgar/data/1838337/0001104659-22-035051.txt
"Supernova Partners Acquisition Co II, Ltd.",0001838359,RGTIW,,10-K,2022-02-23,edgar/data/1838359/0001564590-22-006345.txt
"Supernova Partners Acquisition Co III, Ltd.",0001838361,,,10-K,2022-03-25,edgar/data/1838361/0001564590-22-011800.txt
New Vista Acquisition Corp,0001838433,,,10-K,2022-03-31,edgar/data/1838433/0001213900-22-016959.txt
BOA Acquisition Corp.,0001838544,,,10-K,2022-03-29,edgar/data/1838544/0001410578-22-000605.txt
Atlas Crest Investment Corp. II,0001838614,,,10-K,2022-03-18,edgar/data/1838614/0001104659-22-035194.txt
Cartesian Growth Corp,0001838615,ALTI,,10-K,2022-03-18,edgar/data/1838615/0001193125-22-078494.txt
Build Acquisition Corp.,0001838666,,,10-K,2022-03-30,edgar/data/1838666/0001564590-22-012676.txt
"AdTheorent Holding Company, Inc.",0001838672,,,10-K,2022-03-17,edgar/data/1838672/0000950170-22-004082.txt
Broadscale Acquisition Corp.,0001838697,,,10-K,2022-03-15,edgar/data/1838697/0001213900-22-012604.txt
Juniper II Corp.,0001838814,,,10-K,2022-03-31,edgar/data/1838814/0001193125-22-092031.txt
ARYA Sciences Acquisition Corp IV,0001838821,,,10-K,2022-03-31,edgar/data/1838821/0001140361-22-012071.txt
"GeoSolar Technologies, Inc.",0001838876,,,10-K,2022-03-31,edgar/data/1838876/0001683168-22-002186.txt
Accelerate Acquisition Corp.,0001838883,,,10-K,2022-03-09,edgar/data/1838883/0001213900-22-011195.txt
G&P Acquisition Corp.,0001839121,,,10-K,2022-03-31,edgar/data/1839121/0001410578-22-000741.txt
"Simon Property Group Acquisition Holdings, Inc.",0001839127,,,10-K,2022-03-11,edgar/data/1839127/0001104659-22-032818.txt
"IR-Med, Inc.",0001839133,IRME,,10-K,2022-03-31,edgar/data/1839133/0001493152-22-008516.txt
Summit Healthcare Acquisition Corp.,0001839185,,,10-K,2022-03-31,edgar/data/1839185/0001193125-22-091035.txt
Austerlitz Acquisition Corp II,0001839191,,,10-K,2022-03-16,edgar/data/1839191/0001193125-22-077328.txt
"Healthcare Triangle, Inc.",0001839285,HCTI,,10-K,2022-03-08,edgar/data/1839285/0001607062-22-000176.txt
"Core Scientific, Inc./tx",0001839341,CORZR,,10-K,2022-03-30,edgar/data/1839341/0001193125-22-088850.txt
B. Riley Principal 150 Merger Corp.,0001839360,,,10-K,2022-03-07,edgar/data/1839360/0001213900-22-010928.txt
EJF Acquisition Corp.,0001839434,,,10-K,2022-03-31,edgar/data/1839434/0001193125-22-090144.txt
CF Acquisition Corp. VII,0001839519,,,10-K,2022-03-31,edgar/data/1839519/0001213900-22-016816.txt
CF Acquisition Corp. VIII,0001839530,XBPEW,,10-K,2022-03-31,edgar/data/1839530/0001213900-22-016819.txt
InterPrivate II Acquisition Corp.,0001839608,,,10-K,2022-03-31,edgar/data/1839608/0001213900-22-016348.txt
InterPrivate III Financial Partners Inc.,0001839610,,,10-K,2022-03-31,edgar/data/1839610/0001213900-22-016337.txt
FAST Acquisition Corp. II,0001839824,,,10-K,2022-03-29,edgar/data/1839824/0001213900-22-015878.txt
"Janus International Group, Inc.",0001839839,JBI,,10-K,2022-03-15,edgar/data/1839839/0001839839-22-000007.txt
Santander Drive Auto Receivables Trust 2021-1,0001839893,,,10-K,2022-03-31,edgar/data/1839893/0001193125-22-090965.txt
FTAC Parnassus Acquisition Corp.,0001839972,,,10-K,2022-03-17,edgar/data/1839972/0001213900-22-013265.txt
Artemis Strategic Investment Corp,0001839990,,,10-K,2022-01-28,edgar/data/1839990/0001104659-22-009075.txt
BANK 2021-BNK31,0001840121,,,10-K,2022-03-15,edgar/data/1840121/0001888524-22-002994.txt
Waldencast Acquisition Corp.,0001840199,WALDW,,10-K,2022-03-31,edgar/data/1840199/0001213900-22-016813.txt
Fusion Acquisition Corp. II,0001840225,,,10-K,2022-03-31,edgar/data/1840225/0001213900-22-016847.txt
"MiNK Therapeutics, Inc.",0001840229,INKT,,10-K,2022-03-18,edgar/data/1840229/0001564590-22-011026.txt
"Xilio Therapeutics, Inc.",0001840233,XLO,,10-K,2022-03-01,edgar/data/1840233/0001558370-22-002552.txt
"Heliogen, Inc.",0001840292,,,10-K,2022-03-31,edgar/data/1840292/0001628280-22-008070.txt
"WEPCo Environmental Trust Finance I, LLC",0001840327,,,10-K,2022-03-11,edgar/data/1840327/0001104659-22-032730.txt
"Biomea Fusion, Inc.",0001840439,BMEA,,10-K,2022-02-28,edgar/data/1840439/0001564590-22-007624.txt
RXR Acquisition Corp.,0001840463,,,10-K,2022-03-21,edgar/data/1840463/0001193125-22-080266.txt
"Verve Therapeutics, Inc.",0001840574,,,10-K,2022-03-14,edgar/data/1840574/0000950170-22-003499.txt
BENCHMARK 2021-B23 MORTGAGE TRUST,0001840644,,,10-K,2022-03-30,edgar/data/1840644/0001564590-22-012429.txt
"Hagerty, Inc.",0001840776,HGTY,,10-K,2022-03-24,edgar/data/1840776/0001840776-22-000024.txt
Local Bounti Corporation/DE,0001840780,LOCLW,,10-K,2022-03-30,edgar/data/1840780/0001628280-22-007907.txt
VPC Impact Acquisition Holdings II,0001840792,,,10-K,2022-03-29,edgar/data/1840792/0001193125-22-088061.txt
Archimedes Tech Spac Partners Co,0001840856,SOUNW,,10-K,2022-03-09,edgar/data/1840856/0001213900-22-011342.txt
TPG Pace Beneficial II Corp.,0001840859,,,10-K,2022-02-17,edgar/data/1840859/0001564590-22-005588.txt
Anzu Special Acquisition Corp I,0001840877,COCHW,,10-K,2022-03-31,edgar/data/1840877/0001104659-22-041094.txt
ATAI Life Sciences N.V.,0001840904,ATAI,,10-K,2022-03-30,edgar/data/1840904/0000950170-22-005013.txt
Altimar Acquisition Corp. III,0001841004,,,10-K,2022-03-04,edgar/data/1841004/0001628280-22-005114.txt
L Catterton Asia Acquisition Corp,0001841024,,,10-K,2022-03-28,edgar/data/1841024/0001104659-22-038845.txt
Gores Holdings VIII Inc.,0001841080,,,10-K,2022-03-29,edgar/data/1841080/0001564590-22-012073.txt
Golden Arrow Merger Corp.,0001841125,BSLKW,,10-K,2022-03-31,edgar/data/1841125/0001213900-22-016659.txt
Conyers Park III Acquisition Corp.,0001841137,,,10-K,2022-03-28,edgar/data/1841137/0001213900-22-015538.txt
Hawks Acquisition Corp,0001841144,,,10-K,2022-03-18,edgar/data/1841144/0001104659-22-035541.txt
"Paymentus Holdings, Inc.",0001841156,PAY,,10-K,2022-03-03,edgar/data/1841156/0000950170-22-002823.txt
Golden Path Acquisition Corp,0001841209,HOLOW,,10-K,2022-03-31,edgar/data/1841209/0001829126-22-007172.txt
Trine II Acquisition Corp.,0001841230,,,10-K,2022-03-31,edgar/data/1841230/0001213900-22-016554.txt
European Biotech Acquisition Corp.,0001841258,,,10-K,2022-03-31,edgar/data/1841258/0001193125-22-092006.txt
Pasithea Therapeutics Corp.,0001841330,KTTAW,,10-K,2022-03-30,edgar/data/1841330/0001213900-22-016160.txt
"CIIG Capital Partners II, Inc.",0001841338,,,10-K,2022-03-31,edgar/data/1841338/0001213900-22-016780.txt
Carvana Auto Receivables Trust 2021-P1,0001841341,,,10-K,2022-03-29,edgar/data/1841341/0001193125-22-086961.txt
"Candel Therapeutics, Inc.",0001841387,CADL,,10-K,2022-03-29,edgar/data/1841387/0000950170-22-004857.txt
Revolution Healthcare Acquisition Corp.,0001841389,,,10-K,2022-03-21,edgar/data/1841389/0001193125-22-080687.txt
Dave Inc./DE,0001841408,DAVEW,,10-K,2022-03-25,edgar/data/1841408/0001193125-22-085334.txt
CENAQ Energy Corp.,0001841425,VGASW,,10-K,2022-03-30,edgar/data/1841425/0001213900-22-015914.txt
Harley-Davidson Motorcycle Trust 2021-A,0001841508,,,10-K,2022-03-24,edgar/data/1841508/0001628280-22-007162.txt
"Commonwealth Credit Partners BDC I, Inc.",0001841514,,,10-K,2022-03-25,edgar/data/1841514/0001193125-22-084836.txt
Live Oak Mobility Acquisition Corp.,0001841585,,,10-K,2022-03-30,edgar/data/1841585/0001193125-22-089865.txt
Ross Acquisition Corp II,0001841610,,,10-K,2022-03-31,edgar/data/1841610/0001140361-22-012267.txt
AF Acquisition Corp.,0001841661,,,10-K,2022-03-31,edgar/data/1841661/0001213900-22-016732.txt
APA Corp,0001841666,APA,,10-K,2022-02-22,edgar/data/1841666/0001784031-22-000009.txt
Virgin Group Acquisition Corp. II,0001841761,GROVW,,10-K,2022-02-24,edgar/data/1841761/0001193125-22-052373.txt
Software Acquisition Group Inc. III,0001841800,,,10-K,2022-03-30,edgar/data/1841800/0001193125-22-088728.txt
"INSTRUCTURE HOLDINGS, INC.",0001841804,,,10-K,2022-02-23,edgar/data/1841804/0000950170-22-001776.txt
Peridot Acquisition Corp. II,0001841845,,,10-K,2022-03-31,edgar/data/1841845/0001193125-22-091741.txt
Aries I Acquisition Corp.,0001841867,,,10-K,2022-03-31,edgar/data/1841867/0001410578-22-000778.txt
Lerer Hippeau Acquisition Corp.,0001841948,,,10-K,2022-03-29,edgar/data/1841948/0001193125-22-088180.txt
"P10, Inc.",0001841968,PX,,10-K,2022-03-21,edgar/data/1841968/0000950170-22-004180.txt
Carvana Auto Receivables Trust 2021-N1,0001842012,,,10-K,2022-03-29,edgar/data/1842012/0001193125-22-086920.txt
"DT Midstream, Inc.",0001842022,DTM,,10-K,2022-02-25,edgar/data/1842022/0001842022-22-000006.txt
"Gores Technology Partners II, Inc.",0001842046,,,10-K,2022-03-31,edgar/data/1842046/0001564590-22-012986.txt
Frontier Acquisition Corp.,0001842223,,,10-K,2022-03-31,edgar/data/1842223/0001104659-22-040296.txt
ArcLight Clean Transition Corp. II,0001842279,OPAL,,10-K,2022-03-09,edgar/data/1842279/0001193125-22-070682.txt
Agile Growth Corp.,0001842329,,,10-K,2022-03-25,edgar/data/1842329/0001104659-22-038174.txt
CHW Acquisition Corp,0001842356,,,10-K,2022-03-09,edgar/data/1842356/0001410578-22-000300.txt
LDH Growth Corp I,0001842373,,,10-K,2022-03-31,edgar/data/1842373/0001140361-22-012279.txt
Belong Acquisition Corp.,0001842384,,,10-K,2022-03-30,edgar/data/1842384/0001213900-22-016201.txt
Vector Acquisition Corp II,0001842386,,,10-K,2022-03-21,edgar/data/1842386/0001213900-22-013675.txt
Angel Pond Holdings Corp,0001842430,,,10-K,2022-03-15,edgar/data/1842430/0001193125-22-076037.txt
Jaws Juggernaut Acquisition Corp,0001842609,,,10-K,2022-03-30,edgar/data/1842609/0001213900-22-016166.txt
SILVERspac Inc.,0001842644,,,10-K,2022-03-22,edgar/data/1842644/0001213900-22-013938.txt
Corsair Partnering Corp,0001842659,,,10-K,2022-03-29,edgar/data/1842659/0001140361-22-011633.txt
INTEGRAL AD SCIENCE HOLDING CORP.,0001842718,,,10-K,2022-03-03,edgar/data/1842718/0001628280-22-004899.txt
Sandbridge X2 Corp,0001842729,,,10-K,2022-03-30,edgar/data/1842729/0001193125-22-089873.txt
First Reserve Sustainable Growth Corp.,0001842883,,,10-K,2022-03-31,edgar/data/1842883/0001564590-22-013061.txt
FTAC Hera Acquisition Corp.,0001842912,,,10-K,2022-03-17,edgar/data/1842912/0001213900-22-013247.txt
Forum Merger IV Corp,0001842916,,,10-K,2022-03-24,edgar/data/1842916/0001213900-22-014847.txt
Hennessy Capital Investment Corp. VI,0001842937,,,10-K,2022-03-28,edgar/data/1842937/0001213900-22-015566.txt
Context Therapeutics Inc.,0001842952,CNTX,,10-K,2022-03-23,edgar/data/1842952/0001842952-22-000029.txt
Schultze Special Purpose Acquisition Corp. II,0001843100,,,10-K,2022-03-17,edgar/data/1843100/0001213900-22-013274.txt
Magnum Opus Acquisition Ltd,0001843121,,,10-K,2022-02-17,edgar/data/1843121/0001410578-22-000158.txt
Jaws Hurricane Acquisition Corp,0001843205,,,10-K,2022-03-31,edgar/data/1843205/0001213900-22-016358.txt
KKR Acquisition Holdings I Corp.,0001843212,,,10-K,2022-03-31,edgar/data/1843212/0001843212-22-000005.txt
Gladstone Acquisition Corp,0001843248,,,10-K,2022-03-29,edgar/data/1843248/0000950170-22-004824.txt
"Virgin Orbit Holdings, Inc.",0001843388,,,10-K,2022-03-31,edgar/data/1843388/0001628280-22-007951.txt
AmeriCredit Automobile Receivables Trust 2021-1,0001843443,,,10-K,2022-03-25,edgar/data/1843443/0001213900-22-015079.txt
Dila Capital Acquisition Corp,0001843608,,,10-K,2022-03-28,edgar/data/1843608/0001410578-22-000530.txt
Carvana Auto Receivables Trust 2021-P3,0001843627,,,10-K,2022-03-29,edgar/data/1843627/0001193125-22-086925.txt
Ford Credit Auto Owner Trust 2021-A,0001843634,,,10-K,2022-03-23,edgar/data/1843634/0001843634-22-000016.txt
Carvana Auto Receivables Trust 2021-N2,0001843643,,,10-K,2022-03-29,edgar/data/1843643/0001193125-22-086922.txt
Carvana Auto Receivables Trust 2021-N3,0001843653,,,10-K,2022-03-29,edgar/data/1843653/0001193125-22-086923.txt
American Acquisition Opportunity Inc.,0001843656,RMCOW,,10-K,2022-03-25,edgar/data/1843656/0001477932-22-001642.txt
Carvana Auto Receivables Trust 2021-P2,0001843657,,,10-K,2022-03-29,edgar/data/1843657/0001193125-22-086962.txt
Andretti Acquisition Corp.,0001843714,ZPTAW,,10-K,2022-03-17,edgar/data/1843714/0001193125-22-078463.txt
Post Holdings Partnering Corp,0001843716,,,10-K,2022-03-25,edgar/data/1843716/0001843716-22-000004.txt
AMCI Acquisition Corp. II,0001843724,LNZAW,,10-K,2022-03-25,edgar/data/1843724/0001410578-22-000520.txt
"EQRx, Inc.",0001843762,,,10-K,2022-03-23,edgar/data/1843762/0001558370-22-004161.txt
BBCMS Mortgage Trust 2021-C9,0001843823,,,10-K,2022-03-16,edgar/data/1843823/0001888524-22-003149.txt
two,0001843988,,,10-K,2022-03-31,edgar/data/1843988/0001193125-22-092039.txt
"Thunder Bridge Capital Partners IV, Inc.",0001843993,,,10-K,2022-03-30,edgar/data/1843993/0001213900-22-015935.txt
B. Riley Principal 250 Merger Corp.,0001844211,,,10-K,2022-03-29,edgar/data/1844211/0001213900-22-015645.txt
FREYR Battery,0001844224,,,10-K,2022-03-09,edgar/data/1844224/0001213900-22-011331.txt
FTAC ZEUS ACQUISITION CORP.,0001844270,,,10-K,2022-03-23,edgar/data/1844270/0001213900-22-014503.txt
"Thorne Healthtech, Inc.",0001844280,,,10-K,2022-03-16,edgar/data/1844280/0000950170-22-003967.txt
FINTECH ACQUISITION CORP VI,0001844336,,,10-K,2022-02-17,edgar/data/1844336/0001213900-22-008267.txt
Ace Global Business Acquisition Ltd,0001844389,,,10-K,2022-02-28,edgar/data/1844389/0001213900-22-009707.txt
"Marpai, Inc.",0001844392,MRAI,,10-K,2022-03-30,edgar/data/1844392/0001410578-22-000657.txt
TradeUP Acquisition Corp.,0001844417,ESLAW,,10-K,2022-03-29,edgar/data/1844417/0001410578-22-000598.txt
Maquia Capital Acquisition Corp,0001844419,,,10-K,2022-03-25,edgar/data/1844419/0001410578-22-000497.txt
"GigCapital5, Inc.",0001844505,QTIWW,,10-K,2022-03-31,edgar/data/1844505/0001564590-22-013044.txt
Achari Ventures Holdings Corp. I,0001844507,,,10-K,2022-03-29,edgar/data/1844507/0001193125-22-088251.txt
ION Acquisition Corp 3 Ltd.,0001844579,,,10-K,2022-03-31,edgar/data/1844579/0001213900-22-016287.txt
Corazon Capital V838 Monoceros Corp,0001844635,,,10-K,2022-03-30,edgar/data/1844635/0001410578-22-000619.txt
SOAR Technology Acquisition Corp.,0001844650,,,10-K,2022-03-28,edgar/data/1844650/0001213900-22-015248.txt
NC SLF Inc.,0001844684,,,10-K,2022-03-11,edgar/data/1844684/0001628280-22-005860.txt
Artisan Acquisition Corp.,0001844840,,,10-K,2022-03-04,edgar/data/1844840/0001104659-22-030631.txt
"Solid Power, Inc.",0001844862,SLDPW,,10-K,2022-03-23,edgar/data/1844862/0001104659-22-036796.txt
CNH Equipment Trust 2021-A,0001844872,,,10-K,2022-03-30,edgar/data/1844872/0001104659-22-039707.txt
Shelter Acquisition Corp I,0001844908,,,10-K,2022-03-30,edgar/data/1844908/0001213900-22-016213.txt
Verizon Master Trust,0001844964,,,10-K,2022-03-30,edgar/data/1844964/0000929638-22-000701.txt
Greenidge Generation Holdings Inc.,0001844971,GREEL,,10-K,2022-03-31,edgar/data/1844971/0000950170-22-005214.txt
Benchmark 2021-B24 Mortgage Trust,0001844998,,,10-K,2022-03-16,edgar/data/1844998/0001888524-22-003133.txt
Healthwell Acquisition Corp. I,0001845013,,,10-K,2022-03-28,edgar/data/1845013/0001193125-22-086857.txt
"Couchbase, Inc.",0001845022,,,10-K,2022-03-31,edgar/data/1845022/0001845022-22-000031.txt
Chain Bridge I,0001845149,CBGGF,,10-K,2022-03-18,edgar/data/1845149/0001104659-22-035218.txt
Carvana Auto Receivables Trust 2021-N4,0001845211,,,10-K,2022-03-29,edgar/data/1845211/0001193125-22-086924.txt
Carvana Auto Receivables Trust 2021-P4,0001845213,,,10-K,2022-03-29,edgar/data/1845213/0001193125-22-086930.txt
"LifeStance Health Group, Inc.",0001845257,LFST,,10-K,2022-03-17,edgar/data/1845257/0000950170-22-004096.txt
"Macquarie Infrastructure Holdings, LLC",0001845290,,,10-K,2022-02-22,edgar/data/1845290/0001628280-22-003230.txt
BMW Vehicle Lease Trust 2021-1,0001845317,,,10-K,2022-03-25,edgar/data/1845317/0000929638-22-000655.txt
"Day One Biopharmaceuticals, Inc.",0001845337,DAWN,,10-K,2022-03-07,edgar/data/1845337/0000950170-22-002959.txt
HCM Acquisition Corp,0001845368,,,10-K,2022-03-31,edgar/data/1845368/0001140361-22-012359.txt
Rice Acquisition Corp. II,0001845437,NPWR-WT,,10-K,2022-03-30,edgar/data/1845437/0001213900-22-016130.txt
Graf Acquisition Corp. IV,0001845459,,,10-K,2022-03-31,edgar/data/1845459/0001410578-22-000682.txt
Alpha Partners Technology Merger Corp.,0001845550,PLMWF,,10-K,2022-03-31,edgar/data/1845550/0001193125-22-091874.txt
TCV Acquisition Corp.,0001845580,,,10-K,2022-03-28,edgar/data/1845580/0001140361-22-011409.txt
Bilander Acquisition Corp.,0001845618,,,10-K,2022-03-31,edgar/data/1845618/0001213900-22-016830.txt
John Deere Owner Trust 2021,0001845709,,,10-K,2022-01-21,edgar/data/1845709/0001104659-22-006328.txt
"Cullman Bancorp, Inc. /MD/",0001845799,CULL,,10-K,2022-03-24,edgar/data/1845799/0000950170-22-004488.txt
Payoneer Global Inc.,0001845815,PAYO,,10-K,2022-03-03,edgar/data/1845815/0001558370-22-002812.txt
Bannix Acquisition Corp.,0001845942,,,10-K,2022-03-18,edgar/data/1845942/0001575705-22-000205.txt
Blue Foundry Bancorp,0001846017,BLFY,,10-K,2022-03-14,edgar/data/1846017/0001628280-22-005995.txt
Khosla Ventures Acquisition Co. III,0001846068,,,10-K,2022-03-31,edgar/data/1846068/0001193125-22-092027.txt
"Nextdoor Holdings, Inc.",0001846069,NXDR,,10-K,2022-03-15,edgar/data/1846069/0001846069-22-000006.txt
Global Crossing Airlines Group Inc.,0001846084,JETBF,,10-K,2022-03-31,edgar/data/1846084/0000950170-22-005220.txt
Riverview Acquisition Corp.,0001846136,,,10-K,2022-03-30,edgar/data/1846136/0001140361-22-011707.txt
Tio Tech A,0001846163,,,10-K,2022-03-30,edgar/data/1846163/0001193125-22-089997.txt
International Media Acquisition Corp.,0001846235,IMAQW,,10-K,2022-03-30,edgar/data/1846235/0001410578-22-000613.txt
Avista Public Acquisition Corp. II,0001846253,OABI,,10-K,2022-03-28,edgar/data/1846253/0001104659-22-038205.txt
Global Consumer Acquisition Corp,0001846288,,,10-K,2022-03-25,edgar/data/1846288/0001410578-22-000524.txt
Membership Collective Group Inc.,0001846510,SHCO,,10-K,2022-03-16,edgar/data/1846510/0000950170-22-003837.txt
"FIGS, Inc.",0001846576,FIGS,,10-K,2022-03-10,edgar/data/1846576/0000950170-22-003380.txt
Trajectory Alpha Acquisition Corp.,0001846750,,,10-K,2022-03-31,edgar/data/1846750/0001193125-22-090283.txt
"Big Sky Growth Partners, Inc.",0001846804,,,10-K,2022-03-31,edgar/data/1846804/0001193125-22-091533.txt
OceanTech Acquisitions I Corp.,0001846809,,,10-K,2022-03-16,edgar/data/1846809/0001410578-22-000401.txt
Cascadia Acquisition Corp.,0001846968,,,10-K,2022-03-31,edgar/data/1846968/0001193125-22-091887.txt
MSD ACQUISITION CORP. / NEW,0001846996,,,10-K,2022-03-24,edgar/data/1846996/0001213900-22-014886.txt
Colombier Acquisition Corp.,0001847064,PSQH-WT,,10-K,2022-03-22,edgar/data/1847064/0001410578-22-000449.txt
TradeUP Global Corp,0001847075,SAIHW,,10-K,2022-02-18,edgar/data/1847075/0001410578-22-000171.txt
TPB Acquisition Corp I,0001847090,,,10-K,2022-03-30,edgar/data/1847090/0001104659-22-040254.txt
TortoiseEcofin Acquisition Corp. III,0001847112,,,10-K,2022-03-24,edgar/data/1847112/0001213900-22-014915.txt
"Gores Guggenheim, Inc.",0001847127,,,10-K,2022-02-24,edgar/data/1847127/0001564590-22-006726.txt
SKYDECK ACQUISITION CORP.,0001847152,,,10-K,2022-03-31,edgar/data/1847152/0001564590-22-012788.txt
Project Energy Reimagined Acquisition Corp.,0001847241,,,10-K,2022-03-29,edgar/data/1847241/0001104659-22-039470.txt
Beard Energy Transition Acquisition Corp.,0001847351,,,10-K,2022-02-25,edgar/data/1847351/0001564590-22-006864.txt
"1895 Bancorp of Wisconsin, Inc. /MD/",0001847360,BCOW,,10-K,2022-03-29,edgar/data/1847360/0001193125-22-087321.txt
"NorthEast Community Bancorp, Inc./MD/",0001847398,NECB,,10-K,2022-03-30,edgar/data/1847398/0001558370-22-004780.txt
Orion Biotech Opportunities Corp.,0001847416,,,10-K,2022-03-24,edgar/data/1847416/0001213900-22-014888.txt
CORNER GROWTH ACQUISITION CORP. 2,0001847513,,,10-K,2022-03-31,edgar/data/1847513/0001410578-22-000765.txt
Bowman Consulting Group Ltd.,0001847590,BWMN,,10-K,2022-03-23,edgar/data/1847590/0001564590-22-011536.txt
Fifth Wall Acquisition Corp. III,0001847874,BEEP,,10-K,2022-03-30,edgar/data/1847874/0001104659-22-040205.txt
Acropolis Infrastructure Acquisition Corp.,0001847891,,,10-K,2022-03-28,edgar/data/1847891/0001104659-22-038824.txt
Centessa Pharmaceuticals plc,0001847903,CNTA,,10-K,2022-03-30,edgar/data/1847903/0001847903-22-000022.txt
Chardan NexTech Acquisition 2 Corp.,0001847986,DFLIW,,10-K,2022-03-29,edgar/data/1847986/0001410578-22-000581.txt
Lakeshore Acquisition I Corp.,0001848000,,,10-K,2022-03-31,edgar/data/1848000/0001410578-22-000797.txt
SPK Acquisition Corp.,0001848097,,,10-K,2022-02-24,edgar/data/1848097/0001575705-22-000174.txt
Live Oak Crestview Climate Acquisition Corp.,0001848323,,,10-K,2022-03-31,edgar/data/1848323/0001193125-22-091618.txt
Catalyst Partners Acquisition Corp.,0001848410,,,10-K,2022-03-25,edgar/data/1848410/0001104659-22-038180.txt
BANK 2021-BNK32,0001848411,,,10-K,2022-03-30,edgar/data/1848411/0001888524-22-003703.txt
Cartica Acquisition Corp,0001848437,CRTWF,,10-K,2022-03-28,edgar/data/1848437/0001104659-22-038245.txt
Pyrophyte Acquisition Corp.,0001848756,,,10-K,2022-03-31,edgar/data/1848756/0001104659-22-041115.txt
"GigInternational1, Inc.",0001848795,,,10-K,2022-03-31,edgar/data/1848795/0001564590-22-013037.txt
Global Technology Acquisition Corp. I,0001848821,,,10-K,2022-03-16,edgar/data/1848821/0001193125-22-077179.txt
10X Capital Venture Acquisition Corp. II,0001848898,,,10-K,2022-03-30,edgar/data/1848898/0001193125-22-090065.txt
10X Capital Venture Acquisition Corp. III,0001848948,,,10-K,2022-03-31,edgar/data/1848948/0001193125-22-091777.txt
Decarbonization Plus Acquisition Corp IV,0001848959,,,10-K,2022-03-29,edgar/data/1848959/0001564590-22-012256.txt
Apeiron Capital Investment Corp.,0001849011,,,10-K,2022-03-22,edgar/data/1849011/0001410578-22-000446.txt
AltC Acquisition Corp.,0001849056,OKLO,,10-K,2022-03-31,edgar/data/1849056/0001410578-22-000756.txt
"Lafayette Square Empire BDC, Inc.",0001849089,,,10-K,2022-03-25,edgar/data/1849089/0001849089-22-000006.txt
"RYAN SPECIALTY GROUP HOLDINGS, INC.",0001849253,RYAN,,10-K,2022-03-16,edgar/data/1849253/0000950170-22-003831.txt
Fortune Rise Acquisition Corp,0001849294,,,10-K,2022-03-28,edgar/data/1849294/0001104659-22-038261.txt
Zimmer Energy Transition Acquisition Corp.,0001849408,,,10-K,2022-03-29,edgar/data/1849408/0001104659-22-039087.txt
"Texas Community Bancshares, Inc.",0001849466,TCBS,,10-K,2022-03-23,edgar/data/1849466/0001558370-22-004169.txt
Waverley Capital Acquisition Corp. 1,0001849580,,,10-K,2022-03-29,edgar/data/1849580/0001193125-22-088141.txt
"PB Bankshares, Inc.",0001849670,,,10-K,2022-03-25,edgar/data/1849670/0001558370-22-004365.txt
cleantech Acquisition Corp.,0001849820,KITTW,,10-K,2022-03-29,edgar/data/1849820/0001213900-22-015818.txt
"Catalyst Bancorp, Inc.",0001849867,CLST,,10-K,2022-03-29,edgar/data/1849867/0001558370-22-004587.txt
GENESCO INC,0000018498,GCO,,10-K,2022-03-23,edgar/data/18498/0000950170-22-004397.txt
Mercury Ecommerce Acquisition Corp,0001849902,,,10-K,2022-03-08,edgar/data/1849902/0001140361-22-008246.txt
GM Financial Consumer Automobile Receivables Trust 2021-2,0001850024,,,10-K,2022-03-25,edgar/data/1850024/0001213900-22-015103.txt
Hunt Companies Acquisition Corp. I,0001850038,,,10-K,2022-03-30,edgar/data/1850038/0001104659-22-039656.txt
Intelligent Medicine Acquisition Corp.,0001850051,,,10-K,2022-03-30,edgar/data/1850051/0001104659-22-039834.txt
"Codex DNA, Inc.",0001850079,,,10-K,2022-03-23,edgar/data/1850079/0001850079-22-000025.txt
"Century Therapeutics, Inc.",0001850119,IPSC,,10-K,2022-03-17,edgar/data/1850119/0001558370-22-003867.txt
Social Capital Suvretta Holdings Corp. I,0001850266,,,10-K,2022-03-24,edgar/data/1850266/0001193125-22-082909.txt
Social Capital Suvretta Holdings Corp. III,0001850270,PROK,,10-K,2022-03-24,edgar/data/1850270/0001193125-22-082906.txt
Social Capital Suvretta Holdings Corp. II,0001850271,,,10-K,2022-03-31,edgar/data/1850271/0001193125-22-090237.txt
Social Capital Suvretta Holdings Corp. IV,0001850272,,,10-K,2022-03-31,edgar/data/1850272/0001193125-22-090310.txt
Ascendant Digital Acquisition Corp. III,0001850316,,,10-K,2022-03-25,edgar/data/1850316/0001193125-22-085155.txt
"TC Bancshares, Inc.",0001850398,,,10-K,2022-03-24,edgar/data/1850398/0000950170-22-004580.txt
Good Works II Acquisition Corp.,0001850487,,,10-K,2022-02-17,edgar/data/1850487/0001213900-22-008259.txt
Heartland Media Acquisition Corp.,0001850529,,,10-K,2022-03-31,edgar/data/1850529/0001140361-22-012367.txt
7 Acquisition Corp,0001850699,,,10-K,2022-03-17,edgar/data/1850699/0001104659-22-035080.txt
"Kayne DL 2021, Inc.",0001850787,,,10-K,2022-03-10,edgar/data/1850787/0001213900-22-011625.txt
"Omega Therapeutics, Inc.",0001850838,,,10-K,2022-03-10,edgar/data/1850838/0000950170-22-003350.txt
"Alpha Teknova, Inc.",0001850902,TKNO,,10-K,2022-03-18,edgar/data/1850902/0000950170-22-004176.txt
"Singular Genomics Systems, Inc.",0001850906,,,10-K,2022-03-14,edgar/data/1850906/0000950170-22-003570.txt
"WTI Fund X, Inc.",0001850938,,,10-K,2022-03-14,edgar/data/1850938/0001850938-22-000004.txt
Zeta Global Holdings Corp.,0001851003,ZETA,,10-K,2022-02-25,edgar/data/1851003/0001193125-22-053214.txt
Benchmark 2021-B25 Mortgage Trust,0001851115,,,10-K,2022-03-14,edgar/data/1851115/0001888524-22-002896.txt
World Quantum Growth Acquisition Corp.,0001851174,,,10-K,2022-03-31,edgar/data/1851174/0001564590-22-012951.txt
Future Health ESG Corp.,0001851182,,,10-K,2022-03-28,edgar/data/1851182/0001410578-22-000567.txt
"Ventyx Biosciences, Inc.",0001851194,VTYX,,10-K,2022-03-24,edgar/data/1851194/0000950170-22-004442.txt
Crescera Capital Acquisition Corp.,0001851230,,,10-K,2022-03-31,edgar/data/1851230/0001213900-22-016713.txt
LF Capital Acquisition Corp. II,0001851266,,,10-K,2022-03-25,edgar/data/1851266/0001731122-22-000531.txt
Carlyle Secured Lending III,0001851277,,,10-K,2022-03-04,edgar/data/1851277/0001851277-22-000010.txt
Crixus BH3 Acquisition Co,0001851612,,,10-K,2022-03-25,edgar/data/1851612/0001193125-22-084980.txt
"Vaxxinity, Inc.",0001851657,,,10-K,2022-03-24,edgar/data/1851657/0001562762-22-000139.txt
WELLS FARGO COMMERCIAL MORTGAGE TRUST 2021-C59,0001851817,,,10-K,2022-03-14,edgar/data/1851817/0001888524-22-002927.txt
"SMART FOR LIFE, INC.",0001851860,,,10-K,2022-03-31,edgar/data/1851860/0001213900-22-016904.txt
Black Spade Acquisition Co,0001851908,,,10-K,2022-02-28,edgar/data/1851908/0001193125-22-057951.txt
Compass Digital Acquisition Corp.,0001851909,CDAUF,,10-K,2022-02-24,edgar/data/1851909/0001193125-22-050531.txt
Concord Acquisition Corp II,0001851959,CNDAW,,10-K,2022-03-11,edgar/data/1851959/0001410578-22-000347.txt
Concord Acquisition Corp III,0001851961,GCTS-WT,,10-K,2022-03-18,edgar/data/1851961/0001410578-22-000422.txt
AltEnergy Acquisition Corp,0001852016,AEAEW,,10-K,2022-03-15,edgar/data/1852016/0001193125-22-075908.txt
Generation Asia I Acquisition Ltd,0001852061,,,10-K,2022-03-30,edgar/data/1852061/0000950170-22-005077.txt
Rockley Photonics Holdings Ltd,0001852117,,,10-K,2022-03-10,edgar/data/1852117/0001852117-22-000072.txt
"GXO Logistics, Inc.",0001852244,GXO,,10-K,2022-02-17,edgar/data/1852244/0001852244-22-000010.txt
Fintech Ecosystem Development Corp.,0001852407,,,10-K,2022-03-28,edgar/data/1852407/0001193125-22-086875.txt
ARYA Sciences Acquisition Corp V,0001852432,,,10-K,2022-03-31,edgar/data/1852432/0001140361-22-012072.txt
Jackson Acquisition Co,0001852495,,,10-K,2022-03-28,edgar/data/1852495/0001140361-22-011264.txt
Banyan Acquisition Corp,0001852633,,,10-K,2022-03-31,edgar/data/1852633/0001104659-22-041004.txt
Tristar Acquisition I Corp.,0001852736,,,10-K,2022-03-31,edgar/data/1852736/0001193125-22-091615.txt
ExcelFin Acquisition Corp.,0001852749,,,10-K,2022-03-31,edgar/data/1852749/0001104659-22-040409.txt
Galata Acquisition Corp.,0001852767,MRT,,10-K,2022-03-31,edgar/data/1852767/0001410578-22-000774.txt
NewHold Investment Corp. II,0001852931,,,10-K,2022-03-24,edgar/data/1852931/0001213900-22-014909.txt
GoGreen Investments Corp,0001852940,,,10-K,2022-03-31,edgar/data/1852940/0001213900-22-016778.txt
Oxus Acquisition Corp.,0001852973,BRLSW,,10-K,2022-03-31,edgar/data/1852973/0001213900-22-016349.txt
Metals Acquisition Corp,0001853021,,,10-K,2022-03-31,edgar/data/1853021/0001410578-22-000735.txt
PROOF Acquisition Corp I,0001853070,SOARW,,10-K,2022-03-29,edgar/data/1853070/0001140361-22-011483.txt
EverCommerce Inc.,0001853145,EVCM,,10-K,2022-03-15,edgar/data/1853145/0001853145-22-000011.txt
XPAC Acquisition Corp.,0001853397,,,10-K,2022-03-30,edgar/data/1853397/0001104659-22-039597.txt
"Mister Car Wash, Inc.",0001853513,MCW,,10-K,2022-03-25,edgar/data/1853513/0000950170-22-004616.txt
PORTAGE FINTECH ACQUISITION CORP.,0001853580,,,10-K,2022-03-01,edgar/data/1853580/0001829126-22-004870.txt
Sculptor Acquisition Corp I,0001853594,,,10-K,2022-03-28,edgar/data/1853594/0001140361-22-011366.txt
Alpine Acquisition Corp.,0001853651,,,10-K,2022-03-31,edgar/data/1853651/0001213900-22-016858.txt
Mountain Crest Acquisition Corp. IV,0001853774,,,10-K,2022-03-31,edgar/data/1853774/0001410578-22-000674.txt
Mountain Crest Acquisition Corp. III,0001853775,,,10-K,2022-03-07,edgar/data/1853775/0001410578-22-000271.txt
"Dermata Therapeutics, Inc.",0001853816,DRMAW,,10-K,2022-03-28,edgar/data/1853816/0001654954-22-003869.txt
THUMZUP MEDIA Corp,0001853825,DTCX,,10-K,2022-03-17,edgar/data/1853825/0001903596-22-000067.txt
Hyundai Auto Receivables Trust 2021-A,0001853902,,,10-K,2022-03-18,edgar/data/1853902/0001104659-22-035419.txt
Drive Auto Receivables Trust 2021-1,0001854012,,,10-K,2022-03-31,edgar/data/1854012/0001193125-22-090989.txt
Zevia PBC,0001854139,ZVIA,,10-K,2022-03-11,edgar/data/1854139/0000950170-22-003463.txt
Dynamics Special Purpose Corp.,0001854270,SNTI,,10-K,2022-03-07,edgar/data/1854270/0001193125-22-067994.txt
Innovative International Acquisition Corp.,0001854275,ZCARW,,10-K,2022-03-29,edgar/data/1854275/0001410578-22-000603.txt
Bridge Investment Group Holdings Inc.,0001854401,,,10-K,2022-03-18,edgar/data/1854401/0000950170-22-004163.txt
Nabors Energy Transition Corp.,0001854458,,,10-K,2022-03-28,edgar/data/1854458/0001558370-22-004510.txt
Mount Rainier Acquisition Corp.,0001854461,,,10-K,2022-02-23,edgar/data/1854461/0001104659-22-025765.txt
"brooqLy, Inc.",0001854526,BRQL,,10-K,2022-03-30,edgar/data/1854526/0001477932-22-001710.txt
"Abri SPAC I, Inc.",0001854583,,,10-K,2022-02-04,edgar/data/1854583/0001213900-22-005550.txt
Gobi Acquisition Corp.,0001854593,,,10-K,2022-03-31,edgar/data/1854593/0001104659-22-041140.txt
INTEGRATED RAIL & RESOURCES ACQUISITION CORP,0001854795,,,10-K,2022-03-29,edgar/data/1854795/0001193125-22-088132.txt
GM Financial Automobile Leasing Trust 2021-2,0001854846,,,10-K,2022-03-25,edgar/data/1854846/0001213900-22-015089.txt
Northern Lights Acquisition Corp.,0001854963,SHFSW,,10-K,2022-03-25,edgar/data/1854963/0001493152-22-007775.txt
"NewLake Capital Partners, Inc.",0001854964,NLCP,,10-K,2022-03-18,edgar/data/1854964/0001437749-22-006633.txt
"Industrial Human Capital, Inc.",0001855302,,,10-K,2022-03-25,edgar/data/1855302/0001410578-22-000525.txt
"KORE Group Holdings, Inc.",0001855457,KORGW,,10-K,2022-03-30,edgar/data/1855457/0001193125-22-088671.txt
Chavant Capital Acquisition Corp.,0001855467,MOBXW,,10-K,2022-03-31,edgar/data/1855467/0001410578-22-000747.txt
"First Light Acquisition Group, Inc.",0001855485,CLDWW,,10-K,2022-03-31,edgar/data/1855485/0001193125-22-090215.txt
"Twin Vee PowerCats, Co.",0001855509,VEEE,,10-K,2022-03-31,edgar/data/1855509/0001731122-22-000636.txt
ACCRETION ACQUISITION CORP.,0001855555,,,10-K,2022-03-31,edgar/data/1855555/0001104659-22-040953.txt
Pono Capital Corp,0001855631,,,10-K,2022-03-25,edgar/data/1855631/0001493152-22-007740.txt
"Blend Labs, Inc.",0001855747,BLND,,10-K,2022-03-31,edgar/data/1855747/0001855747-22-000013.txt
Signal Hill Acquisition Corp.,0001855885,,,10-K,2022-03-31,edgar/data/1855885/0001104659-22-040345.txt
Arbor Rapha Capital Bioholdings Corp. I,0001855886,,,10-K,2022-03-29,edgar/data/1855886/0001104659-22-038909.txt
"Stronghold Digital Mining, Inc.",0001856028,,,10-K,2022-03-29,edgar/data/1856028/0001628280-22-007706.txt
Vivid Seats Inc.,0001856031,SEATW,,10-K,2022-03-15,edgar/data/1856031/0000950170-22-003749.txt
Pearl Holdings Acquisition Corp,0001856161,,,10-K,2022-03-31,edgar/data/1856161/0001829126-22-007194.txt
"European Wax Center, Inc.",0001856236,EWCZ,,10-K,2022-03-15,edgar/data/1856236/0000950170-22-003762.txt
C5 Acquisition Corp,0001856242,,,10-K,2022-03-29,edgar/data/1856242/0001193125-22-087040.txt
"Clear Secure, Inc.",0001856314,YOU,,10-K,2022-03-30,edgar/data/1856314/0001856314-22-000008.txt
Finwise Bancorp,0001856365,FINW,,10-K,2022-03-30,edgar/data/1856365/0001140361-22-011928.txt
World Omni Auto Receivables Trust 2021-B,0001856407,,,10-K,2022-03-25,edgar/data/1856407/0001104659-22-037961.txt
Snap One Holdings Corp.,0001856430,,,10-K,2022-03-23,edgar/data/1856430/0001856430-22-000015.txt
Victoria's Secret & Co.,0001856437,VSCO,,10-K,2022-03-18,edgar/data/1856437/0001856437-22-000007.txt
Sylvamo Corp,0001856485,SLVM,,10-K,2022-03-02,edgar/data/1856485/0001856485-22-000010.txt
G3 VRM Acquisition Corp.,0001856519,,,10-K,2022-03-25,edgar/data/1856519/0001214659-22-004349.txt
"Core & Main, Inc.",0001856525,CNM,,10-K,2022-03-30,edgar/data/1856525/0001856525-22-000013.txt
"Sovos Brands, Inc.",0001856608,,,10-K,2022-03-15,edgar/data/1856608/0001558370-22-003686.txt
BioPlus Acquisition Corp.,0001856653,,,10-K,2022-03-11,edgar/data/1856653/0001193125-22-073378.txt
Bullpen Parlay Acquisition Co,0001856724,,,10-K,2022-03-30,edgar/data/1856724/0001140361-22-011698.txt
"Rani Therapeutics Holdings, Inc.",0001856725,RANI,,10-K,2022-03-31,edgar/data/1856725/0000950170-22-005088.txt
Games & Esports Experience Acquisition Corp.,0001856774,,,10-K,2022-03-31,edgar/data/1856774/0001104659-22-041106.txt
Blue Ocean Acquisition Corp,0001856961,,,10-K,2022-03-30,edgar/data/1856961/0001140361-22-011686.txt
Morgan Stanley Capital I Trust 2021-L5,0001856967,,,10-K,2022-03-30,edgar/data/1856967/0001888524-22-003809.txt
"Indaptus Therapeutics, Inc.",0001857044,INDP,,10-K,2022-03-21,edgar/data/1857044/0001493152-22-007319.txt
"Krispy Kreme, Inc.",0001857154,DNUT,,10-K,2022-03-11,edgar/data/1857154/0001857154-22-000013.txt
Exeter Automobile Receivables Trust 2021-2,0001857355,,,10-K,2022-03-31,edgar/data/1857355/0000929638-22-000720.txt
Jaguar Global Growth Corp I,0001857518,,,10-K,2022-03-31,edgar/data/1857518/0001193125-22-090959.txt
AxonPrime Infrastructure Acquisition Corp,0001857662,,,10-K,2022-03-31,edgar/data/1857662/0001140361-22-012282.txt
"Traeger, Inc.",0001857853,COOK,,10-K,2022-03-29,edgar/data/1857853/0001857853-22-000028.txt
Nova Vision Acquisition Corp,0001858028,,,10-K,2022-03-15,edgar/data/1858028/0001493152-22-006805.txt
"AvidXchange Holdings, Inc.",0001858257,,,10-K,2022-03-14,edgar/data/1858257/0000950170-22-003480.txt
Benchmark 2021-B26 Mortgage Trust,0001858289,,,10-K,2022-03-16,edgar/data/1858289/0001888524-22-003097.txt
"dMY Technology Group, Inc. VI",0001858327,,,10-K,2022-03-30,edgar/data/1858327/0001193125-22-090045.txt
Iconic Sports Acquisition Corp.,0001858351,,,10-K,2022-03-31,edgar/data/1858351/0001104659-22-041029.txt
Pacifico Acquisition Corp.,0001858414,,,10-K,2022-03-31,edgar/data/1858414/0001213900-22-016946.txt
Green Visor Financial Technology Acquisition Corp I,0001858503,,,10-K,2022-03-31,edgar/data/1858503/0001104659-22-041101.txt
ST Energy Transition I Ltd.,0001858684,,,10-K,2022-03-31,edgar/data/1858684/0001829126-22-007072.txt
"Tenaya Therapeutics, Inc.",0001858848,TNYA,,10-K,2022-03-23,edgar/data/1858848/0000950170-22-004426.txt
BANK 2021-BNK33,0001858865,,,10-K,2022-03-16,edgar/data/1858865/0001888524-22-003089.txt
Gardiner Healthcare Acquisitions Corp.,0001858912,,,10-K,2022-03-31,edgar/data/1858912/0001410578-22-000793.txt
Mountain Crest Acquisition Corp. V,0001859035,MCAGU,,10-K,2022-03-31,edgar/data/1859035/0001829126-22-007158.txt
Santander Drive Auto Receivables Trust 2021-2,0001859055,,,10-K,2022-03-31,edgar/data/1859055/0001193125-22-090876.txt
HireRight Holdings Corp,0001859285,,,10-K,2022-03-22,edgar/data/1859285/0001859285-22-000011.txt
NorthView Acquisition Corp,0001859807,NVACW,,10-K,2022-03-18,edgar/data/1859807/0001213900-22-013308.txt
Toyota Auto Receivables 2021-B Owner Trust,0001859855,,,10-K,2022-03-28,edgar/data/1859855/0000929638-22-000687.txt
Barings Private Credit Corp,0001859919,,,10-K,2022-02-23,edgar/data/1859919/0001859919-22-000005.txt
Onex Falcon Direct Lending BDC Fund,0001860424,,,10-K,2022-03-31,edgar/data/1860424/0001193125-22-091340.txt
Relativity Acquisition Corp,0001860484,,,10-K,2022-03-31,edgar/data/1860484/0001213900-22-016782.txt
TKB Critical Technologies 1,0001860514,,,10-K,2022-03-14,edgar/data/1860514/0001829126-22-005983.txt
"Cadre Holdings, Inc.",0001860543,CDRE,,10-K,2022-03-11,edgar/data/1860543/0001558370-22-003423.txt
Monterey Bio Acquisition Corp,0001860663,,,10-K,2022-03-29,edgar/data/1860663/0001410578-22-000607.txt
"2seventy bio, Inc.",0001860782,,,10-K,2022-03-22,edgar/data/1860782/0001860782-22-000005.txt
Rigel Resource Acquisition Corp.,0001860879,,,10-K,2022-03-31,edgar/data/1860879/0001829126-22-007192.txt
"Bird Global, Inc.",0001861449,,,10-K,2022-03-15,edgar/data/1861449/0001861449-22-000037.txt
Pegasus Digital Mobility Acquisition Corp.,0001861541,,,10-K,2022-03-31,edgar/data/1861541/0001104659-22-041008.txt
"Nuvalent, Inc.",0001861560,NUVL,,10-K,2022-03-29,edgar/data/1861560/0001193125-22-087401.txt
AmeriCredit Automobile Receivables Trust 2021-2,0001861570,,,10-K,2022-03-25,edgar/data/1861570/0001213900-22-015080.txt
Oxbridge Acquisition Corp.,0001861622,JTAI,,10-K,2022-03-30,edgar/data/1861622/0001493152-22-008183.txt
"Pegasus Medical Holdings, Inc.",0001861645,,,10-K,2022-03-30,edgar/data/1861645/0001140361-22-011693.txt
Definitive Healthcare Corp.,0001861795,DH,,10-K,2022-03-15,edgar/data/1861795/0000950170-22-003770.txt
Founder SPAC,0001862068,,,10-K,2022-03-29,edgar/data/1862068/0001829126-22-006864.txt
BENCHMARK 2021-B27 MORTGAGE TRUST,0001862080,,,10-K,2022-03-30,edgar/data/1862080/0001564590-22-012409.txt
Cingulate Inc.,0001862150,CINGW,,10-K,2022-03-28,edgar/data/1862150/0001493152-22-007903.txt
Infinite Acquisition Corp.,0001862327,,,10-K,2022-03-24,edgar/data/1862327/0001140361-22-010806.txt
Insight Acquisition Corp. /DE,0001862463,AMODW,,10-K,2022-03-31,edgar/data/1862463/0001193125-22-091755.txt
InFinT Acquisition Corp,0001862935,CURR,,10-K,2022-03-23,edgar/data/1862935/0001493152-22-007478.txt
AP Acquisition Corp,0001862993,,,10-K,2022-03-29,edgar/data/1862993/0001104659-22-039437.txt
Kimbell Tiger Acquisition Corp,0001863099,,,10-K,2022-03-31,edgar/data/1863099/0001104659-22-041074.txt
"EngageSmart, Inc.",0001863105,,,10-K,2022-03-03,edgar/data/1863105/0000950170-22-002829.txt
"Tyra Biosciences, Inc.",0001863127,TYRA,,10-K,2022-03-03,edgar/data/1863127/0000950170-22-002814.txt
Home Plate Acquisition Corp,0001863181,,,10-K,2022-03-16,edgar/data/1863181/0001193125-22-077357.txt
DA32 Life Science Tech Acquisition Corp.,0001863294,,,10-K,2022-03-31,edgar/data/1863294/0001193125-22-091916.txt
Seaport Calibre Materials Acquisition Corp.,0001863428,,,10-K,2022-03-31,edgar/data/1863428/0001410578-22-000660.txt
PHP Ventures Acquisition Corp.,0001863460,,,10-K,2022-03-10,edgar/data/1863460/0001493152-22-006472.txt
Thrive Acquisition Corp,0001863685,,,10-K,2022-03-31,edgar/data/1863685/0001213900-22-016903.txt
BANK 2021-BNK34,0001863688,,,10-K,2022-03-15,edgar/data/1863688/0001888524-22-003012.txt
World Omni Automobile Lease Securitization Trust 2021-A,0001863708,,,10-K,2022-03-25,edgar/data/1863708/0001104659-22-037930.txt
BBCMS Mortgage Trust 2021-C10,0001864196,,,10-K,2022-03-14,edgar/data/1864196/0001888524-22-002911.txt
Wejo Group Ltd,0001864448,,,10-K,2022-03-31,edgar/data/1864448/0001864448-22-000015.txt
DIGITAL HEALTH ACQUISITION CORP.,0001864531,VSEEW,,10-K,2022-03-29,edgar/data/1864531/0001104659-22-039436.txt
Mercedes-Benz Auto Lease Trust 2021-B,0001864833,,,10-K,2022-03-29,edgar/data/1864833/0001853620-22-000128.txt
Endurance Acquisition Corp.,0001864891,,,10-K,2022-03-31,edgar/data/1864891/0001410578-22-000675.txt
FGI Industries Ltd.,0001864943,FGIWW,,10-K,2022-03-31,edgar/data/1864943/0001104659-22-041175.txt
A.K.A. BRANDS HOLDING CORP.,0001865107,AKA,,10-K,2022-03-01,edgar/data/1865107/0001865107-22-000033.txt
Alpha Star Acquisition Corp,0001865111,ALSWF,,10-K,2022-03-30,edgar/data/1865111/0001829126-22-006943.txt
Broad Capital Acquisition Corp,0001865120,,,10-K,2022-03-31,edgar/data/1865120/0001493152-22-008332.txt
Goldman Sachs Middle Market Lending Corp. II,0001865174,,,10-K,2022-03-04,edgar/data/1865174/0000950170-22-002841.txt
"Aris Water Solutions, Inc.",0001865187,,,10-K,2022-03-01,edgar/data/1865187/0001558370-22-002585.txt
TG Venture Acquisition Corp.,0001865191,,,10-K,2022-03-31,edgar/data/1865191/0001731122-22-000644.txt
Southport Acquisition Corp,0001865200,ANGX,,10-K,2022-03-31,edgar/data/1865200/0001104659-22-041028.txt
Kensington Capital Acquisition Corp. V,0001865407,,,10-K,2022-03-31,edgar/data/1865407/0001193125-22-091976.txt
"IO Biotech, Inc.",0001865494,IOBT,,10-K,2022-03-31,edgar/data/1865494/0000950170-22-005244.txt
Ameren Illinois Co,0000018654,AILIP,,10-K,2022-02-23,edgar/data/18654/0001002910-22-000038.txt
NEXTNAV INC.,0001865631,NXNVW,,10-K,2022-03-23,edgar/data/1865631/0001213900-22-014480.txt
Keyarch Acquisition Corp,0001865701,,,10-K,2022-03-30,edgar/data/1865701/0001104659-22-040112.txt
Cactus Acquisition Corp. 1 Ltd,0001865861,CTSUF,,10-K,2022-03-31,edgar/data/1865861/0001213900-22-016735.txt
AfterNext HealthTech Acquisition Corp.,0001865975,,,10-K,2022-02-09,edgar/data/1865975/0001564590-22-004419.txt
Crescent Energy Co,0001866175,CRGY,,10-K,2022-03-10,edgar/data/1866175/0001866175-22-000007.txt
Welsbach Technology Metals Acquisition Corp.,0001866226,EMAT,,10-K,2022-03-25,edgar/data/1866226/0001213900-22-014941.txt
"Clearwater Analytics Holdings, Inc.",0001866368,CWAN,,10-K,2022-03-16,edgar/data/1866368/0000950170-22-003915.txt
Morgan Stanley Capital I Trust 2021-L6,0001866493,,,10-K,2022-03-30,edgar/data/1866493/0001888524-22-003951.txt
PG&E Recovery Funding LLC,0001866514,,,10-K,2022-03-24,edgar/data/1866514/0001866514-22-000004.txt
Aetherium Acquisition Corp,0001866547,,,10-K,2022-02-28,edgar/data/1866547/0001493152-22-005643.txt
"Thoughtworks Holding, Inc.",0001866550,,,10-K,2022-03-08,edgar/data/1866550/0001866550-22-000006.txt
Dutch Bros Inc.,0001866581,BROS,,10-K,2022-03-11,edgar/data/1866581/0001866581-22-000020.txt
"Amplitude, Inc.",0001866692,AMPL,,10-K,2022-02-17,edgar/data/1866692/0000950170-22-001372.txt
"Brilliant Earth Group, Inc.",0001866757,BRLT,,10-K,2022-03-22,edgar/data/1866757/0001866757-22-000064.txt
CNH Equipment Trust 2021-B,0001866796,,,10-K,2022-03-30,edgar/data/1866796/0001104659-22-039708.txt
Inception Growth Acquisition Ltd,0001866838,IGTAW,,10-K,2022-03-31,edgar/data/1866838/0001213900-22-016720.txt
Journey Medical Corp,0001867066,DERM,,10-K,2022-03-28,edgar/data/1867066/0001410578-22-000558.txt
"Kyndryl Holdings, Inc.",0001867072,KD,,10-K,2022-03-10,edgar/data/1867072/0001558370-22-003291.txt
"Xeris Biopharma Holdings, Inc.",0001867096,XERS,,10-K,2022-03-11,edgar/data/1867096/0001867096-22-000040.txt
CLECO POWER LLC,0000018672,,,10-K,2022-03-08,edgar/data/18672/0001089819-22-000006.txt
WELLS FARGO COMMERCIAL MORTGAGE TRUST 2021-C60,0001867467,,,10-K,2022-03-15,edgar/data/1867467/0001888524-22-003045.txt
John Deere Owner Trust 2021-B,0001867550,,,10-K,2022-01-21,edgar/data/1867550/0001104659-22-006329.txt
GM Financial Consumer Automobile Receivables Trust 2021-3,0001867993,,,10-K,2022-03-25,edgar/data/1867993/0001213900-22-015104.txt
Constellation Energy Corp,0001868275,CEG,,10-K,2022-02-25,edgar/data/1868275/0001868275-22-000020.txt
Western Acquisition Ventures Corp.,0001868419,CYCUW,,10-K,2022-03-31,edgar/data/1868419/0001104659-22-040330.txt
Vahanna Tech Edge Acquisition I Corp.,0001868640,RDZNW,,10-K,2022-03-31,edgar/data/1868640/0001193125-22-092030.txt
"OLAPLEX HOLDINGS, INC.",0001868726,OLPX,,10-K,2022-03-08,edgar/data/1868726/0001868726-22-000017.txt
"CinCor Pharma, Inc.",0001868734,,,10-K,2022-03-22,edgar/data/1868734/0000950170-22-004307.txt
Informatica Inc.,0001868778,,,10-K,2022-03-24,edgar/data/1868778/0001868778-22-000010.txt
Santander Drive Auto Receivables Trust 2021-3,0001868834,,,10-K,2022-03-31,edgar/data/1868834/0001193125-22-090927.txt
"Enfusion, Inc.",0001868912,,,10-K,2022-03-30,edgar/data/1868912/0001558370-22-004676.txt
Athena Consumer Acquisition Corp.,0001869141,,,10-K,2022-03-24,edgar/data/1869141/0001213900-22-014866.txt
"Life Time Group Holdings, Inc.",0001869198,LTH,,10-K,2022-03-10,edgar/data/1869198/0001869198-22-000010.txt
Owl Rock Technology Income Corp.,0001869453,,,10-K,2022-03-25,edgar/data/1869453/0000950170-22-004694.txt
Berenson Acquisition Corp. I,0001869673,,,10-K,2022-03-31,edgar/data/1869673/0001193125-22-090109.txt
Hyundai Auto Receivables Trust 2021-B,0001869889,,,10-K,2022-03-18,edgar/data/1869889/0001104659-22-035420.txt
Aesther Healthcare Acquisition Corp.,0001869974,OCEA,,10-K,2022-01-31,edgar/data/1869974/0001493152-22-002707.txt
Rose Hill Acquisition Corp,0001870129,,,10-K,2022-03-31,edgar/data/1870129/0001193125-22-092038.txt
RCF Acquisition Corp.,0001870143,,,10-K,2022-02-11,edgar/data/1870143/0001213900-22-006998.txt
Mana Capital Acquisition Corp.,0001870144,CDIOW,,10-K,2022-03-31,edgar/data/1870144/0001079973-22-000372.txt
MELI Kaszek Pioneer Corp,0001870258,,,10-K,2022-02-17,edgar/data/1870258/0001562762-22-000034.txt
PHOENIX BIOTECH ACQUISITION CORP.,0001870404,CEROW,,10-K,2022-03-24,edgar/data/1870404/0001193125-22-083868.txt
Crypto 1 Acquisition Corp,0001870471,,,10-K,2022-03-31,edgar/data/1870471/0001410578-22-000787.txt
GM Financial Automobile Leasing Trust 2021-3,0001870475,,,10-K,2022-03-25,edgar/data/1870475/0001213900-22-015090.txt
"Solo Brands, Inc.",0001870600,SBDS,,10-K,2022-03-30,edgar/data/1870600/0001870600-22-000009.txt
Opy Acquisition Corp. I,0001870778,,,10-K,2022-03-01,edgar/data/1870778/0001193125-22-059073.txt
Enterprise 4.0 Technology Acquisition Corp,0001870925,,,10-K,2022-02-28,edgar/data/1870925/0001193125-22-054756.txt
"Airsculpt Technologies, Inc.",0001870940,AIRS,,10-K,2022-03-11,edgar/data/1870940/0001870940-22-000011.txt
Loyalty Ventures Inc.,0001870997,,,10-K,2022-02-28,edgar/data/1870997/0001558370-22-002348.txt
"Real Good Food Company, Inc.",0001871149,,,10-K,2022-03-30,edgar/data/1871149/0001193125-22-090044.txt
Portillo's Inc.,0001871509,PTLO,,10-K,2022-03-10,edgar/data/1871509/0001871509-22-000008.txt
Benchmark 2021-B28 Mortgage Trust,0001871630,,,10-K,2022-03-16,edgar/data/1871630/0001888524-22-003147.txt
BurTech Acquisition Corp.,0001871638,BZAIW,,10-K,2022-03-31,edgar/data/1871638/0001104659-22-041157.txt
Direct Selling Acquisition Corp.,0001871745,,,10-K,2022-03-28,edgar/data/1871745/0001193125-22-086774.txt
Galaxy Enterprises Inc. /WY/,0001871890,GLEI,,10-K,2022-01-05,edgar/data/1871890/0001575705-22-000022.txt
Rainmaker Worldwide Inc.,0001872292,RAKR,,10-K,2022-03-31,edgar/data/1872292/0001493152-22-008305.txt
World Omni Auto Receivables Trust 2021-C,0001872327,,,10-K,2022-03-25,edgar/data/1872327/0001104659-22-037963.txt
BANK 2021-BNK35,0001872347,,,10-K,2022-03-30,edgar/data/1872347/0001888524-22-003890.txt
Harley-Davidson Motorcycle Trust 2021-B,0001872446,,,10-K,2022-03-24,edgar/data/1872446/0001628280-22-007163.txt
"Stran & Company, Inc.",0001872525,SWAGW,,10-K,2022-03-28,edgar/data/1872525/0001213900-22-015536.txt
PepperLime Health Acquisition Corp,0001873324,,,10-K,2022-03-17,edgar/data/1873324/0001104659-22-034988.txt
Blockchain Coinvestors Acquisition Corp. I,0001873441,,,10-K,2022-03-31,edgar/data/1873441/0001193125-22-091446.txt
Bubblr Inc.,0001873722,BBLR,,10-K,2022-03-31,edgar/data/1873722/0001663577-22-000190.txt
"Immix Biopharma, Inc.",0001873835,IMMX,,10-K,2022-03-28,edgar/data/1873835/0001493152-22-007921.txt
Orion Office REIT Inc.,0001873923,ONL,,10-K,2022-03-24,edgar/data/1873923/0001873923-22-000016.txt
Counter Press Acquisition Corp,0001873964,,,10-K,2022-03-31,edgar/data/1873964/0001731122-22-000618.txt
"Ponce Financial Group, Inc.",0001874071,PDLB,,10-K,2022-03-31,edgar/data/1874071/0001564590-22-013017.txt
Cyngn Inc.,0001874097,CYN,,10-K,2022-03-24,edgar/data/1874097/0001213900-22-014911.txt
"Rivian Automotive, Inc. / DE",0001874178,RIVN,,10-K,2022-03-31,edgar/data/1874178/0001874178-22-000008.txt
Maxpro Capital Acquisition Corp.,0001874259,,,10-K,2022-03-31,edgar/data/1874259/0001410578-22-000717.txt
"Vacasa, Inc.",0001874944,,,10-K,2022-03-21,edgar/data/1874944/0001874944-22-000004.txt
Drive Auto Receivables Trust 2021-2,0001875229,,,10-K,2022-03-31,edgar/data/1875229/0001193125-22-090900.txt
"Arhaus, Inc.",0001875444,ARHS,,10-K,2022-03-30,edgar/data/1875444/0001875444-22-000017.txt
"Consilium Acquisition Corp I, Ltd.",0001875493,,,10-K,2022-03-31,edgar/data/1875493/0001193125-22-091745.txt
"Nuvectis Pharma, Inc.",0001875558,NVCT,,10-K,2022-03-23,edgar/data/1875558/0001104659-22-037110.txt
"AB Commercial Real Estate Private Debt Fund, LLC",0001876255,,,10-K,2022-03-30,edgar/data/1876255/0001193125-22-090057.txt
ZimVie Inc.,0001876588,,,10-K,2022-03-31,edgar/data/1876588/0000950170-22-005199.txt
Exeter Automobile Receivables Trust 2021-3,0001876620,,,10-K,2022-03-31,edgar/data/1876620/0000929638-22-000718.txt
Growth for Good Acquisition Corp,0001876714,,,10-K,2022-03-21,edgar/data/1876714/0001104659-22-035760.txt
TPCO Holding Corp.,0001876945,,,10-K,2022-03-31,edgar/data/1876945/0001193125-22-092094.txt
Mercedes-Benz Auto Receivables Trust 2021-1,0001878122,,,10-K,2022-03-29,edgar/data/1878122/0001853620-22-000132.txt
Toyota Auto Receivables 2021-C Owner Trust,0001878610,,,10-K,2022-03-28,edgar/data/1878610/0000929638-22-000688.txt
World Omni Select Auto Trust 2021-A,0001878872,,,10-K,2022-03-25,edgar/data/1878872/0001104659-22-037973.txt
Douglas Elliman Inc.,0001878897,DOUG,,10-K,2022-03-31,edgar/data/1878897/0001878897-22-000011.txt
Volkswagen Auto Loan Enhanced Trust 2021-1,0001878944,,,10-K,2022-03-30,edgar/data/1878944/0001193125-22-089084.txt
"Lafayette Square Mid-Atlantic BDC, Inc.",0001879008,,,10-K,2022-03-25,edgar/data/1879008/0001879008-22-000003.txt
"Lafayette Square Far West BDC, Inc.",0001879017,,,10-K,2022-03-25,edgar/data/1879017/0001879017-22-000004.txt
"Lafayette Square Gulf Coast BDC, Inc.",0001879018,,,10-K,2022-03-25,edgar/data/1879018/0001879018-22-000004.txt
UTA Acquisition Corp,0001879221,,,10-K,2022-03-30,edgar/data/1879221/0001564590-22-012592.txt
LAMF Global Ventures Corp. I,0001879297,,,10-K,2022-03-30,edgar/data/1879297/0001193125-22-089544.txt
Energem Corp,0001879373,GTIJF,,10-K,2022-03-31,edgar/data/1879373/0001493152-22-008245.txt
TLGY ACQUISITION CORP,0001879814,TLGWF,,10-K,2022-03-31,edgar/data/1879814/0001104659-22-041022.txt
Liberty Resources Acquisition Corp.,0001880151,,,10-K,2022-03-31,edgar/data/1880151/0001410578-22-000736.txt
Benchmark 2021-B29 Mortgage Trust,0001880187,,,10-K,2022-03-14,edgar/data/1880187/0001888524-22-002893.txt
"Perimeter Solutions, SA",0001880319,PRM,,10-K,2022-03-31,edgar/data/1880319/0001880319-22-000007.txt
"Fresh Vine Wine, Inc.",0001880343,AMZE,,10-K,2022-03-31,edgar/data/1880343/0001213900-22-016834.txt
BMW Vehicle Lease Trust 2021-2,0001880433,,,10-K,2022-03-25,edgar/data/1880433/0000929638-22-000656.txt
"Direct Digital Holdings, Inc.",0001880613,DRCT,,10-K,2022-03-31,edgar/data/1880613/0001104659-22-041096.txt
TPG Inc.,0001880661,TPGXL,,10-K,2022-03-29,edgar/data/1880661/0001880661-22-000008.txt
BANK 2021-BNK36,0001880921,,,10-K,2022-03-15,edgar/data/1880921/0001888524-22-003020.txt
Ford Credit Auto Lease Trust 2021-B,0001880978,,,10-K,2022-03-24,edgar/data/1880978/0001880978-22-000032.txt
Duke Energy Carolinas NC Storm Funding LLC,0001881226,,,10-K,2022-03-30,edgar/data/1881226/0001881226-22-000005.txt
Duke Energy Progress NC Storm Funding LLC,0001881229,,,10-K,2022-03-30,edgar/data/1881229/0001881229-22-000005.txt
BBCMS Mortgage Trust 2021-C11,0001881326,,,10-K,2022-03-16,edgar/data/1881326/0001888524-22-003163.txt
Spree Acquisition Corp. 1 Ltd,0001881462,,,10-K,2022-03-31,edgar/data/1881462/0001213900-22-016738.txt
"NSTS Bancorp, Inc.",0001881592,NSTS,,10-K,2022-03-22,edgar/data/1881592/0001437749-22-006913.txt
Arogo Capital Acquisition Corp.,0001881741,,,10-K,2022-03-31,edgar/data/1881741/0001213900-22-016411.txt
CNH Equipment Trust 2021-C,0001881859,,,10-K,2022-03-30,edgar/data/1881859/0001104659-22-039709.txt
Athena Technology Acquisition Corp. II,0001882198,ATEKW,,10-K,2022-03-30,edgar/data/1882198/0001213900-22-015943.txt
GM Financial Consumer Automobile Receivables Trust 2021-4,0001882961,,,10-K,2022-03-25,edgar/data/1882961/0001213900-22-015106.txt
AIB Acquisition Corp,0001882963,,,10-K,2022-03-29,edgar/data/1882963/0001213900-22-015862.txt
Morgan Stanley Capital I Trust 2021-L7,0001883246,,,10-K,2022-03-30,edgar/data/1883246/0001888524-22-003694.txt
LEGATO MERGER CORP. II,0001883814,SLND-WT,,10-K,2022-03-17,edgar/data/1883814/0001829126-22-006297.txt
Santander Drive Auto Receivables Trust 2021-4,0001883955,,,10-K,2022-03-31,edgar/data/1883955/0001193125-22-090993.txt
ALSP Orchid Acquisition Corp I,0001883962,,,10-K,2022-03-31,edgar/data/1883962/0001193125-22-091998.txt
VISION SENSING ACQUISITION CORP.,0001883983,,,10-K,2022-03-31,edgar/data/1883983/0001493152-22-008257.txt
ROC Energy Acquisition Corp.,0001884516,DTI,,10-K,2022-03-24,edgar/data/1884516/0001104659-22-037541.txt
"Starry Group Holdings, Inc.",0001884697,,,10-K,2022-03-31,edgar/data/1884697/0001193125-22-092062.txt
Capital One Prime Auto Receivables Trust 2021-1,0001885053,,,10-K,2022-03-25,edgar/data/1885053/0001885053-22-000013.txt
ShoulderUP Technology Acquisition Corp.,0001885461,,,10-K,2022-03-03,edgar/data/1885461/0001213900-22-010616.txt
World Omni Auto Receivables Trust 2021-D,0001885500,,,10-K,2022-03-25,edgar/data/1885500/0001104659-22-037965.txt
Motive Capital Corp II,0001885754,,,10-K,2022-03-30,edgar/data/1885754/0001104659-22-039603.txt
Benchmark 2021-B30 Mortgage Trust,0001885855,,,10-K,2022-03-15,edgar/data/1885855/0001888524-22-003019.txt
T Series Middle Market Loan Fund LLC,0001885968,,,10-K,2022-03-22,edgar/data/1885968/0001885968-22-000011.txt
Toyota Auto Receivables 2021-D Owner Trust,0001886967,,,10-K,2022-03-28,edgar/data/1886967/0000929638-22-000689.txt
AmeriCredit Automobile Receivables Trust 2021-3,0001888143,,,10-K,2022-03-25,edgar/data/1888143/0001213900-22-015081.txt
Hyundai Auto Receivables Trust 2021-C,0001888347,,,10-K,2022-03-18,edgar/data/1888347/0001104659-22-035421.txt
GLOBALINK INVESTMENT INC.,0001888734,,,10-K,2022-03-31,edgar/data/1888734/0001493152-22-008491.txt
FTAC Emerald Acquisition Corp.,0001889123,FLDDW,,10-K,2022-03-22,edgar/data/1889123/0001213900-22-014182.txt
BANK 2021-BNK37,0001889297,,,10-K,2022-03-15,edgar/data/1889297/0001888524-22-003010.txt
Future Tech II Acquisition Corp.,0001889450,FTII,,10-K,2022-03-31,edgar/data/1889450/0001493152-22-008388.txt
Owl Rock Technology Finance Corp. II,0001889668,,,10-K,2022-03-17,edgar/data/1889668/0000950170-22-003981.txt
Drive Auto Receivables Trust 2021-3,0001890433,,,10-K,2022-03-31,edgar/data/1890433/0001193125-22-090968.txt
DUET Acquisition Corp.,0001890671,,,10-K,2022-03-30,edgar/data/1890671/0001493152-22-008123.txt
3650R 2021-PF1 Commercial Mortgage Trust,0001890702,,,10-K,2022-03-16,edgar/data/1890702/0001888524-22-003100.txt
Exeter Automobile Receivables Trust 2021-4,0001891012,,,10-K,2022-03-31,edgar/data/1891012/0000929638-22-000719.txt
BRC Inc.,0001891101,BRCC,,10-K,2022-03-16,edgar/data/1891101/0001104659-22-034159.txt
Wells Fargo Commercial Mortgage Trust 2021-C61,0001891774,,,10-K,2022-03-15,edgar/data/1891774/0001888524-22-003038.txt
"TRANS GLOBAL GROUP, INC.",0001891791,,,10-K,2022-03-29,edgar/data/1891791/0001213900-22-015781.txt
BBCMS Mortgage Trust 2021-C12,0001891818,,,10-K,2022-03-14,edgar/data/1891818/0001888524-22-002921.txt
"HeartCore Enterprises, Inc.",0001892322,HTCR,,10-K,2022-03-31,edgar/data/1892322/0001493152-22-008441.txt
"Lumen Technologies, Inc.",0000018926,LUMN,,10-K,2022-02-24,edgar/data/18926/0000018926-22-000007.txt
Atlantic Coastal Acquisition Corp. II,0001893219,ABPWW,,10-K,2022-03-25,edgar/data/1893219/0001193125-22-084159.txt
Screaming Eagle Acquisition Corp.,0001893325,,,10-K,2022-03-28,edgar/data/1893325/0001193125-22-086615.txt
Papaya Growth Opportunity Corp. I,0001894057,,,10-K,2022-03-31,edgar/data/1894057/0001104659-22-041141.txt
"Gores Holdings IX, Inc.",0001894630,,,10-K,2022-03-24,edgar/data/1894630/0001564590-22-011674.txt
BENCHMARK 2021-B31 MORTGAGE TRUST,0001894714,,,10-K,2022-03-30,edgar/data/1894714/0001564590-22-012416.txt
GS Mortgage Securities Trust 2021-GSA3,0001895116,,,10-K,2022-03-15,edgar/data/1895116/0001888524-22-003026.txt
BANK 2021-BNK38,0001895567,,,10-K,2022-03-30,edgar/data/1895567/0001888524-22-004022.txt
Murphy Canyon Acquisition Corp.,0001896212,CDTTW,,10-K,2022-03-29,edgar/data/1896212/0001493152-22-008049.txt
Venetian-1 Acquisition Corp.,0001900520,,,10-K,2022-03-31,edgar/data/1900520/0001213900-22-016292.txt
"USCB FINANCIAL HOLDINGS, INC.",0001901637,USCB,,10-K,2022-03-24,edgar/data/1901637/0001562762-22-000137.txt
Federal Realty OP LP,0001901876,,,10-K,2022-02-10,edgar/data/1901876/0000034903-22-000023.txt
"nCino, Inc.",0001902733,NCNO,,10-K,2022-03-31,edgar/data/1902733/0001902733-22-000013.txt
CHEMED CORP,0000019584,CHE,,10-K,2022-02-28,edgar/data/19584/0001562762-22-000060.txt
JPMORGAN CHASE & CO,0000019617,VYLD,,10-K,2022-02-22,edgar/data/19617/0000019617-22-000272.txt
WORLDS INC,0000001961,,,10-K,2022-03-30,edgar/data/1961/0001264931-22-000088.txt
CHESAPEAKE UTILITIES CORP,0000019745,CPK,,10-K,2022-02-23,edgar/data/19745/0001628280-22-003530.txt
CHICAGO RIVET & MACHINE CO,0000019871,CVR,,10-K,2022-03-21,edgar/data/19871/0001193125-22-080508.txt
JOHNSON & JOHNSON,0000200406,JNJ,,10-K,2022-02-17,edgar/data/200406/0000200406-22-000022.txt
CONSUMERS ENERGY CO,0000201533,CMS-PB,,10-K,2022-02-10,edgar/data/201533/0000811156-22-000048.txt
"L3HARRIS TECHNOLOGIES, INC. /DE/",0000202058,LHX,,10-K,2022-02-25,edgar/data/202058/0000202058-22-000015.txt
Churchill Downs Inc,0000020212,CHDN,,10-K,2022-02-23,edgar/data/20212/0000020212-22-000056.txt
"SYSTEM ENERGY RESOURCES, INC",0000202584,,,10-K,2022-02-25,edgar/data/202584/0000065984-22-000017.txt
CINCINNATI FINANCIAL CORP,0000020286,CINF,,10-K,2022-02-24,edgar/data/20286/0000020286-22-000012.txt
"Duke Energy Ohio, Inc.",0000020290,,,10-K,2022-02-24,edgar/data/20290/0001326160-22-000072.txt
CAPITAL PROPERTIES INC /RI/,0000202947,CPTP,,10-K,2022-02-23,edgar/data/202947/0001564590-22-006244.txt
WESBANCO INC,0000203596,WSBCO,,10-K,2022-02-28,edgar/data/203596/0000950170-22-002226.txt
"Frontier Communications Parent, Inc.",0000020520,,,10-K,2022-02-25,edgar/data/20520/0000020520-22-000004.txt
GRAYBAR ELECTRIC CO INC,0000205402,,,10-K,2022-03-10,edgar/data/205402/0000205402-22-000011.txt
GRAYBAR ELECTRIC CO INC,0000205402,,,10-K,2022-03-18,edgar/data/205402/0000205402-22-000014.txt
AmBase Corp,0000020639,ABCP,,10-K,2022-03-25,edgar/data/20639/0001140361-22-011171.txt
CLEVELAND ELECTRIC ILLUMINATING CO,0000020947,,,10-K,2022-03-25,edgar/data/20947/0001578443-22-000007.txt
ACME UNITED CORP,0000002098,ACU,,10-K,2022-03-30,edgar/data/2098/0001564590-22-012597.txt
CNA FINANCIAL CORP,0000021175,CNA,,10-K,2022-02-08,edgar/data/21175/0000021175-22-000016.txt
COCA COLA CO,0000021344,KO,,10-K,2022-02-22,edgar/data/21344/0000021344-22-000009.txt
COHU INC,0000021535,COHU,,10-K,2022-02-18,edgar/data/21535/0001437749-22-003768.txt
"Coeur Mining, Inc.",0000215466,CDE,,10-K,2022-02-16,edgar/data/215466/0000215466-22-000019.txt
HAVERTY FURNITURE COMPANIES INC,0000216085,HVT-A,,10-K,2022-03-01,edgar/data/216085/0001140361-22-007311.txt
ITT Inc.,0000216228,ITT,,10-K,2022-02-16,edgar/data/216228/0000216228-22-000006.txt
COLGATE PALMOLIVE CO,0000021665,CL,,10-K,2022-02-17,edgar/data/21665/0000021665-22-000003.txt
TEXTRON INC,0000217346,TXT,,10-K,2022-02-17,edgar/data/217346/0000217346-22-000005.txt
"ADAMS RESOURCES & ENERGY, INC.",0000002178,,,10-K,2022-03-09,edgar/data/2178/0000002178-22-000033.txt
BK Technologies Corp,0000002186,BKTI,,10-K,2022-03-17,edgar/data/2186/0001654954-22-003300.txt
COMMERCE BANCSHARES INC /MO/,0000022356,CBSH,,10-K,2022-02-23,edgar/data/22356/0000022356-22-000014.txt
"PASSUR Aerospace, Inc.",0000225628,,,10-K,2022-01-26,edgar/data/225628/0001096906-22-000193.txt
COMMONWEALTH EDISON Co,0000022606,,,10-K,2022-02-25,edgar/data/22606/0001109357-22-000039.txt
COMMUNICATIONS SYSTEMS INC,0000022701,SUNE,,10-K,2022-03-14,edgar/data/22701/0000022701-22-000004.txt
TEXAS NEW MEXICO POWER CO,0000022767,,,10-K,2022-03-01,edgar/data/22767/0001108426-22-000010.txt
SELECTIVE INSURANCE GROUP INC,0000230557,SIGIP,,10-K,2022-02-11,edgar/data/230557/0000230557-22-000006.txt
COMPUTER TASK GROUP INC,0000023111,,,10-K,2022-03-15,edgar/data/23111/0001564590-22-010168.txt
COMSTOCK RESOURCES INC,0000023194,CRK,,10-K,2022-02-17,edgar/data/23194/0000023194-22-000011.txt
CONNECTICUT LIGHT & POWER CO,0000023426,CNLHN,,10-K,2022-02-17,edgar/data/23426/0000072741-22-000015.txt
CONSOLIDATED EDISON CO OF NEW YORK INC,0000023632,,,10-K,2022-02-17,edgar/data/23632/0001047862-22-000039.txt
"CTO Realty Growth, Inc.",0000023795,CTO-PA,,10-K,2022-02-24,edgar/data/23795/0001558370-22-001966.txt
"CITIZENS, INC.",0000024090,CIA,,10-K,2022-03-11,edgar/data/24090/0000024090-22-000005.txt
MOLSON COORS BEVERAGE CO,0000024545,TAP-A,,10-K,2022-02-23,edgar/data/24545/0000024545-22-000005.txt
CORNING INC /NY,0000024741,GLW,,10-K,2022-02-14,edgar/data/24741/0001437749-22-003247.txt
ADVANCED MICRO DEVICES INC,0000002488,AMD,,10-K,2022-02-03,edgar/data/2488/0000002488-22-000016.txt
COUSINS PROPERTIES INC,0000025232,CUZ,,10-K,2022-02-03,edgar/data/25232/0000025232-22-000005.txt
CRANE CO /DE/,0000025445,CXT,,10-K,2022-02-28,edgar/data/25445/0001628280-22-004278.txt
CRAWFORD & CO,0000025475,CRD-B,,10-K,2022-03-15,edgar/data/25475/0000950170-22-003607.txt
ONEMAIN FINANCE CORP,0000025598,,,10-K,2022-02-11,edgar/data/25598/0001584207-22-000005.txt
"TherapeuticsMD, Inc.",0000025743,TXMD,,10-K,2022-03-23,edgar/data/25743/0001564590-22-011525.txt
CTS CORP,0000026058,CTS,,10-K,2022-02-25,edgar/data/26058/0001564590-22-007183.txt
CUMMINS INC,0000026172,CMI,,10-K,2022-02-08,edgar/data/26172/0000026172-22-000008.txt
CURTISS WRIGHT CORP,0000026324,CW,,10-K,2022-02-24,edgar/data/26324/0000026324-22-000004.txt
DANA INC,0000026780,DAN,,10-K,2022-02-23,edgar/data/26780/0001437749-22-004203.txt
TARGET CORP,0000027419,TGT,,10-K,2022-03-09,edgar/data/27419/0000027419-22-000007.txt
DAYTON POWER & LIGHT CO,0000027430,,,10-K,2022-02-28,edgar/data/27430/0000787250-22-000005.txt
NATURES SUNSHINE PRODUCTS INC,0000275053,NATR,,10-K,2022-03-08,edgar/data/275053/0000275053-22-000002.txt
PARSONS CORP,0000275880,PSN,,10-K,2022-02-23,edgar/data/275880/0001564590-22-006026.txt
"W.W. GRAINGER, INC.",0000277135,GWW,,10-K,2022-02-23,edgar/data/277135/0000277135-22-000012.txt
FEDERAL SIGNAL CORP /DE/,0000277509,FSS,,10-K,2022-03-01,edgar/data/277509/0000277509-22-000006.txt
DAVEY TREE EXPERT CO,0000277638,,,10-K,2022-03-11,edgar/data/277638/0000277638-22-000006.txt
CSX CORP,0000277948,CSX,,10-K,2022-02-16,edgar/data/277948/0000277948-22-000009.txt
OMNIQ Corp.,0000278165,OMQS,,10-K,2022-03-31,edgar/data/278165/0001493152-22-008493.txt
DELMARVA POWER & LIGHT CO /DE/,0000027879,,,10-K,2022-02-25,edgar/data/27879/0001109357-22-000039.txt
"DELTA AIR LINES, INC.",0000027904,DAL,,10-K,2022-02-11,edgar/data/27904/0000027904-22-000003.txt
DELUXE CORP,0000027996,DLX,,10-K,2022-02-28,edgar/data/27996/0000027996-22-000078.txt
DTE Electric Co,0000028385,,,10-K,2022-02-10,edgar/data/28385/0000936340-22-000077.txt
COMERICA INC /NEW/,0000028412,CMA-PB,,10-K,2022-02-16,edgar/data/28412/0000028412-22-000067.txt
"DIEBOLD NIXDORF, Inc",0000028823,DBD,,10-K,2022-03-11,edgar/data/28823/0000028823-22-000058.txt
"DILLARD'S, INC.",0000028917,DDT,,10-K,2022-03-29,edgar/data/28917/0000028917-22-000009.txt
DIODES INC /DEL/,0000029002,DIOD,,10-K,2022-02-18,edgar/data/29002/0000950170-22-001438.txt
DIXIE GROUP INC,0000029332,DXYN,,10-K,2022-03-23,edgar/data/29332/0000029332-22-000046.txt
DOLLAR GENERAL CORP,0000029534,DG,,10-K,2022-03-18,edgar/data/29534/0001558370-22-003921.txt
RR Donnelley & Sons Co,0000029669,,,10-K,2022-02-24,edgar/data/29669/0001564590-22-006506.txt
DOVER Corp,0000029905,DOV,,10-K,2022-02-11,edgar/data/29905/0000029905-22-000009.txt
DOW CHEMICAL CO /DE/,0000029915,,,10-K,2022-02-04,edgar/data/29915/0001751788-22-000011.txt
OMNICOM GROUP INC.,0000029989,OMC,,10-K,2022-02-09,edgar/data/29989/0000029989-22-000012.txt
DUCOMMUN INC /DE/,0000030305,DCO,,10-K,2022-02-23,edgar/data/30305/0001628280-22-003518.txt
"Duke Energy Carolinas, LLC",0000030371,,,10-K,2022-02-24,edgar/data/30371/0001326160-22-000072.txt
"Duke Energy Carolinas, LLC",0000030371,,,10-K,2022-03-30,edgar/data/30371/0001881226-22-000005.txt
DUPONT E I DE NEMOURS & CO,0000030554,CTA-PA,,10-K,2022-02-10,edgar/data/30554/0001755672-22-000005.txt
FLOWSERVE CORP,0000030625,FLS,,10-K,2022-02-23,edgar/data/30625/0000030625-22-000039.txt
Wendy's Co,0000030697,WEN,,10-K,2022-03-01,edgar/data/30697/0000030697-22-000003.txt
SENSIENT TECHNOLOGIES CORP,0000310142,SXT,,10-K,2022-02-18,edgar/data/310142/0001140361-22-006156.txt
"Merck & Co., Inc.",0000310158,MRK,,10-K,2022-02-25,edgar/data/310158/0000310158-22-000003.txt
FEDERAL NATIONAL MORTGAGE ASSOCIATION FANNIE MAE,0000310522,FNMAP,,10-K,2022-02-15,edgar/data/310522/0000310522-22-000174.txt
STRYKER CORP,0000310764,SYK,,10-K,2022-02-11,edgar/data/310764/0000310764-22-000028.txt
PROTECTIVE LIFE INSURANCE CO,0000310826,,,10-K,2022-03-18,edgar/data/310826/0000310826-22-000028.txt
EASTERN CO,0000031107,EML,,10-K,2022-03-17,edgar/data/31107/0001654954-22-003375.txt
WESTAMERICA BANCORPORATION,0000311094,WABC,,10-K,2022-02-28,edgar/data/311094/0001171843-22-001403.txt
INNOVATIVE FOOD HOLDINGS INC,0000312257,IVFH,,10-K,2022-03-31,edgar/data/312257/0001185185-22-000380.txt
EASTMAN KODAK CO,0000031235,KODK,,10-K,2022-03-15,edgar/data/31235/0001564590-22-010405.txt
MESA ROYALTY TRUST/TX,0000313364,MTR,,10-K,2022-03-31,edgar/data/313364/0001104659-22-040994.txt
DANAHER CORP /DE/,0000313616,DHR,,10-K,2022-02-23,edgar/data/313616/0000313616-22-000061.txt
CHURCH & DWIGHT CO INC /DE/,0000313927,CHD,,10-K,2022-02-17,edgar/data/313927/0001564590-22-005528.txt
McEwen Mining Inc.,0000314203,MUX,,10-K,2022-03-07,edgar/data/314203/0001558370-22-002910.txt
"TOMI Environmental Solutions, Inc.",0000314227,TOMZ,,10-K,2022-03-29,edgar/data/314227/0001654954-22-004048.txt
FIRST BUSEY CORP /NV/,0000314489,BUSEP,,10-K,2022-02-24,edgar/data/314489/0001558370-22-001928.txt
ECOLAB INC.,0000031462,ECL,,10-K,2022-02-25,edgar/data/31462/0001558370-22-002059.txt
Valaris Ltd,0000314808,VAL-WT,,10-K,2022-02-22,edgar/data/314808/0000314808-22-000011.txt
ROBERT HALF INTERNATIONAL INC.,0000315213,RHI,,10-K,2022-02-14,edgar/data/315213/0000315213-22-000018.txt
PUBLIC SERVICE CO OF NEW HAMPSHIRE,0000315256,,,10-K,2022-02-17,edgar/data/315256/0000072741-22-000015.txt
PUBLIC SERVICE CO OF NEW HAMPSHIRE,0000315256,,,10-K,2022-03-25,edgar/data/315256/0001104659-22-038153.txt
Aon plc,0000315293,AON,,10-K,2022-02-18,edgar/data/315293/0001628280-22-003180.txt
HURCO COMPANIES INC,0000315374,HURC,,10-K,2022-01-07,edgar/data/315374/0001558370-22-000137.txt
ALABAMA POWER CO,0000003153,,,10-K,2022-02-17,edgar/data/3153/0000092122-22-000003.txt
"PROVECTUS BIOPHARMACEUTICALS, INC.",0000315545,PVCT,,10-K,2022-03-29,edgar/data/315545/0001493152-22-008016.txt
INTERNATIONAL BANCSHARES CORP,0000315709,IBOC,,10-K,2022-02-24,edgar/data/315709/0001558370-22-001922.txt
RANGE RESOURCES CORP,0000315852,RRC,,10-K,2022-02-22,edgar/data/315852/0000950170-22-001634.txt
Bluegreen Vacations Holding Corp,0000315858,,,10-K,2022-03-04,edgar/data/315858/0001562762-22-000091.txt
CREDITRISKMONITOR COM INC,0000315958,CRMZ,,10-K,2022-03-25,edgar/data/315958/0001140361-22-011141.txt
SCHWAB CHARLES CORP,0000316709,SCHW-PJ,,10-K,2022-02-24,edgar/data/316709/0000316709-22-000009.txt
PPL ELECTRIC UTILITIES CORP,0000317187,,,10-K,2022-02-18,edgar/data/317187/0000922224-22-000005.txt
"Coca-Cola Consolidated, Inc.",0000317540,COKE,,10-K,2022-02-22,edgar/data/317540/0000317540-22-000009.txt
PERKINELMER INC,0000031791,RVTY,,10-K,2022-03-03,edgar/data/31791/0000031791-22-000003.txt
AMGEN INC,0000318154,AMGN,,10-K,2022-02-16,edgar/data/318154/0000318154-22-000010.txt
PEOPLES BANCORP INC,0000318300,PEBO,,10-K,2022-03-15,edgar/data/318300/0000318300-22-000115.txt
ABEONA THERAPEUTICS INC.,0000318306,ABEO,,10-K,2022-03-31,edgar/data/318306/0001493152-22-008259.txt
SECURITY NATIONAL FINANCIAL CORP,0000318673,SNFCA,,10-K,2022-03-31,edgar/data/318673/0001493152-22-008236.txt
TEAM INC,0000318833,TISI,,10-K,2022-03-16,edgar/data/318833/0000318833-22-000011.txt
"Fuse Medical, Inc.",0000319016,FZMD,,10-K,2022-03-31,edgar/data/319016/0001564590-22-013025.txt
PERMIAN BASIN ROYALTY TRUST,0000319654,PBT,,10-K,2022-03-30,edgar/data/319654/0001193125-22-089690.txt
SAN JUAN BASIN ROYALTY TRUST,0000319655,SJT,,10-K,2022-03-31,edgar/data/319655/0001193125-22-091987.txt
"UNITED AIRLINES, INC.",0000319687,,,10-K,2022-02-18,edgar/data/319687/0000100517-22-000009.txt
CECO ENVIRONMENTAL CORP,0000003197,CECO,,10-K,2022-03-14,edgar/data/3197/0000950170-22-003502.txt
"CALADRIUS BIOSCIENCES, INC.",0000320017,LSTA,,10-K,2022-03-22,edgar/data/320017/0000320017-22-000016.txt
TELOS CORP,0000320121,TLS,,10-K,2022-03-28,edgar/data/320121/0000320121-22-000064.txt
GLOBE LIFE INC.,0000320335,GL-PD,,10-K,2022-02-24,edgar/data/320335/0000320335-22-000006.txt
CoreCard Corp,0000320340,,,10-K,2022-03-03,edgar/data/320340/0001437749-22-005090.txt
EQUIFAX INC,0000033185,EFX,,10-K,2022-02-24,edgar/data/33185/0000033185-22-000014.txt
EQT Corp,0000033213,EQT,,10-K,2022-02-10,edgar/data/33213/0000033213-22-000007.txt
ESCALADE INC,0000033488,ESCA,,10-K,2022-02-22,edgar/data/33488/0001437749-22-003913.txt
DMC Global Inc.,0000034067,BOOM,,10-K,2022-03-01,edgar/data/34067/0000034067-22-000023.txt
EXXON MOBIL CORP,0000034088,XOM,,10-K,2022-02-23,edgar/data/34088/0000034088-22-000011.txt
RELIABILITY INC,0000034285,RLBY,,10-K,2022-03-31,edgar/data/34285/0001493152-22-008349.txt
"Matson, Inc.",0000003453,MATX,,10-K,2022-02-25,edgar/data/3453/0001558370-22-002040.txt
1ST SOURCE CORP,0000034782,SRCE,,10-K,2022-02-17,edgar/data/34782/0000034782-22-000038.txt
FEDERAL REALTY INVESTMENT TRUST,0000034903,FRT-PC,,10-K,2022-02-10,edgar/data/34903/0000034903-22-000023.txt
"TENAX THERAPEUTICS, INC.",0000034956,TENX,,10-K,2022-03-29,edgar/data/34956/0001654954-22-004036.txt
ALEXANDERS INC,0000003499,ALX,,10-K,2022-02-14,edgar/data/3499/0000003499-22-000004.txt
"AUTONATION, INC.",0000350698,AN,,10-K,2022-02-17,edgar/data/350698/0000350698-22-000025.txt
OCEAN BIO CHEM INC,0000350737,,,10-K,2022-03-31,edgar/data/350737/0001213900-22-016505.txt
COMMUNITY TRUST BANCORP INC /KY/,0000350852,CTBI,,10-K,2022-02-28,edgar/data/350852/0001140361-22-006937.txt
SEI INVESTMENTS CO,0000350894,SEIC,,10-K,2022-02-22,edgar/data/350894/0000350894-22-000007.txt
Ameris Bancorp,0000351569,ABCB,,10-K,2022-02-28,edgar/data/351569/0000351569-22-000005.txt
ELECTRO SENSORS INC,0000351789,ELSE,,10-K,2022-03-31,edgar/data/351789/0000897101-22-000366.txt
"SILVERBOW RESOURCES, INC.",0000351817,,,10-K,2022-03-03,edgar/data/351817/0000351817-22-000009.txt
SunOpta Inc.,0000351834,STKL,,10-K,2022-03-02,edgar/data/351834/0001062993-22-006314.txt
DATA I/O CORP,0000351998,DAIO,,10-K,2022-03-29,edgar/data/351998/0001654954-22-003978.txt
TOLEDO EDISON CO,0000352049,,,10-K,2022-03-25,edgar/data/352049/0001578443-22-000007.txt
FERRO CORP,0000035214,,,10-K,2022-03-01,edgar/data/35214/0000035214-22-000009.txt
ALLIANT ENERGY CORP,0000352541,LNT,,10-K,2022-02-18,edgar/data/352541/0000352541-22-000020.txt
FOSTER L B CO,0000352825,FSTR,,10-K,2022-03-02,edgar/data/352825/0000352825-22-000008.txt
UNIVERSAL HEALTH SERVICES INC,0000352915,UHS,,10-K,2022-02-24,edgar/data/352915/0001564590-22-006717.txt
"CKX LANDS, INC.",0000352955,CKX,,10-K,2022-03-28,edgar/data/352955/0001437749-22-007344.txt
QUIDEL CORP /DE/,0000353569,,,10-K,2022-02-18,edgar/data/353569/0000353569-22-000026.txt
Arthur J. Gallagher & Co.,0000354190,AJG,,10-K,2022-02-18,edgar/data/354190/0001564590-22-005714.txt
CVB FINANCIAL CORP,0000354647,CVBF,,10-K,2022-03-01,edgar/data/354647/0000950170-22-002465.txt
HAWAIIAN ELECTRIC INDUSTRIES INC,0000354707,HE,,10-K,2022-02-25,edgar/data/354707/0000354707-22-000049.txt
"HOME DEPOT, INC.",0000354950,HD,,10-K,2022-03-23,edgar/data/354950/0000354950-22-000070.txt
SHENANDOAH TELECOMMUNICATIONS CO/VA/,0000354963,SHEN,,10-K,2022-02-28,edgar/data/354963/0001628280-22-004265.txt
FIFTH THIRD BANCORP,0000035527,FITBM,,10-K,2022-02-25,edgar/data/35527/0000035527-22-000119.txt
MIDWEST HOLDING INC.,0000355379,,,10-K,2022-03-25,edgar/data/355379/0001558370-22-004318.txt
GENTEX CORP,0000355811,GNTX,,10-K,2022-02-23,edgar/data/355811/0000355811-22-000006.txt
TRICO BANCSHARES /,0000356171,TCBK,,10-K,2022-03-01,edgar/data/356171/0000356171-22-000016.txt
"Cheniere Energy, Inc.",0000003570,LNG,,10-K,2022-02-24,edgar/data/3570/0000003570-22-000024.txt
OLD SECOND BANCORP INC,0000357173,OSBC,,10-K,2022-03-10,edgar/data/357173/0001558370-22-003314.txt
HOVNANIAN ENTERPRISES INC,0000357294,HOVVB,,10-K,2022-01-04,edgar/data/357294/0001437749-22-000287.txt
TRUSTCO BANK CORP N Y,0000357301,TRST,,10-K,2022-02-25,edgar/data/357301/0001140361-22-006784.txt
FIRST FINANCIAL BANKSHARES INC,0000036029,FFIN,,10-K,2022-02-22,edgar/data/36029/0000950170-22-001583.txt
US BANCORP \DE\,0000036104,USB-PQ,,10-K,2022-02-22,edgar/data/36104/0001193125-22-048709.txt
TRUSTMARK CORP,0000036146,TRMK,,10-K,2022-02-17,edgar/data/36146/0000950170-22-001425.txt
M&T BANK CORP,0000036270,MTB-PK,,10-K,2022-02-16,edgar/data/36270/0001564590-22-005400.txt
"FIRST HAWAIIAN, INC.",0000036377,FHB,,10-K,2022-02-25,edgar/data/36377/0001558370-22-002181.txt
FIRST REAL ESTATE INVESTMENT TRUST OF NEW JERSEY,0000036840,FREVS,,10-K,2022-01-28,edgar/data/36840/0001174947-22-000082.txt
FIRST HORIZON CORP,0000036966,FHN-PF,,10-K,2022-03-01,edgar/data/36966/0000036966-22-000015.txt
FLORIDA POWER & LIGHT CO,0000037634,,,10-K,2022-02-18,edgar/data/37634/0000753308-22-000014.txt
"DUKE ENERGY FLORIDA, LLC.",0000037637,,,10-K,2022-02-24,edgar/data/37637/0001326160-22-000072.txt
"DUKE ENERGY FLORIDA, LLC.",0000037637,,,10-K,2022-03-29,edgar/data/37637/0001669374-22-000008.txt
FMC CORP,0000037785,FMC,,10-K,2022-02-25,edgar/data/37785/0000037785-22-000025.txt
FNB CORP/PA/,0000037808,FNB,,10-K,2022-02-24,edgar/data/37808/0000037808-22-000005.txt
FORD MOTOR CO,0000037996,F-PD,,10-K,2022-02-04,edgar/data/37996/0000037996-22-000013.txt
FORD MOTOR CREDIT CO LLC,0000038009,,,10-K,2022-02-04,edgar/data/38009/0000038009-22-000012.txt
1st FRANKLIN FINANCIAL CORP,0000038723,,,10-K,2022-03-31,edgar/data/38723/0001376474-22-000181.txt
FRANKLIN ELECTRIC CO INC,0000038725,FELE,,10-K,2022-02-25,edgar/data/38725/0000038725-22-000033.txt
"CULLEN/FROST BANKERS, INC.",0000039263,CFR-PB,,10-K,2022-02-04,edgar/data/39263/0000039263-22-000008.txt
INDEPENDENT BANK CORP /MI/,0000039311,IBCP,,10-K,2022-03-04,edgar/data/39311/0001140361-22-007951.txt
FULLER H B CO,0000039368,FUL,,10-K,2022-01-25,edgar/data/39368/0001437749-22-001550.txt
TEGNA INC,0000039899,TGNA,,10-K,2022-03-01,edgar/data/39899/0000039899-22-000007.txt
GAP INC,0000039911,GAP,,10-K,2022-03-15,edgar/data/39911/0000039911-22-000012.txt
GATX CORP,0000040211,GATX,,10-K,2022-02-17,edgar/data/40211/0000040211-22-000023.txt
GENERAL DYNAMICS CORP,0000040533,GD,,10-K,2022-02-09,edgar/data/40533/0000040533-22-000007.txt
GENERAL ELECTRIC CO,0000040545,GE,,10-K,2022-02-11,edgar/data/40545/0000040545-22-000008.txt
Ally Financial Inc.,0000040729,ALLY,,10-K,2022-02-25,edgar/data/40729/0000040729-22-000007.txt
"AEROJET ROCKETDYNE HOLDINGS, INC.",0000040888,,,10-K,2022-02-18,edgar/data/40888/0000040888-22-000005.txt
GENUINE PARTS CO,0000040987,GPC,,10-K,2022-02-17,edgar/data/40987/0000040987-22-000013.txt
GEORGIA POWER CO,0000041091,GPJA,,10-K,2022-02-17,edgar/data/41091/0000092122-22-000003.txt
Glatfelter Corp,0000041719,MAGN,,10-K,2022-02-25,edgar/data/41719/0000041719-22-000012.txt
GOODYEAR TIRE & RUBBER CO /OH/,0000042582,GT,,10-K,2022-02-14,edgar/data/42582/0000950170-22-001201.txt
GORMAN RUPP CO,0000042682,GRC,,10-K,2022-02-28,edgar/data/42682/0001437749-22-004547.txt
Howmet Aerospace Inc.,0000004281,HWM,,10-K,2022-02-14,edgar/data/4281/0000004281-22-000004.txt
GRACO INC,0000042888,GGG,,10-K,2022-02-22,edgar/data/42888/0000042888-22-000013.txt
GRAY TELEVISION INC,0000043196,GTN-A,,10-K,2022-02-25,edgar/data/43196/0001437749-22-004412.txt
HESS CORP,0000004447,,,10-K,2022-03-01,edgar/data/4447/0001628280-22-004524.txt
HALLIBURTON CO,0000045012,HAL,,10-K,2022-02-04,edgar/data/45012/0000045012-22-000013.txt
"AMERICAN AIRLINES, INC.",0000004515,,,10-K,2022-02-22,edgar/data/4515/0000006201-22-000026.txt
HARSCO CORP,0000045876,NVRI,,10-K,2022-02-24,edgar/data/45876/0000045876-22-000009.txt
HARTE HANKS INC,0000045919,HHS,,10-K,2022-03-21,edgar/data/45919/0001437749-22-006846.txt
"HASBRO, INC.",0000046080,HAS,,10-K,2022-02-23,edgar/data/46080/0000046080-22-000023.txt
ALLIED MOTION TECHNOLOGIES INC,0000046129,ALNT,,10-K,2022-03-09,edgar/data/46129/0001558370-22-003139.txt
BANK OF HAWAII CORP,0000046195,BOH-PB,,10-K,2022-03-01,edgar/data/46195/0001564590-22-007841.txt
HAWAIIAN ELECTRIC CO INC,0000046207,,,10-K,2022-02-25,edgar/data/46207/0000354707-22-000049.txt
HERSHEY CO,0000047111,HSY,,10-K,2022-02-18,edgar/data/47111/0000047111-22-000017.txt
HERTZ CORP,0000047129,,,10-K,2022-02-23,edgar/data/47129/0001657853-22-000012.txt
HollyFrontier Corp,0000048039,,,10-K,2022-02-23,edgar/data/48039/0000048039-22-000014.txt
HNI CORP,0000048287,HNI,,10-K,2022-03-01,edgar/data/48287/0000048287-22-000071.txt
CENTERPOINT ENERGY HOUSTON ELECTRIC LLC,0000048732,,,10-K,2022-02-22,edgar/data/48732/0001130310-22-000023.txt
HUBBELL INC,0000048898,HUBB,,10-K,2022-02-11,edgar/data/48898/0001628280-22-002255.txt
AMERICAN ELECTRIC POWER CO INC,0000004904,AEP,,10-K,2022-02-24,edgar/data/4904/0000004904-22-000024.txt
HUMANA INC,0000049071,HUM,,10-K,2022-02-17,edgar/data/49071/0000049071-22-000017.txt
HUNTINGTON BANCSHARES INC /MD/,0000049196,HBANL,,10-K,2022-02-18,edgar/data/49196/0000049196-22-000023.txt
EASTGROUP PROPERTIES INC,0000049600,EGP,,10-K,2022-02-16,edgar/data/49600/0000049600-22-000027.txt
AMERICAN EXPRESS CO,0000004962,AXP,,10-K,2022-02-11,edgar/data/4962/0000004962-22-000008.txt
IDAHO POWER CO,0000049648,,,10-K,2022-02-17,edgar/data/49648/0001057877-22-000014.txt
"Dine Brands Global, Inc.",0000049754,DIN,,10-K,2022-03-02,edgar/data/49754/0000049754-22-000008.txt
AFLAC INC,0000004977,AFL,,10-K,2022-02-23,edgar/data/4977/0000004977-22-000058.txt
ILLINOIS TOOL WORKS INC,0000049826,ITW,,10-K,2022-02-11,edgar/data/49826/0000049826-22-000006.txt
IMPERIAL OIL LTD,0000049938,IMO,,10-K,2022-02-23,edgar/data/49938/0001193125-22-049999.txt
INDIANA MICHIGAN POWER CO,0000050172,,,10-K,2022-02-24,edgar/data/50172/0000004904-22-000024.txt
INTEL CORP,0000050863,INTC,,10-K,2022-01-27,edgar/data/50863/0000050863-22-000007.txt
INTERNATIONAL BUSINESS MACHINES CORP,0000051143,IBM,,10-K,2022-02-22,edgar/data/51143/0001558370-22-001584.txt
INTERNATIONAL FLAVORS & FRAGRANCES INC,0000051253,IFF,,10-K,2022-02-28,edgar/data/51253/0000051253-22-000007.txt
INTERNATIONAL PAPER CO /NEW/,0000051434,INPAP,,10-K,2022-02-18,edgar/data/51434/0000051434-22-000016.txt
"INTERPUBLIC GROUP OF COMPANIES, INC.",0000051644,,,10-K,2022-02-22,edgar/data/51644/0000051644-22-000010.txt
AMERIPRISE CERTIFICATE CO,0000052428,,,10-K,2022-02-25,edgar/data/52428/0000820027-22-000018.txt
INTERSTATE POWER & LIGHT CO,0000052485,,,10-K,2022-02-18,edgar/data/52485/0000352541-22-000020.txt
"AMERICAN INTERNATIONAL GROUP, INC.",0000005272,AIG,,10-K,2022-02-17,edgar/data/5272/0001104659-22-024701.txt
RAYONIER INC,0000052827,RYN,,10-K,2022-02-25,edgar/data/52827/0000052827-22-000018.txt
KAMAN Corp,0000054381,,,10-K,2022-02-24,edgar/data/54381/0000054381-22-000011.txt
"EVERGY METRO, INC.",0000054476,,,10-K,2022-02-25,edgar/data/54476/0001711269-22-000008.txt
KANSAS CITY SOUTHERN,0000054480,,,10-K,2022-02-01,edgar/data/54480/0000054480-22-000006.txt
"EVERGY KANSAS CENTRAL, INC.",0000054507,,,10-K,2022-02-25,edgar/data/54507/0001711269-22-000008.txt
KELLOGG CO,0000055067,,,10-K,2022-02-22,edgar/data/55067/0001628280-22-003345.txt
KELLY SERVICES INC,0000055135,KELYB,,10-K,2022-02-17,edgar/data/55135/0000055135-22-000006.txt
Unum Group,0000005513,UNMA,,10-K,2022-02-25,edgar/data/5513/0000005513-22-000030.txt
KENTUCKY UTILITIES CO,0000055387,,,10-K,2022-02-18,edgar/data/55387/0000922224-22-000005.txt
KIMBERLY CLARK CORP,0000055785,KMB,,10-K,2022-02-10,edgar/data/55785/0000055785-22-000010.txt
KIRBY CORP,0000056047,KEX,,10-K,2022-02-18,edgar/data/56047/0000950170-22-001486.txt
KROGER CO,0000056873,KR,,10-K,2022-03-29,edgar/data/56873/0001558370-22-004595.txt
LEGGETT & PLATT INC,0000058492,LEG,,10-K,2022-02-22,edgar/data/58492/0000058492-22-000009.txt
VALHI INC /DE/,0000059255,VHI,,10-K,2022-03-10,edgar/data/59255/0001558370-22-003285.txt
VECTOR GROUP LTD,0000059440,,,10-K,2022-03-02,edgar/data/59440/0000059440-22-000010.txt
ELI LILLY & Co,0000059478,LLY,,10-K,2022-02-23,edgar/data/59478/0000059478-22-000068.txt
LINCOLN ELECTRIC HOLDINGS INC,0000059527,LECO,,10-K,2022-02-18,edgar/data/59527/0000059527-22-000006.txt
LINCOLN NATIONAL CORP,0000059558,LNC-PD,,10-K,2022-02-17,edgar/data/59558/0000059558-22-000008.txt
AMERICAN VANGUARD CORP,0000005981,AVD,,10-K,2022-03-14,edgar/data/5981/0001564590-22-009941.txt
GOLDRICH MINING CO,0000059860,,,10-K,2022-03-30,edgar/data/59860/0001199835-22-000171.txt
LOEWS CORP,0000060086,L,,10-K,2022-02-08,edgar/data/60086/0000060086-22-000007.txt
LOUISIANA-PACIFIC CORP,0000060519,LPX,,10-K,2022-02-22,edgar/data/60519/0001628280-22-003299.txt
LOUISVILLE GAS & ELECTRIC CO /KY/,0000060549,,,10-K,2022-02-18,edgar/data/60549/0000922224-22-000005.txt
LOWES COMPANIES INC,0000060667,LOW,,10-K,2022-03-21,edgar/data/60667/0000060667-22-000038.txt
LSB INDUSTRIES INC,0000060714,LXU,,10-K,2022-02-24,edgar/data/60714/0001564590-22-006694.txt
LGL GROUP INC,0000061004,LGL,,10-K,2022-03-28,edgar/data/61004/0001564590-22-011892.txt
MADISON GAS & ELECTRIC CO,0000061339,,,10-K,2022-02-23,edgar/data/61339/0000950170-22-001709.txt
TELLURIAN INC. /DE/,0000061398,,,10-K,2022-02-23,edgar/data/61398/0000061398-22-000021.txt
AMPCO PITTSBURGH CORP,0000006176,AP,,10-K,2022-03-17,edgar/data/6176/0001564590-22-010687.txt
MANITOWOC CO INC,0000061986,MTW,,10-K,2022-02-22,edgar/data/61986/0000950170-22-001624.txt
American Airlines Group Inc.,0000006201,AAL,,10-K,2022-02-22,edgar/data/6201/0000006201-22-000026.txt
MARCUS CORP,0000062234,MCS,,10-K,2022-03-03,edgar/data/62234/0000062234-22-000010.txt
"MARSH & MCLENNAN COMPANIES, INC.",0000062709,MRSH,,10-K,2022-02-16,edgar/data/62709/0000062709-22-000009.txt
MASCO CORP /DE/,0000062996,MAS,,10-K,2022-02-08,edgar/data/62996/0000062996-22-000011.txt
MATTEL INC /DE/,0000063276,MAT,,10-K,2022-02-28,edgar/data/63276/0001628280-22-004260.txt
MAUI LAND & PINEAPPLE CO INC,0000063330,MLP,,10-K,2022-03-01,edgar/data/63330/0001437749-22-004848.txt
MCCORMICK & CO INC,0000063754,MKC-V,,10-K,2022-01-27,edgar/data/63754/0000063754-22-000005.txt
MCDONALDS CORP,0000063908,MCD,,10-K,2022-02-24,edgar/data/63908/0000063908-22-000011.txt
S&P Global Inc.,0000064040,SPGI,,10-K,2022-02-08,edgar/data/64040/0000064040-22-000055.txt
"Soluna Holdings, Inc",0000064463,SLNHP,,10-K,2022-03-31,edgar/data/64463/0001753926-22-000384.txt
CVS HEALTH Corp,0000064803,CVS,,10-K,2022-02-09,edgar/data/64803/0000064803-22-000008.txt
ANDREA ELECTRONICS CORP,0000006494,,,10-K,2022-03-31,edgar/data/6494/0001206774-22-000942.txt
MERCURY GENERAL CORP,0000064996,MCY,,10-K,2022-02-15,edgar/data/64996/0000064996-22-000004.txt
SIEBERT FINANCIAL CORP,0000065596,SIEB,,10-K,2022-03-30,edgar/data/65596/0000891092-22-001113.txt
MICROPAC INDUSTRIES INC,0000065759,,,10-K,2022-02-09,edgar/data/65759/0001010549-22-000029.txt
"MICROVISION, INC.",0000065770,MVIS,,10-K,2022-03-01,edgar/data/65770/0001136261-22-000126.txt
ENTERGY CORP /DE/,0000065984,ETR,,10-K,2022-02-25,edgar/data/65984/0000065984-22-000017.txt
MIDDLESEX WATER CO,0000066004,MSEXP,,10-K,2022-02-25,edgar/data/66004/0001174947-22-000283.txt
MILLS MUSIC TRUST,0000066496,MMTRS,,10-K,2022-03-31,edgar/data/66496/0001193125-22-091189.txt
MSA Safety Inc,0000066570,MNESP,,10-K,2022-02-18,edgar/data/66570/0000066570-22-000007.txt
"Quad M Solutions, Inc.",0000066600,,,10-K,2022-01-14,edgar/data/66600/0001493152-22-001200.txt
3M CO,0000066740,MMM,,10-K,2022-02-09,edgar/data/66740/0000066740-22-000010.txt
ALLETE INC,0000066756,,,10-K,2022-02-16,edgar/data/66756/0000066756-22-000014.txt
"ENTERGY MISSISSIPPI, LLC",0000066901,EMP,,10-K,2022-02-25,edgar/data/66901/0000065984-22-000017.txt
MISSISSIPPI POWER CO,0000066904,,,10-K,2022-02-17,edgar/data/66904/0000092122-22-000003.txt
DYCOM INDUSTRIES INC,0000067215,DY,,10-K,2022-03-04,edgar/data/67215/0000067215-22-000011.txt
APACHE CORP,0000006769,,,10-K,2022-02-22,edgar/data/6769/0001784031-22-000010.txt
MDU RESOURCES GROUP INC,0000067716,MDU,,10-K,2022-02-23,edgar/data/67716/0000067716-22-000012.txt
"Motorola Solutions, Inc.",0000068505,MSI,,10-K,2022-02-16,edgar/data/68505/0000068505-22-000010.txt
QWEST CORP,0000068622,CTDD,,10-K,2022-02-24,edgar/data/68622/0000068622-22-000004.txt
APPALACHIAN POWER CO,0000006879,,,10-K,2022-02-24,edgar/data/6879/0000004904-22-000024.txt
MYERS INDUSTRIES INC,0000069488,MYE,,10-K,2022-03-10,edgar/data/69488/0000950170-22-003355.txt
FULTON FINANCIAL CORP,0000700564,FULTP,,10-K,2022-02-28,edgar/data/700564/0000700564-22-000010.txt
"FIRST MID BANCSHARES, INC.",0000700565,FMBH,,10-K,2022-03-02,edgar/data/700565/0001564590-22-008213.txt
MYR GROUP INC.,0000700923,MYRG,,10-K,2022-02-23,edgar/data/700923/0000700923-22-000007.txt
ATRION CORP,0000701288,,,10-K,2022-02-25,edgar/data/701288/0001654954-22-002094.txt
CENTRAL PACIFIC FINANCIAL CORP,0000701347,CPF,,10-K,2022-02-23,edgar/data/701347/0000701347-22-000013.txt
Six Flags Entertainment Corp,0000701374,,,10-K,2022-02-24,edgar/data/701374/0001558370-22-001971.txt
Envela Corp,0000701719,ELA,,10-K,2022-03-16,edgar/data/701719/0001654954-22-003269.txt
"Bath & Body Works, Inc.",0000701985,BBWI,,10-K,2022-03-18,edgar/data/701985/0000701985-22-000009.txt
NORFOLK SOUTHERN CORP,0000702165,NSC,,10-K,2022-02-04,edgar/data/702165/0000702165-22-000007.txt
TENET HEALTHCARE CORP,0000070318,THC,,10-K,2022-02-18,edgar/data/70318/0000070318-22-000013.txt
LAWSON PRODUCTS INC/NEW/DE/,0000703604,DSGR,,10-K,2022-02-24,edgar/data/703604/0000703604-22-000019.txt
TRECORA RESOURCES,0000007039,,,10-K,2022-03-10,edgar/data/7039/0000007039-22-000026.txt
"TIVITY HEALTH, INC.",0000704415,,,10-K,2022-02-25,edgar/data/704415/0001564590-22-007093.txt
REPRO MED SYSTEMS INC,0000704440,KRMD,,10-K,2022-03-02,edgar/data/704440/0001161697-22-000133.txt
ONTO INNOVATION INC.,0000704532,ONTO,,10-K,2022-02-25,edgar/data/704532/0001564590-22-006948.txt
NATIONAL RESEARCH CORP,0000070487,NRC,,10-K,2022-03-04,edgar/data/70487/0001437749-22-005273.txt
SOUTHSIDE BANCSHARES INC,0000705432,SBSI,,10-K,2022-02-25,edgar/data/705432/0000705432-22-000023.txt
HORIZON BANCORP INC /IN/,0000706129,HBNC,,10-K,2022-03-09,edgar/data/706129/0000706129-22-000033.txt
UTAH MEDICAL PRODUCTS INC,0000706698,UTMD,,10-K,2022-03-25,edgar/data/706698/0001811884-22-000004.txt
UNION BANKSHARES INC,0000706863,UNB,,10-K,2022-03-24,edgar/data/706863/0000706863-22-000020.txt
OLD NATIONAL BANCORP /IN/,0000707179,ONBPP,,10-K,2022-02-10,edgar/data/707179/0000707179-22-000013.txt
"STAR EQUITY HOLDINGS, INC.",0000707388,,,10-K,2022-03-31,edgar/data/707388/0000707388-22-000008.txt
REGENERX BIOPHARMACEUTICALS INC,0000707511,,,10-K,2022-03-30,edgar/data/707511/0001104659-22-040167.txt
AMERISERV FINANCIAL INC /PA/,0000707605,ASRV,,10-K,2022-03-14,edgar/data/707605/0001558370-22-003530.txt
Archer-Daniels-Midland Co,0000007084,ADM,,10-K,2022-02-17,edgar/data/7084/0000007084-22-000008.txt
BANK OF AMERICA CORP /DE/,0000070858,BACRP,,10-K,2022-02-22,edgar/data/70858/0000070858-22-000062.txt
NCR CORP,0000070866,NCRRP,,10-K,2022-02-25,edgar/data/70866/0000070866-22-000008.txt
CASS INFORMATION SYSTEMS INC,0000708781,CASS,,10-K,2022-02-28,edgar/data/708781/0001628280-22-004254.txt
PAR TECHNOLOGY CORP,0000708821,PAR,,10-K,2022-03-01,edgar/data/708821/0000708821-22-000012.txt
FIRST FINANCIAL BANCORP /OH/,0000708955,FFBC,,10-K,2022-02-18,edgar/data/708955/0000708955-22-000016.txt
NOBLE ROMANS INC,0000709005,NROM,,10-K,2022-03-22,edgar/data/709005/0001654954-22-003580.txt
FARMERS NATIONAL BANC CORP /OH/,0000709337,FMNB,,10-K,2022-03-09,edgar/data/709337/0001564590-22-009271.txt
SABINE ROYALTY TRUST,0000710752,SBR,,10-K,2022-03-25,edgar/data/710752/0001193125-22-085045.txt
THUNDER MOUNTAIN GOLD INC,0000711034,THMG,,10-K,2022-03-22,edgar/data/711034/0001062993-22-008328.txt
COLONY BANKCORP INC,0000711669,CBAN,,10-K,2022-03-18,edgar/data/711669/0000711669-22-000057.txt
CAMBRIDGE BANCORP,0000711772,,,10-K,2022-03-14,edgar/data/711772/0000950170-22-003598.txt
NEVADA POWER CO,0000071180,,,10-K,2022-02-28,edgar/data/71180/0001081316-22-000004.txt
ACCO BRANDS Corp,0000712034,ACCO,,10-K,2022-02-23,edgar/data/712034/0000712034-22-000009.txt
FIRST MERCHANTS CORP,0000712534,FRMEP,,10-K,2022-03-01,edgar/data/712534/0000712534-22-000044.txt
FIRST COMMONWEALTH FINANCIAL CORP /PA/,0000712537,FCF,,10-K,2022-03-01,edgar/data/712537/0000712537-22-000007.txt
ONE LIBERTY PROPERTIES INC,0000712770,OLP,,10-K,2022-03-11,edgar/data/712770/0001558370-22-003420.txt
"ConnectOne Bancorp, Inc.",0000712771,CNOBP,,10-K,2022-02-25,edgar/data/712771/0001206774-22-000559.txt
"PNC FINANCIAL SERVICES GROUP, INC.",0000713676,PNC,,10-K,2022-02-25,edgar/data/713676/0000713676-22-000019.txt
Sanara MedTech Inc.,0000714256,SMTI,,10-K,2022-03-31,edgar/data/714256/0001493152-22-008222.txt
VALLEY NATIONAL BANCORP,0000714310,VLYPN,,10-K,2022-02-28,edgar/data/714310/0000714310-22-000063.txt
"GERMAN AMERICAN BANCORP, INC.",0000714395,GABC,,10-K,2022-03-01,edgar/data/714395/0000714395-22-000014.txt
FIRST FINANCIAL CORP /IN/,0000714562,THFF,,10-K,2022-03-09,edgar/data/714562/0000714562-22-000029.txt
JUNIATA VALLEY FINANCIAL CORP,0000714712,JUVF,,10-K,2022-03-16,edgar/data/714712/0001558370-22-003773.txt
RENASANT CORP,0000715072,RNST,,10-K,2022-02-25,edgar/data/715072/0000715072-22-000091.txt
"ENTERGY NEW ORLEANS, LLC",0000071508,ENO,,10-K,2022-02-25,edgar/data/71508/0000065984-22-000017.txt
Anixa Biosciences Inc,0000715446,ANIX,,10-K,2022-01-04,edgar/data/715446/0001493152-22-000302.txt
ACNB CORP,0000715579,ACNB,,10-K,2022-03-14,edgar/data/715579/0000715579-22-000018.txt
"Nuvera Communications, Inc.",0000071557,NUVR,,10-K,2022-03-16,edgar/data/71557/0001513162-22-000025.txt
INTERFACE INC,0000715787,TILE,,10-K,2022-03-02,edgar/data/715787/0000715787-22-000005.txt
"DOMINION ENERGY, INC",0000715957,D,,10-K,2022-02-24,edgar/data/715957/0001564590-22-006589.txt
Yellow Corp,0000716006,,,10-K,2022-02-04,edgar/data/716006/0000950170-22-000779.txt
PENNS WOODS BANCORP INC,0000716605,,,10-K,2022-03-09,edgar/data/716605/0000716605-22-000005.txt
READING INTERNATIONAL INC,0000716634,RDIB,,10-K,2022-03-16,edgar/data/716634/0000716634-22-000009.txt
NEW YORK TIMES CO,0000071691,NYT,,10-K,2022-02-23,edgar/data/71691/0000071691-22-000006.txt
MURPHY OIL CORP,0000717423,MUR,,10-K,2022-02-25,edgar/data/717423/0000717423-22-000019.txt
ARROW FINANCIAL CORP,0000717538,AROW,,10-K,2022-03-11,edgar/data/717538/0000717538-22-000081.txt
HEXCEL CORP /DE/,0000717605,HXL,,10-K,2022-02-09,edgar/data/717605/0000950170-22-000961.txt
"FIRST US BANCSHARES, INC.",0000717806,FUSB,,10-K,2022-03-14,edgar/data/717806/0001564590-22-010052.txt
NEWPARK RESOURCES INC,0000071829,NPKI,,10-K,2022-02-25,edgar/data/71829/0000071829-22-000012.txt
COMMUNITY BANCORP /VT,0000718413,CMTV,,10-K,2022-03-24,edgar/data/718413/0001654954-22-003759.txt
"Activision Blizzard, Inc.",0000718877,,,10-K,2022-02-25,edgar/data/718877/0001628280-22-003992.txt
STAAR SURGICAL CO,0000718937,STAA,,10-K,2022-02-23,edgar/data/718937/0001564590-22-006264.txt
Apyx Medical Corp,0000719135,APYX,,10-K,2022-03-17,edgar/data/719135/0000719135-22-000020.txt
S&T BANCORP INC,0000719220,STBA,,10-K,2022-02-28,edgar/data/719220/0000719220-22-000016.txt
FIRST NATIONAL CORP /VA/,0000719402,FXNC,,10-K,2022-03-30,edgar/data/719402/0001437749-22-007721.txt
HECLA MINING CO/DE/,0000719413,HL-PB,,10-K,2022-02-23,edgar/data/719413/0001437749-22-004164.txt
"Inrad Optics, Inc.",0000719494,,,10-K,2022-03-30,edgar/data/719494/0001558370-22-004783.txt
SVB FINANCIAL GROUP,0000719739,,,10-K,2022-03-01,edgar/data/719739/0000719739-22-000023.txt
WILLIAMS SONOMA INC,0000719955,WSM,,10-K,2022-03-28,edgar/data/719955/0001628280-22-007494.txt
STIFEL FINANCIAL CORP,0000720672,SF-PD,,10-K,2022-02-18,edgar/data/720672/0000950170-22-001451.txt
INVESTORS TITLE CO,0000720858,ITIC,,10-K,2022-03-14,edgar/data/720858/0000720858-22-000007.txt
NL INDUSTRIES INC,0000072162,NL,,10-K,2022-03-09,edgar/data/72162/0001558370-22-003144.txt
LAKELAND FINANCIAL CORP,0000721994,LKFN,,10-K,2022-02-23,edgar/data/721994/0000721994-22-000024.txt
NOBILITY HOMES INC,0000072205,NOBH,,10-K,2022-02-04,edgar/data/72205/0001193125-22-028179.txt
NORTECH SYSTEMS INC,0000722313,NSYS,,10-K,2022-03-17,edgar/data/722313/0001437749-22-006550.txt
"HANGER, INC.",0000722723,,,10-K,2022-02-28,edgar/data/722723/0000722723-22-000006.txt
"COMMUNITY BANK SYSTEM, INC.",0000723188,CBU,,10-K,2022-03-01,edgar/data/723188/0001410578-22-000246.txt
"IRONSTONE PROPERTIES, INC.",0000723269,,,10-K,2022-03-31,edgar/data/723269/0001437749-22-007883.txt
NORDSTROM INC,0000072333,,,10-K,2022-03-11,edgar/data/72333/0000072333-22-000060.txt
"AVIS BUDGET GROUP, INC.",0000723612,CAR,,10-K,2022-02-17,edgar/data/723612/0000723612-22-000006.txt
FRANKLIN FINANCIAL SERVICES CORP /PA/,0000723646,FRAF,,10-K,2022-03-10,edgar/data/723646/0000723646-22-000016.txt
"Vaxart, Inc.",0000072444,VXRT,,10-K,2022-02-24,edgar/data/72444/0001437749-22-004354.txt
Trinity Place Holdings Inc.,0000724742,TPHS,,10-K,2022-03-31,edgar/data/724742/0001558370-22-004961.txt
MOVADO GROUP INC,0000072573,MOVAA,,10-K,2022-03-24,edgar/data/72573/0000950170-22-004491.txt
"WINDGEN ENERGY, INC.",0000726037,,,10-K,2022-03-18,edgar/data/726037/0001558891-22-000022.txt
CAPITAL CITY BANK GROUP INC,0000726601,CCBG,,10-K,2022-03-01,edgar/data/726601/0000726601-22-000005.txt
REALTY INCOME CORP,0000726728,O,,10-K,2022-02-23,edgar/data/726728/0000726728-22-000046.txt
CITY HOLDING CO,0000726854,CHCO,,10-K,2022-02-24,edgar/data/726854/0000726854-22-000033.txt
LINCOLN NATIONAL LIFE INSURANCE CO /IN/,0000726865,,,10-K,2022-03-08,edgar/data/726865/0000726865-22-000079.txt
"Accelerate Diagnostics, Inc",0000727207,,,10-K,2022-03-14,edgar/data/727207/0001628280-22-006049.txt
CADIZ INC,0000727273,CDZIP,,10-K,2022-03-29,edgar/data/727273/0001437749-22-007512.txt
EVERSOURCE ENERGY,0000072741,ES,,10-K,2022-02-17,edgar/data/72741/0000072741-22-000015.txt
"ENZON PHARMACEUTICALS, INC.",0000727510,ENZN,,10-K,2022-02-25,edgar/data/727510/0001410578-22-000226.txt
APACHE OFFSHORE INVESTMENT PARTNERSHIP,0000727538,,,10-K,2022-02-22,edgar/data/727538/0001673379-22-000003.txt
iSign Solutions Inc.,0000727634,,,10-K,2022-03-31,edgar/data/727634/0001213900-22-016643.txt
RIVERSOURCE LIFE INSURANCE CO,0000727892,,,10-K,2022-02-25,edgar/data/727892/0000820027-22-000017.txt
Equitable Financial Life Insurance Co,0000727920,,,10-K,2022-02-25,edgar/data/727920/0000727920-22-000004.txt
"IPALCO ENTERPRISES, INC.",0000728391,,,10-K,2022-02-28,edgar/data/728391/0000728391-22-000010.txt
"EVO Transportation & Energy Services, Inc.",0000728447,,,10-K,2022-02-01,edgar/data/728447/0000950170-22-000602.txt
HUNT J B TRANSPORT SERVICES INC,0000728535,JBHT,,10-K,2022-02-25,edgar/data/728535/0001437749-22-004457.txt
ARIZONA PUBLIC SERVICE CO,0000007286,,,10-K,2022-02-25,edgar/data/7286/0000764622-22-000014.txt
XCEL ENERGY INC,0000072903,XELLL,,10-K,2022-02-23,edgar/data/72903/0000072903-22-000010.txt
NORTHERN STATES POWER CO /WI/,0000072909,,,10-K,2022-02-23,edgar/data/72909/0000072909-22-000003.txt
BEL FUSE INC /NJ,0000729580,BELFB,,10-K,2022-03-14,edgar/data/729580/0001437749-22-006139.txt
WELLS FARGO & COMPANY/MN,0000072971,WFC-PA,,10-K,2022-02-22,edgar/data/72971/0000072971-22-000096.txt
UNITED BANKSHARES INC/WV,0000729986,UBSI,,10-K,2022-03-01,edgar/data/729986/0001193125-22-061038.txt
NORTHWEST NATURAL GAS CO,0000073020,,,10-K,2022-02-25,edgar/data/73020/0001733998-22-000005.txt
REPLIGEN CORP,0000730272,RGEN,,10-K,2022-02-17,edgar/data/730272/0000950170-22-001430.txt
SEACOAST BANKING CORP OF FLORIDA,0000730708,SBCF,,10-K,2022-02-28,edgar/data/730708/0000730708-22-000019.txt
NORTHWESTERN CORP,0000073088,,,10-K,2022-02-11,edgar/data/73088/0000073088-22-000019.txt
HEALTHCARE SERVICES GROUP INC,0000731012,HCSG,,10-K,2022-02-18,edgar/data/731012/0000731012-22-000026.txt
PRESIDENTIAL REALTY CORP/DE/,0000731245,,,10-K,2022-03-31,edgar/data/731245/0001213900-22-016718.txt
NORTHERN TRUST CORP,0000073124,NTRSO,,10-K,2022-02-28,edgar/data/73124/0000073124-22-000071.txt
PACCAR FINANCIAL CORP,0000731288,,,10-K,2022-02-23,edgar/data/731288/0001564590-22-006247.txt
UNITED BANCORP INC /OH/,0000731653,UBCP,,10-K,2022-03-18,edgar/data/731653/0001410578-22-000426.txt
UNITEDHEALTH GROUP INC,0000731766,UNH,,10-K,2022-02-15,edgar/data/731766/0000731766-22-000008.txt
"ENTERGY ARKANSAS, LLC",0000007323,EAI,,10-K,2022-02-25,edgar/data/7323/0000065984-22-000017.txt
HILLS BANCORPORATION,0000732417,HBIA,,10-K,2022-03-04,edgar/data/732417/0000732417-22-000007.txt
VERIZON COMMUNICATIONS INC,0000732712,VZ,,10-K,2022-02-11,edgar/data/732712/0000732712-22-000008.txt
AT&T INC.,0000732717,T-PC,,10-K,2022-02-16,edgar/data/732717/0000732717-22-000015.txt
"CONTINENTAL RESOURCES, INC",0000732834,,,10-K,2022-02-14,edgar/data/732834/0000732834-22-000006.txt
BRIGHTHOUSE LIFE INSURANCE Co,0000733076,,,10-K,2022-03-02,edgar/data/733076/0000733076-22-000003.txt
NUCOR CORP,0000073309,NUE,,10-K,2022-02-28,edgar/data/73309/0001564590-22-007679.txt
SOUTHWESTERN ENERGY CO,0000007332,,,10-K,2022-03-01,edgar/data/7332/0000007332-22-000009.txt
TRANSCONTINENTAL REALTY INVESTORS INC,0000733590,TCI,,10-K,2022-03-29,edgar/data/733590/0000733590-22-000003.txt
INTRUSION INC,0000736012,INTZ,,10-K,2022-03-18,edgar/data/736012/0001683168-22-001761.txt
CNB FINANCIAL CORP/PA,0000736772,CCNEP,,10-K,2022-03-03,edgar/data/736772/0000736772-22-000020.txt
WASHINGTON TRUST BANCORP INC,0000737468,WASH,,10-K,2022-02-24,edgar/data/737468/0000737468-22-000015.txt
OCEANEERING INTERNATIONAL INC,0000073756,OII,,10-K,2022-02-25,edgar/data/73756/0000073756-22-000018.txt
FIRST KEYSTONE CORP,0000737875,FKYS,,10-K,2022-03-14,edgar/data/737875/0000737875-22-000011.txt
"AEMETIS, INC",0000738214,AMTX,,10-K,2022-03-10,edgar/data/738214/0001654954-22-002831.txt
CITIZENS FINANCIAL SERVICES INC,0000739421,CZFS,,10-K,2022-03-10,edgar/data/739421/0001140361-22-008745.txt
OHIO EDISON CO,0000073960,,,10-K,2022-03-25,edgar/data/73960/0001578443-22-000007.txt
OHIO POWER CO,0000073986,,,10-K,2022-02-24,edgar/data/73986/0000004904-22-000024.txt
"Ventas, Inc.",0000740260,VTR,,10-K,2022-02-18,edgar/data/740260/0000740260-22-000057.txt
FIRST OF LONG ISLAND CORP,0000740663,,,10-K,2022-03-11,edgar/data/740663/0001562762-22-000126.txt
R F INDUSTRIES LTD,0000740664,RFIL,,10-K,2022-01-14,edgar/data/740664/0001437749-22-000928.txt
F&M BANK CORP,0000740806,FMBM,,10-K,2022-03-10,edgar/data/740806/0001654954-22-002891.txt
OLD POINT FINANCIAL CORP,0000740971,,,10-K,2022-03-31,edgar/data/740971/0001140361-22-012175.txt
OKLAHOMA GAS & ELECTRIC CO,0000074145,,,10-K,2022-02-24,edgar/data/74145/0001021635-22-000037.txt
AMERICAN NATIONAL BANKSHARES INC.,0000741516,,,10-K,2022-03-14,edgar/data/741516/0001437749-22-006107.txt
"UDR, Inc.",0000074208,UDR,,10-K,2022-02-15,edgar/data/74208/0000074208-22-000010.txt
INVACARE CORP,0000742112,,,10-K,2022-03-09,edgar/data/742112/0000742112-22-000012.txt
RPC INC,0000742278,RES,,10-K,2022-02-28,edgar/data/742278/0001558370-22-002344.txt
OLD REPUBLIC INTERNATIONAL CORP,0000074260,ORI,,10-K,2022-02-28,edgar/data/74260/0000074260-22-000012.txt
OLIN Corp,0000074303,OLN,,10-K,2022-02-24,edgar/data/74303/0000074303-22-000015.txt
ARMSTRONG WORLD INDUSTRIES INC,0000007431,AWI,,10-K,2022-02-22,edgar/data/7431/0000950170-22-001531.txt
"SHYFT GROUP, INC.",0000743238,,,10-K,2022-02-24,edgar/data/743238/0001437749-22-004361.txt
BAR HARBOR BANKSHARES,0000743367,BHB,,10-K,2022-03-14,edgar/data/743367/0001558370-22-003563.txt
"Celldex Therapeutics, Inc.",0000744218,CLDX,,10-K,2022-02-28,edgar/data/744218/0001104659-22-028070.txt
AMERICAN SHARED HOSPITAL SERVICES,0000744825,AMS,,10-K,2022-03-30,edgar/data/744825/0001437749-22-007687.txt
ST JOE Co,0000745308,JOE,,10-K,2022-02-23,edgar/data/745308/0001558370-22-001751.txt
"ROSS STORES, INC.",0000745732,ROST,,10-K,2022-03-29,edgar/data/745732/0000745732-22-000014.txt
"Oblong, Inc.",0000746210,TWAV,,10-K,2022-03-29,edgar/data/746210/0000746210-22-000023.txt
NEW ENGLAND REALTY ASSOCIATES LIMITED PARTNERSHIP,0000746514,NEN,,10-K,2022-03-11,edgar/data/746514/0001558370-22-003450.txt
EXPEDITORS INTERNATIONAL OF WASHINGTON INC,0000746515,EXPD,,10-K,2022-03-15,edgar/data/746515/0001564590-22-010381.txt
UNISYS CORP,0000746838,UIS,,10-K,2022-02-22,edgar/data/746838/0000746838-22-000006.txt
SURGE COMPONENTS INC,0000747540,SPRS,,10-K,2022-02-28,edgar/data/747540/0001213900-22-009597.txt
GARTNER INC,0000749251,IT,,10-K,2022-02-23,edgar/data/749251/0000749251-22-000006.txt
Celsion CORP,0000749647,IMNN,,10-K,2022-03-31,edgar/data/749647/0001493152-22-008277.txt
ICAD INC,0000749660,,,10-K,2022-03-29,edgar/data/749660/0001193125-22-086983.txt
SCIENTIFIC GAMES CORP,0000750004,LAWIL,,10-K,2022-03-01,edgar/data/750004/0000750004-22-000007.txt
QNB CORP,0000750558,QNBC,,10-K,2022-03-14,edgar/data/750558/0001564590-22-010056.txt
"AUBURN NATIONAL BANCORPORATION, INC",0000750574,AUBN,,10-K,2022-03-08,edgar/data/750574/0001193125-22-068826.txt
HANCOCK WHITNEY CORP,0000750577,HWCPZ,,10-K,2022-02-25,edgar/data/750577/0001564590-22-007023.txt
CAMDEN NATIONAL CORP,0000750686,CAC,,10-K,2022-03-11,edgar/data/750686/0000750686-22-000034.txt
"NATIONAL RETAIL PROPERTIES, INC.",0000751364,NNN,,10-K,2022-02-09,edgar/data/751364/0000950170-22-000944.txt
VICOR CORP,0000751978,VICR,,10-K,2022-03-01,edgar/data/751978/0001193125-22-060946.txt
OVERSEAS SHIPHOLDING GROUP INC,0000075208,,,10-K,2022-03-09,edgar/data/75208/0001493152-22-006400.txt
ELECTRONIC SYSTEMS TECHNOLOGY INC,0000752294,,,10-K,2022-03-04,edgar/data/752294/0001199835-22-000120.txt
OWENS & MINOR INC/VA/,0000075252,ACH,,10-K,2022-02-23,edgar/data/75252/0000075252-22-000009.txt
"UMH PROPERTIES, INC.",0000752642,UMH-PD,,10-K,2022-02-24,edgar/data/752642/0001493152-22-005400.txt
MCGRATH RENTCORP,0000752714,MGRC,,10-K,2022-02-23,edgar/data/752714/0001564590-22-006230.txt
OXFORD INDUSTRIES INC,0000075288,OXM,,10-K,2022-03-28,edgar/data/75288/0000075288-22-000004.txt
NEXTERA ENERGY INC,0000753308,NEE-PS,,10-K,2022-02-18,edgar/data/753308/0000753308-22-000014.txt
P&F INDUSTRIES INC,0000075340,,,10-K,2022-03-30,edgar/data/75340/0001410578-22-000641.txt
PACCAR INC,0000075362,PCAR,,10-K,2022-02-23,edgar/data/75362/0001564590-22-006237.txt
ARROW ELECTRONICS INC,0000007536,ARW,,10-K,2022-02-11,edgar/data/7536/0001859644-22-000008.txt
PACIFIC GAS & ELECTRIC Co,0000075488,,,10-K,2022-02-10,edgar/data/75488/0001004980-22-000009.txt
UNITIL CORP,0000755001,UTL,,10-K,2022-02-01,edgar/data/755001/0001193125-22-023936.txt
PACIFICORP /OR/,0000075594,,,10-K,2022-02-28,edgar/data/75594/0001081316-22-000004.txt
PACKAGING CORP OF AMERICA,0000075677,PKG,,10-K,2022-02-24,edgar/data/75677/0000950170-22-001913.txt
CITIZENS FINANCIAL GROUP INC/RI,0000759944,CFG-PI,,10-K,2022-02-23,edgar/data/759944/0000759944-22-000025.txt
BANCFIRST CORP /OK/,0000760498,BANFP,,10-K,2022-02-25,edgar/data/760498/0000950170-22-002052.txt
"PANHANDLE EASTERN PIPE LINE COMPANY, LP",0000076063,,,10-K,2022-02-18,edgar/data/76063/0000076063-22-000010.txt
"CEDAR REALTY TRUST, INC.",0000761648,CDR-PB,,10-K,2022-03-10,edgar/data/761648/0001564590-22-009649.txt
ARTS WAY MANUFACTURING CO INC,0000007623,ARTW,,10-K,2022-02-17,edgar/data/7623/0001437749-22-003662.txt
PARK OHIO HOLDINGS CORP,0000076282,PKOH,,10-K,2022-03-16,edgar/data/76282/0000076282-22-000014.txt
CHEMUNG FINANCIAL CORP,0000763563,CHMG,,10-K,2022-03-23,edgar/data/763563/0000763563-22-000035.txt
LCI INDUSTRIES,0000763744,LCII,,10-K,2022-02-25,edgar/data/763744/0000763744-22-000016.txt
"POPULAR, INC.",0000763901,BPOPM,,10-K,2022-03-01,edgar/data/763901/0001193125-22-060953.txt
FIRST UNITED CORP/MD/,0000763907,FUNC,,10-K,2022-03-25,edgar/data/763907/0001558370-22-004382.txt
SouthState Corp,0000764038,SSB,,10-K,2022-02-25,edgar/data/764038/0001558370-22-002075.txt
CLEVELAND-CLIFFS INC.,0000764065,CLF,,10-K,2022-02-11,edgar/data/764065/0000764065-22-000037.txt
"ALTRIA GROUP, INC.",0000764180,MO,,10-K,2022-02-25,edgar/data/764180/0000764180-22-000019.txt
VBI Vaccines Inc/BC,0000764195,,,10-K,2022-03-07,edgar/data/764195/0001493152-22-006140.txt
BEST BUY CO INC,0000764478,BBY,,10-K,2022-03-18,edgar/data/764478/0000764478-22-000008.txt
PINNACLE WEST CAPITAL CORP,0000764622,PNW,,10-K,2022-02-25,edgar/data/764622/0000764622-22-000014.txt
CATERPILLAR FINANCIAL SERVICES CORP,0000764764,,,10-K,2022-02-16,edgar/data/764764/0000764764-22-000029.txt
"First Bancorp, Inc /ME/",0000765207,FNLC,,10-K,2022-03-11,edgar/data/765207/0000765207-22-000010.txt
"HEALTHPEAK PROPERTIES, INC.",0000765880,DOC,,10-K,2022-02-09,edgar/data/765880/0001628280-22-002117.txt
PATRICK INDUSTRIES INC,0000076605,PATK,,10-K,2022-02-25,edgar/data/76605/0000076605-22-000047.txt
"ALASKA AIR GROUP, INC.",0000766421,ALK,,10-K,2022-02-11,edgar/data/766421/0000766421-22-000009.txt
WELLTOWER INC.,0000766704,WELL,,10-K,2022-02-16,edgar/data/766704/0000766704-22-000013.txt
CVD EQUIPMENT CORP,0000766792,CVV,,10-K,2022-03-31,edgar/data/766792/0001437749-22-007843.txt
SJW GROUP,0000766829,HTO,,10-K,2022-02-28,edgar/data/766829/0000766829-22-000060.txt
"SB FINANCIAL GROUP, INC.",0000767405,SBFG,,10-K,2022-03-07,edgar/data/767405/0001213900-22-010887.txt
CYBEROPTICS CORP,0000768411,,,10-K,2022-03-11,edgar/data/768411/0000897101-22-000230.txt
BIG LOTS INC,0000768835,,,10-K,2022-03-29,edgar/data/768835/0000768835-22-000038.txt
"TrueBlue, Inc.",0000768899,TBI,,10-K,2022-02-16,edgar/data/768899/0000768899-22-000079.txt
"Autodesk, Inc.",0000769397,ADSK,,10-K,2022-03-14,edgar/data/769397/0000769397-22-000019.txt
MIDDLEBY Corp,0000769520,MIDD,,10-K,2022-03-02,edgar/data/769520/0000769520-22-000005.txt
PEOPLES FINANCIAL CORP /MS/,0000770460,PFBX,,10-K,2022-03-25,edgar/data/770460/0001437749-22-007177.txt
KOPIN CORP,0000771266,KOPN,,10-K,2022-03-14,edgar/data/771266/0001493152-22-006784.txt
Ranger Oil Corp,0000077159,,,10-K,2022-03-08,edgar/data/77159/0000077159-22-000006.txt
"DSS, INC.",0000771999,DSS,,10-K,2022-03-31,edgar/data/771999/0001493152-22-008520.txt
"Gene Biotherapeutics, Inc.",0000772320,,,10-K,2022-03-30,edgar/data/772320/0001493152-22-008205.txt
PENNSYLVANIA REAL ESTATE INVESTMENT TRUST,0000077281,,,10-K,2022-03-15,edgar/data/77281/0000950170-22-003786.txt
"M.D.C. HOLDINGS, INC.",0000773141,,,10-K,2022-02-01,edgar/data/773141/0000773141-22-000012.txt
PENTAIR plc,0000077360,PNR,,10-K,2022-02-22,edgar/data/77360/0000077360-22-000006.txt
HONEYWELL INTERNATIONAL INC,0000773840,HON,,10-K,2022-02-11,edgar/data/773840/0000773840-22-000018.txt
PEPSICO INC,0000077476,PEP,,10-K,2022-02-10,edgar/data/77476/0000077476-22-000010.txt
"HBT Financial, Inc.",0000775215,HBT,,10-K,2022-03-11,edgar/data/775215/0001558370-22-003421.txt
ALLEGHANY CORP /DE,0000775368,,,10-K,2022-02-23,edgar/data/775368/0000950170-22-001798.txt
TUTOR PERINI CORP,0000077543,TPC,,10-K,2022-02-24,edgar/data/77543/0000077543-22-000013.txt
WHITE MOUNTAINS INSURANCE GROUP LTD,0000776867,WTM,,10-K,2022-02-28,edgar/data/776867/0000776867-22-000002.txt
INDEPENDENT BANK CORP,0000776901,INDB,,10-K,2022-02-28,edgar/data/776901/0000776901-22-000048.txt
PRUCO LIFE INSURANCE CO,0000777917,,,10-K,2022-03-16,edgar/data/777917/0000777917-22-000019.txt
"Alto Ingredients, Inc.",0000778164,ALTO,,10-K,2022-03-15,edgar/data/778164/0001213900-22-012260.txt
"PDC ENERGY, INC.",0000077877,,,10-K,2022-02-28,edgar/data/77877/0000077877-22-000019.txt
ASSOCIATED BANC-CORP,0000007789,ASBA,,10-K,2022-02-08,edgar/data/7789/0000007789-22-000007.txt
PFIZER INC,0000078003,PFE,,10-K,2022-02-24,edgar/data/78003/0000078003-22-000027.txt
"ITRON, INC.",0000780571,ITRI,,10-K,2022-02-28,edgar/data/780571/0000780571-22-000004.txt
PECO ENERGY CO,0000078100,,,10-K,2022-02-25,edgar/data/78100/0001109357-22-000039.txt
"Essential Utilities, Inc.",0000078128,WTRG,,10-K,2022-03-01,edgar/data/78128/0001562762-22-000068.txt
INTERNATIONAL BALER CORP,0000781902,,,10-K,2022-02-15,edgar/data/781902/0001607062-22-000130.txt
PVH CORP. /DE/,0000078239,PVH,,10-K,2022-03-30,edgar/data/78239/0000078239-22-000031.txt
DUKE REALTY CORP,0000783280,,,10-K,2022-02-18,edgar/data/783280/0000783280-22-000010.txt
VISTA GOLD CORP,0000783324,VGZ,,10-K,2022-02-24,edgar/data/783324/0000783324-22-000005.txt
"WEC ENERGY GROUP, INC.",0000783325,WEC,,10-K,2022-02-24,edgar/data/783325/0000107815-22-000116.txt
"ARTIVION, INC.",0000784199,AORT,,10-K,2022-02-22,edgar/data/784199/0000784199-22-000076.txt
PIEDMONT NATURAL GAS CO INC,0000078460,,,10-K,2022-02-24,edgar/data/78460/0001326160-22-000072.txt
PORTLAND GENERAL ELECTRIC CO /OR/,0000784977,POR,,10-K,2022-02-17,edgar/data/784977/0000784977-22-000009.txt
Encompass Health Corp,0000785161,EHC,,10-K,2022-02-25,edgar/data/785161/0000785161-22-000008.txt
DPL INC,0000787250,,,10-K,2022-02-28,edgar/data/787250/0000787250-22-000005.txt
PITNEY BOWES INC /DE/,0000078814,PBI-PB,,10-K,2022-02-22,edgar/data/78814/0000078814-22-000004.txt
"SIGMA LABS, INC.",0000788611,NTRP,,10-K,2022-03-24,edgar/data/788611/0001493152-22-007671.txt
PUBLIC SERVICE ENTERPRISE GROUP INC,0000788784,PEG,,10-K,2022-02-24,edgar/data/788784/0001628280-22-003860.txt
OGLETHORPE POWER CORP,0000788816,,,10-K,2022-03-28,edgar/data/788816/0001628280-22-007375.txt
BRINKS CO,0000078890,BCO,,10-K,2022-02-28,edgar/data/78890/0000078890-22-000077.txt
HALLADOR ENERGY CO,0000788965,HNRG,,10-K,2022-03-28,edgar/data/788965/0001437749-22-007411.txt
WORLD FUEL SERVICES CORP,0000789460,WKC,,10-K,2022-02-25,edgar/data/789460/0001628280-22-004028.txt
MGM Resorts International,0000789570,MGM,,10-K,2022-02-25,edgar/data/789570/0000789570-22-000005.txt
NACCO INDUSTRIES INC,0000789933,NC,,10-K,2022-03-02,edgar/data/789933/0000789933-22-000015.txt
CARLISLE COMPANIES INC,0000790051,CSL,,10-K,2022-02-17,edgar/data/790051/0000790051-22-000061.txt
PRESTIGE CAPITAL CORP,0000790179,,,10-K,2022-03-14,edgar/data/790179/0001554795-22-000095.txt
NBT BANCORP INC,0000790359,NBTB,,10-K,2022-03-01,edgar/data/790359/0001140361-22-007333.txt
"RadNet, Inc.",0000790526,RDNT,,10-K,2022-03-01,edgar/data/790526/0000790526-22-000006.txt
BRANDYWINE REALTY TRUST,0000790816,BDN,,10-K,2022-02-24,edgar/data/790816/0000790816-22-000009.txt
XOMA Corp,0000791908,XOMAP,,10-K,2022-03-08,edgar/data/791908/0001558370-22-003022.txt
OPPENHEIMER HOLDINGS INC,0000791963,OPY,,10-K,2022-02-28,edgar/data/791963/0000791963-22-000032.txt
"BROWN & BROWN, INC.",0000079282,BRO,,10-K,2022-02-23,edgar/data/79282/0000950170-22-001654.txt
FARMERS & MERCHANTS BANCORP INC,0000792966,FMAO,,10-K,2022-02-22,edgar/data/792966/0001564590-22-005912.txt
ASTEC INDUSTRIES INC,0000792987,ASTE,,10-K,2022-02-28,edgar/data/792987/0000792987-22-000013.txt
WERNER ENTERPRISES INC,0000793074,WERN,,10-K,2022-02-28,edgar/data/793074/0000793074-22-000012.txt
RESEARCH FRONTIERS INC,0000793524,REFR,,10-K,2022-03-09,edgar/data/793524/0001493152-22-006393.txt
SKYWEST INC,0000793733,SKYW,,10-K,2022-02-17,edgar/data/793733/0001558370-22-001335.txt
"HARLEY-DAVIDSON, INC.",0000793952,HOG,,10-K,2022-02-25,edgar/data/793952/0000793952-22-000014.txt
"Level 3 Parent, LLC",0000794323,,,10-K,2022-02-24,edgar/data/794323/0000794323-22-000004.txt
"Macy's, Inc.",0000794367,M,,10-K,2022-03-25,edgar/data/794367/0001564590-22-011726.txt
KB HOME,0000795266,KBH,,10-K,2022-01-21,edgar/data/795266/0000795266-22-000010.txt
WATTS WATER TECHNOLOGIES INC,0000795403,WTS,,10-K,2022-02-22,edgar/data/795403/0001558370-22-001530.txt
ADOBE INC.,0000796343,ADBE,,10-K,2022-01-21,edgar/data/796343/0000796343-22-000032.txt
NATIONAL BANKSHARES INC,0000796534,NKSH,,10-K,2022-03-11,edgar/data/796534/0001437749-22-005975.txt
POTOMAC ELECTRIC POWER CO,0000079732,,,10-K,2022-02-25,edgar/data/79732/0001109357-22-000039.txt
"HG Holdings, Inc.",0000797465,STLY,,10-K,2022-03-29,edgar/data/797465/0001437749-22-007427.txt
OCCIDENTAL PETROLEUM CORP /DE/,0000797468,OXY-WT,,10-K,2022-02-24,edgar/data/797468/0000797468-22-000008.txt
Viewbix Inc.,0000797542,VBIX,,10-K,2022-03-17,edgar/data/797542/0001493152-22-007150.txt
"HST Global, Inc.",0000797564,HSTC,,10-K,2022-03-04,edgar/data/797564/0001674796-22-000007.txt
PAM TRANSPORTATION SERVICES INC,0000798287,PAMT,,10-K,2022-03-11,edgar/data/798287/0001437749-22-005995.txt
FISERV INC,0000798354,FISV,,10-K,2022-02-24,edgar/data/798354/0000798354-22-000004.txt
CENTERSPACE,0000798359,CSR,,10-K,2022-02-28,edgar/data/798359/0000798359-22-000035.txt
ODYSSEY MARINE EXPLORATION INC,0000798528,OMEX,,10-K,2022-03-31,edgar/data/798528/0001193125-22-091806.txt
UNIVERSAL HEALTH REALTY INCOME TRUST,0000798783,UHT,,10-K,2022-02-24,edgar/data/798783/0001564590-22-006745.txt
PPG INDUSTRIES INC,0000079879,PPG,,10-K,2022-02-17,edgar/data/79879/0000079879-22-000009.txt
FIRST CITIZENS BANCSHARES INC /DE/,0000798941,FCZBV,,10-K,2022-02-25,edgar/data/798941/0000798941-22-000014.txt
UNIT CORP,0000798949,UNTCW,,10-K,2022-03-31,edgar/data/798949/0000798949-22-000014.txt
DAWSON GEOPHYSICAL CO,0000799165,DWSN,,10-K,2022-03-18,edgar/data/799165/0001558370-22-003931.txt
MARTEN TRANSPORT LTD,0000799167,MRTN,,10-K,2022-02-28,edgar/data/799167/0001437749-22-004503.txt
HEARTLAND EXPRESS INC,0000799233,HTLD,,10-K,2022-02-25,edgar/data/799233/0000799233-22-000006.txt
"LANDS' END, INC.",0000799288,LE,,10-K,2022-03-24,edgar/data/799288/0001564590-22-011688.txt
"M/I HOMES, INC.",0000799292,MHO,,10-K,2022-02-17,edgar/data/799292/0000799292-22-000006.txt
CYTRX CORP,0000799698,LADX,,10-K,2022-03-23,edgar/data/799698/0001493152-22-007485.txt
ODP Corp,0000800240,,,10-K,2022-02-23,edgar/data/800240/0001564590-22-006232.txt
PREFORMED LINE PRODUCTS CO,0000080035,PLPC,,10-K,2022-03-04,edgar/data/80035/0000950170-22-002892.txt
DONEGAL GROUP INC,0000800457,DGICB,,10-K,2022-03-07,edgar/data/800457/0001140361-22-008115.txt
WEBSTER FINANCIAL CORP,0000801337,WBS-PG,,10-K,2022-02-25,edgar/data/801337/0000801337-22-000011.txt
NATIONAL PRESTO INDUSTRIES INC,0000080172,NPK,,10-K,2022-03-11,edgar/data/80172/0001437749-22-006042.txt
PILGRIMS PRIDE CORP,0000802481,PPC,,10-K,2022-02-18,edgar/data/802481/0000802481-22-000012.txt
CHOICEONE FINANCIAL SERVICES INC,0000803164,COFS,,10-K,2022-03-18,edgar/data/803164/0001437749-22-006668.txt
Equity Commonwealth,0000803649,,,10-K,2022-02-10,edgar/data/803649/0000803649-22-000026.txt
"General Motors Financial Company, Inc.",0000804269,,,10-K,2022-02-02,edgar/data/804269/0000804269-22-000004.txt
CERNER Corp,0000804753,,,10-K,2022-02-22,edgar/data/804753/0000804753-22-000009.txt
PARK NATIONAL CORP /OH/,0000805676,PRK,,10-K,2022-02-24,edgar/data/805676/0000805676-22-000034.txt
"Axogen, Inc.",0000805928,AXGN,,10-K,2022-02-25,edgar/data/805928/0000805928-22-000026.txt
CODORUS VALLEY BANCORP INC,0000806279,,,10-K,2022-03-08,edgar/data/806279/0000806279-22-000039.txt
ASTRONICS CORP,0000008063,ATROB,,10-K,2022-03-04,edgar/data/8063/0000008063-22-000011.txt
PSYCHEMEDICS CORP,0000806517,PMDI,,10-K,2022-03-30,edgar/data/806517/0001171843-22-002192.txt
PROGRESSIVE CORP/OH/,0000080661,PGR,,10-K,2022-02-28,edgar/data/80661/0000080661-22-000046.txt
Baker Hughes Holdings LLC,0000808362,,,10-K,2022-02-11,edgar/data/808362/0000808362-22-000010.txt
"CARROLS RESTAURANT GROUP, INC.",0000809248,,,10-K,2022-03-10,edgar/data/809248/0000809248-22-000038.txt
PUBLIC SERVICE CO OF COLORADO,0000081018,,,10-K,2022-02-23,edgar/data/81018/0000081018-22-000003.txt
"Duke Energy Indiana, LLC",0000081020,,,10-K,2022-02-24,edgar/data/81020/0001326160-22-000072.txt
PUBLIC SERVICE CO OF NEW MEXICO,0000081023,PNMXO,,10-K,2022-03-01,edgar/data/81023/0001108426-22-000010.txt
PUBLIC SERVICE CO OF OKLAHOMA,0000081027,,,10-K,2022-02-24,edgar/data/81027/0000004904-22-000024.txt
PUBLIC SERVICE ELECTRIC & GAS CO,0000081033,,,10-K,2022-02-24,edgar/data/81033/0001628280-22-003860.txt
"NAVIDEA BIOPHARMACEUTICALS, INC.",0000810509,,,10-K,2022-03-28,edgar/data/810509/0001437749-22-007390.txt
PUBLIX SUPER MARKETS INC,0000081061,,,10-K,2022-03-01,edgar/data/81061/0000081061-22-000011.txt
CITIZENS & NORTHERN CORP,0000810958,CZNC,,10-K,2022-02-22,edgar/data/810958/0001558370-22-001548.txt
PUGET SOUND ENERGY INC,0000081100,,,10-K,2022-02-25,edgar/data/81100/0001085392-22-000009.txt
CMS ENERGY CORP,0000811156,CMS-PC,,10-K,2022-02-10,edgar/data/811156/0000811156-22-000048.txt
"ThermoGenesis Holdings, Inc.",0000811212,,,10-K,2022-03-28,edgar/data/811212/0001437749-22-007409.txt
"BIOLASE, INC",0000811240,,,10-K,2022-03-17,edgar/data/811240/0000950170-22-004115.txt
CEDAR FAIR L P,0000811532,,,10-K,2022-02-18,edgar/data/811532/0000811532-22-000029.txt
PGI INC,0000081157,,,10-K,2022-03-31,edgar/data/81157/0001654954-22-004355.txt
FIRST BANCORP /NC/,0000811589,FBNC,,10-K,2022-03-01,edgar/data/811589/0000811589-22-000010.txt
KAISER ALUMINUM CORP,0000811596,KALU,,10-K,2022-03-01,edgar/data/811596/0001564590-22-008034.txt
IMMUCELL CORP /DE/,0000811641,ICCC,,10-K,2022-03-30,edgar/data/811641/0001213900-22-016147.txt
"SUMMIT FINANCIAL GROUP, INC.",0000811808,,,10-K,2022-03-04,edgar/data/811808/0000811808-22-000010.txt
"Santander Holdings USA, Inc.",0000811830,,,10-K,2022-03-07,edgar/data/811830/0000811830-22-000016.txt
"O-I Glass, Inc. /DE/",0000812074,OI,,10-K,2022-02-09,edgar/data/812074/0001558370-22-000923.txt
RIDGEFIELD ACQUISITION CORP,0000812152,RDGA,,10-K,2022-03-11,edgar/data/812152/0001410578-22-000356.txt
"SOLIGENIX, INC.",0000812796,SNGX,,10-K,2022-03-29,edgar/data/812796/0001558370-22-004605.txt
"DESTINATION XL GROUP, INC.",0000813298,DXLG,,10-K,2022-03-17,edgar/data/813298/0000950170-22-004055.txt
QUAKER CHEMICAL CORP,0000081362,KWR,,10-K,2022-03-01,edgar/data/81362/0000081362-22-000003.txt
CADENCE DESIGN SYSTEMS INC,0000813672,CDNS,,10-K,2022-02-22,edgar/data/813672/0000813672-22-000012.txt
ICAHN ENTERPRISES L.P.,0000813762,IEP,,10-K,2022-02-25,edgar/data/813762/0001558370-22-002150.txt
ViacomCBS Inc.,0000813828,,,10-K,2022-02-15,edgar/data/813828/0000813828-22-000005.txt
NEWELL BRANDS INC.,0000814453,NWL,,10-K,2022-02-14,edgar/data/814453/0000814453-22-000017.txt
EBIX INC,0000814549,,,10-K,2022-03-10,edgar/data/814549/0001628280-22-005616.txt
MBIA INC,0000814585,MBI,,10-K,2022-02-28,edgar/data/814585/0001193125-22-058160.txt
CPS TECHNOLOGIES CORP/DE/,0000814676,CPSH,,10-K,2022-03-10,edgar/data/814676/0001437749-22-005852.txt
"CAPSTONE COMPANIES, INC.",0000814926,CAPC,,10-K,2022-03-31,edgar/data/814926/0001575705-22-000234.txt
CARNIVAL CORP,0000815097,CCL,,10-K,2022-01-27,edgar/data/815097/0000815097-22-000009.txt
FASTENAL CO,0000815556,FAST,,10-K,2022-02-07,edgar/data/815556/0000815556-22-000009.txt
JONES FINANCIAL COMPANIES LLLP,0000815917,,,10-K,2022-03-11,edgar/data/815917/0000950170-22-003436.txt
TERADATA CORP /DE/,0000816761,TDC,,10-K,2022-02-25,edgar/data/816761/0000816761-22-000009.txt
CONMED Corp,0000816956,CNMD,,10-K,2022-02-22,edgar/data/816956/0000816956-22-000004.txt
ATLANTIC AMERICAN CORP,0000008177,AAME,,10-K,2022-03-25,edgar/data/8177/0001140361-22-011156.txt
"HERON THERAPEUTICS, INC. /DE/",0000818033,HRTX,,10-K,2022-02-28,edgar/data/818033/0001564590-22-007618.txt
DENTSPLY SIRONA Inc.,0000818479,XRAY,,10-K,2022-03-01,edgar/data/818479/0000818479-22-000015.txt
SECURITY FEDERAL CORP,0000818677,SFDL,,10-K,2022-03-29,edgar/data/818677/0000939057-22-000085.txt
TEVA PHARMACEUTICAL INDUSTRIES LTD,0000818686,TEVJF,,10-K,2022-02-09,edgar/data/818686/0001193125-22-032667.txt
"Brickell Biotech, Inc.",0000819050,,,10-K,2022-03-15,edgar/data/819050/0000819050-22-000016.txt
ATLANTIC CITY ELECTRIC CO,0000008192,,,10-K,2022-02-25,edgar/data/8192/0001109357-22-000039.txt
RAND CAPITAL CORP,0000081955,RAND,,10-K,2022-03-08,edgar/data/81955/0001193125-22-068729.txt
ALBANY INTERNATIONAL CORP /DE/,0000819793,AIN,,10-K,2022-02-25,edgar/data/819793/0000819793-22-000009.txt
HALLMARK FINANCIAL SERVICES INC,0000819913,,,10-K,2022-03-16,edgar/data/819913/0001558370-22-003764.txt
SHARING ECONOMY INTERNATIONAL INC.,0000819926,,,10-K,2022-03-31,edgar/data/819926/0001213900-22-016536.txt
AMERIPRISE FINANCIAL INC,0000820027,AMP,,10-K,2022-02-25,edgar/data/820027/0000820027-22-000016.txt
UNITED STATES LIME & MINERALS INC,0000082020,USLM,,10-K,2022-03-10,edgar/data/82020/0001558370-22-003310.txt
AMPHENOL CORP /DE/,0000820313,APH,,10-K,2022-02-09,edgar/data/820313/0001558370-22-000961.txt
G III APPAREL GROUP LTD /DE/,0000821002,GIII,,10-K,2022-03-28,edgar/data/821002/0001558370-22-004512.txt
"Andersons, Inc.",0000821026,ANDE,,10-K,2022-02-24,edgar/data/821026/0000821026-22-000050.txt
UNITED STATES CELLULAR CORP,0000821130,UZD,,10-K,2022-02-17,edgar/data/821130/0000821130-22-000009.txt
EOG RESOURCES INC,0000821189,EOG,,10-K,2022-02-24,edgar/data/821189/0000821189-22-000017.txt
"PAR PACIFIC HOLDINGS, INC.",0000821483,PARR,,10-K,2022-02-25,edgar/data/821483/0000821483-22-000017.txt
"Emmaus Life Sciences, Inc.",0000822370,EMMA,,10-K,2022-03-31,edgar/data/822370/0001564590-22-013054.txt
PULTEGROUP INC/MI/,0000822416,PHM,,10-K,2022-02-07,edgar/data/822416/0000822416-22-000007.txt
INTER PARFUMS INC,0000822663,IPAR,,10-K,2022-03-01,edgar/data/822663/0001753926-22-000273.txt
CLEAN HARBORS INC,0000822818,CLH,,10-K,2022-02-23,edgar/data/822818/0000822818-22-000008.txt
WASTE MANAGEMENT INC,0000823768,WM,,10-K,2022-02-15,edgar/data/823768/0001558370-22-001179.txt
"AAON, INC.",0000824142,AAON,,10-K,2022-02-28,edgar/data/824142/0000824142-22-000034.txt
SANDY SPRING BANCORP INC,0000824410,,,10-K,2022-02-18,edgar/data/824410/0000824410-22-000010.txt
ALLIANCEBERNSTEIN HOLDING L.P.,0000825313,AB,,10-K,2022-02-11,edgar/data/825313/0000825313-22-000012.txt
DIVALL INSURED INCOME PROPERTIES 2 LIMITED PARTNERSHIP,0000825788,,,10-K,2022-03-31,edgar/data/825788/0001493152-22-008296.txt
ORRSTOWN FINANCIAL SERVICES INC,0000826154,ORRF,,10-K,2022-03-11,edgar/data/826154/0000826154-22-000079.txt
DYNEX CAPITAL INC,0000826675,DX-PC,,10-K,2022-02-28,edgar/data/826675/0000826675-22-000006.txt
EDISON INTERNATIONAL,0000827052,EIX,,10-K,2022-02-24,edgar/data/827052/0000827052-22-000006.txt
Ocean Thermal Energy Corp,0000827099,CPWR,,10-K,2022-03-30,edgar/data/827099/0001654954-22-004084.txt
Sleep Number Corp,0000827187,SNBR,,10-K,2022-03-01,edgar/data/827187/0000827187-22-000012.txt
"EAGLE PHARMACEUTICALS, INC.",0000827871,EGRX,,10-K,2022-03-08,edgar/data/827871/0000827871-22-000008.txt
REGAL REXNORD CORP,0000082811,RRX,,10-K,2022-03-02,edgar/data/82811/0000082811-22-000069.txt
INTERLINK ELECTRONICS INC,0000828146,LINK,,10-K,2022-03-29,edgar/data/828146/0001104659-22-039438.txt
WSFS FINANCIAL CORP,0000828944,WSFS,,10-K,2022-03-01,edgar/data/828944/0001628280-22-004404.txt
"Inuvo, Inc.",0000829323,INUV,,10-K,2022-03-17,edgar/data/829323/0000829323-22-000015.txt
"VIDLER WATER RESOURCES, INC.",0000830122,,,10-K,2022-03-22,edgar/data/830122/0000830122-22-000009.txt
"SCI Engineered Materials, Inc.",0000830616,SCIA,,10-K,2022-02-04,edgar/data/830616/0001410578-22-000072.txt
CITIGROUP INC,0000831001,C-PR,,10-K,2022-02-28,edgar/data/831001/0000831001-22-000036.txt
FREEPORT-MCMORAN INC,0000831259,FCX,,10-K,2022-02-15,edgar/data/831259/0000831259-22-000009.txt
SCORES HOLDING CO INC,0000831489,,,10-K,2022-02-23,edgar/data/831489/0001104659-22-025809.txt
SPECTRUM PHARMACEUTICALS INC,0000831547,,,10-K,2022-03-18,edgar/data/831547/0000831547-22-000014.txt
PARTNERS BANCORP,0000832090,,,10-K,2022-03-29,edgar/data/832090/0001558370-22-004620.txt
IDEX CORP /DE/,0000832101,IEX,,10-K,2022-02-24,edgar/data/832101/0000832101-22-000008.txt
E.W. SCRIPPS Co,0000832428,SSP,,10-K,2022-02-25,edgar/data/832428/0000832428-22-000009.txt
HSBC USA INC /MD/,0000083246,,,10-K,2022-02-22,edgar/data/83246/0000083246-22-000004.txt
UTG INC,0000832480,UTGN,,10-K,2022-03-25,edgar/data/832480/0000832480-22-000005.txt
"GeoVax Labs, Inc.",0000832489,GOVX,,10-K,2022-03-09,edgar/data/832489/0001437749-22-005677.txt
SIGNET JEWELERS LTD,0000832988,SIG,,10-K,2022-03-17,edgar/data/832988/0000832988-22-000019.txt
Meritage Homes CORP,0000833079,MTH,,10-K,2022-02-16,edgar/data/833079/0000833079-22-000011.txt
RESERVE PETROLEUM CO,0000083350,RSRV,,10-K,2022-03-31,edgar/data/83350/0001437749-22-007779.txt
POWER INTEGRATIONS INC,0000833640,POWI,,10-K,2022-02-07,edgar/data/833640/0000833640-22-000021.txt
BIOLIFE SOLUTIONS INC,0000834365,BLFS,,10-K,2022-03-31,edgar/data/834365/0001437749-22-007869.txt
MGP INGREDIENTS INC,0000835011,MGPI,,10-K,2022-02-24,edgar/data/835011/0001628280-22-003647.txt
"Stock Yards Bancorp, Inc.",0000835324,SYBT,,10-K,2022-02-25,edgar/data/835324/0001437749-22-004415.txt
EQUITABLE FINANCIAL LIFE INSURANCE CO OF AMERICA,0000835357,,,10-K,2022-03-04,edgar/data/835357/0000835357-22-000004.txt
MIDDLEFIELD BANC CORP,0000836147,MBCN,,10-K,2022-03-15,edgar/data/836147/0001437749-22-006281.txt
Mosaic ImmunoEngineering Inc.,0000836564,CPMV,,10-K,2022-01-26,edgar/data/836564/0001683168-22-000466.txt
VOYA RETIREMENT INSURANCE & ANNUITY Co,0000837010,,,10-K,2022-03-11,edgar/data/837010/0000837010-22-000003.txt
CALLAWAY GOLF CO,0000837465,CALY,,10-K,2022-03-01,edgar/data/837465/0000837465-22-000005.txt
WILLAMETTE VALLEY VINEYARDS INC,0000838875,WVVIP,,10-K,2022-03-29,edgar/data/838875/0001199835-22-000167.txt
VASO Corp,0000839087,VASO,,10-K,2022-03-31,edgar/data/839087/0001654954-22-004333.txt
"WESTWATER RESOURCES, INC.",0000839470,WWR,,10-K,2022-02-11,edgar/data/839470/0001558370-22-001060.txt
"FirstCash Holdings, Inc.",0000840489,FCFS,,10-K,2022-02-28,edgar/data/840489/0000840489-22-000035.txt
LEAR CORP,0000842162,LEA,,10-K,2022-02-10,edgar/data/842162/0000842162-22-000009.txt
RPT Realty,0000842183,,,10-K,2022-02-18,edgar/data/842183/0000842183-22-000015.txt
RLI CORP,0000084246,RLI,,10-K,2022-02-18,edgar/data/84246/0001564590-22-005648.txt
ISABELLA BANK Corp,0000842517,ISBA,,10-K,2022-03-15,edgar/data/842517/0000842517-22-000061.txt
EVANS BANCORP INC,0000842518,,,10-K,2022-03-09,edgar/data/842518/0000842518-22-000009.txt
TRIMAS CORP,0000842633,TRS,,10-K,2022-03-01,edgar/data/842633/0000842633-22-000008.txt
"BLUE RIDGE BANKSHARES, INC.",0000842717,BRBS,,10-K,2022-03-11,edgar/data/842717/0000950170-22-003459.txt
"Fuse Science, Inc.",0000842722,,,10-K,2022-02-23,edgar/data/842722/0001683168-22-001224.txt
ISSUER DIRECT CORP,0000843006,ACCS,,10-K,2022-03-03,edgar/data/843006/0001654954-22-002481.txt
"FRP HOLDINGS, INC.",0000844059,FRPH,,10-K,2022-03-30,edgar/data/844059/0000844059-22-000007.txt
Healthier Choices Management Corp.,0000844856,HCMC,,10-K,2022-03-31,edgar/data/844856/0000844856-22-000019.txt
DIAMONDHEAD CASINO CORP,0000844887,,,10-K,2022-03-21,edgar/data/844887/0001493152-22-007339.txt
TETRA TECHNOLOGIES INC,0000844965,TTI,,10-K,2022-02-28,edgar/data/844965/0000844965-22-000007.txt
PRINCETON CAPITAL CORP,0000845385,PIAC,,10-K,2022-03-31,edgar/data/845385/0001213900-22-016716.txt
GRANT PARK FUTURES FUND LIMITED PARTNERSHIP,0000845698,,,10-K,2022-03-14,edgar/data/845698/0001558370-22-003532.txt
FEDERAL AGRICULTURAL MORTGAGE CORP,0000845877,AGM-PH,,10-K,2022-02-28,edgar/data/845877/0000845877-22-000022.txt
ZYNEX INC,0000846475,ZYXIQ,,10-K,2022-03-22,edgar/data/846475/0001410578-22-000453.txt
"Dime Community Bancshares, Inc. /NY/",0000846617,DCOMG,,10-K,2022-03-01,edgar/data/846617/0000846617-22-000015.txt
LAKELAND BANCORP INC,0000846901,,,10-K,2022-02-28,edgar/data/846901/0001628280-22-004194.txt
"FUEL TECH, INC.",0000846913,FTEK,,10-K,2022-03-08,edgar/data/846913/0001437749-22-005551.txt
ROGERS CORP,0000084748,ROG,,10-K,2022-02-22,edgar/data/84748/0000084748-22-000019.txt
ROLLINS INC,0000084839,ROL,,10-K,2022-02-25,edgar/data/84839/0000084839-22-000011.txt
Heritage Global Inc.,0000849145,HGBL,,10-K,2022-03-17,edgar/data/849145/0000950170-22-004073.txt
SILGAN HOLDINGS INC,0000849869,SLGN,,10-K,2022-02-24,edgar/data/849869/0000849869-22-000018.txt
BP PRUDHOE BAY ROYALTY TRUST,0000850033,BPPTU,,10-K,2022-03-15,edgar/data/850033/0001193125-22-074822.txt
HORACE MANN EDUCATORS CORP /DE/,0000850141,HMN,,10-K,2022-02-25,edgar/data/850141/0001628280-22-003979.txt
"FOOT LOCKER, INC.",0000850209,,,10-K,2022-03-24,edgar/data/850209/0000850209-22-000003.txt
"Sorrento Therapeutics, Inc.",0000850261,SRNE,,10-K,2022-03-11,edgar/data/850261/0000950170-22-003472.txt
TREDEGAR CORP,0000850429,TG,,10-K,2022-03-11,edgar/data/850429/0000850429-22-000007.txt
ENCORE WIRE CORP,0000850460,,,10-K,2022-02-17,edgar/data/850460/0000850460-22-000024.txt
COGNEX CORP,0000851205,CGNX,,10-K,2022-02-17,edgar/data/851205/0000851205-22-000008.txt
HARMONIC INC,0000851310,HLIT,,10-K,2022-02-28,edgar/data/851310/0000851310-22-000012.txt
EXPONENT INC,0000851520,EXPO,,10-K,2022-02-25,edgar/data/851520/0001564590-22-007169.txt
MOHAWK INDUSTRIES INC,0000851968,MHK,,10-K,2022-02-23,edgar/data/851968/0000851968-22-000026.txt
DENNY'S Corp,0000852772,,,10-K,2022-02-28,edgar/data/852772/0000852772-22-000042.txt
"HERZOG INTERNATIONAL HOLDINGS, INC.",0000853464,,,10-K,2022-02-15,edgar/data/853464/0001376474-22-000126.txt
LANDSTAR SYSTEM INC,0000853816,LSTR,,10-K,2022-02-18,edgar/data/853816/0001193125-22-046673.txt
"GREAT SOUTHERN BANCORP, INC.",0000854560,GSBC,,10-K,2022-03-07,edgar/data/854560/0001410578-22-000289.txt
"ImmunoGen, Inc.",0000855654,,,10-K,2022-02-28,edgar/data/855654/0001558370-22-002358.txt
LATTICE SEMICONDUCTOR CORP,0000855658,LSCC,,10-K,2022-02-23,edgar/data/855658/0001437749-22-004190.txt
MILESTONE SCIENTIFIC INC.,0000855683,MLSS,,10-K,2022-03-31,edgar/data/855683/0001437749-22-007873.txt
COMMUNITY FINANCIAL CORP /MD/,0000855874,,,10-K,2022-03-03,edgar/data/855874/0001628280-22-004856.txt
MERIT MEDICAL SYSTEMS INC,0000856982,MMSI,,10-K,2022-03-01,edgar/data/856982/0000856982-22-000013.txt
UNITED COMMUNITY BANKS INC,0000857855,UCB,,10-K,2022-02-25,edgar/data/857855/0000857855-22-000006.txt
Coterra Energy Inc.,0000858470,CTRA,,10-K,2022-03-01,edgar/data/858470/0000858470-22-000009.txt
EMCLAIRE FINANCIAL CORP,0000858800,,,10-K,2022-03-16,edgar/data/858800/0001437749-22-006432.txt
FIRST COMMUNITY BANKSHARES INC /VA/,0000859070,FCBC,,10-K,2022-03-03,edgar/data/859070/0001437749-22-005177.txt
RYDER SYSTEM INC,0000085961,R,,10-K,2022-02-17,edgar/data/85961/0000085961-22-000055.txt
FIRST INTERSTATE BANCSYSTEM INC,0000860413,FIBK,,10-K,2022-02-25,edgar/data/860413/0000860413-22-000065.txt
Jacksam Corp,0000860543,,,10-K,2022-03-31,edgar/data/860543/0001477932-22-001870.txt
CORPORATE OFFICE PROPERTIES TRUST,0000860546,CDP,,10-K,2022-02-22,edgar/data/860546/0000860546-22-000013.txt
"HCA Healthcare, Inc.",0000860730,HCA,,10-K,2022-02-18,edgar/data/860730/0001193125-22-046707.txt
TYLER TECHNOLOGIES INC,0000860731,TYL,,10-K,2022-02-23,edgar/data/860731/0000860731-22-000011.txt
KEMPER Corp,0000860748,KMPB,,10-K,2022-02-10,edgar/data/860748/0000860748-22-000036.txt
SAFEGUARD SCIENTIFICS INC,0000086115,SFES,,10-K,2022-03-11,edgar/data/86115/0001437749-22-006038.txt
FUTURES PORTFOLIO FUND L.P.,0000861441,,,10-K,2022-03-31,edgar/data/861441/0001387131-22-004438.txt
GRANITE CONSTRUCTION INC,0000861459,GVA,,10-K,2022-02-28,edgar/data/861459/0001437749-22-004482.txt
"IDERA PHARMACEUTICALS, INC.",0000861838,,,10-K,2022-03-31,edgar/data/861838/0001558370-22-004903.txt
CATHAY GENERAL BANCORP,0000861842,CATY,,10-K,2022-03-01,edgar/data/861842/0001437749-22-004752.txt
STERICYCLE INC,0000861878,,,10-K,2022-02-24,edgar/data/861878/0001628280-22-003634.txt
RELIANCE STEEL & ALUMINUM CO,0000861884,RS,,10-K,2022-02-24,edgar/data/861884/0001558370-22-001918.txt
HUGOTON ROYALTY TRUST,0000862022,HGTXU,,10-K,2022-03-30,edgar/data/862022/0001193125-22-089900.txt
CRYO CELL INTERNATIONAL INC,0000862692,CCEL,,10-K,2022-02-22,edgar/data/862692/0000950170-22-001637.txt
FINANCIAL INSTITUTIONS INC,0000862831,FIISO,,10-K,2022-03-10,edgar/data/862831/0000950170-22-003353.txt
ARTESIAN RESOURCES CORP,0000863110,ARTNB,,10-K,2022-03-11,edgar/data/863110/0000863110-22-000017.txt
"TRAVELERS COMPANIES, INC.",0000086312,TRV,,10-K,2022-02-17,edgar/data/86312/0000086312-22-000013.txt
BENCHMARK ELECTRONICS INC,0000863436,BHE,,10-K,2022-02-25,edgar/data/863436/0000950170-22-002119.txt
SYPRIS SOLUTIONS INC,0000864240,SYPR,,10-K,2022-03-17,edgar/data/864240/0001437749-22-006515.txt
TRIMBLE INC.,0000864749,TRMB,,10-K,2022-02-23,edgar/data/864749/0000864749-22-000044.txt
NATIONAL SECURITY GROUP INC,0000865058,,,10-K,2022-03-23,edgar/data/865058/0000865058-22-000011.txt
SAN DIEGO GAS & ELECTRIC CO,0000086521,,,10-K,2022-02-25,edgar/data/86521/0001032208-22-000007.txt
Monster Beverage Corp,0000865752,MNST,,10-K,2022-02-28,edgar/data/865752/0001104659-22-028182.txt
"PS BUSINESS PARKS, INC./MD",0000866368,,,10-K,2022-02-22,edgar/data/866368/0000866368-22-000006.txt
HELIX ENERGY SOLUTIONS GROUP INC,0000866829,HLX,,10-K,2022-02-24,edgar/data/866829/0000866829-22-000005.txt
ABRAXAS PETROLEUM CORP,0000867665,,,10-K,2022-03-31,edgar/data/867665/0001437749-22-007770.txt
SUNPOWER CORP,0000867773,,,10-K,2022-02-25,edgar/data/867773/0000867773-22-000016.txt
EVERFLOW EASTERN PARTNERS LP,0000868082,,,10-K,2022-03-25,edgar/data/868082/0001437749-22-007158.txt
"ProPhase Labs, Inc.",0000868278,PRPH,,10-K,2022-03-31,edgar/data/868278/0001493152-22-008541.txt
"GLACIER BANCORP, INC.",0000868671,GBCI,,10-K,2022-02-23,edgar/data/868671/0000868671-22-000053.txt
"Dorman Products, Inc.",0000868780,DORM,,10-K,2022-02-22,edgar/data/868780/0001564590-22-005966.txt
SB PARTNERS,0000087047,,,10-K,2022-03-31,edgar/data/87047/0001437749-22-007833.txt
Neonode Inc.,0000087050,NEON,,10-K,2022-03-10,edgar/data/87050/0001213900-22-011462.txt
ManpowerGroup Inc.,0000871763,MAN,,10-K,2022-02-18,edgar/data/871763/0000950170-22-001500.txt
"REGENERON PHARMACEUTICALS, INC.",0000872589,REGN,,10-K,2022-02-07,edgar/data/872589/0001804220-22-000007.txt
"DELCATH SYSTEMS, INC.",0000872912,DCTH,,10-K,2022-03-31,edgar/data/872912/0001193125-22-090104.txt
"Sarepta Therapeutics, Inc.",0000873303,SRPT,,10-K,2022-03-01,edgar/data/873303/0000950170-22-002517.txt
SCHLUMBERGER LIMITED/NV,0000087347,SLB,,10-K,2022-01-26,edgar/data/87347/0001564590-22-002421.txt
OCWEN FINANCIAL CORP,0000873860,ONIT,,10-K,2022-02-25,edgar/data/873860/0001628280-22-003998.txt
IONIS PHARMACEUTICALS INC,0000874015,IONS,,10-K,2022-02-25,edgar/data/874015/0000874015-22-000079.txt
STERLING CONSTRUCTION CO INC,0000874238,STRL,,10-K,2022-03-01,edgar/data/874238/0000874238-22-000023.txt
"LIFETIME BRANDS, INC",0000874396,LCUT,,10-K,2022-03-09,edgar/data/874396/0001628280-22-005583.txt
GULFPORT ENERGY CORP,0000874499,GPOR,,10-K,2022-03-01,edgar/data/874499/0001628280-22-004445.txt
AMBAC FINANCIAL GROUP INC,0000874501,OSG,,10-K,2022-02-24,edgar/data/874501/0000874501-22-000019.txt
IDEXX LABORATORIES INC /DE,0000874716,IDXX,,10-K,2022-02-16,edgar/data/874716/0000874716-22-000007.txt
AES CORP,0000874761,AES,,10-K,2022-02-28,edgar/data/874761/0000874761-22-000022.txt
"HARTFORD FINANCIAL SERVICES GROUP, INC.",0000874766,HIG-PG,,10-K,2022-02-18,edgar/data/874766/0000874766-22-000019.txt
BIOGEN INC.,0000875045,BIIB,,10-K,2022-02-03,edgar/data/875045/0000875045-22-000007.txt
VERTEX PHARMACEUTICALS INC / MA,0000875320,VRTX,,10-K,2022-02-09,edgar/data/875320/0000875320-22-000007.txt
INSIGNIA SYSTEMS INC/MN,0000875355,LDWY,,10-K,2022-03-09,edgar/data/875355/0001654954-22-002804.txt
BOK FINANCIAL CORP,0000875357,BOKF,,10-K,2022-02-23,edgar/data/875357/0000875357-22-000013.txt
ULTRALIFE CORP,0000875657,ULBI,,10-K,2022-03-08,edgar/data/875657/0001437749-22-005572.txt
PROGRESS SOFTWARE CORP /MA,0000876167,PRGS,,10-K,2022-01-27,edgar/data/876167/0000876167-22-000038.txt
"Lineage Cell Therapeutics, Inc.",0000876343,LCTX,,10-K,2022-03-10,edgar/data/876343/0001493152-22-006520.txt
"ASENSUS SURGICAL, INC.",0000876378,,,10-K,2022-02-28,edgar/data/876378/0001437749-22-004657.txt
MGIC INVESTMENT CORP,0000876437,MTG,,10-K,2022-02-23,edgar/data/876437/0000876437-22-000013.txt
Stagwell Inc,0000876883,STGW,,10-K,2022-03-17,edgar/data/876883/0000876883-22-000011.txt
ZEBRA TECHNOLOGIES CORP,0000877212,ZBRA,,10-K,2022-02-10,edgar/data/877212/0000877212-22-000026.txt
SpartanNash Co,0000877422,,,10-K,2022-03-02,edgar/data/877422/0001564590-22-008291.txt
NATIONAL HEALTH INVESTORS INC,0000877860,NHI,,10-K,2022-02-22,edgar/data/877860/0000877860-22-000005.txt
CITRIX SYSTEMS INC,0000877890,,,10-K,2022-02-16,edgar/data/877890/0000877890-22-000019.txt
NATUS MEDICAL INC,0000878526,,,10-K,2022-02-25,edgar/data/878526/0000878526-22-000026.txt
WIRELESS TELECOM GROUP INC,0000878828,,,10-K,2022-03-17,edgar/data/878828/0001493152-22-007057.txt
"OLD DOMINION FREIGHT LINE, INC.",0000878927,ODFL,,10-K,2022-02-23,edgar/data/878927/0001564590-22-006303.txt
"EQUUS TOTAL RETURN, INC.",0000878932,EQS,,10-K,2022-03-30,edgar/data/878932/0001712543-22-000022.txt
KIMCO REALTY CORP,0000879101,KIM-PN,,10-K,2022-03-01,edgar/data/879101/0001437749-22-004700.txt
INCYTE CORP,0000879169,INCY,,10-K,2022-02-08,edgar/data/879169/0001558370-22-000902.txt
WABASH NATIONAL Corp,0000879526,WNC,,10-K,2022-02-24,edgar/data/879526/0000879526-22-000014.txt
"ATN International, Inc.",0000879585,ATNI,,10-K,2022-03-16,edgar/data/879585/0001558370-22-003733.txt
MID PENN BANCORP INC,0000879635,MPB,,10-K,2022-03-15,edgar/data/879635/0001564590-22-010421.txt
"VIVEVE MEDICAL, INC.",0000879682,,,10-K,2022-03-17,edgar/data/879682/0001437749-22-006580.txt
"APPLIED ENERGETICS, INC.",0000879911,AERGP,,10-K,2022-03-31,edgar/data/879911/0001213900-22-016299.txt
Scott's Liquid Gold - Inc.,0000088000,HKHC,,10-K,2022-03-31,edgar/data/88000/0001564590-22-012994.txt
"BIOLARGO, INC.",0000880242,BLGO,,10-K,2022-03-31,edgar/data/880242/0001437749-22-007726.txt
AGCO CORP /DE,0000880266,AGCO,,10-K,2022-02-25,edgar/data/880266/0000880266-22-000006.txt
CSB BANCORP INC /OH,0000880417,CSBB,,10-K,2022-03-16,edgar/data/880417/0001564590-22-010667.txt
"WisdomTree Investments, Inc.",0000880631,WT,,10-K,2022-02-25,edgar/data/880631/0001193125-22-053552.txt
EAGLE FINANCIAL SERVICES INC,0000880641,EFSI,,10-K,2022-03-30,edgar/data/880641/0001564590-22-012618.txt
"ACORN ENERGY, INC.",0000880984,ACFN,,10-K,2022-03-31,edgar/data/880984/0001493152-22-008225.txt
SEABOARD CORP /DE/,0000088121,SEB,,10-K,2022-02-15,edgar/data/88121/0000088121-22-000017.txt
PRUDENTIAL ANNUITIES LIFE ASSURANCE CORP/CT,0000881453,,,10-K,2022-03-14,edgar/data/881453/0000881453-22-000009.txt
CROSS TIMBERS ROYALTY TRUST,0000881787,CRT,,10-K,2022-03-29,edgar/data/881787/0001193125-22-087981.txt
Avery Dennison Corp,0000008818,AVY,,10-K,2022-02-23,edgar/data/8818/0001193125-22-049910.txt
SPX CORP,0000088205,SPXC,,10-K,2022-02-25,edgar/data/88205/0000088205-22-000013.txt
"GILEAD SCIENCES, INC.",0000882095,GILD,,10-K,2022-02-23,edgar/data/882095/0000882095-22-000007.txt
Aptose Biosciences Inc.,0000882361,APTOF,,10-K,2022-03-22,edgar/data/882361/0001171843-22-002048.txt
QUICKLOGIC Corp,0000882508,QUIK,,10-K,2022-03-22,edgar/data/882508/0001437749-22-006925.txt
BIOCRYST PHARMACEUTICALS INC,0000882796,BCRX,,10-K,2022-02-28,edgar/data/882796/0001171843-22-001460.txt
ROPER TECHNOLOGIES INC,0000882835,ROP,,10-K,2022-02-22,edgar/data/882835/0000882835-22-000012.txt
NANOPHASE TECHNOLOGIES Corp,0000883107,SLSN,,10-K,2022-03-31,edgar/data/883107/0001387131-22-004477.txt
"VIRTUS INVESTMENT PARTNERS, INC.",0000883237,VRTS,,10-K,2022-02-25,edgar/data/883237/0000883237-22-000056.txt
"Fossil Group, Inc.",0000883569,FOSL,,10-K,2022-03-10,edgar/data/883569/0000883569-22-000006.txt
"Cornerstone Building Brands, Inc.",0000883902,,,10-K,2022-03-01,edgar/data/883902/0000883902-22-000014.txt
USA TRUCK INC,0000883945,,,10-K,2022-02-17,edgar/data/883945/0000883945-22-000009.txt
Atlantic Union Bankshares Corp,0000883948,AUB-PA,,10-K,2022-02-25,edgar/data/883948/0001558370-22-002183.txt
Microbot Medical Inc.,0000883975,MBOT,,10-K,2022-03-31,edgar/data/883975/0001493152-22-008344.txt
ICU MEDICAL INC/DE,0000883984,ICUI,,10-K,2022-02-25,edgar/data/883984/0000883984-22-000014.txt
ASURE SOFTWARE INC,0000884144,ASUR,,10-K,2022-03-14,edgar/data/884144/0000884144-22-000004.txt
VIAD CORP,0000884219,PRSU,,10-K,2022-02-25,edgar/data/884219/0000950170-22-002088.txt
ALPHA PRO TECH LTD,0000884269,APT,,10-K,2022-03-11,edgar/data/884269/0001437749-22-005979.txt
"EVOLUTIONARY GENOMICS, INC.",0000884363,,,10-K,2022-03-22,edgar/data/884363/0001553350-22-000231.txt
Orthofix Medical Inc.,0000884624,OFIX,,10-K,2022-02-25,edgar/data/884624/0001564590-22-006929.txt
INFINITE GROUP INC,0000884650,,,10-K,2022-03-15,edgar/data/884650/0001654954-22-003151.txt
Primo Water Corp /CN/,0000884713,,,10-K,2022-03-02,edgar/data/884713/0000884713-22-000003.txt
ROYAL CARIBBEAN CRUISES LTD,0000884887,RCL,,10-K,2022-03-01,edgar/data/884887/0000884887-22-000008.txt
BUCKLE INC,0000885245,BKE,,10-K,2022-03-30,edgar/data/885245/0000885245-22-000009.txt
WILSON BANK HOLDING CO,0000885275,WBHC,,10-K,2022-03-15,edgar/data/885275/0001437749-22-006238.txt
STRATUS PROPERTIES INC,0000885508,STRS,,10-K,2022-03-31,edgar/data/885508/0000885508-22-000018.txt
CREDIT ACCEPTANCE CORP,0000885550,CACC,,10-K,2022-02-11,edgar/data/885550/0000885550-22-000009.txt
OLD DOMINION ELECTRIC COOPERATIVE,0000885568,,,10-K,2022-03-16,edgar/data/885568/0001564590-22-010597.txt
Bausch Health Companies Inc.,0000885590,BHC,,10-K,2022-02-23,edgar/data/885590/0000885590-22-000010.txt
KOHLS Corp,0000885639,KSS,,10-K,2022-03-17,edgar/data/885639/0000950170-22-004076.txt
BOSTON SCIENTIFIC CORP,0000885725,BSX,,10-K,2022-02-23,edgar/data/885725/0000885725-22-000006.txt
CINEMARK USA INC /TX,0000885975,,,10-K,2022-03-09,edgar/data/885975/0000950170-22-003195.txt
U S PHYSICAL THERAPY INC /NV,0000885978,USPH,,10-K,2022-03-01,edgar/data/885978/0001140361-22-007247.txt
SAGA COMMUNICATIONS INC,0000886136,SGA,,10-K,2022-03-16,edgar/data/886136/0001558370-22-003757.txt
LIGAND PHARMACEUTICALS INC,0000886163,LGNZZ,,10-K,2022-02-28,edgar/data/886163/0000886163-22-000030.txt
KADANT INC,0000886346,KAI,,10-K,2022-03-01,edgar/data/886346/0000886346-22-000018.txt
GERON CORP,0000886744,GERN,,10-K,2022-03-10,edgar/data/886744/0001564590-22-009627.txt
SUPERIOR ENERGY SERVICES INC,0000886835,,,10-K,2022-03-21,edgar/data/886835/0000950170-22-004202.txt
AVON PRODUCTS INC,0000008868,,,10-K,2022-03-10,edgar/data/8868/0000008868-22-000005.txt
GOLDMAN SACHS GROUP INC,0000886982,GSCE,,10-K,2022-02-25,edgar/data/886982/0001193125-22-052682.txt
Adamis Pharmaceuticals Corp,0000887247,,,10-K,2022-03-31,edgar/data/887247/0001387131-22-004483.txt
"COLUMBIA BANKING SYSTEM, INC.",0000887343,COLB,,10-K,2022-02-25,edgar/data/887343/0000887343-22-000038.txt
Vericel Corp,0000887359,VCEL,,10-K,2022-02-24,edgar/data/887359/0001628280-22-003661.txt
EMPIRE PETROLEUM CORP,0000887396,EP,,10-K,2022-03-31,edgar/data/887396/0001753926-22-000383.txt
CHEESECAKE FACTORY INC,0000887596,CAKE,,10-K,2022-02-22,edgar/data/887596/0001104659-22-025711.txt
LTC PROPERTIES INC,0000887905,LTC,,10-K,2022-02-17,edgar/data/887905/0001558370-22-001362.txt
INTRICON CORP,0000088790,,,10-K,2022-03-07,edgar/data/88790/0001437749-22-005395.txt
REVLON INC /DE/,0000887921,,,10-K,2022-03-03,edgar/data/887921/0000887921-22-000004.txt
"FTI CONSULTING, INC",0000887936,FCN,,10-K,2022-02-24,edgar/data/887936/0000887936-22-000013.txt
NESTOR PARTNERS,0000888471,,,10-K,2022-03-31,edgar/data/888471/0000888471-22-000002.txt
OMEGA HEALTHCARE INVESTORS INC,0000888491,OHI,,10-K,2022-02-17,edgar/data/888491/0000888491-22-000007.txt
NOCOPI TECHNOLOGIES INC/MD/,0000888981,NNUP,,10-K,2022-03-30,edgar/data/888981/0001553350-22-000259.txt
REDWOOD MORTGAGE INVESTORS VIII,0000889123,,,10-K,2022-03-31,edgar/data/889123/0000950170-22-005152.txt
LITTELFUSE INC /DE,0000889331,LFUS,,10-K,2022-02-17,edgar/data/889331/0000889331-22-000011.txt
SEMTECH CORP,0000088941,SMTC,,10-K,2022-03-16,edgar/data/88941/0000088941-22-000006.txt
"CONSUMER PORTFOLIO SERVICES, INC.",0000889609,CPSS,,10-K,2022-03-16,edgar/data/889609/0001683168-22-001705.txt
PATTERSON UTI ENERGY INC,0000889900,PTEN,,10-K,2022-02-16,edgar/data/889900/0000950170-22-001347.txt
GLEN BURNIE BANCORP,0000890066,GLBZ,,10-K,2022-03-25,edgar/data/890066/0001558370-22-004341.txt
Peraso Inc.,0000890394,PRSO,,10-K,2022-03-31,edgar/data/890394/0001564590-22-012981.txt
Vertex Energy Inc.,0000890447,,,10-K,2022-03-14,edgar/data/890447/0001628280-22-005958.txt
REVLON CONSUMER PRODUCTS CORP,0000890547,,,10-K,2022-03-03,edgar/data/890547/0000887921-22-000004.txt
ASGN Inc,0000890564,ASGN,,10-K,2022-03-01,edgar/data/890564/0000890564-22-000007.txt
"Enveric Biosciences, Inc.",0000890821,ENVB,,10-K,2022-03-31,edgar/data/890821/0001493152-22-008510.txt
SERVICE CORP INTERNATIONAL,0000089089,SCI,,10-K,2022-02-15,edgar/data/89089/0000089089-22-000012.txt
RADIAN GROUP INC,0000890926,RDN,,10-K,2022-02-25,edgar/data/890926/0000890926-22-000007.txt
MINERALS TECHNOLOGIES INC,0000891014,MTX,,10-K,2022-02-18,edgar/data/891014/0000891014-22-000009.txt
"Match Group, Inc.",0000891103,MTCH,,10-K,2022-02-24,edgar/data/891103/0000891103-22-000020.txt
"UNIVERSAL INSURANCE HOLDINGS, INC.",0000891166,UVE,,10-K,2022-02-28,edgar/data/891166/0000891166-22-000018.txt
CTI BIOPHARMA CORP,0000891293,,,10-K,2022-03-31,edgar/data/891293/0000891293-22-000010.txt
SERVOTRONICS INC /DE/,0000089140,,,10-K,2022-03-31,edgar/data/89140/0001410578-22-000760.txt
Nano Magic Holdings Inc.,0000891417,NMGX,,10-K,2022-03-30,edgar/data/891417/0001493152-22-008144.txt
FULL HOUSE RESORTS INC,0000891482,FLL,,10-K,2022-03-15,edgar/data/891482/0001558370-22-003680.txt
MANTECH INTERNATIONAL CORP,0000892537,,,10-K,2022-02-25,edgar/data/892537/0000892537-22-000007.txt
CHART INDUSTRIES INC,0000892553,GTLS,,10-K,2022-02-24,edgar/data/892553/0000892553-22-000061.txt
SANDSTON CORP,0000892832,,,10-K,2022-03-25,edgar/data/892832/0001410578-22-000504.txt
SM Energy Co,0000893538,SM,,10-K,2022-02-25,edgar/data/893538/0000893538-22-000020.txt
MASONITE INTERNATIONAL CORP,0000893691,,,10-K,2022-02-24,edgar/data/893691/0000893691-22-000014.txt
"HAWTHORN BANCSHARES, INC.",0000893847,HWBK,,10-K,2022-03-17,edgar/data/893847/0000893847-22-000011.txt
"MEDNAX, INC.",0000893949,MD,,10-K,2022-02-17,edgar/data/893949/0000950170-22-001387.txt
"Air Transport Services Group, Inc.",0000894081,,,10-K,2022-03-01,edgar/data/894081/0000894081-22-000034.txt
"Synthetic Biologics, Inc.",0000894158,TOVX,,10-K,2022-03-16,edgar/data/894158/0001410578-22-000405.txt
AEI NET LEASE INCOME & GROWTH FUND XX LIMITED PARTNERSHIP,0000894245,,,10-K,2022-03-31,edgar/data/894245/0000894245-22-000044.txt
SITE Centers Corp.,0000894315,SITC,,10-K,2022-02-24,edgar/data/894315/0001564590-22-006507.txt
DISCOVER CARD MASTER TRUST I,0000894329,,,10-K,2022-03-23,edgar/data/894329/0001193125-22-082862.txt
MUELLER INDUSTRIES INC,0000089439,MLI,,10-K,2022-02-23,edgar/data/89439/0000089439-22-000013.txt
ARCBEST CORP /DE/,0000894405,ARCB,,10-K,2022-02-25,edgar/data/894405/0001558370-22-002184.txt
"GOLD ROCK HOLDINGS, INC.",0000894501,GRHI,,10-K,2022-02-22,edgar/data/894501/0001091818-22-000025.txt
VAALCO ENERGY INC /DE/,0000894627,EGY,,10-K,2022-03-11,edgar/data/894627/0000894627-22-000035.txt
OHIO VALLEY BANC CORP,0000894671,OVBC,,10-K,2022-03-17,edgar/data/894671/0001140361-22-009818.txt
"CASI Pharmaceuticals, Inc.",0000895051,,,10-K,2022-03-28,edgar/data/895051/0001558370-22-004437.txt
CHESAPEAKE ENERGY CORP,0000895126,EXEEL,,10-K,2022-02-24,edgar/data/895126/0000895126-22-000029.txt
EQUITY LIFESTYLE PROPERTIES INC,0000895417,ELS,,10-K,2022-02-22,edgar/data/895417/0000895417-22-000009.txt
MORGAN STANLEY,0000895421,MS-PP,,10-K,2022-02-24,edgar/data/895421/0000895421-22-000400.txt
SHOE CARNIVAL INC,0000895447,SCVL,,10-K,2022-03-25,edgar/data/895447/0000950170-22-004674.txt
"ROCKY BRANDS, INC.",0000895456,RCKY,,10-K,2022-03-15,edgar/data/895456/0001437749-22-006288.txt
ENBRIDGE INC,0000895728,ENNPF,,10-K,2022-02-11,edgar/data/895728/0000895728-22-000011.txt
Chubb Ltd,0000896159,CB,,10-K,2022-02-24,edgar/data/896159/0000896159-22-000005.txt
AMEDISYS INC,0000896262,,,10-K,2022-02-24,edgar/data/896262/0000896262-22-000020.txt
USANA HEALTH SCIENCES INC,0000896264,USNA,,10-K,2022-03-01,edgar/data/896264/0001437749-22-004802.txt
"APTARGROUP, INC.",0000896622,ATR,,10-K,2022-02-18,edgar/data/896622/0000896622-22-000006.txt
"AVID TECHNOLOGY, INC.",0000896841,,,10-K,2022-03-01,edgar/data/896841/0000896841-22-000020.txt
ALAMO GROUP INC,0000897077,ALG,,10-K,2022-02-24,edgar/data/897077/0000897077-22-000007.txt
"CHICO'S FAS, INC.",0000897429,,,10-K,2022-03-15,edgar/data/897429/0000897429-22-000055.txt
AMARIN CORP PLC\UK,0000897448,AMRN,,10-K,2022-03-01,edgar/data/897448/0000950170-22-002401.txt
SHERWIN WILLIAMS CO,0000089800,SHW,,10-K,2022-02-17,edgar/data/89800/0000089800-22-000007.txt
UWHARRIE CAPITAL CORP,0000898171,UWHR,,10-K,2022-03-09,edgar/data/898171/0001564590-22-009329.txt
O REILLY AUTOMOTIVE INC,0000898173,ORLY,,10-K,2022-02-28,edgar/data/898173/0000898173-22-000012.txt
REINSURANCE GROUP OF AMERICA INC,0000898174,RZC,,10-K,2022-02-25,edgar/data/898174/0000898174-22-000005.txt
"Anika Therapeutics, Inc.",0000898437,ANIK,,10-K,2022-03-11,edgar/data/898437/0001171843-22-001790.txt
LAMAR MEDIA CORP/DE,0000899045,,,10-K,2022-02-25,edgar/data/899045/0001628280-22-003948.txt
ALLSTATE CORP,0000899051,ALL-PJ,,10-K,2022-02-18,edgar/data/899051/0000899051-22-000015.txt
"HARBOR DIVERSIFIED, INC.",0000899394,HRBR,,10-K,2022-03-30,edgar/data/899394/0001193125-22-090061.txt
MANNKIND CORP,0000899460,MNKD,,10-K,2022-02-24,edgar/data/899460/0001564590-22-006702.txt
ACADIA REALTY TRUST,0000899629,AKR,,10-K,2022-03-01,edgar/data/899629/0000950170-22-002570.txt
VORNADO REALTY TRUST,0000899689,VNO-PO,,10-K,2022-02-14,edgar/data/899689/0000899689-22-000006.txt
"TANGER FACTORY OUTLET CENTERS, INC",0000899715,SKT,,10-K,2022-02-22,edgar/data/899715/0000899715-22-000036.txt
HEALTHCARE REALTY TRUST INC,0000899749,,,10-K,2022-02-22,edgar/data/899749/0000899749-22-000019.txt
TITAN INTERNATIONAL INC,0000899751,TWI,,10-K,2022-03-03,edgar/data/899751/0000899751-22-000010.txt
MYRIAD GENETICS INC,0000899923,MYGN,,10-K,2022-02-25,edgar/data/899923/0000899923-22-000033.txt
SIERRA PACIFIC POWER CO,0000090144,,,10-K,2022-02-28,edgar/data/90144/0001081316-22-000004.txt
PAPA JOHNS INTERNATIONAL INC,0000901491,PZZA,,10-K,2022-02-24,edgar/data/901491/0001558370-22-001836.txt
BARRETT BUSINESS SERVICES INC,0000902791,BBSI,,10-K,2022-03-07,edgar/data/902791/0001564590-22-008865.txt
GENTHERM Inc,0000903129,THRM,,10-K,2022-02-17,edgar/data/903129/0001564590-22-005577.txt
ALERUS FINANCIAL CORP,0000903419,ALRS,,10-K,2022-03-11,edgar/data/903419/0001558370-22-003419.txt
INNODATA INC,0000903651,INOD,,10-K,2022-03-24,edgar/data/903651/0001410578-22-000489.txt
SIMMONS FIRST NATIONAL CORP,0000090498,SFNC,,10-K,2022-02-25,edgar/data/90498/0001628280-22-003933.txt
EQUITY RESIDENTIAL,0000906107,EQR,,10-K,2022-02-17,edgar/data/906107/0001564590-22-005566.txt
NVR INC,0000906163,NVR,,10-K,2022-02-16,edgar/data/906163/0000906163-22-000008.txt
CAMDEN PROPERTY TRUST,0000906345,CPT,,10-K,2022-02-17,edgar/data/906345/0000906345-22-000009.txt
QCR HOLDINGS INC,0000906465,QCRH,,10-K,2022-03-11,edgar/data/906465/0001558370-22-003441.txt
BOYD GAMING CORP,0000906553,BYD,,10-K,2022-02-28,edgar/data/906553/0001437749-22-004655.txt
NEKTAR THERAPEUTICS,0000906709,NKTR,,10-K,2022-03-01,edgar/data/906709/0000906709-22-000005.txt
MONARCH CASINO & RESORT INC,0000907242,MCRI,,10-K,2022-02-28,edgar/data/907242/0001558370-22-002306.txt
"SAUL CENTERS, INC.",0000907254,BFS-PE,,10-K,2022-02-24,edgar/data/907254/0000907254-22-000014.txt
"ARCA biopharma, Inc.",0000907654,ORKA,,10-K,2022-03-14,edgar/data/907654/0001564590-22-010075.txt
BORGWARNER INC,0000908255,BWA,,10-K,2022-02-15,edgar/data/908255/0000908255-22-000009.txt
Creative Media & Community Trust Corp,0000908311,CMCT,,10-K,2022-03-16,edgar/data/908311/0000908311-22-000036.txt
WINMARK CORP,0000908315,WINA,,10-K,2022-03-08,edgar/data/908315/0000908315-22-000008.txt
SIRIUS XM HOLDINGS INC.,0000908937,SIRI,,10-K,2022-02-01,edgar/data/908937/0000908937-22-000007.txt
DIAMOND HILL INVESTMENT GROUP INC,0000909108,DHIL,,10-K,2022-02-25,edgar/data/909108/0000909108-22-000019.txt
BADGER METER INC,0000009092,BMI,,10-K,2022-02-23,edgar/data/9092/0001564590-22-006284.txt
TUCOWS INC /PA/,0000909494,TCX,,10-K,2022-03-01,edgar/data/909494/0001437749-22-004915.txt
TANDY LEATHER FACTORY INC,0000909724,TLF,,10-K,2022-03-31,edgar/data/909724/0001140361-22-012320.txt
NEW YORK COMMUNITY BANCORP INC,0000910073,FLG-PA,,10-K,2022-02-25,edgar/data/910073/0000950170-22-002118.txt
LXP Industrial Trust,0000910108,LXP-PC,,10-K,2022-02-24,edgar/data/910108/0001444838-22-000004.txt
TITAN PHARMACEUTICALS INC,0000910267,,,10-K,2022-03-25,edgar/data/910267/0001410578-22-000518.txt
MEDIFAST INC,0000910329,MED,,10-K,2022-02-23,edgar/data/910329/0001628280-22-003534.txt
CAMPBELL STRATEGIC ALLOCATION FUND LP,0000910467,,,10-K,2022-03-25,edgar/data/910467/0001140361-22-011229.txt
REGENCY CENTERS CORP,0000910606,REGCP,,10-K,2022-02-17,edgar/data/910606/0000950170-22-001418.txt
CBL & ASSOCIATES PROPERTIES INC,0000910612,CBL,,10-K,2022-03-31,edgar/data/910612/0001564590-22-013053.txt
3D SYSTEMS CORP,0000910638,DDD,,10-K,2022-03-01,edgar/data/910638/0000910638-22-000013.txt
CENTURY CASINOS INC /CO/,0000911147,CNTY,,10-K,2022-03-08,edgar/data/911147/0000911147-22-000008.txt
CASELLA WASTE SYSTEMS INC,0000911177,CWST,,10-K,2022-02-18,edgar/data/911177/0000911177-22-000009.txt
SMITH A O CORP,0000091142,AOS,,10-K,2022-02-11,edgar/data/91142/0000091142-22-000028.txt
NATURAL HEALTH TRENDS CORP,0000912061,NHTC,,10-K,2022-02-25,edgar/data/912061/0001437749-22-004467.txt
MACERICH CO,0000912242,MAC,,10-K,2022-02-25,edgar/data/912242/0000912242-22-000003.txt
GUESS INC,0000912463,,,10-K,2022-03-24,edgar/data/912463/0000912463-22-000048.txt
"GIBRALTAR INDUSTRIES, INC.",0000912562,ROCK,,10-K,2022-02-23,edgar/data/912562/0000912562-22-000009.txt
SUN COMMUNITIES INC,0000912593,SUI,,10-K,2022-02-22,edgar/data/912593/0000912593-22-000039.txt
MID AMERICA APARTMENT COMMUNITIES INC.,0000912595,MAA-PI,,10-K,2022-02-17,edgar/data/912595/0000950170-22-001423.txt
FORWARD AIR CORP,0000912728,FWRD,,10-K,2022-03-01,edgar/data/912728/0001628280-22-004570.txt
SINCLAIR BROADCAST GROUP INC,0000912752,,,10-K,2022-03-01,edgar/data/912752/0000912752-22-000024.txt
"LAUREATE EDUCATION, INC.",0000912766,LAUR,,10-K,2022-02-24,edgar/data/912766/0001628280-22-003638.txt
UFP INDUSTRIES INC,0000912767,UFPI,,10-K,2022-02-23,edgar/data/912767/0001558370-22-001761.txt
BELDEN INC.,0000913142,BDC,,10-K,2022-02-15,edgar/data/913142/0000913142-22-000007.txt
RENAISSANCERE HOLDINGS LTD,0000913144,RNR-PG,,10-K,2022-02-04,edgar/data/913144/0000913144-22-000015.txt
"STEVEN MADDEN, LTD.",0000913241,SHOO,,10-K,2022-03-01,edgar/data/913241/0001628280-22-004561.txt
Clarus Corp,0000913277,CLAR,,10-K,2022-03-07,edgar/data/913277/0001104659-22-031076.txt
C & F FINANCIAL CORP,0000913341,CFFI,,10-K,2022-03-01,edgar/data/913341/0000913341-22-000012.txt
PARKERVISION INC,0000914139,PRKR,,10-K,2022-03-29,edgar/data/914139/0000914139-22-000007.txt
UFP TECHNOLOGIES INC,0000914156,UFPT,,10-K,2022-03-14,edgar/data/914156/0001171843-22-001850.txt
Invesco Ltd.,0000914208,IVZ,,10-K,2022-02-18,edgar/data/914208/0000914208-22-000319.txt
Snap-on Inc,0000091440,SNA,,10-K,2022-02-11,edgar/data/91440/0000091440-22-000005.txt
NEUROCRINE BIOSCIENCES INC,0000914475,NBIX,,10-K,2022-02-11,edgar/data/914475/0000914475-22-000013.txt
EVEREST REINSURANCE HOLDINGS INC,0000914748,,,10-K,2022-03-28,edgar/data/914748/0000914748-22-000002.txt
EASTMAN CHEMICAL CO,0000915389,EMN,,10-K,2022-02-25,edgar/data/915389/0000915389-22-000010.txt
KEYCORP /NEW/,0000091576,KEY-PL,,10-K,2022-02-22,edgar/data/91576/0000091576-22-000029.txt
AVALONBAY COMMUNITIES INC,0000915912,AVB,,10-K,2022-02-25,edgar/data/915912/0000915912-22-000005.txt
ALBEMARLE CORP,0000915913,ALB-PA,,10-K,2022-02-22,edgar/data/915913/0000915913-22-000027.txt
MARTIN MARIETTA MATERIALS INC,0000916076,MLM,,10-K,2022-02-22,edgar/data/916076/0001564590-22-005965.txt
TRACTOR SUPPLY CO /DE/,0000916365,TSCO,,10-K,2022-02-17,edgar/data/916365/0000916365-22-000049.txt
DARLING INGREDIENTS INC.,0000916540,DAR,,10-K,2022-03-01,edgar/data/916540/0000916540-22-000006.txt
SOLITARIO ZINC CORP.,0000917225,XPL,,10-K,2022-03-30,edgar/data/917225/0001654954-22-004166.txt
AGREE REALTY CORP,0000917251,ADC-PA,,10-K,2022-02-22,edgar/data/917251/0001558370-22-001606.txt
RAMBUS INC,0000917273,RMBS,,10-K,2022-02-28,edgar/data/917273/0000917273-22-000010.txt
OLYMPIC STEEL INC,0000917470,ZEUS,,10-K,2022-02-25,edgar/data/917470/0001437749-22-004464.txt
FARO TECHNOLOGIES INC,0000917491,,,10-K,2022-02-16,edgar/data/917491/0001628280-22-002858.txt
INTEGRA LIFESCIENCES HOLDINGS CORP,0000917520,IART,,10-K,2022-02-24,edgar/data/917520/0000917520-22-000010.txt
SONOCO PRODUCTS CO,0000091767,SON,,10-K,2022-02-28,edgar/data/91767/0000091767-22-000014.txt
NN INC,0000918541,NNBR,,10-K,2022-03-11,edgar/data/918541/0000918541-22-000039.txt
"DOMINION ENERGY SOUTH CAROLINA, INC.",0000091882,,,10-K,2022-02-24,edgar/data/91882/0001564590-22-006597.txt
AMERICAN EAGLE OUTFITTERS INC,0000919012,AEO,,10-K,2022-03-14,edgar/data/919012/0000950170-22-003587.txt
SOUTH JERSEY INDUSTRIES INC,0000091928,,,10-K,2022-02-24,edgar/data/91928/0000091928-22-000010.txt
Finward Bancorp,0000919864,FNWD,,10-K,2022-03-30,edgar/data/919864/0001437749-22-007690.txt
HEARTLAND FINANCIAL USA INC,0000920112,,,10-K,2022-02-24,edgar/data/920112/0000920112-22-000054.txt
LABORATORY CORP OF AMERICA HOLDINGS,0000920148,LH,,10-K,2022-02-25,edgar/data/920148/0000920148-22-000015.txt
"Simpson Manufacturing Co., Inc.",0000920371,SSD,,10-K,2022-02-28,edgar/data/920371/0000920371-22-000056.txt
UNITY BANCORP INC /NJ/,0000920427,UNTY,,10-K,2022-03-11,edgar/data/920427/0000920427-22-000012.txt
LA JOLLA PHARMACEUTICAL CO,0000920465,,,10-K,2022-03-09,edgar/data/920465/0001564590-22-009182.txt
"ESSEX PROPERTY TRUST, INC.",0000920522,ESS,,10-K,2022-02-25,edgar/data/920522/0000920522-22-000019.txt
LENNAR CORP /NEW/,0000920760,LEN-B,,10-K,2022-01-28,edgar/data/920760/0001628280-22-001450.txt
SOUTHERN CALIFORNIA EDISON Co,0000092103,SCE-PN,,10-K,2022-02-24,edgar/data/92103/0000827052-22-000006.txt
SOUTHERN CALIFORNIA EDISON Co,0000092103,SCE-PN,,10-K,2022-03-31,edgar/data/92103/0001193125-22-090620.txt
"HIGHWOODS PROPERTIES, INC.",0000921082,HIW,,10-K,2022-02-08,edgar/data/921082/0000921082-22-000006.txt
SOUTHERN CALIFORNIA GAS CO,0000092108,SOCGM,,10-K,2022-02-25,edgar/data/92108/0001032208-22-000007.txt
"Armata Pharmaceuticals, Inc.",0000921114,ARMP,,10-K,2022-03-17,edgar/data/921114/0001558370-22-003845.txt
Golden State Water CO,0000092116,,,10-K,2022-02-22,edgar/data/92116/0001056903-22-000022.txt
HMN FINANCIAL INC,0000921183,,,10-K,2022-03-04,edgar/data/921183/0001437749-22-005281.txt
SOUTHERN CO,0000092122,SOJF,,10-K,2022-02-17,edgar/data/92122/0000092122-22-000003.txt
FIBROGEN INC,0000921299,KYNB,,10-K,2022-02-28,edgar/data/921299/0001564590-22-007632.txt
REPUBLIC BANCORP INC /KY/,0000921557,RBCAA,,10-K,2022-03-01,edgar/data/921557/0001558370-22-002537.txt
IMAX CORP,0000921582,IMAX,,10-K,2022-02-24,edgar/data/921582/0001564590-22-006399.txt
SSR MINING INC.,0000921638,SSRGF,,10-K,2022-02-23,edgar/data/921638/0000921638-22-000059.txt
PENN NATIONAL GAMING INC,0000921738,PENN,,10-K,2022-02-28,edgar/data/921738/0000921738-22-000011.txt
FIRST INDUSTRIAL REALTY TRUST INC,0000921825,FR,,10-K,2022-02-18,edgar/data/921825/0000921825-22-000011.txt
CITIBANK CREDIT CARD MASTER TRUST I,0000921864,,,10-K,2022-03-30,edgar/data/921864/0001193125-22-089155.txt
PPL Corp,0000922224,PPL,,10-K,2022-02-18,edgar/data/922224/0000922224-22-000005.txt
"Cyclo Therapeutics, Inc.",0000922247,,,10-K,2022-03-11,edgar/data/922247/0001437749-22-006039.txt
TRUIST FINANCIAL CORP,0000092230,TFC-PR,,10-K,2022-02-23,edgar/data/92230/0000092230-22-000008.txt
FALCONSTOR SOFTWARE INC,0000922521,FALC,,10-K,2022-03-11,edgar/data/922521/0001628280-22-005808.txt
ERIE INDEMNITY CO,0000922621,ERIE,,10-K,2022-02-24,edgar/data/922621/0000922621-22-000013.txt
APARTMENT INVESTMENT & MANAGEMENT CO,0000922864,AIV,,10-K,2022-03-01,edgar/data/922864/0001564590-22-008111.txt
CAPITAL ONE MASTER TRUST,0000922869,,,10-K,2022-03-25,edgar/data/922869/0001162387-22-000007.txt
FLUSHING FINANCIAL CORP,0000923139,FFIC,,10-K,2022-03-07,edgar/data/923139/0001558370-22-002972.txt
US XPRESS ENTERPRISES INC,0000923571,,,10-K,2022-03-01,edgar/data/923571/0001558370-22-002527.txt
GEO GROUP INC,0000923796,GEO,,10-K,2022-02-28,edgar/data/923796/0001564590-22-007652.txt
SOUTHWEST AIRLINES CO,0000092380,LUV,,10-K,2022-02-07,edgar/data/92380/0000092380-22-000007.txt
"ENERGY FOCUS, INC/DE",0000924168,EFOI,,10-K,2022-03-17,edgar/data/924168/0000924168-22-000023.txt
SOUTHWEST GAS CORP,0000092416,,,10-K,2022-03-01,edgar/data/92416/0001692115-22-000005.txt
GUIDED THERAPEUTICS INC,0000924515,GTHP,,10-K,2022-03-30,edgar/data/924515/0001477932-22-001704.txt
SMITH MIDLAND CORP,0000924719,SMID,,10-K,2022-03-31,edgar/data/924719/0001654954-22-004286.txt
MILLER INDUSTRIES INC /TN/,0000924822,MLR,,10-K,2022-03-09,edgar/data/924822/0000924822-22-000013.txt
SOUTHWESTERN ELECTRIC POWER CO,0000092487,,,10-K,2022-02-24,edgar/data/92487/0000004904-22-000024.txt
"Veris Residential, Inc.",0000924901,VRE,,10-K,2022-02-23,edgar/data/924901/0001562762-22-000051.txt
SOUTHWESTERN PUBLIC SERVICE CO,0000092521,,,10-K,2022-02-23,edgar/data/92521/0000092521-22-000003.txt
HUDSON TECHNOLOGIES INC /NY,0000925528,HDSN,,10-K,2022-03-24,edgar/data/925528/0001410578-22-000491.txt
FLEXPOINT SENSOR SYSTEMS INC,0000925660,,,10-K,2022-03-31,edgar/data/925660/0001548123-22-000042.txt
"BioCardia, Inc.",0000925741,BCDA,,10-K,2022-03-29,edgar/data/925741/0001437749-22-007544.txt
ADTRAN INC,0000926282,ADTN,,10-K,2022-02-25,edgar/data/926282/0000950170-22-002054.txt
"OMNICELL, Inc",0000926326,OMCL,,10-K,2022-02-25,edgar/data/926326/0000926326-22-000007.txt
Aspira Women's Health Inc.,0000926617,AWHL,,10-K,2022-03-31,edgar/data/926617/0000926617-22-000014.txt
"Apartment Income REIT, L.P.",0000926660,,,10-K,2022-03-01,edgar/data/926660/0000950170-22-002462.txt
ADVANCED ENERGY INDUSTRIES INC,0000927003,AEIS,,10-K,2022-03-16,edgar/data/927003/0001558370-22-003725.txt
DAVITA INC.,0000927066,DVA,,10-K,2022-02-11,edgar/data/927066/0000927066-22-000012.txt
CAPITAL ONE FINANCIAL CORP,0000927628,COF-PN,,10-K,2022-02-25,edgar/data/927628/0000927628-22-000106.txt
MYMETICS CORP,0000927761,,,10-K,2022-03-31,edgar/data/927761/0001654954-22-004347.txt
Callon Petroleum Co,0000928022,,,10-K,2022-02-24,edgar/data/928022/0000928022-22-000027.txt
FLOTEK INDUSTRIES INC/CN/,0000928054,FTK,,10-K,2022-03-31,edgar/data/928054/0000928054-22-000071.txt
Consolidated Water Co. Ltd.,0000928340,CWCO,,10-K,2022-03-29,edgar/data/928340/0001558370-22-004635.txt
MIDAMERICAN ENERGY CO,0000928576,,,10-K,2022-02-28,edgar/data/928576/0001081316-22-000004.txt
"COVENANT LOGISTICS GROUP, INC.",0000928658,CVLG,,10-K,2022-02-28,edgar/data/928658/0001437749-22-004571.txt
PILLARSTONE CAPITAL REIT,0000928953,,,10-K,2022-03-30,edgar/data/928953/0000928953-22-000005.txt
WESCO INTERNATIONAL INC,0000929008,WCC,,10-K,2022-02-25,edgar/data/929008/0000929008-22-000009.txt
"CONDOR HOSPITALITY TRUST, INC.",0000929545,,,10-K,2022-02-04,edgar/data/929545/0000929545-22-000004.txt
REDWOOD TRUST INC,0000930236,RWTO,,10-K,2022-02-25,edgar/data/930236/0001628280-22-004027.txt
GLOBAL ACQUISITIONS Corp,0000930245,AASP,,10-K,2022-03-08,edgar/data/930245/0001472375-22-000023.txt
KFORCE INC,0000930420,KFRC,,10-K,2022-02-25,edgar/data/930420/0000930420-22-000027.txt
Polaris Inc.,0000931015,PII,,10-K,2022-02-15,edgar/data/931015/0001628280-22-002730.txt
GRAFTECH INTERNATIONAL LTD,0000931148,EAF,,10-K,2022-02-22,edgar/data/931148/0000931148-22-000027.txt
ERP OPERATING LTD PARTNERSHIP,0000931182,,,10-K,2022-02-17,edgar/data/931182/0001564590-22-005566.txt
UNIVERSAL STAINLESS & ALLOY PRODUCTS INC,0000931584,,,10-K,2022-02-17,edgar/data/931584/0001564590-22-005590.txt
AEI INCOME & GROWTH FUND XXI LTD PARTNERSHIP,0000931755,XXAAU,,10-K,2022-03-31,edgar/data/931755/0000894245-22-000034.txt
INSIGHT ENTERPRISES INC,0000932696,NSIT,,10-K,2022-02-18,edgar/data/932696/0001628280-22-003153.txt
BALCHEM CORP,0000009326,BCPC,,10-K,2022-02-24,edgar/data/9326/0001628280-22-003669.txt
FIRST COMMUNITY CORP /SC/,0000932781,FCCO,,10-K,2022-03-16,edgar/data/932781/0001552781-22-000252.txt
RENT A CENTER INC DE,0000933036,UPBD,,10-K,2022-02-28,edgar/data/933036/0000933036-22-000046.txt
Mr. Cooper Group Inc.,0000933136,,,10-K,2022-02-17,edgar/data/933136/0000933136-22-000008.txt
VOLITIONRX LTD,0000093314,VNRX,,10-K,2022-03-30,edgar/data/93314/0001477932-22-001740.txt
ENGLOBAL CORP,0000933738,,,10-K,2022-03-11,edgar/data/933738/0001654954-22-002983.txt
"STANDARD MOTOR PRODUCTS, INC.",0000093389,SMP,,10-K,2022-02-23,edgar/data/93389/0001140361-22-006370.txt
374Water Inc.,0000933972,SCWO,,10-K,2022-03-01,edgar/data/933972/0001654954-22-002303.txt
CHEVRON CORP,0000093410,CVX,,10-K,2022-02-24,edgar/data/93410/0000093410-22-000019.txt
AMERICAN CHURCH MORTGAGE CO,0000934543,,,10-K,2022-03-29,edgar/data/934543/0000934543-22-000022.txt
ACACIA RESEARCH CORP,0000934549,ACTG,,10-K,2022-03-31,edgar/data/934549/0000934549-22-000006.txt
"BURLINGTON NORTHERN SANTA FE, LLC",0000934612,,,10-K,2022-02-28,edgar/data/934612/0000934612-22-000005.txt
"ACI WORLDWIDE, INC.",0000935036,ACIW,,10-K,2022-02-24,edgar/data/935036/0000935036-22-000010.txt
NATIONAL INSTRUMENTS CORP,0000935494,,,10-K,2022-02-22,edgar/data/935494/0000935494-22-000007.txt
"STANLEY BLACK & DECKER, INC.",0000093556,SWK,,10-K,2022-02-22,edgar/data/93556/0000093556-22-000015.txt
"DOLLAR TREE, INC.",0000935703,DLTR,,10-K,2022-03-15,edgar/data/935703/0000935703-22-000020.txt
DTE ENERGY CO,0000936340,DTG,,10-K,2022-02-10,edgar/data/936340/0000936340-22-000077.txt
LOCKHEED MARTIN CORP,0000936468,LMT,,10-K,2022-01-25,edgar/data/936468/0000936468-22-000008.txt
"TRINET GROUP, INC.",0000937098,TNET,,10-K,2022-02-14,edgar/data/937098/0000937098-22-000048.txt
STATE STREET CORP,0000093751,STT-PG,,10-K,2022-02-17,edgar/data/93751/0000093751-22-000424.txt
MASIMO CORP,0000937556,MASI,,10-K,2022-02-16,edgar/data/937556/0000937556-22-000031.txt
METROPOLITAN LIFE INSURANCE CO,0000937834,,,10-K,2022-03-07,edgar/data/937834/0000937834-22-000029.txt
BALL Corp,0000009389,BALL,,10-K,2022-02-16,edgar/data/9389/0001558370-22-001251.txt
"EXELIXIS, INC.",0000939767,EXEL,,10-K,2022-02-18,edgar/data/939767/0000939767-22-000026.txt
STEPAN CO,0000094049,SCL,,10-K,2022-02-25,edgar/data/94049/0001564590-22-006982.txt
"Hub Group, Inc.",0000940942,HUBG,,10-K,2022-02-25,edgar/data/940942/0000950170-22-002100.txt
HIGHWOODS REALTY LTD PARTNERSHIP,0000941713,,,10-K,2022-02-08,edgar/data/941713/0000921082-22-000006.txt
TAITRON COMPONENTS INC,0000942126,TAIT,,10-K,2022-03-31,edgar/data/942126/0001185185-22-000366.txt
AUTOSCOPE TECHNOLOGIES CORP,0000943034,AATC,,10-K,2022-03-22,edgar/data/943034/0000897101-22-000298.txt
STEWART INFORMATION SERVICES CORP,0000094344,STC,,10-K,2022-02-28,edgar/data/94344/0000094344-22-000006.txt
WESTINGHOUSE AIR BRAKE TECHNOLOGIES CORP,0000943452,WAB,,10-K,2022-02-17,edgar/data/943452/0001628280-22-002997.txt
"SOCKET MOBILE, INC.",0000944075,SCKT,,10-K,2022-03-31,edgar/data/944075/0000944075-22-000022.txt
"MINISTRY PARTNERS INVESTMENT COMPANY, LLC",0000944130,,,10-K,2022-03-23,edgar/data/944130/0000944130-22-000014.txt
"CBIZ, Inc.",0000944148,CBZ,,10-K,2022-02-25,edgar/data/944148/0001628280-22-003965.txt
"LIFE STORAGE, INC.",0000944314,,,10-K,2022-02-25,edgar/data/944314/0000950170-22-002120.txt
GSE SYSTEMS INC,0000944480,,,10-K,2022-03-31,edgar/data/944480/0001140361-22-012368.txt
"HANOVER INSURANCE GROUP, INC.",0000944695,THG,,10-K,2022-02-25,edgar/data/944695/0001564590-22-006789.txt
"CIVISTA BANCSHARES, INC.",0000944745,CIVB,,10-K,2022-03-15,edgar/data/944745/0001193125-22-076022.txt
"OPKO HEALTH, INC.",0000944809,OPK,,10-K,2022-03-01,edgar/data/944809/0000944809-22-000009.txt
GLOBAL INDUSTRIAL Co,0000945114,GIC,,10-K,2022-03-17,edgar/data/945114/0000945114-22-000009.txt
Service Properties Trust,0000945394,SVC,,10-K,2022-02-24,edgar/data/945394/0000945394-22-000015.txt
DENBURY INC,0000945764,,,10-K,2022-02-25,edgar/data/945764/0000945764-22-000013.txt
POOL CORP,0000945841,POOL,,10-K,2022-02-25,edgar/data/945841/0000945841-22-000023.txt
"Wayside Technology Group, Inc.",0000945983,CLMB,,10-K,2022-03-09,edgar/data/945983/0001558370-22-003146.txt
TIAA REAL ESTATE ACCOUNT,0000946155,,,10-K,2022-03-10,edgar/data/946155/0001628280-22-005665.txt
"BALLANTYNE STRONG, INC.",0000946454,,,10-K,2022-03-24,edgar/data/946454/0001493152-22-007686.txt
WINDTREE THERAPEUTICS INC /DE/,0000946486,WINTW,,10-K,2022-03-31,edgar/data/946486/0001437749-22-007757.txt
RETRACTABLE TECHNOLOGIES INC,0000946563,RVP,,10-K,2022-03-31,edgar/data/946563/0001558370-22-004880.txt
AIM ImmunoTech Inc.,0000946644,AIM,,10-K,2022-03-31,edgar/data/946644/0001493152-22-008324.txt
PREMIER FINANCIAL CORP,0000946647,,,10-K,2022-03-01,edgar/data/946647/0000950170-22-002441.txt
BANNER CORP,0000946673,BANR,,10-K,2022-02-24,edgar/data/946673/0000946673-22-000004.txt
BALTIMORE GAS & ELECTRIC CO,0000009466,,,10-K,2022-02-25,edgar/data/9466/0001109357-22-000039.txt
ARCH CAPITAL GROUP LTD.,0000947484,ACGLN,,10-K,2022-02-25,edgar/data/947484/0000947484-22-000015.txt
FIRST BANCSHARES INC /MS/,0000947559,,,10-K,2022-03-11,edgar/data/947559/0001410578-22-000350.txt
"LifeMD, Inc.",0000948320,LFMDP,,10-K,2022-03-07,edgar/data/948320/0001493152-22-006182.txt
LEVI STRAUSS & CO,0000094845,LEVI,,10-K,2022-01-26,edgar/data/94845/0000094845-22-000010.txt
"SMITH MICRO SOFTWARE, INC.",0000948708,SMSI,,10-K,2022-03-11,edgar/data/948708/0001564590-22-009851.txt
"DIAMOND OFFSHORE DRILLING, INC.",0000949039,,,10-K,2022-03-07,edgar/data/949039/0000950170-22-003014.txt
CENTURY ALUMINUM CO,0000949157,CENX,,10-K,2022-02-25,edgar/data/949157/0000949157-22-000024.txt
"ACHIEVE LIFE SCIENCES, INC.",0000949858,ACHV,,10-K,2022-03-10,edgar/data/949858/0001564590-22-009485.txt
BOSTON BEER CO INC,0000949870,SAM,,10-K,2022-02-22,edgar/data/949870/0000950170-22-001616.txt
INCOME OPPORTUNITY REALTY INVESTORS INC /TX/,0000949961,IOR,,10-K,2022-03-25,edgar/data/949961/0001387131-22-003959.txt
STURM RUGER & CO INC,0000095029,RGR,,10-K,2022-02-23,edgar/data/95029/0001174947-22-000269.txt
SUPERIOR INDUSTRIES INTERNATIONAL INC,0000095552,,,10-K,2022-03-03,edgar/data/95552/0001564590-22-008510.txt
"SUPERIOR GROUP OF COMPANIES, INC.",0000095574,SGC,,10-K,2022-03-23,edgar/data/95574/0001437749-22-006982.txt
SYNALLOY CORP,0000095953,ACNT,,10-K,2022-03-29,edgar/data/95953/0000095953-22-000037.txt
Jefferies Financial Group Inc.,0000096223,JEF,,10-K,2022-01-28,edgar/data/96223/0000096223-22-000006.txt
TAMPA ELECTRIC CO,0000096271,,,10-K,2022-02-14,edgar/data/96271/0000950170-22-001145.txt
TEJON RANCH CO,0000096869,TRC,,10-K,2022-03-03,edgar/data/96869/0000096869-22-000005.txt
TELEFLEX INC,0000096943,TFX,,10-K,2022-03-01,edgar/data/96943/0000096943-22-000016.txt
TENNANT CO,0000097134,TNC,,10-K,2022-02-24,edgar/data/97134/0001437749-22-004272.txt
"TERADYNE, INC",0000097210,TER,,10-K,2022-02-23,edgar/data/97210/0001193125-22-049828.txt
TEREX CORP,0000097216,TEX,,10-K,2022-02-11,edgar/data/97216/0000097216-22-000013.txt
TEXAS INSTRUMENTS INC,0000097476,TXN,,10-K,2022-02-04,edgar/data/97476/0000097476-22-000009.txt
THERMO FISHER SCIENTIFIC INC.,0000097745,TMO,,10-K,2022-02-24,edgar/data/97745/0000097745-22-000011.txt
TIDEWATER INC,0000098222,TDGMW,,10-K,2022-03-09,edgar/data/98222/0001437749-22-005725.txt
TIMKEN CO,0000098362,TKR,,10-K,2022-02-15,edgar/data/98362/0000098362-22-000022.txt
TOOTSIE ROLL INDUSTRIES INC,0000098677,TROLB,,10-K,2022-03-01,edgar/data/98677/0001558370-22-002480.txt
"TRANSCONTINENTAL GAS PIPE LINE COMPANY, LLC",0000099250,,,10-K,2022-02-28,edgar/data/99250/0000099250-22-000004.txt
TRINITY INDUSTRIES INC,0000099780,TRN,,10-K,2022-02-17,edgar/data/99780/0000099780-22-000013.txt
BARNES GROUP INC,0000009984,,,10-K,2022-02-22,edgar/data/9984/0000009984-22-000047.txt
