Company Name,CIK,Form Type,Date Filed,Filename
NICHOLAS FINANCIAL INC,0001000045,10-K,2011-06-14,edgar/data/1000045/0001193125-11-164700.txt
BROADWAY FINANCIAL CORP \DE\,0001001171,10-K,2011-04-14,edgar/data/1001171/0001193125-11-097797.txt
MGT CAPITAL INVESTMENTS INC,0001001601,10-K,2011-04-15,edgar/data/1001601/0001144204-11-022325.txt
INVESTORS CAPITAL HOLDINGS LTD,0001001871,10-K,2011-05-20,edgar/data/1001871/0001001871-11-000014.txt
"NetApp, Inc.",0001002047,10-K,2011-06-23,edgar/data/1002047/0001193125-11-171858.txt
WESTELL TECHNOLOGIES INC,0001002135,10-K,2011-06-02,edgar/data/1002135/0001193125-11-157274.txt
PERFORMANCE TECHNOLOGIES INC \DE\,0001003950,10-K,2011-04-01,edgar/data/1003950/0001003950-11-000015.txt
GILLA INC.,0001004411,10-K,2011-04-15,edgar/data/1004411/0001354488-11-001207.txt
AMERICAN WAGERING INC,0001005214,10-K,2011-05-18,edgar/data/1005214/0001047469-11-005291.txt
COLUMBUS MCKINNON CORP,0001005229,10-K,2011-05-27,edgar/data/1005229/0001140361-11-030365.txt
"EURO GROUP OF COMPANIES, INC.",0001005663,10-K,2011-06-09,edgar/data/1005663/0001000096-11-000156.txt
"IO World Media, Inc",0001005758,10-K,2011-04-18,edgar/data/1005758/0001013762-11-001067.txt
ARGAN INC,0000100591,10-K,2011-04-14,edgar/data/100591/0000950123-11-035642.txt
NORTHERN CALIFORNIA BANCORP INC,0001006820,10-K,2011-04-13,edgar/data/1006820/0001104659-11-019898.txt
STREAMLINE HEALTH SOLUTIONS INC.,0001008586,10-K,2011-04-13,edgar/data/1008586/0000950123-11-035327.txt
CAPSTONE TURBINE Corp,0001009759,10-K,2011-06-14,edgar/data/1009759/0001047469-11-005842.txt
"American Fiber Green Products, Inc.",0001009925,10-K,2011-04-15,edgar/data/1009925/0001471242-11-000083.txt
CHINA LONGYI GROUP INTERNATIONAL HOLDINGS LTD,0001010566,10-K,2011-04-15,edgar/data/1010566/0001204459-11-001062.txt
99 CENTS ONLY STORES,0001011290,10-K,2011-05-26,edgar/data/1011290/0001140361-11-030040.txt
TRIMOL GROUP INC,0001011733,10-K,2011-04-05,edgar/data/1011733/0001144204-11-020165.txt
AMARILLO BIOSCIENCES INC,0001014763,10-K,2011-04-12,edgar/data/1014763/0001014763-11-000005.txt
RETROSPETTIVA INC,0001015383,10-K,2011-04-14,edgar/data/1015383/0001079973-11-000299.txt
CARVER BANCORP INC,0001016178,10-K,2011-06-30,edgar/data/1016178/0001016178-11-000012.txt
DIGITAL CREATIVE DEVELOPMENT CORP,0001016951,10-K,2011-05-27,edgar/data/1016951/0001213900-11-002948.txt
DIGITAL CREATIVE DEVELOPMENT CORP,0001016951,10-K,2011-06-15,edgar/data/1016951/0001213900-11-003272.txt
HOT TOPIC INC /CA/,0001017712,10-K,2011-04-06,edgar/data/1017712/0001157523-11-001918.txt
SEACHANGE INTERNATIONAL INC,0001019671,10-K,2011-04-14,edgar/data/1019671/0001144204-11-022072.txt
PURADYN FILTER TECHNOLOGIES INC,0001019787,10-K,2011-04-08,edgar/data/1019787/0000897101-11-000628.txt
INX Inc,0001020017,10-K,2011-06-03,edgar/data/1020017/0001437749-11-003811.txt
UNIVERSAL CORP /VA/,0000102037,10-K,2011-05-26,edgar/data/102037/0001144204-11-032627.txt
ROOMLINX INC,0001021096,10-K,2011-04-01,edgar/data/1021096/0001188112-11-000859.txt
UNIVERSAL SECURITY INSTRUMENTS INC,0000102109,10-K,2011-06-28,edgar/data/102109/0001144204-11-037844.txt
TRIUMPH GROUP INC,0001021162,10-K,2011-05-18,edgar/data/1021162/0001047469-11-005289.txt
"Clean Slate, Inc.",0001021282,10-K,2011-04-07,edgar/data/1021282/0001463967-11-000082.txt
"EASTERN LIGHT CAPITAL, INC.",0001021422,10-K,2011-04-15,edgar/data/1021422/0001079973-11-000313.txt
EPLUS INC,0001022408,10-K,2011-06-10,edgar/data/1022408/0001022408-11-000019.txt
"Atrinsic, Inc.",0001022899,10-K,2011-04-07,edgar/data/1022899/0001144204-11-020599.txt
alpha-En Corp,0001023298,10-K,2011-04-01,edgar/data/1023298/0001144204-11-019713.txt
8X8 INC /DE/,0001023731,10-K,2011-05-23,edgar/data/1023731/0001136261-11-000334.txt
MONEYLOGIX GROUP INC.,0001024048,10-K,2011-04-15,edgar/data/1024048/0001144204-11-022557.txt
"CANNABIS SCIENCE, INC.",0001024626,10-K,2011-04-15,edgar/data/1024626/0001517126-11-000016.txt
ZAP,0001024628,10-K,2011-04-15,edgar/data/1024628/0001072613-11-000385.txt
AMSCAN HOLDINGS INC,0001024729,10-K,2011-04-13,edgar/data/1024729/0000950123-11-035311.txt
Fuelstream INC,0001024920,10-K,2011-04-15,edgar/data/1024920/0001391609-11-000178.txt
EARTHSTONE ENERGY INC,0000010254,10-K,2011-06-16,edgar/data/10254/0001000096-11-000167.txt
TILDEN ASSOCIATES INC,0001027484,10-K,2011-04-15,edgar/data/1027484/0001019056-11-000436.txt
HYPERVIEW LTD.,0001028536,10-K,2011-04-15,edgar/data/1028536/0001140361-11-022232.txt
MOBILE AREA NETWORKS INC,0001029454,10-K,2011-04-15,edgar/data/1029454/0000943440-11-000168.txt
China Fruits Corportion,0001029802,10-K,2011-04-15,edgar/data/1029802/0001264931-11-000176.txt
WORLDGATE COMMUNICATIONS INC,0001030058,10-K,2011-04-05,edgar/data/1030058/0001144204-11-020264.txt
MEADE INSTRUMENTS CORP,0001032067,10-K,2011-05-31,edgar/data/1032067/0000950123-11-055398.txt
LOGITECH INTERNATIONAL SA,0001032975,10-K,2011-05-27,edgar/data/1032975/0001193125-11-153485.txt
FIRST ROBINSON FINANCIAL CORP,0001035991,10-K,2011-06-27,edgar/data/1035991/0001144204-11-037636.txt
WAYNE SAVINGS BANCSHARES INC /DE/,0001036030,10-K,2011-06-13,edgar/data/1036030/0000914317-11-000876.txt
QAD INC,0001036188,10-K,2011-04-15,edgar/data/1036188/0001140361-11-022131.txt
WWA GROUP INC,0001036478,10-K,2011-04-15,edgar/data/1036478/0001211524-11-000071.txt
POLO RALPH LAUREN CORP,0001037038,10-K,2011-05-26,edgar/data/1037038/0000950123-11-054456.txt
AURORA GOLD CORP,0001037049,10-K,2011-04-15,edgar/data/1037049/0001140361-11-022286.txt
ALEXANDERS J CORP,0000103884,10-K,2011-04-04,edgar/data/103884/0001157523-11-001880.txt
PETMED EXPRESS INC,0001040130,10-K,2011-05-31,edgar/data/1040130/0000943440-11-000276.txt
FOUR OAKS FINCORP INC,0001040799,10-K,2011-05-16,edgar/data/1040799/0001157523-11-003177.txt
RIVERVIEW BANCORP INC,0001041368,10-K,2011-06-08,edgar/data/1041368/0000939057-11-000165.txt
MIRENCO INC,0001041609,10-K,2011-04-14,edgar/data/1041609/0001041609-11-000006.txt
COMMONWEALTH BIOTECHNOLOGIES INC,0001042418,10-K,2011-05-04,edgar/data/1042418/0001193125-11-125755.txt
CPC OF AMERICA INC,0001042728,10-K,2011-04-15,edgar/data/1042728/0001019687-11-001217.txt
ENVIRO VORAXIAL TECHNOLOGY INC,0001043894,10-K,2011-04-21,edgar/data/1043894/0001099910-11-000081.txt
CALAIS RESOURCES INC,0001044650,10-K,2011-05-09,edgar/data/1044650/0000949353-11-000118.txt
CALAIS RESOURCES INC,0001044650,10-K,2011-06-13,edgar/data/1044650/0000949353-11-000163.txt
CALAIS RESOURCES INC,0001044650,10-K,2011-06-23,edgar/data/1044650/0000949353-11-000187.txt
FIRST COLOMBIA GOLD CORP.,0001045929,10-K,2011-05-25,edgar/data/1045929/0001117768-11-000288.txt
PAN AMERICAN GOLDFIELDS LTD,0001046672,10-K,2011-06-13,edgar/data/1046672/0001325310-11-000021.txt
"ASPIRE INTERNATIONAL, INC.",0001049861,10-K,2011-04-15,edgar/data/1049861/0001213900-11-002022.txt
STEELCASE INC,0001050825,10-K,2011-04-25,edgar/data/1050825/0000950123-11-038698.txt
"BAYOU CITY EXPLORATION, INC.",0001050957,10-K,2011-04-15,edgar/data/1050957/0001019687-11-001200.txt
Integrated Healthcare Holdings Inc,0001051488,10-K,2011-06-24,edgar/data/1051488/0001019687-11-002046.txt
BELK INC,0001051771,10-K,2011-04-12,edgar/data/1051771/0000950123-11-034968.txt
"Z TRIM HOLDINGS, INC",0001052257,10-K,2011-04-13,edgar/data/1052257/0001052257-11-000009.txt
ELITE PHARMACEUTICALS INC /DE/,0001053369,10-K,2011-06-29,edgar/data/1053369/0001144204-11-038267.txt
"Surge Global Energy, Inc.",0001053648,10-K,2011-04-15,edgar/data/1053648/0001493152-11-000101.txt
"Stratus Media Group, Inc",0001053691,10-K,2011-04-26,edgar/data/1053691/0001157523-11-002225.txt
HASTINGS ENTERTAINMENT INC,0001054579,10-K,2011-04-20,edgar/data/1054579/0000950123-11-037088.txt
"KIRKLAND'S, INC",0001056285,10-K,2011-04-14,edgar/data/1056285/0000950123-11-035677.txt
"Regeneca, Inc.",0001056598,10-K,2011-06-29,edgar/data/1056598/0001078782-11-001732.txt
SEYCHELLE ENVIRONMENTAL TECHNOLOGIES INC /CA,0001056757,10-K,2011-05-31,edgar/data/1056757/0001079974-11-000444.txt
INTERPLAY ENTERTAINMENT CORP,0001057232,10-K,2011-05-24,edgar/data/1057232/0001437749-11-003556.txt
FIRST BANCORP /PR/,0001057706,10-K,2011-04-15,edgar/data/1057706/0000950123-11-036122.txt
SOLAR ENERGY LTD,0001058322,10-K,2011-04-27,edgar/data/1058322/0001211524-11-000082.txt
"STAKOOL, INC.",0001058330,10-K,2011-04-13,edgar/data/1058330/0001078782-11-000985.txt
CEPHAS HOLDING CORP.,0001061169,10-K,2011-04-15,edgar/data/1061169/0001061169-11-000002.txt
AUSTRALIAN CANADIAN OIL ROYALTIES LTD,0001061288,10-K,2011-04-08,edgar/data/1061288/0000909012-11-000261.txt
Genmed Holding Corp,0001061688,10-K,2011-04-18,edgar/data/1061688/0001178924-11-000028.txt
Transfer Technology International Corp.,0001062720,10-K,2011-04-15,edgar/data/1062720/0000939798-11-000010.txt
"CATALYST RESOURCE GROUP, INC.",0000106311,10-K,2011-04-14,edgar/data/106311/0001140905-11-000031.txt
POWER 3 MEDICAL PRODUCTS INC,0001063530,10-K,2011-05-05,edgar/data/1063530/0001188112-11-001293.txt
PANAMERSA Corp,0001065188,10-K,2011-06-20,edgar/data/1065188/0001144204-11-036447.txt
PANAMERSA Corp,0001065188,10-K,2011-06-20,edgar/data/1065188/0001144204-11-036450.txt
PANAMERSA Corp,0001065188,10-K,2011-06-20,edgar/data/1065188/0001144204-11-036454.txt
PANAMERSA Corp,0001065188,10-K,2011-06-29,edgar/data/1065188/0001144204-11-038016.txt
LEXON TECHNOLOGIES INC,0001065189,10-K,2011-04-15,edgar/data/1065189/0001062993-11-001544.txt
"DigitalTown, Inc.",0001065598,10-K,2011-05-05,edgar/data/1065598/0001056520-11-000144.txt
"SUN RIVER ENERGY, INC",0001066551,10-K,2011-06-22,edgar/data/1066551/0001010549-11-000633.txt
"SkyPeople Fruit Juice, Inc",0001066923,10-K,2011-04-01,edgar/data/1066923/0001415889-11-000198.txt
PRIVATE MEDIA GROUP INC,0001068084,10-K,2011-06-03,edgar/data/1068084/0001193125-11-158448.txt
WESCORP ENERGY INC,0001069489,10-K,2011-04-18,edgar/data/1069489/0001062993-11-001560.txt
DEFENSE INDUSTRIES INTERNATIONAL INC,0001069563,10-K,2011-04-14,edgar/data/1069563/0001178913-11-001139.txt
"San West, Inc",0001070181,10-K,2011-04-06,edgar/data/1070181/0001091818-11-000160.txt
CAPITOL CITY BANCSHARES INC,0001070295,10-K,2011-04-15,edgar/data/1070295/0001193125-11-099784.txt
ASIA PROPERTIES INC,0001070789,10-K,2011-04-12,edgar/data/1070789/0001140905-11-000030.txt
"WILEY JOHN & SONS, INC.",0000107140,10-K,2011-06-24,edgar/data/107140/0000107140-11-000016.txt
FUSION TELECOMMUNICATIONS INTERNATIONAL INC,0001071411,10-K,2011-04-13,edgar/data/1071411/0001071411-11-000017.txt
"ARCADIA RESOURCES, INC",0001071941,10-K,2011-06-28,edgar/data/1071941/0000950123-11-062455.txt
NORTHWEST BIOTHERAPEUTICS INC,0001072379,10-K,2011-04-21,edgar/data/1072379/0001144204-11-023452.txt
SERENA SOFTWARE INC,0001073967,10-K,2011-05-02,edgar/data/1073967/0001193125-11-121204.txt
HORIZON BANCORPORATION INC,0001074458,10-K,2011-04-15,edgar/data/1074458/0001144204-11-022515.txt
MAVERICK MINERALS CORP,0001074929,10-K,2011-04-12,edgar/data/1074929/0001062993-11-001432.txt
Treaty Energy Corp,0001075773,10-K,2011-04-15,edgar/data/1075773/0001354488-11-001208.txt
Golden Spirit Enterprises Ltd.,0001076262,10-K,2011-04-01,edgar/data/1076262/0001091818-11-000155.txt
CENTRAL BANCORP INC /MA/,0001076394,10-K,2011-06-17,edgar/data/1076394/0000950123-11-059899.txt
"INNOCOM TECHNOLOGY HOLDINGS, INC.",0001076541,10-K,2011-04-15,edgar/data/1076541/0001078782-11-001035.txt
China 3C Group,0001076784,10-K,2011-05-18,edgar/data/1076784/0001144204-11-030879.txt
SKYSTAR BIO-PHARMACEUTICAL CO,0001076939,10-K,2011-04-11,edgar/data/1076939/0001144204-11-021352.txt
SIERRA RESOURCE GROUP INC,0001076966,10-K,2011-04-18,edgar/data/1076966/0001108017-11-000134.txt
"AvStar Aviation Group, Inc.",0001077319,10-K,2011-04-15,edgar/data/1077319/0001038494-11-000012.txt
INSWEB CORP,0001077370,10-K,2011-04-01,edgar/data/1077370/0001077370-11-000008.txt
"RPM ADVANTAGE, INC.",0001077385,10-K,2011-04-28,edgar/data/1077385/0001077385-11-000008.txt
"RPM ADVANTAGE, INC.",0001077385,10-K,2011-05-09,edgar/data/1077385/0001077385-11-000014.txt
"RPM ADVANTAGE, INC.",0001077385,10-K,2011-05-12,edgar/data/1077385/0001077385-11-000023.txt
"RPM ADVANTAGE, INC.",0001077385,10-K,2011-05-13,edgar/data/1077385/0001077385-11-000028.txt
"RPM ADVANTAGE, INC.",0001077385,10-K,2011-05-13,edgar/data/1077385/0001077385-11-000032.txt
"Smooth Global (China) Holdings, Inc.",0001077637,10-K,2011-05-19,edgar/data/1077637/0001096906-11-001008.txt
HOOKER FURNITURE CORP,0001077688,10-K,2011-04-13,edgar/data/1077688/0001185185-11-000487.txt
"TACTICAL AIR DEFENSE SERVICES, INC.",0001077915,10-K,2011-05-13,edgar/data/1077915/0001173473-11-000056.txt
NETSCOUT SYSTEMS INC,0001078075,10-K,2011-05-27,edgar/data/1078075/0001193125-11-153121.txt
"Bio-Matrix Scientific Group, Inc.",0001079282,10-K,2011-05-13,edgar/data/1079282/0001393905-11-000284.txt
"Titan Energy Worldwide, Inc.",0001080398,10-K,2011-04-06,edgar/data/1080398/0001144204-11-020558.txt
"INTERNATIONAL ENERGY, INC.",0001081074,10-K,2011-06-06,edgar/data/1081074/0001144204-11-034203.txt
NATION ENERGY INC,0001081183,10-K,2011-06-30,edgar/data/1081183/0001081183-11-000027.txt
GOLDEN DRAGON HOLDING CO.,0001081938,10-K,2011-06-28,edgar/data/1081938/0001072588-11-000113.txt
NORTHSTAR ELECTRONICS INC,0001082027,10-K,2011-05-18,edgar/data/1082027/0001091818-11-000286.txt
"Pernix Group, Inc.",0001082198,10-K,2011-04-13,edgar/data/1082198/0001104659-11-019953.txt
"CHINA GREEN MATERIAL TECHNOLOGIES, INC.",0001082384,10-K,2011-04-13,edgar/data/1082384/0001079973-11-000296.txt
ANGEL ACQUISITION CORP.,0001082822,10-K,2011-04-11,edgar/data/1082822/0001262463-11-000042.txt
"Apollo Medical Holdings, Inc.",0001083446,10-K,2011-05-16,edgar/data/1083446/0001144204-11-029382.txt
SUNRISE REAL ESTATE GROUP INC,0001083490,10-K,2011-04-15,edgar/data/1083490/0001144204-11-022246.txt
ENXNET INC,0001083706,10-K,2011-06-28,edgar/data/1083706/0001185185-11-000917.txt
"Lone Pine Holdings, Inc",0001083743,10-K,2011-04-14,edgar/data/1083743/0001424884-11-000061.txt
CAN CAL RESOURCES LTD,0001083848,10-K,2011-04-15,edgar/data/1083848/0001144204-11-022442.txt
WORLD ACCEPTANCE CORP,0000108385,10-K,2011-06-03,edgar/data/108385/0001140361-11-031335.txt
"AuraSource, Inc.",0001083922,10-K,2011-06-30,edgar/data/1083922/0001083922-11-000006.txt
MEDICAL MAKEOVER CORP OF AMERICA,0001083944,10-K,2011-04-15,edgar/data/1083944/0001213900-11-002027.txt
WNC HOUSING TAX CREDIT FUND VI LP SERIES 7,0001084067,10-K,2011-06-28,edgar/data/1084067/0001084067-11-000155.txt
SALON MEDIA GROUP INC,0001084332,10-K,2011-06-29,edgar/data/1084332/0001437749-11-004360.txt
Arrayit Corp,0001084507,10-K,2011-04-01,edgar/data/1084507/0000798947-11-000010.txt
Arrayit Corp,0001084507,10-K,2011-04-15,edgar/data/1084507/0000798947-11-000014.txt
XZERES Corp.,0001084597,10-K,2011-05-27,edgar/data/1084597/0001255294-11-000319.txt
"TERRA ENERGY & RESOURCE TECHNOLOGIES, INC.",0001084828,10-K,2011-04-15,edgar/data/1084828/0001070188-11-000016.txt
SKINVISIBLE INC,0001085277,10-K,2011-04-15,edgar/data/1085277/0001255294-11-000243.txt
PACIFIC WEBWORKS INC,0001086303,10-K,2011-04-15,edgar/data/1086303/0001023175-11-000207.txt
BELLAVISTA CAPITAL INC,0001086670,10-K,2011-06-09,edgar/data/1086670/0001011723-11-000082.txt
RED HAT INC,0001087423,10-K,2011-04-29,edgar/data/1087423/0001193125-11-117416.txt
GARNER INVESTMENTS INC,0001087734,10-K,2011-04-11,edgar/data/1087734/0001072588-11-000072.txt
PAYMENT DATA SYSTEMS INC,0001088034,10-K,2011-04-15,edgar/data/1088034/0001354488-11-001206.txt
MAD CATZ INTERACTIVE INC,0001088162,10-K,2011-06-14,edgar/data/1088162/0000950123-11-058997.txt
EWRX INTERNET SYSTEMS INC,0001088949,10-K,2011-04-01,edgar/data/1088949/0001062993-11-001313.txt
FINDEX COM INC,0001089061,10-K,2011-04-15,edgar/data/1089061/0001089061-11-000014.txt
LEGACY WINE & SPIRITS INTERNATIONAL LTD.,0001089565,10-K,2011-04-15,edgar/data/1089565/0001091818-11-000186.txt
NEW DRAGON ASIA CORP,0001089590,10-K,2011-04-08,edgar/data/1089590/0001144204-11-020898.txt
SELECTICA INC,0001090908,10-K,2011-06-29,edgar/data/1090908/0001437749-11-004393.txt
CYIOS CORP,0001091566,10-K,2011-04-15,edgar/data/1091566/0001091566-11-000021.txt
FOREVERGREEN WORLDWIDE CORP,0001091983,10-K,2011-05-16,edgar/data/1091983/0001023175-11-000269.txt
NewMarket Technology Inc,0001092083,10-K,2011-04-27,edgar/data/1092083/0001157523-11-002287.txt
TRANSATLANTIC PETROLEUM LTD.,0001092289,10-K,2011-04-21,edgar/data/1092289/0001193125-11-105331.txt
SMITH & WESSON HOLDING CORP,0001092796,10-K,2011-06-30,edgar/data/1092796/0000950123-11-063347.txt
"Montavo, Inc.",0001092800,10-K,2011-04-15,edgar/data/1092800/0001056520-11-000131.txt
WELLSTONE FILTER SCIENCES INC /DE/,0001092802,10-K,2011-04-14,edgar/data/1092802/0001437749-11-002309.txt
"METISCAN, INC.",0001092945,10-K,2011-04-12,edgar/data/1092945/0001437749-11-002264.txt
UNR HOLDINGS INC,0001093800,10-K,2011-05-13,edgar/data/1093800/0001415889-11-000337.txt
SILICON SOUTH INC,0001093928,10-K,2011-05-17,edgar/data/1093928/0001137050-11-000112.txt
TAPIMMUNE INC,0001094038,10-K,2011-04-18,edgar/data/1094038/0001424884-11-000066.txt
AEROSONIC CORP /DE/,0000109471,10-K,2011-05-02,edgar/data/109471/0001144204-11-025530.txt
FINISAR CORP,0001094739,10-K,2011-06-28,edgar/data/1094739/0001445305-11-001420.txt
VOICE MOBILITY INTERNATIONAL INC,0001094816,10-K,2011-04-13,edgar/data/1094816/0001062993-11-001462.txt
BLUE COAT SYSTEMS INC,0001095600,10-K,2011-06-08,edgar/data/1095600/0001193125-11-161263.txt
WILLIAM LYON HOMES,0001095996,10-K,2011-05-16,edgar/data/1095996/0001193125-11-139842.txt
ROYAL QUANTUM GROUP INC,0001096296,10-K,2011-04-14,edgar/data/1096296/0000939802-11-000085.txt
"ASIA8, INC.",0001096298,10-K,2011-04-14,edgar/data/1096298/0001211524-11-000065.txt
Blackhawk Fund,0001096768,10-K,2011-04-15,edgar/data/1096768/0001144204-11-022370.txt
Sunway Global Inc.,0001096840,10-K,2011-04-15,edgar/data/1096840/0001144204-11-022313.txt
"American BioCare, Inc.",0001096935,10-K,2011-04-15,edgar/data/1096935/0001374135-11-000018.txt
"United Health Products, Inc.",0001096938,10-K,2011-04-15,edgar/data/1096938/0001013762-11-001039.txt
Vista International Technologies Inc,0001096939,10-K,2011-04-15,edgar/data/1096939/0001387131-11-000612.txt
TRANSAX INTERNATIONAL LTD,0001097896,10-K,2011-04-15,edgar/data/1097896/0001144204-11-022439.txt
"COLORADO RARE EARTHS, INC",0001098881,10-K,2011-04-15,edgar/data/1098881/0001140361-11-022283.txt
VERTICAL COMPUTER SYSTEMS INC,0001099509,10-K,2011-04-15,edgar/data/1099509/0001144204-11-022410.txt
VALIDIAN CORP,0001100644,10-K,2011-04-15,edgar/data/1100644/0001052918-11-000167.txt
"Merilus, Inc.",0001100734,10-K,2011-04-20,edgar/data/1100734/0001010412-11-000169.txt
TARA GOLD RESOURCES CORP.,0001100747,10-K,2011-04-19,edgar/data/1100747/0001023175-11-000211.txt
"CLEAN ENERGY & POWER, INC.",0001100748,10-K,2011-04-26,edgar/data/1100748/0001437749-11-002555.txt
INTERNATIONAL STAR INC,0001100788,10-K,2011-04-12,edgar/data/1100788/0001019687-11-001166.txt
"Encompass Group Affiliates, Inc",0001100820,10-K,2011-06-20,edgar/data/1100820/0001144204-11-036526.txt
HEALTH ENHANCEMENT PRODUCTS INC,0001101026,10-K,2011-04-15,edgar/data/1101026/0001078782-11-001040.txt
"TEC Technology, Inc.",0001101246,10-K,2011-04-05,edgar/data/1101246/0001204459-11-000961.txt
BLASTGARD INTERNATIONAL INC,0001102358,10-K,2011-04-14,edgar/data/1102358/0001354488-11-001191.txt
"SinoCubate, Inc",0001102432,10-K,2011-04-15,edgar/data/1102432/0001144204-11-022406.txt
FORMCAP CORP.,0001102709,10-K,2011-04-05,edgar/data/1102709/0001102709-11-000003.txt
RASER TECHNOLOGIES INC,0001103078,10-K,2011-04-15,edgar/data/1103078/0001144204-11-022542.txt
Tsingyuan Brewery Ltd.,0001103120,10-K,2011-04-13,edgar/data/1103120/0001144204-11-021801.txt
ALL Fuels & Energy Co,0001103384,10-K,2011-04-15,edgar/data/1103384/0001144204-11-022424.txt
"SPARE BACKUP, INC.",0001103577,10-K,2011-04-22,edgar/data/1103577/0001437749-11-002509.txt
"Crown Equity Holdings, Inc.",0001103833,10-K,2011-04-01,edgar/data/1103833/0001144204-11-019322.txt
Asia Cork Inc.,0001104040,10-K,2011-04-15,edgar/data/1104040/0001144204-11-022592.txt
"LANSDOWNE SECURITY, INC.",0001104254,10-K,2011-04-15,edgar/data/1104254/0001144204-11-022527.txt
LIGHTTOUCH VEIN & LASER INC,0001104265,10-K,2011-05-05,edgar/data/1104265/0001078782-11-001227.txt
"IVOICE, INC /NJ",0001105064,10-K,2011-04-12,edgar/data/1105064/0001185185-11-000474.txt
NATIONAL TECHNICAL SYSTEMS INC /CA/,0000110536,10-K,2011-05-02,edgar/data/110536/0001140361-11-024323.txt
SEAFARER EXPLORATION CORP,0001106213,10-K,2011-04-15,edgar/data/1106213/0001199835-11-000264.txt
DEBT RESOLVE INC,0001106645,10-K,2011-04-15,edgar/data/1106645/0001477932-11-000544.txt
"Chanticleer Holdings, Inc.",0001106838,10-K,2011-04-06,edgar/data/1106838/0001144204-11-020487.txt
"EGPI FIRECREEK, INC.",0001106848,10-K,2011-04-28,edgar/data/1106848/0001144204-11-024651.txt
OMNIVISION TECHNOLOGIES INC,0001106851,10-K,2011-06-29,edgar/data/1106851/0001047469-11-006113.txt
USA VIDEO INTERACTIVE CORP,0001107280,10-K,2011-04-01,edgar/data/1107280/0001273511-11-000117.txt
SUBJEX CORP,0001107699,10-K,2011-04-15,edgar/data/1107699/0001131754-11-000057.txt
AlumiFuel Power Corp,0001108046,10-K,2011-04-15,edgar/data/1108046/0001078782-11-001034.txt
PUBLIC MEDIA WORKS INC,0001108730,10-K,2011-06-03,edgar/data/1108730/0001193125-11-157968.txt
OPNET TECHNOLOGIES INC,0001108924,10-K,2011-06-03,edgar/data/1108924/0001193125-11-158452.txt
BIOPACK ENVIRONMENTAL SOLUTIONS INC.,0001109153,10-K,2011-04-15,edgar/data/1109153/0001062993-11-001540.txt
"KODIAK ENERGY, INC.",0001109553,10-K,2011-04-13,edgar/data/1109553/0001096906-11-000703.txt
"Deep Down, Inc.",0001110607,10-K,2011-04-15,edgar/data/1110607/0001019687-11-001212.txt
"MOTOR SPORT COUNTRY CLUB HOLDINGS, INC.",0001111118,10-K,2011-04-15,edgar/data/1111118/0001013762-11-001051.txt
SEGWAY IV CORP,0001111285,10-K,2011-04-14,edgar/data/1111285/0001213900-11-001960.txt
BIDGIVE INTERNATIONAL INC,0001111473,10-K,2011-04-15,edgar/data/1111473/0001023175-11-000200.txt
PROVIDENCE RESOURCES INC,0001112064,10-K,2011-04-15,edgar/data/1112064/0001211524-11-000075.txt
DELTA MUTUAL INC,0001112985,10-K,2011-05-16,edgar/data/1112985/0001144204-11-030278.txt
ARVANA INC,0001113313,10-K,2011-04-06,edgar/data/1113313/0000949353-11-000088.txt
AMERICAN SCIENTIFIC RESOURCES INC,0001114605,10-K,2011-04-14,edgar/data/1114605/0001144204-11-021901.txt
SILVERGRAPH INTERNATIONAL INC,0001115975,10-K,2011-04-15,edgar/data/1115975/0001023175-11-000205.txt
"Trycera Financial, Inc.",0001117045,10-K,2011-04-20,edgar/data/1117045/0001140377-11-000029.txt
COMCAM INTERNATIONAL INC,0001118761,10-K,2011-04-15,edgar/data/1118761/0001211524-11-000078.txt
ADVANCED TECHNOLOGIES GROUP LTD,0001119046,10-K,2011-05-02,edgar/data/1119046/0001165527-11-000394.txt
NUTRA PHARMA CORP,0001119643,10-K,2011-04-01,edgar/data/1119643/0001144204-11-019488.txt
ENERGY COMPOSITES Corp,0001119807,10-K,2011-04-19,edgar/data/1119807/0000949353-11-000104.txt
Sino Clean Energy Inc,0001120096,10-K,2011-04-05,edgar/data/1120096/0001144204-11-020077.txt
FRIENDLY ENERGY EXPLORATION,0001120434,10-K,2011-04-06,edgar/data/1120434/0001376474-11-000063.txt
Comstock Mining Inc.,0001120970,10-K,2011-04-15,edgar/data/1120970/0001144204-11-022318.txt
PCS EDVENTURES COM INC,0001122020,10-K,2011-06-29,edgar/data/1122020/0001010412-11-000344.txt
"Quamtel, Inc.",0001122991,10-K,2011-05-17,edgar/data/1122991/0001354488-11-001613.txt
DIAMOND DISCOVERIES INTERNATIONAL CORP,0001123836,10-K,2011-05-04,edgar/data/1123836/0001144204-11-026159.txt
DIAMOND DISCOVERIES INTERNATIONAL CORP,0001123836,10-K,2011-05-12,edgar/data/1123836/0001144204-11-028666.txt
"EXERGETIC ENERGY, INC.",0001123846,10-K,2011-04-15,edgar/data/1123846/0001144204-11-022322.txt
MINT LEASING INC,0001124127,10-K,2011-04-15,edgar/data/1124127/0001432093-11-000222.txt
"Cryoport, Inc.",0001124524,10-K,2011-06-27,edgar/data/1124524/0000950123-11-061907.txt
"Media Exchange Group, Inc.",0001125280,10-K,2011-05-27,edgar/data/1125280/0001437749-11-003690.txt
SHELRON GROUP INC,0001125903,10-K,2011-04-15,edgar/data/1125903/0001144204-11-022273.txt
GSI TECHNOLOGY INC,0001126741,10-K,2011-06-02,edgar/data/1126741/0001126741-11-000004.txt
ECOSYSTEM CORP,0001127242,10-K,2011-04-15,edgar/data/1127242/0001269127-11-000030.txt
FULLCIRCLE REGISTRY INC,0001127993,10-K,2011-04-15,edgar/data/1127993/0001078782-11-001049.txt
ENERTECK CORP,0001128353,10-K,2011-04-15,edgar/data/1128353/0001144204-11-022116.txt
GENESIS GROUP HOLDINGS INC,0001128725,10-K,2011-04-19,edgar/data/1128725/0001213900-11-002076.txt
NISSAN AUTO RECEIVABLES CORP II,0001129068,10-K,2011-06-30,edgar/data/1129068/0001491323-11-000019.txt
E-Debit Global Corp.,0001129120,10-K,2011-04-13,edgar/data/1129120/0001079973-11-000294.txt
"Kentucky Energy, Inc.",0001130126,10-K,2011-04-15,edgar/data/1130126/0001144204-11-022577.txt
"LD HOLDINGS, INC.",0001131089,10-K,2011-04-15,edgar/data/1131089/0001096906-11-000725.txt
SEAWRIGHT HOLDINGS INC,0001132887,10-K,2011-06-15,edgar/data/1132887/0001019687-11-001961.txt
SEAWRIGHT HOLDINGS INC,0001132887,10-K,2011-06-15,edgar/data/1132887/0001019687-11-001963.txt
SEAWRIGHT HOLDINGS INC,0001132887,10-K,2011-06-15,edgar/data/1132887/0001019687-11-001965.txt
ZANETT INC,0001133872,10-K,2011-04-15,edgar/data/1133872/0001144204-11-022572.txt
Morris Business Development Co,0001133901,10-K,2011-06-30,edgar/data/1133901/0001437749-11-004420.txt
VISION GLOBAL SOLUTIONS INC,0001135657,10-K,2011-06-10,edgar/data/1135657/0001354488-11-001871.txt
"Business Development Solutions, Inc.",0001136331,10-K,2011-05-02,edgar/data/1136331/0001204459-11-001175.txt
"Augme Technologies, Inc.",0001137204,10-K,2011-05-16,edgar/data/1137204/0001432093-11-000287.txt
UNITED SECURITY BANCSHARES,0001137547,10-K,2011-04-04,edgar/data/1137547/0001140361-11-020210.txt
PACIFIC GOLD CORP,0001137855,10-K,2011-06-27,edgar/data/1137855/0001158957-11-000195.txt
FIRST SECURITY GROUP INC/TN,0001138817,10-K,2011-04-15,edgar/data/1138817/0001193125-11-099769.txt
WORDLOGIC CORP,0001139614,10-K,2011-04-15,edgar/data/1139614/0001078782-11-001046.txt
AMARU INC,0001139822,10-K,2011-04-15,edgar/data/1139822/0001019687-11-001216.txt
"Vyteris, Inc.",0001139950,10-K,2011-04-15,edgar/data/1139950/0001144204-11-022333.txt
NEW FRONTIER ENERGY INC,0001140586,10-K,2011-05-17,edgar/data/1140586/0001079973-11-000433.txt
"BLAST ENERGY SERVICES, INC.",0001141197,10-K,2011-04-12,edgar/data/1141197/0001141197-11-000017.txt
FEEL GOLF CO INC,0001141673,10-K,2011-04-13,edgar/data/1141673/0001213900-11-001924.txt
First National Energy Corp.,0001142129,10-K,2011-05-31,edgar/data/1142129/0001354488-11-001737.txt
"CarePayment Technologies, Inc.",0001142406,10-K,2011-04-15,edgar/data/1142406/0001144204-11-022591.txt
"Global Entertainment Holdings, Inc.",0001142488,10-K,2011-04-15,edgar/data/1142488/0001185185-11-000502.txt
AMANASU ENVIRONMENT CORP,0001142801,10-K,2011-06-20,edgar/data/1142801/0001142801-11-000012.txt
instaCare Corp.,0001144225,10-K,2011-04-15,edgar/data/1144225/0001078782-11-001052.txt
INTERNATIONAL CARD ESTABLISHMENT INC,0001156337,10-K,2011-04-15,edgar/data/1156337/0001477932-11-000539.txt
WNC HOUSING TAX CREDIT FUND VI LP SERIES 9,0001156445,10-K,2011-04-29,edgar/data/1156445/0001084067-11-000063.txt
WNC HOUSING TAX CREDIT FUND VI LP SERIES 9,0001156445,10-K,2011-04-29,edgar/data/1156445/0001084067-11-000071.txt
WNC HOUSING TAX CREDIT FUND VI LP SERIES 9,0001156445,10-K,2011-05-02,edgar/data/1156445/0001084067-11-000079.txt
WNC HOUSING TAX CREDIT FUND VI LP SERIES 9,0001156445,10-K,2011-05-02,edgar/data/1156445/0001084067-11-000087.txt
WNC HOUSING TAX CREDIT FUND VI LP SERIES 9,0001156445,10-K,2011-05-02,edgar/data/1156445/0001084067-11-000095.txt
WNC HOUSING TAX CREDIT FUND VI LP SERIES 9,0001156445,10-K,2011-06-28,edgar/data/1156445/0001084067-11-000162.txt
"CoroWare, Inc,",0001156784,10-K,2011-04-15,edgar/data/1156784/0001108017-11-000132.txt
WNC HOUSING TAX CREDIT FUND VI LP SERIES 10,0001156815,10-K,2011-05-27,edgar/data/1156815/0001084067-11-000103.txt
WNC HOUSING TAX CREDIT FUND VI LP SERIES 10,0001156815,10-K,2011-05-27,edgar/data/1156815/0001084067-11-000111.txt
WNC HOUSING TAX CREDIT FUND VI LP SERIES 10,0001156815,10-K,2011-05-27,edgar/data/1156815/0001084067-11-000119.txt
WNC HOUSING TAX CREDIT FUND VI LP SERIES 10,0001156815,10-K,2011-05-27,edgar/data/1156815/0001084067-11-000127.txt
WNC HOUSING TAX CREDIT FUND VI LP SERIES 10,0001156815,10-K,2011-05-27,edgar/data/1156815/0001084067-11-000137.txt
ADVISORY BOARD CO,0001157377,10-K,2011-06-14,edgar/data/1157377/0000950123-11-058931.txt
CHINA AUTOMOTIVE SYSTEMS INC,0001157762,10-K,2011-06-28,edgar/data/1157762/0001144204-11-037999.txt
OPNEXT INC,0001157780,10-K,2011-06-14,edgar/data/1157780/0000950123-11-058989.txt
STELLAR PHARMACEUTICALS INC,0001159019,10-K,2011-04-01,edgar/data/1159019/0001354488-11-001054.txt
KIWA BIO-TECH PRODUCTS GROUP CORP,0001159275,10-K,2011-04-15,edgar/data/1159275/0001144204-11-022199.txt
LOCATEPLUS HOLDINGS CORP,0001160084,10-K,2011-04-14,edgar/data/1160084/0001160084-11-000010.txt
Environmental Infrastructure Holdings Corp,0001160479,10-K,2011-04-15,edgar/data/1160479/0001144204-11-022588.txt
COMPETITIVE COMPANIES INC,0001161706,10-K,2011-05-02,edgar/data/1161706/0001214659-11-001471.txt
FPB BANCORP INC,0001162245,10-K,2011-04-14,edgar/data/1162245/0001162245-11-000006.txt
"GS ENVIROSERVICES, INC.",0001163966,10-K,2011-04-15,edgar/data/1163966/0001269127-11-000025.txt
DAYBREAK OIL & GAS INC,0001164256,10-K,2011-05-27,edgar/data/1164256/0001171200-11-000469.txt
KYTO BIOPHARMA INC,0001164888,10-K,2011-06-29,edgar/data/1164888/0001354488-11-002014.txt
"FITT HIGHWAY PRODUCTS, INC.",0001164964,10-K,2011-04-14,edgar/data/1164964/0001096906-11-000707.txt
VERINT SYSTEMS INC,0001166388,10-K,2011-04-06,edgar/data/1166388/0000950123-11-033115.txt
"Brownie's Marine Group, Inc",0001166708,10-K,2011-05-17,edgar/data/1166708/0001144204-11-030392.txt
"AspenBio Pharma, Inc.",0001167419,10-K,2011-04-15,edgar/data/1167419/0001079973-11-000308.txt
AMERICAN GOLDFIELDS INC,0001167886,10-K,2011-04-29,edgar/data/1167886/0000939802-11-000099.txt
ARGENTEX MINING CORP,0001167887,10-K,2011-04-29,edgar/data/1167887/0001062993-11-001719.txt
"Amincor, Inc.",0001167905,10-K,2011-04-18,edgar/data/1167905/0001165527-11-000366.txt
Desert Hawk Gold Corp.,0001168081,10-K,2011-04-14,edgar/data/1168081/0001144204-11-022067.txt
AMANASU TECHNO HOLDINGS CORP,0001168663,10-K,2011-06-20,edgar/data/1168663/0001168663-11-000003.txt
ARTFEST INTERNATIONAL INC,0001168738,10-K,2011-04-15,edgar/data/1168738/0001432093-11-000224.txt
GOLDSANDS DEVELOPMENT CO,0001168938,10-K,2011-05-13,edgar/data/1168938/0001117768-11-000258.txt
BI-OPTIC VENTURES INC,0001168960,10-K,2011-06-01,edgar/data/1168960/0001052918-11-000267.txt
DAHUA INC,0001169354,10-K,2011-05-04,edgar/data/1169354/0001144204-11-025905.txt
BALQON CORP.,0001169440,10-K,2011-04-15,edgar/data/1169440/0001437749-11-002346.txt
COMMVAULT SYSTEMS INC,0001169561,10-K,2011-05-17,edgar/data/1169561/0000950123-11-051348.txt
OXFORD TECHNOLOGIES INC,0001169567,10-K,2011-04-15,edgar/data/1169567/0001169567-11-000002.txt
MONARCH COMMUNITY BANCORP INC,0001169769,10-K,2011-04-04,edgar/data/1169769/0000950123-11-032520.txt
CARMAX INC,0001170010,10-K,2011-04-28,edgar/data/1170010/0001170010-11-000026.txt
BAKERS FOOTWEAR GROUP INC,0001171032,10-K,2011-04-29,edgar/data/1171032/0000950123-11-041986.txt
"United eSystems, Inc.",0001171357,10-K,2011-04-15,edgar/data/1171357/0001017951-11-000088.txt
JAVA EXPRESS INC,0001171838,10-K,2011-06-28,edgar/data/1171838/0001023175-11-000355.txt
US GEOTHERMAL INC,0001172136,10-K,2011-06-09,edgar/data/1172136/0001204459-11-001629.txt
LIBERTY STAR URANIUM & METALS CORP.,0001172178,10-K,2011-05-02,edgar/data/1172178/0001062993-11-001749.txt
Cinedigm Digital Cinema Corp.,0001173204,10-K,2011-06-14,edgar/data/1173204/0001445305-11-001107.txt
"CHINA HEALTH RESOURCE, INC.",0001173784,10-K,2011-04-11,edgar/data/1173784/0001171520-11-000297.txt
UPSTREAM BIOSCIENCES INC.,0001174891,10-K,2011-06-10,edgar/data/1174891/0001165527-11-000534.txt
"Win Gaming Media, Inc.",0001175442,10-K,2011-04-15,edgar/data/1175442/0001178913-11-001148.txt
ASSURANCE GROUP INC.,0001175501,10-K,2011-04-11,edgar/data/1175501/0001175501-11-000004.txt
ASSURANCE GROUP INC.,0001175501,10-K,2011-04-11,edgar/data/1175501/0001175501-11-000008.txt
ASSURANCE GROUP INC.,0001175501,10-K,2011-04-11,edgar/data/1175501/0001175501-11-000012.txt
"SHAKA SHOES, INC.",0001176231,10-K,2011-06-09,edgar/data/1176231/0001023175-11-000336.txt
Skinny Nutritional Corp.,0001176325,10-K,2011-04-15,edgar/data/1176325/0001144204-11-022585.txt
MOUNTAIN NATIONAL BANCSHARES INC,0001177070,10-K,2011-04-13,edgar/data/1177070/0000950123-11-035312.txt
XPLORE TECHNOLOGIES CORP,0001177845,10-K,2011-06-24,edgar/data/1177845/0001104659-11-036387.txt
"BODISEN BIOTECH, INC",0001178552,10-K,2011-04-15,edgar/data/1178552/0001144204-11-022270.txt
"Bonds.com Group, Inc.",0001179090,10-K,2011-05-02,edgar/data/1179090/0001387131-11-000715.txt
Behringer Harvard Mid-Term Value Enhancement Liquidating Trust,0001179352,10-K,2011-04-15,edgar/data/1179352/0001144204-11-022435.txt
COMMUNITY FIRST INC,0001179500,10-K,2011-04-15,edgar/data/1179500/0000950123-11-036123.txt
AMERICAN LIFE HOLDING CO INC,0001187449,10-K,2011-04-12,edgar/data/1187449/0001415408-11-000179.txt
CINTEL CORP,0001191334,10-K,2011-04-15,edgar/data/1191334/0001013762-11-001053.txt
"Paradigm Oil & Gas, Inc.",0001191354,10-K,2011-04-19,edgar/data/1191354/0001096906-11-000735.txt
"Arno Therapeutics, Inc",0001195116,10-K,2011-05-09,edgar/data/1195116/0001144204-11-027168.txt
CHINA EDUCATION ALLIANCE INC.,0001203900,10-K,2011-04-15,edgar/data/1203900/0001144204-11-022576.txt
COMPLIANCE SYSTEMS CORP,0001206133,10-K,2011-04-15,edgar/data/1206133/0001144204-11-022152.txt
VIRTUSA CORP,0001207074,10-K,2011-05-27,edgar/data/1207074/0001047469-11-005561.txt
"China Energy Recovery, Inc.",0001208790,10-K,2011-04-19,edgar/data/1208790/0001144204-11-022830.txt
NATURALLY ADVANCED TECHNOLOGIES INC,0001210294,10-K,2011-04-14,edgar/data/1210294/0001183740-11-000284.txt
China Media Group CORP,0001211211,10-K,2011-04-21,edgar/data/1211211/0001369170-11-000005.txt
"New York & Company, Inc.",0001211351,10-K,2011-04-11,edgar/data/1211351/0001047469-11-003496.txt
ALLIED RESOURCES INC,0001211524,10-K,2011-04-14,edgar/data/1211524/0001211524-11-000069.txt
MAYFAIR MINING & MINERALS INC,0001211526,10-K,2011-06-30,edgar/data/1211526/0001019687-11-002098.txt
TOPSPIN MEDICAL INC,0001211805,10-K,2011-04-14,edgar/data/1211805/0000950123-11-035562.txt
RBS GLOBAL INC,0001213336,10-K,2011-05-13,edgar/data/1213336/0000843762-11-000014.txt
BEESTON ENTERPRISES LTD,0001221548,10-K,2011-04-13,edgar/data/1221548/0001056520-11-000115.txt
3Power Energy Group Inc.,0001221554,10-K,2011-04-15,edgar/data/1221554/0001144204-11-022550.txt
"RegenoCELL Therapeutics, Inc.",0001221749,10-K,2011-05-16,edgar/data/1221749/0001144204-11-030288.txt
"MORTGAGEBROKERS.COM HOLDINGS, INC.",0001222218,10-K,2011-04-15,edgar/data/1222218/0001213900-11-002020.txt
CONNS INC,0001223389,10-K,2011-04-01,edgar/data/1223389/0001193125-11-086985.txt
"Tremont Fair, Inc.",0001223533,10-K,2011-04-15,edgar/data/1223533/0001391609-11-000171.txt
"HITOR GROUP, IN.",0001224006,10-K,2011-05-19,edgar/data/1224006/0001224006-11-000010.txt
PDC 2002 B LTD PARTNERSHIP,0001224950,10-K,2011-06-30,edgar/data/1224950/0001140361-11-034715.txt
PDC 2002 C LTD PARTNERSHIP,0001224951,10-K,2011-06-30,edgar/data/1224951/0001140361-11-034723.txt
ACRO INC.,0001228386,10-K,2011-04-15,edgar/data/1228386/0001144204-11-022210.txt
VESTIN FUND III LLC,0001230634,10-K,2011-04-04,edgar/data/1230634/0001230634-11-000008.txt
"CAPTERRA FINANCIAL GROUP, INC.",0001233275,10-K,2011-04-15,edgar/data/1233275/0000950123-11-036011.txt
"LEGACY TECHNOLOGY HOLDINGS, INC.",0001235096,10-K,2011-05-10,edgar/data/1235096/0001072588-11-000086.txt
CLIFTON SAVINGS BANCORP INC,0001240581,10-K,2011-06-09,edgar/data/1240581/0000909654-11-000281.txt
NISSAN-INFINITI LT,0001244827,10-K,2011-06-30,edgar/data/1244827/0001491323-11-000018.txt
NISSAN-INFINITI LT,0001244827,10-K,2011-06-30,edgar/data/1244827/0001491323-11-000020.txt
NISSAN AUTO LEASING LLC II,0001244832,10-K,2011-06-30,edgar/data/1244832/0001491323-11-000018.txt
NISSAN AUTO LEASING LLC II,0001244832,10-K,2011-06-30,edgar/data/1244832/0001491323-11-000020.txt
EAST COAST DIVERSIFIED CORP,0001256540,10-K,2011-04-15,edgar/data/1256540/0001019687-11-001211.txt
CENTRAL ENERGY PARTNERS LP,0001260828,10-K,2011-04-15,edgar/data/1260828/0001144204-11-022523.txt
AMERICAN DEFENSE SYSTEMS INC,0001260996,10-K,2011-04-15,edgar/data/1260996/0001144204-11-022518.txt
SUNERGY INC,0001261487,10-K,2011-05-04,edgar/data/1261487/0001165527-11-000408.txt
GRYPHON GOLD CORP,0001262751,10-K,2011-06-30,edgar/data/1262751/0001204459-11-001812.txt
Joway Health Industries Group Inc,0001263364,10-K,2011-04-14,edgar/data/1263364/0001193125-11-098080.txt
NEW CENTURY BANCORP INC,0001263762,10-K,2011-04-01,edgar/data/1263762/0001193125-11-086761.txt
H&R BLOCK INC,0000012659,10-K,2011-06-23,edgar/data/12659/0000950123-11-061237.txt
BOSTON CAPITAL TAX CREDIT FUND V LP,0001267425,10-K,2011-06-29,edgar/data/1267425/0001144204-11-038151.txt
"New Generation Biofuels Holdings, Inc",0001268236,10-K,2011-04-15,edgar/data/1268236/0001144204-11-022504.txt
ATOMIC PAINTBALL INC,0001269022,10-K,2011-04-14,edgar/data/1269022/0001010549-11-000362.txt
GREENSHIFT CORP,0001269127,10-K,2011-04-01,edgar/data/1269127/0001269127-11-000016.txt
CONVENIENTCAST INC.,0001269879,10-K,2011-04-15,edgar/data/1269879/0001188112-11-001065.txt
SALAMON GROUP INC,0001274211,10-K,2011-04-15,edgar/data/1274211/0001204459-11-001054.txt
MORRIS PUBLISHING GROUP LLC,0001276477,10-K,2011-04-21,edgar/data/1276477/0001276477-11-000009.txt
SCIENTIFIC ENERGY INC,0001276531,10-K,2011-04-14,edgar/data/1276531/0001276531-11-000003.txt
APOLLO INVESTMENT CORP,0001278752,10-K,2011-05-31,edgar/data/1278752/0001193125-11-154722.txt
Vanguard Minerals CORP,0001279620,10-K,2011-05-13,edgar/data/1279620/0001096906-11-000891.txt
"NOVELOS THERAPEUTICS, INC.",0001279704,10-K,2011-04-14,edgar/data/1279704/0001144204-11-022037.txt
"North China Horticulture, Inc.",0001280821,10-K,2011-05-12,edgar/data/1280821/0001144204-11-028478.txt
INNOCAP INC,0001281845,10-K,2011-06-29,edgar/data/1281845/0001078782-11-001752.txt
INNOCAP INC,0001281845,10-K,2011-06-29,edgar/data/1281845/0001078782-11-001760.txt
Triangle Petroleum Corp,0001281922,10-K,2011-04-19,edgar/data/1281922/0001144204-11-022988.txt
DOLPHIN DIGITAL MEDIA INC,0001282224,10-K,2011-05-13,edgar/data/1282224/0000950123-11-049576.txt
PURE BIOFUELS CORP,0001283193,10-K,2011-04-18,edgar/data/1283193/0001144204-11-022751.txt
"China Carbon Graphite Group, Inc.",0001284450,10-K,2011-04-15,edgar/data/1284450/0001213900-11-002045.txt
MONDIAL VENTURES INC,0001284452,10-K,2011-04-15,edgar/data/1284452/0001096906-11-000721.txt
StrikeForce Technologies Inc.,0001285543,10-K,2011-04-15,edgar/data/1285543/0001078782-11-001023.txt
TRIM HOLDING GROUP,0001286345,10-K,2011-04-15,edgar/data/1286345/0001463403-11-000085.txt
"China CGame, Inc.",0001287668,10-K,2011-04-15,edgar/data/1287668/0001144204-11-022562.txt
"OptimumBank Holdings, Inc.",0001288855,10-K,2011-04-15,edgar/data/1288855/0001193125-11-099284.txt
"APD ANTIQUITIES, INC.",0001289046,10-K,2011-04-01,edgar/data/1289046/0001469709-11-000051.txt
EnerSys,0001289308,10-K,2011-05-31,edgar/data/1289308/0001193125-11-154707.txt
"Mercantile Bancorp, Inc.",0001289701,10-K,2011-04-15,edgar/data/1289701/0001188112-11-001070.txt
ECOLOCAP SOLUTIONS INC.,0001290506,10-K,2011-04-15,edgar/data/1290506/0001002014-11-000159.txt
Blackwater Midstream Corp.,0001292518,10-K,2011-06-28,edgar/data/1292518/0001437749-11-004335.txt
"Synutra International, Inc.",0001293593,10-K,2011-06-14,edgar/data/1293593/0000950103-11-002327.txt
"Lease Equity Appreciation Fund II, L.P.",0001294154,10-K,2011-04-14,edgar/data/1294154/0001140361-11-022095.txt
"Rand Logistics, Inc.",0001294250,10-K,2011-06-29,edgar/data/1294250/0001193805-11-001186.txt
"MISCOR GROUP, LTD.",0001295503,10-K,2011-04-14,edgar/data/1295503/0000950123-11-035654.txt
INTREorg SYSTEMS INC.,0001295560,10-K,2011-04-14,edgar/data/1295560/0001010549-11-000368.txt
"Prestige Brands Holdings, Inc.",0001295947,10-K,2011-05-13,edgar/data/1295947/0001295947-11-000011.txt
Orsus Xelent Technologies Inc,0001297024,10-K,2011-04-15,edgar/data/1297024/0001144204-11-022508.txt
"LYFE Communications, Inc.",0001299864,10-K,2011-04-15,edgar/data/1299864/0001010412-11-000162.txt
"Black Raven Energy, Inc.",0001299966,10-K,2011-04-15,edgar/data/1299966/0001104659-11-020404.txt
"ECOTALITY, INC.",0001301206,10-K,2011-04-15,edgar/data/1301206/0001144204-11-022448.txt
Siberian Energy Group Inc.,0001301299,10-K,2011-04-15,edgar/data/1301299/0001432093-11-000218.txt
IDO Security Inc.,0001301367,10-K,2011-04-13,edgar/data/1301367/0001188112-11-000991.txt
Valley High Mining CO,0001301838,10-K,2011-04-15,edgar/data/1301838/0001144204-11-022301.txt
SWINGING PIG PRODUCTIONS INC,0001301874,10-K,2011-05-18,edgar/data/1301874/0001469299-11-000335.txt
"Genesis Electronics Group, Inc.",0001302913,10-K,2011-04-14,edgar/data/1302913/0001014897-11-000063.txt
Optionable Inc,0001303433,10-K,2011-04-04,edgar/data/1303433/0001437749-11-002057.txt
Novelis Inc.,0001304280,10-K,2011-05-26,edgar/data/1304280/0000950123-11-054113.txt
ATHENA SILVER CORP,0001304409,10-K,2011-04-15,edgar/data/1304409/0001011034-11-000058.txt
"Asian Trends Media Holdings, Inc",0001306035,10-K,2011-04-15,edgar/data/1306035/0001023175-11-000206.txt
"XINYINHAI TECHNOLOGY, LTD.",0001307624,10-K,2011-04-13,edgar/data/1307624/0001096906-11-000694.txt
"Cono Italiano, Inc.",0001307701,10-K,2011-04-15,edgar/data/1307701/0001144204-11-022460.txt
VISANT CORP,0001308085,10-K,2011-04-01,edgar/data/1308085/0001193125-11-086052.txt
"LUCAS ENERGY, INC.",0001309082,10-K,2011-06-29,edgar/data/1309082/0001214782-11-000112.txt
BIO BRIDGE SCIENCE INC,0001309304,10-K,2011-04-15,edgar/data/1309304/0001144204-11-022392.txt
"SMARTPAY EXPRESS, INC.",0001310291,10-K,2011-04-15,edgar/data/1310291/0001461678-11-000004.txt
"Brooklyn Federal Bancorp, Inc.",0001310313,10-K,2011-06-27,edgar/data/1310313/0001188112-11-001818.txt
BLUESKY SYSTEMS CORP,0001310893,10-K,2011-04-12,edgar/data/1310893/0001264931-11-000172.txt
Park Place Energy Corp.,0001310982,10-K,2011-04-08,edgar/data/1310982/0001310982-11-000002.txt
Castle Brands Inc,0001311538,10-K,2011-06-29,edgar/data/1311538/0001144204-11-038263.txt
PEER REVIEW MEDIATION & ARBITRATION INC,0001311627,10-K,2011-06-23,edgar/data/1311627/0001014897-11-000113.txt
"SIGNET INTERNATIONAL HOLDINGS, INC.",0001317833,10-K,2011-04-13,edgar/data/1317833/0001213900-11-001910.txt
"ASPIRE JAPAN, INC.",0001317838,10-K,2011-05-13,edgar/data/1317838/0001213900-11-002550.txt
Golden Opportunities CORP,0001317839,10-K,2011-04-27,edgar/data/1317839/0001144204-11-024152.txt
"MADISON EXPLORATIONS, INC.",0001318268,10-K,2011-04-15,edgar/data/1318268/0001108078-11-000094.txt
Citi Trends Inc,0001318484,10-K,2011-04-13,edgar/data/1318484/0001104659-11-019862.txt
CHINA TRANSPORTATION INTERNATIONAL HOLDINGS GROUP Ltd,0001318509,10-K,2011-04-15,edgar/data/1318509/0001144204-11-022573.txt
International Gold Corp.,0001319643,10-K,2011-04-15,edgar/data/1319643/0001199835-11-000273.txt
Tao Minerals Ltd.,0001320338,10-K,2011-06-27,edgar/data/1320338/0001062993-11-002742.txt
Revolutionary Concepts Inc,0001320767,10-K,2011-05-19,edgar/data/1320767/0001344676-11-000001.txt
BRAMPTON CREST INTERNATIONAL INC,0001321002,10-K,2011-05-17,edgar/data/1321002/0001144204-11-030569.txt
"ANDAIN, INC.",0001321502,10-K,2011-04-15,edgar/data/1321502/0001178913-11-001145.txt
United American Petroleum Corp.,0001321516,10-K,2011-04-15,edgar/data/1321516/0001469299-11-000222.txt
"FUTURA PICTURES, INC.",0001321710,10-K,2011-05-31,edgar/data/1321710/0001170918-11-000046.txt
GLADSTONE INVESTMENT CORPORATION\DE,0001321741,10-K,2011-05-23,edgar/data/1321741/0000950123-11-053056.txt
Data Call Technologies,0001321828,10-K,2011-04-13,edgar/data/1321828/0001295345-11-000038.txt
"Tennessee Commerce Bancorp, Inc.",0001323033,10-K,2011-04-18,edgar/data/1323033/0001047469-11-003740.txt
RBC Bearings INC,0001324948,10-K,2011-05-27,edgar/data/1324948/0001144204-11-032825.txt
CELLCYTE GENETICS CORP,0001325279,10-K,2011-04-15,edgar/data/1325279/0001056520-11-000125.txt
Southern Trust Securities Holding Corp,0001326250,10-K,2011-04-15,edgar/data/1326250/0001354488-11-001209.txt
FOX PETROLEUM INC.,0001326252,10-K,2011-06-15,edgar/data/1326252/0001387131-11-001101.txt
"Zoo Entertainment, Inc",0001326652,10-K,2011-04-15,edgar/data/1326652/0001144204-11-022503.txt
AMALGAMATED PICTURES CORP.,0001326679,10-K,2011-04-15,edgar/data/1326679/0001167687-11-000006.txt
"High Plains Gas, Inc.",0001327195,10-K,2011-04-18,edgar/data/1327195/0001360865-11-000059.txt
COMPASS BIOTECHNOLOGIES INC.,0001327238,10-K,2011-05-18,edgar/data/1327238/0001062993-11-002247.txt
RealD Inc.,0001327471,10-K,2011-06-10,edgar/data/1327471/0001047469-11-005776.txt
"Vestin Realty Mortgage II, Inc",0001327603,10-K,2011-04-15,edgar/data/1327603/0001327603-11-000014.txt
"Golden Gate Homes, Inc.",0001328208,10-K,2011-04-18,edgar/data/1328208/0001038494-11-000014.txt
"Vestin Realty Mortgage I, Inc.",0001328300,10-K,2011-04-15,edgar/data/1328300/0001328300-11-000022.txt
"AISystems, Inc.",0001328769,10-K,2011-04-15,edgar/data/1328769/0001213900-11-001972.txt
TECHPRECISION CORP,0001328792,10-K,2011-06-29,edgar/data/1328792/0001213900-11-003453.txt
INFERX CORP,0001329548,10-K,2011-04-15,edgar/data/1329548/0001144204-11-022362.txt
PLATINUM ENERGY RESOURCES INC,0001329605,10-K,2011-04-15,edgar/data/1329605/0001144204-11-022338.txt
"SHAMIKA 2 GOLD, INC.",0001330323,10-K,2011-04-15,edgar/data/1330323/0001013762-11-001055.txt
Aspen Diversified Fund LLC,0001330820,10-K,2011-04-01,edgar/data/1330820/0001330820-11-000001.txt
"VALLEY FORGE COMPOSITE TECHNOLOGIES, INC.",0001332412,10-K,2011-04-11,edgar/data/1332412/0001023175-11-000189.txt
Global Gate Property Corp.,0001334345,10-K,2011-04-15,edgar/data/1334345/0001013762-11-001034.txt
JAMMIN JAVA CORP.,0001334586,10-K,2011-05-17,edgar/data/1334586/0001432093-11-000320.txt
WEBTRADEX INTERNATIONAL Corp,0001334589,10-K,2011-06-27,edgar/data/1334589/0001095435-11-000036.txt
MAJESTIC OIL & GAS,0001334741,10-K,2011-04-15,edgar/data/1334741/0001144204-11-022447.txt
Epazz Inc,0001335239,10-K,2011-04-15,edgar/data/1335239/0001432093-11-000220.txt
BigString CORP,0001335282,10-K,2011-04-15,edgar/data/1335282/0001213900-11-002003.txt
Chisen Electric Corp,0001335950,10-K,2011-06-14,edgar/data/1335950/0001144204-11-035599.txt
UNIVERSAL TRAVEL GROUP,0001336644,10-K,2011-06-08,edgar/data/1336644/0001144204-11-034522.txt
VIPER POWERSPORTS INC,0001337213,10-K,2011-05-20,edgar/data/1337213/0001144204-11-031385.txt
"dELiAs, Inc.",0001337885,10-K,2011-04-14,edgar/data/1337885/0001193125-11-098122.txt
"New England Bancshares, Inc.",0001338248,10-K,2011-06-28,edgar/data/1338248/0000914317-11-000905.txt
Clark Holdings Inc.,0001338401,10-K,2011-04-14,edgar/data/1338401/0001144204-11-021832.txt
"Premiere Publishing Group, Inc.",0001338929,10-K,2011-04-18,edgar/data/1338929/0001010549-11-000383.txt
"Majestic Capital, Ltd.",0001338949,10-K,2011-04-22,edgar/data/1338949/0001437749-11-002503.txt
"Microsmart Devices, Inc.",0001339225,10-K,2011-04-15,edgar/data/1339225/0001243875-11-000003.txt
CHINA YILI PETROLEUM CO,0001339854,10-K,2011-04-15,edgar/data/1339854/0001406774-11-000046.txt
ORACLE CORP,0001341439,10-K,2011-06-28,edgar/data/1341439/0001193125-11-174819.txt
China Pharmaceuticals Inc,0001341808,10-K,2011-04-15,edgar/data/1341808/0001013762-11-001045.txt
PAXTON ENERGY INC,0001342643,10-K,2011-04-01,edgar/data/1342643/0001096906-11-000653.txt
"Eworld Interactive, Inc.",0001343979,10-K,2011-04-22,edgar/data/1343979/0001131754-11-000063.txt
BRIDGETECH HOLDINGS INTERNATIONAL INC,0001344736,10-K,2011-04-15,edgar/data/1344736/0001415889-11-000234.txt
"Confederate Motors, Inc.",0001346346,10-K,2011-04-01,edgar/data/1346346/0001213900-11-001734.txt
"CMG HOLDINGS, INC.",0001346655,10-K,2011-04-21,edgar/data/1346655/0001432093-11-000242.txt
MERCER GOLD CORP.,0001348788,10-K,2011-06-03,edgar/data/1348788/0001183740-11-000400.txt
"Iconic Brands, Inc.",0001350073,10-K,2011-04-15,edgar/data/1350073/0001477932-11-000545.txt
"GeoMet, Inc.",0001352302,10-K,2011-04-06,edgar/data/1352302/0001193125-11-090363.txt
ELANDIA INTERNATIONAL INC.,0001352819,10-K,2011-04-18,edgar/data/1352819/0001019056-11-000444.txt
LianDi Clean Technology Inc.,0001353386,10-K,2011-06-29,edgar/data/1353386/0001144204-11-038202.txt
Independence Energy Corp.,0001353406,10-K,2011-05-02,edgar/data/1353406/0001165527-11-000396.txt
Congaree Bancshares Inc,0001353523,10-K,2011-04-13,edgar/data/1353523/0001104659-11-019893.txt
NEWTOWN LANE MARKETING INC,0001353538,10-K,2011-06-16,edgar/data/1353538/0001144204-11-036029.txt
Intervia Inc.,0001353633,10-K,2011-05-02,edgar/data/1353633/0001062993-11-001745.txt
"HUIHENG MEDICAL, INC.",0001353972,10-K,2011-04-15,edgar/data/1353972/0001144204-11-022417.txt
OCZ TECHNOLOGY GROUP INC,0001355128,10-K,2011-05-17,edgar/data/1355128/0001144204-11-030320.txt
"Shrink Nanotechnologies, Inc.",0001355242,10-K,2011-04-15,edgar/data/1355242/0001173473-11-000037.txt
MAGNUM OIL INC.,0001355420,10-K,2011-06-15,edgar/data/1355420/0001517126-11-000118.txt
"Leo Motors, Inc.",0001356564,10-K,2011-04-15,edgar/data/1356564/0001360865-11-000058.txt
China Tel Group Inc,0001357531,10-K,2011-04-15,edgar/data/1357531/0001019687-11-001223.txt
SENTRY PETROLEUM LTD.,0001357642,10-K,2011-05-31,edgar/data/1357642/0001137171-11-000303.txt
STW RESOURCES HOLDING CORP.,0001357838,10-K,2011-04-15,edgar/data/1357838/0001415889-11-000237.txt
GOLD HOLDINGS Corp,0001358099,10-K,2011-04-08,edgar/data/1358099/0001086380-11-000009.txt
"RED METAL RESOURCES, LTD.",0001358654,10-K,2011-05-02,edgar/data/1358654/0001437749-11-002703.txt
FOCUS GOLD Corp,0001360564,10-K,2011-06-13,edgar/data/1360564/0001019687-11-001937.txt
"GLOBALINK, LTD.",0001361540,10-K,2011-04-15,edgar/data/1361540/0001014897-11-000064.txt
"Northeast Automotive Holdings, Inc.",0001361955,10-K,2011-04-15,edgar/data/1361955/0001144204-11-022558.txt
PediatRx Inc.,0001362703,10-K,2011-05-17,edgar/data/1362703/0001062993-11-002229.txt
CALIFORNIA GOLD CORP.,0001363573,10-K,2011-05-17,edgar/data/1363573/0001144204-11-030550.txt
Coronado Corp.,0001365022,10-K,2011-04-15,edgar/data/1365022/0001062993-11-001522.txt
"Gulf & Orient Steamship Company, Ltd.",0001365388,10-K,2011-04-01,edgar/data/1365388/0001010412-11-000128.txt
Denarii Resources Inc.,0001366407,10-K,2011-04-11,edgar/data/1366407/0001477932-11-000498.txt
"Spring Creek Healthcare Systems, Inc.",0001366823,10-K,2011-04-15,edgar/data/1366823/0001013762-11-001036.txt
"Oculus Innovative Sciences, Inc.",0001367083,10-K,2011-06-03,edgar/data/1367083/0001144204-11-033977.txt
"MIT Holding, Inc.",0001367416,10-K,2011-04-19,edgar/data/1367416/0001144204-11-022829.txt
Polonia Bancorp,0001368252,10-K,2011-04-18,edgar/data/1368252/0001144204-11-022602.txt
"iTech Medical, Inc.",0001368286,10-K,2011-04-15,edgar/data/1368286/0001493152-11-000102.txt
"Highpower International, Inc.",0001368308,10-K,2011-04-13,edgar/data/1368308/0001144204-11-021740.txt
Bioflamex Corp,0001368620,10-K,2011-05-18,edgar/data/1368620/0001472375-11-000086.txt
AeroVironment Inc,0001368622,10-K,2011-06-22,edgar/data/1368622/0001047469-11-005974.txt
"Art Design, Inc.",0001368637,10-K,2011-04-14,edgar/data/1368637/0001079974-11-000310.txt
"Yanglin Soybean, Inc.",0001368745,10-K,2011-04-12,edgar/data/1368745/0001144204-11-021605.txt
"Secure Netwerks, Inc.",0001368761,10-K,2011-04-15,edgar/data/1368761/0001391609-11-000176.txt
"Burlington Coat Factory Investments Holdings, Inc.",0001368775,10-K,2011-04-14,edgar/data/1368775/0001368775-11-000003.txt
"La Cortez Energy, Inc.",0001368964,10-K,2011-04-01,edgar/data/1368964/0001144204-11-019285.txt
"Nevada Gold Holdings, Inc.",0001369203,10-K,2011-04-15,edgar/data/1369203/0001144204-11-022404.txt
MIZATI LUXURY ALLOY WHEELS INC,0001369444,10-K,2011-04-15,edgar/data/1369444/0001144204-11-022599.txt
"Bluefire Renewables, Inc.",0001370489,10-K,2011-04-07,edgar/data/1370489/0001144204-11-020666.txt
DIAGNOSTIC IMAGING INTERNATIONAL CORP,0001370804,10-K,2011-04-29,edgar/data/1370804/0001158957-11-000115.txt
Mackenzie Taylor Minerals Inc.,0001371247,10-K,2011-05-13,edgar/data/1371247/0001371247-11-000002.txt
"Next 1 Interactive, Inc.",0001372183,10-K,2011-06-15,edgar/data/1372183/0001144204-11-035945.txt
Nova Mining CORP,0001372184,10-K,2011-06-21,edgar/data/1372184/0001262463-11-000076.txt
Nova Mining CORP,0001372184,10-K,2011-06-29,edgar/data/1372184/0001262463-11-000082.txt
"China Forestry Industry Group, Inc.",0001373683,10-K,2011-04-15,edgar/data/1373683/0001204459-11-001060.txt
"LED Power Group, Inc.",0001373761,10-K,2011-04-15,edgar/data/1373761/0001144204-11-022427.txt
"BioCube, INC.",0001374135,10-K,2011-05-17,edgar/data/1374135/0001374135-11-000025.txt
"BOND LABORATORIES, INC.",0001374328,10-K,2011-04-15,edgar/data/1374328/0001415889-11-000236.txt
"CASINO PLAYERS, INC.",0001374536,10-K,2011-04-11,edgar/data/1374536/0001374536-11-000003.txt
TAMM Oil & Gas Corp.,0001374845,10-K,2011-06-30,edgar/data/1374845/0001096906-11-001344.txt
"Northport Network Systems, Inc.",0001374976,10-K,2011-04-15,edgar/data/1374976/0001020229-11-000040.txt
SOLAR ACQUISITION CORP.,0001375495,10-K,2011-04-15,edgar/data/1375495/0001477932-11-000537.txt
"ISDERA NORTH AMERICA, INC.",0001375911,10-K,2011-04-15,edgar/data/1375911/0001193805-11-000734.txt
"Paneltech International Holdings, Inc.",0001376502,10-K,2011-04-15,edgar/data/1376502/0001213900-11-002040.txt
GENERAL AUTOMOTIVE CO,0001376668,10-K,2011-04-15,edgar/data/1376668/0001376668-11-000005.txt
CareView Communications Inc,0001377149,10-K,2011-04-15,edgar/data/1377149/0001387131-11-000604.txt
"Qingdao Footwear, Inc.",0001377256,10-K,2011-05-05,edgar/data/1377256/0001144204-11-026235.txt
"HUNT GLOBAL RESOURCES, INC.",0001377318,10-K,2011-04-15,edgar/data/1377318/0001447572-11-000041.txt
CYBERDEFENDER CORP,0001377720,10-K,2011-04-01,edgar/data/1377720/0001144204-11-019615.txt
SARATOGA INVESTMENT CORP.,0001377936,10-K,2011-05-23,edgar/data/1377936/0001047469-11-005452.txt
"Okana Ventures, Inc.",0001378076,10-K,2011-04-15,edgar/data/1378076/0001062993-11-001526.txt
"Mogul Energy International, Inc.",0001378195,10-K,2011-04-15,edgar/data/1378195/0001140361-11-022278.txt
EastBridge Investment Group Corp,0001378624,10-K,2011-04-14,edgar/data/1378624/0001354488-11-001192.txt
Loreto Resources Corp.,0001380412,10-K,2011-04-12,edgar/data/1380412/0001144204-11-021610.txt
GC China Turbine Corp.,0001380528,10-K,2011-04-01,edgar/data/1380528/0001144204-11-019386.txt
"JBI, INC.",0001381105,10-K,2011-04-20,edgar/data/1381105/0001213900-11-002119.txt
Urban Ag. Corp.,0001381324,10-K,2011-04-15,edgar/data/1381324/0001167687-11-000005.txt
"Giggles N' Hugs, Inc.",0001381435,10-K,2011-04-15,edgar/data/1381435/0001077048-11-000102.txt
Stewart & Stevenson LLC,0001381455,10-K,2011-05-02,edgar/data/1381455/0001047469-11-004379.txt
ORB Automotive,0001381805,10-K,2011-04-15,edgar/data/1381805/0001144204-11-022565.txt
China Growth CORP,0001381807,10-K,2011-04-15,edgar/data/1381807/0001213900-11-002039.txt
vitaminspice,0001382056,10-K,2011-04-15,edgar/data/1382056/0001127855-11-000186.txt
"Great East Bottles & Drinks (China) Holdings, Inc",0001382112,10-K,2011-04-15,edgar/data/1382112/0001023175-11-000202.txt
"Shopoff Properties Trust, Inc.",0001382134,10-K,2011-04-15,edgar/data/1382134/0001144204-11-022100.txt
STRONGBOW RESOURCES INC.,0001382231,10-K,2011-05-31,edgar/data/1382231/0001354488-11-001747.txt
"Delanco Bancorp, Inc",0001382413,10-K,2011-06-29,edgar/data/1382413/0001144204-11-038222.txt
"Game Trading Technologies, Inc.",0001382805,10-K,2011-04-15,edgar/data/1382805/0001013762-11-001042.txt
SUNOVIA ENERGY TECHNOLOGIES INC,0001383006,10-K,2011-04-20,edgar/data/1383006/0001013762-11-001104.txt
"COPsync, Inc.",0001383154,10-K,2011-04-15,edgar/data/1383154/0001140377-11-000027.txt
TRANSACT ENERGY CORP,0001383394,10-K,2011-04-15,edgar/data/1383394/0001078782-11-001044.txt
"Phoenix International Ventures, Inc.",0001383637,10-K,2011-05-16,edgar/data/1383637/0001108017-11-000179.txt
"UNIVERSITY GENERAL HEALTH SYSTEM, INC.",0001383960,10-K,2011-05-09,edgar/data/1383960/0001059016-11-000035.txt
"Oak Tree Educational Partners, Inc.",0001384086,10-K,2011-04-12,edgar/data/1384086/0001144204-11-021539.txt
"Xenacare Holdings, Inc.",0001384356,10-K,2011-04-15,edgar/data/1384356/0000943440-11-000169.txt
"SavWatt USA, Inc.",0001385305,10-K,2011-04-15,edgar/data/1385305/0001165527-11-000359.txt
"Tiger Oil & Energy, Inc.",0001386018,10-K,2011-04-15,edgar/data/1386018/0001188112-11-001069.txt
China Skyrise Digital Service Inc.,0001386019,10-K,2011-04-01,edgar/data/1386019/0001204459-11-000948.txt
Tara Minerals Corp.,0001387054,10-K,2011-04-15,edgar/data/1387054/0001023175-11-000208.txt
POWRTEC CORP,0001387673,10-K,2011-04-15,edgar/data/1387673/0001078782-11-001042.txt
Accredited Members Holding Corp,0001388132,10-K,2011-04-05,edgar/data/1388132/0001079973-11-000273.txt
"WebSafety, Inc.",0001388295,10-K,2011-04-14,edgar/data/1388295/0001144204-11-022059.txt
"BIOHEART, INC.",0001388319,10-K,2011-05-10,edgar/data/1388319/0001145443-11-000484.txt
Endeavor Power Corp,0001388410,10-K,2011-04-14,edgar/data/1388410/0001078782-11-000999.txt
American Exploration Corp,0001388486,10-K,2011-04-05,edgar/data/1388486/0001477932-11-000461.txt
MABCURE INC.,0001388490,10-K,2011-04-15,edgar/data/1388490/0001062993-11-001530.txt
"CHINA GREEN CREATIVE, INC.",0001388978,10-K,2011-04-15,edgar/data/1388978/0001023175-11-000201.txt
Kallo Inc.,0001389034,10-K,2011-05-18,edgar/data/1389034/0001002014-11-000233.txt
"ROADSHIPS HOLDINGS, INC.",0001389067,10-K,2011-05-16,edgar/data/1389067/0001432093-11-000301.txt
Innolog Holdings Corp.,0001389115,10-K,2011-05-18,edgar/data/1389115/0001144204-11-030777.txt
Freshwater Technologies Inc.,0001389405,10-K,2011-04-15,edgar/data/1389405/0001415408-11-000200.txt
First Surgical Partners Inc.,0001389413,10-K,2011-04-15,edgar/data/1389413/0001144204-11-022595.txt
"Tongji Healthcare Group, Inc.",0001389518,10-K,2011-04-15,edgar/data/1389518/0001199835-11-000278.txt
"OMNI BIO PHARMACEUTICAL, INC.",0001389870,10-K,2011-06-29,edgar/data/1389870/0000950123-11-062720.txt
"World Series of Golf, Inc.",0001389879,10-K,2011-04-12,edgar/data/1389879/0001013762-11-000998.txt
Skyview Holdings Corp.,0001390028,10-K,2011-04-12,edgar/data/1390028/0001023175-11-000192.txt
Skyview Holdings Corp.,0001390028,10-K,2011-05-02,edgar/data/1390028/0001023175-11-000227.txt
"YAFARM TECHNOLOGIES, INC.",0001390329,10-K,2011-04-21,edgar/data/1390329/0001013762-11-001124.txt
RXI PHARMACEUTICALS CORP,0001390478,10-K,2011-04-15,edgar/data/1390478/0000950123-11-036134.txt
Avro Energy Inc.,0001390778,10-K,2011-04-15,edgar/data/1390778/0001165527-11-000363.txt
Team Nation Holdings CORP,0001390891,10-K,2011-04-11,edgar/data/1390891/0001185185-11-000463.txt
BIOFUELS POWER CORP,0001391407,10-K,2011-04-15,edgar/data/1391407/0001432093-11-000214.txt
"CHINA VITUP HEALTH CARE HOLDINGS, INC.",0001391426,10-K,2011-04-15,edgar/data/1391426/0001137050-11-000081.txt
"Princeton Security Technologies, Inc.",0001391614,10-K,2011-04-14,edgar/data/1391614/0000823579-11-000127.txt
"Coyote Resources, Inc.",0001392121,10-K,2011-04-04,edgar/data/1392121/0001469299-11-000208.txt
China Sports Holding Co Ltd,0001392446,10-K,2011-04-15,edgar/data/1392446/0001213900-11-001986.txt
"Midas Medici Group Holdings, Inc.",0001392448,10-K,2011-04-04,edgar/data/1392448/0001013762-11-000927.txt
Green Planet Bio Engineering Co. Ltd.,0001392449,10-K,2011-04-14,edgar/data/1392449/0001354488-11-001194.txt
XTREME GREEN PRODUCTS INC.,0001392477,10-K,2011-04-13,edgar/data/1392477/0001144204-11-021718.txt
"Lightning Gaming, Inc.",0001392545,10-K,2011-04-07,edgar/data/1392545/0000890163-11-000049.txt
"Consolidation Services, Inc.",0001392960,10-K,2011-04-15,edgar/data/1392960/0001393905-11-000240.txt
Petrocorp Inc,0001393044,10-K,2011-04-15,edgar/data/1393044/0001331186-11-000011.txt
AbitibiBowater Inc.,0001393066,10-K,2011-04-05,edgar/data/1393066/0000950123-11-033041.txt
SOUTHERN BELLA INC,0001393403,10-K,2011-04-14,edgar/data/1393403/0001477932-11-000519.txt
IGEN NETWORKS CORP,0001393540,10-K,2011-04-12,edgar/data/1393540/0001137171-11-000206.txt
UNITED MINES INC,0001393772,10-K,2011-04-07,edgar/data/1393772/0001199835-11-000235.txt
"Vanity Events Holding, Inc.",0001393935,10-K,2011-04-15,edgar/data/1393935/0001013762-11-001047.txt
"AMERICAN JIANYE GREENTECH HOLDINGS, LTD.",0001394108,10-K,2011-04-28,edgar/data/1394108/0001144204-11-024458.txt
ANHUI TAIYANG POULTRY CO INC,0001394120,10-K,2011-04-15,edgar/data/1394120/0001019056-11-000438.txt
CREATIVE LEARNING Corp,0001394638,10-K,2011-04-27,edgar/data/1394638/0001004878-11-000157.txt
"Exmovere Holdings, Inc.",0001394779,10-K,2011-05-31,edgar/data/1394779/0001354488-11-001752.txt
"MIPSolutions, Inc.",0001394872,10-K,2011-04-20,edgar/data/1394872/0001052918-11-000174.txt
"GT Solar International, Inc.",0001394954,10-K,2011-05-25,edgar/data/1394954/0001047469-11-005518.txt
MAINLAND RESOURCES INC.,0001395205,10-K,2011-06-01,edgar/data/1395205/0001183740-11-000398.txt
Horiyoshi Worldwide Inc.,0001396118,10-K,2011-04-08,edgar/data/1396118/0001062993-11-001406.txt
IRIS BIOTECHNOLOGIES INC,0001396238,10-K,2011-04-06,edgar/data/1396238/0001104659-11-018915.txt
"hhgregg, Inc.",0001396279,10-K,2011-05-26,edgar/data/1396279/0001193125-11-150986.txt
"Anchor Funding Services, Inc.",0001397047,10-K,2011-04-01,edgar/data/1397047/0001013762-11-000907.txt
IMH Financial Corp,0001397403,10-K,2011-04-15,edgar/data/1397403/0001144204-11-022540.txt
"NINE MILE SOFTWARE, INC.",0001398004,10-K,2011-04-04,edgar/data/1398004/0000931731-11-000071.txt
"World Mortgage Exchange Group, Inc.",0001398488,10-K,2011-04-18,edgar/data/1398488/0001161697-11-000336.txt
"Go Solar USA, Inc.",0001398522,10-K,2011-05-02,edgar/data/1398522/0001144204-11-025502.txt
Sunrise Global Inc.,0001398529,10-K,2011-06-24,edgar/data/1398529/0001398529-11-000006.txt
"Madison Enterprises Group, Inc.",0001398604,10-K,2011-04-15,edgar/data/1398604/0001185185-11-000511.txt
Grid Petroleum Corp.,0001399306,10-K,2011-06-24,edgar/data/1399306/0001504167-11-000072.txt
Winwheel Bullion Inc.,0001399480,10-K,2011-04-28,edgar/data/1399480/0001437749-11-002616.txt
"DemandTec, Inc.",0001400400,10-K,2011-04-21,edgar/data/1400400/0001047469-11-003935.txt
MF Global Holdings Ltd.,0001401106,10-K,2011-05-20,edgar/data/1401106/0001193125-11-145663.txt
"Vitacost.com, Inc.",0001401688,10-K,2011-06-16,edgar/data/1401688/0001144204-11-036096.txt
CHINA PROSPEROUS CLEAN ENERGY Corp,0001402159,10-K,2011-04-14,edgar/data/1402159/0001010549-11-000364.txt
"Pro-Tech Industries, Inc.",0001402186,10-K,2011-04-15,edgar/data/1402186/0001144204-11-022510.txt
"ELRAY RESOURCES, INC.",0001402371,10-K,2011-04-15,edgar/data/1402371/0001273511-11-000140.txt
NORTHERN MINERALS INC.,0001402486,10-K,2011-06-17,edgar/data/1402486/0001165527-11-000560.txt
"AI DOCUMENT SERVICES, INC.",0001402536,10-K,2011-05-06,edgar/data/1402536/0001078782-11-001233.txt
"Clear Skies Solar, Inc",0001402857,10-K,2011-04-14,edgar/data/1402857/0001078782-11-000992.txt
Progressive Care Inc.,0001402945,10-K,2011-04-15,edgar/data/1402945/0001013762-11-001059.txt
"ROYAL UNION HOLDINGS, CORP.",0001404212,10-K,2011-04-15,edgar/data/1404212/0001144204-11-022240.txt
Atlantic Coast Financial CORP,0001404296,10-K,2011-04-01,edgar/data/1404296/0001144204-11-019351.txt
Medical Care Technologies Inc.,0001404593,10-K,2011-04-01,edgar/data/1404593/0001213900-11-001746.txt
"Photovoltaic Solar Cells, Inc.",0001404943,10-K,2011-05-25,edgar/data/1404943/0001144204-11-032392.txt
"LAS VEGAS RAILWAY EXPRESS, INC.",0001405227,10-K,2011-06-24,edgar/data/1405227/0001096906-11-001273.txt
"TheraBiogen, Inc.",0001405286,10-K,2011-06-15,edgar/data/1405286/0001013762-11-001751.txt
"NGA Holdco, LLC",0001405621,10-K,2011-04-13,edgar/data/1405621/0001193125-11-096617.txt
"Abtech Holdings, Inc.",0001405858,10-K,2011-04-04,edgar/data/1405858/0000950123-11-032406.txt
"XODTEC LED, INC.",0001407704,10-K,2011-06-15,edgar/data/1407704/0001213900-11-003274.txt
"Total Nutraceutical Solutions, Inc.",0001408299,10-K,2011-05-18,edgar/data/1408299/0001469709-11-000077.txt
KOKO LTD.,0001408351,10-K,2011-04-14,edgar/data/1408351/0001002014-11-000148.txt
11 GOOD ENERGY INC,0001408597,10-K,2011-04-15,edgar/data/1408597/0000930413-11-002778.txt
SGB International Holdings Inc.,0001408956,10-K,2011-06-29,edgar/data/1408956/0001062993-11-002792.txt
Titan Machinery Inc.,0001409171,10-K,2011-04-18,edgar/data/1409171/0001047469-11-003749.txt
"BRIDGETON GLOBAL DIRECTIONAL FUND, LP",0001409834,10-K,2011-04-01,edgar/data/1409834/0001140361-11-020183.txt
LendingClub Corp,0001409970,10-K,2011-06-29,edgar/data/1409970/0000950123-11-062871.txt
"INTERNATIONAL INDUSTRIAL ENTERPRISES, INC.",0001409986,10-K,2011-04-18,edgar/data/1409986/0001078782-11-001059.txt
"INTERNATIONAL INDUSTRIAL ENTERPRISES, INC.",0001409986,10-K,2011-04-18,edgar/data/1409986/0001078782-11-001067.txt
"Digital Development Partners, Inc.",0001409999,10-K,2011-04-14,edgar/data/1409999/0001004878-11-000142.txt
"GreenHunter Energy, Inc.",0001410056,10-K,2011-04-01,edgar/data/1410056/0000950123-11-031638.txt
"Platinum Studios, Inc.",0001410132,10-K,2011-04-15,edgar/data/1410132/0001140905-11-000033.txt
PACIFIC BLUE ENERGY CORP.,0001410187,10-K,2011-04-13,edgar/data/1410187/0001078782-11-000981.txt
LEEWARD GROUP HOLDINGS INC.,0001410690,10-K,2011-04-14,edgar/data/1410690/0001093287-11-000035.txt
COVENANT GROUP OF CHINA INC,0001410725,10-K,2011-04-15,edgar/data/1410725/0001213900-11-002016.txt
"MAXSYS HOLDINGS, INC.",0001411164,10-K,2011-04-15,edgar/data/1411164/0001096906-11-000723.txt
Reef Oil & Gas Income & Development Fund III LP,0001411643,10-K,2011-04-18,edgar/data/1411643/0001104659-11-020439.txt
Digitiliti Inc,0001411658,10-K,2011-04-14,edgar/data/1411658/0000950123-11-035519.txt
"BTHC XV, Inc.",0001412090,10-K,2011-04-15,edgar/data/1412090/0001010549-11-000381.txt
Kat Gold Holdings Corp.,0001412126,10-K,2011-04-15,edgar/data/1412126/0000930413-11-002775.txt
"Kraig Biocraft Laboratories, Inc",0001413119,10-K,2011-04-15,edgar/data/1413119/0001213900-11-002024.txt
"CHINA JO-JO DRUGSTORES, INC.",0001413263,10-K,2011-06-29,edgar/data/1413263/0001157523-11-003828.txt
Lantis Laser Inc.,0001413299,10-K,2011-04-12,edgar/data/1413299/0001144204-11-021497.txt
"Options Media Group Holdings, Inc.",0001413993,10-K,2011-05-17,edgar/data/1413993/0001354488-11-001601.txt
"PALMDALE EXECUTIVE HOMES, CORP.",0001414030,10-K,2011-04-15,edgar/data/1414030/0001477932-11-000529.txt
"DIGITAL YEARBOOK, INC.",0001414043,10-K,2011-05-18,edgar/data/1414043/0001062993-11-002266.txt
"PURESPECTRUM, INC.",0001415306,10-K,2011-04-15,edgar/data/1415306/0001131754-11-000055.txt
Lithium Corp,0001415332,10-K,2011-04-11,edgar/data/1415332/0001165527-11-000338.txt
Expedite 5 Inc,0001415598,10-K,2011-04-14,edgar/data/1415598/0001213900-11-001930.txt
MusclePharm Corp,0001415684,10-K,2011-04-01,edgar/data/1415684/0001144204-11-019390.txt
"Race World International, Inc.",0001415736,10-K,2011-05-03,edgar/data/1415736/0001517126-11-000038.txt
National Automation Services Inc,0001415998,10-K,2011-04-14,edgar/data/1415998/0001023175-11-000199.txt
"IRON MINING GROUP, INC.",0001416712,10-K,2011-04-19,edgar/data/1416712/0001213900-11-002093.txt
"Medical Billing Assistance, Inc.",0001416876,10-K,2011-04-15,edgar/data/1416876/0001013762-11-001049.txt
"INVO Bioscience, Inc.",0001417926,10-K,2011-04-15,edgar/data/1417926/0001185185-11-000506.txt
"Salamander Innisbrook, LLC",0001418372,10-K,2011-04-04,edgar/data/1418372/0001193125-11-088051.txt
"China Renewable Energy Holdings, Inc.",0001418506,10-K,2011-04-15,edgar/data/1418506/0000943440-11-000165.txt
ColorStars Group,0001418780,10-K,2011-04-14,edgar/data/1418780/0001463403-11-000077.txt
"ASAP Expo, Inc.",0001419275,10-K,2011-04-15,edgar/data/1419275/0001185185-11-000504.txt
INTERNATIONAL SILVER INC,0001419482,10-K,2011-04-25,edgar/data/1419482/0001477932-11-000574.txt
"RT Technologies, Inc.",0001419559,10-K,2011-04-15,edgar/data/1419559/0001078782-11-001037.txt
"ISLAND BREEZE INTERNATIONAL, INC.",0001419886,10-K,2011-04-15,edgar/data/1419886/0001185185-11-000494.txt
Data Storage Corp,0001419951,10-K,2011-04-15,edgar/data/1419951/0001213900-11-002018.txt
Bio-Solutions Corp.,0001420108,10-K,2011-04-14,edgar/data/1420108/0001096350-11-000063.txt
"PrismOne Group, Inc.",0001420216,10-K,2011-05-13,edgar/data/1420216/0001507718-11-000098.txt
FIRST RESOURCES CORP,0001420239,10-K,2011-04-15,edgar/data/1420239/0001078782-11-001014.txt
Bio-Carbon Solutions International Inc.,0001420368,10-K,2011-04-15,edgar/data/1420368/0001144204-11-022563.txt
"MUSTANG ALLIANCES, INC.",0001420421,10-K,2011-04-14,edgar/data/1420421/0001213900-11-001938.txt
Smart Ventures Inc.,0001420915,10-K,2011-04-15,edgar/data/1420915/0001096350-11-000064.txt
WESTMOUNTAIN ASSET MANAGEMENT INC,0001421603,10-K,2011-04-15,edgar/data/1421603/0001079974-11-000326.txt
"Alternate Energy Solutions, Inc.",0001421816,10-K,2011-04-11,edgar/data/1421816/0001144204-11-021159.txt
Structural Enhancement Technologies Corp,0001421851,10-K,2011-05-19,edgar/data/1421851/0001477932-11-000767.txt
"ALTERNATE ENERGY HOLDINGS, INC.",0001421874,10-K,2011-04-06,edgar/data/1421874/0001437749-11-002121.txt
"Liberto, Inc.",0001421901,10-K,2011-04-15,edgar/data/1421901/0001507718-11-000081.txt
Conquest Petroleum Inc,0001422220,10-K,2011-04-15,edgar/data/1422220/0001171843-11-001009.txt
Reshoot Production CO,0001422768,10-K,2011-04-08,edgar/data/1422768/0001422768-11-000003.txt
"HOLLYWOOD ENTERTAINMENT EDU HOLDING, INC.",0001423588,10-K,2011-04-15,edgar/data/1423588/0001144204-11-022310.txt
"Rhino Productions, Inc.",0001423723,10-K,2011-04-12,edgar/data/1423723/0001193805-11-000706.txt
Monster Offers,0001423746,10-K,2011-04-15,edgar/data/1423746/0001423746-11-000008.txt
"Farrallon, Inc",0001423974,10-K,2011-04-11,edgar/data/1423974/0001264931-11-000168.txt
IVT SOFTWARE INC,0001424280,10-K,2011-04-15,edgar/data/1424280/0001424280-11-000015.txt
LEAGUE NOW HOLDINGS CORP,0001424657,10-K,2011-04-15,edgar/data/1424657/0001493152-11-000103.txt
"AAA PUBLIC ADJUSTING GROUP, INC.",0001424718,10-K,2011-04-14,edgar/data/1424718/0001144204-11-021914.txt
"SpectrumDNA, Inc.",0001424988,10-K,2011-04-15,edgar/data/1424988/0001144204-11-022143.txt
"Genesis Biopharma, Inc",0001425205,10-K,2011-04-14,edgar/data/1425205/0001144204-11-021982.txt
GRANT HARTFORD CORP,0001425392,10-K,2011-04-15,edgar/data/1425392/0001085760-11-000029.txt
"Mesa Energy Holdings, Inc.",0001425597,10-K,2011-06-03,edgar/data/1425597/0001144204-11-033825.txt
IMAGINE MEDIA LTD,0001425627,10-K,2011-04-15,edgar/data/1425627/0001004878-11-000144.txt
VENTRUS BIOSCIENCES INC,0001426800,10-K,2011-04-13,edgar/data/1426800/0001144204-11-021813.txt
"InfoSpi, Inc.",0001427352,10-K,2011-04-15,edgar/data/1427352/0001477932-11-000527.txt
ADEN SOLUTIONS INC.,0001427639,10-K,2011-04-12,edgar/data/1427639/0001294606-11-000032.txt
5to1 Holding Corp.,0001428203,10-K,2011-04-15,edgar/data/1428203/0001469299-11-000223.txt
"MIMVI, INC.",0001428397,10-K,2011-04-08,edgar/data/1428397/0001308411-11-000047.txt
"Voice Assist, Inc.",0001428469,10-K,2011-04-01,edgar/data/1428469/0001077048-11-000079.txt
UNITED COMMUNICATIONS PARTNERS INC,0001428508,10-K,2011-04-15,edgar/data/1428508/0001062993-11-001518.txt
GREEN ENVIROTECH HOLDINGS CORP.,0001428765,10-K,2011-04-04,edgar/data/1428765/0001013762-11-000921.txt
Neohydro Technologies Corp.,0001428816,10-K,2011-04-15,edgar/data/1428816/0001062993-11-001528.txt
EASTERN RESOURCES INC,0001429373,10-K,2011-04-15,edgar/data/1429373/0001144204-11-022312.txt
Bollente Companies Inc.,0001429393,10-K,2011-04-15,edgar/data/1429393/0001077048-11-000100.txt
"GLOBAL NUTECH, INC.",0001429627,10-K,2011-04-15,edgar/data/1429627/0001165527-11-000362.txt
"Car Charging Group, Inc.",0001429764,10-K,2011-04-13,edgar/data/1429764/0001213900-11-001914.txt
"Reach Messaging Holdings, Inc.",0001429900,10-K,2011-04-15,edgar/data/1429900/0001213900-11-002033.txt
"Oro East Mining, Inc.",0001430174,10-K,2011-04-15,edgar/data/1430174/0001144204-11-022422.txt
National Asset Recovery Corp.,0001430683,10-K,2011-04-01,edgar/data/1430683/0001477932-11-000440.txt
INTERNATIONAL DEVELOPMENT & ENVIRONMENTAL HOLDINGS,0001430744,10-K,2011-04-15,edgar/data/1430744/0001144204-11-022438.txt
"Tupper, Inc.",0001430869,10-K,2011-06-06,edgar/data/1430869/0001255294-11-000328.txt
FLURIDA GROUP INC,0001430960,10-K,2011-04-01,edgar/data/1430960/0001144204-11-019460.txt
"LiverpoolGroup, Inc.",0001431835,10-K,2011-06-23,edgar/data/1431835/0001225279-11-000089.txt
"Locan, Inc.",0001431837,10-K,2011-06-23,edgar/data/1431837/0001225279-11-000088.txt
"POTASH AMERICA, INC.",0001431880,10-K,2011-06-29,edgar/data/1431880/0001273511-11-000200.txt
TORCHLIGHT ENERGY RESOURCES INC,0001431959,10-K,2011-04-15,edgar/data/1431959/0001078782-11-001038.txt
"Millstream Ventures, Inc.",0001432001,10-K,2011-06-09,edgar/data/1432001/0001078782-11-001610.txt
"Innovative Wireless Technologies, Inc.",0001432272,10-K,2011-04-15,edgar/data/1432272/0001144204-11-022342.txt
"Secure Window Blinds, Inc.",0001432290,10-K,2011-04-15,edgar/data/1432290/0000931731-11-000088.txt
Cyber Supply Inc.,0001432754,10-K,2011-05-31,edgar/data/1432754/0001294606-11-000063.txt
ENERGY & TECHNOLOGY CORP.,0001432963,10-K,2011-04-15,edgar/data/1432963/0001213900-11-001976.txt
Sino-American Investment Holdings Inc.,0001433564,10-K,2011-05-16,edgar/data/1433564/0001433564-11-000001.txt
"Noble Medical Technologies, Inc.",0001433593,10-K,2011-04-15,edgar/data/1433593/0001144204-11-022195.txt
"Sunset Suits Holdings, Inc.",0001433665,10-K,2011-06-07,edgar/data/1433665/0001204459-11-001607.txt
MASSEY EXPLORATION CORP.,0001433818,10-K,2011-05-24,edgar/data/1433818/0001165527-11-000501.txt
AFFINITY MEDIAWORKS CORP,0001433821,10-K,2011-05-20,edgar/data/1433821/0001517126-11-000077.txt
"SINOCOM PHARMACEUTICAL, INC.",0001434017,10-K,2011-04-15,edgar/data/1434017/0001137050-11-000083.txt
Propell Corporation.,0001434110,10-K,2011-04-13,edgar/data/1434110/0001398432-11-000357.txt
MediStaff CORP,0001434485,10-K,2011-06-27,edgar/data/1434485/0001185185-11-000911.txt
Intelimax Media Inc.,0001434598,10-K,2011-06-28,edgar/data/1434598/0001415408-11-000324.txt
"China Wi-Max Communications, Inc.",0001434667,10-K,2011-04-15,edgar/data/1434667/0001144204-11-022528.txt
GulfStar Energy Corp,0001434702,10-K,2011-04-22,edgar/data/1434702/0001072588-11-000079.txt
Ranger Gold Corp.,0001434740,10-K,2011-06-29,edgar/data/1434740/0000939802-11-000146.txt
1st Financial Services CORP,0001434743,10-K,2011-04-14,edgar/data/1434743/0001354488-11-001189.txt
Aurios Inc.,0001434768,10-K,2011-04-15,edgar/data/1434768/0001144204-11-022498.txt
SILVER HILL MINES INC,0001434994,10-K,2011-04-12,edgar/data/1434994/0001052918-11-000157.txt
CONNECT CORP,0001435039,10-K,2011-04-15,edgar/data/1435039/0001056520-11-000129.txt
"Sweetwater Resources, Inc.",0001435163,10-K,2011-06-08,edgar/data/1435163/0001435163-11-000004.txt
Santos Resource Corp.,0001435387,10-K,2011-05-31,edgar/data/1435387/0001137070-11-000008.txt
"Adelman Enterprises, Inc.",0001435613,10-K,2011-04-20,edgar/data/1435613/0001144204-11-023225.txt
Opera Jet International Ltd,0001435615,10-K,2011-04-14,edgar/data/1435615/0001021432-11-000035.txt
"POWERDYNE INTERNATIONAL, INC.",0001435617,10-K,2011-04-12,edgar/data/1435617/0001144204-11-021495.txt
"DECOR PRODUCTS INTERNATIONAL, INC.",0001435717,10-K,2011-04-15,edgar/data/1435717/0001019687-11-001221.txt
"Eaglecrest Resources, Inc.",0001436164,10-K,2011-04-29,edgar/data/1436164/0001436164-11-000003.txt
"Evetsco, Inc.",0001437172,10-K,2011-04-12,edgar/data/1437172/0001078782-11-000960.txt
SWISSINSO HOLDING INC.,0001437395,10-K,2011-04-15,edgar/data/1437395/0001213900-11-001984.txt
Savoy Energy Corp,0001437751,10-K,2011-04-11,edgar/data/1437751/0001144204-11-021153.txt
"Rangeford Resources, Inc.",0001438035,10-K,2011-06-01,edgar/data/1438035/0001078782-11-001532.txt
Business Marketing Services Inc,0001438138,10-K,2011-04-15,edgar/data/1438138/0001213900-11-001998.txt
"Desert Gateway, Inc.",0001438533,10-K,2011-05-25,edgar/data/1438533/0001225279-11-000079.txt
"Entertainment Art, Inc.",0001438576,10-K,2011-06-29,edgar/data/1438576/0001213900-11-003465.txt
"VIRTUAL MEDICAL INTERNATIONAL, INC.",0001438650,10-K,2011-04-15,edgar/data/1438650/0001002014-11-000161.txt
AYERS EXPLORATION INC.,0001438660,10-K,2011-04-06,edgar/data/1438660/0001432093-11-000190.txt
ARTEPHARM GLOBAL CORP.,0001438673,10-K,2011-04-15,edgar/data/1438673/0001183740-11-000290.txt
SILLENGER EXPLORATION CORP.,0001438882,10-K,2011-06-15,edgar/data/1438882/0001010549-11-000616.txt
"Strike Axe, Inc",0001438945,10-K,2011-05-25,edgar/data/1438945/0001225279-11-000078.txt
United States Oil & Gas Corp,0001439154,10-K,2011-04-19,edgar/data/1439154/0001214659-11-001311.txt
"Life Nutrition Products, Inc",0001439237,10-K,2011-04-15,edgar/data/1439237/0001439237-11-000002.txt
"China Ceetop.com, Inc.",0001439254,10-K,2011-04-15,edgar/data/1439254/0001213900-11-001980.txt
"Global Pharm Holdings Group, Inc.",0001439434,10-K,2011-04-13,edgar/data/1439434/0001144204-11-021826.txt
"Advanced Water Technology Holdings, Inc.",0001439570,10-K,2011-04-14,edgar/data/1439570/0001171520-11-000305.txt
BAETA CORP,0001439636,10-K,2011-04-01,edgar/data/1439636/0001144204-11-019468.txt
"RESOURCE HOLDINGS, INC.",0001439746,10-K,2011-04-15,edgar/data/1439746/0001144204-11-022380.txt
"Greenwood Gold Resources, Inc.",0001440172,10-K,2011-04-13,edgar/data/1440172/0001369270-11-000076.txt
"Target Acquisitions I, Inc.",0001440208,10-K,2011-05-10,edgar/data/1440208/0001144204-11-027508.txt
"Target Acquisitions I, Inc.",0001440208,10-K,2011-05-10,edgar/data/1440208/0001144204-11-027512.txt
METHA ENERGY SOLUTIONS INC.,0001440760,10-K,2011-04-15,edgar/data/1440760/0001213900-11-002044.txt
"China Electronics Holdings, Inc.",0001440770,10-K,2011-04-18,edgar/data/1440770/0001144204-11-022613.txt
"iGenii, Inc.",0001441573,10-K,2011-04-12,edgar/data/1441573/0001188112-11-000987.txt
DIRECTVIEW HOLDINGS INC,0001441769,10-K,2011-04-15,edgar/data/1441769/0001437749-11-002354.txt
"WESTERN LUCRATIVE ENTERPRISES, INC.",0001442101,10-K,2011-04-14,edgar/data/1442101/0001078782-11-000997.txt
BIOMEDICAL TECHNOLOGY SOLUTIONS HOLDINGS INC,0001443062,10-K,2011-04-20,edgar/data/1443062/0001269678-11-000200.txt
Cormac Mining Inc.,0001443270,10-K,2011-04-13,edgar/data/1443270/0001002014-11-000135.txt
Booz Allen Hamilton Holding Corp,0001443646,10-K,2011-06-08,edgar/data/1443646/0000950123-11-057569.txt
"Freedom Environmental Services, Inc.",0001443818,10-K,2011-06-07,edgar/data/1443818/0000823579-11-000186.txt
"Mondo Acquisition V, Inc.",0001443823,10-K,2011-04-15,edgar/data/1443823/0001013762-11-001028.txt
"Mondo Acquisition VI, Inc.",0001443824,10-K,2011-04-15,edgar/data/1443824/0001013762-11-001030.txt
"FRESH START PRIVATE MANAGEMENT, INC.",0001443863,10-K,2011-04-15,edgar/data/1443863/0001469928-11-000046.txt
"KORE NUTRITION, INC.",0001444064,10-K,2011-04-15,edgar/data/1444064/0001062993-11-001546.txt
ACCELERATED ACQUISITIONS IV INC,0001444144,10-K,2011-04-15,edgar/data/1444144/0001079974-11-000328.txt
"EXERCISE FOR LIFE SYSTEMS, INC.",0001444279,10-K,2011-04-15,edgar/data/1444279/0001264931-11-000180.txt
GOLD STANDARD MINING CORP.,0001444403,10-K,2011-05-16,edgar/data/1444403/0001086715-11-000045.txt
EPOD Solar Inc.,0001445235,10-K,2011-04-15,edgar/data/1445235/0001204459-11-001052.txt
"Conforce International, Inc.",0001445297,10-K,2011-06-29,edgar/data/1445297/0001096906-11-001334.txt
"ART DIMENSIONS, INC.",0001445918,10-K,2011-04-14,edgar/data/1445918/0001079974-11-000311.txt
"TNP Strategic Retail Trust, Inc.",0001446371,10-K,2011-04-01,edgar/data/1446371/0001193125-11-086980.txt
"International Paintball Association, Inc.",0001446801,10-K,2011-04-14,edgar/data/1446801/0001010549-11-000366.txt
COMMERCETEL CORP,0001447380,10-K,2011-04-14,edgar/data/1447380/0001415889-11-000223.txt
"RoomStore, Inc.",0001448064,10-K,2011-05-31,edgar/data/1448064/0001193125-11-154845.txt
"CALIBRUS, INC.",0001448558,10-K,2011-04-13,edgar/data/1448558/0000823579-11-000125.txt
US NATURAL GAS CORP,0001448695,10-K,2011-04-08,edgar/data/1448695/0001013762-11-000954.txt
Amerilithium Corp.,0001448763,10-K,2011-04-08,edgar/data/1448763/0001014897-11-000061.txt
Coronus Solar Inc.,0001448900,10-K,2011-06-27,edgar/data/1448900/0001002014-11-000266.txt
"YESDTC HOLDINGS, INC.",0001449527,10-K,2011-04-15,edgar/data/1449527/0001213900-11-001988.txt
"Valiant Health Care, Inc.",0001449709,10-K,2011-04-28,edgar/data/1449709/0001144204-11-024529.txt
"SpeedSport Branding, inc.",0001449934,10-K,2011-04-12,edgar/data/1449934/0001437749-11-002249.txt
"TK Star Design, Inc.",0001450015,10-K,2011-04-15,edgar/data/1450015/0001078782-11-001024.txt
BAKKEN RESOURCES INC,0001450390,10-K,2011-04-15,edgar/data/1450390/0001469709-11-000061.txt
"Thwapr, Inc.",0001451598,10-K,2011-04-15,edgar/data/1451598/0001144204-11-022553.txt
DIVERSIFIED GLOBAL HOLDINGS GROUP INC.,0001451775,10-K,2011-04-14,edgar/data/1451775/0001214659-11-001265.txt
SOEFL INC.,0001452176,10-K,2011-04-07,edgar/data/1452176/0001452176-11-000012.txt
"Sebring Software, Inc.",0001452476,10-K,2011-04-15,edgar/data/1452476/0001144204-11-022468.txt
"VETERANS IN PACKAGING, INC.",0001452580,10-K,2011-05-13,edgar/data/1452580/0001078782-11-001337.txt
"Crownbutte Wind Power, Inc.",0001452583,10-K,2011-04-18,edgar/data/1452583/0001437749-11-002374.txt
AMERICAN RESTAURANT CONCEPTS INC,0001452872,10-K,2011-04-15,edgar/data/1452872/0001091818-11-000188.txt
"Bacterin International Holdings, Inc.",0001453593,10-K,2011-04-11,edgar/data/1453593/0001144204-11-021150.txt
"Avalon Holding Group, Inc.",0001453684,10-K,2011-05-17,edgar/data/1453684/0001044764-11-000076.txt
Casablanca Mining Ltd.,0001454007,10-K,2011-04-18,edgar/data/1454007/0001493152-11-000106.txt
"KENSINGTON LEASING, LTD.",0001454010,10-K,2011-04-18,edgar/data/1454010/0001493152-11-000105.txt
Jinmimi Network Inc,0001454311,10-K,2011-05-05,edgar/data/1454311/0001213900-11-002330.txt
DYNAMIC VENTURES CORP.,0001454384,10-K,2011-04-05,edgar/data/1454384/0001108078-11-000074.txt
Tiga Energy Services Inc.,0001454712,10-K,2011-04-07,edgar/data/1454712/0001144204-11-020658.txt
Convenience TV Inc.,0001454719,10-K,2011-06-29,edgar/data/1454719/0001062993-11-002782.txt
BIOSTEM U.S. CORP,0001455380,10-K,2011-05-31,edgar/data/1455380/0001354488-11-001755.txt
"Game Plan Holdings, Inc.",0001456090,10-K,2011-04-12,edgar/data/1456090/0001019687-11-001157.txt
WONDER INTERNATIONAL EDUCATION & INVESTMENT GROUP Corp,0001456137,10-K,2011-04-15,edgar/data/1456137/0001354488-11-001212.txt
RESOURCE EXCHANGE OF AMERICA CORP.,0001456993,10-K,2011-04-15,edgar/data/1456993/0001078782-11-001036.txt
"Zentric, Inc.",0001457435,10-K,2011-04-15,edgar/data/1457435/0001137171-11-000217.txt
HYPERERA INC,0001458868,10-K,2011-05-18,edgar/data/1458868/0001144204-11-030945.txt
"EVCARCO, INC.",0001459003,10-K,2011-04-15,edgar/data/1459003/0001199835-11-000279.txt
"Topaz Resources, Inc.",0001459764,10-K,2011-04-15,edgar/data/1459764/0001165527-11-000360.txt
China PharmaHub Corp.,0001462109,10-K,2011-04-15,edgar/data/1462109/0001199835-11-000275.txt
SA Recovery Corp.,0001462223,10-K,2011-06-17,edgar/data/1462223/0001225279-11-000085.txt
"Biolog, Inc",0001462566,10-K,2011-04-07,edgar/data/1462566/0001262463-11-000041.txt
ASIA SELECT ACQUISITION III CORP,0001463176,10-K,2011-06-30,edgar/data/1463176/0001144204-11-038505.txt
"PIMI AGRO CLEANTECH, INC.",0001463191,10-K,2011-04-12,edgar/data/1463191/0001145443-11-000398.txt
LORAN CONNECTION CORP,0001463208,10-K,2011-06-17,edgar/data/1463208/0001463208-11-000002.txt
Celldonate Inc.,0001463792,10-K,2011-06-28,edgar/data/1463792/0001415408-11-000326.txt
Divine Skin Inc.,0001463959,10-K,2011-04-15,edgar/data/1463959/0000943440-11-000171.txt
Neurokine Pharmaceuticals Inc.,0001464165,10-K,2011-05-11,edgar/data/1464165/0001062993-11-002014.txt
China Executive Education Corp,0001464305,10-K,2011-04-15,edgar/data/1464305/0001079973-11-000311.txt
"Keyser Resources, Inc.",0001464865,10-K,2011-04-22,edgar/data/1464865/0001144204-11-023585.txt
Arcis Resources Corp,0001465130,10-K,2011-04-15,edgar/data/1465130/0001096906-11-000727.txt
"HD SUPPLY, INC.",0001465264,10-K,2011-04-14,edgar/data/1465264/0001193125-11-097383.txt
XcelMobility Inc.,0001465509,10-K,2011-06-21,edgar/data/1465509/0001165527-11-000571.txt
"CORE HEALTH CARE NETWORK, INC.",0001467377,10-K,2011-04-15,edgar/data/1467377/0001477932-11-000547.txt
"Quantum Assets, Inc.",0001467560,10-K,2011-06-21,edgar/data/1467560/0001477932-11-000940.txt
"Global Smoothie Supply, Inc.",0001468122,10-K,2011-04-13,edgar/data/1468122/0001393905-11-000230.txt
BROWN FORMAN CORP,0000014693,10-K,2011-06-27,edgar/data/14693/0000014693-11-000044.txt
ASIA SELECT ACQUISITION II CORP.,0001469488,10-K,2011-06-30,edgar/data/1469488/0001144204-11-038507.txt
Cell-nique Corp,0001470512,10-K,2011-04-15,edgar/data/1470512/0001144204-11-022340.txt
"Journal of Radiology, Inc.",0001470550,10-K,2011-05-06,edgar/data/1470550/0001262463-11-000052.txt
BROWN SHOE CO INC,0000014707,10-K,2011-04-01,edgar/data/14707/0000014707-11-000026.txt
MANTHEY REDMOND Corp,0001471089,10-K,2011-04-04,edgar/data/1471089/0001144204-11-019847.txt
"PMX Communities, Inc.",0001471387,10-K,2011-04-15,edgar/data/1471387/0001014897-11-000065.txt
Forex International Trading Corp.,0001471781,10-K,2011-04-06,edgar/data/1471781/0001013762-11-000933.txt
PHYHEALTH Corp,0001472174,10-K,2011-04-15,edgar/data/1472174/0001477932-11-000535.txt
"RESPECT YOUR UNIVERSE, INC.",0001472601,10-K,2011-04-15,edgar/data/1472601/0001214659-11-001267.txt
CHINA DU KANG CO. LTD.,0001472635,10-K,2011-04-15,edgar/data/1472635/0001398344-11-000830.txt
"GreenPlex Services, Inc.",0001472998,10-K,2011-04-13,edgar/data/1472998/0001469709-11-000056.txt
"Boston Therapeutics, Inc.",0001473579,10-K,2011-04-01,edgar/data/1473579/0001017386-11-000049.txt
China Teletech Ltd,0001473652,10-K,2011-04-15,edgar/data/1473652/0001213900-11-002042.txt
"Toys R Us Property Co I, LLC",0001474301,10-K,2011-04-29,edgar/data/1474301/0001193125-11-115837.txt
"Online Tele-Solutions, Inc.",0001475065,10-K,2011-05-16,edgar/data/1475065/0001165527-11-000461.txt
Bio-Carbon Systems International Inc.,0001475430,10-K,2011-04-15,edgar/data/1475430/0001463403-11-000086.txt
"NYTEX Energy Holdings, Inc.",0001475899,10-K,2011-04-15,edgar/data/1475899/0000950123-11-036142.txt
"FAIRWAY PROPERTIES, INC.",0001476278,10-K,2011-04-15,edgar/data/1476278/0001072588-11-000076.txt
CARBON 612 Corp,0001476470,10-K,2011-04-14,edgar/data/1476470/0001078782-11-001007.txt
China Food & Beverage Acquisition Corp.,0001476763,10-K,2011-04-01,edgar/data/1476763/0001511164-11-000017.txt
ATTUNE RTD,0001477776,10-K,2011-04-12,edgar/data/1477776/0001108017-11-000121.txt
"Latitude Solutions, Inc.",0001477961,10-K,2011-04-15,edgar/data/1477961/0001065949-11-000069.txt
"EURO SOLAR PARKS, INC.",0001478176,10-K,2011-04-13,edgar/data/1478176/0001393905-11-000226.txt
"GreenCell, Inc",0001478493,10-K,2011-06-27,edgar/data/1478493/0001255294-11-000392.txt
"BRAINY BRANDS COMPANY, INC.",0001478838,10-K,2011-04-15,edgar/data/1478838/0001013762-11-001062.txt
China High Technology Acquisition Corp.,0001478914,10-K,2011-04-07,edgar/data/1478914/0001511164-11-000019.txt
"Elite Energies, Inc.",0001479683,10-K,2011-06-30,edgar/data/1479683/0001213900-11-003496.txt
"Wilder Filing, Inc.",0001480797,10-K,2011-05-09,edgar/data/1480797/0001300110-11-000014.txt
Cindisue Mining Corp,0001481339,10-K,2011-04-20,edgar/data/1481339/0001165527-11-000372.txt
Unseen Solar Inc,0001482073,10-K,2011-04-21,edgar/data/1482073/0001165527-11-000375.txt
"Clavis Technologies International Co., Ltd.",0001482550,10-K,2011-04-15,edgar/data/1482550/0001019687-11-001203.txt
"AJ Acquisition Corp I, Inc.",0001483053,10-K,2011-05-17,edgar/data/1483053/0001213900-11-002746.txt
"AJ Acquisition Corp. II, Inc.",0001483055,10-K,2011-05-17,edgar/data/1483055/0001213900-11-002748.txt
BAILEY FRANCES Corp,0001483057,10-K,2011-05-12,edgar/data/1483057/0001213900-11-002481.txt
"RED MOUNTAIN RESOURCES, INC.",0001483496,10-K,2011-04-29,edgar/data/1483496/0001144204-11-025089.txt
"VITAMIN BLUE, INC.",0001483623,10-K,2011-05-25,edgar/data/1483623/0001096906-11-001057.txt
"VITAMIN BLUE, INC.",0001483623,10-K,2011-05-26,edgar/data/1483623/0001096906-11-001059.txt
Niska Gas Storage Partners LLC,0001483830,10-K,2011-06-15,edgar/data/1483830/0001047469-11-005851.txt
"On Time Filings, Inc.",0001483935,10-K,2011-04-01,edgar/data/1483935/0001469299-11-000206.txt
HELPEO INC.,0001484055,10-K,2011-04-15,edgar/data/1484055/0001214659-11-001269.txt
TORON INC.,0001484674,10-K,2011-05-16,edgar/data/1484674/0001096350-11-000080.txt
Northeast Island Corp.,0001486018,10-K,2011-05-10,edgar/data/1486018/0001213900-11-002429.txt
IMPACT EXPLORATIONS INC.,0001486315,10-K,2011-04-26,edgar/data/1486315/0001165527-11-000382.txt
"MK Automotive, Inc.",0001486452,10-K,2011-06-27,edgar/data/1486452/0001144204-11-037567.txt
"Northumberland Resources, Inc.",0001486597,10-K,2011-04-15,edgar/data/1486597/0001188112-11-001052.txt
"Hidden Ladder, Inc.",0001487198,10-K,2011-04-12,edgar/data/1487198/0001161697-11-000323.txt
Gemini Tea Corp.,0001487202,10-K,2011-05-24,edgar/data/1487202/0001432093-11-000352.txt
USChina Taiwan Inc,0001487252,10-K,2011-06-29,edgar/data/1487252/0001487252-11-000005.txt
"Southern Products, Inc.",0001487659,10-K,2011-05-31,edgar/data/1487659/0001504167-11-000040.txt
"Kirin International Holding, Inc.",0001487843,10-K,2011-06-15,edgar/data/1487843/0001213900-11-003278.txt
"DE Acquisition 2, Inc.",0001487906,10-K,2011-05-31,edgar/data/1487906/0001213900-11-003010.txt
"EVER THRIVE ENERGY TECHNOLOGY CO., INC.",0001487907,10-K,2011-05-31,edgar/data/1487907/0001213900-11-003004.txt
USA Synthetic Fuel Corp,0001487920,10-K,2011-04-19,edgar/data/1487920/0001214659-11-001314.txt
"DE Acquisition 6, Inc.",0001487931,10-K,2011-05-17,edgar/data/1487931/0001225279-11-000063.txt
"DE Acquisition 5, Inc.",0001487932,10-K,2011-05-17,edgar/data/1487932/0001225279-11-000062.txt
"DE Acquisition 4, Inc.",0001487933,10-K,2011-05-17,edgar/data/1487933/0001225279-11-000061.txt
"DE Acquisition 3, Inc.",0001487935,10-K,2011-05-31,edgar/data/1487935/0001213900-11-003011.txt
"SHADES HOLDINGS, INC.",0001488366,10-K,2011-04-15,edgar/data/1488366/0001144204-11-022345.txt
"Sino Agro Food, Inc.",0001488419,10-K,2011-04-15,edgar/data/1488419/0001144204-11-022418.txt
Jago China Holding Ltd,0001488580,10-K,2011-05-31,edgar/data/1488580/0001144204-11-033161.txt
"PREMIER OIL FIELD SERVICES, INC.",0001488638,10-K,2011-04-15,edgar/data/1488638/0001121781-11-000103.txt
KROSSBOW HOLDING CORP,0001488934,10-K,2011-06-21,edgar/data/1488934/0001165527-11-000568.txt
"SPECIALTY CONTRACTORS, INC.",0001489039,10-K,2011-04-11,edgar/data/1489039/0001121781-11-000096.txt
"Thermon Group Holdings, Inc.",0001489096,10-K,2011-06-20,edgar/data/1489096/0001104659-11-035633.txt
Odenza Corp.,0001489300,10-K,2011-05-17,edgar/data/1489300/0001477932-11-000750.txt
"INTERDOM, CORP.",0001489744,10-K,2011-06-10,edgar/data/1489744/0001489744-11-000003.txt
Strategic Mining Corp,0001490381,10-K,2011-04-15,edgar/data/1490381/0001213900-11-001996.txt
"Varca Ventures, Inc.",0001490700,10-K,2011-04-27,edgar/data/1490700/0001137171-11-000240.txt
PRISTINE SOLUTIONS INC.,0001490873,10-K,2011-05-06,edgar/data/1490873/0001062993-11-001943.txt
Nissan Auto Lease Trust 2010-A,0001491323,10-K,2011-06-30,edgar/data/1491323/0001491323-11-000018.txt
"LOTON, CORP",0001491419,10-K,2011-06-23,edgar/data/1491419/0001491419-11-000003.txt
Greenhouse Solutions Inc.,0001491525,10-K,2011-05-16,edgar/data/1491525/0001491525-11-000004.txt
Honda Auto Receivables 2010-2 Owner Trust,0001491707,10-K,2011-06-27,edgar/data/1491707/0001144204-11-037759.txt
FuLuCai Productions Ltd.,0001492116,10-K,2011-06-07,edgar/data/1492116/0001369270-11-000105.txt
Madison Bancorp Inc,0001492324,10-K,2011-06-28,edgar/data/1492324/0001193125-11-175702.txt
"MOKITA, INC.",0001493212,10-K,2011-06-14,edgar/data/1493212/0001078782-11-001631.txt
TOP GEAR INC,0001493587,10-K,2011-05-02,edgar/data/1493587/0001144204-11-025247.txt
CHINA SHOUGUAN MINING Corp,0001493893,10-K,2011-04-14,edgar/data/1493893/0001093287-11-000034.txt
"Heartland Bridge Capital, Inc.",0001494214,10-K,2011-04-15,edgar/data/1494214/0001144204-11-022412.txt
Amwest Imaging Inc,0001495191,10-K,2011-06-14,edgar/data/1495191/0001393905-11-000368.txt
CarMax Auto Owner Trust 2010-2,0001495220,10-K,2011-05-25,edgar/data/1495220/0001170010-11-000034.txt
ENERGY EDGE TECHNOLOGIES CORP.,0001495230,10-K,2011-04-15,edgar/data/1495230/0001023175-11-000203.txt
"Vera Bradley, Inc.",0001495320,10-K,2011-04-01,edgar/data/1495320/0001193125-11-086990.txt
"3PEA INTERNATIONAL, INC.",0001496443,10-K,2011-04-01,edgar/data/1496443/0001091818-11-000148.txt
Avenue South Ltd.,0001496690,10-K,2011-06-14,edgar/data/1496690/0001204459-11-001670.txt
Shang Hide Consultants Ltd,0001497120,10-K,2011-04-11,edgar/data/1497120/0001019687-11-001150.txt
"Toys R Us Property Co II, LLC",0001497188,10-K,2011-04-29,edgar/data/1497188/0001193125-11-115853.txt
Thermon Holding Corp.,0001497822,10-K,2011-06-20,edgar/data/1497822/0001104659-11-035633.txt
"Virolab, Inc.",0001497916,10-K,2011-06-29,edgar/data/1497916/0001079974-11-000514.txt
ACCELERATED ACQUISITION XII,0001497918,10-K,2011-06-27,edgar/data/1497918/0001079974-11-000508.txt
ACCELERATED ACQUISITION XIII,0001497919,10-K,2011-06-27,edgar/data/1497919/0001079974-11-000509.txt
ACCELERATED ACQUISITION XIV,0001497920,10-K,2011-06-27,edgar/data/1497920/0001079974-11-000510.txt
ON THE MOVE SYSTEMS CORP.,0001498148,10-K,2011-05-31,edgar/data/1498148/0001161697-11-000505.txt
"PinstripesNYC, Inc.",0001498232,10-K,2011-06-29,edgar/data/1498232/0001213900-11-003445.txt
"PinstripesNYS, Inc.",0001498233,10-K,2011-06-29,edgar/data/1498233/0001213900-11-003447.txt
"PinstripesNY, Inc.",0001498234,10-K,2011-06-29,edgar/data/1498234/0001213900-11-003443.txt
WTTJ CORP,0001498284,10-K,2011-04-15,edgar/data/1498284/0001498284-11-000007.txt
PLASTER CASTER INC.,0001498286,10-K,2011-04-15,edgar/data/1498286/0001498286-11-000002.txt
Corridor Ventures I Acquisition Corp.,0001498388,10-K,2011-06-29,edgar/data/1498388/0001204459-11-001781.txt
Corridor Ventures II Acquisition Corp.,0001498398,10-K,2011-06-29,edgar/data/1498398/0001204459-11-001783.txt
Howard Hughes Corp,0001498828,10-K,2011-04-08,edgar/data/1498828/0001104659-11-019165.txt
VDO-PH INTERNATIONAL,0001499355,10-K,2011-04-13,edgar/data/1499355/0001108017-11-000127.txt
"Native American Energy Group, Inc.",0001499501,10-K,2011-04-15,edgar/data/1499501/0001437749-11-002368.txt
Nissan Auto Receivables 2010-A Owner Trust,0001499548,10-K,2011-06-30,edgar/data/1499548/0001491323-11-000019.txt
AZAZ Capital Corp.,0001500768,10-K,2011-04-08,edgar/data/1500768/0001463403-11-000062.txt
Sunshine Financial Inc,0001500837,10-K,2011-04-14,edgar/data/1500837/0000927089-11-000093.txt
ABC Acquisition Corp 1502,0001501017,10-K,2011-04-15,edgar/data/1501017/0001463403-11-000082.txt
SSI Investments II Ltd,0001501919,10-K,2011-04-14,edgar/data/1501919/0001501919-11-000006.txt
"Sanomedics International Holdings, Inc",0001501972,10-K,2011-04-14,edgar/data/1501972/0001013762-11-001021.txt
"QR Energy, LP",0001502012,10-K,2011-05-04,edgar/data/1502012/0001140361-11-024894.txt
China VantagePoint Acquisition Co,0001503401,10-K,2011-06-29,edgar/data/1503401/0001144204-11-038171.txt
Honda Auto Receivables 2010-3 Owner Trust,0001503697,10-K,2011-06-27,edgar/data/1503697/0001144204-11-037760.txt
NGL Energy Partners LP,0001504461,10-K,2011-06-29,edgar/data/1504461/0001104659-11-037149.txt
CarMax Auto Owner Trust 2010-3,0001504496,10-K,2011-05-25,edgar/data/1504496/0001170010-11-000036.txt
Honda Auto Receivables 2011-1 Owner Trust,0001512970,10-K,2011-06-27,edgar/data/1512970/0001144204-11-037761.txt
CAGLES INC,0000016104,10-K,2011-06-08,edgar/data/16104/0001104659-11-033826.txt
"CONSTELLATION BRANDS, INC.",0000016918,10-K,2011-04-29,edgar/data/16918/0000950123-11-041878.txt
CAPITAL SOUTHWEST CORP,0000017313,10-K,2011-06-10,edgar/data/17313/0001010549-11-000603.txt
CASCADE CORP,0000018061,10-K,2011-04-04,edgar/data/18061/0001193125-11-087898.txt
"Cybrdi, Inc.",0000019002,10-K,2011-04-01,edgar/data/19002/0001144204-11-019284.txt
CSS INDUSTRIES INC,0000020629,10-K,2011-05-26,edgar/data/20629/0000950123-11-054549.txt
IMAGE ENTERTAINMENT INC,0000216324,10-K,2011-06-29,edgar/data/216324/0001140361-11-034609.txt
COMARCO INC,0000022252,10-K,2011-04-29,edgar/data/22252/0000950123-11-042129.txt
INTELLIGENT COMMUNICATION ENTERPRISE CORP,0000225211,10-K,2011-04-15,edgar/data/225211/0001038838-11-000113.txt
"MEDLINK INTERNATIONAL, INC.",0000225501,10-K,2011-04-25,edgar/data/225501/0000810270-11-000017.txt
COMPUTER SCIENCES CORP,0000023082,10-K,2011-06-15,edgar/data/23082/0000023082-11-000059.txt
CONTINENTAL MATERIALS CORP,0000024104,10-K,2011-04-15,edgar/data/24104/0001104659-11-020423.txt
CPI CORP,0000025354,10-K,2011-04-21,edgar/data/25354/0000025354-11-000041.txt
"AMHN, Inc.",0000025743,10-K,2011-04-15,edgar/data/25743/0001387131-11-000602.txt
CROWN CRAFTS INC,0000025895,10-K,2011-06-13,edgar/data/25895/0001437749-11-003982.txt
PHOENIX FOOTWEAR GROUP INC,0000026820,10-K,2011-04-14,edgar/data/26820/0001193125-11-097751.txt
PIER 1 IMPORTS INC/DE,0000278130,10-K,2011-04-25,edgar/data/278130/0001193125-11-107304.txt
"AMERIGO ENERGY, INC.",0000278165,10-K,2011-04-15,edgar/data/278165/0001227528-11-000016.txt
CAVCO INDUSTRIES INC,0000278166,10-K,2011-06-03,edgar/data/278166/0000950123-11-056537.txt
DUCKWALL ALCO STORES INC,0000030302,10-K,2011-04-15,edgar/data/30302/0001104659-11-020430.txt
HAEMONETICS CORP,0000313143,10-K,2011-05-26,edgar/data/313143/0000950123-11-054481.txt
REAL ESTATE ASSOCIATES LTD II,0000314237,10-K,2011-04-14,edgar/data/314237/0000711642-11-000099.txt
GEOKINETICS INC,0000314606,10-K,2011-04-01,edgar/data/314606/0001047469-11-003123.txt
HANDLEMAN CO /MI/,0000314727,10-K,2011-05-27,edgar/data/314727/0001193125-11-152605.txt
UQM TECHNOLOGIES INC,0000315449,10-K,2011-06-02,edgar/data/315449/0000315449-11-000017.txt
BFC FINANCIAL CORP,0000315858,10-K,2011-04-08,edgar/data/315858/0000950123-11-034226.txt
EDUCATIONAL DEVELOPMENT CORP,0000031667,10-K,2011-05-27,edgar/data/31667/0001185185-11-000808.txt
TWENTY SERVICES INC,0000031704,10-K,2011-04-15,edgar/data/31704/0001193125-11-099129.txt
NT MEDIA CORP OF CALIFORNIA INC,0000318622,10-K,2011-04-18,edgar/data/318622/0001493152-11-000104.txt
GLOBAL GOLD CORP,0000319671,10-K,2011-04-14,edgar/data/319671/0001437749-11-002304.txt
"NeoStem, Inc.",0000320017,10-K,2011-04-06,edgar/data/320017/0001144204-11-020360.txt
"ENNIS, INC.",0000033002,10-K,2011-05-10,edgar/data/33002/0000950123-11-048069.txt
ENVIRONMENTAL TECTONICS CORP,0000033113,10-K,2011-05-26,edgar/data/33113/0001140361-11-030018.txt
EVANS BOB FARMS INC,0000033769,10-K,2011-06-28,edgar/data/33769/0000950123-11-062404.txt
CLAIRES STORES INC,0000034115,10-K,2011-04-21,edgar/data/34115/0000950123-11-037794.txt
CACHE INC,0000350199,10-K,2011-04-01,edgar/data/350199/0001047469-11-003125.txt
"ITERIS, INC.",0000350868,10-K,2011-06-01,edgar/data/350868/0001104659-11-032666.txt
AIR T INC,0000353184,10-K,2011-06-03,edgar/data/353184/0000353184-11-000011.txt
SOUTHEASTERN BANKING CORP,0000353386,10-K,2011-04-29,edgar/data/353386/0001193125-11-118942.txt
CAPITAL REALTY INVESTORS LTD,0000354521,10-K,2011-04-13,edgar/data/354521/0000354521-11-000017.txt
Hallwood Group Inc,0000355766,10-K,2011-04-15,edgar/data/355766/0000950123-11-036132.txt
"CA, INC.",0000356028,10-K,2011-05-16,edgar/data/356028/0000950123-11-050920.txt
NEXT GENERATION ENERGY CORP.,0000356292,10-K,2011-05-16,edgar/data/356292/0001188112-11-001448.txt
"TREE TOP INDUSTRIES, INC.",0000356590,10-K,2011-04-15,edgar/data/356590/0001144204-11-022402.txt
FOREST LABORATORIES INC,0000038074,10-K,2011-05-27,edgar/data/38074/0000038074-11-000022.txt
SIGNATURE GROUP HOLDINGS INC,0000038984,10-K,2011-05-17,edgar/data/38984/0001140361-11-028101.txt
FRIEDMAN INDUSTRIES INC,0000039092,10-K,2011-06-27,edgar/data/39092/0000950123-11-062008.txt
GERBER SCIENTIFIC INC,0000041133,10-K,2011-06-29,edgar/data/41133/0000041133-11-000026.txt
GREAT ATLANTIC & PACIFIC TEA CO INC,0000043300,10-K,2011-05-10,edgar/data/43300/0000043300-11-000036.txt
Gas Natural Inc.,0000043350,10-K,2011-04-04,edgar/data/43350/0000950123-11-032614.txt
AMERCO /NV/,0000004457,10-K,2011-06-09,edgar/data/4457/0000004457-11-000059.txt
HAWKINS INC,0000046250,10-K,2011-06-09,edgar/data/46250/0000950123-11-057926.txt
HEINZ H J CO,0000046640,10-K,2011-06-16,edgar/data/46640/0000950123-11-059419.txt
AMERICAN GREETINGS CORP,0000005133,10-K,2011-04-29,edgar/data/5133/0000950123-11-041637.txt
STRATEGIC INTERNET INVESTMENTS INC,0000053320,10-K,2011-04-15,edgar/data/53320/0001062993-11-001536.txt
AMERICAN INTERNATIONAL VENTURES INC /DE/,0000005656,10-K,2011-04-14,edgar/data/5656/0001020229-11-000038.txt
KORN FERRY INTERNATIONAL,0000056679,10-K,2011-06-29,edgar/data/56679/0000950123-11-062884.txt
PRIMEENERGY CORP,0000056868,10-K,2011-04-08,edgar/data/56868/0001193125-11-091536.txt
KV PHARMACEUTICAL CO /DE/,0000057055,10-K,2011-06-13,edgar/data/57055/0001193125-11-163140.txt
LA-Z-BOY INC,0000057131,10-K,2011-06-21,edgar/data/57131/0001144204-11-036816.txt
"AMERICAN SCIENCE & ENGINEERING, INC.",0000005768,10-K,2011-06-09,edgar/data/5768/0001104659-11-034030.txt
"SensiVida Medical Technologies, Inc.",0000064647,10-K,2011-06-15,edgar/data/64647/0001144204-11-035952.txt
MEDTRONIC INC,0000064670,10-K,2011-06-28,edgar/data/64670/0000897101-11-001132.txt
MESABI TRUST,0000065172,10-K,2011-04-11,edgar/data/65172/0001104659-11-019597.txt
METHODE ELECTRONICS INC,0000065270,10-K,2011-06-30,edgar/data/65270/0000065270-11-000008.txt
MEXCO ENERGY CORP,0000066418,10-K,2011-06-29,edgar/data/66418/0001398344-11-001386.txt
MILLS MUSIC TRUST,0000066496,10-K,2011-04-15,edgar/data/66496/0000950123-11-036158.txt
MODINE MANUFACTURING CO,0000067347,10-K,2011-06-14,edgar/data/67347/0001140361-11-032838.txt
MORGANS FOODS INC,0000068145,10-K,2011-05-31,edgar/data/68145/0000950123-11-055461.txt
"APOGEE ENTERPRISES, INC.",0000006845,10-K,2011-04-27,edgar/data/6845/0001193125-11-111712.txt
NATHANS FAMOUS INC,0000069733,10-K,2011-06-09,edgar/data/69733/0001144204-11-034784.txt
VICTORY ENERGY CORP,0000700764,10-K,2011-05-16,edgar/data/700764/0001144204-11-029633.txt
ADINO ENERGY CORP,0000700815,10-K,2011-04-01,edgar/data/700815/0001144204-11-019767.txt
AsherXino Corp,0000700890,10-K,2011-05-23,edgar/data/700890/0001085760-11-000048.txt
DGSE COMPANIES INC,0000701719,10-K,2011-04-15,edgar/data/701719/0001144204-11-022597.txt
INTEGRATED DEVICE TECHNOLOGY INC,0000703361,10-K,2011-05-31,edgar/data/703361/0000703361-11-000015.txt
LEGG MASON INC,0000704051,10-K,2011-05-27,edgar/data/704051/0001047469-11-005564.txt
REPRO MED SYSTEMS INC,0000704440,10-K,2011-05-27,edgar/data/704440/0001161697-11-000501.txt
FACT CORP,0000707674,10-K,2011-04-15,edgar/data/707674/0001369270-11-000085.txt
"QUALITY SYSTEMS, INC",0000708818,10-K,2011-05-27,edgar/data/708818/0000950123-11-055052.txt
QUANTUM CORP /DE/,0000709283,10-K,2011-06-14,edgar/data/709283/0001206774-11-001377.txt
"Fushi Copperweld, Inc.",0000710846,10-K,2011-04-05,edgar/data/710846/0001144204-11-020069.txt
APPLIED MICRO CIRCUITS CORP,0000711065,10-K,2011-05-10,edgar/data/711065/0001193125-11-132921.txt
ELECTRONIC ARTS INC.,0000712515,10-K,2011-05-24,edgar/data/712515/0001193125-11-149262.txt
FLOW INTERNATIONAL CORP,0000713002,10-K,2011-06-24,edgar/data/713002/0001445305-11-001363.txt
"WOUND MANAGEMENT TECHNOLOGIES, INC.",0000714256,10-K,2011-04-14,edgar/data/714256/0001010549-11-000370.txt
CITY NATIONAL BANCSHARES CORP,0000714980,10-K,2011-05-27,edgar/data/714980/0000950123-11-054947.txt
GRAHAM CORP,0000716314,10-K,2011-06-03,edgar/data/716314/0000950123-11-056491.txt
SPO Medical Inc,0000716778,10-K,2011-04-14,edgar/data/716778/0001144204-11-022001.txt
"China Solar & Clean Energy Solutions, Inc.",0000717588,10-K,2011-04-15,edgar/data/717588/0001144204-11-022534.txt
COSMO COMMUNICATIONS CORP,0000718096,10-K,2011-06-28,edgar/data/718096/0001144204-11-037916.txt
BURLINGTON COAT FACTORY WAREHOUSE CORP,0000718916,10-K,2011-04-14,edgar/data/718916/0001368775-11-000003.txt
INTEGRAL VISION INC,0000719152,10-K,2011-04-15,edgar/data/719152/0001144204-11-022532.txt
GIGA TRONICS INC,0000719274,10-K,2011-05-19,edgar/data/719274/0001437749-11-003462.txt
ARCTIC CAT INC,0000719866,10-K,2011-06-10,edgar/data/719866/0001193125-11-162816.txt
INERGETICS INC,0000072170,10-K,2011-06-08,edgar/data/72170/0001144204-11-034636.txt
NOBILITY HOMES INC,0000072205,10-K,2011-05-19,edgar/data/72205/0001193125-11-144992.txt
AMC ENTERTAINMENT INC,0000722077,10-K,2011-06-03,edgar/data/722077/0001047469-11-005643.txt
CAPITAL REALTY INVESTORS III LTD PARTNERSHIP,0000722833,10-K,2011-04-01,edgar/data/722833/0000354521-11-000012.txt
IRONSTONE GROUP INC,0000723269,10-K,2011-04-01,edgar/data/723269/0001437749-11-001989.txt
MESA LABORATORIES INC /CO,0000724004,10-K,2011-06-29,edgar/data/724004/0001104659-11-037127.txt
BURZYNSKI RESEARCH INSTITUTE INC,0000724445,10-K,2011-05-31,edgar/data/724445/0001104659-11-032257.txt
FREDS INC,0000724571,10-K,2011-04-14,edgar/data/724571/0001144204-11-022051.txt
SYMS CORP,0000724742,10-K,2011-05-13,edgar/data/724742/0001144204-11-029210.txt
NVE CORP /NEW/,0000724910,10-K,2011-05-04,edgar/data/724910/0000724910-11-000011.txt
MOVADO GROUP INC,0000072573,10-K,2011-04-07,edgar/data/72573/0001193125-11-091029.txt
"APOLLO SOLAR ENERGY, INC.",0000726435,10-K,2011-04-08,edgar/data/726435/0001406774-11-000042.txt
ELECTRO SCIENTIFIC INDUSTRIES INC,0000726514,10-K,2011-06-15,edgar/data/726514/0001193125-11-164927.txt
FIRST EQUITY PROPERTIES INC,0000726516,10-K,2011-04-15,edgar/data/726516/0001193125-11-099470.txt
CASEYS GENERAL STORES INC,0000726958,10-K,2011-06-28,edgar/data/726958/0001193125-11-175866.txt
"China Youth Media, Inc.",0000728385,10-K,2011-04-19,edgar/data/728385/0001477932-11-000558.txt
SUPERTEX INC,0000730000,10-K,2011-06-14,edgar/data/730000/0000730000-11-000006.txt
CalAmp Corp.,0000730255,10-K,2011-04-28,edgar/data/730255/0001206774-11-001038.txt
REPLIGEN CORP,0000730272,10-K,2011-06-09,edgar/data/730272/0001193125-11-161972.txt
TOFUTTI BRANDS INC,0000730349,10-K,2011-04-12,edgar/data/730349/0000930413-11-002663.txt
BROADVIEW INSTITUTE INC,0000073048,10-K,2011-06-29,edgar/data/73048/0001437749-11-004374.txt
FCCC INC,0000730669,10-K,2011-06-13,edgar/data/730669/0001026608-11-000062.txt
Genesis Solar Corp,0000730729,10-K,2011-06-24,edgar/data/730729/0001000096-11-000171.txt
MULTIBAND CORP,0000732412,10-K,2011-04-06,edgar/data/732412/0001144204-11-020549.txt
ACXIOM CORP,0000733269,10-K,2011-05-27,edgar/data/733269/0000733269-11-000016.txt
Bristow Group Inc,0000073887,10-K,2011-05-20,edgar/data/73887/0001193125-11-146712.txt
CAPITAL REALTY INVESTORS IV LIMITED PARTNERSHIP,0000740371,10-K,2011-04-14,edgar/data/740371/0000354521-11-000019.txt
Latteno Food Corp,0000743241,10-K,2011-04-15,edgar/data/743241/0001144204-11-022428.txt
XILINX INC,0000743988,10-K,2011-05-31,edgar/data/743988/0000950123-11-055454.txt
REX AMERICAN RESOURCES Corp,0000744187,10-K,2011-04-15,edgar/data/744187/0000930413-11-002755.txt
"China Crescent Enterprises, Inc.",0000745655,10-K,2011-04-15,edgar/data/745655/0001157523-11-002051.txt
MEDICAL ACTION INDUSTRIES INC,0000748270,10-K,2011-06-01,edgar/data/748270/0001193125-11-156299.txt
ORIGINAL SIXTEEN TO ONE MINE INC /CA/,0000074925,10-K,2011-04-06,edgar/data/74925/0000074925-11-000001.txt
VIRCO MFG CORPORATION,0000751365,10-K,2011-04-15,edgar/data/751365/0000950123-11-036097.txt
NETWORK EQUIPMENT TECHNOLOGIES INC,0000752431,10-K,2011-06-08,edgar/data/752431/0001140361-11-031874.txt
"Xcorporeal, Inc.",0000752789,10-K,2011-04-20,edgar/data/752789/0001144204-11-023254.txt
China Nutrifruit Group LTD,0000753224,10-K,2011-06-22,edgar/data/753224/0001204459-11-001713.txt
EXAR CORP,0000753568,10-K,2011-06-10,edgar/data/753568/0001193125-11-162926.txt
CytoCore Inc,0000075439,10-K,2011-04-14,edgar/data/75439/0000950123-11-035543.txt
"HealthWarehouse.com, Inc.",0000754813,10-K,2011-04-15,edgar/data/754813/0001144204-11-022378.txt
MATERIAL SCIENCES CORP,0000755003,10-K,2011-04-29,edgar/data/755003/0001193125-11-117541.txt
VIDEO DISPLAY CORP,0000758743,10-K,2011-05-27,edgar/data/758743/0000950123-11-054849.txt
PARK ELECTROCHEMICAL CORP,0000076267,10-K,2011-05-12,edgar/data/76267/0001133796-11-000174.txt
China Industrial Waste Management Inc.,0000763846,10-K,2011-04-15,edgar/data/763846/0001144204-11-022296.txt
UNIVERSAL DETECTION TECHNOLOGY,0000763950,10-K,2011-04-15,edgar/data/763950/0001019687-11-001222.txt
BEST BUY CO INC,0000764478,10-K,2011-04-25,edgar/data/764478/0001047469-11-004045.txt
UNITED STATES BASKETBALL LEAGUE INC,0000764630,10-K,2011-05-27,edgar/data/764630/0001144204-11-032932.txt
"PureSafe Water Systems, Inc.",0000764839,10-K,2011-04-15,edgar/data/764839/0001140361-11-022275.txt
Banyan Rail Services Inc.,0000764897,10-K,2011-04-04,edgar/data/764897/0001144204-11-019977.txt
CYANOTECH CORP,0000768408,10-K,2011-06-23,edgar/data/768408/0001104659-11-036207.txt
WESTWOOD ONE INC /DE/,0000771950,10-K,2011-04-15,edgar/data/771950/0000950123-11-036128.txt
"Cardium Therapeutics, Inc.",0000772320,10-K,2011-04-15,edgar/data/772320/0001193125-11-099205.txt
CIRRUS LOGIC INC,0000772406,10-K,2011-05-25,edgar/data/772406/0000950123-11-053974.txt
PEP BOYS MANNY MOE & JACK,0000077449,10-K,2011-04-11,edgar/data/77449/0001047469-11-003479.txt
AMERICAN LEARNING Corp,0000774517,10-K,2011-06-28,edgar/data/774517/0001144204-11-037942.txt
Measurement Specialties Inc,0000778734,10-K,2011-06-07,edgar/data/778734/0001144204-11-034407.txt
FASTFUNDS FINANCIAL CORP,0000779956,10-K,2011-04-15,edgar/data/779956/0001078782-11-001026.txt
LML PAYMENT SYSTEMS INC,0000781891,10-K,2011-06-16,edgar/data/781891/0001204862-11-000016.txt
EMMIS COMMUNICATIONS CORP,0000783005,10-K,2011-05-10,edgar/data/783005/0000950123-11-047715.txt
"SWORDFISH FINANCIAL, INC.",0000078311,10-K,2011-04-15,edgar/data/78311/0001010549-11-000372.txt
DPAC TECHNOLOGIES CORP,0000784770,10-K,2011-04-15,edgar/data/784770/0000950123-11-036108.txt
ROCKY MOUNTAIN CHOCOLATE FACTORY INC,0000785815,10-K,2011-05-24,edgar/data/785815/0001437749-11-003562.txt
AGILYSYS INC,0000078749,10-K,2011-06-14,edgar/data/78749/0001193125-11-164802.txt
"SIGMA LABS, INC.",0000788611,10-K,2011-04-15,edgar/data/788611/0001144204-11-022384.txt
Yayi International Inc,0000789860,10-K,2011-06-29,edgar/data/789860/0001204459-11-001787.txt
ENSURGE INC,0000789879,10-K,2011-04-08,edgar/data/789879/0001096906-11-000672.txt
SENETEK PLC /ENG/,0000789944,10-K,2011-04-15,edgar/data/789944/0001144204-11-022309.txt
NOVA NATURAL RESOURCES CORP,0000792935,10-K,2011-04-20,edgar/data/792935/0001078782-11-001084.txt
IR BIOSCIENCES HOLDINGS INC,0000793043,10-K,2011-05-24,edgar/data/793043/0001185185-11-000797.txt
CALA CORP,0000794107,10-K,2011-04-04,edgar/data/794107/0001273515-11-000041.txt
AMERICAN WOODMARK CORP,0000794619,10-K,2011-06-30,edgar/data/794619/0000794619-11-000012.txt
"BRIDGETON TACTICAL ADVISORS FUND, LP",0000794775,10-K,2011-04-01,edgar/data/794775/0001140361-11-020159.txt
TRANS WORLD ENTERTAINMENT CORP,0000795212,10-K,2011-04-14,edgar/data/795212/0000930413-11-002729.txt
ARROW RESOURCES DEVELOPMENT INC,0000795255,10-K,2011-04-15,edgar/data/795255/0001144204-11-022584.txt
ELDORADO ARTESIAN SPRINGS INC,0000796124,10-K,2011-06-29,edgar/data/796124/0000950123-11-062805.txt
"PREMIER EXHIBITIONS, INC.",0000796764,10-K,2011-05-24,edgar/data/796764/0000950123-11-053498.txt
EPOLIN INC /NJ/,0000797079,10-K,2011-05-31,edgar/data/797079/0001019056-11-000594.txt
"HST Global, Inc.",0000797564,10-K,2011-05-13,edgar/data/797564/0001360865-11-000068.txt
VIASAT INC,0000797721,10-K,2011-05-27,edgar/data/797721/0000950123-11-054646.txt
LAKELAND INDUSTRIES INC,0000798081,10-K,2011-04-07,edgar/data/798081/0001144204-11-020736.txt
COST PLUS INC/CA/,0000798955,10-K,2011-04-05,edgar/data/798955/0001193125-11-089121.txt
PRECISION CASTPARTS CORP,0000079958,10-K,2011-06-02,edgar/data/79958/0000079958-11-000023.txt
AMERICAS CARMART INC,0000799850,10-K,2011-06-20,edgar/data/799850/0001171843-11-001836.txt
RENTRAK CORP,0000800458,10-K,2011-06-10,edgar/data/800458/0001193125-11-162908.txt
PARLUX FRAGRANCES INC,0000802356,10-K,2011-05-26,edgar/data/802356/0001354488-11-001720.txt
"ASSOCIATED MATERIALS, LLC",0000802967,10-K,2011-04-01,edgar/data/802967/0000950123-11-032157.txt
COMVERSE TECHNOLOGY INC/NY/,0000803014,10-K,2011-05-31,edgar/data/803014/0001193125-11-154883.txt
USA REAL ESTATE INVESTMENT TRUST /CA,0000803771,10-K,2011-04-01,edgar/data/803771/0000944422-11-000002.txt
LITHIUM TECHNOLOGY CORP,0000804154,10-K,2011-04-01,edgar/data/804154/0001387131-11-000533.txt
AIRGAS INC,0000804212,10-K,2011-05-26,edgar/data/804212/0001193125-11-151211.txt
SONO TEK CORP,0000806172,10-K,2011-05-23,edgar/data/806172/0001171520-11-000397.txt
"New Leaf Brands, Inc.",0000806175,10-K,2011-05-23,edgar/data/806175/0001354488-11-001675.txt
AUDIOVOX CORP,0000807707,10-K,2011-05-16,edgar/data/807707/0000807707-11-000017.txt
C&D TECHNOLOGIES INC,0000808064,10-K,2011-05-02,edgar/data/808064/0001193125-11-121658.txt
CRI HOTEL INCOME PARTNERS L P,0000808377,10-K,2011-04-01,edgar/data/808377/0000354521-11-000014.txt
"CLEOPATRA INTERNATIONAL GROUP, INC.",0000810534,10-K,2011-04-15,edgar/data/810534/0001023175-11-000209.txt
"TaxMasters, Inc.",0000811036,10-K,2011-04-15,edgar/data/811036/0001214782-11-000088.txt
CARDIFF INTERNATIONAL INC,0000811222,10-K,2011-06-10,edgar/data/811222/0001019687-11-001924.txt
CARDIFF INTERNATIONAL INC,0000811222,10-K,2011-06-22,edgar/data/811222/0001019687-11-002032.txt
"Patient Safety Technologies, Inc",0000812301,10-K,2011-04-14,edgar/data/812301/0001144204-11-021873.txt
NATIONAL DATACOMPUTER INC,0000812880,10-K,2011-04-07,edgar/data/812880/0001072613-11-000375.txt
HANCOCK FABRICS INC,0000812906,10-K,2011-04-26,edgar/data/812906/0001144204-11-024045.txt
CIRTRAN CORP,0000813716,10-K,2011-04-15,edgar/data/813716/0001096906-11-000730.txt
"MOMENTUM BIOFUELS, INC.",0000813718,10-K,2011-04-15,edgar/data/813718/0001072588-11-000078.txt
EXIDE TECHNOLOGIES,0000813781,10-K,2011-06-01,edgar/data/813781/0000950123-11-055791.txt
ASTRO MED INC /NEW/,0000008146,10-K,2011-04-19,edgar/data/8146/0001193125-11-101229.txt
AMERICAN AFFORDABLE HOUSING II LIMITED PARTNERSHIP,0000815024,10-K,2011-06-29,edgar/data/815024/0001144204-11-038146.txt
STERIS CORP,0000815065,10-K,2011-05-27,edgar/data/815065/0001445305-11-001008.txt
ABIOMED INC,0000815094,10-K,2011-06-02,edgar/data/815094/0001193125-11-157312.txt
EMERALD DAIRY INC,0000815353,10-K,2011-04-15,edgar/data/815353/0001144204-11-022589.txt
SECURITY FEDERAL CORP,0000818677,10-K,2011-06-22,edgar/data/818677/0000939057-11-000179.txt
MULTI COLOR Corp,0000819220,10-K,2011-06-14,edgar/data/819220/0001193125-11-164691.txt
MICRONETICS  INC,0000820097,10-K,2011-06-06,edgar/data/820097/0001193125-11-159221.txt
"Omagine, Inc.",0000820600,10-K,2011-04-15,edgar/data/820600/0000820600-11-000003.txt
QUANTRX BIOMEDICAL CORP,0000820608,10-K,2011-04-14,edgar/data/820608/0001415889-11-000225.txt
TigerLogic CORP,0000820738,10-K,2011-06-22,edgar/data/820738/0001193125-11-170791.txt
G III APPAREL GROUP LTD /DE/,0000821002,10-K,2011-04-14,edgar/data/821002/0000950123-11-035353.txt
HEARUSA INC,0000821536,10-K,2011-04-11,edgar/data/821536/0001144204-11-021298.txt
INTERNATIONAL PACKAGING & LOGISTICS GROUP INC.,0000822997,10-K,2011-04-15,edgar/data/822997/0001019687-11-001219.txt
INNSUITES HOSPITALITY TRUST,0000082473,10-K,2011-04-29,edgar/data/82473/0000082473-11-000002.txt
AURA SYSTEMS INC,0000826253,10-K,2011-06-14,edgar/data/826253/0000826253-11-000025.txt
MICROCHIP TECHNOLOGY INC,0000827054,10-K,2011-05-31,edgar/data/827054/0000827054-11-000157.txt
TETRIDYN SOLUTIONS INC,0000827099,10-K,2011-04-13,edgar/data/827099/0001038838-11-000107.txt
SMARTDATA CORP,0000827876,10-K,2011-06-17,edgar/data/827876/0001078782-11-001657.txt
"GREAT CHINA INTERNATIONAL HOLDINGS, INC.",0000828878,10-K,2011-04-15,edgar/data/828878/0001038838-11-000109.txt
AMERICAN TAX CREDIT PROPERTIES LP,0000830159,10-K,2011-06-28,edgar/data/830159/0001096906-11-001298.txt
OAK RIDGE MICRO-ENERGY INC,0000830483,10-K,2011-04-15,edgar/data/830483/0001010412-11-000160.txt
HUTECH21 CO. LTD.,0000830664,10-K,2011-04-15,edgar/data/830664/0001264931-11-000178.txt
"VHGI HOLDINGS, INC.",0000830741,10-K,2011-04-15,edgar/data/830741/0001010549-11-000378.txt
SCORES HOLDING CO INC,0000831489,10-K,2011-04-12,edgar/data/831489/0001144204-11-021584.txt
"Applied Minerals, Inc.",0000008328,10-K,2011-04-15,edgar/data/8328/0000008328-11-000014.txt
TOYOTA MOTOR CREDIT CORP,0000834071,10-K,2011-06-02,edgar/data/834071/0000834071-11-000044.txt
COMMONWEALTH BANKSHARES INC,0000835012,10-K,2011-04-15,edgar/data/835012/0001193125-11-099677.txt
BOSTON CAPITAL TAX CREDIT FUND LTD PARTNERSHIP,0000835095,10-K,2011-06-29,edgar/data/835095/0001144204-11-038139.txt
BMC SOFTWARE INC,0000835729,10-K,2011-05-06,edgar/data/835729/0000950123-11-045923.txt
"YOU ON DEMAND HOLDINGS, INC.",0000837852,10-K,2011-04-15,edgar/data/837852/0001140361-11-022287.txt
"Kiwibox.Com, Inc.",0000838796,10-K,2011-04-15,edgar/data/838796/0001144204-11-022343.txt
WILLAMETTE VALLEY VINEYARDS INC,0000838875,10-K,2011-04-01,edgar/data/838875/0001144204-11-019287.txt
RADIENT PHARMACEUTICALS Corp,0000838879,10-K,2011-05-25,edgar/data/838879/0001144204-11-032218.txt
BOSTON FINANCIAL QUALIFIED HOUSING TAX CREDITS LP III,0000839345,10-K,2011-06-29,edgar/data/839345/0000810663-11-000051.txt
TELVUE CORP,0000839443,10-K,2011-04-15,edgar/data/839443/0001161697-11-000335.txt
RITE AID CORP,0000084129,10-K,2011-04-26,edgar/data/84129/0001047469-11-004075.txt
AMS HEALTH SCIENCES INC,0000841866,10-K,2011-06-14,edgar/data/841866/0001225279-11-000083.txt
"Medefile International, Inc.",0000842013,10-K,2011-04-01,edgar/data/842013/0001013762-11-000866.txt
AMERICAN TAX CREDIT PROPERTIES II L P,0000842314,10-K,2011-06-28,edgar/data/842314/0001096906-11-001299.txt
"WUHAN GENERAL GROUP (CHINA), INC",0000842694,10-K,2011-04-18,edgar/data/842694/0001144204-11-022654.txt
REXNORD LLC,0000843762,10-K,2011-05-13,edgar/data/843762/0000843762-11-000014.txt
CHEROKEE INC,0000844161,10-K,2011-04-14,edgar/data/844161/0001047469-11-003659.txt
FISCHER WATT GOLD CO INC,0000844788,10-K,2011-04-29,edgar/data/844788/0001014909-11-000005.txt
REGAL ONE Corp,0000845385,10-K,2011-04-14,edgar/data/845385/0000938047-11-000002.txt
WNC CALIFORNIA HOUSING TAX CREDITS LP,0000845750,10-K,2011-06-27,edgar/data/845750/0001084067-11-000145.txt
WIKILOAN INC.,0000846377,10-K,2011-05-11,edgar/data/846377/0001213900-11-002467.txt
NEW FRONTIER MEDIA INC,0000847383,10-K,2011-06-03,edgar/data/847383/0001047469-11-005639.txt
Eagle Ford Oil & Gas Corp,0000847416,10-K,2011-04-15,edgar/data/847416/0001140361-11-022274.txt
SYMANTEC CORP,0000849399,10-K,2011-05-20,edgar/data/849399/0000950123-11-052609.txt
BLACK BOX CORP,0000849547,10-K,2011-05-27,edgar/data/849547/0000950123-11-054722.txt
COMMUNITY FINANCIAL CORP /VA/,0000850606,10-K,2011-06-24,edgar/data/850606/0000927089-11-000145.txt
BOSTON FINANCIAL QUALIFIED HOUSING TAX CREDITS L P V,0000852953,10-K,2011-06-29,edgar/data/852953/0000810663-11-000053.txt
BOSTON CAPITAL TAX CREDIT FUND II LTD PARTNERSHIP,0000853566,10-K,2011-06-29,edgar/data/853566/0001144204-11-038145.txt
DRI CORP,0000853695,10-K,2011-04-15,edgar/data/853695/0000950123-11-036160.txt
FIRST FINANCIAL SERVICE CORP,0000854395,10-K,2011-04-04,edgar/data/854395/0001144204-11-019812.txt
AMERICAN TAX CREDIT PROPERTIES III LP,0000856135,10-K,2011-06-28,edgar/data/856135/0001096906-11-001301.txt
AMERICAN BIOGENETIC SCIENCES INC,0000856984,10-K,2011-04-13,edgar/data/856984/0001295345-11-000041.txt
OP TECH ENVIRONMENTAL SERVICES INC,0000858748,10-K,2011-04-05,edgar/data/858748/0001140361-11-020758.txt
COMPUWARE CORP,0000859014,10-K,2011-05-27,edgar/data/859014/0001140361-11-030346.txt
AVX Corp,0000859163,10-K,2011-05-20,edgar/data/859163/0000859163-11-000013.txt
"C&G DEC CAPITAL, INC",0000859313,10-K,2011-04-18,edgar/data/859313/0001178924-11-000030.txt
NATIONAL TAX CREDIT INVESTORS II,0000859921,10-K,2011-04-14,edgar/data/859921/0000711642-11-000100.txt
WNC HOUSING TAX CREDIT FUND II LP,0000860331,10-K,2011-06-28,edgar/data/860331/0001084067-11-000157.txt
ISLE OF CAPRI CASINOS INC,0000863015,10-K,2011-06-16,edgar/data/863015/0001047469-11-005892.txt
"NaturalNano, Inc.",0000863895,10-K,2011-04-15,edgar/data/863895/0001144204-11-022507.txt
COMMAND SECURITY CORP,0000864509,10-K,2011-06-24,edgar/data/864509/0001144204-11-037338.txt
CYBERONICS INC,0000864683,10-K,2011-06-16,edgar/data/864683/0000864683-11-000019.txt
JUNIPER GROUP INC,0000864921,10-K,2011-04-15,edgar/data/864921/0001140361-11-022214.txt
THQ INC,0000865570,10-K,2011-06-06,edgar/data/865570/0000865570-11-000019.txt
ALLIANT TECHSYSTEMS INC,0000866121,10-K,2011-05-25,edgar/data/866121/0001047469-11-005500.txt
FLEXTRONICS INTERNATIONAL LTD.,0000866374,10-K,2011-05-23,edgar/data/866374/0001047469-11-005449.txt
KLEVER MARKETING INC,0000866439,10-K,2011-05-16,edgar/data/866439/0000798947-11-000020.txt
LIGHTING SCIENCE GROUP CORP,0000866970,10-K,2011-04-01,edgar/data/866970/0001193125-11-087000.txt
SPINDLETOP OIL & GAS CO,0000867038,10-K,2011-04-15,edgar/data/867038/0000867038-11-000009.txt
"AMERICA WEST RESOURCES, INC.",0000867687,10-K,2011-04-15,edgar/data/867687/0001078782-11-001050.txt
BALTIA AIR LINES INC,0000869187,10-K,2011-04-18,edgar/data/869187/0001165195-11-000008.txt
CALL NOW INC,0000869484,10-K,2011-04-04,edgar/data/869484/0000950123-11-032417.txt
GOLDEN EAGLE INTERNATIONAL INC,0000869531,10-K,2011-04-12,edgar/data/869531/0001144204-11-021542.txt
WNC CALIFORNIA HOUSING TAX CREDITS II LP,0000869660,10-K,2011-06-27,edgar/data/869660/0001084067-11-000147.txt
ADVANCED PHOTONIX INC,0000869986,10-K,2011-06-29,edgar/data/869986/0001157523-11-003820.txt
SB PARTNERS,0000087047,10-K,2011-06-17,edgar/data/87047/0000087047-11-000010.txt
BOSTON FINANCIAL TAX CREDIT FUND PLUS,0000870815,10-K,2011-06-29,edgar/data/870815/0000810663-11-000055.txt
"Applied Visual Sciences, Inc.",0000873198,10-K,2011-04-05,edgar/data/873198/0001349905-11-000012.txt
ALKERMES INC,0000874663,10-K,2011-05-20,edgar/data/874663/0000950123-11-052501.txt
"Green Technology Solutions, Inc.",0000874792,10-K,2011-04-15,edgar/data/874792/0001144204-11-022524.txt
CORVEL CORP,0000874866,10-K,2011-06-10,edgar/data/874866/0000950123-11-058355.txt
WNC HOUSING TAX CREDIT FUND III L P,0000875278,10-K,2011-06-28,edgar/data/875278/0001084067-11-000160.txt
LAPOLLA INDUSTRIES INC,0000875296,10-K,2011-04-11,edgar/data/875296/0001140361-11-021515.txt
TGFIN HOLDINGS INC,0000876134,10-K,2011-04-15,edgar/data/876134/0001010412-11-000158.txt
MONRO MUFFLER BRAKE INC,0000876427,10-K,2011-05-25,edgar/data/876427/0001193125-11-150306.txt
SPARTAN STORES INC,0000877422,10-K,2011-05-16,edgar/data/877422/0001193125-11-141732.txt
BON TON STORES INC,0000878079,10-K,2011-04-13,edgar/data/878079/0000950123-11-035274.txt
Zolon Corp,0000878802,10-K,2011-05-19,edgar/data/878802/0001185185-11-000757.txt
BOSTON CAPITAL TAX CREDIT FUND III L P,0000879555,10-K,2011-06-29,edgar/data/879555/0001144204-11-038148.txt
"BIOLARGO, INC.",0000880242,10-K,2011-04-15,edgar/data/880242/0001437749-11-002364.txt
"Perfumania Holdings, Inc.",0000880460,10-K,2011-04-28,edgar/data/880460/0001193125-11-115604.txt
ABAXIS INC,0000881890,10-K,2011-06-13,edgar/data/881890/0001140361-11-032620.txt
CHRISTOPHER & BANKS CORP,0000883943,10-K,2011-05-12,edgar/data/883943/0001104659-11-028627.txt
STEIN MART INC,0000884940,10-K,2011-04-01,edgar/data/884940/0001193125-11-086389.txt
OPHTHALMIC IMAGING SYSTEMS,0000885317,10-K,2011-04-15,edgar/data/885317/0000910680-11-000167.txt
ANCHOR BANCORP WISCONSIN INC,0000885322,10-K,2011-06-29,edgar/data/885322/0000950123-11-062508.txt
VALENCE TECHNOLOGY INC,0000885551,10-K,2011-05-26,edgar/data/885551/0001437749-11-003613.txt
FINISH LINE INC /IN/,0000886137,10-K,2011-05-06,edgar/data/886137/0001193125-11-130957.txt
BED BATH & BEYOND INC,0000886158,10-K,2011-04-26,edgar/data/886158/0001104659-11-022393.txt
E DIGITAL CORP,0000886328,10-K,2011-06-21,edgar/data/886328/0001144204-11-036777.txt
"'mktg, inc.'",0000886475,10-K,2011-06-16,edgar/data/886475/0001019056-11-000633.txt
KEMET CORP,0000887730,10-K,2011-05-20,edgar/data/887730/0001047469-11-005385.txt
LAYNE CHRISTENSEN CO,0000888504,10-K,2011-04-15,edgar/data/888504/0001157523-11-002050.txt
REDWOOD MORTGAGE INVESTORS VIII,0000889123,10-K,2011-04-14,edgar/data/889123/0000889123-11-000020.txt
Seneca Foods Corp,0000088948,10-K,2011-05-26,edgar/data/88948/0000088948-11-000011.txt
SAGEMARK COMPANIES LTD,0000089041,10-K,2011-04-05,edgar/data/89041/0001144204-11-020144.txt
BARNES & NOBLE INC,0000890491,10-K,2011-06-29,edgar/data/890491/0001193125-11-176910.txt
UROPLASTY INC,0000890846,10-K,2011-05-25,edgar/data/890846/0001140361-11-029811.txt
"PATTERSON COMPANIES, INC.",0000891024,10-K,2011-06-29,edgar/data/891024/0001193125-11-177283.txt
BOOKS A MILLION INC,0000891919,10-K,2011-04-14,edgar/data/891919/0000891919-11-000027.txt
"CRAFT BREWERS ALLIANCE, INC.",0000892222,10-K,2011-04-01,edgar/data/892222/0001140361-11-019828.txt
BOSTON FINANCIAL TAX CREDIT FUND VII LP,0000892342,10-K,2011-06-29,edgar/data/892342/0000810663-11-000057.txt
SPORT CHALET INC,0000892907,10-K,2011-06-08,edgar/data/892907/0001437749-11-003889.txt
WNC CALIFORNIA HOUSING TAX CREDITS III LP,0000892997,10-K,2011-06-28,edgar/data/892997/0001084067-11-000153.txt
VISION SCIENCES INC /DE/,0000894237,10-K,2011-06-02,edgar/data/894237/0001437749-11-003780.txt
AZZ INC,0000008947,10-K,2011-05-12,edgar/data/8947/0000008947-11-000016.txt
SHOE CARNIVAL INC,0000895447,10-K,2011-04-14,edgar/data/895447/0001206774-11-000882.txt
MAGNA LAB INC,0000895464,10-K,2011-06-14,edgar/data/895464/0001193805-11-001095.txt
AMERICAN TAX CREDIT TRUST SERIES I,0000897315,10-K,2011-06-28,edgar/data/897315/0001096906-11-001303.txt
PEERLESS SYSTEMS CORP,0000897893,10-K,2011-05-02,edgar/data/897893/0001437749-11-002692.txt
OPTI INC,0000899297,10-K,2011-06-29,edgar/data/899297/0001193125-11-177296.txt
CALYPTE BIOMEDICAL CORP,0000899426,10-K,2011-05-27,edgar/data/899426/0001437749-11-003668.txt
PERRY ELLIS INTERNATIONAL INC,0000900349,10-K,2011-04-13,edgar/data/900349/0001193125-11-096481.txt
BARRETT BUSINESS SERVICES INC,0000902791,10-K,2011-04-01,edgar/data/902791/0001193125-11-086773.txt
Eco-Trade Corp,0000905428,10-K,2011-04-15,edgar/data/905428/0001387131-11-000608.txt
INDEPENDENCE TAX CREDIT PLUS L P II,0000907045,10-K,2011-06-27,edgar/data/907045/0001215811-11-000035.txt
MEDIFAST INC,0000910329,10-K,2011-04-01,edgar/data/910329/0001144204-11-019422.txt
RF MICRO DEVICES INC,0000911160,10-K,2011-06-01,edgar/data/911160/0000950123-11-055640.txt
CASELLA WASTE SYSTEMS INC,0000911177,10-K,2011-06-20,edgar/data/911177/0001104659-11-035452.txt
BOSTON FINANCIAL TAX CREDIT FUND VIII LP,0000911568,10-K,2011-06-29,edgar/data/911568/0000810663-11-000059.txt
STRATEGIC DIAGNOSTICS INC/DE/,0000911649,10-K,2011-04-01,edgar/data/911649/0001188112-11-000886.txt
NAVARRE CORP /MN/,0000911650,10-K,2011-06-09,edgar/data/911650/0001193125-11-161951.txt
TORCH ENERGY ROYALTY TRUST,0000912030,10-K,2011-04-22,edgar/data/912030/0000950123-11-038366.txt
SYMBOLLON CORP,0000912086,10-K,2011-04-15,edgar/data/912086/0000912086-11-000009.txt
HOLLYWOOD MEDIA CORP,0000912544,10-K,2011-04-14,edgar/data/912544/0001144204-11-022092.txt
URBAN OUTFITTERS INC,0000912615,10-K,2011-04-01,edgar/data/912615/0001193125-11-085784.txt
"LOS ANGELES SYNDICATE OF TECHNOLOGY, INC.",0000912844,10-K,2011-04-15,edgar/data/912844/0001010549-11-000376.txt
WNC HOUSING TAX CREDIT FUND IV L P SERIES 1,0000913496,10-K,2011-06-28,edgar/data/913496/0001084067-11-000149.txt
SMITHFIELD FOODS INC,0000091388,10-K,2011-06-17,edgar/data/91388/0000091388-11-000038.txt
PLANTRONICS INC /CA/,0000914025,10-K,2011-05-31,edgar/data/914025/0000914025-11-000035.txt
MFRI INC,0000914122,10-K,2011-04-14,edgar/data/914122/0000914122-11-000003.txt
SMUCKER J M CO,0000091419,10-K,2011-06-28,edgar/data/91419/0000950123-11-062373.txt
GREAT LAKES AVIATION LTD,0000914397,10-K,2011-04-05,edgar/data/914397/0001193125-11-088863.txt
DAKTRONICS INC /SD/,0000915779,10-K,2011-06-16,edgar/data/915779/0000915779-11-000025.txt
SOLITRON DEVICES INC,0000091668,10-K,2011-05-23,edgar/data/91668/0001144204-11-031687.txt
HELEN OF TROY LTD,0000916789,10-K,2011-05-16,edgar/data/916789/0001104659-11-029322.txt
MOTORCAR PARTS AMERICA INC,0000918251,10-K,2011-06-13,edgar/data/918251/0001140361-11-032524.txt
QLOGIC CORP,0000918386,10-K,2011-05-26,edgar/data/918386/0000950123-11-054494.txt
BALTIC INTERNATIONAL USA INC,0000918545,10-K,2011-04-15,edgar/data/918545/0000918545-11-000003.txt
EAGLE MATERIALS INC,0000918646,10-K,2011-05-26,edgar/data/918646/0001193125-11-151814.txt
POINDEXTER J B & CO INC,0000918962,10-K,2011-04-13,edgar/data/918962/0001104659-11-019926.txt
CKE RESTAURANTS INC,0000919628,10-K,2011-04-15,edgar/data/919628/0000919628-11-000003.txt
TRANS ENERGY INC,0000919721,10-K,2011-04-15,edgar/data/919721/0000931731-11-000090.txt
LA JOLLA PHARMACEUTICAL CO,0000920465,10-K,2011-04-14,edgar/data/920465/0000950123-11-035415.txt
PSS WORLD MEDICAL INC,0000920527,10-K,2011-05-26,edgar/data/920527/0001193125-11-151756.txt
CONSOLIDATED GRAPHICS INC /TX/,0000921500,10-K,2011-05-27,edgar/data/921500/0001104659-11-031998.txt
BLYTH INC,0000921503,10-K,2011-04-08,edgar/data/921503/0000921503-11-000014.txt
POWER-SAVE ENERGY CO,0000922011,10-K,2011-04-13,edgar/data/922011/0001108078-11-000083.txt
Unilava Corp,0000923168,10-K,2011-04-11,edgar/data/923168/0001199835-11-000240.txt
SINGING MACHINE CO INC,0000923601,10-K,2011-06-29,edgar/data/923601/0001144204-11-038264.txt
INDEPENDENCE TAX CREDIT PLUS LP III,0000924124,10-K,2011-06-27,edgar/data/924124/0001215811-11-000036.txt
BMB MUNAI INC,0000924805,10-K,2011-06-29,edgar/data/924805/0001038838-11-000172.txt
FLEXPOINT SENSOR SYSTEMS INC,0000925660,10-K,2011-04-15,edgar/data/925660/0001023175-11-000204.txt
SANGUINE CORP,0000926287,10-K,2011-04-15,edgar/data/926287/0001010412-11-000159.txt
MITCHAM INDUSTRIES INC,0000926423,10-K,2011-04-06,edgar/data/926423/0000950123-11-033343.txt
TESSCO TECHNOLOGIES INC,0000927355,10-K,2011-05-24,edgar/data/927355/0000927355-11-000016.txt
MCKESSON CORP,0000927653,10-K,2011-05-05,edgar/data/927653/0000950123-11-045634.txt
Dutch Gold Resources Inc,0000928375,10-K,2011-04-01,edgar/data/928375/0001140361-11-020172.txt
RADIANT OIL & GAS INC,0000928447,10-K,2011-04-15,edgar/data/928447/0001078782-11-001053.txt
LIONS GATE ENTERTAINMENT CORP /CN/,0000929351,10-K,2011-05-31,edgar/data/929351/0000950123-11-055453.txt
ENCISION INC,0000930775,10-K,2011-06-15,edgar/data/930775/0001104659-11-034820.txt
TEGAL CORP /DE/,0000931059,10-K,2011-06-29,edgar/data/931059/0001144204-11-038233.txt
Sustainable Environmental Technologies Corp,0000932136,10-K,2011-06-29,edgar/data/932136/0001019687-11-002078.txt
ACCREDITED BUSINESS CONSOLIDATORS CORP.,0000933425,10-K,2011-04-15,edgar/data/933425/0000933425-11-000006.txt
ACCREDITED BUSINESS CONSOLIDATORS CORP.,0000933425,10-K,2011-04-15,edgar/data/933425/0000933425-11-000007.txt
ACCREDITED BUSINESS CONSOLIDATORS CORP.,0000933425,10-K,2011-04-15,edgar/data/933425/0000933425-11-000008.txt
STANDARD MICROSYSTEMS CORP,0000093384,10-K,2011-04-19,edgar/data/93384/0001140361-11-022522.txt
"POWERVERDE, INC.",0000933972,10-K,2011-04-07,edgar/data/933972/0001193125-11-091326.txt
BENIHANA INC,0000935226,10-K,2011-06-09,edgar/data/935226/0001188112-11-001708.txt
AZZURRA HOLDING CORP,0000935493,10-K,2011-04-11,edgar/data/935493/0001415889-11-000220.txt
CAREADVANTAGE INC,0000937252,10-K,2011-04-20,edgar/data/937252/0001144204-11-023232.txt
"ALLIANCE ONE INTERNATIONAL, INC.",0000939930,10-K,2011-06-10,edgar/data/939930/0000939930-11-000026.txt
INDEPENDENCE TAX CREDIT PLUS LP IV,0000940329,10-K,2011-06-23,edgar/data/940329/0001215811-11-000033.txt
BORDERS GROUP INC,0000940510,10-K,2011-04-29,edgar/data/940510/0001140361-11-024036.txt
GENELINK INC,0000941020,10-K,2011-04-01,edgar/data/941020/0001144204-11-019563.txt
TN-K ENERGY GROUP INC.,0000942650,10-K,2011-04-13,edgar/data/942650/0001437749-11-002288.txt
FNBH BANCORP INC,0000943119,10-K,2011-04-15,edgar/data/943119/0000950123-11-036141.txt
"WORLD HEALTH ENERGY HOLDINGS, INC.",0000943535,10-K,2011-04-01,edgar/data/943535/0001079974-11-000280.txt
DAVE & BUSTERS INC,0000943823,10-K,2011-04-18,edgar/data/943823/0001193125-11-099806.txt
WNC HOUSING TAX CREDIT FUND V LP SERIES 3,0000943904,10-K,2011-06-28,edgar/data/943904/0001084067-11-000151.txt
EnergyConnect Group Inc,0000944947,10-K,2011-04-01,edgar/data/944947/0001193125-11-086936.txt
IXYS CORP /DE/,0000945699,10-K,2011-06-08,edgar/data/945699/0000950123-11-057425.txt
TAKE TWO INTERACTIVE SOFTWARE INC,0000946581,10-K,2011-05-25,edgar/data/946581/0001047469-11-005488.txt
PREFERRED VOICE INC,0000946822,10-K,2011-06-27,edgar/data/946822/0001477932-11-000973.txt
AMBASSADORS INTERNATIONAL INC,0000946842,10-K,2011-04-22,edgar/data/946842/0000899681-11-000145.txt
CAPSALUS CORP,0000949189,10-K,2011-04-15,edgar/data/949189/0001079973-11-000316.txt
"Geos Communications, Inc.",0000949371,10-K,2011-04-08,edgar/data/949371/0001144204-11-020854.txt
AMERICAN COMMERCE SOLUTIONS Inc,0000949982,10-K,2011-05-31,edgar/data/949982/0001477932-11-000824.txt
Worldwide Biotech & Pharmaceutical CO,0000095302,10-K,2011-04-01,edgar/data/95302/0001437749-11-001993.txt
SUPERVALU INC,0000095521,10-K,2011-04-21,edgar/data/95521/0000950123-11-037681.txt
"CLEAN WIND ENERGY TOWER, INC.",0000095572,10-K,2011-04-12,edgar/data/95572/0001019687-11-001164.txt
TASTY BAKING CO,0000096412,10-K,2011-04-11,edgar/data/96412/0001157523-11-001979.txt
TEL INSTRUMENT ELECTRONICS CORP,0000096885,10-K,2011-06-29,edgar/data/96885/0001185185-11-000932.txt
TIDEWATER INC,0000098222,10-K,2011-05-19,edgar/data/98222/0001193125-11-145426.txt
TRANSCAT INC,0000099302,10-K,2011-06-22,edgar/data/99302/0000950123-11-060885.txt
BREEZE-EASTERN CORP,0000099359,10-K,2011-06-03,edgar/data/99359/0000950123-11-056401.txt
