Company Name,CIK,Form Type,Date Filed,Filename
SANDISK CORP,0001000180,10-K,2011-02-23,edgar/data/1000180/0001000180-11-000006.txt
MEDALLION FINANCIAL CORP,0001000209,10-K,2011-03-14,edgar/data/1000209/0001193125-11-064323.txt
HENRY SCHEIN INC,0001000228,10-K,2011-02-22,edgar/data/1000228/0001000228-11-000014.txt
CORE LABORATORIES N V,0001000229,10-K,2011-02-22,edgar/data/1000229/0001000229-11-000015.txt
OPTICAL CABLE CORP,0001000230,10-K,2011-01-24,edgar/data/1000230/0001193125-11-012997.txt
KENTUCKY BANCSHARES INC /KY/,0001000232,10-K,2011-03-31,edgar/data/1000232/0001104659-11-017803.txt
PACIFICHEALTH LABORATORIES INC,0001000278,10-K,2011-03-08,edgar/data/1000278/0001144204-11-013302.txt
IMPAC MORTGAGE HOLDINGS INC,0001000298,10-K,2011-03-31,edgar/data/1000298/0001047469-11-002998.txt
SCHWEITZER MAUDUIT INTERNATIONAL INC,0001000623,10-K,2011-02-25,edgar/data/1000623/0001140361-11-012277.txt
BLONDER TONGUE LABORATORIES INC,0001000683,10-K,2011-03-21,edgar/data/1000683/0001307942-11-000013.txt
NOVAVAX INC,0001000694,10-K,2011-03-28,edgar/data/1000694/0001144204-11-017669.txt
WATERS CORP /DE/,0001000697,10-K,2011-02-25,edgar/data/1000697/0000950123-11-018381.txt
ADMINISTAFF INC \DE\,0001000753,10-K,2011-02-14,edgar/data/1000753/0001140361-11-008714.txt
DISH Network CORP,0001001082,10-K,2011-02-24,edgar/data/1001082/0001104659-11-009436.txt
TUCSON ELECTRIC POWER CO,0000100122,10-K,2011-03-01,edgar/data/100122/0000950123-11-020431.txt
SANGAMO BIOSCIENCES INC,0001001233,10-K,2011-02-17,edgar/data/1001233/0001193125-11-038131.txt
LEXMARK INTERNATIONAL INC /KY/,0001001288,10-K,2011-02-28,edgar/data/1001288/0000950123-11-019815.txt
MANHATTAN PHARMACEUTICALS INC,0001001316,10-K,2011-03-31,edgar/data/1001316/0001144204-11-018740.txt
NORTHWEST PIPE CO,0001001385,10-K,2011-03-22,edgar/data/1001385/0001193125-11-072933.txt
EMERITUS CORP\WA\,0001001604,10-K,2011-03-11,edgar/data/1001604/0001001604-11-000022.txt
BLOUNT INTERNATIONAL INC,0001001606,10-K,2011-03-09,edgar/data/1001606/0001193125-11-060637.txt
TENGASCO INC,0001001614,10-K,2011-03-31,edgar/data/1001614/0001001614-11-000014.txt
SOUTHERN COPPER CORP/,0001001838,10-K,2011-03-01,edgar/data/1001838/0001104659-11-011083.txt
INTEVAC INC,0001001902,10-K,2011-02-25,edgar/data/1001902/0000950123-11-018655.txt
ADVENT SOFTWARE INC /DE/,0001002225,10-K,2011-03-09,edgar/data/1002225/0001047469-11-001908.txt
"America's Suppliers, Inc.",0001002390,10-K,2011-03-03,edgar/data/1002390/0001144204-11-012590.txt
PHYTOMEDICAL TECHNOLOGIES INC,0001002422,10-K,2011-03-28,edgar/data/1002422/0001144204-11-017561.txt
CRONOS GLOBAL INCOME FUND XVI LP,0001002519,10-K,2011-03-16,edgar/data/1002519/0000950123-11-025923.txt
TOLLGRADE COMMUNICATIONS INC \PA\,0001002531,10-K,2011-03-10,edgar/data/1002531/0000950123-11-024007.txt
EMERGING VISION INC,0001002554,10-K,2011-03-31,edgar/data/1002554/0001002554-11-000012.txt
AMERICREDIT FINANCIAL SERVICES INC,0001002761,10-K,2011-03-28,edgar/data/1002761/0001193125-11-079186.txt
AMERICREDIT FINANCIAL SERVICES INC,0001002761,10-K,2011-03-28,edgar/data/1002761/0001193125-11-079190.txt
AMERICREDIT FINANCIAL SERVICES INC,0001002761,10-K,2011-03-28,edgar/data/1002761/0001193125-11-079209.txt
AMERICREDIT FINANCIAL SERVICES INC,0001002761,10-K,2011-03-28,edgar/data/1002761/0001193125-11-079211.txt
AMERICREDIT FINANCIAL SERVICES INC,0001002761,10-K,2011-03-28,edgar/data/1002761/0001193125-11-079214.txt
AMERICREDIT FINANCIAL SERVICES INC,0001002761,10-K,2011-03-28,edgar/data/1002761/0001193125-11-079221.txt
AMEREN CORP,0001002910,10-K,2011-02-24,edgar/data/1002910/0001193125-11-044880.txt
ZORAN CORP \DE\,0001003022,10-K,2011-03-07,edgar/data/1003022/0001193125-11-056851.txt
PHARMACEUTICAL PRODUCT DEVELOPMENT INC,0001003124,10-K,2011-02-25,edgar/data/1003124/0001193125-11-046748.txt
LCA VISION INC,0001003130,10-K,2011-03-08,edgar/data/1003130/0001193125-11-058748.txt
MUNICIPAL MORTGAGE & EQUITY LLC,0001003201,10-K,2011-03-31,edgar/data/1003201/0001144204-11-019178.txt
SILICON IMAGE INC,0001003214,10-K,2011-02-17,edgar/data/1003214/0001003214-11-000011.txt
"First Physicians Capital Group, Inc.",0001003226,10-K,2011-02-14,edgar/data/1003226/0000950123-11-013798.txt
DUKE REALTY LIMITED PARTNERSHIP/,0001003410,10-K,2011-03-04,edgar/data/1003410/0001193125-11-056307.txt
AMERICAN EXPRESS CREDIT ACCOUNT MASTER TRUST,0001003509,10-K,2011-03-28,edgar/data/1003509/0000950123-11-029672.txt
IMPAX LABORATORIES INC,0001003642,10-K,2011-02-25,edgar/data/1003642/0000950123-11-018461.txt
BCTC IV ASSIGNOR CORP,0001003815,10-K,2011-03-04,edgar/data/1003815/0001003815-11-000001.txt
"VIA Pharmaceuticals, Inc.",0001003929,10-K,2011-03-24,edgar/data/1003929/0000950123-11-028637.txt
TAYLOR CALVIN B BANKSHARES INC,0001003986,10-K,2011-03-10,edgar/data/1003986/0001003986-11-000004.txt
TANGER PROPERTIES LTD PARTNERSHIP /NC/,0001004036,10-K,2011-02-28,edgar/data/1004036/0000899715-11-000018.txt
KSW INC,0001004125,10-K,2011-03-22,edgar/data/1004125/0001133796-11-000060.txt
AGL RESOURCES INC,0001004155,10-K,2011-02-09,edgar/data/1004155/0001004155-11-000040.txt
AFFILIATED MANAGERS GROUP INC,0001004434,10-K,2011-03-01,edgar/data/1004434/0001047469-11-001624.txt
CONSTELLATION ENERGY GROUP INC,0001004440,10-K,2011-03-01,edgar/data/1004440/0001047469-11-001579.txt
PINNACLE DATA SYSTEMS INC,0001004608,10-K,2011-03-11,edgar/data/1004608/0001193125-11-063204.txt
Entertainment Gaming Asia Inc.,0001004673,10-K,2011-03-30,edgar/data/1004673/0001104659-11-017629.txt
OCEANFIRST FINANCIAL CORP,0001004702,10-K,2011-03-15,edgar/data/1004702/0001193125-11-066691.txt
ADCARE HEALTH SYSTEMS INC,0001004724,10-K,2011-03-31,edgar/data/1004724/0001004724-11-000034.txt
PG&E CORP,0001004980,10-K,2011-02-17,edgar/data/1004980/0001193125-11-038959.txt
CHASE CREDIT CARD MASTER TRUST,0001004988,10-K,2011-03-30,edgar/data/1004988/0001193125-11-083124.txt
SPAR GROUP INC,0001004989,10-K,2011-03-15,edgar/data/1004989/0000910680-11-000109.txt
ARTHROCARE CORP,0001005010,10-K,2011-02-14,edgar/data/1005010/0001047469-11-000851.txt
ML TREND-FOLLOWING FUTURES FUND L.P.,0001005177,10-K,2011-03-15,edgar/data/1005177/0001104659-11-014442.txt
"United Continental Holdings, Inc.",0000100517,10-K,2011-02-22,edgar/data/100517/0001193125-11-042335.txt
NORTH CENTRAL BANCSHARES INC,0001005188,10-K,2011-03-11,edgar/data/1005188/0001005188-11-000016.txt
DEPOMED INC,0001005201,10-K,2011-03-16,edgar/data/1005201/0001047469-11-002224.txt
UNIVERSAL DISPLAY CORP \PA\,0001005284,10-K,2011-03-16,edgar/data/1005284/0001005284-11-000038.txt
DIME COMMUNITY BANCSHARES INC,0001005409,10-K,2011-03-14,edgar/data/1005409/0001005409-11-000006.txt
TOYS R US INC,0001005414,10-K,2011-03-24,edgar/data/1005414/0001193125-11-075428.txt
CSG SYSTEMS INTERNATIONAL INC,0001005757,10-K,2011-03-09,edgar/data/1005757/0001193125-11-059556.txt
TOMPKINS FINANCIAL CORP,0001005817,10-K,2011-03-17,edgar/data/1005817/0001019056-11-000330.txt
IRIDEX CORP,0001006045,10-K,2011-03-25,edgar/data/1006045/0001193125-11-076800.txt
SIERRA MONITOR CORP /CA/,0000100625,10-K,2011-03-25,edgar/data/100625/0001144204-11-017285.txt
LORAL SPACE & COMMUNICATIONS INC.,0001006269,10-K,2011-03-15,edgar/data/1006269/0000950123-11-025650.txt
"Protalix BioTherapeutics, Inc.",0001006281,10-K,2011-02-23,edgar/data/1006281/0000950123-11-017213.txt
FIRST FEDERAL BANCSHARES OF ARKANSAS INC,0001006424,10-K,2011-03-16,edgar/data/1006424/0001104659-11-014495.txt
PRIMUS TELECOMMUNICATIONS GROUP INC,0001006837,10-K,2011-03-25,edgar/data/1006837/0001193125-11-077873.txt
JDA SOFTWARE GROUP INC,0001006892,10-K,2011-03-01,edgar/data/1006892/0000950123-11-020623.txt
COFFEE HOLDING CO INC,0001007019,10-K,2011-01-31,edgar/data/1007019/0001354488-11-000309.txt
UNICO AMERICAN CORP,0000100716,10-K,2011-03-31,edgar/data/100716/0000100716-11-000005.txt
BANK OF SOUTH CAROLINA CORP,0001007273,10-K,2011-03-03,edgar/data/1007273/0001144204-11-012582.txt
"PRGX GLOBAL, INC.",0001007330,10-K,2011-03-16,edgar/data/1007330/0000950123-11-025938.txt
KVH INDUSTRIES INC \DE\,0001007587,10-K,2011-03-14,edgar/data/1007587/0001193125-11-065961.txt
UNION CARBIDE CORP /NEW/,0000100790,10-K,2011-02-18,edgar/data/100790/0000029915-11-000008.txt
UNION ELECTRIC CO,0000100826,10-K,2011-02-24,edgar/data/100826/0001193125-11-044880.txt
HIGHLANDS BANKSHARES INC /VA/,0001008579,10-K,2011-03-31,edgar/data/1008579/0001002105-11-000066.txt
TUPPERWARE BRANDS CORP,0001008654,10-K,2011-02-22,edgar/data/1008654/0001193125-11-042252.txt
SAPIENT CORP,0001008817,10-K,2011-02-25,edgar/data/1008817/0000950123-11-018922.txt
ACORDA THERAPEUTICS INC,0001008848,10-K,2011-03-01,edgar/data/1008848/0001008848-11-000018.txt
UNION PACIFIC CORP,0000100885,10-K,2011-02-04,edgar/data/100885/0001193125-11-024531.txt
SALIX PHARMACEUTICALS LTD,0001009356,10-K,2011-03-01,edgar/data/1009356/0001193125-11-051490.txt
METROPOLITAN HEALTH NETWORKS INC,0001009379,10-K,2011-03-02,edgar/data/1009379/0001157523-11-001320.txt
CARBO CERAMICS INC,0001009672,10-K,2011-02-25,edgar/data/1009672/0000950123-11-018736.txt
JAKKS PACIFIC INC,0001009829,10-K,2011-03-04,edgar/data/1009829/0001157523-11-001399.txt
COMMERCIAL BANCSHARES INC \OH\,0001009976,10-K,2011-03-29,edgar/data/1009976/0001144204-11-017830.txt
UNITED AIR LINES INC,0000101001,10-K,2011-02-22,edgar/data/101001/0001193125-11-042335.txt
SIGA TECHNOLOGIES INC,0001010086,10-K,2011-03-09,edgar/data/1010086/0001206774-11-000458.txt
FPIC INSURANCE GROUP INC,0001010247,10-K,2011-03-09,edgar/data/1010247/0001010247-11-000023.txt
FiberTower CORP,0001010286,10-K,2011-03-11,edgar/data/1010286/0001047469-11-002047.txt
POLYCOM INC,0001010552,10-K,2011-02-18,edgar/data/1010552/0001193125-11-040446.txt
SYKES ENTERPRISES INC,0001010612,10-K,2011-03-08,edgar/data/1010612/0000950123-11-023188.txt
CHIQUITA BRANDS INTERNATIONAL INC,0000101063,10-K,2011-03-04,edgar/data/101063/0001193125-11-056094.txt
YAHOO INC,0001011006,10-K,2011-02-28,edgar/data/1011006/0001193125-11-050000.txt
SUNRISE SENIOR LIVING INC,0001011064,10-K,2011-02-25,edgar/data/1011064/0001193125-11-046262.txt
ROBERTS REALTY INVESTORS INC,0001011109,10-K,2011-03-17,edgar/data/1011109/0000950123-11-026450.txt
BRE PROPERTIES INC /MD/,0001011174,10-K,2011-02-18,edgar/data/1011174/0001193125-11-040149.txt
FOOTSTAR INC,0001011308,10-K,2011-03-14,edgar/data/1011308/0000921895-11-000512.txt
AUXILIO INC,0001011432,10-K,2011-03-30,edgar/data/1011432/0000823579-11-000086.txt
MEDICAL INFORMATION TECHNOLOGY INC,0001011452,10-K,2011-01-31,edgar/data/1011452/0001011452-11-000003.txt
Golden Minerals Co,0001011509,10-K,2011-02-17,edgar/data/1011509/0001047469-11-001027.txt
KNOLL INC,0001011570,10-K,2011-03-01,edgar/data/1011570/0001047469-11-001616.txt
TITANIUM METALS CORP,0001011657,10-K,2011-02-28,edgar/data/1011657/0001193125-11-049208.txt
UNIONBANCAL CORP,0001011659,10-K,2011-03-17,edgar/data/1011659/0001047469-11-002238.txt
SS&C TECHNOLOGIES INC,0001011661,10-K,2011-03-11,edgar/data/1011661/0000950123-11-024859.txt
"MEDIVATION, INC.",0001011835,10-K,2011-03-16,edgar/data/1011835/0001193125-11-068705.txt
UNITED FIRE & CASUALTY CO,0000101199,10-K,2011-03-01,edgar/data/101199/0000101199-11-000006.txt
RUSH ENTERPRISES INC \TX\,0001012019,10-K,2011-03-11,edgar/data/1012019/0000950123-11-024520.txt
SEALED AIR CORP/DE,0001012100,10-K,2011-02-25,edgar/data/1012100/0000950123-11-018492.txt
ONYX PHARMACEUTICALS INC,0001012140,10-K,2011-02-23,edgar/data/1012140/0000950123-11-017166.txt
POST APARTMENT HOMES LP,0001012271,10-K,2011-03-01,edgar/data/1012271/0001193125-11-051404.txt
"Energy Transfer Partners, L.P.",0001012569,10-K,2011-02-28,edgar/data/1012569/0001193125-11-049474.txt
GENESEE & WYOMING INC,0001012620,10-K,2011-02-25,edgar/data/1012620/0001193125-11-047350.txt
FBL FINANCIAL GROUP INC,0001012771,10-K,2011-02-18,edgar/data/1012771/0001012771-11-000020.txt
UNITED GUARDIAN INC,0000101295,10-K,2011-03-25,edgar/data/101295/0001171843-11-000851.txt
ARADIGM CORP,0001013238,10-K,2011-03-25,edgar/data/1013238/0000950123-11-029095.txt
NORWOOD FINANCIAL CORP,0001013272,10-K,2011-03-10,edgar/data/1013272/0000946275-11-000093.txt
"VALCOM, INC",0001013453,10-K,2011-02-08,edgar/data/1013453/0001145443-11-000149.txt
ANSYS INC,0001013462,10-K,2011-02-25,edgar/data/1013462/0001193125-11-046536.txt
BJs RESTAURANTS INC,0001013488,10-K,2011-03-09,edgar/data/1013488/0001193125-11-061027.txt
PARK BANCORP INC,0001013554,10-K,2011-03-31,edgar/data/1013554/0001193125-11-084907.txt
ENDOLOGIX INC /DE/,0001013606,10-K,2011-03-16,edgar/data/1013606/0001445305-11-000433.txt
"Wilhelmina International, Inc.",0001013706,10-K,2011-03-31,edgar/data/1013706/0000921895-11-000658.txt
TIB FINANCIAL CORP.,0001013796,10-K,2011-03-31,edgar/data/1013796/0001013796-11-000013.txt
UMB FINANCIAL CORP,0000101382,10-K,2011-02-24,edgar/data/101382/0001193125-11-044739.txt
COLONIAL REALTY LIMITED PARTNERSHIP,0001013844,10-K,2011-02-28,edgar/data/1013844/0000909111-11-000006.txt
PEGASYSTEMS INC,0001013857,10-K,2011-03-16,edgar/data/1013857/0001193125-11-068758.txt
"NRG ENERGY, INC.",0001013871,10-K,2011-02-22,edgar/data/1013871/0001047469-11-001125.txt
TELETECH HOLDINGS INC,0001013880,10-K,2011-03-01,edgar/data/1013880/0000950123-11-020772.txt
UNITED MORTGAGE TRUST,0000101390,10-K,2011-03-31,edgar/data/101390/0000101390-11-000007.txt
STRAYER EDUCATION INC,0001013934,10-K,2011-02-22,edgar/data/1013934/0000950123-11-016592.txt
SRI SURGICAL EXPRESS INC,0001014041,10-K,2011-03-07,edgar/data/1014041/0001193125-11-057768.txt
IMATION CORP,0001014111,10-K,2011-03-02,edgar/data/1014111/0000950123-11-021340.txt
VERISIGN INC/CA,0001014473,10-K,2011-02-24,edgar/data/1014473/0001193125-11-045196.txt
STERLING CHEMICALS INC,0001014669,10-K,2011-03-01,edgar/data/1014669/0000950123-11-020726.txt
CALIPER LIFE SCIENCES INC,0001014672,10-K,2011-03-11,edgar/data/1014672/0001047469-11-002050.txt
"BioScrip, Inc.",0001014739,10-K,2011-03-16,edgar/data/1014739/0001014739-11-000006.txt
CHARLES & COLVARD LTD,0001015155,10-K,2011-03-31,edgar/data/1015155/0001015155-11-000012.txt
WINTRUST FINANCIAL CORP,0001015328,10-K,2011-03-01,edgar/data/1015328/0000950123-11-020362.txt
UNITED STATES ANTIMONY CORP,0000101538,10-K,2011-03-28,edgar/data/101538/0001072613-11-000341.txt
RIVER VALLEY BANCORP,0001015593,10-K,2011-03-16,edgar/data/1015593/0000908834-11-000068.txt
AWARE INC /MA/,0001015739,10-K,2011-02-11,edgar/data/1015739/0001188112-11-000241.txt
E TRADE FINANCIAL CORP,0001015780,10-K,2011-02-22,edgar/data/1015780/0001193125-11-042158.txt
US ENERGY CORP,0000101594,10-K,2011-03-14,edgar/data/101594/0000101594-11-000018.txt
ULTIMATE SOFTWARE GROUP INC,0001016125,10-K,2011-03-01,edgar/data/1016125/0001016125-11-000004.txt
"ANTARES PHARMA, INC.",0001016169,10-K,2011-03-14,edgar/data/1016169/0001016169-11-000003.txt
CARRIAGE SERVICES INC,0001016281,10-K,2011-03-08,edgar/data/1016281/0000950123-11-023052.txt
SRS LABS INC,0001016470,10-K,2011-02-22,edgar/data/1016470/0001104659-11-008913.txt
ALTAIR NANOTECHNOLOGIES INC,0001016546,10-K,2011-02-28,edgar/data/1016546/0001437749-11-001103.txt
"Janus Resources, Inc.",0001016708,10-K,2011-03-30,edgar/data/1016708/0001140361-11-019355.txt
"Applied Natural Gas Fuels, Inc.",0001016900,10-K,2011-03-29,edgar/data/1016900/0001016900-11-000006.txt
Silver Dragon Resources Inc.,0001017290,10-K,2011-03-22,edgar/data/1017290/0001204459-11-000775.txt
TRANSACT TECHNOLOGIES INC,0001017303,10-K,2011-03-18,edgar/data/1017303/0001017303-11-000006.txt
HIBBETT SPORTS INC,0001017480,10-K,2011-03-29,edgar/data/1017480/0001017480-11-000018.txt
"APRICUS BIOSCIENCES, INC.",0001017491,10-K,2011-03-10,edgar/data/1017491/0001144204-11-014080.txt
PAID INC,0001017655,10-K,2011-03-11,edgar/data/1017655/0001140361-11-016136.txt
DOVER MOTORSPORTS INC,0001017673,10-K,2011-03-15,edgar/data/1017673/0001193125-11-067180.txt
"China Kangtai Cactus Bio-tech, Inc.",0001017699,10-K,2011-03-31,edgar/data/1017699/0001204459-11-000898.txt
MARATHON OIL CORP,0000101778,10-K,2011-02-28,edgar/data/101778/0001193125-11-047891.txt
SUN BANCORP INC /NJ/,0001017793,10-K,2011-03-14,edgar/data/1017793/0000946275-11-000101.txt
EDGEWATER TECHNOLOGY INC/DE/,0001017968,10-K,2011-03-31,edgar/data/1017968/0001193125-11-085024.txt
INGRAM MICRO INC,0001018003,10-K,2011-03-02,edgar/data/1018003/0000950123-11-021183.txt
COLDWATER CREEK INC,0001018005,10-K,2011-03-25,edgar/data/1018005/0001047469-11-002690.txt
WILLIS LEASE FINANCE CORP,0001018164,10-K,2011-03-15,edgar/data/1018164/0001104659-11-014411.txt
WELLS REAL ESTATE FUND X L P,0001018215,10-K,2011-03-22,edgar/data/1018215/0001193125-11-073694.txt
WELLS REAL ESTATE FUND XI L P,0001018216,10-K,2011-03-22,edgar/data/1018216/0001193125-11-073700.txt
CANAL CAPITAL CORP,0000101821,10-K,2011-01-25,edgar/data/101821/0001140361-11-003992.txt
UNITED DOMINION REALTY L P,0001018254,10-K,2011-02-23,edgar/data/1018254/0000950123-11-017187.txt
UNITED TECHNOLOGIES CORP /DE/,0000101829,10-K,2011-02-10,edgar/data/101829/0001193125-11-029695.txt
SPRINT NEXTEL CORP,0000101830,10-K,2011-02-24,edgar/data/101830/0000101830-11-000005.txt
"L-1 IDENTITY SOLUTIONS, INC.",0001018332,10-K,2011-03-01,edgar/data/1018332/0000950123-11-020007.txt
INFORMATION ARCHITECTS CORP,0001018336,10-K,2011-03-01,edgar/data/1018336/0001018336-11-000002.txt
INFORMATION ARCHITECTS CORP,0001018336,10-K,2011-03-29,edgar/data/1018336/0001018336-11-000004.txt
ENTERPRISE BANCORP INC /MA/,0001018399,10-K,2011-03-15,edgar/data/1018399/0001104659-11-014436.txt
AMAZON COM INC,0001018724,10-K,2011-01-28,edgar/data/1018724/0001193125-11-016253.txt
ABERCROMBIE & FITCH CO /DE/,0001018840,10-K,2011-03-29,edgar/data/1018840/0000950123-11-030172.txt
STEINER LEISURE Ltd,0001018946,10-K,2011-03-10,edgar/data/1018946/0001018946-11-000007.txt
ALLEGHENY TECHNOLOGIES INC,0001018963,10-K,2011-02-28,edgar/data/1018963/0000950123-11-019865.txt
AMERISAFE INC,0001018979,10-K,2011-03-07,edgar/data/1018979/0001193125-11-057764.txt
BIO KEY INTERNATIONAL INC,0001019034,10-K,2011-03-23,edgar/data/1019034/0001104659-11-016024.txt
ATEL CAPITAL EQUIPMENT FUND VII LP,0001019542,10-K,2011-03-24,edgar/data/1019542/0001144204-11-016808.txt
CENTRUE FINANCIAL CORP,0001019650,10-K,2011-03-25,edgar/data/1019650/0001019056-11-000344.txt
ARQULE INC,0001019695,10-K,2011-03-02,edgar/data/1019695/0001047469-11-001672.txt
NAVIGANT CONSULTING INC,0001019737,10-K,2011-02-18,edgar/data/1019737/0000950123-11-015769.txt
"PENSKE AUTOMOTIVE GROUP, INC.",0001019849,10-K,2011-02-28,edgar/data/1019849/0000950123-11-018964.txt
UNIVERSAL ELECTRONICS INC,0000101984,10-K,2011-03-16,edgar/data/101984/0000950123-11-025838.txt
CERUS CORP,0001020214,10-K,2011-03-16,edgar/data/1020214/0001193125-11-068699.txt
COMMUNITYCORP,0001020347,10-K,2011-03-25,edgar/data/1020347/0001193125-11-077474.txt
MONSTER WORLDWIDE INC,0001020416,10-K,2011-02-02,edgar/data/1020416/0000950123-11-008219.txt
IRON MOUNTAIN INC,0001020569,10-K,2011-03-01,edgar/data/1020569/0001047469-11-001600.txt
"ERF Wireless, Inc.",0001020646,10-K,2011-03-31,edgar/data/1020646/0001019687-11-001033.txt
DXP ENTERPRISES INC,0001020710,10-K,2011-03-16,edgar/data/1020710/0001020710-11-000002.txt
EMERGENT GROUP INC/NY,0001021097,10-K,2011-03-30,edgar/data/1021097/0001013762-11-000745.txt
FAMOUS DAVES OF AMERICA INC,0001021270,10-K,2011-03-18,edgar/data/1021270/0000950123-11-026814.txt
GRAPHON CORP/DE,0001021435,10-K,2011-03-31,edgar/data/1021435/0001021435-11-000004.txt
NU SKIN ENTERPRISES INC,0001021561,10-K,2011-02-23,edgar/data/1021561/0001021561-11-000030.txt
OGE ENERGY CORP.,0001021635,10-K,2011-02-17,edgar/data/1021635/0001021635-11-000004.txt
NATIONAL OILWELL VARCO INC,0001021860,10-K,2011-02-23,edgar/data/1021860/0000950123-11-017063.txt
QUEST DIAGNOSTICS INC,0001022079,10-K,2011-02-16,edgar/data/1022079/0000930413-11-001115.txt
UNIVEST CORP OF PENNSYLVANIA,0000102212,10-K,2011-03-04,edgar/data/102212/0000950123-11-022099.txt
GENESIS ENERGY LP,0001022321,10-K,2011-03-16,edgar/data/1022321/0001140361-11-017011.txt
SIMON PROPERTY GROUP L P /DE/,0001022344,10-K,2011-03-11,edgar/data/1022344/0001047469-11-002007.txt
DELTIC TIMBER CORP,0001022469,10-K,2011-03-04,edgar/data/1022469/0001193125-11-056207.txt
ULTRA PETROLEUM CORP,0001022646,10-K,2011-02-24,edgar/data/1022646/0000950123-11-017883.txt
NOVATEL WIRELESS INC,0001022652,10-K,2011-03-16,edgar/data/1022652/0001193125-11-068720.txt
STEEL DYNAMICS INC,0001022671,10-K,2011-02-23,edgar/data/1022671/0001047469-11-001181.txt
NEOMEDIA TECHNOLOGIES INC,0001022701,10-K,2011-03-25,edgar/data/1022701/0001144204-11-017277.txt
TESCO CORP,0001022705,10-K,2011-03-01,edgar/data/1022705/0001022705-11-000003.txt
CARDINAL BANKSHARES CORP,0001022759,10-K,2011-03-10,edgar/data/1022759/0001193125-11-061744.txt
BIOSANTE PHARMACEUTICALS INC,0001023024,10-K,2011-03-16,edgar/data/1023024/0001104659-11-014913.txt
LITHIA MOTORS INC,0001023128,10-K,2011-03-07,edgar/data/1023128/0001193125-11-057831.txt
COVANCE INC,0001023131,10-K,2011-02-28,edgar/data/1023131/0001047469-11-001518.txt
Energy Future Holdings Corp /TX/,0001023291,10-K,2011-02-18,edgar/data/1023291/0001193125-11-039696.txt
FORRESTER RESEARCH INC,0001023313,10-K,2011-03-14,edgar/data/1023313/0000950123-11-025239.txt
POWERWAVE TECHNOLOGIES INC,0001023362,10-K,2011-02-17,edgar/data/1023362/0001023362-11-000010.txt
AUTOBYTEL INC,0001023364,10-K,2011-03-10,edgar/data/1023364/0001023364-11-000005.txt
AIS FUTURES FUND IV LP,0001023453,10-K,2011-03-31,edgar/data/1023453/0000905148-11-000766.txt
AEI INCOME & GROWTH FUND XXII LTD PARTNERSHIP,0001023458,10-K,2011-03-28,edgar/data/1023458/0001326321-11-000004.txt
"BPZ RESOURCES, INC.",0001023734,10-K,2011-03-16,edgar/data/1023734/0001104659-11-014875.txt
URS CORP /NEW/,0000102379,10-K,2011-02-28,edgar/data/102379/0000102379-11-000012.txt
STEWARDSHIP FINANCIAL CORP,0001023860,10-K,2011-03-30,edgar/data/1023860/0000914317-11-000460.txt
WESTERN PENNSYLVANIA ADVENTURE CAPITAL FUND,0001023957,10-K,2011-02-18,edgar/data/1023957/0001193125-11-039682.txt
CDSI HOLDINGS INC,0001023994,10-K,2011-01-31,edgar/data/1023994/0001144204-11-005018.txt
POWER EFFICIENCY CORP,0001024075,10-K,2011-03-31,edgar/data/1024075/0001144204-11-019095.txt
"PERNIX THERAPEUTICS HOLDINGS, INC.",0001024126,10-K,2011-03-30,edgar/data/1024126/0001354488-11-001006.txt
WORLD HEART CORP,0001024520,10-K,2011-03-31,edgar/data/1024520/0001193125-11-084798.txt
WEST CORP,0001024657,10-K,2011-02-23,edgar/data/1024657/0001193125-11-043437.txt
TENNECO INC,0001024725,10-K,2011-02-28,edgar/data/1024725/0000950123-11-019050.txt
IGATE CORP,0001024732,10-K,2011-02-17,edgar/data/1024732/0001193125-11-038765.txt
SUN HYDRAULICS CORP,0001024795,10-K,2011-03-09,edgar/data/1024795/0001193125-11-060431.txt
24HOLDINGS INC,0001025315,10-K,2011-03-22,edgar/data/1025315/0001144204-11-016270.txt
GOLDEN QUEEN MINING CO LTD,0001025362,10-K,2011-03-31,edgar/data/1025362/0001062993-11-001256.txt
CAREY W P & CO LLC,0001025378,10-K,2011-02-25,edgar/data/1025378/0000950123-11-018898.txt
TAYLOR CAPITAL GROUP INC,0001025536,10-K,2011-03-22,edgar/data/1025536/0001193125-11-073889.txt
CHASE PACKAGING CORP,0001025771,10-K,2011-03-31,edgar/data/1025771/0001104659-11-017920.txt
ENTERPRISE FINANCIAL SERVICES CORP,0001025835,10-K,2011-03-11,edgar/data/1025835/0001206774-11-000487.txt
DCB FINANCIAL CORP,0001025877,10-K,2011-03-31,edgar/data/1025877/0000950123-11-031363.txt
NOVASTAR FINANCIAL INC,0001025953,10-K,2011-03-22,edgar/data/1025953/0001206774-11-000589.txt
KILROY REALTY CORP,0001025996,10-K,2011-02-11,edgar/data/1025996/0000950123-11-012065.txt
FEDERAL HOME LOAN MORTGAGE CORP,0001026214,10-K,2011-02-24,edgar/data/1026214/0001026214-11-000005.txt
ERESEARCHTECHNOLOGY INC /DE/,0001026650,10-K,2011-03-03,edgar/data/1026650/0000950123-11-021702.txt
CORE MOLDING TECHNOLOGIES INC,0001026655,10-K,2011-03-29,edgar/data/1026655/0000950123-11-030227.txt
RJO GLOBAL TRUST,0001027099,10-K,2011-03-29,edgar/data/1027099/0001144204-11-017917.txt
FIRST SOUTH BANCORP INC /VA/,0001027183,10-K,2011-03-11,edgar/data/1027183/0001144204-11-014194.txt
EPIQ SYSTEMS INC,0001027207,10-K,2011-02-25,edgar/data/1027207/0001047469-11-001422.txt
PIRANHA VENTURES INC,0001027235,10-K,2011-03-31,edgar/data/1027235/0001078782-11-000820.txt
VALMONT INDUSTRIES INC,0000102729,10-K,2011-02-23,edgar/data/102729/0001047469-11-001183.txt
VSE CORP,0000102752,10-K,2011-03-02,edgar/data/102752/0000102752-11-000007.txt
CHICAGO BRIDGE & IRON CO N V,0001027884,10-K,2011-02-22,edgar/data/1027884/0000950123-11-016599.txt
AMERICAN DENTAL PARTNERS INC,0001028087,10-K,2011-03-16,edgar/data/1028087/0001193125-11-068870.txt
"Axion Power International, Inc.",0001028153,10-K,2011-03-30,edgar/data/1028153/0001144204-11-018359.txt
VOYAGER ENTERTAINMENT INTERNATIONAL INC,0001028394,10-K,2011-03-29,edgar/data/1028394/0000926274-11-000016.txt
COBIZ FINANCIAL INC,0001028734,10-K,2011-02-23,edgar/data/1028734/0001104659-11-009379.txt
PACIFIC PREMIER BANCORP INC,0001028918,10-K,2011-03-30,edgar/data/1028918/0001028918-11-000020.txt
SUSSEX BANCORP,0001028954,10-K,2011-03-16,edgar/data/1028954/0000914317-11-000394.txt
SYNTROLEUM CORP,0001029023,10-K,2011-03-15,edgar/data/1029023/0000950123-11-025366.txt
DYNAVAX TECHNOLOGIES CORP,0001029142,10-K,2011-03-11,edgar/data/1029142/0001193125-11-064211.txt
EURONET WORLDWIDE INC,0001029199,10-K,2011-02-25,edgar/data/1029199/0000950123-11-018840.txt
"DELTEK, INC",0001029299,10-K,2011-03-16,edgar/data/1029299/0001193125-11-068770.txt
OSI COLLECTION SERVICES INC,0001029315,10-K,2011-03-31,edgar/data/1029315/0001104659-11-017992.txt
OSI EDUCATION SERVICES INC,0001029318,10-K,2011-03-31,edgar/data/1029318/0001104659-11-017992.txt
ASSET RECOVERY & MANAGEMENT CORP,0001029319,10-K,2011-03-31,edgar/data/1029319/0001104659-11-017992.txt
"Regatta Capital Partners, Inc.",0001029356,10-K,2011-03-31,edgar/data/1029356/0001079973-11-000257.txt
JENNIFER LOOMIS & ASSOCIATES INC,0001029387,10-K,2011-03-31,edgar/data/1029387/0001104659-11-017992.txt
QUALINK INC,0001029389,10-K,2011-03-31,edgar/data/1029389/0001104659-11-017992.txt
PROFESSIONAL RECOVERIES INC,0001029390,10-K,2011-03-31,edgar/data/1029390/0001104659-11-017992.txt
PAYCO AMERICAN INTERNATIONAL CORP,0001029391,10-K,2011-03-31,edgar/data/1029391/0001104659-11-017992.txt
GS FINANCIAL CORP,0001029630,10-K,2011-03-31,edgar/data/1029630/0001065407-11-000226.txt
OSI PORTFOLIO SERVICES INC,0001029715,10-K,2011-03-31,edgar/data/1029715/0001104659-11-017992.txt
LADENBURG THALMANN FINANCIAL SERVICES INC,0001029730,10-K,2011-03-11,edgar/data/1029730/0001144204-11-014179.txt
URSTADT BIDDLE PROPERTIES INC,0001029800,10-K,2011-01-13,edgar/data/1029800/0001029800-11-000002.txt
HILLMAN COMPANIES INC,0001029831,10-K,2011-03-31,edgar/data/1029831/0001193125-11-084334.txt
NEW JERSEY MINING CO,0001030192,10-K,2011-03-31,edgar/data/1030192/0001062993-11-001232.txt
VASCULAR SOLUTIONS INC,0001030206,10-K,2011-02-01,edgar/data/1030206/0001140361-11-005391.txt
ORIENTAL FINANCIAL GROUP INC,0001030469,10-K,2011-03-10,edgar/data/1030469/0000950123-11-023857.txt
UTSTARCOM INC,0001030471,10-K,2011-03-16,edgar/data/1030471/0001047469-11-002190.txt
RENAISSANCE LEARNING INC,0001030484,10-K,2011-03-08,edgar/data/1030484/0001140361-11-015012.txt
GULFMARK OFFSHORE INC,0001030749,10-K,2011-02-24,edgar/data/1030749/0000950123-11-017846.txt
BLUEFLY INC,0001030896,10-K,2011-02-16,edgar/data/1030896/0001133796-11-000030.txt
PREMIER HOLDING CORP.,0001030916,10-K,2011-03-03,edgar/data/1030916/0001086715-11-000020.txt
STARTEK INC,0001031029,10-K,2011-03-04,edgar/data/1031029/0001104659-11-012427.txt
METALLINE MINING CO,0001031093,10-K,2011-01-14,edgar/data/1031093/0001079973-11-000036.txt
GROUP 1 AUTOMOTIVE INC,0001031203,10-K,2011-02-11,edgar/data/1031203/0000950123-11-012850.txt
PHL VARIABLE INSURANCE CO /CT/,0001031223,10-K,2011-03-21,edgar/data/1031223/0001354488-11-000904.txt
PINNACLE BANKSHARES CORP,0001031233,10-K,2011-03-28,edgar/data/1031233/0001193125-11-079439.txt
FIRSTENERGY CORP,0001031296,10-K,2011-02-16,edgar/data/1031296/0000950123-11-014700.txt
FRANKLIN STREET PROPERTIES CORP /MA/,0001031316,10-K,2011-02-23,edgar/data/1031316/0001171520-11-000151.txt
VEECO INSTRUMENTS INC,0000103145,10-K,2011-02-24,edgar/data/103145/0001047469-11-001284.txt
GULF ISLAND FABRICATION INC,0001031623,10-K,2011-02-28,edgar/data/1031623/0001193125-11-049922.txt
AMERICAN SOIL TECHNOLOGIES INC,0001031896,10-K,2011-01-13,edgar/data/1031896/0001165527-11-000037.txt
"Echo Therapeutics, Inc.",0001031927,10-K,2011-03-18,edgar/data/1031927/0001031927-11-000011.txt
SLM CORP,0001032033,10-K,2011-02-28,edgar/data/1032033/0000950123-11-019779.txt
SEMPRA ENERGY,0001032208,10-K,2011-02-24,edgar/data/1032208/0000086521-11-000017.txt
FORCE PROTECTION INC,0001032863,10-K,2011-03-09,edgar/data/1032863/0001047469-11-001903.txt
BASSETT FURNITURE INDUSTRIES INC,0000010329,10-K,2011-02-03,edgar/data/10329/0001193125-11-023266.txt
FLAGSTAR BANCORP INC,0001033012,10-K,2011-03-15,edgar/data/1033012/0000950123-11-025601.txt
SILVERLEAF RESORTS INC,0001033032,10-K,2011-03-16,edgar/data/1033032/0001445305-11-000436.txt
FIRST INDUSTRIAL LP,0001033128,10-K,2011-02-24,edgar/data/1033128/0000950123-11-017943.txt
V F CORP,0000103379,10-K,2011-03-02,edgar/data/103379/0000950123-11-021306.txt
LUMINEX CORP,0001033905,10-K,2011-02-25,edgar/data/1033905/0001033905-11-000007.txt
SBA COMMUNICATIONS CORP,0001034054,10-K,2011-02-25,edgar/data/1034054/0001193125-11-047174.txt
RC2 CORP,0001034239,10-K,2011-03-02,edgar/data/1034239/0001042167-11-000048.txt
ICAHN ENTERPRISES HOLDINGS L.P.,0001034563,10-K,2011-03-24,edgar/data/1034563/0001144204-11-016902.txt
OMNICOMM SYSTEMS INC,0001034592,10-K,2011-03-31,edgar/data/1034592/0001193125-11-085160.txt
BAY BANKS OF VIRGINIA INC,0001034594,10-K,2011-03-22,edgar/data/1034594/0001193125-11-073814.txt
FISHER COMMUNICATIONS INC,0001034669,10-K,2011-03-08,edgar/data/1034669/0001193125-11-059283.txt
AUTOLIV INC,0001034670,10-K,2011-02-23,edgar/data/1034670/0001193125-11-043338.txt
BRIGHAM EXPLORATION CO,0001034755,10-K,2011-03-01,edgar/data/1034755/0000950123-11-020581.txt
WIDEPOINT CORP,0001034760,10-K,2011-03-29,edgar/data/1034760/0001144204-11-017797.txt
RIGEL PHARMACEUTICALS INC,0001034842,10-K,2011-03-01,edgar/data/1034842/0001047469-11-001590.txt
VALERO ENERGY CORP/TX,0001035002,10-K,2011-02-25,edgar/data/1035002/0001035002-11-000013.txt
SHORE BANCSHARES INC,0001035092,10-K,2011-03-15,edgar/data/1035092/0001144204-11-014907.txt
CALIFORNIA WATER SERVICE GROUP,0001035201,10-K,2011-03-01,edgar/data/1035201/0000950123-11-020033.txt
SOUTH JERSEY GAS CO/NEW,0001035216,10-K,2011-03-01,edgar/data/1035216/0001140361-11-012996.txt
INTUITIVE SURGICAL INC,0001035267,10-K,2011-02-01,edgar/data/1035267/0001193125-11-020229.txt
INDUSTRIAL MINERALS INC,0001035422,10-K,2011-03-31,edgar/data/1035422/0000912282-11-000169.txt
ALEXANDRIA REAL ESTATE EQUITIES INC,0001035443,10-K,2011-03-01,edgar/data/1035443/0001104659-11-011479.txt
NSTAR/MA,0001035675,10-K,2011-02-10,edgar/data/1035675/0001193125-11-030127.txt
SELECT MEDICAL CORP,0001035688,10-K,2011-03-09,edgar/data/1035688/0000950123-11-023720.txt
CALLIDUS SOFTWARE INC,0001035748,10-K,2011-03-21,edgar/data/1035748/0001047469-11-002411.txt
COMFORT SYSTEMS USA INC,0001035983,10-K,2011-03-02,edgar/data/1035983/0001047469-11-001639.txt
"IDENTIVE GROUP, INC.",0001036044,10-K,2011-03-07,edgar/data/1036044/0001193125-11-057765.txt
StellarOne CORP,0001036070,10-K,2011-03-11,edgar/data/1036070/0001036070-11-000012.txt
INTEST CORP,0001036262,10-K,2011-03-31,edgar/data/1036262/0001036262-11-000021.txt
SIGNATURE EYEWEAR INC,0001036292,10-K,2011-01-27,edgar/data/1036292/0001072613-11-000058.txt
WNC HOUSING TAX CREDIT FUND VI LP SERIES 5,0001036500,10-K,2011-02-04,edgar/data/1036500/0001084067-11-000020.txt
VIRGINIA ELECTRIC & POWER CO,0000103682,10-K,2011-02-28,edgar/data/103682/0001193125-11-049905.txt
AEROCENTURY CORP,0001036848,10-K,2011-03-18,edgar/data/1036848/0001036848-11-000020.txt
FAIRCHILD SEMICONDUCTOR INTERNATIONAL INC,0001036960,10-K,2011-02-24,edgar/data/1036960/0001193125-11-044734.txt
"diaDexus, Inc.",0001036968,10-K,2011-03-22,edgar/data/1036968/0001193125-11-073159.txt
NII HOLDINGS INC,0001037016,10-K,2011-02-24,edgar/data/1037016/0000950123-11-017926.txt
ORBIT FR INC,0001037115,10-K,2011-03-31,edgar/data/1037115/0000950123-11-031463.txt
PLAYERS NETWORK,0001037131,10-K,2011-03-31,edgar/data/1037131/0001214659-11-001086.txt
WESTPORT JWH FUTURES FUND LP,0001037189,10-K,2011-03-31,edgar/data/1037189/0000950123-11-031430.txt
VISHAY INTERTECHNOLOGY INC,0000103730,10-K,2011-02-25,edgar/data/103730/0001206774-11-000309.txt
GRIFFIN LAND & NURSERIES INC,0001037390,10-K,2011-02-10,edgar/data/1037390/0001047469-11-000721.txt
BJS WHOLESALE CLUB INC,0001037461,10-K,2011-03-28,edgar/data/1037461/0001193125-11-079572.txt
BOSTON PROPERTIES INC,0001037540,10-K,2011-02-25,edgar/data/1037540/0001193125-11-047496.txt
METTLER TOLEDO INTERNATIONAL INC/,0001037646,10-K,2011-02-16,edgar/data/1037646/0000950123-11-014519.txt
INTERLEUKIN GENETICS INC,0001037649,10-K,2011-03-24,edgar/data/1037649/0001144204-11-016841.txt
ARCH COAL INC,0001037676,10-K,2011-03-01,edgar/data/1037676/0000950123-11-020753.txt
CEPHEID,0001037760,10-K,2011-02-24,edgar/data/1037760/0001193125-11-045339.txt
AMETEK INC/,0001037868,10-K,2011-02-24,edgar/data/1037868/0000950123-11-017564.txt
QWEST COMMUNICATIONS INTERNATIONAL INC,0001037949,10-K,2011-02-15,edgar/data/1037949/0001193125-11-036846.txt
JONES LANG LASALLE INC,0001037976,10-K,2011-02-25,edgar/data/1037976/0001193125-11-047001.txt
SILICON LABORATORIES INC,0001038074,10-K,2011-02-10,edgar/data/1038074/0001047469-11-000733.txt
HESKA CORP,0001038133,10-K,2011-03-18,edgar/data/1038133/0000950123-11-026926.txt
BANK OF THE OZARKS INC,0001038205,10-K,2011-03-10,edgar/data/1038205/0001193125-11-062096.txt
"Reis, Inc.",0001038222,10-K,2011-03-11,edgar/data/1038222/0001038222-11-000003.txt
INTERNATIONAL ISOTOPES INC,0001038277,10-K,2011-03-31,edgar/data/1038277/0001158957-11-000069.txt
MAC-GRAY CORP,0001038280,10-K,2011-03-14,edgar/data/1038280/0001047469-11-002118.txt
GOLDEN STATE PETROLEUM TRANSPORT CORP,0001038286,10-K,2011-03-23,edgar/data/1038286/0000919574-11-002458.txt
PIONEER NATURAL RESOURCES CO,0001038357,10-K,2011-02-25,edgar/data/1038357/0001193125-11-047441.txt
METALS USA INC,0001038363,10-K,2011-03-16,edgar/data/1038363/0001193125-11-068769.txt
PRUCO LIFE INSURANCE OF NEW JERSEY,0001038509,10-K,2011-03-11,edgar/data/1038509/0001193125-11-064225.txt
CORNERSTONE BANCSHARES INC,0001038773,10-K,2011-03-31,edgar/data/1038773/0001144204-11-018851.txt
L 3 COMMUNICATIONS CORP,0001039101,10-K,2011-02-24,edgar/data/1039101/0000950123-11-017756.txt
KENDLE INTERNATIONAL INC,0001039151,10-K,2011-03-16,edgar/data/1039151/0000950123-11-025924.txt
TRAILER BRIDGE INC,0001039184,10-K,2011-03-31,edgar/data/1039184/0001193125-11-085037.txt
FORMFACTOR INC,0001039399,10-K,2011-02-17,edgar/data/1039399/0001047469-11-001026.txt
ONEOK INC /NEW/,0001039684,10-K,2011-02-22,edgar/data/1039684/0001039684-11-000029.txt
AMERICAN EQUITY INVESTMENT LIFE HOLDING CO,0001039828,10-K,2011-03-10,edgar/data/1039828/0001039828-11-000007.txt
P F CHANGS CHINA BISTRO INC,0001039889,10-K,2011-02-16,edgar/data/1039889/0000950123-11-014767.txt
"PIXELWORKS, INC",0001040161,10-K,2011-03-09,edgar/data/1040161/0001193125-11-060882.txt
INSPIRE PHARMACEUTICALS INC,0001040416,10-K,2011-02-25,edgar/data/1040416/0001193125-11-047354.txt
SYNTEL INC,0001040426,10-K,2011-03-03,edgar/data/1040426/0001193125-11-054945.txt
AMERICAN PETRO-HUNTER INC,0001040482,10-K,2011-03-31,edgar/data/1040482/0001144204-11-018492.txt
"GeoEye, Inc.",0001040570,10-K,2011-03-15,edgar/data/1040570/0001140361-11-016805.txt
CARRIZO OIL & GAS INC,0001040593,10-K,2011-03-31,edgar/data/1040593/0001193125-11-085103.txt
WALTER INVESTMENT MANAGEMENT CORP,0001040719,10-K,2011-03-08,edgar/data/1040719/0000950123-11-023235.txt
VORNADO REALTY LP,0001040765,10-K,2011-02-25,edgar/data/1040765/0001040765-11-000002.txt
Helios & Matheson North America Inc.,0001040792,10-K,2011-03-16,edgar/data/1040792/0000950123-11-025881.txt
GAYLORD ENTERTAINMENT CO /DE,0001040829,10-K,2011-02-25,edgar/data/1040829/0000950123-11-018482.txt
"CANNABIS MEDICAL SOLUTIONS, INC.",0001040850,10-K,2011-03-31,edgar/data/1040850/0001078782-11-000837.txt
"Intellicheck Mobilisa, Inc.",0001040896,10-K,2011-03-08,edgar/data/1040896/0001144204-11-013517.txt
SL GREEN REALTY CORP,0001040971,10-K,2011-02-28,edgar/data/1040971/0001047469-11-001531.txt
Revolutions Medical CORP,0001041009,10-K,2011-03-31,edgar/data/1041009/0001354488-11-001009.txt
ROCKWELL MEDICAL TECHNOLOGIES INC,0001041024,10-K,2011-03-07,edgar/data/1041024/0000950123-11-022695.txt
YUM BRANDS INC,0001041061,10-K,2011-02-15,edgar/data/1041061/0001041061-11-000009.txt
CORPORATE PROPERTY ASSOCIATES 14 INC,0001041326,10-K,2011-03-28,edgar/data/1041326/0000950123-11-029328.txt
AFC ENTERPRISES INC,0001041379,10-K,2011-03-09,edgar/data/1041379/0000950123-11-023704.txt
ANNAPOLIS BANCORP INC,0001041429,10-K,2011-03-25,edgar/data/1041429/0001193125-11-077859.txt
HOPFED BANCORP INC,0001041550,10-K,2011-03-31,edgar/data/1041550/0001193125-11-084473.txt
ATMI INC,0001041577,10-K,2011-02-18,edgar/data/1041577/0000950123-11-015490.txt
"RADIO ONE, INC.",0001041657,10-K,2011-03-16,edgar/data/1041657/0001041657-11-000008.txt
WAL MART STORES INC,0000104169,10-K,2011-03-30,edgar/data/104169/0001193125-11-083157.txt
CHILDRENS PLACE RETAIL STORES INC,0001041859,10-K,2011-03-28,edgar/data/1041859/0001047469-11-002755.txt
ITC DELTACOM INC,0001041954,10-K,2011-03-01,edgar/data/1041954/0001104659-11-011485.txt
AMERICAN FINANCIAL GROUP INC,0001042046,10-K,2011-02-28,edgar/data/1042046/0000950123-11-019459.txt
SCIENTIFIC LEARNING CORP,0001042173,10-K,2011-03-04,edgar/data/1042173/0001140361-11-014275.txt
CTI INDUSTRIES CORP,0001042187,10-K,2011-03-31,edgar/data/1042187/0001144204-11-019129.txt
Linkwell CORP,0001042463,10-K,2011-03-31,edgar/data/1042463/0001144204-11-019130.txt
DISH DBS CORP,0001042642,10-K,2011-02-25,edgar/data/1042642/0001042642-11-000004.txt
MERCANTILE BANK CORP,0001042729,10-K,2011-03-14,edgar/data/1042729/0000950123-11-025015.txt
CENTERPOINT ENERGY RESOURCES CORP,0001042773,10-K,2011-03-11,edgar/data/1042773/0001130310-11-000013.txt
"Piedmont Office Realty Trust, Inc.",0001042776,10-K,2011-02-24,edgar/data/1042776/0001193125-11-045451.txt
DOT HILL SYSTEMS CORP,0001042783,10-K,2011-03-09,edgar/data/1042783/0001193125-11-060455.txt
GOLDEN PHOENIX MINERALS INC,0001042784,10-K,2011-03-30,edgar/data/1042784/0001096906-11-000592.txt
"A.C. Moore Arts & Crafts, Inc.",0001042809,10-K,2011-03-31,edgar/data/1042809/0000950123-11-031615.txt
"EQUITY ONE, INC.",0001042810,10-K,2011-03-11,edgar/data/1042810/0000950123-11-024324.txt
POWER ONE INC,0001042825,10-K,2011-03-16,edgar/data/1042825/0001047469-11-002184.txt
DRIL-QUIP INC,0001042893,10-K,2011-02-28,edgar/data/1042893/0001193125-11-047940.txt
CAPITAL SENIOR LIVING CORP,0001043000,10-K,2011-03-14,edgar/data/1043000/0000950123-11-025187.txt
BOSTON PROPERTIES LTD PARTNERSHIP,0001043121,10-K,2011-02-25,edgar/data/1043121/0001193125-11-047507.txt
American Electric Technologies Inc,0001043186,10-K,2011-03-30,edgar/data/1043186/0001193125-11-083051.txt
ANNALY CAPITAL MANAGEMENT INC,0001043219,10-K,2011-02-25,edgar/data/1043219/0001157523-11-001180.txt
CHINAWE COM INC,0001043222,10-K,2011-03-30,edgar/data/1043222/0000950123-11-030850.txt
C H ROBINSON WORLDWIDE INC,0001043277,10-K,2011-03-01,edgar/data/1043277/0001193125-11-051458.txt
CENTERLINE HOLDING CO,0001043325,10-K,2011-03-30,edgar/data/1043325/0001215811-11-000011.txt
STONERIDGE INC,0001043337,10-K,2011-02-25,edgar/data/1043337/0001144204-11-011167.txt
SOLUTIA INC,0001043382,10-K,2011-02-25,edgar/data/1043382/0001043382-11-000006.txt
SONIC AUTOMOTIVE INC,0001043509,10-K,2011-02-24,edgar/data/1043509/0000950123-11-017641.txt
ABOVENET INC,0001043533,10-K,2011-03-01,edgar/data/1043533/0001144204-11-011709.txt
POTOMAC FUTURES FUND LP,0001043565,10-K,2011-03-31,edgar/data/1043565/0000950123-11-031373.txt
JUNIPER NETWORKS INC,0001043604,10-K,2011-02-25,edgar/data/1043604/0001445305-11-000332.txt
"Iron Eagle Group, Inc.",0001043825,10-K,2011-03-29,edgar/data/1043825/0001014897-11-000044.txt
NOVADEL PHARMA INC,0001043873,10-K,2011-03-29,edgar/data/1043873/0001043873-11-000012.txt
CAMPBELL FUND TRUST,0001043951,10-K,2011-03-31,edgar/data/1043951/0000950123-11-031613.txt
TRANSGENOMIC INC,0001043961,10-K,2011-03-14,edgar/data/1043961/0001193125-11-065579.txt
"Georgia-Carolina Bancshares, Inc",0001044082,10-K,2011-03-29,edgar/data/1044082/0000950123-11-030195.txt
ACTIVE POWER INC,0001044435,10-K,2011-03-02,edgar/data/1044435/0001140361-11-013125.txt
CNA SURETY CORP,0001044566,10-K,2011-02-18,edgar/data/1044566/0000950123-11-015792.txt
"Intermec, Inc.",0001044590,10-K,2011-02-22,edgar/data/1044590/0001044590-11-000017.txt
VASCO DATA SECURITY INTERNATIONAL INC,0001044777,10-K,2011-03-11,edgar/data/1044777/0001193125-11-064023.txt
GAMETECH INTERNATIONAL INC,0001045014,10-K,2011-02-15,edgar/data/1045014/0001045014-11-000013.txt
W R GRACE & CO,0001045309,10-K,2011-02-25,edgar/data/1045309/0001047469-11-001361.txt
"COLOMBIA CLEAN POWER & FUELS, INC",0001045390,10-K,2011-03-31,edgar/data/1045390/0001144204-11-019203.txt
RAIT Financial Trust,0001045425,10-K,2011-02-25,edgar/data/1045425/0001193125-11-047596.txt
ENTERTAINMENT PROPERTIES TRUST,0001045450,10-K,2011-03-01,edgar/data/1045450/0001193125-11-051389.txt
AMB PROPERTY CORP,0001045609,10-K,2011-02-18,edgar/data/1045609/0000950123-11-015736.txt
AMB PROPERTY LP,0001045610,10-K,2011-02-18,edgar/data/1045610/0000950123-11-015736.txt
BAXTER INTERNATIONAL INC,0000010456,10-K,2011-02-23,edgar/data/10456/0000950123-11-017190.txt
LIVEDEAL INC,0001045742,10-K,2011-01-07,edgar/data/1045742/0001144204-11-001138.txt
HYPERCOM CORP,0001045769,10-K,2011-03-10,edgar/data/1045769/0001045769-11-000017.txt
NVIDIA CORP,0001045810,10-K,2011-03-16,edgar/data/1045810/0001045810-11-000015.txt
HERITAGE FINANCIAL CORP /WA/,0001046025,10-K,2011-03-04,edgar/data/1046025/0001193125-11-056414.txt
CLAIMSNET COM INC,0001046057,10-K,2011-02-24,edgar/data/1046057/0000950123-11-017685.txt
MIDAS INC,0001046131,10-K,2011-03-17,edgar/data/1046131/0001193125-11-070104.txt
PATHFINDER BANCORP INC,0001046188,10-K,2011-03-25,edgar/data/1046188/0001046188-11-000011.txt
GUARANTY FEDERAL BANCSHARES INC,0001046203,10-K,2011-03-30,edgar/data/1046203/0001140361-11-019431.txt
CORN PRODUCTS INTERNATIONAL INC,0001046257,10-K,2011-02-28,edgar/data/1046257/0001104659-11-010836.txt
CHOICE HOTELS INTERNATIONAL INC /DE,0001046311,10-K,2011-03-01,edgar/data/1046311/0001193125-11-051437.txt
REALNETWORKS INC,0001046327,10-K,2011-03-16,edgar/data/1046327/0001193125-11-068695.txt
CAREER EDUCATION CORP,0001046568,10-K,2011-02-22,edgar/data/1046568/0001193125-11-041891.txt
HARRIS PREFERRED CAPITAL CORP,0001046788,10-K,2011-03-31,edgar/data/1046788/0000950123-11-031610.txt
COMPASS INTERNATIONAL SERVICES CORP,0001046817,10-K,2011-03-31,edgar/data/1046817/0001104659-11-017992.txt
CENTRAL EUROPEAN DISTRIBUTION CORP,0001046880,10-K,2011-03-01,edgar/data/1046880/0001193125-11-050919.txt
EMAGIN CORP,0001046995,10-K,2011-03-16,edgar/data/1046995/0001013762-11-000615.txt
RAYTHEON CO/,0001047122,10-K,2011-02-23,edgar/data/1047122/0001193125-11-043015.txt
AMKOR TECHNOLOGY INC,0001047127,10-K,2011-02-24,edgar/data/1047127/0000950123-11-017901.txt
UNITED RENTALS NORTH AMERICA INC,0001047166,10-K,2011-02-01,edgar/data/1047166/0001193125-11-020326.txt
EASTERN VIRGINIA BANKSHARES INC,0001047170,10-K,2011-03-31,edgar/data/1047170/0001193125-11-084629.txt
NATIONAL HEALTHCARE CORP,0001047335,10-K,2011-02-22,edgar/data/1047335/0001047335-11-000019.txt
FRESH DEL MONTE PRODUCE INC,0001047340,10-K,2011-03-01,edgar/data/1047340/0001157523-11-001275.txt
COMMUNITY FIRST BANCORP,0001047446,10-K,2011-03-31,edgar/data/1047446/0000948520-11-000011.txt
WARWICK VALLEY TELEPHONE CO,0000104777,10-K,2011-03-16,edgar/data/104777/0001144204-11-015312.txt
"YUHE INTERNATIONAL, INC.",0001047857,10-K,2011-03-31,edgar/data/1047857/0001144204-11-019022.txt
CONSOLIDATED EDISON INC,0001047862,10-K,2011-02-22,edgar/data/1047862/0001193125-11-042145.txt
WEBSTER PREFERRED CAPITAL CORP,0001047865,10-K,2011-03-01,edgar/data/1047865/0001193125-11-052034.txt
"TALON INTERNATIONAL, INC.",0001047881,10-K,2011-03-28,edgar/data/1047881/0001140361-11-018930.txt
ANWORTH MORTGAGE ASSET CORP,0001047884,10-K,2011-02-25,edgar/data/1047884/0001193125-11-047458.txt
AMBIENT CORP /NY,0001047919,10-K,2011-02-23,edgar/data/1047919/0001354488-11-000583.txt
"PHYSICAL PROPERTY HOLDINGS, INC.",0001048055,10-K,2011-03-31,edgar/data/1048055/0001437749-11-001905.txt
MARRIOTT INTERNATIONAL INC /MD/,0001048286,10-K,2011-02-18,edgar/data/1048286/0001193125-11-039869.txt
BIOMARIN PHARMACEUTICAL INC,0001048477,10-K,2011-02-24,edgar/data/1048477/0001193125-11-045527.txt
GRANITE CITY FOOD & BREWERY LTD,0001048620,10-K,2011-02-28,edgar/data/1048620/0001047469-11-001549.txt
METALICO INC,0001048685,10-K,2011-03-15,edgar/data/1048685/0000950123-11-025269.txt
FelCor Lodging LP,0001048789,10-K,2011-02-24,edgar/data/1048789/0001383733-11-000011.txt
WASHINGTON POST CO,0000104889,10-K,2011-03-02,edgar/data/104889/0001193125-11-053497.txt
WASHINGTON REAL ESTATE INVESTMENT TRUST,0000104894,10-K,2011-02-25,edgar/data/104894/0001193125-11-047462.txt
DOLLAR THRIFTY AUTOMOTIVE GROUP INC,0001049108,10-K,2011-02-28,edgar/data/1049108/0001049108-11-000016.txt
AVISTA CORP,0000104918,10-K,2011-02-25,edgar/data/104918/0001193125-11-047407.txt
VERENIUM CORP,0001049210,10-K,2011-03-07,edgar/data/1049210/0001193125-11-057823.txt
MKS INSTRUMENTS INC,0001049502,10-K,2011-02-25,edgar/data/1049502/0000950123-11-018474.txt
COMPX INTERNATIONAL INC,0001049606,10-K,2011-03-03,edgar/data/1049606/0001049606-11-000004.txt
BROOKLINE BANCORP INC,0001049782,10-K,2011-02-25,edgar/data/1049782/0001047469-11-001409.txt
"ASPIRE INTERNATIONAL, INC.",0001049861,10-K,2011-03-18,edgar/data/1049861/0001213900-11-001420.txt
WATSCO INC,0000105016,10-K,2011-03-01,edgar/data/105016/0001193125-11-051303.txt
PC CONNECTION INC,0001050377,10-K,2011-03-11,edgar/data/1050377/0001193125-11-063441.txt
EAGLE BANCORP INC,0001050441,10-K,2011-03-15,edgar/data/1050441/0001047469-11-002164.txt
MICROSTRATEGY INC,0001050446,10-K,2011-02-18,edgar/data/1050446/0001193125-11-040481.txt
VOLTERRA SEMICONDUCTOR CORP,0001050550,10-K,2011-03-08,edgar/data/1050550/0001193125-11-059471.txt
SALEM COMMUNICATIONS CORP /DE/,0001050606,10-K,2011-03-11,edgar/data/1050606/0001050606-11-000009.txt
MERCER INSURANCE GROUP INC,0001050690,10-K,2011-03-16,edgar/data/1050690/0000950159-11-000180.txt
PEAPACK GLADSTONE FINANCIAL CORP,0001050743,10-K,2011-03-16,edgar/data/1050743/0000914317-11-000392.txt
WAUSAU PAPER CORP.,0000105076,10-K,2011-03-02,edgar/data/105076/0000916480-11-000051.txt
COLUMBIA SPORTSWEAR CO,0001050797,10-K,2011-03-11,edgar/data/1050797/0001193125-11-063776.txt
QUANTA SERVICES INC,0001050915,10-K,2011-03-01,edgar/data/1050915/0000950123-11-020719.txt
INNOTRAC CORP,0001051114,10-K,2011-03-31,edgar/data/1051114/0001188112-11-000839.txt
J CREW GROUP INC,0001051251,10-K,2011-03-21,edgar/data/1051251/0001193125-11-072649.txt
COMMUNITY WEST BANCSHARES /,0001051343,10-K,2011-03-25,edgar/data/1051343/0001140361-11-018590.txt
CROWN CASTLE INTERNATIONAL CORP,0001051470,10-K,2011-02-15,edgar/data/1051470/0001445305-11-000263.txt
WESTERN RESERVE BANCORP INC,0001051473,10-K,2011-03-31,edgar/data/1051473/0001144204-11-018708.txt
TELEPHONE & DATA SYSTEMS INC /DE/,0001051512,10-K,2011-02-25,edgar/data/1051512/0001047469-11-001407.txt
"MELA SCIENCES, INC. /NY",0001051514,10-K,2011-03-03,edgar/data/1051514/0000950123-11-021697.txt
AXT INC,0001051627,10-K,2011-03-16,edgar/data/1051627/0001140361-11-017021.txt
FIRST NIAGARA FINANCIAL GROUP INC,0001051741,10-K,2011-03-01,edgar/data/1051741/0000950123-11-020617.txt
MERRILL LYNCH PREFERRED FUNDING III LP,0001051827,10-K,2011-03-28,edgar/data/1051827/0000950123-11-029801.txt
MERRILL LYNCH PREFERRED FUNDING IV LP,0001051828,10-K,2011-03-28,edgar/data/1051828/0000950123-11-029816.txt
MERRILL LYNCH PREFERRED CAPITAL TRUST III,0001051829,10-K,2011-03-28,edgar/data/1051829/0000950123-11-029801.txt
MERRILL LYNCH PREFERRED CAPITAL TRUST IV,0001051830,10-K,2011-03-28,edgar/data/1051830/0000950123-11-029816.txt
CITIZENS SOUTH BANKING CORP,0001051871,10-K,2011-03-15,edgar/data/1051871/0001171843-11-000763.txt
SERVICEMASTER CO,0001052045,10-K,2011-03-28,edgar/data/1052045/0001047469-11-002761.txt
EVOLVING SYSTEMS INC,0001052054,10-K,2011-03-08,edgar/data/1052054/0001104659-11-013003.txt
WADDELL & REED FINANCIAL INC,0001052100,10-K,2011-02-25,edgar/data/1052100/0001047469-11-001363.txt
MAN AHL DIVERSIFIED I LP,0001052354,10-K,2011-03-31,edgar/data/1052354/0000905148-11-000783.txt
Red Lion Hotels CORP,0001052595,10-K,2011-03-16,edgar/data/1052595/0000950123-11-025937.txt
MERRILL LYNCH PREFERRED FUNDING V LP,0001052635,10-K,2011-03-28,edgar/data/1052635/0000950123-11-029805.txt
MERRILL LYNCH PREFERRED CAPITAL TRUST V,0001052636,10-K,2011-03-28,edgar/data/1052636/0000950123-11-029805.txt
GETTY REALTY CORP /MD/,0001052752,10-K,2011-03-16,edgar/data/1052752/0000950123-11-026009.txt
CABLEVISION SYSTEMS CORP /NY,0001053112,10-K,2011-02-16,edgar/data/1053112/0001140361-11-010213.txt
WEIGHT WATCHERS INTERNATIONAL INC,0000105319,10-K,2011-03-02,edgar/data/105319/0001193125-11-053468.txt
HERITAGE COMMERCE CORP,0001053352,10-K,2011-03-07,edgar/data/1053352/0001047469-11-001767.txt
IPASS INC,0001053374,10-K,2011-03-03,edgar/data/1053374/0001193125-11-055003.txt
STANADYNE CORP,0001053439,10-K,2011-03-31,edgar/data/1053439/0001193125-11-085059.txt
AMERICAN TOWER CORP /MA/,0001053507,10-K,2011-02-28,edgar/data/1053507/0001193125-11-050129.txt
LaSalle Hotel Properties,0001053532,10-K,2011-02-23,edgar/data/1053532/0001193125-11-043610.txt
MACATAWA BANK CORP,0001053584,10-K,2011-02-24,edgar/data/1053584/0000905729-11-000032.txt
OMEGA PROTEIN CORP,0001053650,10-K,2011-03-03,edgar/data/1053650/0001193125-11-055051.txt
"CRA INTERNATIONAL, INC.",0001053706,10-K,2011-02-10,edgar/data/1053706/0001047469-11-000743.txt
PDI INC,0001054102,10-K,2011-03-23,edgar/data/1054102/0001054102-11-000023.txt
WEIS MARKETS INC,0000105418,10-K,2011-03-10,edgar/data/105418/0000105418-11-000006.txt
"Alliqua, Inc.",0001054274,10-K,2011-03-31,edgar/data/1054274/0001354488-11-001032.txt
"RODMAN & RENSHAW CAPITAL GROUP, INC.",0001054303,10-K,2011-03-15,edgar/data/1054303/0000930413-11-001885.txt
BROADCOM CORP,0001054374,10-K,2011-02-02,edgar/data/1054374/0000950123-11-008273.txt
PENSECO FINANCIAL SERVICES CORP,0001054508,10-K,2011-03-14,edgar/data/1054508/0001193125-11-066005.txt
BSQUARE CORP /WA,0001054721,10-K,2011-03-17,edgar/data/1054721/0001193125-11-070073.txt
COVENTRY HEALTH CARE INC,0001054833,10-K,2011-02-25,edgar/data/1054833/0001054833-11-000015.txt
INNOSPEC INC.,0001054905,10-K,2011-02-18,edgar/data/1054905/0001193125-11-039677.txt
"MFA FINANCIAL, INC.",0001055160,10-K,2011-02-14,edgar/data/1055160/0001104659-11-007328.txt
"Kansas City Southern de Mexico, S.A. de C.V.",0001055294,10-K,2011-02-09,edgar/data/1055294/0001193125-11-028741.txt
SONOSITE INC,0001055355,10-K,2011-03-16,edgar/data/1055355/0001193125-11-068875.txt
"INOVIO PHARMACEUTICALS, INC.",0001055726,10-K,2011-03-16,edgar/data/1055726/0001193125-11-068803.txt
SHERIDAN GROUP INC,0001056035,10-K,2011-03-30,edgar/data/1056035/0001047469-11-002842.txt
MCCLATCHY CO,0001056087,10-K,2011-03-04,edgar/data/1056087/0001193125-11-056214.txt
WELLS GARDNER ELECTRONICS CORP,0000105608,10-K,2011-03-10,edgar/data/105608/0000105608-11-000007.txt
L 3 COMMUNICATIONS HOLDINGS INC,0001056239,10-K,2011-02-24,edgar/data/1056239/0000950123-11-017756.txt
FEDERATED INVESTORS INC /PA/,0001056288,10-K,2011-02-22,edgar/data/1056288/0001193125-11-042224.txt
EMCOR GROUP INC,0000105634,10-K,2011-02-25,edgar/data/105634/0000950123-11-018213.txt
MANNATECH INC,0001056358,10-K,2011-03-10,edgar/data/1056358/0001056358-11-000007.txt
INTERNAP NETWORK SERVICES CORP,0001056386,10-K,2011-02-24,edgar/data/1056386/0001188112-11-000348.txt
MANHATTAN ASSOCIATES INC,0001056696,10-K,2011-02-23,edgar/data/1056696/0000950123-11-017219.txt
AMERICAN STATES WATER CO,0001056903,10-K,2011-03-11,edgar/data/1056903/0001104659-11-013923.txt
DATALINK CORP,0001056923,10-K,2011-03-01,edgar/data/1056923/0001047469-11-001610.txt
PEOPLES FINANCIAL SERVICES CORP.,0001056943,10-K,2011-03-16,edgar/data/1056943/0001056943-11-000009.txt
AAA CAPITAL ENERGY FUND L.P.,0001057051,10-K,2011-03-31,edgar/data/1057051/0000950123-11-031371.txt
"WASTE CONNECTIONS, INC.",0001057058,10-K,2011-02-09,edgar/data/1057058/0000950123-11-010546.txt
RIDGEWOOD POWER GROWTH FUND /NJ,0001057076,10-K,2011-02-18,edgar/data/1057076/0001214659-11-000581.txt
PC TEL INC,0001057083,10-K,2011-03-16,edgar/data/1057083/0000950123-11-025940.txt
WESCO FINANCIAL CORP,0000105729,10-K,2011-02-28,edgar/data/105729/0000950123-11-019120.txt
COSTAR GROUP INC,0001057352,10-K,2011-02-25,edgar/data/1057352/0001057352-11-000012.txt
"HACKETT GROUP, INC.",0001057379,10-K,2011-03-10,edgar/data/1057379/0001193125-11-062468.txt
"STRATEGIC HOTELS & RESORTS, INC",0001057436,10-K,2011-02-24,edgar/data/1057436/0001193125-11-045475.txt
"New Concept Energy, Inc.",0000105744,10-K,2011-03-31,edgar/data/105744/0001010549-11-000295.txt
"CapLease, Inc.",0001057689,10-K,2011-02-18,edgar/data/1057689/0001144204-11-009839.txt
WEST PHARMACEUTICAL SERVICES INC,0000105770,10-K,2011-02-28,edgar/data/105770/0000105770-11-000016.txt
tw telecom inc.,0001057758,10-K,2011-02-25,edgar/data/1057758/0001193125-11-045871.txt
IDACORP INC,0001057877,10-K,2011-02-23,edgar/data/1057877/0001057877-11-000047.txt
MARVELL TECHNOLOGY GROUP LTD,0001058057,10-K,2011-03-28,edgar/data/1058057/0001193125-11-078410.txt
CHIPOTLE MEXICAN GRILL INC,0001058090,10-K,2011-02-17,edgar/data/1058090/0001193125-11-039010.txt
COGNIZANT TECHNOLOGY SOLUTIONS CORP,0001058290,10-K,2011-02-23,edgar/data/1058290/0001193125-11-043696.txt
LIONBRIDGE TECHNOLOGIES INC /DE/,0001058299,10-K,2011-03-15,edgar/data/1058299/0001193125-11-067345.txt
"ECLIPS MEDIA TECHNOLOGIES, INC.",0001058307,10-K,2011-03-30,edgar/data/1058307/0001469299-11-000190.txt
CFS BANCORP INC,0001058438,10-K,2011-02-28,edgar/data/1058438/0001206774-11-000330.txt
"SAVVIS, Inc.",0001058444,10-K,2011-03-04,edgar/data/1058444/0001193125-11-056435.txt
CUMULUS MEDIA INC,0001058623,10-K,2011-03-14,edgar/data/1058623/0000950123-11-025267.txt
OSI OUTSOURCING SERVICES INC,0001058624,10-K,2011-03-31,edgar/data/1058624/0001104659-11-017992.txt
TRANSWORLD SYSTEMS INC,0001058626,10-K,2011-03-31,edgar/data/1058626/0001104659-11-017992.txt
WASHINGTON BANKING CO,0001058690,10-K,2011-03-16,edgar/data/1058690/0001193125-11-068843.txt
BIOMODA INC/NM,0001058767,10-K,2011-03-15,edgar/data/1058767/0001185185-11-000309.txt
IMMERSION CORP,0001058811,10-K,2011-03-14,edgar/data/1058811/0001193125-11-064314.txt
RURAL ELECTRIC COOPERATIVE GRANTOR TRUST KEPCO SERIES 1997,0001058926,10-K,2011-03-07,edgar/data/1058926/0000070502-11-000078.txt
AMERICA FIRST TAX EXEMPT INVESTORS LP,0001059142,10-K,2011-03-14,edgar/data/1059142/0001059142-11-000004.txt
STANDARD PARKING CORP,0001059262,10-K,2011-03-11,edgar/data/1059262/0000950123-11-024862.txt
PETROHAWK ENERGY CORP,0001059324,10-K,2011-02-22,edgar/data/1059324/0001047469-11-001090.txt
CORPORATE BOND BACKED CERT TR SER 1998-CAT 1,0001059376,10-K,2011-03-31,edgar/data/1059376/0001193125-11-085134.txt
CORPORATE BOND BACKED CERT TR SER 1998-ADM 1,0001059377,10-K,2011-03-31,edgar/data/1059377/0001193125-11-085146.txt
CORPORATE BOND BACKED CERT TR SER 1998-NSC 1,0001059378,10-K,2011-03-31,edgar/data/1059378/0001193125-11-085123.txt
MOODYS CORP /DE/,0001059556,10-K,2011-02-28,edgar/data/1059556/0001193125-11-047974.txt
LMI AEROSPACE INC,0001059562,10-K,2011-03-11,edgar/data/1059562/0001140361-11-015945.txt
ADAMS GOLF INC,0001059763,10-K,2011-03-08,edgar/data/1059763/0001144204-11-013523.txt
POZEN INC /NC,0001059790,10-K,2011-03-10,edgar/data/1059790/0001193125-11-061157.txt
"KINDRED HEALTHCARE, INC",0001060009,10-K,2011-02-23,edgar/data/1060009/0001193125-11-043372.txt
SALISBURY BANCORP INC,0001060219,10-K,2011-03-31,edgar/data/1060219/0000914317-11-000471.txt
"COLLECTIVE BRANDS, INC.",0001060232,10-K,2011-03-25,edgar/data/1060232/0000950123-11-029059.txt
PEOPLES BANCORP INC/MD,0001060244,10-K,2011-03-30,edgar/data/1060244/0001144204-11-018283.txt
"GAMCO INVESTORS, INC. ET AL",0001060349,10-K,2011-02-23,edgar/data/1060349/0001060349-11-000005.txt
"BRANDYWINE OPERATING PARTNERSHIP, L.P.",0001060386,10-K,2011-02-25,edgar/data/1060386/0000950123-11-018901.txt
"REPUBLIC SERVICES, INC.",0001060391,10-K,2011-02-18,edgar/data/1060391/0000950123-11-015710.txt
KILLBUCK BANCSHARES INC,0001060455,10-K,2011-03-29,edgar/data/1060455/0001193125-11-080767.txt
CARDINAL FINANCIAL CORP,0001060523,10-K,2011-03-14,edgar/data/1060523/0001047469-11-002113.txt
SEATTLE GENETICS INC /WA,0001060736,10-K,2011-02-28,edgar/data/1060736/0001193125-11-050126.txt
"KNIGHT CAPITAL GROUP, INC.",0001060749,10-K,2011-03-01,edgar/data/1060749/0001193125-11-052082.txt
RIDGEWOOD ELECTRIC POWER TRUST V,0001060755,10-K,2011-02-18,edgar/data/1060755/0001214659-11-000579.txt
CARTERS INC,0001060822,10-K,2011-03-02,edgar/data/1060822/0001060822-11-000006.txt
QUICKSILVER RESOURCES INC,0001060990,10-K,2011-03-14,edgar/data/1060990/0000950123-11-024903.txt
SUNESIS PHARMACEUTICALS INC,0001061027,10-K,2011-03-29,edgar/data/1061027/0001193125-11-081250.txt
AVALON HOLDINGS CORP,0001061069,10-K,2011-03-11,edgar/data/1061069/0001193125-11-064059.txt
ICON INCOME FUND EIGHT /DE,0001061134,10-K,2011-03-24,edgar/data/1061134/0000947986-11-000030.txt
ENTERPRISE PRODUCTS PARTNERS L P,0001061219,10-K,2011-03-01,edgar/data/1061219/0001061219-11-000009.txt
GLOBAL CROSSING LTD,0001061322,10-K,2011-02-23,edgar/data/1061322/0001193125-11-043616.txt
CH ENERGY GROUP INC,0001061393,10-K,2011-02-10,edgar/data/1061393/0001061393-11-000021.txt
GRAHAM PACKAGING HOLDINGS CO,0001061507,10-K,2011-02-24,edgar/data/1061507/0001193125-11-045337.txt
CAPITAL TRUST INC,0001061630,10-K,2011-03-31,edgar/data/1061630/0001193805-11-000609.txt
WESTERN MASSACHUSETTS ELECTRIC CO,0000106170,10-K,2011-02-25,edgar/data/106170/0000072741-11-000025.txt
HOST HOTELS & RESORTS L.P.,0001061937,10-K,2011-02-24,edgar/data/1061937/0001193125-11-045334.txt
CYTOKINETICS INC,0001061983,10-K,2011-03-11,edgar/data/1061983/0000950123-11-024354.txt
CONVERGYS CORP,0001062047,10-K,2011-02-25,edgar/data/1062047/0001193125-11-045717.txt
INKSURE TECHNOLOGIES INC.,0001062128,10-K,2011-03-30,edgar/data/1062128/0001178913-11-000924.txt
AMERICAN AXLE & MANUFACTURING HOLDINGS INC,0001062231,10-K,2011-02-09,edgar/data/1062231/0001062231-11-000019.txt
KNOT INC,0001062292,10-K,2011-03-16,edgar/data/1062292/0001144204-11-015309.txt
BUFFALO WILD WINGS INC,0001062449,10-K,2011-02-28,edgar/data/1062449/0001104659-11-010383.txt
ACTUATE CORP,0001062478,10-K,2011-03-11,edgar/data/1062478/0001193125-11-064203.txt
ATLANTICA INC,0001062506,10-K,2011-03-31,edgar/data/1062506/0001010412-11-000124.txt
DIGITAL RIVER INC /DE,0001062530,10-K,2011-02-24,edgar/data/1062530/0000950123-11-017747.txt
FAIRPOINT COMMUNICATIONS INC,0001062613,10-K,2011-03-31,edgar/data/1062613/0000950123-11-031500.txt
"LEXICON PHARMACEUTICALS, INC./DE",0001062822,10-K,2011-03-16,edgar/data/1062822/0001062822-11-000021.txt
PROTEO INC,0001063104,10-K,2011-03-15,edgar/data/1063104/0001019687-11-000860.txt
TORVEC INC,0001063197,10-K,2011-03-29,edgar/data/1063197/0000950123-11-030255.txt
S1 CORP /DE/,0001063254,10-K,2011-03-11,edgar/data/1063254/0000950123-11-024771.txt
HERSHA HOSPITALITY TRUST,0001063344,10-K,2011-03-03,edgar/data/1063344/0001140361-11-013950.txt
"KBW, INC.",0001063494,10-K,2011-02-25,edgar/data/1063494/0001047469-11-001428.txt
NUTRACEA,0001063537,10-K,2011-02-24,edgar/data/1063537/0001140361-11-011956.txt
NUTRACEA,0001063537,10-K,2011-03-31,edgar/data/1063537/0001140361-11-019762.txt
SIMON PROPERTY GROUP INC /DE/,0001063761,10-K,2011-02-25,edgar/data/1063761/0001047469-11-001321.txt
MEDIACOM LLC,0001064116,10-K,2011-03-17,edgar/data/1064116/0000950123-11-026240.txt
MEDIACOM CAPITAL CORP,0001064117,10-K,2011-03-17,edgar/data/1064117/0000950123-11-026240.txt
WESTMORELAND COAL Co,0000106455,10-K,2011-03-11,edgar/data/106455/0000950123-11-024768.txt
PEABODY ENERGY CORP,0001064728,10-K,2011-02-28,edgar/data/1064728/0000950123-11-019465.txt
AMERIGROUP CORP,0001064863,10-K,2011-02-23,edgar/data/1064863/0000950123-11-016653.txt
REDDY ICE CORP,0001065023,10-K,2011-03-31,edgar/data/1065023/0001047469-11-003016.txt
LEAP WIRELESS INTERNATIONAL INC,0001065049,10-K,2011-02-25,edgar/data/1065049/0000950123-11-018215.txt
USEC INC,0001065059,10-K,2011-02-24,edgar/data/1065059/0001065059-11-000014.txt
NETWORK 1 SECURITY SOLUTIONS INC,0001065078,10-K,2011-03-31,edgar/data/1065078/0001072613-11-000353.txt
ALBANY MOLECULAR RESEARCH INC,0001065087,10-K,2011-03-16,edgar/data/1065087/0001144204-11-015211.txt
EBAY INC,0001065088,10-K,2011-01-28,edgar/data/1065088/0001065088-11-000003.txt
AMERINST INSURANCE GROUP LTD,0001065201,10-K,2011-03-25,edgar/data/1065201/0001193125-11-078055.txt
NETFLIX INC,0001065280,10-K,2011-02-18,edgar/data/1065280/0001193125-11-040217.txt
WEYCO GROUP INC,0000106532,10-K,2011-03-15,edgar/data/106532/0001144204-11-014846.txt
NIC INC,0001065332,10-K,2011-03-16,edgar/data/1065332/0001065332-11-000003.txt
WEYERHAEUSER CO,0000106535,10-K,2011-02-25,edgar/data/106535/0001193125-11-047563.txt
LKQ CORP,0001065696,10-K,2011-02-25,edgar/data/1065696/0001193125-11-047657.txt
VIKING SYSTEMS INC,0001065754,10-K,2011-02-24,edgar/data/1065754/0001019687-11-000629.txt
SKECHERS USA INC,0001065837,10-K,2011-03-01,edgar/data/1065837/0000950123-11-020586.txt
LIME ENERGY CO.,0001065860,10-K,2011-03-10,edgar/data/1065860/0001104659-11-013593.txt
JANUS CAPITAL GROUP INC,0001065865,10-K,2011-02-24,edgar/data/1065865/0001047469-11-001289.txt
CORPORATE EXECUTIVE BOARD CO,0001066104,10-K,2011-02-28,edgar/data/1066104/0000950123-11-019903.txt
EL PASO CORP/DE,0001066107,10-K,2011-03-01,edgar/data/1066107/0000950123-11-020070.txt
HANDY & HARMAN LTD.,0000106618,10-K,2011-03-11,edgar/data/106618/0000921895-11-000501.txt
REGENCY CENTERS LP,0001066247,10-K,2011-03-01,edgar/data/1066247/0001193125-11-051803.txt
ECB BANCORP INC,0001066254,10-K,2011-03-15,edgar/data/1066254/0001193125-11-067372.txt
WHIRLPOOL CORP /DE/,0000106640,10-K,2011-02-14,edgar/data/106640/0001193125-11-035529.txt
HEIDRICK & STRUGGLES INTERNATIONAL INC,0001066605,10-K,2011-03-16,edgar/data/1066605/0001193125-11-068793.txt
MANAGED FUTURES CHARTER GRAHAM L.P.,0001066656,10-K,2011-03-29,edgar/data/1066656/0001066656-11-000002.txt
MORGAN STANLEY SMITH BARNEY CHARTER WNT L.P.,0001066658,10-K,2011-03-29,edgar/data/1066658/0001066658-11-000002.txt
THEGLOBE COM INC,0001066684,10-K,2011-03-25,edgar/data/1066684/0001144204-11-017119.txt
"Spine Pain Management, Inc",0001066764,10-K,2011-03-31,edgar/data/1066764/0001144204-11-019167.txt
MACK CALI REALTY L P,0001067063,10-K,2011-02-10,edgar/data/1067063/0001067063-11-000004.txt
"CelLynx Group, Inc.",0001067286,10-K,2011-01-18,edgar/data/1067286/0001019687-11-000197.txt
MISSION WEST PROPERTIES INC,0001067419,10-K,2011-03-16,edgar/data/1067419/0001067419-11-000011.txt
UNITED RENTALS INC /DE,0001067701,10-K,2011-02-01,edgar/data/1067701/0001193125-11-020326.txt
ENTERCOM COMMUNICATIONS CORP,0001067837,10-K,2011-02-09,edgar/data/1067837/0001104659-11-005957.txt
BERKSHIRE HATHAWAY INC,0001067983,10-K,2011-02-28,edgar/data/1067983/0001193125-11-048914.txt
PARK OHIO INDUSTRIES INC/OH,0001068148,10-K,2011-03-08,edgar/data/1068148/0000950123-11-023093.txt
GLOBAL DIVERSIFIED FUTURES FUND L.P.,0001068237,10-K,2011-03-31,edgar/data/1068237/0000950123-11-031433.txt
"MetroCorp Bancshares, Inc.",0001068300,10-K,2011-03-15,edgar/data/1068300/0001437749-11-001554.txt
RTI INTERNATIONAL METALS INC,0001068717,10-K,2011-03-01,edgar/data/1068717/0000950123-11-020593.txt
MAXYGEN INC,0001068796,10-K,2011-03-08,edgar/data/1068796/0001193125-11-059262.txt
PROSPERITY BANCSHARES INC,0001068851,10-K,2011-03-01,edgar/data/1068851/0001193125-11-052074.txt
IMPLANT SCIENCES CORP,0001068874,10-K,2011-02-15,edgar/data/1068874/0001068874-11-000005.txt
INFOSPACE INC,0001068875,10-K,2011-03-11,edgar/data/1068875/0001193125-11-064197.txt
ATEL CAPITAL EQUIPMENT FUND VIII LLC,0001069152,10-K,2011-03-29,edgar/data/1069152/0001144204-11-017942.txt
EAST WEST BANCORP INC,0001069157,10-K,2011-03-01,edgar/data/1069157/0001069157-11-000007.txt
TASER INTERNATIONAL INC,0001069183,10-K,2011-03-14,edgar/data/1069183/0000950123-11-025257.txt
LENNOX INTERNATIONAL INC,0001069202,10-K,2011-02-18,edgar/data/1069202/0000950123-11-015556.txt
"KRATOS DEFENSE & SECURITY SOLUTIONS, INC.",0001069258,10-K,2011-03-02,edgar/data/1069258/0001047469-11-001644.txt
WHITNEY HOLDING CORP,0000106926,10-K,2011-03-01,edgar/data/106926/0000106926-11-000014.txt
"Opexa Therapeutics, Inc.",0001069308,10-K,2011-03-08,edgar/data/1069308/0001157523-11-001448.txt
FLEXIBLE SOLUTIONS INTERNATIONAL INC,0001069394,10-K,2011-03-31,edgar/data/1069394/0001171200-11-000291.txt
PAIN THERAPEUTICS INC,0001069530,10-K,2011-02-03,edgar/data/1069530/0001193125-11-023306.txt
TREX CO INC,0001069878,10-K,2011-03-09,edgar/data/1069878/0001193125-11-060587.txt
21ST CENTURY HOLDING CO,0001069996,10-K,2011-03-31,edgar/data/1069996/0001140361-11-019672.txt
"China Integrated Energy, Inc.",0001070045,10-K,2011-03-16,edgar/data/1070045/0001144204-11-015214.txt
FIRST CAPITAL INC,0001070296,10-K,2011-03-25,edgar/data/1070296/0001193125-11-078227.txt
ACHILLION PHARMACEUTICALS INC,0001070336,10-K,2011-03-03,edgar/data/1070336/0001193125-11-055015.txt
CONSOL Energy Inc,0001070412,10-K,2011-02-10,edgar/data/1070412/0001193125-11-030435.txt
PLAINS ALL AMERICAN PIPELINE LP,0001070423,10-K,2011-02-25,edgar/data/1070423/0001104659-11-010359.txt
ACADIA PHARMACEUTICALS INC,0001070494,10-K,2011-03-10,edgar/data/1070494/0001193125-11-062277.txt
BELCREST CAPITAL FUND LLC,0001070495,10-K,2011-02-28,edgar/data/1070495/0000950123-11-019909.txt
COMMUNITY SHORES BANK CORP,0001070523,10-K,2011-03-31,edgar/data/1070523/0001171843-11-000887.txt
CENTRAL FEDERAL CORP,0001070680,10-K,2011-03-30,edgar/data/1070680/0000950123-11-030849.txt
"HOST HOTELS & RESORTS, INC.",0001070750,10-K,2011-02-24,edgar/data/1070750/0001193125-11-045334.txt
CORRECTIONS CORP OF AMERICA,0001070985,10-K,2011-02-25,edgar/data/1070985/0000950123-11-018499.txt
LAKES ENTERTAINMENT INC,0001071255,10-K,2011-03-31,edgar/data/1071255/0000950123-11-031586.txt
JACKSONVILLE BANCORP INC /FL/,0001071264,10-K,2011-03-31,edgar/data/1071264/0001193125-11-085077.txt
SANDERS MORRIS HARRIS GROUP INC,0001071341,10-K,2011-03-16,edgar/data/1071341/0001144204-11-015250.txt
DOVER SADDLERY INC,0001071625,10-K,2011-03-31,edgar/data/1071625/0000950123-11-031355.txt
CENTENE CORP,0001071739,10-K,2011-02-22,edgar/data/1071739/0001071739-11-000012.txt
ECOSPHERE TECHNOLOGIES INC,0001071760,10-K,2011-03-16,edgar/data/1071760/0001354488-11-000848.txt
CAPITAL BANK CORP,0001071992,10-K,2011-03-15,edgar/data/1071992/0001071992-11-000002.txt
ARCH CHEMICALS INC,0001072343,10-K,2011-02-23,edgar/data/1072343/0001193125-11-043597.txt
WILLIAMS COMPANIES INC,0000107263,10-K,2011-02-25,edgar/data/107263/0000950123-11-018126.txt
GOLD RESERVE INC,0001072725,10-K,2011-03-23,edgar/data/1072725/0001072725-11-000018.txt
WELLS REAL ESTATE FUND XII LP,0001072805,10-K,2011-03-22,edgar/data/1072805/0001193125-11-073705.txt
EOS Preferred Corp,0001072806,10-K,2011-03-31,edgar/data/1072806/0000950123-11-031611.txt
TOWER FINANCIAL CORP,0001072847,10-K,2011-03-15,edgar/data/1072847/0001140361-11-016746.txt
AMERICAN INTERNATIONAL INDUSTRIES INC,0001073146,10-K,2011-03-31,edgar/data/1073146/0001501720-11-000016.txt
CORNERSTONE REALTY FUND LLC,0001073149,10-K,2011-03-17,edgar/data/1073149/0000950123-11-026155.txt
US CONCRETE INC,0001073429,10-K,2011-03-11,edgar/data/1073429/0000950123-11-024783.txt
Life Technologies Corp,0001073431,10-K,2011-02-25,edgar/data/1073431/0000950123-11-018727.txt
CITIZENS FIRST CORP,0001073475,10-K,2011-03-31,edgar/data/1073475/0001104659-11-017802.txt
MANAS PETROLEUM Corp,0001074447,10-K,2011-03-21,edgar/data/1074447/0001062993-11-001074.txt
LCNB CORP,0001074902,10-K,2011-03-01,edgar/data/1074902/0001140361-11-012826.txt
WIZZARD SOFTWARE CORP /CO,0001074909,10-K,2011-03-31,edgar/data/1074909/0001010412-11-000125.txt
MLM INDEX FUND,0001075058,10-K,2011-03-23,edgar/data/1075058/0001140361-11-018277.txt
SENIOR HOUSING PROPERTIES TRUST,0001075415,10-K,2011-02-24,edgar/data/1075415/0001047469-11-001263.txt
PRICELINE COM INC,0001075531,10-K,2011-02-25,edgar/data/1075531/0001104659-11-010302.txt
TC PIPELINES LP,0001075607,10-K,2011-02-25,edgar/data/1075607/0001047469-11-001415.txt
"iGo, Inc.",0001075656,10-K,2011-03-11,edgar/data/1075656/0000950123-11-024382.txt
CITIZENS HOLDING CO /MS/,0001075706,10-K,2011-03-15,edgar/data/1075706/0001193125-11-067074.txt
IMERGENT INC,0001075736,10-K,2011-03-02,edgar/data/1075736/0001354488-11-000701.txt
VIEW SYSTEMS INC,0001075857,10-K,2011-03-10,edgar/data/1075857/0001023175-11-000110.txt
"International Building Technologies Group, Inc.",0001075993,10-K,2011-03-30,edgar/data/1075993/0001165527-11-000279.txt
ADOLOR CORP,0001076167,10-K,2011-02-24,edgar/data/1076167/0001193125-11-045064.txt
LIFE TIME FITNESS INC,0001076195,10-K,2011-02-28,edgar/data/1076195/0000950123-11-019873.txt
SEQUENOM INC,0001076481,10-K,2011-03-09,edgar/data/1076481/0001193125-11-059685.txt
INTERNATIONAL COMMERCIAL TELEVISION INC,0001076522,10-K,2011-03-29,edgar/data/1076522/0001140361-11-019105.txt
MAJESCO ENTERTAINMENT CO,0001076682,10-K,2011-01-31,edgar/data/1076682/0000950123-11-007246.txt
OCONEE FINANCIAL CORP,0001076691,10-K,2011-03-31,edgar/data/1076691/0001019687-11-001030.txt
"KIT digital, Inc.",0001076700,10-K,2011-03-17,edgar/data/1076700/0001144204-11-015407.txt
"Ravenwood Bourne, Ltd.",0001076744,10-K,2011-01-28,edgar/data/1076744/0001144204-11-004736.txt
"AMERICAN ASSET DEVELOPMENT, INC.",0001076886,10-K,2011-03-24,edgar/data/1076886/0001076886-11-000006.txt
GSI GROUP INC,0001076930,10-K,2011-03-30,edgar/data/1076930/0001193125-11-083091.txt
NEOGENOMICS INC,0001077183,10-K,2011-02-23,edgar/data/1077183/0001144204-11-010464.txt
T REIT LIQUIDATING TRUST,0001077241,10-K,2011-03-11,edgar/data/1077241/0000950123-11-024736.txt
TEXAS CAPITAL BANCSHARES INC/TX,0001077428,10-K,2011-02-23,edgar/data/1077428/0000950123-11-017093.txt
"China Elite Information Co., Ltd.",0001077561,10-K,2011-02-28,edgar/data/1077561/0001140361-11-012721.txt
UMPQUA HOLDINGS CORP,0001077771,10-K,2011-02-17,edgar/data/1077771/0001193125-11-039217.txt
LOOKSMART LTD,0001077866,10-K,2011-02-28,edgar/data/1077866/0001193125-11-047801.txt
QUEPASA CORP,0001078099,10-K,2011-02-07,edgar/data/1078099/0001437749-11-000700.txt
WISCONSIN ELECTRIC POWER CO,0000107815,10-K,2011-02-25,edgar/data/107815/0000107815-11-000029.txt
"NAUTILUS, INC.",0001078207,10-K,2011-03-08,edgar/data/1078207/0001445305-11-000403.txt
WISCONSIN POWER & LIGHT CO,0000107832,10-K,2011-02-28,edgar/data/107832/0001193125-11-049662.txt
WISCONSIN PUBLIC SERVICE CORP,0000107833,10-K,2011-02-24,edgar/data/107833/0000916863-11-000066.txt
IPARTY CORP,0001078383,10-K,2011-03-24,edgar/data/1078383/0001104659-11-016254.txt
INTERNATIONAL FUEL TECHNOLOGY INC,0001078723,10-K,2011-03-31,edgar/data/1078723/0001387131-11-000515.txt
STANCORP FINANCIAL GROUP INC,0001079577,10-K,2011-02-25,edgar/data/1079577/0001193125-11-047538.txt
THERAVANCE INC,0001080014,10-K,2011-02-28,edgar/data/1080014/0001047469-11-001548.txt
VALUECLICK INC/CA,0001080034,10-K,2011-02-28,edgar/data/1080034/0001047469-11-001534.txt
THESTREET COM,0001080056,10-K,2011-03-14,edgar/data/1080056/0001080056-11-000002.txt
INFORMATICA CORP,0001080099,10-K,2011-02-25,edgar/data/1080099/0001080099-11-000004.txt
EDGAR ONLINE INC,0001080224,10-K,2011-03-14,edgar/data/1080224/0001193125-11-064906.txt
"MANHATTAN BRIDGE CAPITAL, INC",0001080340,10-K,2011-03-16,edgar/data/1080340/0001144204-11-015167.txt
"CHINA VALVES TECHNOLOGY, INC",0001080360,10-K,2011-03-16,edgar/data/1080360/0001204459-11-000737.txt
AUSTRALIAN OIL & GAS CORP,0001080634,10-K,2011-03-29,edgar/data/1080634/0001079973-11-000227.txt
"NETREIT, INC.",0001080657,10-K,2011-03-31,edgar/data/1080657/0001080657-11-000005.txt
ARENA PHARMACEUTICALS INC,0001080709,10-K,2011-03-15,edgar/data/1080709/0001193125-11-067308.txt
NATION ENERGY INC,0001081183,10-K,2011-02-09,edgar/data/1081183/0001081183-11-000009.txt
NATION ENERGY INC,0001081183,10-K,2011-03-31,edgar/data/1081183/0001081183-11-000017.txt
China TransInfo Technology Corp.,0001081206,10-K,2011-03-29,edgar/data/1081206/0001204459-11-000844.txt
MIDAMERICAN ENERGY HOLDINGS CO /NEW/,0001081316,10-K,2011-02-28,edgar/data/1081316/0001081316-11-000004.txt
MELO BIOTECHNOLOGY HOLDINGS INC.,0001081568,10-K,2011-01-13,edgar/data/1081568/0001137050-11-000018.txt
GLOBALWISE INVESTMENTS INC,0001081745,10-K,2011-03-17,edgar/data/1081745/0001023175-11-000120.txt
UONLIVE CORP,0001081834,10-K,2011-03-30,edgar/data/1081834/0001437749-11-001875.txt
ALASKA PACIFIC BANCSHARES INC,0001081860,10-K,2011-03-31,edgar/data/1081860/0000939057-11-000082.txt
DURECT CORP,0001082038,10-K,2011-03-03,edgar/data/1082038/0001193125-11-055064.txt
ENVIRONMENTAL SOLUTIONS WORLDWIDE INC,0001082278,10-K,2011-03-31,edgar/data/1082278/0000909012-11-000249.txt
VirnetX Holding Corp,0001082324,10-K,2011-03-16,edgar/data/1082324/0001140361-11-017128.txt
UIL HOLDINGS CORP,0001082510,10-K,2011-02-22,edgar/data/1082510/0001082510-11-000017.txt
SCIQUEST INC,0001082526,10-K,2011-03-09,edgar/data/1082526/0000950123-11-023697.txt
UNITED THERAPEUTICS Corp,0001082554,10-K,2011-02-24,edgar/data/1082554/0001047469-11-001229.txt
FIRST COMMUNITY BANK CORP OF AMERICA,0001082564,10-K,2011-03-31,edgar/data/1082564/0001193125-11-084630.txt
TEAM HEALTH HOLDINGS INC.,0001082754,10-K,2011-02-08,edgar/data/1082754/0001193125-11-027339.txt
STAMPS.COM INC,0001082923,10-K,2011-03-15,edgar/data/1082923/0001144204-11-014915.txt
GULF STATE CREDIT LLC,0001083082,10-K,2011-03-31,edgar/data/1083082/0001104659-11-017992.txt
"NETFABRIC HOLDINGS, INC",0001083220,10-K,2011-03-03,edgar/data/1083220/0000810270-11-000003.txt
ZAP COM CORP,0001083243,10-K,2011-03-11,edgar/data/1083243/0000950123-11-024760.txt
IKONICS CORP,0001083301,10-K,2011-03-03,edgar/data/1083301/0000950123-11-021591.txt
INTERACTIVE INTELLIGENCE INC,0001083318,10-K,2011-03-16,edgar/data/1083318/0001083318-11-000010.txt
"Milwaukee Iron Arena Football, Inc",0001083383,10-K,2011-01-13,edgar/data/1083383/0001463967-11-000008.txt
JONES SODA CO,0001083522,10-K,2011-03-21,edgar/data/1083522/0000950123-11-026955.txt
"FAUQUIER BANKSHARES, INC.",0001083643,10-K,2011-03-11,edgar/data/1083643/0001140361-11-016162.txt
I/OMAGIC CORP,0001083663,10-K,2011-03-04,edgar/data/1083663/0001019687-11-000760.txt
SOUTHCOAST FINANCIAL CORP,0001083689,10-K,2011-03-10,edgar/data/1083689/0000948520-11-000002.txt
WEBMEDIABRANDS INC.,0001083712,10-K,2011-03-08,edgar/data/1083712/0001019687-11-000786.txt
SAGE FUND LP,0001083768,10-K,2011-03-25,edgar/data/1083768/0001144204-11-017084.txt
EDEN ENERGY CORP,0001083866,10-K,2011-03-30,edgar/data/1083866/0001062993-11-001228.txt
"INTEGRATED ENVIRONMENTAL TECHNOLOGIES, LTD.",0001084031,10-K,2011-03-30,edgar/data/1084031/0001144204-11-018425.txt
J2 GLOBAL COMMUNICATIONS INC,0001084048,10-K,2011-02-28,edgar/data/1084048/0001072613-11-000264.txt
WNC HOUSING TAX CREDIT FUND VI LP SERIES 7,0001084067,10-K,2011-01-18,edgar/data/1084067/0001084067-11-000004.txt
IMMEDIATEK INC,0001084182,10-K,2011-03-31,edgar/data/1084182/0000950123-11-031234.txt
Searchlight Minerals Corp.,0001084226,10-K,2011-03-04,edgar/data/1084226/0001144204-11-012836.txt
ACE MARKETING & PROMOTIONS INC,0001084267,10-K,2011-03-29,edgar/data/1084267/0001019687-11-001007.txt
ELEPHANT TALK COMMUNICATIONS INC,0001084384,10-K,2011-03-31,edgar/data/1084384/0001144204-11-018565.txt
"HEARTLAND, INC.",0001084415,10-K,2011-03-30,edgar/data/1084415/0001013762-11-000763.txt
LIGHTBRIDGE Corp,0001084554,10-K,2011-02-22,edgar/data/1084554/0001204459-11-000484.txt
MAYDAO Corp,0001084662,10-K,2011-03-24,edgar/data/1084662/0001096906-11-000562.txt
PACIFIC CONTINENTAL CORP,0001084717,10-K,2011-03-11,edgar/data/1084717/0001084717-11-000009.txt
RAE SYSTEMS INC,0001084876,10-K,2011-03-31,edgar/data/1084876/0000950123-11-031625.txt
"GREENWORLD DEVELOPMENT, INC.",0001084899,10-K,2011-03-31,edgar/data/1084899/0001213900-11-001697.txt
ENCORE CAPITAL GROUP INC,0001084961,10-K,2011-02-14,edgar/data/1084961/0001193125-11-035293.txt
NATURAL GAS SERVICES GROUP INC,0001084991,10-K,2011-03-10,edgar/data/1084991/0001084991-11-000009.txt
TIBCO SOFTWARE INC,0001085280,10-K,2011-01-28,edgar/data/1085280/0001193125-11-017515.txt
PUGET ENERGY INC /WA,0001085392,10-K,2011-03-07,edgar/data/1085392/0001085392-11-000007.txt
INTERNET CAPITAL GROUP INC,0001085621,10-K,2011-03-16,edgar/data/1085621/0000950123-11-025995.txt
"METRO BANCORP, INC.",0001085706,10-K,2011-03-16,edgar/data/1085706/0001445305-11-000440.txt
MOVE INC,0001085770,10-K,2011-02-18,edgar/data/1085770/0001206774-11-000274.txt
PERFICIENT INC,0001085869,10-K,2011-03-03,edgar/data/1085869/0001085869-11-000005.txt
FARMERS & MERCHANTS BANCORP,0001085913,10-K,2011-03-15,edgar/data/1085913/0001140361-11-016657.txt
AKAMAI TECHNOLOGIES INC,0001086222,10-K,2011-03-01,edgar/data/1086222/0001193125-11-051569.txt
GASCO ENERGY INC,0001086319,10-K,2011-03-02,edgar/data/1086319/0001104659-11-011833.txt
JOHN D. OIL & GAS CO,0001086411,10-K,2011-03-31,edgar/data/1086411/0000950123-11-031372.txt
DRUGSTORE COM INC,0001086467,10-K,2011-03-18,edgar/data/1086467/0001193125-11-071305.txt
ALLIANCE RESOURCE PARTNERS LP,0001086600,10-K,2011-02-28,edgar/data/1086600/0001193125-11-049710.txt
DELTATHREE INC,0001086740,10-K,2011-03-17,edgar/data/1086740/0001144204-11-015562.txt
BROADSOFT INC,0001086909,10-K,2011-03-07,edgar/data/1086909/0000950123-11-022736.txt
NOVAMED INC,0001086939,10-K,2011-03-16,edgar/data/1086939/0001104659-11-014617.txt
ALR TECHNOLOGIES INC,0001087022,10-K,2011-03-31,edgar/data/1087022/0001002014-11-000126.txt
CUMBERLAND PHARMACEUTICALS INC,0001087294,10-K,2011-03-11,edgar/data/1087294/0000950123-11-024871.txt
INTERMUNE INC,0001087432,10-K,2011-03-09,edgar/data/1087432/0001193125-11-060035.txt
CORNERSTONE BANCORP/SC,0001087455,10-K,2011-03-30,edgar/data/1087455/0000948520-11-000006.txt
UNITED BANCSHARES INC/OH,0001087456,10-K,2011-03-30,edgar/data/1087456/0000906318-11-000050.txt
XEROX CORP,0000108772,10-K,2011-02-23,edgar/data/108772/0001193125-11-043738.txt
"inContact, Inc.",0001087934,10-K,2011-03-11,edgar/data/1087934/0001193125-11-064055.txt
NextMart Inc.,0001088005,10-K,2011-01-13,edgar/data/1088005/0001020229-11-000003.txt
QUEST SOFTWARE INC,0001088033,10-K,2011-02-24,edgar/data/1088033/0001193125-11-045005.txt
ISECURETRAC CORP,0001088120,10-K,2011-03-16,edgar/data/1088120/0001144204-11-015073.txt
ROME BANCORP INC,0001088144,10-K,2011-03-18,edgar/data/1088144/0000930413-11-002044.txt
COCONNECT INC,0001088638,10-K,2011-03-29,edgar/data/1088638/0001173473-11-000019.txt
TIVO INC,0001088825,10-K,2011-03-14,edgar/data/1088825/0001088825-11-000032.txt
CORCEPT THERAPEUTICS INC,0001088856,10-K,2011-03-15,edgar/data/1088856/0001193125-11-067361.txt
CardioGenics Holdings Inc.,0001089029,10-K,2011-01-31,edgar/data/1089029/0001144204-11-005050.txt
LABRANCHE & CO INC,0001089044,10-K,2011-03-16,edgar/data/1089044/0001193125-11-068792.txt
DICKS SPORTING GOODS INC,0001089063,10-K,2011-03-18,edgar/data/1089063/0000950123-11-026789.txt
ALASKA COMMUNICATIONS SYSTEMS GROUP INC,0001089511,10-K,2011-02-28,edgar/data/1089511/0000950123-11-019119.txt
"KINGOLD JEWELRY, INC.",0001089531,10-K,2011-03-31,edgar/data/1089531/0001144204-11-018554.txt
BAYNON INTERNATIONAL CORP,0001089598,10-K,2011-03-24,edgar/data/1089598/0001014897-11-000035.txt
NESS TECHNOLOGIES INC,0001089638,10-K,2011-03-04,edgar/data/1089638/0001144204-11-012902.txt
HUNTSMAN INTERNATIONAL LLC,0001089748,10-K,2011-02-17,edgar/data/1089748/0001047469-11-001007.txt
US NEUROSURGICAL INC,0001089815,10-K,2011-03-31,edgar/data/1089815/0001140361-11-019693.txt
CLECO CORP,0001089819,10-K,2011-02-24,edgar/data/1089819/0001089819-11-000007.txt
YORK WATER CO,0000108985,10-K,2011-03-08,edgar/data/108985/0000108985-11-000030.txt
"GAIAM, INC",0001089872,10-K,2011-03-11,edgar/data/1089872/0001193125-11-064089.txt
SWK Holdings Corp,0001089907,10-K,2011-03-30,edgar/data/1089907/0001437749-11-001837.txt
SOUTHERN FIRST BANCSHARES INC,0001090009,10-K,2011-03-07,edgar/data/1090009/0001145443-11-000306.txt
DEVON ENERGY CORP/DE,0001090012,10-K,2011-02-25,edgar/data/1090012/0000950123-11-018537.txt
OMNOVA SOLUTIONS INC,0001090061,10-K,2011-01-25,edgar/data/1090061/0001193125-11-013203.txt
TABLE TRAC INC,0001090396,10-K,2011-03-31,edgar/data/1090396/0001144204-11-019170.txt
"CATALYST HEALTH SOLUTIONS, INC.",0001090403,10-K,2011-02-25,edgar/data/1090403/0001193125-11-047337.txt
LAMAR ADVERTISING CO/NEW,0001090425,10-K,2011-02-25,edgar/data/1090425/0000950123-11-018470.txt
AMERICAN ORIENTAL BIOENGINEERING INC,0001090514,10-K,2011-03-15,edgar/data/1090514/0001019687-11-000863.txt
UNITED PARCEL SERVICE INC,0001090727,10-K,2011-02-28,edgar/data/1090727/0001193125-11-049356.txt
GLOBAL ENERGY INC,0001090967,10-K,2011-03-31,edgar/data/1090967/0001178913-11-001004.txt
BLUE NILE INC,0001091171,10-K,2011-02-28,edgar/data/1091171/0000950123-11-019883.txt
SYMBION INC/TN,0001091312,10-K,2011-03-25,edgar/data/1091312/0001445305-11-000478.txt
"CHINA YIDA HOLDING, CO.",0001091325,10-K,2011-03-16,edgar/data/1091325/0001213900-11-001325.txt
HCSB FINANCIAL CORP,0001091491,10-K,2011-03-30,edgar/data/1091491/0001104659-11-017610.txt
CYTOMEDIX INC,0001091596,10-K,2011-03-30,edgar/data/1091596/0001144204-11-018428.txt
"CHARTER COMMUNICATIONS, INC. /MO/",0001091667,10-K,2011-03-01,edgar/data/1091667/0001091667-11-000029.txt
PACER INTERNATIONAL INC,0001091735,10-K,2011-02-24,edgar/data/1091735/0001193125-11-045584.txt
"Argo Group International Holdings, Ltd.",0001091748,10-K,2011-02-28,edgar/data/1091748/0001193125-11-050073.txt
HARBINGER GROUP INC.,0000109177,10-K,2011-03-11,edgar/data/109177/0000950123-11-024754.txt
MARTHA STEWART LIVING OMNIMEDIA INC,0001091801,10-K,2011-03-15,edgar/data/1091801/0001193125-11-066242.txt
Chemtura CORP,0001091862,10-K,2011-03-08,edgar/data/1091862/0001144204-11-013303.txt
CIRCOR INTERNATIONAL INC,0001091883,10-K,2011-02-24,edgar/data/1091883/0001193125-11-044711.txt
WORLD WRESTLING ENTERTAINMENTINC,0001091907,10-K,2011-03-07,edgar/data/1091907/0001206774-11-000440.txt
TJX COMPANIES INC /DE/,0000109198,10-K,2011-03-30,edgar/data/109198/0000950123-11-030274.txt
"NUMOBILE, INC.",0001092448,10-K,2011-03-31,edgar/data/1092448/0001019687-11-001026.txt
AXESSTEL INC,0001092492,10-K,2011-03-29,edgar/data/1092492/0001193125-11-081063.txt
BIOCUREX INC,0001092562,10-K,2011-03-31,edgar/data/1092562/0001004878-11-000109.txt
FULLNET COMMUNICATIONS INC,0001092570,10-K,2011-03-31,edgar/data/1092570/0001185185-11-000399.txt
"CHEMBIO DIAGNOSTICS, INC.",0001092662,10-K,2011-03-03,edgar/data/1092662/0001293462-11-000011.txt
SPS COMMERCE INC,0001092699,10-K,2011-03-03,edgar/data/1092699/0000950123-11-021730.txt
ALPINE AIR EXPRESS INC/DE,0001092807,10-K,2011-01-26,edgar/data/1092807/0001010412-11-000010.txt
DUNE ENERGY INC,0001092839,10-K,2011-03-03,edgar/data/1092839/0001193125-11-055142.txt
ATLAS PIPELINE PARTNERS LP,0001092914,10-K,2011-02-25,edgar/data/1092914/0001193125-11-047451.txt
HUTTIG BUILDING PRODUCTS INC,0001093082,10-K,2011-02-24,edgar/data/1093082/0000950123-11-017497.txt
SCIVANTA MEDICAL CORP,0001093285,10-K,2011-02-15,edgar/data/1093285/0001213900-11-000831.txt
CASPIAN SERVICES INC,0001093430,10-K,2011-01-13,edgar/data/1093430/0001038838-11-000010.txt
DEXCOM INC,0001093557,10-K,2011-03-03,edgar/data/1093557/0001193125-11-055131.txt
IDENIX PHARMACEUTICALS INC,0001093649,10-K,2011-03-07,edgar/data/1093649/0000950123-11-022637.txt
BROMWELL FINANCIAL FUND LP,0001093661,10-K,2011-03-31,edgar/data/1093661/0001093661-11-000002.txt
PEOPLES BANCORP OF NORTH CAROLINA INC,0001093672,10-K,2011-03-25,edgar/data/1093672/0001093672-11-000006.txt
BISON INSTRUMENTS INC,0001093683,10-K,2011-01-26,edgar/data/1093683/0000897101-11-000108.txt
PLUG POWER INC,0001093691,10-K,2011-03-31,edgar/data/1093691/0001003297-11-000114.txt
PACIFIC FINANCIAL CORP,0001093728,10-K,2011-03-21,edgar/data/1093728/0001144204-11-016168.txt
ZIONS BANCORPORATION /UT/,0000109380,10-K,2011-03-01,edgar/data/109380/0001193125-11-051989.txt
COASTAL BANKING CO INC,0001093897,10-K,2011-03-17,edgar/data/1093897/0001354488-11-000864.txt
RAINMAKER SYSTEMS INC,0001094007,10-K,2011-03-04,edgar/data/1094007/0001193125-11-056442.txt
NEWTEK BUSINESS SERVICES INC,0001094019,10-K,2011-03-17,edgar/data/1094019/0001193125-11-070044.txt
DALE JARRETT RACING ADVENTURE INC,0001094032,10-K,2011-03-28,edgar/data/1094032/0001014897-11-000041.txt
EDIETS COM INC,0001094058,10-K,2011-03-31,edgar/data/1094058/0001193125-11-084830.txt
TELKONET INC,0001094084,10-K,2011-03-30,edgar/data/1094084/0001019687-11-001013.txt
PROGRESS ENERGY INC,0001094093,10-K,2011-02-28,edgar/data/1094093/0001094093-11-000051.txt
OURPETS CO,0001094139,10-K,2011-03-31,edgar/data/1094139/0001193125-11-084680.txt
TELEDYNE TECHNOLOGIES INC,0001094285,10-K,2011-03-03,edgar/data/1094285/0000950123-11-021752.txt
ELOYALTY CORP,0001094348,10-K,2011-03-17,edgar/data/1094348/0001193125-11-070157.txt
RUDOLPH TECHNOLOGIES INC,0001094392,10-K,2011-02-28,edgar/data/1094392/0001094392-11-000007.txt
M&F BANCORP INC /NC/,0001094738,10-K,2011-03-29,edgar/data/1094738/0001193125-11-081420.txt
MAINSTREET BANKSHARES INC,0001094742,10-K,2011-03-17,edgar/data/1094742/0001193125-11-070078.txt
"Vertro, Inc.",0001094808,10-K,2011-03-09,edgar/data/1094808/0001144204-11-013799.txt
MUTUALFIRST FINANCIAL INC,0001094810,10-K,2011-03-16,edgar/data/1094810/0001144204-11-015298.txt
MANAGEMENT NETWORK GROUP INC,0001094814,10-K,2011-03-31,edgar/data/1094814/0000950123-11-031568.txt
"BGC Partners, Inc.",0001094831,10-K,2011-03-16,edgar/data/1094831/0001193125-11-068739.txt
"ONCOVISTA INNOVATIVE THERAPIES, INC",0001094847,10-K,2011-03-31,edgar/data/1094847/0001144204-11-018509.txt
DIVERSIFIED 2000 FUTURES FUND L.P.,0001095007,10-K,2011-03-31,edgar/data/1095007/0000950123-11-031381.txt
EVEREST RE GROUP LTD,0001095073,10-K,2011-03-01,edgar/data/1095073/0001095073-11-000010.txt
ISA INTERNATIONALE INC,0001095133,10-K,2011-01-18,edgar/data/1095133/0001095133-11-000001.txt
GAMEPLAN INC,0001095146,10-K,2011-03-31,edgar/data/1095146/0001158957-11-000073.txt
TIGRENT INC,0001095276,10-K,2011-03-31,edgar/data/1095276/0001104659-11-017812.txt
INTERSECTIONS INC,0001095277,10-K,2011-03-16,edgar/data/1095277/0000950123-11-025964.txt
"WEB.COM GROUP, INC.",0001095291,10-K,2011-03-14,edgar/data/1095291/0001144204-11-014655.txt
PFSWEB INC,0001095315,10-K,2011-03-31,edgar/data/1095315/0000950123-11-031470.txt
WOODSTOCK HOLDINGS INC.,0001095373,10-K,2011-03-21,edgar/data/1095373/0000943440-11-000104.txt
HEALTHSTREAM INC,0001095565,10-K,2011-03-23,edgar/data/1095565/0000950123-11-028319.txt
ISTAR FINANCIAL INC,0001095651,10-K,2011-03-24,edgar/data/1095651/0001047469-11-002559.txt
IVAX DIAGNOSTICS INC,0001095858,10-K,2011-03-30,edgar/data/1095858/0001144204-11-018368.txt
"CYTORI THERAPEUTICS, INC.",0001095981,10-K,2011-03-11,edgar/data/1095981/0001095981-11-000007.txt
GENTIVA HEALTH SERVICES INC,0001096142,10-K,2011-03-11,edgar/data/1096142/0001193125-11-063891.txt
"Geeknet, Inc",0001096199,10-K,2011-02-24,edgar/data/1096199/0001144204-11-010792.txt
GFR PHARMACEUTICALS INC,0001096294,10-K,2011-03-30,edgar/data/1096294/0001144204-11-018185.txt
INTERSIL CORP/DE,0001096325,10-K,2011-02-28,edgar/data/1096325/0001193125-11-049953.txt
SARATOGA RESOURCES INC /TX,0001096339,10-K,2011-03-10,edgar/data/1096339/0001158957-11-000047.txt
MARKEL CORP,0001096343,10-K,2011-02-28,edgar/data/1096343/0001193125-11-048986.txt
NUTRI SYSTEM INC /DE/,0001096376,10-K,2011-03-07,edgar/data/1096376/0001193125-11-057776.txt
VECTREN CORP,0001096385,10-K,2011-02-17,edgar/data/1096385/0001096385-11-000015.txt
ANGIOTECH PHARMACEUTICALS INC,0001096481,10-K,2011-03-16,edgar/data/1096481/0001193125-11-068867.txt
"ENERGY QUEST, INC.",0001096550,10-K,2011-03-30,edgar/data/1096550/0001468429-11-000011.txt
SULPHCO INC,0001096560,10-K,2011-03-31,edgar/data/1096560/0001144204-11-019065.txt
OXIS INTERNATIONAL INC,0000109657,10-K,2011-03-31,edgar/data/109657/0001513160-11-000020.txt
FIRST TRANSACTION MANAGEMENT INC,0001096613,10-K,2011-03-31,edgar/data/1096613/0001144204-11-018682.txt
OHIO LEGACY CORP,0001096654,10-K,2011-03-30,edgar/data/1096654/0001144204-11-018314.txt
EPOCRATES INC,0001096738,10-K,2011-03-31,edgar/data/1096738/0001047469-11-002963.txt
KNOLOGY INC,0001096788,10-K,2011-03-15,edgar/data/1096788/0001193125-11-067360.txt
"DOCUMENT CAPTURE TECHNOLOGIES, INC.",0001096857,10-K,2011-03-16,edgar/data/1096857/0001144204-11-015143.txt
SITESTAR CORP,0001096934,10-K,2011-03-31,edgar/data/1096934/0001144204-11-018950.txt
ALIGN TECHNOLOGY INC,0001097149,10-K,2011-02-24,edgar/data/1097149/0001193125-11-044951.txt
ALLOS THERAPEUTICS INC,0001097264,10-K,2011-03-03,edgar/data/1097264/0001047469-11-001718.txt
MORGAN STANLEY SMITH BARNEY SPECTRUM CURRENCY LP,0001097396,10-K,2011-03-28,edgar/data/1097396/0001097396-11-000002.txt
INTERNATIONAL MONETARY SYSTEMS LTD /WI/,0001097430,10-K,2011-03-11,edgar/data/1097430/0001213900-11-001264.txt
ARBITRON INC,0000109758,10-K,2011-02-24,edgar/data/109758/0000950123-11-017475.txt
MEDIANET GROUP TECHNOLOGIES INC,0001097792,10-K,2011-03-30,edgar/data/1097792/0001144204-11-018387.txt
ON SEMICONDUCTOR CORP,0001097864,10-K,2011-02-24,edgar/data/1097864/0001193125-11-045204.txt
PATRIOT NATIONAL BANCORP INC,0001098146,10-K,2011-03-23,edgar/data/1098146/0000950123-11-028320.txt
FIDELITY D & D BANCORP INC,0001098151,10-K,2011-03-29,edgar/data/1098151/0001144204-11-017807.txt
WEBSENSE INC,0001098277,10-K,2011-02-10,edgar/data/1098277/0001193125-11-030687.txt
MIDAMERICAN FUNDING LLC,0001098296,10-K,2011-02-28,edgar/data/1098296/0000928576-11-000003.txt
"Innovaro, Inc.",0001098482,10-K,2011-03-30,edgar/data/1098482/0001193125-11-083158.txt
COMMERCEFIRST BANCORP INC,0001098813,10-K,2011-03-07,edgar/data/1098813/0000950123-11-022480.txt
IntelGenx Technologies Corp.,0001098880,10-K,2011-03-29,edgar/data/1098880/0001204459-11-000828.txt
CENTERPOINT ENERGY TRANSITION BOND CO LLC,0001098911,10-K,2011-03-25,edgar/data/1098911/0001130310-11-000015.txt
AGENUS INC,0001098972,10-K,2011-03-16,edgar/data/1098972/0001193125-11-068337.txt
ORANCO INC,0001098996,10-K,2011-03-03,edgar/data/1098996/0001096906-11-000419.txt
MANHATTAN SCIENTIFICS INC,0001099132,10-K,2011-03-31,edgar/data/1099132/0001013762-11-000853.txt
BEASLEY BROADCAST GROUP INC,0001099160,10-K,2011-03-16,edgar/data/1099160/0001193125-11-068032.txt
METLIFE INC,0001099219,10-K,2011-02-25,edgar/data/1099219/0000950123-11-018077.txt
VIRGINIA COMMERCE BANCORP INC,0001099305,10-K,2011-03-16,edgar/data/1099305/0001193125-11-068373.txt
TIRE INTERNATIONAL ENVIRONMENTAL SOLUTIONS INC.,0001099332,10-K,2011-02-24,edgar/data/1099332/0001471242-11-000052.txt
EME HOMER CITY GENERATION LP,0001099534,10-K,2011-02-28,edgar/data/1099534/0001047469-11-001491.txt
WESTGATE ACQUISITIONS CORP,0001099568,10-K,2011-03-15,edgar/data/1099568/0000931731-11-000057.txt
EASTGATE ACQUISITIONS CORP,0001099574,10-K,2011-03-14,edgar/data/1099574/0000931731-11-000055.txt
MERCADOLIBRE INC,0001099590,10-K,2011-02-25,edgar/data/1099590/0000950123-11-018724.txt
FIRST OTTAWA BANCSHARES INC,0001099668,10-K,2011-03-30,edgar/data/1099668/0001387131-11-000478.txt
Edwards Lifesciences Corp,0001099800,10-K,2011-02-28,edgar/data/1099800/0001047469-11-001550.txt
CENTRA FINANCIAL HOLDINGS INC,0001099932,10-K,2011-03-18,edgar/data/1099932/0000950123-11-026908.txt
CHINA MARINE FOOD GROUP LTD,0001099977,10-K,2011-03-02,edgar/data/1099977/0001144204-11-012417.txt
ONCOR ELECTRIC DELIVERY TRANSITION BOND CO LLC,0001100179,10-K,2011-02-22,edgar/data/1100179/0001193125-11-042283.txt
NORTHWEST PIPELINE GP,0000110019,10-K,2011-02-24,edgar/data/110019/0000950123-11-017525.txt
LENCO MOBILE INC.,0001100202,10-K,2011-03-29,edgar/data/1100202/0001019687-11-001002.txt
KRISPY KREME DOUGHNUTS INC,0001100270,10-K,2011-03-31,edgar/data/1100270/0001206774-11-000690.txt
LEAP TECHNOLOGY INC / DE,0000110027,10-K,2011-03-31,edgar/data/110027/0001140361-11-019620.txt
STRATEGIC PARTNERS INC,0001100313,10-K,2011-01-10,edgar/data/1100313/0001023175-11-000010.txt
STRATEGIC PARTNERS INC,0001100313,10-K,2011-01-18,edgar/data/1100313/0001023175-11-000019.txt
"SECURED FINANCIAL NETWORK, INC.",0001100394,10-K,2011-03-30,edgar/data/1100394/0001199835-11-000185.txt
"Advaxis, Inc.",0001100397,10-K,2011-01-31,edgar/data/1100397/0001144204-11-004968.txt
"RTI Biologics, Inc.",0001100441,10-K,2011-02-22,edgar/data/1100441/0001193125-11-042231.txt
CHARLES RIVER LABORATORIES INTERNATIONAL INC,0001100682,10-K,2011-02-23,edgar/data/1100682/0001047469-11-001182.txt
"CLEAN ENERGY & POWER, INC.",0001100748,10-K,2011-02-09,edgar/data/1100748/0001437749-11-000727.txt
Eight Dragons Co.,0001100778,10-K,2011-01-28,edgar/data/1100778/0001165527-11-000091.txt
ML SELECT FUTURES I LP,0001100878,10-K,2011-03-15,edgar/data/1100878/0001104659-11-014249.txt
ONVIA INC,0001100917,10-K,2011-03-17,edgar/data/1100917/0001100917-11-000010.txt
ENDO PHARMACEUTICALS HOLDINGS INC,0001100962,10-K,2011-02-28,edgar/data/1100962/0001193125-11-050171.txt
"ASIAINFO-LINKAGE, INC",0001100969,10-K,2011-02-28,edgar/data/1100969/0001193125-11-050199.txt
NORTHERN ILLINOIS GAS CO /IL/ /NEW/,0000110104,10-K,2011-02-24,edgar/data/110104/0000110104-11-000004.txt
"Safer Shot, Inc.",0001101093,10-K,2011-02-14,edgar/data/1101093/0001453623-11-000004.txt
VIASYSTEMS GROUP INC,0001101169,10-K,2011-02-09,edgar/data/1101169/0001101169-11-000007.txt
ALLIANCE DATA SYSTEMS CORP,0001101215,10-K,2011-02-28,edgar/data/1101215/0001140361-11-012449.txt
EQUINIX INC,0001101239,10-K,2011-02-25,edgar/data/1101239/0001193125-11-047157.txt
ENTEGRIS INC,0001101302,10-K,2011-02-24,edgar/data/1101302/0001193125-11-045376.txt
QUOTEMEDIA  INC,0001101433,10-K,2011-03-29,edgar/data/1101433/0001193125-11-081258.txt
ZHONE TECHNOLOGIES INC,0001101680,10-K,2011-03-15,edgar/data/1101680/0001193125-11-067016.txt
UNITED SURGICAL PARTNERS INTERNATIONAL INC,0001101723,10-K,2011-02-25,edgar/data/1101723/0000950123-11-018939.txt
"NEW MEXICO SOFTWARE, INC",0001101865,10-K,2011-03-31,edgar/data/1101865/0001393905-11-000188.txt
PACWEST BANCORP,0001102112,10-K,2011-03-15,edgar/data/1102112/0001047469-11-002156.txt
AMERICAN REALTY INVESTORS INC,0001102238,10-K,2011-03-31,edgar/data/1102238/0001193125-11-084825.txt
"CenterState Banks, Inc.",0001102266,10-K,2011-03-16,edgar/data/1102266/0001193125-11-068791.txt
PREMIERWEST BANCORP,0001102287,10-K,2011-03-17,edgar/data/1102287/0001193125-11-068945.txt
EARTHLINK INC,0001102541,10-K,2011-03-01,edgar/data/1102541/0001047469-11-001627.txt
"STEC, INC.",0001102741,10-K,2011-02-22,edgar/data/1102741/0001193125-11-042207.txt
LIVEPERSON INC,0001102993,10-K,2011-03-15,edgar/data/1102993/0001144204-11-014934.txt
BIODELIVERY SCIENCES INTERNATIONAL INC,0001103021,10-K,2011-03-11,edgar/data/1103021/0001193125-11-062688.txt
TRX INC/GA,0001103025,10-K,2011-03-01,edgar/data/1103025/0001193125-11-052314.txt
REFLECT SCIENTIFIC INC,0001103090,10-K,2011-03-31,edgar/data/1103090/0001010412-11-000122.txt
BEACON POWER CORP,0001103345,10-K,2011-03-16,edgar/data/1103345/0001047469-11-002225.txt
"Ardea Biosciences, Inc./DE",0001103390,10-K,2011-03-11,edgar/data/1103390/0000950123-11-024810.txt
"OMPHALOS, CORP",0001103640,10-K,2011-03-29,edgar/data/1103640/0001144204-11-017793.txt
SAVE THE WORLD AIR INC,0001103795,10-K,2011-03-31,edgar/data/1103795/0001019687-11-001036.txt
CROWN MEDIA HOLDINGS INC,0001103837,10-K,2011-03-03,edgar/data/1103837/0001047469-11-001703.txt
RUBICON FINANCIAL INC,0001103977,10-K,2011-03-31,edgar/data/1103977/0001185185-11-000417.txt
KRAFT FOODS INC,0001103982,10-K,2011-02-28,edgar/data/1103982/0001193125-11-048979.txt
ADVANCED ANALOGIC TECHNOLOGIES INC,0001104042,10-K,2011-02-25,edgar/data/1104042/0001193125-11-046996.txt
SOHU COM INC,0001104188,10-K,2011-02-28,edgar/data/1104188/0001193125-11-048718.txt
DDI CORP,0001104252,10-K,2011-02-22,edgar/data/1104252/0001193125-11-042244.txt
FRONTIER OIL CORP /NEW/,0000110430,10-K,2011-02-24,edgar/data/110430/0000110430-11-000013.txt
CAPELLA EDUCATION CO,0001104349,10-K,2011-02-25,edgar/data/1104349/0001193125-11-047299.txt
BROADVIEW NETWORKS HOLDINGS INC,0001104358,10-K,2011-03-18,edgar/data/1104358/0000950123-11-026871.txt
"NORTHERN OIL & GAS, INC.",0001104485,10-K,2011-03-04,edgar/data/1104485/0001104485-11-000011.txt
INSMED INC,0001104506,10-K,2011-03-16,edgar/data/1104506/0001104506-11-000016.txt
MATERION Corp,0001104657,10-K,2011-03-09,edgar/data/1104657/0000950123-11-023658.txt
MONTANA MINING CORP,0001104672,10-K,2011-03-31,edgar/data/1104672/0001211524-11-000047.txt
WOLVERINE WORLD WIDE INC /DE/,0000110471,10-K,2011-03-02,edgar/data/110471/0000950123-11-021208.txt
"Support.com, Inc.",0001104855,10-K,2011-03-11,edgar/data/1104855/0001140361-11-016096.txt
SUPERCLICK INC,0001104891,10-K,2011-02-03,edgar/data/1104891/0001144204-11-005808.txt
DYNEGY HOLDINGS INC,0001105055,10-K,2011-03-08,edgar/data/1105055/0001140361-11-015138.txt
NANOSPHERE INC,0001105184,10-K,2011-02-16,edgar/data/1105184/0000950123-11-014725.txt
SONUS NETWORKS INC,0001105472,10-K,2011-03-10,edgar/data/1105472/0001047469-11-001978.txt
TIME WARNER INC.,0001105705,10-K,2011-02-18,edgar/data/1105705/0000950123-11-015470.txt
"CHINA PHARMA HOLDINGS, INC.",0001106644,10-K,2011-03-03,edgar/data/1106644/0001010549-11-000201.txt
IVANHOE ENERGY INC,0001106935,10-K,2011-03-16,edgar/data/1106935/0000950123-11-025965.txt
BLACKBOARD INC,0001106942,10-K,2011-02-18,edgar/data/1106942/0000950123-11-015777.txt
WESTERGAARD COM INC,0001106974,10-K,2011-01-28,edgar/data/1106974/0001121781-11-000021.txt
ORCHID CELLMARK INC,0001107216,10-K,2011-03-15,edgar/data/1107216/0001193125-11-067335.txt
DENDREON CORP,0001107332,10-K,2011-03-01,edgar/data/1107332/0000950123-11-020518.txt
ZIOPHARM ONCOLOGY INC,0001107421,10-K,2011-03-01,edgar/data/1107421/0001144204-11-011688.txt
"RACKSPACE HOSTING, INC.",0001107694,10-K,2011-02-22,edgar/data/1107694/0001107694-11-000018.txt
CLICKER INC.,0001107998,10-K,2011-01-13,edgar/data/1107998/0001013762-11-000087.txt
COMMUNITY HEALTH SYSTEMS INC,0001108109,10-K,2011-02-25,edgar/data/1108109/0000950123-11-018885.txt
BERKSHIRE HILLS BANCORP INC,0001108134,10-K,2011-03-16,edgar/data/1108134/0001144204-11-015151.txt
CURIS INC,0001108205,10-K,2011-03-08,edgar/data/1108205/0001193125-11-059249.txt
AMERICAN RIVER BANKSHARES,0001108236,10-K,2011-03-04,edgar/data/1108236/0001019056-11-000292.txt
SMTC CORP,0001108320,10-K,2011-03-11,edgar/data/1108320/0001193125-11-064004.txt
CITIBANK CREDIT CARD ISSUANCE TRUST,0001108348,10-K,2011-03-22,edgar/data/1108348/0000839947-11-000015.txt
PNM RESOURCES INC,0001108426,10-K,2011-03-01,edgar/data/1108426/0001193125-11-051990.txt
SALESFORCE COM INC,0001108524,10-K,2011-03-23,edgar/data/1108524/0001193125-11-075314.txt
TBX RESOURCES INC,0001108645,10-K,2011-02-23,edgar/data/1108645/0000950123-11-017109.txt
"QEP RESOURCES, INC.",0001108827,10-K,2011-02-25,edgar/data/1108827/0001193125-11-047041.txt
"CUI Global, Inc.",0001108967,10-K,2011-03-31,edgar/data/1108967/0001144204-11-018479.txt
ENTRAVISION COMMUNICATIONS CORP,0001109116,10-K,2011-03-14,edgar/data/1109116/0001193125-11-064271.txt
BASIC ENERGY SERVICES INC,0001109189,10-K,2011-02-25,edgar/data/1109189/0000950123-11-018755.txt
TELIK INC,0001109196,10-K,2011-03-02,edgar/data/1109196/0001193125-11-052473.txt
HANMI FINANCIAL CORP,0001109242,10-K,2011-03-16,edgar/data/1109242/0000950123-11-025894.txt
BRUKER CORP,0001109354,10-K,2011-03-01,edgar/data/1109354/0001047469-11-001614.txt
EXELON CORP,0001109357,10-K,2011-02-10,edgar/data/1109357/0001193125-11-030543.txt
ALLIANCEBERNSTEIN L.P.,0001109448,10-K,2011-02-10,edgar/data/1109448/0001140361-11-007862.txt
BANCORP RHODE ISLAND INC,0001109525,10-K,2011-03-15,edgar/data/1109525/0000950123-11-025278.txt
PACIFIC MERCANTILE BANCORP,0001109546,10-K,2011-03-31,edgar/data/1109546/0001193125-11-085137.txt
"Computer Software Innovations, Inc.",0001109879,10-K,2011-03-25,edgar/data/1109879/0001193125-11-078075.txt
EROOMSYSTEM TECHNOLOGIES INC,0001110361,10-K,2011-03-24,edgar/data/1110361/0001144204-11-016866.txt
WINGS & THINGS INC,0001110482,10-K,2011-03-18,edgar/data/1110482/0001023175-11-000129.txt
HSBC CREDIT CARD MASTER NOTE TRUST (USA) I,0001110503,10-K,2011-03-30,edgar/data/1110503/0001110503-11-000004.txt
METLIFE POLICYHOLDER TRUST,0001110795,10-K,2011-03-25,edgar/data/1110795/0000950123-11-029265.txt
ILLUMINA INC,0001110803,10-K,2011-02-28,edgar/data/1110803/0000950123-11-019925.txt
NuStar Energy L.P.,0001110805,10-K,2011-02-25,edgar/data/1110805/0001193125-11-047582.txt
RIGHTNOW TECHNOLOGIES INC,0001111247,10-K,2011-03-09,edgar/data/1111247/0000950123-11-023633.txt
VISTEON CORP,0001111335,10-K,2011-03-09,edgar/data/1111335/0000950123-11-023581.txt
TRANQUILITY INC,0001111468,10-K,2011-03-02,edgar/data/1111468/0001137050-11-000048.txt
TRADESTATION GROUP INC,0001111559,10-K,2011-03-11,edgar/data/1111559/0001193125-11-063805.txt
AVISTAR COMMUNICATIONS CORP,0001111632,10-K,2011-03-31,edgar/data/1111632/0001111632-11-000008.txt
XO HOLDINGS INC,0001111634,10-K,2011-03-31,edgar/data/1111634/0001144204-11-019057.txt
TELECOMMUNICATION SYSTEMS INC /FA/,0001111665,10-K,2011-03-07,edgar/data/1111665/0000950123-11-022564.txt
NISOURCE INC/DE,0001111711,10-K,2011-02-28,edgar/data/1111711/0000950123-11-019598.txt
DYNARESOURCE INC,0001111741,10-K,2011-03-09,edgar/data/1111741/0001121781-11-000061.txt
IPG PHOTONICS CORP,0001111928,10-K,2011-03-15,edgar/data/1111928/0000950123-11-025637.txt
ENDEAVOUR INTERNATIONAL CORP,0001112412,10-K,2011-03-10,edgar/data/1112412/0000950123-11-023999.txt
MERCI INC,0001112551,10-K,2011-03-02,edgar/data/1112551/0001137050-11-000051.txt
GLOBALSCAPE INC,0001112920,10-K,2011-03-30,edgar/data/1112920/0001193125-11-081631.txt
PIONEER BANKSHARES INC/VA,0001113026,10-K,2011-03-28,edgar/data/1113026/0001193125-11-079961.txt
"INFINITY PHARMACEUTICALS, INC.",0001113148,10-K,2011-03-16,edgar/data/1113148/0001193125-11-068690.txt
PRICE T ROWE GROUP INC,0001113169,10-K,2011-02-08,edgar/data/1113169/0000950123-11-010348.txt
AXCELIS TECHNOLOGIES INC,0001113232,10-K,2011-03-14,edgar/data/1113232/0001047469-11-002119.txt
MEDICINES CO /DE,0001113481,10-K,2011-03-15,edgar/data/1113481/0000950123-11-025641.txt
SMART ONLINE INC,0001113513,10-K,2011-03-31,edgar/data/1113513/0001144204-11-018698.txt
CREATIVE VISTAS INC,0001113524,10-K,2011-03-31,edgar/data/1113524/0001144204-11-018914.txt
PRINCETON REVIEW INC,0001113668,10-K,2011-03-15,edgar/data/1113668/0001193125-11-067307.txt
CARDIONET INC,0001113784,10-K,2011-02-25,edgar/data/1113784/0001047469-11-001414.txt
BUILD A BEAR WORKSHOP INC,0001113809,10-K,2011-03-17,edgar/data/1113809/0001437749-11-001588.txt
AMERICAN MEDICAL SYSTEMS HOLDINGS INC,0001114200,10-K,2011-02-25,edgar/data/1114200/0000950123-11-018620.txt
KERYX BIOPHARMACEUTICALS INC,0001114220,10-K,2011-03-09,edgar/data/1114220/0001144204-11-013791.txt
"GREATBATCH, INC.",0001114483,10-K,2011-03-01,edgar/data/1114483/0000950123-11-020516.txt
CAMPBELL ALTERNATIVE ASSET TRUST,0001114485,10-K,2011-03-31,edgar/data/1114485/0000950123-11-031603.txt
KENEXA CORP,0001114714,10-K,2011-03-16,edgar/data/1114714/0001114714-11-000012.txt
FIRST NORTHERN COMMUNITY BANCORP,0001114927,10-K,2011-03-22,edgar/data/1114927/0001114927-11-000012.txt
ALPHARX INC,0001114936,10-K,2011-01-03,edgar/data/1114936/0001204459-11-000008.txt
PINNACLE FINANCIAL PARTNERS INC,0001115055,10-K,2011-02-23,edgar/data/1115055/0001140361-11-011515.txt
DUN & BRADSTREET CORP/NW,0001115222,10-K,2011-03-01,edgar/data/1115222/0001193125-11-051310.txt
CNH CAPITAL RECEIVABLES LLC,0001115252,10-K,2011-03-29,edgar/data/1115252/0001104659-11-017406.txt
CNH CAPITAL RECEIVABLES LLC,0001115252,10-K,2011-03-29,edgar/data/1115252/0001104659-11-017407.txt
CNH CAPITAL RECEIVABLES LLC,0001115252,10-K,2011-03-29,edgar/data/1115252/0001104659-11-017408.txt
ORIENT EXPRESS HOTELS LTD,0001115836,10-K,2011-02-25,edgar/data/1115836/0001104659-11-010333.txt
SINO ASSURANCE INC.,0001116204,10-K,2011-03-18,edgar/data/1116204/0001137050-11-000060.txt
ORASURE TECHNOLOGIES INC,0001116463,10-K,2011-03-10,edgar/data/1116463/0001193125-11-062311.txt
GEOPETRO RESOURCES CO,0001116927,10-K,2011-03-31,edgar/data/1116927/0001104659-11-018000.txt
TTM TECHNOLOGIES INC,0001116942,10-K,2011-03-15,edgar/data/1116942/0000950123-11-025582.txt
American Lorain CORP,0001117057,10-K,2011-03-31,edgar/data/1117057/0001204459-11-000925.txt
NETSUITE INC,0001117106,10-K,2011-03-03,edgar/data/1117106/0001193125-11-055038.txt
SAJAN INC,0001118037,10-K,2011-03-30,edgar/data/1118037/0001144204-11-018240.txt
SKINOVATION PHARMACEUTICAL INC,0001118072,10-K,2011-03-21,edgar/data/1118072/0001023175-11-000132.txt
WORLDNET INC OF NEVADA,0001118233,10-K,2011-03-16,edgar/data/1118233/0001023175-11-000119.txt
MBT FINANCIAL CORP,0001118237,10-K,2011-03-18,edgar/data/1118237/0001144204-11-015780.txt
ROGERS INTERNATIONAL RAW MATERIALS FUND LP,0001118384,10-K,2011-03-30,edgar/data/1118384/0001193125-11-083026.txt
ENDWAVE CORP,0001118941,10-K,2011-02-25,edgar/data/1118941/0000950123-11-018526.txt
Eastern Environment Solutions Corp.,0001119721,10-K,2011-03-30,edgar/data/1119721/0001096906-11-000598.txt
BINGHAM CANYON CORP,0001119897,10-K,2011-03-16,edgar/data/1119897/0001023175-11-000118.txt
BEMIS CO INC,0000011199,10-K,2011-03-01,edgar/data/11199/0001104659-11-011309.txt
"NASDAQ OMX GROUP, INC.",0001120193,10-K,2011-02-24,edgar/data/1120193/0001193125-11-045348.txt
IXIA,0001120295,10-K,2011-03-04,edgar/data/1120295/0000950123-11-022142.txt
"BROADWIND ENERGY, INC.",0001120370,10-K,2011-03-16,edgar/data/1120370/0001047469-11-002218.txt
nFinanSe Inc.,0001120792,10-K,2011-03-31,edgar/data/1120792/0001120792-11-000013.txt
"China Natural Gas, Inc.",0001120830,10-K,2011-03-14,edgar/data/1120830/0001144204-11-014535.txt
PDF SOLUTIONS INC,0001120914,10-K,2011-03-23,edgar/data/1120914/0001437749-11-001690.txt
"OIL STATES INTERNATIONAL, INC",0001121484,10-K,2011-02-22,edgar/data/1121484/0000950123-11-016353.txt
"METABOLIX, INC.",0001121702,10-K,2011-03-10,edgar/data/1121702/0001047469-11-001951.txt
ICON INCOME FUND EIGHT B LP,0001121716,10-K,2011-03-28,edgar/data/1121716/0000947986-11-000033.txt
ATLAS AMERICA PUBLIC NO 9 LTD,0001121745,10-K,2011-03-30,edgar/data/1121745/0000950123-11-030662.txt
AMERICAN SPECTRUM REALTY INC,0001121783,10-K,2011-03-31,edgar/data/1121783/0001144204-11-018915.txt
GARMIN LTD,0001121788,10-K,2011-02-23,edgar/data/1121788/0001144204-11-010358.txt
"JAGGED PEAK, INC.",0001121793,10-K,2011-03-29,edgar/data/1121793/0001193125-11-081431.txt
"GLOBAL FOOD TECHNOLOGIES, INC.",0001122108,10-K,2011-03-31,edgar/data/1122108/0001144204-11-019075.txt
AETNA INC /PA/,0001122304,10-K,2011-02-25,edgar/data/1122304/0001122304-11-000032.txt
ALLIANCE FIBER OPTIC PRODUCTS INC,0001122342,10-K,2011-03-18,edgar/data/1122342/0001122342-11-000012.txt
"NETGEAR, INC",0001122904,10-K,2011-02-28,edgar/data/1122904/0001193125-11-049921.txt
POLYONE CORP,0001122976,10-K,2011-02-18,edgar/data/1122976/0000950123-11-015658.txt
BANK MUTUAL CORP,0001123270,10-K,2011-03-04,edgar/data/1123270/0000950123-11-022051.txt
Yasheng Group,0001123312,10-K,2011-03-29,edgar/data/1123312/0001199835-11-000176.txt
"Crystal Rock Holdings, Inc.",0001123316,10-K,2011-01-27,edgar/data/1123316/0001013762-11-000202.txt
China Logistics Group Inc,0001123493,10-K,2011-03-31,edgar/data/1123493/0001448788-11-000057.txt
HARVARD BIOSCIENCE INC,0001123494,10-K,2011-03-16,edgar/data/1123494/0001193125-11-068577.txt
PENSON WORLDWIDE INC,0001123541,10-K,2011-03-04,edgar/data/1123541/0000950123-11-021841.txt
"BAB, INC.",0001123596,10-K,2011-02-24,edgar/data/1123596/0001140361-11-011853.txt
ATP OIL & GAS CORP,0001123647,10-K,2011-03-16,edgar/data/1123647/0001193125-11-068655.txt
COMMUNITY FINANCIAL SHARES INC,0001123735,10-K,2011-03-31,edgar/data/1123735/0001193125-11-084660.txt
NORTHERN STATES POWER CO,0001123852,10-K,2011-02-28,edgar/data/1123852/0001140361-11-012616.txt
SENOMYX INC,0001123979,10-K,2011-03-03,edgar/data/1123979/0001104659-11-011999.txt
FAR EAST ENERGY CORP,0001124024,10-K,2011-03-30,edgar/data/1124024/0001140361-11-019350.txt
TARGACEPT INC,0001124105,10-K,2011-03-11,edgar/data/1124105/0001193125-11-064202.txt
EXACT SCIENCES CORP,0001124140,10-K,2011-03-11,edgar/data/1124140/0001047469-11-002045.txt
FLUOR CORP,0001124198,10-K,2011-02-23,edgar/data/1124198/0001047469-11-001167.txt
RESPONSE GENETICS INC,0001124608,10-K,2011-03-30,edgar/data/1124608/0001144204-11-018372.txt
"VMWARE, INC.",0001124610,10-K,2011-02-28,edgar/data/1124610/0001193125-11-050075.txt
FIRST CENTURY BANCORP.,0001124676,10-K,2011-03-31,edgar/data/1124676/0001387131-11-000510.txt
UTi WORLDWIDE INC,0001124827,10-K,2011-03-30,edgar/data/1124827/0000950123-11-030927.txt
CARNIVAL PLC,0001125259,10-K,2011-01-31,edgar/data/1125259/0001193125-11-018320.txt
ATEL CAPITAL EQUIPMENT FUND IX LLC,0001125264,10-K,2011-03-24,edgar/data/1125264/0001144204-11-016795.txt
"Media Exchange Group, Inc.",0001125280,10-K,2011-02-22,edgar/data/1125280/0001437749-11-000988.txt
"Media Exchange Group, Inc.",0001125280,10-K,2011-03-11,edgar/data/1125280/0001437749-11-001454.txt
"ENSIGN GROUP, INC",0001125376,10-K,2011-02-16,edgar/data/1125376/0001445305-11-000273.txt
DAIS ANALYTIC CORP,0001125699,10-K,2011-03-31,edgar/data/1125699/0001193125-11-084954.txt
OPENTABLE INC,0001125914,10-K,2011-03-09,edgar/data/1125914/0001047469-11-001907.txt
SHUTTERFLY INC,0001125920,10-K,2011-02-07,edgar/data/1125920/0001140361-11-006694.txt
ALTERNET SYSTEMS INC,0001126003,10-K,2011-03-31,edgar/data/1126003/0001062993-11-001238.txt
XFONE INC.,0001126216,10-K,2011-03-18,edgar/data/1126216/0001108017-11-000077.txt
"GenOn Energy, Inc.",0001126294,10-K,2011-03-01,edgar/data/1126294/0000950123-11-020186.txt
"METRO ONE DEVELOPMENT, INC",0001126302,10-K,2011-01-10,edgar/data/1126302/0001126302-11-000002.txt
PRINCIPAL FINANCIAL GROUP INC,0001126328,10-K,2011-02-16,edgar/data/1126328/0001047469-11-000974.txt
MAGELLAN MIDSTREAM PARTNERS LP,0001126975,10-K,2011-02-25,edgar/data/1126975/0001126975-11-000032.txt
CAROLINA BANK HOLDINGS INC,0001127160,10-K,2011-03-29,edgar/data/1127160/0001193125-11-080889.txt
WELLS REAL ESTATE FUND XIII L P,0001127245,10-K,2011-03-22,edgar/data/1127245/0001193125-11-073707.txt
GMX RESOURCES INC,0001127342,10-K,2011-03-11,edgar/data/1127342/0001193125-11-062904.txt
CENTRAL VALLEY COMMUNITY BANCORP,0001127371,10-K,2011-03-17,edgar/data/1127371/0001104659-11-015133.txt
PROASSURANCE CORP,0001127703,10-K,2011-02-24,edgar/data/1127703/0000950123-11-017588.txt
"ProtoKinetix, Inc.",0001128189,10-K,2011-03-29,edgar/data/1128189/0001062993-11-001192.txt
"First Federal of Northern Michigan Bancorp, Inc.",0001128227,10-K,2011-03-28,edgar/data/1128227/0001144204-11-017550.txt
"Saker Aviation Services, Inc.",0001128281,10-K,2011-03-31,edgar/data/1128281/0001144204-11-018605.txt
NARA BANCORP INC,0001128361,10-K,2011-02-18,edgar/data/1128361/0001193125-11-040498.txt
ANADYS PHARMACEUTICALS INC,0001128495,10-K,2011-03-04,edgar/data/1128495/0000950123-11-022122.txt
Todays Alternative Energy Corp,0001128581,10-K,2011-02-14,edgar/data/1128581/0001144204-11-008493.txt
FLOWERS FOODS INC,0001128928,10-K,2011-02-23,edgar/data/1128928/0000950123-11-017197.txt
MARINE PRODUCTS CORP,0001129155,10-K,2011-03-04,edgar/data/1129155/0001188112-11-000494.txt
VECTREN UTILITY HOLDINGS INC,0001129542,10-K,2011-03-04,edgar/data/1129542/0001096385-11-000023.txt
PHOENIX COMPANIES INC/DE,0001129633,10-K,2011-03-08,edgar/data/1129633/0001354488-11-000747.txt
MISSION COMMUNITY BANCORP,0001129920,10-K,2011-03-31,edgar/data/1129920/0001129920-11-000004.txt
"CHINA IVY SCHOOL, INC.",0001130128,10-K,2011-03-31,edgar/data/1130128/0001193805-11-000610.txt
SIERRA BANCORP,0001130144,10-K,2011-03-11,edgar/data/1130144/0001193125-11-063543.txt
"Cyclacel Pharmaceuticals, Inc.",0001130166,10-K,2011-03-31,edgar/data/1130166/0000950123-11-031629.txt
ACME PACKET INC,0001130258,10-K,2011-02-18,edgar/data/1130258/0000950123-11-015697.txt
CENTERPOINT ENERGY INC,0001130310,10-K,2011-03-01,edgar/data/1130310/0001130310-11-000006.txt
FOSTER WHEELER AG,0001130385,10-K,2011-02-28,edgar/data/1130385/0000950123-11-019846.txt
BLACK HILLS CORP /SD/,0001130464,10-K,2011-02-25,edgar/data/1130464/0001130464-11-000027.txt
XENOPORT INC,0001130591,10-K,2011-03-01,edgar/data/1130591/0001193125-11-052243.txt
"OVERSTOCK.COM, INC",0001130713,10-K,2011-02-28,edgar/data/1130713/0001047469-11-001488.txt
AEI INCOME & GROWTH FUND 24 LLC,0001130758,10-K,2011-03-28,edgar/data/1130758/0001326321-11-000003.txt
DRAVCO MINING INC,0001130808,10-K,2011-02-07,edgar/data/1130808/0001002014-11-000042.txt
HITTITE MICROWAVE CORP,0001130866,10-K,2011-02-28,edgar/data/1130866/0001047469-11-001536.txt
"Lightyear Network Solutions, Inc.",0001130888,10-K,2011-03-30,edgar/data/1130888/0001144204-11-018412.txt
CANCER CAPITAL CORP,0001130889,10-K,2011-03-11,edgar/data/1130889/0001023175-11-000111.txt
ATHENAHEALTH INC,0001131096,10-K,2011-02-18,edgar/data/1131096/0000950123-11-015706.txt
HORNBECK OFFSHORE SERVICES INC /LA,0001131227,10-K,2011-03-16,edgar/data/1131227/0001193125-11-068578.txt
ZION OIL & GAS INC,0001131312,10-K,2011-03-16,edgar/data/1131312/0001144204-11-015330.txt
GENOMIC HEALTH INC,0001131324,10-K,2011-03-11,edgar/data/1131324/0000950123-11-024832.txt
SYNCHRONOSS TECHNOLOGIES INC,0001131554,10-K,2011-03-04,edgar/data/1131554/0000950123-11-022210.txt
"HASCO Medical, Inc.",0001131675,10-K,2011-03-30,edgar/data/1131675/0001161697-11-000274.txt
SPECTRAL CAPITAL Corp,0001131903,10-K,2011-02-24,edgar/data/1131903/0001096906-11-000397.txt
"MICROMET, INC.",0001131907,10-K,2011-03-04,edgar/data/1131907/0001144204-11-012733.txt
LEGEND INTERNATIONAL HOLDINGS INC,0001132143,10-K,2011-03-15,edgar/data/1132143/0001157523-11-001572.txt
HAN LOGISTICS INC,0001132509,10-K,2011-03-31,edgar/data/1132509/0001010412-11-000126.txt
AMES NATIONAL CORP,0001132651,10-K,2011-03-10,edgar/data/1132651/0001140361-11-015774.txt
UNION DRILLING INC,0001133260,10-K,2011-03-04,edgar/data/1133260/0001193125-11-056040.txt
AMERA LINK INC,0001133266,10-K,2011-03-30,edgar/data/1133266/0001096906-11-000600.txt
TRAVELZOO INC,0001133311,10-K,2011-03-16,edgar/data/1133311/0000950123-11-025992.txt
PRO PHARMACEUTICALS INC,0001133416,10-K,2011-03-15,edgar/data/1133416/0001193125-11-066541.txt
NORTHROP GRUMMAN CORP /DE/,0001133421,10-K,2011-02-09,edgar/data/1133421/0000950123-11-010835.txt
CALAVO GROWERS INC,0001133470,10-K,2011-01-14,edgar/data/1133470/0000950123-11-002615.txt
"TX Holdings, Inc.",0001133798,10-K,2011-01-24,edgar/data/1133798/0001157523-11-000302.txt
BIO-PATH HOLDINGS INC,0001133818,10-K,2011-03-31,edgar/data/1133818/0001144204-11-019245.txt
"Nile Therapeutics, Inc.",0001133869,10-K,2011-03-14,edgar/data/1133869/0001144204-11-014594.txt
MIDWEST GENERATION LLC,0001134016,10-K,2011-02-28,edgar/data/1134016/0001047469-11-001492.txt
TALEO CORP,0001134203,10-K,2011-02-28,edgar/data/1134203/0001193125-11-050238.txt
"BAZI INTERNATIONAL, INC.",0001134765,10-K,2011-03-31,edgar/data/1134765/0001415889-11-000182.txt
KINDER MORGAN MANAGEMENT LLC,0001135017,10-K,2011-02-24,edgar/data/1135017/0001135017-11-000007.txt
FMC TECHNOLOGIES INC,0001135152,10-K,2011-02-28,edgar/data/1135152/0001193125-11-048898.txt
ATLAS AIR WORLDWIDE HOLDINGS INC,0001135185,10-K,2011-02-14,edgar/data/1135185/0000950123-11-013820.txt
EL CAPITAN PRECIOUS METALS INC,0001135202,10-K,2011-01-13,edgar/data/1135202/0001076542-11-000003.txt
"ROCKWALL HOLDINGS, INC.",0001135263,10-K,2011-01-03,edgar/data/1135263/0001019687-11-000011.txt
AMEREN ENERGY GENERATING CO,0001135361,10-K,2011-02-24,edgar/data/1135361/0001193125-11-044880.txt
NETLOGIC MICROSYSTEMS INC,0001135711,10-K,2011-02-16,edgar/data/1135711/0001135711-11-000004.txt
Zalicus Inc.,0001135906,10-K,2011-03-10,edgar/data/1135906/0001193125-11-061680.txt
PEPCO HOLDINGS INC,0001135971,10-K,2011-02-25,edgar/data/1135971/0001193125-11-046310.txt
"CATASYS, INC.",0001136174,10-K,2011-03-31,edgar/data/1136174/0001140361-11-019810.txt
GLOBAL POWER EQUIPMENT GROUP INC.,0001136294,10-K,2011-03-22,edgar/data/1136294/0001193125-11-072780.txt
FIRST CORP /CN/,0001136463,10-K,2011-01-13,edgar/data/1136463/0001144204-11-002051.txt
MEWBOURNE ENERGY PARTNERS 01-A LP,0001136529,10-K,2011-03-31,edgar/data/1136529/0001193125-11-083752.txt
ZIMMER HOLDINGS INC,0001136869,10-K,2011-02-25,edgar/data/1136869/0000950123-11-018592.txt
"Fidelity National Information Services, Inc.",0001136893,10-K,2011-02-25,edgar/data/1136893/0000950123-11-018522.txt
MEWBOURNE ENERGY PARTNERS 02-A LP,0001136933,10-K,2011-03-31,edgar/data/1136933/0001193125-11-083564.txt
SOUTHERN CONNECTICUT BANCORP INC,0001137046,10-K,2011-03-28,edgar/data/1137046/0000950159-11-000212.txt
FORMAT INC,0001137091,10-K,2011-03-28,edgar/data/1137091/0001437749-11-001786.txt
"Immunotech Laboratories, Inc.",0001137117,10-K,2011-01-05,edgar/data/1137117/0001017386-11-000003.txt
"GLOBAL PARI-MUTUEL SERVICES, INC.",0001137417,10-K,2011-03-18,edgar/data/1137417/0000921895-11-000552.txt
PRUDENTIAL FINANCIAL INC,0001137774,10-K,2011-02-25,edgar/data/1137774/0001193125-11-047467.txt
PACIFIC GOLD CORP,0001137855,10-K,2011-03-21,edgar/data/1137855/0001158957-11-000063.txt
WRIGHT MEDICAL GROUP INC,0001137861,10-K,2011-02-11,edgar/data/1137861/0000950123-11-012140.txt
BRAINSTORM CELL THERAPEUTICS INC,0001137883,10-K,2011-03-31,edgar/data/1137883/0001144204-11-018823.txt
CB RICHARD ELLIS GROUP INC,0001138118,10-K,2011-03-01,edgar/data/1138118/0001193125-11-051618.txt
"GENON MID-ATLANTIC, LLC",0001138258,10-K,2011-03-01,edgar/data/1138258/0000950123-11-020718.txt
CORPORATE PROPERTY ASSOCIATES 15 INC,0001138301,10-K,2011-03-31,edgar/data/1138301/0000950123-11-031609.txt
"BIOMIMETIC THERAPEUTICS, INC.",0001138400,10-K,2011-03-10,edgar/data/1138400/0001144204-11-014030.txt
PACIFIC HEALTH CARE ORGANIZATION INC,0001138476,10-K,2011-03-31,edgar/data/1138476/0001140377-11-000020.txt
INFINERA CORP,0001138639,10-K,2011-03-01,edgar/data/1138639/0001193125-11-052376.txt
MERRILL LYNCH DEPOSITOR INC PREFERREDPLUS TRUST SERIES CCR-1,0001138682,10-K,2011-03-28,edgar/data/1138682/0001174947-11-000134.txt
"China Stationery & Office Supply, Inc.",0001138724,10-K,2011-03-28,edgar/data/1138724/0001014897-11-000043.txt
AUTHENTEC INC,0001138830,10-K,2011-03-17,edgar/data/1138830/0001437749-11-001582.txt
LEAPFROG ENTERPRISES INC,0001138951,10-K,2011-02-22,edgar/data/1138951/0001193125-11-042340.txt
TURBINE TRUCK ENGINES INC,0001138978,10-K,2011-03-31,edgar/data/1138978/0001193125-11-084261.txt
WFN CREDIT CO LLC,0001139552,10-K,2011-03-31,edgar/data/1139552/0000950123-11-031445.txt
MB FINANCIAL INC /MD,0001139812,10-K,2011-02-08,edgar/data/1139812/0001139812-11-000004.txt
"Talon Therapeutics, Inc.",0001140028,10-K,2011-03-28,edgar/data/1140028/0001144204-11-017382.txt
WORLD FINANCIAL NETWORK CREDIT CARD MASTER TRUST,0001140096,10-K,2011-03-31,edgar/data/1140096/0000950123-11-031445.txt
"ADVANCED CELL TECHNOLOGY, INC.",0001140098,10-K,2011-03-17,edgar/data/1140098/0001013762-11-000631.txt
"Command Center, Inc.",0001140102,10-K,2011-03-16,edgar/data/1140102/0001140102-11-000004.txt
IPAYMENT INC,0001140184,10-K,2011-03-21,edgar/data/1140184/0000950123-11-027052.txt
REEDS INC,0001140215,10-K,2011-03-22,edgar/data/1140215/0001019687-11-000925.txt
"MEDICAL CONNECTIONS HOLDINGS, INC.",0001140303,10-K,2011-03-31,edgar/data/1140303/0001354488-11-001033.txt
"Legend Oil & Gas, Ltd.",0001140414,10-K,2011-03-31,edgar/data/1140414/0001300964-11-000053.txt
ATHEROS COMMUNICATIONS INC,0001140486,10-K,2011-02-11,edgar/data/1140486/0001193125-11-031110.txt
TIDEWATER FUTURES FUND LP,0001140509,10-K,2011-03-31,edgar/data/1140509/0000950123-11-031421.txt
WILLIS GROUP HOLDINGS PLC,0001140536,10-K,2011-02-28,edgar/data/1140536/0000950123-11-019018.txt
HUNTINGTON PREFERRED CAPITAL INC,0001140657,10-K,2011-03-14,edgar/data/1140657/0001144204-11-014621.txt
GENON AMERICAS GENERATION LLC,0001140761,10-K,2011-03-01,edgar/data/1140761/0000950123-11-020718.txt
CROSS COUNTRY HEALTHCARE INC,0001141103,10-K,2011-03-11,edgar/data/1141103/0001116502-11-000001.txt
ARRIS GROUP INC,0001141107,10-K,2011-02-25,edgar/data/1141107/0000950123-11-018362.txt
LIQUIDMETAL TECHNOLOGIES INC,0001141240,10-K,2011-03-15,edgar/data/1141240/0001140361-11-016889.txt
MCG CAPITAL CORP,0001141299,10-K,2011-03-04,edgar/data/1141299/0001193125-11-056023.txt
MS STRUCTURED SATURNS SERIES 2001-4,0001141390,10-K,2011-03-31,edgar/data/1141390/0000903423-11-000167.txt
MASTERCARD INC,0001141391,10-K,2011-02-24,edgar/data/1141391/0001193125-11-044721.txt
COMMONWEALTH INCOME & GROWTH FUND IV,0001141615,10-K,2011-03-31,edgar/data/1141615/0001141615-11-000002.txt
LANDMARK BANCORP INC,0001141688,10-K,2011-03-17,edgar/data/1141688/0001144204-11-015628.txt
ALTERRA CAPITAL HOLDINGS Ltd,0001141719,10-K,2011-02-25,edgar/data/1141719/0001193125-11-045694.txt
HEALTH DISCOVERY CORP,0001141788,10-K,2011-03-31,edgar/data/1141788/0001188112-11-000819.txt
1ST CONSTITUTION BANCORP,0001141807,10-K,2011-03-23,edgar/data/1141807/0001214659-11-000973.txt
Cooper Industries plc,0001141982,10-K,2011-02-22,edgar/data/1141982/0000950123-11-016589.txt
CALLISTO PHARMACEUTICALS INC,0001142380,10-K,2011-03-31,edgar/data/1142380/0001047469-11-003003.txt
MISSION BROADCASTING INC,0001142412,10-K,2011-03-16,edgar/data/1142412/0001142417-11-000019.txt
NEXSTAR BROADCASTING GROUP INC,0001142417,10-K,2011-03-16,edgar/data/1142417/0001142417-11-000018.txt
ZIPREALTY INC,0001142512,10-K,2011-03-09,edgar/data/1142512/0001193125-11-060969.txt
OPTIMER PHARMACEUTICALS INC,0001142576,10-K,2011-03-10,edgar/data/1142576/0001104659-11-013601.txt
NUVASIVE INC,0001142596,10-K,2011-02-25,edgar/data/1142596/0000950123-11-018857.txt
UNITED ONLINE INC,0001142701,10-K,2011-02-28,edgar/data/1142701/0001047469-11-001459.txt
AMN HEALTHCARE SERVICES INC,0001142750,10-K,2011-03-11,edgar/data/1142750/0001193125-11-062637.txt
GREAT PLAINS ENERGY INC,0001143068,10-K,2011-02-25,edgar/data/1143068/0001143068-11-000010.txt
HAMPTON ROADS BANKSHARES INC,0001143155,10-K,2011-03-23,edgar/data/1143155/0001193125-11-075319.txt
GLOBETRAC INC,0001143238,10-K,2011-03-31,edgar/data/1143238/0001437749-11-001894.txt
MERRILL LYNCH DEPOSITOR INC PREFERREDPLUS TRUST SERIES FRD 1,0001143716,10-K,2011-03-28,edgar/data/1143716/0001174947-11-000141.txt
FIRST REPUBLIC PREFERRED CAPITAL CORP,0001143834,10-K,2011-03-30,edgar/data/1143834/0001193125-11-082849.txt
CRESCENT FINANCIAL CORP,0001143921,10-K,2011-03-29,edgar/data/1143921/0001144204-11-017898.txt
NEW ENERGY SYSTEMS GROUP,0001144320,10-K,2011-03-28,edgar/data/1144320/0001013762-11-000729.txt
APPLETON PAPERS INC/WI,0001144326,10-K,2011-03-11,edgar/data/1144326/0001144326-11-000003.txt
HEARTLAND PAYMENT SYSTEMS INC,0001144354,10-K,2011-03-10,edgar/data/1144354/0001193125-11-062180.txt
MS STRUCTURED SATURNS SERIES 2001-6,0001144476,10-K,2011-03-31,edgar/data/1144476/0000903423-11-000168.txt
BEAR STEARNS DEPOSITOR INC TRUST CERTIFICATE SERIES 2001-2,0001144503,10-K,2011-03-30,edgar/data/1144503/0000905148-11-000746.txt
Bunge LTD,0001144519,10-K,2011-03-01,edgar/data/1144519/0001047469-11-001636.txt
KAISER VENTURES LLC,0001144834,10-K,2011-03-23,edgar/data/1144834/0001193125-11-075060.txt
PENN VIRGINIA RESOURCE PARTNERS L P,0001144945,10-K,2011-02-24,edgar/data/1144945/0001193125-11-044914.txt
ASBURY AUTOMOTIVE GROUP INC,0001144980,10-K,2011-02-28,edgar/data/1144980/0001144980-11-000043.txt
INSULET CORP,0001145197,10-K,2011-03-10,edgar/data/1145197/0000950123-11-024185.txt
"GeNOsys, Inc.",0001145328,10-K,2011-03-15,edgar/data/1145328/0001010412-11-000100.txt
CORNERSTONE THERAPEUTICS INC,0001145404,10-K,2011-03-03,edgar/data/1145404/0000950123-11-021508.txt
ALERE INC.,0001145460,10-K,2011-03-01,edgar/data/1145460/0000950123-11-020527.txt
GREER BANCSHARES INC,0001145547,10-K,2011-03-31,edgar/data/1145547/0001193125-11-085074.txt
"U.S. China Mining Group, Inc.",0001145761,10-K,2011-03-31,edgar/data/1145761/0001214659-11-001072.txt
GLOBAL MACRO TRUST,0001145765,10-K,2011-03-30,edgar/data/1145765/0001144204-11-018324.txt
BERKLEY W R CORP,0000011544,10-K,2011-02-28,edgar/data/11544/0000950123-11-019708.txt
"WELLPOINT, INC",0001156039,10-K,2011-02-17,edgar/data/1156039/0001193125-11-039172.txt
HOUSTON AMERICAN ENERGY CORP,0001156041,10-K,2011-03-15,edgar/data/1156041/0001140361-11-016532.txt
LAKE AREA CORN PROCESSORS LLC,0001156174,10-K,2011-03-30,edgar/data/1156174/0001156174-11-000002.txt
CME GROUP INC.,0001156375,10-K,2011-02-28,edgar/data/1156375/0001193125-11-050252.txt
BIG 5 SPORTING GOODS CORP,0001156388,10-K,2011-03-02,edgar/data/1156388/0000950123-11-021261.txt
INTELSAT S.A.,0001156871,10-K,2011-03-08,edgar/data/1156871/0001193125-11-059053.txt
AMERICAN FIRST FINANCIAL INC,0001156884,10-K,2011-01-14,edgar/data/1156884/0001079974-11-000022.txt
"GeoBio Energy, Inc.",0001157004,10-K,2011-01-13,edgar/data/1157004/0001300964-11-000012.txt
ATLAS AMERICA PUBLIC  NO 10 LTD,0001157516,10-K,2011-03-30,edgar/data/1157516/0000950123-11-030652.txt
ICON INCOME FUND NINE LLC,0001157522,10-K,2011-03-28,edgar/data/1157522/0000947986-11-000034.txt
SYNTA PHARMACEUTICALS CORP,0001157601,10-K,2011-03-11,edgar/data/1157601/0001047469-11-002010.txt
MERRILL LYNCH DEPOSITOR INC PREFERREDPLUS TRUST SERIES LMG-1,0001157646,10-K,2011-03-28,edgar/data/1157646/0001174947-11-000147.txt
WESTFIELD FINANCIAL INC,0001157647,10-K,2011-03-14,edgar/data/1157647/0001157523-11-001562.txt
CYCLE COUNTRY ACCESSORIES CORP,0001157758,10-K,2011-01-18,edgar/data/1157758/0001104659-11-001739.txt
MERRILL LYNCH DEPOSITOR INC PREFERREDPLUS TRUST SER CZN 1,0001157987,10-K,2011-03-28,edgar/data/1157987/0001174947-11-000137.txt
"COMSCORE, INC.",0001158172,10-K,2011-03-15,edgar/data/1158172/0000950123-11-025611.txt
AFFYMAX INC,0001158223,10-K,2011-03-11,edgar/data/1158223/0001047469-11-001996.txt
COGENT COMMUNICATIONS GROUP INC,0001158324,10-K,2011-02-28,edgar/data/1158324/0001047469-11-001528.txt
VISCOUNT SYSTEMS INC,0001158387,10-K,2011-03-21,edgar/data/1158387/0001062993-11-001071.txt
SPEEDEMISSIONS INC,0001158419,10-K,2011-03-31,edgar/data/1158419/0001193125-11-084831.txt
ADVANCE AUTO PARTS INC,0001158449,10-K,2011-03-01,edgar/data/1158449/0001158449-11-000008.txt
JETBLUE AIRWAYS CORP,0001158463,10-K,2011-02-25,edgar/data/1158463/0000950123-11-018216.txt
PSEG POWER LLC,0001158659,10-K,2011-02-25,edgar/data/1158659/0001193125-11-047330.txt
"Standard Drilling, Inc.",0001158694,10-K,2011-03-31,edgar/data/1158694/0001432093-11-000162.txt
"DIGUANG INTERNATIONAL DEVELOPMENT CO., LTD.",0001158722,10-K,2011-03-31,edgar/data/1158722/0001144204-11-018697.txt
LEMAITRE VASCULAR INC,0001158895,10-K,2011-03-30,edgar/data/1158895/0001193125-11-082920.txt
HALOZYME THERAPEUTICS INC,0001159036,10-K,2011-03-11,edgar/data/1159036/0000950123-11-024465.txt
REPUBLIC AIRWAYS HOLDINGS INC,0001159154,10-K,2011-03-15,edgar/data/1159154/0001159154-11-000006.txt
IROBOT CORP,0001159167,10-K,2011-02-18,edgar/data/1159167/0000950123-11-015565.txt
FIVE STAR QUALITY CARE INC,0001159281,10-K,2011-02-23,edgar/data/1159281/0001047469-11-001188.txt
MEADWESTVACO Corp,0001159297,10-K,2011-02-28,edgar/data/1159297/0001193125-11-049448.txt
SOUTHERN COMMUNITY FINANCIAL CORP,0001159427,10-K,2011-03-24,edgar/data/1159427/0001144204-11-016873.txt
MERRILL LYNCH DEPOSITOR INC PREFERREDPLUS TRUST SER QWS- 1,0001159999,10-K,2011-03-28,edgar/data/1159999/0001174947-11-000148.txt
"InterMetro Communications, Inc.",0001160142,10-K,2011-03-30,edgar/data/1160142/0001185185-11-000386.txt
ADVENTRX PHARMACEUTICALS INC,0001160308,10-K,2011-03-10,edgar/data/1160308/0000950123-11-024172.txt
SOUTHERN POWER CO,0001160661,10-K,2011-02-25,edgar/data/1160661/0000092122-11-000013.txt
GOLD RESOURCE CORP,0001160791,10-K,2011-03-15,edgar/data/1160791/0001079973-11-000188.txt
TRUE RELIGION APPAREL INC,0001160858,10-K,2011-03-14,edgar/data/1160858/0001047469-11-002092.txt
MERRILL LYNCH DEPOSITOR PREFERREDPLUS TRUST SERIES CTR 1,0001160865,10-K,2011-03-28,edgar/data/1160865/0001174947-11-000136.txt
NOVA STAR INNOVATIONS INC,0001160945,10-K,2011-03-22,edgar/data/1160945/0001023175-11-000133.txt
INPHI Corp,0001160958,10-K,2011-03-07,edgar/data/1160958/0001193125-11-056594.txt
SUNOCO LOGISTICS PARTNERS L.P.,0001161154,10-K,2011-02-23,edgar/data/1161154/0001193125-11-043545.txt
MEDIACOM  BROADBAND LLC,0001161364,10-K,2011-03-17,edgar/data/1161364/0000950123-11-026239.txt
MEDIACOM  BROADBAND CORP,0001161366,10-K,2011-03-17,edgar/data/1161366/0000950123-11-026239.txt
"OmniaLuo, Inc.",0001161550,10-K,2011-03-31,edgar/data/1161550/0001144204-11-019281.txt
CATALYST LIGHTING GROUP INC,0001161582,10-K,2011-02-02,edgar/data/1161582/0001308411-11-000014.txt
MGE ENERGY INC,0001161728,10-K,2011-02-24,edgar/data/1161728/0001161728-11-000005.txt
PPL ENERGY SUPPLY LLC,0001161976,10-K,2011-02-28,edgar/data/1161976/0000922224-11-000029.txt
"OneBeacon U.S. Holdings, Inc.",0001162000,10-K,2011-03-16,edgar/data/1162000/0001104659-11-014850.txt
"RigNet, Inc.",0001162112,10-K,2011-03-30,edgar/data/1162112/0000950123-11-030551.txt
FLUIDIGM CORP,0001162194,10-K,2011-03-28,edgar/data/1162194/0001193125-11-078412.txt
MORGAN GROUP HOLDING CO,0001162283,10-K,2011-03-02,edgar/data/1162283/0001157523-11-001311.txt
AMBASSADORS GROUP INC,0001162315,10-K,2011-03-11,edgar/data/1162315/0001162315-11-000016.txt
URANERZ ENERGY CORP.,0001162324,10-K,2011-03-15,edgar/data/1162324/0001062993-11-000978.txt
CUTERA INC,0001162461,10-K,2011-03-15,edgar/data/1162461/0001162461-11-000013.txt
DOVER DOWNS GAMING & ENTERTAINMENT INC,0001162556,10-K,2011-03-04,edgar/data/1162556/0001104659-11-012438.txt
CNB BANCORP INC/VA,0001162638,10-K,2011-03-31,edgar/data/1162638/0001193125-11-084024.txt
"Puda Coal, Inc.",0001162747,10-K,2011-03-16,edgar/data/1162747/0001144204-11-015305.txt
"NEAH POWER SYSTEMS, INC.",0001162816,10-K,2011-01-13,edgar/data/1162816/0001144204-11-002180.txt
MERRILL LYNCH DEPOSITOR INC PREFERREDPLUS TRUST SERIES LMG-2,0001162898,10-K,2011-03-28,edgar/data/1162898/0001174947-11-000130.txt
CONOCOPHILLIPS,0001163165,10-K,2011-02-23,edgar/data/1163165/0000950123-11-016957.txt
FNB BANCORP/CA/,0001163199,10-K,2011-03-28,edgar/data/1163199/0001019056-11-000364.txt
RAPTOR NETWORKS TECHNOLOGY INC,0001163300,10-K,2011-03-15,edgar/data/1163300/0001019687-11-000858.txt
UNITED STATES STEEL CORP,0001163302,10-K,2011-02-22,edgar/data/1163302/0001193125-11-042228.txt
CAPITAL ONE MULTI ASSET EXECUTION TRUST,0001163321,10-K,2011-03-31,edgar/data/1163321/0001193125-11-085136.txt
VERTICAL HEALTH SOLUTIONS INC,0001163332,10-K,2011-03-16,edgar/data/1163332/0001193125-11-068692.txt
"Allied World Assurance Co Holdings, AG",0001163348,10-K,2011-03-01,edgar/data/1163348/0000950123-11-020716.txt
NORTHRIM BANCORP INC,0001163370,10-K,2011-03-15,edgar/data/1163370/0000950123-11-025633.txt
NEW PEOPLES BANKSHARES INC,0001163389,10-K,2011-03-16,edgar/data/1163389/0001193125-11-068852.txt
MERRILL LYNCH DEPOSITOR INC PREFERREDPLUS TRUST SERIES ALL-1,0001163406,10-K,2011-03-28,edgar/data/1163406/0001174947-11-000133.txt
MERRILL LYNCH DEPOSITOR INC PREFERREDPLUS TRUST SERIES QWS-2,0001163519,10-K,2011-03-28,edgar/data/1163519/0001174947-11-000149.txt
"ProText Mobility, Inc.",0001163573,10-K,2011-03-31,edgar/data/1163573/0001144204-11-019010.txt
SOUTH DAKOTA SOYBEAN PROCESSORS LLC,0001163609,10-K,2011-03-30,edgar/data/1163609/0001144204-11-018378.txt
PACIFIC VEGAS GLOBAL STRATEGIES INC,0001163612,10-K,2011-03-31,edgar/data/1163612/0001104659-11-017898.txt
SOUNDBITE COMMUNICATIONS INC,0001163698,10-K,2011-03-01,edgar/data/1163698/0000950123-11-020728.txt
NABORS INDUSTRIES LTD,0001163739,10-K,2011-03-01,edgar/data/1163739/0000950123-11-020720.txt
G REIT Liquidating Trust,0001164246,10-K,2011-03-31,edgar/data/1164246/0000950123-11-031478.txt
"Green Energy Management Services Holdings, Inc.",0001164552,10-K,2011-03-31,edgar/data/1164552/0001140361-11-019801.txt
NEWMONT MINING CORP /DE/,0001164727,10-K,2011-02-24,edgar/data/1164727/0000950123-11-017350.txt
"ENPRO INDUSTRIES, INC",0001164863,10-K,2011-03-15,edgar/data/1164863/0000950123-11-025599.txt
WESTWOOD HOLDINGS GROUP INC,0001165002,10-K,2011-02-25,edgar/data/1165002/0001193125-11-047683.txt
PROCERA NETWORKS INC,0001165231,10-K,2011-03-16,edgar/data/1165231/0001140361-11-016947.txt
"NX Global, Inc",0001165336,10-K,2011-03-11,edgar/data/1165336/0001193125-11-064109.txt
MONTPELIER RE HOLDINGS LTD,0001165880,10-K,2011-02-25,edgar/data/1165880/0001104659-11-009995.txt
LAW ENFORCEMENT ASSOCIATES CORP,0001165921,10-K,2011-03-31,edgar/data/1165921/0001193125-11-084150.txt
EXPRESS-1 EXPEDITED SOLUTIONS INC,0001166003,10-K,2011-03-25,edgar/data/1166003/0001437749-11-001752.txt
MARKWEST ENERGY PARTNERS L P,0001166036,10-K,2011-02-28,edgar/data/1166036/0001047469-11-001544.txt
J C PENNEY CO INC,0001166126,10-K,2011-03-29,edgar/data/1166126/0001193125-11-081412.txt
PINNACLE AIRLINES CORP,0001166291,10-K,2011-02-28,edgar/data/1166291/0001166291-11-000008.txt
IRELAND INC.,0001166338,10-K,2011-03-30,edgar/data/1166338/0001062993-11-001226.txt
PAPERWEIGHT DEVELOPMENT CORP,0001166365,10-K,2011-03-11,edgar/data/1166365/0001144326-11-000003.txt
COMCAST CORP,0001166691,10-K,2011-02-25,edgar/data/1166691/0001193125-11-047243.txt
LIN TV CORP.,0001166789,10-K,2011-03-16,edgar/data/1166789/0001047469-11-002235.txt
DELTA OIL & GAS INC,0001166847,10-K,2011-03-31,edgar/data/1166847/0001117768-11-000178.txt
WEST BANCORPORATION INC,0001166928,10-K,2011-03-11,edgar/data/1166928/0001166928-11-000011.txt
"A123 SYSTEMS, INC.",0001167178,10-K,2011-03-11,edgar/data/1167178/0001047469-11-002034.txt
MERU NETWORKS INC,0001167294,10-K,2011-03-11,edgar/data/1167294/0001193125-11-064217.txt
CIMAREX ENERGY CO,0001168054,10-K,2011-02-25,edgar/data/1168054/0001047469-11-001364.txt
EXELON GENERATION CO LLC,0001168165,10-K,2011-02-10,edgar/data/1168165/0001193125-11-030543.txt
SOURCEFIRE INC,0001168195,10-K,2011-03-11,edgar/data/1168195/0000950123-11-024787.txt
AEROPOSTALE INC,0001168213,10-K,2011-03-28,edgar/data/1168213/0001168213-11-000019.txt
ULURU INC.,0001168220,10-K,2011-03-31,edgar/data/1168220/0001168220-11-000014.txt
PLUMAS BANCORP,0001168455,10-K,2011-03-23,edgar/data/1168455/0000950123-11-028159.txt
TIENS BIOTECH GROUP USA INC,0001168556,10-K,2011-03-31,edgar/data/1168556/0001144204-11-019093.txt
REGAL ENTERTAINMENT GROUP,0001168696,10-K,2011-02-28,edgar/data/1168696/0001047469-11-001535.txt
"SUPERFUND GREEN, L.P.",0001168990,10-K,2011-03-31,edgar/data/1168990/0000950123-11-031408.txt
NOBLE CORP,0001169055,10-K,2011-02-25,edgar/data/1169055/0000950123-11-018607.txt
LEASE EQUITY APPRECIATION FUND I LP,0001169083,10-K,2011-03-31,edgar/data/1169083/0001140361-11-019737.txt
MERRILL LYNCH DEPOSITOR INC PREFERREDPLUS TRUST SERIES ELP 1,0001169356,10-K,2011-03-28,edgar/data/1169356/0001174947-11-000124.txt
COMPUTER PROGRAMS & SYSTEMS INC,0001169445,10-K,2011-03-07,edgar/data/1169445/0001193125-11-057572.txt
MORGAN STANLEY SMITH BARNEY CHARTER CAMPBELL LP,0001169749,10-K,2011-03-29,edgar/data/1169749/0001169749-11-000002.txt
FIRST PACTRUST BANCORP INC,0001169770,10-K,2011-02-25,edgar/data/1169770/0001193125-11-047390.txt
BEAR STEARNS DEPOSITOR INC TRUST CERTS SER 2002 1,0001170024,10-K,2011-03-30,edgar/data/1170024/0000905148-11-000742.txt
GASTAR EXPLORATION LTD,0001170154,10-K,2011-03-10,edgar/data/1170154/0001193125-11-062378.txt
HSBC PRIVATE LABEL CREDIT CARD MASTER NOTE TRUST (USA) I,0001170380,10-K,2011-03-30,edgar/data/1170380/0001170380-11-000006.txt
PRIMUS GUARANTY LTD,0001170593,10-K,2011-03-31,edgar/data/1170593/0000950123-11-031492.txt
MEDCO HEALTH SOLUTIONS INC,0001170650,10-K,2011-02-22,edgar/data/1170650/0000950123-11-016534.txt
MEWBOURNE ENERGY PARTNERS 03-A LP,0001170797,10-K,2011-03-31,edgar/data/1170797/0001193125-11-083470.txt
"EAU TECHNOLOGIES, INC.",0001170816,10-K,2011-03-31,edgar/data/1170816/0001144204-11-018672.txt
DCT Industrial Trust Inc.,0001170991,10-K,2011-02-25,edgar/data/1170991/0001193125-11-047466.txt
UHF Inc,0001171008,10-K,2011-03-29,edgar/data/1171008/0001144204-11-017936.txt
Uni-Pixel,0001171012,10-K,2011-03-10,edgar/data/1171012/0001185185-11-000273.txt
COSI INC,0001171014,10-K,2011-03-28,edgar/data/1171014/0001104659-11-017133.txt
FIRST NATIONAL FUNDING LLC,0001171040,10-K,2011-03-29,edgar/data/1171040/0000950123-11-030116.txt
SILVER LEGACY CAPITAL CORP,0001171078,10-K,2011-03-31,edgar/data/1171078/0001193125-11-084737.txt
CIRCUS & ELDORADO JOINT VENTURE,0001171079,10-K,2011-03-31,edgar/data/1171079/0001193125-11-084737.txt
LEHMAN ABS CORP KINDER MORGAN DEBEN BACKED SER 2002-6,0001171106,10-K,2011-03-31,edgar/data/1171106/0001193125-11-084988.txt
SOLTA MEDICAL INC,0001171298,10-K,2011-03-16,edgar/data/1171298/0001193125-11-068836.txt
NATURAL RESOURCE PARTNERS LP,0001171486,10-K,2011-02-28,edgar/data/1171486/0000950123-11-019405.txt
PLATINUM UNDERWRITERS HOLDINGS LTD,0001171500,10-K,2011-02-18,edgar/data/1171500/0001171500-11-000006.txt
TRIPLE-S MANAGEMENT CORP,0001171662,10-K,2011-03-09,edgar/data/1171662/0000950123-11-023638.txt
ASIA GLOBAL HOLDINGS CORP.,0001171689,10-K,2011-01-11,edgar/data/1171689/0001144204-11-001694.txt
RED ROBIN GOURMET BURGERS INC,0001171759,10-K,2011-02-25,edgar/data/1171759/0001047469-11-001429.txt
CIT GROUP INC,0001171825,10-K,2011-03-10,edgar/data/1171825/0000891092-11-001682.txt
SAFETY INSURANCE GROUP INC,0001172052,10-K,2011-03-14,edgar/data/1172052/0001047469-11-002107.txt
FIRST RELIANCE BANCSHARES INC,0001172102,10-K,2011-03-29,edgar/data/1172102/0001144204-11-018033.txt
BILL BARRETT CORP,0001172139,10-K,2011-02-23,edgar/data/1172139/0001193125-11-043180.txt
HAWAIIAN HOLDINGS  INC,0001172222,10-K,2011-02-11,edgar/data/1172222/0001047469-11-000806.txt
BOTETOURT BANKSHARES INC,0001172229,10-K,2011-03-29,edgar/data/1172229/0001193125-11-081190.txt
Asia Interactive Media Inc.,0001172318,10-K,2011-03-31,edgar/data/1172318/0001415408-11-000164.txt
DORCHESTER MINERALS LP,0001172358,10-K,2011-02-24,edgar/data/1172358/0001193125-11-045377.txt
SANTARUS INC,0001172480,10-K,2011-03-04,edgar/data/1172480/0000950123-11-021861.txt
"SOLAR3D, INC.",0001172631,10-K,2011-03-31,edgar/data/1172631/0001065949-11-000056.txt
INVISA INC,0001172706,10-K,2011-03-14,edgar/data/1172706/0001214659-11-000856.txt
VCG HOLDING CORP,0001172852,10-K,2011-03-30,edgar/data/1172852/0000950123-11-030479.txt
Ohr Pharmaceutical Inc,0001173281,10-K,2011-01-13,edgar/data/1173281/0001387131-11-000025.txt
JACOBS ENTERTAINMENT INC,0001173284,10-K,2011-03-29,edgar/data/1173284/0001193125-11-081269.txt
"ECOLOGY COATINGS, INC.",0001173313,10-K,2011-01-13,edgar/data/1173313/0001173313-11-000004.txt
GOLDMAN SACHS HEDGE FUND PARTNERS LLC,0001173394,10-K,2011-03-28,edgar/data/1173394/0000950123-11-029791.txt
CEVA INC,0001173489,10-K,2011-03-15,edgar/data/1173489/0000950123-11-025581.txt
CDEX INC,0001173738,10-K,2011-01-31,edgar/data/1173738/0001214659-11-000349.txt
ENBRIDGE ENERGY MANAGEMENT L L C,0001173911,10-K,2011-02-18,edgar/data/1173911/0001193125-11-040485.txt
CITADEL BROADCASTING CORP,0001174527,10-K,2011-03-30,edgar/data/1174527/0001193125-11-083059.txt
LEHMAN ABS CORP NEWS AMERICA DEBENTURE BK SE 2002-9 CL A-1,0001174559,10-K,2011-03-31,edgar/data/1174559/0001193125-11-085129.txt
INTERCONTINENTALEXCHANGE INC,0001174746,10-K,2011-02-09,edgar/data/1174746/0001193125-11-028245.txt
HOTEL OUTSOURCE MANAGEMENT INTERNATIONAL INC,0001174814,10-K,2011-03-30,edgar/data/1174814/0001300110-11-000010.txt
CENTER FINANCIAL CORP,0001174820,10-K,2011-03-04,edgar/data/1174820/0001193125-11-056395.txt
CHASE ISSUANCE TRUST,0001174821,10-K,2011-03-30,edgar/data/1174821/0001193125-11-083099.txt
MIDCAROLINA FINANCIAL CORP,0001174872,10-K,2011-03-15,edgar/data/1174872/0001193125-11-067056.txt
TEXADA VENTURES INC,0001174907,10-K,2011-03-04,edgar/data/1174907/0000912282-11-000107.txt
WYNN RESORTS LTD,0001174922,10-K,2011-03-01,edgar/data/1174922/0001193125-11-050547.txt
LEHMAN ABS CORP CORP BACK TR AIG DEBENTURE BCK SER 2002 10,0001174923,10-K,2011-03-31,edgar/data/1174923/0001193125-11-084501.txt
ORAGENICS INC,0001174940,10-K,2011-03-30,edgar/data/1174940/0001193125-11-082222.txt
ATLAS AMERICA PUBLIC 11-2002 LTD,0001175028,10-K,2011-03-30,edgar/data/1175028/0000950123-11-030661.txt
NORTH STATE BANCORP,0001175029,10-K,2011-03-31,edgar/data/1175029/0001193125-11-084445.txt
ROTECH HEALTHCARE INC,0001175108,10-K,2011-02-28,edgar/data/1175108/0001193125-11-049886.txt
Cytosorbents Corp,0001175151,10-K,2011-03-31,edgar/data/1175151/0001144204-11-018583.txt
FLEETCOR TECHNOLOGIES INC,0001175454,10-K,2011-03-25,edgar/data/1175454/0001193125-11-078175.txt
NEWCASTLE INVESTMENT CORP,0001175483,10-K,2011-03-03,edgar/data/1175483/0001193125-11-054933.txt
Whitestone REIT,0001175535,10-K,2011-03-01,edgar/data/1175535/0001175535-11-000007.txt
"CAVIUM NETWORKS, INC.",0001175609,10-K,2011-02-28,edgar/data/1175609/0001193125-11-050208.txt
"DIVERSEY, INC.",0001175757,10-K,2011-03-17,edgar/data/1175757/0001193125-11-069833.txt
LEHMAN ABS CORP MOTOROLA DEBENTURE BACKED SERIES 2002 12,0001175834,10-K,2011-03-31,edgar/data/1175834/0001193125-11-084505.txt
KRONOS INTERNATIONAL INC,0001176236,10-K,2011-03-07,edgar/data/1176236/0000059255-11-000066.txt
ACCESS NATIONAL CORP,0001176316,10-K,2011-03-29,edgar/data/1176316/0001144204-11-017921.txt
MARTIN MIDSTREAM PARTNERS LP,0001176334,10-K,2011-03-02,edgar/data/1176334/0001140361-11-013485.txt
BEHRINGER HARVARD REIT I INC,0001176373,10-K,2011-03-08,edgar/data/1176373/0001104659-11-013024.txt
ST JOSEPH INC,0001177135,10-K,2011-03-31,edgar/data/1177135/0001085760-11-000018.txt
SYNNEX CORP,0001177394,10-K,2011-02-14,edgar/data/1177394/0001193125-11-034166.txt
SAIA INC,0001177702,10-K,2011-02-25,edgar/data/1177702/0000950123-11-018652.txt
LEHMAN ABS CORP CORPORATE BACKED TRUST CERTS 2002-14,0001177918,10-K,2011-03-31,edgar/data/1177918/0001193125-11-085027.txt
NNN 2002 VALUE FUND LLC,0001178132,10-K,2011-03-04,edgar/data/1178132/0000950123-11-022138.txt
"Pollex, Inc.",0001178377,10-K,2011-03-31,edgar/data/1178377/0001013762-11-000840.txt
MERRILL LYNCH DEPOSITOR INC PREFERREDPLUS TRUST SERIES VER-1,0001178405,10-K,2011-03-28,edgar/data/1178405/0001174947-11-000122.txt
TIDELANDS BANCSHARES INC,0001178409,10-K,2011-03-04,edgar/data/1178409/0001047469-11-001743.txt
"ALNYLAM PHARMACEUTICALS, INC.",0001178670,10-K,2011-02-18,edgar/data/1178670/0000950123-11-015737.txt
Transcept Pharmaceuticals Inc,0001178711,10-K,2011-03-30,edgar/data/1178711/0001193125-11-082981.txt
MACROSOLVE INC,0001178727,10-K,2011-03-11,edgar/data/1178727/0001013762-11-000579.txt
BERKSHIRE INCOME REALTY INC,0001178862,10-K,2011-03-31,edgar/data/1178862/0001178862-11-000011.txt
AMICUS THERAPEUTICS INC,0001178879,10-K,2011-03-04,edgar/data/1178879/0000950123-11-022110.txt
LEHMAN ABS CORP CORPORATE BACKED TRUST CERTS 2002-16,0001178916,10-K,2011-03-31,edgar/data/1178916/0001193125-11-085140.txt
PROVIDENT FINANCIAL SERVICES INC,0001178970,10-K,2011-03-01,edgar/data/1178970/0001193125-11-052348.txt
CROSSTEX ENERGY LP,0001179060,10-K,2011-02-25,edgar/data/1179060/0001047469-11-001355.txt
BEHRINGER HARVARD SHORT TERM OPPORTUNITY FUND I LP,0001179351,10-K,2011-03-31,edgar/data/1179351/0001144204-11-018907.txt
ENDURANCE SPECIALTY HOLDINGS LTD,0001179755,10-K,2011-03-01,edgar/data/1179755/0000950123-11-020635.txt
MOLINA HEALTHCARE INC,0001179929,10-K,2011-03-08,edgar/data/1179929/0000950123-11-023069.txt
HERBALIFE LTD.,0001180262,10-K,2011-02-22,edgar/data/1180262/0000950123-11-016549.txt
WYNN LAS VEGAS LLC,0001180638,10-K,2011-03-01,edgar/data/1180638/0001193125-11-050570.txt
ALLIANCE BANKSHARES CORP,0001181001,10-K,2011-03-31,edgar/data/1181001/0000950123-11-031549.txt
"Granite Falls Energy, LLC",0001181749,10-K,2011-01-26,edgar/data/1181749/0001104659-11-003035.txt
AUXILIUM PHARMACEUTICALS INC,0001182129,10-K,2011-03-01,edgar/data/1182129/0001193125-11-051907.txt
"VOLKSWAGEN AUTO LEASE/LOAN UNDERWRITTEN FUNDING, LLC",0001182534,10-K,2011-03-31,edgar/data/1182534/0000950123-11-031202.txt
GENESIS FINANCIAL INC,0001183082,10-K,2011-03-16,edgar/data/1183082/0001052918-11-000095.txt
NATIONAL FINANCIAL PARTNERS CORP,0001183186,10-K,2011-02-10,edgar/data/1183186/0001193125-11-030641.txt
"SKY PETROLEUM, INC.",0001183276,10-K,2011-03-30,edgar/data/1183276/0000912282-11-000157.txt
THRESHOLD PHARMACEUTICALS INC,0001183765,10-K,2011-03-24,edgar/data/1183765/0001193125-11-076573.txt
AEI INCOME & GROWTH FUND 25 LLC,0001185198,10-K,2011-03-28,edgar/data/1185198/0001326321-11-000002.txt
PORTFOLIO RECOVERY ASSOCIATES INC,0001185348,10-K,2011-02-25,edgar/data/1185348/0000950123-11-018695.txt
ATEL CAPITAL EQUIPMENT FUND X LLC,0001186258,10-K,2011-03-24,edgar/data/1186258/0001144204-11-016809.txt
EXOPACK HOLDING CORP,0001186362,10-K,2011-03-30,edgar/data/1186362/0001186362-11-000006.txt
JOLLEY MARKETING INC,0001187953,10-K,2011-03-31,edgar/data/1187953/0001078782-11-000804.txt
WACHOVIA PREFERRED FUNDING CORP,0001188382,10-K,2011-03-23,edgar/data/1188382/0001193125-11-075149.txt
SOMERSET HILLS BANCORP,0001189396,10-K,2011-03-24,edgar/data/1189396/0000930413-11-002213.txt
INNOVATIVE DESIGNS INC,0001190370,10-K,2011-03-16,edgar/data/1190370/0001144204-11-015215.txt
ARKANOVA ENERGY CORP.,0001191359,10-K,2011-01-12,edgar/data/1191359/0001062993-11-000136.txt
MOD PAC CORP,0001191857,10-K,2011-03-01,edgar/data/1191857/0001437749-11-001181.txt
ONCOR ELECTRIC DELIVERY CO LLC,0001193311,10-K,2011-02-18,edgar/data/1193311/0001193125-11-039703.txt
MERRILL LYNCH DEPOSITOR INC PREFERREDPLUS TRUST SERIES UPC 1,0001195542,10-K,2011-03-28,edgar/data/1195542/0001174947-11-000131.txt
INFINITY PROPERTY & CASUALTY CORP,0001195933,10-K,2011-02-25,edgar/data/1195933/0001193125-11-047183.txt
NEPHROS INC,0001196298,10-K,2011-03-29,edgar/data/1196298/0001144204-11-017998.txt
HMS HOLDINGS CORP,0001196501,10-K,2011-03-01,edgar/data/1196501/0000950123-11-020794.txt
MERRILL LYNCH DEPOSITOR INC PREFERREDPLUS TRUST SERIES FAR-1,0001196707,10-K,2011-03-28,edgar/data/1196707/0001174947-11-000139.txt
WINTON FUTURES FUND LP (US),0001198415,10-K,2011-03-31,edgar/data/1198415/0000905148-11-000771.txt
CODEXIS INC,0001200375,10-K,2011-02-10,edgar/data/1200375/0001193125-11-030827.txt
LEHMAN ABS CORP CORP BACKED TRUST CERTS SER 02 17 CLASS A1,0001200408,10-K,2011-03-31,edgar/data/1200408/0001193125-11-085029.txt
EN2GO INTERNATIONAL INC,0001200528,10-K,2011-01-13,edgar/data/1200528/0001193125-11-007323.txt
CREDIT ONE FINANCIAL INC,0001201135,10-K,2011-03-31,edgar/data/1201135/0001201135-11-000002.txt
MERRILL LYNCH DEPOSITOR INC PREFERREDPLUS TRUST SERIES GEC 1,0001201478,10-K,2011-03-28,edgar/data/1201478/0001174947-11-000142.txt
AMERICAN PUBLIC EDUCATION INC,0001201792,10-K,2011-02-18,edgar/data/1201792/0001157523-11-001005.txt
BROOKFIELD HOMES CORP,0001202157,10-K,2011-03-01,edgar/data/1202157/0000950123-11-020731.txt
GOLFSMITH INTERNATIONAL HOLDINGS INC,0001202273,10-K,2011-02-23,edgar/data/1202273/0001193125-11-043551.txt
BRISTOL MYERS SQUIBB DEBENTURE BACKED SERIES 2002-18,0001202500,10-K,2011-03-31,edgar/data/1202500/0001193125-11-084533.txt
BIONOVO INC,0001203957,10-K,2011-03-16,edgar/data/1203957/0001144204-11-014988.txt
"MPG Office Trust, Inc.",0001204560,10-K,2011-03-16,edgar/data/1204560/0001204560-11-000015.txt
IMAGING3 INC,0001205181,10-K,2011-03-16,edgar/data/1205181/0001065949-11-000047.txt
"AMERICAN POST TENSION, INC.",0001205332,10-K,2011-03-31,edgar/data/1205332/0001374135-11-000014.txt
"CBEYOND, INC.",0001205727,10-K,2011-03-11,edgar/data/1205727/0001193125-11-062546.txt
TEMPUR PEDIC INTERNATIONAL INC,0001206264,10-K,2011-01-31,edgar/data/1206264/0001206264-11-000004.txt
WELLS REAL ESTATE FUND XIV LP,0001206401,10-K,2011-03-22,edgar/data/1206401/0001193125-11-073711.txt
DIGITALGLOBE INC,0001208208,10-K,2011-02-28,edgar/data/1208208/0000950123-11-019769.txt
EPICEPT CORP,0001208261,10-K,2011-03-31,edgar/data/1208261/0000950123-11-031166.txt
Arlington Asset Investment Corp.,0001209028,10-K,2011-02-11,edgar/data/1209028/0001193125-11-032971.txt
TACTICAL DIVERSIFIED FUTURES FUND L.P.,0001209709,10-K,2011-03-31,edgar/data/1209709/0000950123-11-031402.txt
CROSSTEX ENERGY INC,0001209821,10-K,2011-02-25,edgar/data/1209821/0001047469-11-001357.txt
BNC BANCORP,0001210227,10-K,2011-03-15,edgar/data/1210227/0001144204-11-014864.txt
"GAZOO ENERGY GROUP, INC.",0001210536,10-K,2011-03-30,edgar/data/1210536/0001463967-11-000076.txt
"Solar Power, Inc.",0001210618,10-K,2011-03-14,edgar/data/1210618/0000950123-11-025189.txt
HUDSON HIGHLAND GROUP INC,0001210708,10-K,2011-02-23,edgar/data/1210708/0001144204-11-010521.txt
MAYFAIR MINING & MINERALS INC,0001211526,10-K,2011-01-05,edgar/data/1211526/0001019687-11-000040.txt
ADHEREX TECHNOLOGIES INC,0001211583,10-K,2011-03-31,edgar/data/1211583/0001144204-11-019011.txt
STRUCTURED PRODUCTS CORP CORTS TRUST FOR GE CAP CORP,0001211731,10-K,2011-03-28,edgar/data/1211731/0001282695-11-000036.txt
WESTERN ALLIANCE BANCORPORATION,0001212545,10-K,2011-03-07,edgar/data/1212545/0000950123-11-022298.txt
BRINX RESOURCES LTD,0001212641,10-K,2011-02-08,edgar/data/1212641/0000949353-11-000016.txt
NF Energy Saving Corp,0001213660,10-K,2011-03-25,edgar/data/1213660/0001144204-11-017031.txt
AXIS CAPITAL HOLDINGS LTD,0001214816,10-K,2011-02-18,edgar/data/1214816/0001193125-11-040175.txt
NORTEK INC,0001216596,10-K,2011-03-31,edgar/data/1216596/0001216596-11-000005.txt
LEHMAN ABS CORP DUKE CAPITAL NOTE BACKED SERIES 2003-3,0001217013,10-K,2011-03-31,edgar/data/1217013/0001193125-11-085034.txt
MERRILL LYNCH DEPOSITOR INC PPLUS TRUST SERIES VAL 1,0001217035,10-K,2011-03-28,edgar/data/1217035/0001174947-11-000150.txt
DENALI CONCRETE MANAGEMENT INC,0001218683,10-K,2011-03-03,edgar/data/1218683/0001078782-11-000564.txt
LEHMAN ABS CORP HSBC DEBENTURE BACKED SERIES 2003-4,0001219088,10-K,2011-03-31,edgar/data/1219088/0001193125-11-085038.txt
MERRILL LYNCH DEPOSITOR INC PPLUS TRUST SERIES GSG 1,0001219122,10-K,2011-03-28,edgar/data/1219122/0001174947-11-000145.txt
IKANOS COMMUNICATIONS,0001219210,10-K,2011-03-10,edgar/data/1219210/0001193125-11-062419.txt
CROWN HOLDINGS INC,0001219601,10-K,2011-02-28,edgar/data/1219601/0001193125-11-050127.txt
ICON INCOME FUND TEN LLC,0001220606,10-K,2011-03-31,edgar/data/1220606/0000947986-11-000038.txt
PROVIDENCE SERVICE CORP,0001220754,10-K,2011-03-11,edgar/data/1220754/0001193125-11-064256.txt
BIO RAD LABORATORIES INC,0000012208,10-K,2011-02-28,edgar/data/12208/0000012208-11-000016.txt
MERRILL LYNCH DEPOSITOR INC PPLUS TRUST SERIES FMC-1,0001221757,10-K,2011-03-28,edgar/data/1221757/0001174947-11-000140.txt
ProUroCare Medical Inc.,0001222244,10-K,2011-02-15,edgar/data/1222244/0001144204-11-008987.txt
LEHMAN ABS CORP FORD MOTOR CO NOTE BACKED SER 2003-6,0001222584,10-K,2011-03-31,edgar/data/1222584/0001193125-11-085113.txt
INLAND WESTERN RETAIL REAL ESTATE TRUST INC,0001222840,10-K,2011-02-23,edgar/data/1222840/0001222840-11-000008.txt
ADA-ES INC,0001223112,10-K,2011-03-28,edgar/data/1223112/0001193125-11-079807.txt
STRUCTURED OBLIGATIONS CORP SELECT NOTES TRUST LT SER 2003-1,0001223444,10-K,2011-03-24,edgar/data/1223444/0001282695-11-000004.txt
LEHMAN ABS CORP BOEING NOTE BACKED SERIES 2003 7,0001223659,10-K,2011-03-31,edgar/data/1223659/0001193125-11-084964.txt
"NuStar GP Holdings, LLC",0001223786,10-K,2011-02-25,edgar/data/1223786/0001193125-11-047597.txt
SPHERIX INC,0000012239,10-K,2011-03-30,edgar/data/12239/0001104659-11-017670.txt
MARCHEX INC,0001224133,10-K,2011-03-14,edgar/data/1224133/0001193125-11-065921.txt
"CNO Financial Group, Inc.",0001224608,10-K,2011-02-24,edgar/data/1224608/0001224608-11-000009.txt
PDC 2002 B LTD PARTNERSHIP,0001224950,10-K,2011-01-14,edgar/data/1224950/0001140361-11-002998.txt
PDC 2002 D LTD PARTNERSHIP,0001224952,10-K,2011-03-30,edgar/data/1224952/0001140361-11-019398.txt
VSB BANCORP INC,0001225874,10-K,2011-03-15,edgar/data/1225874/0001019056-11-000318.txt
RFS HOLDING LLC,0001226006,10-K,2011-03-28,edgar/data/1226006/0001104659-11-017119.txt
"DTS, INC.",0001226308,10-K,2011-03-03,edgar/data/1226308/0001047469-11-001712.txt
MEDICINOVA INC,0001226616,10-K,2011-03-31,edgar/data/1226616/0001193125-11-085028.txt
NEOPHOTONICS CORP,0001227025,10-K,2011-03-28,edgar/data/1227025/0001193125-11-079923.txt
STRUCTURED OBLIGATIONS CORP SELECT NOTES TRUST LT SER 2003-2,0001227090,10-K,2011-03-24,edgar/data/1227090/0001282695-11-000006.txt
ORION FUTURES FUND LP,0001227265,10-K,2011-03-31,edgar/data/1227265/0000950123-11-031474.txt
AAA CAPITAL ENERGY FUND L.P. II,0001227268,10-K,2011-03-31,edgar/data/1227268/0000950123-11-031379.txt
COMPASS MINERALS INTERNATIONAL INC,0001227654,10-K,2011-02-22,edgar/data/1227654/0001140361-11-011013.txt
ENTROPIC COMMUNICATIONS INC,0001227930,10-K,2011-02-03,edgar/data/1227930/0001193125-11-022911.txt
BCB BANCORP INC,0001228454,10-K,2011-03-31,edgar/data/1228454/0000914317-11-000477.txt
"REXAHN PHARMACEUTICALS, INC.",0001228627,10-K,2011-03-16,edgar/data/1228627/0001140361-11-017219.txt
SURREY BANCORP,0001229146,10-K,2011-03-28,edgar/data/1229146/0001193125-11-079053.txt
"HORNE INTERNATIONAL, INC.",0001229195,10-K,2011-03-24,edgar/data/1229195/0001144204-11-016734.txt
KAANAPALI LAND LLC,0001230058,10-K,2011-03-31,edgar/data/1230058/0000892626-11-000040.txt
PIPER JAFFRAY COMPANIES,0001230245,10-K,2011-02-28,edgar/data/1230245/0000950123-11-019641.txt
TRANS1 INC,0001230355,10-K,2011-03-14,edgar/data/1230355/0000950123-11-025197.txt
JOURNAL COMMUNICATIONS INC,0001232241,10-K,2011-03-04,edgar/data/1232241/0001193125-11-055988.txt
JAZZ PHARMACEUTICALS INC,0001232524,10-K,2011-03-08,edgar/data/1232524/0001193125-11-059362.txt
ASHFORD HOSPITALITY TRUST INC,0001232582,10-K,2011-03-04,edgar/data/1232582/0000950123-11-022284.txt
GLADSTONE COMMERCIAL CORP,0001234006,10-K,2011-03-08,edgar/data/1234006/0000950123-11-023111.txt
DIRECTV FINANCING CO INC,0001234307,10-K,2011-02-28,edgar/data/1234307/0001047469-11-001441.txt
DIRECTV HOLDINGS LLC,0001234308,10-K,2011-02-28,edgar/data/1234308/0001047469-11-001441.txt
ENDOCYTE INC,0001235007,10-K,2011-03-18,edgar/data/1235007/0000950123-11-026709.txt
MOMENTA PHARMACEUTICALS INC,0001235010,10-K,2011-03-10,edgar/data/1235010/0001047469-11-001964.txt
"LEGACY TECHNOLOGY HOLDINGS, INC.",0001235096,10-K,2011-02-10,edgar/data/1235096/0001072588-11-000023.txt
PENINSULA GAMING CORP.,0001235662,10-K,2011-03-11,edgar/data/1235662/0001299109-11-000010.txt
TREY RESOURCES INC,0001236275,10-K,2011-03-29,edgar/data/1236275/0001185185-11-000378.txt
ATLAS AMERICA PUBLIC 12 2003 PROGRAM,0001238289,10-K,2011-03-30,edgar/data/1238289/0000950123-11-030663.txt
GENERAL STEEL HOLDINGS INC,0001239188,10-K,2011-03-16,edgar/data/1239188/0001144204-11-015273.txt
LUNA INNOVATIONS INC,0001239819,10-K,2011-03-31,edgar/data/1239819/0001193125-11-084936.txt
BLACK HILLS POWER INC,0000012400,10-K,2011-03-08,edgar/data/12400/0000012400-11-000007.txt
CAPITALSOURCE INC,0001241199,10-K,2011-02-28,edgar/data/1241199/0000950123-11-019895.txt
M WISE INC,0001242047,10-K,2011-03-31,edgar/data/1242047/0001144204-11-018790.txt
FLATBUSH FEDERAL BANCORP INC,0001243496,10-K,2011-03-28,edgar/data/1243496/0000914317-11-000443.txt
LEHMAN ABS CORP CNA FINANCIAL DEBENTURE BACK SER 03 10,0001243703,10-K,2011-03-31,edgar/data/1243703/0001193125-11-084975.txt
ENERNOC INC,0001244937,10-K,2011-03-01,edgar/data/1244937/0000950123-11-019982.txt
WIRED ASSOCIATES SOLUTIONS INC,0001245841,10-K,2011-01-27,edgar/data/1245841/0001165527-11-000090.txt
CHEVIOT FINANCIAL CORP,0001248124,10-K,2011-03-16,edgar/data/1248124/0001188112-11-000575.txt
CORPORATE PROPERTY ASSOCIATES 16 GLOBAL INC,0001250873,10-K,2011-03-31,edgar/data/1250873/0000950123-11-031015.txt
"LPATH, INC",0001251769,10-K,2011-03-23,edgar/data/1251769/0001193125-11-075092.txt
WELLS REAL ESTATE INVESTMENT TRUST II INC,0001252849,10-K,2011-03-11,edgar/data/1252849/0001193125-11-064171.txt
OLD LINE BANCSHARES INC,0001253317,10-K,2011-03-30,edgar/data/1253317/0000950159-11-000219.txt
COMMONWEALTH INCOME & GROWTH FUND V,0001253347,10-K,2011-03-31,edgar/data/1253347/0001253347-11-000002.txt
ARBOR REALTY TRUST INC,0001253986,10-K,2011-03-04,edgar/data/1253986/0001047469-11-001737.txt
"Debut Broadcasting Corporation, Inc.",0001254371,10-K,2011-03-31,edgar/data/1254371/0001144204-11-019164.txt
MEDASSETS INC,0001254419,10-K,2011-03-01,edgar/data/1254419/0000950123-11-020380.txt
FIRST POTOMAC REALTY TRUST,0001254595,10-K,2011-03-11,edgar/data/1254595/0000950123-11-024252.txt
WHITING PETROLEUM CORP,0001255474,10-K,2011-02-24,edgar/data/1255474/0001255474-11-000004.txt
STRUCTURED OBLIGATIONS CORP LONG TERM CERT SER 2003 3,0001255604,10-K,2011-03-24,edgar/data/1255604/0001282695-11-000008.txt
ARCH WESTERN RESOURCES LLC,0001255895,10-K,2011-03-31,edgar/data/1255895/0000950123-11-031589.txt
WELLS CORE OFFICE INCOME REIT INC,0001256069,10-K,2011-03-28,edgar/data/1256069/0001193125-11-079796.txt
LEHMAN ABS CORP KRAFT FOODS NOTE BACKED SERIES 2003-11,0001256142,10-K,2011-03-31,edgar/data/1256142/0001193125-11-084956.txt
MERRILL LYNCH DEPOSITOR INC PPLUS TRUST SERIES GSG-2,0001256359,10-K,2011-03-28,edgar/data/1256359/0001174947-11-000146.txt
KRONOS WORLDWIDE INC,0001257640,10-K,2011-03-07,edgar/data/1257640/0000059255-11-000067.txt
LEHMAN ABS CORP GOLDMAN SACHS NOTE-BK SER 2003-12,0001258541,10-K,2011-03-31,edgar/data/1258541/0001193125-11-085003.txt
NELNET INC,0001258602,10-K,2011-03-03,edgar/data/1258602/0001437749-11-001250.txt
FREDERICK COUNTY BANCORP INC,0001258831,10-K,2011-02-18,edgar/data/1258831/0001047469-11-001055.txt
TICC Capital Corp.,0001259429,10-K,2011-03-09,edgar/data/1259429/0001193125-11-060884.txt
LOCAL.COM,0001259550,10-K,2011-03-16,edgar/data/1259550/0000950123-11-025985.txt
HYUNDAI ABS FUNDING CORP,0001260125,10-K,2011-03-30,edgar/data/1260125/0001144204-11-018350.txt
HYUNDAI ABS FUNDING CORP,0001260125,10-K,2011-03-30,edgar/data/1260125/0001144204-11-018360.txt
SOUTHERN STAR CENTRAL CORP,0001260349,10-K,2011-03-15,edgar/data/1260349/0001260349-11-000010.txt
PPLUS TRUST SERIES CSF-1,0001260395,10-K,2011-03-28,edgar/data/1260395/0001174947-11-000127.txt
NNN 2003 VALUE FUND LLC,0001260429,10-K,2011-03-18,edgar/data/1260429/0000950123-11-026858.txt
"CHINA SECURITY & SURVEILLANCE TECHNOLOGY, INC.",0001260625,10-K,2011-02-28,edgar/data/1260625/0001204459-11-000517.txt
MARLIN BUSINESS SERVICES CORP,0001260968,10-K,2011-03-16,edgar/data/1260968/0000950123-11-025933.txt
GTX INC /DE/,0001260990,10-K,2011-03-08,edgar/data/1260990/0000950123-11-023113.txt
CNL LIFESTYLE PROPERTIES INC,0001261159,10-K,2011-03-21,edgar/data/1261159/0001193125-11-071451.txt
ROCKWOOD SPECIALTIES GROUP INC,0001261302,10-K,2011-03-10,edgar/data/1261302/0001104659-11-013481.txt
FRONTIER FUND,0001261379,10-K,2011-03-28,edgar/data/1261379/0001193125-11-078420.txt
SUMMIT FINANCIAL SERVICES GROUP INC,0001261436,10-K,2011-03-31,edgar/data/1261436/0001193125-11-084832.txt
TESSERA TECHNOLOGIES INC,0001261694,10-K,2011-02-24,edgar/data/1261694/0001193125-11-043968.txt
CHINACAST EDUCATION CORP,0001261888,10-K,2011-03-16,edgar/data/1261888/0001144204-11-015304.txt
FORTINET INC,0001262039,10-K,2011-02-25,edgar/data/1262039/0001262039-11-000007.txt
DAYSTAR TECHNOLOGIES INC,0001262200,10-K,2011-03-31,edgar/data/1262200/0001193125-11-085148.txt
UCDP FINANCE INC,0001262449,10-K,2011-03-14,edgar/data/1262449/0001193125-11-065644.txt
UNIVERSAL CITY DEVELOPMENT PARTNERS LTD,0001262450,10-K,2011-03-14,edgar/data/1262450/0001193125-11-065644.txt
"DIVERSEY HOLDINGS, INC.",0001262768,10-K,2011-03-17,edgar/data/1262768/0001193125-11-069837.txt
WESTLAKE CHEMICAL CORP,0001262823,10-K,2011-02-24,edgar/data/1262823/0001193125-11-045471.txt
HINES REAL ESTATE INVESTMENT TRUST INC,0001262959,10-K,2011-03-31,edgar/data/1262959/0001262959-11-000022.txt
TRANSAKT LTD.,0001263872,10-K,2011-03-31,edgar/data/1263872/0001062993-11-001235.txt
STRUCTURED OBLIGATIONS CORP LONG TERM CERTS SER 2003-4,0001264157,10-K,2011-03-24,edgar/data/1264157/0001282695-11-000010.txt
ASSET ACCEPTANCE CAPITAL CORP,0001264707,10-K,2011-03-04,edgar/data/1264707/0001193125-11-056381.txt
NEWALLIANCE BANCSHARES INC,0001264755,10-K,2011-03-01,edgar/data/1264755/0000949377-11-000119.txt
Hilltop Holdings Inc.,0001265131,10-K,2011-03-11,edgar/data/1265131/0001104659-11-013833.txt
KONA GRILL INC,0001265572,10-K,2011-03-11,edgar/data/1265572/0001437749-11-001483.txt
"ACE Consulting Management, Inc.",0001265848,10-K,2011-03-04,edgar/data/1265848/0001213900-11-001117.txt
NEUSTAR INC,0001265888,10-K,2011-02-25,edgar/data/1265888/0000950123-11-018814.txt
"Harbin Electric, Inc",0001266719,10-K,2011-03-16,edgar/data/1266719/0001144204-11-015308.txt
LEHMAN ABS CORP BACKED TRUST CERTS SER 2001-8,0001266832,10-K,2011-03-31,edgar/data/1266832/0001193125-11-084951.txt
LEHMAN ABS CORP BACKED TR CERT FED EX CRP NT BCK SE 2001-37,0001266845,10-K,2011-03-31,edgar/data/1266845/0001193125-11-085015.txt
LBI MEDIA HOLDINGS INC,0001267023,10-K,2011-03-07,edgar/data/1267023/0001193125-11-056841.txt
TRW AUTOMOTIVE HOLDINGS CORP,0001267097,10-K,2011-02-17,edgar/data/1267097/0000950123-11-015181.txt
CABELAS INC,0001267130,10-K,2011-02-28,edgar/data/1267130/0001267130-11-000013.txt
"SeaBright Holdings, Inc.",0001267201,10-K,2011-03-14,edgar/data/1267201/0001437749-11-001521.txt
ASSURANT INC,0001267238,10-K,2011-02-23,edgar/data/1267238/0001193125-11-043706.txt
MERRILL LYNCH DEPOSITOR INC INDEXPLUS TRUST SERIES 2003-1,0001267332,10-K,2011-03-28,edgar/data/1267332/0001174947-11-000132.txt
Modern City Entertainment Inc.,0001267391,10-K,2011-03-31,edgar/data/1267391/0001108017-11-000109.txt
ASPEN INSURANCE HOLDINGS LTD,0001267395,10-K,2011-02-25,edgar/data/1267395/0000950123-11-018156.txt
BCTC V ASSIGNOR CORP,0001267426,10-K,2011-03-04,edgar/data/1267426/0001267426-11-000001.txt
ALIMERA SCIENCES INC,0001267602,10-K,2011-03-25,edgar/data/1267602/0000950123-11-029223.txt
LEHMAN ABS CORP BACKED TRUST CERTS SER 2001-27,0001267746,10-K,2011-03-31,edgar/data/1267746/0001193125-11-084955.txt
LEHMAN ABS CORP BCKD TR CRTS FRD MOT CO DB BCK SE 2001-36,0001267750,10-K,2011-03-31,edgar/data/1267750/0001193125-11-084495.txt
LEHMAN ABS CORP BCKD TR CRTS GDYR TR & RUB NT BCK SE 01-34,0001267752,10-K,2011-03-31,edgar/data/1267752/0001193125-11-084961.txt
LEHMAN ABS CORP BCKD TR CRTS TOYS R US DB BCK SE 01-31,0001267753,10-K,2011-03-31,edgar/data/1267753/0001193125-11-085012.txt
LEHMAN ABS CORP BOEING SECURITIES BACK SER 2003 16 CLASS A 1,0001268290,10-K,2011-03-31,edgar/data/1268290/0001193125-11-085124.txt
LEHMAN ABS CORP SPRINT CAPITAL BACK SER 2003 17 CLASS A 1,0001268305,10-K,2011-03-31,edgar/data/1268305/0001193125-11-084998.txt
"PROLOR Biotech, Inc.",0001268659,10-K,2011-03-15,edgar/data/1268659/0001144204-11-014905.txt
TNS INC,0001268671,10-K,2011-03-16,edgar/data/1268671/0001047469-11-002233.txt
REDDY ICE HOLDINGS INC,0001268984,10-K,2011-03-31,edgar/data/1268984/0001047469-11-003016.txt
EMERGING CTA PORTFOLIO LP,0001269190,10-K,2011-03-31,edgar/data/1269190/0000950123-11-031378.txt
STRUCTURED OBLIGATIONS CORP LONG TERM CERTS SER 2003-5,0001269371,10-K,2011-03-24,edgar/data/1269371/0001282695-11-000012.txt
"PHYSICIANS FORMULA HOLDINGS, INC.",0001269871,10-K,2011-03-11,edgar/data/1269871/0001269871-11-000006.txt
CABCO TRUST FOR J.C. PENNEY DEBENTURES,0001269980,10-K,2011-03-31,edgar/data/1269980/0000950123-11-031367.txt
VIASPACE Inc.,0001270200,10-K,2011-03-31,edgar/data/1270200/0001019687-11-001044.txt
VIRGIN MEDIA INC.,0001270400,10-K,2011-02-22,edgar/data/1270400/0001193125-11-042015.txt
PDC 2003-A LP,0001270426,10-K,2011-03-30,edgar/data/1270426/0001140361-11-019385.txt
PDC 2003-B LP,0001270427,10-K,2011-03-30,edgar/data/1270427/0001140361-11-019391.txt
PDC 2003-C LP,0001270428,10-K,2011-03-30,edgar/data/1270428/0001140361-11-019381.txt
PDC 2003-D LP,0001270430,10-K,2011-03-30,edgar/data/1270430/0001140361-11-019383.txt
"INSTITUTIONAL FINANCIAL MARKETS, INC.",0001270436,10-K,2011-03-04,edgar/data/1270436/0001193125-11-056362.txt
LEHMAN ABS CORP AT&T NOTE BACKED SERIES 2003-18,0001270582,10-K,2011-03-31,edgar/data/1270582/0001193125-11-085151.txt
Alveron Energy Corp.,0001271073,10-K,2011-02-14,edgar/data/1271073/0001137171-11-000077.txt
"Upstream Worldwide, Inc.",0001271075,10-K,2011-03-31,edgar/data/1271075/0001144204-11-019046.txt
FREMONT MICHIGAN INSURACORP INC,0001271245,10-K,2011-03-30,edgar/data/1271245/0001193125-11-082103.txt
MERRILL LYNCH DEPOSITOR INC PPLUS TRUST SERIES SPR 1,0001271387,10-K,2011-03-28,edgar/data/1271387/0001174947-11-000129.txt
INNER SYSTEMS INC,0001271551,10-K,2011-03-30,edgar/data/1271551/0001144204-11-018243.txt
VENTURE LENDING & LEASING IV INC,0001271808,10-K,2011-03-25,edgar/data/1271808/0001271808-11-000002.txt
"CHINA FIRE & SECURITY GROUP, INC.",0001271940,10-K,2011-03-16,edgar/data/1271940/0001171843-11-000790.txt
PALADIN REALTY INCOME PROPERTIES INC,0001272430,10-K,2011-03-29,edgar/data/1272430/0001193125-11-081411.txt
"PREMIER ALLIANCE GROUP, INC.",0001272550,10-K,2011-03-31,edgar/data/1272550/0001272550-11-000009.txt
"Graymark Healthcare, Inc.",0001272597,10-K,2011-03-30,edgar/data/1272597/0000950123-11-030834.txt
"T Bancshares, Inc.",0001272754,10-K,2011-03-31,edgar/data/1272754/0001144204-11-018829.txt
VONAGE HOLDINGS CORP,0001272830,10-K,2011-02-17,edgar/data/1272830/0001193125-11-038059.txt
Nutrastar International Inc.,0001273385,10-K,2011-03-29,edgar/data/1273385/0001204459-11-000827.txt
"GRAN TIERRA ENERGY, INC.",0001273441,10-K,2011-02-25,edgar/data/1273441/0001144204-11-010891.txt
NEW YORK MORTGAGE TRUST INC,0001273685,10-K,2011-03-04,edgar/data/1273685/0001437749-11-001288.txt
NORTHSTAR REALTY,0001273801,10-K,2011-02-25,edgar/data/1273801/0001047469-11-001434.txt
ASSURED GUARANTY LTD,0001273813,10-K,2011-03-01,edgar/data/1273813/0001047469-11-001611.txt
MONEYGRAM INTERNATIONAL INC,0001273931,10-K,2011-03-16,edgar/data/1273931/0000950123-11-025682.txt
LEHMAN ABS CORP PRUDENTIAL FINANCIAL NOTE BACKED SE 2003 20,0001274000,10-K,2011-03-31,edgar/data/1274000/0001193125-11-085120.txt
INFOSONICS CORP,0001274032,10-K,2011-03-31,edgar/data/1274032/0001193125-11-084928.txt
DESERT CAPITAL REIT INC,0001274055,10-K,2011-03-18,edgar/data/1274055/0001274055-11-000002.txt
HOSPIRA INC,0001274057,10-K,2011-02-16,edgar/data/1274057/0001047469-11-000972.txt
"FIRST SOLAR, INC.",0001274494,10-K,2011-02-28,edgar/data/1274494/0001274494-11-000007.txt
HELICOS BIOSCIENCES CORP,0001274563,10-K,2011-03-31,edgar/data/1274563/0001047469-11-003014.txt
"INHIBITEX, INC.",0001274913,10-K,2011-03-16,edgar/data/1274913/0000950123-11-025918.txt
ULTRA CLEAN HOLDINGS INC,0001275014,10-K,2011-03-16,edgar/data/1275014/0001193125-11-068704.txt
BANK OF THE JAMES FINANCIAL GROUP INC,0001275101,10-K,2011-03-29,edgar/data/1275101/0001193125-11-080846.txt
"General Moly, Inc",0001275229,10-K,2011-03-02,edgar/data/1275229/0001104659-11-011758.txt
REYNOLDS AMERICAN INC,0001275283,10-K,2011-02-23,edgar/data/1275283/0000950123-11-016932.txt
"BIMINI CAPITAL MANAGEMENT, INC.",0001275477,10-K,2011-03-24,edgar/data/1275477/0001275477-11-000007.txt
MediaMind Technologies Inc.,0001275791,10-K,2011-03-08,edgar/data/1275791/0001178913-11-000710.txt
"Energy Transfer Equity, L.P.",0001276187,10-K,2011-02-28,edgar/data/1276187/0001193125-11-049530.txt
FAIRFIELD FUTURES FUND LP II,0001276262,10-K,2011-03-31,edgar/data/1276262/0000950123-11-031395.txt
GENWORTH FINANCIAL INC,0001276520,10-K,2011-02-25,edgar/data/1276520/0001193125-11-047536.txt
HANSEN MEDICAL INC,0001276591,10-K,2011-03-16,edgar/data/1276591/0001193125-11-067660.txt
LEHMAN ABS CORP AT&T NOTE BACKED SERIES 2004 2 CLASS A 1,0001276887,10-K,2011-03-31,edgar/data/1276887/0001193125-11-085138.txt
ZHONGPIN INC.,0001277092,10-K,2011-03-07,edgar/data/1277092/0001104659-11-012582.txt
APPLE REIT SIX INC,0001277151,10-K,2011-03-08,edgar/data/1277151/0000930413-11-001751.txt
CITIZENS BANCORP OF VIRGINIA INC,0001277254,10-K,2011-03-31,edgar/data/1277254/0001002105-11-000074.txt
"Telanetix,Inc",0001277270,10-K,2011-03-23,edgar/data/1277270/0001185185-11-000357.txt
GLOBAL GREEN SOLUTIONS INC.,0001277576,10-K,2011-03-15,edgar/data/1277576/0001062993-11-000983.txt
CARDTRONICS INC,0001277856,10-K,2011-03-03,edgar/data/1277856/0001437749-11-001268.txt
MVB FINANCIAL CORP,0001277902,10-K,2011-03-11,edgar/data/1277902/0001193125-11-063358.txt
"STRATUM HOLDINGS, INC.",0001277998,10-K,2011-03-30,edgar/data/1277998/0001079974-11-000262.txt
BLUE RIDGE REAL ESTATE CO,0000012779,10-K,2011-01-31,edgar/data/12779/0000012779-11-000002.txt
MARKETAXESS HOLDINGS INC,0001278021,10-K,2011-02-24,edgar/data/1278021/0000950123-11-017944.txt
"B&G Foods, Inc.",0001278027,10-K,2011-03-01,edgar/data/1278027/0001047469-11-001625.txt
Network Dealer Services Holding Corp.,0001278140,10-K,2011-03-29,edgar/data/1278140/0001010412-11-000114.txt
STRATS TRUST FOR SPRINT CAP CORP SEC SER 2004 2,0001278186,10-K,2011-03-30,edgar/data/1278186/0000905148-11-000723.txt
MARKETING WORLDWIDE CORP,0001278363,10-K,2011-01-19,edgar/data/1278363/0001144204-11-002824.txt
NTS REALTY HOLDINGS LP,0001278384,10-K,2011-03-31,edgar/data/1278384/0001104659-11-017746.txt
ISHARES GOLD TRUST,0001278680,10-K,2011-02-25,edgar/data/1278680/0001193125-11-047433.txt
MS STRUCTURED SATURNS SERIES 2004-2,0001278892,10-K,2011-03-31,edgar/data/1278892/0000903423-11-000180.txt
"WELLCARE HEALTH PLANS, INC.",0001279363,10-K,2011-02-16,edgar/data/1279363/0001279363-11-000013.txt
MS STRUCTURED SATURNS SERIES 2003-15,0001279651,10-K,2011-03-31,edgar/data/1279651/0000903423-11-000179.txt
MS STRUCTURED SATURNS SERIES 2003-7,0001279659,10-K,2011-03-31,edgar/data/1279659/0000903423-11-000173.txt
MS STRUCTURED SATURNS SERIES 2003-6,0001279667,10-K,2011-03-31,edgar/data/1279667/0000903423-11-000172.txt
MS STRUCTURED SATURNS SERIES 2002-15,0001279670,10-K,2011-03-31,edgar/data/1279670/0000903423-11-000171.txt
UNIVERSAL BIOSENSORS INC,0001279695,10-K,2011-03-10,edgar/data/1279695/0000950123-11-023937.txt
NATIONAL PATENT DEVELOPMENT CORP,0001279715,10-K,2011-03-04,edgar/data/1279715/0001214659-11-000738.txt
STRUCTURED OBLIGATIONS CORP TRUST SPRINT CAPITAL CER 2002-1,0001279940,10-K,2011-03-24,edgar/data/1279940/0001282695-11-000002.txt
BLACKBAUD INC,0001280058,10-K,2011-03-01,edgar/data/1280058/0001193125-11-051808.txt
STRATS SM TRUST FOR DOMINION RESOURCES SEC SER 2004-3,0001280087,10-K,2011-03-30,edgar/data/1280087/0000905148-11-000729.txt
MS STRUCTURED SATURNS SERIES 2002-11,0001280203,10-K,2011-03-31,edgar/data/1280203/0000903423-11-000169.txt
MS STRUCTURED SATURNS SERIES 2002-14,0001280213,10-K,2011-03-31,edgar/data/1280213/0000903423-11-000174.txt
INN OF THE MOUNTAIN GODS RESORTS & CASINO,0001280352,10-K,2011-01-10,edgar/data/1280352/0000950123-11-001582.txt
MONOLITHIC POWER SYSTEMS INC,0001280452,10-K,2011-03-04,edgar/data/1280452/0001437749-11-001307.txt
MS STRUCTURED ASSET CORP CBT SERIES 2003-1,0001280703,10-K,2011-03-31,edgar/data/1280703/0000903423-11-000178.txt
HERCULES TECHNOLOGY GROWTH CAPITAL INC,0001280784,10-K,2011-03-29,edgar/data/1280784/0001193125-11-081409.txt
MERRILL LYNCH DEPOSITOR INC PPLUS TRUST SERIES TWC-1,0001280962,10-K,2011-03-28,edgar/data/1280962/0001174947-11-000128.txt
CORTS TRUST FOR WEYERHAEUSER DEBENTURES,0001281117,10-K,2011-03-28,edgar/data/1281117/0001282695-11-000050.txt
LEHMAN ABS CORP GOLD SACHS CAP I SEC BCK SER 2004-4 CLASS A1,0001281319,10-K,2011-03-31,edgar/data/1281319/0001193125-11-085020.txt
REGIONS FINANCIAL CORP,0001281761,10-K,2011-02-24,edgar/data/1281761/0001193125-11-045404.txt
TOWN SPORTS INTERNATIONAL HOLDINGS INC,0001281774,10-K,2011-02-25,edgar/data/1281774/0000950123-11-018253.txt
CABCO SERIES 2004-1 TRUST (GOLDMAN SACHS CAPITAL I),0001281938,10-K,2011-03-29,edgar/data/1281938/0000950123-11-030266.txt
STRUCTURED PRODUCTS CORP COR TRUST FOR GOLD SACHS CAPITAL I,0001281960,10-K,2011-03-28,edgar/data/1281960/0001282695-11-000052.txt
WINDSTREAM CORP,0001282266,10-K,2011-02-22,edgar/data/1282266/0001193125-11-042169.txt
WCA WASTE CORP,0001282398,10-K,2011-03-10,edgar/data/1282398/0001282398-11-000005.txt
MEWBOURNE ENERGY PARTNERS 04-A LP,0001282400,10-K,2011-03-31,edgar/data/1282400/0001193125-11-083472.txt
AFFIRMATIVE INSURANCE HOLDINGS INC,0001282543,10-K,2011-03-31,edgar/data/1282543/0001193125-11-085047.txt
COLONY RESORTS LVH ACQUISITIONS LLC,0001282607,10-K,2011-03-25,edgar/data/1282607/0001282607-11-000005.txt
Eternal Energy Corp.,0001282613,10-K,2011-03-23,edgar/data/1282613/0001144204-11-016459.txt
STRUCTURED PRODUCTS CORPTIERS PRINC PROT CERTS TR SER PXT,0001282616,10-K,2011-03-28,edgar/data/1282616/0001282695-11-000060.txt
NETLIST INC,0001282631,10-K,2011-03-03,edgar/data/1282631/0001047469-11-001705.txt
NEWMARKET CORP,0001282637,10-K,2011-02-22,edgar/data/1282637/0001193125-11-041569.txt
RAM ENERGY RESOURCES INC,0001282648,10-K,2011-03-16,edgar/data/1282648/0000950123-11-025952.txt
WORLD FINANCIAL NETWORK CREDIT CARD MASTER NOTE TRUST,0001282663,10-K,2011-03-31,edgar/data/1282663/0000950123-11-031445.txt
MEWBOURNE ENERGY PARTNERS 05-A LP,0001282723,10-K,2011-03-31,edgar/data/1282723/0001193125-11-083555.txt
MS STRUCTURED SATURNS SERIES 2004-4,0001282730,10-K,2011-03-31,edgar/data/1282730/0000903423-11-000181.txt
GREENHILL & CO INC,0001282977,10-K,2011-02-28,edgar/data/1282977/0000950123-11-019920.txt
Answers CORP,0001283073,10-K,2011-03-17,edgar/data/1283073/0001283073-11-000007.txt
HOLLY ENERGY PARTNERS LP,0001283140,10-K,2011-02-16,edgar/data/1283140/0000950123-11-014599.txt
WLG INC,0001283236,10-K,2011-03-31,edgar/data/1283236/0001144204-11-018523.txt
STRUCTURED PRODUCTS CORP TIERS CORP BOND BACK CERT TR 1997-4,0001283316,10-K,2011-03-28,edgar/data/1283316/0001282695-11-000046.txt
STRUCTURED PRODUCTS CORP CORTS TR FOR BRYSTOL MYERS SQU DEBE,0001283318,10-K,2011-03-28,edgar/data/1283318/0001282695-11-000024.txt
STRUCTURED PRODUCTS CORP CORTS FOR PROVIDENT FINANCING TR I,0001283332,10-K,2011-03-28,edgar/data/1283332/0001282695-11-000030.txt
STRUCTURED PRODUCTS CORP CORTS TR III FOR PROVIDENT FIN TR I,0001283334,10-K,2011-03-28,edgar/data/1283334/0001282695-11-000034.txt
STRUCTURED PRODUCTS CORP CRED ENHANCE CORTS TR FOR AON CAP A,0001283337,10-K,2011-03-28,edgar/data/1283337/0001282695-11-000016.txt
AMERICAN EXPRESS RECEIVABLES FINANCING CORP III LLC,0001283434,10-K,2011-03-28,edgar/data/1283434/0000950123-11-029672.txt
AMERICAN EXPRESS RECEIVABLES FINANCING CORP IV LLC,0001283435,10-K,2011-03-28,edgar/data/1283435/0000950123-11-029672.txt
STRUCTURED PRODUCTS CORP TIERS PRI PRO CER TR SE FFH 2001-12,0001283450,10-K,2011-03-28,edgar/data/1283450/0001282695-11-000018.txt
STRUCTURED PRODUCTS CORP CORTS TR FOR SUNAMERICA DEBENTURES,0001283451,10-K,2011-03-28,edgar/data/1283451/0001282695-11-000020.txt
STRUCTURED PRODUCTS CORP CORTS TRUST FOR XEROX CAPITAL TR I,0001283453,10-K,2011-03-28,edgar/data/1283453/0001282695-11-000022.txt
STRUCTURED PRODUCTS CORP CORTS TR FOR U S WEST COMM DEBENTUR,0001283456,10-K,2011-03-28,edgar/data/1283456/0001282695-11-000044.txt
STRUCTURED PRODUCTS CORP CORTS TR FOR FIRST UNION INST CAP I,0001283457,10-K,2011-03-28,edgar/data/1283457/0001282695-11-000048.txt
STRUCTURED PRODUCTS CORP CORTS TRUST FOR FORD DEBENTURES,0001283463,10-K,2011-03-28,edgar/data/1283463/0001282695-11-000042.txt
STRUCTURED PRODUCTS CORP CORTS TR FOR PECO ENERGY CAP TR III,0001283464,10-K,2011-03-28,edgar/data/1283464/0001282695-11-000040.txt
First Clover Leaf Financial Corp.,0001283582,10-K,2011-03-31,edgar/data/1283582/0000914317-11-000475.txt
STRUCTURED PROD CORP TIERS CORP BND-BCKD CERT SER MOT 1998-5,0001283596,10-K,2011-03-28,edgar/data/1283596/0001282695-11-000038.txt
STRUCTURED PROD TIERS CORP BOND-BCKD CERTS SER APA 1997-8,0001283598,10-K,2011-03-28,edgar/data/1283598/0001282695-11-000026.txt
STRUCTURED PROD CORTS TR II FOR PROVIDENT FINANCING TRUST I,0001283601,10-K,2011-03-28,edgar/data/1283601/0001282695-11-000032.txt
STRUCTURED PRODUCTS CORTS TRUST FOR JC PENNEY DEBENTURES,0001283602,10-K,2011-03-28,edgar/data/1283602/0001282695-11-000028.txt
AMERICAN CAMPUS COMMUNITIES INC,0001283630,10-K,2011-03-01,edgar/data/1283630/0001188112-11-000449.txt
METROPCS COMMUNICATIONS INC,0001283699,10-K,2011-03-01,edgar/data/1283699/0001193125-11-051403.txt
THOMAS PROPERTIES GROUP INC,0001283709,10-K,2011-03-10,edgar/data/1283709/0001283709-11-000008.txt
ATLAS AMERICA SERIES 25-2004 A L P,0001283810,10-K,2011-03-30,edgar/data/1283810/0000950123-11-030671.txt
"Voyager Oil & Gas, Inc.",0001283843,10-K,2011-03-14,edgar/data/1283843/0001047469-11-002125.txt
LEHMAN ABS CORP GOLDMAN SACHS CAP 1 SEC BACKED SER 2004-6,0001284143,10-K,2011-03-31,edgar/data/1284143/0001193125-11-085023.txt
MADISON AVE HOLDINGS INC,0001284196,10-K,2011-03-21,edgar/data/1284196/0001144204-11-016123.txt
ENVIRONMENTAL CONTROL CORP.,0001284454,10-K,2011-03-31,edgar/data/1284454/0001415408-11-000162.txt
INTERMOUNTAIN COMMUNITY BANCORP,0001284506,10-K,2011-03-04,edgar/data/1284506/0000950123-11-022147.txt
WHITE MOUNTAIN TITANIUM CORP,0001284766,10-K,2011-03-29,edgar/data/1284766/0001144204-11-017722.txt
PLY GEM HOLDINGS INC,0001284807,10-K,2011-03-21,edgar/data/1284807/0001284807-11-000014.txt
COHEN & STEERS INC,0001284812,10-K,2011-03-16,edgar/data/1284812/0001193125-11-068763.txt
AVENTINE RENEWABLE ENERGY HOLDINGS INC,0001285043,10-K,2011-03-17,edgar/data/1285043/0001104659-11-014971.txt
WILSHIRE BANCORP INC,0001285224,10-K,2011-03-16,edgar/data/1285224/0001047469-11-002232.txt
RIDGEWOOD ENERGY K FUND LLC,0001285480,10-K,2011-03-15,edgar/data/1285480/0001214659-11-000867.txt
"MMRGlobal, Inc.",0001285701,10-K,2011-03-31,edgar/data/1285701/0001136261-11-000182.txt
OMEROS CORP,0001285819,10-K,2011-03-15,edgar/data/1285819/0001193125-11-067278.txt
KITE REALTY GROUP TRUST,0001286043,10-K,2011-03-15,edgar/data/1286043/0001286043-11-000006.txt
"GENERAL NUTRITION CENTERS, INC.",0001286045,10-K,2011-02-25,edgar/data/1286045/0001047469-11-001421.txt
STONEMOR PARTNERS LP,0001286131,10-K,2011-03-30,edgar/data/1286131/0001193125-11-081543.txt
MERRILL LYNCH DEPOSITOR INC PPLUS TRUST SERIES CMT-1,0001286189,10-K,2011-03-28,edgar/data/1286189/0001174947-11-000135.txt
REALPAGE INC,0001286225,10-K,2011-02-28,edgar/data/1286225/0000950123-11-019480.txt
STRATS SM TRUST FOR U S CELL CORP SEC SERIES 2004 6,0001286405,10-K,2011-03-30,edgar/data/1286405/0000905148-11-000730.txt
STRUCTURED PRODUCTS CORP TIERS R INFLATION LINKED TR 2004-21,0001286608,10-K,2011-03-28,edgar/data/1286608/0001282695-11-000062.txt
LINCOLN EDUCATIONAL SERVICES CORP,0001286613,10-K,2011-03-14,edgar/data/1286613/0001140361-11-016427.txt
MERRILL LYNCH DEPOSITOR INC PPLUS TRUST SERIES GSC-1,0001286643,10-K,2011-03-28,edgar/data/1286643/0001174947-11-000143.txt
DOMINOS PIZZA INC,0001286681,10-K,2011-03-01,edgar/data/1286681/0001193125-11-050979.txt
MS STRUCTURED SATURNS SERIES 2004-6,0001286865,10-K,2011-03-31,edgar/data/1286865/0000903423-11-000182.txt
"Heron Lake BioEnergy, LLC",0001286964,10-K,2011-01-21,edgar/data/1286964/0001104659-11-002356.txt
XERIUM TECHNOLOGIES INC,0001287151,10-K,2011-03-11,edgar/data/1287151/0001193125-11-062578.txt
"DOUGLAS DYNAMICS, INC",0001287213,10-K,2011-03-08,edgar/data/1287213/0001047469-11-001850.txt
STRUCTURED PRODUCTS CORP CORTS TRUST II GOLDMAN SACHS CAP I,0001287339,10-K,2011-03-28,edgar/data/1287339/0001282695-11-000058.txt
ARES CAPITAL CORP,0001287750,10-K,2011-03-01,edgar/data/1287750/0001047469-11-001575.txt
"Hill International, Inc.",0001287808,10-K,2011-03-11,edgar/data/1287808/0001193125-11-064139.txt
MEDICAL PROPERTIES TRUST INC,0001287865,10-K,2011-02-28,edgar/data/1287865/0000950123-11-018950.txt
"Sancon Resources Recovery, Inc.",0001288195,10-K,2011-03-31,edgar/data/1288195/0001493152-11-000081.txt
NORCRAFT COMPANIES LP,0001288248,10-K,2011-03-31,edgar/data/1288248/0001193125-11-084376.txt
STRUCTURED PRODUCTS CORP CORTS TRUST FOR BOEING CO NOTES,0001288251,10-K,2011-03-28,edgar/data/1288251/0001282695-11-000054.txt
OTELCO INC.,0001288359,10-K,2011-03-04,edgar/data/1288359/0001188112-11-000489.txt
W&T OFFSHORE INC,0001288403,10-K,2011-03-04,edgar/data/1288403/0001193125-11-055941.txt
MAXLINEAR INC,0001288469,10-K,2011-02-08,edgar/data/1288469/0001193125-11-027241.txt
"ST. BERNARD SOFTWARE, INC.",0001288496,10-K,2011-03-18,edgar/data/1288496/0001019687-11-000907.txt
McCormick & Schmicks Seafood Restaurants Inc.,0001288741,10-K,2011-03-11,edgar/data/1288741/0001193125-11-063867.txt
CorTS(R) Trust III For Verizon Global Funding Notes,0001288749,10-K,2011-03-28,edgar/data/1288749/0001282695-11-000056.txt
XTRA-GOLD RESOURCES CORP,0001288770,10-K,2011-03-31,edgar/data/1288770/0001204459-11-000873.txt
Google Inc.,0001288776,10-K,2011-02-11,edgar/data/1288776/0001193125-11-032930.txt
River Rock Entertainment Authority,0001288924,10-K,2011-03-30,edgar/data/1288924/0001104659-11-017497.txt
LEHMAN ABS CORP GOLDMAN SACHS CAP 1 SEC BCK SER 2004-7 CLASS A1,0001288971,10-K,2011-03-31,edgar/data/1288971/0001193125-11-084944.txt
"WII Components, Inc.",0001289231,10-K,2011-03-30,edgar/data/1289231/0001104659-11-017616.txt
BioMed Realty Trust Inc,0001289236,10-K,2011-02-09,edgar/data/1289236/0000950123-11-010460.txt
Cole Credit Property Trust Inc,0001289272,10-K,2011-03-31,edgar/data/1289272/0000950123-11-031033.txt
"Stereotaxis, Inc.",0001289340,10-K,2011-03-11,edgar/data/1289340/0001193125-11-064073.txt
"Morningstar, Inc.",0001289419,10-K,2011-02-28,edgar/data/1289419/0001104659-11-010974.txt
"Texas Roadhouse, Inc.",0001289460,10-K,2011-02-25,edgar/data/1289460/0001047469-11-001381.txt
"Real Mex Restaurants, Inc.",0001289480,10-K,2011-03-24,edgar/data/1289480/0000950123-11-028690.txt
Extra Space Storage Inc.,0001289490,10-K,2011-02-25,edgar/data/1289490/0001047469-11-001398.txt
"Cord Blood America, Inc.",0001289496,10-K,2011-03-31,edgar/data/1289496/0001354488-11-001028.txt
"QC Holdings, Inc.",0001289505,10-K,2011-03-15,edgar/data/1289505/0001193125-11-067132.txt
"Tower Group, Inc.",0001289592,10-K,2011-03-01,edgar/data/1289592/0000950123-11-020816.txt
"EPL Intermediate, Inc.",0001289728,10-K,2011-03-25,edgar/data/1289728/0001144204-11-017122.txt
"Atlantic Broadband Finance, LLC",0001289785,10-K,2011-03-29,edgar/data/1289785/0001193125-11-081384.txt
Macquarie Infrastructure CO LLC,0001289790,10-K,2011-02-23,edgar/data/1289790/0001188112-11-000332.txt
CABCO SERIES 2004-101 TRUST (GOLDMAN SACHS CAPITAL I),0001289838,10-K,2011-03-29,edgar/data/1289838/0000950123-11-030271.txt
Huron Consulting Group Inc.,0001289848,10-K,2011-02-22,edgar/data/1289848/0000950123-11-016457.txt
"NeuroMetrix, Inc.",0001289850,10-K,2011-03-07,edgar/data/1289850/0001047469-11-001798.txt
SmartPros Ltd.,0001289863,10-K,2011-03-29,edgar/data/1289863/0000930413-11-002326.txt
"USA Mobility, Inc",0001289945,10-K,2011-02-24,edgar/data/1289945/0000950123-11-017983.txt
GE Capital Credit Card Master Note Trust,0001290098,10-K,2011-03-28,edgar/data/1290098/0001104659-11-017119.txt
GE Dealer Floorplan Master Note Trust,0001290200,10-K,2011-03-29,edgar/data/1290200/0001144204-11-017905.txt
"CDF Funding, Inc.",0001290205,10-K,2011-03-29,edgar/data/1290205/0001144204-11-017905.txt
Village Bank & Trust Financial Corp.,0001290476,10-K,2011-03-18,edgar/data/1290476/0001002105-11-000054.txt
"American Patriot Financial Group, Inc.",0001290505,10-K,2011-03-31,edgar/data/1290505/0001144204-11-019123.txt
Creative Beauty Supply of New Jersey CORP,0001290658,10-K,2011-03-24,edgar/data/1290658/0001014897-11-000034.txt
"Commercial Vehicle Group, Inc.",0001290900,10-K,2011-03-15,edgar/data/1290900/0000950123-11-025646.txt
PPLUS Trust Series DCNA-1,0001290914,10-K,2011-03-28,edgar/data/1290914/0001174947-11-000138.txt
Odimo INC,0001292026,10-K,2011-03-31,edgar/data/1292026/0000950123-11-031383.txt
Symmetry Medical Inc.,0001292055,10-K,2011-03-08,edgar/data/1292055/0001144204-11-013342.txt
"Lotus Pharmaceuticals, Inc.",0001292087,10-K,2011-03-28,edgar/data/1292087/0001161697-11-000268.txt
GFI Group Inc.,0001292426,10-K,2011-03-16,edgar/data/1292426/0001047469-11-002216.txt
INVIVO THERAPEUTICS HOLDINGS CORP.,0001292519,10-K,2011-03-24,edgar/data/1292519/0001193125-11-076482.txt
"Polypore International, Inc.",0001292556,10-K,2011-02-25,edgar/data/1292556/0001047469-11-001399.txt
Neutral Tandem Inc,0001292653,10-K,2011-03-16,edgar/data/1292653/0001193125-11-068708.txt
BOEING CO,0000012927,10-K,2011-02-09,edgar/data/12927/0001193125-11-028490.txt
"INTERLINE BRANDS, INC./DE",0001292900,10-K,2011-03-01,edgar/data/1292900/0001047469-11-001631.txt
Select Notes Trust LT 2004-1,0001293234,10-K,2011-03-24,edgar/data/1293234/0001282695-11-000014.txt
TechTarget Inc,0001293282,10-K,2011-03-16,edgar/data/1293282/0000950123-11-025959.txt
Naugatuck Valley Financial Corp,0001293413,10-K,2011-03-14,edgar/data/1293413/0001193125-11-065965.txt
STRATS SM TRUST FOR IBM CORP SEC SERIES 2004-7,0001293540,10-K,2011-03-30,edgar/data/1293540/0000905148-11-000734.txt
STRATS SM TRUST FOR GOLDMAN SACHS GROUP SEC SERIES 2004-8,0001293643,10-K,2011-03-30,edgar/data/1293643/0000905148-11-000739.txt
ATLAS AMERICA SERIES 25-2004 B LP,0001294208,10-K,2011-03-30,edgar/data/1294208/0000950123-11-030657.txt
Atlas America Public #14-2004 L.P.,0001294476,10-K,2011-03-30,edgar/data/1294476/0000950123-11-030670.txt
"Great Wolf Resorts, Inc.",0001294538,10-K,2011-02-25,edgar/data/1294538/0000950123-11-018858.txt
Solo Cup CO,0001294608,10-K,2011-03-17,edgar/data/1294608/0001193125-11-070091.txt
"GlobalOptions Group, Inc.",0001294649,10-K,2011-02-15,edgar/data/1294649/0001144204-11-009021.txt
PPLUS Trust Series GSC-2,0001294808,10-K,2011-03-28,edgar/data/1294808/0001174947-11-000144.txt
"Bancorp, Inc.",0001295401,10-K,2011-02-23,edgar/data/1295401/0000950159-11-000137.txt
Ridgewood Energy L Fund LLC,0001295714,10-K,2011-03-10,edgar/data/1295714/0001214659-11-000806.txt
"Sunstone Hotel Investors, Inc.",0001295810,10-K,2011-02-17,edgar/data/1295810/0001104659-11-008076.txt
Zagg INC,0001296205,10-K,2011-03-25,edgar/data/1296205/0001013762-11-000711.txt
Longhai Steel Inc.,0001296286,10-K,2011-03-16,edgar/data/1296286/0001204459-11-000729.txt
TENGION INC,0001296391,10-K,2011-03-30,edgar/data/1296391/0000950159-11-000222.txt
Neenah Paper Inc,0001296435,10-K,2011-03-09,edgar/data/1296435/0001104659-11-013315.txt
"ORMAT TECHNOLOGIES, INC.",0001296445,10-K,2011-02-28,edgar/data/1296445/0000950123-11-019926.txt
"Lightstone Value Plus Real Estate Investment Trust, Inc.",0001296884,10-K,2011-03-31,edgar/data/1296884/0001144204-11-019220.txt
"Copano Energy, L.L.C.",0001297067,10-K,2011-02-25,edgar/data/1297067/0000950123-11-018893.txt
STRATS SM TRUST FOR JPMORGAN CHASE & CO SEC SERIES 2004-9,0001297210,10-K,2011-03-30,edgar/data/1297210/0000905148-11-000728.txt
ReachLocal Inc,0001297336,10-K,2011-03-28,edgar/data/1297336/0001193125-11-079852.txt
"DreamWorks Animation SKG, Inc.",0001297401,10-K,2011-02-25,edgar/data/1297401/0001193125-11-045757.txt
CB RICHARD ELLIS REALTY TRUST,0001297587,10-K,2011-03-30,edgar/data/1297587/0001193125-11-083143.txt
"ATEL Capital Equipment Fund XI, LLC",0001297667,10-K,2011-03-29,edgar/data/1297667/0001144204-11-017997.txt
NGP Capital Resources Co,0001297704,10-K,2011-03-14,edgar/data/1297704/0001144204-11-014410.txt
James River Coal CO,0001297720,10-K,2011-03-09,edgar/data/1297720/0001019687-11-000808.txt
American Casino & Entertainment Properties LLC,0001297735,10-K,2011-03-21,edgar/data/1297735/0001144204-11-015993.txt
OFFICEMAX INC,0000012978,10-K,2011-02-22,edgar/data/12978/0001193125-11-041217.txt
PPLUS Trust Series JPM-1,0001297915,10-K,2011-03-28,edgar/data/1297915/0001174947-11-000126.txt
"PARKS AMERICA, INC",0001297937,10-K,2011-03-25,edgar/data/1297937/0001078782-11-000765.txt
"ExlService Holdings, Inc.",0001297989,10-K,2011-03-16,edgar/data/1297989/0001193125-11-068676.txt
"Digital Realty Trust, Inc.",0001297996,10-K,2011-02-25,edgar/data/1297996/0001193125-11-047638.txt
Nalco Holding CO,0001298341,10-K,2011-02-25,edgar/data/1298341/0001193125-11-047634.txt
U-Store-It Trust,0001298675,10-K,2011-03-01,edgar/data/1298675/0001104659-11-011520.txt
DiamondRock Hospitality Co,0001298946,10-K,2011-03-01,edgar/data/1298946/0000950123-11-020465.txt
"Market Leader, Inc.",0001298978,10-K,2011-03-22,edgar/data/1298978/0001193125-11-073908.txt
"Calamos Asset Management, Inc. /DE/",0001299033,10-K,2011-03-04,edgar/data/1299033/0000950123-11-022264.txt
"Peninsula Gaming, LLC",0001299109,10-K,2011-03-11,edgar/data/1299109/0001299109-11-000010.txt
PACIFIC BIOSCIENCES OF CALIFORNIA INC,0001299130,10-K,2011-03-23,edgar/data/1299130/0001193125-11-075269.txt
TearLab Corp,0001299139,10-K,2011-03-29,edgar/data/1299139/0001140361-11-019083.txt
"optionsXpress Holdings, Inc.",0001299688,10-K,2011-03-01,edgar/data/1299688/0000950123-11-020352.txt
"Advance America, Cash Advance Centers, Inc.",0001299704,10-K,2011-03-10,edgar/data/1299704/0001047469-11-001973.txt
"JMG Exploration, Inc.",0001299967,10-K,2011-03-14,edgar/data/1299967/0001299967-11-000004.txt
"Comstock Homebuilding Companies, Inc.",0001299969,10-K,2011-03-31,edgar/data/1299969/0001193125-11-084811.txt
PPLUS Trust Series LMG-3,0001300492,10-K,2011-03-28,edgar/data/1300492/0001174947-11-000123.txt
LAS VEGAS SANDS CORP,0001300514,10-K,2011-03-01,edgar/data/1300514/0000950123-11-020089.txt
"Delta Seaboard International, Inc.",0001300524,10-K,2011-03-31,edgar/data/1300524/0001501720-11-000015.txt
PROGUARD ACQUISITION CORP,0001300662,10-K,2011-03-25,edgar/data/1300662/0001014897-11-000038.txt
ON4 COMMUNICATIONS INC.,0001300867,10-K,2011-03-18,edgar/data/1300867/0001415408-11-000135.txt
"Alpha Natural Resources, Inc.",0001301063,10-K,2011-02-25,edgar/data/1301063/0001140361-11-012105.txt
National Interstate CORP,0001301106,10-K,2011-03-08,edgar/data/1301106/0000950123-11-023161.txt
MHI Hospitality CORP,0001301236,10-K,2011-03-29,edgar/data/1301236/0001193125-11-081372.txt
"LIFEPOINT HOSPITALS, INC.",0001301611,10-K,2011-02-18,edgar/data/1301611/0001144204-11-009873.txt
IRONCLAD PERFORMANCE WEAR CORP,0001301712,10-K,2011-03-10,edgar/data/1301712/0001437749-11-001450.txt
BlueLinx Holdings Inc.,0001301787,10-K,2011-02-28,edgar/data/1301787/0000950123-11-019850.txt
Tintic Gold Mining CO,0001301839,10-K,2011-03-28,edgar/data/1301839/0001290929-11-000006.txt
BioMed Realty L P,0001301932,10-K,2011-02-09,edgar/data/1301932/0000950123-11-010460.txt
"Manitex International, Inc.",0001302028,10-K,2011-03-30,edgar/data/1302028/0001193125-11-083047.txt
"POKERTEK, INC.",0001302177,10-K,2011-03-16,edgar/data/1302177/0001157523-11-001604.txt
Valley Commerce Bancorp,0001302244,10-K,2011-03-31,edgar/data/1302244/0000914317-11-000479.txt
"Education Realty Trust, Inc.",0001302343,10-K,2011-03-09,edgar/data/1302343/0001144204-11-013598.txt
"Our Glass, Inc.",0001302365,10-K,2011-03-02,edgar/data/1302365/0001137050-11-000050.txt
"Horizon Lines, Inc.",0001302707,10-K,2011-03-28,edgar/data/1302707/0000950123-11-029824.txt
"Georgetown Bancorp, Inc.",0001302709,10-K,2011-03-31,edgar/data/1302709/0000914317-11-000476.txt
Ridgewood Energy M Fund LLC,0001302834,10-K,2011-03-22,edgar/data/1302834/0001214659-11-000950.txt
Ideal Financial Solutions Inc,0001302849,10-K,2011-03-28,edgar/data/1302849/0001096906-11-000584.txt
TWO RIVERS WATER Co,0001302946,10-K,2011-03-30,edgar/data/1302946/0001302946-11-000018.txt
"LHC Group, Inc",0001303313,10-K,2011-03-10,edgar/data/1303313/0001193125-11-062455.txt
"China Housing & Land Development, Inc.",0001303330,10-K,2011-03-14,edgar/data/1303330/0001144204-11-014432.txt
BankFinancial CORP,0001303942,10-K,2011-03-09,edgar/data/1303942/0001193125-11-061021.txt
"Pharma-Bio Serv, Inc.",0001304161,10-K,2011-01-31,edgar/data/1304161/0001144204-11-004960.txt
"Consolidated Communications Holdings, Inc.",0001304421,10-K,2011-03-04,edgar/data/1304421/0001104659-11-012456.txt
Bridge Capital Holdings,0001304740,10-K,2011-03-07,edgar/data/1304740/0001144204-11-013298.txt
"Norcraft Holdings, L.P.",0001305018,10-K,2011-03-31,edgar/data/1305018/0001193125-11-084376.txt
American Reprographics CO,0001305168,10-K,2011-03-09,edgar/data/1305168/0000950123-11-023594.txt
QLIK TECHNOLOGIES INC,0001305294,10-K,2011-03-16,edgar/data/1305294/0000950123-11-025777.txt
Bridgepoint Education Inc,0001305323,10-K,2011-03-02,edgar/data/1305323/0001047469-11-001646.txt
"First Business Financial Services, Inc.",0001305399,10-K,2011-03-11,edgar/data/1305399/0000950123-11-024864.txt
PG&E Energy Recovery Funding LLC,0001305629,10-K,2011-03-29,edgar/data/1305629/0000075488-11-000006.txt
"TriView Global Fund, LLC",0001305631,10-K,2011-03-31,edgar/data/1305631/0001305631-11-000001.txt
National Health Partners Inc,0001306109,10-K,2011-03-31,edgar/data/1306109/0001165527-11-000297.txt
USAutos Series 2004-1 Trust,0001306812,10-K,2011-03-28,edgar/data/1306812/0001019965-11-000011.txt
Celanese CORP,0001306830,10-K,2011-02-11,edgar/data/1306830/0000950123-11-012862.txt
EMERGING MEDIA HOLDINGS INC,0001307140,10-K,2011-03-31,edgar/data/1307140/0001214659-11-001079.txt
NETFONE INC,0001307345,10-K,2011-01-12,edgar/data/1307345/0001165527-11-000023.txt
Blue Moose Media Inc,0001307579,10-K,2011-03-28,edgar/data/1307579/0001078782-11-000769.txt
"Inland American Real Estate Trust, Inc.",0001307748,10-K,2011-03-11,edgar/data/1307748/0001193125-11-064003.txt
"VirtualScopics, Inc.",0001307752,10-K,2011-03-28,edgar/data/1307752/0001144204-11-017577.txt
"STRATS(SM) TRUST FOR GEN ELEC CAP CORP SEC, SER 2004-15",0001307931,10-K,2011-03-30,edgar/data/1307931/0000905148-11-000740.txt
Huntsman CORP,0001307954,10-K,2011-02-17,edgar/data/1307954/0001047469-11-001007.txt
"B Green Innovations, Inc.",0001307969,10-K,2011-03-04,edgar/data/1307969/0001185185-11-000255.txt
"Kenergy Scientific, Inc.",0001307989,10-K,2011-03-29,edgar/data/1307989/0001102624-11-000164.txt
Vystar Corp,0001308027,10-K,2011-03-31,edgar/data/1308027/0001144204-11-018845.txt
"BLACKSANDS PETROLEUM, INC.",0001308137,10-K,2011-02-02,edgar/data/1308137/0001013762-11-000245.txt
"Universal Truckload Services, Inc.",0001308208,10-K,2011-03-15,edgar/data/1308208/0001193125-11-067351.txt
Cole Credit Property Trust II Inc,0001308606,10-K,2011-03-31,edgar/data/1308606/0000950123-11-031043.txt
"Jayhawk Energy, Inc.",0001308710,10-K,2011-01-14,edgar/data/1308710/0001056520-11-000010.txt
"Behringer Harvard Opportunity REIT I, Inc.",0001308711,10-K,2011-03-31,edgar/data/1308711/0001047469-11-003004.txt
Juma Technology Corp.,0001309055,10-K,2011-03-30,edgar/data/1309055/0001144204-11-018437.txt
Wright Express CORP,0001309108,10-K,2011-02-28,edgar/data/1309108/0000950123-11-019937.txt
ML Aspect FuturesAccess LLC,0001309132,10-K,2011-03-15,edgar/data/1309132/0001104659-11-014252.txt
ML Winton FuturesAccess LLC,0001309136,10-K,2011-03-15,edgar/data/1309136/0001104659-11-014247.txt
PPLUS TRUST SERIES GSC-3,0001309257,10-K,2011-03-28,edgar/data/1309257/0001174947-11-000120.txt
"China Premium Lifestyle Enterprise, Inc.",0001309346,10-K,2011-03-31,edgar/data/1309346/0001144204-11-018588.txt
"Green Plains Renewable Energy, Inc.",0001309402,10-K,2011-03-04,edgar/data/1309402/0001193125-11-056267.txt
InsPro Technologies Corp,0001309442,10-K,2011-03-31,edgar/data/1309442/0001144204-11-018974.txt
KRANEM CORP,0001309764,10-K,2011-03-25,edgar/data/1309764/0001004878-11-000099.txt
SEARS HOLDINGS CORP,0001310067,10-K,2011-03-11,edgar/data/1310067/0001193125-11-062911.txt
FSP GALLERIA NORTH CORP,0001310157,10-K,2011-03-14,edgar/data/1310157/0001171520-11-000211.txt
CABCO SERIES 2004-102 TRUST (SBC COMMUNICATIONS INC.),0001310227,10-K,2011-03-30,edgar/data/1310227/0000950123-11-030310.txt
"Cornerstone Core Properties REIT, Inc.",0001310383,10-K,2011-03-16,edgar/data/1310383/0000950123-11-025817.txt
Uniontown Energy Inc.,0001310482,10-K,2011-03-02,edgar/data/1310482/0001062993-11-000781.txt
"Trafalgar Resources, Inc.",0001310630,10-K,2011-01-04,edgar/data/1310630/0001010412-11-000003.txt
"STRATS(SM) Trust For Morgan Stanley Securities, Series 2004-16",0001310695,10-K,2011-03-30,edgar/data/1310695/0000905148-11-000744.txt
"CenterPoint Energy Transition Bond CO II, LLC",0001310914,10-K,2011-03-28,edgar/data/1310914/0000950123-11-029321.txt
Lazard Ltd,0001311370,10-K,2011-02-28,edgar/data/1311370/0001193125-11-050089.txt
MS STRUCTURED SATURNS SERIES 2005-1,0001311437,10-K,2011-03-31,edgar/data/1311437/0000903423-11-000185.txt
Global Geophysical Services Inc,0001311486,10-K,2011-03-18,edgar/data/1311486/0001047469-11-002335.txt
"DERBY RESOURCES, INC.",0001311546,10-K,2011-03-02,edgar/data/1311546/0001137050-11-000049.txt
"Yacht Finders, Inc.",0001311673,10-K,2011-03-01,edgar/data/1311673/0001144204-11-011682.txt
"Frontier Beverage Company, Inc",0001311735,10-K,2011-03-29,edgar/data/1311735/0001019687-11-001003.txt
American Express Receivables Financing CORP V LLC,0001311824,10-K,2011-03-28,edgar/data/1311824/0000950123-11-029669.txt
"Independence Bancshares, Inc.",0001311828,10-K,2011-03-07,edgar/data/1311828/0001104659-11-012734.txt
FOUR RIVERS BIOENERGY INC.,0001312069,10-K,2011-02-15,edgar/data/1312069/0001158957-11-000039.txt
CALECO PHARMA CORP.,0001312402,10-K,2011-03-02,edgar/data/1312402/0001062993-11-000787.txt
"ICON LEASING FUND ELEVEN, LLC",0001312910,10-K,2011-03-31,edgar/data/1312910/0000947986-11-000042.txt
"Venoco, Inc.",0001313024,10-K,2011-02-22,edgar/data/1313024/0001047469-11-001083.txt
Deerfield Capital Corp.,0001313918,10-K,2011-03-31,edgar/data/1313918/0001047469-11-002982.txt
BMX Development Corp.,0001314054,10-K,2011-03-31,edgar/data/1314054/0001264931-11-000155.txt
EXCELSIOR LASALLE PROPERTY FUND INC,0001314152,10-K,2011-03-03,edgar/data/1314152/0001193125-11-055107.txt
Jingwei International LTD,0001314183,10-K,2011-03-31,edgar/data/1314183/0001144204-11-018453.txt
"OLB GROUP, INC.",0001314196,10-K,2011-03-25,edgar/data/1314196/0001144204-11-017125.txt
PPlus Trust Series LMG-4,0001314270,10-K,2011-03-28,edgar/data/1314270/0001174947-11-000121.txt
SPARK NETWORKS INC,0001314475,10-K,2011-03-25,edgar/data/1314475/0001193125-11-076752.txt
"Summer Infant, Inc.",0001314772,10-K,2011-03-22,edgar/data/1314772/0001047469-11-002442.txt
Ridgewood Energy O Fund LLC,0001315061,10-K,2011-03-15,edgar/data/1315061/0001214659-11-000863.txt
"Global Telecom & Technology, Inc.",0001315255,10-K,2011-03-11,edgar/data/1315255/0000950123-11-024649.txt
Koppers Holdings Inc.,0001315257,10-K,2011-02-22,edgar/data/1315257/0001193125-11-041968.txt
"PARKE BANCORP, INC.",0001315399,10-K,2011-03-25,edgar/data/1315399/0000946275-11-000132.txt
MS STRUCTURED SATURNS SERIES 2005-2,0001315571,10-K,2011-03-31,edgar/data/1315571/0000903423-11-000183.txt
"Rockwood Holdings, Inc.",0001315695,10-K,2011-02-28,edgar/data/1315695/0001104659-11-010953.txt
"Galaxy Gaming, Inc.",0000013156,10-K,2011-03-31,edgar/data/13156/0001255294-11-000180.txt
DATAMILL MEDIA CORP.,0001315718,10-K,2011-03-17,edgar/data/1315718/0001165527-11-000246.txt
"HXT HOLDINGS, INC.",0001315756,10-K,2011-01-13,edgar/data/1315756/0001406774-11-000008.txt
Anthera Pharmaceuticals Inc,0001316175,10-K,2011-03-07,edgar/data/1316175/0000950123-11-022379.txt
IHS Inc.,0001316360,10-K,2011-01-18,edgar/data/1316360/0001193125-11-008432.txt
Kandi Technologies Corp,0001316517,10-K,2011-03-31,edgar/data/1316517/0001144204-11-018940.txt
"Liberty Global, Inc.",0001316631,10-K,2011-02-24,edgar/data/1316631/0001193125-11-045545.txt
"American Caresource Holdings, Inc.",0001316645,10-K,2011-03-18,edgar/data/1316645/0001316645-11-000002.txt
Dresser-Rand Group Inc.,0001316656,10-K,2011-02-24,edgar/data/1316656/0000950123-11-017968.txt
"Builders FirstSource, Inc.",0001316835,10-K,2011-03-03,edgar/data/1316835/0000950123-11-021379.txt
"JAMBA, INC.",0001316898,10-K,2011-03-14,edgar/data/1316898/0001193125-11-065996.txt
Federal Home Loan Bank of San Francisco,0001316944,10-K,2011-03-23,edgar/data/1316944/0001316944-11-000003.txt
"BOISE CASCADE HOLDINGS, L.L.C.",0001317436,10-K,2011-03-02,edgar/data/1317436/0001104659-11-011633.txt
ITC Holdings Corp.,0001317630,10-K,2011-02-23,edgar/data/1317630/0000950123-11-017232.txt
"Image Metrics, Inc.",0001317639,10-K,2011-02-14,edgar/data/1317639/0001144204-11-008665.txt
TomoTherapy Inc,0001317872,10-K,2011-03-03,edgar/data/1317872/0000950123-11-021699.txt
"Omega Flex, Inc.",0001317945,10-K,2011-03-10,edgar/data/1317945/0001317945-11-000004.txt
Zumiez Inc,0001318008,10-K,2011-03-15,edgar/data/1318008/0001193125-11-067226.txt
"Core-Mark Holding Company, Inc.",0001318084,10-K,2011-03-15,edgar/data/1318084/0001473576-11-000008.txt
BINGO.COM LTD.,0001318482,10-K,2011-03-22,edgar/data/1318482/0001318482-11-000001.txt
White River Capital Inc,0001318545,10-K,2011-03-09,edgar/data/1318545/0000908834-11-000046.txt
"Global Cash Access Holdings, Inc.",0001318568,10-K,2011-03-14,edgar/data/1318568/0000950123-11-025240.txt
TESLA MOTORS INC,0001318605,10-K,2011-03-03,edgar/data/1318605/0001193125-11-054847.txt
CLEVELAND BIOLABS INC,0001318641,10-K,2011-03-15,edgar/data/1318641/0001144204-11-014896.txt
Midway Gold Corp,0001319009,10-K,2011-03-17,edgar/data/1319009/0001137171-11-000142.txt
TransMontaigne Partners L.P.,0001319229,10-K,2011-03-10,edgar/data/1319229/0001047469-11-001934.txt
Encore Bancshares Inc,0001319327,10-K,2011-03-14,edgar/data/1319327/0001193125-11-065991.txt
"VWR Funding, Inc.",0001319764,10-K,2011-02-25,edgar/data/1319764/0000950123-11-018138.txt
DSW Inc.,0001319947,10-K,2011-03-22,edgar/data/1319947/0001140361-11-018136.txt
SELECT MEDICAL HOLDINGS CORP,0001320414,10-K,2011-03-09,edgar/data/1320414/0000950123-11-023720.txt
Cooper-Standard Holdings Inc.,0001320461,10-K,2011-03-21,edgar/data/1320461/0001193125-11-072036.txt
"TreeHouse Foods, Inc.",0001320695,10-K,2011-02-15,edgar/data/1320695/0000950123-11-013945.txt
"Fortress International Group, Inc.",0001320760,10-K,2011-03-29,edgar/data/1320760/0001144204-11-018049.txt
"FreightCar America, Inc.",0001320854,10-K,2011-03-15,edgar/data/1320854/0000950123-11-025523.txt
"International Coal Group, Inc.",0001320934,10-K,2011-02-17,edgar/data/1320934/0001320934-11-000004.txt
"Ottawa Savings Bancorp, Inc.",0001321070,10-K,2011-03-30,edgar/data/1321070/0001193125-11-082988.txt
"WNC Housing Tax Credit Fund VI, L.P., Series 13",0001321228,10-K,2011-02-25,edgar/data/1321228/0001084067-11-000045.txt
"Eastern Insurance Holdings, Inc.",0001321268,10-K,2011-03-08,edgar/data/1321268/0001193125-11-059304.txt
"ANDAIN, INC.",0001321502,10-K,2011-01-18,edgar/data/1321502/0001178913-11-000135.txt
"ANDAIN, INC.",0001321502,10-K,2011-01-24,edgar/data/1321502/0001178913-11-000197.txt
"ANDAIN, INC.",0001321502,10-K,2011-01-28,edgar/data/1321502/0001178913-11-000247.txt
"SEFE, INC.",0001321573,10-K,2011-03-30,edgar/data/1321573/0001393905-11-000180.txt
"Kraton Performance Polymers, Inc.",0001321646,10-K,2011-03-07,edgar/data/1321646/0001193125-11-056925.txt
Eagle Bulk Shipping Inc.,0001322439,10-K,2011-03-04,edgar/data/1322439/0000919574-11-001959.txt
Spansion Inc.,0001322705,10-K,2011-02-23,edgar/data/1322705/0001193125-11-042614.txt
"Advanced Life Sciences Holdings, Inc.",0001322734,10-K,2011-03-24,edgar/data/1322734/0001047469-11-002603.txt
"EASTON-BELL SPORTS, INC.",0001322739,10-K,2011-03-08,edgar/data/1322739/0000950123-11-023165.txt
VIRGIN MEDIA INVESTMENT HOLDINGS LTD,0001322791,10-K,2011-02-22,edgar/data/1322791/0001193125-11-042015.txt
Kodiak Oil & Gas Corp,0001322866,10-K,2011-03-03,edgar/data/1322866/0001047469-11-001719.txt
"ROKWADER, INC.",0001322952,10-K,2011-03-31,edgar/data/1322952/0001144204-11-019101.txt
SRKP 2 INC,0001323051,10-K,2011-02-23,edgar/data/1323051/0001144204-11-010376.txt
MORGAN CREEK ENERGY CORP,0001323143,10-K,2011-03-31,edgar/data/1323143/0001477932-11-000419.txt
"Stanadyne Holdings, Inc.",0001323274,10-K,2011-03-31,edgar/data/1323274/0001193125-11-085059.txt
GLOBAL PARTNERS LP,0001323468,10-K,2011-03-11,edgar/data/1323468/0001047469-11-002040.txt
"Maidenform Brands, Inc.",0001323531,10-K,2011-03-07,edgar/data/1323531/0001047469-11-001803.txt
Community Bankers Trust Corp,0001323648,10-K,2011-03-31,edgar/data/1323648/0001193125-11-085055.txt
"Coleman Cable, Inc.",0001323653,10-K,2011-03-08,edgar/data/1323653/0001193125-11-058519.txt
Warner Chilcott plc,0001323854,10-K,2011-02-25,edgar/data/1323854/0001193125-11-046464.txt
"AtriCure, Inc.",0001323885,10-K,2011-03-31,edgar/data/1323885/0001193125-11-084132.txt
"American Tire Distributors Holdings, Inc.",0001323891,10-K,2011-03-15,edgar/data/1323891/0001193125-11-067241.txt
MOMENTIVE SPECIALTY CHEMICALS INC.,0000013239,10-K,2011-02-28,edgar/data/13239/0000013239-11-000007.txt
"Bidz.com, Inc.",0001324105,10-K,2011-03-11,edgar/data/1324105/0001104659-11-013906.txt
Orchids Paper Products CO /DE,0001324189,10-K,2011-03-11,edgar/data/1324189/0001047469-11-002049.txt
"Ruths Hospitality Group, Inc.",0001324272,10-K,2011-03-04,edgar/data/1324272/0001193125-11-056419.txt
CASCADE TECHNOLOGIES CORP,0001324344,10-K,2011-03-11,edgar/data/1324344/0001324344-11-000005.txt
"CF Industries Holdings, Inc.",0001324404,10-K,2011-02-25,edgar/data/1324404/0001047469-11-001417.txt
Guaranty Bancorp,0001324410,10-K,2011-02-18,edgar/data/1324410/0001047469-11-001063.txt
"Expedia, Inc.",0001324424,10-K,2011-02-11,edgar/data/1324424/0001193125-11-030900.txt
COMMERCIAL BARGE LINE CO,0001324482,10-K,2011-03-31,edgar/data/1324482/0000950123-11-031576.txt
Williams Partners L.P.,0001324518,10-K,2011-02-24,edgar/data/1324518/0000950123-11-017734.txt
Volcom Inc,0001324570,10-K,2011-03-16,edgar/data/1324570/0001193125-11-068691.txt
HOLLOMAN ENERGY CORP,0001324736,10-K,2011-03-28,edgar/data/1324736/0001354488-11-000955.txt
Cereplast Inc,0001324759,10-K,2011-03-31,edgar/data/1324759/0000950123-11-031464.txt
KAPSTONE PAPER & PACKAGING CORP,0001325281,10-K,2011-03-04,edgar/data/1325281/0001047469-11-001752.txt
ATS CORP,0001325460,10-K,2011-02-17,edgar/data/1325460/0001144204-11-009629.txt
Southern National Bancorp of Virginia Inc,0001325670,10-K,2011-03-15,edgar/data/1325670/0001193125-11-067194.txt
BRISTOL ENERGY FUND LP,0001325676,10-K,2011-03-31,edgar/data/1325676/0000950123-11-031374.txt
MAGNACHIP SEMICONDUCTOR Corp,0001325702,10-K,2011-03-18,edgar/data/1325702/0001193125-11-071056.txt
Ridgewood Energy P Fund LLC,0001325703,10-K,2011-03-22,edgar/data/1325703/0001214659-11-000948.txt
Federal Home Loan Bank of Des Moines,0001325814,10-K,2011-03-18,edgar/data/1325814/0001325814-11-000060.txt
Federal Home Loan Bank of Topeka,0001325878,10-K,2011-03-24,edgar/data/1325878/0001325878-11-000002.txt
AVEO PHARMACEUTICALS INC,0001325879,10-K,2011-03-11,edgar/data/1325879/0001193125-11-062950.txt
"Alon USA Energy, Inc.",0001325955,10-K,2011-03-15,edgar/data/1325955/0000950123-11-025643.txt
"Lightwave Logic, Inc.",0001325964,10-K,2011-03-31,edgar/data/1325964/0000943440-11-000152.txt
BlackRock Kelso Capital CORP,0001326003,10-K,2011-03-08,edgar/data/1326003/0001193125-11-059033.txt
Lazard Group LLC,0001326141,10-K,2011-02-28,edgar/data/1326141/0001193125-11-050097.txt
Duke Energy CORP,0001326160,10-K,2011-02-25,edgar/data/1326160/0001193125-11-047229.txt
"PHARMATHENE, INC",0001326190,10-K,2011-03-31,edgar/data/1326190/0001144204-11-018968.txt
GENCO SHIPPING & TRADING LTD,0001326200,10-K,2011-03-10,edgar/data/1326200/0001104659-11-013360.txt
AEI Income & Growth Fund 26 LLC,0001326321,10-K,2011-03-28,edgar/data/1326321/0001326321-11-000001.txt
"SRKP 3, INC",0001326355,10-K,2011-02-23,edgar/data/1326355/0001144204-11-010380.txt
"Sino Gas International Holdings, Inc.",0001326364,10-K,2011-03-31,edgar/data/1326364/0001144204-11-018521.txt
GameStop Corp.,0001326380,10-K,2011-03-30,edgar/data/1326380/0000950123-11-030842.txt
"LINN ENERGY, LLC",0001326428,10-K,2011-02-28,edgar/data/1326428/0001326428-11-000006.txt
PDC 2005-A Limited Partnership,0001326539,10-K,2011-03-30,edgar/data/1326539/0001140361-11-019372.txt
PDC 2005-B Limited Partnership,0001326540,10-K,2011-03-30,edgar/data/1326540/0001140361-11-019376.txt
WebMD Health Corp.,0001326583,10-K,2011-03-01,edgar/data/1326583/0000950123-11-020588.txt
Federal Home Loan Bank of Cincinnati,0001326771,10-K,2011-03-18,edgar/data/1326771/0001326771-11-000007.txt
Investors Bancorp Inc,0001326807,10-K,2011-03-01,edgar/data/1326807/0000950123-11-020664.txt
"Sputnik Enterprises, Inc",0001326917,10-K,2011-03-28,edgar/data/1326917/0001144204-11-017398.txt
"United States Oil Fund, LP",0001327068,10-K,2011-03-01,edgar/data/1327068/0001193125-11-051856.txt
Dividend Capital Total Realty Trust Inc.,0001327978,10-K,2011-03-25,edgar/data/1327978/0001193125-11-078243.txt
Redpoint Bio CORP,0001328003,10-K,2011-03-04,edgar/data/1328003/0001047469-11-001756.txt
PowerShares DB Commodity Index Tracking Fund,0001328237,10-K,2011-02-28,edgar/data/1328237/0001193125-11-049988.txt
NTELOS HOLDINGS CORP,0001328571,10-K,2011-02-25,edgar/data/1328571/0001193125-11-047413.txt
CURRENCYSHARES EURO TRUST,0001328598,10-K,2011-01-14,edgar/data/1328598/0001193125-11-007952.txt
"Bronco Drilling Company, Inc.",0001328650,10-K,2011-03-15,edgar/data/1328650/0000950123-11-025607.txt
Affinia Group Intermediate Holdings Inc.,0001328655,10-K,2011-03-11,edgar/data/1328655/0001193125-11-063994.txt
"STRATS(SM) Trust For Goldman Sachs Capital I Securities, Series 2005-1",0001328989,10-K,2011-03-30,edgar/data/1328989/0000905148-11-000750.txt
"Apple REIT Seven, Inc.",0001329011,10-K,2011-03-08,edgar/data/1329011/0000930413-11-001748.txt
NewPage Holding CORP,0001329068,10-K,2011-02-17,edgar/data/1329068/0001193125-11-038864.txt
NewPage CORP,0001329069,10-K,2011-02-17,edgar/data/1329069/0001193125-11-038864.txt
WATERSTONE FINANCIAL INC,0001329517,10-K,2011-03-15,edgar/data/1329517/0001329517-11-000005.txt
BLACK NICKEL ACQUISITION CORP III,0001329551,10-K,2011-03-02,edgar/data/1329551/0001144204-11-012280.txt
BLACK NICKEL ACQUISITION CORP III,0001329551,10-K,2011-03-02,edgar/data/1329551/0001144204-11-012305.txt
BLACK NICKEL ACQUISITION CORP III,0001329551,10-K,2011-03-03,edgar/data/1329551/0001144204-11-012592.txt
Probe Manufacturing Inc,0001329606,10-K,2011-03-31,edgar/data/1329606/0001504412-11-000008.txt
Federal Home Loan Bank of Seattle,0001329701,10-K,2011-03-23,edgar/data/1329701/0001329701-11-000064.txt
Federal Home Loan Bank of New York,0001329842,10-K,2011-03-25,edgar/data/1329842/0000950123-11-029249.txt
"Vocus, Inc.",0001329919,10-K,2011-03-16,edgar/data/1329919/0000950123-11-025973.txt
Federal Home Loan Bank of Pittsburgh,0001330399,10-K,2011-03-18,edgar/data/1330399/0001445305-11-000445.txt
AmREIT Monthly Income & Growth Fund III Ltd,0001330466,10-K,2011-03-31,edgar/data/1330466/0000897101-11-000558.txt
iShares Silver Trust,0001330568,10-K,2011-02-25,edgar/data/1330568/0001193125-11-047475.txt
"KBS Real Estate Investment Trust, Inc.",0001330622,10-K,2011-03-31,edgar/data/1330622/0001193125-11-084818.txt
American Express Issuance Trust,0001330769,10-K,2011-03-28,edgar/data/1330769/0000950123-11-029669.txt
"HERCULES OFFSHORE, INC.",0001330849,10-K,2011-03-10,edgar/data/1330849/0000950123-11-023885.txt
"SMART BALANCE, INC.",0001331301,10-K,2011-02-24,edgar/data/1331301/0001144204-11-010763.txt
"AgFeed Industries, Inc.",0001331427,10-K,2011-03-16,edgar/data/1331427/0001144204-11-015335.txt
CHINA CLEAN ENERGY INC,0001331444,10-K,2011-03-30,edgar/data/1331444/0001193805-11-000582.txt
Federal Home Loan Bank of Chicago,0001331451,10-K,2011-03-17,edgar/data/1331451/0001331451-11-000053.txt
Federal Home Loan Bank of Boston,0001331463,10-K,2011-03-18,edgar/data/1331463/0001331463-11-000046.txt
Federal Home Loan Bank of Atlanta,0001331465,10-K,2011-03-25,edgar/data/1331465/0001193125-11-077319.txt
HOME BANCSHARES INC,0001331520,10-K,2011-03-10,edgar/data/1331520/0000950123-11-024013.txt
"Fresh Harvest Products, Inc.",0001331612,10-K,2011-02-15,edgar/data/1331612/0001052918-11-000067.txt
"TAL International Group, Inc.",0001331745,10-K,2011-02-18,edgar/data/1331745/0001047469-11-001054.txt
Federal Home Loan Bank of Indianapolis,0001331754,10-K,2011-03-18,edgar/data/1331754/0001331754-11-000046.txt
Federal Home Loan Bank of Dallas,0001331757,10-K,2011-03-25,edgar/data/1331757/0000950123-11-029285.txt
"Fidelity National Financial, Inc.",0001331875,10-K,2011-02-23,edgar/data/1331875/0000950123-11-017206.txt
iShares S&P GSCI Commodity-Indexed Trust,0001332174,10-K,2011-02-25,edgar/data/1332174/0001193125-11-047523.txt
"Legacy Bancorp, Inc.",0001332199,10-K,2011-03-16,edgar/data/1332199/0000950123-11-025998.txt
Brookdale Senior Living Inc.,0001332349,10-K,2011-02-28,edgar/data/1332349/0001332349-11-000010.txt
"Reef Global Energy VI, L.P.",0001332474,10-K,2011-03-31,edgar/data/1332474/0001104659-11-017986.txt
Resource Capital Corp.,0001332551,10-K,2011-03-14,edgar/data/1332551/0001376074-11-000062.txt
"Caribou Coffee Company, Inc.",0001332602,10-K,2011-03-25,edgar/data/1332602/0000950123-11-029172.txt
Cogdell Spencer Inc.,0001332896,10-K,2011-03-16,edgar/data/1332896/0000950123-11-026013.txt
National City Credit Card Master Note Trust,0001332961,10-K,2011-03-31,edgar/data/1332961/0000950123-11-031249.txt
"NxStage Medical, Inc.",0001333170,10-K,2011-02-18,edgar/data/1333170/0000950123-11-015749.txt
CADENCE PHARMACEUTICALS INC,0001333248,10-K,2011-03-04,edgar/data/1333248/0001193125-11-056422.txt
MERCER INTERNATIONAL INC.,0001333274,10-K,2011-02-17,edgar/data/1333274/0000950123-11-015166.txt
China Voice Holding Corp.,0001333491,10-K,2011-03-16,edgar/data/1333491/0001091818-11-000098.txt
"eHealth, Inc.",0001333493,10-K,2011-03-15,edgar/data/1333493/0001193125-11-067102.txt
"DealerTrack Holdings, Inc.",0001333513,10-K,2011-02-18,edgar/data/1333513/0001144204-11-009652.txt
FORCE ENERGY CORP.,0001333563,10-K,2011-02-24,edgar/data/1333563/0001255294-11-000063.txt
Thrive World Wide Inc.,0001333675,10-K,2011-01-13,edgar/data/1333675/0001144204-11-002122.txt
"Chelsea Therapeutics International, Ltd.",0001333763,10-K,2011-03-02,edgar/data/1333763/0001193125-11-053610.txt
"Crocs, Inc.",0001334036,10-K,2011-02-25,edgar/data/1334036/0001047469-11-001395.txt
"NCI, Inc.",0001334478,10-K,2011-02-28,edgar/data/1334478/0000950123-11-019836.txt
Emergency Medical Services L.P.,0001334544,10-K,2011-02-18,edgar/data/1334544/0001047469-11-001040.txt
MARINE GROWTH VENTURES INC,0001334794,10-K,2011-03-31,edgar/data/1334794/0001013762-11-000770.txt
"Clear Channel Outdoor Holdings, Inc.",0001334978,10-K,2011-02-14,edgar/data/1334978/0001193125-11-033673.txt
SRKP 5 INC,0001335103,10-K,2011-02-23,edgar/data/1335103/0001144204-11-010387.txt
"Vicor Technologies, Inc.",0001335104,10-K,2011-03-31,edgar/data/1335104/0000950123-11-031436.txt
"LIXTE BIOTECHNOLOGY HOLDINGS, INC.",0001335105,10-K,2011-03-28,edgar/data/1335105/0001144204-11-017576.txt
China Shenghuo Pharmaceutical Holdings Inc,0001335106,10-K,2011-03-30,edgar/data/1335106/0001144204-11-018245.txt
SINOBIOMED INC,0001335112,10-K,2011-03-31,edgar/data/1335112/0001144204-11-019270.txt
China Energy CORP,0001335137,10-K,2011-03-01,edgar/data/1335137/0001144204-11-011658.txt
MAGNUM HUNTER RESOURCES CORP,0001335190,10-K,2011-02-18,edgar/data/1335190/0000950123-11-015416.txt
Atlas America Public #15-2005 (A) Program,0001335236,10-K,2011-03-30,edgar/data/1335236/0000950123-11-030645.txt
"Live Nation Entertainment, Inc.",0001335258,10-K,2011-02-28,edgar/data/1335258/0001193125-11-050243.txt
"Cyalume Technologies Holdings, Inc.",0001335293,10-K,2011-03-28,edgar/data/1335293/0001144204-11-017415.txt
KeyOn Communications Holdings Inc.,0001335294,10-K,2011-03-30,edgar/data/1335294/0001171200-11-000275.txt
"United Development Funding III, LP",0001335732,10-K,2011-03-31,edgar/data/1335732/0001335732-11-000007.txt
Birmingham Bloomfield Bancshares,0001335792,10-K,2011-03-21,edgar/data/1335792/0000950123-11-027124.txt
"Boardwalk Pipeline Partners, LP",0001336047,10-K,2011-02-18,edgar/data/1336047/0001336047-11-000007.txt
"Strats(SM) Trust for JPMorgan Chase Capital XVII Securities, Series 2005-2",0001336178,10-K,2011-03-30,edgar/data/1336178/0000905148-11-000752.txt
Atlas America Public #14-2005 (A) LP,0001336339,10-K,2011-03-30,edgar/data/1336339/0000950123-11-030658.txt
"AMERICAN APPAREL, INC",0001336545,10-K,2011-03-31,edgar/data/1336545/0001445305-11-000600.txt
MOTRICITY INC,0001336691,10-K,2011-02-28,edgar/data/1336691/0001193125-11-050233.txt
"Under Armour, Inc.",0001336917,10-K,2011-02-24,edgar/data/1336917/0001193125-11-044799.txt
"SAIC, Inc.",0001336920,10-K,2011-03-25,edgar/data/1336920/0001193125-11-078283.txt
"UAN CULTURAL & CREATIVE CO., LTD.",0001337009,10-K,2011-03-07,edgar/data/1337009/0001144204-11-013148.txt
"InfuSystem Holdings, Inc",0001337013,10-K,2011-03-10,edgar/data/1337013/0001193125-11-062031.txt
Breezer Ventures Inc.,0001337182,10-K,2011-03-07,edgar/data/1337182/0001337182-11-000001.txt
"NEDAK ETHANOL, LLC",0001337226,10-K,2011-03-31,edgar/data/1337226/0000922907-11-000264.txt
SUNGARD CAPITAL CORP,0001337272,10-K,2011-03-01,edgar/data/1337272/0001193125-11-052345.txt
SUNGARD CAPITAL CORP II,0001337274,10-K,2011-03-01,edgar/data/1337274/0001193125-11-052345.txt
FutureFuel Corp.,0001337298,10-K,2011-03-16,edgar/data/1337298/0001068800-11-000032.txt
NSTAR ELECTRIC CO,0000013372,10-K,2011-02-14,edgar/data/13372/0000013372-11-000002.txt
China Intelligence Information Systems Inc.,0001337615,10-K,2011-03-29,edgar/data/1337615/0001144204-11-017701.txt
"ENVESTNET, INC.",0001337619,10-K,2011-03-18,edgar/data/1337619/0001193125-11-071290.txt
"Jazz Technologies, Inc.",0001337675,10-K,2011-02-22,edgar/data/1337675/0001178913-11-000578.txt
"Aegerion Pharmaceuticals, Inc.",0001338042,10-K,2011-03-31,edgar/data/1338042/0001193125-11-084896.txt
"DCP Midstream Partners, LP",0001338065,10-K,2011-03-01,edgar/data/1338065/0001193125-11-051867.txt
RIDGEWOOD ENERGY Q FUND LLC,0001338474,10-K,2011-03-04,edgar/data/1338474/0001214659-11-000746.txt
Titanium Group LTD,0001338520,10-K,2011-03-31,edgar/data/1338520/0000949353-11-000078.txt
"CHINA GENGSHENG MINERALS, INC.",0001338578,10-K,2011-03-31,edgar/data/1338578/0001204459-11-000919.txt
Regency Energy Partners LP,0001338613,10-K,2011-02-18,edgar/data/1338613/0001193125-11-039809.txt
POTLATCH CORP,0001338749,10-K,2011-02-23,edgar/data/1338749/0001193125-11-043305.txt
"Western Refining, Inc.",0001339048,10-K,2011-03-08,edgar/data/1339048/0000950123-11-022783.txt
"Somaxon Pharmaceuticals, Inc.",0001339455,10-K,2011-03-04,edgar/data/1339455/0000950123-11-022176.txt
"HealthSpring, Inc.",0001339553,10-K,2011-02-25,edgar/data/1339553/0000950123-11-018886.txt
"H&E Equipment Services, Inc.",0001339605,10-K,2011-03-03,edgar/data/1339605/0000950123-11-021691.txt
STRATS SM TRUST FOR Goldman Sachs Cap I SEC SERIES 2005-3,0001339920,10-K,2011-03-30,edgar/data/1339920/0000905148-11-000754.txt
"Complete Production Services, Inc.",0001340041,10-K,2011-02-22,edgar/data/1340041/0000950123-11-015858.txt
GlenRose Instruments Inc.,0001340095,10-K,2011-03-28,edgar/data/1340095/0001144204-11-017597.txt
"Calumet Specialty Products Partners, L.P.",0001340122,10-K,2011-02-22,edgar/data/1340122/0000950123-11-016186.txt
Rosetta Resources Inc.,0001340282,10-K,2011-02-25,edgar/data/1340282/0001140361-11-012097.txt
"Fuel Systems Solutions, Inc.",0001340786,10-K,2011-03-03,edgar/data/1340786/0001193125-11-055013.txt
"STRATS SM TRUST FOR WAL-MART STORES, INC. SECURITIES, SERIES 2005-4",0001340909,10-K,2011-03-30,edgar/data/1340909/0000905148-11-000724.txt
"Wells Timberland REIT, Inc.",0001341141,10-K,2011-03-22,edgar/data/1341141/0001341141-11-000008.txt
Neogenix Oncology Inc,0001341293,10-K,2011-03-31,edgar/data/1341293/0001144204-11-019108.txt
"Lake Shore Bancorp, Inc.",0001341318,10-K,2011-03-31,edgar/data/1341318/0001387131-11-000487.txt
"Banks.com, Inc.",0001341470,10-K,2011-03-31,edgar/data/1341470/0001193125-11-085080.txt
"Celsius Holdings, Inc.",0001341766,10-K,2011-03-31,edgar/data/1341766/0001213900-11-001621.txt
"CHINA DAQING M&H PETROLEUM, INC.",0001341780,10-K,2011-01-05,edgar/data/1341780/0001406774-11-000002.txt
"POLYMEDIX, INC",0001341843,10-K,2011-03-07,edgar/data/1341843/0001341843-11-000005.txt
Mobiform Software Inc,0001341878,10-K,2011-01-31,edgar/data/1341878/0001185185-11-000104.txt
Morgans Hotel Group Co.,0001342126,10-K,2011-03-16,edgar/data/1342126/0000950123-11-025968.txt
"STRATS (SM) TRUST FOR JPMORGAN CHASE CAPITAL XVII SECURITIES, SERIES 2005-5",0001342154,10-K,2011-03-30,edgar/data/1342154/0000905148-11-000756.txt
Limoneira CO,0001342423,10-K,2011-01-26,edgar/data/1342423/0001144204-11-004189.txt
ACCELLENT INC,0001342505,10-K,2011-03-25,edgar/data/1342505/0001193125-11-078221.txt
Atlas America Series 26-2005 L.P.,0001342514,10-K,2011-03-30,edgar/data/1342514/0000950123-11-030665.txt
Clenergen Corp,0001342916,10-K,2011-02-14,edgar/data/1342916/0001144204-11-008626.txt
"Advanced Voice Recognition Systems, Inc",0001342936,10-K,2011-03-30,edgar/data/1342936/0001342936-11-000009.txt
DIGITAL ALLY INC,0001342958,10-K,2011-03-31,edgar/data/1342958/0001354488-11-001012.txt
Community Partners Bancorp,0001343034,10-K,2011-03-31,edgar/data/1343034/0001214659-11-001067.txt
"STRATS(SM) TRUST FOR DOMINION RESOURCES, INC. SECURITIES, SERIES 2005-6",0001343491,10-K,2011-03-30,edgar/data/1343491/0000905148-11-000748.txt
Emergency Medical Services CORP,0001344154,10-K,2011-02-18,edgar/data/1344154/0001047469-11-001040.txt
Alexza Pharmaceuticals Inc.,0001344413,10-K,2011-03-15,edgar/data/1344413/0000950123-11-025571.txt
Pregis Holding II CORP,0001344494,10-K,2011-03-25,edgar/data/1344494/0000950123-11-029173.txt
"Reef Global Energy VII, L.P.",0001344530,10-K,2011-03-31,edgar/data/1344530/0001104659-11-017988.txt
"American Railcar Industries, Inc.",0001344596,10-K,2011-03-01,edgar/data/1344596/0000950123-11-020799.txt
"GLOBALPAYNET HOLDINGS, INC.",0001344807,10-K,2011-03-30,edgar/data/1344807/0001354488-11-001004.txt
"Alliance Holdings GP, L.P.",0001344980,10-K,2011-03-08,edgar/data/1344980/0001193125-11-059337.txt
Tim Hortons Inc.,0001345111,10-K,2011-02-25,edgar/data/1345111/0001193125-11-047696.txt
Compass Group Diversified Holdings LLC,0001345122,10-K,2011-03-10,edgar/data/1345122/0000950123-11-023987.txt
Compass Diversified Holdings,0001345126,10-K,2011-03-10,edgar/data/1345126/0000950123-11-023987.txt
PERFECTENERGY INTERNATIONAL LTD,0001345432,10-K,2011-01-31,edgar/data/1345432/0001144204-11-004892.txt
Nuveen Diversified Commodity Fund,0001345801,10-K,2011-03-23,edgar/data/1345801/0001193125-11-075374.txt
"Hughes Communications, Inc.",0001345840,10-K,2011-03-07,edgar/data/1345840/0001193125-11-057893.txt
"Hipso Multimedia, Inc.",0001345865,10-K,2011-03-09,edgar/data/1345865/0001295345-11-000018.txt
"Deltron, Inc.",0001345913,10-K,2011-01-14,edgar/data/1345913/0001056520-11-000008.txt
World Monitor Trust III - Series J,0001345991,10-K,2011-03-18,edgar/data/1345991/0001193125-11-071225.txt
MS STRUCTURED SATURNS SERIES 2005-3,0001346096,10-K,2011-03-31,edgar/data/1346096/0000903423-11-000184.txt
"ESP Resources, Inc.",0001346526,10-K,2011-03-31,edgar/data/1346526/0001354488-11-001038.txt
iShares S&P GSCI Commodity-Indexed Investing Pool LLC,0001346616,10-K,2011-02-25,edgar/data/1346616/0001193125-11-047523.txt
MS STRUCTURED TILES SERIES 2005-1,0001346757,10-K,2011-03-31,edgar/data/1346757/0000903423-11-000186.txt
"GENTOR RESOURCES, INC.",0001346917,10-K,2011-03-31,edgar/data/1346917/0001079382-11-000004.txt
Pet Airways Inc.,0001346973,10-K,2011-03-28,edgar/data/1346973/0001144204-11-017582.txt
"Chaparral Energy, Inc.",0001346980,10-K,2011-03-29,edgar/data/1346980/0001193125-11-080561.txt
POSITIVEID Corp,0001347022,10-K,2011-03-25,edgar/data/1347022/0001398432-11-000314.txt
ROCKY MOUNTAIN FUDGE CO IN,0001347078,10-K,2011-03-10,edgar/data/1347078/0001144204-11-013857.txt
Vanda Pharmaceuticals Inc.,0001347178,10-K,2011-03-10,edgar/data/1347178/0000950123-11-024187.txt
AFS SenSub Corp.,0001347185,10-K,2011-03-28,edgar/data/1347185/0001193125-11-079186.txt
AFS SenSub Corp.,0001347185,10-K,2011-03-28,edgar/data/1347185/0001193125-11-079190.txt
AFS SenSub Corp.,0001347185,10-K,2011-03-28,edgar/data/1347185/0001193125-11-079209.txt
AFS SenSub Corp.,0001347185,10-K,2011-03-28,edgar/data/1347185/0001193125-11-079211.txt
AFS SenSub Corp.,0001347185,10-K,2011-03-28,edgar/data/1347185/0001193125-11-079214.txt
AFS SenSub Corp.,0001347185,10-K,2011-03-28,edgar/data/1347185/0001193125-11-079221.txt
"Atlas Energy, L.P.",0001347218,10-K,2011-02-25,edgar/data/1347218/0001193125-11-047465.txt
"Akeena Solar, Inc.",0001347452,10-K,2011-03-02,edgar/data/1347452/0001347452-11-000008.txt
"Apartment Trust of America, Inc.",0001347523,10-K,2011-03-25,edgar/data/1347523/0000950123-11-029240.txt
"SYNERGY PHARMACEUTICALS, INC.",0001347613,10-K,2011-03-16,edgar/data/1347613/0001047469-11-002234.txt
TORTOISE CAPITAL RESOURCES CORP,0001347652,10-K,2011-01-26,edgar/data/1347652/0001206774-11-000104.txt
"Flagstone Reinsurance Holdings, S.A.",0001347815,10-K,2011-03-02,edgar/data/1347815/0001347815-11-000008.txt
Monza Ventures Inc.,0001347870,10-K,2011-02-28,edgar/data/1347870/0001347870-11-000002.txt
VALIDUS HOLDINGS LTD,0001348259,10-K,2011-02-18,edgar/data/1348259/0000950123-11-015701.txt
LEXARIA CORP.,0001348362,10-K,2011-01-31,edgar/data/1348362/0001204459-11-000244.txt
"Entergy Louisiana, LLC",0001348952,10-K,2011-02-28,edgar/data/1348952/0000065984-11-000033.txt
SANDRIDGE ENERGY INC,0001349436,10-K,2011-02-28,edgar/data/1349436/0001193125-11-048650.txt
TOWERSTREAM CORP,0001349437,10-K,2011-03-17,edgar/data/1349437/0001144204-11-015571.txt
MS STRUCTURED TILES SERIES 2006-1,0001349577,10-K,2011-03-31,edgar/data/1349577/0000903423-11-000175.txt
FLORIDIAN FINANCIAL GROUP INC,0001349593,10-K,2011-03-25,edgar/data/1349593/0001171200-11-000240.txt
"UNIVERSAL TRACKING SOLUTIONS, INC",0001349922,10-K,2011-01-28,edgar/data/1349922/0001144204-11-004761.txt
American Standard Energy Corp.,0001349976,10-K,2011-03-18,edgar/data/1349976/0001144204-11-015682.txt
"Ascent Solar Technologies, Inc.",0001350102,10-K,2011-02-28,edgar/data/1350102/0001193125-11-049878.txt
INNERWORKINGS INC,0001350381,10-K,2011-03-02,edgar/data/1350381/0001350381-11-000006.txt
Rockies Region Private LP,0001350567,10-K,2011-03-30,edgar/data/1350567/0001140361-11-019367.txt
"Alphatec Holdings, Inc.",0001350653,10-K,2011-03-04,edgar/data/1350653/0001193125-11-055368.txt
"China Information Technology, Inc.",0001350684,10-K,2011-03-08,edgar/data/1350684/0001204459-11-000630.txt
Ascend Acquisition Corp.,0001350773,10-K,2011-03-31,edgar/data/1350773/0001144204-11-018931.txt
"Skilled Healthcare Group, Inc.",0001351051,10-K,2011-02-14,edgar/data/1351051/0001193125-11-035701.txt
ROSETTA STONE INC,0001351285,10-K,2011-03-14,edgar/data/1351285/0001047469-11-002112.txt
"Delek US Holdings, Inc.",0001351541,10-K,2011-03-11,edgar/data/1351541/0000950123-11-024727.txt
Commonwealth Income & Growth Fund VI,0001351901,10-K,2011-03-31,edgar/data/1351901/0001351901-11-000002.txt
RIDGEWOOD ENERGY S FUND LLC,0001352190,10-K,2011-03-04,edgar/data/1352190/0001214659-11-000744.txt
"Beijing Century Health Medical, Inc.",0001352482,10-K,2011-02-18,edgar/data/1352482/0001137050-11-000040.txt
ACCELERIZE NEW MEDIA INC,0001352952,10-K,2011-03-31,edgar/data/1352952/0001437749-11-001899.txt
Alarion Financial Services Inc,0001353174,10-K,2011-03-31,edgar/data/1353174/0001193125-11-084733.txt
"LoopNet, Inc.",0001353209,10-K,2011-03-03,edgar/data/1353209/0000950123-11-021625.txt
"STRATS(SM) Trust for Procter & Gamble Securities, Series 2006-1",0001353226,10-K,2011-03-30,edgar/data/1353226/0000905148-11-000712.txt
WARRINGTON FUND LP,0001353282,10-K,2011-03-31,edgar/data/1353282/0000950123-11-031392.txt
"China Marketing Media Holdings, Inc.",0001353307,10-K,2011-03-31,edgar/data/1353307/0001204459-11-000871.txt
MAGNEGAS CORP,0001353487,10-K,2011-03-30,edgar/data/1353487/0001213900-11-001579.txt
Max Sound Corp,0001353499,10-K,2011-03-31,edgar/data/1353499/0001213900-11-001632.txt
CURRENCYSHARES BRITISH POUND STERLING TRUST,0001353611,10-K,2011-01-14,edgar/data/1353611/0001193125-11-007991.txt
CURRENCYSHARES CANADIAN DOLLAR TRUST,0001353612,10-K,2011-01-14,edgar/data/1353612/0001193125-11-007985.txt
CURRENCYSHARES JAPANESE YEN TRUST,0001353613,10-K,2011-01-14,edgar/data/1353613/0001193125-11-007992.txt
CURRENCYSHARES SWISS FRANC TRUST,0001353615,10-K,2011-01-14,edgar/data/1353615/0001193125-11-007993.txt
CURRENCYSHARES SWEDISH KRONA TRUST,0001353616,10-K,2011-01-14,edgar/data/1353616/0001193125-11-007981.txt
CURRENCYSHARES MEXICAN PESO TRUST,0001353617,10-K,2011-01-14,edgar/data/1353617/0001193125-11-007984.txt
"Mewbourne Energy Partners 06-A, L.P.",0001353722,10-K,2011-03-31,edgar/data/1353722/0001193125-11-083469.txt
"OCM HoldCo, LLC",0001353741,10-K,2011-03-31,edgar/data/1353741/0001104659-11-017977.txt
"Mewbourne Energy Partners 07-A, L.P.",0001353748,10-K,2011-03-31,edgar/data/1353748/0001193125-11-083525.txt
China XD Plastics Co Ltd,0001353970,10-K,2011-03-31,edgar/data/1353970/0001079973-11-000255.txt
"SkyShop Logistics, Inc.",0001354027,10-K,2011-03-17,edgar/data/1354027/0001188112-11-000595.txt
Organic Sales & Marketing Inc,0001354030,10-K,2011-02-15,edgar/data/1354030/0001144204-11-008799.txt
"CHINA PEDIATRIC PHARMACEUTICALS, INC.",0001354071,10-K,2011-03-31,edgar/data/1354071/0001013762-11-000848.txt
"SBT Bancorp, Inc.",0001354174,10-K,2011-03-28,edgar/data/1354174/0001157523-11-001759.txt
Big Bear Mining Corp.,0001354213,10-K,2011-03-31,edgar/data/1354213/0001432093-11-000166.txt
Volcano Corp,0001354217,10-K,2011-03-01,edgar/data/1354217/0001193125-11-050623.txt
FSP PHOENIX TOWER CORP,0001354309,10-K,2011-03-14,edgar/data/1354309/0001171520-11-000212.txt
"PGT, Inc.",0001354327,10-K,2011-03-21,edgar/data/1354327/0001354327-11-000005.txt
PPLUS Trust Series RRD-1,0001354371,10-K,2011-03-28,edgar/data/1354371/0001174947-11-000116.txt
"CTC Media, Inc.",0001354513,10-K,2011-03-01,edgar/data/1354513/0001047469-11-001617.txt
PowerShares DB G10 Currency Harvest Fund,0001354730,10-K,2011-02-28,edgar/data/1354730/0001193125-11-050017.txt
HARLAND CLARKE HOLDINGS CORP,0001354752,10-K,2011-03-04,edgar/data/1354752/0000950123-11-021960.txt
NORTHEAST COMMUNITY BANCORP INC,0001354772,10-K,2011-03-31,edgar/data/1354772/0000914317-11-000480.txt
ENTRX CORP,0000013547,10-K,2011-03-31,edgar/data/13547/0001144204-11-018910.txt
Security Devices International Inc.,0001354866,10-K,2011-03-15,edgar/data/1354866/0001004878-11-000074.txt
"NewCardio, Inc.",0001354942,10-K,2011-03-29,edgar/data/1354942/0001013762-11-000740.txt
REALOGY CORP,0001355001,10-K,2011-03-04,edgar/data/1355001/0001193125-11-055562.txt
China Auto Logistics Inc,0001355042,10-K,2011-03-31,edgar/data/1355042/0001144204-11-018582.txt
LIBERTY MEDIA CORP,0001355096,10-K,2011-02-28,edgar/data/1355096/0001047469-11-001521.txt
HEALTHY FAST FOOD INC,0001355304,10-K,2011-03-10,edgar/data/1355304/0000949353-11-000044.txt
Santa Lucia Bancorp,0001355607,10-K,2011-03-03,edgar/data/1355607/0001144204-11-012677.txt
"CHICOPEE BANCORP, INC.",0001355786,10-K,2011-03-16,edgar/data/1355786/0001157523-11-001600.txt
International Stem Cell CORP,0001355790,10-K,2011-03-24,edgar/data/1355790/0001193125-11-076427.txt
ROMA FINANCIAL CORP,0001355823,10-K,2011-03-11,edgar/data/1355823/0000946275-11-000097.txt
"Snap Interactive, Inc",0001355839,10-K,2011-03-31,edgar/data/1355839/0001213900-11-001691.txt
Newport Bancorp Inc,0001355855,10-K,2011-03-18,edgar/data/1355855/0000914317-11-000403.txt
PPlus Trust Series GSC-4,0001355899,10-K,2011-03-28,edgar/data/1355899/0001174947-11-000117.txt
WIRELESS RONIN TECHNOLOGIES INC,0001356093,10-K,2011-03-22,edgar/data/1356093/0000950123-11-027681.txt
"Mellanox Technologies, Ltd.",0001356104,10-K,2011-03-07,edgar/data/1356104/0001047469-11-001759.txt
"STRATS(SM) Trust for Goldman Sachs Group Securities, Series 2006-2",0001356284,10-K,2011-03-30,edgar/data/1356284/0000905148-11-000718.txt
"AMERICAN LITHIUM MINERALS, INC.",0001356371,10-K,2011-01-10,edgar/data/1356371/0001273511-11-000010.txt
Trius Therapeutics Inc,0001356857,10-K,2011-03-25,edgar/data/1356857/0001193125-11-076871.txt
Houston Wire & Cable CO,0001356949,10-K,2011-03-15,edgar/data/1356949/0001144204-11-014955.txt
Brekford Corp.,0001357115,10-K,2011-02-24,edgar/data/1357115/0001354488-11-000599.txt
"Solera National Bancorp, Inc.",0001357231,10-K,2011-03-23,edgar/data/1357231/0001104659-11-016032.txt
"Riverbed Technology, Inc.",0001357326,10-K,2011-02-08,edgar/data/1357326/0001193125-11-027409.txt
Atlas America Public #15-2006 (B) L.P.,0001357361,10-K,2011-03-30,edgar/data/1357361/0000950123-11-030659.txt
BreitBurn Energy Partners L.P.,0001357371,10-K,2011-03-09,edgar/data/1357371/0001144204-11-013727.txt
"Neuralstem, Inc.",0001357459,10-K,2011-03-16,edgar/data/1357459/0001144204-11-015138.txt
"KBR, INC.",0001357615,10-K,2011-02-23,edgar/data/1357615/0001193125-11-043559.txt
"STRATS(SM) Trust for Allstate Corp Securities, Series 2006-3",0001357660,10-K,2011-03-30,edgar/data/1357660/0000905148-11-000720.txt
"LILM, INC.",0001357671,10-K,2011-03-31,edgar/data/1357671/0000931731-11-000062.txt
FLAG INTERMEDIATE HOLDINGS Corp,0001357787,10-K,2011-03-16,edgar/data/1357787/0001193125-11-068769.txt
PPlus Trust Series LTD-1,0001357861,10-K,2011-03-28,edgar/data/1357861/0001174947-11-000118.txt
CREENERGY Corp,0001357878,10-K,2011-03-11,edgar/data/1357878/0001072588-11-000050.txt
"Proper Power & Energy, Inc.",0001357939,10-K,2011-03-31,edgar/data/1357939/0001380389-11-000028.txt
"LifeCare Holdings, Inc.",0001358057,10-K,2011-03-30,edgar/data/1358057/0001193125-11-082912.txt
CONCHO RESOURCES INC,0001358071,10-K,2011-02-25,edgar/data/1358071/0000950123-11-018697.txt
Orient Paper Inc.,0001358190,10-K,2011-03-15,edgar/data/1358190/0001144204-11-014970.txt
"ES Bancshares, Inc.",0001358254,10-K,2011-03-30,edgar/data/1358254/0001437749-11-001877.txt
"Porter Bancorp, Inc.",0001358356,10-K,2011-03-31,edgar/data/1358356/0001157523-11-001813.txt
"Intelligent Buying, Inc.",0001358633,10-K,2011-03-29,edgar/data/1358633/0001144204-11-017732.txt
LEGACY RESERVES LP,0001358831,10-K,2011-03-04,edgar/data/1358831/0001206774-11-000424.txt
"Intcomex, Inc.",0001359425,10-K,2011-03-31,edgar/data/1359425/0001193125-11-085131.txt
"SGS International, Inc.",0001359527,10-K,2011-03-14,edgar/data/1359527/0001193125-11-065690.txt
ICO Global Communications (Holdings) LTD,0001359555,10-K,2011-03-22,edgar/data/1359555/0001193125-11-073039.txt
"RED TRAIL ENERGY, LLC",0001359687,10-K,2011-03-31,edgar/data/1359687/0001144204-11-018900.txt
Hanesbrands Inc.,0001359841,10-K,2011-02-16,edgar/data/1359841/0000950123-11-014418.txt
Ultra Sun Corp,0001360442,10-K,2011-03-29,edgar/data/1360442/0000823579-11-000078.txt
CRC Health CORP,0001360474,10-K,2011-03-30,edgar/data/1360474/0001193125-11-083130.txt
"Vitamin Shoppe, Inc.",0001360530,10-K,2011-03-09,edgar/data/1360530/0001193125-11-060842.txt
"Integrated Management Information, Inc.",0001360565,10-K,2011-03-10,edgar/data/1360565/0001104659-11-013565.txt
"HEALTHCARE TRUST OF AMERICA, INC.",0001360604,10-K,2011-03-25,edgar/data/1360604/0000950123-11-029301.txt
"OSIRIS THERAPEUTICS, INC.",0001360886,10-K,2011-03-14,edgar/data/1360886/0001047469-11-002089.txt
Evercore Partners Inc.,0001360901,10-K,2011-03-09,edgar/data/1360901/0001193125-11-060912.txt
ONE EARTH ENERGY LLC,0001360944,10-K,2011-03-31,edgar/data/1360944/0000950123-11-031593.txt
DCP Holding CO,0001361025,10-K,2011-03-16,edgar/data/1361025/0001193125-11-068301.txt
COMPLETE GENOMICS INC,0001361103,10-K,2011-03-30,edgar/data/1361103/0001193125-11-083079.txt
"Western Iowa Energy, L.L.C.",0001361312,10-K,2011-03-29,edgar/data/1361312/0000950123-11-030244.txt
"Affinion Group, Inc.",0001361394,10-K,2011-03-04,edgar/data/1361394/0001193125-11-055272.txt
Primoris Services Corp,0001361538,10-K,2011-03-16,edgar/data/1361538/0001104659-11-014886.txt
WYNDHAM WORLDWIDE CORP,0001361658,10-K,2011-02-22,edgar/data/1361658/0000950123-11-016350.txt
Susser Holdings CORP,0001361709,10-K,2011-03-18,edgar/data/1361709/0001193125-11-070573.txt
"Westway Group, Inc.",0001361872,10-K,2011-03-31,edgar/data/1361872/0001193125-11-084623.txt
SRKP 10 INC,0001361917,10-K,2011-02-23,edgar/data/1361917/0001144204-11-010393.txt
"EV Energy Partners, LP",0001361937,10-K,2011-03-01,edgar/data/1361937/0001144204-11-011685.txt
ORBCOMM Inc.,0001361983,10-K,2011-03-16,edgar/data/1361983/0000950123-11-026030.txt
"ICF International, Inc.",0001362004,10-K,2011-03-04,edgar/data/1362004/0001193125-11-056232.txt
Allegiant Travel CO,0001362468,10-K,2011-03-11,edgar/data/1362468/0001437749-11-001503.txt
METALS USA HOLDINGS CORP.,0001362491,10-K,2011-03-16,edgar/data/1362491/0001193125-11-068751.txt
"Cleartronic, Inc.",0001362516,10-K,2011-01-11,edgar/data/1362516/0001091818-11-000016.txt
Constellation Energy Partners LLC,0001362705,10-K,2011-02-25,edgar/data/1362705/0001193125-11-047700.txt
Aircastle LTD,0001362988,10-K,2011-03-10,edgar/data/1362988/0000950123-11-024192.txt
Pegasi Energy Resources Corporation.,0001363254,10-K,2011-03-31,edgar/data/1363254/0001013762-11-000812.txt
Marketing Acquisition Corp,0001363343,10-K,2011-03-28,edgar/data/1363343/0001010549-11-000257.txt
Enstar Group LTD,0001363829,10-K,2011-03-07,edgar/data/1363829/0000950123-11-022319.txt
SXC Health Solutions Corp.,0001363851,10-K,2011-02-25,edgar/data/1363851/0001363851-11-000013.txt
"WESTERN CAPITAL RESOURCES, INC.",0001363958,10-K,2011-03-28,edgar/data/1363958/0001144204-11-017380.txt
"Innophos Holdings, Inc.",0001364099,10-K,2011-02-28,edgar/data/1364099/0001193125-11-050251.txt
"Cal Dive International, Inc.",0001364100,10-K,2011-03-02,edgar/data/1364100/0001364100-11-000006.txt
Douglas Emmett Inc,0001364250,10-K,2011-02-25,edgar/data/1364250/0001364250-11-000008.txt
"Pure Minerals, Inc.",0001364326,10-K,2011-01-25,edgar/data/1364326/0001062993-11-000285.txt
RIDGEWOOD ENERGY T FUND LLC,0001364397,10-K,2011-02-18,edgar/data/1364397/0001214659-11-000566.txt
HERTZ GLOBAL HOLDINGS INC,0001364479,10-K,2011-02-25,edgar/data/1364479/0001047469-11-001397.txt
EAGLE ROCK ENERGY PARTNERS L P,0001364541,10-K,2011-03-11,edgar/data/1364541/0001364541-11-000017.txt
"Helix Wind, Corp.",0001364560,10-K,2011-03-31,edgar/data/1364560/0001019687-11-001023.txt
BlackRock Inc.,0001364742,10-K,2011-02-28,edgar/data/1364742/0001193125-11-050218.txt
"Monarch Financial Holdings, Inc.",0001364856,10-K,2011-03-28,edgar/data/1364856/0001193125-11-079972.txt
"Spirit AeroSystems Holdings, Inc.",0001364885,10-K,2011-02-22,edgar/data/1364885/0000950123-11-016606.txt
"MedPro Safety Products, Inc.",0001364896,10-K,2011-03-29,edgar/data/1364896/0001144204-11-017979.txt
DEMAND MEDIA INC.,0001365038,10-K,2011-03-01,edgar/data/1365038/0001047469-11-001615.txt
Primo Water Corp,0001365101,10-K,2011-03-30,edgar/data/1365101/0000950123-11-030888.txt
Western Union CO,0001365135,10-K,2011-02-25,edgar/data/1365135/0000950123-11-018841.txt
"Sucampo Pharmaceuticals, Inc.",0001365216,10-K,2011-03-08,edgar/data/1365216/0001144204-11-013518.txt
Baoshinn Corp,0001365357,10-K,2011-03-30,edgar/data/1365357/0001095601-11-000008.txt
"Amtrust Financial Services, Inc.",0001365555,10-K,2011-03-15,edgar/data/1365555/0001144204-11-014945.txt
Chino Commercial Bancorp,0001365794,10-K,2011-03-31,edgar/data/1365794/0001171843-11-000890.txt
CYBRA CORP,0001365832,10-K,2011-03-31,edgar/data/1365832/0001213900-11-001699.txt
"AMYRIS, INC.",0001365916,10-K,2011-03-14,edgar/data/1365916/0001193125-11-065613.txt
Bank of the Carolinas CORP,0001365997,10-K,2011-03-30,edgar/data/1365997/0001193125-11-083034.txt
GLU MOBILE INC,0001366246,10-K,2011-03-21,edgar/data/1366246/0000950123-11-027402.txt
"Penn Virginia GP Holdings, L.P.",0001366292,10-K,2011-02-24,edgar/data/1366292/0001193125-11-044924.txt
"Juhl Wind, Inc",0001366312,10-K,2011-03-31,edgar/data/1366312/0001437749-11-001970.txt
Converted Organics Inc.,0001366340,10-K,2011-03-31,edgar/data/1366340/0000950123-11-031489.txt
YADKIN VALLEY FINANCIAL CORP,0001366367,10-K,2011-03-10,edgar/data/1366367/0000950123-11-023994.txt
Dialogic Inc.,0001366649,10-K,2011-03-31,edgar/data/1366649/0001193125-11-084874.txt
HOMELAND ENERGY SOLUTIONS LLC,0001366744,10-K,2011-02-18,edgar/data/1366744/0001366744-11-000011.txt
"Piedmont Mining Company, Inc.",0001366826,10-K,2011-03-24,edgar/data/1366826/0001001277-11-000025.txt
"Globalstar, Inc.",0001366868,10-K,2011-03-31,edgar/data/1366868/0001144204-11-019122.txt
AEP Texas Central Transition Funding II LLC,0001366928,10-K,2011-03-31,edgar/data/1366928/0000004904-11-000054.txt
"Skagit State Bancorp, Inc.",0001366986,10-K,2011-03-10,edgar/data/1366986/0001104659-11-013616.txt
"EXTERRAN PARTNERS, L.P.",0001367064,10-K,2011-02-24,edgar/data/1367064/0000950123-11-017957.txt
PowerShares DB Multi-Sector Commodity Trust,0001367306,10-K,2011-02-28,edgar/data/1367306/0001193125-11-050037.txt
PowerShares DB Multi-Sector Commodity Trust,0001367306,10-K,2011-03-14,edgar/data/1367306/0001193125-11-065705.txt
PowerShares DB Multi-Sector Commodity Trust,0001367306,10-K,2011-03-14,edgar/data/1367306/0001193125-11-065728.txt
PowerShares DB Multi-Sector Commodity Trust,0001367306,10-K,2011-03-14,edgar/data/1367306/0001193125-11-065769.txt
PowerShares DB Multi-Sector Commodity Trust,0001367306,10-K,2011-03-14,edgar/data/1367306/0001193125-11-065785.txt
PowerShares DB Multi-Sector Commodity Trust,0001367306,10-K,2011-03-14,edgar/data/1367306/0001193125-11-065804.txt
PowerShares DB Multi-Sector Commodity Trust,0001367306,10-K,2011-03-14,edgar/data/1367306/0001193125-11-065821.txt
MCT HOLDING CORP,0001367311,10-K,2011-03-23,edgar/data/1367311/0001010412-11-000104.txt
SUPERMEDIA INC.,0001367396,10-K,2011-02-24,edgar/data/1367396/0001104659-11-009485.txt
Sino American Oil Co,0001367408,10-K,2011-01-12,edgar/data/1367408/0001002014-11-000013.txt
Emergent BioSolutions Inc.,0001367644,10-K,2011-03-11,edgar/data/1367644/0001367644-11-000017.txt
SPICY PICKLE FRANCHISING INC,0001367722,10-K,2011-03-17,edgar/data/1367722/0000949353-11-000059.txt
USChina Channel Inc,0001367898,10-K,2011-03-31,edgar/data/1367898/0001448788-11-000058.txt
NYSE Euronext,0001368007,10-K,2011-02-28,edgar/data/1368007/0000950123-11-019827.txt
"ATHERSYS, INC / NEW",0001368148,10-K,2011-03-25,edgar/data/1368148/0000950123-11-028949.txt
"IPKV Holdings, Inc.",0001368194,10-K,2011-03-31,edgar/data/1368194/0001374940-11-000099.txt
Oriental Dragon Corp,0001368196,10-K,2011-03-31,edgar/data/1368196/0001144204-11-019086.txt
Clean Energy Fuels Corp.,0001368265,10-K,2011-03-10,edgar/data/1368265/0001047469-11-001969.txt
SRKP 14 INC,0001368309,10-K,2011-02-23,edgar/data/1368309/0001144204-11-010402.txt
SRKP 12 INC,0001368310,10-K,2011-02-23,edgar/data/1368310/0001144204-11-010396.txt
"HSW International, Inc.",0001368365,10-K,2011-03-29,edgar/data/1368365/0001368365-11-000009.txt
"DALIAN CAPITAL GROUP, INC.",0001368568,10-K,2011-02-09,edgar/data/1368568/0001368568-11-000005.txt
"GTJ REIT, Inc.",0001368757,10-K,2011-03-31,edgar/data/1368757/0001009448-11-000017.txt
Patio Bahia Inc,0001368770,10-K,2011-03-28,edgar/data/1368770/0001437749-11-001796.txt
"GateHouse Media, Inc.",0001368900,10-K,2011-03-01,edgar/data/1368900/0001193125-11-052269.txt
"Reef Global Energy VIII, L.P.",0001368954,10-K,2011-03-31,edgar/data/1368954/0001104659-11-017990.txt
"WaferGen Bio-systems, Inc.",0001368993,10-K,2011-03-31,edgar/data/1368993/0001368993-11-000002.txt
"UFood Restaurant Group, Inc.",0001369233,10-K,2011-03-21,edgar/data/1369233/0000950123-11-027346.txt
"CATALYST PHARMACEUTICAL PARTNERS, INC.",0001369568,10-K,2011-03-31,edgar/data/1369568/0001193125-11-084965.txt
MS Structured SATURNS Series 2006-2,0001369688,10-K,2011-03-31,edgar/data/1369688/0000903423-11-000176.txt
"Shiner International, Inc.",0001369774,10-K,2011-03-31,edgar/data/1369774/0001144204-11-019097.txt
"OneBeacon Insurance Group, Ltd.",0001369817,10-K,2011-02-28,edgar/data/1369817/0001047469-11-001466.txt
"China Biologic Products, Inc.",0001369868,10-K,2011-03-31,edgar/data/1369868/0001204459-11-000921.txt
"Flex Fuels Energy, Inc.",0001370030,10-K,2011-03-23,edgar/data/1370030/0001185185-11-000349.txt
"First California Financial Group, Inc.",0001370291,10-K,2011-03-30,edgar/data/1370291/0001387131-11-000474.txt
"Willdan Group, Inc.",0001370450,10-K,2011-03-29,edgar/data/1370450/0001047469-11-002825.txt
"Florida Bank Group, Inc.",0001370914,10-K,2011-03-25,edgar/data/1370914/0001193125-11-078088.txt
Owens Corning,0001370946,10-K,2011-02-16,edgar/data/1370946/0001193125-11-037296.txt
BioSolar Inc,0001371128,10-K,2011-03-22,edgar/data/1371128/0001144204-11-016181.txt
EnteroMedics Inc,0001371217,10-K,2011-03-07,edgar/data/1371217/0001193125-11-057769.txt
FBR CAPITAL MARKETS CORP,0001371446,10-K,2011-03-15,edgar/data/1371446/0001193125-11-067289.txt
HIGHWATER ETHANOL LLC,0001371451,10-K,2011-02-03,edgar/data/1371451/0001104659-11-004695.txt
"Znomics, Inc.",0001371473,10-K,2011-03-04,edgar/data/1371473/0001171843-11-000683.txt
"CLEANTECH TRANSIT, INC.",0001371487,10-K,2011-02-09,edgar/data/1371487/0001144204-11-006778.txt
Information Services Group Inc.,0001371489,10-K,2011-03-16,edgar/data/1371489/0001047469-11-002222.txt
PowerShares DB US Dollar Index Trust,0001371571,10-K,2011-03-01,edgar/data/1371571/0001193125-11-050384.txt
PowerShares DB US Dollar Index Trust,0001371571,10-K,2011-03-01,edgar/data/1371571/0001193125-11-050406.txt
"World Energy Solutions, Inc.",0001371781,10-K,2011-02-17,edgar/data/1371781/0000950123-11-014931.txt
MV Oil Trust,0001371782,10-K,2011-03-14,edgar/data/1371782/0001047469-11-002105.txt
UNIVERSAL POWER GROUP INC.,0001372000,10-K,2011-03-31,edgar/data/1372000/0000930413-11-002461.txt
Great Lakes Dredge & Dock CORP,0001372020,10-K,2011-03-15,edgar/data/1372020/0001193125-11-066245.txt
PAETEC Holding Corp.,0001372041,10-K,2011-03-16,edgar/data/1372041/0001193125-11-068762.txt
"ONE Bio, Corp.",0001372267,10-K,2011-03-31,edgar/data/1372267/0001354488-11-001040.txt
KALEX CORP,0001372620,10-K,2011-03-18,edgar/data/1372620/0001013762-11-000660.txt
"COMVERGE, INC.",0001372664,10-K,2011-03-09,edgar/data/1372664/0001372664-11-000026.txt
Kohlberg Capital CORP,0001372807,10-K,2011-03-04,edgar/data/1372807/0001144204-11-013015.txt
"Gryphon Resources, Inc.",0001372954,10-K,2011-01-12,edgar/data/1372954/0001127855-11-000016.txt
"RJS Development, Inc.",0001373149,10-K,2011-03-18,edgar/data/1373149/0001078782-11-000697.txt
Good Earth Land Sales CO,0001373150,10-K,2011-03-04,edgar/data/1373150/0001078782-11-000583.txt
AlphaMetrix Managed Futures LLC (Aspect Series),0001373179,10-K,2011-03-31,edgar/data/1373179/0000905148-11-000777.txt
"STRATS Trust For News Corp. Securities, Series 2006-4",0001373206,10-K,2011-03-30,edgar/data/1373206/0001068238-11-000127.txt
"FIRST CAPITAL BANCORP, INC.",0001373525,10-K,2011-03-31,edgar/data/1373525/0001193125-11-084681.txt
"NewStar Financial, Inc.",0001373561,10-K,2011-03-04,edgar/data/1373561/0001193125-11-056248.txt
BioFuel Energy Corp.,0001373670,10-K,2011-03-29,edgar/data/1373670/0001144204-11-017756.txt
QUINTANA GOLD RESOURCES CORP.,0001373792,10-K,2011-03-29,edgar/data/1373792/0000931731-11-000060.txt
Spectra Energy Corp.,0001373835,10-K,2011-02-24,edgar/data/1373835/0001193125-11-045402.txt
"China Internet Caf? Holdings Group, Inc.",0001373846,10-K,2011-03-31,edgar/data/1373846/0001144204-11-018628.txt
"Heelys, Inc.",0001373980,10-K,2011-03-10,edgar/data/1373980/0001140361-11-015760.txt
Essex Rental Corp.,0001373988,10-K,2011-03-16,edgar/data/1373988/0001144204-11-015163.txt
"CBOE Holdings, Inc.",0001374310,10-K,2011-03-16,edgar/data/1374310/0001047469-11-002202.txt
"Altra Holdings, Inc.",0001374535,10-K,2011-02-28,edgar/data/1374535/0000950123-11-019904.txt
Geopulse Exploration Inc.,0001374584,10-K,2011-03-10,edgar/data/1374584/0001137050-11-000055.txt
WELLS MID-HORIZON VALUE-ADDED FUND I LLC,0001374694,10-K,2011-03-22,edgar/data/1374694/0001193125-11-073712.txt
Atlas Resources Public #16-2007 (A) L.P.,0001374985,10-K,2011-03-30,edgar/data/1374985/0000950123-11-030696.txt
NextWave Wireless Inc.,0001374993,10-K,2011-03-17,edgar/data/1374993/0000909518-11-000124.txt
"ZOGENIX, INC.",0001375151,10-K,2011-03-04,edgar/data/1375151/0001193125-11-056233.txt
3DICON CORP,0001375195,10-K,2011-03-31,edgar/data/1375195/0001144204-11-019278.txt
NUPATHE INC.,0001375200,10-K,2011-03-18,edgar/data/1375200/0000950123-11-026641.txt
"Obagi Medical Products, Inc.",0001375247,10-K,2011-03-11,edgar/data/1375247/0001375247-11-000005.txt
ONCURE HOLDINGS INC,0001375424,10-K,2011-03-15,edgar/data/1375424/0001104659-11-014321.txt
"Guidance Software, Inc.",0001375557,10-K,2011-03-02,edgar/data/1375557/0001104659-11-011808.txt
UNIVERSAL GOLD MINING CORP.,0001375596,10-K,2011-03-31,edgar/data/1375596/0001144204-11-018749.txt
GOLD CREST MINES INC,0001375618,10-K,2011-03-16,edgar/data/1375618/0001052918-11-000094.txt
BTHC X INC,0001375685,10-K,2011-03-29,edgar/data/1375685/0001010549-11-000277.txt
"THT Heat Transfer Technology, Inc.",0001375686,10-K,2011-03-28,edgar/data/1375686/0001204459-11-000820.txt
GTX CORP,0001375793,10-K,2011-03-31,edgar/data/1375793/0001144204-11-019143.txt
Structured Products Corp CorTS Trust V for IBM Debentures,0001376056,10-K,2011-03-28,edgar/data/1376056/0001282695-11-000064.txt
"Venture Lending & Leasing V, Inc.",0001376067,10-K,2011-03-25,edgar/data/1376067/0001376067-11-000002.txt
"LEAF Equipment Leasing Income Fund III, L.P.",0001376074,10-K,2011-03-31,edgar/data/1376074/0001140361-11-019807.txt
CVR ENERGY INC,0001376139,10-K,2011-03-07,edgar/data/1376139/0000950123-11-022741.txt
"United States Natural Gas Fund, LP",0001376227,10-K,2011-03-01,edgar/data/1376227/0001193125-11-051895.txt
Soleil Capital L.P.,0001376231,10-K,2011-03-30,edgar/data/1376231/0001376231-11-000002.txt
"ChinaNet Online Holdings, Inc.",0001376321,10-K,2011-03-31,edgar/data/1376321/0001144204-11-019249.txt
"MIMEDX GROUP, INC.",0001376339,10-K,2011-03-31,edgar/data/1376339/0000950123-11-031624.txt
"Vaughan Foods, Inc.",0001376556,10-K,2011-03-30,edgar/data/1376556/0001376556-11-000010.txt
"Hughes Network Systems, LLC",0001376567,10-K,2011-03-07,edgar/data/1376567/0001193125-11-057892.txt
Allied Nevada Gold Corp.,0001376610,10-K,2011-02-28,edgar/data/1376610/0001193125-11-048426.txt
"KINGDOM KONCRETE, INC.",0001376755,10-K,2011-02-01,edgar/data/1376755/0001121781-11-000026.txt
Patriot Coal CORP,0001376812,10-K,2011-02-25,edgar/data/1376812/0001193125-11-047464.txt
Rockies Region 2006 Limited Partnership,0001376912,10-K,2011-03-30,edgar/data/1376912/0001140361-11-019364.txt
TIME WARNER CABLE INC.,0001377013,10-K,2011-02-18,edgar/data/1377013/0000950123-11-015515.txt
RFG ACQUISITION I INC,0001377039,10-K,2011-03-22,edgar/data/1377039/0001144204-11-016373.txt
RFG Acquisition II Inc.,0001377040,10-K,2011-03-22,edgar/data/1377040/0001144204-11-016376.txt
AtheroNova Inc.,0001377053,10-K,2011-03-31,edgar/data/1377053/0001437749-11-001941.txt
Wilson Creek Mining Corp.,0001377145,10-K,2011-02-25,edgar/data/1377145/0001144204-11-010974.txt
"KAT Racing, Inc.",0001377167,10-K,2011-01-28,edgar/data/1377167/0001078782-11-000255.txt
Ridgewood Energy U Fund LLC,0001377178,10-K,2011-03-10,edgar/data/1377178/0001214659-11-000808.txt
"Pegasus Tel, Inc",0001377469,10-K,2011-03-15,edgar/data/1377469/0000939802-11-000056.txt
Pinpoint Advance CORP,0001377490,10-K,2011-03-31,edgar/data/1377490/0001144204-11-018875.txt
"National CineMedia, Inc.",0001377630,10-K,2011-02-25,edgar/data/1377630/0001193125-11-046263.txt
"ICON LEASING FUND TWELVE, LLC",0001377848,10-K,2011-03-30,edgar/data/1377848/0000947986-11-000036.txt
Power of The Dream Ventures Inc,0001377888,10-K,2011-03-31,edgar/data/1377888/0001140361-11-019597.txt
"Tia II, Inc",0001377893,10-K,2011-01-13,edgar/data/1377893/0001144204-11-002185.txt
"Tia I, Inc",0001377895,10-K,2011-01-13,edgar/data/1377895/0001144204-11-002182.txt
Structured Products Corp. CorTS Trust VI for IBM Debentures,0001377967,10-K,2011-03-28,edgar/data/1377967/0001282695-11-000066.txt
Beneficial Mutual Bancorp Inc,0001378020,10-K,2011-03-11,edgar/data/1378020/0000950123-11-024584.txt
"China Agri-Business, Inc.",0001378270,10-K,2011-03-31,edgar/data/1378270/0001144204-11-019200.txt
TRAVELCENTERS OF AMERICA LLC,0001378453,10-K,2011-02-18,edgar/data/1378453/0001047469-11-001060.txt
AMERICAN DG ENERGY INC,0001378706,10-K,2011-03-31,edgar/data/1378706/0001144204-11-018842.txt
"CORNERSTONE HEALTHCARE PLUS REIT, INC.",0001378774,10-K,2011-03-24,edgar/data/1378774/0000950123-11-028422.txt
"interclick, inc.",0001378846,10-K,2011-03-21,edgar/data/1378846/0001140361-11-017870.txt
"People's United Financial, Inc.",0001378946,10-K,2011-03-01,edgar/data/1378946/0001193125-11-052040.txt
"U.S. Auto Parts Network, Inc.",0001378950,10-K,2011-03-17,edgar/data/1378950/0001193125-11-069986.txt
"Employers Holdings, Inc.",0001379041,10-K,2011-02-25,edgar/data/1379041/0001379041-11-000002.txt
"Duke Mountain Resources, Inc",0001379043,10-K,2011-03-29,edgar/data/1379043/0001379043-11-000003.txt
FSP 50 South Tenth Street Corp,0001379075,10-K,2011-03-14,edgar/data/1379075/0001171520-11-000210.txt
"Ecologic Transportation, Inc.",0001379245,10-K,2011-03-31,edgar/data/1379245/0001062993-11-001263.txt
BODY CENTRAL CORP,0001379246,10-K,2011-03-31,edgar/data/1379246/0001047469-11-003011.txt
Duncan Energy Partners L.P.,0001379378,10-K,2011-03-01,edgar/data/1379378/0001379378-11-000005.txt
"Corporate Backed Callable Trust Certificates, J.C. Penny Debenture-Backed Series 2006-1 Trust",0001379404,10-K,2011-03-31,edgar/data/1379404/0001193125-11-085149.txt
GreenHaven Continuous Commodity Index Fund,0001379606,10-K,2011-03-14,edgar/data/1379606/0000950123-11-025177.txt
Targa Resources Partners LP,0001379661,10-K,2011-02-28,edgar/data/1379661/0001379661-11-000003.txt
"Regency Resources, Inc.",0001379699,10-K,2011-03-09,edgar/data/1379699/0001379699-11-000002.txt
"Sabine Pass LNG, L.P.",0001379714,10-K,2011-03-03,edgar/data/1379714/0001379714-11-000004.txt
Atlas America Series 27-2006 LP,0001379763,10-K,2011-03-30,edgar/data/1379763/0000950123-11-030672.txt
Triangle Capital CORP,0001379785,10-K,2011-03-09,edgar/data/1379785/0000950123-11-023640.txt
DYNEGY INC.,0001379895,10-K,2011-03-08,edgar/data/1379895/0001140361-11-015138.txt
"SentiSearch, Inc.",0001380024,10-K,2011-03-31,edgar/data/1380024/0001144204-11-019042.txt
Fortress Investment Group LLC,0001380393,10-K,2011-03-01,edgar/data/1380393/0001193125-11-051919.txt
"HFF, Inc.",0001380509,10-K,2011-03-11,edgar/data/1380509/0000950123-11-024714.txt
A5 Laboratories Inc.,0001381054,10-K,2011-01-13,edgar/data/1381054/0001144204-11-002187.txt
"Interactive Brokers Group, Inc.",0001381197,10-K,2011-02-28,edgar/data/1381197/0001047469-11-001557.txt
"Cyberspace Vita, Inc.",0001381240,10-K,2011-03-29,edgar/data/1381240/0001144204-11-017713.txt
Sensata Technologies B.V.,0001381272,10-K,2011-02-01,edgar/data/1381272/0001193125-11-019388.txt
"BigBand Networks, Inc.",0001381325,10-K,2011-03-09,edgar/data/1381325/0000950123-11-023715.txt
ecoTECH Energy Group Inc.,0001381341,10-K,2011-03-31,edgar/data/1381341/0001144204-11-019214.txt
Domtar CORP,0001381531,10-K,2011-02-25,edgar/data/1381531/0001193125-11-047273.txt
Tsingda eEDU Corp,0001381790,10-K,2011-03-11,edgar/data/1381790/0000930413-11-001831.txt
Preferential Equities Corp.,0001382041,10-K,2011-03-31,edgar/data/1382041/0001221508-11-000002.txt
Disability Access Corp,0001382085,10-K,2011-03-22,edgar/data/1382085/0001262463-11-000035.txt
"CleanTech Innovations, Inc.",0001382219,10-K,2011-02-22,edgar/data/1382219/0001185185-11-000193.txt
DEL TORO SILVER CORP.,0001382462,10-K,2011-02-15,edgar/data/1382462/0001062993-11-000628.txt
China TMK Battery Systems Inc.,0001382702,10-K,2011-03-31,edgar/data/1382702/0001204459-11-000927.txt
AmREIT Monthly Income & Growth Fund IV LP,0001382787,10-K,2011-03-31,edgar/data/1382787/0000897101-11-000557.txt
"Orexigen Therapeutics, Inc.",0001382911,10-K,2011-03-11,edgar/data/1382911/0001193125-11-063548.txt
POWERSHARES DB SILVER FUND,0001383054,10-K,2011-03-14,edgar/data/1383054/0001193125-11-065769.txt
PowerShares DB Gold Fund,0001383055,10-K,2011-03-14,edgar/data/1383055/0001193125-11-065804.txt
PowerShares DB Precious Metals Fund,0001383057,10-K,2011-03-14,edgar/data/1383057/0001193125-11-065821.txt
PowerShares DB Oil Fund,0001383058,10-K,2011-03-14,edgar/data/1383058/0001193125-11-065728.txt
PowerShares DB Energy Fund,0001383062,10-K,2011-03-14,edgar/data/1383062/0001193125-11-065705.txt
POWERSHARES DB AGRICULTURE FUND,0001383082,10-K,2011-02-28,edgar/data/1383082/0001193125-11-050037.txt
POWERSHARES DB BASE METALS FUND,0001383084,10-K,2011-03-14,edgar/data/1383084/0001193125-11-065785.txt
CYTTA CORP.,0001383088,10-K,2011-01-13,edgar/data/1383088/0001165527-11-000036.txt
SANTANDER DRIVE AUTO RECEIVABLES LLC,0001383094,10-K,2011-03-31,edgar/data/1383094/0000950123-11-031062.txt
SANTANDER DRIVE AUTO RECEIVABLES LLC,0001383094,10-K,2011-03-31,edgar/data/1383094/0000950123-11-031063.txt
SANTANDER DRIVE AUTO RECEIVABLES LLC,0001383094,10-K,2011-03-31,edgar/data/1383094/0000950123-11-031064.txt
"Rohat Resources, Inc.",0001383145,10-K,2011-02-14,edgar/data/1383145/0001013762-11-000361.txt
POWERSHARES DB US DOLLAR INDEX BEARISH FUND,0001383149,10-K,2011-03-01,edgar/data/1383149/0001193125-11-050406.txt
PowerShares DB US Dollar Index Bullish Fund,0001383151,10-K,2011-03-01,edgar/data/1383151/0001193125-11-050384.txt
CombiMatrix Corp,0001383183,10-K,2011-03-22,edgar/data/1383183/0001047469-11-002480.txt
"Cheniere Energy Partners, L.P.",0001383650,10-K,2011-03-03,edgar/data/1383650/0001383650-11-000005.txt
Dussault Apparel Inc.,0001383756,10-K,2011-02-14,edgar/data/1383756/0001062993-11-000550.txt
JMP Group Inc.,0001383803,10-K,2011-03-08,edgar/data/1383803/0001193125-11-058037.txt
"Vanguard Natural Resources, LLC",0001384072,10-K,2011-03-08,edgar/data/1384072/0001384072-11-000024.txt
SMARTHEAT INC.,0001384135,10-K,2011-03-15,edgar/data/1384135/0001144204-11-014719.txt
"RING ENERGY, INC.",0001384195,10-K,2011-03-31,edgar/data/1384195/0001078782-11-000832.txt
"WHITE DENTAL SUPPLY, INC.",0001384365,10-K,2011-03-30,edgar/data/1384365/0001393905-11-000178.txt
Card Activation Technologies Inc,0001384522,10-K,2011-01-12,edgar/data/1384522/0001140361-11-002545.txt
BEHRINGER HARVARD MULTIFAMILY REIT I INC,0001384710,10-K,2011-03-25,edgar/data/1384710/0001047469-11-002667.txt
"Cinemark Holdings, Inc.",0001385280,10-K,2011-03-01,edgar/data/1385280/0000950123-11-020026.txt
Monotype Imaging Holdings Inc.,0001385292,10-K,2011-03-03,edgar/data/1385292/0001193125-11-054983.txt
UV FLU TECHNOLOGIES INC,0001385310,10-K,2011-01-13,edgar/data/1385310/0001144204-11-002148.txt
SILVERSTAR MINING CORP.,0001385329,10-K,2011-01-13,edgar/data/1385329/0001413387-11-000009.txt
Horsehead Holding Corp,0001385544,10-K,2011-03-16,edgar/data/1385544/0000950123-11-025813.txt
"Opencell Biomed, Inc.",0001385596,10-K,2011-03-02,edgar/data/1385596/0001204459-11-000565.txt
"GREENLIGHT CAPITAL RE, LTD.",0001385613,10-K,2011-02-22,edgar/data/1385613/0001385613-11-000006.txt
RIDGEWOOD ENERGY V FUND LLC,0001385662,10-K,2011-03-15,edgar/data/1385662/0001214659-11-000865.txt
Advanced Biomedical Technologies Inc.,0001385799,10-K,2011-02-15,edgar/data/1385799/0001387131-11-000243.txt
NeurogesX Inc,0001385830,10-K,2011-03-30,edgar/data/1385830/0001193125-11-082956.txt
Abingdon Futures Fund LP,0001386164,10-K,2011-03-31,edgar/data/1386164/0000950123-11-031377.txt
MEMSIC Inc,0001386198,10-K,2011-03-25,edgar/data/1386198/0001437749-11-001764.txt
GREEN DOT CORP,0001386278,10-K,2011-02-28,edgar/data/1386278/0000950123-11-019045.txt
Travelport LTD,0001386355,10-K,2011-03-31,edgar/data/1386355/0000950123-11-031168.txt
ChromaDex Corp.,0001386570,10-K,2011-03-16,edgar/data/1386570/0001193125-11-067918.txt
Don Marcos Trading CO,0001386765,10-K,2011-03-31,edgar/data/1386765/0001437749-11-001896.txt
KKR Financial Holdings LLC,0001386926,10-K,2011-02-28,edgar/data/1386926/0001047469-11-001477.txt
"Behringer Harvard Opportunity REIT II, Inc.",0001387061,10-K,2011-03-30,edgar/data/1387061/0001047469-11-002837.txt
WAY COOL IMPORTS INC,0001387135,10-K,2011-03-30,edgar/data/1387135/0001078782-11-000796.txt
"Apple REIT Eight, Inc.",0001387361,10-K,2011-03-11,edgar/data/1387361/0000930413-11-001825.txt
Pacific Copper Corp.,0001387522,10-K,2011-02-15,edgar/data/1387522/0001183740-11-000141.txt
Manhattan Bancorp,0001387632,10-K,2011-03-30,edgar/data/1387632/0001047469-11-002880.txt
"Corporate Backed Callable Trust Certificates, J.C. Penney Debenture-Backed Series 2007-1 Trust",0001387637,10-K,2011-03-31,edgar/data/1387637/0001193125-11-085121.txt
"NEULION, INC.",0001387713,10-K,2011-03-17,edgar/data/1387713/0001214659-11-000892.txt
CASEY CONTAINER CORP,0001387998,10-K,2011-03-31,edgar/data/1387998/0001165527-11-000296.txt
"Exclusive Apparel, Inc.",0001388174,10-K,2011-02-09,edgar/data/1388174/0001393905-11-000080.txt
PharMerica CORP,0001388195,10-K,2011-02-24,edgar/data/1388195/0001193125-11-045408.txt
VLOV INC.,0001388311,10-K,2011-03-31,edgar/data/1388311/0001144204-11-018996.txt
"Cactus Ventures, Inc.",0001388320,10-K,2011-03-03,edgar/data/1388320/0001078782-11-000562.txt
"CAI International, Inc.",0001388430,10-K,2011-03-16,edgar/data/1388430/0001140361-11-016945.txt
"Mass Hysteria Entertainment Company, Inc.",0001388488,10-K,2011-03-15,edgar/data/1388488/0001213900-11-001290.txt
PENGRAM CORP,0001388510,10-K,2011-03-15,edgar/data/1388510/0001062993-11-000987.txt
"Premier Power Renewable Energy, Inc.",0001388686,10-K,2011-03-31,edgar/data/1388686/0001144204-11-018517.txt
"Deer Consumer Products, Inc.",0001388855,10-K,2011-03-10,edgar/data/1388855/0001185185-11-000268.txt
MASS Petroleum Inc.,0001388982,10-K,2011-03-04,edgar/data/1388982/0001468429-11-000006.txt
Crestwood Midstream Partners LP,0001389030,10-K,2011-02-25,edgar/data/1389030/0000950123-11-018940.txt
EXTERRAN HOLDINGS INC.,0001389050,10-K,2011-02-24,edgar/data/1389050/0000950123-11-017946.txt
"HeartWare International, Inc.",0001389072,10-K,2011-02-24,edgar/data/1389072/0000950123-11-017861.txt
"BALANCED SERIES, a series of The Frontier Fund",0001389122,10-K,2011-03-28,edgar/data/1389122/0001193125-11-078420.txt
"WINTON/GRAHAM SERIES, a series of The Frontier Fund",0001389123,10-K,2011-03-28,edgar/data/1389123/0001193125-11-078420.txt
"WINTON SERIES, a series of The Frontier Fund",0001389124,10-K,2011-03-28,edgar/data/1389124/0001193125-11-078420.txt
"BERKELEY/GRAHAM/TIVERTON SERIES, a series of The Frontier Fund",0001389125,10-K,2011-03-28,edgar/data/1389125/0001193125-11-078420.txt
"CURRENCY SERIES, a series of The Frontier Fund",0001389126,10-K,2011-03-28,edgar/data/1389126/0001193125-11-078420.txt
"LONG ONLY COMMODITY SERIES, a series of The Frontier Fund",0001389127,10-K,2011-03-28,edgar/data/1389127/0001193125-11-078420.txt
"FRONTIER LONG/SHORT COMMODITY SERIES, a series of The Frontier Fund",0001389128,10-K,2011-03-28,edgar/data/1389128/0001193125-11-078420.txt
"MANAGED FUTURES INDEX SERIES, a series of The Frontier Fund",0001389129,10-K,2011-03-28,edgar/data/1389129/0001193125-11-078420.txt
Targa Resources Corp.,0001389170,10-K,2011-02-28,edgar/data/1389170/0001389170-11-000003.txt
"Aftermarket Enterprises, Inc.",0001389217,10-K,2011-03-31,edgar/data/1389217/0001493152-11-000088.txt
LUCKY STRIKE EXPLORATIONS INC.,0001389294,10-K,2011-03-24,edgar/data/1389294/0001165527-11-000263.txt
RSC Holdings Inc.,0001389305,10-K,2011-02-10,edgar/data/1389305/0000950123-11-011467.txt
"NovaBay Pharmaceuticals, Inc.",0001389545,10-K,2011-03-10,edgar/data/1389545/0001437749-11-001416.txt
FSB Community Bankshares Inc,0001389797,10-K,2011-03-31,edgar/data/1389797/0001188112-11-000770.txt
MS Structured SATURNS Series 2007-1,0001389936,10-K,2011-03-31,edgar/data/1389936/0000903423-11-000177.txt
Skyview Holdings Corp.,0001390028,10-K,2011-02-22,edgar/data/1390028/0001023175-11-000056.txt
Corporate Property Associates 17 - Global INC,0001390213,10-K,2011-03-18,edgar/data/1390213/0000950123-11-026886.txt
"Anoteros, Inc.",0001390292,10-K,2011-02-02,edgar/data/1390292/0001078782-11-000272.txt
"Bancorp of New Jersey, Inc.",0001390312,10-K,2011-03-31,edgar/data/1390312/0000950123-11-031405.txt
"Uplift Nutrition, Inc.",0001390705,10-K,2011-03-30,edgar/data/1390705/0001010412-11-000116.txt
Bank of New York Mellon CORP,0001390777,10-K,2011-02-28,edgar/data/1390777/0001193125-11-049932.txt
WABCO Holdings Inc.,0001390844,10-K,2011-02-17,edgar/data/1390844/0001193125-11-038596.txt
"Limelight Networks, Inc.",0001391127,10-K,2011-03-11,edgar/data/1391127/0001193125-11-064135.txt
ACQUIRED SALES CORP,0001391135,10-K,2011-03-31,edgar/data/1391135/0000823579-11-000102.txt
FLM Minerals Inc.,0001391174,10-K,2011-03-16,edgar/data/1391174/0001002014-11-000099.txt
"CHANCERY RESOURCES, INC.",0001391253,10-K,2011-02-28,edgar/data/1391253/0001017386-11-000037.txt
BOISE INC.,0001391390,10-K,2011-03-02,edgar/data/1391390/0001193125-11-053585.txt
"Oldwebsites.com, Inc.",0001391570,10-K,2011-03-24,edgar/data/1391570/0001096906-11-000560.txt
"Suspect Detection Systems, Inc.",0001391674,10-K,2011-03-22,edgar/data/1391674/0001213900-11-001448.txt
QUAINT OAK BANCORP INC,0001391933,10-K,2011-03-30,edgar/data/1391933/0001065407-11-000221.txt
"Blueknight Energy Partners, L.P.",0001392091,10-K,2011-03-16,edgar/data/1392091/0001392091-11-000007.txt
"Gevo, Inc.",0001392380,10-K,2011-03-29,edgar/data/1392380/0001193125-11-080096.txt
"SubMicron Technologies, Inc.",0001392486,10-K,2011-03-31,edgar/data/1392486/0001121781-11-000079.txt
"Hyperion Energy, Inc.",0001392488,10-K,2011-03-31,edgar/data/1392488/0001144204-11-018792.txt
"Freescale Semiconductor Holdings I, Ltd.",0001392522,10-K,2011-02-11,edgar/data/1392522/0001193125-11-032368.txt
LOUISIANA BANCORP INC,0001392562,10-K,2011-03-30,edgar/data/1392562/0001193125-11-082282.txt
"PROS Holdings, Inc.",0001392972,10-K,2011-02-28,edgar/data/1392972/0000950123-11-019844.txt
Public Storage,0001393311,10-K,2011-03-01,edgar/data/1393311/0001393311-11-000011.txt
"SURFACE COATINGS, INC.",0001393356,10-K,2011-03-07,edgar/data/1393356/0001121781-11-000058.txt
ML Systematic Momentum FuturesAccess LLC,0001393359,10-K,2011-03-15,edgar/data/1393359/0001104659-11-014258.txt
"PHOENIX MEDICAL SOFTWARE, INC.",0001393371,10-K,2011-03-31,edgar/data/1393371/0001121781-11-000086.txt
DC BRANDS INTERNATIONAL INC,0001393463,10-K,2011-03-31,edgar/data/1393463/0001213900-11-001714.txt
Discover Financial Services,0001393612,10-K,2011-01-26,edgar/data/1393612/0001193125-11-014919.txt
"NB Manufacturing, Inc.",0001393631,10-K,2011-03-16,edgar/data/1393631/0001079973-11-000197.txt
Care Investment Trust Inc.,0001393726,10-K,2011-03-31,edgar/data/1393726/0000950123-11-031635.txt
"EnergySolutions, Inc.",0001393744,10-K,2011-03-31,edgar/data/1393744/0001047469-11-003015.txt
Blackstone Group L.P.,0001393818,10-K,2011-02-25,edgar/data/1393818/0001193125-11-047389.txt
"DICE HOLDINGS, INC.",0001393883,10-K,2011-02-07,edgar/data/1393883/0001445305-11-000180.txt
Yankee Holding Corp.,0001394069,10-K,2011-03-31,edgar/data/1394069/0001140361-11-019785.txt
"Spectra Energy Partners, LP",0001394074,10-K,2011-02-28,edgar/data/1394074/0001193125-11-049666.txt
"Diversified Restaurant Holdings, Inc.",0001394156,10-K,2011-03-28,edgar/data/1394156/0000950123-11-029794.txt
"Orbitz Worldwide, Inc.",0001394159,10-K,2011-03-01,edgar/data/1394159/0000950123-11-020094.txt
Kabe Exploration Inc.,0001394446,10-K,2011-03-29,edgar/data/1394446/0001104659-11-017463.txt
"ATEL 12, LLC",0001394922,10-K,2011-03-31,edgar/data/1394922/0001144204-11-018937.txt
DJO Finance LLC,0001395317,10-K,2011-03-03,edgar/data/1395317/0001104659-11-012132.txt
First Trinity Financial CORP,0001395585,10-K,2011-03-31,edgar/data/1395585/0001437749-11-001943.txt
Verso Paper Holdings LLC,0001395864,10-K,2011-03-03,edgar/data/1395864/0001157523-11-001353.txt
"KAR Auction Services, Inc.",0001395942,10-K,2011-02-24,edgar/data/1395942/0001193125-11-045363.txt
Vulcan Materials CO,0001396009,10-K,2011-02-28,edgar/data/1396009/0000950123-11-019699.txt
"Lumber Liquidators Holdings, Inc.",0001396033,10-K,2011-02-23,edgar/data/1396033/0001193125-11-042899.txt
ROSTOCK VENTURES CORP,0001396054,10-K,2011-03-29,edgar/data/1396054/0001078782-11-000782.txt
HAWKER BEECHCRAFT ACQUISITION CO LLC,0001396426,10-K,2011-02-25,edgar/data/1396426/0001193125-11-047147.txt
HAWKER BEECHCRAFT NOTES CO,0001396427,10-K,2011-02-25,edgar/data/1396427/0001193125-11-047147.txt
Main Street Capital CORP,0001396440,10-K,2011-03-11,edgar/data/1396440/0001047469-11-002055.txt
"Cypress Sharpridge Investments, Inc.",0001396446,10-K,2011-02-08,edgar/data/1396446/0001193125-11-026268.txt
"INFORMATION SYSTEMS ASSOCIATES, INC.",0001396536,10-K,2011-03-30,edgar/data/1396536/0001264931-11-000146.txt
"Entergy Gulf States Reconstruction Funding I, LLC",0001396549,10-K,2011-03-29,edgar/data/1396549/0000065984-11-000060.txt
Castwell Precast Corp,0001396633,10-K,2011-03-31,edgar/data/1396633/0001038838-11-000092.txt
"FCA Leasing, Inc.",0001396669,10-K,2011-03-31,edgar/data/1396669/0001104659-11-017992.txt
"Western Dubuque Biodiesel, LLC",0001396709,10-K,2011-03-31,edgar/data/1396709/0000950123-11-031605.txt
"AC Financial Services, Inc.",0001396710,10-K,2011-03-31,edgar/data/1396710/0001104659-11-017992.txt
First National Master Note Trust,0001396730,10-K,2011-03-29,edgar/data/1396730/0000950123-11-030116.txt
"Pacira Pharmaceuticals, Inc.",0001396814,10-K,2011-03-31,edgar/data/1396814/0001193125-11-084354.txt
Dolan Co.,0001396838,10-K,2011-03-11,edgar/data/1396838/0000950123-11-024472.txt
"United States Heating Oil Fund, LP",0001396877,10-K,2011-03-30,edgar/data/1396877/0001144204-11-018405.txt
"United States Gasoline Fund, LP",0001396878,10-K,2011-03-14,edgar/data/1396878/0001144204-11-014638.txt
"NCOP VIII, LLC",0001396882,10-K,2011-03-31,edgar/data/1396882/0001104659-11-017992.txt
"NCOP VII, LLC",0001396883,10-K,2011-03-31,edgar/data/1396883/0001104659-11-017992.txt
"NCOP VI, LLC",0001396884,10-K,2011-03-31,edgar/data/1396884/0001104659-11-017992.txt
"NCOP V, LLC",0001396885,10-K,2011-03-31,edgar/data/1396885/0001104659-11-017992.txt
"NCOP IV, LLC",0001396886,10-K,2011-03-31,edgar/data/1396886/0001104659-11-017992.txt
"NCOP III, LLC",0001396887,10-K,2011-03-31,edgar/data/1396887/0001104659-11-017992.txt
"NCOP II, LLC",0001396888,10-K,2011-03-31,edgar/data/1396888/0001104659-11-017992.txt
"NCOP I, LLC",0001396889,10-K,2011-03-31,edgar/data/1396889/0001104659-11-017992.txt
"NCOP Nevada Holdings, Inc.",0001396891,10-K,2011-03-31,edgar/data/1396891/0001104659-11-017992.txt
"NCOP/Marlin, Inc.",0001396892,10-K,2011-03-31,edgar/data/1396892/0001104659-11-017992.txt
"NCOP Capital Resource, LLC",0001396893,10-K,2011-03-31,edgar/data/1396893/0001104659-11-017992.txt
"NCOP Services, Inc.",0001396894,10-K,2011-03-31,edgar/data/1396894/0001104659-11-017992.txt
"NCO ACI Holdings, Inc.",0001396896,10-K,2011-03-31,edgar/data/1396896/0001104659-11-017992.txt
"NCO Financial Systems, Inc.",0001396897,10-K,2011-03-31,edgar/data/1396897/0001104659-11-017992.txt
"NCO Customer Management, Inc.",0001396898,10-K,2011-03-31,edgar/data/1396898/0001104659-11-017992.txt
"NCO Support Services, LLC",0001396899,10-K,2011-03-31,edgar/data/1396899/0001104659-11-017992.txt
"NCO Teleservices, Inc.",0001396900,10-K,2011-03-31,edgar/data/1396900/0001104659-11-017992.txt
"Iveda Solutions, Inc.",0001397183,10-K,2011-03-30,edgar/data/1397183/0001144204-11-018206.txt
lululemon athletica inc.,0001397187,10-K,2011-03-17,edgar/data/1397187/0000950123-11-026220.txt
"RMH Teleservices Asia Pacific, Inc.",0001397246,10-K,2011-03-31,edgar/data/1397246/0001104659-11-017992.txt
"FCA Funding, Inc.",0001397247,10-K,2011-03-31,edgar/data/1397247/0001104659-11-017992.txt
"NCOCRM Funding, Inc.",0001397292,10-K,2011-03-31,edgar/data/1397292/0001104659-11-017992.txt
"ALW Financial, Inc.",0001397293,10-K,2011-03-31,edgar/data/1397293/0001104659-11-017992.txt
"NCO Holdings, Inc.",0001397294,10-K,2011-03-31,edgar/data/1397294/0001104659-11-017992.txt
"NCOP Financing, Inc.",0001397295,10-K,2011-03-31,edgar/data/1397295/0001104659-11-017992.txt
Nielsen CO B.V.,0001397410,10-K,2011-03-01,edgar/data/1397410/0001193125-11-051237.txt
REX ENERGY CORP,0001397516,10-K,2011-03-03,edgar/data/1397516/0001193125-11-055030.txt
"NCO Funding, Inc.",0001397531,10-K,2011-03-31,edgar/data/1397531/0001104659-11-017992.txt
"NCO Group International, Inc.",0001397532,10-K,2011-03-31,edgar/data/1397532/0001104659-11-017992.txt
"ABINGTON BANCORP, INC./PA",0001397533,10-K,2011-03-14,edgar/data/1397533/0000950123-11-025234.txt
SOMBRIO CAPITAL CORP,0001397645,10-K,2011-01-07,edgar/data/1397645/0001127855-11-000006.txt
"Reliance Bancshares, Inc.",0001397771,10-K,2011-03-30,edgar/data/1397771/0000950123-11-030879.txt
"NCO Group, Inc.",0001397772,10-K,2011-03-31,edgar/data/1397772/0001104659-11-017992.txt
"JDR Holdings, Inc.",0001397773,10-K,2011-03-31,edgar/data/1397773/0001104659-11-017992.txt
"NCO Portfolio Management, Inc.",0001397774,10-K,2011-03-31,edgar/data/1397774/0001104659-11-017992.txt
"AmREIT, Inc.",0001397807,10-K,2011-03-18,edgar/data/1397807/0000897101-11-000432.txt
Duff & Phelps Corp,0001397821,10-K,2011-02-24,edgar/data/1397821/0001144204-11-010550.txt
Atlantic Green Power Holding Co,0001397832,10-K,2011-03-31,edgar/data/1397832/0001213900-11-001693.txt
Global Aviation Holdings Inc.,0001397867,10-K,2011-03-29,edgar/data/1397867/0001104659-11-017469.txt
LPL Investment Holdings Inc.,0001397911,10-K,2011-03-09,edgar/data/1397911/0000950123-11-023662.txt
"Mount Knowledge Holdings, Inc.",0001397951,10-K,2011-02-14,edgar/data/1397951/0001204459-11-000435.txt
"Compass Teleservices, Inc.",0001397958,10-K,2011-03-31,edgar/data/1397958/0001104659-11-017992.txt
Winland Ocean Shipping Corp,0001397966,10-K,2011-03-30,edgar/data/1397966/0001144204-11-018251.txt
GEOVIC MINING CORP.,0001398005,10-K,2011-03-29,edgar/data/1398005/0001193125-11-081026.txt
"Oak Ridge Financial Services, Inc.",0001398006,10-K,2011-03-30,edgar/data/1398006/0001193125-11-082949.txt
"TechniScan, Inc.",0001398026,10-K,2011-03-25,edgar/data/1398026/0001047469-11-002670.txt
CINJET INC,0001398137,10-K,2011-03-31,edgar/data/1398137/0001078782-11-000865.txt
"Yongye International, Inc.",0001398551,10-K,2011-03-14,edgar/data/1398551/0001144204-11-014483.txt
Genpact LTD,0001398659,10-K,2011-03-01,edgar/data/1398659/0001193125-11-052096.txt
Encore Energy Partners LP,0001398664,10-K,2011-03-01,edgar/data/1398664/0001384072-11-000020.txt
TECKMINE INDUSTRIES INC.,0001398702,10-K,2011-03-31,edgar/data/1398702/0001062993-11-001244.txt
"NCOP IX, LLC",0001398740,10-K,2011-03-31,edgar/data/1398740/0001104659-11-017992.txt
"AssetCare, Inc.",0001398741,10-K,2011-03-31,edgar/data/1398741/0001104659-11-017992.txt
"Envision Solar International, Inc.",0001398805,10-K,2011-03-31,edgar/data/1398805/0001019687-11-001037.txt
"Pzena Investment Management, Inc.",0001399249,10-K,2011-03-15,edgar/data/1399249/0001047469-11-002171.txt
MARSHALL & ILSLEY CORP,0001399315,10-K,2011-03-01,edgar/data/1399315/0001399315-11-000009.txt
"China BCT Pharmacy Group, Inc.",0001399356,10-K,2011-03-31,edgar/data/1399356/0001213900-11-001696.txt
ML Transtrend DTP Enhanced FuturesAccess LLC,0001399406,10-K,2011-03-15,edgar/data/1399406/0001104659-11-014253.txt
IN Media Corp,0001399488,10-K,2011-03-31,edgar/data/1399488/0001165527-11-000290.txt
PLASTRON ACQUISITION CORP II,0001399520,10-K,2011-03-22,edgar/data/1399520/0001144204-11-016380.txt
LIHUA INTERNATIONAL INC.,0001399521,10-K,2011-03-14,edgar/data/1399521/0001144204-11-014606.txt
Atlas Resources Public #17-2008 (B) L.P.,0001399541,10-K,2011-03-30,edgar/data/1399541/0000950123-11-030664.txt
Atlas Resources Public #17-2007 (A) L.P.,0001399542,10-K,2011-03-30,edgar/data/1399542/0000950123-11-030653.txt
"JJ&R Ventures, Inc.",0001399587,10-K,2011-03-21,edgar/data/1399587/0001078782-11-000707.txt
Global Security Agency Inc.,0001399761,10-K,2011-03-30,edgar/data/1399761/0001415408-11-000154.txt
"PACIFIC SOFTWARE, INC.",0001400732,10-K,2011-01-13,edgar/data/1400732/0001078782-11-000105.txt
"Homeowners Choice, Inc.",0001400810,10-K,2011-03-29,edgar/data/1400810/0001193125-11-081369.txt
"LaPorte Bancorp, Inc.",0001400848,10-K,2011-03-23,edgar/data/1400848/0001193125-11-074904.txt
CC Media Holdings Inc,0001400891,10-K,2011-02-14,edgar/data/1400891/0001193125-11-033736.txt
PPLUS Trust Series EQ-1,0001401284,10-K,2011-03-28,edgar/data/1401284/0001174947-11-000119.txt
China SHESAYS Medical Cosmetology Inc.,0001401371,10-K,2011-03-31,edgar/data/1401371/0001204459-11-000918.txt
North Penn Bancorp Inc,0001401434,10-K,2011-03-31,edgar/data/1401434/0001144204-11-018721.txt
UNITED INSURANCE HOLDINGS CORP.,0001401521,10-K,2011-03-17,edgar/data/1401521/0001401521-11-000003.txt
"First Financial Northwest, Inc.",0001401564,10-K,2011-03-16,edgar/data/1401564/0000939057-11-000077.txt
"Beacon Federal Bancorp, Inc.",0001401573,10-K,2011-03-29,edgar/data/1401573/0001188112-11-000687.txt
INNOVATIVE ACQUISITIONS CORP,0001401667,10-K,2011-03-30,edgar/data/1401667/0001437749-11-001881.txt
"Northfield Bancorp, Inc.",0001401700,10-K,2011-03-16,edgar/data/1401700/0000950123-11-025666.txt
"MAP Pharmaceuticals, Inc.",0001401923,10-K,2011-03-04,edgar/data/1401923/0001193125-11-056301.txt
American Eagle Energy Inc.,0001401983,10-K,2011-03-23,edgar/data/1401983/0001144204-11-016464.txt
CDW Corp,0001402057,10-K,2011-03-04,edgar/data/1402057/0001193125-11-056194.txt
CAMAC Energy Inc.,0001402281,10-K,2011-03-11,edgar/data/1402281/0001354488-11-000790.txt
"SuccessFactors, Inc.",0001402305,10-K,2011-03-08,edgar/data/1402305/0001193125-11-059364.txt
"Sunshine Biopharma, Inc",0001402328,10-K,2011-03-30,edgar/data/1402328/0001013596-11-000008.txt
SS&C Technologies Holdings Inc,0001402436,10-K,2011-03-11,edgar/data/1402436/0000950123-11-024863.txt
"TIMESHARE HOLDINGS, INC.",0001402457,10-K,2011-02-08,edgar/data/1402457/0001131754-11-000019.txt
"Vangent, Inc.",0001402478,10-K,2011-03-23,edgar/data/1402478/0000950123-11-027850.txt
Atlas Therapeutics Corp,0001402479,10-K,2011-03-31,edgar/data/1402479/0001213900-11-001725.txt
CHINA NORTHERN MEDICAL DEVICE INC,0001402737,10-K,2011-03-31,edgar/data/1402737/0001078782-11-000818.txt
Commercial E-Waste Management Inc,0001402785,10-K,2011-03-16,edgar/data/1402785/0001393905-11-000148.txt
Orion Marine Group Inc,0001402829,10-K,2011-03-08,edgar/data/1402829/0001144204-11-013310.txt
"Touchmark Bancshares, Inc.",0001403008,10-K,2011-03-31,edgar/data/1403008/0001104659-11-017906.txt
CARDIO VASCULAR MEDICAL DEVICE CORP,0001403085,10-K,2011-03-31,edgar/data/1403085/0001144204-11-018773.txt
Och-Ziff Capital Management Group LLC,0001403256,10-K,2011-02-28,edgar/data/1403256/0001193125-11-049958.txt
Symetra Financial CORP,0001403385,10-K,2011-03-16,edgar/data/1403385/0000950123-11-025854.txt
"Heritage-Crystal Clean, Inc.",0001403431,10-K,2011-03-04,edgar/data/1403431/0001171843-11-000680.txt
Bank of Marin Bancorp,0001403475,10-K,2011-03-11,edgar/data/1403475/0001140361-11-016101.txt
KL Energy Corp,0001403548,10-K,2011-03-17,edgar/data/1403548/0001144204-11-015623.txt
"Ulta Salon, Cosmetics & Fragrance, Inc.",0001403568,10-K,2011-03-30,edgar/data/1403568/0000950123-11-030900.txt
QUANTUM MATERIALS CORP.,0001403570,10-K,2011-02-14,edgar/data/1403570/0001013762-11-000356.txt
"Waxess Holdings, Inc.",0001403720,10-K,2011-03-28,edgar/data/1403720/0001469299-11-000174.txt
SRKP 15 INC,0001403788,10-K,2011-02-23,edgar/data/1403788/0001144204-11-010407.txt
SRKP 16 INC,0001403792,10-K,2011-02-23,edgar/data/1403792/0001144204-11-010382.txt
"ZST Digital Networks, Inc.",0001403794,10-K,2011-03-04,edgar/data/1403794/0001144204-11-012856.txt
"Coyote Hills Golf, Inc.",0001403802,10-K,2011-03-28,edgar/data/1403802/0001393905-11-000172.txt
Heckmann CORP,0001403853,10-K,2011-03-14,edgar/data/1403853/0001193125-11-065801.txt
STEELE RESOURCES CORP,0001404280,10-K,2011-03-31,edgar/data/1404280/0001393905-11-000199.txt
First Advantage Bancorp,0001404306,10-K,2011-03-07,edgar/data/1404306/0001404306-11-000004.txt
"DecisionPoint Systems, Inc.",0001404433,10-K,2011-03-16,edgar/data/1404433/0001013762-11-000619.txt
Revett Minerals Inc.,0001404592,10-K,2011-03-23,edgar/data/1404592/0001062993-11-001106.txt
Omnitek Engineering Corp,0001404804,10-K,2011-03-22,edgar/data/1404804/0001078782-11-000717.txt
KKR & Co. L.P.,0001404912,10-K,2011-03-07,edgar/data/1404912/0001047469-11-001800.txt
Momentive Performance Materials Inc.,0001405041,10-K,2011-02-25,edgar/data/1405041/0001445305-11-000333.txt
"United Financial Bancorp, Inc.",0001405049,10-K,2011-03-14,edgar/data/1405049/0001193125-11-065082.txt
Approach Resources Inc,0001405073,10-K,2011-03-11,edgar/data/1405073/0000950123-11-024699.txt
Talecris Biotherapeutics Holdings Corp.,0001405197,10-K,2011-02-23,edgar/data/1405197/0001104659-11-009371.txt
"STRATS (SM) Trust for Ambac Financial Group, Inc. Securities, Series 2007-1",0001405198,10-K,2011-03-30,edgar/data/1405198/0001068238-11-000126.txt
"ARTVENTIVE MEDICAL GROUP, INC.",0001405249,10-K,2011-03-31,edgar/data/1405249/0001056520-11-000096.txt
"Constant Contact, Inc.",0001405277,10-K,2011-03-09,edgar/data/1405277/0000950123-11-023683.txt
"Stream Global Services, Inc.",0001405287,10-K,2011-03-02,edgar/data/1405287/0001193125-11-053710.txt
"Xsovt Brands, Inc.",0001405350,10-K,2011-03-31,edgar/data/1405350/0001144204-11-018732.txt
VISION INDUSTRIES CORP,0001405424,10-K,2011-03-30,edgar/data/1405424/0001405424-11-000002.txt
"InterDigital, Inc.",0001405495,10-K,2011-02-28,edgar/data/1405495/0000950123-11-019854.txt
"United States 12 Month Natural Gas Fund, LP",0001405513,10-K,2011-03-31,edgar/data/1405513/0001144204-11-018443.txt
"United States 12 Month Oil Fund, LP",0001405528,10-K,2011-03-14,edgar/data/1405528/0001144204-11-014644.txt
"BTHC XIV, Inc.",0001405646,10-K,2011-01-18,edgar/data/1405646/0001010549-11-000041.txt
CHINA DIGITAL VENTURES CORP,0001405660,10-K,2011-01-03,edgar/data/1405660/0001019687-11-000005.txt
OSAGE EXPLORATION & DEVELOPMENT INC,0001405686,10-K,2011-03-18,edgar/data/1405686/0001493152-11-000072.txt
"Medical Design Studios, Inc.",0001405917,10-K,2011-03-31,edgar/data/1405917/0001144204-11-018854.txt
WESTERN LIBERTY BANCORP,0001406251,10-K,2011-03-31,edgar/data/1406251/0000950123-11-031412.txt
"SINOHUB, INC.",0001406574,10-K,2011-03-14,edgar/data/1406574/0001214659-11-000840.txt
"RSC Holdings III, LLC",0001406578,10-K,2011-02-10,edgar/data/1406578/0000950123-11-011468.txt
"RSC Equipment Rental, Inc.",0001406579,10-K,2011-02-10,edgar/data/1406579/0000950123-11-011468.txt
Forestar Group Inc.,0001406587,10-K,2011-03-02,edgar/data/1406587/0000950123-11-021293.txt
"CALIX, INC",0001406666,10-K,2011-02-24,edgar/data/1406666/0001193125-11-045511.txt
Zyto Corp,0001406796,10-K,2011-03-28,edgar/data/1406796/0001096906-11-000581.txt
"AFH Holding IV, Inc.",0001406979,10-K,2011-03-31,edgar/data/1406979/0001387131-11-000498.txt
"AFH Holding III, Inc.",0001406980,10-K,2011-03-31,edgar/data/1406980/0001387131-11-000496.txt
"BG Medicine, Inc.",0001407038,10-K,2011-03-17,edgar/data/1407038/0001193125-11-069412.txt
"WATCHTOWER, INC.",0001407041,10-K,2011-03-25,edgar/data/1407041/0001213900-11-001516.txt
Titanium Asset Management Corp,0001407161,10-K,2011-03-29,edgar/data/1407161/0001144204-11-018026.txt
Discover Card Execution Note Trust,0001407200,10-K,2011-02-17,edgar/data/1407200/0001193125-11-039032.txt
"Convio, Inc.",0001407450,10-K,2011-03-11,edgar/data/1407450/0001047469-11-002056.txt
Pioneer Southwest Energy Partners L.P.,0001407463,10-K,2011-02-25,edgar/data/1407463/0001407463-11-000021.txt
RETAIL OPPORTUNITY INVESTMENTS CORP,0001407623,10-K,2011-02-25,edgar/data/1407623/0001171843-11-000583.txt
FirstEnergy Solutions Corp.,0001407703,10-K,2011-02-16,edgar/data/1407703/0000950123-11-014700.txt
"DUPONT FABROS TECHNOLOGY, INC.",0001407739,10-K,2011-02-24,edgar/data/1407739/0001193125-11-044811.txt
ROCKIES REGION 2007 LP,0001407805,10-K,2011-03-30,edgar/data/1407805/0001140361-11-019362.txt
"Carbon Sciences, Inc.",0001407878,10-K,2011-03-30,edgar/data/1407878/0001013762-11-000765.txt
GRAPHIC PACKAGING HOLDING CO,0001408075,10-K,2011-03-08,edgar/data/1408075/0000950123-11-023166.txt
"Kennedy-Wilson Holdings, Inc.",0001408100,10-K,2011-03-14,edgar/data/1408100/0001445305-11-000412.txt
MSCI Inc.,0001408198,10-K,2011-01-31,edgar/data/1408198/0001193125-11-017728.txt
PMI Construction Group,0001408300,10-K,2011-03-31,edgar/data/1408300/0000823579-11-000093.txt
"First Guaranty Bancshares, Inc.",0001408534,10-K,2011-03-31,edgar/data/1408534/0001408534-11-000003.txt
"VINYL PRODUCTS, INC.",0001409014,10-K,2011-03-31,edgar/data/1409014/0001144204-11-019066.txt
CHIMERA INVESTMENT CORP,0001409493,10-K,2011-02-28,edgar/data/1409493/0001157523-11-001243.txt
Ridgewood Energy W Fund LLC,0001409947,10-K,2011-03-22,edgar/data/1409947/0001214659-11-000952.txt
"Sound Financial, Inc.",0001410087,10-K,2011-03-31,edgar/data/1410087/0000927089-11-000076.txt
CorMedix Inc.,0001410098,10-K,2011-03-11,edgar/data/1410098/0001144204-11-014327.txt
"Rubicon Technology, Inc.",0001410172,10-K,2011-03-15,edgar/data/1410172/0001193125-11-066922.txt
"HUGHES Telematics, Inc.",0001410240,10-K,2011-03-16,edgar/data/1410240/0001193125-11-068761.txt
"Circle Entertainment, Inc.",0001410402,10-K,2011-03-31,edgar/data/1410402/0001354488-11-001036.txt
Vringo Inc,0001410428,10-K,2011-03-31,edgar/data/1410428/0001193125-11-085106.txt
"IPC The Hospitalist Company, Inc.",0001410471,10-K,2011-03-07,edgar/data/1410471/0001193125-11-057700.txt
"Strategic Storage Trust, Inc.",0001410567,10-K,2011-03-31,edgar/data/1410567/0001193125-11-084598.txt
"American Water Works Company, Inc.",0001410636,10-K,2011-02-28,edgar/data/1410636/0001193125-11-047938.txt
"Danvers Bancorp, Inc.",0001410703,10-K,2011-03-15,edgar/data/1410703/0001047469-11-002162.txt
"China Armco Metals, Inc.",0001410711,10-K,2011-03-31,edgar/data/1410711/0001437749-11-001966.txt
"El Paso Pipeline Partners, L.P.",0001410838,10-K,2011-03-01,edgar/data/1410838/0000950123-11-020081.txt
"American Realty Capital Trust, Inc.",0001410997,10-K,2011-03-31,edgar/data/1410997/0001144204-11-018878.txt
"CleanTech Biofuels, Inc.",0001411036,10-K,2011-03-29,edgar/data/1411036/0000950123-11-030065.txt
"KBS Real Estate Investment Trust II, Inc.",0001411059,10-K,2011-03-11,edgar/data/1411059/0001193125-11-064157.txt
Anacor Pharmaceuticals Inc,0001411158,10-K,2011-03-29,edgar/data/1411158/0001047469-11-002828.txt
Dutch Oven Gold Group Inc.,0001411168,10-K,2011-02-18,edgar/data/1411168/0001411168-11-000001.txt
"Cape Bancorp, Inc.",0001411303,10-K,2011-03-14,edgar/data/1411303/0000950123-11-025264.txt
Ellington Financial LLC,0001411342,10-K,2011-03-16,edgar/data/1411342/0001193125-11-068789.txt
"Excaliber Enterprises, Ltd.",0001411685,10-K,2011-03-31,edgar/data/1411685/0001393905-11-000192.txt
MAKO Surgical Corp.,0001411861,10-K,2011-03-10,edgar/data/1411861/0000897101-11-000391.txt
"North Horizon, Inc.",0001411879,10-K,2011-03-25,edgar/data/1411879/0001140377-11-000014.txt
"Ampio Pharmaceuticals, Inc.",0001411906,10-K,2011-02-16,edgar/data/1411906/0001193125-11-036904.txt
MERIDIAN INTERSTATE BANCORP INC,0001411974,10-K,2011-03-16,edgar/data/1411974/0000950123-11-025984.txt
Oncothyreon Inc.,0001412067,10-K,2011-03-14,edgar/data/1412067/0000950123-11-025237.txt
"Pretoria Resources Two, Inc",0001412068,10-K,2011-03-31,edgar/data/1412068/0001144204-11-019248.txt
"Maiden Holdings, Ltd.",0001412100,10-K,2011-03-14,edgar/data/1412100/0001144204-11-014466.txt
ITRACKR SYSTEMS INC,0001412212,10-K,2011-02-14,edgar/data/1412212/0001144204-11-008624.txt
Oxford Resource Partners LP,0001412347,10-K,2011-03-18,edgar/data/1412347/0000950123-11-026667.txt
"International Surf Resorts, Inc.",0001412486,10-K,2011-02-18,edgar/data/1412486/0001469299-11-000103.txt
"Regenicin, Inc.",0001412659,10-K,2011-01-13,edgar/data/1412659/0001507718-11-000017.txt
"MidWestOne Financial Group, Inc.",0001412665,10-K,2011-03-04,edgar/data/1412665/0001412665-11-000012.txt
Philip Morris International Inc.,0001413329,10-K,2011-02-25,edgar/data/1413329/0001193125-11-046772.txt
"AMERELITE SOLUTIONS, INC.",0001413862,10-K,2011-03-31,edgar/data/1413862/0001199835-11-000198.txt
A. H. Belo CORP,0001413898,10-K,2011-03-11,edgar/data/1413898/0000950123-11-024802.txt
Western Gas Partners LP,0001414475,10-K,2011-02-24,edgar/data/1414475/0000950123-11-017771.txt
Aspect Global Diversified Fund LP,0001414581,10-K,2011-03-25,edgar/data/1414581/0001144204-11-017073.txt
"Calpian, Inc.",0001414628,10-K,2011-03-31,edgar/data/1414628/0001193125-11-084485.txt
Resource Real Estate Investors 6 LP,0001414964,10-K,2011-03-24,edgar/data/1414964/0001376074-11-000075.txt
Thompson Creek Metals CO Inc.,0001415020,10-K,2011-02-24,edgar/data/1415020/0001047469-11-001290.txt
WSB Holdings Inc,0001415022,10-K,2011-03-22,edgar/data/1415022/0001104659-11-015682.txt
"1st United Bancorp, Inc.",0001415277,10-K,2011-02-14,edgar/data/1415277/0001171200-11-000120.txt
ProShares Trust II,0001415311,10-K,2011-03-01,edgar/data/1415311/0001193125-11-051841.txt
EchoStar CORP,0001415404,10-K,2011-02-24,edgar/data/1415404/0001193125-11-044057.txt
"NUGEN HOLDINGS, INC.",0001415603,10-K,2011-01-13,edgar/data/1415603/0001144204-11-002128.txt
Global Industries Corp.,0001415734,10-K,2011-03-09,edgar/data/1415734/0001432093-11-000108.txt
ASIARIM CORP,0001415813,10-K,2011-01-24,edgar/data/1415813/0001415812-11-000011.txt
Axius Inc.,0001415935,10-K,2011-01-31,edgar/data/1415935/0001213900-11-000373.txt
"LANDMARK ENERGY ENTERPRISE, INC.",0001415936,10-K,2011-02-11,edgar/data/1415936/0001010549-11-000170.txt
PROSPER MARKETPLACE INC,0001416265,10-K,2011-03-30,edgar/data/1416265/0001416265-11-000224.txt
"Engraving Masters, Inc.",0001416697,10-K,2011-03-30,edgar/data/1416697/0001393905-11-000176.txt
CST HOLDING CORP.,0001416729,10-K,2011-03-30,edgar/data/1416729/0001079974-11-000260.txt
"Hicks Acquisition CO II, Inc.",0001416995,10-K,2011-03-11,edgar/data/1416995/0000950123-11-024740.txt
WHITING USA TRUST I,0001417003,10-K,2011-03-15,edgar/data/1417003/0000950123-11-025604.txt
Thermal Tennis Inc.,0001417028,10-K,2011-03-30,edgar/data/1417028/0000939798-11-000007.txt
"China Shandong Industries, Inc.",0001417192,10-K,2011-03-03,edgar/data/1417192/0001144204-11-012551.txt
"NXT Nutritionals Holdings, Inc.",0001417425,10-K,2011-03-31,edgar/data/1417425/0001213900-11-001728.txt
"Master Silicon Carbide Industries, Inc.",0001417451,10-K,2011-03-31,edgar/data/1417451/0001144204-11-018902.txt
"Changda International Holdings, Inc.",0001417624,10-K,2011-03-31,edgar/data/1417624/0001013762-11-000799.txt
"SANUWAVE Health, Inc.",0001417663,10-K,2011-03-28,edgar/data/1417663/0000950123-11-029797.txt
"SINO PAYMENTS, INC.",0001417664,10-K,2011-01-13,edgar/data/1417664/0001078782-11-000095.txt
BRIDGFORD FOODS CORP,0000014177,10-K,2011-01-14,edgar/data/14177/0001437749-11-000278.txt
"IP TECHNOLOGY SERVICES, INC.",0001417900,10-K,2011-01-05,edgar/data/1417900/0001078782-11-000036.txt
Solar Capital Ltd.,0001418076,10-K,2011-03-01,edgar/data/1418076/0001193125-11-052364.txt
Infrared Systems International,0001418115,10-K,2011-01-13,edgar/data/1418115/0001264931-11-000014.txt
"Apple REIT Nine, Inc.",0001418121,10-K,2011-03-11,edgar/data/1418121/0000930413-11-001840.txt
"Biostar Pharmaceuticals, Inc.",0001418133,10-K,2011-03-25,edgar/data/1418133/0001185185-11-000366.txt
"China Power Equipment, Inc.",0001418134,10-K,2011-03-31,edgar/data/1418134/0001185185-11-000422.txt
"Dr Pepper Snapple Group, Inc.",0001418135,10-K,2011-02-22,edgar/data/1418135/0001445305-11-000302.txt
DuPont Fabros Technology LP,0001418175,10-K,2011-02-24,edgar/data/1418175/0001193125-11-044811.txt
"Bidfish.com, Inc.",0001418196,10-K,2011-01-12,edgar/data/1418196/0001214782-11-000026.txt
Alpine Management LTD,0001418243,10-K,2011-03-30,edgar/data/1418243/0001437749-11-001873.txt
Renewable Energy Acquisition Corp.,0001418302,10-K,2011-03-09,edgar/data/1418302/0001165527-11-000223.txt
GRAND RIVER COMMERCE INC,0001418489,10-K,2011-03-28,edgar/data/1418489/0001144204-11-017320.txt
Iridium Communications Inc.,0001418819,10-K,2011-03-07,edgar/data/1418819/0001193125-11-057741.txt
"CPEX Pharmaceuticals, Inc.",0001418919,10-K,2011-03-31,edgar/data/1418919/0000950123-11-031210.txt
"Fire From Ice, Inc.",0001418968,10-K,2011-02-14,edgar/data/1418968/0001432093-11-000077.txt
"THERAPEUTIC SOLUTIONS INTERNATIONAL, INC.",0001419051,10-K,2011-03-30,edgar/data/1419051/0001078782-11-000798.txt
"AFH HOLDING VII, INC.",0001419067,10-K,2011-03-31,edgar/data/1419067/0001387131-11-000504.txt
"AFH HOLDING VI, INC.",0001419069,10-K,2011-03-31,edgar/data/1419069/0001387131-11-000502.txt
"AFH HOLDING V, INC",0001419073,10-K,2011-03-31,edgar/data/1419073/0001387131-11-000500.txt
KUNEKT CORP,0001419177,10-K,2011-01-28,edgar/data/1419177/0001419177-11-000008.txt
Artio Global Investors Inc.,0001419178,10-K,2011-02-25,edgar/data/1419178/0000950123-11-018797.txt
ATLANTIC POWER CORP,0001419242,10-K,2011-03-18,edgar/data/1419242/0001047469-11-002320.txt
Vantage Drilling CO,0001419428,10-K,2011-03-16,edgar/data/1419428/0001193125-11-068725.txt
Hatteras Financial Corp,0001419521,10-K,2011-02-18,edgar/data/1419521/0001193125-11-040383.txt
"AFH ACQUISITION XII, INC.",0001419552,10-K,2011-01-31,edgar/data/1419552/0001387131-11-000117.txt
"AFH ACQUISITION XI, INC.",0001419553,10-K,2011-01-31,edgar/data/1419553/0001387131-11-000119.txt
"AFH ACQUISITION X, INC.",0001419554,10-K,2011-01-31,edgar/data/1419554/0001387131-11-000120.txt
"AFH Acquisition IX, Inc.",0001419556,10-K,2011-02-01,edgar/data/1419556/0001387131-11-000121.txt
"AFH Acquisition VIII, Inc.",0001419560,10-K,2011-02-01,edgar/data/1419560/0001387131-11-000124.txt
"VisiTrade, Inc.",0001419577,10-K,2011-03-31,edgar/data/1419577/0001173473-11-000020.txt
FEDERAL MOGUL CORP,0001419581,10-K,2011-02-23,edgar/data/1419581/0001144204-11-010513.txt
Cellteck Inc.,0001419583,10-K,2011-03-31,edgar/data/1419583/0001078782-11-000812.txt
ORIGINOIL INC,0001419793,10-K,2011-03-30,edgar/data/1419793/0001144204-11-018411.txt
DNA BRANDS INC,0001419995,10-K,2011-03-31,edgar/data/1419995/0001354488-11-001043.txt
"AFH ACQUISITION IV, INC.",0001420031,10-K,2011-01-31,edgar/data/1420031/0001387131-11-000114.txt
"AFH ACQUISITION V, INC.",0001420033,10-K,2011-02-02,edgar/data/1420033/0001387131-11-000150.txt
"AFH ACQUISITION VI, INC.",0001420034,10-K,2011-02-02,edgar/data/1420034/0001387131-11-000149.txt
"AFH ACQUISITION VII, INC.",0001420035,10-K,2011-02-01,edgar/data/1420035/0001387131-11-000122.txt
GALLERY MANAGEMENT HOLDING CORP,0001420078,10-K,2011-03-24,edgar/data/1420078/0001079974-11-000218.txt
"LogMeIn, Inc.",0001420302,10-K,2011-02-28,edgar/data/1420302/0000950123-11-019803.txt
"1st Century Bancshares, Inc.",0001420525,10-K,2011-03-15,edgar/data/1420525/0001420525-11-000013.txt
Pinnacle Foods Finance LLC,0001420566,10-K,2011-03-10,edgar/data/1420566/0001193125-11-061831.txt
Darlington Mines Ltd.,0001420569,10-K,2011-01-14,edgar/data/1420569/0001472375-11-000004.txt
Colfax CORP,0001420800,10-K,2011-02-25,edgar/data/1420800/0001144204-11-010880.txt
Verso Paper Corp.,0001421182,10-K,2011-03-03,edgar/data/1421182/0001157523-11-001353.txt
GENSPERA INC,0001421204,10-K,2011-03-30,edgar/data/1421204/0001144204-11-018247.txt
TRANSIT MANAGEMENT HOLDING CORP,0001421378,10-K,2011-03-29,edgar/data/1421378/0001079974-11-000253.txt
"Intrepid Potash, Inc.",0001421461,10-K,2011-02-24,edgar/data/1421461/0001047469-11-001266.txt
"Energy Recovery, Inc.",0001421517,10-K,2011-03-15,edgar/data/1421517/0000950123-11-025334.txt
SRKP 24 Inc,0001421523,10-K,2011-02-23,edgar/data/1421523/0001144204-11-010391.txt
China Shengda Packaging Group Inc.,0001421561,10-K,2011-03-28,edgar/data/1421561/0001204459-11-000822.txt
WESTMOUNTAIN INDEX ADVISOR INC,0001421601,10-K,2011-03-31,edgar/data/1421601/0001079974-11-000278.txt
WESTMOUNTAIN DISTRESSED DEBT INC,0001421602,10-K,2011-03-03,edgar/data/1421602/0001079974-11-000171.txt
WestMountain Alternative Energy Inc,0001421636,10-K,2011-03-11,edgar/data/1421636/0001079974-11-000187.txt
Ceelox Inc.,0001421766,10-K,2011-03-31,edgar/data/1421766/0001002014-11-000123.txt
Ventura Assets LTD,0001421871,10-K,2011-03-29,edgar/data/1421871/0001010549-11-000279.txt
Sandfield Ventures Corp.,0001421907,10-K,2011-02-24,edgar/data/1421907/0001165527-11-000192.txt
"Lans Holdings, Inc.",0001422059,10-K,2011-03-14,edgar/data/1422059/0001255294-11-000117.txt
Noranda Aluminum Holding CORP,0001422105,10-K,2011-03-07,edgar/data/1422105/0001193125-11-057012.txt
"Blue Earth, Inc.",0001422109,10-K,2011-03-31,edgar/data/1422109/0001393905-11-000186.txt
ZETA ACQUISITION CORP I,0001422141,10-K,2011-03-31,edgar/data/1422141/0001144204-11-019017.txt
ZETA ACQUISITION CORP II,0001422142,10-K,2011-03-31,edgar/data/1422142/0001144204-11-019031.txt
ZETA ACQUISITION CORP III,0001422143,10-K,2011-03-31,edgar/data/1422143/0001144204-11-019036.txt
FS Investment CORP,0001422183,10-K,2011-03-24,edgar/data/1422183/0001193125-11-076255.txt
Adama Technologies Corp,0001422222,10-K,2011-03-31,edgar/data/1422222/0001144204-11-018501.txt
"Trans-Pacific Aerospace Company, Inc.",0001422295,10-K,2011-02-15,edgar/data/1422295/0001144204-11-009078.txt
"China Printing & Packaging, Inc.",0001422357,10-K,2011-03-31,edgar/data/1422357/0001013762-11-000832.txt
"eLayaway, Inc.",0001422992,10-K,2011-03-30,edgar/data/1422992/0001437749-11-001888.txt
"CHINA SLP FILTRATION TECHNOLOGY, INC.",0001423023,10-K,2011-01-03,edgar/data/1423023/0001144204-11-000049.txt
Victory Park Acquisition Corp. I,0001423041,10-K,2011-02-25,edgar/data/1423041/0001398432-11-000175.txt
SRKP 26 INC,0001423243,10-K,2011-02-23,edgar/data/1423243/0001144204-11-010397.txt
SRKP 27 INC,0001423244,10-K,2011-02-23,edgar/data/1423244/0001144204-11-010401.txt
SRKP 28 INC,0001423245,10-K,2011-02-23,edgar/data/1423245/0001144204-11-010405.txt
SRKP 29 INC,0001423246,10-K,2011-02-23,edgar/data/1423246/0001144204-11-010411.txt
"Incoming, Inc.",0001423325,10-K,2011-03-15,edgar/data/1423325/0001387131-11-000350.txt
"ProIndia International, Inc.",0001423417,10-K,2011-03-30,edgar/data/1423417/0001157523-11-001792.txt
Quadra Projects Inc.,0001423586,10-K,2011-03-14,edgar/data/1423586/0001224280-11-000016.txt
American Capital Agency Corp,0001423689,10-K,2011-02-25,edgar/data/1423689/0001193125-11-046920.txt
Liberty Coal Energy Corp.,0001424030,10-K,2011-01-11,edgar/data/1424030/0001165527-11-000022.txt
"Plata Resources, Inc.",0001424151,10-K,2011-03-14,edgar/data/1424151/0001424151-11-000008.txt
EXPLORE ANYWHERE HOLDING CORP,0001424328,10-K,2011-03-31,edgar/data/1424328/0001044764-11-000060.txt
Rovi Corp,0001424454,10-K,2011-02-15,edgar/data/1424454/0001193125-11-036776.txt
"FOREVER VALUABLE COLLECTIBLES, INC.",0001424549,10-K,2011-03-29,edgar/data/1424549/0001424549-11-000006.txt
WindTamer Corp,0001424640,10-K,2011-03-17,edgar/data/1424640/0001213900-11-001353.txt
VYCOR MEDICAL INC,0001424768,10-K,2011-03-31,edgar/data/1424768/0001145443-11-000368.txt
"Jumpkicks, Inc.",0001424812,10-K,2011-01-28,edgar/data/1424812/0001507718-11-000056.txt
"LORILLARD, INC.",0001424847,10-K,2011-02-18,edgar/data/1424847/0000950123-11-015424.txt
"Moody National REIT I, Inc.",0001424879,10-K,2011-03-31,edgar/data/1424879/0001387131-11-000519.txt
NOVAGEN SOLAR INC.,0001425173,10-K,2011-03-30,edgar/data/1425173/0001303681-11-000053.txt
AMP Holding Inc.,0001425287,10-K,2011-03-31,edgar/data/1425287/0001013762-11-000810.txt
BONANZA GOLD CORP.,0001425289,10-K,2011-03-31,edgar/data/1425289/0001425289-11-000005.txt
POKER MAGIC INC,0001425355,10-K,2011-03-04,edgar/data/1425355/0001144204-11-012839.txt
"Real Goods Solar, Inc.",0001425565,10-K,2011-03-11,edgar/data/1425565/0001193125-11-064097.txt
Guanwei Recycling Corp.,0001425715,10-K,2011-03-31,edgar/data/1425715/0001144204-11-018826.txt
Independent Film Development CORP,0001425883,10-K,2011-02-15,edgar/data/1425883/0001086715-11-000015.txt
SHENGRUI RESOURCES CO. LTD,0001425897,10-K,2011-03-25,edgar/data/1425897/0001415408-11-000152.txt
One e Commerce CORP,0001425919,10-K,2011-03-30,edgar/data/1425919/0001354488-11-000978.txt
"Cole Credit Property Trust III, Inc.",0001425923,10-K,2011-03-31,edgar/data/1425923/0000950123-11-031038.txt
GUIDE HOLDINGS INC,0001426011,10-K,2011-03-11,edgar/data/1426011/0001024020-11-000016.txt
Spartan Gold Ltd.,0001426530,10-K,2011-03-02,edgar/data/1426530/0001019687-11-000692.txt
VENDUM BATTERIES INC.,0001426568,10-K,2011-03-31,edgar/data/1426568/0001255294-11-000188.txt
"MATCHES, INC.",0001426703,10-K,2011-03-31,edgar/data/1426703/0001002334-11-000161.txt
"Soy Energy, LLC",0001426780,10-K,2011-01-31,edgar/data/1426780/0000897101-11-000131.txt
"HPC POS SYSTEM, CORP.",0001426808,10-K,2011-02-22,edgar/data/1426808/0001078782-11-000457.txt
"HPC POS SYSTEM, CORP.",0001426808,10-K,2011-02-22,edgar/data/1426808/0001078782-11-000465.txt
"LEAF Equipment Finance Fund 4, L.P.",0001426850,10-K,2011-03-31,edgar/data/1426850/0001140361-11-019790.txt
KAIBO FOODS Co Ltd,0001426874,10-K,2011-03-31,edgar/data/1426874/0001144204-11-018872.txt
"Echo Global Logistics, Inc.",0001426945,10-K,2011-03-11,edgar/data/1426945/0001445305-11-000410.txt
"BioNeutral Group, Inc",0001427030,10-K,2011-02-15,edgar/data/1427030/0001213900-11-000843.txt
BRISTOL MYERS SQUIBB CO,0000014272,10-K,2011-02-18,edgar/data/14272/0001193125-11-040120.txt
"Entergy Texas, Inc.",0001427437,10-K,2011-02-28,edgar/data/1427437/0000065984-11-000033.txt
Sungro Minerals Inc.,0001427644,10-K,2011-03-15,edgar/data/1427644/0001437749-11-001550.txt
ACELRX PHARMACEUTICALS INC,0001427925,10-K,2011-03-30,edgar/data/1427925/0001193125-11-082980.txt
"Managed Futures Profile HV, L.P.",0001428040,10-K,2011-03-31,edgar/data/1428040/0001428040-11-000002.txt
"Managed Futures Profile MV, L.P.",0001428042,10-K,2011-03-31,edgar/data/1428042/0001428042-11-000002.txt
"Managed Futures Profile LV, L.P.",0001428043,10-K,2011-03-30,edgar/data/1428043/0001428043-11-000002.txt
Celera CORP,0001428156,10-K,2011-03-18,edgar/data/1428156/0001193125-11-070267.txt
"Armour Residential REIT, Inc.",0001428205,10-K,2011-03-10,edgar/data/1428205/0001398432-11-000258.txt
MPM ACQUISITION CORP,0001428522,10-K,2011-03-24,edgar/data/1428522/0001104659-11-016437.txt
"SolarWinds, Inc.",0001428669,10-K,2011-02-25,edgar/data/1428669/0001193125-11-047632.txt
Pacific Bepure Industry Inc,0001429426,10-K,2011-03-31,edgar/data/1429426/0001165527-11-000288.txt
Guardian 8 Holdings,0001429592,10-K,2011-03-23,edgar/data/1429592/0001185185-11-000344.txt
Apextalk Holdings Inc,0001429684,10-K,2011-03-30,edgar/data/1429684/0001213900-11-001598.txt
"Lender Processing Services, Inc.",0001429775,10-K,2011-03-01,edgar/data/1429775/0000950123-11-020483.txt
PRECISION PETROLEUM Corp,0001430057,10-K,2011-01-13,edgar/data/1430057/0001350071-11-000004.txt
Alto Group Holdings Inc.,0001430124,10-K,2011-03-16,edgar/data/1430124/0001391609-11-000102.txt
ACCELERATED ACQUISITIONS II INC,0001430175,10-K,2011-03-30,edgar/data/1430175/0001144204-11-018388.txt
Carey Watermark Investors Inc,0001430259,10-K,2011-03-18,edgar/data/1430259/0000950123-11-026672.txt
TAMANDARE EXPLORATIONS INC.,0001430306,10-K,2011-03-02,edgar/data/1430306/0001165527-11-000204.txt
Ametrine Capital Inc,0001430415,10-K,2011-03-23,edgar/data/1430415/0001000096-11-000076.txt
WEBDIGS INC,0001430523,10-K,2011-01-12,edgar/data/1430523/0001144204-11-001827.txt
"Financial Engines, Inc.",0001430592,10-K,2011-03-22,edgar/data/1430592/0000950123-11-027445.txt
"Scripps Networks Interactive, Inc.",0001430602,10-K,2011-03-01,edgar/data/1430602/0001193125-11-052343.txt
"ServisFirst Bancshares, Inc.",0001430723,10-K,2011-03-08,edgar/data/1430723/0001144204-11-013431.txt
"Bergio International, Inc.",0001431074,10-K,2011-03-31,edgar/data/1431074/0001393905-11-000197.txt
"HALL TEES, INC.",0001431499,10-K,2011-03-29,edgar/data/1431499/0001121781-11-000074.txt
Oak Valley Bancorp,0001431567,10-K,2011-03-28,edgar/data/1431567/0001104659-11-017123.txt
"Coast to Coast Consulting, LLC",0001431655,10-K,2011-03-31,edgar/data/1431655/0001104659-11-017992.txt
"Greystone Business Group, LLC",0001431656,10-K,2011-03-31,edgar/data/1431656/0001104659-11-017992.txt
Old OSI LLC,0001431657,10-K,2011-03-31,edgar/data/1431657/0001104659-11-017992.txt
"OSI Outsourcing Services International, Inc.",0001431658,10-K,2011-03-31,edgar/data/1431658/0001104659-11-017992.txt
"OSI Recovery Solutions, Inc.",0001431659,10-K,2011-03-31,edgar/data/1431659/0001104659-11-017992.txt
OSI SPE LLC,0001431660,10-K,2011-03-31,edgar/data/1431660/0001104659-11-017992.txt
"OSI Support Services, Inc.",0001431661,10-K,2011-03-31,edgar/data/1431661/0001104659-11-017992.txt
Outsourcing Solutions Inc.,0001431662,10-K,2011-03-31,edgar/data/1431662/0001104659-11-017992.txt
"Pacific Software Consulting, LLC",0001431663,10-K,2011-03-31,edgar/data/1431663/0001104659-11-017992.txt
"PAE Leasing, LLC",0001431664,10-K,2011-03-31,edgar/data/1431664/0001104659-11-017992.txt
"Perimeter Credit, L.L.C.",0001431665,10-K,2011-03-31,edgar/data/1431665/0001104659-11-017992.txt
"Portfolio Acquisitions, LLC",0001431667,10-K,2011-03-31,edgar/data/1431667/0001104659-11-017992.txt
"Union Settlement Administrator Holdco, Inc.",0001431668,10-K,2011-03-31,edgar/data/1431668/0001104659-11-017992.txt
"Union Settlement Administrator, Inc.",0001431669,10-K,2011-03-31,edgar/data/1431669/0001104659-11-017992.txt
"University Accounting Service, LLC",0001431670,10-K,2011-03-31,edgar/data/1431670/0001104659-11-017992.txt
Credit Receivables CORP I,0001431671,10-K,2011-03-31,edgar/data/1431671/0001104659-11-017992.txt
"Systems & Services Technology, Inc.",0001431672,10-K,2011-03-31,edgar/data/1431672/0001104659-11-017992.txt
"Tempest Recovery Services, Inc.",0001431673,10-K,2011-03-31,edgar/data/1431673/0001104659-11-017992.txt
"NCOP X, LLC",0001431674,10-K,2011-03-31,edgar/data/1431674/0001104659-11-017992.txt
FSP 303 East Wacker Drive Corp.,0001431766,10-K,2011-03-14,edgar/data/1431766/0001171520-11-000209.txt
AGY Holding Corp.,0001431824,10-K,2011-03-31,edgar/data/1431824/0001193125-11-084891.txt
"AVT, Inc.",0001431888,10-K,2011-03-22,edgar/data/1431888/0001387308-11-000020.txt
MOBILE STAR CORP,0001431936,10-K,2011-03-22,edgar/data/1431936/0001144204-11-016236.txt
"Chocolate Candy Creations, Inc.",0001431938,10-K,2011-03-15,edgar/data/1431938/0001431938-11-000018.txt
Volkswagen Auto Loan Enhanced Trust 2008-1,0001431987,10-K,2011-03-31,edgar/data/1431987/0000950123-11-031189.txt
BNH INC,0001432139,10-K,2011-02-17,edgar/data/1432139/0001144204-11-009452.txt
"GigOptix, Inc.",0001432150,10-K,2011-03-03,edgar/data/1432150/0001193125-11-053913.txt
"Net Savings Link, Inc.",0001432176,10-K,2011-03-15,edgar/data/1432176/0001002014-11-000095.txt
Empire Sports & Entertainment Holdings Co.,0001432196,10-K,2011-03-15,edgar/data/1432196/0001469299-11-000152.txt
"Mayquest Ventures, Inc.",0001432269,10-K,2011-03-30,edgar/data/1432269/0001171520-11-000253.txt
Rampart Studios Inc.,0001432271,10-K,2011-02-18,edgar/data/1432271/0001432271-11-000001.txt
"Greenrock Ventures, Inc.",0001432274,10-K,2011-03-30,edgar/data/1432274/0001171520-11-000255.txt
"Merchants & Marine Bancorp, Inc.",0001432405,10-K,2011-03-25,edgar/data/1432405/0000950123-11-029177.txt
CREDEX CORP,0001432939,10-K,2011-03-16,edgar/data/1432939/0001432939-11-000026.txt
Atlas Resources Public #18-2009 (B) L.P.,0001432985,10-K,2011-03-30,edgar/data/1432985/0000950123-11-030669.txt
Atlas Resources Public #18-2008 (A) L.P.,0001432987,10-K,2011-03-30,edgar/data/1432987/0000950123-11-030666.txt
Principal Life Income Fundings Trust 36,0001432999,10-K,2011-03-29,edgar/data/1432999/0000950123-11-030104.txt
"SUPERFUND GOLD, L.P.",0001433147,10-K,2011-03-31,edgar/data/1433147/0000950123-11-031401.txt
"Diligent Board Member Services, Inc.",0001433269,10-K,2011-03-22,edgar/data/1433269/0001144204-11-016352.txt
Sino Green Land Corp,0001433551,10-K,2011-03-31,edgar/data/1433551/0001213900-11-001730.txt
John Bean Technologies CORP,0001433660,10-K,2011-03-03,edgar/data/1433660/0001437749-11-001273.txt
Adelphia Recovery Trust,0001433669,10-K,2011-03-04,edgar/data/1433669/0001104659-11-012449.txt
Atlas Resources Public #18-2009 (C) L.P.,0001433833,10-K,2011-03-30,edgar/data/1433833/0000950123-11-030680.txt
CurrencyShares Singapore Dollar Trust,0001433994,10-K,2011-01-14,edgar/data/1433994/0001193125-11-007987.txt
CurrencyShares Russian Ruble Trust,0001433995,10-K,2011-01-14,edgar/data/1433995/0001193125-11-007983.txt
CurrencyShares South African Rand Trust,0001433997,10-K,2011-01-14,edgar/data/1433997/0001193125-11-007982.txt
RIDGEWOOD ENERGY Y FUND LLC,0001434070,10-K,2011-02-18,edgar/data/1434070/0001214659-11-000564.txt
"MEDIA TECHNOLOGIES, INC.",0001434111,10-K,2011-03-31,edgar/data/1434111/0001078782-11-000824.txt
"Universal Solar Technology, Inc.",0001434389,10-K,2011-03-30,edgar/data/1434389/0001144204-11-018204.txt
"SUNVALLEY SOLAR, INC.",0001434477,10-K,2011-03-31,edgar/data/1434477/0001255294-11-000172.txt
"Grand Canyon Education, Inc.",0001434588,10-K,2011-02-22,edgar/data/1434588/0000950123-11-016511.txt
"T3 Motion, Inc.",0001434589,10-K,2011-03-31,edgar/data/1434589/0000950123-11-031595.txt
"Interval Leisure Group, Inc.",0001434620,10-K,2011-03-09,edgar/data/1434620/0001047469-11-001856.txt
"Tree.com, Inc.",0001434621,10-K,2011-02-28,edgar/data/1434621/0001047469-11-001556.txt
"HSN, Inc.",0001434729,10-K,2011-02-23,edgar/data/1434729/0001193125-11-043707.txt
GMS Capital Corp.,0001434830,10-K,2011-03-22,edgar/data/1434830/0001437749-11-001672.txt
Aquilex Holdings LLC,0001434838,10-K,2011-03-31,edgar/data/1434838/0001193125-11-084694.txt
Forbes Energy Services Ltd.,0001434842,10-K,2011-03-30,edgar/data/1434842/0001193125-11-081699.txt
CURAXIS PHARMACEUTICAL Corp,0001434893,10-K,2011-03-31,edgar/data/1434893/0001354488-11-001045.txt
CEMTREX INC,0001435064,10-K,2011-01-14,edgar/data/1435064/0001144204-11-002290.txt
AB&T Financial CORP,0001435161,10-K,2011-03-31,edgar/data/1435161/0001435161-11-000004.txt
"HPC Acquisitions, Inc.",0001435224,10-K,2011-03-01,edgar/data/1435224/0001165527-11-000203.txt
"China Polypeptide Group, Inc.",0001435530,10-K,2011-01-13,edgar/data/1435530/0001144204-11-002081.txt
AMERICAN POWER CORP.,0001436174,10-K,2011-01-13,edgar/data/1436174/0001264931-11-000017.txt
"TouchIT Technologies, Inc.",0001436229,10-K,2011-03-31,edgar/data/1436229/0001213900-11-001640.txt
"HOME BANCORP, INC.",0001436425,10-K,2011-03-15,edgar/data/1436425/0001193125-11-067282.txt
"GLOBAL SMART ENERGY, INC.",0001436426,10-K,2011-03-31,edgar/data/1436426/0001131754-11-000051.txt
THEWEBDIGEST CORP.,0001436599,10-K,2011-03-15,edgar/data/1436599/0001161697-11-000238.txt
MEWBOURNE ENERGY PARTNERS 08-A LP,0001436942,10-K,2011-03-31,edgar/data/1436942/0001193125-11-083728.txt
LIGHTSTONE VALUE PLUS REAL ESTATE INVESTMENT TRUST II INC,0001436975,10-K,2011-03-31,edgar/data/1436975/0001144204-11-019201.txt
Invesco Mortgage Capital Inc.,0001437071,10-K,2011-03-14,edgar/data/1437071/0000914208-11-000289.txt
Ascent Media CORP,0001437106,10-K,2011-03-14,edgar/data/1437106/0000950123-11-025216.txt
"Discovery Communications, Inc.",0001437107,10-K,2011-02-18,edgar/data/1437107/0001193125-11-040418.txt
"Coastal Carolina Bancshares, Inc.",0001437213,10-K,2011-03-28,edgar/data/1437213/0001104659-11-016763.txt
"Mastech Holdings, Inc.",0001437226,10-K,2011-03-17,edgar/data/1437226/0001193125-11-070032.txt
"Moggle, Inc.",0001437283,10-K,2011-03-07,edgar/data/1437283/0001214659-11-000768.txt
"HIBERNIA HOMESTEAD BANCORP, INC.",0001437425,10-K,2011-03-31,edgar/data/1437425/0000950123-11-031336.txt
ENB Financial Corp,0001437479,10-K,2011-03-25,edgar/data/1437479/0000914317-11-000433.txt
Magnolia Solar Corp,0001437491,10-K,2011-03-28,edgar/data/1437491/0001013762-11-000727.txt
"RECOVERY ENERGY, INC.",0001437557,10-K,2011-03-31,edgar/data/1437557/0001213900-11-001717.txt
"IC Places, Inc.",0001437596,10-K,2011-03-29,edgar/data/1437596/0001477472-11-000008.txt
Digimarc CORP,0001438231,10-K,2011-03-03,edgar/data/1438231/0001193125-11-054776.txt
BE Resources Inc.,0001438884,10-K,2011-03-31,edgar/data/1438884/0001204459-11-000869.txt
"Inland Diversified Real Estate Trust, Inc.",0001438897,10-K,2011-03-30,edgar/data/1438897/0001193125-11-082818.txt
CTPARTNERS EXECUTIVE SEARCH INC.,0001439199,10-K,2011-03-24,edgar/data/1439199/0000950123-11-028494.txt
"Northsight Capital, Inc.",0001439397,10-K,2011-03-03,edgar/data/1439397/0001024020-11-000014.txt
"FusionTech, Inc.",0001439446,10-K,2011-03-22,edgar/data/1439446/0001185185-11-000338.txt
"Fresenius Kabi Pharmaceuticals Holding, Inc.",0001439449,10-K,2011-02-23,edgar/data/1439449/0001193125-11-042501.txt
"United States Short Oil Fund, LP",0001439567,10-K,2011-03-30,edgar/data/1439567/0001144204-11-018386.txt
"Roadrunner Transportation Systems, Inc.",0001440024,10-K,2011-03-31,edgar/data/1440024/0000950123-11-030972.txt
United Development Funding IV,0001440292,10-K,2011-03-31,edgar/data/1440292/0001144204-11-019077.txt
Asia Green Agriculture Corp,0001440476,10-K,2011-03-31,edgar/data/1440476/0001062993-11-001240.txt
Clearwater Paper Corp,0001441236,10-K,2011-03-11,edgar/data/1441236/0001193125-11-063935.txt
MedQuist Holdings Inc.,0001441567,10-K,2011-03-16,edgar/data/1441567/0000950123-11-025779.txt
"American Smooth Wave Ventures, Inc.",0001441649,10-K,2011-03-29,edgar/data/1441649/0001144204-11-018037.txt
CLOUD PEAK ENERGY INC.,0001441849,10-K,2011-02-25,edgar/data/1441849/0001047469-11-001299.txt
"Verisk Analytics, Inc.",0001442145,10-K,2011-02-28,edgar/data/1442145/0000950123-11-019814.txt
Clearwire Corp /DE,0001442505,10-K,2011-02-22,edgar/data/1442505/0000950123-11-016614.txt
"Bluerock Enhanced Multifamily Trust, Inc.",0001442626,10-K,2011-03-31,edgar/data/1442626/0000891804-11-001390.txt
"Xenith Bankshares, Inc.",0001442741,10-K,2011-02-25,edgar/data/1442741/0001193125-11-047623.txt
ALTEROLA BIOTECH INC.,0001442999,10-K,2011-01-13,edgar/data/1442999/0001144204-11-002176.txt
ISHARES DIVERSIFIED ALTERNATIVES TRUST,0001443075,10-K,2011-03-24,edgar/data/1443075/0001193125-11-076321.txt
General Maritime Corp / MI,0001443799,10-K,2011-03-30,edgar/data/1443799/0001104659-11-017700.txt
Protective Life Secured Trust 2008-20,0001443813,10-K,2011-03-22,edgar/data/1443813/0001104659-11-015810.txt
"Alpine Alpha 1, Ltd.",0001444090,10-K,2011-03-10,edgar/data/1444090/0001437749-11-001448.txt
ACCELERATED ACQUISITIONS V INC,0001444145,10-K,2011-03-24,edgar/data/1444145/0001144204-11-016847.txt
"GreenHouse Holdings, Inc.",0001444177,10-K,2011-03-31,edgar/data/1444177/0001140361-11-019659.txt
"Alpine Alpha 3, Ltd.",0001444185,10-K,2011-03-24,edgar/data/1444185/0001437749-11-001714.txt
"St. Joseph Bancorp, Inc.",0001444277,10-K,2011-03-31,edgar/data/1444277/0001188112-11-000761.txt
"GAIN Capital Holdings, Inc.",0001444363,10-K,2011-03-30,edgar/data/1444363/0001193125-11-082584.txt
Ocean Shore Holding Co.,0001444397,10-K,2011-03-23,edgar/data/1444397/0001193125-11-075018.txt
Emdeon Inc.,0001444598,10-K,2011-03-10,edgar/data/1444598/0000950123-11-024154.txt
KEATING CAPITAL INC,0001444706,10-K,2011-02-28,edgar/data/1444706/0001157523-11-001231.txt
GoldLand Holdings Corp.,0001444839,10-K,2011-03-31,edgar/data/1444839/0001091818-11-000137.txt
Energy Future Competitive Holdings CO,0001445049,10-K,2011-02-18,edgar/data/1445049/0001193125-11-039697.txt
Clean Coal Technologies Inc.,0001445109,10-K,2011-03-25,edgar/data/1445109/0001179350-11-000029.txt
Energy Future Intermediate Holding CO LLC,0001445146,10-K,2011-02-18,edgar/data/1445146/0001193125-11-039698.txt
"ANTIVIRAL TECHNOLOGIES, INC.",0001445226,10-K,2011-03-29,edgar/data/1445226/0001137050-11-000065.txt
Fuer International Inc.,0001445229,10-K,2011-03-31,edgar/data/1445229/0001144204-11-019051.txt
NEXAIRA WIRELESS INC.,0001445625,10-K,2011-01-31,edgar/data/1445625/0001176256-11-000074.txt
Dover Holding Corp,0001445635,10-K,2011-03-22,edgar/data/1445635/0001013762-11-000681.txt
"U.S. Natural Nutrients & Minerals, Inc.",0001445815,10-K,2011-03-30,edgar/data/1445815/0001213900-11-001583.txt
China Chemical Corp.,0001445941,10-K,2011-03-30,edgar/data/1445941/0001013762-11-000747.txt
Texas Rare Earth Resources Corp.,0001445942,10-K,2011-02-08,edgar/data/1445942/0001432093-11-000044.txt
Texas Rare Earth Resources Corp.,0001445942,10-K,2011-02-08,edgar/data/1445942/0001432093-11-000052.txt
Texas Rare Earth Resources Corp.,0001445942,10-K,2011-02-08,edgar/data/1445942/0001432093-11-000060.txt
"EASTERN SECURITY & PROTECTION SERVICES, INC.",0001446140,10-K,2011-03-31,edgar/data/1446140/0001127855-11-000153.txt
"BioDrain Medical, Inc.",0001446159,10-K,2011-03-31,edgar/data/1446159/0001144204-11-018918.txt
"Hartman Short Term Income Properties XX, Inc.",0001446687,10-K,2011-03-31,edgar/data/1446687/0001144204-11-019279.txt
"Macquarie Equipment Leasing Fund, LLC",0001446714,10-K,2011-02-15,edgar/data/1446714/0001193125-11-036742.txt
"ICON Equipment & Corporate Infrastructure Fund Fourteen, L.P.",0001446806,10-K,2011-03-31,edgar/data/1446806/0000947986-11-000041.txt
IRONWOOD PHARMACEUTICALS INC,0001446847,10-K,2011-03-30,edgar/data/1446847/0001047469-11-002858.txt
Territorial Bancorp Inc.,0001447051,10-K,2011-03-14,edgar/data/1447051/0001193125-11-066023.txt
Redwood Mortgage Investors IX,0001448038,10-K,2011-03-31,edgar/data/1448038/0000889123-11-000011.txt
Cornerstone Financial Corp,0001448324,10-K,2011-03-30,edgar/data/1448324/0001135428-11-000200.txt
OptimizeRx Corp,0001448431,10-K,2011-03-31,edgar/data/1448431/0001507718-11-000079.txt
"China Power Technology, Inc.",0001448500,10-K,2011-03-24,edgar/data/1448500/0001204459-11-000800.txt
Kopr Resources Corp.,0001448597,10-K,2011-01-07,edgar/data/1448597/0001165527-11-000016.txt
"MMAX MEDIA, INC.",0001448705,10-K,2011-02-01,edgar/data/1448705/0001350071-11-000014.txt
"China Green Energy Industries, Inc.",0001448776,10-K,2011-03-30,edgar/data/1448776/0001204459-11-000855.txt
MobileBits Holdings Corp,0001448780,10-K,2011-01-31,edgar/data/1448780/0001213900-11-000382.txt
OMNI VENTURES INC,0001449224,10-K,2011-01-11,edgar/data/1449224/0001413387-11-000005.txt
ADVANCED MEDICAL ISOTOPE Corp,0001449349,10-K,2011-03-01,edgar/data/1449349/0001199835-11-000096.txt
Volkswagen Auto Loan Enhanced Trust 2008-2,0001449636,10-K,2011-03-31,edgar/data/1449636/0000950123-11-031202.txt
"Willbros Group, Inc.\NEW\",0001449732,10-K,2011-03-15,edgar/data/1449732/0000950123-11-025332.txt
"PIONEER POWER SOLUTIONS, INC.",0001449792,10-K,2011-03-31,edgar/data/1449792/0001193805-11-000604.txt
"Embassy Bancorp, Inc.",0001449794,10-K,2011-03-31,edgar/data/1449794/0001140361-11-019595.txt
"Commonwealth Income & Growth Fund VII, LP",0001450335,10-K,2011-03-31,edgar/data/1450335/0001450335-11-000002.txt
NORTH BAY RESOURCES INC,0001450524,10-K,2011-03-16,edgar/data/1450524/0001185185-11-000320.txt
Tuffnell Ltd.,0001450551,10-K,2011-01-12,edgar/data/1450551/0001144204-11-001897.txt
"Aurum, Inc.",0001450708,10-K,2011-01-27,edgar/data/1450708/0001157523-11-000393.txt
"FRONTIER DIVERSIFIED SERIES, a series of The Frontier Fund",0001450720,10-K,2011-03-28,edgar/data/1450720/0001193125-11-078420.txt
"FRONTIER DYNAMIC SERIES, a series of The Frontier Fund",0001450721,10-K,2011-03-28,edgar/data/1450721/0001193125-11-078420.txt
"FRONTIER MASTERS SERIES, a series of The Frontier Fund",0001450722,10-K,2011-03-28,edgar/data/1450722/0001193125-11-078420.txt
ETFS SILVER TRUST,0001450922,10-K,2011-03-15,edgar/data/1450922/0000930413-11-001900.txt
ETFS Gold Trust,0001450923,10-K,2011-03-15,edgar/data/1450923/0000930413-11-001901.txt
"First Sentry Bancshares, Inc.",0001451432,10-K,2011-03-25,edgar/data/1451432/0001387131-11-000434.txt
BUKA VENTURES INC.,0001451433,10-K,2011-03-08,edgar/data/1451433/0001451433-11-000002.txt
Transocean Ltd.,0001451505,10-K,2011-02-28,edgar/data/1451505/0001451505-11-000032.txt
"Idle Media, Inc.",0001451520,10-K,2011-01-13,edgar/data/1451520/0001393905-11-000028.txt
"WPS, Inc.",0001451653,10-K,2011-03-28,edgar/data/1451653/0001477472-11-000005.txt
American Liberty Petroleum Corp.,0001451929,10-K,2011-02-15,edgar/data/1451929/0001144204-11-009099.txt
BIOCANCELL THERAPEUTICS INC.,0001451980,10-K,2011-03-15,edgar/data/1451980/0001451980-11-000010.txt
Tanke Biosciences Corp,0001452011,10-K,2011-03-31,edgar/data/1452011/0001193805-11-000601.txt
"Beta Music Group, Inc.",0001452164,10-K,2011-03-31,edgar/data/1452164/0001161697-11-000290.txt
"CNL Macquarie Global Growth Trust, Inc.",0001452168,10-K,2011-03-03,edgar/data/1452168/0001193125-11-055045.txt
Mead Johnson Nutrition Co,0001452575,10-K,2011-02-16,edgar/data/1452575/0001193125-11-037913.txt
"Encore Brands, Inc.",0001452763,10-K,2011-01-14,edgar/data/1452763/0001393905-11-000030.txt
Riverview Financial Corp,0001452899,10-K,2011-03-29,edgar/data/1452899/0001104659-11-017464.txt
Ecolivegreen Corp,0001452920,10-K,2011-03-30,edgar/data/1452920/0001161697-11-000272.txt
"KBS Strategic Opportunity REIT, Inc.",0001452936,10-K,2011-03-11,edgar/data/1452936/0001193125-11-064180.txt
Rx Technologies Corp.,0001453086,10-K,2011-02-24,edgar/data/1453086/0001161697-11-000172.txt
Weatherford International Ltd./Switzerland,0001453090,10-K,2011-03-08,edgar/data/1453090/0000950123-11-023232.txt
"DISCOUNT DENTAL MATERIALS, INC.",0001453099,10-K,2011-02-01,edgar/data/1453099/0001078782-11-000268.txt
"Amarok Resources, Inc.",0001453122,10-K,2011-02-15,edgar/data/1453122/0001127855-11-000073.txt
"Canterbury Resources, Inc.",0001453420,10-K,2011-03-30,edgar/data/1453420/0001453420-11-000002.txt
"Medidata Solutions, Inc.",0001453814,10-K,2011-03-16,edgar/data/1453814/0001193125-11-068795.txt
"Hines Global REIT, Inc.",0001453818,10-K,2011-03-30,edgar/data/1453818/0001262959-11-000020.txt
PENN MILLERS HOLDING CORP,0001453820,10-K,2011-03-28,edgar/data/1453820/0000950123-11-029722.txt
"5Barz International, Inc.",0001454124,10-K,2011-03-31,edgar/data/1454124/0001300964-11-000051.txt
Univest Tech Inc.,0001454510,10-K,2011-02-14,edgar/data/1454510/0001079974-11-000099.txt
"GMV Wireless, Inc.",0001454742,10-K,2011-03-29,edgar/data/1454742/0001078782-11-000788.txt
"RVUE HOLDINGS, INC.",0001455206,10-K,2011-03-01,edgar/data/1455206/0001144204-11-011852.txt
"Grubb & Ellis Healthcare REIT II, Inc.",0001455271,10-K,2011-03-10,edgar/data/1455271/0000950123-11-024186.txt
"NorthStar Real Estate Income Trust, Inc.",0001455650,10-K,2011-03-29,edgar/data/1455650/0000950123-11-029969.txt
"SignPath Pharma, Inc.",0001455694,10-K,2011-03-30,edgar/data/1455694/0001144204-11-018135.txt
"RIDGEWOOD ENERGY X FUND, LLC",0001455741,10-K,2011-03-04,edgar/data/1455741/0001214659-11-000748.txt
PEOPLESTRING CORP,0001455819,10-K,2011-03-31,edgar/data/1455819/0001213900-11-001687.txt
"Butte Highlands Mining Company, Inc.",0001455926,10-K,2011-03-31,edgar/data/1455926/0001052918-11-000143.txt
RIDER EXPLORATION INC,0001455982,10-K,2011-01-20,edgar/data/1455982/0001214659-11-000202.txt
"GC NET LEASE REIT, INC.",0001456016,10-K,2011-03-24,edgar/data/1456016/0001193125-11-076597.txt
GROTE MOLEN INC,0001456212,10-K,2011-03-31,edgar/data/1456212/0001078782-11-000856.txt
"Energy Telecom, Inc.",0001456455,10-K,2011-03-10,edgar/data/1456455/0001013762-11-000568.txt
Government Properties Income Trust,0001456772,10-K,2011-02-25,edgar/data/1456772/0001047469-11-001362.txt
First American Silver Corp.,0001456802,10-K,2011-02-28,edgar/data/1456802/0001165527-11-000200.txt
RIDGEWOOD ENERGY A-1 FUND LLC,0001457919,10-K,2011-02-18,edgar/data/1457919/0001214659-11-000562.txt
"Eco Energy Pumps, Inc.",0001458725,10-K,2011-02-14,edgar/data/1458725/0001437749-11-000855.txt
Noble Corp / Switzerland,0001458891,10-K,2011-02-25,edgar/data/1458891/0000950123-11-018607.txt
Silverhill Management Services Inc,0001459188,10-K,2011-03-31,edgar/data/1459188/0001078782-11-000858.txt
"Macquarie CNL Global Income Trust, Inc.",0001459241,10-K,2011-03-07,edgar/data/1459241/0001193125-11-057740.txt
ETFS PALLADIUM TRUST,0001459862,10-K,2011-03-28,edgar/data/1459862/0000930413-11-002296.txt
"Kips Bay Medical, Inc.",0001460198,10-K,2011-03-31,edgar/data/1460198/0001047469-11-003005.txt
ETFS Platinum Trust,0001460235,10-K,2011-03-28,edgar/data/1460235/0000930413-11-002298.txt
"Business Outsourcing Service, Inc.",0001460602,10-K,2011-02-28,edgar/data/1460602/0001165527-11-000199.txt
"Tri-Tech Holding, Inc.",0001460801,10-K,2011-03-29,edgar/data/1460801/0001193125-11-080197.txt
GRAHAM ALTERNATIVE INVESTMENT FUND I LLC,0001461219,10-K,2011-03-30,edgar/data/1461219/0001140361-11-019442.txt
GRAHAM ALTERNATIVE INVESTMENT FUND II LLC,0001461237,10-K,2011-03-30,edgar/data/1461237/0001140361-11-019445.txt
HomeTown Bankshares Corp,0001461640,10-K,2011-03-31,edgar/data/1461640/0001193125-11-084941.txt
Green Star Alternative Energy Inc.,0001462013,10-K,2011-03-17,edgar/data/1462013/0001308411-11-000035.txt
"MEWBOURNE ENERGY PARTNERS 09-A, L.P.",0001462103,10-K,2011-03-31,edgar/data/1462103/0001193125-11-083535.txt
Altisource Portfolio Solutions S.A.,0001462418,10-K,2011-02-18,edgar/data/1462418/0000950123-11-015633.txt
SunGame Corp,0001462506,10-K,2011-03-23,edgar/data/1462506/0001019687-11-000931.txt
"RICI Linked - PAM Advisors Fund, LLC",0001462567,10-K,2011-03-30,edgar/data/1462567/0000905148-11-000759.txt
Volkswagen Auto Lease Trust 2009-A,0001462777,10-K,2011-03-31,edgar/data/1462777/0000950123-11-031206.txt
"Renewable Energy Group, Inc.",0001463258,10-K,2011-03-31,edgar/data/1463258/0001193125-11-085016.txt
"ATEL 14, LLC",0001463389,10-K,2011-03-31,edgar/data/1463389/0001144204-11-018869.txt
"Ciralight Global, Inc.",0001463961,10-K,2011-03-24,edgar/data/1463961/0001165527-11-000264.txt
Vuzix Corp,0001463972,10-K,2011-03-31,edgar/data/1463972/0001144204-11-019283.txt
CompuCredit Holdings Corp,0001464343,10-K,2011-03-04,edgar/data/1464343/0001464343-11-000004.txt
PennyMac Mortgage Investment Trust,0001464423,10-K,2011-03-07,edgar/data/1464423/0001047469-11-001797.txt
Industrial Income Trust Inc.,0001464720,10-K,2011-02-25,edgar/data/1464720/0001193125-11-047674.txt
"Great American Group, Inc.",0001464790,10-K,2011-03-31,edgar/data/1464790/0001193125-11-085048.txt
"Silver Falcon Mining, Inc.",0001464830,10-K,2011-03-25,edgar/data/1464830/0001091818-11-000128.txt
"THL Credit, Inc.",0001464963,10-K,2011-03-14,edgar/data/1464963/0001193125-11-066016.txt
VIASPACE Green Energy Inc.,0001465062,10-K,2011-03-31,edgar/data/1465062/0001019687-11-001045.txt
DIRECTV,0001465112,10-K,2011-02-28,edgar/data/1465112/0001047469-11-001443.txt
"STARWOOD PROPERTY TRUST, INC.",0001465128,10-K,2011-03-01,edgar/data/1465128/0001047469-11-001633.txt
Two Harbors Investment Corp.,0001465740,10-K,2011-03-04,edgar/data/1465740/0001465740-11-000023.txt
"Cullman Bancorp, Inc.",0001465969,10-K,2011-03-18,edgar/data/1465969/0001193125-11-071200.txt
Bhakti Capital Corp.,0001466056,10-K,2011-03-25,edgar/data/1466056/0001117768-11-000156.txt
"Darshan Equity Investment, Inc.",0001466057,10-K,2011-03-25,edgar/data/1466057/0001117768-11-000157.txt
"INDEPENDENCE REALTY TRUST, INC",0001466085,10-K,2011-03-25,edgar/data/1466085/0001193125-11-078002.txt
"Resource Real Estate Opportunity REIT, Inc.",0001466225,10-K,2011-03-30,edgar/data/1466225/0001376074-11-000082.txt
Ingersoll-Rand plc,0001466258,10-K,2011-02-22,edgar/data/1466258/0001193125-11-042044.txt
"COWEN GROUP, INC.",0001466538,10-K,2011-03-14,edgar/data/1466538/0001047469-11-002078.txt
Otter Tail Corp,0001466593,10-K,2011-02-28,edgar/data/1466593/0001157523-11-001197.txt
"CAMBIUM LEARNING GROUP, INC.",0001466815,10-K,2011-03-10,edgar/data/1466815/0000950123-11-024212.txt
AVICENNA GLOBAL CORP.,0001466827,10-K,2011-03-15,edgar/data/1466827/0001466827-11-000009.txt
CreXus Investment Corp.,0001467027,10-K,2011-02-25,edgar/data/1467027/0001157523-11-001194.txt
"Colony Financial, Inc.",0001467076,10-K,2011-03-07,edgar/data/1467076/0001193125-11-057879.txt
Deyu Agriculture Corp.,0001467746,10-K,2011-03-31,edgar/data/1467746/0001144204-11-019091.txt
"Apollo Commercial Real Estate Finance, Inc.",0001467760,10-K,2011-03-11,edgar/data/1467760/0001193125-11-063960.txt
"Zoom Telephonics, Inc.",0001467761,10-K,2011-03-29,edgar/data/1467761/0001354488-11-000969.txt
General Motors Co,0001467858,10-K,2011-03-01,edgar/data/1467858/0001193125-11-051462.txt
"Wendy's/Arby's Restaurants, LLC",0001467974,10-K,2011-03-03,edgar/data/1467974/0000030697-11-000019.txt
"Steadfast Income REIT, Inc.",0001468010,10-K,2011-03-22,edgar/data/1468010/0000950123-11-027458.txt
Hyatt Hotels Corp,0001468174,10-K,2011-02-17,edgar/data/1468174/0001193125-11-038921.txt
Addus HomeCare Corp,0001468328,10-K,2011-03-28,edgar/data/1468328/0001193125-11-079724.txt
USA REAL ESTATE HOLDING Co,0001468500,10-K,2011-03-31,edgar/data/1468500/0001477932-11-000398.txt
AOL Inc.,0001468516,10-K,2011-02-25,edgar/data/1468516/0001193125-11-046265.txt
POWIN CORP,0001468780,10-K,2011-03-18,edgar/data/1468780/0001023175-11-000122.txt
Millburn Multi-Markets Fund L.P.,0001468910,10-K,2011-03-30,edgar/data/1468910/0001144204-11-018341.txt
Domain Extremes Inc.,0001469038,10-K,2011-03-23,edgar/data/1469038/0001019687-11-000932.txt
"Altegris QIM Futures Fund, L.P.",0001469317,10-K,2011-03-31,edgar/data/1469317/0000905148-11-000780.txt
"Madison Square Garden, Inc.",0001469372,10-K,2011-03-04,edgar/data/1469372/0001193125-11-056439.txt
WRASP 30 INC,0001469383,10-K,2011-02-23,edgar/data/1469383/0001144204-11-010370.txt
WRASP 31 INC,0001469384,10-K,2011-02-23,edgar/data/1469384/0001144204-11-010375.txt
WRASP 32 INC,0001469385,10-K,2011-02-23,edgar/data/1469385/0001144204-11-010386.txt
"Mobilized Entertainment, Inc.",0001469412,10-K,2011-03-31,edgar/data/1469412/0001300964-11-000048.txt
Ancestry.com Inc.,0001469433,10-K,2011-03-08,edgar/data/1469433/0000950123-11-023066.txt
Resolute Energy Corp,0001469510,10-K,2011-03-15,edgar/data/1469510/0000950123-11-025335.txt
"PROTEONOMIX, INC.",0001469559,10-K,2011-03-29,edgar/data/1469559/0001091818-11-000130.txt
Andatee China Marine Fuel Services Corp,0001469606,10-K,2011-03-31,edgar/data/1469606/0001144204-11-019113.txt
"KBS Legacy Partners Apartment REIT, Inc.",0001469822,10-K,2011-03-11,edgar/data/1469822/0001193125-11-064174.txt
China Bilingual Technology & Education Group Inc.,0001470129,10-K,2011-03-31,edgar/data/1470129/0001013762-11-000858.txt
"Archipelago Learning, Inc.",0001470699,10-K,2011-03-11,edgar/data/1470699/0000950123-11-024538.txt
"OmniAmerican Bancorp, Inc.",0001470795,10-K,2011-03-10,edgar/data/1470795/0000950123-11-024123.txt
"GLOBAL DEFENSE TECHNOLOGY & SYSTEMS, INC.",0001471038,10-K,2011-03-11,edgar/data/1471038/0000950123-11-024795.txt
Cullen Agricultural Holding Corp,0001471256,10-K,2011-03-25,edgar/data/1471256/0001144204-11-016952.txt
"Cobalt International Energy, Inc.",0001471261,10-K,2011-03-01,edgar/data/1471261/0001047469-11-001613.txt
"Northwest Bancshares, Inc.",0001471265,10-K,2011-03-01,edgar/data/1471265/0001144204-11-011847.txt
"Harvard Illinois Bancorp, Inc.",0001471266,10-K,2011-03-30,edgar/data/1471266/0001193125-11-082986.txt
ML BlueTrend FuturesAccess LLC,0001471270,10-K,2011-03-15,edgar/data/1471270/0001104659-11-014256.txt
AIVTECH INTERNATIONAL GROUP CO.,0001471302,10-K,2011-03-31,edgar/data/1471302/0001213900-11-001701.txt
"rue21, inc.",0001471458,10-K,2011-03-29,edgar/data/1471458/0000950123-11-030202.txt
MEDISAFE 1 TECHNOLOGIES CORP,0001471487,10-K,2011-03-16,edgar/data/1471487/0001144204-11-015040.txt
"Entergy Texas Restoration Funding, LLC",0001471728,10-K,2011-03-29,edgar/data/1471728/0000065984-11-000061.txt
Teucrium Commodity Trust,0001471824,10-K,2011-03-29,edgar/data/1471824/0001144204-11-017882.txt
Athens Bancshares Corp,0001472093,10-K,2011-03-18,edgar/data/1472093/0000950123-11-026817.txt
Secure Luggage Solutions Inc.,0001472277,10-K,2011-02-25,edgar/data/1472277/0001062993-11-000730.txt
"United States Brent Oil Fund, LP",0001472494,10-K,2011-03-30,edgar/data/1472494/0001144204-11-018392.txt
"Accretive Health, Inc.",0001472595,10-K,2011-03-18,edgar/data/1472595/0000950123-11-026904.txt
GHN Agrispan Holding Co,0001472688,10-K,2011-03-31,edgar/data/1472688/0001144204-11-019261.txt
First American Financial Corp,0001472787,10-K,2011-03-01,edgar/data/1472787/0001193125-11-051851.txt
PostRock Energy Corp,0001473061,10-K,2011-03-03,edgar/data/1473061/0000950123-11-021415.txt
Chesapeake Lodging Trust,0001473078,10-K,2011-02-16,edgar/data/1473078/0001193125-11-037897.txt
SMSA CRANE ACQUISITION CORP.,0001473287,10-K,2011-03-07,edgar/data/1473287/0001010549-11-000205.txt
Nature's Call Brands Inc.,0001473591,10-K,2011-02-25,edgar/data/1473591/0001062993-11-000726.txt
"STR HOLDINGS, INC.",0001473597,10-K,2011-03-11,edgar/data/1473597/0001047469-11-002044.txt
AlphaMetrix Managed Futures III LLC (AlphaMetrix WC Diversified Series),0001473675,10-K,2011-03-31,edgar/data/1473675/0000905148-11-000778.txt
"Citadel EFT, Inc.",0001473971,10-K,2011-01-13,edgar/data/1473971/0001091818-11-000020.txt
Baltic Trading Ltd,0001474042,10-K,2011-03-10,edgar/data/1474042/0000922423-11-000119.txt
Pebblebrook Hotel Trust,0001474098,10-K,2011-02-23,edgar/data/1474098/0000950123-11-016631.txt
SMSA GAINESVILLE ACQUISITION CORP.,0001474266,10-K,2011-03-08,edgar/data/1474266/0001010549-11-000214.txt
KMP Futures Fund I LLC,0001474307,10-K,2011-03-18,edgar/data/1474307/0001193125-11-071246.txt
AMERICAN REALTY CAPITAL NEW YORK RECOVERY REIT INC,0001474464,10-K,2011-03-28,edgar/data/1474464/0001144204-11-017649.txt
Dehaier Medical Systems Ltd,0001474627,10-K,2011-03-07,edgar/data/1474627/0001193125-11-057177.txt
GENERAC HOLDINGS INC.,0001474735,10-K,2011-03-07,edgar/data/1474735/0001474735-11-000011.txt
Meiguo Acquisition Corp,0001475204,10-K,2011-03-21,edgar/data/1475204/0001165527-11-000257.txt
BZ INTERMEDIATE HOLDINGS LLC,0001475448,10-K,2011-03-02,edgar/data/1475448/0001193125-11-053585.txt
"Primerica, Inc.",0001475922,10-K,2011-03-17,edgar/data/1475922/0001193125-11-070177.txt
Chatham Lodging Trust,0001476045,10-K,2011-03-09,edgar/data/1476045/0000950123-11-023512.txt
Terreno Realty Corp,0001476150,10-K,2011-02-24,edgar/data/1476150/0000950123-11-017913.txt
Phillips Edison - ARC Shopping Center REIT Inc.,0001476204,10-K,2011-03-30,edgar/data/1476204/0001193125-11-082484.txt
Tropicana Entertainment Inc.,0001476246,10-K,2011-03-14,edgar/data/1476246/0001047469-11-002109.txt
"Cahaba Pharmaceuticals, Inc.",0001476638,10-K,2011-02-14,edgar/data/1476638/0001144204-11-008659.txt
57th Street General Acquisition Corp,0001476719,10-K,2011-02-11,edgar/data/1476719/0001144204-11-007797.txt
Promap Corp,0001477009,10-K,2011-03-30,edgar/data/1477009/0001437904-11-000044.txt
"Triangle Castings, Inc.",0001477032,10-K,2011-02-10,edgar/data/1477032/0001213900-11-000674.txt
MyOtherCountryClub.com,0001477168,10-K,2011-03-31,edgar/data/1477168/0001393905-11-000195.txt
Sensata Technologies Holding N.V.,0001477294,10-K,2011-01-31,edgar/data/1477294/0001193125-11-019091.txt
Ally Auto Assets LLC,0001477336,10-K,2011-03-28,edgar/data/1477336/0001144204-11-017626.txt
Ally Auto Assets LLC,0001477336,10-K,2011-03-28,edgar/data/1477336/0001144204-11-017628.txt
Ally Auto Assets LLC,0001477336,10-K,2011-03-28,edgar/data/1477336/0001144204-11-017630.txt
Ally Auto Assets LLC,0001477336,10-K,2011-03-28,edgar/data/1477336/0001144204-11-017631.txt
Ally Auto Assets LLC,0001477336,10-K,2011-03-28,edgar/data/1477336/0001144204-11-017633.txt
"Active Health Foods, Inc.",0001477472,10-K,2011-03-17,edgar/data/1477472/0001477472-11-000003.txt
Graham Packaging Co Inc.,0001478085,10-K,2011-02-24,edgar/data/1478085/0001193125-11-045310.txt
Selga Inc,0001478132,10-K,2011-03-15,edgar/data/1478132/0001478132-11-000001.txt
"Campbell Global Trend Fund, L.P.",0001478220,10-K,2011-03-31,edgar/data/1478220/0000950123-11-031612.txt
"Medbook World, Inc",0001478259,10-K,2011-01-03,edgar/data/1478259/0001165527-11-000001.txt
"ADVANCED PIPE FITTING TECHNOLOGIES, INC.",0001478490,10-K,2011-01-28,edgar/data/1478490/0001393905-11-000068.txt
"Empire Post Media, Inc.",0001478682,10-K,2011-02-28,edgar/data/1478682/0001144204-11-011177.txt
Curry Gold Corp,0001478725,10-K,2011-03-14,edgar/data/1478725/0001393905-11-000141.txt
China Education Acquisition Corp.,0001478913,10-K,2011-03-31,edgar/data/1478913/0001511164-11-000013.txt
"Excel Trust, Inc.",0001478950,10-K,2011-03-10,edgar/data/1478950/0001193125-11-061238.txt
"GLOBAL CONDIMENTS, INC.",0001478974,10-K,2011-03-31,edgar/data/1478974/0001121781-11-000077.txt
"Tropicana Las Vegas Hotel & Casino, Inc.",0001479046,10-K,2011-02-23,edgar/data/1479046/0001047469-11-001150.txt
"Alon Refining Krotz Springs, Inc.",0001479142,10-K,2011-03-15,edgar/data/1479142/0000950123-11-025639.txt
Kama Resources Inc.,0001479239,10-K,2011-02-15,edgar/data/1479239/0001479587-11-000002.txt
United States Commodity Index Funds Trust,0001479247,10-K,2011-03-30,edgar/data/1479247/0001144204-11-018379.txt
Vibe Ventures Inc.,0001479320,10-K,2011-02-15,edgar/data/1479320/0001333519-11-000004.txt
"iGambit, Inc.",0001479681,10-K,2011-03-31,edgar/data/1479681/0001131754-11-000052.txt
"Game Face Gaming, Inc.",0001479919,10-K,2011-03-24,edgar/data/1479919/0001213900-11-001511.txt
TBS International plc,0001479920,10-K,2011-03-16,edgar/data/1479920/0001479920-11-000020.txt
Volkswagen Auto Loan Enhanced Trust 2010-1,0001480749,10-K,2011-03-31,edgar/data/1480749/0000950123-11-031205.txt
"FITWAYVITAMINS, INC.",0001481056,10-K,2011-01-18,edgar/data/1481056/0001477932-11-000053.txt
"Delta Entertainment Group, Inc.",0001481199,10-K,2011-03-31,edgar/data/1481199/0001161697-11-000292.txt
"Xtreme Oil & Gas, Inc.",0001481218,10-K,2011-03-25,edgar/data/1481218/0001199835-11-000171.txt
Virgin Media Investments Ltd,0001481423,10-K,2011-02-22,edgar/data/1481423/0001193125-11-042015.txt
"Raj Ventures, Inc.",0001481427,10-K,2011-03-28,edgar/data/1481427/0001108017-11-000088.txt
World Omni Auto Receivables Trust 2010-A,0001481444,10-K,2011-03-28,edgar/data/1481444/0001193125-11-079877.txt
Eastern World Solutions Inc.,0001481504,10-K,2011-02-15,edgar/data/1481504/0001002014-11-000057.txt
PAA NATURAL GAS STORAGE LP,0001481506,10-K,2011-03-02,edgar/data/1481506/0000950123-11-021289.txt
Ryerson Holding Corp,0001481582,10-K,2011-03-15,edgar/data/1481582/0001193125-11-067235.txt
"Quad/Graphics, Inc.",0001481792,10-K,2011-03-24,edgar/data/1481792/0001047469-11-002552.txt
"Subprime Advantage, Inc.",0001482075,10-K,2011-02-16,edgar/data/1482075/0001077048-11-000013.txt
"Venture Lending & Leasing VI, Inc.",0001482199,10-K,2011-03-25,edgar/data/1482199/0001445305-11-000491.txt
"Mascot Ventures, Inc.",0001482278,10-K,2011-01-31,edgar/data/1482278/0001144204-11-005038.txt
"KBS Real Estate Investment Trust III, Inc.",0001482430,10-K,2011-03-11,edgar/data/1482430/0001193125-11-064164.txt
"Hudson Pacific Properties, Inc.",0001482512,10-K,2011-03-24,edgar/data/1482512/0001445305-11-000462.txt
Surna Inc.,0001482541,10-K,2011-02-28,edgar/data/1482541/0001002014-11-000077.txt
"Photoamigo, Inc.",0001482554,10-K,2011-01-28,edgar/data/1482554/0001079973-11-000077.txt
AmeriCredit Automobile Receivables Trust 2010-1,0001482783,10-K,2011-03-28,edgar/data/1482783/0001193125-11-079209.txt
SLM Student Loan Trust 2010-1,0001482912,10-K,2011-03-31,edgar/data/1482912/0000950123-11-031190.txt
SLM Student Loan Trust 2010-2,0001482913,10-K,2011-03-31,edgar/data/1482913/0000950123-11-031192.txt
"Carter Validus Mission Critical REIT, Inc.",0001482974,10-K,2011-03-31,edgar/data/1482974/0001193125-11-084686.txt
"Onyx Service & Solutions, Inc",0001483078,10-K,2011-02-24,edgar/data/1483078/0001262463-11-000021.txt
CHESAPEAKE MIDSTREAM PARTNERS LP,0001483096,10-K,2011-03-11,edgar/data/1483096/0001193125-11-064103.txt
Tops Holding Corp,0001483173,10-K,2011-03-31,edgar/data/1483173/0000950123-11-031482.txt
HAVAYA CORP,0001483230,10-K,2011-02-01,edgar/data/1483230/0001144204-11-005146.txt
ETFS Precious Metals Basket Trust,0001483386,10-K,2011-03-28,edgar/data/1483386/0000930413-11-002297.txt
"EXPRESS, INC.",0001483510,10-K,2011-03-22,edgar/data/1483510/0001193125-11-073120.txt
Antero Resources Finance Corp,0001483714,10-K,2011-03-30,edgar/data/1483714/0001104659-11-017717.txt
"Enterologics, Inc.",0001483731,10-K,2011-03-23,edgar/data/1483731/0001213900-11-001479.txt
USAA Auto Owner Trust 2010-1,0001483858,10-K,2011-03-31,edgar/data/1483858/0000930413-11-002453.txt
"WEIKANG BIO-TECHNOLOGY GROUP CO., INC.",0001484042,10-K,2011-03-22,edgar/data/1484042/0001144204-11-016234.txt
"Furiex Pharmaceuticals, Inc.",0001484478,10-K,2011-03-18,edgar/data/1484478/0001193125-11-070776.txt
"Jacksonville Bancorp, Inc.",0001484949,10-K,2011-03-16,edgar/data/1484949/0001188112-11-000578.txt
Oneida Financial Corp.,0001485001,10-K,2011-03-21,edgar/data/1485001/0000914317-11-000415.txt
"DM Products, Inc.",0001485029,10-K,2011-03-31,edgar/data/1485029/0001255294-11-000185.txt
"Freeze Tag, Inc.",0001485074,10-K,2011-03-31,edgar/data/1485074/0001144204-11-018893.txt
GLOBAL GSM SOLUTIONS,0001485156,10-K,2011-03-25,edgar/data/1485156/0001485156-11-000002.txt
Fox Chase Bancorp Inc,0001485176,10-K,2011-03-14,edgar/data/1485176/0001104659-11-014137.txt
"Tower International, Inc.",0001485469,10-K,2011-03-15,edgar/data/1485469/0001193125-11-066604.txt
"Colonial Financial Services, Inc.",0001485527,10-K,2011-03-30,edgar/data/1485527/0001188112-11-000724.txt
Nevada Property 1 LLC,0001485589,10-K,2011-03-30,edgar/data/1485589/0001193125-11-082977.txt
Trunkbow International Holdings Ltd,0001485933,10-K,2011-03-31,edgar/data/1485933/0001144204-11-019006.txt
FedFirst Financial Corp,0001486058,10-K,2011-03-18,edgar/data/1486058/0001387131-11-000399.txt
Oasis Petroleum Inc.,0001486159,10-K,2011-03-10,edgar/data/1486159/0000950123-11-024114.txt
"Resource Real Estate Investors 7, L.P.",0001486279,10-K,2011-03-24,edgar/data/1486279/0001376074-11-000078.txt
VICTORIA INTERNET SERVICES INC,0001486297,10-K,2011-03-31,edgar/data/1486297/0001165527-11-000285.txt
"Tianli Agritech, Inc.",0001486299,10-K,2011-03-17,edgar/data/1486299/0001193805-11-000500.txt
"Higher One Holdings, Inc.",0001486800,10-K,2011-02-24,edgar/data/1486800/0001193125-11-044012.txt
Babcock & Wilcox Co,0001486957,10-K,2011-03-01,edgar/data/1486957/0001193125-11-052117.txt
"Total Debt Management, Inc.",0001486993,10-K,2011-03-31,edgar/data/1486993/0001104659-11-017992.txt
"NCOP XII, LLC",0001486994,10-K,2011-03-31,edgar/data/1486994/0001104659-11-017992.txt
"NCOP XI, LLC",0001486995,10-K,2011-03-31,edgar/data/1486995/0001104659-11-017992.txt
CNH Equipment Trust 2010-A,0001487008,10-K,2011-03-29,edgar/data/1487008/0001104659-11-017406.txt
ViewPoint Financial Group Inc.,0001487052,10-K,2011-03-03,edgar/data/1487052/0000950123-11-021785.txt
KEYW HOLDING CORP,0001487101,10-K,2011-03-29,edgar/data/1487101/0001144204-11-017970.txt
Ally Auto Receivables Trust 2010-1,0001487211,10-K,2011-03-28,edgar/data/1487211/0001144204-11-017626.txt
Santaro Interactive Entertainment Co,0001487347,10-K,2011-03-30,edgar/data/1487347/0001387131-11-000483.txt
"GenMark Diagnostics, Inc.",0001487371,10-K,2011-03-14,edgar/data/1487371/0001193125-11-064497.txt
Horizon Technology Finance Corp,0001487428,10-K,2011-03-16,edgar/data/1487428/0000950123-11-025839.txt
"United Maritime Group, LLC",0001487447,10-K,2011-03-30,edgar/data/1487447/0001193125-11-082596.txt
"Edgen Murray II, L.P.",0001487544,10-K,2011-03-24,edgar/data/1487544/0001193125-11-076613.txt
"CHOICE BANCORP, INC.",0001487623,10-K,2011-03-31,edgar/data/1487623/0000892712-11-000239.txt
"Greektown Superholdings, Inc.",0001487685,10-K,2011-03-25,edgar/data/1487685/0001387131-11-000437.txt
"INTERNET MEDIA SERVICES, INC.",0001487718,10-K,2011-03-29,edgar/data/1487718/0001432093-11-000139.txt
Bureau of Fugitive Recovery Inc,0001487782,10-K,2011-03-30,edgar/data/1487782/0001013596-11-000009.txt
ECA Marcellus Trust I,0001487798,10-K,2011-03-01,edgar/data/1487798/0001047469-11-001565.txt
"Resume In Minutes, Inc.",0001487941,10-K,2011-03-31,edgar/data/1487941/0001213900-11-001630.txt
"Vishay Precision Group, Inc.",0001487952,10-K,2011-03-24,edgar/data/1487952/0001206774-11-000602.txt
"Hawaiian Telcom Holdco, Inc.",0001487986,10-K,2011-03-28,edgar/data/1487986/0001047469-11-002702.txt
"Green Endeavors, Inc.",0001487997,10-K,2011-03-28,edgar/data/1487997/0001487997-11-000002.txt
SeaCube Container Leasing Ltd.,0001487999,10-K,2011-03-10,edgar/data/1487999/0001157523-11-001511.txt
"IntraLinks Holdings, Inc.",0001488075,10-K,2011-03-23,edgar/data/1488075/0001144204-11-016472.txt
"Bank of America Auto Receivables Securitization, LLC",0001488082,10-K,2011-03-28,edgar/data/1488082/0001193125-11-079823.txt
"Meiguo Ventures I, Inc.",0001488087,10-K,2011-03-31,edgar/data/1488087/0001165527-11-000289.txt
AmeriCredit Automobile Receivables Trust 2010-A,0001488112,10-K,2011-03-28,edgar/data/1488112/0001193125-11-079186.txt
"Ameresco, Inc.",0001488139,10-K,2011-03-31,edgar/data/1488139/0001488139-11-000007.txt
"Dragon Beverage, Inc.",0001488309,10-K,2011-02-11,edgar/data/1488309/0001255294-11-000026.txt
ELSINORE SERVICES INC,0001488420,10-K,2011-03-11,edgar/data/1488420/0001144204-11-014220.txt
ETFS White Metals Basket Trust,0001489024,10-K,2011-03-28,edgar/data/1489024/0000930413-11-002295.txt
"TIBET PHARMACEUTICALS, INC.",0001489077,10-K,2011-03-30,edgar/data/1489077/0001193125-11-083069.txt
SemGroup Corp,0001489136,10-K,2011-03-31,edgar/data/1489136/0001193125-11-083208.txt
"Molycorp, Inc.",0001489137,10-K,2011-03-09,edgar/data/1489137/0000950123-11-023641.txt
John Deere Owner Trust 2010,0001489175,10-K,2011-01-27,edgar/data/1489175/0001104659-11-003448.txt
LyondellBasell Industries N.V.,0001489393,10-K,2011-03-18,edgar/data/1489393/0000950123-11-026580.txt
MERCEDES-BENZ AUTO RECEIVABLES TRUST 2010-1,0001489434,10-K,2011-03-25,edgar/data/1489434/0001019965-11-000010.txt
Apps Genius Corp,0001489588,10-K,2011-03-25,edgar/data/1489588/0001213900-11-001523.txt
BMW Vehicle Owner Trust 2010-A,0001489612,10-K,2011-03-31,edgar/data/1489612/0000929638-11-000269.txt
Golden Growers Cooperative,0001489874,10-K,2011-03-31,edgar/data/1489874/0001104659-11-017951.txt
DIGAGOGO VENTURES CORP,0001489955,10-K,2011-03-29,edgar/data/1489955/0001078782-11-000779.txt
"Fresh Market, Inc.",0001489979,10-K,2011-03-22,edgar/data/1489979/0001193125-11-073977.txt
Ford Credit Auto Owner Trust 2010-A,0001490017,10-K,2011-03-30,edgar/data/1490017/0000950123-11-030575.txt
Sequoia Mortgage Trust 2010-H1,0001490028,10-K,2011-03-24,edgar/data/1490028/0001056404-11-000007.txt
"ante5, Inc.",0001490161,10-K,2011-03-31,edgar/data/1490161/0001214659-11-001085.txt
Toyota Auto Receivables 2010-A Owner Trust,0001490254,10-K,2011-03-29,edgar/data/1490254/0000834071-11-000025.txt
"GXS Worldwide, Inc.",0001490346,10-K,2011-03-31,edgar/data/1490346/0000950103-11-001241.txt
Hyundai Auto Receivables Trust 2010-A,0001490470,10-K,2011-03-30,edgar/data/1490470/0001144204-11-018350.txt
Rhino Resource Partners LP,0001490630,10-K,2011-03-18,edgar/data/1490630/0001047469-11-002347.txt
"Gordmans Stores, Inc.",0001490636,10-K,2011-03-31,edgar/data/1490636/0001193125-11-085026.txt
"Whitestone REIT Operating Partnership, L.P.",0001490653,10-K,2011-03-31,edgar/data/1490653/0001490653-11-000007.txt
"Oraco Resources, Inc.",0001490711,10-K,2011-02-28,edgar/data/1490711/0001077048-11-000022.txt
CoreSite Realty Corp,0001490892,10-K,2011-03-11,edgar/data/1490892/0000950123-11-024775.txt
Business Development Corp of America,0001490927,10-K,2011-03-31,edgar/data/1490927/0001144204-11-018485.txt
"Campus Crest Communities, Inc.",0001490983,10-K,2011-03-11,edgar/data/1490983/0000950123-11-024879.txt
WINECOM INC.,0001491471,10-K,2011-03-15,edgar/data/1491471/0001165527-11-000239.txt
"Asia Carbon Industries, Inc.",0001491479,10-K,2011-03-31,edgar/data/1491479/0001185185-11-000411.txt
"COCA-COLA ENTERPRISES, INC.",0001491675,10-K,2011-02-14,edgar/data/1491675/0001193125-11-033197.txt
AmeriCredit Automobile Receivables Trust 2010-2,0001491692,10-K,2011-03-28,edgar/data/1491692/0001193125-11-079211.txt
Acantha Acquisition Corp.,0001491826,10-K,2011-01-28,edgar/data/1491826/0001491826-11-000005.txt
Cepheus Acquisition Corp.,0001491828,10-K,2011-01-28,edgar/data/1491828/0001491828-11-000005.txt
"Daedalus Ventures, Inc.",0001491829,10-K,2011-01-28,edgar/data/1491829/0001491829-11-000005.txt
"Kallisto Ventures, Inc.",0001491830,10-K,2011-01-28,edgar/data/1491830/0001491830-11-000005.txt
"Neptunus Ventures, Inc.",0001491831,10-K,2011-01-28,edgar/data/1491831/0001491831-11-000005.txt
Santander Drive Auto Receivables Trust 2010-1,0001492093,10-K,2011-03-31,edgar/data/1492093/0000950123-11-031063.txt
Net Profits Ten Inc.,0001492151,10-K,2011-03-31,edgar/data/1492151/0001432093-11-000153.txt
"Sabra Health Care REIT, Inc.",0001492298,10-K,2011-03-03,edgar/data/1492298/0001193125-11-055171.txt
FundCore Institutional Income Trust Inc.,0001492459,10-K,2011-03-30,edgar/data/1492459/0001193125-11-082767.txt
Ally Wholesale Enterprises LLC,0001492632,10-K,2011-03-28,edgar/data/1492632/0001144204-11-017625.txt
Nielsen Holdings N.V.,0001492633,10-K,2011-03-01,edgar/data/1492633/0001193125-11-051229.txt
Tornier N.V.,0001492658,10-K,2011-03-14,edgar/data/1492658/0001047469-11-002069.txt
SWIFT TRANSPORTATION CO,0001492691,10-K,2011-03-30,edgar/data/1492691/0000950123-11-030355.txt
"SL Green Operating Partnership, L.P.",0001492869,10-K,2011-03-11,edgar/data/1492869/0001047469-11-002033.txt
CENTURY NEXT FINANCIAL Corp,0001493006,10-K,2011-03-29,edgar/data/1493006/0000950123-11-030203.txt
BRUNSWICK CORP,0000014930,10-K,2011-02-18,edgar/data/14930/0000014930-11-000033.txt
Cloud Peak Energy Resources LLC,0001493144,10-K,2011-03-02,edgar/data/1493144/0001104659-11-011574.txt
"SP Bancorp, Inc.",0001493182,10-K,2011-03-29,edgar/data/1493182/0000950123-11-030137.txt
"Northfield Bancorp, Inc.",0001493225,10-K,2011-03-31,edgar/data/1493225/0000950123-11-030946.txt
Heritage Financial Group Inc,0001493491,10-K,2011-03-31,edgar/data/1493491/0001140361-11-019809.txt
PROTECT PHARMACEUTICAL Corp,0001493526,10-K,2011-03-31,edgar/data/1493526/0001144204-11-018921.txt
SLC Student Loan Trust 2010-1,0001493611,10-K,2011-03-18,edgar/data/1493611/0000929638-11-000253.txt
"Kilroy Realty, L.P.",0001493976,10-K,2011-02-11,edgar/data/1493976/0000950123-11-012065.txt
Bank of America Auto Trust 2010-2,0001494121,10-K,2011-03-28,edgar/data/1494121/0001193125-11-079823.txt
"HIGHLANDS BANCORP, INC.",0001494186,10-K,2011-03-28,edgar/data/1494186/0001157523-11-001757.txt
Ally Auto Receivables Trust 2010-2,0001494387,10-K,2011-03-28,edgar/data/1494387/0001144204-11-017628.txt
Innovative Product Opportunities Inc.,0001494413,10-K,2011-03-29,edgar/data/1494413/0001494413-11-000008.txt
"Imperial Holdings, Inc.",0001494448,10-K,2011-03-31,edgar/data/1494448/0000950123-11-031294.txt
"Zhong Wen International Holding Co., Ltd.",0001494502,10-K,2011-03-28,edgar/data/1494502/0001144204-11-017574.txt
"Digital Realty Trust, L.P.",0001494877,10-K,2011-02-25,edgar/data/1494877/0001193125-11-047649.txt
Global Indemnity plc,0001494904,10-K,2011-03-16,edgar/data/1494904/0000950123-11-026044.txt
"Entergy Arkansas Restoration Funding, LLC",0001495216,10-K,2011-03-29,edgar/data/1495216/0000065984-11-000059.txt
"Bravo Brio Restaurant Group, Inc.",0001495479,10-K,2011-02-17,edgar/data/1495479/0000950123-11-015180.txt
"Motorola Mobility Holdings, Inc",0001495569,10-K,2011-02-18,edgar/data/1495569/0001193125-11-040013.txt
SMSA Treemont Acquisition Corp,0001495898,10-K,2011-03-14,edgar/data/1495898/0001010549-11-000231.txt
SMSA Katy Acquisition Corp,0001495899,10-K,2011-03-14,edgar/data/1495899/0001010549-11-000229.txt
SMSA Humble Acquisition Corp,0001495900,10-K,2011-03-14,edgar/data/1495900/0001010549-11-000227.txt
Fortegra Financial Corp,0001495925,10-K,2011-03-15,edgar/data/1495925/0001495925-11-000015.txt
"General Growth Properties, Inc.",0001496048,10-K,2011-03-08,edgar/data/1496048/0001047469-11-001829.txt
"REVA Medical, Inc.",0001496268,10-K,2011-03-30,edgar/data/1496268/0000950123-11-030885.txt
Toyota Auto Receivables 2010-B Owner Trust,0001496572,10-K,2011-03-29,edgar/data/1496572/0000834071-11-000026.txt
"NetSpend Holdings, Inc.",0001496623,10-K,2011-03-02,edgar/data/1496623/0001047469-11-001638.txt
Santander Drive Auto Receivables Trust 2010-2,0001496712,10-K,2011-03-31,edgar/data/1496712/0000950123-11-031064.txt
STATE BANK FINANCIAL CORP,0001497275,10-K,2011-03-31,edgar/data/1497275/0001047469-11-002978.txt
"Summit Hotel OP, LP",0001497612,10-K,2011-03-31,edgar/data/1497612/0001157523-11-001843.txt
Ford Credit Auto Owner Trust 2010-B,0001497613,10-K,2011-03-30,edgar/data/1497613/0000950123-11-030578.txt
Matter of Time I Co.,0001497632,10-K,2011-03-31,edgar/data/1497632/0001144204-11-018955.txt
"GSP-2, INC.",0001497644,10-K,2011-03-31,edgar/data/1497644/0001213900-11-001727.txt
"Summit Hotel Properties, Inc.",0001497645,10-K,2011-03-31,edgar/data/1497645/0001157523-11-001843.txt
"GSP-1, Inc.",0001497647,10-K,2011-03-31,edgar/data/1497647/0001213900-11-001659.txt
CNH EQUIPMENT TRUST 2010-B,0001497693,10-K,2011-03-29,edgar/data/1497693/0001104659-11-017407.txt
"Walker & Dunlop, Inc.",0001497770,10-K,2011-03-30,edgar/data/1497770/0001047469-11-002884.txt
"ExamWorks Group, Inc.",0001498021,10-K,2011-03-11,edgar/data/1498021/0001188112-11-000563.txt
PROGAMING PLATFORMS CORP,0001498067,10-K,2011-03-22,edgar/data/1498067/0001213900-11-001454.txt
JWC Acquisition Corp.,0001498157,10-K,2011-03-31,edgar/data/1498157/0000950123-11-031597.txt
MS Structured CMT Linked Trust Units Series 2010-01,0001498311,10-K,2011-03-24,edgar/data/1498311/0000903423-11-000158.txt
Man AHL FuturesAccess LLC,0001498325,10-K,2011-03-15,edgar/data/1498325/0001104659-11-014257.txt
"ONLINE DISRUPTIVE TECHNOLOGIES, INC.",0001498380,10-K,2011-03-09,edgar/data/1498380/0001062993-11-000887.txt
Ally Auto Receivables Trust 2010-3,0001498624,10-K,2011-03-28,edgar/data/1498624/0001144204-11-017630.txt
AmeriCredit Automobile Receivables Trust 2010-B,0001498672,10-K,2011-03-28,edgar/data/1498672/0001193125-11-079190.txt
Hyundai Auto Receivables Trust 2010-B,0001498673,10-K,2011-03-30,edgar/data/1498673/0001144204-11-018360.txt
"Titan Holding Group, Inc.",0001499197,10-K,2011-03-29,edgar/data/1499197/0001380389-11-000026.txt
"Herbst Gaming, LLC",0001499268,10-K,2011-03-31,edgar/data/1499268/0001104659-11-018006.txt
Ally Master Owner Trust,0001499357,10-K,2011-03-28,edgar/data/1499357/0001144204-11-017625.txt
L&L Acquisition Corp.,0001499482,10-K,2011-03-31,edgar/data/1499482/0000950123-11-031427.txt
"YELLOW7, Inc",0001499618,10-K,2011-03-31,edgar/data/1499618/0001108017-11-000111.txt
"Island Radio, Inc.",0001499785,10-K,2011-03-30,edgar/data/1499785/0001499785-11-000005.txt
FXCM Inc.,0001499912,10-K,2011-03-31,edgar/data/1499912/0001144204-11-019230.txt
"Lantheus Medical Imaging, Inc.",0001500157,10-K,2011-03-08,edgar/data/1500157/0001104659-11-012812.txt
"SI Financial Group, Inc.",0001500213,10-K,2011-03-28,edgar/data/1500213/0001140361-11-018985.txt
"American Assets Trust, Inc.",0001500217,10-K,2011-03-30,edgar/data/1500217/0001193125-11-082178.txt
BMW Vehicle Lease Trust 2010-1,0001500581,10-K,2011-03-31,edgar/data/1500581/0000929638-11-000270.txt
"Alliance Bancorp, Inc. of Pennsylvania",0001500711,10-K,2011-03-18,edgar/data/1500711/0001144204-11-015699.txt
"Wolverine Bancorp, Inc.",0001500836,10-K,2011-03-31,edgar/data/1500836/0001193125-11-085050.txt
"APEX 1, INC.",0001500861,10-K,2011-03-01,edgar/data/1500861/0001262463-11-000022.txt
Zenitech Corp,0001501225,10-K,2011-03-14,edgar/data/1501225/0001415408-11-000122.txt
AmeriCredit Automobile Receivables Trust 2010-3,0001501258,10-K,2011-03-28,edgar/data/1501258/0001193125-11-079214.txt
"MINDEN BANCORP, INC.",0001501331,10-K,2011-03-31,edgar/data/1501331/0001188112-11-000772.txt
"Rockville Financial, Inc. /CT/",0001501364,10-K,2011-03-10,edgar/data/1501364/0000950123-11-024232.txt
Chrysler Financial Auto Securitization Trust 2010-A,0001501794,10-K,2011-03-25,edgar/data/1501794/0000950123-11-028910.txt
Toyota Auto Receivables 2010-C Owner Trust,0001501891,10-K,2011-03-29,edgar/data/1501891/0000834071-11-000027.txt
MS Structured Step Up Callable Trust Units Series 2010-02 (BAC),0001502101,10-K,2011-03-24,edgar/data/1502101/0000903423-11-000159.txt
Ford Credit Floorplan Master Owner Trust A Series 2010-5,0001502169,10-K,2011-03-30,edgar/data/1502169/0000950123-11-030584.txt
Alderwood Acquisition Corp,0001502638,10-K,2011-03-30,edgar/data/1502638/0001021432-11-000030.txt
Oakwood Acquisition Corp,0001502656,10-K,2011-03-30,edgar/data/1502656/0001021432-11-000029.txt
Sherwood Acquisition Corp,0001502658,10-K,2011-03-30,edgar/data/1502658/0001021432-11-000027.txt
Pinewood Acquisition Corp,0001502659,10-K,2011-03-30,edgar/data/1502659/0001021432-11-000028.txt
Fraternity Community Bancorp Inc,0001503063,10-K,2011-03-30,edgar/data/1503063/0001193125-11-082911.txt
"Radiation Therapy Services Holdings, Inc.",0001503518,10-K,2011-03-11,edgar/data/1503518/0001047469-11-002035.txt
Station Casinos LLC,0001503579,10-K,2011-03-31,edgar/data/1503579/0001047469-11-003010.txt
Volkswagen Auto Lease Trust 2010-A,0001503671,10-K,2011-03-31,edgar/data/1503671/0000950123-11-031208.txt
"BankUnited, Inc.",0001504008,10-K,2011-03-31,edgar/data/1504008/0001047469-11-003008.txt
Santander Drive Auto Receivables Trust 2010-3,0001504615,10-K,2011-03-31,edgar/data/1504615/0000950123-11-031062.txt
American Renal Holdings Inc.,0001504735,10-K,2011-03-31,edgar/data/1504735/0001193125-11-084560.txt
Swisher Hygiene Inc.,0001504747,10-K,2011-03-31,edgar/data/1504747/0000950123-11-031573.txt
Ally Auto Receivables Trust 2010-4,0001504773,10-K,2011-03-28,edgar/data/1504773/0001144204-11-017631.txt
MS Structured Step Up Callable Trust Units Series 2010-03 (Alcoa),0001504994,10-K,2011-03-24,edgar/data/1504994/0000903423-11-000160.txt
CNH Equipment Trust 2010-C,0001504999,10-K,2011-03-29,edgar/data/1504999/0001104659-11-017408.txt
AmeriCredit Automobile Receivables Trust 2010-4,0001505365,10-K,2011-03-28,edgar/data/1505365/0001193125-11-079221.txt
Harley-Davidson Motorcycle Trust 2010-1,0001505689,10-K,2011-03-29,edgar/data/1505689/0001104659-11-017358.txt
MS Structured Floating Rate Trust Series 2010-04 (IP),0001505890,10-K,2011-03-24,edgar/data/1505890/0000903423-11-000161.txt
"POW! ENTERTAINMENT, INC.",0001505892,10-K,2011-03-28,edgar/data/1505892/0001144204-11-017366.txt
"KINDER MORGAN, INC.",0001506307,10-K,2011-03-02,edgar/data/1506307/0001506307-11-000009.txt
"SMTP, Inc.",0001506439,10-K,2011-03-31,edgar/data/1506439/0000943440-11-000147.txt
Ally Auto Receivables Trust 2010-5,0001507149,10-K,2011-03-28,edgar/data/1507149/0001144204-11-017633.txt
Park Sterling Corp,0001507277,10-K,2011-03-31,edgar/data/1507277/0000950123-11-031443.txt
MS Structured Step Up Callable Trust Units Series 2010-05 (GS),0001507565,10-K,2011-03-24,edgar/data/1507565/0000903423-11-000162.txt
BUREAU OF NATIONAL AFFAIRS INC,0000015393,10-K,2011-03-24,edgar/data/15393/0000015393-11-000013.txt
BNSF RAILWAY CO,0000015511,10-K,2011-02-28,edgar/data/15511/0000015511-11-000006.txt
MASTEC INC,0000015615,10-K,2011-02-23,edgar/data/15615/0001193125-11-043693.txt
CAMCO FINANCIAL CORP,0000016614,10-K,2011-03-30,edgar/data/16614/0000950123-11-030487.txt
"LIBERATOR MEDICAL HOLDINGS, INC.",0000017485,10-K,2011-01-13,edgar/data/17485/0000950123-11-002604.txt
CAROLINA POWER & LIGHT CO,0000017797,10-K,2011-02-28,edgar/data/17797/0001094093-11-000051.txt
CARROLS CORP,0000017927,10-K,2011-03-18,edgar/data/17927/0001193125-11-071241.txt
ABBOTT LABORATORIES,0000001800,10-K,2011-02-18,edgar/data/1800/0001047469-11-001056.txt
DOLE FOOD CO INC,0000018169,10-K,2011-03-14,edgar/data/18169/0000950123-11-025217.txt
CASTLE A M & CO,0000018172,10-K,2011-03-14,edgar/data/18172/0000950123-11-024918.txt
CATERPILLAR INC,0000018230,10-K,2011-02-22,edgar/data/18230/0001104659-11-008938.txt
CATO CORP,0000018255,10-K,2011-03-30,edgar/data/18255/0000018255-11-000005.txt
SYNOVUS FINANCIAL CORP,0000018349,10-K,2011-03-01,edgar/data/18349/0001193125-11-052077.txt
CDI CORP,0000018396,10-K,2011-03-10,edgar/data/18396/0001193125-11-062464.txt
GENESCO INC,0000018498,10-K,2011-03-30,edgar/data/18498/0000950123-11-030819.txt
CENTRAL HUDSON GAS & ELECTRIC CORP,0000018647,10-K,2011-02-10,edgar/data/18647/0001061393-11-000021.txt
Ameren Illinois Co,0000018654,10-K,2011-02-24,edgar/data/18654/0001193125-11-044880.txt
CLECO POWER LLC,0000018672,10-K,2011-02-24,edgar/data/18672/0001089819-11-000007.txt
CENTRAL VERMONT PUBLIC SERVICE CORP,0000018808,10-K,2011-03-15,edgar/data/18808/0000018808-11-000007.txt
"CENTURYLINK, INC",0000018926,10-K,2011-03-01,edgar/data/18926/0000018926-11-000006.txt
CERADYNE INC,0000018937,10-K,2011-02-24,edgar/data/18937/0001140361-11-011730.txt
CHAMPION INDUSTRIES INC,0000019149,10-K,2011-01-28,edgar/data/19149/0000019149-11-000007.txt
CHARMING SHOPPES INC,0000019353,10-K,2011-03-24,edgar/data/19353/0000019353-11-000015.txt
MAGELLAN HEALTH SERVICES INC,0000019411,10-K,2011-02-25,edgar/data/19411/0001047469-11-001356.txt
CHEMED CORP,0000019584,10-K,2011-02-28,edgar/data/19584/0000950123-11-019686.txt
CHEMICAL FINANCIAL CORP,0000019612,10-K,2011-02-25,edgar/data/19612/0000905729-11-000033.txt
J P MORGAN CHASE & CO,0000019617,10-K,2011-02-28,edgar/data/19617/0000950123-11-019773.txt
"Worlds.com, Inc.",0000001961,10-K,2011-03-09,edgar/data/1961/0001264931-11-000102.txt
CHESAPEAKE UTILITIES CORP,0000019745,10-K,2011-03-08,edgar/data/19745/0000950123-11-023151.txt
CHICAGO RIVET & MACHINE CO,0000019871,10-K,2011-03-28,edgar/data/19871/0000950123-11-029728.txt
COLORADO INTERSTATE GAS CO,0000200155,10-K,2011-03-01,edgar/data/200155/0001066107-11-000009.txt
JOHNSON & JOHNSON,0000200406,10-K,2011-02-25,edgar/data/200406/0000950123-11-018128.txt
CITY NATIONAL CORP,0000201461,10-K,2011-03-01,edgar/data/201461/0001047469-11-001558.txt
CONSUMERS ENERGY CO,0000201533,10-K,2011-02-24,edgar/data/201533/0000950123-11-017966.txt
CHUBB CORP,0000020171,10-K,2011-02-25,edgar/data/20171/0000950123-11-018918.txt
CHURCHILL DOWNS INC,0000020212,10-K,2011-03-14,edgar/data/20212/0001193125-11-066008.txt
CHYRON CORP,0000020232,10-K,2011-03-23,edgar/data/20232/0000020232-11-000006.txt
SYSTEM ENERGY RESOURCES INC,0000202584,10-K,2011-02-28,edgar/data/202584/0000065984-11-000033.txt
CINCINNATI FINANCIAL CORP,0000020286,10-K,2011-02-25,edgar/data/20286/0001144204-11-011090.txt
"Duke Energy Ohio, Inc.",0000020290,10-K,2011-02-25,edgar/data/20290/0001193125-11-047229.txt
CAPITAL PROPERTIES INC /RI/,0000202947,10-K,2011-03-17,edgar/data/202947/0000950123-11-026246.txt
PUBLIC STORAGE PROPERTIES LTD,0000202953,10-K,2011-03-25,edgar/data/202953/0000202953-11-000002.txt
ST JUDE MEDICAL INC,0000203077,10-K,2011-03-02,edgar/data/203077/0000897101-11-000338.txt
SOUTHERN UNION CO,0000203248,10-K,2011-02-25,edgar/data/203248/0000203248-11-000013.txt
WESBANCO INC,0000203596,10-K,2011-03-01,edgar/data/203596/0001193125-11-052323.txt
FRONTIER COMMUNICATIONS CORP,0000020520,10-K,2011-02-25,edgar/data/20520/0000020520-11-000010.txt
GRAYBAR ELECTRIC CO INC,0000205402,10-K,2011-03-08,edgar/data/205402/0000205402-11-000008.txt
GRAYBAR ELECTRIC CO INC,0000205402,10-K,2011-03-23,edgar/data/205402/0000205402-11-000012.txt
AMBASE CORP,0000020639,10-K,2011-03-30,edgar/data/20639/0000020639-11-000004.txt
CLARCOR INC,0000020740,10-K,2011-01-21,edgar/data/20740/0001144204-11-003411.txt
CLEVELAND ELECTRIC ILLUMINATING CO,0000020947,10-K,2011-02-16,edgar/data/20947/0000950123-11-014700.txt
ACME UNITED CORP,0000002098,10-K,2011-03-11,edgar/data/2098/0001026608-11-000025.txt
CNA FINANCIAL CORP,0000021175,10-K,2011-02-22,edgar/data/21175/0000950123-11-016340.txt
COASTAL CARIBBEAN OILS & MINERALS LTD,0000021239,10-K,2011-03-31,edgar/data/21239/0001193125-11-084684.txt
COCA COLA CO,0000021344,10-K,2011-02-28,edgar/data/21344/0001047469-11-001506.txt
COHU INC,0000021535,10-K,2011-02-23,edgar/data/21535/0000950123-11-017227.txt
CHECKPOINT SYSTEMS INC,0000215419,10-K,2011-02-22,edgar/data/215419/0000215419-11-000017.txt
COEUR D ALENE MINES CORP,0000215466,10-K,2011-03-01,edgar/data/215466/0000950123-11-020796.txt
GRUBB & ELLIS CO,0000216039,10-K,2011-03-31,edgar/data/216039/0000950123-11-031561.txt
HAVERTY FURNITURE COMPANIES INC,0000216085,10-K,2011-03-04,edgar/data/216085/0000216085-11-000011.txt
ITT Corp,0000216228,10-K,2011-02-24,edgar/data/216228/0000950123-11-017908.txt
MEDIA GENERAL INC,0000216539,10-K,2011-02-24,edgar/data/216539/0001193125-11-044883.txt
COLGATE PALMOLIVE CO,0000021665,10-K,2011-02-24,edgar/data/21665/0001140361-11-011883.txt
TEXTRON INC,0000217346,10-K,2011-03-01,edgar/data/217346/0000950123-11-020392.txt
"ADAMS RESOURCES & ENERGY, INC.",0000002178,10-K,2011-03-21,edgar/data/2178/0000002178-11-000009.txt
COLONIAL COMMERCIAL CORP,0000021828,10-K,2011-03-23,edgar/data/21828/0001140361-11-018269.txt
RELM WIRELESS CORP,0000002186,10-K,2011-03-02,edgar/data/2186/0001354488-11-000702.txt
COLUMBUS SOUTHERN POWER CO /OH/,0000022198,10-K,2011-02-25,edgar/data/22198/0000004904-11-000031.txt
COMMERCE BANCSHARES INC /MO/,0000022356,10-K,2011-02-25,edgar/data/22356/0000950123-11-018485.txt
ARDEN GROUP INC,0000225051,10-K,2011-03-10,edgar/data/225051/0001437749-11-001418.txt
NEWPORT CORP,0000225263,10-K,2011-03-07,edgar/data/225263/0001193125-11-057723.txt
TRI VALLEY CORP,0000022551,10-K,2011-03-22,edgar/data/22551/0001162677-11-000056.txt
"PASSUR Aerospace, Inc.",0000225628,10-K,2011-01-31,edgar/data/225628/0000909012-11-000043.txt
COVANTA HOLDING CORP,0000225648,10-K,2011-02-22,edgar/data/225648/0000950123-11-016506.txt
PUBLIC STORAGE PROPERTIES IV LTD,0000225775,10-K,2011-03-25,edgar/data/225775/0000225775-11-000002.txt
REAL ESTATE ASSOCIATES LTD/CA,0000225789,10-K,2011-03-31,edgar/data/225789/0000711642-11-000086.txt
COMMONWEALTH EDISON CO,0000022606,10-K,2011-02-10,edgar/data/22606/0001193125-11-030543.txt
COMMUNICATIONS SYSTEMS INC,0000022701,10-K,2011-03-15,edgar/data/22701/0000897101-11-000407.txt
TEXAS NEW MEXICO POWER CO,0000022767,10-K,2011-03-01,edgar/data/22767/0001193125-11-051990.txt
COMPREHENSIVE CARE CORP,0000022872,10-K,2011-03-31,edgar/data/22872/0001193125-11-085031.txt
SELECTIVE INSURANCE GROUP INC,0000230557,10-K,2011-02-25,edgar/data/230557/0001144204-11-010997.txt
COMPUTER TASK GROUP INC,0000023111,10-K,2011-02-25,edgar/data/23111/0001193125-11-047412.txt
COMSTOCK RESOURCES INC,0000023194,10-K,2011-02-22,edgar/data/23194/0000950123-11-016458.txt
CONNECTICUT LIGHT & POWER CO,0000023426,10-K,2011-02-25,edgar/data/23426/0000072741-11-000025.txt
CONSOLIDATED EDISON CO OF NEW YORK INC,0000023632,10-K,2011-02-22,edgar/data/23632/0001193125-11-042145.txt
Con-way Inc.,0000023675,10-K,2011-02-28,edgar/data/23675/0000950123-11-019729.txt
CONSOLIDATED TOMOKA LAND CO,0000023795,10-K,2011-03-11,edgar/data/23795/0001193125-11-063638.txt
CITIZENS INC,0000024090,10-K,2011-03-11,edgar/data/24090/0000950123-11-024767.txt
COOPER TIRE & RUBBER CO,0000024491,10-K,2011-02-25,edgar/data/24491/0000950123-11-018515.txt
MOLSON COORS BREWING CO,0000024545,10-K,2011-02-22,edgar/data/24545/0001047469-11-001088.txt
CORNING INC /NY,0000024741,10-K,2011-02-10,edgar/data/24741/0001193125-11-030621.txt
ADVANCED MICRO DEVICES INC,0000002488,10-K,2011-02-18,edgar/data/2488/0001193125-11-040392.txt
COUSINS PROPERTIES INC,0000025232,10-K,2011-02-28,edgar/data/25232/0000950123-11-019590.txt
CRANE CO /DE/,0000025445,10-K,2011-02-28,edgar/data/25445/0001193125-11-049904.txt
CRAWFORD & CO,0000025475,10-K,2011-03-04,edgar/data/25475/0000025475-11-000072.txt
SPRINGLEAF FINANCE CORP,0000025598,10-K,2011-03-30,edgar/data/25598/0000025598-11-000015.txt
SPRINGLEAF FINANCE INC,0000025600,10-K,2011-03-30,edgar/data/25600/0000025600-11-000014.txt
CROSS A T CO,0000025793,10-K,2011-03-15,edgar/data/25793/0000025793-11-000034.txt
CTS CORP,0000026058,10-K,2011-02-24,edgar/data/26058/0000026058-11-000011.txt
CUMMINS INC,0000026172,10-K,2011-02-24,edgar/data/26172/0001047469-11-001252.txt
CURTISS WRIGHT CORP,0000026324,10-K,2011-02-25,edgar/data/26324/0000930413-11-001217.txt
DANA HOLDING CORP,0000026780,10-K,2011-02-24,edgar/data/26780/0001144204-11-010809.txt
DAXOR CORP,0000027367,10-K,2011-03-29,edgar/data/27367/0001019056-11-000367.txt
TARGET CORP,0000027419,10-K,2011-03-11,edgar/data/27419/0001047469-11-002032.txt
DAYTON POWER & LIGHT CO,0000027430,10-K,2011-02-18,edgar/data/27430/0001104659-11-008106.txt
NATURES SUNSHINE PRODUCTS INC,0000275053,10-K,2011-03-11,edgar/data/275053/0001104659-11-013837.txt
BAYLAKE CORP,0000275119,10-K,2011-03-01,edgar/data/275119/0000897101-11-000315.txt
TIDELANDS ROYALTY TRUST B,0000276077,10-K,2011-03-28,edgar/data/276077/0000950123-11-029660.txt
CONNECTICUT WATER SERVICE INC / CT,0000276209,10-K,2011-03-11,edgar/data/276209/0000276209-11-000004.txt
EVANS & SUTHERLAND COMPUTER CORP,0000276283,10-K,2011-03-04,edgar/data/276283/0001144204-11-012864.txt
AMBER RESOURCES CO OF COLORADO,0000276750,10-K,2011-03-30,edgar/data/276750/0001263279-11-000042.txt
GRAINGER W W INC,0000277135,10-K,2011-02-28,edgar/data/277135/0000277135-11-000011.txt
FEDERAL SIGNAL CORP /DE/,0000277509,10-K,2011-03-16,edgar/data/277509/0000950123-11-025900.txt
ENERGEN CORP,0000277595,10-K,2011-02-25,edgar/data/277595/0001193125-11-047619.txt
DAVEY TREE EXPERT CO,0000277638,10-K,2011-03-10,edgar/data/277638/0000277638-11-000002.txt
"RESOURCE ACQUISITION GROUP, INC.",0000277905,10-K,2011-02-09,edgar/data/277905/0001213900-11-000618.txt
CREDO PETROLEUM CORP,0000277924,10-K,2011-01-13,edgar/data/277924/0001104659-11-001412.txt
PUBLIC STORAGE PROPERTIES V LTD,0000277925,10-K,2011-03-25,edgar/data/277925/0000277925-11-000002.txt
"TII NETWORK TECHNOLOGIES, INC.",0000277928,10-K,2011-03-31,edgar/data/277928/0000910680-11-000139.txt
CSX CORP,0000277948,10-K,2011-02-18,edgar/data/277948/0001140361-11-010655.txt
INTERNATIONAL SHIPHOLDING CORP,0000278041,10-K,2011-03-14,edgar/data/278041/0000278041-11-000014.txt
CENTURY PROPERTIES FUND XIV,0000278128,10-K,2011-03-25,edgar/data/278128/0000711642-11-000072.txt
DELMARVA POWER & LIGHT CO /DE/,0000027879,10-K,2011-02-25,edgar/data/27879/0001193125-11-046310.txt
DELTA AIR LINES INC /DE/,0000027904,10-K,2011-02-16,edgar/data/27904/0000950123-11-014364.txt
DELUXE CORP,0000027996,10-K,2011-02-22,edgar/data/27996/0001140361-11-011194.txt
"Cogo Group, Inc.",0000028367,10-K,2011-03-16,edgar/data/28367/0001193125-11-068808.txt
DETROIT EDISON CO,0000028385,10-K,2011-02-18,edgar/data/28385/0000950123-11-015781.txt
COMERICA INC /NEW/,0000028412,10-K,2011-02-28,edgar/data/28412/0001193125-11-049884.txt
DIEBOLD INC,0000028823,10-K,2011-02-22,edgar/data/28823/0000950123-11-016528.txt
DILLARDS INC,0000028917,10-K,2011-03-23,edgar/data/28917/0001047469-11-002536.txt
DIODES INC /DEL/,0000029002,10-K,2011-02-28,edgar/data/29002/0000950123-11-019939.txt
DIONICS INC,0000029006,10-K,2011-03-31,edgar/data/29006/0001052918-11-000134.txt
DIXIE GROUP INC,0000029332,10-K,2011-03-14,edgar/data/29332/0000029332-11-000020.txt
DOLLAR GENERAL CORP,0000029534,10-K,2011-03-22,edgar/data/29534/0000029534-11-000004.txt
RR Donnelley & Sons Co,0000029669,10-K,2011-02-22,edgar/data/29669/0001193125-11-042199.txt
DOUBLE EAGLE PETROLEUM CO,0000029834,10-K,2011-03-08,edgar/data/29834/0000950123-11-023039.txt
DOVER CORP,0000029905,10-K,2011-02-11,edgar/data/29905/0000950123-11-012422.txt
DOW CHEMICAL CO /DE/,0000029915,10-K,2011-02-18,edgar/data/29915/0001193125-11-040023.txt
OMNICOM GROUP INC,0000029989,10-K,2011-02-23,edgar/data/29989/0000891092-11-001226.txt
DUCOMMUN INC /DE/,0000030305,10-K,2011-02-22,edgar/data/30305/0001193125-11-041192.txt
"Duke Energy Carolinas, LLC",0000030371,10-K,2011-02-25,edgar/data/30371/0001193125-11-047229.txt
DEX ONE Corp,0000030419,10-K,2011-03-04,edgar/data/30419/0000950123-11-021991.txt
DUPONT E I DE NEMOURS & CO,0000030554,10-K,2011-02-08,edgar/data/30554/0001047469-11-000602.txt
FLOWSERVE CORP,0000030625,10-K,2011-02-23,edgar/data/30625/0000950123-11-017117.txt
"WENDY'S/ARBY'S GROUP, INC.",0000030697,10-K,2011-03-03,edgar/data/30697/0000030697-11-000019.txt
DYNAMICS RESEARCH CORP,0000030822,10-K,2011-02-28,edgar/data/30822/0000030822-11-000006.txt
COBRA ELECTRONICS CORP,0000030828,10-K,2011-03-15,edgar/data/30828/0001193125-11-066939.txt
SENSIENT TECHNOLOGIES CORP,0000310142,10-K,2011-02-25,edgar/data/310142/0000950123-11-018319.txt
Merck & Co. Inc.,0000310158,10-K,2011-02-28,edgar/data/310158/0000950123-11-019286.txt
FEDERAL NATIONAL MORTGAGE ASSOCIATION FANNIE MAE,0000310522,10-K,2011-02-24,edgar/data/310522/0000950123-11-017972.txt
STRYKER CORP,0000310764,10-K,2011-02-18,edgar/data/310764/0001193125-11-039845.txt
PROTECTIVE LIFE INSURANCE CO,0000310826,10-K,2011-03-30,edgar/data/310826/0001104659-11-017649.txt
EASTERN CO,0000031107,10-K,2011-03-11,edgar/data/31107/0000031107-11-000006.txt
WESTAMERICA BANCORPORATION,0000311094,10-K,2011-02-28,edgar/data/311094/0000950123-11-019047.txt
APCO OIL & GAS INTERNATIONAL INC,0000311471,10-K,2011-03-10,edgar/data/311471/0000311471-11-000003.txt
PRE PAID LEGAL SERVICES INC,0000311657,10-K,2011-02-28,edgar/data/311657/0001206774-11-000352.txt
AKORN INC,0000003116,10-K,2011-03-14,edgar/data/3116/0001157523-11-001553.txt
HMG COURTLAND PROPERTIES INC,0000311817,10-K,2011-03-31,edgar/data/311817/0000950159-11-000224.txt
FLORIDA GAMING CORP,0000312065,10-K,2011-03-31,edgar/data/312065/0001144204-11-019084.txt
INNOVATIVE FOOD HOLDINGS INC,0000312257,10-K,2011-03-17,edgar/data/312257/0001185185-11-000325.txt
EASTMAN KODAK CO,0000031235,10-K,2011-02-25,edgar/data/31235/0000031235-11-000025.txt
EATON CORP,0000031277,10-K,2011-02-25,edgar/data/31277/0000950123-11-018511.txt
SADDLEBROOK RESORTS INC,0000313151,10-K,2011-03-31,edgar/data/313151/0000950123-11-031396.txt
TRI CITY BANKSHARES CORP,0000313337,10-K,2011-03-23,edgar/data/313337/0000892712-11-000207.txt
"Paradigm Holdings, Inc",0000313353,10-K,2011-03-24,edgar/data/313353/0001140361-11-018492.txt
MESA ROYALTY TRUST/TX,0000313364,10-K,2011-03-16,edgar/data/313364/0001047469-11-002221.txt
"HKN, Inc.",0000313478,10-K,2011-02-17,edgar/data/313478/0001437749-11-000965.txt
ECHELON CORP,0000031347,10-K,2011-03-16,edgar/data/31347/0001193125-11-067459.txt
DANAHER CORP /DE/,0000313616,10-K,2011-02-24,edgar/data/313616/0001193125-11-044412.txt
HARDINGE INC,0000313716,10-K,2011-03-14,edgar/data/313716/0001047469-11-002102.txt
CHURCH & DWIGHT CO INC /DE/,0000313927,10-K,2011-02-24,edgar/data/313927/0001193125-11-045474.txt
ERC ENERGY RECOVERY CORP,0000314197,10-K,2011-03-31,edgar/data/314197/0001010412-11-000123.txt
U S GOLD CORP,0000314203,10-K,2011-03-14,edgar/data/314203/0001047469-11-002070.txt
"TOMI Environmental Solutions, Inc.",0000314227,10-K,2011-03-31,edgar/data/314227/0001170022-11-000002.txt
FIRST BUSEY CORP /NV/,0000314489,10-K,2011-03-11,edgar/data/314489/0001104659-11-013918.txt
ECOLAB INC,0000031462,10-K,2011-02-25,edgar/data/31462/0001104659-11-010321.txt
CENTURY PROPERTIES FUND XV,0000314690,10-K,2011-03-25,edgar/data/314690/0000711642-11-000070.txt
ALABAMA GAS CORP,0000003146,10-K,2011-02-25,edgar/data/3146/0001193125-11-047619.txt
REEVES TELECOM LTD PARTNERSHIP,0000314741,10-K,2011-03-31,edgar/data/314741/0001144204-11-018877.txt
Ensco plc,0000314808,10-K,2011-02-24,edgar/data/314808/0000314808-11-000016.txt
HALF ROBERT INTERNATIONAL INC /DE/,0000315213,10-K,2011-02-17,edgar/data/315213/0001193125-11-038990.txt
PUBLIC SERVICE CO OF NEW HAMPSHIRE,0000315256,10-K,2011-02-25,edgar/data/315256/0000072741-11-000025.txt
TEXAS VANGUARD OIL CO,0000315261,10-K,2011-03-30,edgar/data/315261/0000315261-11-000001.txt
AON CORP,0000315293,10-K,2011-02-25,edgar/data/315293/0001047469-11-001427.txt
HURCO COMPANIES INC,0000315374,10-K,2011-01-12,edgar/data/315374/0001144204-11-001979.txt
ALABAMA POWER CO,0000003153,10-K,2011-02-25,edgar/data/3153/0000092122-11-000013.txt
PROVECTUS PHARMACEUTICALS INC,0000315545,10-K,2011-03-16,edgar/data/315545/0001144204-11-015291.txt
INTERNATIONAL BANCSHARES CORP,0000315709,10-K,2011-02-28,edgar/data/315709/0001047469-11-001527.txt
SOUTHWEST GEORGIA FINANCIAL CORP,0000315849,10-K,2011-03-31,edgar/data/315849/0000315849-11-000008.txt
RANGE RESOURCES CORP,0000315852,10-K,2011-03-01,edgar/data/315852/0000950123-11-020409.txt
CREDITRISKMONITOR COM INC,0000315958,10-K,2011-03-18,edgar/data/315958/0001140361-11-017555.txt
KENT FINANCIAL SERVICES INC,0000316028,10-K,2011-03-18,edgar/data/316028/0001140361-11-017678.txt
STARWOOD HOTEL & RESORTS WORLDWIDE INC,0000316206,10-K,2011-02-18,edgar/data/316206/0000950123-11-015332.txt
EXCO RESOURCES INC,0000316300,10-K,2011-02-24,edgar/data/316300/0001193125-11-045326.txt
SCHWAB CHARLES CORP,0000316709,10-K,2011-02-25,edgar/data/316709/0001193125-11-046932.txt
FIELDPOINT PETROLEUM CORP,0000316736,10-K,2011-03-30,edgar/data/316736/0000950123-11-030889.txt
PPL ELECTRIC UTILITIES CORP,0000317187,10-K,2011-02-28,edgar/data/317187/0000922224-11-000029.txt
MIKROS SYSTEMS CORP,0000317340,10-K,2011-03-31,edgar/data/317340/0001437749-11-001909.txt
COCA COLA BOTTLING CO CONSOLIDATED /DE/,0000317540,10-K,2011-03-18,edgar/data/317540/0000950123-11-026807.txt
TELLABS INC,0000317771,10-K,2011-03-01,edgar/data/317771/0001193125-11-050345.txt
"Bulova Technologies Group, Inc.",0000317889,10-K,2011-01-27,edgar/data/317889/0001193125-11-015991.txt
ANGELES PARTNERS X,0000317900,10-K,2011-03-28,edgar/data/317900/0000711642-11-000077.txt
PERKINELMER INC,0000031791,10-K,2011-03-01,edgar/data/31791/0001193125-11-051468.txt
AMGEN INC,0000318154,10-K,2011-02-25,edgar/data/318154/0000950123-11-018800.txt
PEOPLES BANCORP INC,0000318300,10-K,2011-02-28,edgar/data/318300/0000318300-11-000011.txt
ACCESS PHARMACEUTICALS INC,0000318306,10-K,2011-03-31,edgar/data/318306/0000318306-11-000002.txt
TASA PRODUCTS LTD,0000318346,10-K,2011-03-22,edgar/data/318346/0001472375-11-000050.txt
NATIONAL PROPERTY INVESTORS 4,0000318508,10-K,2011-03-25,edgar/data/318508/0000711642-11-000069.txt
SECURITY NATIONAL FINANCIAL CORP,0000318673,10-K,2011-03-31,edgar/data/318673/0001096906-11-000630.txt
DSI REALTY INCOME FUND VI,0000318835,10-K,2011-03-31,edgar/data/318835/0000318835-11-000019.txt
REAL ESTATE ASSOCIATES LTD III,0000318986,10-K,2011-03-31,edgar/data/318986/0000711642-11-000088.txt
KEY ENERGY SERVICES INC,0000318996,10-K,2011-02-28,edgar/data/318996/0000950123-11-019146.txt
REGENT TECHNOLOGIES INC,0000319200,10-K,2011-03-31,edgar/data/319200/0000319200-11-000003.txt
IRIS INTERNATIONAL INC,0000319240,10-K,2011-03-16,edgar/data/319240/0000950123-11-025877.txt
Enservco Corp,0000319458,10-K,2011-03-28,edgar/data/319458/0001000096-11-000087.txt
PERMIAN BASIN ROYALTY TRUST,0000319654,10-K,2011-03-01,edgar/data/319654/0000950123-11-020766.txt
SAN JUAN BASIN ROYALTY TRUST,0000319655,10-K,2011-03-01,edgar/data/319655/0000950123-11-020502.txt
CONTINENTAL AIRLINES INC /DE/,0000319687,10-K,2011-02-22,edgar/data/319687/0001193125-11-042335.txt
EL PASO ELECTRIC CO /TX/,0000031978,10-K,2011-02-28,edgar/data/31978/0001193125-11-049952.txt
CECO ENVIRONMENTAL CORP,0000003197,10-K,2011-03-15,edgar/data/3197/0001193125-11-067373.txt
MAXWELL TECHNOLOGIES INC,0000319815,10-K,2011-03-10,edgar/data/319815/0001193125-11-062183.txt
EL PASO NATURAL GAS CO,0000031986,10-K,2011-03-01,edgar/data/31986/0001066107-11-000012.txt
TELOS CORP,0000320121,10-K,2011-03-31,edgar/data/320121/0001193125-11-085002.txt
TORCHMARK CORP,0000320335,10-K,2011-02-28,edgar/data/320335/0001193125-11-049737.txt
INTELLIGENT SYSTEMS CORP,0000320340,10-K,2011-03-22,edgar/data/320340/0000950123-11-027689.txt
FIRST M&F CORP/MS,0000320387,10-K,2011-03-15,edgar/data/320387/0001144204-11-014892.txt
PIONEER DRILLING CO,0000320575,10-K,2011-02-17,edgar/data/320575/0001193125-11-038629.txt
EMS TECHNOLOGIES INC,0000032198,10-K,2011-03-15,edgar/data/32198/0000950123-11-025647.txt
EMPIRE DISTRICT ELECTRIC CO,0000032689,10-K,2011-02-17,edgar/data/32689/0001047469-11-001023.txt
EQUIFAX INC,0000033185,10-K,2011-02-23,edgar/data/33185/0001144204-11-010496.txt
EQT Corp,0000033213,10-K,2011-02-24,edgar/data/33213/0001104659-11-009751.txt
ESCALADE INC,0000033488,10-K,2011-03-01,edgar/data/33488/0001019056-11-000282.txt
"KINGSTONE COMPANIES, INC.",0000033992,10-K,2011-03-31,edgar/data/33992/0001021771-11-000010.txt
DYNAMIC MATERIALS CORP,0000034067,10-K,2011-02-28,edgar/data/34067/0001104659-11-010898.txt
EXXON MOBIL CORP,0000034088,10-K,2011-02-25,edgar/data/34088/0001193125-11-047394.txt
JO-ANN STORES INC,0000034151,10-K,2011-03-10,edgar/data/34151/0000950123-11-023956.txt
RELIABILITY INC,0000034285,10-K,2011-03-08,edgar/data/34285/0001477932-11-000248.txt
ALEXANDER & BALDWIN INC,0000003453,10-K,2011-02-25,edgar/data/3453/0000003453-11-000006.txt
1ST SOURCE CORP,0000034782,10-K,2011-02-17,edgar/data/34782/0000034782-11-000008.txt
FEDERAL REALTY INVESTMENT TRUST,0000034903,10-K,2011-02-15,edgar/data/34903/0001193125-11-036800.txt
ALEXANDERS INC,0000003499,10-K,2011-02-22,edgar/data/3499/0000003499-11-000003.txt
PHI INC,0000350403,10-K,2011-03-14,edgar/data/350403/0000950123-11-025213.txt
"SOMERSET INTERNATIONAL GROUP,INC.",0000350524,10-K,2011-03-31,edgar/data/350524/0001213900-11-001715.txt
TECO ENERGY INC,0000350563,10-K,2011-02-28,edgar/data/350563/0001193125-11-049482.txt
Lattice INC,0000350644,10-K,2011-03-31,edgar/data/350644/0001188112-11-000768.txt
"AUTONATION, INC.",0000350698,10-K,2011-02-15,edgar/data/350698/0001193125-11-035910.txt
OCEAN BIO CHEM INC,0000350737,10-K,2011-03-31,edgar/data/350737/0001140361-11-019676.txt
SUPREME INDUSTRIES INC,0000350846,10-K,2011-03-25,edgar/data/350846/0001104659-11-016752.txt
COMMUNITY TRUST BANCORP INC /KY/,0000350852,10-K,2011-03-15,edgar/data/350852/0000350852-11-000040.txt
SEI INVESTMENTS CO,0000350894,10-K,2011-02-24,edgar/data/350894/0001193125-11-045593.txt
THORATEC CORP,0000350907,10-K,2011-02-23,edgar/data/350907/0001047469-11-001197.txt
AUTOINFO INC,0000351017,10-K,2011-03-17,edgar/data/351017/0001140361-11-017496.txt
"CITIZENS REPUBLIC BANCORP, INC.",0000351077,10-K,2011-03-02,edgar/data/351077/0000950123-11-020910.txt
DETONICS SMALL ARMS LTD,0000351397,10-K,2011-03-22,edgar/data/351397/0001472375-11-000048.txt
US 1 INDUSTRIES INC,0000351498,10-K,2011-03-31,edgar/data/351498/0001144204-11-018954.txt
Ameris Bancorp,0000351569,10-K,2011-03-16,edgar/data/351569/0001193125-11-068317.txt
ELECTRO SENSORS INC,0000351789,10-K,2011-03-17,edgar/data/351789/0000897101-11-000426.txt
SWIFT ENERGY CO,0000351817,10-K,2011-02-24,edgar/data/351817/0000351817-11-000012.txt
SunOpta Inc.,0000351834,10-K,2011-03-10,edgar/data/351834/0001204459-11-000669.txt
CENTURY PROPERTIES FUND XVI,0000351931,10-K,2011-03-25,edgar/data/351931/0000711642-11-000065.txt
DATA I/O CORP,0000351998,10-K,2011-03-31,edgar/data/351998/0000351998-11-000010.txt
TOLEDO EDISON CO,0000352049,10-K,2011-02-16,edgar/data/352049/0000950123-11-014700.txt
FERRO CORP,0000035214,10-K,2011-02-28,edgar/data/35214/0000950123-11-019921.txt
CLAIBORNE LIZ INC,0000352363,10-K,2011-02-17,edgar/data/352363/0000950123-11-015073.txt
ALLIANT ENERGY CORP,0000352541,10-K,2011-02-28,edgar/data/352541/0001193125-11-049662.txt
ALLSTATE LIFE INSURANCE CO,0000352736,10-K,2011-03-11,edgar/data/352736/0001104659-11-013777.txt
UNIGENE LABORATORIES INC,0000352747,10-K,2011-03-16,edgar/data/352747/0001437749-11-001575.txt
FOSTER L B CO,0000352825,10-K,2011-03-16,edgar/data/352825/0000352825-11-000008.txt
UNIVERSAL HEALTH SERVICES INC,0000352915,10-K,2011-02-28,edgar/data/352915/0001193125-11-050142.txt
"CKX LANDS, INC.",0000352955,10-K,2011-03-11,edgar/data/352955/0001437749-11-001456.txt
"IGI LABORATORIES, INC",0000352998,10-K,2011-03-25,edgar/data/352998/0000950156-11-000042.txt
INSITUFORM TECHNOLOGIES INC,0000353020,10-K,2011-02-28,edgar/data/353020/0000353020-11-000002.txt
NORTH VALLEY BANCORP,0000353191,10-K,2011-03-14,edgar/data/353191/0001019056-11-000316.txt
OMNICARE INC,0000353230,10-K,2011-02-24,edgar/data/353230/0001442643-11-000012.txt
QUIDEL CORP /DE/,0000353569,10-K,2011-02-25,edgar/data/353569/0000950123-11-018919.txt
GALLAGHER ARTHUR J & CO,0000354190,10-K,2011-02-07,edgar/data/354190/0001193125-11-025625.txt
CVB FINANCIAL CORP,0000354647,10-K,2011-03-01,edgar/data/354647/0000950123-11-020748.txt
FIRST PULASKI NATIONAL CORP,0000354706,10-K,2011-03-16,edgar/data/354706/0000354706-11-000004.txt
HAWAIIAN ELECTRIC INDUSTRIES INC,0000354707,10-K,2011-02-18,edgar/data/354707/0001104659-11-008405.txt
FIRSTMERIT CORP /OH/,0000354869,10-K,2011-02-25,edgar/data/354869/0000950123-11-018758.txt
FLIR SYSTEMS INC,0000354908,10-K,2011-03-01,edgar/data/354908/0001193125-11-051695.txt
HOME DEPOT INC,0000354950,10-K,2011-03-24,edgar/data/354950/0001193125-11-076501.txt
SHENANDOAH TELECOMMUNICATIONS CO/VA/,0000354963,10-K,2011-03-08,edgar/data/354963/0001140361-11-014909.txt
HSBC Finance Corp,0000354964,10-K,2011-02-28,edgar/data/354964/0000950123-11-019123.txt
FIFTH THIRD BANCORP,0000035527,10-K,2011-02-28,edgar/data/35527/0001193125-11-049817.txt
PROTECTIVE LIFE CORP,0000355429,10-K,2011-02-28,edgar/data/355429/0001047469-11-001541.txt
REAL ESTATE ASSOCIATES LTD IV,0000355573,10-K,2011-03-31,edgar/data/355573/0000711642-11-000090.txt
CTI GROUP HOLDINGS INC,0000355627,10-K,2011-03-30,edgar/data/355627/0000950123-11-030504.txt
NATIONAL PROPERTY INVESTORS 5,0000355637,10-K,2011-03-25,edgar/data/355637/0000711642-11-000062.txt
LOJACK CORP,0000355777,10-K,2011-03-14,edgar/data/355777/0000950123-11-025222.txt
CONSOLIDATED CAPITAL PROPERTIES IV,0000355804,10-K,2011-03-28,edgar/data/355804/0000711642-11-000074.txt
GENTEX CORP,0000355811,10-K,2011-02-22,edgar/data/355811/0000950123-11-016242.txt
UNITED STATIONERS INC,0000355999,10-K,2011-02-25,edgar/data/355999/0001047469-11-001401.txt
BELO CORP,0000356080,10-K,2011-03-11,edgar/data/356080/0000950123-11-024777.txt
EMC INSURANCE GROUP INC,0000356130,10-K,2011-03-10,edgar/data/356130/0001140361-11-015608.txt
TRICO BANCSHARES /,0000356171,10-K,2011-03-11,edgar/data/356171/0000950123-11-024763.txt
PINNACLE ENTERTAINMENT INC.,0000356213,10-K,2011-03-01,edgar/data/356213/0000356213-11-000004.txt
CENTURY PROPERTIES FUND XVII,0000356472,10-K,2011-03-25,edgar/data/356472/0000711642-11-000064.txt
NEUROLOGIX INC/DE,0000356591,10-K,2011-03-25,edgar/data/356591/0000950123-11-029117.txt
TRIMEDYNE INC,0000357001,10-K,2011-01-18,edgar/data/357001/0001019687-11-000186.txt
"Fibrocell Science, Inc.",0000357097,10-K,2011-03-30,edgar/data/357097/0000950123-11-030892.txt
CHENIERE ENERGY INC,0000003570,10-K,2011-03-03,edgar/data/3570/0000003570-11-000026.txt
OLD SECOND BANCORP INC,0000357173,10-K,2011-03-16,edgar/data/357173/0001104659-11-014817.txt
PACIFIC CAPITAL BANCORP /CA/,0000357264,10-K,2011-03-28,edgar/data/357264/0001193125-11-078489.txt
TRUSTCO BANK CORP N Y,0000357301,10-K,2011-03-01,edgar/data/357301/0001140361-11-013083.txt
FIRST FINANCIAL BANKSHARES INC,0000036029,10-K,2011-02-24,edgar/data/36029/0000950123-11-017648.txt
"CORELOGIC, INC.",0000036047,10-K,2011-03-14,edgar/data/36047/0001140361-11-016415.txt
US BANCORP \DE\,0000036104,10-K,2011-02-28,edgar/data/36104/0000950123-11-019888.txt
TRUSTMARK CORP,0000036146,10-K,2011-02-25,edgar/data/36146/0000036146-11-000070.txt
M&T BANK CORP,0000036270,10-K,2011-02-22,edgar/data/36270/0000950123-11-016289.txt
MACKINAC FINANCIAL CORP /MI/,0000036506,10-K,2011-03-31,edgar/data/36506/0000950123-11-031562.txt
"ALLEGHENY ENERGY, INC",0000003673,10-K,2011-02-23,edgar/data/3673/0001193125-11-043729.txt
FIRST REAL ESTATE INVESTMENT TRUST OF NEW JERSEY,0000036840,10-K,2011-01-14,edgar/data/36840/0000914317-11-000048.txt
FIRST HORIZON NATIONAL CORP,0000036966,10-K,2011-02-25,edgar/data/36966/0000930413-11-001273.txt
Winthrop Realty Trust,0000037008,10-K,2011-03-16,edgar/data/37008/0000950123-11-025960.txt
FIRST WEST VIRGINIA BANCORP INC,0000037049,10-K,2011-03-31,edgar/data/37049/0001193125-11-084613.txt
FLORIDA POWER & LIGHT CO,0000037634,10-K,2011-02-28,edgar/data/37634/0000753308-11-000025.txt
FLORIDA POWER CORP,0000037637,10-K,2011-02-28,edgar/data/37637/0001094093-11-000051.txt
MASSEY ENERGY CO,0000037748,10-K,2011-03-01,edgar/data/37748/0001140361-11-013070.txt
FMC CORP,0000037785,10-K,2011-02-22,edgar/data/37785/0001193125-11-041464.txt
FNB CORP/FL/,0000037808,10-K,2011-02-25,edgar/data/37808/0000950123-11-018643.txt
FORD MOTOR CO,0000037996,10-K,2011-02-28,edgar/data/37996/0001157523-11-001210.txt
FORD MOTOR CREDIT CO LLC,0000038009,10-K,2011-02-28,edgar/data/38009/0001157523-11-001217.txt
FOREST CITY ENTERPRISES INC,0000038067,10-K,2011-03-30,edgar/data/38067/0000950123-11-030928.txt
FOREST OIL CORP,0000038079,10-K,2011-02-24,edgar/data/38079/0001047469-11-001208.txt
1st FRANKLIN FINANCIAL CORP,0000038723,10-K,2011-03-30,edgar/data/38723/0000038723-11-000025.txt
FRANKLIN ELECTRIC CO INC,0000038725,10-K,2011-03-02,edgar/data/38725/0000038725-11-000017.txt
CULLEN FROST BANKERS INC,0000039263,10-K,2011-02-03,edgar/data/39263/0001193125-11-022877.txt
FROZEN FOOD EXPRESS INDUSTRIES INC,0000039273,10-K,2011-03-30,edgar/data/39273/0000039273-11-000025.txt
INDEPENDENT BANK CORP /MI/,0000039311,10-K,2011-03-10,edgar/data/39311/0001140361-11-015619.txt
FULLER H B CO,0000039368,10-K,2011-01-20,edgar/data/39368/0001193125-11-010956.txt
ALLIED DEFENSE GROUP INC,0000003952,10-K,2011-03-17,edgar/data/3952/0000950123-11-026400.txt
AVATAR HOLDINGS INC,0000039677,10-K,2011-03-16,edgar/data/39677/0001140361-11-017183.txt
Allis Chalmers Energy Inc.,0000003982,10-K,2011-03-15,edgar/data/3982/0001193125-11-067128.txt
GANNETT CO INC /DE/,0000039899,10-K,2011-02-23,edgar/data/39899/0000950123-11-017139.txt
GAP INC,0000039911,10-K,2011-03-28,edgar/data/39911/0001193125-11-079691.txt
GATEWAY ENERGY CORP/NE,0000040194,10-K,2011-03-18,edgar/data/40194/0001000096-11-000063.txt
GATX CORP,0000040211,10-K,2011-02-23,edgar/data/40211/0000950123-11-017209.txt
"MedClean Technologies, Inc.",0000040528,10-K,2011-03-31,edgar/data/40528/0001144204-11-019050.txt
GENERAL DYNAMICS CORP,0000040533,10-K,2011-02-18,edgar/data/40533/0001193125-11-039769.txt
GENERAL ELECTRIC CO,0000040545,10-K,2011-02-25,edgar/data/40545/0001193125-11-047479.txt
GENERAL ELECTRIC CAPITAL CORP,0000040554,10-K,2011-02-25,edgar/data/40554/0000040545-11-000010.txt
Ally Financial Inc.,0000040729,10-K,2011-02-25,edgar/data/40729/0001193125-11-047688.txt
GENCORP INC,0000040888,10-K,2011-02-02,edgar/data/40888/0000950123-11-008303.txt
GENUINE PARTS CO,0000040987,10-K,2011-02-25,edgar/data/40987/0000950123-11-018264.txt
GEORESOURCES INC,0000041023,10-K,2011-03-11,edgar/data/41023/0001193125-11-064075.txt
GEORGIA POWER CO,0000041091,10-K,2011-02-25,edgar/data/41091/0000092122-11-000013.txt
GLATFELTER P H CO,0000041719,10-K,2011-03-11,edgar/data/41719/0000950123-11-024824.txt
INDUSTRIAL SERVICES OF AMERICA INC /FL,0000004187,10-K,2011-03-28,edgar/data/4187/0000930413-11-002265.txt
"Chang-On International, Inc.",0000042136,10-K,2011-03-31,edgar/data/42136/0001062993-11-001253.txt
GOLDFIELD CORP,0000042316,10-K,2011-03-30,edgar/data/42316/0001193125-11-082974.txt
GOODRICH CORP,0000042542,10-K,2011-02-15,edgar/data/42542/0000950123-11-014160.txt
GOODYEAR TIRE & RUBBER CO /OH/,0000042582,10-K,2011-02-10,edgar/data/42582/0000950123-11-011714.txt
GORMAN RUPP CO,0000042682,10-K,2011-03-04,edgar/data/42682/0000950123-11-022137.txt
ALCOA INC,0000004281,10-K,2011-02-17,edgar/data/4281/0001193125-11-039230.txt
GRACO INC,0000042888,10-K,2011-02-22,edgar/data/42888/0000950123-11-016366.txt
GRAY TELEVISION INC,0000043196,10-K,2011-03-11,edgar/data/43196/0000950123-11-024571.txt
GREAT NORTHERN IRON ORE PROPERTIES,0000043410,10-K,2011-02-18,edgar/data/43410/0000897101-11-000241.txt
HESS CORP,0000004447,10-K,2011-02-25,edgar/data/4447/0000950123-11-018415.txt
GULF POWER CO,0000044545,10-K,2011-02-25,edgar/data/44545/0000092122-11-000013.txt
"ENTERGY GULF STATES LOUISIANA, LLC",0000044570,10-K,2011-02-28,edgar/data/44570/0000065984-11-000033.txt
GYRODYNE CO OF AMERICA INC,0000044689,10-K,2011-03-31,edgar/data/44689/0001437749-11-001946.txt
HALLIBURTON CO,0000045012,10-K,2011-02-17,edgar/data/45012/0000045012-11-000087.txt
AMERICAN AIRLINES INC,0000004515,10-K,2011-02-16,edgar/data/4515/0000950123-11-014740.txt
AMEXDRUG CORP,0000045621,10-K,2011-03-31,edgar/data/45621/0001096906-11-000623.txt
HARSCO CORP,0000045876,10-K,2011-02-24,edgar/data/45876/0001047469-11-001273.txt
HARTE HANKS INC,0000045919,10-K,2011-03-02,edgar/data/45919/0001193125-11-053421.txt
HARTFORD LIFE INSURANCE CO,0000045947,10-K,2011-02-25,edgar/data/45947/0000950123-11-018942.txt
HASBRO INC,0000046080,10-K,2011-02-23,edgar/data/46080/0000950123-11-017113.txt
AMERICAN BILTRITE INC,0000004611,10-K,2011-03-23,edgar/data/4611/0001171520-11-000236.txt
ALLIED MOTION TECHNOLOGIES INC,0000046129,10-K,2011-03-18,edgar/data/46129/0001047469-11-002331.txt
BANK OF HAWAII CORP,0000046195,10-K,2011-02-23,edgar/data/46195/0001047469-11-001199.txt
HAWAIIAN ELECTRIC CO INC,0000046207,10-K,2011-02-18,edgar/data/46207/0001104659-11-008405.txt
HERSHEY CO,0000047111,10-K,2011-02-18,edgar/data/47111/0001193125-11-039789.txt
HERTZ CORP,0000047129,10-K,2011-02-28,edgar/data/47129/0001047469-11-001493.txt
HOLLY CORP,0000048039,10-K,2011-02-25,edgar/data/48039/0000950123-11-018524.txt
HNI CORP,0000048287,10-K,2011-02-25,edgar/data/48287/0000048287-11-000009.txt
CENTERPOINT ENERGY HOUSTON ELECTRIC LLC,0000048732,10-K,2011-03-10,edgar/data/48732/0001130310-11-000010.txt
HUBBELL INC,0000048898,10-K,2011-02-16,edgar/data/48898/0000950123-11-014739.txt
AMERICAN ELECTRIC POWER CO INC,0000004904,10-K,2011-02-25,edgar/data/4904/0000004904-11-000023.txt
HUMANA INC,0000049071,10-K,2011-02-18,edgar/data/49071/0001193125-11-039288.txt
HUNTINGTON BANCSHARES INC/MD,0000049196,10-K,2011-02-18,edgar/data/49196/0000950123-11-015766.txt
EASTGROUP PROPERTIES INC,0000049600,10-K,2011-02-28,edgar/data/49600/0000049600-11-000003.txt
ID SYSTEMS INC,0000049615,10-K,2011-03-30,edgar/data/49615/0000930413-11-002419.txt
AMERICAN EXPRESS CO,0000004962,10-K,2011-02-28,edgar/data/4962/0000950123-11-019072.txt
IDAHO POWER CO,0000049648,10-K,2011-02-23,edgar/data/49648/0001057877-11-000047.txt
AMERICAN EXPRESS CREDIT CORP,0000004969,10-K,2011-03-31,edgar/data/4969/0000930413-11-002465.txt
"DineEquity, Inc",0000049754,10-K,2011-03-04,edgar/data/49754/0001047469-11-001735.txt
AFLAC INC,0000004977,10-K,2011-02-25,edgar/data/4977/0001193125-11-047639.txt
ILLINOIS TOOL WORKS INC,0000049826,10-K,2011-02-28,edgar/data/49826/0000950123-11-019620.txt
IMPERIAL INDUSTRIES INC,0000049930,10-K,2011-03-28,edgar/data/49930/0001354488-11-000961.txt
IMPERIAL OIL LTD,0000049938,10-K,2011-02-25,edgar/data/49938/0001193125-11-047428.txt
TESORO CORP /NEW/,0000050104,10-K,2011-03-01,edgar/data/50104/0000950123-11-020449.txt
INDIANA MICHIGAN POWER CO,0000050172,10-K,2011-02-25,edgar/data/50172/0000004904-11-000036.txt
INTEL CORP,0000050863,10-K,2011-02-18,edgar/data/50863/0000950123-11-015783.txt
FURNITURE BRANDS INTERNATIONAL INC,0000050957,10-K,2011-03-04,edgar/data/50957/0000950123-11-021884.txt
INTERNATIONAL BUSINESS MACHINES CORP,0000051143,10-K,2011-02-22,edgar/data/51143/0001047469-11-001117.txt
INTERNATIONAL FLAVORS & FRAGRANCES INC,0000051253,10-K,2011-02-24,edgar/data/51253/0000950123-11-017927.txt
INTERNATIONAL PAPER CO /NEW/,0000051434,10-K,2011-02-25,edgar/data/51434/0001193125-11-046928.txt
INTERNATIONAL SPEEDWAY CORP,0000051548,10-K,2011-01-28,edgar/data/51548/0000950123-11-006572.txt
"INTERPUBLIC GROUP OF COMPANIES, INC.",0000051644,10-K,2011-02-25,edgar/data/51644/0001193125-11-046438.txt
AMERIPRISE CERTIFICATE CO,0000052428,10-K,2011-02-23,edgar/data/52428/0001104659-11-009373.txt
INTERSTATE POWER & LIGHT CO,0000052485,10-K,2011-02-28,edgar/data/52485/0001193125-11-049662.txt
AMERICAN INTERNATIONAL GROUP INC,0000005272,10-K,2011-02-24,edgar/data/5272/0001047469-11-001283.txt
ANIXTER INTERNATIONAL INC,0000052795,10-K,2011-02-28,edgar/data/52795/0000950123-11-019602.txt
RAYONIER INC,0000052827,10-K,2011-02-23,edgar/data/52827/0001193125-11-043344.txt
JERSEY CENTRAL POWER & LIGHT CO,0000053456,10-K,2011-02-16,edgar/data/53456/0000950123-11-014700.txt
KAMAN CORP,0000054381,10-K,2011-02-28,edgar/data/54381/0001144204-11-011534.txt
X-CHANGE CORP,0000054424,10-K,2011-01-18,edgar/data/54424/0001165527-11-000050.txt
FURMANITE CORP,0000054441,10-K,2011-03-15,edgar/data/54441/0000950123-11-025575.txt
KANSAS CITY LIFE INSURANCE CO,0000054473,10-K,2011-02-28,edgar/data/54473/0001193125-11-050024.txt
KANSAS CITY POWER & LIGHT CO,0000054476,10-K,2011-02-25,edgar/data/54476/0001143068-11-000010.txt
KANSAS CITY SOUTHERN,0000054480,10-K,2011-02-09,edgar/data/54480/0001193125-11-028728.txt
WESTAR ENERGY INC /KS,0000054507,10-K,2011-02-24,edgar/data/54507/0001193125-11-045500.txt
KATY INDUSTRIES INC,0000054681,10-K,2011-03-31,edgar/data/54681/0000054681-11-000009.txt
KELLOGG CO,0000055067,10-K,2011-02-25,edgar/data/55067/0001193125-11-047372.txt
KELLY SERVICES INC,0000055135,10-K,2011-02-17,edgar/data/55135/0000950123-11-015111.txt
Unum Group,0000005513,10-K,2011-02-25,edgar/data/5513/0001193125-11-047064.txt
KENILWORTH SYSTEMS CORP,0000055234,10-K,2011-03-31,edgar/data/55234/0001104659-11-017886.txt
Investors Heritage Capital Corp,0000055362,10-K,2011-03-11,edgar/data/55362/0001437749-11-001477.txt
KEYSTONE CONSOLIDATED INDUSTRIES INC,0000055604,10-K,2011-03-17,edgar/data/55604/0000055604-11-000010.txt
KIMBERLY CLARK CORP,0000055785,10-K,2011-02-23,edgar/data/55785/0001193125-11-043300.txt
KIRBY CORP,0000056047,10-K,2011-02-25,edgar/data/56047/0001193125-11-046507.txt
KROGER CO,0000056873,10-K,2011-03-29,edgar/data/56873/0001104659-11-017372.txt
"SNYDER'S-LANCE, INC.",0000057528,10-K,2011-03-02,edgar/data/57528/0001140361-11-013546.txt
LEGGETT & PLATT INC,0000058492,10-K,2011-02-24,edgar/data/58492/0001193125-11-045388.txt
4 KIDS ENTERTAINMENT INC,0000058592,10-K,2011-03-31,edgar/data/58592/0000058592-11-000010.txt
VALHI INC /DE/,0000059255,10-K,2011-03-09,edgar/data/59255/0000059255-11-000084.txt
VECTOR GROUP LTD,0000059440,10-K,2011-02-25,edgar/data/59440/0000950123-11-018301.txt
LILLY ELI & CO,0000059478,10-K,2011-02-22,edgar/data/59478/0001193125-11-041620.txt
LINCOLN ELECTRIC HOLDINGS INC,0000059527,10-K,2011-02-28,edgar/data/59527/0001047469-11-001516.txt
LINCOLN NATIONAL CORP,0000059558,10-K,2011-02-25,edgar/data/59558/0000059558-11-000029.txt
AMERICAN VANGUARD CORP,0000005981,10-K,2011-03-10,edgar/data/5981/0001193125-11-062341.txt
GOLDRICH MINING CO,0000059860,10-K,2011-03-21,edgar/data/59860/0001052918-11-000105.txt
LOEWS CORP,0000060086,10-K,2011-02-23,edgar/data/60086/0001193125-11-043352.txt
LOUISIANA-PACIFIC CORP,0000060519,10-K,2011-02-28,edgar/data/60519/0001193125-11-049415.txt
LOWES COMPANIES INC,0000060667,10-K,2011-03-29,edgar/data/60667/0000060667-11-000061.txt
LSB INDUSTRIES INC,0000060714,10-K,2011-03-03,edgar/data/60714/0000060714-11-000006.txt
LUBRIZOL Corp,0000060751,10-K,2011-02-25,edgar/data/60751/0001193125-11-046757.txt
LUFKIN INDUSTRIES INC,0000060849,10-K,2011-03-01,edgar/data/60849/0000060849-11-000009.txt
CYBEX INTERNATIONAL INC,0000060876,10-K,2011-03-31,edgar/data/60876/0001193125-11-084742.txt
LYDALL INC /DE/,0000060977,10-K,2011-03-01,edgar/data/60977/0001193125-11-051391.txt
LGL GROUP INC,0000061004,10-K,2011-03-24,edgar/data/61004/0000061004-11-000015.txt
MADISON GAS & ELECTRIC CO,0000061339,10-K,2011-02-24,edgar/data/61339/0000061339-11-000002.txt
AMPCO PITTSBURGH CORP,0000006176,10-K,2011-03-16,edgar/data/6176/0001193125-11-068273.txt
MANITOWOC CO INC,0000061986,10-K,2011-03-01,edgar/data/61986/0001104659-11-011464.txt
AMR CORP,0000006201,10-K,2011-02-16,edgar/data/6201/0000950123-11-014726.txt
"MARSH & MCLENNAN COMPANIES, INC.",0000062709,10-K,2011-02-28,edgar/data/62709/0001193125-11-047795.txt
ANALYSTS INTERNATIONAL CORP,0000006292,10-K,2011-02-24,edgar/data/6292/0001047469-11-001291.txt
MASCO CORP /DE/,0000062996,10-K,2011-02-18,edgar/data/62996/0000950123-11-015716.txt
MATTEL INC /DE/,0000063276,10-K,2011-02-24,edgar/data/63276/0001193125-11-045072.txt
MAUI LAND & PINEAPPLE CO INC,0000063330,10-K,2011-03-14,edgar/data/63330/0001047469-11-002101.txt
MCCORMICK & CO INC,0000063754,10-K,2011-01-27,edgar/data/63754/0001193125-11-014958.txt
MCDONALDS CORP,0000063908,10-K,2011-02-25,edgar/data/63908/0001193125-11-046701.txt
MCGRAW-HILL COMPANIES INC,0000064040,10-K,2011-02-23,edgar/data/64040/0000950123-11-017079.txt
MCMORAN EXPLORATION CO /DE/,0000064279,10-K,2011-02-28,edgar/data/64279/0000064279-11-000005.txt
MECHANICAL TECHNOLOGY INC,0000064463,10-K,2011-03-25,edgar/data/64463/0001206774-11-000610.txt
CVS CAREMARK CORP,0000064803,10-K,2011-02-18,edgar/data/64803/0001193125-11-040351.txt
ANDREA ELECTRONICS CORP,0000006494,10-K,2011-03-17,edgar/data/6494/0001145443-11-000339.txt
MERCURY GENERAL CORP,0000064996,10-K,2011-02-14,edgar/data/64996/0001193125-11-035565.txt
"MERRILL LYNCH & CO., INC.",0000065100,10-K,2011-03-01,edgar/data/65100/0000950123-11-019999.txt
MET PRO CORP,0000065201,10-K,2011-03-17,edgar/data/65201/0000065201-11-000015.txt
METROPOLITAN EDISON CO,0000065350,10-K,2011-02-16,edgar/data/65350/0000950123-11-014700.txt
UNITED CAPITAL CORP /DE/,0000065358,10-K,2011-03-30,edgar/data/65358/0000921895-11-000645.txt
SIEBERT FINANCIAL CORP,0000065596,10-K,2011-03-31,edgar/data/65596/0001089355-11-000005.txt
MICROPAC INDUSTRIES INC,0000065759,10-K,2011-02-08,edgar/data/65759/0001010549-11-000144.txt
MICROVISION INC,0000065770,10-K,2011-03-10,edgar/data/65770/0001136261-11-000126.txt
ENTERGY CORP /DE/,0000065984,10-K,2011-02-28,edgar/data/65984/0000065984-11-000033.txt
MIDDLESEX WATER CO,0000066004,10-K,2011-03-09,edgar/data/66004/0000914317-11-000359.txt
MILLER INDUSTRIES INC,0000066388,10-K,2011-01-24,edgar/data/66388/0001144204-11-003552.txt
MINE SAFETY APPLIANCES CO,0000066570,10-K,2011-02-28,edgar/data/66570/0001193125-11-050159.txt
MINES MANAGEMENT INC,0000066649,10-K,2011-03-31,edgar/data/66649/0001047469-11-002961.txt
3M CO,0000066740,10-K,2011-02-16,edgar/data/66740/0001104659-11-007845.txt
ALLETE INC,0000066756,10-K,2011-02-16,edgar/data/66756/0000066756-11-000029.txt
ENTERGY MISSISSIPPI INC,0000066901,10-K,2011-02-28,edgar/data/66901/0000065984-11-000033.txt
MISSISSIPPI POWER CO,0000066904,10-K,2011-02-25,edgar/data/66904/0000092122-11-000013.txt
MOCON INC,0000067279,10-K,2011-03-30,edgar/data/67279/0001047469-11-002893.txt
LIPIDVIRO TECH INC,0000006732,10-K,2011-03-23,edgar/data/6732/0001010412-11-000103.txt
MONARCH CEMENT CO,0000067517,10-K,2011-03-16,edgar/data/67517/0000067517-11-000009.txt
APACHE CORP,0000006769,10-K,2011-02-28,edgar/data/6769/0000950123-11-019900.txt
MDU RESOURCES GROUP INC,0000067716,10-K,2011-02-23,edgar/data/67716/0000067716-11-000021.txt
"Motorola Solutions, Inc.",0000068505,10-K,2011-02-18,edgar/data/68505/0001193125-11-039822.txt
QUESTAR GAS CO,0000068589,10-K,2011-03-01,edgar/data/68589/0000068589-11-000002.txt
QWEST CORP,0000068622,10-K,2011-02-22,edgar/data/68622/0001193125-11-041206.txt
APPALACHIAN POWER CO,0000006879,10-K,2011-02-25,edgar/data/6879/0000004904-11-000027.txt
STAGE STORES INC,0000006885,10-K,2011-03-30,edgar/data/6885/0000006885-11-000031.txt
MYERS INDUSTRIES INC,0000069488,10-K,2011-03-07,edgar/data/69488/0000950123-11-022696.txt
MYLAN INC.,0000069499,10-K,2011-02-24,edgar/data/69499/0000950123-11-017896.txt
NASH FINCH CO,0000069671,10-K,2011-03-03,edgar/data/69671/0000950123-11-021406.txt
FULTON FINANCIAL CORP,0000700564,10-K,2011-03-01,edgar/data/700564/0001193125-11-051784.txt
FIRST MID ILLINOIS BANCSHARES INC,0000700565,10-K,2011-03-03,edgar/data/700565/0000700565-11-000009.txt
AMERICAN MEDICAL ALERT CORP,0000700721,10-K,2011-03-31,edgar/data/700721/0001144204-11-019240.txt
NATIONAL PENN BANCSHARES INC,0000700733,10-K,2011-03-01,edgar/data/700733/0000950159-11-000151.txt
VICTORY ENERGY CORP,0000700764,10-K,2011-03-30,edgar/data/700764/0001144204-11-018063.txt
RCM TECHNOLOGIES INC,0000700841,10-K,2011-02-23,edgar/data/700841/0000700841-11-000004.txt
SUSQUEHANNA BANCSHARES INC,0000700863,10-K,2011-02-28,edgar/data/700863/0001193125-11-049771.txt
MYR GROUP INC.,0000700923,10-K,2011-03-08,edgar/data/700923/0001047469-11-001844.txt
CIGNA CORP,0000701221,10-K,2011-02-25,edgar/data/701221/0001308179-11-000024.txt
ATRION CORP,0000701288,10-K,2011-03-11,edgar/data/701288/0001157523-11-001534.txt
US AIRWAYS GROUP INC,0000701345,10-K,2011-02-23,edgar/data/701345/0000950123-11-017132.txt
CENTRAL PACIFIC FINANCIAL CORP,0000701347,10-K,2011-02-09,edgar/data/701347/0001104659-11-005945.txt
Six Flags Entertainment Corp,0000701374,10-K,2011-03-10,edgar/data/701374/0001047469-11-001989.txt
MENTOR GRAPHICS CORP,0000701811,10-K,2011-03-17,edgar/data/701811/0001193125-11-070158.txt
BANCORPSOUTH INC,0000701853,10-K,2011-02-28,edgar/data/701853/0000950123-11-019893.txt
INDEPENDENCE HOLDING CO,0000701869,10-K,2011-03-17,edgar/data/701869/0000701869-11-000008.txt
LIMITED BRANDS INC,0000701985,10-K,2011-03-18,edgar/data/701985/0001193125-11-071220.txt
NORFOLK SOUTHERN CORP,0000702165,10-K,2011-02-17,edgar/data/702165/0000702165-11-000047.txt
FIRST MIDWEST BANCORP INC,0000702325,10-K,2011-03-01,edgar/data/702325/0001193125-11-052317.txt
Bank of Commerce Holdings,0000702513,10-K,2011-03-04,edgar/data/702513/0000950123-11-021903.txt
REAL ESTATE ASSOCIATES LTD V,0000702644,10-K,2011-03-31,edgar/data/702644/0000711642-11-000087.txt
TENET HEALTHCARE CORP,0000070318,10-K,2011-02-25,edgar/data/70318/0001193125-11-046322.txt
FIRST FARMERS & MERCHANTS CORP,0000703329,10-K,2011-03-15,edgar/data/703329/0001104659-11-014244.txt
LSI CORP,0000703360,10-K,2011-02-28,edgar/data/703360/0000950123-11-019787.txt
LAWSON PRODUCTS INC/NEW/DE/,0000703604,10-K,2011-02-17,edgar/data/703604/0000950123-11-015230.txt
SOUTHERN MICHIGAN BANCORP INC,0000703699,10-K,2011-03-28,edgar/data/703699/0000905729-11-000061.txt
ARABIAN AMERICAN DEVELOPMENT CO,0000007039,10-K,2011-03-18,edgar/data/7039/0000007039-11-000009.txt
PAULSON CAPITAL CORP,0000704159,10-K,2011-03-10,edgar/data/704159/0001193125-11-062315.txt
GP STRATEGIES CORP,0000070415,10-K,2011-03-03,edgar/data/70415/0001104659-11-012030.txt
REALMARK PROPERTY INVESTORS LTD PARTNERSHIP II,0000704165,10-K,2011-03-31,edgar/data/704165/0001099910-11-000065.txt
"HEALTHWAYS, INC",0000704415,10-K,2011-03-15,edgar/data/704415/0000704415-11-000009.txt
NANOMETRICS INC,0000704532,10-K,2011-03-14,edgar/data/704532/0001193125-11-064498.txt
UNITED BANCORPORATION OF ALABAMA INC,0000704561,10-K,2011-03-29,edgar/data/704561/0001140361-11-019111.txt
NATIONAL RESEARCH CORP,0000070487,10-K,2011-03-25,edgar/data/70487/0001437749-11-001745.txt
SOUTHSIDE BANCSHARES INC,0000705432,10-K,2011-03-07,edgar/data/705432/0000705432-11-000020.txt
CENTURY PROPERTIES FUND XIX,0000705752,10-K,2011-03-25,edgar/data/705752/0000711642-11-000066.txt
HORIZON BANCORP /IN/,0000706129,10-K,2011-03-11,edgar/data/706129/0000950123-11-024765.txt
HENRY COUNTY BANCSHARES INC,0000706465,10-K,2011-03-30,edgar/data/706465/0001387131-11-000480.txt
AARON'S INC,0000706688,10-K,2011-02-25,edgar/data/706688/0000950123-11-018548.txt
UTAH MEDICAL PRODUCTS INC,0000706698,10-K,2011-03-03,edgar/data/706698/0001096906-11-000415.txt
NATIONAL WESTERN LIFE INSURANCE CO,0000070684,10-K,2011-03-16,edgar/data/70684/0000070684-11-000006.txt
UNION BANKSHARES INC,0000706863,10-K,2011-03-28,edgar/data/706863/0001445305-11-000562.txt
PALMETTO BANCSHARES INC,0000706874,10-K,2011-02-28,edgar/data/706874/0001193125-11-049759.txt
OLD NATIONAL BANCORP /IN/,0000707179,10-K,2011-02-25,edgar/data/707179/0000950123-11-018495.txt
DIGIRAD CORP,0000707388,10-K,2011-03-09,edgar/data/707388/0001193125-11-059527.txt
REGENERX BIOPHARMACEUTICALS INC,0000707511,10-K,2011-03-31,edgar/data/707511/0000950123-11-031468.txt
BRITTON & KOONTZ CAPITAL CORP,0000707604,10-K,2011-03-22,edgar/data/707604/0000707604-11-000012.txt
AMERISERV FINANCIAL INC /PA/,0000707605,10-K,2011-03-07,edgar/data/707605/0001193125-11-057325.txt
PRINCETON NATIONAL BANCORP INC,0000707855,10-K,2011-03-30,edgar/data/707855/0000897101-11-000546.txt
UNITED COMMUNITY FINANCIAL CORP,0000707886,10-K,2011-03-25,edgar/data/707886/0000950123-11-029247.txt
BANK OF AMERICA CORP /DE/,0000070858,10-K,2011-02-25,edgar/data/70858/0000950123-11-018743.txt
NCR CORP,0000070866,10-K,2011-02-25,edgar/data/70866/0001193125-11-045769.txt
CASS INFORMATION SYSTEMS INC,0000708781,10-K,2011-03-10,edgar/data/708781/0001144204-11-014006.txt
MCDERMOTT INTERNATIONAL INC,0000708819,10-K,2011-03-01,edgar/data/708819/0001193125-11-052219.txt
PAR TECHNOLOGY CORP,0000708821,10-K,2011-03-16,edgar/data/708821/0000708821-11-000006.txt
NATIONAL PROPERTY INVESTORS 6,0000708870,10-K,2011-03-25,edgar/data/708870/0000711642-11-000068.txt
FIRST FINANCIAL BANCORP /OH/,0000708955,10-K,2011-02-28,edgar/data/708955/0001144204-11-011533.txt
NOBLE ROMANS INC,0000709005,10-K,2011-03-16,edgar/data/709005/0000926274-11-000014.txt
TEXTRON FINANCIAL CORP,0000709255,10-K,2011-03-01,edgar/data/709255/0000950123-11-020273.txt
FARMERS NATIONAL BANC CORP /OH/,0000709337,10-K,2011-03-14,edgar/data/709337/0000950123-11-025149.txt
UNIVERSAL AMERICAN CORP.,0000709878,10-K,2011-03-01,edgar/data/709878/0001047469-11-001585.txt
Wilber CORP,0000709942,10-K,2011-03-29,edgar/data/709942/0000914317-11-000452.txt
"FIRST BANKS, INC",0000710507,10-K,2011-03-25,edgar/data/710507/0001445116-11-000008.txt
SABINE ROYALTY TRUST,0000710752,10-K,2011-03-01,edgar/data/710752/0000950123-11-020729.txt
THUNDER MOUNTAIN GOLD INC,0000711034,10-K,2011-03-25,edgar/data/711034/0001052918-11-000122.txt
DEL TACO RESTAURANT PROPERTIES I,0000711213,10-K,2011-03-30,edgar/data/711213/0000950123-11-030336.txt
KIEWIT ROYALTY TRUST,0000711477,10-K,2011-03-28,edgar/data/711477/0001193125-11-079847.txt
BOEING CAPITAL CORP,0000711513,10-K,2011-02-09,edgar/data/711513/0001193125-11-028497.txt
PHOTOMEDEX INC,0000711665,10-K,2011-03-31,edgar/data/711665/0000711665-11-000006.txt
COLONY BANKCORP INC,0000711669,10-K,2011-03-15,edgar/data/711669/0001140361-11-016882.txt
NEVADA POWER CO,0000071180,10-K,2011-02-28,edgar/data/71180/0000741508-11-000015.txt
ACCO BRANDS CORP,0000712034,10-K,2011-02-24,edgar/data/712034/0001193125-11-045429.txt
FIRST MERCHANTS CORP,0000712534,10-K,2011-03-16,edgar/data/712534/0000712534-11-000012.txt
FIRST COMMONWEALTH FINANCIAL CORP /PA/,0000712537,10-K,2011-03-03,edgar/data/712537/0001193125-11-055170.txt
ONE LIBERTY PROPERTIES INC,0000712770,10-K,2011-03-16,edgar/data/712770/0001047469-11-002212.txt
CENTER BANCORP INC,0000712771,10-K,2011-03-16,edgar/data/712771/0001144204-11-015184.txt
FARMERS CAPITAL BANK CORP,0000713095,10-K,2011-03-11,edgar/data/713095/0001437749-11-001488.txt
PHARMOS CORP,0000713275,10-K,2011-02-17,edgar/data/713275/0000713275-11-000003.txt
DNB FINANCIAL CORP /PA/,0000713671,10-K,2011-03-22,edgar/data/713671/0001047469-11-002465.txt
PNC FINANCIAL SERVICES GROUP INC,0000713676,10-K,2011-03-01,edgar/data/713676/0001193125-11-051725.txt
SORL Auto Parts Inc,0000714284,10-K,2011-03-29,edgar/data/714284/0001144204-11-017962.txt
VALLEY NATIONAL BANCORP,0000714310,10-K,2011-03-01,edgar/data/714310/0001193125-11-050288.txt
INTERNATIONAL LEASE FINANCE CORP,0000714311,10-K,2011-03-09,edgar/data/714311/0000950123-11-023360.txt
"GERMAN AMERICAN BANCORP, INC.",0000714395,10-K,2011-03-11,edgar/data/714395/0001144204-11-014313.txt
NEWBRIDGE BANCORP,0000714530,10-K,2011-03-24,edgar/data/714530/0000950123-11-028658.txt
US AIRWAYS INC,0000714560,10-K,2011-02-23,edgar/data/714560/0000950123-11-017132.txt
FIRST FINANCIAL CORP /IN/,0000714562,10-K,2011-03-15,edgar/data/714562/0000950123-11-025506.txt
DST SYSTEMS INC,0000714603,10-K,2011-02-28,edgar/data/714603/0001047469-11-001554.txt
JUNIATA VALLEY FINANCIAL CORP,0000714712,10-K,2011-03-15,edgar/data/714712/0000950123-11-025468.txt
RENASANT CORP,0000715072,10-K,2011-03-09,edgar/data/715072/0001193125-11-061017.txt
ENTERGY NEW ORLEANS INC,0000071508,10-K,2011-02-28,edgar/data/71508/0000065984-11-000033.txt
COPYTELE INC,0000715446,10-K,2011-02-14,edgar/data/715446/0001157523-11-000826.txt
REAL ESTATE ASSOCIATES LTD VI,0000715578,10-K,2011-03-31,edgar/data/715578/0000711642-11-000092.txt
ACNB CORP,0000715579,10-K,2011-03-11,edgar/data/715579/0001047469-11-002026.txt
NEW ULM TELECOM INC,0000071557,10-K,2011-03-28,edgar/data/71557/0000897101-11-000528.txt
INTERFACE INC,0000715787,10-K,2011-03-17,edgar/data/715787/0000950123-11-026312.txt
DOMINION RESOURCES INC /VA/,0000715957,10-K,2011-02-28,edgar/data/715957/0001193125-11-049905.txt
YRC Worldwide Inc.,0000716006,10-K,2011-03-14,edgar/data/716006/0001193125-11-066014.txt
CINCINNATI BELL INC,0000716133,10-K,2011-02-28,edgar/data/716133/0001193125-11-048808.txt
PENNS WOODS BANCORP INC,0000716605,10-K,2011-03-10,edgar/data/716605/0001104659-11-013523.txt
READING INTERNATIONAL INC,0000716634,10-K,2011-03-16,edgar/data/716634/0000716634-11-000002.txt
NEW YORK TIMES CO,0000071691,10-K,2011-02-22,edgar/data/71691/0001193125-11-042247.txt
WEST COAST BANCORP /NEW/OR/,0000717059,10-K,2011-03-10,edgar/data/717059/0001206774-11-000474.txt
MURPHY OIL CORP /DE,0000717423,10-K,2011-02-28,edgar/data/717423/0001193125-11-049276.txt
ARROW FINANCIAL CORP,0000717538,10-K,2011-03-10,edgar/data/717538/0000717538-11-000020.txt
HEXCEL CORP /DE/,0000717605,10-K,2011-02-10,edgar/data/717605/0001104659-11-006385.txt
UNITED SECURITY BANCSHARES INC,0000717806,10-K,2011-03-15,edgar/data/717806/0001193125-11-066031.txt
NEWPARK RESOURCES INC,0000071829,10-K,2011-03-08,edgar/data/71829/0000950123-11-023189.txt
COMMUNITY BANCORP /VT,0000718413,10-K,2011-03-28,edgar/data/718413/0000718413-11-000036.txt
SHUFFLE MASTER INC,0000718789,10-K,2011-01-13,edgar/data/718789/0001437749-11-000225.txt
"Activision Blizzard, Inc.",0000718877,10-K,2011-02-25,edgar/data/718877/0001047469-11-001413.txt
STAAR SURGICAL CO,0000718937,10-K,2011-03-02,edgar/data/718937/0001144204-11-012356.txt
BOVIE MEDICAL CORP,0000719135,10-K,2011-03-31,edgar/data/719135/0001140361-11-019571.txt
SCHAWK INC,0000719164,10-K,2011-03-09,edgar/data/719164/0000719164-11-000004.txt
CONSOLIDATED CAPITAL INSTITUTIONAL PROPERTIES 2,0000719184,10-K,2011-03-25,edgar/data/719184/0000711642-11-000063.txt
ISRAMCO INC,0000719209,10-K,2011-03-11,edgar/data/719209/0001185185-11-000284.txt
S&T BANCORP INC,0000719220,10-K,2011-03-16,edgar/data/719220/0001193125-11-067531.txt
FIRST CITIZENS BANCSHARES INC /TN/,0000719264,10-K,2011-03-15,edgar/data/719264/0001138560-11-000013.txt
FIRST NATIONAL CORP /VA/,0000719402,10-K,2011-03-24,edgar/data/719402/0001193125-11-076396.txt
HECLA MINING CO/DE/,0000719413,10-K,2011-02-25,edgar/data/719413/0001437749-11-001070.txt
PHOTONIC PRODUCTS GROUP INC,0000719494,10-K,2011-03-31,edgar/data/719494/0001144204-11-018856.txt
DSI REALTY INCOME FUND VII,0000719581,10-K,2011-03-31,edgar/data/719581/0000318835-11-000025.txt
HERITAGE BANKSHARES INC /VA,0000719731,10-K,2011-03-28,edgar/data/719731/0001193125-11-079966.txt
SVB FINANCIAL GROUP,0000719739,10-K,2011-02-25,edgar/data/719739/0001193125-11-047635.txt
WILLIAMS SONOMA INC,0000719955,10-K,2011-03-31,edgar/data/719955/0001193125-11-085046.txt
MAINSOURCE FINANCIAL GROUP,0000720002,10-K,2011-03-10,edgar/data/720002/0001047469-11-001987.txt
BIOANALYTICAL SYSTEMS INC,0000720154,10-K,2011-01-12,edgar/data/720154/0001144204-11-001921.txt
NICOR INC,0000072020,10-K,2011-02-24,edgar/data/72020/0000110104-11-000003.txt
ANGELES PARTNERS XII,0000720392,10-K,2011-03-25,edgar/data/720392/0000711642-11-000067.txt
STIFEL FINANCIAL CORP,0000720672,10-K,2011-02-28,edgar/data/720672/0000720672-11-000042.txt
INVESTORS TITLE CO,0000720858,10-K,2011-03-09,edgar/data/720858/0001157523-11-001475.txt
CCA INDUSTRIES INC,0000721447,10-K,2011-02-28,edgar/data/721447/0001140361-11-012718.txt
NL INDUSTRIES INC,0000072162,10-K,2011-03-07,edgar/data/72162/0000059255-11-000068.txt
TOTAL SYSTEM SERVICES INC,0000721683,10-K,2011-02-28,edgar/data/721683/0000950123-11-019027.txt
CHINA RECYCLING ENERGY CORP,0000721693,10-K,2011-03-31,edgar/data/721693/0001144204-11-018945.txt
LAKELAND FINANCIAL CORP,0000721994,10-K,2011-03-07,edgar/data/721994/0000721994-11-000011.txt
NOBLE ENERGY INC,0000072207,10-K,2011-02-10,edgar/data/72207/0001140361-11-007888.txt
SAVIENT PHARMACEUTICALS INC,0000722104,10-K,2011-03-01,edgar/data/722104/0001193125-11-051607.txt
HUDSON VALLEY HOLDING CORP,0000722256,10-K,2011-03-16,edgar/data/722256/0000950123-11-025972.txt
NORTECH SYSTEMS INC,0000722313,10-K,2011-03-11,edgar/data/722313/0001047469-11-002025.txt
REAL ESTATE ASSOCIATES LTD VII,0000722648,10-K,2011-03-31,edgar/data/722648/0000711642-11-000091.txt
HANGER ORTHOPEDIC GROUP INC,0000722723,10-K,2011-03-11,edgar/data/722723/0001047469-11-002064.txt
NORD RESOURCES CORP,0000072316,10-K,2011-03-31,edgar/data/72316/0001062993-11-001259.txt
COMMUNITY BANK SYSTEM INC,0000723188,10-K,2011-03-15,edgar/data/723188/0000723188-11-000025.txt
NORDSTROM INC,0000072333,10-K,2011-03-18,edgar/data/72333/0001193125-11-071211.txt
STATE BANCORP INC,0000723458,10-K,2011-03-10,edgar/data/723458/0001171200-11-000217.txt
EXPERTELLIGENCE INC,0000723533,10-K,2011-01-13,edgar/data/723533/0001213900-11-000145.txt
FIRST CENTURY BANKSHARES INC,0000723594,10-K,2011-03-25,edgar/data/723594/0001193125-11-077478.txt
"AVIS BUDGET GROUP, INC.",0000723612,10-K,2011-02-24,edgar/data/723612/0001193125-11-045409.txt
FRANKLIN FINANCIAL SERVICES CORP /PA/,0000723646,10-K,2011-03-11,edgar/data/723646/0001144204-11-014353.txt
NABI BIOPHARMACEUTICALS,0000072444,10-K,2011-03-08,edgar/data/72444/0001193125-11-059378.txt
PANERA BREAD CO,0000724606,10-K,2011-02-22,edgar/data/724606/0000950123-11-016619.txt
MERISEL INC /DE/,0000724941,10-K,2011-03-15,edgar/data/724941/0001437749-11-001556.txt
"PC GROUP, INC.",0000725460,10-K,2011-03-23,edgar/data/725460/0001144204-11-016453.txt
SECURITY CAPITAL CORP/MS,0000725537,10-K,2011-03-15,edgar/data/725537/0000725537-11-000011.txt
GATEWAY INDUSTRIES INC /DE/,0000725876,10-K,2011-02-08,edgar/data/725876/0000921895-11-000209.txt
"WINDGEN ENERGY, INC.",0000726037,10-K,2011-03-31,edgar/data/726037/0001076542-11-000033.txt
MERCHANTS BANCSHARES INC,0000726517,10-K,2011-03-15,edgar/data/726517/0000950156-11-000037.txt
CAPITAL CITY BANK GROUP INC,0000726601,10-K,2011-03-07,edgar/data/726601/0000726601-11-000007.txt
REALTY INCOME CORP,0000726728,10-K,2011-02-10,edgar/data/726728/0000726728-11-000013.txt
CITY HOLDING CO,0000726854,10-K,2011-03-08,edgar/data/726854/0000726854-11-000010.txt
CADIZ INC,0000727273,10-K,2011-03-16,edgar/data/727273/0000727273-11-000003.txt
NORTHEAST UTILITIES,0000072741,10-K,2011-02-25,edgar/data/72741/0000072741-11-000025.txt
ENZON PHARMACEUTICALS INC,0000727510,10-K,2011-03-16,edgar/data/727510/0000930413-11-001936.txt
APACHE OFFSHORE INVESTMENT PARTNERSHIP,0000727538,10-K,2011-02-28,edgar/data/727538/0000950123-11-019929.txt
COMMUNICATION INTELLIGENCE CORP,0000727634,10-K,2011-03-30,edgar/data/727634/0000727634-11-000009.txt
SPECTRASCIENCE INC,0000727672,10-K,2011-03-31,edgar/data/727672/0001144204-11-019052.txt
RIVERSOURCE LIFE INSURANCE CO,0000727892,10-K,2011-02-23,edgar/data/727892/0001104659-11-009367.txt
AXA EQUITABLE LIFE INSURANCE CO,0000727920,10-K,2011-03-10,edgar/data/727920/0000089024-11-000130.txt
INTERPHASE CORP,0000728249,10-K,2011-03-21,edgar/data/728249/0000950123-11-027384.txt
COAST DISTRIBUTION SYSTEM INC,0000728303,10-K,2011-03-31,edgar/data/728303/0001193125-11-084885.txt
SUTRON CORP,0000728331,10-K,2011-03-31,edgar/data/728331/0001072613-11-000351.txt
"IPALCO ENTERPRISES, INC.",0000728391,10-K,2011-02-28,edgar/data/728391/0000728391-11-000005.txt
MINN SHARES INC,0000728447,10-K,2011-03-28,edgar/data/728447/0001144204-11-017693.txt
KENT INTERNATIONAL HOLDINGS INC,0000728478,10-K,2011-03-18,edgar/data/728478/0001140361-11-017677.txt
HUNT J B TRANSPORT SERVICES INC,0000728535,10-K,2011-02-25,edgar/data/728535/0001437749-11-001088.txt
ARIZONA PUBLIC SERVICE CO,0000007286,10-K,2011-02-18,edgar/data/7286/0000950123-11-015421.txt
XCEL ENERGY INC,0000072903,10-K,2011-02-28,edgar/data/72903/0001140361-11-012444.txt
NORTHERN STATES POWER CO /WI/,0000072909,10-K,2011-02-28,edgar/data/72909/0001140361-11-012618.txt
NORTEL NETWORKS CORP,0000072911,10-K,2011-03-04,edgar/data/72911/0001193125-11-056204.txt
PARKWAY PROPERTIES INC,0000729237,10-K,2011-03-04,edgar/data/729237/0000729237-11-000015.txt
BEL FUSE INC /NJ,0000729580,10-K,2011-03-11,edgar/data/729580/0000729580-11-000009.txt
WELLS FARGO & CO/MN,0000072971,10-K,2011-02-25,edgar/data/72971/0000950123-11-018541.txt
UNITED BANKSHARES INC/WV,0000729986,10-K,2011-02-25,edgar/data/729986/0001193125-11-046998.txt
NORTHWEST NATURAL GAS CO,0000073020,10-K,2011-02-25,edgar/data/73020/0000073020-11-000003.txt
SEACOAST BANKING CORP OF FLORIDA,0000730708,10-K,2011-03-15,edgar/data/730708/0000950123-11-025387.txt
NORTHWESTERN CORP,0000073088,10-K,2011-02-11,edgar/data/73088/0000073088-11-000011.txt
HEALTHCARE SERVICES GROUP INC,0000731012,10-K,2011-02-18,edgar/data/731012/0000950123-11-015770.txt
CCFNB BANCORP INC,0000731122,10-K,2011-03-08,edgar/data/731122/0000950123-11-022973.txt
NATIONAL HOUSING PARTNERSHIP REALTY FUND I,0000731131,10-K,2011-03-29,edgar/data/731131/0000711642-11-000083.txt
PRESIDENTIAL REALTY CORP/DE/,0000731245,10-K,2011-03-31,edgar/data/731245/0001144204-11-018693.txt
NORTHERN TRUST CORP,0000073124,10-K,2011-02-25,edgar/data/73124/0001193125-11-047592.txt
PACCAR FINANCIAL CORP,0000731288,10-K,2011-03-01,edgar/data/731288/0001193125-11-051776.txt
UNITED BANCORP INC /OH/,0000731653,10-K,2011-03-25,edgar/data/731653/0001144204-11-017167.txt
SPIRE CORP,0000731657,10-K,2011-03-15,edgar/data/731657/0001445305-11-000421.txt
SILVERADO GOLD MINES LTD,0000731727,10-K,2011-03-15,edgar/data/731727/0001062993-11-000986.txt
UNITEDHEALTH GROUP INC,0000731766,10-K,2011-02-10,edgar/data/731766/0001193125-11-030615.txt
AMPAL-AMERICAN ISRAEL CORP,0000731859,10-K,2011-03-17,edgar/data/731859/0001178913-11-000808.txt
TEMPLE INLAND INC,0000731939,10-K,2011-02-22,edgar/data/731939/0000731939-11-000015.txt
ENTERGY ARKANSAS INC,0000007323,10-K,2011-02-28,edgar/data/7323/0000065984-11-000033.txt
HILLS BANCORPORATION,0000732417,10-K,2011-03-10,edgar/data/732417/0000732417-11-000005.txt
GENZYME CORP,0000732485,10-K,2011-03-01,edgar/data/732485/0000950123-11-020797.txt
VERIZON COMMUNICATIONS INC,0000732712,10-K,2011-02-28,edgar/data/732712/0001193125-11-049476.txt
AT&T INC.,0000732717,10-K,2011-03-01,edgar/data/732717/0000732717-11-000014.txt
CONTINENTAL RESOURCES INC,0000732834,10-K,2011-02-25,edgar/data/732834/0001193125-11-046209.txt
MetLife Insurance CO of Connecticut,0000733076,10-K,2011-03-23,edgar/data/733076/0000950123-11-028296.txt
NUCOR CORP,0000073309,10-K,2011-02-28,edgar/data/73309/0001193125-11-049351.txt
SOUTHWESTERN ENERGY CO,0000007332,10-K,2011-02-25,edgar/data/7332/0000007332-11-000003.txt
RECEIVABLE ACQUISITION & MANAGEMENT CORP,0000733337,10-K,2011-01-12,edgar/data/733337/0001144204-11-001901.txt
TRANSCONTINENTAL REALTY INVESTORS INC,0000733590,10-K,2011-03-31,edgar/data/733590/0001193125-11-084653.txt
DRAYTON RICHDALE CORP,0000734089,10-K,2011-03-14,edgar/data/734089/0000734089-11-000004.txt
"ALCO, INC.",0000734543,10-K,2011-03-30,edgar/data/734543/0001137050-11-000067.txt
INTRUSION INC,0000736012,10-K,2011-03-29,edgar/data/736012/0001104659-11-017369.txt
CNB FINANCIAL CORP/PA,0000736772,10-K,2011-03-04,edgar/data/736772/0001193125-11-056067.txt
"Marina Biotech, Inc.",0000737207,10-K,2011-03-23,edgar/data/737207/0001193125-11-075247.txt
LNB BANCORP INC,0000737210,10-K,2011-03-11,edgar/data/737210/0000950123-11-024546.txt
COVER ALL TECHNOLOGIES INC,0000737300,10-K,2011-03-24,edgar/data/737300/0001145443-11-000349.txt
WASHINGTON TRUST BANCORP INC,0000737468,10-K,2011-03-08,edgar/data/737468/0000737468-11-000017.txt
OCEANEERING INTERNATIONAL INC,0000073756,10-K,2011-02-25,edgar/data/73756/0001193125-11-046600.txt
FIRST KEYSTONE CORP,0000737875,10-K,2011-03-16,edgar/data/737875/0001144204-11-015179.txt
CITIZENS FINANCIAL SERVICES INC,0000739421,10-K,2011-03-10,edgar/data/739421/0000739421-11-000019.txt
OHIO EDISON CO,0000073960,10-K,2011-02-16,edgar/data/73960/0000950123-11-014700.txt
CLEAR CHANNEL COMMUNICATIONS INC,0000739708,10-K,2011-02-14,edgar/data/739708/0001193125-11-033755.txt
OHIO POWER CO,0000073986,10-K,2011-02-25,edgar/data/73986/0000004904-11-000035.txt
"KID BRANDS, INC",0000739878,10-K,2011-03-31,edgar/data/739878/0000950123-11-031633.txt
MEDTOX SCIENTIFIC INC,0000739944,10-K,2011-03-14,edgar/data/739944/0000739944-11-000007.txt
CENTURY PROPERTIES GROWTH FUND XXII,0000740156,10-K,2011-03-25,edgar/data/740156/0000711642-11-000061.txt
VENTAS INC,0000740260,10-K,2011-02-18,edgar/data/740260/0000950123-11-015746.txt
NVCN CORP,0000740571,10-K,2011-01-14,edgar/data/740571/0001023175-11-000018.txt
NVCN CORP,0000740571,10-K,2011-02-25,edgar/data/740571/0001023175-11-000072.txt
FIRST OF LONG ISLAND CORP,0000740663,10-K,2011-03-16,edgar/data/740663/0001140361-11-016980.txt
R F INDUSTRIES LTD,0000740664,10-K,2011-01-12,edgar/data/740664/0001144204-11-001882.txt
MICHAELS STORES INC,0000740670,10-K,2011-03-24,edgar/data/740670/0001104659-11-016449.txt
KAYDON CORP,0000740694,10-K,2011-02-25,edgar/data/740694/0000950123-11-018359.txt
BROADCAST INTERNATIONAL INC,0000740726,10-K,2011-03-31,edgar/data/740726/0001023175-11-000157.txt
BUCYRUS INTERNATIONAL INC,0000740761,10-K,2011-03-01,edgar/data/740761/0001193125-11-052284.txt
F&M BANK CORP,0000740806,10-K,2011-03-30,edgar/data/740806/0000950123-11-030505.txt
TOWER BANCORP INC,0000740942,10-K,2011-03-16,edgar/data/740942/0001193125-11-068823.txt
OLD POINT FINANCIAL CORP,0000740971,10-K,2011-03-11,edgar/data/740971/0001140361-11-015916.txt
OKLAHOMA GAS & ELECTRIC CO,0000074145,10-K,2011-02-17,edgar/data/74145/0000074145-11-000004.txt
"NV ENERGY, INC.",0000741508,10-K,2011-02-28,edgar/data/741508/0000741508-11-000015.txt
AMERICAN NATIONAL BANKSHARES INC,0000741516,10-K,2011-03-11,edgar/data/741516/0000741516-11-000011.txt
APPLIED SIGNAL TECHNOLOGY INC,0000741696,10-K,2011-01-13,edgar/data/741696/0000741696-11-000002.txt
HOOPER HOLMES INC,0000741815,10-K,2011-03-14,edgar/data/741815/0000741815-11-000011.txt
"UDR, Inc.",0000074208,10-K,2011-02-23,edgar/data/74208/0000950123-11-017187.txt
INVACARE CORP,0000742112,10-K,2011-02-25,edgar/data/742112/0001193125-11-046991.txt
"US ECOLOGY, INC.",0000742126,10-K,2011-03-15,edgar/data/742126/0001019687-11-000867.txt
RPC INC,0000742278,10-K,2011-03-04,edgar/data/742278/0001188112-11-000495.txt
XETA TECHNOLOGIES INC,0000742550,10-K,2011-01-25,edgar/data/742550/0000950123-11-004920.txt
OLD REPUBLIC INTERNATIONAL CORP,0000074260,10-K,2011-02-28,edgar/data/74260/0000074260-11-000019.txt
OLIN CORP,0000074303,10-K,2011-02-24,edgar/data/74303/0000074303-11-000012.txt
ARMSTRONG WORLD INDUSTRIES INC,0000007431,10-K,2011-02-28,edgar/data/7431/0000950123-11-019272.txt
SPARTAN MOTORS INC,0000743238,10-K,2011-03-15,edgar/data/743238/0001437749-11-001544.txt
DSI REALTY INCOME FUND VIII,0000743366,10-K,2011-03-31,edgar/data/743366/0000318835-11-000021.txt
BAR HARBOR BANKSHARES,0000743367,10-K,2011-03-16,edgar/data/743367/0000743367-11-000097.txt
RANCON REALTY FUND IV,0000743870,10-K,2011-03-29,edgar/data/743870/0001193125-11-080898.txt
"Celldex Therapeutics, Inc.",0000744218,10-K,2011-03-09,edgar/data/744218/0001047469-11-001901.txt
GREAT WEST LIFE & ANNUITY INSURANCE CO,0000744455,10-K,2011-03-31,edgar/data/744455/0001104659-11-017935.txt
NORTHERN STATES FINANCIAL CORP /DE/,0000744485,10-K,2011-03-02,edgar/data/744485/0001140361-11-013429.txt
OXFORD RESIDENTIAL PROPERTIES I LTD PARTNERSHIP,0000744786,10-K,2011-03-28,edgar/data/744786/0000711642-11-000076.txt
AMERICAN SHARED HOSPITAL SERVICES,0000744825,10-K,2011-03-31,edgar/data/744825/0001144204-11-018922.txt
ST JOE CO,0000745308,10-K,2011-03-03,edgar/data/745308/0000950123-11-021364.txt
HCW PENSION REAL ESTATE FUND LTD PARTNERSHIP,0000745538,10-K,2011-03-28,edgar/data/745538/0000711642-11-000075.txt
SUN LIFE ASSURANCE CO OF CANADA US,0000745544,10-K,2011-03-29,edgar/data/745544/0000745544-11-000251.txt
"ADVANCED BATTERY TECHNOLOGIES, INC.",0000745651,10-K,2011-03-16,edgar/data/745651/0001096906-11-000507.txt
ROSS STORES INC,0000745732,10-K,2011-03-29,edgar/data/745732/0001206774-11-000627.txt
MIDSOUTH BANCORP INC,0000745981,10-K,2011-03-16,edgar/data/745981/0000745981-11-000013.txt
GLOWPOINT INC,0000746210,10-K,2011-03-16,edgar/data/746210/0001415889-11-000137.txt
NEW ENGLAND REALTY ASSOCIATES LIMITED PARTNERSHIP,0000746514,10-K,2011-03-07,edgar/data/746514/0001047469-11-001788.txt
EXPEDITORS INTERNATIONAL OF WASHINGTON INC,0000746515,10-K,2011-02-28,edgar/data/746515/0001193125-11-049764.txt
PARTICLE DRILLING TECHNOLOGIES INC/NV,0000746631,10-K,2011-03-31,edgar/data/746631/0001091818-11-000140.txt
NGAS Resources Inc,0000746834,10-K,2011-03-01,edgar/data/746834/0000950123-11-020710.txt
UNISYS CORP,0000746838,10-K,2011-02-22,edgar/data/746838/0001193125-11-041209.txt
OPT SCIENCES CORP,0000074688,10-K,2011-01-25,edgar/data/74688/0000074688-11-000002.txt
DALECO RESOURCES CORP,0000746967,10-K,2011-01-13,edgar/data/746967/0001144204-11-002106.txt
JMB 245 PARK AVENUE ASSOCIATES LTD,0000747159,10-K,2011-03-15,edgar/data/747159/0000892626-11-000031.txt
SURGE COMPONENTS INC,0000747540,10-K,2011-02-28,edgar/data/747540/0001013762-11-000505.txt
VERAMARK TECHNOLOGIES INC,0000747605,10-K,2011-03-29,edgar/data/747605/0000950123-11-030050.txt
SEALY CORP,0000748015,10-K,2011-01-21,edgar/data/748015/0001047469-11-000234.txt
ORBIT INTERNATIONAL CORP,0000074818,10-K,2011-03-31,edgar/data/74818/0000074818-11-000010.txt
NTN BUZZTIME INC,0000748592,10-K,2011-03-25,edgar/data/748592/0001019687-11-000960.txt
NPC INTERNATIONAL INC,0000748714,10-K,2011-02-22,edgar/data/748714/0001193125-11-041227.txt
"Global Clean Energy Holdings, Inc.",0000748790,10-K,2011-03-25,edgar/data/748790/0001144204-11-017200.txt
DEL TACO RESTAURANT PROPERTIES II,0000749153,10-K,2011-03-30,edgar/data/749153/0000950123-11-030337.txt
GARTNER INC,0000749251,10-K,2011-02-15,edgar/data/749251/0000950123-11-014318.txt
"Access to Money, Inc.",0000749254,10-K,2011-03-28,edgar/data/749254/0001144204-11-017646.txt
Celsion CORP,0000749647,10-K,2011-03-28,edgar/data/749647/0000890163-11-000043.txt
ICAD INC,0000749660,10-K,2011-03-31,edgar/data/749660/0001144204-11-018493.txt
WINLAND ELECTRONICS INC,0000749935,10-K,2011-03-31,edgar/data/749935/0001140361-11-019625.txt
SCIENTIFIC GAMES CORP,0000750004,10-K,2011-03-01,edgar/data/750004/0001047469-11-001634.txt
WESTBRIDGE RESEARCH GROUP,0000750150,10-K,2011-02-28,edgar/data/750150/0001019687-11-000659.txt
ENERGY PARTNERS LTD,0000750199,10-K,2011-03-03,edgar/data/750199/0001193125-11-054871.txt
HOUSING PROGRAMS LTD,0000750304,10-K,2011-03-31,edgar/data/750304/0000711642-11-000089.txt
SUNTRUST BANKS INC,0000750556,10-K,2011-02-25,edgar/data/750556/0001193125-11-046750.txt
QNB CORP,0000750558,10-K,2011-03-30,edgar/data/750558/0001144204-11-018309.txt
AUBURN NATIONAL BANCORPORATION INC,0000750574,10-K,2011-03-29,edgar/data/750574/0001193125-11-081356.txt
HANCOCK HOLDING CO,0000750577,10-K,2011-02-28,edgar/data/750577/0001193125-11-050016.txt
CAMDEN NATIONAL CORP,0000750686,10-K,2011-03-02,edgar/data/750686/0001144204-11-012353.txt
SEITEL INC,0000750813,10-K,2011-03-16,edgar/data/750813/0001193125-11-068664.txt
"NATIONAL RETAIL PROPERTIES, INC.",0000751364,10-K,2011-02-24,edgar/data/751364/0001193125-11-045441.txt
QUESTAR CORP,0000751652,10-K,2011-03-01,edgar/data/751652/0000751652-11-000008.txt
CALIFORNIA STEEL INDUSTRIES INC,0000751799,10-K,2011-03-23,edgar/data/751799/0001193125-11-075101.txt
VICOR CORP,0000751978,10-K,2011-03-03,edgar/data/751978/0000950123-11-021734.txt
OVERSEAS SHIPHOLDING GROUP INC,0000075208,10-K,2011-03-01,edgar/data/75208/0001144204-11-011868.txt
ELECTRONIC SYSTEMS TECHNOLOGY INC,0000752294,10-K,2011-03-23,edgar/data/752294/0001052918-11-000108.txt
OWENS & MINOR INC/VA/,0000075252,10-K,2011-02-25,edgar/data/75252/0001193125-11-047429.txt
"UMH PROPERTIES, INC.",0000752642,10-K,2011-03-11,edgar/data/752642/0000752642-11-000006.txt
MCGRATH RENTCORP,0000752714,10-K,2011-02-25,edgar/data/752714/0001193125-11-047378.txt
OXFORD INDUSTRIES INC,0000075288,10-K,2011-03-31,edgar/data/75288/0001047469-11-002966.txt
"AXION INTERNATIONAL HOLDINGS, INC.",0000753048,10-K,2011-01-12,edgar/data/753048/0001144204-11-001984.txt
NEXTERA ENERGY INC,0000753308,10-K,2011-02-28,edgar/data/753308/0000753308-11-000025.txt
P&F INDUSTRIES INC,0000075340,10-K,2011-03-31,edgar/data/75340/0001144204-11-019026.txt
PACCAR INC,0000075362,10-K,2011-03-01,edgar/data/75362/0001193125-11-051678.txt
ARROW ELECTRONICS INC,0000007536,10-K,2011-02-02,edgar/data/7536/0001144204-11-005380.txt
MEDIZONE INTERNATIONAL INC,0000753772,10-K,2011-02-10,edgar/data/753772/0001179350-11-000015.txt
SUFFOLK BANCORP,0000754673,10-K,2011-03-15,edgar/data/754673/0001193125-11-067149.txt
SCANA CORP,0000754737,10-K,2011-03-01,edgar/data/754737/0001047469-11-001603.txt
PACIFIC GAS & ELECTRIC Co,0000075488,10-K,2011-02-17,edgar/data/75488/0001193125-11-038963.txt
UNITIL CORP,0000755001,10-K,2011-02-03,edgar/data/755001/0001193125-11-022690.txt
PACIFIC ENTERPRISES INC,0000075527,10-K,2011-02-24,edgar/data/75527/0000086521-11-000017.txt
"PONIARD PHARMACEUTICALS, INC.",0000755806,10-K,2011-03-30,edgar/data/755806/0001193125-11-082965.txt
PACIFICORP /OR/,0000075594,10-K,2011-02-28,edgar/data/75594/0000075594-11-000004.txt
PACKAGING CORP OF AMERICA,0000075677,10-K,2011-02-22,edgar/data/75677/0000950123-11-016543.txt
GCI INC,0000075679,10-K,2011-03-15,edgar/data/75679/0000808461-11-000007.txt
HIGHLANDS BANKSHARES INC /WV/,0000756862,10-K,2011-03-30,edgar/data/756862/0000914317-11-000466.txt
USG CORP,0000757011,10-K,2011-02-11,edgar/data/757011/0000950123-11-012693.txt
BNL FINANCIAL CORP,0000757641,10-K,2011-03-31,edgar/data/757641/0001185185-11-000419.txt
CANANDAIGUA NATIONAL CORP,0000759458,10-K,2011-02-14,edgar/data/759458/0000759458-11-000003.txt
BERKSHIRE BANCORP INC /DE/,0000759718,10-K,2011-03-24,edgar/data/759718/0001144204-11-016940.txt
CENTENARY INTERNATIONAL CORP,0000759999,10-K,2011-03-15,edgar/data/759999/0001144204-11-014862.txt
OUTDOOR CHANNEL HOLDINGS INC,0000760326,10-K,2011-03-10,edgar/data/760326/0000950123-11-024147.txt
BANCFIRST CORP /OK/,0000760498,10-K,2011-03-15,edgar/data/760498/0001193125-11-067276.txt
PANHANDLE EASTERN PIPE LINE CO LP,0000076063,10-K,2011-02-25,edgar/data/76063/0000203248-11-000014.txt
PARADISE INC,0000076149,10-K,2011-03-30,edgar/data/76149/0001144204-11-018299.txt
CEDAR SHOPPING CENTERS INC,0000761648,10-K,2011-03-15,edgar/data/761648/0000950123-11-025623.txt
ARTS WAY MANUFACTURING CO INC,0000007623,10-K,2011-02-22,edgar/data/7623/0001437749-11-001008.txt
PARK OHIO HOLDINGS CORP,0000076282,10-K,2011-03-08,edgar/data/76282/0000950123-11-023097.txt
PARKER DRILLING CO /DE/,0000076321,10-K,2011-03-01,edgar/data/76321/0000950123-11-020092.txt
FIRST COMMUNITY FINANCIAL CORP,0000763293,10-K,2011-03-10,edgar/data/763293/0001193125-11-061956.txt
"CHINA RUITAI INTERNATIONAL HOLDINGS CO., LTD.",0000076348,10-K,2011-03-31,edgar/data/76348/0001144204-11-019015.txt
CHEMUNG FINANCIAL CORP,0000763563,10-K,2011-03-16,edgar/data/763563/0000763563-11-000053.txt
DREW INDUSTRIES INC,0000763744,10-K,2011-03-11,edgar/data/763744/0001144204-11-014319.txt
POPULAR INC,0000763901,10-K,2011-03-01,edgar/data/763901/0000950123-11-020539.txt
FIRST UNITED CORP/MD/,0000763907,10-K,2011-03-09,edgar/data/763907/0001213900-11-001190.txt
SCBT FINANCIAL CORP,0000764038,10-K,2011-03-16,edgar/data/764038/0001047469-11-002215.txt
QUESTAR PIPELINE CO,0000764044,10-K,2011-03-01,edgar/data/764044/0000764044-11-000002.txt
CLIFFS NATURAL RESOURCES INC.,0000764065,10-K,2011-02-17,edgar/data/764065/0001193125-11-038883.txt
"ALTRIA GROUP, INC.",0000764180,10-K,2011-02-25,edgar/data/764180/0001193125-11-045778.txt
INTEGRA BANK CORP,0000764241,10-K,2011-03-15,edgar/data/764241/0001144204-11-014788.txt
"GREEN BANKSHARES, INC.",0000764402,10-K,2011-03-15,edgar/data/764402/0000950123-11-025640.txt
CAS MEDICAL SYSTEMS INC,0000764579,10-K,2011-03-24,edgar/data/764579/0001072613-11-000337.txt
CNB CORP /SC/,0000764581,10-K,2011-03-16,edgar/data/764581/0000764581-11-000007.txt
DSI REALTY INCOME FUND IX,0000764586,10-K,2011-03-31,edgar/data/764586/0000318835-11-000022.txt
PINNACLE WEST CAPITAL CORP,0000764622,10-K,2011-02-18,edgar/data/764622/0000950123-11-015421.txt
SIONIX CORP,0000764667,10-K,2011-01-07,edgar/data/764667/0001354488-11-000114.txt
CATERPILLAR FINANCIAL SERVICES CORP,0000764764,10-K,2011-02-22,edgar/data/764764/0000764764-11-000008.txt
FNB United Corp.,0000764811,10-K,2011-03-14,edgar/data/764811/0001193125-11-065982.txt
"First Bancorp, Inc /ME/",0000765207,10-K,2011-03-11,edgar/data/765207/0000765207-11-000023.txt
"HCP, INC.",0000765880,10-K,2011-02-15,edgar/data/765880/0001047469-11-000945.txt
PATRICK INDUSTRIES INC,0000076605,10-K,2011-03-30,edgar/data/76605/0001140361-11-019493.txt
ALASKA AIR GROUP INC,0000766421,10-K,2011-02-23,edgar/data/766421/0000766421-11-000020.txt
HICKORY TECH CORP,0000766561,10-K,2011-03-01,edgar/data/766561/0000766561-11-000006.txt
CAPSTEAD MORTGAGE CORP,0000766701,10-K,2011-03-01,edgar/data/766701/0001193125-11-050962.txt
HEALTH CARE REIT INC /DE/,0000766704,10-K,2011-02-25,edgar/data/766704/0000950123-11-018750.txt
CVD EQUIPMENT CORP,0000766792,10-K,2011-03-07,edgar/data/766792/0001009448-11-000009.txt
SJW CORP,0000766829,10-K,2011-03-01,edgar/data/766829/0001193125-11-052239.txt
RURBAN FINANCIAL CORP,0000767405,10-K,2011-03-31,edgar/data/767405/0001144204-11-019000.txt
PMC SIERRA INC,0000767920,10-K,2011-02-24,edgar/data/767920/0001193125-11-043856.txt
BLUEGATE CORP,0000768216,10-K,2011-03-14,edgar/data/768216/0000768216-11-000002.txt
ALTERA CORP,0000768251,10-K,2011-02-16,edgar/data/768251/0000768251-11-000009.txt
CYBEROPTICS CORP,0000768411,10-K,2011-03-10,edgar/data/768411/0000897101-11-000376.txt
RELIV INTERNATIONAL INC,0000768710,10-K,2011-03-17,edgar/data/768710/0001144204-11-015607.txt
BIG LOTS INC,0000768835,10-K,2011-03-30,edgar/data/768835/0001206774-11-000661.txt
CONSOLIDATED CAPITAL INSTITUTIONAL PROPERTIES 3,0000768890,10-K,2011-03-25,edgar/data/768890/0000711642-11-000073.txt
"TrueBlue, Inc.",0000768899,10-K,2011-02-22,edgar/data/768899/0001193125-11-042254.txt
RANCON REALTY FUND V,0000769131,10-K,2011-03-29,edgar/data/769131/0001193125-11-080914.txt
AUTODESK INC,0000769397,10-K,2011-03-18,edgar/data/769397/0001193125-11-071209.txt
MIDDLEBY CORP,0000769520,10-K,2011-03-02,edgar/data/769520/0001144204-11-012344.txt
PEOPLES FINANCIAL CORP /MS/,0000770460,10-K,2011-03-16,edgar/data/770460/0000950123-11-025828.txt
KOPIN CORP,0000771266,10-K,2011-03-10,edgar/data/771266/0001193125-11-062417.txt
PENN VIRGINIA CORP,0000077159,10-K,2011-02-28,edgar/data/77159/0001144204-11-011218.txt
DOCUMENT SECURITY SYSTEMS INC,0000771999,10-K,2011-03-31,edgar/data/771999/0001144204-11-019189.txt
PENNSYLVANIA ELECTRIC CO,0000077227,10-K,2011-02-16,edgar/data/77227/0000950123-11-014700.txt
VSUS TECHNOLOGIES INC,0000772370,10-K,2011-03-31,edgar/data/772370/0001078782-11-000822.txt
EDAC TECHNOLOGIES CORP,0000772572,10-K,2011-03-11,edgar/data/772572/0000950123-11-024876.txt
PENNSYLVANIA REAL ESTATE INVESTMENT TRUST,0000077281,10-K,2011-03-01,edgar/data/77281/0001193125-11-052256.txt
MDC HOLDINGS INC,0000773141,10-K,2011-02-11,edgar/data/773141/0001193125-11-031993.txt
KINGS ROAD ENTERTAINMENT INC,0000773588,10-K,2011-03-31,edgar/data/773588/0001144204-11-019142.txt
PENTAIR INC,0000077360,10-K,2011-02-23,edgar/data/77360/0000950123-11-016702.txt
"HealthMarkets, Inc.",0000773660,10-K,2011-03-16,edgar/data/773660/0000950123-11-025954.txt
Standard Gold,0000773717,10-K,2011-03-21,edgar/data/773717/0001144204-11-016160.txt
HONEYWELL INTERNATIONAL INC,0000773840,10-K,2011-02-11,edgar/data/773840/0000930413-11-000961.txt
ANADARKO PETROLEUM CORP,0000773910,10-K,2011-02-23,edgar/data/773910/0001193125-11-043021.txt
CORTLAND BANCORP INC,0000774569,10-K,2011-03-31,edgar/data/774569/0000950123-11-031447.txt
PEPSICO INC,0000077476,10-K,2011-02-18,edgar/data/77476/0001193125-11-040427.txt
UNITED BANCORP INC /MI/,0000775345,10-K,2011-02-25,edgar/data/775345/0000775345-11-000009.txt
ALLEGHANY CORP /DE,0000775368,10-K,2011-02-25,edgar/data/775368/0000950123-11-018269.txt
TUTOR PERINI Corp,0000077543,10-K,2011-03-07,edgar/data/77543/0001140361-11-014534.txt
VIST FINANCIAL CORP,0000775662,10-K,2011-03-22,edgar/data/775662/0001047469-11-002421.txt
SPARTECH CORP,0000077597,10-K,2011-01-13,edgar/data/77597/0000950123-11-002522.txt
STAR SCIENTIFIC INC,0000776008,10-K,2011-03-16,edgar/data/776008/0000950123-11-025988.txt
WHITE MOUNTAINS INSURANCE GROUP LTD,0000776867,10-K,2011-02-28,edgar/data/776867/0001104659-11-010544.txt
INDEPENDENT BANK CORP,0000776901,10-K,2011-03-08,edgar/data/776901/0000950123-11-023148.txt
CH2M HILL COMPANIES LTD,0000777491,10-K,2011-03-01,edgar/data/777491/0001047469-11-001619.txt
PHH CORP,0000077776,10-K,2011-02-28,edgar/data/77776/0000950123-11-019750.txt
PRUCO LIFE INSURANCE CO,0000777917,10-K,2011-03-11,edgar/data/777917/0001193125-11-064230.txt
"Pacific Ethanol, Inc.",0000778164,10-K,2011-03-31,edgar/data/778164/0001019687-11-001041.txt
BERRY PETROLEUM CO,0000778438,10-K,2011-03-01,edgar/data/778438/0001047469-11-001586.txt
PETROLEUM DEVELOPMENT CORP,0000077877,10-K,2011-02-24,edgar/data/77877/0000077877-11-000011.txt
BLUEGREEN CORP,0000778946,10-K,2011-03-31,edgar/data/778946/0001171200-11-000293.txt
FIRSTBANK CORP,0000778972,10-K,2011-03-16,edgar/data/778972/0001437749-11-001566.txt
ASSOCIATED BANC-CORP,0000007789,10-K,2011-02-15,edgar/data/7789/0000950123-11-014339.txt
CNB CORP /MI/,0000779125,10-K,2011-03-31,edgar/data/779125/0000950123-11-031398.txt
ARK RESTAURANTS CORP,0000779544,10-K,2011-01-03,edgar/data/779544/0000930413-11-000028.txt
PFIZER INC,0000078003,10-K,2011-02-28,edgar/data/78003/0001193125-11-048877.txt
NATIONWIDE HEALTH PROPERTIES INC,0000780053,10-K,2011-03-01,edgar/data/780053/0000950123-11-020113.txt
SYNOVIS LIFE TECHNOLOGIES  INC,0000780127,10-K,2011-01-05,edgar/data/780127/0000950123-11-000689.txt
ITRON INC /WA/,0000780571,10-K,2011-02-25,edgar/data/780571/0001193125-11-045950.txt
PECO ENERGY CO,0000078100,10-K,2011-02-10,edgar/data/78100/0001193125-11-030543.txt
AQUA AMERICA INC,0000078128,10-K,2011-02-25,edgar/data/78128/0000950123-11-018861.txt
INTERNATIONAL BALER CORP,0000781902,10-K,2011-01-26,edgar/data/781902/0001072613-11-000054.txt
SOUTHWEST ROYALTIES INC INCOME FUND V,0000782149,10-K,2011-03-31,edgar/data/782149/0000782149-11-000001.txt
PHILLIPS VAN HEUSEN CORP /DE/,0000078239,10-K,2011-03-30,edgar/data/78239/0000078239-11-000015.txt
"GLEACHER & COMPANY, INC.",0000782842,10-K,2011-03-15,edgar/data/782842/0001047469-11-002169.txt
DUKE REALTY CORP,0000783280,10-K,2011-02-25,edgar/data/783280/0001193125-11-047257.txt
VISTA GOLD CORP,0000783324,10-K,2011-03-14,edgar/data/783324/0000783324-11-000012.txt
WISCONSIN ENERGY CORP,0000783325,10-K,2011-02-25,edgar/data/783325/0000107815-11-000028.txt
AMERICAN SAFETY INSURANCE HOLDINGS LTD,0000783603,10-K,2011-03-16,edgar/data/783603/0000783603-11-000013.txt
BANCTRUST FINANCIAL GROUP INC,0000783739,10-K,2011-03-25,edgar/data/783739/0001157523-11-001736.txt
POPE RESOURCES LTD PARTNERSHIP,0000784011,10-K,2011-03-09,edgar/data/784011/0001157523-11-001483.txt
CRYOLIFE INC,0000784199,10-K,2011-02-22,edgar/data/784199/0001193125-11-041153.txt
CSC HOLDINGS LLC,0000784681,10-K,2011-02-16,edgar/data/784681/0001140361-11-010213.txt
PORTLAND GENERAL ELECTRIC CO /OR/,0000784977,10-K,2011-02-25,edgar/data/784977/0000784977-11-000009.txt
MID WISCONSIN FINANCIAL SERVICES INC,0000785024,10-K,2011-03-16,edgar/data/785024/0000785024-11-000003.txt
HEALTHSOUTH CORP,0000785161,10-K,2011-02-24,edgar/data/785161/0000785161-11-000014.txt
TEAMSTAFF INC,0000785557,10-K,2011-02-14,edgar/data/785557/0000950123-11-013827.txt
AEP INDUSTRIES INC,0000785787,10-K,2011-01-14,edgar/data/785787/0001193125-11-008295.txt
DEL TACO RESTAURANT PROPERTIES III,0000786360,10-K,2011-03-30,edgar/data/786360/0000950123-11-030338.txt
CIMETRIX INC,0000786620,10-K,2011-03-31,edgar/data/786620/0000823579-11-000098.txt
"ACURA PHARMACEUTICALS, INC",0000786947,10-K,2011-03-01,edgar/data/786947/0001144204-11-011981.txt
DPL INC,0000787250,10-K,2011-02-18,edgar/data/787250/0001104659-11-008106.txt
CHINA NORTH EAST PETROLEUM HOLDINGS LTD,0000787251,10-K,2011-03-16,edgar/data/787251/0001214659-11-000875.txt
PITNEY BOWES INC /DE/,0000078814,10-K,2011-02-28,edgar/data/78814/0000930413-11-001280.txt
PITTSBURGH & WEST VIRGINIA RAILROAD,0000078838,10-K,2011-03-28,edgar/data/78838/0000078838-11-000005.txt
PUBLIC SERVICE ENTERPRISE GROUP INC,0000788784,10-K,2011-02-25,edgar/data/788784/0001193125-11-047330.txt
OGLETHORPE POWER CORP,0000788816,10-K,2011-03-18,edgar/data/788816/0001047469-11-002341.txt
PENNICHUCK CORP,0000788885,10-K,2011-03-04,edgar/data/788885/0000950123-11-022190.txt
BRINKS CO,0000078890,10-K,2011-02-28,edgar/data/78890/0000078890-11-000013.txt
HALLADOR ENERGY CO,0000788965,10-K,2011-03-04,edgar/data/788965/0000788965-11-000010.txt
FORTUNE BRANDS INC,0000789073,10-K,2011-02-23,edgar/data/789073/0001193125-11-043658.txt
SPECTRANETICS CORP,0000789132,10-K,2011-03-14,edgar/data/789132/0000789132-11-000010.txt
"CALIFORNIA PIZZA KITCHEN, INC.",0000789356,10-K,2011-03-18,edgar/data/789356/0001193125-11-070303.txt
SUNGARD DATA SYSTEMS INC,0000789388,10-K,2011-03-01,edgar/data/789388/0001193125-11-052345.txt
WORLD FUEL SERVICES CORP,0000789460,10-K,2011-02-24,edgar/data/789460/0001193125-11-045452.txt
MGM Resorts International,0000789570,10-K,2011-02-28,edgar/data/789570/0000950123-11-019786.txt
Feihe International Inc,0000789868,10-K,2011-03-31,edgar/data/789868/0001144204-11-019246.txt
NACCO INDUSTRIES INC,0000789933,10-K,2011-03-02,edgar/data/789933/0000789933-11-000019.txt
"CHINA SHEN ZHOU MINING & RESOURCES, INC.",0000790024,10-K,2011-03-29,edgar/data/790024/0001144204-11-017828.txt
CARLISLE COMPANIES INC,0000790051,10-K,2011-02-16,edgar/data/790051/0001047469-11-000969.txt
"Homeland Security Network, Inc.",0000790066,10-K,2011-03-31,edgar/data/790066/0001504412-11-000009.txt
REALMARK PROPERTY INVESTORS LTD PARTNERSHIP V,0000790067,10-K,2011-03-31,edgar/data/790067/0001099910-11-000064.txt
EMC CORP,0000790070,10-K,2011-02-28,edgar/data/790070/0001193125-11-050151.txt
PRESTIGE CAPITAL CORP,0000790179,10-K,2011-03-31,edgar/data/790179/0001023175-11-000154.txt
NBT BANCORP INC,0000790359,10-K,2011-03-01,edgar/data/790359/0001140361-11-013082.txt
NATIONAL BANCSHARES CORP /OH/,0000790362,10-K,2011-03-29,edgar/data/790362/0000790362-11-000033.txt
"RadNet, Inc.",0000790526,10-K,2011-03-11,edgar/data/790526/0001019687-11-000837.txt
RYERSON INC.,0000790528,10-K,2011-03-15,edgar/data/790528/0001193125-11-067244.txt
TECH DATA CORP,0000790703,10-K,2011-03-23,edgar/data/790703/0001193125-11-075076.txt
TEKELEC,0000790705,10-K,2011-02-25,edgar/data/790705/0000950123-11-018231.txt
SIGMA DESIGNS INC,0000790715,10-K,2011-03-28,edgar/data/790715/0001437749-11-001798.txt
AMERON INTERNATIONAL CORP,0000790730,10-K,2011-01-31,edgar/data/790730/0000790730-11-000007.txt
BRANDYWINE REALTY TRUST,0000790816,10-K,2011-02-25,edgar/data/790816/0000950123-11-018901.txt
X RITE INC,0000790818,10-K,2011-03-17,edgar/data/790818/0001193125-11-069958.txt
STAPLES INC,0000791519,10-K,2011-03-02,edgar/data/791519/0001047469-11-001650.txt
PEOPLES LIBERATION INC,0000791770,10-K,2011-03-31,edgar/data/791770/0001170918-11-000022.txt
XOMA LTD /DE/,0000791908,10-K,2011-03-10,edgar/data/791908/0001140361-11-015740.txt
CYPRESS SEMICONDUCTOR CORP /DE/,0000791915,10-K,2011-02-25,edgar/data/791915/0001193125-11-047584.txt
OPPENHEIMER HOLDINGS INC,0000791963,10-K,2011-03-02,edgar/data/791963/0000791963-11-000001.txt
HARLEYSVILLE GROUP INC,0000792013,10-K,2011-03-04,edgar/data/792013/0001193125-11-056183.txt
ML MACADAMIA ORCHARDS L P,0000792161,10-K,2011-03-16,edgar/data/792161/0001104659-11-014868.txt
BIO REFERENCE LABORATORIES INC,0000792641,10-K,2011-01-14,edgar/data/792641/0001104659-11-001532.txt
BROWN & BROWN INC,0000079282,10-K,2011-03-01,edgar/data/79282/0001193125-11-051929.txt
FARMERS & MERCHANTS BANCORP INC,0000792966,10-K,2011-03-02,edgar/data/792966/0000950123-11-020919.txt
AMAG PHARMACEUTICALS INC.,0000792977,10-K,2011-02-25,edgar/data/792977/0001047469-11-001351.txt
HEALTH MANAGEMENT ASSOCIATES INC,0000792985,10-K,2011-02-24,edgar/data/792985/0001193125-11-045373.txt
ASTEC INDUSTRIES INC,0000792987,10-K,2011-03-01,edgar/data/792987/0000792987-11-000008.txt
DSI REALTY INCOME FUND X,0000792989,10-K,2011-03-31,edgar/data/792989/0000318835-11-000023.txt
"CKX, Inc.",0000793044,10-K,2011-03-09,edgar/data/793044/0000950123-11-023316.txt
WERNER ENTERPRISES INC,0000793074,10-K,2011-03-01,edgar/data/793074/0001193125-11-051228.txt
VITRO DIAGNOSTICS INC,0000793171,10-K,2011-01-28,edgar/data/793171/0001011034-11-000018.txt
BLUE DOLPHIN ENERGY CO,0000793306,10-K,2011-03-31,edgar/data/793306/0000950123-11-031567.txt
RESEARCH FRONTIERS INC,0000793524,10-K,2011-03-14,edgar/data/793524/0001206774-11-000502.txt
NAVIGATORS GROUP INC,0000793547,10-K,2011-02-18,edgar/data/793547/0000950123-11-015603.txt
SKYWEST INC,0000793733,10-K,2011-02-25,edgar/data/793733/0001047469-11-001402.txt
HARLEY DAVIDSON INC,0000793952,10-K,2011-02-24,edgar/data/793952/0001193125-11-045258.txt
LEVEL 3 COMMUNICATIONS INC,0000794323,10-K,2011-02-25,edgar/data/794323/0001047469-11-001410.txt
"Macy's, Inc.",0000794367,10-K,2011-03-30,edgar/data/794367/0001193125-11-082813.txt
KB HOME,0000795266,10-K,2011-01-31,edgar/data/795266/0000950123-11-007291.txt
WATTS WATER TECHNOLOGIES INC,0000795403,10-K,2011-03-01,edgar/data/795403/0001047469-11-001609.txt
THERAGENICS CORP,0000795551,10-K,2011-02-25,edgar/data/795551/0001188112-11-000369.txt
ALLIANCE FINANCIAL CORP /NY/,0000796317,10-K,2011-03-14,edgar/data/796317/0001193125-11-065929.txt
ADOBE SYSTEMS INC,0000796343,10-K,2011-01-27,edgar/data/796343/0000796343-11-000003.txt
SOUTHWEST ROYALTIES INC INCOME FUND VI,0000796489,10-K,2011-03-31,edgar/data/796489/0000796489-11-000001.txt
NATIONAL BANKSHARES INC,0000796534,10-K,2011-03-11,edgar/data/796534/0000796534-11-000003.txt
ANTS SOFTWARE INC,0000796655,10-K,2011-03-31,edgar/data/796655/0001157523-11-001845.txt
POTOMAC ELECTRIC POWER CO,0000079732,10-K,2011-02-25,edgar/data/79732/0001193125-11-046310.txt
GENERAL ELECTRIC CAPITAL SERVICES INC/CT,0000797463,10-K,2011-02-25,edgar/data/797463/0000040545-11-000009.txt
STANLEY FURNITURE CO INC.,0000797465,10-K,2011-02-03,edgar/data/797465/0000950123-11-008470.txt
OCCIDENTAL PETROLEUM CORP /DE/,0000797468,10-K,2011-02-24,edgar/data/797468/0000797468-11-000026.txt
ZAXIS INTERNATIONAL INC,0000797542,10-K,2011-03-31,edgar/data/797542/0001295345-11-000034.txt
NEFFS BANCORP INC,0000797838,10-K,2011-03-31,edgar/data/797838/0001387131-11-000507.txt
PAM TRANSPORTATION SERVICES INC,0000798287,10-K,2011-03-14,edgar/data/798287/0000798287-11-000006.txt
FISERV INC,0000798354,10-K,2011-02-24,edgar/data/798354/0001193125-11-045000.txt
ODYSSEY MARINE EXPLORATION INC,0000798528,10-K,2011-02-28,edgar/data/798528/0001193125-11-049873.txt
UNIVERSAL HEALTH REALTY INCOME TRUST,0000798783,10-K,2011-03-11,edgar/data/798783/0001193125-11-063597.txt
PPG INDUSTRIES INC,0000079879,10-K,2011-02-17,edgar/data/79879/0001193125-11-038642.txt
FIRST CITIZENS BANCSHARES INC /DE/,0000798941,10-K,2011-03-01,edgar/data/798941/0001193125-11-051609.txt
UNIT CORP,0000798949,10-K,2011-02-24,edgar/data/798949/0001193125-11-044656.txt
"CHINA SKY ONE MEDICAL, INC.",0000798985,10-K,2011-03-14,edgar/data/798985/0001144204-11-014632.txt
CARMIKE CINEMAS INC,0000799088,10-K,2011-03-08,edgar/data/799088/0001193125-11-059259.txt
TGC INDUSTRIES INC,0000799165,10-K,2011-03-18,edgar/data/799165/0001104659-11-015399.txt
MARTEN TRANSPORT LTD,0000799167,10-K,2011-03-15,edgar/data/799167/0001437749-11-001540.txt
ALMOST FAMILY INC,0000799231,10-K,2011-02-28,edgar/data/799231/0000799231-11-000014.txt
HEARTLAND EXPRESS INC,0000799233,10-K,2011-02-23,edgar/data/799233/0000799233-11-000008.txt
M I HOMES INC,0000799292,10-K,2011-03-01,edgar/data/799292/0000799292-11-000010.txt
CYTRX CORP,0000799698,10-K,2011-03-11,edgar/data/799698/0000799698-11-000005.txt
OFFICE DEPOT INC,0000800240,10-K,2011-02-22,edgar/data/800240/0001193125-11-041599.txt
PREFORMED LINE PRODUCTS CO,0000080035,10-K,2011-03-11,edgar/data/80035/0000950123-11-024606.txt
DONEGAL GROUP INC,0000800457,10-K,2011-03-14,edgar/data/800457/0000950123-11-025153.txt
PRESIDENTIAL LIFE CORP,0000080124,10-K,2011-03-29,edgar/data/80124/0000080124-11-000007.txt
WEBSTER FINANCIAL CORP,0000801337,10-K,2011-02-28,edgar/data/801337/0001193125-11-047759.txt
PRUCO LIFE VARIABLE CONTRACT REAL PROPERTY ACCOUNT,0000801348,10-K,2011-03-25,edgar/data/801348/0001193125-11-078125.txt
WARNACO GROUP INC /DE/,0000801351,10-K,2011-03-01,edgar/data/801351/0000950123-11-020020.txt
NATIONAL PRESTO INDUSTRIES INC,0000080172,10-K,2011-03-16,edgar/data/80172/0001354488-11-000844.txt
HEMACARE CORP /CA/,0000801748,10-K,2011-03-23,edgar/data/801748/0001171520-11-000234.txt
PILGRIMS PRIDE CORP,0000802481,10-K,2011-02-11,edgar/data/802481/0001193125-11-032579.txt
BRYN MAWR BANK CORP,0000802681,10-K,2011-03-16,edgar/data/802681/0001193125-11-068768.txt
INSITE VISION INC,0000802724,10-K,2011-03-04,edgar/data/802724/0001193125-11-056302.txt
COMVERSE TECHNOLOGY INC/NY/,0000803014,10-K,2011-01-25,edgar/data/803014/0001193125-11-013528.txt
CHOICEONE FINANCIAL SERVICES INC,0000803164,10-K,2011-03-28,edgar/data/803164/0000905729-11-000062.txt
INFORMATION ANALYSIS INC,0000803578,10-K,2011-03-31,edgar/data/803578/0001193125-11-085095.txt
CommonWealth REIT,0000803649,10-K,2011-02-25,edgar/data/803649/0001047469-11-001393.txt
SECURED INCOME L P,0000804217,10-K,2011-03-31,edgar/data/804217/0001144204-11-019076.txt
CENTRAL VIRGINIA BANKSHARES INC,0000804561,10-K,2011-03-31,edgar/data/804561/0001002105-11-000068.txt
BIGGEST LITTLE INVESTMENTS LP,0000804671,10-K,2011-03-31,edgar/data/804671/0000804671-11-000008.txt
CERNER CORP /MO/,0000804753,10-K,2011-02-16,edgar/data/804753/0000950123-11-014774.txt
"BUCKEYE PARTNERS, L.P.",0000805022,10-K,2011-02-28,edgar/data/805022/0000950123-11-019864.txt
WEST SUBURBAN BANCORP INC,0000805080,10-K,2011-03-14,edgar/data/805080/0001104659-11-014090.txt
GEORGIA GULF CORP /DE/,0000805264,10-K,2011-03-10,edgar/data/805264/0001047469-11-001966.txt
QUIKSILVER INC,0000805305,10-K,2011-01-12,edgar/data/805305/0000950123-11-002145.txt
EMISPHERE TECHNOLOGIES INC,0000805326,10-K,2011-03-31,edgar/data/805326/0000950123-11-031439.txt
PARK NATIONAL CORP /OH/,0000805676,10-K,2011-02-28,edgar/data/805676/0001144204-11-011555.txt
CHINA FORESTRY INC,0000805729,10-K,2011-03-31,edgar/data/805729/0001437749-11-001939.txt
LECTEC CORP /MN/,0000805928,10-K,2011-03-30,edgar/data/805928/0000950123-11-030929.txt
UNIPROP MANUFACTURED HOUSING COMMUNITIES INCOME FUND II /MI/,0000805993,10-K,2011-02-22,edgar/data/805993/0001144204-11-010113.txt
CODORUS VALLEY BANCORP INC,0000806279,10-K,2011-03-28,edgar/data/806279/0000897101-11-000527.txt
ASTRONICS CORP,0000008063,10-K,2011-03-03,edgar/data/8063/0000950123-11-021474.txt
PSYCHEMEDICS CORP,0000806517,10-K,2011-03-25,edgar/data/806517/0001144204-11-017288.txt
PROGRESSIVE CORP/OH/,0000080661,10-K,2011-03-01,edgar/data/80661/0001193125-11-051378.txt
CASH AMERICA INTERNATIONAL INC,0000807884,10-K,2011-02-25,edgar/data/807884/0001193125-11-047487.txt
"MICRO IMAGING TECHNOLOGY, INC.",0000808015,10-K,2011-02-11,edgar/data/808015/0001144204-11-007644.txt
SOUTHWEST OIL & GAS INCOME FUND VII A L P,0000808028,10-K,2011-03-31,edgar/data/808028/0000808028-11-000001.txt
QKL Stores Inc.,0000808047,10-K,2011-03-31,edgar/data/808047/0001144204-11-018542.txt
EMCORE CORP,0000808326,10-K,2011-01-10,edgar/data/808326/0001140361-11-002225.txt
BAKER HUGHES INC,0000808362,10-K,2011-02-25,edgar/data/808362/0000950123-11-018883.txt
GENERAL COMMUNICATION INC,0000808461,10-K,2011-03-15,edgar/data/808461/0000808461-11-000005.txt
"CARROLS RESTAURANT GROUP, INC.",0000809248,10-K,2011-03-18,edgar/data/809248/0001193125-11-071241.txt
BIOJECT MEDICAL TECHNOLOGIES INC,0000810084,10-K,2011-03-31,edgar/data/810084/0001193125-11-084842.txt
SOUTHWEST ROYALTIES INSTITUTIONAL INCOME FUND VII-B L P,0000810117,10-K,2011-03-31,edgar/data/810117/0000810117-11-000001.txt
PHOTRONICS INC,0000810136,10-K,2011-01-14,edgar/data/810136/0001206774-11-000053.txt
PUBLIC SERVICE CO OF COLORADO,0000081018,10-K,2011-02-28,edgar/data/81018/0001140361-11-012614.txt
"Duke Energy Indiana, Inc.",0000081020,10-K,2011-02-25,edgar/data/81020/0001193125-11-047229.txt
PUBLIC SERVICE CO OF NEW MEXICO,0000081023,10-K,2011-03-01,edgar/data/81023/0001193125-11-051990.txt
PUBLIC SERVICE CO OF OKLAHOMA,0000081027,10-K,2011-02-25,edgar/data/81027/0000004904-11-000029.txt
PUBLIC SERVICE ELECTRIC & GAS CO,0000081033,10-K,2011-02-25,edgar/data/81033/0001193125-11-047330.txt
NEOPROBE CORP,0000810509,10-K,2011-03-16,edgar/data/810509/0001144204-11-015182.txt
PUBLIX SUPER MARKETS INC,0000081061,10-K,2011-02-28,edgar/data/81061/0001193125-11-050076.txt
BANK OF GRANITE CORP,0000810689,10-K,2011-03-31,edgar/data/810689/0000950123-11-031278.txt
DREAMS INC,0000810829,10-K,2011-03-30,edgar/data/810829/0001193125-11-083001.txt
CITIZENS & NORTHERN CORP,0000810958,10-K,2011-03-01,edgar/data/810958/0001144204-11-011876.txt
PUGET SOUND ENERGY INC,0000081100,10-K,2011-03-07,edgar/data/81100/0001085392-11-000007.txt
CMS ENERGY CORP,0000811156,10-K,2011-02-24,edgar/data/811156/0000950123-11-017966.txt
BIOLASE TECHNOLOGY INC,0000811240,10-K,2011-03-23,edgar/data/811240/0000950123-11-028240.txt
"ENTECH SOLAR, INC.",0000811271,10-K,2011-03-25,edgar/data/811271/0001193125-11-078172.txt
CEDAR FAIR L P,0000811532,10-K,2011-03-01,edgar/data/811532/0000811532-11-000019.txt
PGI INC,0000081157,10-K,2011-03-21,edgar/data/81157/0001068800-11-000034.txt
FIRST BANCORP /NC/,0000811589,10-K,2011-03-16,edgar/data/811589/0000914317-11-000389.txt
REDWOOD MORTGAGE INVESTORS VI,0000811592,10-K,2011-03-31,edgar/data/811592/0000889123-11-000016.txt
KAISER ALUMINUM CORP,0000811596,10-K,2011-02-22,edgar/data/811596/0000950123-11-015947.txt
IMMUCELL CORP /DE/,0000811641,10-K,2011-03-28,edgar/data/811641/0001193125-11-079611.txt
"MultiCell Technologies, Inc.",0000811779,10-K,2011-03-03,edgar/data/811779/0001144204-11-012451.txt
SUMMIT FINANCIAL GROUP INC,0000811808,10-K,2011-03-01,edgar/data/811808/0000811808-11-000006.txt
"Santander Holdings USA, Inc.",0000811830,10-K,2011-03-10,edgar/data/811830/0000950123-11-024133.txt
OWENS ILLINOIS INC /DE/,0000812074,10-K,2011-02-10,edgar/data/812074/0001047469-11-000741.txt
RIDGEFIELD ACQUISITION CORP,0000812152,10-K,2011-03-31,edgar/data/812152/0000926274-11-000020.txt
REHABCARE GROUP INC,0000812191,10-K,2011-02-28,edgar/data/812191/0000812191-11-000052.txt
OWENS-ILLINOIS GROUP INC,0000812233,10-K,2011-02-10,edgar/data/812233/0001104659-11-006372.txt
CENTURY BANCORP INC,0000812348,10-K,2011-03-11,edgar/data/812348/0000950123-11-024755.txt
ANGELES INCOME PROPERTIES LTD 6,0000812564,10-K,2011-03-25,edgar/data/812564/0000711642-11-000071.txt
DEL TACO INCOME PROPERTIES IV,0000812630,10-K,2011-03-30,edgar/data/812630/0000950123-11-030339.txt
CALGON CARBON CORPORATION,0000812701,10-K,2011-02-25,edgar/data/812701/0000950123-11-018614.txt
"SOLIGENIX, INC.",0000812796,10-K,2011-03-30,edgar/data/812796/0001213900-11-001567.txt
SAKS INC,0000812900,10-K,2011-03-18,edgar/data/812900/0001193125-11-070954.txt
PYRAMID OIL CO,0000081318,10-K,2011-03-30,edgar/data/81318/0000081318-11-000001.txt
CASUAL MALE RETAIL GROUP INC,0000813298,10-K,2011-03-18,edgar/data/813298/0001193125-11-071143.txt
SOUTHWALL TECHNOLOGIES INC /DE/,0000813619,10-K,2011-03-29,edgar/data/813619/0001140361-11-019045.txt
AMCOL INTERNATIONAL CORP,0000813621,10-K,2011-03-01,edgar/data/813621/0001102624-11-000117.txt
QUAKER CHEMICAL CORP,0000081362,10-K,2011-03-02,edgar/data/81362/0001193125-11-053672.txt
CITIZENS BANCSHARES CORP /GA/,0000813640,10-K,2011-03-31,edgar/data/813640/0001047469-11-002965.txt
NORTHLAND CABLE PROPERTIES SEVEN LIMITED PARTNERSHIP,0000813658,10-K,2011-03-01,edgar/data/813658/0000950123-11-020045.txt
CADENCE DESIGN SYSTEMS INC,0000813672,10-K,2011-02-24,edgar/data/813672/0000950123-11-017955.txt
ICAHN ENTERPRISES L.P.,0000813762,10-K,2011-03-08,edgar/data/813762/0001144204-11-013351.txt
CRIMSON EXPLORATION INC.,0000813779,10-K,2011-03-18,edgar/data/813779/0001140361-11-017686.txt
CBS CORP,0000813828,10-K,2011-02-25,edgar/data/813828/0001047469-11-001419.txt
CEC ENTERTAINMENT INC,0000813920,10-K,2011-02-24,edgar/data/813920/0000813920-11-000011.txt
ALP LIQUIDATING TRUST,0000814046,10-K,2011-03-22,edgar/data/814046/0000892626-11-000036.txt
TCF FINANCIAL CORP,0000814184,10-K,2011-02-15,edgar/data/814184/0001104659-11-007572.txt
LADISH CO INC,0000814250,10-K,2011-03-09,edgar/data/814250/0000950123-11-023462.txt
"Halo Companies, Inc.",0000814286,10-K,2011-03-31,edgar/data/814286/0001026608-11-000034.txt
TIMBERLAND CO,0000814361,10-K,2011-02-22,edgar/data/814361/0000950123-11-016519.txt
NEWELL RUBBERMAID INC,0000814453,10-K,2011-03-01,edgar/data/814453/0001193125-11-052372.txt
EBIX INC,0000814549,10-K,2011-03-16,edgar/data/814549/0000950123-11-025942.txt
MBIA INC,0000814585,10-K,2011-03-01,edgar/data/814585/0001193125-11-052366.txt
LIFEWAY FOODS INC,0000814586,10-K,2011-03-31,edgar/data/814586/0001072613-11-000355.txt
CPS TECHNOLOGIES CORP/DE/,0000814676,10-K,2011-03-25,edgar/data/814676/0000814676-11-000003.txt
MILLENNIA INC,0000814920,10-K,2011-02-23,edgar/data/814920/0001010549-11-000190.txt
CHDT CORP,0000814926,10-K,2011-03-14,edgar/data/814926/0000939802-11-000052.txt
ANGEION CORP/MN,0000815093,10-K,2011-01-31,edgar/data/815093/0000897101-11-000129.txt
CARNIVAL CORP,0000815097,10-K,2011-01-31,edgar/data/815097/0001193125-11-018320.txt
FASTENAL CO,0000815556,10-K,2011-02-09,edgar/data/815556/0001193125-11-029081.txt
JONES FINANCIAL COMPANIES LLLP,0000815917,10-K,2011-03-31,edgar/data/815917/0001193125-11-084528.txt
AIR METHODS CORP,0000816159,10-K,2011-03-11,edgar/data/816159/0001140361-11-015896.txt
CELGENE CORP /DE/,0000816284,10-K,2011-03-01,edgar/data/816284/0000950123-11-020640.txt
TERADATA CORP /DE/,0000816761,10-K,2011-03-01,edgar/data/816761/0001193125-11-051934.txt
CONMED CORP,0000816956,10-K,2011-02-28,edgar/data/816956/0000914317-11-000319.txt
TELESTONE TECHNOLOGIES CORP,0000817129,10-K,2011-03-30,edgar/data/817129/0001144204-11-018107.txt
"Alliance HealthCare Services, Inc",0000817135,10-K,2011-03-14,edgar/data/817135/0001193125-11-065928.txt
VCA ANTECH INC,0000817366,10-K,2011-02-28,edgar/data/817366/0000950123-11-019633.txt
"AMERICAN CAPITAL, LTD",0000817473,10-K,2011-02-28,edgar/data/817473/0001193125-11-050245.txt
ATLANTIC AMERICAN CORP,0000008177,10-K,2011-03-25,edgar/data/8177/0001140361-11-018563.txt
ACCURIDE CORP,0000817979,10-K,2011-03-28,edgar/data/817979/0001047469-11-002734.txt
AP PHARMA INC /DE/,0000818033,10-K,2011-03-28,edgar/data/818033/0001193125-11-078414.txt
DENTSPLY INTERNATIONAL INC /DE/,0000818479,10-K,2011-02-18,edgar/data/818479/0001144204-11-009910.txt
Bitstream Inc.,0000818813,10-K,2011-03-31,edgar/data/818813/0001193125-11-085118.txt
VICAL INC,0000819050,10-K,2011-03-04,edgar/data/819050/0001193125-11-056436.txt
ATLANTIC CITY ELECTRIC CO,0000008192,10-K,2011-02-25,edgar/data/8192/0001193125-11-046310.txt
RAND CAPITAL CORP,0000081955,10-K,2011-03-14,edgar/data/81955/0000950123-11-025262.txt
ARRHYTHMIA RESEARCH TECHNOLOGY INC /DE/,0000819689,10-K,2011-03-23,edgar/data/819689/0000819689-11-000005.txt
ALBANY INTERNATIONAL CORP /DE/,0000819793,10-K,2011-03-02,edgar/data/819793/0001144204-11-012289.txt
HALLMARK FINANCIAL SERVICES INC,0000819913,10-K,2011-03-15,edgar/data/819913/0001144204-11-014687.txt
"China Wind Systems, Inc",0000819926,10-K,2011-03-30,edgar/data/819926/0001144204-11-018093.txt
AMERIPRISE FINANCIAL INC,0000820027,10-K,2011-02-28,edgar/data/820027/0001047469-11-001543.txt
CAMBREX CORP,0000820081,10-K,2011-02-11,edgar/data/820081/0001140361-11-008204.txt
UNITED STATES LIME & MINERALS INC,0000082020,10-K,2011-03-08,edgar/data/82020/0000950123-11-023236.txt
GEN PROBE INC,0000820237,10-K,2011-02-24,edgar/data/820237/0000950123-11-017301.txt
AMPHENOL CORP /DE/,0000820313,10-K,2011-02-28,edgar/data/820313/0001104659-11-010845.txt
ORBITAL SCIENCES CORP /DE/,0000820736,10-K,2011-02-28,edgar/data/820736/0000820736-11-000017.txt
ARETE INDUSTRIES INC,0000820901,10-K,2011-01-14,edgar/data/820901/0001079974-11-000019.txt
ARETE INDUSTRIES INC,0000820901,10-K,2011-01-31,edgar/data/820901/0001079974-11-000072.txt
ARETE INDUSTRIES INC,0000820901,10-K,2011-02-11,edgar/data/820901/0001079974-11-000096.txt
ARETE INDUSTRIES INC,0000820901,10-K,2011-03-30,edgar/data/820901/0001079974-11-000258.txt
ANDERSONS INC,0000821026,10-K,2011-03-01,edgar/data/821026/0000950123-11-020452.txt
BOSTON PRIVATE FINANCIAL HOLDINGS INC,0000821127,10-K,2011-03-11,edgar/data/821127/0000821127-11-000003.txt
UNITED STATES CELLULAR CORP,0000821130,10-K,2011-02-25,edgar/data/821130/0001047469-11-001405.txt
EOG RESOURCES INC,0000821189,10-K,2011-02-24,edgar/data/821189/0000821189-11-000022.txt
DELTA PETROLEUM CORP/CO,0000821483,10-K,2011-03-16,edgar/data/821483/0000950123-11-026001.txt
RAVEN INDUSTRIES INC,0000082166,10-K,2011-03-31,edgar/data/82166/0000950123-11-031622.txt
COLUMBIA LABORATORIES INC,0000821995,10-K,2011-03-10,edgar/data/821995/0000821995-11-000020.txt
PLAINSCAPITAL CORP,0000822083,10-K,2011-03-22,edgar/data/822083/0001193125-11-073708.txt
"ImmunoCellular Therapeutics, Ltd.",0000822411,10-K,2011-03-31,edgar/data/822411/0001193125-11-085051.txt
PULTEGROUP INC/MI/,0000822416,10-K,2011-02-10,edgar/data/822416/0001193125-11-029989.txt
BIOCLINICA INC,0000822418,10-K,2011-02-28,edgar/data/822418/0000950123-11-019742.txt
FIDELITY SOUTHERN CORP,0000822662,10-K,2011-03-17,edgar/data/822662/0000950123-11-026302.txt
INTER PARFUMS INC,0000822663,10-K,2011-03-08,edgar/data/822663/0001144204-11-013508.txt
ZOOM TECHNOLOGIES INC,0000822708,10-K,2011-03-29,edgar/data/822708/0001136261-11-000176.txt
REALMARK PROPERTY INVESTORS LIMITED PARTNERSHIP VI-A,0000822783,10-K,2011-03-31,edgar/data/822783/0001099910-11-000063.txt
CLEAN HARBORS INC,0000822818,10-K,2011-03-01,edgar/data/822818/0001047469-11-001635.txt
Tirex CORP,0000823072,10-K,2011-03-01,edgar/data/823072/0001204459-11-000553.txt
SOTHEBYS,0000823094,10-K,2011-02-28,edgar/data/823094/0000930413-11-001466.txt
HEAVENLY HOT DOGS INC,0000823546,10-K,2011-03-09,edgar/data/823546/0001078782-11-000604.txt
WASTE MANAGEMENT INC,0000823768,10-K,2011-02-17,edgar/data/823768/0000950123-11-015242.txt
APOGEE TECHNOLOGY INC,0000823876,10-K,2011-03-31,edgar/data/823876/0001102624-11-000170.txt
AAON INC,0000824142,10-K,2011-03-10,edgar/data/824142/0001026608-11-000023.txt
SANDY SPRING BANCORP INC,0000824410,10-K,2011-03-16,edgar/data/824410/0001144204-11-015068.txt
ALLIANCEBERNSTEIN HOLDING L.P.,0000825313,10-K,2011-02-10,edgar/data/825313/0001140361-11-007854.txt
INLAND LAND APPRECIATION FUND LP,0000825315,10-K,2011-03-09,edgar/data/825315/0001193125-11-060377.txt
DIVALL INSURED INCOME PROPERTIES 2 LIMITED PARTNERSHIP,0000825788,10-K,2011-03-24,edgar/data/825788/0001193125-11-076217.txt
SOUTHWEST OIL & GAS INCOME FUND VIII-A L P,0000825881,10-K,2011-03-31,edgar/data/825881/0000825881-11-000001.txt
SOUTHWEST ROYALTIES INSTITUTIONAL INCOME FUND VIII B L P,0000825886,10-K,2011-03-31,edgar/data/825886/0000825886-11-000001.txt
DELL INC,0000826083,10-K,2011-03-15,edgar/data/826083/0000950123-11-025579.txt
ORRSTOWN FINANCIAL SERVICES INC,0000826154,10-K,2011-03-11,edgar/data/826154/0001193125-11-063598.txt
ARC WIRELESS SOLUTIONS INC,0000826326,10-K,2011-03-29,edgar/data/826326/0001437749-11-001804.txt
DYNEX CAPITAL INC,0000826675,10-K,2011-03-16,edgar/data/826675/0000826675-11-000006.txt
"Merriman Holdings, Inc",0000826683,10-K,2011-03-30,edgar/data/826683/0001144204-11-018282.txt
"UniTek Global Services, Inc.",0000826773,10-K,2011-03-30,edgar/data/826773/0001144204-11-018419.txt
EDISON INTERNATIONAL,0000827052,10-K,2011-02-28,edgar/data/827052/0001047469-11-001484.txt
SELECT COMFORT CORP,0000827187,10-K,2011-02-24,edgar/data/827187/0001140361-11-011972.txt
MICROFINANCIAL INC,0000827230,10-K,2011-03-31,edgar/data/827230/0000950123-11-031461.txt
QLT INC/BC,0000827809,10-K,2011-03-01,edgar/data/827809/0000950123-11-020592.txt
REGAL BELOIT CORP,0000082811,10-K,2011-03-02,edgar/data/82811/0000950123-11-021291.txt
FIRSTCITY FINANCIAL CORP,0000828678,10-K,2011-03-31,edgar/data/828678/0001047469-11-002936.txt
GSI COMMERCE INC,0000828750,10-K,2011-03-01,edgar/data/828750/0000950123-11-020704.txt
WEINGARTEN REALTY INVESTORS /TX/,0000828916,10-K,2011-03-01,edgar/data/828916/0000828916-11-000008.txt
WSFS FINANCIAL CORP,0000828944,10-K,2011-03-16,edgar/data/828944/0000946275-11-000115.txt
PRUCO LIFE OF NEW JERSEY VARIABLE CONTRACT REAL PROPERTY ACC,0000829114,10-K,2011-03-25,edgar/data/829114/0001193125-11-078119.txt
SAFE TECHNOLOGIES INTERNATIONAL INC,0000829117,10-K,2011-03-31,edgar/data/829117/0001354488-11-001041.txt
"INUVO, INC.",0000829323,10-K,2011-03-30,edgar/data/829323/0001354488-11-000983.txt
EAT AT JOES LTD,0000829325,10-K,2011-03-31,edgar/data/829325/0000939802-11-000071.txt
"RBC LIFE SCIENCES, INC.",0000830052,10-K,2011-03-15,edgar/data/830052/0000830052-11-000006.txt
PICO HOLDINGS INC /NEW,0000830122,10-K,2011-03-01,edgar/data/830122/0000830122-11-000005.txt
"SCI Engineered Materials, Inc.",0000830616,10-K,2011-02-28,edgar/data/830616/0001144204-11-011490.txt
PRESSURE BIOSCIENCES INC,0000830656,10-K,2011-03-31,edgar/data/830656/0000830656-11-000004.txt
"PACIFIC OFFICE PROPERTIES TRUST, INC.",0000830748,10-K,2011-03-31,edgar/data/830748/0000830748-11-000015.txt
CITIGROUP INC,0000831001,10-K,2011-02-25,edgar/data/831001/0001206774-11-000316.txt
FRANKLIN CREDIT HOLDING CORP/DE/,0000831246,10-K,2011-03-30,edgar/data/831246/0000950123-11-030871.txt
FREEPORT MCMORAN COPPER & GOLD INC,0000831259,10-K,2011-02-25,edgar/data/831259/0000831259-11-000014.txt
LKA INTERNATIONAL INC /DE/,0000831355,10-K,2011-03-31,edgar/data/831355/0001010412-11-000120.txt
TOWER PARK MARINA INVESTORS LP,0000831491,10-K,2011-03-30,edgar/data/831491/0001193125-11-082917.txt
SPECTRUM PHARMACEUTICALS INC,0000831547,10-K,2011-03-10,edgar/data/831547/0000950123-11-023815.txt
HELIX BIOMEDIX INC,0000831749,10-K,2011-03-24,edgar/data/831749/0001437749-11-001720.txt
KINETIC CONCEPTS INC,0000831967,10-K,2011-03-01,edgar/data/831967/0000831967-11-000010.txt
PROVIDENCE & WORCESTER RAILROAD CO/RI/,0000831968,10-K,2011-03-31,edgar/data/831968/0000831968-11-000015.txt
IDEX CORP /DE/,0000832101,10-K,2011-02-25,edgar/data/832101/0000950123-11-018609.txt
SCRIPPS E W CO /DE,0000832428,10-K,2011-03-02,edgar/data/832428/0000950123-11-021254.txt
HSBC USA INC /MD/,0000083246,10-K,2011-02-28,edgar/data/83246/0000950123-11-019150.txt
UTG INC,0000832480,10-K,2011-03-30,edgar/data/832480/0000832480-11-000007.txt
"GeoVax Labs, Inc.",0000832489,10-K,2011-03-04,edgar/data/832489/0000950123-11-022136.txt
BOL BANCSHARES INC,0000832818,10-K,2011-03-31,edgar/data/832818/0001140361-11-019710.txt
COMMUNITY CAPITAL CORP /SC/,0000832847,10-K,2011-03-21,edgar/data/832847/0001437749-11-001628.txt
SIGNET JEWELERS LTD,0000832988,10-K,2011-03-30,edgar/data/832988/0001193125-11-082150.txt
Meritage Homes CORP,0000833079,10-K,2011-02-28,edgar/data/833079/0000950123-11-019601.txt
PRIDE INTERNATIONAL INC,0000833081,10-K,2011-02-18,edgar/data/833081/0000950123-11-015724.txt
RESERVE PETROLEUM CO,0000083350,10-K,2011-03-31,edgar/data/83350/0001140361-11-019792.txt
POWER INTEGRATIONS INC,0000833640,10-K,2011-02-25,edgar/data/833640/0001193125-11-045774.txt
HOMEFED CORP,0000833795,10-K,2011-02-17,edgar/data/833795/0000096223-11-000002.txt
MTR GAMING GROUP INC,0000834162,10-K,2011-03-16,edgar/data/834162/0001047469-11-002237.txt
REPUBLIC FIRST BANCORP INC,0000834285,10-K,2011-03-16,edgar/data/834285/0000950159-11-000185.txt
BIOLIFE SOLUTIONS INC,0000834365,10-K,2011-03-28,edgar/data/834365/0001354488-11-000959.txt
S Y BANCORP INC,0000835324,10-K,2011-03-01,edgar/data/835324/0001104659-11-011482.txt
MONY LIFE INSURANCE CO OF AMERICA,0000835357,10-K,2011-03-10,edgar/data/835357/0000089024-11-000131.txt
PROGENICS PHARMACEUTICALS INC,0000835887,10-K,2011-03-15,edgar/data/835887/0000835887-11-000014.txt
NOVELLUS SYSTEMS INC,0000836106,10-K,2011-02-25,edgar/data/836106/0001193125-11-047529.txt
MIDDLEFIELD BANC CORP,0000836147,10-K,2011-03-22,edgar/data/836147/0000950123-11-027496.txt
ING USA ANNUITY & LIFE INSURANCE CO,0000836658,10-K,2011-03-30,edgar/data/836658/0001104659-11-017721.txt
ING LIFE INSURANCE & ANNUITY CO,0000837010,10-K,2011-03-31,edgar/data/837010/0001104659-11-017831.txt
"Walter Energy, Inc.",0000837173,10-K,2011-02-28,edgar/data/837173/0001047469-11-001461.txt
CALLAWAY GOLF CO,0000837465,10-K,2011-03-01,edgar/data/837465/0001193125-11-050374.txt
GOVERNMENT TRUST 1 D,0000837583,10-K,2011-03-31,edgar/data/837583/0001051170-11-000004.txt
EVEREST FUND L P,0000837919,10-K,2011-03-31,edgar/data/837919/0000837919-11-000002.txt
URANIUM RESOURCES INC /DE/,0000839470,10-K,2011-03-30,edgar/data/839470/0001047469-11-002897.txt
CAPITOL BANCORP LTD,0000840264,10-K,2011-03-31,edgar/data/840264/0000840264-11-000039.txt
BECKMAN COULTER INC,0000840467,10-K,2011-02-23,edgar/data/840467/0001193125-11-043698.txt
FIRST CASH FINANCIAL SERVICES INC,0000840489,10-K,2011-02-25,edgar/data/840489/0000926236-11-000015.txt
CLEARONE COMMUNICATIONS INC,0000840715,10-K,2011-03-31,edgar/data/840715/0000840715-11-000003.txt
BTU INTERNATIONAL INC,0000840883,10-K,2011-03-08,edgar/data/840883/0001193125-11-059400.txt
DORAL FINANCIAL CORP,0000840889,10-K,2011-03-09,edgar/data/840889/0000950123-11-023709.txt
OWENS MORTGAGE INVESTMENT FUND A CALIF LTD PARTNERSHIP,0000841501,10-K,2011-03-15,edgar/data/841501/0000841501-11-000007.txt
GOVERNMENT BACKED TRUST T-1,0000841535,10-K,2011-03-30,edgar/data/841535/0000841535-11-000009.txt
LEAR CORP,0000842162,10-K,2011-02-10,edgar/data/842162/0000950123-11-011395.txt
RAMCO GERSHENSON PROPERTIES TRUST,0000842183,10-K,2011-03-04,edgar/data/842183/0001157523-11-001382.txt
TOR MINERALS INTERNATIONAL INC,0000842295,10-K,2011-03-24,edgar/data/842295/0000842295-11-000014.txt
RLI CORP,0000084246,10-K,2011-02-25,edgar/data/84246/0001104659-11-010249.txt
ISABELLA BANK CORP,0000842517,10-K,2011-03-11,edgar/data/842517/0000950123-11-024721.txt
EVANS BANCORP INC,0000842518,10-K,2011-03-04,edgar/data/842518/0000950123-11-022204.txt
TRIMAS CORP,0000842633,10-K,2011-02-28,edgar/data/842633/0001047469-11-001479.txt
"Double Eagle Holdings, Ltd.",0000842722,10-K,2011-01-06,edgar/data/842722/0001144204-11-000964.txt
GOVERNMENT TRUST 2 F,0000842900,10-K,2011-03-31,edgar/data/842900/0001051170-11-000002.txt
ISSUER DIRECT CORP,0000843006,10-K,2011-03-01,edgar/data/843006/0001354488-11-000682.txt
NORTHLAND CABLE PROPERTIES EIGHT LIMITED PARTNERSHIP,0000843368,10-K,2011-03-01,edgar/data/843368/0000950123-11-020044.txt
DSI REALTY INCOME FUND XI,0000844048,10-K,2011-03-31,edgar/data/844048/0000318835-11-000024.txt
JOE'S JEANS INC.,0000844143,10-K,2011-02-10,edgar/data/844143/0001047469-11-000740.txt
ROCKFORD MINERALS INC /FI,0000844538,10-K,2011-03-28,edgar/data/844538/0001144204-11-017384.txt
US HOME SYSTEMS INC,0000844789,10-K,2011-03-17,edgar/data/844789/0001193125-11-070046.txt
VAPOR CORP.,0000844856,10-K,2011-03-31,edgar/data/844856/0000950123-11-031364.txt
DIAMONDHEAD CASINO CORP,0000844887,10-K,2011-03-23,edgar/data/844887/0001193125-11-075177.txt
TETRA TECHNOLOGIES INC,0000844965,10-K,2011-03-01,edgar/data/844965/0000844965-11-000022.txt
POSITRON CORP,0000844985,10-K,2011-03-31,edgar/data/844985/0001144204-11-019018.txt
TRANSAMERICA ADVISORS LIFE INSURANCE Co,0000845091,10-K,2011-03-25,edgar/data/845091/0001193125-11-078003.txt
"HARVEST NATURAL RESOURCES, INC.",0000845289,10-K,2011-03-16,edgar/data/845289/0000950123-11-025980.txt
RAINES LENDERS L P,0000845399,10-K,2011-03-31,edgar/data/845399/0000845399-11-000002.txt
GRANT PARK FUTURES FUND LIMITED PARTNERSHIP,0000845698,10-K,2011-02-24,edgar/data/845698/0001193125-11-045447.txt
RADIANT SYSTEMS INC,0000845818,10-K,2011-03-11,edgar/data/845818/0001193125-11-062903.txt
FEDERAL AGRICULTURAL MORTGAGE CORP,0000845877,10-K,2011-03-16,edgar/data/845877/0001144204-11-015332.txt
ZYNEX INC,0000846475,10-K,2011-03-28,edgar/data/846475/0000950123-11-029673.txt
PRUDENTIAL VARIABLE CONTRACT REAL PROPERTY ACCOUNT,0000846581,10-K,2011-03-25,edgar/data/846581/0001193125-11-078120.txt
BRIDGE BANCORP INC,0000846617,10-K,2011-03-11,edgar/data/846617/0001104659-11-013915.txt
PRESSTEK INC /DE/,0000846876,10-K,2011-03-16,edgar/data/846876/0000846876-11-000005.txt
LAKELAND BANCORP INC,0000846901,10-K,2011-03-16,edgar/data/846901/0001193125-11-068078.txt
"FUEL TECH, INC.",0000846913,10-K,2011-03-09,edgar/data/846913/0000950123-11-023713.txt
NEW HAMPSHIRE THRIFT BANCSHARES INC,0000846931,10-K,2011-03-25,edgar/data/846931/0001193125-11-078132.txt
TC X CALIBUR INC,0000847015,10-K,2011-02-11,edgar/data/847015/0001024020-11-000010.txt
SOUTHWEST OIL & GAS INCOME FUND IX-A LP,0000847320,10-K,2011-03-31,edgar/data/847320/0000847320-11-000001.txt
SOUTHWEST ROYALTIES INSTITUTIONAL INCOME FUND IX-B LP,0000847384,10-K,2011-03-31,edgar/data/847384/0000847384-11-000001.txt
NATIONAL TAX CREDIT PARTNERS L P,0000847415,10-K,2011-03-31,edgar/data/847415/0000711642-11-000085.txt
"China YCT International Group, Inc.",0000847464,10-K,2011-03-01,edgar/data/847464/0001406774-11-000033.txt
ROGERS CORP,0000084748,10-K,2011-02-18,edgar/data/84748/0001157523-11-000998.txt
STRATEGIC ACQUISITIONS INC /NV/,0000847942,10-K,2011-03-31,edgar/data/847942/0001261070-11-000003.txt
ROLLINS INC,0000084839,10-K,2011-02-25,edgar/data/84839/0001047469-11-001349.txt
Counsel RB Capital Inc.,0000849145,10-K,2011-03-31,edgar/data/849145/0001144204-11-019124.txt
PLUM CREEK TIMBER CO INC,0000849213,10-K,2011-02-25,edgar/data/849213/0001193125-11-047553.txt
RAMTRON INTERNATIONAL CORP,0000849502,10-K,2011-03-09,edgar/data/849502/0001193125-11-060888.txt
CORTEX PHARMACEUTICALS INC/DE/,0000849636,10-K,2011-03-18,edgar/data/849636/0001193125-11-071195.txt
ADVANCED ENVIRONMENTAL RECYCLING TECHNOLOGIES INC,0000849706,10-K,2011-03-31,edgar/data/849706/0001171843-11-000893.txt
ASSURANCEAMERICA CORP,0000008497,10-K,2011-03-29,edgar/data/8497/0001193125-11-081483.txt
SILGAN HOLDINGS INC,0000849869,10-K,2011-02-28,edgar/data/849869/0001193125-11-049364.txt
BP PRUDHOE BAY ROYALTY TRUST,0000850033,10-K,2011-03-01,edgar/data/850033/0000950123-11-020538.txt
HORACE MANN EDUCATORS CORP /DE/,0000850141,10-K,2011-02-28,edgar/data/850141/0001193125-11-050226.txt
FOOT LOCKER INC,0000850209,10-K,2011-03-28,edgar/data/850209/0001144204-11-017589.txt
"Sorrento Therapeutics, Inc.",0000850261,10-K,2011-03-18,edgar/data/850261/0001193125-11-070863.txt
TREDEGAR CORP,0000850429,10-K,2011-03-04,edgar/data/850429/0001193125-11-055974.txt
ENCORE WIRE CORP,0000850460,10-K,2011-03-04,edgar/data/850460/0000950123-11-022274.txt
GTSI CORP,0000850483,10-K,2011-03-11,edgar/data/850483/0000950123-11-024493.txt
PLX TECHNOLOGY INC,0000850579,10-K,2011-03-04,edgar/data/850579/0000850579-11-000026.txt
ALLERGAN INC,0000850693,10-K,2011-03-01,edgar/data/850693/0001193125-11-050632.txt
COGNEX CORP,0000851205,10-K,2011-02-10,edgar/data/851205/0000950123-11-011782.txt
HARMONIC INC,0000851310,10-K,2011-03-01,edgar/data/851310/0000950123-11-020528.txt
EXPONENT INC,0000851520,10-K,2011-02-28,edgar/data/851520/0001193125-11-047894.txt
MOHAWK INDUSTRIES INC,0000851968,10-K,2011-03-01,edgar/data/851968/0000950123-11-020223.txt
GLOBAL AXCESS CORP,0000852570,10-K,2011-03-30,edgar/data/852570/0001144204-11-018109.txt
"YTB International, Inc.",0000852766,10-K,2011-03-29,edgar/data/852766/0001013762-11-000732.txt
DENNYS CORP,0000852772,10-K,2011-03-11,edgar/data/852772/0000852772-11-000025.txt
INLAND LAND APPRECIATION FUND II LP,0000853496,10-K,2011-03-09,edgar/data/853496/0001193125-11-060379.txt
LANDSTAR SYSTEM INC,0000853816,10-K,2011-02-23,edgar/data/853816/0000950123-11-016941.txt
ROWAN COMPANIES INC,0000085408,10-K,2011-03-01,edgar/data/85408/0000085408-11-000004.txt
REDWOOD MORTGAGE INVESTORS VII,0000854092,10-K,2011-03-31,edgar/data/854092/0000889123-11-000013.txt
REDWOOD MORTGAGE INVESTORS VII,0000854092,10-K,2011-03-31,edgar/data/854092/0000889123-11-000014.txt
GREAT SOUTHERN BANCORP INC,0000854560,10-K,2011-03-04,edgar/data/854560/0000927089-11-000068.txt
LAPIS TECHNOLOGIES INC,0000854800,10-K,2011-03-31,edgar/data/854800/0001144204-11-019079.txt
Emrise CORP,0000854852,10-K,2011-03-31,edgar/data/854852/0001104659-11-017954.txt
AMERIANA BANCORP,0000855574,10-K,2011-03-31,edgar/data/855574/0001144204-11-019074.txt
ZIX CORP,0000855612,10-K,2011-03-10,edgar/data/855612/0000950123-11-024090.txt
LATTICE SEMICONDUCTOR CORP,0000855658,10-K,2011-03-11,edgar/data/855658/0000855658-11-000033.txt
MILESTONE SCIENTIFIC INC.,0000855683,10-K,2011-03-30,edgar/data/855683/0000950123-11-030644.txt
TRI COUNTY FINANCIAL CORP /MD/,0000855874,10-K,2011-03-07,edgar/data/855874/0001144204-11-013160.txt
POTASH CORP OF SASKATCHEWAN INC,0000855931,10-K,2011-02-25,edgar/data/855931/0000950123-11-018420.txt
VALPEY FISHER CORP,0000085608,10-K,2011-03-28,edgar/data/85608/0001157523-11-001762.txt
MERIT MEDICAL SYSTEMS INC,0000856982,10-K,2011-03-15,edgar/data/856982/0001104659-11-014389.txt
"ICONIX BRAND GROUP, INC.",0000857737,10-K,2011-02-25,edgar/data/857737/0001144204-11-011064.txt
UNITED COMMUNITY BANKS INC,0000857855,10-K,2011-03-16,edgar/data/857855/0001188112-11-000581.txt
BIRCH BRANCH INC,0000857872,10-K,2011-03-31,edgar/data/857872/0001144204-11-019202.txt
SOUTH HERTFORDSHIRE UNITED KINGDOM FUND LTD,0000857957,10-K,2011-03-31,edgar/data/857957/0001104659-11-017818.txt
CAESARS ENTERTAINMENT Corp,0000858339,10-K,2011-03-04,edgar/data/858339/0001193125-11-056393.txt
TRANSCEND SERVICES INC,0000858452,10-K,2011-03-15,edgar/data/858452/0001193125-11-067271.txt
CABOT OIL & GAS CORP,0000858470,10-K,2011-02-28,edgar/data/858470/0001193125-11-049690.txt
EMCLAIRE FINANCIAL CORP,0000858800,10-K,2011-03-23,edgar/data/858800/0001144204-11-016503.txt
FIRST COMMUNITY BANCSHARES INC /NV/,0000859070,10-K,2011-03-11,edgar/data/859070/0001144204-11-014371.txt
DELPHI FINANCIAL GROUP INC/DE,0000859139,10-K,2011-03-01,edgar/data/859139/0000950123-11-020814.txt
CARROLLTON BANCORP,0000859222,10-K,2011-03-25,edgar/data/859222/0000950159-11-000206.txt
MEDICIS PHARMACEUTICAL CORP,0000859368,10-K,2011-03-01,edgar/data/859368/0000950123-11-020778.txt
TRIDENT MICROSYSTEMS INC,0000859475,10-K,2011-03-07,edgar/data/859475/0000950123-11-022368.txt
SEACOR HOLDINGS INC /NEW/,0000859598,10-K,2011-02-25,edgar/data/859598/0001193125-11-047403.txt
RYDER SYSTEM INC,0000085961,10-K,2011-02-15,edgar/data/85961/0000950123-11-013941.txt
RYLAND GROUP INC,0000085974,10-K,2011-02-25,edgar/data/85974/0001047469-11-001406.txt
SOUTHWEST OIL & GAS INCOME FUND X-A LP,0000859905,10-K,2011-03-31,edgar/data/859905/0000859905-11-000001.txt
SOUTHWEST OIL & GAS INCOME FUND X-B LP,0000859906,10-K,2011-03-31,edgar/data/859906/0000859906-11-000001.txt
SOUTHWEST ROYALTIES INSTITUTIONAL INCOME FUND X-A LP,0000859910,10-K,2011-03-31,edgar/data/859910/0000859910-11-000001.txt
SOUTHWEST ROYALTIES INSTITUTIONAL INCOME FUND X-B LP,0000859911,10-K,2011-03-31,edgar/data/859911/0000859911-11-000001.txt
FIRST INTERSTATE BANCSYSTEM INC,0000860413,10-K,2011-02-28,edgar/data/860413/0000950123-11-019722.txt
SAVANNAH BANCORP INC,0000860519,10-K,2011-03-31,edgar/data/860519/0000860519-11-000007.txt
"China Grand Resorts, Inc.",0000860543,10-K,2011-01-13,edgar/data/860543/0001020229-11-000004.txt
CORPORATE OFFICE PROPERTIES TRUST,0000860546,10-K,2011-02-11,edgar/data/860546/0001047469-11-000781.txt
"HCA Holdings, Inc.",0000860730,10-K,2011-02-17,edgar/data/860730/0000950123-11-015233.txt
TYLER TECHNOLOGIES INC,0000860731,10-K,2011-02-24,edgar/data/860731/0000950123-11-017571.txt
UNITRIN INC,0000860748,10-K,2011-02-03,edgar/data/860748/0001193125-11-023337.txt
SAFEGUARD SCIENTIFICS INC,0000086115,10-K,2011-03-04,edgar/data/86115/0000950123-11-022020.txt
BE AEROSPACE INC,0000861361,10-K,2011-02-24,edgar/data/861361/0001157523-11-001163.txt
FUTURES PORTFOLIO FUND L.P.,0000861441,10-K,2011-03-25,edgar/data/861441/0001144204-11-017068.txt
SAFEWAY INC,0000086144,10-K,2011-02-28,edgar/data/86144/0001193125-11-049301.txt
GRANITE CONSTRUCTION INC,0000861459,10-K,2011-02-24,edgar/data/861459/0000861459-11-000014.txt
"IDERA PHARMACEUTICALS, INC.",0000861838,10-K,2011-03-10,edgar/data/861838/0000950123-11-023886.txt
CATHAY GENERAL BANCORP,0000861842,10-K,2011-02-28,edgar/data/861842/0001193125-11-047986.txt
STERICYCLE INC,0000861878,10-K,2011-02-28,edgar/data/861878/0001193125-11-049934.txt
RELIANCE STEEL & ALUMINUM CO,0000861884,10-K,2011-02-25,edgar/data/861884/0001193125-11-047561.txt
CIB MARINE BANCSHARES INC,0000861955,10-K,2011-03-25,edgar/data/861955/0001144204-11-017103.txt
HUGOTON ROYALTY TRUST,0000862022,10-K,2011-02-24,edgar/data/862022/0001144204-11-010699.txt
K SWISS INC,0000862480,10-K,2011-02-17,edgar/data/862480/0001193125-11-038145.txt
TRANSATLANTIC HOLDINGS INC,0000862510,10-K,2011-02-22,edgar/data/862510/0001047469-11-001118.txt
CRYO CELL INTERNATIONAL INC,0000862692,10-K,2011-02-28,edgar/data/862692/0001193125-11-049956.txt
FINANCIAL INSTITUTIONS INC,0000862831,10-K,2011-03-07,edgar/data/862831/0000950123-11-022632.txt
APPLIANCE RECYCLING CENTERS OF AMERICA INC /MN,0000862861,10-K,2011-03-17,edgar/data/862861/0001104659-11-015017.txt
TRANSAMERICA ADVISORS LIFE INSURANCE Co OF NEW YORK,0000862923,10-K,2011-03-25,edgar/data/862923/0001193125-11-077984.txt
ARTESIAN RESOURCES CORP,0000863110,10-K,2011-03-15,edgar/data/863110/0000863110-11-000008.txt
"TRAVELERS COMPANIES, INC.",0000086312,10-K,2011-02-17,edgar/data/86312/0001047469-11-001001.txt
PETSMART INC,0000863157,10-K,2011-03-24,edgar/data/863157/0000950123-11-028642.txt
BENCHMARK ELECTRONICS INC,0000863436,10-K,2011-02-25,edgar/data/863436/0001144204-11-011119.txt
WET SEAL INC,0000863456,10-K,2011-03-30,edgar/data/863456/0001193125-11-083109.txt
Cardiogenesis Corp /CA,0000863680,10-K,2011-03-21,edgar/data/863680/0000950123-11-027363.txt
O CHARLEYS INC,0000864233,10-K,2011-03-10,edgar/data/864233/0000864233-11-000004.txt
SYPRIS SOLUTIONS INC,0000864240,10-K,2011-03-15,edgar/data/864240/0001193125-11-067221.txt
SIMON WORLDWIDE INC,0000864264,10-K,2011-03-30,edgar/data/864264/0000950123-11-030804.txt
CASCADE MICROTECH INC,0000864559,10-K,2011-03-02,edgar/data/864559/0001193125-11-052575.txt
TRIMBLE NAVIGATION LTD /CA/,0000864749,10-K,2011-03-01,edgar/data/864749/0001193125-11-050403.txt
ROYALE ENERGY INC,0000864839,10-K,2011-03-11,edgar/data/864839/0001162677-11-000048.txt
NATIONAL SECURITY GROUP INC,0000865058,10-K,2011-03-31,edgar/data/865058/0000865058-11-000007.txt
SAN DIEGO GAS & ELECTRIC CO,0000086521,10-K,2011-02-24,edgar/data/86521/0000086521-11-000017.txt
ATLAS FUTURES FUND LIMITED PARTNERSHIP,0000865549,10-K,2011-03-31,edgar/data/865549/0000865549-11-000001.txt
HANSEN NATURAL CORP,0000865752,10-K,2011-03-01,edgar/data/865752/0001104659-11-011438.txt
SAUER DANFOSS INC,0000865754,10-K,2011-03-03,edgar/data/865754/0000865754-11-000004.txt
CASCADE BANCORP,0000865911,10-K,2011-03-15,edgar/data/865911/0001144204-11-014733.txt
VERSANT CORP,0000865917,10-K,2011-01-31,edgar/data/865917/0001047469-11-000392.txt
COMMERCIAL NATIONAL FINANCIAL CORP /PA,0000866054,10-K,2011-03-29,edgar/data/866054/0000866054-11-000005.txt
PS BUSINESS PARKS INC/CA,0000866368,10-K,2011-02-25,edgar/data/866368/0000950123-11-018887.txt
KLEVER MARKETING INC,0000866439,10-K,2011-03-29,edgar/data/866439/0000798947-11-000008.txt
FORLINK SOFTWARE CORP INC,0000866458,10-K,2011-03-28,edgar/data/866458/0001144204-11-017470.txt
ION GEOPHYSICAL CORP,0000866609,10-K,2011-02-24,edgar/data/866609/0000950123-11-017936.txt
HELIX ENERGY SOLUTIONS GROUP INC,0000866829,10-K,2011-02-25,edgar/data/866829/0000866829-11-000009.txt
ELECTRONICS FOR IMAGING INC,0000867374,10-K,2011-03-09,edgar/data/867374/0001193125-11-061039.txt
INDIANA COMMUNITY BANCORP,0000867493,10-K,2011-03-11,edgar/data/867493/0000867493-11-000006.txt
ABRAXAS PETROLEUM CORP,0000867665,10-K,2011-03-16,edgar/data/867665/0000867665-11-000008.txt
SUNPOWER CORP,0000867773,10-K,2011-02-28,edgar/data/867773/0000867773-11-000008.txt
EVERFLOW EASTERN PARTNERS LP,0000868082,10-K,2011-03-29,edgar/data/868082/0001140361-11-019054.txt
FOOD TECHNOLOGY SERVICE INC,0000868267,10-K,2011-03-30,edgar/data/868267/0000868267-11-000002.txt
SEVERN BANCORP INC,0000868271,10-K,2011-03-15,edgar/data/868271/0000868271-11-000012.txt
"ProPhase Labs, Inc.",0000868278,10-K,2011-03-15,edgar/data/868278/0001144204-11-014879.txt
GLACIER BANCORP INC,0000868671,10-K,2011-02-28,edgar/data/868671/0000950123-11-019871.txt
AEI NET LEASE INCOME & GROWTH FUND XIX LIMITED PARTNERSHIP,0000868740,10-K,2011-03-28,edgar/data/868740/0001326321-11-000007.txt
"Dorman Products, Inc.",0000868780,10-K,2011-03-03,edgar/data/868780/0001193125-11-054883.txt
"CHASE BANK USA, NATIONAL ASSOCIATION",0000869090,10-K,2011-03-30,edgar/data/869090/0001193125-11-083099.txt
"CHASE BANK USA, NATIONAL ASSOCIATION",0000869090,10-K,2011-03-30,edgar/data/869090/0001193125-11-083111.txt
"CHASE BANK USA, NATIONAL ASSOCIATION",0000869090,10-K,2011-03-30,edgar/data/869090/0001193125-11-083124.txt
"Neonode, Inc",0000087050,10-K,2011-03-31,edgar/data/87050/0001213900-11-001667.txt
American Natural Energy Corp,0000870732,10-K,2011-03-31,edgar/data/870732/0001204459-11-000892.txt
NUMEREX CORP /PA/,0000870753,10-K,2011-03-30,edgar/data/870753/0000870753-11-000008.txt
VALUEVISION MEDIA INC,0000870826,10-K,2011-03-22,edgar/data/870826/0000950123-11-027830.txt
MANPOWER INC /WI/,0000871763,10-K,2011-02-24,edgar/data/871763/0000871763-11-000011.txt
PETROQUEST ENERGY INC,0000872248,10-K,2011-02-28,edgar/data/872248/0000950123-11-019898.txt
ATMEL CORP,0000872448,10-K,2011-03-01,edgar/data/872448/0000950123-11-020486.txt
REGENERON PHARMACEUTICALS INC,0000872589,10-K,2011-02-17,edgar/data/872589/0001206774-11-000263.txt
WILMINGTON TRUST CORP,0000872821,10-K,2011-03-01,edgar/data/872821/0000950123-11-020427.txt
ESB FINANCIAL CORP,0000872835,10-K,2011-03-11,edgar/data/872835/0001193125-11-063800.txt
DELCATH SYSTEMS INC,0000872912,10-K,2011-03-08,edgar/data/872912/0001341004-11-000655.txt
RADISYS CORP,0000873044,10-K,2011-03-15,edgar/data/873044/0000873044-11-000015.txt
AVI BIOPHARMA INC,0000873303,10-K,2011-03-15,edgar/data/873303/0001193125-11-066190.txt
CEPHALON INC,0000873364,10-K,2011-02-11,edgar/data/873364/0001047469-11-000780.txt
SCHLUMBERGER LTD /NV/,0000087347,10-K,2011-02-04,edgar/data/87347/0000950123-11-009144.txt
MORGAN STANLEY SMITH BARNEY SPECTRUM SELECT LP,0000873799,10-K,2011-03-29,edgar/data/873799/0000873799-11-000003.txt
OCWEN FINANCIAL Corp,0000873860,10-K,2011-02-28,edgar/data/873860/0001019056-11-000277.txt
ISIS PHARMACEUTICALS INC,0000874015,10-K,2011-03-01,edgar/data/874015/0001104659-11-011094.txt
JONES GROUP INC,0000874016,10-K,2011-02-11,edgar/data/874016/0000874016-11-000010.txt
ANNTAYLOR STORES CORP,0000874214,10-K,2011-03-11,edgar/data/874214/0001193125-11-063911.txt
STERLING CONSTRUCTION CO INC,0000874238,10-K,2011-03-16,edgar/data/874238/0000874238-11-000006.txt
"LIFETIME BRANDS, INC",0000874396,10-K,2011-03-11,edgar/data/874396/0000910680-11-000103.txt
RETAIL VENTURES INC,0000874444,10-K,2011-03-28,edgar/data/874444/0000950123-11-029783.txt
UNION NATIONAL FINANCIAL CORP / PA,0000874482,10-K,2011-03-31,edgar/data/874482/0001144204-11-019210.txt
JEFFERSONVILLE BANCORP,0000874495,10-K,2011-03-24,edgar/data/874495/0001144204-11-016836.txt
GULFPORT ENERGY CORP,0000874499,10-K,2011-03-14,edgar/data/874499/0001193125-11-065894.txt
AMBAC FINANCIAL GROUP INC,0000874501,10-K,2011-03-16,edgar/data/874501/0001193125-11-068809.txt
"OSI RESTAURANT PARTNERS, LLC",0000874691,10-K,2011-03-31,edgar/data/874691/0000874691-11-000009.txt
IDEXX LABORATORIES INC /DE,0000874716,10-K,2011-02-22,edgar/data/874716/0001144204-11-010145.txt
AES CORP,0000874761,10-K,2011-02-28,edgar/data/874761/0001193125-11-047720.txt
HARTFORD FINANCIAL SERVICES GROUP INC/DE,0000874766,10-K,2011-02-25,edgar/data/874766/0000950123-11-018937.txt
PACIFIC SUNWEAR OF CALIFORNIA INC,0000874841,10-K,2011-03-31,edgar/data/874841/0000950123-11-031608.txt
State Auto Financial CORP,0000874977,10-K,2011-03-08,edgar/data/874977/0001193125-11-059090.txt
BIOGEN IDEC INC.,0000875045,10-K,2011-02-04,edgar/data/875045/0000950123-11-009300.txt
XL GROUP PLC,0000875159,10-K,2011-02-25,edgar/data/875159/0000930413-11-001261.txt
VERTEX PHARMACEUTICALS INC / MA,0000875320,10-K,2011-02-17,edgar/data/875320/0001047469-11-001025.txt
INSIGNIA SYSTEMS INC/MN,0000875355,10-K,2011-03-16,edgar/data/875355/0000897101-11-000415.txt
BOK FINANCIAL CORP ET AL,0000875357,10-K,2011-02-28,edgar/data/875357/0000875357-11-000007.txt
BIOSPECIFICS TECHNOLOGIES CORP,0000875622,10-K,2011-03-14,edgar/data/875622/0001204459-11-000715.txt
ULTRALIFE CORP,0000875657,10-K,2011-03-15,edgar/data/875657/0000950123-11-025549.txt
PROGRESS SOFTWARE CORP /MA,0000876167,10-K,2011-01-31,edgar/data/876167/0000950123-11-007372.txt
BIOTIME INC,0000876343,10-K,2011-03-15,edgar/data/876343/0001140361-11-016533.txt
"SafeStitch Medical, Inc.",0000876378,10-K,2011-03-30,edgar/data/876378/0000950123-11-030508.txt
MGIC INVESTMENT CORP,0000876437,10-K,2011-03-01,edgar/data/876437/0001140361-11-013074.txt
MDC PARTNERS INC,0000876883,10-K,2011-03-14,edgar/data/876883/0001144204-11-014534.txt
ZEBRA TECHNOLOGIES CORP,0000877212,10-K,2011-02-24,edgar/data/877212/0001193125-11-045274.txt
AMERICA SERVICE GROUP INC /DE,0000877476,10-K,2011-03-03,edgar/data/877476/0000950123-11-021499.txt
NATIONAL HEALTH INVESTORS INC,0000877860,10-K,2011-02-17,edgar/data/877860/0000877860-11-000005.txt
CITRIX SYSTEMS INC,0000877890,10-K,2011-02-24,edgar/data/877890/0001193125-11-045415.txt
CHUGACH ELECTRIC ASSOCIATION INC,0000878004,10-K,2011-03-30,edgar/data/878004/0001140361-11-019451.txt
"PAR PHARMACEUTICAL COMPANIES, INC.",0000878088,10-K,2011-02-24,edgar/data/878088/0000878088-11-000030.txt
AMERICAN BAR ASSOCIATION MEMBERS / NORTHERN TRUST COLLECTIVE TR,0000878375,10-K,2011-03-18,edgar/data/878375/0001193125-11-070202.txt
NATUS MEDICAL INC,0000878526,10-K,2011-03-14,edgar/data/878526/0001193125-11-066027.txt
STANDARD PACIFIC CORP /DE/,0000878560,10-K,2011-03-08,edgar/data/878560/0000878560-11-000006.txt
HUMAN PHEROMONE SCIENCES INC,0000878616,10-K,2011-03-30,edgar/data/878616/0001144204-11-018278.txt
WIRELESS TELECOM GROUP INC,0000878828,10-K,2011-03-30,edgar/data/878828/0000930413-11-002396.txt
OLD DOMINION FREIGHT LINE INC/VA,0000878927,10-K,2011-02-28,edgar/data/878927/0001193125-11-049846.txt
"EQUUS TOTAL RETURN, INC.",0000878932,10-K,2011-03-18,edgar/data/878932/0001391609-11-000113.txt
KIMCO REALTY CORP,0000879101,10-K,2011-02-28,edgar/data/879101/0001398432-11-000206.txt
INCYTE CORP,0000879169,10-K,2011-02-23,edgar/data/879169/0001047469-11-001198.txt
WABASH NATIONAL CORP /DE,0000879526,10-K,2011-02-25,edgar/data/879526/0001144204-11-010985.txt
TERRA NITROGEN CO L P /DE,0000879575,10-K,2011-02-25,edgar/data/879575/0001047469-11-001420.txt
ATLANTIC TELE NETWORK INC /DE,0000879585,10-K,2011-03-16,edgar/data/879585/0001047469-11-002211.txt
MID PENN BANCORP INC,0000879635,10-K,2011-03-21,edgar/data/879635/0001193125-11-072407.txt
PLC SYSTEMS INC,0000879682,10-K,2011-03-29,edgar/data/879682/0001104659-11-017352.txt
DIRECT INSITE CORP,0000879703,10-K,2011-03-28,edgar/data/879703/0001201800-11-000033.txt
"APPLIED ENERGETICS, INC.",0000879911,10-K,2011-03-14,edgar/data/879911/0001144204-11-014426.txt
DUSA PHARMACEUTICALS INC,0000879993,10-K,2011-03-03,edgar/data/879993/0000950123-11-021749.txt
SCOTTS LIQUID GOLD INC,0000088000,10-K,2011-03-29,edgar/data/88000/0001193125-11-081248.txt
BELDEN & BLAKE CORP /OH/,0000880114,10-K,2011-03-30,edgar/data/880114/0000950123-11-030860.txt
CLAYTON WILLIAMS ENERGY INC /DE,0000880115,10-K,2011-03-01,edgar/data/880115/0000880115-11-000003.txt
Southeastern Bank Financial CORP,0000880116,10-K,2011-02-25,edgar/data/880116/0000950123-11-018746.txt
AGCO CORP /DE,0000880266,10-K,2011-02-25,edgar/data/880266/0000950123-11-018407.txt
ENBRIDGE ENERGY PARTNERS LP,0000880285,10-K,2011-02-18,edgar/data/880285/0001193125-11-040475.txt
CSB BANCORP INC /OH,0000880417,10-K,2011-03-24,edgar/data/880417/0000950123-11-028503.txt
EAGLE FINANCIAL SERVICES INC,0000880641,10-K,2011-03-30,edgar/data/880641/0001193125-11-082394.txt
GENTA INC DE/,0000880643,10-K,2011-03-30,edgar/data/880643/0001437749-11-001890.txt
SCICLONE PHARMACEUTICALS INC,0000880771,10-K,2011-03-31,edgar/data/880771/0001193125-11-085133.txt
"PREMIERE GLOBAL SERVICES, INC.",0000880804,10-K,2011-03-14,edgar/data/880804/0000891092-11-001735.txt
"ACORN ENERGY, INC.",0000880984,10-K,2011-03-16,edgar/data/880984/0001144204-11-015242.txt
SEABOARD CORP /DE/,0000088121,10-K,2011-03-09,edgar/data/88121/0000088121-11-000002.txt
PRUDENTIAL ANNUITIES LIFE ASSURANCE CORP/CT,0000881453,10-K,2011-03-15,edgar/data/881453/0001193125-11-067355.txt
AMYLIN PHARMACEUTICALS INC,0000881464,10-K,2011-02-25,edgar/data/881464/0001047469-11-001418.txt
VIVUS INC,0000881524,10-K,2011-03-01,edgar/data/881524/0001047469-11-001564.txt
DA-LITE SCREEN CO INC,0000881665,10-K,2011-02-23,edgar/data/881665/0001193125-11-043297.txt
PALOMAR MEDICAL TECHNOLOGIES INC,0000881695,10-K,2011-03-09,edgar/data/881695/0000881695-11-000007.txt
CROSS TIMBERS ROYALTY TRUST,0000881787,10-K,2011-02-24,edgar/data/881787/0001193125-11-045230.txt
AVERY DENNISON CORPORATION,0000008818,10-K,2011-02-28,edgar/data/8818/0000950123-11-018967.txt
SPX CORP,0000088205,10-K,2011-02-22,edgar/data/88205/0001047469-11-001138.txt
GILEAD SCIENCES INC,0000882095,10-K,2011-02-28,edgar/data/882095/0001193125-11-050041.txt
"PDL BIOPHARMA, INC.",0000882104,10-K,2011-03-01,edgar/data/882104/0001193125-11-050293.txt
"POWERSECURE INTERNATIONAL, INC.",0000882154,10-K,2011-03-10,edgar/data/882154/0000950123-11-024157.txt
LINCARE HOLDINGS INC,0000882235,10-K,2011-02-25,edgar/data/882235/0001193125-11-046596.txt
APRIA HEALTHCARE GROUP INC,0000882289,10-K,2011-02-25,edgar/data/882289/0001193125-11-047377.txt
QUICKLOGIC CORPORATION,0000882508,10-K,2011-03-11,edgar/data/882508/0000882508-11-000004.txt
BIOCRYST PHARMACEUTICALS INC,0000882796,10-K,2011-03-15,edgar/data/882796/0000950123-11-025567.txt
ROPER INDUSTRIES INC,0000882835,10-K,2011-02-25,edgar/data/882835/0000882835-11-000004.txt
NANOPHASE TECHNOLOGIES CORPORATION,0000883107,10-K,2011-03-22,edgar/data/883107/0001193125-11-073807.txt
"VIRTUS INVESTMENT PARTNERS, INC.",0000883237,10-K,2011-03-01,edgar/data/883237/0001193125-11-050262.txt
VALASSIS COMMUNICATIONS INC,0000883293,10-K,2011-03-01,edgar/data/883293/0000950123-11-020628.txt
FOSSIL INC,0000883569,10-K,2011-03-02,edgar/data/883569/0001193125-11-053553.txt
GRAYSON BANKSHARES INC,0000883758,10-K,2011-03-31,edgar/data/883758/0001002105-11-000071.txt
USA TRUCK INC,0000883945,10-K,2011-03-07,edgar/data/883945/0000883945-11-000008.txt
UNION FIRST MARKET BANKSHARES CORP,0000883948,10-K,2011-03-09,edgar/data/883948/0001193125-11-060314.txt
STEMCELLS INC,0000883975,10-K,2011-03-11,edgar/data/883975/0000950123-11-024882.txt
FIRST DATA CORP,0000883980,10-K,2011-03-10,edgar/data/883980/0001193125-11-061160.txt
MORTONS RESTAURANT GROUP INC,0000883981,10-K,2011-03-04,edgar/data/883981/0001193125-11-056405.txt
ICU MEDICAL INC/DE,0000883984,10-K,2011-02-18,edgar/data/883984/0001104659-11-008318.txt
CHROMCRAFT REVINGTON INC,0000884130,10-K,2011-03-31,edgar/data/884130/0001140361-11-019702.txt
ASURE SOFTWARE INC,0000884144,10-K,2011-03-31,edgar/data/884144/0001185185-11-000393.txt
MENS WEARHOUSE INC,0000884217,10-K,2011-03-30,edgar/data/884217/0000950123-11-030843.txt
VIAD CORP,0000884219,10-K,2011-03-04,edgar/data/884219/0000950123-11-022158.txt
ALPHA PRO TECH LTD,0000884269,10-K,2011-03-16,edgar/data/884269/0001104659-11-014897.txt
"Fona, Inc.",0000884363,10-K,2011-03-30,edgar/data/884363/0001269678-11-000196.txt
PRIMEDIA INC,0000884382,10-K,2011-03-07,edgar/data/884382/0001193125-11-057720.txt
MEDQUIST INC,0000884497,10-K,2011-03-16,edgar/data/884497/0000950123-11-025780.txt
THERMOENERGY CORP,0000884504,10-K,2011-03-31,edgar/data/884504/0001144204-11-018514.txt
ORTHOFIX INTERNATIONAL N V,0000884624,10-K,2011-03-03,edgar/data/884624/0001193125-11-055066.txt
WATSON PHARMACEUTICALS INC,0000884629,10-K,2011-02-22,edgar/data/884629/0000950123-11-015948.txt
INFINITE GROUP INC,0000884650,10-K,2011-03-31,edgar/data/884650/0001144204-11-018997.txt
COTT CORP /CN/,0000884713,10-K,2011-03-15,edgar/data/884713/0001193125-11-067317.txt
ARIAD PHARMACEUTICALS INC,0000884731,10-K,2011-03-15,edgar/data/884731/0001157523-11-001591.txt
ROYAL CARIBBEAN CRUISES LTD,0000884887,10-K,2011-02-24,edgar/data/884887/0001193125-11-045435.txt
TNFG Corp,0000884892,10-K,2011-03-31,edgar/data/884892/0001269678-11-000198.txt
PRAXAIR INC,0000884905,10-K,2011-02-23,edgar/data/884905/0001193125-11-043054.txt
BUCKLE INC,0000885245,10-K,2011-03-30,edgar/data/885245/0001157523-11-001807.txt
WILSON BANK HOLDING CO,0000885275,10-K,2011-03-16,edgar/data/885275/0000950123-11-025969.txt
CYNOSURE INC,0000885306,10-K,2011-03-10,edgar/data/885306/0001193125-11-061981.txt
"GULF RESOURCES, INC.",0000885462,10-K,2011-03-16,edgar/data/885462/0001193805-11-000481.txt
IFLI Acquisition Corp.,0000885475,10-K,2011-03-30,edgar/data/885475/0001019056-11-000369.txt
STRATUS PROPERTIES INC,0000885508,10-K,2011-03-31,edgar/data/885508/0000831259-11-000023.txt
DENMARK BANCSHARES INC,0000885531,10-K,2011-02-28,edgar/data/885531/0000885531-11-000002.txt
PEOPLES BANCORPORATION INC /SC/,0000885542,10-K,2011-03-31,edgar/data/885542/0000948520-11-000009.txt
CREDIT ACCEPTANCE CORP,0000885550,10-K,2011-02-24,edgar/data/885550/0000885550-11-000019.txt
OLD DOMINION ELECTRIC COOPERATIVE,0000885568,10-K,2011-03-16,edgar/data/885568/0001193125-11-068125.txt
"Valeant Pharmaceuticals International, Inc.",0000885590,10-K,2011-02-28,edgar/data/885590/0001047469-11-001555.txt
AMERICAN LOCKER GROUP INC,0000008855,10-K,2011-03-15,edgar/data/8855/0000950123-11-025615.txt
KOHLS Corp,0000885639,10-K,2011-03-18,edgar/data/885639/0001193125-11-071252.txt
EXPRESS SCRIPTS INC,0000885721,10-K,2011-02-16,edgar/data/885721/0000950123-11-014711.txt
BOSTON SCIENTIFIC CORP,0000885725,10-K,2011-02-17,edgar/data/885725/0000950123-11-015112.txt
CINEMARK USA INC /TX,0000885975,10-K,2011-03-11,edgar/data/885975/0000950123-11-024869.txt
U S PHYSICAL THERAPY INC /NV,0000885978,10-K,2011-03-10,edgar/data/885978/0000950123-11-024176.txt
INTEGRAMED AMERICA INC,0000885988,10-K,2011-03-09,edgar/data/885988/0000885988-11-000012.txt
GENERAL CABLE CORP /DE/,0000886035,10-K,2011-02-25,edgar/data/886035/0000950123-11-018533.txt
FUELCELL ENERGY INC,0000886128,10-K,2011-01-14,edgar/data/886128/0000950123-11-003053.txt
SAGA COMMUNICATIONS INC,0000886136,10-K,2011-03-16,edgar/data/886136/0000950123-11-025982.txt
LIGAND PHARMACEUTICALS INC,0000886163,10-K,2011-03-03,edgar/data/886163/0001193125-11-055119.txt
UNIVERSAL HOSPITAL SERVICES INC,0000886171,10-K,2011-03-09,edgar/data/886171/0001104659-11-013301.txt
KADANT INC,0000886346,10-K,2011-03-17,edgar/data/886346/0001193125-11-069984.txt
GERON CORP,0000886744,10-K,2011-02-25,edgar/data/886744/0001206774-11-000317.txt
SUPERIOR ENERGY SERVICES INC,0000886835,10-K,2011-02-25,edgar/data/886835/0000950123-11-018483.txt
AVON PRODUCTS INC,0000008868,10-K,2011-02-24,edgar/data/8868/0001193125-11-044531.txt
ZUNICOM INC,0000886912,10-K,2011-03-31,edgar/data/886912/0001017386-11-000048.txt
GOLDMAN SACHS GROUP INC,0000886982,10-K,2011-03-01,edgar/data/886982/0000950123-11-020067.txt
CROGHAN BANCSHARES INC,0000887149,10-K,2011-03-28,edgar/data/887149/0000950123-11-029470.txt
HAMPSHIRE GROUP LTD,0000887150,10-K,2011-03-21,edgar/data/887150/0001437749-11-001619.txt
Capstone Therapeutics Corp.,0000887151,10-K,2011-03-29,edgar/data/887151/0001171843-11-000867.txt
COLUMBIA BANKING SYSTEM INC,0000887343,10-K,2011-03-01,edgar/data/887343/0001193125-11-051645.txt
EMPIRE PETROLEUM CORP,0000887396,10-K,2011-03-23,edgar/data/887396/0000887396-11-000005.txt
SOUTHWEST ROYALTIES INSTITUTIONAL INCOME FUND X-C LP,0000887426,10-K,2011-03-31,edgar/data/887426/0000887426-11-000001.txt
CHEESECAKE FACTORY INC,0000887596,10-K,2011-02-23,edgar/data/887596/0001104659-11-009361.txt
RAILAMERICA INC /DE,0000887637,10-K,2011-03-04,edgar/data/887637/0000950123-11-022109.txt
LTC PROPERTIES INC,0000887905,10-K,2011-02-23,edgar/data/887905/0001047469-11-001202.txt
INTRICON CORP,0000088790,10-K,2011-03-08,edgar/data/88790/0000897101-11-000364.txt
PREMIER FINANCIAL BANCORP INC,0000887919,10-K,2011-03-29,edgar/data/887919/0000887919-11-000010.txt
REVLON INC /DE/,0000887921,10-K,2011-02-17,edgar/data/887921/0000950123-11-014964.txt
FTI CONSULTING INC,0000887936,10-K,2011-02-25,edgar/data/887936/0001193125-11-047591.txt
MRV COMMUNICATIONS INC,0000887969,10-K,2011-03-16,edgar/data/887969/0000887969-11-000006.txt
AXA FINANCIAL INC,0000888002,10-K,2011-03-10,edgar/data/888002/0000089024-11-000129.txt
INTERACTIVE DATA CORP/MA/,0000888165,10-K,2011-03-31,edgar/data/888165/0001193125-11-085147.txt
KINDER MORGAN ENERGY PARTNERS L P,0000888228,10-K,2011-02-22,edgar/data/888228/0000888228-11-000011.txt
NESTOR PARTNERS,0000888471,10-K,2011-03-30,edgar/data/888471/0001144204-11-018301.txt
OMEGA HEALTHCARE INVESTORS INC,0000888491,10-K,2011-02-28,edgar/data/888491/0000888491-11-000015.txt
PSI CORP,0000888702,10-K,2011-02-08,edgar/data/888702/0001145443-11-000143.txt
HCC INSURANCE HOLDINGS INC/DE/,0000888919,10-K,2011-02-28,edgar/data/888919/0000950123-11-019878.txt
ONLINE RESOURCES CORP,0000888953,10-K,2011-03-15,edgar/data/888953/0000950123-11-025556.txt
NOCOPI TECHNOLOGIES INC/MD/,0000888981,10-K,2011-03-31,edgar/data/888981/0000950123-11-031473.txt
LITTELFUSE INC /DE,0000889331,10-K,2011-02-25,edgar/data/889331/0001437749-11-001080.txt
CPI AEROSTRUCTURES INC,0000889348,10-K,2011-03-14,edgar/data/889348/0000889348-11-000006.txt
SEMTECH CORP,0000088941,10-K,2011-03-31,edgar/data/88941/0001193125-11-084847.txt
SATCON TECHNOLOGY CORP,0000889423,10-K,2011-03-15,edgar/data/889423/0001047469-11-002173.txt
"SyntheMed, Inc.",0000889428,10-K,2011-03-25,edgar/data/889428/0001144204-11-017163.txt
UNITED ARTISTS THEATRE CIRCUIT INC /MD/,0000889570,10-K,2011-03-21,edgar/data/889570/0001104659-11-015555.txt
CONSUMER PORTFOLIO SERVICES INC,0000889609,10-K,2011-03-31,edgar/data/889609/0000889609-11-000005.txt
PATTERSON UTI ENERGY INC,0000889900,10-K,2011-02-14,edgar/data/889900/0000950123-11-013816.txt
"PRIVATEBANCORP, INC",0000889936,10-K,2011-03-01,edgar/data/889936/0001193125-11-052202.txt
GLEN BURNIE BANCORP,0000890066,10-K,2011-03-11,edgar/data/890066/0001144204-11-014227.txt
TAUBMAN CENTERS INC,0000890319,10-K,2011-02-25,edgar/data/890319/0000890319-11-000009.txt
"MoSys, Inc.",0000890394,10-K,2011-03-15,edgar/data/890394/0001047469-11-002158.txt
Vertex Energy Inc.,0000890447,10-K,2011-03-31,edgar/data/890447/0001432093-11-000145.txt
NPS PHARMACEUTICALS INC,0000890465,10-K,2011-02-15,edgar/data/890465/0001136261-11-000083.txt
FIRST USA CREDIT CARD MASTER TRUST,0000890493,10-K,2011-03-30,edgar/data/890493/0001193125-11-083099.txt
FIRST USA CREDIT CARD MASTER TRUST,0000890493,10-K,2011-03-30,edgar/data/890493/0001193125-11-083111.txt
REVLON CONSUMER PRODUCTS CORP,0000890547,10-K,2011-02-17,edgar/data/890547/0000950123-11-014970.txt
ON ASSIGNMENT INC,0000890564,10-K,2011-03-16,edgar/data/890564/0000890564-11-000016.txt
"McAfee, Inc.",0000890801,10-K,2011-02-28,edgar/data/890801/0000950123-11-019014.txt
SPATIALIZER AUDIO LABORATORIES INC,0000890821,10-K,2011-03-07,edgar/data/890821/0001477932-11-000241.txt
SERVICE CORPORATION INTERNATIONAL,0000089089,10-K,2011-02-14,edgar/data/89089/0000950123-11-013833.txt
RADIAN GROUP INC,0000890926,10-K,2011-03-01,edgar/data/890926/0001193125-11-052373.txt
MINERALS TECHNOLOGIES INC,0000891014,10-K,2011-02-25,edgar/data/891014/0000891014-11-000007.txt
STERLING BANCSHARES INC,0000891098,10-K,2011-03-09,edgar/data/891098/0001193125-11-060568.txt
IAC/INTERACTIVECORP,0000891103,10-K,2011-03-01,edgar/data/891103/0001047469-11-001622.txt
STERLING FINANCIAL CORP /WA/,0000891106,10-K,2011-03-08,edgar/data/891106/0001193125-11-058544.txt
"UNIVERSAL INSURANCE HOLDINGS, INC.",0000891166,10-K,2011-03-31,edgar/data/891166/0000950123-11-031614.txt
EPICOR SOFTWARE CORP,0000891178,10-K,2011-03-14,edgar/data/891178/0001193125-11-065923.txt
QUESTCOR PHARMACEUTICALS INC,0000891288,10-K,2011-02-23,edgar/data/891288/0001193125-11-043600.txt
CELL THERAPEUTICS INC,0000891293,10-K,2011-02-16,edgar/data/891293/0001193125-11-037943.txt
SERVOTRONICS INC /DE/,0000089140,10-K,2011-03-30,edgar/data/89140/0001110550-11-000007.txt
"Applied Nanotech Holdings, Inc",0000891417,10-K,2011-03-01,edgar/data/891417/0001019687-11-000667.txt
PLAINS EXPLORATION & PRODUCTION CO,0000891456,10-K,2011-02-24,edgar/data/891456/0001193125-11-044429.txt
FULL HOUSE RESORTS INC,0000891482,10-K,2011-03-08,edgar/data/891482/0000950123-11-022778.txt
PERMA FIX ENVIRONMENTAL SERVICES INC,0000891532,10-K,2011-03-11,edgar/data/891532/0001140361-11-016053.txt
"DERMA SCIENCES, INC.",0000892160,10-K,2011-03-29,edgar/data/892160/0001144204-11-018050.txt
RIMAGE CORP,0000892482,10-K,2011-03-14,edgar/data/892482/0000897101-11-000403.txt
MANTECH INTERNATIONAL CORP,0000892537,10-K,2011-02-25,edgar/data/892537/0001193125-11-047275.txt
CHART INDUSTRIES INC,0000892553,10-K,2011-02-28,edgar/data/892553/0001193125-11-049498.txt
SL INDUSTRIES INC,0000089270,10-K,2011-03-31,edgar/data/89270/0000950123-11-031499.txt
SANDSTON CORP,0000892832,10-K,2011-03-25,edgar/data/892832/0001144204-11-017020.txt
ATEL CASH DISTRIBUTION FUND V L P,0000892875,10-K,2011-03-24,edgar/data/892875/0001144204-11-016779.txt
WARREN RESOURCES INC,0000892986,10-K,2011-03-02,edgar/data/892986/0001047469-11-001666.txt
NORTHWEST BANCORPORATION INC,0000893467,10-K,2011-03-29,edgar/data/893467/0001193125-11-081410.txt
SM Energy Co,0000893538,10-K,2011-02-25,edgar/data/893538/0001104659-11-010268.txt
HARRIS & HARRIS GROUP INC /NY/,0000893739,10-K,2011-03-16,edgar/data/893739/0001144204-11-015030.txt
"HAWTHORN BANCSHARES, INC.",0000893847,10-K,2011-03-30,edgar/data/893847/0000950123-11-030599.txt
"MEDNAX, INC.",0000893949,10-K,2011-02-24,edgar/data/893949/0001193125-11-045579.txt
"Air Transport Services Group, Inc.",0000894081,10-K,2011-03-08,edgar/data/894081/0000894081-11-000006.txt
"ADEONA PHARMACEUTICALS, INC.",0000894158,10-K,2011-03-31,edgar/data/894158/0001144204-11-019139.txt
AEI NET LEASE INCOME & GROWTH FUND XX LIMITED PARTNERSHIP,0000894245,10-K,2011-03-28,edgar/data/894245/0001326321-11-000006.txt
DEVELOPERS DIVERSIFIED REALTY CORP,0000894315,10-K,2011-02-28,edgar/data/894315/0000950123-11-019812.txt
DISCOVER CARD MASTER TRUST I,0000894329,10-K,2011-02-17,edgar/data/894329/0001193125-11-039038.txt
MUELLER INDUSTRIES INC,0000089439,10-K,2011-02-22,edgar/data/89439/0000089439-11-000003.txt
ARKANSAS BEST CORP /DE/,0000894405,10-K,2011-02-23,edgar/data/894405/0001104659-11-009380.txt
CHANCELLOR GROUP INC/,0000894544,10-K,2011-03-28,edgar/data/894544/0001144204-11-017355.txt
BIOETHICS LTD,0000894560,10-K,2011-03-29,edgar/data/894560/0001038838-11-000088.txt
VAALCO ENERGY INC /DE/,0000894627,10-K,2011-03-14,edgar/data/894627/0001193125-11-065764.txt
OHIO VALLEY BANC CORP,0000894671,10-K,2011-03-16,edgar/data/894671/0001513044-11-000003.txt
INTEGRATED SURGICAL SYSTEMS INC,0000894871,10-K,2011-03-25,edgar/data/894871/0001140361-11-018717.txt
ENTREMED INC,0000895051,10-K,2011-03-30,edgar/data/895051/0001144204-11-018176.txt
CHESAPEAKE ENERGY CORP,0000895126,10-K,2011-03-01,edgar/data/895126/0001193125-11-052349.txt
EQUITY LIFESTYLE PROPERTIES INC,0000895417,10-K,2011-02-24,edgar/data/895417/0000950123-11-017755.txt
MORGAN STANLEY,0000895421,10-K,2011-02-28,edgar/data/895421/0001193125-11-050049.txt
"ROCKY BRANDS, INC.",0000895456,10-K,2011-02-28,edgar/data/895456/0001144204-11-011432.txt
MERRILL LYNCH MUNICIPAL ABS INC,0000895472,10-K,2011-03-30,edgar/data/895472/0001068238-11-000131.txt
EASTERN AMERICAN NATURAL GAS TRUST,0000895474,10-K,2011-03-11,edgar/data/895474/0001047469-11-002031.txt
DEARBORN BANCORP INC /MI/,0000895541,10-K,2011-03-21,edgar/data/895541/0000950123-11-027340.txt
ENER1 INC,0000895642,10-K,2011-03-10,edgar/data/895642/0001144204-11-014018.txt
JARDEN CORP,0000895655,10-K,2011-02-24,edgar/data/895655/0001193125-11-045400.txt
GLOBAL INDUSTRIES LTD,0000895663,10-K,2011-02-25,edgar/data/895663/0000950123-11-018760.txt
SUPERCONDUCTOR TECHNOLOGIES INC,0000895665,10-K,2011-03-21,edgar/data/895665/0000950123-11-027401.txt
AMSURG CORP,0000895930,10-K,2011-02-25,edgar/data/895930/0000950123-11-018839.txt
ACE Ltd,0000896159,10-K,2011-02-25,edgar/data/896159/0001193125-11-047473.txt
AMEDISYS INC,0000896262,10-K,2011-02-22,edgar/data/896262/0001193125-11-042171.txt
USANA HEALTH SCIENCES INC,0000896264,10-K,2011-03-14,edgar/data/896264/0001104659-11-014052.txt
DIGITAL POWER CORP,0000896493,10-K,2011-03-30,edgar/data/896493/0001144204-11-018077.txt
APTARGROUP INC,0000896622,10-K,2011-02-25,edgar/data/896622/0001047469-11-001408.txt
GEOGLOBAL RESOURCES INC.,0000896726,10-K,2011-03-31,edgar/data/896726/0000896726-11-000013.txt
AMERICAN BIO MEDICA CORP,0000896747,10-K,2011-03-25,edgar/data/896747/0001144204-11-017192.txt
CONCEPTUS INC,0000896778,10-K,2011-03-15,edgar/data/896778/0001193125-11-067374.txt
"AVID TECHNOLOGY, INC.",0000896841,10-K,2011-03-14,edgar/data/896841/0000896841-11-000022.txt
CYMER INC,0000897067,10-K,2011-02-18,edgar/data/897067/0001193125-11-040236.txt
REPROS THERAPEUTICS INC.,0000897075,10-K,2011-03-28,edgar/data/897075/0001144204-11-017629.txt
ALAMO GROUP INC,0000897077,10-K,2011-03-15,edgar/data/897077/0001003297-11-000103.txt
CHICOS FAS INC,0000897429,10-K,2011-03-22,edgar/data/897429/0000950123-11-027819.txt
AMARIN CORP PLC\UK,0000897448,10-K,2011-03-16,edgar/data/897448/0001193125-11-068866.txt
SHERWIN WILLIAMS CO,0000089800,10-K,2011-02-23,edgar/data/89800/0000950123-11-017092.txt
DIMECO INC,0000898037,10-K,2011-03-25,edgar/data/898037/0001193125-11-077689.txt
UWHARRIE CAPITAL CORP,0000898171,10-K,2011-03-31,edgar/data/898171/0001193125-11-084958.txt
O REILLY AUTOMOTIVE INC,0000898173,10-K,2011-02-28,edgar/data/898173/0001193125-11-049998.txt
REINSURANCE GROUP OF AMERICA INC,0000898174,10-K,2011-02-28,edgar/data/898174/0000950123-11-019862.txt
ANIKA THERAPEUTICS INC,0000898437,10-K,2011-03-16,edgar/data/898437/0001157523-11-001610.txt
STATION CASINOS INC,0000898660,10-K,2011-03-31,edgar/data/898660/0001047469-11-003009.txt
LAMAR MEDIA CORP/DE,0000899045,10-K,2011-02-25,edgar/data/899045/0000950123-11-018470.txt
ALLSTATE CORP,0000899051,10-K,2011-02-24,edgar/data/899051/0001047469-11-001286.txt
"Harbor BioSciences, Inc.",0000899394,10-K,2011-03-31,edgar/data/899394/0001193125-11-084453.txt
MANNKIND CORP,0000899460,10-K,2011-03-16,edgar/data/899460/0000950123-11-026011.txt
ACADIA REALTY TRUST,0000899629,10-K,2011-02-28,edgar/data/899629/0000930413-11-001472.txt
RIVIERA HOLDINGS CORP,0000899647,10-K,2011-03-21,edgar/data/899647/0001144204-11-016017.txt
VORNADO REALTY TRUST,0000899689,10-K,2011-02-23,edgar/data/899689/0000899689-11-000003.txt
TANGER FACTORY OUTLET CENTERS INC,0000899715,10-K,2011-02-28,edgar/data/899715/0000899715-11-000018.txt
OM GROUP INC,0000899723,10-K,2011-02-24,edgar/data/899723/0000950123-11-017806.txt
HEALTHCARE REALTY TRUST INC,0000899749,10-K,2011-02-22,edgar/data/899749/0000950123-11-016562.txt
TITAN INTERNATIONAL INC,0000899751,10-K,2011-02-24,edgar/data/899751/0000899751-11-000007.txt
ALEXION PHARMACEUTICALS INC,0000899866,10-K,2011-02-17,edgar/data/899866/0001193125-11-039250.txt
PROLOGIS,0000899881,10-K,2011-02-28,edgar/data/899881/0000950123-11-019274.txt
THOMAS GROUP INC,0000900017,10-K,2011-03-24,edgar/data/900017/0001047469-11-002594.txt
HUMAN GENOME SCIENCES INC,0000901219,10-K,2011-02-24,edgar/data/901219/0000950123-11-017837.txt
SIERRA PACIFIC POWER CO,0000090144,10-K,2011-02-28,edgar/data/90144/0000741508-11-000015.txt
PAPA JOHNS INTERNATIONAL INC,0000901491,10-K,2011-02-22,edgar/data/901491/0001157523-11-001056.txt
BLUE VALLEY BAN CORP,0000901842,10-K,2011-03-22,edgar/data/901842/0000950123-11-027705.txt
SIGMA ALDRICH CORP,0000090185,10-K,2011-02-09,edgar/data/90185/0001193125-11-028579.txt
LIBBEY INC,0000902274,10-K,2011-03-14,edgar/data/902274/0000950123-11-025113.txt
ICAGEN INC,0000902622,10-K,2011-03-09,edgar/data/902622/0001193125-11-061042.txt
POST PROPERTIES INC,0000903127,10-K,2011-03-01,edgar/data/903127/0001193125-11-051404.txt
AMERIGON INC,0000903129,10-K,2011-02-17,edgar/data/903129/0001193125-11-039213.txt
GOLDEN STAR RESOURCES LTD,0000903571,10-K,2011-02-24,edgar/data/903571/0001193125-11-043945.txt
INNODATA ISOGEN INC,0000903651,10-K,2011-02-28,edgar/data/903651/0001144204-11-011474.txt
STONE ENERGY CORP,0000904080,10-K,2011-03-03,edgar/data/904080/0000950123-11-021636.txt
AMERICAN NATIONAL INSURANCE CO /TX/,0000904163,10-K,2011-03-02,edgar/data/904163/0000950123-11-021302.txt
N-VIRO INTERNATIONAL CORP,0000904896,10-K,2011-03-31,edgar/data/904896/0000904896-11-000008.txt
BlackRock Global Horizons I L.P.,0000904918,10-K,2011-03-25,edgar/data/904918/0001104659-11-016738.txt
SUN HEALTHCARE GROUP INC,0000904978,10-K,2011-03-03,edgar/data/904978/0000904978-11-000011.txt
SIMMONS FIRST NATIONAL CORP,0000090498,10-K,2011-03-04,edgar/data/90498/0001157523-11-001397.txt
EQUITY RESIDENTIAL,0000906107,10-K,2011-02-24,edgar/data/906107/0000950123-11-017717.txt
NVR INC,0000906163,10-K,2011-02-25,edgar/data/906163/0000950123-11-018386.txt
CAMDEN PROPERTY TRUST,0000906345,10-K,2011-02-24,edgar/data/906345/0000950123-11-017763.txt
Vu1 CORP,0000906448,10-K,2011-03-31,edgar/data/906448/0001144204-11-019116.txt
QCR HOLDINGS INC,0000906465,10-K,2011-03-07,edgar/data/906465/0000950123-11-022731.txt
BOYD GAMING CORP,0000906553,10-K,2011-03-15,edgar/data/906553/0001445305-11-000424.txt
NEKTAR THERAPEUTICS,0000906709,10-K,2011-03-01,edgar/data/906709/0000950123-11-020657.txt
EMPIRE RESORTS INC,0000906780,10-K,2011-03-18,edgar/data/906780/0000921895-11-000548.txt
PERVASIP CORP,0000090721,10-K,2011-03-16,edgar/data/90721/0001437749-11-001580.txt
MONARCH CASINO & RESORT INC,0000907242,10-K,2011-03-16,edgar/data/907242/0001104659-11-014476.txt
SAUL CENTERS INC,0000907254,10-K,2011-03-04,edgar/data/907254/0001193125-11-055206.txt
DYAX CORP,0000907562,10-K,2011-03-02,edgar/data/907562/0001144204-11-012343.txt
FX ENERGY INC,0000907649,10-K,2011-03-07,edgar/data/907649/0001038838-11-000063.txt
"ARCA biopharma, Inc.",0000907654,10-K,2011-03-09,edgar/data/907654/0001193125-11-059626.txt
BORGWARNER INC,0000908255,10-K,2011-02-10,edgar/data/908255/0000950123-11-011507.txt
OXIGENE INC,0000908259,10-K,2011-03-16,edgar/data/908259/0000950123-11-026032.txt
PMC COMMERCIAL TRUST /TX,0000908311,10-K,2011-03-16,edgar/data/908311/0000950123-11-025792.txt
WINMARK CORP,0000908315,10-K,2011-03-10,edgar/data/908315/0001104659-11-013564.txt
AETRIUM INC,0000908598,10-K,2011-03-30,edgar/data/908598/0000908598-11-000005.txt
LANDRYS RESTAURANTS INC,0000908652,10-K,2011-03-16,edgar/data/908652/0001193125-11-068593.txt
CHEETAH OIL & GAS LTD.,0000908821,10-K,2011-03-31,edgar/data/908821/0001062993-11-001261.txt
NB&T FINANCIAL GROUP INC,0000908837,10-K,2011-03-15,edgar/data/908837/0001193125-11-066951.txt
SIRIUS XM RADIO INC.,0000908937,10-K,2011-02-16,edgar/data/908937/0000950123-11-014617.txt
DIAMOND HILL INVESTMENT GROUP INC,0000909108,10-K,2011-02-25,edgar/data/909108/0000950123-11-018723.txt
COLONIAL PROPERTIES TRUST,0000909111,10-K,2011-02-28,edgar/data/909111/0000909111-11-000006.txt
ONEOK Partners LP,0000909281,10-K,2011-02-22,edgar/data/909281/0000909281-11-000024.txt
BADGER METER INC,0000009092,10-K,2011-02-28,edgar/data/9092/0000950123-11-019728.txt
TUCOWS INC /PA/,0000909494,10-K,2011-03-22,edgar/data/909494/0001047469-11-002439.txt
TANDY LEATHER FACTORY INC,0000909724,10-K,2011-03-30,edgar/data/909724/0000909724-11-000007.txt
ULTRATECH INC,0000909791,10-K,2011-03-01,edgar/data/909791/0001193125-11-051909.txt
NEW YORK COMMUNITY BANCORP INC,0000910073,10-K,2011-03-01,edgar/data/910073/0001193125-11-052335.txt
LEXINGTON REALTY TRUST,0000910108,10-K,2011-02-28,edgar/data/910108/0001140361-11-012709.txt
TITAN PHARMACEUTICALS INC,0000910267,10-K,2011-03-25,edgar/data/910267/0001193125-11-078230.txt
ASTORIA FINANCIAL CORP,0000910322,10-K,2011-02-25,edgar/data/910322/0001144204-11-011062.txt
CAMPBELL STRATEGIC ALLOCATION FUND LP,0000910467,10-K,2011-03-31,edgar/data/910467/0000950123-11-031602.txt
DECKERS OUTDOOR CORP,0000910521,10-K,2011-03-01,edgar/data/910521/0001047469-11-001618.txt
REGENCY CENTERS CORP,0000910606,10-K,2011-03-01,edgar/data/910606/0001193125-11-051803.txt
CBL & ASSOCIATES PROPERTIES INC,0000910612,10-K,2011-03-01,edgar/data/910612/0000910612-11-000009.txt
3D SYSTEMS CORP,0000910638,10-K,2011-02-17,edgar/data/910638/0000950123-11-014949.txt
LODGENET INTERACTIVE CORP,0000911002,10-K,2011-03-14,edgar/data/911002/0000950123-11-025096.txt
MOBILE MINI INC,0000911109,10-K,2011-03-01,edgar/data/911109/0000950123-11-020660.txt
CENTURY CASINOS INC /CO/,0000911147,10-K,2011-03-31,edgar/data/911147/0000911147-11-000003.txt
CADUS CORP,0000911148,10-K,2011-03-30,edgar/data/911148/0001144204-11-018117.txt
TRIMERIS INC,0000911326,10-K,2011-03-14,edgar/data/911326/0001193125-11-065867.txt
PARTNERRE LTD,0000911421,10-K,2011-02-28,edgar/data/911421/0001193125-11-049296.txt
SMITH A O CORP,0000091142,10-K,2011-02-24,edgar/data/91142/0001193125-11-045134.txt
DIVERSIFIED MULTI-ADVISOR FUTURES FUND L.P.,0000911503,10-K,2011-03-31,edgar/data/911503/0000950123-11-031434.txt
STEINWAY MUSICAL INSTRUMENTS INC,0000911583,10-K,2011-03-15,edgar/data/911583/0001047469-11-002131.txt
TRIAD GUARANTY INC,0000911631,10-K,2011-03-18,edgar/data/911631/0001140361-11-017573.txt
ASSOCIATED ESTATES REALTY CORP,0000911635,10-K,2011-02-23,edgar/data/911635/0000911635-11-000012.txt
AMERISTAR CASINOS INC,0000912145,10-K,2011-03-16,edgar/data/912145/0000950123-11-025893.txt
CUBIST PHARMACEUTICALS INC,0000912183,10-K,2011-02-23,edgar/data/912183/0001047469-11-001194.txt
MACERICH CO,0000912242,10-K,2011-02-25,edgar/data/912242/0001047469-11-001377.txt
TALBOTS INC,0000912263,10-K,2011-03-30,edgar/data/912263/0000950123-11-030869.txt
EVERGREEN ENERGY INC,0000912365,10-K,2011-03-14,edgar/data/912365/0001047469-11-002123.txt
NATIONAL BANK OF INDIANAPOLIS CORP,0000912382,10-K,2011-03-11,edgar/data/912382/0000950123-11-024602.txt
GUESS INC,0000912463,10-K,2011-03-28,edgar/data/912463/0001047469-11-002760.txt
CYTEC INDUSTRIES INC/DE/,0000912513,10-K,2011-02-24,edgar/data/912513/0001193125-11-045207.txt
"GIBRALTAR INDUSTRIES, INC.",0000912562,10-K,2011-02-25,edgar/data/912562/0000950123-11-018507.txt
SUN COMMUNITIES INC,0000912593,10-K,2011-02-24,edgar/data/912593/0000912593-11-000005.txt
MID AMERICA APARTMENT COMMUNITIES INC,0000912595,10-K,2011-02-24,edgar/data/912595/0001144204-11-010787.txt
CRONOS GLOBAL INCOME FUND XV LP,0000912605,10-K,2011-03-16,edgar/data/912605/0000950123-11-025917.txt
MACE SECURITY INTERNATIONAL INC,0000912607,10-K,2011-03-30,edgar/data/912607/0001144204-11-018269.txt
FORWARD AIR CORP,0000912728,10-K,2011-02-24,edgar/data/912728/0000912728-11-000006.txt
NEWFIELD EXPLORATION CO /DE/,0000912750,10-K,2011-02-25,edgar/data/912750/0000950123-11-018593.txt
SINCLAIR BROADCAST GROUP INC,0000912752,10-K,2011-03-04,edgar/data/912752/0001104659-11-012400.txt
UNIVERSAL FOREST PRODUCTS INC,0000912767,10-K,2011-02-22,edgar/data/912767/0000950123-11-016476.txt
WEST MARINE INC,0000912833,10-K,2011-03-14,edgar/data/912833/0001193125-11-065857.txt
VITAL IMAGES INC,0000912888,10-K,2011-03-14,edgar/data/912888/0000912888-11-000007.txt
GLIMCHER REALTY TRUST,0000912898,10-K,2011-02-23,edgar/data/912898/0001437749-11-001026.txt
AFFYMETRIX INC,0000913077,10-K,2011-02-28,edgar/data/913077/0000913077-11-000013.txt
BELDEN INC.,0000913142,10-K,2011-02-25,edgar/data/913142/0000950123-11-018365.txt
RENAISSANCERE HOLDINGS LTD,0000913144,10-K,2011-02-25,edgar/data/913144/0001193125-11-045963.txt
EXACTECH INC,0000913165,10-K,2011-03-16,edgar/data/913165/0001193125-11-067404.txt
"STEVEN MADDEN, LTD.",0000913241,10-K,2011-02-28,edgar/data/913241/0001019056-11-000275.txt
"Black Diamond, Inc.",0000913277,10-K,2011-03-15,edgar/data/913277/0001144204-11-014717.txt
C & F FINANCIAL CORP,0000913341,10-K,2011-03-03,edgar/data/913341/0001193125-11-054791.txt
CAMBRIDGE HEART INC,0000913443,10-K,2011-03-23,edgar/data/913443/0001193125-11-074521.txt
SPOT MOBILE INTERNATIONAL LTD.,0000913659,10-K,2011-02-15,edgar/data/913659/0001193125-11-036857.txt
ORTHOVITA INC,0000913756,10-K,2011-03-16,edgar/data/913756/0001193125-11-068558.txt
TRIQUINT SEMICONDUCTOR INC,0000913885,10-K,2011-02-24,edgar/data/913885/0001445305-11-000319.txt
MIDDLEBURG FINANCIAL CORP,0000914138,10-K,2011-03-16,edgar/data/914138/0001002105-11-000046.txt
PARKERVISION INC,0000914139,10-K,2011-03-31,edgar/data/914139/0001398344-11-000730.txt
UFP TECHNOLOGIES INC,0000914156,10-K,2011-03-16,edgar/data/914156/0001104659-11-014612.txt
Invesco Ltd.,0000914208,10-K,2011-02-25,edgar/data/914208/0000950123-11-018684.txt
FEI CO,0000914329,10-K,2011-02-18,edgar/data/914329/0001193125-11-040248.txt
SOUTHWEST BANCORP INC,0000914374,10-K,2011-03-08,edgar/data/914374/0000950123-11-022746.txt
SNAP-ON Inc,0000091440,10-K,2011-02-17,edgar/data/91440/0001193125-11-038686.txt
NEUROCRINE BIOSCIENCES INC,0000914475,10-K,2011-02-10,edgar/data/914475/0001193125-11-030707.txt
SFN Group Inc.,0000914536,10-K,2011-03-04,edgar/data/914536/0000914536-11-000028.txt
BRAZIL FAST FOOD CORP,0000914537,10-K,2011-02-16,edgar/data/914537/0000950123-11-014438.txt
TRANS WORLD CORP,0000914577,10-K,2011-03-14,edgar/data/914577/0001104659-11-014010.txt
MORGAN STANLEY SMITH BARNEY CHARTER ASPECT L.P.,0000914747,10-K,2011-03-29,edgar/data/914747/0000914747-11-000007.txt
EVEREST REINSURANCE HOLDINGS INC,0000914748,10-K,2011-03-30,edgar/data/914748/0000914748-11-000008.txt
EASTMAN CHEMICAL CO,0000915389,10-K,2011-02-23,edgar/data/915389/0000915389-11-000022.txt
STRATASYS INC,0000915735,10-K,2011-03-09,edgar/data/915735/0001206774-11-000449.txt
KEYCORP /NEW/,0000091576,10-K,2011-02-24,edgar/data/91576/0000950123-11-017655.txt
DSP GROUP INC /DE/,0000915778,10-K,2011-03-16,edgar/data/915778/0001193125-11-068724.txt
AVALONBAY COMMUNITIES INC,0000915912,10-K,2011-02-23,edgar/data/915912/0001157523-11-001108.txt
ALBEMARLE CORP,0000915913,10-K,2011-02-25,edgar/data/915913/0001193125-11-047404.txt
MARTIN MARIETTA MATERIALS INC,0000916076,10-K,2011-02-25,edgar/data/916076/0000950123-11-018849.txt
HEALTH NET INC,0000916085,10-K,2011-02-28,edgar/data/916085/0001193125-11-048469.txt
TRACTOR SUPPLY CO /DE/,0000916365,10-K,2011-02-23,edgar/data/916365/0000916365-11-000013.txt
CALPINE CORP,0000916457,10-K,2011-02-18,edgar/data/916457/0001193125-11-039475.txt
GARDNER DENVER INC,0000916459,10-K,2011-02-28,edgar/data/916459/0000950123-11-019709.txt
AROTECH CORP,0000916529,10-K,2011-03-30,edgar/data/916529/0001185185-11-000384.txt
DARLING INTERNATIONAL INC,0000916540,10-K,2011-03-02,edgar/data/916540/0000916540-11-000005.txt
"INTEGRYS ENERGY GROUP, INC.",0000916863,10-K,2011-02-24,edgar/data/916863/0000916863-11-000065.txt
RIDGEWOOD ELECTRIC POWER TRUST III,0000917032,10-K,2011-02-25,edgar/data/917032/0001214659-11-000628.txt
SOLITARIO EXPLORATION & ROYALTY CORP.,0000917225,10-K,2011-03-11,edgar/data/917225/0000917225-11-000001.txt
AGREE REALTY CORP,0000917251,10-K,2011-03-15,edgar/data/917251/0001144204-11-014831.txt
RAMBUS INC,0000917273,10-K,2011-02-25,edgar/data/917273/0000950123-11-018714.txt
SONESTA INTERNATIONAL HOTELS CORP,0000091741,10-K,2011-03-28,edgar/data/91741/0000091741-11-000003.txt
OLYMPIC STEEL INC,0000917470,10-K,2011-02-24,edgar/data/917470/0000950123-11-017858.txt
FARO TECHNOLOGIES INC,0000917491,10-K,2011-02-25,edgar/data/917491/0001193125-11-046911.txt
INTEGRA LIFESCIENCES HOLDINGS CORP,0000917520,10-K,2011-02-24,edgar/data/917520/0000950123-11-017602.txt
"Nexxus Lighting, Inc.",0000917523,10-K,2011-03-25,edgar/data/917523/0001193125-11-077293.txt
SONOCO PRODUCTS CO,0000091767,10-K,2011-02-28,edgar/data/91767/0001193125-11-048615.txt
PEETS COFFEE & TEA INC,0000917968,10-K,2011-03-18,edgar/data/917968/0001144204-11-015663.txt
AK STEEL HOLDING CORP,0000918160,10-K,2011-02-22,edgar/data/918160/0000918160-11-000007.txt
NN INC,0000918541,10-K,2011-03-15,edgar/data/918541/0001005794-11-000053.txt
CASTLE GROUP INC,0000918543,10-K,2011-03-31,edgar/data/918543/0001010412-11-000119.txt
Gaming Partners International CORP,0000918580,10-K,2011-03-29,edgar/data/918580/0001144204-11-017973.txt
CIBER INC,0000918581,10-K,2011-02-25,edgar/data/918581/0001104659-11-010195.txt
SOUTH CAROLINA ELECTRIC & GAS CO,0000091882,10-K,2011-03-01,edgar/data/91882/0001047469-11-001603.txt
BRIGHTPOINT INC,0000918946,10-K,2011-02-25,edgar/data/918946/0000950123-11-018560.txt
INTERNATIONAL TEXTILE GROUP INC,0000918964,10-K,2011-03-31,edgar/data/918964/0001437749-11-001969.txt
AMERICAN EAGLE OUTFITTERS INC,0000919012,10-K,2011-03-11,edgar/data/919012/0000950123-11-024788.txt
WAVE SYSTEMS CORP,0000919013,10-K,2011-03-15,edgar/data/919013/0001047469-11-002174.txt
Onstream Media CORP,0000919130,10-K,2011-01-07,edgar/data/919130/0001144204-11-001355.txt
MENDOCINO BREWING CO INC,0000919134,10-K,2011-03-31,edgar/data/919134/0001144204-11-019197.txt
SOUTH JERSEY INDUSTRIES INC,0000091928,10-K,2011-03-01,edgar/data/91928/0001140361-11-013012.txt
LACROSSE FOOTWEAR INC,0000919443,10-K,2011-03-04,edgar/data/919443/0000950123-11-022115.txt
BIOCORAL INC,0000919605,10-K,2011-03-31,edgar/data/919605/0001140361-11-019771.txt
SUPERGEN INC,0000919722,10-K,2011-03-09,edgar/data/919722/0001047469-11-001902.txt
Sanswire Corp.,0000919742,10-K,2011-03-30,edgar/data/919742/0001144204-11-018223.txt
"DARA BioSciences, Inc.",0000919745,10-K,2011-03-25,edgar/data/919745/0001193125-11-078112.txt
NORTHWEST INDIANA BANCORP,0000919864,10-K,2011-02-22,edgar/data/919864/0001144204-11-009950.txt
FENTURA FINANCIAL INC,0000919865,10-K,2011-03-14,edgar/data/919865/0000950123-11-025160.txt
ADVOCAT INC,0000919956,10-K,2011-03-07,edgar/data/919956/0000950123-11-022640.txt
BANK JOS A CLOTHIERS INC /DE/,0000920033,10-K,2011-03-30,edgar/data/920033/0000950123-11-030440.txt
HEARTLAND FINANCIAL USA INC,0000920112,10-K,2011-03-16,edgar/data/920112/0000920112-11-000011.txt
LABORATORY CORP OF AMERICA HOLDINGS,0000920148,10-K,2011-03-01,edgar/data/920148/0000920148-11-000021.txt
"CENVEO, INC",0000920321,10-K,2011-03-02,edgar/data/920321/0001068800-11-000011.txt
SIMPSON MANUFACTURING CO INC /CA/,0000920371,10-K,2011-02-28,edgar/data/920371/0001104659-11-010904.txt
INVESTMENT TECHNOLOGY GROUP INC,0000920424,10-K,2011-02-28,edgar/data/920424/0001047469-11-001545.txt
UNITY BANCORP INC /NJ/,0000920427,10-K,2011-03-17,edgar/data/920427/0000920427-11-000006.txt
BROADVISION INC,0000920448,10-K,2011-03-04,edgar/data/920448/0000920448-11-000006.txt
ESSEX PROPERTY TRUST INC,0000920522,10-K,2011-02-25,edgar/data/920522/0001140361-11-012197.txt
"MAKEMUSIC, INC.",0000920707,10-K,2011-03-04,edgar/data/920707/0000950123-11-022259.txt
LENNAR CORP /NEW/,0000920760,10-K,2011-01-31,edgar/data/920760/0001193125-11-018957.txt
SOUTHERN CALIFORNIA EDISON CO,0000092103,10-K,2011-02-28,edgar/data/92103/0001047469-11-001487.txt
TF FINANCIAL CORP,0000921051,10-K,2011-03-28,edgar/data/921051/0000921051-11-000002.txt
HIGHWOODS PROPERTIES INC,0000921082,10-K,2011-02-09,edgar/data/921082/0000921082-11-000003.txt
SOUTHERN CALIFORNIA GAS CO,0000092108,10-K,2011-02-24,edgar/data/92108/0000086521-11-000017.txt
LIBERTY PROPERTY TRUST,0000921112,10-K,2011-02-25,edgar/data/921112/0000950123-11-018924.txt
LIBERTY PROPERTY LIMITED PARTNERSHIP,0000921113,10-K,2011-02-25,edgar/data/921113/0000950123-11-018924.txt
Golden State Water CO,0000092116,10-K,2011-03-11,edgar/data/92116/0001104659-11-013923.txt
HMN FINANCIAL INC,0000921183,10-K,2011-03-04,edgar/data/921183/0000950123-11-022069.txt
SOUTHERN CO,0000092122,10-K,2011-02-25,edgar/data/92122/0000092122-11-000013.txt
VIEWCAST COM INC,0000921313,10-K,2011-03-31,edgar/data/921313/0000950123-11-031175.txt
HERITAGE OAKS BANCORP,0000921547,10-K,2011-03-10,edgar/data/921547/0001104659-11-013598.txt
REPUBLIC BANCORP INC /KY/,0000921557,10-K,2011-03-03,edgar/data/921557/0001157523-11-001377.txt
IMAX CORP,0000921582,10-K,2011-02-24,edgar/data/921582/0000950123-11-017825.txt
VALLEY FINANCIAL CORP /VA/,0000921590,10-K,2011-03-17,edgar/data/921590/0001002105-11-000048.txt
COLE KENNETH PRODUCTIONS INC,0000921691,10-K,2011-03-07,edgar/data/921691/0001145443-11-000307.txt
PENN NATIONAL GAMING INC,0000921738,10-K,2011-02-25,edgar/data/921738/0001047469-11-001383.txt
BANKATLANTIC BANCORP INC,0000921768,10-K,2011-03-31,edgar/data/921768/0001193125-11-085007.txt
FIRST INDUSTRIAL REALTY TRUST INC,0000921825,10-K,2011-02-24,edgar/data/921825/0000950123-11-017925.txt
HUDSON CITY BANCORP INC,0000921847,10-K,2011-03-01,edgar/data/921847/0000950123-11-020531.txt
PPL Corp,0000922224,10-K,2011-02-28,edgar/data/922224/0000922224-11-000029.txt
ENOVA SYSTEMS INC,0000922237,10-K,2011-03-30,edgar/data/922237/0000950123-11-030838.txt
CTD HOLDINGS INC,0000922247,10-K,2011-03-30,edgar/data/922247/0001213900-11-001600.txt
BB&T CORP,0000092230,10-K,2011-02-25,edgar/data/92230/0001193125-11-047405.txt
SOUTHERN NATURAL GAS CO,0000092232,10-K,2011-03-01,edgar/data/92232/0001066107-11-000011.txt
ITT EDUCATIONAL SERVICES INC,0000922475,10-K,2011-02-18,edgar/data/922475/0001193125-11-040312.txt
ROYAL BANCSHARES OF PENNSYLVANIA INC,0000922487,10-K,2011-03-31,edgar/data/922487/0000950123-11-031480.txt
FALCONSTOR SOFTWARE INC,0000922521,10-K,2011-03-14,edgar/data/922521/0000921895-11-000516.txt
ERIE INDEMNITY CO,0000922621,10-K,2011-02-24,edgar/data/922621/0000950123-11-017950.txt
QUALITY DISTRIBUTION INC,0000922863,10-K,2011-03-11,edgar/data/922863/0001193125-11-063748.txt
APARTMENT INVESTMENT & MANAGEMENT CO,0000922864,10-K,2011-02-25,edgar/data/922864/0000950123-11-018075.txt
HOME PROPERTIES INC,0000923118,10-K,2011-02-25,edgar/data/923118/0000950123-11-018460.txt
FLUSHING FINANCIAL CORP,0000923139,10-K,2011-03-16,edgar/data/923139/0001140361-11-017147.txt
INLAND REAL ESTATE CORP,0000923284,10-K,2011-02-28,edgar/data/923284/0001104659-11-010895.txt
CITIBANK OMNI-S MASTER TRUST,0000923569,10-K,2011-03-28,edgar/data/923569/0001068238-11-000123.txt
BKF CAPITAL GROUP INC,0000009235,10-K,2011-03-31,edgar/data/9235/0000926274-11-000018.txt
FelCor Lodging Trust Inc,0000923603,10-K,2011-02-24,edgar/data/923603/0001383733-11-000007.txt
CALIFORNIA PETROLEUM TRANSPORT CORP,0000923649,10-K,2011-03-23,edgar/data/923649/0000919574-11-002456.txt
DIVERSIFIED MULTI-ADVISOR FUTURES FUND L.P. II,0000923660,10-K,2011-03-31,edgar/data/923660/0000950123-11-031403.txt
DOMINION RESOURCES BLACK WARRIOR TRUST,0000923680,10-K,2011-03-11,edgar/data/923680/0000950123-11-024704.txt
GEO GROUP INC,0000923796,10-K,2011-03-02,edgar/data/923796/0000950123-11-020922.txt
SOUTHWEST AIRLINES CO,0000092380,10-K,2011-02-08,edgar/data/92380/0001193125-11-026045.txt
"ENERGY FOCUS, INC/DE",0000924168,10-K,2011-03-31,edgar/data/924168/0000950123-11-031477.txt
SOUTHWEST GAS CORP,0000092416,10-K,2011-02-28,edgar/data/92416/0001193125-11-049843.txt
GUIDED THERAPEUTICS INC,0000924515,10-K,2011-03-30,edgar/data/924515/0001121781-11-000075.txt
DIGITAL ANGEL CORP,0000924642,10-K,2011-03-31,edgar/data/924642/0001437749-11-001978.txt
SMITH MIDLAND CORP,0000924719,10-K,2011-03-31,edgar/data/924719/0001144204-11-018464.txt
MILLER INDUSTRIES INC /TN/,0000924822,10-K,2011-03-08,edgar/data/924822/0001188112-11-000526.txt
SOUTHWESTERN ELECTRIC POWER CO,0000092487,10-K,2011-02-25,edgar/data/92487/0000004904-11-000026.txt
MACK CALI REALTY CORP,0000924901,10-K,2011-02-10,edgar/data/924901/0000924901-11-000004.txt
ADVANT E CORP,0000925043,10-K,2011-03-24,edgar/data/925043/0001193125-11-076164.txt
POTOMAC BANCSHARES INC,0000925173,10-K,2011-03-31,edgar/data/925173/0001206774-11-000685.txt
SOUTHWESTERN PUBLIC SERVICE CO,0000092521,10-K,2011-02-28,edgar/data/92521/0001140361-11-012446.txt
MORGAN STANLEY SMITH BARNEY SPECTRUM STRATEGIC LP,0000925263,10-K,2011-03-28,edgar/data/925263/0000925263-11-000001.txt
MORGAN STANLEY SMITH BARNEY SPECTRUM GLOBAL BALANCED LP,0000925266,10-K,2011-03-28,edgar/data/925266/0000914747-11-000005.txt
MORGAN STANLEY SMITH BARNEY SPECTRUM TECHNICAL LP,0000925306,10-K,2011-03-29,edgar/data/925306/0000925306-11-000002.txt
HUDSON TECHNOLOGIES INC /NY,0000925528,10-K,2011-03-07,edgar/data/925528/0001010541-11-000006.txt
CENTRAL EUROPEAN MEDIA ENTERPRISES LTD,0000925645,10-K,2011-02-23,edgar/data/925645/0001140361-11-011315.txt
"Cardo Medical, Inc.",0000925741,10-K,2011-03-31,edgar/data/925741/0001136261-11-000181.txt
"PROVIDENT COMMUNITY BANCSHARES, INC.",0000926164,10-K,2011-03-29,edgar/data/926164/0001144204-11-017946.txt
ADTRAN INC,0000926282,10-K,2011-02-25,edgar/data/926282/0000950123-11-018429.txt
"OMNICELL, Inc",0000926326,10-K,2011-03-11,edgar/data/926326/0001047469-11-002063.txt
MICHAEL BAKER CORP,0000009263,10-K,2011-03-03,edgar/data/9263/0000950123-11-021487.txt
"VERMILLION, INC.",0000926617,10-K,2011-02-28,edgar/data/926617/0001193125-11-047979.txt
AIMCO PROPERTIES LP,0000926660,10-K,2011-02-25,edgar/data/926660/0000950123-11-018088.txt
CANTERBURY PARK HOLDING CORP,0000926761,10-K,2011-03-31,edgar/data/926761/0000897101-11-000551.txt
NATIONAL PROPERTY ANALYSTS MASTER LIMITED PARTNERSHIP,0000926843,10-K,2011-03-30,edgar/data/926843/0001144204-11-018279.txt
China Botanic Pharmaceutical,0000926844,10-K,2011-01-24,edgar/data/926844/0001144204-11-003696.txt
CECIL BANCORP INC,0000926865,10-K,2011-02-15,edgar/data/926865/0000946275-11-000066.txt
ADVANCED ENERGY INDUSTRIES INC,0000927003,10-K,2011-03-02,edgar/data/927003/0000950123-11-021198.txt
DAVITA INC,0000927066,10-K,2011-02-25,edgar/data/927066/0001193125-11-046882.txt
PetroAlgae Inc.,0000927472,10-K,2011-03-31,edgar/data/927472/0001193125-11-084986.txt
ATEL CASH DISTRIBUTION FUND VI LP,0000927569,10-K,2011-03-24,edgar/data/927569/0001144204-11-016784.txt
CAPITAL ONE FINANCIAL CORP,0000927628,10-K,2011-03-01,edgar/data/927628/0001140361-11-012916.txt
SPECTRUM CONTROL INC,0000092769,10-K,2011-02-10,edgar/data/92769/0001193125-11-030394.txt
SPANISH BROADCASTING SYSTEM INC,0000927720,10-K,2011-03-31,edgar/data/927720/0000950123-11-031623.txt
MYMETICS CORP,0000927761,10-K,2011-03-28,edgar/data/927761/0000950123-11-029575.txt
INTERVEST BANCSHARES CORP,0000927807,10-K,2011-03-10,edgar/data/927807/0001193125-11-061909.txt
CALLON PETROLEUM CO,0000928022,10-K,2011-03-15,edgar/data/928022/0000928022-11-000022.txt
FLOTEK INDUSTRIES INC/CN/,0000928054,10-K,2011-03-16,edgar/data/928054/0001308179-11-000035.txt
CONSOLIDATED WATER CO LTD,0000928340,10-K,2011-03-16,edgar/data/928340/0001144204-11-015343.txt
MATTSON TECHNOLOGY INC,0000928421,10-K,2011-03-11,edgar/data/928421/0001136261-11-000139.txt
MIDAMERICAN ENERGY CO,0000928576,10-K,2011-02-28,edgar/data/928576/0000928576-11-000003.txt
COVENANT TRANSPORTATION GROUP INC,0000928658,10-K,2011-03-01,edgar/data/928658/0001008886-11-000025.txt
CASCADE FINANCIAL CORP,0000928911,10-K,2011-03-25,edgar/data/928911/0000928911-11-000010.txt
PARAGON REAL ESTATE EQUITY & INVESTMENT TRUST,0000928953,10-K,2011-02-14,edgar/data/928953/0000950123-11-013452.txt
WESCO INTERNATIONAL INC,0000929008,10-K,2011-02-25,edgar/data/929008/0000950123-11-018103.txt
KNIGHT TRANSPORTATION INC,0000929452,10-K,2011-03-01,edgar/data/929452/0001008886-11-000028.txt
SUPERTEL HOSPITALITY INC,0000929545,10-K,2011-03-16,edgar/data/929545/0001193125-11-068678.txt
WELLS REAL ESTATE FUND VIII LP,0000929920,10-K,2011-03-22,edgar/data/929920/0001193125-11-073689.txt
WELLS REAL ESTATE FUND IX LP,0000929921,10-K,2011-03-22,edgar/data/929921/0001193125-11-073691.txt
ASSISTED LIVING CONCEPTS INC,0000929994,10-K,2011-03-10,edgar/data/929994/0000950123-11-024204.txt
REDWOOD TRUST INC,0000930236,10-K,2011-02-24,edgar/data/930236/0001144204-11-010728.txt
ALL AMERICAN SPORTPARK INC,0000930245,10-K,2011-03-24,edgar/data/930245/0001263279-11-000039.txt
RIDGEWOOD ELECTRIC POWER TRUST IV,0000930364,10-K,2011-02-25,edgar/data/930364/0001214659-11-000629.txt
LSB FINANCIAL CORP,0000930405,10-K,2011-03-16,edgar/data/930405/0000908834-11-000071.txt
KFORCE  INC,0000930420,10-K,2011-03-04,edgar/data/930420/0001193125-11-056299.txt
ISTA PHARMACEUTICALS INC,0000930553,10-K,2011-02-25,edgar/data/930553/0001193125-11-047560.txt
RECKSON OPERATING PARTNERSHIP LP,0000930810,10-K,2011-03-10,edgar/data/930810/0001047469-11-001977.txt
EDISON MISSION ENERGY,0000930835,10-K,2011-02-28,edgar/data/930835/0001047469-11-001490.txt
POLARIS INDUSTRIES INC/MN,0000931015,10-K,2011-03-01,edgar/data/931015/0000950123-11-020529.txt
LIN TELEVISION CORP,0000931058,10-K,2011-03-16,edgar/data/931058/0001047469-11-002235.txt
GRAFTECH INTERNATIONAL LTD,0000931148,10-K,2011-02-25,edgar/data/931148/0001193125-11-045614.txt
ERP OPERATING LTD PARTNERSHIP,0000931182,10-K,2011-02-24,edgar/data/931182/0000950123-11-017721.txt
DEAN FOODS CO,0000931336,10-K,2011-03-01,edgar/data/931336/0001193125-11-052076.txt
UNIVERSAL STAINLESS & ALLOY PRODUCTS INC,0000931584,10-K,2011-03-03,edgar/data/931584/0001193125-11-054913.txt
LITTLEFIELD CORP,0000931683,10-K,2011-03-29,edgar/data/931683/0001162677-11-000063.txt
AEI INCOME & GROWTH FUND XXI LTD PARTNERSHIP,0000931755,10-K,2011-03-28,edgar/data/931755/0001326321-11-000005.txt
Environmental Credits Ltd,0000931799,10-K,2011-03-30,edgar/data/931799/0001086380-11-000007.txt
STILLWATER MINING CO /DE/,0000931948,10-K,2011-02-22,edgar/data/931948/0000950123-11-016595.txt
CONCRETE CASTING INC,0000093205,10-K,2011-03-31,edgar/data/93205/0000939798-11-000008.txt
MICREL INC,0000932111,10-K,2011-02-28,edgar/data/932111/0000932111-11-000008.txt
Orange 21 Inc.,0000932372,10-K,2011-03-25,edgar/data/932372/0001193125-11-076978.txt
INSIGHT ENTERPRISES INC,0000932696,10-K,2011-02-23,edgar/data/932696/0000950123-11-017134.txt
GREENMAN TECHNOLOGIES INC,0000932699,10-K,2011-01-13,edgar/data/932699/0001171520-11-000031.txt
BALCHEM CORP,0000009326,10-K,2011-02-28,edgar/data/9326/0001140361-11-012692.txt
FIRST COMMUNITY CORP /SC/,0000932781,10-K,2011-03-29,edgar/data/932781/0001047469-11-002791.txt
RENT A CENTER INC DE,0000933036,10-K,2011-02-25,edgar/data/933036/0000950123-11-018066.txt
IBERIABANK CORP,0000933141,10-K,2011-03-04,edgar/data/933141/0001193125-11-056325.txt
COMMUNITY BANK SHARES OF INDIANA INC,0000933590,10-K,2011-03-31,edgar/data/933590/0001144204-11-018595.txt
ENGLOBAL CORP,0000933738,10-K,2011-03-10,edgar/data/933738/0000933738-11-000004.txt
STANDARD MOTOR PRODUCTS INC,0000093389,10-K,2011-03-09,edgar/data/93389/0001144204-11-013662.txt
CHEVRON CORP,0000093410,10-K,2011-02-24,edgar/data/93410/0000950123-11-017688.txt
CONVERSION SERVICES INTERNATIONAL INC,0000934306,10-K,2011-03-23,edgar/data/934306/0001144204-11-016470.txt
ACL SEMICONDUCTORS INC,0000934445,10-K,2011-03-31,edgar/data/934445/0000930413-11-002463.txt
"DG FastChannel, Inc",0000934448,10-K,2011-03-01,edgar/data/934448/0001047469-11-001632.txt
GENVEC INC,0000934473,10-K,2011-03-11,edgar/data/934473/0001144204-11-014268.txt
STERLING BANCORP,0000093451,10-K,2011-02-25,edgar/data/93451/0001171200-11-000156.txt
AMERICAN CHURCH MORTGAGE CO,0000934543,10-K,2011-03-31,edgar/data/934543/0000934543-11-000002.txt
BANK OF KENTUCKY FINANCIAL CORP,0000934547,10-K,2011-03-11,edgar/data/934547/0001193125-11-063709.txt
ACACIA RESEARCH CORP,0000934549,10-K,2011-02-28,edgar/data/934549/0000934549-11-000005.txt
STANDARD REGISTER CO,0000093456,10-K,2011-03-04,edgar/data/93456/0000906318-11-000026.txt
"BURLINGTON NORTHERN SANTA FE, LLC",0000934612,10-K,2011-02-28,edgar/data/934612/0000934612-11-000005.txt
SPEEDWAY MOTORSPORTS INC,0000934648,10-K,2011-03-10,edgar/data/934648/0001193125-11-061131.txt
BALDWIN & LYONS INC,0000009346,10-K,2011-03-11,edgar/data/9346/0000009346-11-000004.txt
NETWORK CN INC,0000934796,10-K,2011-03-18,edgar/data/934796/0001214659-11-000918.txt
NATIONAL CITY CREDIT CARD MASTER TRUST,0000934843,10-K,2011-03-31,edgar/data/934843/0000950123-11-031249.txt
"SCOLR Pharma, Inc.",0000934936,10-K,2011-03-29,edgar/data/934936/0001193125-11-081479.txt
"ACI WORLDWIDE, INC.",0000935036,10-K,2011-02-18,edgar/data/935036/0000950123-11-015619.txt
NATIONAL INSTRUMENTS CORP /DE/,0000935494,10-K,2011-02-18,edgar/data/935494/0000935494-11-000009.txt
"STANLEY BLACK & DECKER, INC.",0000093556,10-K,2011-02-18,edgar/data/93556/0000950123-11-015782.txt
DOLLAR TREE INC,0000935703,10-K,2011-03-17,edgar/data/935703/0000935703-11-000014.txt
PMI GROUP INC,0000935724,10-K,2011-03-15,edgar/data/935724/0001193125-11-066307.txt
DTE ENERGY CO,0000936340,10-K,2011-02-18,edgar/data/936340/0000950123-11-015771.txt
Shire plc,0000936402,10-K,2011-02-23,edgar/data/936402/0000950103-11-000713.txt
"Precision Aerospace Components, Inc.",0000936446,10-K,2011-03-15,edgar/data/936446/0001121781-11-000065.txt
LOCKHEED MARTIN CORP,0000936468,10-K,2011-02-25,edgar/data/936468/0001193125-11-045739.txt
STATE STREET Corp,0000093751,10-K,2011-02-28,edgar/data/93751/0001193125-11-047982.txt
MASIMO CORP,0000937556,10-K,2011-02-16,edgar/data/937556/0001193125-11-036970.txt
PC MALL INC,0000937941,10-K,2011-03-25,edgar/data/937941/0001104659-11-016727.txt
BALL CORP,0000009389,10-K,2011-02-28,edgar/data/9389/0000009389-11-000014.txt
EXELIXIS INC,0000939767,10-K,2011-02-22,edgar/data/939767/0001193125-11-042330.txt
ANADIGICS INC,0000940332,10-K,2011-03-09,edgar/data/940332/0000940332-11-000006.txt
STEPAN CO,0000094049,10-K,2011-02-28,edgar/data/94049/0001193125-11-049619.txt
HUB GROUP INC,0000940942,10-K,2011-02-24,edgar/data/940942/0001193125-11-045282.txt
UNISOURCE ENERGY CORP,0000941138,10-K,2011-03-01,edgar/data/941138/0000950123-11-020431.txt
CAMERON INTERNATIONAL CORP,0000941548,10-K,2011-02-28,edgar/data/941548/0000941548-11-000011.txt
COINSTAR INC,0000941604,10-K,2011-02-10,edgar/data/941604/0001193125-11-029330.txt
HIGHWOODS REALTY LTD PARTNERSHIP,0000941713,10-K,2011-02-09,edgar/data/941713/0000921082-11-000003.txt
TAITRON COMPONENTS INC,0000942126,10-K,2011-03-31,edgar/data/942126/0001140361-11-019679.txt
IMAGE SENSING SYSTEMS INC,0000943034,10-K,2011-03-24,edgar/data/943034/0000897101-11-000506.txt
"Corporate Resource Services, Inc.",0000943110,10-K,2011-01-11,edgar/data/943110/0001144204-11-001733.txt
SUREWEST COMMUNICATIONS,0000943117,10-K,2011-02-25,edgar/data/943117/0001047469-11-001432.txt
"Ever-Glory International Group, Inc.",0000943184,10-K,2011-03-31,edgar/data/943184/0001144204-11-019193.txt
"TRUMP ENTERTAINMENT RESORTS, INC.",0000943320,10-K,2011-03-31,edgar/data/943320/0000943320-11-000004.txt
"Conmed Healthcare Management, Inc.",0000943324,10-K,2011-03-24,edgar/data/943324/0001144204-11-016713.txt
STEWART INFORMATION SERVICES CORP,0000094344,10-K,2011-03-03,edgar/data/94344/0000950123-11-021783.txt
WESTINGHOUSE AIR BRAKE TECHNOLOGIES CORP,0000943452,10-K,2011-02-25,edgar/data/943452/0001193125-11-046939.txt
GOODRICH PETROLEUM CORP,0000943861,10-K,2011-02-22,edgar/data/943861/0001193125-11-041211.txt
EZENIA INC,0000943894,10-K,2011-03-31,edgar/data/943894/0001104659-11-017969.txt
"SOCKET MOBILE, INC.",0000944075,10-K,2011-03-16,edgar/data/944075/0000944075-11-000015.txt
"MINISTRY PARTNERS INVESTMENT COMPANY, LLC",0000944130,10-K,2011-03-31,edgar/data/944130/0001432093-11-000164.txt
"CBIZ, Inc.",0000944148,10-K,2011-03-15,edgar/data/944148/0000950123-11-025596.txt
SOVRAN SELF STORAGE INC,0000944314,10-K,2011-02-25,edgar/data/944314/0000950123-11-018700.txt
GSE SYSTEMS INC,0000944480,10-K,2011-03-14,edgar/data/944480/0000944480-11-000011.txt
"INVENTURE FOODS, INC.",0000944508,10-K,2011-03-25,edgar/data/944508/0001104659-11-016736.txt
"HANOVER INSURANCE GROUP, INC.",0000944695,10-K,2011-02-24,edgar/data/944695/0001193125-12-083502.txt
"Capital Financial Holdings, Inc",0000944696,10-K,2011-03-23,edgar/data/944696/0000944696-11-000007.txt
TRANSWITCH CORP /DE,0000944739,10-K,2011-03-15,edgar/data/944739/0001144204-11-014942.txt
FIRST CITIZENS BANC CORP /OH,0000944745,10-K,2011-03-16,edgar/data/944745/0000950123-11-025789.txt
MERGE HEALTHCARE INC,0000944765,10-K,2011-03-16,edgar/data/944765/0001140361-11-016953.txt
UNITED BANCSHARES INC /PA,0000944792,10-K,2011-03-31,edgar/data/944792/0000950159-11-000226.txt
"Opko Health, Inc.",0000944809,10-K,2011-03-16,edgar/data/944809/0000950123-11-026008.txt
SYSTEMAX INC,0000945114,10-K,2011-03-17,edgar/data/945114/0001144204-11-015575.txt
M & F WORLDWIDE CORP,0000945235,10-K,2011-03-04,edgar/data/945235/0000950123-11-021958.txt
CICERO INC,0000945384,10-K,2011-03-31,edgar/data/945384/0001354488-11-001046.txt
HOSPITALITY PROPERTIES TRUST,0000945394,10-K,2011-02-22,edgar/data/945394/0001047469-11-001124.txt
MEMC ELECTRONIC MATERIALS INC,0000945436,10-K,2011-02-22,edgar/data/945436/0001193125-11-042346.txt
DENBURY RESOURCES INC,0000945764,10-K,2011-03-01,edgar/data/945764/0000950123-11-020804.txt
POOL CORP,0000945841,10-K,2011-03-01,edgar/data/945841/0000945841-11-000020.txt
"Wayside Technology Group, Inc.",0000945983,10-K,2011-02-18,edgar/data/945983/0001104659-11-008404.txt
ASTEA INTERNATIONAL INC,0000945989,10-K,2011-03-24,edgar/data/945989/0000950159-11-000202.txt
FIRST MARINER BANCORP,0000946090,10-K,2011-03-31,edgar/data/946090/0001047469-11-002999.txt
SMURFIT-STONE CONTAINER Corp,0000094610,10-K,2011-02-15,edgar/data/94610/0001047469-11-000955.txt
TIAA REAL ESTATE ACCOUNT,0000946155,10-K,2011-03-17,edgar/data/946155/0000930413-11-001961.txt
"BALLANTYNE STRONG, INC.",0000946454,10-K,2011-03-16,edgar/data/946454/0001047469-11-002228.txt
DISCOVERY LABORATORIES INC /DE/,0000946486,10-K,2011-03-31,edgar/data/946486/0001144204-11-019190.txt
RETRACTABLE TECHNOLOGIES INC,0000946563,10-K,2011-03-31,edgar/data/946563/0001104659-11-017984.txt
HEMISPHERX BIOPHARMA INC,0000946644,10-K,2011-03-29,edgar/data/946644/0001144204-11-017852.txt
FIRST DEFIANCE FINANCIAL CORP,0000946647,10-K,2011-03-01,edgar/data/946647/0001193125-11-051877.txt
BANNER CORP,0000946673,10-K,2011-03-11,edgar/data/946673/0000939057-11-000073.txt
BALTIMORE GAS & ELECTRIC CO,0000009466,10-K,2011-03-01,edgar/data/9466/0001047469-11-001579.txt
VITRAN CORP INC,0000946823,10-K,2011-02-11,edgar/data/946823/0001193125-11-032629.txt
VIROPHARMA INC,0000946840,10-K,2011-02-24,edgar/data/946840/0001193125-11-045119.txt
EVERGREEN SOLAR INC,0000947397,10-K,2011-03-09,edgar/data/947397/0001193125-11-061043.txt
ARCH CAPITAL GROUP LTD.,0000947484,10-K,2011-02-28,edgar/data/947484/0001047469-11-001529.txt
FIRST BANCSHARES INC /MS/,0000947559,10-K,2011-03-31,edgar/data/947559/0001030798-11-000019.txt
ALSERES PHARMACEUTICALS INC /DE,0000094784,10-K,2011-03-31,edgar/data/94784/0000950123-11-031417.txt
MANGO CAPITAL INC,0000947969,10-K,2011-03-31,edgar/data/947969/0001144204-11-018920.txt
ICON CASH FLOW PARTNERS L P SEVEN,0000947986,10-K,2011-03-24,edgar/data/947986/0000947986-11-000029.txt
BIRNER DENTAL MANAGEMENT SERVICES INC,0000948072,10-K,2011-03-30,edgar/data/948072/0001140361-11-019315.txt
PSB HOLDINGS INC /WI/,0000948368,10-K,2011-03-15,edgar/data/948368/0000914317-11-000379.txt
COATES INTERNATIONAL LTD \DE\,0000948426,10-K,2011-03-30,edgar/data/948426/0001013762-11-000751.txt
LEVI STRAUSS & CO,0000094845,10-K,2011-02-08,edgar/data/94845/0000950123-11-010218.txt
SMITH MICRO SOFTWARE INC,0000948708,10-K,2011-02-25,edgar/data/948708/0000950123-11-018452.txt
AIRTRAN HOLDINGS INC,0000948846,10-K,2011-02-04,edgar/data/948846/0000948846-11-000013.txt
DIAMOND OFFSHORE DRILLING INC,0000949039,10-K,2011-02-25,edgar/data/949039/0000950123-11-018663.txt
MEADOWBROOK INSURANCE GROUP INC,0000949156,10-K,2011-03-16,edgar/data/949156/0001140361-11-017121.txt
CENTURY ALUMINUM CO,0000949157,10-K,2011-03-16,edgar/data/949157/0000949157-11-000015.txt
CRAY INC,0000949158,10-K,2011-03-04,edgar/data/949158/0001193125-11-056411.txt
"APAC CUSTOMER SERVICES, INC",0000949297,10-K,2011-02-18,edgar/data/949297/0000950123-11-015703.txt
AMERICAN EXPRESS RECEIVABLES FINANCING CORP II,0000949349,10-K,2011-03-28,edgar/data/949349/0000950123-11-029672.txt
EINSTEIN NOAH RESTAURANT GROUP INC,0000949373,10-K,2011-03-15,edgar/data/949373/0001193125-11-067286.txt
CLEAN DIESEL TECHNOLOGIES INC,0000949428,10-K,2011-03-31,edgar/data/949428/0000950123-11-031472.txt
Brooklyn Cheesecake & Desert Com,0000949721,10-K,2011-02-28,edgar/data/949721/0001144204-11-011610.txt
THANKSGIVING COFFEE CO INC,0000949852,10-K,2011-03-31,edgar/data/949852/0001193125-11-084219.txt
"ONCOGENEX PHARMACEUTICALS, INC.",0000949858,10-K,2011-03-10,edgar/data/949858/0000950123-11-024138.txt
BOSTON BEER CO INC,0000949870,10-K,2011-03-08,edgar/data/949870/0000950123-11-023155.txt
YOUNG INNOVATIONS INC,0000949874,10-K,2011-03-11,edgar/data/949874/0000914760-11-000025.txt
INCOME OPPORTUNITY REALTY INVESTORS INC /TX/,0000949961,10-K,2011-03-31,edgar/data/949961/0001193125-11-084715.txt
STURM RUGER & CO INC,0000095029,10-K,2011-02-23,edgar/data/95029/0001174947-11-000076.txt
DEER VALLEY CORP,0000095047,10-K,2011-03-28,edgar/data/95047/0001193125-11-079700.txt
SUNOCO INC,0000095304,10-K,2011-02-28,edgar/data/95304/0001193125-11-050224.txt
SUPERIOR INDUSTRIES INTERNATIONAL INC,0000095552,10-K,2011-03-21,edgar/data/95552/0000095552-11-000005.txt
SUPERIOR UNIFORM GROUP INC,0000095574,10-K,2011-02-25,edgar/data/95574/0001193125-11-046657.txt
"Swank, Inc.",0000095779,10-K,2011-03-31,edgar/data/95779/0000910680-11-000135.txt
SYNALLOY CORP,0000095953,10-K,2011-03-25,edgar/data/95953/0000095953-11-000012.txt
LEUCADIA NATIONAL CORP,0000096223,10-K,2011-02-25,edgar/data/96223/0000096223-11-000005.txt
TAMPA ELECTRIC CO,0000096271,10-K,2011-02-28,edgar/data/96271/0001193125-11-049482.txt
RADIOSHACK CORP,0000096289,10-K,2011-02-22,edgar/data/96289/0000096289-11-000010.txt
PULSE ELECTRONICS CORP,0000096763,10-K,2011-03-02,edgar/data/96763/0001140361-11-013431.txt
TECUMSEH PRODUCTS CO,0000096831,10-K,2011-03-14,edgar/data/96831/0000950123-11-025181.txt
TEJON RANCH CO,0000096869,10-K,2011-03-07,edgar/data/96869/0001193125-11-057714.txt
TELEFLEX INC,0000096943,10-K,2011-02-25,edgar/data/96943/0000950123-11-018007.txt
TENNANT CO,0000097134,10-K,2011-02-28,edgar/data/97134/0000097134-11-000003.txt
TENNESSEE GAS PIPELINE CO,0000097142,10-K,2011-03-01,edgar/data/97142/0001066107-11-000013.txt
TEL OFFSHORE TRUST,0000097148,10-K,2011-03-31,edgar/data/97148/0001047469-11-003000.txt
AMERICAN INDEPENDENCE CORP,0000097196,10-K,2011-03-18,edgar/data/97196/0000097196-11-000001.txt
"TERADYNE, INC",0000097210,10-K,2011-03-01,edgar/data/97210/0001193125-11-051703.txt
TEREX CORP,0000097216,10-K,2011-02-18,edgar/data/97216/0001104659-11-008249.txt
TEXAS INSTRUMENTS INC,0000097476,10-K,2011-02-25,edgar/data/97476/0001140361-11-012312.txt
TEXAS PACIFIC LAND TRUST,0000097517,10-K,2011-03-11,edgar/data/97517/0000932440-11-000107.txt
THERMO FISHER SCIENTIFIC INC.,0000097745,10-K,2011-02-24,edgar/data/97745/0000097745-11-000013.txt
THOMAS & BETTS CORP,0000097854,10-K,2011-02-16,edgar/data/97854/0000950123-11-014576.txt
TIFFANY & CO,0000098246,10-K,2011-03-28,edgar/data/98246/0000950123-11-029785.txt
TIMKEN CO,0000098362,10-K,2011-02-22,edgar/data/98362/0000950123-11-016536.txt
TOOTSIE ROLL INDUSTRIES INC,0000098677,10-K,2011-03-01,edgar/data/98677/0001104659-11-011443.txt
TOREADOR RESOURCES CORP,0000098720,10-K,2011-03-16,edgar/data/98720/0001157523-11-001609.txt
BARD C R INC /NJ/,0000009892,10-K,2011-02-24,edgar/data/9892/0001193125-11-044634.txt
TRANS LUX CORP,0000099106,10-K,2011-03-31,edgar/data/99106/0000099106-11-000002.txt
"TRANSCONTINENTAL GAS PIPE LINE COMPANY, LLC",0000099250,10-K,2011-02-24,edgar/data/99250/0000950123-11-017503.txt
TRINITY CAPITAL CORP,0000099771,10-K,2011-03-10,edgar/data/99771/0000099771-11-000007.txt
TRINITY INDUSTRIES INC,0000099780,10-K,2011-02-17,edgar/data/99780/0000950123-11-015047.txt
BARNES GROUP INC,0000009984,10-K,2011-02-18,edgar/data/9984/0001193125-11-040385.txt
